Player,Rate,Draft Team,Round,Pick,Draft Year,Draft College,From,To,G,qb_Cmp,qb_Att,qb_Inc,qb_Cmp%,qb_Yds,qb_TD,qb_Int,qb_TD%,qb_Int%,qb_Y/A,qb_AY/A,qb_Y/C,qb_Y/G,Pos,Team,rb_rush_Att,rb_rush_Yds,rb_rush_Y_per_Att,rb_rush_TD,rb_rec_Rec,rb_rec_Yds,rb_rec_Y_per_Rec,rb_rec_TD,rb_rush_Y_per_Game,rb_rec_Y_per_Game,rec_Y/G,rec_Rec,rec_Yds,rec_Y/R,rec_TD,Sk,Solo,Ast,Comb,TFL,Sk/G,Solo/G,Ast/G,Comb/G,TFL/G,Int,db_ret_Yds,IntTD,PD,Int/G,PD/G,avg_team_sp,age,dr_av,w_av
Courtney Brown,,CLE,1,1,2000,Penn State,1999,1999,12.0,,,,,,,,,,,,,,DL,Penn State,,,,,,,,,,,,,,,,,,,,,,,,,,,,,,,,,22.0,21.0,27.0
Lavar Arrington,,WAS,1,2,2000,Penn State,1998,1999,23.0,,,,,,,,,,,,,,LB,Penn State,,,,,,,,,,,,,,,,,,,,,,,,,,,,,,,,,22.0,45.0,46.0
Chris Samuels,,WAS,1,3,2000,Alabama,1999,1999,,,,,,,,,,,,,,,OL,Alabama,,,,,,,,,,,,,,,,,,,,,,,,,,,,,,,,,23.0,63.0,63.0
Peter Warrick,,CIN,1,4,2000,Florida State,1995,1999,54.0,,,,,,,,,,,,,,WR,Florida State,,,,,,,,,,,65.1,207.0,3517.0,17.0,32.0,,,,,,,,,,,,,,,,,,23.0,25.0,27.0
Jamal Lewis,,RAV,1,5,2000,Tennessee,1997,1999,27.0,,,,,,,,,,,,,,RB,Tennessee,487.0,2677.0,5.5,17.0,39.0,475.0,12.2,4.0,99.1,17.6,,,,,,,,,,,,,,,,,,,,,,,21.0,53.0,69.0
Corey Simon,,PHI,1,6,2000,Florida State,1999,1999,11.0,,,,,,,,,,,,,,DL,Florida State,,,,,,,,,,,,,,,,,,,,,,,,,,,,,,,,,23.0,41.0,45.0
Thomas Jones,,CRD,1,7,2000,Virginia,1996,1999,44.0,,,,,,,,,,,,,,RB,Virginia,809.0,3998.0,4.9,37.0,71.0,571.0,8.0,4.0,90.9,13.0,,,,,,,,,,,,,,,,,,,,,,,22.0,7.0,62.0
Plaxico Burress,,PIT,1,8,2000,Michigan State,1998,1999,23.0,,,,,,,,,,,,,,WR,Michigan State,,,,,,,,,,,85.7,118.0,1970.0,16.7,17.0,,,,,,,,,,,,,,,,,,23.0,34.0,70.0
Brian Urlacher,,CHI,1,9,2000,New Mexico,1999,1999,11.0,,,,,,,,,,,,,,WR,New Mexico,,,,,,,,,,,5.5,7.0,61.0,8.7,6.0,,,,,,,,,,,,,,,,,,22.0,119.0,119.0
Brian Urlacher,,CHI,1,9,2000,New Mexico,1997,1998,24.0,,,,,,,,,,,,,,LB,New Mexico,,,,,,,,,,,,,,,,,,,,,,,,,,,,,,,,,22.0,119.0,119.0
Travis Taylor,,RAV,1,10,2000,Florida,1997,1999,27.0,,,,,,,,,,,,,,WR,Florida,,,,,,,,,,,42.6,72.0,1150.0,16.0,15.0,,,,,,,,,,,,,,,,,,22.0,23.0,30.0
Ron Dayne,,NYG,1,11,2000,Wisconsin,1996,1999,43.0,,,,,,,,,,,,,,RB,Wisconsin,1115.0,6397.0,5.7,63.0,31.0,304.0,9.8,0.0,148.8,7.1,,,,,,,,,,,,,,,,,,,,,,,22.0,10.0,23.0
Bubba Franks,,GNB,1,14,2000,Miami (FL),1997,1999,34.0,,,,,,,,,,,,,,TE,Miami (FL),,,,,,,,,,,30.5,77.0,1038.0,13.5,12.0,,,,,,,,,,,,,,,,,,22.0,19.0,20.0
Deltha O'Neal,,DEN,1,15,2000,California,1996,1997,22.0,,,,,,,,,,,,,,RB,California,116.0,590.0,5.1,1.0,24.0,267.0,11.1,2.0,26.8,12.1,,,,,,,,,,,,,,,,,,,,,,,23.0,22.0,45.0
Deltha O'Neal,,DEN,1,15,2000,California,1998,1999,22.0,,,,,,,,,,,,,,DB,California,,,,,,,,,,,,,,,,,,,,,,,,,,11.0,356.0,5.0,,0.5,,,23.0,22.0,45.0
Chad Pennington,156.2,NYJ,1,18,2000,Marshall,1997,1999,36.0,807.0,1265.0,458.0,63.8,10698.0,100.0,30.0,7.9,2.4,8.5,8.97,13.3,297.2,QB,Marshall,,,,,,,,,,,,,,,,,,,,,,,,,,,,,,,,,24.0,41.0,55.0
Shaun Alexander,,SEA,1,19,2000,Alabama,1996,1999,42.0,,,,,,,,,,,,,,RB,Alabama,727.0,3565.0,4.9,41.0,62.0,798.0,12.9,8.0,84.9,19.0,,,,,,,,,,,,,,,,,,,,,,,23.0,68.0,68.0
Stockar McDougle,,DET,1,20,2000,Oklahoma,1999,1999,11.0,,,,,,,,,,,,,,OL,Oklahoma,,,,,,,,,,,,,,,,,,,,,,,,,,,,,,,,,23.0,21.0,23.0
Chris Mcintosh,,SEA,1,22,2000,Wisconsin,1999,1999,,,,,,,,,,,,,,,OL,Wisconsin,,,,,,,,,,,,,,,,,,,,,,,,,,,,,,,,,23.0,8.0,8.0
Ahmed Plummer,,SFO,1,24,2000,Ohio State,1997,1999,35.0,,,,,,,,,,,,,,DB,Ohio State,,,,,,,,,,,,,,,,,,,,,,,,,,13.0,149.0,1.0,,0.3714285714285714,,,24.0,24.0,24.0
Erik Flowers,,BUF,1,26,2000,Arizona State,1999,1999,11.0,,,,,,,,,,,,,,DL,Arizona State,,,,,,,,,,,,,,,,,,,,,,,,,,,,,,,,,22.0,4.0,6.0
Anthony Becht,,NYJ,1,27,2000,West Virginia,1996,1999,38.0,,,,,,,,,,,,,,TE,West Virginia,,,,,,,,,,,28.7,77.0,1091.0,14.2,11.0,,,,,,,,,,,,,,,,,,23.0,10.0,12.0
Rob Morris,,CLT,1,28,2000,BYU,1998,1998,13.0,,,,,,,,,,,,,,LB,BYU,,,,,,,,,,,,,,,,,,,,,,,,,,,,,,,,,25.0,24.0,24.0
R. Jay Soward,,JAX,1,29,2000,USC,1996,1999,45.0,,,,,,,,,,,,,,WR,USC,,,,,,,,,,,58.0,155.0,2608.0,16.8,23.0,,,,,,,,,,,,,,,,,,22.0,2.0,2.0
Trung Canidate,,RAM,1,31,2000,Arizona,1997,1999,31.0,,,,,,,,,,,,,,RB,Arizona,558.0,3626.0,6.5,25.0,42.0,468.0,11.1,1.0,117.0,15.1,,,,,,,,,,,,,,,,,,,,,,,23.0,6.0,11.0
Trung Canidate,,RAM,1,31,2000,Arizona,1996,1996,11.0,,,,,,,,,,,,,,WR,Arizona,,,,,,,,,,,0.0,0.0,0.0,,0.0,,,,,,,,,,,,,,,,,,23.0,6.0,11.0
Dennis Northcutt,,CLE,2,32,2000,Arizona,1996,1999,46.0,,,,,,,,,,,,,,WR,Arizona,,,,,,,,,,,69.3,217.0,3186.0,14.7,24.0,,,,,,,,,,,,,,,,,,22.0,28.0,41.0
Darren Howard,,NOR,2,33,2000,Kansas State,1999,1999,11.0,,,,,,,,,,,,,,DB,Kansas State,,,,,,,,,,,,,,,,,,,,,,,,,,2.0,35.0,1.0,,0.1818181818181818,,,23.0,31.0,42.0
Mark Roman,,CIN,2,34,2000,LSU,1996,1999,37.0,,,,,,,,,,,,,,DB,LSU,,,,,,,,,,,,,,,,,,,,,,,,,,10.0,263.0,3.0,,0.2702702702702703,,,23.0,9.0,38.0
John Engelberger,,SFO,2,35,2000,Virginia Tech,1997,1998,21.0,,,,,,,,,,,,,,DL,Virginia Tech,,,,,,,,,,,,,,,,,,,,,,,,,,,,,,,,,23.0,23.0,31.0
Todd Pinkston,,PHI,2,36,2000,Southern Mississippi,1996,1999,44.0,,,,,,,,,,,,,,WR,Southern Mississippi,,,,,,,,,,,53.8,149.0,2366.0,15.9,22.0,,,,,,,,,,,,,,,,,,23.0,25.0,25.0
Mike Brown,,CHI,2,39,2000,Nebraska,1996,1999,45.0,,,,,,,,,,,,,,DB,Nebraska,,,,,,,,,,,,,,,,,,,,,,,,,,9.0,111.0,0.0,,0.2,,-6.513043478260869,22.0,51.0,56.0
Ian Gold,,DEN,2,40,2000,Michigan,1996,1996,7.0,,,,,,,,,,,,,,RB,Michigan,4.0,13.0,3.3,0.0,0.0,0.0,,0.0,1.9,0.0,,,,,,,,,,,,,,,,,,,,,,,22.0,33.0,39.0
Ian Gold,,DEN,2,40,2000,Michigan,1999,1999,11.0,,,,,,,,,,,,,,LB,Michigan,,,,,,,,,,,,,,,,,,,,,,,,,,,,,,,,,22.0,33.0,39.0
Raynoch Thompson,,CRD,2,41,2000,Tennessee,1997,1999,22.0,,,,,,,,,,,,,,LB,Tennessee,,,,,,,,,,,,,,,,,,,,,,,,,,,,,,,,,22.0,19.0,19.0
Rogers Beckett,,SDG,2,43,2000,Marshall,1997,1999,36.0,,,,,,,,,,,,,,DB,Marshall,,,,,,,,,,,,,,,,,,,,,,,,,,10.0,61.0,1.0,,0.2777777777777778,,,23.0,12.0,17.0
Kenoy Kennedy,,DEN,2,45,2000,Arkansas,1998,1999,22.0,,,,,,,,,,,,,,DB,Arkansas,,,,,,,,,,,,,,,,,,,,,,,,,,5.0,187.0,0.0,,0.2272727272727272,,,22.0,22.0,34.0
Jerry Porter,,RAI,2,47,2000,West Virginia,1997,1999,20.0,,,,,,,,,,,,,,WR,West Virginia,,,,,,,,,,,23.4,24.0,467.0,19.5,5.0,,,,,,,,,,,,,,,,,,22.0,32.0,33.0
Jerry Porter,,RAI,2,47,2000,West Virginia,1998,1998,11.0,,,,,,,,,,,,,,DB,West Virginia,,,,,,,,,,,,,,,,,,,,,,,,,,5.0,57.0,0.0,,0.4545454545454545,,,22.0,32.0,33.0
Jason Webster,,SFO,2,48,2000,Texas A&M,1996,1999,36.0,,,,,,,,,,,,,,DB,Texas A&M,,,,,,,,,,,,,,,,,,,,,,,,,,7.0,72.0,0.0,,0.1944444444444444,,,22.0,17.0,26.0
Dwayne Goodrich,,DAL,2,49,2000,Tennessee,1996,1999,45.0,,,,,,,,,,,,,,DB,Tennessee,,,,,,,,,,,,,,,,,,,,,,,,,,12.0,134.0,1.0,,0.2666666666666666,,,22.0,1.0,1.0
Barrett Green,,DET,2,50,2000,West Virginia,1998,1998,11.0,,,,,,,,,,,,,,LB,West Virginia,,,,,,,,,,,,,,,,,,,,,,,,,,,,,,,,,22.0,16.0,20.0
Barrett Green,,DET,2,50,2000,West Virginia,1997,1997,11.0,,,,,,,,,,,,,,DB,West Virginia,,,,,,,,,,,,,,,,,,,,,,,,,,4.0,143.0,1.0,,0.3636363636363636,,,22.0,16.0,20.0
Cosey Coleman,,TAM,2,51,2000,Tennessee,1999,1999,,,,,,,,,,,,,,,OL,Tennessee,,,,,,,,,,,,,,,,,,,,,,,,,,,,,,,,,21.0,27.0,35.0
Ike Charlton,,SEA,2,52,2000,Virginia Tech,1997,1999,33.0,,,,,,,,,,,,,,DB,Virginia Tech,,,,,,,,,,,,,,,,,,,,,,,,,,8.0,143.0,2.0,,0.2424242424242424,,,22.0,3.0,5.0
William Bartee,,KAN,2,54,2000,Oklahoma,1998,1999,17.0,,,,,,,,,,,,,,DB,Oklahoma,,,,,,,,,,,,,,,,,,,,,,,,,,2.0,-3.0,0.0,,0.1176470588235294,,,23.0,13.0,13.0
Deon Grant,,CAR,2,57,2000,Tennessee,1998,1999,23.0,,,,,,,,,,,,,,DB,Tennessee,,,,,,,,,,,,,,,,,,,,,,,,,,14.0,246.0,1.0,,0.6086956521739131,,,21.0,22.0,56.0
Travares Tillman,,BUF,2,58,2000,Georgia Tech,1996,1999,40.0,,,,,,,,,,,,,,DB,Georgia Tech,,,,,,,,,,,,,,,,,,,,,,,,,,7.0,41.0,0.0,,0.175,,,22.0,5.0,13.0
Jacoby Shepherd,,RAM,2,62,2000,Oklahoma State,1999,1999,11.0,,,,,,,,,,,,,,DB,Oklahoma State,,,,,,,,,,,,,,,,,,,,,,,,,,2.0,0.0,0.0,,0.1818181818181818,,,21.0,1.0,1.0
Travis Prentice,,CLE,3,63,2000,Miami (OH),1996,1999,44.0,,,,,,,,,,,,,,RB,Miami (OH),1138.0,5596.0,4.9,73.0,54.0,522.0,9.7,5.0,127.2,11.9,,,,,,,,,,,,,,,,,,,,,,,23.0,4.0,4.0
Lloyd Harrison,,WAS,3,64,2000,North Carolina State,1998,1999,23.0,,,,,,,,,,,,,,DB,North Carolina State,,,,,,,,,,,,,,,,,,,,,,,,,,12.0,51.0,0.0,,0.5217391304347826,,,23.0,0.0,1.0
Ron Dugans,,CIN,3,66,2000,Florida State,1995,1999,46.0,,,,,,,,,,,,,,WR,Florida State,,,,,,,,,,,33.0,105.0,1520.0,14.5,7.0,,,,,,,,,,,,,,,,,,23.0,6.0,6.0
Mark Simoneau,,ATL,3,67,2000,Kansas State,1998,1999,23.0,,,,,,,,,,,,,,LB,Kansas State,,,,,,,,,,,,,,,,,,,,,,,,,,,,,,,,,23.0,5.0,29.0
Erron Kinney,,OTI,3,68,2000,Florida,1996,1999,44.0,,,,,,,,,,,,,,TE,Florida,,,,,,,,,,,11.5,39.0,507.0,13.0,5.0,,,,,,,,,,,,,,,,,,23.0,15.0,15.0
Dez White,,CHI,3,69,2000,Georgia Tech,1997,1999,32.0,,,,,,,,,,,,,,WR,Georgia Tech,,,,,,,,,,,57.3,90.0,1833.0,20.4,14.0,,,,,,,,,,,,,,,,,,21.0,14.0,18.0
Chris Cole,,DEN,3,70,2000,Texas A&M,1997,1999,36.0,,,,,,,,,,,,,,WR,Texas A&M,,,,,,,,,,,37.9,85.0,1363.0,16.0,8.0,,,,,,,,,,,,,,,,,,22.0,1.0,1.0
Chris Redman,134.6,RAV,3,75,2000,Louisville,1996,1999,43.0,1031.0,1679.0,648.0,61.4,12541.0,84.0,51.0,5.0,3.0,7.5,7.1,12.2,291.7,QB,Louisville,,,,,,,,,,,,,,,,,,,,,,,,,,,,,,,,,23.0,3.0,9.0
J.R. Redmond,,NWE,3,76,2000,Arizona State,1996,1999,41.0,,,,,,,,,,,,,,RB,Arizona State,595.0,3134.0,5.3,32.0,58.0,674.0,11.6,4.0,76.4,16.4,,,,,,,,,,,,,,,,,,,,,,,22.0,6.0,9.0
Hank Poteat,,PIT,3,77,2000,Pitt,1996,1997,19.0,,,,,,,,,,,,,,RB,Pitt,27.0,90.0,3.3,0.0,6.0,54.0,9.0,0.0,4.7,2.8,,,,,,,,,,,,,,,,,,,,,,,23.0,4.0,16.0
Hank Poteat,,PIT,3,77,2000,Pitt,1998,1999,22.0,,,,,,,,,,,,,,DB,Pitt,,,,,,,,,,,,,,,,,,,,,,,,,,9.0,109.0,0.0,,0.4090909090909091,,,23.0,4.0,16.0
Laveranues Coles,,NYJ,3,78,2000,Florida State,1996,1996,9.0,,,,,,,,,,,,,,RB,Florida State,14.0,91.0,6.5,0.0,10.0,104.0,10.4,2.0,10.1,11.6,,,,,,,,,,,,,,,,,,,,,,,22.0,49.0,68.0
Laveranues Coles,,NYJ,3,78,2000,Florida State,1997,1999,26.0,,,,,,,,,,,,,,WR,Florida State,,,,,,,,,,,36.9,52.0,960.0,18.5,5.0,,,,,,,,,,,,,,,,,,22.0,49.0,68.0
JaJuan Dawson,,CLE,3,79,2000,Tulane,1996,1999,40.0,,,,,,,,,,,,,,WR,Tulane,,,,,,,,,,,76.2,234.0,3048.0,13.0,31.0,,,,,,,,,,,,,,,,,,22.0,3.0,5.0
Darrell Jackson,,SEA,3,80,2000,Florida,1997,1999,32.0,,,,,,,,,,,,,,WR,Florida,,,,,,,,,,,46.9,97.0,1501.0,15.5,14.0,,,,,,,,,,,,,,,,,,21.0,51.0,55.0
Reuben Droughns,,DET,3,81,2000,Oregon,1998,1999,16.0,,,,,,,,,,,,,,RB,Oregon,368.0,1963.0,5.3,18.0,17.0,208.0,12.2,3.0,122.7,13.0,,,,,,,,,,,,,,,,,,,,,,,22.0,1.0,27.0
Ben Kelly,,MIA,3,84,2000,Colorado,1997,1999,33.0,,,,,,,,,,,,,,DB,Colorado,,,,,,,,,,,,,,,,,,,,,,,,,,11.0,97.0,0.0,,0.3333333333333333,,,21.0,0.0,0.0
Jeff Ulbrich,,SFO,3,86,2000,Hawaii,1999,1999,12.0,,,,,,,,,,,,,,LB,Hawaii,,,,,,,,,,,,,,,,,,,,,,,,,,,,,,,,,23.0,31.0,31.0
Doug Chapman,,MIN,3,88,2000,Marshall,1997,1999,34.0,,,,,,,,,,,,,,RB,Marshall,573.0,2778.0,4.8,37.0,62.0,619.0,10.0,4.0,81.7,18.2,,,,,,,,,,,,,,,,,,,,,,,23.0,3.0,3.0
Corey Moore,,BUF,3,89,2000,Virginia Tech,1998,1999,,,,,,,,,,,,,,,DL,Virginia Tech,,,,,,,,,,,,,,,,,,,,,,,,,,,,,,,,26.35,23.0,3.0,3.0
Nate Webster,,TAM,3,90,2000,Miami (FL),1999,1999,12.0,,,,,,,,,,,,,,LB,Miami (FL),,,,,,,,,,,,,,,,,,,,,,,,,,,,,,,,,22.0,8.0,19.0
David Macklin,,CLT,3,91,2000,Penn State,1996,1999,46.0,,,,,,,,,,,,,,DB,Penn State,,,,,,,,,,,,,,,,,,,,,,,,,,8.0,120.0,1.0,,0.1739130434782608,,,22.0,14.0,29.0
Lewis Sanders,,CLE,4,95,2000,Maryland,1996,1999,32.0,,,,,,,,,,,,,,DB,Maryland,,,,,,,,,,,,,,,,,,,,,,,,,,10.0,136.0,0.0,,0.3125,,,22.0,7.0,14.0
Terrelle Smith,,NOR,4,96,2000,Arizona State,1999,1999,11.0,,,,,,,,,,,,,,RB,Arizona State,21.0,127.0,6.0,1.0,9.0,88.0,9.8,0.0,11.5,8.0,,,,,,,,,,,,,,,,,,,,,,,22.0,2.0,3.0
Curtis Keaton,,CIN,4,97,2000,,1995,1997,18.0,,,,,,,,,,,,,,RB,West Virginia,88.0,404.0,4.6,3.0,0.0,0.0,,0.0,22.4,0.0,,,,,,,,,,,,,,,,,,,,,,,23.0,0.0,0.0
Gari Scott,,PHI,4,99,2000,Michigan State,1996,1999,43.0,,,,,,,,,,,,,,WR,Michigan State,,,,,,,,,,,45.8,128.0,1971.0,15.4,16.0,,,,,,,,,,,,,,,,,,22.0,0.0,0.0
David Barrett,,CRD,4,102,2000,Arkansas,1997,1999,33.0,,,,,,,,,,,,,,DB,Arkansas,,,,,,,,,,,,,,,,,,,,,,,,,,7.0,119.0,1.0,,0.2121212121212121,,,22.0,13.0,31.0
Danny Farmer,,PIT,4,103,2000,UCLA,1996,1999,42.0,,,,,,,,,,,,,,WR,UCLA,,,,,,,,,,,67.6,148.0,2838.0,19.2,18.0,,,,,,,,,,,,,,,,,,23.0,,5.0
Brandon Short,,NYG,4,105,2000,Penn State,1997,1999,34.0,,,,,,,,,,,,,,LB,Penn State,,,,,,,,,,,,,,,,,,,,,,,,,,,,,,,,,23.0,22.0,32.0
Aaron Shea,,CLE,4,110,2000,Michigan,1997,1999,32.0,,,,,,,,,,,,,,RB,Michigan,27.0,104.0,3.9,0.0,54.0,468.0,8.7,4.0,3.3,14.6,,,,,,,,,,,,,,,,,,,,,,,23.0,6.0,6.0
Aaron Shea,,CLE,4,110,2000,Michigan,1996,1996,11.0,,,,,,,,,,,,,,TE,Michigan,,,,,,,,,,,3.6,4.0,40.0,10.0,1.0,,,,,,,,,,,,,,,,,,23.0,6.0,6.0
Trevor Gaylor,,SDG,4,111,2000,Miami (OH),1996,1999,38.0,,,,,,,,,,,,,,WR,Miami (OH),,,,,,,,,,,56.1,128.0,2131.0,16.6,20.0,,,,,,,,,,,,,,,,,,22.0,3.0,7.0
Leonardo Carson,,SDG,4,113,2000,Auburn,1998,1999,22.0,,,,,,,,,,,,,,DL,Auburn,,,,,,,,,,,,,,,,,,,,,,,,,,,,,,,,,23.0,10.0,16.0
Frank Moreau,,KAN,4,115,2000,Louisville,1995,1999,49.0,,,,,,,,,,,,,,RB,Louisville,499.0,2599.0,5.2,27.0,54.0,369.0,6.8,0.0,53.0,7.5,,,,,,,,,,,,,,,,,,,,,,,23.0,1.0,1.0
Marcus Bell,,SEA,4,116,2000,Arizona,1999,1999,12.0,,,,,,,,,,,,,,LB,Arizona,,,,,,,,,,,,,,,,,,,,,,,,,,,,,,,,,23.0,7.0,7.0
Deon Dyer,,MIA,4,117,2000,North Carolina,1996,1999,44.0,,,,,,,,,,,,,,RB,North Carolina,186.0,639.0,3.4,9.0,20.0,183.0,9.2,2.0,14.5,4.2,,,,,,,,,,,,,,,,,,,,,,,22.0,0.0,0.0
Tyrone Carter,,MIN,4,118,2000,Minnesota,1996,1999,45.0,,,,,,,,,,,,,,DB,Minnesota,,,,,,,,,,,,,,,,,,,,,,,,,,3.0,11.0,0.0,,0.0666666666666666,,-10.0,24.0,7.0,27.0
Bobby Myers,,OTI,4,124,2000,Wisconsin,1997,1999,33.0,,,,,,,,,,,,,,DB,Wisconsin,,,,,,,,,,,,,,,,,,,,,,,,,,7.0,54.0,0.0,,0.2121212121212121,,,23.0,3.0,3.0
Reggie Austin,,CHI,4,125,2000,Wake Forest,1996,1999,44.0,,,,,,,,,,,,,,DB,Wake Forest,,,,,,,,,,,,,,,,,,,,,,,,,,9.0,62.0,0.0,,0.2045454545454545,,,23.0,3.0,3.0
Gary Berry,,GNB,4,126,2000,Ohio State,1996,1999,44.0,,,,,,,,,,,,,,DB,Ohio State,,,,,,,,,,,,,,,,,,,,,,,,,,7.0,197.0,1.0,,0.1590909090909091,,,22.0,0.0,0.0
Peter Sirmon,,OTI,4,128,2000,Oregon,1997,1999,22.0,,,,,,,,,,,,,,LB,Oregon,,,,,,,,,,,,,,,,,,,,,,,,,,,,,,,,,23.0,25.0,25.0
Anthony Malbrough,,CLE,5,130,2000,Texas Tech,1997,1997,4.0,,,,,,,,,,,,,,WR,Texas Tech,,,,,,,,,,,2.3,1.0,9.0,9.0,0.0,,,,,,,,,,,,,,,,,,23.0,1.0,1.0
Anthony Malbrough,,CLE,5,130,2000,Texas Tech,1998,1999,22.0,,,,,,,,,,,,,,DB,Texas Tech,,,,,,,,,,,,,,,,,,,,,,,,,,2.0,3.0,0.0,,0.0909090909090909,,,23.0,1.0,1.0
Paul Smith,,SFO,5,132,2000,UTEP,1996,1999,44.0,,,,,,,,,,,,,,RB,UTEP,603.0,2539.0,4.2,16.0,30.0,346.0,11.5,1.0,57.7,7.9,,,,,,,,,,,,,,,,,,,,,,,22.0,2.0,3.0
Robert Bean,,CIN,5,133,2000,Mississippi State,1998,1999,23.0,,,,,,,,,,,,,,DB,Mississippi State,,,,,,,,,,,,,,,,,,,,,,,,,,6.0,169.0,1.0,,0.2608695652173913,,,22.0,5.0,5.0
Aric Morris,,OTI,5,135,2000,Michigan State,1996,1999,45.0,,,,,,,,,,,,,,DB,Michigan State,,,,,,,,,,,,,,,,,,,,,,,,,,6.0,120.0,1.0,,0.1333333333333333,,,23.0,5.0,5.0
Mao Tosi,,CRD,5,136,2000,Idaho,1999,1999,9.0,,,,,,,,,,,,,,DL,Idaho,,,,,,,,,,,,,,,,,,,,,,,,,,,,,,,,,23.0,4.0,4.0
Ralph Brown,,NYG,5,140,2000,Nebraska,1996,1999,48.0,,,,,,,,,,,,,,DB,Nebraska,,,,,,,,,,,,,,,,,,,,,,,,,,11.0,253.0,1.0,,0.2291666666666666,,,21.0,6.0,12.0
Dave Stachelski,,NWE,5,141,2000,Boise State,1996,1999,23.0,,,,,,,,,,,,,,TE,Boise State,,,,,,,,,,,20.6,35.0,473.0,13.5,6.0,,,,,,,,,,,,,,,,,,23.0,,0.0
Windrell Hayes,,NYJ,5,143,2000,USC,1995,1999,45.0,,,,,,,,,,,,,,WR,San Jose StateUSC,,,,,,,,,,,54.3,176.0,2443.0,13.9,15.0,,,,,,,,,,,,,,,,,,23.0,1.0,1.0
Michael Wiley,,DAL,5,144,2000,Ohio State,1996,1999,44.0,,,,,,,,,,,,,,RB,Ohio State,483.0,2822.0,5.8,27.0,51.0,590.0,11.6,5.0,64.1,13.4,,,,,,,,,,,,,,,,,,,,,,-6.5,22.0,4.0,4.0
Todd Franz,,DET,5,145,2000,Tulsa,1998,1999,22.0,,,,,,,,,,,,,,DB,Tulsa,,,,,,,,,,,,,,,,,,,,,,,,,,5.0,13.0,0.0,,0.2272727272727272,,,24.0,,3.0
Lamar Chapman,,CLE,5,146,2000,Kansas State,1996,1999,42.0,,,,,,,,,,,,,,DB,Kansas State,,,,,,,,,,,,,,,,,,,,,,,,,,7.0,164.0,1.0,,0.1666666666666666,,15.1,23.0,1.0,1.0
Dante Hall,,KAN,5,153,2000,Texas A&M,1996,1999,43.0,,,,,,,,,,,,,,RB,Texas A&M,522.0,2818.0,5.4,22.0,22.0,260.0,11.8,0.0,65.5,6.0,,,,,,,,,,,,,,,,,,,,,,,21.0,28.0,29.0
Sammy Morris,,BUF,5,156,2000,Texas Tech,1996,1999,20.0,,,,,,,,,,,,,,RB,Texas Tech,169.0,788.0,4.7,7.0,36.0,607.0,16.9,4.0,39.4,30.4,,,,,,,,,,,,,,,,,,,,,,,23.0,5.0,27.0
James Whalen,,TAM,5,157,2000,Kentucky,1997,1999,33.0,,,,,,,,,,,,,,TE,Kentucky,,,,,,,,,,,40.1,120.0,1324.0,11.0,13.0,,,,,,,,,,,,,,,,,,22.0,,1.0
Austin Wheatley,,NOR,5,158,2000,Iowa,1997,1999,33.0,,,,,,,,,,,,,,TE,Iowa,,,,,,,,,,,10.5,25.0,348.0,13.9,1.0,,,,,,,,,,,,,,,,,,22.0,0.0,0.0
Frank Chamberlin,,OTI,5,160,2000,Boston College,1996,1997,23.0,,,,,,,,,,,,,,RB,Boston College,9.0,32.0,3.6,0.0,8.0,35.0,4.4,0.0,1.4,1.5,,,,,,,,,,,,,,,,,,,,,,,22.0,5.0,5.0
Frank Chamberlin,,OTI,5,160,2000,Boston College,1998,1999,22.0,,,,,,,,,,,,,,LB,Boston College,,,,,,,,,,,,,,,,,,,,,,,,,,,,,,,,,22.0,5.0,5.0
Pat Dennis,,KAN,5,162,2000,Louisiana-Monroe,1997,1999,34.0,,,,,,,,,,,,,,DB,Louisiana-Monroe,,,,,,,,,,,,,,,,,,,,,,,,,,13.0,205.0,2.0,,0.3823529411764705,,,22.0,6.0,8.0
Tee Martin,133.6,PIT,5,163,2000,Tennessee,1996,1999,38.0,326.0,588.0,262.0,55.4,4592.0,32.0,16.0,5.4,2.7,7.8,7.67,14.1,120.8,QB,Tennessee,,,,,,,,,,,,,,,,,,,,,,,,,,,,,,,,,22.0,0.0,0.0
Jay Tant,,CRD,5,164,2000,Northwestern,1996,1999,44.0,,,,,,,,,,,,,,TE,Northwestern,,,,,,,,,,,14.7,59.0,645.0,10.9,2.0,,,,,,,,,,,,,,,,,,22.0,0.0,0.0
Troy Walters,,MIN,5,165,2000,Stanford,1996,1999,42.0,,,,,,,,,,,,,,WR,Stanford,,,,,,,,,,,94.9,244.0,3986.0,16.3,26.0,,,,,,,,,,,,,,,,,,23.0,0.0,12.0
Chad Morton,,NOR,5,166,2000,USC,1996,1999,45.0,,,,,,,,,,,,,,RB,USC,506.0,2493.0,4.9,24.0,37.0,251.0,6.8,1.0,55.4,5.6,,,,,,,,,,,,,,,,,,,,,,,23.0,3.0,10.0
Marc Bulger,139.7,NOR,6,168,2000,West Virginia,1996,1999,36.0,571.0,933.0,362.0,61.2,7371.0,53.0,31.0,5.7,3.3,7.9,7.54,12.9,204.8,QB,West Virginia,,,,,,,,,,,,,,,,,,,,,,,,,,,,,,,,,23.0,,57.0
Frank Murphy,,CHI,6,170,2000,Kansas State,1998,1999,19.0,,,,,,,,,,,,,,RB,Kansas State,152.0,798.0,5.3,11.0,9.0,130.0,14.4,1.0,42.0,6.8,,,,,,,,,,,,,,,,,,,,,,,23.0,,1.0
James Williams,,SEA,6,175,2000,Marshall,1998,1999,24.0,,,,,,,,,,,,,,WR,Marshall,,,,,,,,,,,58.5,70.0,1403.0,20.0,15.0,,,,,,,,,,,,,,,,,8.9,22.0,4.0,4.0
Tony Scott,,NYJ,6,179,2000,North Carolina State,1996,1999,44.0,,,,,,,,,,,,,,DB,North Carolina State,,,,,,,,,,,,,,,,,,,,,,,,,,8.0,104.0,0.0,,0.1818181818181818,,,23.0,2.0,2.0
Spergon Wynn,-200.0,CLE,6,183,2000,,1996,1996,2.0,0.0,1.0,1.0,0.0,0.0,0.0,1.0,0.0,100.0,0.0,-45.0,,0.0,QB,Minnesota,,,,,,,,,,,,,,,,,,,,,,,,,,,,,,,,,22.0,0.0,2.0
Adalius Thomas,,RAV,6,186,2000,Southern Mississippi,1997,1997,11.0,,,,,,,,,,,,,,DL,Southern Mississippi,,,,,,,,,,,,,,,,,,,,,,,,,,,,,,,,,23.0,53.0,65.0
Mike Anderson,,DEN,6,189,2000,Utah,1998,1999,21.0,,,,,,,,,,,,,,RB,Utah,439.0,2150.0,4.9,22.0,5.0,51.0,10.2,2.0,102.4,2.4,,,,,,,,,,,,,,,,,,,,,,,26.0,35.0,37.0
David Gibson,,TAM,6,193,2000,USC,1998,1998,12.0,,,,,,,,,,,,,,LB,USC,,,,,,,,,,,,,,,,,,,,,,,,,,,,,,,,-29.166666666666668,22.0,3.0,8.0
David Gibson,,TAM,6,193,2000,USC,1999,1999,12.0,,,,,,,,,,,,,,DB,USC,,,,,,,,,,,,,,,,,,,,,,,,,,3.0,1.0,0.0,,0.25,,-29.166666666666668,22.0,3.0,8.0
Michael Hawthorne,,NOR,6,195,2000,Purdue,1997,1999,23.0,,,,,,,,,,,,,,DB,Purdue,,,,,,,,,,,,,,,,,,,,,,,,,,4.0,110.0,0.0,,0.1739130434782608,,,23.0,3.0,10.0
Emanuel Smith,,JAX,6,196,2000,Arkansas,1996,1999,43.0,,,,,,,,,,,,,,WR,Arkansas,,,,,,,,,,,28.7,101.0,1235.0,12.2,4.0,,,,,,,,,,,,,,,,,,24.0,0.0,0.0
Robaire Smith,,OTI,6,197,2000,Michigan State,1997,1999,22.0,,,,,,,,,,,,,,DL,Michigan State,,,,,,,,,,,,,,,,,,,,,,,,,,,,,,,,,22.0,14.0,39.0
Matt Bowen,,RAM,6,198,2000,Iowa,1997,1999,33.0,,,,,,,,,,,,,,DB,Iowa,,,,,,,,,,,,,,,,,,,,,,,,,,5.0,126.0,1.0,,0.1515151515151515,,,23.0,1.0,13.0
Tom Brady,134.9,NWE,6,199,2000,Michigan,1996,1999,29.0,395.0,638.0,243.0,61.9,4773.0,30.0,17.0,4.7,2.7,7.5,7.22,12.1,164.6,QB,Michigan,,,,,,,,,,,,,,,,,,,,,,,,,,,,,,,,,23.0,168.0,184.0
Todd Husak,126.6,WAS,6,202,2000,Stanford,1996,1999,36.0,465.0,872.0,407.0,53.3,6564.0,41.0,24.0,4.7,2.8,7.5,7.23,14.1,182.3,QB,Stanford,,,,,,,,,,,,,,,,,,,,,,,,,,,,,,,,,22.0,0.0,0.0
Damen Wheeler,,SDG,6,203,2000,Colorado,1996,1999,40.0,,,,,,,,,,,,,,DB,Colorado,,,,,,,,,,,,,,,,,,,,,,,,,,8.0,104.0,1.0,,0.2,,,23.0,,0.0
Tim Rattay,154.3,SFO,7,212,2000,Louisiana Tech,1997,1999,33.0,1015.0,1552.0,537.0,65.4,12746.0,115.0,35.0,7.4,2.3,8.2,8.68,12.6,386.2,QB,Louisiana Tech,,,,,,,,,,,,,,,,,,,,,,,,,,,,,,,,,23.0,10.0,12.0
Mike Green,,OTI,7,213,2000,Houston,1998,1999,21.0,,,,,,,,,,,,,,RB,Houston,243.0,1273.0,5.2,11.0,9.0,114.0,12.7,0.0,60.6,5.4,,,,,,,,,,,,,,,,,,,,,,,24.0,2.0,2.0
Jarious Jackson,145.7,DEN,7,214,2000,Notre Dame,1996,1999,36.0,306.0,536.0,230.0,57.1,4820.0,34.0,21.0,6.3,3.9,9.0,8.5,15.8,133.9,QB,Notre Dame,,,,,,,,,,,,,,,,,,,,,,,,,,,,,,,,,23.0,0.0,0.0
Sekou Sanyika,,CRD,7,215,2000,California,1998,1999,22.0,,,,,,,,,,,,,,LB,California,,,,,,,,,,,,,,,,,,,,,,,,,,,,,,,,,22.0,3.0,3.0
Rashidi Barnes,,CLE,7,225,2000,Colorado,1997,1999,28.0,,,,,,,,,,,,,,DB,Colorado,,,,,,,,,,,,,,,,,,,,,,,,,,3.0,29.0,1.0,,0.1071428571428571,,,22.0,1.0,1.0
Mondriel Fulcher,,RAI,7,227,2000,Miami (FL),1999,1999,12.0,,,,,,,,,,,,,,RB,Miami (FL),3.0,10.0,3.3,0.0,13.0,131.0,10.1,1.0,0.8,10.9,,,,,,,,,,,,,,,,,,,,,,,23.0,0.0,0.0
Mondriel Fulcher,,RAI,7,227,2000,Miami (FL),1996,1998,31.0,,,,,,,,,,,,,,TE,Miami (FL),,,,,,,,,,,16.6,33.0,514.0,15.6,3.0,,,,,,,,,,,,,,,,,,23.0,0.0,0.0
Kevin Houser,,NOR,7,228,2000,Ohio State,1998,1999,23.0,,,,,,,,,,,,,,TE,Ohio State,,,,,,,,,,,2.8,7.0,65.0,9.3,2.0,,,,,,,,,,,,,,,,,,23.0,14.0,15.0
Brian Jennings,,SFO,7,230,2000,Arizona State,1999,1999,11.0,,,,,,,,,,,,,,TE,Arizona State,,,,,,,,,,,3.2,3.0,35.0,11.7,1.0,,,,,,,,,,,,,,,,,,23.0,0.0,0.0
Drew Haddad,,BUF,7,233,2000,Buffalo,1999,1999,11.0,,,,,,,,,,,,,,WR,Buffalo,,,,,,,,,,,105.3,85.0,1158.0,13.6,6.0,,,,,,,,,,,,,,,,,,22.0,0.0,0.0
Joe Hamilton,148.2,TAM,7,234,2000,Georgia Tech,1996,1999,43.0,629.0,1020.0,391.0,61.7,8882.0,65.0,39.0,6.4,3.8,8.7,8.26,14.1,206.6,QB,Georgia Tech,,,,,,,,,,,,,,,,,,,,,,,,,,,,,,,,,23.0,0.0,0.0
Erik Olson,,JAX,7,236,2000,Colorado State,1996,1999,43.0,,,,,,,,,,,,,,DB,Colorado State,,,,,,,,,,,,,,,,,,,,,,,,,,11.0,148.0,1.0,,0.2558139534883721,,,23.0,1.0,1.0
Rodregis Brooks,,CLT,7,238,2000,UAB,1996,1999,33.0,,,,,,,,,,,,,,DB,UAB,,,,,,,,,,,,,,,,,,,,,,,,,,14.0,149.0,1.0,,0.4242424242424242,,,22.0,0.0,0.0
Patrick Pass,,NWE,7,239,2000,Georgia,1996,1999,40.0,,,,,,,,,,,,,,RB,Georgia,221.0,1022.0,4.6,5.0,35.0,435.0,12.4,2.0,25.6,10.9,,,,,,,,,,,,,,,,,,,,,,,22.0,10.0,10.0
Charles Lee,,GNB,7,242,2000,UCF,1997,1999,33.0,,,,,,,,,,,,,,WR,UCF,,,,,,,,,,,68.2,162.0,2249.0,13.9,14.0,,,,,,,,,,,,,,,,,,22.0,1.0,7.0
Shyrone Stith,,JAX,7,243,2000,Virginia Tech,1996,1999,33.0,,,,,,,,,,,,,,RB,Virginia Tech,448.0,2292.0,5.1,21.0,13.0,116.0,8.9,0.0,69.5,3.5,,,,,,,,,,,,,,,,,,,,,,,22.0,0.0,0.0
Danny Clark,,JAX,7,245,2000,Illinois,1997,1999,33.0,,,,,,,,,,,,,,LB,Illinois,,,,,,,,,,,,,,,,,,,,,,,,,,,,,,,,13.1,23.0,14.0,39.0
Eugene McCaslin,,GNB,7,249,2000,Florida,1996,1998,25.0,,,,,,,,,,,,,,RB,Florida,134.0,704.0,5.3,6.0,10.0,103.0,10.3,0.0,28.2,4.1,,,,,,,,,,,,,,,,,,,,,,,23.0,0.0,0.0
Rondell Mealey,,GNB,7,252,2000,LSU,1996,1999,44.0,,,,,,,,,,,,,,RB,LSU,453.0,2238.0,4.9,29.0,33.0,302.0,9.2,4.0,50.9,6.9,,,,,,,,,,,,,,,,,,,,,,,23.0,2.0,2.0
Michael Vick,153.1,ATL,1,1,2001,Virginia Tech,1999,2000,20.0,177.0,313.0,136.0,56.5,3074.0,20.0,11.0,6.4,3.5,9.8,9.52,17.4,153.7,QB,Virginia Tech,,,,,,,,,,,,,,,,,,,,,,,,,,,,,,,,,21.0,60.0,92.0
Leonard Davis,,CRD,1,2,2001,Texas,2000,2000,,,,,,,,,,,,,,,OL,Texas,,,,,,,,,,,,,,,,,,,,,,,,,,,,,,,,,23.0,27.0,66.0
LaDainian Tomlinson,,SDG,1,5,2001,Texas Christian,1997,2000,44.0,,,,,,,,,,,,,,RB,Texas Christian,907.0,5263.0,5.8,54.0,39.0,238.0,6.1,0.0,119.6,5.4,,,,,,,,,,,,,,,,,,,,,,,22.0,121.0,129.0
Andre Carter,,SFO,1,7,2001,California,1997,2000,11.0,,,,,,,,,,,,,,DL,California,,,,,,,,,,,,,,,,,,,,,,,,,,,,,,,,-5.0,22.0,22.0,59.0
David Terrell,,CHI,1,8,2001,Michigan,1998,2000,34.0,,,,,,,,,,,,,,WR,Michigan,,,,,,,,,,,59.0,137.0,2005.0,14.6,19.0,,,,,,,,,,,,,,,,,,22.0,11.0,11.0
Koren Robinson,,SEA,1,9,2001,North Carolina State,1999,2000,22.0,,,,,,,,,,,,,,WR,North Carolina State,,,,,,,,,,,87.0,110.0,1914.0,17.4,15.0,,,,,,,,,,,,,,,,,,21.0,30.0,35.0
Jamal Reynolds,,GNB,1,10,2001,Florida State,2000,2000,,,,,,,,,,,,,,,DL,Florida State,,,,,,,,,,,,,,,,,,,,,,,,,,,,,,,,,22.0,3.0,3.0
Dan Morgan,,CAR,1,11,2001,Miami (FL),1998,2000,22.0,,,,,,,,,,,,,,LB,Miami (FL),,,,,,,,,,,,,,,,,,,,,,,,,,,,,,,,,22.0,30.0,30.0
Rod Gardner,,WAS,1,15,2001,Clemson,1997,2000,44.0,,,,,,,,,,,,,,WR,Clemson,,,,,,,,,,,52.3,151.0,2302.0,15.2,12.0,,,,,,,,,,,,,,,,,,23.0,23.0,25.0
Santana Moss,,NYJ,1,16,2001,Miami (FL),1997,2000,42.0,,,,,,,,,,,,,,WR,Miami (FL),,,,,,,,,,,60.6,143.0,2547.0,17.8,19.0,,,,,,,,,,,,,,,,,,22.0,23.0,72.0
Steve Hutchinson,,SEA,1,17,2001,Michigan,2000,2000,,,,,,,,,,,,,,,OL,Michigan,,,,,,,,,,,,,,,,,,,,,,,,,,,,,,,,,23.0,43.0,94.0
Casey Hampton,,PIT,1,19,2001,Texas,2000,2000,,,,,,,,,,,,,,,DL,Texas,,,,,,,,,,,,,,,,,,,,,,,,,,,,,,,,,24.0,73.0,73.0
Adam Archuleta,,RAM,1,20,2001,Arizona State,1999,2000,21.0,,,,,,,,,,,,,,LB,Arizona State,,,,,,,,,,,,,,,,,,,,,,,,,,,,,,,,,23.0,26.0,31.0
Nate Clements,,BUF,1,21,2001,Ohio State,1998,2000,34.0,,,,,,,,,,,,,,DB,Ohio State,,,,,,,,,,,,,,,,,,,,,,,,,,7.0,83.0,0.0,,0.2058823529411764,,,21.0,39.0,61.0
Will Allen,,NYG,1,22,2001,Syracuse,1999,2000,22.0,,,,,,,,,,,,,,DB,Syracuse,,,,,,,,,,,,,,,,,,,,,,,,,,4.0,42.0,0.0,,0.1818181818181818,,,23.0,24.0,41.0
Deuce McAllister,,NOR,1,23,2001,Ole Miss,1997,2000,43.0,,,,,,,,,,,,,,RB,Ole Miss,616.0,3060.0,5.0,37.0,63.0,616.0,9.8,2.0,71.2,14.3,,,,,,,,,,,,,,,,,,,,,,,22.0,55.0,55.0
Willie Middlebrooks,,DEN,1,24,2001,Minnesota,1998,2000,30.0,,,,,,,,,,,,,,DB,Minnesota,,,,,,,,,,,,,,,,,,,,,,,,,,4.0,55.0,1.0,,0.1333333333333333,,,22.0,4.0,4.0
Freddie Mitchell,,PHI,1,25,2001,UCLA,1998,2000,33.0,,,,,,,,,,,,,,WR,UCLA,,,,,,,,,,,59.2,110.0,1955.0,17.8,9.0,,,,,,,,,,,,,,,,,,22.0,13.0,13.0
Jamar Fletcher,,MIA,1,26,2001,Wisconsin,1998,2000,29.0,,,,,,,,,,,,,,DB,Wisconsin,,,,,,,,,,,,,,,,,,,,,,,,,,19.0,393.0,4.0,,0.6551724137931034,,,22.0,4.0,9.0
Michael Bennett,,MIN,1,27,2001,Wisconsin,1999,2000,21.0,,,,,,,,,,,,,,RB,Wisconsin,350.0,1890.0,5.4,14.0,5.0,52.0,10.4,0.0,90.0,2.5,,,,,,,,,,,,,,,,,,,,,,25.3,23.0,29.0,34.0
Derrick Gibson,,RAI,1,28,2001,Florida State,2000,2000,12.0,,,,,,,,,,,,,,LB,Florida State,,,,,,,,,,,,,,,,,,,,,,,,,,,,,,,,,22.0,13.0,13.0
Derrick Gibson,,RAI,1,28,2001,Florida State,1997,1999,34.0,,,,,,,,,,,,,,DB,Florida State,,,,,,,,,,,,,,,,,,,,,,,,,,5.0,50.0,0.0,,0.1470588235294117,,,22.0,13.0,13.0
Reggie Wayne,,CLT,1,30,2001,Miami (FL),1997,2000,45.0,,,,,,,,,,,,,,WR,Miami (FL),,,,,,,,,,,55.8,173.0,2510.0,14.5,20.0,,,,,,,,,,,,,,,,,,22.0,116.0,116.0
Todd Heap,,RAV,1,31,2001,Arizona State,1998,2000,33.0,,,,,,,,,,,,,,TE,Arizona State,,,,,,,,,,,49.1,107.0,1619.0,15.1,10.0,,,,,,,,,,,,,,,,,,21.0,42.0,43.0
Drew Brees,134.0,SDG,2,32,2001,Purdue,1997,2000,41.0,942.0,1525.0,583.0,61.8,10909.0,81.0,41.0,5.3,2.7,7.2,7.01,11.6,266.1,QB,Purdue,,,,,,,,,,,,,,,,,,,,,,,,,,,,,,,,,22.0,27.0,167.0
Quincy Morgan,,CLE,2,33,2001,Kansas State,1999,2000,24.0,,,,,,,,,,,,,,WR,Kansas State,,,,,,,,,,,90.5,106.0,2173.0,20.5,23.0,,,,,,,,,,,,,,,,,,23.0,17.0,20.0
Alge Crumpler,,ATL,2,35,2001,North Carolina,1996,2000,42.0,,,,,,,,,,,,,,TE,North Carolina,,,,,,,,,,,18.1,68.0,760.0,11.2,5.0,,,,,,,,,,,,,,,,,,23.0,38.0,41.0
Chad Johnson,,CIN,2,36,2001,Oregon State,2000,2000,11.0,,,,,,,,,,,,,,WR,Oregon State,,,,,,,,,,,64.8,33.0,713.0,21.6,6.0,,,,,,,,,,,,,,,,,,23.0,84.0,85.0
Idrees Bashir,,CLT,2,37,2001,Memphis,1999,2000,22.0,,,,,,,,,,,,,,DB,Memphis,,,,,,,,,,,,,,,,,,,,,,,,,,3.0,117.0,1.0,,0.1363636363636363,,,22.0,18.0,19.0
Anthony Thomas,,CHI,2,38,2001,Michigan,1997,2000,44.0,,,,,,,,,,,,,,RB,Michigan,846.0,4098.0,4.8,49.0,78.0,750.0,9.6,1.0,93.1,17.0,,,,,,,,,,,,,,,,,,,,,,,23.0,22.0,27.0
Kendrell Bell,,PIT,2,39,2001,Georgia,1999,2000,21.0,,,,,,,,,,,,,,LB,Georgia,,,,,,,,,,,,,,,,,,,,,,,,,,,,,,,,,23.0,29.0,40.0
Ken Lucas,,SEA,2,40,2001,Ole Miss,1997,1998,22.0,,,,,,,,,,,,,,WR,Ole Miss,,,,,,,,,,,11.3,21.0,248.0,11.8,0.0,,,,,,,,,,,,,,,,,,22.0,20.0,46.0
Ken Lucas,,SEA,2,40,2001,Ole Miss,1999,2000,21.0,,,,,,,,,,,,,,DB,Ole Miss,,,,,,,,,,,,,,,,,,,,,,,,,,7.0,84.0,0.0,,0.3333333333333333,,,22.0,20.0,46.0
Robert Ferguson,,GNB,2,41,2001,Texas A&M,2000,2000,10.0,,,,,,,,,,,,,,WR,Texas A&M,,,,,,,,,,,88.5,58.0,885.0,15.3,6.0,,,,,,,,,,,,,,,,,,21.0,15.0,18.0
Tommy Polley,,RAM,2,42,2001,Florida State,1997,2000,43.0,,,,,,,,,,,,,,LB,Florida State,,,,,,,,,,,,,,,,,,,,,,,,,,,,,,,,,23.0,23.0,30.0
Fred Smoot,,WAS,2,45,2001,Mississippi State,1999,2000,22.0,,,,,,,,,,,,,,DB,Mississippi State,,,,,,,,,,,,,,,,,,,,,,,,,,10.0,44.0,0.0,,0.4545454545454545,,,22.0,34.0,40.0
Aaron Schobel,,BUF,2,46,2001,Texas Christian,2000,2000,,,,,,,,,,,,,,,DL,Texas Christian,,,,,,,,,,,,,,,,,,,,,,,,,,,,,,,,,24.0,62.0,62.0
Matt Light,,NWE,2,48,2001,Purdue,1996,1996,11.0,,,,,,,,,,,,,,TE,Purdue,,,,,,,,,,,1.5,1.0,16.0,16.0,0.0,,,,,,,,,,,,,,,,,,23.0,89.0,89.0
Lamont Jordan,,NYJ,2,49,2001,Maryland,1997,2000,43.0,,,,,,,,,,,,,,RB,Maryland,807.0,4147.0,5.1,36.0,76.0,737.0,9.7,1.0,96.4,17.1,,,,,,,,,,,,,,,,,,,,,,,22.0,11.0,30.0
Dominic Raiola,,DET,2,50,2001,Nebraska,2000,2000,,,,,,,,,,,,,,,OL,Nebraska,,,,,,,,,,,,,,,,,,,,,,,,,,,,,,,,,22.0,64.0,64.0
Chris Chambers,,MIA,2,52,2001,Wisconsin,1997,2000,37.0,,,,,,,,,,,,,,WR,Wisconsin,,,,,,,,,,,49.1,111.0,1817.0,16.4,15.0,,,,,,,,,,,,,,,,,,23.0,41.0,58.0
Quincy Carter,127.8,DAL,2,53,2001,Georgia,1998,2000,29.0,483.0,853.0,370.0,56.6,6447.0,35.0,25.0,4.1,2.9,7.6,7.06,13.3,222.3,QB,Georgia,,,,,,,,,,,,,,,,,,,,,,,,,,,,,,,,,23.0,15.0,16.0
Michael Stone,,CRD,2,54,2001,Memphis,1999,2000,22.0,,,,,,,,,,,,,,DB,Memphis,,,,,,,,,,,,,,,,,,,,,,,,,,3.0,28.0,0.0,,0.1363636363636363,,,23.0,2.0,4.0
Quinton Caver,,PHI,2,55,2001,Arkansas,2000,2000,11.0,,,,,,,,,,,,,,LB,Arkansas,,,,,,,,,,,,,,,,,,,,,,,,,,,,,,,,,23.0,1.0,5.0
Tony Dixon,,DAL,2,56,2001,Alabama,1998,2000,20.0,,,,,,,,,,,,,,DB,Alabama,,,,,,,,,,,,,,,,,,,,,,,,,,3.0,14.0,0.0,,0.15,,,22.0,9.0,9.0
Willie Howard,,MIN,2,57,2001,Stanford,2000,2000,11.0,,,,,,,,,,,,,,DL,Stanford,,,,,,,,,,,,,,,,,,,,,,,,,,,,,,,,,23.0,1.0,1.0
Travis Henry,,BUF,2,58,2001,Tennessee,1997,2000,40.0,,,,,,,,,,,,,,RB,Tennessee,556.0,3078.0,5.5,26.0,20.0,99.0,5.0,0.0,77.0,2.5,,,,,,,,,,,,,,,,,,,,,,,22.0,27.0,41.0
Marques Tuiasosopo,121.7,RAI,2,59,2001,Washington,1997,2000,42.0,418.0,761.0,343.0,54.9,5501.0,31.0,28.0,4.1,3.7,7.2,6.39,13.2,131.0,QB,Washington,,,,,,,,,,,,,,,,,,,,,,,,,,,,,,,,,22.0,1.0,1.0
Andre Dyson,,OTI,2,60,2001,Utah,1998,2000,32.0,,,,,,,,,,,,,,DB,Utah,,,,,,,,,,,,,,,,,,,,,,,,,,13.0,172.0,4.0,,0.40625,,,22.0,21.0,31.0
Derrick Burgess,,PHI,3,63,2001,Ole Miss,2000,2000,11.0,,,,,,,,,,,,,,DL,Ole Miss,,,,,,,,,,,,,,,,,,,,,,,,,,,,,,,,,23.0,8.0,40.0
Adrian Wilson,,CRD,3,64,2001,North Carolina State,1998,2000,32.0,,,,,,,,,,,,,,DB,North Carolina State,,,,,,,,,,,,,,,,,,,,,,,,,,5.0,8.0,0.0,,0.15625,,,21.0,68.0,68.0
James Jackson,,CLE,3,65,2001,Miami (FL),1996,2000,42.0,,,,,,,,,,,,,,RB,Miami (FL),541.0,2950.0,5.5,31.0,38.0,278.0,7.3,3.0,70.2,6.6,,,,,,,,,,,,,,,,,,,,,,0.262686567164179,25.0,9.0,9.0
Sean Brewer,,CIN,3,66,2001,San Jose State,1998,2000,31.0,,,,,,,,,,,,,,TE,San Jose State,,,,,,,,,,,18.7,56.0,580.0,10.4,5.0,,,,,,,,,,,,,,,,,,23.0,0.0,0.0
Tay Cody,,SDG,3,67,2001,Florida State,1997,2000,45.0,,,,,,,,,,,,,,DB,Florida State,,,,,,,,,,,,,,,,,,,,,,,,,,12.0,221.0,1.0,,0.2666666666666666,,,23.0,4.0,4.0
Eric Kelly,,MIN,3,69,2001,Kentucky,1999,2000,21.0,,,,,,,,,,,,,,DB,Kentucky,,,,,,,,,,,,,,,,,,,,,,,,,,4.0,72.0,0.0,,0.1904761904761904,,,24.0,9.0,9.0
Bhawoh Jue,,GNB,3,71,2001,Penn State,1998,2000,34.0,,,,,,,,,,,,,,DB,Penn State,,,,,,,,,,,,,,,,,,,,,,,,,,7.0,107.0,1.0,,0.2058823529411764,,,22.0,8.0,14.0
Torrance Marshall,,GNB,3,72,2001,Oklahoma,2000,2000,11.0,,,,,,,,,,,,,,LB,Oklahoma,,,,,,,,,,,,,,,,,,,,,,,,,,,,,,,,,24.0,7.0,7.0
Eric Westmoreland,,JAX,3,73,2001,Tennessee,1996,2000,34.0,,,,,,,,,,,,,,LB,Tennessee,,,,,,,,,,,,,,,,,,,,,,,,,,,,,,,,,24.0,4.0,5.0
Steve Smith Sr.,,CAR,3,74,2001,Utah,1999,2000,21.0,,,,,,,,,,,,,,WR,Utah,,,,,,,,,,,76.3,78.0,1603.0,20.6,12.0,,,,,,,,,,,,,,,,,,22.0,92.0,102.0
Snoop Minnis,,KAN,3,77,2001,Florida State,1997,2000,42.0,,,,,,,,,,,,,,WR,Florida State,,,,,,,,,,,50.0,115.0,2098.0,18.2,17.0,,,,,,,,,,,,,,,,,,24.0,5.0,5.0
Kevan Barlow,,SFO,3,80,2001,Pitt,1997,2000,37.0,,,,,,,,,,,,,,RB,Pitt,486.0,2324.0,4.8,20.0,36.0,508.0,14.1,4.0,62.8,13.7,,,,,,,,,,,,,,,,,,,,,,,22.0,33.0,36.0
Heath Evans,,SEA,3,82,2001,Auburn,1998,2000,28.0,,,,,,,,,,,,,,RB,Auburn,149.0,626.0,4.2,6.0,30.0,354.0,11.8,1.0,22.4,12.6,,,,,,,,,,,,,,,,,,,,,,,22.0,2.0,8.0
Brian Allen,,RAM,3,83,2001,Florida State,1997,2000,34.0,,,,,,,,,,,,,,LB,Florida State,,,,,,,,,,,,,,,,,,,,,,,,,,,,,,,,10.926666666666668,23.0,0.0,8.0
Dwight Smith,,TAM,3,84,2001,Akron,1997,2000,44.0,,,,,,,,,,,,,,DB,Akron,,,,,,,,,,,,,,,,,,,,,,,,,,15.0,261.0,3.0,,0.3409090909090909,,,23.0,18.0,34.0
Travis Minor,,MIA,3,85,2001,Florida State,1997,2000,44.0,,,,,,,,,,,,,,RB,Florida State,664.0,3218.0,4.8,28.0,106.0,831.0,7.8,3.0,73.1,18.9,,,,,,,,,,,,,,,,,,,,,,,22.0,10.0,10.0
Brock Williams,,NWE,3,86,2001,Notre Dame,1998,2000,22.0,,,,,,,,,,,,,,DB,Notre Dame,,,,,,,,,,,,,,,,,,,,,,,,,,2.0,3.0,0.0,,0.0909090909090909,,,22.0,,1.0
DeLawrence Grant,,RAI,3,89,2001,Oregon State,2000,2000,11.0,,,,,,,,,,,,,,DL,Oregon State,,,,,,,,,,,,,,,,,,,,,,,,,,,,,,,,,21.0,12.0,12.0
Shad Meier,,OTI,3,90,2001,Kansas State,1997,2000,30.0,,,,,,,,,,,,,,TE,Kansas State,,,,,,,,,,,7.6,18.0,227.0,12.6,1.0,,,,,,,,,,,,,,,,,,23.0,3.0,3.0
Cory Bird,,CLT,3,91,2001,Virginia Tech,2000,2000,11.0,,,,,,,,,,,,,,DB,Virginia Tech,,,,,,,,,,,,,,,,,,,,,,,,,,2.0,14.0,0.0,,0.1818181818181818,,,23.0,6.0,6.0
James Boyd,,JAX,3,94,2001,Penn State,1999,2000,24.0,,,,,,,,,,,,,,DB,Penn State,,,,,,,,,,,,,,,,,,,,,,,,,,6.0,24.0,0.0,,0.25,,,23.0,2.0,2.0
Anthony Henry,,CLE,4,97,2001,South Florida,2000,2000,11.0,,,,,,,,,,,,,,DB,South Florida,,,,,,,,,,,,,,,,,,,,,,,,,,5.0,88.0,0.0,,0.4545454545454545,,,24.0,19.0,38.0
Rudi Johnson,,CIN,4,100,2001,Auburn,2000,2000,12.0,,,,,,,,,,,,,,RB,Auburn,324.0,1567.0,4.8,13.0,9.0,70.0,7.8,0.0,130.6,5.8,,,,,,,,,,,,,,,,,,,,,,,21.0,45.0,46.0
Jamie Henderson,,NYJ,4,101,2001,Georgia,1999,2000,22.0,,,,,,,,,,,,,,DB,Georgia,,,,,,,,,,,,,,,,,,,,,,,,,,8.0,112.0,2.0,,0.3636363636363636,,,22.0,3.0,3.0
Matt Stewart,,ATL,4,102,2001,Vanderbilt,1999,2000,22.0,,,,,,,,,,,,,,LB,Vanderbilt,,,,,,,,,,,,,,,,,,,,,,,,,,,,,,,,-1.6999999999999997,22.0,19.0,26.0
Karon Riley,,CHI,4,103,2001,Minnesota,2000,2000,11.0,,,,,,,,,,,,,,DL,Minnesota,,,,,,,,,,,,,,,,,,,,,,,,,,,,,,,,,23.0,0.0,1.0
Orlando Huff,,SEA,4,104,2001,Fresno State,2000,2000,11.0,,,,,,,,,,,,,,LB,Fresno State,,,,,,,,,,,,,,,,,,,,,,,,,,,,,,,,,23.0,12.0,22.0
Chris Weinke,151.1,CAR,4,106,2001,Florida State,1997,2000,36.0,650.0,1107.0,457.0,58.7,9839.0,79.0,32.0,7.1,2.9,8.9,9.01,15.1,273.3,QB,Florida State,,,,,,,,,,,,,,,,,,,,,,,,,,,,,,,,,29.0,9.0,9.0
Monty Beisel,,KAN,4,107,2001,Kansas State,1998,1998,12.0,,,,,,,,,,,,,,DL,Kansas State,,,,,,,,,,,,,,,,,,,,,,,,,,,,,,,,,23.0,5.0,13.0
George Layne,,KAN,4,108,2001,Texas Christian,1998,2000,31.0,,,,,,,,,,,,,,RB,Texas Christian,97.0,482.0,5.0,8.0,13.0,230.0,17.7,2.0,15.5,7.4,,,,,,,,,,,,,,,,,,,,,,,22.0,,0.0
Sage Rosenfels,113.0,WAS,4,109,2001,Iowa State,1997,2000,30.0,306.0,587.0,281.0,52.1,4164.0,18.0,26.0,3.1,4.4,7.1,5.71,13.6,138.8,QB,Iowa State,,,,,,,,,,,,,,,,,,,,,,,,,,,,,,,,,23.0,,13.0
Carlos Polk,,SDG,4,112,2001,Nebraska,1998,2000,23.0,,,,,,,,,,,,,,LB,Nebraska,,,,,,,,,,,,,,,,,,,,,,,,,,,,,,,,,24.0,7.0,7.0
Ben Hamilton,,DEN,4,113,2001,Minnesota,1999,2000,,,,,,,,,,,,,,,OL,Minnesota,,,,,,,,,,,,,,,,,,,,,,,,,,,,,,,,,24.0,52.0,54.0
Moran Norris,,NOR,4,115,2001,Kansas,1998,2000,29.0,,,,,,,,,,,,,,RB,Kansas,199.0,864.0,4.3,10.0,17.0,87.0,5.1,1.0,29.8,3.0,,,,,,,,,,,,,,,,,,,,,,,23.0,0.0,1.0
Milton Wynn,,RAM,4,116,2001,Washington State,1999,2000,12.0,,,,,,,,,,,,,,WR,Washington State,,,,,,,,,,,82.0,55.0,984.0,17.9,5.0,,,,,,,,,,,,,,,,,,22.0,,1.0
John Howell,,TAM,4,117,2001,Colorado State,1999,2000,22.0,,,,,,,,,,,,,,DB,Colorado State,,,,,,,,,,,,,,,,,,,,,,,,,,3.0,0.0,0.0,,0.1363636363636363,,-7.233333333333333,23.0,6.0,7.0
Jabari Holloway,,NWE,4,119,2001,Notre Dame,1997,2000,43.0,,,,,,,,,,,,,,TE,Notre Dame,,,,,,,,,,,16.1,41.0,692.0,16.9,6.0,,,,,,,,,,,,,,,,,,22.0,,1.0
Correll Buckhalter,,PHI,4,121,2001,Nebraska,1997,2000,45.0,,,,,,,,,,,,,,RB,Nebraska,413.0,2522.0,6.1,27.0,24.0,200.0,8.3,1.0,56.0,4.4,,,,,,,,,,,,,,,,,,,,,,,22.0,21.0,27.0
Marcus Bell,,CRD,4,123,2001,Memphis,1999,1999,11.0,,,,,,,,,,,,,,DL,Memphis,,,,,,,,,,,,,,,,,,,,,,,,,,,,,,,,,22.0,8.0,14.0
Justin McCareins,,OTI,4,124,2001,Northern Illinois,1997,2000,44.0,,,,,,,,,,,,,,WR,Northern Illinois,,,,,,,,,,,68.0,204.0,2991.0,14.7,29.0,,,,,,,,,,,,,,,,,,22.0,16.0,33.0
Jesse Palmer,133.1,NYG,4,125,2001,Florida,1997,2000,27.0,254.0,479.0,225.0,53.0,3755.0,31.0,17.0,6.5,3.5,7.8,7.54,14.8,139.1,QB,Florida,,,,,,,,,,,,,,,,,,,,,,,,,,,,,,,,,22.0,1.0,1.0
Curtis Fuller,,SEA,4,127,2001,Texas Christian,1998,2000,33.0,,,,,,,,,,,,,,DB,Texas Christian,,,,,,,,,,,,,,,,,,,,,,,,,,3.0,26.0,1.0,,0.0909090909090909,,,23.0,2.0,3.0
Brandon Manumaleuna,,RAM,4,129,2001,Arizona,1997,2000,44.0,,,,,,,,,,,,,,TE,Arizona,,,,,,,,,,,12.4,40.0,544.0,13.6,3.0,,,,,,,,,,,,,,,,,,21.0,6.0,8.0
Cedric James,,MIN,4,131,2001,Texas Christian,1997,2000,42.0,,,,,,,,,,,,,,WR,Texas Christian,,,,,,,,,,,13.8,40.0,580.0,14.5,4.0,,,,,,,,,,,,,,,,,,22.0,0.0,0.0
Victor Leyva,,CIN,5,135,2001,Arizona State,1998,1998,11.0,,,,,,,,,,,,,,OL,Arizona State,,,,,,,,,,,,,,,,,,,,,,,,,,,,,,,,,23.0,1.0,1.0
Vinny Sutherland,,ATL,5,136,2001,Purdue,1997,2000,44.0,,,,,,,,,,,,,,WR,Purdue,,,,,,,,,,,49.1,161.0,2159.0,13.4,22.0,,,,,,,,,,,,,,,,,,23.0,,0.0
Zeke Moreno,,SDG,5,139,2001,USC,1997,2000,47.0,,,,,,,,,,,,,,LB,USC,,,,,,,,,,,,,,,,,,,,,,,,,,,,,,,,,22.0,10.0,10.0
Billy Baber,,KAN,5,141,2001,Virginia,1997,2000,44.0,,,,,,,,,,,,,,TE,Virginia,,,,,,,,,,,12.4,54.0,544.0,10.1,5.0,,,,,,,,,,,,,,,,,,22.0,0.0,0.0
Jerametrius Butler,,RAM,5,145,2001,Kansas State,1998,2000,36.0,,,,,,,,,,,,,,DB,Kansas State,,,,,,,,,,,,,,,,,,,,,,,,,,10.0,68.0,0.0,,0.2777777777777778,,,22.0,16.0,17.0
Chukky Okobi,,PIT,5,146,2001,Purdue,1999,1999,12.0,,,,,,,,,,,,,,OL,Purdue,,,,,,,,,,,,,,,,,,,,,,,,,,,,,,,,,22.0,7.0,7.0
Tony Stewart,,PHI,5,147,2001,Penn State,1997,2000,45.0,,,,,,,,,,,,,,TE,Penn State,,,,,,,,,,,19.1,59.0,861.0,14.6,3.0,,,,,,,,,,,,,,,,,,22.0,0.0,5.0
Mike McMahon,109.7,DET,5,149,2001,Rutgers,1997,2000,35.0,482.0,974.0,492.0,49.5,6608.0,41.0,52.0,4.2,5.3,6.8,5.22,13.7,188.8,QB,Rutgers,,,,,,,,,,,,,,,,,,,,,,,,,,,,,,,,,22.0,5.0,6.0
Raymond Walls,,CLT,5,152,2001,Southern Mississippi,1997,1998,22.0,,,,,,,,,,,,,,WR,Southern Mississippi,,,,,,,,,,,6.6,12.0,145.0,12.1,1.0,,,,,,,,,,,,,,,,,,22.0,0.0,4.0
Raymond Walls,,CLT,5,152,2001,Southern Mississippi,1999,2000,22.0,,,,,,,,,,,,,,DB,Southern Mississippi,,,,,,,,,,,,,,,,,,,,,,,,,,4.0,54.0,1.0,,0.1818181818181818,,,22.0,0.0,4.0
A.J. Feeley,130.5,PHI,5,155,2001,Oregon,1997,2000,20.0,146.0,278.0,132.0,52.5,2133.0,15.0,6.0,5.4,2.2,7.7,7.78,14.6,106.7,QB,Oregon,,,,,,,,,,,,,,,,,,,,,,,,,,,,,,,,,24.0,6.0,7.0
Patrick Chukwurah,,MIN,5,157,2001,Wyoming,1999,2000,22.0,,,,,,,,,,,,,,DL,Wyoming,,,,,,,,,,,,,,,,,,,,,,,,,,,,,,,,,22.0,3.0,6.0
Hakim Akbar,,NWE,5,163,2001,Washington,1998,2000,33.0,,,,,,,,,,,,,,DB,Washington,,,,,,,,,,,,,,,,,,,,,,,,,,4.0,52.0,0.0,,0.1212121212121212,,,21.0,1.0,1.0
Michael Jameson,,CLE,6,165,2001,Texas A&M,1999,2000,20.0,,,,,,,,,,,,,,DB,Texas A&M,,,,,,,,,,,,,,,,,,,,,,,,,,7.0,239.0,3.0,,0.35,,,22.0,4.0,4.0
Cedrick Wilson,,SFO,6,169,2001,Tennessee,1997,2000,45.0,,,,,,,,,,,,,,WR,Tennessee,,,,,,,,,,,47.5,159.0,2137.0,13.4,24.0,,,,,,,,,,,,,,,,,10.445454545454545,22.0,11.0,22.0
Jason Glenn,,DET,6,173,2001,Texas A&M,2000,2000,10.0,,,,,,,,,,,,,,LB,Texas A&M,,,,,,,,,,,,,,,,,,,,,,,,,,,,,,,,,22.0,,6.0
Jameel Cook,,TAM,6,174,2001,Illinois,1998,2000,31.0,,,,,,,,,,,,,,RB,Illinois,112.0,508.0,4.5,0.0,60.0,418.0,7.0,4.0,16.4,13.5,,,,,,,,,,,,,,,,,,,,,,,22.0,2.0,4.0
Dee Brown,,CAR,6,175,2001,Syracuse,1997,2000,45.0,,,,,,,,,,,,,,RB,Syracuse,493.0,2626.0,5.3,28.0,34.0,206.0,6.1,2.0,58.4,4.6,,,,,,,,,,,,,,,,,,,,,,,23.0,2.0,2.0
Tony Driver,,BUF,6,178,2001,Notre Dame,1997,1999,19.0,,,,,,,,,,,,,,RB,Notre Dame,84.0,312.0,3.7,7.0,2.0,8.0,4.0,0.0,16.4,0.4,,,,,,,,,,,,,,,,,,,,,,,24.0,0.0,0.0
Tony Driver,,BUF,6,178,2001,Notre Dame,1998,2000,22.0,,,,,,,,,,,,,,DB,Notre Dame,,,,,,,,,,,,,,,,,,,,,,,,,,4.0,116.0,0.0,,0.1818181818181818,,,24.0,0.0,0.0
Rashad Holman,,SFO,6,179,2001,Louisville,1997,2000,43.0,,,,,,,,,,,,,,DB,Louisville,,,,,,,,,,,,,,,,,,,,,,,,,,14.0,89.0,0.0,,0.3255813953488372,,,23.0,4.0,4.0
Ellis Wyms,,TAM,6,183,2001,Mississippi State,2000,2000,9.0,,,,,,,,,,,,,,DL,Mississippi State,,,,,,,,,,,,,,,,,,,,,,,,,,,,,,,,,22.0,11.0,13.0
Kevin Kasper,,DEN,6,190,2001,Iowa,1997,2000,43.0,,,,,,,,,,,,,,WR,Iowa,,,,,,,,,,,45.9,157.0,1974.0,12.6,11.0,,,,,,,,,,,,,,,,,,23.0,1.0,2.0
Dan Alexander,,OTI,6,192,2001,Nebraska,1997,2000,38.0,,,,,,,,,,,,,,RB,Nebraska,402.0,2456.0,6.1,20.0,6.0,73.0,12.2,0.0,64.6,1.9,,,,,,,,,,,,,,,,,,,,,,,23.0,0.0,0.0
Jason Doering,,CLT,6,193,2001,Wisconsin,1998,2000,21.0,,,,,,,,,,,,,,DB,Wisconsin,,,,,,,,,,,,,,,,,,,,,,,,,,6.0,22.0,0.0,,0.2857142857142857,,,23.0,5.0,6.0
Dan O'Leary,,BUF,6,195,2001,Notre Dame,1997,2000,41.0,,,,,,,,,,,,,,TE,Notre Dame,,,,,,,,,,,9.3,32.0,383.0,12.0,4.0,,,,,,,,,,,,,,,,,,24.0,0.0,0.0
Jimmy Williams,,BUF,6,196,2001,Vanderbilt,1997,1998,22.0,,,,,,,,,,,,,,RB,Vanderbilt,101.0,534.0,5.3,2.0,30.0,265.0,8.8,2.0,24.3,12.0,,,,,,,,,,,,,,,,,,,,,,-3.490740740740741,22.0,,9.0
Jimmy Williams,,BUF,6,196,2001,Vanderbilt,1999,2000,20.0,,,,,,,,,,,,,,DB,Vanderbilt,,,,,,,,,,,,,,,,,,,,,,,,,,6.0,99.0,0.0,,0.3,,-3.490740740740741,22.0,,9.0
David Martin,,GNB,6,198,2001,Tennessee,1997,2000,42.0,,,,,,,,,,,,,,WR,Tennessee,,,,,,,,,,,12.9,46.0,543.0,11.8,5.0,,,,,,,,,,,,,,,,,,22.0,6.0,12.0
Leonard Myers,,NWE,6,200,2001,Miami (FL),1997,2000,44.0,,,,,,,,,,,,,,DB,Miami (FL),,,,,,,,,,,,,,,,,,,,,,,,,,9.0,160.0,2.0,,0.2045454545454545,,,22.0,1.0,1.0
Renaldo Hill,,CRD,7,202,2001,Michigan State,1998,2000,34.0,,,,,,,,,,,,,,DB,Michigan State,,,,,,,,,,,,,,,,,,,,,,,,,,9.0,28.0,0.0,,0.2647058823529412,,,22.0,13.0,36.0
Paul Zukauskas,,CLE,7,203,2001,Boston College,1999,1999,4.0,,,,,,,,,,,,,,OL,Boston College,,,,,,,,,,,,,,,,,,,,,,,,,,,,,,,,,22.0,9.0,9.0
T.J. Houshmandzadeh,,CIN,7,204,2001,Oregon State,1999,2000,21.0,,,,,,,,,,,,,,WR,Oregon State,,,,,,,,,,,46.7,64.0,981.0,15.3,8.0,,,,,,,,,,,,,,,,,,23.0,48.0,56.0
Harold Blackmon,,SEA,7,210,2001,Northwestern,1997,2000,46.0,,,,,,,,,,,,,,DB,Northwestern,,,,,,,,,,,,,,,,,,,,,,,,,,10.0,103.0,1.0,,0.217391304347826,,,23.0,1.0,1.0
Shaunard Harts,,KAN,7,212,2001,Boise State,1997,1998,22.0,,,,,,,,,,,,,,WR,Boise State,,,,,,,,,,,20.4,31.0,449.0,14.5,3.0,,,,,,,,,,,,,,,,,,23.0,8.0,8.0
Shaunard Harts,,KAN,7,212,2001,Boise State,1999,2000,21.0,,,,,,,,,,,,,,DB,Boise State,,,,,,,,,,,,,,,,,,,,,,,,,,3.0,58.0,1.0,,0.1428571428571428,,,23.0,8.0,8.0
Reggie Germany,,BUF,7,214,2001,Ohio State,1997,2000,40.0,,,,,,,,,,,,,,WR,Ohio State,,,,,,,,,,,30.9,78.0,1234.0,15.8,5.0,,,,,,,,,,,,,,,,,,23.0,2.0,2.0
Chris Taylor,,PIT,7,218,2001,Texas A&M,1997,2000,47.0,,,,,,,,,,,,,,WR,Texas A&M,,,,,,,,,,,28.0,83.0,1316.0,15.9,7.0,,,,,,,,,,,,,,,,,2.9909090909090907,22.0,,
Mike Roberg,,CAR,7,227,2001,Idaho,1998,2000,31.0,,,,,,,,,,,,,,TE,Idaho,,,,,,,,,,,23.3,64.0,722.0,11.3,10.0,,,,,,,,,,,,,,,,,,23.0,,0.0
Derek Combs,,RAI,7,228,2001,Ohio State,1997,2000,39.0,,,,,,,,,,,,,,RB,Ohio State,266.0,1206.0,4.5,9.0,9.0,89.0,9.9,0.0,30.9,2.3,,,,,,,,,,,,,,,,,,,,,,,22.0,0.0,1.0
Ken-Yon Rambo,,RAI,7,229,2001,Ohio State,1997,2000,44.0,,,,,,,,,,,,,,WR,Ohio State,,,,,,,,,,,40.5,103.0,1781.0,17.3,9.0,,,,,,,,,,,,,,,,,,22.0,,1.0
Ross Kolodziej,,NYG,7,230,2001,Wisconsin,2000,2000,12.0,,,,,,,,,,,,,,DL,Wisconsin,,,,,,,,,,,,,,,,,,,,,,,,,,,,,,,,,23.0,1.0,12.0
Keith Adams,,OTI,7,232,2001,Clemson,1999,2000,11.0,,,,,,,,,,,,,,LB,Clemson,,,,,,,,,,,,,,,,,,,,,,,,,,,,,,,,,21.0,,14.0
Marlon McCree,,JAX,7,233,2001,Kentucky,1999,2000,22.0,,,,,,,,,,,,,,LB,Kentucky,,,,,,,,,,,,,,,,,,,,,,,,,,,,,,,,,24.0,13.0,35.0
Quentin McCord,,ATL,7,236,2001,Kentucky,1996,2000,39.0,,,,,,,,,,,,,,WR,Kentucky,,,,,,,,,,,44.7,112.0,1743.0,15.6,15.0,,,,,,,,,,,,,,,,,,23.0,5.0,5.0
Robert Carswell,,SDG,7,244,2001,Clemson,1999,2000,22.0,,,,,,,,,,,,,,DB,Clemson,,,,,,,,,,,,,,,,,,,,,,,,,,7.0,101.0,0.0,,0.3181818181818182,,,22.0,1.0,1.0
Andre King,,CLE,7,245,2001,Miami (FL),1997,2000,41.0,,,,,,,,,,,,,,WR,Miami (FL),,,,,,,,,,,20.3,64.0,834.0,13.0,3.0,,,,,,,,,,,,,,,,,,27.0,2.0,2.0
David Carr,150.7,HTX,1,1,2002,Fresno State,1997,2001,35.0,530.0,845.0,315.0,62.7,6927.0,61.0,20.0,7.2,2.4,8.2,8.58,13.1,197.9,QB,Fresno State,,,,,,,,,,,,,,,,,,,,,,,,,,,,,,,,,23.0,42.0,45.0
Julius Peppers,,CAR,1,2,2002,North Carolina,1999,2001,34.0,,,,,,,,,,,,,,DL,North Carolina,,,,,,,,,,,,,,,,,,,,,,,,,,,,,,,,,22.0,75.0,130.0
Joey Harrington,133.3,DET,1,3,2002,Oregon,1998,2001,31.0,445.0,813.0,368.0,54.7,6057.0,52.0,21.0,6.4,2.6,7.5,7.57,13.6,195.4,QB,Oregon,,,,,,,,,,,,,,,,,,,,,,,,,,,,,,,,,23.0,23.0,31.0
Mike Williams,,BUF,1,4,2002,Texas,2001,2001,,,,,,,,,,,,,,,OL,Texas,,,,,,,,,,,,,,,,,,,,,,,,,,,,,,,,10.072222222222223,22.0,21.0,24.0
Quentin Jammer,,SDG,1,5,2002,Texas,1998,2001,34.0,,,,,,,,,,,,,,DB,Texas,,,,,,,,,,,,,,,,,,,,,,,,,,7.0,29.0,0.0,,0.2058823529411764,,,23.0,51.0,52.0
Bryant McKinnie,,MIN,1,7,2002,Miami (FL),2000,2001,11.0,,,,,,,,,,,,,,OL,Miami (FL),,,,,,,,,,,,,,,,,,,,,,,,,,,,,,,,,22.0,52.0,64.0
Roy Williams,,DAL,1,8,2002,Oklahoma,2000,2001,24.0,,,,,,,,,,,,,,DB,Oklahoma,,,,,,,,,,,,,,,,,,,,,,,,,,0.0,0.0,0.0,,0.0,,,22.0,54.0,59.0
John Henderson,,JAX,1,9,2002,Tennessee,2000,2001,23.0,,,,,,,,,,,,,,DL,Tennessee,,,,,,,,,,,,,,,,,,,,,,,,,,,,,,,,,23.0,62.0,64.0
Dwight Freeney,,CLT,1,11,2002,Syracuse,2001,2001,,,,,,,,,,,,,,,DL,Syracuse,,,,,,,,,,,,,,,,,,,,,,,,,,,,,,,,,22.0,77.0,81.0
Donte' Stallworth,,NOR,1,13,2002,Tennessee,1999,2001,31.0,,,,,,,,,,,,,,WR,Tennessee,,,,,,,,,,,56.4,99.0,1747.0,17.6,13.0,,,,,,,,,,,,,,,,,,21.0,22.0,39.0
Jeremy Shockey,,NYG,1,14,2002,Miami (FL),2000,2001,21.0,,,,,,,,,,,,,,TE,Miami (FL),,,,,,,,,,,38.8,61.0,815.0,13.4,10.0,,,,,,,,,,,,,,,,,,22.0,35.0,48.0
William Green,,CLE,1,16,2002,Boston College,1999,2001,31.0,,,,,,,,,,,,,,RB,Boston College,501.0,2974.0,5.9,33.0,31.0,343.0,11.1,3.0,95.9,11.1,,,,,,,,,,,,,,,,,,,,,,16.477272727272727,22.0,14.0,14.0
Phillip Buchanon,,RAI,1,17,2002,Miami (FL),2000,2001,22.0,,,,,,,,,,,,,,DB,Miami (FL),,,,,,,,,,,,,,,,,,,,,,,,,,7.0,235.0,2.0,,0.3181818181818182,,,21.0,15.0,34.0
T.J. Duckett,,ATL,1,18,2002,Michigan State,1999,2001,33.0,,,,,,,,,,,,,,RB,Michigan State,580.0,3118.0,5.4,27.0,21.0,142.0,6.8,1.0,94.5,4.3,,,,,,,,,,,,,,,,,,,,,,,21.0,18.0,22.0
Ashley Lelie,,DEN,1,19,2002,Hawaii,1999,2001,36.0,,,,,,,,,,,,,,WR,Hawaii,,,,,,,,,,,92.8,194.0,3341.0,17.2,32.0,,,,,,,,,,,,,,,,,,22.0,30.0,35.0
Javon Walker,,GNB,1,20,2002,Florida State,2000,2001,20.0,,,,,,,,,,,,,,WR,Florida State,,,,,,,,,,,62.9,65.0,1257.0,19.3,10.0,,,,,,,,,,,,,,,,,,23.0,25.0,40.0
Daniel Graham,,NWE,1,21,2002,Colorado,1998,2001,42.0,,,,,,,,,,,,,,TE,Colorado,,,,,,,,,,,36.7,106.0,1543.0,14.6,11.0,,,,,,,,,,,,,,,,,,23.0,13.0,19.0
Bryan Thomas,,NYJ,1,22,2002,UAB,2000,2000,11.0,,,,,,,,,,,,,,DL,UAB,,,,,,,,,,,,,,,,,,,,,,,,,,,,,,,,,23.0,49.0,49.0
Napoleon Harris,,RAI,1,23,2002,Northwestern,1998,2001,34.0,,,,,,,,,,,,,,LB,Northwestern,,,,,,,,,,,,,,,,,,,,,,,,,,,,,,,,,23.0,14.0,33.0
Ed Reed,,RAV,1,24,2002,Miami (FL),1998,2001,45.0,,,,,,,,,,,,,,DB,Miami (FL),,,,,,,,,,,,,,,,,,,,,,,,,,21.0,389.0,4.0,,0.4666666666666667,,,23.0,100.0,102.0
Charles Grant,,NOR,1,25,2002,Georgia,1999,1999,11.0,,,,,,,,,,,,,,RB,Georgia,17.0,79.0,4.6,3.0,0.0,0.0,,0.0,7.2,0.0,,,,,,,,,,,,,,,,,,,,,,,24.0,46.0,46.0
Lito Sheppard,,PHI,1,26,2002,Florida,1999,2001,34.0,,,,,,,,,,,,,,DB,Florida,,,,,,,,,,,,,,,,,,,,,,,,,,8.0,186.0,1.0,,0.2352941176470588,,,21.0,42.0,48.0
Mike Rumph,,SFO,1,27,2002,Miami (FL),1998,2000,34.0,,,,,,,,,,,,,,DB,Miami (FL),,,,,,,,,,,,,,,,,,,,,,,,,,6.0,42.0,1.0,,0.1764705882352941,,,22.0,8.0,8.0
Jerramy Stevens,,SEA,1,28,2002,Washington,1999,2001,27.0,,,,,,,,,,,,,,TE,Washington,,,,,,,,,,,35.3,74.0,953.0,12.9,8.0,,,,,,,,,,,,,,,,,,22.0,13.0,18.0
Robert Thomas,,RAM,1,31,2002,UCLA,1998,2001,11.0,,,,,,,,,,,,,,LB,UCLA,,,,,,,,,,,,,,,,,,,,,,,,,,,,,,,,,22.0,13.0,21.0
Patrick Ramsey,126.0,WAS,1,32,2002,Tulane,1998,2001,35.0,798.0,1355.0,557.0,58.9,9205.0,72.0,51.0,5.3,3.8,6.8,6.16,11.5,263.0,QB,Tulane,,,,,,,,,,,,,,,,,,,,,,,,,,,,,,,,,23.0,13.0,14.0
Jabar Gaffney,,HTX,2,33,2002,Florida,2000,2001,23.0,,,,,,,,,,,,,,WR,Florida,,,,,,,,,,,103.3,138.0,2375.0,17.2,27.0,,,,,,,,,,,,,,,,,,21.0,14.0,42.0
Deshaun Foster,,CAR,2,34,2002,UCLA,1998,2001,38.0,,,,,,,,,,,,,,RB,UCLA,686.0,3049.0,4.4,39.0,57.0,535.0,9.4,4.0,80.2,14.1,,,,,,,,,,,,,,,,,,,,,,,22.0,30.0,32.0
Kalimba Edwards,,DET,2,35,2002,South Carolina,2000,2000,11.0,,,,,,,,,,,,,,LB,South Carolina,,,,,,,,,,,,,,,,,,,,,,,,,,,,,,,,,22.0,15.0,20.0
Josh Reed,,BUF,2,36,2002,LSU,1999,2001,31.0,,,,,,,,,,,,,,WR,LSU,,,,,,,,,,,96.8,167.0,3001.0,18.0,17.0,,,,,,,,,,,,,,,,,,22.0,27.0,27.0
Andre Gurode,,DAL,2,37,2002,Colorado,2001,2001,,,,,,,,,,,,,,,OL,Colorado,,,,,,,,,,,,,,,,,,,,,,,,,,,,,,,,,24.0,62.0,65.0
Raonall Smith,,MIN,2,38,2002,Washington State,2001,2001,10.0,,,,,,,,,,,,,,LB,Washington State,,,,,,,,,,,,,,,,,,,,,,,,,,,,,,,,,23.0,5.0,6.0
Mike Pearson,,JAX,2,40,2002,Florida,2001,2001,,,,,,,,,,,,,,,OL,Florida,,,,,,,,,,,,,,,,,,,,,,,,,,,,,,,,,22.0,17.0,17.0
Lamont Thompson,,CIN,2,41,2002,Washington State,1997,2001,42.0,,,,,,,,,,,,,,DB,Washington State,,,,,,,,,,,,,,,,,,,,,,,,,,21.0,222.0,1.0,,0.5,,,24.0,1.0,17.0
Lecharles Bentley,,NOR,2,44,2002,Ohio State,2001,2001,,,,,,,,,,,,,,,OL,Ohio State,,,,,,,,,,,,,,,,,,,,,,,,,,,,,,,,,22.0,29.0,29.0
Tank Williams,,OTI,2,45,2002,Stanford,1999,2001,32.0,,,,,,,,,,,,,,DB,Stanford,,,,,,,,,,,,,,,,,,,,,,,,,,9.0,50.0,0.0,,0.28125,,,22.0,19.0,20.0
Tim Carter,,NYG,2,46,2002,Auburn,1999,2001,29.0,,,,,,,,,,,,,,WR,Auburn,,,,,,,,,,,29.0,57.0,842.0,14.8,4.0,,,,,,,,,,,,,,,,,,22.0,9.0,10.0
Andre Davis,,CLE,2,47,2002,Virginia Tech,1998,2001,39.0,,,,,,,,,,,,,,WR,Virginia Tech,,,,,,,,,,,50.9,103.0,1986.0,19.3,18.0,,,,,,,,,,,,,,,,,1.743548387096774,23.0,12.0,25.0
Reche Caldwell,,SDG,2,48,2002,Florida,1999,2001,35.0,,,,,,,,,,,,,,WR,Florida,,,,,,,,,,,59.7,141.0,2088.0,14.8,18.0,,,,,,,,,,,,,,,,,,23.0,11.0,20.0
Levar Fisher,,CRD,2,49,2002,North Carolina State,2000,2001,22.0,,,,,,,,,,,,,,LB,North Carolina State,,,,,,,,,,,,,,,,,,,,,,,,,,,,,,,,,23.0,6.0,6.0
Clinton Portis,,DEN,2,51,2002,Miami (FL),1999,2001,29.0,,,,,,,,,,,,,,RB,Miami (FL),440.0,2523.0,5.7,20.0,21.0,272.0,13.0,3.0,87.0,9.4,,,,,,,,,,,,,,,,,,,,,,,21.0,30.0,72.0
Anthony Weaver,,RAV,2,52,2002,Notre Dame,2000,2001,22.0,,,,,,,,,,,,,,DL,Notre Dame,,,,,,,,,,,,,,,,,,,,,,,,,,,,,,,,,22.0,28.0,41.0
Maurice Morris,,SEA,2,54,2002,Oregon,2000,2001,21.0,,,,,,,,,,,,,,RB,Oregon,429.0,2066.0,4.8,16.0,30.0,203.0,6.8,2.0,98.4,9.7,,,,,,,,,,,,,,,,,,,,,,,22.0,18.0,27.0
Doug Jolley,,RAI,2,55,2002,BYU,1999,2001,33.0,,,,,,,,,,,,,,TE,BYU,,,,,,,,,,,23.3,52.0,768.0,14.8,11.0,,,,,,,,,,,,,,,,,,23.0,9.0,11.0
Ladell Betts,,WAS,2,56,2002,Iowa,1998,2001,45.0,,,,,,,,,,,,,,RB,Iowa,830.0,3682.0,4.4,25.0,71.0,692.0,9.7,2.0,81.8,15.4,,,,,,,,,,,,,,,,,,,,,,,23.0,30.0,31.0
Jon McGraw,,NYJ,2,57,2002,Kansas State,1998,2001,44.0,,,,,,,,,,,,,,DB,Kansas State,,,,,,,,,,,,,,,,,,,,,,,,,,9.0,128.0,1.0,,0.2045454545454545,,,23.0,4.0,18.0
Michael Lewis,,PHI,2,58,2002,Colorado,1998,2001,29.0,,,,,,,,,,,,,,DB,Colorado,,,,,,,,,,,,,,,,,,,,,,,,,,9.0,112.0,1.0,,0.3103448275862069,,-26.3,22.0,27.0,43.0
Sheldon Brown,,PHI,2,59,2002,South Carolina,1998,2001,43.0,,,,,,,,,,,,,,DB,South Carolina,,,,,,,,,,,,,,,,,,,,,,,,,,9.0,169.0,0.0,,0.2093023255813953,,,23.0,39.0,55.0
Ryan Denney,,BUF,2,61,2002,BYU,2001,2001,13.0,,,,,,,,,,,,,,DL,BYU,,,,,,,,,,,,,,,,,,,,,,,,,,,,,,,,,25.0,23.0,23.0
Antwaan Randle El,115.1,PIT,2,62,2002,Indiana,1998,2001,44.0,528.0,1060.0,532.0,49.8,7469.0,42.0,37.0,4.0,3.5,7.0,6.27,14.1,169.8,QB,Indiana,,,,,,,,,,,,,,,,,,,,,,,,,,,,,,,,,23.0,28.0,43.0
Antonio Bryant,,DAL,2,63,2002,Pitt,1999,2001,31.0,,,,,,,,,,,,,,WR,Pitt,,,,,,,,,,,90.5,161.0,2805.0,17.4,26.0,,,,,,,,,,,,,,,,,,21.0,8.0,38.0
Travis Fisher,,RAM,2,64,2002,UCF,1999,2001,32.0,,,,,,,,,,,,,,DB,UCF,,,,,,,,,,,,,,,,,,,,,,,,,,4.0,36.0,0.0,,0.125,,,22.0,19.0,25.0
Deion Branch,,NWE,2,65,2002,Louisville,2000,2001,23.0,,,,,,,,,,,,,,WR,Louisville,,,,,,,,,,,95.8,143.0,2204.0,15.4,18.0,,,,,,,,,,,,,,,,,,23.0,39.0,52.0
Matt Schobel,,CIN,3,67,2002,Texas Christian,1999,2001,27.0,,,,,,,,,,,,,,WR,Texas Christian,,,,,,,,,,,14.0,27.0,378.0,14.0,6.0,,,,,,,,,,,,,,,,,,23.0,8.0,11.0
Andre Goodman,,DET,3,68,2002,South Carolina,2000,2001,21.0,,,,,,,,,,,,,,DB,South Carolina,,,,,,,,,,,,,,,,,,,,,,,,,,4.0,83.0,0.0,,0.1904761904761904,,,24.0,7.0,34.0
Willie Offord,,MIN,3,70,2002,South Carolina,2000,2001,22.0,,,,,,,,,,,,,,DB,South Carolina,,,,,,,,,,,,,,,,,,,,,,,,,,2.0,0.0,0.0,,0.0909090909090909,,,23.0,5.0,5.0
Ben Leber,,SDG,3,71,2002,Kansas State,2000,2000,13.0,,,,,,,,,,,,,,LB,Kansas State,,,,,,,,,,,,,,,,,,,,,,,,,,,,,,,,,23.0,17.0,46.0
Derek Ross,,DAL,3,75,2002,Ohio State,2000,2001,22.0,,,,,,,,,,,,,,DB,Ohio State,,,,,,,,,,,,,,,,,,,,,,,,,,9.0,217.0,1.0,,0.4090909090909091,,,22.0,6.0,6.0
Rocky Calmus,,OTI,3,77,2002,Oklahoma,1999,2001,35.0,,,,,,,,,,,,,,LB,Oklahoma,,,,,,,,,,,,,,,,,,,,,,,,,,,,,,,,,23.0,8.0,8.0
Rashad Bauman,,WAS,3,79,2002,Oregon,1997,2001,44.0,,,,,,,,,,,,,,DB,Oregon,,,,,,,,,,,,,,,,,,,,,,,,,,11.0,293.0,3.0,,0.25,,,23.0,2.0,3.0
Will Overstreet,,ATL,3,80,2002,Tennessee,2000,2000,11.0,,,,,,,,,,,,,,DL,Tennessee,,,,,,,,,,,,,,,,,,,,,,,,,,,,,,,,,22.0,1.0,1.0
Josh McCown,105.3,CRD,3,81,2002,,1998,2000,30.0,340.0,664.0,324.0,51.2,4022.0,27.0,34.0,4.1,5.1,6.1,4.57,11.8,134.1,QB,SMU,,,,,,,,,,,,,,,,,,,,,,,,,,,,,,,,,23.0,13.0,40.0
Kris Richard,,SEA,3,85,2002,USC,1998,2001,45.0,,,,,,,,,,,,,,DB,USC,,,,,,,,,,,,,,,,,,,,,,,,,,8.0,157.0,3.0,,0.1777777777777777,,,23.0,2.0,2.0
Cliff Russell,,WAS,3,87,2002,Utah,1999,2001,28.0,,,,,,,,,,,,,,WR,Utah,,,,,,,,,,,66.5,124.0,1862.0,15.0,10.0,,,,,,,,,,,,,,,,,,23.0,0.0,0.0
Chris Baker,,NYJ,3,88,2002,Michigan State,1998,2001,44.0,,,,,,,,,,,,,,TE,Michigan State,,,,,,,,,,,37.3,127.0,1640.0,12.9,13.0,,,,,,,,,,,,,,,,,,22.0,12.0,13.0
Akin Ayodele,,JAX,3,89,2002,Purdue,2000,2001,22.0,,,,,,,,,,,,,,LB,Purdue,,,,,,,,,,,,,,,,,,,,,,,,,,,,,,,,,22.0,25.0,48.0
Marques Anderson,,GNB,3,92,2002,UCLA,1997,2001,33.0,,,,,,,,,,,,,,DB,UCLA,,,,,,,,,,,,,,,,,,,,,,,,,,8.0,63.0,0.0,,0.2424242424242424,,,23.0,11.0,14.0
Terrence Metcalf,,CHI,3,93,2002,Ole Miss,2001,2001,,,,,,,,,,,,,,,OL,Ole Miss,,,,,,,,,,,,,,,,,,,,,,,,,,,,,,,,,24.0,11.0,11.0
Chris Hope,,PIT,3,94,2002,Florida State,1999,2001,34.0,,,,,,,,,,,,,,DB,Florida State,,,,,,,,,,,,,,,,,,,,,,,,,,9.0,28.0,0.0,,0.2647058823529412,,,21.0,15.0,46.0
Coy Wire,,BUF,3,97,2002,Stanford,1998,1999,17.0,,,,,,,,,,,,,,RB,Stanford,173.0,615.0,3.6,6.0,19.0,115.0,6.1,0.0,36.2,6.8,,,,,,,,,,,,,,,,,,,,,,,23.0,11.0,22.0
Coy Wire,,BUF,3,97,2002,Stanford,2000,2001,22.0,,,,,,,,,,,,,,LB,Stanford,,,,,,,,,,,,,,,,,,,,,,,,,,,,,,,,,23.0,11.0,22.0
Jonathan Wells,,HTX,4,99,2002,Ohio State,1998,2001,45.0,,,,,,,,,,,,,,RB,Ohio State,439.0,2262.0,5.2,26.0,24.0,229.0,9.5,0.0,50.3,5.1,,,,,,,,,,,,,,,,,,,,,,,23.0,11.0,11.0
Kevin Bentley,,CLE,4,101,2002,Northwestern,1999,2001,33.0,,,,,,,,,,,,,,LB,Northwestern,,,,,,,,,,,,,,,,,,,,,,,,,,,,,,,,,22.0,11.0,23.0
Justin Peelle,,SDG,4,103,2002,Oregon,1999,2001,33.0,,,,,,,,,,,,,,TE,Oregon,,,,,,,,,,,25.2,54.0,830.0,15.4,12.0,,,,,,,,,,,,,,,,,,23.0,2.0,8.0
Alex Brown,,CHI,4,104,2002,Florida,1999,2001,24.0,,,,,,,,,,,,,,DL,Florida,,,,,,,,,,,,,,,,,,,,,,,,,,,,,,,,,23.0,54.0,59.0
Brian Williams,,MIN,4,105,2002,North Carolina State,1998,2001,42.0,,,,,,,,,,,,,,DB,North Carolina State,,,,,,,,,,,,,,,,,,,,,,,,,,5.0,14.0,0.0,,0.119047619047619,,-7.472727272727273,23.0,15.0,34.0
David Thornton,,CLT,4,106,2002,North Carolina,2001,2001,12.0,,,,,,,,,,,,,,LB,North Carolina,,,,,,,,,,,,,,,,,,,,,,,,,,,,,,,,,23.0,19.0,42.0
Omar Easy,,KAN,4,107,2002,Penn State,1998,2001,41.0,,,,,,,,,,,,,,RB,Penn State,155.0,659.0,4.3,5.0,26.0,250.0,9.6,1.0,16.1,6.1,,,,,,,,,,,,,,,,,,,,,,,24.0,0.0,0.0
David Garrard,132.1,JAX,4,108,2002,East Carolina,1998,2001,44.0,666.0,1169.0,503.0,57.0,9029.0,60.0,39.0,5.1,3.3,7.7,7.25,13.6,205.2,QB,East Carolina,,,,,,,,,,,,,,,,,,,,,,,,,,,,,,,,,24.0,62.0,62.0
Mike Echols,,OTI,4,110,2002,Wisconsin,1998,2001,45.0,,,,,,,,,,,,,,DB,Wisconsin,,,,,,,,,,,,,,,,,,,,,,,,,,12.0,111.0,1.0,,0.2666666666666666,,,23.0,0.0,0.0
Ben Taylor,,CLE,4,111,2002,Virginia Tech,2000,2001,22.0,,,,,,,,,,,,,,LB,Virginia Tech,,,,,,,,,,,,,,,,,,,,,,,,,,,,,,,,,24.0,13.0,14.0
Randy McMichael,,MIA,4,114,2002,Georgia,1999,2001,32.0,,,,,,,,,,,,,,TE,Georgia,,,,,,,,,,,37.9,90.0,1213.0,13.5,5.0,,,,,,,,,,,,,,,,,,23.0,25.0,33.0
Rohan Davey,151.2,NWE,4,117,2002,LSU,1998,2001,25.0,286.0,478.0,192.0,59.8,4415.0,29.0,15.0,6.1,3.1,9.2,9.04,15.4,176.6,QB,LSU,,,,,,,,,,,,,,,,,,,,,,,,,,,,,,,,,24.0,0.0,0.0
Chris Luzar,,JAX,4,118,2002,Virginia,1998,2001,43.0,,,,,,,,,,,,,,TE,Virginia,,,,,,,,,,,13.9,53.0,598.0,11.3,0.0,,,,,,,,,,,,,,,,,,23.0,0.0,0.0
Travis Stephens,,TAM,4,119,2002,Tennessee,1997,2001,42.0,,,,,,,,,,,,,,RB,Tennessee,488.0,2336.0,4.8,21.0,27.0,200.0,7.4,1.0,55.6,4.8,,,,,,,,,,,,,,,,,,,,,,,24.0,0.0,0.0
Terreal Bierria,,SEA,4,120,2002,Georgia,1999,2000,22.0,,,,,,,,,,,,,,DB,Georgia,,,,,,,,,,,,,,,,,,,,,,,,,,4.0,100.0,1.0,,0.1818181818181818,,,21.0,6.0,6.0
Alan Harper,,NYJ,4,121,2002,Fresno State,2001,2001,13.0,,,,,,,,,,,,,,DL,Fresno State,,,,,,,,,,,,,,,,,,,,,,,,,,,,,,,,,23.0,1.0,1.0
Darnell Sanders,,CLE,4,122,2002,Ohio State,1999,2001,33.0,,,,,,,,,,,,,,TE,Ohio State,,,,,,,,,,,11.2,32.0,371.0,11.6,7.0,,,,,,,,,,,,,,,,,,23.0,1.0,1.0
Ron Johnson,,RAV,4,123,2002,Minnesota,1998,2001,44.0,,,,,,,,,,,,,,WR,Minnesota,,,,,,,,,,,65.4,189.0,2877.0,15.2,29.0,,,,,,,,,,,,,,,,,-11.004255319148935,22.0,1.0,1.0
Keyuo Craver,,NOR,4,125,2002,Nebraska,1998,2001,47.0,,,,,,,,,,,,,,DB,Nebraska,,,,,,,,,,,,,,,,,,,,,,,,,,7.0,115.0,1.0,,0.1489361702127659,,,22.0,2.0,2.0
Larry Foote,,PIT,4,128,2002,Michigan,1999,2001,22.0,,,,,,,,,,,,,,LB,Michigan,,,,,,,,,,,,,,,,,,,,,,,,,,,,,,,,,22.0,51.0,62.0
Jamar Martin,,DAL,4,129,2002,Ohio State,1998,2001,38.0,,,,,,,,,,,,,,RB,Ohio State,61.0,226.0,3.7,4.0,21.0,192.0,9.1,2.0,5.9,5.1,,,,,,,,,,,,,,,,,,,,,,,22.0,0.0,0.0
Sam Brandon,,DEN,4,131,2002,Nevada-Las Vegas,1998,1998,9.0,,,,,,,,,,,,,,WR,Nevada-Las Vegas,,,,,,,,,,,13.6,12.0,122.0,10.2,1.0,,,,,,,,,,,,,,,,,,23.0,9.0,9.0
Sam Brandon,,DEN,4,131,2002,Nevada-Las Vegas,2000,2001,23.0,,,,,,,,,,,,,,DB,Nevada-Las Vegas,,,,,,,,,,,,,,,,,,,,,,,,,,3.0,112.0,1.0,,0.1304347826086956,,,23.0,9.0,9.0
Najeh Davenport,,GNB,4,135,2002,Miami (FL),1998,2001,33.0,,,,,,,,,,,,,,RB,Miami (FL),156.0,830.0,5.3,13.0,35.0,381.0,10.9,3.0,25.2,11.5,,,,,,,,,,,,,,,,,,,,,,,23.0,9.0,18.0
Jarrod Baxter,,HTX,5,136,2002,New Mexico,1998,2001,46.0,,,,,,,,,,,,,,RB,New Mexico,463.0,2102.0,4.5,19.0,15.0,114.0,7.6,0.0,45.7,2.5,,,,,,,,,,,,,,,,,,,,,,,23.0,0.0,0.0
Randy Fasani,135.0,CAR,5,137,2002,Stanford,1998,2001,36.0,188.0,369.0,181.0,50.9,2973.0,25.0,11.0,6.8,3.0,8.1,8.07,15.8,82.6,QB,Stanford,,,,,,,,,,,,,,,,,,,,,,,,,,,,,,,,,23.0,1.0,1.0
John Owens,,DET,5,138,2002,Notre Dame,2001,2001,11.0,,,,,,,,,,,,,,TE,Notre Dame,,,,,,,,,,,7.2,6.0,79.0,13.2,1.0,,,,,,,,,,,,,,,,,,22.0,0.0,0.0
Justin Bannan,,BUF,5,139,2002,Colorado,2000,2000,11.0,,,,,,,,,,,,,,DL,Colorado,,,,,,,,,,,,,,,,,,,,,,,,,,,,,,,,,23.0,6.0,36.0
Bobby Gray,,CHI,5,140,2002,Louisiana Tech,1998,2001,44.0,,,,,,,,,,,,,,DB,Louisiana Tech,,,,,,,,,,,,,,,,,,,,,,,,,,5.0,55.0,1.0,,0.1136363636363636,,,24.0,6.0,6.0
Andra Davis,,CLE,5,141,2002,Florida,2001,2001,11.0,,,,,,,,,,,,,,LB,Florida,,,,,,,,,,,,,,,,,,,,,,,,,,,,,,,,,23.0,37.0,44.0
Herb Haygood,,DEN,5,144,2002,Michigan State,1998,2001,44.0,,,,,,,,,,,,,,WR,Michigan State,,,,,,,,,,,36.2,110.0,1591.0,14.5,7.0,,,,,,,,,,,,,,,,,,24.0,0.0,0.0
Kyle Johnson,,CAR,5,145,2002,Syracuse,1997,2001,42.0,,,,,,,,,,,,,,RB,Syracuse,101.0,466.0,4.6,8.0,13.0,116.0,8.9,2.0,11.1,2.8,,,,,,,,,,,,,,,,,,,,,,1.359090909090909,23.0,,4.0
Kevin McCadam,,ATL,5,148,2002,Colorado State,2001,2001,11.0,,,,,,,,,,,,,,DB,Virginia Tech,,,,,,,,,,,,,,,,,,,,,,,,,,3.0,69.0,1.0,,0.2727272727272727,,,23.0,5.0,6.0
Jason McAddley,,CRD,5,149,2002,Alabama,1998,2001,44.0,,,,,,,,,,,,,,WR,Alabama,,,,,,,,,,,23.2,71.0,1020.0,14.4,8.0,,,,,,,,,,,,,,,,,,23.0,3.0,4.0
Jake Schifino,,OTI,5,151,2002,Akron,1998,2001,40.0,,,,,,,,,,,,,,WR,Akron,,,,,,,,,,,49.7,131.0,1986.0,15.2,10.0,,,,,,,,,,,,,,,,,,22.0,0.0,0.0
Nick Greisen,,NYG,5,152,2002,Wisconsin,2000,2001,24.0,,,,,,,,,,,,,,LB,Wisconsin,,,,,,,,,,,,,,,,,,,,,,,,,,,,,,,,,23.0,12.0,21.0
Ramon Walker,,HTX,5,153,2002,Pitt,1999,2001,22.0,,,,,,,,,,,,,,DB,Pitt,,,,,,,,,,,,,,,,,,,,,,,,,,2.0,18.0,0.0,,0.0909090909090909,,,22.0,3.0,3.0
Terry Jones Jr.,,RAV,5,155,2002,Alabama,1999,2001,27.0,,,,,,,,,,,,,,TE,Alabama,,,,,,,,,,,17.8,31.0,480.0,15.5,3.0,,,,,,,,,,,,,,,,,,22.0,4.0,5.0
Aaron Kampman,,GNB,5,156,2002,Iowa,2000,2001,23.0,,,,,,,,,,,,,,DL,Iowa,,,,,,,,,,,,,,,,,,,,,,,,,,,,,,,,,22.0,54.0,55.0
Jermaine Phillips,,TAM,5,157,2002,Georgia,1999,1999,11.0,,,,,,,,,,,,,,WR,Georgia,,,,,,,,,,,21.4,18.0,235.0,13.1,1.0,,,,,,,,,,,,,,,,,,23.0,32.0,32.0
Jermaine Phillips,,TAM,5,157,2002,Georgia,2000,2001,22.0,,,,,,,,,,,,,,DB,Georgia,,,,,,,,,,,,,,,,,,,,,,,,,,5.0,89.0,1.0,,0.2272727272727272,,,23.0,32.0,32.0
Kurt Kittner,123.7,ATL,5,158,2002,Illinois,1998,2001,41.0,654.0,1205.0,551.0,54.3,8206.0,64.0,32.0,5.3,2.7,6.8,6.68,12.5,200.1,QB,Illinois,,,,,,,,,,,,,,,,,,,,,,,,,,,,,,,,,22.0,1.0,1.0
Andre Lott,,WAS,5,159,2002,Tennessee,1999,2000,22.0,,,,,,,,,,,,,,DB,Tennessee,,,,,,,,,,,,,,,,,,,,,,,,,,2.0,18.0,0.0,,0.0909090909090909,,,23.0,4.0,4.0
Robert Royal,,WAS,5,160,2002,LSU,1999,1999,10.0,,,,,,,,,,,,,,RB,LSU,0.0,0.0,,0.0,19.0,143.0,7.5,1.0,0.0,14.3,,,,,,,,,,,,,,,,,,,,,,,23.0,2.0,9.0
Robert Royal,,WAS,5,160,2002,LSU,2000,2001,23.0,,,,,,,,,,,,,,TE,LSU,,,,,,,,,,,24.5,40.0,564.0,14.1,6.0,,,,,,,,,,,,,,,,,,23.0,2.0,9.0
Omare Lowe,,MIA,5,161,2002,Washington,1998,1998,11.0,,,,,,,,,,,,,,LB,Washington,,,,,,,,,,,,,,,,,,,,,,,,,,,,,,,,,24.0,0.0,2.0
Omare Lowe,,MIA,5,161,2002,Washington,1999,2001,32.0,,,,,,,,,,,,,,DB,Washington,,,,,,,,,,,,,,,,,,,,,,,,,,4.0,52.0,1.0,,0.125,,,24.0,0.0,2.0
Craig Nall,80.0,GNB,5,164,2002,LSU,1998,2000,16.0,35.0,79.0,44.0,44.3,431.0,0.0,4.0,0.0,5.1,5.5,3.18,12.3,26.9,QB,LSU,,,,,,,,,,,,,,,,,,,,,,,,,,,,,,,,,23.0,1.0,1.0
Bryan Knight,,CHI,5,165,2002,Pitt,1999,2000,22.0,,,,,,,,,,,,,,DL,Pitt,,,,,,,,,,,,,,,,,,,,,,,,,,,,,,,,,23.0,4.0,4.0
Verron Haynes,,PIT,5,166,2002,Georgia,1999,2001,31.0,,,,,,,,,,,,,,RB,Georgia,137.0,738.0,5.4,8.0,19.0,242.0,12.7,2.0,23.8,7.8,,,,,,,,,,,,,,,,,,,,,,,23.0,9.0,9.0
Sam Simmons,,MIA,5,170,2002,Northwestern,1998,1999,19.0,,,,,,,,,,,,,,RB,Northwestern,43.0,189.0,4.4,1.0,17.0,393.0,23.1,2.0,9.9,20.7,,,,,,,,,,,,,,,,,,,,,,,22.0,0.0,0.0
Sam Simmons,,MIA,5,170,2002,Northwestern,2000,2001,21.0,,,,,,,,,,,,,,WR,Northwestern,,,,,,,,,,,61.0,85.0,1281.0,15.1,12.0,,,,,,,,,,,,,,,,,,22.0,0.0,0.0
Josh Shaw,,SFO,5,172,2002,Michigan State,2001,2001,7.0,,,,,,,,,,,,,,DL,Michigan State,,,,,,,,,,,,,,,,,,,,,,,,,,,,,,,,22.315384615384616,23.0,0.0,1.0
Demarcus Faggins,,HTX,6,173,2002,Kansas State,2001,2001,11.0,,,,,,,,,,,,,,DB,Kansas State,,,,,,,,,,,,,,,,,,,,,,,,,,5.0,89.0,0.0,,0.4545454545454545,,,23.0,14.0,14.0
Chris Cash,,DET,6,175,2002,USC,2000,2001,21.0,,,,,,,,,,,,,,DB,USC,,,,,,,,,,,,,,,,,,,,,,,,,,4.0,16.0,0.0,,0.1904761904761904,,,22.0,7.0,7.0
Kevin Thomas,,BUF,6,176,2002,Nevada-Las Vegas,1999,2001,34.0,,,,,,,,,,,,,,DB,Nevada-Las Vegas,,,,,,,,,,,,,,,,,,,,,,,,,,14.0,327.0,4.0,,0.4117647058823529,,-4.063414634146342,24.0,5.0,5.0
Marquand Manuel,,CIN,6,181,2002,Florida,1998,2001,46.0,,,,,,,,,,,,,,DB,Florida,,,,,,,,,,,,,,,,,,,,,,,,,,6.0,84.0,0.0,,0.1304347826086956,,,23.0,3.0,22.0
David Pugh,,CLT,6,182,2002,Virginia Tech,2000,2000,11.0,,,,,,,,,,,,,,DL,Virginia Tech,,,,,,,,,,,,,,,,,,,,,,,,,,,,,,,,,23.0,1.0,1.0
Kahlil Hill,,ATL,6,184,2002,Iowa,1998,2001,34.0,,,,,,,,,,,,,,WR,Iowa,,,,,,,,,,,54.2,146.0,1843.0,12.6,15.0,,,,,,,,,,,,,,,,,,23.0,0.0,0.0
Josh Scobey,,CRD,6,185,2002,Kansas State,2000,2001,24.0,,,,,,,,,,,,,,RB,Kansas State,409.0,1981.0,4.8,31.0,13.0,81.0,6.2,0.0,82.5,3.4,,,,,,,,,,,,,,,,,,,,,,,22.0,3.0,3.0
Wesly Mallard,,NYG,6,188,2002,Oregon,2001,2001,11.0,,,,,,,,,,,,,,LB,Oregon,,,,,,,,,,,,,,,,,,,,,,,,,,,,,,,,,23.0,2.0,3.0
Jeb Putzier,,DEN,6,191,2002,Boise State,1998,2001,46.0,,,,,,,,,,,,,,TE,Boise State,,,,,,,,,,,44.6,128.0,2050.0,16.0,19.0,,,,,,,,,,,,,,,,,,23.0,11.0,12.0
John Gilmore,,NOR,6,196,2002,Penn State,1998,2001,34.0,,,,,,,,,,,,,,TE,Penn State,,,,,,,,,,,18.6,58.0,634.0,10.9,3.0,,,,,,,,,,,,,,,,,,22.0,0.0,3.0
Larry Ned,,RAI,6,197,2002,San Diego State,1998,2001,37.0,,,,,,,,,,,,,,RB,San Diego State,765.0,3562.0,4.7,36.0,39.0,343.0,8.8,0.0,96.3,9.3,,,,,,,,,,,,,,,,,,,,,,,24.0,,0.0
Tyreo Harrison,,PHI,6,198,2002,Notre Dame,2000,2001,22.0,,,,,,,,,,,,,,LB,Notre Dame,,,,,,,,,,,,,,,,,,,,,,,,,,,,,,,,,22.0,1.0,1.0
Mark Anelli,,SFO,6,201,2002,Wisconsin,1999,2001,32.0,,,,,,,,,,,,,,TE,Wisconsin,,,,,,,,,,,15.0,48.0,481.0,10.0,3.0,,,,,,,,,,,,,,,,,,23.0,0.0,0.0
Lee Mays,,PIT,6,202,2002,UTEP,1998,2001,45.0,,,,,,,,,,,,,,WR,UTEP,,,,,,,,,,,64.9,200.0,2920.0,14.6,28.0,,,,,,,,,,,,,,,,,,23.0,2.0,2.0
Brian Allen,,CLT,6,204,2002,Stanford,1998,2001,44.0,,,,,,,,,,,,,,RB,Stanford,482.0,2117.0,4.4,13.0,23.0,226.0,9.8,0.0,48.1,5.1,,,,,,,,,,,,,,,,,,,,,,10.926666666666668,22.0,0.0,0.0
Javin Hunter,,RAV,6,206,2002,Notre Dame,1998,2001,45.0,,,,,,,,,,,,,,WR,Notre Dame,,,,,,,,,,,19.3,63.0,867.0,13.8,4.0,,,,,,,,,,,,,,,,,,22.0,0.0,0.0
Chester Taylor,,RAV,6,207,2002,Toledo,1998,2001,43.0,,,,,,,,,,,,,,RB,Toledo,803.0,4646.0,5.8,55.0,61.0,554.0,9.1,5.0,108.0,12.9,,,,,,,,,,,,,,,,,,,,,,,22.0,12.0,41.0
Chad Williams,,RAV,6,209,2002,Southern Mississippi,1999,2001,33.0,,,,,,,,,,,,,,DB,Southern Mississippi,,,,,,,,,,,,,,,,,,,,,,,,,,2.0,37.0,0.0,,0.0606060606060606,,,23.0,8.0,9.0
Bryan Fletcher,,CHI,6,210,2002,UCLA,1998,2001,42.0,,,,,,,,,,,,,,TE,UCLA,,,,,,,,,,,9.6,29.0,405.0,14.0,3.0,,,,,,,,,,,,,,,,,,23.0,,8.0
Lavar Glover,,PIT,7,212,2002,Cincinnati,1998,2001,44.0,,,,,,,,,,,,,,DB,Cincinnati,,,,,,,,,,,,,,,,,,,,,,,,,,2.0,68.0,2.0,,0.0454545454545454,,,23.0,,0.0
Chad Beasley,,MIN,7,218,2002,Virginia Tech,1998,2000,22.0,,,,,,,,,,,,,,DL,Virginia Tech,,,,,,,,,,,,,,,,,,,,,,,,,,,,,,,,,23.0,,2.0
Kendall Newson,,JAX,7,222,2002,Middle Tennessee State,1999,2001,33.0,,,,,,,,,,,,,,WR,Middle Tennessee State,,,,,,,,,,,80.6,208.0,2659.0,12.8,17.0,,,,,,,,,,,,,,,,,,22.0,,1.0
Mike Banks,,CRD,7,223,2002,Iowa State,1999,2001,26.0,,,,,,,,,,,,,,TE,Iowa State,,,,,,,,,,,22.5,59.0,584.0,9.9,0.0,,,,,,,,,,,,,,,,,,22.0,0.0,0.0
Darrell Hill,,OTI,7,225,2002,Northern Illinois,1998,2001,35.0,,,,,,,,,,,,,,WR,Northern Illinois,,,,,,,,,,,45.6,88.0,1595.0,18.1,13.0,,,,,,,,,,,,,,,,,,23.0,0.0,0.0
Daryl Jones,,NYG,7,226,2002,Miami (FL),1997,2001,39.0,,,,,,,,,,,,,,WR,Miami (FL),,,,,,,,,,,21.0,59.0,819.0,13.9,5.0,,,,,,,,,,,,,,,,,-7.26,23.0,1.0,1.0
Chris Young,,DEN,7,228,2002,Georgia Tech,1999,2001,34.0,,,,,,,,,,,,,,DB,Georgia Tech,,,,,,,,,,,,,,,,,,,,,,,,,,4.0,33.0,0.0,,0.1176470588235294,,6.171428571428572,22.0,2.0,2.0
Jeff Kelly,130.4,SEA,7,232,2002,Southern Mississippi,1998,2001,40.0,571.0,975.0,404.0,58.6,7095.0,51.0,32.0,5.2,3.3,7.3,6.85,12.4,177.4,QB,Southern Mississippi,,,,,,,,,,,,,,,,,,,,,,,,,,,,,,,,,23.0,,
Tim Wansley,,TAM,7,233,2002,Georgia,1998,2001,43.0,,,,,,,,,,,,,,DB,Georgia,,,,,,,,,,,,,,,,,,,,,,,,,,10.0,204.0,3.0,,0.2325581395348837,,,23.0,4.0,4.0
Ronald Curry,113.1,RAI,7,235,2002,North Carolina,1998,2001,37.0,345.0,695.0,350.0,49.6,4987.0,28.0,35.0,4.0,5.0,7.2,5.72,14.5,134.8,QB,North Carolina,,,,,,,,,,,,,,,,,,,,,,,,,,,,,,,,,23.0,16.0,16.0
Raheem Brock,,PHI,7,238,2002,Temple,2001,2001,11.0,,,,,,,,,,,,,,DL,Temple,,,,,,,,,,,,,,,,,,,,,,,,,,,,,,,,,24.0,,43.0
Carlos Hall,,OTI,7,240,2002,Arkansas,2000,2001,22.0,,,,,,,,,,,,,,DL,Arkansas,,,,,,,,,,,,,,,,,,,,,,,,,,,,,,,,,23.0,15.0,17.0
Leonard Henry,,MIA,7,241,2002,East Carolina,1998,2001,43.0,,,,,,,,,,,,,,RB,East Carolina,519.0,3089.0,6.0,29.0,54.0,429.0,7.9,3.0,71.8,10.0,,,,,,,,,,,,,,,,,,,,,,,24.0,1.0,1.0
Quincy Monk,,NYG,7,245,2002,North Carolina,1998,2001,23.0,,,,,,,,,,,,,,LB,North Carolina,,,,,,,,,,,,,,,,,,,,,,,,,,,,,,,,,23.0,1.0,1.0
Steve Smith,,JAX,7,246,2002,Oregon,1998,2001,41.0,,,,,,,,,,,,,,DB,Oregon,,,,,,,,,,,,,,,,,,,,,,,,,,10.0,143.0,1.0,,0.2439024390243902,,,23.0,0.0,0.0
Matt Murphy,,DET,7,252,2002,Maryland,2001,2001,11.0,,,,,,,,,,,,,,TE,Maryland,,,,,,,,,,,12.5,12.0,137.0,11.4,0.0,,,,,,,,,,,,,,,,,5.1,22.0,0.0,0.0
David Givens,,NWE,7,253,2002,Notre Dame,1998,2001,44.0,,,,,,,,,,,,,,WR,Notre Dame,,,,,,,,,,,18.5,72.0,814.0,11.3,3.0,,,,,,,,,,,,,,,,,,22.0,21.0,22.0
Rock Cartwright,,WAS,7,257,2002,Kansas State,2000,2001,23.0,,,,,,,,,,,,,,RB,Kansas State,112.0,570.0,5.1,7.0,20.0,186.0,9.3,0.0,24.8,8.1,,,,,,,,,,,,,,,,,,,,,,,22.0,9.0,9.0
Dominique Stevenson,,BUF,7,260,2002,Tennessee,2000,2001,23.0,,,,,,,,,,,,,,LB,Tennessee,,,,,,,,,,,,,,,,,,,,,,,,,,,,,,,,,24.0,2.0,2.0
Carson Palmer,131.2,CIN,1,1,2003,USC,1998,2002,51.0,895.0,1515.0,620.0,59.1,11388.0,71.0,49.0,4.7,3.2,7.5,7.0,12.7,223.3,QB,USC,,,,,,,,,,,,,,,,,,,,,,,,,,,,,,,,,23.0,60.0,107.0
Charles Rogers,,DET,1,2,2003,Michigan State,2001,2002,23.0,,,,,,,,,,,,,,WR,Michigan State,,,,,,,,,,,110.9,125.0,2551.0,20.4,25.0,,,,,,,,,,,,,,,,,,22.0,4.0,4.0
Andre Johnson,,HTX,1,3,2003,Miami (FL),2000,2002,34.0,,,,,,,,,,,,,,WR,Miami (FL),,,,,,,,,,,53.9,92.0,1831.0,19.9,20.0,,,,,,,,,,,,,,,,,11.4,22.0,92.0,94.0
Terence Newman,,DAL,1,5,2003,Kansas State,1999,2002,48.0,,,,,,,,,,,,,,DB,Kansas State,,,,,,,,,,,,,,,,,,,,,,,,,,10.0,33.0,0.0,,0.2083333333333333,,,25.0,52.0,70.0
Byron Leftwich,150.9,JAX,1,7,2003,Marshall,1998,2002,54.0,939.0,1442.0,503.0,65.1,11903.0,89.0,28.0,6.2,1.9,8.3,8.62,12.7,220.4,QB,Marshall,,,,,,,,,,,,,,,,,,,,,,,,,,,,,,,,,23.0,30.0,33.0
Jordan Gross,,CAR,1,8,2003,Utah,2001,2002,22.0,,,,,,,,,,,,,,OL,Utah,,,,,,,,,,,,,,,,,,,,,,,,,,,,,,,,,23.0,69.0,69.0
Terrell Suggs,,RAV,1,10,2003,Arizona State,2000,2002,24.0,,,,,,,,,,,,,,DL,Arizona State,,,,,,,,,,,,,,,,,,,,,,,,,,,,,,,,,20.0,107.0,110.0
Marcus Trufant,,SEA,1,11,2003,Washington State,1999,2002,41.0,,,,,,,,,,,,,,DB,Washington State,,,,,,,,,,,,,,,,,,,,,,,,,,11.0,139.0,0.0,,0.2682926829268293,,,22.0,49.0,49.0
Jimmy Kennedy,,RAM,1,12,2003,Penn State,2000,2000,12.0,,,,,,,,,,,,,,DL,Penn State,,,,,,,,,,,,,,,,,,,,,,,,,,,,,,,,,23.0,12.0,16.0
Michael Haynes,,CHI,1,14,2003,Penn State,2002,2002,13.0,,,,,,,,,,,,,,DL,Penn State,,,,,,,,,,,,,,,,,,,,,,,,,,,,,,,,,22.0,8.0,8.0
Jerome McDougle,,PHI,1,15,2003,Miami (FL),2001,2001,11.0,,,,,,,,,,,,,,OL,Miami (FL),,,,,,,,,,,,,,,,,,,,,,,,,,,,,,,,,24.0,3.0,3.0
Troy Polamalu,,PIT,1,16,2003,USC,2000,2002,35.0,,,,,,,,,,,,,,DB,USC,,,,,,,,,,,,,,,,,,,,,,,,,,6.0,192.0,3.0,,0.1714285714285714,,,22.0,96.0,96.0
Bryant Johnson,,CRD,1,17,2003,Penn State,1999,2002,47.0,,,,,,,,,,,,,,WR,Penn State,,,,,,,,,,,42.7,110.0,2008.0,18.3,10.0,,,,,,,,,,,,,,,,,,22.0,18.0,26.0
Kyle Boller,108.2,RAV,1,19,2003,California,1999,2002,43.0,622.0,1301.0,679.0,47.8,7980.0,64.0,48.0,4.9,3.7,6.1,5.46,12.8,185.6,QB,California,,,,,,,,,,,,,,,,,,,,,,,,,,,,,,,,,22.0,17.0,16.0
Rex Grossman,146.7,CHI,1,22,2003,Florida,2000,2002,35.0,677.0,1110.0,433.0,61.0,9164.0,77.0,36.0,6.9,3.2,8.3,8.18,13.5,261.8,QB,Florida,,,,,,,,,,,,,,,,,,,,,,,,,,,,,,,,,23.0,16.0,23.0
Willis McGahee,,BUF,1,23,2003,Miami (FL),2001,2002,21.0,,,,,,,,,,,,,,RB,Miami (FL),349.0,2067.0,5.9,31.0,28.0,348.0,12.4,0.0,98.4,16.6,,,,,,,,,,,,,,,,,,,,,,,21.0,26.0,56.0
Dallas Clark,,CLT,1,24,2003,Iowa,2001,2002,24.0,,,,,,,,,,,,,,TE,Iowa,,,,,,,,,,,52.1,77.0,1251.0,16.2,8.0,,,,,,,,,,,,,,,,,,24.0,47.0,51.0
William Joseph,,NYG,1,25,2003,Miami (FL),2001,2001,11.0,,,,,,,,,,,,,,DL,Miami (FL),,,,,,,,,,,,,,,,,,,,,,,,,,,,,,,,,24.0,11.0,11.0
Larry Johnson,,KAN,1,27,2003,Penn State,1999,2002,48.0,,,,,,,,,,,,,,RB,Penn State,460.0,2953.0,6.4,26.0,65.0,681.0,10.5,7.0,61.5,14.2,,,,,,,,,,,,,,,,,,,,,,,23.0,50.0,51.0
Andre Woolfolk,,OTI,1,28,2003,Oklahoma,1999,2001,29.0,,,,,,,,,,,,,,WR,Oklahoma,,,,,,,,,,,28.8,56.0,836.0,14.9,6.0,,,,,,,,,,,,,,,,,,23.0,6.0,6.0
Andre Woolfolk,,OTI,1,28,2003,Oklahoma,2002,2002,13.0,,,,,,,,,,,,,,DB,Oklahoma,,,,,,,,,,,,,,,,,,,,,,,,,,2.0,0.0,0.0,,0.1538461538461538,,,23.0,6.0,6.0
Nick Barnett,,GNB,1,29,2003,Oregon State,2000,2001,22.0,,,,,,,,,,,,,,LB,Oregon State,,,,,,,,,,,,,,,,,,,,,,,,,,,,,,,,,22.0,50.0,60.0
Sammy Davis,,SDG,1,30,2003,Texas A&M,2000,2002,34.0,,,,,,,,,,,,,,DB,Texas A&M,,,,,,,,,,,,,,,,,,,,,,,,,,11.0,112.0,0.0,,0.3235294117647059,,,23.0,11.0,12.0
Nnamdi Asomugha,,RAI,1,31,2003,California,2000,2002,33.0,,,,,,,,,,,,,,DB,California,,,,,,,,,,,,,,,,,,,,,,,,,,7.0,127.0,3.0,,0.2121212121212121,,,22.0,56.0,64.0
Tyler Brayton,,RAI,1,32,2003,Colorado,2002,2002,14.0,,,,,,,,,,,,,,DL,Colorado,,,,,,,,,,,,,,,,,,,,,,,,,,,,,,,,,23.0,17.0,40.0
Eric Steinbach,,CIN,2,33,2003,Iowa,2002,2002,,,,,,,,,,,,,,,OL,Iowa,,,,,,,,,,,,,,,,,,,,,,,,,,,,,,,,,23.0,30.0,48.0
Boss Bailey,,DET,2,34,2003,Georgia,2001,2001,11.0,,,,,,,,,,,,,,LB,Georgia,,,,,,,,,,,,,,,,,,,,,,,,,,,,,,,,,23.0,21.0,22.0
Charles Tillman,,CHI,2,35,2003,Louisiana,2000,2002,34.0,,,,,,,,,,,,,,DB,Louisiana,,,,,,,,,,,,,,,,,,,,,,,,,,12.0,36.0,0.0,,0.3529411764705882,,,22.0,64.0,66.0
Eugene Wilson,,NWE,2,36,2003,Illinois,1999,2002,43.0,,,,,,,,,,,,,,DB,Illinois,,,,,,,,,,,,,,,,,,,,,,,,,,11.0,51.0,0.0,,0.2558139534883721,,,23.0,21.0,29.0
Jon Stinchcomb,,NOR,2,37,2003,Georgia,2002,2002,13.0,,,,,,,,,,,,,,OL,Georgia,,,,,,,,,,,,,,,,,,,,,,,,,,,,,,,,,24.0,45.0,45.0
E.J. Henderson,,MIN,2,40,2003,Maryland,1999,2002,46.0,,,,,,,,,,,,,,LB,Maryland,,,,,,,,,,,,,,,,,,,,,,,,,,,,,,,,,23.0,47.0,47.0
Bennie Joppru,,HTX,2,41,2003,Michigan,1999,2002,43.0,,,,,,,,,,,,,,TE,Michigan,,,,,,,,,,,17.0,79.0,731.0,9.3,8.0,,,,,,,,,,,,,,,,,,23.0,0.0,0.0
Ken Hamlin,,SEA,2,42,2003,Arkansas,2000,2002,36.0,,,,,,,,,,,,,,DB,Arkansas,,,,,,,,,,,,,,,,,,,,,,,,,,9.0,66.0,0.0,,0.25,,,22.0,20.0,37.0
Pisa Tinoisamoa,,RAM,2,43,2003,Hawaii,2000,2002,26.0,,,,,,,,,,,,,,LB,Hawaii,,,,,,,,,,,,,,,,,,,,,,,,,,,,,,,,,22.0,30.0,35.0
Taylor Jacobs,,WAS,2,44,2003,Florida,1999,2002,44.0,,,,,,,,,,,,,,WR,Florida,,,,,,,,,,,47.7,133.0,2097.0,15.8,16.0,,,,,,,,,,,,,,,,,,22.0,2.0,2.0
Bethel Johnson,,NWE,2,45,2003,Texas A&M,1999,2002,35.0,,,,,,,,,,,,,,WR,Texas A&M,,,,,,,,,,,49.7,117.0,1740.0,14.9,11.0,,,,,,,,,,,,,,,,,,24.0,7.0,8.0
Kawika Mitchell,,KAN,2,47,2003,South Florida,2001,2002,22.0,,,,,,,,,,,,,,LB,South Florida,,,,,,,,,,,,,,,,,,,,,,,,,,,,,,,,,23.0,20.0,37.0
Eddie Moore,,MIA,2,49,2003,Tennessee,2001,2001,12.0,,,,,,,,,,,,,,LB,Tennessee,,,,,,,,,,,,,,,,,,,,,,,,,,,,,,,,,23.0,3.0,3.0
Terry Pierce,,DEN,2,51,2003,Kansas State,2000,2002,36.0,,,,,,,,,,,,,,LB,Kansas State,,,,,,,,,,,,,,,,,,,,,,,,,,,,,,,,,22.0,1.0,1.0
Victor Hobson,,NYJ,2,53,2003,Michigan,2002,2002,13.0,,,,,,,,,,,,,,LB,Michigan,,,,,,,,,,,,,,,,,,,,,,,,,,,,,,,,,23.0,26.0,26.0
Anquan Boldin,,CRD,2,54,2003,Florida State,1999,2002,36.0,,,,,,,,,,,,,,WR,Florida State,,,,,,,,,,,49.7,118.0,1790.0,15.2,21.0,,,,,,,,,,,,,,,,,,22.0,49.0,86.0
Bryan Scott,,ATL,2,55,2003,Penn State,1999,2002,47.0,,,,,,,,,,,,,,DB,Penn State,,,,,,,,,,,,,,,,,,,,,,,,,,6.0,61.0,0.0,,0.1276595744680851,,,22.0,11.0,34.0
Mike Doss,,CLT,2,58,2003,Ohio State,2000,2002,36.0,,,,,,,,,,,,,,DB,Ohio State,,,,,,,,,,,,,,,,,,,,,,,,,,8.0,184.0,1.0,,0.2222222222222222,,,22.0,16.0,17.0
Alonzo Jackson,,PIT,2,59,2003,Florida State,2000,2002,26.0,,,,,,,,,,,,,,DL,Florida State,,,,,,,,,,,,,,,,,,,,,,,,,,,,,,,,,22.0,1.0,2.0
Tyrone Calico,,OTI,2,60,2003,Middle Tennessee State,1999,2002,45.0,,,,,,,,,,,,,,WR,Middle Tennessee State,,,,,,,,,,,58.6,194.0,2636.0,13.6,17.0,,,,,,,,,,,,,,,,,,22.0,5.0,5.0
L.J. Smith,,PHI,2,61,2003,Rutgers,1999,2002,44.0,,,,,,,,,,,,,,TE,Rutgers,,,,,,,,,,,33.1,122.0,1458.0,12.0,10.0,,,,,,,,,,,,,,,,,,23.0,21.0,21.0
Terrence Kiel,,SDG,2,62,2003,Texas A&M,2000,2002,34.0,,,,,,,,,,,,,,DB,Texas A&M,,,,,,,,,,,,,,,,,,,,,,,,,,8.0,19.0,0.0,,0.2352941176470588,,,22.0,17.0,17.0
Teyo Johnson,,RAI,2,63,2003,Stanford,2001,2001,11.0,0.0,0.0,0.0,,0.0,0.0,0.0,,,,,,0.0,QB,Stanford,,,,,,,,,,,,,,,,,,,,,,,,,,,,,,,,,21.0,2.0,2.0
Teyo Johnson,,RAI,2,63,2003,Stanford,2002,2002,11.0,,,,,,,,,,,,,,WR,Stanford,,,,,,,,,,,42.5,41.0,467.0,11.4,8.0,,,,,,,,,,,,,,,,,,21.0,2.0,2.0
Dewayne White,,TAM,2,64,2003,Louisville,2000,2002,24.0,,,,,,,,,,,,,,DL,Louisville,,,,,,,,,,,,,,,,,,,,,,,,,,,,,,,,,23.0,13.0,24.0
Kelley Washington,,CIN,3,65,2003,Tennessee,2001,2002,16.0,,,,,,,,,,,,,,WR,Tennessee,,,,,,,,,,,90.8,87.0,1453.0,16.7,6.0,,,,,,,,,,,,,,,,,,24.0,7.0,13.0
Cory Redding,,DET,3,66,2003,Texas,2001,2001,12.0,,,,,,,,,,,,,,DL,Texas,,,,,,,,,,,,,,,,,,,,,,,,,,,,,,,,,22.0,26.0,54.0
Antwan Peek,,HTX,3,67,2003,Cincinnati,2000,2002,35.0,,,,,,,,,,,,,,LB,Cincinnati,,,,,,,,,,,,,,,,,,,,,,,,,,,,,,,,,23.0,9.0,12.0
Lance Briggs,,CHI,3,68,2003,Arizona,1999,1999,10.0,,,,,,,,,,,,,,RB,Arizona,25.0,163.0,6.5,2.0,1.0,12.0,12.0,0.0,16.3,1.2,,,,,,,,,,,,,,,,,,,,,,,22.0,98.0,98.0
Lance Briggs,,CHI,3,68,2003,Arizona,2000,2002,22.0,,,,,,,,,,,,,,LB,Arizona,,,,,,,,,,,,,,,,,,,,,,,,,,,,,,,,,22.0,98.0,98.0
Jason Witten,,DAL,3,69,2003,Tennessee,2000,2002,36.0,,,,,,,,,,,,,,TE,Tennessee,,,,,,,,,,,22.1,68.0,797.0,11.7,7.0,,,,,,,,,,,,,,,,,,21.0,79.0,80.0
Gerald Hayes,,CRD,3,70,2003,Pitt,2002,2002,13.0,,,,,,,,,,,,,,LB,Pitt,,,,,,,,,,,,,,,,,,,,,,,,,,,,,,,,,22.0,27.0,27.0
Nate Burleson,,MIN,3,71,2003,Nevada,2000,2002,33.0,,,,,,,,,,,,,,WR,Nevada,,,,,,,,,,,99.6,248.0,3287.0,13.3,22.0,,,,,,,,,,,,,,,,,,22.0,17.0,45.0
Kevin Curtis,,RAM,3,74,2003,Utah State,2001,2002,22.0,,,,,,,,,,,,,,WR,Utah State,,,,,,,,,,,126.8,174.0,2789.0,16.0,19.0,,,,,,,,,,,,,,,,,,25.0,13.0,25.0
Mike Seidman,,CAR,3,76,2003,UCLA,1999,2002,45.0,,,,,,,,,,,,,,TE,UCLA,,,,,,,,,,,21.2,59.0,956.0,16.2,7.0,,,,,,,,,,,,,,,,,,22.0,1.0,1.0
Musa Smith,,RAV,3,77,2003,Georgia,2000,2002,31.0,,,,,,,,,,,,,,RB,Georgia,454.0,2202.0,4.9,19.0,27.0,187.0,6.9,0.0,71.0,6.0,,,,,,,,,,,,,,,,,,,,,,,21.0,6.0,6.0
Wade Smith,,MIA,3,78,2003,Memphis,1999,2000,14.0,,,,,,,,,,,,,,TE,Memphis,,,,,,,,,,,2.2,6.0,31.0,5.2,0.0,,,,,,,,,,,,,,,,,,22.0,7.0,43.0
Derrick Dockery,,WAS,3,81,2003,Texas,2002,2002,,,,,,,,,,,,,,,OL,Texas,,,,,,,,,,,,,,,,,,,,,,,,,,,,,,,,,22.0,30.0,44.0
Ricky Manning,,CAR,3,82,2003,UCLA,1999,2002,46.0,,,,,,,,,,,,,,DB,UCLA,,,,,,,,,,,,,,,,,,,,,,,,,,13.0,245.0,1.0,,0.2826086956521739,,,22.0,14.0,22.0
Sam Williams,,RAI,3,83,2003,Fresno State,2001,2002,23.0,,,,,,,,,,,,,,LB,Fresno State,,,,,,,,,,,,,,,,,,,,,,,,,,,,,,,,2.8540540540540538,23.0,13.0,13.0
Chris Crocker,,CLE,3,84,2003,Marshall,2000,2001,24.0,,,,,,,,,,,,,,DB,Marshall,,,,,,,,,,,,,,,,,,,,,,,,,,4.0,32.0,0.0,,0.1666666666666666,,,23.0,9.0,42.0
B.J. Askew,,NYJ,3,85,2003,Michigan,1999,2002,46.0,,,,,,,,,,,,,,RB,Michigan,334.0,1509.0,4.5,17.0,78.0,728.0,9.3,4.0,32.8,15.8,,,,,,,,,,,,,,,,,,,,,,,23.0,1.0,4.0
Cie Grant,,NOR,3,86,2003,Ohio State,2002,2002,13.0,,,,,,,,,,,,,,LB,Ohio State,,,,,,,,,,,,,,,,,,,,,,,,,,,,,,,,,23.0,1.0,1.0
Cie Grant,,NOR,3,86,2003,Ohio State,2001,2001,11.0,,,,,,,,,,,,,,DB,Ohio State,,,,,,,,,,,,,,,,,,,,,,,,,,0.0,0.0,0.0,,0.0,,,23.0,1.0,1.0
Dave Ragone,134.8,HTX,3,88,2003,Louisville,1999,2002,41.0,685.0,1180.0,495.0,58.1,8564.0,74.0,29.0,6.3,2.5,7.3,7.41,12.5,208.9,QB,Louisville,,,,,,,,,,,,,,,,,,,,,,,,,,,,,,,,,23.0,1.0,1.0
Andrew Williams,,SFO,3,89,2003,Miami (FL),2001,2002,21.0,,,,,,,,,,,,,,DL,Miami (FL),,,,,,,,,,,,,,,,,,,,,,,,,,,,,,,,21.2,24.0,1.0,1.0
Donald Strickland,,CLT,3,90,2003,Colorado,2001,2002,26.0,,,,,,,,,,,,,,DB,Colorado,,,,,,,,,,,,,,,,,,,,,,,,,,4.0,220.0,4.0,,0.1538461538461538,,,22.0,5.0,12.0
Julian Battle,,KAN,3,92,2003,Tennessee,2001,2002,25.0,,,,,,,,,,,,,,DB,Tennessee,,,,,,,,,,,,,,,,,,,,,,,,,,3.0,6.0,0.0,,0.12,,,22.0,2.0,2.0
Chris Brown,,OTI,3,93,2003,Colorado,2001,2002,24.0,,,,,,,,,,,,,,RB,Colorado,493.0,2787.0,5.7,35.0,11.0,76.0,6.9,0.0,116.1,3.2,,,,,,,,,,,,,,,,,,,,,,11.414110429447852,22.0,23.0,24.0
Angelo Crowell,,BUF,3,94,2003,Virginia,2001,2001,12.0,,,,,,,,,,,,,,LB,Virginia,,,,,,,,,,,,,,,,,,,,,,,,,,,,,,,,,22.0,18.0,18.0
Billy McMullen,,PHI,3,95,2003,Virginia,1999,2002,48.0,,,,,,,,,,,,,,WR,Virginia,,,,,,,,,,,62.0,210.0,2978.0,14.2,24.0,,,,,,,,,,,,,,,,,,23.0,2.0,5.0
Justin Fargas,,RAI,3,96,2003,USC,1998,2002,33.0,,,,,,,,,,,,,,RB,MichiganUSC,256.0,1077.0,4.2,8.0,9.0,106.0,11.8,0.0,32.6,3.2,,,,,,,,,,,,,,,,,,,,,,,23.0,20.0,20.0
Chris Simms,138.4,TAM,3,97,2003,Texas,1999,2002,41.0,535.0,911.0,376.0,58.7,7097.0,58.0,31.0,6.4,3.4,7.8,7.53,13.3,173.1,QB,Texas,,,,,,,,,,,,,,,,,,,,,,,,,,,,,,,,,23.0,8.0,8.0
Dennis Weathersby,,CIN,4,98,2003,Oregon State,2000,2002,35.0,,,,,,,,,,,,,,DB,Oregon State,,,,,,,,,,,,,,,,,,,,,,,,,,5.0,76.0,0.0,,0.1428571428571428,,,23.0,0.0,0.0
Artose Pinner,,DET,4,99,2003,Kentucky,1999,2002,35.0,,,,,,,,,,,,,,RB,Kentucky,438.0,2105.0,4.8,17.0,58.0,407.0,7.0,2.0,60.1,11.6,,,,,,,,,,,,,,,,,,,,,,,25.0,7.0,8.0
Todd Johnson,,CHI,4,100,2003,Florida,1999,2002,47.0,,,,,,,,,,,,,,DB,Florida,,,,,,,,,,,,,,,,,,,,,,,,,,9.0,164.0,0.0,,0.1914893617021276,,,24.0,9.0,13.0
Domanick Davis,,HTX,4,101,2003,LSU,1999,2002,47.0,,,,,,,,,,,,,,RB,LSU,455.0,2056.0,4.5,20.0,41.0,393.0,9.6,1.0,43.7,8.4,,,,,,,,,,,,,,,,,,,,,,,22.0,33.0,33.0
Bradie James,,DAL,4,103,2003,LSU,1999,2002,23.0,,,,,,,,,,,,,,LB,LSU,,,,,,,,,,,,,,,,,,,,,,,,,,,,,,,,,22.0,47.0,53.0
George Wrighster,,JAX,4,104,2003,Oregon,2001,2002,24.0,,,,,,,,,,,,,,TE,Oregon,,,,,,,,,,,28.8,52.0,691.0,13.3,7.0,,,,,,,,,,,,,,,,,,22.0,8.0,8.0
Onterrio Smith,,MIN,4,105,2003,Oregon,1999,2002,29.0,,,,,,,,,,,,,,RB,OregonTennessee,436.0,2337.0,5.4,23.0,23.0,166.0,7.2,2.0,80.6,5.7,,,,,,,,,,,,,,,,,,,,,,,22.0,14.0,14.0
Shaun McDonald,,RAM,4,106,2003,Arizona State,2000,2002,36.0,,,,,,,,,,,,,,WR,Arizona State,,,,,,,,,,,77.9,152.0,2806.0,18.5,24.0,,,,,,,,,,,,,,,,,,22.0,8.0,19.0
Dejuan Groce,,RAM,4,107,2003,Nebraska,1999,2002,48.0,,,,,,,,,,,,,,DB,Nebraska,,,,,,,,,,,,,,,,,,,,,,,,,,8.0,75.0,0.0,,0.1666666666666666,,,23.0,9.0,10.0
Quentin Griffin,,DEN,4,108,2003,Oklahoma,1999,2002,42.0,,,,,,,,,,,,,,RB,Oklahoma,702.0,3756.0,5.4,43.0,146.0,1217.0,8.3,6.0,89.4,29.0,,,,,,,,,,,,,,,,,,,,,,,22.0,6.0,6.0
Seneca Wallace,124.6,SEA,4,110,2003,Iowa State,2001,2002,25.0,411.0,712.0,301.0,57.7,5289.0,26.0,27.0,3.7,3.8,7.4,6.45,12.9,211.6,QB,Iowa State,,,,,,,,,,,,,,,,,,,,,,,,,,,,,,,,,23.0,11.0,14.0
Matt Wilhelm,,SDG,4,112,2003,Ohio State,2000,2002,25.0,,,,,,,,,,,,,,LB,Ohio State,,,,,,,,,,,,,,,,,,,,,,,,,,,,,,,,,22.0,15.0,18.0
Lee Suggs,,CLE,4,115,2003,Virginia Tech,1999,2002,35.0,,,,,,,,,,,,,,RB,Virginia Tech,535.0,2767.0,5.2,53.0,15.0,171.0,11.4,3.0,79.1,4.9,,,,,,,,,,,,,,,,,,,,,,,23.0,8.0,8.0
Ian Scott,,CHI,4,116,2003,Florida,2002,2002,12.0,,,,,,,,,,,,,,DL,Florida,,,,,,,,,,,,,,,,,,,,,,,,,,,,,,,,,21.0,19.0,22.0
Jeremi Johnson,,CIN,4,118,2003,,1999,2001,33.0,,,,,,,,,,,,,,RB,Indiana,184.0,931.0,5.1,11.0,37.0,386.0,10.4,2.0,28.2,11.7,,,,,,,,,,,,,,,,,,,,,,,23.0,4.0,4.0
Colin Branch,,CAR,4,119,2003,Stanford,1999,2002,41.0,,,,,,,,,,,,,,DB,Stanford,,,,,,,,,,,,,,,,,,,,,,,,,,3.0,23.0,0.0,,0.073170731707317,,,23.0,8.0,8.0
Asante Samuel,,NWE,4,120,2003,UCF,2000,2002,34.0,,,,,,,,,,,,,,DB,UCF,,,,,,,,,,,,,,,,,,,,,,,,,,8.0,71.0,0.0,,0.2352941176470588,,,22.0,31.0,74.0
Justin Griffith,,ATL,4,121,2003,Mississippi State,1998,2002,38.0,,,,,,,,,,,,,,RB,Mississippi State,213.0,852.0,4.0,10.0,85.0,937.0,11.0,4.0,22.4,24.7,,,,,,,,,,,,,,,,,,,,,,,23.0,8.0,11.0
Steve Sciullo,,CLT,4,122,2003,Marshall,2001,2001,11.0,,,,,,,,,,,,,,OL,Marshall,,,,,,,,,,,,,,,,,,,,,,,,,,,,,,,,,23.0,9.0,13.0
Roderick Babers,,NYG,4,123,2003,Texas,2000,2002,36.0,,,,,,,,,,,,,,DB,Texas,,,,,,,,,,,,,,,,,,,,,,,,,,5.0,176.0,3.0,,0.1388888888888889,,,22.0,,0.0
Brandon Lloyd,,SFO,4,124,2003,Illinois,1999,2002,34.0,,,,,,,,,,,,,,WR,Illinois,,,,,,,,,,,72.6,152.0,2470.0,16.3,19.0,,,,,,,,,,,,,,,,,,22.0,11.0,41.0
Ivan Taylor,,PIT,4,125,2003,Louisiana,2001,2002,23.0,,,,,,,,,,,,,,RB,Louisiana,70.0,323.0,4.6,3.0,18.0,125.0,6.9,0.0,14.0,5.4,,,,,,,,,,,,,,,,,,,,,,,23.0,53.0,53.0
Rien Long,,OTI,4,126,2003,Washington State,2002,2002,,,,,,,,,,,,,,,DL,Washington State,,,,,,,,,,,,,,,,,,,,,,,,,,,,,,,,,22.0,5.0,5.0
Sam Aiken,,BUF,4,127,2003,North Carolina,1999,2002,46.0,,,,,,,,,,,,,,WR,North Carolina,,,,,,,,,,,47.7,146.0,2195.0,15.0,15.0,,,,,,,,,,,,,,,,,,22.0,3.0,7.0
Shurron Pierson,,RAI,4,129,2003,South Florida,2001,2002,22.0,,,,,,,,,,,,,,DL,South Florida,,,,,,,,,,,,,,,,,,,,,,,,,,,,,,,,,21.0,0.0,0.0
Labrandon Toefield,,JAX,4,132,2003,LSU,2000,2002,31.0,,,,,,,,,,,,,,RB,LSU,511.0,2149.0,4.2,26.0,25.0,233.0,9.3,1.0,69.3,7.5,,,,,,,,,,,,,,,,,,,,,,,22.0,5.0,5.0
Ovie Mughelli,,RAV,4,134,2003,Wake Forest,1999,2002,43.0,,,,,,,,,,,,,,RB,Wake Forest,137.0,530.0,3.9,13.0,18.0,164.0,9.1,0.0,12.3,3.8,,,,,,,,,,,,,,,,,,,,,,,23.0,2.0,6.0
Solomon Bates,,SEA,4,135,2003,Arizona State,2000,2002,34.0,,,,,,,,,,,,,,LB,Arizona State,,,,,,,,,,,,,,,,,,,,,,,,,,,,,,,,,21.0,2.0,2.0
Terrence Holt,,DET,5,137,2003,North Carolina State,1999,2002,44.0,,,,,,,,,,,,,,DB,North Carolina State,,,,,,,,,,,,,,,,,,,,,,,,,,5.0,68.0,0.0,,0.1136363636363636,,,23.0,13.0,18.0
Bobby Wade,,CHI,5,139,2003,Arizona,1999,2002,45.0,,,,,,,,,,,,,,WR,Arizona,,,,,,,,,,,74.5,230.0,3351.0,14.6,23.0,,,,,,,,,,,,,,,,,,22.0,5.0,22.0
Derek Pagel,,NYJ,5,140,2003,Iowa,2001,2002,24.0,,,,,,,,,,,,,,DB,Iowa,,,,,,,,,,,,,,,,,,,,,,,,,,5.0,90.0,1.0,,0.2083333333333333,,,23.0,1.0,1.0
Kenny King,,CRD,5,141,2003,Alabama,2001,2002,23.0,,,,,,,,,,,,,,DL,Alabama,,,,,,,,,,,,,,,,,,,,,,,,,,,,,,,,,22.0,1.0,1.0
Justin Gage,63.9,CHI,5,143,2003,Missouri,1999,1999,3.0,14.0,41.0,27.0,34.1,138.0,2.0,3.0,4.9,7.3,3.4,1.05,9.9,46.0,QB,Missouri,,,,,,,,,,,,,,,,,,,,,,,,,,,,,,,,,22.0,6.0,25.0
Justin Gage,,CHI,5,143,2003,Missouri,2000,2002,34.0,,,,,,,,,,,,,,WR,Missouri,,,,,,,,,,,79.5,200.0,2704.0,13.5,18.0,,,,,,,,,,,,,,,,,,22.0,6.0,25.0
James Davis,,DET,5,144,2003,West Virginia,2001,2001,11.0,,,,,,,,,,,,,,LB,West Virginia,,,,,,,,,,,,,,,,,,,,,,,,,,,,,,,,-7.770588235294118,24.0,13.0,13.0
Kindal Moorehead,,CAR,5,145,2003,Alabama,2001,2001,10.0,,,,,,,,,,,,,,DL,Alabama,,,,,,,,,,,,,,,,,,,,,,,,,,,,,,,,,24.0,12.0,14.0
Matt Walters,,NYJ,5,150,2003,Miami (FL),2001,2001,11.0,,,,,,,,,,,,,,DL,Miami (FL),,,,,,,,,,,,,,,,,,,,,,,,,,,,,,,,,24.0,1.0,1.0
Michael Lehan,,CLE,5,152,2003,Minnesota,1999,2002,32.0,,,,,,,,,,,,,,DB,Minnesota,,,,,,,,,,,,,,,,,,,,,,,,,,5.0,128.0,0.0,,0.15625,,,23.0,4.0,9.0
Jordan Black,,KAN,5,153,2003,Notre Dame,2000,2000,11.0,,,,,,,,,,,,,,OL,Notre Dame,,,,,,,,,,,,,,,,,,,,,,,,,,,,,,,,,23.0,16.0,24.0
Donnie Nickey,,OTI,5,154,2003,Ohio State,1999,2002,48.0,,,,,,,,,,,,,,DB,Ohio State,,,,,,,,,,,,,,,,,,,,,,,,,,5.0,90.0,0.0,,0.1041666666666666,,,23.0,8.0,8.0
Donald Lee,,MIA,5,156,2003,Mississippi State,1999,2002,44.0,,,,,,,,,,,,,,TE,Mississippi State,,,,,,,,,,,13.9,61.0,611.0,10.0,3.0,,,,,,,,,,,,,,,,,,23.0,2.0,17.0
Adrian Madise,,DEN,5,158,2003,Texas Christian,2001,2002,22.0,,,,,,,,,,,,,,WR,Texas Christian,,,,,,,,,,,61.0,82.0,1343.0,16.4,7.0,,,,,,,,,,,,,,,,,,23.0,0.0,0.0
Aaron Walker,,SFO,5,161,2003,Florida,1999,2002,46.0,,,,,,,,,,,,,,TE,Florida,,,,,,,,,,,15.6,56.0,716.0,12.8,9.0,,,,,,,,,,,,,,,,,,23.0,2.0,3.0
Keyon Whiteside,,CLT,5,162,2003,Tennessee,2002,2002,13.0,,,,,,,,,,,,,,LB,Tennessee,,,,,,,,,,,,,,,,,,,,,,,,,,,,,,,,,23.0,0.0,0.0
Brian St. Pierre,129.7,PIT,5,163,2003,Boston College,1999,2002,44.0,457.0,803.0,346.0,56.9,5837.0,48.0,32.0,6.0,4.0,7.3,6.67,12.8,132.7,QB,Boston College,,,,,,,,,,,,,,,,,,,,,,,,,,,,,,,,,23.0,0.0,0.0
Chris Davis,,SEA,5,165,2003,Syracuse,1999,2002,37.0,,,,,,,,,,,,,,RB,Syracuse,73.0,230.0,3.2,7.0,9.0,53.0,5.9,0.0,6.2,1.4,,,,,,,,,,,,,,,,,,,,,,13.857142857142858,23.0,0.0,0.0
Hunter Hillenmeyer,,GNB,5,166,2003,Vanderbilt,1999,1999,11.0,,,,,,,,,,,,,,LB,Vanderbilt,,,,,,,,,,,,,,,,,,,,,,,,,,,,,,,,,22.0,,34.0
Doug Gabriel,,RAI,5,167,2003,UCF,2001,2002,22.0,,,,,,,,,,,,,,WR,UCF,,,,,,,,,,,85.0,97.0,1869.0,19.3,20.0,,,,,,,,,,,,,,,,,,23.0,10.0,14.0
Shane Walton,,RAM,5,170,2003,Notre Dame,2000,2002,35.0,,,,,,,,,,,,,,DB,Notre Dame,,,,,,,,,,,,,,,,,,,,,,,,,,11.0,181.0,3.0,,0.3142857142857143,,,23.0,0.0,0.0
Tron Lafavor,,CHI,5,171,2003,Florida,2000,2000,12.0,,,,,,,,,,,,,,DL,Florida,,,,,,,,,,,,,,,,,,,,,,,,,,,,,,,,,23.0,0.0,0.0
Kevin Garrett,,RAM,5,172,2003,SMU,1999,2002,42.0,,,,,,,,,,,,,,DB,SMU,,,,,,,,,,,,,,,,,,,,,,,,,,7.0,98.0,1.0,,0.1666666666666666,,,23.0,2.0,2.0
Langston Moore,,CIN,6,174,2003,South Carolina,2002,2002,12.0,,,,,,,,,,,,,,DL,South Carolina,,,,,,,,,,,,,,,,,,,,,,,,,,,,,,,,,22.0,4.0,7.0
Brandon Green,,JAX,6,176,2003,Rice,2001,2002,23.0,,,,,,,,,,,,,,DL,Rice,,,,,,,,,,,,,,,,,,,,,,,,,,,,,,,,-2.4547619047619045,23.0,0.0,5.0
B.J. Tucker,,DAL,6,178,2003,Wisconsin,2002,2002,14.0,,,,,,,,,,,,,,DB,Wisconsin,,,,,,,,,,,,,,,,,,,,,,,,,,5.0,67.0,1.0,,0.3571428571428571,,,22.0,,0.0
Corey Jenkins,117.9,MIA,6,181,2003,South Carolina,2001,2002,22.0,111.0,204.0,93.0,54.4,1528.0,7.0,11.0,3.4,5.4,7.5,5.75,13.8,69.5,QB,South Carolina,,,,,,,,,,,,,,,,,,,,,,,,,,,,,,,,,27.0,1.0,1.0
Gerome Sapp,,RAV,6,182,2003,Notre Dame,1999,2002,35.0,,,,,,,,,,,,,,DB,Notre Dame,,,,,,,,,,,,,,,,,,,,,,,,,,5.0,17.0,0.0,,0.1428571428571428,,,22.0,3.0,6.0
Rashad Moore,,SEA,6,183,2003,Tennessee,2001,2002,24.0,,,,,,,,,,,,,,DL,Tennessee,,,,,,,,,,,,,,,,,,,,,,,,,,,,,,,,,24.0,10.0,11.0
Hanik Milligan,,SDG,6,188,2003,Houston,2000,2002,34.0,,,,,,,,,,,,,,DB,Houston,,,,,,,,,,,,,,,,,,,,,,,,,,7.0,114.0,0.0,,0.2058823529411764,,,23.0,4.0,6.0
Mike Nattiel,,MIN,6,190,2003,Florida,2000,2001,23.0,,,,,,,,,,,,,,LB,Florida,,,,,,,,,,,,,,,,,,,,,,,,,,,,,,,,,22.0,3.0,3.0
Joe Odom,,CHI,6,191,2003,Purdue,1999,2002,43.0,,,,,,,,,,,,,,LB,Purdue,,,,,,,,,,,,,,,,,,,,,,,,,,,,,,,,,23.0,6.0,6.0
Drew Henson,135.5,HTX,6,192,2003,Michigan,1998,2000,24.0,196.0,351.0,155.0,55.8,2631.0,22.0,7.0,6.3,2.0,7.5,7.85,13.4,109.6,QB,Michigan,,,,,,,,,,,,,,,,,,,,,,,,,,,,,,,,,23.0,,0.0
Antonio Garay,,CLE,6,195,2003,Boston College,2001,2001,8.0,,,,,,,,,,,,,,DL,Boston College,,,,,,,,,,,,,,,,,,,,,,,,,,,,,,,,,23.0,0.0,15.0
Latarence Dunbar,,ATL,6,196,2003,Texas Christian,1999,1999,11.0,,,,,,,,,,,,,,RB,Texas Christian,9.0,57.0,6.3,0.0,20.0,315.0,15.8,2.0,5.2,28.6,,,,,,,,,,,,,,,,,,,,,,,23.0,0.0,0.0
Latarence Dunbar,,ATL,6,196,2003,Texas Christian,2000,2002,33.0,,,,,,,,,,,,,,WR,Texas Christian,,,,,,,,,,,37.2,89.0,1229.0,13.8,11.0,,,,,,,,,,,,,,,,,,23.0,0.0,0.0
Arnaz Battle,90.1,SFO,6,197,2003,Notre Dame,1998,2000,20.0,28.0,66.0,38.0,42.4,391.0,2.0,4.0,3.0,6.1,5.9,3.8,14.0,19.6,QB,Notre Dame,,,,,,,,,,,,,,,,,,,,,,,,,,,,,,,,,23.0,18.0,18.0
Arnaz Battle,,SFO,6,197,2003,Notre Dame,2001,2002,20.0,,,,,,,,,,,,,,WR,Notre Dame,,,,,,,,,,,41.3,63.0,826.0,13.1,5.0,,,,,,,,,,,,,,,,,,23.0,18.0,18.0
Cato June,,CLT,6,198,2003,Michigan,1999,2001,22.0,,,,,,,,,,,,,,DB,Michigan,,,,,,,,,,,,,,,,,,,,,,,,,,3.0,67.0,0.0,,0.1363636363636363,,,23.0,25.0,38.0
Willie Ponder,,NYG,6,199,2003,,1998,1998,6.0,,,,,,,,,,,,,,WR,Tulsa,,,,,,,,,,,11.8,8.0,71.0,8.9,0.0,,,,,,,,,,,,,,,,,,23.0,2.0,2.0
Brooks Bollinger,126.6,NYJ,6,200,2003,Wisconsin,1999,2002,44.0,398.0,740.0,342.0,53.8,5406.0,36.0,17.0,4.9,2.3,7.3,7.24,13.6,122.9,QB,Wisconsin,,,,,,,,,,,,,,,,,,,,,,,,,,,,,,,,,23.0,5.0,6.0
Kliff Kingsbury,133.2,NWE,6,201,2003,Texas Tech,1999,2002,43.0,1231.0,1883.0,652.0,65.4,12429.0,95.0,40.0,5.0,2.1,6.6,6.65,10.1,289.0,QB,Texas Tech,,,,,,,,,,,,,,,,,,,,,,,,,,,,,,,,,24.0,,0.0
Waine Bacon,,ATL,6,202,2003,Alabama,2001,2002,24.0,,,,,,,,,,,,,,DB,Alabama,,,,,,,,,,,,,,,,,,,,,,,,,,5.0,36.0,0.0,,0.2083333333333333,,,24.0,,1.0
Torrie Cox,,TAM,6,205,2003,Pitt,1999,2001,29.0,,,,,,,,,,,,,,RB,Pitt,29.0,68.0,2.3,1.0,0.0,0.0,,0.0,2.3,0.0,,,,,,,,,,,,,,,,,,,,,,,22.0,5.0,5.0
Torrie Cox,,TAM,6,205,2003,Pitt,2002,2002,13.0,,,,,,,,,,,,,,DB,Pitt,,,,,,,,,,,,,,,,,,,,,,,,,,2.0,41.0,0.0,,0.1538461538461538,,,22.0,5.0,5.0
Brock Forsey,,CHI,6,206,2003,Boise State,1999,2002,47.0,,,,,,,,,,,,,,RB,Boise State,813.0,4045.0,5.0,50.0,101.0,1175.0,11.6,18.0,86.1,25.0,,,,,,,,,,,,,,,,,,,,,,,23.0,2.0,2.0
Tony Gilbert,,CRD,6,210,2003,Georgia,2001,2001,11.0,,,,,,,,,,,,,,LB,Georgia,,,,,,,,,,,,,,,,,,,,,,,,,,,,,,,,,23.0,,6.0
David Tyree,,NYG,6,211,2003,Syracuse,1999,2002,46.0,,,,,,,,,,,,,,WR,Syracuse,,,,,,,,,,,26.4,75.0,1214.0,16.2,6.0,,,,,,,,,,,,,,,,,,23.0,5.0,5.0
Curry Burns,,HTX,7,217,2003,Louisville,2000,2002,36.0,,,,,,,,,,,,,,DB,Louisville,,,,,,,,,,,,,,,,,,,,,,,,,,8.0,88.0,0.0,,0.2222222222222222,,,22.0,0.0,1.0
Malaefou Mackenzie,,JAX,7,218,2003,USC,1997,2002,45.0,,,,,,,,,,,,,,RB,USC,216.0,939.0,4.3,8.0,76.0,676.0,8.9,7.0,20.9,15.0,,,,,,,,,,,,,,,,,,,,,,,24.0,0.0,0.0
Blue Adams,,DET,7,220,2003,Cincinnati,2001,2002,23.0,,,,,,,,,,,,,,DB,Cincinnati,,,,,,,,,,,,,,,,,,,,,,,,,,8.0,120.0,2.0,,0.3478260869565217,,,23.0,,3.0
Keenan Howry,,MIN,7,221,2003,Oregon,1999,2002,46.0,,,,,,,,,,,,,,WR,Oregon,,,,,,,,,,,55.5,162.0,2552.0,15.8,22.0,,,,,,,,,,,,,,,,,,22.0,0.0,0.0
Trent Smith,,RAV,7,223,2003,Oklahoma,1999,2002,49.0,,,,,,,,,,,,,,TE,Oklahoma,,,,,,,,,,,29.5,154.0,1445.0,9.4,16.0,,,,,,,,,,,,,,,,,,23.0,,0.0
Taco Wallace,,SEA,7,224,2003,Kansas State,2001,2002,14.0,,,,,,,,,,,,,,WR,Kansas State,,,,,,,,,,,51.5,41.0,721.0,17.6,5.0,,,,,,,,,,,,,,,,,,22.0,0.0,0.0
Walter Young,,CAR,7,226,2003,Illinois,2000,2001,22.0,0.0,0.0,0.0,,0.0,0.0,0.0,,,,,,0.0,QB,Illinois,,,,,,,,,,,,,,,,,,,,,,,,,,,,,,,,,23.0,0.0,0.0
Walter Young,,CAR,7,226,2003,Illinois,1999,2002,23.0,,,,,,,,,,,,,,WR,Illinois,,,,,,,,,,,46.0,69.0,1058.0,15.3,7.0,,,,,,,,,,,,,,,,,,23.0,0.0,0.0
Mario Haggan,,BUF,7,228,2003,Mississippi State,2000,2000,11.0,,,,,,,,,,,,,,DL,Mississippi State,,,,,,,,,,,,,,,,,,,,,,,,,,,,,,,,,23.0,4.0,21.0
Andrew Pinnock,,SDG,7,229,2003,South Carolina,1999,2002,42.0,,,,,,,,,,,,,,RB,South Carolina,399.0,1770.0,4.4,25.0,26.0,175.0,6.7,0.0,42.1,4.2,,,,,,,,,,,,,,,,,,,,,,,23.0,1.0,1.0
Montique Sharpe,,KAN,7,230,2003,Wake Forest,2002,2002,13.0,,,,,,,,,,,,,,DL,Wake Forest,,,,,,,,,,,,,,,,,,,,,,,,,,,,,,,,,23.0,0.0,0.0
Talman Gardner,,NOR,7,231,2003,Florida State,1999,2002,47.0,,,,,,,,,,,,,,WR,Florida State,,,,,,,,,,,33.9,90.0,1595.0,17.7,19.0,,,,,,,,,,,,,,,,,,23.0,0.0,0.0
Gibran Hamdan,114.5,WAS,7,232,2003,Indiana,2000,2002,30.0,155.0,299.0,144.0,51.8,2172.0,10.0,14.0,3.3,4.7,7.3,5.83,14.0,72.4,QB,Indiana,,,,,,,,,,,,,,,,,,,,,,,,,,,,,,,,,22.0,0.0,0.0
Spencer Nead,,NWE,7,234,2003,BYU,2001,2002,25.0,,,,,,,,,,,,,,TE,BYU,,,,,,,,,,,28.6,62.0,715.0,11.5,6.0,,,,,,,,,,,,,,,,,,25.0,,0.0
Tully Banta-Cain,,NWE,7,239,2003,California,2000,2002,23.0,,,,,,,,,,,,,,DL,California,,,,,,,,,,,,,,,,,,,,,,,,,,,,,,,,,23.0,15.0,22.0
Ken Dorsey,147.4,SFO,7,241,2003,Miami (FL),1999,2002,41.0,668.0,1153.0,485.0,57.9,9565.0,86.0,28.0,7.5,2.4,8.3,8.69,14.3,233.3,QB,Miami (FL),,,,,,,,,,,,,,,,,,,,,,,,,,,,,,,,-24.1,22.0,1.0,2.0
Siddeeq Shabazz,,RAI,7,246,2003,New Mexico State,2001,2002,24.0,,,,,,,,,,,,,,DB,New Mexico State,,,,,,,,,,,,,,,,,,,,,,,,,,4.0,53.0,0.0,,0.1666666666666666,,,22.0,0.0,2.0
Wayne Lucier,,NYG,7,249,2003,Colorado,1998,1998,6.0,,,,,,,,,,,,,,OL,Northwestern,,,,,,,,,,,,,,,,,,,,,,,,,,,,,,,,,23.0,9.0,9.0
Scott Shanle,,RAM,7,251,2003,Nebraska,2000,2002,24.0,,,,,,,,,,,,,,LB,Nebraska,,,,,,,,,,,,,,,,,,,,,,,,,,,,,,,,,23.0,0.0,41.0
Willie Pile,,KAN,7,252,2003,Virginia Tech,2000,2002,36.0,,,,,,,,,,,,,,DB,Virginia Tech,,,,,,,,,,,,,,,,,,,,,,,,,,14.0,270.0,2.0,,0.3888888888888889,,,23.0,2.0,3.0
Kevin Walter,,NYG,7,255,2003,Eastern Michigan,1999,2002,44.0,,,,,,,,,,,,,,WR,Eastern Michigan,,,,,,,,,,,64.5,211.0,2838.0,13.5,20.0,,,,,,,,,,,,,,,,,,22.0,,37.0
Carl Ford,,GNB,7,256,2003,Toledo,1999,2002,46.0,,,,,,,,,,,,,,WR,Toledo,,,,,,,,,,,42.7,149.0,1966.0,13.2,17.0,,,,,,,,,,,,,,,,,,22.0,,0.0
Eli Manning,137.7,SDG,1,1,2004,Ole Miss,2000,2003,43.0,829.0,1363.0,534.0,60.8,10119.0,81.0,35.0,5.9,2.6,7.4,7.46,12.2,235.3,QB,Ole Miss,,,,,,,,,,,,,,,,,,,,,,,,,,,,,,,,,23.0,,121.0
Robert Gallery,,RAI,1,2,2004,Iowa,2000,2000,11.0,,,,,,,,,,,,,,TE,Iowa,,,,,,,,,,,2.9,3.0,32.0,10.7,0.0,,,,,,,,,,,,,,,,,,24.0,35.0,38.0
Robert Gallery,,RAI,1,2,2004,Iowa,2003,2003,,,,,,,,,,,,,,,OL,Iowa,,,,,,,,,,,,,,,,,,,,,,,,,,,,,,,,,24.0,35.0,38.0
Larry Fitzgerald,,CRD,1,3,2004,Pitt,2002,2003,26.0,,,,,,,,,,,,,,WR,Pitt,,,,,,,,,,,103.0,161.0,2677.0,16.6,34.0,,,,,,,,,,,,,,,,,,21.0,93.0,93.0
Philip Rivers,144.2,NYG,1,4,2004,North Carolina State,2000,2003,49.0,1087.0,1710.0,623.0,63.6,13484.0,95.0,34.0,5.6,2.0,7.9,8.1,12.4,275.2,QB,North Carolina State,,,,,,,,,,,,,,,,,,,,,,,,,,,,,,,,,22.0,,150.0
Sean Taylor,,WAS,1,5,2004,Miami (FL),2002,2003,25.0,,,,,,,,,,,,,,DB,Miami (FL),,,,,,,,,,,,,,,,,,,,,,,,,,14.0,306.0,3.0,,0.56,,,21.0,32.0,32.0
Kellen Winslow,,CLE,1,6,2004,Miami (FL),2001,2003,36.0,,,,,,,,,,,,,,TE,Miami (FL),,,,,,,,,,,37.9,119.0,1365.0,11.5,9.0,,,,,,,,,,,,,,,,,,21.0,19.0,37.0
Roy Williams,,DET,1,7,2004,Texas,2000,2003,48.0,,,,,,,,,,,,,,WR,Texas,,,,,,,,,,,80.5,241.0,3866.0,16.0,36.0,,,,,,,,,,,,,,,,,,22.0,30.0,42.0
Deangelo Hall,,ATL,1,8,2004,Virginia Tech,2001,2003,38.0,,,,,,,,,,,,,,DB,Virginia Tech,,,,,,,,,,,,,,,,,,,,,,,,,,8.0,161.0,1.0,,0.2105263157894736,,,20.0,28.0,61.0
Reggie Williams,,JAX,1,9,2004,Washington,2001,2003,36.0,,,,,,,,,,,,,,WR,Washington,,,,,,,,,,,98.2,238.0,3536.0,14.9,22.0,,,,,,,,,,,,,,,,,,21.0,23.0,23.0
Dunta Robinson,,HTX,1,10,2004,South Carolina,2002,2003,24.0,,,,,,,,,,,,,,DB,South Carolina,,,,,,,,,,,,,,,,,,,,,,,,,,5.0,92.0,1.0,,0.2083333333333333,,,22.0,23.0,41.0
Ben Roethlisberger,151.3,PIT,1,11,2004,Miami (OH),2001,2003,38.0,854.0,1304.0,450.0,65.5,10829.0,84.0,34.0,6.4,2.6,8.3,8.42,12.7,285.0,QB,Miami (OH),,,,,,,,,,,,,,,,,,,,,,,,,,,,,,,,,22.0,131.0,131.0
Jonathan Vilma,,NYJ,1,12,2004,Miami (FL),2001,2002,22.0,,,,,,,,,,,,,,LB,Miami (FL),,,,,,,,,,,,,,,,,,,,,,,,,,,,,,,,,22.0,25.0,56.0
Lee Evans,,BUF,1,13,2004,Wisconsin,1999,2003,42.0,,,,,,,,,,,,,,WR,Wisconsin,,,,,,,,,,,80.5,172.0,3382.0,19.7,26.0,,,,,,,,,,,,,,,,,,23.0,47.0,47.0
Tommie Harris,,CHI,1,14,2004,Oklahoma,2002,2003,14.0,,,,,,,,,,,,,,DL,Oklahoma,,,,,,,,,,,,,,,,,,,,,,,,,,,,,,,,,21.0,55.0,56.0
Michael Clayton,,TAM,1,15,2004,LSU,2001,2003,39.0,,,,,,,,,,,,,,WR,LSU,,,,,,,,,,,66.2,182.0,2582.0,14.2,21.0,,,,,,,,,,,,,,,,,,21.0,22.0,22.0
Shawn Andrews,,PHI,1,16,2004,Arkansas,2002,2003,12.0,,,,,,,,,,,,,,OL,Arkansas,,,,,,,,,,,,,,,,,,,,,,,,,,,,,,,,,21.0,32.0,35.0
D.J. Williams,,DEN,1,17,2004,Miami (FL),2000,2000,10.0,,,,,,,,,,,,,,RB,Miami (FL),16.0,50.0,3.1,1.0,12.0,143.0,11.9,1.0,5.0,14.3,,,,,,,,,,,,,,,,,,,,,,11.791489361702128,22.0,45.0,48.0
D.J. Williams,,DEN,1,17,2004,Miami (FL),2003,2003,13.0,,,,,,,,,,,,,,LB,Miami (FL),,,,,,,,,,,,,,,,,,,,,,,,,,,,,,,,11.791489361702128,22.0,45.0,48.0
Will Smith,,NOR,1,18,2004,Ohio State,2002,2003,14.0,,,,,,,,,,,,,,DL,Ohio State,,,,,,,,,,,,,,,,,,,,,,,,,,,,,,,,,23.0,52.0,52.0
Kenechi Udeze,,MIN,1,20,2004,USC,2002,2003,26.0,,,,,,,,,,,,,,DL,USC,,,,,,,,,,,,,,,,,,,,,,,,,,,,,,,,,21.0,20.0,20.0
Vince Wilfork,,NWE,1,21,2004,Miami (FL),2001,2001,11.0,,,,,,,,,,,,,,DL,Miami (FL),,,,,,,,,,,,,,,,,,,,,,,,,,,,,,,,,22.0,81.0,90.0
J.P. Losman,129.8,BUF,1,22,2004,Tulane,2000,2003,38.0,570.0,987.0,417.0,57.8,6754.0,60.0,27.0,6.1,2.7,6.8,6.83,11.8,177.7,QB,Tulane,,,,,,,,,,,,,,,,,,,,,,,,,,,,,,,,,23.0,19.0,19.0
Steven Jackson,,RAM,1,24,2004,Oregon State,2001,2003,37.0,,,,,,,,,,,,,,RB,Oregon State,743.0,3625.0,4.9,39.0,66.0,680.0,10.3,6.0,98.0,18.4,,,,,,,,,,,,,,,,,,,,,,-8.166666666666666,21.0,68.0,75.0
Ahmad Carroll,,GNB,1,25,2004,Arkansas,2001,2003,35.0,,,,,,,,,,,,,,DB,Arkansas,,,,,,,,,,,,,,,,,,,,,,,,,,4.0,43.0,0.0,,0.1142857142857142,,,21.0,13.0,14.0
Chris Perry,,CIN,1,26,2004,Michigan,2000,2003,45.0,,,,,,,,,,,,,,RB,Michigan,794.0,3657.0,4.6,39.0,64.0,569.0,8.9,2.0,81.3,12.6,,,,,,,,,,,,,,,,,,,,,,,22.0,9.0,9.0
Jason Babin,,HTX,1,27,2004,Western Michigan,2001,2003,23.0,,,,,,,,,,,,,,DL,Western Michigan,,,,,,,,,,,,,,,,,,,,,,,,,,,,,,,,,24.0,9.0,46.0
Chris Gamble,,CAR,1,28,2004,Ohio State,2001,2003,38.0,,,,,,,,,,,,,,WR,Ohio State,,,,,,,,,,,15.2,38.0,577.0,15.2,0.0,,,,,,,,,,,,,,,,,,21.0,44.0,44.0
Michael Jenkins,,ATL,1,29,2004,Ohio State,2001,2003,38.0,,,,,,,,,,,,,,WR,Ohio State,,,,,,,,,,,72.3,157.0,2746.0,17.5,16.0,,,,,,,,,,,,,,,,,,22.0,33.0,39.0
Kevin Jones,,DET,1,30,2004,Virginia Tech,2001,2003,37.0,,,,,,,,,,,,,,RB,Virginia Tech,616.0,3475.0,5.6,35.0,24.0,229.0,9.5,0.0,93.9,6.2,,,,,,,,,,,,,,,,,,,,,,-12.875438596491227,22.0,26.0,27.0
Rashaun Woods,,SFO,1,31,2004,Oklahoma State,2000,2003,48.0,,,,,,,,,,,,,,WR,Oklahoma State,,,,,,,,,,,92.0,293.0,4414.0,15.1,42.0,,,,,,,,,,,,,,,,,,23.0,1.0,1.0
Benjamin Watson,,NWE,1,32,2004,Georgia,1999,2003,48.0,,,,,,,,,,,,,,TE,DukeGeorgia,,,,,,,,,,,19.7,73.0,945.0,12.9,7.0,,,,,,,,,,,,,,,,,,23.0,19.0,40.0
Karlos Dansby,,CRD,2,33,2004,Auburn,2001,2002,23.0,,,,,,,,,,,,,,LB,Auburn,,,,,,,,,,,,,,,,,,,,,,,,,,,,,,,,,22.0,53.0,81.0
Igor Olshansky,,SDG,2,35,2004,Oregon,2002,2002,13.0,,,,,,,,,,,,,,DL,Oregon,,,,,,,,,,,,,,,,,,,,,,,,,,,,,,,,,22.0,28.0,39.0
Teddy Lehman,,DET,2,37,2004,Oklahoma,2001,2003,40.0,,,,,,,,,,,,,,LB,Oklahoma,,,,,,,,,,,,,,,,,,,,,,,,,,,,,,,,,22.0,9.0,9.0
Daryl Smith,,JAX,2,39,2004,Georgia Tech,2000,2003,37.0,,,,,,,,,,,,,,LB,Georgia Tech,,,,,,,,,,,,,,,,,,,,,,,,,,,,,,,,,22.0,47.0,72.0
Ben Troupe,,OTI,2,40,2004,Florida,2000,2003,39.0,,,,,,,,,,,,,,TE,Florida,,,,,,,,,,,24.6,64.0,958.0,15.0,7.0,,,,,,,,,,,,,,,,,,22.0,8.0,8.0
Tatum Bell,,DEN,2,41,2004,Oklahoma State,2000,2003,41.0,,,,,,,,,,,,,,RB,Oklahoma State,634.0,3409.0,5.4,34.0,36.0,258.0,7.2,2.0,83.1,6.3,,,,,,,,,,,,,,,,,,,,,,,23.0,20.0,22.0
Travis Laboy,,OTI,2,42,2004,Hawaii,2003,2003,13.0,,,,,,,,,,,,,,DL,Hawaii,,,,,,,,,,,,,,,,,,,,,,,,,,,,,,,,,23.0,10.0,21.0
Julius Jones,,DAL,2,43,2004,Notre Dame,1999,2003,45.0,,,,,,,,,,,,,,RB,Notre Dame,634.0,3018.0,4.8,26.0,28.0,250.0,8.9,1.0,67.1,5.6,,,,,,,,,,,,,,,,,,,,,,,23.0,29.0,38.0
Bob Sanders,,CLT,2,44,2004,Iowa,2001,2003,33.0,,,,,,,,,,,,,,DB,Iowa,,,,,,,,,,,,,,,,,,,,,,,,,,6.0,39.0,0.0,,0.1818181818181818,,,23.0,32.0,33.0
Jake Grove,,RAI,2,45,2004,Virginia Tech,2003,2003,,,,,,,,,,,,,,,OL,Virginia Tech,,,,,,,,,,,,,,,,,,,,,,,,,,,,,,,,,24.0,15.0,20.0
Dontarrious Thomas,,MIN,2,48,2004,Auburn,2001,2003,24.0,,,,,,,,,,,,,,LB,Auburn,,,,,,,,,,,,,,,,,,,,,,,,,,,,,,,,,24.0,8.0,8.0
Keiwan Ratliff,,CIN,2,49,2004,Florida,2000,2003,49.0,,,,,,,,,,,,,,DB,Florida,,,,,,,,,,,,,,,,,,,,,,,,,,12.0,260.0,3.0,,0.2448979591836734,,,23.0,6.0,9.0
Devery Henderson,,NOR,2,50,2004,LSU,2000,2001,17.0,,,,,,,,,,,,,,RB,LSU,70.0,389.0,5.6,3.0,5.0,27.0,5.4,0.0,22.9,1.6,,,,,,,,,,,,,,,,,,,,,,,22.0,36.0,36.0
Devery Henderson,,NOR,2,50,2004,LSU,2002,2003,25.0,,,,,,,,,,,,,,WR,LSU,,,,,,,,,,,52.3,76.0,1308.0,17.2,19.0,,,,,,,,,,,,,,,,,,22.0,36.0,36.0
Jacob Rogers,,DAL,2,52,2004,USC,2002,2003,24.0,,,,,,,,,,,,,,OL,USC,,,,,,,,,,,,,,,,,,,,,,,,,,,,,,,,24.7,23.0,0.0,0.0
Michael Boulware,,SEA,2,53,2004,Florida State,2001,2002,25.0,,,,,,,,,,,,,,LB,Florida State,,,,,,,,,,,,,,,,,,,,,,,,,,,,,,,,,22.0,15.0,16.0
Darius Watts,,DEN,2,54,2004,Marshall,2000,2003,47.0,,,,,,,,,,,,,,WR,Marshall,,,,,,,,,,,85.8,272.0,4031.0,14.8,47.0,,,,,,,,,,,,,,,,,,22.0,4.0,4.0
Greg Jones,,JAX,2,55,2004,Florida State,2000,2003,44.0,,,,,,,,,,,,,,RB,Florida State,480.0,2535.0,5.3,23.0,24.0,153.0,6.4,0.0,57.6,3.5,,,,,,,,,,,,,,,,,,,,,,-3.822222222222222,23.0,9.0,9.0
Madieu Williams,,CIN,2,56,2004,Maryland,2002,2003,27.0,,,,,,,,,,,,,,DB,Maryland,,,,,,,,,,,,,,,,,,,,,,,,,,7.0,10.0,0.0,,0.2592592592592592,,,22.0,18.0,33.0
Shawntae Spencer,,SFO,2,58,2004,Pitt,2000,2003,48.0,,,,,,,,,,,,,,DB,Pitt,,,,,,,,,,,,,,,,,,,,,,,,,,8.0,117.0,1.0,,0.1666666666666666,,,22.0,25.0,26.0
Sean Jones,,CLE,2,59,2004,Georgia,2002,2003,26.0,,,,,,,,,,,,,,DB,Georgia,,,,,,,,,,,,,,,,,,,,,,,,,,7.0,100.0,0.0,,0.2692307692307692,,,22.0,18.0,31.0
Courtney Watson,,NOR,2,60,2004,Notre Dame,2001,2003,36.0,,,,,,,,,,,,,,LB,Notre Dame,,,,,,,,,,,,,,,,,,,,,,,,,,,,,,,,,23.0,7.0,7.0
Kris Wilson,,KAN,2,61,2004,Pitt,2000,2003,48.0,,,,,,,,,,,,,,TE,Pitt,,,,,,,,,,,29.8,88.0,1431.0,16.3,15.0,,,,,,,,,,,,,,,,,,23.0,2.0,3.0
Keary Colbert,,CAR,2,62,2004,USC,2000,2003,49.0,,,,,,,,,,,,,,WR,USC,,,,,,,,,,,59.7,205.0,2926.0,14.3,19.0,,,,,,,,,,,,,,,,,,22.0,13.0,14.0
Darnell Dockett,,CRD,3,64,2004,Florida State,2003,2003,,,,,,,,,,,,,,,DL,Florida State,,,,,,,,,,,,,,,,,,,,,,,,,,,,,,,,,23.0,69.0,69.0
Stuart Schweigert,,RAI,3,67,2004,Purdue,2000,2000,11.0,,,,,,,,,,,,,,WR,Purdue,,,,,,,,,,,0.0,0.0,0.0,,0.0,,,,,,,,,,,,,,,,,,23.0,15.0,15.0
Stuart Schweigert,,RAI,3,67,2004,Purdue,2001,2003,36.0,,,,,,,,,,,,,,DB,Purdue,,,,,,,,,,,,,,,,,,,,,,,,,,12.0,174.0,0.0,,0.3333333333333333,,,23.0,15.0,15.0
Ben Hartsock,,CLT,3,68,2004,Ohio State,2000,2002,35.0,,,,,,,,,,,,,,TE,Ohio State,,,,,,,,,,,6.4,24.0,225.0,9.4,3.0,,,,,,,,,,,,,,,,,,24.0,0.0,2.0
Ben Hartsock,,CLT,3,68,2004,Ohio State,2003,2003,13.0,,,,,,,,,,,,,,OL,Ohio State,,,,,,,,,,,,,,,,,,,,,,,,,,,,,,,,,24.0,0.0,2.0
Gilbert Gardner,,CLT,3,69,2004,Purdue,2001,2003,34.0,,,,,,,,,,,,,,LB,Purdue,,,,,,,,,,,,,,,,,,,,,,,,,,,,,,,,,22.0,7.0,8.0
Tim Anderson,,BUF,3,74,2004,Ohio State,2001,2001,11.0,,,,,,,,,,,,,,DL,Ohio State,,,,,,,,,,,,,,,,,,,,,,,,,,,,,,,,,23.0,7.0,7.0
Max Starks,,PIT,3,75,2004,Florida,2001,2001,11.0,,,,,,,,,,,,,,OL,Florida,,,,,,,,,,,,,,,,,,,,,,,,,,,,,,,,,22.0,44.0,44.0
Derrick Strait,,NYJ,3,76,2004,Oklahoma,2000,2003,51.0,,,,,,,,,,,,,,DB,Oklahoma,,,,,,,,,,,,,,,,,,,,,,,,,,14.0,397.0,3.0,,0.2745098039215686,,,24.0,4.0,4.0
Derrick Hamilton,,SFO,3,77,2004,Clemson,2001,2003,37.0,,,,,,,,,,,,,,WR,Clemson,,,,,,,,,,,59.9,163.0,2218.0,13.6,15.0,,,,,,,,,,,,,,,,,,22.0,0.0,0.0
Bernard Berrian,,CHI,3,78,2004,Fresno State,1999,2003,45.0,,,,,,,,,,,,,,WR,Fresno State,,,,,,,,,,,57.5,182.0,2588.0,14.2,23.0,,,,,,,,,,,,,,,,,,23.0,14.0,32.0
Marquis Cooper,,TAM,3,79,2004,Washington,2000,2003,28.0,,,,,,,,,,,,,,LB,Washington,,,,,,,,,,,,,,,,,,,,,,,,,,,,,,,,,22.0,2.0,2.0
Caleb Miller,,CIN,3,80,2004,Arkansas,2001,2003,24.0,,,,,,,,,,,,,,LB,Arkansas,,,,,,,,,,,,,,,,,,,,,,,,,,,,,,,,,24.0,8.0,8.0
Chris Cooley,,WAS,3,81,2004,Utah State,2001,2003,28.0,,,,,,,,,,,,,,TE,Utah State,,,,,,,,,,,44.8,96.0,1255.0,13.1,11.0,,,,,,,,,,,,,,,,,,22.0,34.0,34.0
Devard Darling,,RAV,3,82,2004,Washington State,2000,2003,30.0,,,,,,,,,,,,,,WR,Florida StateWashington State,,,,,,,,,,,55.5,106.0,1666.0,15.7,19.0,,,,,,,,,,,,,,,,,,22.0,2.0,4.0
Stephen Peterman,,DAL,3,83,2004,LSU,2000,2002,18.0,,,,,,,,,,,,,,OL,LSU,,,,,,,,,,,,,,,,,,,,,,,,,,,,,,,,,22.0,0.0,34.0
Sean Locklear,,SEA,3,84,2004,North Carolina State,2003,2003,11.0,,,,,,,,,,,,,,OL,North Carolina State,,,,,,,,,,,,,,,,,,,,,,,,,,,,,,,,,23.0,32.0,39.0
Jeremy Lesueur,,DEN,3,85,2004,Michigan,2001,2003,36.0,,,,,,,,,,,,,,DB,Michigan,,,,,,,,,,,,,,,,,,,,,,,,,,4.0,87.0,1.0,,0.1111111111111111,,,23.0,,0.0
Matt Ware,,PHI,3,89,2004,UCLA,2001,2003,34.0,,,,,,,,,,,,,,DB,UCLA,,,,,,,,,,,,,,,,,,,,,,,,,,8.0,68.0,0.0,,0.2352941176470588,,,21.0,2.0,6.0
Matt Schaub,138.4,ATL,3,90,2004,Virginia,2000,2003,40.0,716.0,1069.0,353.0,67.0,7502.0,56.0,26.0,5.2,2.4,7.0,6.97,10.5,187.6,QB,Virginia,,,,,,,,,,,,,,,,,,,,,,,,,,,,,,,,,23.0,4.0,68.0
Rich Gardner,,OTI,3,92,2004,Penn State,2002,2003,25.0,,,,,,,,,,,,,,DB,Penn State,,,,,,,,,,,,,,,,,,,,,,,,,,3.0,108.0,2.0,,0.12,,,23.0,2.0,2.0
Keyaron Fox,,KAN,3,93,2004,Georgia Tech,2002,2002,12.0,,,,,,,,,,,,,,LB,Georgia Tech,,,,,,,,,,,,,,,,,,,,,,,,,,,,,,,,,22.0,4.0,13.0
Guss Scott,,NWE,3,95,2004,Florida,2001,2003,37.0,,,,,,,,,,,,,,DB,Florida,,,,,,,,,,,,,,,,,,,,,,,,,,4.0,109.0,2.0,,0.1081081081081081,,,23.0,1.0,1.0
Landon Johnson,,CIN,3,96,2004,Purdue,2000,2003,34.0,,,,,,,,,,,,,,LB,Purdue,,,,,,,,,,,,,,,,,,,,,,,,,,,,,,,,,23.0,22.0,28.0
Shaun Phillips,,SDG,4,98,2004,Purdue,2002,2003,25.0,,,,,,,,,,,,,,DL,Purdue,,,,,,,,,,,,,,,,,,,,,,,,,,,,,,,,,23.0,48.0,54.0
Carlos Francis,,RAI,4,99,2004,Texas Tech,2000,2003,49.0,,,,,,,,,,,,,,WR,Texas Tech,,,,,,,,,,,61.9,216.0,3031.0,14.0,21.0,,,,,,,,,,,,,,,,,,23.0,0.0,0.0
Demorrio Williams,,ATL,4,101,2004,Nebraska,2002,2003,27.0,,,,,,,,,,,,,,LB,Nebraska,,,,,,,,,,,,,,,,,,,,,,,,,,,,,,,,,24.0,20.0,33.0
Will Poole,,MIA,4,102,2004,USC,2003,2003,13.0,,,,,,,,,,,,,,DB,USC,,,,,,,,,,,,,,,,,,,,,,,,,,7.0,70.0,1.0,,0.5384615384615384,,,23.0,1.0,1.0
Samie Parker,,KAN,4,105,2004,Oregon,2000,2003,48.0,,,,,,,,,,,,,,WR,Oregon,,,,,,,,,,,54.1,169.0,2599.0,15.4,18.0,,,,,,,,,,,,,,,,,,23.0,13.0,13.0
Luke McCown,129.0,CLE,4,106,2004,Louisiana Tech,2000,2003,43.0,1063.0,1775.0,712.0,59.9,12666.0,87.0,62.0,4.9,3.5,7.1,6.54,11.9,294.6,QB,Louisiana Tech,,,,,,,,,,,,,,,,,,,,,,,,,,,,,,,,,23.0,2.0,8.0
Kendyll Pope,,CLT,4,107,2004,Florida State,2000,2003,47.0,,,,,,,,,,,,,,LB,Florida State,,,,,,,,,,,,,,,,,,,,,,,,,,,,,,,,,23.0,0.0,0.0
Jerricho Cotchery,,NYJ,4,108,2004,North Carolina State,2000,2003,48.0,,,,,,,,,,,,,,WR,North Carolina State,,,,,,,,,,,65.0,200.0,3119.0,15.6,21.0,,,,,,,,,,,,,,,,,,22.0,37.0,51.0
Tim Euhus,,BUF,4,109,2004,Oregon State,2001,2003,37.0,,,,,,,,,,,,,,TE,Oregon State,,,,,,,,,,,36.4,98.0,1346.0,13.7,9.0,,,,,,,,,,,,,,,,,,23.0,1.0,1.0
Nathan Vasher,,CHI,4,110,2004,Texas,2000,2003,46.0,,,,,,,,,,,,,,DB,Texas,,,,,,,,,,,,,,,,,,,,,,,,,,17.0,32.0,0.0,,0.3695652173913043,,,22.0,28.0,30.0
Will Allen,,TAM,4,111,2004,Ohio State,2001,2003,37.0,,,,,,,,,,,,,,DB,Ohio State,,,,,,,,,,,,,,,,,,,,,,,,,,5.0,139.0,1.0,,0.1351351351351351,,,22.0,12.0,24.0
Leon Joe,,CHI,4,112,2004,Maryland,2000,2003,34.0,,,,,,,,,,,,,,LB,Maryland,,,,,,,,,,,,,,,,,,,,,,,,,,,,,,,,,22.0,3.0,4.0
Dexter Reid,,NWE,4,113,2004,North Carolina,2000,2001,23.0,,,,,,,,,,,,,,DB,North Carolina,,,,,,,,,,,,,,,,,,,,,,,,,,3.0,68.0,1.0,,0.1304347826086956,,,23.0,2.0,4.0
Matthias Askew,,CIN,4,114,2004,Michigan State,2002,2002,12.0,,,,,,,,,,,,,,DL,Michigan State,,,,,,,,,,,,,,,,,,,,,,,,,,,,,,,,,22.0,0.0,0.0
Niko Koutouvides,,SEA,4,116,2004,Purdue,2002,2003,26.0,,,,,,,,,,,,,,LB,Purdue,,,,,,,,,,,,,,,,,,,,,,,,,,,,,,,,,23.0,5.0,8.0
Robert Geathers,,CIN,4,117,2004,Georgia,2001,2003,39.0,,,,,,,,,,,,,,DL,Georgia,,,,,,,,,,,,,,,,,,,,,,,,,,,,,,,,,21.0,46.0,46.0
Mewelde Moore,,MIN,4,119,2004,Tulane,2001,2003,34.0,,,,,,,,,,,,,,RB,Tulane,735.0,3474.0,4.7,19.0,156.0,1709.0,11.0,14.0,102.2,50.3,,,,,,,,,,,,,,,,,,,,,,,22.0,17.0,29.0
Mewelde Moore,,MIN,4,119,2004,Tulane,2000,2000,10.0,,,,,,,,,,,,,,WR,Tulane,,,,,,,,,,,35.0,33.0,350.0,10.6,1.0,,,,,,,,,,,,,,,,,,22.0,17.0,29.0
Ernest Wilford,,JAX,4,120,2004,Virginia Tech,2000,2003,49.0,,,,,,,,,,,,,,WR,Virginia Tech,,,,,,,,,,,41.9,126.0,2052.0,16.3,11.0,,,,,,,,,,,,,,,,,,25.0,22.0,22.0
Bruce Thornton,,DAL,4,121,2004,Georgia,2000,2000,11.0,,,,,,,,,,,,,,RB,Georgia,47.0,230.0,4.9,3.0,4.0,13.0,3.3,0.0,20.9,1.2,,,,,,,,,,,,,,,,,,,,,,,24.0,0.0,4.0
Bruce Thornton,,DAL,4,121,2004,Georgia,2001,2003,38.0,,,,,,,,,,,,,,DB,Georgia,,,,,,,,,,,,,,,,,,,,,,,,,,4.0,75.0,1.0,,0.1052631578947368,,,24.0,0.0,4.0
Glenn Earl,,HTX,4,122,2004,Notre Dame,2000,2003,36.0,,,,,,,,,,,,,,DB,Notre Dame,,,,,,,,,,,,,,,,,,,,,,,,,,4.0,9.0,0.0,,0.1111111111111111,,,23.0,10.0,10.0
Michael Waddell,,OTI,4,124,2004,North Carolina,2000,2003,45.0,,,,,,,,,,,,,,DB,North Carolina,,,,,,,,,,,,,,,,,,,,,,,,,,3.0,49.0,0.0,,0.0666666666666666,,,23.0,4.0,4.0
Jason David,,CLT,4,125,2004,Washington State,2001,2003,35.0,,,,,,,,,,,,,,DB,Washington State,,,,,,,,,,,,,,,,,,,,,,,,,,14.0,245.0,2.0,,0.4,,,22.0,16.0,24.0
Richard Seigler,,SFO,4,127,2004,Oregon State,2000,2003,37.0,,,,,,,,,,,,,,LB,Oregon State,,,,,,,,,,,,,,,,,,,,,,,,,,,,,,,,,23.0,0.0,0.0
Cedric Cobbs,,NWE,4,128,2004,Arkansas,1999,2003,46.0,,,,,,,,,,,,,,RB,Arkansas,589.0,3018.0,5.1,26.0,26.0,138.0,5.3,1.0,65.6,3.0,,,,,,,,,,,,,,,,,,,,,,,23.0,0.0,0.0
J.R. Reed,,PHI,4,129,2004,South Florida,2001,2003,33.0,,,,,,,,,,,,,,DB,South Florida,,,,,,,,,,,,,,,,,,,,,,,,,,18.0,127.0,1.0,,0.5454545454545454,,28.484615384615388,22.0,3.0,3.0
Brandon Chillar,,RAM,4,130,2004,UCLA,2001,2003,37.0,,,,,,,,,,,,,,LB,UCLA,,,,,,,,,,,,,,,,,,,,,,,,,,,,,,,,,21.0,16.0,22.0
Adrian Jones,,NYJ,4,132,2004,Kansas,2000,2002,26.0,,,,,,,,,,,,,,TE,Kansas,,,,,,,,,,,8.4,22.0,218.0,9.9,2.0,,,,,,,,,,,,,,,,,,23.0,8.0,12.0
Adrian Jones,,NYJ,4,132,2004,Kansas,2003,2003,13.0,,,,,,,,,,,,,,OL,Kansas,,,,,,,,,,,,,,,,,,,,,,,,,,,,,,,,,23.0,8.0,12.0
Dave Ball,,SDG,5,133,2004,UCLA,2003,2003,,,,,,,,,,,,,,,DL,UCLA,,,,,,,,,,,,,,,,,,,,,,,,,,,,,,,,,23.0,0.0,15.0
Johnnie Morant,,RAI,5,134,2004,Syracuse,2001,2003,32.0,,,,,,,,,,,,,,WR,Syracuse,,,,,,,,,,,48.0,88.0,1535.0,17.4,7.0,,,,,,,,,,,,,,,,,,22.0,0.0,0.0
Gibril Wilson,,NYG,5,136,2004,Tennessee,2003,2003,13.0,,,,,,,,,,,,,,DB,Tennessee,,,,,,,,,,,,,,,,,,,,,,,,,,3.0,1.0,0.0,,0.2307692307692307,,,22.0,21.0,32.0
Rodney Leisle,,NOR,5,139,2004,UCLA,2000,2003,34.0,,,,,,,,,,,,,,DL,UCLA,,,,,,,,,,,,,,,,,,,,,,,,,,,,,,,,,23.0,2.0,2.0
Alex Lewis,,DET,5,140,2004,Wisconsin,2002,2003,27.0,,,,,,,,,,,,,,LB,Wisconsin,,,,,,,,,,,,,,,,,,,,,,,,,,,,,,,,11.1,23.0,7.0,7.0
Chad Lavalais,,ATL,5,142,2004,LSU,2003,2003,14.0,,,,,,,,,,,,,,DL,LSU,,,,,,,,,,,,,,,,,,,,,,,,,,,,,,,,,25.0,9.0,9.0
Erik Coleman,,NYJ,5,143,2004,Washington State,2000,2003,44.0,,,,,,,,,,,,,,DB,Washington State,,,,,,,,,,,,,,,,,,,,,,,,,,12.0,94.0,2.0,,0.2727272727272727,,,22.0,19.0,33.0
Sean Ryan,,DAL,5,144,2004,Boston College,2001,2003,37.0,,,,,,,,,,,,,,TE,Boston College,,,,,,,,,,,25.7,75.0,950.0,12.7,12.0,,,,,,,,,,,,,,,,,1.3108695652173912,24.0,0.0,1.0
Craig Krenzel,131.4,CHI,5,148,2004,Ohio State,2000,2003,32.0,326.0,574.0,248.0,56.8,4473.0,28.0,20.0,4.9,3.5,7.8,7.2,13.7,139.8,QB,Ohio State,,,,,,,,,,,,,,,,,,,,,,,,,,,,,,,,,23.0,1.0,1.0
Maurice Mann,,CIN,5,149,2004,Nevada,2002,2003,20.0,,,,,,,,,,,,,,WR,Nevada,,,,,,,,,,,41.4,53.0,827.0,15.6,5.0,,,,,,,,,,,,,,,,,,21.0,,0.0
Mark Wilson,,WAS,5,151,2004,California,2002,2003,26.0,,,,,,,,,,,,,,OL,California,,,,,,,,,,,,,,,,,,,,,,,,,,,,,,,,-4.752941176470588,23.0,0.0,0.0
Jeff Shoate,,DEN,5,152,2004,San Diego State,2001,2003,36.0,,,,,,,,,,,,,,DB,San Diego State,,,,,,,,,,,,,,,,,,,,,,,,,,6.0,26.0,0.0,,0.1666666666666666,,,23.0,0.0,0.0
Michael Turner,,SDG,5,154,2004,Northern Illinois,2000,2003,45.0,,,,,,,,,,,,,,RB,Northern Illinois,940.0,4941.0,5.3,43.0,43.0,451.0,10.5,3.0,109.8,10.0,,,,,,,,,,,,,,,,,,,,,,,22.0,9.0,55.0
Rod Davis,,MIN,5,155,2004,Southern Mississippi,2000,2003,47.0,,,,,,,,,,,,,,LB,Southern Mississippi,,,,,,,,,,,,,,,,,,,,,,,,,,,,,,,,,23.0,3.0,3.0
Mike Karney,,NOR,5,156,2004,Arizona State,2000,2003,46.0,,,,,,,,,,,,,,RB,Arizona State,32.0,78.0,2.4,0.0,37.0,308.0,8.3,1.0,1.7,6.7,,,,,,,,,,,,,,,,,,,,,,,23.0,2.0,2.0
D.J. Hackett,,SEA,5,157,2004,Colorado,2002,2003,25.0,,,,,,,,,,,,,,WR,Colorado,,,,,,,,,,,49.0,96.0,1224.0,12.8,11.0,,,,,,,,,,,,,,,,,,23.0,12.0,14.0
Jason Shivers,,RAM,5,158,2004,Arizona State,2002,2003,25.0,,,,,,,,,,,,,,DB,Arizona State,,,,,,,,,,,,,,,,,,,,,,,,,,6.0,85.0,0.0,,0.24,,,21.0,,0.0
Tony Bua,,MIA,5,160,2004,Arkansas,2001,2003,36.0,,,,,,,,,,,,,,DB,Arkansas,,,,,,,,,,,,,,,,,,,,,,,,,,6.0,30.0,0.0,,0.1666666666666666,,,24.0,1.0,1.0
Amon Gordon,,CLE,5,161,2004,Stanford,2001,2001,11.0,,,,,,,,,,,,,,LB,Stanford,,,,,,,,,,,,,,,,,,,,,,,,,,,,,,,,,22.0,1.0,4.0
Thomas Tapeh,,PHI,5,162,2004,Minnesota,2000,2003,43.0,,,,,,,,,,,,,,RB,Minnesota,410.0,1958.0,4.8,24.0,19.0,219.0,11.5,3.0,45.5,5.1,,,,,,,,,,,,,,,,,,,,,,,24.0,2.0,2.0
Drew Carter,,CAR,5,163,2004,Ohio State,2000,2003,31.0,,,,,,,,,,,,,,WR,Ohio State,,,,,,,,,,,20.4,41.0,632.0,15.4,1.0,,,,,,,,,,,,,,,,,,23.0,8.0,8.0
P.K. Sam,,NWE,5,164,2004,Florida State,2001,2003,35.0,,,,,,,,,,,,,,WR,Florida State,,,,,,,,,,,30.5,76.0,1066.0,14.0,7.0,,,,,,,,,,,,,,,,,,20.0,0.0,0.0
Robert Reynolds,,OTI,5,165,2004,Ohio State,2001,2003,23.0,,,,,,,,,,,,,,LB,Ohio State,,,,,,,,,,,,,,,,,,,,,,,,,,,,,,,,,23.0,2.0,2.0
Nick Leckey,,CRD,6,167,2004,Kansas State,2001,2001,11.0,,,,,,,,,,,,,,DL,Kansas State,,,,,,,,,,,,,,,,,,,,,,,,,,,,,,,,,22.0,10.0,14.0
Jamaar Taylor,,NYG,6,168,2004,Texas A&M,2001,2003,26.0,,,,,,,,,,,,,,WR,Texas A&M,,,,,,,,,,,65.6,108.0,1705.0,15.8,10.0,,,,,,,,,,,,,,,,,,23.0,1.0,1.0
Triandos Luke,,DEN,6,171,2004,Alabama,2000,2003,44.0,,,,,,,,,,,,,,WR,Alabama,,,,,,,,,,,24.4,90.0,1072.0,11.9,9.0,,,,,,,,,,,,,,,,,,22.0,0.0,0.0
Von Hutchins,,CLT,6,173,2004,Ole Miss,2001,2003,36.0,,,,,,,,,,,,,,DB,Ole Miss,,,,,,,,,,,,,,,,,,,,,,,,,,11.0,51.0,0.0,,0.3055555555555556,,,23.0,1.0,5.0
Rex Hadnot,,MIA,6,174,2004,Houston,2000,2000,4.0,,,,,,,,,,,,,,OL,Houston,,,,,,,,,,,,,,,,,,,,,,,,,,,,,,,,,22.0,22.0,35.0
Jammal Lord,111.0,HTX,6,175,2004,Nebraska,2000,2003,39.0,194.0,404.0,210.0,48.0,2848.0,18.0,22.0,4.5,5.4,7.0,5.49,14.7,73.0,QB,Nebraska,,,,,,,,,,,,,,,,,,,,,,,,,,,,,,,,,23.0,0.0,0.0
Cody Spencer,,RAI,6,182,2004,North Texas,2001,2003,35.0,,,,,,,,,,,,,,LB,North Texas,,,,,,,,,,,,,,,,,,,,,,,,,,,,,,,,,23.0,,4.0
Greg Brooks,,CIN,6,183,2004,Southern Mississippi,2001,2003,35.0,,,,,,,,,,,,,,DB,Southern Mississippi,,,,,,,,,,,,,,,,,,,,,,,,,,9.0,24.0,0.0,,0.2571428571428571,,,23.0,1.0,1.0
Andy Hall,101.0,PHI,6,185,2004,,2000,2001,9.0,19.0,43.0,24.0,44.2,299.0,1.0,2.0,2.3,4.7,7.0,5.33,15.7,33.2,QB,Georgia Tech,,,,,,,,,,,,,,,,,,,,,,,,,,,,,,,,,23.0,,
Etric Pruitt,,ATL,6,186,2004,Southern Mississippi,2001,2003,37.0,,,,,,,,,,,,,,DB,Southern Mississippi,,,,,,,,,,,,,,,,,,,,,,,,,,11.0,144.0,1.0,,0.2972972972972973,,,23.0,0.0,0.0
Craig Terrill,,SEA,6,189,2004,Purdue,2001,2001,11.0,,,,,,,,,,,,,,DL,Purdue,,,,,,,,,,,,,,,,,,,,,,,,,,,,,,,,,24.0,9.0,9.0
Troy Fleming,,OTI,6,191,2004,Tennessee,2000,2003,46.0,,,,,,,,,,,,,,RB,Tennessee,84.0,342.0,4.1,1.0,73.0,492.0,6.7,5.0,7.4,10.7,,,,,,,,,,,,,,,,,,,,,,,23.0,3.0,3.0
Dexter Wynn,,PHI,6,192,2004,Colorado State,2000,2003,43.0,,,,,,,,,,,,,,DB,Colorado State,,,,,,,,,,,,,,,,,,,,,,,,,,4.0,62.0,0.0,,0.0930232558139534,,,23.0,3.0,4.0
Jim Sorgi,141.5,CLT,6,193,2004,Wisconsin,2000,2003,39.0,287.0,517.0,230.0,55.5,4475.0,33.0,20.0,6.4,3.9,8.7,8.19,15.6,114.7,QB,Wisconsin,,,,,,,,,,,,,,,,,,,,,,,,,,,,,,,,,23.0,5.0,5.0
Matt Kranchick,,PIT,6,194,2004,Penn State,2002,2003,19.0,,,,,,,,,,,,,,WR,Penn State,,,,,,,,,,,18.5,24.0,352.0,14.7,1.0,,,,,,,,,,,,,,,,,,24.0,0.0,0.0
Keith Lewis,,SFO,6,198,2004,Oregon,2000,2003,48.0,,,,,,,,,,,,,,DB,Oregon,,,,,,,,,,,,,,,,,,,,,,,,,,11.0,79.0,1.0,,0.2291666666666666,,6.7,22.0,8.0,8.0
John Navarre,126.0,CRD,7,202,2004,Michigan,2000,2003,46.0,744.0,1327.0,583.0,56.1,9014.0,70.0,30.0,5.3,2.3,6.8,6.83,12.1,196.0,QB,Michigan,,,,,,,,,,,,,,,,,,,,,,,,,,,,,,,,,23.0,0.0,0.0
Ryon Bingham,,SDG,7,204,2004,Nebraska,2003,2003,11.0,,,,,,,,,,,,,,DL,Nebraska,,,,,,,,,,,,,,,,,,,,,,,,,,,,,,,,,23.0,6.0,6.0
Nathan Jones,,DAL,7,205,2004,Rutgers,2001,2001,11.0,,,,,,,,,,,,,,RB,Rutgers,0.0,0.0,,0.0,0.0,0.0,,0.0,0.0,0.0,,,,,,,,,,,,,,,,,,,,,,,22.0,2.0,9.0
Nathan Jones,,DAL,7,205,2004,Rutgers,2002,2003,24.0,,,,,,,,,,,,,,DB,Rutgers,,,,,,,,,,,,,,,,,,,,,,,,,,4.0,30.0,0.0,,0.1666666666666666,,,22.0,2.0,9.0
Mark Jones,,TAM,7,206,2004,Tennessee,2001,2003,25.0,,,,,,,,,,,,,,WR,Tennessee,,,,,,,,,,,22.2,36.0,556.0,15.4,5.0,,,,,,,,,,,,,,,,,,23.0,0.0,0.0
Mark Jones,,TAM,7,206,2004,Tennessee,2002,2002,13.0,,,,,,,,,,,,,,DB,Tennessee,,,,,,,,,,,,,,,,,,,,,,,,,,1.0,0.0,0.0,,0.0769230769230769,,,23.0,0.0,0.0
Adimchinobe Echemandu,,CLE,7,208,2004,California,1999,2003,33.0,,,,,,,,,,,,,,RB,California,306.0,1434.0,4.7,16.0,33.0,264.0,8.0,2.0,43.5,8.0,,,,,,,,,,,,,,,,,,,,,,,23.0,0.0,1.0
Sloan Thomas,,HTX,7,211,2004,Texas,2000,2003,46.0,,,,,,,,,,,,,,WR,Texas,,,,,,,,,,,29.6,88.0,1362.0,15.5,12.0,,,,,,,,,,,,,,,,,,22.0,,0.0
Eric Taylor,,PIT,7,212,2004,Memphis,2003,2003,13.0,,,,,,,,,,,,,,DL,Memphis,,,,,,,,,,,,,,,,,,,,,,,,,,,,,,,,,22.0,,0.0
Darrell McClover,,NYJ,7,213,2004,Miami (FL),2001,2003,22.0,,,,,,,,,,,,,,LB,Miami (FL),,,,,,,,,,,,,,,,,,,,,,,,,,,,,,,,,23.0,1.0,4.0
Jonathan Smith,,BUF,7,214,2004,Georgia Tech,2000,2003,45.0,,,,,,,,,,,,,,WR,Georgia Tech,,,,,,,,,,,49.7,174.0,2238.0,12.9,12.0,,,,,,,,,,,,,,,,,6.738709677419355,22.0,2.0,2.0
Alfonso Marshall,,CHI,7,215,2004,Miami (FL),2002,2003,19.0,,,,,,,,,,,,,,DB,Miami (FL),,,,,,,,,,,,,,,,,,,,,,,,,,3.0,39.0,0.0,,0.1578947368421052,,,23.0,0.0,0.0
Cody Pickett,125.0,SFO,7,217,2004,Washington,1999,2003,38.0,792.0,1373.0,581.0,57.7,9916.0,53.0,42.0,3.9,3.1,7.2,6.62,12.5,260.9,QB,Washington,,,,,,,,,,,,,,,,,,,,,,,,,,,,,,,,,24.0,1.0,1.0
Quincy Wilson,,ATL,7,219,2004,West Virginia,1999,2003,44.0,,,,,,,,,,,,,,RB,West Virginia,474.0,2608.0,5.5,20.0,25.0,147.0,5.9,1.0,59.3,3.3,,,,,,,,,,,,,,,,,,,,,,15.463157894736844,23.0,,0.0
Jeff Dugan,,MIN,7,220,2004,Maryland,2000,2003,49.0,,,,,,,,,,,,,,TE,Maryland,,,,,,,,,,,13.2,55.0,649.0,11.8,3.0,,,,,,,,,,,,,,,,,,23.0,2.0,2.0
Derrick Pope,,MIA,7,222,2004,Alabama,2002,2003,25.0,,,,,,,,,,,,,,LB,Alabama,,,,,,,,,,,,,,,,,,,,,,,,,,,,,,,,,22.0,10.0,10.0
Jacques Reeves,,DAL,7,223,2004,Purdue,2001,2003,36.0,,,,,,,,,,,,,,DB,Purdue,,,,,,,,,,,,,,,,,,,,,,,,,,6.0,23.0,0.0,,0.1666666666666666,,,21.0,7.0,15.0
Matt Mauck,135.7,DEN,7,225,2004,LSU,2001,2003,23.0,310.0,529.0,219.0,58.6,3831.0,37.0,18.0,7.0,3.4,7.2,7.11,12.4,166.6,QB,LSU,,,,,,,,,,,,,,,,,,,,,,,,,,,,,,,,,25.0,,1.0
Jared Clauss,,OTI,7,230,2004,Iowa,2002,2002,13.0,,,,,,,,,,,,,,DL,Iowa,,,,,,,,,,,,,,,,,,,,,,,,,,,,,,,,,23.0,3.0,3.0
Michael Gaines,,CAR,7,232,2004,UCF,2001,2003,25.0,,,,,,,,,,,,,,TE,UCF,,,,,,,,,,,12.2,22.0,306.0,13.9,3.0,,,,,,,,,,,,,,,,,,24.0,3.0,7.0
Christian Morton,,NWE,7,233,2004,Illinois,2000,2001,21.0,0.0,0.0,0.0,,0.0,0.0,0.0,,,,,,0.0,QB,Illinois,,,,,,,,,,,,,,,,,,,,,,,,,,,,,,,,,23.0,,2.0
Christian Morton,,NWE,7,233,2004,Illinois,2002,2003,23.0,,,,,,,,,,,,,,DB,Illinois,,,,,,,,,,,,,,,,,,,,,,,,,,1.0,0.0,0.0,,0.0434782608695652,,,23.0,,2.0
Trevor Johnson,,NYJ,7,234,2004,Nebraska,2000,2000,10.0,,,,,,,,,,,,,,TE,Nebraska,,,,,,,,,,,0.0,0.0,0.0,,0.0,,,,,,,,,,,,,,,,,,23.0,3.0,4.0
Derrick Ward,,NYJ,7,235,2004,,1999,2000,18.0,,,,,,,,,,,,,,RB,Fresno State,177.0,1013.0,5.7,10.0,3.0,49.0,16.3,0.0,56.3,2.7,,,,,,,,,,,,,,,,,,,,,,,24.0,,25.0
Rashad Washington,,NYJ,7,236,2004,Kansas State,2000,2000,11.0,,,,,,,,,,,,,,RB,Kansas State,14.0,106.0,7.6,1.0,0.0,0.0,,0.0,9.6,0.0,,,,,,,,,,,,,,,,,,,,,,,24.0,3.0,3.0
Rashad Washington,,NYJ,7,236,2004,Kansas State,2002,2003,28.0,,,,,,,,,,,,,,DB,Kansas State,,,,,,,,,,,,,,,,,,,,,,,,,,4.0,107.0,2.0,,0.1428571428571428,,,24.0,3.0,3.0
Colby Bockwoldt,,NOR,7,240,2004,BYU,2003,2003,12.0,,,,,,,,,,,,,,LB,BYU,,,,,,,,,,,,,,,,,,,,,,,,,,,,,,,,,23.0,11.0,12.0
Sean McHugh,,OTI,7,241,2004,Penn State,2000,2003,36.0,,,,,,,,,,,,,,RB,Penn State,74.0,302.0,4.1,6.0,37.0,250.0,6.8,1.0,8.4,6.9,,,,,,,,,,,,,,,,,,,,,,,22.0,,2.0
Sean McHugh,,OTI,7,241,2004,Penn State,2001,2001,4.0,,,,,,,,,,,,,,TE,Penn State,,,,,,,,,,,11.8,7.0,47.0,6.7,0.0,,,,,,,,,,,,,,,,,,22.0,,2.0
Bruce Perry,,PHI,7,242,2004,Maryland,1999,2003,36.0,,,,,,,,,,,,,,RB,Maryland,468.0,2491.0,5.3,17.0,55.0,478.0,8.7,2.0,69.2,13.3,,,,,,,,,,,,,,,,,,,,,,,23.0,0.0,0.0
Courtney Anderson,,RAI,7,245,2004,San Jose State,2002,2003,24.0,,,,,,,,,,,,,,TE,San Jose State,,,,,,,,,,,19.9,36.0,477.0,13.3,7.0,,,,,,,,,,,,,,,,,,23.0,6.0,6.0
Brandon Miree,,DEN,7,247,2004,Pitt,2000,2003,32.0,,,,,,,,,,,,,,RB,AlabamaPitt,426.0,1944.0,4.6,16.0,28.0,264.0,9.4,1.0,60.8,8.3,,,,,,,,,,,,,,,,,,,,,,,23.0,,0.0
Bradlee Van Pelt,129.0,DEN,7,250,2004,Colorado State,2001,2003,38.0,424.0,778.0,354.0,54.5,6165.0,37.0,30.0,4.8,3.9,7.9,7.14,14.5,162.2,QB,Colorado State,,,,,,,,,,,,,,,,,,,,,,,,,,,,,,,,,24.0,0.0,0.0
Alex Smith,164.4,SFO,1,1,2005,Utah,2002,2004,25.0,389.0,587.0,198.0,66.3,5203.0,47.0,8.0,8.0,1.4,8.9,9.85,13.4,208.1,QB,Utah,,,,,,,,,,,,,,,,,,,,,,,,,,,,,,,,7.85,21.0,28.0,98.0
Ronnie Brown,,MIA,1,2,2005,Auburn,2000,2004,48.0,,,,,,,,,,,,,,RB,Auburn,513.0,2707.0,5.3,28.0,58.0,668.0,11.5,2.0,56.4,13.9,,,,,,,,,,,,,,,,,,,,,,,23.0,36.0,41.0
Braylon Edwards,,CLE,1,3,2005,Michigan,2001,2004,44.0,,,,,,,,,,,,,,WR,Michigan,,,,,,,,,,,80.5,252.0,3541.0,14.1,39.0,,,,,,,,,,,,,,,,,,22.0,27.0,41.0
Cedric Benson,,CHI,1,4,2005,Texas,2001,2004,49.0,,,,,,,,,,,,,,RB,Texas,1112.0,5540.0,5.0,64.0,69.0,621.0,9.0,3.0,113.1,12.7,,,,,,,,,,,,,,,,,,,,,,,22.0,10.0,36.0
Cadillac Williams,,TAM,1,5,2005,Auburn,2001,2004,42.0,,,,,,,,,,,,,,RB,Auburn,741.0,3831.0,5.2,45.0,45.0,342.0,7.6,1.0,91.2,8.1,,,,,,,,,,,,,,,,,,,,,,,23.0,27.0,28.0
Adam Jones,,OTI,1,6,2005,West Virginia,2001,2004,46.0,,,,,,,,,,,,,,DB,West Virginia,,,,,,,,,,,,,,,,,,,,,,,,,,8.0,156.0,1.0,,0.1739130434782608,,-4.4,21.0,13.0,50.0
Troy Williamson,,MIN,1,7,2005,South Carolina,2002,2004,34.0,,,,,,,,,,,,,,WR,South Carolina,,,,,,,,,,,51.6,91.0,1754.0,19.3,13.0,,,,,,,,,,,,,,,,,,22.0,8.0,8.0
Antrel Rolle,,CRD,1,8,2005,Miami (FL),2001,2004,45.0,,,,,,,,,,,,,,DB,Miami (FL),,,,,,,,,,,,,,,,,,,,,,,,,,5.0,73.0,1.0,,0.1111111111111111,,,22.0,20.0,57.0
Carlos Rogers,,WAS,1,9,2005,Auburn,2002,2004,38.0,,,,,,,,,,,,,,DB,Auburn,,,,,,,,,,,,,,,,,,,,,,,,,,7.0,101.0,1.0,,0.1842105263157894,,,24.0,26.0,47.0
Mike Williams,,DET,1,10,2005,USC,2002,2003,26.0,,,,,,,,,,,,,,WR,USC,,,,,,,,,,,99.2,176.0,2579.0,14.7,30.0,,,,,,,,,,,,,,,,,10.072222222222223,21.0,4.0,12.0
Demarcus Ware,,DAL,1,11,2005,Troy,2003,2004,12.0,,,,,,,,,,,,,,DL,Troy,,,,,,,,,,,,,,,,,,,,,,,,,,,,,,,,,23.0,88.0,100.0
Jammal Brown,,NOR,1,13,2005,Oklahoma,2004,2004,,,,,,,,,,,,,,,OL,Oklahoma,,,,,,,,,,,,,,,,,,,,,,,,,,,,,,,,,24.0,39.0,49.0
Thomas Davis,,CAR,1,14,2005,Georgia,2003,2003,14.0,,,,,,,,,,,,,,LB,Georgia,,,,,,,,,,,,,,,,,,,,,,,,,,,,,,,,,22.0,74.0,80.0
Thomas Davis,,CAR,1,14,2005,Georgia,2002,2004,25.0,,,,,,,,,,,,,,DB,Georgia,,,,,,,,,,,,,,,,,,,,,,,,,,2.0,11.0,0.0,,0.08,,,22.0,74.0,80.0
Derrick Johnson,,KAN,1,15,2005,Texas,2002,2004,38.0,,,,,,,,,,,,,,LB,Texas,,,,,,,,,,,,,,,,,,,,,,,,,,,,,,,,,22.0,79.0,80.0
David Pollack,,CIN,1,17,2005,Georgia,2002,2004,40.0,,,,,,,,,,,,,,DL,Georgia,,,,,,,,,,,,,,,,,,,,,,,,,,,,,,,,,23.0,3.0,3.0
Erasmus James,,MIN,1,18,2005,Wisconsin,2004,2004,,,,,,,,,,,,,,,DL,Wisconsin,,,,,,,,,,,,,,,,,,,,,,,,,,,,,,,,,22.0,6.0,6.0
Alex Barron,,RAM,1,19,2005,Florida State,2003,2004,,,,,,,,,,,,,,,OL,Florida State,,,,,,,,,,,,,,,,,,,,,,,,,,,,,,,,,22.0,27.0,27.0
Marcus Spears,,DAL,1,20,2005,LSU,2001,2001,10.0,,,,,,,,,,,,,,TE,LSU,,,,,,,,,,,2.0,2.0,20.0,10.0,0.0,,,,,,,,,,,,,,,,,,22.0,35.0,36.0
Marcus Spears,,DAL,1,20,2005,LSU,2002,2004,38.0,,,,,,,,,,,,,,DL,LSU,,,,,,,,,,,,,,,,,,,,,,,,,,,,,,,,,22.0,35.0,36.0
Matt Jones,135.6,JAX,1,21,2005,Arkansas,2001,2004,46.0,417.0,755.0,338.0,55.2,5857.0,53.0,30.0,7.0,4.0,7.8,7.37,14.0,127.3,QB,Arkansas,,,,,,,,,,,,,,,,,,,,,,,,,,,,,,,,15.379545454545456,22.0,22.0,22.0
Mark Clayton,,RAV,1,22,2005,Oklahoma,2001,2004,51.0,,,,,,,,,,,,,,WR,Oklahoma,,,,,,,,,,,63.5,220.0,3236.0,14.7,31.0,,,,,,,,,,,,,,,,,,23.0,26.0,28.0
Fabian Washington,,RAI,1,23,2005,Nebraska,2002,2004,37.0,,,,,,,,,,,,,,DB,Nebraska,,,,,,,,,,,,,,,,,,,,,,,,,,11.0,72.0,1.0,,0.2972972972972973,,,22.0,9.0,20.0
Aaron Rodgers,150.3,GNB,1,24,2005,California,2003,2004,25.0,424.0,665.0,241.0,63.8,5469.0,43.0,13.0,6.5,2.0,8.2,8.64,12.9,218.8,QB,California,,,,,,,,,,,,,,,,,,,,,,,,,,,,,,,,,21.0,161.0,169.0
Jason Campbell,148.2,WAS,1,25,2005,Auburn,2001,2004,48.0,552.0,854.0,302.0,64.6,7299.0,45.0,24.0,5.3,2.8,8.5,8.34,13.2,152.1,QB,Auburn,,,,,,,,,,,,,,,,,,,,,,,,,,,,,,,,,23.0,34.0,48.0
Roddy White,,ATL,1,27,2005,UAB,2001,2004,45.0,,,,,,,,,,,,,,WR,UAB,,,,,,,,,,,69.2,163.0,3112.0,19.1,26.0,,,,,,,,,,,,,,,,,,23.0,88.0,88.0
Marlin Jackson,,CLT,1,29,2005,Michigan,2001,2004,44.0,,,,,,,,,,,,,,DB,Michigan,,,,,,,,,,,,,,,,,,,,,,,,,,9.0,77.0,1.0,,0.2045454545454545,,,22.0,14.0,14.0
Heath Miller,,PIT,1,30,2005,Virginia,2002,2004,39.0,,,,,,,,,,,,,,TE,Virginia,,,,,,,,,,,43.7,144.0,1703.0,11.8,20.0,,,,,,,,,,,,,,,,,,22.0,45.0,45.0
Mike Patterson,,PHI,1,31,2005,USC,2002,2003,26.0,,,,,,,,,,,,,,DL,USC,,,,,,,,,,,,,,,,,,,,,,,,,,,,,,,,,22.0,44.0,48.0
David Baas,,SFO,2,33,2005,Michigan,2004,2004,,,,,,,,,,,,,,,OL,Michigan,,,,,,,,,,,,,,,,,,,,,,,,,,,,,,,,,23.0,21.0,36.0
Brodney Pool,,CLE,2,34,2005,Oklahoma,2003,2004,27.0,,,,,,,,,,,,,,DB,Oklahoma,,,,,,,,,,,,,,,,,,,,,,,,,,9.0,121.0,0.0,,0.3333333333333333,,,21.0,21.0,27.0
Reggie Brown,,PHI,2,35,2005,Georgia,2000,2004,52.0,,,,,,,,,,,,,,WR,Georgia,,,,,,,,,,,38.6,144.0,2008.0,13.9,12.0,,,,,,,,,,,,,,,,,-10.975,24.0,20.0,20.0
Barrett Ruud,,TAM,2,36,2005,Nebraska,2003,2003,13.0,,,,,,,,,,,,,,LB,Nebraska,,,,,,,,,,,,,,,,,,,,,,,,,,,,,,,,,22.0,36.0,41.0
Shaun Cody,,DET,2,37,2005,USC,2001,2004,11.0,,,,,,,,,,,,,,DL,USC,,,,,,,,,,,,,,,,,,,,,,,,,,,,,,,,,22.0,5.0,28.0
Stanford Routt,,RAI,2,38,2005,Houston,2001,2004,34.0,,,,,,,,,,,,,,DB,Houston,,,,,,,,,,,,,,,,,,,,,,,,,,7.0,96.0,0.0,,0.2058823529411764,,,22.0,19.0,22.0
Mark Bradley,,CHI,2,39,2005,Oklahoma,2004,2004,13.0,,,,,,,,,,,,,,WR,Oklahoma,,,,,,,,,,,37.8,23.0,491.0,21.3,7.0,,,,,,,,,,,,,,,,,,23.0,5.0,10.0
Mark Bradley,,CHI,2,39,2005,Oklahoma,2003,2003,12.0,,,,,,,,,,,,,,DB,Oklahoma,,,,,,,,,,,,,,,,,,,,,,,,,,0.0,0.0,0.0,,0.0,,,23.0,5.0,10.0
Josh Bullocks,,NOR,2,40,2005,Nebraska,2002,2002,13.0,0.0,0.0,0.0,,0.0,0.0,0.0,,,,,,0.0,QB,Nebraska,,,,,,,,,,,,,,,,,,,,,,,,,,,,,,,,,22.0,19.0,21.0
Josh Bullocks,,NOR,2,40,2005,Nebraska,2003,2004,24.0,,,,,,,,,,,,,,DB,Nebraska,,,,,,,,,,,,,,,,,,,,,,,,,,12.0,192.0,0.0,,0.5,,,22.0,19.0,21.0
Kevin Burnett,,DAL,2,42,2005,Tennessee,2004,2004,13.0,,,,,,,,,,,,,,LB,Tennessee,,,,,,,,,,,,,,,,,,,,,,,,,,,,,,,,,22.0,6.0,40.0
Corey Webster,,NYG,2,43,2005,LSU,2001,2004,48.0,,,,,,,,,,,,,,DB,LSU,,,,,,,,,,,,,,,,,,,,,,,,,,16.0,181.0,1.0,,0.3333333333333333,,,23.0,33.0,33.0
J.J. Arrington,,CRD,2,44,2005,California,2003,2004,25.0,,,,,,,,,,,,,,RB,California,396.0,2625.0,6.6,20.0,42.0,299.0,7.1,3.0,105.0,12.0,,,,,,,,,,,,,,,,,,,,,,,22.0,12.0,12.0
Lofa Tatupu,,SEA,2,45,2005,USC,2003,2004,25.0,,,,,,,,,,,,,,LB,USC,,,,,,,,,,,,,,,,,,,,,,,,,,,,,,,,,22.0,49.0,49.0
Odell Thurman,,CIN,2,48,2005,Georgia,2003,2003,14.0,,,,,,,,,,,,,,LB,Georgia,,,,,,,,,,,,,,,,,,,,,,,,,,,,,,,,,22.0,7.0,7.0
Khalif Barnes,,JAX,2,52,2005,Washington,2002,2002,13.0,,,,,,,,,,,,,,OL,Washington,,,,,,,,,,,,,,,,,,,,,,,,,,,,,,,,,23.0,31.0,51.0
Eric Shelton,,CAR,2,54,2005,Louisville,2001,2004,33.0,,,,,,,,,,,,,,RB,Florida StateLouisville,341.0,1858.0,5.4,30.0,7.0,54.0,7.7,0.0,56.3,1.6,,,,,,,,,,,,,,,,,,,,,,,22.0,0.0,0.0
Roscoe Parrish,,BUF,2,55,2005,Miami (FL),2002,2004,36.0,,,,,,,,,,,,,,WR,Miami (FL),,,,,,,,,,,37.6,86.0,1355.0,15.8,12.0,,,,,,,,,,,,,,,,,,23.0,14.0,14.0
Darrent Williams,,DEN,2,56,2005,Oklahoma State,2001,2004,42.0,,,,,,,,,,,,,,DB,Oklahoma State,,,,,,,,,,,,,,,,,,,,,,,,,,11.0,282.0,5.0,,0.2619047619047619,,,22.0,11.0,11.0
Justin Miller,,NYJ,2,57,2005,Clemson,2001,2004,48.0,,,,,,,,,,,,,,DB,Clemson,,,,,,,,,,,,,,,,,,,,,,,,,,13.0,94.0,0.0,,0.2708333333333333,,,21.0,13.0,15.0
Terrence Murphy,,GNB,2,58,2005,Texas A&M,2001,2004,45.0,,,,,,,,,,,,,,WR,Texas A&M,,,,,,,,,,,57.8,172.0,2600.0,15.1,10.0,,,,,,,,,,,,,,,,,,22.0,0.0,0.0
Jonathan Babineaux,,ATL,2,59,2005,Iowa,2000,2000,11.0,,,,,,,,,,,,,,RB,Iowa,1.0,4.0,4.0,0.0,2.0,12.0,6.0,0.0,0.4,1.1,,,,,,,,,,,,,,,,,,,,,,,23.0,52.0,52.0
Jonathan Babineaux,,ATL,2,59,2005,Iowa,2002,2004,24.0,,,,,,,,,,,,,,DL,Iowa,,,,,,,,,,,,,,,,,,,,,,,,,,,,,,,,,23.0,52.0,52.0
Kelvin Hayden,,CLT,2,60,2005,Illinois,2003,2003,10.0,,,,,,,,,,,,,,WR,Illinois,,,,,,,,,,,59.2,52.0,592.0,11.4,3.0,,,,,,,,,,,,,,,,,,22.0,21.0,24.0
Kelvin Hayden,,CLT,2,60,2005,Illinois,2004,2004,11.0,,,,,,,,,,,,,,DB,Illinois,,,,,,,,,,,,,,,,,,,,,,,,,,4.0,84.0,1.0,,0.3636363636363636,,,22.0,21.0,24.0
Bryant McFadden,,PIT,2,62,2005,Florida State,2002,2004,26.0,,,,,,,,,,,,,,DB,Florida State,,,,,,,,,,,,,,,,,,,,,,,,,,4.0,8.0,0.0,,0.1538461538461538,,,23.0,22.0,27.0
Frank Gore,,SFO,3,65,2005,Miami (FL),2001,2004,28.0,,,,,,,,,,,,,,RB,Miami (FL),348.0,1975.0,5.7,17.0,23.0,225.0,9.8,0.0,70.5,8.0,,,,,,,,,,,,,,,,,,,,,,,22.0,75.0,94.0
Oshiomogho Atogwe,,RAM,3,66,2005,Stanford,2002,2004,33.0,,,,,,,,,,,,,,DB,Stanford,,,,,,,,,,,,,,,,,,,,,,,,,,9.0,81.0,0.0,,0.2727272727272727,,,24.0,31.0,34.0
Charlie Frye,138.5,CLE,3,67,2005,Akron,2001,2004,46.0,913.0,1436.0,523.0,63.6,11049.0,64.0,32.0,4.5,2.2,7.7,7.58,12.1,240.2,QB,Akron,,,,,,,,,,,,,,,,,,,,,,,,,,,,,,,,,24.0,7.0,8.0
Courtney Roby,,OTI,3,68,2005,Indiana,2001,2004,45.0,,,,,,,,,,,,,,WR,Indiana,,,,,,,,,,,56.1,170.0,2524.0,14.8,12.0,,,,,,,,,,,,,,,,,,22.0,3.0,4.0
Andrew Walter,132.6,RAI,3,69,2005,Arizona State,2001,2004,48.0,777.0,1416.0,639.0,54.9,10617.0,85.0,36.0,6.0,2.5,7.5,7.55,13.7,221.2,QB,Arizona State,,,,,,,,,,,,,,,,,,,,,,,,,,,,,,,,,23.0,1.0,1.0
Channing Crowder,,MIA,3,70,2005,Florida,2004,2004,9.0,,,,,,,,,,,,,,LB,Florida,,,,,,,,,,,,,,,,,,,,,,,,,,,,,,,,,21.0,31.0,31.0
Alex Smith,,TAM,3,71,2005,Stanford,2001,2004,44.0,,,,,,,,,,,,,,TE,Stanford,,,,,,,,,,,29.3,107.0,1291.0,12.1,8.0,,,,,,,,,,,,,,,,,7.85,23.0,10.0,11.0
Stanley Wilson,,DET,3,72,2005,Stanford,2001,2004,39.0,,,,,,,,,,,,,,DB,Stanford,,,,,,,,,,,,,,,,,,,,,,,,,,5.0,103.0,0.0,,0.1282051282051282,,,22.0,5.0,5.0
Vernand Morency,,HTX,3,73,2005,Oklahoma State,2002,2004,30.0,,,,,,,,,,,,,,RB,Oklahoma State,451.0,2661.0,5.9,23.0,11.0,119.0,10.8,1.0,88.7,4.0,,,,,,,,,,,,,,,,,,,,,,,25.0,2.0,8.0
Eric Green,,CRD,3,75,2005,Virginia Tech,2000,2004,48.0,,,,,,,,,,,,,,DB,Virginia Tech,,,,,,,,,,,,,,,,,,,,,,,,,,8.0,264.0,2.0,,0.1666666666666666,,,23.0,12.0,12.0
Karl Paymah,,DEN,3,76,2005,Washington State,2001,2004,34.0,,,,,,,,,,,,,,DB,Washington State,,,,,,,,,,,,,,,,,,,,,,,,,,3.0,5.0,0.0,,0.088235294117647,,,22.0,6.0,6.0
Ryan Moats,,PHI,3,77,2005,Louisiana Tech,2002,2004,34.0,,,,,,,,,,,,,,RB,Louisiana Tech,499.0,3112.0,6.2,28.0,48.0,441.0,9.2,2.0,91.5,13.0,,,,,,,,,,,,,,,,,,,,,,,22.0,2.0,7.0
Kirk Morrison,,RAI,3,78,2005,San Diego State,2001,2004,47.0,,,,,,,,,,,,,,LB,San Diego State,,,,,,,,,,,,,,,,,,,,,,,,,,,,,,,,,23.0,33.0,38.0
Dustin Fox,,MIN,3,80,2005,Ohio State,2001,2003,38.0,,,,,,,,,,,,,,DB,Ohio State,,,,,,,,,,,,,,,,,,,,,,,,,,7.0,18.0,0.0,,0.1842105263157894,,,22.0,,0.0
Alfred Fincher,,NOR,3,82,2005,Connecticut,2002,2004,36.0,,,,,,,,,,,,,,LB,Connecticut,,,,,,,,,,,,,,,,,,,,,,,,,,,,,,,,,22.0,2.0,3.0
Chris Henry,,CIN,3,83,2005,West Virginia,2003,2004,23.0,,,,,,,,,,,,,,WR,West Virginia,,,,,,,,,,,81.7,93.0,1878.0,20.2,22.0,,,,,,,,,,,,,,,,,,22.0,16.0,16.0
Ellis Hobbs,,NWE,3,84,2005,Iowa State,2001,2004,49.0,,,,,,,,,,,,,,DB,Iowa State,,,,,,,,,,,,,,,,,,,,,,,,,,9.0,121.0,1.0,,0.1836734693877551,,,22.0,25.0,28.0
Kevin Everett,,BUF,3,86,2005,Miami (FL),2003,2004,24.0,,,,,,,,,,,,,,TE,Miami (FL),,,,,,,,,,,16.7,32.0,400.0,12.5,3.0,,,,,,,,,,,,,,,,,,23.0,0.0,0.0
Scott Starks,,JAX,3,87,2005,Wisconsin,2001,2004,51.0,,,,,,,,,,,,,,DB,Wisconsin,,,,,,,,,,,,,,,,,,,,,,,,,,7.0,105.0,0.0,,0.1372549019607843,,,22.0,4.0,4.0
Sione Pouha,,NYJ,3,88,2005,Utah,2004,2004,10.0,,,,,,,,,,,,,,DL,Utah,,,,,,,,,,,,,,,,,,,,,,,,,,,,,,,,,26.0,36.0,36.0
Trai Essex,,PIT,3,93,2005,Northwestern,2001,2001,11.0,,,,,,,,,,,,,,TE,Northwestern,,,,,,,,,,,2.1,3.0,23.0,7.7,1.0,,,,,,,,,,,,,,,,,,22.0,19.0,19.0
Trai Essex,,PIT,3,93,2005,Northwestern,2002,2002,11.0,,,,,,,,,,,,,,OL,Northwestern,,,,,,,,,,,,,,,,,,,,,,,,,,,,,,,,,22.0,19.0,19.0
Darryl Blackstock,,CRD,3,95,2005,Virginia,2002,2004,26.0,,,,,,,,,,,,,,LB,Virginia,,,,,,,,,,,,,,,,,,,,,,,,,,,,,,,,,22.0,4.0,6.0
Brandon Jones,,OTI,3,96,2005,Oklahoma,2001,2004,46.0,,,,,,,,,,,,,,WR,Oklahoma,,,,,,,,,,,25.8,82.0,1187.0,14.5,14.0,,,,,,,,,,,,,,,,,-2.938857142857143,23.0,11.0,11.0
Domonique Foxworth,,DEN,3,97,2005,Maryland,2002,2003,27.0,,,,,,,,,,,,,,DB,Maryland,,,,,,,,,,,,,,,,,,,,,,,,,,8.0,128.0,1.0,,0.2962962962962963,,,22.0,8.0,19.0
Leroy Hill,,SEA,3,98,2005,Clemson,2003,2004,13.0,,,,,,,,,,,,,,LB,Clemson,,,,,,,,,,,,,,,,,,,,,,,,,,,,,,,,,22.0,37.0,37.0
Nick Kaczur,,NWE,3,100,2005,Toledo,2004,2004,13.0,,,,,,,,,,,,,,OL,Toledo,,,,,,,,,,,,,,,,,,,,,,,,,,,,,,,,,26.0,37.0,37.0
Sean Considine,,PHI,4,102,2005,Iowa,2002,2004,36.0,,,,,,,,,,,,,,DB,Iowa,,,,,,,,,,,,,,,,,,,,,,,,,,6.0,106.0,0.0,,0.1666666666666666,,,22.0,10.0,15.0
Antonio Perkins,,CLE,4,103,2005,Oklahoma,2001,2004,50.0,,,,,,,,,,,,,,DB,Oklahoma,,,,,,,,,,,,,,,,,,,,,,,,,,11.0,150.0,1.0,,0.22,,,23.0,0.0,0.0
Travis Daniels,,MIA,4,104,2005,LSU,2003,2004,26.0,,,,,,,,,,,,,,DB,LSU,,,,,,,,,,,,,,,,,,,,,,,,,,2.0,49.0,2.0,,0.0769230769230769,,,22.0,10.0,13.0
Kyle Orton,130.8,CHI,4,106,2005,Purdue,2001,2004,43.0,748.0,1262.0,514.0,59.3,8918.0,61.0,24.0,4.8,1.9,7.1,7.18,11.9,207.4,QB,Purdue,,,,,,,,,,,,,,,,,,,,,,,,,,,,,,,,,22.0,10.0,40.0
Vincent Fuller,,OTI,4,108,2005,Virginia Tech,2002,2004,40.0,,,,,,,,,,,,,,DB,Virginia Tech,,,,,,,,,,,,,,,,,,,,,,,,,,8.0,45.0,0.0,,0.2,,,23.0,8.0,8.0
Marion Barber III,,DAL,4,109,2005,Minnesota,2001,2004,38.0,,,,,,,,,,,,,,RB,Minnesota,575.0,3276.0,5.7,35.0,21.0,190.0,9.0,0.0,86.2,5.0,,,,,,,,,,,,,,,,,,,,,,,22.0,37.0,39.0
Elton Brown,,CRD,4,111,2005,Virginia,2004,2004,11.0,,,,,,,,,,,,,,OL,Virginia,,,,,,,,,,,,,,,,,,,,,,,,,,,,,,,,,23.0,8.0,8.0
Ciatrick Fason,,MIN,4,112,2005,Florida,2002,2004,38.0,,,,,,,,,,,,,,RB,Florida,315.0,1877.0,6.0,14.0,46.0,408.0,8.9,5.0,49.4,10.7,,,,,,,,,,,,,,,,,,,,,,,22.0,1.0,1.0
Marviel Underwood,,GNB,4,115,2005,San Diego State,2001,2004,47.0,,,,,,,,,,,,,,DB,San Diego State,,,,,,,,,,,,,,,,,,,,,,,,,,7.0,137.0,1.0,,0.1489361702127659,,,23.0,1.0,1.0
Craphonso Thorpe,,KAN,4,116,2005,Florida State,2001,2004,47.0,,,,,,,,,,,,,,WR,Florida State,,,,,,,,,,,45.8,123.0,2153.0,17.5,18.0,,,,,,,,,,,,,,,,,,22.0,,1.0
Jerome Carter,,RAM,4,117,2005,Florida State,2001,2004,31.0,,,,,,,,,,,,,,DB,Florida State,,,,,,,,,,,,,,,,,,,,,,,,,,3.0,41.0,0.0,,0.0967741935483871,,,22.0,3.0,3.0
Kerry Rhodes,,NYJ,4,123,2005,Louisville,2001,2004,44.0,,,,,,,,,,,,,,DB,Louisville,,,,,,,,,,,,,,,,,,,,,,,,,,11.0,106.0,2.0,,0.25,,,23.0,36.0,49.0
Jason Brown,,RAV,4,124,2005,North Carolina,2002,2002,12.0,,,,,,,,,,,,,,OL,North Carolina,,,,,,,,,,,,,,,,,,,,,,,,,,,,,,,,,22.0,19.0,30.0
Brady Poppinga,,GNB,4,125,2005,BYU,2003,2003,12.0,,,,,,,,,,,,,,DL,BYU,,,,,,,,,,,,,,,,,,,,,,,,,,,,,,,,,25.0,20.0,25.0
Alvin Pearman,,JAX,4,127,2005,Virginia,2001,2004,46.0,,,,,,,,,,,,,,RB,Virginia,500.0,2394.0,4.8,19.0,138.0,1396.0,10.1,8.0,52.0,30.3,,,,,,,,,,,,,,,,,,,,,,,23.0,5.0,5.0
Chauncey Davis,,ATL,4,128,2005,Florida State,2003,2003,13.0,,,,,,,,,,,,,,DL,Florida State,,,,,,,,,,,,,,,,,,,,,,,,,,,,,,,,,22.0,19.0,20.0
Darren Sproles,,SDG,4,130,2005,Kansas State,2001,2004,45.0,,,,,,,,,,,,,,RB,Kansas State,815.0,4979.0,6.1,45.0,66.0,609.0,9.2,2.0,110.6,13.5,,,,,,,,,,,,,,,,,,,,,,,22.0,25.0,62.0
James Sanders,,NWE,4,133,2005,Fresno State,2002,2004,40.0,,,,,,,,,,,,,,DB,Fresno State,,,,,,,,,,,,,,,,,,,,,,,,,,7.0,85.0,1.0,,0.175,,,21.0,22.0,25.0
Matt Giordano,,CLT,4,135,2005,California,2003,2004,25.0,,,,,,,,,,,,,,DB,California,,,,,,,,,,,,,,,,,,,,,,,,,,2.0,15.0,0.0,,0.08,,,22.0,5.0,16.0
Roydell Williams,,OTI,4,136,2005,Tulane,2000,2004,48.0,,,,,,,,,,,,,,WR,Tulane,,,,,,,,,,,66.8,215.0,3207.0,14.9,35.0,,,,,,,,,,,,,,,,,28.3,24.0,9.0,10.0
David McMillan,,CLE,5,139,2005,Kansas,2001,2003,36.0,,,,,,,,,,,,,,DL,Kansas,,,,,,,,,,,,,,,,,,,,,,,,,,,,,,,,,23.0,2.0,2.0
Airese Currie,,CHI,5,140,2005,Clemson,2001,2004,45.0,,,,,,,,,,,,,,WR,Clemson,,,,,,,,,,,45.0,137.0,2025.0,14.8,10.0,,,,,,,,,,,,,,,,,,22.0,0.0,0.0
Donte Nicholson,,TAM,5,141,2005,Oklahoma,2003,2004,27.0,,,,,,,,,,,,,,DB,Oklahoma,,,,,,,,,,,,,,,,,,,,,,,,,,3.0,32.0,0.0,,0.1111111111111111,,,23.0,1.0,1.0
Damien Nash,,OTI,5,142,2005,Missouri,2003,2004,23.0,,,,,,,,,,,,,,RB,Missouri,253.0,1254.0,5.0,12.0,36.0,281.0,7.8,2.0,54.5,12.2,,,,,,,,,,,,,,,,,,,,,,,23.0,0.0,1.0
Jerome Collins,,RAM,5,144,2005,Notre Dame,2004,2004,12.0,,,,,,,,,,,,,,TE,Notre Dame,,,,,,,,,,,5.6,6.0,67.0,11.2,0.0,,,,,,,,,,,,,,,,,,23.0,0.0,0.0
Dan Orlovsky,127.0,DET,5,145,2005,Connecticut,2001,2004,46.0,916.0,1567.0,651.0,58.5,10706.0,84.0,51.0,5.4,3.3,6.8,6.44,11.7,232.7,QB,Connecticut,,,,,,,,,,,,,,,,,,,,,,,,,,,,,,,,,22.0,5.0,7.0
Trent Cole,,PHI,5,146,2005,Cincinnati,2004,2004,12.0,,,,,,,,,,,,,,DL,Cincinnati,,,,,,,,,,,,,,,,,,,,,,,,,,,,,,,,,22.0,66.0,68.0
Adam Seward,,CAR,5,149,2005,Nevada-Las Vegas,2003,2003,12.0,,,,,,,,,,,,,,LB,Nevada-Las Vegas,,,,,,,,,,,,,,,,,,,,,,,,,,,,,,,,,23.0,4.0,4.0
Robert McCune,,WAS,5,154,2005,Louisville,2003,2004,25.0,,,,,,,,,,,,,,LB,Louisville,,,,,,,,,,,,,,,,,,,,,,,,,,,,,,,,,26.0,0.0,0.0
Eric King,,BUF,5,156,2005,Wake Forest,2002,2004,35.0,,,,,,,,,,,,,,DB,Wake Forest,,,,,,,,,,,,,,,,,,,,,,,,,,7.0,143.0,1.0,,0.2,,,23.0,1.0,4.0
Gerald Sensabaugh,,JAX,5,157,2005,North Carolina,2004,2004,12.0,,,,,,,,,,,,,,DB,North Carolina,,,,,,,,,,,,,,,,,,,,,,,,,,1.0,0.0,0.0,,0.0833333333333333,,,22.0,10.0,31.0
Michael Boley,,ATL,5,160,2005,Southern Mississippi,2002,2004,38.0,,,,,,,,,,,,,,LB,Southern Mississippi,,,,,,,,,,,,,,,,,,,,,,,,,,,,,,,,,23.0,22.0,41.0
Rian Wallace,,PIT,5,166,2005,Temple,2002,2004,34.0,,,,,,,,,,,,,,LB,Temple,,,,,,,,,,,,,,,,,,,,,,,,,,,,,,,,,23.0,2.0,2.0
Lance Mitchell,,CRD,5,168,2005,Oklahoma,2004,2004,13.0,,,,,,,,,,,,,,LB,Oklahoma,,,,,,,,,,,,,,,,,,,,,,,,,,,,,,,,3.8636363636363638,23.0,1.0,1.0
Ben Emanuel,,CAR,5,171,2005,UCLA,2001,2004,46.0,,,,,,,,,,,,,,DB,UCLA,,,,,,,,,,,,,,,,,,,,,,,,,,1.0,0.0,0.0,,0.0217391304347826,,,23.0,,3.0
Tyjuan Hagler,,CLT,5,173,2005,Cincinnati,2002,2004,38.0,,,,,,,,,,,,,,LB,Cincinnati,,,,,,,,,,,,,,,,,,,,,,,,,,,,,,,,,23.0,12.0,12.0
Rasheed Marshall,125.9,SFO,5,174,2005,West Virginia,2001,2004,42.0,391.0,724.0,333.0,54.0,5098.0,42.0,23.0,5.8,3.2,7.0,6.77,13.0,121.4,QB,West Virginia,,,,,,,,,,,,,,,,,,,,,,,,,,,,,,,,,24.0,0.0,0.0
Anttaj Hawthorne,,RAI,6,175,2005,Wisconsin,2004,2004,12.0,,,,,,,,,,,,,,DL,Wisconsin,,,,,,,,,,,,,,,,,,,,,,,,,,,,,,,,,23.0,1.0,1.0
Nick Speegle,,CLE,6,176,2005,New Mexico,2002,2004,38.0,,,,,,,,,,,,,,LB,New Mexico,,,,,,,,,,,,,,,,,,,,,,,,,,,,,,,,,23.0,1.0,1.0
Bo Scaife,,OTI,6,179,2005,Texas,1999,2004,44.0,,,,,,,,,,,,,,TE,Texas,,,,,,,,,,,22.7,75.0,997.0,13.3,5.0,,,,,,,,,,,,,,,,,,24.0,20.0,20.0
Mike Montgomery,,GNB,6,180,2005,Texas A&M,2004,2004,12.0,,,,,,,,,,,,,,DL,Texas A&M,,,,,,,,,,,,,,,,,,,,,,,,,,,,,,,,,22.0,8.0,8.0
Chris Harris,,CHI,6,181,2005,Louisiana-Monroe,2001,2004,45.0,,,,,,,,,,,,,,DB,Louisiana-Monroe,,,,,,,,,,,,,,,,,,,,,,,,,,14.0,11.0,0.0,,0.3111111111111111,,-10.933333333333334,23.0,19.0,38.0
Cedric Houston,,NYJ,6,182,2005,Tennessee,2001,2004,49.0,,,,,,,,,,,,,,RB,Tennessee,501.0,2634.0,5.3,17.0,39.0,369.0,9.5,1.0,53.8,7.5,,,,,,,,,,,,,,,,,,,,,,,23.0,5.0,5.0
Bill Swancutt,,DET,6,184,2005,Oregon State,2002,2004,25.0,,,,,,,,,,,,,,DL,Oregon State,,,,,,,,,,,,,,,,,,,,,,,,,,,,,,,,,23.0,0.0,0.0
Chad Owens,,JAX,6,185,2005,Hawaii,2001,2004,44.0,,,,,,,,,,,,,,WR,Hawaii,,,,,,,,,,,68.9,239.0,3031.0,12.7,29.0,,,,,,,,,,,,,,,,,,23.0,0.0,0.0
Eric Moore,,NYG,6,186,2005,Florida State,2003,2004,22.0,,,,,,,,,,,,,,DL,Florida State,,,,,,,,,,,,,,,,,,,,,,,,,,,,,,,,,24.0,1.0,5.0
Will Svitek,,KAN,6,187,2005,Stanford,2002,2003,20.0,,,,,,,,,,,,,,DL,Stanford,,,,,,,,,,,,,,,,,,,,,,,,,,,,,,,,,23.0,2.0,14.0
Jovan Haye,,CAR,6,189,2005,Vanderbilt,2003,2003,12.0,,,,,,,,,,,,,,DL,Vanderbilt,,,,,,,,,,,,,,,,,,,,,,,,,,,,,,,,,23.0,0.0,25.0
Tab Perry,,CIN,6,190,2005,UCLA,2000,2004,42.0,,,,,,,,,,,,,,WR,UCLA,,,,,,,,,,,36.8,84.0,1547.0,18.4,6.0,,,,,,,,,,,,,,,,,,23.0,1.0,1.0
Dante Ridgeway,,RAM,6,192,2005,Ball State,2002,2004,35.0,,,,,,,,,,,,,,WR,Ball State,,,,,,,,,,,86.6,238.0,3030.0,12.7,22.0,,,,,,,,,,,,,,,,,,21.0,,0.0
Joel Dreessen,,NYJ,6,198,2005,Colorado State,2001,2004,44.0,,,,,,,,,,,,,,TE,Colorado State,,,,,,,,,,,29.4,123.0,1295.0,10.5,10.0,,,,,,,,,,,,,,,,,,23.0,0.0,16.0
Khari Long,,KAN,6,199,2005,Baylor,2001,2004,21.0,,,,,,,,,,,,,,DL,Baylor,,,,,,,,,,,,,,,,,,,,,,,,,,,,,,,,,23.0,0.0,0.0
Deandra Cobb,,ATL,6,201,2005,Michigan State,2003,2004,24.0,,,,,,,,,,,,,,RB,Michigan State,134.0,900.0,6.7,4.0,15.0,89.0,5.9,0.0,37.5,3.7,,,,,,,,,,,,,,,,,,,,,,,24.0,0.0,0.0
Derrick Johnson,,SFO,6,205,2005,Washington,2000,2003,36.0,,,,,,,,,,,,,,DB,Washington,,,,,,,,,,,,,,,,,,,,,,,,,,11.0,118.0,2.0,,0.3055555555555556,,,23.0,2.0,2.0
Jonathan Goddard,,DET,6,206,2005,Marshall,2001,2004,46.0,,,,,,,,,,,,,,DL,Marshall,,,,,,,,,,,,,,,,,,,,,,,,,,,,,,,,,24.0,,0.0
Derek Anderson,122.7,RAV,6,213,2005,Oregon State,2001,2004,49.0,768.0,1515.0,747.0,50.7,11249.0,79.0,57.0,5.2,3.8,7.4,6.77,14.6,229.6,QB,Oregon State,,,,,,,,,,,,,,,,,,,,,,,,,,,,,,,,,22.0,,23.0
Daven Holly,,SFO,7,215,2005,Cincinnati,2001,2002,20.0,,,,,,,,,,,,,,WR,Cincinnati,,,,,,,,,,,1.4,4.0,28.0,7.0,0.0,,,,,,,,,,,,,,,,,,23.0,,10.0
Daven Holly,,SFO,7,215,2005,Cincinnati,2003,2004,24.0,,,,,,,,,,,,,,DB,Cincinnati,,,,,,,,,,,,,,,,,,,,,,,,,,8.0,58.0,1.0,,0.3333333333333333,,,23.0,,10.0
Reynaldo Hill,,OTI,7,218,2005,Florida,2003,2004,25.0,,,,,,,,,,,,,,DB,Florida,,,,,,,,,,,,,,,,,,,,,,,,,,1.0,0.0,0.0,,0.04,,,23.0,11.0,11.0
Rodrigues Wilson,0.0,CHI,7,220,2005,South Carolina,2000,2000,1.0,0.0,1.0,1.0,0.0,0.0,0.0,0.0,0.0,0.0,0.0,0.0,,0.0,QB,South Carolina,,,,,,,,,,,,,,,,,,,,,,,,,,,,,,,,,23.0,6.0,7.0
Rodrigues Wilson,,CHI,7,220,2005,South Carolina,2001,2001,9.0,,,,,,,,,,,,,,WR,South Carolina,,,,,,,,,,,0.9,1.0,8.0,8.0,0.0,,,,,,,,,,,,,,,,,,23.0,6.0,7.0
Marcus Maxwell,,SFO,7,223,2005,Oregon,2003,2004,18.0,,,,,,,,,,,,,,WR,Oregon,,,,,,,,,,,22.3,36.0,401.0,11.1,2.0,,,,,,,,,,,,,,,,,,22.0,0.0,0.0
Jay Ratliff,,DAL,7,224,2005,Auburn,2001,2001,10.0,,,,,,,,,,,,,,TE,Auburn,,,,,,,,,,,2.0,2.0,20.0,10.0,0.0,,,,,,,,,,,,,,,,,,24.0,51.0,55.0
Paris Warren,,TAM,7,225,2005,Utah,2003,2004,23.0,,,,,,,,,,,,,,WR,Utah,,,,,,,,,,,82.0,156.0,1885.0,12.1,16.0,,,,,,,,,,,,,,,,,,23.0,0.0,0.0
Matt Cassel,103.4,NWE,7,230,2005,USC,2001,2004,33.0,20.0,33.0,13.0,60.6,192.0,0.0,1.0,0.0,3.0,5.8,4.45,9.6,5.8,QB,USC,,,,,,,,,,,,,,,,,,,,,,,,,,,,,,,,,23.0,18.0,47.0
Hamza Abdullah,,TAM,7,231,2005,Washington State,2004,2004,11.0,,,,,,,,,,,,,,DB,Washington State,,,,,,,,,,,,,,,,,,,,,,,,,,1.0,3.0,0.0,,0.0909090909090909,,,22.0,,5.0
Jimmy Verdon,,NOR,7,232,2005,Arizona State,2003,2004,24.0,,,,,,,,,,,,,,DL,Arizona State,,,,,,,,,,,,,,,,,,,,,,,,,,,,,,,,,20.0,0.0,0.0
Jonathan Fanene,,CIN,7,233,2005,Utah,2004,2004,11.0,,,,,,,,,,,,,,DL,Utah,,,,,,,,,,,,,,,,,,,,,,,,,,,,,,,,,23.0,12.0,12.0
Mike Smith,,RAV,7,234,2005,Texas Tech,2002,2002,14.0,,,,,,,,,,,,,,LB,Texas Tech,,,,,,,,,,,,,,,,,,,,,,,,,,,,,,,,15.23125,24.0,1.0,1.0
Cornelius Wortham,,SEA,7,235,2005,Alabama,2004,2004,12.0,,,,,,,,,,,,,,LB,Alabama,,,,,,,,,,,,,,,,,,,,,,,,,,,,,,,,,23.0,1.0,1.0
Lionel Gates,,BUF,7,236,2005,Louisville,2001,2004,37.0,,,,,,,,,,,,,,RB,Louisville,319.0,1486.0,4.7,20.0,40.0,469.0,11.7,2.0,40.2,12.7,,,,,,,,,,,,,,,,,,,,,,,23.0,,0.0
Chris Roberson,,JAX,7,237,2005,Eastern Michigan,2001,2001,11.0,,,,,,,,,,,,,,RB,Eastern Michigan,167.0,755.0,4.5,3.0,23.0,91.0,4.0,1.0,68.6,8.3,,,,,,,,,,,,,,,,,,,,,,,22.0,0.0,0.0
Chris Roberson,,JAX,7,237,2005,Eastern Michigan,2002,2003,24.0,,,,,,,,,,,,,,WR,Eastern Michigan,,,,,,,,,,,29.9,74.0,717.0,9.7,9.0,,,,,,,,,,,,,,,,,,22.0,0.0,0.0
Chris Roberson,,JAX,7,237,2005,Eastern Michigan,2004,2004,11.0,,,,,,,,,,,,,,DB,Eastern Michigan,,,,,,,,,,,,,,,,,,,,,,,,,,0.0,0.0,0.0,,0.0,,,22.0,0.0,0.0
Noah Herron,,PIT,7,244,2005,Northwestern,2001,2004,45.0,,,,,,,,,,,,,,RB,Northwestern,462.0,2524.0,5.5,26.0,72.0,781.0,10.8,2.0,56.1,17.4,,,,,,,,,,,,,,,,,,,,,,,23.0,0.0,3.0
Patrick Estes,,SFO,7,248,2005,Virginia,2001,2004,47.0,,,,,,,,,,,,,,TE,Virginia,,,,,,,,,,,5.4,28.0,252.0,9.0,5.0,,,,,,,,,,,,,,,,,,22.0,0.0,0.0
Billy Bajema,,SFO,7,249,2005,Oklahoma State,2001,2004,46.0,,,,,,,,,,,,,,TE,Oklahoma State,,,,,,,,,,,15.4,52.0,709.0,13.6,4.0,,,,,,,,,,,,,,,,,,22.0,0.0,2.0
Madison Hedgecock,,RAM,7,251,2005,North Carolina,2001,2004,36.0,,,,,,,,,,,,,,RB,North Carolina,34.0,130.0,3.8,2.0,6.0,42.0,7.0,0.0,3.6,1.2,,,,,,,,,,,,,,,,,,,,,,,24.0,1.0,2.0
Mario Williams,,HTX,1,1,2006,North Carolina State,2005,2005,12.0,,,,,,,,,,,,,,DL,North Carolina State,,,,,,,,,,,,,,,,14.5,32.0,30.0,62.0,24.0,1.2083333333333333,2.6666666666666665,2.5,5.166666666666667,2.0,,,,,,,,21.0,36.0,79.0
Reggie Bush,,NOR,1,2,2006,USC,2003,2005,39.0,,,,,,,,,,,,,,RB,USC,433.0,3169.0,7.3,25.0,95.0,1301.0,13.7,13.0,81.3,33.4,,,,,,,,,,,,,,,,,,,,,,,21.0,34.0,61.0
Vince Young,144.9,OTI,1,3,2006,Texas,2003,2005,37.0,444.0,718.0,274.0,61.8,6040.0,44.0,28.0,6.1,3.9,8.4,7.88,13.6,163.2,QB,Texas,,,,,,,,,,,,,,,,,,,,,,,,,,,,,,,,,23.0,31.0,33.0
A.J. Hawk,,GNB,1,5,2006,Ohio State,2002,2005,51.0,,,,,,,,,,,,,,LB,Ohio State,,,,,,,,,,,,,,,,9.5,69.0,52.0,121.0,16.5,0.1862745098039215,1.3529411764705883,1.0196078431372548,2.372549019607843,0.3235294117647059,,,,,,,,22.0,52.0,55.0
Vernon Davis,,SFO,1,6,2006,Maryland,2003,2005,35.0,,,,,,,,,,,,,,WR,Maryland,,,,,,,,,,,39.2,83.0,1371.0,16.5,9.0,,,,,,,,,,,,,,,,,2.82,22.0,42.0,51.0
Michael Huff,,RAI,1,7,2006,Texas,2002,2005,51.0,,,,,,,,,,,,,,DB,Texas,,,,,,,,,,,,,,,,,,,,,,,,,,7.0,162.0,4.0,,0.1372549019607843,,,23.0,33.0,33.0
Donte Whitner,,BUF,1,8,2006,Ohio State,2003,2005,34.0,,,,,,,,,,,,,,DB,Ohio State,,,,,,,,,,,,,,,,,,,,,,,,,,5.0,62.0,1.0,,0.1470588235294117,,,21.0,19.0,47.0
Ernie Sims,,DET,1,9,2006,Florida State,2003,2005,37.0,,,,,,,,,,,,,,LB,Florida State,,,,,,,,,,,,,,,,2.5,22.0,50.0,72.0,10.0,0.0675675675675675,0.5945945945945946,1.351351351351351,1.945945945945946,0.2702702702702703,,,,,,,,21.0,18.0,29.0
Matt Leinart,159.5,CRD,1,10,2006,USC,2003,2005,39.0,807.0,1245.0,438.0,64.8,10693.0,99.0,23.0,8.0,1.8,8.6,9.35,13.3,274.2,QB,USC,,,,,,,,,,,,,,,,,,,,,,,,,,,,,,,,,23.0,12.0,12.0
Jay Cutler,125.9,DEN,1,11,2006,Vanderbilt,2002,2005,45.0,710.0,1242.0,532.0,57.2,8697.0,59.0,36.0,4.8,2.9,7.0,6.65,12.2,193.3,QB,Vanderbilt,,,,,,,,,,,,,,,,,,,,,,,,,,,,,,,,,23.0,28.0,86.0
Haloti Ngata,,RAV,1,12,2006,Oregon,2005,2005,12.0,,,,,,,,,,,,,,DL,Oregon,,,,,,,,,,,,,,,,3.0,32.0,29.0,61.0,9.0,0.25,2.6666666666666665,2.4166666666666665,5.083333333333333,0.75,,,,,,,,22.0,92.0,100.0
Kamerion Wimbley,,CLE,1,13,2006,Florida State,2002,2002,12.0,,,,,,,,,,,,,,DL,Florida State,,,,,,,,,,,,,,,,,,,,,,,,,,,,,,,,,22.0,24.0,44.0
Brodrick Bunkley,,PHI,1,14,2006,Florida State,2005,2005,13.0,,,,,,,,,,,,,,DL,Florida State,,,,,,,,,,,,,,,,9.0,39.0,27.0,66.0,25.0,0.6923076923076923,3.0,2.076923076923077,5.076923076923077,1.9230769230769231,,,,,,,,22.0,25.0,40.0
Tye Hill,,RAM,1,15,2006,Clemson,2002,2002,13.0,,,,,,,,,,,,,,RB,Clemson,42.0,225.0,5.4,2.0,3.0,7.0,2.3,0.0,17.3,0.5,,,,,,,,,,,,,,,,,,,,,,,24.0,7.0,9.0
Tye Hill,,RAM,1,15,2006,Clemson,2003,2005,25.0,,,,,,,,,,,,,,DB,Clemson,,,,,,,,,,,,,,,,,,,,,,,,,,5.0,33.0,0.0,,0.2,,,24.0,7.0,9.0
Jason Allen,,MIA,1,16,2006,Tennessee,2003,2005,31.0,,,,,,,,,,,,,,DB,Tennessee,,,,,,,,,,,,,,,,,,,,,,,,,,4.0,24.0,0.0,2.0,0.1290322580645161,0.064516129032258,,23.0,9.0,13.0
Chad Greenway,,MIN,1,17,2006,Iowa,2003,2005,37.0,,,,,,,,,,,,,,LB,Iowa,,,,,,,,,,,,,,,,2.0,92.0,64.0,156.0,10.0,0.054054054054054,2.4864864864864864,1.7297297297297298,4.216216216216216,0.2702702702702703,,,,,,,,23.0,66.0,66.0
Bobby Carpenter,,DAL,1,18,2006,Ohio State,2004,2005,23.0,,,,,,,,,,,,,,LB,Ohio State,,,,,,,,,,,,,,,,8.0,33.0,16.0,49.0,10.5,0.3478260869565217,1.434782608695652,0.6956521739130435,2.130434782608696,0.4565217391304347,,,,,,,,23.0,5.0,11.0
Antonio Cromartie,,SDG,1,19,2006,Florida State,2003,2004,25.0,,,,,,,,,,,,,,DB,Florida State,,,,,,,,,,,,,,,,,,,,,,,,,,5.0,111.0,2.0,,0.2,,,22.0,26.0,66.0
Tamba Hali,,KAN,1,20,2006,Penn State,2004,2005,23.0,,,,,,,,,,,,,,DL,Penn State,,,,,,,,,,,,,,,,11.0,27.0,38.0,65.0,17.0,0.4782608695652174,1.173913043478261,1.6521739130434785,2.8260869565217392,0.7391304347826086,,,,,,,,22.0,75.0,75.0
Laurence Maroney,,NWE,1,21,2006,Minnesota,2003,2005,36.0,,,,,,,,,,,,,,RB,Minnesota,660.0,3933.0,6.0,32.0,21.0,197.0,9.4,1.0,109.3,5.5,,,,,,,,,,,,,,,,,,,,,,,21.0,25.0,26.0
Manny Lawson,,SFO,1,22,2006,North Carolina State,2002,2005,39.0,,,,,,,,,,,,,,LB,North Carolina State,,,,,,,,,,,,,,,,10.5,33.0,25.0,58.0,19.5,0.2692307692307692,0.8461538461538461,0.6410256410256411,1.4871794871794872,0.5,,,,,,,,22.0,23.0,47.0
Davin Joseph,,TAM,1,23,2006,Oklahoma,2005,2005,12.0,,,,,,,,,,,,,,OL,Oklahoma,,,,,,,,,,,,,,,,,,,,,,,,,,,,,,,,,22.0,38.0,42.0
Jonathan Joseph,,CIN,1,24,2006,South Carolina,2005,2005,12.0,,,,,,,,,,,,,,DB,South Carolina,,,,,,,,,,,,,,,,,,,,,,,,,,4.0,76.0,1.0,,0.3333333333333333,,,22.0,19.0,67.0
Santonio Holmes,,PIT,1,25,2006,Ohio State,2003,2005,36.0,,,,,,,,,,,,,,WR,Ohio State,,,,,,,,,,,63.8,140.0,2295.0,16.4,25.0,,,,,,,,,,,,,,,,,,22.0,35.0,47.0
John McCargo,,BUF,1,26,2006,North Carolina State,2004,2005,18.0,,,,,,,,,,,,,,DL,North Carolina State,,,,,,,,,,,,,,,,0.5,10.0,14.0,24.0,9.0,0.0277777777777777,0.5555555555555556,0.7777777777777778,1.3333333333333333,0.5,,,,,,,,23.0,4.0,4.0
DeAngelo Williams,,CAR,1,27,2006,Memphis,2002,2005,44.0,,,,,,,,,,,,,,RB,Memphis,969.0,6026.0,6.2,55.0,70.0,723.0,10.3,5.0,137.0,16.4,,,,,,,,,,,,,,,,,,,,,,,23.0,51.0,61.0
Marcedes Lewis,,JAX,1,28,2006,UCLA,2002,2005,49.0,,,,,,,,,,,,,,TE,UCLA,,,,,,,,,,,32.1,126.0,1571.0,12.5,21.0,,,,,,,,,,,,,,,,,,22.0,33.0,35.0
Joseph Addai,,CLT,1,30,2006,LSU,2001,2005,51.0,,,,,,,,,,,,,,RB,LSU,490.0,2576.0,5.3,18.0,66.0,641.0,9.7,6.0,50.5,12.6,,,,,,,,,,,,,,,,,,,,,,,23.0,50.0,50.0
Kelly Jennings,,SEA,1,31,2006,Miami (FL),2002,2005,48.0,,,,,,,,,,,,,,DB,Miami (FL),,,,,,,,,,,,,,,,,,,,,,,,,,6.0,37.0,0.0,,0.125,,,23.0,17.0,18.0
Mathias Kiwanuka,,NYG,1,32,2006,Boston College,2002,2005,36.0,,,,,,,,,,,,,,DL,Boston College,,,,,,,,,,,,,,,,9.5,34.0,17.0,51.0,16.5,0.2638888888888889,0.9444444444444444,0.4722222222222222,1.4166666666666667,0.4583333333333333,,,,,,,,23.0,37.0,37.0
Demeco Ryans,,HTX,2,33,2006,Alabama,2004,2005,24.0,,,,,,,,,,,,,,LB,Alabama,,,,,,,,,,,,,,,,5.0,41.0,35.0,76.0,11.5,0.2083333333333333,1.7083333333333333,1.4583333333333333,3.1666666666666665,0.4791666666666667,,,,,,,,22.0,39.0,58.0
D'Qwell Jackson,,CLE,2,34,2006,Maryland,2003,2005,34.0,,,,,,,,,,,,,,LB,Maryland,,,,,,,,,,,,,,,,4.0,56.0,81.0,137.0,6.5,0.1176470588235294,1.6470588235294117,2.3823529411764706,4.029411764705882,0.1911764705882352,,,,,,,,22.0,40.0,61.0
Chad Jackson,,NWE,2,36,2006,Florida,2003,2005,37.0,,,,,,,,,,,,,,WR,Florida,,,,,,,,,,,42.9,120.0,1586.0,13.2,16.0,,,,,,,,,,,,,,,,,,21.0,2.0,2.0
Jimmy Williams,,ATL,2,37,2006,Virginia Tech,2002,2005,53.0,,,,,,,,,,,,,,DB,Virginia Tech,,,,,,,,,,,,,,,,,,,,,,,,,,9.0,173.0,2.0,,0.1698113207547169,,-3.490740740740741,22.0,5.0,5.0
Thomas Howard,,RAI,2,38,2006,UTEP,2003,2005,37.0,,,,,,,,,,,,,,LB,UTEP,,,,,,,,,,,,,,,,3.0,47.0,38.0,85.0,7.0,0.081081081081081,1.2702702702702702,1.027027027027027,2.297297297297298,0.1891891891891892,,,,,,,,23.0,25.0,33.0
Thomas Howard,,RAI,2,38,2006,UTEP,2002,2002,11.0,,,,,,,,,,,,,,DB,UTEP,,,,,,,,,,,,,,,,,,,,,,,,,,0.0,0.0,0.0,,0.0,,,23.0,25.0,33.0
Winston Justice,,PHI,2,39,2006,USC,2005,2005,13.0,,,,,,,,,,,,,,OL,USC,,,,,,,,,,,,,,,,,,,,,,,,,,,,,,,,,21.0,16.0,21.0
Daniel Bullocks,,DET,2,40,2006,Nebraska,2003,2005,36.0,,,,,,,,,,,,,,DB,Nebraska,,,,,,,,,,,,,,,,,,,,,,,,,,8.0,210.0,0.0,,0.2222222222222222,,,23.0,7.0,7.0
Roman Harper,,NOR,2,43,2006,Alabama,2003,2005,37.0,,,,,,,,,,,,,,DB,Alabama,,,,,,,,,,,,,,,,,,,,,,,,,,5.0,76.0,0.0,,0.1351351351351351,,,23.0,40.0,49.0
Sinorice Moss,,NYG,2,44,2006,Miami (FL),2002,2005,48.0,,,,,,,,,,,,,,WR,Miami (FL),,,,,,,,,,,23.0,68.0,1106.0,16.3,9.0,,,,,,,,,,,,,,,,,,22.0,4.0,4.0
Lendale White,,OTI,2,45,2006,USC,2003,2005,39.0,,,,,,,,,,,,,,RB,USC,541.0,3159.0,5.8,52.0,31.0,331.0,10.7,5.0,81.0,8.5,,,,,,,,,,,,,,,,,,,,,,,21.0,14.0,14.0
Joe Klopfenstein,,RAM,2,46,2006,Colorado,2003,2005,37.0,,,,,,,,,,,,,,TE,Colorado,,,,,,,,,,,29.1,86.0,1076.0,12.5,13.0,,,,,,,,,,,,,,,,,,22.0,3.0,3.0
Cedric Griffin,,MIN,2,48,2006,Texas,2002,2005,51.0,,,,,,,,,,,,,,DB,Texas,,,,,,,,,,,,,,,,,,,,,,,,,,3.0,29.0,0.0,,0.0588235294117647,,,23.0,23.0,23.0
Kellen Clemens,139.4,NYJ,2,49,2006,Oregon,2002,2005,37.0,613.0,1005.0,392.0,61.0,7555.0,61.0,24.0,6.1,2.4,7.5,7.66,12.3,204.2,QB,Oregon,,,,,,,,,,,,,,,,,,,,,,,,,,,,,,,,,23.0,3.0,10.0
Marcus Mcneill,,SDG,2,50,2006,Auburn,2005,2005,11.0,,,,,,,,,,,,,,OL,Auburn,,,,,,,,,,,,,,,,,,,,,,,,,,,,,,,,,22.0,48.0,48.0
Greg Jennings,,GNB,2,52,2006,Western Michigan,2002,2005,42.0,,,,,,,,,,,,,,WR,Western Michigan,,,,,,,,,,,84.3,238.0,3539.0,14.9,39.0,,,,,,,,,,,,,,,,,,22.0,55.0,66.0
Anthony Fasano,,DAL,2,53,2006,Notre Dame,2003,2005,34.0,,,,,,,,,,,,,,TE,Notre Dame,,,,,,,,,,,32.7,92.0,1112.0,12.1,8.0,,,,,,,,,,,,,,,,,,22.0,2.0,22.0
Bernard Pollard,,KAN,2,54,2006,Purdue,2004,2005,23.0,,,,,,,,,,,,,,DB,Purdue,,,,,,,,,,,,,,,,,,,,,,,,,,4.0,19.0,0.0,,0.1739130434782608,,,21.0,11.0,34.0
Chris Chester,,RAV,2,56,2006,Oklahoma,2002,2002,9.0,,,,,,,,,,,,,,TE,Oklahoma,,,,,,,,,,,2.8,2.0,25.0,12.5,1.0,,,,,,,,,,,,,,,,,,23.0,18.0,59.0
Devin Hester,,CHI,2,57,2006,Miami (FL),2003,2005,32.0,,,,,,,,,,,,,,WR,Miami (FL),,,,,,,,,,,6.1,10.0,196.0,19.6,0.0,,,,,,,,,,,,,,,,,,23.0,43.0,47.0
Richard Marshall,,CAR,2,58,2006,Fresno State,2003,2005,38.0,,,,,,,,,,,,,,DB,Fresno State,,,,,,,,,,,,,,,,,,,,,,,,,,9.0,305.0,3.0,,0.2368421052631578,,,21.0,23.0,31.0
Maurice Drew,,JAX,2,60,2006,UCLA,2003,2005,36.0,,,,,,,,,,,,,,RB,UCLA,481.0,2503.0,5.2,26.0,64.0,819.0,12.8,7.0,69.5,22.8,,,,,,,,,,,,,,,,,,,,,,,21.0,73.0,74.0
Tony Scheffler,,DEN,2,61,2006,Western Michigan,2002,2005,35.0,,,,,,,,,,,,,,WR,Western Michigan,,,,,,,,,,,38.4,117.0,1345.0,11.5,13.0,,,,,,,,,,,,,,,,,,23.0,16.0,24.0
Tim Jennings,,CLT,2,62,2006,Georgia,2002,2005,50.0,,,,,,,,,,,,,,DB,Georgia,,,,,,,,,,,,,,,,,,,,,,,,,,10.0,194.0,2.0,,0.2,,,22.0,9.0,43.0
Darryl Tapp,,SEA,2,63,2006,Virginia Tech,2002,2005,40.0,,,,,,,,,,,,,,DL,Virginia Tech,,,,,,,,,,,,,,,,10.0,27.0,21.0,48.0,14.5,0.25,0.675,0.525,1.2,0.3625,,,,,,,,21.0,21.0,30.0
Tarvaris Jackson,64.1,MIN,2,64,2006,,2001,2002,11.0,17.0,48.0,31.0,35.4,196.0,1.0,3.0,2.1,6.3,4.1,1.69,11.5,17.8,QB,Arkansas,,,,,,,,,,,,,,,,,,,,,,,,,,,,,,,,,23.0,13.0,22.0
Eric Winston,,HTX,3,66,2006,Miami (FL),2002,2002,12.0,,,,,,,,,,,,,,TE,Miami (FL),,,,,,,,,,,1.1,2.0,13.0,6.5,0.0,,,,,,,,,,,,,,,,,,22.0,41.0,53.0
Abdul Hodge,,GNB,3,67,2006,Iowa,2003,2005,25.0,,,,,,,,,,,,,,LB,Iowa,,,,,,,,,,,,,,,,1.0,96.0,62.0,158.0,11.0,0.04,3.84,2.48,6.32,0.44,,,,,,,,23.0,1.0,2.0
Claude Wroten,,RAM,3,68,2006,LSU,2005,2005,13.0,,,,,,,,,,,,,,DL,LSU,,,,,,,,,,,,,,,,4.5,17.0,27.0,44.0,10.5,0.3461538461538461,1.3076923076923077,2.076923076923077,3.3846153846153846,0.8076923076923077,,,,,,,,22.0,2.0,2.0
Ashton Youboty,,BUF,3,70,2006,Ohio State,2004,2005,24.0,,,,,,,,,,,,,,DB,Ohio State,,,,,,,,,,,,,,,,,,,,,,,,,,5.0,77.0,0.0,,0.2083333333333333,,,22.0,5.0,8.0
Leonard Pope,,CRD,3,72,2006,Georgia,2003,2005,36.0,,,,,,,,,,,,,,TE,Georgia,,,,,,,,,,,29.0,65.0,1044.0,16.1,10.0,,,,,,,,,,,,,,,,,,22.0,4.0,6.0
Dusty Dvoracek,,CHI,3,73,2006,Oklahoma,2005,2005,12.0,,,,,,,,,,,,,,LB,Oklahoma,,,,,,,,,,,,,,,,4.0,17.0,22.0,39.0,13.5,0.3333333333333333,1.4166666666666667,1.8333333333333333,3.25,1.125,,,,,,,,25.0,6.0,6.0
Brian Calhoun,,DET,3,74,2006,Wisconsin,2002,2005,39.0,,,,,,,,,,,,,,RB,ColoradoWisconsin,619.0,2760.0,4.5,27.0,90.0,909.0,10.1,4.0,70.8,23.3,,,,,,,,,,,,,,,,,,,,,,,22.0,1.0,1.0
Jason Spitz,,GNB,3,75,2006,Louisville,2005,2005,12.0,,,,,,,,,,,,,,OL,Louisville,,,,,,,,,,,,,,,,,,,,,,,,,,,,,,,,,23.0,24.0,24.0
Anthony Schlegel,,NYJ,3,76,2006,Ohio State,2005,2005,12.0,,,,,,,,,,,,,,LB,Ohio State,,,,,,,,,,,,,,,,2.0,43.0,39.0,82.0,7.0,0.1666666666666666,3.5833333333333335,3.25,6.833333333333333,0.5833333333333334,,,,,,,,25.0,0.0,2.0
Jon Alston,,RAM,3,77,2006,Stanford,2004,2005,22.0,,,,,,,,,,,,,,LB,Stanford,,,,,,,,,,,,,,,,6.5,31.0,21.0,52.0,9.5,0.2954545454545454,1.4090909090909092,0.9545454545454546,2.363636363636364,0.4318181818181818,,,,,,,,23.0,0.0,5.0
Travis Wilson,,CLE,3,78,2006,Oklahoma,2002,2005,44.0,,,,,,,,,,,,,,WR,Oklahoma,,,,,,,,,,,29.9,105.0,1315.0,12.5,17.0,,,,,,,,,,,,,,,,,3.5522388059701497,22.0,0.0,0.0
Jerious Norwood,,ATL,3,79,2006,Mississippi State,2002,2005,46.0,,,,,,,,,,,,,,RB,Mississippi State,573.0,3222.0,5.6,15.0,43.0,186.0,4.3,2.0,70.0,4.0,,,,,,,,,,,,,,,,,,,,,,,23.0,20.0,20.0
Clint Ingram,,JAX,3,80,2006,Oklahoma,2005,2005,12.0,,,,,,,,,,,,,,LB,Oklahoma,,,,,,,,,,,,,,,,5.0,35.0,26.0,61.0,10.5,0.4166666666666667,2.9166666666666665,2.1666666666666665,5.083333333333333,0.875,,,,,,,,23.0,21.0,21.0
Charlie Whitehurst,124.2,SDG,3,81,2006,Clemson,2002,2005,44.0,817.0,1368.0,551.0,59.7,9665.0,49.0,46.0,3.6,3.4,7.1,6.27,11.8,219.7,QB,Clemson,,,,,,,,,,,,,,,,,,,,,,,,,,,,,,,,,24.0,0.0,7.0
Derek Hagan,,MIA,3,82,2006,Arizona State,2002,2005,50.0,,,,,,,,,,,,,,WR,Arizona State,,,,,,,,,,,78.8,258.0,3939.0,15.3,27.0,,,,,,,,,,,,,,,,,,21.0,5.0,12.0
Anthony Smith,,PIT,3,83,2006,Syracuse,2002,2005,46.0,,,,,,,,,,,,,,DB,Syracuse,,,,,,,,,,,,,,,,,,,,,,,,,,14.0,172.0,1.0,,0.3043478260869565,,-14.456410256410255,22.0,9.0,12.0
Brandon Williams,,SFO,3,84,2006,Wisconsin,2002,2005,52.0,,,,,,,,,,,,,,WR,Wisconsin,,,,,,,,,,,56.2,202.0,2924.0,14.5,10.0,,,,,,,,,,,,,,,,,3.719230769230769,22.0,0.0,0.0
Brodie Croyle,128.4,KAN,3,85,2006,Alabama,2002,2005,39.0,488.0,869.0,381.0,56.2,6382.0,41.0,22.0,4.7,2.5,7.3,7.15,13.1,163.6,QB,Alabama,,,,,,,,,,,,,,,,,,,,,,,,,,,,,,,,,23.0,2.0,2.0
David Thomas,,NWE,3,86,2006,Texas,2002,2005,51.0,,,,,,,,,,,,,,TE,Texas,,,,,,,,,,,26.8,98.0,1367.0,13.9,15.0,,,,,,,,,,,,,,,,,,23.0,3.0,9.0
James Anderson,,CAR,3,88,2006,Virginia Tech,2004,2005,26.0,,,,,,,,,,,,,,LB,Virginia Tech,,,,,,,,,,,,,,,,3.0,41.0,41.0,82.0,8.5,0.1153846153846153,1.5769230769230769,1.5769230769230769,3.1538461538461537,0.3269230769230769,,,,,,,,22.0,25.0,31.0
Rashad Butler,,CAR,3,89,2006,Miami (FL),2004,2004,9.0,,,,,,,,,,,,,,OL,Miami (FL),,,,,,,,,,,,,,,,,,,,,,,,,,,,,,,,,23.0,,7.0
Maurice Stovall,,TAM,3,90,2006,Notre Dame,2002,2005,46.0,,,,,,,,,,,,,,WR,Notre Dame,,,,,,,,,,,47.7,130.0,2195.0,16.9,18.0,,,,,,,,,,,,,,,,,,21.0,5.0,5.0
Frostee Rucker,,CIN,3,91,2006,USC,2003,2005,26.0,,,,,,,,,,,,,,DL,USC,,,,,,,,,,,,,,,,6.5,37.0,21.0,58.0,13.0,0.25,1.4230769230769231,0.8076923076923077,2.230769230769231,0.5,,,,,,,,22.0,10.0,39.0
Dominique Byrd,,RAM,3,93,2006,USC,2003,2005,27.0,,,,,,,,,,,,,,TE,USC,,,,,,,,,,,35.5,80.0,958.0,12.0,4.0,,,,,,,,,,,,,,,,,,22.0,0.0,0.0
Dominique Byrd,,RAM,3,93,2006,USC,2002,2002,12.0,,,,,,,,,,,,,,DL,USC,,,,,,,,,,,,,,,,,,,,,,,,,,,,,,,,,22.0,0.0,0.0
Freddy Keiaho,,CLT,3,94,2006,San Diego State,2002,2002,11.0,,,,,,,,,,,,,,RB,San Diego State,0.0,0.0,,0.0,0.0,0.0,,0.0,0.0,0.0,,,,,,,,,,,,,,,,,,,,,,,23.0,15.0,15.0
Freddy Keiaho,,CLT,3,94,2006,San Diego State,2003,2005,30.0,,,,,,,,,,,,,,LB,San Diego State,,,,,,,,,,,,,,,,1.0,68.0,45.0,113.0,11.5,0.0333333333333333,2.2666666666666666,1.5,3.7666666666666666,0.3833333333333333,,,,,,,,23.0,15.0,15.0
Willie Reid,,PIT,3,95,2006,Florida State,2002,2003,23.0,,,,,,,,,,,,,,RB,Florida State,61.0,289.0,4.7,3.0,26.0,226.0,8.7,1.0,12.6,9.8,,,,,,,,,,,,,,,,,,,,,,,23.0,1.0,1.0
Willie Reid,,PIT,3,95,2006,Florida State,2004,2005,22.0,,,,,,,,,,,,,,WR,Florida State,,,,,,,,,,,37.3,65.0,820.0,12.6,2.0,,,,,,,,,,,,,,,,,,23.0,1.0,1.0
Gerris Wilkinson,,NYG,3,96,2006,Georgia Tech,2004,2005,24.0,,,,,,,,,,,,,,LB,Georgia Tech,,,,,,,,,,,,,,,,4.0,44.0,41.0,85.0,9.0,0.1666666666666666,1.8333333333333333,1.7083333333333333,3.5416666666666665,0.375,,,,,,,,23.0,6.0,6.0
Eric Smith,,NYJ,3,97,2006,Michigan State,2003,2005,20.0,,,,,,,,,,,,,,DB,Michigan State,,,,,,,,,,,,,,,,,,,,,,,,,,4.0,99.0,0.0,,0.2,,13.74255319148936,23.0,18.0,18.0
Owen Daniels,-20.7,HTX,4,98,2006,Wisconsin,2002,2002,7.0,2.0,6.0,4.0,33.3,9.0,0.0,2.0,0.0,33.3,1.5,-13.5,4.5,1.3,QB,Wisconsin,,,,,,,,,,,,,,,,,,,,,,,,,,,,,,,,,23.0,35.0,41.0
Owen Daniels,,HTX,4,98,2006,Wisconsin,2003,2005,37.0,,,,,,,,,,,,,,WR,Wisconsin,,,,,,,,,,,23.0,62.0,852.0,13.7,8.0,,,,,,,,,,,,,,,,,,23.0,35.0,41.0
Max Jean-Gilles,,PHI,4,99,2006,Georgia,2005,2005,,,,,,,,,,,,,,,OL,Georgia,,,,,,,,,,,,,,,,,,,,,,,,,,,,,,,,,22.0,14.0,14.0
Michael Robinson,114.6,SFO,4,100,2006,Penn State,2002,2005,45.0,248.0,505.0,257.0,49.1,3531.0,23.0,21.0,4.6,4.2,7.0,6.03,14.2,78.5,QB,Penn State,,,,,,,,,,,,,,,,,,,,,,,,,,,,,,,,1.1,23.0,4.0,7.0
Darnell Bing,,RAI,4,101,2006,USC,2003,2005,37.0,,,,,,,,,,,,,,DB,USC,,,,,,,,,,,,,,,,,,,,,,,,,,8.0,161.0,1.0,,0.2162162162162162,,,21.0,,1.0
Calvin Lowry,,OTI,4,102,2006,Penn State,2002,2005,39.0,,,,,,,,,,,,,,DB,Penn State,,,,,,,,,,,,,,,,,,,,,,,,,,9.0,110.0,0.0,,0.2307692307692307,,,23.0,6.0,7.0
Brad Smith,114.1,NYJ,4,103,2006,Missouri,2002,2005,48.0,835.0,1484.0,649.0,56.3,8799.0,56.0,33.0,3.8,2.2,5.9,5.68,10.5,183.3,QB,Missouri,,,,,,,,,,,,,,,,,,,,,,,,,,,,,,,,7.859259259259259,22.0,12.0,17.0
Ko Simpson,,BUF,4,105,2006,South Carolina,2004,2005,23.0,,,,,,,,,,,,,,DB,South Carolina,,,,,,,,,,,,,,,,,,,,,,,,,,7.0,110.0,1.0,,0.3043478260869565,,,22.0,10.0,12.0
Garrett Mills,,NWE,4,106,2006,Tulsa,2002,2002,12.0,,,,,,,,,,,,,,RB,Tulsa,0.0,0.0,,0.0,10.0,138.0,13.8,2.0,0.0,11.5,,,,,,,,,,,,,,,,,,,,,,,22.0,,1.0
Garrett Mills,,NWE,4,106,2006,Tulsa,2003,2005,38.0,,,,,,,,,,,,,,TE,Tulsa,,,,,,,,,,,59.2,191.0,2251.0,11.8,21.0,,,,,,,,,,,,,,,,,,22.0,,1.0
Gabriel Watson,,CRD,4,107,2006,Michigan,2005,2005,12.0,,,,,,,,,,,,,,DL,Michigan,,,,,,,,,,,,,,,,2.0,25.0,15.0,40.0,6.5,0.1666666666666666,2.0833333333333335,1.25,3.3333333333333335,0.5416666666666666,,,,,,,9.7,22.0,11.0,11.0
Jason Avant,,PHI,4,109,2006,Michigan,2002,2005,47.0,,,,,,,,,,,,,,WR,Michigan,,,,,,,,,,,47.8,169.0,2247.0,13.3,13.0,,,,,,,,,,,,,,,,,,23.0,25.0,29.0
Leon Williams,,CLE,4,110,2006,Miami (FL),2005,2005,11.0,,,,,,,,,,,,,,LB,Miami (FL),,,,,,,,,,,,,,,,0.0,35.0,19.0,54.0,3.5,0.0,3.1818181818181817,1.7272727272727273,4.909090909090909,0.3181818181818182,,,,,,,,23.0,8.0,9.0
Demetrius Williams,,RAV,4,111,2006,Oregon,2002,2005,45.0,,,,,,,,,,,,,,WR,Oregon,,,,,,,,,,,59.1,162.0,2660.0,16.4,20.0,,,,,,,,,,,,,,,,,,23.0,9.0,9.0
Victor Adeyanju,,RAM,4,113,2006,Indiana,2004,2005,22.0,,,,,,,,,,,,,,DL,Indiana,,,,,,,,,,,,,,,,6.5,32.0,15.0,47.0,12.0,0.2954545454545454,1.4545454545454546,0.6818181818181818,2.136363636363636,0.5454545454545454,,,,,,,,23.0,13.0,13.0
Will Blackmon,,GNB,4,115,2006,Boston College,2005,2005,12.0,,,,,,,,,,,,,,WR,Boston College,,,,,,,,,,,63.6,51.0,763.0,15.0,4.0,,,,,,,,,,,,,,,,,,21.0,6.0,16.0
Will Blackmon,,GNB,4,115,2006,Boston College,2002,2004,36.0,,,,,,,,,,,,,,DB,Boston College,,,,,,,,,,,,,,,,,,,,,,,,,,8.0,59.0,0.0,,0.2222222222222222,,,21.0,6.0,16.0
Stephen Tulloch,,OTI,4,116,2006,North Carolina State,2005,2005,12.0,,,,,,,,,,,,,,LB,North Carolina State,,,,,,,,,,,,,,,,6.0,59.0,75.0,134.0,21.0,0.5,4.916666666666667,6.25,11.166666666666666,1.75,,,,,,,,21.0,20.0,49.0
Leon Washington,,NYJ,4,117,2006,Florida State,2002,2005,44.0,,,,,,,,,,,,,,RB,Florida State,369.0,2041.0,5.5,12.0,55.0,481.0,8.7,1.0,46.4,10.9,,,,,,,,,,,,,,,,,,,,,,,24.0,23.0,30.0
Brandon Marshall,,DEN,4,119,2006,UCF,2002,2005,44.0,,,,,,,,,,,,,,WR,UCF,,,,,,,,,,,38.0,112.0,1674.0,14.9,13.0,,,,,,,,,,,,,,,,,5.8500000000000005,22.0,27.0,83.0
Jamar Williams,,CHI,4,120,2006,Arizona State,2002,2005,48.0,,,,,,,,,,,,,,LB,Arizona State,,,,,,,,,,,,,,,,2.0,48.0,22.0,70.0,4.0,0.0416666666666666,1.0,0.4583333333333333,1.4583333333333333,0.0833333333333333,,,,,,,-16.266666666666666,22.0,5.0,5.0
Nate Salley,,CAR,4,121,2006,Ohio State,2004,2005,22.0,,,,,,,,,,,,,,DB,Ohio State,,,,,,,,,,,,,,,,,,,,,,,,,,3.0,0.0,0.0,,0.1363636363636363,,,22.0,1.0,1.0
Domata Peko,,CIN,4,123,2006,Michigan State,2005,2005,11.0,,,,,,,,,,,,,,DL,Michigan State,,,,,,,,,,,,,,,,1.0,33.0,20.0,53.0,2.5,0.0909090909090909,3.0,1.818181818181818,4.818181818181818,0.2272727272727272,,,,,,,,21.0,60.0,68.0
Barry Cofield,,NYG,4,124,2006,Northwestern,2005,2005,12.0,,,,,,,,,,,,,,DL,Northwestern,,,,,,,,,,,,,,,,2.0,23.0,39.0,62.0,6.5,0.1666666666666666,1.9166666666666667,3.25,5.166666666666667,0.5416666666666666,,,,,,,,22.0,30.0,46.0
Skyler Green,,DAL,4,125,2006,LSU,2002,2005,44.0,,,,,,,,,,,,,,WR,LSU,,,,,,,,,,,25.7,111.0,1129.0,10.2,9.0,,,,,,,,,,,,,,,,,,21.0,0.0,0.0
Elvis Dumervil,,DEN,4,126,2006,Louisville,2005,2005,12.0,,,,,,,,,,,,,,DL,Louisville,,,,,,,,,,,,,,,,20.0,36.0,27.0,63.0,22.0,1.6666666666666667,3.0,2.25,5.25,1.8333333333333333,,,,,,,,22.0,41.0,63.0
Ray Edwards,,MIN,4,127,2006,Purdue,2004,2005,23.0,,,,,,,,,,,,,,DL,Purdue,,,,,,,,,,,,,,,,5.5,22.0,6.0,28.0,11.0,0.2391304347826087,0.9565217391304348,0.2608695652173913,1.2173913043478262,0.4782608695652174,,,,,,,,21.0,28.0,37.0
Guy Whimper,,NYG,4,129,2006,East Carolina,2005,2005,11.0,,,,,,,,,,,,,,OL,East Carolina,,,,,,,,,,,,,,,,,,,,,,,,,,,,,,,,,23.0,2.0,13.0
Guy Whimper,,NYG,4,129,2006,East Carolina,2003,2004,22.0,,,,,,,,,,,,,,DL,East Carolina,,,,,,,,,,,,,,,,,,,,,,,,,,,,,,,,,23.0,2.0,13.0
Domenik Hixon,,DEN,4,130,2006,Akron,2004,2005,24.0,,,,,,,,,,,,,,WR,Akron,,,,,,,,,,,87.2,141.0,2092.0,14.8,14.0,,,,,,,,,,,,,,,,,,21.0,0.0,17.0
Domenik Hixon,,DEN,4,130,2006,Akron,2003,2003,12.0,,,,,,,,,,,,,,DB,Akron,,,,,,,,,,,,,,,,,,,,,,,,,,1.0,25.0,0.0,,0.0833333333333333,,,21.0,0.0,17.0
P.J. Daniels,,RAV,4,132,2006,Georgia Tech,2002,2005,44.0,,,,,,,,,,,,,,RB,Georgia Tech,707.0,3346.0,4.7,23.0,56.0,369.0,6.6,3.0,76.0,8.4,,,,,,,,,,,,,,,,,,,,,,,23.0,,
Orien Harris,,PIT,4,133,2006,Miami (FL),2005,2005,12.0,,,,,,,,,,,,,,DL,Miami (FL),,,,,,,,,,,,,,,,3.5,18.0,22.0,40.0,11.0,0.2916666666666667,1.5,1.8333333333333333,3.3333333333333335,0.9166666666666666,,,,,,,,23.0,,1.0
Kyle Williams,,BUF,5,134,2006,LSU,2003,2005,37.0,,,,,,,,,,,,,,DL,LSU,,,,,,,,,,,,,,,,3.0,20.0,26.0,46.0,7.5,0.081081081081081,0.5405405405405406,0.7027027027027027,1.2432432432432432,0.2027027027027027,,,,,,,-2.5038251366120217,23.0,79.0,79.0
Rob Ninkovich,,NOR,5,135,2006,Purdue,2004,2005,23.0,,,,,,,,,,,,,,DL,Purdue,,,,,,,,,,,,,,,,8.0,35.0,13.0,48.0,17.0,0.3478260869565217,1.5217391304347827,0.5652173913043478,2.0869565217391304,0.7391304347826086,,,,,,,,22.0,0.0,51.0
Terna Nande,,OTI,5,137,2006,Miami (OH),2003,2005,10.0,,,,,,,,,,,,,,LB,Miami (OH),,,,,,,,,,,,,,,,0.0,20.0,24.0,44.0,4.0,0.0,2.0,2.4,4.4,0.4,,,,,,,,23.0,0.0,0.0
Pat Watkins,,DAL,5,138,2006,Florida State,2003,2005,38.0,,,,,,,,,,,,,,DB,Florida State,,,,,,,,,,,,,,,,,,,,,,,,,,10.0,89.0,0.0,,0.2631578947368421,,,23.0,6.0,6.0
Parys Haralson,,SFO,5,140,2006,Tennessee,2004,2005,24.0,,,,,,,,,,,,,,DL,Tennessee,,,,,,,,,,,,,,,,8.5,33.0,12.0,45.0,17.0,0.3541666666666667,1.375,0.5,1.875,0.7083333333333334,,,,,,,,22.0,31.0,38.0
Jonathan Scott,,DET,5,141,2006,Texas,2005,2005,,,,,,,,,,,,,,,OL,Texas,,,,,,,,,,,,,,,,,,,,,,,,,,,,,,,,,23.0,4.0,17.0
Brandon Johnson,,CRD,5,142,2006,Louisville,2002,2005,50.0,,,,,,,,,,,,,,LB,Louisville,,,,,,,,,,,,,,,,2.0,45.0,28.0,73.0,8.5,0.04,0.9,0.56,1.46,0.17,,,,,,,-2.073684210526315,23.0,0.0,13.0
Brad Butler,,BUF,5,143,2006,Virginia,2005,2005,10.0,,,,,,,,,,,,,,OL,Virginia,,,,,,,,,,,,,,,,,,,,,,,,,,,,,,,,,22.0,13.0,13.0
Marques Hagans,132.9,RAM,5,144,2006,Virginia,2002,2005,51.0,408.0,655.0,247.0,62.3,4877.0,27.0,18.0,4.1,2.7,7.4,7.03,12.0,95.6,QB,Virginia,,,,,,,,,,,,,,,,,,,,,,,,,,,,,,,,,23.0,1.0,1.0
Jerome Harrison,,CLE,5,145,2006,Washington State,2004,2005,22.0,,,,,,,,,,,,,,RB,Washington State,482.0,2800.0,5.8,25.0,34.0,275.0,8.1,1.0,127.3,12.5,,,,,,,,,,,,,,,,,,,,,,,23.0,10.0,12.0
Dawan Landry,,RAV,5,146,2006,Georgia Tech,2002,2005,50.0,,,,,,,,,,,,,,DB,Georgia Tech,,,,,,,,,,,,,,,,,,,,,,,,,,7.0,38.0,0.0,,0.14,,,23.0,22.0,43.0
Ingle Martin,141.3,GNB,5,148,2006,,2002,2003,16.0,54.0,87.0,33.0,62.1,750.0,3.0,2.0,3.4,2.3,8.6,8.28,13.9,46.9,QB,Florida,,,,,,,,,,,,,,,,,,,,,,,,,,,,,,,,,24.0,0.0,0.0
Greg Blue,,MIN,5,149,2006,Georgia,2005,2005,13.0,,,,,,,,,,,,,,DB,Georgia,,,,,,,,,,,,,,,,,,,,,,,,,,2.0,0.0,0.0,,0.1538461538461538,,,24.0,2.0,2.0
Jason Pociask,,NYJ,5,150,2006,Wisconsin,2003,2005,38.0,,,,,,,,,,,,,,TE,Wisconsin,,,,,,,,,,,3.8,12.0,144.0,12.0,0.0,,,,,,,,,,,,,,,,,,23.0,0.0,0.0
Tim Dobbins,,SDG,5,151,2006,Iowa State,2004,2005,24.0,,,,,,,,,,,,,,LB,Iowa State,,,,,,,,,,,,,,,,1.0,48.0,55.0,103.0,7.5,0.0416666666666666,2.0,2.2916666666666665,4.291666666666667,0.3125,,,,,,,,23.0,9.0,19.0
Anthony Montgomery,,WAS,5,153,2006,Minnesota,2004,2005,24.0,,,,,,,,,,,,,,DL,Minnesota,,,,,,,,,,,,,,,,3.0,25.0,20.0,45.0,6.0,0.125,1.0416666666666667,0.8333333333333334,1.875,0.25,,,,,,,,22.0,14.0,14.0
Marcus Maxey,,KAN,5,154,2006,Miami (FL),2003,2005,25.0,,,,,,,,,,,,,,DB,Miami (FL),,,,,,,,,,,,,,,,,,,,,,,,,,2.0,32.0,0.0,,0.08,,,23.0,0.0,0.0
Jeff King,,CAR,5,155,2006,Virginia Tech,2002,2005,53.0,,,,,,,,,,,,,,TE,Virginia Tech,,,,,,,,,,,13.7,58.0,724.0,12.5,12.0,,,,,,,,,,,,,,,,,,23.0,8.0,10.0
Julian Jenkins,,TAM,5,156,2006,Stanford,2002,2005,20.0,,,,,,,,,,,,,,DL,Stanford,,,,,,,,,,,,,,,,7.0,24.0,26.0,50.0,9.0,0.35,1.2,1.3,2.5,0.45,,,,,,,,22.0,1.0,1.0
A.J. Nicholson,,CIN,5,157,2006,Florida State,2003,2005,37.0,,,,,,,,,,,,,,LB,Florida State,,,,,,,,,,,,,,,,1.0,53.0,47.0,100.0,9.5,0.027027027027027,1.4324324324324325,1.2702702702702702,2.702702702702702,0.2567567567567567,,,,,,,,23.0,0.0,0.0
Charlie Peprah,,NYG,5,158,2006,Alabama,2002,2005,50.0,,,,,,,,,,,,,,DB,Alabama,,,,,,,,,,,,,,,,,,,,,,,,,,9.0,214.0,2.0,5.0,0.18,0.1,,23.0,,12.0
Mark Anderson,,CHI,5,159,2006,Alabama,2002,2005,24.0,,,,,,,,,,,,,,LB,Alabama,,,,,,,,,,,,,,,,6.5,23.0,17.0,40.0,14.5,0.2708333333333333,0.9583333333333334,0.7083333333333334,1.6666666666666667,0.6041666666666666,,,,,,,,23.0,15.0,21.0
David Kirtman,,SEA,5,163,2006,USC,2003,2005,38.0,,,,,,,,,,,,,,RB,USC,21.0,94.0,4.5,1.0,46.0,470.0,10.2,2.0,2.5,12.4,,,,,,,,,,,,,,,,,,,,,,,23.0,0.0,0.0
Tony Moll,,GNB,5,165,2006,Nevada,2003,2005,33.0,,,,,,,,,,,,,,TE,Nevada,,,,,,,,,,,3.2,11.0,107.0,9.7,4.0,,,,,,,,,,,,,,,,,,23.0,10.0,13.0
Quinn Sypniewski,,RAV,5,166,2006,Colorado,2000,2005,54.0,,,,,,,,,,,,,,TE,Colorado,,,,,,,,,,,10.4,44.0,563.0,12.8,5.0,,,,,,,,,,,,,,,,,,24.0,2.0,2.0
Omar Gaither,,PHI,5,168,2006,Tennessee,2004,2005,24.0,,,,,,,,,,,,,,LB,Tennessee,,,,,,,,,,,,,,,,4.0,50.0,28.0,78.0,8.0,0.1666666666666666,2.0833333333333335,1.1666666666666667,3.25,0.3333333333333333,,,,,,,,22.0,22.0,25.0
Jesse Mahelona,,OTI,5,169,2006,Tennessee,2005,2005,11.0,,,,,,,,,,,,,,DL,Tennessee,,,,,,,,,,,,,,,,2.0,18.0,17.0,35.0,7.0,0.1818181818181818,1.6363636363636365,1.5454545454545454,3.1818181818181817,0.6363636363636364,,,,,,,,23.0,1.0,1.0
Wali Lundy,,HTX,6,170,2006,Virginia,2002,2005,49.0,,,,,,,,,,,,,,RB,Virginia,742.0,3193.0,4.3,43.0,114.0,895.0,7.9,9.0,65.2,18.3,,,,,,,,,,,,,,,,,,,,,,,22.0,5.0,5.0
Mike Hass,,NOR,6,171,2006,Oregon State,2003,2005,36.0,,,,,,,,,,,,,,WR,Oregon State,,,,,,,,,,,109.0,220.0,3924.0,17.8,20.0,,,,,,,,,,,,,,,,,,23.0,,0.0
Jonathan Lewis,,CRD,6,177,2006,Virginia Tech,2003,2005,26.0,,,,,,,,,,,,,,DL,Virginia Tech,,,,,,,,,,,,,,,,4.5,15.0,23.0,38.0,7.5,0.173076923076923,0.5769230769230769,0.8846153846153846,1.4615384615384617,0.2884615384615384,,,,,,,,22.0,0.0,0.0
Keith Ellison,,BUF,6,178,2006,Oregon State,2004,2005,23.0,,,,,,,,,,,,,,LB,Oregon State,,,,,,,,,,,,,,,,5.0,60.0,39.0,99.0,14.5,0.217391304347826,2.608695652173913,1.6956521739130437,4.304347826086956,0.6304347826086957,,,,,,,,22.0,19.0,19.0
Lawrence Vickers,,CLE,6,180,2006,Colorado,2002,2005,48.0,,,,,,,,,,,,,,RB,Colorado,171.0,635.0,3.7,12.0,70.0,572.0,8.2,3.0,13.2,11.9,,,,,,,,,,,,,,,,,,,,,,,23.0,2.0,3.0
Babatunde Oshinowo Jr.,,CLE,6,181,2006,Stanford,2005,2005,11.0,,,,,,,,,,,,,,DL,Stanford,,,,,,,,,,,,,,,,4.5,36.0,18.0,54.0,10.5,0.4090909090909091,3.272727272727273,1.6363636363636365,4.909090909090909,0.9545454545454546,,,,,,,,23.0,0.0,0.0
Montavious Stanley,,DAL,6,182,2006,Louisville,2002,2005,34.0,,,,,,,,,,,,,,DL,Louisville,,,,,,,,,,,,,,,,6.0,29.0,20.0,49.0,10.0,0.1764705882352941,0.8529411764705882,0.5882352941176471,1.4411764705882353,0.2941176470588235,,,,,,,,24.0,,5.0
Johnny Jolly,,GNB,6,183,2006,Texas A&M,2005,2005,11.0,,,,,,,,,,,,,,DL,Texas A&M,,,,,,,,,,,,,,,,5.0,19.0,44.0,63.0,11.5,0.4545454545454545,1.7272727272727273,4.0,5.7272727272727275,1.0454545454545454,,,,,,,,23.0,21.0,21.0
Adam Jennings,,ATL,6,184,2006,Fresno State,2002,2005,52.0,,,,,,,,,,,,,,DB,Fresno State,,,,,,,,,,,,,,,,,,,,,,,,,,0.0,0.0,0.0,,0.0,,,23.0,0.0,0.0
Tyrone Culver,,GNB,6,185,2006,Fresno State,2002,2005,37.0,,,,,,,,,,,,,,DB,Fresno State,,,,,,,,,,,,,,,,,,,,,,,,,,5.0,72.0,0.0,,0.1351351351351351,,,23.0,1.0,7.0
Tre' Stallings,,KAN,6,186,2006,Mississippi State,2005,2005,11.0,,,,,,,,,,,,,,OL,Ole Miss,,,,,,,,,,,,,,,,,,,,,,,,,,,,,,,,,23.0,0.0,0.0
Jeromey Clary,,SDG,6,187,2006,Kansas State,2005,2005,11.0,,,,,,,,,,,,,,OL,Kansas State,,,,,,,,,,,,,,,,,,,,,,,,,,,,,,,,,22.0,47.0,47.0
Drew Coleman,,NYJ,6,189,2006,Texas Christian,2004,2005,18.0,,,,,,,,,,,,,,DB,Texas Christian,,,,,,,,,,,,,,,,,,,,,,,,,,5.0,90.0,0.0,,0.2777777777777778,,-0.625,23.0,8.0,11.0
Jeff Webb,,KAN,6,190,2006,San Diego State,2001,2005,44.0,,,,,,,,,,,,,,WR,San Diego State,,,,,,,,,,,65.7,234.0,2890.0,12.4,20.0,,,,,,,,,,,,,,,,,,24.0,2.0,2.0
Jeremy Mincey,,NWE,6,191,2006,Florida,2004,2005,24.0,,,,,,,,,,,,,,DL,Florida,,,,,,,,,,,,,,,,3.5,31.0,31.0,62.0,10.5,0.1458333333333333,1.2916666666666667,1.2916666666666667,2.5833333333333335,0.4375,,,,,,,,22.0,,29.0
Marcus Hudson,,SFO,6,192,2006,North Carolina State,2001,2005,48.0,,,,,,,,,,,,,,DB,North Carolina State,,,,,,,,,,,,,,,,,,,,,,,,,,8.0,194.0,3.0,,0.1666666666666666,,,23.0,4.0,5.0
Reggie McNeal,133.1,CIN,6,193,2006,Texas A&M,2002,2005,42.0,478.0,875.0,397.0,54.6,6992.0,44.0,23.0,5.0,2.6,8.0,7.81,14.6,166.5,QB,Texas A&M,,,,,,,,,,,,,,,,,,,,,,,,,,,,,,,,,22.0,0.0,0.0
Bruce Gradkowski,157.4,TAM,6,194,2006,Toledo,2002,2005,49.0,766.0,1123.0,357.0,68.2,9225.0,85.0,27.0,7.6,2.4,8.2,8.65,12.0,188.3,QB,Toledo,,,,,,,,,,,,,,,,,,,,,,,,,,,,,,,,,23.0,3.0,8.0
J.D. Runnels,,CHI,6,195,2006,Oklahoma,2002,2005,53.0,,,,,,,,,,,,,,RB,Oklahoma,2.0,5.0,2.5,0.0,51.0,450.0,8.8,5.0,0.1,8.5,,,,,,,,,,,,,,,,,,,,,,,22.0,0.0,0.0
Kedric Golston,,WAS,6,196,2006,Georgia,2005,2005,10.0,,,,,,,,,,,,,,DL,Georgia,,,,,,,,,,,,,,,,1.0,13.0,7.0,20.0,2.0,0.1,1.3,0.7,2.0,0.2,,,,,,,,23.0,27.0,27.0
Melvin Oliver,,SFO,6,197,2006,LSU,2004,2005,25.0,,,,,,,,,,,,,,DL,LSU,,,,,,,,,,,,,,,,9.0,33.0,31.0,64.0,11.0,0.36,1.32,1.24,2.56,0.44,,,,,,,,23.0,5.0,5.0
Charlie Johnson,,CLT,6,199,2006,Oklahoma State,2002,2005,44.0,,,,,,,,,,,,,,TE,Oklahoma State,,,,,,,,,,,5.3,20.0,233.0,11.7,4.0,,,,,,,,,,,,,,,,,,22.0,30.0,52.0
Lajuan Ramsey,,PHI,6,204,2006,USC,2002,2005,17.0,,,,,,,,,,,,,,DL,USC,,,,,,,,,,,,,,,,1.0,19.0,21.0,40.0,5.5,0.0588235294117647,1.1176470588235294,1.2352941176470589,2.3529411764705883,0.3235294117647059,,,,,,,,22.0,2.0,4.0
Le Kevin Smith,,NWE,6,206,2006,Nebraska,2005,2005,12.0,,,,,,,,,,,,,,DL,Nebraska,,,,,,,,,,,,,,,,6.0,23.0,20.0,43.0,12.5,0.5,1.9166666666666667,1.6666666666666667,3.5833333333333335,1.0416666666666667,,,,,,,,24.0,3.0,5.0
Derrick Martin,,RAV,6,208,2006,Wyoming,2003,2005,29.0,,,,,,,,,,,,,,DB,Wyoming,,,,,,,,,,,,,,,,,,,,,,,,,,6.0,49.0,1.0,,0.2068965517241379,,,21.0,2.0,5.0
Ethan Kilmer,,CIN,7,209,2006,Penn State,2005,2005,12.0,,,,,,,,,,,,,,WR,Penn State,,,,,,,,,,,19.7,15.0,236.0,15.7,3.0,,,,,,,,,,,,,,,,,,23.0,0.0,0.0
Zach Strief,,NOR,7,210,2006,Northwestern,2005,2005,12.0,,,,,,,,,,,,,,OL,Northwestern,,,,,,,,,,,,,,,,,,,,,,,,,,,,,,,,,22.0,50.0,50.0
James Wyche,,JAX,7,213,2006,Syracuse,2005,2005,11.0,,,,,,,,,,,,,,DL,Syracuse,,,,,,,,,,,,,,,,4.5,40.0,18.0,58.0,6.5,0.4090909090909091,3.636363636363636,1.6363636363636365,5.2727272727272725,0.5909090909090909,,,,,,,,24.0,0.0,0.0
Todd Watkins,,CRD,7,218,2006,BYU,2004,2005,23.0,,,,,,,,,,,,,,WR,BYU,,,,,,,,,,,74.8,101.0,1720.0,17.0,15.0,,,,,,,,,,,,,,,,,,23.0,,1.0
Ryan Lacasse,,RAV,7,219,2006,Syracuse,2003,2005,23.0,,,,,,,,,,,,,,DL,Syracuse,,,,,,,,,,,,,,,,9.0,30.0,22.0,52.0,12.0,0.391304347826087,1.3043478260869563,0.9565217391304348,2.260869565217391,0.5217391304347826,,,,,,,,23.0,,1.0
Titus Adams,,NYJ,7,220,2006,Nebraska,2003,2005,24.0,,,,,,,,,,,,,,DL,Nebraska,,,,,,,,,,,,,,,,1.5,26.0,23.0,49.0,4.0,0.0625,1.0833333333333333,0.9583333333333334,2.0416666666666665,0.1666666666666666,,,,,,,,23.0,,0.0
Tim McGarigle,,RAM,7,221,2006,Northwestern,2003,2005,36.0,,,,,,,,,,,,,,LB,Northwestern,,,,,,,,,,,,,,,,2.0,81.0,75.0,156.0,7.0,0.0555555555555555,2.25,2.0833333333333335,4.333333333333333,0.1944444444444444,,,,,,,,22.0,1.0,1.0
Justin Hamilton,,CLE,7,222,2006,Virginia Tech,2004,2004,13.0,,,,,,,,,,,,,,RB,Virginia Tech,75.0,336.0,4.5,3.0,6.0,31.0,5.2,0.0,25.8,2.4,,,,,,,,,,,,,,,,,,,,,,,23.0,1.0,1.0
Justin Hamilton,,CLE,7,222,2006,Virginia Tech,2002,2003,26.0,,,,,,,,,,,,,,WR,Virginia Tech,,,,,,,,,,,13.0,28.0,338.0,12.1,1.0,,,,,,,,,,,,,,,,,,23.0,1.0,1.0
Justin Hamilton,,CLE,7,222,2006,Virginia Tech,2005,2005,13.0,,,,,,,,,,,,,,DB,Virginia Tech,,,,,,,,,,,,,,,,,,,,,,,,,,3.0,60.0,0.0,,0.2307692307692307,,,23.0,1.0,1.0
Chase Page,,SDG,7,225,2006,North Carolina,2005,2005,11.0,,,,,,,,,,,,,,DL,North Carolina,,,,,,,,,,,,,,,,4.0,11.0,16.0,27.0,6.5,0.3636363636363636,1.0,1.4545454545454546,2.4545454545454546,0.5909090909090909,,,,,,,,23.0,,0.0
Rodrique Wright,,MIA,7,226,2006,Texas,2005,2005,13.0,,,,,,,,,,,,,,DL,Texas,,,,,,,,,,,,,,,,3.0,11.0,16.0,27.0,7.5,0.2307692307692307,0.8461538461538461,1.2307692307692308,2.076923076923077,0.5769230769230769,,,,,,,,22.0,4.0,4.0
Jarrad Page,,KAN,7,228,2006,UCLA,2002,2005,49.0,,,,,,,,,,,,,,DB,UCLA,,,,,,,,,,,,,,,,,,,,,,,,,,9.0,116.0,2.0,,0.1836734693877551,,,21.0,16.0,18.0
Willie Andrews,,NWE,7,229,2006,Baylor,2002,2005,46.0,,,,,,,,,,,,,,DB,Baylor,,,,,,,,,,,,,,,,,,,,,,,,,,3.0,51.0,0.0,,0.0652173913043478,,,22.0,3.0,3.0
Devin Aromashodu,,MIA,7,233,2006,Auburn,2002,2005,51.0,,,,,,,,,,,,,,WR,Auburn,,,,,,,,,,,26.1,71.0,1333.0,18.8,9.0,,,,,,,,,,,,,,,,,,22.0,,10.0
Demetrice Webb,,JAX,7,236,2006,Florida,2004,2005,24.0,,,,,,,,,,,,,,DB,Florida,,,,,,,,,,,,,,,,,,,,,,,,,,4.0,27.0,0.0,,0.1666666666666666,,,21.0,1.0,1.0
Stanley McClover,,CAR,7,237,2006,Auburn,2005,2005,10.0,,,,,,,,,,,,,,DL,Auburn,,,,,,,,,,,,,,,,8.0,21.0,10.0,31.0,13.5,0.8,2.1,1.0,3.1,1.35,,,,,,,,21.0,1.0,1.0
T.J. Rushing,,CLT,7,238,2006,Stanford,2002,2005,44.0,,,,,,,,,,,,,,DB,Stanford,,,,,,,,,,,,,,,,,,,,,,,,,,4.0,96.0,0.0,,0.0909090909090909,,,23.0,3.0,3.0
Charles Bennett,,TAM,7,241,2006,Clemson,2004,2005,23.0,,,,,,,,,,,,,,DL,Clemson,,,,,,,,,,,,,,,,4.0,29.0,14.0,43.0,14.5,0.1739130434782608,1.2608695652173914,0.6086956521739131,1.8695652173913044,0.6304347826086957,,,,,,,,23.0,0.0,0.0
Tim Massaquoi,,TAM,7,244,2006,Michigan,2002,2005,48.0,,,,,,,,,,,,,,WR,Michigan,,,,,,,,,,,10.2,46.0,489.0,10.6,2.0,,,,,,,,,,,,,,,,,,24.0,,0.0
Spencer Toone,,OTI,7,245,2006,Utah,2004,2005,24.0,,,,,,,,,,,,,,LB,Utah,,,,,,,,,,,,,,,,2.5,52.0,61.0,113.0,5.0,0.1041666666666666,2.1666666666666665,2.5416666666666665,4.708333333333333,0.2083333333333333,,,,,,,,26.0,0.0,0.0
Quinton Ganther,,OTI,7,246,2006,Utah,2004,2005,23.0,,,,,,,,,,,,,,RB,Utah,314.0,1774.0,5.6,9.0,32.0,363.0,11.3,2.0,77.1,15.8,,,,,,,,,,,,,,,,,,,,,,,22.0,1.0,3.0
Anthony Cannon,,DET,7,247,2006,Tulane,2004,2005,21.0,,,,,,,,,,,,,,LB,Tulane,,,,,,,,,,,,,,,,2.5,65.0,49.0,114.0,12.5,0.119047619047619,3.0952380952380953,2.3333333333333335,5.428571428571429,0.5952380952380952,,,,,,,,21.0,3.0,3.0
Aaron Merz,,BUF,7,248,2006,California,2005,2005,12.0,,,,,,,,,,,,,,OL,California,,,,,,,,,,,,,,,,,,,,,,,,,,,,,,,,,23.0,1.0,1.0
Ben Obomanu,,SEA,7,249,2006,Auburn,2002,2005,51.0,,,,,,,,,,,,,,WR,Auburn,,,,,,,,,,,25.7,97.0,1313.0,13.5,18.0,,,,,,,,,,,,,,,,,,22.0,10.0,10.0
David Anderson,,HTX,7,251,2006,Colorado State,2002,2005,46.0,,,,,,,,,,,,,,WR,Colorado State,,,,,,,,,,,79.0,223.0,3634.0,16.3,20.0,,,,,,,,,,,,,,,,,,23.0,7.0,7.0
JaMarcus Russell,147.9,RAI,1,1,2007,LSU,2004,2006,36.0,493.0,797.0,304.0,61.9,6625.0,52.0,21.0,6.5,2.6,8.3,8.43,13.4,184.0,QB,LSU,,,,,,,,,,,,,,,,,,,,,,,,,,,,,,,,,22.0,6.0,6.0
Calvin Johnson,,DET,1,2,2007,Georgia Tech,2004,2006,38.0,,,,,,,,,,,,,,WR,Georgia Tech,,,,,,,,,,,77.0,178.0,2927.0,16.4,28.0,,,,,,,,,,,,,,,,,,21.0,78.0,78.0
Joe Thomas,,CLE,1,3,2007,Wisconsin,2006,2006,13.0,,,,,,,,,,,,,,OL,Wisconsin,,,,,,,,,,,,,,,,,,,,,,,,,,,,,,,,7.5,22.0,85.0,85.0
Gaines Adams,,TAM,1,4,2007,Clemson,2004,2006,36.0,,,,,,,,,,,,,,DL,Clemson,,,,,,,,,,,,,,,,21.0,59.0,37.0,96.0,27.5,0.5833333333333334,1.6388888888888888,1.0277777777777777,2.6666666666666665,0.7638888888888888,,,,,,,,24.0,17.0,17.0
Levi Brown,,CRD,1,5,2007,Penn State,2005,2005,12.0,,,,,,,,,,,,,,OL,Penn State,,,,,,,,,,,,,,,,,,,,,,,,,,,,,,,,2.3620689655172415,23.0,34.0,34.0
Laron Landry,,WAS,1,6,2007,LSU,2003,2006,51.0,,,,,,,,,,,,,,DB,LSU,,,,,,,,,,,,,,,,,,,,,,,,,,12.0,151.0,0.0,,0.2352941176470588,,,22.0,26.0,39.0
Adrian Peterson,,MIN,1,7,2007,Oklahoma,2004,2006,31.0,,,,,,,,,,,,,,RB,Oklahoma,748.0,4041.0,5.4,41.0,24.0,198.0,8.3,1.0,130.4,6.4,,,,,,,,,,,,,,,,,,,,,,,22.0,89.0,101.0
Jamaal Anderson,,ATL,1,8,2007,Arkansas,2005,2006,25.0,,,,,,,,,,,,,,DL,Arkansas,,,,,,,,,,,,,,,,17.0,58.0,24.0,82.0,31.0,0.68,2.32,0.96,3.28,1.24,,,,,,,,21.0,19.0,20.0
Ted Ginn Jr.,,MIA,1,9,2007,Ohio State,2004,2006,37.0,,,,,,,,,,,,,,WR,Ohio State,,,,,,,,,,,52.5,135.0,1943.0,14.4,15.0,,,,,,,,,,,,,,,,,,22.0,15.0,52.0
Amobi Okoye,,HTX,1,10,2007,Louisville,2005,2006,24.0,,,,,,,,,,,,,,DL,Louisville,,,,,,,,,,,,,,,,8.5,50.0,27.0,77.0,16.5,0.3541666666666667,2.0833333333333335,1.125,3.2083333333333335,0.6875,,,,,,,,20.0,21.0,24.0
Patrick Willis,,SFO,1,11,2007,Ole Miss,2004,2006,32.0,,,,,,,,,,,,,,LB,Ole Miss,,,,,,,,,,,,,,,,6.0,177.0,88.0,265.0,21.0,0.1875,5.53125,2.75,8.28125,0.65625,,,,,,,,22.0,93.0,93.0
Marshawn Lynch,,BUF,1,12,2007,California,2004,2006,35.0,,,,,,,,,,,,,,RB,California,490.0,3230.0,6.6,29.0,68.0,600.0,8.8,6.0,92.3,17.1,,,,,,,,,,,,,,,,,,,,,,,21.0,15.0,74.0
Adam Carriker,,RAM,1,13,2007,Nebraska,2005,2006,26.0,,,,,,,,,,,,,,DL,Nebraska,,,,,,,,,,,,,,,,16.5,50.0,45.0,95.0,28.5,0.6346153846153846,1.9230769230769231,1.7307692307692308,3.6538461538461537,1.0961538461538465,,,,,,,,23.0,9.0,22.0
Darrelle Revis,,NYJ,1,14,2007,Pitt,2004,2006,35.0,,,,,,,,,,,,,,DB,Pitt,,,,,,,,,,,,,,,,,,,,,,,,,,8.0,88.0,2.0,,0.2285714285714285,,,22.0,76.0,93.0
Lawrence Timmons,,PIT,1,15,2007,Florida State,2005,2006,26.0,,,,,,,,,,,,,,LB,Florida State,,,,,,,,,,,,,,,,8.0,59.0,55.0,114.0,21.5,0.3076923076923077,2.269230769230769,2.1153846153846154,4.384615384615385,0.8269230769230769,,,,,,,,21.0,68.0,72.0
Justin Harrell,,GNB,1,16,2007,Tennessee,2005,2006,14.0,,,,,,,,,,,,,,DL,Tennessee,,,,,,,,,,,,,,,,2.5,24.0,22.0,46.0,9.0,0.1785714285714285,1.7142857142857142,1.5714285714285714,3.2857142857142856,0.6428571428571429,,,,,,,,23.0,2.0,2.0
Jarvis Moss,,DEN,1,17,2007,Florida,2005,2006,24.0,,,,,,,,,,,,,,DL,Florida,,,,,,,,,,,,,,,,15.0,61.0,20.0,81.0,22.0,0.625,2.5416666666666665,0.8333333333333334,3.375,0.9166666666666666,,,,,,,,23.0,2.0,3.0
Leon Hall,,CIN,1,18,2007,Michigan,2003,2006,50.0,,,,,,,,,,,,,,DB,Michigan,,,,,,,,,,,,,,,,,,,,,,,,,,12.0,23.0,0.0,,0.24,,,22.0,49.0,51.0
Michael Griffin,,OTI,1,19,2007,Texas,2004,2006,34.0,,,,,,,,,,,,,,DB,Texas,,,,,,,,,,,,,,,,,,,,,,,,,,8.0,41.0,0.0,,0.2352941176470588,,,22.0,53.0,55.0
Aaron Ross,,NYG,1,20,2007,Texas,2003,2006,50.0,,,,,,,,,,,,,,DB,Texas,,,,,,,,,,,,,,,,,,,,,,,,,,10.0,111.0,0.0,,0.2,,,24.0,17.0,20.0
Reggie Nelson,,JAX,1,21,2007,Florida,2005,2006,25.0,,,,,,,,,,,,,,DB,Florida,,,,,,,,,,,,,,,,,,,,,,,,,,7.0,76.0,1.0,,0.28,,,23.0,12.0,63.0
Brady Quinn,134.4,CLE,1,22,2007,Notre Dame,2003,2006,49.0,929.0,1602.0,673.0,58.0,11762.0,95.0,39.0,5.9,2.4,7.3,7.43,12.7,240.0,QB,Notre Dame,,,,,,,,,,,,,,,,,,,,,,,,,,,,,,,,,22.0,3.0,2.0
Dwayne Bowe,,KAN,1,23,2007,LSU,2003,2006,46.0,,,,,,,,,,,,,,WR,LSU,,,,,,,,,,,52.2,154.0,2403.0,15.6,26.0,,,,,,,,,,,,,,,,,,22.0,50.0,50.0
Brandon Meriweather,,NWE,1,24,2007,Miami (FL),2003,2006,49.0,,,,,,,,,,,,,,DB,Miami (FL),,,,,,,,,,,,,,,,,,,,,,,,,,7.0,45.0,0.0,,0.1428571428571428,,,23.0,22.0,33.0
Jon Beason,,CAR,1,25,2007,Miami (FL),2004,2006,35.0,,,,,,,,,,,,,,LB,Miami (FL),,,,,,,,,,,,,,,,1.5,81.0,51.0,132.0,15.5,0.0428571428571428,2.3142857142857145,1.457142857142857,3.7714285714285714,0.4428571428571428,,,,,,,,22.0,48.0,55.0
Jon Beason,,CAR,1,25,2007,Miami (FL),2003,2003,2.0,,,,,,,,,,,,,,DB,Miami (FL),,,,,,,,,,,,,,,,,,,,,,,,,,0.0,0.0,0.0,,0.0,,,22.0,48.0,55.0
Anthony Spencer,,DAL,1,26,2007,Purdue,2005,2006,25.0,,,,,,,,,,,,,,DL,Purdue,,,,,,,,,,,,,,,,12.5,84.0,31.0,115.0,32.0,0.5,3.36,1.24,4.6,1.28,,,,,,,,23.0,34.0,34.0
Robert Meachem,,NOR,1,27,2007,Tennessee,2004,2006,37.0,,,,,,,,,,,,,,WR,Tennessee,,,,,,,,,,,57.8,125.0,2140.0,17.1,17.0,,,,,,,,,,,,,,,,,,22.0,25.0,26.0
Joe Staley,,SFO,1,28,2007,Central Michigan,2003,2003,11.0,,,,,,,,,,,,,,TE,Central Michigan,,,,,,,,,,,11.8,11.0,130.0,11.8,1.0,,,,,,,,,,,,,,,,,,23.0,81.0,81.0
Joe Staley,,SFO,1,28,2007,Central Michigan,2005,2006,25.0,,,,,,,,,,,,,,OL,Central Michigan,,,,,,,,,,,,,,,,,,,,,,,,,,,,,,,,,23.0,81.0,81.0
Ben Grubbs,,RAV,1,29,2007,Auburn,2005,2006,25.0,,,,,,,,,,,,,,OL,Auburn,,,,,,,,,,,,,,,,,,,,,,,,,,,,,,,,,23.0,26.0,56.0
Craig Davis,,SDG,1,30,2007,LSU,2003,2006,42.0,,,,,,,,,,,,,,WR,LSU,,,,,,,,,,,50.4,141.0,2117.0,15.0,7.0,,,,,,,,,,,,,,,,,,21.0,7.0,7.0
Greg Olsen,,CHI,1,31,2007,Miami (FL),2004,2006,33.0,,,,,,,,,,,,,,TE,Miami (FL),,,,,,,,,,,36.8,87.0,1215.0,14.0,6.0,,,,,,,,,,,,,,,,,,22.0,11.0,60.0
Anthony Gonzalez,,CLT,1,32,2007,Ohio State,2004,2006,33.0,,,,,,,,,,,,,,WR,Ohio State,,,,,,,,,,,39.0,87.0,1286.0,14.8,13.0,,,,,,,,,,,,,,,,,6.323809523809523,22.0,16.0,16.0
Alan Branch,,CRD,2,33,2007,Michigan,2005,2006,25.0,,,,,,,,,,,,,,DL,Michigan,,,,,,,,,,,,,,,,4.5,33.0,23.0,56.0,13.0,0.18,1.32,0.92,2.24,0.52,,,,,,,,22.0,4.0,42.0
Paul Posluszny,,BUF,2,34,2007,Penn State,2003,2006,40.0,,,,,,,,,,,,,,LB,Penn State,,,,,,,,,,,,,,,,6.0,133.0,99.0,232.0,20.5,0.15,3.325,2.475,5.8,0.5125,,,,,,,,22.0,17.0,58.0
Arron Sears,,TAM,2,35,2007,Tennessee,2005,2005,11.0,,,,,,,,,,,,,,OL,Tennessee,,,,,,,,,,,,,,,,,,,,,,,,,,,,,,,,,22.0,14.0,14.0
Kevin Kolb,145.1,PHI,2,36,2007,Houston,2003,2006,50.0,964.0,1565.0,601.0,61.6,12964.0,85.0,31.0,5.4,2.0,8.3,8.48,13.4,259.3,QB,Houston,,,,,,,,,,,,,,,,,,,,,,,,,,,,,,,,,23.0,5.0,12.0
Eric Weddle,,SDG,2,37,2007,Utah,2003,2006,48.0,,,,,,,,,,,,,,DB,Utah,,,,,,,,,,,,,,,,,,,,,,,,,,18.0,148.0,3.0,,0.375,,,22.0,64.0,88.0
Zach Miller,,RAI,2,38,2007,Arizona State,2004,2006,35.0,,,,,,,,,,,,,,TE,Arizona State,,,,,,,,,,,43.2,144.0,1512.0,10.5,14.0,,,,,,,,,,,,,,,,,-3.5,21.0,20.0,28.0
Justin Blalock,,ATL,2,39,2007,Texas,2006,2006,,,,,,,,,,,,,,,OL,Texas,,,,,,,,,,,,,,,,,,,,,,,,,,,,,,,,,23.0,55.0,55.0
John Beck,141.3,MIA,2,40,2007,BYU,2003,2006,43.0,885.0,1418.0,533.0,62.4,11021.0,79.0,34.0,5.6,2.4,7.8,7.81,12.5,256.3,QB,BYU,,,,,,,,,,,,,,,,,,,,,,,,,,,,,,,,,26.0,2.0,4.0
Chris Houston,,ATL,2,41,2007,Arkansas,2004,2006,33.0,,,,,,,,,,,,,,DB,Arkansas,,,,,,,,,,,,,,,,,,,,,,,,,,3.0,129.0,1.0,8.0,0.0909090909090909,0.2424242424242424,,22.0,13.0,32.0
Tony Ugoh,,CLT,2,42,2007,Arkansas,2005,2005,11.0,,,,,,,,,,,,,,OL,Arkansas,,,,,,,,,,,,,,,,,,,,,,,,,,,,,,,,,23.0,16.0,17.0
Drew Stanton,138.7,DET,2,43,2007,Michigan State,2003,2006,45.0,543.0,846.0,303.0,64.2,6524.0,42.0,28.0,5.0,3.3,7.7,7.22,12.0,145.0,QB,Michigan State,,,,,,,,,,,,,,,,,,,,,,,,,,,,,,,,,23.0,4.0,10.0
Sidney Rice,,MIN,2,44,2007,South Carolina,2005,2006,24.0,,,,,,,,,,,,,,WR,South Carolina,,,,,,,,,,,93.0,142.0,2233.0,15.7,23.0,,,,,,,,,,,,,,,,,,21.0,20.0,33.0
Dwayne Jarrett,,CAR,2,45,2007,USC,2004,2006,38.0,,,,,,,,,,,,,,WR,USC,,,,,,,,,,,82.6,216.0,3138.0,14.5,41.0,,,,,,,,,,,,,,,,,,20.0,4.0,4.0
Lamarr Woodley,,PIT,2,46,2007,Michigan,2003,2006,37.0,,,,,,,,,,,,,,LB,Michigan,,,,,,,,,,,,,,,,18.0,57.0,27.0,84.0,30.5,0.4864864864864865,1.5405405405405406,0.7297297297297297,2.27027027027027,0.8243243243243243,,,,,,,,22.0,50.0,54.0
David Harris,,NYJ,2,47,2007,Michigan,2006,2006,13.0,,,,,,,,,,,,,,LB,Michigan,,,,,,,,,,,,,,,,3.0,73.0,23.0,96.0,15.0,0.2307692307692307,5.615384615384615,1.7692307692307692,7.384615384615385,1.1538461538461535,,,,,,,4.4,23.0,73.0,75.0
Chris Henry,,OTI,2,50,2007,Arizona,2003,2006,35.0,,,,,,,,,,,,,,RB,Arizona,269.0,892.0,3.3,9.0,26.0,205.0,7.9,1.0,25.5,5.9,,,,,,,,,,,,,,,,,,,,,,,22.0,1.0,1.0
Steve Smith,,NYG,2,51,2007,USC,2003,2006,46.0,,,,,,,,,,,,,,WR,USC,,,,,,,,,,,65.6,190.0,3019.0,15.9,22.0,,,,,,,,,,,,,,,,,,22.0,21.0,23.0
Brian Leonard,,RAM,2,52,2007,Rutgers,2003,2006,47.0,,,,,,,,,,,,,,RB,Rutgers,678.0,2775.0,4.1,32.0,207.0,1868.0,9.0,13.0,59.0,39.7,,,,,,,,,,,,,,,,,,,,,,,23.0,3.0,11.0
Eric Wright,,CLE,2,53,2007,Nevada-Las Vegas,2004,2006,22.0,,,,,,,,,,,,,,DB,Nevada-Las VegasUSC,,,,,,,,,,,,,,,,,,,,,,,,,,3.0,54.0,0.0,,0.1363636363636363,,,22.0,22.0,32.0
Turk McBride,,KAN,2,54,2007,Tennessee,2005,2006,22.0,,,,,,,,,,,,,,DL,Tennessee,,,,,,,,,,,,,,,,3.5,54.0,29.0,83.0,12.0,0.1590909090909091,2.4545454545454546,1.318181818181818,3.772727272727273,0.5454545454545454,,,,,,,,22.0,6.0,13.0
Josh Wilson,,SEA,2,55,2007,Maryland,2005,2006,24.0,,,,,,,,,,,,,,DB,Maryland,,,,,,,,,,,,,,,,,,,,,,,,,,2.0,27.0,0.0,,0.0833333333333333,,19.2,22.0,13.0,32.0
Tim Crowder,,DEN,2,56,2007,Texas,2003,2006,39.0,,,,,,,,,,,,,,DL,Texas,,,,,,,,,,,,,,,,11.5,47.0,17.0,64.0,21.0,0.2948717948717949,1.205128205128205,0.4358974358974359,1.641025641025641,0.5384615384615384,,,,,,,,22.0,2.0,11.0
Victor Abiamiri,,PHI,2,57,2007,Notre Dame,2005,2006,25.0,,,,,,,,,,,,,,DL,Notre Dame,,,,,,,,,,,,,,,,19.0,59.0,31.0,90.0,30.5,0.76,2.36,1.24,3.6,1.22,,,,,,,,21.0,5.0,5.0
Ikaika Alama-Francis,,DET,2,58,2007,Hawaii,2005,2006,25.0,,,,,,,,,,,,,,DL,Hawaii,,,,,,,,,,,,,,,,9.0,45.0,43.0,88.0,17.5,0.36,1.8,1.72,3.52,0.7,,,,,,,,22.0,1.0,2.0
Ryan Kalil,,CAR,2,59,2007,USC,2005,2006,26.0,,,,,,,,,,,,,,OL,USC,,,,,,,,,,,,,,,,,,,,,,,,,,,,,,,,,22.0,71.0,72.0
Samson Satele,,MIA,2,60,2007,Hawaii,2005,2005,12.0,,,,,,,,,,,,,,OL,Hawaii,,,,,,,,,,,,,,,,,,,,,,,,,,,,,,,,,22.0,24.0,48.0
Gerald Alexander,,DET,2,61,2007,Boise State,2003,2006,51.0,,,,,,,,,,,,,,DB,Boise State,,,,,,,,,,,,,,,,,,,,,,,,,,9.0,75.0,0.0,,0.1764705882352941,,,23.0,6.0,11.0
Brandon Jackson,,GNB,2,63,2007,Nebraska,2004,2006,33.0,,,,,,,,,,,,,,RB,Nebraska,291.0,1431.0,4.9,14.0,34.0,318.0,9.4,2.0,43.4,9.6,,,,,,,,,,,,,,,,,,,,,,-8.528571428571428,21.0,16.0,16.0
Sabby Piscitelli,,TAM,2,64,2007,Oregon State,2003,2006,50.0,,,,,,,,,,,,,,DB,Oregon State,,,,,,,,,,,,,,,,,,,,,,,,,,15.0,143.0,1.0,,0.3,,,24.0,11.0,15.0
Quentin Moses,,RAI,3,65,2007,Georgia,2005,2006,26.0,,,,,,,,,,,,,,DL,Georgia,,,,,,,,,,,,,,,,16.0,56.0,21.0,77.0,32.5,0.6153846153846154,2.1538461538461537,0.8076923076923077,2.9615384615384617,1.25,,,,,,,,23.0,,5.0
Usama Young,,NOR,3,66,2007,Kent State,2003,2006,45.0,,,,,,,,,,,,,,DB,Kent State,,,,,,,,,,,,,,,,,,,,,,,,,,9.0,71.0,0.0,,0.2,,,22.0,5.0,17.0
James Marten,,DAL,3,67,2007,Boston College,2005,2006,20.0,,,,,,,,,,,,,,OL,Boston College,,,,,,,,,,,,,,,,,,,,,,,,,,,,,,,,,23.0,,0.0
Quincy Black,,TAM,3,68,2007,New Mexico,2005,2005,11.0,,,,,,,,,,,,,,LB,New Mexico,,,,,,,,,,,,,,,,1.5,29.0,34.0,63.0,3.5,0.1363636363636363,2.636363636363636,3.090909090909091,5.7272727272727275,0.3181818181818182,,,,,,,,23.0,18.0,18.0
Quincy Black,,TAM,3,68,2007,New Mexico,2006,2006,13.0,,,,,,,,,,,,,,DB,New Mexico,,,,,,,,,,,,,,,,,,,,,,,,,,3.0,138.0,1.0,,0.2307692307692307,,,23.0,18.0,18.0
Buster Davis,,CRD,3,69,2007,Florida State,2005,2006,26.0,,,,,,,,,,,,,,LB,Florida State,,,,,,,,,,,,,,,,7.0,95.0,105.0,200.0,18.5,0.2692307692307692,3.6538461538461537,4.038461538461538,7.6923076923076925,0.7115384615384616,,,,,,,,23.0,,2.0
Ryan Harris,,DEN,3,70,2007,Notre Dame,2004,2005,24.0,,,,,,,,,,,,,,OL,Notre Dame,,,,,,,,,,,,,,,,,,,,,,,,,,,,,,,,5.666666666666667,22.0,23.0,33.0
Lorenzo Booker,,MIA,3,71,2007,Florida State,2003,2006,48.0,,,,,,,,,,,,,,RB,Florida State,497.0,2389.0,4.8,15.0,114.0,995.0,8.7,2.0,49.8,20.7,,,,,,,,,,,,,,,,,,,,,,,23.0,3.0,4.0
Marcus McCauley,,MIN,3,72,2007,Fresno State,2004,2006,37.0,,,,,,,,,,,,,,DB,Fresno State,,,,,,,,,,,,,,,,,,,,,,,,,,4.0,78.0,1.0,,0.1081081081081081,,,24.0,4.0,4.0
Yamon Figurs,,RAV,3,74,2007,Kansas State,2004,2006,34.0,,,,,,,,,,,,,,WR,Kansas State,,,,,,,,,,,33.6,73.0,1144.0,15.7,6.0,,,,,,,,,,,,,,,,,,24.0,2.0,2.0
Jason Hill,,SFO,3,76,2007,Washington State,2003,2006,43.0,,,,,,,,,,,,,,WR,Washington State,,,,,,,,,,,62.9,148.0,2704.0,18.3,32.0,,,,,,,,,,,,,,,,,,22.0,4.0,9.0
Matt Spaeth,,PIT,3,77,2007,Minnesota,2003,2006,47.0,,,,,,,,,,,,,,TE,Minnesota,,,,,,,,,,,27.5,109.0,1293.0,11.9,12.0,,,,,,,,,,,,,,,,,,23.0,2.0,2.0
James Jones,,GNB,3,78,2007,San Jose State,2003,2006,44.0,,,,,,,,,,,,,,WR,San Jose State,,,,,,,,,,,34.0,126.0,1496.0,11.9,12.0,,,,,,,,,,,,,,,,,-7.030434782608695,23.0,43.0,46.0
Mike Walker,,JAX,3,79,2007,UCF,2003,2006,35.0,,,,,,,,,,,,,,WR,UCF,,,,,,,,,,,67.7,175.0,2370.0,13.5,16.0,,,,,,,,,,,,,,,,,,22.0,16.0,16.0
Mike Walker,,JAX,3,79,2007,UCF,2004,2004,11.0,,,,,,,,,,,,,,DB,UCF,,,,,,,,,,,,,,,,,,,,,,,,,,3.0,71.0,0.0,,0.2727272727272727,,,22.0,16.0,16.0
Paul Williams,,OTI,3,80,2007,Fresno State,2003,2006,38.0,,,,,,,,,,,,,,WR,Fresno State,,,,,,,,,,,27.6,72.0,1048.0,14.6,8.0,,,,,,,,,,,,,,,,,,23.0,0.0,0.0
Jay Alford,,NYG,3,81,2007,Penn State,2003,2006,35.0,,,,,,,,,,,,,,DL,Penn State,,,,,,,,,,,,,,,,16.5,39.0,30.0,69.0,26.0,0.4714285714285714,1.1142857142857143,0.8571428571428571,1.9714285714285715,0.7428571428571429,,,,,,,,24.0,4.0,4.0
Charles Johnson,,CAR,3,83,2007,Georgia,2005,2006,26.0,,,,,,,,,,,,,,DL,Georgia,,,,,,,,,,,,,,,,13.5,51.0,16.0,67.0,27.5,0.5192307692307693,1.9615384615384617,0.6153846153846154,2.576923076923077,1.0576923076923077,,,,,,,,21.0,47.0,47.0
Jonathan Wade,,RAM,3,84,2007,Tennessee,2002,2003,14.0,,,,,,,,,,,,,,WR,Tennessee,,,,,,,,,,,6.4,9.0,89.0,9.9,0.0,,,,,,,,,,,,,,,,,,23.0,4.0,7.0
Jonathan Wade,,RAM,3,84,2007,Tennessee,2005,2006,24.0,,,,,,,,,,,,,,DB,Tennessee,,,,,,,,,,,,,,,,,,,,,,,,,,6.0,112.0,1.0,,0.25,,,23.0,4.0,7.0
Brandon Mebane,,SEA,3,85,2007,California,2005,2006,25.0,,,,,,,,,,,,,,DL,California,,,,,,,,,,,,,,,,11.0,39.0,42.0,81.0,19.5,0.44,1.56,1.68,3.24,0.78,,,,,,,,22.0,50.0,63.0
Marshal Yanda,,RAV,3,86,2007,Iowa,2006,2006,13.0,,,,,,,,,,,,,,OL,Iowa,,,,,,,,,,,,,,,,,,,,,,,,,,,,,,,,,22.0,92.0,92.0
Stewart Bradley,,PHI,3,87,2007,Nebraska,2005,2006,20.0,,,,,,,,,,,,,,LB,Nebraska,,,,,,,,,,,,,,,,4.0,53.0,48.0,101.0,9.0,0.2,2.65,2.4,5.05,0.45,,,,,,,,23.0,17.0,19.0
Aaron Rouse,,GNB,3,89,2007,Virginia Tech,2005,2006,26.0,,,,,,,,,,,,,,LB,Virginia Tech,,,,,,,,,,,,,,,,0.0,59.0,75.0,134.0,6.5,0.0,2.269230769230769,2.8846153846153846,5.153846153846154,0.25,,,,,,,,23.0,5.0,8.0
Tony Hunt,,PHI,3,90,2007,Penn State,2003,2006,45.0,,,,,,,,,,,,,,RB,Penn State,654.0,3320.0,5.1,25.0,88.0,799.0,9.1,3.0,73.8,17.8,,,,,,,,,,,,,,,,,,,,,,,21.0,0.0,0.0
Trent Edwards,115.1,BUF,3,92,2007,Stanford,2003,2006,35.0,487.0,865.0,378.0,56.3,5429.0,36.0,33.0,4.2,3.8,6.3,5.39,11.1,155.1,QB,Stanford,,,,,,,,,,,,,,,,,,,,,,,,,,,,,,,,,23.0,15.0,16.0
Garrett Wolfe,,CHI,3,93,2007,Northern Illinois,2004,2006,33.0,,,,,,,,,,,,,,RB,Northern Illinois,807.0,5164.0,6.4,52.0,58.0,588.0,10.1,5.0,156.5,17.8,,,,,,,,,,,,,,,,,,,,,,,23.0,2.0,2.0
Anthony Waters,,SDG,3,96,2007,Clemson,2005,2006,13.0,,,,,,,,,,,,,,LB,Clemson,,,,,,,,,,,,,,,,1.5,67.0,38.0,105.0,12.5,0.1153846153846153,5.153846153846154,2.923076923076923,8.076923076923077,0.9615384615384616,,,,,,,,23.0,1.0,2.0
Ray McDonald,,SFO,3,97,2007,Florida,2005,2006,22.0,,,,,,,,,,,,,,DL,Florida,,,,,,,,,,,,,,,,4.0,26.0,18.0,44.0,7.5,0.1818181818181818,1.181818181818182,0.8181818181818182,2.0,0.3409090909090909,,,,,,,,22.0,35.0,35.0
Quinn Pitcock,,CLT,3,98,2007,Ohio State,2004,2006,36.0,,,,,,,,,,,,,,DL,Ohio State,,,,,,,,,,,,,,,,9.0,35.0,32.0,67.0,15.0,0.25,0.9722222222222222,0.8888888888888888,1.8611111111111112,0.4166666666666667,,,,,,,,23.0,1.0,1.0
Johnnie Lee Higgins Jr.,,RAI,3,99,2007,UTEP,2003,2006,49.0,,,,,,,,,,,,,,WR,UTEP,,,,,,,,,,,65.7,190.0,3218.0,16.9,32.0,,,,,,,,,,,,,,,,,,23.0,9.0,9.0
Michael Bush,188.9,RAI,4,100,2007,Louisville,2003,2004,25.0,5.0,13.0,8.0,38.5,115.0,3.0,0.0,23.1,0.0,8.8,13.46,23.0,4.6,QB,Louisville,,,,,,,,,,,,,,,,,,,,,,,,,,,,,,,,,23.0,21.0,25.0
Michael Bush,,RAI,4,100,2007,Louisville,2005,2006,11.0,,,,,,,,,,,,,,RB,Louisville,222.0,1271.0,5.7,26.0,22.0,256.0,11.6,1.0,115.5,23.3,,,,,,,,,,,,,,,,,,,,,,,23.0,21.0,25.0
Brian Robison,,MIN,4,102,2007,Texas,2004,2006,36.0,,,,,,,,,,,,,,DL,Texas,,,,,,,,,,,,,,,,11.0,41.0,20.0,61.0,21.0,0.3055555555555556,1.1388888888888888,0.5555555555555556,1.6944444444444444,0.5833333333333334,,,,,,,,24.0,46.0,46.0
Isaiah Stanback,122.9,DAL,4,103,2007,Washington,2003,2006,36.0,269.0,523.0,254.0,51.4,3868.0,22.0,12.0,4.2,2.3,7.4,7.2,14.4,107.4,QB,Washington,,,,,,,,,,,,,,,,,,,,,,,,,,,,,,,,,23.0,0.0,0.0
Tanard Jackson,,TAM,4,106,2007,Syracuse,2004,2006,34.0,,,,,,,,,,,,,,DB,Syracuse,,,,,,,,,,,,,,,,,,,,,,,,,,5.0,43.0,0.0,,0.1470588235294117,,,22.0,24.0,24.0
Antonio Pittman,,NOR,4,107,2007,Ohio State,2004,2006,36.0,,,,,,,,,,,,,,RB,Ohio State,557.0,2945.0,5.3,22.0,37.0,314.0,8.5,0.0,81.8,8.7,,,,,,,,,,,,,,,,,,,,,,,21.0,,3.0
Paul Soliai,,MIA,4,108,2007,Utah,2005,2006,23.0,,,,,,,,,,,,,,DL,Utah,,,,,,,,,,,,,,,,3.0,13.0,28.0,41.0,5.0,0.1304347826086956,0.5652173913043478,1.2173913043478262,1.7826086956521738,0.217391304347826,,,,,,,,23.0,32.0,41.0
Stephen Nicholas,,ATL,4,109,2007,South Florida,2005,2006,25.0,,,,,,,,,,,,,,LB,South Florida,,,,,,,,,,,,,,,,14.5,120.0,48.0,168.0,31.0,0.58,4.8,1.92,6.72,1.24,,,,,,,,24.0,27.0,27.0
John Bowie,,RAI,4,110,2007,Cincinnati,2005,2006,15.0,,,,,,,,,,,,,,DB,Cincinnati,,,,,,,,,,,,,,,,,,,,,,,,,,2.0,49.0,1.0,,0.1333333333333333,,,23.0,0.0,0.0
Dwayne Wright,,BUF,4,111,2007,Fresno State,2003,2006,30.0,,,,,,,,,,,,,,RB,Fresno State,501.0,2683.0,5.4,16.0,51.0,429.0,8.4,2.0,89.4,14.3,,,,,,,,,,,,,,,,,,,,,,,24.0,1.0,1.0
Daniel Sepulveda,,PIT,4,112,2007,Baylor,2003,2003,12.0,,,,,,,,,,,,,,LB,Baylor,,,,,,,,,,,,,,,,,,,,,,,,,,,,,,,,,23.0,7.0,7.0
Marvin White,,CIN,4,114,2007,Texas Christian,2005,2006,25.0,,,,,,,,,,,,,,DB,Texas Christian,,,,,,,,,,,,,,,,,,,,,,,,,,7.0,82.0,0.0,,0.28,,,23.0,6.0,8.0
Manuel Ramirez,,DET,4,117,2007,Texas Tech,2005,2005,12.0,,,,,,,,,,,,,,OL,Texas Tech,,,,,,,,,,,,,,,,,,,,,,,,,,,,,,,,,24.0,8.0,33.0
Ryne Robinson,,CAR,4,118,2007,Miami (OH),2003,2006,50.0,,,,,,,,,,,,,,WR,Miami (OH),,,,,,,,,,,73.9,258.0,3697.0,14.3,22.0,,,,,,,,,,,,,,,,,,22.0,0.0,0.0
Baraka Atkins,,SEA,4,120,2007,Miami (FL),2004,2006,37.0,,,,,,,,,,,,,,DL,Miami (FL),,,,,,,,,,,,,,,,7.0,36.0,36.0,72.0,17.0,0.1891891891891892,0.972972972972973,0.972972972972973,1.945945945945946,0.4594594594594595,,,,,,,,22.0,2.0,2.0
Marcus Thomas,,DEN,4,121,2007,Florida,2005,2006,17.0,,,,,,,,,,,,,,DL,Florida,,,,,,,,,,,,,,,,8.0,37.0,34.0,71.0,16.0,0.4705882352941176,2.176470588235294,2.0,4.176470588235294,0.9411764705882352,,,,,,,-4.9222222222222225,21.0,14.0,14.0
Fred Bennett,,HTX,4,123,2007,South Carolina,2004,2006,36.0,,,,,,,,,,,,,,DB,South Carolina,,,,,,,,,,,,,,,,,,,,,,,,,,9.0,43.0,0.0,,0.25,,,23.0,7.0,7.0
Mansfield Wrotto,,SEA,4,124,2007,Georgia Tech,2006,2006,14.0,,,,,,,,,,,,,,OL,Georgia Tech,,,,,,,,,,,,,,,,,,,,,,,,,,,,,,,,,22.0,3.0,6.0
Mansfield Wrotto,,SEA,4,124,2007,Georgia Tech,2005,2005,12.0,,,,,,,,,,,,,,DL,Georgia Tech,,,,,,,,,,,,,,,,3.0,6.0,7.0,13.0,4.0,0.25,0.5,0.5833333333333334,1.0833333333333333,0.3333333333333333,,,,,,,,22.0,3.0,6.0
Dashon Goldson,,SFO,4,126,2007,Washington,2004,2006,33.0,,,,,,,,,,,,,,DB,Washington,,,,,,,,,,,,,,,,,,,,,,,,,,4.0,82.0,1.0,,0.1212121212121212,,,22.0,30.0,41.0
Kareem Brown,,NWE,4,127,2007,Miami (FL),2004,2006,37.0,,,,,,,,,,,,,,DL,Miami (FL),,,,,,,,,,,,,,,,14.0,44.0,33.0,77.0,23.5,0.3783783783783784,1.1891891891891893,0.8918918918918919,2.081081081081081,0.6351351351351351,,,,,,,,24.0,,0.0
Chris Davis,,OTI,4,128,2007,Florida State,2003,2006,51.0,,,,,,,,,,,,,,WR,Florida State,,,,,,,,,,,36.1,137.0,1842.0,13.4,12.0,,,,,,,,,,,,,,,,,13.857142857142858,23.0,0.0,0.0
Scott Chandler,,SDG,4,129,2007,Iowa,2004,2006,37.0,,,,,,,,,,,,,,WR,Iowa,,,,,,,,,,,39.6,117.0,1467.0,12.5,10.0,,,,,,,,,,,,,,,,,,22.0,0.0,18.0
Josh Beekman,,CHI,4,130,2007,Boston College,2005,2006,19.0,,,,,,,,,,,,,,OL,Boston College,,,,,,,,,,,,,,,,,,,,,,,,,,,,,,,,,24.0,10.0,10.0
Brannon Condren,,CLT,4,131,2007,Troy,2005,2006,24.0,,,,,,,,,,,,,,DB,Troy,,,,,,,,,,,,,,,,,,,,,,,,,,2.0,0.0,0.0,4.0,0.0833333333333333,0.1666666666666666,,24.0,1.0,1.0
Ryan McBean,,PIT,4,132,2007,Oklahoma State,2006,2006,13.0,,,,,,,,,,,,,,DL,Oklahoma State,,,,,,,,,,,,,,,,4.5,12.0,13.0,25.0,7.0,0.3461538461538461,0.9230769230769232,1.0,1.9230769230769231,0.5384615384615384,,,,,,,,23.0,0.0,11.0
Martrez Milner,,ATL,4,133,2007,Georgia,2003,2006,48.0,,,,,,,,,,,,,,TE,Georgia,,,,,,,,,,,16.8,49.0,808.0,16.5,5.0,,,,,,,,,,,,,,,,,,23.0,0.0,0.0
Antwan Barnes,,RAV,4,134,2007,Florida International,2005,2006,23.0,,,,,,,,,,,,,,LB,Florida International,,,,,,,,,,,,,,,,15.5,69.0,45.0,114.0,38.0,0.6739130434782609,3.0,1.9565217391304348,4.956521739130435,1.6521739130434785,,,,,,,,22.0,3.0,7.0
Joe Cohen,,SFO,4,135,2007,Florida,2003,2003,11.0,,,,,,,,,,,,,,RB,Florida,1.0,0.0,0.0,0.0,0.0,0.0,,0.0,0.0,0.0,,,,,,,,,,,,,,,,,,,,,,,23.0,,0.0
Joe Cohen,,SFO,4,135,2007,Florida,2005,2006,26.0,,,,,,,,,,,,,,DL,Florida,,,,,,,,,,,,,,,,1.5,21.0,20.0,41.0,6.0,0.0576923076923076,0.8076923076923077,0.7692307692307693,1.5769230769230769,0.2307692307692307,,,,,,,,23.0,,0.0
Clint Session,,CLT,4,136,2007,Pitt,2004,2006,31.0,,,,,,,,,,,,,,LB,Pitt,,,,,,,,,,,,,,,,1.0,86.0,43.0,129.0,14.0,0.032258064516129,2.774193548387097,1.3870967741935485,4.161290322580645,0.4516129032258064,,,,,,,,22.0,17.0,20.0
Le'Ron McClain,,RAV,4,137,2007,Alabama,2003,2006,48.0,,,,,,,,,,,,,,RB,Alabama,37.0,170.0,4.6,2.0,48.0,405.0,8.4,8.0,3.5,8.4,,,,,,,,,,,,,,,,,,,,,,,22.0,12.0,13.0
Jay Richardson,,RAI,5,138,2007,Ohio State,2005,2006,25.0,,,,,,,,,,,,,,DL,Ohio State,,,,,,,,,,,,,,,,6.0,20.0,16.0,36.0,10.5,0.24,0.8,0.64,1.44,0.42,,,,,,,,23.0,11.0,12.0
Brandon McDonald,,CLE,5,140,2007,Memphis,2005,2006,24.0,,,,,,,,,,,,,,DB,Memphis,,,,,,,,,,,,,,,,,,,,,,,,,,7.0,158.0,0.0,,0.2916666666666667,,,22.0,13.0,15.0
Steve Breaston,,CRD,5,142,2007,Michigan,2003,2006,48.0,,,,,,,,,,,,,,WR,Michigan,,,,,,,,,,,35.3,156.0,1696.0,10.9,10.0,,,,,,,,,,,,,,,,,,24.0,22.0,26.0
Brandon Harrison,,HTX,5,144,2007,Stanford,2004,2006,34.0,,,,,,,,,,,,,,DB,Stanford,,,,,,,,,,,,,,,,,,,,,,,,,,5.0,15.0,0.0,,0.1470588235294117,,,22.0,2.0,2.0
Aundrae Allison,,MIN,5,146,2007,East Carolina,2005,2006,22.0,,,,,,,,,,,,,,WR,East Carolina,,,,,,,,,,,78.7,145.0,1732.0,11.9,11.0,,,,,,,,,,,,,,,,,,21.0,3.0,3.0
Tarell Brown,,SFO,5,147,2007,Texas,2003,2006,45.0,,,,,,,,,,,,,,DB,Texas,,,,,,,,,,,,,,,,,,,,,,,,,,3.0,42.0,0.0,,0.0666666666666666,,,22.0,18.0,24.0
Kolby Smith,,KAN,5,148,2007,Louisville,2003,2006,46.0,,,,,,,,,,,,,,RB,Louisville,316.0,1863.0,5.9,18.0,56.0,581.0,10.4,2.0,40.5,12.6,,,,,,,,,,,,,,,,,,,,,,,22.0,4.0,4.0
Josh Gattis,,JAX,5,150,2007,Wake Forest,2003,2006,48.0,,,,,,,,,,,,,,DB,Wake Forest,,,,,,,,,,,,,,,,,,,,,,,,,,12.0,169.0,2.0,,0.25,,,23.0,,0.0
Jeff Rowe,129.9,CIN,5,151,2007,Nevada,2002,2006,45.0,682.0,1122.0,440.0,60.8,7862.0,55.0,33.0,4.9,2.9,7.0,6.66,11.5,174.7,QB,Nevada,,,,,,,,,,,,,,,,,,,,,,,,,,,,,,,,,23.0,,
Antonio Johnson,,OTI,5,152,2007,Mississippi State,2005,2006,23.0,,,,,,,,,,,,,,DL,Mississippi State,,,,,,,,,,,,,,,,2.0,16.0,20.0,36.0,7.0,0.0869565217391304,0.6956521739130435,0.8695652173913043,1.565217391304348,0.3043478260869565,,,,,,,6.065217391304348,22.0,3.0,21.0
Clifton Ryan,,RAM,5,154,2007,Michigan State,2005,2006,23.0,,,,,,,,,,,,,,LB,Michigan State,,,,,,,,,,,,,,,,7.0,42.0,17.0,59.0,10.0,0.3043478260869565,1.826086956521739,0.7391304347826086,2.5652173913043477,0.4347826086956521,,,,,,,,23.0,13.0,13.0
Dante Rosario,,CAR,5,155,2007,Oregon,2003,2004,24.0,,,,,,,,,,,,,,RB,Oregon,27.0,84.0,3.1,2.0,37.0,409.0,11.1,8.0,3.5,17.0,,,,,,,,,,,,,,,,,,,,,,,22.0,7.0,9.0
Dante Rosario,,CAR,5,155,2007,Oregon,2005,2006,25.0,,,,,,,,,,,,,,TE,Oregon,,,,,,,,,,,23.8,57.0,594.0,10.4,3.0,,,,,,,,,,,,,,,,,,22.0,7.0,9.0
David Clowney,,GNB,5,157,2007,Virginia Tech,2003,2006,49.0,,,,,,,,,,,,,,WR,Virginia Tech,,,,,,,,,,,28.0,93.0,1373.0,14.8,6.0,,,,,,,,,,,,,,,,,,22.0,,3.0
Will Herring,,SEA,5,161,2007,Auburn,2006,2006,13.0,,,,,,,,,,,,,,LB,Auburn,,,,,,,,,,,,,,,,1.5,45.0,27.0,72.0,9.5,0.1153846153846153,3.4615384615384617,2.076923076923077,5.538461538461538,0.7307692307692307,,,,,,,,24.0,7.0,10.0
Will Herring,,SEA,5,161,2007,Auburn,2003,2005,38.0,,,,,,,,,,,,,,DB,Auburn,,,,,,,,,,,,,,,,,,,,,,,,,,6.0,-2.0,0.0,1.0,0.1578947368421052,0.0263157894736842,,24.0,7.0,10.0
Brent Celek,,PHI,5,162,2007,Cincinnati,2003,2006,47.0,,,,,,,,,,,,,,TE,Cincinnati,,,,,,,,,,,24.1,91.0,1135.0,12.5,14.0,,,,,,,,,,,,,,,,,,22.0,35.0,35.0
Tim Shaw,,CAR,5,164,2007,Penn State,2002,2006,46.0,,,,,,,,,,,,,,LB,Penn State,,,,,,,,,,,,,,,,11.5,69.0,51.0,120.0,14.5,0.25,1.5,1.108695652173913,2.608695652173913,0.3152173913043478,,,,,,,,23.0,1.0,6.0
Eric Frampton,,RAI,5,165,2007,Washington State,2005,2006,23.0,,,,,,,,,,,,,,DB,Washington State,,,,,,,,,,,,,,,,,,,,,,,,,,6.0,86.0,2.0,,0.2608695652173913,,,23.0,,5.0
Derek Landri,,JAX,5,166,2007,Notre Dame,2005,2006,25.0,,,,,,,,,,,,,,DL,Notre Dame,,,,,,,,,,,,,,,,10.0,50.0,58.0,108.0,23.5,0.4,2.0,2.32,4.32,0.94,,,,,,,,23.0,2.0,15.0
Kevin Payne,,CHI,5,167,2007,Louisiana-Monroe,2003,2004,20.0,,,,,,,,,,,,,,RB,Louisiana-Monroe,322.0,1237.0,3.8,8.0,53.0,591.0,11.2,4.0,61.9,29.6,,,,,,,,,,,,,,,,,,,,,,,23.0,10.0,10.0
Kevin Payne,,CHI,5,167,2007,Louisiana-Monroe,2005,2006,23.0,,,,,,,,,,,,,,DB,Louisiana-Monroe,,,,,,,,,,,,,,,,,,,,,,,,,,6.0,56.0,0.0,,0.2608695652173913,,,23.0,10.0,10.0
Roy Hall,,CLT,5,169,2007,Ohio State,2003,2006,45.0,,,,,,,,,,,,,,WR,Ohio State,,,,,,,,,,,12.9,52.0,580.0,11.2,3.0,,,,,,,,,,,,,,,,,,23.0,0.0,0.0
William Gay,,PIT,5,170,2007,Louisville,2003,2006,34.0,,,,,,,,,,,,,,DB,Louisville,,,,,,,,,,,,,,,,,,,,,,,,,,7.0,70.0,0.0,3.0,0.2058823529411764,0.088235294117647,,22.0,35.0,41.0
Clint Oldenburg,,NWE,5,171,2007,Colorado State,2005,2006,22.0,,,,,,,,,,,,,,OL,Colorado State,,,,,,,,,,,,,,,,,,,,,,,,,,,,,,,,,23.0,,0.0
Legedu Naanee,25.4,SDG,5,172,2007,Boise State,2003,2004,23.0,1.0,5.0,4.0,20.0,27.0,0.0,1.0,0.0,20.0,5.4,-3.6,27.0,1.2,QB,Boise State,,,,,,,,,,,,,,,,,,,,,,,,,,,,,,,,,23.0,8.0,13.0
Legedu Naanee,,SDG,5,172,2007,Boise State,2005,2006,26.0,,,,,,,,,,,,,,WR,Boise State,,,,,,,,,,,39.4,69.0,1024.0,14.8,12.0,,,,,,,,,,,,,,,,,,23.0,8.0,13.0
Troy Smith,157.1,RAV,5,174,2007,Ohio State,2003,2006,43.0,420.0,670.0,250.0,62.7,5720.0,54.0,13.0,8.1,1.9,8.5,9.28,13.6,133.0,QB,Ohio State,,,,,,,,,,,,,,,,,,,,,,,,,,,,,,,,,23.0,2.0,6.0
Oren O'Neal,,RAI,6,175,2007,Arkansas State,2003,2006,43.0,,,,,,,,,,,,,,RB,Arkansas State,57.0,281.0,4.9,4.0,17.0,122.0,7.2,3.0,6.5,2.8,,,,,,,,,,,,,,,,,,,,,,,23.0,0.0,0.0
Rufus Alexander,,MIN,6,176,2007,Oklahoma,2004,2006,39.0,,,,,,,,,,,,,,LB,Oklahoma,,,,,,,,,,,,,,,,8.5,131.0,89.0,220.0,26.5,0.2179487179487179,3.358974358974359,2.282051282051282,5.641025641025641,0.6794871794871795,,,,,,,,24.0,0.0,0.0
H.B. Blades,,WAS,6,179,2007,Pitt,2003,2006,48.0,,,,,,,,,,,,,,LB,Pitt,,,,,,,,,,,,,,,,2.0,153.0,115.0,268.0,14.0,0.0416666666666666,3.1875,2.3958333333333335,5.583333333333333,0.2916666666666667,,,,,,,,22.0,9.0,9.0
Justin Rogers,,NWE,6,180,2007,SMU,2004,2006,32.0,,,,,,,,,,,,,,DL,SMU,,,,,,,,,,,,,,,,16.5,83.0,40.0,123.0,25.5,0.515625,2.59375,1.25,3.84375,0.796875,,,,,,,-16.246913580246915,24.0,,2.0
Reagan Mauia,,MIA,6,181,2007,Hawaii,2006,2006,13.0,,,,,,,,,,,,,,RB,Hawaii,31.0,153.0,4.9,2.0,10.0,109.0,10.9,1.0,11.8,8.4,,,,,,,,,,,,,,,,,,,,,,,23.0,0.0,0.0
Reagan Mauia,,MIA,6,181,2007,Hawaii,2005,2005,6.0,,,,,,,,,,,,,,DL,Hawaii,,,,,,,,,,,,,,,,0.0,1.0,0.0,1.0,0.0,0.0,0.1666666666666666,0.0,0.1666666666666666,0.0,,,,,,,,23.0,0.0,0.0
John Wendling,,BUF,6,184,2007,Wyoming,2004,2006,35.0,,,,,,,,,,,,,,DB,Wyoming,,,,,,,,,,,,,,,,,,,,,,,,,,7.0,24.0,0.0,,0.2,,,24.0,3.0,7.0
Korey Hall,,GNB,6,191,2007,Boise State,2004,2006,38.0,,,,,,,,,,,,,,LB,Boise State,,,,,,,,,,,,,,,,5.0,108.0,109.0,217.0,12.0,0.131578947368421,2.8421052631578947,2.8684210526315788,5.7105263157894735,0.3157894736842105,,,,,,,,24.0,0.0,0.0
Desmond Bishop,,GNB,6,192,2007,California,2005,2006,25.0,,,,,,,,,,,,,,LB,California,,,,,,,,,,,,,,,,3.0,127.0,88.0,215.0,21.0,0.12,5.08,3.52,8.6,0.84,,,,,,,,23.0,17.0,18.0
David Irons,,ATL,6,194,2007,Auburn,2005,2006,25.0,,,,,,,,,,,,,,DB,Auburn,,,,,,,,,,,,,,,,,,,,,,,,,,2.0,0.0,0.0,11.0,0.08,0.44,,24.0,1.0,1.0
Deon Anderson,,DAL,6,195,2007,Connecticut,2006,2006,11.0,,,,,,,,,,,,,,RB,Connecticut,23.0,78.0,3.4,0.0,14.0,101.0,7.2,2.0,7.1,9.2,,,,,,,,,,,,,,,,,,,,,,,24.0,1.0,1.0
Deon Anderson,,DAL,6,195,2007,Connecticut,2002,2004,36.0,,,,,,,,,,,,,,LB,Connecticut,,,,,,,,,,,,,,,,,,,,,,,,,,,,,,,,,24.0,1.0,1.0
Herbert Taylor,,KAN,6,196,2007,Texas Christian,2005,2005,12.0,,,,,,,,,,,,,,OL,Texas Christian,,,,,,,,,,,,,,,,,,,,,,,,,,,,,,,,,22.0,1.0,2.0
Courtney Taylor,,SEA,6,197,2007,Auburn,2003,2006,50.0,,,,,,,,,,,,,,WR,Auburn,,,,,,,,,,,42.0,153.0,2098.0,13.7,9.0,,,,,,,,,,,,,,,,,,23.0,1.0,1.0
Mike Richardson,,NWE,6,202,2007,Notre Dame,2004,2006,37.0,,,,,,,,,,,,,,DB,Notre Dame,,,,,,,,,,,,,,,,,,,,,,,,,,8.0,69.0,0.0,,0.2162162162162162,,,23.0,1.0,2.0
Jordan Palmer,136.3,WAS,6,205,2007,UTEP,2003,2006,46.0,851.0,1427.0,576.0,59.6,11084.0,88.0,64.0,6.2,4.5,7.8,6.98,13.0,241.0,QB,UTEP,,,,,,,,,,,,,,,,,,,,,,,,,,,,,,,,,23.0,,0.0
Prescott Burgess,,RAV,6,207,2007,Michigan,2004,2006,35.0,,,,,,,,,,,,,,LB,Michigan,,,,,,,,,,,,,,,,4.0,80.0,49.0,129.0,10.5,0.1142857142857142,2.2857142857142856,1.4,3.6857142857142855,0.3,,,,,,,,23.0,2.0,2.0
Corey Hilliard,,NWE,6,209,2007,Oklahoma State,2006,2006,13.0,,,,,,,,,,,,,,OL,Oklahoma State,,,,,,,,,,,,,,,,,,,,,,,,,,,,,,,,,22.0,,9.0
Jordan Kent,,SEA,6,210,2007,Oregon,2005,2006,21.0,,,,,,,,,,,,,,WR,Oregon,,,,,,,,,,,28.8,47.0,605.0,12.9,5.0,,,,,,,,,,,,,,,,,,23.0,0.0,0.0
Ben Patrick,,CRD,7,215,2007,,2003,2005,31.0,,,,,,,,,,,,,,TE,Duke,,,,,,,,,,,25.2,79.0,781.0,9.9,2.0,,,,,,,,,,,,,,,,,,23.0,4.0,4.0
Zach Diles,,HTX,7,218,2007,Kansas State,2005,2006,24.0,,,,,,,,,,,,,,LB,Kansas State,,,,,,,,,,,,,,,,5.5,80.0,69.0,149.0,12.0,0.2291666666666666,3.3333333333333335,2.875,6.208333333333333,0.5,,,,,,,,22.0,14.0,15.0
Kelvin Smith,,MIA,7,219,2007,Syracuse,2003,2006,47.0,,,,,,,,,,,,,,LB,Syracuse,,,,,,,,,,,,,,,,4.5,107.0,92.0,199.0,11.5,0.0957446808510638,2.276595744680851,1.9574468085106385,4.23404255319149,0.2446808510638297,,,,,,,-5.1863636363636365,23.0,0.0,0.0
Marvin Mitchell,,NOR,7,220,2007,Tennessee,2002,2006,40.0,,,,,,,,,,,,,,LB,Tennessee,,,,,,,,,,,,,,,,1.0,95.0,31.0,126.0,13.5,0.025,2.375,0.775,3.15,0.3375,,,,,,,,22.0,5.0,12.0
Trumaine McBride,,CHI,7,221,2007,Ole Miss,2004,2006,34.0,,,,,,,,,,,,,,DB,Ole Miss,,,,,,,,,,,,,,,,,,,,,,,,,,4.0,101.0,1.0,9.0,0.1176470588235294,0.2647058823529412,,21.0,6.0,14.0
Derek Schouman,,BUF,7,222,2007,Boise State,2003,2006,45.0,,,,,,,,,,,,,,TE,Boise State,,,,,,,,,,,22.4,78.0,1009.0,12.9,11.0,,,,,,,,,,,,,,,,,,22.0,2.0,2.0
Michael Johnson,,NYG,7,224,2007,Arizona,2005,2006,21.0,,,,,,,,,,,,,,DB,Arizona,,,,,,,,,,,,,,,,,,,,,,,,,,5.0,45.0,1.0,,0.238095238095238,,-5.7968253968253975,23.0,14.0,14.0
C.J. Wilson,,CAR,7,226,2007,Baylor,2005,2006,23.0,,,,,,,,,,,,,,DB,Baylor,,,,,,,,,,,,,,,,,,,,,,,,,,9.0,152.0,1.0,,0.391304347826087,,2.3851851851851853,22.0,1.0,1.0
Dallas Baker,,PIT,7,227,2007,Florida,2003,2006,51.0,,,,,,,,,,,,,,WR,Florida,,,,,,,,,,,43.8,151.0,2236.0,14.8,21.0,,,,,,,,,,,,,,,,,,24.0,0.0,0.0
Deshawn Wynn,,GNB,7,228,2007,Florida,2003,2006,46.0,,,,,,,,,,,,,,RB,Florida,446.0,2077.0,4.7,25.0,35.0,376.0,10.7,3.0,45.2,8.2,,,,,,,,,,,,,,,,,,,,,,,23.0,3.0,3.0
John Broussard,,JAX,7,229,2007,San Jose State,2003,2006,46.0,,,,,,,,,,,,,,WR,San Jose State,,,,,,,,,,,34.0,103.0,1566.0,15.2,13.0,,,,,,,,,,,,,,,,,,23.0,2.0,2.0
Dan Santucci,,CIN,7,230,2007,Notre Dame,2005,2005,12.0,,,,,,,,,,,,,,OL,Notre Dame,,,,,,,,,,,,,,,,,,,,,,,,,,,,,,,,,24.0,0.0,0.0
Steve Vallos,,SEA,7,232,2007,Wake Forest,2005,2005,11.0,,,,,,,,,,,,,,OL,Wake Forest,,,,,,,,,,,,,,,,,,,,,,,,,,,,,,,,,23.0,5.0,7.0
Syndric Steptoe,,CLE,7,234,2007,Arizona,2003,2006,44.0,,,,,,,,,,,,,,WR,Arizona,,,,,,,,,,,36.0,131.0,1584.0,12.1,6.0,,,,,,,,,,,,,,,,,,22.0,1.0,1.0
Chansi Stuckey,122.6,NYJ,7,235,2007,Clemson,2003,2003,7.0,11.0,21.0,10.0,52.4,97.0,2.0,0.0,9.5,0.0,4.6,6.52,8.8,13.9,QB,Clemson,,,,,,,,,,,,,,,,,,,,,,,,,,,,,,,,,23.0,5.0,10.0
Chansi Stuckey,,NYJ,7,235,2007,Clemson,2004,2006,31.0,,,,,,,,,,,,,,WR,Clemson,,,,,,,,,,,56.5,139.0,1750.0,12.6,7.0,,,,,,,,,,,,,,,,,,23.0,5.0,10.0
Alan Ball,,DAL,7,237,2007,Illinois,2005,2006,23.0,,,,,,,,,,,,,,DB,Illinois,,,,,,,,,,,,,,,,,,,,,,,,,,2.0,0.0,0.0,,0.0869565217391304,,,22.0,9.0,19.0
C.J. Ah You,,BUF,7,239,2007,Oklahoma,2005,2006,26.0,,,,,,,,,,,,,,DL,Oklahoma,,,,,,,,,,,,,,,,10.5,53.0,33.0,86.0,18.5,0.4038461538461538,2.0384615384615383,1.2692307692307692,3.3076923076923075,0.7115384615384616,,,,,,,,25.0,,4.0
Brandon Siler,,SDG,7,240,2007,Florida,2005,2006,25.0,,,,,,,,,,,,,,LB,Florida,,,,,,,,,,,,,,,,7.0,86.0,55.0,141.0,19.0,0.28,3.44,2.2,5.64,0.76,,,,,,,,21.0,10.0,12.0
Keyunta Dawson,,CLT,7,242,2007,Texas Tech,2003,2006,38.0,,,,,,,,,,,,,,DL,Texas Tech,,,,,,,,,,,,,,,,7.5,70.0,53.0,123.0,13.0,0.1973684210526315,1.8421052631578947,1.394736842105263,3.236842105263158,0.3421052631578947,,,,,,,,21.0,13.0,14.0
Clark Harris,,GNB,7,243,2007,Rutgers,2003,2006,48.0,,,,,,,,,,,,,,TE,Rutgers,,,,,,,,,,,42.0,143.0,2015.0,14.1,11.0,,,,,,,,,,,,,,,,,,23.0,,11.0
Jason Snelling,,ATL,7,244,2007,Virginia,2005,2006,23.0,,,,,,,,,,,,,,RB,Virginia,241.0,1097.0,4.6,9.0,48.0,422.0,8.8,0.0,47.7,18.3,,,,,,,,,,,,,,,,,,,,,,,23.0,21.0,21.0
Jason Snelling,,ATL,7,244,2007,Virginia,2002,2004,19.0,,,,,,,,,,,,,,DL,Virginia,,,,,,,,,,,,,,,,,,,,,,,,,,,,,,,,,23.0,21.0,21.0
Marcus Hamilton,,TAM,7,245,2007,Virginia,2002,2004,13.0,,,,,,,,,,,,,,OL,Virginia,,,,,,,,,,,,,,,,,,,,,,,,,,,,,,,,,23.0,0.0,1.0
Marcus Hamilton,,TAM,7,245,2007,Virginia,2005,2006,23.0,,,,,,,,,,,,,,DB,Virginia,,,,,,,,,,,,,,,,,,,,,,,,,,11.0,129.0,0.0,,0.4782608695652174,,,23.0,0.0,1.0
Kenneth Darby,,TAM,7,246,2007,Alabama,2003,2006,47.0,,,,,,,,,,,,,,RB,Alabama,702.0,3324.0,4.7,11.0,70.0,340.0,4.9,2.0,70.7,7.2,,,,,,,,,,,,,,,,,,,,,,,24.0,0.0,4.0
Ahmad Bradshaw,,NYG,7,250,2007,Marshall,2004,2006,33.0,,,,,,,,,,,,,,RB,Marshall,558.0,2982.0,5.3,31.0,87.0,697.0,8.0,5.0,90.4,21.1,,,,,,,,,,,,,,,,,,,,,,-12.430769230769231,21.0,36.0,42.0
Chinedum Ndukwe,,CIN,7,253,2007,Notre Dame,2003,2003,12.0,,,,,,,,,,,,,,WR,Notre Dame,,,,,,,,,,,1.2,3.0,14.0,4.7,0.0,,,,,,,,,,,,,,,,,,22.0,15.0,15.0
Chinedum Ndukwe,,CIN,7,253,2007,Notre Dame,2005,2006,25.0,,,,,,,,,,,,,,DB,Notre Dame,,,,,,,,,,,,,,,,,,,,,,,,,,4.0,66.0,0.0,,0.16,,,22.0,15.0,15.0
Johnathan Holland,,RAI,7,254,2007,Louisiana Tech,2003,2006,46.0,,,,,,,,,,,,,,WR,Louisiana Tech,,,,,,,,,,,31.0,85.0,1426.0,16.8,6.0,,,,,,,,,,,,,,,,,,22.0,1.0,1.0
Ramzee Robinson,,DET,7,255,2007,Alabama,2003,2006,36.0,,,,,,,,,,,,,,DB,Alabama,,,,,,,,,,,,,,,,,,,,,,,,,,4.0,96.0,1.0,,0.1111111111111111,,,23.0,1.0,1.0
Jake Long,,MIA,1,1,2008,Michigan,2006,2007,13.0,,,,,,,,,,,,,,OL,Michigan,,,,,,,,,,,,,,,,,,,,,,,,,,,,,,,,8.422222222222222,23.0,46.0,54.0
Chris Long,,RAM,1,2,2008,Virginia,2005,2007,37.0,,,,,,,,,,,,,,DL,Virginia,,,,,,,,,,,,,,,,20.0,90.0,92.0,182.0,36.5,0.5405405405405406,2.4324324324324325,2.4864864864864864,4.918918918918919,0.9864864864864864,,,,,,,,23.0,40.0,48.0
Matt Ryan,126.2,ATL,1,3,2008,Boston College,2004,2007,43.0,807.0,1347.0,540.0,59.9,9313.0,56.0,37.0,4.2,2.7,6.9,6.51,11.5,216.6,QB,Boston College,,,,,,,,,,,,,,,,,,,,,,,,,,,,,,,,,23.0,144.0,146.0
Darren McFadden,,RAI,1,4,2008,Arkansas,2005,2007,38.0,,,,,,,,,,,,,,RB,Arkansas,785.0,4590.0,5.8,41.0,46.0,365.0,7.9,2.0,120.8,9.6,,,,,,,,,,,,,,,,,,,,,,,21.0,32.0,39.0
Glenn Dorsey,,KAN,1,5,2008,LSU,2005,2007,40.0,,,,,,,,,,,,,,DL,LSU,,,,,,,,,,,,,,,,13.0,71.0,83.0,154.0,25.0,0.325,1.775,2.075,3.85,0.625,,,,,,,,23.0,26.0,37.0
Vernon Gholston,,NYJ,1,6,2008,Ohio State,2005,2007,31.0,,,,,,,,,,,,,,DL,Ohio State,,,,,,,,,,,,,,,,22.5,47.0,40.0,87.0,30.5,0.7258064516129032,1.5161290322580645,1.2903225806451613,2.806451612903226,0.9838709677419356,,,,,,,,22.0,6.0,6.0
Sedrick Ellis,,NOR,1,7,2008,USC,2005,2007,36.0,,,,,,,,,,,,,,DL,USC,,,,,,,,,,,,,,,,17.5,75.0,67.0,142.0,28.0,0.4861111111111111,2.0833333333333335,1.8611111111111112,3.9444444444444446,0.7777777777777778,,,,,,,,23.0,26.0,26.0
Derrick Harvey,,JAX,1,8,2008,Florida,2005,2007,36.0,,,,,,,,,,,,,,DL,Florida,,,,,,,,,,,,,,,,20.5,60.0,30.0,90.0,31.5,0.5694444444444444,1.6666666666666667,0.8333333333333334,2.5,0.875,,,,,,,,21.0,14.0,14.0
Keith Rivers,,CIN,1,9,2008,USC,2004,2007,49.0,,,,,,,,,,,,,,LB,USC,,,,,,,,,,,,,,,,3.0,127.0,88.0,215.0,15.5,0.0612244897959183,2.5918367346938775,1.7959183673469388,4.387755102040816,0.3163265306122449,,,,,,,,22.0,15.0,24.0
Jerod Mayo,,NWE,1,10,2008,Tennessee,2005,2007,32.0,,,,,,,,,,,,,,LB,Tennessee,,,,,,,,,,,,,,,,6.5,143.0,93.0,236.0,21.0,0.203125,4.46875,2.90625,7.375,0.65625,,,,,,,,22.0,51.0,51.0
Leodis McKelvin,,BUF,1,11,2008,Troy,2004,2007,48.0,,,,,,,,,,,,,,DB,Troy,,,,,,,,,,,,,,,,,,,,,,,,,,4.0,62.0,1.0,,0.0833333333333333,,,23.0,25.0,29.0
Ryan Clady,,DEN,1,12,2008,Boise State,2006,2007,13.0,,,,,,,,,,,,,,OL,Boise State,,,,,,,,,,,,,,,,,,,,,,,,,,,,,,,,,22.0,63.0,65.0
Jonathan Stewart,,CAR,1,13,2008,Oregon,2005,2007,36.0,,,,,,,,,,,,,,RB,Oregon,516.0,2891.0,5.6,27.0,49.0,334.0,6.8,4.0,80.3,9.3,,,,,,,,,,,,,,,,,,,,,,6.6,21.0,48.0,48.0
Branden Albert,,KAN,1,15,2008,Virginia,2007,2007,12.0,,,,,,,,,,,,,,OL,Virginia,,,,,,,,,,,,,,,,,,,,,,,,,,,,,,,,,23.0,27.0,41.0
Gosder Cherilus,,DET,1,17,2008,Boston College,2005,2007,32.0,,,,,,,,,,,,,,OL,Boston College,,,,,,,,,,,,,,,,,,,,,,,,,,,,,,,,,24.0,27.0,48.0
Joe Flacco,48.1,RAV,1,18,2008,,2004,2004,3.0,1.0,4.0,3.0,25.0,11.0,0.0,0.0,0.0,0.0,2.8,2.75,11.0,3.7,QB,Pitt,,,,,,,,,,,,,,,,,,,,,,,,,,,,,,,,,23.0,89.0,97.0
Jeff Otah,,CAR,1,19,2008,Pitt,2006,2006,12.0,,,,,,,,,,,,,,OL,Pitt,,,,,,,,,,,,,,,,,,,,,,,,,,,,,,,,,22.0,14.0,14.0
Aqib Talib,,TAM,1,20,2008,Kansas,2005,2007,34.0,,,,,,,,,,,,,,DB,Kansas,,,,,,,,,,,,,,,,,,,,,,,,,,13.0,322.0,2.0,,0.3823529411764705,,,22.0,14.0,68.0
Sam Baker,,ATL,1,21,2008,USC,2006,2006,,,,,,,,,,,,,,,OL,USC,,,,,,,,,,,,,,,,,,,,,,,,,,,,,,,,,23.0,32.0,32.0
Felix Jones,,DAL,1,22,2008,Arkansas,2005,2007,38.0,,,,,,,,,,,,,,RB,Arkansas,386.0,2956.0,7.7,20.0,39.0,383.0,9.8,3.0,77.8,10.1,,,,,,,,,,,,,,,,,,,,,,,21.0,26.0,27.0
Rashard Mendenhall,,PIT,1,23,2008,Illinois,2005,2007,35.0,,,,,,,,,,,,,,RB,Illinois,388.0,2539.0,6.5,22.0,59.0,564.0,9.6,5.0,72.5,16.1,,,,,,,,,,,,,,,,,,,,,,,21.0,26.0,29.0
Chris Johnson,,OTI,1,24,2008,East Carolina,2004,2007,47.0,,,,,,,,,,,,,,RB,East Carolina,624.0,2982.0,4.8,32.0,125.0,1296.0,10.4,10.0,63.4,27.6,,,,,,,,,,,,,,,,,,,,,,7.083333333333333,22.0,61.0,70.0
Mike Jenkins,,DAL,1,25,2008,South Florida,2004,2007,48.0,,,,,,,,,,,,,,DB,South Florida,,,,,,,,,,,,,,,,,,,,,,,,,,6.0,41.0,0.0,,0.125,,,23.0,21.0,27.0
Duane Brown,,HTX,1,26,2008,Virginia Tech,2004,2004,13.0,,,,,,,,,,,,,,TE,Virginia Tech,,,,,,,,,,,4.9,3.0,64.0,21.3,1.0,,,,,,,,,,,,,,,,,,23.0,56.0,91.0
Duane Brown,,HTX,1,26,2008,Virginia Tech,2005,2007,39.0,,,,,,,,,,,,,,OL,Virginia Tech,,,,,,,,,,,,,,,,,,,,,,,,,,,,,,,,,23.0,56.0,91.0
Antoine Cason,,SDG,1,27,2008,Arizona,2004,2007,46.0,,,,,,,,,,,,,,DB,Arizona,,,,,,,,,,,,,,,,,,,,,,,,,,15.0,349.0,3.0,,0.3260869565217391,,,22.0,20.0,27.0
Lawrence Jackson,,SEA,1,28,2008,USC,2004,2007,52.0,,,,,,,,,,,,,,DL,USC,,,,,,,,,,,,,,,,24.5,89.0,59.0,148.0,40.5,0.4711538461538461,1.7115384615384617,1.1346153846153846,2.8461538461538463,0.7788461538461539,,,,,,,-22.1,23.0,11.0,15.0
Kentwan Balmer,,SFO,1,29,2008,North Carolina,2005,2007,33.0,,,,,,,,,,,,,,DL,North Carolina,,,,,,,,,,,,,,,,7.0,53.0,39.0,92.0,17.0,0.2121212121212121,1.606060606060606,1.181818181818182,2.787878787878788,0.5151515151515151,,,,,,,,21.0,2.0,7.0
Dustin Keller,,NYJ,1,30,2008,Purdue,2004,2007,46.0,,,,,,,,,,,,,,TE,Purdue,,,,,,,,,,,40.9,142.0,1882.0,13.3,16.0,,,,,,,,,,,,,,,,,,23.0,22.0,22.0
Kenny Phillips,,NYG,1,31,2008,Miami (FL),2005,2007,34.0,,,,,,,,,,,,,,DB,Miami (FL),,,,,,,,,,,,,,,,,,,,,,,,,,7.0,14.0,0.0,,0.2058823529411764,,,21.0,15.0,16.0
Phillip Merling,,MIA,2,32,2008,Clemson,2005,2007,38.0,,,,,,,,,,,,,,DL,Clemson,,,,,,,,,,,,,,,,11.5,64.0,47.0,111.0,26.0,0.3026315789473684,1.6842105263157894,1.236842105263158,2.9210526315789473,0.6842105263157895,,,,,,,,23.0,6.0,6.0
Donnie Avery,,RAM,2,33,2008,Houston,2004,2007,50.0,,,,,,,,,,,,,,WR,Houston,,,,,,,,,,,65.8,210.0,3289.0,15.7,19.0,,,,,,,,,,,,,,,,,,24.0,8.0,21.0
Devin Thomas,,WAS,2,34,2008,Michigan State,2006,2007,23.0,,,,,,,,,,,,,,WR,Michigan State,,,,,,,,,,,58.7,85.0,1350.0,15.9,9.0,,,,,,,,,,,,,,,,,-2.846774193548387,21.0,4.0,4.0
Brandon Flowers,,KAN,2,35,2008,Virginia Tech,2004,2007,40.0,,,,,,,,,,,,,,DB,Virginia Tech,,,,,,,,,,,,,,,,,,,,,,,,,,10.0,172.0,2.0,,0.25,,,22.0,34.0,42.0
Jordy Nelson,,GNB,2,36,2008,Kansas State,2005,2007,36.0,,,,,,,,,,,,,,WR,Kansas State,,,,,,,,,,,78.4,206.0,2822.0,13.7,20.0,,,,,,,,,,,,,,,,,,23.0,69.0,73.0
Curtis Lofton,,ATL,2,37,2008,Oklahoma,2005,2007,32.0,,,,,,,,,,,,,,LB,Oklahoma,,,,,,,,,,,,,,,,1.0,117.0,80.0,197.0,16.0,0.03125,3.65625,2.5,6.15625,0.5,,,,,,,,22.0,29.0,49.0
John Carlson,,SEA,2,38,2008,Notre Dame,2004,2007,47.0,,,,,,,,,,,,,,TE,Notre Dame,,,,,,,,,,,23.3,100.0,1093.0,10.9,8.0,,,,,,,,,,,,,,,,,,24.0,12.0,16.0
Tracy Porter,,NOR,2,40,2008,Indiana,2004,2007,43.0,,,,,,,,,,,,,,DB,Indiana,,,,,,,,,,,,,,,,,,,,,,,,,,16.0,413.0,1.0,,0.3720930232558139,,,22.0,16.0,31.0
James Hardy,,BUF,2,41,2008,Indiana,2005,2007,33.0,,,,,,,,,,,,,,WR,Indiana,,,,,,,,,,,83.0,191.0,2740.0,14.3,36.0,,,,,,,,,,,,,,,,,,22.0,1.0,1.0
Eddie Royal,,DEN,2,42,2008,Virginia Tech,2004,2007,51.0,,,,,,,,,,,,,,WR,Virginia Tech,,,,,,,,,,,34.9,119.0,1778.0,14.9,12.0,,,,,,,,,,,,,,,,,,22.0,19.0,35.0
Tyrell Johnson,,MIN,2,43,2008,Arkansas State,2004,2007,46.0,,,,,,,,,,,,,,DB,Arkansas State,,,,,,,,,,,,,,,,,,,,,,,,,,12.0,309.0,1.0,,0.2608695652173913,,2.5238095238095237,23.0,10.0,10.0
Matt Forte,,CHI,2,44,2008,Tulane,2004,2007,43.0,,,,,,,,,,,,,,RB,Tulane,833.0,4265.0,5.1,39.0,103.0,985.0,9.6,5.0,99.2,22.9,,,,,,,,,,,,,,,,,,,,,,,22.0,78.0,84.0
Jordon Dizon,,DET,2,45,2008,Colorado,2005,2005,13.0,,,,,,,,,,,,,,RB,Colorado,0.0,0.0,,0.0,0.0,0.0,,0.0,0.0,0.0,,,,,,,,,,,,,,,,,,,,,,,22.0,2.0,2.0
Jordon Dizon,,DET,2,45,2008,Colorado,2006,2007,25.0,,,,,,,,,,,,,,LB,Colorado,,,,,,,,,,,,,,,,8.5,178.0,105.0,283.0,21.5,0.34,7.12,4.2,11.32,0.86,,,,,,,,22.0,2.0,2.0
Trevor Laws,,PHI,2,47,2008,Notre Dame,2005,2007,37.0,,,,,,,,,,,,,,DL,Notre Dame,,,,,,,,,,,,,,,,9.0,82.0,125.0,207.0,20.5,0.2432432432432432,2.216216216216216,3.3783783783783785,5.594594594594595,0.5540540540540541,,,,,,,,23.0,7.0,7.0
Fred Davis,,WAS,2,48,2008,USC,2004,2007,48.0,,,,,,,,,,,,,,WR,USC,,,,,,,,,,,29.3,117.0,1408.0,12.0,13.0,,,,,,,,,,,,,,,,,,22.0,14.0,14.0
Desean Jackson,,PHI,2,49,2008,California,2005,2007,36.0,,,,,,,,,,,,,,WR,California,,,,,,,,,,,67.3,162.0,2423.0,15.0,22.0,,,,,,,,,,,,,,,,,,21.0,52.0,75.0
Calais Campbell,,CRD,2,50,2008,Miami (FL),2005,2007,36.0,,,,,,,,,,,,,,DL,Miami (FL),,,,,,,,,,,,,,,,19.5,83.0,46.0,129.0,39.0,0.5416666666666666,2.3055555555555554,1.2777777777777777,3.5833333333333335,1.0833333333333333,,,,,,,,22.0,59.0,113.0
Malcolm Kelly,,WAS,2,51,2008,Oklahoma,2005,2007,39.0,,,,,,,,,,,,,,WR,Oklahoma,,,,,,,,,,,58.6,144.0,2285.0,15.9,21.0,,,,,,,,,,,,,,,,,,21.0,3.0,3.0
Quentin Groves,,JAX,2,52,2008,Auburn,2005,2007,36.0,,,,,,,,,,,,,,DL,Auburn,,,,,,,,,,,,,,,,19.0,60.0,36.0,96.0,28.0,0.5277777777777778,1.6666666666666667,1.0,2.6666666666666665,0.7777777777777778,,,,,,,,24.0,4.0,17.0
Limas Sweed,,PIT,2,53,2008,Texas,2004,2007,44.0,,,,,,,,,,,,,,WR,Texas,,,,,,,,,,,43.5,124.0,1915.0,15.4,20.0,,,,,,,,,,,,,,,,,,23.0,1.0,1.0
Jason Jones,,OTI,2,54,2008,Eastern Michigan,2004,2007,45.0,,,,,,,,,,,,,,DL,Eastern Michigan,,,,,,,,,,,,,,,,14.0,100.0,74.0,174.0,50.0,0.3111111111111111,2.2222222222222223,1.6444444444444444,3.8666666666666663,1.1111111111111112,,,,,,,,22.0,14.0,32.0
Ray Rice,,RAV,2,55,2008,Rutgers,2005,2007,38.0,,,,,,,,,,,,,,RB,Rutgers,910.0,4926.0,5.4,49.0,37.0,334.0,9.0,1.0,129.6,8.8,,,,,,,,,,,,,,,,,,,,,,,21.0,63.0,63.0
Brian Brohm,157.9,GNB,2,56,2008,Louisville,2004,2007,44.0,780.0,1185.0,405.0,65.8,10775.0,71.0,24.0,6.0,2.0,9.1,9.38,13.8,244.9,QB,Louisville,,,,,,,,,,,,,,,,,,,,,,,,,,,,,,,,,22.0,,0.0
Chad Henne,133.9,MIA,2,57,2008,Michigan,2004,2007,47.0,828.0,1387.0,559.0,59.7,9715.0,87.0,37.0,6.3,2.7,7.0,7.06,11.7,206.7,QB,Michigan,,,,,,,,,,,,,,,,,,,,,,,,,,,,,,,,,23.0,16.0,26.0
Patrick Lee,,GNB,2,60,2008,Auburn,2005,2007,36.0,,,,,,,,,,,,,,DB,Auburn,,,,,,,,,,,,,,,,,,,,,,,,,,5.0,52.0,0.0,3.0,0.1388888888888889,0.0833333333333333,,24.0,2.0,4.0
Martellus Bennett,,DAL,2,61,2008,Texas A&M,2005,2007,35.0,,,,,,,,,,,,,,TE,Texas A&M,,,,,,,,,,,35.6,105.0,1246.0,11.9,10.0,,,,,,,,,,,,,,,,,,21.0,4.0,35.0
Terrence Wheatley,,NWE,2,62,2008,Colorado,2003,2007,42.0,,,,,,,,,,,,,,DB,Colorado,,,,,,,,,,,,,,,,,,,,,,,,,,14.0,154.0,2.0,,0.3333333333333333,,,23.0,1.0,1.0
Terrell Thomas,,NYG,2,63,2008,USC,2004,2007,40.0,,,,,,,,,,,,,,DB,USC,,,,,,,,,,,,,,,,,,,,,,,,,,8.0,80.0,0.0,1.0,0.2,0.025,,23.0,18.0,18.0
Kevin Smith,,DET,3,64,2008,UCF,2005,2007,36.0,,,,,,,,,,,,,,RB,UCF,905.0,4679.0,5.2,45.0,55.0,444.0,8.1,1.0,130.0,12.3,,,,,,,,,,,,,,,,,,,,,,8.023076923076923,21.0,19.0,19.0
John Greco,,RAM,3,65,2008,Toledo,2005,2007,33.0,,,,,,,,,,,,,,OL,Toledo,,,,,,,,,,,,,,,,,,,,,,,,,,,,,,,,,23.0,1.0,29.0
Charles Godfrey,,CAR,3,67,2008,Iowa,2005,2007,36.0,,,,,,,,,,,,,,DB,Iowa,,,,,,,,,,,,,,,,,,,,,,,,,,7.0,38.0,0.0,,0.1944444444444444,,,22.0,27.0,27.0
Chevis Jackson,,ATL,3,68,2008,LSU,2004,2007,50.0,,,,,,,,,,,,,,DB,LSU,,,,,,,,,,,,,,,,,,,,,,,,,,8.0,62.0,0.0,,0.16,,,22.0,4.0,4.0
Jacob Hester,,SDG,3,69,2008,LSU,2004,2007,51.0,,,,,,,,,,,,,,RB,LSU,364.0,1780.0,4.9,20.0,62.0,459.0,7.4,4.0,34.9,9.0,,,,,,,,,,,,,,,,,,,,,,,23.0,6.0,6.0
Earl Bennett,,CHI,3,70,2008,Vanderbilt,2005,2007,35.0,,,,,,,,,,,,,,WR,Vanderbilt,,,,,,,,,,,81.5,236.0,2852.0,12.1,20.0,,,,,,,,,,,,,,,,,,21.0,19.0,19.0
Tavares Gooden,,RAV,3,71,2008,Miami (FL),2004,2007,35.0,,,,,,,,,,,,,,LB,Miami (FL),,,,,,,,,,,,,,,,0.0,84.0,54.0,138.0,5.5,0.0,2.4,1.542857142857143,3.942857142857143,0.1571428571428571,,,,,,,,23.0,7.0,9.0
Chris Ellis,,BUF,3,72,2008,Virginia Tech,2005,2007,39.0,,,,,,,,,,,,,,DL,Virginia Tech,,,,,,,,,,,,,,,,19.0,58.0,74.0,132.0,28.0,0.4871794871794871,1.4871794871794872,1.8974358974358976,3.3846153846153846,0.717948717948718,,,,,,,,23.0,2.0,2.0
Jamaal Charles,,KAN,3,73,2008,Texas,2005,2007,38.0,,,,,,,,,,,,,,RB,Texas,533.0,3328.0,6.2,36.0,49.0,539.0,11.0,3.0,87.6,14.2,,,,,,,,,,,,,,,,,,,,,,,21.0,64.0,66.0
Dan Connor,,CAR,3,74,2008,Penn State,2004,2007,44.0,,,,,,,,,,,,,,LB,Penn State,,,,,,,,,,,,,,,,13.0,177.0,157.0,334.0,29.5,0.2954545454545454,4.0227272727272725,3.5681818181818183,7.590909090909091,0.6704545454545454,,,,,,,,22.0,10.0,13.0
Reggie Smith,,SFO,3,75,2008,Oklahoma,2005,2007,39.0,,,,,,,,,,,,,,DB,Oklahoma,,,,,,,,,,,,,,,,,,,,,,,,,,8.0,156.0,1.0,,0.2051282051282051,,,21.0,5.0,5.0
Brad Cottam,,KAN,3,76,2008,Tennessee,2004,2007,42.0,,,,,,,,,,,,,,TE,Tennessee,,,,,,,,,,,8.1,21.0,341.0,16.2,1.0,,,,,,,,,,,,,,,,,,23.0,2.0,2.0
Pat Sims,,CIN,3,77,2008,Auburn,2006,2007,26.0,,,,,,,,,,,,,,DL,Auburn,,,,,,,,,,,,,,,,7.5,38.0,15.0,53.0,16.5,0.2884615384615384,1.4615384615384617,0.5769230769230769,2.0384615384615383,0.6346153846153846,,,,,,,,22.0,19.0,27.0
Shawn Crable,,NWE,3,78,2008,Michigan,2005,2007,38.0,,,,,,,,,,,,,,LB,Michigan,,,,,,,,,,,,,,,,16.5,98.0,43.0,141.0,43.5,0.4342105263157895,2.5789473684210527,1.131578947368421,3.710526315789474,1.144736842105263,,,,,,,,23.0,0.0,0.0
Early Doucet,,CRD,3,81,2008,LSU,2004,2007,45.0,,,,,,,,,,,,,,WR,LSU,,,,,,,,,,,43.2,160.0,1943.0,12.1,20.0,,,,,,,,,,,,,,,,,,22.0,10.0,10.0
Dajuan Morgan,,KAN,3,82,2008,North Carolina State,2004,2004,2.0,,,,,,,,,,,,,,WR,North Carolina State,,,,,,,,,,,3.0,1.0,6.0,6.0,0.0,,,,,,,,,,,,,,,,,,22.0,3.0,3.0
Dajuan Morgan,,KAN,3,82,2008,North Carolina State,2005,2007,36.0,,,,,,,,,,,,,,DB,North Carolina State,,,,,,,,,,,,,,,,,,,,,,,,,,6.0,0.0,0.0,,0.1666666666666666,,,22.0,3.0,3.0
Jeremy Zuttah,,TAM,3,83,2008,Rutgers,2007,2007,13.0,,,,,,,,,,,,,,OL,Rutgers,,,,,,,,,,,,,,,,,,,,,,,,,,,,,,,,,22.0,26.0,46.0
Harry Douglas,,ATL,3,84,2008,Louisville,2004,2007,46.0,,,,,,,,,,,,,,WR,Louisville,,,,,,,,,,,63.6,173.0,2924.0,16.9,15.0,,,,,,,,,,,,,,,,,,23.0,28.0,31.0
Craig Stevens,,OTI,3,85,2008,California,2004,2007,50.0,,,,,,,,,,,,,,TE,California,,,,,,,,,,,13.4,51.0,669.0,13.1,7.0,,,,,,,,,,,,,,,,,17.4,24.0,5.0,5.0
Tom Zbikowski,,RAV,3,86,2008,Notre Dame,2004,2007,47.0,,,,,,,,,,,,,,DB,Notre Dame,,,,,,,,,,,,,,,,,,,,,,,,,,8.0,199.0,2.0,,0.1702127659574468,,,23.0,7.0,11.0
Andre Fluellen,,DET,3,87,2008,Florida State,2005,2007,36.0,,,,,,,,,,,,,,DL,Florida State,,,,,,,,,,,,,,,,5.5,34.0,41.0,75.0,17.5,0.1527777777777778,0.9444444444444444,1.1388888888888888,2.0833333333333335,0.4861111111111111,,,,,,,,23.0,8.0,8.0
Bruce Davis,,PIT,3,88,2008,UCLA,2005,2007,38.0,,,,,,,,,,,,,,LB,UCLA,,,,,,,,,,,,,,,,26.5,85.0,35.0,120.0,39.0,0.6973684210526315,2.236842105263158,0.9210526315789472,3.1578947368421053,1.0263157894736843,,,,,,,,23.0,0.0,0.0
Steve Slaton,,HTX,3,89,2008,West Virginia,2005,2007,36.0,,,,,,,,,,,,,,RB,West Virginia,664.0,3923.0,5.9,50.0,65.0,805.0,12.4,5.0,109.0,22.4,,,,,,,,,,,,,,,,,,,,,,,22.0,21.0,21.0
Marcus Harrison,,CHI,3,90,2008,Arkansas,2004,2007,47.0,,,,,,,,,,,,,,DL,Arkansas,,,,,,,,,,,,,,,,4.0,82.0,39.0,121.0,15.5,0.0851063829787234,1.74468085106383,0.8297872340425532,2.574468085106383,0.3297872340425531,,,,,,,,24.0,6.0,6.0
Jermichael Finley,,GNB,3,91,2008,Texas,2006,2007,26.0,,,,,,,,,,,,,,TE,Texas,,,,,,,,,,,36.4,76.0,947.0,12.5,5.0,,,,,,,,,,,,,,,,,,21.0,27.0,27.0
Cliff Avril,,DET,3,92,2008,Purdue,2005,2007,37.0,,,,,,,,,,,,,,LB,Purdue,,,,,,,,,,,,,,,,12.5,104.0,53.0,157.0,32.5,0.3378378378378378,2.810810810810811,1.4324324324324325,4.243243243243243,0.8783783783783784,,,,,,,,22.0,23.0,51.0
Philip Wheeler,,CLT,3,93,2008,Georgia Tech,2005,2007,39.0,,,,,,,,,,,,,,LB,Georgia Tech,,,,,,,,,,,,,,,,19.5,135.0,108.0,243.0,35.0,0.5,3.4615384615384617,2.769230769230769,6.230769230769231,0.8974358974358975,,,,,,,,23.0,10.0,29.0
Kevin O'Connell,121.1,NWE,3,94,2008,San Diego State,2004,2007,39.0,664.0,1151.0,487.0,57.7,7689.0,46.0,34.0,4.0,3.0,6.7,6.15,11.6,197.2,QB,San Diego State,,,,,,,,,,,,,,,,,,,,,,,,,,,,,,,,,23.0,0.0,0.0
Mario Manningham,,NYG,3,95,2008,Michigan,2005,2007,34.0,,,,,,,,,,,,,,WR,Michigan,,,,,,,,,,,67.9,137.0,2310.0,16.9,27.0,,,,,,,,,,,,,,,,,,22.0,18.0,22.0
Andre Caldwell,,CIN,3,97,2008,Florida,2003,2007,53.0,,,,,,,,,,,,,,WR,Florida,,,,,,,,,,,44.3,185.0,2349.0,12.7,16.0,,,,,,,,,,,,,,,,,,23.0,10.0,12.0
Thomas Decoud,,ATL,3,98,2008,California,2005,2007,34.0,,,,,,,,,,,,,,DB,California,,,,,,,,,,,,,,,,,,,,,,,,,,1.0,0.0,0.0,3.0,0.0294117647058823,0.088235294117647,,23.0,34.0,37.0
Oniel Cousins,,RAV,3,99,2008,UTEP,2006,2006,12.0,,,,,,,,,,,,,,OL,UTEP,,,,,,,,,,,,,,,,,,,,,,,,,,,,,,,,,24.0,4.0,10.0
Tyvon Branch,,RAI,4,100,2008,Connecticut,2004,2007,48.0,,,,,,,,,,,,,,DB,Connecticut,,,,,,,,,,,,,,,,,,,,,,,,,,3.0,15.0,0.0,,0.0625,,,21.0,22.0,28.0
Justin King,,RAM,4,101,2008,Penn State,2005,2007,38.0,,,,,,,,,,,,,,DB,Penn State,,,,,,,,,,,,,,,,,,,,,,,,,,3.0,6.0,0.0,,0.0789473684210526,,15.1,21.0,9.0,9.0
Jeremy Thompson,,GNB,4,102,2008,Wake Forest,2004,2007,46.0,,,,,,,,,,,,,,DL,Wake Forest,,,,,,,,,,,,,,,,7.5,68.0,28.0,96.0,17.5,0.1630434782608695,1.4782608695652173,0.6086956521739131,2.0869565217391304,0.3804347826086957,,,,,,,,22.0,1.0,1.0
Beau Bell,,CLE,4,104,2008,Nevada-Las Vegas,2004,2007,41.0,,,,,,,,,,,,,,LB,Nevada-Las Vegas,,,,,,,,,,,,,,,,10.5,170.0,124.0,294.0,26.0,0.2560975609756097,4.146341463414634,3.024390243902439,7.170731707317073,0.6341463414634146,,,,,,,,22.0,0.0,0.0
William Franklin,,KAN,4,105,2008,Missouri,2004,2007,44.0,,,,,,,,,,,,,,WR,Missouri,,,,,,,,,,,48.3,143.0,2125.0,14.9,13.0,,,,,,,,,,,,,,,,,,22.0,1.0,1.0
Marcus Smith,,RAV,4,106,2008,New Mexico,2004,2007,49.0,,,,,,,,,,,,,,WR,New Mexico,,,,,,,,,,,42.3,153.0,2073.0,13.5,13.0,,,,,,,,,,,,,,,,,-12.359375,23.0,0.0,0.0
Cody Wallace,,SFO,4,107,2008,Texas A&M,2005,2007,24.0,,,,,,,,,,,,,,OL,Texas A&M,,,,,,,,,,,,,,,,,,,,,,,,,,,,,,,,,23.0,0.0,13.0
Shawn Murphy,,MIA,4,110,2008,Utah State,2007,2007,12.0,,,,,,,,,,,,,,DL,Utah State,,,,,,,,,,,,,,,,0.0,2.0,0.0,2.0,0.0,0.0,0.1666666666666666,0.0,0.1666666666666666,0.0,,,,,,,,25.0,,0.0
Martin Rucker,,CLE,4,111,2008,Missouri,2004,2007,50.0,,,,,,,,,,,,,,TE,Missouri,,,,,,,,,,,43.5,203.0,2175.0,10.7,18.0,,,,,,,,,,,,,,,,,,23.0,0.0,0.0
Dwight Lowery,,NYJ,4,113,2008,San Jose State,2006,2007,25.0,,,,,,,,,,,,,,DB,San Jose State,,,,,,,,,,,,,,,,,,,,,,,,,,13.0,147.0,1.0,,0.52,,,22.0,9.0,35.0
Reggie Corner,,BUF,4,114,2008,Akron,2004,2007,48.0,,,,,,,,,,,,,,DB,Akron,,,,,,,,,,,,,,,,,,,,,,,,,,15.0,225.0,1.0,,0.3125,,,24.0,8.0,8.0
Dre Moore,,TAM,4,115,2008,Maryland,2005,2007,37.0,,,,,,,,,,,,,,DL,Maryland,,,,,,,,,,,,,,,,9.5,58.0,69.0,127.0,17.5,0.2567567567567567,1.5675675675675675,1.864864864864865,3.4324324324324325,0.4729729729729729,,,,,,,,23.0,1.0,1.0
Kenny Iwebema,,CRD,4,116,2008,Iowa,2004,2007,41.0,,,,,,,,,,,,,,DL,Iowa,,,,,,,,,,,,,,,,13.5,58.0,45.0,103.0,20.0,0.3292682926829268,1.4146341463414631,1.0975609756097562,2.5121951219512195,0.4878048780487805,,,,,,,,23.0,2.0,2.0
Quintin Demps,,PHI,4,117,2008,UTEP,2004,2007,47.0,,,,,,,,,,,,,,DB,UTEP,,,,,,,,,,,,,,,,,,,,,,,,,,17.0,404.0,3.0,,0.3617021276595745,,,23.0,2.0,22.0
Xavier Adibi,,HTX,4,118,2008,Virginia Tech,2004,2007,47.0,,,,,,,,,,,,,,LB,Virginia Tech,,,,,,,,,,,,,,,,9.0,112.0,154.0,266.0,25.0,0.1914893617021276,2.382978723404255,3.276595744680851,5.659574468085107,0.5319148936170213,,,,,,,,23.0,4.0,4.0
Jack Williams,,DEN,4,119,2008,Kent State,2004,2007,44.0,,,,,,,,,,,,,,DB,Kent State,,,,,,,,,,,,,,,,,,,,,,,,,,13.0,209.0,1.0,,0.2954545454545454,,-13.7,23.0,2.0,2.0
Craig Steltz,,CHI,4,120,2008,LSU,2005,2007,40.0,,,,,,,,,,,,,,DB,LSU,,,,,,,,,,,,,,,,,,,,,,,,,,10.0,264.0,0.0,,0.25,,,22.0,6.0,6.0
Red Bryant,,SEA,4,121,2008,Texas A&M,2006,2007,23.0,,,,,,,,,,,,,,DL,Texas A&M,,,,,,,,,,,,,,,,2.0,21.0,44.0,65.0,8.5,0.0869565217391304,0.9130434782608696,1.9130434782608696,2.8260869565217392,0.3695652173913043,,,,,,,,24.0,26.0,31.0
Tashard Choice,,DAL,4,122,2008,Georgia Tech,2004,2007,46.0,,,,,,,,,,,,,,RB,Georgia TechOklahoma,697.0,3465.0,5.0,28.0,41.0,288.0,7.0,0.0,75.3,6.3,,,,,,,,,,,,,,,,,,,,,,,23.0,10.0,13.0
Bryan Kehl,,NYG,4,123,2008,BYU,2005,2007,38.0,,,,,,,,,,,,,,LB,BYU,,,,,,,,,,,,,,,,6.5,102.0,89.0,191.0,20.5,0.1710526315789473,2.6842105263157894,2.3421052631578947,5.026315789473684,0.5394736842105263,,,,,,,,24.0,4.0,7.0
Justin Tryon,,WAS,4,124,2008,Arizona State,2006,2007,26.0,,,,,,,,,,,,,,DB,Arizona State,,,,,,,,,,,,,,,,,,,,,,,,,,4.0,102.0,1.0,,0.1538461538461538,,,24.0,3.0,6.0
Lavelle Hawkins,,OTI,4,126,2008,California,2005,2007,35.0,,,,,,,,,,,,,,WR,California,,,,,,,,,,,49.9,136.0,1748.0,12.9,12.0,,,,,,,,,,,,,,,,,,22.0,7.0,7.0
Jacob Tamme,,CLT,4,127,2008,Kentucky,2004,2007,47.0,,,,,,,,,,,,,,WR,Kentucky,,,,,,,,,,,30.1,133.0,1417.0,10.7,11.0,,,,,,,,,,,,,,,,,,23.0,7.0,21.0
Keenan Burton,,RAM,4,128,2008,Kentucky,2003,2007,46.0,,,,,,,,,,,,,,WR,Kentucky,,,,,,,,,,,51.7,189.0,2376.0,12.6,25.0,,,,,,,,,,,,,,,,,,23.0,3.0,3.0
Jonathan Wilhite,,NWE,4,129,2008,Auburn,2005,2007,34.0,,,,,,,,,,,,,,DB,Auburn,,,,,,,,,,,,,,,,,,,,,,,,,,3.0,0.0,0.0,5.0,0.088235294117647,0.1470588235294117,,24.0,8.0,10.0
Jack Ikegwuonu,,PHI,4,131,2008,Wisconsin,2005,2007,39.0,,,,,,,,,,,,,,DB,Wisconsin,,,,,,,,,,,,,,,,,,,,,,,,,,6.0,89.0,1.0,,0.1538461538461538,,,22.0,0.0,0.0
Derek Fine,,BUF,4,132,2008,Kansas,2004,2007,48.0,,,,,,,,,,,,,,TE,Kansas,,,,,,,,,,,21.0,98.0,1009.0,10.3,10.0,,,,,,,,,,,,,,,,,,25.0,2.0,2.0
Stanford Keglar,,OTI,4,134,2008,Purdue,2004,2007,49.0,,,,,,,,,,,,,,LB,Purdue,,,,,,,,,,,,,,,,1.0,115.0,74.0,189.0,9.0,0.0204081632653061,2.346938775510204,1.510204081632653,3.857142857142857,0.1836734693877551,,,,,,,,23.0,2.0,3.0
Kenneth Moore,,DET,5,136,2008,Wake Forest,2004,2007,39.0,,,,,,,,,,,,,,WR,Wake Forest,,,,,,,,,,,37.4,139.0,1458.0,10.5,7.0,,,,,,,,,,,,,,,,,,23.0,,1.0
Robert James,,ATL,5,138,2008,Arizona State,2005,2007,32.0,,,,,,,,,,,,,,LB,Arizona State,,,,,,,,,,,,,,,,4.5,97.0,71.0,168.0,19.0,0.140625,3.03125,2.21875,5.25,0.59375,,,,,,,,24.0,1.0,1.0
Ryan Torain,,DEN,5,139,2008,Arizona State,2006,2007,19.0,,,,,,,,,,,,,,RB,Arizona State,333.0,1782.0,5.4,12.0,25.0,305.0,12.2,5.0,93.8,16.1,,,,,,,,,,,,,,,,,,,,,,,22.0,0.0,5.0
Gary Barnidge,,CAR,5,141,2008,Louisville,2004,2007,47.0,,,,,,,,,,,,,,TE,Louisville,,,,,,,,,,,31.7,108.0,1491.0,13.8,17.0,,,,,,,,,,,,,,,,,,22.0,3.0,14.0
Zackary Bowman,,CHI,5,142,2008,Nebraska,2005,2007,22.0,,,,,,,,,,,,,,DB,Nebraska,,,,,,,,,,,,,,,,,,,,,,,,,,3.0,0.0,0.0,,0.1363636363636363,,,23.0,12.0,15.0
Orlando Scandrick,,DAL,5,143,2008,Boise State,2005,2007,39.0,,,,,,,,,,,,,,DB,Boise State,,,,,,,,,,,,,,,,,,,,,,,,,,4.0,117.0,1.0,,0.1025641025641025,,,21.0,25.0,26.0
Demario Pressley,,NOR,5,144,2008,North Carolina State,2005,2007,34.0,,,,,,,,,,,,,,DL,North Carolina State,,,,,,,,,,,,,,,,4.0,43.0,56.0,99.0,16.5,0.1176470588235294,1.2647058823529411,1.6470588235294117,2.911764705882353,0.4852941176470588,,,,,,,,22.0,1.0,1.0
Jason Shirley,,CIN,5,145,2008,Fresno State,2005,2007,24.0,,,,,,,,,,,,,,DL,Fresno State,,,,,,,,,,,,,,,,4.0,17.0,24.0,41.0,11.5,0.1666666666666666,0.7083333333333334,1.0,1.7083333333333333,0.4791666666666667,,,,,,,,22.0,0.0,0.0
Alvin Bowen,,BUF,5,147,2008,Iowa State,2006,2007,24.0,,,,,,,,,,,,,,LB,Iowa State,,,,,,,,,,,,,,,,3.0,162.0,92.0,254.0,17.5,0.125,6.75,3.8333333333333335,10.583333333333334,0.7291666666666666,,,,,,,,24.0,,0.0
Carlton Powell,,DEN,5,148,2008,Virginia Tech,2005,2007,40.0,,,,,,,,,,,,,,DL,Virginia Tech,,,,,,,,,,,,,,,,6.5,32.0,58.0,90.0,15.0,0.1625,0.8,1.45,2.25,0.375,,,,,,,,23.0,,0.0
Breno Giacomini,,GNB,5,150,2008,Louisville,2004,2006,27.0,,,,,,,,,,,,,,TE,Louisville,,,,,,,,,,,0.7,4.0,19.0,4.8,1.0,,,,,,,,,,,,,,,,,,22.0,0.0,36.0
Frank Okam,,HTX,5,151,2008,Texas,2004,2007,48.0,,,,,,,,,,,,,,DL,Texas,,,,,,,,,,,,,,,,7.5,45.0,50.0,95.0,15.0,0.15625,0.9375,1.0416666666666667,1.9791666666666667,0.3125,,,,,,,,22.0,0.0,3.0
Letroy Guion,,MIN,5,152,2008,Florida State,2006,2007,23.0,,,,,,,,,,,,,,DL,Florida State,,,,,,,,,,,,,,,,1.5,29.0,27.0,56.0,10.5,0.0652173913043478,1.2608695652173914,1.173913043478261,2.4347826086956523,0.4565217391304347,,,,,,,,21.0,13.0,28.0
Matt Slater,,NWE,5,153,2008,UCLA,2005,2005,3.0,,,,,,,,,,,,,,WR,UCLA,,,,,,,,,,,0.0,0.0,0.0,,0.0,,,,,,,,,,,,,,,,,,22.0,0.0,0.0
Matt Slater,,NWE,5,153,2008,UCLA,2006,2007,26.0,,,,,,,,,,,,,,DB,UCLA,,,,,,,,,,,,,,,,,,,,,,,,,,0.0,0.0,0.0,,0.0,,,22.0,0.0,0.0
Thomas Williams,,JAX,5,155,2008,USC,2005,2007,36.0,,,,,,,,,,,,,,LB,USC,,,,,,,,,,,,,,,,2.0,69.0,34.0,103.0,10.5,0.0555555555555555,1.9166666666666667,0.9444444444444444,2.861111111111111,0.2916666666666667,,,,,,,,23.0,0.0,1.0
Dennis Dixon,137.9,PIT,5,156,2008,Oregon,2004,2007,40.0,444.0,695.0,251.0,63.9,5129.0,38.0,21.0,5.5,3.0,7.4,7.11,11.6,128.2,QB,Oregon,,,,,,,,,,,,,,,,,,,,,,,,,,,,,,,,,23.0,2.0,2.0
Roy Schuening,,RAM,5,157,2008,Oregon State,2004,2006,33.0,,,,,,,,,,,,,,OL,Oregon State,,,,,,,,,,,,,,,,,,,,,,,,,,,,,,,,,24.0,0.0,0.0
Kellen Davis,,CHI,5,158,2008,Michigan State,2004,2007,42.0,,,,,,,,,,,,,,TE,Michigan State,,,,,,,,,,,18.8,60.0,789.0,13.2,9.0,,,,,,,,,,,,,,,,,,22.0,5.0,5.0
Trae Williams,,JAX,5,159,2008,South Florida,2004,2007,49.0,,,,,,,,,,,,,,DB,South Florida,,,,,,,,,,,,,,,,,,,,,,,,,,16.0,219.0,4.0,,0.3265306122448979,,3.9533333333333327,23.0,,
Marcus Howard,,CLT,5,161,2008,Georgia,2005,2007,39.0,,,,,,,,,,,,,,LB,Georgia,,,,,,,,,,,,,,,,12.5,56.0,20.0,76.0,14.5,0.3205128205128205,1.435897435897436,0.5128205128205128,1.948717948717949,0.3717948717948718,,,,,,,,22.0,1.0,1.0
Erik Ainge,134.8,NYJ,5,162,2008,Tennessee,2004,2007,43.0,733.0,1210.0,477.0,60.6,8700.0,72.0,35.0,6.0,2.9,7.2,7.08,11.9,202.3,QB,Tennessee,,,,,,,,,,,,,,,,,,,,,,,,,,,,,,,,,22.0,,
Owen Schmitt,,SEA,5,163,2008,West Virginia,2005,2007,38.0,,,,,,,,,,,,,,RB,West Virginia,160.0,1003.0,6.3,13.0,32.0,288.0,9.0,2.0,26.4,7.6,,,,,,,,,,,,,,,,,,,,,,,23.0,0.0,1.0
Carl Nicks,,NOR,5,164,2008,Nebraska,2007,2007,12.0,,,,,,,,,,,,,,OL,Nebraska,,,,,,,,,,,,,,,,,,,,,,,,,,,,,,,,,23.0,49.0,53.0
Jonathan Goff,,NYG,5,165,2008,Vanderbilt,2005,2007,35.0,,,,,,,,,,,,,,LB,Vanderbilt,,,,,,,,,,,,,,,,6.5,171.0,98.0,269.0,15.5,0.1857142857142857,4.885714285714286,2.8,7.685714285714286,0.4428571428571428,,,,,,,,22.0,9.0,9.0
Marcus Thomas,,SDG,5,166,2008,UTEP,2004,2007,43.0,,,,,,,,,,,,,,RB,UTEP,569.0,2615.0,4.6,26.0,94.0,957.0,10.2,6.0,60.8,22.3,,,,,,,,,,,,,,,,,,,,,,-4.9222222222222225,24.0,,0.0
Trevor Scott,,RAI,6,169,2008,Buffalo,2004,2005,17.0,,,,,,,,,,,,,,TE,Buffalo,,,,,,,,,,,5.7,9.0,97.0,10.8,0.0,,,,,,,,,,,,,,,,,,24.0,9.0,11.0
Trevor Scott,,RAI,6,169,2008,Buffalo,2006,2007,24.0,,,,,,,,,,,,,,DL,Buffalo,,,,,,,,,,,,,,,,19.0,54.0,37.0,91.0,28.5,0.7916666666666666,2.25,1.5416666666666667,3.7916666666666665,1.1875,,,,,,,,24.0,9.0,11.0
Marcus Henry,,NYJ,6,171,2008,Kansas,2004,2007,45.0,,,,,,,,,,,,,,WR,Kansas,,,,,,,,,,,35.5,104.0,1598.0,15.4,13.0,,,,,,,,,,,,,,,,,-10.118181818181817,22.0,,
Thomas Brown,,ATL,6,172,2008,Georgia,2004,2007,40.0,,,,,,,,,,,,,,RB,Georgia,529.0,2646.0,5.0,23.0,39.0,372.0,9.5,2.0,66.2,9.3,,,,,,,,,,,,,,,,,,,,,,-0.6,22.0,,
Dominique Barber,,HTX,6,173,2008,Minnesota,2005,2007,37.0,,,,,,,,,,,,,,DB,Minnesota,,,,,,,,,,,,,,,,,,,,,,,,,,4.0,57.0,1.0,8.0,0.1081081081081081,0.2162162162162162,,22.0,5.0,5.0
Josh Morgan,,SFO,6,174,2008,Virginia Tech,2004,2007,51.0,,,,,,,,,,,,,,WR,Virginia Tech,,,,,,,,,,,35.6,122.0,1817.0,14.9,16.0,,,,,,,,,,,,,,,,,,23.0,13.0,21.0
Geno Hayes,,TAM,6,175,2008,Florida State,2005,2007,36.0,,,,,,,,,,,,,,LB,Florida State,,,,,,,,,,,,,,,,8.0,82.0,57.0,139.0,29.5,0.2222222222222222,2.2777777777777777,1.5833333333333333,3.861111111111111,0.8194444444444444,,,,,,,,21.0,18.0,30.0
Jalen Parmele,,MIA,6,176,2008,Toledo,2004,2007,44.0,,,,,,,,,,,,,,RB,Toledo,589.0,3119.0,5.3,28.0,41.0,350.0,8.5,1.0,70.9,8.0,,,,,,,,,,,,,,,,,,,,,,,22.0,,1.0
Nick Hayden,,CAR,6,181,2008,Wisconsin,2005,2007,39.0,,,,,,,,,,,,,,DL,Wisconsin,,,,,,,,,,,,,,,,10.0,70.0,61.0,131.0,21.5,0.2564102564102564,1.794871794871795,1.564102564102564,3.358974358974359,0.5512820512820513,,,,,,,,22.0,7.0,25.0
Kevin Robinson,,KAN,6,182,2008,Utah State,2004,2007,46.0,,,,,,,,,,,,,,WR,Utah State,,,,,,,,,,,54.0,178.0,2485.0,14.0,21.0,,,,,,,,,,,,,,,,,,23.0,0.0,0.0
Spencer Larsen,,DEN,6,183,2008,Arizona,2005,2007,32.0,,,,,,,,,,,,,,LB,Arizona,,,,,,,,,,,,,,,,7.0,179.0,92.0,271.0,28.5,0.21875,5.59375,2.875,8.46875,0.890625,,,,,,,3.15,24.0,4.0,5.0
Chris Harrington,,CRD,6,185,2008,Texas A&M,2005,2007,37.0,,,,,,,,,,,,,,DL,Texas A&M,,,,,,,,,,,,,,,,13.5,67.0,75.0,142.0,26.5,0.3648648648648648,1.8108108108108107,2.027027027027027,3.8378378378378377,0.7162162162162162,,,,,,,,23.0,,0.0
Colt Brennan,167.6,WAS,6,186,2008,Hawaii,2005,2007,38.0,1115.0,1584.0,469.0,70.4,14193.0,131.0,42.0,8.3,2.7,9.0,9.42,12.7,373.5,QB,Hawaii,,,,,,,,,,,,,,,,,,,,,,,,,,,,,,,,,25.0,,
Mike Humpal,,PIT,6,188,2008,Iowa,2005,2007,35.0,,,,,,,,,,,,,,LB,Iowa,,,,,,,,,,,,,,,,1.0,82.0,115.0,197.0,11.5,0.0285714285714285,2.342857142857143,3.2857142857142856,5.628571428571429,0.3285714285714285,,,,,,,,23.0,,
Tyler Schmitt,,SEA,6,189,2008,San Diego State,2005,2007,34.0,,,,,,,,,,,,,,OL,San Diego State,,,,,,,,,,,,,,,,,,,,,,,,,,,,,,,,,22.0,,
Ahtyba Rubin,,CLE,6,190,2008,Iowa State,2006,2006,12.0,,,,,,,,,,,,,,OL,Iowa State,,,,,,,,,,,,,,,,,,,,,,,,,,,,,,,,,22.0,32.0,47.0
Ahtyba Rubin,,CLE,6,190,2008,Iowa State,2007,2007,12.0,,,,,,,,,,,,,,DL,Iowa State,,,,,,,,,,,,,,,,1.5,24.0,18.0,42.0,4.0,0.125,2.0,1.5,3.5,0.3333333333333333,,,,,,,,22.0,32.0,47.0
Paul Hubbard,,CLE,6,191,2008,Wisconsin,2005,2007,26.0,,,,,,,,,,,,,,WR,Wisconsin,,,,,,,,,,,36.0,53.0,936.0,17.7,5.0,,,,,,,,,,,,,,,,,,23.0,,0.0
Dejuan Tribble,,SDG,6,192,2008,Boston College,2004,2007,43.0,,,,,,,,,,,,,,DB,Boston College,,,,,,,,,,,,,,,,,,,,,,,,,,15.0,145.0,3.0,,0.3488372093023256,,,23.0,,
Ryan Mundy,,PIT,6,194,2008,West Virginia,2004,2007,36.0,,,,,,,,,,,,,,DB,MichiganWest Virginia,,,,,,,,,,,,,,,,,,,,,,,,,,6.0,113.0,0.0,,0.1666666666666666,,,23.0,7.0,17.0
Donald Thomas,,MIA,6,195,2008,Connecticut,2005,2007,23.0,,,,,,,,,,,,,,OL,Connecticut,,,,,,,,,,,,,,,,,,,,,,,,,,,,,,,,,22.0,8.0,16.0
Tom Santi,,CLT,6,196,2008,Virginia,2004,2007,47.0,,,,,,,,,,,,,,TE,Virginia,,,,,,,,,,,25.2,97.0,1184.0,12.2,6.0,,,,,,,,,,,,,,,,,,22.0,2.0,2.0
Bo Ruud,,NWE,6,197,2008,Nebraska,2005,2007,36.0,,,,,,,,,,,,,,LB,Nebraska,,,,,,,,,,,,,,,,4.5,105.0,94.0,199.0,20.5,0.125,2.9166666666666665,2.611111111111111,5.527777777777778,0.5694444444444444,,,,,,,,24.0,,
Andre Woodson,139.9,NYG,6,198,2008,Kentucky,2004,2007,44.0,791.0,1278.0,487.0,61.9,9360.0,79.0,25.0,6.2,2.0,7.3,7.68,11.8,212.7,QB,Kentucky,,,,,,,,,,,,,,,,,,,,,,,,,,,,,,,,,24.0,,
Robert Henderson,,NYG,6,199,2008,Southern Mississippi,2005,2007,39.0,,,,,,,,,,,,,,DL,Southern Mississippi,,,,,,,,,,,,,,,,13.0,109.0,60.0,169.0,30.0,0.3333333333333333,2.7948717948717947,1.5384615384615383,4.333333333333333,0.7692307692307693,,,,,,,,24.0,,
Steve Justice,,CLT,6,201,2008,Wake Forest,2005,2007,24.0,,,,,,,,,,,,,,OL,Wake Forest,,,,,,,,,,,,,,,,,,,,,,,,,,,,,,,,,24.0,1.0,1.0
Michael Hart,,CLT,6,202,2008,Michigan,2004,2007,43.0,,,,,,,,,,,,,,RB,Michigan,1015.0,5040.0,5.0,41.0,67.0,566.0,8.4,2.0,117.2,13.2,,,,,,,,,,,,,,,,,,,,,,,22.0,3.0,3.0
Haruki Nakamura,,RAV,6,206,2008,Cincinnati,2005,2007,37.0,,,,,,,,,,,,,,DB,Cincinnati,,,,,,,,,,,,,,,,,,,,,,,,,,7.0,92.0,0.0,,0.1891891891891892,,,22.0,4.0,10.0
Ervin Baldwin,,CHI,7,208,2008,Michigan State,2006,2007,25.0,,,,,,,,,,,,,,DL,Michigan State,,,,,,,,,,,,,,,,12.5,40.0,53.0,93.0,25.0,0.5,1.6,2.12,3.72,1.0,,,,,,,,22.0,,0.0
Matt Flynn,133.0,GNB,7,209,2008,LSU,2004,2007,41.0,245.0,437.0,192.0,56.1,3096.0,31.0,13.0,7.1,3.0,7.1,7.16,12.6,75.5,QB,LSU,,,,,,,,,,,,,,,,,,,,,,,,,,,,,,,,-4.03125,23.0,7.0,8.0
Nate Garner,,NYJ,7,211,2008,Arkansas,2007,2007,13.0,,,,,,,,,,,,,,OL,Arkansas,,,,,,,,,,,,,,,,,,,,,,,,,,,,,,,,,23.0,,13.0
Wilrey Fontenot,,ATL,7,212,2008,Arizona,2004,2007,46.0,,,,,,,,,,,,,,DB,Arizona,,,,,,,,,,,,,,,,,,,,,,,,,,5.0,58.0,0.0,8.0,0.108695652173913,0.1739130434782608,,23.0,,
Chauncey Washington,,JAX,7,213,2008,USC,2003,2007,32.0,,,,,,,,,,,,,,RB,USC,371.0,1778.0,4.8,19.0,17.0,158.0,9.3,2.0,55.6,4.9,,,,,,,,,,,,,,,,,,,,,,,23.0,0.0,0.0
Larry Grant,,SFO,7,214,2008,Ohio State,2006,2007,25.0,,,,,,,,,,,,,,LB,Ohio State,,,,,,,,,,,,,,,,5.5,43.0,26.0,69.0,10.0,0.22,1.72,1.04,2.76,0.4,,,,,,,,23.0,4.0,10.0
Justin Harper,,RAV,7,215,2008,Virginia Tech,2004,2007,50.0,,,,,,,,,,,,,,WR,Virginia Tech,,,,,,,,,,,26.8,83.0,1338.0,16.1,8.0,,,,,,,,,,,,,,,,,,23.0,0.0,0.0
Landon Cohen,,DET,7,216,2008,Ohio,2005,2007,37.0,,,,,,,,,,,,,,DL,Ohio,,,,,,,,,,,,,,,,5.5,61.0,66.0,127.0,36.5,0.1486486486486486,1.648648648648649,1.7837837837837838,3.4324324324324325,0.9864864864864864,,,,,,,,22.0,2.0,4.0
Brett Swain,,GNB,7,217,2008,San Diego State,2004,2007,44.0,,,,,,,,,,,,,,WR,San Diego State,,,,,,,,,,,43.0,133.0,1893.0,14.2,8.0,,,,,,,,,,,,,,,,,,23.0,1.0,1.0
Caleb Campbell,,DET,7,218,2008,Army,2005,2007,32.0,,,,,,,,,,,,,,DB,Army,,,,,,,,,,,,,,,,,,,,,,,,,,6.0,55.0,0.0,2.0,0.1875,0.0625,,23.0,0.0,0.0
Josh Barrett,,DEN,7,220,2008,Arizona State,2004,2007,46.0,,,,,,,,,,,,,,DB,Arizona State,,,,,,,,,,,,,,,,,,,,,,,,,,6.0,77.0,0.0,,0.1304347826086956,,,23.0,2.0,3.0
Hilee Taylor,,CAR,7,221,2008,North Carolina,2004,2007,41.0,,,,,,,,,,,,,,LB,North Carolina,,,,,,,,,,,,,,,,14.5,61.0,29.0,90.0,22.5,0.3536585365853658,1.4878048780487805,0.7073170731707317,2.1951219512195124,0.5487804878048781,,,,,,,,22.0,1.0,1.0
Alex Brink,133.0,HTX,7,223,2008,Washington State,2004,2007,46.0,848.0,1451.0,603.0,58.4,10913.0,76.0,43.0,5.2,3.0,7.5,7.24,12.9,237.2,QB,Washington State,,,,,,,,,,,,,,,,,,,,,,,,,,,,,,,,,23.0,,
Steve Johnson,,BUF,7,224,2008,Kentucky,2006,2007,26.0,,,,,,,,,,,,,,WR,Kentucky,,,,,,,,,,,46.2,72.0,1200.0,16.7,14.0,,,,,,,,,,,,,,,,,,21.0,29.0,33.0
Chaz Schilens,,RAI,7,226,2008,San Diego State,2005,2007,32.0,,,,,,,,,,,,,,WR,San Diego State,,,,,,,,,,,50.1,103.0,1603.0,15.6,7.0,,,,,,,,,,,,,,,,,,22.0,6.0,7.0
Peyton Hillis,,DEN,7,227,2008,Arkansas,2004,2007,44.0,,,,,,,,,,,,,,RB,Arkansas,203.0,959.0,4.7,12.0,118.0,1195.0,10.1,11.0,21.8,27.2,,,,,,,,,,,,,,,,,,,,,,,22.0,4.0,21.0
Chris Chamberlain,,RAM,7,228,2008,Tulsa,2005,2007,39.0,,,,,,,,,,,,,,LB,Tulsa,,,,,,,,,,,,,,,,9.5,188.0,116.0,304.0,27.0,0.2435897435897435,4.82051282051282,2.9743589743589745,7.794871794871795,0.6923076923076923,,,,,,,,22.0,11.0,11.0
Chris Chamberlain,,RAM,7,228,2008,Tulsa,2004,2004,11.0,,,,,,,,,,,,,,DB,Tulsa,,,,,,,,,,,,,,,,,,,,,,,,,,0.0,0.0,0.0,,0.0,,,22.0,11.0,11.0
Keith Zinger,,ATL,7,232,2008,LSU,2003,2007,46.0,,,,,,,,,,,,,,TE,LSU,,,,,,,,,,,4.5,15.0,209.0,13.9,1.0,,,,,,,,,,,,,,,,,,23.0,0.0,0.0
Justin Forsett,,SEA,7,233,2008,California,2004,2007,49.0,,,,,,,,,,,,,,RB,California,567.0,3220.0,5.7,26.0,41.0,386.0,9.4,1.0,65.7,7.9,,,,,,,,,,,,,,,,,,,,,,,22.0,12.0,32.0
Jamey Richard,,CLT,7,236,2008,Buffalo,2006,2007,24.0,,,,,,,,,,,,,,OL,Buffalo,,,,,,,,,,,,,,,,,,,,,,,,,,,,,,,,,23.0,11.0,11.0
Adrian Arrington,,NOR,7,237,2008,Michigan,2004,2007,35.0,,,,,,,,,,,,,,WR,Michigan,,,,,,,,,,,41.1,109.0,1438.0,13.2,16.0,,,,,,,,,,,,,,,,,,22.0,1.0,1.0
Cory Boyd,,TAM,7,238,2008,South Carolina,2003,2007,46.0,,,,,,,,,,,,,,RB,South Carolina,464.0,2267.0,4.9,23.0,117.0,1303.0,11.1,5.0,49.3,28.3,,,,,,,,,,,,,,,,,,,,,,,23.0,,0.0
Mike Merritt,,KAN,7,239,2008,UCF,2005,2007,38.0,,,,,,,,,,,,,,TE,UCF,,,,,,,,,,,5.3,17.0,201.0,11.8,0.0,,,,,,,,,,,,,,,,,,24.0,,
Allen Patrick,,RAV,7,240,2008,Oklahoma,2006,2007,25.0,,,,,,,,,,,,,,RB,Oklahoma,342.0,1770.0,5.2,12.0,10.0,56.0,5.6,1.0,70.8,2.2,,,,,,,,,,,,,,,,,,,,,,,24.0,,
Allen Patrick,,RAV,7,240,2008,Oklahoma,2005,2005,11.0,,,,,,,,,,,,,,DB,Oklahoma,,,,,,,,,,,,,,,,,,,,,,,,,,0.0,0.0,0.0,,0.0,,,24.0,,
Geoff Schwartz,,CAR,7,241,2008,Oregon,2007,2007,13.0,,,,,,,,,,,,,,OL,Oregon,,,,,,,,,,,,,,,,,,,,,,,,,,,,,,,,,22.0,6.0,18.0
Rob Jackson,,WAS,7,242,2008,Kansas State,2006,2007,25.0,,,,,,,,,,,,,,DL,Kansas State,,,,,,,,,,,,,,,,6.5,38.0,23.0,61.0,13.0,0.26,1.52,0.92,2.44,0.52,,,,,,,,22.0,9.0,9.0
Joey Larocque,,CHI,7,243,2008,Oregon State,2006,2007,27.0,,,,,,,,,,,,,,LB,Oregon State,,,,,,,,,,,,,,,,3.0,98.0,86.0,184.0,17.0,0.1111111111111111,3.6296296296296298,3.185185185185185,6.814814814814815,0.6296296296296297,,,,,,,,22.0,1.0,1.0
Lionel Dotson,,MIA,7,245,2008,Arizona,2005,2007,33.0,,,,,,,,,,,,,,LB,Arizona,,,,,,,,,,,,,,,,7.5,61.0,41.0,102.0,11.0,0.2272727272727272,1.8484848484848484,1.2424242424242424,3.090909090909091,0.3333333333333333,,,,,,,,23.0,0.0,0.0
Mario Urrutia,,CIN,7,246,2008,Louisville,2005,2007,34.0,,,,,,,,,,,,,,WR,Louisville,,,,,,,,,,,66.8,130.0,2271.0,17.5,16.0,,,,,,,,,,,,,,,,,,22.0,,
Marcus Monk,,CHI,7,248,2008,Arkansas,2004,2007,43.0,,,,,,,,,,,,,,WR,Arkansas,,,,,,,,,,,50.0,138.0,2151.0,15.6,27.0,,,,,,,,,,,,,,,,,,22.0,,
Chris Horton,,WAS,7,249,2008,UCLA,2004,2007,40.0,,,,,,,,,,,,,,DB,UCLA,,,,,,,,,,,,,,,,,,,,,,,,,,4.0,9.0,0.0,5.0,0.1,0.125,,23.0,8.0,8.0
Kennard Cox,,BUF,7,251,2008,Pitt,2005,2007,33.0,,,,,,,,,,,,,,DB,Pitt,,,,,,,,,,,,,,,,,,,,,,,,,,2.0,27.0,0.0,,0.0606060606060606,,,23.0,,2.0
David Vobora,,RAM,7,252,2008,Idaho,2005,2007,33.0,,,,,,,,,,,,,,LB,Idaho,,,,,,,,,,,,,,,,3.0,197.0,127.0,324.0,27.0,0.0909090909090909,5.96969696969697,3.8484848484848486,9.818181818181818,0.8181818181818182,,,,,,,,22.0,8.0,8.0
Matthew Stafford,133.3,DET,1,1,2009,Georgia,2006,2008,39.0,564.0,987.0,423.0,57.1,7731.0,51.0,33.0,5.2,3.3,7.8,7.36,13.7,198.2,QB,Georgia,,,,,,,,,,,,,,,,,,,,,,,,,,,,,,,,,21.0,91.0,133.0
Jason Smith,,RAM,1,2,2009,Baylor,2005,2005,11.0,,,,,,,,,,,,,,TE,Baylor,,,,,,,,,,,6.4,6.0,70.0,11.7,1.0,,,,,,,,,,,,,,,,,12.6188679245283,23.0,9.0,10.0
Jason Smith,,RAM,1,2,2009,Baylor,2006,2007,19.0,,,,,,,,,,,,,,OL,Baylor,,,,,,,,,,,,,,,,,,,,,,,,,,,,,,,,12.6188679245283,23.0,9.0,10.0
Tyson Jackson,,KAN,1,3,2009,LSU,2005,2008,53.0,,,,,,,,,,,,,,DL,LSU,,,,,,,,,,,,,,,,17.0,52.0,69.0,121.0,26.5,0.320754716981132,0.981132075471698,1.30188679245283,2.2830188679245285,0.5,,,,,,,,23.0,23.0,34.0
Aaron Curry,,SEA,1,4,2009,Wake Forest,2005,2008,51.0,,,,,,,,,,,,,,LB,Wake Forest,,,,,,,,,,,,,,,,9.5,209.0,122.0,331.0,44.5,0.1862745098039215,4.098039215686274,2.392156862745098,6.490196078431373,0.8725490196078431,,,,,,,11.0,23.0,12.0,16.0
Mark Sanchez,153.9,NYJ,1,5,2009,USC,2006,2008,27.0,313.0,487.0,174.0,64.3,3965.0,41.0,16.0,8.4,3.3,8.1,8.35,12.7,146.9,QB,USC,,,,,,,,,,,,,,,,,,,,,,,,,,,,,,,,,22.0,26.0,32.0
Andre Smith,,CIN,1,6,2009,Alabama,2006,2008,26.0,,,,,,,,,,,,,,OL,Alabama,,,,,,,,,,,,,,,,,,,,,,,,,,,,,,,,-3.9909090909090907,22.0,37.0,41.0
Darrius Heyward-Bey,,RAI,1,7,2009,Maryland,2006,2008,38.0,,,,,,,,,,,,,,WR,Maryland,,,,,,,,,,,55.0,138.0,2089.0,15.1,13.0,,,,,,,,,,,,,,,,,,22.0,17.0,23.0
Eugene Monroe,,JAX,1,8,2009,Virginia,2007,2007,11.0,,,,,,,,,,,,,,OL,Virginia,,,,,,,,,,,,,,,,,,,,,,,,,,,,,,,,,22.0,22.0,32.0
B.J. Raji,,GNB,1,9,2009,Boston College,2005,2008,38.0,,,,,,,,,,,,,,DL,Boston College,,,,,,,,,,,,,,,,12.0,53.0,39.0,92.0,29.0,0.3157894736842105,1.394736842105263,1.0263157894736843,2.4210526315789473,0.7631578947368421,,,,,,,,23.0,33.0,33.0
Michael Crabtree,,SFO,1,10,2009,Texas Tech,2007,2008,26.0,,,,,,,,,,,,,,WR,Texas Tech,,,,,,,,,,,120.3,231.0,3127.0,13.5,41.0,,,,,,,,,,,,,,,,,,21.0,33.0,53.0
Aaron Maybin,,BUF,1,11,2009,Penn State,2007,2008,26.0,,,,,,,,,,,,,,DL,Penn State,,,,,,,,,,,,,,,,16.0,38.0,23.0,61.0,24.5,0.6153846153846154,1.4615384615384617,0.8846153846153846,2.3461538461538463,0.9423076923076924,,,,,,,,21.0,2.0,5.0
Knowshon Moreno,,DEN,1,12,2009,Georgia,2007,2008,26.0,,,,,,,,,,,,,,RB,Georgia,498.0,2734.0,5.5,30.0,53.0,645.0,12.2,2.0,105.2,24.8,,,,,,,,,,,,,,,,,,,,,,,22.0,32.0,33.0
Brian Orakpo,,WAS,1,13,2009,Texas,2005,2008,47.0,,,,,,,,,,,,,,DL,Texas,,,,,,,,,,,,,,,,23.0,75.0,28.0,103.0,34.5,0.4893617021276595,1.5957446808510638,0.5957446808510638,2.1914893617021276,0.7340425531914894,,,,,,,,23.0,33.0,58.0
Malcolm Jenkins,,NOR,1,14,2009,Ohio State,2005,2008,50.0,,,,,,,,,,,,,,DB,Ohio State,,,,,,,,,,,,,,,,,,,,,,,,,,11.0,159.0,2.0,,0.22,,,21.0,32.0,68.0
Brian Cushing,,HTX,1,15,2009,USC,2005,2008,44.0,,,,,,,,,,,,,,LB,USC,,,,,,,,,,,,,,,,8.5,104.0,74.0,178.0,27.0,0.1931818181818181,2.363636363636364,1.681818181818182,4.045454545454546,0.6136363636363636,,,,,,,,22.0,52.0,52.0
Larry English,,SDG,1,16,2009,Northern Illinois,2005,2008,49.0,,,,,,,,,,,,,,DL,Northern Illinois,,,,,,,,,,,,,,,,31.5,108.0,104.0,212.0,54.5,0.6428571428571429,2.204081632653061,2.122448979591837,4.326530612244898,1.1122448979591837,,,,,,,,23.0,7.0,7.0
Josh Freeman,124.7,TAM,1,17,2009,Kansas State,2006,2008,35.0,680.0,1151.0,471.0,59.1,8078.0,44.0,34.0,3.8,3.0,7.0,6.45,11.9,230.8,QB,Kansas State,,,,,,,,,,,,,,,,,,,,,,,,,,,,,,,,,21.0,36.0,37.0
Robert Ayers,,DEN,1,18,2009,Tennessee,2005,2008,48.0,,,,,,,,,,,,,,DL,Tennessee,,,,,,,,,,,,,,,,9.0,80.0,33.0,113.0,31.5,0.1875,1.6666666666666667,0.6875,2.3541666666666665,0.65625,,,,,,,,24.0,13.0,27.0
Jeremy Maclin,,PHI,1,19,2009,Missouri,2007,2008,28.0,,,,,,,,,,,,,,WR,Missouri,,,,,,,,,,,82.7,182.0,2315.0,12.7,22.0,,,,,,,,,,,,,,,,,,21.0,33.0,50.0
Brandon Pettigrew,,DET,1,20,2009,Oklahoma State,2005,2008,47.0,,,,,,,,,,,,,,TE,Oklahoma State,,,,,,,,,,,30.9,112.0,1450.0,12.9,9.0,,,,,,,,,,,,,,,,,,24.0,22.0,22.0
Alex Mack,,CLE,1,21,2009,California,2007,2007,13.0,,,,,,,,,,,,,,OL,California,,,,,,,,,,,,,,,,,,,,,,,,,,,,,,,,,23.0,30.0,86.0
Percy Harvin,,MIN,1,22,2009,Florida,2006,2008,36.0,,,,,,,,,,,,,,WR,Florida,,,,,,,,,,,53.6,133.0,1929.0,14.5,13.0,,,,,,,,,,,,,,,,,,21.0,37.0,43.0
Michael Oher,,RAV,1,23,2009,Ole Miss,2008,2008,,,,,,,,,,,,,,,OL,Ole Miss,,,,,,,,,,,,,,,,,,,,,,,,,,,,,,,,,23.0,33.0,42.0
Peria Jerry,,ATL,1,24,2009,Ole Miss,2005,2008,38.0,,,,,,,,,,,,,,DL,Ole Miss,,,,,,,,,,,,,,,,11.5,79.0,53.0,132.0,33.0,0.3026315789473684,2.0789473684210527,1.394736842105263,3.473684210526316,0.868421052631579,,,,,,,,25.0,13.0,13.0
Vontae Davis,,MIA,1,25,2009,Illinois,2006,2008,36.0,,,,,,,,,,,,,,DB,Illinois,,,,,,,,,,,,,,,,,,,,,,,,,,7.0,12.0,0.0,,0.1944444444444444,,,21.0,12.0,45.0
Clay Matthews,,GNB,1,26,2009,USC,2005,2008,47.0,,,,,,,,,,,,,,LB,USC,,,,,,,,,,,,,,,,5.5,57.0,40.0,97.0,13.5,0.1170212765957446,1.2127659574468086,0.851063829787234,2.0638297872340425,0.2872340425531915,,,,,,,,23.0,75.0,77.0
Donald Brown,,CLT,1,27,2009,Connecticut,2006,2008,37.0,,,,,,,,,,,,,,RB,Connecticut,698.0,3800.0,5.4,33.0,48.0,276.0,5.8,2.0,102.7,7.5,,,,,,,,,,,,,,,,,,,,,,-14.1,22.0,21.0,25.0
Eric Wood,,BUF,1,28,2009,Louisville,2006,2008,36.0,,,,,,,,,,,,,,OL,Louisville,,,,,,,,,,,,,,,,,,,,,,,,,,,,,,,,,23.0,47.0,47.0
Hakeem Nicks,,NYG,1,29,2009,North Carolina,2006,2008,36.0,,,,,,,,,,,,,,WR,North Carolina,,,,,,,,,,,78.9,181.0,2840.0,15.7,21.0,,,,,,,,,,,,,,,,,,21.0,37.0,40.0
Kenny Britt,,OTI,1,30,2009,Rutgers,2006,2008,34.0,,,,,,,,,,,,,,WR,Rutgers,,,,,,,,,,,89.5,178.0,3043.0,17.1,17.0,,,,,,,,,,,,,,,,,,20.0,20.0,35.0
Chris Wells,,CRD,1,31,2009,Ohio State,2006,2008,36.0,,,,,,,,,,,,,,RB,Ohio State,585.0,3382.0,5.8,30.0,15.0,84.0,5.6,0.0,93.9,2.3,,,,,,,,,,,,,,,,,,,,,,,21.0,14.0,14.0
Evander Hood,,PIT,1,32,2009,Missouri,2005,2008,50.0,,,,,,,,,,,,,,DL,Missouri,,,,,,,,,,,,,,,,14.5,88.0,67.0,155.0,22.5,0.29,1.76,1.34,3.1,0.45,,,,,,,,22.0,27.0,38.0
Louis Delmas,,DET,2,33,2009,Western Michigan,2005,2008,45.0,,,,,,,,,,,,,,DB,Western Michigan,,,,,,,,,,,,,,,,,,,,,,,,,,12.0,152.0,1.0,,0.2666666666666666,,,22.0,22.0,25.0
Patrick Chung,,NWE,2,34,2009,Oregon,2005,2008,51.0,,,,,,,,,,,,,,DB,Oregon,,,,,,,,,,,,,,,,,,,,,,,,,,9.0,107.0,1.0,,0.1764705882352941,,,22.0,35.0,38.0
James Laurinaitis,,RAM,2,35,2009,Ohio State,2005,2008,51.0,,,,,,,,,,,,,,LB,Ohio State,,,,,,,,,,,,,,,,13.0,159.0,216.0,375.0,24.5,0.2549019607843137,3.1176470588235294,4.235294117647059,7.352941176470588,0.4803921568627451,,,,,,,,22.0,51.0,51.0
Brian Robiskie,,CLE,2,36,2009,Ohio State,2005,2008,51.0,,,,,,,,,,,,,,WR,Ohio State,,,,,,,,,,,36.6,127.0,1866.0,14.7,24.0,,,,,,,,,,,,,,,,,,21.0,3.0,3.0
Alphonso Smith,,DEN,2,37,2009,Wake Forest,2005,2008,51.0,,,,,,,,,,,,,,DB,Wake Forest,,,,,,,,,,,,,,,,,,,,,,,,,,21.0,254.0,4.0,,0.4117647058823529,,,23.0,1.0,8.0
Rey Maualuga,,CIN,2,38,2009,USC,2005,2008,50.0,,,,,,,,,,,,,,LB,USC,,,,,,,,,,,,,,,,9.0,164.0,109.0,273.0,22.5,0.18,3.28,2.18,5.46,0.45,,,,,,,,22.0,47.0,49.0
Eben Britton,,JAX,2,39,2009,Arizona,2007,2007,12.0,,,,,,,,,,,,,,OL,Arizona,,,,,,,,,,,,,,,,,,,,,,,,,,,,,,,,,21.0,13.0,17.0
Ron Brace,,NWE,2,40,2009,Boston College,2005,2008,47.0,,,,,,,,,,,,,,DL,Boston College,,,,,,,,,,,,,,,,5.0,50.0,35.0,85.0,22.0,0.1063829787234042,1.0638297872340423,0.7446808510638298,1.8085106382978724,0.4680851063829787,,,,,,,,22.0,6.0,6.0
Darius Butler,,NWE,2,41,2009,Connecticut,2008,2008,10.0,,,,,,,,,,,,,,WR,Connecticut,,,,,,,,,,,12.3,9.0,123.0,13.7,1.0,,,,,,,,,,,,,,,,,,23.0,5.0,22.0
Darius Butler,,NWE,2,41,2009,Connecticut,2005,2007,35.0,,,,,,,,,,,,,,DB,Connecticut,,,,,,,,,,,,,,,,,,,,,,,,,,10.0,213.0,2.0,,0.2857142857142857,,,23.0,5.0,22.0
Jairus Byrd,,BUF,2,42,2009,Oregon,2006,2008,39.0,,,,,,,,,,,,,,DB,Oregon,,,,,,,,,,,,,,,,,,,,,,,,,,17.0,113.0,0.0,,0.4358974358974359,,,22.0,31.0,38.0
Everette Brown,,CAR,2,43,2009,Florida State,2006,2008,39.0,,,,,,,,,,,,,,DL,Florida State,,,,,,,,,,,,,,,,23.0,71.0,28.0,99.0,46.5,0.5897435897435898,1.8205128205128205,0.717948717948718,2.5384615384615383,1.1923076923076923,,,,,,,,22.0,5.0,6.0
Pat White,147.4,MIA,2,44,2009,West Virginia,2005,2008,49.0,507.0,783.0,276.0,64.8,6049.0,56.0,23.0,7.2,2.9,7.7,7.83,11.9,123.4,QB,West Virginia,,,,,,,,,,,,,,,,,,,,,,,,,,,,,,,,,23.0,1.0,1.0
Clint Sintim,,NYG,2,45,2009,Virginia,2005,2008,49.0,,,,,,,,,,,,,,LB,Virginia,,,,,,,,,,,,,,,,27.0,131.0,114.0,245.0,38.5,0.5510204081632653,2.673469387755102,2.326530612244898,5.0,0.7857142857142857,,,,,,,,23.0,2.0,2.0
Connor Barwin,,HTX,2,46,2009,Cincinnati,2005,2007,36.0,,,,,,,,,,,,,,TE,Cincinnati,,,,,,,,,,,19.2,52.0,691.0,13.3,5.0,,,,,,,,,,,,,,,,,,22.0,16.0,51.0
Connor Barwin,,HTX,2,46,2009,Cincinnati,2008,2008,14.0,,,,,,,,,,,,,,DL,Cincinnati,,,,,,,,,,,,,,,,11.0,27.0,22.0,49.0,14.5,0.7857142857142857,1.9285714285714288,1.5714285714285714,3.5,1.0357142857142858,,,,,,,,22.0,16.0,51.0
Michael Mitchell,,RAI,2,47,2009,Ohio,2005,2008,46.0,,,,,,,,,,,,,,DB,Ohio,,,,,,,,,,,,,,,,,,,,,,,,,,7.0,140.0,0.0,2.0,0.1521739130434782,0.0434782608695652,,22.0,4.0,33.0
Darcel McBath,,DEN,2,48,2009,Texas Tech,2005,2008,45.0,,,,,,,,,,,,,,DB,Texas Tech,,,,,,,,,,,,,,,,,,,,,,,,,,12.0,173.0,2.0,,0.2666666666666666,,,23.0,2.0,3.0
Max Unger,,SEA,2,49,2009,Oregon,2008,2008,13.0,,,,,,,,,,,,,,OL,Oregon,,,,,,,,,,,,,,,,,,,,,,,,,,,,,,,,,23.0,34.0,69.0
Mohamed Massaquoi,,CLE,2,50,2009,Georgia,2005,2008,51.0,,,,,,,,,,,,,,WR,Georgia,,,,,,,,,,,44.7,158.0,2282.0,14.4,16.0,,,,,,,,,,,,,,,,,,22.0,11.0,11.0
Andy Levitre,,BUF,2,51,2009,Oregon State,2005,2008,29.0,,,,,,,,,,,,,,OL,Oregon State,,,,,,,,,,,,,,,,,,,,,,,,,,,,,,,,,23.0,22.0,55.0
David Veikune,,CLE,2,52,2009,Hawaii,2006,2008,41.0,,,,,,,,,,,,,,DL,Hawaii,,,,,,,,,,,,,,,,18.0,77.0,40.0,117.0,28.0,0.4390243902439024,1.8780487804878048,0.975609756097561,2.8536585365853657,0.6829268292682927,,,,,,,,23.0,1.0,1.0
LeSean McCoy,,PHI,2,53,2009,Pitt,2007,2008,25.0,,,,,,,,,,,,,,RB,Pitt,584.0,2816.0,4.8,35.0,65.0,549.0,8.4,1.0,112.6,22.0,,,,,,,,,,,,,,,,,,,,,,,21.0,50.0,83.0
Phil Loadholt,,MIN,2,54,2009,Oklahoma,2008,2008,13.0,,,,,,,,,,,,,,OL,Oklahoma,,,,,,,,,,,,,,,,,,,,,,,,,,,,,,,,,23.0,36.0,36.0
William Moore,,ATL,2,55,2009,Missouri,2005,2008,49.0,,,,,,,,,,,,,,DB,Missouri,,,,,,,,,,,,,,,,,,,,,,,,,,11.0,162.0,4.0,,0.2244897959183673,,,24.0,30.0,30.0
Fili Moala,,CLT,2,56,2009,USC,2005,2008,51.0,,,,,,,,,,,,,,DL,USC,,,,,,,,,,,,,,,,9.5,46.0,44.0,90.0,23.5,0.1862745098039215,0.9019607843137256,0.8627450980392157,1.7647058823529411,0.4607843137254901,,,,,,,,24.0,19.0,19.0
Paul Kruger,,RAV,2,57,2009,Utah,2007,2008,26.0,,,,,,,,,,,,,,DL,Utah,,,,,,,,,,,,,,,,10.5,55.0,69.0,124.0,24.0,0.4038461538461538,2.1153846153846154,2.6538461538461537,4.769230769230769,0.9230769230769232,,,,,,,,23.0,7.0,29.0
Sebastian Vollmer,,NWE,2,58,2009,Houston,2005,2007,21.0,,,,,,,,,,,,,,OL,Houston,,,,,,,,,,,,,,,,,,,,,,,,,,,,,,,,,25.0,52.0,52.0
Sherrod Martin,,CAR,2,59,2009,Troy,2004,2008,46.0,,,,,,,,,,,,,,DB,Troy,,,,,,,,,,,,,,,,,,,,,,,,,,9.0,73.0,0.0,,0.1956521739130435,,,24.0,13.0,16.0
William Beatty,,NYG,2,60,2009,Connecticut,2005,2008,24.0,,,,,,,,,,,,,,DL,Connecticut,,,,,,,,,,,,,,,,0.0,4.0,1.0,5.0,0.0,0.0,0.1666666666666666,0.0416666666666666,0.2083333333333333,0.0,,,,,,,,24.0,30.0,30.0
Sean Smith,,MIA,2,61,2009,Utah,2006,2006,13.0,,,,,,,,,,,,,,WR,Utah,,,,,,,,,,,0.9,1.0,12.0,12.0,0.0,,,,,,,,,,,,,,,,,-4.6,22.0,20.0,38.0
Sean Smith,,MIA,2,61,2009,Utah,2007,2008,26.0,,,,,,,,,,,,,,DB,Utah,,,,,,,,,,,,,,,,,,,,,,,,,,9.0,151.0,1.0,,0.3461538461538461,,-4.6,22.0,20.0,38.0
Sen'Derrick Marks,,OTI,2,62,2009,Auburn,2005,2008,40.0,,,,,,,,,,,,,,DL,Auburn,,,,,,,,,,,,,,,,7.5,63.0,52.0,115.0,30.0,0.1875,1.575,1.3,2.875,0.75,,,,,,,,22.0,11.0,27.0
Cody Brown,,CRD,2,63,2009,Connecticut,2005,2008,42.0,,,,,,,,,,,,,,DL,Connecticut,,,,,,,,,,,,,,,,23.0,85.0,64.0,149.0,44.5,0.5476190476190477,2.0238095238095237,1.5238095238095235,3.547619047619047,1.0595238095238095,,,,,,,-0.7466666666666666,22.0,,
Richard Quinn,,DEN,2,64,2009,North Carolina,2005,2008,34.0,,,,,,,,,,,,,,TE,North Carolina,,,,,,,,,,,3.6,12.0,124.0,10.3,2.0,,,,,,,,,,,,,,,,,,23.0,0.0,0.0
Shonn Greene,,NYJ,3,65,2009,Iowa,2005,2008,34.0,,,,,,,,,,,,,,RB,Iowa,376.0,2228.0,5.9,22.0,11.0,72.0,6.5,0.0,65.5,2.1,,,,,,,,,,,,,,,,,,,,,,,24.0,20.0,23.0
Bradley Fletcher,,RAM,3,66,2009,Iowa,2005,2008,47.0,,,,,,,,,,,,,,DB,Iowa,,,,,,,,,,,,,,,,,,,,,,,,,,5.0,5.0,0.0,4.0,0.1063829787234042,0.0851063829787234,,23.0,13.0,24.0
Alex Magee,,KAN,3,67,2009,Purdue,2005,2008,50.0,,,,,,,,,,,,,,DL,Purdue,,,,,,,,,,,,,,,,6.0,68.0,49.0,117.0,14.0,0.12,1.36,0.98,2.34,0.28,,,,,,,,22.0,1.0,2.0
Jarron Gilbert,,CHI,3,68,2009,San Jose State,2005,2008,47.0,,,,,,,,,,,,,,DL,San Jose State,,,,,,,,,,,,,,,,21.5,89.0,56.0,145.0,42.0,0.4574468085106383,1.8936170212765957,1.1914893617021276,3.0851063829787235,0.8936170212765957,,,,,,,,22.0,0.0,0.0
Michael Johnson,,CIN,3,70,2009,Georgia Tech,2005,2008,50.0,,,,,,,,,,,,,,DL,Georgia Tech,,,,,,,,,,,,,,,,19.0,70.0,37.0,107.0,30.5,0.38,1.4,0.74,2.14,0.61,,,,,,,-5.7968253968253975,22.0,50.0,54.0
Matt Shaughnessy,,RAI,3,71,2009,Wisconsin,2007,2008,26.0,,,,,,,,,,,,,,DL,Wisconsin,,,,,,,,,,,,,,,,9.0,70.0,30.0,100.0,26.0,0.3461538461538461,2.6923076923076925,1.1538461538461535,3.8461538461538463,1.0,,,,,,,,22.0,13.0,22.0
Terrance Knighton,,JAX,3,72,2009,Temple,2005,2008,46.0,,,,,,,,,,,,,,DL,Temple,,,,,,,,,,,,,,,,6.0,105.0,79.0,184.0,26.0,0.1304347826086956,2.282608695652174,1.7173913043478262,4.0,0.5652173913043478,,,,,,,,23.0,18.0,37.0
Glen Coffee,,SFO,3,74,2009,Alabama,2005,2008,35.0,,,,,,,,,,,,,,RB,Alabama,410.0,2107.0,5.1,14.0,42.0,351.0,8.4,2.0,60.2,10.0,,,,,,,,,,,,,,,,,,,,,,,22.0,2.0,2.0
Deandre Levy,,DET,3,76,2009,Wisconsin,2005,2008,50.0,,,,,,,,,,,,,,LB,Wisconsin,,,,,,,,,,,,,,,,14.0,115.0,95.0,210.0,27.0,0.28,2.3,1.9,4.2,0.54,,,,,,,,22.0,45.0,45.0
Antoine Caldwell,,HTX,3,77,2009,Alabama,2008,2008,,,,,,,,,,,,,,,OL,Alabama,,,,,,,,,,,,,,,,,,,,,,,,,,,,,,,,,23.0,11.0,11.0
Louis Vasquez,,SDG,3,78,2009,Texas Tech,2008,2008,12.0,,,,,,,,,,,,,,OL,Texas Tech,,,,,,,,,,,,,,,,,,,,,,,,,,,,,,,,,22.0,25.0,59.0
Kraig Urbik,,PIT,3,79,2009,Wisconsin,2007,2007,13.0,,,,,,,,,,,,,,OL,Wisconsin,,,,,,,,,,,,,,,,,,,,,,,,,,,,,,,,,23.0,,27.0
Kevin Barnes,,WAS,3,80,2009,Maryland,2005,2008,42.0,,,,,,,,,,,,,,DB,Maryland,,,,,,,,,,,,,,,,,,,,,,,,,,6.0,82.0,0.0,1.0,0.1428571428571428,0.0238095238095238,,22.0,3.0,3.0
Roy Miller,,TAM,3,81,2009,Texas,2005,2008,48.0,,,,,,,,,,,,,,DL,Texas,,,,,,,,,,,,,,,,10.0,54.0,46.0,100.0,20.5,0.2083333333333333,1.125,0.9583333333333334,2.0833333333333335,0.4270833333333333,,,,,,,,22.0,15.0,33.0
Derrick Williams,,DET,3,82,2009,Penn State,2005,2008,46.0,,,,,,,,,,,,,,WR,Penn State,,,,,,,,,,,37.9,161.0,1743.0,10.8,9.0,,,,,,,,,,,,,,,,,,23.0,0.0,0.0
Brandon Tate,,NWE,3,83,2009,North Carolina,2005,2008,41.0,,,,,,,,,,,,,,WR,North Carolina,,,,,,,,,,,22.6,46.0,927.0,20.2,8.0,,,,,,,,,,,,,,,,,,21.0,8.0,16.0
Mike Wallace,,PIT,3,84,2009,Ole Miss,2006,2008,37.0,,,,,,,,,,,,,,WR,Ole Miss,,,,,,,,,,,51.6,101.0,1910.0,18.9,15.0,,,,,,,,,,,,,,,,,,23.0,32.0,57.0
Asher Allen,,MIN,3,86,2009,Georgia,2006,2008,39.0,,,,,,,,,,,,,,DB,Georgia,,,,,,,,,,,,,,,,,,,,,,,,,,3.0,4.0,0.0,,0.0769230769230769,,,21.0,8.0,8.0
Patrick Turner,,MIA,3,87,2009,USC,2005,2008,48.0,,,,,,,,,,,,,,WR,USC,,,,,,,,,,,36.5,138.0,1752.0,12.7,17.0,,,,,,,,,,,,,,,,,,22.0,0.0,1.0
Jared Cook,,OTI,3,89,2009,South Carolina,2006,2008,36.0,,,,,,,,,,,,,,WR,South Carolina,,,,,,,,,,,30.8,73.0,1107.0,15.2,7.0,,,,,,,,,,,,,,,,,,22.0,10.0,48.0
Christopher Owens,,ATL,3,90,2009,San Jose State,2005,2008,48.0,,,,,,,,,,,,,,DB,San Jose State,,,,,,,,,,,,,,,,,,,,,,,,,,13.0,132.0,0.0,,0.2708333333333333,,,22.0,7.0,11.0
Deon Butler,,SEA,3,91,2009,Penn State,2005,2008,50.0,,,,,,,,,,,,,,WR,Penn State,,,,,,,,,,,55.4,179.0,2771.0,15.5,22.0,,,,,,,,,,,,,,,,,-13.625,23.0,4.0,4.0
Jerraud Powers,,CLT,3,92,2009,Auburn,2006,2008,36.0,,,,,,,,,,,,,,DB,Auburn,,,,,,,,,,,,,,,,,,,,,,,,,,6.0,35.0,0.0,,0.1666666666666666,,,22.0,13.0,30.0
Corvey Irvin,,CAR,3,93,2009,Georgia,2007,2008,26.0,,,,,,,,,,,,,,DL,Georgia,,,,,,,,,,,,,,,,3.5,32.0,16.0,48.0,11.0,0.1346153846153846,1.2307692307692308,0.6153846153846154,1.8461538461538465,0.4230769230769231,,,,,,,,24.0,0.0,1.0
Ryan Mouton,,OTI,3,94,2009,Hawaii,2007,2008,24.0,,,,,,,,,,,,,,DB,Hawaii,,,,,,,,,,,,,,,,,,,,,,,,,,3.0,150.0,2.0,,0.125,,,22.0,4.0,4.0
Rashad Johnson,,CRD,3,95,2009,Alabama,2006,2008,38.0,,,,,,,,,,,,,,DB,Alabama,,,,,,,,,,,,,,,,,,,,,,,,,,11.0,189.0,2.0,,0.2894736842105263,,,23.0,23.0,25.0
Keenan Lewis,,PIT,3,96,2009,Oregon State,2005,2008,50.0,,,,,,,,,,,,,,DB,Oregon State,,,,,,,,,,,,,,,,,,,,,,,,,,7.0,72.0,1.0,19.0,0.14,0.38,,23.0,11.0,22.0
Tyrone McKenzie,,NWE,3,97,2009,South Florida,2006,2008,38.0,,,,,,,,,,,,,,LB,Iowa StateSouth Florida,,,,,,,,,,,,,,,,3.5,201.0,158.0,359.0,33.5,0.0921052631578947,5.2894736842105265,4.157894736842105,9.447368421052632,0.881578947368421,,,,,,,,23.0,,1.0
Chase Coffman,,CIN,3,98,2009,Missouri,2005,2008,50.0,,,,,,,,,,,,,,TE,Missouri,,,,,,,,,,,53.2,247.0,2659.0,10.8,30.0,,,,,,,,,,,,,,,,,,22.0,0.0,0.0
Juaquin Iglesias,,CHI,3,99,2009,Oklahoma,2005,2008,54.0,,,,,,,,,,,,,,WR,Oklahoma,,,,,,,,,,,53.0,202.0,2861.0,14.2,19.0,,,,,,,,,,,,,,,,,,22.0,0.0,0.0
Travis Beckum,,NYG,3,100,2009,Wisconsin,2006,2008,32.0,,,,,,,,,,,,,,TE,Wisconsin,,,,,,,,,,,67.2,159.0,2149.0,13.5,11.0,,,,,,,,,,,,,,,,,,22.0,2.0,2.0
Travis Beckum,,NYG,3,100,2009,Wisconsin,2005,2005,10.0,,,,,,,,,,,,,,LB,Wisconsin,,,,,,,,,,,,,,,,0.0,1.0,1.0,2.0,1.0,0.0,0.1,0.1,0.2,0.1,,,,,,,,22.0,2.0,2.0
Stephen McGee,124.1,DAL,4,101,2009,Texas A&M,2005,2008,40.0,485.0,815.0,330.0,59.5,5475.0,28.0,13.0,3.4,1.6,6.7,6.69,11.3,136.9,QB,Texas A&M,,,,,,,,,,,,,,,,,,,,,,,,,,,,,,,,,23.0,2.0,2.0
Donald Washington,,KAN,4,102,2009,Ohio State,2005,2008,38.0,,,,,,,,,,,,,,DB,Ohio State,,,,,,,,,,,,,,,,,,,,,,,,,,2.0,104.0,1.0,1.0,0.0526315789473684,0.0263157894736842,,23.0,4.0,4.0
Kaluka Maiava,,CLE,4,104,2009,USC,2005,2008,51.0,,,,,,,,,,,,,,LB,USC,,,,,,,,,,,,,,,,2.0,94.0,70.0,164.0,15.5,0.0392156862745098,1.843137254901961,1.3725490196078431,3.215686274509804,0.3039215686274509,,,,,,,,22.0,12.0,13.0
Henry Melton,,CHI,4,105,2009,Texas,2005,2006,26.0,,,,,,,,,,,,,,RB,Texas,132.0,625.0,4.7,16.0,1.0,6.0,6.0,0.0,24.0,0.2,,,,,,,,,,,,,,,,,,,,,,,22.0,21.0,25.0
Henry Melton,,CHI,4,105,2009,Texas,2007,2008,23.0,,,,,,,,,,,,,,DL,Texas,,,,,,,,,,,,,,,,4.0,25.0,10.0,35.0,9.5,0.1739130434782608,1.0869565217391304,0.4347826086956521,1.5217391304347827,0.4130434782608695,,,,,,,,22.0,21.0,25.0
Jonathan Luigs,,CIN,4,106,2009,Arkansas,2006,2007,14.0,,,,,,,,,,,,,,OL,Arkansas,,,,,,,,,,,,,,,,,,,,,,,,,,,,,,,,,23.0,1.0,1.0
Mike Thomas,,JAX,4,107,2009,Arizona,2005,2008,48.0,,,,,,,,,,,,,,WR,Arizona,,,,,,,,,,,67.3,259.0,3231.0,12.5,22.0,,,,,,,,,,,,,,,,,-17.8,22.0,20.0,21.0
Brian Hartline,,MIA,4,108,2009,Ohio State,2006,2008,38.0,,,,,,,,,,,,,,WR,Ohio State,,,,,,,,,,,37.6,90.0,1429.0,15.9,12.0,,,,,,,,,,,,,,,,,,22.0,30.0,32.0
T.J. Lang,,GNB,4,109,2009,Eastern Michigan,2006,2008,36.0,,,,,,,,,,,,,,OL,Eastern Michigan,,,,,,,,,,,,,,,,,,,,,,,,,,,,,,,,,21.0,53.0,61.0
T.J. Lang,,GNB,4,109,2009,Eastern Michigan,2005,2005,11.0,,,,,,,,,,,,,,DL,Eastern Michigan,,,,,,,,,,,,,,,,0.0,4.0,7.0,11.0,0.5,0.0,0.3636363636363636,0.6363636363636364,1.0,0.0454545454545454,,,,,,,,21.0,53.0,61.0
Victor Butler,,DAL,4,110,2009,Oregon State,2005,2008,48.0,,,,,,,,,,,,,,DL,Oregon State,,,,,,,,,,,,,,,,26.0,58.0,52.0,110.0,40.0,0.5416666666666666,1.2083333333333333,1.0833333333333333,2.2916666666666665,0.8333333333333334,,,,,,,,22.0,6.0,6.0
Mike Goodson,,CAR,4,111,2009,Texas A&M,2006,2008,36.0,,,,,,,,,,,,,,RB,Texas A&M,374.0,1964.0,5.3,13.0,90.0,860.0,9.6,7.0,54.6,23.9,,,,,,,,,,,,,,,,,,,,,,,22.0,4.0,7.0
Glover Quin,,HTX,4,112,2009,New Mexico,2006,2008,36.0,,,,,,,,,,,,,,DB,New Mexico,,,,,,,,,,,,,,,,,,,,,,,,,,7.0,125.0,0.0,,0.1944444444444444,,,23.0,17.0,51.0
David Bruton,,DEN,4,114,2009,Notre Dame,2005,2008,48.0,,,,,,,,,,,,,,DB,Notre Dame,,,,,,,,,,,,,,,,,,,,,,,,,,7.0,77.0,0.0,1.0,0.1458333333333333,0.0208333333333333,,22.0,9.0,10.0
Chip Vaughn,,NOR,4,116,2009,Wake Forest,2005,2008,51.0,,,,,,,,,,,,,,DB,Wake Forest,,,,,,,,,,,,,,,,,,,,,,,,,,3.0,37.0,0.0,,0.0588235294117647,,,23.0,,0.0
Kyle Moore,,TAM,4,117,2009,USC,2005,2008,49.0,,,,,,,,,,,,,,DL,USC,,,,,,,,,,,,,,,,7.0,40.0,36.0,76.0,13.0,0.1428571428571428,0.8163265306122449,0.7346938775510204,1.5510204081632653,0.2653061224489796,,,,,,,,22.0,5.0,8.0
Stanley Arnoux,,NOR,4,118,2009,Wake Forest,2005,2008,51.0,,,,,,,,,,,,,,LB,Wake Forest,,,,,,,,,,,,,,,,5.0,131.0,120.0,251.0,21.5,0.0980392156862745,2.5686274509803924,2.3529411764705883,4.921568627450981,0.4215686274509804,,,,,,,,22.0,1.0,1.0
D.J. Moore,,CHI,4,119,2009,Vanderbilt,2006,2008,37.0,,,,,,,,,,,,,,DB,Vanderbilt,,,,,,,,,,,,,,,,,,,,,,,,,,13.0,109.0,1.0,,0.3513513513513513,,-2.665,22.0,6.0,6.0
Brandon Williams,,DAL,4,120,2009,Texas Tech,2006,2008,39.0,,,,,,,,,,,,,,DL,Texas Tech,,,,,,,,,,,,,,,,22.0,58.0,27.0,85.0,30.5,0.5641025641025641,1.4871794871794872,0.6923076923076923,2.1794871794871793,0.782051282051282,,,,,,,3.719230769230769,21.0,0.0,0.0
Shawn Nelson,,BUF,4,121,2009,Southern Mississippi,2005,2008,51.0,,,,,,,,,,,,,,TE,Southern Mississippi,,,,,,,,,,,40.3,157.0,2054.0,13.1,16.0,,,,,,,,,,,,,,,,,,23.0,1.0,1.0
Anthony Hill,,HTX,4,122,2009,North Carolina State,2005,2008,33.0,,,,,,,,,,,,,,TE,North Carolina State,,,,,,,,,,,25.8,79.0,852.0,10.8,5.0,,,,,,,,,,,,,,,,,25.9,24.0,0.0,0.0
Louis Murphy,,RAI,4,124,2009,Florida,2005,2008,48.0,,,,,,,,,,,,,,WR,Florida,,,,,,,,,,,25.9,77.0,1245.0,16.2,13.0,,,,,,,,,,,,,,,,,,22.0,11.0,19.0
Slade Norris,,RAI,4,126,2009,Oregon State,2006,2008,38.0,,,,,,,,,,,,,,DB,Oregon State,,,,,,,,,,,,,,,,,,,,,,,,,,0.0,0.0,0.0,2.0,0.0,0.0526315789473684,,23.0,0.0,0.0
Austin Collie,,CLT,4,127,2009,BYU,2004,2008,37.0,,,,,,,,,,,,,,WR,BYU,,,,,,,,,,,88.0,215.0,3255.0,15.1,30.0,,,,,,,,,,,,,,,,,,23.0,17.0,18.0
Tony Fiammetta,,CAR,4,128,2009,Syracuse,2005,2008,44.0,,,,,,,,,,,,,,RB,Syracuse,16.0,89.0,5.6,0.0,28.0,202.0,7.2,1.0,2.0,4.6,,,,,,,,,,,,,,,,,,,,,,,23.0,0.0,1.0
Andre Brown,,NYG,4,129,2009,North Carolina State,2005,2008,44.0,,,,,,,,,,,,,,RB,North Carolina State,523.0,2539.0,4.9,22.0,70.0,631.0,9.0,2.0,57.7,14.3,,,,,,,,,,,,,,,,,,,,,,,22.0,7.0,7.0
Gerald McRath,,OTI,4,130,2009,Southern Mississippi,2005,2008,42.0,,,,,,,,,,,,,,LB,Southern Mississippi,,,,,,,,,,,,,,,,7.5,208.0,178.0,386.0,32.0,0.1785714285714285,4.9523809523809526,4.238095238095238,9.19047619047619,0.7619047619047619,,,,,,,,23.0,7.0,7.0
Seth Olsen,,DEN,4,132,2009,Iowa,2006,2006,13.0,,,,,,,,,,,,,,OL,Iowa,,,,,,,,,,,,,,,,,,,,,,,,,,,,,,,,,23.0,0.0,3.0
Tyronne Green,,SDG,4,133,2009,Auburn,2008,2008,12.0,,,,,,,,,,,,,,OL,Auburn,,,,,,,,,,,,,,,,,,,,,,,,,,,,,,,,,23.0,15.0,15.0
Troy Kropog,,OTI,4,135,2009,Tulane,2005,2008,31.0,,,,,,,,,,,,,,OL,Tulane,,,,,,,,,,,,,,,,,,,,,,,,,,,,,,,,,23.0,0.0,0.0
Jason Phillips,,RAV,5,137,2009,Texas Christian,2005,2006,25.0,,,,,,,,,,,,,,RB,Texas Christian,0.0,0.0,,0.0,0.0,0.0,,0.0,0.0,0.0,,,,,,,,,,,,,,,,,,,,,,,23.0,1.0,3.0
Jason Phillips,,RAV,5,137,2009,Texas Christian,2007,2008,25.0,,,,,,,,,,,,,,LB,Texas Christian,,,,,,,,,,,,,,,,5.5,118.0,53.0,171.0,24.0,0.22,4.72,2.12,6.84,0.96,,,,,,,,23.0,1.0,3.0
Colin Brown,,KAN,5,139,2009,Missouri,2008,2008,14.0,,,,,,,,,,,,,,OL,Missouri,,,,,,,,,,,,,,,,,,,,,,,,,,,,,,,,,24.0,,3.0
Kenny McKinley,,DEN,5,141,2009,South Carolina,2005,2008,47.0,,,,,,,,,,,,,,WR,South Carolina,,,,,,,,,,,59.2,207.0,2781.0,13.4,19.0,,,,,,,,,,,,,,,,,,22.0,0.0,0.0
Deangelo Smith,,DAL,5,143,2009,Cincinnati,2005,2008,45.0,,,,,,,,,,,,,,DB,Cincinnati,,,,,,,,,,,,,,,,,,,,,,,,,,12.0,179.0,2.0,,0.2666666666666666,,,23.0,,1.0
Jarett Dillard,,JAX,5,144,2009,Rice,2005,2008,49.0,,,,,,,,,,,,,,WR,Rice,,,,,,,,,,,84.4,292.0,4138.0,14.2,60.0,,,,,,,,,,,,,,,,,,23.0,4.0,4.0
Quinn Johnson,,GNB,5,145,2009,LSU,2006,2008,39.0,,,,,,,,,,,,,,RB,LSU,16.0,34.0,2.1,3.0,5.0,54.0,10.8,0.0,0.9,1.4,,,,,,,,,,,,,,,,,,,,,,,22.0,0.0,0.0
Scott McKillop,,SFO,5,146,2009,Pitt,2005,2008,46.0,,,,,,,,,,,,,,LB,Pitt,,,,,,,,,,,,,,,,8.0,211.0,133.0,344.0,28.5,0.1739130434782608,4.586956521739131,2.891304347826087,7.478260869565218,0.6195652173913043,,,,,,,,23.0,2.0,2.0
Nic Harris,,BUF,5,147,2009,Oklahoma,2005,2008,52.0,,,,,,,,,,,,,,DB,Oklahoma,,,,,,,,,,,,,,,,,,,,,,,,,,7.0,44.0,1.0,,0.1346153846153846,,,22.0,2.0,5.0
Brandon Hughes,,SDG,5,148,2009,Oregon State,2005,2008,47.0,,,,,,,,,,,,,,DB,Oregon State,,,,,,,,,,,,,,,,,,,,,,,,,,3.0,4.0,0.0,13.0,0.0638297872340425,0.2765957446808511,-16.9,23.0,,2.0
Davon Drew,,RAV,5,149,2009,East Carolina,2006,2008,39.0,,,,,,,,,,,,,,TE,East Carolina,,,,,,,,,,,27.6,78.0,1078.0,13.8,8.0,,,,,,,,,,,,,,,,,,23.0,,
Jasper Brinkley,,MIN,5,150,2009,South Carolina,2006,2008,30.0,,,,,,,,,,,,,,LB,South Carolina,,,,,,,,,,,,,,,,7.5,142.0,51.0,193.0,20.0,0.25,4.733333333333333,1.7,6.433333333333334,0.6666666666666666,,,,,,,,24.0,16.0,21.0
James Casey,38.4,HTX,5,152,2009,Rice,2007,2007,12.0,2.0,7.0,5.0,28.6,32.0,0.0,1.0,0.0,14.3,4.6,-1.86,16.0,2.7,QB,Rice,,,,,,,,,,,,,,,,,,,,,,,,,,,,,,,,,24.0,7.0,7.0
James Casey,,HTX,5,152,2009,Rice,2008,2008,13.0,,,,,,,,,,,,,,TE,Rice,,,,,,,,,,,102.2,111.0,1329.0,12.0,13.0,,,,,,,,,,,,,,,,,,24.0,7.0,7.0
Victor Harris,,PHI,5,157,2009,Virginia Tech,2005,2008,52.0,,,,,,,,,,,,,,DB,Virginia Tech,,,,,,,,,,,,,,,,,,,,,,,,,,15.0,278.0,4.0,2.0,0.2884615384615384,0.0384615384615384,,23.0,3.0,3.0
Cody Glenn,,WAS,5,158,2009,Nebraska,2005,2008,31.0,,,,,,,,,,,,,,RB,Nebraska,143.0,579.0,4.0,14.0,6.0,52.0,8.7,0.0,18.7,1.7,,,,,,,,,,,,,,,,,,,,,,,22.0,,2.0
Jamon Meredith,,GNB,5,162,2009,South Carolina,2006,2007,25.0,,,,,,,,,,,,,,OL,South Carolina,,,,,,,,,,,,,,,,,,,,,,,,,,,,,,,,,23.0,,14.0
Duke Robinson,,CAR,5,163,2009,Oklahoma,2007,2008,,,,,,,,,,,,,,,OL,Oklahoma,,,,,,,,,,,,,,,,,,,,,,,,,,,,,,,,,22.0,,
Chris Clemons,,MIA,5,165,2009,Clemson,2005,2008,51.0,,,,,,,,,,,,,,DB,Clemson,,,,,,,,,,,,,,,,,,,,,,,,,,5.0,102.0,1.0,,0.0980392156862745,,,23.0,19.0,20.0
Michael Hamlin,,DAL,5,166,2009,Clemson,2005,2008,48.0,,,,,,,,,,,,,,DB,Clemson,,,,,,,,,,,,,,,,,,,,,,,,,,14.0,243.0,0.0,,0.2916666666666667,,,23.0,0.0,0.0
Herman Johnson,,CRD,5,167,2009,LSU,2006,2008,38.0,,,,,,,,,,,,,,OL,LSU,,,,,,,,,,,,,,,,,,,,,,,,,,,,,,,,,24.0,,
Joe Burnett,,PIT,5,168,2009,UCF,2005,2008,50.0,,,,,,,,,,,,,,DB,UCF,,,,,,,,,,,,,,,,,,,,,,,,,,16.0,262.0,0.0,,0.32,,,22.0,1.0,1.0
Frank Summers,,PIT,5,169,2009,Nevada-Las Vegas,2007,2008,24.0,,,,,,,,,,,,,,RB,Nevada-Las Vegas,385.0,1668.0,4.3,14.0,36.0,402.0,11.2,6.0,69.5,16.8,,,,,,,,,,,,,,,,,,,,,,,24.0,0.0,1.0
Javon Ringer,,OTI,5,173,2009,Michigan State,2005,2008,45.0,,,,,,,,,,,,,,RB,Michigan State,843.0,4398.0,5.2,34.0,96.0,719.0,7.5,1.0,97.7,16.0,,,,,,,,,,,,,,,,,,,,,,,22.0,5.0,5.0
Tom Brandstater,126.5,DEN,6,174,2009,Fresno State,2005,2008,45.0,584.0,989.0,405.0,59.0,6857.0,47.0,32.0,4.8,3.2,6.9,6.43,11.7,152.4,QB,Fresno State,,,,,,,,,,,,,,,,,,,,,,,,,,,,,,,,,24.0,,0.0
Spencer Adkins,,ATL,6,176,2009,Miami (FL),2005,2008,33.0,,,,,,,,,,,,,,LB,Miami (FL),,,,,,,,,,,,,,,,5.0,41.0,23.0,64.0,10.0,0.1515151515151515,1.2424242424242424,0.696969696969697,1.9393939393939392,0.303030303030303,,,,,,,,22.0,2.0,2.0
Mike Teel,135.4,SEA,6,178,2009,Rutgers,2005,2008,48.0,661.0,1142.0,481.0,57.9,9383.0,59.0,49.0,5.2,4.3,8.2,7.32,14.2,195.5,QB,Rutgers,,,,,,,,,,,,,,,,,,,,,,,,,,,,,,,,,23.0,,
Morgan Trent,,CIN,6,179,2009,Michigan,2005,2008,48.0,,,,,,,,,,,,,,DB,Michigan,,,,,,,,,,,,,,,,,,,,,,,,,,7.0,3.0,0.0,,0.1458333333333333,,,23.0,2.0,4.0
Jarius Wynn,,GNB,6,182,2009,Georgia,2007,2008,26.0,,,,,,,,,,,,,,DL,Georgia,,,,,,,,,,,,,,,,4.0,17.0,16.0,33.0,5.0,0.1538461538461538,0.6538461538461539,0.6153846153846154,1.2692307692307692,0.1923076923076923,,,,,,,,23.0,5.0,8.0
Cary Harris,,BUF,6,183,2009,USC,2005,2008,49.0,,,,,,,,,,,,,,DB,USC,,,,,,,,,,,,,,,,,,,,,,,,,,5.0,14.0,0.0,1.0,0.1020408163265306,0.0204081632653061,,22.0,1.0,1.0
Bear Pascoe,,SFO,6,184,2009,Fresno State,2005,2005,9.0,0.0,0.0,0.0,,0.0,0.0,0.0,,,,,,0.0,QB,Fresno State,,,,,,,,,,,,,,,,,,,,,,,,,,,,,,,,,23.0,,3.0
Bear Pascoe,,SFO,6,184,2009,Fresno State,2006,2008,37.0,,,,,,,,,,,,,,TE,Fresno State,,,,,,,,,,,34.1,107.0,1260.0,11.8,10.0,,,,,,,,,,,,,,,,,,23.0,,3.0
Cedric Peerman,,RAV,6,185,2009,Virginia,2005,2008,41.0,,,,,,,,,,,,,,RB,Virginia,382.0,1749.0,4.6,15.0,66.0,344.0,5.2,1.0,42.7,8.4,,,,,,,,,,,,,,,,,,,,,,,22.0,,4.0
Robert Henson,,WAS,6,186,2009,Texas Christian,2005,2008,50.0,,,,,,,,,,,,,,LB,Texas Christian,,,,,,,,,,,,,,,,4.5,160.0,112.0,272.0,27.0,0.09,3.2,2.24,5.44,0.54,,,,,,,14.53076923076923,23.0,0.0,0.0
Brandon Underwood,,GNB,6,187,2009,Cincinnati,2008,2008,14.0,,,,,,,,,,,,,,DB,Cincinnati,,,,,,,,,,,,,,,,,,,,,,,,,,4.0,60.0,1.0,,0.2857142857142857,,,23.0,2.0,2.0
Brice McCain,,HTX,6,188,2009,Utah,2005,2008,49.0,,,,,,,,,,,,,,DB,Utah,,,,,,,,,,,,,,,,,,,,,,,,,,3.0,-4.0,0.0,,0.0612244897959183,,,22.0,6.0,18.0
Kevin Ellison,,SDG,6,189,2009,USC,2005,2008,37.0,,,,,,,,,,,,,,DB,USC,,,,,,,,,,,,,,,,,,,,,,,,,,5.0,9.0,0.0,,0.1351351351351351,,0.18214285714285713,22.0,4.0,4.0
Al Afalava,,CHI,6,190,2009,Oregon State,2005,2008,47.0,,,,,,,,,,,,,,DB,Oregon State,,,,,,,,,,,,,,,,,,,,,,,,,,3.0,52.0,1.0,3.0,0.0638297872340425,0.0638297872340425,,22.0,4.0,5.0
Coye Francies,,CLE,6,191,2009,San Jose State,2006,2008,26.0,,,,,,,,,,,,,,DB,Oregon StateSan Jose State,,,,,,,,,,,,,,,,,,,,,,,,,,4.0,34.0,0.0,6.0,0.1538461538461538,0.2307692307692307,,22.0,0.0,1.0
Aaron Brown,,DET,6,192,2009,Texas Christian,2005,2008,42.0,,,,,,,,,,,,,,RB,Texas Christian,487.0,2596.0,5.3,20.0,81.0,857.0,10.6,5.0,61.8,20.4,,,,,,,,,,,,,,,,,,,,,,4.847368421052632,23.0,2.0,2.0
Brandon Gibson,,PHI,6,194,2009,Washington State,2005,2008,45.0,,,,,,,,,,,,,,WR,Washington State,,,,,,,,,,,61.2,182.0,2756.0,15.1,17.0,,,,,,,,,,,,,,,,,30.725,22.0,0.0,17.0
James Davis,,CLE,6,195,2009,Clemson,2005,2008,50.0,,,,,,,,,,,,,,RB,Clemson,753.0,3881.0,5.2,47.0,51.0,441.0,8.6,2.0,77.6,8.8,,,,,,,,,,,,,,,,,,,,,,-7.770588235294118,23.0,0.0,1.0
Stephen Hodge,,DAL,6,197,2009,Texas Christian,2005,2008,51.0,,,,,,,,,,,,,,DB,Texas Christian,,,,,,,,,,,,,,,,,,,,,,,,,,1.0,0.0,0.0,,0.0196078431372549,,,22.0,,
Jake Ingram,,NWE,6,198,2009,Hawaii,2005,2008,22.0,,,,,,,,,,,,,,DL,Hawaii,,,,,,,,,,,,,,,,0.0,5.0,2.0,7.0,0.5,0.0,0.2272727272727272,0.0909090909090909,0.3181818181818182,0.0227272727272727,,,,,,,,23.0,1.0,1.0
Deandre Wright,,NYG,6,200,2009,New Mexico,2005,2008,48.0,,,,,,,,,,,,,,DB,New Mexico,,,,,,,,,,,,,,,,,,,,,,,,,,10.0,150.0,0.0,,0.2083333333333333,,,23.0,,
Curtis Painter,124.6,CLT,6,201,2009,Purdue,2005,2008,46.0,987.0,1648.0,661.0,59.9,11163.0,67.0,46.0,4.1,2.8,6.8,6.33,11.3,242.7,QB,Purdue,,,,,,,,,,,,,,,,,,,,,,,,,,,,,,,,,24.0,2.0,2.0
Brandon Myers,,RAI,6,202,2009,Iowa,2005,2008,50.0,,,,,,,,,,,,,,TE,Iowa,,,,,,,,,,,13.3,56.0,665.0,11.9,9.0,,,,,,,,,,,,,,,,,-14.6,24.0,8.0,12.0
Jason McCourty,,OTI,6,203,2009,Rutgers,2005,2008,48.0,,,,,,,,,,,,,,DB,Rutgers,,,,,,,,,,,,,,,,,,,,,,,,,,2.0,30.0,1.0,14.0,0.0416666666666666,0.2916666666666667,,22.0,30.0,45.0
Will Davis,,CRD,6,204,2009,Illinois,2006,2008,37.0,,,,,,,,,,,,,,DL,Illinois,,,,,,,,,,,,,,,,15.0,53.0,42.0,95.0,23.0,0.4054054054054054,1.4324324324324325,1.135135135135135,2.5675675675675675,0.6216216216216216,,,,,,,6.632,23.0,3.0,3.0
Ra'Shon Harris,,PIT,6,205,2009,Oregon,2006,2008,31.0,,,,,,,,,,,,,,DL,Oregon,,,,,,,,,,,,,,,,4.0,39.0,26.0,65.0,13.0,0.1290322580645161,1.2580645161290325,0.8387096774193549,2.096774193548387,0.4193548387096774,,,,,,,,23.0,,0.0
Myron Pryor,,NWE,6,207,2009,Kentucky,2005,2008,44.0,,,,,,,,,,,,,,DL,Kentucky,,,,,,,,,,,,,,,,11.5,69.0,49.0,118.0,20.0,0.2613636363636363,1.568181818181818,1.1136363636363635,2.6818181818181817,0.4545454545454545,,,,,,,,23.0,3.0,3.0
John Phillips,,DAL,6,208,2009,Virginia,2005,2005,11.0,0.0,0.0,0.0,,0.0,0.0,0.0,,,,,,0.0,QB,Virginia,,,,,,,,,,,,,,,,,,,,,,,,,,,,,,,,-5.7,22.0,2.0,2.0
John Phillips,,DAL,6,208,2009,Virginia,2006,2008,36.0,,,,,,,,,,,,,,TE,Virginia,,,,,,,,,,,17.9,67.0,643.0,9.6,4.0,,,,,,,,,,,,,,,,,-5.7,22.0,2.0,2.0
Vance Walker,,ATL,7,210,2009,Georgia Tech,2005,2008,47.0,,,,,,,,,,,,,,DL,Georgia Tech,,,,,,,,,,,,,,,,13.0,69.0,41.0,110.0,26.5,0.2765957446808511,1.4680851063829787,0.8723404255319149,2.3404255319148937,0.5638297872340425,,,,,,,,22.0,9.0,21.0
Chris Ogbonnaya,,RAM,7,211,2009,Texas,2005,2008,47.0,,,,,,,,,,,,,,RB,Texas,140.0,597.0,4.3,8.0,75.0,792.0,10.6,3.0,12.7,16.9,,,,,,,,,,,,,,,,,,,,,,,23.0,0.0,7.0
Fui Vakapuna,,CIN,7,215,2009,BYU,2006,2008,34.0,,,,,,,,,,,,,,RB,BYU,219.0,960.0,4.4,13.0,22.0,160.0,7.3,4.0,28.2,4.7,,,,,,,,,,,,,,,,,,,,,,,25.0,,
Captain Munnerlyn,,CAR,7,216,2009,South Carolina,2006,2008,36.0,,,,,,,,,,,,,,DB,South Carolina,,,,,,,,,,,,,,,,,,,,,,,,,,5.0,39.0,0.0,,0.1388888888888889,,,21.0,24.0,35.0
E.J. Biggers,,TAM,7,217,2009,Western Michigan,2005,2008,46.0,,,,,,,,,,,,,,DB,Western Michigan,,,,,,,,,,,,,,,,,,,,,,,,,,7.0,88.0,0.0,,0.1521739130434782,,,22.0,9.0,13.0
Brad Jones,,GNB,7,218,2009,Colorado,2006,2008,37.0,,,,,,,,,,,,,,LB,Colorado,,,,,,,,,,,,,,,,8.5,124.0,91.0,215.0,17.0,0.2297297297297297,3.3513513513513513,2.4594594594594597,5.8108108108108105,0.4594594594594595,,,,,,,13.05,23.0,18.0,18.0
Curtis Taylor,,SFO,7,219,2009,LSU,2005,2008,50.0,,,,,,,,,,,,,,DB,LSU,,,,,,,,,,,,,,,,,,,,,,,,,,5.0,63.0,0.0,2.0,0.1,0.04,,24.0,0.0,0.0
Ellis Lankster,,BUF,7,220,2009,West Virginia,2007,2008,22.0,,,,,,,,,,,,,,DB,West Virginia,,,,,,,,,,,,,,,,,,,,,,,,,,4.0,60.0,0.0,,0.1818181818181818,,,22.0,1.0,5.0
Eddie Williams,,WAS,7,221,2009,Idaho,2005,2008,39.0,,,,,,,,,,,,,,TE,Idaho,,,,,,,,,,,30.9,100.0,1205.0,12.1,11.0,,,,,,,,,,,,,,,,,-0.4894736842105263,22.0,,0.0
Troy Nolan,,HTX,7,223,2009,Arizona State,2007,2008,25.0,,,,,,,,,,,,,,DB,Arizona State,,,,,,,,,,,,,,,,,,,,,,,,,,10.0,296.0,4.0,,0.4,,,23.0,5.0,5.0
A.Q. Shipley,,PIT,7,226,2009,Penn State,2005,2008,38.0,,,,,,,,,,,,,,OL,Penn State,,,,,,,,,,,,,,,,,,,,,,,,,,,,,,,,,23.0,,33.0
Mike Mickens,,DAL,7,227,2009,Cincinnati,2005,2008,47.0,,,,,,,,,,,,,,DB,Cincinnati,,,,,,,,,,,,,,,,,,,,,,,,,,14.0,296.0,3.0,,0.2978723404255319,,,22.0,,
Lydon Murtha,,DET,7,228,2009,Nebraska,2007,2008,17.0,,,,,,,,,,,,,,OL,Nebraska,,,,,,,,,,,,,,,,,,,,,,,,,,,,,,,,,23.0,,2.0
Manuel Johnson,,DAL,7,229,2009,Oklahoma,2005,2008,48.0,,,,,,,,,,,,,,WR,Oklahoma,,,,,,,,,,,35.6,119.0,1710.0,14.4,17.0,,,,,,,,,,,,,,,,,,22.0,0.0,0.0
Moise Fokou,,PHI,7,230,2009,Maryland,2007,2008,26.0,,,,,,,,,,,,,,LB,Maryland,,,,,,,,,,,,,,,,7.0,91.0,70.0,161.0,19.0,0.2692307692307692,3.5,2.6923076923076925,6.1923076923076925,0.7307692307692307,,,,,,,,24.0,10.0,18.0
Jamarca Sanford,,MIN,7,231,2009,Ole Miss,2005,2008,44.0,,,,,,,,,,,,,,DB,Ole Miss,,,,,,,,,,,,,,,,,,,,,,,,,,0.0,0.0,0.0,3.0,0.0,0.0681818181818181,,24.0,14.0,15.0
Julian Edelman,119.2,NWE,7,232,2009,Kent State,2006,2008,31.0,385.0,706.0,321.0,54.5,4997.0,30.0,31.0,4.2,4.4,7.1,5.95,13.0,161.2,QB,Kent State,,,,,,,,,,,,,,,,,,,,,,,,,,,,,,,,,23.0,61.0,61.0
Sammie Stroughter,,TAM,7,233,2009,Oregon State,2004,2008,51.0,,,,,,,,,,,,,,WR,Oregon State,,,,,,,,,,,52.0,164.0,2653.0,16.2,14.0,,,,,,,,,,,,,,,,,,23.0,5.0,5.0
Darryl Richard,,NWE,7,234,2009,Georgia Tech,2004,2008,52.0,,,,,,,,,,,,,,DL,Georgia Tech,,,,,,,,,,,,,,,,8.5,52.0,32.0,84.0,25.0,0.1634615384615384,1.0,0.6153846153846154,1.6153846153846154,0.4807692307692308,,,,,,,,23.0,,
Zack Follett,,DET,7,235,2009,California,2005,2008,49.0,,,,,,,,,,,,,,LB,California,,,,,,,,,,,,,,,,22.5,155.0,89.0,244.0,50.0,0.4591836734693877,3.163265306122449,1.816326530612245,4.979591836734694,1.020408163265306,,,,,,,,22.0,2.0,2.0
Jaimie Thomas,,CLT,7,236,2009,Maryland,2008,2008,12.0,,,,,,,,,,,,,,OL,Maryland,,,,,,,,,,,,,,,,,,,,,,,,,,,,,,,,,23.0,1.0,1.0
Jake O'Connell,,KAN,7,237,2009,Miami (OH),2006,2008,36.0,,,,,,,,,,,,,,TE,Miami (OH),,,,,,,,,,,12.6,46.0,453.0,9.8,4.0,,,,,,,,,,,,,,,,,,23.0,0.0,0.0
Ryan Durand,,OTI,7,239,2009,Syracuse,2008,2008,12.0,,,,,,,,,,,,,,OL,Syracuse,,,,,,,,,,,,,,,,,,,,,,,,,,,,,,,,,23.0,0.0,0.0
LaRod Stephens-Howling,,CRD,7,240,2009,Pitt,2005,2008,44.0,,,,,,,,,,,,,,RB,Pitt,429.0,1959.0,4.6,15.0,52.0,454.0,8.7,1.0,44.5,10.3,,,,,,,,,,,,,,,,,,,,,,,22.0,9.0,9.0
David Johnson,,PIT,7,241,2009,Arkansas State,2006,2008,36.0,,,,,,,,,,,,,,TE,Arkansas State,,,,,,,,,,,21.1,45.0,760.0,16.9,9.0,,,,,,,,,,,,,,,,,-17.5,22.0,3.0,3.0
Marko Mitchell,,WAS,7,243,2009,Nevada,2006,2008,39.0,,,,,,,,,,,,,,WR,Nevada,,,,,,,,,,,70.8,153.0,2763.0,18.1,22.0,,,,,,,,,,,,,,,,,,24.0,0.0,0.0
Ricky Jean-Francois,,SFO,7,244,2009,LSU,2006,2008,26.0,,,,,,,,,,,,,,DL,LSU,,,,,,,,,,,,,,,,5.5,23.0,33.0,56.0,10.0,0.2115384615384615,0.8846153846153846,1.2692307692307692,2.1538461538461537,0.3846153846153846,,,,,,,,22.0,5.0,23.0
Courtney Greene,,SEA,7,245,2009,Rutgers,2005,2008,51.0,,,,,,,,,,,,,,DB,Rutgers,,,,,,,,,,,,,,,,,,,,,,,,,,7.0,40.0,0.0,4.0,0.1372549019607843,0.0784313725490196,,22.0,,5.0
Lance Louis,,CHI,7,246,2009,San Diego State,2004,2005,18.0,,,,,,,,,,,,,,TE,San Diego State,,,,,,,,,,,10.8,15.0,195.0,13.0,1.0,,,,,,,,,,,,,,,,,,24.0,12.0,18.0
Lance Louis,,CHI,7,246,2009,San Diego State,2008,2008,12.0,,,,,,,,,,,,,,OL,San Diego State,,,,,,,,,,,,,,,,,,,,,,,,,,,,,,,,,24.0,12.0,18.0
Nick Reed,,SEA,7,247,2009,Oregon,2005,2008,51.0,,,,,,,,,,,,,,DL,Oregon,,,,,,,,,,,,,,,,29.5,85.0,63.0,148.0,51.5,0.5784313725490197,1.6666666666666667,1.2352941176470589,2.9019607843137254,1.0098039215686274,,,,,,,-15.2,22.0,2.0,3.0
Cameron Morrah,,SEA,7,248,2009,California,2006,2008,34.0,,,,,,,,,,,,,,TE,California,,,,,,,,,,,14.2,41.0,484.0,11.8,10.0,,,,,,,,,,,,,,,,,,22.0,2.0,2.0
Clinton McDonald,,CIN,7,249,2009,Memphis,2005,2008,48.0,,,,,,,,,,,,,,DL,Memphis,,,,,,,,,,,,,,,,11.5,67.0,74.0,141.0,19.0,0.2395833333333333,1.3958333333333333,1.5416666666666667,2.9375,0.3958333333333333,,,,,,,,22.0,1.0,26.0
Tiquan Underwood,,JAX,7,253,2009,Rutgers,2005,2008,50.0,,,,,,,,,,,,,,WR,Rutgers,,,,,,,,,,,38.6,132.0,1931.0,14.6,16.0,,,,,,,,,,,,,,,,,,22.0,1.0,9.0
Dan Gronkowski,,DET,7,255,2009,Maryland,2005,2008,41.0,,,,,,,,,,,,,,TE,Maryland,,,,,,,,,,,9.8,40.0,401.0,10.0,4.0,,,,,,,,,,,,,,,,,,24.0,0.0,1.0
Sam Bradford,175.6,RAM,1,1,2010,Oklahoma,2007,2009,31.0,604.0,893.0,289.0,67.6,8403.0,88.0,16.0,9.9,1.8,9.4,10.57,13.9,271.1,QB,Oklahoma,,,,,,,,,,,,,,,,,,,,,,,,,,,,,,,,28.533333333333335,22.0,25.0,44.0
Ndamukong Suh,,DET,1,2,2010,Nebraska,2005,2009,54.0,,,,,,,,,,,,,,DL,Nebraska,,,,,,,,,,,,,,,,24.0,125.0,90.0,215.0,49.5,0.4444444444444444,2.314814814814815,1.6666666666666667,3.9814814814814814,0.9166666666666666,,,,,,,18.147058823529413,23.0,59.0,100.0
Gerald McCoy,,TAM,1,3,2010,Oklahoma,2007,2009,40.0,,,,,,,,,,,,,,DL,Oklahoma,,,,,,,,,,,,,,,,14.5,51.0,32.0,83.0,33.0,0.3625,1.275,0.8,2.075,0.825,,,,,,,32.4,22.0,65.0,69.0
Trent Williams,,WAS,1,4,2010,Oklahoma,2008,2009,26.0,,,,,,,,,,,,,,OL,Oklahoma,,,,,,,,,,,,,,,,,,,,,,,,,,,,,,,,,22.0,47.0,109.0
Eric Berry,,KAN,1,5,2010,Tennessee,2007,2009,39.0,,,,,,,,,,,,,,DB,Tennessee,,,,,,,,,,,,,,,,,,,,,,,,,,14.0,494.0,3.0,,0.358974358974359,,15.764705882352942,21.0,50.0,50.0
Russell Okung,,SEA,1,6,2010,Oklahoma State,2007,2009,25.0,,,,,,,,,,,,,,OL,Oklahoma State,,,,,,,,,,,,,,,,,,,,,,,,,,,,,,,,,21.0,31.0,56.0
Joe Haden,,CLE,1,7,2010,Florida,2007,2009,40.0,,,,,,,,,,,,,,DB,Florida,,,,,,,,,,,,,,,,,,,,,,,,,,8.0,166.0,0.0,,0.2,,32.30588235294118,21.0,39.0,62.0
Rolando McClain,,RAI,1,8,2010,Alabama,2007,2009,41.0,,,,,,,,,,,,,,LB,Alabama,,,,,,,,,,,,,,,,8.0,139.0,135.0,274.0,31.5,0.1951219512195122,3.3902439024390243,3.292682926829268,6.682926829268292,0.7682926829268293,,,,,,,22.0,21.0,15.0,25.0
C.J. Spiller,,BUF,1,9,2010,Clemson,2006,2009,52.0,,,,,,,,,,,,,,RB,Clemson,606.0,3547.0,5.9,32.0,123.0,1420.0,11.5,11.0,68.2,27.3,,,,,,,,,,,,,,,,,,,,,,15.41645569620253,23.0,32.0,34.0
Tyson Alualu,,JAX,1,10,2010,California,2006,2009,51.0,,,,,,,,,,,,,,DL,California,,,,,,,,,,,,,,,,16.0,80.0,115.0,195.0,26.0,0.3137254901960784,1.568627450980392,2.2549019607843137,3.823529411764706,0.5098039215686274,,,,,,,16.6,23.0,33.0,45.0
Anthony Davis,,SFO,1,11,2010,Rutgers,2007,2008,25.0,,,,,,,,,,,,,,OL,Rutgers,,,,,,,,,,,,,,,,,,,,,,,,,,,,,,,,5.358823529411765,20.0,31.0,31.0
Ryan Mathews,,SDG,1,12,2010,Fresno State,2007,2009,31.0,,,,,,,,,,,,,,RB,Fresno State,534.0,3280.0,6.1,39.0,19.0,268.0,14.1,2.0,105.8,8.6,,,,,,,,,,,,,,,,,,,,,,1.3656249999999999,22.0,37.0,44.0
Brandon Graham,,PHI,1,13,2010,Michigan,2006,2009,46.0,,,,,,,,,,,,,,LB,Michigan,,,,,,,,,,,,,,,,29.5,86.0,52.0,138.0,56.0,0.6413043478260869,1.8695652173913044,1.1304347826086956,3.0,1.2173913043478262,,,,,,,8.2,22.0,59.0,59.0
Earl Thomas,,SEA,1,14,2010,Texas,2008,2009,27.0,,,,,,,,,,,,,,DB,Texas,,,,,,,,,,,,,,,,,,,,,,,,,,10.0,149.0,2.0,,0.3703703703703703,,33.0,21.0,76.0,82.0
Jason Pierre-Paul,,NYG,1,15,2010,South Florida,2009,2009,13.0,,,,,,,,,,,,,,DL,South Florida,,,,,,,,,,,,,,,,6.5,27.0,18.0,45.0,16.5,0.5,2.076923076923077,1.3846153846153846,3.4615384615384617,1.2692307692307692,,,,,,,2.8,21.0,46.0,74.0
Derrick Morgan,,OTI,1,16,2010,Georgia Tech,2007,2009,39.0,,,,,,,,,,,,,,DL,Georgia Tech,,,,,,,,,,,,,,,,19.5,74.0,41.0,115.0,29.5,0.5,1.8974358974358976,1.051282051282051,2.948717948717949,0.7564102564102564,,,,,,,8.6,21.0,40.0,40.0
Mike Iupati,,SFO,1,17,2010,Idaho,2007,2009,11.0,,,,,,,,,,,,,,OL,Idaho,,,,,,,,,,,,,,,,,,,,,,,,,,,,,,,,,23.0,42.0,67.0
Maurkice Pouncey,,PIT,1,18,2010,Florida,2008,2009,28.0,,,,,,,,,,,,,,OL,Florida,,,,,,,,,,,,,,,,,,,,,,,,,,,,,,,,,21.0,78.0,78.0
Sean Weatherspoon,,ATL,1,19,2010,Missouri,2006,2009,52.0,,,,,,,,,,,,,,LB,Missouri,,,,,,,,,,,,,,,,12.0,233.0,173.0,406.0,44.0,0.2307692307692307,4.480769230769231,3.326923076923077,7.8076923076923075,0.8461538461538461,,,,,,,16.553846153846152,22.0,22.0,22.0
Kareem Jackson,,HTX,1,20,2010,Alabama,2007,2009,41.0,,,,,,,,,,,,,,DB,Alabama,,,,,,,,,,,,,,,,,,,,,,,,,,5.0,164.0,0.0,,0.1219512195121951,,24.09090909090909,22.0,30.0,52.0
Jermaine Gresham,,CIN,1,21,2010,Oklahoma,2006,2008,41.0,,,,,,,,,,,,,,TE,Oklahoma,,,,,,,,,,,39.7,111.0,1629.0,14.7,26.0,,,,,,,,,,,,,,,,,29.8,22.0,22.0,28.0
Demaryius Thomas,,DEN,1,22,2010,Georgia Tech,2007,2009,39.0,,,,,,,,,,,,,,WR,Georgia Tech,,,,,,,,,,,60.0,120.0,2339.0,19.5,15.0,,,,,,,,,,,,,,,,,8.888636363636364,22.0,65.0,69.0
Dez Bryant,,DAL,1,24,2010,Oklahoma State,2007,2009,28.0,,,,,,,,,,,,,,WR,Oklahoma State,,,,,,,,,,,86.6,147.0,2425.0,16.5,29.0,,,,,,,,,,,,,,,,,16.0125,21.0,61.0,61.0
Tim Tebow,170.8,DEN,1,25,2010,Florida,2006,2009,55.0,661.0,995.0,334.0,66.4,9285.0,88.0,16.0,8.8,1.6,9.3,10.38,14.0,168.8,QB,Florida,,,,,,,,,,,,,,,,,,,,,,,,,,,,,,,,30.7,23.0,11.0,12.0
Dan Williams,,CRD,1,26,2010,Tennessee,2006,2009,45.0,,,,,,,,,,,,,,DL,Tennessee,,,,,,,,,,,,,,,,7.0,79.0,81.0,160.0,25.0,0.1555555555555555,1.7555555555555555,1.8,3.5555555555555554,0.5555555555555556,,,,,,,-4.5,23.0,20.0,29.0
Devin McCourty,,NWE,1,27,2010,Rutgers,2006,2009,52.0,,,,,,,,,,,,,,DB,Rutgers,,,,,,,,,,,,,,,,,,,,,,,,,,6.0,105.0,2.0,,0.1153846153846153,,,23.0,71.0,71.0
Jared Odrick,,MIA,1,28,2010,Penn State,2006,2009,44.0,,,,,,,,,,,,,,DL,Penn State,,,,,,,,,,,,,,,,14.5,47.0,57.0,104.0,25.5,0.3295454545454545,1.068181818181818,1.2954545454545454,2.363636363636364,0.5795454545454546,,,,,,,,22.0,20.0,29.0
Kyle Wilson,,NYJ,1,29,2010,Boise State,2006,2009,50.0,,,,,,,,,,,,,,DB,Boise State,,,,,,,,,,,,,,,,,,,,,,,,,,11.0,139.0,2.0,,0.22,,11.943478260869565,23.0,14.0,16.0
Jahvid Best,,DET,1,30,2010,California,2007,2009,31.0,,,,,,,,,,,,,,RB,California,364.0,2668.0,7.3,29.0,62.0,533.0,8.6,6.0,86.1,17.2,,,,,,,,,,,,,,,,,,,,,,12.67142857142857,21.0,13.0,13.0
Jerry Hughes,,CLT,1,31,2010,Texas Christian,2006,2009,49.0,,,,,,,,,,,,,,DL,Texas Christian,,,,,,,,,,,,,,,,28.5,83.0,59.0,142.0,40.5,0.5816326530612245,1.6938775510204085,1.2040816326530612,2.8979591836734695,0.826530612244898,,,,,,,12.8,22.0,3.0,68.0
Patrick Robinson,,NOR,1,32,2010,Florida State,2006,2009,44.0,,,,,,,,,,,,,,DB,Florida State,,,,,,,,,,,,,,,,,,,,,,,,,,7.0,87.0,0.0,,0.1590909090909091,,12.038888888888888,23.0,15.0,25.0
Rodger Saffold,,RAM,2,33,2010,Indiana,2008,2008,10.0,,,,,,,,,,,,,,OL,Indiana,,,,,,,,,,,,,,,,,,,,,,,,,,,,,,,,,22.0,41.0,71.0
Chris Cook,,MIN,2,34,2010,Virginia,2005,2005,5.0,,,,,,,,,,,,,,DL,Virginia,,,,,,,,,,,,,,,,0.0,5.0,1.0,6.0,0.0,0.0,1.0,0.2,1.2,0.0,,,,,,,3.6714285714285713,23.0,10.0,10.0
Chris Cook,,MIN,2,34,2010,Virginia,2006,2009,34.0,,,,,,,,,,,,,,DB,Virginia,,,,,,,,,,,,,,,,,,,,,,,,,,6.0,91.0,1.0,,0.1764705882352941,,3.6714285714285713,23.0,10.0,10.0
Brian Price,,TAM,2,35,2010,UCLA,2007,2009,35.0,,,,,,,,,,,,,,DL,UCLA,,,,,,,,,,,,,,,,12.5,75.0,22.0,97.0,44.5,0.3571428571428571,2.142857142857143,0.6285714285714286,2.7714285714285714,1.2714285714285714,,,,,,,-0.1,21.0,4.0,4.0
Dexter McCluster,,KAN,2,36,2010,Ole Miss,2006,2006,6.0,,,,,,,,,,,,,,RB,Ole Miss,8.0,68.0,8.5,1.0,15.0,232.0,15.5,1.0,11.3,38.7,,,,,,,,,,,,,,,,,,,,,,9.726086956521739,21.0,17.0,21.0
Dexter McCluster,,KAN,2,36,2010,Ole Miss,2007,2009,34.0,,,,,,,,,,,,,,WR,Ole Miss,,,,,,,,,,,43.3,115.0,1471.0,12.8,6.0,,,,,,,,,,,,,,,,,9.726086956521739,21.0,17.0,21.0
Nate Allen,,PHI,2,37,2010,South Florida,2006,2009,48.0,,,,,,,,,,,,,,DB,South Florida,,,,,,,,,,,,,,,,,,,,,,,,,,9.0,139.0,1.0,,0.1875,,10.245454545454546,22.0,25.0,29.0
T.J. Ward,,CLE,2,38,2010,Oregon,2007,2009,35.0,,,,,,,,,,,,,,DB,Oregon,,,,,,,,,,,,,,,,,,,,,,,,,,2.0,23.0,0.0,1.0,0.0571428571428571,0.0285714285714285,17.733333333333334,23.0,24.0,41.0
Arrelious Benn,,TAM,2,39,2010,Illinois,2007,2009,37.0,,,,,,,,,,,,,,WR,Illinois,,,,,,,,,,,60.0,159.0,2221.0,14.0,7.0,,,,,,,,,,,,,,,,,5.3,21.0,7.0,8.0
Koa Misi,,MIA,2,40,2010,Utah,2007,2009,38.0,,,,,,,,,,,,,,DL,Utah,,,,,,,,,,,,,,,,10.5,94.0,112.0,206.0,26.0,0.2763157894736842,2.473684210526316,2.9473684210526314,5.421052631578948,0.6842105263157895,,,,,,,,23.0,30.0,30.0
Rob Gronkowski,,NWE,2,42,2010,Arizona,2007,2008,22.0,,,,,,,,,,,,,,TE,Arizona,,,,,,,,,,,54.4,75.0,1197.0,16.0,16.0,,,,,,,,,,,,,,,,,11.8,21.0,70.0,78.0
Sergio Kindle,,RAV,2,43,2010,Texas,2006,2009,46.0,,,,,,,,,,,,,,LB,Texas,,,,,,,,,,,,,,,,16.5,107.0,44.0,151.0,33.5,0.358695652173913,2.3260869565217392,0.9565217391304348,3.282608695652174,0.7282608695652174,,,,,,,,22.0,0.0,0.0
Lamarr Houston,,RAI,2,44,2010,Texas,2006,2009,50.0,,,,,,,,,,,,,,DL,Texas,,,,,,,,,,,,,,,,14.0,86.0,50.0,136.0,35.5,0.28,1.72,1.0,2.72,0.71,,,,,,,,23.0,25.0,31.0
Zane Beadles,,DEN,2,45,2010,Utah,2006,2009,26.0,,,,,,,,,,,,,,OL,Utah,,,,,,,,,,,,,,,,,,,,,,,,,,,,,,,,,23.0,32.0,53.0
Linval Joseph,,NYG,2,46,2010,East Carolina,2007,2009,41.0,,,,,,,,,,,,,,DL,East Carolina,,,,,,,,,,,,,,,,6.5,57.0,86.0,143.0,29.5,0.1585365853658536,1.3902439024390243,2.097560975609756,3.4878048780487805,0.7195121951219512,,,,,,,-2.3,21.0,16.0,70.0
Daryl Washington,,CRD,2,47,2010,Texas Christian,2006,2009,50.0,,,,,,,,,,,,,,LB,Texas Christian,,,,,,,,,,,,,,,,5.5,148.0,72.0,220.0,20.5,0.11,2.96,1.44,4.4,0.41,,,,,,,16.538888888888888,23.0,34.0,34.0
Jimmy Clausen,137.2,CAR,2,48,2010,Notre Dame,2007,2009,35.0,695.0,1110.0,415.0,62.6,8148.0,60.0,27.0,5.4,2.4,7.3,7.33,11.7,232.8,QB,Notre Dame,,,,,,,,,,,,,,,,,,,,,,,,,,,,,,,,2.7,22.0,0.0,3.0
Taylor Mays,,SFO,2,49,2010,USC,2006,2009,51.0,,,,,,,,,,,,,,DB,USC,,,,,,,,,,,,,,,,,,,,,,,,,,5.0,40.0,0.0,9.0,0.0980392156862745,0.1764705882352941,26.3,22.0,3.0,9.0
Javier Arenas,,KAN,2,50,2010,Alabama,2006,2009,52.0,,,,,,,,,,,,,,DB,Alabama,,,,,,,,,,,,,,,,,,,,,,,,,,6.0,88.0,1.0,,0.1153846153846153,,21.442105263157895,22.0,8.0,9.0
Toby Gerhart,,MIN,2,51,2010,Stanford,2006,2009,38.0,,,,,,,,,,,,,,RB,Stanford,671.0,3522.0,5.2,44.0,39.0,395.0,10.1,0.0,92.7,10.4,,,,,,,,,,,,,,,,,,,,,,0.6999999999999998,23.0,13.0,16.0
Jason Worilds,,PIT,2,52,2010,Virginia Tech,2007,2009,39.0,,,,,,,,,,,,,,DL,Virginia Tech,,,,,,,,,,,,,,,,15.0,61.0,67.0,128.0,34.0,0.3846153846153846,1.564102564102564,1.7179487179487178,3.282051282051282,0.8717948717948718,,,,,,,,22.0,22.0,22.0
Jermaine Cunningham,,NWE,2,53,2010,Florida,2006,2009,45.0,,,,,,,,,,,,,,LB,Florida,,,,,,,,,,,,,,,,18.5,79.0,72.0,151.0,33.0,0.4111111111111111,1.7555555555555555,1.6,3.3555555555555556,0.7333333333333333,,,,,,,28.8,22.0,8.0,8.0
Carlos Dunlap,,CIN,2,54,2010,Florida,2007,2009,39.0,,,,,,,,,,,,,,DL,Florida,,,,,,,,,,,,,,,,19.5,56.0,28.0,84.0,26.0,0.5,1.435897435897436,0.717948717948718,2.1538461538461537,0.6666666666666666,,,,,,,34.7,21.0,62.0,67.0
Sean Lee,,DAL,2,55,2010,Penn State,2006,2009,36.0,,,,,,,,,,,,,,LB,Penn State,,,,,,,,,,,,,,,,11.0,147.0,166.0,313.0,29.5,0.3055555555555556,4.083333333333333,4.611111111111111,8.694444444444445,0.8194444444444444,,,,,,,18.266666666666666,24.0,53.0,53.0
Mike Neal,,GNB,2,56,2010,Purdue,2006,2009,46.0,,,,,,,,,,,,,,DL,Purdue,,,,,,,,,,,,,,,,13.0,56.0,43.0,99.0,26.0,0.2826086956521739,1.2173913043478262,0.9347826086956522,2.152173913043478,0.5652173913043478,,,,,,,,23.0,17.0,17.0
Terrence Cody,,RAV,2,57,2010,Alabama,2008,2009,26.0,,,,,,,,,,,,,,DL,Alabama,,,,,,,,,,,,,,,,0.5,19.0,33.0,52.0,10.5,0.0192307692307692,0.7307692307692307,1.2692307692307692,2.0,0.4038461538461538,,,,,,,,22.0,14.0,14.0
Ben Tate,,HTX,2,58,2010,Auburn,2006,2009,47.0,,,,,,,,,,,,,,RB,Auburn,678.0,3321.0,4.9,24.0,53.0,336.0,6.3,0.0,70.7,7.1,,,,,,,,,,,,,,,,,,,,,,15.022222222222222,22.0,13.0,14.0
Montario Hardesty,,CLE,2,59,2010,Tennessee,2005,2009,49.0,,,,,,,,,,,,,,RB,Tennessee,560.0,2391.0,4.3,26.0,38.0,405.0,10.7,1.0,48.8,8.3,,,,,,,,,,,,,,,,,,,,,,16.30576923076923,23.0,4.0,4.0
Golden Tate,,SEA,2,60,2010,Notre Dame,2007,2009,37.0,,,,,,,,,,,,,,WR,Notre Dame,,,,,,,,,,,73.2,157.0,2707.0,17.2,26.0,,,,,,,,,,,,,,,,,5.0,22.0,17.0,58.0
Brandon Spikes,,NWE,2,62,2010,Florida,2006,2009,48.0,,,,,,,,,,,,,,LB,Florida,,,,,,,,,,,,,,,,6.5,178.0,129.0,307.0,31.5,0.1354166666666666,3.7083333333333335,2.6875,6.395833333333333,0.65625,,,,,,,33.75,23.0,19.0,25.0
Pat Angerer,,CLT,2,63,2010,Iowa,2006,2009,43.0,,,,,,,,,,,,,,LB,Iowa,,,,,,,,,,,,,,,,2.0,95.0,163.0,258.0,11.5,0.0465116279069767,2.2093023255813953,3.7906976744186047,6.0,0.2674418604651162,,,,,,,21.4,23.0,18.0,18.0
Charles Brown,,NOR,2,64,2010,USC,2007,2008,22.0,,,,,,,,,,,,,,OL,USC,,,,,,,,,,,,,,,,,,,,,,,,,,,,,,,,4.5,23.0,15.0,15.0
Jerome Murphy,,RAM,3,65,2010,South Florida,2006,2009,52.0,,,,,,,,,,,,,,DB,South Florida,,,,,,,,,,,,,,,,,,,,,,,,,,8.0,70.0,0.0,,0.1538461538461538,,9.366666666666667,23.0,2.0,3.0
Amari Spievey,,DET,3,66,2010,Iowa,2008,2009,26.0,,,,,,,,,,,,,,DB,Iowa,,,,,,,,,,,,,,,,,,,,,,,,,,6.0,127.0,1.0,,0.2307692307692307,,19.12222222222222,22.0,11.0,11.0
Myron Lewis,,TAM,3,67,2010,Vanderbilt,2007,2009,36.0,,,,,,,,,,,,,,DB,Vanderbilt,,,,,,,,,,,,,,,,,,,,,,,,,,10.0,71.0,0.0,,0.2777777777777778,,-1.6666666666666667,22.0,1.0,1.0
Ed Dickson,,RAV,3,70,2010,Oregon,2006,2009,52.0,,,,,,,,,,,,,,TE,Oregon,,,,,,,,,,,29.9,124.0,1557.0,12.6,12.0,,,,,,,,,,,,,,,,,19.78918918918919,23.0,9.0,16.0
Morgan Burnett,,GNB,3,71,2010,Georgia Tech,2007,2009,40.0,,,,,,,,,,,,,,DB,Georgia Tech,,,,,,,,,,,,,,,,,,,,,,,,,,14.0,135.0,1.0,,0.35,,8.882352941176471,21.0,30.0,32.0
Alex Carrington,,BUF,3,72,2010,Arkansas State,2006,2009,43.0,,,,,,,,,,,,,,DL,Arkansas State,,,,,,,,,,,,,,,,21.5,94.0,52.0,146.0,40.5,0.5,2.186046511627907,1.2093023255813953,3.395348837209302,0.9418604651162792,,,,,,,-9.5,23.0,6.0,7.0
D'Anthony Smith,,JAX,3,74,2010,Louisiana Tech,2006,2009,49.0,,,,,,,,,,,,,,DL,Louisiana Tech,,,,,,,,,,,,,,,,12.5,72.0,125.0,197.0,23.5,0.2551020408163265,1.469387755102041,2.5510204081632653,4.020408163265306,0.4795918367346938,,,,,,,-22.2,22.0,1.0,1.0
Major Wright,,CHI,3,75,2010,Florida,2007,2009,41.0,,,,,,,,,,,,,,DB,Florida,,,,,,,,,,,,,,,,,,,,,,,,,,8.0,69.0,1.0,,0.1951219512195122,,32.1,22.0,17.0,20.0
Damian Williams,,OTI,3,77,2010,USC,2006,2009,38.0,,,,,,,,,,,,,,WR,ArkansasUSC,,,,,,,,,,,55.6,147.0,2114.0,14.4,17.0,,,,,,,,,,,,,,,,,12.056382978723404,22.0,10.0,10.0
Brandon Lafell,,CAR,3,78,2010,LSU,2006,2009,51.0,,,,,,,,,,,,,,WR,LSU,,,,,,,,,,,49.4,175.0,2517.0,14.4,25.0,,,,,,,,,,,,,,,,,,23.0,19.0,43.0
Donald Butler,,SDG,3,79,2010,Washington,2006,2009,43.0,,,,,,,,,,,,,,LB,Washington,,,,,,,,,,,,,,,,3.0,159.0,79.0,238.0,26.5,0.0697674418604651,3.697674418604651,1.837209302325581,5.534883720930233,0.6162790697674418,,,,,,,-0.2,21.0,26.0,29.0
J.D. Walton,,DEN,3,80,2010,Baylor,2007,2007,12.0,,,,,,,,,,,,,,OL,Baylor,,,,,,,,,,,,,,,,,,,,,,,,,,,,,,,,,23.0,14.0,22.0
Earl Mitchell,,HTX,3,81,2010,Arizona,2006,2007,24.0,,,,,,,,,,,,,,RB,Arizona,4.0,7.0,1.8,0.0,14.0,174.0,12.4,2.0,0.3,7.3,,,,,,,,,,,,,,,,,,,,,,1.7666666666666666,22.0,10.0,29.0
Earl Mitchell,,HTX,3,81,2010,Arizona,2008,2009,25.0,,,,,,,,,,,,,,DL,Arizona,,,,,,,,,,,,,,,,8.0,50.0,38.0,88.0,18.0,0.32,2.0,1.52,3.52,0.72,,,,,,,1.7666666666666666,22.0,10.0,29.0
Emmanuel Sanders,,PIT,3,82,2010,SMU,2006,2009,47.0,,,,,,,,,,,,,,WR,SMU,,,,,,,,,,,80.7,285.0,3791.0,13.3,34.0,,,,,,,,,,,,,,,,,-11.09,23.0,11.0,63.0
Corey Peters,,ATL,3,83,2010,Kentucky,2006,2009,49.0,,,,,,,,,,,,,,DL,Kentucky,,,,,,,,,,,,,,,,11.5,87.0,65.0,152.0,27.0,0.2346938775510204,1.7755102040816326,1.326530612244898,3.1020408163265305,0.5510204081632653,,,,,,,13.4,22.0,23.0,49.0
Jordan Shipley,,CIN,3,84,2010,Texas,2006,2009,53.0,,,,,,,,,,,,,,WR,Texas,,,,,,,,,,,60.2,248.0,3191.0,12.9,33.0,,,,,,,,,,,,,,,,,29.704347826086956,24.0,5.0,7.0
Colt McCoy,155.0,CLE,3,85,2010,Texas,2006,2009,53.0,1157.0,1645.0,488.0,70.3,13253.0,112.0,45.0,6.8,2.7,8.1,8.19,11.5,250.1,QB,Texas,,,,,,,,,,,,,,,,,,,,,,,,,,,,,,,,29.01818181818182,24.0,9.0,17.0
Daniel Te'o-Nesheim,,PHI,3,86,2010,Washington,2006,2009,49.0,,,,,,,,,,,,,,DL,Washington,,,,,,,,,,,,,,,,29.0,115.0,79.0,194.0,46.0,0.5918367346938775,2.346938775510204,1.6122448979591837,3.959183673469388,0.9387755102040816,,,,,,,,23.0,1.0,12.0
Eric Decker,,DEN,3,87,2010,Minnesota,2006,2009,45.0,,,,,,,,,,,,,,WR,Minnesota,,,,,,,,,,,69.3,227.0,3119.0,13.7,24.0,,,,,,,,,,,,,,,,,-0.8181818181818181,23.0,26.0,45.0
Taylor Price,,NWE,3,90,2010,Ohio,2006,2009,52.0,,,,,,,,,,,,,,WR,Ohio,,,,,,,,,,,38.8,149.0,2019.0,13.6,14.0,,,,,,,,,,,,,,,,,-9.663013698630136,22.0,1.0,1.0
Navorro Bowman,,SFO,3,91,2010,Penn State,2007,2009,33.0,,,,,,,,,,,,,,LB,Penn State,,,,,,,,,,,,,,,,8.0,117.0,98.0,215.0,36.0,0.2424242424242424,3.5454545454545454,2.9696969696969697,6.515151515151516,1.0909090909090908,,,,,,,,22.0,67.0,71.0
Shawn Lauvao,,CLE,3,92,2010,Arizona State,2009,2009,12.0,,,,,,,,,,,,,,OL,Arizona State,,,,,,,,,,,,,,,,,,,,,,,,,,,,,,,,,22.0,16.0,36.0
Tony Moeaki,,KAN,3,93,2010,Iowa,2005,2009,48.0,,,,,,,,,,,,,,TE,Iowa,,,,,,,,,,,19.9,76.0,953.0,12.5,11.0,,,,,,,,,,,,,,,,,16.72,23.0,9.0,10.0
Kevin Thomas,,CLT,3,94,2010,USC,2005,2009,39.0,,,,,,,,,,,,,,DB,USC,,,,,,,,,,,,,,,,,,,,,,,,,,3.0,53.0,1.0,14.0,0.0769230769230769,0.358974358974359,-4.063414634146342,23.0,2.0,2.0
Jimmy Graham,,NOR,3,95,2010,Miami (FL),2009,2009,13.0,,,,,,,,,,,,,,TE,Miami (FL),,,,,,,,,,,16.4,17.0,213.0,12.5,5.0,,,,,,,,,,,,,,,,,25.0,23.0,39.0,61.0
Brandon Ghee,,CIN,3,96,2010,Wake Forest,2007,2009,36.0,,,,,,,,,,,,,,DB,Wake Forest,,,,,,,,,,,,,,,,,,,,,,,,,,1.0,0.0,0.0,18.0,0.0277777777777777,0.5,6.4,23.0,1.0,2.0
Rennie Curran,,OTI,3,97,2010,Georgia,2007,2009,37.0,,,,,,,,,,,,,,LB,Georgia,,,,,,,,,,,,,,,,6.5,170.0,128.0,298.0,24.0,0.1756756756756756,4.594594594594595,3.4594594594594597,8.054054054054054,0.6486486486486487,,,,,,,,21.0,1.0,1.0
Mike Johnson,,ATL,3,98,2010,Alabama,2007,2009,27.0,,,,,,,,,,,,,,OL,Alabama,,,,,,,,,,,,,,,,,,,,,,,,,,,,,,,,0.6333333333333334,23.0,2.0,2.0
Mardy Gilyard,,RAM,4,99,2010,Cincinnati,2007,2009,40.0,,,,,,,,,,,,,,WR,Cincinnati,,,,,,,,,,,75.1,204.0,3003.0,14.7,25.0,,,,,,,,,,,,,,,,,14.844444444444445,23.0,1.0,1.0
Everson Griffen,,MIN,4,100,2010,USC,2007,2009,36.0,,,,,,,,,,,,,,DL,USC,,,,,,,,,,,,,,,,18.0,48.0,36.0,84.0,21.0,0.5,1.3333333333333333,1.0,2.3333333333333335,0.5833333333333334,,,,,,,,22.0,66.0,67.0
Mike Williams,,TAM,4,101,2010,Syracuse,2006,2009,29.0,,,,,,,,,,,,,,WR,Syracuse,,,,,,,,,,,70.5,133.0,2044.0,15.4,20.0,,,,,,,,,,,,,,,,,10.072222222222223,23.0,25.0,25.0
Darryl Sharpton,,HTX,4,102,2010,Miami (FL),2006,2009,49.0,,,,,,,,,,,,,,LB,Miami (FL),,,,,,,,,,,,,,,,2.5,154.0,101.0,255.0,27.0,0.0510204081632653,3.142857142857143,2.061224489795918,5.204081632653061,0.5510204081632653,,,,,,,25.0,22.0,10.0,10.0
Perry Riley,,WAS,4,103,2010,LSU,2006,2009,47.0,,,,,,,,,,,,,,LB,LSU,,,,,,,,,,,,,,,,2.0,87.0,98.0,185.0,13.0,0.0425531914893617,1.851063829787234,2.0851063829787235,3.9361702127659575,0.2765957446808511,,,,,,,,22.0,27.0,30.0
Alterraun Verner,,OTI,4,104,2010,UCLA,2006,2009,51.0,,,,,,,,,,,,,,DB,UCLA,,,,,,,,,,,,,,,,,,,,,,,,,,13.0,357.0,4.0,,0.2549019607843137,,7.333333333333333,21.0,26.0,33.0
Trevard Lindley,,PHI,4,105,2010,Kentucky,2006,2009,48.0,,,,,,,,,,,,,,DB,Kentucky,,,,,,,,,,,,,,,,,,,,,,,,,,10.0,113.0,2.0,,0.2083333333333333,,3.85,24.0,1.0,1.0
Bruce Campbell,,RAI,4,106,2010,Maryland,2008,2008,11.0,,,,,,,,,,,,,,OL,Maryland,,,,,,,,,,,,,,,,,,,,,,,,,,,,,,,,,22.0,1.0,1.0
Marcus Easley,,BUF,4,107,2010,Connecticut,2007,2009,34.0,,,,,,,,,,,,,,WR,Connecticut,,,,,,,,,,,29.3,53.0,997.0,18.8,8.0,,,,,,,,,,,,,,,,,6.05,22.0,1.0,1.0
Jacoby Ford,,RAI,4,108,2010,Clemson,2006,2009,48.0,,,,,,,,,,,,,,WR,Clemson,,,,,,,,,,,41.4,143.0,1986.0,13.9,16.0,,,,,,,,,,,,,,,,,15.670833333333333,23.0,12.0,12.0
Corey Wootton,,CHI,4,109,2010,Northwestern,2005,2009,53.0,,,,,,,,,,,,,,DL,Northwestern,,,,,,,,,,,,,,,,19.5,94.0,62.0,156.0,38.0,0.3679245283018867,1.7735849056603774,1.169811320754717,2.943396226415094,0.7169811320754716,,,,,,,-1.4802973661668753e-16,23.0,12.0,14.0
Darrell Stuckey,,SDG,4,110,2010,Kansas,2006,2009,45.0,,,,,,,,,,,,,,DB,Kansas,,,,,,,,,,,,,,,,,,,,,,,,,,8.0,71.0,0.0,3.0,0.1777777777777777,0.0666666666666666,13.858823529411765,23.0,8.0,8.0
Walter Thurmond III,,SEA,4,111,2010,Oregon,2006,2009,41.0,,,,,,,,,,,,,,DB,Oregon,,,,,,,,,,,,,,,,,,,,,,,,,,12.0,169.0,3.0,,0.2926829268292683,,20.353846153846156,23.0,5.0,12.0
Joe McKnight,,NYJ,4,112,2010,USC,2007,2009,36.0,,,,,,,,,,,,,,RB,USC,347.0,2213.0,6.4,13.0,66.0,542.0,8.2,2.0,61.5,15.1,,,,,,,,,,,,,,,,,,,,,,27.34,22.0,6.0,7.0
Aaron Hernandez,,NWE,4,113,2010,Florida,2007,2009,40.0,,,,,,,,,,,,,,TE,Florida,,,,,,,,,,,34.6,111.0,1382.0,12.5,12.0,,,,,,,,,,,,,,,,,32.275,20.0,21.0,21.0
Dennis Pitta,,RAV,4,114,2010,BYU,2004,2009,50.0,,,,,,,,,,,,,,TE,BYU,,,,,,,,,,,58.0,221.0,2901.0,13.1,21.0,,,,,,,,,,,,,,,,,13.433333333333334,25.0,16.0,16.0
Phillip Dillard,,NYG,4,115,2010,Nebraska,2005,2009,45.0,,,,,,,,,,,,,,LB,Nebraska,,,,,,,,,,,,,,,,3.5,90.0,83.0,173.0,13.5,0.0777777777777777,2.0,1.8444444444444448,3.844444444444445,0.3,,,,,,,19.9,23.0,0.0,0.0
Thaddeus Gibson,,PIT,4,116,2010,Ohio State,2007,2009,35.0,,,,,,,,,,,,,,LB,Ohio State,,,,,,,,,,,,,,,,10.0,49.0,33.0,82.0,25.0,0.2857142857142857,1.4,0.9428571428571428,2.342857142857143,0.7142857142857143,,,,,,,21.0,22.0,,0.0
Joe Hawley,,ATL,4,117,2010,Nevada-Las Vegas,2007,2008,24.0,,,,,,,,,,,,,,OL,Nevada-Las Vegas,,,,,,,,,,,,,,,,,,,,,,,,,,,,,,,,,21.0,13.0,27.0
Garrett Graham,,HTX,4,118,2010,Wisconsin,2007,2009,37.0,,,,,,,,,,,,,,TE,Wisconsin,,,,,,,,,,,40.3,121.0,1492.0,12.3,16.0,,,,,,,,,,,,,,,,,12.6,24.0,7.0,7.0
A.J. Edds,,MIA,4,119,2010,Iowa,2006,2009,48.0,,,,,,,,,,,,,,LB,Iowa,,,,,,,,,,,,,,,,2.0,76.0,149.0,225.0,12.5,0.0416666666666666,1.5833333333333333,3.1041666666666665,4.6875,0.2604166666666667,,,,,,,16.433333333333334,22.0,,1.0
Geno Atkins,,CIN,4,120,2010,Georgia,2006,2009,50.0,,,,,,,,,,,,,,DL,Georgia,,,,,,,,,,,,,,,,11.0,76.0,44.0,120.0,33.5,0.22,1.52,0.88,2.4,0.67,,,,,,,,22.0,89.0,89.0
Keenan Clayton,,PHI,4,121,2010,Oklahoma,2006,2009,54.0,,,,,,,,,,,,,,DB,Oklahoma,,,,,,,,,,,,,,,,,,,,,,,,,,3.0,6.0,0.0,1.0,0.0555555555555555,0.0185185185185185,27.35,23.0,2.0,3.0
Mike Kafka,123.9,PHI,4,122,2010,Northwestern,2006,2009,30.0,408.0,637.0,229.0,64.1,4265.0,19.0,20.0,3.0,3.1,6.7,5.88,10.5,142.2,QB,Northwestern,,,,,,,,,,,,,,,,,,,,,,,,,,,,,,,,-1.2830188679245282,23.0,0.0,0.0
Al Woods,,NOR,4,123,2010,LSU,2006,2009,41.0,,,,,,,,,,,,,,DL,LSU,,,,,,,,,,,,,,,,3.5,34.0,39.0,73.0,8.0,0.0853658536585365,0.8292682926829268,0.951219512195122,1.7804878048780488,0.1951219512195122,,,,,,,,23.0,,34.0
Eric Norwood,,CAR,4,124,2010,South Carolina,2006,2009,51.0,,,,,,,,,,,,,,DL,South Carolina,,,,,,,,,,,,,,,,29.0,176.0,79.0,255.0,55.0,0.5686274509803921,3.450980392156863,1.5490196078431373,5.0,1.0784313725490196,,,,,,,15.177777777777777,22.0,2.0,2.0
E.J. Wilson,,SEA,4,127,2010,North Carolina,2006,2009,50.0,,,,,,,,,,,,,,DL,North Carolina,,,,,,,,,,,,,,,,12.0,95.0,55.0,150.0,29.0,0.24,1.9,1.1,3.0,0.58,,,,,,,,22.0,0.0,0.0
Jason Fox,,DET,4,128,2010,Miami (FL),2006,2008,36.0,,,,,,,,,,,,,,OL,Miami (FL),,,,,,,,,,,,,,,,,,,,,,,,,,,,,,,,10.9,22.0,2.0,9.0
Jacques McClendon,,CLT,4,129,2010,Tennessee,2009,2009,13.0,,,,,,,,,,,,,,OL,Tennessee,,,,,,,,,,,,,,,,,,,,,,,,,,,,,,,,,22.0,0.0,3.0
O'Brien Schofield,,CRD,4,130,2010,Wisconsin,2007,2009,39.0,,,,,,,,,,,,,,LB,Wisconsin,,,,,,,,,,,,,,,,17.0,77.0,33.0,110.0,33.0,0.4358974358974359,1.9743589743589745,0.8461538461538461,2.8205128205128207,0.8461538461538461,,,,,,,,23.0,8.0,15.0
Roddrick Muckelroy,,CIN,4,131,2010,Texas,2006,2009,42.0,,,,,,,,,,,,,,LB,Texas,,,,,,,,,,,,,,,,5.5,174.0,82.0,256.0,20.5,0.1309523809523809,4.142857142857143,1.9523809523809523,6.095238095238095,0.4880952380952381,,,,,,,27.9,23.0,1.0,1.0
Michael Hoomanawanui,,RAM,5,132,2010,Illinois,2006,2009,41.0,,,,,,,,,,,,,,TE,Illinois,,,,,,,,,,,12.0,40.0,490.0,12.3,4.0,,,,,,,,,,,,,,,,,2.55,22.0,1.0,5.0
Kam Chancellor,,SEA,5,133,2010,Virginia Tech,2006,2009,53.0,,,,,,,,,,,,,,DB,Virginia Tech,,,,,,,,,,,,,,,,,,,,,,,,,,6.0,24.0,0.0,,0.1132075471698113,,19.05,22.0,49.0,49.0
Ricky Sapp,,PHI,5,134,2010,Clemson,2006,2009,47.0,,,,,,,,,,,,,,DL,Clemson,,,,,,,,,,,,,,,,17.5,70.0,72.0,142.0,38.0,0.3723404255319149,1.4893617021276595,1.5319148936170213,3.021276595744681,0.8085106382978723,,,,,,,,23.0,,1.0
Dominique Franks,,ATL,5,135,2010,Oklahoma,2007,2009,40.0,,,,,,,,,,,,,,DB,Oklahoma,,,,,,,,,,,,,,,,,,,,,,,,,,6.0,149.0,2.0,,0.15,,27.082142857142856,22.0,5.0,6.0
Kendrick Lewis,,KAN,5,136,2010,Ole Miss,2006,2006,6.0,,,,,,,,,,,,,,WR,Ole Miss,,,,,,,,,,,5.2,5.0,31.0,6.2,0.0,,,,,,,,,,,,,,,,,8.31304347826087,22.0,18.0,30.0
Kendrick Lewis,,KAN,5,136,2010,Ole Miss,2007,2009,38.0,,,,,,,,,,,,,,DB,Ole Miss,,,,,,,,,,,,,,,,,,,,,,,,,,6.0,50.0,0.0,,0.1578947368421052,,8.31304347826087,22.0,18.0,30.0
Perrish Cox,,DEN,5,137,2010,Oklahoma State,2006,2009,49.0,,,,,,,,,,,,,,DB,Oklahoma State,,,,,,,,,,,,,,,,,,,,,,,,,,10.0,33.0,0.0,,0.2040816326530612,,14.54390243902439,23.0,3.0,19.0
Walter McFadden,,RAI,5,138,2010,Auburn,2006,2009,47.0,,,,,,,,,,,,,,DB,Auburn,,,,,,,,,,,,,,,,,,,,,,,,,,9.0,265.0,3.0,,0.1914893617021276,,13.166666666666666,23.0,0.0,0.0
John Conner,,NYJ,5,139,2010,Kentucky,2006,2009,50.0,,,,,,,,,,,,,,RB,Kentucky,54.0,247.0,4.6,4.0,25.0,193.0,7.7,4.0,4.9,3.9,,,,,,,,,,,,,,,,,,,,,,3.6555555555555554,23.0,0.0,0.0
Ed Wang,,BUF,5,140,2010,Virginia Tech,2008,2009,27.0,,,,,,,,,,,,,,OL,Virginia Tech,,,,,,,,,,,,,,,,,,,,,,,,,,,,,,,,,23.0,0.0,0.0
Joshua Moore,,CHI,5,141,2010,Kansas State,2006,2009,37.0,,,,,,,,,,,,,,DB,Kansas State,,,,,,,,,,,,,,,,,,,,,,,,,,6.0,27.0,0.0,,0.1621621621621621,,8.695121951219512,22.0,0.0,0.0
Cameron Sheffield,,KAN,5,142,2010,Troy,2006,2009,47.0,,,,,,,,,,,,,,DL,Troy,,,,,,,,,,,,,,,,14.5,89.0,51.0,140.0,29.0,0.3085106382978723,1.8936170212765957,1.0851063829787233,2.978723404255319,0.6170212765957447,,,,,,,-11.5,22.0,1.0,1.0
Sherrick McManis,,HTX,5,144,2010,Northwestern,2006,2009,46.0,,,,,,,,,,,,,,DB,Northwestern,,,,,,,,,,,,,,,,,,,,,,,,,,9.0,0.0,0.0,,0.1956521739130435,,-1.3333333333333333,22.0,2.0,9.0
Nolan Carroll,,MIA,5,145,2010,Maryland,2006,2006,12.0,,,,,,,,,,,,,,WR,Maryland,,,,,,,,,,,0.0,0.0,0.0,,0.0,,,,,,,,,,,,,,,,,,23.0,11.0,20.0
Nolan Carroll,,MIA,5,145,2010,Maryland,2007,2009,24.0,,,,,,,,,,,,,,DB,Maryland,,,,,,,,,,,,,,,,,,,,,,,,,,0.0,0.0,0.0,9.0,0.0,0.375,,23.0,11.0,20.0
Cam Thomas,,SDG,5,146,2010,North Carolina,2006,2009,46.0,,,,,,,,,,,,,,DL,North Carolina,,,,,,,,,,,,,,,,3.5,44.0,39.0,83.0,8.5,0.0760869565217391,0.9565217391304348,0.8478260869565217,1.8043478260869563,0.1847826086956521,,,,,,,-5.496226415094339,23.0,9.0,16.0
Mitch Petrus,,NYG,5,147,2010,Arkansas,2006,2007,27.0,,,,,,,,,,,,,,RB,Arkansas,1.0,1.0,1.0,0.0,0.0,0.0,,0.0,0.0,0.0,,,,,,,,,,,,,,,,,,,,,,20.6,23.0,4.0,4.0
Mitch Petrus,,NYG,5,147,2010,Arkansas,2009,2009,13.0,,,,,,,,,,,,,,OL,Arkansas,,,,,,,,,,,,,,,,,,,,,,,,,,,,,,,,20.6,23.0,4.0,4.0
Robert Johnson,,OTI,5,148,2010,Utah,2007,2009,37.0,,,,,,,,,,,,,,DB,Utah,,,,,,,,,,,,,,,,,,,,,,,,,,13.0,172.0,1.0,,0.3513513513513513,,11.4375,23.0,2.0,2.0
Andrew Quarless,,GNB,5,154,2010,Penn State,2006,2009,47.0,,,,,,,,,,,,,,TE,Penn State,,,,,,,,,,,24.4,87.0,1146.0,13.2,8.0,,,,,,,,,,,,,,,,,21.075,21.0,9.0,9.0
David Reed,,RAV,5,156,2010,Utah,2008,2009,26.0,,,,,,,,,,,,,,WR,Utah,,,,,,,,,,,62.1,106.0,1615.0,15.2,11.0,,,,,,,,,,,,,,,,,16.65,23.0,2.0,2.0
Arthur Jones,,RAV,5,157,2010,Syracuse,2006,2009,44.0,,,,,,,,,,,,,,DL,Syracuse,,,,,,,,,,,,,,,,6.5,85.0,60.0,145.0,38.5,0.1477272727272727,1.931818181818182,1.3636363636363635,3.2954545454545454,0.875,,,,,,,4.6,24.0,14.0,18.0
Riley Cooper,,PHI,5,159,2010,Florida,2006,2009,51.0,,,,,,,,,,,,,,WR,Florida,,,,,,,,,,,29.3,81.0,1496.0,18.5,18.0,,,,,,,,,,,,,,,,,31.487499999999997,22.0,17.0,17.0
Larry Asante,,CLE,5,160,2010,Nebraska,2007,2009,39.0,,,,,,,,,,,,,,DB,Nebraska,,,,,,,,,,,,,,,,,,,,,,,,,,3.0,74.0,1.0,,0.0769230769230769,,19.4,22.0,,2.0
Brody Eldridge,,CLT,5,162,2010,Oklahoma,2006,2009,49.0,,,,,,,,,,,,,,TE,Oklahoma,,,,,,,,,,,2.0,13.0,98.0,7.5,1.0,,,,,,,,,,,,,,,,,27.275,23.0,0.0,0.0
Reshad Jones,,MIA,5,163,2010,Georgia,2007,2009,39.0,,,,,,,,,,,,,,DB,Georgia,,,,,,,,,,,,,,,,,,,,,,,,,,11.0,174.0,0.0,,0.282051282051282,,21.11176470588235,22.0,44.0,44.0
Crezdon Butler,,PIT,5,164,2010,Clemson,2006,2009,53.0,,,,,,,,,,,,,,DB,Clemson,,,,,,,,,,,,,,,,,,,,,,,,,,11.0,243.0,0.0,,0.2075471698113207,,15.169230769230769,23.0,0.0,2.0
Kerry Meier,133.9,ATL,5,165,2010,Kansas,2006,2007,21.0,129.0,213.0,84.0,60.6,1468.0,16.0,10.0,7.5,4.7,6.9,6.28,11.4,69.9,QB,Kansas,,,,,,,,,,,,,,,,,,,,,,,,,,,,,,,,14.837837837837839,23.0,0.0,0.0
Kerry Meier,,ATL,5,165,2010,Kansas,2008,2009,25.0,,,,,,,,,,,,,,WR,Kansas,,,,,,,,,,,81.2,199.0,2030.0,10.2,16.0,,,,,,,,,,,,,,,,,14.837837837837839,23.0,0.0,0.0
Stevenson Sylvester,,PIT,5,166,2010,Utah,2006,2009,49.0,,,,,,,,,,,,,,LB,Utah,,,,,,,,,,,,,,,,9.0,120.0,142.0,262.0,24.5,0.1836734693877551,2.4489795918367347,2.8979591836734695,5.346938775510204,0.5,,,,,,,15.1,22.0,6.0,6.0
Nathan Triplett,,MIN,5,167,2010,Minnesota,2007,2009,38.0,,,,,,,,,,,,,,LB,Minnesota,,,,,,,,,,,,,,,,0.0,86.0,59.0,145.0,6.5,0.0,2.263157894736842,1.5526315789473684,3.8157894736842106,0.1710526315789473,,,,,,,,23.0,,0.0
Jonathan Crompton,123.1,SDG,5,168,2010,Tennessee,2006,2009,35.0,348.0,629.0,281.0,55.3,4187.0,36.0,22.0,5.7,3.5,6.7,6.23,12.0,119.6,QB,Tennessee,,,,,,,,,,,,,,,,,,,,,,,,,,,,,,,,16.825,23.0,,
Marshall Newhouse,,GNB,5,169,2010,Texas Christian,2007,2007,13.0,,,,,,,,,,,,,,OL,Texas Christian,,,,,,,,,,,,,,,,,,,,,,,,,,,,,,,,6.4,21.0,20.0,40.0
Fendi Onobun,,RAM,6,170,2010,Arizona,2009,2009,11.0,,,,,,,,,,,,,,TE,Houston,,,,,,,,,,,3.0,2.0,33.0,16.5,1.0,,,,,,,,,,,,,,,,,4.0,23.0,0.0,0.0
Anthony Dixon,,SFO,6,173,2010,Mississippi State,2006,2009,48.0,,,,,,,,,,,,,,RB,Mississippi State,910.0,3994.0,4.4,42.0,56.0,449.0,8.0,4.0,83.2,9.4,,,,,,,,,,,,,,,,,,,,,,,22.0,3.0,7.0
Greg Hardy,,CAR,6,175,2010,Ole Miss,2006,2009,40.0,,,,,,,,,,,,,,DL,Ole Miss,,,,,,,,,,,,,,,,26.5,90.0,57.0,147.0,39.5,0.6625,2.25,1.425,3.675,0.9875,,,,,,,2.778571428571429,22.0,27.0,33.0
Rusty Smith,132.0,OTI,6,176,2010,Florida Atlantic,2006,2009,45.0,768.0,1361.0,593.0,56.4,10112.0,76.0,36.0,5.6,2.6,7.4,7.36,13.2,224.7,QB,Florida Atlantic,,,,,,,,,,,,,,,,,,,,,,,,,,,,,,,,-14.958490566037737,23.0,1.0,1.0
Carlton Mitchell,,CLE,6,177,2010,South Florida,2007,2009,37.0,,,,,,,,,,,,,,WR,South Florida,,,,,,,,,,,44.5,105.0,1648.0,15.7,9.0,,,,,,,,,,,,,,,,,10.08,22.0,0.0,0.0
Dan Lefevour,142.9,CHI,6,181,2010,Central Michigan,2006,2009,53.0,1171.0,1763.0,592.0,66.4,12905.0,102.0,36.0,5.8,2.0,7.3,7.56,11.0,243.5,QB,Central Michigan,,,,,,,,,,,,,,,,,,,,,,,,,,,,,,,,,23.0,,
Nate Byham,,SFO,6,182,2010,Pitt,2006,2009,47.0,,,,,,,,,,,,,,TE,Pitt,,,,,,,,,,,13.0,47.0,612.0,13.0,3.0,,,,,,,,,,,,,,,,,,22.0,0.0,0.0
Eric Olsen,,DEN,6,183,2010,Notre Dame,2007,2008,24.0,,,,,,,,,,,,,,OL,Notre Dame,,,,,,,,,,,,,,,,,,,,,,,,,,,,,,,,,22.0,0.0,3.0
Anthony McCoy,,SEA,6,185,2010,USC,2007,2009,36.0,,,,,,,,,,,,,,TE,USC,,,,,,,,,,,20.3,46.0,731.0,15.9,3.0,,,,,,,,,,,,,,,,,27.84,22.0,4.0,4.0
Clifton Geathers,,CLE,6,186,2010,South Carolina,2007,2009,34.0,,,,,,,,,,,,,,DL,South Carolina,,,,,,,,,,,,,,,,6.0,47.0,25.0,72.0,12.0,0.1764705882352941,1.3823529411764706,0.7352941176470589,2.1176470588235294,0.3529411764705882,,,,,,,,22.0,,3.0
Jonathan Dwyer,,PIT,6,188,2010,Georgia Tech,2007,2009,40.0,,,,,,,,,,,,,,RB,Georgia Tech,517.0,3226.0,6.2,35.0,15.0,263.0,17.5,1.0,80.7,6.6,,,,,,,,,,,,,,,,,,,,,,9.0,21.0,8.0,8.0
Travis Goethel,,RAI,6,190,2010,Arizona State,2006,2009,50.0,,,,,,,,,,,,,,LB,Arizona State,,,,,,,,,,,,,,,,2.0,143.0,85.0,228.0,19.0,0.04,2.86,1.7,4.56,0.38,,,,,,,5.8,23.0,1.0,1.0
Dezmon Briscoe,,CIN,6,191,2010,Kansas,2007,2009,37.0,,,,,,,,,,,,,,WR,Kansas,,,,,,,,,,,87.6,219.0,3240.0,14.8,31.0,,,,,,,,,,,,,,,,,15.114285714285714,21.0,,4.0
James Starks,,GNB,6,193,2010,Buffalo,2006,2006,12.0,0.0,0.0,0.0,,0.0,0.0,0.0,,,,,,0.0,QB,Buffalo,,,,,,,,,,,,,,,,,,,,,,,,,,,,,,,,-21.31621621621622,24.0,26.0,26.0
James Starks,,GNB,6,193,2010,Buffalo,2007,2008,24.0,,,,,,,,,,,,,,RB,Buffalo,523.0,2436.0,4.7,28.0,93.0,672.0,7.2,3.0,101.5,28.0,,,,,,,,,,,,,,,,,,,,,,-21.31621621621622,24.0,26.0,26.0
Antonio Brown,,PIT,6,195,2010,Central Michigan,2007,2009,41.0,,,,,,,,,,,,,,WR,Central Michigan,,,,,,,,,,,78.0,305.0,3199.0,10.5,22.0,,,,,,,,,,,,,,,,,-3.688732394366197,22.0,86.0,92.0
Jamar Wall,,DAL,6,196,2010,Texas Tech,2006,2009,50.0,,,,,,,,,,,,,,DB,Texas Tech,,,,,,,,,,,,,,,,,,,,,,,,,,9.0,45.0,0.0,,0.18,,24.166666666666668,22.0,,0.0
Trindon Holliday,,HTX,6,197,2010,LSU,2006,2009,51.0,,,,,,,,,,,,,,RB,LSU,115.0,776.0,6.7,4.0,7.0,72.0,10.3,0.0,15.2,1.4,,,,,,,,,,,,,,,,,,,,,,25.00769230769231,24.0,0.0,4.0
David Gettis,,CAR,6,198,2010,Baylor,2006,2009,47.0,,,,,,,,,,,,,,WR,Baylor,,,,,,,,,,,33.1,116.0,1555.0,13.4,4.0,,,,,,,,,,,,,,,,,,23.0,3.0,3.0
Joe Webb,129.4,MIN,6,199,2010,UAB,2006,2009,37.0,468.0,792.0,324.0,59.1,5771.0,37.0,25.0,4.7,3.2,7.3,6.8,12.3,156.0,QB,UAB,,,,,,,,,,,,,,,,,,,,,,,,,,,,,,,,-12.5859375,23.0,4.0,4.0
Jorrick Calvin,,CRD,6,201,2010,Troy,2008,2008,13.0,,,,,,,,,,,,,,DB,Troy,,,,,,,,,,,,,,,,,,,,,,,,,,2.0,42.0,0.0,,0.1538461538461538,,5.0,23.0,,1.0
Jordan Pugh,,CAR,6,202,2010,Texas A&M,2006,2009,44.0,,,,,,,,,,,,,,DB,Texas A&M,,,,,,,,,,,,,,,,,,,,,,,,,,4.0,64.0,0.0,6.0,0.0909090909090909,0.1363636363636363,1.0,22.0,3.0,4.0
Tony Pike,141.4,CAR,6,204,2010,Cincinnati,2007,2009,27.0,421.0,682.0,261.0,61.7,5018.0,49.0,20.0,7.2,2.9,7.4,7.48,11.9,185.9,QB,Cincinnati,,,,,,,,,,,,,,,,,,,,,,,,,,,,,,,,15.257142857142856,24.0,0.0,0.0
Ted Larsen,,NWE,6,205,2010,North Carolina State,2009,2009,12.0,,,,,,,,,,,,,,OL,North Carolina State,,,,,,,,,,,,,,,,,,,,,,,,,,,,,,,,,23.0,,36.0
Ted Larsen,,NWE,6,205,2010,North Carolina State,2006,2007,22.0,,,,,,,,,,,,,,DL,North Carolina State,,,,,,,,,,,,,,,,4.0,13.0,8.0,21.0,5.5,0.1818181818181818,0.5909090909090909,0.3636363636363636,0.9545454545454546,0.25,,,,,,,,23.0,,36.0
Kyle Williams,,SFO,6,206,2010,Arizona State,2006,2009,41.0,,,,,,,,,,,,,,WR,Arizona State,,,,,,,,,,,39.7,109.0,1626.0,14.9,18.0,,,,,,,,,,,,,,,,,-2.5038251366120217,22.0,6.0,6.0
Thomas Welch,,NWE,7,208,2010,Vanderbilt,2007,2007,12.0,,,,,,,,,,,,,,OL,Vanderbilt,,,,,,,,,,,,,,,,,,,,,,,,,,,,,,,,,23.0,1.0,2.0
Levi Brown,138.7,BUF,7,209,2010,Troy,2008,2009,23.0,522.0,830.0,308.0,62.9,6284.0,38.0,12.0,4.6,1.4,7.6,7.84,12.0,273.2,QB,Troy,,,,,,,,,,,,,,,,,,,,,,,,,,,,,,,,2.3620689655172415,23.0,0.0,0.0
Cody Grimm,,TAM,7,210,2010,Virginia Tech,2007,2009,41.0,,,,,,,,,,,,,,LB,Virginia Tech,,,,,,,,,,,,,,,,11.5,111.0,93.0,204.0,26.5,0.2804878048780488,2.707317073170732,2.268292682926829,4.975609756097561,0.6463414634146342,,,,,,,8.1,23.0,5.0,5.0
Marquis Johnson,,RAM,7,211,2010,Alabama,2006,2009,49.0,,,,,,,,,,,,,,DB,Alabama,,,,,,,,,,,,,,,,,,,,,,,,,,3.0,7.0,0.0,1.0,0.0612244897959183,0.0204081632653061,25.215384615384615,22.0,0.0,0.0
Willie Young,,DET,7,213,2010,North Carolina State,2006,2009,49.0,,,,,,,,,,,,,,DL,North Carolina State,,,,,,,,,,,,,,,,20.0,109.0,85.0,194.0,46.0,0.4081632653061224,2.2244897959183674,1.7346938775510203,3.959183673469388,0.9387755102040816,,,,,,,0.8666666666666667,24.0,10.0,22.0
Mickey Shuler,,MIN,7,214,2010,Penn State,2007,2009,39.0,,,,,,,,,,,,,,TE,Penn State,,,,,,,,,,,7.7,27.0,300.0,11.1,4.0,,,,,,,,,,,,,,,,,,23.0,,0.0
Jeremy Ware,,RAI,7,215,2010,Michigan State,2007,2009,26.0,,,,,,,,,,,,,,DB,Michigan State,,,,,,,,,,,,,,,,,,,,,,,,,,2.0,16.0,0.0,,0.0769230769230769,,7.6499999999999995,23.0,1.0,1.0
Dekoda Watson,,TAM,7,217,2010,Florida State,2006,2009,44.0,,,,,,,,,,,,,,LB,Florida State,,,,,,,,,,,,,,,,11.5,113.0,71.0,184.0,32.5,0.2613636363636363,2.5681818181818183,1.6136363636363635,4.181818181818182,0.7386363636363636,,,,,,,14.788888888888888,22.0,8.0,11.0
Terrence Austin,,WAS,7,219,2010,UCLA,2006,2009,47.0,,,,,,,,,,,,,,WR,UCLA,,,,,,,,,,,25.4,109.0,1192.0,10.9,5.0,,,,,,,,,,,,,,,,,6.007692307692308,22.0,1.0,1.0
Jamar Chaney,,PHI,7,220,2010,Mississippi State,2005,2009,49.0,,,,,,,,,,,,,,LB,Mississippi State,,,,,,,,,,,,,,,,4.5,135.0,151.0,286.0,15.5,0.0918367346938775,2.7551020408163267,3.0816326530612246,5.836734693877551,0.3163265306122449,,,,,,,4.7,23.0,12.0,13.0
R.J. Stanford,,CAR,7,223,2010,Utah,2006,2006,12.0,,,,,,,,,,,,,,RB,Utah,11.0,48.0,4.4,0.0,0.0,0.0,,0.0,4.0,0.0,,,,,,,,,,,,,,,,,,,,,,15.1,22.0,1.0,4.0
R.J. Stanford,,CAR,7,223,2010,Utah,2007,2009,39.0,,,,,,,,,,,,,,DB,Utah,,,,,,,,,,,,,,,,,,,,,,,,,,1.0,9.0,0.0,5.0,0.0256410256410256,0.1282051282051282,15.1,22.0,1.0,4.0
Syd'Quan Thompson,,DEN,7,225,2010,California,2006,2009,52.0,,,,,,,,,,,,,,DB,California,,,,,,,,,,,,,,,,,,,,,,,,,,7.0,204.0,0.0,,0.1346153846153846,,13.742307692307692,23.0,1.0,1.0
George Selvie,,RAM,7,226,2010,South Florida,2006,2009,51.0,,,,,,,,,,,,,,DL,South Florida,,,,,,,,,,,,,,,,28.5,145.0,61.0,206.0,69.0,0.5588235294117647,2.843137254901961,1.196078431372549,4.03921568627451,1.3529411764705883,,,,,,,,23.0,2.0,17.0
Dorin Dickerson,,HTX,7,227,2010,Pitt,2006,2009,33.0,,,,,,,,,,,,,,WR,Pitt,,,,,,,,,,,21.5,63.0,708.0,11.2,12.0,,,,,,,,,,,,,,,,,13.766666666666667,22.0,0.0,1.0
Dorin Dickerson,,HTX,7,227,2010,Pitt,2007,2007,12.0,,,,,,,,,,,,,,LB,Pitt,,,,,,,,,,,,,,,,0.0,7.0,8.0,15.0,0.5,0.0,0.5833333333333334,0.6666666666666666,1.25,0.0416666666666666,,,,,,,13.766666666666667,22.0,0.0,1.0
Reggie Stephens,,CIN,7,228,2010,Iowa State,2009,2009,12.0,,,,,,,,,,,,,,OL,Iowa State,,,,,,,,,,,,,,,,,,,,,,,,,,,,,,,,,23.0,,
C.J. Wilson,,GNB,7,230,2010,East Carolina,2006,2009,54.0,,,,,,,,,,,,,,DL,East Carolina,,,,,,,,,,,,,,,,27.0,92.0,100.0,192.0,45.5,0.5,1.7037037037037035,1.851851851851852,3.5555555555555554,0.8425925925925926,,,,,,,2.3851851851851853,23.0,7.0,13.0
Selvish Capers,,WAS,7,231,2010,West Virginia,2008,2008,13.0,,,,,,,,,,,,,,OL,West Virginia,,,,,,,,,,,,,,,,,,,,,,,,,,,,,,,,6.2,24.0,,0.0
Jammie Kirlew,,DEN,7,232,2010,Indiana,2006,2009,48.0,,,,,,,,,,,,,,DL,Indiana,,,,,,,,,,,,,,,,23.0,152.0,68.0,220.0,52.5,0.4791666666666667,3.1666666666666665,1.4166666666666667,4.583333333333333,1.09375,,,,,,,,23.0,,0.0
Jim Dray,,CRD,7,233,2010,Stanford,2006,2009,39.0,,,,,,,,,,,,,,TE,Stanford,,,,,,,,,,,11.7,41.0,455.0,11.1,7.0,,,,,,,,,,,,,,,,,-1.975,23.0,2.0,3.0
Dedrick Epps,,SDG,7,235,2010,Miami (FL),2007,2009,34.0,,,,,,,,,,,,,,TE,Miami (FL),,,,,,,,,,,18.6,49.0,634.0,12.9,6.0,,,,,,,,,,,,,,,,,13.033333333333333,22.0,,0.0
Dexter Davis,,SEA,7,236,2010,Arizona State,2006,2009,50.0,,,,,,,,,,,,,,DL,Arizona State,,,,,,,,,,,,,,,,31.0,85.0,51.0,136.0,45.0,0.62,1.7,1.02,2.72,0.9,,,,,,,8.2,23.0,1.0,1.0
Ryan D'Imperio,,MIN,7,237,2010,Rutgers,2006,2009,50.0,,,,,,,,,,,,,,LB,Rutgers,,,,,,,,,,,,,,,,7.0,89.0,96.0,185.0,23.0,0.14,1.78,1.92,3.7,0.46,,,,,,,2.75,23.0,0.0,0.0
Ricardo Mathews,,CLT,7,238,2010,Cincinnati,2008,2009,26.0,,,,,,,,,,,,,,DL,Cincinnati,,,,,,,,,,,,,,,,3.5,23.0,33.0,56.0,12.5,0.1346153846153846,0.8846153846153846,1.2692307692307692,2.1538461538461537,0.4807692307692308,,,,,,,,23.0,5.0,14.0
Sean Canfield,130.9,NOR,7,239,2010,Oregon State,2006,2009,38.0,552.0,861.0,309.0,64.1,5970.0,38.0,26.0,4.4,3.0,6.9,6.46,10.8,157.1,QB,Oregon State,,,,,,,,,,,,,,,,,,,,,,,,,,,,,,,,12.424999999999999,24.0,,
Kavell Conner,,CLT,7,240,2010,Clemson,2006,2009,52.0,,,,,,,,,,,,,,LB,Clemson,,,,,,,,,,,,,,,,3.0,132.0,131.0,263.0,14.0,0.0576923076923076,2.5384615384615383,2.519230769230769,5.0576923076923075,0.2692307692307692,,,,,,,12.8,23.0,15.0,20.0
Doug Worthington,,PIT,7,242,2010,Ohio State,2006,2009,45.0,,,,,,,,,,,,,,DL,Ohio State,,,,,,,,,,,,,,,,4.5,42.0,61.0,103.0,12.0,0.1,0.9333333333333332,1.3555555555555556,2.2888888888888888,0.2666666666666666,,,,,,,29.2,23.0,,0.0
Jeff Owens,,PHI,7,243,2010,Georgia,2008,2009,14.0,,,,,,,,,,,,,,DL,Georgia,,,,,,,,,,,,,,,,1.5,14.0,19.0,33.0,4.5,0.1071428571428571,1.0,1.3571428571428572,2.357142857142857,0.3214285714285714,,,,,,,,23.0,0.0,0.0
Kurt Coleman,,PHI,7,244,2010,Ohio State,2006,2009,44.0,,,,,,,,,,,,,,DB,Ohio State,,,,,,,,,,,,,,,,,,,,,,,,,,9.0,147.0,1.0,4.0,0.2045454545454545,0.0909090909090909,21.85,22.0,12.0,33.0
Jameson Konz,,SEA,7,245,2010,Kent State,2008,2009,13.0,,,,,,,,,,,,,,TE,Kent State,,,,,,,,,,,23.8,23.0,310.0,13.5,2.0,,,,,,,,,,,,,,,,,-10.766666666666667,24.0,0.0,0.0
Jameson Konz,,SEA,7,245,2010,Kent State,2007,2007,12.0,,,,,,,,,,,,,,LB,Kent State,,,,,,,,,,,,,,,,2.0,22.0,21.0,43.0,3.5,0.1666666666666666,1.8333333333333333,1.75,3.5833333333333335,0.2916666666666667,,,,,,,-10.766666666666667,24.0,0.0,0.0
Jameson Konz,,SEA,7,245,2010,Kent State,2005,2006,22.0,,,,,,,,,,,,,,DB,Kent State,,,,,,,,,,,,,,,,,,,,,,,,,,0.0,0.0,0.0,1.0,0.0,0.0454545454545454,-10.766666666666667,24.0,0.0,0.0
Brandon Deaderick,,NWE,7,247,2010,Alabama,2007,2009,41.0,,,,,,,,,,,,,,DL,Alabama,,,,,,,,,,,,,,,,7.0,34.0,47.0,81.0,13.0,0.1707317073170731,0.8292682926829268,1.146341463414634,1.975609756097561,0.3170731707317073,,,,,,,,23.0,8.0,9.0
Robert McClain,,CAR,7,249,2010,Connecticut,2006,2006,8.0,,,,,,,,,,,,,,RB,Connecticut,0.0,0.0,,0.0,0.0,0.0,,0.0,0.0,0.0,,,,,,,,,,,,,,,,,,,,,,4.3500000000000005,22.0,4.0,14.0
Robert McClain,,CAR,7,249,2010,Connecticut,2007,2009,39.0,,,,,,,,,,,,,,DB,Connecticut,,,,,,,,,,,,,,,,,,,,,,,,,,10.0,152.0,2.0,,0.2564102564102564,,4.3500000000000005,22.0,4.0,14.0
Zac Robinson,146.6,NWE,7,250,2010,Oklahoma State,2006,2009,45.0,610.0,999.0,389.0,61.1,8317.0,66.0,31.0,6.6,3.1,8.3,8.25,13.6,184.8,QB,Oklahoma State,,,,,,,,,,,,,,,,,,,,,,,,,,,,,,,,16.743396226415094,23.0,,
Stevie Brown,,RAI,7,251,2010,Michigan,2009,2009,12.0,,,,,,,,,,,,,,LB,Michigan,,,,,,,,,,,,,,,,1.0,45.0,35.0,80.0,8.0,0.0833333333333333,3.75,2.9166666666666665,6.666666666666667,0.6666666666666666,,,,,,,12.08235294117647,23.0,1.0,10.0
Stevie Brown,,RAI,7,251,2010,Michigan,2006,2008,38.0,,,,,,,,,,,,,,DB,Michigan,,,,,,,,,,,,,,,,,,,,,,,,,,3.0,85.0,0.0,,0.0789473684210526,,12.08235294117647,23.0,1.0,10.0
Austin Spitler,,MIA,7,252,2010,Ohio State,2006,2009,46.0,,,,,,,,,,,,,,LB,Ohio State,,,,,,,,,,,,,,,,2.0,35.0,47.0,82.0,8.0,0.0434782608695652,0.7608695652173914,1.0217391304347827,1.7826086956521738,0.1739130434782608,,,,,,,21.0,23.0,5.0,5.0
Erik Lorig,,TAM,7,253,2010,Stanford,2006,2006,12.0,,,,,,,,,,,,,,TE,Stanford,,,,,,,,,,,1.8,3.0,21.0,7.0,0.0,,,,,,,,,,,,,,,,,-14.1,23.0,2.0,2.0
Erik Lorig,,TAM,7,253,2010,Stanford,2007,2009,29.0,,,,,,,,,,,,,,DL,Stanford,,,,,,,,,,,,,,,,6.0,50.0,39.0,89.0,17.0,0.2068965517241379,1.7241379310344829,1.3448275862068966,3.068965517241379,0.5862068965517241,,,,,,,-14.1,23.0,2.0,2.0
Josh Hull,,RAM,7,254,2010,Penn State,2006,2009,52.0,,,,,,,,,,,,,,LB,Penn State,,,,,,,,,,,,,,,,3.0,97.0,119.0,216.0,14.5,0.0576923076923076,1.8653846153846152,2.2884615384615383,4.153846153846154,0.2788461538461538,,,,,,,25.7,23.0,2.0,3.0
Cam Newton,178.2,CAR,1,1,2011,Auburn,2007,2010,20.0,191.0,292.0,101.0,65.4,2908.0,30.0,7.0,10.3,2.4,10.0,10.93,15.2,145.4,QB,AuburnFlorida,,,,,,,,,,,,,,,,,,,,,,,,,,,,,,,,,22.0,107.0,115.0
Von Miller,,DEN,1,2,2011,Texas A&M,2007,2010,47.0,,,,,,,,,,,,,,DL,Texas A&M,,,,,,,,,,,,,,,,33.0,104.0,77.0,181.0,50.5,0.7021276595744681,2.2127659574468086,1.6382978723404256,3.851063829787234,1.074468085106383,,,,,,,13.8,22.0,97.0,105.0
Marcell Dareus,,BUF,1,3,2011,Alabama,2009,2010,25.0,,,,,,,,,,,,,,DL,Alabama,,,,,,,,,,,,,,,,11.0,39.0,27.0,66.0,20.0,0.44,1.56,1.08,2.64,0.8,,,,,,,30.2,21.0,47.0,56.0
A.J. Green,,CIN,1,4,2011,Georgia,2008,2010,32.0,,,,,,,,,,,,,,WR,Georgia,,,,,,,,,,,81.8,166.0,2619.0,15.8,23.0,,,,,,,,,,,,,,,,,16.712,23.0,71.0,77.0
Patrick Peterson,,CRD,1,5,2011,LSU,2008,2010,39.0,,,,,,,,,,,,,,DB,LSU,,,,,,,,,,,,,,,,,,,,,,,,,,7.0,171.0,1.0,,0.1794871794871795,,20.918518518518518,21.0,95.0,103.0
Julio Jones,,ATL,1,6,2011,Alabama,2008,2010,40.0,,,,,,,,,,,,,,WR,Alabama,,,,,,,,,,,66.3,179.0,2653.0,14.8,15.0,,,,,,,,,,,,,,,,,28.72,22.0,97.0,101.0
Aldon Smith,,SFO,1,7,2011,Missouri,2009,2010,23.0,,,,,,,,,,,,,,DL,Missouri,,,,,,,,,,,,,,,,14.5,52.0,27.0,79.0,23.0,0.6304347826086957,2.260869565217391,1.173913043478261,3.4347826086956523,1.0,,,,,,,19.3,21.0,24.0,34.0
Jake Locker,119.1,OTI,1,8,2011,Washington,2007,2010,40.0,619.0,1147.0,528.0,54.0,7639.0,53.0,35.0,4.6,3.1,6.7,6.21,12.3,191.0,QB,Washington,,,,,,,,,,,,,,,,,,,,,,,,,,,,,,,,-1.986206896551724,23.0,15.0,15.0
Tyron Smith,,DAL,1,9,2011,USC,2009,2010,24.0,,,,,,,,,,,,,,OL,USC,,,,,,,,,,,,,,,,,,,,,,,,,,,,,,,,15.2,20.0,89.0,91.0
Blaine Gabbert,132.6,JAX,1,10,2011,Missouri,2008,2010,31.0,568.0,933.0,365.0,60.9,6822.0,40.0,18.0,4.3,1.9,7.3,7.3,12.0,220.1,QB,Missouri,,,,,,,,,,,,,,,,,,,,,,,,,,,,,,,,17.565853658536586,21.0,7.0,17.0
J.J. Watt,,HTX,1,11,2011,Wisconsin,2007,2007,14.0,,,,,,,,,,,,,,TE,Central Michigan,,,,,,,,,,,5.5,8.0,77.0,9.6,0.0,,,,,,,,,,,,,,,,,23.1,22.0,105.0,110.0
J.J. Watt,,HTX,1,11,2011,Wisconsin,2009,2010,26.0,,,,,,,,,,,,,,DL,Wisconsin,,,,,,,,,,,,,,,,11.5,74.0,32.0,106.0,36.5,0.4423076923076923,2.8461538461538463,1.2307692307692308,4.076923076923077,1.4038461538461535,,,,,,,23.1,22.0,105.0,110.0
Christian Ponder,132.1,MIN,1,12,2011,Florida State,2007,2010,35.0,596.0,965.0,369.0,61.8,6872.0,49.0,30.0,5.1,3.1,7.1,6.74,11.5,196.3,QB,Florida State,,,,,,,,,,,,,,,,,,,,,,,,,,,,,,,,14.200000000000001,23.0,22.0,22.0
Nick Fairley,,DET,1,13,2011,Auburn,2009,2010,27.0,,,,,,,,,,,,,,DL,Auburn,,,,,,,,,,,,,,,,13.0,50.0,38.0,88.0,27.5,0.4814814814814814,1.851851851851852,1.4074074074074074,3.259259259259259,1.0185185185185186,,,,,,,26.5,23.0,16.0,23.0
Robert Quinn,,RAM,1,14,2011,North Carolina,2008,2009,25.0,,,,,,,,,,,,,,DL,North Carolina,,,,,,,,,,,,,,,,13.0,57.0,29.0,86.0,25.5,0.52,2.28,1.16,3.44,1.02,,,,,,,,21.0,43.0,69.0
Mike Pouncey,,MIA,1,15,2011,Florida,2007,2007,13.0,,,,,,,,,,,,,,OL,Florida,,,,,,,,,,,,,,,,,,,,,,,,,,,,,,,,28.8,22.0,40.0,52.0
Ryan Kerrigan,,WAS,1,16,2011,Purdue,2007,2010,48.0,,,,,,,,,,,,,,DL,Purdue,,,,,,,,,,,,,,,,33.5,134.0,76.0,210.0,57.0,0.6979166666666666,2.7916666666666665,1.5833333333333333,4.375,1.1875,,,,,,,2.4,23.0,62.0,63.0
Nate Solder,,NWE,1,17,2011,Colorado,2007,2007,12.0,,,,,,,,,,,,,,TE,Colorado,,,,,,,,,,,4.2,3.0,50.0,16.7,0.0,,,,,,,,,,,,,,,,,4.2,23.0,49.0,64.0
Nate Solder,,NWE,1,17,2011,Colorado,2009,2010,12.0,,,,,,,,,,,,,,OL,Colorado,,,,,,,,,,,,,,,,,,,,,,,,,,,,,,,,4.2,23.0,49.0,64.0
Corey Liuget,,SDG,1,18,2011,Illinois,2008,2010,36.0,,,,,,,,,,,,,,DL,Illinois,,,,,,,,,,,,,,,,8.5,57.0,68.0,125.0,25.5,0.2361111111111111,1.5833333333333333,1.8888888888888888,3.4722222222222223,0.7083333333333334,,,,,,,,21.0,41.0,42.0
Prince Amukamara,,NYG,1,19,2011,Nebraska,2007,2010,49.0,,,,,,,,,,,,,,DB,Nebraska,,,,,,,,,,,,,,,,,,,,,,,,,,5.0,63.0,0.0,15.0,0.1020408163265306,0.3061224489795918,19.9,22.0,15.0,36.0
Adrian Clayborn,,TAM,1,20,2011,Iowa,2007,2010,50.0,,,,,,,,,,,,,,DL,Iowa,,,,,,,,,,,,,,,,19.0,73.0,119.0,192.0,37.5,0.38,1.46,2.38,3.84,0.75,,,,,,,17.3,23.0,12.0,26.0
Phil Taylor,,CLE,1,21,2011,Baylor,2009,2010,25.0,,,,,,,,,,,,,,DL,Baylor,,,,,,,,,,,,,,,,2.5,46.0,41.0,87.0,9.5,0.1,1.84,1.64,3.48,0.38,,,,,,,23.3,23.0,19.0,19.0
Anthony Castonzo,,CLT,1,22,2011,Boston College,2007,2009,26.0,,,,,,,,,,,,,,OL,Boston College,,,,,,,,,,,,,,,,,,,,,,,,,,,,,,,,,23.0,58.0,58.0
Danny Watkins,,PHI,1,23,2011,Baylor,2009,2009,12.0,,,,,,,,,,,,,,OL,Baylor,,,,,,,,,,,,,,,,,,,,,,,,,,,,,,,,,26.0,9.0,9.0
Cameron Jordan,,NOR,1,24,2011,California,2007,2010,50.0,,,,,,,,,,,,,,DL,California,,,,,,,,,,,,,,,,16.5,88.0,87.0,175.0,34.0,0.33,1.76,1.74,3.5,0.68,,,,,,,4.0,22.0,109.0,109.0
James Carpenter,,SEA,1,25,2011,Alabama,2009,2009,14.0,,,,,,,,,,,,,,OL,Alabama,,,,,,,,,,,,,,,,,,,,,,,,,,,,,,,,,22.0,17.0,49.0
Jonathan Baldwin,,KAN,1,26,2011,Pitt,2008,2010,39.0,,,,,,,,,,,,,,WR,Pitt,,,,,,,,,,,59.9,128.0,2337.0,18.3,16.0,,,,,,,,,,,,,,,,,12.733333333333333,22.0,4.0,4.0
Jimmy Smith,,RAV,1,27,2011,Colorado,2007,2010,41.0,,,,,,,,,,,,,,DB,Colorado,,,,,,,,,,,,,,,,,,,,,,,,,,3.0,41.0,1.0,9.0,0.073170731707317,0.2195121951219512,2.2,23.0,33.0,33.0
Mark Ingram,,NOR,1,28,2011,Alabama,2008,2010,39.0,,,,,,,,,,,,,,RB,Alabama,572.0,3261.0,5.7,42.0,60.0,670.0,11.2,4.0,83.6,17.2,,,,,,,,,,,,,,,,,,,,,,28.450000000000003,21.0,51.0,66.0
Gabe Carimi,,CHI,1,29,2011,Wisconsin,2010,2010,,,,,,,,,,,,,,,OL,Wisconsin,,,,,,,,,,,,,,,,,,,,,,,,,,,,,,,,,23.0,7.0,12.0
Muhammad Wilkerson,,NYJ,1,30,2011,Temple,2008,2010,36.0,,,,,,,,,,,,,,DL,Temple,,,,,,,,,,,,,,,,17.0,88.0,56.0,144.0,26.0,0.4722222222222222,2.4444444444444446,1.5555555555555556,4.0,0.7222222222222222,,,,,,,-5.2,21.0,58.0,58.0
Cameron Heyward,,PIT,1,31,2011,Ohio State,2007,2010,52.0,,,,,,,,,,,,,,DL,Ohio State,,,,,,,,,,,,,,,,15.5,80.0,83.0,163.0,37.5,0.2980769230769231,1.5384615384615383,1.5961538461538465,3.1346153846153846,0.7211538461538461,,,,,,,30.0,22.0,115.0,115.0
Derek Sherrod,,GNB,1,32,2011,Mississippi State,2009,2010,25.0,,,,,,,,,,,,,,OL,Mississippi State,,,,,,,,,,,,,,,,,,,,,,,,,,,,,,,,,22.0,3.0,3.0
Ras-I Dowling,,NWE,2,33,2011,Virginia,2007,2010,40.0,,,,,,,,,,,,,,DB,Virginia,,,,,,,,,,,,,,,,,,,,,,,,,,8.0,87.0,0.0,1.0,0.2,0.025,2.533333333333333,23.0,1.0,1.0
Aaron Williams,,BUF,2,34,2011,Texas,2008,2010,37.0,,,,,,,,,,,,,,DB,Texas,,,,,,,,,,,,,,,,,,,,,,,,,,4.0,81.0,1.0,,0.1081081081081081,,4.655555555555556,21.0,17.0,17.0
Andy Dalton,140.7,CIN,2,35,2011,Texas Christian,2007,2010,50.0,812.0,1317.0,505.0,61.7,10314.0,71.0,30.0,5.4,2.3,7.8,7.88,12.7,206.3,QB,Texas Christian,,,,,,,,,,,,,,,,,,,,,,,,,,,,,,,,17.656338028169014,23.0,82.0,92.0
Colin Kaepernick,142.5,SFO,2,36,2011,Nevada,2007,2010,51.0,740.0,1271.0,531.0,58.2,10098.0,82.0,24.0,6.5,1.9,7.9,8.39,13.6,198.0,QB,Nevada,,,,,,,,,,,,,,,,,,,,,,,,,,,,,,,,1.8584905660377358,23.0,45.0,45.0
Jabaal Sheard,,CLE,2,37,2011,Pitt,2007,2010,45.0,,,,,,,,,,,,,,DL,Pitt,,,,,,,,,,,,,,,,19.5,82.0,60.0,142.0,35.5,0.4333333333333333,1.8222222222222224,1.3333333333333333,3.155555555555555,0.7888888888888889,,,,,,,,22.0,22.0,47.0
Ryan Williams,,CRD,2,38,2011,Virginia Tech,2009,2010,23.0,,,,,,,,,,,,,,RB,Virginia Tech,403.0,2132.0,5.3,30.0,26.0,289.0,11.1,2.0,92.7,12.6,,,,,,,,,,,,,,,,,,,,,,4.2368852459016395,21.0,1.0,1.0
Akeem Ayers,,OTI,2,39,2011,UCLA,2008,2010,37.0,,,,,,,,,,,,,,LB,UCLA,,,,,,,,,,,,,,,,14.0,128.0,55.0,183.0,29.5,0.3783783783783784,3.4594594594594597,1.4864864864864864,4.945945945945946,0.7972972972972973,,,,,,,1.8333333333333333,22.0,17.0,28.0
Bruce Carter,,DAL,2,40,2011,North Carolina,2007,2010,49.0,,,,,,,,,,,,,,LB,North Carolina,,,,,,,,,,,,,,,,9.5,146.0,69.0,215.0,24.0,0.1938775510204081,2.979591836734694,1.4081632653061225,4.387755102040816,0.4897959183673469,,,,,,,7.5777777777777775,23.0,16.0,20.0
Jarvis Jenkins,,WAS,2,41,2011,Clemson,2007,2010,49.0,,,,,,,,,,,,,,DL,Clemson,,,,,,,,,,,,,,,,4.5,59.0,56.0,115.0,24.5,0.0918367346938775,1.2040816326530612,1.1428571428571428,2.346938775510204,0.5,,,,,,,,23.0,13.0,23.0
Brooks Reed,,HTX,2,42,2011,Arizona,2007,2010,45.0,,,,,,,,,,,,,,DL,Arizona,,,,,,,,,,,,,,,,17.0,75.0,39.0,114.0,25.0,0.3777777777777777,1.6666666666666667,0.8666666666666667,2.533333333333333,0.5555555555555556,,,,,,,,24.0,24.0,37.0
Kyle Rudolph,,MIN,2,43,2011,Notre Dame,2008,2010,29.0,,,,,,,,,,,,,,TE,Notre Dame,,,,,,,,,,,35.6,90.0,1032.0,11.5,8.0,,,,,,,,,,,,,,,,,11.433333333333334,21.0,35.0,36.0
Titus Young,,DET,2,44,2011,Boise State,2007,2010,43.0,,,,,,,,,,,,,,WR,Boise State,,,,,,,,,,,71.2,204.0,3063.0,15.0,25.0,,,,,,,,,,,,,,,,,20.307692307692307,22.0,8.0,8.0
Rahim Moore,,DEN,2,45,2011,UCLA,2008,2010,37.0,,,,,,,,,,,,,,DB,UCLA,,,,,,,,,,,,,,,,,,,,,,,,,,14.0,126.0,0.0,,0.3783783783783784,,2.7999999999999994,21.0,18.0,20.0
Orlando Franklin,,DEN,2,46,2011,Miami (FL),2009,2010,26.0,,,,,,,,,,,,,,OL,Miami (FL),,,,,,,,,,,,,,,,,,,,,,,,,,,,,,,,,23.0,31.0,42.0
Lance Kendricks,,RAM,2,47,2011,Wisconsin,2008,2010,33.0,,,,,,,,,,,,,,WR,Wisconsin,,,,,,,,,,,35.2,78.0,1160.0,14.9,8.0,,,,,,,,,,,,,,,,,18.1,23.0,13.0,16.0
Marcus Gilchrist,,SDG,2,50,2011,Clemson,2007,2010,53.0,,,,,,,,,,,,,,DB,Clemson,,,,,,,,,,,,,,,,,,,,,,,,,,1.0,0.0,0.0,,0.0188679245283018,,12.703448275862069,22.0,15.0,33.0
Da'Quan Bowers,,TAM,2,51,2011,Clemson,2008,2010,38.0,,,,,,,,,,,,,,DL,Clemson,,,,,,,,,,,,,,,,19.5,89.0,61.0,150.0,44.5,0.5131578947368421,2.3421052631578947,1.605263157894737,3.9473684210526314,1.1710526315789471,,,,,,,10.1,21.0,7.0,7.0
Marvin Austin,,NYG,2,52,2011,North Carolina,2007,2009,38.0,,,,,,,,,,,,,,DL,North Carolina,,,,,,,,,,,,,,,,9.0,59.0,47.0,106.0,13.5,0.2368421052631578,1.5526315789473684,1.236842105263158,2.789473684210526,0.3552631578947368,,,,,,,,22.0,1.0,2.0
Stephen Paea,,CHI,2,53,2011,Oregon State,2008,2010,38.0,,,,,,,,,,,,,,DL,Oregon State,,,,,,,,,,,,,,,,14.0,56.0,73.0,129.0,29.5,0.3684210526315789,1.4736842105263157,1.9210526315789471,3.3947368421052633,0.7763157894736842,,,,,,,,23.0,15.0,19.0
Jaiquawn Jarrett,,PHI,2,54,2011,Temple,2007,2010,49.0,,,,,,,,,,,,,,DB,Temple,,,,,,,,,,,,,,,,,,,,,,,,,,9.0,102.0,0.0,,0.1836734693877551,,-9.571428571428571,21.0,1.0,5.0
Rodney Hudson,,KAN,2,55,2011,Florida State,2009,2010,25.0,,,,,,,,,,,,,,OL,Florida State,,,,,,,,,,,,,,,,,,,,,,,,,,,,,,,,8.8,22.0,13.0,61.0
Shane Vereen,,NWE,2,56,2011,California,2008,2010,38.0,,,,,,,,,,,,,,RB,California,556.0,2834.0,5.1,29.0,74.0,674.0,9.1,6.0,74.6,17.7,,,,,,,,,,,,,,,,,,,,,,10.680327868852459,22.0,16.0,25.0
Mikel Leshoure,,DET,2,57,2011,Illinois,2008,2010,33.0,,,,,,,,,,,,,,RB,Illinois,424.0,2557.0,6.0,23.0,37.0,439.0,11.9,5.0,77.5,13.3,,,,,,,,,,,,,,,,,,,,,,3.933333333333333,21.0,5.0,5.0
Torrey Smith,,RAV,2,58,2011,Maryland,2008,2010,38.0,,,,,,,,,,,,,,WR,Maryland,,,,,,,,,,,58.3,152.0,2215.0,14.6,19.0,,,,,,,,,,,,,,,,,5.611111111111111,22.0,28.0,37.0
Greg Little,,CLE,2,59,2011,North Carolina,2008,2008,13.0,,,,,,,,,,,,,,RB,North Carolina,78.0,339.0,4.3,3.0,11.0,146.0,13.3,0.0,26.1,11.2,,,,,,,,,,,,,,,,,,,,,,7.1,22.0,12.0,12.0
Greg Little,,CLE,2,59,2011,North Carolina,2007,2009,24.0,,,,,,,,,,,,,,WR,North Carolina,,,,,,,,,,,34.3,75.0,823.0,11.0,6.0,,,,,,,,,,,,,,,,,7.1,22.0,12.0,12.0
Brandon Harris,,HTX,2,60,2011,Miami (FL),2008,2010,39.0,,,,,,,,,,,,,,DB,Miami (FL),,,,,,,,,,,,,,,,,,,,,,,,,,4.0,35.0,0.0,,0.1025641025641025,,8.200000000000001,21.0,2.0,3.0
Jonas Mouton,,SDG,2,61,2011,Michigan,2007,2010,44.0,,,,,,,,,,,,,,LB,Michigan,,,,,,,,,,,,,,,,3.0,124.0,140.0,264.0,18.0,0.0681818181818181,2.8181818181818183,3.1818181818181817,6.0,0.4090909090909091,,,,,,,7.949999999999999,23.0,0.0,0.0
Daniel Thomas,,MIA,2,62,2011,Kansas State,2009,2010,25.0,,,,,,,,,,,,,,RB,Kansas State,545.0,2850.0,5.2,30.0,52.0,428.0,8.2,0.0,114.0,17.1,,,,,,,,,,,,,,,,,,,,,,14.894318181818182,23.0,11.0,11.0
Marcus Gilbert,,PIT,2,63,2011,Florida,2010,2010,13.0,,,,,,,,,,,,,,OL,Florida,,,,,,,,,,,,,,,,,,,,,,,,,,,,,,,,,23.0,36.0,36.0
Randall Cobb,95.2,GNB,2,64,2011,Kentucky,2008,2009,23.0,57.0,112.0,55.0,50.9,631.0,2.0,5.0,1.8,4.5,5.6,3.98,11.1,27.4,QB,Kentucky,,,,,,,,,,,,,,,,,,,,,,,,,,,,,,,,2.356578947368421,21.0,56.0,64.0
Randall Cobb,,GNB,2,64,2011,Kentucky,2010,2010,13.0,,,,,,,,,,,,,,WR,Kentucky,,,,,,,,,,,78.2,84.0,1017.0,12.1,7.0,,,,,,,,,,,,,,,,,2.356578947368421,21.0,56.0,64.0
Terrell McClain,,CAR,3,65,2011,South Florida,2007,2010,48.0,,,,,,,,,,,,,,DL,South Florida,,,,,,,,,,,,,,,,7.5,59.0,29.0,88.0,17.0,0.15625,1.2291666666666667,0.6041666666666666,1.8333333333333333,0.3541666666666667,,,,,,,,23.0,4.0,17.0
Dontay Moch,,CIN,3,66,2011,Nevada,2007,2010,53.0,,,,,,,,,,,,,,LB,Nevada,,,,,,,,,,,,,,,,30.0,120.0,68.0,188.0,62.5,0.5660377358490566,2.2641509433962264,1.2830188679245282,3.547169811320755,1.179245283018868,,,,,,,,23.0,0.0,0.0
Dontay Moch,,CIN,3,66,2011,Nevada,2006,2006,1.0,,,,,,,,,,,,,,DB,Nevada,,,,,,,,,,,,,,,,,,,,,,,,,,0.0,0.0,0.0,,0.0,,,23.0,0.0,0.0
Nate Irving,,DEN,3,67,2011,North Carolina State,2007,2010,34.0,,,,,,,,,,,,,,LB,North Carolina State,,,,,,,,,,,,,,,,9.0,116.0,98.0,214.0,40.0,0.2647058823529412,3.411764705882353,2.8823529411764706,6.294117647058823,1.1764705882352942,,,,,,,1.8,23.0,9.0,9.0
Kelvin Sheppard,,BUF,3,68,2011,LSU,2007,2010,53.0,,,,,,,,,,,,,,LB,LSU,,,,,,,,,,,,,,,,5.5,136.0,175.0,311.0,26.0,0.1037735849056603,2.5660377358490565,3.30188679245283,5.867924528301887,0.490566037735849,,,,,,,21.811111111111114,23.0,8.0,25.0
Rob Housler,,CRD,3,69,2011,Florida Atlantic,2006,2010,49.0,,,,,,,,,,,,,,TE,Florida Atlantic,,,,,,,,,,,25.1,78.0,1228.0,15.7,8.0,,,,,,,,,,,,,,,,,-15.314285714285715,23.0,9.0,9.0
Justin Houston,,KAN,3,70,2011,Georgia,2008,2010,36.0,,,,,,,,,,,,,,LB,Georgia,,,,,,,,,,,,,,,,20.0,72.0,53.0,125.0,38.0,0.5555555555555556,2.0,1.4722222222222223,3.4722222222222223,1.0555555555555556,,,,,,,4.572727272727272,22.0,54.0,74.0
Demarco Murray,,DAL,3,71,2011,Oklahoma,2007,2010,50.0,,,,,,,,,,,,,,RB,Oklahoma,759.0,3685.0,4.9,50.0,157.0,1571.0,10.0,13.0,73.7,31.4,,,,,,,,,,,,,,,,,,,,,,,23.0,40.0,60.0
Martez Wilson,,NOR,3,72,2011,Illinois,2007,2010,39.0,,,,,,,,,,,,,,LB,Illinois,,,,,,,,,,,,,,,,9.0,102.0,121.0,223.0,20.0,0.2307692307692307,2.6153846153846154,3.102564102564102,5.717948717948718,0.5128205128205128,,,,,,,8.6,22.0,2.0,2.0
Stevan Ridley,,NWE,3,73,2011,LSU,2008,2010,39.0,,,,,,,,,,,,,,RB,LSU,306.0,1419.0,4.6,19.0,17.0,94.0,5.5,0.0,36.4,2.4,,,,,,,,,,,,,,,,,,,,,,21.52,22.0,23.0,25.0
Ryan Mallett,150.4,NWE,3,74,2011,Arkansas,2007,2010,37.0,552.0,955.0,403.0,57.8,8385.0,69.0,24.0,7.2,2.5,8.8,9.09,15.2,226.6,QB,ArkansasMichigan,,,,,,,,,,,,,,,,,,,,,,,,,,,,,,,,19.985714285714288,23.0,0.0,4.0
Jurrell Casey,,OTI,3,77,2011,USC,2008,2010,38.0,,,,,,,,,,,,,,DL,USC,,,,,,,,,,,,,,,,9.0,59.0,79.0,138.0,22.0,0.2368421052631578,1.5526315789473684,2.0789473684210527,3.631578947368421,0.5789473684210527,,,,,,,15.2,21.0,71.0,72.0
Austin Pettis,,RAM,3,78,2011,Boise State,2007,2010,52.0,,,,,,,,,,,,,,WR,Boise State,,,,,,,,,,,54.6,229.0,2838.0,12.4,39.0,,,,,,,,,,,,,,,,,21.244642857142857,23.0,8.0,8.0
Leonard Hankerson,,WAS,3,79,2011,Miami (FL),2007,2010,42.0,,,,,,,,,,,,,,WR,Miami (FL),,,,,,,,,,,51.4,134.0,2160.0,16.1,22.0,,,,,,,,,,,,,,,,,15.175,22.0,9.0,12.0
Chris Culliver,,SFO,3,80,2011,South Carolina,2007,2007,11.0,,,,,,,,,,,,,,WR,South Carolina,,,,,,,,,,,0.0,0.0,0.0,,0.0,,,,,,,,,,,,,,,,,13.506896551724138,23.0,10.0,12.0
Chris Culliver,,SFO,3,80,2011,South Carolina,2008,2010,32.0,,,,,,,,,,,,,,DB,South Carolina,,,,,,,,,,,,,,,,,,,,,,,,,,3.0,43.0,0.0,,0.09375,,13.506896551724138,23.0,10.0,12.0
Demarcus Van Dyke,,RAI,3,81,2011,Miami (FL),2007,2010,50.0,,,,,,,,,,,,,,DB,Miami (FL),,,,,,,,,,,,,,,,,,,,,,,,,,3.0,69.0,0.0,1.0,0.06,0.02,,22.0,2.0,3.0
Vincent Brown,,SDG,3,82,2011,San Diego State,2007,2010,44.0,,,,,,,,,,,,,,WR,San Diego State,,,,,,,,,,,70.7,209.0,3110.0,14.9,23.0,,,,,,,,,,,,,,,,,-2.892307692307692,22.0,8.0,9.0
Jerrel Jernigan,,NYG,3,83,2011,Troy,2007,2010,50.0,,,,,,,,,,,,,,WR,Troy,,,,,,,,,,,62.6,262.0,3128.0,11.9,18.0,,,,,,,,,,,,,,,,,-0.39302325581395364,22.0,2.0,2.0
Mason Foster,,TAM,3,84,2011,Washington,2007,2010,50.0,,,,,,,,,,,,,,LB,Washington,,,,,,,,,,,,,,,,10.5,243.0,135.0,378.0,38.5,0.21,4.86,2.7,7.56,0.77,,,,,,,-10.75,22.0,21.0,40.0
Allen Bailey,,KAN,3,86,2011,Miami (FL),2007,2010,50.0,,,,,,,,,,,,,,LB,Miami (FL),,,,,,,,,,,,,,,,19.0,58.0,49.0,107.0,31.0,0.38,1.16,0.98,2.14,0.62,,,,,,,,22.0,30.0,34.0
Drake Nevis,,CLT,3,87,2011,LSU,2007,2010,44.0,,,,,,,,,,,,,,DL,LSU,,,,,,,,,,,,,,,,10.0,75.0,64.0,139.0,31.5,0.2272727272727272,1.7045454545454546,1.4545454545454546,3.159090909090909,0.7159090909090909,,,,,,,20.4,22.0,3.0,4.0
Johnny Patrick,,NOR,3,88,2011,Louisville,2007,2009,33.0,,,,,,,,,,,,,,WR,Louisville,,,,,,,,,,,0.0,0.0,0.0,,0.0,,,,,,,,,,,,,,,,,2.0666666666666664,23.0,2.0,4.0
Johnny Patrick,,NOR,3,88,2011,Louisville,2010,2010,13.0,,,,,,,,,,,,,,DB,Louisville,,,,,,,,,,,,,,,,,,,,,,,,,,5.0,99.0,1.0,,0.3846153846153846,,2.0666666666666664,23.0,2.0,4.0
Shareece Wright,,SDG,3,89,2011,USC,2006,2010,35.0,,,,,,,,,,,,,,DB,USC,,,,,,,,,,,,,,,,,,,,,,,,,,1.0,0.0,0.0,10.0,0.0285714285714285,0.2857142857142857,16.6,24.0,10.0,21.0
Curtis Marsh,,PHI,3,90,2011,Utah State,2007,2008,22.0,,,,,,,,,,,,,,RB,Utah State,124.0,487.0,3.9,4.0,28.0,210.0,7.5,1.0,22.1,9.5,,,,,,,,,,,,,,,,,,,,,,-21.164285714285715,23.0,1.0,1.0
Curtis Marsh,,PHI,3,90,2011,Utah State,2009,2010,24.0,,,,,,,,,,,,,,DB,Utah State,,,,,,,,,,,,,,,,,,,,,,,,,,3.0,0.0,0.0,,0.125,,-21.164285714285715,23.0,1.0,1.0
Akeem Dent,,ATL,3,91,2011,Georgia,2007,2010,47.0,,,,,,,,,,,,,,LB,Georgia,,,,,,,,,,,,,,,,4.5,135.0,105.0,240.0,12.5,0.0957446808510638,2.872340425531915,2.234042553191489,5.1063829787234045,0.2659574468085106,,,,,,,-1.5500000000000003,23.0,9.0,17.0
Joseph Barksdale,,RAI,3,92,2011,LSU,2008,2008,13.0,,,,,,,,,,,,,,OL,LSU,,,,,,,,,,,,,,,,,,,,,,,,,,,,,,,,,23.0,1.0,35.0
Chris Conte,,CHI,3,93,2011,California,2007,2010,49.0,,,,,,,,,,,,,,DB,California,,,,,,,,,,,,,,,,,,,,,,,,,,2.0,0.0,0.0,,0.0408163265306122,,10.630434782608695,22.0,17.0,28.0
Curtis Brown,,PIT,3,95,2011,Texas,2007,2010,52.0,,,,,,,,,,,,,,DB,Texas,,,,,,,,,,,,,,,,,,,,,,,,,,2.0,151.0,1.0,6.0,0.0384615384615384,0.1153846153846153,9.557575757575757,22.0,2.0,2.0
Alex Green,,GNB,3,96,2011,Hawaii,2009,2010,27.0,,,,,,,,,,,,,,RB,Hawaii,232.0,1652.0,7.1,20.0,38.0,461.0,12.1,2.0,61.2,17.1,,,,,,,,,,,,,,,,,,,,,,-0.16000000000000014,23.0,5.0,5.0
Sione Fua,,CAR,3,97,2011,Stanford,2006,2010,50.0,,,,,,,,,,,,,,DL,Stanford,,,,,,,,,,,,,,,,9.0,37.0,43.0,80.0,16.0,0.18,0.74,0.86,1.6,0.32,,,,,,,,23.0,4.0,5.0
Brandon Hogan,,CAR,4,98,2011,West Virginia,2007,2009,33.0,,,,,,,,,,,,,,WR,West Virginia,,,,,,,,,,,2.0,12.0,67.0,5.6,0.0,,,,,,,,,,,,,,,,,16.123404255319148,23.0,0.0,0.0
Brandon Hogan,,CAR,4,98,2011,West Virginia,2010,2010,11.0,,,,,,,,,,,,,,DB,West Virginia,,,,,,,,,,,,,,,,,,,,,,,,,,3.0,78.0,0.0,,0.2727272727272727,,16.123404255319148,23.0,0.0,0.0
K.J. Wright,,SEA,4,99,2011,Mississippi State,2007,2010,47.0,,,,,,,,,,,,,,LB,Mississippi State,,,,,,,,,,,,,,,,8.0,131.0,127.0,258.0,22.5,0.1702127659574468,2.7872340425531914,2.702127659574468,5.48936170212766,0.4787234042553192,,,,,,,,22.0,62.0,64.0
Da'Norris Searcy,,BUF,4,100,2011,North Carolina,2007,2010,35.0,,,,,,,,,,,,,,DB,North Carolina,,,,,,,,,,,,,,,,,,,,,,,,,,5.0,53.0,1.0,,0.1428571428571428,,7.160606060606061,22.0,12.0,24.0
Clint Boling,,CIN,4,101,2011,Georgia,2007,2008,25.0,,,,,,,,,,,,,,OL,Georgia,,,,,,,,,,,,,,,,,,,,,,,,,,,,,,,,,22.0,46.0,46.0
Jordan Cameron,,CLE,4,102,2011,USC,2010,2010,12.0,,,,,,,,,,,,,,TE,USC,,,,,,,,,,,10.5,16.0,126.0,7.9,1.0,,,,,,,,,,,,,,,,,15.2,23.0,10.0,13.0
Sam Acho,,CRD,4,103,2011,Texas,2007,2010,49.0,,,,,,,,,,,,,,DL,Texas,,,,,,,,,,,,,,,,21.0,93.0,44.0,137.0,32.5,0.4285714285714285,1.8979591836734695,0.8979591836734694,2.795918367346939,0.6632653061224489,,,,,,,,23.0,19.0,30.0
Luke Stocker,,TAM,4,104,2011,Tennessee,2007,2010,52.0,,,,,,,,,,,,,,TE,Tennessee,,,,,,,,,,,18.4,85.0,956.0,11.2,8.0,,,,,,,,,,,,,,,,,14.025,23.0,3.0,5.0
Roy Helu Jr.,,WAS,4,105,2011,Nebraska,2007,2010,48.0,,,,,,,,,,,,,,RB,Nebraska,578.0,3404.0,5.9,28.0,54.0,501.0,9.3,0.0,70.9,10.4,,,,,,,,,,,,,,,,,,,,,,16.9,22.0,13.0,13.0
Christian Ballard,,MIN,4,106,2011,Iowa,2007,2010,49.0,,,,,,,,,,,,,,DL,Iowa,,,,,,,,,,,,,,,,12.0,60.0,93.0,153.0,21.5,0.2448979591836734,1.2244897959183674,1.8979591836734695,3.122448979591837,0.4387755102040816,,,,,,,,22.0,3.0,3.0
Kris Durham,,SEA,4,107,2011,Georgia,2006,2010,47.0,,,,,,,,,,,,,,WR,Georgia,,,,,,,,,,,23.6,64.0,1109.0,17.3,4.0,,,,,,,,,,,,,,,,,21.125,23.0,0.0,5.0
Quinton Carter,,DEN,4,108,2011,Oklahoma,2006,2010,44.0,,,,,,,,,,,,,,DB,Oklahoma,,,,,,,,,,,,,,,,,,,,,,,,,,8.0,62.0,0.0,2.0,0.1818181818181818,0.0454545454545454,22.9,23.0,5.0,5.0
Colin McCarthy,,OTI,4,109,2011,Miami (FL),2006,2010,48.0,,,,,,,,,,,,,,LB,Miami (FL),,,,,,,,,,,,,,,,5.0,159.0,146.0,305.0,35.0,0.1041666666666666,3.3125,3.0416666666666665,6.354166666666667,0.7291666666666666,,,,,,,16.6,22.0,11.0,11.0
Greg Salas,,RAM,4,112,2011,Hawaii,2007,2010,48.0,,,,,,,,,,,,,,WR,Hawaii,,,,,,,,,,,90.5,285.0,4345.0,15.2,26.0,,,,,,,,,,,,,,,,,2.1333333333333333,23.0,1.0,4.0
Chimdi Chekwa,,RAI,4,113,2011,Ohio State,2007,2010,52.0,,,,,,,,,,,,,,DB,Ohio State,,,,,,,,,,,,,,,,,,,,,,,,,,6.0,50.0,0.0,,0.1153846153846153,,25.725,22.0,2.0,2.0
Kendall Hunter,,SFO,4,115,2011,Oklahoma State,2007,2010,46.0,,,,,,,,,,,,,,RB,Oklahoma State,708.0,4181.0,5.9,37.0,63.0,519.0,8.2,2.0,90.9,11.3,,,,,,,,,,,,,,,,,,,,,,19.27,22.0,12.0,12.0
Casey Matthews,,PHI,4,116,2011,Oregon,2007,2010,50.0,,,,,,,,,,,,,,LB,Oregon,,,,,,,,,,,,,,,,9.0,123.0,122.0,245.0,30.5,0.18,2.46,2.44,4.9,0.61,,,,,,,26.415384615384614,22.0,10.0,10.0
Jalil Brown,,KAN,4,118,2011,Colorado,2008,2010,36.0,,,,,,,,,,,,,,DB,Colorado,,,,,,,,,,,,,,,,,,,,,,,,,,6.0,90.0,0.0,,0.1666666666666666,,-1.4666666666666668,23.0,2.0,4.0
Delone Carter,,CLT,4,119,2011,Syracuse,2006,2010,42.0,,,,,,,,,,,,,,RB,Syracuse,646.0,3104.0,4.8,24.0,28.0,208.0,7.4,1.0,73.9,5.0,,,,,,,,,,,,,,,,,,,,,,-2.4,24.0,3.0,3.0
Chris Prosinski,,JAX,4,121,2011,Wyoming,2007,2010,49.0,,,,,,,,,,,,,,DB,Wyoming,,,,,,,,,,,,,,,,,,,,,,,,,,5.0,8.0,0.0,7.0,0.1020408163265306,0.1428571428571428,-13.75,24.0,6.0,10.0
Chris Hairston,,BUF,4,122,2011,Clemson,2008,2010,24.0,,,,,,,,,,,,,,OL,Clemson,,,,,,,,,,,,,,,,,,,,,,,,,,,,,,,,5.166666666666667,22.0,8.0,17.0
Tandon Doss,,RAV,4,123,2011,Indiana,2008,2010,31.0,,,,,,,,,,,,,,WR,Indiana,,,,,,,,,,,59.8,154.0,1854.0,12.0,13.0,,,,,,,,,,,,,,,,,-6.126923076923077,21.0,4.0,4.0
Owen Marecic,,CLE,4,124,2011,Stanford,2007,2010,49.0,,,,,,,,,,,,,,RB,Stanford,36.0,67.0,1.9,9.0,25.0,258.0,10.3,1.0,1.4,5.3,,,,,,,,,,,,,,,,,,,,,,11.394871794871795,22.0,0.0,0.0
Bilal Powell,,NYJ,4,126,2011,Louisville,2007,2010,42.0,,,,,,,,,,,,,,RB,Louisville,436.0,2338.0,5.4,19.0,45.0,344.0,7.6,3.0,55.7,8.2,,,,,,,,,,,,,,,,,,,,,,3.65,22.0,26.0,26.0
Rashad Carmichael,,HTX,4,127,2011,Virginia Tech,2007,2010,54.0,,,,,,,,,,,,,,DB,Virginia Tech,,,,,,,,,,,,,,,,,,,,,,,,,,10.0,158.0,2.0,3.0,0.1851851851851851,0.0555555555555555,,22.0,0.0,2.0
Jamie Harper,,OTI,4,130,2011,Clemson,2008,2010,39.0,,,,,,,,,,,,,,RB,Clemson,311.0,1311.0,4.2,12.0,50.0,398.0,8.0,3.0,33.6,10.2,,,,,,,,,,,,,,,,,,,,,,12.696153846153845,21.0,1.0,1.0
Davon House,,GNB,4,131,2011,New Mexico State,2007,2010,49.0,,,,,,,,,,,,,,DB,New Mexico State,,,,,,,,,,,,,,,,,,,,,,,,,,11.0,319.0,3.0,,0.2244897959183673,,-23.176190476190477,22.0,9.0,17.0
Kealoha Pilares,,CAR,5,132,2011,Hawaii,2007,2007,11.0,,,,,,,,,,,,,,RB,Hawaii,68.0,388.0,5.7,3.0,26.0,249.0,9.6,1.0,35.3,22.6,,,,,,,,,,,,,,,,,,,,,,0.1200000000000001,23.0,1.0,1.0
Kealoha Pilares,,CAR,5,132,2011,Hawaii,2008,2010,36.0,,,,,,,,,,,,,,WR,Hawaii,,,,,,,,,,,62.3,183.0,2242.0,12.3,21.0,,,,,,,,,,,,,,,,,0.1200000000000001,23.0,1.0,1.0
Johnny White,,BUF,5,133,2011,North Carolina,2007,2010,21.0,,,,,,,,,,,,,,RB,North Carolina,225.0,1119.0,5.0,7.0,39.0,447.0,11.5,0.0,53.3,21.3,,,,,,,,,,,,,,,,,,,,,,7.233333333333333,23.0,0.0,0.0
Johnny White,,BUF,5,133,2011,North Carolina,2009,2009,13.0,,,,,,,,,,,,,,WR,North Carolina,,,,,,,,,,,5.1,7.0,66.0,9.4,1.0,,,,,,,,,,,,,,,,,7.233333333333333,23.0,0.0,0.0
Johnny White,,BUF,5,133,2011,North Carolina,2008,2008,12.0,,,,,,,,,,,,,,DB,North Carolina,,,,,,,,,,,,,,,,,,,,,,,,,,0.0,0.0,0.0,,0.0,,7.233333333333333,23.0,0.0,0.0
Robert Sands,,CIN,5,134,2011,West Virginia,2008,2010,39.0,,,,,,,,,,,,,,DB,West Virginia,,,,,,,,,,,,,,,,,,,,,,,,,,6.0,37.0,0.0,,0.1538461538461538,,15.0,21.0,0.0,0.0
Ricky Stanzi,141.6,KAN,5,135,2011,Iowa,2007,2010,39.0,542.0,907.0,365.0,59.8,7377.0,56.0,31.0,6.2,3.4,8.1,7.83,13.6,189.2,QB,Iowa,,,,,,,,,,,,,,,,,,,,,,,,,,,,,,,,16.61509433962264,24.0,,
Anthony Sherman,,CRD,5,136,2011,Connecticut,2007,2010,51.0,,,,,,,,,,,,,,RB,Connecticut,17.0,61.0,3.6,0.0,48.0,477.0,9.9,1.0,1.2,9.4,,,,,,,,,,,,,,,,,,,,,,3.22,22.0,1.0,5.0
Marcus Cannon,,NWE,5,138,2011,Texas Christian,2007,2008,24.0,,,,,,,,,,,,,,OL,Texas Christian,,,,,,,,,,,,,,,,,,,,,,,,,,,,,,,,,23.0,42.0,43.0
Brandon Burton,,MIN,5,139,2011,,2008,2010,37.0,,,,,,,,,,,,,,DB,Utah,,,,,,,,,,,,,,,,,,,,,,,,,,3.0,69.0,0.0,,0.081081081081081,,3.0459459459459457,22.0,1.0,1.0
Gabe Miller,,KAN,5,140,2011,Oregon State,2007,2007,13.0,,,,,,,,,,,,,,TE,Oregon State,,,,,,,,,,,9.5,8.0,124.0,15.5,1.0,,,,,,,,,,,,,,,,,11.6,23.0,,0.0
Gabe Miller,,KAN,5,140,2011,Oregon State,2009,2010,25.0,,,,,,,,,,,,,,DL,Oregon State,,,,,,,,,,,,,,,,8.0,29.0,38.0,67.0,13.0,0.32,1.16,1.52,2.68,0.52,,,,,,,11.6,23.0,,0.0
D.J. Williams,,GNB,5,141,2011,Arkansas,2007,2010,51.0,,,,,,,,,,,,,,TE,Arkansas,,,,,,,,,,,36.4,152.0,1855.0,12.2,10.0,,,,,,,,,,,,,,,,,11.791489361702128,22.0,3.0,4.0
Karl Klug,,OTI,5,142,2011,Iowa,2007,2010,39.0,,,,,,,,,,,,,,DL,Iowa,,,,,,,,,,,,,,,,11.5,57.0,83.0,140.0,31.0,0.2948717948717949,1.4615384615384617,2.128205128205128,3.58974358974359,0.7948717948717948,,,,,,,,23.0,13.0,13.0
Josh Thomas,,DAL,5,143,2011,Buffalo,2007,2010,47.0,,,,,,,,,,,,,,DB,Buffalo,,,,,,,,,,,,,,,,,,,,,,,,,,2.0,22.0,0.0,15.0,0.0425531914893617,0.3191489361702128,4.480392156862745,22.0,,7.0
Shiloh Keo,,HTX,5,144,2011,Idaho,2006,2010,55.0,,,,,,,,,,,,,,DB,Idaho,,,,,,,,,,,,,,,,,,,,,,,,,,11.0,168.0,0.0,,0.2,,,23.0,6.0,8.0
Jacquizz Rodgers,,ATL,5,145,2011,Oregon State,2008,2010,36.0,,,,,,,,,,,,,,RB,Oregon State,788.0,3877.0,4.9,46.0,151.0,1056.0,7.0,5.0,107.7,29.3,,,,,,,,,,,,,,,,,,,,,,9.872727272727273,21.0,17.0,24.0
Dejon Gomes,,WAS,5,146,2011,Nebraska,2009,2010,27.0,,,,,,,,,,,,,,DB,Nebraska,,,,,,,,,,,,,,,,,,,,,,,,,,7.0,112.0,1.0,,0.2592592592592592,,,21.0,4.0,5.0
Rod Issac,,JAX,5,147,2011,Middle Tennessee State,2007,2010,46.0,,,,,,,,,,,,,,DB,Middle Tennessee State,,,,,,,,,,,,,,,,,,,,,,,,,,5.0,124.0,1.0,7.0,0.108695652173913,0.1521739130434782,-14.533333333333333,22.0,0.0,0.0
Denarius Moore,,RAI,5,148,2011,Tennessee,2007,2010,52.0,,,,,,,,,,,,,,WR,Tennessee,,,,,,,,,,,38.5,112.0,2004.0,17.9,18.0,,,,,,,,,,,,,,,,,12.9875,22.0,15.0,15.0
Dion Lewis,,PHI,5,149,2011,Pitt,2009,2010,25.0,,,,,,,,,,,,,,RB,Pitt,544.0,2860.0,5.3,30.0,52.0,405.0,7.8,1.0,114.4,16.2,,,,,,,,,,,,,,,,,,,,,,14.6,20.0,1.0,31.0
Jason Pinkston,,CLE,5,150,2011,Pitt,2009,2012,42.0,,,,,,,,,,,,,,DB,Ball State,,,,,,,,,,,,,,,,,,,,,,,,,,8.0,32.0,0.0,4.0,0.1904761904761904,0.0952380952380952,-15.5,24.0,10.0,10.0
Ahmad Black,,TAM,5,151,2011,Florida,2007,2010,48.0,,,,,,,,,,,,,,DB,Florida,,,,,,,,,,,,,,,,,,,,,,,,,,13.0,362.0,3.0,,0.2708333333333333,,27.166666666666668,21.0,3.0,3.0
T.J. Yates,131.7,HTX,5,152,2011,North Carolina,2007,2010,45.0,795.0,1277.0,482.0,62.3,9377.0,58.0,46.0,4.5,3.6,7.3,6.63,11.8,208.4,QB,North Carolina,,,,,,,,,,,,,,,,,,,,,,,,,,,,,,,,7.074999999999999,24.0,6.0,6.0
Jeremy Kerley,,NYJ,5,153,2011,Texas Christian,2007,2010,50.0,,,,,,,,,,,,,,WR,Texas Christian,,,,,,,,,,,26.0,120.0,1299.0,10.8,12.0,,,,,,,,,,,,,,,,,19.742857142857144,22.0,19.0,23.0
Richard Sherman,,SEA,5,154,2011,Stanford,2006,2009,41.0,,,,,,,,,,,,,,WR,Stanford,,,,,,,,,,,32.7,81.0,1340.0,16.5,7.0,,,,,,,,,,,,,,,,,4.08867924528302,23.0,82.0,97.0
Richard Sherman,,SEA,5,154,2011,Stanford,2010,2010,13.0,,,,,,,,,,,,,,DB,Stanford,,,,,,,,,,,,,,,,,,,,,,,,,,4.0,39.0,0.0,,0.3076923076923077,,4.08867924528302,23.0,82.0,97.0
Niles Paul,,WAS,5,155,2011,Nebraska,2007,2010,46.0,,,,,,,,,,,,,,WR,Nebraska,,,,,,,,,,,33.3,103.0,1532.0,14.9,5.0,,,,,,,,,,,,,,,,,18.458333333333332,22.0,6.0,7.0
Doug Hogue,,DET,5,157,2011,Syracuse,2007,2008,20.0,,,,,,,,,,,,,,RB,Syracuse,112.0,483.0,4.3,3.0,14.0,139.0,9.9,1.0,24.2,7.0,,,,,,,,,,,,,,,,,,,,,,-9.035714285714286,22.0,1.0,2.0
Doug Hogue,,DET,5,157,2011,Syracuse,2009,2010,25.0,,,,,,,,,,,,,,LB,Syracuse,,,,,,,,,,,,,,,,12.5,108.0,59.0,167.0,26.5,0.5,4.32,2.36,6.68,1.06,,,,,,,-9.035714285714286,22.0,1.0,2.0
Jermale Hines,,RAM,5,158,2011,Ohio State,2007,2010,44.0,,,,,,,,,,,,,,LB,Ohio State,,,,,,,,,,,,,,,,1.5,89.0,68.0,157.0,7.5,0.034090909090909,2.022727272727273,1.5454545454545454,3.5681818181818183,0.1704545454545454,,,,,,,27.23076923076923,23.0,,0.0
Lee Smith,,NWE,5,159,2011,Marshall,2007,2010,48.0,,,,,,,,,,,,,,TE,Marshall,,,,,,,,,,,16.5,75.0,791.0,10.5,3.0,,,,,,,,,,,,,,,,,-8.542857142857143,23.0,,5.0
Nathan Enderle,122.7,CHI,5,160,2011,Idaho,2007,2010,46.0,779.0,1427.0,648.0,54.6,10084.0,74.0,60.0,5.2,4.2,7.1,6.21,12.9,219.2,QB,Idaho,,,,,,,,,,,,,,,,,,,,,,,,,,,,,,,,,23.0,,
Julian Vandervelde,,PHI,5,161,2011,Iowa,2007,2009,23.0,,,,,,,,,,,,,,OL,Iowa,,,,,,,,,,,,,,,,,,,,,,,,,,,,,,,,,23.0,1.0,1.0
Chris Carter,,PIT,5,162,2011,Fresno State,2007,2010,49.0,,,,,,,,,,,,,,LB,Fresno State,,,,,,,,,,,,,,,,19.5,116.0,89.0,205.0,38.0,0.3979591836734694,2.36734693877551,1.816326530612245,4.183673469387755,0.7755102040816326,,,,,,,-12.981250000000001,22.0,4.0,6.0
Chykie Brown,,RAV,5,164,2011,Texas,2007,2010,44.0,,,,,,,,,,,,,,DB,Texas,,,,,,,,,,,,,,,,,,,,,,,,,,2.0,15.0,0.0,6.0,0.0454545454545454,0.1363636363636363,30.0,24.0,3.0,5.0
Pernell McPhee,,RAV,5,165,2011,Mississippi State,2009,2010,25.0,,,,,,,,,,,,,,DL,Mississippi State,,,,,,,,,,,,,,,,7.0,46.0,45.0,91.0,22.0,0.28,1.84,1.8,3.64,0.88,,,,,,,,22.0,20.0,29.0
Lawrence Wilson,,CAR,6,166,2011,,2007,2010,52.0,,,,,,,,,,,,,,LB,Connecticut,,,,,,,,,,,,,,,,9.5,246.0,203.0,449.0,35.5,0.1826923076923076,4.730769230769231,3.9038461538461537,8.634615384615385,0.6826923076923077,,,,,,,10.7,23.0,,
Ryan Whalen,,CIN,6,167,2011,Stanford,2007,2010,48.0,,,,,,,,,,,,,,WR,Stanford,,,,,,,,,,,39.3,140.0,1884.0,13.5,7.0,,,,,,,,,,,,,,,,,8.575,22.0,0.0,0.0
Demarcus Love,,MIN,6,168,2011,Arkansas,2010,2010,13.0,,,,,,,,,,,,,,OL,Arkansas,,,,,,,,,,,,,,,,,,,,,,,,,,,,,,,,,23.0,,
Chris White,,BUF,6,169,2011,Mississippi State,2009,2010,25.0,,,,,,,,,,,,,,LB,Mississippi State,,,,,,,,,,,,,,,,6.5,98.0,87.0,185.0,19.5,0.26,3.92,3.48,7.4,0.78,,,,,,,-0.10000000000000006,22.0,1.0,3.0
Mistral Raymond,,MIN,6,170,2011,South Florida,2009,2010,25.0,,,,,,,,,,,,,,DB,South Florida,,,,,,,,,,,,,,,,,,,,,,,,,,2.0,13.0,0.0,,0.08,,0.4,24.0,4.0,4.0
Quan Sturdivant,,CRD,6,171,2011,North Carolina,2007,2010,46.0,,,,,,,,,,,,,,LB,North Carolina,,,,,,,,,,,,,,,,7.0,192.0,117.0,309.0,27.5,0.1521739130434782,4.173913043478261,2.5434782608695654,6.717391304347826,0.5978260869565217,,,,,,,5.2176470588235295,22.0,,
Byron Maxwell,,SEA,6,173,2011,Clemson,2007,2010,53.0,,,,,,,,,,,,,,DB,Clemson,,,,,,,,,,,,,,,,,,,,,,,,,,4.0,4.0,0.0,6.0,0.0754716981132075,0.1132075471698113,13.25,23.0,13.0,22.0
Charles Clay,,MIA,6,174,2011,Tulsa,2007,2010,52.0,,,,,,,,,,,,,,RB,Tulsa,179.0,911.0,5.1,10.0,189.0,2544.0,13.5,28.0,17.5,48.9,,,,,,,,,,,,,,,,,,,,,,1.0777777777777777,22.0,13.0,29.0
Dwayne Harris,,DAL,6,176,2011,East Carolina,2007,2010,50.0,,,,,,,,,,,,,,WR,East Carolina,,,,,,,,,,,60.0,268.0,3001.0,11.2,20.0,,,,,,,,,,,,,,,,,-2.413953488372093,23.0,6.0,12.0
Evan Royster,,WAS,6,177,2011,Penn State,2007,2010,50.0,,,,,,,,,,,,,,RB,Penn State,686.0,3932.0,5.7,29.0,61.0,562.0,9.2,3.0,78.6,11.2,,,,,,,,,,,,,,,,,,,,,,19.81111111111111,23.0,4.0,4.0
Aldrick Robinson,,WAS,6,178,2011,SMU,2007,2010,46.0,,,,,,,,,,,,,,WR,SMU,,,,,,,,,,,72.0,181.0,3314.0,18.3,30.0,,,,,,,,,,,,,,,,,-8.88,22.0,5.0,12.0
Tyrod Taylor,137.5,RAV,6,180,2011,Virginia Tech,2007,2010,50.0,495.0,865.0,370.0,57.2,7017.0,44.0,20.0,5.1,2.3,8.1,8.09,14.2,140.3,QB,Virginia Tech,,,,,,,,,,,,,,,,,,,,,,,,,,,,,,,,19.099999999999998,22.0,1.0,50.0
Richard Gordon,,RAI,6,181,2011,Miami (FL),2006,2010,47.0,,,,,,,,,,,,,,TE,Miami (FL),,,,,,,,,,,1.3,10.0,62.0,6.2,0.0,,,,,,,,,,,,,,,,,11.65,24.0,0.0,0.0
Ronald Johnson,,SFO,6,182,2011,USC,2007,2010,47.0,,,,,,,,,,,,,,WR,USC,,,,,,,,,,,37.2,138.0,1750.0,12.7,20.0,,,,,,,,,,,,,,,,,24.225806451612904,23.0,,
Jordan Todman,,SDG,6,183,2011,Connecticut,2008,2010,37.0,,,,,,,,,,,,,,RB,Connecticut,616.0,3179.0,5.2,31.0,42.0,283.0,6.7,0.0,85.9,7.6,,,,,,,,,,,,,,,,,,,,,,2.421276595744681,21.0,,5.0
David Carter,,CRD,6,184,2011,UCLA,2007,2010,40.0,,,,,,,,,,,,,,DL,UCLA,,,,,,,,,,,,,,,,6.5,42.0,24.0,66.0,9.5,0.1625,1.05,0.6,1.65,0.2375,,,,,,,,23.0,4.0,4.0
Greg Jones,,NYG,6,185,2011,Michigan State,2007,2010,52.0,,,,,,,,,,,,,,LB,Michigan State,,,,,,,,,,,,,,,,16.5,236.0,229.0,465.0,46.5,0.3173076923076923,4.538461538461538,4.403846153846154,8.942307692307692,0.8942307692307693,,,,,,,-3.822222222222222,22.0,3.0,3.0
Allen Bradford,,TAM,6,187,2011,USC,2006,2010,52.0,,,,,,,,,,,,,,RB,USC,267.0,1585.0,5.9,16.0,14.0,176.0,12.6,4.0,30.5,3.4,,,,,,,,,,,,,,,,,,,,,,26.22,23.0,0.0,1.0
Mike Mohamed,,DEN,6,189,2011,California,2007,2010,50.0,,,,,,,,,,,,,,LB,California,,,,,,,,,,,,,,,,7.0,196.0,143.0,339.0,20.0,0.14,3.92,2.86,6.78,0.4,,,,,,,11.5,23.0,0.0,4.0
Colin Jones,,SFO,6,190,2011,Texas Christian,2007,2010,45.0,,,,,,,,,,,,,,DB,Texas Christian,,,,,,,,,,,,,,,,,,,,,,,,,,2.0,38.0,1.0,1.0,0.0444444444444444,0.0222222222222222,25.4,23.0,1.0,12.0
Jason Kelce,,PHI,6,191,2011,Cincinnati,2007,2010,34.0,,,,,,,,,,,,,,LB,Cincinnati,,,,,,,,,,,,,,,,0.0,4.0,1.0,5.0,0.0,0.0,0.1176470588235294,0.0294117647058823,0.1470588235294117,0.0,,,,,,,,23.0,102.0,102.0
Brian Rolle,,PHI,6,193,2011,Ohio State,2007,2010,51.0,,,,,,,,,,,,,,LB,Ohio State,,,,,,,,,,,,,,,,2.5,85.0,117.0,202.0,19.0,0.0490196078431372,1.6666666666666667,2.2941176470588234,3.9607843137254903,0.3725490196078431,,,,,,,24.566666666666666,22.0,6.0,6.0
J.T. Thomas,,CHI,6,195,2011,West Virginia,2008,2010,39.0,,,,,,,,,,,,,,LB,West Virginia,,,,,,,,,,,,,,,,6.0,93.0,121.0,214.0,24.0,0.1538461538461538,2.3846153846153846,3.102564102564102,5.487179487179487,0.6153846153846154,,,,,,,13.8,23.0,1.0,12.0
Keith Williams,,PIT,6,196,2011,Nebraska,2008,2008,13.0,,,,,,,,,,,,,,OL,Nebraska,,,,,,,,,,,,,,,,,,,,,,,,,,,,,,,,,23.0,,0.0
Ricky Elmore,,GNB,6,197,2011,Arizona,2007,2010,51.0,,,,,,,,,,,,,,DL,Arizona,,,,,,,,,,,,,,,,25.5,76.0,52.0,128.0,33.5,0.5,1.4901960784313726,1.0196078431372548,2.5098039215686274,0.6568627450980392,,,,,,,15.466666666666669,23.0,,
Tyler Sash,,NYG,6,198,2011,Iowa,2008,2010,38.0,,,,,,,,,,,,,,DB,Iowa,,,,,,,,,,,,,,,,,,,,,,,,,,13.0,392.0,1.0,,0.3421052631578947,,19.158823529411762,23.0,1.0,1.0
Jerrell Powe,,KAN,6,199,2011,Ole Miss,2008,2010,37.0,,,,,,,,,,,,,,DL,Ole Miss,,,,,,,,,,,,,,,,7.0,49.0,20.0,69.0,24.0,0.1891891891891892,1.3243243243243243,0.5405405405405406,1.864864864864865,0.6486486486486487,,,,,,,16.87777777777778,24.0,2.0,5.0
Ross Homan,,MIN,6,200,2011,Ohio State,2006,2010,54.0,,,,,,,,,,,,,,LB,Ohio State,,,,,,,,,,,,,,,,5.0,155.0,132.0,287.0,17.0,0.0925925925925925,2.8703703703703702,2.4444444444444446,5.314814814814815,0.3148148148148148,,,,,,,26.0,24.0,,
Stephen Schilling,,SDG,6,201,2011,Michigan,2007,2010,37.0,,,,,,,,,,,,,,OL,Michigan,,,,,,,,,,,,,,,,,,,,,,,,,,,,,,,,13.3,23.0,3.0,5.0
Jacquian Williams,,NYG,6,202,2011,South Florida,2009,2010,25.0,,,,,,,,,,,,,,LB,South Florida,,,,,,,,,,,,,,,,2.5,61.0,38.0,99.0,12.0,0.1,2.44,1.52,3.96,0.48,,,,,,,1.7333333333333334,23.0,13.0,13.0
Virgil Green,,DEN,7,204,2011,Nevada,2008,2010,40.0,,,,,,,,,,,,,,TE,Nevada,,,,,,,,,,,23.5,72.0,939.0,13.0,11.0,,,,,,,,,,,,,,,,,4.066666666666666,23.0,5.0,8.0
Lazarius Levingston,,SEA,7,205,2011,LSU,2007,2010,48.0,,,,,,,,,,,,,,DL,LSU,,,,,,,,,,,,,,,,3.0,19.0,51.0,70.0,15.5,0.0625,0.3958333333333333,1.0625,1.4583333333333333,0.3229166666666667,,,,,,,,23.0,0.0,0.0
Greg McElroy,155.4,NYJ,7,208,2011,Alabama,2007,2010,35.0,436.0,658.0,222.0,66.3,5691.0,39.0,10.0,5.9,1.5,8.6,9.15,13.1,162.6,QB,Alabama,,,,,,,,,,,,,,,,,,,,,,,,,,,,,,,,25.63684210526316,23.0,1.0,1.0
Andrew Jackson,,ATL,7,210,2011,Fresno State,2007,2008,25.0,,,,,,,,,,,,,,DL,Fresno State,,,,,,,,,,,,,,,,0.0,2.0,0.0,2.0,0.0,0.0,0.08,0.0,0.08,0.0,,,,,,,-16.1,22.0,,
Bruce Miller,,SFO,7,211,2011,UCF,2007,2010,53.0,,,,,,,,,,,,,,LB,UCF,,,,,,,,,,,,,,,,35.5,124.0,90.0,214.0,57.5,0.6698113207547169,2.339622641509434,1.69811320754717,4.037735849056604,1.0849056603773586,,,,,,,-5.933333333333334,24.0,7.0,7.0
Zach Clayton,,OTI,7,212,2011,Auburn,2007,2010,41.0,,,,,,,,,,,,,,DL,Auburn,,,,,,,,,,,,,,,,5.5,41.0,24.0,65.0,17.0,0.1341463414634146,1.0,0.5853658536585366,1.5853658536585369,0.4146341463414634,,,,,,,,23.0,0.0,0.0
Brandyn Thompson,,WAS,7,213,2011,Boise State,2007,2010,48.0,,,,,,,,,,,,,,DB,Boise State,,,,,,,,,,,,,,,,,,,,,,,,,,13.0,130.0,1.0,,0.2708333333333333,,22.03333333333333,21.0,1.0,1.0
Derek Newton,,HTX,7,214,2011,Arkansas State,2010,2010,12.0,,,,,,,,,,,,,,OL,Arkansas State,,,,,,,,,,,,,,,,,,,,,,,,,,,,,,,,,23.0,28.0,28.0
D'Aundre Reed,,MIN,7,215,2011,Arizona,2007,2010,46.0,,,,,,,,,,,,,,DL,Arizona,,,,,,,,,,,,,,,,6.0,56.0,27.0,83.0,11.5,0.1304347826086956,1.2173913043478262,0.5869565217391305,1.8043478260869563,0.25,,,,,,,,23.0,0.0,0.0
Mikail Baker,,RAM,7,216,2011,Baylor,2005,2009,37.0,,,,,,,,,,,,,,WR,Baylor,,,,,,,,,,,9.6,26.0,354.0,13.6,2.0,,,,,,,,,,,,,,,,,-0.5471698113207548,24.0,,
Mikail Baker,,RAM,7,216,2011,Baylor,2010,2010,13.0,,,,,,,,,,,,,,DB,Baylor,,,,,,,,,,,,,,,,,,,,,,,,,,1.0,0.0,0.0,,0.0769230769230769,,-0.5471698113207548,24.0,,
Ryan Taylor,,GNB,7,218,2011,North Carolina,2006,2010,48.0,,,,,,,,,,,,,,TE,North Carolina,,,,,,,,,,,6.9,36.0,330.0,9.2,2.0,,,,,,,,,,,,,,,,,7.7,23.0,0.0,0.0
Malcolm Williams,,NWE,7,219,2011,Texas Christian,2009,2010,26.0,,,,,,,,,,,,,,DB,Texas Christian,,,,,,,,,,,,,,,,,,,,,,,,,,0.0,0.0,0.0,1.0,0.0,0.0384615384615384,9.045283018867925,23.0,0.0,0.0
Shaun Chapas,,DAL,7,220,2011,Georgia,2007,2010,49.0,,,,,,,,,,,,,,RB,Georgia,40.0,155.0,3.9,3.0,26.0,221.0,8.5,4.0,3.2,4.5,,,,,,,,,,,,,,,,,,,,,,21.29,23.0,0.0,0.0
Da'Rel Scott,,NYG,7,221,2011,Maryland,2007,2010,41.0,,,,,,,,,,,,,,RB,Maryland,430.0,2401.0,5.6,17.0,48.0,509.0,10.6,4.0,58.6,12.4,,,,,,,,,,,,,,,,,,,,,,6.932203389830509,23.0,1.0,1.0
Anthony Gaitor,,TAM,7,222,2011,Florida International,2007,2010,49.0,,,,,,,,,,,,,,DB,Florida International,,,,,,,,,,,,,,,,,,,,,,,,,,11.0,263.0,3.0,,0.2244897959183673,,-21.795238095238094,22.0,1.0,1.0
Markus White,,WAS,7,224,2011,Florida State,2008,2010,40.0,,,,,,,,,,,,,,DL,Florida State,,,,,,,,,,,,,,,,11.0,81.0,50.0,131.0,28.5,0.275,2.025,1.25,3.275,0.7125,,,,,,,8.8,23.0,0.0,0.0
Anthony Allen,,RAV,7,225,2011,Georgia Tech,2006,2010,52.0,,,,,,,,,,,,,,RB,Georgia TechLouisville,546.0,3036.0,5.6,33.0,33.0,401.0,12.2,5.0,58.4,7.7,,,,,,,,,,,,,,,,,,,,,,14.1,23.0,1.0,1.0
Greg Romeus,,NOR,7,226,2011,Pitt,2007,2010,40.0,,,,,,,,,,,,,,DL,Pitt,,,,,,,,,,,,,,,,19.5,77.0,65.0,142.0,38.5,0.4875,1.925,1.625,3.55,0.9625,,,,,,,17.9,23.0,,
Scotty McKnight,,NYJ,7,227,2011,Colorado,2007,2010,49.0,,,,,,,,,,,,,,WR,Colorado,,,,,,,,,,,52.8,219.0,2588.0,11.8,22.0,,,,,,,,,,,,,,,,,-0.4029411764705882,23.0,,
Jonathan Nelson,,RAM,7,229,2011,Oklahoma,2008,2010,31.0,,,,,,,,,,,,,,DB,Oklahoma,,,,,,,,,,,,,,,,,,,,,,,,,,5.0,40.0,0.0,,0.1612903225806451,,22.9,23.0,,1.0
Cliff Matthews,,ATL,7,230,2011,South Carolina,2007,2010,51.0,,,,,,,,,,,,,,DL,South Carolina,,,,,,,,,,,,,,,,15.5,108.0,41.0,149.0,26.0,0.3039215686274509,2.1176470588235294,0.803921568627451,2.92156862745098,0.5098039215686274,,,,,,,,22.0,3.0,3.0
Baron Batch,,PIT,7,232,2011,Texas Tech,2006,2010,45.0,,,,,,,,,,,,,,RB,Texas Tech,467.0,2501.0,5.4,27.0,140.0,1111.0,7.9,5.0,55.6,24.7,,,,,,,,,,,,,,,,,,,,,,18.225,23.0,1.0,1.0
Lawrence Guy,,GNB,7,233,2011,Arizona State,2008,2010,35.0,,,,,,,,,,,,,,DL,Arizona State,,,,,,,,,,,,,,,,8.0,51.0,71.0,122.0,23.0,0.2285714285714285,1.457142857142857,2.0285714285714285,3.4857142857142858,0.6571428571428571,,,,,,,,21.0,,63.0
Andrew Gachkar,,SDG,7,234,2011,Missouri,2007,2010,54.0,,,,,,,,,,,,,,LB,Missouri,,,,,,,,,,,,,,,,4.0,121.0,87.0,208.0,13.0,0.074074074074074,2.240740740740741,1.6111111111111112,3.851851851851851,0.2407407407407407,,,,,,,19.3,22.0,7.0,9.0
Greg Lloyd,,PHI,7,237,2011,Connecticut,2007,2010,33.0,,,,,,,,,,,,,,LB,Connecticut,,,,,,,,,,,,,,,,3.0,103.0,76.0,179.0,15.0,0.0909090909090909,3.121212121212121,2.303030303030303,5.424242424242424,0.4545454545454545,,,,,,,-3.6,22.0,,0.0
Daniel Hardy,,TAM,7,238,2011,Idaho,2008,2010,27.0,,,,,,,,,,,,,,WR,Idaho,,,,,,,,,,,50.5,80.0,1364.0,17.1,6.0,,,,,,,,,,,,,,,,,,24.0,,
Stanley Havili,,PHI,7,240,2011,USC,2006,2010,52.0,,,,,,,,,,,,,,RB,USC,81.0,509.0,6.3,3.0,116.0,1290.0,11.1,12.0,9.8,24.8,,,,,,,,,,,,,,,,,,,,,,25.766666666666666,23.0,0.0,1.0
David Ausberry,,RAI,7,241,2011,USC,2007,2010,46.0,,,,,,,,,,,,,,WR,USC,,,,,,,,,,,15.2,64.0,700.0,10.9,7.0,,,,,,,,,,,,,,,,,23.2,23.0,1.0,1.0
Malcolm Smith,,SEA,7,242,2011,USC,2007,2010,47.0,,,,,,,,,,,,,,LB,USC,,,,,,,,,,,,,,,,1.0,101.0,73.0,174.0,14.5,0.0212765957446808,2.148936170212766,1.553191489361702,3.702127659574468,0.3085106382978723,,,,,,,15.9,22.0,11.0,32.0
Nate Bussey,,NOR,7,243,2011,Illinois,2009,2010,25.0,,,,,,,,,,,,,,LB,Illinois,,,,,,,,,,,,,,,,1.5,78.0,48.0,126.0,9.0,0.06,3.12,1.92,5.04,0.36,,,,,,,3.4928571428571424,22.0,0.0,0.0
Nate Bussey,,NOR,7,243,2011,Illinois,2007,2008,25.0,,,,,,,,,,,,,,DB,Illinois,,,,,,,,,,,,,,,,,,,,,,,,,,0.0,0.0,0.0,2.0,0.0,0.08,3.4928571428571424,22.0,0.0,0.0
Lee Ziemba,,CAR,7,244,2011,Auburn,2009,2010,13.0,,,,,,,,,,,,,,OL,Auburn,,,,,,,,,,,,,,,,,,,,,,,,,,,,,,,,17.4,22.0,1.0,1.0
Jay Finley,,CIN,7,246,2011,Baylor,2007,2010,46.0,,,,,,,,,,,,,,RB,Baylor,478.0,2660.0,5.6,22.0,40.0,416.0,10.4,3.0,57.8,9.0,,,,,,,,,,,,,,,,,,,,,,-2.15,23.0,,
Jeremy Beal,,DEN,7,247,2011,Oklahoma,2007,2010,54.0,,,,,,,,,,,,,,DL,Oklahoma,,,,,,,,,,,,,,,,29.0,139.0,85.0,224.0,58.5,0.5370370370370371,2.574074074074074,1.5740740740740742,4.148148148148148,1.0833333333333333,,,,,,,22.3,23.0,,
Eric Hagg,,CLE,7,248,2011,Nebraska,2007,2010,48.0,,,,,,,,,,,,,,DB,Nebraska,,,,,,,,,,,,,,,,,,,,,,,,,,6.0,37.0,0.0,7.0,0.125,0.1458333333333333,19.138461538461538,21.0,3.0,3.0
Demarco Sampson,,CRD,7,249,2011,San Diego State,2005,2010,48.0,,,,,,,,,,,,,,WR,San Diego State,,,,,,,,,,,46.7,146.0,2242.0,15.4,18.0,,,,,,,,,,,,,,,,,,25.0,0.0,0.0
Tommie Campbell,,OTI,7,251,2011,Pitt,2006,2006,11.0,,,,,,,,,,,,,,LB,Pitt,,,,,,,,,,,,,,,,0.0,32.0,17.0,49.0,4.0,0.0,2.909090909090909,1.5454545454545454,4.454545454545454,0.3636363636363636,,,,,,,,23.0,4.0,4.0
Tommie Campbell,,OTI,7,251,2011,Pitt,2005,2005,8.0,,,,,,,,,,,,,,DB,Pitt,,,,,,,,,,,,,,,,,,,,,,,,,,0.0,0.0,0.0,,0.0,,,23.0,4.0,4.0
Chris Neild,,WAS,7,253,2011,West Virginia,2007,2010,50.0,,,,,,,,,,,,,,DL,West Virginia,,,,,,,,,,,,,,,,6.0,58.0,72.0,130.0,11.0,0.12,1.16,1.44,2.6,0.22,,,,,,,13.8,23.0,2.0,2.0
Cheta Ozougwu,,HTX,7,254,2011,Rice,2007,2010,46.0,,,,,,,,,,,,,,DL,Rice,,,,,,,,,,,,,,,,11.0,121.0,77.0,198.0,25.0,0.2391304347826087,2.630434782608696,1.673913043478261,4.304347826086956,0.5434782608695652,,,,,,,,22.0,,0.0
Andrew Luck,162.8,CLT,1,1,2012,Stanford,2009,2011,38.0,713.0,1064.0,351.0,67.0,9430.0,82.0,22.0,7.7,2.1,8.9,9.47,13.2,248.2,QB,Stanford,,,,,,,,,,,,,,,,,,,,,,,,,,,,,,,,18.67608695652174,22.0,72.0,72.0
Robert Griffin III,158.9,WAS,1,2,2012,Baylor,2008,2011,41.0,800.0,1192.0,392.0,67.1,10366.0,78.0,17.0,6.5,1.4,8.7,9.36,13.0,252.8,QB,Baylor,,,,,,,,,,,,,,,,,,,,,,,,,,,,,,,,4.428,22.0,31.0,36.0
Trent Richardson,,CLE,1,3,2012,Alabama,2009,2011,38.0,,,,,,,,,,,,,,RB,Alabama,540.0,3130.0,5.8,35.0,68.0,730.0,10.7,7.0,82.4,19.2,,,,,,,,,,,,,,,,,,,,,,30.85,22.0,7.0,17.0
Matt Kalil,,MIN,1,4,2012,USC,2011,2011,,,,,,,,,,,,,,,OL,USC,,,,,,,,,,,,,,,,,,,,,,,,,,,,,,,,,23.0,29.0,34.0
Justin Blackmon,,JAX,1,5,2012,Oklahoma State,2009,2011,38.0,,,,,,,,,,,,,,WR,Oklahoma State,,,,,,,,,,,93.8,253.0,3564.0,14.1,40.0,,,,,,,,,,,,,,,,,25.7,22.0,9.0,9.0
Morris Claiborne,,DAL,1,6,2012,LSU,2009,2011,33.0,,,,,,,,,,,,,,DB,LSU,,,,,,,,,,,,,,,,,,,,,,,,,,11.0,274.0,1.0,9.0,0.3333333333333333,0.2727272727272727,26.15,22.0,13.0,25.0
Mark Barron,,TAM,1,7,2012,Alabama,2008,2011,52.0,,,,,,,,,,,,,,DB,Alabama,,,,,,,,,,,,,,,,,,,,,,,,,,12.0,145.0,1.0,11.0,0.2307692307692307,0.2115384615384615,28.963636363636365,22.0,11.0,58.0
Ryan Tannehill,134.3,MIA,1,8,2012,Texas A&M,2010,2011,26.0,479.0,765.0,286.0,62.6,5382.0,42.0,21.0,5.5,2.7,7.0,6.9,11.2,207.0,QB,Texas A&M,,,,,,,,,,,,,,,,,,,,,,,,,,,,,,,,9.040579710144927,24.0,47.0,91.0
Ryan Tannehill,,MIA,1,8,2012,Texas A&M,2008,2009,24.0,,,,,,,,,,,,,,WR,Texas A&M,,,,,,,,,,,60.5,101.0,1453.0,14.4,9.0,,,,,,,,,,,,,,,,,9.040579710144927,24.0,47.0,91.0
Luke Kuechly,,CAR,1,9,2012,Boston College,2009,2011,38.0,,,,,,,,,,,,,,LB,Boston College,,,,,,,,,,,,,,,,2.5,299.0,233.0,532.0,35.5,0.0657894736842105,7.868421052631579,6.131578947368421,14.0,0.9342105263157896,,,,,,,7.281818181818181,21.0,91.0,91.0
Stephon Gilmore,,BUF,1,10,2012,South Carolina,2009,2011,40.0,,,,,,,,,,,,,,DB,South Carolina,,,,,,,,,,,,,,,,,,,,,,,,,,8.0,86.0,1.0,,0.2,,17.475,21.0,18.0,75.0
Dontari Poe,,KAN,1,11,2012,Memphis,2009,2011,35.0,,,,,,,,,,,,,,DL,Memphis,,,,,,,,,,,,,,,,5.0,57.0,44.0,101.0,21.5,0.1428571428571428,1.6285714285714286,1.2571428571428571,2.8857142857142857,0.6142857142857143,,,,,,,,22.0,41.0,55.0
Fletcher Cox,,PHI,1,12,2012,Mississippi State,2009,2011,36.0,,,,,,,,,,,,,,DL,Mississippi State,,,,,,,,,,,,,,,,7.5,53.0,61.0,114.0,24.5,0.2083333333333333,1.4722222222222223,1.6944444444444444,3.1666666666666665,0.6805555555555556,,,,,,,,21.0,95.0,95.0
Michael Floyd,,CRD,1,13,2012,Notre Dame,2008,2011,43.0,,,,,,,,,,,,,,WR,Notre Dame,,,,,,,,,,,85.7,271.0,3686.0,13.6,37.0,,,,,,,,,,,,,,,,,14.175,22.0,27.0,28.0
Michael Brockers,,RAM,1,14,2012,LSU,2010,2011,27.0,,,,,,,,,,,,,,DL,LSU,,,,,,,,,,,,,,,,2.0,34.0,45.0,79.0,11.0,0.074074074074074,1.2592592592592593,1.6666666666666667,2.925925925925926,0.4074074074074074,,,,,,,31.9,21.0,53.0,58.0
Bruce Irvin,,SEA,1,15,2012,West Virginia,2010,2011,26.0,,,,,,,,,,,,,,DL,West Virginia,,,,,,,,,,,,,,,,22.5,45.0,16.0,61.0,29.0,0.8653846153846154,1.7307692307692308,0.6153846153846154,2.3461538461538463,1.1153846153846154,,,,,,,,24.0,22.0,42.0
Quinton Coples,,NYJ,1,16,2012,North Carolina,2008,2011,51.0,,,,,,,,,,,,,,DL,North Carolina,,,,,,,,,,,,,,,,24.0,80.0,64.0,144.0,40.5,0.4705882352941176,1.568627450980392,1.2549019607843137,2.823529411764706,0.7941176470588235,,,,,,,,22.0,17.0,17.0
Dre Kirkpatrick,,CIN,1,17,2012,Alabama,2009,2011,38.0,,,,,,,,,,,,,,DB,Alabama,,,,,,,,,,,,,,,,,,,,,,,,,,3.0,30.0,0.0,16.0,0.0789473684210526,0.4210526315789473,30.1,22.0,25.0,31.0
Melvin Ingram,,SDG,1,18,2012,South Carolina,2007,2011,50.0,,,,,,,,,,,,,,LB,South Carolina,,,,,,,,,,,,,,,,21.5,72.0,39.0,111.0,30.5,0.43,1.44,0.78,2.22,0.61,,,,,,,18.6,23.0,52.0,57.0
Shea McClellin,,CHI,1,19,2012,Boise State,2008,2011,49.0,,,,,,,,,,,,,,DL,Boise State,,,,,,,,,,,,,,,,20.5,64.0,66.0,130.0,33.0,0.4183673469387755,1.3061224489795915,1.346938775510204,2.653061224489796,0.673469387755102,,,,,,,23.099999999999998,23.0,13.0,17.0
Kendall Wright,,OTI,1,20,2012,Baylor,2008,2011,50.0,,,,,,,,,,,,,,TE,Baylor,,,,,,,,,,,80.1,302.0,4004.0,13.3,30.0,,,,,,,,,,,,,,,,,3.9734939759036147,22.0,24.0,28.0
Chandler Jones,,NWE,1,21,2012,Syracuse,2009,2011,32.0,,,,,,,,,,,,,,DL,Syracuse,,,,,,,,,,,,,,,,10.0,101.0,46.0,147.0,27.0,0.3125,3.15625,1.4375,4.59375,0.84375,,,,,,,-4.825675675675676,22.0,25.0,77.0
Brandon Weeden,157.6,CLE,1,22,2012,Oklahoma State,2008,2011,30.0,767.0,1103.0,336.0,69.5,9260.0,75.0,27.0,6.8,2.4,8.4,8.65,12.1,308.7,QB,Oklahoma State,,,,,,,,,,,,,,,,,,,,,,,,,,,,,,,,23.174999999999997,28.0,10.0,13.0
Riley Reiff,,DET,1,23,2012,Iowa,2011,2011,13.0,,,,,,,,,,,,,,OL,Iowa,,,,,,,,,,,,,,,,,,,,,,,,,,,,,,,,,23.0,27.0,60.0
David DeCastro,,PIT,1,24,2012,Stanford,2011,2011,,,,,,,,,,,,,,,OL,Stanford,,,,,,,,,,,,,,,,,,,,,,,,,,,,,,,,,22.0,69.0,69.0
Dont'a Hightower,,NWE,1,25,2012,Alabama,2008,2011,44.0,,,,,,,,,,,,,,LB,Alabama,,,,,,,,,,,,,,,,5.0,101.0,133.0,234.0,21.0,0.1136363636363636,2.2954545454545454,3.022727272727273,5.318181818181818,0.4772727272727273,,,,,,,32.5,22.0,65.0,65.0
Whitney Mercilus,,HTX,1,26,2012,Illinois,2009,2011,37.0,,,,,,,,,,,,,,DL,Illinois,,,,,,,,,,,,,,,,18.0,40.0,41.0,81.0,29.0,0.4864864864864865,1.0810810810810811,1.108108108108108,2.189189189189189,0.7837837837837838,,,,,,,,22.0,49.0,49.0
Kevin Zeitler,,CIN,1,27,2012,Wisconsin,2011,2011,,,,,,,,,,,,,,,OL,Wisconsin,,,,,,,,,,,,,,,,,,,,,,,,,,,,,,,,,22.0,29.0,67.0
Nick Perry,,GNB,1,28,2012,USC,2009,2011,37.0,,,,,,,,,,,,,,DL,USC,,,,,,,,,,,,,,,,21.5,62.0,41.0,103.0,29.5,0.581081081081081,1.6756756756756757,1.108108108108108,2.783783783783784,0.7972972972972973,,,,,,,34.3,22.0,22.0,22.0
Harrison Smith,,MIN,1,29,2012,Notre Dame,2008,2011,51.0,,,,,,,,,,,,,,DB,Notre Dame,,,,,,,,,,,,,,,,,,,,,,,,,,7.0,54.0,0.0,20.0,0.1372549019607843,0.392156862745098,-9.339130434782609,23.0,72.0,72.0
A.J. Jenkins,,SFO,1,30,2012,Illinois,2008,2011,46.0,,,,,,,,,,,,,,WR,Illinois,,,,,,,,,,,52.9,167.0,2432.0,14.6,19.0,,,,,,,,,,,,,,,,,1.6777777777777778,22.0,0.0,2.0
Doug Martin,,TAM,1,31,2012,Boise State,2007,2011,52.0,,,,,,,,,,,,,,RB,Boise State,617.0,3431.0,5.6,43.0,67.0,715.0,10.7,4.0,66.0,13.8,,,,,,,,,,,,,,,,,,,,,,22.11,23.0,35.0,39.0
David Wilson,,NYG,1,32,2012,Virginia Tech,2009,2011,40.0,,,,,,,,,,,,,,RB,Virginia Tech,462.0,2662.0,5.8,18.0,37.0,363.0,9.8,5.0,66.6,9.1,,,,,,,,,,,,,,,,,,,,,,20.675,21.0,5.0,5.0
Coby Fleener,,CLT,2,34,2012,Stanford,2008,2011,51.0,,,,,,,,,,,,,,TE,Stanford,,,,,,,,,,,30.3,96.0,1543.0,16.1,18.0,,,,,,,,,,,,,,,,,16.633333333333333,23.0,18.0,25.0
Courtney Upshaw,,RAV,2,35,2012,Alabama,2008,2011,53.0,,,,,,,,,,,,,,LB,Alabama,,,,,,,,,,,,,,,,17.5,88.0,53.0,141.0,36.5,0.330188679245283,1.660377358490566,1.0,2.660377358490566,0.6886792452830188,,,,,,,32.5,22.0,24.0,27.0
Derek Wolfe,,DEN,2,36,2012,Cincinnati,2008,2011,44.0,,,,,,,,,,,,,,DL,Cincinnati,,,,,,,,,,,,,,,,19.5,89.0,73.0,162.0,37.0,0.4431818181818182,2.022727272727273,1.6590909090909092,3.6818181818181817,0.8409090909090909,,,,,,,,22.0,45.0,48.0
Andre Branch,,JAX,2,38,2012,Clemson,2008,2011,48.0,,,,,,,,,,,,,,DL,Clemson,,,,,,,,,,,,,,,,17.5,89.0,90.0,179.0,34.0,0.3645833333333333,1.8541666666666667,1.875,3.7291666666666665,0.7083333333333334,,,,,,,,23.0,9.0,22.0
Janoris Jenkins,,RAM,2,39,2012,,2008,2010,40.0,,,,,,,,,,,,,,DB,Florida,,,,,,,,,,,,,,,,,,,,,,,,,,8.0,91.0,1.0,,0.2,,23.294117647058822,23.0,22.0,52.0
Cordy Glenn,,BUF,2,41,2012,Georgia,2009,2010,26.0,,,,,,,,,,,,,,OL,Georgia,,,,,,,,,,,,,,,,,,,,,,,,,,,,,,,,,22.0,31.0,38.0
Stephen Hill,,NYJ,2,43,2012,Georgia Tech,2009,2011,38.0,,,,,,,,,,,,,,WR,Georgia Tech,,,,,,,,,,,32.8,49.0,1248.0,25.5,9.0,,,,,,,,,,,,,,,,,5.785714285714286,21.0,4.0,4.0
Jeff Allen,,KAN,2,44,2012,Illinois,2009,2010,25.0,,,,,,,,,,,,,,OL,Illinois,,,,,,,,,,,,,,,,,,,,,,,,,,,,,,,,8.6,22.0,19.0,27.0
Alshon Jeffery,,CHI,2,45,2012,South Carolina,2009,2011,40.0,,,,,,,,,,,,,,WR,South Carolina,,,,,,,,,,,76.1,183.0,3042.0,16.6,23.0,,,,,,,,,,,,,,,,,16.675,22.0,33.0,48.0
Mychal Kendricks,,PHI,2,46,2012,California,2008,2011,51.0,,,,,,,,,,,,,,LB,California,,,,,,,,,,,,,,,,13.5,155.0,104.0,259.0,36.5,0.2647058823529412,3.0392156862745097,2.0392156862745097,5.078431372549019,0.7156862745098039,,,,,,,12.047058823529412,21.0,32.0,38.0
Bobby Wagner,,SEA,2,47,2012,Utah State,2008,2011,48.0,,,,,,,,,,,,,,LB,Utah State,,,,,,,,,,,,,,,,4.5,200.0,245.0,445.0,28.5,0.09375,4.166666666666667,5.104166666666667,9.270833333333334,0.59375,,,,,,,-11.569230769230769,22.0,112.0,129.0
Tavon Wilson,,NWE,2,48,2012,Illinois,2008,2011,50.0,,,,,,,,,,,,,,DB,Illinois,,,,,,,,,,,,,,,,,,,,,,,,,,3.0,5.0,0.0,1.0,0.06,0.02,3.233333333333333,22.0,5.0,19.0
Kendall Reyes,,SDG,2,49,2012,Connecticut,2008,2011,49.0,,,,,,,,,,,,,,DL,Connecticut,,,,,,,,,,,,,,,,11.5,78.0,64.0,142.0,32.5,0.2346938775510204,1.5918367346938775,1.3061224489795915,2.8979591836734695,0.6632653061224489,,,,,,,-3.6,22.0,22.0,22.0
Isaiah Pead,,RAM,2,50,2012,Cincinnati,2008,2011,44.0,,,,,,,,,,,,,,RB,Cincinnati,545.0,3288.0,6.0,27.0,87.0,721.0,8.3,6.0,74.7,16.4,,,,,,,,,,,,,,,,,,,,,,10.777777777777779,22.0,1.0,1.0
Jerel Worthy,,GNB,2,51,2012,Michigan State,2009,2011,40.0,,,,,,,,,,,,,,DL,Michigan State,,,,,,,,,,,,,,,,12.0,52.0,55.0,107.0,27.5,0.3,1.3,1.375,2.675,0.6875,,,,,,,,22.0,3.0,4.0
Zach Brown,,OTI,2,52,2012,North Carolina,2008,2011,47.0,,,,,,,,,,,,,,LB,North Carolina,,,,,,,,,,,,,,,,5.5,143.0,87.0,230.0,19.0,0.1170212765957446,3.0425531914893615,1.851063829787234,4.8936170212765955,0.4042553191489361,,,,,,,9.761403508771929,22.0,16.0,41.0
Devon Still,,CIN,2,53,2012,Penn State,2009,2011,39.0,,,,,,,,,,,,,,DL,Penn State,,,,,,,,,,,,,,,,10.5,55.0,58.0,113.0,32.5,0.2692307692307692,1.4102564102564104,1.4871794871794872,2.897435897435898,0.8333333333333334,,,,,,,,23.0,3.0,3.0
Ryan Broyles,,DET,2,54,2012,Oklahoma,2008,2011,48.0,,,,,,,,,,,,,,WR,Oklahoma,,,,,,,,,,,95.5,349.0,4586.0,13.1,45.0,,,,,,,,,,,,,,,,,26.279166666666665,24.0,3.0,3.0
Brock Osweiler,135.0,DEN,2,57,2012,Arizona State,2009,2011,25.0,412.0,680.0,268.0,60.6,5082.0,33.0,15.0,4.9,2.2,7.5,7.45,12.3,203.3,QB,Arizona State,,,,,,,,,,,,,,,,,,,,,,,,,,,,,,,,10.899999999999999,21.0,7.0,14.0
Lavonte David,,TAM,2,58,2012,Nebraska,2010,2011,27.0,,,,,,,,,,,,,,LB,Nebraska,,,,,,,,,,,,,,,,11.5,150.0,135.0,285.0,24.5,0.4259259259259259,5.555555555555555,5.0,10.555555555555555,0.9074074074074074,,,,,,,14.5,22.0,93.0,93.0
Vinny Curry,,PHI,2,59,2012,Marshall,2008,2011,45.0,,,,,,,,,,,,,,DL,Marshall,,,,,,,,,,,,,,,,26.5,111.0,128.0,239.0,49.0,0.5888888888888889,2.466666666666667,2.844444444444445,5.311111111111111,1.0888888888888888,,,,,,,,24.0,19.0,22.0
LaMichael James,,SFO,2,61,2012,Oregon,2009,2011,37.0,,,,,,,,,,,,,,RB,Oregon,771.0,5082.0,6.6,53.0,51.0,586.0,11.5,4.0,137.4,15.8,,,,,,,,,,,,,,,,,,,,,,,22.0,2.0,2.0
Casey Hayward,,GNB,2,62,2012,Vanderbilt,2008,2011,50.0,,,,,,,,,,,,,,DB,Vanderbilt,,,,,,,,,,,,,,,,,,,,,,,,,,15.0,126.0,1.0,3.0,0.3,0.06,3.4037037037037035,22.0,7.0,50.0
Rueben Randle,,NYG,2,63,2012,LSU,2009,2011,40.0,,,,,,,,,,,,,,WR,LSU,,,,,,,,,,,40.9,97.0,1634.0,16.8,13.0,,,,,,,,,,,,,,,,,25.52,21.0,21.0,21.0
Dwayne Allen,,CLT,3,64,2012,Clemson,2009,2011,41.0,,,,,,,,,,,,,,TE,Clemson,,,,,,,,,,,26.3,93.0,1079.0,11.6,12.0,,,,,,,,,,,,,,,,,11.433333333333334,22.0,11.0,12.0
Josh Robinson,,MIN,3,66,2012,UCF,2009,2011,38.0,,,,,,,,,,,,,,DB,UCF,,,,,,,,,,,,,,,,,,,,,,,,,,10.0,147.0,2.0,,0.2631578947368421,,8.871929824561404,21.0,9.0,10.0
Ronnie Hillman,,DEN,3,67,2012,San Diego State,2010,2011,26.0,,,,,,,,,,,,,,RB,San Diego State,573.0,3243.0,5.7,36.0,33.0,338.0,10.2,2.0,124.7,13.0,,,,,,,,,,,,,,,,,,,,,,3.7,20.0,15.0,17.0
Devier Posey,,HTX,3,68,2012,Ohio State,2008,2011,42.0,,,,,,,,,,,,,,WR,Ohio State,,,,,,,,,,,46.5,136.0,1955.0,14.4,18.0,,,,,,,,,,,,,,,,,,22.0,2.0,2.0
T.J. Graham,,BUF,3,69,2012,North Carolina State,2008,2011,46.0,,,,,,,,,,,,,,WR,North Carolina State,,,,,,,,,,,31.6,99.0,1453.0,14.7,12.0,,,,,,,,,,,,,,,,,-15.285714285714286,23.0,6.0,7.0
Olivier Vernon,,MIA,3,72,2012,Miami (FL),2009,2011,30.0,,,,,,,,,,,,,,DL,Miami (FL),,,,,,,,,,,,,,,,9.0,51.0,30.0,81.0,20.5,0.3,1.7,1.0,2.7,0.6833333333333333,,,,,,,,21.0,20.0,50.0
Brandon Taylor,,SDG,3,73,2012,LSU,2008,2011,49.0,,,,,,,,,,,,,,DB,LSU,,,,,,,,,,,,,,,,,,,,,,,,,,4.0,26.0,0.0,11.0,0.0816326530612244,0.2244897959183673,27.45,22.0,1.0,1.0
Donald Stephenson,,KAN,3,74,2012,Oklahoma,2010,2010,14.0,,,,,,,,,,,,,,OL,Oklahoma,,,,,,,,,,,,,,,,,,,,,,,,,,,,,,,,,23.0,12.0,18.0
Russell Wilson,147.2,SEA,3,75,2012,Wisconsin,2008,2011,50.0,907.0,1489.0,582.0,60.9,11720.0,109.0,30.0,7.3,2.0,7.9,8.43,12.9,234.4,QB,North Carolina StateWisconsin,,,,,,,,,,,,,,,,,,,,,,,,,,,,,,,,10.87241379310345,23.0,125.0,140.0
Brandon Brooks,,HTX,3,76,2012,Miami (OH),2009,2010,21.0,,,,,,,,,,,,,,OL,Miami (OH),,,,,,,,,,,,,,,,,,,,,,,,,,,,,,,,-17.4,23.0,15.0,50.0
Demario Davis,,NYJ,3,77,2012,Arkansas State,2008,2011,48.0,,,,,,,,,,,,,,LB,Arkansas State,,,,,,,,,,,,,,,,7.0,129.0,100.0,229.0,22.5,0.1458333333333333,2.6875,2.0833333333333335,4.770833333333333,0.46875,,,,,,,-13.476470588235294,23.0,23.0,104.0
Michael Egnew,,MIA,3,78,2012,Missouri,2008,2011,50.0,,,,,,,,,,,,,,WR,Missouri,,,,,,,,,,,26.6,147.0,1332.0,9.1,8.0,,,,,,,,,,,,,,,,,17.02,22.0,0.0,0.0
Brandon Hardin,,CHI,3,79,2012,Oregon State,2008,2010,38.0,,,,,,,,,,,,,,DB,Oregon State,,,,,,,,,,,,,,,,,,,,,,,,,,1.0,0.0,0.0,3.0,0.0263157894736842,0.0789473684210526,12.6,22.0,,
Jamell Fleming,,CRD,3,80,2012,Oklahoma,2008,2011,51.0,,,,,,,,,,,,,,DB,Oklahoma,,,,,,,,,,,,,,,,,,,,,,,,,,7.0,82.0,1.0,,0.1372549019607843,,26.8,23.0,2.0,5.0
Tyrone Crawford,,DAL,3,81,2012,Boise State,2010,2011,25.0,,,,,,,,,,,,,,DL,Boise State,,,,,,,,,,,,,,,,13.5,33.0,43.0,76.0,27.0,0.54,1.32,1.72,3.04,1.08,,,,,,,,22.0,34.0,34.0
Mike Martin,,OTI,3,82,2012,Michigan,2008,2011,49.0,,,,,,,,,,,,,,DL,Michigan,,,,,,,,,,,,,,,,10.0,70.0,102.0,172.0,25.0,0.2040816326530612,1.4285714285714286,2.0816326530612246,3.510204081632653,0.5102040816326531,,,,,,,-7.561111111111111,22.0,6.0,6.0
Mohamed Sanu,,CIN,3,83,2012,Rutgers,2009,2011,38.0,,,,,,,,,,,,,,WR,Rutgers,,,,,,,,,,,59.6,210.0,2263.0,10.8,12.0,,,,,,,,,,,,,,,,,-2.823684210526315,23.0,15.0,41.0
Bernard Pierce,,RAV,3,84,2012,Temple,2009,2011,34.0,,,,,,,,,,,,,,RB,Temple,663.0,3570.0,5.4,53.0,19.0,178.0,9.4,1.0,105.0,5.2,,,,,,,,,,,,,,,,,,,,,,-2.271428571428572,21.0,10.0,10.0
Sean Spence,,PIT,3,86,2012,Miami (FL),2008,2011,47.0,,,,,,,,,,,,,,LB,Miami (FL),,,,,,,,,,,,,,,,10.5,169.0,148.0,317.0,46.0,0.2234042553191489,3.595744680851064,3.148936170212766,6.74468085106383,0.9787234042553192,,,,,,,10.9,22.0,9.0,13.0
John Hughes,,CLE,3,87,2012,Cincinnati,2008,2011,50.0,,,,,,,,,,,,,,DL,Cincinnati,,,,,,,,,,,,,,,,9.0,70.0,71.0,141.0,25.5,0.18,1.4,1.42,2.82,0.51,,,,,,,,24.0,8.0,10.0
Nick Foles,138.1,PHI,3,88,2012,Arizona,2007,2011,36.0,938.0,1404.0,466.0,66.8,10068.0,67.0,33.0,4.8,2.4,7.2,7.07,10.7,279.7,QB,ArizonaMichigan State,,,,,,,,,,,,,,,,,,,,,,,,,,,,,,,,7.349056603773585,23.0,24.0,32.0
Jake Bequette,,NWE,3,90,2012,Arkansas,2008,2011,48.0,,,,,,,,,,,,,,DL,Arkansas,,,,,,,,,,,,,,,,23.5,63.0,63.0,126.0,31.0,0.4895833333333333,1.3125,1.3125,2.625,0.6458333333333334,,,,,,,,23.0,0.0,0.0
Lamar Holmes,,ATL,3,91,2012,Southern Mississippi,2011,2011,14.0,,,,,,,,,,,,,,OL,Southern Mississippi,,,,,,,,,,,,,,,,,,,,,,,,,,,,,,,,,23.0,10.0,10.0
T.Y. Hilton,,CLT,3,92,2012,Florida International,2008,2011,50.0,,,,,,,,,,,,,,WR,Florida International,,,,,,,,,,,70.6,229.0,3531.0,15.4,24.0,,,,,,,,,,,,,,,,,-18.142696629213482,22.0,71.0,72.0
Brandon Thompson,,CIN,3,93,2012,Clemson,2008,2011,53.0,,,,,,,,,,,,,,DL,Clemson,,,,,,,,,,,,,,,,4.5,59.0,70.0,129.0,19.5,0.0849056603773584,1.1132075471698113,1.320754716981132,2.4339622641509435,0.3679245283018867,,,,,,,,22.0,7.0,7.0
Jayron Hosley,,NYG,3,94,2012,Virginia Tech,2009,2011,39.0,,,,,,,,,,,,,,DB,Virginia Tech,,,,,,,,,,,,,,,,,,,,,,,,,,12.0,166.0,0.0,,0.3076923076923077,,19.73939393939394,21.0,8.0,8.0
Tony Bergstrom,,RAI,3,95,2012,Utah,2008,2008,10.0,,,,,,,,,,,,,,OL,Utah,,,,,,,,,,,,,,,,,,,,,,,,,,,,,,,,,26.0,3.0,12.0
Chris Givens,,RAM,4,96,2012,Wake Forest,2009,2011,36.0,,,,,,,,,,,,,,WR,Wake Forest,,,,,,,,,,,68.7,163.0,2473.0,15.2,21.0,,,,,,,,,,,,,,,,,-7.5773109243697485,22.0,11.0,12.0
Lamar Miller,,MIA,4,97,2012,Miami (FL),2010,2011,23.0,,,,,,,,,,,,,,RB,Miami (FL),335.0,1918.0,5.7,15.0,28.0,181.0,6.5,1.0,83.4,7.9,,,,,,,,,,,,,,,,,,,,,,19.37142857142857,21.0,22.0,42.0
Ben Jones,,HTX,4,99,2012,Georgia,2009,2009,13.0,,,,,,,,,,,,,,OL,Georgia,,,,,,,,,,,,,,,,,,,,,,,,,,,,,,,,,23.0,16.0,58.0
Travis Benjamin,,CLE,4,100,2012,Miami (FL),2008,2011,49.0,,,,,,,,,,,,,,WR,Miami (FL),,,,,,,,,,,43.8,131.0,2146.0,16.4,13.0,,,,,,,,,,,,,,,,,18.290243902439023,22.0,13.0,25.0
Omar Bolden,,DEN,4,101,2012,Arizona State,2007,2010,41.0,,,,,,,,,,,,,,DB,Arizona State,,,,,,,,,,,,,,,,,,,,,,,,,,7.0,114.0,2.0,7.0,0.1707317073170731,0.1707317073170731,11.038709677419355,23.0,5.0,5.0
Kirk Cousins,146.1,WAS,4,102,2012,Michigan State,2008,2011,45.0,723.0,1128.0,405.0,64.1,9131.0,66.0,30.0,5.9,2.7,8.1,8.07,12.6,202.9,QB,Michigan State,,,,,,,,,,,,,,,,,,,,,,,,,,,,,,,,11.983018867924528,24.0,34.0,102.0
Frank Alexander,,CAR,4,103,2012,Oklahoma,2008,2011,48.0,,,,,,,,,,,,,,DL,Oklahoma,,,,,,,,,,,,,,,,20.5,83.0,59.0,142.0,44.0,0.4270833333333333,1.7291666666666667,1.2291666666666667,2.9583333333333335,0.9166666666666666,,,,,,,30.1,22.0,6.0,6.0
Joe Adams,,CAR,4,104,2012,Arkansas,2008,2011,47.0,,,,,,,,,,,,,,WR,Arkansas,,,,,,,,,,,51.3,164.0,2410.0,14.7,17.0,,,,,,,,,,,,,,,,,17.605555555555558,22.0,0.0,0.0
Nigel Bradham,,BUF,4,105,2012,Florida State,2008,2011,53.0,,,,,,,,,,,,,,LB,Florida State,,,,,,,,,,,,,,,,9.0,188.0,117.0,305.0,21.5,0.1698113207547169,3.547169811320755,2.207547169811321,5.754716981132075,0.4056603773584906,,,,,,,15.756521739130434,23.0,16.0,44.0
Robert Turbin,,SEA,4,106,2012,Utah State,2007,2011,38.0,,,,,,,,,,,,,,RB,Utah State,565.0,3315.0,5.9,40.0,67.0,845.0,12.6,11.0,87.2,22.2,,,,,,,,,,,,,,,,,,,,,,-13.228571428571428,22.0,12.0,16.0
Devon Wylie,,KAN,4,107,2012,Fresno State,2007,2011,43.0,,,,,,,,,,,,,,WR,Fresno State,,,,,,,,,,,30.9,98.0,1327.0,13.5,8.0,,,,,,,,,,,,,,,,,0.1538461538461538,24.0,0.0,0.0
Philip Blake,,DEN,4,108,2012,Baylor,2010,2010,13.0,,,,,,,,,,,,,,OL,Baylor,,,,,,,,,,,,,,,,,,,,,,,,,,,,,,,,,26.0,,
Alameda Ta'Amu,,PIT,4,109,2012,Washington,2008,2011,50.0,,,,,,,,,,,,,,DL,Washington,,,,,,,,,,,,,,,,7.5,57.0,52.0,109.0,16.5,0.15,1.14,1.04,2.18,0.33,,,,,,,,22.0,,3.0
Evan Rodriguez,,CHI,4,111,2012,Temple,2009,2011,37.0,,,,,,,,,,,,,,TE,Temple,,,,,,,,,,,23.5,69.0,871.0,12.6,7.0,,,,,,,,,,,,,,,,,-2.6750000000000003,23.0,0.0,0.0
Bobby Massie,,CRD,4,112,2012,Ole Miss,2011,2011,12.0,,,,,,,,,,,,,,OL,Ole Miss,,,,,,,,,,,,,,,,,,,,,,,,,,,,,,,,,23.0,19.0,45.0
Kyle Wilber,,DAL,4,113,2012,Wake Forest,2008,2011,43.0,,,,,,,,,,,,,,DL,Wake Forest,,,,,,,,,,,,,,,,13.5,117.0,78.0,195.0,35.5,0.313953488372093,2.7209302325581395,1.813953488372093,4.534883720930233,0.8255813953488372,,,,,,,,23.0,11.0,13.0
Jaye Howard,,SEA,4,114,2012,Florida,2008,2011,45.0,,,,,,,,,,,,,,DL,Florida,,,,,,,,,,,,,,,,11.0,80.0,51.0,131.0,25.5,0.2444444444444444,1.7777777777777777,1.1333333333333333,2.911111111111111,0.5666666666666667,,,,,,,,23.0,0.0,17.0
Coty Sensabaugh,,OTI,4,115,2012,Clemson,2008,2011,52.0,,,,,,,,,,,,,,DB,Clemson,,,,,,,,,,,,,,,,,,,,,,,,,,4.0,11.0,0.0,14.0,0.0769230769230769,0.2692307692307692,11.775,23.0,12.0,19.0
Orson Charles,,CIN,4,116,2012,Georgia,2009,2011,40.0,,,,,,,,,,,,,,TE,Georgia,,,,,,,,,,,34.3,94.0,1370.0,14.6,10.0,,,,,,,,,,,,,,,,,21.775,21.0,1.0,2.0
Joe Looney,,SFO,4,117,2012,Wake Forest,2010,2011,23.0,,,,,,,,,,,,,,OL,Wake Forest,,,,,,,,,,,,,,,,,,,,,,,,,,,,,,,,,22.0,3.0,21.0
Jarius Wright,,MIN,4,118,2012,Arkansas,2008,2011,50.0,,,,,,,,,,,,,,WR,Arkansas,,,,,,,,,,,58.7,168.0,2934.0,17.5,24.0,,,,,,,,,,,,,,,,,16.6625,22.0,19.0,24.0
Keenan Robinson,,WAS,4,119,2012,Texas,2008,2011,51.0,,,,,,,,,,,,,,LB,Texas,,,,,,,,,,,,,,,,5.5,167.0,108.0,275.0,20.5,0.1078431372549019,3.2745098039215685,2.1176470588235294,5.392156862745098,0.4019607843137255,,,,,,,10.6,23.0,13.0,17.0
James-Michael Johnson,,CLE,4,120,2012,Nevada,2007,2011,54.0,,,,,,,,,,,,,,LB,Nevada,,,,,,,,,,,,,,,,7.5,169.0,126.0,295.0,37.5,0.1388888888888889,3.1296296296296298,2.3333333333333335,5.462962962962963,0.6944444444444444,,,,,,,0.04999999999999999,23.0,4.0,11.0
Keshawn Martin,,HTX,4,121,2012,Michigan State,2008,2011,48.0,,,,,,,,,,,,,,WR,Michigan State,,,,,,,,,,,35.7,127.0,1714.0,13.5,10.0,,,,,,,,,,,,,,,,,12.602912621359222,22.0,4.0,7.0
Nick Toon,,NOR,4,122,2012,Wisconsin,2008,2011,47.0,,,,,,,,,,,,,,WR,Wisconsin,,,,,,,,,,,52.1,171.0,2447.0,14.3,18.0,,,,,,,,,,,,,,,,,19.071428571428573,23.0,3.0,3.0
Brandon Boykin,,PHI,4,123,2012,Georgia,2008,2011,53.0,,,,,,,,,,,,,,DB,Georgia,,,,,,,,,,,,,,,,,,,,,,,,,,9.0,36.0,0.0,,0.1698113207547169,,21.935714285714283,22.0,7.0,9.0
Ron Brooks,,BUF,4,124,2012,LSU,2008,2011,53.0,,,,,,,,,,,,,,DB,LSU,,,,,,,,,,,,,,,,,,,,,,,,,,3.0,106.0,3.0,9.0,0.0566037735849056,0.1698113207547169,25.465217391304346,23.0,4.0,6.0
Ronnell Lewis,,DET,4,125,2012,Oklahoma,2009,2011,34.0,,,,,,,,,,,,,,LB,Oklahoma,,,,,,,,,,,,,,,,10.0,67.0,51.0,118.0,20.5,0.2941176470588235,1.9705882352941175,1.5,3.4705882352941178,0.6029411764705882,,,,,,,26.8,21.0,1.0,1.0
Jared Crick,,HTX,4,126,2012,Nebraska,2008,2011,40.0,,,,,,,,,,,,,,DL,Nebraska,,,,,,,,,,,,,,,,20.0,75.0,92.0,167.0,29.5,0.5,1.875,2.3,4.175,0.7375,,,,,,,,23.0,21.0,28.0
Adrien Robinson,,NYG,4,127,2012,Cincinnati,2008,2011,39.0,,,,,,,,,,,,,,WR,Cincinnati,,,,,,,,,,,11.1,29.0,434.0,15.0,5.0,,,,,,,,,,,,,,,,,10.525,23.0,0.0,0.0
Rhett Ellison,,MIN,4,128,2012,USC,2008,2011,47.0,,,,,,,,,,,,,,TE,USC,,,,,,,,,,,10.0,53.0,471.0,8.9,6.0,,,,,,,,,,,,,,,,,23.64,23.0,4.0,9.0
Miles Burris,,RAI,4,129,2012,San Diego State,2008,2011,50.0,,,,,,,,,,,,,,LB,San Diego State,,,,,,,,,,,,,,,,19.0,141.0,94.0,235.0,47.0,0.38,2.82,1.88,4.7,0.94,,,,,,,,24.0,14.0,14.0
Brandon Mosley,,NYG,4,131,2012,Auburn,2010,2011,27.0,,,,,,,,,,,,,,OL,Auburn,,,,,,,,,,,,,,,,,,,,,,,,,,,,,,,,,23.0,2.0,2.0
Mike Daniels,,GNB,4,132,2012,Iowa,2008,2011,47.0,,,,,,,,,,,,,,DL,Iowa,,,,,,,,,,,,,,,,15.5,54.0,69.0,123.0,27.0,0.3297872340425531,1.148936170212766,1.4680851063829787,2.617021276595745,0.574468085106383,,,,,,,17.3,23.0,36.0,41.0
Greg Childs,,MIN,4,134,2012,Arkansas,2008,2011,44.0,,,,,,,,,,,,,,WR,Arkansas,,,,,,,,,,,47.0,133.0,2066.0,15.5,15.0,,,,,,,,,,,,,,,,,17.375,22.0,,
Josh Chapman,,CLT,5,136,2012,Alabama,2007,2011,49.0,,,,,,,,,,,,,,DL,Alabama,,,,,,,,,,,,,,,,2.5,44.0,44.0,88.0,13.5,0.0510204081632653,0.8979591836734694,0.8979591836734694,1.7959183673469388,0.2755102040816326,,,,,,,,23.0,7.0,7.0
Malik Jackson,,DEN,5,137,2012,Tennessee,2010,2011,25.0,,,,,,,,,,,,,,DL,Tennessee,,,,,,,,,,,,,,,,7.5,52.0,52.0,104.0,22.0,0.3,2.08,2.08,4.16,0.88,,,,,,,-10.317241379310344,22.0,14.0,45.0
Tahir Whitehead,,DET,5,138,2012,Temple,2010,2011,25.0,,,,,,,,,,,,,,LB,Temple,,,,,,,,,,,,,,,,7.0,80.0,46.0,126.0,21.0,0.28,3.2,1.84,5.04,0.84,,,,,,,-5.2,22.0,26.0,41.0
Tahir Whitehead,,DET,5,138,2012,Temple,2008,2009,25.0,,,,,,,,,,,,,,DB,Temple,,,,,,,,,,,,,,,,,,,,,,,,,,0.0,0.0,0.0,2.0,0.0,0.08,-5.2,22.0,26.0,41.0
Robert Blanton,,MIN,5,139,2012,Notre Dame,2008,2011,50.0,,,,,,,,,,,,,,DB,Notre Dame,,,,,,,,,,,,,,,,,,,,,,,,,,8.0,128.0,1.0,10.0,0.16,0.2,13.738095238095237,23.0,9.0,9.0
Najee Goode,,TAM,5,140,2012,West Virginia,2008,2011,52.0,,,,,,,,,,,,,,LB,West Virginia,,,,,,,,,,,,,,,,8.0,80.0,77.0,157.0,22.5,0.1538461538461538,1.5384615384615383,1.4807692307692308,3.019230769230769,0.4326923076923077,,,,,,,11.5,23.0,0.0,10.0
Brandon Marshall,,JAX,5,142,2012,Nevada,2008,2011,52.0,,,,,,,,,,,,,,LB,Nevada,,,,,,,,,,,,,,,,6.0,147.0,112.0,259.0,33.5,0.1153846153846153,2.826923076923077,2.1538461538461537,4.980769230769231,0.6442307692307693,,,,,,,5.8500000000000005,22.0,0.0,30.0
Zebrie Sanders,,BUF,5,144,2012,Florida State,2010,2010,14.0,,,,,,,,,,,,,,OL,Florida State,,,,,,,,,,,,,,,,,,,,,,,,,,,,,,,,,22.0,,
Taylor Thompson,,OTI,5,145,2012,SMU,2008,2011,50.0,,,,,,,,,,,,,,DL,SMU,,,,,,,,,,,,,,,,18.0,74.0,65.0,139.0,22.5,0.36,1.48,1.3,2.78,0.45,,,,,,,-6.6,22.0,0.0,0.0
Dequan Menzie,,KAN,5,146,2012,Alabama,2010,2011,25.0,,,,,,,,,,,,,,DB,Alabama,,,,,,,,,,,,,,,,,,,,,,,,,,1.0,25.0,1.0,15.0,0.04,0.6,,22.0,,
Tank Carder,,BUF,5,147,2012,Texas Christian,2008,2011,50.0,,,,,,,,,,,,,,LB,Texas Christian,,,,,,,,,,,,,,,,5.5,137.0,91.0,228.0,25.0,0.11,2.74,1.82,4.56,0.5,,,,,,,22.166666666666668,23.0,,5.0
Johnnie Troutman,,SDG,5,149,2012,Penn State,2011,2011,13.0,,,,,,,,,,,,,,OL,Penn State,,,,,,,,,,,,,,,,,,,,,,,,,,,,,,,,,24.0,14.0,14.0
Senio Kelemete,,CRD,5,151,2012,Washington,2008,2008,8.0,,,,,,,,,,,,,,DL,Washington,,,,,,,,,,,,,,,,0.0,4.0,0.0,4.0,0.0,0.0,0.5,0.0,0.5,0.0,,,,,,,,22.0,0.0,25.0
Danny Coale,,DAL,5,152,2012,Virginia Tech,2008,2011,55.0,,,,,,,,,,,,,,WR,Virginia Tech,,,,,,,,,,,48.3,165.0,2658.0,16.1,8.0,,,,,,,,,,,,,,,,,18.678688524590164,24.0,,
Dennis Kelly,,PHI,5,153,2012,Purdue,2011,2011,13.0,,,,,,,,,,,,,,OL,Purdue,,,,,,,,,,,,,,,,,,,,,,,,,,,,,,,,,22.0,6.0,29.0
Korey Toomer,,SEA,5,154,2012,Idaho,2009,2011,25.0,,,,,,,,,,,,,,LB,Idaho,,,,,,,,,,,,,,,,4.0,44.0,33.0,77.0,10.5,0.16,1.76,1.32,3.08,0.42,,,,,,,,23.0,,11.0
Josh Kaddu,,MIA,5,155,2012,Oregon,2008,2011,40.0,,,,,,,,,,,,,,LB,Oregon,,,,,,,,,,,,,,,,10.0,68.0,40.0,108.0,20.0,0.25,1.7,1.0,2.7,0.5,,,,,,,,22.0,0.0,0.0
Shaun Prater,,CIN,5,156,2012,Iowa,2008,2011,48.0,,,,,,,,,,,,,,DB,Iowa,,,,,,,,,,,,,,,,,,,,,,,,,,7.0,173.0,2.0,11.0,0.1458333333333333,0.2291666666666666,15.700000000000001,22.0,,2.0
Bradie Ewing,,ATL,5,157,2012,Wisconsin,2008,2011,52.0,,,,,,,,,,,,,,RB,Wisconsin,7.0,33.0,4.7,2.0,28.0,328.0,11.7,2.0,0.6,6.3,,,,,,,,,,,,,,,,,,,,,,21.271428571428572,22.0,0.0,0.0
Jack Crawford,,RAI,5,158,2012,Penn State,2009,2011,36.0,,,,,,,,,,,,,,DL,Penn State,,,,,,,,,,,,,,,,14.0,35.0,50.0,85.0,26.5,0.3888888888888889,0.9722222222222222,1.3888888888888888,2.361111111111111,0.7361111111111112,,,,,,,,24.0,1.0,18.0
Chris Rainey,,PIT,5,159,2012,Florida,2007,2011,45.0,,,,,,,,,,,,,,RB,Florida,345.0,2098.0,6.1,11.0,44.0,579.0,13.2,3.0,46.6,12.9,,,,,,,,,,,,,,,,,,,,,,23.3125,24.0,1.0,1.0
Chris Rainey,,PIT,5,159,2012,Florida,2010,2010,8.0,,,,,,,,,,,,,,WR,Florida,,,,,,,,,,,27.0,25.0,216.0,8.6,3.0,,,,,,,,,,,,,,,,,23.3125,24.0,1.0,1.0
Ryan Miller,,CLE,5,160,2012,Colorado,2010,2010,12.0,,,,,,,,,,,,,,OL,Colorado,,,,,,,,,,,,,,,,,,,,,,,,,,,,,,,,1.3,23.0,1.0,1.0
Terrell Manning,,GNB,5,163,2012,North Carolina State,2009,2011,36.0,,,,,,,,,,,,,,LB,North Carolina State,,,,,,,,,,,,,,,,10.0,112.0,81.0,193.0,27.5,0.2777777777777778,3.111111111111111,2.25,5.361111111111111,0.7638888888888888,,,,,,,-1.1,22.0,0.0,0.0
Jonathan Massaquoi,,ATL,5,164,2012,Troy,2010,2011,25.0,,,,,,,,,,,,,,DL,Troy,,,,,,,,,,,,,,,,19.5,81.0,47.0,128.0,31.0,0.78,3.24,1.88,5.12,1.24,,,,,,,,24.0,6.0,6.0
Darius Fleming,,SFO,5,165,2012,Notre Dame,2008,2011,50.0,,,,,,,,,,,,,,LB,Notre Dame,,,,,,,,,,,,,,,,14.5,86.0,71.0,157.0,32.0,0.29,1.72,1.42,3.14,0.64,,,,,,,16.85,23.0,,1.0
Marvin Jones,,CIN,5,166,2012,California,2008,2011,43.0,,,,,,,,,,,,,,WR,California,,,,,,,,,,,52.8,156.0,2270.0,14.6,13.0,,,,,,,,,,,,,,,,,,22.0,15.0,53.0
George Iloka,,CIN,5,167,2012,Boise State,2008,2011,53.0,,,,,,,,,,,,,,DB,Boise State,,,,,,,,,,,,,,,,,,,,,,,,,,7.0,33.0,0.0,1.0,0.1320754716981132,0.0188679245283018,22.03333333333333,22.0,27.0,29.0
Juron Criner,,RAI,5,168,2012,Arizona,2008,2011,50.0,,,,,,,,,,,,,,WR,Arizona,,,,,,,,,,,57.2,209.0,2859.0,13.7,32.0,,,,,,,,,,,,,,,,,6.6125,22.0,1.0,1.0
Vick Ballard,,CLT,5,170,2012,Mississippi State,2010,2011,25.0,,,,,,,,,,,,,,RB,Mississippi State,379.0,2157.0,5.7,29.0,30.0,293.0,9.8,2.0,86.3,11.7,,,,,,,,,,,,,,,,,,,,,,9.3,22.0,5.0,5.0
Alfred Morris,,WAS,6,173,2012,Florida Atlantic,2008,2011,47.0,,,,,,,,,,,,,,RB,Florida Atlantic,733.0,3529.0,4.8,27.0,30.0,300.0,10.0,4.0,75.1,6.4,,,,,,,,,,,,,,,,,,,,,,-22.622222222222224,23.0,28.0,36.0
Keith Tandy,,TAM,6,174,2012,West Virginia,2008,2011,45.0,,,,,,,,,,,,,,DB,West Virginia,,,,,,,,,,,,,,,,,,,,,,,,,,13.0,121.0,0.0,20.0,0.2888888888888888,0.4444444444444444,15.6,23.0,8.0,8.0
Mike Harris,,JAX,6,176,2012,Florida State,2010,2011,27.0,,,,,,,,,,,,,,DB,Florida State,,,,,,,,,,,,,,,,,,,,,,,,,,5.0,101.0,0.0,,0.1851851851851851,,20.653846153846153,23.0,5.0,6.0
Mark Asper,,BUF,6,178,2012,Oregon,2009,2009,13.0,,,,,,,,,,,,,,OL,Oregon,,,,,,,,,,,,,,,,,,,,,,,,,,,,,,,,,26.0,0.0,0.0
Andrew Tiller,,NOR,6,179,2012,Syracuse,2010,2010,13.0,,,,,,,,,,,,,,OL,Syracuse,,,,,,,,,,,,,,,,,,,,,,,,,,,,,,,,,23.0,,6.0
Winston Guy,,SEA,6,181,2012,Kentucky,2008,2011,51.0,,,,,,,,,,,,,,DB,Kentucky,,,,,,,,,,,,,,,,,,,,,,,,,,5.0,-2.0,0.0,3.0,0.0980392156862745,0.0588235294117647,,22.0,0.0,3.0
Cyrus Gray,,KAN,6,182,2012,Texas A&M,2008,2011,49.0,,,,,,,,,,,,,,RB,Texas A&M,632.0,3298.0,5.2,30.0,103.0,776.0,7.5,6.0,67.3,15.8,,,,,,,,,,,,,,,,,,,,,,12.478260869565217,22.0,1.0,1.0
B.J. Cunningham,,MIA,6,183,2012,Michigan State,2008,2011,51.0,,,,,,,,,,,,,,WR,Michigan State,,,,,,,,,,,60.5,218.0,3086.0,14.2,25.0,,,,,,,,,,,,,,,,,12.842857142857143,23.0,,0.0
Isaiah Frey,,CHI,6,184,2012,Nevada,2008,2011,51.0,,,,,,,,,,,,,,DB,Nevada,,,,,,,,,,,,,,,,,,,,,,,,,,7.0,34.0,0.0,27.0,0.1372549019607843,0.5294117647058824,2.711764705882353,22.0,3.0,3.0
Ryan Lindley,128.8,CRD,6,185,2012,San Diego State,2008,2011,49.0,961.0,1732.0,771.0,55.5,12690.0,90.0,47.0,5.2,2.7,7.3,7.14,13.2,259.0,QB,San Diego State,,,,,,,,,,,,,,,,,,,,,,,,,,,,,,,,-5.375,23.0,-4.0,-4.0
James Hanna,,DAL,6,186,2012,Oklahoma,2008,2011,54.0,,,,,,,,,,,,,,TE,Oklahoma,,,,,,,,,,,13.3,52.0,720.0,13.8,9.0,,,,,,,,,,,,,,,,,26.36,23.0,3.0,3.0
Josh Bush,,NYJ,6,187,2012,Wake Forest,2008,2011,46.0,,,,,,,,,,,,,,DB,Wake Forest,,,,,,,,,,,,,,,,,,,,,,,,,,7.0,176.0,0.0,8.0,0.1521739130434782,0.1739130434782608,-0.10000000000000009,23.0,2.0,3.0
Danny Trevathan,,DEN,6,188,2012,Kentucky,2008,2011,51.0,,,,,,,,,,,,,,LB,Kentucky,,,,,,,,,,,,,,,,6.0,198.0,176.0,374.0,32.5,0.1176470588235294,3.8823529411764706,3.450980392156863,7.333333333333333,0.6372549019607843,,,,,,,-3.2222222222222223,22.0,19.0,47.0
Markelle Martin,,OTI,6,190,2012,Oklahoma State,2008,2011,48.0,,,,,,,,,,,,,,DB,Oklahoma State,,,,,,,,,,,,,,,,,,,,,,,,,,3.0,62.0,1.0,26.0,0.0625,0.5416666666666666,25.9,22.0,,
Dan Herron,,CIN,6,191,2012,Ohio State,2008,2011,41.0,,,,,,,,,,,,,,RB,Ohio State,592.0,2869.0,4.8,32.0,44.0,309.0,7.0,1.0,70.0,7.5,,,,,,,,,,,,,,,,,,,,,,,23.0,0.0,5.0
Charles Mitchell,,ATL,6,192,2012,Mississippi State,2008,2011,50.0,,,,,,,,,,,,,,DB,Mississippi State,,,,,,,,,,,,,,,,,,,,,,,,,,4.0,131.0,1.0,5.0,0.08,0.1,4.7,22.0,1.0,1.0
Marvin McNutt,-5.3,PHI,6,194,2012,Iowa,2008,2008,3.0,1.0,3.0,2.0,33.3,10.0,0.0,1.0,0.0,33.3,3.3,-11.67,10.0,3.3,QB,Iowa,,,,,,,,,,,,,,,,,,,,,,,,,,,,,,,,17.819117647058825,23.0,0.0,0.0
Marvin McNutt,,PHI,6,194,2012,Iowa,2009,2011,39.0,,,,,,,,,,,,,,WR,Iowa,,,,,,,,,,,73.1,169.0,2850.0,16.9,28.0,,,,,,,,,,,,,,,,,17.819117647058825,23.0,0.0,0.0
Nick Mondek,,HTX,6,195,2012,Purdue,2011,2011,13.0,,,,,,,,,,,,,,OL,Purdue,,,,,,,,,,,,,,,,,,,,,,,,,,,,,,,,,23.0,,
Nick Mondek,,HTX,6,195,2012,Purdue,2008,2009,23.0,,,,,,,,,,,,,,DL,Purdue,,,,,,,,,,,,,,,,2.0,11.0,4.0,15.0,3.0,0.0869565217391304,0.4782608695652174,0.1739130434782608,0.6521739130434783,0.1304347826086956,,,,,,,,23.0,,
Jonte Green,,DET,6,196,2012,New Mexico State,2009,2011,38.0,,,,,,,,,,,,,,DB,New Mexico State,,,,,,,,,,,,,,,,,,,,,,,,,,2.0,33.0,0.0,29.0,0.0526315789473684,0.7631578947368421,-18.7,23.0,4.0,4.0
Nate Ebner,,NWE,6,197,2012,Ohio State,2009,2011,36.0,,,,,,,,,,,,,,DB,Ohio State,,,,,,,,,,,,,,,,,,,,,,,,,,0.0,0.0,0.0,,0.0,,,23.0,11.0,11.0
Tommy Streeter,,RAV,6,198,2012,Miami (FL),2009,2011,30.0,,,,,,,,,,,,,,WR,Miami (FL),,,,,,,,,,,32.2,52.0,967.0,18.6,9.0,,,,,,,,,,,,,,,,,21.0,22.0,,0.0
Brandon Washington,,PHI,6,200,2012,Miami (FL),2010,2010,13.0,,,,,,,,,,,,,,OL,Miami (FL),,,,,,,,,,,,,,,,,,,,,,,,,,,,,,,,,24.0,,0.0
Terrance Ganaway,,NYJ,6,202,2012,Baylor,2007,2011,51.0,,,,,,,,,,,,,,RB,BaylorHouston,473.0,2592.0,5.5,34.0,12.0,133.0,11.1,1.0,50.8,2.6,,,,,,,,,,,,,,,,,,,,,,4.057142857142857,23.0,,0.0
Emmanuel Acho,,CLE,6,204,2012,Texas,2008,2011,48.0,,,,,,,,,,,,,,LB,Texas,,,,,,,,,,,,,,,,7.5,142.0,98.0,240.0,32.5,0.15625,2.9583333333333335,2.0416666666666665,5.0,0.6770833333333334,,,,,,,20.3,21.0,,2.0
Billy Winn,,CLE,6,205,2012,Boise State,2008,2011,53.0,,,,,,,,,,,,,,DL,Boise State,,,,,,,,,,,,,,,,16.0,64.0,69.0,133.0,36.5,0.3018867924528302,1.2075471698113207,1.30188679245283,2.509433962264151,0.6886792452830188,,,,,,,,23.0,12.0,15.0
Lavon Brazill,,CLT,6,206,2012,Ohio,2007,2011,49.0,,,,,,,,,,,,,,WR,Ohio,,,,,,,,,,,51.3,187.0,2515.0,13.4,18.0,,,,,,,,,,,,,,,,,,23.0,3.0,3.0
Aaron Brown,,RAM,7,209,2012,Hawaii,2009,2011,29.0,,,,,,,,,,,,,,DB,Hawaii,,,,,,,,,,,,,,,,,,,,,,,,,,6.0,84.0,2.0,9.0,0.2068965517241379,0.3103448275862069,4.847368421052632,,,
Audie Cole,,MIN,7,210,2012,North Carolina State,2008,2011,51.0,,,,,,,,,,,,,,LB,North Carolina State,,,,,,,,,,,,,,,,14.0,147.0,129.0,276.0,32.0,0.2745098039215686,2.8823529411764706,2.5294117647058822,5.411764705882353,0.6274509803921569,,,,,,,9.3,23.0,7.0,7.0
Scott Solomon,,OTI,7,211,2012,Rice,2007,2011,47.0,,,,,,,,,,,,,,DL,Rice,,,,,,,,,,,,,,,,24.0,130.0,77.0,207.0,43.5,0.5106382978723404,2.765957446808511,1.6382978723404256,4.404255319148936,0.925531914893617,,,,,,,,23.0,1.0,2.0
Michael Smith,,TAM,7,212,2012,Utah State,2009,2011,28.0,,,,,,,,,,,,,,RB,Utah State,184.0,1313.0,7.1,15.0,38.0,424.0,11.2,4.0,46.9,15.1,,,,,,,,,,,,,,,,,,,,,,2.453571428571429,24.0,0.0,0.0
Richard Crawford,,WAS,7,213,2012,SMU,2010,2011,27.0,,,,,,,,,,,,,,DB,SMU,,,,,,,,,,,,,,,,,,,,,,,,,,6.0,25.0,0.0,21.0,0.2222222222222222,0.7777777777777778,-1.4500000000000002,22.0,1.0,1.0
Tim Fugger,,CLT,7,214,2012,Vanderbilt,2008,2011,46.0,,,,,,,,,,,,,,DL,Vanderbilt,,,,,,,,,,,,,,,,11.0,53.0,37.0,90.0,20.5,0.2391304347826087,1.1521739130434785,0.8043478260869565,1.9565217391304348,0.4456521739130434,,,,,,,,23.0,,
Kheeston Randall,,MIA,7,215,2012,Texas,2008,2011,46.0,,,,,,,,,,,,,,DL,Texas,,,,,,,,,,,,,,,,5.0,45.0,44.0,89.0,18.5,0.108695652173913,0.9782608695652174,0.9565217391304348,1.934782608695652,0.4021739130434782,,,,,,,,23.0,1.0,1.0
D.J. Campbell,,CAR,7,216,2012,California,2008,2011,46.0,,,,,,,,,,,,,,DB,California,,,,,,,,,,,,,,,,,,,,,,,,,,2.0,29.0,0.0,7.0,0.0434782608695652,0.1521739130434782,12.2,23.0,2.0,2.0
Jordan Bernstine,,WAS,7,217,2012,Iowa,2007,2011,36.0,,,,,,,,,,,,,,DB,Iowa,,,,,,,,,,,,,,,,,,,,,,,,,,1.0,9.0,0.0,2.0,0.0277777777777777,0.0555555555555555,18.444444444444443,23.0,0.0,0.0
Jerome Long,,KAN,7,218,2012,San Diego State,2008,2011,49.0,,,,,,,,,,,,,,DL,San Diego State,,,,,,,,,,,,,,,,9.0,92.0,70.0,162.0,17.5,0.1836734693877551,1.8775510204081631,1.4285714285714286,3.306122448979592,0.3571428571428571,,,,,,,,22.0,,0.0
Trevor Guyton,,MIN,7,219,2012,California,2008,2011,43.0,,,,,,,,,,,,,,DL,California,,,,,,,,,,,,,,,,11.0,37.0,54.0,91.0,25.0,0.2558139534883721,0.8604651162790697,1.255813953488372,2.116279069767442,0.5813953488372093,,,,,,,,,,
Greg McCoy,,CHI,7,220,2012,Texas Christian,2007,2011,52.0,,,,,,,,,,,,,,DB,Texas Christian,,,,,,,,,,,,,,,,,,,,,,,,,,7.0,46.0,0.0,10.0,0.1346153846153846,0.1923076923076923,21.783870967741933,23.0,,
Nate Potter,,CRD,7,221,2012,Boise State,2011,2011,,,,,,,,,,,,,,,OL,Boise State,,,,,,,,,,,,,,,,,,,,,,,,,,,,,,,,,24.0,3.0,3.0
Travis Lewis,,DET,7,223,2012,Oklahoma,2008,2011,53.0,,,,,,,,,,,,,,LB,Oklahoma,,,,,,,,,,,,,,,,7.0,243.0,203.0,446.0,31.0,0.1320754716981132,4.584905660377358,3.830188679245283,8.415094339622641,0.5849056603773585,,,,,,,27.075,24.0,4.0,4.0
Alfonzo Dennard,,NWE,7,224,2012,Nebraska,2008,2011,47.0,,,,,,,,,,,,,,DB,Nebraska,,,,,,,,,,,,,,,,,,,,,,,,,,4.0,31.0,1.0,13.0,0.0851063829787234,0.2765957446808511,19.41111111111111,22.0,9.0,9.0
Jr Sweezy,,SEA,7,225,2012,North Carolina State,2008,2011,36.0,,,,,,,,,,,,,,DL,North Carolina State,,,,,,,,,,,,,,,,10.5,41.0,56.0,97.0,22.0,0.2916666666666667,1.1388888888888888,1.5555555555555556,2.6944444444444446,0.6111111111111112,,,,,,,,23.0,32.0,47.0
David Molk,,SDG,7,226,2012,Michigan,2008,2011,12.0,,,,,,,,,,,,,,OL,Michigan,,,,,,,,,,,,,,,,,,,,,,,,,,,,,,,,,23.0,1.0,3.0
Rishard Matthews,,MIA,7,227,2012,Nevada,2010,2011,26.0,,,,,,,,,,,,,,WR,Nevada,,,,,,,,,,,86.3,147.0,2243.0,15.3,13.0,,,,,,,,,,,,,,,,,6.0,22.0,8.0,22.0
Bryce Brown,,PHI,7,229,2012,Kansas State,2009,2011,14.0,,,,,,,,,,,,,,RB,Kansas StateTennessee,104.0,476.0,4.6,3.0,11.0,140.0,12.7,1.0,34.0,10.0,,,,,,,,,,,,,,,,,,,,,,14.146875,21.0,6.0,9.0
Nathan Stupar,,RAI,7,230,2012,Penn State,2008,2011,52.0,,,,,,,,,,,,,,LB,Penn State,,,,,,,,,,,,,,,,5.0,100.0,105.0,205.0,14.5,0.0961538461538461,1.9230769230769231,2.019230769230769,3.942307692307693,0.2788461538461538,,,,,,,13.333333333333334,24.0,,9.0
Toney Clemons,,PIT,7,231,2012,Colorado,2007,2011,43.0,,,,,,,,,,,,,,WR,ColoradoMichigan,,,,,,,,,,,29.5,98.0,1268.0,12.9,11.0,,,,,,,,,,,,,,,,,-0.9666666666666667,23.0,,0.0
Greg Scruggs,,SEA,7,232,2012,Louisville,2008,2011,42.0,,,,,,,,,,,,,,DL,Louisville,,,,,,,,,,,,,,,,8.0,38.0,23.0,61.0,19.0,0.1904761904761904,0.9047619047619048,0.5476190476190477,1.4523809523809523,0.4523809523809524,,,,,,,10.9,22.0,1.0,1.0
Drake Dunsmore,,TAM,7,233,2012,Northwestern,2007,2011,51.0,,,,,,,,,,,,,,TE,Northwestern,,,,,,,,,,,30.7,143.0,1567.0,11.0,14.0,,,,,,,,,,,,,,,,,-1.725,23.0,,
Jeremy Ebert,,NWE,7,235,2012,Northwestern,2008,2011,52.0,,,,,,,,,,,,,,WR,Northwestern,,,,,,,,,,,46.2,173.0,2400.0,13.9,21.0,,,,,,,,,,,,,,,,,0.22448979591836726,23.0,,0.0
Deangelo Tyson,,RAV,7,236,2012,Georgia,2008,2011,50.0,,,,,,,,,,,,,,DL,Georgia,,,,,,,,,,,,,,,,3.0,28.0,51.0,79.0,8.5,0.06,0.56,1.02,1.58,0.17,,,,,,,,23.0,6.0,6.0
Cam Johnson,,SFO,7,237,2012,Virginia,2008,2011,42.0,,,,,,,,,,,,,,LB,Virginia,,,,,,,,,,,,,,,,12.5,74.0,56.0,130.0,32.5,0.2976190476190476,1.761904761904762,1.3333333333333333,3.0952380952380953,0.7738095238095238,,,,,,,-7.151948051948053,22.0,0.0,5.0
Junior Hemingway,,KAN,7,238,2012,Michigan,2007,2011,47.0,,,,,,,,,,,,,,WR,Michigan,,,,,,,,,,,34.9,88.0,1638.0,18.6,11.0,,,,,,,,,,,,,,,,,10.0,23.0,2.0,2.0
Markus Kuhn,,NYG,7,239,2012,North Carolina State,2007,2011,48.0,,,,,,,,,,,,,,DL,North Carolina State,,,,,,,,,,,,,,,,8.5,61.0,54.0,115.0,18.5,0.1770833333333333,1.2708333333333333,1.125,2.3958333333333335,0.3854166666666667,,,,,,,,26.0,6.0,6.0
David Paulson,,PIT,7,240,2012,Oregon,2009,2011,40.0,,,,,,,,,,,,,,TE,Oregon,,,,,,,,,,,26.0,67.0,1041.0,15.5,10.0,,,,,,,,,,,,,,,,,25.933333333333334,23.0,1.0,1.0
Andrew Datko,,GNB,7,241,2012,Florida State,2009,2009,13.0,,,,,,,,,,,,,,OL,Florida State,,,,,,,,,,,,,,,,,,,,,,,,,,,,,,,,,22.0,,
Antonio Allen,,NYJ,7,242,2012,South Carolina,2008,2009,14.0,,,,,,,,,,,,,,LB,South Carolina,,,,,,,,,,,,,,,,0.0,25.0,15.0,40.0,0.0,0.0,1.7857142857142858,1.0714285714285714,2.857142857142857,0.0,,,,,,,10.968181818181819,23.0,9.0,9.0
Antonio Allen,,NYJ,7,242,2012,South Carolina,2010,2011,24.0,,,,,,,,,,,,,,DB,South Carolina,,,,,,,,,,,,,,,,,,,,,,,,,,4.0,81.0,2.0,,0.1666666666666666,,10.968181818181819,23.0,9.0,9.0
Jordan White,,NYJ,7,244,2012,Western Michigan,2007,2011,43.0,,,,,,,,,,,,,,WR,Western Michigan,,,,,,,,,,,97.4,306.0,4187.0,13.7,32.0,,,,,,,,,,,,,,,,,-4.106451612903226,24.0,0.0,0.0
Trevin Wade,,CLE,7,245,2012,Arizona,2008,2011,50.0,,,,,,,,,,,,,,DB,Arizona,,,,,,,,,,,,,,,,,,,,,,,,,,12.0,203.0,2.0,,0.24,,8.50952380952381,23.0,1.0,5.0
Terrence Frederick,,PIT,7,246,2012,Texas A&M,2008,2011,50.0,,,,,,,,,,,,,,DB,Texas A&M,,,,,,,,,,,,,,,,,,,,,,,,,,4.0,92.0,0.0,3.0,0.08,0.06,12.881818181818181,22.0,,1.0
Brad Smelley,,CLE,7,247,2012,Alabama,2008,2011,46.0,,,,,,,,,,,,,,TE,Alabama,,,,,,,,,,,12.2,54.0,559.0,10.4,4.0,,,,,,,,,,,,,,,,,29.66,23.0,0.0,0.0
Travian Robertson,,ATL,7,249,2012,South Carolina,2007,2011,56.0,,,,,,,,,,,,,,DL,South Carolina,,,,,,,,,,,,,,,,6.5,71.0,52.0,123.0,21.0,0.1160714285714285,1.2678571428571428,0.9285714285714286,2.1964285714285716,0.375,,,,,,,,23.0,1.0,1.0
Edwin Baker,,SDG,7,250,2012,Michigan State,2009,2011,35.0,,,,,,,,,,,,,,RB,Michigan State,462.0,2293.0,5.0,19.0,15.0,125.0,8.3,1.0,65.5,3.6,,,,,,,,,,,,,,,,,,,,,,13.442857142857143,21.0,,1.0
Chandler Harnish,145.1,CLT,7,253,2012,Northern Illinois,2008,2011,47.0,687.0,1110.0,423.0,61.9,8944.0,68.0,26.0,6.1,2.3,8.1,8.23,13.0,190.3,QB,Northern Illinois,,,,,,,,,,,,,,,,,,,,,,,,,,,,,,,,0.9,24.0,,
Luke Joeckel,,JAX,1,2,2013,Texas A&M,2011,2011,13.0,,,,,,,,,,,,,,OL,Texas A&M,,,,,,,,,,,,,,,,,,,,,,,,,,,,,,,,,21.0,16.0,21.0
Dion Jordan,,MIA,1,3,2013,Oregon,2009,2009,6.0,,,,,,,,,,,,,,WR,Oregon,,,,,,,,,,,0.0,0.0,0.0,,0.0,,,,,,,,,,,,,,,,,,23.0,3.0,9.0
Dion Jordan,,MIA,1,3,2013,Oregon,2010,2012,39.0,,,,,,,,,,,,,,DL,Oregon,,,,,,,,,,,,,,,,14.5,72.0,47.0,119.0,29.0,0.3717948717948718,1.8461538461538465,1.205128205128205,3.051282051282051,0.7435897435897436,,,,,,,,23.0,3.0,9.0
Lane Johnson,,PHI,1,4,2013,Oklahoma,2011,2011,13.0,,,,,,,,,,,,,,OL,Oklahoma,,,,,,,,,,,,,,,,,,,,,,,,,,,,,,,,,23.0,89.0,89.0
Ezekiel Ansah,,DET,1,5,2013,BYU,2010,2012,31.0,,,,,,,,,,,,,,DL,BYU,,,,,,,,,,,,,,,,4.5,39.0,33.0,72.0,13.0,0.1451612903225806,1.2580645161290325,1.064516129032258,2.3225806451612905,0.4193548387096774,,,,,,,10.9,24.0,37.0,39.0
Barkevious Mingo,,CLE,1,6,2013,LSU,2010,2012,40.0,,,,,,,,,,,,,,DL,LSU,,,,,,,,,,,,,,,,15.0,60.0,59.0,119.0,29.0,0.375,1.5,1.475,2.975,0.725,,,,,,,,22.0,10.0,24.0
Jonathan Cooper,,CRD,1,7,2013,North Carolina,2010,2011,26.0,,,,,,,,,,,,,,OL,North Carolina,,,,,,,,,,,,,,,,,,,,,,,,,,,,,,,,7.7,23.0,7.0,16.0
Tavon Austin,,RAM,1,8,2013,West Virginia,2009,2011,39.0,,,,,,,,,,,,,,RB,West Virginia,38.0,390.0,10.3,3.0,174.0,2124.0,12.2,17.0,10.0,54.5,,,,,,,,,,,,,,,,,,,,,,13.542857142857143,23.0,22.0,26.0
Tavon Austin,,RAM,1,8,2013,West Virginia,2012,2012,13.0,,,,,,,,,,,,,,WR,West Virginia,,,,,,,,,,,99.2,114.0,1289.0,11.3,12.0,,,,,,,,,,,,,,,,,13.542857142857143,23.0,22.0,26.0
Dee Milliner,,NYJ,1,9,2013,Alabama,2010,2012,39.0,,,,,,,,,,,,,,DB,Alabama,,,,,,,,,,,,,,,,,,,,,,,,,,6.0,107.0,1.0,17.0,0.1538461538461538,0.4358974358974359,33.73076923076923,21.0,6.0,6.0
Chance Warmack,,OTI,1,10,2013,Alabama,2012,2012,14.0,,,,,,,,,,,,,,OL,Alabama,,,,,,,,,,,,,,,,,,,,,,,,,,,,,,,,,21.0,20.0,22.0
D.J. Fluker,,SDG,1,11,2013,Alabama,2011,2011,13.0,,,,,,,,,,,,,,OL,Alabama,,,,,,,,,,,,,,,,,,,,,,,,,,,,,,,,,22.0,29.0,43.0
D.J. Hayden,,RAI,1,12,2013,Houston,2011,2012,22.0,,,,,,,,,,,,,,DB,Houston,,,,,,,,,,,,,,,,,,,,,,,,,,6.0,229.0,3.0,11.0,0.2727272727272727,0.5,0.49230769230769234,23.0,8.0,16.0
Sheldon Richardson,,NYJ,1,13,2013,Missouri,2011,2012,24.0,,,,,,,,,,,,,,DL,Missouri,,,,,,,,,,,,,,,,6.0,54.0,58.0,112.0,18.5,0.25,2.25,2.4166666666666665,4.666666666666667,0.7708333333333334,,,,,,,,22.0,32.0,61.0
Star Lotulelei,,CAR,1,14,2013,Utah,2010,2012,38.0,,,,,,,,,,,,,,DL,Utah,,,,,,,,,,,,,,,,7.0,48.0,59.0,107.0,21.5,0.1842105263157894,1.263157894736842,1.5526315789473684,2.8157894736842106,0.5657894736842105,,,,,,,6.4,23.0,28.0,48.0
Kenny Vaccaro,,NOR,1,15,2013,Texas,2009,2012,50.0,,,,,,,,,,,,,,DB,Texas,,,,,,,,,,,,,,,,,,,,,,,,,,5.0,19.0,0.0,,0.1,,15.933333333333335,22.0,20.0,34.0
E.J. Manuel,150.4,BUF,1,16,2013,Florida State,2009,2012,43.0,600.0,897.0,297.0,66.9,7741.0,47.0,28.0,5.2,3.1,8.6,8.27,12.9,180.0,QB,Florida State,,,,,,,,,,,,,,,,,,,,,,,,,,,,,,,,,23.0,10.0,10.0
Jarvis Jones,,PIT,1,17,2013,Georgia,2009,2012,34.0,,,,,,,,,,,,,,LB,GeorgiaUSC,,,,,,,,,,,,,,,,28.0,96.0,72.0,168.0,45.5,0.8235294117647058,2.823529411764706,2.1176470588235294,4.9411764705882355,1.338235294117647,,,,,,,28.0,23.0,17.0,17.0
Eric Reid,,SFO,1,18,2013,LSU,2010,2012,39.0,,,,,,,,,,,,,,DB,LSU,,,,,,,,,,,,,,,,,,,,,,,,,,6.0,104.0,0.0,4.0,0.1538461538461538,0.1025641025641025,25.333333333333332,21.0,26.0,33.0
Justin Pugh,,NYG,1,19,2013,Syracuse,2011,2012,21.0,,,,,,,,,,,,,,OL,Syracuse,,,,,,,,,,,,,,,,,,,,,,,,,,,,,,,,,23.0,25.0,46.0
Tyler Eifert,,CIN,1,21,2013,Notre Dame,2010,2012,37.0,,,,,,,,,,,,,,TE,Notre Dame,,,,,,,,,,,49.7,140.0,1840.0,13.1,11.0,,,,,,,,,,,,,,,,,17.633333333333333,22.0,17.0,19.0
Desmond Trufant,,ATL,1,22,2013,Washington,2009,2012,50.0,,,,,,,,,,,,,,DB,Washington,,,,,,,,,,,,,,,,,,,,,,,,,,6.0,57.0,0.0,,0.12,,3.25,22.0,35.0,37.0
Shariff Floyd,,MIN,1,23,2013,Florida,2011,2012,24.0,,,,,,,,,,,,,,DL,Florida,,,,,,,,,,,,,,,,4.5,48.0,44.0,92.0,19.5,0.1875,2.0,1.8333333333333333,3.8333333333333335,0.8125,,,,,,,,21.0,13.0,13.0
Bjoern Werner,,CLT,1,24,2013,Florida State,2010,2012,41.0,,,,,,,,,,,,,,DL,Florida State,,,,,,,,,,,,,,,,23.5,63.0,36.0,99.0,35.0,0.573170731707317,1.5365853658536586,0.8780487804878049,2.4146341463414633,0.8536585365853658,,,,,,,22.8,23.0,10.0,10.0
Xavier Rhodes,,MIN,1,25,2013,Florida State,2010,2012,41.0,,,,,,,,,,,,,,DB,Florida State,,,,,,,,,,,,,,,,,,,,,,,,,,8.0,54.0,0.0,,0.1951219512195122,,24.433333333333334,23.0,43.0,49.0
Datone Jones,,GNB,1,26,2013,UCLA,2008,2012,51.0,,,,,,,,,,,,,,DL,UCLA,,,,,,,,,,,,,,,,12.5,90.0,58.0,148.0,36.5,0.2450980392156862,1.7647058823529411,1.1372549019607845,2.9019607843137254,0.7156862745098039,,,,,,,14.8,23.0,9.0,10.0
Deandre Hopkins,,HTX,1,27,2013,Clemson,2010,2012,39.0,,,,,,,,,,,,,,WR,Clemson,,,,,,,,,,,77.4,206.0,3020.0,14.7,27.0,,,,,,,,,,,,,,,,,,21.0,54.0,84.0
Sylvester Williams,,DEN,1,28,2013,North Carolina,2011,2012,25.0,,,,,,,,,,,,,,DL,North Carolina,,,,,,,,,,,,,,,,8.5,44.0,52.0,96.0,20.5,0.34,1.76,2.08,3.84,0.82,,,,,,,6.4,24.0,22.0,29.0
Cordarrelle Patterson,,MIN,1,29,2013,Tennessee,2012,2012,12.0,,,,,,,,,,,,,,WR,Tennessee,,,,,,,,,,,64.8,46.0,778.0,16.9,5.0,,,,,,,,,,,,,,,,,15.1,22.0,16.0,42.0
Alec Ogletree,,RAM,1,30,2013,Georgia,2011,2012,18.0,,,,,,,,,,,,,,LB,Georgia,,,,,,,,,,,,,,,,6.0,104.0,59.0,163.0,19.0,0.3333333333333333,5.777777777777778,3.2777777777777777,9.055555555555555,1.0555555555555556,,,,,,,28.0,21.0,37.0,52.0
Alec Ogletree,,RAM,1,30,2013,Georgia,2010,2010,12.0,,,,,,,,,,,,,,DB,Georgia,,,,,,,,,,,,,,,,,,,,,,,,,,0.0,0.0,0.0,1.0,0.0,0.0833333333333333,28.0,21.0,37.0,52.0
Travis Frederick,,DAL,1,31,2013,Wisconsin,2011,2012,27.0,,,,,,,,,,,,,,OL,Wisconsin,,,,,,,,,,,,,,,,,,,,,,,,,,,,,,,,,22.0,60.0,60.0
Matt Elam,,RAV,1,32,2013,Florida,2010,2012,39.0,,,,,,,,,,,,,,DB,Florida,,,,,,,,,,,,,,,,,,,,,,,,,,6.0,91.0,0.0,,0.1538461538461538,,11.921875,22.0,12.0,12.0
Jonathan Cyprien,,JAX,2,33,2013,Florida International,2009,2012,50.0,,,,,,,,,,,,,,DB,Florida International,,,,,,,,,,,,,,,,,,,,,,,,,,7.0,41.0,1.0,,0.14,,,23.0,21.0,25.0
Justin Hunter,,OTI,2,34,2013,Tennessee,2010,2012,28.0,,,,,,,,,,,,,,WR,Tennessee,,,,,,,,,,,64.7,106.0,1812.0,17.1,18.0,,,,,,,,,,,,,,,,,10.5,22.0,7.0,9.0
Zach Ertz,,PHI,2,35,2013,Stanford,2010,2012,37.0,,,,,,,,,,,,,,TE,Stanford,,,,,,,,,,,38.8,112.0,1434.0,12.8,15.0,,,,,,,,,,,,,,,,,21.133333333333333,22.0,40.0,57.0
Darius Slay,,DET,2,36,2013,Mississippi State,2011,2012,26.0,,,,,,,,,,,,,,DB,Mississippi State,,,,,,,,,,,,,,,,,,,,,,,,,,6.0,173.0,2.0,,0.2307692307692307,,8.05,22.0,39.0,66.0
Giovani Bernard,,CIN,2,37,2013,North Carolina,2011,2012,23.0,,,,,,,,,,,,,,RB,North Carolina,423.0,2481.0,5.9,25.0,92.0,852.0,9.3,6.0,107.9,37.0,,,,,,,,,,,,,,,,,,,,,,11.02,21.0,41.0,42.0
Manti Te'o,,SDG,2,38,2013,Notre Dame,2009,2012,51.0,,,,,,,,,,,,,,LB,Notre Dame,,,,,,,,,,,,,,,,8.5,212.0,225.0,437.0,34.0,0.1666666666666666,4.1568627450980395,4.411764705882353,8.568627450980392,0.6666666666666666,,,,,,,19.2,22.0,14.0,20.0
Geno Smith,153.5,NYJ,2,39,2013,West Virginia,2009,2012,44.0,988.0,1465.0,477.0,67.4,11662.0,98.0,21.0,6.7,1.4,8.0,8.65,11.8,265.0,QB,West Virginia,,,,,,,,,,,,,,,,,,,,,,,,,,,,,,,,13.725,22.0,12.0,57.0
Cornellius Carradine,,SFO,2,40,2013,Florida State,2011,2012,25.0,,,,,,,,,,,,,,DL,Florida State,,,,,,,,,,,,,,,,16.5,71.0,47.0,118.0,21.0,0.66,2.84,1.88,4.72,0.84,,,,,,,,23.0,7.0,7.0
Robert Woods,,BUF,2,41,2013,USC,2010,2012,38.0,,,,,,,,,,,,,,WR,USC,,,,,,,,,,,77.1,252.0,2930.0,11.6,32.0,,,,,,,,,,,,,,,,,20.48181818181818,21.0,15.0,59.0
Johnthan Banks,,TAM,2,43,2013,Mississippi State,2009,2012,51.0,,,,,,,,,,,,,,DB,Mississippi State,,,,,,,,,,,,,,,,,,,,,,,,,,16.0,320.0,3.0,,0.3137254901960784,,7.926923076923076,23.0,11.0,11.0
Kawann Short,,CAR,2,44,2013,Purdue,2009,2012,50.0,,,,,,,,,,,,,,DL,Purdue,,,,,,,,,,,,,,,,19.5,124.0,62.0,186.0,49.0,0.39,2.48,1.24,3.72,0.98,,,,,,,5.1,24.0,41.0,41.0
Kevin Minter,,CRD,2,45,2013,LSU,2010,2012,37.0,,,,,,,,,,,,,,LB,LSU,,,,,,,,,,,,,,,,5.0,81.0,125.0,206.0,18.5,0.1351351351351351,2.189189189189189,3.3783783783783785,5.5675675675675675,0.5,,,,,,,23.7,22.0,19.0,27.0
Kiko Alonso,,BUF,2,46,2013,Oregon,2009,2012,37.0,,,,,,,,,,,,,,LB,Oregon,,,,,,,,,,,,,,,,3.5,99.0,45.0,144.0,21.0,0.0945945945945946,2.675675675675676,1.2162162162162162,3.891891891891892,0.5675675675675675,,,,,,,27.199999999999996,23.0,10.0,33.0
Gavin Escobar,,DAL,2,47,2013,San Diego State,2010,2012,39.0,,,,,,,,,,,,,,TE,San Diego State,,,,,,,,,,,42.2,122.0,1646.0,13.5,17.0,,,,,,,,,,,,,,,,,2.92,22.0,2.0,2.0
Le'Veon Bell,,PIT,2,48,2013,Michigan State,2010,2012,40.0,,,,,,,,,,,,,,RB,Michigan State,671.0,3346.0,5.0,33.0,78.0,531.0,6.8,1.0,83.7,13.3,,,,,,,,,,,,,,,,,,,,,,15.254838709677419,21.0,55.0,61.0
Johnathan Hankins,,NYG,2,49,2013,Ohio State,2010,2012,38.0,,,,,,,,,,,,,,DL,Ohio State,,,,,,,,,,,,,,,,5.0,58.0,80.0,138.0,16.5,0.131578947368421,1.5263157894736843,2.1052631578947367,3.631578947368421,0.4342105263157895,,,,,,,,21.0,17.0,50.0
Jonathan Bostic,,CHI,2,50,2013,Florida,2010,2012,39.0,,,,,,,,,,,,,,LB,Florida,,,,,,,,,,,,,,,,7.5,141.0,78.0,219.0,19.0,0.1923076923076923,3.6153846153846154,2.0,5.615384615384615,0.4871794871794871,,,,,,,21.0,22.0,5.0,36.0
David Amerson,,WAS,2,51,2013,North Carolina State,2010,2012,39.0,,,,,,,,,,,,,,DB,North Carolina State,,,,,,,,,,,,,,,,,,,,,,,,,,18.0,287.0,3.0,,0.4615384615384615,,3.2333333333333334,21.0,7.0,20.0
Jamie Collins,,NWE,2,52,2013,Southern Mississippi,2011,2012,26.0,,,,,,,,,,,,,,DL,Southern Mississippi,,,,,,,,,,,,,,,,16.5,124.0,66.0,190.0,39.5,0.6346153846153846,4.769230769230769,2.5384615384615383,7.3076923076923075,1.5192307692307692,,,,,,,,23.0,42.0,58.0
Jamie Collins,,NWE,2,52,2013,Southern Mississippi,2009,2010,26.0,,,,,,,,,,,,,,DB,Southern Mississippi,,,,,,,,,,,,,,,,,,,,,,,,,,2.0,37.0,1.0,2.0,0.0769230769230769,0.0769230769230769,,23.0,42.0,58.0
Margus Hunt,,CIN,2,53,2013,SMU,2009,2012,53.0,,,,,,,,,,,,,,DL,SMU,,,,,,,,,,,,,,,,16.5,60.0,52.0,112.0,28.0,0.3113207547169811,1.1320754716981132,0.981132075471698,2.1132075471698113,0.5283018867924528,,,,,,,-7.6,26.0,4.0,18.0
Jamar Taylor,,MIA,2,54,2013,Boise State,2008,2012,49.0,,,,,,,,,,,,,,DB,Boise State,,,,,,,,,,,,,,,,,,,,,,,,,,7.0,154.0,1.0,2.0,0.1428571428571428,0.0408163265306122,13.72142857142857,22.0,4.0,18.0
Vance McDonald,,SFO,2,55,2013,Rice,2009,2012,42.0,,,,,,,,,,,,,,TE,Rice,,,,,,,,,,,35.8,119.0,1504.0,12.6,15.0,,,,,,,,,,,,,,,,,-14.057142857142857,23.0,5.0,14.0
Arthur Brown,,RAV,2,56,2013,Kansas State,2008,2012,50.0,,,,,,,,,,,,,,LB,Kansas StateMiami (FL),,,,,,,,,,,,,,,,3.0,132.0,86.0,218.0,17.0,0.06,2.64,1.72,4.36,0.34,,,,,,,8.92,20.0,2.0,3.0
D.J. Swearinger,,HTX,2,57,2013,South Carolina,2009,2012,52.0,,,,,,,,,,,,,,DB,South Carolina,,,,,,,,,,,,,,,,,,,,,,,,,,6.0,94.0,2.0,1.0,0.1153846153846153,0.0192307692307692,18.84090909090909,22.0,8.0,28.0
Montee Ball,,DEN,2,58,2013,Wisconsin,2009,2012,49.0,,,,,,,,,,,,,,RB,Wisconsin,924.0,5140.0,5.6,77.0,59.0,598.0,10.1,6.0,104.9,12.2,,,,,,,,,,,,,,,,,,,,,,21.523076923076925,22.0,7.0,7.0
Aaron Dobson,,NWE,2,59,2013,Marshall,2009,2012,47.0,,,,,,,,,,,,,,WR,Marshall,,,,,,,,,,,51.0,165.0,2398.0,14.5,24.0,,,,,,,,,,,,,,,,,-8.616666666666667,22.0,6.0,6.0
Eddie Lacy,,GNB,2,61,2013,Alabama,2010,2012,38.0,,,,,,,,,,,,,,RB,Alabama,355.0,2402.0,6.8,30.0,35.0,338.0,9.7,2.0,63.2,8.9,,,,,,,,,,,,,,,,,,,,,,33.03333333333333,23.0,34.0,36.0
Christine Michael,,SEA,2,62,2013,Texas A&M,2009,2012,40.0,,,,,,,,,,,,,,RB,Texas A&M,529.0,2791.0,5.3,34.0,44.0,323.0,7.3,1.0,69.8,8.1,,,,,,,,,,,,,,,,,,,,,,16.72,22.0,8.0,9.0
Travis Kelce,,KAN,3,63,2013,Cincinnati,2009,2012,35.0,,,,,,,,,,,,,,TE,Cincinnati,,,,,,,,,,,25.0,59.0,875.0,14.8,10.0,,,,,,,,,,,,,,,,,13.85,23.0,94.0,94.0
Dwayne Gratz,,JAX,3,64,2013,Connecticut,2009,2012,50.0,,,,,,,,,,,,,,DB,Connecticut,,,,,,,,,,,,,,,,,,,,,,,,,,8.0,152.0,2.0,16.0,0.16,0.32,-1.7666666666666666,23.0,10.0,10.0
Larry Warford,,DET,3,65,2013,Kentucky,2011,2011,12.0,,,,,,,,,,,,,,OL,Kentucky,,,,,,,,,,,,,,,,,,,,,,,,,,,,,,,,,22.0,22.0,52.0
Sio Moore,,RAI,3,66,2013,Connecticut,2009,2012,41.0,,,,,,,,,,,,,,LB,Connecticut,,,,,,,,,,,,,,,,16.0,174.0,100.0,274.0,44.0,0.3902439024390244,4.2439024390243905,2.4390243902439024,6.682926829268292,1.0731707317073171,,,,,,,-2.3,23.0,9.0,14.0
Bennie Logan,,PHI,3,67,2013,LSU,2010,2012,30.0,,,,,,,,,,,,,,DL,LSU,,,,,,,,,,,,,,,,5.0,38.0,69.0,107.0,12.5,0.1666666666666666,1.2666666666666666,2.3,3.566666666666667,0.4166666666666667,,,,,,,,23.0,22.0,28.0
Leon McFadden,,CLE,3,68,2013,San Diego State,2009,2012,51.0,,,,,,,,,,,,,,DB,San Diego State,,,,,,,,,,,,,,,,,,,,,,,,,,8.0,186.0,2.0,23.0,0.1568627450980392,0.4509803921568627,-0.8416666666666666,22.0,1.0,2.0
Tyrann Mathieu,,CRD,3,69,2013,LSU,2010,2011,26.0,,,,,,,,,,,,,,DB,LSU,,,,,,,,,,,,,,,,,,,,,,,,,,4.0,16.0,0.0,16.0,0.1538461538461538,0.6153846153846154,28.361538461538462,21.0,21.0,67.0
Blidi Wreh-Wilson,,OTI,3,70,2013,Connecticut,2009,2012,45.0,,,,,,,,,,,,,,DB,Connecticut,,,,,,,,,,,,,,,,,,,,,,,,,,8.0,171.0,2.0,10.0,0.1777777777777777,0.2222222222222222,0.025000000000000078,23.0,6.0,9.0
T.J. McDonald,,RAM,3,71,2013,USC,2009,2012,50.0,,,,,,,,,,,,,,DB,USC,,,,,,,,,,,,,,,,,,,,,,,,,,8.0,57.0,0.0,,0.16,,19.668181818181818,22.0,17.0,24.0
Mike Glennon,132.3,TAM,3,73,2013,North Carolina State,2009,2012,36.0,646.0,1069.0,423.0,60.4,7411.0,63.0,31.0,5.9,2.9,6.9,6.81,11.5,205.9,QB,North Carolina State,,,,,,,,,,,,,,,,,,,,,,,,,,,,,,,,3.5500000000000003,23.0,11.0,9.0
Terrance Williams,,DAL,3,74,2013,Baylor,2009,2012,51.0,,,,,,,,,,,,,,WR,Baylor,,,,,,,,,,,65.4,202.0,3334.0,16.5,27.0,,,,,,,,,,,,,,,,,-0.21428571428571427,23.0,27.0,27.0
Keenan Allen,,SDG,3,76,2013,California,2010,2012,33.0,,,,,,,,,,,,,,WR,California,,,,,,,,,,,77.9,205.0,2570.0,12.5,17.0,,,,,,,,,,,,,,,,,9.225352112676056,21.0,77.0,80.0
Marquise Goodwin,,BUF,3,78,2013,Texas,2009,2012,50.0,,,,,,,,,,,,,,WR,Texas,,,,,,,,,,,27.3,120.0,1364.0,11.4,7.0,,,,,,,,,,,,,,,,,19.45,22.0,5.0,24.0
Markus Wheaton,,PIT,3,79,2013,Oregon State,2009,2012,49.0,,,,,,,,,,,,,,WR,Oregon State,,,,,,,,,,,61.1,227.0,2994.0,13.2,16.0,,,,,,,,,,,,,,,,,7.49090909090909,22.0,13.0,13.0
Damontre Moore,,NYG,3,81,2013,Texas A&M,2010,2012,38.0,,,,,,,,,,,,,,DL,Texas A&M,,,,,,,,,,,,,,,,26.5,116.0,81.0,197.0,45.0,0.6973684210526315,3.0526315789473686,2.1315789473684212,5.184210526315789,1.1842105263157894,,,,,,,13.8,20.0,4.0,5.0
John Jenkins,,NOR,3,82,2013,Georgia,2011,2012,27.0,,,,,,,,,,,,,,DL,Georgia,,,,,,,,,,,,,,,,4.0,36.0,42.0,78.0,8.0,0.1481481481481481,1.3333333333333333,1.5555555555555556,2.888888888888889,0.2962962962962963,,,,,,,,24.0,9.0,32.0
Logan Ryan,,NWE,3,83,2013,Rutgers,2010,2012,37.0,,,,,,,,,,,,,,DB,Rutgers,,,,,,,,,,,,,,,,,,,,,,,,,,7.0,73.0,1.0,1.0,0.1891891891891892,0.027027027027027,0.4,22.0,14.0,41.0
Shawn Williams,,CIN,3,84,2013,Georgia,2009,2012,54.0,,,,,,,,,,,,,,DB,Georgia,,,,,,,,,,,,,,,,,,,,,,,,,,4.0,58.0,0.0,1.0,0.074074074074074,0.0185185185185185,25.733333333333334,22.0,24.0,25.0
Jordan Reed,,WAS,3,85,2013,Florida,2010,2012,36.0,,,,,,,,,,,,,,TE,Florida,,,,,,,,,,,26.3,79.0,945.0,12.0,6.0,,,,,,,,,,,,,,,,,15.61864406779661,23.0,24.0,25.0
Hugh Thornton,,CLT,3,86,2013,Illinois,2010,2012,24.0,,,,,,,,,,,,,,OL,Illinois,,,,,,,,,,,,,,,,,,,,,,,,,,,,,,,,,22.0,16.0,16.0
Jordan Hill,,SEA,3,87,2013,Penn State,2011,2012,25.0,,,,,,,,,,,,,,DL,Penn State,,,,,,,,,,,,,,,,8.0,51.0,72.0,123.0,16.5,0.32,2.04,2.88,4.92,0.66,,,,,,,14.1,22.0,6.0,6.0
Corey Lemonier,,SFO,3,88,2013,Auburn,2010,2012,39.0,,,,,,,,,,,,,,DL,Auburn,,,,,,,,,,,,,,,,17.0,57.0,41.0,98.0,24.0,0.4358974358974359,1.4615384615384617,1.051282051282051,2.5128205128205128,0.6153846153846154,,,,,,,,21.0,3.0,4.0
Brennan Williams,,HTX,3,89,2013,North Carolina,2010,2011,22.0,,,,,,,,,,,,,,OL,North Carolina,,,,,,,,,,,,,,,,,,,,,,,,,,,,,,,,-13.095833333333333,22.0,,
Kayvon Webster,,DEN,3,90,2013,South Florida,2009,2012,47.0,,,,,,,,,,,,,,DB,South Florida,,,,,,,,,,,,,,,,,,,,,,,,,,3.0,34.0,0.0,,0.0638297872340425,,2.1739130434782608,22.0,4.0,9.0
Duron Harmon,,NWE,3,91,2013,Rutgers,2009,2012,50.0,,,,,,,,,,,,,,DB,Rutgers,,,,,,,,,,,,,,,,,,,,,,,,,,6.0,97.0,1.0,,0.12,,0.4,22.0,16.0,30.0
Stedman Bailey,,RAM,3,92,2013,West Virginia,2010,2012,39.0,,,,,,,,,,,,,,WR,West Virginia,,,,,,,,,,,82.5,210.0,3218.0,15.3,41.0,,,,,,,,,,,,,,,,,12.35,22.0,7.0,7.0
Will Davis,,MIA,3,93,2013,Utah State,2011,2012,26.0,,,,,,,,,,,,,,DB,Utah State,,,,,,,,,,,,,,,,,,,,,,,,,,5.0,100.0,1.0,6.0,0.1923076923076923,0.2307692307692307,6.632,23.0,0.0,0.0
Sam Montgomery,,HTX,3,95,2013,LSU,2010,2012,31.0,,,,,,,,,,,,,,DL,LSU,,,,,,,,,,,,,,,,19.0,47.0,57.0,104.0,32.5,0.6129032258064516,1.5161290322580645,1.8387096774193548,3.3548387096774195,1.0483870967741935,,,,,,,,23.0,,
Knile Davis,,KAN,3,96,2013,Arkansas,2009,2012,36.0,,,,,,,,,,,,,,RB,Arkansas,349.0,1862.0,5.3,19.0,32.0,297.0,9.3,2.0,51.7,8.3,,,,,,,,,,,,,,,,,,,,,,18.233333333333334,21.0,10.0,10.0
Zaviar Gooden,,OTI,3,97,2013,Missouri,2009,2012,49.0,,,,,,,,,,,,,,LB,Missouri,,,,,,,,,,,,,,,,4.0,161.0,95.0,256.0,20.5,0.0816326530612244,3.2857142857142856,1.9387755102040816,5.224489795918367,0.4183673469387755,,,,,,,12.733333333333334,23.0,3.0,4.0
Matt Barkley,148.7,PHI,4,98,2013,USC,2009,2012,47.0,1001.0,1562.0,561.0,64.1,12327.0,116.0,48.0,7.4,3.1,7.9,7.99,12.3,262.3,QB,USC,,,,,,,,,,,,,,,,,,,,,,,,,,,,,,,,19.599999999999998,22.0,1.0,5.0
Nico Johnson,,KAN,4,99,2013,Alabama,2009,2012,52.0,,,,,,,,,,,,,,LB,Alabama,,,,,,,,,,,,,,,,2.0,87.0,76.0,163.0,16.5,0.0384615384615384,1.6730769230769231,1.4615384615384617,3.1346153846153846,0.3173076923076923,,,,,,,31.3,23.0,1.0,3.0
Akeem Spence,,TAM,4,100,2013,Illinois,2010,2012,38.0,,,,,,,,,,,,,,DL,Illinois,,,,,,,,,,,,,,,,3.5,65.0,121.0,186.0,16.5,0.0921052631578947,1.7105263157894737,3.1842105263157894,4.894736842105263,0.4342105263157895,,,,,,,,21.0,14.0,27.0
Ace Sanders,,JAX,4,101,2013,South Carolina,2010,2012,40.0,,,,,,,,,,,,,,WR,South Carolina,,,,,,,,,,,30.8,99.0,1230.0,12.4,13.0,,,,,,,,,,,,,,,,,18.20394736842105,21.0,3.0,3.0
Josh Boyce,,NWE,4,102,2013,Texas Christian,2010,2012,39.0,,,,,,,,,,,,,,WR,Texas Christian,,,,,,,,,,,65.0,161.0,2535.0,15.7,22.0,,,,,,,,,,,,,,,,,15.883333333333333,22.0,1.0,1.0
Alex Okafor,,CRD,4,103,2013,Texas,2009,2012,52.0,,,,,,,,,,,,,,DL,Texas,,,,,,,,,,,,,,,,23.0,88.0,62.0,150.0,34.0,0.4423076923076923,1.6923076923076923,1.1923076923076923,2.8846153846153846,0.6538461538461539,,,,,,,,22.0,14.0,29.0
Jelani Jenkins,,MIA,4,104,2013,Florida,2009,2012,36.0,,,,,,,,,,,,,,LB,Florida,,,,,,,,,,,,,,,,6.0,109.0,73.0,182.0,16.5,0.1666666666666666,3.0277777777777777,2.0277777777777777,5.055555555555555,0.4583333333333333,,,,,,,21.576470588235296,21.0,14.0,15.0
Duke Williams,,BUF,4,105,2013,Nevada,2009,2012,50.0,,,,,,,,,,,,,,DB,Nevada,,,,,,,,,,,,,,,,,,,,,,,,,,4.0,69.0,0.0,10.0,0.08,0.2,3.0461538461538464,22.0,8.0,8.0
Dion Sims,,MIA,4,106,2013,Michigan State,2009,2012,39.0,,,,,,,,,,,,,,TE,Michigan State,,,,,,,,,,,18.1,59.0,707.0,12.0,8.0,,,,,,,,,,,,,,,,,12.48,22.0,6.0,8.0
Brian Schwenke,,OTI,4,107,2013,California,2011,2012,24.0,,,,,,,,,,,,,,OL,California,,,,,,,,,,,,,,,,,,,,,,,,,,,,,,,,5.3,22.0,14.0,14.0
David Bakhtiari,,GNB,4,109,2013,Colorado,2010,2010,12.0,,,,,,,,,,,,,,OL,Colorado,,,,,,,,,,,,,,,,,,,,,,,,,,,,,,,,,21.0,84.0,84.0
Ryan Nassib,132.5,NYG,4,110,2013,Syracuse,2009,2012,47.0,791.0,1312.0,521.0,60.3,9190.0,70.0,28.0,5.3,2.1,7.0,7.11,11.6,195.5,QB,Syracuse,,,,,,,,,,,,,,,,,,,,,,,,,,,,,,,,1.7226415094339622,23.0,0.0,0.0
Shamarko Thomas,,PIT,4,111,2013,Syracuse,2009,2012,48.0,,,,,,,,,,,,,,DB,Syracuse,,,,,,,,,,,,,,,,,,,,,,,,,,2.0,27.0,0.0,5.0,0.0416666666666666,0.1041666666666666,5.8,22.0,4.0,5.0
Tyler Wilson,144.0,RAI,4,112,2013,Arkansas,2008,2012,37.0,593.0,948.0,355.0,62.6,7765.0,52.0,26.0,5.5,2.7,8.2,8.05,13.1,209.9,QB,Arkansas,,,,,,,,,,,,,,,,,,,,,,,,,,,,,,,,5.2771739130434785,24.0,,
Barrett Jones,,RAM,4,113,2013,Alabama,2011,2011,,,,,,,,,,,,,,,OL,Alabama,,,,,,,,,,,,,,,,,,,,,,,,,,,,,,,,,23.0,0.0,0.0
Landry Jones,141.5,PIT,4,115,2013,Oklahoma,2009,2012,53.0,1388.0,2183.0,795.0,63.6,16646.0,123.0,52.0,5.6,2.4,7.6,7.68,12.0,314.1,QB,Oklahoma,,,,,,,,,,,,,,,,,,,,,,,,,,,,,,,,26.099999999999998,24.0,4.0,4.0
Khaseem Greene,,CHI,4,117,2013,Rutgers,2012,2012,13.0,,,,,,,,,,,,,,LB,Rutgers,,,,,,,,,,,,,,,,6.0,70.0,66.0,136.0,12.0,0.4615384615384615,5.384615384615385,5.076923076923077,10.461538461538462,0.9230769230769232,,,,,,,-5.46470588235294,24.0,3.0,3.0
Khaseem Greene,,CHI,4,117,2013,Rutgers,2009,2011,38.0,,,,,,,,,,,,,,DB,Rutgers,,,,,,,,,,,,,,,,,,,,,,,,,,5.0,59.0,0.0,1.0,0.131578947368421,0.0263157894736842,-5.46470588235294,24.0,3.0,3.0
Sean Porter,,CIN,4,118,2013,Texas A&M,2009,2012,52.0,,,,,,,,,,,,,,LB,Texas A&M,,,,,,,,,,,,,,,,14.5,148.0,113.0,261.0,34.5,0.2788461538461538,2.8461538461538463,2.173076923076923,5.019230769230769,0.6634615384615384,,,,,,,28.8,22.0,0.0,0.0
Phillip Thomas,,WAS,4,119,2013,Fresno State,2009,2012,38.0,,,,,,,,,,,,,,DB,Fresno State,,,,,,,,,,,,,,,,,,,,,,,,,,13.0,214.0,4.0,,0.3421052631578947,,3.3166666666666664,24.0,2.0,2.0
Gerald Hodges,,MIN,4,120,2013,Penn State,2009,2012,41.0,,,,,,,,,,,,,,DB,Penn State,,,,,,,,,,,,,,,,,,,,,,,,,,3.0,63.0,0.0,2.0,0.073170731707317,0.048780487804878,13.522222222222222,22.0,8.0,18.0
Chris Harper,,SEA,4,123,2013,Kansas State,2010,2012,39.0,,,,,,,,,,,,,,WR,Kansas State,,,,,,,,,,,44.5,123.0,1734.0,14.1,12.0,,,,,,,,,,,,,,,,,4.5608695652173905,23.0,,0.0
Trevardo Williams,,HTX,4,124,2013,Connecticut,2009,2012,50.0,,,,,,,,,,,,,,DL,Connecticut,,,,,,,,,,,,,,,,30.5,85.0,48.0,133.0,40.5,0.61,1.7,0.96,2.66,0.81,,,,,,,,22.0,,0.0
Johnathan Franklin,,GNB,4,125,2013,UCLA,2009,2012,53.0,,,,,,,,,,,,,,RB,UCLA,788.0,4403.0,5.6,31.0,58.0,517.0,8.9,3.0,83.1,9.8,,,,,,,,,,,,,,,,,,,,,,7.6,23.0,1.0,1.0
William Gholston,,TAM,4,126,2013,Michigan State,2010,2012,36.0,,,,,,,,,,,,,,DL,Michigan State,,,,,,,,,,,,,,,,10.0,62.0,80.0,142.0,30.0,0.2777777777777778,1.7222222222222223,2.2222222222222223,3.9444444444444446,0.8333333333333334,,,,,,,,22.0,39.0,39.0
Malliciah Goodman,,ATL,4,127,2013,Clemson,2009,2012,54.0,,,,,,,,,,,,,,DL,Clemson,,,,,,,,,,,,,,,,12.0,70.0,57.0,127.0,23.0,0.2222222222222222,1.2962962962962965,1.0555555555555556,2.3518518518518516,0.4259259259259259,,,,,,,,23.0,5.0,5.0
Quinton Patton,,SFO,4,128,2013,Louisiana Tech,2011,2012,25.0,,,,,,,,,,,,,,WR,Louisiana Tech,,,,,,,,,,,103.8,183.0,2594.0,14.2,24.0,,,,,,,,,,,,,,,,,1.1714285714285715,23.0,6.0,6.0
John Simon,,RAV,4,129,2013,Ohio State,2009,2012,50.0,,,,,,,,,,,,,,DL,Ohio State,,,,,,,,,,,,,,,,20.5,81.0,73.0,154.0,42.0,0.41,1.62,1.46,3.08,0.84,,,,,,,,22.0,1.0,34.0
Marcus Lattimore,,SFO,4,131,2013,South Carolina,2010,2012,29.0,,,,,,,,,,,,,,RB,South Carolina,555.0,2677.0,4.8,38.0,74.0,767.0,10.4,3.0,92.3,26.4,,,,,,,,,,,,,,,,,,,,,,18.333333333333332,21.0,,
Devin Taylor,,DET,4,132,2013,South Carolina,2009,2012,52.0,,,,,,,,,,,,,,DL,South Carolina,,,,,,,,,,,,,,,,18.5,107.0,54.0,161.0,35.5,0.3557692307692308,2.0576923076923075,1.0384615384615383,3.0961538461538463,0.6826923076923077,,,,,,,16.165517241379312,23.0,12.0,12.0
Levine Toilolo,,ATL,4,133,2013,Stanford,2011,2012,27.0,,,,,,,,,,,,,,TE,Stanford,,,,,,,,,,,27.3,49.0,736.0,15.0,10.0,,,,,,,,,,,,,,,,,21.133333333333333,22.0,6.0,8.0
Levine Toilolo,,ATL,4,133,2013,Stanford,2010,2010,3.0,,,,,,,,,,,,,,LB,Stanford,,,,,,,,,,,,,,,,0.0,0.0,0.0,0.0,0.0,0.0,0.0,0.0,0.0,0.0,,,,,,,21.133333333333333,22.0,6.0,8.0
Sanders Commings,,KAN,5,134,2013,Georgia,2009,2012,51.0,,,,,,,,,,,,,,DB,Georgia,,,,,,,,,,,,,,,,,,,,,,,,,,8.0,56.0,0.0,,0.1568627450980392,,23.97307692307692,23.0,0.0,0.0
Denard Robinson,138.6,JAX,5,135,2013,Michigan,2009,2012,49.0,427.0,747.0,320.0,57.2,6250.0,49.0,39.0,6.6,5.2,8.4,7.33,14.6,127.6,QB,Michigan,,,,,,,,,,,,,,,,,,,,,,,,,,,,,,,,13.991525423728813,22.0,8.0,8.0
Earl Wolff,,PHI,5,136,2013,North Carolina State,2009,2012,51.0,,,,,,,,,,,,,,DB,North Carolina State,,,,,,,,,,,,,,,,,,,,,,,,,,6.0,119.0,0.0,2.0,0.1176470588235294,0.0392156862745098,4.533333333333334,23.0,4.0,4.0
Jesse Williams,,SEA,5,137,2013,Alabama,2011,2012,26.0,,,,,,,,,,,,,,DL,Alabama,,,,,,,,,,,,,,,,1.5,17.0,44.0,61.0,6.5,0.0576923076923076,0.6538461538461539,1.6923076923076923,2.3461538461538463,0.25,,,,,,,-0.8,22.0,,
Tharold Simon,,SEA,5,138,2013,LSU,2010,2012,34.0,,,,,,,,,,,,,,DB,LSU,,,,,,,,,,,,,,,,,,,,,,,,,,7.0,41.0,0.0,13.0,0.2058823529411764,0.3823529411764705,25.333333333333332,22.0,3.0,4.0
Stepfan Taylor,,CRD,5,140,2013,Stanford,2009,2012,53.0,,,,,,,,,,,,,,RB,Stanford,843.0,4300.0,5.1,40.0,97.0,778.0,8.0,5.0,81.1,14.7,,,,,,,,,,,,,,,,,,,,,,19.58888888888889,22.0,3.0,3.0
Oday Aboushi,,NYJ,5,141,2013,Virginia,2011,2012,25.0,,,,,,,,,,,,,,OL,Virginia,,,,,,,,,,,,,,,,,,,,,,,,,,,,,,,,,22.0,5.0,21.0
Lavar Edwards,,OTI,5,142,2013,LSU,2009,2012,52.0,,,,,,,,,,,,,,DL,LSU,,,,,,,,,,,,,,,,10.5,41.0,55.0,96.0,20.0,0.2019230769230769,0.7884615384615384,1.0576923076923077,1.8461538461538465,0.3846153846153846,,,,,,,22.049999999999997,23.0,1.0,1.0
Jonathan Meeks,,BUF,5,143,2013,Clemson,2009,2012,50.0,,,,,,,,,,,,,,DB,Clemson,,,,,,,,,,,,,,,,,,,,,,,,,,7.0,192.0,1.0,6.0,0.14,0.12,13.2,23.0,2.0,2.0
Kenny Stills,,NOR,5,144,2013,Oklahoma,2010,2012,38.0,,,,,,,,,,,,,,WR,Oklahoma,,,,,,,,,,,68.3,204.0,2594.0,12.7,24.0,,,,,,,,,,,,,,,,,27.757142857142856,21.0,14.0,35.0
Steve Williams,,SDG,5,145,2013,California,2010,2012,37.0,,,,,,,,,,,,,,DB,California,,,,,,,,,,,,,,,,,,,,,,,,,,6.0,45.0,0.0,14.0,0.1621621621621621,0.3783783783783784,10.058823529411764,22.0,4.0,4.0
Quanterus Smith,,DEN,5,146,2013,Western Kentucky,2009,2012,46.0,,,,,,,,,,,,,,DL,Western Kentucky,,,,,,,,,,,,,,,,24.0,87.0,48.0,135.0,41.0,0.5217391304347826,1.891304347826087,1.0434782608695652,2.9347826086956523,0.8913043478260869,,,,,,,,23.0,1.0,1.0
Steven Means,,TAM,5,147,2013,Buffalo,2009,2012,48.0,,,,,,,,,,,,,,DL,Buffalo,,,,,,,,,,,,,,,,19.5,87.0,99.0,186.0,30.5,0.40625,1.8125,2.0625,3.875,0.6354166666666666,,,,,,,-23.25,22.0,1.0,14.0
A.J. Klein,,CAR,5,148,2013,Iowa State,2009,2012,51.0,,,,,,,,,,,,,,LB,Iowa State,,,,,,,,,,,,,,,,3.0,181.0,180.0,361.0,20.0,0.0588235294117647,3.549019607843137,3.5294117647058822,7.078431372549019,0.392156862745098,,,,,,,-0.5666666666666665,22.0,9.0,37.0
Brandon McGee,,RAM,5,149,2013,Miami (FL),2009,2012,45.0,,,,,,,,,,,,,,DB,Miami (FL),,,,,,,,,,,,,,,,,,,,,,,,,,3.0,41.0,0.0,4.0,0.0666666666666666,0.0888888888888888,13.876923076923076,22.0,1.0,1.0
Terry Hawthorne,,PIT,5,150,2013,Illinois,2009,2009,12.0,,,,,,,,,,,,,,WR,Illinois,,,,,,,,,,,0.0,0.0,0.0,,0.0,,,,,,,,,,,,,,,,,-1.436585365853659,23.0,,
Terry Hawthorne,,PIT,5,150,2013,Illinois,2010,2012,32.0,,,,,,,,,,,,,,DB,Illinois,,,,,,,,,,,,,,,,,,,,,,,,,,5.0,39.0,1.0,,0.15625,,-1.436585365853659,23.0,,
Joseph Randle,,DAL,5,151,2013,Oklahoma State,2010,2012,39.0,,,,,,,,,,,,,,RB,Oklahoma State,564.0,3085.0,5.5,40.0,108.0,917.0,8.5,3.0,79.1,23.5,,,,,,,,,,,,,,,,,,,,,,25.95744680851064,21.0,7.0,7.0
Stansly Maponga,,ATL,5,153,2013,Texas Christian,2010,2012,36.0,,,,,,,,,,,,,,DL,Texas Christian,,,,,,,,,,,,,,,,15.5,63.0,50.0,113.0,23.0,0.4305555555555556,1.75,1.3888888888888888,3.138888888888889,0.6388888888888888,,,,,,,,22.0,2.0,2.0
Chris Thompson,,WAS,5,154,2013,Florida State,2009,2012,39.0,,,,,,,,,,,,,,RB,Florida State,277.0,1735.0,6.3,14.0,45.0,430.0,9.6,1.0,44.5,11.0,,,,,,,,,,,,,,,,,,,,,,16.878947368421052,22.0,19.0,20.0
Quinton Dial,,SFO,5,157,2013,Alabama,2011,2012,25.0,,,,,,,,,,,,,,DL,Alabama,,,,,,,,,,,,,,,,2.5,20.0,26.0,46.0,8.0,0.1,0.8,1.04,1.84,0.32,,,,,,,,23.0,13.0,15.0
Luke Willson,,SEA,5,158,2013,Rice,2009,2012,45.0,,,,,,,,,,,,,,TE,Rice,,,,,,,,,,,21.9,78.0,986.0,12.6,9.0,,,,,,,,,,,,,,,,,-15.55,23.0,11.0,12.0
Micah Hyde,,GNB,5,159,2013,Iowa,2009,2012,51.0,,,,,,,,,,,,,,DB,Iowa,,,,,,,,,,,,,,,,,,,,,,,,,,8.0,142.0,2.0,15.0,0.1568627450980392,0.2941176470588235,8.531818181818183,22.0,13.0,55.0
Zac Stacy,,RAM,5,160,2013,Vanderbilt,2009,2012,45.0,,,,,,,,,,,,,,RB,Vanderbilt,581.0,3143.0,5.4,30.0,46.0,415.0,9.0,0.0,69.8,9.2,,,,,,,,,,,,,,,,,,,,,,1.7493670886075947,22.0,10.0,11.0
Tavarres King,,DEN,5,161,2013,Georgia,2008,2012,56.0,,,,,,,,,,,,,,WR,Georgia,,,,,,,,,,,46.5,136.0,2602.0,19.1,21.0,,,,,,,,,,,,,,,,,23.428571428571427,23.0,,2.0
Brandon Jenkins,,WAS,5,162,2013,Florida State,2009,2012,40.0,,,,,,,,,,,,,,DL,Florida State,,,,,,,,,,,,,,,,22.5,81.0,38.0,119.0,37.5,0.5625,2.025,0.95,2.975,0.9375,,,,,,,,23.0,0.0,0.0
Jordan Mills,,CHI,5,163,2013,Louisiana Tech,2010,2011,17.0,,,,,,,,,,,,,,OL,Louisiana Tech,,,,,,,,,,,,,,,,,,,,,,,,,,,,,,,,,22.0,14.0,37.0
Mike Gillislee,,MIA,5,164,2013,Florida,2009,2012,49.0,,,,,,,,,,,,,,RB,Florida,389.0,2072.0,5.3,20.0,23.0,182.0,7.9,2.0,42.3,3.7,,,,,,,,,,,,,,,,,,,,,,22.1,22.0,0.0,11.0
Josh Boyd,,GNB,5,167,2013,Mississippi State,2009,2012,51.0,,,,,,,,,,,,,,DL,Mississippi State,,,,,,,,,,,,,,,,8.5,47.0,78.0,125.0,18.0,0.1666666666666666,0.9215686274509804,1.5294117647058822,2.450980392156863,0.3529411764705882,,,,,,,8.225,24.0,4.0,4.0
Josh Evans,,JAX,6,169,2013,Florida,2009,2012,47.0,,,,,,,,,,,,,,DB,Florida,,,,,,,,,,,,,,,,,,,,,,,,,,5.0,47.0,0.0,,0.1063829787234042,,18.900000000000002,22.0,13.0,13.0
Corey Fuller,,DET,6,171,2013,Virginia Tech,2011,2012,20.0,,,,,,,,,,,,,,WR,Virginia Tech,,,,,,,,,,,41.7,45.0,834.0,18.5,6.0,,,,,,,,,,,,,,,,,15.766666666666667,23.0,3.0,3.0
Nick Kasa,,RAI,6,172,2013,Colorado,2012,2012,12.0,,,,,,,,,,,,,,TE,Colorado,,,,,,,,,,,32.6,25.0,391.0,15.6,3.0,,,,,,,,,,,,,,,,,-13.0,22.0,0.0,0.0
Nick Kasa,,RAI,6,172,2013,Colorado,2009,2011,27.0,,,,,,,,,,,,,,DL,Colorado,,,,,,,,,,,,,,,,1.0,18.0,10.0,28.0,2.0,0.037037037037037,0.6666666666666666,0.3703703703703703,1.037037037037037,0.074074074074074,,,,,,,-13.0,22.0,0.0,0.0
Ryan Swope,,CRD,6,174,2013,Texas A&M,2010,2012,39.0,,,,,,,,,,,,,,WR,Texas A&M,,,,,,,,,,,75.5,233.0,2945.0,12.6,23.0,,,,,,,,,,,,,,,,,16.72,22.0,,
Ryan Swope,,CRD,6,174,2013,Texas A&M,2009,2009,12.0,,,,,,,,,,,,,,DB,Texas A&M,,,,,,,,,,,,,,,,,,,,,,,,,,0.0,0.0,0.0,,0.0,,16.72,22.0,,
Jamoris Slaughter,,CLE,6,175,2013,Notre Dame,2009,2012,39.0,,,,,,,,,,,,,,DB,Notre Dame,,,,,,,,,,,,,,,,,,,,,,,,,,2.0,26.0,0.0,6.0,0.0512820512820512,0.1538461538461538,16.85,23.0,,
William Campbell,,NYJ,6,178,2013,Michigan,2009,2012,50.0,,,,,,,,,,,,,,DL,Michigan,,,,,,,,,,,,,,,,3.0,24.0,39.0,63.0,5.0,0.06,0.48,0.78,1.26,0.1,,,,,,,,22.0,,
Tourek Williams,,SDG,6,179,2013,Florida International,2009,2012,49.0,,,,,,,,,,,,,,DL,Florida International,,,,,,,,,,,,,,,,18.0,84.0,66.0,150.0,45.0,0.3673469387755102,1.7142857142857142,1.346938775510204,3.061224489795918,0.9183673469387756,,,,,,,,22.0,5.0,5.0
Nick Moody,,SFO,6,180,2013,Florida State,2009,2012,48.0,,,,,,,,,,,,,,DB,Florida State,,,,,,,,,,,,,,,,,,,,,,,,,,1.0,96.0,1.0,2.0,0.0208333333333333,0.0416666666666666,19.7,23.0,2.0,2.0
Latavius Murray,,RAI,6,181,2013,UCF,2008,2012,45.0,,,,,,,,,,,,,,RB,UCF,453.0,2424.0,5.4,37.0,50.0,524.0,10.5,6.0,53.9,11.6,,,,,,,,,,,,,,,,,,,,,,1.1599999999999995,23.0,17.0,44.0
Kenjon Barner,,CAR,6,182,2013,Oregon,2009,2012,49.0,,,,,,,,,,,,,,RB,Oregon,582.0,3623.0,6.2,41.0,54.0,591.0,10.9,7.0,73.9,12.1,,,,,,,,,,,,,,,,,,,,,,26.114285714285714,24.0,0.0,4.0
Mychal Rivera,,RAI,6,184,2013,Tennessee,2010,2012,37.0,,,,,,,,,,,,,,TE,Tennessee,,,,,,,,,,,27.5,76.0,1018.0,13.4,6.0,,,,,,,,,,,,,,,,,10.5,22.0,10.0,10.0
Devonte Holloman,,DAL,6,185,2013,South Carolina,2009,2012,51.0,,,,,,,,,,,,,,DB,South Carolina,,,,,,,,,,,,,,,,,,,,,,,,,,7.0,118.0,0.0,,0.1372549019607843,,,22.0,1.0,1.0
Justin Brown,,PIT,6,186,2013,Oklahoma,2009,2012,49.0,,,,,,,,,,,,,,WR,OklahomaPenn State,,,,,,,,,,,39.3,146.0,1926.0,13.2,8.0,,,,,,,,,,,,,,,,,7.278823529411764,22.0,1.0,1.0
Andre Ellington,,CRD,6,187,2013,Clemson,2009,2012,49.0,,,,,,,,,,,,,,RB,Clemson,621.0,3436.0,5.5,33.0,59.0,505.0,8.6,2.0,70.1,10.3,,,,,,,,,,,,,,,,,,,,,,12.89722222222222,24.0,17.0,18.0
Cornelius Washington,,CHI,6,188,2013,Georgia,2009,2012,51.0,,,,,,,,,,,,,,DL,Georgia,,,,,,,,,,,,,,,,10.5,46.0,30.0,76.0,17.0,0.2058823529411764,0.9019607843137256,0.5882352941176471,1.4901960784313726,0.3333333333333333,,,,,,,,23.0,3.0,5.0
Mike James,,TAM,6,189,2013,Miami (FL),2009,2012,50.0,,,,,,,,,,,,,,RB,Miami (FL),304.0,1340.0,4.4,17.0,67.0,585.0,8.7,5.0,26.8,11.7,,,,,,,,,,,,,,,,,,,,,,17.56,22.0,2.0,2.0
Rex Burkhead,,CIN,6,190,2013,Nebraska,2009,2012,44.0,,,,,,,,,,,,,,RB,Nebraska,635.0,3329.0,5.2,30.0,60.0,507.0,8.5,5.0,75.7,11.5,,,,,,,,,,,,,,,,,,,,,,18.33953488372093,23.0,4.0,21.0
Bacarri Rambo,,WAS,6,191,2013,Georgia,2009,2012,47.0,,,,,,,,,,,,,,DB,Georgia,,,,,,,,,,,,,,,,,,,,,,,,,,16.0,293.0,3.0,,0.3404255319148936,,22.126923076923074,23.0,1.0,8.0
John Boyett,,CLT,6,192,2013,Oregon,2009,2012,40.0,,,,,,,,,,,,,,DB,Oregon,,,,,,,,,,,,,,,,,,,,,,,,,,10.0,126.0,1.0,,0.25,,26.25,23.0,,
Spencer Ware,,SEA,6,194,2013,LSU,2010,2012,36.0,,,,,,,,,,,,,,RB,LSU,295.0,1249.0,4.2,10.0,39.0,404.0,10.4,2.0,34.7,11.2,,,,,,,,,,,,,,,,,,,,,,24.288636363636364,21.0,0.0,17.0
Cobi Hamilton,,CIN,6,197,2013,Arkansas,2009,2012,51.0,,,,,,,,,,,,,,WR,Arkansas,,,,,,,,,,,56.0,175.0,2854.0,16.3,18.0,,,,,,,,,,,,,,,,,19.34285714285714,22.0,0.0,2.0
Chris Jones,,HTX,6,198,2013,Bowling Green,2009,2012,50.0,,,,,,,,,,,,,,DL,Bowling Green,,,,,,,,,,,,,,,,28.0,72.0,85.0,157.0,46.5,0.56,1.44,1.7,3.14,0.93,,,,,,,5.827272727272728,23.0,,14.0
Theo Riddick,,DET,6,199,2013,Notre Dame,2009,2012,25.0,,,,,,,,,,,,,,RB,Notre Dame,219.0,1077.0,4.9,5.0,42.0,413.0,9.8,2.0,43.1,16.5,,,,,,,,,,,,,,,,,,,,,,15.808333333333334,22.0,24.0,24.0
Theo Riddick,,DET,6,199,2013,Notre Dame,2010,2011,20.0,,,,,,,,,,,,,,WR,Notre Dame,,,,,,,,,,,42.5,78.0,850.0,10.9,6.0,,,,,,,,,,,,,,,,,15.808333333333334,22.0,24.0,24.0
Kapron Lewis-Moore,,RAV,6,200,2013,Notre Dame,2009,2012,45.0,,,,,,,,,,,,,,DL,Notre Dame,,,,,,,,,,,,,,,,12.0,79.0,101.0,180.0,22.0,0.2666666666666666,1.7555555555555555,2.2444444444444445,4.0,0.4888888888888889,,,,,,,,23.0,0.0,0.0
Ryan Griffin,,HTX,6,201,2013,Connecticut,2009,2012,48.0,,,,,,,,,,,,,,TE,Connecticut,,,,,,,,,,,31.3,116.0,1500.0,12.9,10.0,,,,,,,,,,,,,,,,,-15.854794520547946,23.0,10.0,14.0
Khalid Wooten,,OTI,6,202,2013,Nevada,2009,2012,51.0,,,,,,,,,,,,,,DB,Nevada,,,,,,,,,,,,,,,,,,,,,,,,,,10.0,206.0,2.0,5.0,0.196078431372549,0.0980392156862745,1.4804347826086959,23.0,0.0,0.0
Braden Wilson,,KAN,6,204,2013,Kansas State,2009,2012,51.0,,,,,,,,,,,,,,RB,Kansas State,21.0,44.0,2.1,2.0,18.0,144.0,8.0,0.0,0.9,2.8,,,,,,,,,,,,,,,,,,,,,,10.975,23.0,,
Stacy McGee,,RAI,6,205,2013,Oklahoma,2009,2012,34.0,,,,,,,,,,,,,,DL,Oklahoma,,,,,,,,,,,,,,,,2.5,29.0,34.0,63.0,9.5,0.0735294117647058,0.8529411764705882,1.0,1.8529411764705883,0.2794117647058823,,,,,,,,23.0,10.0,16.0
Vince Williams,,PIT,6,206,2013,Florida State,2008,2012,49.0,,,,,,,,,,,,,,LB,Florida State,,,,,,,,,,,,,,,,3.0,85.0,54.0,139.0,12.5,0.0612244897959183,1.7346938775510203,1.1020408163265305,2.836734693877551,0.2551020408163265,,,,,,,9.638461538461538,23.0,35.0,35.0
Jeremy Harris,,JAX,7,208,2013,New Mexico State,2011,2012,25.0,,,,,,,,,,,,,,DB,New Mexico State,,,,,,,,,,,,,,,,,,,,,,,,,,1.0,0.0,0.0,2.0,0.04,0.08,-33.3,22.0,0.0,0.0
Brice Butler,,RAI,7,209,2013,San Diego State,2009,2012,49.0,,,,,,,,,,,,,,WR,San Diego StateUSC,,,,,,,,,,,18.4,65.0,901.0,13.9,7.0,,,,,,,,,,,,,,,,,14.725,23.0,3.0,9.0
Michael Williams,,DET,7,211,2013,Alabama,2009,2012,54.0,,,,,,,,,,,,,,TE,Alabama,,,,,,,,,,,9.3,51.0,503.0,9.9,7.0,,,,,,,,,,,,,,,,,21.326984126984126,22.0,,0.0
Joe Kruger,,PHI,7,212,2013,Utah,2010,2012,37.0,,,,,,,,,,,,,,DL,Utah,,,,,,,,,,,,,,,,9.0,39.0,30.0,69.0,14.0,0.2432432432432432,1.054054054054054,0.8108108108108109,1.864864864864865,0.3783783783783784,,,,,,,3.8,21.0,,
Michael Mauti,,MIN,7,213,2013,Penn State,2010,2012,26.0,,,,,,,,,,,,,,LB,Penn State,,,,,,,,,,,,,,,,4.5,91.0,92.0,183.0,12.5,0.173076923076923,3.5,3.5384615384615383,7.038461538461538,0.4807692307692308,,,,,,,12.8,23.0,2.0,6.0
Travis Bond,,MIN,7,214,2013,North Carolina,2011,2011,13.0,,,,,,,,,,,,,,OL,North Carolina,,,,,,,,,,,,,,,,,,,,,,,,,,,,,,,,6.4,22.0,,0.0
Tommy Bohanon,,NYJ,7,215,2013,Wake Forest,2009,2012,49.0,,,,,,,,,,,,,,RB,Wake Forest,50.0,160.0,3.2,3.0,51.0,405.0,7.9,7.0,3.3,8.3,,,,,,,,,,,,,,,,,,,,,,-6.05,22.0,1.0,1.0
Jordan Poyer,,PHI,7,218,2013,Oregon State,2009,2012,49.0,,,,,,,,,,,,,,DB,Oregon State,,,,,,,,,,,,,,,,,,,,,,,,,,13.0,243.0,3.0,16.0,0.2653061224489796,0.3265306122448979,4.791489361702127,22.0,0.0,57.0
D.C. Jefferson,,CRD,7,219,2013,Rutgers,2009,2012,50.0,,,,,,,,,,,,,,TE,Rutgers,,,,,,,,,,,11.2,47.0,560.0,11.9,2.0,,,,,,,,,,,,,,,,,-4.477777777777778,24.0,0.0,0.0
Chris Gragg,,BUF,7,222,2013,Arkansas,2008,2012,43.0,,,,,,,,,,,,,,WR,Arkansas,,,,,,,,,,,23.3,72.0,1003.0,13.9,7.0,,,,,,,,,,,,,,,,,16.275,23.0,1.0,1.0
Kevin Dorsey,,GNB,7,224,2013,Maryland,2009,2012,47.0,,,,,,,,,,,,,,WR,Maryland,,,,,,,,,,,23.1,81.0,1088.0,13.4,9.0,,,,,,,,,,,,,,,,,0.7800000000000002,23.0,0.0,0.0
Eric Herman,,NYG,7,225,2013,Ohio,2010,2012,40.0,,,,,,,,,,,,,,OL,Ohio,,,,,,,,,,,,,,,,,,,,,,,,,,,,,,,,,23.0,,
Michael Buchanan,,NWE,7,226,2013,Illinois,2009,2012,46.0,,,,,,,,,,,,,,DL,Illinois,,,,,,,,,,,,,,,,14.0,68.0,93.0,161.0,26.0,0.3043478260869565,1.4782608695652173,2.0217391304347827,3.5,0.5652173913043478,,,,,,,-9.8,22.0,2.0,2.0
Jawan Jamison,,WAS,7,228,2013,Rutgers,2011,2012,25.0,,,,,,,,,,,,,,RB,Rutgers,486.0,1972.0,4.1,13.0,36.0,385.0,10.7,2.0,78.9,15.4,,,,,,,,,,,,,,,,,,,,,,0.2962962962962963,21.0,,
Everette Dawkins,,MIN,7,229,2013,Florida State,2008,2012,57.0,,,,,,,,,,,,,,DL,Florida State,,,,,,,,,,,,,,,,7.0,59.0,47.0,106.0,15.0,0.1228070175438596,1.0350877192982455,0.8245614035087719,1.8596491228070176,0.2631578947368421,,,,,,,,23.0,,0.0
Kerwynn Williams,,CLT,7,230,2013,Utah State,2009,2012,49.0,,,,,,,,,,,,,,RB,Utah State,382.0,2515.0,6.6,22.0,64.0,870.0,13.6,5.0,51.3,17.8,,,,,,,,,,,,,,,,,,,,,,-5.990322580645161,22.0,0.0,6.0
Sam Barrington,,GNB,7,232,2013,South Florida,2009,2012,49.0,,,,,,,,,,,,,,LB,South Florida,,,,,,,,,,,,,,,,6.5,151.0,107.0,258.0,21.5,0.1326530612244898,3.0816326530612246,2.183673469387755,5.26530612244898,0.4387755102040816,,,,,,,9.7,22.0,4.0,4.0
Zac Dysert,132.4,DEN,7,234,2013,Miami (OH),2009,2012,46.0,1066.0,1672.0,606.0,63.8,12013.0,73.0,51.0,4.4,3.1,7.2,6.69,11.3,261.2,QB,Miami (OH),,,,,,,,,,,,,,,,,,,,,,,,,,,,,,,,-11.569999999999999,23.0,,
Steve Beauharnais,,NWE,7,235,2013,Rutgers,2009,2012,51.0,,,,,,,,,,,,,,LB,Rutgers,,,,,,,,,,,,,,,,12.5,128.0,146.0,274.0,35.0,0.2450980392156862,2.5098039215686274,2.8627450980392157,5.372549019607843,0.6862745098039216,,,,,,,1.4384615384615385,23.0,0.0,0.0
Marquess Wilson,,CHI,7,236,2013,Washington State,2010,2012,33.0,,,,,,,,,,,,,,WR,Washington State,,,,,,,,,,,97.2,189.0,3207.0,17.0,23.0,,,,,,,,,,,,,,,,,-3.8,20.0,6.0,6.0
B.J. Daniels,128.2,SFO,7,237,2013,South Florida,2008,2012,47.0,649.0,1132.0,483.0,57.3,8433.0,52.0,39.0,4.6,3.4,7.4,6.82,13.0,179.4,QB,South Florida,,,,,,,,,,,,,,,,,,,,,,,,,,,,,,,,-6.043165467625899,24.0,,0.0
David King,,PHI,7,239,2013,Oklahoma,2009,2012,43.0,,,,,,,,,,,,,,DL,Oklahoma,,,,,,,,,,,,,,,,4.5,35.0,35.0,70.0,7.0,0.1046511627906976,0.813953488372093,0.813953488372093,1.627906976744186,0.1627906976744186,,,,,,,-19.7,23.0,,1.0
Kemal Ishmael,,ATL,7,243,2013,UCF,2009,2012,53.0,,,,,,,,,,,,,,DB,UCF,,,,,,,,,,,,,,,,,,,,,,,,,,6.0,58.0,0.0,3.0,0.1132075471698113,0.0566037735849056,1.9999999999999998,22.0,13.0,13.0
Zeke Motta,,ATL,7,244,2013,Notre Dame,2009,2012,51.0,,,,,,,,,,,,,,DB,Notre Dame,,,,,,,,,,,,,,,,,,,,,,,,,,2.0,0.0,0.0,6.0,0.0392156862745098,0.1176470588235294,16.85,23.0,1.0,1.0
Carter Bykowski,,SFO,7,246,2013,Iowa State,2008,2008,11.0,,,,,,,,,,,,,,TE,Iowa State,,,,,,,,,,,1.9,3.0,21.0,7.0,0.0,,,,,,,,,,,,,,,,,0.8000000000000004,23.0,,
Carter Bykowski,,SFO,7,246,2013,Iowa State,2011,2012,26.0,,,,,,,,,,,,,,OL,Iowa State,,,,,,,,,,,,,,,,,,,,,,,,,,,,,,,,0.8000000000000004,23.0,,
Marc Anthony,,RAV,7,247,2013,California,2010,2012,33.0,,,,,,,,,,,,,,DB,California,,,,,,,,,,,,,,,,,,,,,,,,,,5.0,96.0,1.0,17.0,0.1515151515151515,0.5151515151515151,9.166666666666666,23.0,,
Daimion Stafford,,OTI,7,248,2013,Nebraska,2011,2012,27.0,,,,,,,,,,,,,,DB,Nebraska,,,,,,,,,,,,,,,,,,,,,,,,,,4.0,28.0,0.0,10.0,0.1481481481481481,0.3703703703703703,20.3,22.0,7.0,7.0
Sean Renfree,128.2,ATL,7,249,2013,Duke,2009,2012,42.0,898.0,1389.0,491.0,64.7,9465.0,51.0,40.0,3.7,2.9,6.8,6.25,10.5,225.4,QB,Duke,,,,,,,,,,,,,,,,,,,,,,,,,,,,,,,,-9.025,23.0,0.0,0.0
Don Jones,,MIA,7,250,2013,Arkansas State,2009,2009,10.0,,,,,,,,,,,,,,RB,Arkansas State,24.0,149.0,6.2,2.0,12.0,146.0,12.2,1.0,14.9,14.6,,,,,,,,,,,,,,,,,,,,,,-7.152941176470588,23.0,1.0,2.0
Don Jones,,MIA,7,250,2013,Arkansas State,2008,2012,27.0,,,,,,,,,,,,,,DB,Arkansas State,,,,,,,,,,,,,,,,,,,,,,,,,,2.0,29.0,0.0,,0.074074074074074,,-7.152941176470588,23.0,1.0,2.0
Marcus Cooper,,SFO,7,252,2013,Rutgers,2010,2012,35.0,,,,,,,,,,,,,,DB,Rutgers,,,,,,,,,,,,,,,,,,,,,,,,,,1.0,0.0,0.0,2.0,0.0285714285714285,0.0571428571428571,,23.0,,14.0
Michael Cox,,NYG,7,253,2013,Massachusetts,2009,2012,27.0,,,,,,,,,,,,,,RB,MassachusettsMichigan,217.0,879.0,4.1,7.0,14.0,74.0,5.3,0.0,32.6,2.7,,,,,,,,,,,,,,,,,,,,,,-4.116666666666666,24.0,0.0,0.0
Justice Cunningham,,CLT,7,254,2013,South Carolina,2009,2012,53.0,,,,,,,,,,,,,,TE,South Carolina,,,,,,,,,,,11.0,50.0,581.0,11.6,1.0,,,,,,,,,,,,,,,,,16.9,22.0,0.0,0.0
Jadeveon Clowney,,HTX,1,1,2014,South Carolina,2011,2013,36.0,,,,,,,,,,,,,,DL,South Carolina,,,,,,,,,,,,,,,,24.0,85.0,44.0,129.0,47.0,0.6666666666666666,2.361111111111111,1.2222222222222223,3.5833333333333335,1.3055555555555556,,,,,,,,21.0,38.0,63.0
Greg Robinson,,RAM,1,2,2014,Auburn,2012,2012,12.0,,,,,,,,,,,,,,OL,Auburn,,,,,,,,,,,,,,,,,,,,,,,,,,,,,,,,,21.0,13.0,24.0
Blake Bortles,153.8,JAX,1,3,2014,UCF,2011,2013,37.0,585.0,891.0,306.0,65.7,7598.0,56.0,19.0,6.3,2.1,8.5,8.82,13.0,205.4,QB,UCF,,,,,,,,,,,,,,,,,,,,,,,,,,,,,,,,7.704878048780487,22.0,44.0,44.0
Sammy Watkins,,BUF,1,4,2014,Clemson,2011,2013,36.0,,,,,,,,,,,,,,WR,Clemson,,,,,,,,,,,94.2,240.0,3391.0,14.1,27.0,,,,,,,,,,,,,,,,,16.933333333333334,21.0,20.0,43.0
Khalil Mack,,RAI,1,5,2014,Buffalo,2010,2013,48.0,,,,,,,,,,,,,,LB,Buffalo,,,,,,,,,,,,,,,,28.5,185.0,142.0,327.0,74.5,0.59375,3.8541666666666665,2.9583333333333335,6.8125,1.5520833333333333,,,,,,,-14.25,23.0,41.0,105.0
Jake Matthews,,ATL,1,6,2014,Texas A&M,2014,2016,33.0,,,,,,,,,,,,,,LB,Arizona,,,,,,,,,,,,,,,,3.0,69.0,38.0,107.0,3.5,0.0909090909090909,2.090909090909091,1.1515151515151516,3.242424242424242,0.106060606060606,,,,,,,-4.5,22.0,75.0,75.0
Mike Evans,,TAM,1,7,2014,Texas A&M,2012,2013,26.0,,,,,,,,,,,,,,WR,Texas A&M,,,,,,,,,,,96.1,151.0,2499.0,16.5,17.0,,,,,,,,,,,,,,,,,16.236363636363635,21.0,80.0,80.0
Justin Gilbert,,CLE,1,8,2014,Oklahoma State,2010,2013,51.0,,,,,,,,,,,,,,DB,Oklahoma State,,,,,,,,,,,,,,,,,,,,,,,,,,12.0,180.0,2.0,18.0,0.2352941176470588,0.3529411764705882,19.2625,22.0,3.0,4.0
Anthony Barr,,MIN,1,9,2014,UCLA,2011,2011,12.0,,,,,,,,,,,,,,RB,UCLA,9.0,25.0,2.8,1.0,3.0,16.0,5.3,1.0,2.1,1.3,,,,,,,,,,,,,,,,,,,,,,5.92,22.0,52.0,56.0
Anthony Barr,,MIN,1,9,2014,UCLA,2010,2010,12.0,,,,,,,,,,,,,,WR,UCLA,,,,,,,,,,,5.5,9.0,66.0,7.3,0.0,,,,,,,,,,,,,,,,,5.92,22.0,52.0,56.0
Anthony Barr,,MIN,1,9,2014,UCLA,2012,2013,26.0,,,,,,,,,,,,,,LB,UCLA,,,,,,,,,,,,,,,,23.5,103.0,46.0,149.0,41.5,0.903846153846154,3.9615384615384617,1.7692307692307692,5.730769230769231,1.5961538461538465,,,,,,,5.92,22.0,52.0,56.0
Eric Ebron,,DET,1,10,2014,North Carolina,2011,2013,34.0,,,,,,,,,,,,,,TE,North Carolina,,,,,,,,,,,53.1,112.0,1805.0,16.1,8.0,,,,,,,,,,,,,,,,,11.975,21.0,15.0,29.0
Taylor Lewan,,OTI,1,11,2014,Michigan,2010,2012,24.0,,,,,,,,,,,,,,OL,Michigan,,,,,,,,,,,,,,,,,,,,,,,,,,,,,,,,14.1,23.0,48.0,48.0
Odell Beckham Jr.,,NYG,1,12,2014,LSU,2011,2013,40.0,,,,,,,,,,,,,,WR,LSU,,,,,,,,,,,58.5,143.0,2340.0,16.4,12.0,,,,,,,,,,,,,,,,,28.522580645161288,21.0,41.0,59.0
Aaron Donald,,RAM,1,13,2014,Pitt,2010,2013,51.0,,,,,,,,,,,,,,DL,Pitt,,,,,,,,,,,,,,,,29.5,115.0,66.0,181.0,66.0,0.5784313725490197,2.2549019607843137,1.2941176470588236,3.549019607843137,1.2941176470588236,,,,,,,,23.0,123.0,123.0
Kyle Fuller,,CHI,1,14,2014,Virginia Tech,2010,2013,46.0,,,,,,,,,,,,,,DB,Virginia Tech,,,,,,,,,,,,,,,,,,,,,,,,,,6.0,10.0,0.0,21.0,0.1304347826086956,0.4565217391304347,14.704545454545455,22.0,45.0,48.0
Ryan Shazier,,PIT,1,15,2014,Ohio State,2011,2013,39.0,,,,,,,,,,,,,,LB,Ohio State,,,,,,,,,,,,,,,,15.0,210.0,107.0,317.0,45.5,0.3846153846153846,5.384615384615385,2.7435897435897436,8.128205128205128,1.1666666666666667,,,,,,,17.91111111111111,22.0,27.0,27.0
Zack Martin,,DAL,1,16,2014,Notre Dame,2010,2011,26.0,,,,,,,,,,,,,,OL,Notre Dame,,,,,,,,,,,,,,,,,,,,,,,,,,,,,,,,-10.7,23.0,103.0,103.0
C.J. Mosley,,RAV,1,17,2014,Alabama,2010,2013,51.0,,,,,,,,,,,,,,LB,Alabama,,,,,,,,,,,,,,,,6.5,175.0,142.0,317.0,23.0,0.1274509803921568,3.4313725490196076,2.784313725490196,6.215686274509804,0.4509803921568627,,,,,,,33.03333333333333,22.0,59.0,81.0
Calvin Pryor,,NYJ,1,18,2014,Louisville,2011,2013,36.0,,,,,,,,,,,,,,DB,Louisville,,,,,,,,,,,,,,,,,,,,,,,,,,7.0,61.0,0.0,9.0,0.1944444444444444,0.25,,22.0,13.0,13.0
Ja'Wuan James,,MIA,1,19,2014,Tennessee,2010,2012,37.0,,,,,,,,,,,,,,OL,Tennessee,,,,,,,,,,,,,,,,,,,,,,,,,,,,,,,,,22.0,26.0,27.0
Brandin Cooks,,NOR,1,20,2014,Oregon State,2011,2013,38.0,,,,,,,,,,,,,,WR,Oregon State,,,,,,,,,,,86.1,226.0,3272.0,14.5,24.0,,,,,,,,,,,,,,,,,4.853191489361702,20.0,21.0,73.0
Ha Ha Clinton-Dix,,GNB,1,21,2014,Alabama,2011,2013,38.0,,,,,,,,,,,,,,DB,Alabama,,,,,,,,,,,,,,,,,,,,,,,,,,7.0,115.0,0.0,15.0,0.1842105263157894,0.3947368421052631,35.3,21.0,24.0,34.0
Johnny Manziel,164.1,CLE,1,22,2014,Texas A&M,2012,2013,26.0,595.0,863.0,268.0,68.9,7820.0,63.0,22.0,7.3,2.5,9.1,9.37,13.1,300.8,QB,Texas A&M,,,,,,,,,,,,,,,,,,,,,,,,,,,,,,,,25.548387096774192,21.0,4.0,4.0
Dee Ford,,KAN,1,23,2014,Auburn,2009,2013,52.0,,,,,,,,,,,,,,DL,Auburn,,,,,,,,,,,,,,,,20.5,60.0,33.0,93.0,27.5,0.3942307692307692,1.1538461538461535,0.6346153846153846,1.7884615384615383,0.5288461538461539,,,,,,,17.4,23.0,21.0,23.0
Darqueze Dennard,,CIN,1,24,2014,Michigan State,2010,2013,43.0,,,,,,,,,,,,,,DB,Michigan State,,,,,,,,,,,,,,,,,,,,,,,,,,10.0,125.0,1.0,13.0,0.2325581395348837,0.3023255813953488,17.433333333333334,22.0,12.0,13.0
Jason Verrett,,SDG,1,25,2014,Texas Christian,2011,2013,37.0,,,,,,,,,,,,,,DB,Texas Christian,,,,,,,,,,,,,,,,,,,,,,,,,,9.0,35.0,0.0,17.0,0.2432432432432432,0.4594594594594595,13.666666666666666,23.0,13.0,17.0
Marcus Smith,,PHI,1,26,2014,Louisville,2011,2013,36.0,,,,,,,,,,,,,,DL,Louisville,,,,,,,,,,,,,,,,25.5,57.0,25.0,82.0,32.5,0.7083333333333334,1.5833333333333333,0.6944444444444444,2.2777777777777777,0.9027777777777778,,,,,,,-12.359375,22.0,3.0,4.0
Deone Bucannon,,CRD,1,27,2014,Washington State,2010,2013,49.0,,,,,,,,,,,,,,DB,Washington State,,,,,,,,,,,,,,,,,,,,,,,,,,15.0,170.0,0.0,9.0,0.3061224489795918,0.1836734693877551,-1.3250000000000004,22.0,29.0,32.0
Kelvin Benjamin,,CAR,1,28,2014,Florida State,2012,2013,28.0,,,,,,,,,,,,,,WR,Florida State,,,,,,,,,,,53.8,84.0,1506.0,17.9,19.0,,,,,,,,,,,,,,,,,33.36666666666667,23.0,18.0,22.0
Dominique Easley,,NWE,1,29,2014,Florida,2010,2013,31.0,,,,,,,,,,,,,,DL,Florida,,,,,,,,,,,,,,,,5.5,38.0,34.0,72.0,18.0,0.1774193548387097,1.2258064516129032,1.096774193548387,2.3225806451612905,0.5806451612903226,,,,,,,14.7,22.0,4.0,7.0
Jimmie Ward,,SFO,1,30,2014,Northern Illinois,2010,2013,54.0,,,,,,,,,,,,,,DB,Northern Illinois,,,,,,,,,,,,,,,,,,,,,,,,,,11.0,142.0,1.0,14.0,0.2037037037037037,0.2592592592592592,6.027272727272727,23.0,25.0,31.0
Bradley Roby,,DEN,1,31,2014,Ohio State,2011,2013,36.0,,,,,,,,,,,,,,DB,Ohio State,,,,,,,,,,,,,,,,,,,,,,,,,,8.0,226.0,2.0,19.0,0.2222222222222222,0.5277777777777778,24.4875,22.0,14.0,26.0
Teddy Bridgewater,157.2,MIN,1,32,2014,Louisville,2011,2013,39.0,781.0,1142.0,361.0,68.4,9817.0,72.0,24.0,6.3,2.1,8.6,8.91,12.6,251.7,QB,Louisville,,,,,,,,,,,,,,,,,,,,,,,,,,,,,,,,13.966666666666667,21.0,22.0,49.0
Demarcus Lawrence,,DAL,2,34,2014,Boise State,2012,2013,23.0,,,,,,,,,,,,,,DL,Boise State,,,,,,,,,,,,,,,,20.0,63.0,57.0,120.0,34.0,0.8695652173913043,2.739130434782609,2.4782608695652173,5.217391304347826,1.4782608695652173,,,,,,,,22.0,65.0,78.0
Joel Bitonio,,CLE,2,35,2014,Nevada,2010,2013,28.0,,,,,,,,,,,,,,OL,Nevada,,,,,,,,,,,,,,,,,,,,,,,,,,,,,,,,,22.0,75.0,75.0
Derek Carr,152.8,RAI,2,36,2014,Fresno State,2009,2013,44.0,1087.0,1630.0,543.0,66.7,12843.0,113.0,24.0,6.9,1.5,7.9,8.6,11.8,291.9,QB,Fresno State,,,,,,,,,,,,,,,,,,,,,,,,,,,,,,,,5.086153846153847,23.0,80.0,93.0
Ra'Shede Hageman,,ATL,2,37,2014,Minnesota,2010,2013,46.0,,,,,,,,,,,,,,DL,Minnesota,,,,,,,,,,,,,,,,10.0,57.0,34.0,91.0,24.0,0.217391304347826,1.2391304347826086,0.7391304347826086,1.9782608695652173,0.5217391304347826,,,,,,,2.5,24.0,8.0,8.0
Austin Seferian-Jenkins,,TAM,2,38,2014,Washington,2011,2013,38.0,,,,,,,,,,,,,,TE,Washington,,,,,,,,,,,48.4,146.0,1840.0,12.6,21.0,,,,,,,,,,,,,,,,,10.166666666666666,21.0,5.0,9.0
Marqise Lee,,JAX,2,39,2014,USC,2011,2013,36.0,,,,,,,,,,,,,,WR,USC,,,,,,,,,,,101.5,248.0,3655.0,14.7,29.0,,,,,,,,,,,,,,,,,22.98,22.0,17.0,17.0
Kyle Van Noy,,DET,2,40,2014,BYU,2010,2013,52.0,,,,,,,,,,,,,,LB,BYU,,,,,,,,,,,,,,,,25.0,157.0,69.0,226.0,61.5,0.4807692307692308,3.019230769230769,1.3269230769230769,4.346153846153846,1.1826923076923077,,,,,,,9.100000000000001,23.0,4.0,62.0
Lamarcus Joyner,,RAM,2,41,2014,Florida State,2010,2013,55.0,,,,,,,,,,,,,,DB,Florida State,,,,,,,,,,,,,,,,,,,,,,,,,,8.0,80.0,0.0,10.0,0.1454545454545454,0.1818181818181818,27.950000000000003,23.0,15.0,26.0
Jordan Matthews,,PHI,2,42,2014,Vanderbilt,2010,2013,51.0,,,,,,,,,,,,,,WR,Vanderbilt,,,,,,,,,,,73.7,262.0,3759.0,14.3,24.0,,,,,,,,,,,,,,,,,6.6375,22.0,21.0,23.0
Weston Richburg,,NYG,2,43,2014,Colorado State,2013,2013,1.0,,,,,,,,,,,,,,OL,Colorado State,,,,,,,,,,,,,,,,,,,,,,,,,,,,,,,,,23.0,21.0,33.0
Paul Richardson,,SEA,2,45,2014,Colorado,2010,2013,33.0,,,,,,,,,,,,,,TE,Colorado,,,,,,,,,,,73.1,156.0,2412.0,15.5,21.0,,,,,,,,,,,,,,,,,-3.8785714285714286,22.0,11.0,14.0
Stephon Tuitt,,PIT,2,46,2014,Notre Dame,2011,2013,35.0,,,,,,,,,,,,,,DL,Notre Dame,,,,,,,,,,,,,,,,21.5,59.0,67.0,126.0,25.0,0.6142857142857143,1.6857142857142855,1.9142857142857144,3.6,0.7142857142857143,,,,,,,13.2,21.0,38.0,38.0
Trent Murphy,,WAS,2,47,2014,Stanford,2010,2013,43.0,,,,,,,,,,,,,,DL,Stanford,,,,,,,,,,,,,,,,32.5,102.0,58.0,160.0,52.5,0.7558139534883721,2.372093023255814,1.3488372093023255,3.720930232558139,1.2209302325581397,,,,,,,18.5,23.0,11.0,33.0
Timmy Jernigan,,RAV,2,48,2014,Florida State,2011,2013,40.0,,,,,,,,,,,,,,DL,Florida State,,,,,,,,,,,,,,,,8.5,73.0,65.0,138.0,25.0,0.2125,1.825,1.625,3.45,0.625,,,,,,,,21.0,14.0,25.0
Jace Amaro,,NYJ,2,49,2014,Texas Tech,2011,2013,32.0,,,,,,,,,,,,,,TE,Texas Tech,,,,,,,,,,,56.8,138.0,1818.0,13.2,13.0,,,,,,,,,,,,,,,,,11.933333333333334,22.0,3.0,4.0
Jeremiah Attaochu,,SDG,2,50,2014,Georgia Tech,2010,2013,49.0,,,,,,,,,,,,,,LB,Georgia Tech,,,,,,,,,,,,,,,,31.5,134.0,62.0,196.0,43.5,0.6428571428571429,2.7346938775510203,1.2653061224489797,4.0,0.8877551020408163,,,,,,,,21.0,8.0,15.0
Ego Ferguson,,CHI,2,51,2014,LSU,2011,2013,38.0,,,,,,,,,,,,,,DL,LSU,,,,,,,,,,,,,,,,1.0,24.0,61.0,85.0,5.0,0.0263157894736842,0.631578947368421,1.605263157894737,2.236842105263158,0.131578947368421,,,,,,,,22.0,2.0,2.0
Troy Niklas,,CRD,2,52,2014,Notre Dame,2012,2013,26.0,,,,,,,,,,,,,,TE,Notre Dame,,,,,,,,,,,22.0,37.0,573.0,15.5,6.0,,,,,,,,,,,,,,,,,16.2,21.0,1.0,1.0
Troy Niklas,,CRD,2,52,2014,Notre Dame,2011,2011,12.0,,,,,,,,,,,,,,LB,Notre Dame,,,,,,,,,,,,,,,,0.0,8.0,12.0,20.0,0.0,0.0,0.6666666666666666,1.0,1.6666666666666667,0.0,,,,,,,16.2,21.0,1.0,1.0
Davante Adams,,GNB,2,53,2014,Fresno State,2012,2013,26.0,,,,,,,,,,,,,,WR,Fresno State,,,,,,,,,,,116.6,233.0,3031.0,13.0,38.0,,,,,,,,,,,,,,,,,10.033333333333333,21.0,59.0,92.0
Bishop Sankey,,OTI,2,54,2014,Washington,2011,2013,38.0,,,,,,,,,,,,,,RB,Washington,644.0,3496.0,5.4,37.0,67.0,567.0,8.5,1.0,92.0,14.9,,,,,,,,,,,,,,,,,,,,,,9.271428571428572,21.0,6.0,6.0
Jeremy Hill,,CIN,2,55,2014,LSU,2012,2013,24.0,,,,,,,,,,,,,,RB,LSU,345.0,2156.0,6.2,28.0,26.0,254.0,9.8,0.0,89.8,10.6,,,,,,,,,,,,,,,,,,,,,,17.5,21.0,21.0,21.0
Cody Latimer,,DEN,2,56,2014,Indiana,2011,2013,32.0,,,,,,,,,,,,,,WR,Indiana,,,,,,,,,,,63.8,135.0,2042.0,15.1,17.0,,,,,,,,,,,,,,,,,-9.249999999999998,21.0,3.0,6.0
Carlos Hyde,,SFO,2,57,2014,Ohio State,2010,2013,41.0,,,,,,,,,,,,,,RB,Ohio State,523.0,3198.0,6.1,37.0,34.0,271.0,8.0,4.0,78.0,6.6,,,,,,,,,,,,,,,,,,,,,,21.75,23.0,18.0,32.0
Stanley Jean-Baptiste,,NOR,2,58,2014,Nebraska,2011,2011,9.0,,,,,,,,,,,,,,WR,Nebraska,,,,,,,,,,,0.8,1.0,7.0,7.0,0.0,,,,,,,,,,,,,,,,,15.182352941176472,24.0,0.0,0.0
Stanley Jean-Baptiste,,NOR,2,58,2014,Nebraska,2012,2013,26.0,,,,,,,,,,,,,,DB,Nebraska,,,,,,,,,,,,,,,,,,,,,,,,,,6.0,182.0,2.0,12.0,0.2307692307692307,0.4615384615384615,15.182352941176472,24.0,0.0,0.0
Kony Ealy,,CAR,2,60,2014,Missouri,2011,2013,39.0,,,,,,,,,,,,,,DL,Missouri,,,,,,,,,,,,,,,,13.5,56.0,40.0,96.0,28.0,0.3461538461538461,1.435897435897436,1.0256410256410255,2.4615384615384617,0.717948717948718,,,,,,,19.3,22.0,10.0,12.0
Allen Robinson,,JAX,2,61,2014,Penn State,2011,2013,35.0,,,,,,,,,,,,,,WR,Penn State,,,,,,,,,,,70.8,177.0,2479.0,14.0,17.0,,,,,,,,,,,,,,,,,10.85,21.0,18.0,48.0
Jarvis Landry,,MIA,2,63,2014,LSU,2011,2013,40.0,,,,,,,,,,,,,,WR,LSU,,,,,,,,,,,45.2,137.0,1809.0,13.2,15.0,,,,,,,,,,,,,,,,,28.025,21.0,28.0,56.0
Justin Britt,,SEA,2,64,2014,Missouri,2011,2012,22.0,,,,,,,,,,,,,,OL,Missouri,,,,,,,,,,,,,,,,,,,,,,,,,,,,,,,,15.0,23.0,39.0,41.0
C.J. Fiedorowicz,,HTX,3,65,2014,Iowa,2010,2013,51.0,,,,,,,,,,,,,,TE,Iowa,,,,,,,,,,,17.6,91.0,899.0,9.9,10.0,,,,,,,,,,,,,,,,,11.9,22.0,6.0,6.0
Morgan Moses,,WAS,3,66,2014,Virginia,2011,2011,13.0,,,,,,,,,,,,,,OL,Virginia,,,,,,,,,,,,,,,,,,,,,,,,,,,,,,,,,23.0,36.0,65.0
Dezmen Southward,,ATL,3,68,2014,Wisconsin,2010,2013,52.0,,,,,,,,,,,,,,DB,Wisconsin,,,,,,,,,,,,,,,,,,,,,,,,,,2.0,31.0,0.0,7.0,0.0384615384615384,0.1346153846153846,18.45,23.0,1.0,1.0
Charles Sims,,TAM,3,69,2014,West Virginia,2009,2013,48.0,,,,,,,,,,,,,,RB,HoustonWest Virginia,592.0,3465.0,5.9,40.0,203.0,2108.0,10.4,11.0,72.2,43.9,,,,,,,,,,,,,,,,,,,,,,1.4096153846153845,23.0,13.0,13.0
Marcus Martin,,SFO,3,70,2014,USC,2013,2013,1.0,,,,,,,,,,,,,,G,USC,,,,,,,,,,,,,,,,,,,,,,,,,,,,,,,,,20.0,11.0,11.0
Christian Kirksey,,CLE,3,71,2014,Iowa,2010,2013,49.0,,,,,,,,,,,,,,LB,Iowa,,,,,,,,,,,,,,,,5.5,151.0,164.0,315.0,13.5,0.1122448979591836,3.0816326530612246,3.346938775510204,6.428571428571429,0.2755102040816326,,,,,,,12.288235294117648,22.0,22.0,40.0
Scott Crichton,,MIN,3,72,2014,Oregon State,2011,2013,38.0,,,,,,,,,,,,,,DL,Oregon State,,,,,,,,,,,,,,,,23.5,100.0,65.0,165.0,51.0,0.618421052631579,2.6315789473684212,1.7105263157894737,4.342105263157895,1.3421052631578947,,,,,,,,22.0,2.0,2.0
Preston Brown,,BUF,3,73,2014,Louisville,2012,2013,26.0,,,,,,,,,,,,,,LB,Louisville,,,,,,,,,,,,,,,,5.0,121.0,82.0,203.0,16.0,0.1923076923076923,4.653846153846154,3.1538461538461537,7.8076923076923075,0.6153846153846154,,,,,,,9.321428571428571,21.0,28.0,34.0
Preston Brown,,BUF,3,73,2014,Louisville,2010,2011,26.0,,,,,,,,,,,,,,DB,Louisville,,,,,,,,,,,,,,,,,,,,,,,,,,0.0,0.0,0.0,,0.0,,9.321428571428571,21.0,28.0,34.0
Jay Bromley,,NYG,3,74,2014,Syracuse,2010,2013,50.0,,,,,,,,,,,,,,DL,Syracuse,,,,,,,,,,,,,,,,13.0,70.0,50.0,120.0,24.5,0.26,1.4,1.0,2.4,0.49,,,,,,,,22.0,5.0,5.0
Tre Mason,,RAM,3,75,2014,Auburn,2011,2013,38.0,,,,,,,,,,,,,,RB,Auburn,516.0,2979.0,5.8,32.0,19.0,249.0,13.1,1.0,78.4,6.6,,,,,,,,,,,,,,,,,,,,,,13.5,21.0,8.0,8.0
Travis Swanson,,DET,3,76,2014,Arkansas,2012,2012,12.0,,,,,,,,,,,,,,OL,Arkansas,,,,,,,,,,,,,,,,,,,,,,,,,,,,,,,,,23.0,20.0,23.0
Chris Borland,,SFO,3,77,2014,Wisconsin,2009,2013,54.0,,,,,,,,,,,,,,LB,Wisconsin,,,,,,,,,,,,,,,,17.0,233.0,187.0,420.0,50.0,0.3148148148148148,4.314814814814815,3.462962962962963,7.777777777777778,0.925925925925926,,,,,,,19.772972972972973,23.0,6.0,6.0
Spencer Long,,WAS,3,78,2014,Nebraska,2012,2013,15.0,,,,,,,,,,,,,,OL,Nebraska,,,,,,,,,,,,,,,,,,,,,,,,,,,,,,,,,23.0,16.0,22.0
Terrence Brooks,,RAV,3,79,2014,Florida State,2010,2013,49.0,,,,,,,,,,,,,,DB,Florida State,,,,,,,,,,,,,,,,,,,,,,,,,,5.0,28.0,0.0,11.0,0.1020408163265306,0.2244897959183673,30.7,22.0,2.0,8.0
Dexter McDougle,,NYJ,3,80,2014,Maryland,2010,2013,38.0,,,,,,,,,,,,,,DB,Maryland,,,,,,,,,,,,,,,,,,,,,,,,,,6.0,49.0,1.0,11.0,0.1578947368421052,0.2894736842105263,1.7611111111111115,23.0,1.0,2.0
Gabe Jackson,,RAI,3,81,2014,Mississippi State,2010,2013,40.0,,,,,,,,,,,,,,OL,Mississippi State,,,,,,,,,,,,,,,,,,,,,,,,,,,,,,,,10.6,23.0,36.0,47.0
Will Sutton,,CHI,3,82,2014,Arizona State,2009,2013,51.0,,,,,,,,,,,,,,DL,Arizona State,,,,,,,,,,,,,,,,20.5,95.0,66.0,161.0,45.5,0.4019607843137255,1.8627450980392155,1.2941176470588236,3.156862745098039,0.8921568627450981,,,,,,,17.5,22.0,8.0,8.0
Louis Nix III,,HTX,3,83,2014,Notre Dame,2011,2013,34.0,,,,,,,,,,,,,,DL,Notre Dame,,,,,,,,,,,,,,,,2.5,43.0,79.0,122.0,14.0,0.0735294117647058,1.2647058823529411,2.323529411764706,3.588235294117647,0.4117647058823529,,,,,,,,23.0,,0.0
Kareem Martin,,CRD,3,84,2014,North Carolina,2010,2013,49.0,,,,,,,,,,,,,,DL,North Carolina,,,,,,,,,,,,,,,,19.5,92.0,86.0,178.0,45.5,0.3979591836734694,1.8775510204081631,1.7551020408163265,3.63265306122449,0.9285714285714286,,,,,,,,22.0,9.0,12.0
Khyri Thornton,,GNB,3,85,2014,Southern Mississippi,2010,2013,49.0,,,,,,,,,,,,,,DL,Southern Mississippi,,,,,,,,,,,,,,,,5.5,58.0,58.0,116.0,30.0,0.1122448979591836,1.183673469387755,1.183673469387755,2.36734693877551,0.6122448979591837,,,,,,,-18.6,24.0,,3.0
Josh Huff,,PHI,3,86,2014,Oregon,2010,2013,49.0,,,,,,,,,,,,,,WR,Oregon,,,,,,,,,,,48.3,144.0,2366.0,16.4,24.0,,,,,,,,,,,,,,,,,28.033333333333335,22.0,6.0,6.0
Phillip Gaines,,KAN,3,87,2014,Rice,2009,2013,51.0,,,,,,,,,,,,,,DB,Rice,,,,,,,,,,,,,,,,,,,,,,,,,,4.0,2.0,0.0,38.0,0.0784313725490196,0.7450980392156863,-1.5,23.0,6.0,10.0
Will Clarke,,CIN,3,88,2014,West Virginia,2013,2013,12.0,,,,,,,,,,,,,,DL,West Virginia,,,,,,,,,,,,,,,,6.0,36.0,14.0,50.0,17.0,0.5,3.0,1.1666666666666667,4.166666666666667,1.4166666666666667,,,,,,,,23.0,4.0,6.0
Will Clarke,,CIN,3,88,2014,West Virginia,2011,2012,25.0,,,,,,,,,,,,,,DB,West Virginia,,,,,,,,,,,,,,,,,,,,,,,,,,0.0,0.0,0.0,5.0,0.0,0.2,,23.0,4.0,6.0
Chris Watt,,SDG,3,89,2014,Notre Dame,2011,2011,13.0,,,,,,,,,,,,,,OL,Notre Dame,,,,,,,,,,,,,,,,,,,,,,,,,,,,,,,,,24.0,5.0,5.0
Donte Moncrief,,CLT,3,90,2014,Ole Miss,2011,2013,38.0,,,,,,,,,,,,,,WR,Ole Miss,,,,,,,,,,,62.4,156.0,2371.0,15.2,20.0,,,,,,,,,,,,,,,,,5.633333333333334,21.0,15.0,18.0
Trai Turner,,CAR,3,92,2014,LSU,2013,2013,1.0,,,,,,,,,,,,,,G,LSU,,,,,,,,,,,,,,,,,,,,,,,,,,,,,,,,,21.0,41.0,51.0
Brandon Linder,,JAX,3,93,2014,Miami (FL),2013,2013,1.0,,,,,,,,,,,,,,OL,Miami (FL),,,,,,,,,,,,,,,,,,,,,,,,,,,,,,,,,22.0,31.0,31.0
Michael Schofield,,DEN,3,95,2014,Michigan,2011,2012,26.0,,,,,,,,,,,,,,OL,Michigan,,,,,,,,,,,,,,,,,,,,,,,,,,,,,,,,,23.0,10.0,38.0
Dri Archer,,PIT,3,97,2014,Kent State,2009,2013,47.0,,,,,,,,,,,,,,RB,Kent State,325.0,2342.0,7.2,24.0,99.0,1194.0,12.1,12.0,49.8,25.4,,,,,,,,,,,,,,,,,,,,,,-7.015584415584416,23.0,0.0,0.0
Richard Rodgers,,GNB,3,98,2014,California,2011,2013,35.0,,,,,,,,,,,,,,TE,California,,,,,,,,,,,25.6,59.0,896.0,15.2,2.0,,,,,,,,,,,,,,,,,0.02500000000000018,22.0,11.0,14.0
Crockett Gillmore,,RAV,3,99,2014,Colorado State,2011,2013,35.0,,,,,,,,,,,,,,TE,Colorado State,,,,,,,,,,,37.4,111.0,1308.0,11.8,8.0,,,,,,,,,,,,,,,,,-8.395454545454545,22.0,4.0,4.0
Crockett Gillmore,,RAV,3,99,2014,Colorado State,2010,2010,10.0,,,,,,,,,,,,,,DL,Colorado State,,,,,,,,,,,,,,,,1.0,8.0,3.0,11.0,2.0,0.1,0.8,0.3,1.1,0.2,,,,,,,-8.395454545454545,22.0,4.0,4.0
Brandon Thomas,,SFO,3,100,2014,Clemson,2011,2011,13.0,,,,,,,,,,,,,,OL,Clemson,,,,,,,,,,,,,,,,,,,,,,,,,,,,,,,,7.1,23.0,,
Jaylen Watkins,,PHI,4,101,2014,Florida,2010,2013,48.0,,,,,,,,,,,,,,DB,Florida,,,,,,,,,,,,,,,,,,,,,,,,,,3.0,44.0,1.0,13.0,0.0625,0.2708333333333333,20.22222222222222,22.0,3.0,5.0
Bashaud Breeland,,WAS,4,102,2014,Clemson,2011,2013,37.0,,,,,,,,,,,,,,DB,Clemson,,,,,,,,,,,,,,,,,,,,,,,,,,6.0,142.0,0.0,17.0,0.1621621621621621,0.4594594594594595,12.938461538461537,22.0,20.0,34.0
Devonta Freeman,,ATL,4,103,2014,Florida State,2011,2013,40.0,,,,,,,,,,,,,,RB,Florida State,404.0,2255.0,5.6,30.0,47.0,475.0,10.1,1.0,56.4,11.9,,,,,,,,,,,,,,,,,,,,,,30.7,22.0,45.0,49.0
Jalen Saunders,,NYJ,4,104,2014,Oklahoma,2010,2013,48.0,,,,,,,,,,,,,,WR,Fresno StateOklahoma,,,,,,,,,,,64.3,203.0,3085.0,15.2,26.0,,,,,,,,,,,,,,,,,11.516666666666667,21.0,0.0,0.0
Bryan Stork,,NWE,4,105,2014,Florida State,2011,2013,25.0,,,,,,,,,,,,,,OL,Florida State,,,,,,,,,,,,,,,,,,,,,,,,,,,,,,,,,23.0,11.0,11.0
Bruce Ellington,,SFO,4,106,2014,South Carolina,2011,2013,38.0,,,,,,,,,,,,,,WR,South Carolina,,,,,,,,,,,41.7,106.0,1586.0,15.0,16.0,,,,,,,,,,,,,,,,,18.520312500000003,23.0,2.0,7.0
Justin Ellis,,RAI,4,107,2014,Louisiana Tech,2010,2010,4.0,,,,,,,,,,,,,,OL,Louisiana Tech,,,,,,,,,,,,,,,,,,,,,,,,,,,,,,,,-0.1,23.0,19.0,25.0
Justin Ellis,,RAI,4,107,2014,Louisiana Tech,2011,2013,34.0,,,,,,,,,,,,,,DL,Louisiana Tech,,,,,,,,,,,,,,,,2.5,36.0,62.0,98.0,9.0,0.0735294117647058,1.0588235294117647,1.8235294117647056,2.8823529411764706,0.2647058823529412,,,,,,,-0.1,23.0,19.0,25.0
Cassius Marsh,,SEA,4,108,2014,UCLA,2010,2013,51.0,,,,,,,,,,,,,,DL,UCLA,,,,,,,,,,,,,,,,15.0,96.0,53.0,149.0,22.5,0.2941176470588235,1.8823529411764703,1.03921568627451,2.92156862745098,0.4411764705882353,,,,,,,17.4,22.0,5.0,13.0
Ross Cockrell,,BUF,4,109,2014,Duke,2010,2013,49.0,,,,,,,,,,,,,,DB,Duke,,,,,,,,,,,,,,,,,,,,,,,,,,12.0,80.0,1.0,28.0,0.2448979591836734,0.5714285714285714,-6.25,23.0,0.0,20.0
Maurice Alexander,,RAM,4,110,2014,Utah State,2011,2011,12.0,,,,,,,,,,,,,,LB,Utah State,,,,,,,,,,,,,,,,3.0,27.0,18.0,45.0,7.0,0.25,2.25,1.5,3.75,0.5833333333333334,,,,,,,-9.531147540983607,23.0,10.0,11.0
Maurice Alexander,,RAM,4,110,2014,Utah State,2013,2013,13.0,,,,,,,,,,,,,,S,Utah State,,,,,,,,,,,,,,,,,,,,,,,,,,1.0,3.0,0.0,6.0,0.0769230769230769,0.4615384615384615,-9.531147540983607,23.0,10.0,11.0
Russell Bodine,,CIN,4,111,2014,North Carolina,2012,2012,12.0,,,,,,,,,,,,,,OL,North Carolina,,,,,,,,,,,,,,,,,,,,,,,,,,,,,,,,,22.0,28.0,30.0
Daquan Jones,,OTI,4,112,2014,Penn State,2011,2013,36.0,,,,,,,,,,,,,,DL,Penn State,,,,,,,,,,,,,,,,3.5,45.0,41.0,86.0,13.5,0.0972222222222222,1.25,1.1388888888888888,2.388888888888889,0.375,,,,,,,,22.0,34.0,60.0
Andre Williams,,NYG,4,113,2014,Boston College,2010,2013,44.0,,,,,,,,,,,,,,RB,Boston College,704.0,3739.0,5.3,28.0,10.0,60.0,6.0,0.0,85.0,1.4,,,,,,,,,,,,,,,,,,,,,,-9.904597701149426,22.0,6.0,7.0
Aaron Colvin,,JAX,4,114,2014,Oklahoma,2010,2013,50.0,,,,,,,,,,,,,,DB,Oklahoma,,,,,,,,,,,,,,,,,,,,,,,,,,5.0,28.0,0.0,11.0,0.1,0.22,24.05,22.0,13.0,16.0
Shaquelle Evans,,NYJ,4,115,2014,UCLA,2009,2013,46.0,,,,,,,,,,,,,,WR,Notre DameUCLA,,,,,,,,,,,42.5,133.0,1956.0,14.7,14.0,,,,,,,,,,,,,,,,,,23.0,,
Keith McGill,,RAI,4,116,2014,Utah,2011,2013,16.0,,,,,,,,,,,,,,DB,Utah,,,,,,,,,,,,,,,,,,,,,,,,,,1.0,19.0,1.0,13.0,0.0625,0.8125,,25.0,4.0,4.0
Ka'Deem Carey,,CHI,4,117,2014,Arizona,2011,2013,36.0,,,,,,,,,,,,,,RB,Arizona,743.0,4239.0,5.7,48.0,77.0,679.0,8.8,4.0,117.8,18.9,,,,,,,,,,,,,,,,,,,,,,5.825,21.0,3.0,3.0
Martavis Bryant,,PIT,4,118,2014,Clemson,2011,2013,37.0,,,,,,,,,,,,,,WR,Clemson,,,,,,,,,,,36.6,61.0,1354.0,22.2,13.0,,,,,,,,,,,,,,,,,17.15714285714286,22.0,17.0,19.0
Anthony Hitchens,,DAL,4,119,2014,Iowa,2012,2013,24.0,,,,,,,,,,,,,,LB,Iowa,,,,,,,,,,,,,,,,3.0,110.0,126.0,236.0,19.0,0.125,4.583333333333333,5.25,9.833333333333334,0.7916666666666666,,,,,,,17.3,22.0,21.0,41.0
Anthony Hitchens,,DAL,4,119,2014,Iowa,2010,2011,18.0,,,,,,,,,,,,,,DB,Iowa,,,,,,,,,,,,,,,,,,,,,,,,,,0.0,0.0,0.0,,0.0,,17.3,22.0,21.0,41.0
Logan Thomas,123.6,CRD,4,120,2014,Virginia Tech,2010,2013,47.0,693.0,1248.0,555.0,55.5,9003.0,52.0,39.0,4.2,3.1,7.2,6.64,13.0,191.6,QB,Virginia Tech,,,,,,,,,,,,,,,,,,,,,,,,,,,,,,,,16.394827586206898,23.0,0.0,15.0
Carl Bradford,,GNB,4,121,2014,Arizona State,2011,2013,36.0,,,,,,,,,,,,,,LB,Arizona State,,,,,,,,,,,,,,,,21.5,110.0,44.0,154.0,43.0,0.5972222222222222,3.0555555555555554,1.2222222222222223,4.277777777777778,1.1944444444444444,,,,,,,17.223076923076924,22.0,0.0,0.0
Marqueston Huff,,OTI,4,122,2014,Wyoming,2010,2013,49.0,,,,,,,,,,,,,,DB,Wyoming,,,,,,,,,,,,,,,,,,,,,,,,,,6.0,5.0,0.0,16.0,0.1224489795918367,0.3265306122448979,-14.5,22.0,3.0,4.0
Kevin Norwood,,SEA,4,123,2014,Alabama,2010,2013,49.0,,,,,,,,,,,,,,WR,Alabama,,,,,,,,,,,26.0,81.0,1275.0,15.7,12.0,,,,,,,,,,,,,,,,,33.94,24.0,1.0,1.0
De'Anthony Thomas,,KAN,4,124,2014,Oregon,2011,2013,37.0,,,,,,,,,,,,,,RB,Oregon,243.0,1890.0,7.8,26.0,113.0,1296.0,11.5,15.0,51.1,35.0,,,,,,,,,,,,,,,,,,,,,,27.60909090909091,21.0,7.0,7.0
Khairi Fortt,,NOR,4,126,2014,California,2010,2013,31.0,,,,,,,,,,,,,,LB,CaliforniaPenn State,,,,,,,,,,,,,,,,3.0,48.0,64.0,112.0,10.0,0.0967741935483871,1.5483870967741935,2.064516129032258,3.612903225806451,0.3225806451612903,,,,,,,,22.0,,0.0
Tre Boston,,CAR,4,128,2014,North Carolina,2010,2013,48.0,,,,,,,,,,,,,,DB,North Carolina,,,,,,,,,,,,,,,,,,,,,,,,,,13.0,79.0,1.0,12.0,0.2708333333333333,0.25,11.242857142857142,22.0,17.0,28.0
Dontae Johnson,,SFO,4,129,2014,North Carolina State,2010,2013,51.0,,,,,,,,,,,,,,DB,North Carolina State,,,,,,,,,,,,,,,,,,,,,,,,,,3.0,21.0,0.0,15.0,0.0588235294117647,0.2941176470588235,4.944444444444445,22.0,15.0,15.0
James White,,NWE,4,130,2014,Wisconsin,2010,2013,52.0,,,,,,,,,,,,,,RB,Wisconsin,643.0,4015.0,6.2,45.0,73.0,670.0,9.2,3.0,77.2,12.9,,,,,,,,,,,,,,,,,,,,,,13.162962962962963,22.0,37.0,37.0
Brock Vereen,,CHI,4,131,2014,Minnesota,2010,2013,47.0,,,,,,,,,,,,,,DB,Minnesota,,,,,,,,,,,,,,,,,,,,,,,,,,4.0,28.0,0.0,12.0,0.0851063829787234,0.2553191489361702,-0.7333333333333333,22.0,2.0,2.0
Kevin Pierre-Louis,,SEA,4,132,2014,Boston College,2010,2013,44.0,,,,,,,,,,,,,,LB,Boston College,,,,,,,,,,,,,,,,8.0,214.0,146.0,360.0,23.0,0.1818181818181818,4.863636363636363,3.3181818181818183,8.181818181818182,0.5227272727272727,,,,,,,3.533333333333333,22.0,3.0,15.0
Nevin Lawson,,DET,4,133,2014,Utah State,2010,2013,47.0,,,,,,,,,,,,,,DB,Utah State,,,,,,,,,,,,,,,,,,,,,,,,,,6.0,65.0,1.0,34.0,0.1276595744680851,0.723404255319149,-5.3,23.0,17.0,22.0
Brent Urban,,RAV,4,134,2014,Virginia,2011,2013,33.0,,,,,,,,,,,,,,DL,Virginia,,,,,,,,,,,,,,,,3.0,26.0,49.0,75.0,16.0,0.0909090909090909,0.7878787878787878,1.4848484848484849,2.272727272727273,0.4848484848484848,,,,,,,,23.0,18.0,24.0
Tom Savage,131.1,HTX,4,135,2014,Pitt,2009,2013,31.0,430.0,757.0,327.0,56.8,5690.0,37.0,19.0,4.9,2.5,7.5,7.36,13.2,183.5,QB,PittRutgers,,,,,,,,,,,,,,,,,,,,,,,,,,,,,,,,0.61219512195122,24.0,3.0,3.0
Prince Shembo,,ATL,4,139,2014,Notre Dame,2010,2013,51.0,,,,,,,,,,,,,,LB,Notre Dame,,,,,,,,,,,,,,,,19.5,71.0,74.0,145.0,24.5,0.3823529411764705,1.392156862745098,1.4509803921568627,2.843137254901961,0.4803921568627451,,,,,,,,22.0,2.0,2.0
Cameron Fleming,,NWE,4,140,2014,Stanford,2012,2012,14.0,,,,,,,,,,,,,,OL,Stanford,,,,,,,,,,,,,,,,,,,,,,,,,,,,,,,,7.8538461538461535,22.0,13.0,30.0
Taylor Hart,,PHI,5,141,2014,Oregon,2010,2013,52.0,,,,,,,,,,,,,,DL,Oregon,,,,,,,,,,,,,,,,16.0,97.0,76.0,173.0,22.0,0.3076923076923077,1.8653846153846152,1.4615384615384617,3.326923076923077,0.4230769230769231,,,,,,,,23.0,1.0,1.0
Ryan Grant,,WAS,5,142,2014,Tulane,2009,2013,47.0,,,,,,,,,,,,,,WR,Tulane,,,,,,,,,,,58.9,196.0,2769.0,14.1,21.0,,,,,,,,,,,,,,,,,-18.125,23.0,7.0,10.0
Telvin Smith,,JAX,5,144,2014,Florida State,2010,2013,54.0,,,,,,,,,,,,,,LB,Florida State,,,,,,,,,,,,,,,,7.0,139.0,75.0,214.0,29.0,0.1296296296296296,2.574074074074074,1.3888888888888888,3.962962962962963,0.5370370370370371,,,,,,,30.65,23.0,42.0,42.0
Devin Street,,DAL,5,146,2014,Pitt,2010,2013,49.0,,,,,,,,,,,,,,WR,Pitt,,,,,,,,,,,59.2,202.0,2901.0,14.4,16.0,,,,,,,,,,,,,,,,,8.0,23.0,1.0,1.0
Ricardo Allen,,ATL,5,147,2014,Purdue,2010,2013,50.0,,,,,,,,,,,,,,DB,Purdue,,,,,,,,,,,,,,,,,,,,,,,,,,13.0,247.0,4.0,11.0,0.26,0.22,-2.6884615384615382,22.0,24.0,25.0
Bene Benwikere,,CAR,5,148,2014,San Jose State,2010,2013,47.0,,,,,,,,,,,,,,DB,San Jose State,,,,,,,,,,,,,,,,,,,,,,,,,,14.0,213.0,1.0,17.0,0.2978723404255319,0.3617021276595745,,23.0,6.0,10.0
Aaron Lynch,,SFO,5,150,2014,South Florida,2011,2013,24.0,,,,,,,,,,,,,,DL,Notre DameSouth Florida,,,,,,,,,,,,,,,,10.5,36.0,26.0,62.0,19.0,0.4375,1.5,1.0833333333333333,2.5833333333333335,0.7916666666666666,,,,,,,,21.0,10.0,14.0
Avery Williamson,,OTI,5,151,2014,Kentucky,2010,2013,48.0,,,,,,,,,,,,,,LB,Kentucky,,,,,,,,,,,,,,,,4.0,147.0,149.0,296.0,10.0,0.0833333333333333,3.0625,3.1041666666666665,6.166666666666667,0.2083333333333333,,,,,,,-6.85,22.0,25.0,38.0
Nat Berhe,,NYG,5,152,2014,San Diego State,2010,2013,51.0,,,,,,,,,,,,,,DB,San Diego State,,,,,,,,,,,,,,,,,,,,,,,,,,5.0,11.0,0.0,15.0,0.0980392156862745,0.2941176470588235,3.266666666666667,23.0,3.0,3.0
Jeremiah George,,NYJ,5,154,2014,Iowa State,2010,2013,47.0,,,,,,,,,,,,,,LB,Iowa State,,,,,,,,,,,,,,,,3.5,137.0,88.0,225.0,16.0,0.0744680851063829,2.9148936170212765,1.872340425531915,4.787234042553192,0.3404255319148936,,,,,,,-3.8,22.0,,3.0
Arthur Lynch,,MIA,5,155,2014,Georgia,2009,2013,50.0,,,,,,,,,,,,,,TE,Georgia,,,,,,,,,,,18.1,56.0,907.0,16.2,8.0,,,,,,,,,,,,,,,,,25.318181818181817,24.0,,
Lamin Barrow,,DEN,5,156,2014,LSU,2010,2013,51.0,,,,,,,,,,,,,,LB,LSU,,,,,,,,,,,,,,,,1.5,87.0,143.0,230.0,14.5,0.0294117647058823,1.7058823529411764,2.803921568627451,4.509803921568627,0.284313725490196,,,,,,,,23.0,1.0,2.0
Shaquille Richardson,,PIT,5,157,2014,Arizona,2010,2013,49.0,,,,,,,,,,,,,,DB,Arizona,,,,,,,,,,,,,,,,,,,,,,,,,,10.0,131.0,1.0,16.0,0.2040816326530612,0.3265306122448979,8.8,22.0,,
Chris Smith,,JAX,5,159,2014,Arkansas,2010,2013,43.0,,,,,,,,,,,,,,DL,Arkansas,,,,,,,,,,,,,,,,21.5,61.0,61.0,122.0,30.5,0.5,1.4186046511627908,1.4186046511627908,2.8372093023255816,0.7093023255813954,,,,,,,9.838260869565218,22.0,3.0,8.0
Ed Stinson,,CRD,5,160,2014,Alabama,2010,2013,49.0,,,,,,,,,,,,,,LB,Alabama,,,,,,,,,,,,,,,,5.5,57.0,47.0,104.0,15.5,0.1122448979591836,1.163265306122449,0.9591836734693876,2.122448979591837,0.3163265306122449,,,,,,,,24.0,5.0,5.0
Ed Reynolds,,PHI,5,162,2014,Stanford,2010,2013,33.0,,,,,,,,,,,,,,DB,Stanford,,,,,,,,,,,,,,,,,,,,,,,,,,7.0,301.0,3.0,4.0,0.2121212121212121,0.1212121212121212,,22.0,1.0,4.0
Aaron Murray,158.6,KAN,5,163,2014,Georgia,2010,2013,52.0,921.0,1478.0,557.0,62.3,13166.0,121.0,41.0,8.2,2.8,8.9,9.3,14.3,253.2,QB,Georgia,,,,,,,,,,,,,,,,,,,,,,,,,,,,,,,,24.39433962264151,23.0,,
A.J. McCarron,162.5,CIN,5,164,2014,Alabama,2010,2013,53.0,686.0,1026.0,340.0,66.9,9019.0,77.0,15.0,7.5,1.5,8.8,9.63,13.1,170.2,QB,Alabama,,,,,,,,,,,,,,,,,,,,,,,,,,,,,,,,,23.0,3.0,4.0
Ryan Carrethers,,SDG,5,165,2014,Arkansas State,2010,2013,49.0,,,,,,,,,,,,,,DL,Arkansas State,,,,,,,,,,,,,,,,6.5,58.0,138.0,196.0,14.5,0.1326530612244898,1.183673469387755,2.816326530612245,4.0,0.2959183673469387,,,,,,,-16.2,23.0,3.0,3.0
Jonathan Newsome,,CLT,5,166,2014,Ball State,2012,2013,22.0,,,,,,,,,,,,,,DL,Ball State,,,,,,,,,,,,,,,,17.0,49.0,66.0,115.0,24.5,0.7727272727272727,2.227272727272727,3.0,5.2272727272727275,1.1136363636363635,,,,,,,20.0,23.0,4.0,4.0
Vinnie Sunseri,,NOR,5,167,2014,Alabama,2011,2013,33.0,,,,,,,,,,,,,,DB,Alabama,,,,,,,,,,,,,,,,,,,,,,,,,,4.0,124.0,2.0,5.0,0.1212121212121212,0.1515151515151515,35.3,22.0,0.0,0.0
Marquis Spruill,,ATL,5,168,2014,Syracuse,2010,2013,51.0,,,,,,,,,,,,,,LB,Syracuse,,,,,,,,,,,,,,,,12.5,161.0,83.0,244.0,41.0,0.2450980392156862,3.156862745098039,1.6274509803921569,4.784313725490196,0.803921568627451,,,,,,,,23.0,,
Ronald Powell,,NOR,5,169,2014,Florida,2010,2013,35.0,,,,,,,,,,,,,,DL,Florida,,,,,,,,,,,,,,,,11.0,53.0,26.0,79.0,18.5,0.3142857142857143,1.5142857142857142,0.7428571428571429,2.257142857142857,0.5285714285714286,,,,,,,14.0,23.0,1.0,1.0
Keith Reaser,,SFO,5,170,2014,Florida Atlantic,2010,2013,40.0,,,,,,,,,,,,,,DB,Florida Atlantic,,,,,,,,,,,,,,,,,,,,,,,,,,5.0,66.0,0.0,11.0,0.125,0.275,-20.8,23.0,2.0,2.0
Wesley Johnson,,PIT,5,173,2014,Vanderbilt,2011,2013,27.0,,,,,,,,,,,,,,OL,Vanderbilt,,,,,,,,,,,,,,,,,,,,,,,,,,,,,,,,,23.0,,11.0
Devon Kennard,,NYG,5,174,2014,USC,2009,2013,52.0,,,,,,,,,,,,,,DL,USC,,,,,,,,,,,,,,,,12.5,96.0,99.0,195.0,26.0,0.2403846153846154,1.8461538461538465,1.9038461538461535,3.75,0.5,,,,,,,15.2,23.0,13.0,33.0
Jared Abbrederis,,GNB,5,176,2014,Wisconsin,2010,2013,53.0,,,,,,,,,,,,,,WR,Wisconsin,,,,,,,,,,,59.2,202.0,3140.0,15.5,23.0,,,,,,,,,,,,,,,,,21.285714285714285,23.0,1.0,1.0
Jeoffrey Pagan,,HTX,6,177,2014,Alabama,2011,2013,32.0,,,,,,,,,,,,,,DL,Alabama,,,,,,,,,,,,,,,,3.5,27.0,33.0,60.0,7.5,0.109375,0.84375,1.03125,1.875,0.234375,,,,,,,,21.0,1.0,1.0
Zach Mettenberger,148.4,OTI,6,178,2014,LSU,2011,2013,30.0,407.0,659.0,252.0,61.8,5783.0,35.0,15.0,5.3,2.3,8.8,8.81,14.2,192.8,QB,LSU,,,,,,,,,,,,,,,,,,,,,,,,,,,,,,,,28.099999999999998,23.0,1.0,1.0
Kenneth Acker,,SFO,6,180,2014,SMU,2010,2013,46.0,,,,,,,,,,,,,,DB,SMU,,,,,,,,,,,,,,,,,,,,,,,,,,7.0,102.0,1.0,17.0,0.1521739130434782,0.3695652173913043,-5.5476190476190474,22.0,5.0,8.0
Alfred Blue,,HTX,6,181,2014,LSU,2010,2013,41.0,,,,,,,,,,,,,,RB,LSU,209.0,1253.0,6.0,11.0,16.0,105.0,6.6,0.0,30.6,2.6,,,,,,,,,,,,,,,,,,,,,,25.533333333333335,23.0,18.0,18.0
Antone Exum,,MIN,6,182,2014,Virginia Tech,2010,2013,44.0,,,,,,,,,,,,,,DB,Virginia Tech,,,,,,,,,,,,,,,,,,,,,,,,,,6.0,80.0,0.0,20.0,0.1363636363636363,0.4545454545454545,,23.0,3.0,6.0
David Fales,161.7,CHI,6,183,2014,San Jose State,2012,2013,25.0,639.0,938.0,299.0,68.1,8382.0,66.0,22.0,7.0,2.3,8.9,9.29,13.1,335.3,QB,San Jose State,,,,,,,,,,,,,,,,,,,,,,,,,,,,,,,,2.3,23.0,0.0,1.0
Robert Herron,,TAM,6,185,2014,Wyoming,2010,2013,42.0,,,,,,,,,,,,,,WR,Wyoming,,,,,,,,,,,48.2,152.0,2025.0,13.3,20.0,,,,,,,,,,,,,,,,,-14.172727272727272,22.0,0.0,0.0
Lache Seastrunk,,WAS,6,186,2014,Baylor,2012,2013,24.0,,,,,,,,,,,,,,RB,Baylor,289.0,2189.0,7.6,18.0,9.0,107.0,11.9,1.0,91.2,4.5,,,,,,,,,,,,,,,,,,,,,,13.35,23.0,,
Bennett Jackson,,NYG,6,187,2014,Notre Dame,2010,2010,13.0,,,,,,,,,,,,,,WR,Notre Dame,,,,,,,,,,,0.0,0.0,0.0,,0.0,,,,,,,,,,,,,,,,,16.539285714285715,22.0,,0.0
Bennett Jackson,,NYG,6,187,2014,Notre Dame,2011,2013,39.0,,,,,,,,,,,,,,DB,Notre Dame,,,,,,,,,,,,,,,,,,,,,,,,,,6.0,91.0,1.0,3.0,0.1538461538461538,0.0769230769230769,16.539285714285715,22.0,,0.0
E.J. Gaines,,RAM,6,188,2014,Missouri,2010,2013,50.0,,,,,,,,,,,,,,DB,Missouri,,,,,,,,,,,,,,,,,,,,,,,,,,8.0,71.0,0.0,20.0,0.16,0.4,12.733333333333334,22.0,9.0,13.0
T.J. Jones,,DET,6,189,2014,Notre Dame,2010,2013,51.0,,,,,,,,,,,,,,WR,Notre Dame,,,,,,,,,,,47.6,181.0,2429.0,13.4,19.0,,,,,,,,,,,,,,,,,,22.0,7.0,7.0
Jordan Zumwalt,,PIT,6,192,2014,UCLA,2010,2013,47.0,,,,,,,,,,,,,,LB,UCLA,,,,,,,,,,,,,,,,5.0,141.0,75.0,216.0,20.0,0.1063829787234042,3.0,1.5957446808510638,4.595744680851064,0.425531914893617,,,,,,,16.0,22.0,,
Keith Wenning,134.7,RAV,6,194,2014,Ball State,2010,2013,49.0,1035.0,1642.0,607.0,63.0,11402.0,92.0,42.0,5.6,2.6,6.9,6.91,11.0,232.7,QB,Ball State,,,,,,,,,,,,,,,,,,,,,,,,,,,,,,,,-5.249230769230769,23.0,,
Demetri Goodson,,GNB,6,197,2014,Baylor,2011,2013,19.0,,,,,,,,,,,,,,DB,Baylor,,,,,,,,,,,,,,,,,,,,,,,,,,4.0,77.0,0.0,13.0,0.2105263157894736,0.6842105263157895,13.06111111111111,25.0,2.0,2.0
Garrett Scott,,SEA,6,199,2014,Marshall,2013,2013,1.0,,,,,,,,,,,,,,OL,Marshall,,,,,,,,,,,,,,,,,,,,,,,,,,,,,,,,,22.0,,
Marion Grice,,SDG,6,201,2014,Arizona State,2012,2013,24.0,,,,,,,,,,,,,,RB,Arizona State,294.0,1675.0,5.7,25.0,91.0,863.0,9.5,14.0,69.8,36.0,,,,,,,,,,,,,,,,,,,,,,17.14,23.0,,0.0
Tavon Rooks,,NOR,6,202,2014,Kansas State,2013,2013,1.0,,,,,,,,,,,,,,OL,Kansas State,,,,,,,,,,,,,,,,,,,,,,,,,,,,,,,,,24.0,,
Andrew Jackson,,CLT,6,203,2014,Western Kentucky,2011,2013,33.0,,,,,,,,,,,,,,LB,Western Kentucky,,,,,,,,,,,,,,,,6.5,152.0,143.0,295.0,37.5,0.1969696969696969,4.606060606060606,4.333333333333333,8.93939393939394,1.1363636363636365,,,,,,,-16.1,22.0,1.0,1.0
Tyler Gaffney,,CAR,6,204,2014,Stanford,2009,2013,49.0,,,,,,,,,,,,,,RB,Stanford,486.0,2500.0,5.1,33.0,32.0,264.0,8.3,4.0,51.0,5.4,,,,,,,,,,,,,,,,,,,,,,19.17,23.0,,
Luke Bowanko,,JAX,6,205,2014,Virginia,2013,2013,1.0,,,,,,,,,,,,,,G,Virginia,,,,,,,,,,,,,,,,,,,,,,,,,,,,,,,,,23.0,5.0,9.0
Jemea Thomas,,NWE,6,206,2014,Georgia Tech,2009,2013,54.0,,,,,,,,,,,,,,DB,Georgia Tech,,,,,,,,,,,,,,,,,,,,,,,,,,9.0,15.0,0.0,15.0,0.1666666666666666,0.2777777777777778,6.851351351351352,24.0,,0.0
Eric Pinkins,,SEA,6,208,2014,San Diego State,2009,2013,46.0,,,,,,,,,,,,,,DB,San Diego State,,,,,,,,,,,,,,,,,,,,,,,,,,3.0,70.0,1.0,5.0,0.0652173913043478,0.108695652173913,2.4,23.0,1.0,2.0
Quincy Enunwa,,NYJ,6,209,2014,Nebraska,2010,2013,49.0,,,,,,,,,,,,,,WR,Nebraska,,,,,,,,,,,31.1,115.0,1526.0,13.3,15.0,,,,,,,,,,,,,,,,,14.733333333333333,22.0,13.0,13.0
Ik Enemkpali,,NYJ,6,210,2014,Louisiana Tech,2010,2013,48.0,,,,,,,,,,,,,,DL,Louisiana Tech,,,,,,,,,,,,,,,,17.5,71.0,77.0,148.0,32.0,0.3645833333333333,1.4791666666666667,1.6041666666666667,3.0833333333333335,0.6666666666666666,,,,,,,,23.0,0.0,1.0
Jay Prosch,,HTX,6,211,2014,Auburn,2010,2013,42.0,,,,,,,,,,,,,,RB,AuburnIllinois,14.0,47.0,3.4,2.0,11.0,115.0,10.5,1.0,1.1,2.7,,,,,,,,,,,,,,,,,,,,,,11.742857142857142,22.0,0.0,0.0
Marquis Flowers,,CIN,6,212,2014,Arizona,2012,2013,26.0,,,,,,,,,,,,,,LB,Arizona,,,,,,,,,,,,,,,,6.5,111.0,83.0,194.0,24.5,0.25,4.269230769230769,3.1923076923076925,7.461538461538462,0.9423076923076924,,,,,,,6.8,22.0,4.0,7.0
Marquis Flowers,,CIN,6,212,2014,Arizona,2010,2011,24.0,,,,,,,,,,,,,,DB,Arizona,,,,,,,,,,,,,,,,,,,,,,,,,,1.0,0.0,0.0,3.0,0.0416666666666666,0.125,6.8,22.0,4.0,7.0
Tajh Boyd,155.2,NYJ,6,213,2014,Clemson,2010,2013,47.0,901.0,1402.0,501.0,64.3,11904.0,107.0,39.0,7.6,2.8,8.5,8.77,13.2,253.3,QB,Clemson,,,,,,,,,,,,,,,,,,,,,,,,,,,,,,,,15.225,23.0,,
Garrett Gilbert,116.3,RAM,6,214,2014,SMU,2009,2013,47.0,908.0,1548.0,640.0,58.7,9761.0,49.0,45.0,3.2,2.9,6.3,5.63,10.8,207.7,QB,SMUTexas,,,,,,,,,,,,,,,,,,,,,,,,,,,,,,,,5.683333333333334,23.0,,2.0
Daniel McCullers,,PIT,6,215,2014,Tennessee,2012,2013,24.0,,,,,,,,,,,,,,DL,Tennessee,,,,,,,,,,,,,,,,1.5,41.0,31.0,72.0,10.0,0.0625,1.7083333333333333,1.2916666666666667,3.0,0.4166666666666667,,,,,,,,22.0,6.0,6.0
Andre Hal,,HTX,7,216,2014,Vanderbilt,2010,2013,50.0,,,,,,,,,,,,,,DB,Vanderbilt,,,,,,,,,,,,,,,,,,,,,,,,,,6.0,129.0,0.0,17.0,0.12,0.34,5.6375,22.0,17.0,17.0
Ted Bolser,,WAS,7,217,2014,Indiana,2010,2013,47.0,,,,,,,,,,,,,,TE,Indiana,,,,,,,,,,,28.4,117.0,1337.0,11.4,15.0,,,,,,,,,,,,,,,,,-6.35,23.0,,
Michael Campanaro,,RAV,7,218,2014,Wake Forest,2010,2013,42.0,,,,,,,,,,,,,,WR,Wake Forest,,,,,,,,,,,59.7,229.0,2506.0,10.9,14.0,,,,,,,,,,,,,,,,,-7.251648351648352,23.0,4.0,4.0
Travis Carrie,,RAI,7,219,2014,Ohio,2008,2013,50.0,,,,,,,,,,,,,,DB,Ohio,,,,,,,,,,,,,,,,,,,,,,,,,,9.0,190.0,2.0,26.0,0.18,0.52,,24.0,13.0,22.0
Shamar Stephen,,MIN,7,220,2014,Connecticut,2010,2013,46.0,,,,,,,,,,,,,,DL,Connecticut,,,,,,,,,,,,,,,,5.0,55.0,75.0,130.0,17.0,0.108695652173913,1.1956521739130437,1.6304347826086956,2.8260869565217392,0.3695652173913043,,,,,,,,23.0,25.0,32.0
Randell Johnson,,BUF,7,221,2014,Florida Atlantic,2010,2013,40.0,,,,,,,,,,,,,,LB,Florida Atlantic,,,,,,,,,,,,,,,,9.5,104.0,91.0,195.0,30.5,0.2375,2.6,2.275,4.875,0.7625,,,,,,,-6.6,23.0,2.0,2.0
Storm Johnson,,JAX,7,222,2014,UCF,2010,2013,36.0,,,,,,,,,,,,,,RB,Miami (FL)UCF,335.0,1765.0,5.3,19.0,41.0,289.0,7.0,3.0,49.0,8.0,,,,,,,,,,,,,,,,,,,,,,14.571428571428571,22.0,0.0,0.0
Brandon Watts,,MIN,7,223,2014,Georgia Tech,2013,2013,11.0,,,,,,,,,,,,,,LB,Georgia Tech,,,,,,,,,,,,,,,,2.0,37.0,23.0,60.0,3.0,0.1818181818181818,3.363636363636364,2.090909090909091,5.454545454545454,0.2727272727272727,,,,,,,11.4,23.0,1.0,1.0
Brandon Watts,,MIN,7,223,2014,Georgia Tech,2010,2012,37.0,,,,,,,,,,,,,,DB,Georgia Tech,,,,,,,,,,,,,,,,,,,,,,,,,,0.0,0.0,0.0,2.0,0.0,0.054054054054054,11.4,23.0,1.0,1.0
Beau Allen,,PHI,7,224,2014,Wisconsin,2010,2013,50.0,,,,,,,,,,,,,,DL,Wisconsin,,,,,,,,,,,,,,,,8.0,45.0,49.0,94.0,15.0,0.16,0.9,0.98,1.88,0.3,,,,,,,5.81764705882353,22.0,8.0,13.0
Jabari Price,,MIN,7,225,2014,North Carolina,2010,2013,45.0,,,,,,,,,,,,,,DB,North Carolina,,,,,,,,,,,,,,,,,,,,,,,,,,2.0,29.0,0.0,16.0,0.0444444444444444,0.3555555555555555,10.9,21.0,1.0,1.0
Kiero Small,,SEA,7,227,2014,Arkansas,2011,2013,25.0,,,,,,,,,,,,,,RB,Arkansas,41.0,152.0,3.7,4.0,20.0,135.0,6.8,1.0,6.1,5.4,,,,,,,,,,,,,,,,,,,,,,11.55,25.0,,0.0
Rob Blanchflower,,PIT,7,230,2014,Massachusetts,2012,2013,15.0,,,,,,,,,,,,,,TE,Massachusetts,,,,,,,,,,,51.8,70.0,777.0,11.1,5.0,,,,,,,,,,,,,,,,,-35.53333333333333,24.0,,
Ben Gardner,,DAL,7,231,2014,Stanford,2010,2013,46.0,,,,,,,,,,,,,,DL,Stanford,,,,,,,,,,,,,,,,17.5,60.0,47.0,107.0,35.5,0.3804347826086957,1.3043478260869563,1.0217391304347827,2.3260869565217392,0.7717391304347826,,,,,,,21.7,24.0,,
Trevor Reilly,,NYJ,7,233,2014,Utah,2010,2013,48.0,,,,,,,,,,,,,,DL,Utah,,,,,,,,,,,,,,,,20.5,131.0,104.0,235.0,37.5,0.4270833333333333,2.7291666666666665,2.1666666666666665,4.895833333333333,0.78125,,,,,,,7.261538461538462,26.0,3.0,4.0
Will Smith,,DAL,7,238,2014,Texas Tech,2012,2013,26.0,,,,,,,,,,,,,,LB,Texas Tech,,,,,,,,,,,,,,,,4.5,120.0,55.0,175.0,12.0,0.173076923076923,4.615384615384615,2.1153846153846154,6.730769230769231,0.4615384615384615,,,,,,,,22.0,,
James Wright,,CIN,7,239,2014,LSU,2010,2013,47.0,,,,,,,,,,,,,,WR,LSU,,,,,,,,,,,6.5,25.0,304.0,12.2,0.0,,,,,,,,,,,,,,,,,-6.96,22.0,2.0,2.0
Tevin Reese,,SDG,7,240,2014,Baylor,2010,2013,47.0,,,,,,,,,,,,,,WR,Baylor,,,,,,,,,,,66.0,187.0,3102.0,16.6,24.0,,,,,,,,,,,,,,,,,9.921276595744681,23.0,,
Christian Bryant,,RAM,7,241,2014,Ohio State,2010,2013,36.0,,,,,,,,,,,,,,DB,Ohio State,,,,,,,,,,,,,,,,,,,,,,,,,,2.0,38.0,0.0,11.0,0.0555555555555555,0.3055555555555556,25.215384615384615,22.0,1.0,1.0
Corey Nelson,,DEN,7,242,2014,Oklahoma,2010,2013,46.0,,,,,,,,,,,,,,LB,Oklahoma,,,,,,,,,,,,,,,,7.5,77.0,79.0,156.0,17.5,0.1630434782608695,1.673913043478261,1.7173913043478262,3.391304347826087,0.3804347826086957,,,,,,,21.766666666666666,22.0,8.0,8.0
Kaleb Ramsey,,SFO,7,243,2014,Boston College,2008,2013,41.0,,,,,,,,,,,,,,DL,Boston College,,,,,,,,,,,,,,,,6.5,53.0,37.0,90.0,15.0,0.1585365853658536,1.2926829268292683,0.902439024390244,2.1951219512195124,0.3658536585365853,,,,,,,,25.0,,
Jeremy Gallon,,NWE,7,244,2014,Michigan,2010,2013,51.0,,,,,,,,,,,,,,WR,Michigan,,,,,,,,,,,53.0,173.0,2704.0,15.6,17.0,,,,,,,,,,,,,,,,,15.190909090909091,24.0,,
Trey Millard,,SFO,7,245,2014,Oklahoma,2010,2013,48.0,,,,,,,,,,,,,,RB,Oklahoma,98.0,538.0,5.5,6.0,70.0,677.0,9.7,7.0,11.2,14.1,,,,,,,,,,,,,,,,,,,,,,25.0,23.0,,
Charles Leno,,CHI,7,246,2014,Boise State,2012,2012,13.0,,,,,,,,,,,,,,OL,Boise State,,,,,,,,,,,,,,,,,,,,,,,,,,,,,,,,,22.0,37.0,53.0
Jonathan Dowling,,RAI,7,247,2014,Western Kentucky,2012,2013,23.0,,,,,,,,,,,,,,DB,Western Kentucky,,,,,,,,,,,,,,,,,,,,,,,,,,9.0,132.0,1.0,6.0,0.391304347826087,0.2608695652173913,-4.344444444444445,22.0,0.0,0.0
Ahmad Dixon,,DAL,7,248,2014,Baylor,2010,2013,49.0,,,,,,,,,,,,,,DB,Baylor,,,,,,,,,,,,,,,,,,,,,,,,,,4.0,72.0,1.0,9.0,0.0816326530612244,0.1836734693877551,11.305882352941175,23.0,,0.0
Michael Sam,,RAM,7,249,2014,Missouri,2010,2013,52.0,,,,,,,,,,,,,,DL,Missouri,,,,,,,,,,,,,,,,17.0,59.0,51.0,110.0,31.5,0.3269230769230769,1.1346153846153846,0.9807692307692308,2.1153846153846154,0.6057692307692307,,,,,,,2.4083333333333337,24.0,,
Ken Bishop,,DAL,7,251,2014,Northern Illinois,2012,2013,27.0,,,,,,,,,,,,,,DL,Northern Illinois,,,,,,,,,,,,,,,,3.5,66.0,59.0,125.0,16.5,0.1296296296296296,2.4444444444444446,2.185185185185185,4.62962962962963,0.6111111111111112,,,,,,,6.3,23.0,0.0,0.0
Yawin Smallwood,,ATL,7,253,2014,Connecticut,2011,2013,36.0,,,,,,,,,,,,,,LB,Connecticut,,,,,,,,,,,,,,,,8.5,146.0,186.0,332.0,27.0,0.2361111111111111,4.055555555555555,5.166666666666667,9.22222222222222,0.75,,,,,,,-7.1,22.0,,
Terrance Mitchell,,DAL,7,254,2014,Oregon,2011,2013,40.0,,,,,,,,,,,,,,DB,Oregon,,,,,,,,,,,,,,,,,,,,,,,,,,7.0,108.0,1.0,25.0,0.175,0.625,27.66153846153846,22.0,0.0,20.0
Lonnie Ballentine,,HTX,7,256,2014,Memphis,2010,2013,42.0,,,,,,,,,,,,,,DB,Memphis,,,,,,,,,,,,,,,,,,,,,,,,,,3.0,14.0,0.0,8.0,0.0714285714285714,0.1904761904761904,-10.0,21.0,0.0,0.0
Jameis Winston,163.3,TAM,1,1,2015,Florida State,2013,2014,27.0,562.0,851.0,289.0,66.0,7964.0,65.0,28.0,7.6,3.3,9.4,9.41,14.2,295.0,QB,Florida State,,,,,,,,,,,,,,,,,,,,,,,,,,,,,,,,33.5,21.0,54.0,63.0
Marcus Mariota,171.8,OTI,1,2,2015,Oregon,2012,2014,41.0,779.0,1167.0,388.0,66.8,10796.0,105.0,14.0,9.0,1.2,9.3,10.51,13.9,263.3,QB,Oregon,,,,,,,,,,,,,,,,,,,,,,,,,,,,,,,,26.667391304347827,21.0,43.0,60.0
Dante Fowler Jr.,,JAX,1,3,2015,Florida,2012,2014,36.0,,,,,,,,,,,,,,LB,Florida,,,,,,,,,,,,,,,,14.5,73.0,67.0,140.0,33.0,0.4027777777777778,2.0277777777777777,1.8611111111111112,3.888888888888889,0.9166666666666666,,,,,,,,21.0,5.0,31.0
Amari Cooper,,RAI,1,4,2015,Alabama,2012,2014,39.0,,,,,,,,,,,,,,WR,Alabama,,,,,,,,,,,88.8,228.0,3463.0,15.2,31.0,,,,,,,,,,,,,,,,,34.66,21.0,22.0,66.0
Brandon Scherff,,WAS,1,5,2015,Iowa,2014,2014,13.0,,,,,,,,,,,,,,OL,Iowa,,,,,,,,,,,,,,,,,,,,,,,,,,,,,,,,6.8,23.0,45.0,62.0
Leonard Williams,,NYJ,1,6,2015,USC,2012,2014,39.0,,,,,,,,,,,,,,DL,USC,,,,,,,,,,,,,,,,20.0,111.0,107.0,218.0,35.5,0.5128205128205128,2.8461538461538463,2.7435897435897436,5.589743589743589,0.9102564102564102,,,,,,,19.5,21.0,26.0,78.0
Kevin White,,CHI,1,7,2015,West Virginia,2013,2014,23.0,,,,,,,,,,,,,,WR,West Virginia,,,,,,,,,,,85.0,144.0,1954.0,13.6,15.0,,,,,,,,,,,,,,,,,10.540909090909091,23.0,2.0,3.0
Vic Beasley,,ATL,1,8,2015,Clemson,2011,2014,47.0,,,,,,,,,,,,,,DL,Clemson,,,,,,,,,,,,,,,,33.0,72.0,17.0,89.0,52.0,0.7021276595744681,1.5319148936170213,0.3617021276595745,1.8936170212765957,1.1063829787234043,,,,,,,,23.0,32.0,32.0
Ereck Flowers,,NYG,1,9,2015,Miami (FL),2014,2014,12.0,,,,,,,,,,,,,,OL,Miami (FL),,,,,,,,,,,,,,,,,,,,,,,,,,,,,,,,,21.0,18.0,35.0
Todd Gurley,,RAM,1,10,2015,Georgia,2012,2014,30.0,,,,,,,,,,,,,,RB,Georgia,510.0,3285.0,6.4,36.0,65.0,615.0,9.5,6.0,109.5,20.5,,,,,,,,,,,,,,,,,,,,,,,21.0,50.0,54.0
Trae Waynes,,MIN,1,11,2015,Michigan State,2012,2014,36.0,,,,,,,,,,,,,,DB,Michigan State,,,,,,,,,,,,,,,,,,,,,,,,,,6.0,11.0,0.0,13.0,0.1666666666666666,0.3611111111111111,21.9,23.0,18.0,18.0
Danny Shelton,,CLE,1,12,2015,Washington,2011,2014,50.0,,,,,,,,,,,,,,DL,Washington,,,,,,,,,,,,,,,,10.5,104.0,95.0,199.0,23.0,0.21,2.08,1.9,3.98,0.46,,,,,,,3.9,22.0,15.0,33.0
Andrus Peat,,NOR,1,13,2015,Stanford,2013,2014,14.0,,,,,,,,,,,,,,T,Stanford,,,,,,,,,,,,,,,,,,,,,,,,,,,,,,,,,21.0,52.0,53.0
Devante Parker,,MIA,1,14,2015,Louisville,2011,2014,43.0,,,,,,,,,,,,,,WR,Louisville,,,,,,,,,,,64.5,156.0,2775.0,17.8,33.0,,,,,,,,,,,,,,,,,,22.0,32.0,36.0
Melvin Gordon,,SDG,1,15,2015,Wisconsin,2011,2014,45.0,,,,,,,,,,,,,,RB,Wisconsin,631.0,4915.0,7.8,45.0,22.0,228.0,10.4,4.0,109.2,5.1,,,,,,,,,,,,,,,,,,,,,,20.233333333333334,22.0,38.0,51.0
Kevin Johnson,,HTX,1,16,2015,Wake Forest,2010,2014,47.0,,,,,,,,,,,,,,DB,Wake Forest,,,,,,,,,,,,,,,,,,,,,,,,,,7.0,49.0,0.0,20.0,0.1489361702127659,0.425531914893617,-9.033333333333335,23.0,8.0,11.0
Arik Armstead,,SFO,1,17,2015,Oregon,2012,2014,35.0,,,,,,,,,,,,,,DL,Oregon,,,,,,,,,,,,,,,,4.0,42.0,45.0,87.0,10.5,0.1142857142857142,1.2,1.2857142857142858,2.4857142857142858,0.3,,,,,,,,21.0,40.0,45.0
Marcus Peters,,KAN,1,18,2015,Washington,2012,2014,35.0,,,,,,,,,,,,,,DB,Washington,,,,,,,,,,,,,,,,,,,,,,,,,,11.0,72.0,1.0,16.0,0.3142857142857143,0.4571428571428571,11.466666666666667,22.0,32.0,63.0
Cameron Erving,,CLE,1,19,2015,Florida State,2013,2013,1.0,,,,,,,,,,,,,,OL,Florida State,,,,,,,,,,,,,,,,,,,,,,,,,,,,,,,,,23.0,6.0,28.0
Cameron Erving,,CLE,1,19,2015,Florida State,2010,2011,16.0,,,,,,,,,,,,,,DL,Florida State,,,,,,,,,,,,,,,,1.0,12.0,9.0,21.0,2.5,0.0625,0.75,0.5625,1.3125,0.15625,,,,,,,,23.0,6.0,28.0
Nelson Agholor,,PHI,1,20,2015,USC,2012,2014,40.0,,,,,,,,,,,,,,WR,USC,,,,,,,,,,,64.3,178.0,2572.0,14.4,20.0,,,,,,,,,,,,,,,,,20.37272727272727,22.0,18.0,36.0
Alvin Dupree,,PIT,1,22,2015,Kentucky,2011,2014,47.0,,,,,,,,,,,,,,LB,Kentucky,,,,,,,,,,,,,,,,23.5,145.0,102.0,247.0,37.0,0.5,3.0851063829787235,2.1702127659574466,5.25531914893617,0.7872340425531915,,,,,,,,22.0,30.0,46.0
Shane Ray,,DEN,1,23,2015,Missouri,2012,2014,40.0,,,,,,,,,,,,,,DL,Missouri,,,,,,,,,,,,,,,,19.0,82.0,38.0,120.0,34.0,0.475,2.05,0.95,3.0,0.85,,,,,,,,22.0,12.0,12.0
D.J. Humphries,,CRD,1,24,2015,Florida,2014,2014,10.0,,,,,,,,,,,,,,OL,Florida,,,,,,,,,,,,,,,,,,,,,,,,,,,,,,,,,21.0,44.0,45.0
Shaq Thompson,,CAR,1,25,2015,Washington,2013,2014,26.0,,,,,,,,,,,,,,LB,Washington,,,,,,,,,,,,,,,,1.5,102.0,57.0,159.0,6.5,0.0576923076923076,3.923076923076923,2.1923076923076925,6.115384615384615,0.25,,,,,,,8.643749999999999,21.0,41.0,43.0
Shaq Thompson,,CAR,1,25,2015,Washington,2012,2012,13.0,,,,,,,,,,,,,,DB,Washington,,,,,,,,,,,,,,,,,,,,,,,,,,3.0,36.0,0.0,,0.2307692307692307,,8.643749999999999,21.0,41.0,43.0
Breshad Perriman,,RAV,1,26,2015,UCF,2012,2014,39.0,,,,,,,,,,,,,,WR,UCF,,,,,,,,,,,57.5,115.0,2243.0,19.5,16.0,,,,,,,,,,,,,,,,,7.5,21.0,4.0,15.0
Byron Jones,,DAL,1,27,2015,Connecticut,2011,2014,43.0,,,,,,,,,,,,,,DB,Connecticut,,,,,,,,,,,,,,,,,,,,,,,,,,8.0,77.0,1.0,16.0,0.1860465116279069,0.3720930232558139,-5.761904761904762,22.0,29.0,38.0
Laken Tomlinson,,DET,1,28,2015,Duke,2014,2014,13.0,,,,,,,,,,,,,,OL,Duke,,,,,,,,,,,,,,,,,,,,,,,,,,,,,,,,,23.0,11.0,55.0
Phillip Dorsett,,CLT,1,29,2015,Miami (FL),2011,2014,44.0,,,,,,,,,,,,,,WR,Miami (FL),,,,,,,,,,,48.5,121.0,2132.0,17.6,17.0,,,,,,,,,,,,,,,,,13.258333333333335,22.0,7.0,16.0
Damarious Randall,,GNB,1,30,2015,Arizona State,2013,2014,24.0,,,,,,,,,,,,,,DB,Arizona State,,,,,,,,,,,,,,,,,,,,,,,,,,6.0,179.0,2.0,12.0,0.25,0.5,15.5,23.0,11.0,21.0
Stephone Anthony,,NOR,1,31,2015,Clemson,2011,2014,51.0,,,,,,,,,,,,,,LB,Clemson,,,,,,,,,,,,,,,,10.0,151.0,104.0,255.0,35.0,0.196078431372549,2.9607843137254903,2.0392156862745097,5.0,0.6862745098039216,,,,,,,20.366666666666667,23.0,9.0,10.0
Malcom Brown,,NWE,1,32,2015,Texas,2012,2014,28.0,,,,,,,,,,,,,,DL,Texas,,,,,,,,,,,,,,,,6.5,49.0,46.0,95.0,16.0,0.2321428571428571,1.75,1.6428571428571428,3.392857142857143,0.5714285714285714,,,,,,,,21.0,27.0,43.0
Landon Collins,,NYG,2,33,2015,Alabama,2012,2014,41.0,,,,,,,,,,,,,,DB,Alabama,,,,,,,,,,,,,,,,,,,,,,,,,,5.0,103.0,1.0,13.0,0.1219512195121951,0.3170731707317073,34.86666666666667,21.0,32.0,42.0
Mario Edwards Jr.,,RAI,2,35,2015,Florida State,2012,2014,35.0,,,,,,,,,,,,,,DL,Florida State,,,,,,,,,,,,,,,,8.0,54.0,41.0,95.0,23.0,0.2285714285714285,1.542857142857143,1.1714285714285717,2.7142857142857144,0.6571428571428571,,,,,,,32.94444444444444,21.0,10.0,25.0
T.J. Yeldon,,JAX,2,36,2015,Alabama,2012,2014,39.0,,,,,,,,,,,,,,RB,Alabama,576.0,3322.0,5.8,37.0,46.0,494.0,10.7,2.0,85.2,12.7,,,,,,,,,,,,,,,,,,,,,,34.96666666666667,21.0,19.0,20.0
Devin Smith,,NYJ,2,37,2015,Ohio State,2011,2014,54.0,,,,,,,,,,,,,,WR,Ohio State,,,,,,,,,,,46.4,121.0,2503.0,20.7,30.0,,,,,,,,,,,,,,,,,15.995061728395061,23.0,1.0,2.0
Preston Smith,,WAS,2,38,2015,Mississippi State,2011,2014,47.0,,,,,,,,,,,,,,DL,Mississippi State,,,,,,,,,,,,,,,,16.0,73.0,61.0,134.0,27.0,0.3404255319148936,1.553191489361702,1.297872340425532,2.851063829787234,0.574468085106383,,,,,,,22.2,22.0,21.0,55.0
Eddie Goldman,,CHI,2,39,2015,Florida State,2012,2014,33.0,,,,,,,,,,,,,,DL,Florida State,,,,,,,,,,,,,,,,6.0,31.0,31.0,62.0,12.0,0.1818181818181818,0.9393939393939394,0.9393939393939394,1.878787878787879,0.3636363636363636,,,,,,,,21.0,32.0,36.0
Dorial Green-Beckham,,OTI,2,40,2015,Oklahoma,2012,2013,25.0,,,,,,,,,,,,,,WR,Missouri,,,,,,,,,,,51.1,87.0,1278.0,14.7,17.0,,,,,,,,,,,,,,,,,11.6,22.0,4.0,7.0
Devin Funchess,,CAR,2,41,2015,Michigan,2012,2014,37.0,,,,,,,,,,,,,,TE,Michigan,,,,,,,,,,,46.4,126.0,1715.0,13.6,15.0,,,,,,,,,,,,,,,,,11.82,21.0,20.0,20.0
Jalen Collins,,ATL,2,42,2015,LSU,2012,2014,34.0,,,,,,,,,,,,,,DB,LSU,,,,,,,,,,,,,,,,,,,,,,,,,,2.0,9.0,0.0,2.0,0.0588235294117647,0.0588235294117647,22.6,22.0,4.0,4.0
Benardrick McKinney,,HTX,2,43,2015,Mississippi State,2012,2014,39.0,,,,,,,,,,,,,,LB,Mississippi State,,,,,,,,,,,,,,,,7.5,122.0,121.0,243.0,19.5,0.1923076923076923,3.128205128205128,3.102564102564102,6.230769230769231,0.5,,,,,,,,22.0,42.0,44.0
Hau'oli Kikaha,,NOR,2,44,2015,Washington,2010,2014,43.0,,,,,,,,,,,,,,DL,Washington,,,,,,,,,,,,,,,,35.5,139.0,67.0,206.0,51.0,0.8255813953488372,3.2325581395348837,1.558139534883721,4.790697674418604,1.186046511627907,,,,,,,,23.0,5.0,5.0
Eric Kendricks,,MIN,2,45,2015,UCLA,2011,2014,52.0,,,,,,,,,,,,,,LB,UCLA,,,,,,,,,,,,,,,,10.0,307.0,174.0,481.0,26.0,0.1923076923076923,5.903846153846154,3.3461538461538463,9.25,0.5,,,,,,,16.272727272727273,23.0,55.0,64.0
Eric Rowe,,PHI,2,47,2015,Utah,2011,2014,47.0,,,,,,,,,,,,,,DB,Utah,,,,,,,,,,,,,,,,,,,,,,,,,,3.0,18.0,1.0,28.0,0.0638297872340425,0.5957446808510638,6.333333333333333,22.0,2.0,21.0
Denzel Perryman,,SDG,2,48,2015,Miami (FL),2011,2014,47.0,,,,,,,,,,,,,,LB,Miami (FL),,,,,,,,,,,,,,,,4.5,240.0,111.0,351.0,27.0,0.0957446808510638,5.1063829787234045,2.3617021276595747,7.468085106382978,0.574468085106383,,,,,,,13.107692307692306,22.0,29.0,45.0
Ronald Darby,,BUF,2,50,2015,Florida State,2012,2014,35.0,,,,,,,,,,,,,,DB,Florida State,,,,,,,,,,,,,,,,,,,,,,,,,,2.0,16.0,0.0,16.0,0.0571428571428571,0.4571428571428571,38.5,21.0,9.0,34.0
Nate Orchard,,CLE,2,51,2015,Utah,2013,2014,24.0,,,,,,,,,,,,,,DE,Utah,,,,,,,,,,,,,,,,21.5,76.0,57.0,133.0,29.5,0.8958333333333334,3.1666666666666665,2.375,5.541666666666667,1.2291666666666667,,,,,,,,22.0,7.0,8.0
Jordan Phillips,,MIA,2,52,2015,Oklahoma,2012,2014,28.0,,,,,,,,,,,,,,DL,Oklahoma,,,,,,,,,,,,,,,,3.5,28.0,30.0,58.0,9.0,0.125,1.0,1.0714285714285714,2.0714285714285716,0.3214285714285714,,,,,,,,22.0,9.0,32.0
Jake Fisher,,CIN,2,53,2015,Oregon,2012,2012,13.0,,,,,,,,,,,,,,OL,Oregon,,,,,,,,,,,,,,,,,,,,,,,,,,,,,,,,27.2,22.0,9.0,9.0
Ameer Abdullah,,DET,2,54,2015,Nebraska,2011,2014,53.0,,,,,,,,,,,,,,RB,Nebraska,813.0,4588.0,5.6,39.0,73.0,690.0,9.5,7.0,86.6,13.0,,,,,,,,,,,,,,,,,,,,,,14.905194805194807,22.0,10.0,22.0
Maxx Williams,,RAV,2,55,2015,Minnesota,2013,2014,25.0,,,,,,,,,,,,,,TE,Minnesota,,,,,,,,,,,39.4,61.0,986.0,16.2,13.0,,,,,,,,,,,,,,,,,3.575,21.0,4.0,8.0
Senquez Golson,,PIT,2,56,2015,Ole Miss,2011,2014,47.0,,,,,,,,,,,,,,DB,Ole Miss,,,,,,,,,,,,,,,,,,,,,,,,,,16.0,232.0,1.0,12.0,0.3404255319148936,0.2553191489361702,10.542857142857143,22.0,,
Rob Havenstein,,RAM,2,57,2015,Wisconsin,2013,2013,2.0,,,,,,,,,,,,,,OL,Wisconsin,,,,,,,,,,,,,,,,,,,,,,,,,,,,,,,,,23.0,58.0,58.0
Markus Golden,,CRD,2,58,2015,Missouri,2012,2014,39.0,,,,,,,,,,,,,,LB,Missouri,,,,,,,,,,,,,,,,16.5,77.0,66.0,143.0,33.0,0.4230769230769231,1.9743589743589745,1.6923076923076923,3.6666666666666665,0.8461538461538461,,,,,,,19.3,24.0,23.0,33.0
Ty Sambrailo,,DEN,2,59,2015,Colorado State,2012,2014,24.0,,,,,,,,,,,,,,OL,Colorado State,,,,,,,,,,,,,,,,,,,,,,,,,,,,,,,,3.0,23.0,4.0,14.0
Randy Gregory,,DAL,2,60,2015,Nebraska,2013,2014,24.0,,,,,,,,,,,,,,DE,Nebraska,,,,,,,,,,,,,,,,16.5,62.0,57.0,119.0,25.5,0.6875,2.5833333333333335,2.375,4.958333333333333,1.0625,,,,,,,12.35,22.0,11.0,15.0
Quinten Rollins,,GNB,2,62,2015,Miami (OH),2014,2014,12.0,,,,,,,,,,,,,,DB,Miami (OH),,,,,,,,,,,,,,,,,,,,,,,,,,7.0,35.0,1.0,9.0,0.5833333333333334,0.75,-18.7,23.0,7.0,7.0
Frank Clark,,SEA,2,63,2015,Michigan,2011,2014,45.0,,,,,,,,,,,,,,LB,Michigan,,,,,,,,,,,,,,,,11.5,66.0,49.0,115.0,35.5,0.2555555555555555,1.4666666666666666,1.0888888888888888,2.5555555555555554,0.7888888888888889,,,,,,,20.0,22.0,20.0,49.0
Jordan Richards,,NWE,2,64,2015,Stanford,2011,2014,54.0,,,,,,,,,,,,,,DB,Stanford,,,,,,,,,,,,,,,,,,,,,,,,,,9.0,67.0,1.0,9.0,0.1666666666666666,0.1666666666666666,10.711764705882352,22.0,5.0,10.0
D'Joun Smith,,CLT,3,65,2015,Florida Atlantic,2012,2014,34.0,,,,,,,,,,,,,,DB,Florida Atlantic,,,,,,,,,,,,,,,,,,,,,,,,,,9.0,135.0,2.0,21.0,0.2647058823529412,0.6176470588235294,-11.633333333333333,22.0,0.0,0.0
A.J. Cann,,JAX,3,67,2015,South Carolina,2012,2014,26.0,,,,,,,,,,,,,,OL,South Carolina,,,,,,,,,,,,,,,,,,,,,,,,,,,,,,,,,23.0,35.0,39.0
Clive Walford,,RAI,3,68,2015,Miami (FL),2011,2014,48.0,,,,,,,,,,,,,,TE,Miami (FL),,,,,,,,,,,36.5,121.0,1753.0,14.5,14.0,,,,,,,,,,,,,,,,,13.85,23.0,7.0,7.0
Tyler Lockett,,SEA,3,69,2015,Kansas State,2011,2014,47.0,,,,,,,,,,,,,,WR,Kansas State,,,,,,,,,,,78.9,249.0,3710.0,14.9,29.0,,,,,,,,,,,,,,,,,17.01264367816092,22.0,67.0,68.0
Jaelen Strong,,HTX,3,70,2015,Arizona State,2013,2014,26.0,,,,,,,,,,,,,,WR,Arizona State,,,,,,,,,,,88.0,157.0,2287.0,14.6,17.0,,,,,,,,,,,,,,,,,16.166666666666668,21.0,2.0,2.0
Hroniss Grasu,,CHI,3,71,2015,Oregon,2013,2014,13.0,,,,,,,,,,,,,,OL,Oregon,,,,,,,,,,,,,,,,,,,,,,,,,,,,,,,,24.7,24.0,5.0,8.0
Jamon Brown,,RAM,3,72,2015,Louisville,2012,2012,13.0,,,,,,,,,,,,,,OL,Louisville,,,,,,,,,,,,,,,,,,,,,,,,,,,,,,,,,22.0,13.0,21.0
Tevin Coleman,,ATL,3,73,2015,Indiana,2012,2014,33.0,,,,,,,,,,,,,,RB,Indiana,452.0,3219.0,7.1,28.0,54.0,383.0,7.1,0.0,97.5,11.6,,,,,,,,,,,,,,,,,,,,,,-0.7499999999999999,22.0,25.0,33.0
Owamagbe Odighizuwa,,NYG,3,74,2015,UCLA,2010,2014,51.0,,,,,,,,,,,,,,DL,UCLA,,,,,,,,,,,,,,,,12.5,85.0,51.0,136.0,24.5,0.2450980392156862,1.6666666666666667,1.0,2.6666666666666665,0.4803921568627451,,,,,,,,23.0,1.0,1.0
Garrett Grayson,145.3,NOR,3,75,2015,Colorado State,2011,2014,37.0,688.0,1113.0,425.0,61.8,9190.0,64.0,27.0,5.8,2.4,8.3,8.32,13.4,248.4,QB,Colorado State,,,,,,,,,,,,,,,,,,,,,,,,,,,,,,,,-2.4155172413793102,24.0,,
Chris Conley,,KAN,3,76,2015,Georgia,2011,2014,49.0,,,,,,,,,,,,,,WR,Georgia,,,,,,,,,,,39.6,117.0,1938.0,16.6,20.0,,,,,,,,,,,,,,,,,26.32,22.0,11.0,23.0
Duke Johnson,,CLE,3,77,2015,Miami (FL),2012,2014,33.0,,,,,,,,,,,,,,RB,Miami (FL),526.0,3519.0,6.7,26.0,69.0,719.0,10.4,4.0,106.6,21.8,,,,,,,,,,,,,,,,,,,,,,,21.0,18.0,28.0
P.J. Williams,,NOR,3,78,2015,Florida State,2012,2014,39.0,,,,,,,,,,,,,,DB,Florida State,,,,,,,,,,,,,,,,,,,,,,,,,,4.0,38.0,1.0,18.0,0.1025641025641025,0.4615384615384615,33.5,22.0,19.0,19.0
Eli Harold,,SFO,3,79,2015,Virginia,2012,2014,36.0,,,,,,,,,,,,,,DL,Virginia,,,,,,,,,,,,,,,,17.5,75.0,66.0,141.0,36.5,0.4861111111111111,2.0833333333333335,1.8333333333333333,3.9166666666666665,1.0138888888888888,,,,,,,1.85,21.0,11.0,11.0
Alex Carter,,DET,3,80,2015,Stanford,2012,2014,40.0,,,,,,,,,,,,,,DB,Stanford,,,,,,,,,,,,,,,,,,,,,,,,,,2.0,0.0,0.0,16.0,0.05,0.4,19.146153846153847,20.0,0.0,0.0
John Miller,,BUF,3,81,2015,Louisville,2000,2002,33.0,,,,,,,,,,,,,,DB,South Florida,,,,,,,,,,,,,,,,,,,,,,,,,,3.0,24.0,0.0,,0.0909090909090909,,,22.0,19.0,31.0
Lorenzo Mauldin,,NYJ,3,82,2015,Louisville,2012,2014,36.0,,,,,,,,,,,,,,DL,Louisville,,,,,,,,,,,,,,,,21.0,77.0,37.0,114.0,33.5,0.5833333333333334,2.138888888888889,1.0277777777777777,3.1666666666666665,0.9305555555555556,,,,,,,,22.0,4.0,4.0
Craig Mager,,SDG,3,83,2015,Texas State,2012,2014,36.0,,,,,,,,,,,,,,DB,Texas State,,,,,,,,,,,,,,,,,,,,,,,,,,7.0,21.0,0.0,19.0,0.1944444444444444,0.5277777777777778,-10.921739130434782,23.0,4.0,4.0
Jordan Hicks,,PHI,3,84,2015,Texas,2010,2014,47.0,,,,,,,,,,,,,,LB,Texas,,,,,,,,,,,,,,,,5.5,128.0,111.0,239.0,20.5,0.1170212765957446,2.723404255319149,2.3617021276595747,5.085106382978723,0.4361702127659574,,,,,,,9.0,23.0,18.0,53.0
Tyler Kroft,,CIN,3,85,2015,Rutgers,2012,2014,37.0,,,,,,,,,,,,,,TE,Rutgers,,,,,,,,,,,24.4,70.0,901.0,12.9,5.0,,,,,,,,,,,,,,,,,-3.2,22.0,6.0,9.0
Sammie Coates,,PIT,3,87,2015,Auburn,2012,2014,37.0,,,,,,,,,,,,,,WR,Auburn,,,,,,,,,,,47.5,82.0,1757.0,21.4,13.0,,,,,,,,,,,,,,,,,18.066666666666666,22.0,4.0,4.0
Danielle Hunter,,MIN,3,88,2015,LSU,2012,2014,38.0,,,,,,,,,,,,,,DL,LSU,,,,,,,,,,,,,,,,4.5,52.0,90.0,142.0,21.0,0.1184210526315789,1.368421052631579,2.3684210526315788,3.736842105263158,0.5526315789473685,,,,,,,,20.0,58.0,83.0
Sean Mannion,135.8,RAM,3,89,2015,Oregon State,2011,2014,47.0,1187.0,1838.0,651.0,64.6,13600.0,83.0,54.0,4.5,2.9,7.4,6.98,11.5,289.4,QB,Oregon State,,,,,,,,,,,,,,,,,,,,,,,,,,,,,,,,7.077358490566037,23.0,1.0,2.0
Carl Davis,,RAV,3,90,2015,Iowa,2011,2014,44.0,,,,,,,,,,,,,,DL,Iowa,,,,,,,,,,,,,,,,3.5,31.0,63.0,94.0,14.5,0.0795454545454545,0.7045454545454546,1.431818181818182,2.136363636363636,0.3295454545454545,,,,,,,,23.0,7.0,13.0
Chaz Green,,DAL,3,91,2015,Florida,2011,2011,9.0,,,,,,,,,,,,,,OL,Florida,,,,,,,,,,,,,,,,,,,,,,,,,,,,,,,,,23.0,4.0,7.0
Jeff Heuerman,,DEN,3,92,2015,Ohio State,2011,2014,47.0,,,,,,,,,,,,,,TE,Ohio State,,,,,,,,,,,16.9,52.0,792.0,15.2,7.0,,,,,,,,,,,,,,,,,24.542857142857144,22.0,5.0,5.0
Henry Anderson,,CLT,3,93,2015,Stanford,2011,2014,47.0,,,,,,,,,,,,,,DL,Stanford,,,,,,,,,,,,,,,,17.0,77.0,65.0,142.0,31.5,0.3617021276595745,1.6382978723404256,1.3829787234042554,3.021276595744681,0.6702127659574468,,,,,,,,24.0,8.0,21.0
Ty Montgomery,,GNB,3,94,2015,Stanford,2011,2014,49.0,,,,,,,,,,,,,,WR,Stanford,,,,,,,,,,,43.4,172.0,2125.0,12.4,15.0,,,,,,,,,,,,,,,,,19.73846153846154,22.0,13.0,17.0
Matt Jones,,WAS,3,95,2015,Florida,2012,2014,28.0,,,,,,,,,,,,,,RB,Florida,297.0,1431.0,4.8,11.0,19.0,100.0,5.3,1.0,51.1,3.6,,,,,,,,,,,,,,,,,,,,,,15.379545454545456,22.0,9.0,9.0
Xavier Cooper,,CLE,3,96,2015,Washington State,2012,2014,36.0,,,,,,,,,,,,,,DL,Washington State,,,,,,,,,,,,,,,,13.0,70.0,52.0,122.0,32.5,0.3611111111111111,1.9444444444444444,1.4444444444444444,3.388888888888889,0.9027777777777778,,,,,,,,23.0,3.0,4.0
Geneo Grissom,,NWE,3,97,2015,Oklahoma,2012,2012,12.0,,,,,,,,,,,,,,TE,Oklahoma,,,,,,,,,,,0.0,0.0,0.0,,0.0,,,,,,,,,,,,,,,,,19.4,23.0,3.0,3.0
Geneo Grissom,,NWE,3,97,2015,Oklahoma,2011,2014,28.0,,,,,,,,,,,,,,DL,Oklahoma,,,,,,,,,,,,,,,,7.5,52.0,32.0,84.0,16.5,0.2678571428571428,1.8571428571428572,1.1428571428571428,3.0,0.5892857142857143,,,,,,,19.4,23.0,3.0,3.0
Steven Nelson,,KAN,3,98,2015,Oregon State,2013,2014,25.0,,,,,,,,,,,,,,CB,Oregon State,,,,,,,,,,,,,,,,,,,,,,,,,,8.0,26.0,1.0,16.0,0.32,0.64,5.876923076923077,22.0,11.0,36.0
Paul Dawson,,CIN,3,99,2015,Texas Christian,2012,2014,37.0,,,,,,,,,,,,,,LB,Texas Christian,,,,,,,,,,,,,,,,6.5,136.0,105.0,241.0,31.0,0.1756756756756756,3.675675675675676,2.8378378378378377,6.513513513513513,0.8378378378378378,,,,,,,,22.0,1.0,1.0
Angelo Blackson,,OTI,4,100,2015,Auburn,2011,2014,49.0,,,,,,,,,,,,,,DL,Auburn,,,,,,,,,,,,,,,,4.5,32.0,33.0,65.0,17.0,0.0918367346938775,0.6530612244897959,0.673469387755102,1.326530612244898,0.3469387755102041,,,,,,,9.0,22.0,1.0,23.0
Trey Flowers,,NWE,4,101,2015,Arkansas,2011,2014,49.0,,,,,,,,,,,,,,DL,Arkansas,,,,,,,,,,,,,,,,18.0,97.0,93.0,190.0,47.5,0.3673469387755102,1.979591836734694,1.8979591836734695,3.877551020408163,0.9693877551020408,,,,,,,1.5,22.0,24.0,34.0
Bryce Petty,166.0,NYJ,4,103,2015,Baylor,2011,2014,37.0,530.0,845.0,315.0,62.7,8195.0,62.0,10.0,7.3,1.2,9.7,10.63,15.5,221.5,QB,Baylor,,,,,,,,,,,,,,,,,,,,,,,,,,,,,,,,16.55,24.0,4.0,4.0
James Sample,,JAX,4,104,2015,Louisville,2014,2014,13.0,,,,,,,,,,,,,,S,Louisville,,,,,,,,,,,,,,,,,,,,,,,,,,4.0,36.0,0.0,8.0,0.3076923076923077,0.6153846153846154,17.0,23.0,1.0,1.0
Jamison Crowder,,WAS,4,105,2015,Duke,2011,2014,52.0,,,,,,,,,,,,,,WR,Duke,,,,,,,,,,,70.0,283.0,3641.0,12.9,23.0,,,,,,,,,,,,,,,,,-2.1052083333333336,22.0,22.0,33.0
Jeremy Langford,,CHI,4,106,2015,Michigan State,2013,2014,27.0,,,,,,,,,,,,,,RB,Michigan State,568.0,2944.0,5.2,40.0,39.0,219.0,5.6,1.0,109.0,8.1,,,,,,,,,,,,,,,,,,,,,,20.0,23.0,7.0,7.0
Jeremy Langford,,CHI,4,106,2015,Michigan State,2011,2012,22.0,,,,,,,,,,,,,,DB,Michigan State,,,,,,,,,,,,,,,,,,,,,,,,,,0.0,0.0,0.0,,0.0,,20.0,23.0,7.0,7.0
Justin Hardy,,ATL,4,107,2015,East Carolina,2011,2014,49.0,,,,,,,,,,,,,,WR,East Carolina,,,,,,,,,,,92.7,387.0,4541.0,11.7,35.0,,,,,,,,,,,,,,,,,2.426829268292683,23.0,8.0,8.0
Jalston Fowler,,OTI,4,108,2015,Alabama,2011,2014,38.0,,,,,,,,,,,,,,RB,Alabama,99.0,627.0,6.3,4.0,19.0,150.0,7.9,7.0,16.5,3.9,,,,,,,,,,,,,,,,,,,,,,34.05,25.0,0.0,0.0
Jalston Fowler,,OTI,4,108,2015,Alabama,2010,2010,11.0,,,,,,,,,,,,,,LB,Alabama,,,,,,,,,,,,,,,,0.0,2.0,0.0,2.0,0.0,0.0,0.1818181818181818,0.0,0.1818181818181818,0.0,,,,,,,34.05,25.0,0.0,0.0
Clayton Geathers,,CLT,4,109,2015,UCF,2010,2014,53.0,,,,,,,,,,,,,,DB,UCF,,,,,,,,,,,,,,,,,,,,,,,,,,3.0,7.0,0.0,30.0,0.0566037735849056,0.5660377358490566,9.0,23.0,13.0,13.0
T.J. Clemmings,,MIN,4,110,2015,Pitt,2010,2012,15.0,,,,,,,,,,,,,,DL,Pitt,,,,,,,,,,,,,,,,0.0,15.0,8.0,23.0,2.0,0.0,1.0,0.5333333333333333,1.5333333333333334,0.1333333333333333,,,,,,,,23.0,13.0,15.0
Tre' Jackson,,NWE,4,111,2015,Florida State,2014,2014,12.0,,,,,,,,,,,,,,G,Florida State,,,,,,,,,,,,,,,,,,,,,,,,,,,,,,,,4.634615384615385,22.0,6.0,6.0
Gabe Wright,,DET,4,113,2015,Auburn,2011,2014,51.0,,,,,,,,,,,,,,DL,Auburn,,,,,,,,,,,,,,,,6.0,43.0,40.0,83.0,20.5,0.1176470588235294,0.8431372549019608,0.7843137254901961,1.6274509803921569,0.4019607843137255,,,,,,,,23.0,1.0,1.0
Jamil Douglas,,MIA,4,114,2015,Arizona State,2012,2014,26.0,,,,,,,,,,,,,,OL,Arizona State,,,,,,,,,,,,,,,,,,,,,,,,,,,,,,,,,23.0,3.0,7.0
Ibraheim Campbell,,CLE,4,115,2015,Northwestern,2011,2014,46.0,,,,,,,,,,,,,,DB,Northwestern,,,,,,,,,,,,,,,,,,,,,,,,,,10.0,184.0,0.0,12.0,0.217391304347826,0.2608695652173913,2.6538461538461537,23.0,5.0,6.0
Blake Bell,128.7,SFO,4,117,2015,Oklahoma,2011,2013,31.0,150.0,253.0,103.0,59.3,1763.0,12.0,6.0,4.7,2.4,7.0,6.85,11.8,56.9,QB,Oklahoma,,,,,,,,,,,,,,,,,,,,,,,,,,,,,,,,24.573913043478264,24.0,2.0,5.0
Blake Bell,,SFO,4,117,2015,Oklahoma,2014,2014,12.0,,,,,,,,,,,,,,TE,Oklahoma,,,,,,,,,,,17.8,16.0,214.0,13.4,4.0,,,,,,,,,,,,,,,,,24.573913043478264,24.0,2.0,5.0
Ramik Wilson,,KAN,4,118,2015,Georgia,2011,2014,43.0,,,,,,,,,,,,,,LB,Georgia,,,,,,,,,,,,,,,,6.0,138.0,115.0,253.0,19.0,0.1395348837209302,3.2093023255813953,2.6744186046511627,5.883720930232558,0.4418604651162791,,,,,,,,23.0,12.0,14.0
Josh Shaw,,CIN,4,120,2015,USC,2011,2012,23.0,,,,,,,,,,,,,,DB,FloridaUSC,,,,,,,,,,,,,,,,,,,,,,,,,,2.0,14.0,0.0,1.0,0.0869565217391304,0.0434782608695652,22.315384615384616,23.0,7.0,7.0
Doran Grant,,PIT,4,121,2015,Ohio State,2011,2014,53.0,,,,,,,,,,,,,,DB,Ohio State,,,,,,,,,,,,,,,,,,,,,,,,,,9.0,146.0,1.0,19.0,0.1698113207547169,0.3584905660377358,26.705882352941178,22.0,0.0,0.0
Za'Darius Smith,,RAV,4,122,2015,Kentucky,2013,2014,24.0,,,,,,,,,,,,,,DE,Kentucky,,,,,,,,,,,,,,,,11.0,50.0,70.0,120.0,14.5,0.4583333333333333,2.0833333333333335,2.9166666666666665,5.0,0.6041666666666666,,,,,,,,22.0,10.0,57.0
Vince Mayle,,CLE,4,123,2015,Washington State,2013,2014,23.0,,,,,,,,,,,,,,WR,Washington State,,,,,,,,,,,87.9,148.0,2022.0,13.7,16.0,,,,,,,,,,,,,,,,,1.5999999999999999,24.0,,0.0
Kwon Alexander,,TAM,4,124,2015,LSU,2012,2014,32.0,,,,,,,,,,,,,,LB,LSU,,,,,,,,,,,,,,,,1.5,78.0,89.0,167.0,15.0,0.046875,2.4375,2.78125,5.21875,0.46875,,,,,,,,21.0,22.0,43.0
Javorius Allen,,RAV,4,125,2015,USC,2012,2014,29.0,,,,,,,,,,,,,,RB,USC,417.0,2306.0,5.5,25.0,63.0,710.0,11.3,2.0,79.5,24.5,,,,,,,,,,,,,,,,,,,,,,20.22,24.0,14.0,14.0
Mike Davis,,SFO,4,126,2015,South Carolina,2012,2014,37.0,,,,,,,,,,,,,,RB,South Carolina,454.0,2440.0,5.4,22.0,70.0,755.0,10.8,2.0,65.9,20.4,,,,,,,,,,,,,,,,,,,,,,15.508333333333333,22.0,1.0,20.0
Damien Wilson,,DAL,4,127,2015,Minnesota,2013,2014,25.0,,,,,,,,,,,,,,LB,Minnesota,,,,,,,,,,,,,,,,5.0,108.0,87.0,195.0,16.0,0.2,4.32,3.48,7.8,0.64,,,,,,,6.8,22.0,10.0,31.0
Jake Ryan,,GNB,4,129,2015,Michigan,2011,2014,46.0,,,,,,,,,,,,,,LB,Michigan,,,,,,,,,,,,,,,,9.5,166.0,101.0,267.0,45.5,0.2065217391304347,3.608695652173913,2.1956521739130435,5.804347826086956,0.9891304347826086,,,,,,,8.2,23.0,14.0,14.0
Shaquille Mason,,NWE,4,131,2015,Georgia Tech,2012,2014,28.0,,,,,,,,,,,,,,OL,Georgia Tech,,,,,,,,,,,,,,,,,,,,,,,,,,,,,,,,,22.0,42.0,54.0
Deandre Smelter,,SFO,4,132,2015,Georgia Tech,2013,2014,24.0,,,,,,,,,,,,,,WR,Georgia Tech,,,,,,,,,,,44.2,56.0,1060.0,18.9,11.0,,,,,,,,,,,,,,,,,,23.0,0.0,0.0
Mark Glowinski,,SEA,4,134,2015,West Virginia,2013,2013,1.0,,,,,,,,,,,,,,OL,West Virginia,,,,,,,,,,,,,,,,,,,,,,,,,,,,,,,,,23.0,9.0,41.0
Marcus Hardison,,CIN,4,135,2015,Arizona State,2013,2014,17.0,,,,,,,,,,,,,,DL,Arizona State,,,,,,,,,,,,,,,,11.0,37.0,21.0,58.0,16.0,0.6470588235294118,2.176470588235294,1.2352941176470589,3.411764705882353,0.9411764705882352,,,,,,,13.5,23.0,,
Grady Jarrett,,ATL,5,137,2015,Clemson,2011,2014,48.0,,,,,,,,,,,,,,DL,Clemson,,,,,,,,,,,,,,,,5.5,78.0,66.0,144.0,28.5,0.1145833333333333,1.625,1.375,3.0,0.59375,,,,,,,,22.0,56.0,57.0
David Cobb,,OTI,5,138,2015,Minnesota,2011,2014,35.0,,,,,,,,,,,,,,RB,Minnesota,562.0,2893.0,5.1,20.0,34.0,339.0,10.0,0.0,82.7,9.7,,,,,,,,,,,,,,,,,,,,,,2.6809523809523808,22.0,1.0,1.0
Rashad Greene,,JAX,5,139,2015,Florida State,2011,2014,51.0,,,,,,,,,,,,,,WR,Florida State,,,,,,,,,,,75.1,270.0,3830.0,14.2,29.0,,,,,,,,,,,,,,,,,,22.0,2.0,2.0
Ben Heeney,,RAI,5,140,2015,Kansas,2011,2014,46.0,,,,,,,,,,,,,,LB,Kansas,,,,,,,,,,,,,,,,3.5,217.0,117.0,334.0,35.0,0.0760869565217391,4.717391304347826,2.5434782608695654,7.260869565217392,0.7608695652173914,,,,,,,-9.76923076923077,23.0,3.0,3.0
Martrell Spaight,,WAS,5,141,2015,Arkansas,2013,2014,20.0,,,,,,,,,,,,,,LB,Arkansas,,,,,,,,,,,,,,,,2.0,77.0,73.0,150.0,11.5,0.1,3.85,3.65,7.5,0.575,,,,,,,12.2,22.0,6.0,6.0
Adrian Amos,,CHI,5,142,2015,Penn State,2011,2014,48.0,,,,,,,,,,,,,,DB,Penn State,,,,,,,,,,,,,,,,,,,,,,,,,,7.0,135.0,0.0,16.0,0.1458333333333333,0.3333333333333333,11.646153846153847,22.0,19.0,38.0
Bobby McCain,,MIA,5,145,2015,Memphis,2011,2014,45.0,,,,,,,,,,,,,,DB,Memphis,,,,,,,,,,,,,,,,,,,,,,,,,,12.0,246.0,4.0,12.0,0.2666666666666666,0.2666666666666666,-5.6875,22.0,17.0,28.0
Stefon Diggs,,MIN,5,146,2015,Maryland,2012,2014,28.0,,,,,,,,,,,,,,WR,Maryland,,,,,,,,,,,79.5,150.0,2227.0,14.8,14.0,,,,,,,,,,,,,,,,,2.41304347826087,21.0,32.0,90.0
Brett Hundley,150.8,GNB,5,147,2015,UCLA,2012,2014,40.0,837.0,1241.0,404.0,67.4,9966.0,75.0,25.0,6.0,2.0,8.0,8.33,11.9,249.2,QB,UCLA,,,,,,,,,,,,,,,,,,,,,,,,,,,,,,,,17.71206896551724,22.0,5.0,5.0
Jay Ajayi,,MIA,5,149,2015,Boise State,2012,2014,38.0,,,,,,,,,,,,,,RB,Boise State,678.0,3796.0,5.6,50.0,73.0,771.0,10.6,5.0,99.9,20.3,,,,,,,,,,,,,,,,,,,,,,12.285714285714286,22.0,14.0,19.0
Cedric Thompson,,MIA,5,150,2015,Minnesota,2012,2014,39.0,,,,,,,,,,,,,,DB,Minnesota,,,,,,,,,,,,,,,,,,,,,,,,,,5.0,27.0,0.0,2.0,0.1282051282051282,0.0512820512820512,2.984210526315789,22.0,,
David Parry,,CLT,5,151,2015,Stanford,2011,2014,48.0,,,,,,,,,,,,,,DL,Stanford,,,,,,,,,,,,,,,,6.5,41.0,48.0,89.0,16.0,0.1354166666666666,0.8541666666666666,1.0,1.8541666666666667,0.3333333333333333,,,,,,,,23.0,13.0,13.0
Tyeler Davison,,NOR,5,154,2015,Fresno State,2011,2014,52.0,,,,,,,,,,,,,,DL,Fresno State,,,,,,,,,,,,,,,,14.5,95.0,65.0,160.0,27.5,0.2788461538461538,1.8269230769230769,1.25,3.076923076923077,0.5288461538461539,,,,,,,,22.0,16.0,31.0
Karlos Williams,,BUF,5,155,2015,Florida State,2013,2014,26.0,,,,,,,,,,,,,,RB,Florida State,241.0,1419.0,5.9,22.0,37.0,328.0,8.9,1.0,54.6,12.6,,,,,,,,,,,,,,,,,,,,,,31.731818181818184,22.0,4.0,4.0
Karlos Williams,,BUF,5,155,2015,Florida State,2011,2012,25.0,,,,,,,,,,,,,,DB,Florida State,,,,,,,,,,,,,,,,,,,,,,,,,,1.0,41.0,0.0,,0.04,,31.731818181818184,22.0,4.0,4.0
Tony Lippett,,MIA,5,156,2015,Michigan State,2012,2014,38.0,,,,,,,,,,,,,,WR,Michigan State,,,,,,,,,,,58.0,145.0,2203.0,15.2,15.0,,,,,,,,,,,,,,,,,19.18936170212766,23.0,6.0,6.0
Tony Lippett,,MIA,5,156,2015,Michigan State,2011,2011,14.0,,,,,,,,,,,,,,DB,Michigan State,,,,,,,,,,,,,,,,,,,,,,,,,,0.0,0.0,0.0,5.0,0.0,0.3571428571428571,19.18936170212766,23.0,6.0,6.0
C.J. Uzomah,,CIN,5,157,2015,Auburn,2011,2014,43.0,,,,,,,,,,,,,,TE,Auburn,,,,,,,,,,,10.1,29.0,435.0,15.0,7.0,,,,,,,,,,,,,,,,,15.759090909090908,22.0,13.0,14.0
Shaquille Riddick,,CRD,5,158,2015,West Virginia,2014,2014,13.0,,,,,,,,,,,,,,DL,West Virginia,,,,,,,,,,,,,,,,7.0,24.0,3.0,27.0,11.0,0.5384615384615384,1.8461538461538465,0.2307692307692307,2.076923076923077,0.8461538461538461,,,,,,,,22.0,,
Jesse James,,PIT,5,160,2015,Penn State,2012,2014,33.0,,,,,,,,,,,,,,TE,Penn State,,,,,,,,,,,30.5,78.0,1005.0,12.9,11.0,,,,,,,,,,,,,,,,,10.733333333333333,21.0,10.0,12.0
Neiron Ball,,RAI,5,161,2015,Florida,2010,2014,43.0,,,,,,,,,,,,,,LB,Florida,,,,,,,,,,,,,,,,3.0,37.0,57.0,94.0,5.5,0.0697674418604651,0.8604651162790697,1.3255813953488371,2.186046511627907,0.127906976744186,,,,,,,17.444444444444443,23.0,1.0,1.0
Kenny Bell,,TAM,5,162,2015,Nebraska,2011,2014,53.0,,,,,,,,,,,,,,WR,Nebraska,,,,,,,,,,,50.7,181.0,2689.0,14.9,21.0,,,,,,,,,,,,,,,,,21.063157894736843,23.0,,
Ryan Russell,,DAL,5,163,2015,Purdue,2011,2014,50.0,,,,,,,,,,,,,,DL,Purdue,,,,,,,,,,,,,,,,10.0,101.0,48.0,149.0,25.0,0.2,2.02,0.96,2.98,0.5,,,,,,,,23.0,0.0,4.0
Lorenzo Doss,,DEN,5,164,2015,Tulane,2012,2014,37.0,,,,,,,,,,,,,,DB,Tulane,,,,,,,,,,,,,,,,,,,,,,,,,,15.0,271.0,2.0,17.0,0.4054054054054054,0.4594594594594595,-15.166666666666666,21.0,0.0,0.0
Joe Cardona,,NWE,5,166,2015,Navy,2011,2012,25.0,,,,,,,,,,,,,,OL,Navy,,,,,,,,,,,,,,,,,,,,,,,,,,,,,,,,,23.0,8.0,8.0
Joe Cardona,,NWE,5,166,2015,Navy,2013,2014,17.0,,,,,,,,,,,,,,LS,Navy,,,,,,,,,,,,,,,,,,,,,,,,,,0.0,0.0,0.0,,0.0,,,23.0,8.0,8.0
Damian Swann,,NOR,5,167,2015,Georgia,2011,2014,50.0,,,,,,,,,,,,,,DB,Georgia,,,,,,,,,,,,,,,,,,,,,,,,,,8.0,79.0,0.0,16.0,0.16,0.32,27.105555555555558,22.0,1.0,1.0
Michael Burton,,DET,5,168,2015,Rutgers,2011,2014,41.0,,,,,,,,,,,,,,RB,Rutgers,22.0,116.0,5.3,0.0,47.0,401.0,8.5,3.0,2.8,9.8,,,,,,,,,,,,,,,,,,,,,,-2.3684210526315788,23.0,0.0,1.0
David Mayo,,CAR,5,169,2015,Texas State,2013,2014,21.0,,,,,,,,,,,,,,LB,Texas State,,,,,,,,,,,,,,,,2.5,135.0,108.0,243.0,9.0,0.119047619047619,6.428571428571429,5.142857142857143,11.571428571428571,0.4285714285714285,,,,,,,-13.7,22.0,4.0,18.0
David Mayo,,CAR,5,169,2015,Texas State,2012,2012,7.0,,,,,,,,,,,,,,DB,Texas State,,,,,,,,,,,,,,,,,,,,,,,,,,0.0,0.0,0.0,1.0,0.0,0.1428571428571428,-13.7,22.0,4.0,18.0
D.J. Alexander,,KAN,5,172,2015,Oregon State,2012,2014,33.0,,,,,,,,,,,,,,LB,Oregon State,,,,,,,,,,,,,,,,6.5,105.0,78.0,183.0,20.5,0.1969696969696969,3.1818181818181817,2.363636363636364,5.545454545454546,0.6212121212121212,,,,,,,3.2,23.0,5.0,7.0
Cameron Artis-Payne,,CAR,5,174,2015,Auburn,2013,2014,26.0,,,,,,,,,,,,,,RB,Auburn,394.0,2218.0,5.6,19.0,14.0,151.0,10.8,0.0,85.3,5.8,,,,,,,,,,,,,,,,,,,,,,24.7,25.0,5.0,5.0
Keith Mumphery,,HTX,5,175,2015,Michigan State,2011,2014,52.0,,,,,,,,,,,,,,WR,Michigan State,,,,,,,,,,,25.9,88.0,1348.0,15.3,7.0,,,,,,,,,,,,,,,,,18.942857142857143,23.0,2.0,2.0
Deiontrez Mount,,OTI,6,177,2015,Louisville,2011,2014,43.0,,,,,,,,,,,,,,DL,Louisville,,,,,,,,,,,,,,,,11.0,50.0,33.0,83.0,20.0,0.2558139534883721,1.162790697674419,0.7674418604651163,1.930232558139535,0.4651162790697674,,,,,,,,22.0,0.0,1.0
Matthew Wells,,NWE,6,178,2015,Mississippi State,2011,2011,13.0,,,,,,,,,,,,,,RB,Mississippi State,0.0,0.0,,0.0,0.0,0.0,,0.0,0.0,0.0,,,,,,,,,,,,,,,,,,,,,,,24.0,,
Matthew Wells,,NWE,6,178,2015,Mississippi State,2012,2014,37.0,,,,,,,,,,,,,,LB,Mississippi State,,,,,,,,,,,,,,,,6.0,61.0,60.0,121.0,16.0,0.1621621621621621,1.648648648648649,1.6216216216216215,3.27027027027027,0.4324324324324324,,,,,,,,24.0,,
Max Valles,,RAI,6,179,2015,Virginia,2013,2014,20.0,,,,,,,,,,,,,,DE,Virginia,,,,,,,,,,,,,,,,13.0,32.0,46.0,78.0,18.0,0.65,1.6,2.3,3.9,0.9,,,,,,,4.0,21.0,,
Michael Bennett,,JAX,6,180,2015,Ohio State,2011,2014,49.0,,,,,,,,,,,,,,DL,Ohio State,,,,,,,,,,,,,,,,18.0,61.0,50.0,111.0,31.5,0.3673469387755102,1.2448979591836735,1.020408163265306,2.2653061224489797,0.6428571428571429,,,,,,,25.3,22.0,1.0,1.0
Kyshoen Jarrett,,WAS,6,181,2015,Virginia Tech,2011,2014,53.0,,,,,,,,,,,,,,DB,Virginia Tech,,,,,,,,,,,,,,,,,,,,,,,,,,5.0,48.0,0.0,7.0,0.0943396226415094,0.1320754716981132,12.314285714285715,22.0,3.0,3.0
Tevin Mitchel,,WAS,6,182,2015,Arkansas,2011,2014,42.0,,,,,,,,,,,,,,DB,Arkansas,,,,,,,,,,,,,,,,,,,,,,,,,,4.0,19.0,1.0,14.0,0.0952380952380952,0.3333333333333333,8.433333333333332,23.0,,
Tayo Fabuluje,,CHI,6,183,2015,Texas Christian,2012,2012,13.0,,,,,,,,,,,,,,OL,Texas Christian,,,,,,,,,,,,,,,,,,,,,,,,,,,,,,,,,24.0,0.0,0.0
Kaelin Clay,,TAM,6,184,2015,Utah,2014,2014,13.0,,,,,,,,,,,,,,WR,Utah,,,,,,,,,,,40.2,43.0,523.0,12.2,4.0,,,,,,,,,,,,,,,,,8.8,23.0,,3.0
Tyrus Thompson,,MIN,6,185,2015,Oklahoma,2014,2014,13.0,,,,,,,,,,,,,,OL,Oklahoma,,,,,,,,,,,,,,,,,,,,,,,,,,,,,,,,,23.0,,
Geremy Davis,,NYG,6,186,2015,Connecticut,2011,2014,47.0,,,,,,,,,,,,,,WR,Connecticut,,,,,,,,,,,48.8,165.0,2292.0,13.9,7.0,,,,,,,,,,,,,,,,,-7.25,23.0,0.0,0.0
Evan Spencer,,WAS,6,187,2015,Ohio State,2011,2014,46.0,,,,,,,,,,,,,,WR,Ohio State,,,,,,,,,,,12.6,52.0,579.0,11.1,7.0,,,,,,,,,,,,,,,,,23.925,22.0,,0.0
Tony Steward,,BUF,6,188,2015,Clemson,2011,2014,40.0,,,,,,,,,,,,,,LB,Clemson,,,,,,,,,,,,,,,,4.5,59.0,43.0,102.0,12.5,0.1125,1.475,1.075,2.55,0.3125,,,,,,,,22.0,1.0,1.0
Charles Gaines,,CLE,6,189,2015,Louisville,2012,2014,32.0,,,,,,,,,,,,,,DB,Louisville,,,,,,,,,,,,,,,,,,,,,,,,,,7.0,118.0,1.0,17.0,0.21875,0.53125,19.439285714285713,22.0,1.0,1.0
Jacorey Shepherd,,PHI,6,191,2015,Kansas,2011,2012,16.0,,,,,,,,,,,,,,WR,Kansas,,,,,,,,,,,15.8,15.0,252.0,16.8,3.0,,,,,,,,,,,,,,,,,,22.0,,1.0
Jacorey Shepherd,,PHI,6,191,2015,Kansas,2013,2014,24.0,,,,,,,,,,,,,,CB,Kansas,,,,,,,,,,,,,,,,,,,,,,,,,,5.0,32.0,1.0,25.0,0.2083333333333333,1.0416666666666667,,22.0,,1.0
Darius Philon,,SDG,6,192,2015,Arkansas,2013,2014,25.0,,,,,,,,,,,,,,DT,Arkansas,,,,,,,,,,,,,,,,7.5,46.0,46.0,92.0,20.5,0.3,1.84,1.84,3.68,0.82,,,,,,,-7.4,21.0,12.0,14.0
B.J. Dubose,,MIN,6,193,2015,Louisville,2012,2014,28.0,,,,,,,,,,,,,,DL,Louisville,,,,,,,,,,,,,,,,6.0,32.0,41.0,73.0,13.0,0.2142857142857142,1.1428571428571428,1.4642857142857142,2.607142857142857,0.4642857142857143,,,,,,,,23.0,,
Nick O'Leary,,BUF,6,194,2015,Florida State,2011,2014,52.0,,,,,,,,,,,,,,TE,Florida State,,,,,,,,,,,30.6,114.0,1591.0,14.0,17.0,,,,,,,,,,,,,,,,,29.82,23.0,4.0,6.0
Malcolm Johnson,,CLE,6,195,2015,Mississippi State,2011,2014,44.0,,,,,,,,,,,,,,WR,Mississippi State,,,,,,,,,,,26.1,79.0,1148.0,14.5,10.0,,,,,,,,,,,,,,,,,6.4781249999999995,23.0,0.0,0.0
Randall Evans,,PHI,6,196,2015,Kansas State,2011,2014,51.0,,,,,,,,,,,,,,DB,Kansas State,,,,,,,,,,,,,,,,,,,,,,,,,,7.0,42.0,0.0,21.0,0.1372549019607843,0.4117647058823529,20.233333333333334,23.0,0.0,0.0
Derron Smith,,CIN,6,197,2015,Fresno State,2010,2014,56.0,,,,,,,,,,,,,,DB,Fresno State,,,,,,,,,,,,,,,,,,,,,,,,,,15.0,296.0,2.0,16.0,0.2678571428571428,0.2857142857142857,2.3342105263157897,23.0,2.0,3.0
Randall Telfer,,CLE,6,198,2015,USC,2011,2014,42.0,,,,,,,,,,,,,,TE,USC,,,,,,,,,,,15.4,65.0,648.0,10.0,12.0,,,,,,,,,,,,,,,,,22.18,23.0,0.0,0.0
Leterrius Walton,,PIT,6,199,2015,Central Michigan,2011,2014,38.0,,,,,,,,,,,,,,DL,Central Michigan,,,,,,,,,,,,,,,,6.0,46.0,60.0,106.0,19.5,0.1578947368421052,1.2105263157894737,1.5789473684210529,2.789473684210526,0.5131578947368421,,,,,,,,23.0,4.0,4.0
Quandre Diggs,,DET,6,200,2015,Texas,2011,2014,52.0,,,,,,,,,,,,,,DB,Texas,,,,,,,,,,,,,,,,,,,,,,,,,,11.0,28.0,0.0,27.0,0.2115384615384615,0.5192307692307693,15.578571428571431,22.0,11.0,43.0
Bud Sasser,,RAM,6,201,2015,Missouri,2011,2014,48.0,,,,,,,,,,,,,,WR,Missouri,,,,,,,,,,,33.6,116.0,1611.0,13.9,14.0,,,,,,,,,,,,,,,,,15.651851851851852,,,
A.J. Derby,97.1,NWE,6,202,2015,Arkansas,2011,2013,14.0,22.0,42.0,20.0,52.4,208.0,1.0,1.0,2.4,2.4,5.0,4.36,9.5,14.9,QB,ArkansasIowa,,,,,,,,,,,,,,,,,,,,,,,,,,,,,,,,12.8,23.0,0.0,3.0
A.J. Derby,,NWE,6,202,2015,Arkansas,2014,2014,11.0,,,,,,,,,,,,,,TE,Arkansas,,,,,,,,,,,27.5,22.0,303.0,13.8,3.0,,,,,,,,,,,,,,,,,12.8,23.0,0.0,3.0
Darius Kilgo,,DEN,6,203,2015,Maryland,2011,2014,42.0,,,,,,,,,,,,,,DL,Maryland,,,,,,,,,,,,,,,,5.5,74.0,51.0,125.0,19.5,0.1309523809523809,1.761904761904762,1.2142857142857142,2.9761904761904763,0.4642857142857143,,,,,,,,23.0,2.0,3.0
Darren Waller,,RAV,6,204,2015,Georgia Tech,2012,2014,35.0,,,,,,,,,,,,,,WR,Georgia Tech,,,,,,,,,,,27.7,51.0,971.0,19.0,9.0,,,,,,,,,,,,,,,,,9.533333333333333,22.0,1.0,33.0
Josh Robinson,,CLT,6,205,2015,Mississippi State,2012,2014,38.0,,,,,,,,,,,,,,RB,Mississippi State,323.0,1997.0,6.2,15.0,43.0,493.0,11.5,1.0,52.6,13.0,,,,,,,,,,,,,,,,,,,,,,8.871929824561404,23.0,0.0,0.0
Aaron Ripkowski,,GNB,6,206,2015,Oklahoma,2013,2014,14.0,,,,,,,,,,,,,,FB,Oklahoma,6.0,13.0,2.2,3.0,8.0,41.0,5.1,2.0,0.9,2.9,,,,,,,,,,,,,,,,,,,,,,19.333333333333332,22.0,2.0,2.0
Amarlo Herrera,,CLT,6,207,2015,Georgia,2011,2014,54.0,,,,,,,,,,,,,,LB,Georgia,,,,,,,,,,,,,,,,3.5,147.0,187.0,334.0,21.0,0.0648148148148148,2.7222222222222223,3.462962962962963,6.185185185185185,0.3888888888888889,,,,,,,26.900000000000002,23.0,0.0,0.0
Obum Gwacham,,SEA,6,209,2015,Oregon State,2011,2014,41.0,,,,,,,,,,,,,,WR,Oregon State,,,,,,,,,,,4.0,11.0,165.0,15.0,1.0,,,,,,,,,,,,,,,,,7.7,24.0,,1.0
Christian Ringo,,GNB,6,210,2015,Louisiana,2011,2014,44.0,,,,,,,,,,,,,,DL,Louisiana,,,,,,,,,,,,,,,,21.0,75.0,34.0,109.0,35.5,0.4772727272727273,1.7045454545454546,0.7727272727272727,2.477272727272727,0.8068181818181818,,,,,,,,23.0,1.0,5.0
Reshard Cliett,,HTX,6,211,2015,South Florida,2011,2014,41.0,,,,,,,,,,,,,,LB,South Florida,,,,,,,,,,,,,,,,9.0,94.0,44.0,138.0,18.0,0.2195121951219512,2.292682926829268,1.0731707317073171,3.3658536585365852,0.4390243902439024,,,,,,,,23.0,,
Anthony Chickillo,,PIT,6,212,2015,Miami (FL),2011,2014,50.0,,,,,,,,,,,,,,DL,Miami (FL),,,,,,,,,,,,,,,,15.5,87.0,84.0,171.0,25.0,0.31,1.74,1.68,3.42,0.5,,,,,,,,22.0,9.0,10.0
Kennard Backman,,GNB,6,213,2015,UAB,2011,2014,47.0,,,,,,,,,,,,,,TE,UAB,,,,,,,,,,,20.8,96.0,979.0,10.2,9.0,,,,,,,,,,,,,,,,,-15.22,22.0,0.0,0.0
Kristjan Sokoli,,SEA,6,214,2015,Buffalo,2011,2014,46.0,,,,,,,,,,,,,,DL,Buffalo,,,,,,,,,,,,,,,,2.5,39.0,56.0,95.0,15.0,0.0543478260869565,0.8478260869565217,1.2173913043478262,2.0652173913043477,0.3260869565217391,,,,,,,,23.0,0.0,0.0
Cody Wichmann,,RAM,6,215,2015,Fresno State,2014,2014,14.0,,,,,,,,,,,,,,OL,Fresno State,,,,,,,,,,,,,,,,,,,,,,,,,,,,,,,,,23.0,6.0,6.0
Christian Covington,,HTX,6,216,2015,Rice,2012,2014,33.0,,,,,,,,,,,,,,DL,Rice,,,,,,,,,,,,,,,,11.5,78.0,44.0,122.0,23.0,0.3484848484848485,2.363636363636364,1.3333333333333333,3.696969696969697,0.696969696969697,,,,,,,,21.0,8.0,20.0
Rakeem Nunez-Roches,,KAN,6,217,2015,Southern Mississippi,2012,2014,25.0,,,,,,,,,,,,,,DL,Southern Mississippi,,,,,,,,,,,,,,,,4.0,56.0,47.0,103.0,20.5,0.16,2.24,1.88,4.12,0.82,,,,,,,,22.0,7.0,31.0
Hayes Pullard,,CLE,7,219,2015,USC,2011,2014,52.0,,,,,,,,,,,,,,LB,USC,,,,,,,,,,,,,,,,6.0,197.0,178.0,375.0,25.5,0.1153846153846153,3.7884615384615383,3.423076923076923,7.211538461538462,0.4903846153846153,,,,,,,,23.0,,9.0
Andre Debose,,RAI,7,221,2015,Florida,2010,2014,42.0,,,,,,,,,,,,,,WR,Florida,,,,,,,,,,,12.9,30.0,540.0,18.0,4.0,,,,,,,,,,,,,,,,,18.753333333333334,,,
Austin Reiter,,WAS,7,222,2015,South Florida,2012,2012,12.0,,,,,,,,,,,,,,OL,South Florida,,,,,,,,,,,,,,,,,,,,,,,,,,,,,,,,,23.0,,20.0
Bryce Hager,,RAM,7,224,2015,Baylor,2011,2014,48.0,,,,,,,,,,,,,,LB,Baylor,,,,,,,,,,,,,,,,7.0,202.0,120.0,322.0,24.0,0.1458333333333333,4.208333333333333,2.5,6.708333333333333,0.5,,,,,,,23.9,23.0,5.0,7.0
Bobby Hart,,NYG,7,226,2015,Florida State,2000,2002,29.0,,,,,,,,,,,,,,DB,Baylor,,,,,,,,,,,,,,,,,,,,,,,,,,4.0,54.0,0.0,,0.1379310344827586,,,21.0,7.0,30.0
Martin Ifedi,,RAM,7,227,2015,Memphis,2011,2014,45.0,,,,,,,,,,,,,,DL,Memphis,,,,,,,,,,,,,,,,20.5,78.0,62.0,140.0,36.0,0.4555555555555555,1.7333333333333334,1.3777777777777778,3.111111111111111,0.8,,,,,,,,24.0,,
Ben Koyack,,JAX,7,229,2015,Notre Dame,2011,2014,42.0,,,,,,,,,,,,,,TE,Notre Dame,,,,,,,,,,,12.7,44.0,532.0,12.1,5.0,,,,,,,,,,,,,,,,,14.24,22.0,1.0,1.0
Marcus Murphy,,NOR,7,230,2015,Missouri,2010,2014,52.0,,,,,,,,,,,,,,RB,Missouri,337.0,1957.0,5.8,16.0,50.0,318.0,6.4,2.0,37.6,6.1,,,,,,,,,,,,,,,,,,,,,,13.777142857142858,23.0,1.0,2.0
Joey Iosefa,,TAM,7,231,2015,Hawaii,2011,2014,32.0,,,,,,,,,,,,,,RB,Hawaii,512.0,2218.0,4.3,21.0,60.0,438.0,7.3,3.0,69.3,13.7,,,,,,,,,,,,,,,,,,,,,,-13.832786885245902,24.0,,0.0
Da'Ron Brown,,KAN,7,233,2015,Northern Illinois,2011,2014,54.0,,,,,,,,,,,,,,WR,Northern Illinois,,,,,,,,,,,22.8,87.0,1230.0,14.1,13.0,,,,,,,,,,,,,,,,,4.7555555555555555,23.0,,
Kenny Hilliard,,HTX,7,235,2015,LSU,2011,2014,48.0,,,,,,,,,,,,,,RB,LSU,302.0,1557.0,5.2,27.0,11.0,69.0,6.3,1.0,32.4,1.4,,,,,,,,,,,,,,,,,,,,,,26.45,23.0,,
Mark Nzeocha,,DAL,7,236,2015,Wyoming,2011,2014,24.0,,,,,,,,,,,,,,LB,Wyoming,,,,,,,,,,,,,,,,3.0,80.0,50.0,130.0,10.0,0.125,3.3333333333333335,2.0833333333333335,5.416666666666667,0.4166666666666667,,,,,,,-14.2,25.0,0.0,5.0
Mark Nzeocha,,DAL,7,236,2015,Wyoming,2012,2012,11.0,,,,,,,,,,,,,,DB,Wyoming,,,,,,,,,,,,,,,,,,,,,,,,,,0.0,0.0,0.0,,0.0,,-14.2,25.0,0.0,5.0
Brian Mihalik,,PHI,7,237,2015,Boston College,2011,2014,42.0,,,,,,,,,,,,,,DL,Boston College,,,,,,,,,,,,,,,,8.5,42.0,43.0,85.0,16.0,0.2023809523809523,1.0,1.0238095238095235,2.0238095238095237,0.3809523809523809,,,,,,,,23.0,,5.0
Mario Alford,,CIN,7,238,2015,West Virginia,2013,2014,22.0,,,,,,,,,,,,,,WR,West Virginia,,,,,,,,,,,68.0,92.0,1497.0,16.3,13.0,,,,,,,,,,,,,,,,,3.75,23.0,0.0,0.0
Gerod Holliman,,PIT,7,239,2015,Louisville,2012,2014,27.0,,,,,,,,,,,,,,DB,Louisville,,,,,,,,,,,,,,,,,,,,,,,,,,14.0,245.0,1.0,6.0,0.5185185185185185,0.2222222222222222,17.0,21.0,,
Corey Robinson,,DET,7,240,2015,South Carolina,2012,2012,12.0,,,,,,,,,,,,,,DL,South Carolina,,,,,,,,,,,,,,,,0.0,1.0,0.0,1.0,0.0,0.0,0.0833333333333333,0.0,0.0833333333333333,0.0,,,,,,,-5.166176470588235,23.0,6.0,7.0
Ifo Ekpre-Olomu,,CLE,7,241,2015,Oregon,2011,2014,53.0,,,,,,,,,,,,,,DB,Oregon,,,,,,,,,,,,,,,,,,,,,,,,,,9.0,85.0,1.0,23.0,0.1698113207547169,0.4339622641509434,26.45,22.0,,
Dexter McDonald,,RAI,7,242,2015,Kansas,2011,2014,30.0,,,,,,,,,,,,,,DB,Kansas,,,,,,,,,,,,,,,,,,,,,,,,,,4.0,68.0,0.0,23.0,0.1333333333333333,0.7666666666666667,-9.75,23.0,2.0,2.0
Trenton Brown,,SFO,7,244,2015,Florida,2013,2014,12.0,,,,,,,,,,,,,,OL,Florida,,,,,,,,,,,,,,,,,,,,,,,,,,,,,,,,,22.0,11.0,42.0
Geoff Swaim,,DAL,7,246,2015,Texas,2013,2014,16.0,,,,,,,,,,,,,,TE,Texas,,,,,,,,,,,5.3,13.0,84.0,6.5,1.0,,,,,,,,,,,,,,,,,9.75,21.0,3.0,6.0
Darryl Roberts,,NWE,7,247,2015,Marshall,2010,2014,50.0,,,,,,,,,,,,,,DB,Marshall,,,,,,,,,,,,,,,,,,,,,,,,,,5.0,41.0,0.0,32.0,0.1,0.64,0.7500000000000004,24.0,,13.0
Ryan Murphy,,SEA,7,248,2015,Oregon State,2011,2014,50.0,,,,,,,,,,,,,,DB,Oregon State,,,,,,,,,,,,,,,,,,,,,,,,,,7.0,85.0,1.0,11.0,0.14,0.22,6.127999999999999,22.0,,0.0
Akeem King,,ATL,7,249,2015,San Jose State,2013,2014,20.0,,,,,,,,,,,,,,CB,San Jose State,,,,,,,,,,,,,,,,,,,,,,,,,,0.0,0.0,0.0,4.0,0.0,0.2,,23.0,0.0,3.0
Trevor Siemian,116.6,DEN,7,250,2015,Northwestern,2011,2014,44.0,550.0,934.0,384.0,58.9,5931.0,27.0,24.0,2.9,2.6,6.4,5.77,10.8,134.8,QB,Northwestern,,,,,,,,,,,,,,,,,,,,,,,,,,,,,,,,3.19811320754717,23.0,13.0,16.0
Taurean Nixon,,DEN,7,251,2015,Tulane,2013,2014,17.0,,,,,,,,,,,,,,CB,Tulane,,,,,,,,,,,,,,,,,,,,,,,,,,1.0,22.0,0.0,5.0,0.0588235294117647,0.2941176470588235,-22.200000000000003,24.0,0.0,0.0
Josh Furman,,DEN,7,252,2015,Oklahoma State,2014,2014,13.0,,,,,,,,,,,,,,LB,Oklahoma State,,,,,,,,,,,,,,,,7.0,47.0,17.0,64.0,14.0,0.5384615384615384,3.6153846153846154,1.3076923076923077,4.923076923076923,1.0769230769230769,,,,,,,14.933333333333334,,,
Josh Furman,,DEN,7,252,2015,Oklahoma State,2011,2013,27.0,,,,,,,,,,,,,,DB,Michigan,,,,,,,,,,,,,,,,,,,,,,,,,,0.0,0.0,0.0,1.0,0.0,0.037037037037037,14.933333333333334,,,
Xzavier Dickson,,NWE,7,253,2015,Alabama,2011,2014,45.0,,,,,,,,,,,,,,DL,Alabama,,,,,,,,,,,,,,,,14.0,52.0,39.0,91.0,21.0,0.3111111111111111,1.1555555555555554,0.8666666666666667,2.022222222222222,0.4666666666666667,,,,,,,34.96666666666667,22.0,,
Rory Anderson,,SFO,7,254,2015,South Carolina,2011,2014,45.0,,,,,,,,,,,,,,TE,South Carolina,,,,,,,,,,,21.2,61.0,954.0,15.6,9.0,,,,,,,,,,,,,,,,,17.975,22.0,,
Gerald Christian,,CRD,7,256,2015,Louisville,2011,2014,32.0,,,,,,,,,,,,,,TE,FloridaLouisville,,,,,,,,,,,27.6,64.0,882.0,13.8,10.0,,,,,,,,,,,,,,,,,18.633333333333333,24.0,,0.0
Jared Goff,144.0,RAM,1,1,2016,California,2013,2015,37.0,977.0,1569.0,592.0,62.3,12200.0,96.0,30.0,6.1,1.9,7.8,8.14,12.5,329.7,QB,California,,,,,,,,,,,,,,,,,,,,,,,,,,,,,,,,1.053125,21.0,44.0,106.0
Joey Bosa,,SDG,1,3,2016,Ohio State,2013,2015,38.0,,,,,,,,,,,,,,DL,Ohio State,,,,,,,,,,,,,,,,26.0,101.0,47.0,148.0,50.5,0.6842105263157895,2.6578947368421053,1.236842105263158,3.8947368421052633,1.3289473684210529,,,,,,,29.5,21.0,56.0,62.0
Ezekiel Elliott,,DAL,1,4,2016,Ohio State,2013,2015,35.0,,,,,,,,,,,,,,RB,Ohio State,592.0,3961.0,6.7,43.0,58.0,449.0,7.7,1.0,113.2,12.8,,,,,,,,,,,,,,,,,,,,,,27.8375,21.0,65.0,68.0
Jalen Ramsey,,JAX,1,5,2016,Florida State,2013,2015,41.0,,,,,,,,,,,,,,DB,Florida State,,,,,,,,,,,,,,,,,,,,,,,,,,3.0,58.0,0.0,23.0,0.073170731707317,0.5609756097560976,27.77777777777778,21.0,28.0,84.0
Ronnie Stanley,,RAV,1,6,2016,Notre Dame,2013,2015,14.0,,,,,,,,,,,,,,T,Notre Dame,,,,,,,,,,,,,,,,,,,,,,,,,,,,,,,,,22.0,64.0,64.0
Deforest Buckner,,SFO,1,7,2016,Oregon,2012,2015,53.0,,,,,,,,,,,,,,DL,Oregon,,,,,,,,,,,,,,,,18.0,109.0,122.0,231.0,35.5,0.3396226415094339,2.056603773584906,2.30188679245283,4.3584905660377355,0.6698113207547169,,,,,,,,22.0,34.0,76.0
Jack Conklin,,OTI,1,8,2016,Michigan State,2014,2015,25.0,,,,,,,,,,,,,,T,Michigan State,,,,,,,,,,,,,,,,,,,,,,,,,,,,,,,,,22.0,30.0,55.0
Leonard Floyd,,CHI,1,9,2016,Georgia,2013,2015,38.0,,,,,,,,,,,,,,LB,Georgia,,,,,,,,,,,,,,,,17.0,92.0,92.0,184.0,28.5,0.4473684210526316,2.4210526315789473,2.4210526315789473,4.842105263157895,0.75,,,,,,,,23.0,21.0,63.0
Eli Apple,,NYG,1,10,2016,Ohio State,2014,2015,28.0,,,,,,,,,,,,,,CB,Ohio State,,,,,,,,,,,,,,,,,,,,,,,,,,4.0,16.0,0.0,18.0,0.1428571428571428,0.6428571428571429,27.65,21.0,9.0,28.0
Vernon Hargreaves III,,TAM,1,11,2016,Florida,2013,2015,37.0,,,,,,,,,,,,,,DB,Florida,,,,,,,,,,,,,,,,,,,,,,,,,,10.0,191.0,0.0,27.0,0.2702702702702703,0.7297297297297297,12.362162162162162,21.0,10.0,18.0
Sheldon Rankins,,NOR,1,12,2016,Louisville,2012,2015,45.0,,,,,,,,,,,,,,DL,Louisville,,,,,,,,,,,,,,,,19.0,73.0,61.0,134.0,32.5,0.4222222222222222,1.6222222222222222,1.3555555555555556,2.977777777777778,0.7222222222222222,,,,,,,17.0,22.0,15.0,41.0
Laremy Tunsil,,MIA,1,13,2016,Ole Miss,2015,2015,6.0,,,,,,,,,,,,,,OL,Ole Miss,,,,,,,,,,,,,,,,,,,,,,,,,,,,,,,,27.0,22.0,12.0,60.0
Karl Joseph,,RAI,1,14,2016,West Virginia,2012,2015,42.0,,,,,,,,,,,,,,DB,West Virginia,,,,,,,,,,,,,,,,,,,,,,,,,,9.0,40.0,0.0,8.0,0.2142857142857142,0.1904761904761904,7.125,22.0,14.0,16.0
Corey Coleman,,CLE,1,15,2016,Baylor,2013,2015,34.0,,,,,,,,,,,,,,WR,Baylor,,,,,,,,,,,88.5,173.0,3009.0,17.4,33.0,,,,,,,,,,,,,,,,,21.166666666666668,22.0,5.0,6.0
Taylor Decker,,DET,1,16,2016,Ohio State,2014,2015,28.0,,,,,,,,,,,,,,OL,Ohio State,,,,,,,,,,,,,,,,,,,,,,,,,,,,,,,,,23.0,59.0,59.0
Keanu Neal,,ATL,1,17,2016,Florida,2013,2015,26.0,,,,,,,,,,,,,,DB,Florida,,,,,,,,,,,,,,,,,,,,,,,,,,4.0,-5.0,0.0,5.0,0.1538461538461538,0.1923076923076923,15.55,21.0,17.0,25.0
Ryan Kelly,,CLT,1,18,2016,Alabama,2015,2015,15.0,,,,,,,,,,,,,,OL,Alabama,,,,,,,,,,,,,,,,,,,,,,,,,,,,,,,,,23.0,54.0,56.0
Shaq Lawson,,BUF,1,19,2016,Clemson,2013,2015,41.0,,,,,,,,,,,,,,DE,Clemson,,,,,,,,,,,,,,,,20.0,68.0,57.0,125.0,46.5,0.4878048780487805,1.6585365853658536,1.3902439024390243,3.048780487804878,1.1341463414634143,,,,,,,,22.0,15.0,24.0
Darron Lee,,NYJ,1,20,2016,Ohio State,2014,2015,28.0,,,,,,,,,,,,,,LB,Ohio State,,,,,,,,,,,,,,,,12.0,90.0,57.0,147.0,27.5,0.4285714285714285,3.2142857142857144,2.0357142857142856,5.25,0.9821428571428572,,,,,,,27.65,21.0,17.0,19.0
William Fuller,,HTX,1,21,2016,Notre Dame,2013,2015,32.0,,,,,,,,,,,,,,WR,Notre Dame,,,,,,,,,,,78.5,144.0,2512.0,17.4,30.0,,,,,,,,,,,,,,,,,,22.0,24.0,24.0
Josh Doctson,,WAS,1,22,2016,Texas Christian,2011,2015,46.0,,,,,,,,,,,,,,WR,Texas ChristianWyoming,,,,,,,,,,,69.1,215.0,3178.0,14.8,34.0,,,,,,,,,,,,,,,,,11.9,23.0,9.0,9.0
Laquon Treadwell,,MIN,1,23,2016,Ole Miss,2013,2015,35.0,,,,,,,,,,,,,,WR,Ole Miss,,,,,,,,,,,68.4,202.0,2393.0,11.8,21.0,,,,,,,,,,,,,,,,,20.006122448979593,21.0,5.0,8.0
William Jackson III,,CIN,1,24,2016,Houston,2015,2015,13.0,,,,,,,,,,,,,,CB,Houston,,,,,,,,,,,,,,,,,,,,,,,,,,5.0,110.0,2.0,23.0,0.3846153846153846,1.7692307692307692,5.5,23.0,15.0,19.0
Artie Burns,,PIT,1,25,2016,Miami (FL),2013,2015,35.0,,,,,,,,,,,,,,DB,Miami (FL),,,,,,,,,,,,,,,,,,,,,,,,,,7.0,37.0,0.0,14.0,0.2,0.4,14.755555555555553,21.0,14.0,17.0
Paxton Lynch,137.0,DEN,1,26,2016,Memphis,2013,2015,38.0,758.0,1205.0,447.0,62.9,8863.0,59.0,23.0,4.9,1.9,7.4,7.48,11.7,233.2,QB,Memphis,,,,,,,,,,,,,,,,,,,,,,,,,,,,,,,,3.466666666666667,22.0,2.0,2.0
Kenneth Clark,,GNB,1,27,2016,UCLA,2013,2015,37.0,,,,,,,,,,,,,,DT,UCLA,,,,,,,,,,,,,,,,7.0,91.0,64.0,155.0,20.0,0.1891891891891892,2.4594594594594597,1.7297297297297298,4.1891891891891895,0.5405405405405406,,,,,,,,20.0,60.0,63.0
Joshua Garnett,,SFO,1,28,2016,Stanford,2014,2015,27.0,,,,,,,,,,,,,,OL,Stanford,,,,,,,,,,,,,,,,,,,,,,,,,,,,,,,,,22.0,5.0,5.0
Robert Nkemdiche,,CRD,1,29,2016,Ole Miss,2013,2015,33.0,,,,,,,,,,,,,,DE,Ole Miss,,,,,,,,,,,,,,,,6.0,44.0,48.0,92.0,17.0,0.1818181818181818,1.3333333333333333,1.4545454545454546,2.787878787878788,0.5151515151515151,,,,,,,22.133333333333333,21.0,5.0,6.0
Vernon Butler,,CAR,1,30,2016,Louisiana Tech,2012,2015,48.0,,,,,,,,,,,,,,DL,Louisiana Tech,,,,,,,,,,,,,,,,5.0,87.0,82.0,169.0,29.0,0.1041666666666666,1.8125,1.7083333333333333,3.5208333333333335,0.6041666666666666,,,,,,,,22.0,8.0,13.0
Germain Ifedi,,SEA,1,31,2016,Texas A&M,2015,2015,13.0,,,,,,,,,,,,,,OL,Texas A&M,,,,,,,,,,,,,,,,,,,,,,,,,,,,,,,,,22.0,29.0,38.0
Emmanuel Ogbah,,CLE,2,32,2016,Oklahoma State,2013,2015,39.0,,,,,,,,,,,,,,DE,Oklahoma State,,,,,,,,,,,,,,,,28.0,96.0,37.0,133.0,40.5,0.717948717948718,2.4615384615384617,0.9487179487179488,3.41025641025641,1.0384615384615383,,,,,,,,22.0,14.0,43.0
Kevin Dodd,,OTI,2,33,2016,Clemson,2012,2015,35.0,,,,,,,,,,,,,,DL,Clemson,,,,,,,,,,,,,,,,12.0,53.0,29.0,82.0,26.0,0.3428571428571428,1.5142857142857142,0.8285714285714286,2.342857142857143,0.7428571428571429,,,,,,,,24.0,2.0,2.0
Jaylon Smith,,DAL,2,34,2016,Notre Dame,2013,2015,38.0,,,,,,,,,,,,,,LB,Notre Dame,,,,,,,,,,,,,,,,4.5,169.0,115.0,284.0,23.5,0.1184210526315789,4.447368421052632,3.026315789473684,7.473684210526316,0.618421052631579,,,,,,,13.2,21.0,32.0,37.0
Hunter Henry,,SDG,2,35,2016,Arkansas,2013,2015,36.0,,,,,,,,,,,,,,TE,Arkansas,,,,,,,,,,,46.1,116.0,1661.0,14.3,9.0,,,,,,,,,,,,,,,,,8.113636363636363,21.0,15.0,37.0
Myles Jack,,JAX,2,36,2016,UCLA,2013,2015,29.0,,,,,,,,,,,,,,LB,UCLA,,,,,,,,,,,,,,,,1.0,117.0,61.0,178.0,15.0,0.0344827586206896,4.0344827586206895,2.103448275862069,6.137931034482759,0.5172413793103449,,,,,,,18.492857142857144,21.0,36.0,42.0
Chris Jones,,KAN,2,37,2016,Mississippi State,2013,2015,39.0,,,,,,,,,,,,,,DL,Mississippi State,,,,,,,,,,,,,,,,8.5,42.0,60.0,102.0,18.0,0.2179487179487179,1.0769230769230769,1.5384615384615383,2.6153846153846154,0.4615384615384615,,,,,,,5.827272727272728,22.0,96.0,96.0
Xavien Howard,,MIA,2,38,2016,Baylor,2013,2015,29.0,,,,,,,,,,,,,,DB,Baylor,,,,,,,,,,,,,,,,,,,,,,,,,,10.0,121.0,0.0,23.0,0.3448275862068966,0.7931034482758621,21.266666666666666,23.0,56.0,58.0
Noah Spence,,TAM,2,39,2016,,2012,2013,24.0,,,,,,,,,,,,,,DL,Ohio State,,,,,,,,,,,,,,,,8.5,31.0,31.0,62.0,15.0,0.3541666666666667,1.2916666666666667,1.2916666666666667,2.5833333333333335,0.625,,,,,,,,22.0,5.0,5.0
Sterling Shepard,,NYG,2,40,2016,Oklahoma,2012,2015,50.0,,,,,,,,,,,,,,WR,Oklahoma,,,,,,,,,,,69.6,233.0,3482.0,14.9,26.0,,,,,,,,,,,,,,,,,21.918181818181818,23.0,26.0,32.0
Reggie Ragland,,BUF,2,41,2016,Alabama,2012,2015,50.0,,,,,,,,,,,,,,LB,Alabama,,,,,,,,,,,,,,,,4.0,116.0,106.0,222.0,17.5,0.08,2.32,2.12,4.44,0.35,,,,,,,34.3,22.0,,22.0
Kamalei Correa,,RAV,2,42,2016,Boise State,2013,2015,37.0,,,,,,,,,,,,,,DE,Boise State,,,,,,,,,,,,,,,,20.0,69.0,41.0,110.0,31.5,0.5405405405405406,1.864864864864865,1.108108108108108,2.972972972972973,0.8513513513513513,,,,,,,11.6,22.0,3.0,11.0
Austin Johnson,,OTI,2,43,2016,Penn State,2013,2015,36.0,,,,,,,,,,,,,,DT,Penn State,,,,,,,,,,,,,,,,8.5,63.0,91.0,154.0,24.0,0.2361111111111111,1.75,2.5277777777777777,4.277777777777778,0.6666666666666666,,,,,,,16.86521739130435,22.0,8.0,29.0
Jihad Ward,,RAI,2,44,2016,Illinois,2014,2015,25.0,,,,,,,,,,,,,,DL,Illinois,,,,,,,,,,,,,,,,4.5,45.0,59.0,104.0,12.0,0.18,1.8,2.36,4.16,0.48,,,,,,,,22.0,6.0,25.0
Derrick Henry,,OTI,2,45,2016,Alabama,2013,2015,39.0,,,,,,,,,,,,,,RB,Alabama,602.0,3591.0,6.0,42.0,17.0,285.0,16.8,3.0,92.1,7.3,,,,,,,,,,,,,,,,,,,,,,26.811764705882354,22.0,59.0,85.0
A'Shawn Robinson,,DET,2,46,2016,Alabama,2013,2015,41.0,,,,,,,,,,,,,,DL,Alabama,,,,,,,,,,,,,,,,9.0,51.0,82.0,133.0,22.0,0.2195121951219512,1.2439024390243902,2.0,3.2439024390243905,0.5365853658536586,,,,,,,,21.0,17.0,40.0
Michael Thomas,,NOR,2,47,2016,Ohio State,2012,2015,39.0,,,,,,,,,,,,,,WR,Ohio State,,,,,,,,,,,41.1,113.0,1602.0,14.2,18.0,,,,,,,,,,,,,,,,,9.056140350877193,23.0,60.0,60.0
Jason Spriggs,,GNB,2,48,2016,Indiana,2012,2015,26.0,,,,,,,,,,,,,,OL,Indiana,,,,,,,,,,,,,,,,,,,,,,,,,,,,,,,,,22.0,8.0,9.0
Jarran Reed,,SEA,2,49,2016,Alabama,2014,2015,29.0,,,,,,,,,,,,,,DL,Alabama,,,,,,,,,,,,,,,,2.0,39.0,73.0,112.0,11.0,0.0689655172413793,1.3448275862068966,2.5172413793103448,3.8620689655172415,0.3793103448275862,,,,,,,,23.0,37.0,48.0
Nick Martin,,HTX,2,50,2016,Notre Dame,2014,2015,26.0,,,,,,,,,,,,,,C,Notre Dame,,,,,,,,,,,,,,,,,,,,,,,,,,,,,,,,-22.3,23.0,27.0,29.0
Christian Hackenberg,121.4,NYJ,2,51,2016,Penn State,2013,2015,38.0,693.0,1235.0,542.0,56.1,8457.0,48.0,31.0,3.9,2.5,6.8,6.5,12.2,222.6,QB,Penn State,,,,,,,,,,,,,,,,,,,,,,,,,,,,,,,,9.771698113207547,21.0,,
Deion Jones,,ATL,2,52,2016,LSU,2012,2015,45.0,,,,,,,,,,,,,,LB,LSU,,,,,,,,,,,,,,,,5.0,80.0,85.0,165.0,21.0,0.1111111111111111,1.7777777777777777,1.8888888888888888,3.6666666666666665,0.4666666666666667,,,,,,,19.7,21.0,39.0,43.0
Su'A Cravens,,WAS,2,53,2016,USC,2013,2015,40.0,,,,,,,,,,,,,,S,USC,,,,,,,,,,,,,,,,,,,,,,,,,,9.0,133.0,1.0,16.0,0.225,0.4,,21.0,4.0,5.0
Mackensie Alexander,,MIN,2,54,2016,Clemson,2014,2015,27.0,,,,,,,,,,,,,,CB,Clemson,,,,,,,,,,,,,,,,,,,,,,,,,,0.0,0.0,0.0,11.0,0.0,0.4074074074074074,,22.0,8.0,12.0
Tyler Boyd,,CIN,2,55,2016,Pitt,2013,2015,38.0,,,,,,,,,,,,,,WR,Pitt,,,,,,,,,,,88.4,254.0,3361.0,13.2,21.0,,,,,,,,,,,,,,,,,11.735135135135135,21.0,46.0,48.0
Cody Whitehair,,CHI,2,56,2016,Kansas State,2014,2015,26.0,,,,,,,,,,,,,,OL,Kansas State,,,,,,,,,,,,,,,,,,,,,,,,,,,,,,,,,24.0,42.0,43.0
T.J. Green,,CLT,2,57,2016,Clemson,2013,2015,31.0,,,,,,,,,,,,,,S,Clemson,,,,,,,,,,,,,,,,,,,,,,,,,,1.0,-3.0,0.0,3.0,0.032258064516129,0.0967741935483871,21.46842105263158,21.0,5.0,6.0
Sean Davis,,PIT,2,58,2016,Maryland,2012,2015,50.0,,,,,,,,,,,,,,DB,Maryland,,,,,,,,,,,,,,,,,,,,,,,,,,5.0,98.0,0.0,14.0,0.1,0.28,4.6000000000000005,22.0,18.0,18.0
Vonn Bell,,NOR,2,61,2016,Ohio State,2013,2015,36.0,,,,,,,,,,,,,,DB,Ohio State,,,,,,,,,,,,,,,,,,,,,,,,,,9.0,49.0,1.0,15.0,0.25,0.4166666666666667,27.900000000000002,21.0,12.0,37.0
James Bradberry,,CAR,2,62,2016,,2011,2011,1.0,,,,,,,,,,,,,,DB,Arkansas State,,,,,,,,,,,,,,,,,,,,,,,,,,0.0,0.0,0.0,,0.0,,,23.0,16.0,46.0
Adam Gotsis,,DEN,2,63,2016,Georgia Tech,2013,2015,36.0,,,,,,,,,,,,,,DL,Georgia Tech,,,,,,,,,,,,,,,,11.5,67.0,38.0,105.0,26.0,0.3194444444444444,1.8611111111111112,1.0555555555555556,2.9166666666666665,0.7222222222222222,,,,,,,11.3,23.0,15.0,28.0
Kevin Byard,,OTI,3,64,2016,Middle Tennessee State,2012,2015,49.0,,,,,,,,,,,,,,DB,Middle Tennessee State,,,,,,,,,,,,,,,,,,,,,,,,,,19.0,377.0,4.0,15.0,0.3877551020408163,0.3061224489795918,-8.916129032258064,23.0,49.0,66.0
Carl Nassib,,CLE,3,65,2016,Penn State,2013,2015,32.0,,,,,,,,,,,,,,DE,Penn State,,,,,,,,,,,,,,,,17.5,46.0,19.0,65.0,25.0,0.546875,1.4375,0.59375,2.03125,0.78125,,,,,,,11.3,23.0,7.0,20.0
Max Tuerk,,SDG,3,66,2016,USC,2013,2015,6.0,,,,,,,,,,,,,,T,USC,,,,,,,,,,,,,,,,,,,,,,,,,,,,,,,,22.5,22.0,,0.0
Maliek Collins,,DAL,3,67,2016,Nebraska,2013,2015,32.0,,,,,,,,,,,,,,DT,Nebraska,,,,,,,,,,,,,,,,8.0,37.0,49.0,86.0,18.0,0.25,1.15625,1.53125,2.6875,0.5625,,,,,,,,21.0,23.0,51.0
Will Redmond,,SFO,3,68,2016,Mississippi State,2013,2015,27.0,,,,,,,,,,,,,,DB,Mississippi State,,,,,,,,,,,,,,,,,,,,,,,,,,5.0,43.0,0.0,8.0,0.1851851851851851,0.2962962962962963,20.015384615384615,22.0,,3.0
Yannick Ngakoue,,JAX,3,69,2016,Maryland,2013,2015,30.0,,,,,,,,,,,,,,LB,Maryland,,,,,,,,,,,,,,,,21.5,57.0,27.0,84.0,32.5,0.7166666666666667,1.9,0.9,2.8,1.0833333333333333,,,,,,,10.8,21.0,32.0,50.0
Bronson Kaufusi,,RAV,3,70,2016,BYU,2012,2015,50.0,,,,,,,,,,,,,,DL,BYU,,,,,,,,,,,,,,,,26.5,110.0,61.0,171.0,44.0,0.53,2.2,1.22,3.42,0.88,,,,,,,9.1,25.0,1.0,2.0
Darian Thompson,,NYG,3,71,2016,Boise State,2012,2015,47.0,,,,,,,,,,,,,,DB,Boise State,,,,,,,,,,,,,,,,,,,,,,,,,,19.0,118.0,1.0,6.0,0.4042553191489361,0.1276595744680851,11.971428571428572,22.0,6.0,12.0
Jonathan Bullard,,CHI,3,72,2016,Florida,2012,2015,50.0,,,,,,,,,,,,,,DL,Florida,,,,,,,,,,,,,,,,12.0,91.0,87.0,178.0,33.5,0.24,1.82,1.74,3.56,0.67,,,,,,,,22.0,6.0,28.0
Kenyan Drake,,MIA,3,73,2016,Alabama,2012,2015,41.0,,,,,,,,,,,,,,RB,Alabama,233.0,1495.0,6.4,18.0,46.0,570.0,12.4,4.0,36.5,13.9,,,,,,,,,,,,,,,,,,,,,,32.71111111111111,22.0,15.0,33.0
Keivarae Russell,,KAN,3,74,2016,Notre Dame,2012,2015,36.0,,,,,,,,,,,,,,DB,Notre Dame,,,,,,,,,,,,,,,,,,,,,,,,,,5.0,31.0,0.0,12.0,0.1388888888888889,0.3333333333333333,,22.0,,2.0
Shilique Calhoun,,RAI,3,75,2016,Michigan State,2012,2015,54.0,,,,,,,,,,,,,,DL,Michigan State,,,,,,,,,,,,,,,,27.0,74.0,57.0,131.0,44.0,0.5,1.3703703703703705,1.0555555555555556,2.425925925925926,0.8148148148148148,,,,,,,19.7,24.0,2.0,5.0
Shon Coleman,,CLE,3,76,2016,Auburn,2015,2015,12.0,,,,,,,,,,,,,,OL,Auburn,,,,,,,,,,,,,,,,,,,,,,,,,,,,,,,,,24.0,6.0,6.0
Daryl Worley,,CAR,3,77,2016,West Virginia,2013,2015,34.0,,,,,,,,,,,,,,CB,West Virginia,,,,,,,,,,,,,,,,,,,,,,,,,,10.0,50.0,0.0,21.0,0.2941176470588235,0.6176470588235294,7.2705882352941185,21.0,11.0,22.0
Joe Thuney,,NWE,3,78,2016,North Carolina State,2013,2015,14.0,,,,,,,,,,,,,,C,North Carolina State,,,,,,,,,,,,,,,,,,,,,,,,,,,,,,,,,23.0,32.0,84.0
Isaac Seumalo,,PHI,3,79,2016,Oregon State,2012,2015,27.0,,,,,,,,,,,,,,OL,Oregon State,,,,,,,,,,,,,,,,,,,,,,,,,,,,,,,,,22.0,23.0,39.0
Adolphus Washington,,BUF,3,80,2016,Ohio State,2012,2015,48.0,,,,,,,,,,,,,,DL,Ohio State,,,,,,,,,,,,,,,,13.5,71.0,71.0,142.0,25.0,0.28125,1.4791666666666667,1.4791666666666667,2.9583333333333335,0.5208333333333334,,,,,,,29.5,21.0,9.0,9.0
Austin Hooper,,ATL,3,81,2016,Stanford,2014,2015,27.0,,,,,,,,,,,,,,TE,Stanford,,,,,,,,,,,34.7,74.0,937.0,12.7,8.0,,,,,,,,,,,,,,,,,22.1,21.0,18.0,33.0
Le'Raven Clark,,CLT,3,82,2016,Texas Tech,2012,2015,27.0,,,,,,,,,,,,,,OL,Texas Tech,,,,,,,,,,,,,,,,,,,,,,,,,,,,,,,,4.5,23.0,10.0,12.0
Jordan Jenkins,,NYJ,3,83,2016,Georgia,2012,2015,52.0,,,,,,,,,,,,,,LB,Georgia,,,,,,,,,,,,,,,,19.0,108.0,97.0,205.0,40.0,0.3653846153846153,2.076923076923077,1.8653846153846152,3.942307692307693,0.7692307692307693,,,,,,,8.488888888888889,22.0,28.0,29.0
Kendall Fuller,,WAS,3,84,2016,Virginia Tech,2013,2015,29.0,,,,,,,,,,,,,,CB,Virginia Tech,,,,,,,,,,,,,,,,,,,,,,,,,,8.0,48.0,1.0,27.0,0.2758620689655172,0.9310344827586208,11.350000000000001,21.0,26.0,34.0
Braxton Miller,146.7,HTX,3,85,2016,Ohio State,2011,2014,37.0,395.0,666.0,271.0,59.3,5292.0,52.0,17.0,7.8,2.6,7.9,8.36,13.4,143.0,QB,Ohio State,,,,,,,,,,,,,,,,,,,,,,,,,,,,,,,,24.269811320754716,23.0,2.0,2.0
Braxton Miller,,HTX,3,85,2016,Ohio State,2015,2015,13.0,,,,,,,,,,,,,,WR,Ohio State,,,,,,,,,,,26.2,26.0,341.0,13.1,3.0,,,,,,,,,,,,,,,,,24.269811320754716,23.0,2.0,2.0
Leonte Carroo,,MIA,3,86,2016,Rutgers,2012,2015,41.0,,,,,,,,,,,,,,WR,Rutgers,,,,,,,,,,,57.9,122.0,2373.0,19.5,29.0,,,,,,,,,,,,,,,,,-7.45,22.0,2.0,2.0
Nick Vigil,,CIN,3,87,2016,Utah State,2013,2015,40.0,,,,,,,,,,,,,,LB,Utah State,,,,,,,,,,,,,,,,18.5,161.0,175.0,336.0,41.5,0.4625,4.025,4.375,8.4,1.0375,,,,,,,4.492,23.0,17.0,27.0
Kyler Fackrell,,GNB,3,88,2016,Utah State,2012,2015,41.0,,,,,,,,,,,,,,LB,Utah State,,,,,,,,,,,,,,,,12.0,104.0,149.0,253.0,36.0,0.2926829268292683,2.5365853658536586,3.6341463414634143,6.170731707317073,0.8780487804878049,,,,,,,6.292307692307692,24.0,9.0,16.0
C.J. Prosise,,SEA,3,90,2016,Notre Dame,2015,2015,11.0,,,,,,,,,,,,,,RB,Notre Dame,156.0,1032.0,6.6,11.0,26.0,308.0,11.8,1.0,93.8,28.0,,,,,,,,,,,,,,,,,,,,,,15.92,22.0,5.0,5.0
C.J. Prosise,,SEA,3,90,2016,Notre Dame,2013,2014,22.0,,,,,,,,,,,,,,WR,Notre Dame,,,,,,,,,,,26.7,36.0,588.0,16.3,2.0,,,,,,,,,,,,,,,,,15.92,22.0,5.0,5.0
Jacoby Brissett,131.3,NWE,3,91,2016,North Carolina State,2011,2015,39.0,499.0,839.0,340.0,59.5,5723.0,46.0,15.0,5.5,1.8,6.8,7.11,11.5,146.7,QB,FloridaNorth Carolina State,,,,,,,,,,,,,,,,,,,,,,,,,,,,,,,,14.439622641509434,23.0,2.0,42.0
Brandon Williams,,CRD,3,92,2016,Texas A&M,2011,2015,43.0,,,,,,,,,,,,,,RB,OklahomaTexas A&M,178.0,870.0,4.9,4.0,15.0,85.0,5.7,1.0,20.2,2.0,,,,,,,,,,,,,,,,,,,,,,3.719230769230769,23.0,4.0,4.0
Cody Kessler,156.4,CLE,3,93,2016,USC,2012,2015,51.0,851.0,1261.0,410.0,67.5,10339.0,88.0,19.0,7.0,1.5,8.2,8.92,12.1,202.7,QB,USC,,,,,,,,,,,,,,,,,,,,,,,,,,,,,,,,19.03469387755102,23.0,3.0,5.0
Nick Vannett,,SEA,3,94,2016,Ohio State,2012,2015,44.0,,,,,,,,,,,,,,TE,Ohio State,,,,,,,,,,,13.3,55.0,585.0,10.6,6.0,,,,,,,,,,,,,,,,,26.26,23.0,4.0,7.0
Graham Glasgow,,DET,3,95,2016,Michigan,2013,2015,23.0,,,,,,,,,,,,,,OL,Michigan,,,,,,,,,,,,,,,,,,,,,,,,,,,,,,,,,24.0,41.0,48.0
Vincent Valentine,,NWE,3,96,2016,Nebraska,2013,2015,33.0,,,,,,,,,,,,,,DT,Nebraska,,,,,,,,,,,,,,,,7.0,36.0,40.0,76.0,14.0,0.2121212121212121,1.0909090909090908,1.2121212121212122,2.303030303030303,0.4242424242424242,,,,,,,,22.0,2.0,2.0
Rees Odhiambo,,SEA,3,97,2016,Boise State,2015,2015,8.0,,,,,,,,,,,,,,OL,Boise State,,,,,,,,,,,,,,,,,,,,,,,,,,,,,,,,,23.0,4.0,4.0
Justin Simmons,,DEN,3,98,2016,Boston College,2012,2015,45.0,,,,,,,,,,,,,,DB,Boston College,,,,,,,,,,,,,,,,,,,,,,,,,,8.0,50.0,0.0,10.0,0.1777777777777777,0.2222222222222222,2.9823529411764707,22.0,56.0,60.0
Joe Schobert,,CLE,4,99,2016,Wisconsin,2013,2015,37.0,,,,,,,,,,,,,,LB,Wisconsin,,,,,,,,,,,,,,,,13.5,95.0,77.0,172.0,35.5,0.3648648648648648,2.5675675675675675,2.081081081081081,4.648648648648648,0.9594594594594594,,,,,,,15.100000000000001,22.0,25.0,37.0
Connor Cook,139.8,RAI,4,100,2016,Michigan State,2012,2015,43.0,673.0,1170.0,497.0,57.5,9194.0,71.0,22.0,6.1,1.9,7.9,8.23,13.7,213.8,QB,Michigan State,,,,,,,,,,,,,,,,,,,,,,,,,,,,,,,,17.95,23.0,0.0,0.0
Charles Tapper,,DAL,4,101,2016,Oklahoma,2012,2015,44.0,,,,,,,,,,,,,,DL,Oklahoma,,,,,,,,,,,,,,,,15.5,68.0,69.0,137.0,26.5,0.3522727272727273,1.5454545454545454,1.568181818181818,3.113636363636364,0.6022727272727273,,,,,,,,23.0,0.0,0.0
Joshua Perry,,SDG,4,102,2016,Ohio State,2012,2015,46.0,,,,,,,,,,,,,,LB,Ohio State,,,,,,,,,,,,,,,,7.5,169.0,127.0,296.0,18.0,0.1630434782608695,3.6739130434782608,2.760869565217391,6.434782608695652,0.391304347826087,,,,,,,25.8,22.0,1.0,1.0
Sheldon Day,,JAX,4,103,2016,Notre Dame,2012,2015,47.0,,,,,,,,,,,,,,DL,Notre Dame,,,,,,,,,,,,,,,,7.5,91.0,50.0,141.0,32.0,0.1595744680851064,1.9361702127659577,1.0638297872340423,3.0,0.6808510638297872,,,,,,,,22.0,2.0,9.0
Tavon Young,,RAV,4,104,2016,Temple,2012,2015,47.0,,,,,,,,,,,,,,DB,Temple,,,,,,,,,,,,,,,,,,,,,,,,,,7.0,157.0,1.0,21.0,0.1489361702127659,0.4468085106382978,-9.0,22.0,14.0,14.0
Parker Ehinger,,KAN,4,105,2016,Cincinnati,2015,2015,12.0,,,,,,,,,,,,,,OL,Cincinnati,,,,,,,,,,,,,,,,,,,,,,,,,,,,,,,,,23.0,3.0,4.0
Eric Murray,,KAN,4,106,2016,Minnesota,2012,2015,51.0,,,,,,,,,,,,,,DB,Minnesota,,,,,,,,,,,,,,,,,,,,,,,,,,2.0,5.0,0.0,24.0,0.0392156862745098,0.4705882352941176,7.199999999999999,22.0,5.0,25.0
Chris Moore,,RAV,4,107,2016,Cincinnati,2012,2015,50.0,,,,,,,,,,,,,,WR,Cincinnati,,,,,,,,,,,46.0,119.0,2301.0,19.3,26.0,,,,,,,,,,,,,,,,,3.4012195121951216,23.0,4.0,14.0
B.J. Goodson,,NYG,4,109,2016,Clemson,2012,2015,42.0,,,,,,,,,,,,,,LB,Clemson,,,,,,,,,,,,,,,,6.5,77.0,60.0,137.0,17.5,0.1547619047619047,1.8333333333333333,1.4285714285714286,3.261904761904762,0.4166666666666667,,,,,,,24.0,23.0,9.0,20.0
Tyler Higbee,,RAM,4,110,2016,Western Kentucky,2011,2015,36.0,,,,,,,,,,,,,,WR,Western Kentucky,,,,,,,,,,,29.3,68.0,1054.0,15.5,14.0,,,,,,,,,,,,,,,,,-2.82,23.0,31.0,31.0
Malcolm Mitchell,,NWE,4,112,2016,Georgia,2011,2015,46.0,,,,,,,,,,,,,,WR,Georgia,,,,,,,,,,,51.1,174.0,2350.0,13.5,16.0,,,,,,,,,,,,,,,,,24.19,24.0,4.0,4.0
Nick Kwiatkoski,,CHI,4,113,2016,West Virginia,2013,2015,36.0,,,,,,,,,,,,,,LB,West Virginia,,,,,,,,,,,,,,,,6.5,187.0,87.0,274.0,29.5,0.1805555555555555,5.194444444444445,2.4166666666666665,7.611111111111111,0.8194444444444444,,,,,,,6.0,23.0,14.0,20.0
Nick Kwiatkoski,,CHI,4,113,2016,West Virginia,2012,2012,12.0,,,,,,,,,,,,,,DB,West Virginia,,,,,,,,,,,,,,,,,,,,,,,,,,0.0,0.0,0.0,3.0,0.0,0.25,6.0,23.0,14.0,20.0
Ricardo Louis,,CLE,4,114,2016,Auburn,2012,2015,50.0,,,,,,,,,,,,,,WR,Auburn,,,,,,,,,,,26.8,98.0,1338.0,13.7,8.0,,,,,,,,,,,,,,,,,16.472727272727273,22.0,3.0,3.0
De'Vondre Campbell,,ATL,4,115,2016,Minnesota,2013,2015,36.0,,,,,,,,,,,,,,LB,Minnesota,,,,,,,,,,,,,,,,6.5,127.0,79.0,206.0,16.0,0.1805555555555555,3.5277777777777777,2.1944444444444446,5.722222222222222,0.4444444444444444,,,,,,,7.449999999999999,23.0,20.0,51.0
Hassan Ridgeway,,CLT,4,116,2016,Texas,2013,2015,30.0,,,,,,,,,,,,,,DT,Texas,,,,,,,,,,,,,,,,9.5,62.0,38.0,100.0,17.0,0.3166666666666666,2.066666666666667,1.2666666666666666,3.3333333333333335,0.5666666666666667,,,,,,,,21.0,5.0,13.0
Pharoh Cooper,,RAM,4,117,2016,South Carolina,2014,2015,25.0,,,,,,,,,,,,,,WR,South Carolina,,,,,,,,,,,84.4,135.0,2109.0,15.6,17.0,,,,,,,,,,,,,,,,,13.974647887323943,21.0,3.0,6.0
Pharoh Cooper,,RAM,4,117,2016,South Carolina,2013,2013,9.0,,,,,,,,,,,,,,CB,South Carolina,,,,,,,,,,,,,,,,,,,,,,,,,,0.0,0.0,0.0,,0.0,,13.974647887323943,21.0,3.0,6.0
Juston Burris,,NYJ,4,118,2016,North Carolina State,2013,2015,38.0,,,,,,,,,,,,,,CB,North Carolina State,,,,,,,,,,,,,,,,,,,,,,,,,,3.0,6.0,0.0,18.0,0.0789473684210526,0.4736842105263157,5.65,23.0,3.0,14.0
Tyler Ervin,,HTX,4,119,2016,San Jose State,2011,2015,38.0,,,,,,,,,,,,,,RB,San Jose State,483.0,2598.0,5.4,18.0,77.0,657.0,8.5,3.0,68.4,17.3,,,,,,,,,,,,,,,,,,,,,,-5.046666666666667,22.0,0.0,2.0
Tyler Ervin,,HTX,4,119,2016,San Jose State,2012,2012,9.0,,,,,,,,,,,,,,DB,San Jose State,,,,,,,,,,,,,,,,,,,,,,,,,,0.0,0.0,0.0,,0.0,,-5.046666666666667,22.0,0.0,2.0
Willie Beavers,,MIN,4,121,2016,Western Michigan,2013,2015,15.0,,,,,,,,,,,,,,OL,Western Michigan,,,,,,,,,,,,,,,,,,,,,,,,,,,,,,,,-25.5,22.0,0.0,0.0
Andrew Billings,,CIN,4,122,2016,Baylor,2013,2015,36.0,,,,,,,,,,,,,,DL,Baylor,,,,,,,,,,,,,,,,8.0,74.0,32.0,106.0,29.5,0.2222222222222222,2.0555555555555554,0.8888888888888888,2.9444444444444446,0.8194444444444444,,,,,,,,21.0,14.0,33.0
Jerald Hawkins,,PIT,4,123,2016,LSU,2015,2015,11.0,,,,,,,,,,,,,,T,LSU,,,,,,,,,,,,,,,,,,,,,,,,,,,,,,,,19.7,22.0,2.0,2.0
Deon Bush,,CHI,4,124,2016,Miami (FL),2012,2015,45.0,,,,,,,,,,,,,,DB,Miami (FL),,,,,,,,,,,,,,,,,,,,,,,,,,4.0,0.0,0.0,13.0,0.0888888888888888,0.2888888888888888,13.933333333333332,23.0,7.0,8.0
Antonio Morrison,,CLT,4,125,2016,Florida,2012,2015,47.0,,,,,,,,,,,,,,LB,Florida,,,,,,,,,,,,,,,,4.5,130.0,164.0,294.0,21.0,0.0957446808510638,2.765957446808511,3.4893617021276597,6.25531914893617,0.4468085106382978,,,,,,,17.3,21.0,9.0,13.0
Demarcus Robinson,,KAN,4,126,2016,Florida,2013,2015,29.0,,,,,,,,,,,,,,WR,Florida,,,,,,,,,,,47.1,107.0,1366.0,12.8,9.0,,,,,,,,,,,,,,,,,14.57027027027027,21.0,13.0,27.0
Evan Boehm,,CRD,4,128,2016,Missouri,2012,2015,24.0,,,,,,,,,,,,,,OL,Missouri,,,,,,,,,,,,,,,,,,,,,,,,,,,,,,,,,23.0,6.0,12.0
Derrick Kindred,,CLE,4,129,2016,Texas Christian,2012,2015,50.0,,,,,,,,,,,,,,DB,Texas Christian,,,,,,,,,,,,,,,,,,,,,,,,,,8.0,140.0,2.0,15.0,0.16,0.3,18.233333333333334,22.0,8.0,8.0
Alex Lewis,,RAV,4,130,2016,Nebraska,2012,2015,25.0,,,,,,,,,,,,,,OL,ColoradoNebraska,,,,,,,,,,,,,,,,,,,,,,,,,,,,,,,,11.1,24.0,8.0,14.0
Blake Martinez,,GNB,4,131,2016,Stanford,2012,2015,44.0,,,,,,,,,,,,,,LB,Stanford,,,,,,,,,,,,,,,,6.0,138.0,119.0,257.0,13.5,0.1363636363636363,3.136363636363636,2.7045454545454546,5.840909090909091,0.3068181818181818,,,,,,,21.96666666666667,22.0,29.0,38.0
Willie Henry,,RAV,4,132,2016,Michigan,2013,2015,32.0,,,,,,,,,,,,,,DT,Michigan,,,,,,,,,,,,,,,,9.5,40.0,45.0,85.0,18.0,0.296875,1.25,1.40625,2.65625,0.5625,,,,,,,8.2,22.0,4.0,4.0
Rashard Robinson,,SFO,4,133,2016,LSU,2013,2014,15.0,,,,,,,,,,,,,,DB,LSU,,,,,,,,,,,,,,,,,,,,,,,,,,1.0,0.0,0.0,3.0,0.0666666666666666,0.2,28.7,21.0,6.0,9.0
Kenneth Dixon,,RAV,4,134,2016,Louisiana Tech,2012,2015,47.0,,,,,,,,,,,,,,RB,Louisiana Tech,801.0,4480.0,5.6,72.0,88.0,972.0,11.0,15.0,95.3,20.7,,,,,,,,,,,,,,,,,,,,,,-2.3956521739130436,22.0,5.0,5.0
Dak Prescott,146.0,DAL,4,135,2016,Mississippi State,2012,2015,49.0,734.0,1169.0,435.0,62.8,9376.0,70.0,23.0,6.0,2.0,8.0,8.33,12.8,191.3,QB,Mississippi State,,,,,,,,,,,,,,,,,,,,,,,,,,,,,,,,14.443103448275862,23.0,104.0,104.0
Devontae Booker,,DEN,4,136,2016,Utah,2014,2015,23.0,,,,,,,,,,,,,,RB,Utah,560.0,2773.0,5.0,21.0,80.0,624.0,7.8,2.0,120.6,27.1,,,,,,,,,,,,,,,,,,,,,,9.96875,24.0,11.0,19.0
Dean Lowry,,GNB,4,137,2016,Northwestern,2012,2015,49.0,,,,,,,,,,,,,,DL,Northwestern,,,,,,,,,,,,,,,,12.5,87.0,52.0,139.0,31.5,0.2551020408163265,1.7755102040816326,1.0612244897959184,2.836734693877551,0.6428571428571429,,,,,,,2.2,22.0,35.0,38.0
Cardale Jones,145.7,BUF,4,139,2016,Ohio State,2013,2015,23.0,160.0,257.0,97.0,62.3,2209.0,13.0,7.0,5.1,2.7,8.6,8.38,13.8,96.0,QB,Ohio State,,,,,,,,,,,,,,,,,,,,,,,,,,,,,,,,27.9,23.0,0.0,0.0
Tajae Sharpe,,OTI,5,140,2016,Massachusetts,2012,2015,47.0,,,,,,,,,,,,,,WR,Massachusetts,,,,,,,,,,,74.2,277.0,3486.0,12.6,16.0,,,,,,,,,,,,,,,,,-21.65,21.0,11.0,12.0
Zack Sanchez,,CAR,5,141,2016,Oklahoma,2013,2015,36.0,,,,,,,,,,,,,,DB,Oklahoma,,,,,,,,,,,,,,,,,,,,,,,,,,15.0,220.0,3.0,28.0,0.4166666666666667,0.7777777777777778,20.0,22.0,1.0,1.0
Ronald Blair,,SFO,5,142,2016,Appalachian State,2014,2015,25.0,,,,,,,,,,,,,,DL,Appalachian State,,,,,,,,,,,,,,,,13.5,67.0,47.0,114.0,32.0,0.54,2.68,1.88,4.56,1.28,,,,,,,,23.0,6.0,7.0
Deandre Washington,,RAI,5,143,2016,Texas Tech,2011,2015,49.0,,,,,,,,,,,,,,RB,Texas Tech,605.0,3411.0,5.6,23.0,124.0,1091.0,8.8,4.0,69.6,22.3,,,,,,,,,,,,,,,,,,,,,,,23.0,11.0,12.0
Connor McGovern,,DEN,5,144,2016,Missouri,2014,2015,26.0,,,,,,,,,,,,,,OL,Missouri,,,,,,,,,,,,,,,,,,,,,,,,,,,,,,,,19.0,23.0,14.0,29.0
John Theus,,SFO,5,145,2016,Georgia,2012,2015,41.0,,,,,,,,,,,,,,OL,Georgia,,,,,,,,,,,,,,,,,,,,,,,,,,,,,,,,,22.0,1.0,1.0
Quinton Jefferson,,SEA,5,147,2016,Maryland,2012,2015,38.0,,,,,,,,,,,,,,DL,Maryland,,,,,,,,,,,,,,,,10.5,52.0,55.0,107.0,21.5,0.2763157894736842,1.368421052631579,1.4473684210526316,2.8157894736842106,0.5657894736842105,,,,,,,-1.6,23.0,12.0,29.0
Caleb Benenoch,,TAM,5,148,2016,UCLA,2014,2015,26.0,,,,,,,,,,,,,,OL,UCLA,,,,,,,,,,,,,,,,,,,,,,,,,,,,,,,,17.7,22.0,12.0,12.0
Paul Perkins,,NYG,5,149,2016,UCLA,2013,2015,39.0,,,,,,,,,,,,,,RB,UCLA,622.0,3491.0,5.6,29.0,80.0,739.0,9.2,3.0,89.5,18.9,,,,,,,,,,,,,,,,,,,,,,18.766666666666666,21.0,5.0,5.0
Jordan Howard,,CHI,5,150,2016,Indiana,2013,2015,32.0,,,,,,,,,,,,,,RB,IndianaUAB,647.0,3681.0,5.7,24.0,24.0,261.0,10.9,3.0,115.0,8.2,,,,,,,,,,,,,,,,,,,,,,-3.423404255319149,21.0,22.0,27.0
Joe Dahl,,DET,5,151,2016,Washington State,2013,2015,11.0,,,,,,,,,,,,,,OL,Washington State,,,,,,,,,,,,,,,,,,,,,,,,,,,,,,,,,23.0,11.0,11.0
Matt Ioannidis,,WAS,5,152,2016,Temple,2013,2015,37.0,,,,,,,,,,,,,,DL,Temple,,,,,,,,,,,,,,,,10.0,76.0,39.0,115.0,30.0,0.2702702702702703,2.054054054054054,1.054054054054054,3.108108108108108,0.8108108108108109,,,,,,,,22.0,19.0,25.0
Wendell Smallwood,,PHI,5,153,2016,West Virginia,2013,2015,38.0,,,,,,,,,,,,,,RB,West Virginia,425.0,2462.0,5.8,12.0,68.0,618.0,9.1,0.0,64.8,16.3,,,,,,,,,,,,,,,,,,,,,,6.0375,22.0,9.0,10.0
Jordan Payton,,CLE,5,154,2016,UCLA,2012,2015,51.0,,,,,,,,,,,,,,WR,UCLA,,,,,,,,,,,53.0,201.0,2702.0,13.4,14.0,,,,,,,,,,,,,,,,,17.775,23.0,0.0,0.0
Jonathan Williams,,BUF,5,156,2016,Arkansas,2012,2015,37.0,,,,,,,,,,,,,,RB,Arkansas,406.0,2321.0,5.7,16.0,26.0,345.0,13.3,6.0,62.7,9.3,,,,,,,,,,,,,,,,,,,,,,1.7057692307692305,22.0,1.0,5.0
Brandon Shell,,NYJ,5,158,2016,South Carolina,2014,2015,25.0,,,,,,,,,,,,,,T,South Carolina,,,,,,,,,,,,,,,,,,,,,,,,,,,,,,,,,24.0,13.0,29.0
K.J. Dillon,,HTX,5,159,2016,West Virginia,2012,2015,47.0,,,,,,,,,,,,,,DB,West Virginia,,,,,,,,,,,,,,,,,,,,,,,,,,5.0,60.0,1.0,21.0,0.1063829787234042,0.4468085106382978,11.9,22.0,0.0,0.0
Kentrell Brothers,,MIN,5,160,2016,Missouri,2012,2015,51.0,,,,,,,,,,,,,,LB,Missouri,,,,,,,,,,,,,,,,4.5,182.0,176.0,358.0,23.5,0.088235294117647,3.5686274509803924,3.450980392156863,7.019607843137255,0.4607843137254901,,,,,,,8.292307692307691,23.0,4.0,4.0
Christian Westerman,,CIN,5,161,2016,Arizona State,2015,2015,13.0,,,,,,,,,,,,,,OL,Arizona State,,,,,,,,,,,,,,,,,,,,,,,,,,,,,,,,,23.0,2.0,2.0
Kevin Hogan,154.6,KAN,5,162,2016,Stanford,2012,2015,51.0,727.0,1103.0,376.0,65.9,9385.0,75.0,29.0,6.8,2.6,8.5,8.69,12.9,184.0,QB,Stanford,,,,,,,,,,,,,,,,,,,,,,,,,,,,,,,,17.696551724137933,23.0,,2.0
Trevor Davis,,GNB,5,163,2016,California,2011,2015,38.0,,,,,,,,,,,,,,WR,CaliforniaHawaii,,,,,,,,,,,44.0,109.0,1672.0,15.3,12.0,,,,,,,,,,,,,,,,,0.6299999999999996,23.0,1.0,2.0
Halapoulivaati Vaitai,,PHI,5,164,2016,Texas Christian,2015,2015,12.0,,,,,,,,,,,,,,T,Texas Christian,,,,,,,,,,,,,,,,,,,,,,,,,,,,,,,,,23.0,12.0,25.0
D.J. Reader,,HTX,5,166,2016,Clemson,2012,2015,45.0,,,,,,,,,,,,,,DL,Clemson,,,,,,,,,,,,,,,,5.0,34.0,39.0,73.0,9.0,0.1111111111111111,0.7555555555555555,0.8666666666666667,1.6222222222222222,0.2,,,,,,,,22.0,20.0,47.0
Spencer Drango,,CLE,5,168,2016,Baylor,2012,2015,26.0,,,,,,,,,,,,,,OL,Baylor,,,,,,,,,,,,,,,,,,,,,,,,,,,,,,,,,23.0,8.0,8.0
Antwione Williams,,DET,5,169,2016,Georgia Southern,2014,2015,25.0,,,,,,,,,,,,,,LB,Georgia Southern,,,,,,,,,,,,,,,,7.0,94.0,78.0,172.0,18.5,0.28,3.76,3.12,6.88,0.74,,,,,,,,23.0,2.0,2.0
Alex Collins,,SEA,5,171,2016,Arkansas,2013,2015,38.0,,,,,,,,,,,,,,RB,Arkansas,665.0,3703.0,5.6,36.0,27.0,167.0,6.2,0.0,97.4,4.4,,,,,,,,,,,,,,,,,,,,,,12.15,22.0,5.0,17.0
Rashard Higgins,,CLE,5,172,2016,Colorado State,2013,2015,38.0,,,,,,,,,,,,,,WR,Colorado State,,,,,,,,,,,96.0,239.0,3649.0,15.3,31.0,,,,,,,,,,,,,,,,,2.125,21.0,13.0,13.0
Trey Caldwell,,CLE,5,173,2016,Louisiana-Monroe,2012,2015,48.0,,,,,,,,,,,,,,DB,Louisiana-Monroe,,,,,,,,,,,,,,,,,,,,,,,,,,2.0,55.0,1.0,21.0,0.0416666666666666,0.4375,-15.242857142857144,22.0,0.0,0.0
Fahn Cooper,,SFO,5,174,2016,Ole Miss,2015,2015,13.0,,,,,,,,,,,,,,OL,Ole Miss,,,,,,,,,,,,,,,,,,,,,,,,,,,,,,,,,23.0,,
Jatavis Brown,,SDG,5,175,2016,Akron,2012,2015,46.0,,,,,,,,,,,,,,LB,Akron,,,,,,,,,,,,,,,,17.0,196.0,149.0,345.0,41.5,0.3695652173913043,4.260869565217392,3.239130434782609,7.5,0.9021739130434784,,,,,,,-5.577777777777778,22.0,14.0,14.0
Andy Janovich,,DEN,6,176,2016,Nebraska,2012,2015,38.0,,,,,,,,,,,,,,RB,Nebraska,45.0,271.0,6.0,3.0,5.0,87.0,17.4,0.0,7.1,2.3,,,,,,,,,,,,,,,,,,,,,,13.7,23.0,2.0,2.0
D.J. White,,KAN,6,178,2016,Georgia Tech,2013,2015,37.0,,,,,,,,,,,,,,CB,Georgia Tech,,,,,,,,,,,,,,,,,,,,,,,,,,7.0,38.0,1.0,21.0,0.1891891891891892,0.5675675675675675,10.533333333333333,22.0,1.0,1.0
Keenan Reynolds,143.8,RAV,6,182,2016,Navy,2012,2015,50.0,242.0,462.0,220.0,52.4,4001.0,31.0,8.0,6.7,1.7,8.7,9.22,16.5,80.0,QB,Navy,,,,,,,,,,,,,,,,,,,,,,,,,,,,,,,,2.749056603773585,22.0,,0.0
Devante Bond,,TAM,6,183,2016,Oklahoma,2014,2015,21.0,,,,,,,,,,,,,,LB,Oklahoma,,,,,,,,,,,,,,,,3.0,46.0,26.0,72.0,11.0,0.1428571428571428,2.1904761904761907,1.238095238095238,3.4285714285714284,0.5238095238095238,,,,,,,,23.0,4.0,4.0
Jerell Adams,,NYG,6,184,2016,South Carolina,2012,2015,41.0,,,,,,,,,,,,,,TE,South Carolina,,,,,,,,,,,23.8,66.0,977.0,14.8,7.0,,,,,,,,,,,,,,,,,14.175,23.0,2.0,2.0
Jakeem Grant,,MIA,6,186,2016,Texas Tech,2012,2015,49.0,,,,,,,,,,,,,,WR,Texas Tech,,,,,,,,,,,67.1,254.0,3286.0,12.9,27.0,,,,,,,,,,,,,,,,,9.194444444444445,23.0,12.0,14.0
Nate Sudfeld,144.1,WAS,6,187,2016,Indiana,2012,2015,38.0,593.0,983.0,390.0,60.3,7879.0,61.0,20.0,6.2,2.0,8.0,8.34,13.3,207.3,QB,Indiana,,,,,,,,,,,,,,,,,,,,,,,,,,,,,,,,-0.24999999999999992,22.0,,1.0
David Morgan,,MIN,6,188,2016,UTSA,2013,2015,26.0,,,,,,,,,,,,,,TE,UTSA,,,,,,,,,,,34.2,72.0,890.0,12.4,6.0,,,,,,,,,,,,,,,,,,23.0,1.0,1.0
Anthony Brown,,DAL,6,189,2016,Purdue,2012,2015,46.0,,,,,,,,,,,,,,DB,Purdue,,,,,,,,,,,,,,,,,,,,,,,,,,4.0,4.0,0.0,19.0,0.0869565217391304,0.4130434782608695,3.074107142857143,22.0,23.0,23.0
Josh Forrest,,RAM,6,190,2016,Kentucky,2012,2015,43.0,,,,,,,,,,,,,,LB,Kentucky,,,,,,,,,,,,,,,,4.5,117.0,115.0,232.0,15.5,0.1046511627906976,2.7209302325581395,2.6744186046511627,5.395348837209302,0.3604651162790697,,,,,,,0.1588235294117646,24.0,2.0,2.0
Jake Rudock,134.1,DET,6,191,2016,Michigan,2013,2015,38.0,666.0,1080.0,414.0,61.7,7836.0,54.0,27.0,5.0,2.5,7.3,7.13,11.8,206.2,QB,IowaMichigan,,,,,,,,,,,,,,,,,,,,,,,,,,,,,,,,15.447826086956523,23.0,0.0,0.0
Kolby Listenbee,,BUF,6,192,2016,Texas Christian,2012,2015,35.0,,,,,,,,,,,,,,WR,Texas Christian,,,,,,,,,,,40.9,74.0,1432.0,19.4,9.0,,,,,,,,,,,,,,,,,19.661702127659574,22.0,,
Sebastian Tretola,,OTI,6,193,2016,Arkansas,2014,2015,26.0,,,,,,,,,,,,,,T,Arkansas,,,,,,,,,,,,,,,,,,,,,,,,,,,,,,,,12.2,24.0,0.0,0.0
Cory James,,RAI,6,194,2016,Colorado State,2012,2015,51.0,,,,,,,,,,,,,,LB,Colorado State,,,,,,,,,,,,,,,,24.0,114.0,115.0,229.0,41.5,0.4705882352941176,2.235294117647059,2.2549019607843137,4.490196078431373,0.8137254901960784,,,,,,,,23.0,7.0,7.0
Wes Schweitzer,,ATL,6,195,2016,San Jose State,2014,2015,25.0,,,,,,,,,,,,,,T,San Jose State,,,,,,,,,,,,,,,,,,,,,,,,,,,,,,,,,22.0,19.0,27.0
Blake Countess,,PHI,6,196,2016,Auburn,2011,2015,50.0,,,,,,,,,,,,,,DB,AuburnMichigan,,,,,,,,,,,,,,,,,,,,,,,,,,8.0,174.0,1.0,24.0,0.16,0.48,13.523076923076921,23.0,0.0,3.0
Dan Vitale,,TAM,6,197,2016,Northwestern,2013,2015,37.0,,,,,,,,,,,,,,SB,Northwestern,5.0,27.0,5.4,0.0,107.0,1139.0,10.6,9.0,0.7,30.8,,,,,,,,,,,,,,,,,,,,,,,22.0,,1.0
Dan Vitale,,TAM,6,197,2016,Northwestern,2012,2012,13.0,,,,,,,,,,,,,,TE,Northwestern,,,,,,,,,,,22.2,28.0,288.0,10.3,2.0,,,,,,,,,,,,,,,,,,22.0,,1.0
Derek Watt,,SDG,6,198,2016,Wisconsin,2013,2015,26.0,,,,,,,,,,,,,,FB,Wisconsin,11.0,55.0,5.0,0.0,18.0,159.0,8.8,1.0,2.1,6.1,,,,,,,,,,,,,,,,,,,,,,17.82857142857143,23.0,1.0,1.0
Derek Watt,,SDG,6,198,2016,Wisconsin,2012,2012,14.0,,,,,,,,,,,,,,LB,Wisconsin,,,,,,,,,,,,,,,,0.0,10.0,3.0,13.0,0.0,0.0,0.7142857142857143,0.2142857142857142,0.9285714285714286,0.0,,,,,,,17.82857142857143,23.0,1.0,1.0
Cody Core,,CIN,6,199,2016,Ole Miss,2012,2015,45.0,,,,,,,,,,,,,,WR,Ole Miss,,,,,,,,,,,28.8,83.0,1297.0,15.6,10.0,,,,,,,,,,,,,,,,,20.333333333333332,22.0,3.0,3.0
Kyle Murphy,,GNB,6,200,2016,Stanford,2014,2015,27.0,,,,,,,,,,,,,,OL,Stanford,,,,,,,,,,,,,,,,,,,,,,,,,,,,,,,,,22.0,2.0,2.0
Brandon Allen,134.8,JAX,6,201,2016,Arkansas,2012,2015,42.0,583.0,1016.0,433.0,57.4,7463.0,64.0,26.0,6.3,2.6,7.3,7.45,12.8,177.7,QB,Arkansas,,,,,,,,,,,,,,,,,,,,,,,,,,,,,,,,11.88679245283019,24.0,,5.0
Anthony Zettel,,DET,6,202,2016,Penn State,2012,2015,48.0,,,,,,,,,,,,,,DL,Penn State,,,,,,,,,,,,,,,,20.0,69.0,51.0,120.0,38.0,0.4166666666666667,1.4375,1.0625,2.5,0.7916666666666666,,,,,,,9.05,24.0,8.0,9.0
Dadi Nicolas,,KAN,6,203,2016,Virginia Tech,2012,2015,47.0,,,,,,,,,,,,,,DL,Virginia Tech,,,,,,,,,,,,,,,,17.5,87.0,79.0,166.0,36.0,0.3723404255319149,1.851063829787234,1.680851063829787,3.5319148936170213,0.7659574468085106,,,,,,,,23.0,1.0,1.0
Jordan Lucas,,MIA,6,204,2016,Penn State,2012,2015,46.0,,,,,,,,,,,,,,DB,Penn State,,,,,,,,,,,,,,,,,,,,,,,,,,3.0,37.0,0.0,25.0,0.0652173913043478,0.5434782608695652,9.066666666666666,23.0,1.0,4.0
Michael Thomas,,RAM,6,206,2016,Southern Mississippi,2014,2015,25.0,,,,,,,,,,,,,,WR,Southern Mississippi,,,,,,,,,,,79.3,112.0,1983.0,17.7,19.0,,,,,,,,,,,,,,,,,9.056140350877193,22.0,1.0,2.0
Jeff Driskel,134.1,SFO,6,207,2016,Louisiana Tech,2011,2015,42.0,609.0,1002.0,393.0,60.8,7444.0,50.0,28.0,5.0,2.8,7.4,7.17,12.2,177.2,QB,FloridaLouisiana Tech,,,,,,,,,,,,,,,,,,,,,,,,,,,,,,,,16.599999999999998,23.0,,7.0
Maurice Canady,,RAV,6,209,2016,Virginia,2012,2015,44.0,,,,,,,,,,,,,,DB,Virginia,,,,,,,,,,,,,,,,,,,,,,,,,,5.0,108.0,1.0,26.0,0.1136363636363636,0.5909090909090909,1.676923076923077,22.0,2.0,3.0
Jimmy Landes,,DET,6,210,2016,Baylor,2014,2015,25.0,,,,,,,,,,,,,,S,Baylor,,,,,,,,,,,,,,,,,,,,,,,,,,0.0,0.0,0.0,,0.0,,,24.0,,
Kelvin Taylor,,SFO,6,211,2016,Florida,2013,2015,35.0,,,,,,,,,,,,,,RB,Florida,486.0,2108.0,4.3,23.0,24.0,179.0,7.5,0.0,60.2,5.1,,,,,,,,,,,,,,,,,,,,,,13.366666666666667,22.0,,
Kavon Frazier,,DAL,6,212,2016,Central Michigan,2012,2015,49.0,,,,,,,,,,,,,,DB,Central Michigan,,,,,,,,,,,,,,,,,,,,,,,,,,5.0,79.0,1.0,13.0,0.1020408163265306,0.2653061224489796,-8.794117647058824,22.0,3.0,4.0
Aaron Burbridge,,SFO,6,213,2016,Michigan State,2012,2015,46.0,,,,,,,,,,,,,,WR,Michigan State,,,,,,,,,,,47.3,165.0,2174.0,13.2,10.0,,,,,,,,,,,,,,,,,17.333333333333332,22.0,1.0,1.0
Elandon Roberts,,NWE,6,214,2016,Houston,2013,2015,30.0,,,,,,,,,,,,,,LB,Houston,,,,,,,,,,,,,,,,7.0,109.0,66.0,175.0,23.5,0.2333333333333333,3.6333333333333337,2.2,5.833333333333333,0.7833333333333333,,,,,,,6.2,22.0,17.0,52.0
Joey Hunt,,SEA,6,215,2016,Texas Christian,2013,2015,26.0,,,,,,,,,,,,,,C,Texas Christian,,,,,,,,,,,,,,,,,,,,,,,,,,,,,,,,,22.0,7.0,7.0
Darius Jackson,,DAL,6,216,2016,Eastern Michigan,2012,2015,43.0,,,,,,,,,,,,,,RB,Eastern Michigan,321.0,1586.0,4.9,17.0,44.0,375.0,8.5,4.0,36.9,8.7,,,,,,,,,,,,,,,,,,,,,,-27.144444444444446,22.0,0.0,0.0
Kevon Seymour,,BUF,6,218,2016,USC,2012,2015,44.0,,,,,,,,,,,,,,DB,USC,,,,,,,,,,,,,,,,,,,,,,,,,,3.0,67.0,0.0,19.0,0.0681818181818181,0.4318181818181818,19.88823529411765,22.0,1.0,6.0
William Parks,,DEN,6,219,2016,Arizona,2012,2015,51.0,,,,,,,,,,,,,,DB,Arizona,,,,,,,,,,,,,,,,,,,,,,,,,,4.0,102.0,1.0,20.0,0.0784313725490196,0.392156862745098,,22.0,8.0,11.0
Travis Feeney,,PIT,6,220,2016,Washington,2012,2015,52.0,,,,,,,,,,,,,,LB,Washington,,,,,,,,,,,,,,,,15.5,168.0,79.0,247.0,33.0,0.2980769230769231,3.230769230769231,1.5192307692307692,4.75,0.6346153846153846,,,,,,,6.949999999999999,23.0,,
Ted Karras,,NWE,6,221,2016,Illinois,2012,2015,25.0,,,,,,,,,,,,,,OL,Illinois,,,,,,,,,,,,,,,,,,,,,,,,,,,,,,,,,23.0,17.0,48.0
Aaron Wallace,,OTI,7,222,2016,UCLA,2012,2015,40.0,,,,,,,,,,,,,,LB,UCLA,,,,,,,,,,,,,,,,7.0,49.0,43.0,92.0,13.0,0.175,1.225,1.075,2.3,0.325,,,,,,,,23.0,1.0,1.0
Brandon Doughty,161.0,MIA,7,223,2016,Western Kentucky,2011,2015,43.0,1023.0,1491.0,468.0,68.6,12855.0,111.0,34.0,7.4,2.3,8.6,9.08,12.6,299.0,QB,Western Kentucky,,,,,,,,,,,,,,,,,,,,,,,,,,,,,,,,-1.8483333333333334,24.0,,
Donavon Clark,,SDG,7,224,2016,Michigan State,2015,2015,14.0,,,,,,,,,,,,,,OL,Michigan State,,,,,,,,,,,,,,,,,,,,,,,,,,,,,,,,,23.0,,
Devin Lucien,,NWE,7,225,2016,Arizona State,2012,2015,44.0,,,,,,,,,,,,,,WR,Arizona StateUCLA,,,,,,,,,,,41.5,124.0,1827.0,14.7,12.0,,,,,,,,,,,,,,,,,14.866666666666665,23.0,,
Stephen Weatherly,,MIN,7,227,2016,Vanderbilt,2013,2015,33.0,,,,,,,,,,,,,,DE,Vanderbilt,,,,,,,,,,,,,,,,11.5,71.0,48.0,119.0,27.0,0.3484848484848485,2.1515151515151514,1.4545454545454546,3.606060606060606,0.8181818181818182,,,,,,,-4.3,22.0,8.0,12.0
Demarcus Ayers,,PIT,7,229,2016,Houston,2013,2015,40.0,,,,,,,,,,,,,,WR,Houston,,,,,,,,,,,42.2,142.0,1687.0,11.9,9.0,,,,,,,,,,,,,,,,,5.642307692307693,22.0,0.0,0.0
Daniel Braverman,,CHI,7,230,2016,Western Michigan,2012,2015,37.0,,,,,,,,,,,,,,WR,Western Michigan,,,,,,,,,,,67.8,213.0,2509.0,11.8,19.0,,,,,,,,,,,,,,,,,-1.138709677419355,22.0,0.0,0.0
Thomas Duarte,,MIA,7,231,2016,UCLA,2013,2015,35.0,,,,,,,,,,,,,,WR,UCLA,,,,,,,,,,,46.5,97.0,1626.0,16.8,17.0,,,,,,,,,,,,,,,,,18.766666666666666,21.0,0.0,0.0
Steven Daniels,,WAS,7,232,2016,Boston College,2012,2015,46.0,,,,,,,,,,,,,,LB,Boston College,,,,,,,,,,,,,,,,10.5,165.0,102.0,267.0,29.0,0.2282608695652173,3.5869565217391304,2.217391304347826,5.804347826086956,0.6304347826086957,,,,,,,5.566666666666666,23.0,,
Jalen Mills,,PHI,7,233,2016,LSU,2012,2015,46.0,,,,,,,,,,,,,,DB,LSU,,,,,,,,,,,,,,,,,,,,,,,,,,6.0,12.0,0.0,11.0,0.1304347826086956,0.2391304347826087,24.633333333333336,22.0,18.0,31.0
Vadal Alexander,,RAI,7,234,2016,LSU,2015,2015,12.0,,,,,,,,,,,,,,T,LSU,,,,,,,,,,,,,,,,,,,,,,,,,,,,,,,,,22.0,6.0,6.0
Dwayne Washington,,DET,7,236,2016,Washington,2013,2015,32.0,,,,,,,,,,,,,,RB,Washington,226.0,1311.0,5.8,17.0,41.0,411.0,10.0,4.0,41.0,12.8,,,,,,,,,,,,,,,,,,,,,,12.242857142857142,22.0,2.0,4.0
Daniel Lasco,,NOR,7,237,2016,California,2012,2015,42.0,,,,,,,,,,,,,,RB,California,348.0,1872.0,5.4,18.0,48.0,458.0,9.5,2.0,44.6,10.9,,,,,,,,,,,,,,,,,,,,,,1.96,23.0,0.0,0.0
Devin Fuller,,ATL,7,238,2016,UCLA,2012,2012,9.0,0.0,0.0,0.0,,0.0,0.0,0.0,,,,,,0.0,QB,UCLA,,,,,,,,,,,,,,,,,,,,,,,,,,,,,,,,,22.0,,
Devin Fuller,,ATL,7,238,2016,UCLA,2013,2015,36.0,,,,,,,,,,,,,,WR,UCLA,,,,,,,,,,,32.7,126.0,1177.0,9.3,8.0,,,,,,,,,,,,,,,,,,22.0,,
Alex McCalister,,PHI,7,240,2016,Florida,2015,2015,9.0,,,,,,,,,,,,,,OL,Florida,,,,,,,,,,,,,,,,,,,,,,,,,,,,,,,,17.3,22.0,,
Alex McCalister,,PHI,7,240,2016,Florida,2013,2014,14.0,,,,,,,,,,,,,,DL,Florida,,,,,,,,,,,,,,,,6.0,16.0,10.0,26.0,9.0,0.4285714285714285,1.1428571428571428,0.7142857142857143,1.8571428571428572,0.6428571428571429,,,,,,,17.3,22.0,,
Charone Peake,,NYJ,7,241,2016,Clemson,2011,2015,51.0,,,,,,,,,,,,,,WR,Clemson,,,,,,,,,,,23.0,99.0,1172.0,11.8,10.0,,,,,,,,,,,,,,,,,15.875,23.0,1.0,1.0
Keith Marshall,,WAS,7,242,2016,Georgia,2012,2015,33.0,,,,,,,,,,,,,,RB,Georgia,253.0,1379.0,5.5,12.0,24.0,225.0,9.4,3.0,41.8,6.8,,,,,,,,,,,,,,,,,,,,,,23.533333333333335,22.0,,
Kenny Lawler,,SEA,7,243,2016,California,2013,2015,35.0,,,,,,,,,,,,,,WR,California,,,,,,,,,,,48.7,143.0,1706.0,11.9,27.0,,,,,,,,,,,,,,,,,3.725,22.0,,
Jayron Kearse,,MIN,7,244,2016,Clemson,2013,2015,40.0,,,,,,,,,,,,,,S,Clemson,,,,,,,,,,,,,,,,,,,,,,,,,,7.0,83.0,0.0,11.0,0.175,0.275,22.2,22.0,4.0,18.0
Clayton Fejedelem,,CIN,7,245,2016,Illinois,2014,2015,25.0,,,,,,,,,,,,,,DB,Illinois,,,,,,,,,,,,,,,,,,,,,,,,,,2.0,18.0,0.0,9.0,0.08,0.36,2.7,23.0,6.0,8.0
Tyler Matakevich,,PIT,7,246,2016,Temple,2012,2015,49.0,,,,,,,,,,,,,,LB,Temple,,,,,,,,,,,,,,,,7.0,338.0,155.0,493.0,40.0,0.1428571428571428,6.8979591836734695,3.163265306122449,10.06122448979592,0.8163265306122449,,,,,,,-3.133333333333333,23.0,5.0,9.0
Zac Brooks,,SEA,7,247,2016,Clemson,2012,2015,31.0,,,,,,,,,,,,,,RB,Clemson,115.0,599.0,5.2,5.0,18.0,205.0,11.4,3.0,19.3,6.6,,,,,,,,,,,,,,,,,,,,,,22.333333333333332,23.0,,
Austin Blythe,,CLT,7,248,2016,Iowa,2014,2015,27.0,,,,,,,,,,,,,,OL,Iowa,,,,,,,,,,,,,,,,,,,,,,,,,,,,,,,,,24.0,1.0,33.0
Prince Iworah,,SFO,7,249,2016,Western Kentucky,2012,2015,33.0,,,,,,,,,,,,,,DB,Western Kentucky,,,,,,,,,,,,,,,,,,,,,,,,,,5.0,20.0,0.0,16.0,0.1515151515151515,0.4848484848484848,,23.0,0.0,0.0
Scooby Wright,,CLE,7,250,2016,Arizona,2013,2015,30.0,,,,,,,,,,,,,,LB,Arizona,,,,,,,,,,,,,,,,16.0,158.0,111.0,269.0,41.5,0.5333333333333333,5.266666666666667,3.7,8.966666666666667,1.3833333333333333,,,,,,,14.6,22.0,,1.0
Joe Walker,,PHI,7,251,2016,Oregon,2013,2015,38.0,,,,,,,,,,,,,,LB,Oregon,,,,,,,,,,,,,,,,5.0,120.0,85.0,205.0,17.0,0.131578947368421,3.1578947368421053,2.236842105263158,5.394736842105263,0.4473684210526316,,,,,,,-13.506666666666666,23.0,2.0,8.0
Kalan Reed,,OTI,7,253,2016,Southern Mississippi,2012,2012,12.0,,,,,,,,,,,,,,DL,Southern Mississippi,,,,,,,,,,,,,,,,0.0,13.0,8.0,21.0,1.0,0.0,1.0833333333333333,0.6666666666666666,1.75,0.0833333333333333,,,,,,,-14.4,22.0,0.0,0.0
Kalan Reed,,OTI,7,253,2016,Southern Mississippi,2013,2015,36.0,,,,,,,,,,,,,,DB,Southern Mississippi,,,,,,,,,,,,,,,,,,,,,,,,,,7.0,116.0,2.0,30.0,0.1944444444444444,0.8333333333333334,-14.4,22.0,0.0,0.0
Myles Garrett,,CLE,1,1,2017,Texas A&M,2014,2016,36.0,,,,,,,,,,,,,,DL,Texas A&M,,,,,,,,,,,,,,,,32.5,84.0,61.0,145.0,48.5,0.9027777777777778,2.3333333333333335,1.6944444444444444,4.027777777777778,1.3472222222222223,,,,,,,12.994736842105263,21.0,104.0,104.0
Mitch Trubisky,157.6,CHI,1,2,2017,North Carolina,2014,2016,34.0,386.0,572.0,186.0,67.5,4762.0,41.0,10.0,7.2,1.7,8.3,8.97,12.3,140.1,QB,North Carolina,,,,,,,,,,,,,,,,,,,,,,,,,,,,,,,,12.681818181818182,23.0,34.0,40.0
Solomon Thomas,,SFO,1,3,2017,Stanford,2015,2016,27.0,,,,,,,,,,,,,,DE,Stanford,,,,,,,,,,,,,,,,11.5,65.0,36.0,101.0,25.5,0.4259259259259259,2.407407407407407,1.3333333333333333,3.740740740740741,0.9444444444444444,,,,,,,20.285714285714285,21.0,15.0,21.0
Leonard Fournette,,JAX,1,4,2017,LSU,2014,2016,32.0,,,,,,,,,,,,,,RB,LSU,616.0,3830.0,6.2,40.0,41.0,526.0,12.8,1.0,119.7,16.4,,,,,,,,,,,,,,,,,,,,,,23.126923076923074,22.0,19.0,38.0
Corey Davis,,OTI,1,5,2017,Western Michigan,2013,2016,50.0,,,,,,,,,,,,,,WR,Western Michigan,,,,,,,,,,,105.7,332.0,5285.0,15.9,52.0,,,,,,,,,,,,,,,,,2.0486842105263157,22.0,24.0,31.0
Jamal Adams,,NYJ,1,6,2017,LSU,2014,2016,37.0,,,,,,,,,,,,,,S,LSU,,,,,,,,,,,,,,,,,,,,,,,,,,5.0,30.0,0.0,15.0,0.1351351351351351,0.4054054054054054,24.055555555555557,21.0,29.0,47.0
Mike Williams,,SDG,1,7,2017,Clemson,2013,2016,39.0,,,,,,,,,,,,,,WR,Clemson,,,,,,,,,,,69.9,177.0,2727.0,15.4,21.0,,,,,,,,,,,,,,,,,10.072222222222223,22.0,37.0,38.0
Christian McCaffrey,,CAR,1,8,2017,Stanford,2014,2016,38.0,,,,,,,,,,,,,,RB,Stanford,632.0,3922.0,6.2,21.0,99.0,1206.0,12.2,10.0,103.2,31.7,,,,,,,,,,,,,,,,,,,,,,20.297142857142855,21.0,43.0,86.0
John Ross,,CIN,1,9,2017,Washington,2013,2016,40.0,,,,,,,,,,,,,,WR,Washington,,,,,,,,,,,43.2,114.0,1729.0,15.2,22.0,,,,,,,,,,,,,,,,,19.1515625,21.0,5.0,7.0
Patrick Mahomes,152.0,KAN,1,10,2017,Texas Tech,2014,2016,32.0,857.0,1349.0,492.0,63.5,11252.0,93.0,29.0,6.9,2.1,8.3,8.75,13.1,351.6,QB,Texas Tech,,,,,,,,,,,,,,,,,,,,,,,,,,,,,,,,4.336363636363637,21.0,115.0,115.0
Marshon Lattimore,,NOR,1,11,2017,Ohio State,2015,2016,19.0,,,,,,,,,,,,,,CB,Ohio State,,,,,,,,,,,,,,,,,,,,,,,,,,4.0,61.0,1.0,12.0,0.2105263157894736,0.631578947368421,22.4,21.0,41.0,43.0
Deshaun Watson,157.5,HTX,1,12,2017,Clemson,2014,2016,38.0,814.0,1207.0,393.0,67.4,10163.0,90.0,32.0,7.5,2.7,8.4,8.72,12.5,267.4,QB,Clemson,,,,,,,,,,,,,,,,,,,,,,,,,,,,,,,,24.547058823529415,21.0,52.0,58.0
Haason Reddick,,CRD,1,13,2017,Temple,2013,2016,46.0,,,,,,,,,,,,,,LB,Temple,,,,,,,,,,,,,,,,18.0,99.0,49.0,148.0,46.0,0.391304347826087,2.152173913043478,1.065217391304348,3.217391304347826,1.0,,,,,,,11.9,22.0,14.0,47.0
Derek Barnett,,PHI,1,14,2017,Tennessee,2014,2016,39.0,,,,,,,,,,,,,,DE,Tennessee,,,,,,,,,,,,,,,,33.0,131.0,66.0,197.0,52.0,0.8461538461538461,3.358974358974359,1.6923076923076923,5.051282051282051,1.3333333333333333,,,,,,,16.3,21.0,22.0,27.0
Malik Hooker,,CLT,1,15,2017,Ohio State,2015,2016,25.0,,,,,,,,,,,,,,S,Ohio State,,,,,,,,,,,,,,,,,,,,,,,,,,7.0,181.0,3.0,4.0,0.28,0.16,22.4,21.0,13.0,26.0
Marlon Humphrey,,RAV,1,16,2017,Alabama,2015,2016,30.0,,,,,,,,,,,,,,DB,Alabama,,,,,,,,,,,,,,,,,,,,,,,,,,5.0,46.0,1.0,13.0,0.1666666666666666,0.4333333333333333,30.98,21.0,62.0,62.0
Jonathan Allen,,WAS,1,17,2017,Alabama,2013,2016,51.0,,,,,,,,,,,,,,LB,Alabama,,,,,,,,,,,,,,,,28.5,78.0,75.0,153.0,45.0,0.5588235294117647,1.5294117647058822,1.4705882352941178,3.0,0.8823529411764706,,,,,,,31.7,22.0,48.0,57.0
Adoree Jackson,,OTI,1,18,2017,USC,2014,2016,40.0,,,,,,,,,,,,,,CB,USC,,,,,,,,,,,,,,,,,,,,,,,,,,6.0,67.0,1.0,29.0,0.15,0.725,,21.0,15.0,30.0
O.J. Howard,,TAM,1,19,2017,Alabama,2013,2016,54.0,,,,,,,,,,,,,,TE,Alabama,,,,,,,,,,,32.0,114.0,1726.0,15.1,7.0,,,,,,,,,,,,,,,,,32.465624999999996,22.0,12.0,13.0
Jarrad Davis,,DET,1,21,2017,Florida,2013,2016,40.0,,,,,,,,,,,,,,LB,Florida,,,,,,,,,,,,,,,,5.5,102.0,103.0,205.0,20.0,0.1375,2.55,2.575,5.125,0.5,,,,,,,13.0,22.0,20.0,22.0
Charles Harris,,MIA,1,22,2017,Missouri,2014,2016,37.0,,,,,,,,,,,,,,DL,Missouri,,,,,,,,,,,,,,,,18.0,80.0,56.0,136.0,34.5,0.4864864864864865,2.1621621621621623,1.5135135135135136,3.675675675675676,0.9324324324324323,,,,,,,-10.0,22.0,4.0,16.0
Evan Engram,,NYG,1,23,2017,Ole Miss,2013,2016,45.0,,,,,,,,,,,,,,TE,Ole Miss,,,,,,,,,,,51.6,162.0,2320.0,14.3,15.0,,,,,,,,,,,,,,,,,18.125,23.0,18.0,37.0
Gareon Conley,,RAI,1,24,2017,Ohio State,2014,2016,41.0,,,,,,,,,,,,,,CB,Ohio State,,,,,,,,,,,,,,,,,,,,,,,,,,6.0,0.0,0.0,15.0,0.1463414634146341,0.3658536585365853,24.293333333333333,22.0,7.0,9.0
Jabrill Peppers,,CLE,1,25,2017,Michigan,2016,2016,12.0,,,,,,,,,,,,,,LB,Michigan,,,,,,,,,,,,,,,,4.0,47.0,25.0,72.0,16.0,0.3333333333333333,3.9166666666666665,2.0833333333333335,6.0,1.3333333333333333,,,,,,,21.25,21.0,11.0,32.0
Jabrill Peppers,,CLE,1,25,2017,Michigan,2014,2015,15.0,,,,,,,,,,,,,,DB,Michigan,,,,,,,,,,,,,,,,,,,,,,,,,,0.0,0.0,0.0,10.0,0.0,0.6666666666666666,21.25,21.0,11.0,32.0
Takkarist McKinley,,ATL,1,26,2017,UCLA,2014,2016,33.0,,,,,,,,,,,,,,DL,UCLA,,,,,,,,,,,,,,,,17.0,80.0,22.0,102.0,29.0,0.5151515151515151,2.4242424242424243,0.6666666666666666,3.090909090909091,0.8787878787878788,,,,,,,12.266666666666667,21.0,13.0,16.0
Tre'Davious White,,BUF,1,27,2017,LSU,2013,2016,48.0,,,,,,,,,,,,,,DB,LSU,,,,,,,,,,,,,,,,,,,,,,,,,,6.0,61.0,1.0,34.0,0.125,0.7083333333333334,23.986486486486488,22.0,52.0,53.0
Taco Charlton,,DAL,1,28,2017,Michigan,2013,2016,38.0,,,,,,,,,,,,,,DE,Michigan,,,,,,,,,,,,,,,,18.5,55.0,39.0,94.0,27.5,0.4868421052631579,1.4473684210526316,1.0263157894736843,2.473684210526316,0.7236842105263158,,,,,,,24.4,22.0,6.0,9.0
David Njoku,,CLE,1,29,2017,Miami (FL),2015,2016,26.0,,,,,,,,,,,,,,WR,Miami (FL),,,,,,,,,,,40.8,64.0,1060.0,16.6,9.0,,,,,,,,,,,,,,,,,16.364705882352943,21.0,27.0,27.0
T.J. Watt,,PIT,1,30,2017,Wisconsin,2015,2016,27.0,,,,,,,,,,,,,,LB,Wisconsin,,,,,,,,,,,,,,,,11.5,42.0,29.0,71.0,17.0,0.4259259259259259,1.5555555555555556,1.0740740740740742,2.6296296296296298,0.6296296296296297,,,,,,,16.1,22.0,96.0,96.0
Reuben Foster,,SFO,1,31,2017,Alabama,2013,2016,47.0,,,,,,,,,,,,,,LB,Alabama,,,,,,,,,,,,,,,,8.0,123.0,99.0,222.0,24.0,0.1702127659574468,2.617021276595745,2.106382978723404,4.723404255319149,0.5106382978723404,,,,,,,31.7,23.0,8.0,8.0
Kevin King,,GNB,2,33,2017,Washington,2013,2016,43.0,,,,,,,,,,,,,,DB,Washington,,,,,,,,,,,,,,,,,,,,,,,,,,6.0,6.0,0.0,22.0,0.1395348837209302,0.5116279069767442,8.871428571428572,22.0,15.0,16.0
Cam Robinson,,JAX,2,34,2017,Alabama,2014,2014,1.0,,,,,,,,,,,,,,OL,Alabama,,,,,,,,,,,,,,,,,,,,,,,,,,,,,,,,-2.1,21.0,33.0,43.0
Malik McDowell,,SEA,2,35,2017,Michigan State,2014,2016,36.0,,,,,,,,,,,,,,DL,Michigan State,,,,,,,,,,,,,,,,7.5,50.0,38.0,88.0,24.5,0.2083333333333333,1.3888888888888888,1.0555555555555556,2.4444444444444446,0.6805555555555556,,,,,,,10.381818181818183,21.0,,6.0
Budda Baker,,CRD,2,36,2017,Washington,2014,2016,40.0,,,,,,,,,,,,,,DB,Washington,,,,,,,,,,,,,,,,,,,,,,,,,,5.0,62.0,0.0,19.0,0.125,0.475,18.817241379310342,21.0,63.0,63.0
Zay Jones,,BUF,2,37,2017,East Carolina,2013,2016,49.0,,,,,,,,,,,,,,WR,East Carolina,,,,,,,,,,,87.3,399.0,4279.0,10.7,23.0,,,,,,,,,,,,,,,,,0.44871794871794873,22.0,8.0,25.0
Forrest Lamp,,SDG,2,38,2017,Western Kentucky,2013,2016,39.0,,,,,,,,,,,,,,OL,Western Kentucky,,,,,,,,,,,,,,,,,,,,,,,,,,,,,,,,15.5,23.0,8.0,8.0
Marcus Maye,,NYJ,2,39,2017,Florida,2013,2016,41.0,,,,,,,,,,,,,,DB,Florida,,,,,,,,,,,,,,,,,,,,,,,,,,5.0,37.0,0.0,17.0,0.1219512195121951,0.4146341463414634,14.339130434782609,24.0,21.0,29.0
Curtis Samuel,,CAR,2,40,2017,Ohio State,2014,2016,41.0,,,,,,,,,,,,,,RB,Ohio State,172.0,1286.0,7.5,15.0,107.0,1249.0,11.7,9.0,31.4,30.5,,,,,,,,,,,,,,,,,,,,,,25.263636363636362,21.0,17.0,30.0
Dalvin Cook,,MIN,2,41,2017,Florida State,2014,2016,38.0,,,,,,,,,,,,,,RB,Florida State,687.0,4464.0,6.5,46.0,79.0,935.0,11.8,2.0,117.5,24.6,,,,,,,,,,,,,,,,,,,,,,24.925,22.0,51.0,52.0
Marcus Williams,,NOR,2,42,2017,Utah,2014,2016,37.0,,,,,,,,,,,,,,DB,Utah,,,,,,,,,,,,,,,,,,,,,,,,,,11.0,114.0,0.0,8.0,0.2972972972972973,0.2162162162162162,-2.5,20.0,24.0,32.0
Sidney Jones,,PHI,2,43,2017,Washington,2014,2016,40.0,,,,,,,,,,,,,,DB,Washington,,,,,,,,,,,,,,,,,,,,,,,,,,9.0,147.0,1.0,21.0,0.225,0.525,19.142105263157895,21.0,5.0,12.0
Gerald Everett,,RAM,2,44,2017,South Alabama,2014,2016,37.0,,,,,,,,,,,,,,TE,South AlabamaUAB,,,,,,,,,,,42.8,107.0,1584.0,14.8,13.0,,,,,,,,,,,,,,,,,-9.156756756756756,23.0,10.0,22.0
Quincy Wilson,,CLT,2,46,2017,Florida,2014,2016,39.0,,,,,,,,,,,,,,DB,Florida,,,,,,,,,,,,,,,,,,,,,,,,,,6.0,93.0,1.0,14.0,0.1538461538461538,0.358974358974359,15.463157894736844,21.0,4.0,4.0
Tyus Bowser,,RAV,2,47,2017,Houston,2013,2016,46.0,,,,,,,,,,,,,,DE,Houston,,,,,,,,,,,,,,,,22.5,70.0,67.0,137.0,28.0,0.4891304347826087,1.5217391304347827,1.4565217391304348,2.9782608695652173,0.6086956521739131,,,,,,,7.673333333333333,22.0,18.0,21.0
Joe Mixon,,CIN,2,48,2017,Oklahoma,2015,2016,25.0,,,,,,,,,,,,,,RB,Oklahoma,300.0,2027.0,6.8,17.0,65.0,894.0,13.8,9.0,81.1,35.8,,,,,,,,,,,,,,,,,,,,,,24.90701754385965,21.0,49.0,56.0
Ryan Anderson,,WAS,2,49,2017,Alabama,2013,2016,47.0,,,,,,,,,,,,,,LB,Alabama,,,,,,,,,,,,,,,,19.5,66.0,62.0,128.0,40.0,0.4148936170212766,1.4042553191489362,1.319148936170213,2.723404255319149,0.851063829787234,,,,,,,18.984375,23.0,6.0,6.0
Justin Evans,,TAM,2,50,2017,Texas A&M,2015,2016,25.0,,,,,,,,,,,,,,DB,Texas A&M,,,,,,,,,,,,,,,,,,,,,,,,,,5.0,0.0,0.0,11.0,0.2,0.44,12.755999999999998,22.0,8.0,10.0
Demarcus Walker,,DEN,2,51,2017,Florida State,2013,2016,36.0,,,,,,,,,,,,,,DE,Florida State,,,,,,,,,,,,,,,,27.5,81.0,63.0,144.0,39.0,0.7638888888888888,2.25,1.75,4.0,1.0833333333333333,,,,,,,,22.0,6.0,24.0
Demarcus Walker,,DEN,2,51,2017,Florida State,2014,2014,14.0,,,,,,,,,,,,,,DB,Florida State,,,,,,,,,,,,,,,,,,,,,,,,,,0.0,0.0,0.0,,0.0,,,22.0,6.0,24.0
DeShone Kizer,147.7,CLE,2,52,2017,Notre Dame,2015,2016,25.0,423.0,696.0,273.0,60.8,5809.0,47.0,19.0,6.8,2.7,8.3,8.47,13.7,232.4,QB,Notre Dame,,,,,,,,,,,,,,,,,,,,,,,,,,,,,,,,18.44090909090909,21.0,5.0,6.0
Jalen Tabor,,DET,2,53,2017,Florida,2014,2016,37.0,,,,,,,,,,,,,,DB,Florida,,,,,,,,,,,,,,,,,,,,,,,,,,9.0,129.0,3.0,28.0,0.2432432432432432,0.7567567567567568,15.4,21.0,3.0,5.0
Raekwon McMillan,,MIA,2,54,2017,Ohio State,2014,2016,39.0,,,,,,,,,,,,,,LB,Ohio State,,,,,,,,,,,,,,,,6.0,136.0,139.0,275.0,17.5,0.1538461538461538,3.4871794871794872,3.5641025641025643,7.051282051282051,0.4487179487179487,,,,,,,23.636363636363637,21.0,9.0,15.0
Dalvin Tomlinson,,NYG,2,55,2017,Alabama,2013,2016,45.0,,,,,,,,,,,,,,DL,Alabama,,,,,,,,,,,,,,,,4.0,39.0,83.0,122.0,10.5,0.0888888888888888,0.8666666666666667,1.8444444444444448,2.7111111111111112,0.2333333333333333,,,,,,,31.7,23.0,23.0,50.0
Obi Melifonwu,,RAI,2,56,2017,Connecticut,2013,2016,48.0,,,,,,,,,,,,,,S,Connecticut,,,,,,,,,,,,,,,,,,,,,,,,,,8.0,37.0,0.0,16.0,0.1666666666666666,0.3333333333333333,-10.927272727272726,23.0,1.0,1.0
Zach Cunningham,,HTX,2,57,2017,Vanderbilt,2014,2016,36.0,,,,,,,,,,,,,,LB,Vanderbilt,,,,,,,,,,,,,,,,6.0,177.0,118.0,295.0,39.5,0.1666666666666666,4.916666666666667,3.2777777777777777,8.194444444444445,1.0972222222222223,,,,,,,-1.2,22.0,29.0,36.0
Ethan Pocic,,SEA,2,58,2017,LSU,2015,2015,12.0,,,,,,,,,,,,,,C,LSU,,,,,,,,,,,,,,,,,,,,,,,,,,,,,,,,,22.0,19.0,32.0
Chidobe Awuzie,,DAL,2,60,2017,Colorado,2013,2016,48.0,,,,,,,,,,,,,,DB,Colorado,,,,,,,,,,,,,,,,,,,,,,,,,,3.0,40.0,0.0,28.0,0.0625,0.5833333333333334,4.011111111111111,22.0,14.0,28.0
Josh Jones,,GNB,2,61,2017,North Carolina State,2014,2016,38.0,,,,,,,,,,,,,,S,North Carolina State,,,,,,,,,,,,,,,,,,,,,,,,,,8.0,71.0,0.0,17.0,0.2105263157894736,0.4473684210526316,-2.1783783783783783,22.0,5.0,11.0
JuJu Smith-Schuster,,PIT,2,62,2017,USC,2014,2016,40.0,,,,,,,,,,,,,,WR,USC,,,,,,,,,,,77.3,213.0,3092.0,14.5,25.0,,,,,,,,,,,,,,,,,19.763461538461538,20.0,30.0,43.0
Dion Dawkins,,BUF,2,63,2017,Temple,2014,2016,39.0,,,,,,,,,,,,,,OL,Temple,,,,,,,,,,,,,,,,,,,,,,,,,,,,,,,,3.6,23.0,73.0,73.0
Taylor Moton,,CAR,2,64,2017,Western Michigan,2014,2015,26.0,,,,,,,,,,,,,,OL,Western Michigan,,,,,,,,,,,,,,,,,,,,,,,,,,,,,,,,-0.8,23.0,47.0,47.0
Larry Ogunjobi,,CLE,3,65,2017,Charlotte,2015,2016,24.0,,,,,,,,,,,,,,DL,Charlotte,,,,,,,,,,,,,,,,5.5,68.0,59.0,127.0,28.0,0.2291666666666666,2.8333333333333335,2.4583333333333335,5.291666666666667,1.1666666666666667,,,,,,,-20.9,23.0,20.0,44.0
Ahkello Witherspoon,,SFO,3,66,2017,Colorado,2014,2016,37.0,,,,,,,,,,,,,,DB,Colorado,,,,,,,,,,,,,,,,,,,,,,,,,,3.0,0.0,0.0,27.0,0.081081081081081,0.7297297297297297,4.011111111111111,22.0,12.0,22.0
Alvin Kamara,,NOR,3,67,2017,Tennessee,2015,2016,24.0,,,,,,,,,,,,,,RB,Tennessee,210.0,1294.0,6.2,16.0,74.0,683.0,9.2,7.0,53.9,28.5,,,,,,,,,,,,,,,,,,,,,,17.864444444444445,22.0,79.0,79.0
Dawuane Smoot,,JAX,3,68,2017,Illinois,2013,2016,41.0,,,,,,,,,,,,,,LB,Illinois,,,,,,,,,,,,,,,,16.5,72.0,65.0,137.0,38.5,0.4024390243902439,1.7560975609756098,1.5853658536585369,3.341463414634146,0.9390243902439024,,,,,,,-6.7,22.0,16.0,17.0
Pat Elflein,,MIN,3,70,2017,Ohio State,2015,2015,13.0,,,,,,,,,,,,,,OL,Ohio State,,,,,,,,,,,,,,,,,,,,,,,,,,,,,,,,,23.0,20.0,26.0
Dan Feeney,,SDG,3,71,2017,Indiana,2015,2015,13.0,,,,,,,,,,,,,,OL,Indiana,,,,,,,,,,,,,,,,,,,,,,,,,,,,,,,,,23.0,27.0,35.0
Taywan Taylor,,OTI,3,72,2017,Western Kentucky,2013,2016,51.0,,,,,,,,,,,,,,WR,Western Kentucky,,,,,,,,,,,83.0,253.0,4234.0,16.7,41.0,,,,,,,,,,,,,,,,,7.27,22.0,6.0,6.0
Jordan Willis,,CIN,3,73,2017,Kansas State,2013,2016,40.0,,,,,,,,,,,,,,DE,Kansas State,,,,,,,,,,,,,,,,26.0,76.0,38.0,114.0,40.5,0.65,1.9,0.95,2.85,1.0125,,,,,,,3.9333333333333327,22.0,4.0,8.0
Chris Wormley,,RAV,3,74,2017,Michigan,2013,2016,48.0,,,,,,,,,,,,,,DL,Michigan,,,,,,,,,,,,,,,,18.0,61.0,62.0,123.0,33.0,0.375,1.2708333333333333,1.2916666666666667,2.5625,0.6875,,,,,,,24.4,23.0,8.0,17.0
Duke Riley,,ATL,3,75,2017,LSU,2013,2016,43.0,,,,,,,,,,,,,,LB,LSU,,,,,,,,,,,,,,,,1.5,59.0,85.0,144.0,10.0,0.0348837209302325,1.372093023255814,1.9767441860465116,3.3488372093023258,0.2325581395348837,,,,,,,25.3,23.0,7.0,19.0
Alex Anzalone,,NOR,3,76,2017,Florida,2013,2016,24.0,,,,,,,,,,,,,,LB,Florida,,,,,,,,,,,,,,,,3.0,32.0,43.0,75.0,5.0,0.125,1.3333333333333333,1.7916666666666667,3.125,0.2083333333333333,,,,,,,15.4,22.0,8.0,34.0
Daeshon Hall,,CAR,3,77,2017,Texas A&M,2013,2016,47.0,,,,,,,,,,,,,,DL,Texas A&M,,,,,,,,,,,,,,,,16.0,70.0,91.0,161.0,36.5,0.3404255319148936,1.4893617021276595,1.9361702127659577,3.425531914893617,0.776595744680851,,,,,,,14.4,22.0,0.0,1.0
Tim Williams,,RAV,3,78,2017,Alabama,2013,2016,45.0,,,,,,,,,,,,,,LB,Alabama,,,,,,,,,,,,,,,,21.0,39.0,19.0,58.0,31.0,0.4666666666666667,0.8666666666666667,0.4222222222222222,1.288888888888889,0.6888888888888889,,,,,,,31.7,23.0,2.0,2.0
Ardarius Stewart,,NYJ,3,79,2017,Alabama,2014,2016,40.0,,,,,,,,,,,,,,WR,Alabama,,,,,,,,,,,42.8,129.0,1713.0,13.3,12.0,,,,,,,,,,,,,,,,,,23.0,1.0,1.0
Tarell Basham,,CLT,3,80,2017,Ohio,2013,2016,51.0,,,,,,,,,,,,,,DL,Ohio,,,,,,,,,,,,,,,,28.5,75.0,82.0,157.0,40.0,0.5588235294117647,1.4705882352941178,1.607843137254902,3.07843137254902,0.7843137254901961,,,,,,,-2.1,23.0,1.0,13.0
Fabian Moreau,,WAS,3,81,2017,UCLA,2012,2016,50.0,,,,,,,,,,,,,,DB,UCLA,,,,,,,,,,,,,,,,,,,,,,,,,,3.0,32.0,0.0,23.0,0.06,0.46,11.393333333333334,23.0,8.0,21.0
Carlos Henderson,,DEN,3,82,2017,Louisiana Tech,2014,2016,36.0,,,,,,,,,,,,,,WR,Louisiana Tech,,,,,,,,,,,79.9,147.0,2878.0,19.6,28.0,,,,,,,,,,,,,,,,,3.2153846153846155,22.0,,
Chris Godwin,,TAM,3,84,2017,Penn State,2014,2016,40.0,,,,,,,,,,,,,,WR,Penn State,,,,,,,,,,,60.5,154.0,2421.0,15.7,18.0,,,,,,,,,,,,,,,,,14.734375,21.0,53.0,53.0
Antonio Garcia,,NWE,3,85,2017,Troy,2015,2016,25.0,,,,,,,,,,,,,,OL,Troy,,,,,,,,,,,,,,,,,,,,,,,,,,,,,,,,1.1,23.0,,
Kareem Hunt,,KAN,3,86,2017,Toledo,2013,2016,44.0,,,,,,,,,,,,,,RB,Toledo,782.0,4945.0,6.3,44.0,73.0,555.0,7.6,1.0,112.4,12.6,,,,,,,,,,,,,,,,,,,,,,6.444680851063831,22.0,33.0,52.0
Davis Webb,137.1,NYG,3,87,2017,California,2013,2016,35.0,841.0,1367.0,526.0,61.5,9852.0,83.0,34.0,6.1,2.5,7.2,7.3,11.7,281.5,QB,CaliforniaTexas Tech,,,,,,,,,,,,,,,,,,,,,,,,,,,,,,,,5.398550724637682,22.0,1.0,1.0
Eddie Vanderdoes,,RAI,3,88,2017,UCLA,2013,2016,39.0,,,,,,,,,,,,,,DE,UCLA,,,,,,,,,,,,,,,,4.0,69.0,55.0,124.0,13.5,0.1025641025641025,1.7692307692307692,1.4102564102564104,3.1794871794871793,0.3461538461538461,,,,,,,16.009090909090908,22.0,5.0,5.0
D'Onta Foreman,,HTX,3,89,2017,Texas,2014,2016,28.0,,,,,,,,,,,,,,RB,Texas,433.0,2782.0,6.4,20.0,13.0,146.0,11.2,0.0,99.4,5.2,,,,,,,,,,,,,,,,,,,,,,8.05,21.0,2.0,17.0
Shaquill Griffin,,SEA,3,90,2017,UCF,2013,2016,40.0,,,,,,,,,,,,,,DB,UCF,,,,,,,,,,,,,,,,,,,,,,,,,,7.0,168.0,2.0,29.0,0.175,0.725,-3.1818181818181817,22.0,21.0,30.0
John Johnson,,RAM,3,91,2017,Boston College,2013,2016,36.0,,,,,,,,,,,,,,CB,Boston College,,,,,,,,,,,,,,,,,,,,,,,,,,6.0,47.0,0.0,14.0,0.1666666666666666,0.3888888888888889,-2.418691588785047,21.0,19.0,29.0
Jourdan Lewis,,DAL,3,92,2017,Michigan,2013,2016,42.0,,,,,,,,,,,,,,DB,Michigan,,,,,,,,,,,,,,,,,,,,,,,,,,6.0,50.0,1.0,39.0,0.1428571428571428,0.9285714285714286,18.613636363636363,22.0,23.0,26.0
Montravius Adams,,GNB,3,93,2017,Auburn,2013,2016,50.0,,,,,,,,,,,,,,DT,Auburn,,,,,,,,,,,,,,,,11.0,79.0,72.0,151.0,21.0,0.22,1.58,1.44,3.02,0.42,,,,,,,17.27777777777778,22.0,4.0,15.0
Cameron Sutton,,PIT,3,94,2017,Tennessee,2013,2016,44.0,,,,,,,,,,,,,,DB,Tennessee,,,,,,,,,,,,,,,,,,,,,,,,,,7.0,35.0,1.0,30.0,0.1590909090909091,0.6818181818181818,14.860784313725489,22.0,16.0,21.0
Delano Hill,,SEA,3,95,2017,Michigan,2013,2016,34.0,,,,,,,,,,,,,,DB,Michigan,,,,,,,,,,,,,,,,,,,,,,,,,,3.0,36.0,1.0,5.0,0.088235294117647,0.1470588235294117,24.4,21.0,5.0,5.0
Kenny Golladay,,DET,3,96,2017,Northern Illinois,2015,2016,26.0,,,,,,,,,,,,,,WR,Northern Illinois,,,,,,,,,,,87.9,160.0,2285.0,14.3,18.0,,,,,,,,,,,,,,,,,-1.864285714285714,23.0,23.0,27.0
Cordrea Tankersley,,MIA,3,97,2017,Clemson,2013,2016,45.0,,,,,,,,,,,,,,DB,Clemson,,,,,,,,,,,,,,,,,,,,,,,,,,9.0,72.0,1.0,20.0,0.2,0.4444444444444444,27.446666666666665,23.0,4.0,4.0
Rasul Douglas,,PHI,3,99,2017,West Virginia,2015,2016,23.0,,,,,,,,,,,,,,CB,West Virginia,,,,,,,,,,,,,,,,,,,,,,,,,,9.0,101.0,1.0,9.0,0.391304347826087,0.391304347826087,11.726666666666667,22.0,6.0,31.0
Jonnu Smith,,OTI,3,100,2017,Florida International,2013,2016,43.0,,,,,,,,,,,,,,TE,Florida International,,,,,,,,,,,46.5,178.0,2001.0,11.2,18.0,,,,,,,,,,,,,,,,,-20.986486486486488,22.0,10.0,29.0
Nazair Jones,,SEA,3,102,2017,North Carolina,2014,2016,35.0,,,,,,,,,,,,,,DT,North Carolina,,,,,,,,,,,,,,,,5.0,71.0,74.0,145.0,21.0,0.1428571428571428,2.0285714285714285,2.1142857142857143,4.142857142857143,0.6,,,,,,,13.277777777777779,22.0,3.0,3.0
Trey Hendrickson,,NOR,3,103,2017,Florida Atlantic,2013,2016,40.0,,,,,,,,,,,,,,DE,Florida Atlantic,,,,,,,,,,,,,,,,29.5,71.0,56.0,127.0,41.5,0.7375,1.775,1.4,3.175,1.0375,,,,,,,-14.1,22.0,10.0,58.0
C.J. Beathard,129.8,SFO,3,104,2017,Iowa,2013,2016,41.0,454.0,782.0,328.0,58.1,5562.0,40.0,19.0,5.1,2.4,7.1,7.04,12.3,135.7,QB,Iowa,,,,,,,,,,,,,,,,,,,,,,,,,,,,,,,,10.826315789473684,23.0,8.0,9.0
James Conner,,PIT,3,105,2017,Pitt,2013,2016,39.0,,,,,,,,,,,,,,RB,Pitt,668.0,3733.0,5.6,52.0,30.0,412.0,13.7,4.0,95.7,10.6,,,,,,,,,,,,,,,,,,,,,,12.16,22.0,17.0,49.0
Amara Darboh,,SEA,3,106,2017,Michigan,2012,2016,48.0,,,,,,,,,,,,,,WR,Michigan,,,,,,,,,,,43.0,151.0,2062.0,13.7,14.0,,,,,,,,,,,,,,,,,16.65,23.0,1.0,1.0
Kendell Beckwith,,TAM,3,107,2017,LSU,2013,2016,44.0,,,,,,,,,,,,,,LB,LSU,,,,,,,,,,,,,,,,7.5,124.0,139.0,263.0,24.5,0.1704545454545454,2.8181818181818183,3.159090909090909,5.9772727272727275,0.5568181818181818,,,,,,,23.5,22.0,5.0,5.0
Vince Biegel,,GNB,4,108,2017,Wisconsin,2013,2016,47.0,,,,,,,,,,,,,,LB,Wisconsin,,,,,,,,,,,,,,,,20.5,111.0,71.0,182.0,37.5,0.4361702127659574,2.3617021276595747,1.5106382978723405,3.872340425531915,0.7978723404255319,,,,,,,16.1,24.0,1.0,5.0
Jaleel Johnson,,MIN,4,109,2017,Iowa,2013,2016,41.0,,,,,,,,,,,,,,DL,Iowa,,,,,,,,,,,,,,,,12.0,53.0,59.0,112.0,18.0,0.2926829268292683,1.2926829268292683,1.4390243902439024,2.731707317073171,0.4390243902439024,,,,,,,10.3,23.0,12.0,16.0
Dede Westbrook,,JAX,4,110,2017,Oklahoma,2015,2016,26.0,,,,,,,,,,,,,,WR,Oklahoma,,,,,,,,,,,87.2,126.0,2267.0,18.0,21.0,,,,,,,,,,,,,,,,,25.376595744680852,23.0,13.0,14.0
Tedric Thompson,,SEA,4,111,2017,Colorado,2013,2016,46.0,,,,,,,,,,,,,,DB,Colorado,,,,,,,,,,,,,,,,,,,,,,,,,,13.0,243.0,0.0,26.0,0.2826086956521739,0.5652173913043478,1.7526315789473683,22.0,8.0,9.0
Eddie Jackson,,CHI,4,112,2017,Alabama,2013,2016,40.0,,,,,,,,,,,,,,DB,Alabama,,,,,,,,,,,,,,,,,,,,,,,,,,9.0,303.0,3.0,12.0,0.225,0.3,21.942857142857143,23.0,45.0,45.0
Rayshawn Jenkins,,SDG,4,113,2017,Miami (FL),2012,2016,48.0,,,,,,,,,,,,,,DB,Miami (FL),,,,,,,,,,,,,,,,,,,,,,,,,,9.0,62.0,0.0,15.0,0.1875,0.3125,15.173913043478262,23.0,11.0,32.0
Samaje Perine,,WAS,4,114,2017,Oklahoma,2014,2016,36.0,,,,,,,,,,,,,,RB,Oklahoma,685.0,4122.0,6.0,49.0,40.0,321.0,8.0,2.0,114.5,8.9,,,,,,,,,,,,,,,,,,,,,,22.978787878787877,21.0,5.0,26.0
Dorian Johnson,,CRD,4,115,2017,Pitt,2015,2015,13.0,,,,,,,,,,,,,,OL,Pitt,,,,,,,,,,,,,,,,,,,,,,,,,,,,,,,,,22.0,,
Carl Lawson,,CIN,4,116,2017,Auburn,2013,2016,31.0,,,,,,,,,,,,,,DE,Auburn,,,,,,,,,,,,,,,,14.0,34.0,33.0,67.0,24.0,0.4516129032258064,1.096774193548387,1.064516129032258,2.161290322580645,0.7741935483870968,,,,,,,15.3,22.0,10.0,20.0
Josh Reynolds,,RAM,4,117,2017,Texas A&M,2014,2016,38.0,,,,,,,,,,,,,,WR,Texas A&M,,,,,,,,,,,73.4,164.0,2788.0,17.0,30.0,,,,,,,,,,,,,,,,,14.340909090909092,22.0,9.0,26.0
Mack Hollins,,PHI,4,118,2017,North Carolina,2013,2016,42.0,,,,,,,,,,,,,,WR,North Carolina,,,,,,,,,,,39.7,81.0,1667.0,20.6,20.0,,,,,,,,,,,,,,,,,13.218181818181819,23.0,3.0,21.0
Ben Gedeon,,MIN,4,120,2017,Michigan,2013,2016,42.0,,,,,,,,,,,,,,LB,Michigan,,,,,,,,,,,,,,,,6.5,80.0,96.0,176.0,21.0,0.1547619047619047,1.9047619047619049,2.2857142857142856,4.190476190476191,0.5,,,,,,,20.35,22.0,15.0,15.0
Joe Williams,,SFO,4,121,2017,Utah,2015,2016,19.0,,,,,,,,,,,,,,RB,Utah,314.0,1884.0,6.0,13.0,20.0,191.0,9.6,0.0,99.2,10.1,,,,,,,,,,,,,,,,,,,,,,11.885,24.0,,
Nico Siragusa,,RAV,4,122,2017,San Diego State,2015,2015,14.0,,,,,,,,,,,,,,OL,San Diego State,,,,,,,,,,,,,,,,,,,,,,,,,,,,,,,,,23.0,,
Montae Nicholson,,WAS,4,123,2017,Michigan State,2014,2016,38.0,,,,,,,,,,,,,,DB,Michigan State,,,,,,,,,,,,,,,,,,,,,,,,,,4.0,70.0,0.0,4.0,0.1052631578947368,0.1052631578947368,10.608695652173912,21.0,10.0,10.0
Jalen Reeves-Maybin,,DET,4,124,2017,Tennessee,2014,2016,30.0,,,,,,,,,,,,,,LB,Tennessee,,,,,,,,,,,,,,,,8.0,141.0,85.0,226.0,27.0,0.2666666666666666,4.7,2.8333333333333335,7.533333333333333,0.9,,,,,,,14.80909090909091,22.0,15.0,17.0
Jalen Reeves-Maybin,,DET,4,124,2017,Tennessee,2013,2013,9.0,,,,,,,,,,,,,,DB,Tennessee,,,,,,,,,,,,,,,,,,,,,,,,,,0.0,0.0,0.0,,0.0,,14.80909090909091,22.0,15.0,17.0
Howard Wilson,,CLE,4,126,2017,Houston,2014,2016,29.0,,,,,,,,,,,,,,DB,Houston,,,,,,,,,,,,,,,,,,,,,,,,,,9.0,63.0,1.0,15.0,0.3103448275862069,0.5172413793103449,8.536363636363637,21.0,,
Michael Roberts,,DET,4,127,2017,Toledo,2013,2016,35.0,,,,,,,,,,,,,,TE,Toledo,,,,,,,,,,,23.8,70.0,832.0,11.9,22.0,,,,,,,,,,,,,,,,,6.767567567567568,23.0,1.0,1.0
Josh Malone,,CIN,4,128,2017,Tennessee,2014,2016,39.0,,,,,,,,,,,,,,WR,Tennessee,,,,,,,,,,,41.2,104.0,1608.0,15.5,14.0,,,,,,,,,,,,,,,,,15.05,21.0,1.0,1.0
David Sharpe,,RAI,4,129,2017,Florida,2015,2015,14.0,,,,,,,,,,,,,,OL,Florida,,,,,,,,,,,,,,,,,,,,,,,,,,,,,,,,,21.0,3.0,4.0
Deatrich Wise Jr.,,NWE,4,131,2017,Arkansas,2012,2016,47.0,,,,,,,,,,,,,,DL,Arkansas,,,,,,,,,,,,,,,,16.5,51.0,61.0,112.0,23.0,0.351063829787234,1.0851063829787233,1.297872340425532,2.382978723404255,0.4893617021276595,,,,,,,,23.0,38.0,39.0
Donnel Pumphrey,,PHI,4,132,2017,San Diego State,2013,2016,54.0,,,,,,,,,,,,,,RB,San Diego State,1059.0,6405.0,6.0,62.0,100.0,1041.0,10.4,5.0,118.6,19.3,,,,,,,,,,,,,,,,,,,,,,4.684090909090909,22.0,,
Ryan Switzer,,DAL,4,133,2017,North Carolina,2013,2016,53.0,,,,,,,,,,,,,,WR,North Carolina,,,,,,,,,,,54.9,244.0,2912.0,11.9,19.0,,,,,,,,,,,,,,,,,12.266336633663368,22.0,1.0,3.0
Jamaal Williams,,GNB,4,134,2017,BYU,2012,2016,43.0,,,,,,,,,,,,,,RB,BYU,726.0,3901.0,5.4,35.0,60.0,567.0,9.5,1.0,90.7,13.2,,,,,,,,,,,,,,,,,,,,,,9.49090909090909,22.0,19.0,33.0
Joshua Dobbs,133.2,PIT,4,135,2017,Tennessee,2013,2016,37.0,614.0,999.0,385.0,61.5,7138.0,53.0,29.0,5.3,2.9,7.1,6.9,11.6,192.9,QB,Tennessee,,,,,,,,,,,,,,,,,,,,,,,,,,,,,,,,14.181967213114755,22.0,0.0,9.0
Sean Harlow,,ATL,4,136,2017,Oregon State,2014,2015,19.0,,,,,,,,,,,,,,OL,Oregon State,,,,,,,,,,,,,,,,,,,,,,,,,,,,,,,,,22.0,0.0,5.0
Zach Banner,,CLT,4,137,2017,USC,2014,2016,37.0,,,,,,,,,,,,,,T,USC,,,,,,,,,,,,,,,,,,,,,,,,,,,,,,,,23.6,23.0,,2.0
Ryan Glasgow,,CIN,4,138,2017,Michigan,2013,2016,36.0,,,,,,,,,,,,,,DL,Michigan,,,,,,,,,,,,,,,,5.0,41.0,50.0,91.0,18.5,0.1388888888888889,1.1388888888888888,1.3888888888888888,2.5277777777777777,0.5138888888888888,,,,,,,24.4,23.0,3.0,3.0
Jehu Chesson,,KAN,4,139,2017,Michigan,2013,2016,48.0,,,,,,,,,,,,,,WR,Michigan,,,,,,,,,,,34.1,114.0,1639.0,14.4,12.0,,,,,,,,,,,,,,,,,18.01818181818182,23.0,0.0,0.0
Wayne Gallman,,NYG,4,140,2017,Clemson,2014,2016,42.0,,,,,,,,,,,,,,RB,Clemson,676.0,3429.0,5.1,34.0,65.0,473.0,7.3,2.0,81.6,11.3,,,,,,,,,,,,,,,,,,,,,,24.063636363636363,22.0,11.0,12.0
Chad Hansen,,NYJ,4,141,2017,California,2015,2016,20.0,,,,,,,,,,,,,,WR,California,,,,,,,,,,,74.9,111.0,1498.0,13.5,12.0,,,,,,,,,,,,,,,,,7.25,22.0,1.0,3.0
Carlos Watkins,,HTX,4,142,2017,Clemson,2013,2013,3.0,,,,,,,,,,,,,,T,Clemson,,,,,,,,,,,,,,,,,,,,,,,,,,,,,,,,27.357142857142858,23.0,9.0,20.0
Carlos Watkins,,HTX,4,142,2017,Clemson,2012,2016,50.0,,,,,,,,,,,,,,DL,Clemson,,,,,,,,,,,,,,,,14.0,56.0,49.0,105.0,24.0,0.28,1.12,0.98,2.1,0.48,,,,,,,27.357142857142858,23.0,9.0,20.0
Marlon Mack,,CLT,4,143,2017,South Florida,2014,2016,36.0,,,,,,,,,,,,,,RB,South Florida,586.0,3609.0,6.2,32.0,65.0,498.0,7.7,1.0,100.3,13.8,,,,,,,,,,,,,,,,,,,,,,1.375757575757576,21.0,19.0,20.0
Jake Butt,,DEN,5,145,2017,Michigan,2013,2016,45.0,,,,,,,,,,,,,,TE,Michigan,,,,,,,,,,,36.6,138.0,1646.0,11.9,11.0,,,,,,,,,,,,,,,,,17.45357142857143,22.0,1.0,1.0
George Kittle,,SFO,5,146,2017,Iowa,2013,2016,40.0,,,,,,,,,,,,,,TE,Iowa,,,,,,,,,,,18.4,48.0,737.0,15.4,10.0,,,,,,,,,,,,,,,,,9.996969696969698,23.0,60.0,60.0
Blair Brown,,JAX,5,148,2017,Ohio,2013,2016,43.0,,,,,,,,,,,,,,LB,Ohio,,,,,,,,,,,,,,,,5.5,138.0,118.0,256.0,24.5,0.127906976744186,3.2093023255813953,2.744186046511628,5.953488372093023,0.5697674418604651,,,,,,,-2.1,23.0,3.0,3.0
Damontae Kazee,,ATL,5,149,2017,San Diego State,2013,2016,53.0,,,,,,,,,,,,,,DB,San Diego State,,,,,,,,,,,,,,,,,,,,,,,,,,17.0,214.0,2.0,30.0,0.320754716981132,0.5660377358490566,6.980645161290322,24.0,12.0,22.0
Jordan Leggett,,NYJ,5,150,2017,Clemson,2013,2016,48.0,,,,,,,,,,,,,,TE,Clemson,,,,,,,,,,,33.3,112.0,1598.0,14.3,18.0,,,,,,,,,,,,,,,,,25.314285714285713,22.0,1.0,1.0
Desmond King,,SDG,5,151,2017,Iowa,2013,2016,53.0,,,,,,,,,,,,,,DB,Iowa,,,,,,,,,,,,,,,,,,,,,,,,,,14.0,231.0,3.0,33.0,0.2641509433962264,0.6226415094339622,9.331914893617022,22.0,16.0,27.0
Corn Elder,,CAR,5,152,2017,Miami (FL),2013,2016,45.0,,,,,,,,,,,,,,DB,Miami (FL),,,,,,,,,,,,,,,,,,,,,,,,,,3.0,49.0,0.0,27.0,0.0666666666666666,0.6,15.352631578947367,22.0,2.0,2.0
Jeremy Sprinkle,,WAS,5,154,2017,Arkansas,2013,2016,43.0,,,,,,,,,,,,,,TE,Arkansas,,,,,,,,,,,21.4,71.0,921.0,13.0,11.0,,,,,,,,,,,,,,,,,10.25,23.0,2.0,2.0
Jayon Brown,,OTI,5,155,2017,UCLA,2013,2016,40.0,,,,,,,,,,,,,,LB,UCLA,,,,,,,,,,,,,,,,3.0,136.0,87.0,223.0,9.0,0.075,3.4,2.175,5.575,0.225,,,,,,,11.36315789473684,22.0,23.0,26.0
Brian Hill,,ATL,5,156,2017,Wyoming,2014,2016,38.0,,,,,,,,,,,,,,RB,Wyoming,775.0,4287.0,5.5,35.0,41.0,403.0,9.8,0.0,112.8,10.6,,,,,,,,,,,,,,,,,,,,,,-11.34736842105263,21.0,8.0,9.0
Will Holden,,CRD,5,157,2017,Vanderbilt,2015,2015,12.0,,,,,,,,,,,,,,OL,Vanderbilt,,,,,,,,,,,,,,,,,,,,,,,,,,,,,,,,,23.0,3.0,5.0
Nathan Hairston,,CLT,5,158,2017,Temple,2013,2014,12.0,,,,,,,,,,,,,,WR,Temple,,,,,,,,,,,12.5,20.0,150.0,7.5,0.0,,,,,,,,,,,,,,,,,,23.0,5.0,9.0
Nathan Hairston,,CLT,5,158,2017,Temple,2015,2016,28.0,,,,,,,,,,,,,,DB,Temple,,,,,,,,,,,,,,,,,,,,,,,,,,2.0,29.0,0.0,4.0,0.0714285714285714,0.1428571428571428,,23.0,5.0,9.0
Jermaine Eluemunor,,RAV,5,159,2017,Texas A&M,2015,2015,13.0,,,,,,,,,,,,,,OL,Texas A&M,,,,,,,,,,,,,,,,,,,,,,,,,,,,,,,,,22.0,2.0,30.0
Roderick Johnson,,CLE,5,160,2017,Florida State,2015,2015,13.0,,,,,,,,,,,,,,OL,Florida State,,,,,,,,,,,,,,,,,,,,,,,,,,,,,,,,,21.0,,5.0
Anthony Walker,,CLT,5,161,2017,Northwestern,2014,2016,38.0,,,,,,,,,,,,,,LB,Northwestern,,,,,,,,,,,,,,,,6.5,155.0,123.0,278.0,39.5,0.1710526315789473,4.078947368421052,3.236842105263158,7.315789473684211,1.0394736842105263,,,,,,,2.1545454545454543,22.0,22.0,36.0
Jeremy McNichols,,TAM,5,162,2017,Boise State,2014,2016,34.0,,,,,,,,,,,,,,RB,Boise State,571.0,3205.0,5.6,44.0,103.0,1089.0,10.6,11.0,94.3,32.0,,,,,,,,,,,,,,,,,,,,,,11.60909090909091,21.0,,9.0
Matt Milano,,BUF,5,163,2017,Boston College,2014,2016,37.0,,,,,,,,,,,,,,LB,Boston College,,,,,,,,,,,,,,,,14.0,104.0,32.0,136.0,31.5,0.3783783783783784,2.810810810810811,0.8648648648648649,3.675675675675676,0.8513513513513513,,,,,,,1.5249999999999997,23.0,57.0,57.0
Matt Milano,,BUF,5,163,2017,Boston College,2013,2013,4.0,,,,,,,,,,,,,,S,Boston College,,,,,,,,,,,,,,,,,,,,,,,,,,0.0,0.0,0.0,,0.0,,1.5249999999999997,23.0,57.0,57.0
Isaac Asiata,,MIA,5,164,2017,Utah,2015,2016,26.0,,,,,,,,,,,,,,OL,Utah,,,,,,,,,,,,,,,,,,,,,,,,,,,,,,,,10.9,24.0,0.0,0.0
Shelton Gibson,,PHI,5,166,2017,West Virginia,2014,2016,38.0,,,,,,,,,,,,,,WR,West Virginia,,,,,,,,,,,49.9,84.0,1898.0,22.6,17.0,,,,,,,,,,,,,,,,,10.99047619047619,23.0,0.0,0.0
Marquel Lee,,RAI,5,168,2017,Wake Forest,2013,2016,46.0,,,,,,,,,,,,,,LB,Wake Forest,,,,,,,,,,,,,,,,14.5,143.0,148.0,291.0,42.0,0.3152173913043478,3.108695652173913,3.217391304347826,6.326086956521739,0.9130434782608696,,,,,,,-0.6,21.0,9.0,9.0
Treston Decoud,,HTX,5,169,2017,Oregon State,2015,2016,23.0,,,,,,,,,,,,,,CB,Oregon State,,,,,,,,,,,,,,,,,,,,,,,,,,2.0,88.0,1.0,15.0,0.0869565217391304,0.6521739130434783,-4.6,24.0,1.0,1.0
Rodney Adams,,MIN,5,170,2017,South Florida,2013,2016,39.0,,,,,,,,,,,,,,WR,South FloridaToledo,,,,,,,,,,,50.8,137.0,1982.0,14.5,16.0,,,,,,,,,,,,,,,,,1.4272727272727272,22.0,,0.0
Nathan Peterman,144.6,BUF,5,171,2017,Pitt,2013,2016,36.0,398.0,663.0,265.0,60.0,5236.0,47.0,17.0,7.1,2.6,7.9,8.16,13.2,145.4,QB,PittTennessee,,,,,,,,,,,,,,,,,,,,,,,,,,,,,,,,11.029411764705882,23.0,2.0,3.0
Isaiah McKenzie,,DEN,5,172,2017,Georgia,2014,2016,35.0,,,,,,,,,,,,,,WR,Georgia,,,,,,,,,,,23.5,60.0,823.0,13.7,7.0,,,,,,,,,,,,,,,,,16.67142857142857,22.0,0.0,15.0
Brian Allen,,PIT,5,173,2017,Utah,2014,2014,6.0,,,,,,,,,,,,,,WR,Utah,,,,,,,,,,,0.0,0.0,0.0,,0.0,,,,,,,,,,,,,,,,,10.926666666666668,23.0,1.0,1.0
Brian Allen,,PIT,5,173,2017,Utah,2015,2016,26.0,,,,,,,,,,,,,,DB,Utah,,,,,,,,,,,,,,,,,,,,,,,,,,5.0,0.0,0.0,9.0,0.1923076923076923,0.3461538461538461,10.926666666666668,23.0,1.0,1.0
Deangelo Yancey,,GNB,5,175,2017,Purdue,2013,2016,44.0,,,,,,,,,,,,,,WR,Purdue,,,,,,,,,,,53.3,141.0,2344.0,16.6,20.0,,,,,,,,,,,,,,,,,,22.0,,
J.J. Dielman,,CIN,5,176,2017,Utah,2014,2015,26.0,,,,,,,,,,,,,,OL,Utah,,,,,,,,,,,,,,,,,,,,,,,,,,,,,,,,,23.0,,
Trent Taylor,,SFO,5,177,2017,Louisiana Tech,2013,2016,51.0,,,,,,,,,,,,,,WR,Louisiana Tech,,,,,,,,,,,81.9,327.0,4179.0,12.8,32.0,,,,,,,,,,,,,,,,,1.3081081081081083,23.0,6.0,7.0
Davon Gaudchaux,,MIA,5,178,2017,LSU,2014,2016,35.0,,,,,,,,,,,,,,DT,LSU,,,,,,,,,,,,,,,,12.5,51.0,88.0,139.0,19.0,0.3571428571428571,1.457142857142857,2.5142857142857142,3.971428571428571,0.5428571428571428,,,,,,,,22.0,12.0,49.0
T.J. Logan,,CRD,5,179,2017,North Carolina,2013,2016,49.0,,,,,,,,,,,,,,RB,North Carolina,398.0,2165.0,5.4,19.0,76.0,663.0,8.7,4.0,44.2,13.5,,,,,,,,,,,,,,,,,,,,,,12.9,23.0,0.0,0.0
Danny Isidora,,MIN,5,180,2017,Miami (FL),2015,2016,25.0,,,,,,,,,,,,,,OL,Miami (FL),,,,,,,,,,,,,,,,,,,,,,,,,,,,,,,,18.6,23.0,3.0,4.0
Aaron Jones,,GNB,5,182,2017,UTEP,2013,2016,35.0,,,,,,,,,,,,,,RB,UTEP,658.0,4114.0,6.3,33.0,71.0,646.0,9.1,7.0,117.5,18.5,,,,,,,,,,,,,,,,,,,,,,-8.3989898989899,22.0,55.0,67.0
Ukeme Eligwe,,KAN,5,183,2017,Georgia Southern,2013,2016,23.0,,,,,,,,,,,,,,LB,Florida StateGeorgia Southern,,,,,,,,,,,,,,,,4.5,81.0,47.0,128.0,12.5,0.1956521739130435,3.5217391304347827,2.0434782608695654,5.565217391304348,0.5434782608695652,,,,,,,-3.9,23.0,1.0,2.0
Nathan Gerry,,PHI,5,184,2017,Nebraska,2013,2016,48.0,,,,,,,,,,,,,,DB,Nebraska,,,,,,,,,,,,,,,,,,,,,,,,,,13.0,200.0,0.0,19.0,0.2708333333333333,0.3958333333333333,11.057894736842105,22.0,18.0,18.0
Caleb Brantley,,CLE,6,185,2017,Florida,2014,2016,38.0,,,,,,,,,,,,,,DL,Florida,,,,,,,,,,,,,,,,5.5,30.0,51.0,81.0,20.0,0.1447368421052631,0.7894736842105263,1.3421052631578947,2.1315789473684212,0.5263157894736842,,,,,,,15.4,23.0,2.0,2.0
Chuck Clark,,RAV,6,186,2017,Virginia Tech,2013,2016,50.0,,,,,,,,,,,,,,S,Virginia Tech,,,,,,,,,,,,,,,,,,,,,,,,,,2.0,37.0,0.0,21.0,0.04,0.42,12.213333333333333,22.0,27.0,31.0
Mike Tyson,,SEA,6,187,2017,Cincinnati,2013,2016,41.0,,,,,,,,,,,,,,S,Cincinnati,,,,,,,,,,,,,,,,,,,,,,,,,,7.0,134.0,0.0,11.0,0.1707317073170731,0.2682926829268293,-0.5600000000000002,24.0,,1.0
Elijah McGuire,,NYJ,6,188,2017,Louisiana,2013,2016,51.0,,,,,,,,,,,,,,RB,Louisiana,711.0,4312.0,6.1,42.0,129.0,1383.0,10.7,10.0,84.5,27.1,,,,,,,,,,,,,,,,,,,,,,-5.868831168831169,23.0,6.0,6.0
Tanzel Smart,,RAM,6,189,2017,Tulane,2013,2016,44.0,,,,,,,,,,,,,,DT,Tulane,,,,,,,,,,,,,,,,9.5,104.0,86.0,190.0,40.5,0.2159090909090909,2.363636363636364,1.9545454545454544,4.318181818181818,0.9204545454545454,,,,,,,-14.6,22.0,4.0,4.0
Sam Tevi,,SDG,6,190,2017,Utah,2015,2015,12.0,,,,,,,,,,,,,,T,Utah,,,,,,,,,,,,,,,,,,,,,,,,,,,,,,,,,22.0,23.0,23.0
Sam Tevi,,SDG,6,190,2017,Utah,2013,2013,3.0,,,,,,,,,,,,,,DT,Utah,,,,,,,,,,,,,,,,1.0,4.0,5.0,9.0,2.0,0.3333333333333333,1.3333333333333333,1.6666666666666667,3.0,0.6666666666666666,,,,,,,,22.0,23.0,23.0
Xavier Woods,,DAL,6,191,2017,Louisiana Tech,2013,2016,53.0,,,,,,,,,,,,,,DB,Louisiana Tech,,,,,,,,,,,,,,,,,,,,,,,,,,14.0,325.0,2.0,18.0,0.2641509433962264,0.3396226415094339,3.1842105263157894,22.0,16.0,38.0
Jordan Evans,,CIN,6,193,2017,Oklahoma,2013,2016,39.0,,,,,,,,,,,,,,LB,Oklahoma,,,,,,,,,,,,,,,,3.5,153.0,107.0,260.0,21.5,0.0897435897435897,3.923076923076923,2.7435897435897436,6.666666666666667,0.5512820512820513,,,,,,,24.56666666666667,22.0,9.0,9.0
Vincent Taylor,,MIA,6,194,2017,Oklahoma State,2014,2016,36.0,,,,,,,,,,,,,,DT,Oklahoma State,,,,,,,,,,,,,,,,12.0,66.0,46.0,112.0,22.5,0.3333333333333333,1.8333333333333333,1.2777777777777777,3.111111111111111,0.625,,,,,,,16.4,23.0,2.0,5.0
Tanner Vallejo,,BUF,6,195,2017,Boise State,2013,2016,44.0,,,,,,,,,,,,,,LB,Boise State,,,,,,,,,,,,,,,,5.5,163.0,113.0,276.0,36.0,0.125,3.7045454545454546,2.5681818181818183,6.2727272727272725,0.8181818181818182,,,,,,,11.661904761904761,22.0,1.0,7.0
Al-Quadin Muhammad,,NOR,6,196,2017,Miami (FL),2013,2015,17.0,,,,,,,,,,,,,,DE,Miami (FL),,,,,,,,,,,,,,,,7.0,39.0,21.0,60.0,10.5,0.4117647058823529,2.2941176470588234,1.2352941176470589,3.5294117647058822,0.6176470588235294,,,,,,,,22.0,0.0,20.0
Jeremy Clark,,NYJ,6,197,2017,Michigan,2014,2016,28.0,,,,,,,,,,,,,,DB,Michigan,,,,,,,,,,,,,,,,,,,,,,,,,,3.0,20.0,0.0,7.0,0.1071428571428571,0.25,1.0519999999999998,23.0,0.0,0.0
D.J. Jones,,SFO,6,198,2017,Ole Miss,2015,2016,25.0,,,,,,,,,,,,,,DT,Ole Miss,,,,,,,,,,,,,,,,6.0,34.0,36.0,70.0,8.5,0.24,1.36,1.44,2.8,0.34,,,,,,,2.4227272727272724,22.0,20.0,45.0
Chase Roullier,,WAS,6,199,2017,Wyoming,2013,2015,25.0,,,,,,,,,,,,,,C,Wyoming,,,,,,,,,,,,,,,,,,,,,,,,,,,,,,,,,24.0,24.0,24.0
Adam Bisnowaty,,NYG,6,200,2017,Pitt,2015,2015,12.0,,,,,,,,,,,,,,OL,Pitt,,,,,,,,,,,,,,,,,,,,,,,,,,,,,,,,,23.0,0.0,0.0
Bucky Hodges,,MIN,6,201,2017,Virginia Tech,2014,2016,40.0,,,,,,,,,,,,,,TE,Virginia Tech,,,,,,,,,,,43.7,133.0,1747.0,13.1,20.0,,,,,,,,,,,,,,,,,11.88888888888889,22.0,,
Pita Taumoepenu,,SFO,6,202,2017,Utah,2015,2016,26.0,,,,,,,,,,,,,,DE,Utah,,,,,,,,,,,,,,,,15.0,35.0,15.0,50.0,18.0,0.5769230769230769,1.3461538461538465,0.5769230769230769,1.9230769230769231,0.6923076923076923,,,,,,,10.9,23.0,0.0,0.0
Derrick Jones,,NYJ,6,204,2017,Ole Miss,2015,2016,22.0,,,,,,,,,,,,,,WR,Ole Miss,,,,,,,,,,,5.5,6.0,120.0,20.0,1.0,,,,,,,,,,,,,,,,,17.85238095238095,22.0,0.0,0.0
Derrick Jones,,NYJ,6,204,2017,Ole Miss,2013,2014,21.0,,,,,,,,,,,,,,DB,Ole Miss,,,,,,,,,,,,,,,,,,,,,,,,,,0.0,0.0,0.0,3.0,0.0,0.1428571428571428,17.85238095238095,22.0,0.0,0.0
Jeremiah Ledbetter,,DET,6,205,2017,Arkansas,2015,2016,26.0,,,,,,,,,,,,,,DL,Arkansas,,,,,,,,,,,,,,,,7.5,41.0,63.0,104.0,15.0,0.2884615384615384,1.5769230769230769,2.423076923076923,4.0,0.5769230769230769,,,,,,,7.9,23.0,1.0,5.0
Sam Rogers,,RAM,6,206,2017,Virginia Tech,2013,2016,51.0,,,,,,,,,,,,,,FB,Virginia Tech,165.0,692.0,4.2,4.0,72.0,802.0,11.1,7.0,13.6,15.7,,,,,,,,,,,,,,,,,,,,,,13.154929577464788,22.0,,
Brandon Wilson,,CIN,6,207,2017,Houston,2013,2016,41.0,,,,,,,,,,,,,,DB,Houston,,,,,,,,,,,,,,,,,,,,,,,,,,2.0,51.0,1.0,15.0,0.048780487804878,0.3658536585365853,8.615068493150684,23.0,6.0,6.0
Johnathan Ford,,CRD,6,208,2017,Auburn,2013,2013,5.0,,,,,,,,,,,,,,RB,Auburn,6.0,73.0,12.2,1.0,0.0,0.0,,0.0,14.6,0.0,,,,,,,,,,,,,,,,,,,,,,,22.0,2.0,11.0
Johnathan Ford,,CRD,6,208,2017,Auburn,2016,2016,12.0,,,,,,,,,,,,,,TE,Auburn,,,,,,,,,,,2.1,1.0,25.0,25.0,0.0,,,,,,,,,,,,,,,,,,22.0,2.0,11.0
Johnathan Ford,,CRD,6,208,2017,Auburn,2014,2015,26.0,,,,,,,,,,,,,,DB,Auburn,,,,,,,,,,,,,,,,,,,,,,,,,,5.0,66.0,1.0,3.0,0.1923076923076923,0.1153846153846153,,22.0,2.0,11.0
Robert Davis,,WAS,6,209,2017,Georgia State,2013,2016,49.0,,,,,,,,,,,,,,WR,Georgia State,,,,,,,,,,,69.2,222.0,3391.0,15.3,17.0,,,,,,,,,,,,,,,,,-10.2,22.0,0.0,0.0
Justin Senior,,SEA,6,210,2017,Mississippi State,2015,2015,12.0,,,,,,,,,,,,,,OL,Mississippi State,,,,,,,,,,,,,,,,,,,,,,,,,,,,,,,,,23.0,,
Conor McDermott,,NWE,6,211,2017,UCLA,2015,2015,12.0,,,,,,,,,,,,,,OL,UCLA,,,,,,,,,,,,,,,,,,,,,,,,,,,,,,,,20.3,24.0,5.0,7.0
Kofi Amichia,,GNB,6,212,2017,South Florida,2015,2015,13.0,,,,,,,,,,,,,,OL,South Florida,,,,,,,,,,,,,,,,,,,,,,,,,,,,,,,,,23.0,,
Colin Holba,,PIT,6,213,2017,Louisville,2015,2016,24.0,,,,,,,,,,,,,,LS,Louisville,,,,,,,,,,,,,,,,,,,,,,,,,,0.0,0.0,0.0,,0.0,,22.9,23.0,,0.0
Elijah Qualls,,PHI,6,214,2017,Washington,2014,2016,38.0,,,,,,,,,,,,,,DL,Washington,,,,,,,,,,,,,,,,7.5,42.0,35.0,77.0,11.5,0.1973684210526315,1.105263157894737,0.9210526315789472,2.026315789473684,0.3026315789473684,,,,,,,26.7,22.0,1.0,1.0
Brad Kaaya,146.2,DET,6,215,2017,Miami (FL),2014,2016,38.0,721.0,1189.0,468.0,60.6,9972.0,69.0,24.0,5.8,2.0,8.4,8.64,13.8,262.4,QB,Miami (FL),,,,,,,,,,,,,,,,,,,,,,,,,,,,,,,,14.815384615384618,22.0,,
Marquez White,,DAL,6,216,2017,Florida State,2013,2016,44.0,,,,,,,,,,,,,,DB,Florida State,,,,,,,,,,,,,,,,,,,,,,,,,,4.0,14.0,0.0,6.0,0.0909090909090909,0.1363636363636363,26.116666666666664,22.0,,
Leon McQuay III,,KAN,6,218,2017,USC,2013,2016,43.0,,,,,,,,,,,,,,CB,USC,,,,,,,,,,,,,,,,,,,,,,,,,,5.0,56.0,0.0,17.0,0.1162790697674418,0.3953488372093023,22.104166666666668,22.0,0.0,0.0
Stacy Coley,,MIN,7,219,2017,Miami (FL),2013,2016,48.0,,,,,,,,,,,,,,WR,Miami (FL),,,,,,,,,,,46.3,167.0,2222.0,13.3,20.0,,,,,,,,,,,,,,,,,14.988059701492539,23.0,0.0,0.0
Ifeadi Odenigbo,,MIN,7,220,2017,Northwestern,2016,2016,13.0,0.0,0.0,0.0,,0.0,0.0,0.0,,,,,,0.0,QB,Northwestern,,,,,,,,,,,,,,,,,,,,,,,,,,,,,,,,2.9,23.0,9.0,11.0
Ifeadi Odenigbo,,MIN,7,220,2017,Northwestern,2013,2015,34.0,,,,,,,,,,,,,,DL,Northwestern,,,,,,,,,,,,,,,,13.5,25.0,14.0,39.0,14.5,0.3970588235294117,0.7352941176470589,0.4117647058823529,1.1470588235294117,0.4264705882352941,,,,,,,2.9,23.0,9.0,11.0
Shalom Luani,,RAI,7,221,2017,Washington State,2015,2016,25.0,,,,,,,,,,,,,,S,Washington State,,,,,,,,,,,,,,,,,,,,,,,,,,8.0,199.0,1.0,12.0,0.32,0.48,5.417391304347826,23.0,1.0,2.0
Jalen Myrick,,JAX,7,222,2017,Minnesota,2013,2016,47.0,,,,,,,,,,,,,,DB,Minnesota,,,,,,,,,,,,,,,,,,,,,,,,,,5.0,61.0,2.0,21.0,0.1063829787234042,0.4468085106382978,9.553191489361701,22.0,0.0,0.0
Stevie Tu'Ikolovatu,,TAM,7,223,2017,USC,2014,2016,38.0,,,,,,,,,,,,,,DT,USCUtah,,,,,,,,,,,,,,,,2.5,46.0,43.0,89.0,9.0,0.0657894736842105,1.2105263157894737,1.131578947368421,2.3421052631578947,0.2368421052631578,,,,,,,,26.0,,
Isaac Rochell,,SDG,7,225,2017,Notre Dame,2013,2016,42.0,,,,,,,,,,,,,,DL,Notre Dame,,,,,,,,,,,,,,,,4.5,84.0,84.0,168.0,22.0,0.1071428571428571,2.0,2.0,4.0,0.5238095238095238,,,,,,,15.7,22.0,8.0,10.0
Josh Carraway,,OTI,7,227,2017,Texas Christian,2012,2016,43.0,,,,,,,,,,,,,,DL,Texas Christian,,,,,,,,,,,,,,,,19.0,64.0,69.0,133.0,27.5,0.4418604651162791,1.4883720930232558,1.6046511627906976,3.0930232558139537,0.6395348837209303,,,,,,,15.47272727272727,23.0,0.0,0.0
Joey Ivie,,DAL,7,228,2017,Florida,2013,2016,34.0,,,,,,,,,,,,,,DL,Florida,,,,,,,,,,,,,,,,7.0,31.0,49.0,80.0,10.5,0.2058823529411764,0.9117647058823528,1.4411764705882353,2.3529411764705883,0.3088235294117647,,,,,,,15.4,22.0,,0.0
Adrian Colbert,,SFO,7,229,2017,Miami (FL),2013,2016,40.0,,,,,,,,,,,,,,S,Miami (FL)Texas,,,,,,,,,,,,,,,,,,,,,,,,,,2.0,46.0,0.0,4.0,0.05,0.1,14.655000000000001,23.0,5.0,8.0
Josh Harvey-Clemons,,WAS,7,230,2017,Louisville,2012,2016,47.0,,,,,,,,,,,,,,DB,GeorgiaLouisville,,,,,,,,,,,,,,,,,,,,,,,,,,4.0,25.0,0.0,11.0,0.0851063829787234,0.2340425531914893,20.9,23.0,4.0,4.0
Elijah Lee,,MIN,7,232,2017,Kansas State,2014,2016,39.0,,,,,,,,,,,,,,LB,Kansas State,,,,,,,,,,,,,,,,11.0,154.0,55.0,209.0,18.5,0.282051282051282,3.948717948717949,1.4102564102564104,5.358974358974359,0.4743589743589743,,,,,,,6.955555555555555,21.0,,8.0
Ejuan Price,,RAM,7,234,2017,Pitt,2011,2016,45.0,,,,,,,,,,,,,,LB,Pitt,,,,,,,,,,,,,,,,29.5,92.0,51.0,143.0,53.0,0.6555555555555556,2.0444444444444443,1.1333333333333333,3.1777777777777776,1.1777777777777778,,,,,,,13.1,24.0,0.0,0.0
Joshua Holsey,,WAS,7,235,2017,Auburn,2012,2016,44.0,,,,,,,,,,,,,,DB,Auburn,,,,,,,,,,,,,,,,,,,,,,,,,,4.0,45.0,0.0,19.0,0.0909090909090909,0.4318181818181818,17.94,23.0,1.0,1.0
Isaiah Ford,,MIA,7,237,2017,Virginia Tech,2014,2016,40.0,,,,,,,,,,,,,,WR,Virginia Tech,,,,,,,,,,,74.2,210.0,2967.0,14.1,24.0,,,,,,,,,,,,,,,,,11.466666666666665,21.0,5.0,5.0
Devante Mays,,GNB,7,238,2017,Utah State,2015,2016,19.0,,,,,,,,,,,,,,RB,Utah State,202.0,1225.0,6.1,12.0,2.0,17.0,8.5,0.0,64.5,0.9,,,,,,,,,,,,,,,,,,,,,,-2.25,23.0,0.0,0.0
Noah Brown,,DAL,7,239,2017,Ohio State,2014,2016,24.0,,,,,,,,,,,,,,WR,Ohio State,,,,,,,,,,,17.1,33.0,411.0,12.5,7.0,,,,,,,,,,,,,,,,,13.075675675675676,21.0,9.0,19.0
Marquez Williams,,JAX,7,240,2017,Miami (FL),2016,2016,12.0,,,,,,,,,,,,,,FB,Miami (FL),1.0,1.0,1.0,0.0,2.0,19.0,9.5,1.0,0.1,1.6,,,,,,,,,,,,,,,,,,,,,,18.6,23.0,,0.0
Khalfani Muhammad,,OTI,7,241,2017,California,2013,2016,45.0,,,,,,,,,,,,,,RB,California,359.0,2073.0,5.8,11.0,55.0,571.0,10.4,3.0,46.1,12.7,,,,,,,,,,,,,,,,,,,,,,1.457142857142857,22.0,,
Elijah Hood,,RAI,7,242,2017,North Carolina,2014,2016,34.0,,,,,,,,,,,,,,RB,North Carolina,431.0,2580.0,6.0,29.0,40.0,211.0,5.3,0.0,75.9,6.2,,,,,,,,,,,,,,,,,,,,,,12.95,21.0,0.0,0.0
Kyle Fuller,,HTX,7,243,2017,Baylor,2013,2015,15.0,,,,,,,,,,,,,,OL,Baylor,,,,,,,,,,,,,,,,,,,,,,,,,,,,,,,,14.704545454545455,23.0,1.0,7.0
Treyvon Hester,,RAI,7,244,2017,Toledo,2013,2016,47.0,,,,,,,,,,,,,,DT,Toledo,,,,,,,,,,,,,,,,13.0,77.0,84.0,161.0,31.5,0.2765957446808511,1.6382978723404256,1.7872340425531914,3.425531914893617,0.6702127659574468,,,,,,,12.3,24.0,1.0,3.0
Jack Tocho,,MIN,7,245,2017,North Carolina State,2013,2016,47.0,,,,,,,,,,,,,,CB,North Carolina State,,,,,,,,,,,,,,,,,,,,,,,,,,6.0,58.0,0.0,26.0,0.1276595744680851,0.5531914893617021,7.48695652173913,21.0,,
Jordan Carrell,,DAL,7,246,2017,Colorado,2015,2016,27.0,,,,,,,,,,,,,,DL,Colorado,,,,,,,,,,,,,,,,6.0,54.0,35.0,89.0,13.5,0.2222222222222222,2.0,1.2962962962962965,3.2962962962962963,0.5,,,,,,,6.3,23.0,,
Malachi Dupre,,GNB,7,247,2017,LSU,2014,2016,36.0,,,,,,,,,,,,,,WR,LSU,,,,,,,,,,,44.7,98.0,1609.0,16.4,14.0,,,,,,,,,,,,,,,,,23.163636363636364,21.0,,0.0
Keion Adams,,PIT,7,248,2017,Western Michigan,2013,2016,50.0,,,,,,,,,,,,,,LB,Western Michigan,,,,,,,,,,,,,,,,13.5,71.0,54.0,125.0,32.0,0.27,1.42,1.08,2.5,0.64,,,,,,,11.5,22.0,,
Chris Carson,,SEA,7,249,2017,Oklahoma State,2015,2016,21.0,,,,,,,,,,,,,,RB,Oklahoma State,213.0,1076.0,5.1,13.0,30.0,298.0,9.9,1.0,51.2,14.2,,,,,,,,,,,,,,,,,,,,,,13.413513513513513,22.0,29.0,29.0
Pat O'Connor,,DET,7,250,2017,Eastern Michigan,2012,2016,48.0,,,,,,,,,,,,,,DL,Eastern Michigan,,,,,,,,,,,,,,,,20.0,68.0,98.0,166.0,33.5,0.4166666666666667,1.4166666666666667,2.0416666666666665,3.4583333333333335,0.6979166666666666,,,,,,,-8.2,23.0,1.0,6.0
Mason Schreck,,CIN,7,251,2017,Buffalo,2013,2016,39.0,,,,,,,,,,,,,,TE,Buffalo,,,,,,,,,,,28.5,107.0,1113.0,10.4,6.0,,,,,,,,,,,,,,,,,-12.458823529411765,23.0,0.0,0.0
Matt Dayes,,CLE,7,252,2017,North Carolina State,2013,2016,45.0,,,,,,,,,,,,,,RB,North Carolina State,550.0,2856.0,5.2,34.0,98.0,933.0,9.5,6.0,63.5,20.7,,,,,,,,,,,,,,,,,,,,,,,23.0,0.0,0.0
Chad Kelly,150.9,DEN,7,253,2017,Ole Miss,2013,2016,27.0,513.0,803.0,290.0,63.9,6858.0,50.0,21.0,6.2,2.6,8.5,8.61,13.4,254.0,QB,ClemsonOle Miss,,,,,,,,,,,,,,,,,,,,,,,,,,,,,,,,13.554929577464788,23.0,0.0,0.0
Baker Mayfield,175.4,CLE,1,1,2018,Oklahoma,2013,2017,48.0,1026.0,1497.0,471.0,68.5,14607.0,131.0,30.0,8.8,2.0,9.8,10.61,14.2,304.3,QB,OklahomaTexas Tech,,,,,,,,,,,,,,,,,,,,,,,,,,,,,,,,23.03636363636364,23.0,35.0,80.0
Saquon Barkley,,NYG,1,2,2018,Penn State,2015,2017,38.0,,,,,,,,,,,,,,RB,Penn State,671.0,3843.0,5.7,43.0,102.0,1195.0,11.7,8.0,101.1,31.4,,,,,,,,,,,,,,,,,,,,,,21.210526315789473,21.0,40.0,65.0
Sam Darnold,153.7,NYJ,1,3,2018,USC,2016,2017,27.0,549.0,846.0,297.0,64.9,7229.0,57.0,22.0,6.7,2.6,8.5,8.72,13.2,267.7,QB,USC,,,,,,,,,,,,,,,,,,,,,,,,,,,,,,,,20.75,21.0,14.0,49.0
Denzel Ward,,CLE,1,4,2018,Ohio State,2015,2017,37.0,,,,,,,,,,,,,,CB,Ohio State,,,,,,,,,,,,,,,,,,,,,,,,,,2.0,0.0,0.0,24.0,0.054054054054054,0.6486486486486487,28.313043478260866,21.0,49.0,49.0
Bradley Chubb,,DEN,1,5,2018,North Carolina State,2014,2017,49.0,,,,,,,,,,,,,,DE,North Carolina State,,,,,,,,,,,,,,,,26.0,103.0,101.0,204.0,60.0,0.5306122448979592,2.1020408163265305,2.061224489795918,4.163265306122449,1.2244897959183674,,,,,,,10.604761904761906,22.0,25.0,41.0
Quenton Nelson,,CLT,1,6,2018,Notre Dame,2015,2017,36.0,,,,,,,,,,,,,,OL,Notre Dame,,,,,,,,,,,,,,,,,,,,,,,,,,,,,,,,18.25,22.0,79.0,79.0
Josh Allen,137.7,BUF,1,7,2018,Wyoming,2015,2017,27.0,365.0,649.0,284.0,56.2,5066.0,44.0,21.0,6.8,3.2,7.8,7.71,13.9,187.6,QB,Wyoming,,,,,,,,,,,,,,,,,,,,,,,,,,,,,,,,-3.3159574468085107,22.0,111.0,111.0
Roquan Smith,,CHI,1,8,2018,Georgia,2015,2017,40.0,,,,,,,,,,,,,,LB,Georgia,,,,,,,,,,,,,,,,6.5,146.0,106.0,252.0,20.5,0.1625,3.65,2.65,6.3,0.5125,,,,,,,18.0,21.0,37.0,84.0
Mike McGlinchey,,SFO,1,9,2018,Notre Dame,2014,2017,49.0,,,,,,,,,,,,,,OL,Notre Dame,,,,,,,,,,,,,,,,,,,,,,,,,,,,,,,,18.675,24.0,31.0,46.0
Josh Rosen,140.1,CRD,1,10,2018,UCLA,2015,2017,30.0,712.0,1170.0,458.0,60.9,9341.0,59.0,26.0,5.0,2.2,8.0,7.99,13.1,311.4,QB,UCLA,,,,,,,,,,,,,,,,,,,,,,,,,,,,,,,,10.52909090909091,21.0,2.0,3.0
Minkah Fitzpatrick,,MIA,1,11,2018,Alabama,2015,2017,42.0,,,,,,,,,,,,,,DB,Alabama,,,,,,,,,,,,,,,,,,,,,,,,,,9.0,274.0,4.0,26.0,0.2142857142857142,0.6190476190476191,31.825000000000003,21.0,7.0,61.0
Vita Vea,,TAM,1,12,2018,Washington,2015,2017,40.0,,,,,,,,,,,,,,DL,Washington,,,,,,,,,,,,,,,,9.5,66.0,34.0,100.0,15.0,0.2375,1.65,0.85,2.5,0.375,,,,,,,23.794736842105266,23.0,51.0,51.0
Daron Payne,,WAS,1,13,2018,Alabama,2015,2017,44.0,,,,,,,,,,,,,,DL,Alabama,,,,,,,,,,,,,,,,3.0,39.0,63.0,102.0,5.0,0.0681818181818181,0.8863636363636364,1.431818181818182,2.3181818181818183,0.1136363636363636,,,,,,,,21.0,53.0,53.0
Marcus Davenport,,NOR,1,14,2018,UTSA,2014,2017,46.0,,,,,,,,,,,,,,DE,UTSA,,,,,,,,,,,,,,,,21.5,100.0,86.0,186.0,37.0,0.4673913043478261,2.1739130434782608,1.8695652173913044,4.043478260869565,0.8043478260869565,,,,,,,-6.85,22.0,18.0,22.0
Kolton Miller,,RAI,1,15,2018,UCLA,2015,2017,26.0,,,,,,,,,,,,,,OL,UCLA,,,,,,,,,,,,,,,,,,,,,,,,,,,,,,,,4.9,23.0,42.0,42.0
Tremaine Edmunds,,BUF,1,16,2018,Virginia Tech,2015,2017,40.0,,,,,,,,,,,,,,LB,Virginia Tech,,,,,,,,,,,,,,,,10.0,122.0,104.0,226.0,35.0,0.25,3.05,2.6,5.65,0.875,,,,,,,14.899999999999999,20.0,44.0,62.0
Derwin James,,SDG,1,17,2018,Florida State,2015,2017,27.0,,,,,,,,,,,,,,DB,Florida State,,,,,,,,,,,,,,,,,,,,,,,,,,3.0,41.0,1.0,15.0,0.1111111111111111,0.5555555555555556,23.275,22.0,46.0,46.0
Jaire Alexander,,GNB,1,18,2018,Louisville,2015,2017,31.0,,,,,,,,,,,,,,CB,Louisville,,,,,,,,,,,,,,,,,,,,,,,,,,7.0,42.0,0.0,15.0,0.2258064516129032,0.4838709677419355,19.910204081632653,21.0,34.0,34.0
Leighton Vander Esch,,DAL,1,19,2018,Boise State,2015,2017,32.0,,,,,,,,,,,,,,LB,Boise State,,,,,,,,,,,,,,,,5.0,128.0,60.0,188.0,13.0,0.15625,4.0,1.875,5.875,0.40625,,,,,,,10.57777777777778,21.0,35.0,35.0
Frank Ragnow,,DET,1,20,2018,Arkansas,2015,2016,26.0,,,,,,,,,,,,,,OL,Arkansas,,,,,,,,,,,,,,,,,,,,,,,,,,,,,,,,7.9,22.0,51.0,51.0
Billy Price,,CIN,1,21,2018,Ohio State,2015,2017,27.0,,,,,,,,,,,,,,OL,Ohio State,,,,,,,,,,,,,,,,,,,,,,,,,,,,,,,,30.9,23.0,9.0,18.0
Billy Price,,CIN,1,21,2018,Ohio State,2014,2014,15.0,,,,,,,,,,,,,,DL,Ohio State,,,,,,,,,,,,,,,,0.0,1.0,0.0,1.0,0.0,0.0,0.0666666666666666,0.0,0.0666666666666666,0.0,,,,,,,30.9,23.0,9.0,18.0
Rashaan Evans,,OTI,1,22,2018,Alabama,2014,2017,53.0,,,,,,,,,,,,,,LB,Alabama,,,,,,,,,,,,,,,,15.0,85.0,67.0,152.0,23.5,0.2830188679245283,1.6037735849056605,1.2641509433962264,2.8679245283018866,0.4433962264150943,,,,,,,32.6,22.0,25.0,32.0
Isaiah Wynn,,NWE,1,23,2018,Georgia,2015,2016,25.0,,,,,,,,,,,,,,G,Georgia,,,,,,,,,,,,,,,,,,,,,,,,,,,,,,,,9.3,22.0,19.0,23.0
D.J. Moore,,CAR,1,24,2018,Maryland,2015,2017,37.0,,,,,,,,,,,,,,WR,Maryland,,,,,,,,,,,54.8,146.0,2027.0,13.9,17.0,,,,,,,,,,,,,,,,,-2.665,21.0,36.0,61.0
Hayden Hurst,,RAV,1,25,2018,South Carolina,2015,2017,38.0,,,,,,,,,,,,,,TE,South Carolina,,,,,,,,,,,33.7,100.0,1281.0,12.8,3.0,,,,,,,,,,,,,,,,,2.041509433962264,25.0,6.0,17.0
Calvin Ridley,,ATL,1,26,2018,Alabama,2015,2017,44.0,,,,,,,,,,,,,,WR,Alabama,,,,,,,,,,,63.2,224.0,2781.0,12.4,19.0,,,,,,,,,,,,,,,,,31.5,23.0,24.0,41.0
Rashaad Penny,,SEA,1,27,2018,San Diego State,2014,2017,54.0,,,,,,,,,,,,,,RB,San Diego State,488.0,3656.0,7.5,38.0,42.0,479.0,11.4,6.0,67.7,8.9,,,,,,,,,,,,,,,,,,,,,,6.875,22.0,13.0,13.0
Terrell Edmunds,,PIT,1,28,2018,Virginia Tech,2015,2016,27.0,,,,,,,,,,,,,,LB,Virginia Tech,,,,,,,,,,,,,,,,0.0,61.0,62.0,123.0,4.0,0.0,2.259259259259259,2.2962962962962963,4.555555555555555,0.1481481481481481,,,,,,,13.5525,21.0,25.0,27.0
Terrell Edmunds,,PIT,1,28,2018,Virginia Tech,2017,2017,10.0,,,,,,,,,,,,,,S,Virginia Tech,,,,,,,,,,,,,,,,,,,,,,,,,,2.0,70.0,0.0,4.0,0.2,0.4,13.5525,21.0,25.0,27.0
Taven Bryan,,JAX,1,29,2018,Florida,2015,2017,36.0,,,,,,,,,,,,,,DL,Florida,,,,,,,,,,,,,,,,5.5,31.0,36.0,67.0,10.5,0.1527777777777778,0.8611111111111112,1.0,1.8611111111111112,0.2916666666666667,,,,,,,13.35,22.0,10.0,22.0
Mike Hughes,,MIN,1,30,2018,UCF,2015,2017,26.0,,,,,,,,,,,,,,CB,North CarolinaUCF,,,,,,,,,,,,,,,,,,,,,,,,,,4.0,92.0,1.0,14.0,0.1538461538461538,0.5384615384615384,15.117241379310345,21.0,4.0,17.0
Sony Michel,,NWE,1,31,2018,Georgia,2014,2017,47.0,,,,,,,,,,,,,,RB,Georgia,591.0,3638.0,6.2,33.0,64.0,621.0,9.7,6.0,77.4,13.2,,,,,,,,,,,,,,,,,,,,,,20.96666666666667,23.0,15.0,21.0
Lamar Jackson,142.9,RAV,1,32,2018,Louisville,2015,2017,38.0,619.0,1086.0,467.0,57.0,9043.0,69.0,27.0,6.4,2.5,8.3,8.48,14.6,238.0,QB,Louisville,,,,,,,,,,,,,,,,,,,,,,,,,,,,,,,,12.97,21.0,110.0,110.0
Austin Corbett,,CLE,2,33,2018,Nevada,2015,2017,25.0,,,,,,,,,,,,,,OL,Nevada,,,,,,,,,,,,,,,,,,,,,,,,,,,,,,,,-16.4,23.0,1.0,29.0
Will Hernandez,,NYG,2,34,2018,UTEP,2015,2015,12.0,,,,,,,,,,,,,,OL,UTEP,,,,,,,,,,,,,,,,,,,,,,,,,,,,,,,,,23.0,22.0,38.0
Nick Chubb,,CLE,2,35,2018,Georgia,2014,2017,47.0,,,,,,,,,,,,,,RB,Georgia,758.0,4769.0,6.3,44.0,31.0,361.0,11.6,4.0,101.5,7.7,,,,,,,,,,,,,,,,,,,,,,19.346511627906978,22.0,47.0,49.0
Braden Smith,,CLT,2,37,2018,Auburn,2015,2015,13.0,,,,,,,,,,,,,,OL,Auburn,,,,,,,,,,,,,,,,,,,,,,,,,,,,,,,,0.19375000000000003,22.0,45.0,45.0
Ronald Jones,,TAM,2,38,2018,USC,2015,2017,40.0,,,,,,,,,,,,,,RB,USC,591.0,3619.0,6.1,39.0,32.0,302.0,9.4,3.0,90.5,7.6,,,,,,,,,,,,,,,,,,,,,,8.167164179104477,21.0,17.0,18.0
James Daniels,,CHI,2,39,2018,Iowa,2015,2017,26.0,,,,,,,,,,,,,,OL,Iowa,,,,,,,,,,,,,,,,,,,,,,,,,,,,,,,,9.8,20.0,17.0,29.0
Courtland Sutton,,DEN,2,40,2018,SMU,2015,2017,37.0,,,,,,,,,,,,,,WR,SMU,,,,,,,,,,,86.3,193.0,3193.0,16.5,31.0,,,,,,,,,,,,,,,,,-11.419607843137255,22.0,45.0,45.0
Courtland Sutton,,DEN,2,40,2018,SMU,2014,2014,3.0,,,,,,,,,,,,,,DB,SMU,,,,,,,,,,,,,,,,,,,,,,,,,,0.0,0.0,0.0,,0.0,,-11.419607843137255,22.0,45.0,45.0
Harold Landry,,OTI,2,41,2018,Boston College,2014,2017,47.0,,,,,,,,,,,,,,DL,Boston College,,,,,,,,,,,,,,,,26.0,100.0,60.0,160.0,47.5,0.5531914893617021,2.127659574468085,1.2765957446808511,3.404255319148936,1.0106382978723405,,,,,,,0.8111111111111109,22.0,39.0,45.0
Mike Gesicki,,MIA,2,42,2018,Penn State,2014,2017,51.0,,,,,,,,,,,,,,TE,Penn State,,,,,,,,,,,29.0,129.0,1481.0,11.5,15.0,,,,,,,,,,,,,,,,,18.87037037037037,22.0,19.0,28.0
Kerryon Johnson,,DET,2,43,2018,Auburn,2015,2017,37.0,,,,,,,,,,,,,,RB,Auburn,519.0,2494.0,4.8,32.0,55.0,478.0,8.7,2.0,67.4,12.9,,,,,,,,,,,,,,,,,,,,,,17.949253731343283,21.0,11.0,11.0
Dante Pettis,,SFO,2,44,2018,Washington,2014,2017,53.0,,,,,,,,,,,,,,WR,Washington,,,,,,,,,,,42.6,163.0,2256.0,13.8,24.0,,,,,,,,,,,,,,,,,19.66190476190476,22.0,5.0,11.0
Joshua Jackson,,GNB,2,45,2018,Iowa,2015,2015,14.0,,,,,,,,,,,,,,WR,Iowa,,,,,,,,,,,0.0,0.0,0.0,,0.0,,,,,,,,,,,,,,,,,9.95217391304348,22.0,7.0,8.0
Joshua Jackson,,GNB,2,45,2018,Iowa,2016,2017,25.0,,,,,,,,,,,,,,DB,Iowa,,,,,,,,,,,,,,,,,,,,,,,,,,8.0,168.0,2.0,22.0,0.32,0.88,9.95217391304348,22.0,7.0,8.0
Breeland Speaks,,KAN,2,46,2018,Ole Miss,2015,2017,37.0,,,,,,,,,,,,,,DT,Ole Miss,,,,,,,,,,,,,,,,9.0,52.0,75.0,127.0,15.0,0.2432432432432432,1.4054054054054057,2.027027027027027,3.4324324324324325,0.4054054054054054,,,,,,,11.929411764705883,22.0,3.0,3.0
Christian Kirk,,CRD,2,47,2018,Texas A&M,2015,2017,39.0,,,,,,,,,,,,,,WR,Texas A&M,,,,,,,,,,,73.2,234.0,2856.0,12.2,26.0,,,,,,,,,,,,,,,,,11.586206896551724,21.0,23.0,42.0
Uchenna Nwosu,,SDG,2,48,2018,USC,2014,2017,53.0,,,,,,,,,,,,,,LB,USC,,,,,,,,,,,,,,,,12.5,94.0,74.0,168.0,20.5,0.2358490566037736,1.7735849056603774,1.3962264150943395,3.169811320754717,0.3867924528301887,,,,,,,19.8,21.0,13.0,29.0
Connor Williams,,DAL,2,50,2018,Texas,2015,2016,23.0,,,,,,,,,,,,,,OL,Texas,,,,,,,,,,,,,,,,,,,,,,,,,,,,,,,,10.6,21.0,20.0,34.0
Anthony Miller,,CHI,2,51,2018,Memphis,2015,2017,38.0,,,,,,,,,,,,,,WR,Memphis,,,,,,,,,,,94.5,238.0,3590.0,15.1,37.0,,,,,,,,,,,,,,,,,7.056410256410256,23.0,12.0,12.0
Kemoko Turay,,CLT,2,52,2018,Rutgers,2014,2017,44.0,,,,,,,,,,,,,,DE,Rutgers,,,,,,,,,,,,,,,,15.5,54.0,49.0,103.0,20.5,0.3522727272727273,1.2272727272727273,1.1136363636363635,2.340909090909091,0.4659090909090909,,,,,,,-9.370588235294118,23.0,5.0,5.0
M.J. Stewart,,TAM,2,53,2018,North Carolina,2014,2017,50.0,,,,,,,,,,,,,,CB,North Carolina,,,,,,,,,,,,,,,,,,,,,,,,,,6.0,21.0,0.0,41.0,0.12,0.82,8.917142857142858,22.0,3.0,9.0
Jessie Bates,,CIN,2,54,2018,Wake Forest,2016,2017,24.0,,,,,,,,,,,,,,DB,Wake Forest,,,,,,,,,,,,,,,,,,,,,,,,,,6.0,195.0,2.0,9.0,0.25,0.375,,21.0,28.0,55.0
Donte Jackson,,CAR,2,55,2018,LSU,2015,2017,37.0,,,,,,,,,,,,,,DB,LSU,,,,,,,,,,,,,,,,,,,,,,,,,,4.0,40.0,0.0,20.0,0.1081081081081081,0.5405405405405406,22.185714285714283,22.0,23.0,34.0
Duke Dawson,,NWE,2,56,2018,Florida,2014,2017,48.0,,,,,,,,,,,,,,DB,Florida,,,,,,,,,,,,,,,,,,,,,,,,,,6.0,127.0,3.0,17.0,0.125,0.3541666666666667,13.45,21.0,,3.0
Isaiah Oliver,,ATL,2,58,2018,Colorado,2015,2015,13.0,,,,,,,,,,,,,,WR,Colorado,,,,,,,,,,,0.0,0.0,0.0,,0.0,,,,,,,,,,,,,,,,,4.1499999999999995,21.0,12.0,18.0
Isaiah Oliver,,ATL,2,58,2018,Colorado,2016,2017,24.0,,,,,,,,,,,,,,DB,Colorado,,,,,,,,,,,,,,,,,,,,,,,,,,3.0,41.0,0.0,20.0,0.125,0.8333333333333334,4.1499999999999995,21.0,12.0,18.0
Derrius Guice,,WAS,2,59,2018,LSU,2015,2017,36.0,,,,,,,,,,,,,,RB,LSU,471.0,3074.0,6.5,29.0,32.0,250.0,7.8,3.0,85.4,6.9,,,,,,,,,,,,,,,,,,,,,,22.5,21.0,2.0,2.0
James Washington,,PIT,2,60,2018,Oklahoma State,2014,2017,52.0,,,,,,,,,,,,,,WR,Oklahoma State,,,,,,,,,,,86.0,226.0,4472.0,19.8,39.0,,,,,,,,,,,,,,,,,9.374782608695652,22.0,11.0,11.0
D.J. Chark,,JAX,2,61,2018,LSU,2015,2017,30.0,,,,,,,,,,,,,,WR,LSU,,,,,,,,,,,45.0,66.0,1351.0,20.5,6.0,,,,,,,,,,,,,,,,,21.86603773584906,21.0,13.0,21.0
Brian O'Neill,,MIN,2,62,2018,Pitt,2015,2017,38.0,,,,,,,,,,,,,,OL,Pitt,,,,,,,,,,,,,,,,,,,,,,,,,,,,,,,,11.620833333333332,22.0,56.0,56.0
Carlton Davis,,TAM,2,63,2018,Auburn,2015,2017,38.0,,,,,,,,,,,,,,DB,Auburn,,,,,,,,,,,,,,,,,,,,,,,,,,4.0,0.0,0.0,29.0,0.1052631578947368,0.7631578947368421,20.452,21.0,24.0,34.0
Tyquan Lewis,,CLT,2,64,2018,Ohio State,2014,2017,53.0,,,,,,,,,,,,,,DL,Ohio State,,,,,,,,,,,,,,,,23.5,63.0,49.0,112.0,36.5,0.4433962264150943,1.1886792452830188,0.9245283018867924,2.1132075471698113,0.6886792452830188,,,,,,,26.65,23.0,13.0,13.0
Lorenzo Carter,,NYG,3,66,2018,Georgia,2014,2017,54.0,,,,,,,,,,,,,,LB,Georgia,,,,,,,,,,,,,,,,14.0,82.0,83.0,165.0,20.5,0.2592592592592592,1.5185185185185186,1.537037037037037,3.0555555555555554,0.3796296296296296,,,,,,,18.0,22.0,16.0,30.0
Chad Thomas,,CLE,3,67,2018,Miami (FL),2014,2017,48.0,,,,,,,,,,,,,,DE,Miami (FL),,,,,,,,,,,,,,,,10.5,51.0,52.0,103.0,26.0,0.21875,1.0625,1.0833333333333333,2.1458333333333335,0.5416666666666666,,,,,,,18.105882352941176,22.0,5.0,5.0
Justin Reid,,HTX,3,68,2018,Stanford,2015,2017,40.0,,,,,,,,,,,,,,S,Stanford,,,,,,,,,,,,,,,,,,,,,,,,,,6.0,2.0,0.0,14.0,0.15,0.35,17.088,21.0,14.0,34.0
B.J. Hill,,NYG,3,69,2018,North Carolina State,2014,2017,51.0,,,,,,,,,,,,,,DT,North Carolina State,,,,,,,,,,,,,,,,9.0,79.0,107.0,186.0,26.5,0.1764705882352941,1.5490196078431373,2.0980392156862746,3.647058823529412,0.5196078431372549,,,,,,,10.841176470588236,23.0,7.0,37.0
Fred Warner,,SFO,3,70,2018,BYU,2014,2017,49.0,,,,,,,,,,,,,,LB,BYU,,,,,,,,,,,,,,,,6.5,158.0,106.0,264.0,32.0,0.1326530612244898,3.2244897959183674,2.163265306122449,5.387755102040816,0.6530612244897959,,,,,,,1.8181818181818177,21.0,82.0,82.0
Royce Freeman,,DEN,3,71,2018,Oregon,2014,2017,51.0,,,,,,,,,,,,,,RB,Oregon,947.0,5621.0,5.9,60.0,79.0,814.0,10.3,4.0,110.2,16.0,,,,,,,,,,,,,,,,,,,,,,14.003333333333332,22.0,9.0,13.0
Jerome Baker,,MIA,3,73,2018,Ohio State,2015,2017,33.0,,,,,,,,,,,,,,LB,Ohio State,,,,,,,,,,,,,,,,7.0,90.0,68.0,158.0,17.5,0.2121212121212121,2.727272727272727,2.060606060606061,4.787878787878788,0.5303030303030303,,,,,,,25.941666666666663,21.0,33.0,39.0
Geron Christian,,WAS,3,74,2018,Louisville,2015,2017,38.0,,,,,,,,,,,,,,OL,Louisville,,,,,,,,,,,,,,,,,,,,,,,,,,,,,,,,21.05,21.0,5.0,12.0
Derrick Nnadi,,KAN,3,75,2018,Florida State,2014,2017,48.0,,,,,,,,,,,,,,DT,Florida State,,,,,,,,,,,,,,,,11.5,74.0,91.0,165.0,24.0,0.2395833333333333,1.5416666666666667,1.8958333333333333,3.4375,0.5,,,,,,,23.50588235294118,22.0,38.0,38.0
Mason Rudolph,159.7,PIT,3,76,2018,Oklahoma State,2014,2017,42.0,915.0,1447.0,532.0,63.2,13618.0,92.0,26.0,6.4,1.8,9.4,9.87,14.9,324.2,QB,Oklahoma State,,,,,,,,,,,,,,,,,,,,,,,,,,,,,,,,13.734210526315788,23.0,7.0,10.0
Sam Hubbard,,CIN,3,77,2018,Ohio State,2015,2017,40.0,,,,,,,,,,,,,,DE,Ohio State,,,,,,,,,,,,,,,,17.0,64.0,52.0,116.0,29.5,0.425,1.6,1.3,2.9,0.7375,,,,,,,27.28333333333333,23.0,40.0,40.0
Malik Jefferson,,CIN,3,78,2018,Texas,2015,2017,35.0,,,,,,,,,,,,,,LB,Texas,,,,,,,,,,,,,,,,12.0,158.0,72.0,230.0,25.5,0.3428571428571428,4.514285714285714,2.057142857142857,6.571428571428571,0.7285714285714285,,,,,,,10.6,21.0,1.0,3.0
Rasheem Green,,SEA,3,79,2018,USC,2015,2017,41.0,,,,,,,,,,,,,,DE,USC,,,,,,,,,,,,,,,,16.5,49.0,68.0,117.0,20.0,0.4024390243902439,1.195121951219512,1.6585365853658536,2.8536585365853657,0.4878048780487805,,,,,,,20.75,21.0,13.0,17.0
Martinas Rankin,,HTX,3,80,2018,Mississippi State,2016,2016,13.0,,,,,,,,,,,,,,OL,Mississippi State,,,,,,,,,,,,,,,,,,,,,,,,,,,,,,,,5.4,23.0,3.0,7.0
Michael Gallup,,DAL,3,81,2018,Colorado State,2016,2017,26.0,,,,,,,,,,,,,,WR,Colorado State,,,,,,,,,,,103.3,176.0,2685.0,15.3,21.0,,,,,,,,,,,,,,,,,1.9625,22.0,30.0,30.0
Tracy Walker,,DET,3,82,2018,Louisiana,2014,2017,50.0,,,,,,,,,,,,,,S,Louisiana,,,,,,,,,,,,,,,,,,,,,,,,,,8.0,75.0,0.0,18.0,0.16,0.36,-9.4025,23.0,13.0,13.0
Orlando Brown,,RAV,3,83,2018,Oklahoma,2015,2015,13.0,,,,,,,,,,,,,,T,Oklahoma,,,,,,,,,,,,,,,,,,,,,,,,,,,,,,,,,22.0,27.0,69.0
Justin Jones,,SDG,3,84,2018,North Carolina State,2015,2017,39.0,,,,,,,,,,,,,,DT,North Carolina State,,,,,,,,,,,,,,,,7.5,55.0,52.0,107.0,21.5,0.1923076923076923,1.4102564102564104,1.3333333333333333,2.7435897435897436,0.5512820512820513,,,,,,,8.264615384615386,22.0,14.0,30.0
Rashaan Gaulden,,CAR,3,85,2018,Tennessee,2014,2017,36.0,,,,,,,,,,,,,,DB,Tennessee,,,,,,,,,,,,,,,,,,,,,,,,,,1.0,0.0,0.0,9.0,0.0277777777777777,0.25,6.233333333333333,23.0,1.0,1.0
Mark Andrews,,RAV,3,86,2018,Oklahoma,2015,2017,40.0,,,,,,,,,,,,,,TE,Oklahoma,,,,,,,,,,,44.1,112.0,1765.0,15.8,22.0,,,,,,,,,,,,,,,,,24.88888888888889,23.0,51.0,51.0
Arden Key,,RAI,3,87,2018,LSU,2015,2017,31.0,,,,,,,,,,,,,,DE,LSU,,,,,,,,,,,,,,,,21.0,59.0,71.0,130.0,26.5,0.6774193548387096,1.903225806451613,2.2903225806451615,4.193548387096774,0.8548387096774194,,,,,,,23.57058823529412,22.0,5.0,24.0
Oren Burks,,GNB,3,88,2018,Vanderbilt,2016,2017,25.0,,,,,,,,,,,,,,LB,Vanderbilt,,,,,,,,,,,,,,,,4.5,85.0,56.0,141.0,13.5,0.18,3.4,2.24,5.64,0.54,,,,,,,-0.38620689655172413,23.0,6.0,16.0
Oren Burks,,GNB,3,88,2018,Vanderbilt,2014,2015,20.0,,,,,,,,,,,,,,DB,Vanderbilt,,,,,,,,,,,,,,,,,,,,,,,,,,3.0,31.0,1.0,13.0,0.15,0.65,-0.38620689655172413,23.0,6.0,16.0
Joseph Noteboom,,RAM,3,89,2018,Texas Christian,2015,2015,13.0,,,,,,,,,,,,,,T,Texas Christian,,,,,,,,,,,,,,,,,,,,,,,,,,,,,,,,,23.0,18.0,18.0
Deadrin Senat,,ATL,3,90,2018,South Florida,2014,2017,48.0,,,,,,,,,,,,,,DT,South Florida,,,,,,,,,,,,,,,,7.0,104.0,75.0,179.0,23.5,0.1458333333333333,2.1666666666666665,1.5625,3.7291666666666665,0.4895833333333333,,,,,,,10.0,24.0,3.0,4.0
Tre'Quan Smith,,NOR,3,91,2018,UCF,2015,2017,38.0,,,,,,,,,,,,,,WR,UCF,,,,,,,,,,,72.3,168.0,2748.0,16.4,22.0,,,,,,,,,,,,,,,,,3.994117647058823,22.0,15.0,15.0
Chukwuma Okorafor,,PIT,3,92,2018,Western Michigan,2015,2015,13.0,,,,,,,,,,,,,,OL,Western Michigan,,,,,,,,,,,,,,,,,,,,,,,,,,,,,,,,,21.0,25.0,26.0
Ronnie Harrison,,JAX,3,93,2018,Alabama,2015,2017,44.0,,,,,,,,,,,,,,DB,Alabama,,,,,,,,,,,,,,,,,,,,,,,,,,7.0,112.0,1.0,17.0,0.1590909090909091,0.3863636363636363,31.56764705882353,21.0,10.0,21.0
Tarvarius Moore,,SFO,3,95,2018,Southern Mississippi,2016,2017,26.0,,,,,,,,,,,,,,DB,Southern Mississippi,,,,,,,,,,,,,,,,,,,,,,,,,,5.0,54.0,0.0,12.0,0.1923076923076923,0.4615384615384615,-1.3499999999999999,22.0,8.0,8.0
Harrison Phillips,,BUF,3,96,2018,Stanford,2014,2017,34.0,,,,,,,,,,,,,,DE,Stanford,,,,,,,,,,,,,,,,15.5,60.0,97.0,157.0,28.0,0.4558823529411764,1.7647058823529411,2.8529411764705883,4.617647058823529,0.8235294117647058,,,,,,,16.04705882352941,22.0,8.0,35.0
Mason Cole,,CRD,3,97,2018,Michigan,2015,2015,13.0,,,,,,,,,,,,,,OL,Michigan,,,,,,,,,,,,,,,,,,,,,,,,,,,,,,,,,22.0,11.0,25.0
Jordan Akins,,HTX,3,98,2018,UCF,2014,2017,41.0,,,,,,,,,,,,,,WR,UCF,,,,,,,,,,,28.0,81.0,1149.0,14.2,8.0,,,,,,,,,,,,,,,,,-1.9394736842105265,26.0,14.0,16.0
Isaac Yiadom,,DEN,3,99,2018,Boston College,2014,2017,48.0,,,,,,,,,,,,,,DB,Boston College,,,,,,,,,,,,,,,,,,,,,,,,,,3.0,30.0,0.0,23.0,0.0625,0.4791666666666667,2.645454545454545,22.0,5.0,16.0
Dorian O'Daniel,,KAN,3,100,2018,Clemson,2014,2017,56.0,,,,,,,,,,,,,,LB,Clemson,,,,,,,,,,,,,,,,8.5,129.0,77.0,206.0,28.0,0.1517857142857142,2.3035714285714284,1.375,3.678571428571429,0.5,,,,,,,27.412,24.0,5.0,5.0
Ian Thomas,,CAR,4,101,2018,Indiana,2016,2017,23.0,,,,,,,,,,,,,,TE,Indiana,,,,,,,,,,,17.6,28.0,404.0,14.4,5.0,,,,,,,,,,,,,,,,,4.345454545454545,22.0,7.0,8.0
Jalyn Holmes,,MIN,4,102,2018,Ohio State,2014,2017,48.0,,,,,,,,,,,,,,DL,Ohio State,,,,,,,,,,,,,,,,5.0,40.0,44.0,84.0,14.0,0.1041666666666666,0.8333333333333334,0.9166666666666666,1.75,0.2916666666666667,,,,,,,25.9,22.0,5.0,8.0
Keke Coutee,,HTX,4,103,2018,Texas Tech,2015,2017,38.0,,,,,,,,,,,,,,WR,Texas Tech,,,,,,,,,,,63.8,159.0,2424.0,15.2,17.0,,,,,,,,,,,,,,,,,4.194736842105263,21.0,7.0,7.0
Nyheim Hines,,CLT,4,104,2018,North Carolina State,2016,2017,25.0,,,,,,,,,,,,,,RB,North Carolina State,210.0,1156.0,5.5,12.0,69.0,677.0,9.8,0.0,46.2,27.1,,,,,,,,,,,,,,,,,,,,,,10.82077922077922,21.0,22.0,25.0
Nyheim Hines,,CLT,4,104,2018,North Carolina State,2015,2015,13.0,,,,,,,,,,,,,,WR,North Carolina State,,,,,,,,,,,19.7,20.0,256.0,12.8,1.0,,,,,,,,,,,,,,,,,10.82077922077922,21.0,22.0,25.0
Antonio Callaway,,CLE,4,105,2018,Florida,2015,2016,26.0,,,,,,,,,,,,,,WR,Florida,,,,,,,,,,,53.8,89.0,1399.0,15.7,7.0,,,,,,,,,,,,,,,,,14.642105263157895,21.0,5.0,5.0
Josey Jewell,,DEN,4,106,2018,Iowa,2014,2017,50.0,,,,,,,,,,,,,,LB,Iowa,,,,,,,,,,,,,,,,9.5,211.0,226.0,437.0,28.0,0.19,4.22,4.52,8.74,0.56,,,,,,,9.860000000000001,23.0,28.0,32.0
Christopher Herndon IV,,NYJ,4,107,2018,Miami (FL),2015,2017,37.0,,,,,,,,,,,,,,TE,Miami (FL),,,,,,,,,,,28.3,86.0,1048.0,12.2,7.0,,,,,,,,,,,,,,,,,16.84,22.0,6.0,6.0
Troy Apke,,WAS,4,109,2018,Penn State,2017,2017,13.0,,,,,,,,,,,,,,S,Penn State,,,,,,,,,,,,,,,,,,,,,,,,,,1.0,1.0,0.0,5.0,0.0769230769230769,0.3846153846153846,22.733333333333334,23.0,6.0,6.0
Nick Nelson,,RAI,4,110,2018,Wisconsin,2014,2017,37.0,,,,,,,,,,,,,,DB,HawaiiWisconsin,,,,,,,,,,,,,,,,,,,,,,,,,,0.0,0.0,0.0,42.0,0.0,1.135135135135135,9.56,21.0,1.0,1.0
Brian Allen,,RAM,4,111,2018,Michigan State,2015,2015,14.0,,,,,,,,,,,,,,OL,Michigan State,,,,,,,,,,,,,,,,,,,,,,,,,,,,,,,,10.926666666666668,22.0,16.0,16.0
Mark Walton,,CIN,4,112,2018,Miami (FL),2015,2017,31.0,,,,,,,,,,,,,,RB,Miami (FL),394.0,1995.0,5.1,26.0,56.0,624.0,11.1,2.0,64.4,20.1,,,,,,,,,,,,,,,,,,,,,,16.0,21.0,1.0,3.0
DaeSean Hamilton,,DEN,4,113,2018,Penn State,2014,2017,53.0,,,,,,,,,,,,,,WR,Penn State,,,,,,,,,,,53.6,214.0,2842.0,13.3,18.0,,,,,,,,,,,,,,,,,17.585106382978722,23.0,6.0,6.0
Da'Shawn Hand,,DET,4,114,2018,Alabama,2014,2017,50.0,,,,,,,,,,,,,,DL,Alabama,,,,,,,,,,,,,,,,10.0,30.0,41.0,71.0,15.5,0.2,0.6,0.82,1.42,0.31,,,,,,,32.6,22.0,6.0,16.0
Joel Iyiegbuniwe,,CHI,4,115,2018,Western Kentucky,2014,2017,44.0,,,,,,,,,,,,,,LB,Western Kentucky,,,,,,,,,,,,,,,,6.5,107.0,93.0,200.0,22.5,0.1477272727272727,2.4318181818181817,2.113636363636364,4.545454545454546,0.5113636363636364,,,,,,,3.5,22.0,4.0,5.0
Dorance Armstrong Jr.,,DAL,4,116,2018,Kansas,2015,2017,36.0,,,,,,,,,,,,,,DE,Kansas,,,,,,,,,,,,,,,,15.5,89.0,53.0,142.0,34.5,0.4305555555555556,2.4722222222222223,1.4722222222222223,3.9444444444444446,0.9583333333333334,,,,,,,-15.35,21.0,15.0,22.0
Jordan Whitehead,,TAM,4,117,2018,Pitt,2015,2017,31.0,,,,,,,,,,,,,,DB,Pitt,,,,,,,,,,,,,,,,,,,,,,,,,,3.0,59.0,1.0,12.0,0.0967741935483871,0.3870967741935484,9.738709677419354,21.0,21.0,32.0
Anthony Averett,,RAV,4,118,2018,Alabama,2015,2017,35.0,,,,,,,,,,,,,,DB,Alabama,,,,,,,,,,,,,,,,,,,,,,,,,,1.0,30.0,0.0,16.0,0.0285714285714285,0.4571428571428571,32.8,23.0,10.0,11.0
Kyzir White,,SDG,4,119,2018,West Virginia,2016,2017,25.0,,,,,,,,,,,,,,S,West Virginia,,,,,,,,,,,,,,,,,,,,,,,,,,3.0,2.0,0.0,9.0,0.12,0.36,7.9750000000000005,22.0,17.0,31.0
Will Dissly,,SEA,4,120,2018,Washington,2016,2017,27.0,,,,,,,,,,,,,,TE,Washington,,,,,,,,,,,12.4,25.0,336.0,13.4,3.0,,,,,,,,,,,,,,,,,24.400000000000002,22.0,10.0,16.0
Will Dissly,,SEA,4,120,2018,Washington,2014,2015,18.0,,,,,,,,,,,,,,DL,Washington,,,,,,,,,,,,,,,,1.0,7.0,3.0,10.0,3.0,0.0555555555555555,0.3888888888888889,0.1666666666666666,0.5555555555555556,0.1666666666666666,,,,,,,24.400000000000002,22.0,10.0,16.0
Kenny Young,,RAV,4,122,2018,UCLA,2014,2017,51.0,,,,,,,,,,,,,,LB,UCLA,,,,,,,,,,,,,,,,6.5,193.0,111.0,304.0,22.0,0.1274509803921568,3.784313725490196,2.176470588235294,5.96078431372549,0.4313725490196078,,,,,,,-1.7432432432432432,23.0,5.0,18.0
Durham Smythe,,MIA,4,123,2018,Notre Dame,2014,2017,39.0,,,,,,,,,,,,,,TE,Notre Dame,,,,,,,,,,,9.8,28.0,381.0,13.6,6.0,,,,,,,,,,,,,,,,,17.978571428571428,23.0,10.0,10.0
Armani Watts,,KAN,4,124,2018,Texas A&M,2014,2017,47.0,,,,,,,,,,,,,,DB,Texas A&M,,,,,,,,,,,,,,,,,,,,,,,,,,10.0,61.0,0.0,19.0,0.2127659574468085,0.4042553191489361,12.133333333333333,22.0,3.0,3.0
Avonte Maddox,,PHI,4,125,2018,Pitt,2014,2017,46.0,,,,,,,,,,,,,,DB,Pitt,,,,,,,,,,,,,,,,,,,,,,,,,,8.0,66.0,2.0,34.0,0.1739130434782608,0.7391304347826086,10.213432835820894,22.0,16.0,17.0
Ito Smith,,ATL,4,126,2018,Southern Mississippi,2014,2017,52.0,,,,,,,,,,,,,,RB,Southern Mississippi,820.0,4536.0,5.5,42.0,140.0,1446.0,10.3,7.0,87.2,27.8,,,,,,,,,,,,,,,,,,,,,,-3.8926470588235293,22.0,6.0,6.0
Rick Leonard,,NOR,4,127,2018,Florida State,2017,2017,13.0,,,,,,,,,,,,,,OL,Florida State,,,,,,,,,,,,,,,,,,,,,,,,,,,,,,,,22.8,21.0,,0.0
Rick Leonard,,NOR,4,127,2018,Florida State,2014,2015,17.0,,,,,,,,,,,,,,DE,Florida State,,,,,,,,,,,,,,,,0.0,5.0,1.0,6.0,2.5,0.0,0.2941176470588235,0.0588235294117647,0.3529411764705882,0.1470588235294117,,,,,,,22.8,21.0,,0.0
Kentavius Street,,SFO,4,128,2018,North Carolina State,2014,2017,51.0,,,,,,,,,,,,,,DE,North Carolina State,,,,,,,,,,,,,,,,9.5,48.0,73.0,121.0,19.5,0.1862745098039215,0.9411764705882352,1.431372549019608,2.372549019607843,0.3823529411764705,,,,,,,10.8,22.0,4.0,11.0
Will Richardson,,JAX,4,129,2018,North Carolina State,2015,2017,22.0,,,,,,,,,,,,,,T,North Carolina State,,,,,,,,,,,,,,,,,,,,,,,,,,,,,,,,12.9,22.0,4.0,4.0
Josh Sweat,,PHI,4,130,2018,Florida State,2015,2017,37.0,,,,,,,,,,,,,,DE,Florida State,,,,,,,,,,,,,,,,14.5,77.0,61.0,138.0,29.0,0.3918918918918919,2.081081081081081,1.648648648648649,3.72972972972973,0.7837837837837838,,,,,,,23.355555555555554,21.0,32.0,37.0
Kalen Ballage,,MIA,4,131,2018,Arizona State,2014,2017,47.0,,,,,,,,,,,,,,RB,Arizona State,450.0,1984.0,4.4,27.0,82.0,684.0,8.3,2.0,42.2,14.6,,,,,,,,,,,,,,,,,,,,,,3.4176470588235293,22.0,3.0,6.0
Jaleel Scott,,RAV,4,132,2018,New Mexico State,2016,2017,25.0,,,,,,,,,,,,,,WR,New Mexico State,,,,,,,,,,,54.5,99.0,1362.0,13.8,14.0,,,,,,,,,,,,,,,,,-14.8,23.0,0.0,0.0
J'Mon Moore,,GNB,4,133,2018,Missouri,2014,2017,49.0,,,,,,,,,,,,,,WR,Missouri,,,,,,,,,,,50.6,158.0,2477.0,15.7,21.0,,,,,,,,,,,,,,,,,5.397619047619047,23.0,0.0,0.0
Marquis Haynes,,CAR,4,136,2018,Ole Miss,2014,2017,50.0,,,,,,,,,,,,,,DE,Ole Miss,,,,,,,,,,,,,,,,32.0,102.0,70.0,172.0,47.5,0.64,2.04,1.4,3.44,0.95,,,,,,,12.133333333333335,24.0,7.0,7.0
Dalton Schultz,,DAL,4,137,2018,Stanford,2015,2017,40.0,,,,,,,,,,,,,,TE,Stanford,,,,,,,,,,,13.9,55.0,555.0,10.1,5.0,,,,,,,,,,,,,,,,,18.309677419354838,22.0,18.0,30.0
Cole Madison,,GNB,5,138,2018,Washington State,2015,2016,26.0,,,,,,,,,,,,,,OL,Washington State,,,,,,,,,,,,,,,,,,,,,,,,,,,,,,,,6.2,23.0,,
RJ McIntosh,,NYG,5,139,2018,Miami (FL),2015,2017,31.0,,,,,,,,,,,,,,DL,Miami (FL),,,,,,,,,,,,,,,,5.5,51.0,52.0,103.0,23.0,0.1774193548387097,1.6451612903225807,1.6774193548387095,3.3225806451612905,0.7419354838709677,,,,,,,18.054545454545455,22.0,1.0,1.0
Maurice Hurst Jr.,,RAI,5,140,2018,Michigan,2014,2017,46.0,,,,,,,,,,,,,,DT,Michigan,,,,,,,,,,,,,,,,12.5,64.0,68.0,132.0,33.5,0.2717391304347826,1.391304347826087,1.4782608695652173,2.869565217391304,0.7282608695652174,,,,,,,,23.0,9.0,11.0
Shaquem Griffin,,SEA,5,141,2018,UCF,2016,2017,26.0,,,,,,,,,,,,,,LB,UCF,,,,,,,,,,,,,,,,18.5,101.0,65.0,166.0,33.5,0.7115384615384616,3.8846153846153846,2.5,6.384615384615385,1.2884615384615383,,,,,,,5.95,23.0,4.0,4.0
Shaquem Griffin,,SEA,5,141,2018,UCF,2013,2015,15.0,,,,,,,,,,,,,,DB,UCF,,,,,,,,,,,,,,,,,,,,,,,,,,0.0,0.0,0.0,1.0,0.0,0.0666666666666666,5.95,23.0,4.0,4.0
D.J Reed,,SFO,5,142,2018,Kansas State,2016,2017,24.0,,,,,,,,,,,,,,DB,Kansas State,,,,,,,,,,,,,,,,,,,,,,,,,,7.0,67.0,1.0,25.0,0.2916666666666667,1.0416666666666667,,21.0,1.0,27.0
Jawhan Bentley,,NWE,5,143,2018,Purdue,2014,2017,38.0,,,,,,,,,,,,,,LB,Purdue,,,,,,,,,,,,,,,,1.0,160.0,112.0,272.0,29.5,0.0263157894736842,4.2105263157894735,2.9473684210526314,7.157894736842105,0.7763157894736842,,,,,,,,22.0,36.0,36.0
Tre Flowers,,SEA,5,146,2018,Oklahoma State,2014,2017,51.0,,,,,,,,,,,,,,S,Oklahoma State,,,,,,,,,,,,,,,,,,,,,,,,,,4.0,17.0,0.0,25.0,0.0784313725490196,0.4901960784313725,16.548,23.0,15.0,19.0
Micah Kiser,,RAM,5,147,2018,Virginia,2014,2017,49.0,,,,,,,,,,,,,,LB,Virginia,,,,,,,,,,,,,,,,19.0,188.0,223.0,411.0,32.5,0.3877551020408163,3.836734693877551,4.551020408163265,8.387755102040817,0.6632653061224489,,,,,,,-1.883333333333333,23.0,6.0,8.0
Marcus Allen,,PIT,5,148,2018,Penn State,2014,2017,52.0,,,,,,,,,,,,,,S,Penn State,,,,,,,,,,,,,,,,,,,,,,,,,,1.0,50.0,0.0,11.0,0.0192307692307692,0.2115384615384615,-4.505128205128205,22.0,6.0,6.0
Genard Avery,,CLE,5,150,2018,Memphis,2014,2017,50.0,,,,,,,,,,,,,,LB,Memphis,,,,,,,,,,,,,,,,21.5,170.0,63.0,233.0,45.5,0.43,3.4,1.26,4.66,0.91,,,,,,,7.747619047619047,23.0,4.0,11.0
Dane Cruikshank,,OTI,5,152,2018,Arizona,2016,2017,25.0,,,,,,,,,,,,,,CB,Arizona,,,,,,,,,,,,,,,,,,,,,,,,,,5.0,68.0,0.0,12.0,0.2,0.48,-0.8919999999999999,23.0,4.0,4.0
Tyrell Crosby,,DET,5,153,2018,Oregon,2015,2015,13.0,,,,,,,,,,,,,,OL,Oregon,,,,,,,,,,,,,,,,,,,,,,,,,,,,,,,,,23.0,11.0,11.0
Scott Quessenberry,,SDG,5,155,2018,UCLA,2016,2016,12.0,,,,,,,,,,,,,,OL,UCLA,,,,,,,,,,,,,,,,,,,,,,,,,,,,,,,,9.1,23.0,8.0,13.0
Troy Fumagalli,,DEN,5,156,2018,Wisconsin,2014,2017,52.0,,,,,,,,,,,,,,TE,Wisconsin,,,,,,,,,,,31.3,135.0,1627.0,12.1,7.0,,,,,,,,,,,,,,,,,21.425,23.0,1.0,1.0
Tyler Conklin,,MIN,5,157,2018,Central Michigan,2015,2017,34.0,,,,,,,,,,,,,,TE,Central Michigan,,,,,,,,,,,34.1,83.0,1159.0,14.0,11.0,,,,,,,,,,,,,,,,,-6.803125,23.0,8.0,20.0
Andrew Brown,,CIN,5,158,2018,Virginia,2014,2017,41.0,,,,,,,,,,,,,,DT,Virginia,,,,,,,,,,,,,,,,10.5,42.0,52.0,94.0,26.5,0.2560975609756097,1.024390243902439,1.2682926829268293,2.292682926829268,0.6463414634146342,,,,,,,-7.994285714285715,22.0,2.0,2.0
Ogbonnia Okoronkwo,,RAM,5,160,2018,Oklahoma,2014,2017,46.0,,,,,,,,,,,,,,DE,Oklahoma,,,,,,,,,,,,,,,,20.0,105.0,58.0,163.0,33.5,0.4347826086956521,2.282608695652174,1.2608695652173914,3.5434782608695654,0.7282608695652174,,,,,,,25.74705882352941,23.0,2.0,12.0
Jermaine Carter Jr.,,CAR,5,161,2018,Maryland,2014,2017,50.0,,,,,,,,,,,,,,LB,Maryland,,,,,,,,,,,,,,,,9.5,193.0,137.0,330.0,29.0,0.19,3.86,2.74,6.6,0.58,,,,,,,-1.9,23.0,14.0,15.0
Jordan Lasley,,RAV,5,162,2018,UCLA,2015,2017,29.0,,,,,,,,,,,,,,WR,UCLA,,,,,,,,,,,65.6,113.0,1901.0,16.8,14.0,,,,,,,,,,,,,,,,,8.268518518518519,21.0,,
Tim Settle,,WAS,5,163,2018,Virginia Tech,2016,2017,27.0,,,,,,,,,,,,,,DT,Virginia Tech,,,,,,,,,,,,,,,,4.0,28.0,25.0,53.0,19.5,0.1481481481481481,1.037037037037037,0.925925925925926,1.962962962962963,0.7222222222222222,,,,,,,14.913636363636364,21.0,4.0,20.0
Natrell Jamerson,,NOR,5,164,2018,Wisconsin,2014,2014,12.0,,,,,,,,,,,,,,WR,Wisconsin,,,,,,,,,,,0.0,0.0,0.0,,0.0,,,,,,,,,,,,,,,,,20.734782608695653,22.0,,1.0
Natrell Jamerson,,NOR,5,164,2018,Wisconsin,2015,2017,35.0,,,,,,,,,,,,,,CB,Wisconsin,,,,,,,,,,,,,,,,,,,,,,,,,,2.0,40.0,1.0,14.0,0.0571428571428571,0.4,20.734782608695653,22.0,,1.0
Jaylen Samuels,,PIT,5,165,2018,North Carolina State,2014,2017,52.0,,,,,,,,,,,,,,TE,North Carolina State,,,,,,,,,,,35.7,202.0,1855.0,9.2,19.0,,,,,,,,,,,,,,,,,10.38101265822785,22.0,7.0,7.0
Wyatt Teller,,BUF,5,166,2018,Virginia Tech,2015,2017,26.0,,,,,,,,,,,,,,OL,Virginia Tech,,,,,,,,,,,,,,,,,,,,,,,,,,,,,,,,14.3,23.0,1.0,39.0
Jamarco Jones,,SEA,5,168,2018,Ohio State,2014,2016,29.0,,,,,,,,,,,,,,OL,Ohio State,,,,,,,,,,,,,,,,,,,,,,,,,,,,,,,,22.4,22.0,7.0,7.0
Jordan Wilkins,,CLT,5,169,2018,Ole Miss,2014,2017,38.0,,,,,,,,,,,,,,RB,Ole Miss,279.0,1751.0,6.3,14.0,32.0,322.0,10.1,1.0,46.1,8.5,,,,,,,,,,,,,,,,,,,,,,18.366666666666667,24.0,8.0,8.0
Darius Phillips,,CIN,5,170,2018,Western Michigan,2014,2014,12.0,,,,,,,,,,,,,,WR,Western Michigan,,,,,,,,,,,39.9,32.0,479.0,15.0,2.0,,,,,,,,,,,,,,,,,2.7621951219512195,23.0,7.0,7.0
Darius Phillips,,CIN,5,170,2018,Western Michigan,2015,2017,39.0,,,,,,,,,,,,,,CB,Western Michigan,,,,,,,,,,,,,,,,,,,,,,,,,,12.0,376.0,5.0,35.0,0.3076923076923077,0.8974358974358975,2.7621951219512195,23.0,7.0,7.0
Mike White,142.9,DAL,5,171,2018,Western Kentucky,2013,2017,44.0,863.0,1393.0,530.0,62.0,11262.0,74.0,31.0,5.3,2.2,8.1,8.15,13.0,256.0,QB,South FloridaWestern Kentucky,,,,,,,,,,,,,,,,,,,,,,,,,,,,,,,,-3.3262295081967213,23.0,,5.0
Marquez Valdes-Scantling,,GNB,5,174,2018,South Florida,2013,2017,45.0,,,,,,,,,,,,,,WR,North Carolina StateSouth Florida,,,,,,,,,,,40.7,119.0,1832.0,15.4,12.0,,,,,,,,,,,,,,,,,8.257142857142858,23.0,18.0,29.0
Damion Ratley,,CLE,6,175,2018,Texas A&M,2015,2017,36.0,,,,,,,,,,,,,,WR,Texas A&M,,,,,,,,,,,25.6,47.0,920.0,19.6,8.0,,,,,,,,,,,,,,,,,11.286206896551725,23.0,3.0,4.0
John Kelly,,RAM,6,176,2018,Tennessee,2015,2017,33.0,,,,,,,,,,,,,,RB,Tennessee,327.0,1573.0,4.8,15.0,43.0,350.0,8.1,0.0,47.7,10.6,,,,,,,,,,,,,,,,,,,,,,2.6437500000000003,21.0,1.0,1.0
Duke Ejiofor,,HTX,6,177,2018,Wake Forest,2014,2017,42.0,,,,,,,,,,,,,,DE,Wake Forest,,,,,,,,,,,,,,,,23.5,79.0,54.0,133.0,43.0,0.5595238095238095,1.880952380952381,1.2857142857142858,3.1666666666666665,1.0238095238095235,,,,,,,3.0999999999999996,23.0,1.0,1.0
Christian Sam,,NWE,6,178,2018,Arizona State,2014,2017,40.0,,,,,,,,,,,,,,LB,Arizona State,,,,,,,,,,,,,,,,7.0,167.0,74.0,241.0,17.0,0.175,4.175,1.85,6.025,0.425,,,,,,,3.2615384615384615,22.0,,
Parry Nickerson,,NYJ,6,179,2018,Tulane,2013,2017,48.0,,,,,,,,,,,,,,CB,Tulane,,,,,,,,,,,,,,,,,,,,,,,,,,16.0,203.0,1.0,31.0,0.3333333333333333,0.6458333333333334,-11.76764705882353,23.0,1.0,2.0
Folorunso Fatukasi,,NYJ,6,180,2018,Connecticut,2014,2017,48.0,,,,,,,,,,,,,,DL,Connecticut,,,,,,,,,,,,,,,,14.0,103.0,67.0,170.0,21.0,0.2916666666666667,2.1458333333333335,1.3958333333333333,3.5416666666666665,0.4375,,,,,,,-15.4,23.0,11.0,27.0
Kylie Fitts,,CHI,6,181,2018,Utah,2013,2017,26.0,,,,,,,,,,,,,,DE,UCLAUtah,,,,,,,,,,,,,,,,11.5,38.0,31.0,69.0,15.0,0.4423076923076923,1.4615384615384617,1.1923076923076923,2.6538461538461537,0.5769230769230769,,,,,,,11.450000000000001,23.0,0.0,1.0
Christian Campbell,,CRD,6,182,2018,Penn State,2014,2017,44.0,,,,,,,,,,,,,,CB,Penn State,,,,,,,,,,,,,,,,,,,,,,,,,,3.0,16.0,0.0,22.0,0.0681818181818181,0.5,10.943859649122807,22.0,,
Sam Jones,,DEN,6,183,2018,Arizona State,2015,2015,12.0,,,,,,,,,,,,,,OL,Arizona State,,,,,,,,,,,,,,,,,,,,,,,,,,,,,,,,,22.0,0.0,0.0
Marcell Harris,,SFO,6,184,2018,Florida,2014,2016,37.0,,,,,,,,,,,,,,DB,Florida,,,,,,,,,,,,,,,,,,,,,,,,,,2.0,25.0,0.0,1.0,0.054054054054054,0.027027027027027,15.4,24.0,13.0,14.0
Deon Cain,,CLT,6,185,2018,Clemson,2015,2017,42.0,,,,,,,,,,,,,,WR,Clemson,,,,,,,,,,,48.6,130.0,2040.0,15.7,20.0,,,,,,,,,,,,,,,,,26.078048780487805,22.0,0.0,1.0
Jacob Martin,,SEA,6,186,2018,Temple,2014,2017,50.0,,,,,,,,,,,,,,DL,Temple,,,,,,,,,,,,,,,,11.5,42.0,38.0,80.0,17.5,0.23,0.84,0.76,1.6,0.35,,,,,,,5.194117647058824,22.0,2.0,17.0
Ray-Ray McCloud,,BUF,6,187,2018,Clemson,2015,2017,40.0,,,,,,,,,,,,,,WR,Clemson,,,,,,,,,,,30.7,127.0,1226.0,9.7,4.0,,,,,,,,,,,,,,,,,26.6625,21.0,0.0,14.0
Simeon Thomas,,CLE,6,188,2018,Louisiana,2013,2017,26.0,,,,,,,,,,,,,,CB,Louisiana,,,,,,,,,,,,,,,,,,,,,,,,,,2.0,0.0,0.0,19.0,0.0769230769230769,0.7307692307692307,-11.066666666666666,24.0,,1.0
Kamrin Moore,,NOR,6,189,2018,Boston College,2014,2017,44.0,,,,,,,,,,,,,,DB,Boston College,,,,,,,,,,,,,,,,,,,,,,,,,,2.0,-1.0,0.0,22.0,0.0454545454545454,0.5,0.9833333333333331,21.0,,0.0
DeShon Elliott,,RAV,6,190,2018,Texas,2015,2017,30.0,,,,,,,,,,,,,,S,Texas,,,,,,,,,,,,,,,,,,,,,,,,,,9.0,156.0,2.0,14.0,0.3,0.4666666666666667,9.737499999999999,21.0,9.0,25.0
Dylan Cantrell,,SDG,6,191,2018,Texas Tech,2013,2017,41.0,,,,,,,,,,,,,,WR,Texas Tech,,,,,,,,,,,45.7,158.0,1873.0,11.9,18.0,,,,,,,,,,,,,,,,,6.44,24.0,,
Chris Covington,,DAL,6,193,2018,Indiana,2014,2017,37.0,,,,,,,,,,,,,,LB,Indiana,,,,,,,,,,,,,,,,5.0,70.0,48.0,118.0,15.0,0.1351351351351351,1.891891891891892,1.2972972972972974,3.189189189189189,0.4054054054054054,,,,,,,5.372413793103448,22.0,0.0,0.0
Russell Gage,,ATL,6,194,2018,LSU,2016,2017,24.0,,,,,,,,,,,,,,WR,LSU,,,,,,,,,,,14.5,26.0,347.0,13.3,4.0,,,,,,,,,,,,,,,,,22.392307692307693,22.0,17.0,20.0
Russell Gage,,ATL,6,194,2018,LSU,2014,2015,3.0,,,,,,,,,,,,,,DB,LSU,,,,,,,,,,,,,,,,,,,,,,,,,,0.0,0.0,0.0,,0.0,,22.392307692307693,22.0,17.0,20.0
Sebastian Joseph,,RAM,6,195,2018,Rutgers,2013,2017,50.0,,,,,,,,,,,,,,DL,Rutgers,,,,,,,,,,,,,,,,3.5,44.0,53.0,97.0,14.5,0.07,0.88,1.06,1.94,0.29,,,,,,,-10.200000000000001,23.0,17.0,38.0
Shaun Dion Hamilton,,WAS,6,197,2018,Alabama,2014,2017,51.0,,,,,,,,,,,,,,LB,Alabama,,,,,,,,,,,,,,,,4.5,65.0,69.0,134.0,16.0,0.088235294117647,1.2745098039215683,1.3529411764705883,2.627450980392157,0.3137254901960784,,,,,,,32.400000000000006,22.0,8.0,8.0
Kahlil McKenzie,,KAN,6,198,2018,Tennessee,2015,2016,15.0,,,,,,,,,,,,,,DL,Tennessee,,,,,,,,,,,,,,,,1.0,14.0,22.0,36.0,1.5,0.0666666666666666,0.9333333333333332,1.4666666666666666,2.4,0.1,,,,,,,,21.0,,1.0
Luke Falk,142.8,OTI,6,199,2018,Washington State,2014,2017,42.0,1404.0,2055.0,651.0,68.3,14486.0,119.0,39.0,5.8,1.9,7.0,7.35,10.3,344.9,QB,Washington State,,,,,,,,,,,,,,,,,,,,,,,,,,,,,,,,5.118032786885245,23.0,,1.0
Boston Scott,,NOR,6,201,2018,Louisiana Tech,2013,2017,40.0,,,,,,,,,,,,,,RB,Louisiana Tech,287.0,1833.0,6.4,14.0,32.0,307.0,9.6,1.0,45.8,7.7,,,,,,,,,,,,,,,,,,,,,,1.6849056603773587,23.0,,11.0
Jack Cichy,,TAM,6,202,2018,Wisconsin,2013,2016,21.0,,,,,,,,,,,,,,LB,Wisconsin,,,,,,,,,,,,,,,,6.5,78.0,43.0,121.0,15.0,0.3095238095238095,3.7142857142857144,2.047619047619047,5.761904761904762,0.7142857142857143,,,,,,,16.1,23.0,0.0,0.0
Tanner Lee,117.1,JAX,6,203,2018,Nebraska,2014,2017,31.0,574.0,1040.0,466.0,55.2,6744.0,46.0,37.0,4.4,3.6,6.5,5.77,11.7,217.5,QB,NebraskaTulane,,,,,,,,,,,,,,,,,,,,,,,,,,,,,,,,-6.369565217391305,23.0,,
Trevon Young,,RAM,6,205,2018,Louisville,2014,2017,36.0,,,,,,,,,,,,,,DE,Louisville,,,,,,,,,,,,,,,,14.0,62.0,39.0,101.0,24.0,0.3888888888888889,1.7222222222222223,1.0833333333333333,2.8055555555555554,0.6666666666666666,,,,,,,17.485714285714284,23.0,0.0,0.0
Matt Pryor,,PHI,6,206,2018,Texas Christian,2015,2017,26.0,,,,,,,,,,,,,,T,Texas Christian,,,,,,,,,,,,,,,,,,,,,,,,,,,,,,,,18.9,23.0,5.0,19.0
Equanimeous St. Brown,,GNB,6,207,2018,Notre Dame,2015,2017,32.0,,,,,,,,,,,,,,WR,Notre Dame,,,,,,,,,,,46.4,92.0,1484.0,16.1,13.0,,,,,,,,,,,,,,,,,19.72173913043478,21.0,4.0,8.0
Cornell Armstrong,,MIA,6,209,2018,Southern Mississippi,2014,2017,47.0,,,,,,,,,,,,,,DB,Southern Mississippi,,,,,,,,,,,,,,,,,,,,,,,,,,5.0,45.0,1.0,29.0,0.1063829787234042,0.6170212765957447,-1.3258064516129033,22.0,1.0,3.0
Braxton Berrios,,NWE,6,210,2018,Miami (FL),2014,2017,49.0,,,,,,,,,,,,,,WR,Miami (FL),,,,,,,,,,,24.0,100.0,1175.0,11.8,14.0,,,,,,,,,,,,,,,,,15.554054054054054,22.0,,11.0
Jordan Thomas,,HTX,6,211,2018,Mississippi State,2016,2017,25.0,,,,,,,,,,,,,,TE,Mississippi State,,,,,,,,,,,12.4,31.0,311.0,10.0,4.0,,,,,,,,,,,,,,,,,11.139506172839507,22.0,2.0,2.0
Colby Gossett,,MIN,6,213,2018,Appalachian State,2015,2017,26.0,,,,,,,,,,,,,,OL,Appalachian State,,,,,,,,,,,,,,,,,,,,,,,,,,,,,,,,,23.0,,4.0
Peter Kalambayi,,HTX,6,214,2018,Stanford,2014,2017,54.0,,,,,,,,,,,,,,LB,Stanford,,,,,,,,,,,,,,,,18.5,111.0,79.0,190.0,28.0,0.3425925925925926,2.0555555555555554,1.462962962962963,3.5185185185185186,0.5185185185185185,,,,,,,17.27777777777778,23.0,3.0,3.0
Bradley Bozeman,,RAV,6,215,2018,Alabama,2015,2015,15.0,,,,,,,,,,,,,,OL,Alabama,,,,,,,,,,,,,,,,,,,,,,,,,,,,,,,,,23.0,23.0,41.0
Azeem Victor,,RAI,6,216,2018,Washington,2014,2017,43.0,,,,,,,,,,,,,,LB,Washington,,,,,,,,,,,,,,,,3.5,129.0,68.0,197.0,14.0,0.0813953488372093,3.0,1.5813953488372092,4.5813953488372094,0.3255813953488372,,,,,,,21.928571428571427,22.0,,
Keishawn Bierria,,DEN,6,217,2018,Washington,2014,2017,54.0,,,,,,,,,,,,,,LB,Washington,,,,,,,,,,,,,,,,7.5,155.0,87.0,242.0,19.5,0.1388888888888889,2.8703703703703702,1.6111111111111112,4.481481481481482,0.3611111111111111,,,,,,,24.86,23.0,1.0,1.0
Ade Aruna,,MIN,6,218,2018,Tulane,2014,2017,44.0,,,,,,,,,,,,,,DE,Tulane,,,,,,,,,,,,,,,,12.0,71.0,36.0,107.0,19.0,0.2727272727272727,1.6136363636363635,0.8181818181818182,2.4318181818181817,0.4318181818181818,,,,,,,-10.15,24.0,,
Danny Etling,129.6,NWE,7,219,2018,LSU,2013,2017,37.0,563.0,973.0,410.0,57.9,7076.0,43.0,19.0,4.4,2.0,7.3,7.28,12.6,191.2,QB,LSUPurdue,,,,,,,,,,,,,,,,,,,,,,,,,,,,,,,,9.522950819672133,24.0,,
Alex McGough,128.1,SEA,7,220,2018,Florida International,2014,2017,46.0,806.0,1335.0,529.0,60.4,9091.0,65.0,37.0,4.9,2.8,6.8,6.54,11.3,197.6,QB,Florida International,,,,,,,,,,,,,,,,,,,,,,,,,,,,,,,,-15.455555555555556,22.0,,
Matthew Adams,,CLT,7,221,2018,Houston,2014,2017,48.0,,,,,,,,,,,,,,LB,Houston,,,,,,,,,,,,,,,,7.5,161.0,98.0,259.0,21.0,0.15625,3.3541666666666665,2.0416666666666665,5.395833333333333,0.4375,,,,,,,8.9,22.0,9.0,14.0
Jermaine Kelly,,HTX,7,222,2018,San Jose State,2014,2017,27.0,,,,,,,,,,,,,,DB,San Jose StateWashington,,,,,,,,,,,,,,,,,,,,,,,,,,1.0,68.0,1.0,17.0,0.037037037037037,0.6296296296296297,-16.952380952380953,23.0,,
Jullian Taylor,,SFO,7,223,2018,Temple,2014,2017,18.0,,,,,,,,,,,,,,DL,Temple,,,,,,,,,,,,,,,,1.0,29.0,23.0,52.0,11.5,0.0555555555555555,1.6111111111111112,1.2777777777777777,2.888888888888889,0.6388888888888888,,,,,,,6.2,23.0,1.0,1.0
Javon Wims,,CHI,7,224,2018,Georgia,2016,2017,27.0,,,,,,,,,,,,,,WR,Georgia,,,,,,,,,,,33.7,62.0,910.0,14.7,8.0,,,,,,,,,,,,,,,,,21.58235294117647,23.0,1.0,1.0
Devante Downs,,MIN,7,225,2018,California,2014,2017,40.0,,,,,,,,,,,,,,LB,California,,,,,,,,,,,,,,,,8.0,108.0,104.0,212.0,14.5,0.2,2.7,2.6,5.3,0.3625,,,,,,,1.7,22.0,1.0,6.0
David Williams,,DEN,7,226,2018,Arkansas,2014,2017,50.0,,,,,,,,,,,,,,RB,ArkansasSouth Carolina,304.0,1450.0,4.8,13.0,37.0,435.0,11.8,2.0,29.0,8.7,,,,,,,,,,,,,,,,,,,,,,-1.325757575757576,24.0,,0.0
Quentin Poling,,MIA,7,227,2018,Ohio,2014,2017,50.0,,,,,,,,,,,,,,LB,Ohio,,,,,,,,,,,,,,,,18.5,216.0,159.0,375.0,44.0,0.37,4.32,3.18,7.5,0.88,,,,,,,-1.3666666666666667,24.0,,0.0
Marcell Ateman,,RAI,7,228,2018,Oklahoma State,2013,2017,48.0,,,,,,,,,,,,,,WR,Oklahoma State,,,,,,,,,,,51.4,146.0,2466.0,16.9,13.0,,,,,,,,,,,,,,,,,14.421428571428573,23.0,2.0,2.0
Leon Jacobs,,JAX,7,230,2018,Wisconsin,2016,2016,14.0,,,,,,,,,,,,,,FB,Wisconsin,0.0,0.0,,0.0,0.0,0.0,,0.0,0.0,0.0,,,,,,,,,,,,,,,,,,,,,,22.092000000000002,22.0,7.0,7.0
Leon Jacobs,,JAX,7,230,2018,Wisconsin,2013,2017,38.0,,,,,,,,,,,,,,LB,Wisconsin,,,,,,,,,,,,,,,,5.5,62.0,43.0,105.0,14.5,0.1447368421052631,1.631578947368421,1.131578947368421,2.763157894736842,0.3815789473684211,,,,,,,22.092000000000002,22.0,7.0,7.0
Travin Howard,,RAM,7,231,2018,Texas Christian,2016,2017,25.0,,,,,,,,,,,,,,LB,Texas Christian,,,,,,,,,,,,,,,,2.5,132.0,106.0,238.0,11.0,0.1,5.28,4.24,9.52,0.44,,,,,,,15.1,22.0,3.0,3.0
Travin Howard,,RAM,7,231,2018,Texas Christian,2015,2015,13.0,,,,,,,,,,,,,,S,Texas Christian,,,,,,,,,,,,,,,,,,,,,,,,,,1.0,4.0,0.0,2.0,0.0769230769230769,0.1538461538461538,15.1,22.0,3.0,3.0
James Looney,,GNB,7,232,2018,California,2013,2017,40.0,,,,,,,,,,,,,,DE,CaliforniaWake Forest,,,,,,,,,,,,,,,,8.5,56.0,77.0,133.0,21.0,0.2125,1.4,1.925,3.325,0.525,,,,,,,0.7,23.0,0.0,0.0
Andre Smith,,CAR,7,234,2018,North Carolina,2015,2017,29.0,,,,,,,,,,,,,,LB,North Carolina,,,,,,,,,,,,,,,,2.0,90.0,97.0,187.0,8.5,0.0689655172413793,3.103448275862069,3.3448275862068964,6.448275862068965,0.293103448275862,,,,,,,-3.9909090909090907,21.0,1.0,6.0
Zaire Franklin,,CLT,7,235,2018,Syracuse,2014,2017,48.0,,,,,,,,,,,,,,LB,Syracuse,,,,,,,,,,,,,,,,8.5,187.0,124.0,311.0,31.5,0.1770833333333333,3.8958333333333335,2.5833333333333335,6.479166666666667,0.65625,,,,,,,-0.7863636363636364,22.0,40.0,40.0
Bo Scarbrough,,DAL,7,236,2018,Alabama,2015,2017,34.0,,,,,,,,,,,,,,RB,Alabama,267.0,1512.0,5.7,20.0,21.0,131.0,6.2,0.0,44.5,3.9,,,,,,,,,,,,,,,,,,,,,,31.960526315789473,23.0,,2.0
Nick Bawden,64.9,DET,7,237,2018,San Diego State,2014,2014,6.0,13.0,38.0,25.0,34.2,147.0,1.0,2.0,2.6,5.3,3.9,2.03,11.3,24.5,QB,San Diego State,,,,,,,,,,,,,,,,,,,,,,,,,,,,,,,,5.78918918918919,22.0,0.0,0.0
Nick Bawden,,DET,7,237,2018,San Diego State,2015,2017,34.0,,,,,,,,,,,,,,FB,San Diego State,1.0,4.0,4.0,0.0,30.0,240.0,8.0,1.0,0.1,7.1,,,,,,,,,,,,,,,,,,,,,,5.78918918918919,22.0,0.0,0.0
Hunter Bradley,,GNB,7,239,2018,Mississippi State,2014,2014,3.0,,,,,,,,,,,,,,TE,Mississippi State,,,,,,,,,,,0.0,0.0,0.0,,0.0,,,,,,,,,,,,,,,,,,24.0,3.0,3.0
Hunter Bradley,,GNB,7,239,2018,Mississippi State,2015,2015,12.0,,,,,,,,,,,,,,LS,Mississippi State,,,,,,,,,,,,,,,,,,,,,,,,,,0.0,0.0,0.0,,0.0,,,24.0,3.0,3.0
Richie James,,SFO,7,240,2018,Middle Tennessee State,2015,2017,31.0,,,,,,,,,,,,,,WR,Middle Tennessee State,,,,,,,,,,,105.2,244.0,3261.0,13.4,23.0,,,,,,,,,,,,,,,,,-3.4000000000000004,23.0,6.0,13.0
Greg Stroman,,WAS,7,241,2018,Virginia Tech,2015,2015,13.0,,,,,,,,,,,,,,WR,Virginia Tech,,,,,,,,,,,0.0,0.0,0.0,,0.0,,,,,,,,,,,,,,,,,12.56987951807229,22.0,2.0,4.0
Greg Stroman,,WAS,7,241,2018,Virginia Tech,2014,2017,37.0,,,,,,,,,,,,,,CB,Virginia Tech,,,,,,,,,,,,,,,,,,,,,,,,,,7.0,47.0,1.0,22.0,0.1891891891891892,0.5945945945945946,12.56987951807229,22.0,2.0,4.0
Kendrick Norton,,CAR,7,242,2018,Miami (FL),2015,2017,38.0,,,,,,,,,,,,,,DL,Miami (FL),,,,,,,,,,,,,,,,5.0,45.0,39.0,84.0,18.0,0.131578947368421,1.1842105263157894,1.0263157894736843,2.210526315789474,0.4736842105263157,,,,,,,18.105882352941176,21.0,,
Justin Lawler,,RAM,7,244,2018,SMU,2014,2017,49.0,,,,,,,,,,,,,,DE,SMU,,,,,,,,,,,,,,,,20.5,143.0,84.0,227.0,40.5,0.4183673469387755,2.9183673469387754,1.7142857142857142,4.63265306122449,0.826530612244898,,,,,,,-10.65,23.0,1.0,1.0
William Clapp,,NOR,7,245,2018,LSU,2015,2015,12.0,,,,,,,,,,,,,,C,LSU,,,,,,,,,,,,,,,,,,,,,,,,,,,,,,,,,22.0,4.0,12.0
Joshua Frazier,,PIT,7,246,2018,Alabama,2014,2017,39.0,,,,,,,,,,,,,,DL,Alabama,,,,,,,,,,,,,,,,2.0,11.0,17.0,28.0,4.5,0.0512820512820512,0.282051282051282,0.4358974358974359,0.717948717948718,0.1153846153846153,,,,,,,32.6,22.0,,
Logan Woodside,162.9,CIN,7,249,2018,Toledo,2013,2017,44.0,759.0,1166.0,407.0,65.1,10514.0,93.0,25.0,8.0,2.1,9.0,9.65,13.9,239.0,QB,Toledo,,,,,,,,,,,,,,,,,,,,,,,,,,,,,,,,7.3500000000000005,23.0,,0.0
Ryan Izzo,,NWE,7,250,2018,Florida State,2014,2017,41.0,,,,,,,,,,,,,,TE,Florida State,,,,,,,,,,,18.6,54.0,761.0,14.1,6.0,,,,,,,,,,,,,,,,,24.151851851851852,22.0,3.0,3.0
Justin Jackson,,SDG,7,251,2018,Northwestern,2014,2017,51.0,,,,,,,,,,,,,,RB,Northwestern,1142.0,5440.0,4.8,41.0,122.0,858.0,7.0,1.0,106.7,16.8,,,,,,,,,,,,,,,,,,,,,,4.588157894736842,22.0,10.0,12.0
Rod Taylor,,CIN,7,252,2018,Ole Miss,2015,2015,10.0,,,,,,,,,,,,,,OL,Ole Miss,,,,,,,,,,,,,,,,,,,,,,,,,,,,,,,,,23.0,,
Auden Tate,,CIN,7,253,2018,Florida State,2015,2017,30.0,,,,,,,,,,,,,,WR,Florida State,,,,,,,,,,,31.9,65.0,957.0,14.7,16.0,,,,,,,,,,,,,,,,,23.46666666666667,21.0,5.0,5.0
Korey Cunningham,,CRD,7,254,2018,Cincinnati,2015,2015,9.0,,,,,,,,,,,,,,OL,Cincinnati,,,,,,,,,,,,,,,,,,,,,,,,,,,,,,,,,23.0,2.0,4.0
Austin Proehl,,BUF,7,255,2018,North Carolina,2014,2017,43.0,,,,,,,,,,,,,,WR,North Carolina,,,,,,,,,,,29.4,91.0,1265.0,13.9,5.0,,,,,,,,,,,,,,,,,9.759649122807017,22.0,,
Trey Quinn,,WAS,7,256,2018,SMU,2014,2017,38.0,,,,,,,,,,,,,,WR,LSUSMU,,,,,,,,,,,39.8,136.0,1512.0,11.1,13.0,,,,,,,,,,,,,,,,,5.97037037037037,22.0,2.0,2.0
Kyler Murray,181.3,CRD,1,1,2019,Oklahoma,2015,2018,29.0,350.0,519.0,169.0,67.4,5406.0,50.0,14.0,9.6,2.7,10.4,11.13,15.4,186.4,QB,OklahomaTexas A&M,,,,,,,,,,,,,,,,,,,,,,,,,,,,,,,,21.76153846153846,22.0,71.0,71.0
Nick Bosa,,SFO,1,2,2019,Ohio State,2016,2018,30.0,,,,,,,,,,,,,,DE,Ohio State,,,,,,,,,,,,,,,,17.5,47.0,30.0,77.0,29.0,0.5833333333333334,1.5666666666666669,1.0,2.566666666666667,0.9666666666666668,,,,,,,25.587500000000002,21.0,58.0,58.0
Quinnen Williams,,NYJ,1,3,2019,Alabama,2017,2018,29.0,,,,,,,,,,,,,,DL,Alabama,,,,,,,,,,,,,,,,10.0,56.0,35.0,91.0,26.0,0.3448275862068966,1.9310344827586208,1.206896551724138,3.1379310344827585,0.896551724137931,,,,,,,34.9,21.0,54.0,57.0
Clelin Ferrell,,RAI,1,4,2019,Clemson,2015,2018,45.0,,,,,,,,,,,,,,DE,Clemson,,,,,,,,,,,,,,,,27.0,84.0,81.0,165.0,50.0,0.6,1.8666666666666667,1.8,3.6666666666666665,1.1111111111111112,,,,,,,28.44583333333333,22.0,12.0,24.0
Devin White,,TAM,1,5,2019,LSU,2016,2018,38.0,,,,,,,,,,,,,,LB,LSU,,,,,,,,,,,,,,,,8.5,114.0,172.0,286.0,29.0,0.2236842105263158,3.0,4.526315789473684,7.526315789473684,0.7631578947368421,,,,,,,23.24705882352941,21.0,45.0,51.0
Daniel Jones,122.9,NYG,1,6,2019,Duke,2016,2018,36.0,764.0,1275.0,511.0,59.9,8201.0,52.0,29.0,4.1,2.3,6.4,6.22,10.7,227.8,QB,Duke,,,,,,,,,,,,,,,,,,,,,,,,,,,,,,,,1.4023529411764704,22.0,40.0,52.0
Josh Allen,,JAX,1,7,2019,Kentucky,2015,2018,51.0,,,,,,,,,,,,,,LB,Kentucky,,,,,,,,,,,,,,,,31.5,120.0,99.0,219.0,41.0,0.6176470588235294,2.3529411764705883,1.9411764705882353,4.294117647058823,0.803921568627451,,,,,,,-3.3159574468085107,22.0,45.0,45.0
T.J. Hockenson,,DET,1,8,2019,Iowa,2017,2018,26.0,,,,,,,,,,,,,,TE,Iowa,,,,,,,,,,,41.5,73.0,1080.0,14.8,9.0,,,,,,,,,,,,,,,,,12.3,22.0,16.0,33.0
Ed Oliver,,BUF,1,9,2019,Houston,2016,2018,33.0,,,,,,,,,,,,,,DT,Houston,,,,,,,,,,,,,,,,13.5,123.0,70.0,193.0,53.5,0.4090909090909091,3.727272727272727,2.121212121212121,5.848484848484849,1.621212121212121,,,,,,,6.288235294117648,21.0,43.0,43.0
Devin Bush,,PIT,1,10,2019,Michigan,2016,2018,38.0,,,,,,,,,,,,,,LB,Michigan,,,,,,,,,,,,,,,,10.0,83.0,108.0,191.0,19.0,0.2631578947368421,2.1842105263157894,2.8421052631578947,5.026315789473684,0.5,,,,,,,21.616,21.0,21.0,37.0
Rashan Gary,,GNB,1,12,2019,Michigan,2016,2018,35.0,,,,,,,,,,,,,,DE,Michigan,,,,,,,,,,,,,,,,10.5,55.0,81.0,136.0,24.5,0.3,1.5714285714285714,2.3142857142857145,3.8857142857142857,0.7,,,,,,,22.0,21.0,36.0,36.0
Christian Wilkins,,MIA,1,13,2019,Clemson,2015,2018,58.0,,,,,,,,,,,,,,DT,Clemson,,,,,,,,,,,,,,,,16.0,94.0,97.0,191.0,41.0,0.2758620689655172,1.6206896551724137,1.6724137931034482,3.293103448275862,0.7068965517241379,,,,,,,28.17659574468085,23.0,34.0,35.0
Chris Lindstrom,,ATL,1,14,2019,Boston College,2015,2018,37.0,,,,,,,,,,,,,,OL,Boston College,,,,,,,,,,,,,,,,,,,,,,,,,,,,,,,,3.5,22.0,49.0,49.0
Dwayne Haskins,174.0,WAS,1,15,2019,Ohio State,2017,2018,22.0,413.0,590.0,177.0,70.0,5396.0,54.0,9.0,9.2,1.5,9.1,10.29,13.1,245.3,QB,Ohio State,,,,,,,,,,,,,,,,,,,,,,,,,,,,,,,,26.85675675675676,22.0,4.0,4.0
Brian Burns,,CAR,1,16,2019,Florida State,2016,2018,38.0,,,,,,,,,,,,,,DE,Florida State,,,,,,,,,,,,,,,,24.0,72.0,52.0,124.0,39.5,0.631578947368421,1.894736842105263,1.368421052631579,3.263157894736842,1.0394736842105263,,,,,,,16.375,21.0,34.0,53.0
Dexter Lawrence,,NYG,1,17,2019,Clemson,2016,2018,40.0,,,,,,,,,,,,,,DT,Clemson,,,,,,,,,,,,,,,,11.0,53.0,81.0,134.0,20.0,0.275,1.325,2.025,3.35,0.5,,,,,,,28.665625,21.0,55.0,55.0
Garrett Bradbury,,MIN,1,18,2019,North Carolina State,2014,2014,2.0,,,,,,,,,,,,,,TE,North Carolina State,,,,,,,,,,,0.0,0.0,0.0,,0.0,,,,,,,,,,,,,,,,,9.4,24.0,32.0,41.0
Garrett Bradbury,,MIN,1,18,2019,North Carolina State,2015,2018,37.0,,,,,,,,,,,,,,G,North Carolina State,,,,,,,,,,,,,,,,,,,,,,,,,,,,,,,,9.4,24.0,32.0,41.0
Jeffery Simmons,,OTI,1,19,2019,Mississippi State,2016,2018,38.0,,,,,,,,,,,,,,DL,Mississippi State,,,,,,,,,,,,,,,,7.0,59.0,104.0,163.0,32.5,0.1842105263157894,1.5526315789473684,2.736842105263158,4.2894736842105265,0.8552631578947368,,,,,,,15.179310344827586,22.0,62.0,62.0
Noah Fant,,DEN,1,20,2019,Iowa,2016,2018,35.0,,,,,,,,,,,,,,TE,Iowa,,,,,,,,,,,30.9,78.0,1083.0,13.9,19.0,,,,,,,,,,,,,,,,,11.3,21.0,14.0,26.0
Darnell Savage Jr.,,GNB,1,21,2019,Maryland,2015,2018,46.0,,,,,,,,,,,,,,DB,Maryland,,,,,,,,,,,,,,,,,,,,,,,,,,8.0,153.0,2.0,14.0,0.1739130434782608,0.3043478260869565,-1.4414634146341463,22.0,21.0,24.0
Andre Dillard,,PHI,1,22,2019,Washington State,2015,2018,28.0,,,,,,,,,,,,,,OL,Washington State,,,,,,,,,,,,,,,,,,,,,,,,,,,,,,,,8.75,23.0,6.0,12.0
Joshua Jacobs,,RAI,1,24,2019,Alabama,2016,2018,42.0,,,,,,,,,,,,,,RB,Alabama,251.0,1491.0,5.9,16.0,48.0,571.0,11.9,5.0,35.5,13.6,,,,,,,,,,,,,,,,,,,,,,,21.0,38.0,57.0
Marquise Brown,,RAV,1,25,2019,Oklahoma,2017,2018,27.0,,,,,,,,,,,,,,WR,Oklahoma,,,,,,,,,,,89.4,132.0,2413.0,18.3,17.0,,,,,,,,,,,,,,,,,25.23913043478261,22.0,24.0,39.0
Montez Sweat,,WAS,1,26,2019,Mississippi State,2014,2018,30.0,,,,,,,,,,,,,,DE,Michigan StateMississippi State,,,,,,,,,,,,,,,,22.5,50.0,55.0,105.0,30.0,0.75,1.6666666666666667,1.8333333333333333,3.5,1.0,,,,,,,18.96470588235294,23.0,28.0,48.0
Johnathan Abram,,RAI,1,27,2019,Mississippi State,2015,2018,36.0,,,,,,,,,,,,,,S,GeorgiaMississippi State,,,,,,,,,,,,,,,,,,,,,,,,,,2.0,9.0,0.0,10.0,0.0555555555555555,0.2777777777777778,20.8,22.0,10.0,13.0
Jerry Tillery,,SDG,1,28,2019,Notre Dame,2015,2018,50.0,,,,,,,,,,,,,,DL,Notre Dame,,,,,,,,,,,,,,,,13.5,72.0,63.0,135.0,24.5,0.27,1.44,1.26,2.7,0.49,,,,,,,19.066666666666666,22.0,14.0,26.0
L.J. Collier,,SEA,1,29,2019,Texas Christian,2015,2018,42.0,,,,,,,,,,,,,,DE,Texas Christian,,,,,,,,,,,,,,,,14.5,44.0,38.0,82.0,20.5,0.3452380952380952,1.0476190476190477,0.9047619047619048,1.9523809523809523,0.4880952380952381,,,,,,,13.328,23.0,10.0,16.0
Deandre Baker,,NYG,1,30,2019,Georgia,2015,2018,51.0,,,,,,,,,,,,,,CB,Georgia,,,,,,,,,,,,,,,,,,,,,,,,,,1.0,-1.0,0.0,7.0,0.0196078431372549,0.1372549019607843,22.67948717948718,22.0,5.0,6.0
Kaleb McGary,,ATL,1,31,2019,Washington,2015,2016,27.0,,,,,,,,,,,,,,OL,Washington,,,,,,,,,,,,,,,,,,,,,,,,,,,,,,,,26.7,24.0,39.0,39.0
N'Keal Harry,,NWE,1,32,2019,Arizona State,2016,2018,37.0,,,,,,,,,,,,,,WR,Arizona State,,,,,,,,,,,78.1,213.0,2889.0,13.6,22.0,,,,,,,,,,,,,,,,,1.4102564102564104,21.0,6.0,7.0
Byron Murphy,,CRD,2,33,2019,Washington,2017,2018,20.0,,,,,,,,,,,,,,DB,Washington,,,,,,,,,,,,,,,,,,,,,,,,,,7.0,95.0,1.0,20.0,0.35,1.0,21.0,21.0,16.0,40.0
Rock Ya-Sin,,CLT,2,34,2019,Temple,2018,2018,12.0,,,,,,,,,,,,,,CB,Temple,,,,,,,,,,,,,,,,,,,,,,,,,,2.0,-1.0,0.0,12.0,0.1666666666666666,1.0,2.9,23.0,11.0,17.0
Jawaan Taylor,,JAX,2,35,2019,Florida,2016,2018,37.0,,,,,,,,,,,,,,OL,Florida,,,,,,,,,,,,,,,,,,,,,,,,,,,,,,,,23.0,21.0,25.0,42.0
Deebo Samuel,,SFO,2,36,2019,South Carolina,2015,2018,30.0,,,,,,,,,,,,,,WR,South Carolina,,,,,,,,,,,69.2,148.0,2076.0,14.0,16.0,,,,,,,,,,,,,,,,,4.5755319148936175,23.0,47.0,52.0
Sean Bunting,,TAM,2,39,2019,Central Michigan,2016,2018,38.0,,,,,,,,,,,,,,DB,Central Michigan,,,,,,,,,,,,,,,,,,,,,,,,,,9.0,35.0,0.0,15.0,0.2368421052631578,0.3947368421052631,-11.695652173913043,22.0,14.0,24.0
Trayvon Mullen,,RAI,2,40,2019,Clemson,2016,2018,41.0,,,,,,,,,,,,,,CB,Clemson,,,,,,,,,,,,,,,,,,,,,,,,,,4.0,46.0,0.0,7.0,0.0975609756097561,0.1707317073170731,28.426470588235293,21.0,11.0,11.0
Dalton Risner,,DEN,2,41,2019,Kansas State,2015,2016,26.0,,,,,,,,,,,,,,OL,Kansas State,,,,,,,,,,,,,,,,,,,,,,,,,,,,,,,,4.574999999999999,24.0,20.0,30.0
Drew Lock,138.8,DEN,2,42,2019,Missouri,2015,2018,50.0,883.0,1553.0,670.0,56.9,12193.0,99.0,39.0,6.4,2.5,7.9,8.0,13.8,243.9,QB,Missouri,,,,,,,,,,,,,,,,,,,,,,,,,,,,,,,,8.39342105263158,22.0,12.0,14.0
Jahlani Tavai,,DET,2,43,2019,Hawaii,2015,2018,47.0,,,,,,,,,,,,,,LB,Hawaii,,,,,,,,,,,,,,,,17.5,219.0,171.0,390.0,41.0,0.3723404255319149,4.659574468085107,3.638297872340426,8.297872340425531,0.8723404255319149,,,,,,,-13.913157894736843,22.0,7.0,34.0
Elgton Jenkins,,GNB,2,44,2019,Mississippi State,2015,2017,36.0,,,,,,,,,,,,,,OL,Mississippi State,,,,,,,,,,,,,,,,,,,,,,,,,,,,,,,,,23.0,48.0,48.0
Joejuan Williams,,NWE,2,45,2019,Vanderbilt,2016,2018,36.0,,,,,,,,,,,,,,CB,Vanderbilt,,,,,,,,,,,,,,,,,,,,,,,,,,4.0,8.0,0.0,26.0,0.1111111111111111,0.7222222222222222,3.1759999999999997,21.0,3.0,3.0
Greedy Williams,,CLE,2,46,2019,LSU,2017,2018,25.0,,,,,,,,,,,,,,CB,LSU,,,,,,,,,,,,,,,,,,,,,,,,,,8.0,52.0,0.0,20.0,0.32,0.8,,21.0,8.0,8.0
Marquise Blair,,SEA,2,47,2019,Utah,2017,2018,23.0,,,,,,,,,,,,,,DB,Utah,,,,,,,,,,,,,,,,,,,,,,,,,,2.0,5.0,0.0,4.0,0.0869565217391304,0.1739130434782608,14.514285714285714,22.0,2.0,2.0
Erik McCoy,,NOR,2,48,2019,Texas A&M,2015,2018,27.0,,,,,,,,,,,,,,OL,Texas A&M,,,,,,,,,,,,,,,,,,,,,,,,,,,,,,,,14.333333333333334,22.0,35.0,35.0
Ben Banogu,,CLT,2,49,2019,Texas Christian,2015,2018,40.0,,,,,,,,,,,,,,DL,Louisiana-MonroeTexas Christian,,,,,,,,,,,,,,,,22.0,96.0,55.0,151.0,49.0,0.55,2.4,1.375,3.775,1.225,,,,,,,11.841176470588234,23.0,4.0,4.0
Irv Smith Jr.,,MIN,2,50,2019,Alabama,2017,2018,29.0,,,,,,,,,,,,,,TE,Alabama,,,,,,,,,,,28.9,58.0,838.0,14.4,10.0,,,,,,,,,,,,,,,,,35.74,21.0,8.0,9.0
A.J. Brown,,OTI,2,51,2019,Ole Miss,2016,2018,36.0,,,,,,,,,,,,,,WR,Ole Miss,,,,,,,,,,,82.9,189.0,2984.0,15.8,19.0,,,,,,,,,,,,,,,,,11.485714285714286,22.0,25.0,73.0
Drew Sample,,CIN,2,52,2019,Washington,2015,2018,51.0,,,,,,,,,,,,,,TE,Washington,,,,,,,,,,,9.5,46.0,487.0,10.6,5.0,,,,,,,,,,,,,,,,,18.11875,23.0,7.0,7.0
Miles Sanders,,PHI,2,53,2019,Penn State,2016,2018,38.0,,,,,,,,,,,,,,RB,Penn State,276.0,1649.0,6.0,12.0,32.0,193.0,6.0,1.0,43.4,5.1,,,,,,,,,,,,,,,,,,,,,,21.571428571428573,22.0,29.0,34.0
Lonnie Johnson,,HTX,2,54,2019,Kentucky,2017,2018,26.0,,,,,,,,,,,,,,CB,Kentucky,,,,,,,,,,,,,,,,,,,,,,,,,,1.0,24.0,0.0,9.0,0.0384615384615384,0.3461538461538461,9.055555555555555,23.0,8.0,11.0
Max Scharping,,HTX,2,55,2019,Northern Illinois,2015,2017,27.0,,,,,,,,,,,,,,OL,Northern Illinois,,,,,,,,,,,,,,,,,,,,,,,,,,,,,,,,-1.4,23.0,16.0,18.0
Mecole Hardman,,KAN,2,56,2019,Georgia,2016,2016,11.0,,,,,,,,,,,,,,FB,Georgia,0.0,0.0,,0.0,0.0,0.0,,0.0,0.0,0.0,,,,,,,,,,,,,,,,,,,,,,26.383333333333333,21.0,23.0,23.0
Mecole Hardman,,KAN,2,56,2019,Georgia,2017,2018,29.0,,,,,,,,,,,,,,WR,Georgia,,,,,,,,,,,32.8,59.0,950.0,16.1,11.0,,,,,,,,,,,,,,,,,26.383333333333333,21.0,23.0,23.0
JJ Arcega-Whiteside,,PHI,2,57,2019,Stanford,2016,2018,36.0,,,,,,,,,,,,,,WR,Stanford,,,,,,,,,,,61.6,135.0,2219.0,16.4,28.0,,,,,,,,,,,,,,,,,15.527999999999999,22.0,2.0,2.0
Trysten Hill,,DAL,2,58,2019,UCF,2016,2018,38.0,,,,,,,,,,,,,,DL,UCF,,,,,,,,,,,,,,,,6.0,40.0,31.0,71.0,19.5,0.1578947368421052,1.0526315789473684,0.8157894736842105,1.868421052631579,0.5131578947368421,,,,,,,11.735483870967743,21.0,5.0,5.0
Parris Campbell,,CLT,2,59,2019,Ohio State,2015,2018,48.0,,,,,,,,,,,,,,WR,Ohio State,,,,,,,,,,,36.8,143.0,1768.0,12.4,15.0,,,,,,,,,,,,,,,,,26.171875,22.0,9.0,9.0
Taylor Rapp,,RAM,2,61,2019,Washington,2016,2018,40.0,,,,,,,,,,,,,,DB,Washington,,,,,,,,,,,,,,,,,,,,,,,,,,7.0,59.0,1.0,7.0,0.175,0.175,22.65,21.0,18.0,25.0
Andy Isabella,,CRD,2,62,2019,Massachusetts,2015,2015,9.0,,,,,,,,,,,,,,RB,Massachusetts,3.0,28.0,9.3,0.0,2.0,7.0,3.5,0.0,3.1,0.8,,,,,,,,,,,,,,,,,,,,,,-12.56590909090909,22.0,4.0,4.0
Andy Isabella,,CRD,2,62,2019,Massachusetts,2016,2018,36.0,,,,,,,,,,,,,,WR,Massachusetts,,,,,,,,,,,97.8,229.0,3519.0,15.4,30.0,,,,,,,,,,,,,,,,,-12.56590909090909,22.0,4.0,4.0
Juan Thornhill,,KAN,2,63,2019,Virginia,2015,2018,46.0,,,,,,,,,,,,,,S,Virginia,,,,,,,,,,,,,,,,,,,,,,,,,,13.0,177.0,0.0,26.0,0.2826086956521739,0.5652173913043478,1.3666666666666667,23.0,17.0,24.0
D.K. Metcalf,,SEA,2,64,2019,Ole Miss,2016,2018,21.0,,,,,,,,,,,,,,WR,Ole Miss,,,,,,,,,,,58.5,67.0,1228.0,18.3,14.0,,,,,,,,,,,,,,,,,11.266666666666667,21.0,50.0,57.0
Zach Allen,,CRD,3,65,2019,Boston College,2015,2018,50.0,,,,,,,,,,,,,,DE,Boston College,,,,,,,,,,,,,,,,18.5,93.0,106.0,199.0,40.5,0.37,1.86,2.12,3.98,0.81,,,,,,,2.6467532467532466,22.0,14.0,52.0
Diontae Johnson,,PIT,3,66,2019,Toledo,2015,2018,38.0,,,,,,,,,,,,,,WR,Toledo,,,,,,,,,,,59.9,137.0,2276.0,16.6,24.0,,,,,,,,,,,,,,,,,4.785714285714286,23.0,33.0,35.0
Jalen Hurd,,SFO,3,67,2019,Baylor,2014,2016,33.0,,,,,,,,,,,,,,RB,Tennessee,589.0,2638.0,4.5,20.0,67.0,492.0,7.3,6.0,79.9,14.9,,,,,,,,,,,,,,,,,,,,,,11.080645161290322,23.0,,
Jalen Hurd,,SFO,3,67,2019,Baylor,2018,2018,12.0,,,,,,,,,,,,,,WR,Baylor,,,,,,,,,,,78.8,69.0,946.0,13.7,4.0,,,,,,,,,,,,,,,,,11.080645161290322,23.0,,
Jachai Polite,,NYJ,3,68,2019,Florida,2016,2018,32.0,,,,,,,,,,,,,,DL,Florida,,,,,,,,,,,,,,,,15.0,44.0,34.0,78.0,26.5,0.46875,1.375,1.0625,2.4375,0.828125,,,,,,,16.166666666666668,22.0,,1.0
Josh Oliver,,JAX,3,69,2019,San Jose State,2015,2018,48.0,,,,,,,,,,,,,,TE,San Jose State,,,,,,,,,,,22.2,98.0,1067.0,10.9,7.0,,,,,,,,,,,,,,,,,-14.231818181818182,22.0,0.0,7.0
Darrell Henderson,,RAM,3,70,2019,Memphis,2016,2018,38.0,,,,,,,,,,,,,,RB,Memphis,431.0,3545.0,8.2,36.0,63.0,758.0,12.0,8.0,93.3,19.9,,,,,,,,,,,,,,,,,,,,,,8.255555555555555,22.0,15.0,15.0
Dre'Mont Jones,,DEN,3,71,2019,Ohio State,2016,2018,39.0,,,,,,,,,,,,,,DL,Ohio State,,,,,,,,,,,,,,,,9.5,58.0,57.0,115.0,22.0,0.2435897435897435,1.4871794871794872,1.4615384615384617,2.948717948717949,0.5641025641025641,,,,,,,25.375,22.0,16.0,33.0
Germaine Pratt,,CIN,3,72,2019,North Carolina State,2017,2018,24.0,,,,,,,,,,,,,,LB,North Carolina State,,,,,,,,,,,,,,,,6.0,88.0,85.0,173.0,16.0,0.25,3.6666666666666665,3.5416666666666665,7.208333333333333,0.6666666666666666,,,,,,,11.43939393939394,23.0,37.0,45.0
Germaine Pratt,,CIN,3,72,2019,North Carolina State,2014,2015,26.0,,,,,,,,,,,,,,S,North Carolina State,,,,,,,,,,,,,,,,,,,,,,,,,,1.0,4.0,0.0,4.0,0.0384615384615384,0.1538461538461538,11.43939393939394,23.0,37.0,45.0
David Montgomery,,CHI,3,73,2019,Iowa State,2016,2018,37.0,,,,,,,,,,,,,,RB,Iowa State,624.0,2925.0,4.7,26.0,71.0,582.0,8.2,0.0,79.1,15.7,,,,,,,,,,,,,,,,,,,,,,5.691304347826088,22.0,26.0,49.0
Devin Singletary,,BUF,3,74,2019,Florida Atlantic,2016,2018,38.0,,,,,,,,,,,,,,RB,Florida Atlantic,714.0,4289.0,6.0,66.0,51.0,397.0,7.8,1.0,112.9,10.4,,,,,,,,,,,,,,,,,,,,,,-3.4454545454545453,22.0,28.0,39.0
Jace Sternberger,,GNB,3,75,2019,Texas A&M,2016,2018,23.0,,,,,,,,,,,,,,TE,KansasTexas A&M,,,,,,,,,,,36.4,49.0,837.0,17.1,10.0,,,,,,,,,,,,,,,,,1.145454545454546,23.0,1.0,1.0
Terry McLaurin,,WAS,3,76,2019,Ohio State,2015,2018,53.0,,,,,,,,,,,,,,WR,Ohio State,,,,,,,,,,,23.6,75.0,1251.0,16.7,19.0,,,,,,,,,,,,,,,,,26.8625,23.0,51.0,51.0
Chase Winovich,,NWE,3,77,2019,Michigan,2015,2015,5.0,,,,,,,,,,,,,,TE,Michigan,,,,,,,,,,,0.0,0.0,0.0,,0.0,,,,,,,,,,,,,,,,,21.73333333333333,24.0,10.0,11.0
Chase Winovich,,NWE,3,77,2019,Michigan,2016,2018,39.0,,,,,,,,,,,,,,DE,Michigan,,,,,,,,,,,,,,,,18.0,70.0,112.0,182.0,44.5,0.4615384615384615,1.794871794871795,2.871794871794872,4.666666666666667,1.141025641025641,,,,,,,21.73333333333333,24.0,10.0,11.0
Michael Deiter,,MIA,3,78,2019,Wisconsin,2015,2018,40.0,,,,,,,,,,,,,,OL,Wisconsin,,,,,,,,,,,,,,,,,,,,,,,,,,,,,,,,20.208333333333332,23.0,10.0,16.0
David Long,,RAM,3,79,2019,Michigan,2017,2018,26.0,,,,,,,,,,,,,,DB,Michigan,,,,,,,,,,,,,,,,,,,,,,,,,,3.0,120.0,0.0,14.0,0.1153846153846153,0.5384615384615384,20.8,21.0,6.0,7.0
Sione Takitaki,,CLE,3,80,2019,BYU,2014,2018,43.0,,,,,,,,,,,,,,LB,BYU,,,,,,,,,,,,,,,,14.5,143.0,94.0,237.0,32.5,0.3372093023255814,3.3255813953488373,2.186046511627907,5.511627906976744,0.7558139534883721,,,,,,,-0.6000000000000002,24.0,18.0,19.0
William Harris,,DET,3,81,2019,Boston College,2015,2018,50.0,,,,,,,,,,,,,,DB,Boston College,,,,,,,,,,,,,,,,,,,,,,,,,,5.0,65.0,0.0,7.0,0.1,0.14,,23.0,11.0,18.0
Nate Davis,,OTI,3,82,2019,Charlotte,2015,2017,24.0,,,,,,,,,,,,,,OL,Charlotte,,,,,,,,,,,,,,,,,,,,,,,,,,,,,,,,-26.1,22.0,22.0,27.0
Justin Layne,,PIT,3,83,2019,Michigan State,2016,2016,9.0,,,,,,,,,,,,,,WR,Michigan State,,,,,,,,,,,0.0,0.0,0.0,,0.0,,,,,,,,,,,,,,,,,10.978947368421052,21.0,3.0,3.0
Justin Layne,,PIT,3,83,2019,Michigan State,2017,2018,25.0,,,,,,,,,,,,,,CB,Michigan State,,,,,,,,,,,,,,,,,,,,,,,,,,2.0,6.0,0.0,23.0,0.08,0.92,10.978947368421052,21.0,3.0,3.0
Jaylon Ferguson,,RAV,3,85,2019,Louisiana Tech,2015,2018,51.0,,,,,,,,,,,,,,DE,Louisiana Tech,,,,,,,,,,,,,,,,45.0,111.0,76.0,187.0,66.5,0.8823529411764706,2.176470588235294,1.4901960784313726,3.6666666666666665,1.303921568627451,,,,,,,-3.1,23.0,8.0,8.0
Kahale Warring,,HTX,3,86,2019,San Diego State,2016,2018,29.0,,,,,,,,,,,,,,TE,San Diego State,,,,,,,,,,,22.0,51.0,637.0,12.5,8.0,,,,,,,,,,,,,,,,,6.310344827586207,22.0,0.0,0.0
Damien Harris,,NWE,3,87,2019,Alabama,2015,2018,56.0,,,,,,,,,,,,,,RB,Alabama,441.0,2779.0,6.3,21.0,52.0,407.0,7.8,2.0,49.6,7.3,,,,,,,,,,,,,,,,,,,,,,32.24166666666667,22.0,15.0,16.0
Cody Barton,,SEA,3,88,2019,Utah,2015,2018,50.0,,,,,,,,,,,,,,LB,Utah,,,,,,,,,,,,,,,,9.0,131.0,103.0,234.0,23.5,0.18,2.62,2.06,4.68,0.47,,,,,,,13.366666666666667,22.0,9.0,28.0
Bobby Okereke,,CLT,3,89,2019,Stanford,2015,2018,50.0,,,,,,,,,,,,,,LB,Stanford,,,,,,,,,,,,,,,,10.5,114.0,126.0,240.0,19.0,0.21,2.28,2.52,4.8,0.38,,,,,,,14.950000000000001,23.0,21.0,39.0
Connor McGovern,,DAL,3,90,2019,Penn State,2018,2018,13.0,,,,,,,,,,,,,,OL,Penn State,,,,,,,,,,,,,,,,,,,,,,,,,,,,,,,,19.0,21.0,11.0,37.0
Chuma Edoga,,NYJ,3,92,2019,USC,2015,2015,13.0,,,,,,,,,,,,,,T,USC,,,,,,,,,,,,,,,,,,,,,,,,,,,,,,,,,22.0,5.0,12.0
Miles Boykin,,RAV,3,93,2019,Notre Dame,2016,2018,36.0,,,,,,,,,,,,,,WR,Notre Dame,,,,,,,,,,,33.5,77.0,1206.0,15.7,11.0,,,,,,,,,,,,,,,,,18.745454545454546,22.0,6.0,6.0
Jamel Dean,,TAM,3,94,2019,Auburn,2017,2018,26.0,,,,,,,,,,,,,,DB,Auburn,,,,,,,,,,,,,,,,,,,,,,,,,,2.0,0.0,0.0,17.0,0.0769230769230769,0.6538461538461539,23.96666666666667,22.0,27.0,27.0
Oshane Ximines,,NYG,3,95,2019,Old Dominion,2014,2018,50.0,,,,,,,,,,,,,,DE,Old Dominion,,,,,,,,,,,,,,,,33.0,93.0,83.0,176.0,51.5,0.66,1.86,1.66,3.52,1.03,,,,,,,-10.612121212121211,22.0,8.0,8.0
Dawson Knox,,BUF,3,96,2019,Ole Miss,2016,2018,27.0,,,,,,,,,,,,,,TE,Ole Miss,,,,,,,,,,,22.4,39.0,605.0,15.5,0.0,,,,,,,,,,,,,,,,,11.007407407407406,22.0,25.0,25.0
Bobby Evans,,RAM,3,97,2019,Oklahoma,2015,2018,15.0,,,,,,,,,,,,,,OL,Oklahoma,,,,,,,,,,,,,,,,,,,,,,,,,,,,,,,,24.9,22.0,7.0,7.0
Mike Edwards,,TAM,3,99,2019,Kentucky,2015,2018,51.0,,,,,,,,,,,,,,S,Kentucky,,,,,,,,,,,,,,,,,,,,,,,,,,10.0,146.0,2.0,23.0,0.196078431372549,0.4509803921568627,-3.5463157894736845,23.0,14.0,16.0
Will Grier,165.1,CAR,3,100,2019,West Virginia,2015,2018,28.0,622.0,946.0,324.0,65.8,8558.0,81.0,23.0,8.6,2.4,9.0,9.66,13.8,305.6,QB,FloridaWest Virginia,,,,,,,,,,,,,,,,,,,,,,,,,,,,,,,,10.42909090909091,24.0,1.0,1.0
Yodny Cajuste,,NWE,3,101,2019,West Virginia,2015,2018,18.0,,,,,,,,,,,,,,OL,West Virginia,,,,,,,,,,,,,,,,,,,,,,,,,,,,,,,,13.2,23.0,4.0,4.0
Alexander Mattison,,MIN,3,102,2019,Boise State,2016,2018,40.0,,,,,,,,,,,,,,RB,Boise State,581.0,2829.0,4.9,33.0,60.0,511.0,8.5,1.0,70.7,12.8,,,,,,,,,,,,,,,,,,,,,,11.196153846153845,21.0,18.0,21.0
Hakeem Butler,,CRD,4,103,2019,Iowa State,2016,2018,37.0,,,,,,,,,,,,,,WR,Iowa State,,,,,,,,,,,58.1,110.0,2149.0,19.5,18.0,,,,,,,,,,,,,,,,,6.7,23.0,,0.0
Ryan Finley,138.4,CIN,4,104,2019,North Carolina State,2014,2018,47.0,939.0,1462.0,523.0,64.2,11147.0,63.0,30.0,4.3,2.1,7.6,7.56,11.9,237.2,QB,Boise StateNorth Carolina State,,,,,,,,,,,,,,,,,,,,,,,,,,,,,,,,11.091891891891892,24.0,2.0,2.0
Chauncey Gardner,,NOR,4,105,2019,Florida,2016,2018,37.0,,,,,,,,,,,,,,DB,Florida,,,,,,,,,,,,,,,,,,,,,,,,,,9.0,301.0,3.0,12.0,0.2432432432432432,0.3243243243243243,,21.0,10.0,27.0
Maxx Crosby,,RAI,4,106,2019,Eastern Michigan,2016,2018,37.0,,,,,,,,,,,,,,DL,Eastern Michigan,,,,,,,,,,,,,,,,20.0,73.0,89.0,162.0,41.0,0.5405405405405406,1.972972972972973,2.4054054054054053,4.378378378378378,1.108108108108108,,,,,,,-5.064516129032258,22.0,61.0,61.0
Anthony Nelson,,TAM,4,107,2019,Iowa,2016,2018,39.0,,,,,,,,,,,,,,DE,Iowa,,,,,,,,,,,,,,,,23.0,59.0,60.0,119.0,31.0,0.5897435897435898,1.5128205128205128,1.5384615384615383,3.051282051282051,0.7948717948717948,,,,,,,11.404166666666669,22.0,17.0,17.0
Julian Love,,NYG,4,108,2019,Notre Dame,2016,2018,38.0,,,,,,,,,,,,,,CB,Notre Dame,,,,,,,,,,,,,,,,,,,,,,,,,,5.0,159.0,2.0,39.0,0.131578947368421,1.0263157894736843,18.933333333333334,21.0,12.0,27.0
Khari Willis,,CLT,4,109,2019,Michigan State,2015,2018,45.0,,,,,,,,,,,,,,S,Michigan State,,,,,,,,,,,,,,,,,,,,,,,,,,4.0,50.0,0.0,16.0,0.0888888888888888,0.3555555555555555,11.382758620689655,23.0,12.0,12.0
Kendall Sheffield,,ATL,4,111,2019,Ohio State,2017,2018,28.0,,,,,,,,,,,,,,CB,Ohio State,,,,,,,,,,,,,,,,,,,,,,,,,,2.0,0.0,0.0,17.0,0.0714285714285714,0.6071428571428571,27.33809523809524,23.0,6.0,6.0
Bryce Love,,WAS,4,112,2019,Stanford,2015,2018,49.0,,,,,,,,,,,,,,RB,Stanford,569.0,3866.0,6.8,30.0,49.0,465.0,9.5,2.0,78.9,9.5,,,,,,,,,,,,,,,,,,,,,,16.842622950819674,22.0,,
Justice Hill,,RAV,4,113,2019,Oklahoma State,2016,2018,36.0,,,,,,,,,,,,,,RB,Oklahoma State,632.0,3539.0,5.6,30.0,49.0,304.0,6.2,1.0,98.3,8.4,,,,,,,,,,,,,,,,,,,,,,16.188372093023258,21.0,17.0,17.0
Dru Samia,,MIN,4,114,2019,Oklahoma,2015,2015,12.0,,,,,,,,,,,,,,OL,Oklahoma,,,,,,,,,,,,,,,,,,,,,,,,,,,,,,,,,22.0,2.0,2.0
Christian Miller,,CAR,4,115,2019,Alabama,2015,2018,45.0,,,,,,,,,,,,,,LB,Alabama,,,,,,,,,,,,,,,,11.5,25.0,33.0,58.0,16.0,0.2555555555555555,0.5555555555555556,0.7333333333333333,1.288888888888889,0.3555555555555555,,,,,,,34.141666666666666,23.0,1.0,1.0
Amani Hooker,,OTI,4,116,2019,Iowa,2016,2018,37.0,,,,,,,,,,,,,,DB,Iowa,,,,,,,,,,,,,,,,,,,,,,,,,,6.0,90.0,1.0,9.0,0.1621621621621621,0.2432432432432432,11.325641025641026,21.0,24.0,24.0
Austin Bryant,,DET,4,117,2019,Clemson,2015,2018,50.0,,,,,,,,,,,,,,DE,Clemson,,,,,,,,,,,,,,,,20.0,69.0,60.0,129.0,36.0,0.4,1.38,1.2,2.58,0.72,,,,,,,27.967999999999996,22.0,5.0,5.0
Hjalte Froholdt,,NWE,4,118,2019,Arkansas,2017,2017,12.0,,,,,,,,,,,,,,OL,Arkansas,,,,,,,,,,,,,,,,,,,,,,,,,,,,,,,,2.1,23.0,0.0,24.0
Hjalte Froholdt,,NWE,4,118,2019,Arkansas,2015,2015,10.0,,,,,,,,,,,,,,DL,Arkansas,,,,,,,,,,,,,,,,0.0,1.0,2.0,3.0,0.0,0.0,0.1,0.2,0.3,0.0,,,,,,,2.1,23.0,0.0,24.0
Sheldrick Redwine,,CLE,4,119,2019,Miami (FL),2015,2018,49.0,,,,,,,,,,,,,,DB,Miami (FL),,,,,,,,,,,,,,,,,,,,,,,,,,5.0,76.0,0.0,10.0,0.1020408163265306,0.2040816326530612,15.60625,22.0,4.0,4.0
Gary Jennings,,SEA,4,120,2019,West Virginia,2015,2018,50.0,,,,,,,,,,,,,,WR,West Virginia,,,,,,,,,,,45.9,168.0,2294.0,13.7,17.0,,,,,,,,,,,,,,,,,10.433333333333334,22.0,,0.0
Trevon Wesco,,NYJ,4,121,2019,West Virginia,2016,2018,34.0,,,,,,,,,,,,,,TE,West Virginia,,,,,,,,,,,11.0,28.0,373.0,13.3,2.0,,,,,,,,,,,,,,,,,11.44074074074074,23.0,0.0,0.0
Benjamin Snell Jr.,,PIT,4,122,2019,Kentucky,2016,2018,39.0,,,,,,,,,,,,,,RB,Kentucky,737.0,3873.0,5.3,48.0,29.0,216.0,7.4,0.0,99.3,5.5,,,,,,,,,,,,,,,,,,,,,,,21.0,8.0,8.0
Ben Powers,,RAV,4,123,2019,Oklahoma,2016,2018,38.0,,,,,,,,,,,,,,OL,Oklahoma,,,,,,,,,,,,,,,,,,,,,,,,,,,,,,,,25.5,22.0,14.0,27.0
Phil Haynes,,SEA,4,124,2019,Wake Forest,2015,2018,38.0,,,,,,,,,,,,,,OL,Wake Forest,,,,,,,,,,,,,,,,,,,,,,,,,,,,,,,,1.5,23.0,6.0,6.0
Renell Wren,,CIN,4,125,2019,Arizona State,2015,2018,42.0,,,,,,,,,,,,,,DL,Arizona State,,,,,,,,,,,,,,,,3.0,51.0,30.0,81.0,14.5,0.0714285714285714,1.2142857142857142,0.7142857142857143,1.9285714285714288,0.3452380952380952,,,,,,,1.0,23.0,2.0,2.0
Riley Ridley,,CHI,4,126,2019,Georgia,2016,2018,39.0,,,,,,,,,,,,,,WR,Georgia,,,,,,,,,,,26.3,70.0,1026.0,14.7,13.0,,,,,,,,,,,,,,,,,22.23125,23.0,1.0,1.0
Iman Marshall,,RAV,4,127,2019,USC,2015,2018,50.0,,,,,,,,,,,,,,CB,USC,,,,,,,,,,,,,,,,,,,,,,,,,,6.0,27.0,0.0,36.0,0.12,0.72,17.93103448275862,22.0,0.0,0.0
Tony Pollard,,DAL,4,128,2019,Memphis,2017,2017,13.0,,,,,,,,,,,,,,RB,Memphis,30.0,230.0,7.7,2.0,36.0,536.0,14.9,4.0,17.7,41.2,,,,,,,,,,,,,,,,,,,,,,8.151898734177216,22.0,34.0,45.0
Tony Pollard,,DAL,4,128,2019,Memphis,2016,2018,27.0,,,,,,,,,,,,,,WR,Memphis,,,,,,,,,,,28.0,68.0,756.0,11.1,5.0,,,,,,,,,,,,,,,,,8.151898734177216,22.0,34.0,45.0
Isaiah Johnson,,RAI,4,129,2019,Houston,2015,2016,22.0,,,,,,,,,,,,,,WR,Houston,,,,,,,,,,,9.5,21.0,208.0,9.9,0.0,,,,,,,,,,,,,,,,,0.26060606060606045,23.0,1.0,1.0
Isaiah Johnson,,RAI,4,129,2019,Houston,2017,2018,23.0,,,,,,,,,,,,,,CB,Houston,,,,,,,,,,,,,,,,,,,,,,,,,,4.0,94.0,0.0,14.0,0.1739130434782608,0.6086956521739131,0.26060606060606045,23.0,1.0,1.0
Drue Tranquill,,SDG,4,130,2019,Notre Dame,2017,2018,26.0,,,,,,,,,,,,,,LB,Notre Dame,,,,,,,,,,,,,,,,5.0,107.0,64.0,171.0,19.5,0.1923076923076923,4.115384615384615,2.4615384615384617,6.576923076923077,0.75,,,,,,,18.581818181818182,24.0,13.0,32.0
Drue Tranquill,,SDG,4,130,2019,Notre Dame,2014,2016,25.0,,,,,,,,,,,,,,S,Notre Dame,,,,,,,,,,,,,,,,,,,,,,,,,,2.0,-2.0,0.0,4.0,0.08,0.16,18.581818181818182,24.0,13.0,32.0
Wes Martin,,WAS,4,131,2019,Indiana,2015,2017,25.0,,,,,,,,,,,,,,OL,Indiana,,,,,,,,,,,,,,,,,,,,,,,,,,,,,,,,10.2,23.0,4.0,5.0
Ugo Amadi,,SEA,4,132,2019,Oregon,2015,2018,51.0,,,,,,,,,,,,,,CB,Oregon,,,,,,,,,,,,,,,,,,,,,,,,,,8.0,122.0,2.0,25.0,0.1568627450980392,0.4901960784313725,,22.0,6.0,8.0
Jarrett Stidham,151.4,NWE,4,133,2019,Auburn,2015,2018,37.0,545.0,848.0,303.0,64.3,7217.0,48.0,13.0,5.7,1.5,8.5,8.95,13.2,195.1,QB,AuburnBaylor,,,,,,,,,,,,,,,,,,,,,,,,,,,,,,,,22.40625,23.0,1.0,6.0
Greg Gaines,,RAM,4,134,2019,Washington,2015,2018,54.0,,,,,,,,,,,,,,DL,Washington,,,,,,,,,,,,,,,,8.5,74.0,74.0,148.0,20.5,0.1574074074074074,1.3703703703703705,1.3703703703703705,2.740740740740741,0.3796296296296296,,,,,,,22.385714285714283,23.0,13.0,19.0
Foster Moreau,,RAI,4,137,2019,LSU,2015,2018,49.0,,,,,,,,,,,,,,TE,LSU,,,,,,,,,,,12.8,52.0,629.0,12.1,6.0,,,,,,,,,,,,,,,,,23.05135135135135,22.0,8.0,13.0
Shareef Miller,,PHI,4,138,2019,Penn State,2016,2018,40.0,,,,,,,,,,,,,,DE,Penn State,,,,,,,,,,,,,,,,14.5,58.0,42.0,100.0,31.5,0.3625,1.45,1.05,2.5,0.7875,,,,,,,21.59259259259259,22.0,0.0,0.0
Deionte Thompson,,CRD,5,139,2019,Alabama,2016,2018,43.0,,,,,,,,,,,,,,DB,Alabama,,,,,,,,,,,,,,,,,,,,,,,,,,3.0,86.0,0.0,7.0,0.0697674418604651,0.1627906976744186,34.33125,22.0,4.0,4.0
Ryquell Armstead,,JAX,5,140,2019,Temple,2015,2018,48.0,,,,,,,,,,,,,,RB,Temple,573.0,2812.0,4.9,34.0,29.0,175.0,6.0,0.0,58.6,3.6,,,,,,,,,,,,,,,,,,,,,,5.48923076923077,22.0,2.0,2.0
Zach Gentry,,PIT,5,141,2019,Michigan,2017,2018,26.0,,,,,,,,,,,,,,TE,Michigan,,,,,,,,,,,31.4,49.0,817.0,16.7,4.0,,,,,,,,,,,,,,,,,20.30588235294118,22.0,2.0,2.0
Ben Burr-Kirven,,SEA,5,142,2019,Washington,2015,2018,53.0,,,,,,,,,,,,,,LB,Washington,,,,,,,,,,,,,,,,4.0,190.0,148.0,338.0,11.5,0.0754716981132075,3.5849056603773586,2.792452830188679,6.377358490566038,0.2169811320754717,,,,,,,22.31463414634146,21.0,2.0,2.0
Ryan Connelly,,NYG,5,143,2019,Wisconsin,2015,2018,52.0,,,,,,,,,,,,,,LB,Wisconsin,,,,,,,,,,,,,,,,6.0,157.0,94.0,251.0,29.0,0.1153846153846153,3.019230769230769,1.8076923076923077,4.826923076923077,0.5576923076923077,,,,,,,20.26,23.0,2.0,4.0
Marvell Tell III,,CLT,5,144,2019,USC,2015,2018,47.0,,,,,,,,,,,,,,S,USC,,,,,,,,,,,,,,,,,,,,,,,,,,5.0,60.0,1.0,13.0,0.1063829787234042,0.2765957446808511,17.13611111111111,23.0,1.0,1.0
Amani Oruwariye,,DET,5,146,2019,Penn State,2015,2018,48.0,,,,,,,,,,,,,,CB,Penn State,,,,,,,,,,,,,,,,,,,,,,,,,,8.0,45.0,1.0,22.0,0.1666666666666666,0.4583333333333333,20.878048780487806,23.0,11.0,12.0
Vosean Joseph,,BUF,5,147,2019,Florida,2016,2018,37.0,,,,,,,,,,,,,,LB,Florida,,,,,,,,,,,,,,,,4.0,69.0,92.0,161.0,14.0,0.1081081081081081,1.864864864864865,2.4864864864864864,4.351351351351352,0.3783783783783784,,,,,,,15.970967741935485,21.0,,
Dre Greenlaw,,SFO,5,148,2019,Arkansas,2015,2018,41.0,,,,,,,,,,,,,,LB,Arkansas,,,,,,,,,,,,,,,,4.0,158.0,162.0,320.0,13.0,0.0975609756097561,3.8536585365853657,3.951219512195122,7.804878048780488,0.3170731707317073,,,,,,,5.2700000000000005,22.0,28.0,31.0
Hunter Renfrow,,RAI,5,149,2019,Clemson,2015,2018,55.0,,,,,,,,,,,,,,WR,Clemson,,,,,,,,,,,38.8,186.0,2133.0,11.5,15.0,,,,,,,,,,,,,,,,,27.65373134328358,23.0,21.0,22.0
Kingsley Keke,,GNB,5,150,2019,Texas A&M,2015,2018,52.0,,,,,,,,,,,,,,DL,Texas A&M,,,,,,,,,,,,,,,,12.0,57.0,93.0,150.0,21.0,0.2307692307692307,1.0961538461538465,1.7884615384615383,2.8846153846153846,0.4038461538461538,,,,,,,14.592592592592593,22.0,9.0,9.0
Andrew Van Ginkel,,MIA,5,151,2019,Wisconsin,2017,2018,27.0,,,,,,,,,,,,,,LB,Wisconsin,,,,,,,,,,,,,,,,12.0,64.0,35.0,99.0,19.5,0.4444444444444444,2.3703703703703702,1.2962962962962965,3.6666666666666665,0.7222222222222222,,,,,,,23.975,24.0,23.0,45.0
Qadree Ollison,,ATL,5,152,2019,Pitt,2015,2018,52.0,,,,,,,,,,,,,,RB,Pitt,529.0,2859.0,5.4,29.0,50.0,375.0,7.5,3.0,55.0,7.2,,,,,,,,,,,,,,,,,,,,,,7.360294117647059,22.0,1.0,1.0
Ross Pierschbacher,,WAS,5,153,2019,Alabama,2015,2018,30.0,,,,,,,,,,,,,,OL,Alabama,,,,,,,,,,,,,,,,,,,,,,,,,,,,,,,,36.3,24.0,0.0,0.0
Jordan Scarlett,,CAR,5,154,2019,Florida,2015,2018,35.0,,,,,,,,,,,,,,RB,Florida,344.0,1846.0,5.4,12.0,15.0,108.0,7.2,0.0,52.7,3.1,,,,,,,,,,,,,,,,,,,,,,17.325581395348838,23.0,0.0,0.0
Mack Wilson,,CLE,5,155,2019,Alabama,2016,2018,42.0,,,,,,,,,,,,,,LB,Alabama,,,,,,,,,,,,,,,,1.0,62.0,57.0,119.0,7.5,0.0238095238095238,1.4761904761904765,1.3571428571428572,2.8333333333333335,0.1785714285714285,,,,,,,33.6027027027027,21.0,12.0,25.0
Justin Hollins,,DEN,5,156,2019,Oregon,2014,2018,52.0,,,,,,,,,,,,,,LB,Oregon,,,,,,,,,,,,,,,,13.0,98.0,86.0,184.0,36.5,0.25,1.8846153846153848,1.6538461538461535,3.5384615384615383,0.7019230769230769,,,,,,,7.522857142857143,23.0,1.0,8.0
Blake Cashman,,NYJ,5,157,2019,Minnesota,2016,2018,37.0,,,,,,,,,,,,,,LB,Minnesota,,,,,,,,,,,,,,,,12.0,113.0,66.0,179.0,30.5,0.3243243243243243,3.054054054054054,1.7837837837837838,4.837837837837838,0.8243243243243243,,,,,,,6.416666666666667,23.0,3.0,25.0
Blake Cashman,,NYJ,5,157,2019,Minnesota,2015,2015,11.0,,,,,,,,,,,,,,DB,Minnesota,,,,,,,,,,,,,,,,,,,,,,,,,,0.0,0.0,0.0,,0.0,,6.416666666666667,23.0,3.0,25.0
Michael Jackson,,DAL,5,158,2019,Miami (FL),2015,2018,51.0,,,,,,,,,,,,,,DB,Miami (FL),,,,,,,,,,,,,,,,,,,,,,,,,,4.0,0.0,0.0,12.0,0.0784313725490196,0.2352941176470588,16.725806451612904,22.0,,18.0
Byron Cowart,,NWE,5,159,2019,Maryland,2015,2018,38.0,,,,,,,,,,,,,,DE,AuburnMaryland,,,,,,,,,,,,,,,,3.0,24.0,28.0,52.0,6.5,0.0789473684210526,0.631578947368421,0.7368421052631579,1.368421052631579,0.1710526315789473,,,,,,,11.5,23.0,9.0,14.0
Daylon Mack,,RAV,5,160,2019,Texas A&M,2015,2018,52.0,,,,,,,,,,,,,,DL,Texas A&M,,,,,,,,,,,,,,,,8.0,52.0,56.0,108.0,27.0,0.1538461538461538,1.0,1.0769230769230769,2.076923076923077,0.5192307692307693,,,,,,,14.333333333333334,22.0,0.0,0.0
Charles Omenihu,,HTX,5,161,2019,Texas,2015,2018,50.0,,,,,,,,,,,,,,DE,Texas,,,,,,,,,,,,,,,,17.0,84.0,33.0,117.0,30.5,0.34,1.68,0.66,2.34,0.61,,,,,,,10.891666666666666,22.0,5.0,12.0
Cameron Smith,,MIN,5,162,2019,USC,2015,2018,47.0,,,,,,,,,,,,,,LB,USC,,,,,,,,,,,,,,,,3.5,211.0,143.0,354.0,26.5,0.0744680851063829,4.48936170212766,3.0425531914893615,7.531914893617022,0.5638297872340425,,,,,,,13.485999999999999,22.0,0.0,0.0
Joe Jackson,,DAL,5,165,2019,Miami (FL),2016,2018,39.0,,,,,,,,,,,,,,DL,Miami (FL),,,,,,,,,,,,,,,,24.0,71.0,67.0,138.0,37.5,0.6153846153846154,1.8205128205128205,1.7179487179487178,3.5384615384615383,0.9615384615384616,,,,,,,15.982142857142858,22.0,0.0,1.0
Clayton Thorson,118.1,PHI,5,167,2019,Northwestern,2015,2018,53.0,991.0,1696.0,705.0,58.4,10731.0,61.0,45.0,3.6,2.7,6.3,5.85,10.8,202.5,QB,Northwestern,,,,,,,,,,,,,,,,,,,,,,,,,,,,,,,,4.225675675675675,24.0,,
D'Andre Walker,,OTI,5,168,2019,Georgia,2015,2018,54.0,,,,,,,,,,,,,,LB,Georgia,,,,,,,,,,,,,,,,13.5,65.0,48.0,113.0,27.5,0.25,1.2037037037037035,0.8888888888888888,2.092592592592593,0.5092592592592593,,,,,,,23.485294117647058,22.0,,0.0
David Edwards,,RAM,5,169,2019,Wisconsin,2016,2018,23.0,,,,,,,,,,,,,,OL,Wisconsin,,,,,,,,,,,,,,,,,,,,,,,,,,,,,,,,15.5,22.0,21.0,36.0
Darius Slayton,,NYG,5,171,2019,Auburn,2016,2018,38.0,,,,,,,,,,,,,,WR,Auburn,,,,,,,,,,,42.2,79.0,1605.0,20.3,11.0,,,,,,,,,,,,,,,,,22.342307692307692,22.0,32.0,32.0
Jordan Miller,,ATL,5,172,2019,Washington,2015,2018,46.0,,,,,,,,,,,,,,DB,Washington,,,,,,,,,,,,,,,,,,,,,,,,,,6.0,57.0,0.0,12.0,0.1304347826086956,0.2608695652173913,19.1,22.0,1.0,1.0
Cole Holcomb,,WAS,5,173,2019,North Carolina,2015,2018,49.0,,,,,,,,,,,,,,LB,North Carolina,,,,,,,,,,,,,,,,2.5,171.0,157.0,328.0,15.5,0.0510204081632653,3.489795918367347,3.204081632653061,6.6938775510204085,0.3163265306122449,,,,,,,5.7,23.0,22.0,26.0
KeeSean Johnson,,CRD,6,174,2019,Fresno State,2015,2018,52.0,,,,,,,,,,,,,,WR,Fresno State,,,,,,,,,,,66.6,275.0,3463.0,12.6,24.0,,,,,,,,,,,,,,,,,-4.847368421052631,22.0,4.0,4.0
Sutton Smith,,PIT,6,175,2019,Northern Illinois,2016,2018,39.0,,,,,,,,,,,,,,LB,Northern Illinois,,,,,,,,,,,,,,,,30.0,92.0,47.0,139.0,58.0,0.7692307692307693,2.358974358974359,1.205128205128205,3.5641025641025643,1.4871794871794872,,,,,,,-2.356818181818182,23.0,,0.0
Kaden Smith,,SFO,6,176,2019,Stanford,2017,2018,24.0,,,,,,,,,,,,,,TE,Stanford,,,,,,,,,,,43.7,70.0,1049.0,15.0,7.0,,,,,,,,,,,,,,,,,14.75,22.0,,3.0
Saquan Hampton,,NOR,6,177,2019,Rutgers,2015,2018,39.0,,,,,,,,,,,,,,DB,Rutgers,,,,,,,,,,,,,,,,,,,,,,,,,,5.0,33.0,0.0,19.0,0.1282051282051282,0.4871794871794871,-10.86279069767442,23.0,0.0,0.0
Gardner Minshew,138.7,JAX,6,178,2019,Washington State,2016,2018,30.0,761.0,1168.0,407.0,65.2,8266.0,62.0,20.0,5.3,1.7,7.1,7.37,10.9,275.5,QB,East CarolinaWashington State,,,,,,,,,,,,,,,,,,,,,,,,,,,,,,,,-4.586538461538462,23.0,16.0,32.0
Lamont Gaillard,,CRD,6,179,2019,Georgia,2015,2016,15.0,,,,,,,,,,,,,,G,Georgia,,,,,,,,,,,,,,,,,,,,,,,,,,,,,,,,9.3,23.0,2.0,2.0
Jaquan Johnson,,BUF,6,181,2019,Miami (FL),2015,2018,50.0,,,,,,,,,,,,,,DB,Miami (FL),,,,,,,,,,,,,,,,,,,,,,,,,,8.0,77.0,1.0,7.0,0.16,0.14,15.472916666666668,23.0,5.0,5.0
Trayveon Williams,,CIN,6,182,2019,Texas A&M,2016,2018,38.0,,,,,,,,,,,,,,RB,Texas A&M,600.0,3615.0,6.0,34.0,66.0,561.0,8.5,1.0,95.1,14.8,,,,,,,,,,,,,,,,,,,,,,13.591836734693878,21.0,3.0,4.0
Justin Skule,,SFO,6,183,2019,Vanderbilt,2015,2015,7.0,,,,,,,,,,,,,,OL,Vanderbilt,,,,,,,,,,,,,,,,,,,,,,,,,,,,,,,,,22.0,7.0,16.0
Travis Fulgham,,DET,6,184,2019,Old Dominion,2015,2018,47.0,,,,,,,,,,,,,,WR,Old Dominion,,,,,,,,,,,43.5,128.0,2044.0,16.0,18.0,,,,,,,,,,,,,,,,,-8.774074074074074,23.0,0.0,4.0
Ka'dar Hollman,,GNB,6,185,2019,Toledo,2015,2018,42.0,,,,,,,,,,,,,,DB,Toledo,,,,,,,,,,,,,,,,,,,,,,,,,,2.0,2.0,0.0,27.0,0.0476190476190476,0.6428571428571429,7.1275,24.0,1.0,4.0
Ty Johnson,,DET,6,186,2019,Maryland,2015,2018,46.0,,,,,,,,,,,,,,RB,Maryland,348.0,2635.0,7.6,17.0,29.0,318.0,11.0,2.0,57.3,6.9,,,,,,,,,,,,,,,,,,,,,,-0.8923076923076924,21.0,2.0,18.0
Juwann Winfree,,DEN,6,187,2019,Colorado,2014,2018,16.0,,,,,,,,,,,,,,WR,ColoradoMaryland,,,,,,,,,,,30.1,39.0,482.0,12.4,4.0,,,,,,,,,,,,,,,,,1.444,23.0,0.0,1.0
Juwann Winfree,,DEN,6,187,2019,Colorado,2017,2017,12.0,,,,,,,,,,,,,,DB,Colorado,,,,,,,,,,,,,,,,,,,,,,,,,,0.0,0.0,0.0,,0.0,,1.444,23.0,0.0,1.0
David Long,,OTI,6,188,2019,West Virginia,2016,2018,34.0,,,,,,,,,,,,,,LB,West Virginia,,,,,,,,,,,,,,,,14.0,169.0,83.0,252.0,40.0,0.4117647058823529,4.970588235294118,2.4411764705882355,7.411764705882353,1.1764705882352942,,,,,,,20.8,22.0,13.0,23.0
Armon Watts,,MIN,6,190,2019,Arkansas,2015,2018,29.0,,,,,,,,,,,,,,DL,Arkansas,,,,,,,,,,,,,,,,7.0,29.0,27.0,56.0,8.5,0.2413793103448276,1.0,0.9310344827586208,1.9310344827586208,0.293103448275862,,,,,,,4.833333333333333,23.0,7.0,12.0
Marcus Epps,,MIN,6,191,2019,Wyoming,2015,2018,50.0,,,,,,,,,,,,,,S,Wyoming,,,,,,,,,,,,,,,,,,,,,,,,,,9.0,211.0,1.0,22.0,0.18,0.44,-4.746153846153846,23.0,0.0,18.0
Isaiah Buggs,,PIT,6,192,2019,Alabama,2017,2018,29.0,,,,,,,,,,,,,,DL,Alabama,,,,,,,,,,,,,,,,11.0,44.0,58.0,102.0,17.5,0.3793103448275862,1.5172413793103448,2.0,3.5172413793103448,0.603448275862069,,,,,,,35.14705882352941,23.0,5.0,11.0
Dexter Williams,,GNB,6,194,2019,Notre Dame,2015,2018,37.0,,,,,,,,,,,,,,RB,Notre Dame,257.0,1636.0,6.4,20.0,22.0,162.0,7.4,2.0,44.2,4.4,,,,,,,,,,,,,,,,,,,,,,19.3768115942029,22.0,0.0,0.0
Xavier Crawford,,HTX,6,195,2019,Central Michigan,2016,2018,28.0,,,,,,,,,,,,,,CB,Central MichiganOregon State,,,,,,,,,,,,,,,,,,,,,,,,,,2.0,0.0,0.0,24.0,0.0714285714285714,0.8571428571428571,-13.494117647058824,23.0,0.0,1.0
Blessuan Austin,,NYJ,6,196,2019,Rutgers,2015,2018,27.0,,,,,,,,,,,,,,DB,Rutgers,,,,,,,,,,,,,,,,,,,,,,,,,,4.0,45.0,1.0,19.0,0.1481481481481481,0.7037037037037037,-11.120000000000001,23.0,5.0,6.0
Trace McSorley,144.5,RAV,6,197,2019,Penn State,2015,2018,47.0,720.0,1215.0,495.0,59.3,9899.0,77.0,25.0,6.3,2.1,8.1,8.49,13.7,210.6,QB,Penn State,,,,,,,,,,,,,,,,,,,,,,,,,,,,,,,,19.789743589743587,24.0,0.0,1.0
Tim Harris,,SFO,6,198,2019,Virginia,2013,2018,43.0,,,,,,,,,,,,,,DB,Virginia,,,,,,,,,,,,,,,,,,,,,,,,,,4.0,69.0,0.0,17.0,0.0930232558139534,0.3953488372093023,2.3848484848484848,24.0,0.0,0.0
Gerri Green,,CLT,6,199,2019,Mississippi State,2015,2018,52.0,,,,,,,,,,,,,,LB,Mississippi State,,,,,,,,,,,,,,,,8.5,59.0,102.0,161.0,20.5,0.1634615384615384,1.1346153846153846,1.9615384615384617,3.0961538461538463,0.3942307692307692,,,,,,,,23.0,,0.0
Emeke Egbule,,SDG,6,200,2019,Houston,2015,2018,52.0,,,,,,,,,,,,,,LB,Houston,,,,,,,,,,,,,,,,5.0,99.0,65.0,164.0,13.0,0.0961538461538461,1.9038461538461535,1.25,3.1538461538461537,0.25,,,,,,,6.1863636363636365,22.0,2.0,2.0
Rashad Fenton,,KAN,6,201,2019,South Carolina,2015,2018,48.0,,,,,,,,,,,,,,CB,South Carolina,,,,,,,,,,,,,,,,,,,,,,,,,,5.0,24.0,0.0,19.0,0.1041666666666666,0.3958333333333333,3.9508474576271184,22.0,7.0,7.0
Isaiah Prince,,MIA,6,202,2019,Ohio State,2015,2018,36.0,,,,,,,,,,,,,,OL,Ohio State,,,,,,,,,,,,,,,,,,,,,,,,,,,,,,,,27.5,22.0,1.0,4.0
Marcus Green,,ATL,6,203,2019,Louisiana-Monroe,2015,2018,48.0,,,,,,,,,,,,,,WR,Louisiana-Monroe,,,,,,,,,,,56.8,203.0,2726.0,13.4,24.0,,,,,,,,,,,,,,,,,-10.5890625,23.0,,
Travis Homer,,SEA,6,204,2019,Miami (FL),2016,2018,38.0,,,,,,,,,,,,,,RB,Miami (FL),334.0,1995.0,6.0,12.0,37.0,405.0,10.9,1.0,52.5,10.7,,,,,,,,,,,,,,,,,,,,,,16.133333333333333,21.0,8.0,8.0
Duke Shelley,,CHI,6,205,2019,Kansas State,2015,2018,38.0,,,,,,,,,,,,,,DB,Kansas State,,,,,,,,,,,,,,,,,,,,,,,,,,8.0,84.0,2.0,31.0,0.2105263157894736,0.8157894736842105,4.306521739130434,22.0,3.0,6.0
Kelvin Harmon,,WAS,6,206,2019,North Carolina State,2016,2018,38.0,,,,,,,,,,,,,,WR,North Carolina State,,,,,,,,,,,70.1,177.0,2665.0,15.1,16.0,,,,,,,,,,,,,,,,,10.848275862068967,22.0,3.0,3.0
Ulysees Gilbert III,,PIT,6,207,2019,Akron,2015,2018,51.0,,,,,,,,,,,,,,LB,Akron,,,,,,,,,,,,,,,,9.5,184.0,174.0,358.0,28.5,0.1862745098039215,3.607843137254902,3.411764705882353,7.019607843137255,0.5588235294117647,,,,,,,-14.072222222222223,22.0,2.0,2.0
Scott Miller,,TAM,6,208,2019,Bowling Green,2015,2018,45.0,,,,,,,,,,,,,,WR,Bowling Green,,,,,,,,,,,63.7,215.0,2867.0,13.3,23.0,,,,,,,,,,,,,,,,,-10.651948051948052,22.0,9.0,11.0
Demarcus Christmas,,SEA,6,209,2019,Florida State,2014,2018,52.0,,,,,,,,,,,,,,DT,Florida State,,,,,,,,,,,,,,,,3.5,48.0,57.0,105.0,10.5,0.0673076923076923,0.9230769230769232,1.0961538461538465,2.019230769230769,0.2019230769230769,,,,,,,17.696296296296296,24.0,,
Deshaun Davis,,CIN,6,210,2019,Auburn,2015,2018,52.0,,,,,,,,,,,,,,LB,Auburn,,,,,,,,,,,,,,,,7.0,129.0,137.0,266.0,29.0,0.1346153846153846,2.480769230769231,2.6346153846153846,5.115384615384615,0.5576923076923077,,,,,,,21.6375,23.0,,
Rodney Anderson,,CIN,6,211,2019,Oklahoma,2015,2018,18.0,,,,,,,,,,,,,,RB,Oklahoma,200.0,1285.0,6.4,16.0,17.0,281.0,16.5,5.0,71.4,15.6,,,,,,,,,,,,,,,,,,,,,,24.933333333333334,22.0,,
Donovan Wilson,,DAL,6,213,2019,Texas A&M,2014,2018,47.0,,,,,,,,,,,,,,DB,Texas A&M,,,,,,,,,,,,,,,,,,,,,,,,,,8.0,76.0,1.0,8.0,0.1702127659574468,0.1702127659574468,4.316901408450704,24.0,23.0,23.0
Darwin Thompson,,KAN,6,214,2019,Utah State,2018,2018,13.0,,,,,,,,,,,,,,RB,Utah State,153.0,1044.0,6.8,14.0,23.0,351.0,15.3,2.0,80.3,27.0,,,,,,,,,,,,,,,,,,,,,,14.2,22.0,2.0,2.0
Terry Beckner Jr.,,TAM,7,215,2019,Missouri,2015,2018,43.0,,,,,,,,,,,,,,DL,Missouri,,,,,,,,,,,,,,,,13.5,72.0,51.0,123.0,32.0,0.313953488372093,1.6744186046511629,1.186046511627907,2.86046511627907,0.7441860465116279,,,,,,,9.203571428571427,22.0,,
Nick Allegretti,,KAN,7,216,2019,Illinois,2015,2018,23.0,,,,,,,,,,,,,,OL,Illinois,,,,,,,,,,,,,,,,,,,,,,,,,,,,,,,,-7.9,23.0,10.0,20.0
Kris Boyd,,MIN,7,217,2019,Texas,2015,2018,51.0,,,,,,,,,,,,,,CB,Texas,,,,,,,,,,,,,,,,,,,,,,,,,,4.0,70.0,0.0,36.0,0.0784313725490196,0.7058823529411765,10.166666666666666,22.0,6.0,6.0
Mike Weber,,DAL,7,218,2019,Ohio State,2016,2018,38.0,,,,,,,,,,,,,,RB,Ohio State,455.0,2676.0,5.9,24.0,54.0,297.0,5.5,1.0,70.4,7.8,,,,,,,,,,,,,,,,,,,,,,25.833333333333332,22.0,,
Derwin Gray,,PIT,7,219,2019,Maryland,2015,2017,14.0,,,,,,,,,,,,,,OL,Maryland,,,,,,,,,,,,,,,,,,,,,,,,,,,,,,,,-4.5,24.0,0.0,0.0
Cullen Gillaspia,,HTX,7,220,2019,Texas A&M,2018,2018,13.0,,,,,,,,,,,,,,FB,Texas A&M,5.0,33.0,6.6,1.0,5.0,52.0,10.4,0.0,2.5,4.0,,,,,,,,,,,,,,,,,,,,,,14.704545454545455,24.0,0.0,0.0
Cullen Gillaspia,,HTX,7,220,2019,Texas A&M,2015,2017,27.0,,,,,,,,,,,,,,LB,Texas A&M,,,,,,,,,,,,,,,,0.0,11.0,8.0,19.0,0.0,0.0,0.4074074074074074,0.2962962962962963,0.7037037037037037,0.0,,,,,,,14.704545454545455,24.0,0.0,0.0
Donnie Lewis,,CLE,7,221,2019,Tulane,2015,2018,46.0,,,,,,,,,,,,,,CB,Tulane,,,,,,,,,,,,,,,,,,,,,,,,,,8.0,79.0,1.0,41.0,0.1739130434782608,0.8913043478260869,,23.0,,
Kerrith Whyte,,CHI,7,222,2019,Florida Atlantic,2016,2018,37.0,,,,,,,,,,,,,,RB,Florida Atlantic,232.0,1358.0,5.9,11.0,22.0,227.0,10.3,2.0,36.7,6.1,,,,,,,,,,,,,,,,,,,,,,,22.0,,1.0
Isaac Nauta,,DET,7,224,2019,Georgia,2016,2018,42.0,,,,,,,,,,,,,,TE,Georgia,,,,,,,,,,,21.5,68.0,905.0,13.3,8.0,,,,,,,,,,,,,,,,,24.772727272727273,22.0,0.0,0.0
Ty Summers,,GNB,7,226,2019,Texas Christian,2015,2018,50.0,,,,,,,,,,,,,,LB,Texas Christian,,,,,,,,,,,,,,,,10.5,168.0,151.0,319.0,23.5,0.21,3.36,3.02,6.38,0.47,,,,,,,14.559375,23.0,4.0,6.0
Tommy Sweeney,,BUF,7,228,2019,Boston College,2015,2018,50.0,,,,,,,,,,,,,,TE,Boston College,,,,,,,,,,,25.6,99.0,1281.0,12.9,10.0,,,,,,,,,,,,,,,,,1.8027027027027025,24.0,1.0,1.0
P.J. Johnson,,DET,7,229,2019,Arizona,2018,2018,10.0,,,,,,,,,,,,,,DT,Arizona,,,,,,,,,,,,,,,,3.0,22.0,9.0,31.0,8.5,0.3,2.2,0.9,3.1,0.85,,,,,,,,23.0,,
Alize Mack,,NOR,7,231,2019,Notre Dame,2015,2018,35.0,,,,,,,,,,,,,,TE,Notre Dame,,,,,,,,,,,20.5,68.0,716.0,10.5,4.0,,,,,,,,,,,,,,,,,21.3,22.0,,
George Asafo-Adjei,,NYG,7,232,2019,Kentucky,2015,2018,22.0,,,,,,,,,,,,,,G,Kentucky,,,,,,,,,,,,,,,,,,,,,,,,,,,,,,,,13.1,22.0,,
Chandler Cox,,MIA,7,233,2019,Auburn,2015,2018,52.0,,,,,,,,,,,,,,FB,Auburn,11.0,18.0,1.6,3.0,26.0,237.0,9.1,1.0,0.3,4.6,,,,,,,,,,,,,,,,,,,,,,20.357407407407408,23.0,0.0,0.0
Myles Gaskin,,MIA,7,234,2019,Washington,2015,2018,52.0,,,,,,,,,,,,,,RB,Washington,945.0,5323.0,5.6,57.0,65.0,465.0,7.2,5.0,102.4,8.9,,,,,,,,,,,,,,,,,,,,,,19.5,22.0,13.0,13.0
Dontavius Russell,,JAX,7,235,2019,Auburn,2015,2018,53.0,,,,,,,,,,,,,,DL,Auburn,,,,,,,,,,,,,,,,6.0,57.0,96.0,153.0,17.0,0.1132075471698113,1.0754716981132075,1.8113207547169812,2.8867924528301887,0.320754716981132,,,,,,,21.2,23.0,0.0,0.0
John Ursua,,SEA,7,236,2019,Hawaii,2016,2018,33.0,,,,,,,,,,,,,,WR,Hawaii,,,,,,,,,,,80.7,189.0,2662.0,14.1,24.0,,,,,,,,,,,,,,,,,-13.217073170731707,25.0,0.0,0.0
Terry Godwin,,CAR,7,237,2019,Georgia,2015,2018,54.0,,,,,,,,,,,,,,WR,Georgia,,,,,,,,,,,33.1,133.0,1788.0,13.4,11.0,,,,,,,,,,,,,,,,,18.93258426966292,22.0,,0.0
Dillon Mitchell,,MIN,7,239,2019,Oregon,2016,2018,31.0,,,,,,,,,,,,,,WR,Oregon,,,,,,,,,,,55.2,119.0,1710.0,14.4,14.0,,,,,,,,,,,,,,,,,7.683606557377049,22.0,,
Jackson Barton,,CLT,7,240,2019,Utah,2015,2018,27.0,,,,,,,,,,,,,,OL,Utah,,,,,,,,,,,,,,,,,,,,,,,,,,,,,,,,16.8,24.0,,1.0
Jalen Jelks,,DAL,7,241,2019,Oregon,2015,2018,44.0,,,,,,,,,,,,,,DL,Oregon,,,,,,,,,,,,,,,,15.0,94.0,62.0,156.0,29.5,0.3409090909090909,2.136363636363636,1.4090909090909092,3.5454545454545454,0.6704545454545454,,,,,,,7.278571428571428,23.0,,
Cortez Broughton,,SDG,7,242,2019,Cincinnati,2015,2018,49.0,,,,,,,,,,,,,,DT,Cincinnati,,,,,,,,,,,,,,,,9.0,75.0,79.0,154.0,26.5,0.1836734693877551,1.530612244897959,1.6122448979591837,3.142857142857143,0.5408163265306123,,,,,,,-2.35,23.0,1.0,1.0
Nick Scott,,RAM,7,243,2019,Penn State,2015,2015,13.0,,,,,,,,,,,,,,RB,Penn State,30.0,133.0,4.4,1.0,4.0,43.0,10.8,0.0,10.2,3.3,,,,,,,,,,,,,,,,,,,,,,17.19272727272727,24.0,7.0,17.0
Nick Scott,,RAM,7,243,2019,Penn State,2016,2018,39.0,,,,,,,,,,,,,,CB,Penn State,,,,,,,,,,,,,,,,,,,,,,,,,,3.0,16.0,0.0,2.0,0.0769230769230769,0.0512820512820512,17.19272727272727,24.0,7.0,17.0
Kaden Elliss,,NOR,7,244,2019,,2015,2017,37.0,,,,,,,,,,,,,,LB,Idaho,,,,,,,,,,,,,,,,10.0,158.0,71.0,229.0,31.0,0.2702702702702703,4.27027027027027,1.9189189189189189,6.1891891891891895,0.8378378378378378,,,,,,,-10.56551724137931,24.0,7.0,29.0
Chris Slayton,,NYG,7,245,2019,Syracuse,2015,2018,49.0,,,,,,,,,,,,,,DE,Syracuse,,,,,,,,,,,,,,,,9.5,66.0,41.0,107.0,32.5,0.1938775510204081,1.346938775510204,0.8367346938775511,2.183673469387755,0.6632653061224489,,,,,,,2.2291666666666665,23.0,,
Javon Patterson,,CLT,7,246,2019,Ole Miss,2015,2016,24.0,,,,,,,,,,,,,,OL,Ole Miss,,,,,,,,,,,,,,,,,,,,,,,,,,,,,,,,12.4,22.0,,0.0
Olabisi Johnson,,MIN,7,247,2019,Colorado State,2015,2018,49.0,,,,,,,,,,,,,,WR,Colorado State,,,,,,,,,,,41.2,125.0,2019.0,16.2,11.0,,,,,,,,,,,,,,,,,-2.3641509433962264,22.0,5.0,5.0
Michael Dogbe,,CRD,7,249,2019,Temple,2014,2018,55.0,,,,,,,,,,,,,,DL,Temple,,,,,,,,,,,,,,,,8.5,77.0,81.0,158.0,19.5,0.1545454545454545,1.4,1.4727272727272729,2.872727272727273,0.3545454545454545,,,,,,,5.1000000000000005,23.0,4.0,4.0
Austin Cutting,,MIN,7,250,2019,Air Force,2016,2017,22.0,,,,,,,,,,,,,,OL,Air Force,,,,,,,,,,,,,,,,,,,,,,,,,,,,,,,,-2.8,22.0,2.0,2.0
Austin Cutting,,MIN,7,250,2019,Air Force,2018,2018,12.0,,,,,,,,,,,,,,LS,Air Force,,,,,,,,,,,,,,,,,,,,,,,,,,0.0,0.0,0.0,,0.0,,-2.8,22.0,2.0,2.0
Dakota Allen,,RAM,7,251,2019,Texas Tech,2015,2018,36.0,,,,,,,,,,,,,,LB,Texas Tech,,,,,,,,,,,,,,,,2.5,136.0,126.0,262.0,18.5,0.0694444444444444,3.7777777777777777,3.5,7.277777777777778,0.5138888888888888,,,,,,,6.268421052631578,23.0,,2.0
Kendarius Webster,,NWE,7,252,2019,Ole Miss,2014,2018,46.0,,,,,,,,,,,,,,DB,Ole Miss,,,,,,,,,,,,,,,,,,,,,,,,,,3.0,28.0,0.0,21.0,0.0652173913043478,0.4565217391304347,,23.0,,3.0
Jordan Brailford,,WAS,7,253,2019,Oklahoma State,2015,2018,36.0,,,,,,,,,,,,,,DE,Oklahoma State,,,,,,,,,,,,,,,,15.0,89.0,45.0,134.0,30.5,0.4166666666666667,2.4722222222222223,1.25,3.7222222222222223,0.8472222222222222,,,,,,,17.03888888888889,23.0,,1.0
Caleb Wilson,,CRD,7,254,2019,UCLA,2016,2018,29.0,,,,,,,,,,,,,,TE,UCLA,,,,,,,,,,,57.7,114.0,1674.0,14.7,5.0,,,,,,,,,,,,,,,,,3.854347826086957,23.0,,0.0
Joe Burrow,172.4,CIN,1,1,2020,LSU,2016,2019,39.0,650.0,945.0,295.0,68.8,8852.0,78.0,11.0,8.3,1.2,9.4,10.49,13.6,227.0,QB,LSUOhio State,,,,,,,,,,,,,,,,,,,,,,,,,,,,,,,,28.765822784810126,23.0,63.0,63.0
Chase Young,,WAS,1,2,2020,Ohio State,2017,2019,36.0,,,,,,,,,,,,,,DE,Ohio State,,,,,,,,,,,,,,,,30.5,69.0,30.0,99.0,42.5,0.8472222222222222,1.9166666666666667,0.8333333333333334,2.75,1.1805555555555556,,,,,,,30.133333333333333,21.0,20.0,29.0
Jeffrey Okudah,,DET,1,3,2020,Ohio State,2017,2019,41.0,,,,,,,,,,,,,,CB,Ohio State,,,,,,,,,,,,,,,,,,,,,,,,,,3.0,0.0,0.0,18.0,0.073170731707317,0.4390243902439024,30.30322580645161,21.0,7.0,11.0
Tua Tagovailoa,199.4,MIA,1,5,2020,Alabama,2017,2019,33.0,474.0,684.0,210.0,69.3,7442.0,87.0,11.0,12.7,1.6,10.9,12.7,15.7,225.5,QB,Alabama,,,,,,,,,,,,,,,,,,,,,,,,,,,,,,,,34.36730769230769,22.0,52.0,52.0
Justin Herbert,153.1,SDG,1,6,2020,Oregon,2016,2019,44.0,827.0,1293.0,466.0,64.0,10541.0,95.0,23.0,7.3,1.8,8.2,8.82,12.7,239.6,QB,Oregon,,,,,,,,,,,,,,,,,,,,,,,,,,,,,,,,9.963513513513513,22.0,74.0,74.0
Derrick Brown,,CAR,1,7,2020,Auburn,2016,2019,53.0,,,,,,,,,,,,,,DL,Auburn,,,,,,,,,,,,,,,,13.0,88.0,82.0,170.0,33.5,0.2452830188679245,1.660377358490566,1.5471698113207548,3.207547169811321,0.6320754716981132,,,,,,,17.835185185185185,22.0,35.0,35.0
Isaiah Simmons,,CRD,1,8,2020,Clemson,2019,2019,15.0,,,,,,,,,,,,,,LB,Clemson,,,,,,,,,,,,,,,,7.0,67.0,36.0,103.0,16.0,0.4666666666666667,4.466666666666667,2.4,6.866666666666666,1.0666666666666669,,,,,,,28.353846153846153,22.0,17.0,20.0
Isaiah Simmons,,CRD,1,8,2020,Clemson,2016,2018,30.0,,,,,,,,,,,,,,S,Clemson,,,,,,,,,,,,,,,,,,,,,,,,,,1.0,27.0,1.0,12.0,0.0333333333333333,0.4,28.353846153846153,22.0,17.0,20.0
C.J. Henderson,,JAX,1,9,2020,Florida,2017,2019,33.0,,,,,,,,,,,,,,CB,Florida,,,,,,,,,,,,,,,,,,,,,,,,,,6.0,82.0,2.0,22.0,0.1818181818181818,0.6666666666666666,,21.0,4.0,13.0
Mekhi Becton,,NYJ,1,11,2020,Louisville,2018,2019,23.0,,,,,,,,,,,,,,OL,Louisville,,,,,,,,,,,,,,,,,,,,,,,,,,,,,,,,-3.6750000000000003,21.0,8.0,21.0
Henry Ruggs III,,RAI,1,12,2020,Alabama,2017,2019,41.0,,,,,,,,,,,,,,WR,Alabama,,,,,,,,,,,41.9,98.0,1716.0,17.5,24.0,,,,,,,,,,,,,,,,,33.78709677419354,21.0,8.0,8.0
Tristan Wirfs,,TAM,1,13,2020,Iowa,2018,2018,12.0,,,,,,,,,,,,,,OL,Iowa,,,,,,,,,,,,,,,,,,,,,,,,,,,,,,,,13.3,21.0,64.0,64.0
Javon Kinlaw,,SFO,1,14,2020,South Carolina,2017,2019,37.0,,,,,,,,,,,,,,DL,South Carolina,,,,,,,,,,,,,,,,10.5,48.0,45.0,93.0,18.0,0.2837837837837837,1.2972972972972974,1.2162162162162162,2.5135135135135136,0.4864864864864865,,,,,,,8.620833333333334,22.0,14.0,27.0
Jerry Jeudy,,DEN,1,15,2020,Alabama,2017,2019,42.0,,,,,,,,,,,,,,WR,Alabama,,,,,,,,,,,65.3,159.0,2742.0,17.2,26.0,,,,,,,,,,,,,,,,,33.62333333333333,21.0,22.0,31.0
A.J. Terrell,,ATL,1,16,2020,Clemson,2017,2019,44.0,,,,,,,,,,,,,,CB,Clemson,,,,,,,,,,,,,,,,,,,,,,,,,,6.0,160.0,1.0,14.0,0.1363636363636363,0.3181818181818182,28.066666666666666,21.0,31.0,31.0
CeeDee Lamb,,DAL,1,17,2020,Oklahoma,2017,2019,41.0,,,,,,,,,,,,,,WR,Oklahoma,,,,,,,,,,,80.3,173.0,3292.0,19.0,32.0,,,,,,,,,,,,,,,,,24.384057971014492,21.0,65.0,65.0
Austin Jackson,,MIA,1,18,2020,USC,2017,2019,27.0,,,,,,,,,,,,,,T,USC,,,,,,,,,,,,,,,,,,,,,,,,,,,,,,,,17.9,21.0,24.0,24.0
Damon Arnette,,RAI,1,19,2020,Ohio State,2016,2019,53.0,,,,,,,,,,,,,,CB,Ohio State,,,,,,,,,,,,,,,,,,,,,,,,,,5.0,132.0,1.0,22.0,0.0943396226415094,0.4150943396226415,28.794,24.0,2.0,2.0
K'Lavon Chaisson,,JAX,1,20,2020,LSU,2017,2019,26.0,,,,,,,,,,,,,,LB,LSU,,,,,,,,,,,,,,,,9.5,46.0,46.0,92.0,19.0,0.3653846153846153,1.7692307692307692,1.7692307692307692,3.5384615384615383,0.7307692307692307,,,,,,,26.133333333333333,21.0,7.0,17.0
Jalen Reagor,,PHI,1,21,2020,Texas Christian,2017,2019,39.0,,,,,,,,,,,,,,WR,Texas Christian,,,,,,,,,,,57.6,148.0,2248.0,15.2,22.0,,,,,,,,,,,,,,,,,9.857746478873239,21.0,7.0,10.0
Justin Jefferson,,MIN,1,22,2020,LSU,2017,2019,34.0,,,,,,,,,,,,,,WR,LSU,,,,,,,,,,,71.0,165.0,2415.0,14.6,24.0,,,,,,,,,,,,,,,,,27.053125,21.0,65.0,65.0
Kenneth Murray,,SDG,1,23,2020,Oklahoma,2017,2019,42.0,,,,,,,,,,,,,,LB,Oklahoma,,,,,,,,,,,,,,,,9.0,182.0,153.0,335.0,37.0,0.2142857142857142,4.333333333333333,3.642857142857143,7.976190476190476,0.8809523809523809,,,,,,,24.6037037037037,21.0,22.0,32.0
Cesar Ruiz,,NOR,1,24,2020,Michigan,2018,2018,13.0,,,,,,,,,,,,,,OL,Michigan,,,,,,,,,,,,,,,,,,,,,,,,,,,,,,,,22.0,21.0,29.0,29.0
Brandon Aiyuk,,SFO,1,25,2020,Arizona State,2018,2019,25.0,,,,,,,,,,,,,,WR,Arizona State,,,,,,,,,,,66.6,98.0,1666.0,17.0,11.0,,,,,,,,,,,,,,,,,5.709090909090909,22.0,39.0,39.0
Jordan Love,137.9,GNB,1,26,2020,Utah State,2017,2019,38.0,689.0,1125.0,436.0,61.2,8600.0,60.0,29.0,5.3,2.6,7.6,7.55,12.5,226.3,QB,Utah State,,,,,,,,,,,,,,,,,,,,,,,,,,,,,,,,1.3249999999999997,21.0,42.0,42.0
Jordyn Brooks,,SEA,1,27,2020,Texas Tech,2016,2019,47.0,,,,,,,,,,,,,,LB,Texas Tech,,,,,,,,,,,,,,,,7.0,220.0,147.0,367.0,33.0,0.1489361702127659,4.680851063829787,3.127659574468085,7.808510638297872,0.7021276595744681,,,,,,,5.138095238095238,22.0,20.0,43.0
Patrick Queen,,RAV,1,28,2020,LSU,2017,2019,40.0,,,,,,,,,,,,,,LB,LSU,,,,,,,,,,,,,,,,4.0,59.0,72.0,131.0,17.5,0.1,1.475,1.8,3.275,0.4375,,,,,,,27.248,21.0,39.0,54.0
Noah Igbinoghene,,MIA,1,30,2020,Auburn,2017,2018,27.0,,,,,,,,,,,,,,WR,Auburn,,,,,,,,,,,0.9,6.0,24.0,4.0,0.0,,,,,,,,,,,,,,,,,23.280434782608697,20.0,4.0,7.0
Noah Igbinoghene,,MIA,1,30,2020,Auburn,2019,2019,13.0,,,,,,,,,,,,,,DB,Auburn,,,,,,,,,,,,,,,,,,,,,,,,,,0.0,0.0,0.0,7.0,0.0,0.5384615384615384,23.280434782608697,20.0,4.0,7.0
Jeff Gladney,,MIN,1,31,2020,Texas Christian,2016,2019,50.0,,,,,,,,,,,,,,CB,Texas Christian,,,,,,,,,,,,,,,,,,,,,,,,,,5.0,128.0,0.0,38.0,0.1,0.76,11.423255813953489,23.0,5.0,5.0
Clyde Edwards-Helaire,,KAN,1,32,2020,LSU,2017,2019,41.0,,,,,,,,,,,,,,RB,LSU,370.0,2103.0,5.7,23.0,69.0,595.0,8.6,1.0,51.3,14.5,,,,,,,,,,,,,,,,,,,,,,26.033870967741937,21.0,18.0,18.0
Tee Higgins,,CIN,2,33,2020,Clemson,2017,2019,43.0,,,,,,,,,,,,,,WR,Clemson,,,,,,,,,,,56.9,135.0,2448.0,18.1,27.0,,,,,,,,,,,,,,,,,28.16875,21.0,43.0,43.0
Michael Pittman Jr.,,CLT,2,34,2020,USC,2016,2019,48.0,,,,,,,,,,,,,,WR,USC,,,,,,,,,,,52.5,171.0,2519.0,14.7,19.0,,,,,,,,,,,,,,,,,15.80952380952381,22.0,44.0,44.0
D'Andre Swift,,DET,2,35,2020,Georgia,2017,2019,43.0,,,,,,,,,,,,,,RB,Georgia,440.0,2885.0,6.6,20.0,73.0,666.0,9.1,5.0,67.1,15.5,,,,,,,,,,,,,,,,,,,,,,28.440322580645162,21.0,17.0,44.0
Xavier McKinney,,NYG,2,36,2020,Alabama,2017,2019,41.0,,,,,,,,,,,,,,DB,Alabama,,,,,,,,,,,,,,,,,,,,,,,,,,5.0,101.0,2.0,15.0,0.1219512195121951,0.3658536585365853,33.981249999999996,22.0,15.0,39.0
Yetur Gross-Matos,,CAR,2,38,2020,Penn State,2017,2019,38.0,,,,,,,,,,,,,,DE,Penn State,,,,,,,,,,,,,,,,19.0,65.0,46.0,111.0,37.0,0.5,1.7105263157894737,1.2105263157894737,2.9210526315789473,0.9736842105263158,,,,,,,22.96666666666667,22.0,16.0,18.0
Robert Hunt,,MIA,2,39,2020,Louisiana,2016,2016,12.0,,,,,,,,,,,,,,OL,Louisiana,,,,,,,,,,,,,,,,,,,,,,,,,,,,,,,,-8.7,24.0,22.0,30.0
Ross Blacklock,,HTX,2,40,2020,Texas Christian,2017,2019,26.0,,,,,,,,,,,,,,DT,Texas Christian,,,,,,,,,,,,,,,,5.5,39.0,28.0,67.0,15.5,0.2115384615384615,1.5,1.0769230769230769,2.576923076923077,0.5961538461538461,,,,,,,12.799999999999999,22.0,3.0,4.0
Jonathan Taylor,,CLT,2,41,2020,Wisconsin,2017,2019,41.0,,,,,,,,,,,,,,RB,Wisconsin,926.0,6174.0,6.7,50.0,42.0,407.0,9.7,5.0,150.6,9.9,,,,,,,,,,,,,,,,,,,,,,20.866666666666667,21.0,58.0,58.0
Laviska Shenault Jr.,,JAX,2,42,2020,Colorado,2017,2019,32.0,,,,,,,,,,,,,,WR,Colorado,,,,,,,,,,,60.7,149.0,1943.0,13.0,10.0,,,,,,,,,,,,,,,,,-1.0820895522388057,21.0,9.0,13.0
Cole Kmet,,CHI,2,43,2020,Notre Dame,2017,2019,35.0,,,,,,,,,,,,,,TE,Notre Dame,,,,,,,,,,,19.7,60.0,691.0,11.5,6.0,,,,,,,,,,,,,,,,,19.86470588235294,21.0,25.0,25.0
Grant Delpit,,CLE,2,44,2020,LSU,2017,2019,40.0,,,,,,,,,,,,,,S,LSU,,,,,,,,,,,,,,,,,,,,,,,,,,8.0,1.0,0.0,24.0,0.2,0.6,25.97222222222222,21.0,26.0,26.0
Antoine Winfield Jr.,,TAM,2,45,2020,Minnesota,2016,2019,34.0,,,,,,,,,,,,,,DB,Minnesota,,,,,,,,,,,,,,,,,,,,,,,,,,9.0,193.0,2.0,6.0,0.2647058823529412,0.1764705882352941,10.045098039215686,22.0,44.0,44.0
KJ Hamler,,DEN,2,46,2020,Penn State,2018,2019,26.0,,,,,,,,,,,,,,WR,Penn State,,,,,,,,,,,63.8,98.0,1658.0,16.9,13.0,,,,,,,,,,,,,,,,,21.65,21.0,5.0,5.0
Marlon Davidson,,ATL,2,47,2020,Auburn,2016,2019,51.0,,,,,,,,,,,,,,DL,Auburn,,,,,,,,,,,,,,,,17.0,90.0,85.0,175.0,29.5,0.3333333333333333,1.7647058823529411,1.6666666666666667,3.4313725490196076,0.5784313725490197,,,,,,,20.951351351351352,22.0,3.0,5.0
Darrell Taylor,,SEA,2,48,2020,Tennessee,2016,2019,43.0,,,,,,,,,,,,,,DL,Tennessee,,,,,,,,,,,,,,,,19.5,76.0,42.0,118.0,26.0,0.4534883720930232,1.7674418604651163,0.9767441860465116,2.744186046511628,0.6046511627906976,,,,,,,7.813513513513514,23.0,9.0,10.0
Chase Claypool,,PIT,2,49,2020,Notre Dame,2016,2019,49.0,,,,,,,,,,,,,,WR,Notre Dame,,,,,,,,,,,44.1,150.0,2159.0,14.4,19.0,,,,,,,,,,,,,,,,,18.596721311475413,22.0,17.0,19.0
Jaylon Johnson,,CHI,2,50,2020,Utah,2017,2019,38.0,,,,,,,,,,,,,,DB,Utah,,,,,,,,,,,,,,,,,,,,,,,,,,7.0,165.0,2.0,21.0,0.1842105263157894,0.5526315789473685,16.099999999999998,21.0,30.0,30.0
Trevon Diggs,,DAL,2,51,2020,Alabama,2016,2016,15.0,,,,,,,,,,,,,,WR,Alabama,,,,,,,,,,,5.9,11.0,88.0,8.0,1.0,,,,,,,,,,,,,,,,,33.032000000000004,21.0,33.0,33.0
Trevon Diggs,,DAL,2,51,2020,Alabama,2017,2019,31.0,,,,,,,,,,,,,,DB,Alabama,,,,,,,,,,,,,,,,,,,,,,,,,,4.0,79.0,1.0,17.0,0.1290322580645161,0.5483870967741935,33.032000000000004,21.0,33.0,33.0
Cam Akers,,RAM,2,52,2020,Florida State,2017,2019,36.0,,,,,,,,,,,,,,RB,Florida State,586.0,2874.0,4.9,27.0,69.0,486.0,7.0,7.0,79.8,13.5,,,,,,,,,,,,,,,,,,,,,,7.455555555555557,21.0,10.0,13.0
Jalen Hurts,162.7,PHI,2,53,2020,Oklahoma,2016,2019,56.0,682.0,1046.0,364.0,65.2,9477.0,80.0,20.0,7.6,1.9,9.1,9.73,13.9,169.2,QB,AlabamaOklahoma,,,,,,,,,,,,,,,,,,,,,,,,,,,,,,,,30.468539325842695,22.0,79.0,79.0
A.J. Epenesa,,BUF,2,54,2020,Iowa,2017,2019,39.0,,,,,,,,,,,,,,DE,Iowa,,,,,,,,,,,,,,,,26.5,61.0,40.0,101.0,36.5,0.6794871794871795,1.564102564102564,1.0256410256410255,2.58974358974359,0.935897435897436,,,,,,,12.764705882352942,21.0,18.0,18.0
J.K. Dobbins,,RAV,2,55,2020,Ohio State,2017,2019,42.0,,,,,,,,,,,,,,RB,Ohio State,725.0,4459.0,6.2,38.0,71.0,645.0,9.1,5.0,106.2,15.4,,,,,,,,,,,,,,,,,,,,,,29.437735849056605,21.0,10.0,22.0
Raekwon Davis,,MIA,2,56,2020,Alabama,2016,2019,48.0,,,,,,,,,,,,,,DL,Alabama,,,,,,,,,,,,,,,,11.5,67.0,108.0,175.0,19.5,0.2395833333333333,1.3958333333333333,2.25,3.6458333333333335,0.40625,,,,,,,33.48,23.0,22.0,23.0
Van Jefferson,,RAM,2,57,2020,Florida,2016,2019,48.0,,,,,,,,,,,,,,WR,FloridaOle Miss,,,,,,,,,,,45.0,175.0,2159.0,12.3,16.0,,,,,,,,,,,,,,,,,19.6,24.0,13.0,19.0
Ezra Cleveland,,MIN,2,58,2020,Boise State,2018,2019,26.0,,,,,,,,,,,,,,OL,Boise State,,,,,,,,,,,,,,,,,,,,,,,,,,,,,,,,9.610526315789473,22.0,17.0,33.0
Denzel Mims,,NYJ,2,59,2020,Baylor,2016,2019,48.0,,,,,,,,,,,,,,WR,Baylor,,,,,,,,,,,60.9,186.0,2925.0,15.7,28.0,,,,,,,,,,,,,,,,,8.297872340425531,22.0,5.0,5.0
Josh Uche,,NWE,2,60,2020,Michigan,2016,2019,39.0,,,,,,,,,,,,,,LB,Michigan,,,,,,,,,,,,,,,,16.5,38.0,18.0,56.0,20.5,0.4230769230769231,0.9743589743589745,0.4615384615384615,1.435897435897436,0.5256410256410257,,,,,,,21.580645161290324,21.0,8.0,9.0
Kristian Fulton,,OTI,2,61,2020,LSU,2016,2019,28.0,,,,,,,,,,,,,,DB,LSU,,,,,,,,,,,,,,,,,,,,,,,,,,2.0,0.0,0.0,23.0,0.0714285714285714,0.8214285714285714,27.841379310344827,22.0,13.0,18.0
AJ Dillon,,GNB,2,62,2020,Boston College,2017,2019,36.0,,,,,,,,,,,,,,RB,Boston College,845.0,4382.0,5.2,38.0,21.0,236.0,11.2,2.0,121.7,6.6,,,,,,,,,,,,,,,,,,,,,,-0.17941176470588255,22.0,23.0,24.0
Willie Gay,,KAN,2,63,2020,Mississippi State,2017,2019,31.0,,,,,,,,,,,,,,LB,Mississippi State,,,,,,,,,,,,,,,,6.0,46.0,53.0,99.0,11.0,0.1935483870967742,1.4838709677419355,1.7096774193548387,3.193548387096774,0.3548387096774194,,,,,,,,22.0,21.0,27.0
Logan Wilson,,CIN,3,65,2020,Wyoming,2016,2019,52.0,,,,,,,,,,,,,,LB,Wyoming,,,,,,,,,,,,,,,,7.0,253.0,168.0,421.0,35.0,0.1346153846153846,4.865384615384615,3.230769230769231,8.096153846153847,0.6730769230769231,,,,,,,-2.453191489361702,24.0,31.0,32.0
Antonio Gibson,,WAS,3,66,2020,Memphis,2018,2019,28.0,,,,,,,,,,,,,,WR,Memphis,,,,,,,,,,,29.8,44.0,834.0,19.0,10.0,,,,,,,,,,,,,,,,,14.088888888888889,22.0,23.0,29.0
Julian Okwara,,DET,3,67,2020,Notre Dame,2016,2019,45.0,,,,,,,,,,,,,,DL,Notre Dame,,,,,,,,,,,,,,,,14.5,46.0,31.0,77.0,23.0,0.3222222222222222,1.022222222222222,0.6888888888888889,1.711111111111111,0.5111111111111111,,,,,,,19.06153846153846,22.0,4.0,5.0
Ashtyn Davis,,NYJ,3,68,2020,California,2016,2019,48.0,,,,,,,,,,,,,,CB,California,,,,,,,,,,,,,,,,,,,,,,,,,,7.0,121.0,1.0,12.0,0.1458333333333333,0.25,-0.0813333333333334,23.0,10.0,14.0
Damien Lewis,,SEA,3,69,2020,LSU,2019,2019,15.0,,,,,,,,,,,,,,G,LSU,,,,,,,,,,,,,,,,,,,,,,,,,,,,,,,,33.1,23.0,26.0,35.0
Brandon Jones,,MIA,3,70,2020,Texas,2016,2019,47.0,,,,,,,,,,,,,,DB,Texas,,,,,,,,,,,,,,,,,,,,,,,,,,4.0,33.0,0.0,7.0,0.0851063829787234,0.1489361702127659,-2.938857142857143,22.0,10.0,21.0
Justin Madubuike,,RAV,3,71,2020,Texas A&M,2017,2019,38.0,,,,,,,,,,,,,,DL,Texas A&M,,,,,,,,,,,,,,,,11.0,43.0,62.0,105.0,24.5,0.2894736842105263,1.131578947368421,1.631578947368421,2.763157894736842,0.6447368421052632,,,,,,,15.28,22.0,38.0,38.0
Davon Hamilton,,JAX,3,73,2020,Ohio State,2015,2019,54.0,,,,,,,,,,,,,,DT,Ohio State,,,,,,,,,,,,,,,,7.0,41.0,25.0,66.0,21.0,0.1296296296296296,0.7592592592592593,0.4629629629629629,1.2222222222222223,0.3888888888888889,,,,,,,27.98108108108108,23.0,25.0,25.0
Zack Baun,,NOR,3,74,2020,Wisconsin,2016,2019,39.0,,,,,,,,,,,,,,LB,Wisconsin,,,,,,,,,,,,,,,,15.0,99.0,55.0,154.0,30.5,0.3846153846153846,2.5384615384615383,1.4102564102564104,3.948717948717949,0.782051282051282,,,,,,,17.28125,23.0,9.0,39.0
Jonah Jackson,,DET,3,75,2020,Ohio State,2018,2018,11.0,,,,,,,,,,,,,,OL,Rutgers,,,,,,,,,,,,,,,,,,,,,,,,,,,,,,,,-12.3,23.0,25.0,32.0
Ke'Shawn Vaughn,,TAM,3,76,2020,Illinois,2015,2019,46.0,,,,,,,,,,,,,,RB,IllinoisVanderbilt,572.0,3296.0,5.8,30.0,67.0,664.0,9.9,3.0,71.7,14.4,,,,,,,,,,,,,,,,,,,,,,-2.253846153846154,23.0,2.0,2.0
Michael Ojemudia,,DEN,3,77,2020,Iowa,2016,2019,51.0,,,,,,,,,,,,,,DB,Iowa,,,,,,,,,,,,,,,,,,,,,,,,,,6.0,50.0,0.0,17.0,0.1176470588235294,0.3333333333333333,13.353846153846153,22.0,4.0,4.0
Matt Hennessy,,ATL,3,78,2020,Temple,2017,2019,24.0,,,,,,,,,,,,,,OL,Temple,,,,,,,,,,,,,,,,,,,,,,,,,,,,,,,,1.7600000000000002,22.0,10.0,11.0
Jabari Zuniga,,NYJ,3,79,2020,Florida,2016,2019,42.0,,,,,,,,,,,,,,DL,Florida,,,,,,,,,,,,,,,,18.5,54.0,64.0,118.0,34.5,0.4404761904761904,1.2857142857142858,1.5238095238095235,2.8095238095238093,0.8214285714285714,,,,,,,17.348387096774193,23.0,1.0,1.0
Lynn Bowden Jr.,,RAI,3,80,2020,Kentucky,2017,2019,39.0,,,,,,,,,,,,,,WR,Kentucky,,,,,,,,,,,33.4,114.0,1303.0,11.4,6.0,,,,,,,,,,,,,,,,,8.969565217391304,22.0,,3.0
Bryan Edwards,,RAI,3,81,2020,South Carolina,2016,2019,48.0,,,,,,,,,,,,,,WR,South Carolina,,,,,,,,,,,63.4,234.0,3045.0,13.0,22.0,,,,,,,,,,,,,,,,,7.103125,21.0,6.0,6.0
Neville Gallimore,,DAL,3,82,2020,Oklahoma,2016,2019,52.0,,,,,,,,,,,,,,DL,Oklahoma,,,,,,,,,,,,,,,,9.0,68.0,80.0,148.0,18.0,0.173076923076923,1.3076923076923077,1.5384615384615383,2.8461538461538463,0.3461538461538461,,,,,,,24.849999999999998,23.0,8.0,14.0
Terrell Lewis,,RAM,3,84,2020,Alabama,2017,2019,15.0,,,,,,,,,,,,,,LB,Alabama,,,,,,,,,,,,,,,,7.0,31.0,16.0,47.0,13.5,0.4666666666666667,2.066666666666667,1.0666666666666669,3.1333333333333333,0.9,,,,,,,20.433333333333334,22.0,5.0,5.0
Julian Blackmon,,CLT,3,85,2020,Utah,2016,2019,49.0,,,,,,,,,,,,,,DB,Utah,,,,,,,,,,,,,,,,,,,,,,,,,,9.0,107.0,2.0,20.0,0.1836734693877551,0.4081632653061224,15.06,22.0,20.0,20.0
Zack Moss,,BUF,3,86,2020,Utah,2016,2019,45.0,,,,,,,,,,,,,,RB,Utah,712.0,4067.0,5.7,38.0,66.0,685.0,10.4,3.0,90.4,15.2,,,,,,,,,,,,,,,,,,,,,,14.467796610169492,22.0,8.0,18.0
Anfernee Jennings,,NWE,3,87,2020,Alabama,2016,2019,54.0,,,,,,,,,,,,,,LB,Alabama,,,,,,,,,,,,,,,,14.5,98.0,95.0,193.0,33.5,0.2685185185185185,1.8148148148148149,1.7592592592592593,3.574074074074074,0.6203703703703703,,,,,,,33.87179487179487,23.0,22.0,22.0
Jordan Elliott,,CLE,3,88,2020,Texas,2016,2019,31.0,,,,,,,,,,,,,,DL,MissouriTexas,,,,,,,,,,,,,,,,5.5,50.0,26.0,76.0,18.0,0.1774193548387097,1.6129032258064515,0.8387096774193549,2.4516129032258065,0.5806451612903226,,,,,,,13.066666666666666,22.0,17.0,27.0
Cameron Dantzler,,MIN,3,89,2020,Mississippi State,2017,2019,35.0,,,,,,,,,,,,,,DB,Mississippi State,,,,,,,,,,,,,,,,,,,,,,,,,,5.0,23.0,0.0,20.0,0.1428571428571428,0.5714285714285714,14.233333333333333,22.0,10.0,10.0
Jonathan Greenard,,HTX,3,90,2020,Florida,2016,2019,36.0,,,,,,,,,,,,,,LB,FloridaLouisville,,,,,,,,,,,,,,,,19.0,64.0,58.0,122.0,38.0,0.5277777777777778,1.7777777777777777,1.6111111111111112,3.388888888888889,1.0555555555555556,,,,,,,22.571875,23.0,15.0,32.0
Devin Asiasi,,NWE,3,91,2020,UCLA,2016,2019,34.0,,,,,,,,,,,,,,TE,MichiganUCLA,,,,,,,,,,,23.2,52.0,789.0,15.2,6.0,,,,,,,,,,,,,,,,,3.3272727272727267,23.0,0.0,0.0
Devin Duvernay,,RAV,3,92,2020,Texas,2016,2019,51.0,,,,,,,,,,,,,,WR,Texas,,,,,,,,,,,48.4,176.0,2468.0,14.0,16.0,,,,,,,,,,,,,,,,,11.31917808219178,22.0,12.0,12.0
Darrynton Evans,,OTI,3,93,2020,Appalachian State,2016,2019,39.0,,,,,,,,,,,,,,RB,Appalachian State,482.0,2884.0,6.0,25.0,39.0,319.0,8.2,6.0,73.9,8.2,,,,,,,,,,,,,,,,,,,,,,10.80253164556962,22.0,1.0,3.0
Josiah Deguara,,GNB,3,94,2020,Cincinnati,2016,2019,46.0,,,,,,,,,,,,,,TE,Cincinnati,,,,,,,,,,,24.3,92.0,1117.0,12.1,12.0,,,,,,,,,,,,,,,,,3.8042553191489357,23.0,4.0,4.0
McTelvin Agim,,DEN,3,95,2020,Arkansas,2016,2019,49.0,,,,,,,,,,,,,,DL,Arkansas,,,,,,,,,,,,,,,,14.5,62.0,86.0,148.0,31.5,0.2959183673469387,1.2653061224489797,1.7551020408163265,3.020408163265306,0.6428571428571429,,,,,,,0.8076923076923078,22.0,2.0,2.0
Lucas Niang,,KAN,3,96,2020,Texas Christian,2018,2019,20.0,,,,,,,,,,,,,,T,Texas Christian,,,,,,,,,,,,,,,,,,,,,,,,,,,,,,,,6.8,22.0,8.0,8.0
Jacob Phillips,,CLE,3,97,2020,LSU,2017,2019,39.0,,,,,,,,,,,,,,LB,LSU,,,,,,,,,,,,,,,,2.0,96.0,122.0,218.0,13.5,0.0512820512820512,2.4615384615384617,3.128205128205128,5.589743589743589,0.3461538461538461,,,,,,,25.824,21.0,5.0,5.0
Malik Harrison,,RAV,3,98,2020,Ohio State,2016,2019,52.0,,,,,,,,,,,,,,LB,Ohio State,,,,,,,,,,,,,,,,10.0,136.0,69.0,205.0,29.0,0.1923076923076923,2.6153846153846154,1.3269230769230769,3.942307692307693,0.5576923076923077,,,,,,,28.348571428571425,22.0,16.0,19.0
Matt Peart,,NYG,3,99,2020,Connecticut,2018,2019,24.0,,,,,,,,,,,,,,OL,Connecticut,,,,,,,,,,,,,,,,,,,,,,,,,,,,,,,,-25.4,23.0,5.0,7.0
Tanner Muse,,RAI,3,100,2020,Clemson,2016,2019,58.0,,,,,,,,,,,,,,S,Clemson,,,,,,,,,,,,,,,,,,,,,,,,,,7.0,102.0,1.0,14.0,0.1206896551724138,0.2413793103448276,28.267441860465116,24.0,,2.0
Dalton Keene,,NWE,3,101,2020,Virginia Tech,2017,2019,38.0,,,,,,,,,,,,,,TE,Virginia Tech,,,,,,,,,,,19.7,59.0,748.0,12.7,8.0,,,,,,,,,,,,,,,,,9.836666666666668,21.0,0.0,0.0
Alex Highsmith,,PIT,3,102,2020,Charlotte,2016,2019,48.0,,,,,,,,,,,,,,LB,Charlotte,,,,,,,,,,,,,,,,20.0,115.0,70.0,185.0,46.0,0.4166666666666667,2.3958333333333335,1.4583333333333333,3.8541666666666665,0.9583333333333334,,,,,,,-18.738709677419354,23.0,35.0,35.0
Davion Taylor,,PHI,3,103,2020,Colorado,2018,2019,24.0,,,,,,,,,,,,,,LB,Colorado,,,,,,,,,,,,,,,,2.0,99.0,29.0,128.0,18.0,0.0833333333333333,4.125,1.2083333333333333,5.333333333333333,0.75,,,,,,,-2.4,22.0,3.0,3.0
Terrell Burgess,,RAM,3,104,2020,Utah,2016,2019,45.0,,,,,,,,,,,,,,DB,Utah,,,,,,,,,,,,,,,,,,,,,,,,,,1.0,29.0,0.0,9.0,0.0222222222222222,0.2,14.429166666666667,21.0,2.0,4.0
Tyre Phillips,,RAV,3,106,2020,Mississippi State,2018,2018,13.0,,,,,,,,,,,,,,OL,Mississippi State,,,,,,,,,,,,,,,,,,,,,,,,,,,,,,,,,23.0,6.0,11.0
Akeem Davis-Gaither,,CIN,4,107,2020,Appalachian State,2017,2019,40.0,,,,,,,,,,,,,,LB,Appalachian State,,,,,,,,,,,,,,,,6.5,121.0,119.0,240.0,25.5,0.1625,3.025,2.975,6.0,0.6375,,,,,,,3.8,22.0,9.0,14.0
John Simpson,,RAI,4,109,2020,Clemson,2018,2019,29.0,,,,,,,,,,,,,,G,Clemson,,,,,,,,,,,,,,,,,,,,,,,,,,,,,,,,29.03333333333333,23.0,9.0,28.0
Darnay Holmes,,NYG,4,110,2020,UCLA,2017,2019,35.0,,,,,,,,,,,,,,DB,UCLA,,,,,,,,,,,,,,,,,,,,,,,,,,8.0,61.0,2.0,20.0,0.2285714285714285,0.5714285714285714,-0.08983050847457616,22.0,7.0,8.0
Joshua Kelley,,SDG,4,112,2020,UCLA,2018,2019,22.0,,,,,,,,,,,,,,RB,UCLA,454.0,2303.0,5.1,24.0,38.0,264.0,6.9,1.0,104.7,12.0,,,,,,,,,,,,,,,,,,,,,,-2.15,22.0,9.0,9.0
Troy Pride Jr.,,CAR,4,113,2020,Notre Dame,2016,2019,46.0,,,,,,,,,,,,,,CB,Notre Dame,,,,,,,,,,,,,,,,,,,,,,,,,,4.0,15.0,0.0,18.0,0.0869565217391304,0.391304347826087,18.60392156862745,22.0,3.0,3.0
Leki Fotu,,CRD,4,114,2020,Utah,2016,2019,45.0,,,,,,,,,,,,,,DT,Utah,,,,,,,,,,,,,,,,4.5,43.0,42.0,85.0,18.0,0.1,0.9555555555555556,0.9333333333333332,1.8888888888888888,0.4,,,,,,,14.529032258064515,22.0,9.0,11.0
Harrison Bryant,,CLE,4,115,2020,Florida Atlantic,2016,2019,48.0,,,,,,,,,,,,,,TE,Florida Atlantic,,,,,,,,,,,44.5,148.0,2137.0,14.4,16.0,,,,,,,,,,,,,,,,,-4.097674418604651,22.0,7.0,7.0
D.J. Wonnum,,MIN,4,117,2020,South Carolina,2016,2019,43.0,,,,,,,,,,,,,,DL,South Carolina,,,,,,,,,,,,,,,,14.0,78.0,59.0,137.0,29.5,0.3255813953488372,1.813953488372093,1.372093023255814,3.186046511627907,0.686046511627907,,,,,,,4.424324324324324,22.0,17.0,26.0
Albert Okwuegbunam,,DEN,4,118,2020,Missouri,2017,2019,33.0,,,,,,,,,,,,,,TE,Missouri,,,,,,,,,,,36.0,98.0,1187.0,12.1,23.0,,,,,,,,,,,,,,,,,13.282142857142857,22.0,5.0,5.0
Mykal Walker,,ATL,4,119,2020,Fresno State,2018,2019,26.0,,,,,,,,,,,,,,DE,Fresno State,,,,,,,,,,,,,,,,6.5,94.0,88.0,182.0,22.5,0.25,3.6153846153846154,3.3846153846153846,7.0,0.8653846153846154,,,,,,,10.020689655172413,23.0,11.0,16.0
Lamical Perine,,NYJ,4,120,2020,Florida,2016,2019,50.0,,,,,,,,,,,,,,RB,Florida,493.0,2485.0,5.0,22.0,72.0,674.0,9.4,8.0,49.7,13.5,,,,,,,,,,,,,,,,,,,,,,19.26,22.0,2.0,3.0
Logan Stenberg,,DET,4,121,2020,Kentucky,2017,2018,25.0,,,,,,,,,,,,,,G,Kentucky,,,,,,,,,,,,,,,,,,,,,,,,,,,,,,,,7.8999999999999995,23.0,3.0,3.0
Jacob Eason,132.3,CLT,4,122,2020,Washington,2016,2019,31.0,468.0,782.0,314.0,59.8,5590.0,39.0,16.0,5.0,2.0,7.1,7.23,11.9,180.3,QB,GeorgiaWashington,,,,,,,,,,,,,,,,,,,,,,,,,,,,,,,,18.28529411764706,22.0,0.0,0.0
Reginald Robinson II,,DAL,4,123,2020,Tulsa,2016,2018,29.0,,,,,,,,,,,,,,CB,Tulsa,,,,,,,,,,,,,,,,,,,,,,,,,,0.0,0.0,0.0,21.0,0.0,0.7241379310344828,,23.0,0.0,0.0
Anthony McFarland,,PIT,4,124,2020,Maryland,2018,2019,23.0,,,,,,,,,,,,,,RB,Maryland,245.0,1648.0,6.7,12.0,24.0,199.0,8.3,1.0,71.7,8.7,,,,,,,,,,,,,,,,,,,,,,-2.4,22.0,1.0,1.0
James Morgan,128.6,NYJ,4,125,2020,Florida International,2015,2019,45.0,699.0,1221.0,522.0,57.2,8629.0,65.0,34.0,5.3,2.8,7.1,6.88,12.3,191.8,QB,Bowling GreenFlorida International,,,,,,,,,,,,,,,,,,,,,,,,,,,,,,,,-7.75,23.0,,
K'Von Wallace,,PHI,4,127,2020,Clemson,2016,2019,59.0,,,,,,,,,,,,,,DB,Clemson,,,,,,,,,,,,,,,,,,,,,,,,,,5.0,180.0,1.0,16.0,0.0847457627118644,0.2711864406779661,28.225,23.0,4.0,9.0
Gabriel Davis,,BUF,4,128,2020,UCF,2017,2019,37.0,,,,,,,,,,,,,,WR,UCF,,,,,,,,,,,66.1,152.0,2447.0,16.1,23.0,,,,,,,,,,,,,,,,,16.575,21.0,26.0,28.0
Cameron Clark,,NYJ,4,129,2020,Charlotte,2017,2019,37.0,,,,,,,,,,,,,,OL,Charlotte,,,,,,,,,,,,,,,,,,,,,,,,,,,,,,,,-16.96666666666667,22.0,,
James Lynch,,MIN,4,130,2020,Baylor,2017,2019,38.0,,,,,,,,,,,,,,DT,Baylor,,,,,,,,,,,,,,,,22.0,62.0,39.0,101.0,33.5,0.5789473684210527,1.631578947368421,1.0263157894736843,2.6578947368421053,0.881578947368421,,,,,,,6.592592592592593,21.0,5.0,6.0
Rashard Lawrence,,CRD,4,131,2020,LSU,2016,2019,44.0,,,,,,,,,,,,,,DT,LSU,,,,,,,,,,,,,,,,9.0,47.0,73.0,120.0,21.0,0.2045454545454545,1.068181818181818,1.6590909090909092,2.727272727272727,0.4772727272727273,,,,,,,25.925,22.0,6.0,6.0
Troy Dye,,MIN,4,132,2020,Oregon,2016,2019,50.0,,,,,,,,,,,,,,LB,Oregon,,,,,,,,,,,,,,,,15.0,237.0,160.0,397.0,44.0,0.3,4.74,3.2,7.94,0.88,,,,,,,10.375,23.0,6.0,14.0
Colby Parkinson,,SEA,4,133,2020,Stanford,2017,2019,39.0,,,,,,,,,,,,,,TE,Stanford,,,,,,,,,,,30.0,87.0,1171.0,13.5,12.0,,,,,,,,,,,,,,,,,4.047222222222222,21.0,5.0,11.0
Jaylinn Hawkins,,ATL,4,134,2020,California,2015,2019,50.0,,,,,,,,,,,,,,CB,California,,,,,,,,,,,,,,,,,,,,,,,,,,10.0,90.0,0.0,7.0,0.2,0.14,0.3927272727272727,23.0,9.0,17.0
Kevin Dotson,,PIT,4,135,2020,Louisiana,2016,2017,24.0,,,,,,,,,,,,,,OL,Louisiana,,,,,,,,,,,,,,,,,,,,,,,,,,,,,,,,-12.25,23.0,10.0,32.0
Brycen Hopkins,,RAM,4,136,2020,Purdue,2016,2019,48.0,,,,,,,,,,,,,,TE,Purdue,,,,,,,,,,,40.5,130.0,1945.0,15.0,16.0,,,,,,,,,,,,,,,,,-0.020000000000000018,23.0,2.0,2.0
Josiah Scott,,JAX,4,137,2020,Michigan State,2017,2019,30.0,,,,,,,,,,,,,,CB,Michigan State,,,,,,,,,,,,,,,,,,,,,,,,,,7.0,46.0,0.0,24.0,0.2333333333333333,0.8,10.530555555555557,21.0,0.0,3.0
L'Jarius Sneed,,KAN,4,138,2020,Louisiana Tech,2016,2019,51.0,,,,,,,,,,,,,,CB,Louisiana Tech,,,,,,,,,,,,,,,,,,,,,,,,,,8.0,154.0,3.0,20.0,0.1568627450980392,0.392156862745098,-2.2750000000000004,23.0,19.0,22.0
Amik Robertson,,RAI,4,139,2020,Louisiana Tech,2017,2019,38.0,,,,,,,,,,,,,,CB,Louisiana Tech,,,,,,,,,,,,,,,,,,,,,,,,,,14.0,265.0,3.0,34.0,0.3684210526315789,0.8947368421052632,-3.1081632653061226,22.0,9.0,14.0
Shaquille Quarterman,,JAX,4,140,2020,Miami (FL),2016,2019,52.0,,,,,,,,,,,,,,LB,Miami (FL),,,,,,,,,,,,,,,,12.5,182.0,174.0,356.0,46.5,0.2403846153846154,3.5,3.3461538461538463,6.846153846153846,0.8942307692307693,,,,,,,14.404545454545454,22.0,4.0,5.0
John Reid,,HTX,4,141,2020,Penn State,2015,2019,51.0,,,,,,,,,,,,,,CB,Penn State,,,,,,,,,,,,,,,,,,,,,,,,,,7.0,163.0,1.0,30.0,0.1372549019607843,0.5882352941176471,19.61111111111111,24.0,1.0,2.0
Antonio Gandy-Golden,,WAS,4,142,2020,Liberty,2018,2019,24.0,,,,,,,,,,,,,,WR,Liberty,,,,,,,,,,,101.4,150.0,2433.0,16.2,20.0,,,,,,,,,,,,,,,,,-14.670588235294119,22.0,0.0,0.0
Deejay Dallas,,SEA,4,144,2020,Miami (FL),2017,2019,35.0,,,,,,,,,,,,,,RB,Miami (FL),265.0,1527.0,5.8,17.0,28.0,317.0,11.3,2.0,43.6,9.1,,,,,,,,,,,,,,,,,,,,,,,21.0,6.0,7.0
Tyler Biadasz,,DAL,4,146,2020,Wisconsin,2018,2019,27.0,,,,,,,,,,,,,,OL,Wisconsin,,,,,,,,,,,,,,,,,,,,,,,,,,,,,,,,17.9,22.0,24.0,36.0
Khalid Kareem,,CIN,5,147,2020,Notre Dame,2017,2019,39.0,,,,,,,,,,,,,,DL,Notre Dame,,,,,,,,,,,,,,,,13.0,56.0,53.0,109.0,26.0,0.3333333333333333,1.435897435897436,1.358974358974359,2.7948717948717947,0.6666666666666666,,,,,,,19.625925925925927,22.0,2.0,2.0
Alton Robinson,,SEA,5,148,2020,Syracuse,2017,2019,36.0,,,,,,,,,,,,,,DL,Syracuse,,,,,,,,,,,,,,,,19.5,72.0,43.0,115.0,32.5,0.5416666666666666,2.0,1.1944444444444444,3.1944444444444446,0.9027777777777778,,,,,,,3.4166666666666665,22.0,4.0,4.0
Danny Pinter,,CLT,5,149,2020,Ball State,2016,2018,31.0,,,,,,,,,,,,,,TE,Ball State,,,,,,,,,,,1.8,9.0,56.0,6.2,1.0,,,,,,,,,,,,,,,,,-12.577272727272726,24.0,7.0,7.0
Danny Pinter,,CLT,5,149,2020,Ball State,2019,2019,12.0,,,,,,,,,,,,,,OL,Ball State,,,,,,,,,,,,,,,,,,,,,,,,,,,,,,,,-12.577272727272726,24.0,7.0,7.0
Joe Reed,,SDG,5,151,2020,Virginia,2016,2019,50.0,,,,,,,,,,,,,,WR,Virginia,,,,,,,,,,,29.3,129.0,1465.0,11.4,16.0,,,,,,,,,,,,,,,,,2.655670103092783,22.0,0.0,0.0
Kenny Robinson,,CAR,5,152,2020,West Virginia,2017,2018,25.0,,,,,,,,,,,,,,S,West Virginia,,,,,,,,,,,,,,,,,,,,,,,,,,7.0,228.0,2.0,7.0,0.28,0.28,9.856,21.0,1.0,1.0
Colton McKivitz,,SFO,5,153,2020,West Virginia,2016,2017,26.0,,,,,,,,,,,,,,OL,West Virginia,,,,,,,,,,,,,,,,,,,,,,,,,,,,,,,,8.45,24.0,24.0,24.0
Jason Strowbridge,,MIA,5,154,2020,North Carolina,2016,2019,44.0,,,,,,,,,,,,,,DE,North Carolina,,,,,,,,,,,,,,,,11.5,62.0,65.0,127.0,22.0,0.2613636363636363,1.4090909090909092,1.4772727272727273,2.886363636363636,0.5,,,,,,,7.319354838709677,23.0,1.0,1.0
Trevis Gipson,,CHI,5,155,2020,Tulsa,2016,2019,49.0,,,,,,,,,,,,,,DE,Tulsa,,,,,,,,,,,,,,,,13.0,64.0,50.0,114.0,25.5,0.2653061224489796,1.3061224489795915,1.020408163265306,2.326530612244898,0.5204081632653061,,,,,,,-2.4848484848484844,23.0,9.0,11.0
Keith Ismael,,WAS,5,156,2020,San Diego State,2018,2019,25.0,,,,,,,,,,,,,,OL,San Diego State,,,,,,,,,,,,,,,,,,,,,,,,,,,,,,,,4.0,22.0,2.0,3.0
Daniel Thomas,,JAX,5,157,2020,Auburn,2016,2019,51.0,,,,,,,,,,,,,,DB,Auburn,,,,,,,,,,,,,,,,,,,,,,,,,,5.0,58.0,1.0,8.0,0.0980392156862745,0.1568627450980392,14.894318181818182,22.0,5.0,5.0
Bryce Hall,,NYJ,5,158,2020,Virginia,2016,2019,44.0,,,,,,,,,,,,,,DB,Virginia,,,,,,,,,,,,,,,,,,,,,,,,,,5.0,51.0,0.0,39.0,0.1136363636363636,0.8863636363636364,2.5697674418604652,22.0,10.0,10.0
Tyler Johnson,,TAM,5,161,2020,Minnesota,2016,2019,47.0,,,,,,,,,,,,,,WR,Minnesota,,,,,,,,,,,65.8,199.0,3094.0,15.5,30.0,,,,,,,,,,,,,,,,,6.423188405797101,22.0,5.0,9.0
Khaleke Hudson,,WAS,5,162,2020,Michigan,2018,2019,26.0,,,,,,,,,,,,,,LB,Michigan,,,,,,,,,,,,,,,,4.0,65.0,82.0,147.0,8.0,0.1538461538461538,2.5,3.1538461538461537,5.653846153846154,0.3076923076923077,,,,,,,21.85111111111111,22.0,7.0,7.0
Khaleke Hudson,,WAS,5,162,2020,Michigan,2016,2017,25.0,,,,,,,,,,,,,,S,Michigan,,,,,,,,,,,,,,,,,,,,,,,,,,2.0,22.0,0.0,10.0,0.08,0.4,21.85111111111111,22.0,7.0,7.0
Kindle Vildor,,CHI,5,163,2020,Georgia Southern,2016,2019,48.0,,,,,,,,,,,,,,CB,Georgia Southern,,,,,,,,,,,,,,,,,,,,,,,,,,9.0,36.0,0.0,24.0,0.1875,0.5,-6.925,22.0,7.0,10.0
Curtis Weaver,,MIA,5,164,2020,Boise State,2017,2019,41.0,,,,,,,,,,,,,,DE,Boise State,,,,,,,,,,,,,,,,34.0,72.0,56.0,128.0,46.5,0.8292682926829268,1.7560975609756098,1.3658536585365857,3.1219512195121952,1.1341463414634143,,,,,,,9.434375,22.0,,0.0
Collin Johnson,,JAX,5,165,2020,Texas,2016,2019,44.0,,,,,,,,,,,,,,WR,Texas,,,,,,,,,,,59.6,188.0,2624.0,14.0,15.0,,,,,,,,,,,,,,,,,8.226,22.0,2.0,3.0
Quintez Cephus,,DET,5,166,2020,Wisconsin,2016,2019,38.0,,,,,,,,,,,,,,WR,Wisconsin,,,,,,,,,,,39.4,93.0,1496.0,16.1,13.0,,,,,,,,,,,,,,,,,22.814285714285713,22.0,5.0,5.0
Jake Fromm,156.1,BUF,5,167,2020,Georgia,2017,2019,43.0,621.0,982.0,361.0,63.2,8224.0,78.0,18.0,7.9,1.8,8.4,9.14,13.2,191.3,QB,Georgia,,,,,,,,,,,,,,,,,,,,,,,,,,,,,,,,28.51730769230769,22.0,,1.0
John Hightower,,PHI,5,168,2020,Boise State,2018,2019,24.0,,,,,,,,,,,,,,WR,Boise State,,,,,,,,,,,60.3,82.0,1447.0,17.6,14.0,,,,,,,,,,,,,,,,,9.814545454545454,24.0,1.0,1.0
Harrison Hand,,MIN,5,169,2020,Temple,2017,2019,34.0,,,,,,,,,,,,,,CB,BaylorTemple,,,,,,,,,,,,,,,,,,,,,,,,,,4.0,8.0,0.0,16.0,0.1176470588235294,0.4705882352941176,1.1655172413793105,21.0,2.0,2.0
Broderick Washington,,RAV,5,170,2020,Texas Tech,2016,2019,49.0,,,,,,,,,,,,,,DL,Texas Tech,,,,,,,,,,,,,,,,8.5,82.0,56.0,138.0,15.5,0.173469387755102,1.673469387755102,1.1428571428571428,2.816326530612245,0.3163265306122449,,,,,,,,23.0,15.0,15.0
Jason Huntley,,DET,5,172,2020,New Mexico State,2016,2019,47.0,,,,,,,,,,,,,,RB,New Mexico State,373.0,2182.0,5.8,18.0,134.0,1119.0,8.4,7.0,46.4,23.8,,,,,,,,,,,,,,,,,,,,,,-16.826666666666668,22.0,,0.0
Darnell Mooney,,CHI,5,173,2020,Tulane,2016,2019,50.0,,,,,,,,,,,,,,WR,Tulane,,,,,,,,,,,51.4,154.0,2572.0,16.7,19.0,,,,,,,,,,,,,,,,,-5.253333333333333,22.0,23.0,33.0
Larrell Murchison,,OTI,5,174,2020,North Carolina State,2018,2019,25.0,,,,,,,,,,,,,,DT,North Carolina State,,,,,,,,,,,,,,,,11.0,40.0,42.0,82.0,20.0,0.44,1.6,1.68,3.28,0.8,,,,,,,2.858333333333334,23.0,4.0,7.0
Kamal Martin,,GNB,5,175,2020,Minnesota,2016,2019,45.0,,,,,,,,,,,,,,LB,Minnesota,,,,,,,,,,,,,,,,3.5,106.0,71.0,177.0,13.0,0.0777777777777777,2.3555555555555556,1.5777777777777775,3.933333333333333,0.2888888888888888,,,,,,,9.235294117647058,22.0,3.0,4.0
K.J. Osborn,,MIN,5,176,2020,Miami (FL),2016,2019,51.0,,,,,,,,,,,,,,WR,BuffaloMiami (FL),,,,,,,,,,,39.9,146.0,2037.0,14.0,17.0,,,,,,,,,,,,,,,,,-3.6978260869565216,23.0,13.0,13.0
Mike Danna,,KAN,5,177,2020,Michigan,2016,2019,51.0,,,,,,,,,,,,,,DL,Central MichiganMichigan,,,,,,,,,,,,,,,,18.0,112.0,77.0,189.0,31.0,0.3529411764705882,2.196078431372549,1.5098039215686274,3.7058823529411766,0.6078431372549019,,,,,,,-5.405882352941177,22.0,23.0,23.0
Justin Strnad,,DEN,5,178,2020,Wake Forest,2016,2019,46.0,,,,,,,,,,,,,,LB,Wake Forest,,,,,,,,,,,,,,,,8.0,145.0,99.0,244.0,22.5,0.1739130434782608,3.152173913043478,2.152173913043478,5.304347826086956,0.4891304347826087,,,,,,,4.7272727272727275,24.0,14.0,14.0
Bradlee Anae,,DAL,5,179,2020,Utah,2016,2019,47.0,,,,,,,,,,,,,,DE,Utah,,,,,,,,,,,,,,,,30.0,86.0,49.0,135.0,41.5,0.6382978723404256,1.8297872340425532,1.0425531914893618,2.872340425531915,0.8829787234042553,,,,,,,14.844444444444443,22.0,1.0,1.0
Michael Onwenu,,NWE,6,182,2020,Michigan,2018,2018,13.0,,,,,,,,,,,,,,OL,Michigan,,,,,,,,,,,,,,,,,,,,,,,,,,,,,,,,,22.0,33.0,33.0
Cameron Brown,,NYG,6,183,2020,Penn State,2016,2019,50.0,,,,,,,,,,,,,,LB,Penn State,,,,,,,,,,,,,,,,5.0,99.0,100.0,199.0,15.0,0.1,1.98,2.0,3.98,0.3,,,,,,,29.299999999999997,22.0,4.0,4.0
Bravvion Roy,,CAR,6,184,2020,Baylor,2016,2019,48.0,,,,,,,,,,,,,,DT,Baylor,,,,,,,,,,,,,,,,7.5,71.0,62.0,133.0,19.0,0.15625,1.4791666666666667,1.2916666666666667,2.7708333333333335,0.3958333333333333,,,,,,,7.425,23.0,9.0,9.0
Blake Ferguson,,MIA,6,185,2020,LSU,2017,2018,26.0,,,,,,,,,,,,,,LS,LSU,,,,,,,,,,,,,,,,,,,,,,,,,,0.0,0.0,0.0,,0.0,,22.376470588235296,23.0,4.0,4.0
Alohi Gilman,,SDG,6,186,2020,Notre Dame,2016,2019,40.0,,,,,,,,,,,,,,S,NavyNotre Dame,,,,,,,,,,,,,,,,,,,,,,,,,,3.0,54.0,0.0,12.0,0.075,0.3,15.528571428571428,22.0,14.0,18.0
Donovan Peoples-Jones,,CLE,6,187,2020,Michigan,2017,2019,37.0,,,,,,,,,,,,,,WR,Michigan,,,,,,,,,,,35.9,103.0,1327.0,12.9,14.0,,,,,,,,,,,,,,,,,20.766666666666666,21.0,17.0,18.0
Jake Luton,135.5,JAX,6,189,2020,Oregon State,2015,2019,31.0,494.0,795.0,301.0,62.1,5610.0,43.0,15.0,5.4,1.9,7.1,7.29,11.4,181.0,QB,IdahoOregon State,,,,,,,,,,,,,,,,,,,,,,,,,,,,,,,,-10.363636363636363,24.0,2.0,2.0
Charlie Woerner,,SFO,6,190,2020,Georgia,2016,2019,53.0,,,,,,,,,,,,,,TE,Georgia,,,,,,,,,,,7.1,34.0,376.0,11.1,1.0,,,,,,,,,,,,,,,,,27.106122448979594,22.0,0.0,0.0
Jon Runyan,,GNB,6,192,2020,Michigan,2019,2019,12.0,,,,,,,,,,,,,,OL,Michigan,,,,,,,,,,,,,,,,,,,,,,,,,,,,,,,,20.7,23.0,26.0,36.0
Robert Windsor,,CLT,6,193,2020,Penn State,2016,2019,52.0,,,,,,,,,,,,,,DT,Penn State,,,,,,,,,,,,,,,,14.0,49.0,72.0,121.0,20.0,0.2692307692307692,0.9423076923076924,1.3846153846153846,2.326923076923077,0.3846153846153846,,,,,,,22.45483870967742,23.0,0.0,0.0
Khalil Davis,,TAM,6,194,2020,Nebraska,2016,2019,47.0,,,,,,,,,,,,,,DT,Nebraska,,,,,,,,,,,,,,,,13.0,63.0,42.0,105.0,23.0,0.2765957446808511,1.3404255319148937,0.8936170212765957,2.234042553191489,0.4893617021276595,,,,,,,5.219354838709678,24.0,0.0,3.0
Justin Herron,,NWE,6,195,2020,Wake Forest,2015,2015,12.0,,,,,,,,,,,,,,OL,Wake Forest,,,,,,,,,,,,,,,,,,,,,,,,,,,,,,,,,24.0,6.0,7.0
Shaun Bradley,,PHI,6,196,2020,Temple,2016,2019,50.0,,,,,,,,,,,,,,LB,Temple,,,,,,,,,,,,,,,,2.0,168.0,88.0,256.0,22.0,0.04,3.36,1.76,5.12,0.44,,,,,,,3.438888888888889,23.0,3.0,3.0
John Penisini,,DET,6,197,2020,Utah,2017,2019,40.0,,,,,,,,,,,,,,DT,Utah,,,,,,,,,,,,,,,,5.0,29.0,51.0,80.0,15.0,0.125,0.725,1.275,2.0,0.375,,,,,,,15.5875,23.0,6.0,6.0
Antoine Brooks,,PIT,6,198,2020,Maryland,2016,2017,20.0,,,,,,,,,,,,,,LB,Maryland,,,,,,,,,,,,,,,,1.0,57.0,25.0,82.0,9.5,0.05,2.85,1.25,4.1,0.475,,,,,,,,22.0,0.0,1.0
Antoine Brooks,,PIT,6,198,2020,Maryland,2018,2019,24.0,,,,,,,,,,,,,,DB,Maryland,,,,,,,,,,,,,,,,,,,,,,,,,,2.0,0.0,0.0,8.0,0.0833333333333333,0.3333333333333333,,22.0,0.0,1.0
Jordan Fuller,,RAM,6,199,2020,Ohio State,2016,2019,52.0,,,,,,,,,,,,,,S,Ohio State,,,,,,,,,,,,,,,,,,,,,,,,,,6.0,81.0,0.0,10.0,0.1153846153846153,0.1923076923076923,28.453488372093023,22.0,15.0,18.0
Quez Watkins,,PHI,6,200,2020,Southern Mississippi,2017,2019,36.0,,,,,,,,,,,,,,WR,Southern Mississippi,,,,,,,,,,,66.8,159.0,2404.0,15.1,17.0,,,,,,,,,,,,,,,,,-4.4975609756097565,22.0,13.0,13.0
James Proche,,RAV,6,201,2020,SMU,2016,2019,50.0,,,,,,,,,,,,,,WR,SMU,,,,,,,,,,,79.0,301.0,3949.0,13.1,39.0,,,,,,,,,,,,,,,,,-3.2521008403361344,23.0,3.0,4.0
Evan Weaver,,CRD,6,202,2020,California,2016,2019,48.0,,,,,,,,,,,,,,DE,California,,,,,,,,,,,,,,,,8.5,230.0,182.0,412.0,23.0,0.1770833333333333,4.791666666666667,3.7916666666666665,8.583333333333334,0.4791666666666667,,,,,,,1.46,22.0,,
Blake Brandel,,MIN,6,203,2020,Oregon State,2016,2016,12.0,,,,,,,,,,,,,,OL,Oregon State,,,,,,,,,,,,,,,,,,,,,,,,,,,,,,,,-4.6,23.0,15.0,15.0
Cassh Maluia,,NWE,6,204,2020,Wyoming,2016,2019,50.0,,,,,,,,,,,,,,LB,Wyoming,,,,,,,,,,,,,,,,1.5,101.0,97.0,198.0,16.5,0.03,2.02,1.94,3.96,0.33,,,,,,,-1.7325581395348837,21.0,1.0,1.0
Josh Metellus,,MIN,6,205,2020,Michigan,2016,2019,46.0,,,,,,,,,,,,,,S,Michigan,,,,,,,,,,,,,,,,,,,,,,,,,,5.0,104.0,1.0,16.0,0.108695652173913,0.3478260869565217,21.313636363636363,22.0,20.0,20.0
Tyler Davis,184.3,JAX,6,206,2020,Georgia Tech,2016,2016,11.0,2.0,3.0,1.0,66.7,42.0,0.0,0.0,0.0,0.0,14.0,14.0,21.0,3.8,QB,Connecticut,,,,,,,,,,,,,,,,,,,,,,,,,,,,,,,,1.7096774193548394,23.0,0.0,0.0
Tyler Davis,,JAX,6,206,2020,Georgia Tech,2017,2019,35.0,,,,,,,,,,,,,,WR,ConnecticutGeorgia Tech,,,,,,,,,,,15.5,53.0,541.0,10.2,7.0,,,,,,,,,,,,,,,,,1.7096774193548394,23.0,0.0,0.0
Isaiah Hodgins,,BUF,6,207,2020,Oregon State,2017,2019,34.0,,,,,,,,,,,,,,WR,Oregon State,,,,,,,,,,,68.3,176.0,2322.0,13.2,20.0,,,,,,,,,,,,,,,,,-10.238888888888887,21.0,0.0,6.0
Jake Hanson,,GNB,6,208,2020,Oregon,2019,2019,12.0,,,,,,,,,,,,,,OL,Oregon,,,,,,,,,,,,,,,,,,,,,,,,,,,,,,,,19.0,23.0,1.0,4.0
Simon Stepaniak,,GNB,6,209,2020,Indiana,2017,2018,18.0,,,,,,,,,,,,,,OL,Indiana,,,,,,,,,,,,,,,,,,,,,,,,,,,,,,,,5.8999999999999995,23.0,,
Isaiah Rodgers,,CLT,6,211,2020,Massachusetts,2016,2019,45.0,,,,,,,,,,,,,,CB,Massachusetts,,,,,,,,,,,,,,,,,,,,,,,,,,11.0,242.0,3.0,35.0,0.2444444444444444,0.7777777777777778,-19.3,22.0,7.0,18.0
Dezmon Patmon,,CLT,6,212,2020,Washington State,2016,2019,42.0,,,,,,,,,,,,,,WR,Washington State,,,,,,,,,,,47.0,156.0,1976.0,12.7,13.0,,,,,,,,,,,,,,,,,10.164864864864866,22.0,0.0,0.0
Jordan Glasgow,,CLT,6,213,2020,Michigan,2018,2019,26.0,,,,,,,,,,,,,,LB,Michigan,,,,,,,,,,,,,,,,7.0,63.0,54.0,117.0,10.0,0.2692307692307692,2.423076923076923,2.076923076923077,4.5,0.3846153846153846,,,,,,,21.684615384615384,24.0,2.0,2.0
Jordan Glasgow,,CLT,6,213,2020,Michigan,2016,2017,26.0,,,,,,,,,,,,,,S,Michigan,,,,,,,,,,,,,,,,,,,,,,,,,,0.0,0.0,0.0,1.0,0.0,0.0384615384615384,21.684615384615384,24.0,2.0,2.0
Freddie Swain,,SEA,6,214,2020,Florida,2016,2019,47.0,,,,,,,,,,,,,,WR,Florida,,,,,,,,,,,21.2,68.0,996.0,14.6,15.0,,,,,,,,,,,,,,,,,20.233766233766232,22.0,5.0,5.0
Markus Bailey,,CIN,7,215,2020,Purdue,2015,2019,45.0,,,,,,,,,,,,,,LB,Purdue,,,,,,,,,,,,,,,,13.5,229.0,97.0,326.0,28.0,0.3,5.088888888888889,2.155555555555555,7.2444444444444445,0.6222222222222222,,,,,,,0.23499999999999996,23.0,7.0,7.0
Kamren Curl,,WAS,7,216,2020,Arkansas,2017,2019,34.0,,,,,,,,,,,,,,DB,Arkansas,,,,,,,,,,,,,,,,,,,,,,,,,,2.0,22.0,0.0,15.0,0.0588235294117647,0.4411764705882353,-3.6499999999999995,21.0,17.0,29.0
Jauan Jennings,,SFO,7,217,2020,Tennessee,2015,2019,51.0,,,,,,,,,,,,,,WR,Tennessee,,,,,,,,,,,42.2,146.0,2153.0,14.7,18.0,,,,,,,,,,,,,,,,,13.288235294117648,23.0,21.0,21.0
Carter Coughlin,,NYG,7,218,2020,Minnesota,2016,2019,49.0,,,,,,,,,,,,,,LB,Minnesota,,,,,,,,,,,,,,,,22.5,107.0,52.0,159.0,40.0,0.4591836734693877,2.183673469387755,1.0612244897959184,3.2448979591836733,0.8163265306122449,,,,,,,10.016666666666666,23.0,5.0,5.0
Geno Stone,,RAV,7,219,2020,Iowa,2017,2019,38.0,,,,,,,,,,,,,,DB,Iowa,,,,,,,,,,,,,,,,,,,,,,,,,,6.0,43.0,1.0,7.0,0.1578947368421052,0.1842105263157894,13.431707317073172,21.0,11.0,22.0
K.J. Hill,,SDG,7,220,2020,Ohio State,2016,2019,53.0,,,,,,,,,,,,,,WR,Ohio State,,,,,,,,,,,44.0,201.0,2332.0,11.6,20.0,,,,,,,,,,,,,,,,,29.296511627906977,22.0,1.0,1.0
Stantley Thomas-Oliver III,,CAR,7,221,2020,Florida International,2017,2017,5.0,,,,,,,,,,,,,,WR,Florida International,,,,,,,,,,,0.8,1.0,4.0,4.0,0.0,,,,,,,,,,,,,,,,,-10.594444444444443,22.0,2.0,2.0
Stantley Thomas-Oliver III,,CAR,7,221,2020,Florida International,2018,2019,26.0,,,,,,,,,,,,,,DB,Florida International,,,,,,,,,,,,,,,,,,,,,,,,,,2.0,23.0,0.0,18.0,0.0769230769230769,0.6923076923076923,-10.594444444444443,22.0,2.0,2.0
Eno Benjamin,,CRD,7,222,2020,Arizona State,2017,2019,35.0,,,,,,,,,,,,,,RB,Arizona State,576.0,2867.0,5.0,27.0,82.0,625.0,7.6,4.0,81.9,17.9,,,,,,,,,,,,,,,,,,,,,,3.178,21.0,4.0,4.0
Chris Claybrooks,,JAX,7,223,2020,Memphis,2018,2019,21.0,,,,,,,,,,,,,,DB,Memphis,,,,,,,,,,,,,,,,,,,,,,,,,,2.0,37.0,1.0,3.0,0.0952380952380952,0.1428571428571428,14.773333333333333,23.0,5.0,5.0
Cole McDonald,146.8,OTI,7,224,2020,Hawaii,2017,2019,33.0,616.0,1004.0,388.0,61.4,8032.0,70.0,24.0,7.0,2.4,8.0,8.32,13.0,243.4,QB,Hawaii,,,,,,,,,,,,,,,,,,,,,,,,,,,,,,,,-10.666666666666666,22.0,,
Kenny Willekes,,MIN,7,225,2020,Michigan State,2016,2019,40.0,,,,,,,,,,,,,,DE,Michigan State,,,,,,,,,,,,,,,,26.0,104.0,125.0,229.0,51.0,0.65,2.6,3.125,5.725,1.275,,,,,,,10.183783783783785,23.0,1.0,1.0
James Smith-Williams,,WAS,7,229,2020,North Carolina State,2015,2019,43.0,,,,,,,,,,,,,,DE,North Carolina State,,,,,,,,,,,,,,,,8.0,38.0,46.0,84.0,13.0,0.1860465116279069,0.8837209302325582,1.069767441860465,1.9534883720930232,0.3023255813953488,,,,,,,7.928205128205128,23.0,13.0,15.0
Ben DiNucci,113.6,DAL,7,231,2020,,2016,2017,12.0,91.0,167.0,76.0,54.5,1107.0,6.0,7.0,3.6,4.2,6.6,5.46,12.2,92.3,QB,Pitt,,,,,,,,,,,,,,,,,,,,,,,,,,,,,,,,,23.0,1.0,1.0
Carlos Davis,,PIT,7,232,2020,Nebraska,2016,2019,48.0,,,,,,,,,,,,,,DT,Nebraska,,,,,,,,,,,,,,,,9.5,59.0,66.0,125.0,14.0,0.1979166666666666,1.2291666666666667,1.375,2.6041666666666665,0.2916666666666667,,,,,,,2.593,24.0,1.0,1.0
Casey Toohill,,PHI,7,233,2020,Stanford,2015,2019,48.0,,,,,,,,,,,,,,LB,Stanford,,,,,,,,,,,,,,,,14.5,71.0,59.0,130.0,22.0,0.3020833333333333,1.4791666666666667,1.2291666666666667,2.7083333333333335,0.4583333333333333,,,,,,,11.26,24.0,0.0,11.0
Clay Johnston,,RAM,7,234,2020,Baylor,2016,2019,39.0,,,,,,,,,,,,,,LB,Baylor,,,,,,,,,,,,,,,,4.5,147.0,90.0,237.0,26.5,0.1153846153846153,3.769230769230769,2.3076923076923075,6.076923076923077,0.6794871794871795,,,,,,,9.008333333333333,24.0,,2.0
Jashon Cornell,,DET,7,235,2020,Ohio State,2016,2019,45.0,,,,,,,,,,,,,,DT,Ohio State,,,,,,,,,,,,,,,,7.0,35.0,28.0,63.0,13.5,0.1555555555555555,0.7777777777777778,0.6222222222222222,1.4,0.3,,,,,,,28.461290322580645,23.0,0.0,0.0
Vernon Scott,,GNB,7,236,2020,Texas Christian,2017,2019,34.0,,,,,,,,,,,,,,S,Texas Christian,,,,,,,,,,,,,,,,,,,,,,,,,,2.0,98.0,1.0,10.0,0.0588235294117647,0.2941176470588235,10.248571428571429,22.0,1.0,1.0
Thakarius Keyes,,KAN,7,237,2020,Tulane,2016,2019,39.0,,,,,,,,,,,,,,DB,Tulane,,,,,,,,,,,,,,,,,,,,,,,,,,2.0,0.0,0.0,18.0,0.0512820512820512,0.4615384615384615,-2.7249999999999996,22.0,1.0,1.0
T.J. Brunson,,NYG,7,238,2020,South Carolina,2016,2019,49.0,,,,,,,,,,,,,,LB,South Carolina,,,,,,,,,,,,,,,,6.0,164.0,119.0,283.0,21.0,0.1224489795918367,3.346938775510204,2.4285714285714284,5.775510204081633,0.4285714285714285,,,,,,,5.917142857142857,22.0,0.0,0.0
Dane Jackson,,BUF,7,239,2020,Pitt,2016,2019,50.0,,,,,,,,,,,,,,DB,Pitt,,,,,,,,,,,,,,,,,,,,,,,,,,4.0,67.0,1.0,39.0,0.08,0.78,6.022,23.0,12.0,12.0
Tommy Stevens,139.1,NOR,7,240,2020,Mississippi State,2016,2019,32.0,121.0,202.0,81.0,59.9,1459.0,15.0,6.0,7.4,3.0,7.2,7.37,12.1,45.6,QB,Mississippi StatePenn State,,,,,,,,,,,,,,,,,,,,,,,,,,,,,,,,16.283783783783782,23.0,,0.0
Chapelle Russell,,TAM,7,241,2020,Temple,2016,2019,45.0,,,,,,,,,,,,,,LB,Temple,,,,,,,,,,,,,,,,3.0,151.0,86.0,237.0,19.5,0.0666666666666666,3.3555555555555556,1.9111111111111112,5.266666666666667,0.4333333333333333,,,,,,,5.114705882352942,23.0,1.0,2.0
Jonathan Garvin,,GNB,7,242,2020,Miami (FL),2017,2019,37.0,,,,,,,,,,,,,,DL,Miami (FL),,,,,,,,,,,,,,,,12.5,46.0,60.0,106.0,29.0,0.3378378378378378,1.2432432432432432,1.6216216216216215,2.864864864864865,0.7837837837837838,,,,,,,14.382758620689653,21.0,3.0,3.0
Chris Jackson,,OTI,7,243,2020,Marshall,2016,2019,49.0,,,,,,,,,,,,,,DB,Marshall,,,,,,,,,,,,,,,,,,,,,,,,,,7.0,200.0,1.0,45.0,0.1428571428571428,0.9183673469387756,-1.547872340425532,22.0,2.0,2.0
Nathan Stanley,134.1,MIN,7,244,2020,Iowa,2016,2019,45.0,673.0,1155.0,482.0,58.3,8302.0,68.0,23.0,5.9,2.0,7.2,7.47,12.3,184.5,QB,Iowa,,,,,,,,,,,,,,,,,,,,,,,,,,,,,,,,12.517592592592594,23.0,,
Raymond Calais,,TAM,7,245,2020,Louisiana,2016,2019,49.0,,,,,,,,,,,,,,RB,Louisiana,236.0,1845.0,7.8,15.0,17.0,145.0,8.5,1.0,37.7,3.0,,,,,,,,,,,,,,,,,,,,,,-6.1466666666666665,22.0,,0.0
Malcolm Perry,169.1,MIA,7,246,2020,Navy,2016,2019,41.0,58.0,113.0,55.0,51.3,1311.0,10.0,5.0,8.8,4.4,11.6,11.38,22.6,32.0,QB,Navy,,,,,,,,,,,,,,,,,,,,,,,,,,,,,,,,-0.9312499999999997,23.0,1.0,1.0
Chris Williamson,,NYG,7,247,2020,Minnesota,2015,2019,38.0,,,,,,,,,,,,,,DB,FloridaMinnesota,,,,,,,,,,,,,,,,,,,,,,,,,,2.0,43.0,1.0,7.0,0.0526315789473684,0.1842105263157894,14.612,23.0,,0.0
Brian Cole,,MIN,7,249,2020,Mississippi State,2015,2015,2.0,,,,,,,,,,,,,,WR,Michigan,,,,,,,,,,,-0.5,1.0,-1.0,-1.0,0.0,,,,,,,,,,,,,,,,,,23.0,,
Brian Cole,,MIN,7,249,2020,Mississippi State,2018,2019,17.0,,,,,,,,,,,,,,S,Mississippi State,,,,,,,,,,,,,,,,,,,,,,,,,,2.0,0.0,0.0,2.0,0.1176470588235294,0.1176470588235294,,23.0,,
Tremayne Anchrum,,RAM,7,250,2020,Clemson,2017,2017,14.0,,,,,,,,,,,,,,T,Clemson,,,,,,,,,,,,,,,,,,,,,,,,,,,,,,,,26.4,22.0,2.0,2.0
Stephen Sullivan,,SEA,7,251,2020,LSU,2017,2019,41.0,,,,,,,,,,,,,,WR,LSU,,,,,,,,,,,17.4,46.0,712.0,15.5,3.0,,,,,,,,,,,,,,,,,26.56875,23.0,0.0,1.0
Tyrie Cleveland,,DEN,7,252,2020,Florida,2016,2019,46.0,,,,,,,,,,,,,,WR,Florida,,,,,,,,,,,27.6,79.0,1271.0,16.1,8.0,,,,,,,,,,,,,,,,,18.557894736842105,22.0,0.0,0.0
Tae Crowder,,NYG,7,255,2020,Georgia,2017,2019,43.0,,,,,,,,,,,,,,LB,Georgia,,,,,,,,,,,,,,,,1.5,50.0,72.0,122.0,10.0,0.0348837209302325,1.162790697674419,1.6744186046511629,2.8372093023255816,0.2325581395348837,,,,,,,29.532258064516128,23.0,16.0,16.0
Trevor Lawrence,164.3,JAX,1,1,2021,Clemson,2018,2020,40.0,758.0,1138.0,380.0,66.6,10098.0,90.0,17.0,7.9,1.5,8.9,9.78,13.3,252.5,QB,Clemson,,,,,,,,,,,,,,,,,,,,,,,,,,,,,,,,27.96666666666667,21.0,52.0,52.0
Zach Wilson,162.9,NYJ,1,2,2021,BYU,2018,2020,30.0,566.0,837.0,271.0,67.6,7652.0,56.0,15.0,6.7,1.8,9.1,9.67,13.5,255.1,QB,BYU,,,,,,,,,,,,,,,,,,,,,,,,,,,,,,,,1.7274725274725273,22.0,13.0,13.0
Kyle Pitts,,ATL,1,4,2021,Florida,2018,2020,32.0,,,,,,,,,,,,,,TE,Florida,,,,,,,,,,,46.6,100.0,1492.0,14.9,18.0,,,,,,,,,,,,,,,,,22.266666666666666,20.0,28.0,28.0
Ja'Marr Chase,,CIN,1,5,2021,LSU,2018,2019,27.0,,,,,,,,,,,,,,WR,LSU,,,,,,,,,,,77.5,107.0,2093.0,19.6,23.0,,,,,,,,,,,,,,,,,31.32,21.0,58.0,58.0
Jaylen Waddle,,MIA,1,6,2021,Alabama,2018,2020,34.0,,,,,,,,,,,,,,WR,Alabama,,,,,,,,,,,58.8,106.0,1999.0,18.9,17.0,,,,,,,,,,,,,,,,,31.975324675324675,22.0,41.0,41.0
Penei Sewell,,DET,1,7,2021,Oregon,2018,2019,21.0,,,,,,,,,,,,,,OL,Oregon,,,,,,,,,,,,,,,,,,,,,,,,,,,,,,,,14.689473684210528,20.0,64.0,64.0
Jaycee Horn,,CAR,1,8,2021,South Carolina,2018,2020,30.0,,,,,,,,,,,,,,DB,South Carolina,,,,,,,,,,,,,,,,,,,,,,,,,,2.0,34.0,0.0,23.0,0.0666666666666666,0.7666666666666667,4.46,21.0,22.0,22.0
Patrick Surtain II,,DEN,1,9,2021,Alabama,2018,2020,41.0,,,,,,,,,,,,,,DB,Alabama,,,,,,,,,,,,,,,,,,,,,,,,,,4.0,69.0,1.0,27.0,0.0975609756097561,0.6585365853658537,32.51363636363636,21.0,51.0,51.0
DeVonta Smith,,PHI,1,10,2021,Alabama,2017,2020,54.0,,,,,,,,,,,,,,WR,Alabama,,,,,,,,,,,73.4,235.0,3965.0,16.9,46.0,,,,,,,,,,,,,,,,,31.19076923076923,22.0,47.0,47.0
Justin Fields,178.8,CHI,1,11,2021,Ohio State,2018,2020,34.0,423.0,618.0,195.0,68.4,5701.0,67.0,9.0,10.8,1.5,9.2,10.74,13.5,167.7,QB,GeorgiaOhio State,,,,,,,,,,,,,,,,,,,,,,,,,,,,,,,,30.1,22.0,34.0,44.0
Micah Parsons,,DAL,1,12,2021,Penn State,2018,2019,26.0,,,,,,,,,,,,,,LB,Penn State,,,,,,,,,,,,,,,,6.5,100.0,92.0,192.0,19.0,0.25,3.8461538461538463,3.5384615384615383,7.384615384615385,0.7307692307692307,,,,,,,22.11764705882353,22.0,56.0,67.0
Rashawn Slater,,SDG,1,13,2021,Northwestern,2017,2019,24.0,,,,,,,,,,,,,,OL,Northwestern,,,,,,,,,,,,,,,,,,,,,,,,,,,,,,,,2.849999999999999,22.0,32.0,32.0
Alijah Vera-Tucker,,NYJ,1,14,2021,USC,2020,2020,6.0,,,,,,,,,,,,,,OL,USC,,,,,,,,,,,,,,,,,,,,,,,,,,,,,,,,,22.0,14.0,14.0
Mac Jones,197.6,NWE,1,15,2021,Alabama,2018,2020,39.0,413.0,556.0,143.0,74.3,6126.0,56.0,7.0,10.1,1.3,11.0,12.47,14.8,157.1,QB,Alabama,,,,,,,,,,,,,,,,,,,,,,,,,,,,,,,,31.68163265306122,23.0,24.0,34.0
Zaven Collins,,CRD,1,16,2021,Tulsa,2018,2020,32.0,,,,,,,,,,,,,,LB,Tulsa,,,,,,,,,,,,,,,,7.5,129.0,107.0,236.0,29.0,0.234375,4.03125,3.34375,7.375,0.90625,,,,,,,-2.721052631578947,22.0,24.0,24.0
Alex Leatherwood,,RAI,1,17,2021,Alabama,2020,2020,12.0,,,,,,,,,,,,,,OL,Alabama,,,,,,,,,,,,,,,,,,,,,,,,,,,,,,,,,22.0,8.0,8.0
Jaelan Phillips,,MIA,1,18,2021,Miami (FL),2017,2020,21.0,,,,,,,,,,,,,,DL,Miami (FL)UCLA,,,,,,,,,,,,,,,,12.5,49.0,37.0,86.0,23.5,0.5952380952380952,2.3333333333333335,1.761904761904762,4.095238095238095,1.119047619047619,,,,,,,6.892,22.0,19.0,23.0
Jamin Davis,,WAS,1,19,2021,Kentucky,2018,2020,35.0,,,,,,,,,,,,,,LB,Kentucky,,,,,,,,,,,,,,,,2.5,68.0,76.0,144.0,5.0,0.0714285714285714,1.9428571428571428,2.1714285714285713,4.114285714285714,0.1428571428571428,,,,,,,7.638888888888889,22.0,16.0,16.0
Kadarius Toney,,NYG,1,20,2021,Florida,2017,2020,38.0,,,,,,,,,,,,,,WR,Florida,,,,,,,,,,,41.8,120.0,1590.0,13.3,12.0,,,,,,,,,,,,,,,,,19.76551724137931,22.0,3.0,7.0
Kwity Paye,,CLT,1,21,2021,Michigan,2017,2020,37.0,,,,,,,,,,,,,,DL,Michigan,,,,,,,,,,,,,,,,11.5,56.0,43.0,99.0,23.5,0.3108108108108108,1.5135135135135136,1.162162162162162,2.675675675675676,0.6351351351351351,,,,,,,18.48709677419355,22.0,32.0,32.0
Caleb Farley,,OTI,1,22,2021,Virginia Tech,2018,2019,24.0,,,,,,,,,,,,,,DB,Virginia Tech,,,,,,,,,,,,,,,,,,,,,,,,,,6.0,14.0,1.0,19.0,0.25,0.7916666666666666,5.672972972972973,22.0,1.0,2.0
Christian Darrisaw,,MIN,1,23,2021,Virginia Tech,2020,2020,10.0,,,,,,,,,,,,,,OL,Virginia Tech,,,,,,,,,,,,,,,,,,,,,,,,,,,,,,,,,22.0,26.0,26.0
Najee Harris,,PIT,1,24,2021,Alabama,2017,2020,55.0,,,,,,,,,,,,,,RB,Alabama,638.0,3843.0,6.0,46.0,80.0,781.0,9.8,11.0,69.9,14.2,,,,,,,,,,,,,,,,,,,,,,31.866666666666667,23.0,29.0,30.0
Travis Etienne,,JAX,1,25,2021,Clemson,2017,2020,55.0,,,,,,,,,,,,,,RB,Clemson,686.0,4952.0,7.2,70.0,102.0,1155.0,11.3,8.0,90.0,21.0,,,,,,,,,,,,,,,,,,,,,,27.62043010752688,22.0,33.0,33.0
Greg Newsome II,,CLE,1,26,2021,Northwestern,2018,2020,21.0,,,,,,,,,,,,,,DB,Northwestern,,,,,,,,,,,,,,,,,,,,,,,,,,1.0,0.0,0.0,24.0,0.0476190476190476,1.1428571428571428,2.0464285714285713,21.0,15.0,19.0
Rashod Bateman,,RAV,1,27,2021,Minnesota,2018,2020,31.0,,,,,,,,,,,,,,WR,Minnesota,,,,,,,,,,,77.3,147.0,2395.0,16.3,19.0,,,,,,,,,,,,,,,,,13.081818181818182,21.0,20.0,20.0
Payton Turner,,NOR,1,28,2021,Houston,2017,2020,39.0,,,,,,,,,,,,,,DL,Houston,,,,,,,,,,,,,,,,10.0,68.0,47.0,115.0,25.0,0.2564102564102564,1.7435897435897436,1.205128205128205,2.948717948717949,0.6410256410256411,,,,,,,2.845945945945946,22.0,3.0,3.0
Eric Stokes,,GNB,1,29,2021,Georgia,2018,2020,36.0,,,,,,,,,,,,,,DB,Georgia,,,,,,,,,,,,,,,,,,,,,,,,,,4.0,94.0,2.0,22.0,0.1111111111111111,0.6111111111111112,26.416666666666668,22.0,9.0,14.0
Gregory Rousseau,,BUF,1,30,2021,Miami (FL),2018,2019,15.0,,,,,,,,,,,,,,DL,Miami (FL),,,,,,,,,,,,,,,,15.5,35.0,24.0,59.0,19.5,1.0333333333333334,2.3333333333333335,1.6,3.933333333333333,1.3,,,,,,,10.876470588235293,21.0,38.0,38.0
Jayson Oweh,,RAV,1,31,2021,Penn State,2018,2020,24.0,,,,,,,,,,,,,,DE,Penn State,,,,,,,,,,,,,,,,7.0,37.0,26.0,63.0,13.5,0.2916666666666667,1.5416666666666667,1.0833333333333333,2.625,0.5625,,,,,,,19.06666666666667,22.0,14.0,16.0
Joe Tryon,,TAM,1,32,2021,Washington,2018,2019,25.0,,,,,,,,,,,,,,LB,Washington,,,,,,,,,,,,,,,,9.0,37.0,24.0,61.0,14.5,0.36,1.48,0.96,2.44,0.58,,,,,,,19.099999999999998,22.0,22.0,23.0
Tyson Campbell,,JAX,2,33,2021,Georgia,2018,2020,33.0,,,,,,,,,,,,,,DB,Georgia,,,,,,,,,,,,,,,,,,,,,,,,,,1.0,40.0,0.0,10.0,0.0303030303030303,0.303030303030303,26.081818181818182,21.0,20.0,25.0
Elijah Moore,,NYJ,2,34,2021,Ole Miss,2018,2020,32.0,,,,,,,,,,,,,,WR,Ole Miss,,,,,,,,,,,76.3,189.0,2441.0,12.9,16.0,,,,,,,,,,,,,,,,,5.74,21.0,7.0,15.0
Javonte Williams,,DEN,2,35,2021,North Carolina,2018,2020,35.0,,,,,,,,,,,,,,RB,North Carolina,366.0,2297.0,6.3,29.0,50.0,539.0,10.8,4.0,65.6,15.4,,,,,,,,,,,,,,,,,,,,,,7.95,21.0,19.0,28.0
Jevon Holland,,MIA,2,36,2021,Oregon,2018,2019,27.0,,,,,,,,,,,,,,S,Oregon,,,,,,,,,,,,,,,,,,,,,,,,,,9.0,72.0,1.0,10.0,0.3333333333333333,0.3703703703703703,13.15,21.0,21.0,25.0
Landon Dickerson,,PHI,2,37,2021,Alabama,2020,2020,11.0,,,,,,,,,,,,,,OL,Alabama,,,,,,,,,,,,,,,,,,,,,,,,,,,,,,,,28.3,22.0,36.0,36.0
Christian Barmore,,NWE,2,38,2021,Alabama,2019,2020,24.0,,,,,,,,,,,,,,DL,Alabama,,,,,,,,,,,,,,,,10.0,34.0,29.0,63.0,15.5,0.4166666666666667,1.4166666666666667,1.2083333333333333,2.625,0.6458333333333334,,,,,,,30.349999999999998,22.0,17.0,17.0
Teven Jenkins,,CHI,2,39,2021,Oklahoma State,2018,2020,32.0,,,,,,,,,,,,,,OL,Oklahoma State,,,,,,,,,,,,,,,,,,,,,,,,,,,,,,,,8.7,23.0,15.0,17.0
Richie Grant,,ATL,2,40,2021,UCF,2017,2020,47.0,,,,,,,,,,,,,,DB,UCF,,,,,,,,,,,,,,,,,,,,,,,,,,10.0,104.0,1.0,18.0,0.2127659574468085,0.3829787234042553,15.686440677966102,23.0,13.0,13.0
Levi Onwuzurike,,DET,2,41,2021,Washington,2017,2019,39.0,,,,,,,,,,,,,,DL,Washington,,,,,,,,,,,,,,,,7.0,47.0,48.0,95.0,16.0,0.1794871794871795,1.205128205128205,1.2307692307692308,2.4358974358974357,0.4102564102564102,,,,,,,19.753846153846155,23.0,7.0,7.0
Liam Eichenberg,,MIA,2,42,2021,Notre Dame,2020,2020,11.0,,,,,,,,,,,,,,OL,Notre Dame,,,,,,,,,,,,,,,,,,,,,,,,,,,,,,,,,23.0,23.0,23.0
Trevon Moehrig-Woodard,,RAI,2,43,2021,Texas Christian,2018,2020,34.0,,,,,,,,,,,,,,S,Texas Christian,,,,,,,,,,,,,,,,,,,,,,,,,,7.0,90.0,0.0,21.0,0.2058823529411764,0.6176470588235294,4.7673469387755105,22.0,20.0,25.0
Kelvin Joseph,,DAL,2,44,2021,Kentucky,2018,2020,20.0,,,,,,,,,,,,,,CB,KentuckyLSU,,,,,,,,,,,,,,,,,,,,,,,,,,4.0,62.0,1.0,2.0,0.2,0.1,10.755555555555555,21.0,2.0,2.0
Jackson Carman,,CIN,2,46,2021,Clemson,2018,2020,39.0,,,,,,,,,,,,,,OL,Clemson,,,,,,,,,,,,,,,,,,,,,,,,,,,,,,,,28.900000000000002,21.0,4.0,5.0
Asante Samuel Jr.,,SDG,2,47,2021,Florida State,2018,2020,32.0,,,,,,,,,,,,,,DB,Florida State,,,,,,,,,,,,,,,,,,,,,,,,,,4.0,74.0,0.0,29.0,0.125,0.90625,-0.864864864864865,21.0,14.0,15.0
Aaron Banks,,SFO,2,48,2021,Notre Dame,2020,2020,11.0,,,,,,,,,,,,,,OL,Notre Dame,,,,,,,,,,,,,,,,,,,,,,,,,,,,,,,,-8.0,24.0,20.0,26.0
Rondale Moore,,CRD,2,49,2021,Purdue,2018,2020,20.0,,,,,,,,,,,,,,WR,Purdue,,,,,,,,,,,95.8,178.0,1915.0,10.8,14.0,,,,,,,,,,,,,,,,,3.3285714285714287,21.0,12.0,12.0
Azeez Ojulari,,NYG,2,50,2021,Georgia,2018,2020,27.0,,,,,,,,,,,,,,LB,Georgia,,,,,,,,,,,,,,,,14.0,41.0,30.0,71.0,19.5,0.5185185185185185,1.5185185185185186,1.1111111111111112,2.6296296296296298,0.7222222222222222,,,,,,,25.370833333333334,21.0,16.0,17.0
Samuel Cosmi,,WAS,2,51,2021,Texas,2018,2020,35.0,,,,,,,,,,,,,,OL,Texas,,,,,,,,,,,,,,,,,,,,,,,,,,,,,,,,11.860000000000001,22.0,26.0,26.0
Jeremiah Owusu-Koramoah,,CLE,2,52,2021,Notre Dame,2019,2020,25.0,,,,,,,,,,,,,,LB,Notre Dame,,,,,,,,,,,,,,,,7.0,96.0,46.0,142.0,24.5,0.28,3.84,1.84,5.68,0.98,,,,,,,19.625,21.0,22.0,22.0
Dayo Odeyingbo,,CLT,2,54,2021,Vanderbilt,2017,2020,44.0,,,,,,,,,,,,,,DL,Vanderbilt,,,,,,,,,,,,,,,,12.0,62.0,63.0,125.0,31.0,0.2727272727272727,1.4090909090909092,1.431818181818182,2.840909090909091,0.7045454545454546,,,,,,,-3.0800000000000005,21.0,12.0,15.0
Pat Freiermuth,,PIT,2,55,2021,Penn State,2018,2020,30.0,,,,,,,,,,,,,,TE,Penn State,,,,,,,,,,,39.5,92.0,1185.0,12.9,16.0,,,,,,,,,,,,,,,,,19.93888888888889,22.0,22.0,22.0
D'Wayne Eskridge,,SEA,2,56,2021,Western Michigan,2016,2020,45.0,,,,,,,,,,,,,,WR,Western Michigan,,,,,,,,,,,50.2,122.0,2260.0,18.5,15.0,,,,,,,,,,,,,,,,,0.1976744186046512,24.0,2.0,3.0
Chatarius Atwell,,RAM,2,57,2021,Louisville,2018,2020,34.0,,,,,,,,,,,,,,WR,Louisville,,,,,,,,,,,67.9,140.0,2307.0,16.5,21.0,,,,,,,,,,,,,,,,,-0.26521739130434774,21.0,14.0,14.0
Nick Bolton,,KAN,2,58,2021,Missouri,2018,2020,35.0,,,,,,,,,,,,,,LB,Missouri,,,,,,,,,,,,,,,,4.0,141.0,83.0,224.0,16.5,0.1142857142857142,4.0285714285714285,2.371428571428571,6.4,0.4714285714285714,,,,,,,9.860606060606061,21.0,30.0,30.0
Terrace Marshall Jr.,,CAR,2,59,2021,LSU,2018,2020,32.0,,,,,,,,,,,,,,WR,LSU,,,,,,,,,,,49.8,106.0,1594.0,15.0,23.0,,,,,,,,,,,,,,,,,18.583333333333332,21.0,6.0,6.0
Pete Werner,,NOR,2,60,2021,Ohio State,2017,2020,47.0,,,,,,,,,,,,,,LB,Ohio State,,,,,,,,,,,,,,,,4.0,111.0,74.0,185.0,16.0,0.0851063829787234,2.3617021276595747,1.574468085106383,3.9361702127659575,0.3404255319148936,,,,,,,30.251612903225805,22.0,30.0,30.0
Carlos Basham Jr.,,BUF,2,61,2021,Wake Forest,2017,2020,45.0,,,,,,,,,,,,,,DL,Wake Forest,,,,,,,,,,,,,,,,20.5,97.0,76.0,173.0,36.5,0.4555555555555555,2.155555555555555,1.6888888888888889,3.844444444444445,0.8111111111111111,,,,,,,4.723529411764706,23.0,3.0,4.0
Josh Myers,,GNB,2,62,2021,Ohio State,2020,2020,4.0,,,,,,,,,,,,,,C,Ohio State,,,,,,,,,,,,,,,,,,,,,,,,,,,,,,,,,23.0,27.0,32.0
Creed Humphrey,,KAN,2,63,2021,Oklahoma,2018,2020,39.0,,,,,,,,,,,,,,OL,Oklahoma,,,,,,,,,,,,,,,,,,,,,,,,,,,,,,,,21.866666666666667,22.0,51.0,51.0
Kyle Trask,168.5,TAM,2,64,2021,Florida,2018,2020,28.0,552.0,813.0,261.0,67.9,7386.0,69.0,15.0,8.5,1.8,9.1,9.95,13.4,263.8,QB,Florida,,,,,,,,,,,,,,,,,,,,,,,,,,,,,,,,22.065671641791045,23.0,0.0,0.0
Andre Cisco,,JAX,3,65,2021,Syracuse,2018,2020,24.0,,,,,,,,,,,,,,DB,Syracuse,,,,,,,,,,,,,,,,,,,,,,,,,,13.0,143.0,1.0,16.0,0.5416666666666666,0.6666666666666666,-1.766666666666667,21.0,18.0,20.0
Kellen Mond,132.0,MIN,3,66,2021,Texas A&M,2017,2020,47.0,801.0,1358.0,557.0,59.0,9661.0,71.0,27.0,5.2,2.0,7.1,7.27,12.1,205.6,QB,Texas A&M,,,,,,,,,,,,,,,,,,,,,,,,,,,,,,,,16.182089552238807,22.0,0.0,0.0
Davis Mills,141.9,HTX,3,67,2021,Stanford,2018,2020,14.0,287.0,438.0,151.0,65.5,3468.0,18.0,8.0,4.1,1.8,7.9,7.92,12.1,247.7,QB,Stanford,,,,,,,,,,,,,,,,,,,,,,,,,,,,,,,,1.8,22.0,17.0,17.0
Jalen Mayfield,,ATL,3,68,2021,Michigan,2019,2020,15.0,,,,,,,,,,,,,,OL,Michigan,,,,,,,,,,,,,,,,,,,,,,,,,,,,,,,,20.7,21.0,7.0,7.0
Joseph Ossai,,CIN,3,69,2021,Texas,2018,2020,36.0,,,,,,,,,,,,,,LB,Texas,,,,,,,,,,,,,,,,11.0,101.0,64.0,165.0,30.5,0.3055555555555556,2.8055555555555554,1.7777777777777777,4.583333333333333,0.8472222222222222,,,,,,,11.00357142857143,21.0,10.0,10.0
Brady Christensen,,CAR,3,70,2021,BYU,2018,2020,25.0,,,,,,,,,,,,,,OL,BYU,,,,,,,,,,,,,,,,,,,,,,,,,,,,,,,,13.783333333333333,24.0,14.0,14.0
Aaron Robinson,,NYG,3,71,2021,UCF,2016,2020,44.0,,,,,,,,,,,,,,DB,AlabamaUCF,,,,,,,,,,,,,,,,,,,,,,,,,,3.0,40.0,0.0,17.0,0.0681818181818181,0.3863636363636363,12.866666666666667,22.0,2.0,2.0
Alim McNeill,,DET,3,72,2021,North Carolina State,2018,2020,36.0,,,,,,,,,,,,,,DT,North Carolina State,,,,,,,,,,,,,,,,10.0,36.0,42.0,78.0,17.5,0.2777777777777778,1.0,1.1666666666666667,2.1666666666666665,0.4861111111111111,,,,,,,0.7750000000000001,21.0,23.0,23.0
Milton Williams,,PHI,3,73,2021,Louisiana Tech,2018,2020,30.0,,,,,,,,,,,,,,DE,Louisiana Tech,,,,,,,,,,,,,,,,10.0,49.0,57.0,106.0,19.0,0.3333333333333333,1.6333333333333333,1.9,3.533333333333333,0.6333333333333333,,,,,,,-4.307407407407407,22.0,11.0,17.0
Benjamin St-Juste,,WAS,3,74,2021,Minnesota,2017,2020,30.0,,,,,,,,,,,,,,DB,MichiganMinnesota,,,,,,,,,,,,,,,,,,,,,,,,,,0.0,0.0,0.0,13.0,0.0,0.4333333333333333,14.566666666666666,23.0,12.0,14.0
Osa Odighizuwa,,DAL,3,75,2021,UCLA,2017,2020,43.0,,,,,,,,,,,,,,DL,UCLA,,,,,,,,,,,,,,,,11.5,67.0,53.0,120.0,27.5,0.2674418604651162,1.558139534883721,1.2325581395348837,2.7906976744186047,0.6395348837209303,,,,,,,0.36129032258064525,23.0,31.0,31.0
Paulson Adebo,,NOR,3,76,2021,Stanford,2018,2019,22.0,,,,,,,,,,,,,,CB,Stanford,,,,,,,,,,,,,,,,,,,,,,,,,,8.0,49.0,0.0,30.0,0.3636363636363636,1.3636363636363635,4.1499999999999995,22.0,19.0,22.0
Josh Palmer,,SDG,3,77,2021,Tennessee,2017,2020,47.0,,,,,,,,,,,,,,WR,Tennessee,,,,,,,,,,,32.2,99.0,1514.0,15.3,7.0,,,,,,,,,,,,,,,,,4.473809523809524,21.0,19.0,21.0
Chazz Surratt,123.8,MIN,3,78,2021,North Carolina,2017,2018,10.0,111.0,193.0,82.0,57.5,1352.0,8.0,6.0,4.1,3.1,7.0,6.44,12.2,135.2,QB,North Carolina,,,,,,,,,,,,,,,,,,,,,,,,,,,,,,,,7.073134328358209,24.0,1.0,6.0
Chazz Surratt,,MIN,3,78,2021,North Carolina,2019,2020,24.0,,,,,,,,,,,,,,LB,North Carolina,,,,,,,,,,,,,,,,12.5,115.0,91.0,206.0,22.5,0.5208333333333334,4.791666666666667,3.7916666666666665,8.583333333333334,0.9375,,,,,,,7.073134328358209,24.0,1.0,6.0
Malcolm Koonce,,RAI,3,79,2021,Buffalo,2017,2020,45.0,,,,,,,,,,,,,,DE,Buffalo,,,,,,,,,,,,,,,,18.0,61.0,49.0,110.0,22.5,0.4,1.3555555555555556,1.0888888888888888,2.4444444444444446,0.5,,,,,,,-3.225,23.0,9.0,9.0
Divine Deablo,,RAI,3,80,2021,Virginia Tech,2016,2016,14.0,,,,,,,,,,,,,,WR,Virginia Tech,,,,,,,,,,,0.6,1.0,8.0,8.0,0.0,,,,,,,,,,,,,,,,,11.058620689655172,23.0,19.0,25.0
Divine Deablo,,RAI,3,80,2021,Virginia Tech,2017,2020,37.0,,,,,,,,,,,,,,DB,Virginia Tech,,,,,,,,,,,,,,,,,,,,,,,,,,6.0,5.0,0.0,11.0,0.1621621621621621,0.2972972972972973,11.058620689655172,23.0,19.0,25.0
Hunter Long,,MIA,3,81,2021,Boston College,2018,2020,36.0,,,,,,,,,,,,,,TE,Boston College,,,,,,,,,,,36.0,89.0,1297.0,14.6,9.0,,,,,,,,,,,,,,,,,-1.959375,23.0,0.0,2.0
Dyami Brown,,WAS,3,82,2021,North Carolina,2018,2020,34.0,,,,,,,,,,,,,,WR,North Carolina,,,,,,,,,,,67.8,123.0,2306.0,18.7,21.0,,,,,,,,,,,,,,,,,9.025,21.0,6.0,7.0
Tommy Tremble,,CAR,3,83,2021,Notre Dame,2019,2020,25.0,,,,,,,,,,,,,,TE,Notre Dame,,,,,,,,,,,15.8,35.0,396.0,11.3,4.0,,,,,,,,,,,,,,,,,19.9,21.0,7.0,7.0
Chauncey Golston,,DAL,3,84,2021,Iowa,2017,2020,44.0,,,,,,,,,,,,,,DE,Iowa,,,,,,,,,,,,,,,,12.0,71.0,58.0,129.0,27.0,0.2727272727272727,1.6136363636363635,1.318181818181818,2.9318181818181817,0.6136363636363636,,,,,,,13.798,23.0,12.0,12.0
Amari Rodgers,,GNB,3,85,2021,Clemson,2017,2020,55.0,,,,,,,,,,,,,,WR,Clemson,,,,,,,,,,,39.0,181.0,2144.0,11.8,15.0,,,,,,,,,,,,,,,,,27.845132743362832,21.0,1.0,2.0
Wyatt Davis,,MIN,3,86,2021,Ohio State,2020,2020,6.0,,,,,,,,,,,,,,OL,Ohio State,,,,,,,,,,,,,,,,,,,,,,,,,,,,,,,,28.4,22.0,0.0,0.0
Kendrick Green,,PIT,3,87,2021,Illinois,2018,2020,33.0,,,,,,,,,,,,,,OL,Illinois,,,,,,,,,,,,,,,,,,,,,,,,,,,,,,,,-3.65,22.0,5.0,7.0
Trey Sermon,,SFO,3,88,2021,Ohio State,2017,2020,45.0,,,,,,,,,,,,,,RB,Ohio StateOklahoma,455.0,2946.0,6.5,26.0,48.0,486.0,10.1,3.0,65.5,10.8,,,,,,,,,,,,,,,,,,,,,,25.116666666666667,22.0,1.0,4.0
Nico Collins,,HTX,3,89,2021,Michigan,2017,2019,29.0,,,,,,,,,,,,,,WR,Michigan,,,,,,,,,,,47.9,78.0,1388.0,17.8,13.0,,,,,,,,,,,,,,,,,20.745454545454546,22.0,33.0,33.0
Patrick Jones II,,MIN,3,90,2021,Pitt,2017,2020,48.0,,,,,,,,,,,,,,DL,Pitt,,,,,,,,,,,,,,,,21.5,67.0,49.0,116.0,33.0,0.4479166666666667,1.3958333333333333,1.0208333333333333,2.4166666666666665,0.6875,,,,,,,4.825806451612903,22.0,7.0,8.0
Anthony Schwartz,,CLE,3,91,2021,Auburn,2018,2020,36.0,,,,,,,,,,,,,,WR,Auburn,,,,,,,,,,,39.8,117.0,1433.0,12.2,6.0,,,,,,,,,,,,,,,,,19.066666666666666,21.0,2.0,2.0
Monty Rice,,OTI,3,92,2021,Georgia,2017,2020,47.0,,,,,,,,,,,,,,LB,Georgia,,,,,,,,,,,,,,,,2.0,115.0,104.0,219.0,10.5,0.0425531914893617,2.4468085106382977,2.2127659574468086,4.659574468085107,0.2234042553191489,,,,,,,25.67096774193548,22.0,6.0,7.0
Ben Cleveland,,RAV,3,94,2021,Georgia,2017,2020,24.0,,,,,,,,,,,,,,OL,Georgia,,,,,,,,,,,,,,,,,,,,,,,,,,,,,,,,19.04375,23.0,6.0,6.0
Robert Hainsey,,TAM,3,95,2021,Notre Dame,2017,2020,24.0,,,,,,,,,,,,,,OL,Notre Dame,,,,,,,,,,,,,,,,,,,,,,,,,,,,,,,,20.8,23.0,15.0,23.0
Ronnie Perkins,,NWE,3,96,2021,Oklahoma,2018,2020,33.0,,,,,,,,,,,,,,DE,Oklahoma,,,,,,,,,,,,,,,,17.5,62.0,38.0,100.0,33.0,0.5303030303030303,1.878787878787879,1.1515151515151516,3.0303030303030303,1.0,,,,,,,21.866666666666667,21.0,,0.0
Tre' McKitty,,SDG,3,97,2021,Georgia,2017,2020,42.0,,,,,,,,,,,,,,TE,Florida StateGeorgia,,,,,,,,,,,15.0,56.0,628.0,11.2,3.0,,,,,,,,,,,,,,,,,9.986956521739131,22.0,1.0,1.0
Nahshon Wright,,DAL,3,99,2021,Oregon State,2019,2020,18.0,,,,,,,,,,,,,,DB,Oregon State,,,,,,,,,,,,,,,,,,,,,,,,,,5.0,14.0,0.0,6.0,0.2777777777777778,0.3333333333333333,-0.7,22.0,2.0,11.0
Elijah Molden,,OTI,3,100,2021,Washington,2017,2020,44.0,,,,,,,,,,,,,,DB,Washington,,,,,,,,,,,,,,,,,,,,,,,,,,5.0,69.0,0.0,20.0,0.1136363636363636,0.4545454545454545,17.407692307692308,22.0,6.0,16.0
Ifeatu Melifonwu,,DET,3,101,2021,Syracuse,2018,2020,29.0,,,,,,,,,,,,,,DB,Syracuse,,,,,,,,,,,,,,,,,,,,,,,,,,3.0,0.0,0.0,22.0,0.1034482758620689,0.7586206896551724,-1.4941176470588238,22.0,6.0,8.0
Ambry Thomas,,SFO,3,102,2021,Michigan,2017,2019,39.0,,,,,,,,,,,,,,DB,Michigan,,,,,,,,,,,,,,,,,,,,,,,,,,4.0,6.0,0.0,5.0,0.1025641025641025,0.1282051282051282,21.06551724137931,21.0,6.0,6.0
Ernest Jones,,RAM,3,103,2021,South Carolina,2018,2020,26.0,,,,,,,,,,,,,,LB,South Carolina,,,,,,,,,,,,,,,,2.0,111.0,88.0,199.0,10.5,0.0769230769230769,4.269230769230769,3.3846153846153846,7.653846153846154,0.4038461538461538,,,,,,,5.735483870967743,21.0,13.0,37.0
Brandon Stephens,,RAV,3,104,2021,SMU,2016,2017,20.0,,,,,,,,,,,,,,RB,UCLA,65.0,277.0,4.3,1.0,12.0,108.0,9.0,0.0,13.9,5.4,,,,,,,,,,,,,,,,,,,,,,2.6824561403508773,23.0,16.0,20.0
Brandon Stephens,,RAV,3,104,2021,SMU,2019,2020,23.0,,,,,,,,,,,,,,DB,SMU,,,,,,,,,,,,,,,,,,,,,,,,,,1.0,0.0,0.0,22.0,0.0434782608695652,0.9565217391304348,2.6824561403508773,23.0,16.0,20.0
Baron Browning,,DEN,3,105,2021,Ohio State,2017,2020,43.0,,,,,,,,,,,,,,LB,Ohio State,,,,,,,,,,,,,,,,7.0,65.0,45.0,110.0,18.0,0.1627906976744186,1.5116279069767442,1.0465116279069768,2.558139534883721,0.4186046511627907,,,,,,,28.813888888888886,22.0,15.0,18.0
Jay Tufele,,JAX,4,106,2021,USC,2018,2019,25.0,,,,,,,,,,,,,,DL,USC,,,,,,,,,,,,,,,,7.5,36.0,29.0,65.0,11.0,0.3,1.44,1.16,2.6,0.44,,,,,,,11.1,22.0,0.0,5.0
Michael Carter,,NYJ,4,107,2021,North Carolina,2017,2020,44.0,,,,,,,,,,,,,,RB,North Carolina,514.0,3403.0,6.6,22.0,82.0,656.0,8.0,6.0,77.3,14.9,,,,,,,,,,,,,,,,,,,,,,5.513414634146342,22.0,11.0,16.0
Darren Hall,,ATL,4,108,2021,San Diego State,2017,2020,35.0,,,,,,,,,,,,,,S,San Diego State,,,,,,,,,,,,,,,,,,,,,,,,,,6.0,81.0,1.0,25.0,0.1714285714285714,0.7142857142857143,4.274418604651163,21.0,4.0,5.0
Dez Fitzpatrick,,OTI,4,109,2021,Louisville,2017,2020,49.0,,,,,,,,,,,,,,WR,Louisville,,,,,,,,,,,52.8,154.0,2589.0,16.8,21.0,,,,,,,,,,,,,,,,,3.604761904761905,23.0,0.0,0.0
James Hudson,,CLE,4,110,2021,Cincinnati,2018,2020,13.0,,,,,,,,,,,,,,OL,CincinnatiMichigan,,,,,,,,,,,,,,,,,,,,,,,,,,,,,,,,,22.0,8.0,9.0
Cameron Sample,,CIN,4,111,2021,Tulane,2017,2020,46.0,,,,,,,,,,,,,,DE,Tulane,,,,,,,,,,,,,,,,10.5,91.0,71.0,162.0,21.0,0.2282608695652173,1.9782608695652173,1.5434782608695652,3.5217391304347827,0.4565217391304347,,,,,,,2.1527777777777777,21.0,7.0,7.0
Amon-Ra St. Brown,,DET,4,112,2021,USC,2018,2020,31.0,,,,,,,,,,,,,,WR,USC,,,,,,,,,,,73.2,178.0,2270.0,12.8,16.0,,,,,,,,,,,,,,,,,11.555384615384616,21.0,57.0,57.0
Derrick Barnes,,DET,4,113,2021,Purdue,2017,2020,42.0,,,,,,,,,,,,,,LB,Purdue,,,,,,,,,,,,,,,,10.5,158.0,67.0,225.0,25.0,0.25,3.761904761904762,1.5952380952380951,5.357142857142857,0.5952380952380952,,,,,,,4.114285714285714,22.0,17.0,17.0
Drew Dalman,,ATL,4,114,2021,Stanford,2017,2020,6.0,,,,,,,,,,,,,,C,Stanford,,,,,,,,,,,,,,,,,,,,,,,,,,,,,,,,15.8,22.0,15.0,25.0
Jabril Cox,,DAL,4,115,2021,LSU,2020,2020,10.0,,,,,,,,,,,,,,LB,LSU,,,,,,,,,,,,,,,,1.0,39.0,19.0,58.0,6.5,0.1,3.9,1.9,5.8,0.65,,,,,,,6.0,23.0,2.0,3.0
Bobby Brown III,,RAM,4,117,2021,Texas A&M,2018,2020,35.0,,,,,,,,,,,,,,DL,Texas A&M,,,,,,,,,,,,,,,,6.0,23.0,34.0,57.0,10.5,0.1714285714285714,0.6571428571428571,0.9714285714285714,1.6285714285714286,0.3,,,,,,,17.6,21.0,13.0,16.0
Chris Rumph II,,SDG,4,118,2021,Duke,2018,2020,36.0,,,,,,,,,,,,,,DE,Duke,,,,,,,,,,,,,,,,17.5,56.0,69.0,125.0,34.0,0.4861111111111111,1.5555555555555556,1.9166666666666667,3.4722222222222223,0.9444444444444444,,,,,,,-0.17037037037037045,22.0,3.0,4.0
Kene Nwangwu,,MIN,4,119,2021,Iowa State,2016,2020,50.0,,,,,,,,,,,,,,RB,Iowa State,143.0,744.0,5.2,4.0,7.0,57.0,8.1,0.0,14.9,1.1,,,,,,,,,,,,,,,,,,,,,,8.301298701298702,23.0,3.0,5.0
Rhamondre Stevenson,,NWE,4,120,2021,Oklahoma,2019,2020,19.0,,,,,,,,,,,,,,RB,Oklahoma,165.0,1180.0,7.2,13.0,28.0,298.0,10.6,0.0,62.1,15.7,,,,,,,,,,,,,,,,,,,,,,20.89090909090909,23.0,28.0,28.0
Jordan Smith,,JAX,4,121,2021,UAB,2019,2020,23.0,,,,,,,,,,,,,,LB,UAB,,,,,,,,,,,,,,,,14.5,58.0,38.0,96.0,27.0,0.6304347826086957,2.5217391304347827,1.6521739130434785,4.173913043478261,1.173913043478261,,,,,,,6.569230769230769,23.0,0.0,0.0
Tyler Shelvin,,CIN,4,122,2021,LSU,2018,2019,21.0,,,,,,,,,,,,,,NT,LSU,,,,,,,,,,,,,,,,1.5,15.0,33.0,48.0,4.5,0.0714285714285714,0.7142857142857143,1.5714285714285714,2.2857142857142856,0.2142857142857142,,,,,,,28.650000000000002,23.0,0.0,0.0
Zech McPhearson,,PHI,4,123,2021,Texas Tech,2017,2020,45.0,,,,,,,,,,,,,,CB,Penn StateTexas Tech,,,,,,,,,,,,,,,,,,,,,,,,,,4.0,21.0,0.0,14.0,0.0888888888888888,0.3111111111111111,10.994827586206897,23.0,2.0,2.0
John Bates,,WAS,4,124,2021,Boise State,2017,2020,46.0,,,,,,,,,,,,,,TE,Boise State,,,,,,,,,,,12.6,47.0,579.0,12.3,2.0,,,,,,,,,,,,,,,,,8.785185185185185,23.0,6.0,6.0
Camryn Bynum,,MIN,4,125,2021,California,2017,2020,42.0,,,,,,,,,,,,,,CB,California,,,,,,,,,,,,,,,,,,,,,,,,,,6.0,20.0,0.0,29.0,0.1428571428571428,0.6904761904761905,0.6749999999999999,23.0,19.0,26.0
Chuba Hubbard,,CAR,4,126,2021,Oklahoma State,2018,2020,33.0,,,,,,,,,,,,,,RB,Oklahoma State,585.0,3459.0,5.9,33.0,53.0,479.0,9.0,3.0,104.8,14.5,,,,,,,,,,,,,,,,,,,,,,12.303571428571429,22.0,27.0,27.0
Kylen Granson,,CLT,4,127,2021,SMU,2016,2020,39.0,,,,,,,,,,,,,,WR,RiceSMU,,,,,,,,,,,48.2,129.0,1879.0,14.6,16.0,,,,,,,,,,,,,,,,,-8.249122807017544,23.0,8.0,8.0
Dan Moore Jr.,,PIT,4,128,2021,Texas A&M,2020,2020,9.0,,,,,,,,,,,,,,OL,Texas A&M,,,,,,,,,,,,,,,,,,,,,,,,,,,,,,,,,22.0,28.0,32.0
Jaelon Darden,,TAM,4,129,2021,North Texas,2017,2020,48.0,,,,,,,,,,,,,,WR,North Texas,,,,,,,,,,,58.0,230.0,2782.0,12.1,38.0,,,,,,,,,,,,,,,,,-4.514432989690722,22.0,0.0,0.0
Tylan Wallace,,RAV,4,131,2021,Oklahoma State,2017,2020,45.0,,,,,,,,,,,,,,WR,Oklahoma State,,,,,,,,,,,76.3,205.0,3434.0,16.8,26.0,,,,,,,,,,,,,,,,,13.938636363636363,22.0,3.0,3.0
Tommy Togiai,,CLE,4,132,2021,Ohio State,2018,2020,33.0,,,,,,,,,,,,,,DT,Ohio State,,,,,,,,,,,,,,,,3.0,27.0,22.0,49.0,8.5,0.0909090909090909,0.8181818181818182,0.6666666666666666,1.4848484848484849,0.2575757575757575,,,,,,,29.299999999999997,21.0,2.0,7.0
Ian Book,147.0,NOR,4,133,2021,Notre Dame,2017,2020,47.0,728.0,1141.0,413.0,63.8,8948.0,72.0,20.0,6.3,1.8,7.8,8.32,12.3,190.4,QB,Notre Dame,,,,,,,,,,,,,,,,,,,,,,,,,,,,,,,,20.130434782608695,23.0,0.0,0.0
Janarius Robinson,,MIN,4,134,2021,Florida State,2017,2020,42.0,,,,,,,,,,,,,,DE,Florida State,,,,,,,,,,,,,,,,8.0,55.0,50.0,105.0,20.5,0.1904761904761904,1.3095238095238095,1.1904761904761905,2.5,0.4880952380952381,,,,,,,4.938709677419355,22.0,,2.0
Rashad Weaver,,OTI,4,135,2021,Pitt,2017,2020,35.0,,,,,,,,,,,,,,DL,Pitt,,,,,,,,,,,,,,,,17.0,67.0,43.0,110.0,34.5,0.4857142857142857,1.9142857142857144,1.2285714285714286,3.142857142857143,0.9857142857142858,,,,,,,4.777777777777778,23.0,5.0,5.0
Marco Wilson,,CRD,4,136,2021,Florida,2017,2020,36.0,,,,,,,,,,,,,,CB,Florida,,,,,,,,,,,,,,,,,,,,,,,,,,3.0,0.0,0.0,17.0,0.0833333333333333,0.4722222222222222,19.82,22.0,12.0,12.0
Tre Brown,,SEA,4,137,2021,Oklahoma,2017,2020,51.0,,,,,,,,,,,,,,CB,Oklahoma,,,,,,,,,,,,,,,,,,,,,,,,,,4.0,1.0,0.0,31.0,0.0784313725490196,0.6078431372549019,21.40281690140845,23.0,6.0,6.0
Josh Ball,,DAL,4,138,2021,Marshall,2020,2020,8.0,,,,,,,,,,,,,,OL,Marshall,,,,,,,,,,,,,,,,,,,,,,,,,,,,,,,,,23.0,1.0,1.0
D'ante Smith,,CIN,4,139,2021,East Carolina,2019,2020,13.0,,,,,,,,,,,,,,OL,East Carolina,,,,,,,,,,,,,,,,,,,,,,,,,,,,,,,,,23.0,1.0,1.0
Buddy Johnson,,PIT,4,140,2021,Texas A&M,2017,2020,47.0,,,,,,,,,,,,,,LB,Texas A&M,,,,,,,,,,,,,,,,6.5,102.0,108.0,210.0,24.5,0.1382978723404255,2.1702127659574466,2.297872340425532,4.468085106382978,0.5212765957446809,,,,,,,16.05263157894737,22.0,0.0,2.0
Jacob Harris,,RAM,4,141,2021,UCF,2018,2020,36.0,,,,,,,,,,,,,,WR,UCF,,,,,,,,,,,27.4,49.0,987.0,20.1,9.0,,,,,,,,,,,,,,,,,15.692592592592591,24.0,0.0,0.0
Royce Newman,,GNB,4,142,2021,Ole Miss,2019,2020,21.0,,,,,,,,,,,,,,OL,Ole Miss,,,,,,,,,,,,,,,,,,,,,,,,,,,,,,,,3.85,24.0,14.0,14.0
Tyree Gillespie,,RAI,4,143,2021,Missouri,2017,2020,41.0,,,,,,,,,,,,,,S,Missouri,,,,,,,,,,,,,,,,,,,,,,,,,,0.0,0.0,0.0,12.0,0.0,0.2926829268292683,9.674999999999999,23.0,1.0,1.0
Joshua Kaindoh,,KAN,4,144,2021,Florida State,2017,2020,36.0,,,,,,,,,,,,,,DE,Florida State,,,,,,,,,,,,,,,,8.5,36.0,23.0,59.0,17.0,0.2361111111111111,1.0,0.6388888888888888,1.6388888888888888,0.4722222222222222,,,,,,,4.003125,22.0,0.0,0.0
Luke Farrell,,JAX,5,145,2021,Ohio State,2017,2020,43.0,,,,,,,,,,,,,,TE,Ohio State,,,,,,,,,,,8.8,34.0,380.0,11.2,4.0,,,,,,,,,,,,,,,,,29.7,23.0,2.0,3.0
Jamien Sherwood,,NYJ,5,146,2021,Auburn,2018,2020,37.0,,,,,,,,,,,,,,DB,Auburn,,,,,,,,,,,,,,,,,,,,,,,,,,1.0,0.0,0.0,11.0,0.027027027027027,0.2972972972972973,19.212903225806453,21.0,16.0,16.0
Brevin Jordan,,HTX,5,147,2021,Miami (FL),2018,2020,31.0,,,,,,,,,,,,,,TE,Miami (FL),,,,,,,,,,,43.8,105.0,1358.0,12.9,13.0,,,,,,,,,,,,,,,,,11.948717948717949,21.0,4.0,4.0
Ta'quon Graham,,ATL,5,148,2021,Texas,2017,2020,48.0,,,,,,,,,,,,,,DL,Texas,,,,,,,,,,,,,,,,7.0,41.0,31.0,72.0,23.0,0.1458333333333333,0.8541666666666666,0.6458333333333334,1.5,0.4791666666666667,,,,,,,,22.0,9.0,9.0
Kenny Gainwell,,PHI,5,150,2021,Memphis,2018,2019,18.0,,,,,,,,,,,,,,RB,Memphis,235.0,1550.0,6.6,14.0,57.0,662.0,11.6,3.0,86.1,36.8,,,,,,,,,,,,,,,,,,,,,,,22.0,15.0,24.0
Larry Borom,,CHI,5,151,2021,Missouri,2020,2020,8.0,,,,,,,,,,,,,,OL,Missouri,,,,,,,,,,,,,,,,,,,,,,,,,,,,,,,,,22.0,13.0,17.0
Caden Sterns,,DEN,5,152,2021,Texas,2018,2020,29.0,,,,,,,,,,,,,,DB,Texas,,,,,,,,,,,,,,,,,,,,,,,,,,5.0,33.0,0.0,8.0,0.1724137931034483,0.2758620689655172,10.862068965517242,21.0,3.0,3.0
Tony Fields II,,CLE,5,153,2021,West Virginia,2017,2020,46.0,,,,,,,,,,,,,,LB,ArizonaWest Virginia,,,,,,,,,,,,,,,,9.5,215.0,160.0,375.0,21.0,0.2065217391304347,4.673913043478261,3.4782608695652173,8.152173913043478,0.4565217391304347,,,,,,,1.7850000000000001,22.0,9.0,9.0
Michael Carter II,,NYJ,5,154,2021,Duke,2017,2020,46.0,,,,,,,,,,,,,,S,Duke,,,,,,,,,,,,,,,,,,,,,,,,,,4.0,38.0,0.0,24.0,0.0869565217391304,0.5217391304347826,0.7854166666666665,22.0,10.0,11.0
Jaylon Moore,,SFO,5,155,2021,Western Michigan,2020,2020,6.0,,,,,,,,,,,,,,T,Western Michigan,,,,,,,,,,,,,,,,,,,,,,,,,,,,,,,,-4.9,23.0,8.0,11.0
Isaiahh Loudermilk,,PIT,5,156,2021,Wisconsin,2017,2020,40.0,,,,,,,,,,,,,,DE,Wisconsin,,,,,,,,,,,,,,,,7.5,36.0,27.0,63.0,11.5,0.1875,0.9,0.675,1.575,0.2875,,,,,,,22.275000000000002,23.0,6.0,6.0
Ihmir Smith-Marsette,,MIN,5,157,2021,Iowa,2017,2020,44.0,,,,,,,,,,,,,,WR,Iowa,,,,,,,,,,,36.7,110.0,1615.0,14.7,13.0,,,,,,,,,,,,,,,,,14.329885057471264,22.0,1.0,4.0
Daviyon Nixon,,CAR,5,158,2021,Iowa,2019,2020,21.0,,,,,,,,,,,,,,DT,Iowa,,,,,,,,,,,,,,,,8.5,41.0,33.0,74.0,19.0,0.4047619047619047,1.9523809523809523,1.5714285714285714,3.5238095238095237,0.9047619047619048,,,,,,,16.455555555555556,22.0,1.0,1.0
Brenden Jaimes,,SDG,5,159,2021,Nebraska,2020,2020,7.0,,,,,,,,,,,,,,OL,Nebraska,,,,,,,,,,,,,,,,,,,,,,,,,,,,,,,,,22.0,5.0,5.0
Shaun Wade,,RAV,5,160,2021,Ohio State,2018,2020,35.0,,,,,,,,,,,,,,CB,Ohio State,,,,,,,,,,,,,,,,,,,,,,,,,,6.0,48.0,1.0,19.0,0.1714285714285714,0.5428571428571428,29.3,22.0,,3.0
Tommy Doyle,,BUF,5,161,2021,Miami (OH),2016,2020,9.0,,,,,,,,,,,,,,OL,Miami (OH),,,,,,,,,,,,,,,,,,,,,,,,,,,,,,,,-4.15,23.0,1.0,1.0
Noah Gray,,KAN,5,162,2021,Duke,2017,2020,48.0,,,,,,,,,,,,,,TE,Duke,,,,,,,,,,,19.8,105.0,948.0,9.0,8.0,,,,,,,,,,,,,,,,,-0.45660377358490584,22.0,11.0,11.0
Darrick Forrest,,WAS,5,163,2021,Cincinnati,2017,2020,49.0,,,,,,,,,,,,,,S,Cincinnati,,,,,,,,,,,,,,,,,,,,,,,,,,6.0,96.0,0.0,6.0,0.1224489795918367,0.1224489795918367,7.552083333333333,22.0,7.0,7.0
Jamar Johnson,,DEN,5,164,2021,Indiana,2018,2020,31.0,,,,,,,,,,,,,,DB,Indiana,,,,,,,,,,,,,,,,,,,,,,,,,,7.0,166.0,1.0,7.0,0.2258064516129032,0.2258064516129032,8.755555555555555,21.0,0.0,0.0
Shawn Davis,,CLT,5,165,2021,Florida,2017,2020,37.0,,,,,,,,,,,,,,DB,Florida,,,,,,,,,,,,,,,,,,,,,,,,,,5.0,156.0,0.0,10.0,0.1351351351351351,0.2702702702702703,13.504999999999999,23.0,,0.0
Keith Taylor,,CAR,5,166,2021,Washington,2017,2020,43.0,,,,,,,,,,,,,,DB,Washington,,,,,,,,,,,,,,,,,,,,,,,,,,0.0,0.0,0.0,10.0,0.0,0.2325581395348837,18.0,22.0,4.0,5.0
Nate Hobbs,,RAI,5,167,2021,Illinois,2017,2020,39.0,,,,,,,,,,,,,,DB,Illinois,,,,,,,,,,,,,,,,,,,,,,,,,,3.0,82.0,0.0,15.0,0.0769230769230769,0.3846153846153846,-5.281578947368422,22.0,12.0,14.0
Richard Lecounte III,,CLE,5,169,2021,Georgia,2017,2020,44.0,,,,,,,,,,,,,,DB,Georgia,,,,,,,,,,,,,,,,,,,,,,,,,,8.0,143.0,0.0,10.0,0.1818181818181818,0.2272727272727272,,22.0,1.0,1.0
Garret Wallow,,HTX,5,170,2021,Texas Christian,2018,2020,35.0,,,,,,,,,,,,,,LB,Texas Christian,,,,,,,,,,,,,,,,9.5,173.0,114.0,287.0,32.5,0.2714285714285714,4.942857142857143,3.257142857142857,8.2,0.9285714285714286,,,,,,,8.296875,22.0,4.0,5.0
Garret Wallow,,HTX,5,170,2021,Texas Christian,2017,2017,14.0,,,,,,,,,,,,,,S,Texas Christian,,,,,,,,,,,,,,,,,,,,,,,,,,0.0,0.0,0.0,,0.0,,8.296875,22.0,4.0,5.0
Daelin Hayes,,RAV,5,171,2021,Notre Dame,2016,2020,52.0,,,,,,,,,,,,,,DL,Notre Dame,,,,,,,,,,,,,,,,9.0,54.0,41.0,95.0,20.5,0.173076923076923,1.0384615384615383,0.7884615384615384,1.8269230769230769,0.3942307692307692,,,,,,,19.527450980392157,23.0,0.0,0.0
Deommodore Lenoir,,SFO,5,172,2021,Oregon,2017,2020,47.0,,,,,,,,,,,,,,CB,Oregon,,,,,,,,,,,,,,,,,,,,,,,,,,6.0,83.0,0.0,21.0,0.1276595744680851,0.4468085106382978,13.73404255319149,21.0,21.0,21.0
Tedarrell Slaton,,GNB,5,173,2021,Florida,2017,2020,45.0,,,,,,,,,,,,,,DL,Florida,,,,,,,,,,,,,,,,3.5,34.0,64.0,98.0,10.0,0.0777777777777777,0.7555555555555555,1.4222222222222225,2.1777777777777776,0.2222222222222222,,,,,,,19.59032258064516,23.0,17.0,23.0
Earnest Brown IV,,RAM,5,174,2021,Northwestern,2017,2020,40.0,,,,,,,,,,,,,,DE,Northwestern,,,,,,,,,,,,,,,,7.0,45.0,26.0,71.0,18.5,0.175,1.125,0.65,1.775,0.4625,,,,,,,3.5783783783783787,22.0,1.0,1.0
Jason Pinnock,,NYJ,5,175,2021,Pitt,2017,2020,43.0,,,,,,,,,,,,,,DB,Pitt,,,,,,,,,,,,,,,,,,,,,,,,,,6.0,54.0,0.0,19.0,0.1395348837209302,0.4418604651162791,4.669767441860466,22.0,1.0,16.0
K.J. Britt,,TAM,5,176,2021,Auburn,2017,2020,42.0,,,,,,,,,,,,,,LB,Auburn,,,,,,,,,,,,,,,,2.5,64.0,55.0,119.0,13.0,0.0595238095238095,1.5238095238095235,1.3095238095238095,2.8333333333333335,0.3095238095238095,,,,,,,20.955263157894734,22.0,10.0,10.0
Cameron Mcgrone,,NWE,5,177,2021,Michigan,2019,2020,18.0,,,,,,,,,,,,,,LB,Michigan,,,,,,,,,,,,,,,,4.5,52.0,40.0,92.0,11.5,0.25,2.888888888888889,2.2222222222222223,5.111111111111111,0.6388888888888888,,,,,,,,21.0,,2.0
Shemar Jean-Charles,,GNB,5,178,2021,Appalachian State,2017,2020,50.0,,,,,,,,,,,,,,DB,Appalachian State,,,,,,,,,,,,,,,,,,,,,,,,,,2.0,11.0,0.0,31.0,0.04,0.62,9.652777777777779,23.0,1.0,2.0
Simi Fehoko,,DAL,5,179,2021,Stanford,2018,2020,21.0,,,,,,,,,,,,,,WR,Stanford,,,,,,,,,,,54.6,62.0,1146.0,18.5,9.0,,,,,,,,,,,,,,,,,2.875,23.0,0.0,1.0
Talanoa Hufanga,,SFO,5,180,2021,USC,2018,2020,24.0,,,,,,,,,,,,,,S,USC,,,,,,,,,,,,,,,,,,,,,,,,,,4.0,90.0,0.0,8.0,0.1666666666666666,0.3333333333333333,11.84,22.0,19.0,29.0
Cornell Powell,,KAN,5,181,2021,Clemson,2016,2020,54.0,,,,,,,,,,,,,,WR,Clemson,,,,,,,,,,,22.4,93.0,1211.0,13.0,10.0,,,,,,,,,,,,,,,,,27.469354838709677,23.0,0.0,0.0
Adetokunbo Ogundeji,,ATL,5,182,2021,Notre Dame,2018,2020,38.0,,,,,,,,,,,,,,DL,Notre Dame,,,,,,,,,,,,,,,,13.0,44.0,36.0,80.0,17.0,0.3421052631578947,1.1578947368421053,0.9473684210526316,2.1052631578947367,0.4473684210526316,,,,,,,19.7,22.0,10.0,10.0
Avery Williams,,ATL,5,183,2021,Boise State,2017,2020,48.0,,,,,,,,,,,,,,CB,Boise State,,,,,,,,,,,,,,,,,,,,,,,,,,4.0,31.0,0.0,22.0,0.0833333333333333,0.4583333333333333,8.554128440366972,23.0,2.0,2.0
Ben Mason,,RAV,5,184,2021,Michigan,2017,2018,26.0,,,,,,,,,,,,,,FB,Michigan,36.0,84.0,2.3,9.0,1.0,15.0,15.0,0.0,3.2,0.6,,,,,,,,,,,,,,,,,,,,,,19.012962962962963,22.0,0.0,0.0
Ben Mason,,RAV,5,184,2021,Michigan,2020,2020,6.0,,,,,,,,,,,,,,TE,Michigan,,,,,,,,,,,2.8,2.0,17.0,8.5,1.0,,,,,,,,,,,,,,,,,19.012962962962963,22.0,0.0,0.0
Ben Mason,,RAV,5,184,2021,Michigan,2019,2019,13.0,,,,,,,,,,,,,,DL,Michigan,,,,,,,,,,,,,,,,0.0,2.0,5.0,7.0,0.0,0.0,0.1538461538461538,0.3846153846153846,0.5384615384615384,0.0,,,,,,,19.012962962962963,22.0,0.0,0.0
Nick Niemann,,SDG,6,185,2021,Iowa,2017,2020,44.0,,,,,,,,,,,,,,LB,Iowa,,,,,,,,,,,,,,,,2.0,74.0,83.0,157.0,7.5,0.0454545454545454,1.681818181818182,1.8863636363636365,3.5681818181818183,0.1704545454545454,,,,,,,14.372499999999999,23.0,5.0,5.0
Hamsah Nasirildeen,,NYJ,6,186,2021,Florida State,2017,2020,39.0,,,,,,,,,,,,,,DB,Florida State,,,,,,,,,,,,,,,,,,,,,,,,,,4.0,106.0,1.0,9.0,0.1025641025641025,0.2307692307692307,3.402325581395349,22.0,2.0,2.0
Frank Darby,,ATL,6,187,2021,Arizona State,2017,2020,40.0,,,,,,,,,,,,,,WR,Arizona State,,,,,,,,,,,32.9,67.0,1317.0,19.7,13.0,,,,,,,,,,,,,,,,,5.166666666666667,23.0,0.0,0.0
Joshuah Bledsoe,,NWE,6,188,2021,Missouri,2017,2020,46.0,,,,,,,,,,,,,,S,Missouri,,,,,,,,,,,,,,,,,,,,,,,,,,1.0,0.0,0.0,18.0,0.0217391304347826,0.391304347826087,8.56764705882353,22.0,0.0,0.0
Marlon Tuipulotu,,PHI,6,189,2021,USC,2017,2020,33.0,,,,,,,,,,,,,,DT,USC,,,,,,,,,,,,,,,,8.5,49.0,55.0,104.0,15.0,0.2575757575757575,1.4848484848484849,1.6666666666666667,3.1515151515151514,0.4545454545454545,,,,,,,13.275,22.0,2.0,2.0
Trey Hill,,CIN,6,190,2021,Georgia,2020,2020,8.0,,,,,,,,,,,,,,OL,Georgia,,,,,,,,,,,,,,,,,,,,,,,,,,,,,,,,19.1,21.0,3.0,3.0
Tarron Jackson,,PHI,6,191,2021,Coastal Carolina,2017,2020,44.0,,,,,,,,,,,,,,DT,Coastal Carolina,,,,,,,,,,,,,,,,25.0,92.0,100.0,192.0,42.5,0.5681818181818182,2.090909090909091,2.272727272727273,4.363636363636363,0.9659090909090908,,,,,,,-6.0,23.0,1.0,1.0
Quinton Bohanna,,DAL,6,192,2021,Kentucky,2017,2020,45.0,,,,,,,,,,,,,,DL,Kentucky,,,,,,,,,,,,,,,,2.0,25.0,34.0,59.0,9.0,0.0444444444444444,0.5555555555555556,0.7555555555555555,1.3111111111111111,0.2,,,,,,,7.387096774193548,22.0,6.0,8.0
Deonte Brown,,CAR,6,193,2021,Alabama,2020,2020,12.0,,,,,,,,,,,,,,OL,Alabama,,,,,,,,,,,,,,,,,,,,,,,,,,,,,,,,,23.0,0.0,0.0
Elijah Mitchell,,SFO,6,194,2021,Louisiana,2017,2020,43.0,,,,,,,,,,,,,,RB,Louisiana,526.0,3259.0,6.2,41.0,49.0,597.0,12.2,5.0,75.8,13.9,,,,,,,,,,,,,,,,,,,,,,-5.986238532110092,23.0,11.0,11.0
Roy Lopez,,HTX,6,195,2021,Arizona,2016,2020,46.0,,,,,,,,,,,,,,DL,ArizonaNew Mexico State,,,,,,,,,,,,,,,,9.0,53.0,102.0,155.0,24.0,0.1956521739130435,1.1521739130434785,2.217391304347826,3.369565217391304,0.5217391304347826,,,,,,,-14.913157894736843,24.0,12.0,22.0
Gary Brightwell,,NYG,6,196,2021,Arizona,2017,2020,40.0,,,,,,,,,,,,,,RB,Arizona,245.0,1305.0,5.3,9.0,19.0,121.0,6.4,1.0,32.6,3.0,,,,,,,,,,,,,,,,,,,,,,-1.758108108108108,22.0,1.0,1.0
William Sherman,,NWE,6,197,2021,Colorado,2019,2020,18.0,,,,,,,,,,,,,,OL,Colorado,,,,,,,,,,,,,,,,,,,,,,,,,,,,,,,,-2.2499999999999996,22.0,0.0,1.0
Larry Rountree III,,SDG,6,198,2021,Missouri,2017,2020,48.0,,,,,,,,,,,,,,RB,Missouri,746.0,3720.0,5.0,40.0,47.0,289.0,6.1,0.0,77.5,6.0,,,,,,,,,,,,,,,,,,,,,,8.764705882352942,22.0,1.0,1.0
Jaylen Twyman,,MIN,6,199,2021,Pitt,2018,2019,26.0,,,,,,,,,,,,,,DL,Pitt,,,,,,,,,,,,,,,,11.0,29.0,28.0,57.0,13.5,0.4230769230769231,1.1153846153846154,1.0769230769230769,2.1923076923076925,0.5192307692307693,,,,,,,3.4,22.0,,
Brandin Echols,,NYJ,6,200,2021,Kentucky,2019,2020,24.0,,,,,,,,,,,,,,DB,Kentucky,,,,,,,,,,,,,,,,,,,,,,,,,,1.0,7.0,0.0,11.0,0.0416666666666666,0.4583333333333333,4.883333333333334,23.0,9.0,11.0
Rodarius Williams,,NYG,6,201,2021,Oklahoma State,2017,2020,48.0,,,,,,,,,,,,,,CB,Oklahoma State,,,,,,,,,,,,,,,,,,,,,,,,,,2.0,0.0,0.0,31.0,0.0416666666666666,0.6458333333333334,12.804255319148934,24.0,1.0,1.0
Chris Evans,,CIN,6,202,2021,Michigan,2016,2020,43.0,,,,,,,,,,,,,,RB,Michigan,320.0,1795.0,5.6,15.0,49.0,479.0,9.8,2.0,41.7,11.1,,,,,,,,,,,,,,,,,,,,,,13.065000000000001,23.0,2.0,2.0
Marquez Stevenson,,BUF,6,203,2021,Houston,2016,2020,32.0,,,,,,,,,,,,,,WR,Houston,,,,,,,,,,,70.9,147.0,2269.0,15.4,22.0,,,,,,,,,,,,,,,,,2.057894736842105,23.0,0.0,0.0
Shi Smith,,CAR,6,204,2021,South Carolina,2017,2020,43.0,,,,,,,,,,,,,,WR,South Carolina,,,,,,,,,,,51.3,174.0,2204.0,12.7,13.0,,,,,,,,,,,,,,,,,5.285227272727273,22.0,4.0,4.0
Racey McMath,,OTI,6,205,2021,LSU,2018,2020,32.0,,,,,,,,,,,,,,WR,LSU,,,,,,,,,,,16.3,33.0,522.0,15.8,4.0,,,,,,,,,,,,,,,,,21.1,22.0,0.0,0.0
Landon Young,,NOR,6,206,2021,Kentucky,2020,2020,10.0,,,,,,,,,,,,,,T,Kentucky,,,,,,,,,,,,,,,,,,,,,,,,,,,,,,,,,24.0,9.0,9.0
Jonathan Marshall,,NYJ,6,207,2021,Arkansas,2017,2020,45.0,,,,,,,,,,,,,,DL,Arkansas,,,,,,,,,,,,,,,,1.5,34.0,38.0,72.0,11.5,0.0333333333333333,0.7555555555555555,0.8444444444444444,1.6,0.2555555555555555,,,,,,,-0.5999999999999999,23.0,0.0,0.0
Stone Forsythe,,SEA,6,208,2021,Florida,2020,2020,12.0,,,,,,,,,,,,,,OL,Florida,,,,,,,,,,,,,,,,,,,,,,,,,,,,,,,,19.8,23.0,9.0,13.0
Jalen Camp,,JAX,6,209,2021,Georgia Tech,2017,2020,39.0,,,,,,,,,,,,,,WR,Georgia Tech,,,,,,,,,,,20.7,48.0,808.0,16.8,5.0,,,,,,,,,,,,,,,,,0.9000000000000001,23.0,,0.0
Victor Dimukeje,,CRD,6,210,2021,Duke,2017,2020,49.0,,,,,,,,,,,,,,DE,Duke,,,,,,,,,,,,,,,,21.5,79.0,88.0,167.0,37.0,0.4387755102040816,1.6122448979591837,1.7959183673469388,3.4081632653061225,0.7551020408163265,,,,,,,1.9707317073170731,21.0,6.0,6.0
Demetric Felton,,CLE,6,211,2021,UCLA,2020,2020,6.0,,,,,,,,,,,,,,RB,UCLA,132.0,668.0,5.1,5.0,22.0,159.0,7.2,3.0,111.3,26.5,,,,,,,,,,,,,,,,,,,,,,-1.028,23.0,2.0,2.0
Demetric Felton,,CLE,6,211,2021,UCLA,2017,2019,35.0,,,,,,,,,,,,,,WR,UCLA,,,,,,,,,,,22.8,77.0,799.0,10.4,5.0,,,,,,,,,,,,,,,,,-1.028,23.0,2.0,2.0
Damar Hamlin,,BUF,6,212,2021,Pitt,2016,2020,48.0,,,,,,,,,,,,,,DB,Pitt,,,,,,,,,,,,,,,,,,,,,,,,,,6.0,102.0,0.0,21.0,0.125,0.4375,5.677777777777778,23.0,11.0,11.0
Rachad Wildgoose,,BUF,6,213,2021,Wisconsin,2018,2020,26.0,,,,,,,,,,,,,,CB,Wisconsin,,,,,,,,,,,,,,,,,,,,,,,,,,1.0,11.0,0.0,14.0,0.0384615384615384,0.5384615384615384,20.135714285714283,21.0,,2.0
Cole Van Lanen,,GNB,6,214,2021,Wisconsin,2018,2020,18.0,,,,,,,,,,,,,,OL,Wisconsin,,,,,,,,,,,,,,,,,,,,,,,,,,,,,,,,15.5,23.0,0.0,9.0
Brady Breeze,,OTI,6,215,2021,Oregon,2017,2019,38.0,,,,,,,,,,,,,,DB,Oregon,,,,,,,,,,,,,,,,,,,,,,,,,,3.0,32.0,1.0,5.0,0.0789473684210526,0.131578947368421,13.0375,23.0,0.0,0.0
Quincy Roche,,PIT,6,216,2021,Miami (FL),2017,2020,49.0,,,,,,,,,,,,,,DL,Miami (FL)Temple,,,,,,,,,,,,,,,,30.5,129.0,53.0,182.0,54.0,0.6224489795918368,2.63265306122449,1.0816326530612246,3.7142857142857144,1.1020408163265305,,,,,,,4.85,23.0,,2.0
Khalil Herbert,,CHI,6,217,2021,Virginia Tech,2016,2020,46.0,,,,,,,,,,,,,,RB,KansasVirginia Tech,474.0,2917.0,6.2,22.0,33.0,293.0,8.9,1.0,63.4,6.4,,,,,,,,,,,,,,,,,,,,,,-7.902380952380954,23.0,12.0,13.0
Sam Ehlinger,145.0,CLT,6,218,2021,Texas,2017,2020,46.0,923.0,1476.0,553.0,62.5,11436.0,94.0,27.0,6.4,1.8,7.7,8.2,12.4,248.6,QB,Texas,,,,,,,,,,,,,,,,,,,,,,,,,,,,,,,,10.938888888888888,22.0,2.0,2.0
Seth Williams,,DEN,6,219,2021,Auburn,2018,2020,36.0,,,,,,,,,,,,,,WR,Auburn,,,,,,,,,,,59.0,132.0,2124.0,16.1,17.0,,,,,,,,,,,,,,,,,9.791428571428572,21.0,0.0,0.0
Isaiah McDuffie,,GNB,6,220,2021,Boston College,2017,2020,35.0,,,,,,,,,,,,,,LB,Boston College,,,,,,,,,,,,,,,,8.5,127.0,103.0,230.0,15.5,0.2428571428571428,3.628571428571429,2.942857142857143,6.571428571428571,0.4428571428571428,,,,,,,0.6199999999999999,22.0,19.0,19.0
Dazz Newsome,,CHI,6,221,2021,North Carolina,2017,2020,44.0,,,,,,,,,,,,,,WR,North Carolina,,,,,,,,,,,55.3,188.0,2435.0,13.0,18.0,,,,,,,,,,,,,,,,,6.921568627450981,22.0,0.0,0.0
Thomas Fletcher,,CAR,6,222,2021,Alabama,2018,2020,40.0,,,,,,,,,,,,,,LS,Alabama,,,,,,,,,,,,,,,,,,,,,,,,,,0.0,0.0,0.0,,0.0,,33.28235294117647,22.0,,
Tay Gowan,,CRD,6,223,2021,UCF,2017,2019,15.0,,,,,,,,,,,,,,DB,Miami (OH)UCF,,,,,,,,,,,,,,,,,,,,,,,,,,2.0,18.0,0.0,8.0,0.1333333333333333,0.5333333333333333,12.000000000000002,23.0,,0.0
JaCoby Stevens,,PHI,6,224,2021,LSU,2017,2017,6.0,,,,,,,,,,,,,,WR,LSU,,,,,,,,,,,5.3,2.0,32.0,16.0,0.0,,,,,,,,,,,,,,,,,21.71,23.0,0.0,0.0
JaCoby Stevens,,PHI,6,224,2021,LSU,2018,2020,36.0,,,,,,,,,,,,,,S,LSU,,,,,,,,,,,,,,,,,,,,,,,,,,4.0,10.0,0.0,15.0,0.1111111111111111,0.4166666666666667,21.71,23.0,0.0,0.0
Camaron Cheeseman,,WAS,6,225,2021,Michigan,2019,2019,12.0,,,,,,,,,,,,,,LS,Michigan,,,,,,,,,,,,,,,,,,,,,,,,,,0.0,0.0,0.0,,0.0,,20.7,23.0,3.0,3.0
Trey Smith,,KAN,6,226,2021,Tennessee,2017,2020,35.0,,,,,,,,,,,,,,OL,Tennessee,,,,,,,,,,,,,,,,,,,,,,,,,,,,,,,,2.6636363636363636,22.0,36.0,36.0
Israel Mukuamu,,DAL,6,227,2021,South Carolina,2018,2020,31.0,,,,,,,,,,,,,,DB,South Carolina,,,,,,,,,,,,,,,,,,,,,,,,,,7.0,135.0,1.0,10.0,0.2258064516129032,0.3225806451612903,5.766666666666667,21.0,4.0,4.0
Thomas Graham Jr.,,CHI,6,228,2021,Oregon,2017,2019,40.0,,,,,,,,,,,,,,CB,Oregon,,,,,,,,,,,,,,,,,,,,,,,,,,8.0,112.0,1.0,32.0,0.2,0.8,11.575,22.0,0.0,0.0
Jimmy Morrissey,,RAI,7,230,2021,Pitt,2017,2020,36.0,,,,,,,,,,,,,,OL,Pitt,,,,,,,,,,,,,,,,,,,,,,,,,,,,,,,,5.05,23.0,,1.0
Larnel Coleman,,MIA,7,231,2021,Massachusetts,2018,2020,16.0,,,,,,,,,,,,,,OL,Massachusetts,,,,,,,,,,,,,,,,,,,,,,,,,,,,,,,,-23.7,23.0,0.0,0.0
Phil Hoskins,,CAR,7,232,2021,Kentucky,2017,2020,31.0,,,,,,,,,,,,,,DL,Kentucky,,,,,,,,,,,,,,,,4.0,25.0,28.0,53.0,7.5,0.1290322580645161,0.8064516129032258,0.9032258064516128,1.7096774193548387,0.2419354838709677,,,,,,,5.103571428571429,24.0,0.0,1.0
Jake Funk,,RAM,7,233,2021,Maryland,2016,2020,36.0,,,,,,,,,,,,,,RB,Maryland,135.0,968.0,7.2,10.0,23.0,134.0,5.8,3.0,26.9,3.7,,,,,,,,,,,,,,,,,,,,,,-2.2033898305084745,23.0,0.0,0.0
Patrick Johnson,,PHI,7,234,2021,Tulane,2017,2020,49.0,,,,,,,,,,,,,,DE,Tulane,,,,,,,,,,,,,,,,24.5,93.0,42.0,135.0,40.0,0.5,1.8979591836734695,0.8571428571428571,2.7551020408163267,0.8163265306122449,,,,,,,2.1209302325581394,23.0,5.0,6.0
Wyatt Hubert,,CIN,7,235,2021,Kansas State,2018,2020,34.0,,,,,,,,,,,,,,DE,Kansas State,,,,,,,,,,,,,,,,20.0,72.0,22.0,94.0,34.0,0.5882352941176471,2.1176470588235294,0.6470588235294118,2.764705882352941,1.0,,,,,,,2.02,23.0,,
Jack Anderson,,BUF,7,236,2021,Texas Tech,2017,2020,23.0,,,,,,,,,,,,,,OL,Texas Tech,,,,,,,,,,,,,,,,,,,,,,,,,,,,,,,,4.8,22.0,,2.0
Kary Vincent Jr.,,DEN,7,237,2021,LSU,2017,2019,39.0,,,,,,,,,,,,,,CB,LSU,,,,,,,,,,,,,,,,,,,,,,,,,,6.0,45.0,0.0,16.0,0.1538461538461538,0.4102564102564102,26.133333333333333,22.0,,0.0
Matt Farniok,,DAL,7,238,2021,Nebraska,2019,2020,20.0,,,,,,,,,,,,,,OL,Nebraska,,,,,,,,,,,,,,,,,,,,,,,,,,,,,,,,2.6,23.0,2.0,2.0
Jonathon Cooper,,DEN,7,239,2021,Ohio State,2016,2020,46.0,,,,,,,,,,,,,,DE,Ohio State,,,,,,,,,,,,,,,,10.0,45.0,31.0,76.0,15.0,0.217391304347826,0.9782608695652174,0.6739130434782609,1.6521739130434785,0.3260869565217391,,,,,,,27.549999999999997,23.0,32.0,32.0
William Bradley-King,,WAS,7,240,2021,Baylor,2017,2020,39.0,,,,,,,,,,,,,,DE,Arkansas StateBaylor,,,,,,,,,,,,,,,,19.0,65.0,55.0,120.0,30.5,0.4871794871794871,1.6666666666666667,1.4102564102564104,3.076923076923077,0.782051282051282,,,,,,,0.1756756756756757,23.0,0.0,0.0
Mark Webb,,SDG,7,241,2021,Georgia,2017,2020,49.0,,,,,,,,,,,,,,DB,Georgia,,,,,,,,,,,,,,,,,,,,,,,,,,1.0,13.0,0.0,8.0,0.0204081632653061,0.1632653061224489,25.465625,22.0,0.0,0.0
Tre Nixon,,NWE,7,242,2021,UCF,2017,2020,40.0,,,,,,,,,,,,,,WR,Ole MissUCF,,,,,,,,,,,41.8,109.0,1671.0,15.3,13.0,,,,,,,,,,,,,,,,,16.211111111111112,23.0,,
James Wiggins,,CRD,7,243,2021,Cincinnati,2017,2020,32.0,,,,,,,,,,,,,,S,Cincinnati,,,,,,,,,,,,,,,,,,,,,,,,,,5.0,83.0,1.0,11.0,0.15625,0.34375,7.091891891891893,24.0,0.0,0.0
Gerrid Doaks,,MIA,7,244,2021,Cincinnati,2017,2020,30.0,,,,,,,,,,,,,,RB,Cincinnati,331.0,1712.0,5.2,14.0,36.0,407.0,11.3,4.0,57.1,13.6,,,,,,,,,,,,,,,,,,,,,,7.765116279069768,23.0,,
Tre Norwood,,PIT,7,245,2021,Oklahoma,2017,2020,39.0,,,,,,,,,,,,,,CB,Oklahoma,,,,,,,,,,,,,,,,,,,,,,,,,,6.0,103.0,1.0,15.0,0.1538461538461538,0.3846153846153846,22.351724137931036,22.0,3.0,3.0
Shaka Toney,,WAS,7,246,2021,Penn State,2017,2020,47.0,,,,,,,,,,,,,,DE,Penn State,,,,,,,,,,,,,,,,21.5,59.0,57.0,116.0,30.5,0.4574468085106383,1.25531914893617,1.2127659574468086,2.4680851063829787,0.648936170212766,,,,,,,21.138709677419353,23.0,2.0,2.0
Michal Menet,,CRD,7,247,2021,Penn State,2020,2020,9.0,,,,,,,,,,,,,,OL,Penn State,,,,,,,,,,,,,,,,,,,,,,,,,,,,,,,,,24.0,,
Will Fries,,CLT,7,248,2021,Penn State,2020,2020,9.0,,,,,,,,,,,,,,OL,Penn State,,,,,,,,,,,,,,,,,,,,,,,,,,,,,,,,13.9,23.0,11.0,17.0
Ben Skowronek,,RAM,7,249,2021,Notre Dame,2016,2020,54.0,,,,,,,,,,,,,,WR,NorthwesternNotre Dame,,,,,,,,,,,34.4,139.0,1856.0,13.4,13.0,,,,,,,,,,,,,,,,,8.7390625,24.0,6.0,8.0
Khyiris Tonga,,CHI,7,250,2021,BYU,2017,2020,50.0,,,,,,,,,,,,,,DL,BYU,,,,,,,,,,,,,,,,7.5,69.0,61.0,130.0,15.0,0.15,1.38,1.22,2.6,0.3,,,,,,,6.252631578947368,25.0,2.0,9.0
Chris Wilcox,,TAM,7,251,2021,BYU,2016,2020,40.0,,,,,,,,,,,,,,DB,BYU,,,,,,,,,,,,,,,,,,,,,,,,,,0.0,0.0,0.0,8.0,0.0,0.2,5.46,23.0,,
Marquiss Spencer,,DEN,7,253,2021,Mississippi State,2016,2020,51.0,,,,,,,,,,,,,,DL,Mississippi State,,,,,,,,,,,,,,,,7.0,53.0,53.0,106.0,22.5,0.1372549019607843,1.03921568627451,1.03921568627451,2.07843137254902,0.4411764705882353,,,,,,,8.566666666666666,24.0,0.0,0.0
Kawaan Baker,,NOR,7,255,2021,South Alabama,2017,2020,45.0,,,,,,,,,,,,,,WR,South Alabama,,,,,,,,,,,40.6,126.0,1829.0,14.5,16.0,,,,,,,,,,,,,,,,,-15.75121951219512,23.0,0.0,0.0
Kylin Hill,,GNB,7,256,2021,Mississippi State,2017,2020,40.0,,,,,,,,,,,,,,RB,Mississippi State,452.0,2535.0,5.6,16.0,67.0,631.0,9.4,6.0,63.4,15.8,,,,,,,,,,,,,,,,,,,,,,10.564788732394366,23.0,0.0,0.0
Jermar Jefferson,,DET,7,257,2021,Oregon State,2018,2020,27.0,,,,,,,,,,,,,,RB,Oregon State,514.0,2923.0,5.7,27.0,43.0,299.0,7.0,2.0,108.3,11.1,,,,,,,,,,,,,,,,,,,,,,-5.220454545454545,21.0,1.0,1.0
Dax Milne,,WAS,7,258,2021,BYU,2018,2020,35.0,,,,,,,,,,,,,,WR,BYU,,,,,,,,,,,44.1,101.0,1542.0,15.3,11.0,,,,,,,,,,,,,,,,,8.57843137254902,22.0,1.0,1.0
Grant Stuard,,TAM,7,259,2021,Houston,2020,2020,7.0,,,,,,,,,,,,,,LB,Houston,,,,,,,,,,,,,,,,1.0,35.0,26.0,61.0,5.0,0.1428571428571428,5.0,3.7142857142857144,8.714285714285714,0.7142857142857143,,,,,,,2.3390243902439023,22.0,1.0,7.0
Grant Stuard,,TAM,7,259,2021,Houston,2017,2019,32.0,,,,,,,,,,,,,,DB,Houston,,,,,,,,,,,,,,,,,,,,,,,,,,0.0,0.0,0.0,4.0,0.0,0.125,2.3390243902439023,22.0,1.0,7.0
Travon Walker,,JAX,1,1,2022,Georgia,2019,2021,36.0,,,,,,,,,,,,,,DL,Georgia,,,,,,,,,,,,,,,,9.5,34.0,31.0,65.0,12.5,0.2638888888888889,0.9444444444444444,0.8611111111111112,1.8055555555555556,0.3472222222222222,,,,,,,23.629411764705885,21.0,26.0,26.0
Aidan Hutchinson,,DET,1,2,2022,Michigan,2018,2021,43.0,,,,,,,,,,,,,,DL,Michigan,,,,,,,,,,,,,,,,18.5,84.0,75.0,159.0,27.5,0.4302325581395348,1.9534883720930232,1.744186046511628,3.697674418604651,0.6395348837209303,,,,,,,17.8,22.0,31.0,31.0
Derek Stingley Jr.,,HTX,1,3,2022,LSU,2019,2021,25.0,,,,,,,,,,,,,,CB,LSU,,,,,,,,,,,,,,,,,,,,,,,,,,6.0,17.0,0.0,20.0,0.24,0.8,22.676923076923078,21.0,36.0,36.0
Ahmad Gardner,,NYJ,1,4,2022,Cincinnati,2019,2021,37.0,,,,,,,,,,,,,,CB,Cincinnati,,,,,,,,,,,,,,,,,,,,,,,,,,9.0,103.0,2.0,18.0,0.2432432432432432,0.4864864864864865,13.85,22.0,32.0,33.0
Kayvon Thibodeaux,,NYG,1,5,2022,Oregon,2019,2021,32.0,,,,,,,,,,,,,,DE,Oregon,,,,,,,,,,,,,,,,19.0,84.0,42.0,126.0,33.0,0.59375,2.625,1.3125,3.9375,1.03125,,,,,,,18.66842105263158,21.0,24.0,24.0
Ikem Ekwonu,,CAR,1,6,2022,North Carolina State,2019,2021,35.0,,,,,,,,,,,,,,OL,North Carolina State,,,,,,,,,,,,,,,,,,,,,,,,,,,,,,,,-6.3,21.0,25.0,25.0
Evan Neal,,NYG,1,7,2022,Alabama,2020,2021,25.0,,,,,,,,,,,,,,OL,Alabama,,,,,,,,,,,,,,,,,,,,,,,,,,,,,,,,,21.0,11.0,11.0
Drake London,,ATL,1,8,2022,USC,2019,2021,27.0,,,,,,,,,,,,,,WR,USC,,,,,,,,,,,79.7,160.0,2153.0,13.5,15.0,,,,,,,,,,,,,,,,,12.575,21.0,32.0,32.0
Charles Cross,,SEA,1,9,2022,Mississippi State,2020,2021,22.0,,,,,,,,,,,,,,OL,Mississippi State,,,,,,,,,,,,,,,,,,,,,,,,,,,,,,,,-1.4,21.0,28.0,28.0
Garrett Wilson,,NYJ,1,10,2022,Ohio State,2019,2021,33.0,,,,,,,,,,,,,,WR,Ohio State,,,,,,,,,,,67.1,143.0,2213.0,15.5,23.0,,,,,,,,,,,,,,,,,26.16,22.0,27.0,27.0
Chris Olave,,NOR,1,11,2022,Ohio State,2018,2021,47.0,,,,,,,,,,,,,,WR,Ohio State,,,,,,,,,,,57.7,176.0,2711.0,15.4,35.0,,,,,,,,,,,,,,,,,30.2109375,22.0,27.0,27.0
Jameson Williams,,DET,1,12,2022,Alabama,2019,2021,34.0,,,,,,,,,,,,,,WR,AlabamaOhio State,,,,,,,,,,,54.1,94.0,1838.0,19.6,18.0,,,,,,,,,,,,,,,,,31.899999999999995,21.0,26.0,26.0
Jordan Davis,,PHI,1,13,2022,Georgia,2018,2021,47.0,,,,,,,,,,,,,,DL,Georgia,,,,,,,,,,,,,,,,7.0,37.0,54.0,91.0,12.0,0.1489361702127659,0.7872340425531915,1.148936170212766,1.9361702127659577,0.2553191489361702,,,,,,,3.9340579710144925,22.0,24.0,24.0
Kyle Hamilton,,RAV,1,14,2022,Notre Dame,2019,2021,31.0,,,,,,,,,,,,,,DB,Notre Dame,,,,,,,,,,,,,,,,,,,,,,,,,,8.0,80.0,1.0,16.0,0.2580645161290322,0.5161290322580645,19.349999999999998,21.0,31.0,31.0
Kenyon Green,,HTX,1,15,2022,Texas A&M,2019,2021,34.0,,,,,,,,,,,,,,OL,Texas A&M,,,,,,,,,,,,,,,,,,,,,,,,,,,,,,,,15.0,21.0,8.0,8.0
Jahan Dotson,,WAS,1,16,2022,Penn State,2018,2021,42.0,,,,,,,,,,,,,,WR,Penn State,,,,,,,,,,,65.6,183.0,2757.0,15.1,25.0,,,,,,,,,,,,,,,,,19.679545454545455,22.0,8.0,12.0
Zion Johnson,,SDG,1,17,2022,Boston College,2020,2021,23.0,,,,,,,,,,,,,,OL,Boston College,,,,,,,,,,,,,,,,,,,,,,,,,,,,,,,,,22.0,25.0,25.0
Treylon Burks,,OTI,1,18,2022,Arkansas,2019,2021,32.0,,,,,,,,,,,,,,WR,Arkansas,,,,,,,,,,,75.0,146.0,2399.0,16.4,18.0,,,,,,,,,,,,,,,,,-6.0508474576271185,22.0,6.0,7.0
Kenny Pickett,136.3,PIT,1,20,2022,Pitt,2017,2021,52.0,1045.0,1674.0,629.0,62.4,12303.0,81.0,32.0,4.8,1.9,7.3,7.46,11.8,236.6,QB,Pitt,,,,,,,,,,,,,,,,,,,,,,,,,,,,,,,,4.520689655172414,24.0,13.0,14.0
Trent McDuffie,,KAN,1,21,2022,Washington,2019,2021,28.0,,,,,,,,,,,,,,DB,Washington,,,,,,,,,,,,,,,,,,,,,,,,,,2.0,29.0,0.0,8.0,0.0714285714285714,0.2857142857142857,14.78,21.0,33.0,33.0
Quay Walker,,GNB,1,22,2022,Georgia,2018,2021,51.0,,,,,,,,,,,,,,LB,Georgia,,,,,,,,,,,,,,,,5.0,81.0,58.0,139.0,11.0,0.0980392156862745,1.588235294117647,1.1372549019607845,2.7254901960784315,0.2156862745098039,,,,,,,26.26666666666667,22.0,22.0,22.0
Kaiir Elam,,BUF,1,23,2022,Florida,2019,2021,35.0,,,,,,,,,,,,,,DB,Florida,,,,,,,,,,,,,,,,,,,,,,,,,,6.0,0.0,0.0,20.0,0.1714285714285714,0.5714285714285714,21.648000000000003,21.0,6.0,9.0
Tyler Smith,,DAL,1,24,2022,Tulsa,2020,2021,21.0,,,,,,,,,,,,,,OL,Tulsa,,,,,,,,,,,,,,,,,,,,,,,,,,,,,,,,-15.2375,21.0,33.0,33.0
Tyler Linderbaum,,RAV,1,25,2022,Iowa,2020,2021,22.0,,,,,,,,,,,,,,OL,Iowa,,,,,,,,,,,,,,,,,,,,,,,,,,,,,,,,16.3,22.0,34.0,34.0
Jermaine Johnson II,,NYJ,1,26,2022,Florida State,2019,2021,33.0,,,,,,,,,,,,,,LB,Florida StateGeorgia,,,,,,,,,,,,,,,,18.5,54.0,52.0,106.0,26.0,0.5606060606060606,1.6363636363636365,1.5757575757575757,3.212121212121212,0.7878787878787878,,,,,,,,23.0,19.0,19.0
Devin Lloyd,,JAX,1,27,2022,Utah,2018,2021,47.0,,,,,,,,,,,,,,LB,Utah,,,,,,,,,,,,,,,,16.5,149.0,106.0,255.0,43.0,0.351063829787234,3.1702127659574466,2.25531914893617,5.425531914893617,0.9148936170212766,,,,,,,16.616,23.0,35.0,35.0
Devonte Wyatt,,GNB,1,28,2022,Georgia,2018,2021,49.0,,,,,,,,,,,,,,DL,Georgia,,,,,,,,,,,,,,,,5.0,49.0,64.0,113.0,11.0,0.1020408163265306,1.0,1.3061224489795915,2.306122448979592,0.2244897959183673,,,,,,,26.26666666666667,24.0,10.0,10.0
George Karlaftis,,KAN,1,30,2022,Purdue,2019,2021,27.0,,,,,,,,,,,,,,DE,Purdue,,,,,,,,,,,,,,,,14.5,64.0,35.0,99.0,30.5,0.5370370370370371,2.3703703703703702,1.2962962962962965,3.6666666666666665,1.1296296296296295,,,,,,,1.5000000000000002,21.0,27.0,27.0
Daxton Hill,,CIN,1,31,2022,Michigan,2019,2021,33.0,,,,,,,,,,,,,,DB,Michigan,,,,,,,,,,,,,,,,,,,,,,,,,,4.0,3.0,0.0,16.0,0.1212121212121212,0.4848484848484848,18.007692307692306,21.0,13.0,13.0
Lewis Cine,,MIN,1,32,2022,Georgia,2019,2021,39.0,,,,,,,,,,,,,,DB,Georgia,,,,,,,,,,,,,,,,,,,,,,,,,,2.0,23.0,0.0,14.0,0.0512820512820512,0.358974358974359,23.805555555555557,22.0,0.0,0.0
Logan Hall,,TAM,2,33,2022,Houston,2018,2021,46.0,,,,,,,,,,,,,,DL,Houston,,,,,,,,,,,,,,,,8.0,50.0,49.0,99.0,20.5,0.1739130434782608,1.0869565217391304,1.065217391304348,2.152173913043478,0.4456521739130434,,,,,,,0.43333333333333324,22.0,19.0,19.0
Roger McCreary,,OTI,2,35,2022,Auburn,2018,2021,42.0,,,,,,,,,,,,,,DB,Auburn,,,,,,,,,,,,,,,,,,,,,,,,,,6.0,98.0,1.0,32.0,0.1428571428571428,0.7619047619047619,18.68125,22.0,13.0,13.0
Breece Hall,,NYJ,2,36,2022,Iowa State,2019,2021,36.0,,,,,,,,,,,,,,RB,Iowa State,718.0,3933.0,5.5,50.0,82.0,734.0,9.0,6.0,109.3,20.4,,,,,,,,,,,,,,,,,,,,,,12.903333333333334,21.0,28.0,28.0
Jalen Pitre,,HTX,2,37,2022,Baylor,2017,2019,29.0,,,,,,,,,,,,,,LB,Baylor,,,,,,,,,,,,,,,,2.0,43.0,17.0,60.0,6.5,0.0689655172413793,1.4827586206896552,0.5862068965517241,2.068965517241379,0.2241379310344827,,,,,,,4.471875,23.0,21.0,21.0
Jalen Pitre,,HTX,2,37,2022,Baylor,2020,2021,23.0,,,,,,,,,,,,,,S,Baylor,,,,,,,,,,,,,,,,,,,,,,,,,,4.0,76.0,2.0,9.0,0.1739130434782608,0.391304347826087,4.471875,23.0,21.0,21.0
Arnold Ebiketie,,ATL,2,38,2022,Penn State,2018,2021,36.0,,,,,,,,,,,,,,DE,Penn StateTemple,,,,,,,,,,,,,,,,15.5,76.0,45.0,121.0,28.0,0.4305555555555556,2.111111111111111,1.25,3.361111111111111,0.7777777777777778,,,,,,,-2.3874999999999997,23.0,10.0,10.0
Kyler Gordon,,CHI,2,39,2022,Washington,2018,2021,33.0,,,,,,,,,,,,,,CB,Washington,,,,,,,,,,,,,,,,,,,,,,,,,,2.0,0.0,0.0,12.0,0.0606060606060606,0.3636363636363636,17.093103448275862,22.0,12.0,12.0
Boye Mafe,,SEA,2,40,2022,Minnesota,2018,2021,42.0,,,,,,,,,,,,,,DL,Minnesota,,,,,,,,,,,,,,,,15.0,59.0,28.0,87.0,19.5,0.3571428571428571,1.4047619047619049,0.6666666666666666,2.0714285714285716,0.4642857142857143,,,,,,,10.133333333333333,23.0,16.0,16.0
Kenneth Walker III,,SEA,2,41,2022,Michigan State,2019,2021,33.0,,,,,,,,,,,,,,RB,Michigan StateWake Forest,480.0,2794.0,5.8,35.0,19.0,136.0,7.2,1.0,84.7,4.1,,,,,,,,,,,,,,,,,,,,,,1.6571428571428573,21.0,28.0,28.0
Andrew Booth Jr.,,MIN,2,42,2022,Clemson,2019,2021,35.0,,,,,,,,,,,,,,CB,Clemson,,,,,,,,,,,,,,,,,,,,,,,,,,5.0,0.0,0.0,9.0,0.1428571428571428,0.2571428571428571,26.76666666666667,21.0,2.0,3.0
Wan'Dale Robinson,,NYG,2,43,2022,Kentucky,2019,2021,31.0,,,,,,,,,,,,,,WR,KentuckyNebraska,,,,,,,,,,,72.5,195.0,2248.0,11.5,10.0,,,,,,,,,,,,,,,,,5.15,21.0,20.0,20.0
John Metchie,,HTX,2,44,2022,Alabama,2019,2021,39.0,,,,,,,,,,,,,,WR,Alabama,,,,,,,,,,,53.4,155.0,2081.0,13.4,14.0,,,,,,,,,,,,,,,,,30.349999999999998,22.0,3.0,5.0
David Ojabo,,RAV,2,45,2022,Michigan,2020,2021,20.0,,,,,,,,,,,,,,LB,Michigan,,,,,,,,,,,,,,,,11.0,25.0,11.0,36.0,12.0,0.55,1.25,0.55,1.8,0.6,,,,,,,10.7,22.0,3.0,3.0
Joshua Paschal,,DET,2,46,2022,Kentucky,2017,2021,52.0,,,,,,,,,,,,,,LB,Kentucky,,,,,,,,,,,,,,,,13.5,73.0,66.0,139.0,37.0,0.2596153846153846,1.4038461538461535,1.2692307692307692,2.673076923076923,0.7115384615384616,,,,,,,6.130952380952381,22.0,9.0,9.0
Phidarian Mathis,,WAS,2,47,2022,Alabama,2018,2021,54.0,,,,,,,,,,,,,,DL,Alabama,,,,,,,,,,,,,,,,10.5,53.0,76.0,129.0,17.5,0.1944444444444444,0.9814814814814816,1.4074074074074074,2.388888888888889,0.324074074074074,,,,,,,32.829166666666666,24.0,2.0,2.0
Jaquan Brisker,,CHI,2,48,2022,Penn State,2019,2021,34.0,,,,,,,,,,,,,,S,Penn State,,,,,,,,,,,,,,,,,,,,,,,,,,5.0,90.0,0.0,14.0,0.1470588235294117,0.4117647058823529,18.476000000000003,23.0,15.0,15.0
Alontae Taylor,,NOR,2,49,2022,Tennessee,2018,2021,45.0,,,,,,,,,,,,,,DB,Tennessee,,,,,,,,,,,,,,,,,,,,,,,,,,4.0,130.0,1.0,15.0,0.0888888888888888,0.3333333333333333,5.765517241379311,23.0,19.0,19.0
Tyquan Thornton,,NWE,2,50,2022,Baylor,2018,2021,47.0,,,,,,,,,,,,,,WR,Baylor,,,,,,,,,,,47.7,143.0,2242.0,15.7,19.0,,,,,,,,,,,,,,,,,6.935135135135136,21.0,3.0,7.0
Cameron Jurgens,,PHI,2,51,2022,Nebraska,2020,2021,19.0,,,,,,,,,,,,,,OL,Nebraska,,,,,,,,,,,,,,,,,,,,,,,,,,,,,,,,,23.0,20.0,20.0
George Pickens,,PIT,2,52,2022,Georgia,2019,2021,26.0,,,,,,,,,,,,,,WR,Georgia,,,,,,,,,,,51.8,90.0,1347.0,15.0,14.0,,,,,,,,,,,,,,,,,22.950000000000003,21.0,23.0,36.0
Alec Pierce,,CLT,2,53,2022,Cincinnati,2018,2021,45.0,,,,,,,,,,,,,,WR,Cincinnati,,,,,,,,,,,41.1,106.0,1851.0,17.5,12.0,,,,,,,,,,,,,,,,,10.0,22.0,26.0,26.0
Skyy Moore,,KAN,2,54,2022,Western Michigan,2019,2021,30.0,,,,,,,,,,,,,,WR,Western Michigan,,,,,,,,,,,82.7,171.0,2482.0,14.5,15.0,,,,,,,,,,,,,,,,,-3.413513513513514,21.0,4.0,5.0
Trey McBride,,CRD,2,55,2022,Colorado State,2018,2021,40.0,,,,,,,,,,,,,,TE,Colorado State,,,,,,,,,,,52.5,164.0,2100.0,12.8,10.0,,,,,,,,,,,,,,,,,-7.489743589743591,22.0,29.0,29.0
Sam Williams,,DAL,2,56,2022,Ole Miss,2019,2021,35.0,,,,,,,,,,,,,,LB,Ole Miss,,,,,,,,,,,,,,,,20.5,76.0,58.0,134.0,31.5,0.5857142857142857,2.1714285714285713,1.6571428571428573,3.8285714285714287,0.9,,,,,,,2.8540540540540538,23.0,7.0,7.0
Luke Goedeke,,TAM,2,57,2022,Central Michigan,2019,2021,23.0,,,,,,,,,,,,,,OL,Central Michigan,,,,,,,,,,,,,,,,,,,,,,,,,,,,,,,,-4.4,23.0,22.0,22.0
Ed Ingram,,MIN,2,59,2022,LSU,2020,2021,21.0,,,,,,,,,,,,,,G,LSU,,,,,,,,,,,,,,,,,,,,,,,,,,,,,,,,,23.0,16.0,21.0
Cam Taylor,,CIN,2,60,2022,Nebraska,2018,2021,40.0,,,,,,,,,,,,,,DB,Nebraska,,,,,,,,,,,,,,,,,,,,,,,,,,6.0,150.0,1.0,21.0,0.15,0.525,5.202083333333333,22.0,15.0,15.0
Drake Jackson,,SFO,2,61,2022,USC,2019,2021,28.0,,,,,,,,,,,,,,DL,USC,,,,,,,,,,,,,,,,12.5,56.0,47.0,103.0,25.0,0.4464285714285714,2.0,1.6785714285714286,3.678571428571429,0.8928571428571429,,,,,,,12.672222222222222,21.0,3.0,3.0
Bryan Cook,,KAN,2,62,2022,Cincinnati,2019,2021,25.0,,,,,,,,,,,,,,S,Cincinnati,,,,,,,,,,,,,,,,,,,,,,,,,,2.0,0.0,0.0,11.0,0.08,0.44,13.85,23.0,18.0,18.0
James Cook,,BUF,2,63,2022,Georgia,2018,2021,50.0,,,,,,,,,,,,,,RB,Georgia,230.0,1503.0,6.5,14.0,67.0,730.0,10.9,6.0,30.1,14.6,,,,,,,,,,,,,,,,,,,,,,27.788679245283017,22.0,43.0,43.0
Nik Bonitto,,DEN,2,64,2022,Oklahoma,2018,2021,40.0,,,,,,,,,,,,,,LB,Oklahoma,,,,,,,,,,,,,,,,18.5,68.0,49.0,117.0,32.0,0.4625,1.7,1.225,2.925,0.8,,,,,,,22.031999999999996,22.0,32.0,32.0
Luke Fortner,,JAX,3,65,2022,Kentucky,2020,2021,22.0,,,,,,,,,,,,,,G,Kentucky,,,,,,,,,,,,,,,,,,,,,,,,,,,,,,,,2.2,24.0,16.0,20.0
Brian Asamoah II,,MIN,3,66,2022,Oklahoma,2019,2021,37.0,,,,,,,,,,,,,,LB,Oklahoma,,,,,,,,,,,,,,,,5.0,100.0,79.0,179.0,13.0,0.1351351351351351,2.702702702702702,2.135135135135135,4.837837837837838,0.3513513513513513,,,,,,,,22.0,3.0,3.0
Joshua Ezeudu,,NYG,3,67,2022,North Carolina,2020,2021,21.0,,,,,,,,,,,,,,OL,North Carolina,,,,,,,,,,,,,,,,,,,,,,,,,,,,,,,,,22.0,5.0,5.0
Martin Emerson,,CLE,3,68,2022,Mississippi State,2019,2021,36.0,,,,,,,,,,,,,,CB,Mississippi State,,,,,,,,,,,,,,,,,,,,,,,,,,1.0,45.0,0.0,15.0,0.0277777777777777,0.4166666666666667,1.5944444444444443,21.0,13.0,13.0
Nicholas Petit-Frere,,OTI,3,69,2022,Ohio State,2020,2021,16.0,,,,,,,,,,,,,,T,Ohio State,,,,,,,,,,,,,,,,,,,,,,,,,,,,,,,,,22.0,11.0,11.0
Chad Muma,,JAX,3,70,2022,Wyoming,2018,2021,44.0,,,,,,,,,,,,,,LB,Wyoming,,,,,,,,,,,,,,,,5.5,147.0,119.0,266.0,19.0,0.125,3.340909090909091,2.7045454545454546,6.045454545454546,0.4318181818181818,,,,,,,-0.8083333333333335,23.0,6.0,6.0
Velus Jones Jr.,,CHI,3,71,2022,Tennessee,2016,2021,62.0,,,,,,,,,,,,,,WR,TennesseeUSC,,,,,,,,,,,23.1,120.0,1434.0,12.0,11.0,,,,,,,,,,,,,,,,,9.669047619047618,25.0,3.0,3.0
Abraham Lucas,,SEA,3,72,2022,Washington State,2020,2021,16.0,,,,,,,,,,,,,,OL,Washington State,,,,,,,,,,,,,,,,,,,,,,,,,,,,,,,,,23.0,23.0,23.0
Jelani Woods,,CLT,3,73,2022,Virginia,2018,2021,45.0,,,,,,,,,,,,,,WR,Oklahoma StateVirginia,,,,,,,,,,,21.3,75.0,959.0,12.8,12.0,,,,,,,,,,,,,,,,,12.2,23.0,2.0,2.0
Desmond Ridder,145.8,ATL,3,74,2022,Cincinnati,2018,2021,50.0,810.0,1304.0,494.0,62.1,10239.0,87.0,28.0,6.7,2.1,7.9,8.22,12.6,204.8,QB,Cincinnati,,,,,,,,,,,,,,,,,,,,,,,,,,,,,,,,11.701694915254237,23.0,12.0,13.0
Christian Harris,,HTX,3,75,2022,Alabama,2019,2021,41.0,,,,,,,,,,,,,,LB,Alabama,,,,,,,,,,,,,,,,10.0,126.0,95.0,221.0,27.0,0.2439024390243902,3.073170731707317,2.317073170731707,5.390243902439025,0.6585365853658537,,,,,,,22.833333333333332,21.0,14.0,14.0
Travis Jones,,RAV,3,76,2022,Connecticut,2018,2021,35.0,,,,,,,,,,,,,,DL,Connecticut,,,,,,,,,,,,,,,,8.5,47.0,86.0,133.0,18.0,0.2428571428571428,1.3428571428571427,2.4571428571428573,3.8,0.5142857142857142,,,,,,,-23.72089552238806,22.0,15.0,15.0
Bernhard Raimann,,CLT,3,77,2022,Central Michigan,2018,2019,26.0,,,,,,,,,,,,,,TE,Central Michigan,,,,,,,,,,,6.3,20.0,164.0,8.2,0.0,,,,,,,,,,,,,,,,,-9.851612903225806,24.0,25.0,25.0
Bernhard Raimann,,CLT,3,77,2022,Central Michigan,2020,2021,18.0,,,,,,,,,,,,,,OL,Central Michigan,,,,,,,,,,,,,,,,,,,,,,,,,,,,,,,,-9.851612903225806,24.0,25.0,25.0
Alex Wright,,CLE,3,78,2022,UAB,2019,2021,34.0,,,,,,,,,,,,,,LB,UAB,,,,,,,,,,,,,,,,11.5,48.0,42.0,90.0,20.0,0.3382352941176471,1.411764705882353,1.2352941176470589,2.6470588235294117,0.5882352941176471,,,,,,,1.7705882352941178,22.0,11.0,11.0
J.T. Woods,,SDG,3,79,2022,Baylor,2018,2021,50.0,,,,,,,,,,,,,,S,Baylor,,,,,,,,,,,,,,,,,,,,,,,,,,9.0,201.0,1.0,5.0,0.18,0.1,,22.0,1.0,1.0
Greg Dulcich,,DEN,3,80,2022,UCLA,2018,2021,33.0,,,,,,,,,,,,,,TE,UCLA,,,,,,,,,,,41.0,77.0,1353.0,17.6,11.0,,,,,,,,,,,,,,,,,-1.5772727272727274,22.0,3.0,6.0
Cordale Flott,,NYG,3,81,2022,LSU,2019,2021,35.0,,,,,,,,,,,,,,CB,LSU,,,,,,,,,,,,,,,,,,,,,,,,,,1.0,0.0,0.0,11.0,0.0285714285714285,0.3142857142857143,19.55,21.0,12.0,12.0
DeAngelo Malone,,ATL,3,82,2022,Western Kentucky,2017,2021,62.0,,,,,,,,,,,,,,DL,Western Kentucky,,,,,,,,,,,,,,,,34.0,179.0,170.0,349.0,60.0,0.5483870967741935,2.8870967741935485,2.7419354838709675,5.629032258064516,0.967741935483871,,,,,,,-7.845238095238097,23.0,4.0,4.0
Nakobe Dean,,PHI,3,83,2022,Georgia,2019,2021,39.0,,,,,,,,,,,,,,LB,Georgia,,,,,,,,,,,,,,,,7.5,90.0,78.0,168.0,13.5,0.1923076923076923,2.3076923076923075,2.0,4.3076923076923075,0.3461538461538461,,,,,,,22.95,21.0,14.0,14.0
Demarvin Leal,,PIT,3,84,2022,Texas A&M,2019,2021,34.0,,,,,,,,,,,,,,DL,Texas A&M,,,,,,,,,,,,,,,,13.0,59.0,73.0,132.0,25.0,0.3823529411764705,1.7352941176470589,2.1470588235294117,3.8823529411764706,0.7352941176470589,,,,,,,,22.0,4.0,4.0
Marcus Jones,,NWE,3,85,2022,Houston,2017,2021,44.0,,,,,,,,,,,,,,CB,HoustonTroy,,,,,,,,,,,,,,,,,,,,,,,,,,10.0,134.0,1.0,32.0,0.2272727272727272,0.7272727272727273,-0.9289340101522843,23.0,26.0,26.0
Malik Willis,153.1,OTI,3,86,2022,Liberty,2017,2021,38.0,388.0,618.0,230.0,62.8,5191.0,48.0,18.0,7.8,2.9,8.4,8.64,13.4,136.6,QB,AuburnLiberty,,,,,,,,,,,,,,,,,,,,,,,,,,,,,,,,17.361538461538462,23.0,1.0,6.0
Cameron Thomas,,CRD,3,87,2022,San Diego State,2019,2021,35.0,,,,,,,,,,,,,,DL,San Diego State,,,,,,,,,,,,,,,,21.0,71.0,84.0,155.0,39.0,0.6,2.0285714285714285,2.4,4.428571428571429,1.1142857142857143,,,,,,,0.17575757575757578,22.0,3.0,4.0
Jalen Tolbert,,DAL,3,88,2022,South Alabama,2018,2021,47.0,,,,,,,,,,,,,,WR,South Alabama,,,,,,,,,,,66.8,178.0,3140.0,17.6,22.0,,,,,,,,,,,,,,,,,-16.9,23.0,9.0,9.0
Terrel Bernard,,BUF,3,89,2022,Baylor,2018,2021,43.0,,,,,,,,,,,,,,LB,Baylor,,,,,,,,,,,,,,,,16.5,174.0,143.0,317.0,31.5,0.3837209302325581,4.046511627906977,3.3255813953488373,7.372093023255814,0.7325581395348837,,,,,,,7.930555555555555,23.0,25.0,25.0
Dylan Parham,,RAI,3,90,2022,Memphis,2020,2021,23.0,,,,,,,,,,,,,,OL,Memphis,,,,,,,,,,,,,,,,,,,,,,,,,,,,,,,,4.116666666666667,23.0,20.0,20.0
Rachaad White,,TAM,3,91,2022,Arizona State,2020,2021,15.0,,,,,,,,,,,,,,RB,Arizona State,224.0,1426.0,6.4,20.0,51.0,607.0,11.9,2.0,95.1,40.5,,,,,,,,,,,,,,,,,,,,,,11.4,23.0,26.0,26.0
Sean Rhyan,,GNB,3,92,2022,UCLA,2020,2021,19.0,,,,,,,,,,,,,,OL,UCLA,,,,,,,,,,,,,,,,,,,,,,,,,,,,,,,,,21.0,16.0,16.0
Tyrion Davis-Price,,SFO,3,93,2022,LSU,2019,2021,35.0,,,,,,,,,,,,,,RB,LSU,379.0,1744.0,4.6,15.0,28.0,185.0,6.6,0.0,49.8,5.3,,,,,,,,,,,,,,,,,,,,,,17.782608695652176,21.0,1.0,1.0
Matt Corral,159.2,CAR,3,94,2022,Ole Miss,2018,2021,37.0,614.0,912.0,298.0,67.3,8287.0,57.0,23.0,6.3,2.5,9.1,9.2,13.5,224.0,QB,Ole Miss,,,,,,,,,,,,,,,,,,,,,,,,,,,,,,,,5.55,23.0,,
Zachary Carter,,CIN,3,95,2022,Florida,2018,2021,46.0,,,,,,,,,,,,,,DE,Florida,,,,,,,,,,,,,,,,17.5,39.0,68.0,107.0,27.0,0.3804347826086957,0.8478260869565217,1.4782608695652173,2.3260869565217392,0.5869565217391305,,,,,,,21.958333333333332,23.0,9.0,10.0
Nick Cross,,CLT,3,96,2022,Maryland,2019,2021,29.0,,,,,,,,,,,,,,DB,Maryland,,,,,,,,,,,,,,,,,,,,,,,,,,6.0,55.0,0.0,12.0,0.2068965517241379,0.4137931034482758,-3.888888888888889,20.0,15.0,15.0
Kerby Joseph,,DET,3,97,2022,Illinois,2020,2020,7.0,,,,,,,,,,,,,,WR,Illinois,,,,,,,,,,,0.0,0.0,0.0,,0.0,,,,,,,,,,,,,,,,,-5.635294117647059,21.0,26.0,26.0
Kerby Joseph,,DET,3,97,2022,Illinois,2018,2021,32.0,,,,,,,,,,,,,,DB,Illinois,,,,,,,,,,,,,,,,,,,,,,,,,,5.0,12.0,0.0,6.0,0.15625,0.1875,-5.635294117647059,21.0,26.0,26.0
Brian Robinson Jr.,,WAS,3,98,2022,Alabama,2017,2021,66.0,,,,,,,,,,,,,,RB,Alabama,545.0,2704.0,5.0,29.0,52.0,446.0,8.6,2.0,41.0,6.8,,,,,,,,,,,,,,,,,,,,,,32.10886075949367,23.0,16.0,19.0
David Bell,,CLE,3,99,2022,Purdue,2019,2021,29.0,,,,,,,,,,,,,,WR,Purdue,,,,,,,,,,,101.6,232.0,2946.0,12.7,21.0,,,,,,,,,,,,,,,,,0.8,21.0,3.0,3.0
Myjai Sanders,,CRD,3,100,2022,Cincinnati,2018,2021,48.0,,,,,,,,,,,,,,DE,Cincinnati,,,,,,,,,,,,,,,,13.5,60.0,55.0,115.0,24.0,0.28125,1.25,1.1458333333333333,2.3958333333333335,0.5,,,,,,,10.294117647058824,24.0,2.0,3.0
Jeremy Ruckert,,NYJ,3,101,2022,Ohio State,2018,2021,44.0,,,,,,,,,,,,,,TE,Ohio State,,,,,,,,,,,14.0,54.0,615.0,11.4,12.0,,,,,,,,,,,,,,,,,29.3,22.0,4.0,4.0
Channing Tindall,,MIA,3,102,2022,Georgia,2018,2021,50.0,,,,,,,,,,,,,,LB,Georgia,,,,,,,,,,,,,,,,12.0,54.0,54.0,108.0,16.0,0.24,1.08,1.08,2.16,0.32,,,,,,,26.26666666666667,22.0,3.0,3.0
Leo Chenal,,KAN,3,103,2022,Wisconsin,2019,2021,29.0,,,,,,,,,,,,,,LB,Wisconsin,,,,,,,,,,,,,,,,12.0,106.0,74.0,180.0,25.5,0.4137931034482758,3.655172413793104,2.5517241379310347,6.206896551724138,0.8793103448275862,,,,,,,23.547619047619047,21.0,20.0,20.0
Logan Bruss,,RAM,3,104,2022,Wisconsin,2020,2021,16.0,,,,,,,,,,,,,,OL,Wisconsin,,,,,,,,,,,,,,,,,,,,,,,,,,,,,,,,,23.0,2.0,2.0
Danny Gray,,SFO,3,105,2022,SMU,2020,2021,18.0,,,,,,,,,,,,,,WR,SMU,,,,,,,,,,,69.5,82.0,1251.0,15.3,13.0,,,,,,,,,,,,,,,,,9.2,23.0,0.0,0.0
Cade Otton,,TAM,4,106,2022,Washington,2018,2021,39.0,,,,,,,,,,,,,,TE,Washington,,,,,,,,,,,26.3,91.0,1026.0,11.3,9.0,,,,,,,,,,,,,,,,,15.452,23.0,17.0,17.0
Dameon Pierce,,HTX,4,107,2022,Florida,2018,2021,50.0,,,,,,,,,,,,,,RB,Florida,329.0,1806.0,5.5,23.0,45.0,422.0,9.4,5.0,36.1,8.4,,,,,,,,,,,,,,,,,,,,,,22.396491228070175,22.0,12.0,12.0
Perrion Winfrey,,CLE,4,108,2022,Oklahoma,2020,2021,23.0,,,,,,,,,,,,,,DL,Oklahoma,,,,,,,,,,,,,,,,7.0,21.0,22.0,43.0,18.0,0.3043478260869565,0.9130434782608696,0.9565217391304348,1.8695652173913044,0.782608695652174,,,,,,,17.8,22.0,1.0,1.0
Coby Bryant,,SEA,4,109,2022,Cincinnati,2017,2021,63.0,,,,,,,,,,,,,,S,Cincinnati,,,,,,,,,,,,,,,,,,,,,,,,,,10.0,120.0,1.0,35.0,0.1587301587301587,0.5555555555555556,8.72325581395349,23.0,13.0,13.0
Daniel Faalele,,RAV,4,110,2022,Minnesota,2021,2021,13.0,,,,,,,,,,,,,,OL,Minnesota,,,,,,,,,,,,,,,,,,,,,,,,,,,,,,,,,22.0,18.0,18.0
Max Mitchell,,NYJ,4,111,2022,Louisiana,2020,2021,19.0,,,,,,,,,,,,,,OL,Louisiana,,,,,,,,,,,,,,,,,,,,,,,,,,,,,,,,,22.0,7.0,7.0
Daniel Bellinger,,NYG,4,112,2022,San Diego State,2018,2021,43.0,,,,,,,,,,,,,,TE,San Diego State,,,,,,,,,,,17.9,68.0,771.0,11.3,5.0,,,,,,,,,,,,,,,,,3.528205128205128,21.0,9.0,9.0
Percy Butler,,WAS,4,113,2022,Louisiana,2018,2021,50.0,,,,,,,,,,,,,,DB,Louisiana,,,,,,,,,,,,,,,,,,,,,,,,,,3.0,3.0,0.0,13.0,0.06,0.26,4.725,22.0,7.0,7.0
Dane Belton,,NYG,4,114,2022,Iowa,2019,2021,30.0,,,,,,,,,,,,,,DB,Iowa,,,,,,,,,,,,,,,,,,,,,,,,,,5.0,0.0,0.0,12.0,0.1666666666666666,0.4,16.5,21.0,10.0,10.0
Damarri Mathis,,DEN,4,115,2022,Pitt,2017,2021,46.0,,,,,,,,,,,,,,DB,Pitt,,,,,,,,,,,,,,,,,,,,,,,,,,5.0,65.0,1.0,19.0,0.108695652173913,0.4130434782608695,4.027586206896552,23.0,7.0,7.0
Eyioma Uwazurike,,DEN,4,116,2022,Iowa State,2017,2021,60.0,,,,,,,,,,,,,,DE,Iowa State,,,,,,,,,,,,,,,,15.0,70.0,75.0,145.0,34.5,0.25,1.1666666666666667,1.25,2.4166666666666665,0.575,,,,,,,10.54516129032258,24.0,3.0,3.0
Micheal Clemons,,NYJ,4,117,2022,Texas A&M,2017,2021,39.0,,,,,,,,,,,,,,DL,Texas A&M,,,,,,,,,,,,,,,,12.5,52.0,41.0,93.0,21.0,0.3205128205128205,1.3333333333333333,1.051282051282051,2.3846153846153846,0.5384615384615384,,,,,,,13.533333333333333,25.0,13.0,13.0
Akayleb Evans,,MIN,4,118,2022,Missouri,2017,2021,41.0,,,,,,,,,,,,,,DB,MissouriTulsa,,,,,,,,,,,,,,,,,,,,,,,,,,1.0,0.0,0.0,17.0,0.024390243902439,0.4146341463414634,-4.7,23.0,6.0,7.0
Jalyn Armour-Davis,,RAV,4,119,2022,Alabama,2019,2021,28.0,,,,,,,,,,,,,,DB,Alabama,,,,,,,,,,,,,,,,,,,,,,,,,,3.0,51.0,0.0,6.0,0.1071428571428571,0.2142857142857142,30.349999999999998,23.0,2.0,5.0
Brandon Smith,,CAR,4,120,2022,Penn State,2019,2021,34.0,,,,,,,,,,,,,,LB,Penn State,,,,,,,,,,,,,,,,4.0,68.0,64.0,132.0,19.0,0.1176470588235294,2.0,1.8823529411764703,3.8823529411764706,0.5588235294117647,,,,,,,1.235754189944134,21.0,1.0,1.0
Jack Jones,,NWE,4,121,2022,Arizona State,2017,2021,40.0,,,,,,,,,,,,,,CB,Arizona StateUSC,,,,,,,,,,,,,,,,,,,,,,,,,,10.0,38.0,0.0,28.0,0.25,0.7,14.716438356164383,24.0,2.0,15.0
Zamir White,,RAI,4,122,2022,Georgia,2019,2021,38.0,,,,,,,,,,,,,,RB,Georgia,382.0,2043.0,5.3,25.0,17.0,132.0,7.8,0.0,53.8,3.5,,,,,,,,,,,,,,,,,,,,,,22.950000000000003,22.0,5.0,5.0
Isaiah Spiller,,SDG,4,123,2022,Texas A&M,2019,2021,35.0,,,,,,,,,,,,,,RB,Texas A&M,541.0,2993.0,5.5,25.0,74.0,585.0,7.9,1.0,85.5,16.7,,,,,,,,,,,,,,,,,,,,,,15.47272727272727,21.0,1.0,1.0
Erik Ezukanma,,MIA,4,125,2022,Texas Tech,2018,2021,35.0,,,,,,,,,,,,,,WR,Texas Tech,,,,,,,,,,,61.9,138.0,2165.0,15.7,15.0,,,,,,,,,,,,,,,,,0.29999999999999977,22.0,0.0,0.0
Neil Farrell Jr.,,RAI,4,126,2022,LSU,2017,2021,52.0,,,,,,,,,,,,,,DE,LSU,,,,,,,,,,,,,,,,7.5,55.0,89.0,144.0,23.0,0.1442307692307692,1.0576923076923077,1.7115384615384617,2.769230769230769,0.4423076923076923,,,,,,,21.099999999999998,23.0,1.0,2.0
Charlie Kolar,,RAV,4,128,2022,Iowa State,2018,2021,49.0,,,,,,,,,,,,,,TE,Iowa State,,,,,,,,,,,44.5,168.0,2181.0,13.0,23.0,,,,,,,,,,,,,,,,,10.775862068965518,23.0,4.0,4.0
Jake Ferguson,,DAL,4,129,2022,Wisconsin,2018,2021,47.0,,,,,,,,,,,,,,TE,Wisconsin,,,,,,,,,,,34.4,145.0,1618.0,11.2,13.0,,,,,,,,,,,,,,,,,20.071428571428573,23.0,19.0,19.0
Hassan Haskins,,OTI,4,131,2022,Michigan,2019,2021,33.0,,,,,,,,,,,,,,RB,Michigan,452.0,2324.0,5.1,30.0,24.0,171.0,7.1,0.0,70.4,5.2,,,,,,,,,,,,,,,,,,,,,,15.42222222222222,22.0,1.0,2.0
Romeo Doubs,,GNB,4,132,2022,Nevada,2018,2021,44.0,,,,,,,,,,,,,,WR,Nevada,,,,,,,,,,,75.5,225.0,3322.0,14.8,26.0,,,,,,,,,,,,,,,,,-3.273770491803279,22.0,23.0,23.0
Spencer Burford,,SFO,4,134,2022,UTSA,2020,2021,23.0,,,,,,,,,,,,,,OL,UTSA,,,,,,,,,,,,,,,,,,,,,,,,,,,,,,,,,22.0,17.0,17.0
Bailey Zappe,168.7,NWE,4,137,2022,Western Kentucky,2021,2021,14.0,475.0,687.0,212.0,69.1,5967.0,62.0,11.0,9.0,1.6,8.7,9.77,12.6,426.2,QB,Western Kentucky,,,,,,,,,,,,,,,,,,,,,,,,,,,,,,,,,23.0,2.0,2.0
Calvin Austin III,,PIT,4,138,2022,Memphis,2018,2021,45.0,,,,,,,,,,,,,,WR,Memphis,,,,,,,,,,,56.5,156.0,2541.0,16.3,22.0,,,,,,,,,,,,,,,,,10.349295774647887,23.0,12.0,12.0
Isaiah Likely,,RAV,4,139,2022,Coastal Carolina,2018,2021,48.0,,,,,,,,,,,,,,TE,Coastal Carolina,,,,,,,,,,,42.7,133.0,2050.0,15.4,27.0,,,,,,,,,,,,,,,,,-6.6000000000000005,22.0,15.0,15.0
Zach Tom,,GNB,4,140,2022,Wake Forest,2018,2021,35.0,,,,,,,,,,,,,,OL,Wake Forest,,,,,,,,,,,,,,,,,,,,,,,,,,,,,,,,3.6,23.0,26.0,26.0
Damarion Williams,,RAV,4,141,2022,Houston,2019,2021,34.0,,,,,,,,,,,,,,CB,Houston,,,,,,,,,,,,,,,,,,,,,,,,,,3.0,36.0,1.0,21.0,0.088235294117647,0.6176470588235294,-0.4025641025641025,24.0,1.0,1.0
Chigoziem Okonkwo,,OTI,4,143,2022,Maryland,2018,2021,38.0,,,,,,,,,,,,,,TE,Maryland,,,,,,,,,,,18.9,77.0,717.0,9.3,8.0,,,,,,,,,,,,,,,,,-2.0727272727272723,22.0,16.0,16.0
Sam Howell,164.2,WAS,5,144,2022,North Carolina,2019,2021,37.0,713.0,1117.0,404.0,63.8,10283.0,92.0,23.0,8.2,2.1,9.2,9.93,14.4,277.9,QB,North Carolina,,,,,,,,,,,,,,,,,,,,,,,,,,,,,,,,14.15,21.0,12.0,12.0
Darian Kinnard,,KAN,5,145,2022,Kentucky,2019,2021,36.0,,,,,,,,,,,,,,OL,Kentucky,,,,,,,,,,,,,,,,,,,,,,,,,,,,,,,,9.1,22.0,0.0,3.0
Micah McFadden,,NYG,5,146,2022,Indiana,2018,2021,45.0,,,,,,,,,,,,,,LB,Indiana,,,,,,,,,,,,,,,,14.0,149.0,67.0,216.0,37.0,0.3111111111111111,3.311111111111111,1.488888888888889,4.8,0.8222222222222222,,,,,,,9.489655172413793,22.0,18.0,18.0
D.J. Davidson,,NYG,5,147,2022,Arizona State,2018,2021,37.0,,,,,,,,,,,,,,DL,Arizona State,,,,,,,,,,,,,,,,5.0,62.0,75.0,137.0,15.5,0.1351351351351351,1.6756756756756757,2.027027027027027,3.702702702702702,0.4189189189189189,,,,,,,7.566666666666667,22.0,5.0,5.0
Khalil Shakir,,BUF,5,148,2022,Boise State,2018,2021,43.0,,,,,,,,,,,,,,WR,Boise State,,,,,,,,,,,66.9,208.0,2878.0,13.8,20.0,,,,,,,,,,,,,,,,,9.230952380952381,22.0,25.0,25.0
Cole Turner,,WAS,5,149,2022,Nevada,2018,2021,45.0,,,,,,,,,,,,,,WR,Nevada,,,,,,,,,,,30.4,117.0,1370.0,11.7,20.0,,,,,,,,,,,,,,,,,-3.272727272727273,22.0,1.0,1.0
Thomas Booker,,HTX,5,150,2022,Stanford,2018,2021,43.0,,,,,,,,,,,,,,DE,Stanford,,,,,,,,,,,,,,,,10.0,89.0,69.0,158.0,20.5,0.2325581395348837,2.0697674418604652,1.6046511627906976,3.674418604651162,0.4767441860465116,,,,,,,5.7250000000000005,22.0,1.0,9.0
Tyler Allgeier,,ATL,5,151,2022,BYU,2018,2021,28.0,,,,,,,,,,,,,,RB,BYU,435.0,2785.0,6.4,36.0,43.0,370.0,8.6,0.0,99.5,13.2,,,,,,,,,,,,,,,,,,,,,,7.4239999999999995,22.0,20.0,20.0
Tyler Allgeier,,ATL,5,151,2022,BYU,2019,2019,13.0,,,,,,,,,,,,,,LB,BYU,,,,,,,,,,,,,,,,0.5,19.0,7.0,26.0,1.0,0.0384615384615384,1.4615384615384617,0.5384615384615384,2.0,0.0769230769230769,,,,,,,7.4239999999999995,22.0,20.0,20.0
Delarrin Turner-Yell,,DEN,5,152,2022,Oklahoma,2018,2021,40.0,,,,,,,,,,,,,,S,Oklahoma,,,,,,,,,,,,,,,,,,,,,,,,,,4.0,42.0,0.0,6.0,0.1,0.15,21.215999999999998,22.0,2.0,2.0
Tariq Woolen,,SEA,5,153,2022,UTSA,2017,2019,22.0,,,,,,,,,,,,,,WR,UTSA,,,,,,,,,,,12.0,24.0,263.0,11.0,1.0,,,,,,,,,,,,,,,,,-14.8,23.0,22.0,22.0
Tariq Woolen,,SEA,5,153,2022,UTSA,2020,2021,20.0,,,,,,,,,,,,,,CB,UTSA,,,,,,,,,,,,,,,,,,,,,,,,,,2.0,0.0,0.0,9.0,0.1,0.45,-14.8,23.0,22.0,22.0
Snoop Conner,,JAX,5,154,2022,Ole Miss,2019,2021,35.0,,,,,,,,,,,,,,RB,Ole Miss,304.0,1580.0,5.2,26.0,32.0,225.0,7.0,0.0,45.1,6.4,,,,,,,,,,,,,,,,,,,,,,3.895238095238095,22.0,0.0,0.0
Jerome Ford,,CLE,5,156,2022,Cincinnati,2018,2021,32.0,,,,,,,,,,,,,,RB,AlabamaCincinnati,318.0,1953.0,6.1,30.0,31.0,282.0,9.1,1.0,61.0,8.8,,,,,,,,,,,,,,,,,,,,,,27.306666666666665,22.0,11.0,11.0
Tyreke Smith,,SEA,5,158,2022,Ohio State,2018,2021,39.0,,,,,,,,,,,,,,DE,Ohio State,,,,,,,,,,,,,,,,7.0,28.0,27.0,55.0,11.0,0.1794871794871795,0.717948717948718,0.6923076923076923,1.4102564102564104,0.282051282051282,,,,,,,29.299999999999997,22.0,0.0,0.0
Otito Ogbonnia,,SDG,5,160,2022,UCLA,2018,2021,43.0,,,,,,,,,,,,,,DL,UCLA,,,,,,,,,,,,,,,,4.5,39.0,40.0,79.0,8.5,0.1046511627906976,0.9069767441860463,0.9302325581395348,1.837209302325581,0.1976744186046511,,,,,,,-1.7999999999999998,22.0,12.0,12.0
D'Marco Jackson,,NOR,5,161,2022,Appalachian State,2018,2021,53.0,,,,,,,,,,,,,,LB,Appalachian State,,,,,,,,,,,,,,,,11.5,134.0,160.0,294.0,34.0,0.2169811320754717,2.5283018867924527,3.018867924528302,5.547169811320755,0.6415094339622641,,,,,,,11.211627906976744,24.0,3.0,6.0
Kyle Philips,,OTI,5,163,2022,UCLA,2018,2021,35.0,,,,,,,,,,,,,,WR,UCLA,,,,,,,,,,,52.0,163.0,1821.0,11.2,17.0,,,,,,,,,,,,,,,,,-1.8765625,23.0,3.0,3.0
Kyren Williams,,RAM,5,164,2022,Notre Dame,2019,2021,28.0,,,,,,,,,,,,,,RB,Notre Dame,419.0,2153.0,5.1,27.0,78.0,675.0,8.7,4.0,76.9,24.1,,,,,,,,,,,,,,,,,,,,,,19.232142857142858,22.0,31.0,31.0
Esezi Otomewo,,MIN,5,165,2022,Minnesota,2018,2021,46.0,,,,,,,,,,,,,,DL,Minnesota,,,,,,,,,,,,,,,,7.5,50.0,31.0,81.0,13.5,0.1630434782608695,1.0869565217391304,0.6739130434782609,1.7608695652173914,0.2934782608695652,,,,,,,9.654166666666667,23.0,0.0,2.0
Tycen Anderson,,CIN,5,166,2022,Toledo,2017,2021,55.0,,,,,,,,,,,,,,DB,Toledo,,,,,,,,,,,,,,,,,,,,,,,,,,2.0,0.0,0.0,17.0,0.0363636363636363,0.3090909090909091,-1.0853658536585367,23.0,2.0,2.0
Daron Bland,,DAL,5,167,2022,Fresno State,2021,2021,13.0,,,,,,,,,,,,,,DB,Fresno State,,,,,,,,,,,,,,,,,,,,,,,,,,2.0,38.0,0.0,5.0,0.1538461538461538,0.3846153846153846,,23.0,21.0,21.0
Ty Chandler,,MIN,5,169,2022,North Carolina,2017,2021,59.0,,,,,,,,,,,,,,RB,North CarolinaTennessee,603.0,3138.0,5.2,26.0,73.0,681.0,9.3,4.0,53.2,11.5,,,,,,,,,,,,,,,,,,,,,,4.835294117647059,24.0,6.0,6.0
Teagan Quitoriano,,HTX,5,170,2022,Oregon State,2018,2021,42.0,,,,,,,,,,,,,,TE,Oregon State,,,,,,,,,,,12.2,40.0,512.0,12.8,6.0,,,,,,,,,,,,,,,,,-5.800000000000001,22.0,1.0,1.0
Luke Wattenberg,,DEN,5,171,2022,Washington,2018,2021,43.0,,,,,,,,,,,,,,OL,Washington,,,,,,,,,,,,,,,,,,,,,,,,,,,,,,,,19.099999999999998,24.0,12.0,12.0
Samuel Womack,,SFO,5,172,2022,Toledo,2017,2021,51.0,,,,,,,,,,,,,,DB,Toledo,,,,,,,,,,,,,,,,,,,,,,,,,,5.0,64.0,0.0,41.0,0.0980392156862745,0.803921568627451,,23.0,2.0,7.0
Marcus McKethan,,NYG,5,173,2022,North Carolina,2020,2021,24.0,,,,,,,,,,,,,,OL,North Carolina,,,,,,,,,,,,,,,,,,,,,,,,,,,,,,,,,23.0,2.0,2.0
Dominique Robinson,,CHI,5,174,2022,Miami (OH),2018,2019,26.0,,,,,,,,,,,,,,WR,Miami (OH),,,,,,,,,,,17.4,27.0,452.0,16.7,4.0,,,,,,,,,,,,,,,,,-8.223529411764707,24.0,6.0,6.0
Dominique Robinson,,CHI,5,174,2022,Miami (OH),2020,2021,15.0,,,,,,,,,,,,,,DL,Miami (OH),,,,,,,,,,,,,,,,6.5,19.0,19.0,38.0,10.0,0.4333333333333333,1.2666666666666666,1.2666666666666666,2.533333333333333,0.6666666666666666,,,,,,,-8.223529411764707,24.0,6.0,6.0
Matthew Butler,,RAI,5,175,2022,Tennessee,2017,2021,53.0,,,,,,,,,,,,,,DL,Tennessee,,,,,,,,,,,,,,,,9.5,69.0,83.0,152.0,16.5,0.1792452830188679,1.30188679245283,1.5660377358490567,2.8679245283018866,0.3113207547169811,,,,,,,4.6000000000000005,23.0,1.0,2.0
Damone Clark,,DAL,5,176,2022,LSU,2018,2021,50.0,,,,,,,,,,,,,,LB,LSU,,,,,,,,,,,,,,,,10.0,123.0,126.0,249.0,23.5,0.2,2.46,2.52,4.98,0.47,,,,,,,21.1,22.0,14.0,14.0
James Mitchell,,DET,5,177,2022,Virginia Tech,2019,2021,25.0,,,,,,,,,,,,,,TE,Virginia Tech,,,,,,,,,,,33.5,52.0,838.0,16.1,7.0,,,,,,,,,,,,,,,,,8.03142857142857,23.0,1.0,1.0
John Ridgeway,,DAL,5,178,2022,Arkansas,2021,2021,12.0,,,,,,,,,,,,,,DL,Arkansas,,,,,,,,,,,,,,,,2.0,11.0,28.0,39.0,4.0,0.1666666666666666,0.9166666666666666,2.3333333333333335,3.25,0.3333333333333333,,,,,,,,23.0,,7.0
Kingsley Enagbare,,GNB,5,179,2022,South Carolina,2018,2021,44.0,,,,,,,,,,,,,,DL,South Carolina,,,,,,,,,,,,,,,,15.0,73.0,48.0,121.0,24.0,0.3409090909090909,1.6590909090909092,1.0909090909090908,2.75,0.5454545454545454,,,,,,,8.05,22.0,12.0,12.0
Kyron Johnson,,PHI,6,181,2022,Kansas,2017,2021,57.0,,,,,,,,,,,,,,LB,Kansas,,,,,,,,,,,,,,,,11.5,126.0,65.0,191.0,22.0,0.2017543859649122,2.210526315789474,1.1403508771929824,3.3508771929824563,0.3859649122807017,,,,,,,-12.461290322580645,24.0,1.0,1.0
Darrian Beavers,,NYG,6,182,2022,Cincinnati,2017,2021,62.0,,,,,,,,,,,,,,LB,CincinnatiConnecticut,,,,,,,,,,,,,,,,14.0,130.0,103.0,233.0,28.0,0.2258064516129032,2.096774193548387,1.6612903225806452,3.758064516129033,0.4516129032258064,,,,,,,-1.590624999999999,23.0,0.0,0.0
Kevin Harris,,NWE,6,183,2022,South Carolina,2019,2021,28.0,,,,,,,,,,,,,,RB,South Carolina,358.0,1976.0,5.5,23.0,35.0,274.0,7.8,1.0,70.6,9.8,,,,,,,,,,,,,,,,,,,,,,3.44,21.0,1.0,1.0
Vederian Lowe,,MIN,6,184,2022,Illinois,2020,2021,19.0,,,,,,,,,,,,,,OL,Illinois,,,,,,,,,,,,,,,,,,,,,,,,,,,,,,,,,23.0,0.0,12.0
Zachary Thomas,,CHI,6,186,2022,San Diego State,2017,2021,34.0,,,,,,,,,,,,,,OL,San Diego State,,,,,,,,,,,,,,,,,,,,,,,,,,,,,,,,,24.0,,0.0
Malcolm Rodriguez,,DET,6,188,2022,Oklahoma State,2020,2021,25.0,,,,,,,,,,,,,,LB,Oklahoma State,,,,,,,,,,,,,,,,6.0,133.0,79.0,212.0,22.5,0.24,5.32,3.16,8.48,0.9,,,,,,,13.00263157894737,23.0,12.0,12.0
Malcolm Rodriguez,,DET,6,188,2022,Oklahoma State,2017,2019,35.0,,,,,,,,,,,,,,S,Oklahoma State,,,,,,,,,,,,,,,,,,,,,,,,,,1.0,26.0,1.0,4.0,0.0285714285714285,0.1142857142857142,13.00263157894737,23.0,12.0,12.0
Amare Barno,,CAR,6,189,2022,Virginia Tech,2020,2021,23.0,,,,,,,,,,,,,,DL,Virginia Tech,,,,,,,,,,,,,,,,10.0,48.0,30.0,78.0,21.5,0.4347826086956521,2.0869565217391304,1.3043478260869563,3.391304347826087,0.9347826086956522,,,,,,,13.7,23.0,2.0,2.0
Justin Shaffer,,ATL,6,190,2022,Georgia,2020,2021,25.0,,,,,,,,,,,,,,OL,Georgia,,,,,,,,,,,,,,,,,,,,,,,,,,,,,,,,,24.0,,
Jalen Nailor,,MIN,6,191,2022,Michigan State,2018,2021,28.0,,,,,,,,,,,,,,WR,Michigan State,,,,,,,,,,,51.9,86.0,1453.0,16.9,12.0,,,,,,,,,,,,,,,,,4.095833333333334,23.0,9.0,9.0
Devin Harper,,DAL,6,193,2022,Oklahoma State,2017,2021,59.0,,,,,,,,,,,,,,LB,Oklahoma State,,,,,,,,,,,,,,,,13.5,141.0,75.0,216.0,26.5,0.2288135593220339,2.389830508474576,1.271186440677966,3.6610169491525424,0.4491525423728814,,,,,,,14.711363636363636,24.0,0.0,0.0
Jordan Jackson,,NOR,6,194,2022,Air Force,2018,2021,38.0,,,,,,,,,,,,,,DT,Air Force,,,,,,,,,,,,,,,,15.5,67.0,66.0,133.0,29.5,0.4078947368421052,1.763157894736842,1.736842105263158,3.5,0.7763157894736842,,,,,,,-0.23333333333333345,24.0,,1.0
Jamaree Salyer,,SDG,6,195,2022,Georgia,2020,2021,21.0,,,,,,,,,,,,,,OL,Georgia,,,,,,,,,,,,,,,,,,,,,,,,,,,,,,,,,22.0,19.0,19.0
Tyler Badie,,RAV,6,196,2022,Missouri,2018,2021,46.0,,,,,,,,,,,,,,RB,Missouri,513.0,2740.0,5.3,23.0,126.0,1149.0,9.1,11.0,59.6,25.0,,,,,,,,,,,,,,,,,,,,,,10.0,22.0,,2.0
Grant Calcaterra,,PHI,6,198,2022,SMU,2017,2021,45.0,,,,,,,,,,,,,,TE,OklahomaSMU,,,,,,,,,,,24.5,79.0,1102.0,13.9,13.0,,,,,,,,,,,,,,,,,24.62,23.0,5.0,5.0
Cade Mays,,CAR,6,199,2022,Tennessee,2020,2021,17.0,,,,,,,,,,,,,,OL,Tennessee,,,,,,,,,,,,,,,,,,,,,,,,,,,,,,,,,23.0,11.0,11.0
Keaontay Ingram,,CRD,6,201,2022,USC,2018,2021,42.0,,,,,,,,,,,,,,RB,TexasUSC,495.0,2722.0,5.5,16.0,89.0,671.0,7.5,6.0,64.8,16.0,,,,,,,,,,,,,,,,,,,,,,11.027906976744186,22.0,2.0,2.0
Trestan Ebner,,CHI,6,203,2022,Baylor,2017,2021,61.0,,,,,,,,,,,,,,RB,Baylor,343.0,1690.0,4.9,9.0,127.0,1515.0,11.9,11.0,27.7,24.8,,,,,,,,,,,,,,,,,,,,,,3.6171717171717175,23.0,0.0,0.0
Theo Jackson,,OTI,6,204,2022,Tennessee,2017,2021,56.0,,,,,,,,,,,,,,DB,Tennessee,,,,,,,,,,,,,,,,,,,,,,,,,,3.0,91.0,1.0,18.0,0.0535714285714285,0.3214285714285714,4.571794871794872,23.0,,8.0
Austin Deculus,,HTX,6,205,2022,LSU,2018,2021,35.0,,,,,,,,,,,,,,OL,LSU,,,,,,,,,,,,,,,,,,,,,,,,,,,,,,,,,23.0,1.0,4.0
Matt Henningsen,,DEN,6,206,2022,Wisconsin,2018,2021,42.0,,,,,,,,,,,,,,DE,Wisconsin,,,,,,,,,,,,,,,,8.0,36.0,55.0,91.0,13.0,0.1904761904761904,0.8571428571428571,1.3095238095238095,2.1666666666666665,0.3095238095238095,,,,,,,20.708333333333332,23.0,2.0,2.0
Doug Kramer,,CHI,6,207,2022,Illinois,2017,2021,23.0,,,,,,,,,,,,,,OL,Illinois,,,,,,,,,,,,,,,,,,,,,,,,,,,,,,,,-7.4,24.0,1.0,1.0
Connor Heyward,,PIT,6,208,2022,Michigan State,2017,2020,36.0,,,,,,,,,,,,,,RB,Michigan State,210.0,818.0,3.9,5.0,61.0,385.0,6.3,4.0,22.7,10.7,,,,,,,,,,,,,,,,,,,,,,8.914606741573033,23.0,3.0,3.0
Connor Heyward,,PIT,6,208,2022,Michigan State,2021,2021,13.0,,,,,,,,,,,,,,TE,Michigan State,,,,,,,,,,,25.1,35.0,326.0,9.3,2.0,,,,,,,,,,,,,,,,,8.914606741573033,23.0,3.0,3.0
Luke Tenuta,,BUF,6,209,2022,Virginia Tech,2020,2021,21.0,,,,,,,,,,,,,,OL,Virginia Tech,,,,,,,,,,,,,,,,,,,,,,,,,,,,,,,,,23.0,,0.0
Chasen Hines,,NWE,6,210,2022,LSU,2020,2021,17.0,,,,,,,,,,,,,,G,LSU,,,,,,,,,,,,,,,,,,,,,,,,,,,,,,,,,22.0,,
Quentin Lake,,RAM,6,211,2022,UCLA,2017,2021,41.0,,,,,,,,,,,,,,DB,UCLA,,,,,,,,,,,,,,,,,,,,,,,,,,6.0,35.0,0.0,15.0,0.1463414634146341,0.3658536585365853,-0.26388888888888884,23.0,11.0,11.0
Derion Kendrick,,RAM,6,212,2022,Georgia,2018,2018,15.0,,,,,,,,,,,,,,WR,Clemson,,,,,,,,,,,14.0,15.0,210.0,14.0,0.0,,,,,,,,,,,,,,,,,28.275999999999996,22.0,6.0,7.0
Derion Kendrick,,RAM,6,212,2022,Georgia,2019,2021,39.0,,,,,,,,,,,,,,CB,ClemsonGeorgia,,,,,,,,,,,,,,,,,,,,,,,,,,7.0,66.0,1.0,14.0,0.1794871794871795,0.358974358974359,28.275999999999996,22.0,6.0,7.0
John FitzPatrick,,ATL,6,213,2022,Georgia,2019,2021,36.0,,,,,,,,,,,,,,TE,Georgia,,,,,,,,,,,5.6,17.0,200.0,11.8,1.0,,,,,,,,,,,,,,,,,22.95,22.0,0.0,1.0
Ja'Sir Taylor,,SDG,6,214,2022,Wake Forest,2017,2021,62.0,,,,,,,,,,,,,,DB,Wake Forest,,,,,,,,,,,,,,,,,,,,,,,,,,6.0,93.0,1.0,24.0,0.0967741935483871,0.3870967741935484,3.3068181818181817,23.0,7.0,8.0
Lecitus Smith,,CRD,6,215,2022,Virginia Tech,2020,2021,22.0,,,,,,,,,,,,,,OL,Virginia Tech,,,,,,,,,,,,,,,,,,,,,,,,,,,,,,,,,24.0,1.0,2.0
Curtis Brooks,,CLT,6,216,2022,Cincinnati,2017,2021,60.0,,,,,,,,,,,,,,DE,Cincinnati,,,,,,,,,,,,,,,,12.0,85.0,77.0,162.0,23.0,0.2,1.4166666666666667,1.2833333333333334,2.7,0.3833333333333333,,,,,,,6.909677419354839,24.0,,
Ko Kieft,,TAM,6,218,2022,Minnesota,2017,2021,42.0,,,,,,,,,,,,,,TE,Minnesota,,,,,,,,,,,4.0,12.0,166.0,13.8,2.0,,,,,,,,,,,,,,,,,4.16,24.0,1.0,1.0
Chance Campbell,,OTI,6,219,2022,Ole Miss,2018,2021,38.0,,,,,,,,,,,,,,LB,MarylandOle Miss,,,,,,,,,,,,,,,,7.5,113.0,103.0,216.0,22.5,0.1973684210526315,2.973684210526316,2.710526315789474,5.684210526315789,0.5921052631578947,,,,,,,-1.7607142857142857,22.0,0.0,0.0
Kalia Davis,,SFO,6,220,2022,UCF,2018,2021,28.0,,,,,,,,,,,,,,LB,UCF,,,,,,,,,,,,,,,,4.0,32.0,29.0,61.0,15.0,0.1428571428571428,1.1428571428571428,1.0357142857142858,2.1785714285714284,0.5357142857142857,,,,,,,18.029411764705884,23.0,9.0,9.0
Tariq Castro-Fields,,SFO,6,221,2022,Penn State,2017,2021,53.0,,,,,,,,,,,,,,CB,Penn State,,,,,,,,,,,,,,,,,,,,,,,,,,3.0,8.0,0.0,25.0,0.0566037735849056,0.4716981132075472,21.47254901960784,23.0,,1.0
Montaric Brown,,JAX,7,222,2022,Arkansas,2018,2021,42.0,,,,,,,,,,,,,,DB,Arkansas,,,,,,,,,,,,,,,,,,,,,,,,,,7.0,12.0,0.0,16.0,0.1666666666666666,0.3809523809523809,-3.103125,23.0,11.0,11.0
Isaiah Thomas,,CLE,7,223,2022,Oklahoma,2018,2021,43.0,,,,,,,,,,,,,,DE,Oklahoma,,,,,,,,,,,,,,,,18.5,45.0,36.0,81.0,26.5,0.4302325581395348,1.0465116279069768,0.8372093023255814,1.8837209302325584,0.6162790697674418,,,,,,,21.358333333333334,23.0,1.0,1.0
Cameron Goode,,MIA,7,224,2022,California,2017,2021,37.0,,,,,,,,,,,,,,LB,California,,,,,,,,,,,,,,,,21.5,97.0,74.0,171.0,36.5,0.581081081081081,2.6216216216216215,2.0,4.621621621621622,0.9864864864864864,,,,,,,0.743181818181818,24.0,2.0,2.0
Mark Robinson,,PIT,7,225,2022,Ole Miss,2021,2021,13.0,,,,,,,,,,,,,,LB,Ole Miss,,,,,,,,,,,,,,,,3.0,42.0,48.0,90.0,8.5,0.2307692307692307,3.230769230769231,3.692307692307693,6.923076923076923,0.6538461538461539,,,,,,,,23.0,4.0,4.0
Nick Muse,,MIN,7,227,2022,South Carolina,2019,2021,31.0,,,,,,,,,,,,,,TE,South Carolina,,,,,,,,,,,26.0,67.0,805.0,12.0,3.0,,,,,,,,,,,,,,,,,0.48,23.0,0.0,0.0
Tariq Carpenter,,GNB,7,228,2022,Georgia Tech,2017,2021,52.0,,,,,,,,,,,,,,DB,Georgia Tech,,,,,,,,,,,,,,,,,,,,,,,,,,4.0,49.0,0.0,18.0,0.0769230769230769,0.3461538461538461,-1.9349999999999998,23.0,1.0,1.0
Bo Melton,,SEA,7,229,2022,Rutgers,2017,2021,56.0,,,,,,,,,,,,,,WR,Rutgers,,,,,,,,,,,35.9,164.0,2011.0,12.3,11.0,,,,,,,,,,,,,,,,,-10.668115942028987,23.0,,5.0
Chris Paul,,WAS,7,230,2022,Tulsa,2020,2021,18.0,,,,,,,,,,,,,,OL,Tulsa,,,,,,,,,,,,,,,,,,,,,,,,,,,,,,,,,23.0,10.0,10.0
Baylon Spector,,BUF,7,231,2022,Clemson,2018,2021,53.0,,,,,,,,,,,,,,LB,Clemson,,,,,,,,,,,,,,,,9.0,99.0,93.0,192.0,22.0,0.1698113207547169,1.8679245283018868,1.7547169811320755,3.6226415094339623,0.4150943396226415,,,,,,,27.774074074074072,23.0,5.0,5.0
Faion Hicks,,DEN,7,232,2022,Wisconsin,2018,2021,44.0,,,,,,,,,,,,,,CB,Wisconsin,,,,,,,,,,,,,,,,,,,,,,,,,,1.0,0.0,0.0,18.0,0.0227272727272727,0.4090909090909091,19.924,24.0,0.0,0.0
Jonathan Ford,,GNB,7,234,2022,Miami (FL),2017,2021,50.0,,,,,,,,,,,,,,DL,Miami (FL),,,,,,,,,,,,,,,,3.0,21.0,39.0,60.0,8.0,0.06,0.42,0.78,1.2,0.16,,,,,,,13.125,22.0,0.0,1.0
Deane Leonard,,SDG,7,236,2022,Ole Miss,2020,2021,19.0,,,,,,,,,,,,,,DB,Ole Miss,,,,,,,,,,,,,,,,,,,,,,,,,,0.0,0.0,0.0,11.0,0.0,0.5789473684210527,4.8,22.0,3.0,3.0
Chase Lucas,,DET,7,237,2022,Arizona State,2017,2021,52.0,,,,,,,,,,,,,,DB,Arizona State,,,,,,,,,,,,,,,,,,,,,,,,,,6.0,45.0,0.0,28.0,0.1153846153846153,0.5384615384615384,4.979166666666667,25.0,1.0,2.0
Thayer Munford,,RAI,7,238,2022,Ohio State,2020,2021,17.0,,,,,,,,,,,,,,OL,Ohio State,,,,,,,,,,,,,,,,,,,,,,,,,,,,,,,,28.399999999999995,22.0,10.0,11.0
Christian Holmes,,WAS,7,240,2022,Oklahoma State,2016,2021,59.0,,,,,,,,,,,,,,DB,MissouriOklahoma State,,,,,,,,,,,,,,,,,,,,,,,,,,3.0,44.0,1.0,30.0,0.0508474576271186,0.5084745762711864,12.346808510638297,24.0,3.0,3.0
Kalon Barnes,,CAR,7,242,2022,Baylor,2018,2018,11.0,,,,,,,,,,,,,,WR,Baylor,,,,,,,,,,,0.0,0.0,0.0,,0.0,,,,,,,,,,,,,,,,,7.727586206896552,23.0,,0.0
Kalon Barnes,,CAR,7,242,2022,Baylor,2019,2021,30.0,,,,,,,,,,,,,,CB,Baylor,,,,,,,,,,,,,,,,,,,,,,,,,,3.0,18.0,0.0,13.0,0.1,0.4333333333333333,7.727586206896552,23.0,,0.0
Jaylen Watson,,KAN,7,243,2022,Washington State,2020,2021,15.0,,,,,,,,,,,,,,DB,Washington State,,,,,,,,,,,,,,,,,,,,,,,,,,2.0,11.0,0.0,5.0,0.1333333333333333,0.3333333333333333,4.2,23.0,13.0,13.0
Andrew Stueber,,NWE,7,245,2022,Michigan,2020,2021,20.0,,,,,,,,,,,,,,OL,Michigan,,,,,,,,,,,,,,,,,,,,,,,,,,,,,,,,,23.0,,1.0
Dawson Deaton,,CLE,7,246,2022,Texas Tech,2019,2021,33.0,,,,,,,,,,,,,,OL,Texas Tech,,,,,,,,,,,,,,,,,,,,,,,,,,,,,,,,2.7,23.0,,
Skylar Thompson,142.1,MIA,7,247,2022,Kansas State,2017,2021,45.0,552.0,885.0,333.0,62.4,7134.0,42.0,16.0,4.7,1.8,8.1,8.2,12.9,158.5,QB,Kansas State,,,,,,,,,,,,,,,,,,,,,,,,,,,,,,,,,25.0,3.0,3.0
Andre Anthony,,TAM,7,248,2022,LSU,2018,2021,35.0,,,,,,,,,,,,,,LB,LSU,,,,,,,,,,,,,,,,10.5,27.0,28.0,55.0,11.0,0.3,0.7714285714285715,0.8,1.5714285714285714,0.3142857142857143,,,,,,,21.4875,25.0,,
Rasheed Walker,,GNB,7,249,2022,Penn State,2020,2021,18.0,,,,,,,,,,,,,,OL,Penn State,,,,,,,,,,,,,,,,,,,,,,,,,,,,,,,,13.9,22.0,29.0,29.0
Brittain Brown,,RAI,7,250,2022,UCLA,2017,2021,42.0,,,,,,,,,,,,,,RB,DukeUCLA,406.0,2284.0,5.6,21.0,41.0,431.0,10.5,2.0,54.4,10.3,,,,,,,,,,,,,,,,,,,,,,3.33013698630137,24.0,0.0,0.0
Isiah Pacheco,,KAN,7,251,2022,Rutgers,2018,2021,44.0,,,,,,,,,,,,,,RB,Rutgers,563.0,2442.0,4.3,18.0,47.0,249.0,5.3,1.0,55.5,5.7,,,,,,,,,,,,,,,,,,,,,,,23.0,21.0,21.0
Jeffrey Gunter,,CIN,7,252,2022,Coastal Carolina,2017,2021,48.0,,,,,,,,,,,,,,DE,Coastal Carolina,,,,,,,,,,,,,,,,18.0,96.0,78.0,174.0,40.0,0.375,2.0,1.625,3.625,0.8333333333333334,,,,,,,-2.6555555555555554,23.0,1.0,1.0
Russ Yeast,,RAM,7,253,2022,Kansas State,2017,2021,58.0,,,,,,,,,,,,,,CB,Kansas StateLouisville,,,,,,,,,,,,,,,,,,,,,,,,,,6.0,32.0,0.0,19.0,0.1034482758620689,0.3275862068965517,4.1866666666666665,23.0,4.0,4.0
Elijah Hicks,,CHI,7,254,2022,California,2017,2021,54.0,,,,,,,,,,,,,,CB,California,,,,,,,,,,,,,,,,,,,,,,,,,,5.0,66.0,1.0,14.0,0.0925925925925925,0.2592592592592592,1.5512195121951218,22.0,8.0,8.0
Jesse Luketa,,CRD,7,256,2022,Penn State,2018,2021,47.0,,,,,,,,,,,,,,LB,Penn State,,,,,,,,,,,,,,,,0.5,85.0,66.0,151.0,11.5,0.0106382978723404,1.8085106382978724,1.4042553191489362,3.2127659574468086,0.2446808510638297,,,,,,,19.43448275862069,23.0,3.0,3.0
Marquis Hayes,,CRD,7,257,2022,Oklahoma,2020,2021,24.0,,,,,,,,,,,,,,OL,Oklahoma,,,,,,,,,,,,,,,,,,,,,,,,,,,,,,,,17.8,23.0,,
Samori Toure,,GNB,7,258,2022,Nebraska,2021,2021,12.0,,,,,,,,,,,,,,WR,Nebraska,,,,,,,,,,,74.8,46.0,898.0,19.5,5.0,,,,,,,,,,,,,,,,,,24.0,2.0,2.0
Nazeeh Johnson,,KAN,7,259,2022,Marshall,2017,2021,56.0,,,,,,,,,,,,,,S,Marshall,,,,,,,,,,,,,,,,,,,,,,,,,,7.0,63.0,1.0,19.0,0.125,0.3392857142857143,1.202,24.0,3.0,3.0
Alexander Horvath,,SDG,7,260,2022,Purdue,2018,2021,38.0,,,,,,,,,,,,,,RB,Purdue,268.0,1181.0,4.4,8.0,68.0,592.0,8.7,1.0,31.1,15.6,,,,,,,,,,,,,,,,,,,,,,2.7700000000000005,23.0,0.0,0.0
AJ Arcuri,,RAM,7,261,2022,Michigan State,2020,2021,20.0,,,,,,,,,,,,,,T,Michigan State,,,,,,,,,,,,,,,,,,,,,,,,,,,,,,,,,25.0,1.0,1.0
Brock Purdy,151.1,SFO,7,262,2022,Iowa State,2018,2021,48.0,993.0,1467.0,474.0,67.7,12170.0,81.0,33.0,5.5,2.2,8.3,8.39,12.3,253.5,QB,Iowa State,,,,,,,,,,,,,,,,,,,,,,,,,,,,,,,,11.540384615384616,22.0,44.0,44.0
