Player,Rate,Draft Team,Round,Pick,Draft Year,Draft College,From,To,G,qb_Cmp,qb_Att,qb_Inc,qb_Cmp%,qb_Yds,qb_TD,qb_Int,qb_TD%,qb_Int%,qb_Y/A,qb_AY/A,qb_Y/C,qb_Y/G,Pos,Team,rb_rush_Y/G,rb_rush_Att,rb_rush_Yds,rb_rush_Y/A,rb_rush_TD,rb_rec_Rec,rb_rec_Y/R,rb_rec_TD,rb_rec_Y/G,rec_Y/G,rec_Rec,rec_Yds,rec_Y/R,rec_TD,Sk,Solo,Ast,Comb,TFL,Sk/G,Int,IntTD,PD,name_norm,position,college,college_norm,player_id
Cam Newton,178.2,CAR,1,1,2011,Auburn,2007,2010,20.0,191.0,292.0,101.0,65.4,2908.0,30.0,7.0,10.3,2.4,10.0,10.93,15.2,145.4,QB,AuburnFlorida,,,,,,,,,,,,,,,,,,,,,,,,cam newton,QB,Auburn,auburn,7.0
Von Miller,,DEN,1,2,2011,Texas A&M,2007,2010,47.0,,,,,,,,,,,,,,DL,Texas A&M,,,,,,,,,,,,,,,33.0,104.0,77.0,181.0,50.5,0.7021276595744681,,,,von miller,DL,Texas A&M,texas a&m,
Marcell Dareus,,BUF,1,3,2011,Alabama,2009,2010,25.0,,,,,,,,,,,,,,DL,Alabama,,,,,,,,,,,,,,,11.0,39.0,27.0,66.0,20.0,0.44,,,,marcell dareus,DL,Alabama,alabama,
A.J. Green,,CIN,1,4,2011,Georgia,2008,2010,32.0,,,,,,,,,,,,,,WR,Georgia,,,,,,,,,,81.8,166.0,2619.0,15.8,23.0,,,,,,,,,,a j green,WR,Georgia,georgia,297.0
Patrick Peterson,,CRD,1,5,2011,LSU,2008,2010,39.0,,,,,,,,,,,,,,DB,LSU,,,,,,,,,,,,,,,,,,,,,7.0,1.0,0.0,patrick peterson,DB,LSU,lsu,
Julio Jones,,ATL,1,6,2011,Alabama,2008,2010,40.0,,,,,,,,,,,,,,WR,Alabama,,,,,,,,,,66.3,179.0,2653.0,14.8,15.0,,,,,,,,,,julio jones,WR,Alabama,alabama,301.0
Aldon Smith,,SFO,1,7,2011,Missouri,2009,2010,23.0,,,,,,,,,,,,,,DL,Missouri,,,,,,,,,,,,,,,14.0,52.0,27.0,79.0,23.0,0.6086956521739131,,,,aldon smith,DL,Missouri,missouri,
Jake Locker,119.1,OTI,1,8,2011,Washington,2007,2010,40.0,619.0,1147.0,528.0,54.0,7639.0,53.0,35.0,4.6,3.1,6.7,6.21,12.3,191.0,QB,Washington,,,,,,,,,,,,,,,,,,,,,,,,jake locker,QB,Washington,washington,4.0
Tyron Smith,,DAL,1,9,2011,USC,2009,2010,24.0,,,,,,,,,,,,,,OL,USC,,,,,,,,,,,,,,,,,,,,,,,,tyron smith,OL,USC,usc,
Blaine Gabbert,132.6,JAX,1,10,2011,Missouri,2008,2010,31.0,568.0,933.0,365.0,60.9,6822.0,40.0,18.0,4.3,1.9,7.3,7.3,12.0,220.1,QB,Missouri,,,,,,,,,,,,,,,,,,,,,,,,blaine gabbert,QB,Missouri,missouri,2.0
J.J. Watt,,HTX,1,11,2011,Wisconsin,2007,2007,14.0,,,,,,,,,,,,,,TE,Central Michigan,,,,,,,,,,5.5,8.0,77.0,9.6,0.0,,,,,,,,,,j j watt,TE,Wisconsin,wisconsin,
J.J. Watt,,HTX,1,11,2011,Wisconsin,2009,2010,26.0,,,,,,,,,,,,,,DL,Wisconsin,,,,,,,,,,,,,,,11.0,74.0,32.0,106.0,36.5,0.4230769230769231,,,,j j watt,DL,Wisconsin,wisconsin,
Christian Ponder,132.1,MIN,1,12,2011,Florida State,2007,2010,35.0,596.0,965.0,369.0,61.8,6872.0,49.0,30.0,5.1,3.1,7.1,6.74,11.5,196.3,QB,Florida State,,,,,,,,,,,,,,,,,,,,,,,,christian ponder,QB,Florida State,florida state,
Nick Fairley,,DET,1,13,2011,Auburn,2009,2010,27.0,,,,,,,,,,,,,,DL,Auburn,,,,,,,,,,,,,,,13.0,50.0,38.0,88.0,27.5,0.4814814814814814,,,,nick fairley,DL,Auburn,auburn,
Robert Quinn,,RAM,1,14,2011,North Carolina,2008,2009,25.0,,,,,,,,,,,,,,DL,North Carolina,,,,,,,,,,,,,,,13.0,57.0,29.0,86.0,25.5,0.52,,,,robert quinn,DL,North Carolina,north carolina,
Mike Pouncey,,MIA,1,15,2011,Florida,2007,2007,13.0,,,,,,,,,,,,,,OL,Florida,,,,,,,,,,,,,,,,,,,,,,,,mike pouncey,OL,Florida,florida,
Ryan Kerrigan,,WAS,1,16,2011,Purdue,2007,2010,48.0,,,,,,,,,,,,,,DL,Purdue,,,,,,,,,,,,,,,33.0,134.0,76.0,210.0,57.0,0.6875,,,,ryan kerrigan,DL,Purdue,purdue,
Nate Solder,,NWE,1,17,2011,Colorado,2007,2007,12.0,,,,,,,,,,,,,,TE,Colorado,,,,,,,,,,4.2,3.0,50.0,16.7,0.0,,,,,,,,,,nate solder,TE,Colorado,colorado,
Nate Solder,,NWE,1,17,2011,Colorado,2009,2010,12.0,,,,,,,,,,,,,,OL,Colorado,,,,,,,,,,,,,,,,,,,,,,,,nate solder,OL,Colorado,colorado,
Corey Liuget,,SDG,1,18,2011,Illinois,2008,2010,36.0,,,,,,,,,,,,,,DL,Illinois,,,,,,,,,,,,,,,8.0,57.0,68.0,125.0,25.5,0.2222222222222222,,,,corey liuget,DL,Illinois,illinois,
Prince Amukamara,,NYG,1,19,2011,Nebraska,2007,2010,49.0,,,,,,,,,,,,,,DB,Nebraska,,,,,,,,,,,,,,,,,,,,,5.0,0.0,15.0,prince amukamara,DB,Nebraska,nebraska,
Adrian Clayborn,,TAM,1,20,2011,Iowa,2007,2010,50.0,,,,,,,,,,,,,,DL,Iowa,,,,,,,,,,,,,,,19.0,73.0,119.0,192.0,37.5,0.38,,,,adrian clayborn,DL,Iowa,iowa,
Phil Taylor,,CLE,1,21,2011,Baylor,2009,2010,25.0,,,,,,,,,,,,,,DL,Baylor,,,,,,,,,,,,,,,2.0,46.0,41.0,87.0,9.5,0.08,,,,phil taylor,DL,Baylor,baylor,
Anthony Castonzo,,CLT,1,22,2011,Boston College,2007,2009,26.0,,,,,,,,,,,,,,OL,Boston College,,,,,,,,,,,,,,,,,,,,,,,,anthony castonzo,OL,Boston College,boston college,
Danny Watkins,,PHI,1,23,2011,Baylor,2009,2009,12.0,,,,,,,,,,,,,,OL,Baylor,,,,,,,,,,,,,,,,,,,,,,,,danny watkins,OL,Baylor,baylor,
Cameron Jordan,,NOR,1,24,2011,California,2007,2010,50.0,,,,,,,,,,,,,,DL,California,,,,,,,,,,,,,,,16.0,88.0,87.0,175.0,34.0,0.32,,,,cameron jordan,DL,California,california,
James Carpenter,,SEA,1,25,2011,Alabama,2009,2009,14.0,,,,,,,,,,,,,,OL,Alabama,,,,,,,,,,,,,,,,,,,,,,,,james carpenter,OL,Alabama,alabama,
Jonathan Baldwin,,KAN,1,26,2011,Pitt,2008,2010,39.0,,,,,,,,,,,,,,WR,Pitt,,,,,,,,,,59.9,128.0,2337.0,18.3,16.0,,,,,,,,,,jonathan baldwin,WR,Pitt,pitt,
Jimmy Smith,,RAV,1,27,2011,Colorado,2007,2010,41.0,,,,,,,,,,,,,,DB,Colorado,,,,,,,,,,,,,,,,,,,,,3.0,1.0,9.0,jimmy smith,DB,Colorado,colorado,
Mark Ingram,,NOR,1,28,2011,Alabama,2008,2010,39.0,,,,,,,,,,,,,,RB,Alabama,83.6,572.0,3261.0,5.7,42.0,60.0,11.2,4.0,17.2,,,,,,,,,,,,,,,mark ingram,RB,Alabama,alabama,81.0
Gabe Carimi,,CHI,1,29,2011,Wisconsin,2010,2010,,,,,,,,,,,,,,,OL,Wisconsin,,,,,,,,,,,,,,,,,,,,,,,,gabe carimi,OL,Wisconsin,wisconsin,
Muhammad Wilkerson,,NYJ,1,30,2011,Temple,2008,2010,36.0,,,,,,,,,,,,,,DL,Temple,,,,,,,,,,,,,,,17.0,88.0,56.0,144.0,26.0,0.4722222222222222,,,,muhammad wilkerson,DL,Temple,temple,
Cameron Heyward,,PIT,1,31,2011,Ohio State,2007,2010,52.0,,,,,,,,,,,,,,DL,Ohio State,,,,,,,,,,,,,,,15.0,80.0,83.0,163.0,37.5,0.2884615384615384,,,,cameron heyward,DL,Ohio State,ohio state,
Derek Sherrod,,GNB,1,32,2011,Mississippi State,2009,2010,25.0,,,,,,,,,,,,,,OL,Mississippi State,,,,,,,,,,,,,,,,,,,,,,,,derek sherrod,OL,Mississippi State,mississippi state,
Ras-I Dowling,,NWE,2,33,2011,Virginia,2007,2010,40.0,,,,,,,,,,,,,,DB,Virginia,,,,,,,,,,,,,,,,,,,,,8.0,0.0,1.0,ras i dowling,DB,Virginia,virginia,
Aaron Williams,,BUF,2,34,2011,Texas,2008,2010,37.0,,,,,,,,,,,,,,DB,Texas,,,,,,,,,,,,,,,,,,,,,4.0,1.0,0.0,aaron williams,DB,Texas,texas,
Andy Dalton,140.7,CIN,2,35,2011,Texas Christian,2007,2010,50.0,812.0,1317.0,505.0,61.7,10314.0,71.0,30.0,5.4,2.3,7.8,7.88,12.7,206.3,QB,Texas Christian,,,,,,,,,,,,,,,,,,,,,,,,andy dalton,QB,Texas Christian,texas christian,
Colin Kaepernick,142.5,SFO,2,36,2011,Nevada,2007,2010,51.0,740.0,1271.0,531.0,58.2,10098.0,82.0,24.0,6.5,1.9,7.9,8.39,13.6,198.0,QB,Nevada,,,,,,,,,,,,,,,,,,,,,,,,colin kaepernick,QB,Nevada,nevada,3.0
Jabaal Sheard,,CLE,2,37,2011,Pitt,2007,2010,45.0,,,,,,,,,,,,,,DL,Pitt,,,,,,,,,,,,,,,19.0,82.0,60.0,142.0,35.5,0.4222222222222222,,,,jabaal sheard,DL,Pitt,pitt,
Ryan Williams,,CRD,2,38,2011,Virginia Tech,2009,2010,23.0,,,,,,,,,,,,,,RB,Virginia Tech,92.7,403.0,2132.0,5.3,30.0,26.0,11.1,2.0,12.6,,,,,,,,,,,,,,,ryan williams,RB,Virginia Tech,virginia tech,91.0
Akeem Ayers,,OTI,2,39,2011,UCLA,2008,2010,37.0,,,,,,,,,,,,,,LB,UCLA,,,,,,,,,,,,,,,14.0,128.0,55.0,183.0,29.5,0.3783783783783784,,,,akeem ayers,LB,UCLA,ucla,
Bruce Carter,,DAL,2,40,2011,North Carolina,2007,2010,49.0,,,,,,,,,,,,,,LB,North Carolina,,,,,,,,,,,,,,,9.0,146.0,69.0,215.0,24.0,0.1836734693877551,,,,bruce carter,LB,North Carolina,north carolina,
Jarvis Jenkins,,WAS,2,41,2011,Clemson,2007,2010,49.0,,,,,,,,,,,,,,DL,Clemson,,,,,,,,,,,,,,,4.0,59.0,56.0,115.0,24.5,0.0816326530612244,,,,jarvis jenkins,DL,Clemson,clemson,
Brooks Reed,,HTX,2,42,2011,Arizona,2007,2010,45.0,,,,,,,,,,,,,,DL,Arizona,,,,,,,,,,,,,,,17.0,75.0,39.0,114.0,25.0,0.3777777777777777,,,,brooks reed,DL,Arizona,arizona,
Kyle Rudolph,,MIN,2,43,2011,Notre Dame,2008,2010,29.0,,,,,,,,,,,,,,TE,Notre Dame,,,,,,,,,,35.6,90.0,1032.0,11.5,8.0,,,,,,,,,,kyle rudolph,TE,Notre Dame,notre dame,207.0
Titus Young,,DET,2,44,2011,Boise State,2007,2010,43.0,,,,,,,,,,,,,,WR,Boise State,,,,,,,,,,71.2,204.0,3063.0,15.0,25.0,,,,,,,,,,titus young,WR,Boise State,boise state,
Rahim Moore,,DEN,2,45,2011,UCLA,2008,2010,37.0,,,,,,,,,,,,,,DB,UCLA,,,,,,,,,,,,,,,,,,,,,14.0,0.0,0.0,rahim moore,DB,UCLA,ucla,
Orlando Franklin,,DEN,2,46,2011,Miami (FL),2009,2010,26.0,,,,,,,,,,,,,,OL,Miami (FL),,,,,,,,,,,,,,,,,,,,,,,,orlando franklin,OL,Miami (FL),miami (fl),
Lance Kendricks,,RAM,2,47,2011,Wisconsin,2008,2010,33.0,,,,,,,,,,,,,,WR,Wisconsin,,,,,,,,,,35.2,78.0,1160.0,14.9,8.0,,,,,,,,,,lance kendricks,WR,Wisconsin,wisconsin,
Marcus Gilchrist,,SDG,2,50,2011,Clemson,2007,2010,53.0,,,,,,,,,,,,,,DB,Clemson,,,,,,,,,,,,,,,,,,,,,1.0,0.0,0.0,marcus gilchrist,DB,Clemson,clemson,
Da'Quan Bowers,,TAM,2,51,2011,Clemson,2008,2010,38.0,,,,,,,,,,,,,,DL,Clemson,,,,,,,,,,,,,,,19.0,89.0,61.0,150.0,44.5,0.5,,,,da quan bowers,DL,Clemson,clemson,
Marvin Austin,,NYG,2,52,2011,North Carolina,2007,2009,38.0,,,,,,,,,,,,,,DL,North Carolina,,,,,,,,,,,,,,,9.0,59.0,47.0,106.0,13.5,0.2368421052631578,,,,marvin austin,DL,North Carolina,north carolina,
Stephen Paea,,CHI,2,53,2011,Oregon State,2008,2010,38.0,,,,,,,,,,,,,,DL,Oregon State,,,,,,,,,,,,,,,14.0,56.0,73.0,129.0,29.5,0.3684210526315789,,,,stephen paea,DL,Oregon State,oregon state,
Jaiquawn Jarrett,,PHI,2,54,2011,Temple,2007,2010,49.0,,,,,,,,,,,,,,DB,Temple,,,,,,,,,,,,,,,,,,,,,9.0,0.0,0.0,jaiquawn jarrett,DB,Temple,temple,
Rodney Hudson,,KAN,2,55,2011,Florida State,2009,2010,25.0,,,,,,,,,,,,,,OL,Florida State,,,,,,,,,,,,,,,,,,,,,,,,rodney hudson,OL,Florida State,florida state,
Shane Vereen,,NWE,2,56,2011,California,2008,2010,38.0,,,,,,,,,,,,,,RB,California,74.6,556.0,2834.0,5.1,29.0,74.0,9.1,6.0,17.7,,,,,,,,,,,,,,,shane vereen,RB,California,california,89.0
Mikel Leshoure,,DET,2,57,2011,Illinois,2008,2010,33.0,,,,,,,,,,,,,,RB,Illinois,77.5,424.0,2557.0,6.0,23.0,37.0,11.9,5.0,13.3,,,,,,,,,,,,,,,mikel leshoure,RB,Illinois,illinois,83.0
Torrey Smith,,RAV,2,58,2011,Maryland,2008,2010,38.0,,,,,,,,,,,,,,WR,Maryland,,,,,,,,,,58.3,152.0,2215.0,14.6,19.0,,,,,,,,,,torrey smith,WR,Maryland,maryland,307.0
Greg Little,,CLE,2,59,2011,North Carolina,2008,2008,13.0,,,,,,,,,,,,,,RB,North Carolina,26.1,78.0,339.0,4.3,3.0,11.0,13.3,0.0,11.2,,,,,,,,,,,,,,,greg little,RB,North Carolina,north carolina,
Greg Little,,CLE,2,59,2011,North Carolina,2007,2009,24.0,,,,,,,,,,,,,,WR,North Carolina,,,,,,,,,,34.3,75.0,823.0,11.0,6.0,,,,,,,,,,greg little,WR,North Carolina,north carolina,302.0
Brandon Harris,,HTX,2,60,2011,Miami (FL),2008,2010,39.0,,,,,,,,,,,,,,DB,Miami (FL),,,,,,,,,,,,,,,,,,,,,4.0,0.0,0.0,brandon harris,DB,Miami (FL),miami (fl),
Jonas Mouton,,SDG,2,61,2011,Michigan,2007,2010,44.0,,,,,,,,,,,,,,LB,Michigan,,,,,,,,,,,,,,,3.0,124.0,140.0,264.0,18.0,0.0681818181818181,,,,jonas mouton,LB,Michigan,michigan,
Daniel Thomas,,MIA,2,62,2011,Kansas State,2009,2010,25.0,,,,,,,,,,,,,,RB,Kansas State,114.0,545.0,2850.0,5.2,30.0,52.0,8.2,0.0,17.1,,,,,,,,,,,,,,,daniel thomas,RB,Kansas State,kansas state,
Marcus Gilbert,,PIT,2,63,2011,Florida,2010,2010,13.0,,,,,,,,,,,,,,OL,Florida,,,,,,,,,,,,,,,,,,,,,,,,marcus gilbert,OL,Florida,florida,
Randall Cobb,95.2,GNB,2,64,2011,Kentucky,2008,2009,23.0,57.0,112.0,55.0,50.9,631.0,2.0,5.0,1.8,4.5,5.6,3.98,11.1,27.4,QB,Kentucky,,,,,,,,,,,,,,,,,,,,,,,,randall cobb,QB,Kentucky,kentucky,
Randall Cobb,,GNB,2,64,2011,Kentucky,2010,2010,13.0,,,,,,,,,,,,,,WR,Kentucky,,,,,,,,,,78.2,84.0,1017.0,12.1,7.0,,,,,,,,,,randall cobb,WR,Kentucky,kentucky,294.0
Terrell McClain,,CAR,3,65,2011,South Florida,2007,2010,48.0,,,,,,,,,,,,,,DL,South Florida,,,,,,,,,,,,,,,7.0,59.0,29.0,88.0,17.0,0.1458333333333333,,,,terrell mcclain,DL,South Florida,south florida,
Dontay Moch,,CIN,3,66,2011,Nevada,2007,2010,53.0,,,,,,,,,,,,,,LB,Nevada,,,,,,,,,,,,,,,30.0,120.0,68.0,188.0,62.5,0.5660377358490566,,,,dontay moch,LB,Nevada,nevada,
Dontay Moch,,CIN,3,66,2011,Nevada,2006,2006,1.0,,,,,,,,,,,,,,DB,Nevada,,,,,,,,,,,,,,,,,,,,,0.0,0.0,0.0,dontay moch,DB,Nevada,nevada,
Nate Irving,,DEN,3,67,2011,North Carolina State,2007,2010,34.0,,,,,,,,,,,,,,LB,North Carolina State,,,,,,,,,,,,,,,9.0,116.0,98.0,214.0,40.0,0.2647058823529412,,,,nate irving,LB,North Carolina State,north carolina state,
Kelvin Sheppard,,BUF,3,68,2011,LSU,2007,2010,53.0,,,,,,,,,,,,,,LB,LSU,,,,,,,,,,,,,,,5.0,136.0,175.0,311.0,26.0,0.0943396226415094,,,,kelvin sheppard,LB,LSU,lsu,
Rob Housler,,CRD,3,69,2011,Florida Atlantic,2006,2010,49.0,,,,,,,,,,,,,,TE,Florida Atlantic,,,,,,,,,,25.1,78.0,1228.0,15.7,8.0,,,,,,,,,,rob housler,TE,Florida Atlantic,florida atlantic,205.0
Justin Houston,,KAN,3,70,2011,Georgia,2008,2010,36.0,,,,,,,,,,,,,,LB,Georgia,,,,,,,,,,,,,,,20.0,72.0,53.0,125.0,38.0,0.5555555555555556,,,,justin houston,LB,Georgia,georgia,
Demarco Murray,,DAL,3,71,2011,Oklahoma,2007,2010,50.0,,,,,,,,,,,,,,RB,Oklahoma,73.7,759.0,3685.0,4.9,50.0,157.0,10.0,13.0,31.4,,,,,,,,,,,,,,,demarco murray,RB,Oklahoma,oklahoma,85.0
Martez Wilson,,NOR,3,72,2011,Illinois,2007,2010,39.0,,,,,,,,,,,,,,LB,Illinois,,,,,,,,,,,,,,,9.0,102.0,121.0,223.0,20.0,0.2307692307692307,,,,martez wilson,LB,Illinois,illinois,
Stevan Ridley,,NWE,3,73,2011,LSU,2008,2010,39.0,,,,,,,,,,,,,,RB,LSU,36.4,306.0,1419.0,4.6,19.0,17.0,5.5,0.0,2.4,,,,,,,,,,,,,,,stevan ridley,RB,LSU,lsu,87.0
Ryan Mallett,150.4,NWE,3,74,2011,Arkansas,2007,2010,37.0,552.0,955.0,403.0,57.8,8385.0,69.0,24.0,7.2,2.5,8.8,9.09,15.2,226.6,QB,ArkansasMichigan,,,,,,,,,,,,,,,,,,,,,,,,ryan mallett,QB,Arkansas,arkansas,5.0
Jurrell Casey,,OTI,3,77,2011,USC,2008,2010,38.0,,,,,,,,,,,,,,DL,USC,,,,,,,,,,,,,,,9.0,59.0,79.0,138.0,22.0,0.2368421052631578,,,,jurrell casey,DL,USC,usc,
Austin Pettis,,RAM,3,78,2011,Boise State,2007,2010,52.0,,,,,,,,,,,,,,WR,Boise State,,,,,,,,,,54.6,229.0,2838.0,12.4,39.0,,,,,,,,,,austin pettis,WR,Boise State,boise state,
Leonard Hankerson,,WAS,3,79,2011,Miami (FL),2007,2010,42.0,,,,,,,,,,,,,,WR,Miami (FL),,,,,,,,,,51.4,134.0,2160.0,16.1,22.0,,,,,,,,,,leonard hankerson,WR,Miami (FL),miami (fl),298.0
Chris Culliver,,SFO,3,80,2011,South Carolina,2007,2007,11.0,,,,,,,,,,,,,,WR,South Carolina,,,,,,,,,,0.0,0.0,0.0,,0.0,,,,,,,,,,chris culliver,WR,South Carolina,south carolina,
Chris Culliver,,SFO,3,80,2011,South Carolina,2008,2010,32.0,,,,,,,,,,,,,,DB,South Carolina,,,,,,,,,,,,,,,,,,,,,3.0,0.0,0.0,chris culliver,DB,South Carolina,south carolina,
Demarcus Van Dyke,,RAI,3,81,2011,Miami (FL),2007,2010,50.0,,,,,,,,,,,,,,DB,Miami (FL),,,,,,,,,,,,,,,,,,,,,3.0,0.0,1.0,demarcus van dyke,DB,Miami (FL),miami (fl),
Vincent Brown,,SDG,3,82,2011,San Diego State,2007,2010,44.0,,,,,,,,,,,,,,WR,San Diego State,,,,,,,,,,70.7,209.0,3110.0,14.9,23.0,,,,,,,,,,vincent brown,WR,San Diego State,san diego state,
Jerrel Jernigan,,NYG,3,83,2011,Troy,2007,2010,50.0,,,,,,,,,,,,,,WR,Troy,,,,,,,,,,62.6,262.0,3128.0,11.9,18.0,,,,,,,,,,jerrel jernigan,WR,Troy,troy,300.0
Mason Foster,,TAM,3,84,2011,Washington,2007,2010,50.0,,,,,,,,,,,,,,LB,Washington,,,,,,,,,,,,,,,10.0,243.0,135.0,378.0,38.5,0.2,,,,mason foster,LB,Washington,washington,
Allen Bailey,,KAN,3,86,2011,Miami (FL),2007,2010,50.0,,,,,,,,,,,,,,LB,Miami (FL),,,,,,,,,,,,,,,19.0,58.0,49.0,107.0,31.0,0.38,,,,allen bailey,LB,Miami (FL),miami (fl),
Drake Nevis,,CLT,3,87,2011,LSU,2007,2010,44.0,,,,,,,,,,,,,,DL,LSU,,,,,,,,,,,,,,,10.0,75.0,64.0,139.0,31.5,0.2272727272727272,,,,drake nevis,DL,LSU,lsu,
Johnny Patrick,,NOR,3,88,2011,Louisville,2007,2009,33.0,,,,,,,,,,,,,,WR,Louisville,,,,,,,,,,0.0,0.0,0.0,,0.0,,,,,,,,,,johnny patrick,WR,Louisville,louisville,
Johnny Patrick,,NOR,3,88,2011,Louisville,2010,2010,13.0,,,,,,,,,,,,,,DB,Louisville,,,,,,,,,,,,,,,,,,,,,5.0,1.0,0.0,johnny patrick,DB,Louisville,louisville,
Shareece Wright,,SDG,3,89,2011,USC,2006,2010,35.0,,,,,,,,,,,,,,DB,USC,,,,,,,,,,,,,,,,,,,,,1.0,0.0,10.0,shareece wright,DB,USC,usc,
Curtis Marsh,,PHI,3,90,2011,Utah State,2007,2008,22.0,,,,,,,,,,,,,,RB,Utah State,22.1,124.0,487.0,3.9,4.0,28.0,7.5,1.0,9.5,,,,,,,,,,,,,,,curtis marsh,RB,Utah State,utah state,
Curtis Marsh,,PHI,3,90,2011,Utah State,2009,2010,24.0,,,,,,,,,,,,,,DB,Utah State,,,,,,,,,,,,,,,,,,,,,3.0,0.0,0.0,curtis marsh,DB,Utah State,utah state,
Akeem Dent,,ATL,3,91,2011,Georgia,2007,2010,47.0,,,,,,,,,,,,,,LB,Georgia,,,,,,,,,,,,,,,4.0,135.0,105.0,240.0,12.5,0.0851063829787234,,,,akeem dent,LB,Georgia,georgia,
Joseph Barksdale,,RAI,3,92,2011,LSU,2008,2008,13.0,,,,,,,,,,,,,,OL,LSU,,,,,,,,,,,,,,,,,,,,,,,,joseph barksdale,OL,LSU,lsu,
Chris Conte,,CHI,3,93,2011,California,2007,2010,49.0,,,,,,,,,,,,,,DB,California,,,,,,,,,,,,,,,,,,,,,2.0,0.0,0.0,chris conte,DB,California,california,
Curtis Brown,,PIT,3,95,2011,Texas,2007,2010,52.0,,,,,,,,,,,,,,DB,Texas,,,,,,,,,,,,,,,,,,,,,2.0,1.0,6.0,curtis brown,DB,Texas,texas,
Alex Green,,GNB,3,96,2011,Hawaii,2009,2010,27.0,,,,,,,,,,,,,,RB,Hawaii,61.2,232.0,1652.0,7.1,20.0,38.0,12.1,2.0,17.1,,,,,,,,,,,,,,,alex green,RB,Hawaii,hawaii,78.0
Sione Fua,,CAR,3,97,2011,Stanford,2006,2010,50.0,,,,,,,,,,,,,,DL,Stanford,,,,,,,,,,,,,,,9.0,37.0,43.0,80.0,16.0,0.18,,,,sione fua,DL,Stanford,stanford,
Brandon Hogan,,CAR,4,98,2011,West Virginia,2007,2009,33.0,,,,,,,,,,,,,,WR,West Virginia,,,,,,,,,,2.0,12.0,67.0,5.6,0.0,,,,,,,,,,brandon hogan,WR,West Virginia,west virginia,
Brandon Hogan,,CAR,4,98,2011,West Virginia,2010,2010,11.0,,,,,,,,,,,,,,DB,West Virginia,,,,,,,,,,,,,,,,,,,,,3.0,0.0,0.0,brandon hogan,DB,West Virginia,west virginia,
K.J. Wright,,SEA,4,99,2011,Mississippi State,2007,2010,47.0,,,,,,,,,,,,,,LB,Mississippi State,,,,,,,,,,,,,,,8.0,131.0,127.0,258.0,22.5,0.1702127659574468,,,,k j wright,LB,Mississippi State,mississippi state,
Da'Norris Searcy,,BUF,4,100,2011,North Carolina,2007,2010,35.0,,,,,,,,,,,,,,DB,North Carolina,,,,,,,,,,,,,,,,,,,,,5.0,1.0,0.0,da norris searcy,DB,North Carolina,north carolina,
Clint Boling,,CIN,4,101,2011,Georgia,2007,2008,25.0,,,,,,,,,,,,,,OL,Georgia,,,,,,,,,,,,,,,,,,,,,,,,clint boling,OL,Georgia,georgia,
Jordan Cameron,,CLE,4,102,2011,USC,2010,2010,12.0,,,,,,,,,,,,,,TE,USC,,,,,,,,,,10.5,16.0,126.0,7.9,1.0,,,,,,,,,,jordan cameron,TE,USC,usc,
Sam Acho,,CRD,4,103,2011,Texas,2007,2010,49.0,,,,,,,,,,,,,,DL,Texas,,,,,,,,,,,,,,,21.0,93.0,44.0,137.0,32.5,0.4285714285714285,,,,sam acho,DL,Texas,texas,
Luke Stocker,,TAM,4,104,2011,Tennessee,2007,2010,52.0,,,,,,,,,,,,,,TE,Tennessee,,,,,,,,,,18.4,85.0,956.0,11.2,8.0,,,,,,,,,,luke stocker,TE,Tennessee,tennessee,209.0
Roy Helu Jr.,,WAS,4,105,2011,Nebraska,2007,2010,48.0,,,,,,,,,,,,,,RB,Nebraska,70.9,578.0,3404.0,5.9,28.0,54.0,9.3,0.0,10.4,,,,,,,,,,,,,,,roy helu,RB,Nebraska,nebraska,80.0
Christian Ballard,,MIN,4,106,2011,Iowa,2007,2010,49.0,,,,,,,,,,,,,,DL,Iowa,,,,,,,,,,,,,,,12.0,60.0,93.0,153.0,21.5,0.2448979591836734,,,,christian ballard,DL,Iowa,iowa,
Kris Durham,,SEA,4,107,2011,Georgia,2006,2010,47.0,,,,,,,,,,,,,,WR,Georgia,,,,,,,,,,23.6,64.0,1109.0,17.3,4.0,,,,,,,,,,kris durham,WR,Georgia,georgia,
Quinton Carter,,DEN,4,108,2011,Oklahoma,2006,2010,44.0,,,,,,,,,,,,,,DB,Oklahoma,,,,,,,,,,,,,,,,,,,,,8.0,0.0,2.0,quinton carter,DB,Oklahoma,oklahoma,
Colin McCarthy,,OTI,4,109,2011,Miami (FL),2006,2010,48.0,,,,,,,,,,,,,,LB,Miami (FL),,,,,,,,,,,,,,,5.0,159.0,146.0,305.0,35.0,0.1041666666666666,,,,colin mccarthy,LB,Miami (FL),miami (fl),
Greg Salas,,RAM,4,112,2011,Hawaii,2007,2010,48.0,,,,,,,,,,,,,,WR,Hawaii,,,,,,,,,,90.5,285.0,4345.0,15.2,26.0,,,,,,,,,,greg salas,WR,Hawaii,hawaii,306.0
Chimdi Chekwa,,RAI,4,113,2011,Ohio State,2007,2010,52.0,,,,,,,,,,,,,,DB,Ohio State,,,,,,,,,,,,,,,,,,,,,6.0,0.0,0.0,chimdi chekwa,DB,Ohio State,ohio state,
Kendall Hunter,,SFO,4,115,2011,Oklahoma State,2007,2010,46.0,,,,,,,,,,,,,,RB,Oklahoma State,90.9,708.0,4181.0,5.9,37.0,63.0,8.2,2.0,11.3,,,,,,,,,,,,,,,kendall hunter,RB,Oklahoma State,oklahoma state,
Casey Matthews,,PHI,4,116,2011,Oregon,2007,2010,50.0,,,,,,,,,,,,,,LB,Oregon,,,,,,,,,,,,,,,9.0,123.0,122.0,245.0,30.5,0.18,,,,casey matthews,LB,Oregon,oregon,
Jalil Brown,,KAN,4,118,2011,Colorado,2008,2010,36.0,,,,,,,,,,,,,,DB,Colorado,,,,,,,,,,,,,,,,,,,,,6.0,0.0,0.0,jalil brown,DB,Colorado,colorado,
Delone Carter,,CLT,4,119,2011,Syracuse,2006,2010,42.0,,,,,,,,,,,,,,RB,Syracuse,73.9,646.0,3104.0,4.8,24.0,28.0,7.4,1.0,5.0,,,,,,,,,,,,,,,delone carter,RB,Syracuse,syracuse,77.0
Chris Prosinski,,JAX,4,121,2011,Wyoming,2007,2010,49.0,,,,,,,,,,,,,,DB,Wyoming,,,,,,,,,,,,,,,,,,,,,5.0,0.0,7.0,chris prosinski,DB,Wyoming,wyoming,
Chris Hairston,,BUF,4,122,2011,Clemson,2008,2010,24.0,,,,,,,,,,,,,,OL,Clemson,,,,,,,,,,,,,,,,,,,,,,,,chris hairston,OL,Clemson,clemson,
Tandon Doss,,RAV,4,123,2011,Indiana,2008,2010,31.0,,,,,,,,,,,,,,WR,Indiana,,,,,,,,,,59.8,154.0,1854.0,12.0,13.0,,,,,,,,,,tandon doss,WR,Indiana,indiana,295.0
Owen Marecic,,CLE,4,124,2011,Stanford,2007,2010,49.0,,,,,,,,,,,,,,RB,Stanford,1.4,36.0,67.0,1.9,9.0,25.0,10.3,1.0,5.3,,,,,,,,,,,,,,,owen marecic,RB,Stanford,stanford,
Bilal Powell,,NYJ,4,126,2011,Louisville,2007,2010,42.0,,,,,,,,,,,,,,RB,Louisville,55.7,436.0,2338.0,5.4,19.0,45.0,7.6,3.0,8.2,,,,,,,,,,,,,,,bilal powell,RB,Louisville,louisville,86.0
Rashad Carmichael,,HTX,4,127,2011,Virginia Tech,2007,2010,54.0,,,,,,,,,,,,,,DB,Virginia Tech,,,,,,,,,,,,,,,,,,,,,10.0,2.0,3.0,rashad carmichael,DB,Virginia Tech,virginia tech,
Jamie Harper,,OTI,4,130,2011,Clemson,2008,2010,39.0,,,,,,,,,,,,,,RB,Clemson,33.6,311.0,1311.0,4.2,12.0,50.0,8.0,3.0,10.2,,,,,,,,,,,,,,,jamie harper,RB,Clemson,clemson,79.0
Davon House,,GNB,4,131,2011,New Mexico State,2007,2010,49.0,,,,,,,,,,,,,,DB,New Mexico State,,,,,,,,,,,,,,,,,,,,,11.0,3.0,0.0,davon house,DB,New Mexico State,new mexico state,
Kealoha Pilares,,CAR,5,132,2011,Hawaii,2007,2007,11.0,,,,,,,,,,,,,,RB,Hawaii,35.3,68.0,388.0,5.7,3.0,26.0,9.6,1.0,22.6,,,,,,,,,,,,,,,kealoha pilares,RB,Hawaii,hawaii,
Kealoha Pilares,,CAR,5,132,2011,Hawaii,2008,2010,36.0,,,,,,,,,,,,,,WR,Hawaii,,,,,,,,,,62.3,183.0,2242.0,12.3,21.0,,,,,,,,,,kealoha pilares,WR,Hawaii,hawaii,305.0
Johnny White,,BUF,5,133,2011,North Carolina,2007,2010,21.0,,,,,,,,,,,,,,RB,North Carolina,53.3,225.0,1119.0,5.0,7.0,39.0,11.5,0.0,21.3,,,,,,,,,,,,,,,johnny white,RB,North Carolina,north carolina,90.0
Johnny White,,BUF,5,133,2011,North Carolina,2009,2009,13.0,,,,,,,,,,,,,,WR,North Carolina,,,,,,,,,,5.1,7.0,66.0,9.4,1.0,,,,,,,,,,johnny white,WR,North Carolina,north carolina,
Johnny White,,BUF,5,133,2011,North Carolina,2008,2008,12.0,,,,,,,,,,,,,,DB,North Carolina,,,,,,,,,,,,,,,,,,,,,0.0,0.0,0.0,johnny white,DB,North Carolina,north carolina,
Robert Sands,,CIN,5,134,2011,West Virginia,2008,2010,39.0,,,,,,,,,,,,,,DB,West Virginia,,,,,,,,,,,,,,,,,,,,,6.0,0.0,0.0,robert sands,DB,West Virginia,west virginia,
Ricky Stanzi,141.6,KAN,5,135,2011,Iowa,2007,2010,39.0,542.0,907.0,365.0,59.8,7377.0,56.0,31.0,6.2,3.4,8.1,7.83,13.6,189.2,QB,Iowa,,,,,,,,,,,,,,,,,,,,,,,,ricky stanzi,QB,Iowa,iowa,8.0
Anthony Sherman,,CRD,5,136,2011,Connecticut,2007,2010,51.0,,,,,,,,,,,,,,RB,Connecticut,1.2,17.0,61.0,3.6,0.0,48.0,9.9,1.0,9.4,,,,,,,,,,,,,,,anthony sherman,RB,Connecticut,connecticut,
Marcus Cannon,,NWE,5,138,2011,Texas Christian,2007,2008,24.0,,,,,,,,,,,,,,OL,Texas Christian,,,,,,,,,,,,,,,,,,,,,,,,marcus cannon,OL,Texas Christian,texas christian,
Brandon Burton,,MIN,5,139,2011,,2008,2010,37.0,,,,,,,,,,,,,,DB,Utah,,,,,,,,,,,,,,,,,,,,,3.0,0.0,0.0,brandon burton,DB,nan,nan,
Gabe Miller,,KAN,5,140,2011,Oregon State,2007,2007,13.0,,,,,,,,,,,,,,TE,Oregon State,,,,,,,,,,9.5,8.0,124.0,15.5,1.0,,,,,,,,,,gabe miller,TE,Oregon State,oregon state,
Gabe Miller,,KAN,5,140,2011,Oregon State,2009,2010,25.0,,,,,,,,,,,,,,DL,Oregon State,,,,,,,,,,,,,,,8.0,29.0,38.0,67.0,13.0,0.32,,,,gabe miller,DL,Oregon State,oregon state,
D.J. Williams,,GNB,5,141,2011,Arkansas,2007,2010,51.0,,,,,,,,,,,,,,TE,Arkansas,,,,,,,,,,36.4,152.0,1855.0,12.2,10.0,,,,,,,,,,d j williams,TE,Arkansas,arkansas,210.0
Karl Klug,,OTI,5,142,2011,Iowa,2007,2010,39.0,,,,,,,,,,,,,,DL,Iowa,,,,,,,,,,,,,,,11.0,57.0,83.0,140.0,31.0,0.282051282051282,,,,karl klug,DL,Iowa,iowa,
Josh Thomas,,DAL,5,143,2011,Buffalo,2007,2010,47.0,,,,,,,,,,,,,,DB,Buffalo,,,,,,,,,,,,,,,,,,,,,2.0,0.0,15.0,josh thomas,DB,Buffalo,buffalo,
Shiloh Keo,,HTX,5,144,2011,Idaho,2006,2010,55.0,,,,,,,,,,,,,,DB,Idaho,,,,,,,,,,,,,,,,,,,,,11.0,0.0,0.0,shiloh keo,DB,Idaho,idaho,
Jacquizz Rodgers,,ATL,5,145,2011,Oregon State,2008,2010,36.0,,,,,,,,,,,,,,RB,Oregon State,107.7,788.0,3877.0,4.9,46.0,151.0,7.0,5.0,29.3,,,,,,,,,,,,,,,jacquizz rodgers,RB,Oregon State,oregon state,
Dejon Gomes,,WAS,5,146,2011,Nebraska,2009,2010,27.0,,,,,,,,,,,,,,DB,Nebraska,,,,,,,,,,,,,,,,,,,,,7.0,1.0,0.0,dejon gomes,DB,Nebraska,nebraska,
Rod Issac,,JAX,5,147,2011,Middle Tennessee State,2007,2010,46.0,,,,,,,,,,,,,,DB,Middle Tennessee State,,,,,,,,,,,,,,,,,,,,,5.0,1.0,7.0,rod issac,DB,Middle Tennessee State,middle tennessee state,
Denarius Moore,,RAI,5,148,2011,Tennessee,2007,2010,52.0,,,,,,,,,,,,,,WR,Tennessee,,,,,,,,,,38.5,112.0,2004.0,17.9,18.0,,,,,,,,,,denarius moore,WR,Tennessee,tennessee,303.0
Dion Lewis,,PHI,5,149,2011,Pitt,2009,2010,25.0,,,,,,,,,,,,,,RB,Pitt,114.4,544.0,2860.0,5.3,30.0,52.0,7.8,1.0,16.2,,,,,,,,,,,,,,,dion lewis,RB,Pitt,pitt,
Jason Pinkston,,CLE,5,150,2011,Pitt,2009,2012,42.0,,,,,,,,,,,,,,DB,Ball State,,,,,,,,,,,,,,,,,,,,,8.0,0.0,4.0,jason pinkston,DB,Pitt,pitt,
Ahmad Black,,TAM,5,151,2011,Florida,2007,2010,48.0,,,,,,,,,,,,,,DB,Florida,,,,,,,,,,,,,,,,,,,,,13.0,3.0,0.0,ahmad black,DB,Florida,florida,
T.J. Yates,131.7,HTX,5,152,2011,North Carolina,2007,2010,45.0,795.0,1277.0,482.0,62.3,9377.0,58.0,46.0,4.5,3.6,7.3,6.63,11.8,208.4,QB,North Carolina,,,,,,,,,,,,,,,,,,,,,,,,t j yates,QB,North Carolina,north carolina,10.0
Jeremy Kerley,,NYJ,5,153,2011,Texas Christian,2007,2010,50.0,,,,,,,,,,,,,,WR,Texas Christian,,,,,,,,,,26.0,120.0,1299.0,10.8,12.0,,,,,,,,,,jeremy kerley,WR,Texas Christian,texas christian,
Richard Sherman,,SEA,5,154,2011,Stanford,2006,2009,41.0,,,,,,,,,,,,,,WR,Stanford,,,,,,,,,,32.7,81.0,1340.0,16.5,7.0,,,,,,,,,,richard sherman,WR,Stanford,stanford,
Richard Sherman,,SEA,5,154,2011,Stanford,2010,2010,13.0,,,,,,,,,,,,,,DB,Stanford,,,,,,,,,,,,,,,,,,,,,4.0,0.0,0.0,richard sherman,DB,Stanford,stanford,
Niles Paul,,WAS,5,155,2011,Nebraska,2007,2010,46.0,,,,,,,,,,,,,,WR,Nebraska,,,,,,,,,,33.3,103.0,1532.0,14.9,5.0,,,,,,,,,,niles paul,WR,Nebraska,nebraska,304.0
Doug Hogue,,DET,5,157,2011,Syracuse,2007,2008,20.0,,,,,,,,,,,,,,RB,Syracuse,24.2,112.0,483.0,4.3,3.0,14.0,9.9,1.0,7.0,,,,,,,,,,,,,,,doug hogue,RB,Syracuse,syracuse,
Doug Hogue,,DET,5,157,2011,Syracuse,2009,2010,25.0,,,,,,,,,,,,,,LB,Syracuse,,,,,,,,,,,,,,,12.0,108.0,59.0,167.0,26.5,0.48,,,,doug hogue,LB,Syracuse,syracuse,
Jermale Hines,,RAM,5,158,2011,Ohio State,2007,2010,44.0,,,,,,,,,,,,,,LB,Ohio State,,,,,,,,,,,,,,,1.0,89.0,68.0,157.0,7.5,0.0227272727272727,,,,jermale hines,LB,Ohio State,ohio state,
Lee Smith,,NWE,5,159,2011,Marshall,2007,2010,48.0,,,,,,,,,,,,,,TE,Marshall,,,,,,,,,,16.5,75.0,791.0,10.5,3.0,,,,,,,,,,lee smith,TE,Marshall,marshall,208.0
Nathan Enderle,122.7,CHI,5,160,2011,Idaho,2007,2010,46.0,779.0,1427.0,648.0,54.6,10084.0,74.0,60.0,5.2,4.2,7.1,6.21,12.9,219.2,QB,Idaho,,,,,,,,,,,,,,,,,,,,,,,,nathan enderle,QB,Idaho,idaho,1.0
Julian Vandervelde,,PHI,5,161,2011,Iowa,2007,2009,23.0,,,,,,,,,,,,,,OL,Iowa,,,,,,,,,,,,,,,,,,,,,,,,julian vandervelde,OL,Iowa,iowa,
Chris Carter,,PIT,5,162,2011,Fresno State,2007,2010,49.0,,,,,,,,,,,,,,LB,Fresno State,,,,,,,,,,,,,,,19.0,116.0,89.0,205.0,38.0,0.3877551020408163,,,,chris carter,LB,Fresno State,fresno state,
Chykie Brown,,RAV,5,164,2011,Texas,2007,2010,44.0,,,,,,,,,,,,,,DB,Texas,,,,,,,,,,,,,,,,,,,,,2.0,0.0,6.0,chykie brown,DB,Texas,texas,
Pernell McPhee,,RAV,5,165,2011,Mississippi State,2009,2010,25.0,,,,,,,,,,,,,,DL,Mississippi State,,,,,,,,,,,,,,,7.0,46.0,45.0,91.0,22.0,0.28,,,,pernell mcphee,DL,Mississippi State,mississippi state,
Lawrence Wilson,,CAR,6,166,2011,,2007,2010,52.0,,,,,,,,,,,,,,LB,Connecticut,,,,,,,,,,,,,,,9.0,246.0,203.0,449.0,35.5,0.173076923076923,,,,lawrence wilson,LB,nan,nan,
Ryan Whalen,,CIN,6,167,2011,Stanford,2007,2010,48.0,,,,,,,,,,,,,,WR,Stanford,,,,,,,,,,39.3,140.0,1884.0,13.5,7.0,,,,,,,,,,ryan whalen,WR,Stanford,stanford,308.0
Demarcus Love,,MIN,6,168,2011,Arkansas,2010,2010,13.0,,,,,,,,,,,,,,OL,Arkansas,,,,,,,,,,,,,,,,,,,,,,,,demarcus love,OL,Arkansas,arkansas,
Chris White,,BUF,6,169,2011,Mississippi State,2009,2010,25.0,,,,,,,,,,,,,,LB,Mississippi State,,,,,,,,,,,,,,,6.0,98.0,87.0,185.0,19.5,0.24,,,,chris white,LB,Mississippi State,mississippi state,
Mistral Raymond,,MIN,6,170,2011,South Florida,2009,2010,25.0,,,,,,,,,,,,,,DB,South Florida,,,,,,,,,,,,,,,,,,,,,2.0,0.0,0.0,mistral raymond,DB,South Florida,south florida,
Quan Sturdivant,,CRD,6,171,2011,North Carolina,2007,2010,46.0,,,,,,,,,,,,,,LB,North Carolina,,,,,,,,,,,,,,,7.0,192.0,117.0,309.0,27.5,0.1521739130434782,,,,quan sturdivant,LB,North Carolina,north carolina,
Byron Maxwell,,SEA,6,173,2011,Clemson,2007,2010,53.0,,,,,,,,,,,,,,DB,Clemson,,,,,,,,,,,,,,,,,,,,,4.0,0.0,6.0,byron maxwell,DB,Clemson,clemson,
Charles Clay,,MIA,6,174,2011,Tulsa,2007,2010,52.0,,,,,,,,,,,,,,RB,Tulsa,17.5,179.0,911.0,5.1,10.0,189.0,13.5,28.0,48.9,,,,,,,,,,,,,,,charles clay,RB,Tulsa,tulsa,
Dwayne Harris,,DAL,6,176,2011,East Carolina,2007,2010,50.0,,,,,,,,,,,,,,WR,East Carolina,,,,,,,,,,60.0,268.0,3001.0,11.2,20.0,,,,,,,,,,dwayne harris,WR,East Carolina,east carolina,299.0
Evan Royster,,WAS,6,177,2011,Penn State,2007,2010,50.0,,,,,,,,,,,,,,RB,Penn State,78.6,686.0,3932.0,5.7,29.0,61.0,9.2,3.0,11.2,,,,,,,,,,,,,,,evan royster,RB,Penn State,penn state,
Aldrick Robinson,,WAS,6,178,2011,SMU,2007,2010,46.0,,,,,,,,,,,,,,WR,SMU,,,,,,,,,,72.0,181.0,3314.0,18.3,30.0,,,,,,,,,,aldrick robinson,WR,SMU,smu,
Tyrod Taylor,137.5,RAV,6,180,2011,Virginia Tech,2007,2010,50.0,495.0,865.0,370.0,57.2,7017.0,44.0,20.0,5.1,2.3,8.1,8.09,14.2,140.3,QB,Virginia Tech,,,,,,,,,,,,,,,,,,,,,,,,tyrod taylor,QB,Virginia Tech,virginia tech,9.0
Richard Gordon,,RAI,6,181,2011,Miami (FL),2006,2010,47.0,,,,,,,,,,,,,,TE,Miami (FL),,,,,,,,,,1.3,10.0,62.0,6.2,0.0,,,,,,,,,,richard gordon,TE,Miami (FL),miami (fl),
Ronald Johnson,,SFO,6,182,2011,USC,2007,2010,47.0,,,,,,,,,,,,,,WR,USC,,,,,,,,,,37.2,138.0,1750.0,12.7,20.0,,,,,,,,,,ronald johnson,WR,USC,usc,
Jordan Todman,,SDG,6,183,2011,Connecticut,2008,2010,37.0,,,,,,,,,,,,,,RB,Connecticut,85.9,616.0,3179.0,5.2,31.0,42.0,6.7,0.0,7.6,,,,,,,,,,,,,,,jordan todman,RB,Connecticut,connecticut,88.0
David Carter,,CRD,6,184,2011,UCLA,2007,2010,40.0,,,,,,,,,,,,,,DL,UCLA,,,,,,,,,,,,,,,6.0,42.0,24.0,66.0,9.5,0.15,,,,david carter,DL,UCLA,ucla,
Greg Jones,,NYG,6,185,2011,Michigan State,2007,2010,52.0,,,,,,,,,,,,,,LB,Michigan State,,,,,,,,,,,,,,,16.0,236.0,229.0,465.0,46.5,0.3076923076923077,,,,greg jones,LB,Michigan State,michigan state,
Allen Bradford,,TAM,6,187,2011,USC,2006,2010,52.0,,,,,,,,,,,,,,RB,USC,30.5,267.0,1585.0,5.9,16.0,14.0,12.6,4.0,3.4,,,,,,,,,,,,,,,allen bradford,RB,USC,usc,
Mike Mohamed,,DEN,6,189,2011,California,2007,2010,50.0,,,,,,,,,,,,,,LB,California,,,,,,,,,,,,,,,7.0,196.0,143.0,339.0,20.0,0.14,,,,mike mohamed,LB,California,california,
Colin Jones,,SFO,6,190,2011,Texas Christian,2007,2010,45.0,,,,,,,,,,,,,,DB,Texas Christian,,,,,,,,,,,,,,,,,,,,,2.0,1.0,1.0,colin jones,DB,Texas Christian,texas christian,
Jason Kelce,,PHI,6,191,2011,Cincinnati,2007,2010,34.0,,,,,,,,,,,,,,LB,Cincinnati,,,,,,,,,,,,,,,0.0,4.0,1.0,5.0,0.0,0.0,,,,jason kelce,LB,Cincinnati,cincinnati,
Brian Rolle,,PHI,6,193,2011,Ohio State,2007,2010,51.0,,,,,,,,,,,,,,LB,Ohio State,,,,,,,,,,,,,,,2.0,85.0,117.0,202.0,19.0,0.0392156862745098,,,,brian rolle,LB,Ohio State,ohio state,
J.T. Thomas,,CHI,6,195,2011,West Virginia,2008,2010,39.0,,,,,,,,,,,,,,LB,West Virginia,,,,,,,,,,,,,,,6.0,93.0,121.0,214.0,24.0,0.1538461538461538,,,,j t thomas,LB,West Virginia,west virginia,
Keith Williams,,PIT,6,196,2011,Nebraska,2008,2008,13.0,,,,,,,,,,,,,,OL,Nebraska,,,,,,,,,,,,,,,,,,,,,,,,keith williams,OL,Nebraska,nebraska,
Ricky Elmore,,GNB,6,197,2011,Arizona,2007,2010,51.0,,,,,,,,,,,,,,DL,Arizona,,,,,,,,,,,,,,,25.0,76.0,52.0,128.0,33.5,0.4901960784313725,,,,ricky elmore,DL,Arizona,arizona,
Tyler Sash,,NYG,6,198,2011,Iowa,2008,2010,38.0,,,,,,,,,,,,,,DB,Iowa,,,,,,,,,,,,,,,,,,,,,13.0,1.0,0.0,tyler sash,DB,Iowa,iowa,
Jerrell Powe,,KAN,6,199,2011,Ole Miss,2008,2010,37.0,,,,,,,,,,,,,,DL,Ole Miss,,,,,,,,,,,,,,,7.0,49.0,20.0,69.0,24.0,0.1891891891891892,,,,jerrell powe,DL,Ole Miss,ole miss,
Ross Homan,,MIN,6,200,2011,Ohio State,2006,2010,54.0,,,,,,,,,,,,,,LB,Ohio State,,,,,,,,,,,,,,,5.0,155.0,132.0,287.0,17.0,0.0925925925925925,,,,ross homan,LB,Ohio State,ohio state,
Stephen Schilling,,SDG,6,201,2011,Michigan,2007,2010,37.0,,,,,,,,,,,,,,OL,Michigan,,,,,,,,,,,,,,,,,,,,,,,,stephen schilling,OL,Michigan,michigan,
Jacquian Williams,,NYG,6,202,2011,South Florida,2009,2010,25.0,,,,,,,,,,,,,,LB,South Florida,,,,,,,,,,,,,,,2.0,61.0,38.0,99.0,12.0,0.08,,,,jacquian williams,LB,South Florida,south florida,
Virgil Green,,DEN,7,204,2011,Nevada,2008,2010,40.0,,,,,,,,,,,,,,TE,Nevada,,,,,,,,,,23.5,72.0,939.0,13.0,11.0,,,,,,,,,,virgil green,TE,Nevada,nevada,203.0
Lazarius Levingston,,SEA,7,205,2011,LSU,2007,2010,48.0,,,,,,,,,,,,,,DL,LSU,,,,,,,,,,,,,,,3.0,19.0,51.0,70.0,15.5,0.0625,,,,lazarius levingston,DL,LSU,lsu,
Greg McElroy,155.4,NYJ,7,208,2011,Alabama,2007,2010,35.0,436.0,658.0,222.0,66.3,5691.0,39.0,10.0,5.9,1.5,8.6,9.15,13.1,162.6,QB,Alabama,,,,,,,,,,,,,,,,,,,,,,,,greg mcelroy,QB,Alabama,alabama,6.0
Andrew Jackson,,ATL,7,210,2011,Fresno State,2007,2008,25.0,,,,,,,,,,,,,,DL,Fresno State,,,,,,,,,,,,,,,0.0,2.0,0.0,2.0,0.0,0.0,,,,andrew jackson,DL,Fresno State,fresno state,
Bruce Miller,,SFO,7,211,2011,UCF,2007,2010,53.0,,,,,,,,,,,,,,LB,UCF,,,,,,,,,,,,,,,35.0,124.0,90.0,214.0,57.5,0.660377358490566,,,,bruce miller,LB,UCF,ucf,
Zach Clayton,,OTI,7,212,2011,Auburn,2007,2010,41.0,,,,,,,,,,,,,,DL,Auburn,,,,,,,,,,,,,,,5.0,41.0,24.0,65.0,17.0,0.1219512195121951,,,,zach clayton,DL,Auburn,auburn,
Brandyn Thompson,,WAS,7,213,2011,Boise State,2007,2010,48.0,,,,,,,,,,,,,,DB,Boise State,,,,,,,,,,,,,,,,,,,,,13.0,1.0,0.0,brandyn thompson,DB,Boise State,boise state,
Derek Newton,,HTX,7,214,2011,Arkansas State,2010,2010,12.0,,,,,,,,,,,,,,OL,Arkansas State,,,,,,,,,,,,,,,,,,,,,,,,derek newton,OL,Arkansas State,arkansas state,
D'Aundre Reed,,MIN,7,215,2011,Arizona,2007,2010,46.0,,,,,,,,,,,,,,DL,Arizona,,,,,,,,,,,,,,,6.0,56.0,27.0,83.0,11.5,0.1304347826086956,,,,d aundre reed,DL,Arizona,arizona,
Mikail Baker,,RAM,7,216,2011,Baylor,2006,2009,28.0,,,,,,,,,,,,,,WR,Baylor,,,,,,,,,,7.0,18.0,196.0,10.9,1.0,,,,,,,,,,mikail baker,WR,Baylor,baylor,
Mikail Baker,,RAM,7,216,2011,Baylor,2010,2010,13.0,,,,,,,,,,,,,,DB,Baylor,,,,,,,,,,,,,,,,,,,,,1.0,0.0,0.0,mikail baker,DB,Baylor,baylor,
Ryan Taylor,,GNB,7,218,2011,North Carolina,2006,2010,48.0,,,,,,,,,,,,,,TE,North Carolina,,,,,,,,,,6.9,36.0,330.0,9.2,2.0,,,,,,,,,,ryan taylor,TE,North Carolina,north carolina,
Malcolm Williams,,NWE,7,219,2011,Texas Christian,2009,2010,26.0,,,,,,,,,,,,,,DB,Texas Christian,,,,,,,,,,,,,,,,,,,,,0.0,0.0,1.0,malcolm williams,DB,Texas Christian,texas christian,
Shaun Chapas,,DAL,7,220,2011,Georgia,2007,2010,49.0,,,,,,,,,,,,,,RB,Georgia,3.2,40.0,155.0,3.9,3.0,26.0,8.5,4.0,4.5,,,,,,,,,,,,,,,shaun chapas,RB,Georgia,georgia,
Da'Rel Scott,,NYG,7,221,2011,Maryland,2007,2010,41.0,,,,,,,,,,,,,,RB,Maryland,58.6,430.0,2401.0,5.6,17.0,48.0,10.6,4.0,12.4,,,,,,,,,,,,,,,da rel scott,RB,Maryland,maryland,
Anthony Gaitor,,TAM,7,222,2011,Florida International,2007,2010,49.0,,,,,,,,,,,,,,DB,Florida International,,,,,,,,,,,,,,,,,,,,,11.0,3.0,0.0,anthony gaitor,DB,Florida International,florida international,
Markus White,,WAS,7,224,2011,Florida State,2008,2010,40.0,,,,,,,,,,,,,,DL,Florida State,,,,,,,,,,,,,,,11.0,81.0,50.0,131.0,28.5,0.275,,,,markus white,DL,Florida State,florida state,
Anthony Allen,,RAV,7,225,2011,Georgia Tech,2006,2010,52.0,,,,,,,,,,,,,,RB,Georgia TechLouisville,58.4,546.0,3036.0,5.6,33.0,33.0,12.2,5.0,7.7,,,,,,,,,,,,,,,anthony allen,RB,Georgia Tech,georgia tech,76.0
Greg Romeus,,NOR,7,226,2011,Pitt,2007,2010,40.0,,,,,,,,,,,,,,DL,Pitt,,,,,,,,,,,,,,,19.0,77.0,65.0,142.0,38.5,0.475,,,,greg romeus,DL,Pitt,pitt,
Scotty McKnight,,NYJ,7,227,2011,Colorado,2007,2010,49.0,,,,,,,,,,,,,,WR,Colorado,,,,,,,,,,52.8,219.0,2588.0,11.8,22.0,,,,,,,,,,scotty mcknight,WR,Colorado,colorado,
Jonathan Nelson,,RAM,7,229,2011,Oklahoma,2008,2010,31.0,,,,,,,,,,,,,,DB,Oklahoma,,,,,,,,,,,,,,,,,,,,,5.0,0.0,0.0,jonathan nelson,DB,Oklahoma,oklahoma,
Cliff Matthews,,ATL,7,230,2011,South Carolina,2007,2010,51.0,,,,,,,,,,,,,,DL,South Carolina,,,,,,,,,,,,,,,15.0,108.0,41.0,149.0,26.0,0.2941176470588235,,,,cliff matthews,DL,South Carolina,south carolina,
Baron Batch,,PIT,7,232,2011,Texas Tech,2006,2010,45.0,,,,,,,,,,,,,,RB,Texas Tech,55.6,467.0,2501.0,5.4,27.0,140.0,7.9,5.0,24.7,,,,,,,,,,,,,,,baron batch,RB,Texas Tech,texas tech,
Lawrence Guy,,GNB,7,233,2011,Arizona State,2008,2010,35.0,,,,,,,,,,,,,,DL,Arizona State,,,,,,,,,,,,,,,8.0,51.0,71.0,122.0,23.0,0.2285714285714285,,,,lawrence guy,DL,Arizona State,arizona state,
Andrew Gachkar,,SDG,7,234,2011,Missouri,2007,2010,54.0,,,,,,,,,,,,,,LB,Missouri,,,,,,,,,,,,,,,4.0,121.0,87.0,208.0,13.0,0.074074074074074,,,,andrew gachkar,LB,Missouri,missouri,
Greg Lloyd,,PHI,7,237,2011,Connecticut,2007,2010,33.0,,,,,,,,,,,,,,LB,Connecticut,,,,,,,,,,,,,,,3.0,103.0,76.0,179.0,15.0,0.0909090909090909,,,,greg lloyd,LB,Connecticut,connecticut,
Daniel Hardy,,TAM,7,238,2011,Idaho,2008,2010,27.0,,,,,,,,,,,,,,WR,Idaho,,,,,,,,,,50.5,80.0,1364.0,17.1,6.0,,,,,,,,,,daniel hardy,WR,Idaho,idaho,
Stanley Havili,,PHI,7,240,2011,USC,2006,2010,52.0,,,,,,,,,,,,,,RB,USC,9.8,81.0,509.0,6.3,3.0,116.0,11.1,12.0,24.8,,,,,,,,,,,,,,,stanley havili,RB,USC,usc,
David Ausberry,,RAI,7,241,2011,USC,2007,2010,46.0,,,,,,,,,,,,,,WR,USC,,,,,,,,,,15.2,64.0,700.0,10.9,7.0,,,,,,,,,,david ausberry,WR,USC,usc,
Malcolm Smith,,SEA,7,242,2011,USC,2007,2010,47.0,,,,,,,,,,,,,,LB,USC,,,,,,,,,,,,,,,1.0,101.0,73.0,174.0,14.5,0.0212765957446808,,,,malcolm smith,LB,USC,usc,
Nate Bussey,,NOR,7,243,2011,Illinois,2009,2010,25.0,,,,,,,,,,,,,,LB,Illinois,,,,,,,,,,,,,,,1.0,78.0,48.0,126.0,9.0,0.04,,,,nate bussey,LB,Illinois,illinois,
Nate Bussey,,NOR,7,243,2011,Illinois,2007,2008,25.0,,,,,,,,,,,,,,DB,Illinois,,,,,,,,,,,,,,,,,,,,,0.0,0.0,2.0,nate bussey,DB,Illinois,illinois,
Lee Ziemba,,CAR,7,244,2011,Auburn,2009,2010,13.0,,,,,,,,,,,,,,OL,Auburn,,,,,,,,,,,,,,,,,,,,,,,,lee ziemba,OL,Auburn,auburn,
Jay Finley,,CIN,7,246,2011,Baylor,2007,2010,46.0,,,,,,,,,,,,,,RB,Baylor,57.8,478.0,2660.0,5.6,22.0,40.0,10.4,3.0,9.0,,,,,,,,,,,,,,,jay finley,RB,Baylor,baylor,
Jeremy Beal,,DEN,7,247,2011,Oklahoma,2007,2010,54.0,,,,,,,,,,,,,,DL,Oklahoma,,,,,,,,,,,,,,,29.0,139.0,85.0,224.0,58.5,0.5370370370370371,,,,jeremy beal,DL,Oklahoma,oklahoma,
Eric Hagg,,CLE,7,248,2011,Nebraska,2007,2010,48.0,,,,,,,,,,,,,,DB,Nebraska,,,,,,,,,,,,,,,,,,,,,6.0,0.0,7.0,eric hagg,DB,Nebraska,nebraska,
Demarco Sampson,,CRD,7,249,2011,San Diego State,2008,2010,36.0,,,,,,,,,,,,,,WR,San Diego State,,,,,,,,,,60.6,140.0,2182.0,15.6,17.0,,,,,,,,,,demarco sampson,WR,San Diego State,san diego state,
Tommie Campbell,,OTI,7,251,2011,Pitt,2006,2006,11.0,,,,,,,,,,,,,,LB,Pitt,,,,,,,,,,,,,,,0.0,32.0,17.0,49.0,4.0,0.0,,,,tommie campbell,LB,Pitt,pitt,
Chris Neild,,WAS,7,253,2011,West Virginia,2007,2010,50.0,,,,,,,,,,,,,,DL,West Virginia,,,,,,,,,,,,,,,6.0,58.0,72.0,130.0,11.0,0.12,,,,chris neild,DL,West Virginia,west virginia,
Cheta Ozougwu,,HTX,7,254,2011,Rice,2007,2010,46.0,,,,,,,,,,,,,,DL,Rice,,,,,,,,,,,,,,,11.0,121.0,77.0,198.0,25.0,0.2391304347826087,,,,cheta ozougwu,DL,Rice,rice,
Andrew Luck,162.8,CLT,1,1,2012,Stanford,2009,2011,38.0,713.0,1064.0,351.0,67.0,9430.0,82.0,22.0,7.7,2.1,8.9,9.47,13.2,248.2,QB,Stanford,,,,,,,,,,,,,,,,,,,,,,,,andrew luck,QB,Stanford,stanford,15.0
Robert Griffin III,158.9,WAS,1,2,2012,Baylor,2008,2011,41.0,800.0,1192.0,392.0,67.1,10366.0,78.0,17.0,6.5,1.4,8.7,9.36,13.0,252.8,QB,Baylor,,,,,,,,,,,,,,,,,,,,,,,,robert griffin,QB,Baylor,baylor,13.0
Trent Richardson,,CLE,1,3,2012,Alabama,2009,2011,38.0,,,,,,,,,,,,,,RB,Alabama,82.4,540.0,3130.0,5.8,35.0,68.0,10.7,7.0,19.2,,,,,,,,,,,,,,,trent richardson,RB,Alabama,alabama,99.0
Matt Kalil,,MIN,1,4,2012,USC,2011,2011,,,,,,,,,,,,,,,OL,USC,,,,,,,,,,,,,,,,,,,,,,,,matt kalil,OL,USC,usc,
Justin Blackmon,,JAX,1,5,2012,Oklahoma State,2009,2011,38.0,,,,,,,,,,,,,,WR,Oklahoma State,,,,,,,,,,93.8,253.0,3564.0,14.1,40.0,,,,,,,,,,justin blackmon,WR,Oklahoma State,oklahoma state,
Morris Claiborne,,DAL,1,6,2012,LSU,2009,2011,33.0,,,,,,,,,,,,,,DB,LSU,,,,,,,,,,,,,,,,,,,,,11.0,1.0,9.0,morris claiborne,DB,LSU,lsu,
Mark Barron,,TAM,1,7,2012,Alabama,2008,2011,52.0,,,,,,,,,,,,,,DB,Alabama,,,,,,,,,,,,,,,,,,,,,12.0,1.0,11.0,mark barron,DB,Alabama,alabama,
Ryan Tannehill,134.3,MIA,1,8,2012,Texas A&M,2010,2011,26.0,479.0,765.0,286.0,62.6,5382.0,42.0,21.0,5.5,2.7,7.0,6.9,11.2,207.0,QB,Texas A&M,,,,,,,,,,,,,,,,,,,,,,,,ryan tannehill,QB,Texas A&M,texas a&m,
Ryan Tannehill,,MIA,1,8,2012,Texas A&M,2008,2009,24.0,,,,,,,,,,,,,,WR,Texas A&M,,,,,,,,,,60.5,101.0,1453.0,14.4,9.0,,,,,,,,,,ryan tannehill,WR,Texas A&M,texas a&m,
Luke Kuechly,,CAR,1,9,2012,Boston College,2009,2011,38.0,,,,,,,,,,,,,,LB,Boston College,,,,,,,,,,,,,,,2.0,299.0,233.0,532.0,35.5,0.0526315789473684,,,,luke kuechly,LB,Boston College,boston college,
Stephon Gilmore,,BUF,1,10,2012,South Carolina,2009,2011,40.0,,,,,,,,,,,,,,DB,South Carolina,,,,,,,,,,,,,,,,,,,,,8.0,1.0,0.0,stephon gilmore,DB,South Carolina,south carolina,
Dontari Poe,,KAN,1,11,2012,Memphis,2009,2011,35.0,,,,,,,,,,,,,,DL,Memphis,,,,,,,,,,,,,,,5.0,57.0,44.0,101.0,21.5,0.1428571428571428,,,,dontari poe,DL,Memphis,memphis,
Fletcher Cox,,PHI,1,12,2012,Mississippi State,2009,2011,36.0,,,,,,,,,,,,,,DL,Mississippi State,,,,,,,,,,,,,,,7.0,53.0,61.0,114.0,24.5,0.1944444444444444,,,,fletcher cox,DL,Mississippi State,mississippi state,
Michael Floyd,,CRD,1,13,2012,Notre Dame,2008,2011,43.0,,,,,,,,,,,,,,WR,Notre Dame,,,,,,,,,,85.7,271.0,3686.0,13.6,37.0,,,,,,,,,,michael floyd,WR,Notre Dame,notre dame,316.0
Michael Brockers,,RAM,1,14,2012,LSU,2010,2011,27.0,,,,,,,,,,,,,,DL,LSU,,,,,,,,,,,,,,,2.0,34.0,45.0,79.0,11.0,0.074074074074074,,,,michael brockers,DL,LSU,lsu,
Bruce Irvin,,SEA,1,15,2012,West Virginia,2010,2011,26.0,,,,,,,,,,,,,,DL,West Virginia,,,,,,,,,,,,,,,22.0,45.0,16.0,61.0,29.0,0.8461538461538461,,,,bruce irvin,DL,West Virginia,west virginia,
Quinton Coples,,NYJ,1,16,2012,North Carolina,2008,2011,51.0,,,,,,,,,,,,,,DL,North Carolina,,,,,,,,,,,,,,,24.0,80.0,64.0,144.0,40.5,0.4705882352941176,,,,quinton coples,DL,North Carolina,north carolina,
Dre Kirkpatrick,,CIN,1,17,2012,Alabama,2009,2011,38.0,,,,,,,,,,,,,,DB,Alabama,,,,,,,,,,,,,,,,,,,,,3.0,0.0,16.0,dre kirkpatrick,DB,Alabama,alabama,
Melvin Ingram,,SDG,1,18,2012,South Carolina,2007,2011,50.0,,,,,,,,,,,,,,LB,South Carolina,,,,,,,,,,,,,,,21.0,72.0,39.0,111.0,30.5,0.42,,,,melvin ingram,LB,South Carolina,south carolina,
Shea McClellin,,CHI,1,19,2012,Boise State,2008,2011,49.0,,,,,,,,,,,,,,DL,Boise State,,,,,,,,,,,,,,,20.0,64.0,66.0,130.0,33.0,0.4081632653061224,,,,shea mcclellin,DL,Boise State,boise state,
Kendall Wright,,OTI,1,20,2012,Baylor,2008,2011,50.0,,,,,,,,,,,,,,TE,Baylor,,,,,,,,,,80.1,302.0,4004.0,13.3,30.0,,,,,,,,,,kendall wright,TE,Baylor,baylor,
Chandler Jones,,NWE,1,21,2012,Syracuse,2009,2011,32.0,,,,,,,,,,,,,,DL,Syracuse,,,,,,,,,,,,,,,10.0,101.0,46.0,147.0,27.0,0.3125,,,,chandler jones,DL,Syracuse,syracuse,
Brandon Weeden,157.6,CLE,1,22,2012,Oklahoma State,2008,2011,30.0,767.0,1103.0,336.0,69.5,9260.0,75.0,27.0,6.8,2.4,8.4,8.65,12.1,308.7,QB,Oklahoma State,,,,,,,,,,,,,,,,,,,,,,,,brandon weeden,QB,Oklahoma State,oklahoma state,
Riley Reiff,,DET,1,23,2012,Iowa,2011,2011,13.0,,,,,,,,,,,,,,OL,Iowa,,,,,,,,,,,,,,,,,,,,,,,,riley reiff,OL,Iowa,iowa,
David DeCastro,,PIT,1,24,2012,Stanford,2011,2011,,,,,,,,,,,,,,,OL,Stanford,,,,,,,,,,,,,,,,,,,,,,,,david decastro,OL,Stanford,stanford,
Dont'a Hightower,,NWE,1,25,2012,Alabama,2008,2011,44.0,,,,,,,,,,,,,,LB,Alabama,,,,,,,,,,,,,,,5.0,101.0,133.0,234.0,21.0,0.1136363636363636,,,,dont a hightower,LB,Alabama,alabama,
Whitney Mercilus,,HTX,1,26,2012,Illinois,2009,2011,37.0,,,,,,,,,,,,,,DL,Illinois,,,,,,,,,,,,,,,18.0,40.0,41.0,81.0,29.0,0.4864864864864865,,,,whitney mercilus,DL,Illinois,illinois,
Kevin Zeitler,,CIN,1,27,2012,Wisconsin,2011,2011,,,,,,,,,,,,,,,OL,Wisconsin,,,,,,,,,,,,,,,,,,,,,,,,kevin zeitler,OL,Wisconsin,wisconsin,
Nick Perry,,GNB,1,28,2012,USC,2009,2011,37.0,,,,,,,,,,,,,,DL,USC,,,,,,,,,,,,,,,21.0,62.0,41.0,103.0,29.5,0.5675675675675675,,,,nick perry,DL,USC,usc,
Harrison Smith,,MIN,1,29,2012,Notre Dame,2008,2011,51.0,,,,,,,,,,,,,,DB,Notre Dame,,,,,,,,,,,,,,,,,,,,,7.0,0.0,20.0,harrison smith,DB,Notre Dame,notre dame,
A.J. Jenkins,,SFO,1,30,2012,Illinois,2008,2011,46.0,,,,,,,,,,,,,,WR,Illinois,,,,,,,,,,52.9,167.0,2432.0,14.6,19.0,,,,,,,,,,a j jenkins,WR,Illinois,illinois,322.0
Doug Martin,,TAM,1,31,2012,Boise State,2007,2011,52.0,,,,,,,,,,,,,,RB,Boise State,66.0,617.0,3431.0,5.6,43.0,67.0,10.7,4.0,13.8,,,,,,,,,,,,,,,doug martin,RB,Boise State,boise state,
David Wilson,,NYG,1,32,2012,Virginia Tech,2009,2011,40.0,,,,,,,,,,,,,,RB,Virginia Tech,66.6,462.0,2662.0,5.8,18.0,37.0,9.8,5.0,9.1,,,,,,,,,,,,,,,david wilson,RB,Virginia Tech,virginia tech,100.0
Coby Fleener,,CLT,2,34,2012,Stanford,2008,2011,51.0,,,,,,,,,,,,,,TE,Stanford,,,,,,,,,,30.3,96.0,1543.0,16.1,18.0,,,,,,,,,,coby fleener,TE,Stanford,stanford,214.0
Courtney Upshaw,,RAV,2,35,2012,Alabama,2008,2011,53.0,,,,,,,,,,,,,,LB,Alabama,,,,,,,,,,,,,,,17.0,88.0,53.0,141.0,36.5,0.320754716981132,,,,courtney upshaw,LB,Alabama,alabama,
Derek Wolfe,,DEN,2,36,2012,Cincinnati,2008,2011,44.0,,,,,,,,,,,,,,DL,Cincinnati,,,,,,,,,,,,,,,19.0,89.0,73.0,162.0,37.0,0.4318181818181818,,,,derek wolfe,DL,Cincinnati,cincinnati,
Andre Branch,,JAX,2,38,2012,Clemson,2008,2011,48.0,,,,,,,,,,,,,,DL,Clemson,,,,,,,,,,,,,,,17.0,89.0,90.0,179.0,34.0,0.3541666666666667,,,,andre branch,DL,Clemson,clemson,
Janoris Jenkins,,RAM,2,39,2012,,2008,2010,40.0,,,,,,,,,,,,,,DB,Florida,,,,,,,,,,,,,,,,,,,,,8.0,1.0,0.0,janoris jenkins,DB,nan,nan,
Cordy Glenn,,BUF,2,41,2012,Georgia,2009,2010,26.0,,,,,,,,,,,,,,OL,Georgia,,,,,,,,,,,,,,,,,,,,,,,,cordy glenn,OL,Georgia,georgia,
Stephen Hill,,NYJ,2,43,2012,Georgia Tech,2009,2011,38.0,,,,,,,,,,,,,,WR,Georgia Tech,,,,,,,,,,32.8,49.0,1248.0,25.5,9.0,,,,,,,,,,stephen hill,WR,Georgia Tech,georgia tech,319.0
Jeff Allen,,KAN,2,44,2012,Illinois,2009,2010,25.0,,,,,,,,,,,,,,OL,Illinois,,,,,,,,,,,,,,,,,,,,,,,,jeff allen,OL,Illinois,illinois,
Alshon Jeffery,,CHI,2,45,2012,South Carolina,2009,2011,40.0,,,,,,,,,,,,,,WR,South Carolina,,,,,,,,,,76.1,183.0,3042.0,16.6,23.0,,,,,,,,,,alshon jeffery,WR,South Carolina,south carolina,321.0
Mychal Kendricks,,PHI,2,46,2012,California,2008,2011,51.0,,,,,,,,,,,,,,LB,California,,,,,,,,,,,,,,,13.0,155.0,104.0,259.0,36.5,0.2549019607843137,,,,mychal kendricks,LB,California,california,
Bobby Wagner,,SEA,2,47,2012,Utah State,2008,2011,48.0,,,,,,,,,,,,,,LB,Utah State,,,,,,,,,,,,,,,4.0,200.0,245.0,445.0,28.5,0.0833333333333333,,,,bobby wagner,LB,Utah State,utah state,
Tavon Wilson,,NWE,2,48,2012,Illinois,2008,2011,50.0,,,,,,,,,,,,,,DB,Illinois,,,,,,,,,,,,,,,,,,,,,3.0,0.0,1.0,tavon wilson,DB,Illinois,illinois,
Kendall Reyes,,SDG,2,49,2012,Connecticut,2008,2011,49.0,,,,,,,,,,,,,,DL,Connecticut,,,,,,,,,,,,,,,11.0,78.0,64.0,142.0,32.5,0.2244897959183673,,,,kendall reyes,DL,Connecticut,connecticut,
Isaiah Pead,,RAM,2,50,2012,Cincinnati,2008,2011,44.0,,,,,,,,,,,,,,RB,Cincinnati,74.7,545.0,3288.0,6.0,27.0,87.0,8.3,6.0,16.4,,,,,,,,,,,,,,,isaiah pead,RB,Cincinnati,cincinnati,96.0
Jerel Worthy,,GNB,2,51,2012,Michigan State,2009,2011,40.0,,,,,,,,,,,,,,DL,Michigan State,,,,,,,,,,,,,,,12.0,52.0,55.0,107.0,27.5,0.3,,,,jerel worthy,DL,Michigan State,michigan state,
Zach Brown,,OTI,2,52,2012,North Carolina,2008,2011,47.0,,,,,,,,,,,,,,LB,North Carolina,,,,,,,,,,,,,,,5.0,143.0,87.0,230.0,19.0,0.1063829787234042,,,,zach brown,LB,North Carolina,north carolina,
Devon Still,,CIN,2,53,2012,Penn State,2009,2011,39.0,,,,,,,,,,,,,,DL,Penn State,,,,,,,,,,,,,,,10.0,55.0,58.0,113.0,32.5,0.2564102564102564,,,,devon still,DL,Penn State,penn state,
Ryan Broyles,,DET,2,54,2012,Oklahoma,2008,2011,48.0,,,,,,,,,,,,,,WR,Oklahoma,,,,,,,,,,95.5,349.0,4586.0,13.1,45.0,,,,,,,,,,ryan broyles,WR,Oklahoma,oklahoma,312.0
Brock Osweiler,135.0,DEN,2,57,2012,Arizona State,2009,2011,25.0,412.0,680.0,268.0,60.6,5082.0,33.0,15.0,4.9,2.2,7.5,7.45,12.3,203.3,QB,Arizona State,,,,,,,,,,,,,,,,,,,,,,,,brock osweiler,QB,Arizona State,arizona state,
Lavonte David,,TAM,2,58,2012,Nebraska,2010,2011,27.0,,,,,,,,,,,,,,LB,Nebraska,,,,,,,,,,,,,,,11.0,150.0,135.0,285.0,24.5,0.4074074074074074,,,,lavonte david,LB,Nebraska,nebraska,
Vinny Curry,,PHI,2,59,2012,Marshall,2008,2011,45.0,,,,,,,,,,,,,,DL,Marshall,,,,,,,,,,,,,,,26.0,111.0,128.0,239.0,49.0,0.5777777777777777,,,,vinny curry,DL,Marshall,marshall,
LaMichael James,,SFO,2,61,2012,Oregon,2009,2011,37.0,,,,,,,,,,,,,,RB,Oregon,137.4,771.0,5082.0,6.6,53.0,51.0,11.5,4.0,15.8,,,,,,,,,,,,,,,lamichael james,RB,Oregon,oregon,93.0
Casey Hayward,,GNB,2,62,2012,Vanderbilt,2008,2011,50.0,,,,,,,,,,,,,,DB,Vanderbilt,,,,,,,,,,,,,,,,,,,,,15.0,1.0,3.0,casey hayward,DB,Vanderbilt,vanderbilt,
Rueben Randle,,NYG,2,63,2012,LSU,2009,2011,40.0,,,,,,,,,,,,,,WR,LSU,,,,,,,,,,40.9,97.0,1634.0,16.8,13.0,,,,,,,,,,rueben randle,WR,LSU,lsu,326.0
Dwayne Allen,,CLT,3,64,2012,Clemson,2009,2011,41.0,,,,,,,,,,,,,,TE,Clemson,,,,,,,,,,26.3,93.0,1079.0,11.6,12.0,,,,,,,,,,dwayne allen,TE,Clemson,clemson,211.0
Josh Robinson,,MIN,3,66,2012,UCF,2009,2011,38.0,,,,,,,,,,,,,,DB,UCF,,,,,,,,,,,,,,,,,,,,,10.0,2.0,0.0,josh robinson,DB,UCF,ucf,
Ronnie Hillman,,DEN,3,67,2012,San Diego State,2010,2011,26.0,,,,,,,,,,,,,,RB,San Diego State,124.7,573.0,3243.0,5.7,36.0,33.0,10.2,2.0,13.0,,,,,,,,,,,,,,,ronnie hillman,RB,San Diego State,san diego state,
Devier Posey,,HTX,3,68,2012,Ohio State,2008,2011,42.0,,,,,,,,,,,,,,WR,Ohio State,,,,,,,,,,46.5,136.0,1955.0,14.4,18.0,,,,,,,,,,devier posey,WR,Ohio State,ohio state,
T.J. Graham,,BUF,3,69,2012,North Carolina State,2008,2011,46.0,,,,,,,,,,,,,,WR,North Carolina State,,,,,,,,,,31.6,99.0,1453.0,14.7,12.0,,,,,,,,,,t j graham,WR,North Carolina State,north carolina state,
Olivier Vernon,,MIA,3,72,2012,Miami (FL),2009,2011,30.0,,,,,,,,,,,,,,DL,Miami (FL),,,,,,,,,,,,,,,9.0,51.0,30.0,81.0,20.5,0.3,,,,olivier vernon,DL,Miami (FL),miami (fl),
Brandon Taylor,,SDG,3,73,2012,LSU,2008,2011,49.0,,,,,,,,,,,,,,DB,LSU,,,,,,,,,,,,,,,,,,,,,4.0,0.0,11.0,brandon taylor,DB,LSU,lsu,
Donald Stephenson,,KAN,3,74,2012,Oklahoma,2010,2010,14.0,,,,,,,,,,,,,,OL,Oklahoma,,,,,,,,,,,,,,,,,,,,,,,,donald stephenson,OL,Oklahoma,oklahoma,
Russell Wilson,147.2,SEA,3,75,2012,Wisconsin,2008,2011,50.0,907.0,1489.0,582.0,60.9,11720.0,109.0,30.0,7.3,2.0,7.9,8.43,12.9,234.4,QB,North Carolina StateWisconsin,,,,,,,,,,,,,,,,,,,,,,,,russell wilson,QB,Wisconsin,wisconsin,16.0
Brandon Brooks,,HTX,3,76,2012,Miami (OH),2009,2010,21.0,,,,,,,,,,,,,,OL,Miami (OH),,,,,,,,,,,,,,,,,,,,,,,,brandon brooks,OL,Miami (OH),miami (oh),
Demario Davis,,NYJ,3,77,2012,Arkansas State,2008,2011,48.0,,,,,,,,,,,,,,LB,Arkansas State,,,,,,,,,,,,,,,7.0,129.0,100.0,229.0,22.5,0.1458333333333333,,,,demario davis,LB,Arkansas State,arkansas state,
Michael Egnew,,MIA,3,78,2012,Missouri,2008,2011,50.0,,,,,,,,,,,,,,WR,Missouri,,,,,,,,,,26.6,147.0,1332.0,9.1,8.0,,,,,,,,,,michael egnew,WR,Missouri,missouri,
Brandon Hardin,,CHI,3,79,2012,Oregon State,2008,2010,38.0,,,,,,,,,,,,,,DB,Oregon State,,,,,,,,,,,,,,,,,,,,,1.0,0.0,3.0,brandon hardin,DB,Oregon State,oregon state,
Jamell Fleming,,CRD,3,80,2012,Oklahoma,2008,2011,51.0,,,,,,,,,,,,,,DB,Oklahoma,,,,,,,,,,,,,,,,,,,,,7.0,1.0,0.0,jamell fleming,DB,Oklahoma,oklahoma,
Tyrone Crawford,,DAL,3,81,2012,Boise State,2010,2011,25.0,,,,,,,,,,,,,,DL,Boise State,,,,,,,,,,,,,,,13.0,33.0,43.0,76.0,27.0,0.52,,,,tyrone crawford,DL,Boise State,boise state,
Mike Martin,,OTI,3,82,2012,Michigan,2008,2011,49.0,,,,,,,,,,,,,,DL,Michigan,,,,,,,,,,,,,,,10.0,70.0,102.0,172.0,25.0,0.2040816326530612,,,,mike martin,DL,Michigan,michigan,
Mohamed Sanu,,CIN,3,83,2012,Rutgers,2009,2011,38.0,,,,,,,,,,,,,,WR,Rutgers,,,,,,,,,,59.6,210.0,2263.0,10.8,12.0,,,,,,,,,,mohamed sanu,WR,Rutgers,rutgers,327.0
Bernard Pierce,,RAV,3,84,2012,Temple,2009,2011,34.0,,,,,,,,,,,,,,RB,Temple,105.0,663.0,3570.0,5.4,53.0,19.0,9.4,1.0,5.2,,,,,,,,,,,,,,,bernard pierce,RB,Temple,temple,97.0
Sean Spence,,PIT,3,86,2012,Miami (FL),2008,2011,47.0,,,,,,,,,,,,,,LB,Miami (FL),,,,,,,,,,,,,,,10.0,169.0,148.0,317.0,46.0,0.2127659574468085,,,,sean spence,LB,Miami (FL),miami (fl),
John Hughes,,CLE,3,87,2012,Cincinnati,2008,2011,50.0,,,,,,,,,,,,,,DL,Cincinnati,,,,,,,,,,,,,,,9.0,70.0,71.0,141.0,25.5,0.18,,,,john hughes,DL,Cincinnati,cincinnati,
Nick Foles,138.1,PHI,3,88,2012,Arizona,2007,2011,36.0,938.0,1404.0,466.0,66.8,10068.0,67.0,33.0,4.8,2.4,7.2,7.07,10.7,279.7,QB,ArizonaMichigan State,,,,,,,,,,,,,,,,,,,,,,,,nick foles,QB,Arizona,arizona,12.0
Jake Bequette,,NWE,3,90,2012,Arkansas,2008,2011,48.0,,,,,,,,,,,,,,DL,Arkansas,,,,,,,,,,,,,,,23.0,63.0,63.0,126.0,31.0,0.4791666666666667,,,,jake bequette,DL,Arkansas,arkansas,
Lamar Holmes,,ATL,3,91,2012,Southern Mississippi,2011,2011,14.0,,,,,,,,,,,,,,OL,Southern Mississippi,,,,,,,,,,,,,,,,,,,,,,,,lamar holmes,OL,Southern Mississippi,southern mississippi,
T.Y. Hilton,,CLT,3,92,2012,Florida International,2008,2011,50.0,,,,,,,,,,,,,,WR,Florida International,,,,,,,,,,70.6,229.0,3531.0,15.4,24.0,,,,,,,,,,t y hilton,WR,Florida International,florida international,320.0
Brandon Thompson,,CIN,3,93,2012,Clemson,2008,2011,53.0,,,,,,,,,,,,,,DL,Clemson,,,,,,,,,,,,,,,4.0,59.0,70.0,129.0,19.5,0.0754716981132075,,,,brandon thompson,DL,Clemson,clemson,
Jayron Hosley,,NYG,3,94,2012,Virginia Tech,2009,2011,39.0,,,,,,,,,,,,,,DB,Virginia Tech,,,,,,,,,,,,,,,,,,,,,12.0,0.0,0.0,jayron hosley,DB,Virginia Tech,virginia tech,
Tony Bergstrom,,RAI,3,95,2012,Utah,2008,2008,10.0,,,,,,,,,,,,,,OL,Utah,,,,,,,,,,,,,,,,,,,,,,,,tony bergstrom,OL,Utah,utah,
Chris Givens,,RAM,4,96,2012,Wake Forest,2009,2011,36.0,,,,,,,,,,,,,,WR,Wake Forest,,,,,,,,,,68.7,163.0,2473.0,15.2,21.0,,,,,,,,,,chris givens,WR,Wake Forest,wake forest,317.0
Lamar Miller,,MIA,4,97,2012,Miami (FL),2010,2011,23.0,,,,,,,,,,,,,,RB,Miami (FL),83.4,335.0,1918.0,5.7,15.0,28.0,6.5,1.0,7.9,,,,,,,,,,,,,,,lamar miller,RB,Miami (FL),miami (fl),94.0
Ben Jones,,HTX,4,99,2012,Georgia,2009,2009,13.0,,,,,,,,,,,,,,OL,Georgia,,,,,,,,,,,,,,,,,,,,,,,,ben jones,OL,Georgia,georgia,
Travis Benjamin,,CLE,4,100,2012,Miami (FL),2008,2011,49.0,,,,,,,,,,,,,,WR,Miami (FL),,,,,,,,,,43.8,131.0,2146.0,16.4,13.0,,,,,,,,,,travis benjamin,WR,Miami (FL),miami (fl),310.0
Omar Bolden,,DEN,4,101,2012,Arizona State,2007,2010,41.0,,,,,,,,,,,,,,DB,Arizona State,,,,,,,,,,,,,,,,,,,,,7.0,2.0,7.0,omar bolden,DB,Arizona State,arizona state,
Kirk Cousins,146.1,WAS,4,102,2012,Michigan State,2008,2011,45.0,723.0,1128.0,405.0,64.1,9131.0,66.0,30.0,5.9,2.7,8.1,8.07,12.6,202.9,QB,Michigan State,,,,,,,,,,,,,,,,,,,,,,,,kirk cousins,QB,Michigan State,michigan state,
Frank Alexander,,CAR,4,103,2012,Oklahoma,2008,2011,48.0,,,,,,,,,,,,,,DL,Oklahoma,,,,,,,,,,,,,,,20.0,83.0,59.0,142.0,44.0,0.4166666666666667,,,,frank alexander,DL,Oklahoma,oklahoma,
Joe Adams,,CAR,4,104,2012,Arkansas,2008,2011,47.0,,,,,,,,,,,,,,WR,Arkansas,,,,,,,,,,51.3,164.0,2410.0,14.7,17.0,,,,,,,,,,joe adams,WR,Arkansas,arkansas,309.0
Nigel Bradham,,BUF,4,105,2012,Florida State,2008,2011,53.0,,,,,,,,,,,,,,LB,Florida State,,,,,,,,,,,,,,,9.0,188.0,117.0,305.0,21.5,0.1698113207547169,,,,nigel bradham,LB,Florida State,florida state,
Robert Turbin,,SEA,4,106,2012,Utah State,2007,2011,38.0,,,,,,,,,,,,,,RB,Utah State,87.2,565.0,3315.0,5.9,40.0,67.0,12.6,11.0,22.2,,,,,,,,,,,,,,,robert turbin,RB,Utah State,utah state,
Devon Wylie,,KAN,4,107,2012,Fresno State,2007,2011,43.0,,,,,,,,,,,,,,WR,Fresno State,,,,,,,,,,30.9,98.0,1327.0,13.5,8.0,,,,,,,,,,devon wylie,WR,Fresno State,fresno state,
Philip Blake,,DEN,4,108,2012,Baylor,2010,2010,13.0,,,,,,,,,,,,,,OL,Baylor,,,,,,,,,,,,,,,,,,,,,,,,philip blake,OL,Baylor,baylor,
Alameda Ta'Amu,,PIT,4,109,2012,Washington,2008,2011,50.0,,,,,,,,,,,,,,DL,Washington,,,,,,,,,,,,,,,7.0,57.0,52.0,109.0,16.5,0.14,,,,alameda ta amu,DL,Washington,washington,
Evan Rodriguez,,CHI,4,111,2012,Temple,2009,2011,37.0,,,,,,,,,,,,,,TE,Temple,,,,,,,,,,23.5,69.0,871.0,12.6,7.0,,,,,,,,,,evan rodriguez,TE,Temple,temple,
Bobby Massie,,CRD,4,112,2012,Ole Miss,2011,2011,12.0,,,,,,,,,,,,,,OL,Ole Miss,,,,,,,,,,,,,,,,,,,,,,,,bobby massie,OL,Ole Miss,ole miss,
Kyle Wilber,,DAL,4,113,2012,Wake Forest,2008,2011,43.0,,,,,,,,,,,,,,DL,Wake Forest,,,,,,,,,,,,,,,13.0,117.0,78.0,195.0,35.5,0.3023255813953488,,,,kyle wilber,DL,Wake Forest,wake forest,
Jaye Howard,,SEA,4,114,2012,Florida,2008,2011,45.0,,,,,,,,,,,,,,DL,Florida,,,,,,,,,,,,,,,11.0,80.0,51.0,131.0,25.5,0.2444444444444444,,,,jaye howard,DL,Florida,florida,
Coty Sensabaugh,,OTI,4,115,2012,Clemson,2008,2011,52.0,,,,,,,,,,,,,,DB,Clemson,,,,,,,,,,,,,,,,,,,,,4.0,0.0,14.0,coty sensabaugh,DB,Clemson,clemson,
Orson Charles,,CIN,4,116,2012,Georgia,2009,2011,40.0,,,,,,,,,,,,,,TE,Georgia,,,,,,,,,,34.3,94.0,1370.0,14.6,10.0,,,,,,,,,,orson charles,TE,Georgia,georgia,212.0
Joe Looney,,SFO,4,117,2012,Wake Forest,2010,2011,23.0,,,,,,,,,,,,,,OL,Wake Forest,,,,,,,,,,,,,,,,,,,,,,,,joe looney,OL,Wake Forest,wake forest,
Jarius Wright,,MIN,4,118,2012,Arkansas,2008,2011,50.0,,,,,,,,,,,,,,WR,Arkansas,,,,,,,,,,58.7,168.0,2934.0,17.5,24.0,,,,,,,,,,jarius wright,WR,Arkansas,arkansas,332.0
Keenan Robinson,,WAS,4,119,2012,Texas,2008,2011,51.0,,,,,,,,,,,,,,LB,Texas,,,,,,,,,,,,,,,5.0,167.0,108.0,275.0,20.5,0.0980392156862745,,,,keenan robinson,LB,Texas,texas,
James-Michael Johnson,,CLE,4,120,2012,Nevada,2007,2011,54.0,,,,,,,,,,,,,,LB,Nevada,,,,,,,,,,,,,,,7.0,169.0,126.0,295.0,37.5,0.1296296296296296,,,,james michael johnson,LB,Nevada,nevada,
Keshawn Martin,,HTX,4,121,2012,Michigan State,2008,2011,48.0,,,,,,,,,,,,,,WR,Michigan State,,,,,,,,,,35.7,127.0,1714.0,13.5,10.0,,,,,,,,,,keshawn martin,WR,Michigan State,michigan state,
Nick Toon,,NOR,4,122,2012,Wisconsin,2008,2011,47.0,,,,,,,,,,,,,,WR,Wisconsin,,,,,,,,,,52.1,171.0,2447.0,14.3,18.0,,,,,,,,,,nick toon,WR,Wisconsin,wisconsin,329.0
Brandon Boykin,,PHI,4,123,2012,Georgia,2008,2011,53.0,,,,,,,,,,,,,,DB,Georgia,,,,,,,,,,,,,,,,,,,,,9.0,0.0,0.0,brandon boykin,DB,Georgia,georgia,
Ron Brooks,,BUF,4,124,2012,LSU,2008,2011,53.0,,,,,,,,,,,,,,DB,LSU,,,,,,,,,,,,,,,,,,,,,3.0,3.0,9.0,ron brooks,DB,LSU,lsu,
Ronnell Lewis,,DET,4,125,2012,Oklahoma,2009,2011,34.0,,,,,,,,,,,,,,LB,Oklahoma,,,,,,,,,,,,,,,10.0,67.0,51.0,118.0,20.5,0.2941176470588235,,,,ronnell lewis,LB,Oklahoma,oklahoma,
Jared Crick,,HTX,4,126,2012,Nebraska,2008,2011,40.0,,,,,,,,,,,,,,DL,Nebraska,,,,,,,,,,,,,,,20.0,75.0,92.0,167.0,29.5,0.5,,,,jared crick,DL,Nebraska,nebraska,
Adrien Robinson,,NYG,4,127,2012,Cincinnati,2008,2011,39.0,,,,,,,,,,,,,,WR,Cincinnati,,,,,,,,,,11.1,29.0,434.0,15.0,5.0,,,,,,,,,,adrien robinson,WR,Cincinnati,cincinnati,
Rhett Ellison,,MIN,4,128,2012,USC,2008,2011,47.0,,,,,,,,,,,,,,TE,USC,,,,,,,,,,10.0,53.0,471.0,8.9,6.0,,,,,,,,,,rhett ellison,TE,USC,usc,
Miles Burris,,RAI,4,129,2012,San Diego State,2008,2011,50.0,,,,,,,,,,,,,,LB,San Diego State,,,,,,,,,,,,,,,19.0,141.0,94.0,235.0,47.0,0.38,,,,miles burris,LB,San Diego State,san diego state,
Brandon Mosley,,NYG,4,131,2012,Auburn,2010,2011,27.0,,,,,,,,,,,,,,OL,Auburn,,,,,,,,,,,,,,,,,,,,,,,,brandon mosley,OL,Auburn,auburn,
Mike Daniels,,GNB,4,132,2012,Iowa,2008,2011,47.0,,,,,,,,,,,,,,DL,Iowa,,,,,,,,,,,,,,,15.0,54.0,69.0,123.0,27.0,0.3191489361702128,,,,mike daniels,DL,Iowa,iowa,
Greg Childs,,MIN,4,134,2012,Arkansas,2008,2011,44.0,,,,,,,,,,,,,,WR,Arkansas,,,,,,,,,,47.0,133.0,2066.0,15.5,15.0,,,,,,,,,,greg childs,WR,Arkansas,arkansas,313.0
Josh Chapman,,CLT,5,136,2012,Alabama,2007,2011,49.0,,,,,,,,,,,,,,DL,Alabama,,,,,,,,,,,,,,,2.0,44.0,44.0,88.0,13.5,0.0408163265306122,,,,josh chapman,DL,Alabama,alabama,
Malik Jackson,,DEN,5,137,2012,Tennessee,2010,2011,25.0,,,,,,,,,,,,,,DL,Tennessee,,,,,,,,,,,,,,,7.0,52.0,52.0,104.0,22.0,0.28,,,,malik jackson,DL,Tennessee,tennessee,
Tahir Whitehead,,DET,5,138,2012,Temple,2010,2011,25.0,,,,,,,,,,,,,,LB,Temple,,,,,,,,,,,,,,,7.0,80.0,46.0,126.0,21.0,0.28,,,,tahir whitehead,LB,Temple,temple,
Tahir Whitehead,,DET,5,138,2012,Temple,2008,2009,25.0,,,,,,,,,,,,,,DB,Temple,,,,,,,,,,,,,,,,,,,,,0.0,0.0,2.0,tahir whitehead,DB,Temple,temple,
Robert Blanton,,MIN,5,139,2012,Notre Dame,2008,2011,50.0,,,,,,,,,,,,,,DB,Notre Dame,,,,,,,,,,,,,,,,,,,,,8.0,1.0,10.0,robert blanton,DB,Notre Dame,notre dame,
Najee Goode,,TAM,5,140,2012,West Virginia,2008,2011,52.0,,,,,,,,,,,,,,LB,West Virginia,,,,,,,,,,,,,,,8.0,80.0,77.0,157.0,22.5,0.1538461538461538,,,,najee goode,LB,West Virginia,west virginia,
Brandon Marshall,,JAX,5,142,2012,Nevada,2008,2011,52.0,,,,,,,,,,,,,,LB,Nevada,,,,,,,,,,,,,,,6.0,147.0,112.0,259.0,33.5,0.1153846153846153,,,,brandon marshall,LB,Nevada,nevada,
Zebrie Sanders,,BUF,5,144,2012,Florida State,2010,2010,14.0,,,,,,,,,,,,,,OL,Florida State,,,,,,,,,,,,,,,,,,,,,,,,zebrie sanders,OL,Florida State,florida state,
Taylor Thompson,,OTI,5,145,2012,SMU,2008,2011,50.0,,,,,,,,,,,,,,DL,SMU,,,,,,,,,,,,,,,18.0,74.0,65.0,139.0,22.5,0.36,,,,taylor thompson,DL,SMU,smu,
Dequan Menzie,,KAN,5,146,2012,Alabama,2010,2011,25.0,,,,,,,,,,,,,,DB,Alabama,,,,,,,,,,,,,,,,,,,,,1.0,1.0,15.0,dequan menzie,DB,Alabama,alabama,
Tank Carder,,BUF,5,147,2012,Texas Christian,2008,2011,50.0,,,,,,,,,,,,,,LB,Texas Christian,,,,,,,,,,,,,,,5.0,137.0,91.0,228.0,25.0,0.1,,,,tank carder,LB,Texas Christian,texas christian,
Johnnie Troutman,,SDG,5,149,2012,Penn State,2011,2011,13.0,,,,,,,,,,,,,,OL,Penn State,,,,,,,,,,,,,,,,,,,,,,,,johnnie troutman,OL,Penn State,penn state,
Senio Kelemete,,CRD,5,151,2012,Washington,2008,2008,8.0,,,,,,,,,,,,,,DL,Washington,,,,,,,,,,,,,,,0.0,4.0,0.0,4.0,0.0,0.0,,,,senio kelemete,DL,Washington,washington,
Danny Coale,,DAL,5,152,2012,Virginia Tech,2008,2011,55.0,,,,,,,,,,,,,,WR,Virginia Tech,,,,,,,,,,48.3,165.0,2658.0,16.1,8.0,,,,,,,,,,danny coale,WR,Virginia Tech,virginia tech,314.0
Dennis Kelly,,PHI,5,153,2012,Purdue,2011,2011,13.0,,,,,,,,,,,,,,OL,Purdue,,,,,,,,,,,,,,,,,,,,,,,,dennis kelly,OL,Purdue,purdue,
Korey Toomer,,SEA,5,154,2012,Idaho,2009,2011,25.0,,,,,,,,,,,,,,LB,Idaho,,,,,,,,,,,,,,,4.0,44.0,33.0,77.0,10.5,0.16,,,,korey toomer,LB,Idaho,idaho,
Josh Kaddu,,MIA,5,155,2012,Oregon,2008,2011,40.0,,,,,,,,,,,,,,LB,Oregon,,,,,,,,,,,,,,,10.0,68.0,40.0,108.0,20.0,0.25,,,,josh kaddu,LB,Oregon,oregon,
Shaun Prater,,CIN,5,156,2012,Iowa,2008,2011,48.0,,,,,,,,,,,,,,DB,Iowa,,,,,,,,,,,,,,,,,,,,,7.0,2.0,11.0,shaun prater,DB,Iowa,iowa,
Bradie Ewing,,ATL,5,157,2012,Wisconsin,2008,2011,52.0,,,,,,,,,,,,,,RB,Wisconsin,0.6,7.0,33.0,4.7,2.0,28.0,11.7,2.0,6.3,,,,,,,,,,,,,,,bradie ewing,RB,Wisconsin,wisconsin,
Jack Crawford,,RAI,5,158,2012,Penn State,2009,2011,36.0,,,,,,,,,,,,,,DL,Penn State,,,,,,,,,,,,,,,14.0,35.0,50.0,85.0,26.5,0.3888888888888889,,,,jack crawford,DL,Penn State,penn state,
Chris Rainey,,PIT,5,159,2012,Florida,2007,2011,45.0,,,,,,,,,,,,,,RB,Florida,46.6,345.0,2098.0,6.1,11.0,44.0,13.2,3.0,12.9,,,,,,,,,,,,,,,chris rainey,RB,Florida,florida,98.0
Chris Rainey,,PIT,5,159,2012,Florida,2010,2010,8.0,,,,,,,,,,,,,,WR,Florida,,,,,,,,,,27.0,25.0,216.0,8.6,3.0,,,,,,,,,,chris rainey,WR,Florida,florida,
Ryan Miller,,CLE,5,160,2012,Colorado,2010,2010,12.0,,,,,,,,,,,,,,OL,Colorado,,,,,,,,,,,,,,,,,,,,,,,,ryan miller,OL,Colorado,colorado,
Terrell Manning,,GNB,5,163,2012,North Carolina State,2009,2011,36.0,,,,,,,,,,,,,,LB,North Carolina State,,,,,,,,,,,,,,,10.0,112.0,81.0,193.0,27.5,0.2777777777777778,,,,terrell manning,LB,North Carolina State,north carolina state,
Jonathan Massaquoi,,ATL,5,164,2012,Troy,2010,2011,25.0,,,,,,,,,,,,,,DL,Troy,,,,,,,,,,,,,,,19.0,81.0,47.0,128.0,31.0,0.76,,,,jonathan massaquoi,DL,Troy,troy,
Darius Fleming,,SFO,5,165,2012,Notre Dame,2008,2011,50.0,,,,,,,,,,,,,,LB,Notre Dame,,,,,,,,,,,,,,,14.0,86.0,71.0,157.0,32.0,0.28,,,,darius fleming,LB,Notre Dame,notre dame,
Marvin Jones,,CIN,5,166,2012,California,2008,2011,43.0,,,,,,,,,,,,,,WR,California,,,,,,,,,,52.8,156.0,2270.0,14.6,13.0,,,,,,,,,,marvin jones,WR,California,california,323.0
George Iloka,,CIN,5,167,2012,Boise State,2008,2011,53.0,,,,,,,,,,,,,,DB,Boise State,,,,,,,,,,,,,,,,,,,,,7.0,0.0,1.0,george iloka,DB,Boise State,boise state,
Juron Criner,,RAI,5,168,2012,Arizona,2008,2011,50.0,,,,,,,,,,,,,,WR,Arizona,,,,,,,,,,57.2,209.0,2859.0,13.7,32.0,,,,,,,,,,juron criner,WR,Arizona,arizona,315.0
Vick Ballard,,CLT,5,170,2012,Mississippi State,2010,2011,25.0,,,,,,,,,,,,,,RB,Mississippi State,86.3,379.0,2157.0,5.7,29.0,30.0,9.8,2.0,11.7,,,,,,,,,,,,,,,vick ballard,RB,Mississippi State,mississippi state,
Alfred Morris,,WAS,6,173,2012,Florida Atlantic,2008,2011,47.0,,,,,,,,,,,,,,RB,Florida Atlantic,75.1,733.0,3529.0,4.8,27.0,30.0,10.0,4.0,6.4,,,,,,,,,,,,,,,alfred morris,RB,Florida Atlantic,florida atlantic,95.0
Keith Tandy,,TAM,6,174,2012,West Virginia,2008,2011,45.0,,,,,,,,,,,,,,DB,West Virginia,,,,,,,,,,,,,,,,,,,,,13.0,0.0,20.0,keith tandy,DB,West Virginia,west virginia,
Mike Harris,,JAX,6,176,2012,Florida State,2010,2011,27.0,,,,,,,,,,,,,,DB,Florida State,,,,,,,,,,,,,,,,,,,,,5.0,0.0,0.0,mike harris,DB,Florida State,florida state,
Mark Asper,,BUF,6,178,2012,Oregon,2009,2009,13.0,,,,,,,,,,,,,,OL,Oregon,,,,,,,,,,,,,,,,,,,,,,,,mark asper,OL,Oregon,oregon,
Andrew Tiller,,NOR,6,179,2012,Syracuse,2010,2010,13.0,,,,,,,,,,,,,,OL,Syracuse,,,,,,,,,,,,,,,,,,,,,,,,andrew tiller,OL,Syracuse,syracuse,
Winston Guy,,SEA,6,181,2012,Kentucky,2008,2011,51.0,,,,,,,,,,,,,,DB,Kentucky,,,,,,,,,,,,,,,,,,,,,5.0,0.0,3.0,winston guy,DB,Kentucky,kentucky,
Cyrus Gray,,KAN,6,182,2012,Texas A&M,2008,2011,49.0,,,,,,,,,,,,,,RB,Texas A&M,67.3,632.0,3298.0,5.2,30.0,103.0,7.5,6.0,15.8,,,,,,,,,,,,,,,cyrus gray,RB,Texas A&M,texas a&m,
B.J. Cunningham,,MIA,6,183,2012,Michigan State,2008,2011,51.0,,,,,,,,,,,,,,WR,Michigan State,,,,,,,,,,60.5,218.0,3086.0,14.2,25.0,,,,,,,,,,b j cunningham,WR,Michigan State,michigan state,
Isaiah Frey,,CHI,6,184,2012,Nevada,2008,2011,51.0,,,,,,,,,,,,,,DB,Nevada,,,,,,,,,,,,,,,,,,,,,7.0,0.0,27.0,isaiah frey,DB,Nevada,nevada,
Ryan Lindley,128.8,CRD,6,185,2012,San Diego State,2008,2011,49.0,961.0,1732.0,771.0,55.5,12690.0,90.0,47.0,5.2,2.7,7.3,7.14,13.2,259.0,QB,San Diego State,,,,,,,,,,,,,,,,,,,,,,,,ryan lindley,QB,San Diego State,san diego state,
James Hanna,,DAL,6,186,2012,Oklahoma,2008,2011,54.0,,,,,,,,,,,,,,TE,Oklahoma,,,,,,,,,,13.3,52.0,720.0,13.8,9.0,,,,,,,,,,james hanna,TE,Oklahoma,oklahoma,216.0
Josh Bush,,NYJ,6,187,2012,Wake Forest,2008,2011,46.0,,,,,,,,,,,,,,DB,Wake Forest,,,,,,,,,,,,,,,,,,,,,7.0,0.0,8.0,josh bush,DB,Wake Forest,wake forest,
Danny Trevathan,,DEN,6,188,2012,Kentucky,2008,2011,51.0,,,,,,,,,,,,,,LB,Kentucky,,,,,,,,,,,,,,,6.0,198.0,176.0,374.0,32.5,0.1176470588235294,,,,danny trevathan,LB,Kentucky,kentucky,
Markelle Martin,,OTI,6,190,2012,Oklahoma State,2008,2011,48.0,,,,,,,,,,,,,,DB,Oklahoma State,,,,,,,,,,,,,,,,,,,,,3.0,1.0,26.0,markelle martin,DB,Oklahoma State,oklahoma state,
Dan Herron,,CIN,6,191,2012,Ohio State,2008,2011,41.0,,,,,,,,,,,,,,RB,Ohio State,70.0,592.0,2869.0,4.8,32.0,44.0,7.0,1.0,7.5,,,,,,,,,,,,,,,dan herron,RB,Ohio State,ohio state,
Charles Mitchell,,ATL,6,192,2012,Mississippi State,2008,2011,50.0,,,,,,,,,,,,,,DB,Mississippi State,,,,,,,,,,,,,,,,,,,,,4.0,1.0,5.0,charles mitchell,DB,Mississippi State,mississippi state,
Marvin McNutt,-5.3,PHI,6,194,2012,Iowa,2008,2008,3.0,1.0,3.0,2.0,33.3,10.0,0.0,1.0,0.0,33.3,3.3,-11.67,10.0,3.3,QB,Iowa,,,,,,,,,,,,,,,,,,,,,,,,marvin mcnutt,QB,Iowa,iowa,
Marvin McNutt,,PHI,6,194,2012,Iowa,2009,2011,39.0,,,,,,,,,,,,,,WR,Iowa,,,,,,,,,,73.1,169.0,2850.0,16.9,28.0,,,,,,,,,,marvin mcnutt,WR,Iowa,iowa,325.0
Nick Mondek,,HTX,6,195,2012,Purdue,2011,2011,13.0,,,,,,,,,,,,,,OL,Purdue,,,,,,,,,,,,,,,,,,,,,,,,nick mondek,OL,Purdue,purdue,
Nick Mondek,,HTX,6,195,2012,Purdue,2008,2009,23.0,,,,,,,,,,,,,,DL,Purdue,,,,,,,,,,,,,,,2.0,11.0,4.0,15.0,3.0,0.0869565217391304,,,,nick mondek,DL,Purdue,purdue,
Jonte Green,,DET,6,196,2012,New Mexico State,2009,2011,38.0,,,,,,,,,,,,,,DB,New Mexico State,,,,,,,,,,,,,,,,,,,,,2.0,0.0,29.0,jonte green,DB,New Mexico State,new mexico state,
Nate Ebner,,NWE,6,197,2012,Ohio State,2009,2011,36.0,,,,,,,,,,,,,,DB,Ohio State,,,,,,,,,,,,,,,,,,,,,0.0,0.0,0.0,nate ebner,DB,Ohio State,ohio state,
Tommy Streeter,,RAV,6,198,2012,Miami (FL),2009,2011,30.0,,,,,,,,,,,,,,WR,Miami (FL),,,,,,,,,,32.2,52.0,967.0,18.6,9.0,,,,,,,,,,tommy streeter,WR,Miami (FL),miami (fl),328.0
Brandon Washington,,PHI,6,200,2012,Miami (FL),2010,2010,13.0,,,,,,,,,,,,,,OL,Miami (FL),,,,,,,,,,,,,,,,,,,,,,,,brandon washington,OL,Miami (FL),miami (fl),
Terrance Ganaway,,NYJ,6,202,2012,Baylor,2007,2011,51.0,,,,,,,,,,,,,,RB,BaylorHouston,50.8,473.0,2592.0,5.5,34.0,12.0,11.1,1.0,2.6,,,,,,,,,,,,,,,terrance ganaway,RB,Baylor,baylor,92.0
Emmanuel Acho,,CLE,6,204,2012,Texas,2008,2011,48.0,,,,,,,,,,,,,,LB,Texas,,,,,,,,,,,,,,,7.0,142.0,98.0,240.0,32.5,0.1458333333333333,,,,emmanuel acho,LB,Texas,texas,
Billy Winn,,CLE,6,205,2012,Boise State,2008,2011,53.0,,,,,,,,,,,,,,DL,Boise State,,,,,,,,,,,,,,,16.0,64.0,69.0,133.0,36.5,0.3018867924528302,,,,billy winn,DL,Boise State,boise state,
Lavon Brazill,,CLT,6,206,2012,Ohio,2007,2011,49.0,,,,,,,,,,,,,,WR,Ohio,,,,,,,,,,51.3,187.0,2515.0,13.4,18.0,,,,,,,,,,lavon brazill,WR,Ohio,ohio,311.0
Aaron Brown,,RAM,7,209,2012,Hawaii,2009,2011,29.0,,,,,,,,,,,,,,DB,Hawaii,,,,,,,,,,,,,,,,,,,,,6.0,2.0,9.0,aaron brown,DB,Hawaii,hawaii,
Audie Cole,,MIN,7,210,2012,North Carolina State,2008,2011,51.0,,,,,,,,,,,,,,LB,North Carolina State,,,,,,,,,,,,,,,14.0,147.0,129.0,276.0,32.0,0.2745098039215686,,,,audie cole,LB,North Carolina State,north carolina state,
Scott Solomon,,OTI,7,211,2012,Rice,2007,2011,47.0,,,,,,,,,,,,,,DL,Rice,,,,,,,,,,,,,,,24.0,130.0,77.0,207.0,43.5,0.5106382978723404,,,,scott solomon,DL,Rice,rice,
Michael Smith,,TAM,7,212,2012,Utah State,2009,2011,28.0,,,,,,,,,,,,,,RB,Utah State,46.9,184.0,1313.0,7.1,15.0,38.0,11.2,4.0,15.1,,,,,,,,,,,,,,,michael smith,RB,Utah State,utah state,
Richard Crawford,,WAS,7,213,2012,SMU,2010,2011,27.0,,,,,,,,,,,,,,DB,SMU,,,,,,,,,,,,,,,,,,,,,6.0,0.0,21.0,richard crawford,DB,SMU,smu,
Tim Fugger,,CLT,7,214,2012,Vanderbilt,2008,2011,46.0,,,,,,,,,,,,,,DL,Vanderbilt,,,,,,,,,,,,,,,11.0,53.0,37.0,90.0,20.5,0.2391304347826087,,,,tim fugger,DL,Vanderbilt,vanderbilt,
Kheeston Randall,,MIA,7,215,2012,Texas,2008,2011,46.0,,,,,,,,,,,,,,DL,Texas,,,,,,,,,,,,,,,5.0,45.0,44.0,89.0,18.5,0.108695652173913,,,,kheeston randall,DL,Texas,texas,
D.J. Campbell,,CAR,7,216,2012,California,2008,2011,46.0,,,,,,,,,,,,,,DB,California,,,,,,,,,,,,,,,,,,,,,2.0,0.0,7.0,d j campbell,DB,California,california,
Jordan Bernstine,,WAS,7,217,2012,Iowa,2007,2011,36.0,,,,,,,,,,,,,,DB,Iowa,,,,,,,,,,,,,,,,,,,,,1.0,0.0,2.0,jordan bernstine,DB,Iowa,iowa,
Jerome Long,,KAN,7,218,2012,San Diego State,2008,2011,49.0,,,,,,,,,,,,,,DL,San Diego State,,,,,,,,,,,,,,,9.0,92.0,70.0,162.0,17.5,0.1836734693877551,,,,jerome long,DL,San Diego State,san diego state,
Trevor Guyton,,MIN,7,219,2012,California,2008,2011,43.0,,,,,,,,,,,,,,DL,California,,,,,,,,,,,,,,,11.0,37.0,54.0,91.0,25.0,0.2558139534883721,,,,trevor guyton,DL,California,california,
Greg McCoy,,CHI,7,220,2012,Texas Christian,2007,2011,52.0,,,,,,,,,,,,,,DB,Texas Christian,,,,,,,,,,,,,,,,,,,,,7.0,0.0,10.0,greg mccoy,DB,Texas Christian,texas christian,
Nate Potter,,CRD,7,221,2012,Boise State,2011,2011,,,,,,,,,,,,,,,OL,Boise State,,,,,,,,,,,,,,,,,,,,,,,,nate potter,OL,Boise State,boise state,
Travis Lewis,,DET,7,223,2012,Oklahoma,2008,2011,53.0,,,,,,,,,,,,,,LB,Oklahoma,,,,,,,,,,,,,,,7.0,243.0,203.0,446.0,31.0,0.1320754716981132,,,,travis lewis,LB,Oklahoma,oklahoma,
Alfonzo Dennard,,NWE,7,224,2012,Nebraska,2008,2011,47.0,,,,,,,,,,,,,,DB,Nebraska,,,,,,,,,,,,,,,,,,,,,4.0,1.0,13.0,alfonzo dennard,DB,Nebraska,nebraska,
Jr Sweezy,,SEA,7,225,2012,North Carolina State,2008,2011,36.0,,,,,,,,,,,,,,DL,North Carolina State,,,,,,,,,,,,,,,10.0,41.0,56.0,97.0,22.0,0.2777777777777778,,,,sweezy,DL,North Carolina State,north carolina state,
David Molk,,SDG,7,226,2012,Michigan,2008,2011,12.0,,,,,,,,,,,,,,OL,Michigan,,,,,,,,,,,,,,,,,,,,,,,,david molk,OL,Michigan,michigan,
Rishard Matthews,,MIA,7,227,2012,Nevada,2010,2011,26.0,,,,,,,,,,,,,,WR,Nevada,,,,,,,,,,86.3,147.0,2243.0,15.3,13.0,,,,,,,,,,rishard matthews,WR,Nevada,nevada,324.0
Bryce Brown,,PHI,7,229,2012,Kansas State,2009,2011,14.0,,,,,,,,,,,,,,RB,Kansas StateTennessee,34.0,104.0,476.0,4.6,3.0,11.0,12.7,1.0,10.0,,,,,,,,,,,,,,,bryce brown,RB,Kansas State,kansas state,
Nathan Stupar,,RAI,7,230,2012,Penn State,2008,2011,52.0,,,,,,,,,,,,,,LB,Penn State,,,,,,,,,,,,,,,5.0,100.0,105.0,205.0,14.5,0.0961538461538461,,,,nathan stupar,LB,Penn State,penn state,
Toney Clemons,,PIT,7,231,2012,Colorado,2007,2011,43.0,,,,,,,,,,,,,,WR,ColoradoMichigan,,,,,,,,,,29.5,98.0,1268.0,12.9,11.0,,,,,,,,,,toney clemons,WR,Colorado,colorado,
Greg Scruggs,,SEA,7,232,2012,Louisville,2008,2011,42.0,,,,,,,,,,,,,,DL,Louisville,,,,,,,,,,,,,,,8.0,38.0,23.0,61.0,19.0,0.1904761904761904,,,,greg scruggs,DL,Louisville,louisville,
Drake Dunsmore,,TAM,7,233,2012,Northwestern,2007,2011,51.0,,,,,,,,,,,,,,TE,Northwestern,,,,,,,,,,30.7,143.0,1567.0,11.0,14.0,,,,,,,,,,drake dunsmore,TE,Northwestern,northwestern,
Jeremy Ebert,,NWE,7,235,2012,Northwestern,2008,2011,52.0,,,,,,,,,,,,,,WR,Northwestern,,,,,,,,,,46.2,173.0,2400.0,13.9,21.0,,,,,,,,,,jeremy ebert,WR,Northwestern,northwestern,
Deangelo Tyson,,RAV,7,236,2012,Georgia,2008,2011,50.0,,,,,,,,,,,,,,DL,Georgia,,,,,,,,,,,,,,,3.0,28.0,51.0,79.0,8.5,0.06,,,,deangelo tyson,DL,Georgia,georgia,
Cam Johnson,,SFO,7,237,2012,Virginia,2008,2011,42.0,,,,,,,,,,,,,,LB,Virginia,,,,,,,,,,,,,,,12.0,74.0,56.0,130.0,32.5,0.2857142857142857,,,,cam johnson,LB,Virginia,virginia,
Junior Hemingway,,KAN,7,238,2012,Michigan,2007,2011,47.0,,,,,,,,,,,,,,WR,Michigan,,,,,,,,,,34.9,88.0,1638.0,18.6,11.0,,,,,,,,,,junior hemingway,WR,Michigan,michigan,318.0
Markus Kuhn,,NYG,7,239,2012,North Carolina State,2007,2011,48.0,,,,,,,,,,,,,,DL,North Carolina State,,,,,,,,,,,,,,,8.0,61.0,54.0,115.0,18.5,0.1666666666666666,,,,markus kuhn,DL,North Carolina State,north carolina state,
David Paulson,,PIT,7,240,2012,Oregon,2009,2011,40.0,,,,,,,,,,,,,,TE,Oregon,,,,,,,,,,26.0,67.0,1041.0,15.5,10.0,,,,,,,,,,david paulson,TE,Oregon,oregon,217.0
Andrew Datko,,GNB,7,241,2012,Florida State,2009,2009,13.0,,,,,,,,,,,,,,OL,Florida State,,,,,,,,,,,,,,,,,,,,,,,,andrew datko,OL,Florida State,florida state,
Antonio Allen,,NYJ,7,242,2012,South Carolina,2008,2009,14.0,,,,,,,,,,,,,,LB,South Carolina,,,,,,,,,,,,,,,0.0,25.0,15.0,40.0,0.0,0.0,,,,antonio allen,LB,South Carolina,south carolina,
Antonio Allen,,NYJ,7,242,2012,South Carolina,2010,2011,24.0,,,,,,,,,,,,,,DB,South Carolina,,,,,,,,,,,,,,,,,,,,,4.0,2.0,0.0,antonio allen,DB,South Carolina,south carolina,
Jordan White,,NYJ,7,244,2012,Western Michigan,2007,2011,43.0,,,,,,,,,,,,,,WR,Western Michigan,,,,,,,,,,97.4,306.0,4187.0,13.7,32.0,,,,,,,,,,jordan white,WR,Western Michigan,western michigan,330.0
Trevin Wade,,CLE,7,245,2012,Arizona,2008,2011,50.0,,,,,,,,,,,,,,DB,Arizona,,,,,,,,,,,,,,,,,,,,,12.0,2.0,0.0,trevin wade,DB,Arizona,arizona,
Terrence Frederick,,PIT,7,246,2012,Texas A&M,2008,2011,50.0,,,,,,,,,,,,,,DB,Texas A&M,,,,,,,,,,,,,,,,,,,,,4.0,0.0,3.0,terrence frederick,DB,Texas A&M,texas a&m,
Brad Smelley,,CLE,7,247,2012,Alabama,2008,2011,46.0,,,,,,,,,,,,,,TE,Alabama,,,,,,,,,,12.2,54.0,559.0,10.4,4.0,,,,,,,,,,brad smelley,TE,Alabama,alabama,
Travian Robertson,,ATL,7,249,2012,South Carolina,2007,2011,56.0,,,,,,,,,,,,,,DL,South Carolina,,,,,,,,,,,,,,,6.0,71.0,52.0,123.0,21.0,0.1071428571428571,,,,travian robertson,DL,South Carolina,south carolina,
Edwin Baker,,SDG,7,250,2012,Michigan State,2009,2011,35.0,,,,,,,,,,,,,,RB,Michigan State,65.5,462.0,2293.0,5.0,19.0,15.0,8.3,1.0,3.6,,,,,,,,,,,,,,,edwin baker,RB,Michigan State,michigan state,
Chandler Harnish,145.1,CLT,7,253,2012,Northern Illinois,2008,2011,47.0,687.0,1110.0,423.0,61.9,8944.0,68.0,26.0,6.1,2.3,8.1,8.23,13.0,190.3,QB,Northern Illinois,,,,,,,,,,,,,,,,,,,,,,,,chandler harnish,QB,Northern Illinois,northern illinois,14.0
Luke Joeckel,,JAX,1,2,2013,Texas A&M,2011,2011,13.0,,,,,,,,,,,,,,OL,Texas A&M,,,,,,,,,,,,,,,,,,,,,,,,luke joeckel,OL,Texas A&M,texas a&m,
Dion Jordan,,MIA,1,3,2013,Oregon,2009,2009,6.0,,,,,,,,,,,,,,WR,Oregon,,,,,,,,,,0.0,0.0,0.0,,0.0,,,,,,,,,,dion jordan,WR,Oregon,oregon,
Dion Jordan,,MIA,1,3,2013,Oregon,2010,2012,39.0,,,,,,,,,,,,,,DL,Oregon,,,,,,,,,,,,,,,14.0,72.0,47.0,119.0,29.0,0.358974358974359,,,,dion jordan,DL,Oregon,oregon,
Lane Johnson,,PHI,1,4,2013,Oklahoma,2011,2011,13.0,,,,,,,,,,,,,,OL,Oklahoma,,,,,,,,,,,,,,,,,,,,,,,,lane johnson,OL,Oklahoma,oklahoma,
Ezekiel Ansah,,DET,1,5,2013,BYU,2010,2012,31.0,,,,,,,,,,,,,,DL,BYU,,,,,,,,,,,,,,,4.0,39.0,33.0,72.0,13.0,0.1290322580645161,,,,ezekiel ansah,DL,BYU,byu,
Barkevious Mingo,,CLE,1,6,2013,LSU,2010,2012,40.0,,,,,,,,,,,,,,DL,LSU,,,,,,,,,,,,,,,15.0,60.0,59.0,119.0,29.0,0.375,,,,barkevious mingo,DL,LSU,lsu,
Jonathan Cooper,,CRD,1,7,2013,North Carolina,2010,2011,26.0,,,,,,,,,,,,,,OL,North Carolina,,,,,,,,,,,,,,,,,,,,,,,,jonathan cooper,OL,North Carolina,north carolina,
Tavon Austin,,RAM,1,8,2013,West Virginia,2009,2011,39.0,,,,,,,,,,,,,,RB,West Virginia,10.0,38.0,390.0,10.3,3.0,174.0,12.2,17.0,54.5,,,,,,,,,,,,,,,tavon austin,RB,West Virginia,west virginia,
Tavon Austin,,RAM,1,8,2013,West Virginia,2012,2012,13.0,,,,,,,,,,,,,,WR,West Virginia,,,,,,,,,,99.2,114.0,1289.0,11.3,12.0,,,,,,,,,,tavon austin,WR,West Virginia,west virginia,334.0
Dee Milliner,,NYJ,1,9,2013,Alabama,2010,2012,39.0,,,,,,,,,,,,,,DB,Alabama,,,,,,,,,,,,,,,,,,,,,6.0,1.0,17.0,dee milliner,DB,Alabama,alabama,
Chance Warmack,,OTI,1,10,2013,Alabama,2012,2012,14.0,,,,,,,,,,,,,,OL,Alabama,,,,,,,,,,,,,,,,,,,,,,,,chance warmack,OL,Alabama,alabama,
D.J. Fluker,,SDG,1,11,2013,Alabama,2011,2011,13.0,,,,,,,,,,,,,,OL,Alabama,,,,,,,,,,,,,,,,,,,,,,,,d j fluker,OL,Alabama,alabama,
D.J. Hayden,,RAI,1,12,2013,Houston,2011,2012,22.0,,,,,,,,,,,,,,DB,Houston,,,,,,,,,,,,,,,,,,,,,6.0,3.0,11.0,d j hayden,DB,Houston,houston,
Sheldon Richardson,,NYJ,1,13,2013,Missouri,2011,2012,24.0,,,,,,,,,,,,,,DL,Missouri,,,,,,,,,,,,,,,6.0,54.0,58.0,112.0,18.5,0.25,,,,sheldon richardson,DL,Missouri,missouri,
Star Lotulelei,,CAR,1,14,2013,Utah,2010,2012,38.0,,,,,,,,,,,,,,DL,Utah,,,,,,,,,,,,,,,7.0,48.0,59.0,107.0,21.5,0.1842105263157894,,,,star lotulelei,DL,Utah,utah,
Kenny Vaccaro,,NOR,1,15,2013,Texas,2009,2012,50.0,,,,,,,,,,,,,,DB,Texas,,,,,,,,,,,,,,,,,,,,,5.0,0.0,0.0,kenny vaccaro,DB,Texas,texas,
E.J. Manuel,150.4,BUF,1,16,2013,Florida State,2009,2012,43.0,600.0,897.0,297.0,66.9,7741.0,47.0,28.0,5.2,3.1,8.6,8.27,12.9,180.0,QB,Florida State,,,,,,,,,,,,,,,,,,,,,,,,e j manuel,QB,Florida State,florida state,
Jarvis Jones,,PIT,1,17,2013,Georgia,2009,2012,34.0,,,,,,,,,,,,,,LB,GeorgiaUSC,,,,,,,,,,,,,,,28.0,96.0,72.0,168.0,45.5,0.8235294117647058,,,,jarvis jones,LB,Georgia,georgia,
Eric Reid,,SFO,1,18,2013,LSU,2010,2012,39.0,,,,,,,,,,,,,,DB,LSU,,,,,,,,,,,,,,,,,,,,,6.0,0.0,4.0,eric reid,DB,LSU,lsu,
Justin Pugh,,NYG,1,19,2013,Syracuse,2011,2012,21.0,,,,,,,,,,,,,,OL,Syracuse,,,,,,,,,,,,,,,,,,,,,,,,justin pugh,OL,Syracuse,syracuse,
Tyler Eifert,,CIN,1,21,2013,Notre Dame,2010,2012,37.0,,,,,,,,,,,,,,TE,Notre Dame,,,,,,,,,,49.7,140.0,1840.0,13.1,11.0,,,,,,,,,,tyler eifert,TE,Notre Dame,notre dame,219.0
Desmond Trufant,,ATL,1,22,2013,Washington,2009,2012,50.0,,,,,,,,,,,,,,DB,Washington,,,,,,,,,,,,,,,,,,,,,6.0,0.0,0.0,desmond trufant,DB,Washington,washington,
Shariff Floyd,,MIN,1,23,2013,Florida,2011,2012,24.0,,,,,,,,,,,,,,DL,Florida,,,,,,,,,,,,,,,4.0,48.0,44.0,92.0,19.5,0.1666666666666666,,,,shariff floyd,DL,Florida,florida,
Bjoern Werner,,CLT,1,24,2013,Florida State,2010,2012,41.0,,,,,,,,,,,,,,DL,Florida State,,,,,,,,,,,,,,,23.0,63.0,36.0,99.0,35.0,0.5609756097560976,,,,bjoern werner,DL,Florida State,florida state,
Xavier Rhodes,,MIN,1,25,2013,Florida State,2010,2012,41.0,,,,,,,,,,,,,,DB,Florida State,,,,,,,,,,,,,,,,,,,,,8.0,0.0,0.0,xavier rhodes,DB,Florida State,florida state,
Datone Jones,,GNB,1,26,2013,UCLA,2008,2012,51.0,,,,,,,,,,,,,,DL,UCLA,,,,,,,,,,,,,,,12.0,90.0,58.0,148.0,36.5,0.2352941176470588,,,,datone jones,DL,UCLA,ucla,
Deandre Hopkins,,HTX,1,27,2013,Clemson,2010,2012,39.0,,,,,,,,,,,,,,WR,Clemson,,,,,,,,,,77.4,206.0,3020.0,14.7,27.0,,,,,,,,,,deandre hopkins,WR,Clemson,clemson,340.0
Sylvester Williams,,DEN,1,28,2013,North Carolina,2011,2012,25.0,,,,,,,,,,,,,,DL,North Carolina,,,,,,,,,,,,,,,8.0,44.0,52.0,96.0,20.5,0.32,,,,sylvester williams,DL,North Carolina,north carolina,
Cordarrelle Patterson,,MIN,1,29,2013,Tennessee,2012,2012,12.0,,,,,,,,,,,,,,WR,Tennessee,,,,,,,,,,64.8,46.0,778.0,16.9,5.0,,,,,,,,,,cordarrelle patterson,WR,Tennessee,tennessee,344.0
Alec Ogletree,,RAM,1,30,2013,Georgia,2011,2012,18.0,,,,,,,,,,,,,,LB,Georgia,,,,,,,,,,,,,,,6.0,104.0,59.0,163.0,19.0,0.3333333333333333,,,,alec ogletree,LB,Georgia,georgia,
Alec Ogletree,,RAM,1,30,2013,Georgia,2010,2010,12.0,,,,,,,,,,,,,,DB,Georgia,,,,,,,,,,,,,,,,,,,,,0.0,0.0,1.0,alec ogletree,DB,Georgia,georgia,
Travis Frederick,,DAL,1,31,2013,Wisconsin,2011,2012,27.0,,,,,,,,,,,,,,OL,Wisconsin,,,,,,,,,,,,,,,,,,,,,,,,travis frederick,OL,Wisconsin,wisconsin,
Matt Elam,,RAV,1,32,2013,Florida,2010,2012,39.0,,,,,,,,,,,,,,DB,Florida,,,,,,,,,,,,,,,,,,,,,6.0,0.0,0.0,matt elam,DB,Florida,florida,
Jonathan Cyprien,,JAX,2,33,2013,Florida International,2009,2012,50.0,,,,,,,,,,,,,,DB,Florida International,,,,,,,,,,,,,,,,,,,,,7.0,1.0,0.0,jonathan cyprien,DB,Florida International,florida international,
Justin Hunter,,OTI,2,34,2013,Tennessee,2010,2012,28.0,,,,,,,,,,,,,,WR,Tennessee,,,,,,,,,,64.7,106.0,1812.0,17.1,18.0,,,,,,,,,,justin hunter,WR,Tennessee,tennessee,341.0
Zach Ertz,,PHI,2,35,2013,Stanford,2010,2012,37.0,,,,,,,,,,,,,,TE,Stanford,,,,,,,,,,38.8,112.0,1434.0,12.8,15.0,,,,,,,,,,zach ertz,TE,Stanford,stanford,220.0
Darius Slay,,DET,2,36,2013,Mississippi State,2011,2012,26.0,,,,,,,,,,,,,,DB,Mississippi State,,,,,,,,,,,,,,,,,,,,,6.0,2.0,0.0,darius slay,DB,Mississippi State,mississippi state,
Giovani Bernard,,CIN,2,37,2013,North Carolina,2011,2012,23.0,,,,,,,,,,,,,,RB,North Carolina,107.9,423.0,2481.0,5.9,25.0,92.0,9.3,6.0,37.0,,,,,,,,,,,,,,,giovani bernard,RB,North Carolina,north carolina,103.0
Manti Te'o,,SDG,2,38,2013,Notre Dame,2009,2012,51.0,,,,,,,,,,,,,,LB,Notre Dame,,,,,,,,,,,,,,,8.0,212.0,225.0,437.0,34.0,0.1568627450980392,,,,manti te o,LB,Notre Dame,notre dame,
Geno Smith,153.5,NYJ,2,39,2013,West Virginia,2009,2012,44.0,988.0,1465.0,477.0,67.4,11662.0,98.0,21.0,6.7,1.4,8.0,8.65,11.8,265.0,QB,West Virginia,,,,,,,,,,,,,,,,,,,,,,,,geno smith,QB,West Virginia,west virginia,21.0
Cornellius Carradine,,SFO,2,40,2013,Florida State,2011,2012,25.0,,,,,,,,,,,,,,DL,Florida State,,,,,,,,,,,,,,,16.0,71.0,47.0,118.0,21.0,0.64,,,,cornellius carradine,DL,Florida State,florida state,
Robert Woods,,BUF,2,41,2013,USC,2010,2012,38.0,,,,,,,,,,,,,,WR,USC,,,,,,,,,,77.1,252.0,2930.0,11.6,32.0,,,,,,,,,,robert woods,WR,USC,usc,
Johnthan Banks,,TAM,2,43,2013,Mississippi State,2009,2012,51.0,,,,,,,,,,,,,,DB,Mississippi State,,,,,,,,,,,,,,,,,,,,,16.0,3.0,0.0,johnthan banks,DB,Mississippi State,mississippi state,
Kawann Short,,CAR,2,44,2013,Purdue,2009,2012,50.0,,,,,,,,,,,,,,DL,Purdue,,,,,,,,,,,,,,,19.0,124.0,62.0,186.0,49.0,0.38,,,,kawann short,DL,Purdue,purdue,
Kevin Minter,,CRD,2,45,2013,LSU,2010,2012,37.0,,,,,,,,,,,,,,LB,LSU,,,,,,,,,,,,,,,5.0,81.0,125.0,206.0,18.5,0.1351351351351351,,,,kevin minter,LB,LSU,lsu,
Kiko Alonso,,BUF,2,46,2013,Oregon,2009,2012,37.0,,,,,,,,,,,,,,LB,Oregon,,,,,,,,,,,,,,,3.0,99.0,45.0,144.0,21.0,0.081081081081081,,,,kiko alonso,LB,Oregon,oregon,
Gavin Escobar,,DAL,2,47,2013,San Diego State,2010,2012,39.0,,,,,,,,,,,,,,TE,San Diego State,,,,,,,,,,42.2,122.0,1646.0,13.5,17.0,,,,,,,,,,gavin escobar,TE,San Diego State,san diego state,
Le'Veon Bell,,PIT,2,48,2013,Michigan State,2010,2012,40.0,,,,,,,,,,,,,,RB,Michigan State,83.7,671.0,3346.0,5.0,33.0,78.0,6.8,1.0,13.3,,,,,,,,,,,,,,,le veon bell,RB,Michigan State,michigan state,
Johnathan Hankins,,NYG,2,49,2013,Ohio State,2010,2012,38.0,,,,,,,,,,,,,,DL,Ohio State,,,,,,,,,,,,,,,5.0,58.0,80.0,138.0,16.5,0.131578947368421,,,,johnathan hankins,DL,Ohio State,ohio state,
Jonathan Bostic,,CHI,2,50,2013,Florida,2010,2012,39.0,,,,,,,,,,,,,,LB,Florida,,,,,,,,,,,,,,,7.0,141.0,78.0,219.0,19.0,0.1794871794871795,,,,jonathan bostic,LB,Florida,florida,
David Amerson,,WAS,2,51,2013,North Carolina State,2010,2012,39.0,,,,,,,,,,,,,,DB,North Carolina State,,,,,,,,,,,,,,,,,,,,,18.0,3.0,0.0,david amerson,DB,North Carolina State,north carolina state,
Jamie Collins,,NWE,2,52,2013,Southern Mississippi,2011,2012,26.0,,,,,,,,,,,,,,DL,Southern Mississippi,,,,,,,,,,,,,,,16.0,124.0,66.0,190.0,39.5,0.6153846153846154,,,,jamie collins,DL,Southern Mississippi,southern mississippi,
Jamie Collins,,NWE,2,52,2013,Southern Mississippi,2009,2010,26.0,,,,,,,,,,,,,,DB,Southern Mississippi,,,,,,,,,,,,,,,,,,,,,2.0,1.0,2.0,jamie collins,DB,Southern Mississippi,southern mississippi,
Margus Hunt,,CIN,2,53,2013,SMU,2009,2012,53.0,,,,,,,,,,,,,,DL,SMU,,,,,,,,,,,,,,,16.0,60.0,52.0,112.0,28.0,0.3018867924528302,,,,margus hunt,DL,SMU,smu,
Jamar Taylor,,MIA,2,54,2013,Boise State,2008,2012,49.0,,,,,,,,,,,,,,DB,Boise State,,,,,,,,,,,,,,,,,,,,,7.0,1.0,2.0,jamar taylor,DB,Boise State,boise state,
Vance McDonald,,SFO,2,55,2013,Rice,2009,2012,42.0,,,,,,,,,,,,,,TE,Rice,,,,,,,,,,35.8,119.0,1504.0,12.6,15.0,,,,,,,,,,vance mcdonald,TE,Rice,rice,225.0
Arthur Brown,,RAV,2,56,2013,Kansas State,2008,2012,50.0,,,,,,,,,,,,,,LB,Kansas StateMiami (FL),,,,,,,,,,,,,,,3.0,132.0,86.0,218.0,17.0,0.06,,,,arthur brown,LB,Kansas State,kansas state,
D.J. Swearinger,,HTX,2,57,2013,South Carolina,2009,2012,52.0,,,,,,,,,,,,,,DB,South Carolina,,,,,,,,,,,,,,,,,,,,,6.0,2.0,1.0,d j swearinger,DB,South Carolina,south carolina,
Montee Ball,,DEN,2,58,2013,Wisconsin,2009,2012,49.0,,,,,,,,,,,,,,RB,Wisconsin,104.9,924.0,5140.0,5.6,77.0,59.0,10.1,6.0,12.2,,,,,,,,,,,,,,,montee ball,RB,Wisconsin,wisconsin,101.0
Aaron Dobson,,NWE,2,59,2013,Marshall,2009,2012,47.0,,,,,,,,,,,,,,WR,Marshall,,,,,,,,,,51.0,165.0,2398.0,14.5,24.0,,,,,,,,,,aaron dobson,WR,Marshall,marshall,336.0
Eddie Lacy,,GNB,2,61,2013,Alabama,2010,2012,38.0,,,,,,,,,,,,,,RB,Alabama,63.2,355.0,2402.0,6.8,30.0,35.0,9.7,2.0,8.9,,,,,,,,,,,,,,,eddie lacy,RB,Alabama,alabama,111.0
Christine Michael,,SEA,2,62,2013,Texas A&M,2009,2012,40.0,,,,,,,,,,,,,,RB,Texas A&M,69.8,529.0,2791.0,5.3,34.0,44.0,7.3,1.0,8.1,,,,,,,,,,,,,,,christine michael,RB,Texas A&M,texas a&m,
Travis Kelce,,KAN,3,63,2013,Cincinnati,2009,2012,35.0,,,,,,,,,,,,,,TE,Cincinnati,,,,,,,,,,25.0,59.0,875.0,14.8,10.0,,,,,,,,,,travis kelce,TE,Cincinnati,cincinnati,224.0
Dwayne Gratz,,JAX,3,64,2013,Connecticut,2009,2012,50.0,,,,,,,,,,,,,,DB,Connecticut,,,,,,,,,,,,,,,,,,,,,8.0,2.0,16.0,dwayne gratz,DB,Connecticut,connecticut,
Larry Warford,,DET,3,65,2013,Kentucky,2011,2011,12.0,,,,,,,,,,,,,,OL,Kentucky,,,,,,,,,,,,,,,,,,,,,,,,larry warford,OL,Kentucky,kentucky,
Sio Moore,,RAI,3,66,2013,Connecticut,2009,2012,41.0,,,,,,,,,,,,,,LB,Connecticut,,,,,,,,,,,,,,,16.0,174.0,100.0,274.0,44.0,0.3902439024390244,,,,sio moore,LB,Connecticut,connecticut,
Bennie Logan,,PHI,3,67,2013,LSU,2010,2012,30.0,,,,,,,,,,,,,,DL,LSU,,,,,,,,,,,,,,,5.0,38.0,69.0,107.0,12.5,0.1666666666666666,,,,bennie logan,DL,LSU,lsu,
Leon McFadden,,CLE,3,68,2013,San Diego State,2009,2012,51.0,,,,,,,,,,,,,,DB,San Diego State,,,,,,,,,,,,,,,,,,,,,8.0,2.0,23.0,leon mcfadden,DB,San Diego State,san diego state,
Tyrann Mathieu,,CRD,3,69,2013,LSU,2010,2011,26.0,,,,,,,,,,,,,,DB,LSU,,,,,,,,,,,,,,,,,,,,,4.0,0.0,16.0,tyrann mathieu,DB,LSU,lsu,
Blidi Wreh-Wilson,,OTI,3,70,2013,Connecticut,2009,2012,45.0,,,,,,,,,,,,,,DB,Connecticut,,,,,,,,,,,,,,,,,,,,,8.0,2.0,10.0,blidi wreh wilson,DB,Connecticut,connecticut,
T.J. McDonald,,RAM,3,71,2013,USC,2009,2012,50.0,,,,,,,,,,,,,,DB,USC,,,,,,,,,,,,,,,,,,,,,8.0,0.0,0.0,t j mcdonald,DB,USC,usc,
Mike Glennon,132.3,TAM,3,73,2013,North Carolina State,2009,2012,36.0,646.0,1069.0,423.0,60.4,7411.0,63.0,31.0,5.9,2.9,6.9,6.81,11.5,205.9,QB,North Carolina State,,,,,,,,,,,,,,,,,,,,,,,,mike glennon,QB,North Carolina State,north carolina state,
Terrance Williams,,DAL,3,74,2013,Baylor,2009,2012,51.0,,,,,,,,,,,,,,WR,Baylor,,,,,,,,,,65.4,202.0,3334.0,16.5,27.0,,,,,,,,,,terrance williams,WR,Baylor,baylor,349.0
Keenan Allen,,SDG,3,76,2013,California,2010,2012,33.0,,,,,,,,,,,,,,WR,California,,,,,,,,,,77.9,205.0,2570.0,12.5,17.0,,,,,,,,,,keenan allen,WR,California,california,333.0
Marquise Goodwin,,BUF,3,78,2013,Texas,2009,2012,50.0,,,,,,,,,,,,,,WR,Texas,,,,,,,,,,27.3,120.0,1364.0,11.4,7.0,,,,,,,,,,marquise goodwin,WR,Texas,texas,338.0
Markus Wheaton,,PIT,3,79,2013,Oregon State,2009,2012,49.0,,,,,,,,,,,,,,WR,Oregon State,,,,,,,,,,61.1,227.0,2994.0,13.2,16.0,,,,,,,,,,markus wheaton,WR,Oregon State,oregon state,
Damontre Moore,,NYG,3,81,2013,Texas A&M,2010,2012,38.0,,,,,,,,,,,,,,DL,Texas A&M,,,,,,,,,,,,,,,26.0,116.0,81.0,197.0,45.0,0.6842105263157895,,,,damontre moore,DL,Texas A&M,texas a&m,
John Jenkins,,NOR,3,82,2013,Georgia,2011,2012,27.0,,,,,,,,,,,,,,DL,Georgia,,,,,,,,,,,,,,,4.0,36.0,42.0,78.0,8.0,0.1481481481481481,,,,john jenkins,DL,Georgia,georgia,
Logan Ryan,,NWE,3,83,2013,Rutgers,2010,2012,37.0,,,,,,,,,,,,,,DB,Rutgers,,,,,,,,,,,,,,,,,,,,,7.0,1.0,1.0,logan ryan,DB,Rutgers,rutgers,
Shawn Williams,,CIN,3,84,2013,Georgia,2009,2012,54.0,,,,,,,,,,,,,,DB,Georgia,,,,,,,,,,,,,,,,,,,,,4.0,0.0,1.0,shawn williams,DB,Georgia,georgia,
Jordan Reed,,WAS,3,85,2013,Florida,2010,2012,36.0,,,,,,,,,,,,,,TE,Florida,,,,,,,,,,26.3,79.0,945.0,12.0,6.0,,,,,,,,,,jordan reed,TE,Florida,florida,226.0
Hugh Thornton,,CLT,3,86,2013,Illinois,2010,2012,24.0,,,,,,,,,,,,,,OL,Illinois,,,,,,,,,,,,,,,,,,,,,,,,hugh thornton,OL,Illinois,illinois,
Jordan Hill,,SEA,3,87,2013,Penn State,2011,2012,25.0,,,,,,,,,,,,,,DL,Penn State,,,,,,,,,,,,,,,8.0,51.0,72.0,123.0,16.5,0.32,,,,jordan hill,DL,Penn State,penn state,
Corey Lemonier,,SFO,3,88,2013,Auburn,2010,2012,39.0,,,,,,,,,,,,,,DL,Auburn,,,,,,,,,,,,,,,17.0,57.0,41.0,98.0,24.0,0.4358974358974359,,,,corey lemonier,DL,Auburn,auburn,
Brennan Williams,,HTX,3,89,2013,North Carolina,2010,2011,22.0,,,,,,,,,,,,,,OL,North Carolina,,,,,,,,,,,,,,,,,,,,,,,,brennan williams,OL,North Carolina,north carolina,
Kayvon Webster,,DEN,3,90,2013,South Florida,2009,2012,47.0,,,,,,,,,,,,,,DB,South Florida,,,,,,,,,,,,,,,,,,,,,3.0,0.0,0.0,kayvon webster,DB,South Florida,south florida,
Duron Harmon,,NWE,3,91,2013,Rutgers,2009,2012,50.0,,,,,,,,,,,,,,DB,Rutgers,,,,,,,,,,,,,,,,,,,,,6.0,1.0,0.0,duron harmon,DB,Rutgers,rutgers,
Stedman Bailey,,RAM,3,92,2013,West Virginia,2010,2012,39.0,,,,,,,,,,,,,,WR,West Virginia,,,,,,,,,,82.5,210.0,3218.0,15.3,41.0,,,,,,,,,,stedman bailey,WR,West Virginia,west virginia,335.0
Will Davis,,MIA,3,93,2013,Utah State,2011,2012,26.0,,,,,,,,,,,,,,DB,Utah State,,,,,,,,,,,,,,,,,,,,,5.0,1.0,6.0,will davis,DB,Utah State,utah state,
Sam Montgomery,,HTX,3,95,2013,LSU,2010,2012,31.0,,,,,,,,,,,,,,DL,LSU,,,,,,,,,,,,,,,19.0,47.0,57.0,104.0,32.5,0.6129032258064516,,,,sam montgomery,DL,LSU,lsu,
Knile Davis,,KAN,3,96,2013,Arkansas,2009,2012,36.0,,,,,,,,,,,,,,RB,Arkansas,51.7,349.0,1862.0,5.3,19.0,32.0,9.3,2.0,8.3,,,,,,,,,,,,,,,knile davis,RB,Arkansas,arkansas,105.0
Zaviar Gooden,,OTI,3,97,2013,Missouri,2009,2012,49.0,,,,,,,,,,,,,,LB,Missouri,,,,,,,,,,,,,,,4.0,161.0,95.0,256.0,20.5,0.0816326530612244,,,,zaviar gooden,LB,Missouri,missouri,
Matt Barkley,148.7,PHI,4,98,2013,USC,2009,2012,47.0,1001.0,1562.0,561.0,64.1,12327.0,116.0,48.0,7.4,3.1,7.9,7.99,12.3,262.3,QB,USC,,,,,,,,,,,,,,,,,,,,,,,,matt barkley,QB,USC,usc,
Nico Johnson,,KAN,4,99,2013,Alabama,2009,2012,52.0,,,,,,,,,,,,,,LB,Alabama,,,,,,,,,,,,,,,2.0,87.0,76.0,163.0,16.5,0.0384615384615384,,,,nico johnson,LB,Alabama,alabama,
Akeem Spence,,TAM,4,100,2013,Illinois,2010,2012,38.0,,,,,,,,,,,,,,DL,Illinois,,,,,,,,,,,,,,,3.0,65.0,121.0,186.0,16.5,0.0789473684210526,,,,akeem spence,DL,Illinois,illinois,
Ace Sanders,,JAX,4,101,2013,South Carolina,2010,2012,40.0,,,,,,,,,,,,,,WR,South Carolina,,,,,,,,,,30.8,99.0,1230.0,12.4,13.0,,,,,,,,,,ace sanders,WR,South Carolina,south carolina,347.0
Josh Boyce,,NWE,4,102,2013,Texas Christian,2010,2012,39.0,,,,,,,,,,,,,,WR,Texas Christian,,,,,,,,,,65.0,161.0,2535.0,15.7,22.0,,,,,,,,,,josh boyce,WR,Texas Christian,texas christian,
Alex Okafor,,CRD,4,103,2013,Texas,2009,2012,52.0,,,,,,,,,,,,,,DL,Texas,,,,,,,,,,,,,,,23.0,88.0,62.0,150.0,34.0,0.4423076923076923,,,,alex okafor,DL,Texas,texas,
Jelani Jenkins,,MIA,4,104,2013,Florida,2009,2012,36.0,,,,,,,,,,,,,,LB,Florida,,,,,,,,,,,,,,,6.0,109.0,73.0,182.0,16.5,0.1666666666666666,,,,jelani jenkins,LB,Florida,florida,
Duke Williams,,BUF,4,105,2013,Nevada,2009,2012,50.0,,,,,,,,,,,,,,DB,Nevada,,,,,,,,,,,,,,,,,,,,,4.0,0.0,10.0,duke williams,DB,Nevada,nevada,
Dion Sims,,MIA,4,106,2013,Michigan State,2009,2012,39.0,,,,,,,,,,,,,,TE,Michigan State,,,,,,,,,,18.1,59.0,707.0,12.0,8.0,,,,,,,,,,dion sims,TE,Michigan State,michigan state,
Brian Schwenke,,OTI,4,107,2013,California,2011,2012,24.0,,,,,,,,,,,,,,OL,California,,,,,,,,,,,,,,,,,,,,,,,,brian schwenke,OL,California,california,
David Bakhtiari,,GNB,4,109,2013,Colorado,2010,2010,12.0,,,,,,,,,,,,,,OL,Colorado,,,,,,,,,,,,,,,,,,,,,,,,david bakhtiari,OL,Colorado,colorado,
Ryan Nassib,132.5,NYG,4,110,2013,Syracuse,2009,2012,47.0,791.0,1312.0,521.0,60.3,9190.0,70.0,28.0,5.3,2.1,7.0,7.11,11.6,195.5,QB,Syracuse,,,,,,,,,,,,,,,,,,,,,,,,ryan nassib,QB,Syracuse,syracuse,19.0
Shamarko Thomas,,PIT,4,111,2013,Syracuse,2009,2012,48.0,,,,,,,,,,,,,,DB,Syracuse,,,,,,,,,,,,,,,,,,,,,2.0,0.0,5.0,shamarko thomas,DB,Syracuse,syracuse,
Tyler Wilson,144.0,RAI,4,112,2013,Arkansas,2008,2012,37.0,593.0,948.0,355.0,62.6,7765.0,52.0,26.0,5.5,2.7,8.2,8.05,13.1,209.9,QB,Arkansas,,,,,,,,,,,,,,,,,,,,,,,,tyler wilson,QB,Arkansas,arkansas,23.0
Barrett Jones,,RAM,4,113,2013,Alabama,2011,2011,,,,,,,,,,,,,,,OL,Alabama,,,,,,,,,,,,,,,,,,,,,,,,barrett jones,OL,Alabama,alabama,
Landry Jones,141.5,PIT,4,115,2013,Oklahoma,2009,2012,53.0,1388.0,2183.0,795.0,63.6,16646.0,123.0,52.0,5.6,2.4,7.6,7.68,12.0,314.1,QB,Oklahoma,,,,,,,,,,,,,,,,,,,,,,,,landry jones,QB,Oklahoma,oklahoma,18.0
Khaseem Greene,,CHI,4,117,2013,Rutgers,2012,2012,13.0,,,,,,,,,,,,,,LB,Rutgers,,,,,,,,,,,,,,,6.0,70.0,66.0,136.0,12.0,0.4615384615384615,,,,khaseem greene,LB,Rutgers,rutgers,
Khaseem Greene,,CHI,4,117,2013,Rutgers,2009,2011,38.0,,,,,,,,,,,,,,DB,Rutgers,,,,,,,,,,,,,,,,,,,,,5.0,0.0,1.0,khaseem greene,DB,Rutgers,rutgers,
Sean Porter,,CIN,4,118,2013,Texas A&M,2009,2012,52.0,,,,,,,,,,,,,,LB,Texas A&M,,,,,,,,,,,,,,,14.0,148.0,113.0,261.0,34.5,0.2692307692307692,,,,sean porter,LB,Texas A&M,texas a&m,
Phillip Thomas,,WAS,4,119,2013,Fresno State,2009,2012,38.0,,,,,,,,,,,,,,DB,Fresno State,,,,,,,,,,,,,,,,,,,,,13.0,4.0,0.0,phillip thomas,DB,Fresno State,fresno state,
Gerald Hodges,,MIN,4,120,2013,Penn State,2009,2012,41.0,,,,,,,,,,,,,,DB,Penn State,,,,,,,,,,,,,,,,,,,,,3.0,0.0,2.0,gerald hodges,DB,Penn State,penn state,
Chris Harper,,SEA,4,123,2013,Kansas State,2010,2012,39.0,,,,,,,,,,,,,,WR,Kansas State,,,,,,,,,,44.5,123.0,1734.0,14.1,12.0,,,,,,,,,,chris harper,WR,Kansas State,kansas state,
Trevardo Williams,,HTX,4,124,2013,Connecticut,2009,2012,50.0,,,,,,,,,,,,,,DL,Connecticut,,,,,,,,,,,,,,,30.0,85.0,48.0,133.0,40.5,0.6,,,,trevardo williams,DL,Connecticut,connecticut,
Johnathan Franklin,,GNB,4,125,2013,UCLA,2009,2012,53.0,,,,,,,,,,,,,,RB,UCLA,83.1,788.0,4403.0,5.6,31.0,58.0,8.9,3.0,9.8,,,,,,,,,,,,,,,johnathan franklin,RB,UCLA,ucla,107.0
William Gholston,,TAM,4,126,2013,Michigan State,2010,2012,36.0,,,,,,,,,,,,,,DL,Michigan State,,,,,,,,,,,,,,,10.0,62.0,80.0,142.0,30.0,0.2777777777777778,,,,william gholston,DL,Michigan State,michigan state,
Malliciah Goodman,,ATL,4,127,2013,Clemson,2009,2012,54.0,,,,,,,,,,,,,,DL,Clemson,,,,,,,,,,,,,,,12.0,70.0,57.0,127.0,23.0,0.2222222222222222,,,,malliciah goodman,DL,Clemson,clemson,
Quinton Patton,,SFO,4,128,2013,Louisiana Tech,2011,2012,25.0,,,,,,,,,,,,,,WR,Louisiana Tech,,,,,,,,,,103.8,183.0,2594.0,14.2,24.0,,,,,,,,,,quinton patton,WR,Louisiana Tech,louisiana tech,345.0
John Simon,,RAV,4,129,2013,Ohio State,2009,2012,50.0,,,,,,,,,,,,,,DL,Ohio State,,,,,,,,,,,,,,,20.0,81.0,73.0,154.0,42.0,0.4,,,,john simon,DL,Ohio State,ohio state,
Marcus Lattimore,,SFO,4,131,2013,South Carolina,2010,2012,29.0,,,,,,,,,,,,,,RB,South Carolina,92.3,555.0,2677.0,4.8,38.0,74.0,10.4,3.0,26.4,,,,,,,,,,,,,,,marcus lattimore,RB,South Carolina,south carolina,112.0
Devin Taylor,,DET,4,132,2013,South Carolina,2009,2012,52.0,,,,,,,,,,,,,,DL,South Carolina,,,,,,,,,,,,,,,18.0,107.0,54.0,161.0,35.5,0.3461538461538461,,,,devin taylor,DL,South Carolina,south carolina,
Levine Toilolo,,ATL,4,133,2013,Stanford,2011,2012,27.0,,,,,,,,,,,,,,TE,Stanford,,,,,,,,,,27.3,49.0,736.0,15.0,10.0,,,,,,,,,,levine toilolo,TE,Stanford,stanford,228.0
Levine Toilolo,,ATL,4,133,2013,Stanford,2010,2010,3.0,,,,,,,,,,,,,,LB,Stanford,,,,,,,,,,,,,,,0.0,0.0,0.0,0.0,0.0,0.0,,,,levine toilolo,LB,Stanford,stanford,
Sanders Commings,,KAN,5,134,2013,Georgia,2009,2012,51.0,,,,,,,,,,,,,,DB,Georgia,,,,,,,,,,,,,,,,,,,,,8.0,0.0,0.0,sanders commings,DB,Georgia,georgia,
Denard Robinson,138.6,JAX,5,135,2013,Michigan,2009,2012,49.0,427.0,747.0,320.0,57.2,6250.0,49.0,39.0,6.6,5.2,8.4,7.33,14.6,127.6,QB,Michigan,,,,,,,,,,,,,,,,,,,,,,,,denard robinson,QB,Michigan,michigan,
Earl Wolff,,PHI,5,136,2013,North Carolina State,2009,2012,51.0,,,,,,,,,,,,,,DB,North Carolina State,,,,,,,,,,,,,,,,,,,,,6.0,0.0,2.0,earl wolff,DB,North Carolina State,north carolina state,
Jesse Williams,,SEA,5,137,2013,Alabama,2011,2012,26.0,,,,,,,,,,,,,,DL,Alabama,,,,,,,,,,,,,,,1.0,17.0,44.0,61.0,6.5,0.0384615384615384,,,,jesse williams,DL,Alabama,alabama,
Tharold Simon,,SEA,5,138,2013,LSU,2010,2012,34.0,,,,,,,,,,,,,,DB,LSU,,,,,,,,,,,,,,,,,,,,,7.0,0.0,13.0,tharold simon,DB,LSU,lsu,
Stepfan Taylor,,CRD,5,140,2013,Stanford,2009,2012,53.0,,,,,,,,,,,,,,RB,Stanford,81.1,843.0,4300.0,5.1,40.0,97.0,8.0,5.0,14.7,,,,,,,,,,,,,,,stepfan taylor,RB,Stanford,stanford,115.0
Oday Aboushi,,NYJ,5,141,2013,Virginia,2011,2012,25.0,,,,,,,,,,,,,,OL,Virginia,,,,,,,,,,,,,,,,,,,,,,,,oday aboushi,OL,Virginia,virginia,
Lavar Edwards,,OTI,5,142,2013,LSU,2009,2012,52.0,,,,,,,,,,,,,,DL,LSU,,,,,,,,,,,,,,,10.0,41.0,55.0,96.0,20.0,0.1923076923076923,,,,lavar edwards,DL,LSU,lsu,
Jonathan Meeks,,BUF,5,143,2013,Clemson,2009,2012,50.0,,,,,,,,,,,,,,DB,Clemson,,,,,,,,,,,,,,,,,,,,,7.0,1.0,6.0,jonathan meeks,DB,Clemson,clemson,
Kenny Stills,,NOR,5,144,2013,Oklahoma,2010,2012,38.0,,,,,,,,,,,,,,WR,Oklahoma,,,,,,,,,,68.3,204.0,2594.0,12.7,24.0,,,,,,,,,,kenny stills,WR,Oklahoma,oklahoma,348.0
Steve Williams,,SDG,5,145,2013,California,2010,2012,37.0,,,,,,,,,,,,,,DB,California,,,,,,,,,,,,,,,,,,,,,6.0,0.0,14.0,steve williams,DB,California,california,
Quanterus Smith,,DEN,5,146,2013,Western Kentucky,2009,2012,46.0,,,,,,,,,,,,,,DL,Western Kentucky,,,,,,,,,,,,,,,24.0,87.0,48.0,135.0,41.0,0.5217391304347826,,,,quanterus smith,DL,Western Kentucky,western kentucky,
Steven Means,,TAM,5,147,2013,Buffalo,2009,2012,48.0,,,,,,,,,,,,,,DL,Buffalo,,,,,,,,,,,,,,,19.0,87.0,99.0,186.0,30.5,0.3958333333333333,,,,steven means,DL,Buffalo,buffalo,
A.J. Klein,,CAR,5,148,2013,Iowa State,2009,2012,51.0,,,,,,,,,,,,,,LB,Iowa State,,,,,,,,,,,,,,,3.0,181.0,180.0,361.0,20.0,0.0588235294117647,,,,a j klein,LB,Iowa State,iowa state,
Brandon McGee,,RAM,5,149,2013,Miami (FL),2009,2012,45.0,,,,,,,,,,,,,,DB,Miami (FL),,,,,,,,,,,,,,,,,,,,,3.0,0.0,4.0,brandon mcgee,DB,Miami (FL),miami (fl),
Terry Hawthorne,,PIT,5,150,2013,Illinois,2009,2009,12.0,,,,,,,,,,,,,,WR,Illinois,,,,,,,,,,0.0,0.0,0.0,,0.0,,,,,,,,,,terry hawthorne,WR,Illinois,illinois,
Terry Hawthorne,,PIT,5,150,2013,Illinois,2010,2012,32.0,,,,,,,,,,,,,,DB,Illinois,,,,,,,,,,,,,,,,,,,,,5.0,1.0,0.0,terry hawthorne,DB,Illinois,illinois,
Joseph Randle,,DAL,5,151,2013,Oklahoma State,2010,2012,39.0,,,,,,,,,,,,,,RB,Oklahoma State,79.1,564.0,3085.0,5.5,40.0,108.0,8.5,3.0,23.5,,,,,,,,,,,,,,,joseph randle,RB,Oklahoma State,oklahoma state,
Stansly Maponga,,ATL,5,153,2013,Texas Christian,2010,2012,36.0,,,,,,,,,,,,,,DL,Texas Christian,,,,,,,,,,,,,,,15.0,63.0,50.0,113.0,23.0,0.4166666666666667,,,,stansly maponga,DL,Texas Christian,texas christian,
Chris Thompson,,WAS,5,154,2013,Florida State,2009,2012,39.0,,,,,,,,,,,,,,RB,Florida State,44.5,277.0,1735.0,6.3,14.0,45.0,9.6,1.0,11.0,,,,,,,,,,,,,,,chris thompson,RB,Florida State,florida state,
Quinton Dial,,SFO,5,157,2013,Alabama,2011,2012,25.0,,,,,,,,,,,,,,DL,Alabama,,,,,,,,,,,,,,,2.0,20.0,26.0,46.0,8.0,0.08,,,,quinton dial,DL,Alabama,alabama,
Luke Willson,,SEA,5,158,2013,Rice,2009,2012,45.0,,,,,,,,,,,,,,TE,Rice,,,,,,,,,,21.9,78.0,986.0,12.6,9.0,,,,,,,,,,luke willson,TE,Rice,rice,
Micah Hyde,,GNB,5,159,2013,Iowa,2009,2012,51.0,,,,,,,,,,,,,,DB,Iowa,,,,,,,,,,,,,,,,,,,,,8.0,2.0,15.0,micah hyde,DB,Iowa,iowa,
Zac Stacy,,RAM,5,160,2013,Vanderbilt,2009,2012,45.0,,,,,,,,,,,,,,RB,Vanderbilt,69.8,581.0,3143.0,5.4,30.0,46.0,9.0,0.0,9.2,,,,,,,,,,,,,,,zac stacy,RB,Vanderbilt,vanderbilt,114.0
Tavarres King,,DEN,5,161,2013,Georgia,2008,2012,56.0,,,,,,,,,,,,,,WR,Georgia,,,,,,,,,,46.5,136.0,2602.0,19.1,21.0,,,,,,,,,,tavarres king,WR,Georgia,georgia,342.0
Brandon Jenkins,,WAS,5,162,2013,Florida State,2009,2012,40.0,,,,,,,,,,,,,,DL,Florida State,,,,,,,,,,,,,,,22.0,81.0,38.0,119.0,37.5,0.55,,,,brandon jenkins,DL,Florida State,florida state,
Jordan Mills,,CHI,5,163,2013,Louisiana Tech,2010,2011,17.0,,,,,,,,,,,,,,OL,Louisiana Tech,,,,,,,,,,,,,,,,,,,,,,,,jordan mills,OL,Louisiana Tech,louisiana tech,
Mike Gillislee,,MIA,5,164,2013,Florida,2009,2012,49.0,,,,,,,,,,,,,,RB,Florida,42.3,389.0,2072.0,5.3,20.0,23.0,7.9,2.0,3.7,,,,,,,,,,,,,,,mike gillislee,RB,Florida,florida,108.0
Josh Boyd,,GNB,5,167,2013,Mississippi State,2009,2012,51.0,,,,,,,,,,,,,,DL,Mississippi State,,,,,,,,,,,,,,,8.0,47.0,78.0,125.0,18.0,0.1568627450980392,,,,josh boyd,DL,Mississippi State,mississippi state,
Josh Evans,,JAX,6,169,2013,Florida,2009,2012,47.0,,,,,,,,,,,,,,DB,Florida,,,,,,,,,,,,,,,,,,,,,5.0,0.0,0.0,josh evans,DB,Florida,florida,
Corey Fuller,,DET,6,171,2013,Virginia Tech,2011,2012,20.0,,,,,,,,,,,,,,WR,Virginia Tech,,,,,,,,,,41.7,45.0,834.0,18.5,6.0,,,,,,,,,,corey fuller,WR,Virginia Tech,virginia tech,337.0
Nick Kasa,,RAI,6,172,2013,Colorado,2012,2012,12.0,,,,,,,,,,,,,,TE,Colorado,,,,,,,,,,32.6,25.0,391.0,15.6,3.0,,,,,,,,,,nick kasa,TE,Colorado,colorado,223.0
Nick Kasa,,RAI,6,172,2013,Colorado,2009,2011,27.0,,,,,,,,,,,,,,DL,Colorado,,,,,,,,,,,,,,,1.0,18.0,10.0,28.0,2.0,0.037037037037037,,,,nick kasa,DL,Colorado,colorado,
Ryan Swope,,CRD,6,174,2013,Texas A&M,2010,2012,39.0,,,,,,,,,,,,,,WR,Texas A&M,,,,,,,,,,75.5,233.0,2945.0,12.6,23.0,,,,,,,,,,ryan swope,WR,Texas A&M,texas a&m,
Ryan Swope,,CRD,6,174,2013,Texas A&M,2009,2009,12.0,,,,,,,,,,,,,,DB,Texas A&M,,,,,,,,,,,,,,,,,,,,,0.0,0.0,0.0,ryan swope,DB,Texas A&M,texas a&m,
Jamoris Slaughter,,CLE,6,175,2013,Notre Dame,2009,2012,39.0,,,,,,,,,,,,,,DB,Notre Dame,,,,,,,,,,,,,,,,,,,,,2.0,0.0,6.0,jamoris slaughter,DB,Notre Dame,notre dame,
William Campbell,,NYJ,6,178,2013,Michigan,2009,2012,50.0,,,,,,,,,,,,,,DL,Michigan,,,,,,,,,,,,,,,3.0,24.0,39.0,63.0,5.0,0.06,,,,william campbell,DL,Michigan,michigan,
Tourek Williams,,SDG,6,179,2013,Florida International,2009,2012,49.0,,,,,,,,,,,,,,DL,Florida International,,,,,,,,,,,,,,,18.0,84.0,66.0,150.0,45.0,0.3673469387755102,,,,tourek williams,DL,Florida International,florida international,
Nick Moody,,SFO,6,180,2013,Florida State,2009,2012,48.0,,,,,,,,,,,,,,DB,Florida State,,,,,,,,,,,,,,,,,,,,,1.0,1.0,2.0,nick moody,DB,Florida State,florida state,
Latavius Murray,,RAI,6,181,2013,UCF,2008,2012,45.0,,,,,,,,,,,,,,RB,UCF,53.9,453.0,2424.0,5.4,37.0,50.0,10.5,6.0,11.6,,,,,,,,,,,,,,,latavius murray,RB,UCF,ucf,
Kenjon Barner,,CAR,6,182,2013,Oregon,2009,2012,49.0,,,,,,,,,,,,,,RB,Oregon,73.9,582.0,3623.0,6.2,41.0,54.0,10.9,7.0,12.1,,,,,,,,,,,,,,,kenjon barner,RB,Oregon,oregon,102.0
Mychal Rivera,,RAI,6,184,2013,Tennessee,2010,2012,37.0,,,,,,,,,,,,,,TE,Tennessee,,,,,,,,,,27.5,76.0,1018.0,13.4,6.0,,,,,,,,,,mychal rivera,TE,Tennessee,tennessee,227.0
Devonte Holloman,,DAL,6,185,2013,South Carolina,2009,2012,51.0,,,,,,,,,,,,,,DB,South Carolina,,,,,,,,,,,,,,,,,,,,,7.0,0.0,0.0,devonte holloman,DB,South Carolina,south carolina,
Justin Brown,,PIT,6,186,2013,Oklahoma,2009,2012,49.0,,,,,,,,,,,,,,WR,OklahomaPenn State,,,,,,,,,,39.3,146.0,1926.0,13.2,8.0,,,,,,,,,,justin brown,WR,Oklahoma,oklahoma,
Andre Ellington,,CRD,6,187,2013,Clemson,2009,2012,49.0,,,,,,,,,,,,,,RB,Clemson,70.1,621.0,3436.0,5.5,33.0,59.0,8.6,2.0,10.3,,,,,,,,,,,,,,,andre ellington,RB,Clemson,clemson,106.0
Cornelius Washington,,CHI,6,188,2013,Georgia,2009,2012,51.0,,,,,,,,,,,,,,DL,Georgia,,,,,,,,,,,,,,,10.0,46.0,30.0,76.0,17.0,0.196078431372549,,,,cornelius washington,DL,Georgia,georgia,
Mike James,,TAM,6,189,2013,Miami (FL),2009,2012,50.0,,,,,,,,,,,,,,RB,Miami (FL),26.8,304.0,1340.0,4.4,17.0,67.0,8.7,5.0,11.7,,,,,,,,,,,,,,,mike james,RB,Miami (FL),miami (fl),109.0
Rex Burkhead,,CIN,6,190,2013,Nebraska,2009,2012,44.0,,,,,,,,,,,,,,RB,Nebraska,75.7,635.0,3329.0,5.2,30.0,60.0,8.5,5.0,11.5,,,,,,,,,,,,,,,rex burkhead,RB,Nebraska,nebraska,104.0
Bacarri Rambo,,WAS,6,191,2013,Georgia,2009,2012,47.0,,,,,,,,,,,,,,DB,Georgia,,,,,,,,,,,,,,,,,,,,,16.0,3.0,0.0,bacarri rambo,DB,Georgia,georgia,
John Boyett,,CLT,6,192,2013,Oregon,2009,2012,40.0,,,,,,,,,,,,,,DB,Oregon,,,,,,,,,,,,,,,,,,,,,10.0,1.0,0.0,john boyett,DB,Oregon,oregon,
Spencer Ware,,SEA,6,194,2013,LSU,2010,2012,36.0,,,,,,,,,,,,,,RB,LSU,34.7,295.0,1249.0,4.2,10.0,39.0,10.4,2.0,11.2,,,,,,,,,,,,,,,spencer ware,RB,LSU,lsu,116.0
Cobi Hamilton,,CIN,6,197,2013,Arkansas,2009,2012,51.0,,,,,,,,,,,,,,WR,Arkansas,,,,,,,,,,56.0,175.0,2854.0,16.3,18.0,,,,,,,,,,cobi hamilton,WR,Arkansas,arkansas,339.0
Chris Jones,,HTX,6,198,2013,Bowling Green,2009,2012,50.0,,,,,,,,,,,,,,DL,Bowling Green,,,,,,,,,,,,,,,28.0,72.0,85.0,157.0,46.5,0.56,,,,chris jones,DL,Bowling Green,bowling green,
Theo Riddick,,DET,6,199,2013,Notre Dame,2009,2012,25.0,,,,,,,,,,,,,,RB,Notre Dame,43.1,219.0,1077.0,4.9,5.0,42.0,9.8,2.0,16.5,,,,,,,,,,,,,,,theo riddick,RB,Notre Dame,notre dame,113.0
Theo Riddick,,DET,6,199,2013,Notre Dame,2010,2011,20.0,,,,,,,,,,,,,,WR,Notre Dame,,,,,,,,,,42.5,78.0,850.0,10.9,6.0,,,,,,,,,,theo riddick,WR,Notre Dame,notre dame,
Kapron Lewis-Moore,,RAV,6,200,2013,Notre Dame,2009,2012,45.0,,,,,,,,,,,,,,DL,Notre Dame,,,,,,,,,,,,,,,12.0,79.0,101.0,180.0,22.0,0.2666666666666666,,,,kapron lewis moore,DL,Notre Dame,notre dame,
Ryan Griffin,,HTX,6,201,2013,Connecticut,2009,2012,48.0,,,,,,,,,,,,,,TE,Connecticut,,,,,,,,,,31.3,116.0,1500.0,12.9,10.0,,,,,,,,,,ryan griffin,TE,Connecticut,connecticut,
Khalid Wooten,,OTI,6,202,2013,Nevada,2009,2012,51.0,,,,,,,,,,,,,,DB,Nevada,,,,,,,,,,,,,,,,,,,,,10.0,2.0,5.0,khalid wooten,DB,Nevada,nevada,
Braden Wilson,,KAN,6,204,2013,Kansas State,2009,2012,51.0,,,,,,,,,,,,,,RB,Kansas State,0.9,21.0,44.0,2.1,2.0,18.0,8.0,0.0,2.8,,,,,,,,,,,,,,,braden wilson,RB,Kansas State,kansas state,
Stacy McGee,,RAI,6,205,2013,Oklahoma,2009,2012,34.0,,,,,,,,,,,,,,DL,Oklahoma,,,,,,,,,,,,,,,2.0,29.0,34.0,63.0,9.5,0.0588235294117647,,,,stacy mcgee,DL,Oklahoma,oklahoma,
Vince Williams,,PIT,6,206,2013,Florida State,2008,2012,49.0,,,,,,,,,,,,,,LB,Florida State,,,,,,,,,,,,,,,3.0,85.0,54.0,139.0,12.5,0.0612244897959183,,,,vince williams,LB,Florida State,florida state,
Jeremy Harris,,JAX,7,208,2013,New Mexico State,2011,2012,25.0,,,,,,,,,,,,,,DB,New Mexico State,,,,,,,,,,,,,,,,,,,,,1.0,0.0,2.0,jeremy harris,DB,New Mexico State,new mexico state,
Brice Butler,,RAI,7,209,2013,San Diego State,2009,2012,49.0,,,,,,,,,,,,,,WR,San Diego StateUSC,,,,,,,,,,18.4,65.0,901.0,13.9,7.0,,,,,,,,,,brice butler,WR,San Diego State,san diego state,
Michael Williams,,DET,7,211,2013,Alabama,2009,2012,54.0,,,,,,,,,,,,,,TE,Alabama,,,,,,,,,,9.3,51.0,503.0,9.9,7.0,,,,,,,,,,michael williams,TE,Alabama,alabama,
Joe Kruger,,PHI,7,212,2013,Utah,2010,2012,37.0,,,,,,,,,,,,,,DL,Utah,,,,,,,,,,,,,,,9.0,39.0,30.0,69.0,14.0,0.2432432432432432,,,,joe kruger,DL,Utah,utah,
Michael Mauti,,MIN,7,213,2013,Penn State,2010,2012,26.0,,,,,,,,,,,,,,LB,Penn State,,,,,,,,,,,,,,,4.0,91.0,92.0,183.0,12.5,0.1538461538461538,,,,michael mauti,LB,Penn State,penn state,
Travis Bond,,MIN,7,214,2013,North Carolina,2011,2011,13.0,,,,,,,,,,,,,,OL,North Carolina,,,,,,,,,,,,,,,,,,,,,,,,travis bond,OL,North Carolina,north carolina,
Tommy Bohanon,,NYJ,7,215,2013,Wake Forest,2009,2012,49.0,,,,,,,,,,,,,,RB,Wake Forest,3.3,50.0,160.0,3.2,3.0,51.0,7.9,7.0,8.3,,,,,,,,,,,,,,,tommy bohanon,RB,Wake Forest,wake forest,
Jordan Poyer,,PHI,7,218,2013,Oregon State,2009,2012,49.0,,,,,,,,,,,,,,DB,Oregon State,,,,,,,,,,,,,,,,,,,,,13.0,3.0,16.0,jordan poyer,DB,Oregon State,oregon state,
D.C. Jefferson,,CRD,7,219,2013,Rutgers,2009,2012,50.0,,,,,,,,,,,,,,TE,Rutgers,,,,,,,,,,11.2,47.0,560.0,11.9,2.0,,,,,,,,,,d c jefferson,TE,Rutgers,rutgers,222.0
Chris Gragg,,BUF,7,222,2013,Arkansas,2008,2012,43.0,,,,,,,,,,,,,,WR,Arkansas,,,,,,,,,,23.3,72.0,1003.0,13.9,7.0,,,,,,,,,,chris gragg,WR,Arkansas,arkansas,
Kevin Dorsey,,GNB,7,224,2013,Maryland,2009,2012,47.0,,,,,,,,,,,,,,WR,Maryland,,,,,,,,,,23.1,81.0,1088.0,13.4,9.0,,,,,,,,,,kevin dorsey,WR,Maryland,maryland,
Eric Herman,,NYG,7,225,2013,Ohio,2010,2012,40.0,,,,,,,,,,,,,,OL,Ohio,,,,,,,,,,,,,,,,,,,,,,,,eric herman,OL,Ohio,ohio,
Michael Buchanan,,NWE,7,226,2013,Illinois,2009,2012,46.0,,,,,,,,,,,,,,DL,Illinois,,,,,,,,,,,,,,,14.0,68.0,93.0,161.0,26.0,0.3043478260869565,,,,michael buchanan,DL,Illinois,illinois,
Jawan Jamison,,WAS,7,228,2013,Rutgers,2011,2012,25.0,,,,,,,,,,,,,,RB,Rutgers,78.9,486.0,1972.0,4.1,13.0,36.0,10.7,2.0,15.4,,,,,,,,,,,,,,,jawan jamison,RB,Rutgers,rutgers,110.0
Everette Dawkins,,MIN,7,229,2013,Florida State,2008,2012,57.0,,,,,,,,,,,,,,DL,Florida State,,,,,,,,,,,,,,,7.0,59.0,47.0,106.0,15.0,0.1228070175438596,,,,everette dawkins,DL,Florida State,florida state,
Kerwynn Williams,,CLT,7,230,2013,Utah State,2009,2012,49.0,,,,,,,,,,,,,,RB,Utah State,51.3,382.0,2515.0,6.6,22.0,64.0,13.6,5.0,17.8,,,,,,,,,,,,,,,kerwynn williams,RB,Utah State,utah state,
Sam Barrington,,GNB,7,232,2013,South Florida,2009,2012,49.0,,,,,,,,,,,,,,LB,South Florida,,,,,,,,,,,,,,,6.0,151.0,107.0,258.0,21.5,0.1224489795918367,,,,sam barrington,LB,South Florida,south florida,
Zac Dysert,132.4,DEN,7,234,2013,Miami (OH),2009,2012,46.0,1066.0,1672.0,606.0,63.8,12013.0,73.0,51.0,4.4,3.1,7.2,6.69,11.3,261.2,QB,Miami (OH),,,,,,,,,,,,,,,,,,,,,,,,zac dysert,QB,Miami (OH),miami (oh),17.0
Steve Beauharnais,,NWE,7,235,2013,Rutgers,2009,2012,51.0,,,,,,,,,,,,,,LB,Rutgers,,,,,,,,,,,,,,,12.0,128.0,146.0,274.0,35.0,0.2352941176470588,,,,steve beauharnais,LB,Rutgers,rutgers,
Marquess Wilson,,CHI,7,236,2013,Washington State,2010,2012,33.0,,,,,,,,,,,,,,WR,Washington State,,,,,,,,,,97.2,189.0,3207.0,17.0,23.0,,,,,,,,,,marquess wilson,WR,Washington State,washington state,
B.J. Daniels,128.2,SFO,7,237,2013,South Florida,2008,2012,47.0,649.0,1132.0,483.0,57.3,8433.0,52.0,39.0,4.6,3.4,7.4,6.82,13.0,179.4,QB,South Florida,,,,,,,,,,,,,,,,,,,,,,,,b j daniels,QB,South Florida,south florida,
David King,,PHI,7,239,2013,Oklahoma,2009,2012,43.0,,,,,,,,,,,,,,DL,Oklahoma,,,,,,,,,,,,,,,4.0,35.0,35.0,70.0,7.0,0.0930232558139534,,,,david king,DL,Oklahoma,oklahoma,
Kemal Ishmael,,ATL,7,243,2013,UCF,2009,2012,53.0,,,,,,,,,,,,,,DB,UCF,,,,,,,,,,,,,,,,,,,,,6.0,0.0,3.0,kemal ishmael,DB,UCF,ucf,
Zeke Motta,,ATL,7,244,2013,Notre Dame,2009,2012,51.0,,,,,,,,,,,,,,DB,Notre Dame,,,,,,,,,,,,,,,,,,,,,2.0,0.0,6.0,zeke motta,DB,Notre Dame,notre dame,
Carter Bykowski,,SFO,7,246,2013,Iowa State,2008,2008,11.0,,,,,,,,,,,,,,TE,Iowa State,,,,,,,,,,1.9,3.0,21.0,7.0,0.0,,,,,,,,,,carter bykowski,TE,Iowa State,iowa state,
Carter Bykowski,,SFO,7,246,2013,Iowa State,2011,2012,26.0,,,,,,,,,,,,,,OL,Iowa State,,,,,,,,,,,,,,,,,,,,,,,,carter bykowski,OL,Iowa State,iowa state,
Marc Anthony,,RAV,7,247,2013,California,2010,2012,33.0,,,,,,,,,,,,,,DB,California,,,,,,,,,,,,,,,,,,,,,5.0,1.0,17.0,marc anthony,DB,California,california,
Daimion Stafford,,OTI,7,248,2013,Nebraska,2011,2012,27.0,,,,,,,,,,,,,,DB,Nebraska,,,,,,,,,,,,,,,,,,,,,4.0,0.0,10.0,daimion stafford,DB,Nebraska,nebraska,
Sean Renfree,128.2,ATL,7,249,2013,Duke,2009,2012,42.0,898.0,1389.0,491.0,64.7,9465.0,51.0,40.0,3.7,2.9,6.8,6.25,10.5,225.4,QB,Duke,,,,,,,,,,,,,,,,,,,,,,,,sean renfree,QB,Duke,duke,20.0
Don Jones,,MIA,7,250,2013,Arkansas State,2009,2009,10.0,,,,,,,,,,,,,,RB,Arkansas State,14.9,24.0,149.0,6.2,2.0,12.0,12.2,1.0,14.6,,,,,,,,,,,,,,,don jones,RB,Arkansas State,arkansas state,
Don Jones,,MIA,7,250,2013,Arkansas State,2008,2012,27.0,,,,,,,,,,,,,,DB,Arkansas State,,,,,,,,,,,,,,,,,,,,,2.0,0.0,0.0,don jones,DB,Arkansas State,arkansas state,
Marcus Cooper,,SFO,7,252,2013,Rutgers,2010,2012,35.0,,,,,,,,,,,,,,DB,Rutgers,,,,,,,,,,,,,,,,,,,,,1.0,0.0,2.0,marcus cooper,DB,Rutgers,rutgers,
Michael Cox,,NYG,7,253,2013,Massachusetts,2009,2012,27.0,,,,,,,,,,,,,,RB,MassachusettsMichigan,32.6,217.0,879.0,4.1,7.0,14.0,5.3,0.0,2.7,,,,,,,,,,,,,,,michael cox,RB,Massachusetts,massachusetts,
Justice Cunningham,,CLT,7,254,2013,South Carolina,2009,2012,53.0,,,,,,,,,,,,,,TE,South Carolina,,,,,,,,,,11.0,50.0,581.0,11.6,1.0,,,,,,,,,,justice cunningham,TE,South Carolina,south carolina,218.0
Jadeveon Clowney,,HTX,1,1,2014,South Carolina,2011,2013,36.0,,,,,,,,,,,,,,DL,South Carolina,,,,,,,,,,,,,,,24.0,85.0,44.0,129.0,47.0,0.6666666666666666,,,,jadeveon clowney,DL,South Carolina,south carolina,
Greg Robinson,,RAM,1,2,2014,Auburn,2012,2012,12.0,,,,,,,,,,,,,,OL,Auburn,,,,,,,,,,,,,,,,,,,,,,,,greg robinson,OL,Auburn,auburn,
Blake Bortles,153.8,JAX,1,3,2014,UCF,2011,2013,37.0,585.0,891.0,306.0,65.7,7598.0,56.0,19.0,6.3,2.1,8.5,8.82,13.0,205.4,QB,UCF,,,,,,,,,,,,,,,,,,,,,,,,blake bortles,QB,UCF,ucf,
Sammy Watkins,,BUF,1,4,2014,Clemson,2011,2013,36.0,,,,,,,,,,,,,,WR,Clemson,,,,,,,,,,94.2,240.0,3391.0,14.1,27.0,,,,,,,,,,sammy watkins,WR,Clemson,clemson,371.0
Khalil Mack,,RAI,1,5,2014,Buffalo,2010,2013,48.0,,,,,,,,,,,,,,LB,Buffalo,,,,,,,,,,,,,,,28.0,185.0,142.0,327.0,74.5,0.5833333333333334,,,,khalil mack,LB,Buffalo,buffalo,
Jake Matthews,,ATL,1,6,2014,Texas A&M,2014,2016,33.0,,,,,,,,,,,,,,LB,Arizona,,,,,,,,,,,,,,,3.0,69.0,38.0,107.0,3.5,0.0909090909090909,,,,jake matthews,LB,Texas A&M,texas a&m,
Mike Evans,,TAM,1,7,2014,Texas A&M,2012,2013,26.0,,,,,,,,,,,,,,WR,Texas A&M,,,,,,,,,,96.1,151.0,2499.0,16.5,17.0,,,,,,,,,,mike evans,WR,Texas A&M,texas a&m,
Justin Gilbert,,CLE,1,8,2014,Oklahoma State,2010,2013,51.0,,,,,,,,,,,,,,DB,Oklahoma State,,,,,,,,,,,,,,,,,,,,,12.0,2.0,18.0,justin gilbert,DB,Oklahoma State,oklahoma state,
Anthony Barr,,MIN,1,9,2014,UCLA,2011,2011,12.0,,,,,,,,,,,,,,RB,UCLA,2.1,9.0,25.0,2.8,1.0,3.0,5.3,1.0,1.3,,,,,,,,,,,,,,,anthony barr,RB,UCLA,ucla,
Anthony Barr,,MIN,1,9,2014,UCLA,2010,2010,12.0,,,,,,,,,,,,,,WR,UCLA,,,,,,,,,,5.5,9.0,66.0,7.3,0.0,,,,,,,,,,anthony barr,WR,UCLA,ucla,
Anthony Barr,,MIN,1,9,2014,UCLA,2012,2013,26.0,,,,,,,,,,,,,,LB,UCLA,,,,,,,,,,,,,,,23.0,103.0,46.0,149.0,41.5,0.8846153846153846,,,,anthony barr,LB,UCLA,ucla,
Eric Ebron,,DET,1,10,2014,North Carolina,2011,2013,34.0,,,,,,,,,,,,,,TE,North Carolina,,,,,,,,,,53.1,112.0,1805.0,16.1,8.0,,,,,,,,,,eric ebron,TE,North Carolina,north carolina,231.0
Taylor Lewan,,OTI,1,11,2014,Michigan,2010,2012,24.0,,,,,,,,,,,,,,OL,Michigan,,,,,,,,,,,,,,,,,,,,,,,,taylor lewan,OL,Michigan,michigan,
Odell Beckham Jr.,,NYG,1,12,2014,LSU,2011,2013,40.0,,,,,,,,,,,,,,WR,LSU,,,,,,,,,,58.5,143.0,2340.0,16.4,12.0,,,,,,,,,,odell beckham,WR,LSU,lsu,
Aaron Donald,,RAM,1,13,2014,Pitt,2010,2013,51.0,,,,,,,,,,,,,,DL,Pitt,,,,,,,,,,,,,,,29.0,115.0,66.0,181.0,66.0,0.5686274509803921,,,,aaron donald,DL,Pitt,pitt,
Kyle Fuller,,CHI,1,14,2014,Virginia Tech,2010,2013,46.0,,,,,,,,,,,,,,DB,Virginia Tech,,,,,,,,,,,,,,,,,,,,,6.0,0.0,21.0,kyle fuller,DB,Virginia Tech,virginia tech,
Ryan Shazier,,PIT,1,15,2014,Ohio State,2011,2013,39.0,,,,,,,,,,,,,,LB,Ohio State,,,,,,,,,,,,,,,15.0,210.0,107.0,317.0,45.5,0.3846153846153846,,,,ryan shazier,LB,Ohio State,ohio state,
Zack Martin,,DAL,1,16,2014,Notre Dame,2010,2011,26.0,,,,,,,,,,,,,,OL,Notre Dame,,,,,,,,,,,,,,,,,,,,,,,,zack martin,OL,Notre Dame,notre dame,
C.J. Mosley,,RAV,1,17,2014,Alabama,2010,2013,51.0,,,,,,,,,,,,,,LB,Alabama,,,,,,,,,,,,,,,6.0,175.0,142.0,317.0,23.0,0.1176470588235294,,,,c j mosley,LB,Alabama,alabama,
Calvin Pryor,,NYJ,1,18,2014,Louisville,2011,2013,36.0,,,,,,,,,,,,,,DB,Louisville,,,,,,,,,,,,,,,,,,,,,7.0,0.0,9.0,calvin pryor,DB,Louisville,louisville,
Ja'Wuan James,,MIA,1,19,2014,Tennessee,2010,2012,37.0,,,,,,,,,,,,,,OL,Tennessee,,,,,,,,,,,,,,,,,,,,,,,,ja wuan james,OL,Tennessee,tennessee,
Brandin Cooks,,NOR,1,20,2014,Oregon State,2011,2013,38.0,,,,,,,,,,,,,,WR,Oregon State,,,,,,,,,,86.1,226.0,3272.0,14.5,24.0,,,,,,,,,,brandin cooks,WR,Oregon State,oregon state,
Ha Ha Clinton-Dix,,GNB,1,21,2014,Alabama,2011,2013,38.0,,,,,,,,,,,,,,DB,Alabama,,,,,,,,,,,,,,,,,,,,,7.0,0.0,15.0,ha ha clinton dix,DB,Alabama,alabama,
Johnny Manziel,164.1,CLE,1,22,2014,Texas A&M,2012,2013,26.0,595.0,863.0,268.0,68.9,7820.0,63.0,22.0,7.3,2.5,9.1,9.37,13.1,300.8,QB,Texas A&M,,,,,,,,,,,,,,,,,,,,,,,,johnny manziel,QB,Texas A&M,texas a&m,
Dee Ford,,KAN,1,23,2014,Auburn,2009,2013,52.0,,,,,,,,,,,,,,DL,Auburn,,,,,,,,,,,,,,,20.0,60.0,33.0,93.0,27.5,0.3846153846153846,,,,dee ford,DL,Auburn,auburn,
Darqueze Dennard,,CIN,1,24,2014,Michigan State,2010,2013,43.0,,,,,,,,,,,,,,DB,Michigan State,,,,,,,,,,,,,,,,,,,,,10.0,1.0,13.0,darqueze dennard,DB,Michigan State,michigan state,
Jason Verrett,,SDG,1,25,2014,Texas Christian,2011,2013,37.0,,,,,,,,,,,,,,DB,Texas Christian,,,,,,,,,,,,,,,,,,,,,9.0,0.0,17.0,jason verrett,DB,Texas Christian,texas christian,
Marcus Smith,,PHI,1,26,2014,Louisville,2011,2013,36.0,,,,,,,,,,,,,,DL,Louisville,,,,,,,,,,,,,,,25.0,57.0,25.0,82.0,32.5,0.6944444444444444,,,,marcus smith,DL,Louisville,louisville,
Deone Bucannon,,CRD,1,27,2014,Washington State,2010,2013,49.0,,,,,,,,,,,,,,DB,Washington State,,,,,,,,,,,,,,,,,,,,,15.0,0.0,9.0,deone bucannon,DB,Washington State,washington state,
Kelvin Benjamin,,CAR,1,28,2014,Florida State,2012,2013,28.0,,,,,,,,,,,,,,WR,Florida State,,,,,,,,,,53.8,84.0,1506.0,17.9,19.0,,,,,,,,,,kelvin benjamin,WR,Florida State,florida state,
Dominique Easley,,NWE,1,29,2014,Florida,2010,2013,31.0,,,,,,,,,,,,,,DL,Florida,,,,,,,,,,,,,,,5.0,38.0,34.0,72.0,18.0,0.1612903225806451,,,,dominique easley,DL,Florida,florida,
Jimmie Ward,,SFO,1,30,2014,Northern Illinois,2010,2013,54.0,,,,,,,,,,,,,,DB,Northern Illinois,,,,,,,,,,,,,,,,,,,,,11.0,1.0,14.0,jimmie ward,DB,Northern Illinois,northern illinois,
Bradley Roby,,DEN,1,31,2014,Ohio State,2011,2013,36.0,,,,,,,,,,,,,,DB,Ohio State,,,,,,,,,,,,,,,,,,,,,8.0,2.0,19.0,bradley roby,DB,Ohio State,ohio state,
Teddy Bridgewater,157.2,MIN,1,32,2014,Louisville,2011,2013,39.0,781.0,1142.0,361.0,68.4,9817.0,72.0,24.0,6.3,2.1,8.6,8.91,12.6,251.7,QB,Louisville,,,,,,,,,,,,,,,,,,,,,,,,teddy bridgewater,QB,Louisville,louisville,26.0
Demarcus Lawrence,,DAL,2,34,2014,Boise State,2012,2013,23.0,,,,,,,,,,,,,,DL,Boise State,,,,,,,,,,,,,,,20.0,63.0,57.0,120.0,34.0,0.8695652173913043,,,,demarcus lawrence,DL,Boise State,boise state,
Joel Bitonio,,CLE,2,35,2014,Nevada,2010,2013,28.0,,,,,,,,,,,,,,OL,Nevada,,,,,,,,,,,,,,,,,,,,,,,,joel bitonio,OL,Nevada,nevada,
Derek Carr,152.8,RAI,2,36,2014,Fresno State,2009,2013,44.0,1087.0,1630.0,543.0,66.7,12843.0,113.0,24.0,6.9,1.5,7.9,8.6,11.8,291.9,QB,Fresno State,,,,,,,,,,,,,,,,,,,,,,,,derek carr,QB,Fresno State,fresno state,
Ra'Shede Hageman,,ATL,2,37,2014,Minnesota,2010,2013,46.0,,,,,,,,,,,,,,DL,Minnesota,,,,,,,,,,,,,,,10.0,57.0,34.0,91.0,24.0,0.217391304347826,,,,ra shede hageman,DL,Minnesota,minnesota,
Austin Seferian-Jenkins,,TAM,2,38,2014,Washington,2011,2013,38.0,,,,,,,,,,,,,,TE,Washington,,,,,,,,,,48.4,146.0,1840.0,12.6,21.0,,,,,,,,,,austin seferian jenkins,TE,Washington,washington,236.0
Marqise Lee,,JAX,2,39,2014,USC,2011,2013,36.0,,,,,,,,,,,,,,WR,USC,,,,,,,,,,101.5,248.0,3655.0,14.7,29.0,,,,,,,,,,marqise lee,WR,USC,usc,
Kyle Van Noy,,DET,2,40,2014,BYU,2010,2013,52.0,,,,,,,,,,,,,,LB,BYU,,,,,,,,,,,,,,,25.0,157.0,69.0,226.0,61.5,0.4807692307692308,,,,kyle van noy,LB,BYU,byu,
Lamarcus Joyner,,RAM,2,41,2014,Florida State,2010,2013,55.0,,,,,,,,,,,,,,DB,Florida State,,,,,,,,,,,,,,,,,,,,,8.0,0.0,10.0,lamarcus joyner,DB,Florida State,florida state,
Jordan Matthews,,PHI,2,42,2014,Vanderbilt,2010,2013,51.0,,,,,,,,,,,,,,WR,Vanderbilt,,,,,,,,,,73.7,262.0,3759.0,14.3,24.0,,,,,,,,,,jordan matthews,WR,Vanderbilt,vanderbilt,364.0
Weston Richburg,,NYG,2,43,2014,Colorado State,2013,2013,1.0,,,,,,,,,,,,,,OL,Colorado State,,,,,,,,,,,,,,,,,,,,,,,,weston richburg,OL,Colorado State,colorado state,
Paul Richardson,,SEA,2,45,2014,Colorado,2010,2013,33.0,,,,,,,,,,,,,,TE,Colorado,,,,,,,,,,73.1,156.0,2412.0,15.5,21.0,,,,,,,,,,paul richardson,TE,Colorado,colorado,
Stephon Tuitt,,PIT,2,46,2014,Notre Dame,2011,2013,35.0,,,,,,,,,,,,,,DL,Notre Dame,,,,,,,,,,,,,,,21.0,59.0,67.0,126.0,25.0,0.6,,,,stephon tuitt,DL,Notre Dame,notre dame,
Trent Murphy,,WAS,2,47,2014,Stanford,2010,2013,43.0,,,,,,,,,,,,,,DL,Stanford,,,,,,,,,,,,,,,32.0,102.0,58.0,160.0,52.5,0.7441860465116279,,,,trent murphy,DL,Stanford,stanford,
Timmy Jernigan,,RAV,2,48,2014,Florida State,2011,2013,40.0,,,,,,,,,,,,,,DL,Florida State,,,,,,,,,,,,,,,8.0,73.0,65.0,138.0,25.0,0.2,,,,timmy jernigan,DL,Florida State,florida state,
Jace Amaro,,NYJ,2,49,2014,Texas Tech,2011,2013,32.0,,,,,,,,,,,,,,TE,Texas Tech,,,,,,,,,,56.8,138.0,1818.0,13.2,13.0,,,,,,,,,,jace amaro,TE,Texas Tech,texas tech,229.0
Jeremiah Attaochu,,SDG,2,50,2014,Georgia Tech,2010,2013,49.0,,,,,,,,,,,,,,LB,Georgia Tech,,,,,,,,,,,,,,,31.0,134.0,62.0,196.0,43.5,0.6326530612244898,,,,jeremiah attaochu,LB,Georgia Tech,georgia tech,
Ego Ferguson,,CHI,2,51,2014,LSU,2011,2013,38.0,,,,,,,,,,,,,,DL,LSU,,,,,,,,,,,,,,,1.0,24.0,61.0,85.0,5.0,0.0263157894736842,,,,ego ferguson,DL,LSU,lsu,
Troy Niklas,,CRD,2,52,2014,Notre Dame,2012,2013,26.0,,,,,,,,,,,,,,TE,Notre Dame,,,,,,,,,,22.0,37.0,573.0,15.5,6.0,,,,,,,,,,troy niklas,TE,Notre Dame,notre dame,234.0
Troy Niklas,,CRD,2,52,2014,Notre Dame,2011,2011,12.0,,,,,,,,,,,,,,LB,Notre Dame,,,,,,,,,,,,,,,0.0,8.0,12.0,20.0,0.0,0.0,,,,troy niklas,LB,Notre Dame,notre dame,
Davante Adams,,GNB,2,53,2014,Fresno State,2012,2013,26.0,,,,,,,,,,,,,,WR,Fresno State,,,,,,,,,,116.6,233.0,3031.0,13.0,38.0,,,,,,,,,,davante adams,WR,Fresno State,fresno state,
Bishop Sankey,,OTI,2,54,2014,Washington,2011,2013,38.0,,,,,,,,,,,,,,RB,Washington,92.0,644.0,3496.0,5.4,37.0,67.0,8.5,1.0,14.9,,,,,,,,,,,,,,,bishop sankey,RB,Washington,washington,123.0
Jeremy Hill,,CIN,2,55,2014,LSU,2012,2013,24.0,,,,,,,,,,,,,,RB,LSU,89.8,345.0,2156.0,6.2,28.0,26.0,9.8,0.0,10.6,,,,,,,,,,,,,,,jeremy hill,RB,LSU,lsu,119.0
Cody Latimer,,DEN,2,56,2014,Indiana,2011,2013,32.0,,,,,,,,,,,,,,WR,Indiana,,,,,,,,,,63.8,135.0,2042.0,15.1,17.0,,,,,,,,,,cody latimer,WR,Indiana,indiana,363.0
Carlos Hyde,,SFO,2,57,2014,Ohio State,2010,2013,41.0,,,,,,,,,,,,,,RB,Ohio State,78.0,523.0,3198.0,6.1,37.0,34.0,8.0,4.0,6.6,,,,,,,,,,,,,,,carlos hyde,RB,Ohio State,ohio state,
Stanley Jean-Baptiste,,NOR,2,58,2014,Nebraska,2011,2011,9.0,,,,,,,,,,,,,,WR,Nebraska,,,,,,,,,,0.8,1.0,7.0,7.0,0.0,,,,,,,,,,stanley jean baptiste,WR,Nebraska,nebraska,
Stanley Jean-Baptiste,,NOR,2,58,2014,Nebraska,2012,2013,26.0,,,,,,,,,,,,,,DB,Nebraska,,,,,,,,,,,,,,,,,,,,,6.0,2.0,12.0,stanley jean baptiste,DB,Nebraska,nebraska,
Kony Ealy,,CAR,2,60,2014,Missouri,2011,2013,39.0,,,,,,,,,,,,,,DL,Missouri,,,,,,,,,,,,,,,13.0,56.0,40.0,96.0,28.0,0.3333333333333333,,,,kony ealy,DL,Missouri,missouri,
Allen Robinson,,JAX,2,61,2014,Penn State,2011,2013,35.0,,,,,,,,,,,,,,WR,Penn State,,,,,,,,,,70.8,177.0,2479.0,14.0,17.0,,,,,,,,,,allen robinson,WR,Penn State,penn state,
Jarvis Landry,,MIA,2,63,2014,LSU,2011,2013,40.0,,,,,,,,,,,,,,WR,LSU,,,,,,,,,,45.2,137.0,1809.0,13.2,15.0,,,,,,,,,,jarvis landry,WR,LSU,lsu,362.0
Justin Britt,,SEA,2,64,2014,Missouri,2011,2012,22.0,,,,,,,,,,,,,,OL,Missouri,,,,,,,,,,,,,,,,,,,,,,,,justin britt,OL,Missouri,missouri,
C.J. Fiedorowicz,,HTX,3,65,2014,Iowa,2010,2013,51.0,,,,,,,,,,,,,,TE,Iowa,,,,,,,,,,17.6,91.0,899.0,9.9,10.0,,,,,,,,,,c j fiedorowicz,TE,Iowa,iowa,232.0
Morgan Moses,,WAS,3,66,2014,Virginia,2011,2011,13.0,,,,,,,,,,,,,,OL,Virginia,,,,,,,,,,,,,,,,,,,,,,,,morgan moses,OL,Virginia,virginia,
Dezmen Southward,,ATL,3,68,2014,Wisconsin,2010,2013,52.0,,,,,,,,,,,,,,DB,Wisconsin,,,,,,,,,,,,,,,,,,,,,2.0,0.0,7.0,dezmen southward,DB,Wisconsin,wisconsin,
Charles Sims,,TAM,3,69,2014,West Virginia,2009,2013,48.0,,,,,,,,,,,,,,RB,HoustonWest Virginia,72.2,592.0,3465.0,5.9,40.0,203.0,10.4,11.0,43.9,,,,,,,,,,,,,,,charles sims,RB,West Virginia,west virginia,125.0
Marcus Martin,,SFO,3,70,2014,USC,2013,2013,1.0,,,,,,,,,,,,,,G,USC,,,,,,,,,,,,,,,,,,,,,,,,marcus martin,G,USC,usc,
Christian Kirksey,,CLE,3,71,2014,Iowa,2010,2013,49.0,,,,,,,,,,,,,,LB,Iowa,,,,,,,,,,,,,,,5.0,151.0,164.0,315.0,13.5,0.1020408163265306,,,,christian kirksey,LB,Iowa,iowa,
Scott Crichton,,MIN,3,72,2014,Oregon State,2011,2013,38.0,,,,,,,,,,,,,,DL,Oregon State,,,,,,,,,,,,,,,23.0,100.0,65.0,165.0,51.0,0.6052631578947368,,,,scott crichton,DL,Oregon State,oregon state,
Preston Brown,,BUF,3,73,2014,Louisville,2012,2013,26.0,,,,,,,,,,,,,,LB,Louisville,,,,,,,,,,,,,,,5.0,121.0,82.0,203.0,16.0,0.1923076923076923,,,,preston brown,LB,Louisville,louisville,
Preston Brown,,BUF,3,73,2014,Louisville,2010,2011,26.0,,,,,,,,,,,,,,DB,Louisville,,,,,,,,,,,,,,,,,,,,,0.0,0.0,0.0,preston brown,DB,Louisville,louisville,
Jay Bromley,,NYG,3,74,2014,Syracuse,2010,2013,50.0,,,,,,,,,,,,,,DL,Syracuse,,,,,,,,,,,,,,,13.0,70.0,50.0,120.0,24.5,0.26,,,,jay bromley,DL,Syracuse,syracuse,
Tre Mason,,RAM,3,75,2014,Auburn,2011,2013,38.0,,,,,,,,,,,,,,RB,Auburn,78.4,516.0,2979.0,5.8,32.0,19.0,13.1,1.0,6.6,,,,,,,,,,,,,,,tre mason,RB,Auburn,auburn,121.0
Travis Swanson,,DET,3,76,2014,Arkansas,2012,2012,12.0,,,,,,,,,,,,,,OL,Arkansas,,,,,,,,,,,,,,,,,,,,,,,,travis swanson,OL,Arkansas,arkansas,
Chris Borland,,SFO,3,77,2014,Wisconsin,2009,2013,54.0,,,,,,,,,,,,,,LB,Wisconsin,,,,,,,,,,,,,,,17.0,233.0,187.0,420.0,50.0,0.3148148148148148,,,,chris borland,LB,Wisconsin,wisconsin,
Spencer Long,,WAS,3,78,2014,Nebraska,2012,2013,15.0,,,,,,,,,,,,,,OL,Nebraska,,,,,,,,,,,,,,,,,,,,,,,,spencer long,OL,Nebraska,nebraska,
Terrence Brooks,,RAV,3,79,2014,Florida State,2010,2013,49.0,,,,,,,,,,,,,,DB,Florida State,,,,,,,,,,,,,,,,,,,,,5.0,0.0,11.0,terrence brooks,DB,Florida State,florida state,
Dexter McDougle,,NYJ,3,80,2014,Maryland,2010,2013,38.0,,,,,,,,,,,,,,DB,Maryland,,,,,,,,,,,,,,,,,,,,,6.0,1.0,11.0,dexter mcdougle,DB,Maryland,maryland,
Gabe Jackson,,RAI,3,81,2014,Mississippi State,2010,2013,40.0,,,,,,,,,,,,,,OL,Mississippi State,,,,,,,,,,,,,,,,,,,,,,,,gabe jackson,OL,Mississippi State,mississippi state,
Will Sutton,,CHI,3,82,2014,Arizona State,2009,2013,51.0,,,,,,,,,,,,,,DL,Arizona State,,,,,,,,,,,,,,,20.0,95.0,66.0,161.0,45.5,0.392156862745098,,,,will sutton,DL,Arizona State,arizona state,
Louis Nix III,,HTX,3,83,2014,Notre Dame,2011,2013,34.0,,,,,,,,,,,,,,DL,Notre Dame,,,,,,,,,,,,,,,2.0,43.0,79.0,122.0,14.0,0.0588235294117647,,,,louis nix,DL,Notre Dame,notre dame,
Kareem Martin,,CRD,3,84,2014,North Carolina,2010,2013,49.0,,,,,,,,,,,,,,DL,North Carolina,,,,,,,,,,,,,,,19.0,92.0,86.0,178.0,45.5,0.3877551020408163,,,,kareem martin,DL,North Carolina,north carolina,
Khyri Thornton,,GNB,3,85,2014,Southern Mississippi,2010,2013,49.0,,,,,,,,,,,,,,DL,Southern Mississippi,,,,,,,,,,,,,,,5.0,58.0,58.0,116.0,30.0,0.1020408163265306,,,,khyri thornton,DL,Southern Mississippi,southern mississippi,
Josh Huff,,PHI,3,86,2014,Oregon,2010,2013,49.0,,,,,,,,,,,,,,WR,Oregon,,,,,,,,,,48.3,144.0,2366.0,16.4,24.0,,,,,,,,,,josh huff,WR,Oregon,oregon,360.0
Phillip Gaines,,KAN,3,87,2014,Rice,2009,2013,51.0,,,,,,,,,,,,,,DB,Rice,,,,,,,,,,,,,,,,,,,,,4.0,0.0,38.0,phillip gaines,DB,Rice,rice,
Will Clarke,,CIN,3,88,2014,West Virginia,2013,2013,12.0,,,,,,,,,,,,,,DL,West Virginia,,,,,,,,,,,,,,,6.0,36.0,14.0,50.0,17.0,0.5,,,,will clarke,DL,West Virginia,west virginia,
Will Clarke,,CIN,3,88,2014,West Virginia,2011,2012,25.0,,,,,,,,,,,,,,DB,West Virginia,,,,,,,,,,,,,,,,,,,,,0.0,0.0,5.0,will clarke,DB,West Virginia,west virginia,
Chris Watt,,SDG,3,89,2014,Notre Dame,2011,2011,13.0,,,,,,,,,,,,,,OL,Notre Dame,,,,,,,,,,,,,,,,,,,,,,,,chris watt,OL,Notre Dame,notre dame,
Donte Moncrief,,CLT,3,90,2014,Ole Miss,2011,2013,38.0,,,,,,,,,,,,,,WR,Ole Miss,,,,,,,,,,62.4,156.0,2371.0,15.2,20.0,,,,,,,,,,donte moncrief,WR,Ole Miss,ole miss,
Trai Turner,,CAR,3,92,2014,LSU,2013,2013,1.0,,,,,,,,,,,,,,G,LSU,,,,,,,,,,,,,,,,,,,,,,,,trai turner,G,LSU,lsu,
Brandon Linder,,JAX,3,93,2014,Miami (FL),2013,2013,1.0,,,,,,,,,,,,,,OL,Miami (FL),,,,,,,,,,,,,,,,,,,,,,,,brandon linder,OL,Miami (FL),miami (fl),
Michael Schofield,,DEN,3,95,2014,Michigan,2011,2012,26.0,,,,,,,,,,,,,,OL,Michigan,,,,,,,,,,,,,,,,,,,,,,,,michael schofield,OL,Michigan,michigan,
Dri Archer,,PIT,3,97,2014,Kent State,2009,2013,47.0,,,,,,,,,,,,,,RB,Kent State,49.8,325.0,2342.0,7.2,24.0,99.0,12.1,12.0,25.4,,,,,,,,,,,,,,,dri archer,RB,Kent State,kent state,
Richard Rodgers,,GNB,3,98,2014,California,2011,2013,35.0,,,,,,,,,,,,,,TE,California,,,,,,,,,,25.6,59.0,896.0,15.2,2.0,,,,,,,,,,richard rodgers,TE,California,california,235.0
Crockett Gillmore,,RAV,3,99,2014,Colorado State,2011,2013,35.0,,,,,,,,,,,,,,TE,Colorado State,,,,,,,,,,37.4,111.0,1308.0,11.8,8.0,,,,,,,,,,crockett gillmore,TE,Colorado State,colorado state,
Crockett Gillmore,,RAV,3,99,2014,Colorado State,2010,2010,10.0,,,,,,,,,,,,,,DL,Colorado State,,,,,,,,,,,,,,,1.0,8.0,3.0,11.0,2.0,0.1,,,,crockett gillmore,DL,Colorado State,colorado state,
Brandon Thomas,,SFO,3,100,2014,Clemson,2011,2011,13.0,,,,,,,,,,,,,,OL,Clemson,,,,,,,,,,,,,,,,,,,,,,,,brandon thomas,OL,Clemson,clemson,
Jaylen Watkins,,PHI,4,101,2014,Florida,2010,2013,48.0,,,,,,,,,,,,,,DB,Florida,,,,,,,,,,,,,,,,,,,,,3.0,1.0,13.0,jaylen watkins,DB,Florida,florida,
Bashaud Breeland,,WAS,4,102,2014,Clemson,2011,2013,37.0,,,,,,,,,,,,,,DB,Clemson,,,,,,,,,,,,,,,,,,,,,6.0,0.0,17.0,bashaud breeland,DB,Clemson,clemson,
Devonta Freeman,,ATL,4,103,2014,Florida State,2011,2013,40.0,,,,,,,,,,,,,,RB,Florida State,56.4,404.0,2255.0,5.6,30.0,47.0,10.1,1.0,11.9,,,,,,,,,,,,,,,devonta freeman,RB,Florida State,florida state,
Jalen Saunders,,NYJ,4,104,2014,Oklahoma,2010,2013,48.0,,,,,,,,,,,,,,WR,Fresno StateOklahoma,,,,,,,,,,64.3,203.0,3085.0,15.2,26.0,,,,,,,,,,jalen saunders,WR,Oklahoma,oklahoma,369.0
Bryan Stork,,NWE,4,105,2014,Florida State,2011,2013,25.0,,,,,,,,,,,,,,OL,Florida State,,,,,,,,,,,,,,,,,,,,,,,,bryan stork,OL,Florida State,florida state,
Bruce Ellington,,SFO,4,106,2014,South Carolina,2011,2013,38.0,,,,,,,,,,,,,,WR,South Carolina,,,,,,,,,,41.7,106.0,1586.0,15.0,16.0,,,,,,,,,,bruce ellington,WR,South Carolina,south carolina,353.0
Justin Ellis,,RAI,4,107,2014,Louisiana Tech,2010,2010,4.0,,,,,,,,,,,,,,OL,Louisiana Tech,,,,,,,,,,,,,,,,,,,,,,,,justin ellis,OL,Louisiana Tech,louisiana tech,
Justin Ellis,,RAI,4,107,2014,Louisiana Tech,2011,2013,34.0,,,,,,,,,,,,,,DL,Louisiana Tech,,,,,,,,,,,,,,,2.0,36.0,62.0,98.0,9.0,0.0588235294117647,,,,justin ellis,DL,Louisiana Tech,louisiana tech,
Cassius Marsh,,SEA,4,108,2014,UCLA,2010,2013,51.0,,,,,,,,,,,,,,DL,UCLA,,,,,,,,,,,,,,,15.0,96.0,53.0,149.0,22.5,0.2941176470588235,,,,cassius marsh,DL,UCLA,ucla,
Ross Cockrell,,BUF,4,109,2014,Duke,2010,2013,49.0,,,,,,,,,,,,,,DB,Duke,,,,,,,,,,,,,,,,,,,,,12.0,1.0,28.0,ross cockrell,DB,Duke,duke,
Maurice Alexander,,RAM,4,110,2014,Utah State,2011,2011,12.0,,,,,,,,,,,,,,LB,Utah State,,,,,,,,,,,,,,,3.0,27.0,18.0,45.0,7.0,0.25,,,,maurice alexander,LB,Utah State,utah state,
Maurice Alexander,,RAM,4,110,2014,Utah State,2013,2013,13.0,,,,,,,,,,,,,,S,Utah State,,,,,,,,,,,,,,,,,,,,,1.0,0.0,6.0,maurice alexander,S,Utah State,utah state,
Russell Bodine,,CIN,4,111,2014,North Carolina,2012,2012,12.0,,,,,,,,,,,,,,OL,North Carolina,,,,,,,,,,,,,,,,,,,,,,,,russell bodine,OL,North Carolina,north carolina,
Daquan Jones,,OTI,4,112,2014,Penn State,2011,2013,36.0,,,,,,,,,,,,,,DL,Penn State,,,,,,,,,,,,,,,3.0,45.0,41.0,86.0,13.5,0.0833333333333333,,,,daquan jones,DL,Penn State,penn state,
Andre Williams,,NYG,4,113,2014,Boston College,2010,2013,44.0,,,,,,,,,,,,,,RB,Boston College,85.0,704.0,3739.0,5.3,28.0,10.0,6.0,0.0,1.4,,,,,,,,,,,,,,,andre williams,RB,Boston College,boston college,
Aaron Colvin,,JAX,4,114,2014,Oklahoma,2010,2013,50.0,,,,,,,,,,,,,,DB,Oklahoma,,,,,,,,,,,,,,,,,,,,,5.0,0.0,11.0,aaron colvin,DB,Oklahoma,oklahoma,
Shaquelle Evans,,NYJ,4,115,2014,UCLA,2009,2013,46.0,,,,,,,,,,,,,,WR,Notre DameUCLA,,,,,,,,,,42.5,133.0,1956.0,14.7,14.0,,,,,,,,,,shaquelle evans,WR,UCLA,ucla,355.0
Keith McGill,,RAI,4,116,2014,Utah,2011,2013,16.0,,,,,,,,,,,,,,DB,Utah,,,,,,,,,,,,,,,,,,,,,1.0,1.0,13.0,keith mcgill,DB,Utah,utah,
Ka'Deem Carey,,CHI,4,117,2014,Arizona,2011,2013,36.0,,,,,,,,,,,,,,RB,Arizona,117.8,743.0,4239.0,5.7,48.0,77.0,8.8,4.0,18.9,,,,,,,,,,,,,,,ka deem carey,RB,Arizona,arizona,
Martavis Bryant,,PIT,4,118,2014,Clemson,2011,2013,37.0,,,,,,,,,,,,,,WR,Clemson,,,,,,,,,,36.6,61.0,1354.0,22.2,13.0,,,,,,,,,,martavis bryant,WR,Clemson,clemson,351.0
Anthony Hitchens,,DAL,4,119,2014,Iowa,2012,2013,24.0,,,,,,,,,,,,,,LB,Iowa,,,,,,,,,,,,,,,3.0,110.0,126.0,236.0,19.0,0.125,,,,anthony hitchens,LB,Iowa,iowa,
Anthony Hitchens,,DAL,4,119,2014,Iowa,2010,2011,18.0,,,,,,,,,,,,,,DB,Iowa,,,,,,,,,,,,,,,,,,,,,0.0,0.0,0.0,anthony hitchens,DB,Iowa,iowa,
Logan Thomas,123.6,CRD,4,120,2014,Virginia Tech,2010,2013,47.0,693.0,1248.0,555.0,55.5,9003.0,52.0,39.0,4.2,3.1,7.2,6.64,13.0,191.6,QB,Virginia Tech,,,,,,,,,,,,,,,,,,,,,,,,logan thomas,QB,Virginia Tech,virginia tech,32.0
Carl Bradford,,GNB,4,121,2014,Arizona State,2011,2013,36.0,,,,,,,,,,,,,,LB,Arizona State,,,,,,,,,,,,,,,21.0,110.0,44.0,154.0,43.0,0.5833333333333334,,,,carl bradford,LB,Arizona State,arizona state,
Marqueston Huff,,OTI,4,122,2014,Wyoming,2010,2013,49.0,,,,,,,,,,,,,,DB,Wyoming,,,,,,,,,,,,,,,,,,,,,6.0,0.0,16.0,marqueston huff,DB,Wyoming,wyoming,
Kevin Norwood,,SEA,4,123,2014,Alabama,2010,2013,49.0,,,,,,,,,,,,,,WR,Alabama,,,,,,,,,,26.0,81.0,1275.0,15.7,12.0,,,,,,,,,,kevin norwood,WR,Alabama,alabama,366.0
De'Anthony Thomas,,KAN,4,124,2014,Oregon,2011,2013,37.0,,,,,,,,,,,,,,RB,Oregon,51.1,243.0,1890.0,7.8,26.0,113.0,11.5,15.0,35.0,,,,,,,,,,,,,,,de anthony thomas,RB,Oregon,oregon,
Khairi Fortt,,NOR,4,126,2014,California,2010,2013,31.0,,,,,,,,,,,,,,LB,CaliforniaPenn State,,,,,,,,,,,,,,,3.0,48.0,64.0,112.0,10.0,0.0967741935483871,,,,khairi fortt,LB,California,california,
Tre Boston,,CAR,4,128,2014,North Carolina,2010,2013,48.0,,,,,,,,,,,,,,DB,North Carolina,,,,,,,,,,,,,,,,,,,,,13.0,1.0,12.0,tre boston,DB,North Carolina,north carolina,
Dontae Johnson,,SFO,4,129,2014,North Carolina State,2010,2013,51.0,,,,,,,,,,,,,,DB,North Carolina State,,,,,,,,,,,,,,,,,,,,,3.0,0.0,15.0,dontae johnson,DB,North Carolina State,north carolina state,
James White,,NWE,4,130,2014,Wisconsin,2010,2013,52.0,,,,,,,,,,,,,,RB,Wisconsin,77.2,643.0,4015.0,6.2,45.0,73.0,9.2,3.0,12.9,,,,,,,,,,,,,,,james white,RB,Wisconsin,wisconsin,128.0
Brock Vereen,,CHI,4,131,2014,Minnesota,2010,2013,47.0,,,,,,,,,,,,,,DB,Minnesota,,,,,,,,,,,,,,,,,,,,,4.0,0.0,12.0,brock vereen,DB,Minnesota,minnesota,
Kevin Pierre-Louis,,SEA,4,132,2014,Boston College,2010,2013,44.0,,,,,,,,,,,,,,LB,Boston College,,,,,,,,,,,,,,,8.0,214.0,146.0,360.0,23.0,0.1818181818181818,,,,kevin pierre louis,LB,Boston College,boston college,
Nevin Lawson,,DET,4,133,2014,Utah State,2010,2013,47.0,,,,,,,,,,,,,,DB,Utah State,,,,,,,,,,,,,,,,,,,,,6.0,1.0,34.0,nevin lawson,DB,Utah State,utah state,
Brent Urban,,RAV,4,134,2014,Virginia,2011,2013,33.0,,,,,,,,,,,,,,DL,Virginia,,,,,,,,,,,,,,,3.0,26.0,49.0,75.0,16.0,0.0909090909090909,,,,brent urban,DL,Virginia,virginia,
Tom Savage,131.1,HTX,4,135,2014,Pitt,2009,2013,31.0,430.0,757.0,327.0,56.8,5690.0,37.0,19.0,4.9,2.5,7.5,7.36,13.2,183.5,QB,PittRutgers,,,,,,,,,,,,,,,,,,,,,,,,tom savage,QB,Pitt,pitt,
Prince Shembo,,ATL,4,139,2014,Notre Dame,2010,2013,51.0,,,,,,,,,,,,,,LB,Notre Dame,,,,,,,,,,,,,,,19.0,71.0,74.0,145.0,24.5,0.3725490196078431,,,,prince shembo,LB,Notre Dame,notre dame,
Cameron Fleming,,NWE,4,140,2014,Stanford,2012,2012,14.0,,,,,,,,,,,,,,OL,Stanford,,,,,,,,,,,,,,,,,,,,,,,,cameron fleming,OL,Stanford,stanford,
Taylor Hart,,PHI,5,141,2014,Oregon,2010,2013,52.0,,,,,,,,,,,,,,DL,Oregon,,,,,,,,,,,,,,,16.0,97.0,76.0,173.0,22.0,0.3076923076923077,,,,taylor hart,DL,Oregon,oregon,
Ryan Grant,,WAS,5,142,2014,Tulane,2009,2013,47.0,,,,,,,,,,,,,,WR,Tulane,,,,,,,,,,58.9,196.0,2769.0,14.1,21.0,,,,,,,,,,ryan grant,WR,Tulane,tulane,357.0
Telvin Smith,,JAX,5,144,2014,Florida State,2010,2013,54.0,,,,,,,,,,,,,,LB,Florida State,,,,,,,,,,,,,,,7.0,139.0,75.0,214.0,29.0,0.1296296296296296,,,,telvin smith,LB,Florida State,florida state,
Devin Street,,DAL,5,146,2014,Pitt,2010,2013,49.0,,,,,,,,,,,,,,WR,Pitt,,,,,,,,,,59.2,202.0,2901.0,14.4,16.0,,,,,,,,,,devin street,WR,Pitt,pitt,
Ricardo Allen,,ATL,5,147,2014,Purdue,2010,2013,50.0,,,,,,,,,,,,,,DB,Purdue,,,,,,,,,,,,,,,,,,,,,13.0,4.0,11.0,ricardo allen,DB,Purdue,purdue,
Bene Benwikere,,CAR,5,148,2014,San Jose State,2010,2013,47.0,,,,,,,,,,,,,,DB,San Jose State,,,,,,,,,,,,,,,,,,,,,14.0,1.0,17.0,bene benwikere,DB,San Jose State,san jose state,
Aaron Lynch,,SFO,5,150,2014,South Florida,2011,2013,24.0,,,,,,,,,,,,,,DL,Notre DameSouth Florida,,,,,,,,,,,,,,,10.0,36.0,26.0,62.0,19.0,0.4166666666666667,,,,aaron lynch,DL,South Florida,south florida,
Avery Williamson,,OTI,5,151,2014,Kentucky,2010,2013,48.0,,,,,,,,,,,,,,LB,Kentucky,,,,,,,,,,,,,,,4.0,147.0,149.0,296.0,10.0,0.0833333333333333,,,,avery williamson,LB,Kentucky,kentucky,
Nat Berhe,,NYG,5,152,2014,San Diego State,2010,2013,51.0,,,,,,,,,,,,,,DB,San Diego State,,,,,,,,,,,,,,,,,,,,,5.0,0.0,15.0,nat berhe,DB,San Diego State,san diego state,
Jeremiah George,,NYJ,5,154,2014,Iowa State,2010,2013,47.0,,,,,,,,,,,,,,LB,Iowa State,,,,,,,,,,,,,,,3.0,137.0,88.0,225.0,16.0,0.0638297872340425,,,,jeremiah george,LB,Iowa State,iowa state,
Arthur Lynch,,MIA,5,155,2014,Georgia,2009,2013,50.0,,,,,,,,,,,,,,TE,Georgia,,,,,,,,,,18.1,56.0,907.0,16.2,8.0,,,,,,,,,,arthur lynch,TE,Georgia,georgia,233.0
Lamin Barrow,,DEN,5,156,2014,LSU,2010,2013,51.0,,,,,,,,,,,,,,LB,LSU,,,,,,,,,,,,,,,1.0,87.0,143.0,230.0,14.5,0.0196078431372549,,,,lamin barrow,LB,LSU,lsu,
Shaquille Richardson,,PIT,5,157,2014,Arizona,2010,2013,49.0,,,,,,,,,,,,,,DB,Arizona,,,,,,,,,,,,,,,,,,,,,10.0,1.0,16.0,shaquille richardson,DB,Arizona,arizona,
Chris Smith,,JAX,5,159,2014,Arkansas,2010,2013,43.0,,,,,,,,,,,,,,DL,Arkansas,,,,,,,,,,,,,,,21.0,61.0,61.0,122.0,30.5,0.4883720930232558,,,,chris smith,DL,Arkansas,arkansas,
Ed Stinson,,CRD,5,160,2014,Alabama,2010,2013,49.0,,,,,,,,,,,,,,LB,Alabama,,,,,,,,,,,,,,,5.0,57.0,47.0,104.0,15.5,0.1020408163265306,,,,ed stinson,LB,Alabama,alabama,
Ed Reynolds,,PHI,5,162,2014,Stanford,2010,2013,33.0,,,,,,,,,,,,,,DB,Stanford,,,,,,,,,,,,,,,,,,,,,7.0,3.0,4.0,ed reynolds,DB,Stanford,stanford,
Aaron Murray,158.6,KAN,5,163,2014,Georgia,2010,2013,52.0,921.0,1478.0,557.0,62.3,13166.0,121.0,41.0,8.2,2.8,8.9,9.3,14.3,253.2,QB,Georgia,,,,,,,,,,,,,,,,,,,,,,,,aaron murray,QB,Georgia,georgia,30.0
A.J. McCarron,162.5,CIN,5,164,2014,Alabama,2010,2013,53.0,686.0,1026.0,340.0,66.9,9019.0,77.0,15.0,7.5,1.5,8.8,9.63,13.1,170.2,QB,Alabama,,,,,,,,,,,,,,,,,,,,,,,,a j mccarron,QB,Alabama,alabama,28.0
Ryan Carrethers,,SDG,5,165,2014,Arkansas State,2010,2013,49.0,,,,,,,,,,,,,,DL,Arkansas State,,,,,,,,,,,,,,,6.0,58.0,138.0,196.0,14.5,0.1224489795918367,,,,ryan carrethers,DL,Arkansas State,arkansas state,
Jonathan Newsome,,CLT,5,166,2014,Ball State,2012,2013,22.0,,,,,,,,,,,,,,DL,Ball State,,,,,,,,,,,,,,,17.0,49.0,66.0,115.0,24.5,0.7727272727272727,,,,jonathan newsome,DL,Ball State,ball state,
Vinnie Sunseri,,NOR,5,167,2014,Alabama,2011,2013,33.0,,,,,,,,,,,,,,DB,Alabama,,,,,,,,,,,,,,,,,,,,,4.0,2.0,5.0,vinnie sunseri,DB,Alabama,alabama,
Marquis Spruill,,ATL,5,168,2014,Syracuse,2010,2013,51.0,,,,,,,,,,,,,,LB,Syracuse,,,,,,,,,,,,,,,12.0,161.0,83.0,244.0,41.0,0.2352941176470588,,,,marquis spruill,LB,Syracuse,syracuse,
Ronald Powell,,NOR,5,169,2014,Florida,2010,2013,35.0,,,,,,,,,,,,,,DL,Florida,,,,,,,,,,,,,,,11.0,53.0,26.0,79.0,18.5,0.3142857142857143,,,,ronald powell,DL,Florida,florida,
Keith Reaser,,SFO,5,170,2014,Florida Atlantic,2010,2013,40.0,,,,,,,,,,,,,,DB,Florida Atlantic,,,,,,,,,,,,,,,,,,,,,5.0,0.0,11.0,keith reaser,DB,Florida Atlantic,florida atlantic,
Wesley Johnson,,PIT,5,173,2014,Vanderbilt,2011,2013,27.0,,,,,,,,,,,,,,OL,Vanderbilt,,,,,,,,,,,,,,,,,,,,,,,,wesley johnson,OL,Vanderbilt,vanderbilt,
Devon Kennard,,NYG,5,174,2014,USC,2009,2013,52.0,,,,,,,,,,,,,,DL,USC,,,,,,,,,,,,,,,12.0,96.0,99.0,195.0,26.0,0.2307692307692307,,,,devon kennard,DL,USC,usc,
Jared Abbrederis,,GNB,5,176,2014,Wisconsin,2010,2013,53.0,,,,,,,,,,,,,,WR,Wisconsin,,,,,,,,,,59.2,202.0,3140.0,15.5,23.0,,,,,,,,,,jared abbrederis,WR,Wisconsin,wisconsin,350.0
Jeoffrey Pagan,,HTX,6,177,2014,Alabama,2011,2013,32.0,,,,,,,,,,,,,,DL,Alabama,,,,,,,,,,,,,,,3.0,27.0,33.0,60.0,7.5,0.09375,,,,jeoffrey pagan,DL,Alabama,alabama,
Zach Mettenberger,148.4,OTI,6,178,2014,LSU,2011,2013,30.0,407.0,659.0,252.0,61.8,5783.0,35.0,15.0,5.3,2.3,8.8,8.81,14.2,192.8,QB,LSU,,,,,,,,,,,,,,,,,,,,,,,,zach mettenberger,QB,LSU,lsu,29.0
Kenneth Acker,,SFO,6,180,2014,SMU,2010,2013,46.0,,,,,,,,,,,,,,DB,SMU,,,,,,,,,,,,,,,,,,,,,7.0,1.0,17.0,kenneth acker,DB,SMU,smu,
Alfred Blue,,HTX,6,181,2014,LSU,2010,2013,41.0,,,,,,,,,,,,,,RB,LSU,30.6,209.0,1253.0,6.0,11.0,16.0,6.6,0.0,2.6,,,,,,,,,,,,,,,alfred blue,RB,LSU,lsu,117.0
Antone Exum,,MIN,6,182,2014,Virginia Tech,2010,2013,44.0,,,,,,,,,,,,,,DB,Virginia Tech,,,,,,,,,,,,,,,,,,,,,6.0,0.0,20.0,antone exum,DB,Virginia Tech,virginia tech,
David Fales,161.7,CHI,6,183,2014,San Jose State,2012,2013,25.0,639.0,938.0,299.0,68.1,8382.0,66.0,22.0,7.0,2.3,8.9,9.29,13.1,335.3,QB,San Jose State,,,,,,,,,,,,,,,,,,,,,,,,david fales,QB,San Jose State,san jose state,
Robert Herron,,TAM,6,185,2014,Wyoming,2010,2013,42.0,,,,,,,,,,,,,,WR,Wyoming,,,,,,,,,,48.2,152.0,2025.0,13.3,20.0,,,,,,,,,,robert herron,WR,Wyoming,wyoming,359.0
Lache Seastrunk,,WAS,6,186,2014,Baylor,2012,2013,24.0,,,,,,,,,,,,,,RB,Baylor,91.2,289.0,2189.0,7.6,18.0,9.0,11.9,1.0,4.5,,,,,,,,,,,,,,,lache seastrunk,RB,Baylor,baylor,124.0
Bennett Jackson,,NYG,6,187,2014,Notre Dame,2010,2010,13.0,,,,,,,,,,,,,,WR,Notre Dame,,,,,,,,,,0.0,0.0,0.0,,0.0,,,,,,,,,,bennett jackson,WR,Notre Dame,notre dame,
Bennett Jackson,,NYG,6,187,2014,Notre Dame,2011,2013,39.0,,,,,,,,,,,,,,DB,Notre Dame,,,,,,,,,,,,,,,,,,,,,6.0,1.0,3.0,bennett jackson,DB,Notre Dame,notre dame,
E.J. Gaines,,RAM,6,188,2014,Missouri,2010,2013,50.0,,,,,,,,,,,,,,DB,Missouri,,,,,,,,,,,,,,,,,,,,,8.0,0.0,20.0,e j gaines,DB,Missouri,missouri,
T.J. Jones,,DET,6,189,2014,Notre Dame,2010,2013,51.0,,,,,,,,,,,,,,WR,Notre Dame,,,,,,,,,,47.6,181.0,2429.0,13.4,19.0,,,,,,,,,,t j jones,WR,Notre Dame,notre dame,361.0
Jordan Zumwalt,,PIT,6,192,2014,UCLA,2010,2013,47.0,,,,,,,,,,,,,,LB,UCLA,,,,,,,,,,,,,,,5.0,141.0,75.0,216.0,20.0,0.1063829787234042,,,,jordan zumwalt,LB,UCLA,ucla,
Keith Wenning,134.7,RAV,6,194,2014,Ball State,2010,2013,49.0,1035.0,1642.0,607.0,63.0,11402.0,92.0,42.0,5.6,2.6,6.9,6.91,11.0,232.7,QB,Ball State,,,,,,,,,,,,,,,,,,,,,,,,keith wenning,QB,Ball State,ball state,
Demetri Goodson,,GNB,6,197,2014,Baylor,2011,2013,19.0,,,,,,,,,,,,,,DB,Baylor,,,,,,,,,,,,,,,,,,,,,4.0,0.0,13.0,demetri goodson,DB,Baylor,baylor,
Garrett Scott,,SEA,6,199,2014,Marshall,2013,2013,1.0,,,,,,,,,,,,,,OL,Marshall,,,,,,,,,,,,,,,,,,,,,,,,garrett scott,OL,Marshall,marshall,
Marion Grice,,SDG,6,201,2014,Arizona State,2012,2013,24.0,,,,,,,,,,,,,,RB,Arizona State,69.8,294.0,1675.0,5.7,25.0,91.0,9.5,14.0,36.0,,,,,,,,,,,,,,,marion grice,RB,Arizona State,arizona state,
Tavon Rooks,,NOR,6,202,2014,Kansas State,2013,2013,1.0,,,,,,,,,,,,,,OL,Kansas State,,,,,,,,,,,,,,,,,,,,,,,,tavon rooks,OL,Kansas State,kansas state,
Andrew Jackson,,CLT,6,203,2014,Western Kentucky,2011,2013,33.0,,,,,,,,,,,,,,LB,Western Kentucky,,,,,,,,,,,,,,,6.0,152.0,143.0,295.0,37.5,0.1818181818181818,,,,andrew jackson,LB,Western Kentucky,western kentucky,
Tyler Gaffney,,CAR,6,204,2014,Stanford,2009,2013,49.0,,,,,,,,,,,,,,RB,Stanford,51.0,486.0,2500.0,5.1,33.0,32.0,8.3,4.0,5.4,,,,,,,,,,,,,,,tyler gaffney,RB,Stanford,stanford,118.0
Luke Bowanko,,JAX,6,205,2014,Virginia,2013,2013,1.0,,,,,,,,,,,,,,G,Virginia,,,,,,,,,,,,,,,,,,,,,,,,luke bowanko,G,Virginia,virginia,
Jemea Thomas,,NWE,6,206,2014,Georgia Tech,2009,2013,54.0,,,,,,,,,,,,,,DB,Georgia Tech,,,,,,,,,,,,,,,,,,,,,9.0,0.0,15.0,jemea thomas,DB,Georgia Tech,georgia tech,
Eric Pinkins,,SEA,6,208,2014,San Diego State,2009,2013,46.0,,,,,,,,,,,,,,DB,San Diego State,,,,,,,,,,,,,,,,,,,,,3.0,1.0,5.0,eric pinkins,DB,San Diego State,san diego state,
Quincy Enunwa,,NYJ,6,209,2014,Nebraska,2010,2013,49.0,,,,,,,,,,,,,,WR,Nebraska,,,,,,,,,,31.1,115.0,1526.0,13.3,15.0,,,,,,,,,,quincy enunwa,WR,Nebraska,nebraska,354.0
Ik Enemkpali,,NYJ,6,210,2014,Louisiana Tech,2010,2013,48.0,,,,,,,,,,,,,,DL,Louisiana Tech,,,,,,,,,,,,,,,17.0,71.0,77.0,148.0,32.0,0.3541666666666667,,,,ik enemkpali,DL,Louisiana Tech,louisiana tech,
Jay Prosch,,HTX,6,211,2014,Auburn,2010,2013,42.0,,,,,,,,,,,,,,RB,AuburnIllinois,1.1,14.0,47.0,3.4,2.0,11.0,10.5,1.0,2.7,,,,,,,,,,,,,,,jay prosch,RB,Auburn,auburn,
Marquis Flowers,,CIN,6,212,2014,Arizona,2012,2013,26.0,,,,,,,,,,,,,,LB,Arizona,,,,,,,,,,,,,,,6.0,111.0,83.0,194.0,24.5,0.2307692307692307,,,,marquis flowers,LB,Arizona,arizona,
Marquis Flowers,,CIN,6,212,2014,Arizona,2010,2011,24.0,,,,,,,,,,,,,,DB,Arizona,,,,,,,,,,,,,,,,,,,,,1.0,0.0,3.0,marquis flowers,DB,Arizona,arizona,
Tajh Boyd,155.2,NYJ,6,213,2014,Clemson,2010,2013,47.0,901.0,1402.0,501.0,64.3,11904.0,107.0,39.0,7.6,2.8,8.5,8.77,13.2,253.3,QB,Clemson,,,,,,,,,,,,,,,,,,,,,,,,tajh boyd,QB,Clemson,clemson,25.0
Garrett Gilbert,116.3,RAM,6,214,2014,SMU,2009,2013,47.0,908.0,1548.0,640.0,58.7,9761.0,49.0,45.0,3.2,2.9,6.3,5.63,10.8,207.7,QB,SMUTexas,,,,,,,,,,,,,,,,,,,,,,,,garrett gilbert,QB,SMU,smu,
Daniel McCullers,,PIT,6,215,2014,Tennessee,2012,2013,24.0,,,,,,,,,,,,,,DL,Tennessee,,,,,,,,,,,,,,,1.0,41.0,31.0,72.0,10.0,0.0416666666666666,,,,daniel mccullers,DL,Tennessee,tennessee,
Andre Hal,,HTX,7,216,2014,Vanderbilt,2010,2013,50.0,,,,,,,,,,,,,,DB,Vanderbilt,,,,,,,,,,,,,,,,,,,,,6.0,0.0,17.0,andre hal,DB,Vanderbilt,vanderbilt,
Ted Bolser,,WAS,7,217,2014,Indiana,2010,2013,47.0,,,,,,,,,,,,,,TE,Indiana,,,,,,,,,,28.4,117.0,1337.0,11.4,15.0,,,,,,,,,,ted bolser,TE,Indiana,indiana,
Michael Campanaro,,RAV,7,218,2014,Wake Forest,2010,2013,42.0,,,,,,,,,,,,,,WR,Wake Forest,,,,,,,,,,59.7,229.0,2506.0,10.9,14.0,,,,,,,,,,michael campanaro,WR,Wake Forest,wake forest,352.0
Travis Carrie,,RAI,7,219,2014,Ohio,2008,2013,50.0,,,,,,,,,,,,,,DB,Ohio,,,,,,,,,,,,,,,,,,,,,9.0,2.0,26.0,travis carrie,DB,Ohio,ohio,
Shamar Stephen,,MIN,7,220,2014,Connecticut,2010,2013,46.0,,,,,,,,,,,,,,DL,Connecticut,,,,,,,,,,,,,,,5.0,55.0,75.0,130.0,17.0,0.108695652173913,,,,shamar stephen,DL,Connecticut,connecticut,
Randell Johnson,,BUF,7,221,2014,Florida Atlantic,2010,2013,40.0,,,,,,,,,,,,,,LB,Florida Atlantic,,,,,,,,,,,,,,,9.0,104.0,91.0,195.0,30.5,0.225,,,,randell johnson,LB,Florida Atlantic,florida atlantic,
Storm Johnson,,JAX,7,222,2014,UCF,2010,2013,36.0,,,,,,,,,,,,,,RB,Miami (FL)UCF,49.0,335.0,1765.0,5.3,19.0,41.0,7.0,3.0,8.0,,,,,,,,,,,,,,,storm johnson,RB,UCF,ucf,
Brandon Watts,,MIN,7,223,2014,Georgia Tech,2013,2013,11.0,,,,,,,,,,,,,,LB,Georgia Tech,,,,,,,,,,,,,,,2.0,37.0,23.0,60.0,3.0,0.1818181818181818,,,,brandon watts,LB,Georgia Tech,georgia tech,
Brandon Watts,,MIN,7,223,2014,Georgia Tech,2010,2012,37.0,,,,,,,,,,,,,,DB,Georgia Tech,,,,,,,,,,,,,,,,,,,,,0.0,0.0,2.0,brandon watts,DB,Georgia Tech,georgia tech,
Beau Allen,,PHI,7,224,2014,Wisconsin,2010,2013,50.0,,,,,,,,,,,,,,DL,Wisconsin,,,,,,,,,,,,,,,8.0,45.0,49.0,94.0,15.0,0.16,,,,beau allen,DL,Wisconsin,wisconsin,
Jabari Price,,MIN,7,225,2014,North Carolina,2010,2013,45.0,,,,,,,,,,,,,,DB,North Carolina,,,,,,,,,,,,,,,,,,,,,2.0,0.0,16.0,jabari price,DB,North Carolina,north carolina,
Kiero Small,,SEA,7,227,2014,Arkansas,2011,2013,25.0,,,,,,,,,,,,,,RB,Arkansas,6.1,41.0,152.0,3.7,4.0,20.0,6.8,1.0,5.4,,,,,,,,,,,,,,,kiero small,RB,Arkansas,arkansas,
Rob Blanchflower,,PIT,7,230,2014,Massachusetts,2012,2013,15.0,,,,,,,,,,,,,,TE,Massachusetts,,,,,,,,,,51.8,70.0,777.0,11.1,5.0,,,,,,,,,,rob blanchflower,TE,Massachusetts,massachusetts,230.0
Ben Gardner,,DAL,7,231,2014,Stanford,2010,2013,46.0,,,,,,,,,,,,,,DL,Stanford,,,,,,,,,,,,,,,17.0,60.0,47.0,107.0,35.5,0.3695652173913043,,,,ben gardner,DL,Stanford,stanford,
Trevor Reilly,,NYJ,7,233,2014,Utah,2010,2013,48.0,,,,,,,,,,,,,,DL,Utah,,,,,,,,,,,,,,,20.0,131.0,104.0,235.0,37.5,0.4166666666666667,,,,trevor reilly,DL,Utah,utah,
Will Smith,,DAL,7,238,2014,Texas Tech,2012,2013,26.0,,,,,,,,,,,,,,LB,Texas Tech,,,,,,,,,,,,,,,4.0,120.0,55.0,175.0,12.0,0.1538461538461538,,,,will smith,LB,Texas Tech,texas tech,
James Wright,,CIN,7,239,2014,LSU,2010,2013,47.0,,,,,,,,,,,,,,WR,LSU,,,,,,,,,,6.5,25.0,304.0,12.2,0.0,,,,,,,,,,james wright,WR,LSU,lsu,
Tevin Reese,,SDG,7,240,2014,Baylor,2010,2013,47.0,,,,,,,,,,,,,,WR,Baylor,,,,,,,,,,66.0,187.0,3102.0,16.6,24.0,,,,,,,,,,tevin reese,WR,Baylor,baylor,367.0
Christian Bryant,,RAM,7,241,2014,Ohio State,2010,2013,36.0,,,,,,,,,,,,,,DB,Ohio State,,,,,,,,,,,,,,,,,,,,,2.0,0.0,11.0,christian bryant,DB,Ohio State,ohio state,
Corey Nelson,,DEN,7,242,2014,Oklahoma,2010,2013,46.0,,,,,,,,,,,,,,LB,Oklahoma,,,,,,,,,,,,,,,7.0,77.0,79.0,156.0,17.5,0.1521739130434782,,,,corey nelson,LB,Oklahoma,oklahoma,
Kaleb Ramsey,,SFO,7,243,2014,Boston College,2008,2013,41.0,,,,,,,,,,,,,,DL,Boston College,,,,,,,,,,,,,,,6.0,53.0,37.0,90.0,15.0,0.1463414634146341,,,,kaleb ramsey,DL,Boston College,boston college,
Jeremy Gallon,,NWE,7,244,2014,Michigan,2010,2013,51.0,,,,,,,,,,,,,,WR,Michigan,,,,,,,,,,53.0,173.0,2704.0,15.6,17.0,,,,,,,,,,jeremy gallon,WR,Michigan,michigan,356.0
Trey Millard,,SFO,7,245,2014,Oklahoma,2010,2013,48.0,,,,,,,,,,,,,,RB,Oklahoma,11.2,98.0,538.0,5.5,6.0,70.0,9.7,7.0,14.1,,,,,,,,,,,,,,,trey millard,RB,Oklahoma,oklahoma,
Charles Leno,,CHI,7,246,2014,Boise State,2012,2012,13.0,,,,,,,,,,,,,,OL,Boise State,,,,,,,,,,,,,,,,,,,,,,,,charles leno,OL,Boise State,boise state,
Jonathan Dowling,,RAI,7,247,2014,Western Kentucky,2012,2013,23.0,,,,,,,,,,,,,,DB,Western Kentucky,,,,,,,,,,,,,,,,,,,,,9.0,1.0,6.0,jonathan dowling,DB,Western Kentucky,western kentucky,
Ahmad Dixon,,DAL,7,248,2014,Baylor,2010,2013,49.0,,,,,,,,,,,,,,DB,Baylor,,,,,,,,,,,,,,,,,,,,,4.0,1.0,9.0,ahmad dixon,DB,Baylor,baylor,
Michael Sam,,RAM,7,249,2014,Missouri,2010,2013,52.0,,,,,,,,,,,,,,DL,Missouri,,,,,,,,,,,,,,,17.0,59.0,51.0,110.0,31.5,0.3269230769230769,,,,michael sam,DL,Missouri,missouri,
Ken Bishop,,DAL,7,251,2014,Northern Illinois,2012,2013,27.0,,,,,,,,,,,,,,DL,Northern Illinois,,,,,,,,,,,,,,,3.0,66.0,59.0,125.0,16.5,0.1111111111111111,,,,ken bishop,DL,Northern Illinois,northern illinois,
Yawin Smallwood,,ATL,7,253,2014,Connecticut,2011,2013,36.0,,,,,,,,,,,,,,LB,Connecticut,,,,,,,,,,,,,,,8.0,146.0,186.0,332.0,27.0,0.2222222222222222,,,,yawin smallwood,LB,Connecticut,connecticut,
Terrance Mitchell,,DAL,7,254,2014,Oregon,2011,2013,40.0,,,,,,,,,,,,,,DB,Oregon,,,,,,,,,,,,,,,,,,,,,7.0,1.0,25.0,terrance mitchell,DB,Oregon,oregon,
Lonnie Ballentine,,HTX,7,256,2014,Memphis,2010,2013,42.0,,,,,,,,,,,,,,DB,Memphis,,,,,,,,,,,,,,,,,,,,,3.0,0.0,8.0,lonnie ballentine,DB,Memphis,memphis,
Jameis Winston,163.3,TAM,1,1,2015,Florida State,2013,2014,27.0,562.0,851.0,289.0,66.0,7964.0,65.0,28.0,7.6,3.3,9.4,9.41,14.2,295.0,QB,Florida State,,,,,,,,,,,,,,,,,,,,,,,,jameis winston,QB,Florida State,florida state,
Marcus Mariota,171.8,OTI,1,2,2015,Oregon,2012,2014,41.0,779.0,1167.0,388.0,66.8,10796.0,105.0,14.0,9.0,1.2,9.3,10.51,13.9,263.3,QB,Oregon,,,,,,,,,,,,,,,,,,,,,,,,marcus mariota,QB,Oregon,oregon,34.0
Dante Fowler Jr.,,JAX,1,3,2015,Florida,2012,2014,36.0,,,,,,,,,,,,,,LB,Florida,,,,,,,,,,,,,,,14.0,73.0,67.0,140.0,33.0,0.3888888888888889,,,,dante fowler,LB,Florida,florida,
Amari Cooper,,RAI,1,4,2015,Alabama,2012,2014,39.0,,,,,,,,,,,,,,WR,Alabama,,,,,,,,,,88.8,228.0,3463.0,15.2,31.0,,,,,,,,,,amari cooper,WR,Alabama,alabama,377.0
Brandon Scherff,,WAS,1,5,2015,Iowa,2014,2014,13.0,,,,,,,,,,,,,,OL,Iowa,,,,,,,,,,,,,,,,,,,,,,,,brandon scherff,OL,Iowa,iowa,
Leonard Williams,,NYJ,1,6,2015,USC,2012,2014,39.0,,,,,,,,,,,,,,DL,USC,,,,,,,,,,,,,,,20.0,111.0,107.0,218.0,35.5,0.5128205128205128,,,,leonard williams,DL,USC,usc,
Kevin White,,CHI,1,7,2015,West Virginia,2013,2014,23.0,,,,,,,,,,,,,,WR,West Virginia,,,,,,,,,,85.0,144.0,1954.0,13.6,15.0,,,,,,,,,,kevin white,WR,West Virginia,west virginia,391.0
Vic Beasley,,ATL,1,8,2015,Clemson,2011,2014,47.0,,,,,,,,,,,,,,DL,Clemson,,,,,,,,,,,,,,,33.0,72.0,17.0,89.0,52.0,0.7021276595744681,,,,vic beasley,DL,Clemson,clemson,
Ereck Flowers,,NYG,1,9,2015,Miami (FL),2014,2014,12.0,,,,,,,,,,,,,,OL,Miami (FL),,,,,,,,,,,,,,,,,,,,,,,,ereck flowers,OL,Miami (FL),miami (fl),
Todd Gurley,,RAM,1,10,2015,Georgia,2012,2014,30.0,,,,,,,,,,,,,,RB,Georgia,109.5,510.0,3285.0,6.4,36.0,65.0,9.5,6.0,20.5,,,,,,,,,,,,,,,todd gurley,RB,Georgia,georgia,135.0
Trae Waynes,,MIN,1,11,2015,Michigan State,2012,2014,36.0,,,,,,,,,,,,,,DB,Michigan State,,,,,,,,,,,,,,,,,,,,,6.0,0.0,13.0,trae waynes,DB,Michigan State,michigan state,
Danny Shelton,,CLE,1,12,2015,Washington,2011,2014,50.0,,,,,,,,,,,,,,DL,Washington,,,,,,,,,,,,,,,10.0,104.0,95.0,199.0,23.0,0.2,,,,danny shelton,DL,Washington,washington,
Andrus Peat,,NOR,1,13,2015,Stanford,2013,2014,14.0,,,,,,,,,,,,,,T,Stanford,,,,,,,,,,,,,,,,,,,,,,,,andrus peat,T,Stanford,stanford,
Devante Parker,,MIA,1,14,2015,Louisville,2011,2014,43.0,,,,,,,,,,,,,,WR,Louisville,,,,,,,,,,64.5,156.0,2775.0,17.8,33.0,,,,,,,,,,devante parker,WR,Louisville,louisville,387.0
Melvin Gordon,,SDG,1,15,2015,Wisconsin,2011,2014,45.0,,,,,,,,,,,,,,RB,Wisconsin,109.2,631.0,4915.0,7.8,45.0,22.0,10.4,4.0,5.1,,,,,,,,,,,,,,,melvin gordon,RB,Wisconsin,wisconsin,134.0
Kevin Johnson,,HTX,1,16,2015,Wake Forest,2010,2014,47.0,,,,,,,,,,,,,,DB,Wake Forest,,,,,,,,,,,,,,,,,,,,,7.0,0.0,20.0,kevin johnson,DB,Wake Forest,wake forest,
Arik Armstead,,SFO,1,17,2015,Oregon,2012,2014,35.0,,,,,,,,,,,,,,DL,Oregon,,,,,,,,,,,,,,,4.0,42.0,45.0,87.0,10.5,0.1142857142857142,,,,arik armstead,DL,Oregon,oregon,
Marcus Peters,,KAN,1,18,2015,Washington,2012,2014,35.0,,,,,,,,,,,,,,DB,Washington,,,,,,,,,,,,,,,,,,,,,11.0,1.0,16.0,marcus peters,DB,Washington,washington,
Cameron Erving,,CLE,1,19,2015,Florida State,2013,2013,1.0,,,,,,,,,,,,,,OL,Florida State,,,,,,,,,,,,,,,,,,,,,,,,cameron erving,OL,Florida State,florida state,
Cameron Erving,,CLE,1,19,2015,Florida State,2010,2011,16.0,,,,,,,,,,,,,,DL,Florida State,,,,,,,,,,,,,,,1.0,12.0,9.0,21.0,2.5,0.0625,,,,cameron erving,DL,Florida State,florida state,
Nelson Agholor,,PHI,1,20,2015,USC,2012,2014,40.0,,,,,,,,,,,,,,WR,USC,,,,,,,,,,64.3,178.0,2572.0,14.4,20.0,,,,,,,,,,nelson agholor,WR,USC,usc,
Alvin Dupree,,PIT,1,22,2015,Kentucky,2011,2014,47.0,,,,,,,,,,,,,,LB,Kentucky,,,,,,,,,,,,,,,23.0,145.0,102.0,247.0,37.0,0.4893617021276595,,,,alvin dupree,LB,Kentucky,kentucky,
Shane Ray,,DEN,1,23,2015,Missouri,2012,2014,40.0,,,,,,,,,,,,,,DL,Missouri,,,,,,,,,,,,,,,19.0,82.0,38.0,120.0,34.0,0.475,,,,shane ray,DL,Missouri,missouri,
D.J. Humphries,,CRD,1,24,2015,Florida,2014,2014,10.0,,,,,,,,,,,,,,OL,Florida,,,,,,,,,,,,,,,,,,,,,,,,d j humphries,OL,Florida,florida,
Shaq Thompson,,CAR,1,25,2015,Washington,2013,2014,26.0,,,,,,,,,,,,,,LB,Washington,,,,,,,,,,,,,,,1.0,102.0,57.0,159.0,6.5,0.0384615384615384,,,,shaq thompson,LB,Washington,washington,
Shaq Thompson,,CAR,1,25,2015,Washington,2012,2012,13.0,,,,,,,,,,,,,,DB,Washington,,,,,,,,,,,,,,,,,,,,,3.0,0.0,0.0,shaq thompson,DB,Washington,washington,
Breshad Perriman,,RAV,1,26,2015,UCF,2012,2014,39.0,,,,,,,,,,,,,,WR,UCF,,,,,,,,,,57.5,115.0,2243.0,19.5,16.0,,,,,,,,,,breshad perriman,WR,UCF,ucf,
Byron Jones,,DAL,1,27,2015,Connecticut,2011,2014,43.0,,,,,,,,,,,,,,DB,Connecticut,,,,,,,,,,,,,,,,,,,,,8.0,1.0,16.0,byron jones,DB,Connecticut,connecticut,
Laken Tomlinson,,DET,1,28,2015,Duke,2014,2014,13.0,,,,,,,,,,,,,,OL,Duke,,,,,,,,,,,,,,,,,,,,,,,,laken tomlinson,OL,Duke,duke,
Phillip Dorsett,,CLT,1,29,2015,Miami (FL),2011,2014,44.0,,,,,,,,,,,,,,WR,Miami (FL),,,,,,,,,,48.5,121.0,2132.0,17.6,17.0,,,,,,,,,,phillip dorsett,WR,Miami (FL),miami (fl),381.0
Damarious Randall,,GNB,1,30,2015,Arizona State,2013,2014,24.0,,,,,,,,,,,,,,DB,Arizona State,,,,,,,,,,,,,,,,,,,,,6.0,2.0,12.0,damarious randall,DB,Arizona State,arizona state,
Stephone Anthony,,NOR,1,31,2015,Clemson,2011,2014,51.0,,,,,,,,,,,,,,LB,Clemson,,,,,,,,,,,,,,,10.0,151.0,104.0,255.0,35.0,0.196078431372549,,,,stephone anthony,LB,Clemson,clemson,
Malcom Brown,,NWE,1,32,2015,Texas,2012,2014,28.0,,,,,,,,,,,,,,DL,Texas,,,,,,,,,,,,,,,6.0,49.0,46.0,95.0,16.0,0.2142857142857142,,,,malcom brown,DL,Texas,texas,
Landon Collins,,NYG,2,33,2015,Alabama,2012,2014,41.0,,,,,,,,,,,,,,DB,Alabama,,,,,,,,,,,,,,,,,,,,,5.0,1.0,13.0,landon collins,DB,Alabama,alabama,
Mario Edwards Jr.,,RAI,2,35,2015,Florida State,2012,2014,35.0,,,,,,,,,,,,,,DL,Florida State,,,,,,,,,,,,,,,8.0,54.0,41.0,95.0,23.0,0.2285714285714285,,,,mario edwards,DL,Florida State,florida state,
T.J. Yeldon,,JAX,2,36,2015,Alabama,2012,2014,39.0,,,,,,,,,,,,,,RB,Alabama,85.2,576.0,3322.0,5.8,37.0,46.0,10.7,2.0,12.7,,,,,,,,,,,,,,,t j yeldon,RB,Alabama,alabama,141.0
Devin Smith,,NYJ,2,37,2015,Ohio State,2011,2014,54.0,,,,,,,,,,,,,,WR,Ohio State,,,,,,,,,,46.4,121.0,2503.0,20.7,30.0,,,,,,,,,,devin smith,WR,Ohio State,ohio state,
Preston Smith,,WAS,2,38,2015,Mississippi State,2011,2014,47.0,,,,,,,,,,,,,,DL,Mississippi State,,,,,,,,,,,,,,,16.0,73.0,61.0,134.0,27.0,0.3404255319148936,,,,preston smith,DL,Mississippi State,mississippi state,
Eddie Goldman,,CHI,2,39,2015,Florida State,2012,2014,33.0,,,,,,,,,,,,,,DL,Florida State,,,,,,,,,,,,,,,6.0,31.0,31.0,62.0,12.0,0.1818181818181818,,,,eddie goldman,DL,Florida State,florida state,
Dorial Green-Beckham,,OTI,2,40,2015,Oklahoma,2012,2013,25.0,,,,,,,,,,,,,,WR,Missouri,,,,,,,,,,51.1,87.0,1278.0,14.7,17.0,,,,,,,,,,dorial green beckham,WR,Oklahoma,oklahoma,383.0
Devin Funchess,,CAR,2,41,2015,Michigan,2012,2014,37.0,,,,,,,,,,,,,,TE,Michigan,,,,,,,,,,46.4,126.0,1715.0,13.6,15.0,,,,,,,,,,devin funchess,TE,Michigan,michigan,
Jalen Collins,,ATL,2,42,2015,LSU,2012,2014,34.0,,,,,,,,,,,,,,DB,LSU,,,,,,,,,,,,,,,,,,,,,2.0,0.0,2.0,jalen collins,DB,LSU,lsu,
Benardrick McKinney,,HTX,2,43,2015,Mississippi State,2012,2014,39.0,,,,,,,,,,,,,,LB,Mississippi State,,,,,,,,,,,,,,,7.0,122.0,121.0,243.0,19.5,0.1794871794871795,,,,benardrick mckinney,LB,Mississippi State,mississippi state,
Hau'oli Kikaha,,NOR,2,44,2015,Washington,2010,2014,43.0,,,,,,,,,,,,,,DL,Washington,,,,,,,,,,,,,,,35.0,139.0,67.0,206.0,51.0,0.813953488372093,,,,hau oli kikaha,DL,Washington,washington,
Eric Kendricks,,MIN,2,45,2015,UCLA,2011,2014,52.0,,,,,,,,,,,,,,LB,UCLA,,,,,,,,,,,,,,,10.0,307.0,174.0,481.0,26.0,0.1923076923076923,,,,eric kendricks,LB,UCLA,ucla,
Eric Rowe,,PHI,2,47,2015,Utah,2011,2014,47.0,,,,,,,,,,,,,,DB,Utah,,,,,,,,,,,,,,,,,,,,,3.0,1.0,28.0,eric rowe,DB,Utah,utah,
Denzel Perryman,,SDG,2,48,2015,Miami (FL),2011,2014,47.0,,,,,,,,,,,,,,LB,Miami (FL),,,,,,,,,,,,,,,4.0,240.0,111.0,351.0,27.0,0.0851063829787234,,,,denzel perryman,LB,Miami (FL),miami (fl),
Ronald Darby,,BUF,2,50,2015,Florida State,2012,2014,35.0,,,,,,,,,,,,,,DB,Florida State,,,,,,,,,,,,,,,,,,,,,2.0,0.0,16.0,ronald darby,DB,Florida State,florida state,
Nate Orchard,,CLE,2,51,2015,Utah,2013,2014,24.0,,,,,,,,,,,,,,DE,Utah,,,,,,,,,,,,,,,21.0,76.0,57.0,133.0,29.5,0.875,,,,nate orchard,DE,Utah,utah,565.0
Jordan Phillips,,MIA,2,52,2015,Oklahoma,2012,2014,28.0,,,,,,,,,,,,,,DL,Oklahoma,,,,,,,,,,,,,,,3.0,28.0,30.0,58.0,9.0,0.1071428571428571,,,,jordan phillips,DL,Oklahoma,oklahoma,
Jake Fisher,,CIN,2,53,2015,Oregon,2012,2012,13.0,,,,,,,,,,,,,,OL,Oregon,,,,,,,,,,,,,,,,,,,,,,,,jake fisher,OL,Oregon,oregon,
Ameer Abdullah,,DET,2,54,2015,Nebraska,2011,2014,53.0,,,,,,,,,,,,,,RB,Nebraska,86.6,813.0,4588.0,5.6,39.0,73.0,9.5,7.0,13.0,,,,,,,,,,,,,,,ameer abdullah,RB,Nebraska,nebraska,129.0
Maxx Williams,,RAV,2,55,2015,Minnesota,2013,2014,25.0,,,,,,,,,,,,,,TE,Minnesota,,,,,,,,,,39.4,61.0,986.0,16.2,13.0,,,,,,,,,,maxx williams,TE,Minnesota,minnesota,245.0
Senquez Golson,,PIT,2,56,2015,Ole Miss,2011,2014,47.0,,,,,,,,,,,,,,DB,Ole Miss,,,,,,,,,,,,,,,,,,,,,16.0,1.0,12.0,senquez golson,DB,Ole Miss,ole miss,
Rob Havenstein,,RAM,2,57,2015,Wisconsin,2013,2013,2.0,,,,,,,,,,,,,,OL,Wisconsin,,,,,,,,,,,,,,,,,,,,,,,,rob havenstein,OL,Wisconsin,wisconsin,
Markus Golden,,CRD,2,58,2015,Missouri,2012,2014,39.0,,,,,,,,,,,,,,LB,Missouri,,,,,,,,,,,,,,,16.0,77.0,66.0,143.0,33.0,0.4102564102564102,,,,markus golden,LB,Missouri,missouri,
Ty Sambrailo,,DEN,2,59,2015,Colorado State,2012,2014,24.0,,,,,,,,,,,,,,OL,Colorado State,,,,,,,,,,,,,,,,,,,,,,,,ty sambrailo,OL,Colorado State,colorado state,
Randy Gregory,,DAL,2,60,2015,Nebraska,2013,2014,24.0,,,,,,,,,,,,,,DE,Nebraska,,,,,,,,,,,,,,,16.0,62.0,57.0,119.0,25.5,0.6666666666666666,,,,randy gregory,DE,Nebraska,nebraska,
Quinten Rollins,,GNB,2,62,2015,Miami (OH),2014,2014,12.0,,,,,,,,,,,,,,DB,Miami (OH),,,,,,,,,,,,,,,,,,,,,7.0,1.0,9.0,quinten rollins,DB,Miami (OH),miami (oh),
Frank Clark,,SEA,2,63,2015,Michigan,2011,2014,45.0,,,,,,,,,,,,,,LB,Michigan,,,,,,,,,,,,,,,11.0,66.0,49.0,115.0,35.5,0.2444444444444444,,,,frank clark,LB,Michigan,michigan,
Jordan Richards,,NWE,2,64,2015,Stanford,2011,2014,54.0,,,,,,,,,,,,,,DB,Stanford,,,,,,,,,,,,,,,,,,,,,9.0,1.0,9.0,jordan richards,DB,Stanford,stanford,
D'Joun Smith,,CLT,3,65,2015,Florida Atlantic,2012,2014,34.0,,,,,,,,,,,,,,DB,Florida Atlantic,,,,,,,,,,,,,,,,,,,,,9.0,2.0,21.0,d joun smith,DB,Florida Atlantic,florida atlantic,
A.J. Cann,,JAX,3,67,2015,South Carolina,2012,2014,26.0,,,,,,,,,,,,,,OL,South Carolina,,,,,,,,,,,,,,,,,,,,,,,,a j cann,OL,South Carolina,south carolina,
Clive Walford,,RAI,3,68,2015,Miami (FL),2011,2014,48.0,,,,,,,,,,,,,,TE,Miami (FL),,,,,,,,,,36.5,121.0,1753.0,14.5,14.0,,,,,,,,,,clive walford,TE,Miami (FL),miami (fl),244.0
Tyler Lockett,,SEA,3,69,2015,Kansas State,2011,2014,47.0,,,,,,,,,,,,,,WR,Kansas State,,,,,,,,,,78.9,249.0,3710.0,14.9,29.0,,,,,,,,,,tyler lockett,WR,Kansas State,kansas state,
Jaelen Strong,,HTX,3,70,2015,Arizona State,2013,2014,26.0,,,,,,,,,,,,,,WR,Arizona State,,,,,,,,,,88.0,157.0,2287.0,14.6,17.0,,,,,,,,,,jaelen strong,WR,Arizona State,arizona state,
Hroniss Grasu,,CHI,3,71,2015,Oregon,2013,2014,13.0,,,,,,,,,,,,,,OL,Oregon,,,,,,,,,,,,,,,,,,,,,,,,hroniss grasu,OL,Oregon,oregon,
Jamon Brown,,RAM,3,72,2015,Louisville,2012,2012,13.0,,,,,,,,,,,,,,OL,Louisville,,,,,,,,,,,,,,,,,,,,,,,,jamon brown,OL,Louisville,louisville,
Tevin Coleman,,ATL,3,73,2015,Indiana,2012,2014,33.0,,,,,,,,,,,,,,RB,Indiana,97.5,452.0,3219.0,7.1,28.0,54.0,7.1,0.0,11.6,,,,,,,,,,,,,,,tevin coleman,RB,Indiana,indiana,132.0
Owamagbe Odighizuwa,,NYG,3,74,2015,UCLA,2010,2014,51.0,,,,,,,,,,,,,,DL,UCLA,,,,,,,,,,,,,,,12.0,85.0,51.0,136.0,24.5,0.2352941176470588,,,,owamagbe odighizuwa,DL,UCLA,ucla,
Garrett Grayson,145.3,NOR,3,75,2015,Colorado State,2011,2014,37.0,688.0,1113.0,425.0,61.8,9190.0,64.0,27.0,5.8,2.4,8.3,8.32,13.4,248.4,QB,Colorado State,,,,,,,,,,,,,,,,,,,,,,,,garrett grayson,QB,Colorado State,colorado state,
Chris Conley,,KAN,3,76,2015,Georgia,2011,2014,49.0,,,,,,,,,,,,,,WR,Georgia,,,,,,,,,,39.6,117.0,1938.0,16.6,20.0,,,,,,,,,,chris conley,WR,Georgia,georgia,376.0
Duke Johnson,,CLE,3,77,2015,Miami (FL),2012,2014,33.0,,,,,,,,,,,,,,RB,Miami (FL),106.6,526.0,3519.0,6.7,26.0,69.0,10.4,4.0,21.8,,,,,,,,,,,,,,,duke johnson,RB,Miami (FL),miami (fl),138.0
P.J. Williams,,NOR,3,78,2015,Florida State,2012,2014,39.0,,,,,,,,,,,,,,DB,Florida State,,,,,,,,,,,,,,,,,,,,,4.0,1.0,18.0,p j williams,DB,Florida State,florida state,
Eli Harold,,SFO,3,79,2015,Virginia,2012,2014,36.0,,,,,,,,,,,,,,DL,Virginia,,,,,,,,,,,,,,,17.0,75.0,66.0,141.0,36.5,0.4722222222222222,,,,eli harold,DL,Virginia,virginia,
Alex Carter,,DET,3,80,2015,Stanford,2012,2014,40.0,,,,,,,,,,,,,,DB,Stanford,,,,,,,,,,,,,,,,,,,,,2.0,0.0,16.0,alex carter,DB,Stanford,stanford,
Lorenzo Mauldin,,NYJ,3,82,2015,Louisville,2012,2014,36.0,,,,,,,,,,,,,,DL,Louisville,,,,,,,,,,,,,,,21.0,77.0,37.0,114.0,33.5,0.5833333333333334,,,,lorenzo mauldin,DL,Louisville,louisville,
Craig Mager,,SDG,3,83,2015,Texas State,2012,2014,36.0,,,,,,,,,,,,,,DB,Texas State,,,,,,,,,,,,,,,,,,,,,7.0,0.0,19.0,craig mager,DB,Texas State,texas state,
Jordan Hicks,,PHI,3,84,2015,Texas,2010,2014,47.0,,,,,,,,,,,,,,LB,Texas,,,,,,,,,,,,,,,5.0,128.0,111.0,239.0,20.5,0.1063829787234042,,,,jordan hicks,LB,Texas,texas,
Tyler Kroft,,CIN,3,85,2015,Rutgers,2012,2014,37.0,,,,,,,,,,,,,,TE,Rutgers,,,,,,,,,,24.4,70.0,901.0,12.9,5.0,,,,,,,,,,tyler kroft,TE,Rutgers,rutgers,242.0
Sammie Coates,,PIT,3,87,2015,Auburn,2012,2014,37.0,,,,,,,,,,,,,,WR,Auburn,,,,,,,,,,47.5,82.0,1757.0,21.4,13.0,,,,,,,,,,sammie coates,WR,Auburn,auburn,375.0
Danielle Hunter,,MIN,3,88,2015,LSU,2012,2014,38.0,,,,,,,,,,,,,,DL,LSU,,,,,,,,,,,,,,,4.0,52.0,90.0,142.0,21.0,0.1052631578947368,,,,danielle hunter,DL,LSU,lsu,
Sean Mannion,135.8,RAM,3,89,2015,Oregon State,2011,2014,47.0,1187.0,1838.0,651.0,64.6,13600.0,83.0,54.0,4.5,2.9,7.4,6.98,11.5,289.4,QB,Oregon State,,,,,,,,,,,,,,,,,,,,,,,,sean mannion,QB,Oregon State,oregon state,
Carl Davis,,RAV,3,90,2015,Iowa,2011,2014,44.0,,,,,,,,,,,,,,DL,Iowa,,,,,,,,,,,,,,,3.0,31.0,63.0,94.0,14.5,0.0681818181818181,,,,carl davis,DL,Iowa,iowa,
Chaz Green,,DAL,3,91,2015,Florida,2011,2011,9.0,,,,,,,,,,,,,,OL,Florida,,,,,,,,,,,,,,,,,,,,,,,,chaz green,OL,Florida,florida,
Jeff Heuerman,,DEN,3,92,2015,Ohio State,2011,2014,47.0,,,,,,,,,,,,,,TE,Ohio State,,,,,,,,,,16.9,52.0,792.0,15.2,7.0,,,,,,,,,,jeff heuerman,TE,Ohio State,ohio state,
Henry Anderson,,CLT,3,93,2015,Stanford,2011,2014,47.0,,,,,,,,,,,,,,DL,Stanford,,,,,,,,,,,,,,,17.0,77.0,65.0,142.0,31.5,0.3617021276595745,,,,henry anderson,DL,Stanford,stanford,
Ty Montgomery,,GNB,3,94,2015,Stanford,2011,2014,49.0,,,,,,,,,,,,,,WR,Stanford,,,,,,,,,,43.4,172.0,2125.0,12.4,15.0,,,,,,,,,,ty montgomery,WR,Stanford,stanford,386.0
Matt Jones,,WAS,3,95,2015,Florida,2012,2014,28.0,,,,,,,,,,,,,,RB,Florida,51.1,297.0,1431.0,4.8,11.0,19.0,5.3,1.0,3.6,,,,,,,,,,,,,,,matt jones,RB,Florida,florida,139.0
Xavier Cooper,,CLE,3,96,2015,Washington State,2012,2014,36.0,,,,,,,,,,,,,,DL,Washington State,,,,,,,,,,,,,,,13.0,70.0,52.0,122.0,32.5,0.3611111111111111,,,,xavier cooper,DL,Washington State,washington state,
Geneo Grissom,,NWE,3,97,2015,Oklahoma,2012,2012,12.0,,,,,,,,,,,,,,TE,Oklahoma,,,,,,,,,,0.0,0.0,0.0,,0.0,,,,,,,,,,geneo grissom,TE,Oklahoma,oklahoma,
Geneo Grissom,,NWE,3,97,2015,Oklahoma,2011,2014,28.0,,,,,,,,,,,,,,DL,Oklahoma,,,,,,,,,,,,,,,7.0,52.0,32.0,84.0,16.5,0.25,,,,geneo grissom,DL,Oklahoma,oklahoma,
Steven Nelson,,KAN,3,98,2015,Oregon State,2013,2014,25.0,,,,,,,,,,,,,,CB,Oregon State,,,,,,,,,,,,,,,,,,,,,8.0,1.0,16.0,steven nelson,CB,Oregon State,oregon state,
Paul Dawson,,CIN,3,99,2015,Texas Christian,2012,2014,37.0,,,,,,,,,,,,,,LB,Texas Christian,,,,,,,,,,,,,,,6.0,136.0,105.0,241.0,31.0,0.1621621621621621,,,,paul dawson,LB,Texas Christian,texas christian,
Angelo Blackson,,OTI,4,100,2015,Auburn,2011,2014,49.0,,,,,,,,,,,,,,DL,Auburn,,,,,,,,,,,,,,,4.0,32.0,33.0,65.0,17.0,0.0816326530612244,,,,angelo blackson,DL,Auburn,auburn,
Trey Flowers,,NWE,4,101,2015,Arkansas,2011,2014,49.0,,,,,,,,,,,,,,DL,Arkansas,,,,,,,,,,,,,,,18.0,97.0,93.0,190.0,47.5,0.3673469387755102,,,,trey flowers,DL,Arkansas,arkansas,
Bryce Petty,166.0,NYJ,4,103,2015,Baylor,2011,2014,37.0,530.0,845.0,315.0,62.7,8195.0,62.0,10.0,7.3,1.2,9.7,10.63,15.5,221.5,QB,Baylor,,,,,,,,,,,,,,,,,,,,,,,,bryce petty,QB,Baylor,baylor,35.0
James Sample,,JAX,4,104,2015,Louisville,2014,2014,13.0,,,,,,,,,,,,,,S,Louisville,,,,,,,,,,,,,,,,,,,,,4.0,0.0,8.0,james sample,S,Louisville,louisville,
Jamison Crowder,,WAS,4,105,2015,Duke,2011,2014,52.0,,,,,,,,,,,,,,WR,Duke,,,,,,,,,,70.0,283.0,3641.0,12.9,23.0,,,,,,,,,,jamison crowder,WR,Duke,duke,378.0
Jeremy Langford,,CHI,4,106,2015,Michigan State,2013,2014,27.0,,,,,,,,,,,,,,RB,Michigan State,109.0,568.0,2944.0,5.2,40.0,39.0,5.6,1.0,8.1,,,,,,,,,,,,,,,jeremy langford,RB,Michigan State,michigan state,
Jeremy Langford,,CHI,4,106,2015,Michigan State,2011,2012,22.0,,,,,,,,,,,,,,DB,Michigan State,,,,,,,,,,,,,,,,,,,,,0.0,0.0,0.0,jeremy langford,DB,Michigan State,michigan state,
Justin Hardy,,ATL,4,107,2015,East Carolina,2011,2014,49.0,,,,,,,,,,,,,,WR,East Carolina,,,,,,,,,,92.7,387.0,4541.0,11.7,35.0,,,,,,,,,,justin hardy,WR,East Carolina,east carolina,384.0
Jalston Fowler,,OTI,4,108,2015,Alabama,2011,2014,38.0,,,,,,,,,,,,,,RB,Alabama,16.5,99.0,627.0,6.3,4.0,19.0,7.9,7.0,3.9,,,,,,,,,,,,,,,jalston fowler,RB,Alabama,alabama,
Jalston Fowler,,OTI,4,108,2015,Alabama,2010,2010,11.0,,,,,,,,,,,,,,LB,Alabama,,,,,,,,,,,,,,,0.0,2.0,0.0,2.0,0.0,0.0,,,,jalston fowler,LB,Alabama,alabama,
Clayton Geathers,,CLT,4,109,2015,UCF,2010,2014,53.0,,,,,,,,,,,,,,DB,UCF,,,,,,,,,,,,,,,,,,,,,3.0,0.0,30.0,clayton geathers,DB,UCF,ucf,
T.J. Clemmings,,MIN,4,110,2015,Pitt,2010,2012,15.0,,,,,,,,,,,,,,DL,Pitt,,,,,,,,,,,,,,,0.0,15.0,8.0,23.0,2.0,0.0,,,,t j clemmings,DL,Pitt,pitt,
Tre' Jackson,,NWE,4,111,2015,Florida State,2014,2014,12.0,,,,,,,,,,,,,,G,Florida State,,,,,,,,,,,,,,,,,,,,,,,,tre jackson,G,Florida State,florida state,
Gabe Wright,,DET,4,113,2015,Auburn,2011,2014,51.0,,,,,,,,,,,,,,DL,Auburn,,,,,,,,,,,,,,,6.0,43.0,40.0,83.0,20.5,0.1176470588235294,,,,gabe wright,DL,Auburn,auburn,
Jamil Douglas,,MIA,4,114,2015,Arizona State,2012,2014,26.0,,,,,,,,,,,,,,OL,Arizona State,,,,,,,,,,,,,,,,,,,,,,,,jamil douglas,OL,Arizona State,arizona state,
Ibraheim Campbell,,CLE,4,115,2015,Northwestern,2011,2014,46.0,,,,,,,,,,,,,,DB,Northwestern,,,,,,,,,,,,,,,,,,,,,10.0,0.0,12.0,ibraheim campbell,DB,Northwestern,northwestern,
Blake Bell,128.7,SFO,4,117,2015,Oklahoma,2011,2013,31.0,150.0,253.0,103.0,59.3,1763.0,12.0,6.0,4.7,2.4,7.0,6.85,11.8,56.9,QB,Oklahoma,,,,,,,,,,,,,,,,,,,,,,,,blake bell,QB,Oklahoma,oklahoma,
Blake Bell,,SFO,4,117,2015,Oklahoma,2014,2014,12.0,,,,,,,,,,,,,,TE,Oklahoma,,,,,,,,,,17.8,16.0,214.0,13.4,4.0,,,,,,,,,,blake bell,TE,Oklahoma,oklahoma,238.0
Ramik Wilson,,KAN,4,118,2015,Georgia,2011,2014,43.0,,,,,,,,,,,,,,LB,Georgia,,,,,,,,,,,,,,,6.0,138.0,115.0,253.0,19.0,0.1395348837209302,,,,ramik wilson,LB,Georgia,georgia,
Josh Shaw,,CIN,4,120,2015,USC,2011,2012,23.0,,,,,,,,,,,,,,DB,FloridaUSC,,,,,,,,,,,,,,,,,,,,,2.0,0.0,1.0,josh shaw,DB,USC,usc,
Doran Grant,,PIT,4,121,2015,Ohio State,2011,2014,53.0,,,,,,,,,,,,,,DB,Ohio State,,,,,,,,,,,,,,,,,,,,,9.0,1.0,19.0,doran grant,DB,Ohio State,ohio state,
Za'Darius Smith,,RAV,4,122,2015,Kentucky,2013,2014,24.0,,,,,,,,,,,,,,DE,Kentucky,,,,,,,,,,,,,,,11.0,50.0,70.0,120.0,14.5,0.4583333333333333,,,,za darius smith,DE,Kentucky,kentucky,
Vince Mayle,,CLE,4,123,2015,Washington State,2013,2014,23.0,,,,,,,,,,,,,,WR,Washington State,,,,,,,,,,87.9,148.0,2022.0,13.7,16.0,,,,,,,,,,vince mayle,WR,Washington State,washington state,
Kwon Alexander,,TAM,4,124,2015,LSU,2012,2014,32.0,,,,,,,,,,,,,,LB,LSU,,,,,,,,,,,,,,,1.0,78.0,89.0,167.0,15.0,0.03125,,,,kwon alexander,LB,LSU,lsu,
Javorius Allen,,RAV,4,125,2015,USC,2012,2014,29.0,,,,,,,,,,,,,,RB,USC,79.5,417.0,2306.0,5.5,25.0,63.0,11.3,2.0,24.5,,,,,,,,,,,,,,,javorius allen,RB,USC,usc,
Mike Davis,,SFO,4,126,2015,South Carolina,2012,2014,37.0,,,,,,,,,,,,,,RB,South Carolina,65.9,454.0,2440.0,5.4,22.0,70.0,10.8,2.0,20.4,,,,,,,,,,,,,,,mike davis,RB,South Carolina,south carolina,133.0
Damien Wilson,,DAL,4,127,2015,Minnesota,2013,2014,25.0,,,,,,,,,,,,,,LB,Minnesota,,,,,,,,,,,,,,,5.0,108.0,87.0,195.0,16.0,0.2,,,,damien wilson,LB,Minnesota,minnesota,
Jake Ryan,,GNB,4,129,2015,Michigan,2011,2014,46.0,,,,,,,,,,,,,,LB,Michigan,,,,,,,,,,,,,,,9.0,166.0,101.0,267.0,45.5,0.1956521739130435,,,,jake ryan,LB,Michigan,michigan,
Shaquille Mason,,NWE,4,131,2015,Georgia Tech,2012,2014,28.0,,,,,,,,,,,,,,OL,Georgia Tech,,,,,,,,,,,,,,,,,,,,,,,,shaquille mason,OL,Georgia Tech,georgia tech,
Deandre Smelter,,SFO,4,132,2015,Georgia Tech,2013,2014,24.0,,,,,,,,,,,,,,WR,Georgia Tech,,,,,,,,,,44.2,56.0,1060.0,18.9,11.0,,,,,,,,,,deandre smelter,WR,Georgia Tech,georgia tech,389.0
Mark Glowinski,,SEA,4,134,2015,West Virginia,2013,2013,1.0,,,,,,,,,,,,,,OL,West Virginia,,,,,,,,,,,,,,,,,,,,,,,,mark glowinski,OL,West Virginia,west virginia,
Marcus Hardison,,CIN,4,135,2015,Arizona State,2013,2014,17.0,,,,,,,,,,,,,,DL,Arizona State,,,,,,,,,,,,,,,11.0,37.0,21.0,58.0,16.0,0.6470588235294118,,,,marcus hardison,DL,Arizona State,arizona state,
Grady Jarrett,,ATL,5,137,2015,Clemson,2011,2014,48.0,,,,,,,,,,,,,,DL,Clemson,,,,,,,,,,,,,,,5.0,78.0,66.0,144.0,28.5,0.1041666666666666,,,,grady jarrett,DL,Clemson,clemson,
David Cobb,,OTI,5,138,2015,Minnesota,2011,2014,35.0,,,,,,,,,,,,,,RB,Minnesota,82.7,562.0,2893.0,5.1,20.0,34.0,10.0,0.0,9.7,,,,,,,,,,,,,,,david cobb,RB,Minnesota,minnesota,131.0
Rashad Greene,,JAX,5,139,2015,Florida State,2011,2014,51.0,,,,,,,,,,,,,,WR,Florida State,,,,,,,,,,75.1,270.0,3830.0,14.2,29.0,,,,,,,,,,rashad greene,WR,Florida State,florida state,
Ben Heeney,,RAI,5,140,2015,Kansas,2011,2014,46.0,,,,,,,,,,,,,,LB,Kansas,,,,,,,,,,,,,,,3.0,217.0,117.0,334.0,35.0,0.0652173913043478,,,,ben heeney,LB,Kansas,kansas,
Martrell Spaight,,WAS,5,141,2015,Arkansas,2013,2014,20.0,,,,,,,,,,,,,,LB,Arkansas,,,,,,,,,,,,,,,2.0,77.0,73.0,150.0,11.5,0.1,,,,martrell spaight,LB,Arkansas,arkansas,
Adrian Amos,,CHI,5,142,2015,Penn State,2011,2014,48.0,,,,,,,,,,,,,,DB,Penn State,,,,,,,,,,,,,,,,,,,,,7.0,0.0,16.0,adrian amos,DB,Penn State,penn state,
Bobby McCain,,MIA,5,145,2015,Memphis,2011,2014,45.0,,,,,,,,,,,,,,DB,Memphis,,,,,,,,,,,,,,,,,,,,,12.0,4.0,12.0,bobby mccain,DB,Memphis,memphis,
Stefon Diggs,,MIN,5,146,2015,Maryland,2012,2014,28.0,,,,,,,,,,,,,,WR,Maryland,,,,,,,,,,79.5,150.0,2227.0,14.8,14.0,,,,,,,,,,stefon diggs,WR,Maryland,maryland,380.0
Brett Hundley,150.8,GNB,5,147,2015,UCLA,2012,2014,40.0,837.0,1241.0,404.0,67.4,9966.0,75.0,25.0,6.0,2.0,8.0,8.33,11.9,249.2,QB,UCLA,,,,,,,,,,,,,,,,,,,,,,,,brett hundley,QB,UCLA,ucla,33.0
Jay Ajayi,,MIA,5,149,2015,Boise State,2012,2014,38.0,,,,,,,,,,,,,,RB,Boise State,99.9,678.0,3796.0,5.6,50.0,73.0,10.6,5.0,20.3,,,,,,,,,,,,,,,jay ajayi,RB,Boise State,boise state,
Cedric Thompson,,MIA,5,150,2015,Minnesota,2012,2014,39.0,,,,,,,,,,,,,,DB,Minnesota,,,,,,,,,,,,,,,,,,,,,5.0,0.0,2.0,cedric thompson,DB,Minnesota,minnesota,
David Parry,,CLT,5,151,2015,Stanford,2011,2014,48.0,,,,,,,,,,,,,,DL,Stanford,,,,,,,,,,,,,,,6.0,41.0,48.0,89.0,16.0,0.125,,,,david parry,DL,Stanford,stanford,
Tyeler Davison,,NOR,5,154,2015,Fresno State,2011,2014,52.0,,,,,,,,,,,,,,DL,Fresno State,,,,,,,,,,,,,,,14.0,95.0,65.0,160.0,27.5,0.2692307692307692,,,,tyeler davison,DL,Fresno State,fresno state,
Karlos Williams,,BUF,5,155,2015,Florida State,2013,2014,26.0,,,,,,,,,,,,,,RB,Florida State,54.6,241.0,1419.0,5.9,22.0,37.0,8.9,1.0,12.6,,,,,,,,,,,,,,,karlos williams,RB,Florida State,florida state,
Karlos Williams,,BUF,5,155,2015,Florida State,2011,2012,25.0,,,,,,,,,,,,,,DB,Florida State,,,,,,,,,,,,,,,,,,,,,1.0,0.0,0.0,karlos williams,DB,Florida State,florida state,
Tony Lippett,,MIA,5,156,2015,Michigan State,2012,2014,38.0,,,,,,,,,,,,,,WR,Michigan State,,,,,,,,,,58.0,145.0,2203.0,15.2,15.0,,,,,,,,,,tony lippett,WR,Michigan State,michigan state,
Tony Lippett,,MIA,5,156,2015,Michigan State,2011,2011,14.0,,,,,,,,,,,,,,DB,Michigan State,,,,,,,,,,,,,,,,,,,,,0.0,0.0,5.0,tony lippett,DB,Michigan State,michigan state,
C.J. Uzomah,,CIN,5,157,2015,Auburn,2011,2014,43.0,,,,,,,,,,,,,,TE,Auburn,,,,,,,,,,10.1,29.0,435.0,15.0,7.0,,,,,,,,,,c j uzomah,TE,Auburn,auburn,
Shaquille Riddick,,CRD,5,158,2015,West Virginia,2014,2014,13.0,,,,,,,,,,,,,,DL,West Virginia,,,,,,,,,,,,,,,7.0,24.0,3.0,27.0,11.0,0.5384615384615384,,,,shaquille riddick,DL,West Virginia,west virginia,
Jesse James,,PIT,5,160,2015,Penn State,2012,2014,33.0,,,,,,,,,,,,,,TE,Penn State,,,,,,,,,,30.5,78.0,1005.0,12.9,11.0,,,,,,,,,,jesse james,TE,Penn State,penn state,
Neiron Ball,,RAI,5,161,2015,Florida,2010,2014,43.0,,,,,,,,,,,,,,LB,Florida,,,,,,,,,,,,,,,3.0,37.0,57.0,94.0,5.5,0.0697674418604651,,,,neiron ball,LB,Florida,florida,
Kenny Bell,,TAM,5,162,2015,Nebraska,2011,2014,53.0,,,,,,,,,,,,,,WR,Nebraska,,,,,,,,,,50.7,181.0,2689.0,14.9,21.0,,,,,,,,,,kenny bell,WR,Nebraska,nebraska,373.0
Ryan Russell,,DAL,5,163,2015,Purdue,2011,2014,50.0,,,,,,,,,,,,,,DL,Purdue,,,,,,,,,,,,,,,10.0,101.0,48.0,149.0,25.0,0.2,,,,ryan russell,DL,Purdue,purdue,
Lorenzo Doss,,DEN,5,164,2015,Tulane,2012,2014,37.0,,,,,,,,,,,,,,DB,Tulane,,,,,,,,,,,,,,,,,,,,,15.0,2.0,17.0,lorenzo doss,DB,Tulane,tulane,
Joe Cardona,,NWE,5,166,2015,Navy,2011,2012,25.0,,,,,,,,,,,,,,OL,Navy,,,,,,,,,,,,,,,,,,,,,,,,joe cardona,OL,Navy,navy,
Joe Cardona,,NWE,5,166,2015,Navy,2013,2014,17.0,,,,,,,,,,,,,,LS,Navy,,,,,,,,,,,,,,,,,,,,,0.0,0.0,0.0,joe cardona,LS,Navy,navy,
Damian Swann,,NOR,5,167,2015,Georgia,2011,2014,50.0,,,,,,,,,,,,,,DB,Georgia,,,,,,,,,,,,,,,,,,,,,8.0,0.0,16.0,damian swann,DB,Georgia,georgia,
Michael Burton,,DET,5,168,2015,Rutgers,2011,2014,41.0,,,,,,,,,,,,,,RB,Rutgers,2.8,22.0,116.0,5.3,0.0,47.0,8.5,3.0,9.8,,,,,,,,,,,,,,,michael burton,RB,Rutgers,rutgers,
David Mayo,,CAR,5,169,2015,Texas State,2013,2014,21.0,,,,,,,,,,,,,,LB,Texas State,,,,,,,,,,,,,,,2.0,135.0,108.0,243.0,9.0,0.0952380952380952,,,,david mayo,LB,Texas State,texas state,
David Mayo,,CAR,5,169,2015,Texas State,2012,2012,7.0,,,,,,,,,,,,,,DB,Texas State,,,,,,,,,,,,,,,,,,,,,0.0,0.0,1.0,david mayo,DB,Texas State,texas state,
D.J. Alexander,,KAN,5,172,2015,Oregon State,2012,2014,33.0,,,,,,,,,,,,,,LB,Oregon State,,,,,,,,,,,,,,,6.0,105.0,78.0,183.0,20.5,0.1818181818181818,,,,d j alexander,LB,Oregon State,oregon state,
Cameron Artis-Payne,,CAR,5,174,2015,Auburn,2013,2014,26.0,,,,,,,,,,,,,,RB,Auburn,85.3,394.0,2218.0,5.6,19.0,14.0,10.8,0.0,5.8,,,,,,,,,,,,,,,cameron artis payne,RB,Auburn,auburn,130.0
Keith Mumphery,,HTX,5,175,2015,Michigan State,2011,2014,52.0,,,,,,,,,,,,,,WR,Michigan State,,,,,,,,,,25.9,88.0,1348.0,15.3,7.0,,,,,,,,,,keith mumphery,WR,Michigan State,michigan state,
Deiontrez Mount,,OTI,6,177,2015,Louisville,2011,2014,43.0,,,,,,,,,,,,,,DL,Louisville,,,,,,,,,,,,,,,11.0,50.0,33.0,83.0,20.0,0.2558139534883721,,,,deiontrez mount,DL,Louisville,louisville,
Matthew Wells,,NWE,6,178,2015,Mississippi State,2011,2011,13.0,,,,,,,,,,,,,,RB,Mississippi State,0.0,0.0,0.0,,0.0,0.0,,0.0,0.0,,,,,,,,,,,,,,,matthew wells,RB,Mississippi State,mississippi state,
Matthew Wells,,NWE,6,178,2015,Mississippi State,2012,2014,37.0,,,,,,,,,,,,,,LB,Mississippi State,,,,,,,,,,,,,,,6.0,61.0,60.0,121.0,16.0,0.1621621621621621,,,,matthew wells,LB,Mississippi State,mississippi state,
Max Valles,,RAI,6,179,2015,Virginia,2013,2014,20.0,,,,,,,,,,,,,,DE,Virginia,,,,,,,,,,,,,,,13.0,32.0,46.0,78.0,18.0,0.65,,,,max valles,DE,Virginia,virginia,
Michael Bennett,,JAX,6,180,2015,Ohio State,2011,2014,49.0,,,,,,,,,,,,,,DL,Ohio State,,,,,,,,,,,,,,,18.0,61.0,50.0,111.0,31.5,0.3673469387755102,,,,michael bennett,DL,Ohio State,ohio state,
Kyshoen Jarrett,,WAS,6,181,2015,Virginia Tech,2011,2014,53.0,,,,,,,,,,,,,,DB,Virginia Tech,,,,,,,,,,,,,,,,,,,,,5.0,0.0,7.0,kyshoen jarrett,DB,Virginia Tech,virginia tech,
Tevin Mitchel,,WAS,6,182,2015,Arkansas,2011,2014,42.0,,,,,,,,,,,,,,DB,Arkansas,,,,,,,,,,,,,,,,,,,,,4.0,1.0,14.0,tevin mitchel,DB,Arkansas,arkansas,
Tayo Fabuluje,,CHI,6,183,2015,Texas Christian,2012,2012,13.0,,,,,,,,,,,,,,OL,Texas Christian,,,,,,,,,,,,,,,,,,,,,,,,tayo fabuluje,OL,Texas Christian,texas christian,
Kaelin Clay,,TAM,6,184,2015,Utah,2014,2014,13.0,,,,,,,,,,,,,,WR,Utah,,,,,,,,,,40.2,43.0,523.0,12.2,4.0,,,,,,,,,,kaelin clay,WR,Utah,utah,374.0
Tyrus Thompson,,MIN,6,185,2015,Oklahoma,2014,2014,13.0,,,,,,,,,,,,,,OL,Oklahoma,,,,,,,,,,,,,,,,,,,,,,,,tyrus thompson,OL,Oklahoma,oklahoma,
Geremy Davis,,NYG,6,186,2015,Connecticut,2011,2014,47.0,,,,,,,,,,,,,,WR,Connecticut,,,,,,,,,,48.8,165.0,2292.0,13.9,7.0,,,,,,,,,,geremy davis,WR,Connecticut,connecticut,379.0
Evan Spencer,,WAS,6,187,2015,Ohio State,2011,2014,46.0,,,,,,,,,,,,,,WR,Ohio State,,,,,,,,,,12.6,52.0,579.0,11.1,7.0,,,,,,,,,,evan spencer,WR,Ohio State,ohio state,
Tony Steward,,BUF,6,188,2015,Clemson,2011,2014,40.0,,,,,,,,,,,,,,LB,Clemson,,,,,,,,,,,,,,,4.0,59.0,43.0,102.0,12.5,0.1,,,,tony steward,LB,Clemson,clemson,
Charles Gaines,,CLE,6,189,2015,Louisville,2012,2014,32.0,,,,,,,,,,,,,,DB,Louisville,,,,,,,,,,,,,,,,,,,,,7.0,1.0,17.0,charles gaines,DB,Louisville,louisville,
Jacorey Shepherd,,PHI,6,191,2015,Kansas,2011,2012,16.0,,,,,,,,,,,,,,WR,Kansas,,,,,,,,,,15.8,15.0,252.0,16.8,3.0,,,,,,,,,,jacorey shepherd,WR,Kansas,kansas,
Jacorey Shepherd,,PHI,6,191,2015,Kansas,2013,2014,24.0,,,,,,,,,,,,,,CB,Kansas,,,,,,,,,,,,,,,,,,,,,5.0,1.0,25.0,jacorey shepherd,CB,Kansas,kansas,793.0
Darius Philon,,SDG,6,192,2015,Arkansas,2013,2014,25.0,,,,,,,,,,,,,,DT,Arkansas,,,,,,,,,,,,,,,7.0,46.0,46.0,92.0,20.5,0.28,,,,darius philon,DT,Arkansas,arkansas,665.0
B.J. Dubose,,MIN,6,193,2015,Louisville,2012,2014,28.0,,,,,,,,,,,,,,DL,Louisville,,,,,,,,,,,,,,,6.0,32.0,41.0,73.0,13.0,0.2142857142857142,,,,b j dubose,DL,Louisville,louisville,
Nick O'Leary,,BUF,6,194,2015,Florida State,2011,2014,52.0,,,,,,,,,,,,,,TE,Florida State,,,,,,,,,,30.6,114.0,1591.0,14.0,17.0,,,,,,,,,,nick o leary,TE,Florida State,florida state,
Malcolm Johnson,,CLE,6,195,2015,Mississippi State,2011,2014,44.0,,,,,,,,,,,,,,WR,Mississippi State,,,,,,,,,,26.1,79.0,1148.0,14.5,10.0,,,,,,,,,,malcolm johnson,WR,Mississippi State,mississippi state,
Randall Evans,,PHI,6,196,2015,Kansas State,2011,2014,51.0,,,,,,,,,,,,,,DB,Kansas State,,,,,,,,,,,,,,,,,,,,,7.0,0.0,21.0,randall evans,DB,Kansas State,kansas state,
Derron Smith,,CIN,6,197,2015,Fresno State,2010,2014,56.0,,,,,,,,,,,,,,DB,Fresno State,,,,,,,,,,,,,,,,,,,,,15.0,2.0,16.0,derron smith,DB,Fresno State,fresno state,
Randall Telfer,,CLE,6,198,2015,USC,2011,2014,42.0,,,,,,,,,,,,,,TE,USC,,,,,,,,,,15.4,65.0,648.0,10.0,12.0,,,,,,,,,,randall telfer,TE,USC,usc,
Leterrius Walton,,PIT,6,199,2015,Central Michigan,2011,2014,38.0,,,,,,,,,,,,,,DL,Central Michigan,,,,,,,,,,,,,,,6.0,46.0,60.0,106.0,19.5,0.1578947368421052,,,,leterrius walton,DL,Central Michigan,central michigan,
Quandre Diggs,,DET,6,200,2015,Texas,2011,2014,52.0,,,,,,,,,,,,,,DB,Texas,,,,,,,,,,,,,,,,,,,,,11.0,0.0,27.0,quandre diggs,DB,Texas,texas,
Bud Sasser,,RAM,6,201,2015,Missouri,2011,2014,48.0,,,,,,,,,,,,,,WR,Missouri,,,,,,,,,,33.6,116.0,1611.0,13.9,14.0,,,,,,,,,,bud sasser,WR,Missouri,missouri,
A.J. Derby,97.1,NWE,6,202,2015,Arkansas,2011,2013,14.0,22.0,42.0,20.0,52.4,208.0,1.0,1.0,2.4,2.4,5.0,4.36,9.5,14.9,QB,ArkansasIowa,,,,,,,,,,,,,,,,,,,,,,,,a j derby,QB,Arkansas,arkansas,
A.J. Derby,,NWE,6,202,2015,Arkansas,2014,2014,11.0,,,,,,,,,,,,,,TE,Arkansas,,,,,,,,,,27.5,22.0,303.0,13.8,3.0,,,,,,,,,,a j derby,TE,Arkansas,arkansas,
Darius Kilgo,,DEN,6,203,2015,Maryland,2011,2014,42.0,,,,,,,,,,,,,,DL,Maryland,,,,,,,,,,,,,,,5.0,74.0,51.0,125.0,19.5,0.119047619047619,,,,darius kilgo,DL,Maryland,maryland,
Darren Waller,,RAV,6,204,2015,Georgia Tech,2012,2014,35.0,,,,,,,,,,,,,,WR,Georgia Tech,,,,,,,,,,27.7,51.0,971.0,19.0,9.0,,,,,,,,,,darren waller,WR,Georgia Tech,georgia tech,390.0
Josh Robinson,,CLT,6,205,2015,Mississippi State,2012,2014,38.0,,,,,,,,,,,,,,RB,Mississippi State,52.6,323.0,1997.0,6.2,15.0,43.0,11.5,1.0,13.0,,,,,,,,,,,,,,,josh robinson,RB,Mississippi State,mississippi state,
Aaron Ripkowski,,GNB,6,206,2015,Oklahoma,2013,2014,14.0,,,,,,,,,,,,,,FB,Oklahoma,0.9,6.0,13.0,2.2,3.0,8.0,5.1,2.0,2.9,,,,,,,,,,,,,,,aaron ripkowski,FB,Oklahoma,oklahoma,
Amarlo Herrera,,CLT,6,207,2015,Georgia,2011,2014,54.0,,,,,,,,,,,,,,LB,Georgia,,,,,,,,,,,,,,,3.0,147.0,187.0,334.0,21.0,0.0555555555555555,,,,amarlo herrera,LB,Georgia,georgia,
Obum Gwacham,,SEA,6,209,2015,Oregon State,2011,2014,41.0,,,,,,,,,,,,,,WR,Oregon State,,,,,,,,,,4.0,11.0,165.0,15.0,1.0,,,,,,,,,,obum gwacham,WR,Oregon State,oregon state,
Christian Ringo,,GNB,6,210,2015,Louisiana,2011,2014,44.0,,,,,,,,,,,,,,DL,Louisiana,,,,,,,,,,,,,,,21.0,75.0,34.0,109.0,35.5,0.4772727272727273,,,,christian ringo,DL,Louisiana,louisiana,
Reshard Cliett,,HTX,6,211,2015,South Florida,2011,2014,41.0,,,,,,,,,,,,,,LB,South Florida,,,,,,,,,,,,,,,9.0,94.0,44.0,138.0,18.0,0.2195121951219512,,,,reshard cliett,LB,South Florida,south florida,
Anthony Chickillo,,PIT,6,212,2015,Miami (FL),2011,2014,50.0,,,,,,,,,,,,,,DL,Miami (FL),,,,,,,,,,,,,,,15.0,87.0,84.0,171.0,25.0,0.3,,,,anthony chickillo,DL,Miami (FL),miami (fl),
Kennard Backman,,GNB,6,213,2015,UAB,2011,2014,47.0,,,,,,,,,,,,,,TE,UAB,,,,,,,,,,20.8,96.0,979.0,10.2,9.0,,,,,,,,,,kennard backman,TE,UAB,uab,
Kristjan Sokoli,,SEA,6,214,2015,Buffalo,2011,2014,46.0,,,,,,,,,,,,,,DL,Buffalo,,,,,,,,,,,,,,,2.0,39.0,56.0,95.0,15.0,0.0434782608695652,,,,kristjan sokoli,DL,Buffalo,buffalo,
Cody Wichmann,,RAM,6,215,2015,Fresno State,2014,2014,14.0,,,,,,,,,,,,,,OL,Fresno State,,,,,,,,,,,,,,,,,,,,,,,,cody wichmann,OL,Fresno State,fresno state,
Christian Covington,,HTX,6,216,2015,Rice,2012,2014,33.0,,,,,,,,,,,,,,DL,Rice,,,,,,,,,,,,,,,11.0,78.0,44.0,122.0,23.0,0.3333333333333333,,,,christian covington,DL,Rice,rice,
Rakeem Nunez-Roches,,KAN,6,217,2015,Southern Mississippi,2012,2014,25.0,,,,,,,,,,,,,,DL,Southern Mississippi,,,,,,,,,,,,,,,4.0,56.0,47.0,103.0,20.5,0.16,,,,rakeem nunez roches,DL,Southern Mississippi,southern mississippi,
Hayes Pullard,,CLE,7,219,2015,USC,2011,2014,52.0,,,,,,,,,,,,,,LB,USC,,,,,,,,,,,,,,,6.0,197.0,178.0,375.0,25.5,0.1153846153846153,,,,hayes pullard,LB,USC,usc,
Andre Debose,,RAI,7,221,2015,Florida,2010,2014,42.0,,,,,,,,,,,,,,WR,Florida,,,,,,,,,,12.9,30.0,540.0,18.0,4.0,,,,,,,,,,andre debose,WR,Florida,florida,
Austin Reiter,,WAS,7,222,2015,South Florida,2012,2012,12.0,,,,,,,,,,,,,,OL,South Florida,,,,,,,,,,,,,,,,,,,,,,,,austin reiter,OL,South Florida,south florida,
Bryce Hager,,RAM,7,224,2015,Baylor,2011,2014,48.0,,,,,,,,,,,,,,LB,Baylor,,,,,,,,,,,,,,,7.0,202.0,120.0,322.0,24.0,0.1458333333333333,,,,bryce hager,LB,Baylor,baylor,
Martin Ifedi,,RAM,7,227,2015,Memphis,2011,2014,45.0,,,,,,,,,,,,,,DL,Memphis,,,,,,,,,,,,,,,20.0,78.0,62.0,140.0,36.0,0.4444444444444444,,,,martin ifedi,DL,Memphis,memphis,
Ben Koyack,,JAX,7,229,2015,Notre Dame,2011,2014,42.0,,,,,,,,,,,,,,TE,Notre Dame,,,,,,,,,,12.7,44.0,532.0,12.1,5.0,,,,,,,,,,ben koyack,TE,Notre Dame,notre dame,241.0
Marcus Murphy,,NOR,7,230,2015,Missouri,2010,2014,52.0,,,,,,,,,,,,,,RB,Missouri,37.6,337.0,1957.0,5.8,16.0,50.0,6.4,2.0,6.1,,,,,,,,,,,,,,,marcus murphy,RB,Missouri,missouri,140.0
Joey Iosefa,,TAM,7,231,2015,Hawaii,2011,2014,32.0,,,,,,,,,,,,,,RB,Hawaii,69.3,512.0,2218.0,4.3,21.0,60.0,7.3,3.0,13.7,,,,,,,,,,,,,,,joey iosefa,RB,Hawaii,hawaii,
Da'Ron Brown,,KAN,7,233,2015,Northern Illinois,2011,2014,54.0,,,,,,,,,,,,,,WR,Northern Illinois,,,,,,,,,,22.8,87.0,1230.0,14.1,13.0,,,,,,,,,,da ron brown,WR,Northern Illinois,northern illinois,
Kenny Hilliard,,HTX,7,235,2015,LSU,2011,2014,48.0,,,,,,,,,,,,,,RB,LSU,32.4,302.0,1557.0,5.2,27.0,11.0,6.3,1.0,1.4,,,,,,,,,,,,,,,kenny hilliard,RB,LSU,lsu,136.0
Mark Nzeocha,,DAL,7,236,2015,Wyoming,2011,2014,24.0,,,,,,,,,,,,,,LB,Wyoming,,,,,,,,,,,,,,,3.0,80.0,50.0,130.0,10.0,0.125,,,,mark nzeocha,LB,Wyoming,wyoming,
Mark Nzeocha,,DAL,7,236,2015,Wyoming,2012,2012,11.0,,,,,,,,,,,,,,DB,Wyoming,,,,,,,,,,,,,,,,,,,,,0.0,0.0,0.0,mark nzeocha,DB,Wyoming,wyoming,
Brian Mihalik,,PHI,7,237,2015,Boston College,2011,2014,42.0,,,,,,,,,,,,,,DL,Boston College,,,,,,,,,,,,,,,8.0,42.0,43.0,85.0,16.0,0.1904761904761904,,,,brian mihalik,DL,Boston College,boston college,
Mario Alford,,CIN,7,238,2015,West Virginia,2013,2014,22.0,,,,,,,,,,,,,,WR,West Virginia,,,,,,,,,,68.0,92.0,1497.0,16.3,13.0,,,,,,,,,,mario alford,WR,West Virginia,west virginia,372.0
Gerod Holliman,,PIT,7,239,2015,Louisville,2012,2014,27.0,,,,,,,,,,,,,,DB,Louisville,,,,,,,,,,,,,,,,,,,,,14.0,1.0,6.0,gerod holliman,DB,Louisville,louisville,
Corey Robinson,,DET,7,240,2015,South Carolina,2012,2012,12.0,,,,,,,,,,,,,,DL,South Carolina,,,,,,,,,,,,,,,0.0,1.0,0.0,1.0,0.0,0.0,,,,corey robinson,DL,South Carolina,south carolina,
Ifo Ekpre-Olomu,,CLE,7,241,2015,Oregon,2011,2014,53.0,,,,,,,,,,,,,,DB,Oregon,,,,,,,,,,,,,,,,,,,,,9.0,1.0,23.0,ifo ekpre olomu,DB,Oregon,oregon,
Dexter McDonald,,RAI,7,242,2015,Kansas,2011,2014,30.0,,,,,,,,,,,,,,DB,Kansas,,,,,,,,,,,,,,,,,,,,,4.0,0.0,23.0,dexter mcdonald,DB,Kansas,kansas,
Trenton Brown,,SFO,7,244,2015,Florida,2013,2014,12.0,,,,,,,,,,,,,,OL,Florida,,,,,,,,,,,,,,,,,,,,,,,,trenton brown,OL,Florida,florida,
Geoff Swaim,,DAL,7,246,2015,Texas,2013,2014,16.0,,,,,,,,,,,,,,TE,Texas,,,,,,,,,,5.3,13.0,84.0,6.5,1.0,,,,,,,,,,geoff swaim,TE,Texas,texas,
Darryl Roberts,,NWE,7,247,2015,Marshall,2010,2014,50.0,,,,,,,,,,,,,,DB,Marshall,,,,,,,,,,,,,,,,,,,,,5.0,0.0,32.0,darryl roberts,DB,Marshall,marshall,
Ryan Murphy,,SEA,7,248,2015,Oregon State,2011,2014,50.0,,,,,,,,,,,,,,DB,Oregon State,,,,,,,,,,,,,,,,,,,,,7.0,1.0,11.0,ryan murphy,DB,Oregon State,oregon state,
Akeem King,,ATL,7,249,2015,San Jose State,2013,2014,20.0,,,,,,,,,,,,,,CB,San Jose State,,,,,,,,,,,,,,,,,,,,,0.0,0.0,4.0,akeem king,CB,San Jose State,san jose state,
Trevor Siemian,116.6,DEN,7,250,2015,Northwestern,2011,2014,44.0,550.0,934.0,384.0,58.9,5931.0,27.0,24.0,2.9,2.6,6.4,5.77,10.8,134.8,QB,Northwestern,,,,,,,,,,,,,,,,,,,,,,,,trevor siemian,QB,Northwestern,northwestern,
Taurean Nixon,,DEN,7,251,2015,Tulane,2013,2014,17.0,,,,,,,,,,,,,,CB,Tulane,,,,,,,,,,,,,,,,,,,,,1.0,0.0,5.0,taurean nixon,CB,Tulane,tulane,
Josh Furman,,DEN,7,252,2015,Oklahoma State,2014,2014,13.0,,,,,,,,,,,,,,LB,Oklahoma State,,,,,,,,,,,,,,,7.0,47.0,17.0,64.0,14.0,0.5384615384615384,,,,josh furman,LB,Oklahoma State,oklahoma state,
Josh Furman,,DEN,7,252,2015,Oklahoma State,2011,2013,27.0,,,,,,,,,,,,,,DB,Michigan,,,,,,,,,,,,,,,,,,,,,0.0,0.0,1.0,josh furman,DB,Oklahoma State,oklahoma state,
Xzavier Dickson,,NWE,7,253,2015,Alabama,2011,2014,45.0,,,,,,,,,,,,,,DL,Alabama,,,,,,,,,,,,,,,14.0,52.0,39.0,91.0,21.0,0.3111111111111111,,,,xzavier dickson,DL,Alabama,alabama,
Rory Anderson,,SFO,7,254,2015,South Carolina,2011,2014,45.0,,,,,,,,,,,,,,TE,South Carolina,,,,,,,,,,21.2,61.0,954.0,15.6,9.0,,,,,,,,,,rory anderson,TE,South Carolina,south carolina,237.0
Gerald Christian,,CRD,7,256,2015,Louisville,2011,2014,32.0,,,,,,,,,,,,,,TE,FloridaLouisville,,,,,,,,,,27.6,64.0,882.0,13.8,10.0,,,,,,,,,,gerald christian,TE,Louisville,louisville,240.0
Jared Goff,144.0,RAM,1,1,2016,California,2013,2015,37.0,977.0,1569.0,592.0,62.3,12200.0,96.0,30.0,6.1,1.9,7.8,8.14,12.5,329.7,QB,California,,,,,,,,,,,,,,,,,,,,,,,,jared goff,QB,California,california,39.0
Joey Bosa,,SDG,1,3,2016,Ohio State,2013,2015,38.0,,,,,,,,,,,,,,DL,Ohio State,,,,,,,,,,,,,,,26.0,101.0,47.0,148.0,50.5,0.6842105263157895,,,,joey bosa,DL,Ohio State,ohio state,
Ezekiel Elliott,,DAL,1,4,2016,Ohio State,2013,2015,35.0,,,,,,,,,,,,,,RB,Ohio State,113.2,592.0,3961.0,6.7,43.0,58.0,7.7,1.0,12.8,,,,,,,,,,,,,,,ezekiel elliott,RB,Ohio State,ohio state,
Jalen Ramsey,,JAX,1,5,2016,Florida State,2013,2015,41.0,,,,,,,,,,,,,,DB,Florida State,,,,,,,,,,,,,,,,,,,,,3.0,0.0,23.0,jalen ramsey,DB,Florida State,florida state,
Ronnie Stanley,,RAV,1,6,2016,Notre Dame,2013,2015,14.0,,,,,,,,,,,,,,T,Notre Dame,,,,,,,,,,,,,,,,,,,,,,,,ronnie stanley,T,Notre Dame,notre dame,
Deforest Buckner,,SFO,1,7,2016,Oregon,2012,2015,53.0,,,,,,,,,,,,,,DL,Oregon,,,,,,,,,,,,,,,18.0,109.0,122.0,231.0,35.5,0.3396226415094339,,,,deforest buckner,DL,Oregon,oregon,
Jack Conklin,,OTI,1,8,2016,Michigan State,2014,2015,25.0,,,,,,,,,,,,,,T,Michigan State,,,,,,,,,,,,,,,,,,,,,,,,jack conklin,T,Michigan State,michigan state,
Leonard Floyd,,CHI,1,9,2016,Georgia,2013,2015,38.0,,,,,,,,,,,,,,LB,Georgia,,,,,,,,,,,,,,,17.0,92.0,92.0,184.0,28.5,0.4473684210526316,,,,leonard floyd,LB,Georgia,georgia,
Eli Apple,,NYG,1,10,2016,Ohio State,2014,2015,28.0,,,,,,,,,,,,,,CB,Ohio State,,,,,,,,,,,,,,,,,,,,,4.0,0.0,18.0,eli apple,CB,Ohio State,ohio state,
Vernon Hargreaves III,,TAM,1,11,2016,Florida,2013,2015,37.0,,,,,,,,,,,,,,DB,Florida,,,,,,,,,,,,,,,,,,,,,10.0,0.0,27.0,vernon hargreaves,DB,Florida,florida,
Sheldon Rankins,,NOR,1,12,2016,Louisville,2012,2015,45.0,,,,,,,,,,,,,,DL,Louisville,,,,,,,,,,,,,,,19.0,73.0,61.0,134.0,32.5,0.4222222222222222,,,,sheldon rankins,DL,Louisville,louisville,
Laremy Tunsil,,MIA,1,13,2016,Ole Miss,2015,2015,6.0,,,,,,,,,,,,,,OL,Ole Miss,,,,,,,,,,,,,,,,,,,,,,,,laremy tunsil,OL,Ole Miss,ole miss,
Karl Joseph,,RAI,1,14,2016,West Virginia,2012,2015,42.0,,,,,,,,,,,,,,DB,West Virginia,,,,,,,,,,,,,,,,,,,,,9.0,0.0,8.0,karl joseph,DB,West Virginia,west virginia,
Corey Coleman,,CLE,1,15,2016,Baylor,2013,2015,34.0,,,,,,,,,,,,,,WR,Baylor,,,,,,,,,,88.5,173.0,3009.0,17.4,33.0,,,,,,,,,,corey coleman,WR,Baylor,baylor,395.0
Taylor Decker,,DET,1,16,2016,Ohio State,2014,2015,28.0,,,,,,,,,,,,,,OL,Ohio State,,,,,,,,,,,,,,,,,,,,,,,,taylor decker,OL,Ohio State,ohio state,
Keanu Neal,,ATL,1,17,2016,Florida,2013,2015,26.0,,,,,,,,,,,,,,DB,Florida,,,,,,,,,,,,,,,,,,,,,4.0,0.0,5.0,keanu neal,DB,Florida,florida,
Ryan Kelly,,CLT,1,18,2016,Alabama,2015,2015,15.0,,,,,,,,,,,,,,OL,Alabama,,,,,,,,,,,,,,,,,,,,,,,,ryan kelly,OL,Alabama,alabama,
Shaq Lawson,,BUF,1,19,2016,Clemson,2013,2015,41.0,,,,,,,,,,,,,,DE,Clemson,,,,,,,,,,,,,,,20.0,68.0,57.0,125.0,46.5,0.4878048780487805,,,,shaq lawson,DE,Clemson,clemson,570.0
Darron Lee,,NYJ,1,20,2016,Ohio State,2014,2015,28.0,,,,,,,,,,,,,,LB,Ohio State,,,,,,,,,,,,,,,12.0,90.0,57.0,147.0,27.5,0.4285714285714285,,,,darron lee,LB,Ohio State,ohio state,
William Fuller,,HTX,1,21,2016,Notre Dame,2013,2015,32.0,,,,,,,,,,,,,,WR,Notre Dame,,,,,,,,,,78.5,144.0,2512.0,17.4,30.0,,,,,,,,,,william fuller,WR,Notre Dame,notre dame,
Josh Doctson,,WAS,1,22,2016,Texas Christian,2011,2015,46.0,,,,,,,,,,,,,,WR,Texas ChristianWyoming,,,,,,,,,,69.1,215.0,3178.0,14.8,34.0,,,,,,,,,,josh doctson,WR,Texas Christian,texas christian,
Laquon Treadwell,,MIN,1,23,2016,Ole Miss,2013,2015,35.0,,,,,,,,,,,,,,WR,Ole Miss,,,,,,,,,,68.4,202.0,2393.0,11.8,21.0,,,,,,,,,,laquon treadwell,WR,Ole Miss,ole miss,
William Jackson III,,CIN,1,24,2016,Houston,2015,2015,13.0,,,,,,,,,,,,,,CB,Houston,,,,,,,,,,,,,,,,,,,,,5.0,2.0,23.0,william jackson,CB,Houston,houston,805.0
Artie Burns,,PIT,1,25,2016,Miami (FL),2013,2015,35.0,,,,,,,,,,,,,,DB,Miami (FL),,,,,,,,,,,,,,,,,,,,,7.0,0.0,14.0,artie burns,DB,Miami (FL),miami (fl),
Paxton Lynch,137.0,DEN,1,26,2016,Memphis,2013,2015,38.0,758.0,1205.0,447.0,62.9,8863.0,59.0,23.0,4.9,1.9,7.4,7.48,11.7,233.2,QB,Memphis,,,,,,,,,,,,,,,,,,,,,,,,paxton lynch,QB,Memphis,memphis,41.0
Kenneth Clark,,GNB,1,27,2016,UCLA,2013,2015,37.0,,,,,,,,,,,,,,DT,UCLA,,,,,,,,,,,,,,,7.0,91.0,64.0,155.0,20.0,0.1891891891891892,,,,kenneth clark,DT,UCLA,ucla,
Joshua Garnett,,SFO,1,28,2016,Stanford,2014,2015,27.0,,,,,,,,,,,,,,OL,Stanford,,,,,,,,,,,,,,,,,,,,,,,,joshua garnett,OL,Stanford,stanford,
Robert Nkemdiche,,CRD,1,29,2016,Ole Miss,2013,2015,33.0,,,,,,,,,,,,,,DE,Ole Miss,,,,,,,,,,,,,,,6.0,44.0,48.0,92.0,17.0,0.1818181818181818,,,,robert nkemdiche,DE,Ole Miss,ole miss,
Vernon Butler,,CAR,1,30,2016,Louisiana Tech,2012,2015,48.0,,,,,,,,,,,,,,DL,Louisiana Tech,,,,,,,,,,,,,,,5.0,87.0,82.0,169.0,29.0,0.1041666666666666,,,,vernon butler,DL,Louisiana Tech,louisiana tech,
Germain Ifedi,,SEA,1,31,2016,Texas A&M,2015,2015,13.0,,,,,,,,,,,,,,OL,Texas A&M,,,,,,,,,,,,,,,,,,,,,,,,germain ifedi,OL,Texas A&M,texas a&m,
Emmanuel Ogbah,,CLE,2,32,2016,Oklahoma State,2013,2015,39.0,,,,,,,,,,,,,,DE,Oklahoma State,,,,,,,,,,,,,,,28.0,96.0,37.0,133.0,40.5,0.717948717948718,,,,emmanuel ogbah,DE,Oklahoma State,oklahoma state,
Kevin Dodd,,OTI,2,33,2016,Clemson,2012,2015,35.0,,,,,,,,,,,,,,DL,Clemson,,,,,,,,,,,,,,,12.0,53.0,29.0,82.0,26.0,0.3428571428571428,,,,kevin dodd,DL,Clemson,clemson,
Jaylon Smith,,DAL,2,34,2016,Notre Dame,2013,2015,38.0,,,,,,,,,,,,,,LB,Notre Dame,,,,,,,,,,,,,,,4.0,169.0,115.0,284.0,23.5,0.1052631578947368,,,,jaylon smith,LB,Notre Dame,notre dame,
Hunter Henry,,SDG,2,35,2016,Arkansas,2013,2015,36.0,,,,,,,,,,,,,,TE,Arkansas,,,,,,,,,,46.1,116.0,1661.0,14.3,9.0,,,,,,,,,,hunter henry,TE,Arkansas,arkansas,248.0
Myles Jack,,JAX,2,36,2016,UCLA,2013,2015,29.0,,,,,,,,,,,,,,LB,UCLA,,,,,,,,,,,,,,,1.0,117.0,61.0,178.0,15.0,0.0344827586206896,,,,myles jack,LB,UCLA,ucla,
Chris Jones,,KAN,2,37,2016,Mississippi State,2013,2015,39.0,,,,,,,,,,,,,,DL,Mississippi State,,,,,,,,,,,,,,,8.0,42.0,60.0,102.0,18.0,0.2051282051282051,,,,chris jones,DL,Mississippi State,mississippi state,
Xavien Howard,,MIA,2,38,2016,Baylor,2013,2015,29.0,,,,,,,,,,,,,,DB,Baylor,,,,,,,,,,,,,,,,,,,,,10.0,0.0,23.0,xavien howard,DB,Baylor,baylor,
Noah Spence,,TAM,2,39,2016,,2012,2013,24.0,,,,,,,,,,,,,,DL,Ohio State,,,,,,,,,,,,,,,8.0,31.0,31.0,62.0,15.0,0.3333333333333333,,,,noah spence,DL,nan,nan,
Sterling Shepard,,NYG,2,40,2016,Oklahoma,2012,2015,50.0,,,,,,,,,,,,,,WR,Oklahoma,,,,,,,,,,69.6,233.0,3482.0,14.9,26.0,,,,,,,,,,sterling shepard,WR,Oklahoma,oklahoma,408.0
Reggie Ragland,,BUF,2,41,2016,Alabama,2012,2015,50.0,,,,,,,,,,,,,,LB,Alabama,,,,,,,,,,,,,,,4.0,116.0,106.0,222.0,17.5,0.08,,,,reggie ragland,LB,Alabama,alabama,
Kamalei Correa,,RAV,2,42,2016,Boise State,2013,2015,37.0,,,,,,,,,,,,,,DE,Boise State,,,,,,,,,,,,,,,20.0,69.0,41.0,110.0,31.5,0.5405405405405406,,,,kamalei correa,DE,Boise State,boise state,
Austin Johnson,,OTI,2,43,2016,Penn State,2013,2015,36.0,,,,,,,,,,,,,,DT,Penn State,,,,,,,,,,,,,,,8.0,63.0,91.0,154.0,24.0,0.2222222222222222,,,,austin johnson,DT,Penn State,penn state,
Jihad Ward,,RAI,2,44,2016,Illinois,2014,2015,25.0,,,,,,,,,,,,,,DL,Illinois,,,,,,,,,,,,,,,4.0,45.0,59.0,104.0,12.0,0.16,,,,jihad ward,DL,Illinois,illinois,
Derrick Henry,,OTI,2,45,2016,Alabama,2013,2015,39.0,,,,,,,,,,,,,,RB,Alabama,92.1,602.0,3591.0,6.0,42.0,17.0,16.8,3.0,7.3,,,,,,,,,,,,,,,derrick henry,RB,Alabama,alabama,146.0
A'Shawn Robinson,,DET,2,46,2016,Alabama,2013,2015,41.0,,,,,,,,,,,,,,DL,Alabama,,,,,,,,,,,,,,,9.0,51.0,82.0,133.0,22.0,0.2195121951219512,,,,a shawn robinson,DL,Alabama,alabama,
Michael Thomas,,NOR,2,47,2016,Ohio State,2012,2015,39.0,,,,,,,,,,,,,,WR,Ohio State,,,,,,,,,,41.1,113.0,1602.0,14.2,18.0,,,,,,,,,,michael thomas,WR,Ohio State,ohio state,
Jason Spriggs,,GNB,2,48,2016,Indiana,2012,2015,26.0,,,,,,,,,,,,,,OL,Indiana,,,,,,,,,,,,,,,,,,,,,,,,jason spriggs,OL,Indiana,indiana,
Jarran Reed,,SEA,2,49,2016,Alabama,2014,2015,29.0,,,,,,,,,,,,,,DL,Alabama,,,,,,,,,,,,,,,2.0,39.0,73.0,112.0,11.0,0.0689655172413793,,,,jarran reed,DL,Alabama,alabama,
Nick Martin,,HTX,2,50,2016,Notre Dame,2014,2015,26.0,,,,,,,,,,,,,,C,Notre Dame,,,,,,,,,,,,,,,,,,,,,,,,nick martin,C,Notre Dame,notre dame,
Christian Hackenberg,121.4,NYJ,2,51,2016,Penn State,2013,2015,38.0,693.0,1235.0,542.0,56.1,8457.0,48.0,31.0,3.9,2.5,6.8,6.5,12.2,222.6,QB,Penn State,,,,,,,,,,,,,,,,,,,,,,,,christian hackenberg,QB,Penn State,penn state,
Deion Jones,,ATL,2,52,2016,LSU,2012,2015,45.0,,,,,,,,,,,,,,LB,LSU,,,,,,,,,,,,,,,5.0,80.0,85.0,165.0,21.0,0.1111111111111111,,,,deion jones,LB,LSU,lsu,
Su'A Cravens,,WAS,2,53,2016,USC,2013,2015,40.0,,,,,,,,,,,,,,S,USC,,,,,,,,,,,,,,,,,,,,,9.0,1.0,16.0,su a cravens,S,USC,usc,
Mackensie Alexander,,MIN,2,54,2016,Clemson,2014,2015,27.0,,,,,,,,,,,,,,CB,Clemson,,,,,,,,,,,,,,,,,,,,,0.0,0.0,11.0,mackensie alexander,CB,Clemson,clemson,796.0
Tyler Boyd,,CIN,2,55,2016,Pitt,2013,2015,38.0,,,,,,,,,,,,,,WR,Pitt,,,,,,,,,,88.4,254.0,3361.0,13.2,21.0,,,,,,,,,,tyler boyd,WR,Pitt,pitt,
Cody Whitehair,,CHI,2,56,2016,Kansas State,2014,2015,26.0,,,,,,,,,,,,,,OL,Kansas State,,,,,,,,,,,,,,,,,,,,,,,,cody whitehair,OL,Kansas State,kansas state,
T.J. Green,,CLT,2,57,2016,Clemson,2013,2015,31.0,,,,,,,,,,,,,,S,Clemson,,,,,,,,,,,,,,,,,,,,,1.0,0.0,3.0,t j green,S,Clemson,clemson,
Sean Davis,,PIT,2,58,2016,Maryland,2012,2015,50.0,,,,,,,,,,,,,,DB,Maryland,,,,,,,,,,,,,,,,,,,,,5.0,0.0,14.0,sean davis,DB,Maryland,maryland,
Vonn Bell,,NOR,2,61,2016,Ohio State,2013,2015,36.0,,,,,,,,,,,,,,DB,Ohio State,,,,,,,,,,,,,,,,,,,,,9.0,1.0,15.0,vonn bell,DB,Ohio State,ohio state,
James Bradberry,,CAR,2,62,2016,,2011,2011,1.0,,,,,,,,,,,,,,DB,Arkansas State,,,,,,,,,,,,,,,,,,,,,0.0,0.0,0.0,james bradberry,DB,nan,nan,
Adam Gotsis,,DEN,2,63,2016,Georgia Tech,2013,2015,36.0,,,,,,,,,,,,,,DL,Georgia Tech,,,,,,,,,,,,,,,11.0,67.0,38.0,105.0,26.0,0.3055555555555556,,,,adam gotsis,DL,Georgia Tech,georgia tech,
Kevin Byard,,OTI,3,64,2016,Middle Tennessee State,2012,2015,49.0,,,,,,,,,,,,,,DB,Middle Tennessee State,,,,,,,,,,,,,,,,,,,,,19.0,4.0,15.0,kevin byard,DB,Middle Tennessee State,middle tennessee state,
Carl Nassib,,CLE,3,65,2016,Penn State,2013,2015,32.0,,,,,,,,,,,,,,DE,Penn State,,,,,,,,,,,,,,,17.0,46.0,19.0,65.0,25.0,0.53125,,,,carl nassib,DE,Penn State,penn state,
Max Tuerk,,SDG,3,66,2016,USC,2013,2015,6.0,,,,,,,,,,,,,,T,USC,,,,,,,,,,,,,,,,,,,,,,,,max tuerk,T,USC,usc,
Maliek Collins,,DAL,3,67,2016,Nebraska,2013,2015,32.0,,,,,,,,,,,,,,DT,Nebraska,,,,,,,,,,,,,,,8.0,37.0,49.0,86.0,18.0,0.25,,,,maliek collins,DT,Nebraska,nebraska,670.0
Will Redmond,,SFO,3,68,2016,Mississippi State,2013,2015,27.0,,,,,,,,,,,,,,DB,Mississippi State,,,,,,,,,,,,,,,,,,,,,5.0,0.0,8.0,will redmond,DB,Mississippi State,mississippi state,
Yannick Ngakoue,,JAX,3,69,2016,Maryland,2013,2015,30.0,,,,,,,,,,,,,,LB,Maryland,,,,,,,,,,,,,,,21.0,57.0,27.0,84.0,32.5,0.7,,,,yannick ngakoue,LB,Maryland,maryland,
Bronson Kaufusi,,RAV,3,70,2016,BYU,2012,2015,50.0,,,,,,,,,,,,,,DL,BYU,,,,,,,,,,,,,,,26.0,110.0,61.0,171.0,44.0,0.52,,,,bronson kaufusi,DL,BYU,byu,
Darian Thompson,,NYG,3,71,2016,Boise State,2012,2015,47.0,,,,,,,,,,,,,,DB,Boise State,,,,,,,,,,,,,,,,,,,,,19.0,1.0,6.0,darian thompson,DB,Boise State,boise state,
Jonathan Bullard,,CHI,3,72,2016,Florida,2012,2015,50.0,,,,,,,,,,,,,,DL,Florida,,,,,,,,,,,,,,,12.0,91.0,87.0,178.0,33.5,0.24,,,,jonathan bullard,DL,Florida,florida,
Kenyan Drake,,MIA,3,73,2016,Alabama,2012,2015,41.0,,,,,,,,,,,,,,RB,Alabama,36.5,233.0,1495.0,6.4,18.0,46.0,12.4,4.0,13.9,,,,,,,,,,,,,,,kenyan drake,RB,Alabama,alabama,145.0
Keivarae Russell,,KAN,3,74,2016,Notre Dame,2012,2015,36.0,,,,,,,,,,,,,,DB,Notre Dame,,,,,,,,,,,,,,,,,,,,,5.0,0.0,12.0,keivarae russell,DB,Notre Dame,notre dame,
Shilique Calhoun,,RAI,3,75,2016,Michigan State,2012,2015,54.0,,,,,,,,,,,,,,DL,Michigan State,,,,,,,,,,,,,,,27.0,74.0,57.0,131.0,44.0,0.5,,,,shilique calhoun,DL,Michigan State,michigan state,
Shon Coleman,,CLE,3,76,2016,Auburn,2015,2015,12.0,,,,,,,,,,,,,,OL,Auburn,,,,,,,,,,,,,,,,,,,,,,,,shon coleman,OL,Auburn,auburn,
Daryl Worley,,CAR,3,77,2016,West Virginia,2013,2015,34.0,,,,,,,,,,,,,,CB,West Virginia,,,,,,,,,,,,,,,,,,,,,10.0,0.0,21.0,daryl worley,CB,West Virginia,west virginia,815.0
Joe Thuney,,NWE,3,78,2016,North Carolina State,2013,2015,14.0,,,,,,,,,,,,,,C,North Carolina State,,,,,,,,,,,,,,,,,,,,,,,,joe thuney,C,North Carolina State,north carolina state,
Isaac Seumalo,,PHI,3,79,2016,Oregon State,2012,2015,27.0,,,,,,,,,,,,,,OL,Oregon State,,,,,,,,,,,,,,,,,,,,,,,,isaac seumalo,OL,Oregon State,oregon state,
Adolphus Washington,,BUF,3,80,2016,Ohio State,2012,2015,48.0,,,,,,,,,,,,,,DL,Ohio State,,,,,,,,,,,,,,,13.0,71.0,71.0,142.0,25.0,0.2708333333333333,,,,adolphus washington,DL,Ohio State,ohio state,
Austin Hooper,,ATL,3,81,2016,Stanford,2014,2015,27.0,,,,,,,,,,,,,,TE,Stanford,,,,,,,,,,34.7,74.0,937.0,12.7,8.0,,,,,,,,,,austin hooper,TE,Stanford,stanford,250.0
Le'Raven Clark,,CLT,3,82,2016,Texas Tech,2012,2015,27.0,,,,,,,,,,,,,,OL,Texas Tech,,,,,,,,,,,,,,,,,,,,,,,,le raven clark,OL,Texas Tech,texas tech,
Jordan Jenkins,,NYJ,3,83,2016,Georgia,2012,2015,52.0,,,,,,,,,,,,,,LB,Georgia,,,,,,,,,,,,,,,19.0,108.0,97.0,205.0,40.0,0.3653846153846153,,,,jordan jenkins,LB,Georgia,georgia,
Kendall Fuller,,WAS,3,84,2016,Virginia Tech,2013,2015,29.0,,,,,,,,,,,,,,CB,Virginia Tech,,,,,,,,,,,,,,,,,,,,,8.0,1.0,27.0,kendall fuller,CB,Virginia Tech,virginia tech,802.0
Braxton Miller,146.7,HTX,3,85,2016,Ohio State,2011,2014,37.0,395.0,666.0,271.0,59.3,5292.0,52.0,17.0,7.8,2.6,7.9,8.36,13.4,143.0,QB,Ohio State,,,,,,,,,,,,,,,,,,,,,,,,braxton miller,QB,Ohio State,ohio state,
Braxton Miller,,HTX,3,85,2016,Ohio State,2015,2015,13.0,,,,,,,,,,,,,,WR,Ohio State,,,,,,,,,,26.2,26.0,341.0,13.1,3.0,,,,,,,,,,braxton miller,WR,Ohio State,ohio state,
Leonte Carroo,,MIA,3,86,2016,Rutgers,2012,2015,41.0,,,,,,,,,,,,,,WR,Rutgers,,,,,,,,,,57.9,122.0,2373.0,19.5,29.0,,,,,,,,,,leonte carroo,WR,Rutgers,rutgers,394.0
Nick Vigil,,CIN,3,87,2016,Utah State,2013,2015,40.0,,,,,,,,,,,,,,LB,Utah State,,,,,,,,,,,,,,,18.0,161.0,175.0,336.0,41.5,0.45,,,,nick vigil,LB,Utah State,utah state,
Kyler Fackrell,,GNB,3,88,2016,Utah State,2012,2015,41.0,,,,,,,,,,,,,,LB,Utah State,,,,,,,,,,,,,,,12.0,104.0,149.0,253.0,36.0,0.2926829268292683,,,,kyler fackrell,LB,Utah State,utah state,
C.J. Prosise,,SEA,3,90,2016,Notre Dame,2015,2015,11.0,,,,,,,,,,,,,,RB,Notre Dame,93.8,156.0,1032.0,6.6,11.0,26.0,11.8,1.0,28.0,,,,,,,,,,,,,,,c j prosise,RB,Notre Dame,notre dame,151.0
C.J. Prosise,,SEA,3,90,2016,Notre Dame,2013,2014,22.0,,,,,,,,,,,,,,WR,Notre Dame,,,,,,,,,,26.7,36.0,588.0,16.3,2.0,,,,,,,,,,c j prosise,WR,Notre Dame,notre dame,
Jacoby Brissett,131.3,NWE,3,91,2016,North Carolina State,2011,2015,39.0,499.0,839.0,340.0,59.5,5723.0,46.0,15.0,5.5,1.8,6.8,7.11,11.5,146.7,QB,FloridaNorth Carolina State,,,,,,,,,,,,,,,,,,,,,,,,jacoby brissett,QB,North Carolina State,north carolina state,
Brandon Williams,,CRD,3,92,2016,Texas A&M,2011,2015,43.0,,,,,,,,,,,,,,RB,OklahomaTexas A&M,20.2,178.0,870.0,4.9,4.0,15.0,5.7,1.0,2.0,,,,,,,,,,,,,,,brandon williams,RB,Texas A&M,texas a&m,
Cody Kessler,156.4,CLE,3,93,2016,USC,2012,2015,51.0,851.0,1261.0,410.0,67.5,10339.0,88.0,19.0,7.0,1.5,8.2,8.92,12.1,202.7,QB,USC,,,,,,,,,,,,,,,,,,,,,,,,cody kessler,QB,USC,usc,
Nick Vannett,,SEA,3,94,2016,Ohio State,2012,2015,44.0,,,,,,,,,,,,,,TE,Ohio State,,,,,,,,,,13.3,55.0,585.0,10.6,6.0,,,,,,,,,,nick vannett,TE,Ohio State,ohio state,
Graham Glasgow,,DET,3,95,2016,Michigan,2013,2015,23.0,,,,,,,,,,,,,,OL,Michigan,,,,,,,,,,,,,,,,,,,,,,,,graham glasgow,OL,Michigan,michigan,
Vincent Valentine,,NWE,3,96,2016,Nebraska,2013,2015,33.0,,,,,,,,,,,,,,DT,Nebraska,,,,,,,,,,,,,,,7.0,36.0,40.0,76.0,14.0,0.2121212121212121,,,,vincent valentine,DT,Nebraska,nebraska,679.0
Rees Odhiambo,,SEA,3,97,2016,Boise State,2015,2015,8.0,,,,,,,,,,,,,,OL,Boise State,,,,,,,,,,,,,,,,,,,,,,,,rees odhiambo,OL,Boise State,boise state,
Justin Simmons,,DEN,3,98,2016,Boston College,2012,2015,45.0,,,,,,,,,,,,,,DB,Boston College,,,,,,,,,,,,,,,,,,,,,8.0,0.0,10.0,justin simmons,DB,Boston College,boston college,
Joe Schobert,,CLE,4,99,2016,Wisconsin,2013,2015,37.0,,,,,,,,,,,,,,LB,Wisconsin,,,,,,,,,,,,,,,13.0,95.0,77.0,172.0,35.5,0.3513513513513513,,,,joe schobert,LB,Wisconsin,wisconsin,
Connor Cook,139.8,RAI,4,100,2016,Michigan State,2012,2015,43.0,673.0,1170.0,497.0,57.5,9194.0,71.0,22.0,6.1,1.9,7.9,8.23,13.7,213.8,QB,Michigan State,,,,,,,,,,,,,,,,,,,,,,,,connor cook,QB,Michigan State,michigan state,
Charles Tapper,,DAL,4,101,2016,Oklahoma,2012,2015,44.0,,,,,,,,,,,,,,DL,Oklahoma,,,,,,,,,,,,,,,15.0,68.0,69.0,137.0,26.5,0.3409090909090909,,,,charles tapper,DL,Oklahoma,oklahoma,
Joshua Perry,,SDG,4,102,2016,Ohio State,2012,2015,46.0,,,,,,,,,,,,,,LB,Ohio State,,,,,,,,,,,,,,,7.0,169.0,127.0,296.0,18.0,0.1521739130434782,,,,joshua perry,LB,Ohio State,ohio state,
Sheldon Day,,JAX,4,103,2016,Notre Dame,2012,2015,47.0,,,,,,,,,,,,,,DL,Notre Dame,,,,,,,,,,,,,,,7.0,91.0,50.0,141.0,32.0,0.1489361702127659,,,,sheldon day,DL,Notre Dame,notre dame,
Tavon Young,,RAV,4,104,2016,Temple,2012,2015,47.0,,,,,,,,,,,,,,DB,Temple,,,,,,,,,,,,,,,,,,,,,7.0,1.0,21.0,tavon young,DB,Temple,temple,
Parker Ehinger,,KAN,4,105,2016,Cincinnati,2015,2015,12.0,,,,,,,,,,,,,,OL,Cincinnati,,,,,,,,,,,,,,,,,,,,,,,,parker ehinger,OL,Cincinnati,cincinnati,
Eric Murray,,KAN,4,106,2016,Minnesota,2012,2015,51.0,,,,,,,,,,,,,,DB,Minnesota,,,,,,,,,,,,,,,,,,,,,2.0,0.0,24.0,eric murray,DB,Minnesota,minnesota,
Chris Moore,,RAV,4,107,2016,Cincinnati,2012,2015,50.0,,,,,,,,,,,,,,WR,Cincinnati,,,,,,,,,,46.0,119.0,2301.0,19.3,26.0,,,,,,,,,,chris moore,WR,Cincinnati,cincinnati,403.0
B.J. Goodson,,NYG,4,109,2016,Clemson,2012,2015,42.0,,,,,,,,,,,,,,LB,Clemson,,,,,,,,,,,,,,,6.0,77.0,60.0,137.0,17.5,0.1428571428571428,,,,b j goodson,LB,Clemson,clemson,
Tyler Higbee,,RAM,4,110,2016,Western Kentucky,2011,2015,36.0,,,,,,,,,,,,,,WR,Western Kentucky,,,,,,,,,,29.3,68.0,1054.0,15.5,14.0,,,,,,,,,,tyler higbee,WR,Western Kentucky,western kentucky,
Malcolm Mitchell,,NWE,4,112,2016,Georgia,2011,2015,46.0,,,,,,,,,,,,,,WR,Georgia,,,,,,,,,,51.1,174.0,2350.0,13.5,16.0,,,,,,,,,,malcolm mitchell,WR,Georgia,georgia,402.0
Nick Kwiatkoski,,CHI,4,113,2016,West Virginia,2013,2015,36.0,,,,,,,,,,,,,,LB,West Virginia,,,,,,,,,,,,,,,6.0,187.0,87.0,274.0,29.5,0.1666666666666666,,,,nick kwiatkoski,LB,West Virginia,west virginia,
Nick Kwiatkoski,,CHI,4,113,2016,West Virginia,2012,2012,12.0,,,,,,,,,,,,,,DB,West Virginia,,,,,,,,,,,,,,,,,,,,,0.0,0.0,3.0,nick kwiatkoski,DB,West Virginia,west virginia,
Ricardo Louis,,CLE,4,114,2016,Auburn,2012,2015,50.0,,,,,,,,,,,,,,WR,Auburn,,,,,,,,,,26.8,98.0,1338.0,13.7,8.0,,,,,,,,,,ricardo louis,WR,Auburn,auburn,401.0
De'Vondre Campbell,,ATL,4,115,2016,Minnesota,2013,2015,36.0,,,,,,,,,,,,,,LB,Minnesota,,,,,,,,,,,,,,,6.0,127.0,79.0,206.0,16.0,0.1666666666666666,,,,de vondre campbell,LB,Minnesota,minnesota,
Hassan Ridgeway,,CLT,4,116,2016,Texas,2013,2015,30.0,,,,,,,,,,,,,,DT,Texas,,,,,,,,,,,,,,,9.0,62.0,38.0,100.0,17.0,0.3,,,,hassan ridgeway,DT,Texas,texas,678.0
Pharoh Cooper,,RAM,4,117,2016,South Carolina,2014,2015,25.0,,,,,,,,,,,,,,WR,South Carolina,,,,,,,,,,84.4,135.0,2109.0,15.6,17.0,,,,,,,,,,pharoh cooper,WR,South Carolina,south carolina,396.0
Pharoh Cooper,,RAM,4,117,2016,South Carolina,2013,2013,9.0,,,,,,,,,,,,,,CB,South Carolina,,,,,,,,,,,,,,,,,,,,,0.0,0.0,0.0,pharoh cooper,CB,South Carolina,south carolina,
Juston Burris,,NYJ,4,118,2016,North Carolina State,2013,2015,38.0,,,,,,,,,,,,,,CB,North Carolina State,,,,,,,,,,,,,,,,,,,,,3.0,0.0,18.0,juston burris,CB,North Carolina State,north carolina state,
Tyler Ervin,,HTX,4,119,2016,San Jose State,2011,2015,38.0,,,,,,,,,,,,,,RB,San Jose State,68.4,483.0,2598.0,5.4,18.0,77.0,8.5,3.0,17.3,,,,,,,,,,,,,,,tyler ervin,RB,San Jose State,san jose state,
Tyler Ervin,,HTX,4,119,2016,San Jose State,2012,2012,9.0,,,,,,,,,,,,,,DB,San Jose State,,,,,,,,,,,,,,,,,,,,,0.0,0.0,0.0,tyler ervin,DB,San Jose State,san jose state,
Willie Beavers,,MIN,4,121,2016,Western Michigan,2013,2015,15.0,,,,,,,,,,,,,,OL,Western Michigan,,,,,,,,,,,,,,,,,,,,,,,,willie beavers,OL,Western Michigan,western michigan,
Andrew Billings,,CIN,4,122,2016,Baylor,2013,2015,36.0,,,,,,,,,,,,,,DL,Baylor,,,,,,,,,,,,,,,8.0,74.0,32.0,106.0,29.5,0.2222222222222222,,,,andrew billings,DL,Baylor,baylor,
Jerald Hawkins,,PIT,4,123,2016,LSU,2015,2015,11.0,,,,,,,,,,,,,,T,LSU,,,,,,,,,,,,,,,,,,,,,,,,jerald hawkins,T,LSU,lsu,
Deon Bush,,CHI,4,124,2016,Miami (FL),2012,2015,45.0,,,,,,,,,,,,,,DB,Miami (FL),,,,,,,,,,,,,,,,,,,,,4.0,0.0,13.0,deon bush,DB,Miami (FL),miami (fl),
Antonio Morrison,,CLT,4,125,2016,Florida,2012,2015,47.0,,,,,,,,,,,,,,LB,Florida,,,,,,,,,,,,,,,4.0,130.0,164.0,294.0,21.0,0.0851063829787234,,,,antonio morrison,LB,Florida,florida,
Demarcus Robinson,,KAN,4,126,2016,Florida,2013,2015,29.0,,,,,,,,,,,,,,WR,Florida,,,,,,,,,,47.1,107.0,1366.0,12.8,9.0,,,,,,,,,,demarcus robinson,WR,Florida,florida,406.0
Evan Boehm,,CRD,4,128,2016,Missouri,2012,2015,24.0,,,,,,,,,,,,,,OL,Missouri,,,,,,,,,,,,,,,,,,,,,,,,evan boehm,OL,Missouri,missouri,
Derrick Kindred,,CLE,4,129,2016,Texas Christian,2012,2015,50.0,,,,,,,,,,,,,,DB,Texas Christian,,,,,,,,,,,,,,,,,,,,,8.0,2.0,15.0,derrick kindred,DB,Texas Christian,texas christian,
Alex Lewis,,RAV,4,130,2016,Nebraska,2012,2015,25.0,,,,,,,,,,,,,,OL,ColoradoNebraska,,,,,,,,,,,,,,,,,,,,,,,,alex lewis,OL,Nebraska,nebraska,
Blake Martinez,,GNB,4,131,2016,Stanford,2012,2015,44.0,,,,,,,,,,,,,,LB,Stanford,,,,,,,,,,,,,,,6.0,138.0,119.0,257.0,13.5,0.1363636363636363,,,,blake martinez,LB,Stanford,stanford,
Willie Henry,,RAV,4,132,2016,Michigan,2013,2015,32.0,,,,,,,,,,,,,,DT,Michigan,,,,,,,,,,,,,,,9.0,40.0,45.0,85.0,18.0,0.28125,,,,willie henry,DT,Michigan,michigan,673.0
Rashard Robinson,,SFO,4,133,2016,LSU,2013,2014,15.0,,,,,,,,,,,,,,DB,LSU,,,,,,,,,,,,,,,,,,,,,1.0,0.0,3.0,rashard robinson,DB,LSU,lsu,
Kenneth Dixon,,RAV,4,134,2016,Louisiana Tech,2012,2015,47.0,,,,,,,,,,,,,,RB,Louisiana Tech,95.3,801.0,4480.0,5.6,72.0,88.0,11.0,15.0,20.7,,,,,,,,,,,,,,,kenneth dixon,RB,Louisiana Tech,louisiana tech,144.0
Dak Prescott,146.0,DAL,4,135,2016,Mississippi State,2012,2015,49.0,734.0,1169.0,435.0,62.8,9376.0,70.0,23.0,6.0,2.0,8.0,8.33,12.8,191.3,QB,Mississippi State,,,,,,,,,,,,,,,,,,,,,,,,dak prescott,QB,Mississippi State,mississippi state,
Devontae Booker,,DEN,4,136,2016,Utah,2014,2015,23.0,,,,,,,,,,,,,,RB,Utah,120.6,560.0,2773.0,5.0,21.0,80.0,7.8,2.0,27.1,,,,,,,,,,,,,,,devontae booker,RB,Utah,utah,142.0
Dean Lowry,,GNB,4,137,2016,Northwestern,2012,2015,49.0,,,,,,,,,,,,,,DL,Northwestern,,,,,,,,,,,,,,,12.0,87.0,52.0,139.0,31.5,0.2448979591836734,,,,dean lowry,DL,Northwestern,northwestern,
Cardale Jones,145.7,BUF,4,139,2016,Ohio State,2013,2015,23.0,160.0,257.0,97.0,62.3,2209.0,13.0,7.0,5.1,2.7,8.6,8.38,13.8,96.0,QB,Ohio State,,,,,,,,,,,,,,,,,,,,,,,,cardale jones,QB,Ohio State,ohio state,
Tajae Sharpe,,OTI,5,140,2016,Massachusetts,2012,2015,47.0,,,,,,,,,,,,,,WR,Massachusetts,,,,,,,,,,74.2,277.0,3486.0,12.6,16.0,,,,,,,,,,tajae sharpe,WR,Massachusetts,massachusetts,407.0
Zack Sanchez,,CAR,5,141,2016,Oklahoma,2013,2015,36.0,,,,,,,,,,,,,,DB,Oklahoma,,,,,,,,,,,,,,,,,,,,,15.0,3.0,28.0,zack sanchez,DB,Oklahoma,oklahoma,
Ronald Blair,,SFO,5,142,2016,Appalachian State,2014,2015,25.0,,,,,,,,,,,,,,DL,Appalachian State,,,,,,,,,,,,,,,13.0,67.0,47.0,114.0,32.0,0.52,,,,ronald blair,DL,Appalachian State,appalachian state,
Deandre Washington,,RAI,5,143,2016,Texas Tech,2011,2015,49.0,,,,,,,,,,,,,,RB,Texas Tech,69.6,605.0,3411.0,5.6,23.0,124.0,8.8,4.0,22.3,,,,,,,,,,,,,,,deandre washington,RB,Texas Tech,texas tech,154.0
Connor McGovern,,DEN,5,144,2016,Missouri,2014,2015,26.0,,,,,,,,,,,,,,OL,Missouri,,,,,,,,,,,,,,,,,,,,,,,,connor mcgovern,OL,Missouri,missouri,
John Theus,,SFO,5,145,2016,Georgia,2012,2015,41.0,,,,,,,,,,,,,,OL,Georgia,,,,,,,,,,,,,,,,,,,,,,,,john theus,OL,Georgia,georgia,
Quinton Jefferson,,SEA,5,147,2016,Maryland,2012,2015,38.0,,,,,,,,,,,,,,DL,Maryland,,,,,,,,,,,,,,,10.0,52.0,55.0,107.0,21.5,0.2631578947368421,,,,quinton jefferson,DL,Maryland,maryland,
Caleb Benenoch,,TAM,5,148,2016,UCLA,2014,2015,26.0,,,,,,,,,,,,,,OL,UCLA,,,,,,,,,,,,,,,,,,,,,,,,caleb benenoch,OL,UCLA,ucla,
Paul Perkins,,NYG,5,149,2016,UCLA,2013,2015,39.0,,,,,,,,,,,,,,RB,UCLA,89.5,622.0,3491.0,5.6,29.0,80.0,9.2,3.0,18.9,,,,,,,,,,,,,,,paul perkins,RB,UCLA,ucla,150.0
Jordan Howard,,CHI,5,150,2016,Indiana,2013,2015,32.0,,,,,,,,,,,,,,RB,IndianaUAB,115.0,647.0,3681.0,5.7,24.0,24.0,10.9,3.0,8.2,,,,,,,,,,,,,,,jordan howard,RB,Indiana,indiana,147.0
Joe Dahl,,DET,5,151,2016,Washington State,2013,2015,11.0,,,,,,,,,,,,,,OL,Washington State,,,,,,,,,,,,,,,,,,,,,,,,joe dahl,OL,Washington State,washington state,
Matt Ioannidis,,WAS,5,152,2016,Temple,2013,2015,37.0,,,,,,,,,,,,,,DL,Temple,,,,,,,,,,,,,,,10.0,76.0,39.0,115.0,30.0,0.2702702702702703,,,,matt ioannidis,DL,Temple,temple,
Wendell Smallwood,,PHI,5,153,2016,West Virginia,2013,2015,38.0,,,,,,,,,,,,,,RB,West Virginia,64.8,425.0,2462.0,5.8,12.0,68.0,9.1,0.0,16.3,,,,,,,,,,,,,,,wendell smallwood,RB,West Virginia,west virginia,152.0
Jordan Payton,,CLE,5,154,2016,UCLA,2012,2015,51.0,,,,,,,,,,,,,,WR,UCLA,,,,,,,,,,53.0,201.0,2702.0,13.4,14.0,,,,,,,,,,jordan payton,WR,UCLA,ucla,404.0
Jonathan Williams,,BUF,5,156,2016,Arkansas,2012,2015,37.0,,,,,,,,,,,,,,RB,Arkansas,62.7,406.0,2321.0,5.7,16.0,26.0,13.3,6.0,9.3,,,,,,,,,,,,,,,jonathan williams,RB,Arkansas,arkansas,155.0
Brandon Shell,,NYJ,5,158,2016,South Carolina,2014,2015,25.0,,,,,,,,,,,,,,T,South Carolina,,,,,,,,,,,,,,,,,,,,,,,,brandon shell,T,South Carolina,south carolina,
K.J. Dillon,,HTX,5,159,2016,West Virginia,2012,2015,47.0,,,,,,,,,,,,,,DB,West Virginia,,,,,,,,,,,,,,,,,,,,,5.0,1.0,21.0,k j dillon,DB,West Virginia,west virginia,
Kentrell Brothers,,MIN,5,160,2016,Missouri,2012,2015,51.0,,,,,,,,,,,,,,LB,Missouri,,,,,,,,,,,,,,,4.0,182.0,176.0,358.0,23.5,0.0784313725490196,,,,kentrell brothers,LB,Missouri,missouri,
Christian Westerman,,CIN,5,161,2016,Arizona State,2015,2015,13.0,,,,,,,,,,,,,,OL,Arizona State,,,,,,,,,,,,,,,,,,,,,,,,christian westerman,OL,Arizona State,arizona state,
Kevin Hogan,154.6,KAN,5,162,2016,Stanford,2012,2015,51.0,727.0,1103.0,376.0,65.9,9385.0,75.0,29.0,6.8,2.6,8.5,8.69,12.9,184.0,QB,Stanford,,,,,,,,,,,,,,,,,,,,,,,,kevin hogan,QB,Stanford,stanford,40.0
Trevor Davis,,GNB,5,163,2016,California,2011,2015,38.0,,,,,,,,,,,,,,WR,CaliforniaHawaii,,,,,,,,,,44.0,109.0,1672.0,15.3,12.0,,,,,,,,,,trevor davis,WR,California,california,398.0
Halapoulivaati Vaitai,,PHI,5,164,2016,Texas Christian,2015,2015,12.0,,,,,,,,,,,,,,T,Texas Christian,,,,,,,,,,,,,,,,,,,,,,,,halapoulivaati vaitai,T,Texas Christian,texas christian,
D.J. Reader,,HTX,5,166,2016,Clemson,2012,2015,45.0,,,,,,,,,,,,,,DL,Clemson,,,,,,,,,,,,,,,5.0,34.0,39.0,73.0,9.0,0.1111111111111111,,,,d j reader,DL,Clemson,clemson,
Spencer Drango,,CLE,5,168,2016,Baylor,2012,2015,26.0,,,,,,,,,,,,,,OL,Baylor,,,,,,,,,,,,,,,,,,,,,,,,spencer drango,OL,Baylor,baylor,
Antwione Williams,,DET,5,169,2016,Georgia Southern,2014,2015,25.0,,,,,,,,,,,,,,LB,Georgia Southern,,,,,,,,,,,,,,,7.0,94.0,78.0,172.0,18.5,0.28,,,,antwione williams,LB,Georgia Southern,georgia southern,
Alex Collins,,SEA,5,171,2016,Arkansas,2013,2015,38.0,,,,,,,,,,,,,,RB,Arkansas,97.4,665.0,3703.0,5.6,36.0,27.0,6.2,0.0,4.4,,,,,,,,,,,,,,,alex collins,RB,Arkansas,arkansas,143.0
Rashard Higgins,,CLE,5,172,2016,Colorado State,2013,2015,38.0,,,,,,,,,,,,,,WR,Colorado State,,,,,,,,,,96.0,239.0,3649.0,15.3,31.0,,,,,,,,,,rashard higgins,WR,Colorado State,colorado state,
Trey Caldwell,,CLE,5,173,2016,Louisiana-Monroe,2012,2015,48.0,,,,,,,,,,,,,,DB,Louisiana-Monroe,,,,,,,,,,,,,,,,,,,,,2.0,1.0,21.0,trey caldwell,DB,Louisiana-Monroe,louisiana-monroe,
Fahn Cooper,,SFO,5,174,2016,Ole Miss,2015,2015,13.0,,,,,,,,,,,,,,OL,Ole Miss,,,,,,,,,,,,,,,,,,,,,,,,fahn cooper,OL,Ole Miss,ole miss,
Jatavis Brown,,SDG,5,175,2016,Akron,2012,2015,46.0,,,,,,,,,,,,,,LB,Akron,,,,,,,,,,,,,,,17.0,196.0,149.0,345.0,41.5,0.3695652173913043,,,,jatavis brown,LB,Akron,akron,
Andy Janovich,,DEN,6,176,2016,Nebraska,2012,2015,38.0,,,,,,,,,,,,,,RB,Nebraska,7.1,45.0,271.0,6.0,3.0,5.0,17.4,0.0,2.3,,,,,,,,,,,,,,,andy janovich,RB,Nebraska,nebraska,
D.J. White,,KAN,6,178,2016,Georgia Tech,2013,2015,37.0,,,,,,,,,,,,,,CB,Georgia Tech,,,,,,,,,,,,,,,,,,,,,7.0,1.0,21.0,d j white,CB,Georgia Tech,georgia tech,814.0
Keenan Reynolds,143.8,RAV,6,182,2016,Navy,2012,2015,50.0,242.0,462.0,220.0,52.4,4001.0,31.0,8.0,6.7,1.7,8.7,9.22,16.5,80.0,QB,Navy,,,,,,,,,,,,,,,,,,,,,,,,keenan reynolds,QB,Navy,navy,
Devante Bond,,TAM,6,183,2016,Oklahoma,2014,2015,21.0,,,,,,,,,,,,,,LB,Oklahoma,,,,,,,,,,,,,,,3.0,46.0,26.0,72.0,11.0,0.1428571428571428,,,,devante bond,LB,Oklahoma,oklahoma,
Jerell Adams,,NYG,6,184,2016,South Carolina,2012,2015,41.0,,,,,,,,,,,,,,TE,South Carolina,,,,,,,,,,23.8,66.0,977.0,14.8,7.0,,,,,,,,,,jerell adams,TE,South Carolina,south carolina,246.0
Jakeem Grant,,MIA,6,186,2016,Texas Tech,2012,2015,49.0,,,,,,,,,,,,,,WR,Texas Tech,,,,,,,,,,67.1,254.0,3286.0,12.9,27.0,,,,,,,,,,jakeem grant,WR,Texas Tech,texas tech,
Nate Sudfeld,144.1,WAS,6,187,2016,Indiana,2012,2015,38.0,593.0,983.0,390.0,60.3,7879.0,61.0,20.0,6.2,2.0,8.0,8.34,13.3,207.3,QB,Indiana,,,,,,,,,,,,,,,,,,,,,,,,nate sudfeld,QB,Indiana,indiana,42.0
David Morgan,,MIN,6,188,2016,UTSA,2013,2015,26.0,,,,,,,,,,,,,,TE,UTSA,,,,,,,,,,34.2,72.0,890.0,12.4,6.0,,,,,,,,,,david morgan,TE,UTSA,utsa,
Anthony Brown,,DAL,6,189,2016,Purdue,2012,2015,46.0,,,,,,,,,,,,,,DB,Purdue,,,,,,,,,,,,,,,,,,,,,4.0,0.0,19.0,anthony brown,DB,Purdue,purdue,
Josh Forrest,,RAM,6,190,2016,Kentucky,2012,2015,43.0,,,,,,,,,,,,,,LB,Kentucky,,,,,,,,,,,,,,,4.0,117.0,115.0,232.0,15.5,0.0930232558139534,,,,josh forrest,LB,Kentucky,kentucky,
Jake Rudock,134.1,DET,6,191,2016,Michigan,2013,2015,38.0,666.0,1080.0,414.0,61.7,7836.0,54.0,27.0,5.0,2.5,7.3,7.13,11.8,206.2,QB,IowaMichigan,,,,,,,,,,,,,,,,,,,,,,,,jake rudock,QB,Michigan,michigan,
Kolby Listenbee,,BUF,6,192,2016,Texas Christian,2012,2015,35.0,,,,,,,,,,,,,,WR,Texas Christian,,,,,,,,,,40.9,74.0,1432.0,19.4,9.0,,,,,,,,,,kolby listenbee,WR,Texas Christian,texas christian,
Sebastian Tretola,,OTI,6,193,2016,Arkansas,2014,2015,26.0,,,,,,,,,,,,,,T,Arkansas,,,,,,,,,,,,,,,,,,,,,,,,sebastian tretola,T,Arkansas,arkansas,
Cory James,,RAI,6,194,2016,Colorado State,2012,2015,51.0,,,,,,,,,,,,,,LB,Colorado State,,,,,,,,,,,,,,,24.0,114.0,115.0,229.0,41.5,0.4705882352941176,,,,cory james,LB,Colorado State,colorado state,
Wes Schweitzer,,ATL,6,195,2016,San Jose State,2014,2015,25.0,,,,,,,,,,,,,,T,San Jose State,,,,,,,,,,,,,,,,,,,,,,,,wes schweitzer,T,San Jose State,san jose state,
Blake Countess,,PHI,6,196,2016,Auburn,2011,2015,50.0,,,,,,,,,,,,,,DB,AuburnMichigan,,,,,,,,,,,,,,,,,,,,,8.0,1.0,24.0,blake countess,DB,Auburn,auburn,
Dan Vitale,,TAM,6,197,2016,Northwestern,2013,2015,37.0,,,,,,,,,,,,,,SB,Northwestern,0.7,5.0,27.0,5.4,0.0,107.0,10.6,9.0,30.8,,,,,,,,,,,,,,,dan vitale,SB,Northwestern,northwestern,
Dan Vitale,,TAM,6,197,2016,Northwestern,2012,2012,13.0,,,,,,,,,,,,,,TE,Northwestern,,,,,,,,,,22.2,28.0,288.0,10.3,2.0,,,,,,,,,,dan vitale,TE,Northwestern,northwestern,
Derek Watt,,SDG,6,198,2016,Wisconsin,2013,2015,26.0,,,,,,,,,,,,,,FB,Wisconsin,2.1,11.0,55.0,5.0,0.0,18.0,8.8,1.0,6.1,,,,,,,,,,,,,,,derek watt,FB,Wisconsin,wisconsin,
Derek Watt,,SDG,6,198,2016,Wisconsin,2012,2012,14.0,,,,,,,,,,,,,,LB,Wisconsin,,,,,,,,,,,,,,,0.0,10.0,3.0,13.0,0.0,0.0,,,,derek watt,LB,Wisconsin,wisconsin,
Cody Core,,CIN,6,199,2016,Ole Miss,2012,2015,45.0,,,,,,,,,,,,,,WR,Ole Miss,,,,,,,,,,28.8,83.0,1297.0,15.6,10.0,,,,,,,,,,cody core,WR,Ole Miss,ole miss,
Kyle Murphy,,GNB,6,200,2016,Stanford,2014,2015,27.0,,,,,,,,,,,,,,OL,Stanford,,,,,,,,,,,,,,,,,,,,,,,,kyle murphy,OL,Stanford,stanford,
Brandon Allen,134.8,JAX,6,201,2016,Arkansas,2012,2015,42.0,583.0,1016.0,433.0,57.4,7463.0,64.0,26.0,6.3,2.6,7.3,7.45,12.8,177.7,QB,Arkansas,,,,,,,,,,,,,,,,,,,,,,,,brandon allen,QB,Arkansas,arkansas,36.0
Anthony Zettel,,DET,6,202,2016,Penn State,2012,2015,48.0,,,,,,,,,,,,,,DL,Penn State,,,,,,,,,,,,,,,20.0,69.0,51.0,120.0,38.0,0.4166666666666667,,,,anthony zettel,DL,Penn State,penn state,
Dadi Nicolas,,KAN,6,203,2016,Virginia Tech,2012,2015,47.0,,,,,,,,,,,,,,DL,Virginia Tech,,,,,,,,,,,,,,,17.0,87.0,79.0,166.0,36.0,0.3617021276595745,,,,dadi nicolas,DL,Virginia Tech,virginia tech,
Jordan Lucas,,MIA,6,204,2016,Penn State,2012,2015,46.0,,,,,,,,,,,,,,DB,Penn State,,,,,,,,,,,,,,,,,,,,,3.0,0.0,25.0,jordan lucas,DB,Penn State,penn state,
Michael Thomas,,RAM,6,206,2016,Southern Mississippi,2014,2015,25.0,,,,,,,,,,,,,,WR,Southern Mississippi,,,,,,,,,,79.3,112.0,1983.0,17.7,19.0,,,,,,,,,,michael thomas,WR,Southern Mississippi,southern mississippi,
Jeff Driskel,134.1,SFO,6,207,2016,Louisiana Tech,2011,2015,42.0,609.0,1002.0,393.0,60.8,7444.0,50.0,28.0,5.0,2.8,7.4,7.17,12.2,177.2,QB,FloridaLouisiana Tech,,,,,,,,,,,,,,,,,,,,,,,,jeff driskel,QB,Louisiana Tech,louisiana tech,38.0
Maurice Canady,,RAV,6,209,2016,Virginia,2012,2015,44.0,,,,,,,,,,,,,,DB,Virginia,,,,,,,,,,,,,,,,,,,,,5.0,1.0,26.0,maurice canady,DB,Virginia,virginia,
Jimmy Landes,,DET,6,210,2016,Baylor,2014,2015,25.0,,,,,,,,,,,,,,S,Baylor,,,,,,,,,,,,,,,,,,,,,0.0,0.0,0.0,jimmy landes,S,Baylor,baylor,
Kelvin Taylor,,SFO,6,211,2016,Florida,2013,2015,35.0,,,,,,,,,,,,,,RB,Florida,60.2,486.0,2108.0,4.3,23.0,24.0,7.5,0.0,5.1,,,,,,,,,,,,,,,kelvin taylor,RB,Florida,florida,153.0
Kavon Frazier,,DAL,6,212,2016,Central Michigan,2012,2015,49.0,,,,,,,,,,,,,,DB,Central Michigan,,,,,,,,,,,,,,,,,,,,,5.0,1.0,13.0,kavon frazier,DB,Central Michigan,central michigan,
Aaron Burbridge,,SFO,6,213,2016,Michigan State,2012,2015,46.0,,,,,,,,,,,,,,WR,Michigan State,,,,,,,,,,47.3,165.0,2174.0,13.2,10.0,,,,,,,,,,aaron burbridge,WR,Michigan State,michigan state,
Elandon Roberts,,NWE,6,214,2016,Houston,2013,2015,30.0,,,,,,,,,,,,,,LB,Houston,,,,,,,,,,,,,,,7.0,109.0,66.0,175.0,23.5,0.2333333333333333,,,,elandon roberts,LB,Houston,houston,
Joey Hunt,,SEA,6,215,2016,Texas Christian,2013,2015,26.0,,,,,,,,,,,,,,C,Texas Christian,,,,,,,,,,,,,,,,,,,,,,,,joey hunt,C,Texas Christian,texas christian,
Darius Jackson,,DAL,6,216,2016,Eastern Michigan,2012,2015,43.0,,,,,,,,,,,,,,RB,Eastern Michigan,36.9,321.0,1586.0,4.9,17.0,44.0,8.5,4.0,8.7,,,,,,,,,,,,,,,darius jackson,RB,Eastern Michigan,eastern michigan,
Kevon Seymour,,BUF,6,218,2016,USC,2012,2015,44.0,,,,,,,,,,,,,,DB,USC,,,,,,,,,,,,,,,,,,,,,3.0,0.0,19.0,kevon seymour,DB,USC,usc,
William Parks,,DEN,6,219,2016,Arizona,2012,2015,51.0,,,,,,,,,,,,,,DB,Arizona,,,,,,,,,,,,,,,,,,,,,4.0,1.0,20.0,william parks,DB,Arizona,arizona,
Travis Feeney,,PIT,6,220,2016,Washington,2012,2015,52.0,,,,,,,,,,,,,,LB,Washington,,,,,,,,,,,,,,,15.0,168.0,79.0,247.0,33.0,0.2884615384615384,,,,travis feeney,LB,Washington,washington,
Ted Karras,,NWE,6,221,2016,Illinois,2012,2015,25.0,,,,,,,,,,,,,,OL,Illinois,,,,,,,,,,,,,,,,,,,,,,,,ted karras,OL,Illinois,illinois,
Aaron Wallace,,OTI,7,222,2016,UCLA,2012,2015,40.0,,,,,,,,,,,,,,LB,UCLA,,,,,,,,,,,,,,,7.0,49.0,43.0,92.0,13.0,0.175,,,,aaron wallace,LB,UCLA,ucla,
Brandon Doughty,161.0,MIA,7,223,2016,Western Kentucky,2011,2015,43.0,1023.0,1491.0,468.0,68.6,12855.0,111.0,34.0,7.4,2.3,8.6,9.08,12.6,299.0,QB,Western Kentucky,,,,,,,,,,,,,,,,,,,,,,,,brandon doughty,QB,Western Kentucky,western kentucky,37.0
Donavon Clark,,SDG,7,224,2016,Michigan State,2015,2015,14.0,,,,,,,,,,,,,,OL,Michigan State,,,,,,,,,,,,,,,,,,,,,,,,donavon clark,OL,Michigan State,michigan state,
Devin Lucien,,NWE,7,225,2016,Arizona State,2012,2015,44.0,,,,,,,,,,,,,,WR,Arizona StateUCLA,,,,,,,,,,41.5,124.0,1827.0,14.7,12.0,,,,,,,,,,devin lucien,WR,Arizona State,arizona state,
Stephen Weatherly,,MIN,7,227,2016,Vanderbilt,2013,2015,33.0,,,,,,,,,,,,,,DE,Vanderbilt,,,,,,,,,,,,,,,11.0,71.0,48.0,119.0,27.0,0.3333333333333333,,,,stephen weatherly,DE,Vanderbilt,vanderbilt,
Demarcus Ayers,,PIT,7,229,2016,Houston,2013,2015,40.0,,,,,,,,,,,,,,WR,Houston,,,,,,,,,,42.2,142.0,1687.0,11.9,9.0,,,,,,,,,,demarcus ayers,WR,Houston,houston,392.0
Daniel Braverman,,CHI,7,230,2016,Western Michigan,2012,2015,37.0,,,,,,,,,,,,,,WR,Western Michigan,,,,,,,,,,67.8,213.0,2509.0,11.8,19.0,,,,,,,,,,daniel braverman,WR,Western Michigan,western michigan,
Thomas Duarte,,MIA,7,231,2016,UCLA,2013,2015,35.0,,,,,,,,,,,,,,WR,UCLA,,,,,,,,,,46.5,97.0,1626.0,16.8,17.0,,,,,,,,,,thomas duarte,WR,UCLA,ucla,
Steven Daniels,,WAS,7,232,2016,Boston College,2012,2015,46.0,,,,,,,,,,,,,,LB,Boston College,,,,,,,,,,,,,,,10.0,165.0,102.0,267.0,29.0,0.217391304347826,,,,steven daniels,LB,Boston College,boston college,
Jalen Mills,,PHI,7,233,2016,LSU,2012,2015,46.0,,,,,,,,,,,,,,DB,LSU,,,,,,,,,,,,,,,,,,,,,6.0,0.0,11.0,jalen mills,DB,LSU,lsu,
Vadal Alexander,,RAI,7,234,2016,LSU,2015,2015,12.0,,,,,,,,,,,,,,T,LSU,,,,,,,,,,,,,,,,,,,,,,,,vadal alexander,T,LSU,lsu,
Dwayne Washington,,DET,7,236,2016,Washington,2013,2015,32.0,,,,,,,,,,,,,,RB,Washington,41.0,226.0,1311.0,5.8,17.0,41.0,10.0,4.0,12.8,,,,,,,,,,,,,,,dwayne washington,RB,Washington,washington,
Daniel Lasco,,NOR,7,237,2016,California,2012,2015,42.0,,,,,,,,,,,,,,RB,California,44.6,348.0,1872.0,5.4,18.0,48.0,9.5,2.0,10.9,,,,,,,,,,,,,,,daniel lasco,RB,California,california,148.0
Devin Fuller,,ATL,7,238,2016,UCLA,2012,2012,9.0,0.0,0.0,0.0,,0.0,0.0,0.0,,,,,,0.0,QB,UCLA,,,,,,,,,,,,,,,,,,,,,,,,devin fuller,QB,UCLA,ucla,
Devin Fuller,,ATL,7,238,2016,UCLA,2013,2015,36.0,,,,,,,,,,,,,,WR,UCLA,,,,,,,,,,32.7,126.0,1177.0,9.3,8.0,,,,,,,,,,devin fuller,WR,UCLA,ucla,
Alex McCalister,,PHI,7,240,2016,Florida,2015,2015,9.0,,,,,,,,,,,,,,OL,Florida,,,,,,,,,,,,,,,,,,,,,,,,alex mccalister,OL,Florida,florida,
Alex McCalister,,PHI,7,240,2016,Florida,2013,2014,14.0,,,,,,,,,,,,,,DL,Florida,,,,,,,,,,,,,,,6.0,16.0,10.0,26.0,9.0,0.4285714285714285,,,,alex mccalister,DL,Florida,florida,
Charone Peake,,NYJ,7,241,2016,Clemson,2011,2015,51.0,,,,,,,,,,,,,,WR,Clemson,,,,,,,,,,23.0,99.0,1172.0,11.8,10.0,,,,,,,,,,charone peake,WR,Clemson,clemson,405.0
Keith Marshall,,WAS,7,242,2016,Georgia,2012,2015,33.0,,,,,,,,,,,,,,RB,Georgia,41.8,253.0,1379.0,5.5,12.0,24.0,9.4,3.0,6.8,,,,,,,,,,,,,,,keith marshall,RB,Georgia,georgia,149.0
Kenny Lawler,,SEA,7,243,2016,California,2013,2015,35.0,,,,,,,,,,,,,,WR,California,,,,,,,,,,48.7,143.0,1706.0,11.9,27.0,,,,,,,,,,kenny lawler,WR,California,california,400.0
Jayron Kearse,,MIN,7,244,2016,Clemson,2013,2015,40.0,,,,,,,,,,,,,,S,Clemson,,,,,,,,,,,,,,,,,,,,,7.0,0.0,11.0,jayron kearse,S,Clemson,clemson,
Clayton Fejedelem,,CIN,7,245,2016,Illinois,2014,2015,25.0,,,,,,,,,,,,,,DB,Illinois,,,,,,,,,,,,,,,,,,,,,2.0,0.0,9.0,clayton fejedelem,DB,Illinois,illinois,
Tyler Matakevich,,PIT,7,246,2016,Temple,2012,2015,49.0,,,,,,,,,,,,,,LB,Temple,,,,,,,,,,,,,,,7.0,338.0,155.0,493.0,40.0,0.1428571428571428,,,,tyler matakevich,LB,Temple,temple,
Zac Brooks,,SEA,7,247,2016,Clemson,2012,2015,31.0,,,,,,,,,,,,,,RB,Clemson,19.3,115.0,599.0,5.2,5.0,18.0,11.4,3.0,6.6,,,,,,,,,,,,,,,zac brooks,RB,Clemson,clemson,
Austin Blythe,,CLT,7,248,2016,Iowa,2014,2015,27.0,,,,,,,,,,,,,,OL,Iowa,,,,,,,,,,,,,,,,,,,,,,,,austin blythe,OL,Iowa,iowa,
Prince Iworah,,SFO,7,249,2016,Western Kentucky,2012,2015,33.0,,,,,,,,,,,,,,DB,Western Kentucky,,,,,,,,,,,,,,,,,,,,,5.0,0.0,16.0,prince iworah,DB,Western Kentucky,western kentucky,
Scooby Wright,,CLE,7,250,2016,Arizona,2013,2015,30.0,,,,,,,,,,,,,,LB,Arizona,,,,,,,,,,,,,,,16.0,158.0,111.0,269.0,41.5,0.5333333333333333,,,,scooby wright,LB,Arizona,arizona,
Joe Walker,,PHI,7,251,2016,Oregon,2013,2015,38.0,,,,,,,,,,,,,,LB,Oregon,,,,,,,,,,,,,,,5.0,120.0,85.0,205.0,17.0,0.131578947368421,,,,joe walker,LB,Oregon,oregon,
Kalan Reed,,OTI,7,253,2016,Southern Mississippi,2012,2012,12.0,,,,,,,,,,,,,,DL,Southern Mississippi,,,,,,,,,,,,,,,0.0,13.0,8.0,21.0,1.0,0.0,,,,kalan reed,DL,Southern Mississippi,southern mississippi,
Kalan Reed,,OTI,7,253,2016,Southern Mississippi,2013,2015,36.0,,,,,,,,,,,,,,DB,Southern Mississippi,,,,,,,,,,,,,,,,,,,,,7.0,2.0,30.0,kalan reed,DB,Southern Mississippi,southern mississippi,
Myles Garrett,,CLE,1,1,2017,Texas A&M,2014,2016,36.0,,,,,,,,,,,,,,DL,Texas A&M,,,,,,,,,,,,,,,32.0,84.0,61.0,145.0,48.5,0.8888888888888888,,,,myles garrett,DL,Texas A&M,texas a&m,
Mitch Trubisky,157.6,CHI,1,2,2017,North Carolina,2014,2016,34.0,386.0,572.0,186.0,67.5,4762.0,41.0,10.0,7.2,1.7,8.3,8.97,12.3,140.1,QB,North Carolina,,,,,,,,,,,,,,,,,,,,,,,,mitch trubisky,QB,North Carolina,north carolina,
Solomon Thomas,,SFO,1,3,2017,Stanford,2015,2016,27.0,,,,,,,,,,,,,,DE,Stanford,,,,,,,,,,,,,,,11.0,65.0,36.0,101.0,25.5,0.4074074074074074,,,,solomon thomas,DE,Stanford,stanford,581.0
Leonard Fournette,,JAX,1,4,2017,LSU,2014,2016,32.0,,,,,,,,,,,,,,RB,LSU,119.7,616.0,3830.0,6.2,40.0,41.0,12.8,1.0,16.4,,,,,,,,,,,,,,,leonard fournette,RB,LSU,lsu,157.0
Corey Davis,,OTI,1,5,2017,Western Michigan,2013,2016,50.0,,,,,,,,,,,,,,WR,Western Michigan,,,,,,,,,,105.7,332.0,5285.0,15.9,52.0,,,,,,,,,,corey davis,WR,Western Michigan,western michigan,414.0
Jamal Adams,,NYJ,1,6,2017,LSU,2014,2016,37.0,,,,,,,,,,,,,,S,LSU,,,,,,,,,,,,,,,,,,,,,5.0,0.0,15.0,jamal adams,S,LSU,lsu,
Mike Williams,,SDG,1,7,2017,Clemson,2013,2016,39.0,,,,,,,,,,,,,,WR,Clemson,,,,,,,,,,69.9,177.0,2727.0,15.4,21.0,,,,,,,,,,mike williams,WR,Clemson,clemson,432.0
Christian McCaffrey,,CAR,1,8,2017,Stanford,2014,2016,38.0,,,,,,,,,,,,,,RB,Stanford,103.2,632.0,3922.0,6.2,21.0,99.0,12.2,10.0,31.7,,,,,,,,,,,,,,,christian mccaffrey,RB,Stanford,stanford,166.0
John Ross,,CIN,1,9,2017,Washington,2013,2016,40.0,,,,,,,,,,,,,,WR,Washington,,,,,,,,,,43.2,114.0,1729.0,15.2,22.0,,,,,,,,,,john ross,WR,Washington,washington,426.0
Patrick Mahomes,152.0,KAN,1,10,2017,Texas Tech,2014,2016,32.0,857.0,1349.0,492.0,63.5,11252.0,93.0,29.0,6.9,2.1,8.3,8.75,13.1,351.6,QB,Texas Tech,,,,,,,,,,,,,,,,,,,,,,,,patrick mahomes,QB,Texas Tech,texas tech,47.0
Marshon Lattimore,,NOR,1,11,2017,Ohio State,2015,2016,19.0,,,,,,,,,,,,,,CB,Ohio State,,,,,,,,,,,,,,,,,,,,,4.0,1.0,12.0,marshon lattimore,CB,Ohio State,ohio state,
Deshaun Watson,157.5,HTX,1,12,2017,Clemson,2014,2016,38.0,814.0,1207.0,393.0,67.4,10163.0,90.0,32.0,7.5,2.7,8.4,8.72,12.5,267.4,QB,Clemson,,,,,,,,,,,,,,,,,,,,,,,,deshaun watson,QB,Clemson,clemson,50.0
Haason Reddick,,CRD,1,13,2017,Temple,2013,2016,46.0,,,,,,,,,,,,,,LB,Temple,,,,,,,,,,,,,,,18.0,99.0,49.0,148.0,46.0,0.391304347826087,,,,haason reddick,LB,Temple,temple,
Derek Barnett,,PHI,1,14,2017,Tennessee,2014,2016,39.0,,,,,,,,,,,,,,DE,Tennessee,,,,,,,,,,,,,,,33.0,131.0,66.0,197.0,52.0,0.8461538461538461,,,,derek barnett,DE,Tennessee,tennessee,575.0
Malik Hooker,,CLT,1,15,2017,Ohio State,2015,2016,25.0,,,,,,,,,,,,,,S,Ohio State,,,,,,,,,,,,,,,,,,,,,7.0,3.0,4.0,malik hooker,S,Ohio State,ohio state,
Marlon Humphrey,,RAV,1,16,2017,Alabama,2015,2016,30.0,,,,,,,,,,,,,,DB,Alabama,,,,,,,,,,,,,,,,,,,,,5.0,1.0,13.0,marlon humphrey,DB,Alabama,alabama,
Jonathan Allen,,WAS,1,17,2017,Alabama,2013,2016,51.0,,,,,,,,,,,,,,LB,Alabama,,,,,,,,,,,,,,,28.0,78.0,75.0,153.0,45.0,0.5490196078431373,,,,jonathan allen,LB,Alabama,alabama,
Adoree Jackson,,OTI,1,18,2017,USC,2014,2016,40.0,,,,,,,,,,,,,,CB,USC,,,,,,,,,,,,,,,,,,,,,6.0,1.0,29.0,adoree jackson,CB,USC,usc,
O.J. Howard,,TAM,1,19,2017,Alabama,2013,2016,54.0,,,,,,,,,,,,,,TE,Alabama,,,,,,,,,,32.0,114.0,1726.0,15.1,7.0,,,,,,,,,,o j howard,TE,Alabama,alabama,256.0
Jarrad Davis,,DET,1,21,2017,Florida,2013,2016,40.0,,,,,,,,,,,,,,LB,Florida,,,,,,,,,,,,,,,5.0,102.0,103.0,205.0,20.0,0.125,,,,jarrad davis,LB,Florida,florida,
Charles Harris,,MIA,1,22,2017,Missouri,2014,2016,37.0,,,,,,,,,,,,,,DL,Missouri,,,,,,,,,,,,,,,18.0,80.0,56.0,136.0,34.5,0.4864864864864865,,,,charles harris,DL,Missouri,missouri,
Evan Engram,,NYG,1,23,2017,Ole Miss,2013,2016,45.0,,,,,,,,,,,,,,TE,Ole Miss,,,,,,,,,,51.6,162.0,2320.0,14.3,15.0,,,,,,,,,,evan engram,TE,Ole Miss,ole miss,
Gareon Conley,,RAI,1,24,2017,Ohio State,2014,2016,41.0,,,,,,,,,,,,,,CB,Ohio State,,,,,,,,,,,,,,,,,,,,,6.0,0.0,15.0,gareon conley,CB,Ohio State,ohio state,
Jabrill Peppers,,CLE,1,25,2017,Michigan,2016,2016,12.0,,,,,,,,,,,,,,LB,Michigan,,,,,,,,,,,,,,,4.0,47.0,25.0,72.0,16.0,0.3333333333333333,,,,jabrill peppers,LB,Michigan,michigan,
Jabrill Peppers,,CLE,1,25,2017,Michigan,2014,2015,15.0,,,,,,,,,,,,,,DB,Michigan,,,,,,,,,,,,,,,,,,,,,0.0,0.0,10.0,jabrill peppers,DB,Michigan,michigan,
Takkarist McKinley,,ATL,1,26,2017,UCLA,2014,2016,33.0,,,,,,,,,,,,,,DL,UCLA,,,,,,,,,,,,,,,17.0,80.0,22.0,102.0,29.0,0.5151515151515151,,,,takkarist mckinley,DL,UCLA,ucla,
Tre'Davious White,,BUF,1,27,2017,LSU,2013,2016,48.0,,,,,,,,,,,,,,DB,LSU,,,,,,,,,,,,,,,,,,,,,6.0,1.0,34.0,tre davious white,DB,LSU,lsu,
Taco Charlton,,DAL,1,28,2017,Michigan,2013,2016,38.0,,,,,,,,,,,,,,DE,Michigan,,,,,,,,,,,,,,,18.0,55.0,39.0,94.0,27.5,0.4736842105263157,,,,taco charlton,DE,Michigan,michigan,577.0
David Njoku,,CLE,1,29,2017,Miami (FL),2015,2016,26.0,,,,,,,,,,,,,,WR,Miami (FL),,,,,,,,,,40.8,64.0,1060.0,16.6,9.0,,,,,,,,,,david njoku,WR,Miami (FL),miami (fl),
T.J. Watt,,PIT,1,30,2017,Wisconsin,2015,2016,27.0,,,,,,,,,,,,,,LB,Wisconsin,,,,,,,,,,,,,,,11.0,42.0,29.0,71.0,17.0,0.4074074074074074,,,,t j watt,LB,Wisconsin,wisconsin,
Reuben Foster,,SFO,1,31,2017,Alabama,2013,2016,47.0,,,,,,,,,,,,,,LB,Alabama,,,,,,,,,,,,,,,8.0,123.0,99.0,222.0,24.0,0.1702127659574468,,,,reuben foster,LB,Alabama,alabama,
Kevin King,,GNB,2,33,2017,Washington,2013,2016,43.0,,,,,,,,,,,,,,DB,Washington,,,,,,,,,,,,,,,,,,,,,6.0,0.0,22.0,kevin king,DB,Washington,washington,
Cam Robinson,,JAX,2,34,2017,Alabama,2014,2014,1.0,,,,,,,,,,,,,,OL,Alabama,,,,,,,,,,,,,,,,,,,,,,,,cam robinson,OL,Alabama,alabama,
Malik McDowell,,SEA,2,35,2017,Michigan State,2014,2016,36.0,,,,,,,,,,,,,,DL,Michigan State,,,,,,,,,,,,,,,7.0,50.0,38.0,88.0,24.5,0.1944444444444444,,,,malik mcdowell,DL,Michigan State,michigan state,
Budda Baker,,CRD,2,36,2017,Washington,2014,2016,40.0,,,,,,,,,,,,,,DB,Washington,,,,,,,,,,,,,,,,,,,,,5.0,0.0,19.0,budda baker,DB,Washington,washington,
Zay Jones,,BUF,2,37,2017,East Carolina,2013,2016,49.0,,,,,,,,,,,,,,WR,East Carolina,,,,,,,,,,87.3,399.0,4279.0,10.7,23.0,,,,,,,,,,zay jones,WR,East Carolina,east carolina,422.0
Forrest Lamp,,SDG,2,38,2017,Western Kentucky,2013,2016,39.0,,,,,,,,,,,,,,OL,Western Kentucky,,,,,,,,,,,,,,,,,,,,,,,,forrest lamp,OL,Western Kentucky,western kentucky,
Marcus Maye,,NYJ,2,39,2017,Florida,2013,2016,41.0,,,,,,,,,,,,,,DB,Florida,,,,,,,,,,,,,,,,,,,,,5.0,0.0,17.0,marcus maye,DB,Florida,florida,
Curtis Samuel,,CAR,2,40,2017,Ohio State,2014,2016,41.0,,,,,,,,,,,,,,RB,Ohio State,31.4,172.0,1286.0,7.5,15.0,107.0,11.7,9.0,30.5,,,,,,,,,,,,,,,curtis samuel,RB,Ohio State,ohio state,
Dalvin Cook,,MIN,2,41,2017,Florida State,2014,2016,38.0,,,,,,,,,,,,,,RB,Florida State,117.5,687.0,4464.0,6.5,46.0,79.0,11.8,2.0,24.6,,,,,,,,,,,,,,,dalvin cook,RB,Florida State,florida state,
Marcus Williams,,NOR,2,42,2017,Utah,2014,2016,37.0,,,,,,,,,,,,,,DB,Utah,,,,,,,,,,,,,,,,,,,,,11.0,0.0,8.0,marcus williams,DB,Utah,utah,
Sidney Jones,,PHI,2,43,2017,Washington,2014,2016,40.0,,,,,,,,,,,,,,DB,Washington,,,,,,,,,,,,,,,,,,,,,9.0,1.0,21.0,sidney jones,DB,Washington,washington,
Gerald Everett,,RAM,2,44,2017,South Alabama,2014,2016,37.0,,,,,,,,,,,,,,TE,South AlabamaUAB,,,,,,,,,,42.8,107.0,1584.0,14.8,13.0,,,,,,,,,,gerald everett,TE,South Alabama,south alabama,254.0
Quincy Wilson,,CLT,2,46,2017,Florida,2014,2016,39.0,,,,,,,,,,,,,,DB,Florida,,,,,,,,,,,,,,,,,,,,,6.0,1.0,14.0,quincy wilson,DB,Florida,florida,
Tyus Bowser,,RAV,2,47,2017,Houston,2013,2016,46.0,,,,,,,,,,,,,,DE,Houston,,,,,,,,,,,,,,,22.0,70.0,67.0,137.0,28.0,0.4782608695652174,,,,tyus bowser,DE,Houston,houston,
Joe Mixon,,CIN,2,48,2017,Oklahoma,2015,2016,25.0,,,,,,,,,,,,,,RB,Oklahoma,81.1,300.0,2027.0,6.8,17.0,65.0,13.8,9.0,35.8,,,,,,,,,,,,,,,joe mixon,RB,Oklahoma,oklahoma,
Ryan Anderson,,WAS,2,49,2017,Alabama,2013,2016,47.0,,,,,,,,,,,,,,LB,Alabama,,,,,,,,,,,,,,,19.0,66.0,62.0,128.0,40.0,0.4042553191489361,,,,ryan anderson,LB,Alabama,alabama,
Justin Evans,,TAM,2,50,2017,Texas A&M,2015,2016,25.0,,,,,,,,,,,,,,DB,Texas A&M,,,,,,,,,,,,,,,,,,,,,5.0,0.0,11.0,justin evans,DB,Texas A&M,texas a&m,
Demarcus Walker,,DEN,2,51,2017,Florida State,2013,2016,36.0,,,,,,,,,,,,,,DE,Florida State,,,,,,,,,,,,,,,27.0,81.0,63.0,144.0,39.0,0.75,,,,demarcus walker,DE,Florida State,florida state,
Demarcus Walker,,DEN,2,51,2017,Florida State,2014,2014,14.0,,,,,,,,,,,,,,DB,Florida State,,,,,,,,,,,,,,,,,,,,,0.0,0.0,0.0,demarcus walker,DB,Florida State,florida state,
DeShone Kizer,147.7,CLE,2,52,2017,Notre Dame,2015,2016,25.0,423.0,696.0,273.0,60.8,5809.0,47.0,19.0,6.8,2.7,8.3,8.47,13.7,232.4,QB,Notre Dame,,,,,,,,,,,,,,,,,,,,,,,,deshone kizer,QB,Notre Dame,notre dame,46.0
Jalen Tabor,,DET,2,53,2017,Florida,2014,2016,37.0,,,,,,,,,,,,,,DB,Florida,,,,,,,,,,,,,,,,,,,,,9.0,3.0,28.0,jalen tabor,DB,Florida,florida,
Raekwon McMillan,,MIA,2,54,2017,Ohio State,2014,2016,39.0,,,,,,,,,,,,,,LB,Ohio State,,,,,,,,,,,,,,,6.0,136.0,139.0,275.0,17.5,0.1538461538461538,,,,raekwon mcmillan,LB,Ohio State,ohio state,
Dalvin Tomlinson,,NYG,2,55,2017,Alabama,2013,2016,45.0,,,,,,,,,,,,,,DL,Alabama,,,,,,,,,,,,,,,4.0,39.0,83.0,122.0,10.5,0.0888888888888888,,,,dalvin tomlinson,DL,Alabama,alabama,
Obi Melifonwu,,RAI,2,56,2017,Connecticut,2013,2016,48.0,,,,,,,,,,,,,,S,Connecticut,,,,,,,,,,,,,,,,,,,,,8.0,0.0,16.0,obi melifonwu,S,Connecticut,connecticut,
Zach Cunningham,,HTX,2,57,2017,Vanderbilt,2014,2016,36.0,,,,,,,,,,,,,,LB,Vanderbilt,,,,,,,,,,,,,,,6.0,177.0,118.0,295.0,39.5,0.1666666666666666,,,,zach cunningham,LB,Vanderbilt,vanderbilt,
Ethan Pocic,,SEA,2,58,2017,LSU,2015,2015,12.0,,,,,,,,,,,,,,C,LSU,,,,,,,,,,,,,,,,,,,,,,,,ethan pocic,C,LSU,lsu,502.0
Chidobe Awuzie,,DAL,2,60,2017,Colorado,2013,2016,48.0,,,,,,,,,,,,,,DB,Colorado,,,,,,,,,,,,,,,,,,,,,3.0,0.0,28.0,chidobe awuzie,DB,Colorado,colorado,
Josh Jones,,GNB,2,61,2017,North Carolina State,2014,2016,38.0,,,,,,,,,,,,,,S,North Carolina State,,,,,,,,,,,,,,,,,,,,,8.0,0.0,17.0,josh jones,S,North Carolina State,north carolina state,
JuJu Smith-Schuster,,PIT,2,62,2017,USC,2014,2016,40.0,,,,,,,,,,,,,,WR,USC,,,,,,,,,,77.3,213.0,3092.0,14.5,25.0,,,,,,,,,,juju smith schuster,WR,USC,usc,
Dion Dawkins,,BUF,2,63,2017,Temple,2014,2016,39.0,,,,,,,,,,,,,,OL,Temple,,,,,,,,,,,,,,,,,,,,,,,,dion dawkins,OL,Temple,temple,
Taylor Moton,,CAR,2,64,2017,Western Michigan,2014,2015,26.0,,,,,,,,,,,,,,OL,Western Michigan,,,,,,,,,,,,,,,,,,,,,,,,taylor moton,OL,Western Michigan,western michigan,
Larry Ogunjobi,,CLE,3,65,2017,Charlotte,2015,2016,24.0,,,,,,,,,,,,,,DL,Charlotte,,,,,,,,,,,,,,,5.0,68.0,59.0,127.0,28.0,0.2083333333333333,,,,larry ogunjobi,DL,Charlotte,charlotte,
Ahkello Witherspoon,,SFO,3,66,2017,Colorado,2014,2016,37.0,,,,,,,,,,,,,,DB,Colorado,,,,,,,,,,,,,,,,,,,,,3.0,0.0,27.0,ahkello witherspoon,DB,Colorado,colorado,
Alvin Kamara,,NOR,3,67,2017,Tennessee,2015,2016,24.0,,,,,,,,,,,,,,RB,Tennessee,53.9,210.0,1294.0,6.2,16.0,74.0,9.2,7.0,28.5,,,,,,,,,,,,,,,alvin kamara,RB,Tennessee,tennessee,163.0
Dawuane Smoot,,JAX,3,68,2017,Illinois,2013,2016,41.0,,,,,,,,,,,,,,LB,Illinois,,,,,,,,,,,,,,,16.0,72.0,65.0,137.0,38.5,0.3902439024390244,,,,dawuane smoot,LB,Illinois,illinois,
Pat Elflein,,MIN,3,70,2017,Ohio State,2015,2015,13.0,,,,,,,,,,,,,,OL,Ohio State,,,,,,,,,,,,,,,,,,,,,,,,pat elflein,OL,Ohio State,ohio state,
Dan Feeney,,SDG,3,71,2017,Indiana,2015,2015,13.0,,,,,,,,,,,,,,OL,Indiana,,,,,,,,,,,,,,,,,,,,,,,,dan feeney,OL,Indiana,indiana,
Taywan Taylor,,OTI,3,72,2017,Western Kentucky,2013,2016,51.0,,,,,,,,,,,,,,WR,Western Kentucky,,,,,,,,,,83.0,253.0,4234.0,16.7,41.0,,,,,,,,,,taywan taylor,WR,Western Kentucky,western kentucky,429.0
Jordan Willis,,CIN,3,73,2017,Kansas State,2013,2016,40.0,,,,,,,,,,,,,,DE,Kansas State,,,,,,,,,,,,,,,26.0,76.0,38.0,114.0,40.5,0.65,,,,jordan willis,DE,Kansas State,kansas state,
Chris Wormley,,RAV,3,74,2017,Michigan,2013,2016,48.0,,,,,,,,,,,,,,DL,Michigan,,,,,,,,,,,,,,,18.0,61.0,62.0,123.0,33.0,0.375,,,,chris wormley,DL,Michigan,michigan,
Duke Riley,,ATL,3,75,2017,LSU,2013,2016,43.0,,,,,,,,,,,,,,LB,LSU,,,,,,,,,,,,,,,1.0,59.0,85.0,144.0,10.0,0.0232558139534883,,,,duke riley,LB,LSU,lsu,
Alex Anzalone,,NOR,3,76,2017,Florida,2013,2016,24.0,,,,,,,,,,,,,,LB,Florida,,,,,,,,,,,,,,,3.0,32.0,43.0,75.0,5.0,0.125,,,,alex anzalone,LB,Florida,florida,
Daeshon Hall,,CAR,3,77,2017,Texas A&M,2013,2016,47.0,,,,,,,,,,,,,,DL,Texas A&M,,,,,,,,,,,,,,,16.0,70.0,91.0,161.0,36.5,0.3404255319148936,,,,daeshon hall,DL,Texas A&M,texas a&m,
Tim Williams,,RAV,3,78,2017,Alabama,2013,2016,45.0,,,,,,,,,,,,,,LB,Alabama,,,,,,,,,,,,,,,21.0,39.0,19.0,58.0,31.0,0.4666666666666667,,,,tim williams,LB,Alabama,alabama,
Ardarius Stewart,,NYJ,3,79,2017,Alabama,2014,2016,40.0,,,,,,,,,,,,,,WR,Alabama,,,,,,,,,,42.8,129.0,1713.0,13.3,12.0,,,,,,,,,,ardarius stewart,WR,Alabama,alabama,427.0
Tarell Basham,,CLT,3,80,2017,Ohio,2013,2016,51.0,,,,,,,,,,,,,,DL,Ohio,,,,,,,,,,,,,,,28.0,75.0,82.0,157.0,40.0,0.5490196078431373,,,,tarell basham,DL,Ohio,ohio,
Fabian Moreau,,WAS,3,81,2017,UCLA,2012,2016,50.0,,,,,,,,,,,,,,DB,UCLA,,,,,,,,,,,,,,,,,,,,,3.0,0.0,23.0,fabian moreau,DB,UCLA,ucla,
Carlos Henderson,,DEN,3,82,2017,Louisiana Tech,2014,2016,36.0,,,,,,,,,,,,,,WR,Louisiana Tech,,,,,,,,,,79.9,147.0,2878.0,19.6,28.0,,,,,,,,,,carlos henderson,WR,Louisiana Tech,louisiana tech,420.0
Chris Godwin,,TAM,3,84,2017,Penn State,2014,2016,40.0,,,,,,,,,,,,,,WR,Penn State,,,,,,,,,,60.5,154.0,2421.0,15.7,18.0,,,,,,,,,,chris godwin,WR,Penn State,penn state,
Antonio Garcia,,NWE,3,85,2017,Troy,2015,2016,25.0,,,,,,,,,,,,,,OL,Troy,,,,,,,,,,,,,,,,,,,,,,,,antonio garcia,OL,Troy,troy,
Kareem Hunt,,KAN,3,86,2017,Toledo,2013,2016,44.0,,,,,,,,,,,,,,RB,Toledo,112.4,782.0,4945.0,6.3,44.0,73.0,7.6,1.0,12.6,,,,,,,,,,,,,,,kareem hunt,RB,Toledo,toledo,161.0
Davis Webb,137.1,NYG,3,87,2017,California,2013,2016,35.0,841.0,1367.0,526.0,61.5,9852.0,83.0,34.0,6.1,2.5,7.2,7.3,11.7,281.5,QB,CaliforniaTexas Tech,,,,,,,,,,,,,,,,,,,,,,,,davis webb,QB,California,california,51.0
Eddie Vanderdoes,,RAI,3,88,2017,UCLA,2013,2016,39.0,,,,,,,,,,,,,,DE,UCLA,,,,,,,,,,,,,,,4.0,69.0,55.0,124.0,13.5,0.1025641025641025,,,,eddie vanderdoes,DE,UCLA,ucla,
D'Onta Foreman,,HTX,3,89,2017,Texas,2014,2016,28.0,,,,,,,,,,,,,,RB,Texas,99.4,433.0,2782.0,6.4,20.0,13.0,11.2,0.0,5.2,,,,,,,,,,,,,,,d onta foreman,RB,Texas,texas,
Shaquill Griffin,,SEA,3,90,2017,UCF,2013,2016,40.0,,,,,,,,,,,,,,DB,UCF,,,,,,,,,,,,,,,,,,,,,7.0,2.0,29.0,shaquill griffin,DB,UCF,ucf,
John Johnson,,RAM,3,91,2017,Boston College,2013,2016,36.0,,,,,,,,,,,,,,CB,Boston College,,,,,,,,,,,,,,,,,,,,,6.0,0.0,14.0,john johnson,CB,Boston College,boston college,
Jourdan Lewis,,DAL,3,92,2017,Michigan,2013,2016,42.0,,,,,,,,,,,,,,DB,Michigan,,,,,,,,,,,,,,,,,,,,,6.0,1.0,39.0,jourdan lewis,DB,Michigan,michigan,
Montravius Adams,,GNB,3,93,2017,Auburn,2013,2016,50.0,,,,,,,,,,,,,,DT,Auburn,,,,,,,,,,,,,,,11.0,79.0,72.0,151.0,21.0,0.22,,,,montravius adams,DT,Auburn,auburn,680.0
Cameron Sutton,,PIT,3,94,2017,Tennessee,2013,2016,44.0,,,,,,,,,,,,,,DB,Tennessee,,,,,,,,,,,,,,,,,,,,,7.0,1.0,30.0,cameron sutton,DB,Tennessee,tennessee,
Delano Hill,,SEA,3,95,2017,Michigan,2013,2016,34.0,,,,,,,,,,,,,,DB,Michigan,,,,,,,,,,,,,,,,,,,,,3.0,1.0,5.0,delano hill,DB,Michigan,michigan,
Kenny Golladay,,DET,3,96,2017,Northern Illinois,2015,2016,26.0,,,,,,,,,,,,,,WR,Northern Illinois,,,,,,,,,,87.9,160.0,2285.0,14.3,18.0,,,,,,,,,,kenny golladay,WR,Northern Illinois,northern illinois,418.0
Cordrea Tankersley,,MIA,3,97,2017,Clemson,2013,2016,45.0,,,,,,,,,,,,,,DB,Clemson,,,,,,,,,,,,,,,,,,,,,9.0,1.0,20.0,cordrea tankersley,DB,Clemson,clemson,
Rasul Douglas,,PHI,3,99,2017,West Virginia,2015,2016,23.0,,,,,,,,,,,,,,CB,West Virginia,,,,,,,,,,,,,,,,,,,,,9.0,1.0,9.0,rasul douglas,CB,West Virginia,west virginia,819.0
Jonnu Smith,,OTI,3,100,2017,Florida International,2013,2016,43.0,,,,,,,,,,,,,,TE,Florida International,,,,,,,,,,46.5,178.0,2001.0,11.2,18.0,,,,,,,,,,jonnu smith,TE,Florida International,florida international,263.0
Nazair Jones,,SEA,3,102,2017,North Carolina,2014,2016,35.0,,,,,,,,,,,,,,DT,North Carolina,,,,,,,,,,,,,,,5.0,71.0,74.0,145.0,21.0,0.1428571428571428,,,,nazair jones,DT,North Carolina,north carolina,687.0
Trey Hendrickson,,NOR,3,103,2017,Florida Atlantic,2013,2016,40.0,,,,,,,,,,,,,,DE,Florida Atlantic,,,,,,,,,,,,,,,29.0,71.0,56.0,127.0,41.5,0.725,,,,trey hendrickson,DE,Florida Atlantic,florida atlantic,
C.J. Beathard,129.8,SFO,3,104,2017,Iowa,2013,2016,41.0,454.0,782.0,328.0,58.1,5562.0,40.0,19.0,5.1,2.4,7.1,7.04,12.3,135.7,QB,Iowa,,,,,,,,,,,,,,,,,,,,,,,,c j beathard,QB,Iowa,iowa,43.0
James Conner,,PIT,3,105,2017,Pitt,2013,2016,39.0,,,,,,,,,,,,,,RB,Pitt,95.7,668.0,3733.0,5.6,52.0,30.0,13.7,4.0,10.6,,,,,,,,,,,,,,,james conner,RB,Pitt,pitt,
Amara Darboh,,SEA,3,106,2017,Michigan,2012,2016,48.0,,,,,,,,,,,,,,WR,Michigan,,,,,,,,,,43.0,151.0,2062.0,13.7,14.0,,,,,,,,,,amara darboh,WR,Michigan,michigan,413.0
Kendell Beckwith,,TAM,3,107,2017,LSU,2013,2016,44.0,,,,,,,,,,,,,,LB,LSU,,,,,,,,,,,,,,,7.0,124.0,139.0,263.0,24.5,0.1590909090909091,,,,kendell beckwith,LB,LSU,lsu,
Vince Biegel,,GNB,4,108,2017,Wisconsin,2013,2016,47.0,,,,,,,,,,,,,,LB,Wisconsin,,,,,,,,,,,,,,,20.0,111.0,71.0,182.0,37.5,0.425531914893617,,,,vince biegel,LB,Wisconsin,wisconsin,
Jaleel Johnson,,MIN,4,109,2017,Iowa,2013,2016,41.0,,,,,,,,,,,,,,DL,Iowa,,,,,,,,,,,,,,,12.0,53.0,59.0,112.0,18.0,0.2926829268292683,,,,jaleel johnson,DL,Iowa,iowa,
Dede Westbrook,,JAX,4,110,2017,Oklahoma,2015,2016,26.0,,,,,,,,,,,,,,WR,Oklahoma,,,,,,,,,,87.2,126.0,2267.0,18.0,21.0,,,,,,,,,,dede westbrook,WR,Oklahoma,oklahoma,431.0
Tedric Thompson,,SEA,4,111,2017,Colorado,2013,2016,46.0,,,,,,,,,,,,,,DB,Colorado,,,,,,,,,,,,,,,,,,,,,13.0,0.0,26.0,tedric thompson,DB,Colorado,colorado,
Eddie Jackson,,CHI,4,112,2017,Alabama,2013,2016,40.0,,,,,,,,,,,,,,DB,Alabama,,,,,,,,,,,,,,,,,,,,,9.0,3.0,12.0,eddie jackson,DB,Alabama,alabama,
Rayshawn Jenkins,,SDG,4,113,2017,Miami (FL),2012,2016,48.0,,,,,,,,,,,,,,DB,Miami (FL),,,,,,,,,,,,,,,,,,,,,9.0,0.0,15.0,rayshawn jenkins,DB,Miami (FL),miami (fl),
Samaje Perine,,WAS,4,114,2017,Oklahoma,2014,2016,36.0,,,,,,,,,,,,,,RB,Oklahoma,114.5,685.0,4122.0,6.0,49.0,40.0,8.0,2.0,8.9,,,,,,,,,,,,,,,samaje perine,RB,Oklahoma,oklahoma,168.0
Dorian Johnson,,CRD,4,115,2017,Pitt,2015,2015,13.0,,,,,,,,,,,,,,OL,Pitt,,,,,,,,,,,,,,,,,,,,,,,,dorian johnson,OL,Pitt,pitt,
Carl Lawson,,CIN,4,116,2017,Auburn,2013,2016,31.0,,,,,,,,,,,,,,DE,Auburn,,,,,,,,,,,,,,,14.0,34.0,33.0,67.0,24.0,0.4516129032258064,,,,carl lawson,DE,Auburn,auburn,
Josh Reynolds,,RAM,4,117,2017,Texas A&M,2014,2016,38.0,,,,,,,,,,,,,,WR,Texas A&M,,,,,,,,,,73.4,164.0,2788.0,17.0,30.0,,,,,,,,,,josh reynolds,WR,Texas A&M,texas a&m,
Mack Hollins,,PHI,4,118,2017,North Carolina,2013,2016,42.0,,,,,,,,,,,,,,WR,North Carolina,,,,,,,,,,39.7,81.0,1667.0,20.6,20.0,,,,,,,,,,mack hollins,WR,North Carolina,north carolina,421.0
Ben Gedeon,,MIN,4,120,2017,Michigan,2013,2016,42.0,,,,,,,,,,,,,,LB,Michigan,,,,,,,,,,,,,,,6.0,80.0,96.0,176.0,21.0,0.1428571428571428,,,,ben gedeon,LB,Michigan,michigan,
Joe Williams,,SFO,4,121,2017,Utah,2015,2016,19.0,,,,,,,,,,,,,,RB,Utah,99.2,314.0,1884.0,6.0,13.0,20.0,9.6,0.0,10.1,,,,,,,,,,,,,,,joe williams,RB,Utah,utah,169.0
Nico Siragusa,,RAV,4,122,2017,San Diego State,2015,2015,14.0,,,,,,,,,,,,,,OL,San Diego State,,,,,,,,,,,,,,,,,,,,,,,,nico siragusa,OL,San Diego State,san diego state,
Montae Nicholson,,WAS,4,123,2017,Michigan State,2014,2016,38.0,,,,,,,,,,,,,,DB,Michigan State,,,,,,,,,,,,,,,,,,,,,4.0,0.0,4.0,montae nicholson,DB,Michigan State,michigan state,
Jalen Reeves-Maybin,,DET,4,124,2017,Tennessee,2014,2016,30.0,,,,,,,,,,,,,,LB,Tennessee,,,,,,,,,,,,,,,8.0,141.0,85.0,226.0,27.0,0.2666666666666666,,,,jalen reeves maybin,LB,Tennessee,tennessee,
Jalen Reeves-Maybin,,DET,4,124,2017,Tennessee,2013,2013,9.0,,,,,,,,,,,,,,DB,Tennessee,,,,,,,,,,,,,,,,,,,,,0.0,0.0,0.0,jalen reeves maybin,DB,Tennessee,tennessee,
Howard Wilson,,CLE,4,126,2017,Houston,2014,2016,29.0,,,,,,,,,,,,,,DB,Houston,,,,,,,,,,,,,,,,,,,,,9.0,1.0,15.0,howard wilson,DB,Houston,houston,
Michael Roberts,,DET,4,127,2017,Toledo,2013,2016,35.0,,,,,,,,,,,,,,TE,Toledo,,,,,,,,,,23.8,70.0,832.0,11.9,22.0,,,,,,,,,,michael roberts,TE,Toledo,toledo,260.0
Josh Malone,,CIN,4,128,2017,Tennessee,2014,2016,39.0,,,,,,,,,,,,,,WR,Tennessee,,,,,,,,,,41.2,104.0,1608.0,15.5,14.0,,,,,,,,,,josh malone,WR,Tennessee,tennessee,424.0
David Sharpe,,RAI,4,129,2017,Florida,2015,2015,14.0,,,,,,,,,,,,,,OL,Florida,,,,,,,,,,,,,,,,,,,,,,,,david sharpe,OL,Florida,florida,
Deatrich Wise Jr.,,NWE,4,131,2017,Arkansas,2012,2016,47.0,,,,,,,,,,,,,,DL,Arkansas,,,,,,,,,,,,,,,16.0,51.0,61.0,112.0,23.0,0.3404255319148936,,,,deatrich wise,DL,Arkansas,arkansas,
Donnel Pumphrey,,PHI,4,132,2017,San Diego State,2013,2016,54.0,,,,,,,,,,,,,,RB,San Diego State,118.6,1059.0,6405.0,6.0,62.0,100.0,10.4,5.0,19.3,,,,,,,,,,,,,,,donnel pumphrey,RB,San Diego State,san diego state,
Ryan Switzer,,DAL,4,133,2017,North Carolina,2013,2016,53.0,,,,,,,,,,,,,,WR,North Carolina,,,,,,,,,,54.9,244.0,2912.0,11.9,19.0,,,,,,,,,,ryan switzer,WR,North Carolina,north carolina,428.0
Jamaal Williams,,GNB,4,134,2017,BYU,2012,2016,43.0,,,,,,,,,,,,,,RB,BYU,90.7,726.0,3901.0,5.4,35.0,60.0,9.5,1.0,13.2,,,,,,,,,,,,,,,jamaal williams,RB,BYU,byu,
Joshua Dobbs,133.2,PIT,4,135,2017,Tennessee,2013,2016,37.0,614.0,999.0,385.0,61.5,7138.0,53.0,29.0,5.3,2.9,7.1,6.9,11.6,192.9,QB,Tennessee,,,,,,,,,,,,,,,,,,,,,,,,joshua dobbs,QB,Tennessee,tennessee,44.0
Sean Harlow,,ATL,4,136,2017,Oregon State,2014,2015,19.0,,,,,,,,,,,,,,OL,Oregon State,,,,,,,,,,,,,,,,,,,,,,,,sean harlow,OL,Oregon State,oregon state,
Zach Banner,,CLT,4,137,2017,USC,2014,2016,37.0,,,,,,,,,,,,,,T,USC,,,,,,,,,,,,,,,,,,,,,,,,zach banner,T,USC,usc,
Ryan Glasgow,,CIN,4,138,2017,Michigan,2013,2016,36.0,,,,,,,,,,,,,,DL,Michigan,,,,,,,,,,,,,,,5.0,41.0,50.0,91.0,18.5,0.1388888888888889,,,,ryan glasgow,DL,Michigan,michigan,
Jehu Chesson,,KAN,4,139,2017,Michigan,2013,2016,48.0,,,,,,,,,,,,,,WR,Michigan,,,,,,,,,,34.1,114.0,1639.0,14.4,12.0,,,,,,,,,,jehu chesson,WR,Michigan,michigan,411.0
Wayne Gallman,,NYG,4,140,2017,Clemson,2014,2016,42.0,,,,,,,,,,,,,,RB,Clemson,81.6,676.0,3429.0,5.1,34.0,65.0,7.3,2.0,11.3,,,,,,,,,,,,,,,wayne gallman,RB,Clemson,clemson,158.0
Chad Hansen,,NYJ,4,141,2017,California,2015,2016,20.0,,,,,,,,,,,,,,WR,California,,,,,,,,,,74.9,111.0,1498.0,13.5,12.0,,,,,,,,,,chad hansen,WR,California,california,419.0
Carlos Watkins,,HTX,4,142,2017,Clemson,2013,2013,3.0,,,,,,,,,,,,,,T,Clemson,,,,,,,,,,,,,,,,,,,,,,,,carlos watkins,T,Clemson,clemson,
Carlos Watkins,,HTX,4,142,2017,Clemson,2012,2016,50.0,,,,,,,,,,,,,,DL,Clemson,,,,,,,,,,,,,,,14.0,56.0,49.0,105.0,24.0,0.28,,,,carlos watkins,DL,Clemson,clemson,
Marlon Mack,,CLT,4,143,2017,South Florida,2014,2016,36.0,,,,,,,,,,,,,,RB,South Florida,100.3,586.0,3609.0,6.2,32.0,65.0,7.7,1.0,13.8,,,,,,,,,,,,,,,marlon mack,RB,South Florida,south florida,165.0
Jake Butt,,DEN,5,145,2017,Michigan,2013,2016,45.0,,,,,,,,,,,,,,TE,Michigan,,,,,,,,,,36.6,138.0,1646.0,11.9,11.0,,,,,,,,,,jake butt,TE,Michigan,michigan,252.0
George Kittle,,SFO,5,146,2017,Iowa,2013,2016,40.0,,,,,,,,,,,,,,TE,Iowa,,,,,,,,,,18.4,48.0,737.0,15.4,10.0,,,,,,,,,,george kittle,TE,Iowa,iowa,257.0
Blair Brown,,JAX,5,148,2017,Ohio,2013,2016,43.0,,,,,,,,,,,,,,LB,Ohio,,,,,,,,,,,,,,,5.0,138.0,118.0,256.0,24.5,0.1162790697674418,,,,blair brown,LB,Ohio,ohio,
Damontae Kazee,,ATL,5,149,2017,San Diego State,2013,2016,53.0,,,,,,,,,,,,,,DB,San Diego State,,,,,,,,,,,,,,,,,,,,,17.0,2.0,30.0,damontae kazee,DB,San Diego State,san diego state,
Jordan Leggett,,NYJ,5,150,2017,Clemson,2013,2016,48.0,,,,,,,,,,,,,,TE,Clemson,,,,,,,,,,33.3,112.0,1598.0,14.3,18.0,,,,,,,,,,jordan leggett,TE,Clemson,clemson,258.0
Desmond King,,SDG,5,151,2017,Iowa,2013,2016,53.0,,,,,,,,,,,,,,DB,Iowa,,,,,,,,,,,,,,,,,,,,,14.0,3.0,33.0,desmond king,DB,Iowa,iowa,
Corn Elder,,CAR,5,152,2017,Miami (FL),2013,2016,45.0,,,,,,,,,,,,,,DB,Miami (FL),,,,,,,,,,,,,,,,,,,,,3.0,0.0,27.0,corn elder,DB,Miami (FL),miami (fl),
Jeremy Sprinkle,,WAS,5,154,2017,Arkansas,2013,2016,43.0,,,,,,,,,,,,,,TE,Arkansas,,,,,,,,,,21.4,71.0,921.0,13.0,11.0,,,,,,,,,,jeremy sprinkle,TE,Arkansas,arkansas,264.0
Jayon Brown,,OTI,5,155,2017,UCLA,2013,2016,40.0,,,,,,,,,,,,,,LB,UCLA,,,,,,,,,,,,,,,3.0,136.0,87.0,223.0,9.0,0.075,,,,jayon brown,LB,UCLA,ucla,
Brian Hill,,ATL,5,156,2017,Wyoming,2014,2016,38.0,,,,,,,,,,,,,,RB,Wyoming,112.8,775.0,4287.0,5.5,35.0,41.0,9.8,0.0,10.6,,,,,,,,,,,,,,,brian hill,RB,Wyoming,wyoming,159.0
Will Holden,,CRD,5,157,2017,Vanderbilt,2015,2015,12.0,,,,,,,,,,,,,,OL,Vanderbilt,,,,,,,,,,,,,,,,,,,,,,,,will holden,OL,Vanderbilt,vanderbilt,
Nathan Hairston,,CLT,5,158,2017,Temple,2013,2014,12.0,,,,,,,,,,,,,,WR,Temple,,,,,,,,,,12.5,20.0,150.0,7.5,0.0,,,,,,,,,,nathan hairston,WR,Temple,temple,
Nathan Hairston,,CLT,5,158,2017,Temple,2015,2016,28.0,,,,,,,,,,,,,,DB,Temple,,,,,,,,,,,,,,,,,,,,,2.0,0.0,4.0,nathan hairston,DB,Temple,temple,
Jermaine Eluemunor,,RAV,5,159,2017,Texas A&M,2015,2015,13.0,,,,,,,,,,,,,,OL,Texas A&M,,,,,,,,,,,,,,,,,,,,,,,,jermaine eluemunor,OL,Texas A&M,texas a&m,
Roderick Johnson,,CLE,5,160,2017,Florida State,2015,2015,13.0,,,,,,,,,,,,,,OL,Florida State,,,,,,,,,,,,,,,,,,,,,,,,roderick johnson,OL,Florida State,florida state,
Anthony Walker,,CLT,5,161,2017,Northwestern,2014,2016,38.0,,,,,,,,,,,,,,LB,Northwestern,,,,,,,,,,,,,,,6.0,155.0,123.0,278.0,39.5,0.1578947368421052,,,,anthony walker,LB,Northwestern,northwestern,
Jeremy McNichols,,TAM,5,162,2017,Boise State,2014,2016,34.0,,,,,,,,,,,,,,RB,Boise State,94.3,571.0,3205.0,5.6,44.0,103.0,10.6,11.0,32.0,,,,,,,,,,,,,,,jeremy mcnichols,RB,Boise State,boise state,
Matt Milano,,BUF,5,163,2017,Boston College,2014,2016,37.0,,,,,,,,,,,,,,LB,Boston College,,,,,,,,,,,,,,,14.0,104.0,32.0,136.0,31.5,0.3783783783783784,,,,matt milano,LB,Boston College,boston college,
Matt Milano,,BUF,5,163,2017,Boston College,2013,2013,4.0,,,,,,,,,,,,,,S,Boston College,,,,,,,,,,,,,,,,,,,,,0.0,0.0,0.0,matt milano,S,Boston College,boston college,
Isaac Asiata,,MIA,5,164,2017,Utah,2015,2016,26.0,,,,,,,,,,,,,,OL,Utah,,,,,,,,,,,,,,,,,,,,,,,,isaac asiata,OL,Utah,utah,
Shelton Gibson,,PHI,5,166,2017,West Virginia,2014,2016,38.0,,,,,,,,,,,,,,WR,West Virginia,,,,,,,,,,49.9,84.0,1898.0,22.6,17.0,,,,,,,,,,shelton gibson,WR,West Virginia,west virginia,417.0
Marquel Lee,,RAI,5,168,2017,Wake Forest,2013,2016,46.0,,,,,,,,,,,,,,LB,Wake Forest,,,,,,,,,,,,,,,14.0,143.0,148.0,291.0,42.0,0.3043478260869565,,,,marquel lee,LB,Wake Forest,wake forest,
Treston Decoud,,HTX,5,169,2017,Oregon State,2015,2016,23.0,,,,,,,,,,,,,,CB,Oregon State,,,,,,,,,,,,,,,,,,,,,2.0,1.0,15.0,treston decoud,CB,Oregon State,oregon state,
Rodney Adams,,MIN,5,170,2017,South Florida,2013,2016,39.0,,,,,,,,,,,,,,WR,South FloridaToledo,,,,,,,,,,50.8,137.0,1982.0,14.5,16.0,,,,,,,,,,rodney adams,WR,South Florida,south florida,410.0
Nathan Peterman,144.6,BUF,5,171,2017,Pitt,2013,2016,36.0,398.0,663.0,265.0,60.0,5236.0,47.0,17.0,7.1,2.6,7.9,8.16,13.2,145.4,QB,PittTennessee,,,,,,,,,,,,,,,,,,,,,,,,nathan peterman,QB,Pitt,pitt,
Isaiah McKenzie,,DEN,5,172,2017,Georgia,2014,2016,35.0,,,,,,,,,,,,,,WR,Georgia,,,,,,,,,,23.5,60.0,823.0,13.7,7.0,,,,,,,,,,isaiah mckenzie,WR,Georgia,georgia,425.0
Brian Allen,,PIT,5,173,2017,Utah,2014,2014,6.0,,,,,,,,,,,,,,WR,Utah,,,,,,,,,,0.0,0.0,0.0,,0.0,,,,,,,,,,brian allen,WR,Utah,utah,
Brian Allen,,PIT,5,173,2017,Utah,2015,2016,26.0,,,,,,,,,,,,,,DB,Utah,,,,,,,,,,,,,,,,,,,,,5.0,0.0,9.0,brian allen,DB,Utah,utah,
Deangelo Yancey,,GNB,5,175,2017,Purdue,2013,2016,44.0,,,,,,,,,,,,,,WR,Purdue,,,,,,,,,,53.3,141.0,2344.0,16.6,20.0,,,,,,,,,,deangelo yancey,WR,Purdue,purdue,
J.J. Dielman,,CIN,5,176,2017,Utah,2014,2015,26.0,,,,,,,,,,,,,,OL,Utah,,,,,,,,,,,,,,,,,,,,,,,,j j dielman,OL,Utah,utah,
Trent Taylor,,SFO,5,177,2017,Louisiana Tech,2013,2016,51.0,,,,,,,,,,,,,,WR,Louisiana Tech,,,,,,,,,,81.9,327.0,4179.0,12.8,32.0,,,,,,,,,,trent taylor,WR,Louisiana Tech,louisiana tech,430.0
Davon Gaudchaux,,MIA,5,178,2017,LSU,2014,2016,35.0,,,,,,,,,,,,,,DT,LSU,,,,,,,,,,,,,,,12.0,51.0,88.0,139.0,19.0,0.3428571428571428,,,,davon gaudchaux,DT,LSU,lsu,
T.J. Logan,,CRD,5,179,2017,North Carolina,2013,2016,49.0,,,,,,,,,,,,,,RB,North Carolina,44.2,398.0,2165.0,5.4,19.0,76.0,8.7,4.0,13.5,,,,,,,,,,,,,,,t j logan,RB,North Carolina,north carolina,164.0
Danny Isidora,,MIN,5,180,2017,Miami (FL),2015,2016,25.0,,,,,,,,,,,,,,OL,Miami (FL),,,,,,,,,,,,,,,,,,,,,,,,danny isidora,OL,Miami (FL),miami (fl),
Aaron Jones,,GNB,5,182,2017,UTEP,2013,2016,35.0,,,,,,,,,,,,,,RB,UTEP,117.5,658.0,4114.0,6.3,33.0,71.0,9.1,7.0,18.5,,,,,,,,,,,,,,,aaron jones,RB,UTEP,utep,
Ukeme Eligwe,,KAN,5,183,2017,Georgia Southern,2013,2016,23.0,,,,,,,,,,,,,,LB,Florida StateGeorgia Southern,,,,,,,,,,,,,,,4.0,81.0,47.0,128.0,12.5,0.1739130434782608,,,,ukeme eligwe,LB,Georgia Southern,georgia southern,
Nathan Gerry,,PHI,5,184,2017,Nebraska,2013,2016,48.0,,,,,,,,,,,,,,DB,Nebraska,,,,,,,,,,,,,,,,,,,,,13.0,0.0,19.0,nathan gerry,DB,Nebraska,nebraska,
Caleb Brantley,,CLE,6,185,2017,Florida,2014,2016,38.0,,,,,,,,,,,,,,DL,Florida,,,,,,,,,,,,,,,5.0,30.0,51.0,81.0,20.0,0.131578947368421,,,,caleb brantley,DL,Florida,florida,
Chuck Clark,,RAV,6,186,2017,Virginia Tech,2013,2016,50.0,,,,,,,,,,,,,,S,Virginia Tech,,,,,,,,,,,,,,,,,,,,,2.0,0.0,21.0,chuck clark,S,Virginia Tech,virginia tech,
Mike Tyson,,SEA,6,187,2017,Cincinnati,2013,2016,41.0,,,,,,,,,,,,,,S,Cincinnati,,,,,,,,,,,,,,,,,,,,,7.0,0.0,11.0,mike tyson,S,Cincinnati,cincinnati,
Elijah McGuire,,NYJ,6,188,2017,Louisiana,2013,2016,51.0,,,,,,,,,,,,,,RB,Louisiana,84.5,711.0,4312.0,6.1,42.0,129.0,10.7,10.0,27.1,,,,,,,,,,,,,,,elijah mcguire,RB,Louisiana,louisiana,167.0
Tanzel Smart,,RAM,6,189,2017,Tulane,2013,2016,44.0,,,,,,,,,,,,,,DT,Tulane,,,,,,,,,,,,,,,9.0,104.0,86.0,190.0,40.5,0.2045454545454545,,,,tanzel smart,DT,Tulane,tulane,690.0
Sam Tevi,,SDG,6,190,2017,Utah,2015,2015,12.0,,,,,,,,,,,,,,T,Utah,,,,,,,,,,,,,,,,,,,,,,,,sam tevi,T,Utah,utah,
Sam Tevi,,SDG,6,190,2017,Utah,2013,2013,3.0,,,,,,,,,,,,,,DT,Utah,,,,,,,,,,,,,,,1.0,4.0,5.0,9.0,2.0,0.3333333333333333,,,,sam tevi,DT,Utah,utah,
Xavier Woods,,DAL,6,191,2017,Louisiana Tech,2013,2016,53.0,,,,,,,,,,,,,,DB,Louisiana Tech,,,,,,,,,,,,,,,,,,,,,14.0,2.0,18.0,xavier woods,DB,Louisiana Tech,louisiana tech,
Jordan Evans,,CIN,6,193,2017,Oklahoma,2013,2016,39.0,,,,,,,,,,,,,,LB,Oklahoma,,,,,,,,,,,,,,,3.0,153.0,107.0,260.0,21.5,0.0769230769230769,,,,jordan evans,LB,Oklahoma,oklahoma,
Vincent Taylor,,MIA,6,194,2017,Oklahoma State,2014,2016,36.0,,,,,,,,,,,,,,DT,Oklahoma State,,,,,,,,,,,,,,,12.0,66.0,46.0,112.0,22.5,0.3333333333333333,,,,vincent taylor,DT,Oklahoma State,oklahoma state,
Tanner Vallejo,,BUF,6,195,2017,Boise State,2013,2016,44.0,,,,,,,,,,,,,,LB,Boise State,,,,,,,,,,,,,,,5.0,163.0,113.0,276.0,36.0,0.1136363636363636,,,,tanner vallejo,LB,Boise State,boise state,
Al-Quadin Muhammad,,NOR,6,196,2017,Miami (FL),2013,2015,17.0,,,,,,,,,,,,,,DE,Miami (FL),,,,,,,,,,,,,,,7.0,39.0,21.0,60.0,10.5,0.4117647058823529,,,,al quadin muhammad,DE,Miami (FL),miami (fl),579.0
Jeremy Clark,,NYJ,6,197,2017,Michigan,2014,2016,28.0,,,,,,,,,,,,,,DB,Michigan,,,,,,,,,,,,,,,,,,,,,3.0,0.0,7.0,jeremy clark,DB,Michigan,michigan,
D.J. Jones,,SFO,6,198,2017,Ole Miss,2015,2016,25.0,,,,,,,,,,,,,,DT,Ole Miss,,,,,,,,,,,,,,,6.0,34.0,36.0,70.0,8.5,0.24,,,,d j jones,DT,Ole Miss,ole miss,
Chase Roullier,,WAS,6,199,2017,Wyoming,2013,2015,25.0,,,,,,,,,,,,,,C,Wyoming,,,,,,,,,,,,,,,,,,,,,,,,chase roullier,C,Wyoming,wyoming,503.0
Adam Bisnowaty,,NYG,6,200,2017,Pitt,2015,2015,12.0,,,,,,,,,,,,,,OL,Pitt,,,,,,,,,,,,,,,,,,,,,,,,adam bisnowaty,OL,Pitt,pitt,
Bucky Hodges,,MIN,6,201,2017,Virginia Tech,2014,2016,40.0,,,,,,,,,,,,,,TE,Virginia Tech,,,,,,,,,,43.7,133.0,1747.0,13.1,20.0,,,,,,,,,,bucky hodges,TE,Virginia Tech,virginia tech,255.0
Pita Taumoepenu,,SFO,6,202,2017,Utah,2015,2016,26.0,,,,,,,,,,,,,,DE,Utah,,,,,,,,,,,,,,,15.0,35.0,15.0,50.0,18.0,0.5769230769230769,,,,pita taumoepenu,DE,Utah,utah,
Derrick Jones,,NYJ,6,204,2017,Ole Miss,2015,2016,22.0,,,,,,,,,,,,,,WR,Ole Miss,,,,,,,,,,5.5,6.0,120.0,20.0,1.0,,,,,,,,,,derrick jones,WR,Ole Miss,ole miss,
Derrick Jones,,NYJ,6,204,2017,Ole Miss,2013,2014,21.0,,,,,,,,,,,,,,DB,Ole Miss,,,,,,,,,,,,,,,,,,,,,0.0,0.0,3.0,derrick jones,DB,Ole Miss,ole miss,
Jeremiah Ledbetter,,DET,6,205,2017,Arkansas,2015,2016,26.0,,,,,,,,,,,,,,DL,Arkansas,,,,,,,,,,,,,,,7.0,41.0,63.0,104.0,15.0,0.2692307692307692,,,,jeremiah ledbetter,DL,Arkansas,arkansas,
Sam Rogers,,RAM,6,206,2017,Virginia Tech,2013,2016,51.0,,,,,,,,,,,,,,FB,Virginia Tech,13.6,165.0,692.0,4.2,4.0,72.0,11.1,7.0,15.7,,,,,,,,,,,,,,,sam rogers,FB,Virginia Tech,virginia tech,
Brandon Wilson,,CIN,6,207,2017,Houston,2013,2016,41.0,,,,,,,,,,,,,,DB,Houston,,,,,,,,,,,,,,,,,,,,,2.0,1.0,15.0,brandon wilson,DB,Houston,houston,
Johnathan Ford,,CRD,6,208,2017,Auburn,2013,2013,5.0,,,,,,,,,,,,,,RB,Auburn,14.6,6.0,73.0,12.2,1.0,0.0,,0.0,0.0,,,,,,,,,,,,,,,johnathan ford,RB,Auburn,auburn,
Johnathan Ford,,CRD,6,208,2017,Auburn,2016,2016,12.0,,,,,,,,,,,,,,TE,Auburn,,,,,,,,,,2.1,1.0,25.0,25.0,0.0,,,,,,,,,,johnathan ford,TE,Auburn,auburn,
Johnathan Ford,,CRD,6,208,2017,Auburn,2014,2015,26.0,,,,,,,,,,,,,,DB,Auburn,,,,,,,,,,,,,,,,,,,,,5.0,1.0,3.0,johnathan ford,DB,Auburn,auburn,
Robert Davis,,WAS,6,209,2017,Georgia State,2013,2016,49.0,,,,,,,,,,,,,,WR,Georgia State,,,,,,,,,,69.2,222.0,3391.0,15.3,17.0,,,,,,,,,,robert davis,WR,Georgia State,georgia state,
Justin Senior,,SEA,6,210,2017,Mississippi State,2015,2015,12.0,,,,,,,,,,,,,,OL,Mississippi State,,,,,,,,,,,,,,,,,,,,,,,,justin senior,OL,Mississippi State,mississippi state,
Conor McDermott,,NWE,6,211,2017,UCLA,2015,2015,12.0,,,,,,,,,,,,,,OL,UCLA,,,,,,,,,,,,,,,,,,,,,,,,conor mcdermott,OL,UCLA,ucla,
Kofi Amichia,,GNB,6,212,2017,South Florida,2015,2015,13.0,,,,,,,,,,,,,,OL,South Florida,,,,,,,,,,,,,,,,,,,,,,,,kofi amichia,OL,South Florida,south florida,
Colin Holba,,PIT,6,213,2017,Louisville,2015,2016,24.0,,,,,,,,,,,,,,LS,Louisville,,,,,,,,,,,,,,,,,,,,,0.0,0.0,0.0,colin holba,LS,Louisville,louisville,
Elijah Qualls,,PHI,6,214,2017,Washington,2014,2016,38.0,,,,,,,,,,,,,,DL,Washington,,,,,,,,,,,,,,,7.0,42.0,35.0,77.0,11.5,0.1842105263157894,,,,elijah qualls,DL,Washington,washington,
Brad Kaaya,146.2,DET,6,215,2017,Miami (FL),2014,2016,38.0,721.0,1189.0,468.0,60.6,9972.0,69.0,24.0,5.8,2.0,8.4,8.64,13.8,262.4,QB,Miami (FL),,,,,,,,,,,,,,,,,,,,,,,,brad kaaya,QB,Miami (FL),miami (fl),45.0
Marquez White,,DAL,6,216,2017,Florida State,2013,2016,44.0,,,,,,,,,,,,,,DB,Florida State,,,,,,,,,,,,,,,,,,,,,4.0,0.0,6.0,marquez white,DB,Florida State,florida state,
Leon McQuay III,,KAN,6,218,2017,USC,2013,2016,43.0,,,,,,,,,,,,,,CB,USC,,,,,,,,,,,,,,,,,,,,,5.0,0.0,17.0,leon mcquay,CB,USC,usc,
Stacy Coley,,MIN,7,219,2017,Miami (FL),2013,2016,48.0,,,,,,,,,,,,,,WR,Miami (FL),,,,,,,,,,46.3,167.0,2222.0,13.3,20.0,,,,,,,,,,stacy coley,WR,Miami (FL),miami (fl),412.0
Ifeadi Odenigbo,,MIN,7,220,2017,Northwestern,2016,2016,13.0,0.0,0.0,0.0,,0.0,0.0,0.0,,,,,,0.0,QB,Northwestern,,,,,,,,,,,,,,,,,,,,,,,,ifeadi odenigbo,QB,Northwestern,northwestern,
Ifeadi Odenigbo,,MIN,7,220,2017,Northwestern,2013,2015,34.0,,,,,,,,,,,,,,DL,Northwestern,,,,,,,,,,,,,,,13.0,25.0,14.0,39.0,14.5,0.3823529411764705,,,,ifeadi odenigbo,DL,Northwestern,northwestern,
Shalom Luani,,RAI,7,221,2017,Washington State,2015,2016,25.0,,,,,,,,,,,,,,S,Washington State,,,,,,,,,,,,,,,,,,,,,8.0,1.0,12.0,shalom luani,S,Washington State,washington state,
Jalen Myrick,,JAX,7,222,2017,Minnesota,2013,2016,47.0,,,,,,,,,,,,,,DB,Minnesota,,,,,,,,,,,,,,,,,,,,,5.0,2.0,21.0,jalen myrick,DB,Minnesota,minnesota,
Stevie Tu'Ikolovatu,,TAM,7,223,2017,USC,2014,2016,38.0,,,,,,,,,,,,,,DT,USCUtah,,,,,,,,,,,,,,,2.0,46.0,43.0,89.0,9.0,0.0526315789473684,,,,stevie tu ikolovatu,DT,USC,usc,
Isaac Rochell,,SDG,7,225,2017,Notre Dame,2013,2016,42.0,,,,,,,,,,,,,,DL,Notre Dame,,,,,,,,,,,,,,,4.0,84.0,84.0,168.0,22.0,0.0952380952380952,,,,isaac rochell,DL,Notre Dame,notre dame,
Josh Carraway,,OTI,7,227,2017,Texas Christian,2012,2016,43.0,,,,,,,,,,,,,,DL,Texas Christian,,,,,,,,,,,,,,,19.0,64.0,69.0,133.0,27.5,0.4418604651162791,,,,josh carraway,DL,Texas Christian,texas christian,
Joey Ivie,,DAL,7,228,2017,Florida,2013,2016,34.0,,,,,,,,,,,,,,DL,Florida,,,,,,,,,,,,,,,7.0,31.0,49.0,80.0,10.5,0.2058823529411764,,,,joey ivie,DL,Florida,florida,
Adrian Colbert,,SFO,7,229,2017,Miami (FL),2013,2016,40.0,,,,,,,,,,,,,,S,Miami (FL)Texas,,,,,,,,,,,,,,,,,,,,,2.0,0.0,4.0,adrian colbert,S,Miami (FL),miami (fl),
Josh Harvey-Clemons,,WAS,7,230,2017,Louisville,2012,2016,47.0,,,,,,,,,,,,,,DB,GeorgiaLouisville,,,,,,,,,,,,,,,,,,,,,4.0,0.0,11.0,josh harvey clemons,DB,Louisville,louisville,
Elijah Lee,,MIN,7,232,2017,Kansas State,2014,2016,39.0,,,,,,,,,,,,,,LB,Kansas State,,,,,,,,,,,,,,,11.0,154.0,55.0,209.0,18.5,0.282051282051282,,,,elijah lee,LB,Kansas State,kansas state,
Ejuan Price,,RAM,7,234,2017,Pitt,2011,2016,45.0,,,,,,,,,,,,,,LB,Pitt,,,,,,,,,,,,,,,29.0,92.0,51.0,143.0,53.0,0.6444444444444445,,,,ejuan price,LB,Pitt,pitt,
Joshua Holsey,,WAS,7,235,2017,Auburn,2012,2016,44.0,,,,,,,,,,,,,,DB,Auburn,,,,,,,,,,,,,,,,,,,,,4.0,0.0,19.0,joshua holsey,DB,Auburn,auburn,
Isaiah Ford,,MIA,7,237,2017,Virginia Tech,2014,2016,40.0,,,,,,,,,,,,,,WR,Virginia Tech,,,,,,,,,,74.2,210.0,2967.0,14.1,24.0,,,,,,,,,,isaiah ford,WR,Virginia Tech,virginia tech,416.0
Devante Mays,,GNB,7,238,2017,Utah State,2015,2016,19.0,,,,,,,,,,,,,,RB,Utah State,64.5,202.0,1225.0,6.1,12.0,2.0,8.5,0.0,0.9,,,,,,,,,,,,,,,devante mays,RB,Utah State,utah state,
Noah Brown,,DAL,7,239,2017,Ohio State,2014,2016,24.0,,,,,,,,,,,,,,WR,Ohio State,,,,,,,,,,17.1,33.0,411.0,12.5,7.0,,,,,,,,,,noah brown,WR,Ohio State,ohio state,
Marquez Williams,,JAX,7,240,2017,Miami (FL),2016,2016,12.0,,,,,,,,,,,,,,FB,Miami (FL),0.1,1.0,1.0,1.0,0.0,2.0,9.5,1.0,1.6,,,,,,,,,,,,,,,marquez williams,FB,Miami (FL),miami (fl),
Khalfani Muhammad,,OTI,7,241,2017,California,2013,2016,45.0,,,,,,,,,,,,,,RB,California,46.1,359.0,2073.0,5.8,11.0,55.0,10.4,3.0,12.7,,,,,,,,,,,,,,,khalfani muhammad,RB,California,california,
Elijah Hood,,RAI,7,242,2017,North Carolina,2014,2016,34.0,,,,,,,,,,,,,,RB,North Carolina,75.9,431.0,2580.0,6.0,29.0,40.0,5.3,0.0,6.2,,,,,,,,,,,,,,,elijah hood,RB,North Carolina,north carolina,160.0
Kyle Fuller,,HTX,7,243,2017,Baylor,2013,2015,15.0,,,,,,,,,,,,,,OL,Baylor,,,,,,,,,,,,,,,,,,,,,,,,kyle fuller,OL,Baylor,baylor,
Treyvon Hester,,RAI,7,244,2017,Toledo,2013,2016,47.0,,,,,,,,,,,,,,DT,Toledo,,,,,,,,,,,,,,,13.0,77.0,84.0,161.0,31.5,0.2765957446808511,,,,treyvon hester,DT,Toledo,toledo,684.0
Jack Tocho,,MIN,7,245,2017,North Carolina State,2013,2016,47.0,,,,,,,,,,,,,,CB,North Carolina State,,,,,,,,,,,,,,,,,,,,,6.0,0.0,26.0,jack tocho,CB,North Carolina State,north carolina state,
Jordan Carrell,,DAL,7,246,2017,Colorado,2015,2016,27.0,,,,,,,,,,,,,,DL,Colorado,,,,,,,,,,,,,,,6.0,54.0,35.0,89.0,13.5,0.2222222222222222,,,,jordan carrell,DL,Colorado,colorado,
Malachi Dupre,,GNB,7,247,2017,LSU,2014,2016,36.0,,,,,,,,,,,,,,WR,LSU,,,,,,,,,,44.7,98.0,1609.0,16.4,14.0,,,,,,,,,,malachi dupre,WR,LSU,lsu,415.0
Keion Adams,,PIT,7,248,2017,Western Michigan,2013,2016,50.0,,,,,,,,,,,,,,LB,Western Michigan,,,,,,,,,,,,,,,13.0,71.0,54.0,125.0,32.0,0.26,,,,keion adams,LB,Western Michigan,western michigan,
Chris Carson,,SEA,7,249,2017,Oklahoma State,2015,2016,21.0,,,,,,,,,,,,,,RB,Oklahoma State,51.2,213.0,1076.0,5.1,13.0,30.0,9.9,1.0,14.2,,,,,,,,,,,,,,,chris carson,RB,Oklahoma State,oklahoma state,
Pat O'Connor,,DET,7,250,2017,Eastern Michigan,2012,2016,48.0,,,,,,,,,,,,,,DL,Eastern Michigan,,,,,,,,,,,,,,,20.0,68.0,98.0,166.0,33.5,0.4166666666666667,,,,pat o connor,DL,Eastern Michigan,eastern michigan,
Mason Schreck,,CIN,7,251,2017,Buffalo,2013,2016,39.0,,,,,,,,,,,,,,TE,Buffalo,,,,,,,,,,28.5,107.0,1113.0,10.4,6.0,,,,,,,,,,mason schreck,TE,Buffalo,buffalo,
Matt Dayes,,CLE,7,252,2017,North Carolina State,2013,2016,45.0,,,,,,,,,,,,,,RB,North Carolina State,63.5,550.0,2856.0,5.2,34.0,98.0,9.5,6.0,20.7,,,,,,,,,,,,,,,matt dayes,RB,North Carolina State,north carolina state,
Chad Kelly,150.9,DEN,7,253,2017,Ole Miss,2013,2016,27.0,513.0,803.0,290.0,63.9,6858.0,50.0,21.0,6.2,2.6,8.5,8.61,13.4,254.0,QB,ClemsonOle Miss,,,,,,,,,,,,,,,,,,,,,,,,chad kelly,QB,Ole Miss,ole miss,
Baker Mayfield,175.4,CLE,1,1,2018,Oklahoma,2013,2017,48.0,1026.0,1497.0,471.0,68.5,14607.0,131.0,30.0,8.8,2.0,9.8,10.61,14.2,304.3,QB,OklahomaTexas Tech,,,,,,,,,,,,,,,,,,,,,,,,baker mayfield,QB,Oklahoma,oklahoma,57.0
Saquon Barkley,,NYG,1,2,2018,Penn State,2015,2017,38.0,,,,,,,,,,,,,,RB,Penn State,101.1,671.0,3843.0,5.7,43.0,102.0,11.7,8.0,31.4,,,,,,,,,,,,,,,saquon barkley,RB,Penn State,penn state,
Sam Darnold,153.7,NYJ,1,3,2018,USC,2016,2017,27.0,549.0,846.0,297.0,64.9,7229.0,57.0,22.0,6.7,2.6,8.5,8.72,13.2,267.7,QB,USC,,,,,,,,,,,,,,,,,,,,,,,,sam darnold,QB,USC,usc,
Denzel Ward,,CLE,1,4,2018,Ohio State,2015,2017,37.0,,,,,,,,,,,,,,CB,Ohio State,,,,,,,,,,,,,,,,,,,,,2.0,0.0,24.0,denzel ward,CB,Ohio State,ohio state,
Bradley Chubb,,DEN,1,5,2018,North Carolina State,2014,2017,49.0,,,,,,,,,,,,,,DE,North Carolina State,,,,,,,,,,,,,,,26.0,103.0,101.0,204.0,60.0,0.5306122448979592,,,,bradley chubb,DE,North Carolina State,north carolina state,
Quenton Nelson,,CLT,1,6,2018,Notre Dame,2015,2017,36.0,,,,,,,,,,,,,,OL,Notre Dame,,,,,,,,,,,,,,,,,,,,,,,,quenton nelson,OL,Notre Dame,notre dame,
Josh Allen,137.7,BUF,1,7,2018,Wyoming,2015,2017,27.0,365.0,649.0,284.0,56.2,5066.0,44.0,21.0,6.8,3.2,7.8,7.71,13.9,187.6,QB,Wyoming,,,,,,,,,,,,,,,,,,,,,,,,josh allen,QB,Wyoming,wyoming,52.0
Roquan Smith,,CHI,1,8,2018,Georgia,2015,2017,40.0,,,,,,,,,,,,,,LB,Georgia,,,,,,,,,,,,,,,6.0,146.0,106.0,252.0,20.5,0.15,,,,roquan smith,LB,Georgia,georgia,
Mike McGlinchey,,SFO,1,9,2018,Notre Dame,2014,2017,49.0,,,,,,,,,,,,,,OL,Notre Dame,,,,,,,,,,,,,,,,,,,,,,,,mike mcglinchey,OL,Notre Dame,notre dame,
Josh Rosen,140.1,CRD,1,10,2018,UCLA,2015,2017,30.0,712.0,1170.0,458.0,60.9,9341.0,59.0,26.0,5.0,2.2,8.0,7.99,13.1,311.4,QB,UCLA,,,,,,,,,,,,,,,,,,,,,,,,josh rosen,QB,UCLA,ucla,58.0
Minkah Fitzpatrick,,MIA,1,11,2018,Alabama,2015,2017,42.0,,,,,,,,,,,,,,DB,Alabama,,,,,,,,,,,,,,,,,,,,,9.0,4.0,26.0,minkah fitzpatrick,DB,Alabama,alabama,
Vita Vea,,TAM,1,12,2018,Washington,2015,2017,40.0,,,,,,,,,,,,,,DL,Washington,,,,,,,,,,,,,,,9.0,66.0,34.0,100.0,15.0,0.225,,,,vita vea,DL,Washington,washington,
Daron Payne,,WAS,1,13,2018,Alabama,2015,2017,44.0,,,,,,,,,,,,,,DL,Alabama,,,,,,,,,,,,,,,3.0,39.0,63.0,102.0,5.0,0.0681818181818181,,,,daron payne,DL,Alabama,alabama,
Marcus Davenport,,NOR,1,14,2018,UTSA,2014,2017,46.0,,,,,,,,,,,,,,DE,UTSA,,,,,,,,,,,,,,,21.0,100.0,86.0,186.0,37.0,0.4565217391304347,,,,marcus davenport,DE,UTSA,utsa,
Kolton Miller,,RAI,1,15,2018,UCLA,2015,2017,26.0,,,,,,,,,,,,,,OL,UCLA,,,,,,,,,,,,,,,,,,,,,,,,kolton miller,OL,UCLA,ucla,
Tremaine Edmunds,,BUF,1,16,2018,Virginia Tech,2015,2017,40.0,,,,,,,,,,,,,,LB,Virginia Tech,,,,,,,,,,,,,,,10.0,122.0,104.0,226.0,35.0,0.25,,,,tremaine edmunds,LB,Virginia Tech,virginia tech,
Derwin James,,SDG,1,17,2018,Florida State,2015,2017,27.0,,,,,,,,,,,,,,DB,Florida State,,,,,,,,,,,,,,,,,,,,,3.0,1.0,15.0,derwin james,DB,Florida State,florida state,
Jaire Alexander,,GNB,1,18,2018,Louisville,2015,2017,31.0,,,,,,,,,,,,,,CB,Louisville,,,,,,,,,,,,,,,,,,,,,7.0,0.0,15.0,jaire alexander,CB,Louisville,louisville,834.0
Leighton Vander Esch,,DAL,1,19,2018,Boise State,2015,2017,32.0,,,,,,,,,,,,,,LB,Boise State,,,,,,,,,,,,,,,5.0,128.0,60.0,188.0,13.0,0.15625,,,,leighton vander esch,LB,Boise State,boise state,
Frank Ragnow,,DET,1,20,2018,Arkansas,2015,2016,26.0,,,,,,,,,,,,,,OL,Arkansas,,,,,,,,,,,,,,,,,,,,,,,,frank ragnow,OL,Arkansas,arkansas,
Billy Price,,CIN,1,21,2018,Ohio State,2015,2017,27.0,,,,,,,,,,,,,,OL,Ohio State,,,,,,,,,,,,,,,,,,,,,,,,billy price,OL,Ohio State,ohio state,
Billy Price,,CIN,1,21,2018,Ohio State,2014,2014,15.0,,,,,,,,,,,,,,DL,Ohio State,,,,,,,,,,,,,,,0.0,1.0,0.0,1.0,0.0,0.0,,,,billy price,DL,Ohio State,ohio state,
Rashaan Evans,,OTI,1,22,2018,Alabama,2014,2017,53.0,,,,,,,,,,,,,,LB,Alabama,,,,,,,,,,,,,,,15.0,85.0,67.0,152.0,23.5,0.2830188679245283,,,,rashaan evans,LB,Alabama,alabama,
Isaiah Wynn,,NWE,1,23,2018,Georgia,2015,2016,25.0,,,,,,,,,,,,,,G,Georgia,,,,,,,,,,,,,,,,,,,,,,,,isaiah wynn,G,Georgia,georgia,
D.J. Moore,,CAR,1,24,2018,Maryland,2015,2017,37.0,,,,,,,,,,,,,,WR,Maryland,,,,,,,,,,54.8,146.0,2027.0,13.9,17.0,,,,,,,,,,d j moore,WR,Maryland,maryland,
Hayden Hurst,,RAV,1,25,2018,South Carolina,2015,2017,38.0,,,,,,,,,,,,,,TE,South Carolina,,,,,,,,,,33.7,100.0,1281.0,12.8,3.0,,,,,,,,,,hayden hurst,TE,South Carolina,south carolina,270.0
Calvin Ridley,,ATL,1,26,2018,Alabama,2015,2017,44.0,,,,,,,,,,,,,,WR,Alabama,,,,,,,,,,63.2,224.0,2781.0,12.4,19.0,,,,,,,,,,calvin ridley,WR,Alabama,alabama,442.0
Rashaad Penny,,SEA,1,27,2018,San Diego State,2014,2017,54.0,,,,,,,,,,,,,,RB,San Diego State,67.7,488.0,3656.0,7.5,38.0,42.0,11.4,6.0,8.9,,,,,,,,,,,,,,,rashaad penny,RB,San Diego State,san diego state,
Terrell Edmunds,,PIT,1,28,2018,Virginia Tech,2015,2016,27.0,,,,,,,,,,,,,,LB,Virginia Tech,,,,,,,,,,,,,,,0.0,61.0,62.0,123.0,4.0,0.0,,,,terrell edmunds,LB,Virginia Tech,virginia tech,
Terrell Edmunds,,PIT,1,28,2018,Virginia Tech,2017,2017,10.0,,,,,,,,,,,,,,S,Virginia Tech,,,,,,,,,,,,,,,,,,,,,2.0,0.0,4.0,terrell edmunds,S,Virginia Tech,virginia tech,
Taven Bryan,,JAX,1,29,2018,Florida,2015,2017,36.0,,,,,,,,,,,,,,DL,Florida,,,,,,,,,,,,,,,5.0,31.0,36.0,67.0,10.5,0.1388888888888889,,,,taven bryan,DL,Florida,florida,
Mike Hughes,,MIN,1,30,2018,UCF,2015,2017,26.0,,,,,,,,,,,,,,CB,North CarolinaUCF,,,,,,,,,,,,,,,,,,,,,4.0,1.0,14.0,mike hughes,CB,UCF,ucf,
Sony Michel,,NWE,1,31,2018,Georgia,2014,2017,47.0,,,,,,,,,,,,,,RB,Georgia,77.4,591.0,3638.0,6.2,33.0,64.0,9.7,6.0,13.2,,,,,,,,,,,,,,,sony michel,RB,Georgia,georgia,177.0
Lamar Jackson,142.9,RAV,1,32,2018,Louisville,2015,2017,38.0,619.0,1086.0,467.0,57.0,9043.0,69.0,27.0,6.4,2.5,8.3,8.48,14.6,238.0,QB,Louisville,,,,,,,,,,,,,,,,,,,,,,,,lamar jackson,QB,Louisville,louisville,54.0
Austin Corbett,,CLE,2,33,2018,Nevada,2015,2017,25.0,,,,,,,,,,,,,,OL,Nevada,,,,,,,,,,,,,,,,,,,,,,,,austin corbett,OL,Nevada,nevada,
Will Hernandez,,NYG,2,34,2018,UTEP,2015,2015,12.0,,,,,,,,,,,,,,OL,UTEP,,,,,,,,,,,,,,,,,,,,,,,,will hernandez,OL,UTEP,utep,
Nick Chubb,,CLE,2,35,2018,Georgia,2014,2017,47.0,,,,,,,,,,,,,,RB,Georgia,101.5,758.0,4769.0,6.3,44.0,31.0,11.6,4.0,7.7,,,,,,,,,,,,,,,nick chubb,RB,Georgia,georgia,170.0
Braden Smith,,CLT,2,37,2018,Auburn,2015,2015,13.0,,,,,,,,,,,,,,OL,Auburn,,,,,,,,,,,,,,,,,,,,,,,,braden smith,OL,Auburn,auburn,
Ronald Jones,,TAM,2,38,2018,USC,2015,2017,40.0,,,,,,,,,,,,,,RB,USC,90.5,591.0,3619.0,6.1,39.0,32.0,9.4,3.0,7.6,,,,,,,,,,,,,,,ronald jones,RB,USC,usc,
James Daniels,,CHI,2,39,2018,Iowa,2015,2017,26.0,,,,,,,,,,,,,,OL,Iowa,,,,,,,,,,,,,,,,,,,,,,,,james daniels,OL,Iowa,iowa,
Courtland Sutton,,DEN,2,40,2018,SMU,2015,2017,37.0,,,,,,,,,,,,,,WR,SMU,,,,,,,,,,86.3,193.0,3193.0,16.5,31.0,,,,,,,,,,courtland sutton,WR,SMU,smu,
Courtland Sutton,,DEN,2,40,2018,SMU,2014,2014,3.0,,,,,,,,,,,,,,DB,SMU,,,,,,,,,,,,,,,,,,,,,0.0,0.0,0.0,courtland sutton,DB,SMU,smu,
Harold Landry,,OTI,2,41,2018,Boston College,2014,2017,47.0,,,,,,,,,,,,,,DL,Boston College,,,,,,,,,,,,,,,26.0,100.0,60.0,160.0,47.5,0.5531914893617021,,,,harold landry,DL,Boston College,boston college,
Mike Gesicki,,MIA,2,42,2018,Penn State,2014,2017,51.0,,,,,,,,,,,,,,TE,Penn State,,,,,,,,,,29.0,129.0,1481.0,11.5,15.0,,,,,,,,,,mike gesicki,TE,Penn State,penn state,
Kerryon Johnson,,DET,2,43,2018,Auburn,2015,2017,37.0,,,,,,,,,,,,,,RB,Auburn,67.4,519.0,2494.0,4.8,32.0,55.0,8.7,2.0,12.9,,,,,,,,,,,,,,,kerryon johnson,RB,Auburn,auburn,175.0
Dante Pettis,,SFO,2,44,2018,Washington,2014,2017,53.0,,,,,,,,,,,,,,WR,Washington,,,,,,,,,,42.6,163.0,2256.0,13.8,24.0,,,,,,,,,,dante pettis,WR,Washington,washington,441.0
Joshua Jackson,,GNB,2,45,2018,Iowa,2015,2015,14.0,,,,,,,,,,,,,,WR,Iowa,,,,,,,,,,0.0,0.0,0.0,,0.0,,,,,,,,,,joshua jackson,WR,Iowa,iowa,
Joshua Jackson,,GNB,2,45,2018,Iowa,2016,2017,25.0,,,,,,,,,,,,,,DB,Iowa,,,,,,,,,,,,,,,,,,,,,8.0,2.0,22.0,joshua jackson,DB,Iowa,iowa,
Breeland Speaks,,KAN,2,46,2018,Ole Miss,2015,2017,37.0,,,,,,,,,,,,,,DT,Ole Miss,,,,,,,,,,,,,,,9.0,52.0,75.0,127.0,15.0,0.2432432432432432,,,,breeland speaks,DT,Ole Miss,ole miss,
Christian Kirk,,CRD,2,47,2018,Texas A&M,2015,2017,39.0,,,,,,,,,,,,,,WR,Texas A&M,,,,,,,,,,73.2,234.0,2856.0,12.2,26.0,,,,,,,,,,christian kirk,WR,Texas A&M,texas a&m,
Uchenna Nwosu,,SDG,2,48,2018,USC,2014,2017,53.0,,,,,,,,,,,,,,LB,USC,,,,,,,,,,,,,,,12.0,94.0,74.0,168.0,20.5,0.2264150943396226,,,,uchenna nwosu,LB,USC,usc,
Connor Williams,,DAL,2,50,2018,Texas,2015,2016,23.0,,,,,,,,,,,,,,OL,Texas,,,,,,,,,,,,,,,,,,,,,,,,connor williams,OL,Texas,texas,
Anthony Miller,,CHI,2,51,2018,Memphis,2015,2017,38.0,,,,,,,,,,,,,,WR,Memphis,,,,,,,,,,94.5,238.0,3590.0,15.1,37.0,,,,,,,,,,anthony miller,WR,Memphis,memphis,440.0
Kemoko Turay,,CLT,2,52,2018,Rutgers,2014,2017,44.0,,,,,,,,,,,,,,DE,Rutgers,,,,,,,,,,,,,,,15.0,54.0,49.0,103.0,20.5,0.3409090909090909,,,,kemoko turay,DE,Rutgers,rutgers,
M.J. Stewart,,TAM,2,53,2018,North Carolina,2014,2017,50.0,,,,,,,,,,,,,,CB,North Carolina,,,,,,,,,,,,,,,,,,,,,6.0,0.0,41.0,m j stewart,CB,North Carolina,north carolina,846.0
Jessie Bates,,CIN,2,54,2018,Wake Forest,2016,2017,24.0,,,,,,,,,,,,,,DB,Wake Forest,,,,,,,,,,,,,,,,,,,,,6.0,2.0,9.0,jessie bates,DB,Wake Forest,wake forest,
Donte Jackson,,CAR,2,55,2018,LSU,2015,2017,37.0,,,,,,,,,,,,,,DB,LSU,,,,,,,,,,,,,,,,,,,,,4.0,0.0,20.0,donte jackson,DB,LSU,lsu,
Duke Dawson,,NWE,2,56,2018,Florida,2014,2017,48.0,,,,,,,,,,,,,,DB,Florida,,,,,,,,,,,,,,,,,,,,,6.0,3.0,17.0,duke dawson,DB,Florida,florida,
Isaiah Oliver,,ATL,2,58,2018,Colorado,2015,2015,13.0,,,,,,,,,,,,,,WR,Colorado,,,,,,,,,,0.0,0.0,0.0,,0.0,,,,,,,,,,isaiah oliver,WR,Colorado,colorado,
Isaiah Oliver,,ATL,2,58,2018,Colorado,2016,2017,24.0,,,,,,,,,,,,,,DB,Colorado,,,,,,,,,,,,,,,,,,,,,3.0,0.0,20.0,isaiah oliver,DB,Colorado,colorado,
Derrius Guice,,WAS,2,59,2018,LSU,2015,2017,36.0,,,,,,,,,,,,,,RB,LSU,85.4,471.0,3074.0,6.5,29.0,32.0,7.8,3.0,6.9,,,,,,,,,,,,,,,derrius guice,RB,LSU,lsu,173.0
James Washington,,PIT,2,60,2018,Oklahoma State,2014,2017,52.0,,,,,,,,,,,,,,WR,Oklahoma State,,,,,,,,,,86.0,226.0,4472.0,19.8,39.0,,,,,,,,,,james washington,WR,Oklahoma State,oklahoma state,
D.J. Chark,,JAX,2,61,2018,LSU,2015,2017,30.0,,,,,,,,,,,,,,WR,LSU,,,,,,,,,,45.0,66.0,1351.0,20.5,6.0,,,,,,,,,,d j chark,WR,LSU,lsu,
Brian O'Neill,,MIN,2,62,2018,Pitt,2015,2017,38.0,,,,,,,,,,,,,,OL,Pitt,,,,,,,,,,,,,,,,,,,,,,,,brian o neill,OL,Pitt,pitt,
Carlton Davis,,TAM,2,63,2018,Auburn,2015,2017,38.0,,,,,,,,,,,,,,DB,Auburn,,,,,,,,,,,,,,,,,,,,,4.0,0.0,29.0,carlton davis,DB,Auburn,auburn,
Tyquan Lewis,,CLT,2,64,2018,Ohio State,2014,2017,53.0,,,,,,,,,,,,,,DL,Ohio State,,,,,,,,,,,,,,,23.0,63.0,49.0,112.0,36.5,0.4339622641509434,,,,tyquan lewis,DL,Ohio State,ohio state,
Lorenzo Carter,,NYG,3,66,2018,Georgia,2014,2017,54.0,,,,,,,,,,,,,,LB,Georgia,,,,,,,,,,,,,,,14.0,82.0,83.0,165.0,20.5,0.2592592592592592,,,,lorenzo carter,LB,Georgia,georgia,
Chad Thomas,,CLE,3,67,2018,Miami (FL),2014,2017,48.0,,,,,,,,,,,,,,DE,Miami (FL),,,,,,,,,,,,,,,10.0,51.0,52.0,103.0,26.0,0.2083333333333333,,,,chad thomas,DE,Miami (FL),miami (fl),591.0
Justin Reid,,HTX,3,68,2018,Stanford,2015,2017,40.0,,,,,,,,,,,,,,S,Stanford,,,,,,,,,,,,,,,,,,,,,6.0,0.0,14.0,justin reid,S,Stanford,stanford,
B.J. Hill,,NYG,3,69,2018,North Carolina State,2014,2017,51.0,,,,,,,,,,,,,,DT,North Carolina State,,,,,,,,,,,,,,,9.0,79.0,107.0,186.0,26.5,0.1764705882352941,,,,b j hill,DT,North Carolina State,north carolina state,
Fred Warner,,SFO,3,70,2018,BYU,2014,2017,49.0,,,,,,,,,,,,,,LB,BYU,,,,,,,,,,,,,,,6.0,158.0,106.0,264.0,32.0,0.1224489795918367,,,,fred warner,LB,BYU,byu,
Royce Freeman,,DEN,3,71,2018,Oregon,2014,2017,51.0,,,,,,,,,,,,,,RB,Oregon,110.2,947.0,5621.0,5.9,60.0,79.0,10.3,4.0,16.0,,,,,,,,,,,,,,,royce freeman,RB,Oregon,oregon,172.0
Jerome Baker,,MIA,3,73,2018,Ohio State,2015,2017,33.0,,,,,,,,,,,,,,LB,Ohio State,,,,,,,,,,,,,,,7.0,90.0,68.0,158.0,17.5,0.2121212121212121,,,,jerome baker,LB,Ohio State,ohio state,
Geron Christian,,WAS,3,74,2018,Louisville,2015,2017,38.0,,,,,,,,,,,,,,OL,Louisville,,,,,,,,,,,,,,,,,,,,,,,,geron christian,OL,Louisville,louisville,
Derrick Nnadi,,KAN,3,75,2018,Florida State,2014,2017,48.0,,,,,,,,,,,,,,DT,Florida State,,,,,,,,,,,,,,,11.0,74.0,91.0,165.0,24.0,0.2291666666666666,,,,derrick nnadi,DT,Florida State,florida state,
Mason Rudolph,159.7,PIT,3,76,2018,Oklahoma State,2014,2017,42.0,915.0,1447.0,532.0,63.2,13618.0,92.0,26.0,6.4,1.8,9.4,9.87,14.9,324.2,QB,Oklahoma State,,,,,,,,,,,,,,,,,,,,,,,,mason rudolph,QB,Oklahoma State,oklahoma state,
Sam Hubbard,,CIN,3,77,2018,Ohio State,2015,2017,40.0,,,,,,,,,,,,,,DE,Ohio State,,,,,,,,,,,,,,,17.0,64.0,52.0,116.0,29.5,0.425,,,,sam hubbard,DE,Ohio State,ohio state,
Malik Jefferson,,CIN,3,78,2018,Texas,2015,2017,35.0,,,,,,,,,,,,,,LB,Texas,,,,,,,,,,,,,,,12.0,158.0,72.0,230.0,25.5,0.3428571428571428,,,,malik jefferson,LB,Texas,texas,
Rasheem Green,,SEA,3,79,2018,USC,2015,2017,41.0,,,,,,,,,,,,,,DE,USC,,,,,,,,,,,,,,,16.0,49.0,68.0,117.0,20.0,0.3902439024390244,,,,rasheem green,DE,USC,usc,
Martinas Rankin,,HTX,3,80,2018,Mississippi State,2016,2016,13.0,,,,,,,,,,,,,,OL,Mississippi State,,,,,,,,,,,,,,,,,,,,,,,,martinas rankin,OL,Mississippi State,mississippi state,
Michael Gallup,,DAL,3,81,2018,Colorado State,2016,2017,26.0,,,,,,,,,,,,,,WR,Colorado State,,,,,,,,,,103.3,176.0,2685.0,15.3,21.0,,,,,,,,,,michael gallup,WR,Colorado State,colorado state,
Tracy Walker,,DET,3,82,2018,Louisiana,2014,2017,50.0,,,,,,,,,,,,,,S,Louisiana,,,,,,,,,,,,,,,,,,,,,8.0,0.0,18.0,tracy walker,S,Louisiana,louisiana,
Orlando Brown,,RAV,3,83,2018,Oklahoma,2015,2015,13.0,,,,,,,,,,,,,,T,Oklahoma,,,,,,,,,,,,,,,,,,,,,,,,orlando brown,T,Oklahoma,oklahoma,
Justin Jones,,SDG,3,84,2018,North Carolina State,2015,2017,39.0,,,,,,,,,,,,,,DT,North Carolina State,,,,,,,,,,,,,,,7.0,55.0,52.0,107.0,21.5,0.1794871794871795,,,,justin jones,DT,North Carolina State,north carolina state,
Rashaan Gaulden,,CAR,3,85,2018,Tennessee,2014,2017,36.0,,,,,,,,,,,,,,DB,Tennessee,,,,,,,,,,,,,,,,,,,,,1.0,0.0,9.0,rashaan gaulden,DB,Tennessee,tennessee,
Mark Andrews,,RAV,3,86,2018,Oklahoma,2015,2017,40.0,,,,,,,,,,,,,,TE,Oklahoma,,,,,,,,,,44.1,112.0,1765.0,15.8,22.0,,,,,,,,,,mark andrews,TE,Oklahoma,oklahoma,266.0
Arden Key,,RAI,3,87,2018,LSU,2015,2017,31.0,,,,,,,,,,,,,,DE,LSU,,,,,,,,,,,,,,,21.0,59.0,71.0,130.0,26.5,0.6774193548387096,,,,arden key,DE,LSU,lsu,588.0
Oren Burks,,GNB,3,88,2018,Vanderbilt,2016,2017,25.0,,,,,,,,,,,,,,LB,Vanderbilt,,,,,,,,,,,,,,,4.0,85.0,56.0,141.0,13.5,0.16,,,,oren burks,LB,Vanderbilt,vanderbilt,
Oren Burks,,GNB,3,88,2018,Vanderbilt,2014,2015,20.0,,,,,,,,,,,,,,DB,Vanderbilt,,,,,,,,,,,,,,,,,,,,,3.0,1.0,13.0,oren burks,DB,Vanderbilt,vanderbilt,
Joseph Noteboom,,RAM,3,89,2018,Texas Christian,2015,2015,13.0,,,,,,,,,,,,,,T,Texas Christian,,,,,,,,,,,,,,,,,,,,,,,,joseph noteboom,T,Texas Christian,texas christian,
Deadrin Senat,,ATL,3,90,2018,South Florida,2014,2017,48.0,,,,,,,,,,,,,,DT,South Florida,,,,,,,,,,,,,,,7.0,104.0,75.0,179.0,23.5,0.1458333333333333,,,,deadrin senat,DT,South Florida,south florida,703.0
Tre'Quan Smith,,NOR,3,91,2018,UCF,2015,2017,38.0,,,,,,,,,,,,,,WR,UCF,,,,,,,,,,72.3,168.0,2748.0,16.4,22.0,,,,,,,,,,tre quan smith,WR,UCF,ucf,
Chukwuma Okorafor,,PIT,3,92,2018,Western Michigan,2015,2015,13.0,,,,,,,,,,,,,,OL,Western Michigan,,,,,,,,,,,,,,,,,,,,,,,,chukwuma okorafor,OL,Western Michigan,western michigan,
Ronnie Harrison,,JAX,3,93,2018,Alabama,2015,2017,44.0,,,,,,,,,,,,,,DB,Alabama,,,,,,,,,,,,,,,,,,,,,7.0,1.0,17.0,ronnie harrison,DB,Alabama,alabama,
Tarvarius Moore,,SFO,3,95,2018,Southern Mississippi,2016,2017,26.0,,,,,,,,,,,,,,DB,Southern Mississippi,,,,,,,,,,,,,,,,,,,,,5.0,0.0,12.0,tarvarius moore,DB,Southern Mississippi,southern mississippi,
Harrison Phillips,,BUF,3,96,2018,Stanford,2014,2017,34.0,,,,,,,,,,,,,,DE,Stanford,,,,,,,,,,,,,,,15.0,60.0,97.0,157.0,28.0,0.4411764705882353,,,,harrison phillips,DE,Stanford,stanford,
Mason Cole,,CRD,3,97,2018,Michigan,2015,2015,13.0,,,,,,,,,,,,,,OL,Michigan,,,,,,,,,,,,,,,,,,,,,,,,mason cole,OL,Michigan,michigan,
Jordan Akins,,HTX,3,98,2018,UCF,2014,2017,41.0,,,,,,,,,,,,,,WR,UCF,,,,,,,,,,28.0,81.0,1149.0,14.2,8.0,,,,,,,,,,jordan akins,WR,UCF,ucf,
Isaac Yiadom,,DEN,3,99,2018,Boston College,2014,2017,48.0,,,,,,,,,,,,,,DB,Boston College,,,,,,,,,,,,,,,,,,,,,3.0,0.0,23.0,isaac yiadom,DB,Boston College,boston college,
Dorian O'Daniel,,KAN,3,100,2018,Clemson,2014,2017,56.0,,,,,,,,,,,,,,LB,Clemson,,,,,,,,,,,,,,,8.0,129.0,77.0,206.0,28.0,0.1428571428571428,,,,dorian o daniel,LB,Clemson,clemson,
Ian Thomas,,CAR,4,101,2018,Indiana,2016,2017,23.0,,,,,,,,,,,,,,TE,Indiana,,,,,,,,,,17.6,28.0,404.0,14.4,5.0,,,,,,,,,,ian thomas,TE,Indiana,indiana,273.0
Jalyn Holmes,,MIN,4,102,2018,Ohio State,2014,2017,48.0,,,,,,,,,,,,,,DL,Ohio State,,,,,,,,,,,,,,,5.0,40.0,44.0,84.0,14.0,0.1041666666666666,,,,jalyn holmes,DL,Ohio State,ohio state,
Keke Coutee,,HTX,4,103,2018,Texas Tech,2015,2017,38.0,,,,,,,,,,,,,,WR,Texas Tech,,,,,,,,,,63.8,159.0,2424.0,15.2,17.0,,,,,,,,,,keke coutee,WR,Texas Tech,texas tech,437.0
Nyheim Hines,,CLT,4,104,2018,North Carolina State,2016,2017,25.0,,,,,,,,,,,,,,RB,North Carolina State,46.2,210.0,1156.0,5.5,12.0,69.0,9.8,0.0,27.1,,,,,,,,,,,,,,,nyheim hines,RB,North Carolina State,north carolina state,
Nyheim Hines,,CLT,4,104,2018,North Carolina State,2015,2015,13.0,,,,,,,,,,,,,,WR,North Carolina State,,,,,,,,,,19.7,20.0,256.0,12.8,1.0,,,,,,,,,,nyheim hines,WR,North Carolina State,north carolina state,
Antonio Callaway,,CLE,4,105,2018,Florida,2015,2016,26.0,,,,,,,,,,,,,,WR,Florida,,,,,,,,,,53.8,89.0,1399.0,15.7,7.0,,,,,,,,,,antonio callaway,WR,Florida,florida,435.0
Josey Jewell,,DEN,4,106,2018,Iowa,2014,2017,50.0,,,,,,,,,,,,,,LB,Iowa,,,,,,,,,,,,,,,9.0,211.0,226.0,437.0,28.0,0.18,,,,josey jewell,LB,Iowa,iowa,
Christopher Herndon IV,,NYJ,4,107,2018,Miami (FL),2015,2017,37.0,,,,,,,,,,,,,,TE,Miami (FL),,,,,,,,,,28.3,86.0,1048.0,12.2,7.0,,,,,,,,,,christopher herndon,TE,Miami (FL),miami (fl),
Troy Apke,,WAS,4,109,2018,Penn State,2017,2017,13.0,,,,,,,,,,,,,,S,Penn State,,,,,,,,,,,,,,,,,,,,,1.0,0.0,5.0,troy apke,S,Penn State,penn state,
Nick Nelson,,RAI,4,110,2018,Wisconsin,2014,2017,37.0,,,,,,,,,,,,,,DB,HawaiiWisconsin,,,,,,,,,,,,,,,,,,,,,0.0,0.0,42.0,nick nelson,DB,Wisconsin,wisconsin,
Brian Allen,,RAM,4,111,2018,Michigan State,2015,2015,14.0,,,,,,,,,,,,,,OL,Michigan State,,,,,,,,,,,,,,,,,,,,,,,,brian allen,OL,Michigan State,michigan state,
Mark Walton,,CIN,4,112,2018,Miami (FL),2015,2017,31.0,,,,,,,,,,,,,,RB,Miami (FL),64.4,394.0,1995.0,5.1,26.0,56.0,11.1,2.0,20.1,,,,,,,,,,,,,,,mark walton,RB,Miami (FL),miami (fl),179.0
DaeSean Hamilton,,DEN,4,113,2018,Penn State,2014,2017,53.0,,,,,,,,,,,,,,WR,Penn State,,,,,,,,,,53.6,214.0,2842.0,13.3,18.0,,,,,,,,,,daesean hamilton,WR,Penn State,penn state,
Da'Shawn Hand,,DET,4,114,2018,Alabama,2014,2017,50.0,,,,,,,,,,,,,,DL,Alabama,,,,,,,,,,,,,,,10.0,30.0,41.0,71.0,15.5,0.2,,,,da shawn hand,DL,Alabama,alabama,
Joel Iyiegbuniwe,,CHI,4,115,2018,Western Kentucky,2014,2017,44.0,,,,,,,,,,,,,,LB,Western Kentucky,,,,,,,,,,,,,,,6.0,107.0,93.0,200.0,22.5,0.1363636363636363,,,,joel iyiegbuniwe,LB,Western Kentucky,western kentucky,
Dorance Armstrong Jr.,,DAL,4,116,2018,Kansas,2015,2017,36.0,,,,,,,,,,,,,,DE,Kansas,,,,,,,,,,,,,,,15.0,89.0,53.0,142.0,34.5,0.4166666666666667,,,,dorance armstrong,DE,Kansas,kansas,583.0
Jordan Whitehead,,TAM,4,117,2018,Pitt,2015,2017,31.0,,,,,,,,,,,,,,DB,Pitt,,,,,,,,,,,,,,,,,,,,,3.0,1.0,12.0,jordan whitehead,DB,Pitt,pitt,
Anthony Averett,,RAV,4,118,2018,Alabama,2015,2017,35.0,,,,,,,,,,,,,,DB,Alabama,,,,,,,,,,,,,,,,,,,,,1.0,0.0,16.0,anthony averett,DB,Alabama,alabama,
Kyzir White,,SDG,4,119,2018,West Virginia,2016,2017,25.0,,,,,,,,,,,,,,S,West Virginia,,,,,,,,,,,,,,,,,,,,,3.0,0.0,9.0,kyzir white,S,West Virginia,west virginia,
Will Dissly,,SEA,4,120,2018,Washington,2016,2017,27.0,,,,,,,,,,,,,,TE,Washington,,,,,,,,,,12.4,25.0,336.0,13.4,3.0,,,,,,,,,,will dissly,TE,Washington,washington,268.0
Will Dissly,,SEA,4,120,2018,Washington,2014,2015,18.0,,,,,,,,,,,,,,DL,Washington,,,,,,,,,,,,,,,1.0,7.0,3.0,10.0,3.0,0.0555555555555555,,,,will dissly,DL,Washington,washington,
Kenny Young,,RAV,4,122,2018,UCLA,2014,2017,51.0,,,,,,,,,,,,,,LB,UCLA,,,,,,,,,,,,,,,6.0,193.0,111.0,304.0,22.0,0.1176470588235294,,,,kenny young,LB,UCLA,ucla,
Durham Smythe,,MIA,4,123,2018,Notre Dame,2014,2017,39.0,,,,,,,,,,,,,,TE,Notre Dame,,,,,,,,,,9.8,28.0,381.0,13.6,6.0,,,,,,,,,,durham smythe,TE,Notre Dame,notre dame,272.0
Armani Watts,,KAN,4,124,2018,Texas A&M,2014,2017,47.0,,,,,,,,,,,,,,DB,Texas A&M,,,,,,,,,,,,,,,,,,,,,10.0,0.0,19.0,armani watts,DB,Texas A&M,texas a&m,
Avonte Maddox,,PHI,4,125,2018,Pitt,2014,2017,46.0,,,,,,,,,,,,,,DB,Pitt,,,,,,,,,,,,,,,,,,,,,8.0,2.0,34.0,avonte maddox,DB,Pitt,pitt,
Ito Smith,,ATL,4,126,2018,Southern Mississippi,2014,2017,52.0,,,,,,,,,,,,,,RB,Southern Mississippi,87.2,820.0,4536.0,5.5,42.0,140.0,10.3,7.0,27.8,,,,,,,,,,,,,,,ito smith,RB,Southern Mississippi,southern mississippi,
Rick Leonard,,NOR,4,127,2018,Florida State,2017,2017,13.0,,,,,,,,,,,,,,OL,Florida State,,,,,,,,,,,,,,,,,,,,,,,,rick leonard,OL,Florida State,florida state,
Rick Leonard,,NOR,4,127,2018,Florida State,2014,2015,17.0,,,,,,,,,,,,,,DE,Florida State,,,,,,,,,,,,,,,0.0,5.0,1.0,6.0,2.5,0.0,,,,rick leonard,DE,Florida State,florida state,
Kentavius Street,,SFO,4,128,2018,North Carolina State,2014,2017,51.0,,,,,,,,,,,,,,DE,North Carolina State,,,,,,,,,,,,,,,9.0,48.0,73.0,121.0,19.5,0.1764705882352941,,,,kentavius street,DE,North Carolina State,north carolina state,
Will Richardson,,JAX,4,129,2018,North Carolina State,2015,2017,22.0,,,,,,,,,,,,,,T,North Carolina State,,,,,,,,,,,,,,,,,,,,,,,,will richardson,T,North Carolina State,north carolina state,
Josh Sweat,,PHI,4,130,2018,Florida State,2015,2017,37.0,,,,,,,,,,,,,,DE,Florida State,,,,,,,,,,,,,,,14.0,77.0,61.0,138.0,29.0,0.3783783783783784,,,,josh sweat,DE,Florida State,florida state,
Kalen Ballage,,MIA,4,131,2018,Arizona State,2014,2017,47.0,,,,,,,,,,,,,,RB,Arizona State,42.2,450.0,1984.0,4.4,27.0,82.0,8.3,2.0,14.6,,,,,,,,,,,,,,,kalen ballage,RB,Arizona State,arizona state,
Jaleel Scott,,RAV,4,132,2018,New Mexico State,2016,2017,25.0,,,,,,,,,,,,,,WR,New Mexico State,,,,,,,,,,54.5,99.0,1362.0,13.8,14.0,,,,,,,,,,jaleel scott,WR,New Mexico State,new mexico state,
J'Mon Moore,,GNB,4,133,2018,Missouri,2014,2017,49.0,,,,,,,,,,,,,,WR,Missouri,,,,,,,,,,50.6,158.0,2477.0,15.7,21.0,,,,,,,,,,j mon moore,WR,Missouri,missouri,
Marquis Haynes,,CAR,4,136,2018,Ole Miss,2014,2017,50.0,,,,,,,,,,,,,,DE,Ole Miss,,,,,,,,,,,,,,,32.0,102.0,70.0,172.0,47.5,0.64,,,,marquis haynes,DE,Ole Miss,ole miss,
Dalton Schultz,,DAL,4,137,2018,Stanford,2015,2017,40.0,,,,,,,,,,,,,,TE,Stanford,,,,,,,,,,13.9,55.0,555.0,10.1,5.0,,,,,,,,,,dalton schultz,TE,Stanford,stanford,271.0
Cole Madison,,GNB,5,138,2018,Washington State,2015,2016,26.0,,,,,,,,,,,,,,OL,Washington State,,,,,,,,,,,,,,,,,,,,,,,,cole madison,OL,Washington State,washington state,
RJ McIntosh,,NYG,5,139,2018,Miami (FL),2015,2017,31.0,,,,,,,,,,,,,,DL,Miami (FL),,,,,,,,,,,,,,,5.0,51.0,52.0,103.0,23.0,0.1612903225806451,,,,rj mcintosh,DL,Miami (FL),miami (fl),
Maurice Hurst Jr.,,RAI,5,140,2018,Michigan,2014,2017,46.0,,,,,,,,,,,,,,DT,Michigan,,,,,,,,,,,,,,,12.0,64.0,68.0,132.0,33.5,0.2608695652173913,,,,maurice hurst,DT,Michigan,michigan,697.0
Shaquem Griffin,,SEA,5,141,2018,UCF,2016,2017,26.0,,,,,,,,,,,,,,LB,UCF,,,,,,,,,,,,,,,18.0,101.0,65.0,166.0,33.5,0.6923076923076923,,,,shaquem griffin,LB,UCF,ucf,
Shaquem Griffin,,SEA,5,141,2018,UCF,2013,2015,15.0,,,,,,,,,,,,,,DB,UCF,,,,,,,,,,,,,,,,,,,,,0.0,0.0,1.0,shaquem griffin,DB,UCF,ucf,
D.J Reed,,SFO,5,142,2018,Kansas State,2016,2017,24.0,,,,,,,,,,,,,,DB,Kansas State,,,,,,,,,,,,,,,,,,,,,7.0,1.0,25.0,d j reed,DB,Kansas State,kansas state,
Jawhan Bentley,,NWE,5,143,2018,Purdue,2014,2017,38.0,,,,,,,,,,,,,,LB,Purdue,,,,,,,,,,,,,,,1.0,160.0,112.0,272.0,29.5,0.0263157894736842,,,,jawhan bentley,LB,Purdue,purdue,
Tre Flowers,,SEA,5,146,2018,Oklahoma State,2014,2017,51.0,,,,,,,,,,,,,,S,Oklahoma State,,,,,,,,,,,,,,,,,,,,,4.0,0.0,25.0,tre flowers,S,Oklahoma State,oklahoma state,
Micah Kiser,,RAM,5,147,2018,Virginia,2014,2017,49.0,,,,,,,,,,,,,,LB,Virginia,,,,,,,,,,,,,,,19.0,188.0,223.0,411.0,32.5,0.3877551020408163,,,,micah kiser,LB,Virginia,virginia,
Marcus Allen,,PIT,5,148,2018,Penn State,2014,2017,52.0,,,,,,,,,,,,,,S,Penn State,,,,,,,,,,,,,,,,,,,,,1.0,0.0,11.0,marcus allen,S,Penn State,penn state,
Genard Avery,,CLE,5,150,2018,Memphis,2014,2017,50.0,,,,,,,,,,,,,,LB,Memphis,,,,,,,,,,,,,,,21.0,170.0,63.0,233.0,45.5,0.42,,,,genard avery,LB,Memphis,memphis,
Dane Cruikshank,,OTI,5,152,2018,Arizona,2016,2017,25.0,,,,,,,,,,,,,,CB,Arizona,,,,,,,,,,,,,,,,,,,,,5.0,0.0,12.0,dane cruikshank,CB,Arizona,arizona,
Tyrell Crosby,,DET,5,153,2018,Oregon,2015,2015,13.0,,,,,,,,,,,,,,OL,Oregon,,,,,,,,,,,,,,,,,,,,,,,,tyrell crosby,OL,Oregon,oregon,
Scott Quessenberry,,SDG,5,155,2018,UCLA,2016,2016,12.0,,,,,,,,,,,,,,OL,UCLA,,,,,,,,,,,,,,,,,,,,,,,,scott quessenberry,OL,UCLA,ucla,
Troy Fumagalli,,DEN,5,156,2018,Wisconsin,2014,2017,52.0,,,,,,,,,,,,,,TE,Wisconsin,,,,,,,,,,31.3,135.0,1627.0,12.1,7.0,,,,,,,,,,troy fumagalli,TE,Wisconsin,wisconsin,269.0
Tyler Conklin,,MIN,5,157,2018,Central Michigan,2015,2017,34.0,,,,,,,,,,,,,,TE,Central Michigan,,,,,,,,,,34.1,83.0,1159.0,14.0,11.0,,,,,,,,,,tyler conklin,TE,Central Michigan,central michigan,267.0
Andrew Brown,,CIN,5,158,2018,Virginia,2014,2017,41.0,,,,,,,,,,,,,,DT,Virginia,,,,,,,,,,,,,,,10.0,42.0,52.0,94.0,26.5,0.2439024390243902,,,,andrew brown,DT,Virginia,virginia,
Ogbonnia Okoronkwo,,RAM,5,160,2018,Oklahoma,2014,2017,46.0,,,,,,,,,,,,,,DE,Oklahoma,,,,,,,,,,,,,,,20.0,105.0,58.0,163.0,33.5,0.4347826086956521,,,,ogbonnia okoronkwo,DE,Oklahoma,oklahoma,589.0
Jermaine Carter Jr.,,CAR,5,161,2018,Maryland,2014,2017,50.0,,,,,,,,,,,,,,LB,Maryland,,,,,,,,,,,,,,,9.0,193.0,137.0,330.0,29.0,0.18,,,,jermaine carter,LB,Maryland,maryland,
Jordan Lasley,,RAV,5,162,2018,UCLA,2015,2017,29.0,,,,,,,,,,,,,,WR,UCLA,,,,,,,,,,65.6,113.0,1901.0,16.8,14.0,,,,,,,,,,jordan lasley,WR,UCLA,ucla,438.0
Tim Settle,,WAS,5,163,2018,Virginia Tech,2016,2017,27.0,,,,,,,,,,,,,,DT,Virginia Tech,,,,,,,,,,,,,,,4.0,28.0,25.0,53.0,19.5,0.1481481481481481,,,,tim settle,DT,Virginia Tech,virginia tech,704.0
Natrell Jamerson,,NOR,5,164,2018,Wisconsin,2014,2014,12.0,,,,,,,,,,,,,,WR,Wisconsin,,,,,,,,,,0.0,0.0,0.0,,0.0,,,,,,,,,,natrell jamerson,WR,Wisconsin,wisconsin,
Natrell Jamerson,,NOR,5,164,2018,Wisconsin,2015,2017,35.0,,,,,,,,,,,,,,CB,Wisconsin,,,,,,,,,,,,,,,,,,,,,2.0,1.0,14.0,natrell jamerson,CB,Wisconsin,wisconsin,
Jaylen Samuels,,PIT,5,165,2018,North Carolina State,2014,2017,52.0,,,,,,,,,,,,,,TE,North Carolina State,,,,,,,,,,35.7,202.0,1855.0,9.2,19.0,,,,,,,,,,jaylen samuels,TE,North Carolina State,north carolina state,
Wyatt Teller,,BUF,5,166,2018,Virginia Tech,2015,2017,26.0,,,,,,,,,,,,,,OL,Virginia Tech,,,,,,,,,,,,,,,,,,,,,,,,wyatt teller,OL,Virginia Tech,virginia tech,
Jamarco Jones,,SEA,5,168,2018,Ohio State,2014,2016,29.0,,,,,,,,,,,,,,OL,Ohio State,,,,,,,,,,,,,,,,,,,,,,,,jamarco jones,OL,Ohio State,ohio state,
Jordan Wilkins,,CLT,5,169,2018,Ole Miss,2014,2017,38.0,,,,,,,,,,,,,,RB,Ole Miss,46.1,279.0,1751.0,6.3,14.0,32.0,10.1,1.0,8.5,,,,,,,,,,,,,,,jordan wilkins,RB,Ole Miss,ole miss,
Darius Phillips,,CIN,5,170,2018,Western Michigan,2014,2014,12.0,,,,,,,,,,,,,,WR,Western Michigan,,,,,,,,,,39.9,32.0,479.0,15.0,2.0,,,,,,,,,,darius phillips,WR,Western Michigan,western michigan,
Darius Phillips,,CIN,5,170,2018,Western Michigan,2015,2017,39.0,,,,,,,,,,,,,,CB,Western Michigan,,,,,,,,,,,,,,,,,,,,,12.0,5.0,35.0,darius phillips,CB,Western Michigan,western michigan,845.0
Mike White,142.9,DAL,5,171,2018,Western Kentucky,2013,2017,44.0,863.0,1393.0,530.0,62.0,11262.0,74.0,31.0,5.3,2.2,8.1,8.15,13.0,256.0,QB,South FloridaWestern Kentucky,,,,,,,,,,,,,,,,,,,,,,,,mike white,QB,Western Kentucky,western kentucky,59.0
Marquez Valdes-Scantling,,GNB,5,174,2018,South Florida,2013,2017,45.0,,,,,,,,,,,,,,WR,North Carolina StateSouth Florida,,,,,,,,,,40.7,119.0,1832.0,15.4,12.0,,,,,,,,,,marquez valdes scantling,WR,South Florida,south florida,444.0
Damion Ratley,,CLE,6,175,2018,Texas A&M,2015,2017,36.0,,,,,,,,,,,,,,WR,Texas A&M,,,,,,,,,,25.6,47.0,920.0,19.6,8.0,,,,,,,,,,damion ratley,WR,Texas A&M,texas a&m,
John Kelly,,RAM,6,176,2018,Tennessee,2015,2017,33.0,,,,,,,,,,,,,,RB,Tennessee,47.7,327.0,1573.0,4.8,15.0,43.0,8.1,0.0,10.6,,,,,,,,,,,,,,,john kelly,RB,Tennessee,tennessee,176.0
Duke Ejiofor,,HTX,6,177,2018,Wake Forest,2014,2017,42.0,,,,,,,,,,,,,,DE,Wake Forest,,,,,,,,,,,,,,,23.0,79.0,54.0,133.0,43.0,0.5476190476190477,,,,duke ejiofor,DE,Wake Forest,wake forest,586.0
Christian Sam,,NWE,6,178,2018,Arizona State,2014,2017,40.0,,,,,,,,,,,,,,LB,Arizona State,,,,,,,,,,,,,,,7.0,167.0,74.0,241.0,17.0,0.175,,,,christian sam,LB,Arizona State,arizona state,
Parry Nickerson,,NYJ,6,179,2018,Tulane,2013,2017,48.0,,,,,,,,,,,,,,CB,Tulane,,,,,,,,,,,,,,,,,,,,,16.0,1.0,31.0,parry nickerson,CB,Tulane,tulane,843.0
Folorunso Fatukasi,,NYJ,6,180,2018,Connecticut,2014,2017,48.0,,,,,,,,,,,,,,DL,Connecticut,,,,,,,,,,,,,,,14.0,103.0,67.0,170.0,21.0,0.2916666666666667,,,,folorunso fatukasi,DL,Connecticut,connecticut,
Kylie Fitts,,CHI,6,181,2018,Utah,2013,2017,26.0,,,,,,,,,,,,,,DE,UCLAUtah,,,,,,,,,,,,,,,11.0,38.0,31.0,69.0,15.0,0.4230769230769231,,,,kylie fitts,DE,Utah,utah,587.0
Christian Campbell,,CRD,6,182,2018,Penn State,2014,2017,44.0,,,,,,,,,,,,,,CB,Penn State,,,,,,,,,,,,,,,,,,,,,3.0,0.0,22.0,christian campbell,CB,Penn State,penn state,
Sam Jones,,DEN,6,183,2018,Arizona State,2015,2015,12.0,,,,,,,,,,,,,,OL,Arizona State,,,,,,,,,,,,,,,,,,,,,,,,sam jones,OL,Arizona State,arizona state,
Marcell Harris,,SFO,6,184,2018,Florida,2014,2016,37.0,,,,,,,,,,,,,,DB,Florida,,,,,,,,,,,,,,,,,,,,,2.0,0.0,1.0,marcell harris,DB,Florida,florida,
Deon Cain,,CLT,6,185,2018,Clemson,2015,2017,42.0,,,,,,,,,,,,,,WR,Clemson,,,,,,,,,,48.6,130.0,2040.0,15.7,20.0,,,,,,,,,,deon cain,WR,Clemson,clemson,434.0
Jacob Martin,,SEA,6,186,2018,Temple,2014,2017,50.0,,,,,,,,,,,,,,DL,Temple,,,,,,,,,,,,,,,11.0,42.0,38.0,80.0,17.5,0.22,,,,jacob martin,DL,Temple,temple,
Ray-Ray McCloud,,BUF,6,187,2018,Clemson,2015,2017,40.0,,,,,,,,,,,,,,WR,Clemson,,,,,,,,,,30.7,127.0,1226.0,9.7,4.0,,,,,,,,,,ray ray mccloud,WR,Clemson,clemson,439.0
Simeon Thomas,,CLE,6,188,2018,Louisiana,2013,2017,26.0,,,,,,,,,,,,,,CB,Louisiana,,,,,,,,,,,,,,,,,,,,,2.0,0.0,19.0,simeon thomas,CB,Louisiana,louisiana,
Kamrin Moore,,NOR,6,189,2018,Boston College,2014,2017,44.0,,,,,,,,,,,,,,DB,Boston College,,,,,,,,,,,,,,,,,,,,,2.0,0.0,22.0,kamrin moore,DB,Boston College,boston college,
DeShon Elliott,,RAV,6,190,2018,Texas,2015,2017,30.0,,,,,,,,,,,,,,S,Texas,,,,,,,,,,,,,,,,,,,,,9.0,2.0,14.0,deshon elliott,S,Texas,texas,
Dylan Cantrell,,SDG,6,191,2018,Texas Tech,2013,2017,41.0,,,,,,,,,,,,,,WR,Texas Tech,,,,,,,,,,45.7,158.0,1873.0,11.9,18.0,,,,,,,,,,dylan cantrell,WR,Texas Tech,texas tech,436.0
Chris Covington,,DAL,6,193,2018,Indiana,2014,2017,37.0,,,,,,,,,,,,,,LB,Indiana,,,,,,,,,,,,,,,5.0,70.0,48.0,118.0,15.0,0.1351351351351351,,,,chris covington,LB,Indiana,indiana,
Russell Gage,,ATL,6,194,2018,LSU,2016,2017,24.0,,,,,,,,,,,,,,WR,LSU,,,,,,,,,,14.5,26.0,347.0,13.3,4.0,,,,,,,,,,russell gage,WR,LSU,lsu,
Russell Gage,,ATL,6,194,2018,LSU,2014,2015,3.0,,,,,,,,,,,,,,DB,LSU,,,,,,,,,,,,,,,,,,,,,0.0,0.0,0.0,russell gage,DB,LSU,lsu,
Sebastian Joseph,,RAM,6,195,2018,Rutgers,2013,2017,50.0,,,,,,,,,,,,,,DL,Rutgers,,,,,,,,,,,,,,,3.0,44.0,53.0,97.0,14.5,0.06,,,,sebastian joseph,DL,Rutgers,rutgers,
Shaun Dion Hamilton,,WAS,6,197,2018,Alabama,2014,2017,51.0,,,,,,,,,,,,,,LB,Alabama,,,,,,,,,,,,,,,4.0,65.0,69.0,134.0,16.0,0.0784313725490196,,,,shaun dion hamilton,LB,Alabama,alabama,
Kahlil McKenzie,,KAN,6,198,2018,Tennessee,2015,2016,15.0,,,,,,,,,,,,,,DL,Tennessee,,,,,,,,,,,,,,,1.0,14.0,22.0,36.0,1.5,0.0666666666666666,,,,kahlil mckenzie,DL,Tennessee,tennessee,
Luke Falk,142.8,OTI,6,199,2018,Washington State,2014,2017,42.0,1404.0,2055.0,651.0,68.3,14486.0,119.0,39.0,5.8,1.9,7.0,7.35,10.3,344.9,QB,Washington State,,,,,,,,,,,,,,,,,,,,,,,,luke falk,QB,Washington State,washington state,
Boston Scott,,NOR,6,201,2018,Louisiana Tech,2013,2017,40.0,,,,,,,,,,,,,,RB,Louisiana Tech,45.8,287.0,1833.0,6.4,14.0,32.0,9.6,1.0,7.7,,,,,,,,,,,,,,,boston scott,RB,Louisiana Tech,louisiana tech,
Jack Cichy,,TAM,6,202,2018,Wisconsin,2013,2016,21.0,,,,,,,,,,,,,,LB,Wisconsin,,,,,,,,,,,,,,,6.0,78.0,43.0,121.0,15.0,0.2857142857142857,,,,jack cichy,LB,Wisconsin,wisconsin,
Tanner Lee,117.1,JAX,6,203,2018,Nebraska,2014,2017,31.0,574.0,1040.0,466.0,55.2,6744.0,46.0,37.0,4.4,3.6,6.5,5.77,11.7,217.5,QB,NebraskaTulane,,,,,,,,,,,,,,,,,,,,,,,,tanner lee,QB,Nebraska,nebraska,56.0
Trevon Young,,RAM,6,205,2018,Louisville,2014,2017,36.0,,,,,,,,,,,,,,DE,Louisville,,,,,,,,,,,,,,,14.0,62.0,39.0,101.0,24.0,0.3888888888888889,,,,trevon young,DE,Louisville,louisville,592.0
Matt Pryor,,PHI,6,206,2018,Texas Christian,2015,2017,26.0,,,,,,,,,,,,,,T,Texas Christian,,,,,,,,,,,,,,,,,,,,,,,,matt pryor,T,Texas Christian,texas christian,
Equanimeous St. Brown,,GNB,6,207,2018,Notre Dame,2015,2017,32.0,,,,,,,,,,,,,,WR,Notre Dame,,,,,,,,,,46.4,92.0,1484.0,16.1,13.0,,,,,,,,,,equanimeous st brown,WR,Notre Dame,notre dame,443.0
Cornell Armstrong,,MIA,6,209,2018,Southern Mississippi,2014,2017,47.0,,,,,,,,,,,,,,DB,Southern Mississippi,,,,,,,,,,,,,,,,,,,,,5.0,1.0,29.0,cornell armstrong,DB,Southern Mississippi,southern mississippi,
Braxton Berrios,,NWE,6,210,2018,Miami (FL),2014,2017,49.0,,,,,,,,,,,,,,WR,Miami (FL),,,,,,,,,,24.0,100.0,1175.0,11.8,14.0,,,,,,,,,,braxton berrios,WR,Miami (FL),miami (fl),433.0
Jordan Thomas,,HTX,6,211,2018,Mississippi State,2016,2017,25.0,,,,,,,,,,,,,,TE,Mississippi State,,,,,,,,,,12.4,31.0,311.0,10.0,4.0,,,,,,,,,,jordan thomas,TE,Mississippi State,mississippi state,
Colby Gossett,,MIN,6,213,2018,Appalachian State,2015,2017,26.0,,,,,,,,,,,,,,OL,Appalachian State,,,,,,,,,,,,,,,,,,,,,,,,colby gossett,OL,Appalachian State,appalachian state,
Peter Kalambayi,,HTX,6,214,2018,Stanford,2014,2017,54.0,,,,,,,,,,,,,,LB,Stanford,,,,,,,,,,,,,,,18.0,111.0,79.0,190.0,28.0,0.3333333333333333,,,,peter kalambayi,LB,Stanford,stanford,
Bradley Bozeman,,RAV,6,215,2018,Alabama,2015,2015,15.0,,,,,,,,,,,,,,OL,Alabama,,,,,,,,,,,,,,,,,,,,,,,,bradley bozeman,OL,Alabama,alabama,
Azeem Victor,,RAI,6,216,2018,Washington,2014,2017,43.0,,,,,,,,,,,,,,LB,Washington,,,,,,,,,,,,,,,3.0,129.0,68.0,197.0,14.0,0.0697674418604651,,,,azeem victor,LB,Washington,washington,
Keishawn Bierria,,DEN,6,217,2018,Washington,2014,2017,54.0,,,,,,,,,,,,,,LB,Washington,,,,,,,,,,,,,,,7.0,155.0,87.0,242.0,19.5,0.1296296296296296,,,,keishawn bierria,LB,Washington,washington,
Ade Aruna,,MIN,6,218,2018,Tulane,2014,2017,44.0,,,,,,,,,,,,,,DE,Tulane,,,,,,,,,,,,,,,12.0,71.0,36.0,107.0,19.0,0.2727272727272727,,,,ade aruna,DE,Tulane,tulane,584.0
Danny Etling,129.6,NWE,7,219,2018,LSU,2013,2017,37.0,563.0,973.0,410.0,57.9,7076.0,43.0,19.0,4.4,2.0,7.3,7.28,12.6,191.2,QB,LSUPurdue,,,,,,,,,,,,,,,,,,,,,,,,danny etling,QB,LSU,lsu,53.0
Alex McGough,128.1,SEA,7,220,2018,Florida International,2014,2017,46.0,806.0,1335.0,529.0,60.4,9091.0,65.0,37.0,4.9,2.8,6.8,6.54,11.3,197.6,QB,Florida International,,,,,,,,,,,,,,,,,,,,,,,,alex mcgough,QB,Florida International,florida international,
Matthew Adams,,CLT,7,221,2018,Houston,2014,2017,48.0,,,,,,,,,,,,,,LB,Houston,,,,,,,,,,,,,,,7.0,161.0,98.0,259.0,21.0,0.1458333333333333,,,,matthew adams,LB,Houston,houston,
Jermaine Kelly,,HTX,7,222,2018,San Jose State,2014,2017,27.0,,,,,,,,,,,,,,DB,San Jose StateWashington,,,,,,,,,,,,,,,,,,,,,1.0,1.0,17.0,jermaine kelly,DB,San Jose State,san jose state,
Jullian Taylor,,SFO,7,223,2018,Temple,2014,2017,18.0,,,,,,,,,,,,,,DL,Temple,,,,,,,,,,,,,,,1.0,29.0,23.0,52.0,11.5,0.0555555555555555,,,,jullian taylor,DL,Temple,temple,
Javon Wims,,CHI,7,224,2018,Georgia,2016,2017,27.0,,,,,,,,,,,,,,WR,Georgia,,,,,,,,,,33.7,62.0,910.0,14.7,8.0,,,,,,,,,,javon wims,WR,Georgia,georgia,445.0
Devante Downs,,MIN,7,225,2018,California,2014,2017,40.0,,,,,,,,,,,,,,LB,California,,,,,,,,,,,,,,,8.0,108.0,104.0,212.0,14.5,0.2,,,,devante downs,LB,California,california,
David Williams,,DEN,7,226,2018,Arkansas,2014,2017,50.0,,,,,,,,,,,,,,RB,ArkansasSouth Carolina,29.0,304.0,1450.0,4.8,13.0,37.0,11.8,2.0,8.7,,,,,,,,,,,,,,,david williams,RB,Arkansas,arkansas,
Quentin Poling,,MIA,7,227,2018,Ohio,2014,2017,50.0,,,,,,,,,,,,,,LB,Ohio,,,,,,,,,,,,,,,18.0,216.0,159.0,375.0,44.0,0.36,,,,quentin poling,LB,Ohio,ohio,
Marcell Ateman,,RAI,7,228,2018,Oklahoma State,2013,2017,48.0,,,,,,,,,,,,,,WR,Oklahoma State,,,,,,,,,,51.4,146.0,2466.0,16.9,13.0,,,,,,,,,,marcell ateman,WR,Oklahoma State,oklahoma state,
Leon Jacobs,,JAX,7,230,2018,Wisconsin,2016,2016,14.0,,,,,,,,,,,,,,FB,Wisconsin,0.0,0.0,0.0,,0.0,0.0,,0.0,0.0,,,,,,,,,,,,,,,leon jacobs,FB,Wisconsin,wisconsin,
Leon Jacobs,,JAX,7,230,2018,Wisconsin,2013,2017,38.0,,,,,,,,,,,,,,LB,Wisconsin,,,,,,,,,,,,,,,5.0,62.0,43.0,105.0,14.5,0.131578947368421,,,,leon jacobs,LB,Wisconsin,wisconsin,
Travin Howard,,RAM,7,231,2018,Texas Christian,2016,2017,25.0,,,,,,,,,,,,,,LB,Texas Christian,,,,,,,,,,,,,,,2.0,132.0,106.0,238.0,11.0,0.08,,,,travin howard,LB,Texas Christian,texas christian,
Travin Howard,,RAM,7,231,2018,Texas Christian,2015,2015,13.0,,,,,,,,,,,,,,S,Texas Christian,,,,,,,,,,,,,,,,,,,,,1.0,0.0,2.0,travin howard,S,Texas Christian,texas christian,
James Looney,,GNB,7,232,2018,California,2013,2017,40.0,,,,,,,,,,,,,,DE,CaliforniaWake Forest,,,,,,,,,,,,,,,8.0,56.0,77.0,133.0,21.0,0.2,,,,james looney,DE,California,california,
Andre Smith,,CAR,7,234,2018,North Carolina,2015,2017,29.0,,,,,,,,,,,,,,LB,North Carolina,,,,,,,,,,,,,,,2.0,90.0,97.0,187.0,8.5,0.0689655172413793,,,,andre smith,LB,North Carolina,north carolina,
Zaire Franklin,,CLT,7,235,2018,Syracuse,2014,2017,48.0,,,,,,,,,,,,,,LB,Syracuse,,,,,,,,,,,,,,,8.0,187.0,124.0,311.0,31.5,0.1666666666666666,,,,zaire franklin,LB,Syracuse,syracuse,
Bo Scarbrough,,DAL,7,236,2018,Alabama,2015,2017,34.0,,,,,,,,,,,,,,RB,Alabama,44.5,267.0,1512.0,5.7,20.0,21.0,6.2,0.0,3.9,,,,,,,,,,,,,,,bo scarbrough,RB,Alabama,alabama,178.0
Nick Bawden,64.9,DET,7,237,2018,San Diego State,2014,2014,6.0,13.0,38.0,25.0,34.2,147.0,1.0,2.0,2.6,5.3,3.9,2.03,11.3,24.5,QB,San Diego State,,,,,,,,,,,,,,,,,,,,,,,,nick bawden,QB,San Diego State,san diego state,
Nick Bawden,,DET,7,237,2018,San Diego State,2015,2017,34.0,,,,,,,,,,,,,,FB,San Diego State,0.1,1.0,4.0,4.0,0.0,30.0,8.0,1.0,7.1,,,,,,,,,,,,,,,nick bawden,FB,San Diego State,san diego state,
Hunter Bradley,,GNB,7,239,2018,Mississippi State,2014,2014,3.0,,,,,,,,,,,,,,TE,Mississippi State,,,,,,,,,,0.0,0.0,0.0,,0.0,,,,,,,,,,hunter bradley,TE,Mississippi State,mississippi state,
Hunter Bradley,,GNB,7,239,2018,Mississippi State,2015,2015,12.0,,,,,,,,,,,,,,LS,Mississippi State,,,,,,,,,,,,,,,,,,,,,0.0,0.0,0.0,hunter bradley,LS,Mississippi State,mississippi state,
Richie James,,SFO,7,240,2018,Middle Tennessee State,2015,2017,31.0,,,,,,,,,,,,,,WR,Middle Tennessee State,,,,,,,,,,105.2,244.0,3261.0,13.4,23.0,,,,,,,,,,richie james,WR,Middle Tennessee State,middle tennessee state,
Greg Stroman,,WAS,7,241,2018,Virginia Tech,2015,2015,13.0,,,,,,,,,,,,,,WR,Virginia Tech,,,,,,,,,,0.0,0.0,0.0,,0.0,,,,,,,,,,greg stroman,WR,Virginia Tech,virginia tech,
Greg Stroman,,WAS,7,241,2018,Virginia Tech,2014,2017,37.0,,,,,,,,,,,,,,CB,Virginia Tech,,,,,,,,,,,,,,,,,,,,,7.0,1.0,22.0,greg stroman,CB,Virginia Tech,virginia tech,847.0
Kendrick Norton,,CAR,7,242,2018,Miami (FL),2015,2017,38.0,,,,,,,,,,,,,,DL,Miami (FL),,,,,,,,,,,,,,,5.0,45.0,39.0,84.0,18.0,0.131578947368421,,,,kendrick norton,DL,Miami (FL),miami (fl),
Justin Lawler,,RAM,7,244,2018,SMU,2014,2017,49.0,,,,,,,,,,,,,,DE,SMU,,,,,,,,,,,,,,,20.0,143.0,84.0,227.0,40.5,0.4081632653061224,,,,justin lawler,DE,SMU,smu,
William Clapp,,NOR,7,245,2018,LSU,2015,2015,12.0,,,,,,,,,,,,,,C,LSU,,,,,,,,,,,,,,,,,,,,,,,,william clapp,C,LSU,lsu,
Joshua Frazier,,PIT,7,246,2018,Alabama,2014,2017,39.0,,,,,,,,,,,,,,DL,Alabama,,,,,,,,,,,,,,,2.0,11.0,17.0,28.0,4.5,0.0512820512820512,,,,joshua frazier,DL,Alabama,alabama,
Logan Woodside,162.9,CIN,7,249,2018,Toledo,2013,2017,44.0,759.0,1166.0,407.0,65.1,10514.0,93.0,25.0,8.0,2.1,9.0,9.65,13.9,239.0,QB,Toledo,,,,,,,,,,,,,,,,,,,,,,,,logan woodside,QB,Toledo,toledo,60.0
Ryan Izzo,,NWE,7,250,2018,Florida State,2014,2017,41.0,,,,,,,,,,,,,,TE,Florida State,,,,,,,,,,18.6,54.0,761.0,14.1,6.0,,,,,,,,,,ryan izzo,TE,Florida State,florida state,
Justin Jackson,,SDG,7,251,2018,Northwestern,2014,2017,51.0,,,,,,,,,,,,,,RB,Northwestern,106.7,1142.0,5440.0,4.8,41.0,122.0,7.0,1.0,16.8,,,,,,,,,,,,,,,justin jackson,RB,Northwestern,northwestern,174.0
Rod Taylor,,CIN,7,252,2018,Ole Miss,2015,2015,10.0,,,,,,,,,,,,,,OL,Ole Miss,,,,,,,,,,,,,,,,,,,,,,,,rod taylor,OL,Ole Miss,ole miss,
Auden Tate,,CIN,7,253,2018,Florida State,2015,2017,30.0,,,,,,,,,,,,,,WR,Florida State,,,,,,,,,,31.9,65.0,957.0,14.7,16.0,,,,,,,,,,auden tate,WR,Florida State,florida state,
Korey Cunningham,,CRD,7,254,2018,Cincinnati,2015,2015,9.0,,,,,,,,,,,,,,OL,Cincinnati,,,,,,,,,,,,,,,,,,,,,,,,korey cunningham,OL,Cincinnati,cincinnati,
Austin Proehl,,BUF,7,255,2018,North Carolina,2014,2017,43.0,,,,,,,,,,,,,,WR,North Carolina,,,,,,,,,,29.4,91.0,1265.0,13.9,5.0,,,,,,,,,,austin proehl,WR,North Carolina,north carolina,
Trey Quinn,,WAS,7,256,2018,SMU,2014,2017,38.0,,,,,,,,,,,,,,WR,LSUSMU,,,,,,,,,,39.8,136.0,1512.0,11.1,13.0,,,,,,,,,,trey quinn,WR,SMU,smu,
Kyler Murray,181.3,CRD,1,1,2019,Oklahoma,2015,2018,29.0,350.0,519.0,169.0,67.4,5406.0,50.0,14.0,9.6,2.7,10.4,11.13,15.4,186.4,QB,OklahomaTexas A&M,,,,,,,,,,,,,,,,,,,,,,,,kyler murray,QB,Oklahoma,oklahoma,64.0
Nick Bosa,,SFO,1,2,2019,Ohio State,2016,2018,30.0,,,,,,,,,,,,,,DE,Ohio State,,,,,,,,,,,,,,,17.0,47.0,30.0,77.0,29.0,0.5666666666666667,,,,nick bosa,DE,Ohio State,ohio state,
Quinnen Williams,,NYJ,1,3,2019,Alabama,2017,2018,29.0,,,,,,,,,,,,,,DL,Alabama,,,,,,,,,,,,,,,10.0,56.0,35.0,91.0,26.0,0.3448275862068966,,,,quinnen williams,DL,Alabama,alabama,
Clelin Ferrell,,RAI,1,4,2019,Clemson,2015,2018,45.0,,,,,,,,,,,,,,DE,Clemson,,,,,,,,,,,,,,,27.0,84.0,81.0,165.0,50.0,0.6,,,,clelin ferrell,DE,Clemson,clemson,596.0
Devin White,,TAM,1,5,2019,LSU,2016,2018,38.0,,,,,,,,,,,,,,LB,LSU,,,,,,,,,,,,,,,8.0,114.0,172.0,286.0,29.0,0.2105263157894736,,,,devin white,LB,LSU,lsu,
Daniel Jones,122.9,NYG,1,6,2019,Duke,2016,2018,36.0,764.0,1275.0,511.0,59.9,8201.0,52.0,29.0,4.1,2.3,6.4,6.22,10.7,227.8,QB,Duke,,,,,,,,,,,,,,,,,,,,,,,,daniel jones,QB,Duke,duke,62.0
Josh Allen,,JAX,1,7,2019,Kentucky,2015,2018,51.0,,,,,,,,,,,,,,LB,Kentucky,,,,,,,,,,,,,,,31.0,120.0,99.0,219.0,41.0,0.6078431372549019,,,,josh allen,LB,Kentucky,kentucky,
T.J. Hockenson,,DET,1,8,2019,Iowa,2017,2018,26.0,,,,,,,,,,,,,,TE,Iowa,,,,,,,,,,41.5,73.0,1080.0,14.8,9.0,,,,,,,,,,t j hockenson,TE,Iowa,iowa,276.0
Ed Oliver,,BUF,1,9,2019,Houston,2016,2018,33.0,,,,,,,,,,,,,,DT,Houston,,,,,,,,,,,,,,,13.0,123.0,70.0,193.0,53.5,0.3939393939393939,,,,ed oliver,DT,Houston,houston,712.0
Devin Bush,,PIT,1,10,2019,Michigan,2016,2018,38.0,,,,,,,,,,,,,,LB,Michigan,,,,,,,,,,,,,,,10.0,83.0,108.0,191.0,19.0,0.2631578947368421,,,,devin bush,LB,Michigan,michigan,
Rashan Gary,,GNB,1,12,2019,Michigan,2016,2018,35.0,,,,,,,,,,,,,,DE,Michigan,,,,,,,,,,,,,,,10.0,55.0,81.0,136.0,24.5,0.2857142857142857,,,,rashan gary,DE,Michigan,michigan,
Christian Wilkins,,MIA,1,13,2019,Clemson,2015,2018,58.0,,,,,,,,,,,,,,DT,Clemson,,,,,,,,,,,,,,,16.0,94.0,97.0,191.0,41.0,0.2758620689655172,,,,christian wilkins,DT,Clemson,clemson,718.0
Chris Lindstrom,,ATL,1,14,2019,Boston College,2015,2018,37.0,,,,,,,,,,,,,,OL,Boston College,,,,,,,,,,,,,,,,,,,,,,,,chris lindstrom,OL,Boston College,boston college,
Dwayne Haskins,174.0,WAS,1,15,2019,Ohio State,2017,2018,22.0,413.0,590.0,177.0,70.0,5396.0,54.0,9.0,9.2,1.5,9.1,10.29,13.1,245.3,QB,Ohio State,,,,,,,,,,,,,,,,,,,,,,,,dwayne haskins,QB,Ohio State,ohio state,
Brian Burns,,CAR,1,16,2019,Florida State,2016,2018,38.0,,,,,,,,,,,,,,DE,Florida State,,,,,,,,,,,,,,,24.0,72.0,52.0,124.0,39.5,0.631578947368421,,,,brian burns,DE,Florida State,florida state,
Dexter Lawrence,,NYG,1,17,2019,Clemson,2016,2018,40.0,,,,,,,,,,,,,,DT,Clemson,,,,,,,,,,,,,,,11.0,53.0,81.0,134.0,20.0,0.275,,,,dexter lawrence,DT,Clemson,clemson,711.0
Garrett Bradbury,,MIN,1,18,2019,North Carolina State,2014,2014,2.0,,,,,,,,,,,,,,TE,North Carolina State,,,,,,,,,,0.0,0.0,0.0,,0.0,,,,,,,,,,garrett bradbury,TE,North Carolina State,north carolina state,
Garrett Bradbury,,MIN,1,18,2019,North Carolina State,2015,2018,37.0,,,,,,,,,,,,,,G,North Carolina State,,,,,,,,,,,,,,,,,,,,,,,,garrett bradbury,G,North Carolina State,north carolina state,
Jeffery Simmons,,OTI,1,19,2019,Mississippi State,2016,2018,38.0,,,,,,,,,,,,,,DL,Mississippi State,,,,,,,,,,,,,,,7.0,59.0,104.0,163.0,32.5,0.1842105263157894,,,,jeffery simmons,DL,Mississippi State,mississippi state,
Noah Fant,,DEN,1,20,2019,Iowa,2016,2018,35.0,,,,,,,,,,,,,,TE,Iowa,,,,,,,,,,30.9,78.0,1083.0,13.9,19.0,,,,,,,,,,noah fant,TE,Iowa,iowa,274.0
Darnell Savage Jr.,,GNB,1,21,2019,Maryland,2015,2018,46.0,,,,,,,,,,,,,,DB,Maryland,,,,,,,,,,,,,,,,,,,,,8.0,2.0,14.0,darnell savage,DB,Maryland,maryland,
Andre Dillard,,PHI,1,22,2019,Washington State,2015,2018,28.0,,,,,,,,,,,,,,OL,Washington State,,,,,,,,,,,,,,,,,,,,,,,,andre dillard,OL,Washington State,washington state,
Joshua Jacobs,,RAI,1,24,2019,Alabama,2016,2018,42.0,,,,,,,,,,,,,,RB,Alabama,35.5,251.0,1491.0,5.9,16.0,48.0,11.9,5.0,13.6,,,,,,,,,,,,,,,joshua jacobs,RB,Alabama,alabama,
Marquise Brown,,RAV,1,25,2019,Oklahoma,2017,2018,27.0,,,,,,,,,,,,,,WR,Oklahoma,,,,,,,,,,89.4,132.0,2413.0,18.3,17.0,,,,,,,,,,marquise brown,WR,Oklahoma,oklahoma,448.0
Montez Sweat,,WAS,1,26,2019,Mississippi State,2014,2018,30.0,,,,,,,,,,,,,,DE,Michigan StateMississippi State,,,,,,,,,,,,,,,22.0,50.0,55.0,105.0,30.0,0.7333333333333333,,,,montez sweat,DE,Mississippi State,mississippi state,
Johnathan Abram,,RAI,1,27,2019,Mississippi State,2015,2018,36.0,,,,,,,,,,,,,,S,GeorgiaMississippi State,,,,,,,,,,,,,,,,,,,,,2.0,0.0,10.0,johnathan abram,S,Mississippi State,mississippi state,
Jerry Tillery,,SDG,1,28,2019,Notre Dame,2015,2018,50.0,,,,,,,,,,,,,,DL,Notre Dame,,,,,,,,,,,,,,,13.0,72.0,63.0,135.0,24.5,0.26,,,,jerry tillery,DL,Notre Dame,notre dame,
L.J. Collier,,SEA,1,29,2019,Texas Christian,2015,2018,42.0,,,,,,,,,,,,,,DE,Texas Christian,,,,,,,,,,,,,,,14.0,44.0,38.0,82.0,20.5,0.3333333333333333,,,,l j collier,DE,Texas Christian,texas christian,
Deandre Baker,,NYG,1,30,2019,Georgia,2015,2018,51.0,,,,,,,,,,,,,,CB,Georgia,,,,,,,,,,,,,,,,,,,,,1.0,0.0,7.0,deandre baker,CB,Georgia,georgia,849.0
Kaleb McGary,,ATL,1,31,2019,Washington,2015,2016,27.0,,,,,,,,,,,,,,OL,Washington,,,,,,,,,,,,,,,,,,,,,,,,kaleb mcgary,OL,Washington,washington,
N'Keal Harry,,NWE,1,32,2019,Arizona State,2016,2018,37.0,,,,,,,,,,,,,,WR,Arizona State,,,,,,,,,,78.1,213.0,2889.0,13.6,22.0,,,,,,,,,,n keal harry,WR,Arizona State,arizona state,
Byron Murphy,,CRD,2,33,2019,Washington,2017,2018,20.0,,,,,,,,,,,,,,DB,Washington,,,,,,,,,,,,,,,,,,,,,7.0,1.0,20.0,byron murphy,DB,Washington,washington,
Rock Ya-Sin,,CLT,2,34,2019,Temple,2018,2018,12.0,,,,,,,,,,,,,,CB,Temple,,,,,,,,,,,,,,,,,,,,,2.0,0.0,12.0,rock ya sin,CB,Temple,temple,866.0
Jawaan Taylor,,JAX,2,35,2019,Florida,2016,2018,37.0,,,,,,,,,,,,,,OL,Florida,,,,,,,,,,,,,,,,,,,,,,,,jawaan taylor,OL,Florida,florida,
Deebo Samuel,,SFO,2,36,2019,South Carolina,2015,2018,30.0,,,,,,,,,,,,,,WR,South Carolina,,,,,,,,,,69.2,148.0,2076.0,14.0,16.0,,,,,,,,,,deebo samuel,WR,South Carolina,south carolina,460.0
Sean Bunting,,TAM,2,39,2019,Central Michigan,2016,2018,38.0,,,,,,,,,,,,,,DB,Central Michigan,,,,,,,,,,,,,,,,,,,,,9.0,0.0,15.0,sean bunting,DB,Central Michigan,central michigan,
Trayvon Mullen,,RAI,2,40,2019,Clemson,2016,2018,41.0,,,,,,,,,,,,,,CB,Clemson,,,,,,,,,,,,,,,,,,,,,4.0,0.0,7.0,trayvon mullen,CB,Clemson,clemson,861.0
Dalton Risner,,DEN,2,41,2019,Kansas State,2015,2016,26.0,,,,,,,,,,,,,,OL,Kansas State,,,,,,,,,,,,,,,,,,,,,,,,dalton risner,OL,Kansas State,kansas state,
Drew Lock,138.8,DEN,2,42,2019,Missouri,2015,2018,50.0,883.0,1553.0,670.0,56.9,12193.0,99.0,39.0,6.4,2.5,7.9,8.0,13.8,243.9,QB,Missouri,,,,,,,,,,,,,,,,,,,,,,,,drew lock,QB,Missouri,missouri,63.0
Jahlani Tavai,,DET,2,43,2019,Hawaii,2015,2018,47.0,,,,,,,,,,,,,,LB,Hawaii,,,,,,,,,,,,,,,17.0,219.0,171.0,390.0,41.0,0.3617021276595745,,,,jahlani tavai,LB,Hawaii,hawaii,
Elgton Jenkins,,GNB,2,44,2019,Mississippi State,2015,2017,36.0,,,,,,,,,,,,,,OL,Mississippi State,,,,,,,,,,,,,,,,,,,,,,,,elgton jenkins,OL,Mississippi State,mississippi state,
Joejuan Williams,,NWE,2,45,2019,Vanderbilt,2016,2018,36.0,,,,,,,,,,,,,,CB,Vanderbilt,,,,,,,,,,,,,,,,,,,,,4.0,0.0,26.0,joejuan williams,CB,Vanderbilt,vanderbilt,865.0
Greedy Williams,,CLE,2,46,2019,LSU,2017,2018,25.0,,,,,,,,,,,,,,CB,LSU,,,,,,,,,,,,,,,,,,,,,8.0,0.0,20.0,greedy williams,CB,LSU,lsu,864.0
Marquise Blair,,SEA,2,47,2019,Utah,2017,2018,23.0,,,,,,,,,,,,,,DB,Utah,,,,,,,,,,,,,,,,,,,,,2.0,0.0,4.0,marquise blair,DB,Utah,utah,
Erik McCoy,,NOR,2,48,2019,Texas A&M,2015,2018,27.0,,,,,,,,,,,,,,OL,Texas A&M,,,,,,,,,,,,,,,,,,,,,,,,erik mccoy,OL,Texas A&M,texas a&m,
Ben Banogu,,CLT,2,49,2019,Texas Christian,2015,2018,40.0,,,,,,,,,,,,,,DL,Louisiana-MonroeTexas Christian,,,,,,,,,,,,,,,22.0,96.0,55.0,151.0,49.0,0.55,,,,ben banogu,DL,Texas Christian,texas christian,
Irv Smith Jr.,,MIN,2,50,2019,Alabama,2017,2018,29.0,,,,,,,,,,,,,,TE,Alabama,,,,,,,,,,28.9,58.0,838.0,14.4,10.0,,,,,,,,,,irv smith,TE,Alabama,alabama,282.0
A.J. Brown,,OTI,2,51,2019,Ole Miss,2016,2018,36.0,,,,,,,,,,,,,,WR,Ole Miss,,,,,,,,,,82.9,189.0,2984.0,15.8,19.0,,,,,,,,,,a j brown,WR,Ole Miss,ole miss,
Drew Sample,,CIN,2,52,2019,Washington,2015,2018,51.0,,,,,,,,,,,,,,TE,Washington,,,,,,,,,,9.5,46.0,487.0,10.6,5.0,,,,,,,,,,drew sample,TE,Washington,washington,280.0
Miles Sanders,,PHI,2,53,2019,Penn State,2016,2018,38.0,,,,,,,,,,,,,,RB,Penn State,43.4,276.0,1649.0,6.0,12.0,32.0,6.0,1.0,5.1,,,,,,,,,,,,,,,miles sanders,RB,Penn State,penn state,
Lonnie Johnson,,HTX,2,54,2019,Kentucky,2017,2018,26.0,,,,,,,,,,,,,,CB,Kentucky,,,,,,,,,,,,,,,,,,,,,1.0,0.0,9.0,lonnie johnson,CB,Kentucky,kentucky,857.0
Max Scharping,,HTX,2,55,2019,Northern Illinois,2015,2017,27.0,,,,,,,,,,,,,,OL,Northern Illinois,,,,,,,,,,,,,,,,,,,,,,,,max scharping,OL,Northern Illinois,northern illinois,
Mecole Hardman,,KAN,2,56,2019,Georgia,2016,2016,11.0,,,,,,,,,,,,,,FB,Georgia,0.0,0.0,0.0,,0.0,0.0,,0.0,0.0,,,,,,,,,,,,,,,mecole hardman,FB,Georgia,georgia,
Mecole Hardman,,KAN,2,56,2019,Georgia,2017,2018,29.0,,,,,,,,,,,,,,WR,Georgia,,,,,,,,,,32.8,59.0,950.0,16.1,11.0,,,,,,,,,,mecole hardman,WR,Georgia,georgia,451.0
JJ Arcega-Whiteside,,PHI,2,57,2019,Stanford,2016,2018,36.0,,,,,,,,,,,,,,WR,Stanford,,,,,,,,,,61.6,135.0,2219.0,16.4,28.0,,,,,,,,,,jj arcega whiteside,WR,Stanford,stanford,
Trysten Hill,,DAL,2,58,2019,UCF,2016,2018,38.0,,,,,,,,,,,,,,DL,UCF,,,,,,,,,,,,,,,6.0,40.0,31.0,71.0,19.5,0.1578947368421052,,,,trysten hill,DL,UCF,ucf,
Parris Campbell,,CLT,2,59,2019,Ohio State,2015,2018,48.0,,,,,,,,,,,,,,WR,Ohio State,,,,,,,,,,36.8,143.0,1768.0,12.4,15.0,,,,,,,,,,parris campbell,WR,Ohio State,ohio state,
Taylor Rapp,,RAM,2,61,2019,Washington,2016,2018,40.0,,,,,,,,,,,,,,DB,Washington,,,,,,,,,,,,,,,,,,,,,7.0,1.0,7.0,taylor rapp,DB,Washington,washington,
Andy Isabella,,CRD,2,62,2019,Massachusetts,2015,2015,9.0,,,,,,,,,,,,,,RB,Massachusetts,3.1,3.0,28.0,9.3,0.0,2.0,3.5,0.0,0.8,,,,,,,,,,,,,,,andy isabella,RB,Massachusetts,massachusetts,
Andy Isabella,,CRD,2,62,2019,Massachusetts,2016,2018,36.0,,,,,,,,,,,,,,WR,Massachusetts,,,,,,,,,,97.8,229.0,3519.0,15.4,30.0,,,,,,,,,,andy isabella,WR,Massachusetts,massachusetts,453.0
Juan Thornhill,,KAN,2,63,2019,Virginia,2015,2018,46.0,,,,,,,,,,,,,,S,Virginia,,,,,,,,,,,,,,,,,,,,,13.0,0.0,26.0,juan thornhill,S,Virginia,virginia,
D.K. Metcalf,,SEA,2,64,2019,Ole Miss,2016,2018,21.0,,,,,,,,,,,,,,WR,Ole Miss,,,,,,,,,,58.5,67.0,1228.0,18.3,14.0,,,,,,,,,,d k metcalf,WR,Ole Miss,ole miss,
Zach Allen,,CRD,3,65,2019,Boston College,2015,2018,50.0,,,,,,,,,,,,,,DE,Boston College,,,,,,,,,,,,,,,18.0,93.0,106.0,199.0,40.5,0.36,,,,zach allen,DE,Boston College,boston college,
Diontae Johnson,,PIT,3,66,2019,Toledo,2015,2018,38.0,,,,,,,,,,,,,,WR,Toledo,,,,,,,,,,59.9,137.0,2276.0,16.6,24.0,,,,,,,,,,diontae johnson,WR,Toledo,toledo,455.0
Jalen Hurd,,SFO,3,67,2019,Baylor,2014,2016,33.0,,,,,,,,,,,,,,RB,Tennessee,79.9,589.0,2638.0,4.5,20.0,67.0,7.3,6.0,14.9,,,,,,,,,,,,,,,jalen hurd,RB,Baylor,baylor,
Jalen Hurd,,SFO,3,67,2019,Baylor,2018,2018,12.0,,,,,,,,,,,,,,WR,Baylor,,,,,,,,,,78.8,69.0,946.0,13.7,4.0,,,,,,,,,,jalen hurd,WR,Baylor,baylor,452.0
Jachai Polite,,NYJ,3,68,2019,Florida,2016,2018,32.0,,,,,,,,,,,,,,DL,Florida,,,,,,,,,,,,,,,15.0,44.0,34.0,78.0,26.5,0.46875,,,,jachai polite,DL,Florida,florida,
Josh Oliver,,JAX,3,69,2019,San Jose State,2015,2018,48.0,,,,,,,,,,,,,,TE,San Jose State,,,,,,,,,,22.2,98.0,1067.0,10.9,7.0,,,,,,,,,,josh oliver,TE,San Jose State,san jose state,
Darrell Henderson,,RAM,3,70,2019,Memphis,2016,2018,38.0,,,,,,,,,,,,,,RB,Memphis,93.3,431.0,3545.0,8.2,36.0,63.0,12.0,8.0,19.9,,,,,,,,,,,,,,,darrell henderson,RB,Memphis,memphis,185.0
Dre'Mont Jones,,DEN,3,71,2019,Ohio State,2016,2018,39.0,,,,,,,,,,,,,,DL,Ohio State,,,,,,,,,,,,,,,9.0,58.0,57.0,115.0,22.0,0.2307692307692307,,,,dre mont jones,DL,Ohio State,ohio state,
Germaine Pratt,,CIN,3,72,2019,North Carolina State,2017,2018,24.0,,,,,,,,,,,,,,LB,North Carolina State,,,,,,,,,,,,,,,6.0,88.0,85.0,173.0,16.0,0.25,,,,germaine pratt,LB,North Carolina State,north carolina state,
Germaine Pratt,,CIN,3,72,2019,North Carolina State,2014,2015,26.0,,,,,,,,,,,,,,S,North Carolina State,,,,,,,,,,,,,,,,,,,,,1.0,0.0,4.0,germaine pratt,S,North Carolina State,north carolina state,
David Montgomery,,CHI,3,73,2019,Iowa State,2016,2018,37.0,,,,,,,,,,,,,,RB,Iowa State,79.1,624.0,2925.0,4.7,26.0,71.0,8.2,0.0,15.7,,,,,,,,,,,,,,,david montgomery,RB,Iowa State,iowa state,
Devin Singletary,,BUF,3,74,2019,Florida Atlantic,2016,2018,38.0,,,,,,,,,,,,,,RB,Florida Atlantic,112.9,714.0,4289.0,6.0,66.0,51.0,7.8,1.0,10.4,,,,,,,,,,,,,,,devin singletary,RB,Florida Atlantic,florida atlantic,191.0
Jace Sternberger,,GNB,3,75,2019,Texas A&M,2016,2018,23.0,,,,,,,,,,,,,,TE,KansasTexas A&M,,,,,,,,,,36.4,49.0,837.0,17.1,10.0,,,,,,,,,,jace sternberger,TE,Texas A&M,texas a&m,
Terry McLaurin,,WAS,3,76,2019,Ohio State,2015,2018,53.0,,,,,,,,,,,,,,WR,Ohio State,,,,,,,,,,23.6,75.0,1251.0,16.7,19.0,,,,,,,,,,terry mclaurin,WR,Ohio State,ohio state,
Chase Winovich,,NWE,3,77,2019,Michigan,2015,2015,5.0,,,,,,,,,,,,,,TE,Michigan,,,,,,,,,,0.0,0.0,0.0,,0.0,,,,,,,,,,chase winovich,TE,Michigan,michigan,
Chase Winovich,,NWE,3,77,2019,Michigan,2016,2018,39.0,,,,,,,,,,,,,,DE,Michigan,,,,,,,,,,,,,,,18.0,70.0,112.0,182.0,44.5,0.4615384615384615,,,,chase winovich,DE,Michigan,michigan,601.0
Michael Deiter,,MIA,3,78,2019,Wisconsin,2015,2018,40.0,,,,,,,,,,,,,,OL,Wisconsin,,,,,,,,,,,,,,,,,,,,,,,,michael deiter,OL,Wisconsin,wisconsin,
David Long,,RAM,3,79,2019,Michigan,2017,2018,26.0,,,,,,,,,,,,,,DB,Michigan,,,,,,,,,,,,,,,,,,,,,3.0,0.0,14.0,david long,DB,Michigan,michigan,
Sione Takitaki,,CLE,3,80,2019,BYU,2014,2018,43.0,,,,,,,,,,,,,,LB,BYU,,,,,,,,,,,,,,,14.0,143.0,94.0,237.0,32.5,0.3255813953488372,,,,sione takitaki,LB,BYU,byu,
William Harris,,DET,3,81,2019,Boston College,2015,2018,50.0,,,,,,,,,,,,,,DB,Boston College,,,,,,,,,,,,,,,,,,,,,5.0,0.0,7.0,william harris,DB,Boston College,boston college,
Nate Davis,,OTI,3,82,2019,Charlotte,2015,2017,24.0,,,,,,,,,,,,,,OL,Charlotte,,,,,,,,,,,,,,,,,,,,,,,,nate davis,OL,Charlotte,charlotte,
Justin Layne,,PIT,3,83,2019,Michigan State,2016,2016,9.0,,,,,,,,,,,,,,WR,Michigan State,,,,,,,,,,0.0,0.0,0.0,,0.0,,,,,,,,,,justin layne,WR,Michigan State,michigan state,
Justin Layne,,PIT,3,83,2019,Michigan State,2017,2018,25.0,,,,,,,,,,,,,,CB,Michigan State,,,,,,,,,,,,,,,,,,,,,2.0,0.0,23.0,justin layne,CB,Michigan State,michigan state,
Jaylon Ferguson,,RAV,3,85,2019,Louisiana Tech,2015,2018,51.0,,,,,,,,,,,,,,DE,Louisiana Tech,,,,,,,,,,,,,,,45.0,111.0,76.0,187.0,66.5,0.8823529411764706,,,,jaylon ferguson,DE,Louisiana Tech,louisiana tech,595.0
Kahale Warring,,HTX,3,86,2019,San Diego State,2016,2018,29.0,,,,,,,,,,,,,,TE,San Diego State,,,,,,,,,,22.0,51.0,637.0,12.5,8.0,,,,,,,,,,kahale warring,TE,San Diego State,san diego state,
Damien Harris,,NWE,3,87,2019,Alabama,2015,2018,56.0,,,,,,,,,,,,,,RB,Alabama,49.6,441.0,2779.0,6.3,21.0,52.0,7.8,2.0,7.3,,,,,,,,,,,,,,,damien harris,RB,Alabama,alabama,184.0
Cody Barton,,SEA,3,88,2019,Utah,2015,2018,50.0,,,,,,,,,,,,,,LB,Utah,,,,,,,,,,,,,,,9.0,131.0,103.0,234.0,23.5,0.18,,,,cody barton,LB,Utah,utah,
Bobby Okereke,,CLT,3,89,2019,Stanford,2015,2018,50.0,,,,,,,,,,,,,,LB,Stanford,,,,,,,,,,,,,,,10.0,114.0,126.0,240.0,19.0,0.2,,,,bobby okereke,LB,Stanford,stanford,
Connor McGovern,,DAL,3,90,2019,Penn State,2018,2018,13.0,,,,,,,,,,,,,,OL,Penn State,,,,,,,,,,,,,,,,,,,,,,,,connor mcgovern,OL,Penn State,penn state,
Chuma Edoga,,NYJ,3,92,2019,USC,2015,2015,13.0,,,,,,,,,,,,,,T,USC,,,,,,,,,,,,,,,,,,,,,,,,chuma edoga,T,USC,usc,
Miles Boykin,,RAV,3,93,2019,Notre Dame,2016,2018,36.0,,,,,,,,,,,,,,WR,Notre Dame,,,,,,,,,,33.5,77.0,1206.0,15.7,11.0,,,,,,,,,,miles boykin,WR,Notre Dame,notre dame,446.0
Jamel Dean,,TAM,3,94,2019,Auburn,2017,2018,26.0,,,,,,,,,,,,,,DB,Auburn,,,,,,,,,,,,,,,,,,,,,2.0,0.0,17.0,jamel dean,DB,Auburn,auburn,
Oshane Ximines,,NYG,3,95,2019,Old Dominion,2014,2018,50.0,,,,,,,,,,,,,,DE,Old Dominion,,,,,,,,,,,,,,,33.0,93.0,83.0,176.0,51.5,0.66,,,,oshane ximines,DE,Old Dominion,old dominion,602.0
Dawson Knox,,BUF,3,96,2019,Ole Miss,2016,2018,27.0,,,,,,,,,,,,,,TE,Ole Miss,,,,,,,,,,22.4,39.0,605.0,15.5,0.0,,,,,,,,,,dawson knox,TE,Ole Miss,ole miss,
Bobby Evans,,RAM,3,97,2019,Oklahoma,2015,2018,15.0,,,,,,,,,,,,,,OL,Oklahoma,,,,,,,,,,,,,,,,,,,,,,,,bobby evans,OL,Oklahoma,oklahoma,
Mike Edwards,,TAM,3,99,2019,Kentucky,2015,2018,51.0,,,,,,,,,,,,,,S,Kentucky,,,,,,,,,,,,,,,,,,,,,10.0,2.0,23.0,mike edwards,S,Kentucky,kentucky,
Will Grier,165.1,CAR,3,100,2019,West Virginia,2015,2018,28.0,622.0,946.0,324.0,65.8,8558.0,81.0,23.0,8.6,2.4,9.0,9.66,13.8,305.6,QB,FloridaWest Virginia,,,,,,,,,,,,,,,,,,,,,,,,will grier,QB,West Virginia,west virginia,61.0
Yodny Cajuste,,NWE,3,101,2019,West Virginia,2015,2018,18.0,,,,,,,,,,,,,,OL,West Virginia,,,,,,,,,,,,,,,,,,,,,,,,yodny cajuste,OL,West Virginia,west virginia,
Alexander Mattison,,MIN,3,102,2019,Boise State,2016,2018,40.0,,,,,,,,,,,,,,RB,Boise State,70.7,581.0,2829.0,4.9,33.0,60.0,8.5,1.0,12.8,,,,,,,,,,,,,,,alexander mattison,RB,Boise State,boise state,
Hakeem Butler,,CRD,4,103,2019,Iowa State,2016,2018,37.0,,,,,,,,,,,,,,WR,Iowa State,,,,,,,,,,58.1,110.0,2149.0,19.5,18.0,,,,,,,,,,hakeem butler,WR,Iowa State,iowa state,
Ryan Finley,138.4,CIN,4,104,2019,North Carolina State,2014,2018,47.0,939.0,1462.0,523.0,64.2,11147.0,63.0,30.0,4.3,2.1,7.6,7.56,11.9,237.2,QB,Boise StateNorth Carolina State,,,,,,,,,,,,,,,,,,,,,,,,ryan finley,QB,North Carolina State,north carolina state,
Chauncey Gardner,,NOR,4,105,2019,Florida,2016,2018,37.0,,,,,,,,,,,,,,DB,Florida,,,,,,,,,,,,,,,,,,,,,9.0,3.0,12.0,chauncey gardner,DB,Florida,florida,
Maxx Crosby,,RAI,4,106,2019,Eastern Michigan,2016,2018,37.0,,,,,,,,,,,,,,DL,Eastern Michigan,,,,,,,,,,,,,,,20.0,73.0,89.0,162.0,41.0,0.5405405405405406,,,,maxx crosby,DL,Eastern Michigan,eastern michigan,
Anthony Nelson,,TAM,4,107,2019,Iowa,2016,2018,39.0,,,,,,,,,,,,,,DE,Iowa,,,,,,,,,,,,,,,23.0,59.0,60.0,119.0,31.0,0.5897435897435898,,,,anthony nelson,DE,Iowa,iowa,599.0
Julian Love,,NYG,4,108,2019,Notre Dame,2016,2018,38.0,,,,,,,,,,,,,,CB,Notre Dame,,,,,,,,,,,,,,,,,,,,,5.0,2.0,39.0,julian love,CB,Notre Dame,notre dame,859.0
Khari Willis,,CLT,4,109,2019,Michigan State,2015,2018,45.0,,,,,,,,,,,,,,S,Michigan State,,,,,,,,,,,,,,,,,,,,,4.0,0.0,16.0,khari willis,S,Michigan State,michigan state,
Kendall Sheffield,,ATL,4,111,2019,Ohio State,2017,2018,28.0,,,,,,,,,,,,,,CB,Ohio State,,,,,,,,,,,,,,,,,,,,,2.0,0.0,17.0,kendall sheffield,CB,Ohio State,ohio state,
Bryce Love,,WAS,4,112,2019,Stanford,2015,2018,49.0,,,,,,,,,,,,,,RB,Stanford,78.9,569.0,3866.0,6.8,30.0,49.0,9.5,2.0,9.5,,,,,,,,,,,,,,,bryce love,RB,Stanford,stanford,188.0
Justice Hill,,RAV,4,113,2019,Oklahoma State,2016,2018,36.0,,,,,,,,,,,,,,RB,Oklahoma State,98.3,632.0,3539.0,5.6,30.0,49.0,6.2,1.0,8.4,,,,,,,,,,,,,,,justice hill,RB,Oklahoma State,oklahoma state,
Dru Samia,,MIN,4,114,2019,Oklahoma,2015,2015,12.0,,,,,,,,,,,,,,OL,Oklahoma,,,,,,,,,,,,,,,,,,,,,,,,dru samia,OL,Oklahoma,oklahoma,
Christian Miller,,CAR,4,115,2019,Alabama,2015,2018,45.0,,,,,,,,,,,,,,LB,Alabama,,,,,,,,,,,,,,,11.0,25.0,33.0,58.0,16.0,0.2444444444444444,,,,christian miller,LB,Alabama,alabama,
Amani Hooker,,OTI,4,116,2019,Iowa,2016,2018,37.0,,,,,,,,,,,,,,DB,Iowa,,,,,,,,,,,,,,,,,,,,,6.0,1.0,9.0,amani hooker,DB,Iowa,iowa,
Austin Bryant,,DET,4,117,2019,Clemson,2015,2018,50.0,,,,,,,,,,,,,,DE,Clemson,,,,,,,,,,,,,,,20.0,69.0,60.0,129.0,36.0,0.4,,,,austin bryant,DE,Clemson,clemson,593.0
Hjalte Froholdt,,NWE,4,118,2019,Arkansas,2017,2017,12.0,,,,,,,,,,,,,,OL,Arkansas,,,,,,,,,,,,,,,,,,,,,,,,hjalte froholdt,OL,Arkansas,arkansas,
Hjalte Froholdt,,NWE,4,118,2019,Arkansas,2015,2015,10.0,,,,,,,,,,,,,,DL,Arkansas,,,,,,,,,,,,,,,0.0,1.0,2.0,3.0,0.0,0.0,,,,hjalte froholdt,DL,Arkansas,arkansas,
Sheldrick Redwine,,CLE,4,119,2019,Miami (FL),2015,2018,49.0,,,,,,,,,,,,,,DB,Miami (FL),,,,,,,,,,,,,,,,,,,,,5.0,0.0,10.0,sheldrick redwine,DB,Miami (FL),miami (fl),
Gary Jennings,,SEA,4,120,2019,West Virginia,2015,2018,50.0,,,,,,,,,,,,,,WR,West Virginia,,,,,,,,,,45.9,168.0,2294.0,13.7,17.0,,,,,,,,,,gary jennings,WR,West Virginia,west virginia,454.0
Trevon Wesco,,NYJ,4,121,2019,West Virginia,2016,2018,34.0,,,,,,,,,,,,,,TE,West Virginia,,,,,,,,,,11.0,28.0,373.0,13.3,2.0,,,,,,,,,,trevon wesco,TE,West Virginia,west virginia,
Benjamin Snell Jr.,,PIT,4,122,2019,Kentucky,2016,2018,39.0,,,,,,,,,,,,,,RB,Kentucky,99.3,737.0,3873.0,5.3,48.0,29.0,7.4,0.0,5.5,,,,,,,,,,,,,,,benjamin snell,RB,Kentucky,kentucky,
Ben Powers,,RAV,4,123,2019,Oklahoma,2016,2018,38.0,,,,,,,,,,,,,,OL,Oklahoma,,,,,,,,,,,,,,,,,,,,,,,,ben powers,OL,Oklahoma,oklahoma,
Phil Haynes,,SEA,4,124,2019,Wake Forest,2015,2018,38.0,,,,,,,,,,,,,,OL,Wake Forest,,,,,,,,,,,,,,,,,,,,,,,,phil haynes,OL,Wake Forest,wake forest,
Renell Wren,,CIN,4,125,2019,Arizona State,2015,2018,42.0,,,,,,,,,,,,,,DL,Arizona State,,,,,,,,,,,,,,,3.0,51.0,30.0,81.0,14.5,0.0714285714285714,,,,renell wren,DL,Arizona State,arizona state,
Riley Ridley,,CHI,4,126,2019,Georgia,2016,2018,39.0,,,,,,,,,,,,,,WR,Georgia,,,,,,,,,,26.3,70.0,1026.0,14.7,13.0,,,,,,,,,,riley ridley,WR,Georgia,georgia,459.0
Iman Marshall,,RAV,4,127,2019,USC,2015,2018,50.0,,,,,,,,,,,,,,CB,USC,,,,,,,,,,,,,,,,,,,,,6.0,0.0,36.0,iman marshall,CB,USC,usc,
Tony Pollard,,DAL,4,128,2019,Memphis,2017,2017,13.0,,,,,,,,,,,,,,RB,Memphis,17.7,30.0,230.0,7.7,2.0,36.0,14.9,4.0,41.2,,,,,,,,,,,,,,,tony pollard,RB,Memphis,memphis,
Tony Pollard,,DAL,4,128,2019,Memphis,2016,2018,27.0,,,,,,,,,,,,,,WR,Memphis,,,,,,,,,,28.0,68.0,756.0,11.1,5.0,,,,,,,,,,tony pollard,WR,Memphis,memphis,
Isaiah Johnson,,RAI,4,129,2019,Houston,2015,2016,22.0,,,,,,,,,,,,,,WR,Houston,,,,,,,,,,9.5,21.0,208.0,9.9,0.0,,,,,,,,,,isaiah johnson,WR,Houston,houston,
Isaiah Johnson,,RAI,4,129,2019,Houston,2017,2018,23.0,,,,,,,,,,,,,,CB,Houston,,,,,,,,,,,,,,,,,,,,,4.0,0.0,14.0,isaiah johnson,CB,Houston,houston,856.0
Drue Tranquill,,SDG,4,130,2019,Notre Dame,2017,2018,26.0,,,,,,,,,,,,,,LB,Notre Dame,,,,,,,,,,,,,,,5.0,107.0,64.0,171.0,19.5,0.1923076923076923,,,,drue tranquill,LB,Notre Dame,notre dame,
Drue Tranquill,,SDG,4,130,2019,Notre Dame,2014,2016,25.0,,,,,,,,,,,,,,S,Notre Dame,,,,,,,,,,,,,,,,,,,,,2.0,0.0,4.0,drue tranquill,S,Notre Dame,notre dame,
Wes Martin,,WAS,4,131,2019,Indiana,2015,2017,25.0,,,,,,,,,,,,,,OL,Indiana,,,,,,,,,,,,,,,,,,,,,,,,wes martin,OL,Indiana,indiana,
Ugo Amadi,,SEA,4,132,2019,Oregon,2015,2018,51.0,,,,,,,,,,,,,,CB,Oregon,,,,,,,,,,,,,,,,,,,,,8.0,2.0,25.0,ugo amadi,CB,Oregon,oregon,
Jarrett Stidham,151.4,NWE,4,133,2019,Auburn,2015,2018,37.0,545.0,848.0,303.0,64.3,7217.0,48.0,13.0,5.7,1.5,8.5,8.95,13.2,195.1,QB,AuburnBaylor,,,,,,,,,,,,,,,,,,,,,,,,jarrett stidham,QB,Auburn,auburn,65.0
Greg Gaines,,RAM,4,134,2019,Washington,2015,2018,54.0,,,,,,,,,,,,,,DL,Washington,,,,,,,,,,,,,,,8.0,74.0,74.0,148.0,20.5,0.1481481481481481,,,,greg gaines,DL,Washington,washington,
Foster Moreau,,RAI,4,137,2019,LSU,2015,2018,49.0,,,,,,,,,,,,,,TE,LSU,,,,,,,,,,12.8,52.0,629.0,12.1,6.0,,,,,,,,,,foster moreau,TE,LSU,lsu,278.0
Shareef Miller,,PHI,4,138,2019,Penn State,2016,2018,40.0,,,,,,,,,,,,,,DE,Penn State,,,,,,,,,,,,,,,14.0,58.0,42.0,100.0,31.5,0.35,,,,shareef miller,DE,Penn State,penn state,
Deionte Thompson,,CRD,5,139,2019,Alabama,2016,2018,43.0,,,,,,,,,,,,,,DB,Alabama,,,,,,,,,,,,,,,,,,,,,3.0,0.0,7.0,deionte thompson,DB,Alabama,alabama,
Ryquell Armstead,,JAX,5,140,2019,Temple,2015,2018,48.0,,,,,,,,,,,,,,RB,Temple,58.6,573.0,2812.0,4.9,34.0,29.0,6.0,0.0,3.6,,,,,,,,,,,,,,,ryquell armstead,RB,Temple,temple,182.0
Zach Gentry,,PIT,5,141,2019,Michigan,2017,2018,26.0,,,,,,,,,,,,,,TE,Michigan,,,,,,,,,,31.4,49.0,817.0,16.7,4.0,,,,,,,,,,zach gentry,TE,Michigan,michigan,275.0
Ben Burr-Kirven,,SEA,5,142,2019,Washington,2015,2018,53.0,,,,,,,,,,,,,,LB,Washington,,,,,,,,,,,,,,,4.0,190.0,148.0,338.0,11.5,0.0754716981132075,,,,ben burr kirven,LB,Washington,washington,
Ryan Connelly,,NYG,5,143,2019,Wisconsin,2015,2018,52.0,,,,,,,,,,,,,,LB,Wisconsin,,,,,,,,,,,,,,,6.0,157.0,94.0,251.0,29.0,0.1153846153846153,,,,ryan connelly,LB,Wisconsin,wisconsin,
Marvell Tell III,,CLT,5,144,2019,USC,2015,2018,47.0,,,,,,,,,,,,,,S,USC,,,,,,,,,,,,,,,,,,,,,5.0,1.0,13.0,marvell tell,S,USC,usc,
Amani Oruwariye,,DET,5,146,2019,Penn State,2015,2018,48.0,,,,,,,,,,,,,,CB,Penn State,,,,,,,,,,,,,,,,,,,,,8.0,1.0,22.0,amani oruwariye,CB,Penn State,penn state,
Vosean Joseph,,BUF,5,147,2019,Florida,2016,2018,37.0,,,,,,,,,,,,,,LB,Florida,,,,,,,,,,,,,,,4.0,69.0,92.0,161.0,14.0,0.1081081081081081,,,,vosean joseph,LB,Florida,florida,
Dre Greenlaw,,SFO,5,148,2019,Arkansas,2015,2018,41.0,,,,,,,,,,,,,,LB,Arkansas,,,,,,,,,,,,,,,4.0,158.0,162.0,320.0,13.0,0.0975609756097561,,,,dre greenlaw,LB,Arkansas,arkansas,
Hunter Renfrow,,RAI,5,149,2019,Clemson,2015,2018,55.0,,,,,,,,,,,,,,WR,Clemson,,,,,,,,,,38.8,186.0,2133.0,11.5,15.0,,,,,,,,,,hunter renfrow,WR,Clemson,clemson,458.0
Kingsley Keke,,GNB,5,150,2019,Texas A&M,2015,2018,52.0,,,,,,,,,,,,,,DL,Texas A&M,,,,,,,,,,,,,,,12.0,57.0,93.0,150.0,21.0,0.2307692307692307,,,,kingsley keke,DL,Texas A&M,texas a&m,
Andrew Van Ginkel,,MIA,5,151,2019,Wisconsin,2017,2018,27.0,,,,,,,,,,,,,,LB,Wisconsin,,,,,,,,,,,,,,,12.0,64.0,35.0,99.0,19.5,0.4444444444444444,,,,andrew van ginkel,LB,Wisconsin,wisconsin,
Qadree Ollison,,ATL,5,152,2019,Pitt,2015,2018,52.0,,,,,,,,,,,,,,RB,Pitt,55.0,529.0,2859.0,5.4,29.0,50.0,7.5,3.0,7.2,,,,,,,,,,,,,,,qadree ollison,RB,Pitt,pitt,
Ross Pierschbacher,,WAS,5,153,2019,Alabama,2015,2018,30.0,,,,,,,,,,,,,,OL,Alabama,,,,,,,,,,,,,,,,,,,,,,,,ross pierschbacher,OL,Alabama,alabama,
Jordan Scarlett,,CAR,5,154,2019,Florida,2015,2018,35.0,,,,,,,,,,,,,,RB,Florida,52.7,344.0,1846.0,5.4,12.0,15.0,7.2,0.0,3.1,,,,,,,,,,,,,,,jordan scarlett,RB,Florida,florida,190.0
Mack Wilson,,CLE,5,155,2019,Alabama,2016,2018,42.0,,,,,,,,,,,,,,LB,Alabama,,,,,,,,,,,,,,,1.0,62.0,57.0,119.0,7.5,0.0238095238095238,,,,mack wilson,LB,Alabama,alabama,
Justin Hollins,,DEN,5,156,2019,Oregon,2014,2018,52.0,,,,,,,,,,,,,,LB,Oregon,,,,,,,,,,,,,,,13.0,98.0,86.0,184.0,36.5,0.25,,,,justin hollins,LB,Oregon,oregon,
Blake Cashman,,NYJ,5,157,2019,Minnesota,2016,2018,37.0,,,,,,,,,,,,,,LB,Minnesota,,,,,,,,,,,,,,,12.0,113.0,66.0,179.0,30.5,0.3243243243243243,,,,blake cashman,LB,Minnesota,minnesota,
Blake Cashman,,NYJ,5,157,2019,Minnesota,2015,2015,11.0,,,,,,,,,,,,,,DB,Minnesota,,,,,,,,,,,,,,,,,,,,,0.0,0.0,0.0,blake cashman,DB,Minnesota,minnesota,
Michael Jackson,,DAL,5,158,2019,Miami (FL),2015,2018,51.0,,,,,,,,,,,,,,DB,Miami (FL),,,,,,,,,,,,,,,,,,,,,4.0,0.0,12.0,michael jackson,DB,Miami (FL),miami (fl),
Byron Cowart,,NWE,5,159,2019,Maryland,2015,2018,38.0,,,,,,,,,,,,,,DE,AuburnMaryland,,,,,,,,,,,,,,,3.0,24.0,28.0,52.0,6.5,0.0789473684210526,,,,byron cowart,DE,Maryland,maryland,
Daylon Mack,,RAV,5,160,2019,Texas A&M,2015,2018,52.0,,,,,,,,,,,,,,DL,Texas A&M,,,,,,,,,,,,,,,8.0,52.0,56.0,108.0,27.0,0.1538461538461538,,,,daylon mack,DL,Texas A&M,texas a&m,
Charles Omenihu,,HTX,5,161,2019,Texas,2015,2018,50.0,,,,,,,,,,,,,,DE,Texas,,,,,,,,,,,,,,,17.0,84.0,33.0,117.0,30.5,0.34,,,,charles omenihu,DE,Texas,texas,600.0
Cameron Smith,,MIN,5,162,2019,USC,2015,2018,47.0,,,,,,,,,,,,,,LB,USC,,,,,,,,,,,,,,,3.0,211.0,143.0,354.0,26.5,0.0638297872340425,,,,cameron smith,LB,USC,usc,
Joe Jackson,,DAL,5,165,2019,Miami (FL),2016,2018,39.0,,,,,,,,,,,,,,DL,Miami (FL),,,,,,,,,,,,,,,24.0,71.0,67.0,138.0,37.5,0.6153846153846154,,,,joe jackson,DL,Miami (FL),miami (fl),
Clayton Thorson,118.1,PHI,5,167,2019,Northwestern,2015,2018,53.0,991.0,1696.0,705.0,58.4,10731.0,61.0,45.0,3.6,2.7,6.3,5.85,10.8,202.5,QB,Northwestern,,,,,,,,,,,,,,,,,,,,,,,,clayton thorson,QB,Northwestern,northwestern,66.0
D'Andre Walker,,OTI,5,168,2019,Georgia,2015,2018,54.0,,,,,,,,,,,,,,LB,Georgia,,,,,,,,,,,,,,,13.0,65.0,48.0,113.0,27.5,0.2407407407407407,,,,d andre walker,LB,Georgia,georgia,
David Edwards,,RAM,5,169,2019,Wisconsin,2016,2018,23.0,,,,,,,,,,,,,,OL,Wisconsin,,,,,,,,,,,,,,,,,,,,,,,,david edwards,OL,Wisconsin,wisconsin,
Darius Slayton,,NYG,5,171,2019,Auburn,2016,2018,38.0,,,,,,,,,,,,,,WR,Auburn,,,,,,,,,,42.2,79.0,1605.0,20.3,11.0,,,,,,,,,,darius slayton,WR,Auburn,auburn,461.0
Jordan Miller,,ATL,5,172,2019,Washington,2015,2018,46.0,,,,,,,,,,,,,,DB,Washington,,,,,,,,,,,,,,,,,,,,,6.0,0.0,12.0,jordan miller,DB,Washington,washington,
Cole Holcomb,,WAS,5,173,2019,North Carolina,2015,2018,49.0,,,,,,,,,,,,,,LB,North Carolina,,,,,,,,,,,,,,,2.0,171.0,157.0,328.0,15.5,0.0408163265306122,,,,cole holcomb,LB,North Carolina,north carolina,
KeeSean Johnson,,CRD,6,174,2019,Fresno State,2015,2018,52.0,,,,,,,,,,,,,,WR,Fresno State,,,,,,,,,,66.6,275.0,3463.0,12.6,24.0,,,,,,,,,,keesean johnson,WR,Fresno State,fresno state,
Sutton Smith,,PIT,6,175,2019,Northern Illinois,2016,2018,39.0,,,,,,,,,,,,,,LB,Northern Illinois,,,,,,,,,,,,,,,30.0,92.0,47.0,139.0,58.0,0.7692307692307693,,,,sutton smith,LB,Northern Illinois,northern illinois,
Kaden Smith,,SFO,6,176,2019,Stanford,2017,2018,24.0,,,,,,,,,,,,,,TE,Stanford,,,,,,,,,,43.7,70.0,1049.0,15.0,7.0,,,,,,,,,,kaden smith,TE,Stanford,stanford,281.0
Saquan Hampton,,NOR,6,177,2019,Rutgers,2015,2018,39.0,,,,,,,,,,,,,,DB,Rutgers,,,,,,,,,,,,,,,,,,,,,5.0,0.0,19.0,saquan hampton,DB,Rutgers,rutgers,
Gardner Minshew,138.7,JAX,6,178,2019,Washington State,2016,2018,30.0,761.0,1168.0,407.0,65.2,8266.0,62.0,20.0,5.3,1.7,7.1,7.37,10.9,275.5,QB,East CarolinaWashington State,,,,,,,,,,,,,,,,,,,,,,,,gardner minshew,QB,Washington State,washington state,
Lamont Gaillard,,CRD,6,179,2019,Georgia,2015,2016,15.0,,,,,,,,,,,,,,G,Georgia,,,,,,,,,,,,,,,,,,,,,,,,lamont gaillard,G,Georgia,georgia,
Jaquan Johnson,,BUF,6,181,2019,Miami (FL),2015,2018,50.0,,,,,,,,,,,,,,DB,Miami (FL),,,,,,,,,,,,,,,,,,,,,8.0,1.0,7.0,jaquan johnson,DB,Miami (FL),miami (fl),
Trayveon Williams,,CIN,6,182,2019,Texas A&M,2016,2018,38.0,,,,,,,,,,,,,,RB,Texas A&M,95.1,600.0,3615.0,6.0,34.0,66.0,8.5,1.0,14.8,,,,,,,,,,,,,,,trayveon williams,RB,Texas A&M,texas a&m,
Justin Skule,,SFO,6,183,2019,Vanderbilt,2015,2015,7.0,,,,,,,,,,,,,,OL,Vanderbilt,,,,,,,,,,,,,,,,,,,,,,,,justin skule,OL,Vanderbilt,vanderbilt,
Travis Fulgham,,DET,6,184,2019,Old Dominion,2015,2018,47.0,,,,,,,,,,,,,,WR,Old Dominion,,,,,,,,,,43.5,128.0,2044.0,16.0,18.0,,,,,,,,,,travis fulgham,WR,Old Dominion,old dominion,449.0
Ka'dar Hollman,,GNB,6,185,2019,Toledo,2015,2018,42.0,,,,,,,,,,,,,,DB,Toledo,,,,,,,,,,,,,,,,,,,,,2.0,0.0,27.0,ka dar hollman,DB,Toledo,toledo,
Ty Johnson,,DET,6,186,2019,Maryland,2015,2018,46.0,,,,,,,,,,,,,,RB,Maryland,57.3,348.0,2635.0,7.6,17.0,29.0,11.0,2.0,6.9,,,,,,,,,,,,,,,ty johnson,RB,Maryland,maryland,
Juwann Winfree,,DEN,6,187,2019,Colorado,2014,2018,16.0,,,,,,,,,,,,,,WR,ColoradoMaryland,,,,,,,,,,30.1,39.0,482.0,12.4,4.0,,,,,,,,,,juwann winfree,WR,Colorado,colorado,
Juwann Winfree,,DEN,6,187,2019,Colorado,2017,2017,12.0,,,,,,,,,,,,,,DB,Colorado,,,,,,,,,,,,,,,,,,,,,0.0,0.0,0.0,juwann winfree,DB,Colorado,colorado,
David Long,,OTI,6,188,2019,West Virginia,2016,2018,34.0,,,,,,,,,,,,,,LB,West Virginia,,,,,,,,,,,,,,,14.0,169.0,83.0,252.0,40.0,0.4117647058823529,,,,david long,LB,West Virginia,west virginia,
Armon Watts,,MIN,6,190,2019,Arkansas,2015,2018,29.0,,,,,,,,,,,,,,DL,Arkansas,,,,,,,,,,,,,,,7.0,29.0,27.0,56.0,8.5,0.2413793103448276,,,,armon watts,DL,Arkansas,arkansas,
Marcus Epps,,MIN,6,191,2019,Wyoming,2015,2018,50.0,,,,,,,,,,,,,,S,Wyoming,,,,,,,,,,,,,,,,,,,,,9.0,1.0,22.0,marcus epps,S,Wyoming,wyoming,
Isaiah Buggs,,PIT,6,192,2019,Alabama,2017,2018,29.0,,,,,,,,,,,,,,DL,Alabama,,,,,,,,,,,,,,,11.0,44.0,58.0,102.0,17.5,0.3793103448275862,,,,isaiah buggs,DL,Alabama,alabama,
Dexter Williams,,GNB,6,194,2019,Notre Dame,2015,2018,37.0,,,,,,,,,,,,,,RB,Notre Dame,44.2,257.0,1636.0,6.4,20.0,22.0,7.4,2.0,4.4,,,,,,,,,,,,,,,dexter williams,RB,Notre Dame,notre dame,193.0
Xavier Crawford,,HTX,6,195,2019,Central Michigan,2016,2018,28.0,,,,,,,,,,,,,,CB,Central MichiganOregon State,,,,,,,,,,,,,,,,,,,,,2.0,0.0,24.0,xavier crawford,CB,Central Michigan,central michigan,852.0
Blessuan Austin,,NYJ,6,196,2019,Rutgers,2015,2018,27.0,,,,,,,,,,,,,,DB,Rutgers,,,,,,,,,,,,,,,,,,,,,4.0,1.0,19.0,blessuan austin,DB,Rutgers,rutgers,
Trace McSorley,144.5,RAV,6,197,2019,Penn State,2015,2018,47.0,720.0,1215.0,495.0,59.3,9899.0,77.0,25.0,6.3,2.1,8.1,8.49,13.7,210.6,QB,Penn State,,,,,,,,,,,,,,,,,,,,,,,,trace mcsorley,QB,Penn State,penn state,
Tim Harris,,SFO,6,198,2019,Virginia,2013,2018,43.0,,,,,,,,,,,,,,DB,Virginia,,,,,,,,,,,,,,,,,,,,,4.0,0.0,17.0,tim harris,DB,Virginia,virginia,
Gerri Green,,CLT,6,199,2019,Mississippi State,2015,2018,52.0,,,,,,,,,,,,,,LB,Mississippi State,,,,,,,,,,,,,,,8.0,59.0,102.0,161.0,20.5,0.1538461538461538,,,,gerri green,LB,Mississippi State,mississippi state,
Emeke Egbule,,SDG,6,200,2019,Houston,2015,2018,52.0,,,,,,,,,,,,,,LB,Houston,,,,,,,,,,,,,,,5.0,99.0,65.0,164.0,13.0,0.0961538461538461,,,,emeke egbule,LB,Houston,houston,
Rashad Fenton,,KAN,6,201,2019,South Carolina,2015,2018,48.0,,,,,,,,,,,,,,CB,South Carolina,,,,,,,,,,,,,,,,,,,,,5.0,0.0,19.0,rashad fenton,CB,South Carolina,south carolina,854.0
Isaiah Prince,,MIA,6,202,2019,Ohio State,2015,2018,36.0,,,,,,,,,,,,,,OL,Ohio State,,,,,,,,,,,,,,,,,,,,,,,,isaiah prince,OL,Ohio State,ohio state,
Marcus Green,,ATL,6,203,2019,Louisiana-Monroe,2015,2018,48.0,,,,,,,,,,,,,,WR,Louisiana-Monroe,,,,,,,,,,56.8,203.0,2726.0,13.4,24.0,,,,,,,,,,marcus green,WR,Louisiana-Monroe,louisiana-monroe,
Travis Homer,,SEA,6,204,2019,Miami (FL),2016,2018,38.0,,,,,,,,,,,,,,RB,Miami (FL),52.5,334.0,1995.0,6.0,12.0,37.0,10.9,1.0,10.7,,,,,,,,,,,,,,,travis homer,RB,Miami (FL),miami (fl),186.0
Duke Shelley,,CHI,6,205,2019,Kansas State,2015,2018,38.0,,,,,,,,,,,,,,DB,Kansas State,,,,,,,,,,,,,,,,,,,,,8.0,2.0,31.0,duke shelley,DB,Kansas State,kansas state,
Kelvin Harmon,,WAS,6,206,2019,North Carolina State,2016,2018,38.0,,,,,,,,,,,,,,WR,North Carolina State,,,,,,,,,,70.1,177.0,2665.0,15.1,16.0,,,,,,,,,,kelvin harmon,WR,North Carolina State,north carolina state,
Ulysees Gilbert III,,PIT,6,207,2019,Akron,2015,2018,51.0,,,,,,,,,,,,,,LB,Akron,,,,,,,,,,,,,,,9.0,184.0,174.0,358.0,28.5,0.1764705882352941,,,,ulysees gilbert,LB,Akron,akron,
Scott Miller,,TAM,6,208,2019,Bowling Green,2015,2018,45.0,,,,,,,,,,,,,,WR,Bowling Green,,,,,,,,,,63.7,215.0,2867.0,13.3,23.0,,,,,,,,,,scott miller,WR,Bowling Green,bowling green,
Demarcus Christmas,,SEA,6,209,2019,Florida State,2014,2018,52.0,,,,,,,,,,,,,,DT,Florida State,,,,,,,,,,,,,,,3.0,48.0,57.0,105.0,10.5,0.0576923076923076,,,,demarcus christmas,DT,Florida State,florida state,
Deshaun Davis,,CIN,6,210,2019,Auburn,2015,2018,52.0,,,,,,,,,,,,,,LB,Auburn,,,,,,,,,,,,,,,7.0,129.0,137.0,266.0,29.0,0.1346153846153846,,,,deshaun davis,LB,Auburn,auburn,
Rodney Anderson,,CIN,6,211,2019,Oklahoma,2015,2018,18.0,,,,,,,,,,,,,,RB,Oklahoma,71.4,200.0,1285.0,6.4,16.0,17.0,16.5,5.0,15.6,,,,,,,,,,,,,,,rodney anderson,RB,Oklahoma,oklahoma,181.0
Donovan Wilson,,DAL,6,213,2019,Texas A&M,2014,2018,47.0,,,,,,,,,,,,,,DB,Texas A&M,,,,,,,,,,,,,,,,,,,,,8.0,1.0,8.0,donovan wilson,DB,Texas A&M,texas a&m,
Darwin Thompson,,KAN,6,214,2019,Utah State,2018,2018,13.0,,,,,,,,,,,,,,RB,Utah State,80.3,153.0,1044.0,6.8,14.0,23.0,15.3,2.0,27.0,,,,,,,,,,,,,,,darwin thompson,RB,Utah State,utah state,
Terry Beckner Jr.,,TAM,7,215,2019,Missouri,2015,2018,43.0,,,,,,,,,,,,,,DL,Missouri,,,,,,,,,,,,,,,13.0,72.0,51.0,123.0,32.0,0.3023255813953488,,,,terry beckner,DL,Missouri,missouri,
Nick Allegretti,,KAN,7,216,2019,Illinois,2015,2018,23.0,,,,,,,,,,,,,,OL,Illinois,,,,,,,,,,,,,,,,,,,,,,,,nick allegretti,OL,Illinois,illinois,
Kris Boyd,,MIN,7,217,2019,Texas,2015,2018,51.0,,,,,,,,,,,,,,CB,Texas,,,,,,,,,,,,,,,,,,,,,4.0,0.0,36.0,kris boyd,CB,Texas,texas,851.0
Mike Weber,,DAL,7,218,2019,Ohio State,2016,2018,38.0,,,,,,,,,,,,,,RB,Ohio State,70.4,455.0,2676.0,5.9,24.0,54.0,5.5,1.0,7.8,,,,,,,,,,,,,,,mike weber,RB,Ohio State,ohio state,
Derwin Gray,,PIT,7,219,2019,Maryland,2015,2017,14.0,,,,,,,,,,,,,,OL,Maryland,,,,,,,,,,,,,,,,,,,,,,,,derwin gray,OL,Maryland,maryland,
Cullen Gillaspia,,HTX,7,220,2019,Texas A&M,2018,2018,13.0,,,,,,,,,,,,,,FB,Texas A&M,2.5,5.0,33.0,6.6,1.0,5.0,10.4,0.0,4.0,,,,,,,,,,,,,,,cullen gillaspia,FB,Texas A&M,texas a&m,
Cullen Gillaspia,,HTX,7,220,2019,Texas A&M,2015,2017,27.0,,,,,,,,,,,,,,LB,Texas A&M,,,,,,,,,,,,,,,0.0,11.0,8.0,19.0,0.0,0.0,,,,cullen gillaspia,LB,Texas A&M,texas a&m,
Donnie Lewis,,CLE,7,221,2019,Tulane,2015,2018,46.0,,,,,,,,,,,,,,CB,Tulane,,,,,,,,,,,,,,,,,,,,,8.0,1.0,41.0,donnie lewis,CB,Tulane,tulane,
Kerrith Whyte,,CHI,7,222,2019,Florida Atlantic,2016,2018,37.0,,,,,,,,,,,,,,RB,Florida Atlantic,36.7,232.0,1358.0,5.9,11.0,22.0,10.3,2.0,6.1,,,,,,,,,,,,,,,kerrith whyte,RB,Florida Atlantic,florida atlantic,
Isaac Nauta,,DET,7,224,2019,Georgia,2016,2018,42.0,,,,,,,,,,,,,,TE,Georgia,,,,,,,,,,21.5,68.0,905.0,13.3,8.0,,,,,,,,,,isaac nauta,TE,Georgia,georgia,279.0
Ty Summers,,GNB,7,226,2019,Texas Christian,2015,2018,50.0,,,,,,,,,,,,,,LB,Texas Christian,,,,,,,,,,,,,,,10.0,168.0,151.0,319.0,23.5,0.2,,,,ty summers,LB,Texas Christian,texas christian,
Tommy Sweeney,,BUF,7,228,2019,Boston College,2015,2018,50.0,,,,,,,,,,,,,,TE,Boston College,,,,,,,,,,25.6,99.0,1281.0,12.9,10.0,,,,,,,,,,tommy sweeney,TE,Boston College,boston college,
P.J. Johnson,,DET,7,229,2019,Arizona,2018,2018,10.0,,,,,,,,,,,,,,DT,Arizona,,,,,,,,,,,,,,,3.0,22.0,9.0,31.0,8.5,0.3,,,,p j johnson,DT,Arizona,arizona,
Alize Mack,,NOR,7,231,2019,Notre Dame,2015,2018,35.0,,,,,,,,,,,,,,TE,Notre Dame,,,,,,,,,,20.5,68.0,716.0,10.5,4.0,,,,,,,,,,alize mack,TE,Notre Dame,notre dame,
George Asafo-Adjei,,NYG,7,232,2019,Kentucky,2015,2018,22.0,,,,,,,,,,,,,,G,Kentucky,,,,,,,,,,,,,,,,,,,,,,,,george asafo adjei,G,Kentucky,kentucky,
Chandler Cox,,MIA,7,233,2019,Auburn,2015,2018,52.0,,,,,,,,,,,,,,FB,Auburn,0.3,11.0,18.0,1.6,3.0,26.0,9.1,1.0,4.6,,,,,,,,,,,,,,,chandler cox,FB,Auburn,auburn,
Myles Gaskin,,MIA,7,234,2019,Washington,2015,2018,52.0,,,,,,,,,,,,,,RB,Washington,102.4,945.0,5323.0,5.6,57.0,65.0,7.2,5.0,8.9,,,,,,,,,,,,,,,myles gaskin,RB,Washington,washington,183.0
Dontavius Russell,,JAX,7,235,2019,Auburn,2015,2018,53.0,,,,,,,,,,,,,,DL,Auburn,,,,,,,,,,,,,,,6.0,57.0,96.0,153.0,17.0,0.1132075471698113,,,,dontavius russell,DL,Auburn,auburn,
John Ursua,,SEA,7,236,2019,Hawaii,2016,2018,33.0,,,,,,,,,,,,,,WR,Hawaii,,,,,,,,,,80.7,189.0,2662.0,14.1,24.0,,,,,,,,,,john ursua,WR,Hawaii,hawaii,
Terry Godwin,,CAR,7,237,2019,Georgia,2015,2018,54.0,,,,,,,,,,,,,,WR,Georgia,,,,,,,,,,33.1,133.0,1788.0,13.4,11.0,,,,,,,,,,terry godwin,WR,Georgia,georgia,450.0
Dillon Mitchell,,MIN,7,239,2019,Oregon,2016,2018,31.0,,,,,,,,,,,,,,WR,Oregon,,,,,,,,,,55.2,119.0,1710.0,14.4,14.0,,,,,,,,,,dillon mitchell,WR,Oregon,oregon,457.0
Jackson Barton,,CLT,7,240,2019,Utah,2015,2018,27.0,,,,,,,,,,,,,,OL,Utah,,,,,,,,,,,,,,,,,,,,,,,,jackson barton,OL,Utah,utah,
Jalen Jelks,,DAL,7,241,2019,Oregon,2015,2018,44.0,,,,,,,,,,,,,,DL,Oregon,,,,,,,,,,,,,,,15.0,94.0,62.0,156.0,29.5,0.3409090909090909,,,,jalen jelks,DL,Oregon,oregon,
Cortez Broughton,,SDG,7,242,2019,Cincinnati,2015,2018,49.0,,,,,,,,,,,,,,DT,Cincinnati,,,,,,,,,,,,,,,9.0,75.0,79.0,154.0,26.5,0.1836734693877551,,,,cortez broughton,DT,Cincinnati,cincinnati,
Nick Scott,,RAM,7,243,2019,Penn State,2015,2015,13.0,,,,,,,,,,,,,,RB,Penn State,10.2,30.0,133.0,4.4,1.0,4.0,10.8,0.0,3.3,,,,,,,,,,,,,,,nick scott,RB,Penn State,penn state,
Nick Scott,,RAM,7,243,2019,Penn State,2016,2018,39.0,,,,,,,,,,,,,,CB,Penn State,,,,,,,,,,,,,,,,,,,,,3.0,0.0,2.0,nick scott,CB,Penn State,penn state,
Kaden Elliss,,NOR,7,244,2019,,2015,2017,37.0,,,,,,,,,,,,,,LB,Idaho,,,,,,,,,,,,,,,10.0,158.0,71.0,229.0,31.0,0.2702702702702703,,,,kaden elliss,LB,nan,nan,
Chris Slayton,,NYG,7,245,2019,Syracuse,2015,2018,49.0,,,,,,,,,,,,,,DE,Syracuse,,,,,,,,,,,,,,,9.0,66.0,41.0,107.0,32.5,0.1836734693877551,,,,chris slayton,DE,Syracuse,syracuse,
Javon Patterson,,CLT,7,246,2019,Ole Miss,2015,2016,24.0,,,,,,,,,,,,,,OL,Ole Miss,,,,,,,,,,,,,,,,,,,,,,,,javon patterson,OL,Ole Miss,ole miss,
Olabisi Johnson,,MIN,7,247,2019,Colorado State,2015,2018,49.0,,,,,,,,,,,,,,WR,Colorado State,,,,,,,,,,41.2,125.0,2019.0,16.2,11.0,,,,,,,,,,olabisi johnson,WR,Colorado State,colorado state,
Michael Dogbe,,CRD,7,249,2019,Temple,2014,2018,55.0,,,,,,,,,,,,,,DL,Temple,,,,,,,,,,,,,,,8.0,77.0,81.0,158.0,19.5,0.1454545454545454,,,,michael dogbe,DL,Temple,temple,
Austin Cutting,,MIN,7,250,2019,Air Force,2016,2017,22.0,,,,,,,,,,,,,,OL,Air Force,,,,,,,,,,,,,,,,,,,,,,,,austin cutting,OL,Air Force,air force,
Austin Cutting,,MIN,7,250,2019,Air Force,2018,2018,12.0,,,,,,,,,,,,,,LS,Air Force,,,,,,,,,,,,,,,,,,,,,0.0,0.0,0.0,austin cutting,LS,Air Force,air force,
Dakota Allen,,RAM,7,251,2019,Texas Tech,2015,2018,36.0,,,,,,,,,,,,,,LB,Texas Tech,,,,,,,,,,,,,,,2.0,136.0,126.0,262.0,18.5,0.0555555555555555,,,,dakota allen,LB,Texas Tech,texas tech,
Kendarius Webster,,NWE,7,252,2019,Ole Miss,2014,2018,46.0,,,,,,,,,,,,,,DB,Ole Miss,,,,,,,,,,,,,,,,,,,,,3.0,0.0,21.0,kendarius webster,DB,Ole Miss,ole miss,
Jordan Brailford,,WAS,7,253,2019,Oklahoma State,2015,2018,36.0,,,,,,,,,,,,,,DE,Oklahoma State,,,,,,,,,,,,,,,15.0,89.0,45.0,134.0,30.5,0.4166666666666667,,,,jordan brailford,DE,Oklahoma State,oklahoma state,
Caleb Wilson,,CRD,7,254,2019,UCLA,2016,2018,29.0,,,,,,,,,,,,,,TE,UCLA,,,,,,,,,,57.7,114.0,1674.0,14.7,5.0,,,,,,,,,,caleb wilson,TE,UCLA,ucla,283.0
Joe Burrow,172.4,CIN,1,1,2020,LSU,2016,2019,39.0,650.0,945.0,295.0,68.8,8852.0,78.0,11.0,8.3,1.2,9.4,10.49,13.6,227.0,QB,LSUOhio State,,,,,,,,,,,,,,,,,,,,,,,,joe burrow,QB,LSU,lsu,67.0
Chase Young,,WAS,1,2,2020,Ohio State,2017,2019,36.0,,,,,,,,,,,,,,DE,Ohio State,,,,,,,,,,,,,,,30.0,69.0,30.0,99.0,42.5,0.8333333333333334,,,,chase young,DE,Ohio State,ohio state,
Jeffrey Okudah,,DET,1,3,2020,Ohio State,2017,2019,41.0,,,,,,,,,,,,,,CB,Ohio State,,,,,,,,,,,,,,,,,,,,,3.0,0.0,18.0,jeffrey okudah,CB,Ohio State,ohio state,
Tua Tagovailoa,199.4,MIA,1,5,2020,Alabama,2017,2019,33.0,474.0,684.0,210.0,69.3,7442.0,87.0,11.0,12.7,1.6,10.9,12.7,15.7,225.5,QB,Alabama,,,,,,,,,,,,,,,,,,,,,,,,tua tagovailoa,QB,Alabama,alabama,75.0
Justin Herbert,153.1,SDG,1,6,2020,Oregon,2016,2019,44.0,827.0,1293.0,466.0,64.0,10541.0,95.0,23.0,7.3,1.8,8.2,8.82,12.7,239.6,QB,Oregon,,,,,,,,,,,,,,,,,,,,,,,,justin herbert,QB,Oregon,oregon,70.0
Derrick Brown,,CAR,1,7,2020,Auburn,2016,2019,53.0,,,,,,,,,,,,,,DL,Auburn,,,,,,,,,,,,,,,13.0,88.0,82.0,170.0,33.5,0.2452830188679245,,,,derrick brown,DL,Auburn,auburn,
Isaiah Simmons,,CRD,1,8,2020,Clemson,2019,2019,15.0,,,,,,,,,,,,,,LB,Clemson,,,,,,,,,,,,,,,7.0,67.0,36.0,103.0,16.0,0.4666666666666667,,,,isaiah simmons,LB,Clemson,clemson,
Isaiah Simmons,,CRD,1,8,2020,Clemson,2016,2018,30.0,,,,,,,,,,,,,,S,Clemson,,,,,,,,,,,,,,,,,,,,,1.0,1.0,12.0,isaiah simmons,S,Clemson,clemson,
C.J. Henderson,,JAX,1,9,2020,Florida,2017,2019,33.0,,,,,,,,,,,,,,CB,Florida,,,,,,,,,,,,,,,,,,,,,6.0,2.0,22.0,c j henderson,CB,Florida,florida,
Mekhi Becton,,NYJ,1,11,2020,Louisville,2018,2019,23.0,,,,,,,,,,,,,,OL,Louisville,,,,,,,,,,,,,,,,,,,,,,,,mekhi becton,OL,Louisville,louisville,
Henry Ruggs III,,RAI,1,12,2020,Alabama,2017,2019,41.0,,,,,,,,,,,,,,WR,Alabama,,,,,,,,,,41.9,98.0,1716.0,17.5,24.0,,,,,,,,,,henry ruggs,WR,Alabama,alabama,484.0
Tristan Wirfs,,TAM,1,13,2020,Iowa,2018,2018,12.0,,,,,,,,,,,,,,OL,Iowa,,,,,,,,,,,,,,,,,,,,,,,,tristan wirfs,OL,Iowa,iowa,
Javon Kinlaw,,SFO,1,14,2020,South Carolina,2017,2019,37.0,,,,,,,,,,,,,,DL,South Carolina,,,,,,,,,,,,,,,10.0,48.0,45.0,93.0,18.0,0.2702702702702703,,,,javon kinlaw,DL,South Carolina,south carolina,
Jerry Jeudy,,DEN,1,15,2020,Alabama,2017,2019,42.0,,,,,,,,,,,,,,WR,Alabama,,,,,,,,,,65.3,159.0,2742.0,17.2,26.0,,,,,,,,,,jerry jeudy,WR,Alabama,alabama,475.0
A.J. Terrell,,ATL,1,16,2020,Clemson,2017,2019,44.0,,,,,,,,,,,,,,CB,Clemson,,,,,,,,,,,,,,,,,,,,,6.0,1.0,14.0,a j terrell,CB,Clemson,clemson,
CeeDee Lamb,,DAL,1,17,2020,Oklahoma,2017,2019,41.0,,,,,,,,,,,,,,WR,Oklahoma,,,,,,,,,,80.3,173.0,3292.0,19.0,32.0,,,,,,,,,,ceedee lamb,WR,Oklahoma,oklahoma,478.0
Austin Jackson,,MIA,1,18,2020,USC,2017,2019,27.0,,,,,,,,,,,,,,T,USC,,,,,,,,,,,,,,,,,,,,,,,,austin jackson,T,USC,usc,
Damon Arnette,,RAI,1,19,2020,Ohio State,2016,2019,53.0,,,,,,,,,,,,,,CB,Ohio State,,,,,,,,,,,,,,,,,,,,,5.0,1.0,22.0,damon arnette,CB,Ohio State,ohio state,
K'Lavon Chaisson,,JAX,1,20,2020,LSU,2017,2019,26.0,,,,,,,,,,,,,,LB,LSU,,,,,,,,,,,,,,,9.0,46.0,46.0,92.0,19.0,0.3461538461538461,,,,k lavon chaisson,LB,LSU,lsu,
Jalen Reagor,,PHI,1,21,2020,Texas Christian,2017,2019,39.0,,,,,,,,,,,,,,WR,Texas Christian,,,,,,,,,,57.6,148.0,2248.0,15.2,22.0,,,,,,,,,,jalen reagor,WR,Texas Christian,texas christian,
Justin Jefferson,,MIN,1,22,2020,LSU,2017,2019,34.0,,,,,,,,,,,,,,WR,LSU,,,,,,,,,,71.0,165.0,2415.0,14.6,24.0,,,,,,,,,,justin jefferson,WR,LSU,lsu,472.0
Kenneth Murray,,SDG,1,23,2020,Oklahoma,2017,2019,42.0,,,,,,,,,,,,,,LB,Oklahoma,,,,,,,,,,,,,,,9.0,182.0,153.0,335.0,37.0,0.2142857142857142,,,,kenneth murray,LB,Oklahoma,oklahoma,
Cesar Ruiz,,NOR,1,24,2020,Michigan,2018,2018,13.0,,,,,,,,,,,,,,OL,Michigan,,,,,,,,,,,,,,,,,,,,,,,,cesar ruiz,OL,Michigan,michigan,
Brandon Aiyuk,,SFO,1,25,2020,Arizona State,2018,2019,25.0,,,,,,,,,,,,,,WR,Arizona State,,,,,,,,,,66.6,98.0,1666.0,17.0,11.0,,,,,,,,,,brandon aiyuk,WR,Arizona State,arizona state,
Jordan Love,137.9,GNB,1,26,2020,Utah State,2017,2019,38.0,689.0,1125.0,436.0,61.2,8600.0,60.0,29.0,5.3,2.6,7.6,7.55,12.5,226.3,QB,Utah State,,,,,,,,,,,,,,,,,,,,,,,,jordan love,QB,Utah State,utah state,
Jordyn Brooks,,SEA,1,27,2020,Texas Tech,2016,2019,47.0,,,,,,,,,,,,,,LB,Texas Tech,,,,,,,,,,,,,,,7.0,220.0,147.0,367.0,33.0,0.1489361702127659,,,,jordyn brooks,LB,Texas Tech,texas tech,
Patrick Queen,,RAV,1,28,2020,LSU,2017,2019,40.0,,,,,,,,,,,,,,LB,LSU,,,,,,,,,,,,,,,4.0,59.0,72.0,131.0,17.5,0.1,,,,patrick queen,LB,LSU,lsu,
Noah Igbinoghene,,MIA,1,30,2020,Auburn,2017,2018,27.0,,,,,,,,,,,,,,WR,Auburn,,,,,,,,,,0.9,6.0,24.0,4.0,0.0,,,,,,,,,,noah igbinoghene,WR,Auburn,auburn,
Noah Igbinoghene,,MIA,1,30,2020,Auburn,2019,2019,13.0,,,,,,,,,,,,,,DB,Auburn,,,,,,,,,,,,,,,,,,,,,0.0,0.0,7.0,noah igbinoghene,DB,Auburn,auburn,
Jeff Gladney,,MIN,1,31,2020,Texas Christian,2016,2019,50.0,,,,,,,,,,,,,,CB,Texas Christian,,,,,,,,,,,,,,,,,,,,,5.0,0.0,38.0,jeff gladney,CB,Texas Christian,texas christian,
Clyde Edwards-Helaire,,KAN,1,32,2020,LSU,2017,2019,41.0,,,,,,,,,,,,,,RB,LSU,51.3,370.0,2103.0,5.7,23.0,69.0,8.6,1.0,14.5,,,,,,,,,,,,,,,clyde edwards helaire,RB,LSU,lsu,196.0
Tee Higgins,,CIN,2,33,2020,Clemson,2017,2019,43.0,,,,,,,,,,,,,,WR,Clemson,,,,,,,,,,56.9,135.0,2448.0,18.1,27.0,,,,,,,,,,tee higgins,WR,Clemson,clemson,471.0
Michael Pittman Jr.,,CLT,2,34,2020,USC,2016,2019,48.0,,,,,,,,,,,,,,WR,USC,,,,,,,,,,52.5,171.0,2519.0,14.7,19.0,,,,,,,,,,michael pittman,WR,USC,usc,
D'Andre Swift,,DET,2,35,2020,Georgia,2017,2019,43.0,,,,,,,,,,,,,,RB,Georgia,67.1,440.0,2885.0,6.6,20.0,73.0,9.1,5.0,15.5,,,,,,,,,,,,,,,d andre swift,RB,Georgia,georgia,
Xavier McKinney,,NYG,2,36,2020,Alabama,2017,2019,41.0,,,,,,,,,,,,,,DB,Alabama,,,,,,,,,,,,,,,,,,,,,5.0,2.0,15.0,xavier mckinney,DB,Alabama,alabama,
Yetur Gross-Matos,,CAR,2,38,2020,Penn State,2017,2019,38.0,,,,,,,,,,,,,,DE,Penn State,,,,,,,,,,,,,,,19.0,65.0,46.0,111.0,37.0,0.5,,,,yetur gross matos,DE,Penn State,penn state,
Robert Hunt,,MIA,2,39,2020,Louisiana,2016,2016,12.0,,,,,,,,,,,,,,OL,Louisiana,,,,,,,,,,,,,,,,,,,,,,,,robert hunt,OL,Louisiana,louisiana,
Ross Blacklock,,HTX,2,40,2020,Texas Christian,2017,2019,26.0,,,,,,,,,,,,,,DT,Texas Christian,,,,,,,,,,,,,,,5.0,39.0,28.0,67.0,15.5,0.1923076923076923,,,,ross blacklock,DT,Texas Christian,texas christian,
Jonathan Taylor,,CLT,2,41,2020,Wisconsin,2017,2019,41.0,,,,,,,,,,,,,,RB,Wisconsin,150.6,926.0,6174.0,6.7,50.0,42.0,9.7,5.0,9.9,,,,,,,,,,,,,,,jonathan taylor,RB,Wisconsin,wisconsin,202.0
Laviska Shenault Jr.,,JAX,2,42,2020,Colorado,2017,2019,32.0,,,,,,,,,,,,,,WR,Colorado,,,,,,,,,,60.7,149.0,1943.0,13.0,10.0,,,,,,,,,,laviska shenault,WR,Colorado,colorado,485.0
Cole Kmet,,CHI,2,43,2020,Notre Dame,2017,2019,35.0,,,,,,,,,,,,,,TE,Notre Dame,,,,,,,,,,19.7,60.0,691.0,11.5,6.0,,,,,,,,,,cole kmet,TE,Notre Dame,notre dame,288.0
Grant Delpit,,CLE,2,44,2020,LSU,2017,2019,40.0,,,,,,,,,,,,,,S,LSU,,,,,,,,,,,,,,,,,,,,,8.0,0.0,24.0,grant delpit,S,LSU,lsu,
Antoine Winfield Jr.,,TAM,2,45,2020,Minnesota,2016,2019,34.0,,,,,,,,,,,,,,DB,Minnesota,,,,,,,,,,,,,,,,,,,,,9.0,2.0,6.0,antoine winfield,DB,Minnesota,minnesota,
KJ Hamler,,DEN,2,46,2020,Penn State,2018,2019,26.0,,,,,,,,,,,,,,WR,Penn State,,,,,,,,,,63.8,98.0,1658.0,16.9,13.0,,,,,,,,,,kj hamler,WR,Penn State,penn state,
Marlon Davidson,,ATL,2,47,2020,Auburn,2016,2019,51.0,,,,,,,,,,,,,,DL,Auburn,,,,,,,,,,,,,,,17.0,90.0,85.0,175.0,29.5,0.3333333333333333,,,,marlon davidson,DL,Auburn,auburn,
Darrell Taylor,,SEA,2,48,2020,Tennessee,2016,2019,43.0,,,,,,,,,,,,,,DL,Tennessee,,,,,,,,,,,,,,,19.0,76.0,42.0,118.0,26.0,0.4418604651162791,,,,darrell taylor,DL,Tennessee,tennessee,
Chase Claypool,,PIT,2,49,2020,Notre Dame,2016,2019,49.0,,,,,,,,,,,,,,WR,Notre Dame,,,,,,,,,,44.1,150.0,2159.0,14.4,19.0,,,,,,,,,,chase claypool,WR,Notre Dame,notre dame,464.0
Jaylon Johnson,,CHI,2,50,2020,Utah,2017,2019,38.0,,,,,,,,,,,,,,DB,Utah,,,,,,,,,,,,,,,,,,,,,7.0,2.0,21.0,jaylon johnson,DB,Utah,utah,
Trevon Diggs,,DAL,2,51,2020,Alabama,2016,2016,15.0,,,,,,,,,,,,,,WR,Alabama,,,,,,,,,,5.9,11.0,88.0,8.0,1.0,,,,,,,,,,trevon diggs,WR,Alabama,alabama,
Trevon Diggs,,DAL,2,51,2020,Alabama,2017,2019,31.0,,,,,,,,,,,,,,DB,Alabama,,,,,,,,,,,,,,,,,,,,,4.0,1.0,17.0,trevon diggs,DB,Alabama,alabama,
Cam Akers,,RAM,2,52,2020,Florida State,2017,2019,36.0,,,,,,,,,,,,,,RB,Florida State,79.8,586.0,2874.0,4.9,27.0,69.0,7.0,7.0,13.5,,,,,,,,,,,,,,,cam akers,RB,Florida State,florida state,
Jalen Hurts,162.7,PHI,2,53,2020,Oklahoma,2016,2019,56.0,682.0,1046.0,364.0,65.2,9477.0,80.0,20.0,7.6,1.9,9.1,9.73,13.9,169.2,QB,AlabamaOklahoma,,,,,,,,,,,,,,,,,,,,,,,,jalen hurts,QB,Oklahoma,oklahoma,71.0
A.J. Epenesa,,BUF,2,54,2020,Iowa,2017,2019,39.0,,,,,,,,,,,,,,DE,Iowa,,,,,,,,,,,,,,,26.0,61.0,40.0,101.0,36.5,0.6666666666666666,,,,a j epenesa,DE,Iowa,iowa,604.0
J.K. Dobbins,,RAV,2,55,2020,Ohio State,2017,2019,42.0,,,,,,,,,,,,,,RB,Ohio State,106.2,725.0,4459.0,6.2,38.0,71.0,9.1,5.0,15.4,,,,,,,,,,,,,,,j k dobbins,RB,Ohio State,ohio state,
Raekwon Davis,,MIA,2,56,2020,Alabama,2016,2019,48.0,,,,,,,,,,,,,,DL,Alabama,,,,,,,,,,,,,,,11.0,67.0,108.0,175.0,19.5,0.2291666666666666,,,,raekwon davis,DL,Alabama,alabama,
Van Jefferson,,RAM,2,57,2020,Florida,2016,2019,48.0,,,,,,,,,,,,,,WR,FloridaOle Miss,,,,,,,,,,45.0,175.0,2159.0,12.3,16.0,,,,,,,,,,van jefferson,WR,Florida,florida,473.0
Ezra Cleveland,,MIN,2,58,2020,Boise State,2018,2019,26.0,,,,,,,,,,,,,,OL,Boise State,,,,,,,,,,,,,,,,,,,,,,,,ezra cleveland,OL,Boise State,boise state,
Denzel Mims,,NYJ,2,59,2020,Baylor,2016,2019,48.0,,,,,,,,,,,,,,WR,Baylor,,,,,,,,,,60.9,186.0,2925.0,15.7,28.0,,,,,,,,,,denzel mims,WR,Baylor,baylor,479.0
Josh Uche,,NWE,2,60,2020,Michigan,2016,2019,39.0,,,,,,,,,,,,,,LB,Michigan,,,,,,,,,,,,,,,16.0,38.0,18.0,56.0,20.5,0.4102564102564102,,,,josh uche,LB,Michigan,michigan,
Kristian Fulton,,OTI,2,61,2020,LSU,2016,2019,28.0,,,,,,,,,,,,,,DB,LSU,,,,,,,,,,,,,,,,,,,,,2.0,0.0,23.0,kristian fulton,DB,LSU,lsu,
AJ Dillon,,GNB,2,62,2020,Boston College,2017,2019,36.0,,,,,,,,,,,,,,RB,Boston College,121.7,845.0,4382.0,5.2,38.0,21.0,11.2,2.0,6.6,,,,,,,,,,,,,,,aj dillon,RB,Boston College,boston college,
Willie Gay,,KAN,2,63,2020,Mississippi State,2017,2019,31.0,,,,,,,,,,,,,,LB,Mississippi State,,,,,,,,,,,,,,,6.0,46.0,53.0,99.0,11.0,0.1935483870967742,,,,willie gay,LB,Mississippi State,mississippi state,
Logan Wilson,,CIN,3,65,2020,Wyoming,2016,2019,52.0,,,,,,,,,,,,,,LB,Wyoming,,,,,,,,,,,,,,,7.0,253.0,168.0,421.0,35.0,0.1346153846153846,,,,logan wilson,LB,Wyoming,wyoming,
Antonio Gibson,,WAS,3,66,2020,Memphis,2018,2019,28.0,,,,,,,,,,,,,,WR,Memphis,,,,,,,,,,29.8,44.0,834.0,19.0,10.0,,,,,,,,,,antonio gibson,WR,Memphis,memphis,
Julian Okwara,,DET,3,67,2020,Notre Dame,2016,2019,45.0,,,,,,,,,,,,,,DL,Notre Dame,,,,,,,,,,,,,,,14.0,46.0,31.0,77.0,23.0,0.3111111111111111,,,,julian okwara,DL,Notre Dame,notre dame,
Ashtyn Davis,,NYJ,3,68,2020,California,2016,2019,48.0,,,,,,,,,,,,,,CB,California,,,,,,,,,,,,,,,,,,,,,7.0,1.0,12.0,ashtyn davis,CB,California,california,
Damien Lewis,,SEA,3,69,2020,LSU,2019,2019,15.0,,,,,,,,,,,,,,G,LSU,,,,,,,,,,,,,,,,,,,,,,,,damien lewis,G,LSU,lsu,
Brandon Jones,,MIA,3,70,2020,Texas,2016,2019,47.0,,,,,,,,,,,,,,DB,Texas,,,,,,,,,,,,,,,,,,,,,4.0,0.0,7.0,brandon jones,DB,Texas,texas,
Justin Madubuike,,RAV,3,71,2020,Texas A&M,2017,2019,38.0,,,,,,,,,,,,,,DL,Texas A&M,,,,,,,,,,,,,,,11.0,43.0,62.0,105.0,24.5,0.2894736842105263,,,,justin madubuike,DL,Texas A&M,texas a&m,
Davon Hamilton,,JAX,3,73,2020,Ohio State,2015,2019,54.0,,,,,,,,,,,,,,DT,Ohio State,,,,,,,,,,,,,,,7.0,41.0,25.0,66.0,21.0,0.1296296296296296,,,,davon hamilton,DT,Ohio State,ohio state,
Zack Baun,,NOR,3,74,2020,Wisconsin,2016,2019,39.0,,,,,,,,,,,,,,LB,Wisconsin,,,,,,,,,,,,,,,15.0,99.0,55.0,154.0,30.5,0.3846153846153846,,,,zack baun,LB,Wisconsin,wisconsin,
Jonah Jackson,,DET,3,75,2020,Ohio State,2018,2018,11.0,,,,,,,,,,,,,,OL,Rutgers,,,,,,,,,,,,,,,,,,,,,,,,jonah jackson,OL,Ohio State,ohio state,
Ke'Shawn Vaughn,,TAM,3,76,2020,Illinois,2015,2019,46.0,,,,,,,,,,,,,,RB,IllinoisVanderbilt,71.7,572.0,3296.0,5.8,30.0,67.0,9.9,3.0,14.4,,,,,,,,,,,,,,,ke shawn vaughn,RB,Illinois,illinois,
Michael Ojemudia,,DEN,3,77,2020,Iowa,2016,2019,51.0,,,,,,,,,,,,,,DB,Iowa,,,,,,,,,,,,,,,,,,,,,6.0,0.0,17.0,michael ojemudia,DB,Iowa,iowa,
Matt Hennessy,,ATL,3,78,2020,Temple,2017,2019,24.0,,,,,,,,,,,,,,OL,Temple,,,,,,,,,,,,,,,,,,,,,,,,matt hennessy,OL,Temple,temple,
Jabari Zuniga,,NYJ,3,79,2020,Florida,2016,2019,42.0,,,,,,,,,,,,,,DL,Florida,,,,,,,,,,,,,,,18.0,54.0,64.0,118.0,34.5,0.4285714285714285,,,,jabari zuniga,DL,Florida,florida,
Lynn Bowden Jr.,,RAI,3,80,2020,Kentucky,2017,2019,39.0,,,,,,,,,,,,,,WR,Kentucky,,,,,,,,,,33.4,114.0,1303.0,11.4,6.0,,,,,,,,,,lynn bowden,WR,Kentucky,kentucky,462.0
Bryan Edwards,,RAI,3,81,2020,South Carolina,2016,2019,48.0,,,,,,,,,,,,,,WR,South Carolina,,,,,,,,,,63.4,234.0,3045.0,13.0,22.0,,,,,,,,,,bryan edwards,WR,South Carolina,south carolina,469.0
Neville Gallimore,,DAL,3,82,2020,Oklahoma,2016,2019,52.0,,,,,,,,,,,,,,DL,Oklahoma,,,,,,,,,,,,,,,9.0,68.0,80.0,148.0,18.0,0.173076923076923,,,,neville gallimore,DL,Oklahoma,oklahoma,
Terrell Lewis,,RAM,3,84,2020,Alabama,2017,2019,15.0,,,,,,,,,,,,,,LB,Alabama,,,,,,,,,,,,,,,7.0,31.0,16.0,47.0,13.5,0.4666666666666667,,,,terrell lewis,LB,Alabama,alabama,
Julian Blackmon,,CLT,3,85,2020,Utah,2016,2019,49.0,,,,,,,,,,,,,,DB,Utah,,,,,,,,,,,,,,,,,,,,,9.0,2.0,20.0,julian blackmon,DB,Utah,utah,
Zack Moss,,BUF,3,86,2020,Utah,2016,2019,45.0,,,,,,,,,,,,,,RB,Utah,90.4,712.0,4067.0,5.7,38.0,66.0,10.4,3.0,15.2,,,,,,,,,,,,,,,zack moss,RB,Utah,utah,200.0
Anfernee Jennings,,NWE,3,87,2020,Alabama,2016,2019,54.0,,,,,,,,,,,,,,LB,Alabama,,,,,,,,,,,,,,,14.0,98.0,95.0,193.0,33.5,0.2592592592592592,,,,anfernee jennings,LB,Alabama,alabama,
Jordan Elliott,,CLE,3,88,2020,Texas,2016,2019,31.0,,,,,,,,,,,,,,DL,MissouriTexas,,,,,,,,,,,,,,,5.0,50.0,26.0,76.0,18.0,0.1612903225806451,,,,jordan elliott,DL,Texas,texas,
Cameron Dantzler,,MIN,3,89,2020,Mississippi State,2017,2019,35.0,,,,,,,,,,,,,,DB,Mississippi State,,,,,,,,,,,,,,,,,,,,,5.0,0.0,20.0,cameron dantzler,DB,Mississippi State,mississippi state,
Jonathan Greenard,,HTX,3,90,2020,Florida,2016,2019,36.0,,,,,,,,,,,,,,LB,FloridaLouisville,,,,,,,,,,,,,,,19.0,64.0,58.0,122.0,38.0,0.5277777777777778,,,,jonathan greenard,LB,Florida,florida,
Devin Asiasi,,NWE,3,91,2020,UCLA,2016,2019,34.0,,,,,,,,,,,,,,TE,MichiganUCLA,,,,,,,,,,23.2,52.0,789.0,15.2,6.0,,,,,,,,,,devin asiasi,TE,UCLA,ucla,284.0
Devin Duvernay,,RAV,3,92,2020,Texas,2016,2019,51.0,,,,,,,,,,,,,,WR,Texas,,,,,,,,,,48.4,176.0,2468.0,14.0,16.0,,,,,,,,,,devin duvernay,WR,Texas,texas,468.0
Darrynton Evans,,OTI,3,93,2020,Appalachian State,2016,2019,39.0,,,,,,,,,,,,,,RB,Appalachian State,73.9,482.0,2884.0,6.0,25.0,39.0,8.2,6.0,8.2,,,,,,,,,,,,,,,darrynton evans,RB,Appalachian State,appalachian state,
Josiah Deguara,,GNB,3,94,2020,Cincinnati,2016,2019,46.0,,,,,,,,,,,,,,TE,Cincinnati,,,,,,,,,,24.3,92.0,1117.0,12.1,12.0,,,,,,,,,,josiah deguara,TE,Cincinnati,cincinnati,
McTelvin Agim,,DEN,3,95,2020,Arkansas,2016,2019,49.0,,,,,,,,,,,,,,DL,Arkansas,,,,,,,,,,,,,,,14.0,62.0,86.0,148.0,31.5,0.2857142857142857,,,,mctelvin agim,DL,Arkansas,arkansas,
Lucas Niang,,KAN,3,96,2020,Texas Christian,2018,2019,20.0,,,,,,,,,,,,,,T,Texas Christian,,,,,,,,,,,,,,,,,,,,,,,,lucas niang,T,Texas Christian,texas christian,
Jacob Phillips,,CLE,3,97,2020,LSU,2017,2019,39.0,,,,,,,,,,,,,,LB,LSU,,,,,,,,,,,,,,,2.0,96.0,122.0,218.0,13.5,0.0512820512820512,,,,jacob phillips,LB,LSU,lsu,
Malik Harrison,,RAV,3,98,2020,Ohio State,2016,2019,52.0,,,,,,,,,,,,,,LB,Ohio State,,,,,,,,,,,,,,,10.0,136.0,69.0,205.0,29.0,0.1923076923076923,,,,malik harrison,LB,Ohio State,ohio state,
Matt Peart,,NYG,3,99,2020,Connecticut,2018,2019,24.0,,,,,,,,,,,,,,OL,Connecticut,,,,,,,,,,,,,,,,,,,,,,,,matt peart,OL,Connecticut,connecticut,
Tanner Muse,,RAI,3,100,2020,Clemson,2016,2019,58.0,,,,,,,,,,,,,,S,Clemson,,,,,,,,,,,,,,,,,,,,,7.0,1.0,14.0,tanner muse,S,Clemson,clemson,
Dalton Keene,,NWE,3,101,2020,Virginia Tech,2017,2019,38.0,,,,,,,,,,,,,,TE,Virginia Tech,,,,,,,,,,19.7,59.0,748.0,12.7,8.0,,,,,,,,,,dalton keene,TE,Virginia Tech,virginia tech,287.0
Alex Highsmith,,PIT,3,102,2020,Charlotte,2016,2019,48.0,,,,,,,,,,,,,,LB,Charlotte,,,,,,,,,,,,,,,20.0,115.0,70.0,185.0,46.0,0.4166666666666667,,,,alex highsmith,LB,Charlotte,charlotte,
Davion Taylor,,PHI,3,103,2020,Colorado,2018,2019,24.0,,,,,,,,,,,,,,LB,Colorado,,,,,,,,,,,,,,,2.0,99.0,29.0,128.0,18.0,0.0833333333333333,,,,davion taylor,LB,Colorado,colorado,
Terrell Burgess,,RAM,3,104,2020,Utah,2016,2019,45.0,,,,,,,,,,,,,,DB,Utah,,,,,,,,,,,,,,,,,,,,,1.0,0.0,9.0,terrell burgess,DB,Utah,utah,
Tyre Phillips,,RAV,3,106,2020,Mississippi State,2018,2018,13.0,,,,,,,,,,,,,,OL,Mississippi State,,,,,,,,,,,,,,,,,,,,,,,,tyre phillips,OL,Mississippi State,mississippi state,
Akeem Davis-Gaither,,CIN,4,107,2020,Appalachian State,2017,2019,40.0,,,,,,,,,,,,,,LB,Appalachian State,,,,,,,,,,,,,,,6.0,121.0,119.0,240.0,25.5,0.15,,,,akeem davis gaither,LB,Appalachian State,appalachian state,
John Simpson,,RAI,4,109,2020,Clemson,2018,2019,29.0,,,,,,,,,,,,,,G,Clemson,,,,,,,,,,,,,,,,,,,,,,,,john simpson,G,Clemson,clemson,
Darnay Holmes,,NYG,4,110,2020,UCLA,2017,2019,35.0,,,,,,,,,,,,,,DB,UCLA,,,,,,,,,,,,,,,,,,,,,8.0,2.0,20.0,darnay holmes,DB,UCLA,ucla,
Joshua Kelley,,SDG,4,112,2020,UCLA,2018,2019,22.0,,,,,,,,,,,,,,RB,UCLA,104.7,454.0,2303.0,5.1,24.0,38.0,6.9,1.0,12.0,,,,,,,,,,,,,,,joshua kelley,RB,UCLA,ucla,198.0
Troy Pride Jr.,,CAR,4,113,2020,Notre Dame,2016,2019,46.0,,,,,,,,,,,,,,CB,Notre Dame,,,,,,,,,,,,,,,,,,,,,4.0,0.0,18.0,troy pride,CB,Notre Dame,notre dame,877.0
Leki Fotu,,CRD,4,114,2020,Utah,2016,2019,45.0,,,,,,,,,,,,,,DT,Utah,,,,,,,,,,,,,,,4.0,43.0,42.0,85.0,18.0,0.0888888888888888,,,,leki fotu,DT,Utah,utah,725.0
Harrison Bryant,,CLE,4,115,2020,Florida Atlantic,2016,2019,48.0,,,,,,,,,,,,,,TE,Florida Atlantic,,,,,,,,,,44.5,148.0,2137.0,14.4,16.0,,,,,,,,,,harrison bryant,TE,Florida Atlantic,florida atlantic,285.0
D.J. Wonnum,,MIN,4,117,2020,South Carolina,2016,2019,43.0,,,,,,,,,,,,,,DL,South Carolina,,,,,,,,,,,,,,,14.0,78.0,59.0,137.0,29.5,0.3255813953488372,,,,d j wonnum,DL,South Carolina,south carolina,
Albert Okwuegbunam,,DEN,4,118,2020,Missouri,2017,2019,33.0,,,,,,,,,,,,,,TE,Missouri,,,,,,,,,,36.0,98.0,1187.0,12.1,23.0,,,,,,,,,,albert okwuegbunam,TE,Missouri,missouri,289.0
Mykal Walker,,ATL,4,119,2020,Fresno State,2018,2019,26.0,,,,,,,,,,,,,,DE,Fresno State,,,,,,,,,,,,,,,6.0,94.0,88.0,182.0,22.5,0.2307692307692307,,,,mykal walker,DE,Fresno State,fresno state,
Lamical Perine,,NYJ,4,120,2020,Florida,2016,2019,50.0,,,,,,,,,,,,,,RB,Florida,49.7,493.0,2485.0,5.0,22.0,72.0,9.4,8.0,13.5,,,,,,,,,,,,,,,lamical perine,RB,Florida,florida,
Logan Stenberg,,DET,4,121,2020,Kentucky,2017,2018,25.0,,,,,,,,,,,,,,G,Kentucky,,,,,,,,,,,,,,,,,,,,,,,,logan stenberg,G,Kentucky,kentucky,
Jacob Eason,132.3,CLT,4,122,2020,Washington,2016,2019,31.0,468.0,782.0,314.0,59.8,5590.0,39.0,16.0,5.0,2.0,7.1,7.23,11.9,180.3,QB,GeorgiaWashington,,,,,,,,,,,,,,,,,,,,,,,,jacob eason,QB,Washington,washington,68.0
Reginald Robinson II,,DAL,4,123,2020,Tulsa,2016,2018,29.0,,,,,,,,,,,,,,CB,Tulsa,,,,,,,,,,,,,,,,,,,,,0.0,0.0,21.0,reginald robinson,CB,Tulsa,tulsa,
Anthony McFarland,,PIT,4,124,2020,Maryland,2018,2019,23.0,,,,,,,,,,,,,,RB,Maryland,71.7,245.0,1648.0,6.7,12.0,24.0,8.3,1.0,8.7,,,,,,,,,,,,,,,anthony mcfarland,RB,Maryland,maryland,199.0
James Morgan,128.6,NYJ,4,125,2020,Florida International,2015,2019,45.0,699.0,1221.0,522.0,57.2,8629.0,65.0,34.0,5.3,2.8,7.1,6.88,12.3,191.8,QB,Bowling GreenFlorida International,,,,,,,,,,,,,,,,,,,,,,,,james morgan,QB,Florida International,florida international,73.0
K'Von Wallace,,PHI,4,127,2020,Clemson,2016,2019,59.0,,,,,,,,,,,,,,DB,Clemson,,,,,,,,,,,,,,,,,,,,,5.0,1.0,16.0,k von wallace,DB,Clemson,clemson,
Gabriel Davis,,BUF,4,128,2020,UCF,2017,2019,37.0,,,,,,,,,,,,,,WR,UCF,,,,,,,,,,66.1,152.0,2447.0,16.1,23.0,,,,,,,,,,gabriel davis,WR,UCF,ucf,
Cameron Clark,,NYJ,4,129,2020,Charlotte,2017,2019,37.0,,,,,,,,,,,,,,OL,Charlotte,,,,,,,,,,,,,,,,,,,,,,,,cameron clark,OL,Charlotte,charlotte,
James Lynch,,MIN,4,130,2020,Baylor,2017,2019,38.0,,,,,,,,,,,,,,DT,Baylor,,,,,,,,,,,,,,,22.0,62.0,39.0,101.0,33.5,0.5789473684210527,,,,james lynch,DT,Baylor,baylor,729.0
Rashard Lawrence,,CRD,4,131,2020,LSU,2016,2019,44.0,,,,,,,,,,,,,,DT,LSU,,,,,,,,,,,,,,,9.0,47.0,73.0,120.0,21.0,0.2045454545454545,,,,rashard lawrence,DT,LSU,lsu,728.0
Troy Dye,,MIN,4,132,2020,Oregon,2016,2019,50.0,,,,,,,,,,,,,,LB,Oregon,,,,,,,,,,,,,,,15.0,237.0,160.0,397.0,44.0,0.3,,,,troy dye,LB,Oregon,oregon,
Colby Parkinson,,SEA,4,133,2020,Stanford,2017,2019,39.0,,,,,,,,,,,,,,TE,Stanford,,,,,,,,,,30.0,87.0,1171.0,13.5,12.0,,,,,,,,,,colby parkinson,TE,Stanford,stanford,290.0
Jaylinn Hawkins,,ATL,4,134,2020,California,2015,2019,50.0,,,,,,,,,,,,,,CB,California,,,,,,,,,,,,,,,,,,,,,10.0,0.0,7.0,jaylinn hawkins,CB,California,california,
Kevin Dotson,,PIT,4,135,2020,Louisiana,2016,2017,24.0,,,,,,,,,,,,,,OL,Louisiana,,,,,,,,,,,,,,,,,,,,,,,,kevin dotson,OL,Louisiana,louisiana,
Brycen Hopkins,,RAM,4,136,2020,Purdue,2016,2019,48.0,,,,,,,,,,,,,,TE,Purdue,,,,,,,,,,40.5,130.0,1945.0,15.0,16.0,,,,,,,,,,brycen hopkins,TE,Purdue,purdue,286.0
Josiah Scott,,JAX,4,137,2020,Michigan State,2017,2019,30.0,,,,,,,,,,,,,,CB,Michigan State,,,,,,,,,,,,,,,,,,,,,7.0,0.0,24.0,josiah scott,CB,Michigan State,michigan state,
L'Jarius Sneed,,KAN,4,138,2020,Louisiana Tech,2016,2019,51.0,,,,,,,,,,,,,,CB,Louisiana Tech,,,,,,,,,,,,,,,,,,,,,8.0,3.0,20.0,l jarius sneed,CB,Louisiana Tech,louisiana tech,
Amik Robertson,,RAI,4,139,2020,Louisiana Tech,2017,2019,38.0,,,,,,,,,,,,,,CB,Louisiana Tech,,,,,,,,,,,,,,,,,,,,,14.0,3.0,34.0,amik robertson,CB,Louisiana Tech,louisiana tech,878.0
Shaquille Quarterman,,JAX,4,140,2020,Miami (FL),2016,2019,52.0,,,,,,,,,,,,,,LB,Miami (FL),,,,,,,,,,,,,,,12.0,182.0,174.0,356.0,46.5,0.2307692307692307,,,,shaquille quarterman,LB,Miami (FL),miami (fl),
John Reid,,HTX,4,141,2020,Penn State,2015,2019,51.0,,,,,,,,,,,,,,CB,Penn State,,,,,,,,,,,,,,,,,,,,,7.0,1.0,30.0,john reid,CB,Penn State,penn state,
Antonio Gandy-Golden,,WAS,4,142,2020,Liberty,2018,2019,24.0,,,,,,,,,,,,,,WR,Liberty,,,,,,,,,,101.4,150.0,2433.0,16.2,20.0,,,,,,,,,,antonio gandy golden,WR,Liberty,liberty,470.0
Deejay Dallas,,SEA,4,144,2020,Miami (FL),2017,2019,35.0,,,,,,,,,,,,,,RB,Miami (FL),43.6,265.0,1527.0,5.8,17.0,28.0,11.3,2.0,9.1,,,,,,,,,,,,,,,deejay dallas,RB,Miami (FL),miami (fl),195.0
Tyler Biadasz,,DAL,4,146,2020,Wisconsin,2018,2019,27.0,,,,,,,,,,,,,,OL,Wisconsin,,,,,,,,,,,,,,,,,,,,,,,,tyler biadasz,OL,Wisconsin,wisconsin,
Khalid Kareem,,CIN,5,147,2020,Notre Dame,2017,2019,39.0,,,,,,,,,,,,,,DL,Notre Dame,,,,,,,,,,,,,,,13.0,56.0,53.0,109.0,26.0,0.3333333333333333,,,,khalid kareem,DL,Notre Dame,notre dame,
Alton Robinson,,SEA,5,148,2020,Syracuse,2017,2019,36.0,,,,,,,,,,,,,,DL,Syracuse,,,,,,,,,,,,,,,19.0,72.0,43.0,115.0,32.5,0.5277777777777778,,,,alton robinson,DL,Syracuse,syracuse,
Danny Pinter,,CLT,5,149,2020,Ball State,2016,2018,31.0,,,,,,,,,,,,,,TE,Ball State,,,,,,,,,,1.8,9.0,56.0,6.2,1.0,,,,,,,,,,danny pinter,TE,Ball State,ball state,
Danny Pinter,,CLT,5,149,2020,Ball State,2019,2019,12.0,,,,,,,,,,,,,,OL,Ball State,,,,,,,,,,,,,,,,,,,,,,,,danny pinter,OL,Ball State,ball state,
Joe Reed,,SDG,5,151,2020,Virginia,2016,2019,50.0,,,,,,,,,,,,,,WR,Virginia,,,,,,,,,,29.3,129.0,1465.0,11.4,16.0,,,,,,,,,,joe reed,WR,Virginia,virginia,483.0
Kenny Robinson,,CAR,5,152,2020,West Virginia,2017,2018,25.0,,,,,,,,,,,,,,S,West Virginia,,,,,,,,,,,,,,,,,,,,,7.0,2.0,7.0,kenny robinson,S,West Virginia,west virginia,
Colton McKivitz,,SFO,5,153,2020,West Virginia,2016,2017,26.0,,,,,,,,,,,,,,OL,West Virginia,,,,,,,,,,,,,,,,,,,,,,,,colton mckivitz,OL,West Virginia,west virginia,
Jason Strowbridge,,MIA,5,154,2020,North Carolina,2016,2019,44.0,,,,,,,,,,,,,,DE,North Carolina,,,,,,,,,,,,,,,11.0,62.0,65.0,127.0,22.0,0.25,,,,jason strowbridge,DE,North Carolina,north carolina,610.0
Trevis Gipson,,CHI,5,155,2020,Tulsa,2016,2019,49.0,,,,,,,,,,,,,,DE,Tulsa,,,,,,,,,,,,,,,13.0,64.0,50.0,114.0,25.5,0.2653061224489796,,,,trevis gipson,DE,Tulsa,tulsa,606.0
Keith Ismael,,WAS,5,156,2020,San Diego State,2018,2019,25.0,,,,,,,,,,,,,,OL,San Diego State,,,,,,,,,,,,,,,,,,,,,,,,keith ismael,OL,San Diego State,san diego state,
Daniel Thomas,,JAX,5,157,2020,Auburn,2016,2019,51.0,,,,,,,,,,,,,,DB,Auburn,,,,,,,,,,,,,,,,,,,,,5.0,1.0,8.0,daniel thomas,DB,Auburn,auburn,
Bryce Hall,,NYJ,5,158,2020,Virginia,2016,2019,44.0,,,,,,,,,,,,,,DB,Virginia,,,,,,,,,,,,,,,,,,,,,5.0,0.0,39.0,bryce hall,DB,Virginia,virginia,
Tyler Johnson,,TAM,5,161,2020,Minnesota,2016,2019,47.0,,,,,,,,,,,,,,WR,Minnesota,,,,,,,,,,65.8,199.0,3094.0,15.5,30.0,,,,,,,,,,tyler johnson,WR,Minnesota,minnesota,476.0
Khaleke Hudson,,WAS,5,162,2020,Michigan,2018,2019,26.0,,,,,,,,,,,,,,LB,Michigan,,,,,,,,,,,,,,,4.0,65.0,82.0,147.0,8.0,0.1538461538461538,,,,khaleke hudson,LB,Michigan,michigan,
Khaleke Hudson,,WAS,5,162,2020,Michigan,2016,2017,25.0,,,,,,,,,,,,,,S,Michigan,,,,,,,,,,,,,,,,,,,,,2.0,0.0,10.0,khaleke hudson,S,Michigan,michigan,
Kindle Vildor,,CHI,5,163,2020,Georgia Southern,2016,2019,48.0,,,,,,,,,,,,,,CB,Georgia Southern,,,,,,,,,,,,,,,,,,,,,9.0,0.0,24.0,kindle vildor,CB,Georgia Southern,georgia southern,881.0
Curtis Weaver,,MIA,5,164,2020,Boise State,2017,2019,41.0,,,,,,,,,,,,,,DE,Boise State,,,,,,,,,,,,,,,34.0,72.0,56.0,128.0,46.5,0.8292682926829268,,,,curtis weaver,DE,Boise State,boise state,
Collin Johnson,,JAX,5,165,2020,Texas,2016,2019,44.0,,,,,,,,,,,,,,WR,Texas,,,,,,,,,,59.6,188.0,2624.0,14.0,15.0,,,,,,,,,,collin johnson,WR,Texas,texas,477.0
Quintez Cephus,,DET,5,166,2020,Wisconsin,2016,2019,38.0,,,,,,,,,,,,,,WR,Wisconsin,,,,,,,,,,39.4,93.0,1496.0,16.1,13.0,,,,,,,,,,quintez cephus,WR,Wisconsin,wisconsin,463.0
Jake Fromm,156.1,BUF,5,167,2020,Georgia,2017,2019,43.0,621.0,982.0,361.0,63.2,8224.0,78.0,18.0,7.9,1.8,8.4,9.14,13.2,191.3,QB,Georgia,,,,,,,,,,,,,,,,,,,,,,,,jake fromm,QB,Georgia,georgia,69.0
John Hightower,,PHI,5,168,2020,Boise State,2018,2019,24.0,,,,,,,,,,,,,,WR,Boise State,,,,,,,,,,60.3,82.0,1447.0,17.6,14.0,,,,,,,,,,john hightower,WR,Boise State,boise state,
Harrison Hand,,MIN,5,169,2020,Temple,2017,2019,34.0,,,,,,,,,,,,,,CB,BaylorTemple,,,,,,,,,,,,,,,,,,,,,4.0,0.0,16.0,harrison hand,CB,Temple,temple,870.0
Broderick Washington,,RAV,5,170,2020,Texas Tech,2016,2019,49.0,,,,,,,,,,,,,,DL,Texas Tech,,,,,,,,,,,,,,,8.0,82.0,56.0,138.0,15.5,0.1632653061224489,,,,broderick washington,DL,Texas Tech,texas tech,
Jason Huntley,,DET,5,172,2020,New Mexico State,2016,2019,47.0,,,,,,,,,,,,,,RB,New Mexico State,46.4,373.0,2182.0,5.8,18.0,134.0,8.4,7.0,23.8,,,,,,,,,,,,,,,jason huntley,RB,New Mexico State,new mexico state,
Darnell Mooney,,CHI,5,173,2020,Tulane,2016,2019,50.0,,,,,,,,,,,,,,WR,Tulane,,,,,,,,,,51.4,154.0,2572.0,16.7,19.0,,,,,,,,,,darnell mooney,WR,Tulane,tulane,480.0
Larrell Murchison,,OTI,5,174,2020,North Carolina State,2018,2019,25.0,,,,,,,,,,,,,,DT,North Carolina State,,,,,,,,,,,,,,,11.0,40.0,42.0,82.0,20.0,0.44,,,,larrell murchison,DT,North Carolina State,north carolina state,
Kamal Martin,,GNB,5,175,2020,Minnesota,2016,2019,45.0,,,,,,,,,,,,,,LB,Minnesota,,,,,,,,,,,,,,,3.0,106.0,71.0,177.0,13.0,0.0666666666666666,,,,kamal martin,LB,Minnesota,minnesota,
K.J. Osborn,,MIN,5,176,2020,Miami (FL),2016,2019,51.0,,,,,,,,,,,,,,WR,BuffaloMiami (FL),,,,,,,,,,39.9,146.0,2037.0,14.0,17.0,,,,,,,,,,k j osborn,WR,Miami (FL),miami (fl),481.0
Mike Danna,,KAN,5,177,2020,Michigan,2016,2019,51.0,,,,,,,,,,,,,,DL,Central MichiganMichigan,,,,,,,,,,,,,,,18.0,112.0,77.0,189.0,31.0,0.3529411764705882,,,,mike danna,DL,Michigan,michigan,
Justin Strnad,,DEN,5,178,2020,Wake Forest,2016,2019,46.0,,,,,,,,,,,,,,LB,Wake Forest,,,,,,,,,,,,,,,8.0,145.0,99.0,244.0,22.5,0.1739130434782608,,,,justin strnad,LB,Wake Forest,wake forest,
Bradlee Anae,,DAL,5,179,2020,Utah,2016,2019,47.0,,,,,,,,,,,,,,DE,Utah,,,,,,,,,,,,,,,30.0,86.0,49.0,135.0,41.5,0.6382978723404256,,,,bradlee anae,DE,Utah,utah,603.0
Michael Onwenu,,NWE,6,182,2020,Michigan,2018,2018,13.0,,,,,,,,,,,,,,OL,Michigan,,,,,,,,,,,,,,,,,,,,,,,,michael onwenu,OL,Michigan,michigan,
Cameron Brown,,NYG,6,183,2020,Penn State,2016,2019,50.0,,,,,,,,,,,,,,LB,Penn State,,,,,,,,,,,,,,,5.0,99.0,100.0,199.0,15.0,0.1,,,,cameron brown,LB,Penn State,penn state,
Bravvion Roy,,CAR,6,184,2020,Baylor,2016,2019,48.0,,,,,,,,,,,,,,DT,Baylor,,,,,,,,,,,,,,,7.0,71.0,62.0,133.0,19.0,0.1458333333333333,,,,bravvion roy,DT,Baylor,baylor,
Blake Ferguson,,MIA,6,185,2020,LSU,2017,2018,26.0,,,,,,,,,,,,,,LS,LSU,,,,,,,,,,,,,,,,,,,,,0.0,0.0,0.0,blake ferguson,LS,LSU,lsu,
Alohi Gilman,,SDG,6,186,2020,Notre Dame,2016,2019,40.0,,,,,,,,,,,,,,S,NavyNotre Dame,,,,,,,,,,,,,,,,,,,,,3.0,0.0,12.0,alohi gilman,S,Notre Dame,notre dame,
Donovan Peoples-Jones,,CLE,6,187,2020,Michigan,2017,2019,37.0,,,,,,,,,,,,,,WR,Michigan,,,,,,,,,,35.9,103.0,1327.0,12.9,14.0,,,,,,,,,,donovan peoples jones,WR,Michigan,michigan,482.0
Jake Luton,135.5,JAX,6,189,2020,Oregon State,2015,2019,31.0,494.0,795.0,301.0,62.1,5610.0,43.0,15.0,5.4,1.9,7.1,7.29,11.4,181.0,QB,IdahoOregon State,,,,,,,,,,,,,,,,,,,,,,,,jake luton,QB,Oregon State,oregon state,
Charlie Woerner,,SFO,6,190,2020,Georgia,2016,2019,53.0,,,,,,,,,,,,,,TE,Georgia,,,,,,,,,,7.1,34.0,376.0,11.1,1.0,,,,,,,,,,charlie woerner,TE,Georgia,georgia,293.0
Jon Runyan,,GNB,6,192,2020,Michigan,2019,2019,12.0,,,,,,,,,,,,,,OL,Michigan,,,,,,,,,,,,,,,,,,,,,,,,jon runyan,OL,Michigan,michigan,
Robert Windsor,,CLT,6,193,2020,Penn State,2016,2019,52.0,,,,,,,,,,,,,,DT,Penn State,,,,,,,,,,,,,,,14.0,49.0,72.0,121.0,20.0,0.2692307692307692,,,,robert windsor,DT,Penn State,penn state,
Khalil Davis,,TAM,6,194,2020,Nebraska,2016,2019,47.0,,,,,,,,,,,,,,DT,Nebraska,,,,,,,,,,,,,,,13.0,63.0,42.0,105.0,23.0,0.2765957446808511,,,,khalil davis,DT,Nebraska,nebraska,724.0
Justin Herron,,NWE,6,195,2020,Wake Forest,2015,2015,12.0,,,,,,,,,,,,,,OL,Wake Forest,,,,,,,,,,,,,,,,,,,,,,,,justin herron,OL,Wake Forest,wake forest,
Shaun Bradley,,PHI,6,196,2020,Temple,2016,2019,50.0,,,,,,,,,,,,,,LB,Temple,,,,,,,,,,,,,,,2.0,168.0,88.0,256.0,22.0,0.04,,,,shaun bradley,LB,Temple,temple,
John Penisini,,DET,6,197,2020,Utah,2017,2019,40.0,,,,,,,,,,,,,,DT,Utah,,,,,,,,,,,,,,,5.0,29.0,51.0,80.0,15.0,0.125,,,,john penisini,DT,Utah,utah,730.0
Antoine Brooks,,PIT,6,198,2020,Maryland,2016,2017,20.0,,,,,,,,,,,,,,LB,Maryland,,,,,,,,,,,,,,,1.0,57.0,25.0,82.0,9.5,0.05,,,,antoine brooks,LB,Maryland,maryland,
Antoine Brooks,,PIT,6,198,2020,Maryland,2018,2019,24.0,,,,,,,,,,,,,,DB,Maryland,,,,,,,,,,,,,,,,,,,,,2.0,0.0,8.0,antoine brooks,DB,Maryland,maryland,
Jordan Fuller,,RAM,6,199,2020,Ohio State,2016,2019,52.0,,,,,,,,,,,,,,S,Ohio State,,,,,,,,,,,,,,,,,,,,,6.0,0.0,10.0,jordan fuller,S,Ohio State,ohio state,
Quez Watkins,,PHI,6,200,2020,Southern Mississippi,2017,2019,36.0,,,,,,,,,,,,,,WR,Southern Mississippi,,,,,,,,,,66.8,159.0,2404.0,15.1,17.0,,,,,,,,,,quez watkins,WR,Southern Mississippi,southern mississippi,
James Proche,,RAV,6,201,2020,SMU,2016,2019,50.0,,,,,,,,,,,,,,WR,SMU,,,,,,,,,,79.0,301.0,3949.0,13.1,39.0,,,,,,,,,,james proche,WR,SMU,smu,
Evan Weaver,,CRD,6,202,2020,California,2016,2019,48.0,,,,,,,,,,,,,,DE,California,,,,,,,,,,,,,,,8.0,230.0,182.0,412.0,23.0,0.1666666666666666,,,,evan weaver,DE,California,california,
Blake Brandel,,MIN,6,203,2020,Oregon State,2016,2016,12.0,,,,,,,,,,,,,,OL,Oregon State,,,,,,,,,,,,,,,,,,,,,,,,blake brandel,OL,Oregon State,oregon state,
Cassh Maluia,,NWE,6,204,2020,Wyoming,2016,2019,50.0,,,,,,,,,,,,,,LB,Wyoming,,,,,,,,,,,,,,,1.0,101.0,97.0,198.0,16.5,0.02,,,,cassh maluia,LB,Wyoming,wyoming,
Josh Metellus,,MIN,6,205,2020,Michigan,2016,2019,46.0,,,,,,,,,,,,,,S,Michigan,,,,,,,,,,,,,,,,,,,,,5.0,1.0,16.0,josh metellus,S,Michigan,michigan,
Tyler Davis,184.3,JAX,6,206,2020,Georgia Tech,2016,2016,11.0,2.0,3.0,1.0,66.7,42.0,0.0,0.0,0.0,0.0,14.0,14.0,21.0,3.8,QB,Connecticut,,,,,,,,,,,,,,,,,,,,,,,,tyler davis,QB,Georgia Tech,georgia tech,
Tyler Davis,,JAX,6,206,2020,Georgia Tech,2017,2019,35.0,,,,,,,,,,,,,,WR,ConnecticutGeorgia Tech,,,,,,,,,,15.5,53.0,541.0,10.2,7.0,,,,,,,,,,tyler davis,WR,Georgia Tech,georgia tech,
Isaiah Hodgins,,BUF,6,207,2020,Oregon State,2017,2019,34.0,,,,,,,,,,,,,,WR,Oregon State,,,,,,,,,,68.3,176.0,2322.0,13.2,20.0,,,,,,,,,,isaiah hodgins,WR,Oregon State,oregon state,
Jake Hanson,,GNB,6,208,2020,Oregon,2019,2019,12.0,,,,,,,,,,,,,,OL,Oregon,,,,,,,,,,,,,,,,,,,,,,,,jake hanson,OL,Oregon,oregon,
Simon Stepaniak,,GNB,6,209,2020,Indiana,2017,2018,18.0,,,,,,,,,,,,,,OL,Indiana,,,,,,,,,,,,,,,,,,,,,,,,simon stepaniak,OL,Indiana,indiana,
Isaiah Rodgers,,CLT,6,211,2020,Massachusetts,2016,2019,45.0,,,,,,,,,,,,,,CB,Massachusetts,,,,,,,,,,,,,,,,,,,,,11.0,3.0,35.0,isaiah rodgers,CB,Massachusetts,massachusetts,
Dezmon Patmon,,CLT,6,212,2020,Washington State,2016,2019,42.0,,,,,,,,,,,,,,WR,Washington State,,,,,,,,,,47.0,156.0,1976.0,12.7,13.0,,,,,,,,,,dezmon patmon,WR,Washington State,washington state,
Jordan Glasgow,,CLT,6,213,2020,Michigan,2018,2019,26.0,,,,,,,,,,,,,,LB,Michigan,,,,,,,,,,,,,,,7.0,63.0,54.0,117.0,10.0,0.2692307692307692,,,,jordan glasgow,LB,Michigan,michigan,
Jordan Glasgow,,CLT,6,213,2020,Michigan,2016,2017,26.0,,,,,,,,,,,,,,S,Michigan,,,,,,,,,,,,,,,,,,,,,0.0,0.0,1.0,jordan glasgow,S,Michigan,michigan,
Freddie Swain,,SEA,6,214,2020,Florida,2016,2019,47.0,,,,,,,,,,,,,,WR,Florida,,,,,,,,,,21.2,68.0,996.0,14.6,15.0,,,,,,,,,,freddie swain,WR,Florida,florida,486.0
Markus Bailey,,CIN,7,215,2020,Purdue,2015,2019,45.0,,,,,,,,,,,,,,LB,Purdue,,,,,,,,,,,,,,,13.0,229.0,97.0,326.0,28.0,0.2888888888888888,,,,markus bailey,LB,Purdue,purdue,
Kamren Curl,,WAS,7,216,2020,Arkansas,2017,2019,34.0,,,,,,,,,,,,,,DB,Arkansas,,,,,,,,,,,,,,,,,,,,,2.0,0.0,15.0,kamren curl,DB,Arkansas,arkansas,
Jauan Jennings,,SFO,7,217,2020,Tennessee,2015,2019,51.0,,,,,,,,,,,,,,WR,Tennessee,,,,,,,,,,42.2,146.0,2153.0,14.7,18.0,,,,,,,,,,jauan jennings,WR,Tennessee,tennessee,474.0
Carter Coughlin,,NYG,7,218,2020,Minnesota,2016,2019,49.0,,,,,,,,,,,,,,LB,Minnesota,,,,,,,,,,,,,,,22.0,107.0,52.0,159.0,40.0,0.4489795918367347,,,,carter coughlin,LB,Minnesota,minnesota,
Geno Stone,,RAV,7,219,2020,Iowa,2017,2019,38.0,,,,,,,,,,,,,,DB,Iowa,,,,,,,,,,,,,,,,,,,,,6.0,1.0,7.0,geno stone,DB,Iowa,iowa,
K.J. Hill,,SDG,7,220,2020,Ohio State,2016,2019,53.0,,,,,,,,,,,,,,WR,Ohio State,,,,,,,,,,44.0,201.0,2332.0,11.6,20.0,,,,,,,,,,k j hill,WR,Ohio State,ohio state,
Stantley Thomas-Oliver III,,CAR,7,221,2020,Florida International,2017,2017,5.0,,,,,,,,,,,,,,WR,Florida International,,,,,,,,,,0.8,1.0,4.0,4.0,0.0,,,,,,,,,,stantley thomas oliver,WR,Florida International,florida international,
Stantley Thomas-Oliver III,,CAR,7,221,2020,Florida International,2018,2019,26.0,,,,,,,,,,,,,,DB,Florida International,,,,,,,,,,,,,,,,,,,,,2.0,0.0,18.0,stantley thomas oliver,DB,Florida International,florida international,
Eno Benjamin,,CRD,7,222,2020,Arizona State,2017,2019,35.0,,,,,,,,,,,,,,RB,Arizona State,81.9,576.0,2867.0,5.0,27.0,82.0,7.6,4.0,17.9,,,,,,,,,,,,,,,eno benjamin,RB,Arizona State,arizona state,
Chris Claybrooks,,JAX,7,223,2020,Memphis,2018,2019,21.0,,,,,,,,,,,,,,DB,Memphis,,,,,,,,,,,,,,,,,,,,,2.0,1.0,3.0,chris claybrooks,DB,Memphis,memphis,
Cole McDonald,146.8,OTI,7,224,2020,Hawaii,2017,2019,33.0,616.0,1004.0,388.0,61.4,8032.0,70.0,24.0,7.0,2.4,8.0,8.32,13.0,243.4,QB,Hawaii,,,,,,,,,,,,,,,,,,,,,,,,cole mcdonald,QB,Hawaii,hawaii,72.0
Kenny Willekes,,MIN,7,225,2020,Michigan State,2016,2019,40.0,,,,,,,,,,,,,,DE,Michigan State,,,,,,,,,,,,,,,26.0,104.0,125.0,229.0,51.0,0.65,,,,kenny willekes,DE,Michigan State,michigan state,
James Smith-Williams,,WAS,7,229,2020,North Carolina State,2015,2019,43.0,,,,,,,,,,,,,,DE,North Carolina State,,,,,,,,,,,,,,,8.0,38.0,46.0,84.0,13.0,0.1860465116279069,,,,james smith williams,DE,North Carolina State,north carolina state,
Ben DiNucci,113.6,DAL,7,231,2020,,2016,2017,12.0,91.0,167.0,76.0,54.5,1107.0,6.0,7.0,3.6,4.2,6.6,5.46,12.2,92.3,QB,Pitt,,,,,,,,,,,,,,,,,,,,,,,,ben dinucci,QB,nan,nan,
Carlos Davis,,PIT,7,232,2020,Nebraska,2016,2019,48.0,,,,,,,,,,,,,,DT,Nebraska,,,,,,,,,,,,,,,9.0,59.0,66.0,125.0,14.0,0.1875,,,,carlos davis,DT,Nebraska,nebraska,723.0
Casey Toohill,,PHI,7,233,2020,Stanford,2015,2019,48.0,,,,,,,,,,,,,,LB,Stanford,,,,,,,,,,,,,,,14.0,71.0,59.0,130.0,22.0,0.2916666666666667,,,,casey toohill,LB,Stanford,stanford,
Clay Johnston,,RAM,7,234,2020,Baylor,2016,2019,39.0,,,,,,,,,,,,,,LB,Baylor,,,,,,,,,,,,,,,4.0,147.0,90.0,237.0,26.5,0.1025641025641025,,,,clay johnston,LB,Baylor,baylor,
Jashon Cornell,,DET,7,235,2020,Ohio State,2016,2019,45.0,,,,,,,,,,,,,,DT,Ohio State,,,,,,,,,,,,,,,7.0,35.0,28.0,63.0,13.5,0.1555555555555555,,,,jashon cornell,DT,Ohio State,ohio state,
Vernon Scott,,GNB,7,236,2020,Texas Christian,2017,2019,34.0,,,,,,,,,,,,,,S,Texas Christian,,,,,,,,,,,,,,,,,,,,,2.0,1.0,10.0,vernon scott,S,Texas Christian,texas christian,
Thakarius Keyes,,KAN,7,237,2020,Tulane,2016,2019,39.0,,,,,,,,,,,,,,DB,Tulane,,,,,,,,,,,,,,,,,,,,,2.0,0.0,18.0,thakarius keyes,DB,Tulane,tulane,
T.J. Brunson,,NYG,7,238,2020,South Carolina,2016,2019,49.0,,,,,,,,,,,,,,LB,South Carolina,,,,,,,,,,,,,,,6.0,164.0,119.0,283.0,21.0,0.1224489795918367,,,,t j brunson,LB,South Carolina,south carolina,
Dane Jackson,,BUF,7,239,2020,Pitt,2016,2019,50.0,,,,,,,,,,,,,,DB,Pitt,,,,,,,,,,,,,,,,,,,,,4.0,1.0,39.0,dane jackson,DB,Pitt,pitt,
Tommy Stevens,139.1,NOR,7,240,2020,Mississippi State,2016,2019,32.0,121.0,202.0,81.0,59.9,1459.0,15.0,6.0,7.4,3.0,7.2,7.37,12.1,45.6,QB,Mississippi StatePenn State,,,,,,,,,,,,,,,,,,,,,,,,tommy stevens,QB,Mississippi State,mississippi state,
Chapelle Russell,,TAM,7,241,2020,Temple,2016,2019,45.0,,,,,,,,,,,,,,LB,Temple,,,,,,,,,,,,,,,3.0,151.0,86.0,237.0,19.5,0.0666666666666666,,,,chapelle russell,LB,Temple,temple,
Jonathan Garvin,,GNB,7,242,2020,Miami (FL),2017,2019,37.0,,,,,,,,,,,,,,DL,Miami (FL),,,,,,,,,,,,,,,12.0,46.0,60.0,106.0,29.0,0.3243243243243243,,,,jonathan garvin,DL,Miami (FL),miami (fl),
Chris Jackson,,OTI,7,243,2020,Marshall,2016,2019,49.0,,,,,,,,,,,,,,DB,Marshall,,,,,,,,,,,,,,,,,,,,,7.0,1.0,45.0,chris jackson,DB,Marshall,marshall,
Nathan Stanley,134.1,MIN,7,244,2020,Iowa,2016,2019,45.0,673.0,1155.0,482.0,58.3,8302.0,68.0,23.0,5.9,2.0,7.2,7.47,12.3,184.5,QB,Iowa,,,,,,,,,,,,,,,,,,,,,,,,nathan stanley,QB,Iowa,iowa,
Raymond Calais,,TAM,7,245,2020,Louisiana,2016,2019,49.0,,,,,,,,,,,,,,RB,Louisiana,37.7,236.0,1845.0,7.8,15.0,17.0,8.5,1.0,3.0,,,,,,,,,,,,,,,raymond calais,RB,Louisiana,louisiana,194.0
Malcolm Perry,169.1,MIA,7,246,2020,Navy,2016,2019,41.0,58.0,113.0,55.0,51.3,1311.0,10.0,5.0,8.8,4.4,11.6,11.38,22.6,32.0,QB,Navy,,,,,,,,,,,,,,,,,,,,,,,,malcolm perry,QB,Navy,navy,
Chris Williamson,,NYG,7,247,2020,Minnesota,2015,2019,38.0,,,,,,,,,,,,,,DB,FloridaMinnesota,,,,,,,,,,,,,,,,,,,,,2.0,1.0,7.0,chris williamson,DB,Minnesota,minnesota,
Brian Cole,,MIN,7,249,2020,Mississippi State,2015,2015,2.0,,,,,,,,,,,,,,WR,Michigan,,,,,,,,,,-0.5,1.0,-1.0,-1.0,0.0,,,,,,,,,,brian cole,WR,Mississippi State,mississippi state,
Brian Cole,,MIN,7,249,2020,Mississippi State,2018,2019,17.0,,,,,,,,,,,,,,S,Mississippi State,,,,,,,,,,,,,,,,,,,,,2.0,0.0,2.0,brian cole,S,Mississippi State,mississippi state,
Tremayne Anchrum,,RAM,7,250,2020,Clemson,2017,2017,14.0,,,,,,,,,,,,,,T,Clemson,,,,,,,,,,,,,,,,,,,,,,,,tremayne anchrum,T,Clemson,clemson,
Stephen Sullivan,,SEA,7,251,2020,LSU,2017,2019,41.0,,,,,,,,,,,,,,WR,LSU,,,,,,,,,,17.4,46.0,712.0,15.5,3.0,,,,,,,,,,stephen sullivan,WR,LSU,lsu,
Tyrie Cleveland,,DEN,7,252,2020,Florida,2016,2019,46.0,,,,,,,,,,,,,,WR,Florida,,,,,,,,,,27.6,79.0,1271.0,16.1,8.0,,,,,,,,,,tyrie cleveland,WR,Florida,florida,465.0
Tae Crowder,,NYG,7,255,2020,Georgia,2017,2019,43.0,,,,,,,,,,,,,,LB,Georgia,,,,,,,,,,,,,,,1.0,50.0,72.0,122.0,10.0,0.0232558139534883,,,,tae crowder,LB,Georgia,georgia,
