Player,Rate,Draft Team,Round,Pick,Draft Year,Draft College,From,To,G,qb_Cmp,qb_Att,qb_Inc,qb_Cmp%,qb_Yds,qb_TD,qb_Int,qb_TD%,qb_Int%,qb_Y/A,qb_AY/A,qb_Y/C,qb_Y/G,Pos,Team,rb_rush_Y/G,rb_rush_Att,rb_rush_Yds,rb_rush_Y/A,rb_rush_TD,rb_rec_Rec,rb_rec_Y/R,rb_rec_TD,rb_rec_Y/G,rec_Y/G,rec_Rec,rec_Yds,rec_Y/R,rec_TD,Sk,Solo,Ast,Comb,TFL,Sk/G,Int,IntTD,PD
Cam Newton,178.2,CAR,1,1,2011,Auburn,2007,2010,20.0,191.0,292.0,101.0,65.4,2908.0,30.0,7.0,10.3,2.4,10.0,10.93,15.2,145.4,QB,AuburnFlorida,,,,,,,,,,,,,,,,,,,,,,,
Von Miller,,DEN,1,2,2011,Texas A&M,2007,2010,47.0,,,,,,,,,,,,,,DL,Texas A&M,,,,,,,,,,,,,,,33.0,104.0,77.0,181.0,50.5,0.7021276595744681,,,
Marcell Dareus,,BUF,1,3,2011,Alabama,2009,2010,25.0,,,,,,,,,,,,,,DL,Alabama,,,,,,,,,,,,,,,11.0,39.0,27.0,66.0,20.0,0.44,,,
A.J. Green,,CIN,1,4,2011,Georgia,2008,2010,32.0,,,,,,,,,,,,,,WR,Georgia,,,,,,,,,,81.8,166.0,2619.0,15.8,23.0,,,,,,,,,
Patrick Peterson,,CRD,1,5,2011,LSU,2008,2010,39.0,,,,,,,,,,,,,,DB,LSU,,,,,,,,,,,,,,,,,,,,,7.0,1.0,0.0
Julio Jones,,ATL,1,6,2011,Alabama,2008,2010,40.0,,,,,,,,,,,,,,WR,Alabama,,,,,,,,,,66.3,179.0,2653.0,14.8,15.0,,,,,,,,,
Aldon Smith,,SFO,1,7,2011,Missouri,2009,2010,23.0,,,,,,,,,,,,,,DL,Missouri,,,,,,,,,,,,,,,14.0,52.0,27.0,79.0,23.0,0.6086956521739131,,,
Jake Locker,119.1,OTI,1,8,2011,Washington,2007,2010,40.0,619.0,1147.0,528.0,54.0,7639.0,53.0,35.0,4.6,3.1,6.7,6.21,12.3,191.0,QB,Washington,,,,,,,,,,,,,,,,,,,,,,,
Tyron Smith,,DAL,1,9,2011,USC,2009,2010,24.0,,,,,,,,,,,,,,OL,USC,,,,,,,,,,,,,,,,,,,,,,,
Blaine Gabbert,132.6,JAX,1,10,2011,Missouri,2008,2010,31.0,568.0,933.0,365.0,60.9,6822.0,40.0,18.0,4.3,1.9,7.3,7.3,12.0,220.1,QB,Missouri,,,,,,,,,,,,,,,,,,,,,,,
J.J. Watt,,HTX,1,11,2011,Wisconsin,2007,2007,14.0,,,,,,,,,,,,,,TE,Central Michigan,,,,,,,,,,5.5,8.0,77.0,9.6,0.0,,,,,,,,,
J.J. Watt,,HTX,1,11,2011,Wisconsin,2009,2010,26.0,,,,,,,,,,,,,,DL,Wisconsin,,,,,,,,,,,,,,,11.0,74.0,32.0,106.0,36.5,0.4230769230769231,,,
Christian Ponder,132.1,MIN,1,12,2011,Florida State,2007,2010,35.0,596.0,965.0,369.0,61.8,6872.0,49.0,30.0,5.1,3.1,7.1,6.74,11.5,196.3,QB,Florida State,,,,,,,,,,,,,,,,,,,,,,,
Nick Fairley,,DET,1,13,2011,Auburn,2009,2010,27.0,,,,,,,,,,,,,,DL,Auburn,,,,,,,,,,,,,,,13.0,50.0,38.0,88.0,27.5,0.4814814814814814,,,
Robert Quinn,,RAM,1,14,2011,North Carolina,2008,2009,25.0,,,,,,,,,,,,,,DL,North Carolina,,,,,,,,,,,,,,,13.0,57.0,29.0,86.0,25.5,0.52,,,
Mike Pouncey,,MIA,1,15,2011,Florida,2007,2007,13.0,,,,,,,,,,,,,,OL,Florida,,,,,,,,,,,,,,,,,,,,,,,
Ryan Kerrigan,,WAS,1,16,2011,Purdue,2007,2010,48.0,,,,,,,,,,,,,,DL,Purdue,,,,,,,,,,,,,,,33.0,134.0,76.0,210.0,57.0,0.6875,,,
Nate Solder,,NWE,1,17,2011,Colorado,2007,2007,12.0,,,,,,,,,,,,,,TE,Colorado,,,,,,,,,,4.2,3.0,50.0,16.7,0.0,,,,,,,,,
Nate Solder,,NWE,1,17,2011,Colorado,2009,2010,12.0,,,,,,,,,,,,,,OL,Colorado,,,,,,,,,,,,,,,,,,,,,,,
Corey Liuget,,SDG,1,18,2011,Illinois,2008,2010,36.0,,,,,,,,,,,,,,DL,Illinois,,,,,,,,,,,,,,,8.0,57.0,68.0,125.0,25.5,0.2222222222222222,,,
Prince Amukamara,,NYG,1,19,2011,Nebraska,2007,2010,49.0,,,,,,,,,,,,,,DB,Nebraska,,,,,,,,,,,,,,,,,,,,,5.0,0.0,15.0
Adrian Clayborn,,TAM,1,20,2011,Iowa,2007,2010,50.0,,,,,,,,,,,,,,DL,Iowa,,,,,,,,,,,,,,,19.0,73.0,119.0,192.0,37.5,0.38,,,
Phil Taylor,,CLE,1,21,2011,Baylor,2009,2010,25.0,,,,,,,,,,,,,,DL,Baylor,,,,,,,,,,,,,,,2.0,46.0,41.0,87.0,9.5,0.08,,,
Anthony Castonzo,,CLT,1,22,2011,Boston College,2007,2009,26.0,,,,,,,,,,,,,,OL,Boston College,,,,,,,,,,,,,,,,,,,,,,,
Danny Watkins,,PHI,1,23,2011,Baylor,2009,2009,12.0,,,,,,,,,,,,,,OL,Baylor,,,,,,,,,,,,,,,,,,,,,,,
Cameron Jordan,,NOR,1,24,2011,California,2007,2010,50.0,,,,,,,,,,,,,,DL,California,,,,,,,,,,,,,,,16.0,88.0,87.0,175.0,34.0,0.32,,,
James Carpenter,,SEA,1,25,2011,Alabama,2009,2009,14.0,,,,,,,,,,,,,,OL,Alabama,,,,,,,,,,,,,,,,,,,,,,,
Jonathan Baldwin,,KAN,1,26,2011,Pitt,2008,2010,39.0,,,,,,,,,,,,,,WR,Pitt,,,,,,,,,,59.9,128.0,2337.0,18.3,16.0,,,,,,,,,
Jimmy Smith,,RAV,1,27,2011,Colorado,2007,2010,41.0,,,,,,,,,,,,,,DB,Colorado,,,,,,,,,,,,,,,,,,,,,3.0,1.0,9.0
Mark Ingram,,NOR,1,28,2011,Alabama,2008,2010,39.0,,,,,,,,,,,,,,RB,Alabama,83.6,572.0,3261.0,5.7,42.0,60.0,11.2,4.0,17.2,,,,,,,,,,,,,,
Gabe Carimi,,CHI,1,29,2011,Wisconsin,2010,2010,,,,,,,,,,,,,,,OL,Wisconsin,,,,,,,,,,,,,,,,,,,,,,,
Muhammad Wilkerson,,NYJ,1,30,2011,Temple,2008,2010,36.0,,,,,,,,,,,,,,DL,Temple,,,,,,,,,,,,,,,17.0,88.0,56.0,144.0,26.0,0.4722222222222222,,,
Cameron Heyward,,PIT,1,31,2011,Ohio State,2007,2010,52.0,,,,,,,,,,,,,,DL,Ohio State,,,,,,,,,,,,,,,15.0,80.0,83.0,163.0,37.5,0.2884615384615384,,,
Derek Sherrod,,GNB,1,32,2011,Mississippi State,2009,2010,25.0,,,,,,,,,,,,,,OL,Mississippi State,,,,,,,,,,,,,,,,,,,,,,,
Ras-I Dowling,,NWE,2,33,2011,Virginia,2007,2010,40.0,,,,,,,,,,,,,,DB,Virginia,,,,,,,,,,,,,,,,,,,,,8.0,0.0,1.0
Aaron Williams,,BUF,2,34,2011,Texas,2008,2010,37.0,,,,,,,,,,,,,,DB,Texas,,,,,,,,,,,,,,,,,,,,,4.0,1.0,0.0
Andy Dalton,140.7,CIN,2,35,2011,Texas Christian,2007,2010,50.0,812.0,1317.0,505.0,61.7,10314.0,71.0,30.0,5.4,2.3,7.8,7.88,12.7,206.3,QB,Texas Christian,,,,,,,,,,,,,,,,,,,,,,,
Colin Kaepernick,142.5,SFO,2,36,2011,Nevada,2007,2010,51.0,740.0,1271.0,531.0,58.2,10098.0,82.0,24.0,6.5,1.9,7.9,8.39,13.6,198.0,QB,Nevada,,,,,,,,,,,,,,,,,,,,,,,
Jabaal Sheard,,CLE,2,37,2011,Pitt,2007,2010,45.0,,,,,,,,,,,,,,DL,Pitt,,,,,,,,,,,,,,,19.0,82.0,60.0,142.0,35.5,0.4222222222222222,,,
Ryan Williams,,CRD,2,38,2011,Virginia Tech,2009,2010,23.0,,,,,,,,,,,,,,RB,Virginia Tech,92.7,403.0,2132.0,5.3,30.0,26.0,11.1,2.0,12.6,,,,,,,,,,,,,,
Akeem Ayers,,OTI,2,39,2011,UCLA,2008,2010,37.0,,,,,,,,,,,,,,LB,UCLA,,,,,,,,,,,,,,,14.0,128.0,55.0,183.0,29.5,0.3783783783783784,,,
Bruce Carter,,DAL,2,40,2011,North Carolina,2007,2010,49.0,,,,,,,,,,,,,,LB,North Carolina,,,,,,,,,,,,,,,9.0,146.0,69.0,215.0,24.0,0.1836734693877551,,,
Jarvis Jenkins,,WAS,2,41,2011,Clemson,2007,2010,49.0,,,,,,,,,,,,,,DL,Clemson,,,,,,,,,,,,,,,4.0,59.0,56.0,115.0,24.5,0.0816326530612244,,,
Brooks Reed,,HTX,2,42,2011,Arizona,2007,2010,45.0,,,,,,,,,,,,,,DL,Arizona,,,,,,,,,,,,,,,17.0,75.0,39.0,114.0,25.0,0.3777777777777777,,,
Kyle Rudolph,,MIN,2,43,2011,Notre Dame,2008,2010,29.0,,,,,,,,,,,,,,TE,Notre Dame,,,,,,,,,,35.6,90.0,1032.0,11.5,8.0,,,,,,,,,
Titus Young,,DET,2,44,2011,Boise State,2007,2010,43.0,,,,,,,,,,,,,,WR,Boise State,,,,,,,,,,71.2,204.0,3063.0,15.0,25.0,,,,,,,,,
Rahim Moore,,DEN,2,45,2011,UCLA,2008,2010,37.0,,,,,,,,,,,,,,DB,UCLA,,,,,,,,,,,,,,,,,,,,,14.0,0.0,0.0
Orlando Franklin,,DEN,2,46,2011,Miami (FL),2009,2010,26.0,,,,,,,,,,,,,,OL,Miami (FL),,,,,,,,,,,,,,,,,,,,,,,
Lance Kendricks,,RAM,2,47,2011,Wisconsin,2008,2010,33.0,,,,,,,,,,,,,,WR,Wisconsin,,,,,,,,,,35.2,78.0,1160.0,14.9,8.0,,,,,,,,,
Marcus Gilchrist,,SDG,2,50,2011,Clemson,2007,2010,53.0,,,,,,,,,,,,,,DB,Clemson,,,,,,,,,,,,,,,,,,,,,1.0,0.0,0.0
Da'Quan Bowers,,TAM,2,51,2011,Clemson,2008,2010,38.0,,,,,,,,,,,,,,DL,Clemson,,,,,,,,,,,,,,,19.0,89.0,61.0,150.0,44.5,0.5,,,
Marvin Austin,,NYG,2,52,2011,North Carolina,2007,2009,38.0,,,,,,,,,,,,,,DL,North Carolina,,,,,,,,,,,,,,,9.0,59.0,47.0,106.0,13.5,0.2368421052631578,,,
Stephen Paea,,CHI,2,53,2011,Oregon State,2008,2010,38.0,,,,,,,,,,,,,,DL,Oregon State,,,,,,,,,,,,,,,14.0,56.0,73.0,129.0,29.5,0.3684210526315789,,,
Jaiquawn Jarrett,,PHI,2,54,2011,Temple,2007,2010,49.0,,,,,,,,,,,,,,DB,Temple,,,,,,,,,,,,,,,,,,,,,9.0,0.0,0.0
Rodney Hudson,,KAN,2,55,2011,Florida State,2009,2010,25.0,,,,,,,,,,,,,,OL,Florida State,,,,,,,,,,,,,,,,,,,,,,,
Shane Vereen,,NWE,2,56,2011,California,2008,2010,38.0,,,,,,,,,,,,,,RB,California,74.6,556.0,2834.0,5.1,29.0,74.0,9.1,6.0,17.7,,,,,,,,,,,,,,
Mikel Leshoure,,DET,2,57,2011,Illinois,2008,2010,33.0,,,,,,,,,,,,,,RB,Illinois,77.5,424.0,2557.0,6.0,23.0,37.0,11.9,5.0,13.3,,,,,,,,,,,,,,
Torrey Smith,,RAV,2,58,2011,Maryland,2008,2010,38.0,,,,,,,,,,,,,,WR,Maryland,,,,,,,,,,58.3,152.0,2215.0,14.6,19.0,,,,,,,,,
Greg Little,,CLE,2,59,2011,North Carolina,2008,2008,13.0,,,,,,,,,,,,,,RB,North Carolina,26.1,78.0,339.0,4.3,3.0,11.0,13.3,0.0,11.2,,,,,,,,,,,,,,
Greg Little,,CLE,2,59,2011,North Carolina,2007,2009,24.0,,,,,,,,,,,,,,WR,North Carolina,,,,,,,,,,34.3,75.0,823.0,11.0,6.0,,,,,,,,,
Brandon Harris,,HTX,2,60,2011,Miami (FL),2008,2010,39.0,,,,,,,,,,,,,,DB,Miami (FL),,,,,,,,,,,,,,,,,,,,,4.0,0.0,0.0
Jonas Mouton,,SDG,2,61,2011,Michigan,2007,2010,44.0,,,,,,,,,,,,,,LB,Michigan,,,,,,,,,,,,,,,3.0,124.0,140.0,264.0,18.0,0.0681818181818181,,,
Daniel Thomas,,MIA,2,62,2011,Kansas State,2009,2010,25.0,,,,,,,,,,,,,,RB,Kansas State,114.0,545.0,2850.0,5.2,30.0,52.0,8.2,0.0,17.1,,,,,,,,,,,,,,
Marcus Gilbert,,PIT,2,63,2011,Florida,2010,2010,13.0,,,,,,,,,,,,,,OL,Florida,,,,,,,,,,,,,,,,,,,,,,,
Randall Cobb,95.2,GNB,2,64,2011,Kentucky,2008,2009,23.0,57.0,112.0,55.0,50.9,631.0,2.0,5.0,1.8,4.5,5.6,3.98,11.1,27.4,QB,Kentucky,,,,,,,,,,,,,,,,,,,,,,,
Randall Cobb,,GNB,2,64,2011,Kentucky,2010,2010,13.0,,,,,,,,,,,,,,WR,Kentucky,,,,,,,,,,78.2,84.0,1017.0,12.1,7.0,,,,,,,,,
Terrell McClain,,CAR,3,65,2011,South Florida,2007,2010,48.0,,,,,,,,,,,,,,DL,South Florida,,,,,,,,,,,,,,,7.0,59.0,29.0,88.0,17.0,0.1458333333333333,,,
Dontay Moch,,CIN,3,66,2011,Nevada,2007,2010,53.0,,,,,,,,,,,,,,LB,Nevada,,,,,,,,,,,,,,,30.0,120.0,68.0,188.0,62.5,0.5660377358490566,,,
Dontay Moch,,CIN,3,66,2011,Nevada,2006,2006,1.0,,,,,,,,,,,,,,DB,Nevada,,,,,,,,,,,,,,,,,,,,,0.0,0.0,0.0
Nate Irving,,DEN,3,67,2011,North Carolina State,2007,2010,34.0,,,,,,,,,,,,,,LB,North Carolina State,,,,,,,,,,,,,,,9.0,116.0,98.0,214.0,40.0,0.2647058823529412,,,
Kelvin Sheppard,,BUF,3,68,2011,LSU,2007,2010,53.0,,,,,,,,,,,,,,LB,LSU,,,,,,,,,,,,,,,5.0,136.0,175.0,311.0,26.0,0.0943396226415094,,,
Rob Housler,,CRD,3,69,2011,Florida Atlantic,2006,2010,49.0,,,,,,,,,,,,,,TE,Florida Atlantic,,,,,,,,,,25.1,78.0,1228.0,15.7,8.0,,,,,,,,,
Justin Houston,,KAN,3,70,2011,Georgia,2008,2010,36.0,,,,,,,,,,,,,,LB,Georgia,,,,,,,,,,,,,,,20.0,72.0,53.0,125.0,38.0,0.5555555555555556,,,
Demarco Murray,,DAL,3,71,2011,Oklahoma,2007,2010,50.0,,,,,,,,,,,,,,RB,Oklahoma,73.7,759.0,3685.0,4.9,50.0,157.0,10.0,13.0,31.4,,,,,,,,,,,,,,
Martez Wilson,,NOR,3,72,2011,Illinois,2007,2010,39.0,,,,,,,,,,,,,,LB,Illinois,,,,,,,,,,,,,,,9.0,102.0,121.0,223.0,20.0,0.2307692307692307,,,
Stevan Ridley,,NWE,3,73,2011,LSU,2008,2010,39.0,,,,,,,,,,,,,,RB,LSU,36.4,306.0,1419.0,4.6,19.0,17.0,5.5,0.0,2.4,,,,,,,,,,,,,,
Ryan Mallett,150.4,NWE,3,74,2011,Arkansas,2007,2010,37.0,552.0,955.0,403.0,57.8,8385.0,69.0,24.0,7.2,2.5,8.8,9.09,15.2,226.6,QB,ArkansasMichigan,,,,,,,,,,,,,,,,,,,,,,,
Jurrell Casey,,OTI,3,77,2011,USC,2008,2010,38.0,,,,,,,,,,,,,,DL,USC,,,,,,,,,,,,,,,9.0,59.0,79.0,138.0,22.0,0.2368421052631578,,,
Austin Pettis,,RAM,3,78,2011,Boise State,2007,2010,52.0,,,,,,,,,,,,,,WR,Boise State,,,,,,,,,,54.6,229.0,2838.0,12.4,39.0,,,,,,,,,
Leonard Hankerson,,WAS,3,79,2011,Miami (FL),2007,2010,42.0,,,,,,,,,,,,,,WR,Miami (FL),,,,,,,,,,51.4,134.0,2160.0,16.1,22.0,,,,,,,,,
Chris Culliver,,SFO,3,80,2011,South Carolina,2007,2007,11.0,,,,,,,,,,,,,,WR,South Carolina,,,,,,,,,,0.0,0.0,0.0,,0.0,,,,,,,,,
Chris Culliver,,SFO,3,80,2011,South Carolina,2008,2010,32.0,,,,,,,,,,,,,,DB,South Carolina,,,,,,,,,,,,,,,,,,,,,3.0,0.0,0.0
Demarcus Van Dyke,,RAI,3,81,2011,Miami (FL),2007,2010,50.0,,,,,,,,,,,,,,DB,Miami (FL),,,,,,,,,,,,,,,,,,,,,3.0,0.0,1.0
Vincent Brown,,SDG,3,82,2011,San Diego State,2007,2010,44.0,,,,,,,,,,,,,,WR,San Diego State,,,,,,,,,,70.7,209.0,3110.0,14.9,23.0,,,,,,,,,
Jerrel Jernigan,,NYG,3,83,2011,Troy,2007,2010,50.0,,,,,,,,,,,,,,WR,Troy,,,,,,,,,,62.6,262.0,3128.0,11.9,18.0,,,,,,,,,
Mason Foster,,TAM,3,84,2011,Washington,2007,2010,50.0,,,,,,,,,,,,,,LB,Washington,,,,,,,,,,,,,,,10.0,243.0,135.0,378.0,38.5,0.2,,,
Allen Bailey,,KAN,3,86,2011,Miami (FL),2007,2010,50.0,,,,,,,,,,,,,,LB,Miami (FL),,,,,,,,,,,,,,,19.0,58.0,49.0,107.0,31.0,0.38,,,
Drake Nevis,,CLT,3,87,2011,LSU,2007,2010,44.0,,,,,,,,,,,,,,DL,LSU,,,,,,,,,,,,,,,10.0,75.0,64.0,139.0,31.5,0.2272727272727272,,,
Johnny Patrick,,NOR,3,88,2011,Louisville,2007,2009,33.0,,,,,,,,,,,,,,WR,Louisville,,,,,,,,,,0.0,0.0,0.0,,0.0,,,,,,,,,
Johnny Patrick,,NOR,3,88,2011,Louisville,2010,2010,13.0,,,,,,,,,,,,,,DB,Louisville,,,,,,,,,,,,,,,,,,,,,5.0,1.0,0.0
Shareece Wright,,SDG,3,89,2011,USC,2006,2010,35.0,,,,,,,,,,,,,,DB,USC,,,,,,,,,,,,,,,,,,,,,1.0,0.0,10.0
Curtis Marsh,,PHI,3,90,2011,Utah State,2007,2008,22.0,,,,,,,,,,,,,,RB,Utah State,22.1,124.0,487.0,3.9,4.0,28.0,7.5,1.0,9.5,,,,,,,,,,,,,,
Curtis Marsh,,PHI,3,90,2011,Utah State,2009,2010,24.0,,,,,,,,,,,,,,DB,Utah State,,,,,,,,,,,,,,,,,,,,,3.0,0.0,0.0
Akeem Dent,,ATL,3,91,2011,Georgia,2007,2010,47.0,,,,,,,,,,,,,,LB,Georgia,,,,,,,,,,,,,,,4.0,135.0,105.0,240.0,12.5,0.0851063829787234,,,
Joseph Barksdale,,RAI,3,92,2011,LSU,2008,2008,13.0,,,,,,,,,,,,,,OL,LSU,,,,,,,,,,,,,,,,,,,,,,,
Chris Conte,,CHI,3,93,2011,California,2007,2010,49.0,,,,,,,,,,,,,,DB,California,,,,,,,,,,,,,,,,,,,,,2.0,0.0,0.0
Curtis Brown,,PIT,3,95,2011,Texas,2007,2010,52.0,,,,,,,,,,,,,,DB,Texas,,,,,,,,,,,,,,,,,,,,,2.0,1.0,6.0
Alex Green,,GNB,3,96,2011,Hawaii,2009,2010,27.0,,,,,,,,,,,,,,RB,Hawaii,61.2,232.0,1652.0,7.1,20.0,38.0,12.1,2.0,17.1,,,,,,,,,,,,,,
Sione Fua,,CAR,3,97,2011,Stanford,2006,2010,50.0,,,,,,,,,,,,,,DL,Stanford,,,,,,,,,,,,,,,9.0,37.0,43.0,80.0,16.0,0.18,,,
Brandon Hogan,,CAR,4,98,2011,West Virginia,2007,2009,33.0,,,,,,,,,,,,,,WR,West Virginia,,,,,,,,,,2.0,12.0,67.0,5.6,0.0,,,,,,,,,
Brandon Hogan,,CAR,4,98,2011,West Virginia,2010,2010,11.0,,,,,,,,,,,,,,DB,West Virginia,,,,,,,,,,,,,,,,,,,,,3.0,0.0,0.0
K.J. Wright,,SEA,4,99,2011,Mississippi State,2007,2010,47.0,,,,,,,,,,,,,,LB,Mississippi State,,,,,,,,,,,,,,,8.0,131.0,127.0,258.0,22.5,0.1702127659574468,,,
Da'Norris Searcy,,BUF,4,100,2011,North Carolina,2007,2010,35.0,,,,,,,,,,,,,,DB,North Carolina,,,,,,,,,,,,,,,,,,,,,5.0,1.0,0.0
Clint Boling,,CIN,4,101,2011,Georgia,2007,2008,25.0,,,,,,,,,,,,,,OL,Georgia,,,,,,,,,,,,,,,,,,,,,,,
Jordan Cameron,,CLE,4,102,2011,USC,2010,2010,12.0,,,,,,,,,,,,,,TE,USC,,,,,,,,,,10.5,16.0,126.0,7.9,1.0,,,,,,,,,
Sam Acho,,CRD,4,103,2011,Texas,2007,2010,49.0,,,,,,,,,,,,,,DL,Texas,,,,,,,,,,,,,,,21.0,93.0,44.0,137.0,32.5,0.4285714285714285,,,
Luke Stocker,,TAM,4,104,2011,Tennessee,2007,2010,52.0,,,,,,,,,,,,,,TE,Tennessee,,,,,,,,,,18.4,85.0,956.0,11.2,8.0,,,,,,,,,
Roy Helu Jr.,,WAS,4,105,2011,Nebraska,2007,2010,48.0,,,,,,,,,,,,,,RB,Nebraska,70.9,578.0,3404.0,5.9,28.0,54.0,9.3,0.0,10.4,,,,,,,,,,,,,,
Christian Ballard,,MIN,4,106,2011,Iowa,2007,2010,49.0,,,,,,,,,,,,,,DL,Iowa,,,,,,,,,,,,,,,12.0,60.0,93.0,153.0,21.5,0.2448979591836734,,,
Kris Durham,,SEA,4,107,2011,Georgia,2006,2010,47.0,,,,,,,,,,,,,,WR,Georgia,,,,,,,,,,23.6,64.0,1109.0,17.3,4.0,,,,,,,,,
Quinton Carter,,DEN,4,108,2011,Oklahoma,2006,2010,44.0,,,,,,,,,,,,,,DB,Oklahoma,,,,,,,,,,,,,,,,,,,,,8.0,0.0,2.0
Colin McCarthy,,OTI,4,109,2011,Miami (FL),2006,2010,48.0,,,,,,,,,,,,,,LB,Miami (FL),,,,,,,,,,,,,,,5.0,159.0,146.0,305.0,35.0,0.1041666666666666,,,
Greg Salas,,RAM,4,112,2011,Hawaii,2007,2010,48.0,,,,,,,,,,,,,,WR,Hawaii,,,,,,,,,,90.5,285.0,4345.0,15.2,26.0,,,,,,,,,
Chimdi Chekwa,,RAI,4,113,2011,Ohio State,2007,2010,52.0,,,,,,,,,,,,,,DB,Ohio State,,,,,,,,,,,,,,,,,,,,,6.0,0.0,0.0
Kendall Hunter,,SFO,4,115,2011,Oklahoma State,2007,2010,46.0,,,,,,,,,,,,,,RB,Oklahoma State,90.9,708.0,4181.0,5.9,37.0,63.0,8.2,2.0,11.3,,,,,,,,,,,,,,
Casey Matthews,,PHI,4,116,2011,Oregon,2007,2010,50.0,,,,,,,,,,,,,,LB,Oregon,,,,,,,,,,,,,,,9.0,123.0,122.0,245.0,30.5,0.18,,,
Jalil Brown,,KAN,4,118,2011,Colorado,2008,2010,36.0,,,,,,,,,,,,,,DB,Colorado,,,,,,,,,,,,,,,,,,,,,6.0,0.0,0.0
Delone Carter,,CLT,4,119,2011,Syracuse,2006,2010,42.0,,,,,,,,,,,,,,RB,Syracuse,73.9,646.0,3104.0,4.8,24.0,28.0,7.4,1.0,5.0,,,,,,,,,,,,,,
Chris Prosinski,,JAX,4,121,2011,Wyoming,2007,2010,49.0,,,,,,,,,,,,,,DB,Wyoming,,,,,,,,,,,,,,,,,,,,,5.0,0.0,7.0
Chris Hairston,,BUF,4,122,2011,Clemson,2008,2010,24.0,,,,,,,,,,,,,,OL,Clemson,,,,,,,,,,,,,,,,,,,,,,,
Tandon Doss,,RAV,4,123,2011,Indiana,2008,2010,31.0,,,,,,,,,,,,,,WR,Indiana,,,,,,,,,,59.8,154.0,1854.0,12.0,13.0,,,,,,,,,
Owen Marecic,,CLE,4,124,2011,Stanford,2007,2010,49.0,,,,,,,,,,,,,,RB,Stanford,1.4,36.0,67.0,1.9,9.0,25.0,10.3,1.0,5.3,,,,,,,,,,,,,,
Bilal Powell,,NYJ,4,126,2011,Louisville,2007,2010,42.0,,,,,,,,,,,,,,RB,Louisville,55.7,436.0,2338.0,5.4,19.0,45.0,7.6,3.0,8.2,,,,,,,,,,,,,,
Rashad Carmichael,,HTX,4,127,2011,Virginia Tech,2007,2010,54.0,,,,,,,,,,,,,,DB,Virginia Tech,,,,,,,,,,,,,,,,,,,,,10.0,2.0,3.0
Jamie Harper,,OTI,4,130,2011,Clemson,2008,2010,39.0,,,,,,,,,,,,,,RB,Clemson,33.6,311.0,1311.0,4.2,12.0,50.0,8.0,3.0,10.2,,,,,,,,,,,,,,
Davon House,,GNB,4,131,2011,New Mexico State,2007,2010,49.0,,,,,,,,,,,,,,DB,New Mexico State,,,,,,,,,,,,,,,,,,,,,11.0,3.0,0.0
Kealoha Pilares,,CAR,5,132,2011,Hawaii,2007,2007,11.0,,,,,,,,,,,,,,RB,Hawaii,35.3,68.0,388.0,5.7,3.0,26.0,9.6,1.0,22.6,,,,,,,,,,,,,,
Kealoha Pilares,,CAR,5,132,2011,Hawaii,2008,2010,36.0,,,,,,,,,,,,,,WR,Hawaii,,,,,,,,,,62.3,183.0,2242.0,12.3,21.0,,,,,,,,,
Johnny White,,BUF,5,133,2011,North Carolina,2007,2010,21.0,,,,,,,,,,,,,,RB,North Carolina,53.3,225.0,1119.0,5.0,7.0,39.0,11.5,0.0,21.3,,,,,,,,,,,,,,
Johnny White,,BUF,5,133,2011,North Carolina,2009,2009,13.0,,,,,,,,,,,,,,WR,North Carolina,,,,,,,,,,5.1,7.0,66.0,9.4,1.0,,,,,,,,,
Johnny White,,BUF,5,133,2011,North Carolina,2008,2008,12.0,,,,,,,,,,,,,,DB,North Carolina,,,,,,,,,,,,,,,,,,,,,0.0,0.0,0.0
Robert Sands,,CIN,5,134,2011,West Virginia,2008,2010,39.0,,,,,,,,,,,,,,DB,West Virginia,,,,,,,,,,,,,,,,,,,,,6.0,0.0,0.0
Ricky Stanzi,141.6,KAN,5,135,2011,Iowa,2007,2010,39.0,542.0,907.0,365.0,59.8,7377.0,56.0,31.0,6.2,3.4,8.1,7.83,13.6,189.2,QB,Iowa,,,,,,,,,,,,,,,,,,,,,,,
Anthony Sherman,,CRD,5,136,2011,Connecticut,2007,2010,51.0,,,,,,,,,,,,,,RB,Connecticut,1.2,17.0,61.0,3.6,0.0,48.0,9.9,1.0,9.4,,,,,,,,,,,,,,
Marcus Cannon,,NWE,5,138,2011,Texas Christian,2007,2008,24.0,,,,,,,,,,,,,,OL,Texas Christian,,,,,,,,,,,,,,,,,,,,,,,
Brandon Burton,,MIN,5,139,2011,,2008,2010,37.0,,,,,,,,,,,,,,DB,Utah,,,,,,,,,,,,,,,,,,,,,3.0,0.0,0.0
Gabe Miller,,KAN,5,140,2011,Oregon State,2007,2007,13.0,,,,,,,,,,,,,,TE,Oregon State,,,,,,,,,,9.5,8.0,124.0,15.5,1.0,,,,,,,,,
Gabe Miller,,KAN,5,140,2011,Oregon State,2009,2010,25.0,,,,,,,,,,,,,,DL,Oregon State,,,,,,,,,,,,,,,8.0,29.0,38.0,67.0,13.0,0.32,,,
D.J. Williams,,GNB,5,141,2011,Arkansas,2007,2010,51.0,,,,,,,,,,,,,,TE,Arkansas,,,,,,,,,,36.4,152.0,1855.0,12.2,10.0,,,,,,,,,
Karl Klug,,OTI,5,142,2011,Iowa,2007,2010,39.0,,,,,,,,,,,,,,DL,Iowa,,,,,,,,,,,,,,,11.0,57.0,83.0,140.0,31.0,0.282051282051282,,,
Josh Thomas,,DAL,5,143,2011,Buffalo,2007,2010,47.0,,,,,,,,,,,,,,DB,Buffalo,,,,,,,,,,,,,,,,,,,,,2.0,0.0,15.0
Shiloh Keo,,HTX,5,144,2011,Idaho,2006,2010,55.0,,,,,,,,,,,,,,DB,Idaho,,,,,,,,,,,,,,,,,,,,,11.0,0.0,0.0
Jacquizz Rodgers,,ATL,5,145,2011,Oregon State,2008,2010,36.0,,,,,,,,,,,,,,RB,Oregon State,107.7,788.0,3877.0,4.9,46.0,151.0,7.0,5.0,29.3,,,,,,,,,,,,,,
Dejon Gomes,,WAS,5,146,2011,Nebraska,2009,2010,27.0,,,,,,,,,,,,,,DB,Nebraska,,,,,,,,,,,,,,,,,,,,,7.0,1.0,0.0
Rod Issac,,JAX,5,147,2011,Middle Tennessee State,2007,2010,46.0,,,,,,,,,,,,,,DB,Middle Tennessee State,,,,,,,,,,,,,,,,,,,,,5.0,1.0,7.0
Denarius Moore,,RAI,5,148,2011,Tennessee,2007,2010,52.0,,,,,,,,,,,,,,WR,Tennessee,,,,,,,,,,38.5,112.0,2004.0,17.9,18.0,,,,,,,,,
Dion Lewis,,PHI,5,149,2011,Pitt,2009,2010,25.0,,,,,,,,,,,,,,RB,Pitt,114.4,544.0,2860.0,5.3,30.0,52.0,7.8,1.0,16.2,,,,,,,,,,,,,,
Jason Pinkston,,CLE,5,150,2011,Pitt,2009,2012,42.0,,,,,,,,,,,,,,DB,Ball State,,,,,,,,,,,,,,,,,,,,,8.0,0.0,4.0
Ahmad Black,,TAM,5,151,2011,Florida,2007,2010,48.0,,,,,,,,,,,,,,DB,Florida,,,,,,,,,,,,,,,,,,,,,13.0,3.0,0.0
T.J. Yates,131.7,HTX,5,152,2011,North Carolina,2007,2010,45.0,795.0,1277.0,482.0,62.3,9377.0,58.0,46.0,4.5,3.6,7.3,6.63,11.8,208.4,QB,North Carolina,,,,,,,,,,,,,,,,,,,,,,,
Jeremy Kerley,,NYJ,5,153,2011,Texas Christian,2007,2010,50.0,,,,,,,,,,,,,,WR,Texas Christian,,,,,,,,,,26.0,120.0,1299.0,10.8,12.0,,,,,,,,,
Richard Sherman,,SEA,5,154,2011,Stanford,2006,2009,41.0,,,,,,,,,,,,,,WR,Stanford,,,,,,,,,,32.7,81.0,1340.0,16.5,7.0,,,,,,,,,
Richard Sherman,,SEA,5,154,2011,Stanford,2010,2010,13.0,,,,,,,,,,,,,,DB,Stanford,,,,,,,,,,,,,,,,,,,,,4.0,0.0,0.0
Niles Paul,,WAS,5,155,2011,Nebraska,2007,2010,46.0,,,,,,,,,,,,,,WR,Nebraska,,,,,,,,,,33.3,103.0,1532.0,14.9,5.0,,,,,,,,,
Doug Hogue,,DET,5,157,2011,Syracuse,2007,2008,20.0,,,,,,,,,,,,,,RB,Syracuse,24.2,112.0,483.0,4.3,3.0,14.0,9.9,1.0,7.0,,,,,,,,,,,,,,
Doug Hogue,,DET,5,157,2011,Syracuse,2009,2010,25.0,,,,,,,,,,,,,,LB,Syracuse,,,,,,,,,,,,,,,12.0,108.0,59.0,167.0,26.5,0.48,,,
Jermale Hines,,RAM,5,158,2011,Ohio State,2007,2010,44.0,,,,,,,,,,,,,,LB,Ohio State,,,,,,,,,,,,,,,1.0,89.0,68.0,157.0,7.5,0.0227272727272727,,,
Lee Smith,,NWE,5,159,2011,Marshall,2007,2010,48.0,,,,,,,,,,,,,,TE,Marshall,,,,,,,,,,16.5,75.0,791.0,10.5,3.0,,,,,,,,,
Nathan Enderle,122.7,CHI,5,160,2011,Idaho,2007,2010,46.0,779.0,1427.0,648.0,54.6,10084.0,74.0,60.0,5.2,4.2,7.1,6.21,12.9,219.2,QB,Idaho,,,,,,,,,,,,,,,,,,,,,,,
Julian Vandervelde,,PHI,5,161,2011,Iowa,2007,2009,23.0,,,,,,,,,,,,,,OL,Iowa,,,,,,,,,,,,,,,,,,,,,,,
Chris Carter,,PIT,5,162,2011,Fresno State,2007,2010,49.0,,,,,,,,,,,,,,LB,Fresno State,,,,,,,,,,,,,,,19.0,116.0,89.0,205.0,38.0,0.3877551020408163,,,
Chykie Brown,,RAV,5,164,2011,Texas,2007,2010,44.0,,,,,,,,,,,,,,DB,Texas,,,,,,,,,,,,,,,,,,,,,2.0,0.0,6.0
Pernell McPhee,,RAV,5,165,2011,Mississippi State,2009,2010,25.0,,,,,,,,,,,,,,DL,Mississippi State,,,,,,,,,,,,,,,7.0,46.0,45.0,91.0,22.0,0.28,,,
Lawrence Wilson,,CAR,6,166,2011,,2007,2010,52.0,,,,,,,,,,,,,,LB,Connecticut,,,,,,,,,,,,,,,9.0,246.0,203.0,449.0,35.5,0.173076923076923,,,
Ryan Whalen,,CIN,6,167,2011,Stanford,2007,2010,48.0,,,,,,,,,,,,,,WR,Stanford,,,,,,,,,,39.3,140.0,1884.0,13.5,7.0,,,,,,,,,
Demarcus Love,,MIN,6,168,2011,Arkansas,2010,2010,13.0,,,,,,,,,,,,,,OL,Arkansas,,,,,,,,,,,,,,,,,,,,,,,
Chris White,,BUF,6,169,2011,Mississippi State,2009,2010,25.0,,,,,,,,,,,,,,LB,Mississippi State,,,,,,,,,,,,,,,6.0,98.0,87.0,185.0,19.5,0.24,,,
Mistral Raymond,,MIN,6,170,2011,South Florida,2009,2010,25.0,,,,,,,,,,,,,,DB,South Florida,,,,,,,,,,,,,,,,,,,,,2.0,0.0,0.0
Quan Sturdivant,,CRD,6,171,2011,North Carolina,2007,2010,46.0,,,,,,,,,,,,,,LB,North Carolina,,,,,,,,,,,,,,,7.0,192.0,117.0,309.0,27.5,0.1521739130434782,,,
Byron Maxwell,,SEA,6,173,2011,Clemson,2007,2010,53.0,,,,,,,,,,,,,,DB,Clemson,,,,,,,,,,,,,,,,,,,,,4.0,0.0,6.0
Charles Clay,,MIA,6,174,2011,Tulsa,2007,2010,52.0,,,,,,,,,,,,,,RB,Tulsa,17.5,179.0,911.0,5.1,10.0,189.0,13.5,28.0,48.9,,,,,,,,,,,,,,
Dwayne Harris,,DAL,6,176,2011,East Carolina,2007,2010,50.0,,,,,,,,,,,,,,WR,East Carolina,,,,,,,,,,60.0,268.0,3001.0,11.2,20.0,,,,,,,,,
Evan Royster,,WAS,6,177,2011,Penn State,2007,2010,50.0,,,,,,,,,,,,,,RB,Penn State,78.6,686.0,3932.0,5.7,29.0,61.0,9.2,3.0,11.2,,,,,,,,,,,,,,
Aldrick Robinson,,WAS,6,178,2011,SMU,2007,2010,46.0,,,,,,,,,,,,,,WR,SMU,,,,,,,,,,72.0,181.0,3314.0,18.3,30.0,,,,,,,,,
Tyrod Taylor,137.5,RAV,6,180,2011,Virginia Tech,2007,2010,50.0,495.0,865.0,370.0,57.2,7017.0,44.0,20.0,5.1,2.3,8.1,8.09,14.2,140.3,QB,Virginia Tech,,,,,,,,,,,,,,,,,,,,,,,
Richard Gordon,,RAI,6,181,2011,Miami (FL),2006,2010,47.0,,,,,,,,,,,,,,TE,Miami (FL),,,,,,,,,,1.3,10.0,62.0,6.2,0.0,,,,,,,,,
Ronald Johnson,,SFO,6,182,2011,USC,2007,2010,47.0,,,,,,,,,,,,,,WR,USC,,,,,,,,,,37.2,138.0,1750.0,12.7,20.0,,,,,,,,,
Jordan Todman,,SDG,6,183,2011,Connecticut,2008,2010,37.0,,,,,,,,,,,,,,RB,Connecticut,85.9,616.0,3179.0,5.2,31.0,42.0,6.7,0.0,7.6,,,,,,,,,,,,,,
David Carter,,CRD,6,184,2011,UCLA,2007,2010,40.0,,,,,,,,,,,,,,DL,UCLA,,,,,,,,,,,,,,,6.0,42.0,24.0,66.0,9.5,0.15,,,
Greg Jones,,NYG,6,185,2011,Michigan State,2007,2010,52.0,,,,,,,,,,,,,,LB,Michigan State,,,,,,,,,,,,,,,16.0,236.0,229.0,465.0,46.5,0.3076923076923077,,,
Allen Bradford,,TAM,6,187,2011,USC,2006,2010,52.0,,,,,,,,,,,,,,RB,USC,30.5,267.0,1585.0,5.9,16.0,14.0,12.6,4.0,3.4,,,,,,,,,,,,,,
Mike Mohamed,,DEN,6,189,2011,California,2007,2010,50.0,,,,,,,,,,,,,,LB,California,,,,,,,,,,,,,,,7.0,196.0,143.0,339.0,20.0,0.14,,,
Colin Jones,,SFO,6,190,2011,Texas Christian,2007,2010,45.0,,,,,,,,,,,,,,DB,Texas Christian,,,,,,,,,,,,,,,,,,,,,2.0,1.0,1.0
Jason Kelce,,PHI,6,191,2011,Cincinnati,2007,2010,34.0,,,,,,,,,,,,,,LB,Cincinnati,,,,,,,,,,,,,,,0.0,4.0,1.0,5.0,0.0,0.0,,,
Brian Rolle,,PHI,6,193,2011,Ohio State,2007,2010,51.0,,,,,,,,,,,,,,LB,Ohio State,,,,,,,,,,,,,,,2.0,85.0,117.0,202.0,19.0,0.0392156862745098,,,
J.T. Thomas,,CHI,6,195,2011,West Virginia,2008,2010,39.0,,,,,,,,,,,,,,LB,West Virginia,,,,,,,,,,,,,,,6.0,93.0,121.0,214.0,24.0,0.1538461538461538,,,
Keith Williams,,PIT,6,196,2011,Nebraska,2008,2008,13.0,,,,,,,,,,,,,,OL,Nebraska,,,,,,,,,,,,,,,,,,,,,,,
Ricky Elmore,,GNB,6,197,2011,Arizona,2007,2010,51.0,,,,,,,,,,,,,,DL,Arizona,,,,,,,,,,,,,,,25.0,76.0,52.0,128.0,33.5,0.4901960784313725,,,
Tyler Sash,,NYG,6,198,2011,Iowa,2008,2010,38.0,,,,,,,,,,,,,,DB,Iowa,,,,,,,,,,,,,,,,,,,,,13.0,1.0,0.0
Jerrell Powe,,KAN,6,199,2011,Ole Miss,2008,2010,37.0,,,,,,,,,,,,,,DL,Ole Miss,,,,,,,,,,,,,,,7.0,49.0,20.0,69.0,24.0,0.1891891891891892,,,
Ross Homan,,MIN,6,200,2011,Ohio State,2006,2010,54.0,,,,,,,,,,,,,,LB,Ohio State,,,,,,,,,,,,,,,5.0,155.0,132.0,287.0,17.0,0.0925925925925925,,,
Stephen Schilling,,SDG,6,201,2011,Michigan,2007,2010,37.0,,,,,,,,,,,,,,OL,Michigan,,,,,,,,,,,,,,,,,,,,,,,
Jacquian Williams,,NYG,6,202,2011,South Florida,2009,2010,25.0,,,,,,,,,,,,,,LB,South Florida,,,,,,,,,,,,,,,2.0,61.0,38.0,99.0,12.0,0.08,,,
Virgil Green,,DEN,7,204,2011,Nevada,2008,2010,40.0,,,,,,,,,,,,,,TE,Nevada,,,,,,,,,,23.5,72.0,939.0,13.0,11.0,,,,,,,,,
Lazarius Levingston,,SEA,7,205,2011,LSU,2007,2010,48.0,,,,,,,,,,,,,,DL,LSU,,,,,,,,,,,,,,,3.0,19.0,51.0,70.0,15.5,0.0625,,,
Greg McElroy,155.4,NYJ,7,208,2011,Alabama,2007,2010,35.0,436.0,658.0,222.0,66.3,5691.0,39.0,10.0,5.9,1.5,8.6,9.15,13.1,162.6,QB,Alabama,,,,,,,,,,,,,,,,,,,,,,,
Andrew Jackson,,ATL,7,210,2011,Fresno State,2007,2008,25.0,,,,,,,,,,,,,,DL,Fresno State,,,,,,,,,,,,,,,0.0,2.0,0.0,2.0,0.0,0.0,,,
Bruce Miller,,SFO,7,211,2011,UCF,2007,2010,53.0,,,,,,,,,,,,,,LB,UCF,,,,,,,,,,,,,,,35.0,124.0,90.0,214.0,57.5,0.660377358490566,,,
Zach Clayton,,OTI,7,212,2011,Auburn,2007,2010,41.0,,,,,,,,,,,,,,DL,Auburn,,,,,,,,,,,,,,,5.0,41.0,24.0,65.0,17.0,0.1219512195121951,,,
Brandyn Thompson,,WAS,7,213,2011,Boise State,2007,2010,48.0,,,,,,,,,,,,,,DB,Boise State,,,,,,,,,,,,,,,,,,,,,13.0,1.0,0.0
Derek Newton,,HTX,7,214,2011,Arkansas State,2010,2010,12.0,,,,,,,,,,,,,,OL,Arkansas State,,,,,,,,,,,,,,,,,,,,,,,
D'Aundre Reed,,MIN,7,215,2011,Arizona,2007,2010,46.0,,,,,,,,,,,,,,DL,Arizona,,,,,,,,,,,,,,,6.0,56.0,27.0,83.0,11.5,0.1304347826086956,,,
Mikail Baker,,RAM,7,216,2011,Baylor,2006,2009,28.0,,,,,,,,,,,,,,WR,Baylor,,,,,,,,,,7.0,18.0,196.0,10.9,1.0,,,,,,,,,
Mikail Baker,,RAM,7,216,2011,Baylor,2010,2010,13.0,,,,,,,,,,,,,,DB,Baylor,,,,,,,,,,,,,,,,,,,,,1.0,0.0,0.0
Ryan Taylor,,GNB,7,218,2011,North Carolina,2006,2010,48.0,,,,,,,,,,,,,,TE,North Carolina,,,,,,,,,,6.9,36.0,330.0,9.2,2.0,,,,,,,,,
Malcolm Williams,,NWE,7,219,2011,Texas Christian,2009,2010,26.0,,,,,,,,,,,,,,DB,Texas Christian,,,,,,,,,,,,,,,,,,,,,0.0,0.0,1.0
Shaun Chapas,,DAL,7,220,2011,Georgia,2007,2010,49.0,,,,,,,,,,,,,,RB,Georgia,3.2,40.0,155.0,3.9,3.0,26.0,8.5,4.0,4.5,,,,,,,,,,,,,,
Da'Rel Scott,,NYG,7,221,2011,Maryland,2007,2010,41.0,,,,,,,,,,,,,,RB,Maryland,58.6,430.0,2401.0,5.6,17.0,48.0,10.6,4.0,12.4,,,,,,,,,,,,,,
Anthony Gaitor,,TAM,7,222,2011,Florida International,2007,2010,49.0,,,,,,,,,,,,,,DB,Florida International,,,,,,,,,,,,,,,,,,,,,11.0,3.0,0.0
Markus White,,WAS,7,224,2011,Florida State,2008,2010,40.0,,,,,,,,,,,,,,DL,Florida State,,,,,,,,,,,,,,,11.0,81.0,50.0,131.0,28.5,0.275,,,
Anthony Allen,,RAV,7,225,2011,Georgia Tech,2006,2010,52.0,,,,,,,,,,,,,,RB,Georgia TechLouisville,58.4,546.0,3036.0,5.6,33.0,33.0,12.2,5.0,7.7,,,,,,,,,,,,,,
Greg Romeus,,NOR,7,226,2011,Pitt,2007,2010,40.0,,,,,,,,,,,,,,DL,Pitt,,,,,,,,,,,,,,,19.0,77.0,65.0,142.0,38.5,0.475,,,
Scotty McKnight,,NYJ,7,227,2011,Colorado,2007,2010,49.0,,,,,,,,,,,,,,WR,Colorado,,,,,,,,,,52.8,219.0,2588.0,11.8,22.0,,,,,,,,,
Jonathan Nelson,,RAM,7,229,2011,Oklahoma,2008,2010,31.0,,,,,,,,,,,,,,DB,Oklahoma,,,,,,,,,,,,,,,,,,,,,5.0,0.0,0.0
Cliff Matthews,,ATL,7,230,2011,South Carolina,2007,2010,51.0,,,,,,,,,,,,,,DL,South Carolina,,,,,,,,,,,,,,,15.0,108.0,41.0,149.0,26.0,0.2941176470588235,,,
Baron Batch,,PIT,7,232,2011,Texas Tech,2006,2010,45.0,,,,,,,,,,,,,,RB,Texas Tech,55.6,467.0,2501.0,5.4,27.0,140.0,7.9,5.0,24.7,,,,,,,,,,,,,,
Lawrence Guy,,GNB,7,233,2011,Arizona State,2008,2010,35.0,,,,,,,,,,,,,,DL,Arizona State,,,,,,,,,,,,,,,8.0,51.0,71.0,122.0,23.0,0.2285714285714285,,,
Andrew Gachkar,,SDG,7,234,2011,Missouri,2007,2010,54.0,,,,,,,,,,,,,,LB,Missouri,,,,,,,,,,,,,,,4.0,121.0,87.0,208.0,13.0,0.074074074074074,,,
Greg Lloyd,,PHI,7,237,2011,Connecticut,2007,2010,33.0,,,,,,,,,,,,,,LB,Connecticut,,,,,,,,,,,,,,,3.0,103.0,76.0,179.0,15.0,0.0909090909090909,,,
Daniel Hardy,,TAM,7,238,2011,Idaho,2008,2010,27.0,,,,,,,,,,,,,,WR,Idaho,,,,,,,,,,50.5,80.0,1364.0,17.1,6.0,,,,,,,,,
Stanley Havili,,PHI,7,240,2011,USC,2006,2010,52.0,,,,,,,,,,,,,,RB,USC,9.8,81.0,509.0,6.3,3.0,116.0,11.1,12.0,24.8,,,,,,,,,,,,,,
David Ausberry,,RAI,7,241,2011,USC,2007,2010,46.0,,,,,,,,,,,,,,WR,USC,,,,,,,,,,15.2,64.0,700.0,10.9,7.0,,,,,,,,,
Malcolm Smith,,SEA,7,242,2011,USC,2007,2010,47.0,,,,,,,,,,,,,,LB,USC,,,,,,,,,,,,,,,1.0,101.0,73.0,174.0,14.5,0.0212765957446808,,,
Nate Bussey,,NOR,7,243,2011,Illinois,2009,2010,25.0,,,,,,,,,,,,,,LB,Illinois,,,,,,,,,,,,,,,1.0,78.0,48.0,126.0,9.0,0.04,,,
Nate Bussey,,NOR,7,243,2011,Illinois,2007,2008,25.0,,,,,,,,,,,,,,DB,Illinois,,,,,,,,,,,,,,,,,,,,,0.0,0.0,2.0
Lee Ziemba,,CAR,7,244,2011,Auburn,2009,2010,13.0,,,,,,,,,,,,,,OL,Auburn,,,,,,,,,,,,,,,,,,,,,,,
Jay Finley,,CIN,7,246,2011,Baylor,2007,2010,46.0,,,,,,,,,,,,,,RB,Baylor,57.8,478.0,2660.0,5.6,22.0,40.0,10.4,3.0,9.0,,,,,,,,,,,,,,
Jeremy Beal,,DEN,7,247,2011,Oklahoma,2007,2010,54.0,,,,,,,,,,,,,,DL,Oklahoma,,,,,,,,,,,,,,,29.0,139.0,85.0,224.0,58.5,0.5370370370370371,,,
Eric Hagg,,CLE,7,248,2011,Nebraska,2007,2010,48.0,,,,,,,,,,,,,,DB,Nebraska,,,,,,,,,,,,,,,,,,,,,6.0,0.0,7.0
Demarco Sampson,,CRD,7,249,2011,San Diego State,2008,2010,36.0,,,,,,,,,,,,,,WR,San Diego State,,,,,,,,,,60.6,140.0,2182.0,15.6,17.0,,,,,,,,,
Tommie Campbell,,OTI,7,251,2011,Pitt,2006,2006,11.0,,,,,,,,,,,,,,LB,Pitt,,,,,,,,,,,,,,,0.0,32.0,17.0,49.0,4.0,0.0,,,
Chris Neild,,WAS,7,253,2011,West Virginia,2007,2010,50.0,,,,,,,,,,,,,,DL,West Virginia,,,,,,,,,,,,,,,6.0,58.0,72.0,130.0,11.0,0.12,,,
Cheta Ozougwu,,HTX,7,254,2011,Rice,2007,2010,46.0,,,,,,,,,,,,,,DL,Rice,,,,,,,,,,,,,,,11.0,121.0,77.0,198.0,25.0,0.2391304347826087,,,
Andrew Luck,162.8,CLT,1,1,2012,Stanford,2009,2011,38.0,713.0,1064.0,351.0,67.0,9430.0,82.0,22.0,7.7,2.1,8.9,9.47,13.2,248.2,QB,Stanford,,,,,,,,,,,,,,,,,,,,,,,
Robert Griffin III,158.9,WAS,1,2,2012,Baylor,2008,2011,41.0,800.0,1192.0,392.0,67.1,10366.0,78.0,17.0,6.5,1.4,8.7,9.36,13.0,252.8,QB,Baylor,,,,,,,,,,,,,,,,,,,,,,,
Trent Richardson,,CLE,1,3,2012,Alabama,2009,2011,38.0,,,,,,,,,,,,,,RB,Alabama,82.4,540.0,3130.0,5.8,35.0,68.0,10.7,7.0,19.2,,,,,,,,,,,,,,
Matt Kalil,,MIN,1,4,2012,USC,2011,2011,,,,,,,,,,,,,,,OL,USC,,,,,,,,,,,,,,,,,,,,,,,
Justin Blackmon,,JAX,1,5,2012,Oklahoma State,2009,2011,38.0,,,,,,,,,,,,,,WR,Oklahoma State,,,,,,,,,,93.8,253.0,3564.0,14.1,40.0,,,,,,,,,
Morris Claiborne,,DAL,1,6,2012,LSU,2009,2011,33.0,,,,,,,,,,,,,,DB,LSU,,,,,,,,,,,,,,,,,,,,,11.0,1.0,9.0
Mark Barron,,TAM,1,7,2012,Alabama,2008,2011,52.0,,,,,,,,,,,,,,DB,Alabama,,,,,,,,,,,,,,,,,,,,,12.0,1.0,11.0
Ryan Tannehill,134.3,MIA,1,8,2012,Texas A&M,2010,2011,26.0,479.0,765.0,286.0,62.6,5382.0,42.0,21.0,5.5,2.7,7.0,6.9,11.2,207.0,QB,Texas A&M,,,,,,,,,,,,,,,,,,,,,,,
Ryan Tannehill,,MIA,1,8,2012,Texas A&M,2008,2009,24.0,,,,,,,,,,,,,,WR,Texas A&M,,,,,,,,,,60.5,101.0,1453.0,14.4,9.0,,,,,,,,,
Luke Kuechly,,CAR,1,9,2012,Boston College,2009,2011,38.0,,,,,,,,,,,,,,LB,Boston College,,,,,,,,,,,,,,,2.0,299.0,233.0,532.0,35.5,0.0526315789473684,,,
Stephon Gilmore,,BUF,1,10,2012,South Carolina,2009,2011,40.0,,,,,,,,,,,,,,DB,South Carolina,,,,,,,,,,,,,,,,,,,,,8.0,1.0,0.0
Dontari Poe,,KAN,1,11,2012,Memphis,2009,2011,35.0,,,,,,,,,,,,,,DL,Memphis,,,,,,,,,,,,,,,5.0,57.0,44.0,101.0,21.5,0.1428571428571428,,,
Fletcher Cox,,PHI,1,12,2012,Mississippi State,2009,2011,36.0,,,,,,,,,,,,,,DL,Mississippi State,,,,,,,,,,,,,,,7.0,53.0,61.0,114.0,24.5,0.1944444444444444,,,
Michael Floyd,,CRD,1,13,2012,Notre Dame,2008,2011,43.0,,,,,,,,,,,,,,WR,Notre Dame,,,,,,,,,,85.7,271.0,3686.0,13.6,37.0,,,,,,,,,
Michael Brockers,,RAM,1,14,2012,LSU,2010,2011,27.0,,,,,,,,,,,,,,DL,LSU,,,,,,,,,,,,,,,2.0,34.0,45.0,79.0,11.0,0.074074074074074,,,
Bruce Irvin,,SEA,1,15,2012,West Virginia,2010,2011,26.0,,,,,,,,,,,,,,DL,West Virginia,,,,,,,,,,,,,,,22.0,45.0,16.0,61.0,29.0,0.8461538461538461,,,
Quinton Coples,,NYJ,1,16,2012,North Carolina,2008,2011,51.0,,,,,,,,,,,,,,DL,North Carolina,,,,,,,,,,,,,,,24.0,80.0,64.0,144.0,40.5,0.4705882352941176,,,
Dre Kirkpatrick,,CIN,1,17,2012,Alabama,2009,2011,38.0,,,,,,,,,,,,,,DB,Alabama,,,,,,,,,,,,,,,,,,,,,3.0,0.0,16.0
Melvin Ingram,,SDG,1,18,2012,South Carolina,2007,2011,50.0,,,,,,,,,,,,,,LB,South Carolina,,,,,,,,,,,,,,,21.0,72.0,39.0,111.0,30.5,0.42,,,
Shea McClellin,,CHI,1,19,2012,Boise State,2008,2011,49.0,,,,,,,,,,,,,,DL,Boise State,,,,,,,,,,,,,,,20.0,64.0,66.0,130.0,33.0,0.4081632653061224,,,
Kendall Wright,,OTI,1,20,2012,Baylor,2008,2011,50.0,,,,,,,,,,,,,,TE,Baylor,,,,,,,,,,80.1,302.0,4004.0,13.3,30.0,,,,,,,,,
Chandler Jones,,NWE,1,21,2012,Syracuse,2009,2011,32.0,,,,,,,,,,,,,,DL,Syracuse,,,,,,,,,,,,,,,10.0,101.0,46.0,147.0,27.0,0.3125,,,
Brandon Weeden,157.6,CLE,1,22,2012,Oklahoma State,2008,2011,30.0,767.0,1103.0,336.0,69.5,9260.0,75.0,27.0,6.8,2.4,8.4,8.65,12.1,308.7,QB,Oklahoma State,,,,,,,,,,,,,,,,,,,,,,,
Riley Reiff,,DET,1,23,2012,Iowa,2011,2011,13.0,,,,,,,,,,,,,,OL,Iowa,,,,,,,,,,,,,,,,,,,,,,,
David DeCastro,,PIT,1,24,2012,Stanford,2011,2011,,,,,,,,,,,,,,,OL,Stanford,,,,,,,,,,,,,,,,,,,,,,,
Dont'a Hightower,,NWE,1,25,2012,Alabama,2008,2011,44.0,,,,,,,,,,,,,,LB,Alabama,,,,,,,,,,,,,,,5.0,101.0,133.0,234.0,21.0,0.1136363636363636,,,
Whitney Mercilus,,HTX,1,26,2012,Illinois,2009,2011,37.0,,,,,,,,,,,,,,DL,Illinois,,,,,,,,,,,,,,,18.0,40.0,41.0,81.0,29.0,0.4864864864864865,,,
Kevin Zeitler,,CIN,1,27,2012,Wisconsin,2011,2011,,,,,,,,,,,,,,,OL,Wisconsin,,,,,,,,,,,,,,,,,,,,,,,
Nick Perry,,GNB,1,28,2012,USC,2009,2011,37.0,,,,,,,,,,,,,,DL,USC,,,,,,,,,,,,,,,21.0,62.0,41.0,103.0,29.5,0.5675675675675675,,,
Harrison Smith,,MIN,1,29,2012,Notre Dame,2008,2011,51.0,,,,,,,,,,,,,,DB,Notre Dame,,,,,,,,,,,,,,,,,,,,,7.0,0.0,20.0
A.J. Jenkins,,SFO,1,30,2012,Illinois,2008,2011,46.0,,,,,,,,,,,,,,WR,Illinois,,,,,,,,,,52.9,167.0,2432.0,14.6,19.0,,,,,,,,,
Doug Martin,,TAM,1,31,2012,Boise State,2007,2011,52.0,,,,,,,,,,,,,,RB,Boise State,66.0,617.0,3431.0,5.6,43.0,67.0,10.7,4.0,13.8,,,,,,,,,,,,,,
David Wilson,,NYG,1,32,2012,Virginia Tech,2009,2011,40.0,,,,,,,,,,,,,,RB,Virginia Tech,66.6,462.0,2662.0,5.8,18.0,37.0,9.8,5.0,9.1,,,,,,,,,,,,,,
Coby Fleener,,CLT,2,34,2012,Stanford,2008,2011,51.0,,,,,,,,,,,,,,TE,Stanford,,,,,,,,,,30.3,96.0,1543.0,16.1,18.0,,,,,,,,,
Courtney Upshaw,,RAV,2,35,2012,Alabama,2008,2011,53.0,,,,,,,,,,,,,,LB,Alabama,,,,,,,,,,,,,,,17.0,88.0,53.0,141.0,36.5,0.320754716981132,,,
Derek Wolfe,,DEN,2,36,2012,Cincinnati,2008,2011,44.0,,,,,,,,,,,,,,DL,Cincinnati,,,,,,,,,,,,,,,19.0,89.0,73.0,162.0,37.0,0.4318181818181818,,,
Andre Branch,,JAX,2,38,2012,Clemson,2008,2011,48.0,,,,,,,,,,,,,,DL,Clemson,,,,,,,,,,,,,,,17.0,89.0,90.0,179.0,34.0,0.3541666666666667,,,
Janoris Jenkins,,RAM,2,39,2012,,2008,2010,40.0,,,,,,,,,,,,,,DB,Florida,,,,,,,,,,,,,,,,,,,,,8.0,1.0,0.0
Cordy Glenn,,BUF,2,41,2012,Georgia,2009,2010,26.0,,,,,,,,,,,,,,OL,Georgia,,,,,,,,,,,,,,,,,,,,,,,
Stephen Hill,,NYJ,2,43,2012,Georgia Tech,2009,2011,38.0,,,,,,,,,,,,,,WR,Georgia Tech,,,,,,,,,,32.8,49.0,1248.0,25.5,9.0,,,,,,,,,
Jeff Allen,,KAN,2,44,2012,Illinois,2009,2010,25.0,,,,,,,,,,,,,,OL,Illinois,,,,,,,,,,,,,,,,,,,,,,,
Alshon Jeffery,,CHI,2,45,2012,South Carolina,2009,2011,40.0,,,,,,,,,,,,,,WR,South Carolina,,,,,,,,,,76.1,183.0,3042.0,16.6,23.0,,,,,,,,,
Mychal Kendricks,,PHI,2,46,2012,California,2008,2011,51.0,,,,,,,,,,,,,,LB,California,,,,,,,,,,,,,,,13.0,155.0,104.0,259.0,36.5,0.2549019607843137,,,
Bobby Wagner,,SEA,2,47,2012,Utah State,2008,2011,48.0,,,,,,,,,,,,,,LB,Utah State,,,,,,,,,,,,,,,4.0,200.0,245.0,445.0,28.5,0.0833333333333333,,,
Tavon Wilson,,NWE,2,48,2012,Illinois,2008,2011,50.0,,,,,,,,,,,,,,DB,Illinois,,,,,,,,,,,,,,,,,,,,,3.0,0.0,1.0
Kendall Reyes,,SDG,2,49,2012,Connecticut,2008,2011,49.0,,,,,,,,,,,,,,DL,Connecticut,,,,,,,,,,,,,,,11.0,78.0,64.0,142.0,32.5,0.2244897959183673,,,
Isaiah Pead,,RAM,2,50,2012,Cincinnati,2008,2011,44.0,,,,,,,,,,,,,,RB,Cincinnati,74.7,545.0,3288.0,6.0,27.0,87.0,8.3,6.0,16.4,,,,,,,,,,,,,,
Jerel Worthy,,GNB,2,51,2012,Michigan State,2009,2011,40.0,,,,,,,,,,,,,,DL,Michigan State,,,,,,,,,,,,,,,12.0,52.0,55.0,107.0,27.5,0.3,,,
Zach Brown,,OTI,2,52,2012,North Carolina,2008,2011,47.0,,,,,,,,,,,,,,LB,North Carolina,,,,,,,,,,,,,,,5.0,143.0,87.0,230.0,19.0,0.1063829787234042,,,
Devon Still,,CIN,2,53,2012,Penn State,2009,2011,39.0,,,,,,,,,,,,,,DL,Penn State,,,,,,,,,,,,,,,10.0,55.0,58.0,113.0,32.5,0.2564102564102564,,,
Ryan Broyles,,DET,2,54,2012,Oklahoma,2008,2011,48.0,,,,,,,,,,,,,,WR,Oklahoma,,,,,,,,,,95.5,349.0,4586.0,13.1,45.0,,,,,,,,,
Brock Osweiler,135.0,DEN,2,57,2012,Arizona State,2009,2011,25.0,412.0,680.0,268.0,60.6,5082.0,33.0,15.0,4.9,2.2,7.5,7.45,12.3,203.3,QB,Arizona State,,,,,,,,,,,,,,,,,,,,,,,
Lavonte David,,TAM,2,58,2012,Nebraska,2010,2011,27.0,,,,,,,,,,,,,,LB,Nebraska,,,,,,,,,,,,,,,11.0,150.0,135.0,285.0,24.5,0.4074074074074074,,,
Vinny Curry,,PHI,2,59,2012,Marshall,2008,2011,45.0,,,,,,,,,,,,,,DL,Marshall,,,,,,,,,,,,,,,26.0,111.0,128.0,239.0,49.0,0.5777777777777777,,,
LaMichael James,,SFO,2,61,2012,Oregon,2009,2011,37.0,,,,,,,,,,,,,,RB,Oregon,137.4,771.0,5082.0,6.6,53.0,51.0,11.5,4.0,15.8,,,,,,,,,,,,,,
Casey Hayward,,GNB,2,62,2012,Vanderbilt,2008,2011,50.0,,,,,,,,,,,,,,DB,Vanderbilt,,,,,,,,,,,,,,,,,,,,,15.0,1.0,3.0
Rueben Randle,,NYG,2,63,2012,LSU,2009,2011,40.0,,,,,,,,,,,,,,WR,LSU,,,,,,,,,,40.9,97.0,1634.0,16.8,13.0,,,,,,,,,
Dwayne Allen,,CLT,3,64,2012,Clemson,2009,2011,41.0,,,,,,,,,,,,,,TE,Clemson,,,,,,,,,,26.3,93.0,1079.0,11.6,12.0,,,,,,,,,
Josh Robinson,,MIN,3,66,2012,UCF,2009,2011,38.0,,,,,,,,,,,,,,DB,UCF,,,,,,,,,,,,,,,,,,,,,10.0,2.0,0.0
Ronnie Hillman,,DEN,3,67,2012,San Diego State,2010,2011,26.0,,,,,,,,,,,,,,RB,San Diego State,124.7,573.0,3243.0,5.7,36.0,33.0,10.2,2.0,13.0,,,,,,,,,,,,,,
Devier Posey,,HTX,3,68,2012,Ohio State,2008,2011,42.0,,,,,,,,,,,,,,WR,Ohio State,,,,,,,,,,46.5,136.0,1955.0,14.4,18.0,,,,,,,,,
T.J. Graham,,BUF,3,69,2012,North Carolina State,2008,2011,46.0,,,,,,,,,,,,,,WR,North Carolina State,,,,,,,,,,31.6,99.0,1453.0,14.7,12.0,,,,,,,,,
Olivier Vernon,,MIA,3,72,2012,Miami (FL),2009,2011,30.0,,,,,,,,,,,,,,DL,Miami (FL),,,,,,,,,,,,,,,9.0,51.0,30.0,81.0,20.5,0.3,,,
Brandon Taylor,,SDG,3,73,2012,LSU,2008,2011,49.0,,,,,,,,,,,,,,DB,LSU,,,,,,,,,,,,,,,,,,,,,4.0,0.0,11.0
Donald Stephenson,,KAN,3,74,2012,Oklahoma,2010,2010,14.0,,,,,,,,,,,,,,OL,Oklahoma,,,,,,,,,,,,,,,,,,,,,,,
Russell Wilson,147.2,SEA,3,75,2012,Wisconsin,2008,2011,50.0,907.0,1489.0,582.0,60.9,11720.0,109.0,30.0,7.3,2.0,7.9,8.43,12.9,234.4,QB,North Carolina StateWisconsin,,,,,,,,,,,,,,,,,,,,,,,
Brandon Brooks,,HTX,3,76,2012,Miami (OH),2009,2010,21.0,,,,,,,,,,,,,,OL,Miami (OH),,,,,,,,,,,,,,,,,,,,,,,
Demario Davis,,NYJ,3,77,2012,Arkansas State,2008,2011,48.0,,,,,,,,,,,,,,LB,Arkansas State,,,,,,,,,,,,,,,7.0,129.0,100.0,229.0,22.5,0.1458333333333333,,,
Michael Egnew,,MIA,3,78,2012,Missouri,2008,2011,50.0,,,,,,,,,,,,,,WR,Missouri,,,,,,,,,,26.6,147.0,1332.0,9.1,8.0,,,,,,,,,
Brandon Hardin,,CHI,3,79,2012,Oregon State,2008,2010,38.0,,,,,,,,,,,,,,DB,Oregon State,,,,,,,,,,,,,,,,,,,,,1.0,0.0,3.0
Jamell Fleming,,CRD,3,80,2012,Oklahoma,2008,2011,51.0,,,,,,,,,,,,,,DB,Oklahoma,,,,,,,,,,,,,,,,,,,,,7.0,1.0,0.0
Tyrone Crawford,,DAL,3,81,2012,Boise State,2010,2011,25.0,,,,,,,,,,,,,,DL,Boise State,,,,,,,,,,,,,,,13.0,33.0,43.0,76.0,27.0,0.52,,,
Mike Martin,,OTI,3,82,2012,Michigan,2008,2011,49.0,,,,,,,,,,,,,,DL,Michigan,,,,,,,,,,,,,,,10.0,70.0,102.0,172.0,25.0,0.2040816326530612,,,
Mohamed Sanu,,CIN,3,83,2012,Rutgers,2009,2011,38.0,,,,,,,,,,,,,,WR,Rutgers,,,,,,,,,,59.6,210.0,2263.0,10.8,12.0,,,,,,,,,
Bernard Pierce,,RAV,3,84,2012,Temple,2009,2011,34.0,,,,,,,,,,,,,,RB,Temple,105.0,663.0,3570.0,5.4,53.0,19.0,9.4,1.0,5.2,,,,,,,,,,,,,,
Sean Spence,,PIT,3,86,2012,Miami (FL),2008,2011,47.0,,,,,,,,,,,,,,LB,Miami (FL),,,,,,,,,,,,,,,10.0,169.0,148.0,317.0,46.0,0.2127659574468085,,,
John Hughes,,CLE,3,87,2012,Cincinnati,2008,2011,50.0,,,,,,,,,,,,,,DL,Cincinnati,,,,,,,,,,,,,,,9.0,70.0,71.0,141.0,25.5,0.18,,,
Nick Foles,138.1,PHI,3,88,2012,Arizona,2007,2011,36.0,938.0,1404.0,466.0,66.8,10068.0,67.0,33.0,4.8,2.4,7.2,7.07,10.7,279.7,QB,ArizonaMichigan State,,,,,,,,,,,,,,,,,,,,,,,
Jake Bequette,,NWE,3,90,2012,Arkansas,2008,2011,48.0,,,,,,,,,,,,,,DL,Arkansas,,,,,,,,,,,,,,,23.0,63.0,63.0,126.0,31.0,0.4791666666666667,,,
Lamar Holmes,,ATL,3,91,2012,Southern Mississippi,2011,2011,14.0,,,,,,,,,,,,,,OL,Southern Mississippi,,,,,,,,,,,,,,,,,,,,,,,
T.Y. Hilton,,CLT,3,92,2012,Florida International,2008,2011,50.0,,,,,,,,,,,,,,WR,Florida International,,,,,,,,,,70.6,229.0,3531.0,15.4,24.0,,,,,,,,,
Brandon Thompson,,CIN,3,93,2012,Clemson,2008,2011,53.0,,,,,,,,,,,,,,DL,Clemson,,,,,,,,,,,,,,,4.0,59.0,70.0,129.0,19.5,0.0754716981132075,,,
Jayron Hosley,,NYG,3,94,2012,Virginia Tech,2009,2011,39.0,,,,,,,,,,,,,,DB,Virginia Tech,,,,,,,,,,,,,,,,,,,,,12.0,0.0,0.0
Tony Bergstrom,,RAI,3,95,2012,Utah,2008,2008,10.0,,,,,,,,,,,,,,OL,Utah,,,,,,,,,,,,,,,,,,,,,,,
Chris Givens,,RAM,4,96,2012,Wake Forest,2009,2011,36.0,,,,,,,,,,,,,,WR,Wake Forest,,,,,,,,,,68.7,163.0,2473.0,15.2,21.0,,,,,,,,,
Lamar Miller,,MIA,4,97,2012,Miami (FL),2010,2011,23.0,,,,,,,,,,,,,,RB,Miami (FL),83.4,335.0,1918.0,5.7,15.0,28.0,6.5,1.0,7.9,,,,,,,,,,,,,,
Ben Jones,,HTX,4,99,2012,Georgia,2009,2009,13.0,,,,,,,,,,,,,,OL,Georgia,,,,,,,,,,,,,,,,,,,,,,,
Travis Benjamin,,CLE,4,100,2012,Miami (FL),2008,2011,49.0,,,,,,,,,,,,,,WR,Miami (FL),,,,,,,,,,43.8,131.0,2146.0,16.4,13.0,,,,,,,,,
Omar Bolden,,DEN,4,101,2012,Arizona State,2007,2010,41.0,,,,,,,,,,,,,,DB,Arizona State,,,,,,,,,,,,,,,,,,,,,7.0,2.0,7.0
Kirk Cousins,146.1,WAS,4,102,2012,Michigan State,2008,2011,45.0,723.0,1128.0,405.0,64.1,9131.0,66.0,30.0,5.9,2.7,8.1,8.07,12.6,202.9,QB,Michigan State,,,,,,,,,,,,,,,,,,,,,,,
Frank Alexander,,CAR,4,103,2012,Oklahoma,2008,2011,48.0,,,,,,,,,,,,,,DL,Oklahoma,,,,,,,,,,,,,,,20.0,83.0,59.0,142.0,44.0,0.4166666666666667,,,
Joe Adams,,CAR,4,104,2012,Arkansas,2008,2011,47.0,,,,,,,,,,,,,,WR,Arkansas,,,,,,,,,,51.3,164.0,2410.0,14.7,17.0,,,,,,,,,
Nigel Bradham,,BUF,4,105,2012,Florida State,2008,2011,53.0,,,,,,,,,,,,,,LB,Florida State,,,,,,,,,,,,,,,9.0,188.0,117.0,305.0,21.5,0.1698113207547169,,,
Robert Turbin,,SEA,4,106,2012,Utah State,2007,2011,38.0,,,,,,,,,,,,,,RB,Utah State,87.2,565.0,3315.0,5.9,40.0,67.0,12.6,11.0,22.2,,,,,,,,,,,,,,
Devon Wylie,,KAN,4,107,2012,Fresno State,2007,2011,43.0,,,,,,,,,,,,,,WR,Fresno State,,,,,,,,,,30.9,98.0,1327.0,13.5,8.0,,,,,,,,,
Philip Blake,,DEN,4,108,2012,Baylor,2010,2010,13.0,,,,,,,,,,,,,,OL,Baylor,,,,,,,,,,,,,,,,,,,,,,,
Alameda Ta'Amu,,PIT,4,109,2012,Washington,2008,2011,50.0,,,,,,,,,,,,,,DL,Washington,,,,,,,,,,,,,,,7.0,57.0,52.0,109.0,16.5,0.14,,,
Evan Rodriguez,,CHI,4,111,2012,Temple,2009,2011,37.0,,,,,,,,,,,,,,TE,Temple,,,,,,,,,,23.5,69.0,871.0,12.6,7.0,,,,,,,,,
Bobby Massie,,CRD,4,112,2012,Ole Miss,2011,2011,12.0,,,,,,,,,,,,,,OL,Ole Miss,,,,,,,,,,,,,,,,,,,,,,,
Kyle Wilber,,DAL,4,113,2012,Wake Forest,2008,2011,43.0,,,,,,,,,,,,,,DL,Wake Forest,,,,,,,,,,,,,,,13.0,117.0,78.0,195.0,35.5,0.3023255813953488,,,
Jaye Howard,,SEA,4,114,2012,Florida,2008,2011,45.0,,,,,,,,,,,,,,DL,Florida,,,,,,,,,,,,,,,11.0,80.0,51.0,131.0,25.5,0.2444444444444444,,,
Coty Sensabaugh,,OTI,4,115,2012,Clemson,2008,2011,52.0,,,,,,,,,,,,,,DB,Clemson,,,,,,,,,,,,,,,,,,,,,4.0,0.0,14.0
Orson Charles,,CIN,4,116,2012,Georgia,2009,2011,40.0,,,,,,,,,,,,,,TE,Georgia,,,,,,,,,,34.3,94.0,1370.0,14.6,10.0,,,,,,,,,
Joe Looney,,SFO,4,117,2012,Wake Forest,2010,2011,23.0,,,,,,,,,,,,,,OL,Wake Forest,,,,,,,,,,,,,,,,,,,,,,,
Jarius Wright,,MIN,4,118,2012,Arkansas,2008,2011,50.0,,,,,,,,,,,,,,WR,Arkansas,,,,,,,,,,58.7,168.0,2934.0,17.5,24.0,,,,,,,,,
Keenan Robinson,,WAS,4,119,2012,Texas,2008,2011,51.0,,,,,,,,,,,,,,LB,Texas,,,,,,,,,,,,,,,5.0,167.0,108.0,275.0,20.5,0.0980392156862745,,,
James-Michael Johnson,,CLE,4,120,2012,Nevada,2007,2011,54.0,,,,,,,,,,,,,,LB,Nevada,,,,,,,,,,,,,,,7.0,169.0,126.0,295.0,37.5,0.1296296296296296,,,
Keshawn Martin,,HTX,4,121,2012,Michigan State,2008,2011,48.0,,,,,,,,,,,,,,WR,Michigan State,,,,,,,,,,35.7,127.0,1714.0,13.5,10.0,,,,,,,,,
Nick Toon,,NOR,4,122,2012,Wisconsin,2008,2011,47.0,,,,,,,,,,,,,,WR,Wisconsin,,,,,,,,,,52.1,171.0,2447.0,14.3,18.0,,,,,,,,,
Brandon Boykin,,PHI,4,123,2012,Georgia,2008,2011,53.0,,,,,,,,,,,,,,DB,Georgia,,,,,,,,,,,,,,,,,,,,,9.0,0.0,0.0
Ron Brooks,,BUF,4,124,2012,LSU,2008,2011,53.0,,,,,,,,,,,,,,DB,LSU,,,,,,,,,,,,,,,,,,,,,3.0,3.0,9.0
Ronnell Lewis,,DET,4,125,2012,Oklahoma,2009,2011,34.0,,,,,,,,,,,,,,LB,Oklahoma,,,,,,,,,,,,,,,10.0,67.0,51.0,118.0,20.5,0.2941176470588235,,,
Jared Crick,,HTX,4,126,2012,Nebraska,2008,2011,40.0,,,,,,,,,,,,,,DL,Nebraska,,,,,,,,,,,,,,,20.0,75.0,92.0,167.0,29.5,0.5,,,
Adrien Robinson,,NYG,4,127,2012,Cincinnati,2008,2011,39.0,,,,,,,,,,,,,,WR,Cincinnati,,,,,,,,,,11.1,29.0,434.0,15.0,5.0,,,,,,,,,
Rhett Ellison,,MIN,4,128,2012,USC,2008,2011,47.0,,,,,,,,,,,,,,TE,USC,,,,,,,,,,10.0,53.0,471.0,8.9,6.0,,,,,,,,,
Miles Burris,,RAI,4,129,2012,San Diego State,2008,2011,50.0,,,,,,,,,,,,,,LB,San Diego State,,,,,,,,,,,,,,,19.0,141.0,94.0,235.0,47.0,0.38,,,
Brandon Mosley,,NYG,4,131,2012,Auburn,2010,2011,27.0,,,,,,,,,,,,,,OL,Auburn,,,,,,,,,,,,,,,,,,,,,,,
Mike Daniels,,GNB,4,132,2012,Iowa,2008,2011,47.0,,,,,,,,,,,,,,DL,Iowa,,,,,,,,,,,,,,,15.0,54.0,69.0,123.0,27.0,0.3191489361702128,,,
Greg Childs,,MIN,4,134,2012,Arkansas,2008,2011,44.0,,,,,,,,,,,,,,WR,Arkansas,,,,,,,,,,47.0,133.0,2066.0,15.5,15.0,,,,,,,,,
Josh Chapman,,CLT,5,136,2012,Alabama,2007,2011,49.0,,,,,,,,,,,,,,DL,Alabama,,,,,,,,,,,,,,,2.0,44.0,44.0,88.0,13.5,0.0408163265306122,,,
Malik Jackson,,DEN,5,137,2012,Tennessee,2010,2011,25.0,,,,,,,,,,,,,,DL,Tennessee,,,,,,,,,,,,,,,7.0,52.0,52.0,104.0,22.0,0.28,,,
Tahir Whitehead,,DET,5,138,2012,Temple,2010,2011,25.0,,,,,,,,,,,,,,LB,Temple,,,,,,,,,,,,,,,7.0,80.0,46.0,126.0,21.0,0.28,,,
Tahir Whitehead,,DET,5,138,2012,Temple,2008,2009,25.0,,,,,,,,,,,,,,DB,Temple,,,,,,,,,,,,,,,,,,,,,0.0,0.0,2.0
Robert Blanton,,MIN,5,139,2012,Notre Dame,2008,2011,50.0,,,,,,,,,,,,,,DB,Notre Dame,,,,,,,,,,,,,,,,,,,,,8.0,1.0,10.0
Najee Goode,,TAM,5,140,2012,West Virginia,2008,2011,52.0,,,,,,,,,,,,,,LB,West Virginia,,,,,,,,,,,,,,,8.0,80.0,77.0,157.0,22.5,0.1538461538461538,,,
Brandon Marshall,,JAX,5,142,2012,Nevada,2008,2011,52.0,,,,,,,,,,,,,,LB,Nevada,,,,,,,,,,,,,,,6.0,147.0,112.0,259.0,33.5,0.1153846153846153,,,
Zebrie Sanders,,BUF,5,144,2012,Florida State,2010,2010,14.0,,,,,,,,,,,,,,OL,Florida State,,,,,,,,,,,,,,,,,,,,,,,
Taylor Thompson,,OTI,5,145,2012,SMU,2008,2011,50.0,,,,,,,,,,,,,,DL,SMU,,,,,,,,,,,,,,,18.0,74.0,65.0,139.0,22.5,0.36,,,
Dequan Menzie,,KAN,5,146,2012,Alabama,2010,2011,25.0,,,,,,,,,,,,,,DB,Alabama,,,,,,,,,,,,,,,,,,,,,1.0,1.0,15.0
Tank Carder,,BUF,5,147,2012,Texas Christian,2008,2011,50.0,,,,,,,,,,,,,,LB,Texas Christian,,,,,,,,,,,,,,,5.0,137.0,91.0,228.0,25.0,0.1,,,
Johnnie Troutman,,SDG,5,149,2012,Penn State,2011,2011,13.0,,,,,,,,,,,,,,OL,Penn State,,,,,,,,,,,,,,,,,,,,,,,
Senio Kelemete,,CRD,5,151,2012,Washington,2008,2008,8.0,,,,,,,,,,,,,,DL,Washington,,,,,,,,,,,,,,,0.0,4.0,0.0,4.0,0.0,0.0,,,
Danny Coale,,DAL,5,152,2012,Virginia Tech,2008,2011,55.0,,,,,,,,,,,,,,WR,Virginia Tech,,,,,,,,,,48.3,165.0,2658.0,16.1,8.0,,,,,,,,,
Dennis Kelly,,PHI,5,153,2012,Purdue,2011,2011,13.0,,,,,,,,,,,,,,OL,Purdue,,,,,,,,,,,,,,,,,,,,,,,
Korey Toomer,,SEA,5,154,2012,Idaho,2009,2011,25.0,,,,,,,,,,,,,,LB,Idaho,,,,,,,,,,,,,,,4.0,44.0,33.0,77.0,10.5,0.16,,,
Josh Kaddu,,MIA,5,155,2012,Oregon,2008,2011,40.0,,,,,,,,,,,,,,LB,Oregon,,,,,,,,,,,,,,,10.0,68.0,40.0,108.0,20.0,0.25,,,
Shaun Prater,,CIN,5,156,2012,Iowa,2008,2011,48.0,,,,,,,,,,,,,,DB,Iowa,,,,,,,,,,,,,,,,,,,,,7.0,2.0,11.0
Bradie Ewing,,ATL,5,157,2012,Wisconsin,2008,2011,52.0,,,,,,,,,,,,,,RB,Wisconsin,0.6,7.0,33.0,4.7,2.0,28.0,11.7,2.0,6.3,,,,,,,,,,,,,,
Jack Crawford,,RAI,5,158,2012,Penn State,2009,2011,36.0,,,,,,,,,,,,,,DL,Penn State,,,,,,,,,,,,,,,14.0,35.0,50.0,85.0,26.5,0.3888888888888889,,,
Chris Rainey,,PIT,5,159,2012,Florida,2007,2011,45.0,,,,,,,,,,,,,,RB,Florida,46.6,345.0,2098.0,6.1,11.0,44.0,13.2,3.0,12.9,,,,,,,,,,,,,,
Chris Rainey,,PIT,5,159,2012,Florida,2010,2010,8.0,,,,,,,,,,,,,,WR,Florida,,,,,,,,,,27.0,25.0,216.0,8.6,3.0,,,,,,,,,
Ryan Miller,,CLE,5,160,2012,Colorado,2010,2010,12.0,,,,,,,,,,,,,,OL,Colorado,,,,,,,,,,,,,,,,,,,,,,,
Terrell Manning,,GNB,5,163,2012,North Carolina State,2009,2011,36.0,,,,,,,,,,,,,,LB,North Carolina State,,,,,,,,,,,,,,,10.0,112.0,81.0,193.0,27.5,0.2777777777777778,,,
Jonathan Massaquoi,,ATL,5,164,2012,Troy,2010,2011,25.0,,,,,,,,,,,,,,DL,Troy,,,,,,,,,,,,,,,19.0,81.0,47.0,128.0,31.0,0.76,,,
Darius Fleming,,SFO,5,165,2012,Notre Dame,2008,2011,50.0,,,,,,,,,,,,,,LB,Notre Dame,,,,,,,,,,,,,,,14.0,86.0,71.0,157.0,32.0,0.28,,,
Marvin Jones,,CIN,5,166,2012,California,2008,2011,43.0,,,,,,,,,,,,,,WR,California,,,,,,,,,,52.8,156.0,2270.0,14.6,13.0,,,,,,,,,
George Iloka,,CIN,5,167,2012,Boise State,2008,2011,53.0,,,,,,,,,,,,,,DB,Boise State,,,,,,,,,,,,,,,,,,,,,7.0,0.0,1.0
Juron Criner,,RAI,5,168,2012,Arizona,2008,2011,50.0,,,,,,,,,,,,,,WR,Arizona,,,,,,,,,,57.2,209.0,2859.0,13.7,32.0,,,,,,,,,
Vick Ballard,,CLT,5,170,2012,Mississippi State,2010,2011,25.0,,,,,,,,,,,,,,RB,Mississippi State,86.3,379.0,2157.0,5.7,29.0,30.0,9.8,2.0,11.7,,,,,,,,,,,,,,
Alfred Morris,,WAS,6,173,2012,Florida Atlantic,2008,2011,47.0,,,,,,,,,,,,,,RB,Florida Atlantic,75.1,733.0,3529.0,4.8,27.0,30.0,10.0,4.0,6.4,,,,,,,,,,,,,,
Keith Tandy,,TAM,6,174,2012,West Virginia,2008,2011,45.0,,,,,,,,,,,,,,DB,West Virginia,,,,,,,,,,,,,,,,,,,,,13.0,0.0,20.0
Mike Harris,,JAX,6,176,2012,Florida State,2010,2011,27.0,,,,,,,,,,,,,,DB,Florida State,,,,,,,,,,,,,,,,,,,,,5.0,0.0,0.0
Mark Asper,,BUF,6,178,2012,Oregon,2009,2009,13.0,,,,,,,,,,,,,,OL,Oregon,,,,,,,,,,,,,,,,,,,,,,,
Andrew Tiller,,NOR,6,179,2012,Syracuse,2010,2010,13.0,,,,,,,,,,,,,,OL,Syracuse,,,,,,,,,,,,,,,,,,,,,,,
Winston Guy,,SEA,6,181,2012,Kentucky,2008,2011,51.0,,,,,,,,,,,,,,DB,Kentucky,,,,,,,,,,,,,,,,,,,,,5.0,0.0,3.0
Cyrus Gray,,KAN,6,182,2012,Texas A&M,2008,2011,49.0,,,,,,,,,,,,,,RB,Texas A&M,67.3,632.0,3298.0,5.2,30.0,103.0,7.5,6.0,15.8,,,,,,,,,,,,,,
B.J. Cunningham,,MIA,6,183,2012,Michigan State,2008,2011,51.0,,,,,,,,,,,,,,WR,Michigan State,,,,,,,,,,60.5,218.0,3086.0,14.2,25.0,,,,,,,,,
Isaiah Frey,,CHI,6,184,2012,Nevada,2008,2011,51.0,,,,,,,,,,,,,,DB,Nevada,,,,,,,,,,,,,,,,,,,,,7.0,0.0,27.0
Ryan Lindley,128.8,CRD,6,185,2012,San Diego State,2008,2011,49.0,961.0,1732.0,771.0,55.5,12690.0,90.0,47.0,5.2,2.7,7.3,7.14,13.2,259.0,QB,San Diego State,,,,,,,,,,,,,,,,,,,,,,,
James Hanna,,DAL,6,186,2012,Oklahoma,2008,2011,54.0,,,,,,,,,,,,,,TE,Oklahoma,,,,,,,,,,13.3,52.0,720.0,13.8,9.0,,,,,,,,,
Josh Bush,,NYJ,6,187,2012,Wake Forest,2008,2011,46.0,,,,,,,,,,,,,,DB,Wake Forest,,,,,,,,,,,,,,,,,,,,,7.0,0.0,8.0
Danny Trevathan,,DEN,6,188,2012,Kentucky,2008,2011,51.0,,,,,,,,,,,,,,LB,Kentucky,,,,,,,,,,,,,,,6.0,198.0,176.0,374.0,32.5,0.1176470588235294,,,
Markelle Martin,,OTI,6,190,2012,Oklahoma State,2008,2011,48.0,,,,,,,,,,,,,,DB,Oklahoma State,,,,,,,,,,,,,,,,,,,,,3.0,1.0,26.0
Dan Herron,,CIN,6,191,2012,Ohio State,2008,2011,41.0,,,,,,,,,,,,,,RB,Ohio State,70.0,592.0,2869.0,4.8,32.0,44.0,7.0,1.0,7.5,,,,,,,,,,,,,,
Charles Mitchell,,ATL,6,192,2012,Mississippi State,2008,2011,50.0,,,,,,,,,,,,,,DB,Mississippi State,,,,,,,,,,,,,,,,,,,,,4.0,1.0,5.0
Marvin McNutt,-5.3,PHI,6,194,2012,Iowa,2008,2008,3.0,1.0,3.0,2.0,33.3,10.0,0.0,1.0,0.0,33.3,3.3,-11.67,10.0,3.3,QB,Iowa,,,,,,,,,,,,,,,,,,,,,,,
Marvin McNutt,,PHI,6,194,2012,Iowa,2009,2011,39.0,,,,,,,,,,,,,,WR,Iowa,,,,,,,,,,73.1,169.0,2850.0,16.9,28.0,,,,,,,,,
Nick Mondek,,HTX,6,195,2012,Purdue,2011,2011,13.0,,,,,,,,,,,,,,OL,Purdue,,,,,,,,,,,,,,,,,,,,,,,
Nick Mondek,,HTX,6,195,2012,Purdue,2008,2009,23.0,,,,,,,,,,,,,,DL,Purdue,,,,,,,,,,,,,,,2.0,11.0,4.0,15.0,3.0,0.0869565217391304,,,
Jonte Green,,DET,6,196,2012,New Mexico State,2009,2011,38.0,,,,,,,,,,,,,,DB,New Mexico State,,,,,,,,,,,,,,,,,,,,,2.0,0.0,29.0
Nate Ebner,,NWE,6,197,2012,Ohio State,2009,2011,36.0,,,,,,,,,,,,,,DB,Ohio State,,,,,,,,,,,,,,,,,,,,,0.0,0.0,0.0
Tommy Streeter,,RAV,6,198,2012,Miami (FL),2009,2011,30.0,,,,,,,,,,,,,,WR,Miami (FL),,,,,,,,,,32.2,52.0,967.0,18.6,9.0,,,,,,,,,
Brandon Washington,,PHI,6,200,2012,Miami (FL),2010,2010,13.0,,,,,,,,,,,,,,OL,Miami (FL),,,,,,,,,,,,,,,,,,,,,,,
Terrance Ganaway,,NYJ,6,202,2012,Baylor,2007,2011,51.0,,,,,,,,,,,,,,RB,BaylorHouston,50.8,473.0,2592.0,5.5,34.0,12.0,11.1,1.0,2.6,,,,,,,,,,,,,,
Emmanuel Acho,,CLE,6,204,2012,Texas,2008,2011,48.0,,,,,,,,,,,,,,LB,Texas,,,,,,,,,,,,,,,7.0,142.0,98.0,240.0,32.5,0.1458333333333333,,,
Billy Winn,,CLE,6,205,2012,Boise State,2008,2011,53.0,,,,,,,,,,,,,,DL,Boise State,,,,,,,,,,,,,,,16.0,64.0,69.0,133.0,36.5,0.3018867924528302,,,
Lavon Brazill,,CLT,6,206,2012,Ohio,2007,2011,49.0,,,,,,,,,,,,,,WR,Ohio,,,,,,,,,,51.3,187.0,2515.0,13.4,18.0,,,,,,,,,
Aaron Brown,,RAM,7,209,2012,Hawaii,2009,2011,29.0,,,,,,,,,,,,,,DB,Hawaii,,,,,,,,,,,,,,,,,,,,,6.0,2.0,9.0
Audie Cole,,MIN,7,210,2012,North Carolina State,2008,2011,51.0,,,,,,,,,,,,,,LB,North Carolina State,,,,,,,,,,,,,,,14.0,147.0,129.0,276.0,32.0,0.2745098039215686,,,
Scott Solomon,,OTI,7,211,2012,Rice,2007,2011,47.0,,,,,,,,,,,,,,DL,Rice,,,,,,,,,,,,,,,24.0,130.0,77.0,207.0,43.5,0.5106382978723404,,,
Michael Smith,,TAM,7,212,2012,Utah State,2009,2011,28.0,,,,,,,,,,,,,,RB,Utah State,46.9,184.0,1313.0,7.1,15.0,38.0,11.2,4.0,15.1,,,,,,,,,,,,,,
Richard Crawford,,WAS,7,213,2012,SMU,2010,2011,27.0,,,,,,,,,,,,,,DB,SMU,,,,,,,,,,,,,,,,,,,,,6.0,0.0,21.0
Tim Fugger,,CLT,7,214,2012,Vanderbilt,2008,2011,46.0,,,,,,,,,,,,,,DL,Vanderbilt,,,,,,,,,,,,,,,11.0,53.0,37.0,90.0,20.5,0.2391304347826087,,,
Kheeston Randall,,MIA,7,215,2012,Texas,2008,2011,46.0,,,,,,,,,,,,,,DL,Texas,,,,,,,,,,,,,,,5.0,45.0,44.0,89.0,18.5,0.108695652173913,,,
D.J. Campbell,,CAR,7,216,2012,California,2008,2011,46.0,,,,,,,,,,,,,,DB,California,,,,,,,,,,,,,,,,,,,,,2.0,0.0,7.0
Jordan Bernstine,,WAS,7,217,2012,Iowa,2007,2011,36.0,,,,,,,,,,,,,,DB,Iowa,,,,,,,,,,,,,,,,,,,,,1.0,0.0,2.0
Jerome Long,,KAN,7,218,2012,San Diego State,2008,2011,49.0,,,,,,,,,,,,,,DL,San Diego State,,,,,,,,,,,,,,,9.0,92.0,70.0,162.0,17.5,0.1836734693877551,,,
Trevor Guyton,,MIN,7,219,2012,California,2008,2011,43.0,,,,,,,,,,,,,,DL,California,,,,,,,,,,,,,,,11.0,37.0,54.0,91.0,25.0,0.2558139534883721,,,
Greg McCoy,,CHI,7,220,2012,Texas Christian,2007,2011,52.0,,,,,,,,,,,,,,DB,Texas Christian,,,,,,,,,,,,,,,,,,,,,7.0,0.0,10.0
Nate Potter,,CRD,7,221,2012,Boise State,2011,2011,,,,,,,,,,,,,,,OL,Boise State,,,,,,,,,,,,,,,,,,,,,,,
Travis Lewis,,DET,7,223,2012,Oklahoma,2008,2011,53.0,,,,,,,,,,,,,,LB,Oklahoma,,,,,,,,,,,,,,,7.0,243.0,203.0,446.0,31.0,0.1320754716981132,,,
Alfonzo Dennard,,NWE,7,224,2012,Nebraska,2008,2011,47.0,,,,,,,,,,,,,,DB,Nebraska,,,,,,,,,,,,,,,,,,,,,4.0,1.0,13.0
Jr Sweezy,,SEA,7,225,2012,North Carolina State,2008,2011,36.0,,,,,,,,,,,,,,DL,North Carolina State,,,,,,,,,,,,,,,10.0,41.0,56.0,97.0,22.0,0.2777777777777778,,,
David Molk,,SDG,7,226,2012,Michigan,2008,2011,12.0,,,,,,,,,,,,,,OL,Michigan,,,,,,,,,,,,,,,,,,,,,,,
Rishard Matthews,,MIA,7,227,2012,Nevada,2010,2011,26.0,,,,,,,,,,,,,,WR,Nevada,,,,,,,,,,86.3,147.0,2243.0,15.3,13.0,,,,,,,,,
Bryce Brown,,PHI,7,229,2012,Kansas State,2009,2011,14.0,,,,,,,,,,,,,,RB,Kansas StateTennessee,34.0,104.0,476.0,4.6,3.0,11.0,12.7,1.0,10.0,,,,,,,,,,,,,,
Nathan Stupar,,RAI,7,230,2012,Penn State,2008,2011,52.0,,,,,,,,,,,,,,LB,Penn State,,,,,,,,,,,,,,,5.0,100.0,105.0,205.0,14.5,0.0961538461538461,,,
Toney Clemons,,PIT,7,231,2012,Colorado,2007,2011,43.0,,,,,,,,,,,,,,WR,ColoradoMichigan,,,,,,,,,,29.5,98.0,1268.0,12.9,11.0,,,,,,,,,
Greg Scruggs,,SEA,7,232,2012,Louisville,2008,2011,42.0,,,,,,,,,,,,,,DL,Louisville,,,,,,,,,,,,,,,8.0,38.0,23.0,61.0,19.0,0.1904761904761904,,,
Drake Dunsmore,,TAM,7,233,2012,Northwestern,2007,2011,51.0,,,,,,,,,,,,,,TE,Northwestern,,,,,,,,,,30.7,143.0,1567.0,11.0,14.0,,,,,,,,,
Jeremy Ebert,,NWE,7,235,2012,Northwestern,2008,2011,52.0,,,,,,,,,,,,,,WR,Northwestern,,,,,,,,,,46.2,173.0,2400.0,13.9,21.0,,,,,,,,,
Deangelo Tyson,,RAV,7,236,2012,Georgia,2008,2011,50.0,,,,,,,,,,,,,,DL,Georgia,,,,,,,,,,,,,,,3.0,28.0,51.0,79.0,8.5,0.06,,,
Cam Johnson,,SFO,7,237,2012,Virginia,2008,2011,42.0,,,,,,,,,,,,,,LB,Virginia,,,,,,,,,,,,,,,12.0,74.0,56.0,130.0,32.5,0.2857142857142857,,,
Junior Hemingway,,KAN,7,238,2012,Michigan,2007,2011,47.0,,,,,,,,,,,,,,WR,Michigan,,,,,,,,,,34.9,88.0,1638.0,18.6,11.0,,,,,,,,,
Markus Kuhn,,NYG,7,239,2012,North Carolina State,2007,2011,48.0,,,,,,,,,,,,,,DL,North Carolina State,,,,,,,,,,,,,,,8.0,61.0,54.0,115.0,18.5,0.1666666666666666,,,
David Paulson,,PIT,7,240,2012,Oregon,2009,2011,40.0,,,,,,,,,,,,,,TE,Oregon,,,,,,,,,,26.0,67.0,1041.0,15.5,10.0,,,,,,,,,
Andrew Datko,,GNB,7,241,2012,Florida State,2009,2009,13.0,,,,,,,,,,,,,,OL,Florida State,,,,,,,,,,,,,,,,,,,,,,,
Antonio Allen,,NYJ,7,242,2012,South Carolina,2008,2009,14.0,,,,,,,,,,,,,,LB,South Carolina,,,,,,,,,,,,,,,0.0,25.0,15.0,40.0,0.0,0.0,,,
Antonio Allen,,NYJ,7,242,2012,South Carolina,2010,2011,24.0,,,,,,,,,,,,,,DB,South Carolina,,,,,,,,,,,,,,,,,,,,,4.0,2.0,0.0
Jordan White,,NYJ,7,244,2012,Western Michigan,2007,2011,43.0,,,,,,,,,,,,,,WR,Western Michigan,,,,,,,,,,97.4,306.0,4187.0,13.7,32.0,,,,,,,,,
Trevin Wade,,CLE,7,245,2012,Arizona,2008,2011,50.0,,,,,,,,,,,,,,DB,Arizona,,,,,,,,,,,,,,,,,,,,,12.0,2.0,0.0
Terrence Frederick,,PIT,7,246,2012,Texas A&M,2008,2011,50.0,,,,,,,,,,,,,,DB,Texas A&M,,,,,,,,,,,,,,,,,,,,,4.0,0.0,3.0
Brad Smelley,,CLE,7,247,2012,Alabama,2008,2011,46.0,,,,,,,,,,,,,,TE,Alabama,,,,,,,,,,12.2,54.0,559.0,10.4,4.0,,,,,,,,,
Travian Robertson,,ATL,7,249,2012,South Carolina,2007,2011,56.0,,,,,,,,,,,,,,DL,South Carolina,,,,,,,,,,,,,,,6.0,71.0,52.0,123.0,21.0,0.1071428571428571,,,
Edwin Baker,,SDG,7,250,2012,Michigan State,2009,2011,35.0,,,,,,,,,,,,,,RB,Michigan State,65.5,462.0,2293.0,5.0,19.0,15.0,8.3,1.0,3.6,,,,,,,,,,,,,,
Chandler Harnish,145.1,CLT,7,253,2012,Northern Illinois,2008,2011,47.0,687.0,1110.0,423.0,61.9,8944.0,68.0,26.0,6.1,2.3,8.1,8.23,13.0,190.3,QB,Northern Illinois,,,,,,,,,,,,,,,,,,,,,,,
Luke Joeckel,,JAX,1,2,2013,Texas A&M,2011,2011,13.0,,,,,,,,,,,,,,OL,Texas A&M,,,,,,,,,,,,,,,,,,,,,,,
Dion Jordan,,MIA,1,3,2013,Oregon,2009,2009,6.0,,,,,,,,,,,,,,WR,Oregon,,,,,,,,,,0.0,0.0,0.0,,0.0,,,,,,,,,
Dion Jordan,,MIA,1,3,2013,Oregon,2010,2012,39.0,,,,,,,,,,,,,,DL,Oregon,,,,,,,,,,,,,,,14.0,72.0,47.0,119.0,29.0,0.358974358974359,,,
Lane Johnson,,PHI,1,4,2013,Oklahoma,2011,2011,13.0,,,,,,,,,,,,,,OL,Oklahoma,,,,,,,,,,,,,,,,,,,,,,,
Ezekiel Ansah,,DET,1,5,2013,BYU,2010,2012,31.0,,,,,,,,,,,,,,DL,BYU,,,,,,,,,,,,,,,4.0,39.0,33.0,72.0,13.0,0.1290322580645161,,,
Barkevious Mingo,,CLE,1,6,2013,LSU,2010,2012,40.0,,,,,,,,,,,,,,DL,LSU,,,,,,,,,,,,,,,15.0,60.0,59.0,119.0,29.0,0.375,,,
Jonathan Cooper,,CRD,1,7,2013,North Carolina,2010,2011,26.0,,,,,,,,,,,,,,OL,North Carolina,,,,,,,,,,,,,,,,,,,,,,,
Tavon Austin,,RAM,1,8,2013,West Virginia,2009,2011,39.0,,,,,,,,,,,,,,RB,West Virginia,10.0,38.0,390.0,10.3,3.0,174.0,12.2,17.0,54.5,,,,,,,,,,,,,,
Tavon Austin,,RAM,1,8,2013,West Virginia,2012,2012,13.0,,,,,,,,,,,,,,WR,West Virginia,,,,,,,,,,99.2,114.0,1289.0,11.3,12.0,,,,,,,,,
Dee Milliner,,NYJ,1,9,2013,Alabama,2010,2012,39.0,,,,,,,,,,,,,,DB,Alabama,,,,,,,,,,,,,,,,,,,,,6.0,1.0,17.0
Chance Warmack,,OTI,1,10,2013,Alabama,2012,2012,14.0,,,,,,,,,,,,,,OL,Alabama,,,,,,,,,,,,,,,,,,,,,,,
D.J. Fluker,,SDG,1,11,2013,Alabama,2011,2011,13.0,,,,,,,,,,,,,,OL,Alabama,,,,,,,,,,,,,,,,,,,,,,,
D.J. Hayden,,RAI,1,12,2013,Houston,2011,2012,22.0,,,,,,,,,,,,,,DB,Houston,,,,,,,,,,,,,,,,,,,,,6.0,3.0,11.0
Sheldon Richardson,,NYJ,1,13,2013,Missouri,2011,2012,24.0,,,,,,,,,,,,,,DL,Missouri,,,,,,,,,,,,,,,6.0,54.0,58.0,112.0,18.5,0.25,,,
Star Lotulelei,,CAR,1,14,2013,Utah,2010,2012,38.0,,,,,,,,,,,,,,DL,Utah,,,,,,,,,,,,,,,7.0,48.0,59.0,107.0,21.5,0.1842105263157894,,,
Kenny Vaccaro,,NOR,1,15,2013,Texas,2009,2012,50.0,,,,,,,,,,,,,,DB,Texas,,,,,,,,,,,,,,,,,,,,,5.0,0.0,0.0
E.J. Manuel,150.4,BUF,1,16,2013,Florida State,2009,2012,43.0,600.0,897.0,297.0,66.9,7741.0,47.0,28.0,5.2,3.1,8.6,8.27,12.9,180.0,QB,Florida State,,,,,,,,,,,,,,,,,,,,,,,
Jarvis Jones,,PIT,1,17,2013,Georgia,2009,2012,34.0,,,,,,,,,,,,,,LB,GeorgiaUSC,,,,,,,,,,,,,,,28.0,96.0,72.0,168.0,45.5,0.8235294117647058,,,
Eric Reid,,SFO,1,18,2013,LSU,2010,2012,39.0,,,,,,,,,,,,,,DB,LSU,,,,,,,,,,,,,,,,,,,,,6.0,0.0,4.0
Justin Pugh,,NYG,1,19,2013,Syracuse,2011,2012,21.0,,,,,,,,,,,,,,OL,Syracuse,,,,,,,,,,,,,,,,,,,,,,,
Tyler Eifert,,CIN,1,21,2013,Notre Dame,2010,2012,37.0,,,,,,,,,,,,,,TE,Notre Dame,,,,,,,,,,49.7,140.0,1840.0,13.1,11.0,,,,,,,,,
Desmond Trufant,,ATL,1,22,2013,Washington,2009,2012,50.0,,,,,,,,,,,,,,DB,Washington,,,,,,,,,,,,,,,,,,,,,6.0,0.0,0.0
Shariff Floyd,,MIN,1,23,2013,Florida,2011,2012,24.0,,,,,,,,,,,,,,DL,Florida,,,,,,,,,,,,,,,4.0,48.0,44.0,92.0,19.5,0.1666666666666666,,,
Bjoern Werner,,CLT,1,24,2013,Florida State,2010,2012,41.0,,,,,,,,,,,,,,DL,Florida State,,,,,,,,,,,,,,,23.0,63.0,36.0,99.0,35.0,0.5609756097560976,,,
Xavier Rhodes,,MIN,1,25,2013,Florida State,2010,2012,41.0,,,,,,,,,,,,,,DB,Florida State,,,,,,,,,,,,,,,,,,,,,8.0,0.0,0.0
Datone Jones,,GNB,1,26,2013,UCLA,2008,2012,51.0,,,,,,,,,,,,,,DL,UCLA,,,,,,,,,,,,,,,12.0,90.0,58.0,148.0,36.5,0.2352941176470588,,,
Deandre Hopkins,,HTX,1,27,2013,Clemson,2010,2012,39.0,,,,,,,,,,,,,,WR,Clemson,,,,,,,,,,77.4,206.0,3020.0,14.7,27.0,,,,,,,,,
Sylvester Williams,,DEN,1,28,2013,North Carolina,2011,2012,25.0,,,,,,,,,,,,,,DL,North Carolina,,,,,,,,,,,,,,,8.0,44.0,52.0,96.0,20.5,0.32,,,
Cordarrelle Patterson,,MIN,1,29,2013,Tennessee,2012,2012,12.0,,,,,,,,,,,,,,WR,Tennessee,,,,,,,,,,64.8,46.0,778.0,16.9,5.0,,,,,,,,,
Alec Ogletree,,RAM,1,30,2013,Georgia,2011,2012,18.0,,,,,,,,,,,,,,LB,Georgia,,,,,,,,,,,,,,,6.0,104.0,59.0,163.0,19.0,0.3333333333333333,,,
Alec Ogletree,,RAM,1,30,2013,Georgia,2010,2010,12.0,,,,,,,,,,,,,,DB,Georgia,,,,,,,,,,,,,,,,,,,,,0.0,0.0,1.0
Travis Frederick,,DAL,1,31,2013,Wisconsin,2011,2012,27.0,,,,,,,,,,,,,,OL,Wisconsin,,,,,,,,,,,,,,,,,,,,,,,
Matt Elam,,RAV,1,32,2013,Florida,2010,2012,39.0,,,,,,,,,,,,,,DB,Florida,,,,,,,,,,,,,,,,,,,,,6.0,0.0,0.0
Jonathan Cyprien,,JAX,2,33,2013,Florida International,2009,2012,50.0,,,,,,,,,,,,,,DB,Florida International,,,,,,,,,,,,,,,,,,,,,7.0,1.0,0.0
Justin Hunter,,OTI,2,34,2013,Tennessee,2010,2012,28.0,,,,,,,,,,,,,,WR,Tennessee,,,,,,,,,,64.7,106.0,1812.0,17.1,18.0,,,,,,,,,
Zach Ertz,,PHI,2,35,2013,Stanford,2010,2012,37.0,,,,,,,,,,,,,,TE,Stanford,,,,,,,,,,38.8,112.0,1434.0,12.8,15.0,,,,,,,,,
Darius Slay,,DET,2,36,2013,Mississippi State,2011,2012,26.0,,,,,,,,,,,,,,DB,Mississippi State,,,,,,,,,,,,,,,,,,,,,6.0,2.0,0.0
Giovani Bernard,,CIN,2,37,2013,North Carolina,2011,2012,23.0,,,,,,,,,,,,,,RB,North Carolina,107.9,423.0,2481.0,5.9,25.0,92.0,9.3,6.0,37.0,,,,,,,,,,,,,,
Manti Te'o,,SDG,2,38,2013,Notre Dame,2009,2012,51.0,,,,,,,,,,,,,,LB,Notre Dame,,,,,,,,,,,,,,,8.0,212.0,225.0,437.0,34.0,0.1568627450980392,,,
Geno Smith,153.5,NYJ,2,39,2013,West Virginia,2009,2012,44.0,988.0,1465.0,477.0,67.4,11662.0,98.0,21.0,6.7,1.4,8.0,8.65,11.8,265.0,QB,West Virginia,,,,,,,,,,,,,,,,,,,,,,,
Cornellius Carradine,,SFO,2,40,2013,Florida State,2011,2012,25.0,,,,,,,,,,,,,,DL,Florida State,,,,,,,,,,,,,,,16.0,71.0,47.0,118.0,21.0,0.64,,,
Robert Woods,,BUF,2,41,2013,USC,2010,2012,38.0,,,,,,,,,,,,,,WR,USC,,,,,,,,,,77.1,252.0,2930.0,11.6,32.0,,,,,,,,,
Johnthan Banks,,TAM,2,43,2013,Mississippi State,2009,2012,51.0,,,,,,,,,,,,,,DB,Mississippi State,,,,,,,,,,,,,,,,,,,,,16.0,3.0,0.0
Kawann Short,,CAR,2,44,2013,Purdue,2009,2012,50.0,,,,,,,,,,,,,,DL,Purdue,,,,,,,,,,,,,,,19.0,124.0,62.0,186.0,49.0,0.38,,,
Kevin Minter,,CRD,2,45,2013,LSU,2010,2012,37.0,,,,,,,,,,,,,,LB,LSU,,,,,,,,,,,,,,,5.0,81.0,125.0,206.0,18.5,0.1351351351351351,,,
Kiko Alonso,,BUF,2,46,2013,Oregon,2009,2012,37.0,,,,,,,,,,,,,,LB,Oregon,,,,,,,,,,,,,,,3.0,99.0,45.0,144.0,21.0,0.081081081081081,,,
Gavin Escobar,,DAL,2,47,2013,San Diego State,2010,2012,39.0,,,,,,,,,,,,,,TE,San Diego State,,,,,,,,,,42.2,122.0,1646.0,13.5,17.0,,,,,,,,,
Le'Veon Bell,,PIT,2,48,2013,Michigan State,2010,2012,40.0,,,,,,,,,,,,,,RB,Michigan State,83.7,671.0,3346.0,5.0,33.0,78.0,6.8,1.0,13.3,,,,,,,,,,,,,,
Johnathan Hankins,,NYG,2,49,2013,Ohio State,2010,2012,38.0,,,,,,,,,,,,,,DL,Ohio State,,,,,,,,,,,,,,,5.0,58.0,80.0,138.0,16.5,0.131578947368421,,,
Jonathan Bostic,,CHI,2,50,2013,Florida,2010,2012,39.0,,,,,,,,,,,,,,LB,Florida,,,,,,,,,,,,,,,7.0,141.0,78.0,219.0,19.0,0.1794871794871795,,,
David Amerson,,WAS,2,51,2013,North Carolina State,2010,2012,39.0,,,,,,,,,,,,,,DB,North Carolina State,,,,,,,,,,,,,,,,,,,,,18.0,3.0,0.0
Jamie Collins,,NWE,2,52,2013,Southern Mississippi,2011,2012,26.0,,,,,,,,,,,,,,DL,Southern Mississippi,,,,,,,,,,,,,,,16.0,124.0,66.0,190.0,39.5,0.6153846153846154,,,
Jamie Collins,,NWE,2,52,2013,Southern Mississippi,2009,2010,26.0,,,,,,,,,,,,,,DB,Southern Mississippi,,,,,,,,,,,,,,,,,,,,,2.0,1.0,2.0
Margus Hunt,,CIN,2,53,2013,SMU,2009,2012,53.0,,,,,,,,,,,,,,DL,SMU,,,,,,,,,,,,,,,16.0,60.0,52.0,112.0,28.0,0.3018867924528302,,,
Jamar Taylor,,MIA,2,54,2013,Boise State,2008,2012,49.0,,,,,,,,,,,,,,DB,Boise State,,,,,,,,,,,,,,,,,,,,,7.0,1.0,2.0
Vance McDonald,,SFO,2,55,2013,Rice,2009,2012,42.0,,,,,,,,,,,,,,TE,Rice,,,,,,,,,,35.8,119.0,1504.0,12.6,15.0,,,,,,,,,
Arthur Brown,,RAV,2,56,2013,Kansas State,2008,2012,50.0,,,,,,,,,,,,,,LB,Kansas StateMiami (FL),,,,,,,,,,,,,,,3.0,132.0,86.0,218.0,17.0,0.06,,,
D.J. Swearinger,,HTX,2,57,2013,South Carolina,2009,2012,52.0,,,,,,,,,,,,,,DB,South Carolina,,,,,,,,,,,,,,,,,,,,,6.0,2.0,1.0
Montee Ball,,DEN,2,58,2013,Wisconsin,2009,2012,49.0,,,,,,,,,,,,,,RB,Wisconsin,104.9,924.0,5140.0,5.6,77.0,59.0,10.1,6.0,12.2,,,,,,,,,,,,,,
Aaron Dobson,,NWE,2,59,2013,Marshall,2009,2012,47.0,,,,,,,,,,,,,,WR,Marshall,,,,,,,,,,51.0,165.0,2398.0,14.5,24.0,,,,,,,,,
Eddie Lacy,,GNB,2,61,2013,Alabama,2010,2012,38.0,,,,,,,,,,,,,,RB,Alabama,63.2,355.0,2402.0,6.8,30.0,35.0,9.7,2.0,8.9,,,,,,,,,,,,,,
Christine Michael,,SEA,2,62,2013,Texas A&M,2009,2012,40.0,,,,,,,,,,,,,,RB,Texas A&M,69.8,529.0,2791.0,5.3,34.0,44.0,7.3,1.0,8.1,,,,,,,,,,,,,,
Travis Kelce,,KAN,3,63,2013,Cincinnati,2009,2012,35.0,,,,,,,,,,,,,,TE,Cincinnati,,,,,,,,,,25.0,59.0,875.0,14.8,10.0,,,,,,,,,
Dwayne Gratz,,JAX,3,64,2013,Connecticut,2009,2012,50.0,,,,,,,,,,,,,,DB,Connecticut,,,,,,,,,,,,,,,,,,,,,8.0,2.0,16.0
Larry Warford,,DET,3,65,2013,Kentucky,2011,2011,12.0,,,,,,,,,,,,,,OL,Kentucky,,,,,,,,,,,,,,,,,,,,,,,
Sio Moore,,RAI,3,66,2013,Connecticut,2009,2012,41.0,,,,,,,,,,,,,,LB,Connecticut,,,,,,,,,,,,,,,16.0,174.0,100.0,274.0,44.0,0.3902439024390244,,,
Bennie Logan,,PHI,3,67,2013,LSU,2010,2012,30.0,,,,,,,,,,,,,,DL,LSU,,,,,,,,,,,,,,,5.0,38.0,69.0,107.0,12.5,0.1666666666666666,,,
Leon McFadden,,CLE,3,68,2013,San Diego State,2009,2012,51.0,,,,,,,,,,,,,,DB,San Diego State,,,,,,,,,,,,,,,,,,,,,8.0,2.0,23.0
Tyrann Mathieu,,CRD,3,69,2013,LSU,2010,2011,26.0,,,,,,,,,,,,,,DB,LSU,,,,,,,,,,,,,,,,,,,,,4.0,0.0,16.0
Blidi Wreh-Wilson,,OTI,3,70,2013,Connecticut,2009,2012,45.0,,,,,,,,,,,,,,DB,Connecticut,,,,,,,,,,,,,,,,,,,,,8.0,2.0,10.0
T.J. McDonald,,RAM,3,71,2013,USC,2009,2012,50.0,,,,,,,,,,,,,,DB,USC,,,,,,,,,,,,,,,,,,,,,8.0,0.0,0.0
Mike Glennon,132.3,TAM,3,73,2013,North Carolina State,2009,2012,36.0,646.0,1069.0,423.0,60.4,7411.0,63.0,31.0,5.9,2.9,6.9,6.81,11.5,205.9,QB,North Carolina State,,,,,,,,,,,,,,,,,,,,,,,
Terrance Williams,,DAL,3,74,2013,Baylor,2009,2012,51.0,,,,,,,,,,,,,,WR,Baylor,,,,,,,,,,65.4,202.0,3334.0,16.5,27.0,,,,,,,,,
Keenan Allen,,SDG,3,76,2013,California,2010,2012,33.0,,,,,,,,,,,,,,WR,California,,,,,,,,,,77.9,205.0,2570.0,12.5,17.0,,,,,,,,,
Marquise Goodwin,,BUF,3,78,2013,Texas,2009,2012,50.0,,,,,,,,,,,,,,WR,Texas,,,,,,,,,,27.3,120.0,1364.0,11.4,7.0,,,,,,,,,
Markus Wheaton,,PIT,3,79,2013,Oregon State,2009,2012,49.0,,,,,,,,,,,,,,WR,Oregon State,,,,,,,,,,61.1,227.0,2994.0,13.2,16.0,,,,,,,,,
Damontre Moore,,NYG,3,81,2013,Texas A&M,2010,2012,38.0,,,,,,,,,,,,,,DL,Texas A&M,,,,,,,,,,,,,,,26.0,116.0,81.0,197.0,45.0,0.6842105263157895,,,
John Jenkins,,NOR,3,82,2013,Georgia,2011,2012,27.0,,,,,,,,,,,,,,DL,Georgia,,,,,,,,,,,,,,,4.0,36.0,42.0,78.0,8.0,0.1481481481481481,,,
Logan Ryan,,NWE,3,83,2013,Rutgers,2010,2012,37.0,,,,,,,,,,,,,,DB,Rutgers,,,,,,,,,,,,,,,,,,,,,7.0,1.0,1.0
Shawn Williams,,CIN,3,84,2013,Georgia,2009,2012,54.0,,,,,,,,,,,,,,DB,Georgia,,,,,,,,,,,,,,,,,,,,,4.0,0.0,1.0
Jordan Reed,,WAS,3,85,2013,Florida,2010,2012,36.0,,,,,,,,,,,,,,TE,Florida,,,,,,,,,,26.3,79.0,945.0,12.0,6.0,,,,,,,,,
Hugh Thornton,,CLT,3,86,2013,Illinois,2010,2012,24.0,,,,,,,,,,,,,,OL,Illinois,,,,,,,,,,,,,,,,,,,,,,,
Jordan Hill,,SEA,3,87,2013,Penn State,2011,2012,25.0,,,,,,,,,,,,,,DL,Penn State,,,,,,,,,,,,,,,8.0,51.0,72.0,123.0,16.5,0.32,,,
Corey Lemonier,,SFO,3,88,2013,Auburn,2010,2012,39.0,,,,,,,,,,,,,,DL,Auburn,,,,,,,,,,,,,,,17.0,57.0,41.0,98.0,24.0,0.4358974358974359,,,
Brennan Williams,,HTX,3,89,2013,North Carolina,2010,2011,22.0,,,,,,,,,,,,,,OL,North Carolina,,,,,,,,,,,,,,,,,,,,,,,
Kayvon Webster,,DEN,3,90,2013,South Florida,2009,2012,47.0,,,,,,,,,,,,,,DB,South Florida,,,,,,,,,,,,,,,,,,,,,3.0,0.0,0.0
Duron Harmon,,NWE,3,91,2013,Rutgers,2009,2012,50.0,,,,,,,,,,,,,,DB,Rutgers,,,,,,,,,,,,,,,,,,,,,6.0,1.0,0.0
Stedman Bailey,,RAM,3,92,2013,West Virginia,2010,2012,39.0,,,,,,,,,,,,,,WR,West Virginia,,,,,,,,,,82.5,210.0,3218.0,15.3,41.0,,,,,,,,,
Will Davis,,MIA,3,93,2013,Utah State,2011,2012,26.0,,,,,,,,,,,,,,DB,Utah State,,,,,,,,,,,,,,,,,,,,,5.0,1.0,6.0
Sam Montgomery,,HTX,3,95,2013,LSU,2010,2012,31.0,,,,,,,,,,,,,,DL,LSU,,,,,,,,,,,,,,,19.0,47.0,57.0,104.0,32.5,0.6129032258064516,,,
Knile Davis,,KAN,3,96,2013,Arkansas,2009,2012,36.0,,,,,,,,,,,,,,RB,Arkansas,51.7,349.0,1862.0,5.3,19.0,32.0,9.3,2.0,8.3,,,,,,,,,,,,,,
Zaviar Gooden,,OTI,3,97,2013,Missouri,2009,2012,49.0,,,,,,,,,,,,,,LB,Missouri,,,,,,,,,,,,,,,4.0,161.0,95.0,256.0,20.5,0.0816326530612244,,,
Matt Barkley,148.7,PHI,4,98,2013,USC,2009,2012,47.0,1001.0,1562.0,561.0,64.1,12327.0,116.0,48.0,7.4,3.1,7.9,7.99,12.3,262.3,QB,USC,,,,,,,,,,,,,,,,,,,,,,,
Nico Johnson,,KAN,4,99,2013,Alabama,2009,2012,52.0,,,,,,,,,,,,,,LB,Alabama,,,,,,,,,,,,,,,2.0,87.0,76.0,163.0,16.5,0.0384615384615384,,,
Akeem Spence,,TAM,4,100,2013,Illinois,2010,2012,38.0,,,,,,,,,,,,,,DL,Illinois,,,,,,,,,,,,,,,3.0,65.0,121.0,186.0,16.5,0.0789473684210526,,,
Ace Sanders,,JAX,4,101,2013,South Carolina,2010,2012,40.0,,,,,,,,,,,,,,WR,South Carolina,,,,,,,,,,30.8,99.0,1230.0,12.4,13.0,,,,,,,,,
Josh Boyce,,NWE,4,102,2013,Texas Christian,2010,2012,39.0,,,,,,,,,,,,,,WR,Texas Christian,,,,,,,,,,65.0,161.0,2535.0,15.7,22.0,,,,,,,,,
Alex Okafor,,CRD,4,103,2013,Texas,2009,2012,52.0,,,,,,,,,,,,,,DL,Texas,,,,,,,,,,,,,,,23.0,88.0,62.0,150.0,34.0,0.4423076923076923,,,
Jelani Jenkins,,MIA,4,104,2013,Florida,2009,2012,36.0,,,,,,,,,,,,,,LB,Florida,,,,,,,,,,,,,,,6.0,109.0,73.0,182.0,16.5,0.1666666666666666,,,
Duke Williams,,BUF,4,105,2013,Nevada,2009,2012,50.0,,,,,,,,,,,,,,DB,Nevada,,,,,,,,,,,,,,,,,,,,,4.0,0.0,10.0
Dion Sims,,MIA,4,106,2013,Michigan State,2009,2012,39.0,,,,,,,,,,,,,,TE,Michigan State,,,,,,,,,,18.1,59.0,707.0,12.0,8.0,,,,,,,,,
Brian Schwenke,,OTI,4,107,2013,California,2011,2012,24.0,,,,,,,,,,,,,,OL,California,,,,,,,,,,,,,,,,,,,,,,,
David Bakhtiari,,GNB,4,109,2013,Colorado,2010,2010,12.0,,,,,,,,,,,,,,OL,Colorado,,,,,,,,,,,,,,,,,,,,,,,
Ryan Nassib,132.5,NYG,4,110,2013,Syracuse,2009,2012,47.0,791.0,1312.0,521.0,60.3,9190.0,70.0,28.0,5.3,2.1,7.0,7.11,11.6,195.5,QB,Syracuse,,,,,,,,,,,,,,,,,,,,,,,
Shamarko Thomas,,PIT,4,111,2013,Syracuse,2009,2012,48.0,,,,,,,,,,,,,,DB,Syracuse,,,,,,,,,,,,,,,,,,,,,2.0,0.0,5.0
Tyler Wilson,144.0,RAI,4,112,2013,Arkansas,2008,2012,37.0,593.0,948.0,355.0,62.6,7765.0,52.0,26.0,5.5,2.7,8.2,8.05,13.1,209.9,QB,Arkansas,,,,,,,,,,,,,,,,,,,,,,,
Barrett Jones,,RAM,4,113,2013,Alabama,2011,2011,,,,,,,,,,,,,,,OL,Alabama,,,,,,,,,,,,,,,,,,,,,,,
Landry Jones,141.5,PIT,4,115,2013,Oklahoma,2009,2012,53.0,1388.0,2183.0,795.0,63.6,16646.0,123.0,52.0,5.6,2.4,7.6,7.68,12.0,314.1,QB,Oklahoma,,,,,,,,,,,,,,,,,,,,,,,
Khaseem Greene,,CHI,4,117,2013,Rutgers,2012,2012,13.0,,,,,,,,,,,,,,LB,Rutgers,,,,,,,,,,,,,,,6.0,70.0,66.0,136.0,12.0,0.4615384615384615,,,
Khaseem Greene,,CHI,4,117,2013,Rutgers,2009,2011,38.0,,,,,,,,,,,,,,DB,Rutgers,,,,,,,,,,,,,,,,,,,,,5.0,0.0,1.0
Sean Porter,,CIN,4,118,2013,Texas A&M,2009,2012,52.0,,,,,,,,,,,,,,LB,Texas A&M,,,,,,,,,,,,,,,14.0,148.0,113.0,261.0,34.5,0.2692307692307692,,,
Phillip Thomas,,WAS,4,119,2013,Fresno State,2009,2012,38.0,,,,,,,,,,,,,,DB,Fresno State,,,,,,,,,,,,,,,,,,,,,13.0,4.0,0.0
Gerald Hodges,,MIN,4,120,2013,Penn State,2009,2012,41.0,,,,,,,,,,,,,,DB,Penn State,,,,,,,,,,,,,,,,,,,,,3.0,0.0,2.0
Chris Harper,,SEA,4,123,2013,Kansas State,2010,2012,39.0,,,,,,,,,,,,,,WR,Kansas State,,,,,,,,,,44.5,123.0,1734.0,14.1,12.0,,,,,,,,,
Trevardo Williams,,HTX,4,124,2013,Connecticut,2009,2012,50.0,,,,,,,,,,,,,,DL,Connecticut,,,,,,,,,,,,,,,30.0,85.0,48.0,133.0,40.5,0.6,,,
Johnathan Franklin,,GNB,4,125,2013,UCLA,2009,2012,53.0,,,,,,,,,,,,,,RB,UCLA,83.1,788.0,4403.0,5.6,31.0,58.0,8.9,3.0,9.8,,,,,,,,,,,,,,
William Gholston,,TAM,4,126,2013,Michigan State,2010,2012,36.0,,,,,,,,,,,,,,DL,Michigan State,,,,,,,,,,,,,,,10.0,62.0,80.0,142.0,30.0,0.2777777777777778,,,
Malliciah Goodman,,ATL,4,127,2013,Clemson,2009,2012,54.0,,,,,,,,,,,,,,DL,Clemson,,,,,,,,,,,,,,,12.0,70.0,57.0,127.0,23.0,0.2222222222222222,,,
Quinton Patton,,SFO,4,128,2013,Louisiana Tech,2011,2012,25.0,,,,,,,,,,,,,,WR,Louisiana Tech,,,,,,,,,,103.8,183.0,2594.0,14.2,24.0,,,,,,,,,
John Simon,,RAV,4,129,2013,Ohio State,2009,2012,50.0,,,,,,,,,,,,,,DL,Ohio State,,,,,,,,,,,,,,,20.0,81.0,73.0,154.0,42.0,0.4,,,
Marcus Lattimore,,SFO,4,131,2013,South Carolina,2010,2012,29.0,,,,,,,,,,,,,,RB,South Carolina,92.3,555.0,2677.0,4.8,38.0,74.0,10.4,3.0,26.4,,,,,,,,,,,,,,
Devin Taylor,,DET,4,132,2013,South Carolina,2009,2012,52.0,,,,,,,,,,,,,,DL,South Carolina,,,,,,,,,,,,,,,18.0,107.0,54.0,161.0,35.5,0.3461538461538461,,,
Levine Toilolo,,ATL,4,133,2013,Stanford,2011,2012,27.0,,,,,,,,,,,,,,TE,Stanford,,,,,,,,,,27.3,49.0,736.0,15.0,10.0,,,,,,,,,
Levine Toilolo,,ATL,4,133,2013,Stanford,2010,2010,3.0,,,,,,,,,,,,,,LB,Stanford,,,,,,,,,,,,,,,0.0,0.0,0.0,0.0,0.0,0.0,,,
Sanders Commings,,KAN,5,134,2013,Georgia,2009,2012,51.0,,,,,,,,,,,,,,DB,Georgia,,,,,,,,,,,,,,,,,,,,,8.0,0.0,0.0
Denard Robinson,138.6,JAX,5,135,2013,Michigan,2009,2012,49.0,427.0,747.0,320.0,57.2,6250.0,49.0,39.0,6.6,5.2,8.4,7.33,14.6,127.6,QB,Michigan,,,,,,,,,,,,,,,,,,,,,,,
Earl Wolff,,PHI,5,136,2013,North Carolina State,2009,2012,51.0,,,,,,,,,,,,,,DB,North Carolina State,,,,,,,,,,,,,,,,,,,,,6.0,0.0,2.0
Jesse Williams,,SEA,5,137,2013,Alabama,2011,2012,26.0,,,,,,,,,,,,,,DL,Alabama,,,,,,,,,,,,,,,1.0,17.0,44.0,61.0,6.5,0.0384615384615384,,,
Tharold Simon,,SEA,5,138,2013,LSU,2010,2012,34.0,,,,,,,,,,,,,,DB,LSU,,,,,,,,,,,,,,,,,,,,,7.0,0.0,13.0
Stepfan Taylor,,CRD,5,140,2013,Stanford,2009,2012,53.0,,,,,,,,,,,,,,RB,Stanford,81.1,843.0,4300.0,5.1,40.0,97.0,8.0,5.0,14.7,,,,,,,,,,,,,,
Oday Aboushi,,NYJ,5,141,2013,Virginia,2011,2012,25.0,,,,,,,,,,,,,,OL,Virginia,,,,,,,,,,,,,,,,,,,,,,,
Lavar Edwards,,OTI,5,142,2013,LSU,2009,2012,52.0,,,,,,,,,,,,,,DL,LSU,,,,,,,,,,,,,,,10.0,41.0,55.0,96.0,20.0,0.1923076923076923,,,
Jonathan Meeks,,BUF,5,143,2013,Clemson,2009,2012,50.0,,,,,,,,,,,,,,DB,Clemson,,,,,,,,,,,,,,,,,,,,,7.0,1.0,6.0
Kenny Stills,,NOR,5,144,2013,Oklahoma,2010,2012,38.0,,,,,,,,,,,,,,WR,Oklahoma,,,,,,,,,,68.3,204.0,2594.0,12.7,24.0,,,,,,,,,
Steve Williams,,SDG,5,145,2013,California,2010,2012,37.0,,,,,,,,,,,,,,DB,California,,,,,,,,,,,,,,,,,,,,,6.0,0.0,14.0
Quanterus Smith,,DEN,5,146,2013,Western Kentucky,2009,2012,46.0,,,,,,,,,,,,,,DL,Western Kentucky,,,,,,,,,,,,,,,24.0,87.0,48.0,135.0,41.0,0.5217391304347826,,,
Steven Means,,TAM,5,147,2013,Buffalo,2009,2012,48.0,,,,,,,,,,,,,,DL,Buffalo,,,,,,,,,,,,,,,19.0,87.0,99.0,186.0,30.5,0.3958333333333333,,,
A.J. Klein,,CAR,5,148,2013,Iowa State,2009,2012,51.0,,,,,,,,,,,,,,LB,Iowa State,,,,,,,,,,,,,,,3.0,181.0,180.0,361.0,20.0,0.0588235294117647,,,
Brandon McGee,,RAM,5,149,2013,Miami (FL),2009,2012,45.0,,,,,,,,,,,,,,DB,Miami (FL),,,,,,,,,,,,,,,,,,,,,3.0,0.0,4.0
Terry Hawthorne,,PIT,5,150,2013,Illinois,2009,2009,12.0,,,,,,,,,,,,,,WR,Illinois,,,,,,,,,,0.0,0.0,0.0,,0.0,,,,,,,,,
Terry Hawthorne,,PIT,5,150,2013,Illinois,2010,2012,32.0,,,,,,,,,,,,,,DB,Illinois,,,,,,,,,,,,,,,,,,,,,5.0,1.0,0.0
Joseph Randle,,DAL,5,151,2013,Oklahoma State,2010,2012,39.0,,,,,,,,,,,,,,RB,Oklahoma State,79.1,564.0,3085.0,5.5,40.0,108.0,8.5,3.0,23.5,,,,,,,,,,,,,,
Stansly Maponga,,ATL,5,153,2013,Texas Christian,2010,2012,36.0,,,,,,,,,,,,,,DL,Texas Christian,,,,,,,,,,,,,,,15.0,63.0,50.0,113.0,23.0,0.4166666666666667,,,
Chris Thompson,,WAS,5,154,2013,Florida State,2009,2012,39.0,,,,,,,,,,,,,,RB,Florida State,44.5,277.0,1735.0,6.3,14.0,45.0,9.6,1.0,11.0,,,,,,,,,,,,,,
Quinton Dial,,SFO,5,157,2013,Alabama,2011,2012,25.0,,,,,,,,,,,,,,DL,Alabama,,,,,,,,,,,,,,,2.0,20.0,26.0,46.0,8.0,0.08,,,
Luke Willson,,SEA,5,158,2013,Rice,2009,2012,45.0,,,,,,,,,,,,,,TE,Rice,,,,,,,,,,21.9,78.0,986.0,12.6,9.0,,,,,,,,,
Micah Hyde,,GNB,5,159,2013,Iowa,2009,2012,51.0,,,,,,,,,,,,,,DB,Iowa,,,,,,,,,,,,,,,,,,,,,8.0,2.0,15.0
Zac Stacy,,RAM,5,160,2013,Vanderbilt,2009,2012,45.0,,,,,,,,,,,,,,RB,Vanderbilt,69.8,581.0,3143.0,5.4,30.0,46.0,9.0,0.0,9.2,,,,,,,,,,,,,,
Tavarres King,,DEN,5,161,2013,Georgia,2008,2012,56.0,,,,,,,,,,,,,,WR,Georgia,,,,,,,,,,46.5,136.0,2602.0,19.1,21.0,,,,,,,,,
Brandon Jenkins,,WAS,5,162,2013,Florida State,2009,2012,40.0,,,,,,,,,,,,,,DL,Florida State,,,,,,,,,,,,,,,22.0,81.0,38.0,119.0,37.5,0.55,,,
Jordan Mills,,CHI,5,163,2013,Louisiana Tech,2010,2011,17.0,,,,,,,,,,,,,,OL,Louisiana Tech,,,,,,,,,,,,,,,,,,,,,,,
Mike Gillislee,,MIA,5,164,2013,Florida,2009,2012,49.0,,,,,,,,,,,,,,RB,Florida,42.3,389.0,2072.0,5.3,20.0,23.0,7.9,2.0,3.7,,,,,,,,,,,,,,
Josh Boyd,,GNB,5,167,2013,Mississippi State,2009,2012,51.0,,,,,,,,,,,,,,DL,Mississippi State,,,,,,,,,,,,,,,8.0,47.0,78.0,125.0,18.0,0.1568627450980392,,,
Josh Evans,,JAX,6,169,2013,Florida,2009,2012,47.0,,,,,,,,,,,,,,DB,Florida,,,,,,,,,,,,,,,,,,,,,5.0,0.0,0.0
Corey Fuller,,DET,6,171,2013,Virginia Tech,2011,2012,20.0,,,,,,,,,,,,,,WR,Virginia Tech,,,,,,,,,,41.7,45.0,834.0,18.5,6.0,,,,,,,,,
Nick Kasa,,RAI,6,172,2013,Colorado,2012,2012,12.0,,,,,,,,,,,,,,TE,Colorado,,,,,,,,,,32.6,25.0,391.0,15.6,3.0,,,,,,,,,
Nick Kasa,,RAI,6,172,2013,Colorado,2009,2011,27.0,,,,,,,,,,,,,,DL,Colorado,,,,,,,,,,,,,,,1.0,18.0,10.0,28.0,2.0,0.037037037037037,,,
Ryan Swope,,CRD,6,174,2013,Texas A&M,2010,2012,39.0,,,,,,,,,,,,,,WR,Texas A&M,,,,,,,,,,75.5,233.0,2945.0,12.6,23.0,,,,,,,,,
Ryan Swope,,CRD,6,174,2013,Texas A&M,2009,2009,12.0,,,,,,,,,,,,,,DB,Texas A&M,,,,,,,,,,,,,,,,,,,,,0.0,0.0,0.0
Jamoris Slaughter,,CLE,6,175,2013,Notre Dame,2009,2012,39.0,,,,,,,,,,,,,,DB,Notre Dame,,,,,,,,,,,,,,,,,,,,,2.0,0.0,6.0
William Campbell,,NYJ,6,178,2013,Michigan,2009,2012,50.0,,,,,,,,,,,,,,DL,Michigan,,,,,,,,,,,,,,,3.0,24.0,39.0,63.0,5.0,0.06,,,
Tourek Williams,,SDG,6,179,2013,Florida International,2009,2012,49.0,,,,,,,,,,,,,,DL,Florida International,,,,,,,,,,,,,,,18.0,84.0,66.0,150.0,45.0,0.3673469387755102,,,
Nick Moody,,SFO,6,180,2013,Florida State,2009,2012,48.0,,,,,,,,,,,,,,DB,Florida State,,,,,,,,,,,,,,,,,,,,,1.0,1.0,2.0
Latavius Murray,,RAI,6,181,2013,UCF,2008,2012,45.0,,,,,,,,,,,,,,RB,UCF,53.9,453.0,2424.0,5.4,37.0,50.0,10.5,6.0,11.6,,,,,,,,,,,,,,
Kenjon Barner,,CAR,6,182,2013,Oregon,2009,2012,49.0,,,,,,,,,,,,,,RB,Oregon,73.9,582.0,3623.0,6.2,41.0,54.0,10.9,7.0,12.1,,,,,,,,,,,,,,
Mychal Rivera,,RAI,6,184,2013,Tennessee,2010,2012,37.0,,,,,,,,,,,,,,TE,Tennessee,,,,,,,,,,27.5,76.0,1018.0,13.4,6.0,,,,,,,,,
Devonte Holloman,,DAL,6,185,2013,South Carolina,2009,2012,51.0,,,,,,,,,,,,,,DB,South Carolina,,,,,,,,,,,,,,,,,,,,,7.0,0.0,0.0
Justin Brown,,PIT,6,186,2013,Oklahoma,2009,2012,49.0,,,,,,,,,,,,,,WR,OklahomaPenn State,,,,,,,,,,39.3,146.0,1926.0,13.2,8.0,,,,,,,,,
Andre Ellington,,CRD,6,187,2013,Clemson,2009,2012,49.0,,,,,,,,,,,,,,RB,Clemson,70.1,621.0,3436.0,5.5,33.0,59.0,8.6,2.0,10.3,,,,,,,,,,,,,,
Cornelius Washington,,CHI,6,188,2013,Georgia,2009,2012,51.0,,,,,,,,,,,,,,DL,Georgia,,,,,,,,,,,,,,,10.0,46.0,30.0,76.0,17.0,0.196078431372549,,,
Mike James,,TAM,6,189,2013,Miami (FL),2009,2012,50.0,,,,,,,,,,,,,,RB,Miami (FL),26.8,304.0,1340.0,4.4,17.0,67.0,8.7,5.0,11.7,,,,,,,,,,,,,,
Rex Burkhead,,CIN,6,190,2013,Nebraska,2009,2012,44.0,,,,,,,,,,,,,,RB,Nebraska,75.7,635.0,3329.0,5.2,30.0,60.0,8.5,5.0,11.5,,,,,,,,,,,,,,
Bacarri Rambo,,WAS,6,191,2013,Georgia,2009,2012,47.0,,,,,,,,,,,,,,DB,Georgia,,,,,,,,,,,,,,,,,,,,,16.0,3.0,0.0
John Boyett,,CLT,6,192,2013,Oregon,2009,2012,40.0,,,,,,,,,,,,,,DB,Oregon,,,,,,,,,,,,,,,,,,,,,10.0,1.0,0.0
Spencer Ware,,SEA,6,194,2013,LSU,2010,2012,36.0,,,,,,,,,,,,,,RB,LSU,34.7,295.0,1249.0,4.2,10.0,39.0,10.4,2.0,11.2,,,,,,,,,,,,,,
Cobi Hamilton,,CIN,6,197,2013,Arkansas,2009,2012,51.0,,,,,,,,,,,,,,WR,Arkansas,,,,,,,,,,56.0,175.0,2854.0,16.3,18.0,,,,,,,,,
Chris Jones,,HTX,6,198,2013,Bowling Green,2009,2012,50.0,,,,,,,,,,,,,,DL,Bowling Green,,,,,,,,,,,,,,,28.0,72.0,85.0,157.0,46.5,0.56,,,
Theo Riddick,,DET,6,199,2013,Notre Dame,2009,2012,25.0,,,,,,,,,,,,,,RB,Notre Dame,43.1,219.0,1077.0,4.9,5.0,42.0,9.8,2.0,16.5,,,,,,,,,,,,,,
Theo Riddick,,DET,6,199,2013,Notre Dame,2010,2011,20.0,,,,,,,,,,,,,,WR,Notre Dame,,,,,,,,,,42.5,78.0,850.0,10.9,6.0,,,,,,,,,
Kapron Lewis-Moore,,RAV,6,200,2013,Notre Dame,2009,2012,45.0,,,,,,,,,,,,,,DL,Notre Dame,,,,,,,,,,,,,,,12.0,79.0,101.0,180.0,22.0,0.2666666666666666,,,
Ryan Griffin,,HTX,6,201,2013,Connecticut,2009,2012,48.0,,,,,,,,,,,,,,TE,Connecticut,,,,,,,,,,31.3,116.0,1500.0,12.9,10.0,,,,,,,,,
Khalid Wooten,,OTI,6,202,2013,Nevada,2009,2012,51.0,,,,,,,,,,,,,,DB,Nevada,,,,,,,,,,,,,,,,,,,,,10.0,2.0,5.0
Braden Wilson,,KAN,6,204,2013,Kansas State,2009,2012,51.0,,,,,,,,,,,,,,RB,Kansas State,0.9,21.0,44.0,2.1,2.0,18.0,8.0,0.0,2.8,,,,,,,,,,,,,,
Stacy McGee,,RAI,6,205,2013,Oklahoma,2009,2012,34.0,,,,,,,,,,,,,,DL,Oklahoma,,,,,,,,,,,,,,,2.0,29.0,34.0,63.0,9.5,0.0588235294117647,,,
Vince Williams,,PIT,6,206,2013,Florida State,2008,2012,49.0,,,,,,,,,,,,,,LB,Florida State,,,,,,,,,,,,,,,3.0,85.0,54.0,139.0,12.5,0.0612244897959183,,,
Jeremy Harris,,JAX,7,208,2013,New Mexico State,2011,2012,25.0,,,,,,,,,,,,,,DB,New Mexico State,,,,,,,,,,,,,,,,,,,,,1.0,0.0,2.0
Brice Butler,,RAI,7,209,2013,San Diego State,2009,2012,49.0,,,,,,,,,,,,,,WR,San Diego StateUSC,,,,,,,,,,18.4,65.0,901.0,13.9,7.0,,,,,,,,,
Michael Williams,,DET,7,211,2013,Alabama,2009,2012,54.0,,,,,,,,,,,,,,TE,Alabama,,,,,,,,,,9.3,51.0,503.0,9.9,7.0,,,,,,,,,
Joe Kruger,,PHI,7,212,2013,Utah,2010,2012,37.0,,,,,,,,,,,,,,DL,Utah,,,,,,,,,,,,,,,9.0,39.0,30.0,69.0,14.0,0.2432432432432432,,,
Michael Mauti,,MIN,7,213,2013,Penn State,2010,2012,26.0,,,,,,,,,,,,,,LB,Penn State,,,,,,,,,,,,,,,4.0,91.0,92.0,183.0,12.5,0.1538461538461538,,,
Travis Bond,,MIN,7,214,2013,North Carolina,2011,2011,13.0,,,,,,,,,,,,,,OL,North Carolina,,,,,,,,,,,,,,,,,,,,,,,
Tommy Bohanon,,NYJ,7,215,2013,Wake Forest,2009,2012,49.0,,,,,,,,,,,,,,RB,Wake Forest,3.3,50.0,160.0,3.2,3.0,51.0,7.9,7.0,8.3,,,,,,,,,,,,,,
Jordan Poyer,,PHI,7,218,2013,Oregon State,2009,2012,49.0,,,,,,,,,,,,,,DB,Oregon State,,,,,,,,,,,,,,,,,,,,,13.0,3.0,16.0
D.C. Jefferson,,CRD,7,219,2013,Rutgers,2009,2012,50.0,,,,,,,,,,,,,,TE,Rutgers,,,,,,,,,,11.2,47.0,560.0,11.9,2.0,,,,,,,,,
Chris Gragg,,BUF,7,222,2013,Arkansas,2008,2012,43.0,,,,,,,,,,,,,,WR,Arkansas,,,,,,,,,,23.3,72.0,1003.0,13.9,7.0,,,,,,,,,
Kevin Dorsey,,GNB,7,224,2013,Maryland,2009,2012,47.0,,,,,,,,,,,,,,WR,Maryland,,,,,,,,,,23.1,81.0,1088.0,13.4,9.0,,,,,,,,,
Eric Herman,,NYG,7,225,2013,Ohio,2010,2012,40.0,,,,,,,,,,,,,,OL,Ohio,,,,,,,,,,,,,,,,,,,,,,,
Michael Buchanan,,NWE,7,226,2013,Illinois,2009,2012,46.0,,,,,,,,,,,,,,DL,Illinois,,,,,,,,,,,,,,,14.0,68.0,93.0,161.0,26.0,0.3043478260869565,,,
Jawan Jamison,,WAS,7,228,2013,Rutgers,2011,2012,25.0,,,,,,,,,,,,,,RB,Rutgers,78.9,486.0,1972.0,4.1,13.0,36.0,10.7,2.0,15.4,,,,,,,,,,,,,,
Everette Dawkins,,MIN,7,229,2013,Florida State,2008,2012,57.0,,,,,,,,,,,,,,DL,Florida State,,,,,,,,,,,,,,,7.0,59.0,47.0,106.0,15.0,0.1228070175438596,,,
Kerwynn Williams,,CLT,7,230,2013,Utah State,2009,2012,49.0,,,,,,,,,,,,,,RB,Utah State,51.3,382.0,2515.0,6.6,22.0,64.0,13.6,5.0,17.8,,,,,,,,,,,,,,
Sam Barrington,,GNB,7,232,2013,South Florida,2009,2012,49.0,,,,,,,,,,,,,,LB,South Florida,,,,,,,,,,,,,,,6.0,151.0,107.0,258.0,21.5,0.1224489795918367,,,
Zac Dysert,132.4,DEN,7,234,2013,Miami (OH),2009,2012,46.0,1066.0,1672.0,606.0,63.8,12013.0,73.0,51.0,4.4,3.1,7.2,6.69,11.3,261.2,QB,Miami (OH),,,,,,,,,,,,,,,,,,,,,,,
Steve Beauharnais,,NWE,7,235,2013,Rutgers,2009,2012,51.0,,,,,,,,,,,,,,LB,Rutgers,,,,,,,,,,,,,,,12.0,128.0,146.0,274.0,35.0,0.2352941176470588,,,
Marquess Wilson,,CHI,7,236,2013,Washington State,2010,2012,33.0,,,,,,,,,,,,,,WR,Washington State,,,,,,,,,,97.2,189.0,3207.0,17.0,23.0,,,,,,,,,
B.J. Daniels,128.2,SFO,7,237,2013,South Florida,2008,2012,47.0,649.0,1132.0,483.0,57.3,8433.0,52.0,39.0,4.6,3.4,7.4,6.82,13.0,179.4,QB,South Florida,,,,,,,,,,,,,,,,,,,,,,,
David King,,PHI,7,239,2013,Oklahoma,2009,2012,43.0,,,,,,,,,,,,,,DL,Oklahoma,,,,,,,,,,,,,,,4.0,35.0,35.0,70.0,7.0,0.0930232558139534,,,
Kemal Ishmael,,ATL,7,243,2013,UCF,2009,2012,53.0,,,,,,,,,,,,,,DB,UCF,,,,,,,,,,,,,,,,,,,,,6.0,0.0,3.0
Zeke Motta,,ATL,7,244,2013,Notre Dame,2009,2012,51.0,,,,,,,,,,,,,,DB,Notre Dame,,,,,,,,,,,,,,,,,,,,,2.0,0.0,6.0
Carter Bykowski,,SFO,7,246,2013,Iowa State,2008,2008,11.0,,,,,,,,,,,,,,TE,Iowa State,,,,,,,,,,1.9,3.0,21.0,7.0,0.0,,,,,,,,,
Carter Bykowski,,SFO,7,246,2013,Iowa State,2011,2012,26.0,,,,,,,,,,,,,,OL,Iowa State,,,,,,,,,,,,,,,,,,,,,,,
Marc Anthony,,RAV,7,247,2013,California,2010,2012,33.0,,,,,,,,,,,,,,DB,California,,,,,,,,,,,,,,,,,,,,,5.0,1.0,17.0
Daimion Stafford,,OTI,7,248,2013,Nebraska,2011,2012,27.0,,,,,,,,,,,,,,DB,Nebraska,,,,,,,,,,,,,,,,,,,,,4.0,0.0,10.0
Sean Renfree,128.2,ATL,7,249,2013,Duke,2009,2012,42.0,898.0,1389.0,491.0,64.7,9465.0,51.0,40.0,3.7,2.9,6.8,6.25,10.5,225.4,QB,Duke,,,,,,,,,,,,,,,,,,,,,,,
Don Jones,,MIA,7,250,2013,Arkansas State,2009,2009,10.0,,,,,,,,,,,,,,RB,Arkansas State,14.9,24.0,149.0,6.2,2.0,12.0,12.2,1.0,14.6,,,,,,,,,,,,,,
Don Jones,,MIA,7,250,2013,Arkansas State,2008,2012,27.0,,,,,,,,,,,,,,DB,Arkansas State,,,,,,,,,,,,,,,,,,,,,2.0,0.0,0.0
Marcus Cooper,,SFO,7,252,2013,Rutgers,2010,2012,35.0,,,,,,,,,,,,,,DB,Rutgers,,,,,,,,,,,,,,,,,,,,,1.0,0.0,2.0
Michael Cox,,NYG,7,253,2013,Massachusetts,2009,2012,27.0,,,,,,,,,,,,,,RB,MassachusettsMichigan,32.6,217.0,879.0,4.1,7.0,14.0,5.3,0.0,2.7,,,,,,,,,,,,,,
Justice Cunningham,,CLT,7,254,2013,South Carolina,2009,2012,53.0,,,,,,,,,,,,,,TE,South Carolina,,,,,,,,,,11.0,50.0,581.0,11.6,1.0,,,,,,,,,
Jadeveon Clowney,,HTX,1,1,2014,South Carolina,2011,2013,36.0,,,,,,,,,,,,,,DL,South Carolina,,,,,,,,,,,,,,,24.0,85.0,44.0,129.0,47.0,0.6666666666666666,,,
Greg Robinson,,RAM,1,2,2014,Auburn,2012,2012,12.0,,,,,,,,,,,,,,OL,Auburn,,,,,,,,,,,,,,,,,,,,,,,
Blake Bortles,153.8,JAX,1,3,2014,UCF,2011,2013,37.0,585.0,891.0,306.0,65.7,7598.0,56.0,19.0,6.3,2.1,8.5,8.82,13.0,205.4,QB,UCF,,,,,,,,,,,,,,,,,,,,,,,
Sammy Watkins,,BUF,1,4,2014,Clemson,2011,2013,36.0,,,,,,,,,,,,,,WR,Clemson,,,,,,,,,,94.2,240.0,3391.0,14.1,27.0,,,,,,,,,
Khalil Mack,,RAI,1,5,2014,Buffalo,2010,2013,48.0,,,,,,,,,,,,,,LB,Buffalo,,,,,,,,,,,,,,,28.0,185.0,142.0,327.0,74.5,0.5833333333333334,,,
Jake Matthews,,ATL,1,6,2014,Texas A&M,2014,2016,33.0,,,,,,,,,,,,,,LB,Arizona,,,,,,,,,,,,,,,3.0,69.0,38.0,107.0,3.5,0.0909090909090909,,,
Mike Evans,,TAM,1,7,2014,Texas A&M,2012,2013,26.0,,,,,,,,,,,,,,WR,Texas A&M,,,,,,,,,,96.1,151.0,2499.0,16.5,17.0,,,,,,,,,
Justin Gilbert,,CLE,1,8,2014,Oklahoma State,2010,2013,51.0,,,,,,,,,,,,,,DB,Oklahoma State,,,,,,,,,,,,,,,,,,,,,12.0,2.0,18.0
Anthony Barr,,MIN,1,9,2014,UCLA,2011,2011,12.0,,,,,,,,,,,,,,RB,UCLA,2.1,9.0,25.0,2.8,1.0,3.0,5.3,1.0,1.3,,,,,,,,,,,,,,
Anthony Barr,,MIN,1,9,2014,UCLA,2010,2010,12.0,,,,,,,,,,,,,,WR,UCLA,,,,,,,,,,5.5,9.0,66.0,7.3,0.0,,,,,,,,,
Anthony Barr,,MIN,1,9,2014,UCLA,2012,2013,26.0,,,,,,,,,,,,,,LB,UCLA,,,,,,,,,,,,,,,23.0,103.0,46.0,149.0,41.5,0.8846153846153846,,,
Eric Ebron,,DET,1,10,2014,North Carolina,2011,2013,34.0,,,,,,,,,,,,,,TE,North Carolina,,,,,,,,,,53.1,112.0,1805.0,16.1,8.0,,,,,,,,,
Taylor Lewan,,OTI,1,11,2014,Michigan,2010,2012,24.0,,,,,,,,,,,,,,OL,Michigan,,,,,,,,,,,,,,,,,,,,,,,
Odell Beckham Jr.,,NYG,1,12,2014,LSU,2011,2013,40.0,,,,,,,,,,,,,,WR,LSU,,,,,,,,,,58.5,143.0,2340.0,16.4,12.0,,,,,,,,,
Aaron Donald,,RAM,1,13,2014,Pitt,2010,2013,51.0,,,,,,,,,,,,,,DL,Pitt,,,,,,,,,,,,,,,29.0,115.0,66.0,181.0,66.0,0.5686274509803921,,,
Kyle Fuller,,CHI,1,14,2014,Virginia Tech,2010,2013,46.0,,,,,,,,,,,,,,DB,Virginia Tech,,,,,,,,,,,,,,,,,,,,,6.0,0.0,21.0
Ryan Shazier,,PIT,1,15,2014,Ohio State,2011,2013,39.0,,,,,,,,,,,,,,LB,Ohio State,,,,,,,,,,,,,,,15.0,210.0,107.0,317.0,45.5,0.3846153846153846,,,
Zack Martin,,DAL,1,16,2014,Notre Dame,2010,2011,26.0,,,,,,,,,,,,,,OL,Notre Dame,,,,,,,,,,,,,,,,,,,,,,,
C.J. Mosley,,RAV,1,17,2014,Alabama,2010,2013,51.0,,,,,,,,,,,,,,LB,Alabama,,,,,,,,,,,,,,,6.0,175.0,142.0,317.0,23.0,0.1176470588235294,,,
Calvin Pryor,,NYJ,1,18,2014,Louisville,2011,2013,36.0,,,,,,,,,,,,,,DB,Louisville,,,,,,,,,,,,,,,,,,,,,7.0,0.0,9.0
Ja'Wuan James,,MIA,1,19,2014,Tennessee,2010,2012,37.0,,,,,,,,,,,,,,OL,Tennessee,,,,,,,,,,,,,,,,,,,,,,,
Brandin Cooks,,NOR,1,20,2014,Oregon State,2011,2013,38.0,,,,,,,,,,,,,,WR,Oregon State,,,,,,,,,,86.1,226.0,3272.0,14.5,24.0,,,,,,,,,
Ha Ha Clinton-Dix,,GNB,1,21,2014,Alabama,2011,2013,38.0,,,,,,,,,,,,,,DB,Alabama,,,,,,,,,,,,,,,,,,,,,7.0,0.0,15.0
Johnny Manziel,164.1,CLE,1,22,2014,Texas A&M,2012,2013,26.0,595.0,863.0,268.0,68.9,7820.0,63.0,22.0,7.3,2.5,9.1,9.37,13.1,300.8,QB,Texas A&M,,,,,,,,,,,,,,,,,,,,,,,
Dee Ford,,KAN,1,23,2014,Auburn,2009,2013,52.0,,,,,,,,,,,,,,DL,Auburn,,,,,,,,,,,,,,,20.0,60.0,33.0,93.0,27.5,0.3846153846153846,,,
Darqueze Dennard,,CIN,1,24,2014,Michigan State,2010,2013,43.0,,,,,,,,,,,,,,DB,Michigan State,,,,,,,,,,,,,,,,,,,,,10.0,1.0,13.0
Jason Verrett,,SDG,1,25,2014,Texas Christian,2011,2013,37.0,,,,,,,,,,,,,,DB,Texas Christian,,,,,,,,,,,,,,,,,,,,,9.0,0.0,17.0
Marcus Smith,,PHI,1,26,2014,Louisville,2011,2013,36.0,,,,,,,,,,,,,,DL,Louisville,,,,,,,,,,,,,,,25.0,57.0,25.0,82.0,32.5,0.6944444444444444,,,
Deone Bucannon,,CRD,1,27,2014,Washington State,2010,2013,49.0,,,,,,,,,,,,,,DB,Washington State,,,,,,,,,,,,,,,,,,,,,15.0,0.0,9.0
Kelvin Benjamin,,CAR,1,28,2014,Florida State,2012,2013,28.0,,,,,,,,,,,,,,WR,Florida State,,,,,,,,,,53.8,84.0,1506.0,17.9,19.0,,,,,,,,,
Dominique Easley,,NWE,1,29,2014,Florida,2010,2013,31.0,,,,,,,,,,,,,,DL,Florida,,,,,,,,,,,,,,,5.0,38.0,34.0,72.0,18.0,0.1612903225806451,,,
Jimmie Ward,,SFO,1,30,2014,Northern Illinois,2010,2013,54.0,,,,,,,,,,,,,,DB,Northern Illinois,,,,,,,,,,,,,,,,,,,,,11.0,1.0,14.0
Bradley Roby,,DEN,1,31,2014,Ohio State,2011,2013,36.0,,,,,,,,,,,,,,DB,Ohio State,,,,,,,,,,,,,,,,,,,,,8.0,2.0,19.0
Teddy Bridgewater,157.2,MIN,1,32,2014,Louisville,2011,2013,39.0,781.0,1142.0,361.0,68.4,9817.0,72.0,24.0,6.3,2.1,8.6,8.91,12.6,251.7,QB,Louisville,,,,,,,,,,,,,,,,,,,,,,,
Demarcus Lawrence,,DAL,2,34,2014,Boise State,2012,2013,23.0,,,,,,,,,,,,,,DL,Boise State,,,,,,,,,,,,,,,20.0,63.0,57.0,120.0,34.0,0.8695652173913043,,,
Joel Bitonio,,CLE,2,35,2014,Nevada,2010,2013,28.0,,,,,,,,,,,,,,OL,Nevada,,,,,,,,,,,,,,,,,,,,,,,
Derek Carr,152.8,RAI,2,36,2014,Fresno State,2009,2013,44.0,1087.0,1630.0,543.0,66.7,12843.0,113.0,24.0,6.9,1.5,7.9,8.6,11.8,291.9,QB,Fresno State,,,,,,,,,,,,,,,,,,,,,,,
Ra'Shede Hageman,,ATL,2,37,2014,Minnesota,2010,2013,46.0,,,,,,,,,,,,,,DL,Minnesota,,,,,,,,,,,,,,,10.0,57.0,34.0,91.0,24.0,0.217391304347826,,,
Austin Seferian-Jenkins,,TAM,2,38,2014,Washington,2011,2013,38.0,,,,,,,,,,,,,,TE,Washington,,,,,,,,,,48.4,146.0,1840.0,12.6,21.0,,,,,,,,,
Marqise Lee,,JAX,2,39,2014,USC,2011,2013,36.0,,,,,,,,,,,,,,WR,USC,,,,,,,,,,101.5,248.0,3655.0,14.7,29.0,,,,,,,,,
Kyle Van Noy,,DET,2,40,2014,BYU,2010,2013,52.0,,,,,,,,,,,,,,LB,BYU,,,,,,,,,,,,,,,25.0,157.0,69.0,226.0,61.5,0.4807692307692308,,,
Lamarcus Joyner,,RAM,2,41,2014,Florida State,2010,2013,55.0,,,,,,,,,,,,,,DB,Florida State,,,,,,,,,,,,,,,,,,,,,8.0,0.0,10.0
Jordan Matthews,,PHI,2,42,2014,Vanderbilt,2010,2013,51.0,,,,,,,,,,,,,,WR,Vanderbilt,,,,,,,,,,73.7,262.0,3759.0,14.3,24.0,,,,,,,,,
Weston Richburg,,NYG,2,43,2014,Colorado State,2013,2013,1.0,,,,,,,,,,,,,,OL,Colorado State,,,,,,,,,,,,,,,,,,,,,,,
Paul Richardson,,SEA,2,45,2014,Colorado,2010,2013,33.0,,,,,,,,,,,,,,TE,Colorado,,,,,,,,,,73.1,156.0,2412.0,15.5,21.0,,,,,,,,,
Stephon Tuitt,,PIT,2,46,2014,Notre Dame,2011,2013,35.0,,,,,,,,,,,,,,DL,Notre Dame,,,,,,,,,,,,,,,21.0,59.0,67.0,126.0,25.0,0.6,,,
Trent Murphy,,WAS,2,47,2014,Stanford,2010,2013,43.0,,,,,,,,,,,,,,DL,Stanford,,,,,,,,,,,,,,,32.0,102.0,58.0,160.0,52.5,0.7441860465116279,,,
Timmy Jernigan,,RAV,2,48,2014,Florida State,2011,2013,40.0,,,,,,,,,,,,,,DL,Florida State,,,,,,,,,,,,,,,8.0,73.0,65.0,138.0,25.0,0.2,,,
Jace Amaro,,NYJ,2,49,2014,Texas Tech,2011,2013,32.0,,,,,,,,,,,,,,TE,Texas Tech,,,,,,,,,,56.8,138.0,1818.0,13.2,13.0,,,,,,,,,
Jeremiah Attaochu,,SDG,2,50,2014,Georgia Tech,2010,2013,49.0,,,,,,,,,,,,,,LB,Georgia Tech,,,,,,,,,,,,,,,31.0,134.0,62.0,196.0,43.5,0.6326530612244898,,,
Ego Ferguson,,CHI,2,51,2014,LSU,2011,2013,38.0,,,,,,,,,,,,,,DL,LSU,,,,,,,,,,,,,,,1.0,24.0,61.0,85.0,5.0,0.0263157894736842,,,
Troy Niklas,,CRD,2,52,2014,Notre Dame,2012,2013,26.0,,,,,,,,,,,,,,TE,Notre Dame,,,,,,,,,,22.0,37.0,573.0,15.5,6.0,,,,,,,,,
Troy Niklas,,CRD,2,52,2014,Notre Dame,2011,2011,12.0,,,,,,,,,,,,,,LB,Notre Dame,,,,,,,,,,,,,,,0.0,8.0,12.0,20.0,0.0,0.0,,,
Davante Adams,,GNB,2,53,2014,Fresno State,2012,2013,26.0,,,,,,,,,,,,,,WR,Fresno State,,,,,,,,,,116.6,233.0,3031.0,13.0,38.0,,,,,,,,,
Bishop Sankey,,OTI,2,54,2014,Washington,2011,2013,38.0,,,,,,,,,,,,,,RB,Washington,92.0,644.0,3496.0,5.4,37.0,67.0,8.5,1.0,14.9,,,,,,,,,,,,,,
Jeremy Hill,,CIN,2,55,2014,LSU,2012,2013,24.0,,,,,,,,,,,,,,RB,LSU,89.8,345.0,2156.0,6.2,28.0,26.0,9.8,0.0,10.6,,,,,,,,,,,,,,
Cody Latimer,,DEN,2,56,2014,Indiana,2011,2013,32.0,,,,,,,,,,,,,,WR,Indiana,,,,,,,,,,63.8,135.0,2042.0,15.1,17.0,,,,,,,,,
Carlos Hyde,,SFO,2,57,2014,Ohio State,2010,2013,41.0,,,,,,,,,,,,,,RB,Ohio State,78.0,523.0,3198.0,6.1,37.0,34.0,8.0,4.0,6.6,,,,,,,,,,,,,,
Stanley Jean-Baptiste,,NOR,2,58,2014,Nebraska,2011,2011,9.0,,,,,,,,,,,,,,WR,Nebraska,,,,,,,,,,0.8,1.0,7.0,7.0,0.0,,,,,,,,,
Stanley Jean-Baptiste,,NOR,2,58,2014,Nebraska,2012,2013,26.0,,,,,,,,,,,,,,DB,Nebraska,,,,,,,,,,,,,,,,,,,,,6.0,2.0,12.0
Kony Ealy,,CAR,2,60,2014,Missouri,2011,2013,39.0,,,,,,,,,,,,,,DL,Missouri,,,,,,,,,,,,,,,13.0,56.0,40.0,96.0,28.0,0.3333333333333333,,,
Allen Robinson,,JAX,2,61,2014,Penn State,2011,2013,35.0,,,,,,,,,,,,,,WR,Penn State,,,,,,,,,,70.8,177.0,2479.0,14.0,17.0,,,,,,,,,
Jarvis Landry,,MIA,2,63,2014,LSU,2011,2013,40.0,,,,,,,,,,,,,,WR,LSU,,,,,,,,,,45.2,137.0,1809.0,13.2,15.0,,,,,,,,,
Justin Britt,,SEA,2,64,2014,Missouri,2011,2012,22.0,,,,,,,,,,,,,,OL,Missouri,,,,,,,,,,,,,,,,,,,,,,,
C.J. Fiedorowicz,,HTX,3,65,2014,Iowa,2010,2013,51.0,,,,,,,,,,,,,,TE,Iowa,,,,,,,,,,17.6,91.0,899.0,9.9,10.0,,,,,,,,,
Morgan Moses,,WAS,3,66,2014,Virginia,2011,2011,13.0,,,,,,,,,,,,,,OL,Virginia,,,,,,,,,,,,,,,,,,,,,,,
Dezmen Southward,,ATL,3,68,2014,Wisconsin,2010,2013,52.0,,,,,,,,,,,,,,DB,Wisconsin,,,,,,,,,,,,,,,,,,,,,2.0,0.0,7.0
Charles Sims,,TAM,3,69,2014,West Virginia,2009,2013,48.0,,,,,,,,,,,,,,RB,HoustonWest Virginia,72.2,592.0,3465.0,5.9,40.0,203.0,10.4,11.0,43.9,,,,,,,,,,,,,,
Marcus Martin,,SFO,3,70,2014,USC,2013,2013,1.0,,,,,,,,,,,,,,G,USC,,,,,,,,,,,,,,,,,,,,,,,
Christian Kirksey,,CLE,3,71,2014,Iowa,2010,2013,49.0,,,,,,,,,,,,,,LB,Iowa,,,,,,,,,,,,,,,5.0,151.0,164.0,315.0,13.5,0.1020408163265306,,,
Scott Crichton,,MIN,3,72,2014,Oregon State,2011,2013,38.0,,,,,,,,,,,,,,DL,Oregon State,,,,,,,,,,,,,,,23.0,100.0,65.0,165.0,51.0,0.6052631578947368,,,
Preston Brown,,BUF,3,73,2014,Louisville,2012,2013,26.0,,,,,,,,,,,,,,LB,Louisville,,,,,,,,,,,,,,,5.0,121.0,82.0,203.0,16.0,0.1923076923076923,,,
Preston Brown,,BUF,3,73,2014,Louisville,2010,2011,26.0,,,,,,,,,,,,,,DB,Louisville,,,,,,,,,,,,,,,,,,,,,0.0,0.0,0.0
Jay Bromley,,NYG,3,74,2014,Syracuse,2010,2013,50.0,,,,,,,,,,,,,,DL,Syracuse,,,,,,,,,,,,,,,13.0,70.0,50.0,120.0,24.5,0.26,,,
Tre Mason,,RAM,3,75,2014,Auburn,2011,2013,38.0,,,,,,,,,,,,,,RB,Auburn,78.4,516.0,2979.0,5.8,32.0,19.0,13.1,1.0,6.6,,,,,,,,,,,,,,
Travis Swanson,,DET,3,76,2014,Arkansas,2012,2012,12.0,,,,,,,,,,,,,,OL,Arkansas,,,,,,,,,,,,,,,,,,,,,,,
Chris Borland,,SFO,3,77,2014,Wisconsin,2009,2013,54.0,,,,,,,,,,,,,,LB,Wisconsin,,,,,,,,,,,,,,,17.0,233.0,187.0,420.0,50.0,0.3148148148148148,,,
Spencer Long,,WAS,3,78,2014,Nebraska,2012,2013,15.0,,,,,,,,,,,,,,OL,Nebraska,,,,,,,,,,,,,,,,,,,,,,,
Terrence Brooks,,RAV,3,79,2014,Florida State,2010,2013,49.0,,,,,,,,,,,,,,DB,Florida State,,,,,,,,,,,,,,,,,,,,,5.0,0.0,11.0
Dexter McDougle,,NYJ,3,80,2014,Maryland,2010,2013,38.0,,,,,,,,,,,,,,DB,Maryland,,,,,,,,,,,,,,,,,,,,,6.0,1.0,11.0
Gabe Jackson,,RAI,3,81,2014,Mississippi State,2010,2013,40.0,,,,,,,,,,,,,,OL,Mississippi State,,,,,,,,,,,,,,,,,,,,,,,
Will Sutton,,CHI,3,82,2014,Arizona State,2009,2013,51.0,,,,,,,,,,,,,,DL,Arizona State,,,,,,,,,,,,,,,20.0,95.0,66.0,161.0,45.5,0.392156862745098,,,
Louis Nix III,,HTX,3,83,2014,Notre Dame,2011,2013,34.0,,,,,,,,,,,,,,DL,Notre Dame,,,,,,,,,,,,,,,2.0,43.0,79.0,122.0,14.0,0.0588235294117647,,,
Kareem Martin,,CRD,3,84,2014,North Carolina,2010,2013,49.0,,,,,,,,,,,,,,DL,North Carolina,,,,,,,,,,,,,,,19.0,92.0,86.0,178.0,45.5,0.3877551020408163,,,
Khyri Thornton,,GNB,3,85,2014,Southern Mississippi,2010,2013,49.0,,,,,,,,,,,,,,DL,Southern Mississippi,,,,,,,,,,,,,,,5.0,58.0,58.0,116.0,30.0,0.1020408163265306,,,
Josh Huff,,PHI,3,86,2014,Oregon,2010,2013,49.0,,,,,,,,,,,,,,WR,Oregon,,,,,,,,,,48.3,144.0,2366.0,16.4,24.0,,,,,,,,,
Phillip Gaines,,KAN,3,87,2014,Rice,2009,2013,51.0,,,,,,,,,,,,,,DB,Rice,,,,,,,,,,,,,,,,,,,,,4.0,0.0,38.0
Will Clarke,,CIN,3,88,2014,West Virginia,2013,2013,12.0,,,,,,,,,,,,,,DL,West Virginia,,,,,,,,,,,,,,,6.0,36.0,14.0,50.0,17.0,0.5,,,
Will Clarke,,CIN,3,88,2014,West Virginia,2011,2012,25.0,,,,,,,,,,,,,,DB,West Virginia,,,,,,,,,,,,,,,,,,,,,0.0,0.0,5.0
Chris Watt,,SDG,3,89,2014,Notre Dame,2011,2011,13.0,,,,,,,,,,,,,,OL,Notre Dame,,,,,,,,,,,,,,,,,,,,,,,
Donte Moncrief,,CLT,3,90,2014,Ole Miss,2011,2013,38.0,,,,,,,,,,,,,,WR,Ole Miss,,,,,,,,,,62.4,156.0,2371.0,15.2,20.0,,,,,,,,,
Trai Turner,,CAR,3,92,2014,LSU,2013,2013,1.0,,,,,,,,,,,,,,G,LSU,,,,,,,,,,,,,,,,,,,,,,,
Brandon Linder,,JAX,3,93,2014,Miami (FL),2013,2013,1.0,,,,,,,,,,,,,,OL,Miami (FL),,,,,,,,,,,,,,,,,,,,,,,
Michael Schofield,,DEN,3,95,2014,Michigan,2011,2012,26.0,,,,,,,,,,,,,,OL,Michigan,,,,,,,,,,,,,,,,,,,,,,,
Dri Archer,,PIT,3,97,2014,Kent State,2009,2013,47.0,,,,,,,,,,,,,,RB,Kent State,49.8,325.0,2342.0,7.2,24.0,99.0,12.1,12.0,25.4,,,,,,,,,,,,,,
Richard Rodgers,,GNB,3,98,2014,California,2011,2013,35.0,,,,,,,,,,,,,,TE,California,,,,,,,,,,25.6,59.0,896.0,15.2,2.0,,,,,,,,,
Crockett Gillmore,,RAV,3,99,2014,Colorado State,2011,2013,35.0,,,,,,,,,,,,,,TE,Colorado State,,,,,,,,,,37.4,111.0,1308.0,11.8,8.0,,,,,,,,,
Crockett Gillmore,,RAV,3,99,2014,Colorado State,2010,2010,10.0,,,,,,,,,,,,,,DL,Colorado State,,,,,,,,,,,,,,,1.0,8.0,3.0,11.0,2.0,0.1,,,
Brandon Thomas,,SFO,3,100,2014,Clemson,2011,2011,13.0,,,,,,,,,,,,,,OL,Clemson,,,,,,,,,,,,,,,,,,,,,,,
Jaylen Watkins,,PHI,4,101,2014,Florida,2010,2013,48.0,,,,,,,,,,,,,,DB,Florida,,,,,,,,,,,,,,,,,,,,,3.0,1.0,13.0
Bashaud Breeland,,WAS,4,102,2014,Clemson,2011,2013,37.0,,,,,,,,,,,,,,DB,Clemson,,,,,,,,,,,,,,,,,,,,,6.0,0.0,17.0
Devonta Freeman,,ATL,4,103,2014,Florida State,2011,2013,40.0,,,,,,,,,,,,,,RB,Florida State,56.4,404.0,2255.0,5.6,30.0,47.0,10.1,1.0,11.9,,,,,,,,,,,,,,
Jalen Saunders,,NYJ,4,104,2014,Oklahoma,2010,2013,48.0,,,,,,,,,,,,,,WR,Fresno StateOklahoma,,,,,,,,,,64.3,203.0,3085.0,15.2,26.0,,,,,,,,,
Bryan Stork,,NWE,4,105,2014,Florida State,2011,2013,25.0,,,,,,,,,,,,,,OL,Florida State,,,,,,,,,,,,,,,,,,,,,,,
Bruce Ellington,,SFO,4,106,2014,South Carolina,2011,2013,38.0,,,,,,,,,,,,,,WR,South Carolina,,,,,,,,,,41.7,106.0,1586.0,15.0,16.0,,,,,,,,,
Justin Ellis,,RAI,4,107,2014,Louisiana Tech,2010,2010,4.0,,,,,,,,,,,,,,OL,Louisiana Tech,,,,,,,,,,,,,,,,,,,,,,,
Justin Ellis,,RAI,4,107,2014,Louisiana Tech,2011,2013,34.0,,,,,,,,,,,,,,DL,Louisiana Tech,,,,,,,,,,,,,,,2.0,36.0,62.0,98.0,9.0,0.0588235294117647,,,
Cassius Marsh,,SEA,4,108,2014,UCLA,2010,2013,51.0,,,,,,,,,,,,,,DL,UCLA,,,,,,,,,,,,,,,15.0,96.0,53.0,149.0,22.5,0.2941176470588235,,,
Ross Cockrell,,BUF,4,109,2014,Duke,2010,2013,49.0,,,,,,,,,,,,,,DB,Duke,,,,,,,,,,,,,,,,,,,,,12.0,1.0,28.0
Maurice Alexander,,RAM,4,110,2014,Utah State,2011,2011,12.0,,,,,,,,,,,,,,LB,Utah State,,,,,,,,,,,,,,,3.0,27.0,18.0,45.0,7.0,0.25,,,
Maurice Alexander,,RAM,4,110,2014,Utah State,2013,2013,13.0,,,,,,,,,,,,,,S,Utah State,,,,,,,,,,,,,,,,,,,,,1.0,0.0,6.0
Russell Bodine,,CIN,4,111,2014,North Carolina,2012,2012,12.0,,,,,,,,,,,,,,OL,North Carolina,,,,,,,,,,,,,,,,,,,,,,,
Daquan Jones,,OTI,4,112,2014,Penn State,2011,2013,36.0,,,,,,,,,,,,,,DL,Penn State,,,,,,,,,,,,,,,3.0,45.0,41.0,86.0,13.5,0.0833333333333333,,,
Andre Williams,,NYG,4,113,2014,Boston College,2010,2013,44.0,,,,,,,,,,,,,,RB,Boston College,85.0,704.0,3739.0,5.3,28.0,10.0,6.0,0.0,1.4,,,,,,,,,,,,,,
Aaron Colvin,,JAX,4,114,2014,Oklahoma,2010,2013,50.0,,,,,,,,,,,,,,DB,Oklahoma,,,,,,,,,,,,,,,,,,,,,5.0,0.0,11.0
Shaquelle Evans,,NYJ,4,115,2014,UCLA,2009,2013,46.0,,,,,,,,,,,,,,WR,Notre DameUCLA,,,,,,,,,,42.5,133.0,1956.0,14.7,14.0,,,,,,,,,
Keith McGill,,RAI,4,116,2014,Utah,2011,2013,16.0,,,,,,,,,,,,,,DB,Utah,,,,,,,,,,,,,,,,,,,,,1.0,1.0,13.0
Ka'Deem Carey,,CHI,4,117,2014,Arizona,2011,2013,36.0,,,,,,,,,,,,,,RB,Arizona,117.8,743.0,4239.0,5.7,48.0,77.0,8.8,4.0,18.9,,,,,,,,,,,,,,
Martavis Bryant,,PIT,4,118,2014,Clemson,2011,2013,37.0,,,,,,,,,,,,,,WR,Clemson,,,,,,,,,,36.6,61.0,1354.0,22.2,13.0,,,,,,,,,
Anthony Hitchens,,DAL,4,119,2014,Iowa,2012,2013,24.0,,,,,,,,,,,,,,LB,Iowa,,,,,,,,,,,,,,,3.0,110.0,126.0,236.0,19.0,0.125,,,
Anthony Hitchens,,DAL,4,119,2014,Iowa,2010,2011,18.0,,,,,,,,,,,,,,DB,Iowa,,,,,,,,,,,,,,,,,,,,,0.0,0.0,0.0
Logan Thomas,123.6,CRD,4,120,2014,Virginia Tech,2010,2013,47.0,693.0,1248.0,555.0,55.5,9003.0,52.0,39.0,4.2,3.1,7.2,6.64,13.0,191.6,QB,Virginia Tech,,,,,,,,,,,,,,,,,,,,,,,
Carl Bradford,,GNB,4,121,2014,Arizona State,2011,2013,36.0,,,,,,,,,,,,,,LB,Arizona State,,,,,,,,,,,,,,,21.0,110.0,44.0,154.0,43.0,0.5833333333333334,,,
Marqueston Huff,,OTI,4,122,2014,Wyoming,2010,2013,49.0,,,,,,,,,,,,,,DB,Wyoming,,,,,,,,,,,,,,,,,,,,,6.0,0.0,16.0
Kevin Norwood,,SEA,4,123,2014,Alabama,2010,2013,49.0,,,,,,,,,,,,,,WR,Alabama,,,,,,,,,,26.0,81.0,1275.0,15.7,12.0,,,,,,,,,
De'Anthony Thomas,,KAN,4,124,2014,Oregon,2011,2013,37.0,,,,,,,,,,,,,,RB,Oregon,51.1,243.0,1890.0,7.8,26.0,113.0,11.5,15.0,35.0,,,,,,,,,,,,,,
Khairi Fortt,,NOR,4,126,2014,California,2010,2013,31.0,,,,,,,,,,,,,,LB,CaliforniaPenn State,,,,,,,,,,,,,,,3.0,48.0,64.0,112.0,10.0,0.0967741935483871,,,
Tre Boston,,CAR,4,128,2014,North Carolina,2010,2013,48.0,,,,,,,,,,,,,,DB,North Carolina,,,,,,,,,,,,,,,,,,,,,13.0,1.0,12.0
Dontae Johnson,,SFO,4,129,2014,North Carolina State,2010,2013,51.0,,,,,,,,,,,,,,DB,North Carolina State,,,,,,,,,,,,,,,,,,,,,3.0,0.0,15.0
James White,,NWE,4,130,2014,Wisconsin,2010,2013,52.0,,,,,,,,,,,,,,RB,Wisconsin,77.2,643.0,4015.0,6.2,45.0,73.0,9.2,3.0,12.9,,,,,,,,,,,,,,
Brock Vereen,,CHI,4,131,2014,Minnesota,2010,2013,47.0,,,,,,,,,,,,,,DB,Minnesota,,,,,,,,,,,,,,,,,,,,,4.0,0.0,12.0
Kevin Pierre-Louis,,SEA,4,132,2014,Boston College,2010,2013,44.0,,,,,,,,,,,,,,LB,Boston College,,,,,,,,,,,,,,,8.0,214.0,146.0,360.0,23.0,0.1818181818181818,,,
Nevin Lawson,,DET,4,133,2014,Utah State,2010,2013,47.0,,,,,,,,,,,,,,DB,Utah State,,,,,,,,,,,,,,,,,,,,,6.0,1.0,34.0
Brent Urban,,RAV,4,134,2014,Virginia,2011,2013,33.0,,,,,,,,,,,,,,DL,Virginia,,,,,,,,,,,,,,,3.0,26.0,49.0,75.0,16.0,0.0909090909090909,,,
Tom Savage,131.1,HTX,4,135,2014,Pitt,2009,2013,31.0,430.0,757.0,327.0,56.8,5690.0,37.0,19.0,4.9,2.5,7.5,7.36,13.2,183.5,QB,PittRutgers,,,,,,,,,,,,,,,,,,,,,,,
Prince Shembo,,ATL,4,139,2014,Notre Dame,2010,2013,51.0,,,,,,,,,,,,,,LB,Notre Dame,,,,,,,,,,,,,,,19.0,71.0,74.0,145.0,24.5,0.3725490196078431,,,
Cameron Fleming,,NWE,4,140,2014,Stanford,2012,2012,14.0,,,,,,,,,,,,,,OL,Stanford,,,,,,,,,,,,,,,,,,,,,,,
Taylor Hart,,PHI,5,141,2014,Oregon,2010,2013,52.0,,,,,,,,,,,,,,DL,Oregon,,,,,,,,,,,,,,,16.0,97.0,76.0,173.0,22.0,0.3076923076923077,,,
Ryan Grant,,WAS,5,142,2014,Tulane,2009,2013,47.0,,,,,,,,,,,,,,WR,Tulane,,,,,,,,,,58.9,196.0,2769.0,14.1,21.0,,,,,,,,,
Telvin Smith,,JAX,5,144,2014,Florida State,2010,2013,54.0,,,,,,,,,,,,,,LB,Florida State,,,,,,,,,,,,,,,7.0,139.0,75.0,214.0,29.0,0.1296296296296296,,,
Devin Street,,DAL,5,146,2014,Pitt,2010,2013,49.0,,,,,,,,,,,,,,WR,Pitt,,,,,,,,,,59.2,202.0,2901.0,14.4,16.0,,,,,,,,,
Ricardo Allen,,ATL,5,147,2014,Purdue,2010,2013,50.0,,,,,,,,,,,,,,DB,Purdue,,,,,,,,,,,,,,,,,,,,,13.0,4.0,11.0
Bene Benwikere,,CAR,5,148,2014,San Jose State,2010,2013,47.0,,,,,,,,,,,,,,DB,San Jose State,,,,,,,,,,,,,,,,,,,,,14.0,1.0,17.0
Aaron Lynch,,SFO,5,150,2014,South Florida,2011,2013,24.0,,,,,,,,,,,,,,DL,Notre DameSouth Florida,,,,,,,,,,,,,,,10.0,36.0,26.0,62.0,19.0,0.4166666666666667,,,
Avery Williamson,,OTI,5,151,2014,Kentucky,2010,2013,48.0,,,,,,,,,,,,,,LB,Kentucky,,,,,,,,,,,,,,,4.0,147.0,149.0,296.0,10.0,0.0833333333333333,,,
Nat Berhe,,NYG,5,152,2014,San Diego State,2010,2013,51.0,,,,,,,,,,,,,,DB,San Diego State,,,,,,,,,,,,,,,,,,,,,5.0,0.0,15.0
Jeremiah George,,NYJ,5,154,2014,Iowa State,2010,2013,47.0,,,,,,,,,,,,,,LB,Iowa State,,,,,,,,,,,,,,,3.0,137.0,88.0,225.0,16.0,0.0638297872340425,,,
Arthur Lynch,,MIA,5,155,2014,Georgia,2009,2013,50.0,,,,,,,,,,,,,,TE,Georgia,,,,,,,,,,18.1,56.0,907.0,16.2,8.0,,,,,,,,,
Lamin Barrow,,DEN,5,156,2014,LSU,2010,2013,51.0,,,,,,,,,,,,,,LB,LSU,,,,,,,,,,,,,,,1.0,87.0,143.0,230.0,14.5,0.0196078431372549,,,
Shaquille Richardson,,PIT,5,157,2014,Arizona,2010,2013,49.0,,,,,,,,,,,,,,DB,Arizona,,,,,,,,,,,,,,,,,,,,,10.0,1.0,16.0
Chris Smith,,JAX,5,159,2014,Arkansas,2010,2013,43.0,,,,,,,,,,,,,,DL,Arkansas,,,,,,,,,,,,,,,21.0,61.0,61.0,122.0,30.5,0.4883720930232558,,,
Ed Stinson,,CRD,5,160,2014,Alabama,2010,2013,49.0,,,,,,,,,,,,,,LB,Alabama,,,,,,,,,,,,,,,5.0,57.0,47.0,104.0,15.5,0.1020408163265306,,,
Ed Reynolds,,PHI,5,162,2014,Stanford,2010,2013,33.0,,,,,,,,,,,,,,DB,Stanford,,,,,,,,,,,,,,,,,,,,,7.0,3.0,4.0
Aaron Murray,158.6,KAN,5,163,2014,Georgia,2010,2013,52.0,921.0,1478.0,557.0,62.3,13166.0,121.0,41.0,8.2,2.8,8.9,9.3,14.3,253.2,QB,Georgia,,,,,,,,,,,,,,,,,,,,,,,
A.J. McCarron,162.5,CIN,5,164,2014,Alabama,2010,2013,53.0,686.0,1026.0,340.0,66.9,9019.0,77.0,15.0,7.5,1.5,8.8,9.63,13.1,170.2,QB,Alabama,,,,,,,,,,,,,,,,,,,,,,,
Ryan Carrethers,,SDG,5,165,2014,Arkansas State,2010,2013,49.0,,,,,,,,,,,,,,DL,Arkansas State,,,,,,,,,,,,,,,6.0,58.0,138.0,196.0,14.5,0.1224489795918367,,,
Jonathan Newsome,,CLT,5,166,2014,Ball State,2012,2013,22.0,,,,,,,,,,,,,,DL,Ball State,,,,,,,,,,,,,,,17.0,49.0,66.0,115.0,24.5,0.7727272727272727,,,
Vinnie Sunseri,,NOR,5,167,2014,Alabama,2011,2013,33.0,,,,,,,,,,,,,,DB,Alabama,,,,,,,,,,,,,,,,,,,,,4.0,2.0,5.0
Marquis Spruill,,ATL,5,168,2014,Syracuse,2010,2013,51.0,,,,,,,,,,,,,,LB,Syracuse,,,,,,,,,,,,,,,12.0,161.0,83.0,244.0,41.0,0.2352941176470588,,,
Ronald Powell,,NOR,5,169,2014,Florida,2010,2013,35.0,,,,,,,,,,,,,,DL,Florida,,,,,,,,,,,,,,,11.0,53.0,26.0,79.0,18.5,0.3142857142857143,,,
Keith Reaser,,SFO,5,170,2014,Florida Atlantic,2010,2013,40.0,,,,,,,,,,,,,,DB,Florida Atlantic,,,,,,,,,,,,,,,,,,,,,5.0,0.0,11.0
Wesley Johnson,,PIT,5,173,2014,Vanderbilt,2011,2013,27.0,,,,,,,,,,,,,,OL,Vanderbilt,,,,,,,,,,,,,,,,,,,,,,,
Devon Kennard,,NYG,5,174,2014,USC,2009,2013,52.0,,,,,,,,,,,,,,DL,USC,,,,,,,,,,,,,,,12.0,96.0,99.0,195.0,26.0,0.2307692307692307,,,
Jared Abbrederis,,GNB,5,176,2014,Wisconsin,2010,2013,53.0,,,,,,,,,,,,,,WR,Wisconsin,,,,,,,,,,59.2,202.0,3140.0,15.5,23.0,,,,,,,,,
Jeoffrey Pagan,,HTX,6,177,2014,Alabama,2011,2013,32.0,,,,,,,,,,,,,,DL,Alabama,,,,,,,,,,,,,,,3.0,27.0,33.0,60.0,7.5,0.09375,,,
Zach Mettenberger,148.4,OTI,6,178,2014,LSU,2011,2013,30.0,407.0,659.0,252.0,61.8,5783.0,35.0,15.0,5.3,2.3,8.8,8.81,14.2,192.8,QB,LSU,,,,,,,,,,,,,,,,,,,,,,,
Kenneth Acker,,SFO,6,180,2014,SMU,2010,2013,46.0,,,,,,,,,,,,,,DB,SMU,,,,,,,,,,,,,,,,,,,,,7.0,1.0,17.0
Alfred Blue,,HTX,6,181,2014,LSU,2010,2013,41.0,,,,,,,,,,,,,,RB,LSU,30.6,209.0,1253.0,6.0,11.0,16.0,6.6,0.0,2.6,,,,,,,,,,,,,,
Antone Exum,,MIN,6,182,2014,Virginia Tech,2010,2013,44.0,,,,,,,,,,,,,,DB,Virginia Tech,,,,,,,,,,,,,,,,,,,,,6.0,0.0,20.0
David Fales,161.7,CHI,6,183,2014,San Jose State,2012,2013,25.0,639.0,938.0,299.0,68.1,8382.0,66.0,22.0,7.0,2.3,8.9,9.29,13.1,335.3,QB,San Jose State,,,,,,,,,,,,,,,,,,,,,,,
Robert Herron,,TAM,6,185,2014,Wyoming,2010,2013,42.0,,,,,,,,,,,,,,WR,Wyoming,,,,,,,,,,48.2,152.0,2025.0,13.3,20.0,,,,,,,,,
Lache Seastrunk,,WAS,6,186,2014,Baylor,2012,2013,24.0,,,,,,,,,,,,,,RB,Baylor,91.2,289.0,2189.0,7.6,18.0,9.0,11.9,1.0,4.5,,,,,,,,,,,,,,
Bennett Jackson,,NYG,6,187,2014,Notre Dame,2010,2010,13.0,,,,,,,,,,,,,,WR,Notre Dame,,,,,,,,,,0.0,0.0,0.0,,0.0,,,,,,,,,
Bennett Jackson,,NYG,6,187,2014,Notre Dame,2011,2013,39.0,,,,,,,,,,,,,,DB,Notre Dame,,,,,,,,,,,,,,,,,,,,,6.0,1.0,3.0
E.J. Gaines,,RAM,6,188,2014,Missouri,2010,2013,50.0,,,,,,,,,,,,,,DB,Missouri,,,,,,,,,,,,,,,,,,,,,8.0,0.0,20.0
T.J. Jones,,DET,6,189,2014,Notre Dame,2010,2013,51.0,,,,,,,,,,,,,,WR,Notre Dame,,,,,,,,,,47.6,181.0,2429.0,13.4,19.0,,,,,,,,,
Jordan Zumwalt,,PIT,6,192,2014,UCLA,2010,2013,47.0,,,,,,,,,,,,,,LB,UCLA,,,,,,,,,,,,,,,5.0,141.0,75.0,216.0,20.0,0.1063829787234042,,,
Keith Wenning,134.7,RAV,6,194,2014,Ball State,2010,2013,49.0,1035.0,1642.0,607.0,63.0,11402.0,92.0,42.0,5.6,2.6,6.9,6.91,11.0,232.7,QB,Ball State,,,,,,,,,,,,,,,,,,,,,,,
Demetri Goodson,,GNB,6,197,2014,Baylor,2011,2013,19.0,,,,,,,,,,,,,,DB,Baylor,,,,,,,,,,,,,,,,,,,,,4.0,0.0,13.0
Garrett Scott,,SEA,6,199,2014,Marshall,2013,2013,1.0,,,,,,,,,,,,,,OL,Marshall,,,,,,,,,,,,,,,,,,,,,,,
Marion Grice,,SDG,6,201,2014,Arizona State,2012,2013,24.0,,,,,,,,,,,,,,RB,Arizona State,69.8,294.0,1675.0,5.7,25.0,91.0,9.5,14.0,36.0,,,,,,,,,,,,,,
Tavon Rooks,,NOR,6,202,2014,Kansas State,2013,2013,1.0,,,,,,,,,,,,,,OL,Kansas State,,,,,,,,,,,,,,,,,,,,,,,
Andrew Jackson,,CLT,6,203,2014,Western Kentucky,2011,2013,33.0,,,,,,,,,,,,,,LB,Western Kentucky,,,,,,,,,,,,,,,6.0,152.0,143.0,295.0,37.5,0.1818181818181818,,,
Tyler Gaffney,,CAR,6,204,2014,Stanford,2009,2013,49.0,,,,,,,,,,,,,,RB,Stanford,51.0,486.0,2500.0,5.1,33.0,32.0,8.3,4.0,5.4,,,,,,,,,,,,,,
Luke Bowanko,,JAX,6,205,2014,Virginia,2013,2013,1.0,,,,,,,,,,,,,,G,Virginia,,,,,,,,,,,,,,,,,,,,,,,
Jemea Thomas,,NWE,6,206,2014,Georgia Tech,2009,2013,54.0,,,,,,,,,,,,,,DB,Georgia Tech,,,,,,,,,,,,,,,,,,,,,9.0,0.0,15.0
Eric Pinkins,,SEA,6,208,2014,San Diego State,2009,2013,46.0,,,,,,,,,,,,,,DB,San Diego State,,,,,,,,,,,,,,,,,,,,,3.0,1.0,5.0
Quincy Enunwa,,NYJ,6,209,2014,Nebraska,2010,2013,49.0,,,,,,,,,,,,,,WR,Nebraska,,,,,,,,,,31.1,115.0,1526.0,13.3,15.0,,,,,,,,,
Ik Enemkpali,,NYJ,6,210,2014,Louisiana Tech,2010,2013,48.0,,,,,,,,,,,,,,DL,Louisiana Tech,,,,,,,,,,,,,,,17.0,71.0,77.0,148.0,32.0,0.3541666666666667,,,
Jay Prosch,,HTX,6,211,2014,Auburn,2010,2013,42.0,,,,,,,,,,,,,,RB,AuburnIllinois,1.1,14.0,47.0,3.4,2.0,11.0,10.5,1.0,2.7,,,,,,,,,,,,,,
Marquis Flowers,,CIN,6,212,2014,Arizona,2012,2013,26.0,,,,,,,,,,,,,,LB,Arizona,,,,,,,,,,,,,,,6.0,111.0,83.0,194.0,24.5,0.2307692307692307,,,
Marquis Flowers,,CIN,6,212,2014,Arizona,2010,2011,24.0,,,,,,,,,,,,,,DB,Arizona,,,,,,,,,,,,,,,,,,,,,1.0,0.0,3.0
Tajh Boyd,155.2,NYJ,6,213,2014,Clemson,2010,2013,47.0,901.0,1402.0,501.0,64.3,11904.0,107.0,39.0,7.6,2.8,8.5,8.77,13.2,253.3,QB,Clemson,,,,,,,,,,,,,,,,,,,,,,,
Garrett Gilbert,116.3,RAM,6,214,2014,SMU,2009,2013,47.0,908.0,1548.0,640.0,58.7,9761.0,49.0,45.0,3.2,2.9,6.3,5.63,10.8,207.7,QB,SMUTexas,,,,,,,,,,,,,,,,,,,,,,,
Daniel McCullers,,PIT,6,215,2014,Tennessee,2012,2013,24.0,,,,,,,,,,,,,,DL,Tennessee,,,,,,,,,,,,,,,1.0,41.0,31.0,72.0,10.0,0.0416666666666666,,,
Andre Hal,,HTX,7,216,2014,Vanderbilt,2010,2013,50.0,,,,,,,,,,,,,,DB,Vanderbilt,,,,,,,,,,,,,,,,,,,,,6.0,0.0,17.0
Ted Bolser,,WAS,7,217,2014,Indiana,2010,2013,47.0,,,,,,,,,,,,,,TE,Indiana,,,,,,,,,,28.4,117.0,1337.0,11.4,15.0,,,,,,,,,
Michael Campanaro,,RAV,7,218,2014,Wake Forest,2010,2013,42.0,,,,,,,,,,,,,,WR,Wake Forest,,,,,,,,,,59.7,229.0,2506.0,10.9,14.0,,,,,,,,,
Travis Carrie,,RAI,7,219,2014,Ohio,2008,2013,50.0,,,,,,,,,,,,,,DB,Ohio,,,,,,,,,,,,,,,,,,,,,9.0,2.0,26.0
Shamar Stephen,,MIN,7,220,2014,Connecticut,2010,2013,46.0,,,,,,,,,,,,,,DL,Connecticut,,,,,,,,,,,,,,,5.0,55.0,75.0,130.0,17.0,0.108695652173913,,,
Randell Johnson,,BUF,7,221,2014,Florida Atlantic,2010,2013,40.0,,,,,,,,,,,,,,LB,Florida Atlantic,,,,,,,,,,,,,,,9.0,104.0,91.0,195.0,30.5,0.225,,,
Storm Johnson,,JAX,7,222,2014,UCF,2010,2013,36.0,,,,,,,,,,,,,,RB,Miami (FL)UCF,49.0,335.0,1765.0,5.3,19.0,41.0,7.0,3.0,8.0,,,,,,,,,,,,,,
Brandon Watts,,MIN,7,223,2014,Georgia Tech,2013,2013,11.0,,,,,,,,,,,,,,LB,Georgia Tech,,,,,,,,,,,,,,,2.0,37.0,23.0,60.0,3.0,0.1818181818181818,,,
Brandon Watts,,MIN,7,223,2014,Georgia Tech,2010,2012,37.0,,,,,,,,,,,,,,DB,Georgia Tech,,,,,,,,,,,,,,,,,,,,,0.0,0.0,2.0
Beau Allen,,PHI,7,224,2014,Wisconsin,2010,2013,50.0,,,,,,,,,,,,,,DL,Wisconsin,,,,,,,,,,,,,,,8.0,45.0,49.0,94.0,15.0,0.16,,,
Jabari Price,,MIN,7,225,2014,North Carolina,2010,2013,45.0,,,,,,,,,,,,,,DB,North Carolina,,,,,,,,,,,,,,,,,,,,,2.0,0.0,16.0
Kiero Small,,SEA,7,227,2014,Arkansas,2011,2013,25.0,,,,,,,,,,,,,,RB,Arkansas,6.1,41.0,152.0,3.7,4.0,20.0,6.8,1.0,5.4,,,,,,,,,,,,,,
Rob Blanchflower,,PIT,7,230,2014,Massachusetts,2012,2013,15.0,,,,,,,,,,,,,,TE,Massachusetts,,,,,,,,,,51.8,70.0,777.0,11.1,5.0,,,,,,,,,
Ben Gardner,,DAL,7,231,2014,Stanford,2010,2013,46.0,,,,,,,,,,,,,,DL,Stanford,,,,,,,,,,,,,,,17.0,60.0,47.0,107.0,35.5,0.3695652173913043,,,
Trevor Reilly,,NYJ,7,233,2014,Utah,2010,2013,48.0,,,,,,,,,,,,,,DL,Utah,,,,,,,,,,,,,,,20.0,131.0,104.0,235.0,37.5,0.4166666666666667,,,
Will Smith,,DAL,7,238,2014,Texas Tech,2012,2013,26.0,,,,,,,,,,,,,,LB,Texas Tech,,,,,,,,,,,,,,,4.0,120.0,55.0,175.0,12.0,0.1538461538461538,,,
James Wright,,CIN,7,239,2014,LSU,2010,2013,47.0,,,,,,,,,,,,,,WR,LSU,,,,,,,,,,6.5,25.0,304.0,12.2,0.0,,,,,,,,,
Tevin Reese,,SDG,7,240,2014,Baylor,2010,2013,47.0,,,,,,,,,,,,,,WR,Baylor,,,,,,,,,,66.0,187.0,3102.0,16.6,24.0,,,,,,,,,
Christian Bryant,,RAM,7,241,2014,Ohio State,2010,2013,36.0,,,,,,,,,,,,,,DB,Ohio State,,,,,,,,,,,,,,,,,,,,,2.0,0.0,11.0
Corey Nelson,,DEN,7,242,2014,Oklahoma,2010,2013,46.0,,,,,,,,,,,,,,LB,Oklahoma,,,,,,,,,,,,,,,7.0,77.0,79.0,156.0,17.5,0.1521739130434782,,,
Kaleb Ramsey,,SFO,7,243,2014,Boston College,2008,2013,41.0,,,,,,,,,,,,,,DL,Boston College,,,,,,,,,,,,,,,6.0,53.0,37.0,90.0,15.0,0.1463414634146341,,,
Jeremy Gallon,,NWE,7,244,2014,Michigan,2010,2013,51.0,,,,,,,,,,,,,,WR,Michigan,,,,,,,,,,53.0,173.0,2704.0,15.6,17.0,,,,,,,,,
Trey Millard,,SFO,7,245,2014,Oklahoma,2010,2013,48.0,,,,,,,,,,,,,,RB,Oklahoma,11.2,98.0,538.0,5.5,6.0,70.0,9.7,7.0,14.1,,,,,,,,,,,,,,
Charles Leno,,CHI,7,246,2014,Boise State,2012,2012,13.0,,,,,,,,,,,,,,OL,Boise State,,,,,,,,,,,,,,,,,,,,,,,
Jonathan Dowling,,RAI,7,247,2014,Western Kentucky,2012,2013,23.0,,,,,,,,,,,,,,DB,Western Kentucky,,,,,,,,,,,,,,,,,,,,,9.0,1.0,6.0
Ahmad Dixon,,DAL,7,248,2014,Baylor,2010,2013,49.0,,,,,,,,,,,,,,DB,Baylor,,,,,,,,,,,,,,,,,,,,,4.0,1.0,9.0
Michael Sam,,RAM,7,249,2014,Missouri,2010,2013,52.0,,,,,,,,,,,,,,DL,Missouri,,,,,,,,,,,,,,,17.0,59.0,51.0,110.0,31.5,0.3269230769230769,,,
Ken Bishop,,DAL,7,251,2014,Northern Illinois,2012,2013,27.0,,,,,,,,,,,,,,DL,Northern Illinois,,,,,,,,,,,,,,,3.0,66.0,59.0,125.0,16.5,0.1111111111111111,,,
Yawin Smallwood,,ATL,7,253,2014,Connecticut,2011,2013,36.0,,,,,,,,,,,,,,LB,Connecticut,,,,,,,,,,,,,,,8.0,146.0,186.0,332.0,27.0,0.2222222222222222,,,
Terrance Mitchell,,DAL,7,254,2014,Oregon,2011,2013,40.0,,,,,,,,,,,,,,DB,Oregon,,,,,,,,,,,,,,,,,,,,,7.0,1.0,25.0
Lonnie Ballentine,,HTX,7,256,2014,Memphis,2010,2013,42.0,,,,,,,,,,,,,,DB,Memphis,,,,,,,,,,,,,,,,,,,,,3.0,0.0,8.0
Jameis Winston,163.3,TAM,1,1,2015,Florida State,2013,2014,27.0,562.0,851.0,289.0,66.0,7964.0,65.0,28.0,7.6,3.3,9.4,9.41,14.2,295.0,QB,Florida State,,,,,,,,,,,,,,,,,,,,,,,
Marcus Mariota,171.8,OTI,1,2,2015,Oregon,2012,2014,41.0,779.0,1167.0,388.0,66.8,10796.0,105.0,14.0,9.0,1.2,9.3,10.51,13.9,263.3,QB,Oregon,,,,,,,,,,,,,,,,,,,,,,,
Dante Fowler Jr.,,JAX,1,3,2015,Florida,2012,2014,36.0,,,,,,,,,,,,,,LB,Florida,,,,,,,,,,,,,,,14.0,73.0,67.0,140.0,33.0,0.3888888888888889,,,
Amari Cooper,,RAI,1,4,2015,Alabama,2012,2014,39.0,,,,,,,,,,,,,,WR,Alabama,,,,,,,,,,88.8,228.0,3463.0,15.2,31.0,,,,,,,,,
Brandon Scherff,,WAS,1,5,2015,Iowa,2014,2014,13.0,,,,,,,,,,,,,,OL,Iowa,,,,,,,,,,,,,,,,,,,,,,,
Leonard Williams,,NYJ,1,6,2015,USC,2012,2014,39.0,,,,,,,,,,,,,,DL,USC,,,,,,,,,,,,,,,20.0,111.0,107.0,218.0,35.5,0.5128205128205128,,,
Kevin White,,CHI,1,7,2015,West Virginia,2013,2014,23.0,,,,,,,,,,,,,,WR,West Virginia,,,,,,,,,,85.0,144.0,1954.0,13.6,15.0,,,,,,,,,
Vic Beasley,,ATL,1,8,2015,Clemson,2011,2014,47.0,,,,,,,,,,,,,,DL,Clemson,,,,,,,,,,,,,,,33.0,72.0,17.0,89.0,52.0,0.7021276595744681,,,
Ereck Flowers,,NYG,1,9,2015,Miami (FL),2014,2014,12.0,,,,,,,,,,,,,,OL,Miami (FL),,,,,,,,,,,,,,,,,,,,,,,
Todd Gurley,,RAM,1,10,2015,Georgia,2012,2014,30.0,,,,,,,,,,,,,,RB,Georgia,109.5,510.0,3285.0,6.4,36.0,65.0,9.5,6.0,20.5,,,,,,,,,,,,,,
Trae Waynes,,MIN,1,11,2015,Michigan State,2012,2014,36.0,,,,,,,,,,,,,,DB,Michigan State,,,,,,,,,,,,,,,,,,,,,6.0,0.0,13.0
Danny Shelton,,CLE,1,12,2015,Washington,2011,2014,50.0,,,,,,,,,,,,,,DL,Washington,,,,,,,,,,,,,,,10.0,104.0,95.0,199.0,23.0,0.2,,,
Andrus Peat,,NOR,1,13,2015,Stanford,2013,2014,14.0,,,,,,,,,,,,,,T,Stanford,,,,,,,,,,,,,,,,,,,,,,,
Devante Parker,,MIA,1,14,2015,Louisville,2011,2014,43.0,,,,,,,,,,,,,,WR,Louisville,,,,,,,,,,64.5,156.0,2775.0,17.8,33.0,,,,,,,,,
Melvin Gordon,,SDG,1,15,2015,Wisconsin,2011,2014,45.0,,,,,,,,,,,,,,RB,Wisconsin,109.2,631.0,4915.0,7.8,45.0,22.0,10.4,4.0,5.1,,,,,,,,,,,,,,
Kevin Johnson,,HTX,1,16,2015,Wake Forest,2010,2014,47.0,,,,,,,,,,,,,,DB,Wake Forest,,,,,,,,,,,,,,,,,,,,,7.0,0.0,20.0
Arik Armstead,,SFO,1,17,2015,Oregon,2012,2014,35.0,,,,,,,,,,,,,,DL,Oregon,,,,,,,,,,,,,,,4.0,42.0,45.0,87.0,10.5,0.1142857142857142,,,
Marcus Peters,,KAN,1,18,2015,Washington,2012,2014,35.0,,,,,,,,,,,,,,DB,Washington,,,,,,,,,,,,,,,,,,,,,11.0,1.0,16.0
Cameron Erving,,CLE,1,19,2015,Florida State,2013,2013,1.0,,,,,,,,,,,,,,OL,Florida State,,,,,,,,,,,,,,,,,,,,,,,
Cameron Erving,,CLE,1,19,2015,Florida State,2010,2011,16.0,,,,,,,,,,,,,,DL,Florida State,,,,,,,,,,,,,,,1.0,12.0,9.0,21.0,2.5,0.0625,,,
Nelson Agholor,,PHI,1,20,2015,USC,2012,2014,40.0,,,,,,,,,,,,,,WR,USC,,,,,,,,,,64.3,178.0,2572.0,14.4,20.0,,,,,,,,,
Alvin Dupree,,PIT,1,22,2015,Kentucky,2011,2014,47.0,,,,,,,,,,,,,,LB,Kentucky,,,,,,,,,,,,,,,23.0,145.0,102.0,247.0,37.0,0.4893617021276595,,,
Shane Ray,,DEN,1,23,2015,Missouri,2012,2014,40.0,,,,,,,,,,,,,,DL,Missouri,,,,,,,,,,,,,,,19.0,82.0,38.0,120.0,34.0,0.475,,,
D.J. Humphries,,CRD,1,24,2015,Florida,2014,2014,10.0,,,,,,,,,,,,,,OL,Florida,,,,,,,,,,,,,,,,,,,,,,,
Shaq Thompson,,CAR,1,25,2015,Washington,2013,2014,26.0,,,,,,,,,,,,,,LB,Washington,,,,,,,,,,,,,,,1.0,102.0,57.0,159.0,6.5,0.0384615384615384,,,
Shaq Thompson,,CAR,1,25,2015,Washington,2012,2012,13.0,,,,,,,,,,,,,,DB,Washington,,,,,,,,,,,,,,,,,,,,,3.0,0.0,0.0
Breshad Perriman,,RAV,1,26,2015,UCF,2012,2014,39.0,,,,,,,,,,,,,,WR,UCF,,,,,,,,,,57.5,115.0,2243.0,19.5,16.0,,,,,,,,,
Byron Jones,,DAL,1,27,2015,Connecticut,2011,2014,43.0,,,,,,,,,,,,,,DB,Connecticut,,,,,,,,,,,,,,,,,,,,,8.0,1.0,16.0
Laken Tomlinson,,DET,1,28,2015,Duke,2014,2014,13.0,,,,,,,,,,,,,,OL,Duke,,,,,,,,,,,,,,,,,,,,,,,
Phillip Dorsett,,CLT,1,29,2015,Miami (FL),2011,2014,44.0,,,,,,,,,,,,,,WR,Miami (FL),,,,,,,,,,48.5,121.0,2132.0,17.6,17.0,,,,,,,,,
Damarious Randall,,GNB,1,30,2015,Arizona State,2013,2014,24.0,,,,,,,,,,,,,,DB,Arizona State,,,,,,,,,,,,,,,,,,,,,6.0,2.0,12.0
Stephone Anthony,,NOR,1,31,2015,Clemson,2011,2014,51.0,,,,,,,,,,,,,,LB,Clemson,,,,,,,,,,,,,,,10.0,151.0,104.0,255.0,35.0,0.196078431372549,,,
Malcom Brown,,NWE,1,32,2015,Texas,2012,2014,28.0,,,,,,,,,,,,,,DL,Texas,,,,,,,,,,,,,,,6.0,49.0,46.0,95.0,16.0,0.2142857142857142,,,
Landon Collins,,NYG,2,33,2015,Alabama,2012,2014,41.0,,,,,,,,,,,,,,DB,Alabama,,,,,,,,,,,,,,,,,,,,,5.0,1.0,13.0
Mario Edwards Jr.,,RAI,2,35,2015,Florida State,2012,2014,35.0,,,,,,,,,,,,,,DL,Florida State,,,,,,,,,,,,,,,8.0,54.0,41.0,95.0,23.0,0.2285714285714285,,,
T.J. Yeldon,,JAX,2,36,2015,Alabama,2012,2014,39.0,,,,,,,,,,,,,,RB,Alabama,85.2,576.0,3322.0,5.8,37.0,46.0,10.7,2.0,12.7,,,,,,,,,,,,,,
Devin Smith,,NYJ,2,37,2015,Ohio State,2011,2014,54.0,,,,,,,,,,,,,,WR,Ohio State,,,,,,,,,,46.4,121.0,2503.0,20.7,30.0,,,,,,,,,
Preston Smith,,WAS,2,38,2015,Mississippi State,2011,2014,47.0,,,,,,,,,,,,,,DL,Mississippi State,,,,,,,,,,,,,,,16.0,73.0,61.0,134.0,27.0,0.3404255319148936,,,
Eddie Goldman,,CHI,2,39,2015,Florida State,2012,2014,33.0,,,,,,,,,,,,,,DL,Florida State,,,,,,,,,,,,,,,6.0,31.0,31.0,62.0,12.0,0.1818181818181818,,,
Dorial Green-Beckham,,OTI,2,40,2015,Oklahoma,2012,2013,25.0,,,,,,,,,,,,,,WR,Missouri,,,,,,,,,,51.1,87.0,1278.0,14.7,17.0,,,,,,,,,
Devin Funchess,,CAR,2,41,2015,Michigan,2012,2014,37.0,,,,,,,,,,,,,,TE,Michigan,,,,,,,,,,46.4,126.0,1715.0,13.6,15.0,,,,,,,,,
Jalen Collins,,ATL,2,42,2015,LSU,2012,2014,34.0,,,,,,,,,,,,,,DB,LSU,,,,,,,,,,,,,,,,,,,,,2.0,0.0,2.0
Benardrick McKinney,,HTX,2,43,2015,Mississippi State,2012,2014,39.0,,,,,,,,,,,,,,LB,Mississippi State,,,,,,,,,,,,,,,7.0,122.0,121.0,243.0,19.5,0.1794871794871795,,,
Hau'oli Kikaha,,NOR,2,44,2015,Washington,2010,2014,43.0,,,,,,,,,,,,,,DL,Washington,,,,,,,,,,,,,,,35.0,139.0,67.0,206.0,51.0,0.813953488372093,,,
Eric Kendricks,,MIN,2,45,2015,UCLA,2011,2014,52.0,,,,,,,,,,,,,,LB,UCLA,,,,,,,,,,,,,,,10.0,307.0,174.0,481.0,26.0,0.1923076923076923,,,
Eric Rowe,,PHI,2,47,2015,Utah,2011,2014,47.0,,,,,,,,,,,,,,DB,Utah,,,,,,,,,,,,,,,,,,,,,3.0,1.0,28.0
Denzel Perryman,,SDG,2,48,2015,Miami (FL),2011,2014,47.0,,,,,,,,,,,,,,LB,Miami (FL),,,,,,,,,,,,,,,4.0,240.0,111.0,351.0,27.0,0.0851063829787234,,,
Ronald Darby,,BUF,2,50,2015,Florida State,2012,2014,35.0,,,,,,,,,,,,,,DB,Florida State,,,,,,,,,,,,,,,,,,,,,2.0,0.0,16.0
Nate Orchard,,CLE,2,51,2015,Utah,2013,2014,24.0,,,,,,,,,,,,,,DE,Utah,,,,,,,,,,,,,,,21.0,76.0,57.0,133.0,29.5,0.875,,,
Jordan Phillips,,MIA,2,52,2015,Oklahoma,2012,2014,28.0,,,,,,,,,,,,,,DL,Oklahoma,,,,,,,,,,,,,,,3.0,28.0,30.0,58.0,9.0,0.1071428571428571,,,
Jake Fisher,,CIN,2,53,2015,Oregon,2012,2012,13.0,,,,,,,,,,,,,,OL,Oregon,,,,,,,,,,,,,,,,,,,,,,,
Ameer Abdullah,,DET,2,54,2015,Nebraska,2011,2014,53.0,,,,,,,,,,,,,,RB,Nebraska,86.6,813.0,4588.0,5.6,39.0,73.0,9.5,7.0,13.0,,,,,,,,,,,,,,
Maxx Williams,,RAV,2,55,2015,Minnesota,2013,2014,25.0,,,,,,,,,,,,,,TE,Minnesota,,,,,,,,,,39.4,61.0,986.0,16.2,13.0,,,,,,,,,
Senquez Golson,,PIT,2,56,2015,Ole Miss,2011,2014,47.0,,,,,,,,,,,,,,DB,Ole Miss,,,,,,,,,,,,,,,,,,,,,16.0,1.0,12.0
Rob Havenstein,,RAM,2,57,2015,Wisconsin,2013,2013,2.0,,,,,,,,,,,,,,OL,Wisconsin,,,,,,,,,,,,,,,,,,,,,,,
Markus Golden,,CRD,2,58,2015,Missouri,2012,2014,39.0,,,,,,,,,,,,,,LB,Missouri,,,,,,,,,,,,,,,16.0,77.0,66.0,143.0,33.0,0.4102564102564102,,,
Ty Sambrailo,,DEN,2,59,2015,Colorado State,2012,2014,24.0,,,,,,,,,,,,,,OL,Colorado State,,,,,,,,,,,,,,,,,,,,,,,
Randy Gregory,,DAL,2,60,2015,Nebraska,2013,2014,24.0,,,,,,,,,,,,,,DE,Nebraska,,,,,,,,,,,,,,,16.0,62.0,57.0,119.0,25.5,0.6666666666666666,,,
Quinten Rollins,,GNB,2,62,2015,Miami (OH),2014,2014,12.0,,,,,,,,,,,,,,DB,Miami (OH),,,,,,,,,,,,,,,,,,,,,7.0,1.0,9.0
Frank Clark,,SEA,2,63,2015,Michigan,2011,2014,45.0,,,,,,,,,,,,,,LB,Michigan,,,,,,,,,,,,,,,11.0,66.0,49.0,115.0,35.5,0.2444444444444444,,,
Jordan Richards,,NWE,2,64,2015,Stanford,2011,2014,54.0,,,,,,,,,,,,,,DB,Stanford,,,,,,,,,,,,,,,,,,,,,9.0,1.0,9.0
D'Joun Smith,,CLT,3,65,2015,Florida Atlantic,2012,2014,34.0,,,,,,,,,,,,,,DB,Florida Atlantic,,,,,,,,,,,,,,,,,,,,,9.0,2.0,21.0
A.J. Cann,,JAX,3,67,2015,South Carolina,2012,2014,26.0,,,,,,,,,,,,,,OL,South Carolina,,,,,,,,,,,,,,,,,,,,,,,
Clive Walford,,RAI,3,68,2015,Miami (FL),2011,2014,48.0,,,,,,,,,,,,,,TE,Miami (FL),,,,,,,,,,36.5,121.0,1753.0,14.5,14.0,,,,,,,,,
Tyler Lockett,,SEA,3,69,2015,Kansas State,2011,2014,47.0,,,,,,,,,,,,,,WR,Kansas State,,,,,,,,,,78.9,249.0,3710.0,14.9,29.0,,,,,,,,,
Jaelen Strong,,HTX,3,70,2015,Arizona State,2013,2014,26.0,,,,,,,,,,,,,,WR,Arizona State,,,,,,,,,,88.0,157.0,2287.0,14.6,17.0,,,,,,,,,
Hroniss Grasu,,CHI,3,71,2015,Oregon,2013,2014,13.0,,,,,,,,,,,,,,OL,Oregon,,,,,,,,,,,,,,,,,,,,,,,
Jamon Brown,,RAM,3,72,2015,Louisville,2012,2012,13.0,,,,,,,,,,,,,,OL,Louisville,,,,,,,,,,,,,,,,,,,,,,,
Tevin Coleman,,ATL,3,73,2015,Indiana,2012,2014,33.0,,,,,,,,,,,,,,RB,Indiana,97.5,452.0,3219.0,7.1,28.0,54.0,7.1,0.0,11.6,,,,,,,,,,,,,,
Owamagbe Odighizuwa,,NYG,3,74,2015,UCLA,2010,2014,51.0,,,,,,,,,,,,,,DL,UCLA,,,,,,,,,,,,,,,12.0,85.0,51.0,136.0,24.5,0.2352941176470588,,,
Garrett Grayson,145.3,NOR,3,75,2015,Colorado State,2011,2014,37.0,688.0,1113.0,425.0,61.8,9190.0,64.0,27.0,5.8,2.4,8.3,8.32,13.4,248.4,QB,Colorado State,,,,,,,,,,,,,,,,,,,,,,,
Chris Conley,,KAN,3,76,2015,Georgia,2011,2014,49.0,,,,,,,,,,,,,,WR,Georgia,,,,,,,,,,39.6,117.0,1938.0,16.6,20.0,,,,,,,,,
Duke Johnson,,CLE,3,77,2015,Miami (FL),2012,2014,33.0,,,,,,,,,,,,,,RB,Miami (FL),106.6,526.0,3519.0,6.7,26.0,69.0,10.4,4.0,21.8,,,,,,,,,,,,,,
P.J. Williams,,NOR,3,78,2015,Florida State,2012,2014,39.0,,,,,,,,,,,,,,DB,Florida State,,,,,,,,,,,,,,,,,,,,,4.0,1.0,18.0
Eli Harold,,SFO,3,79,2015,Virginia,2012,2014,36.0,,,,,,,,,,,,,,DL,Virginia,,,,,,,,,,,,,,,17.0,75.0,66.0,141.0,36.5,0.4722222222222222,,,
Alex Carter,,DET,3,80,2015,Stanford,2012,2014,40.0,,,,,,,,,,,,,,DB,Stanford,,,,,,,,,,,,,,,,,,,,,2.0,0.0,16.0
Lorenzo Mauldin,,NYJ,3,82,2015,Louisville,2012,2014,36.0,,,,,,,,,,,,,,DL,Louisville,,,,,,,,,,,,,,,21.0,77.0,37.0,114.0,33.5,0.5833333333333334,,,
Craig Mager,,SDG,3,83,2015,Texas State,2012,2014,36.0,,,,,,,,,,,,,,DB,Texas State,,,,,,,,,,,,,,,,,,,,,7.0,0.0,19.0
Jordan Hicks,,PHI,3,84,2015,Texas,2010,2014,47.0,,,,,,,,,,,,,,LB,Texas,,,,,,,,,,,,,,,5.0,128.0,111.0,239.0,20.5,0.1063829787234042,,,
Tyler Kroft,,CIN,3,85,2015,Rutgers,2012,2014,37.0,,,,,,,,,,,,,,TE,Rutgers,,,,,,,,,,24.4,70.0,901.0,12.9,5.0,,,,,,,,,
Sammie Coates,,PIT,3,87,2015,Auburn,2012,2014,37.0,,,,,,,,,,,,,,WR,Auburn,,,,,,,,,,47.5,82.0,1757.0,21.4,13.0,,,,,,,,,
Danielle Hunter,,MIN,3,88,2015,LSU,2012,2014,38.0,,,,,,,,,,,,,,DL,LSU,,,,,,,,,,,,,,,4.0,52.0,90.0,142.0,21.0,0.1052631578947368,,,
Sean Mannion,135.8,RAM,3,89,2015,Oregon State,2011,2014,47.0,1187.0,1838.0,651.0,64.6,13600.0,83.0,54.0,4.5,2.9,7.4,6.98,11.5,289.4,QB,Oregon State,,,,,,,,,,,,,,,,,,,,,,,
Carl Davis,,RAV,3,90,2015,Iowa,2011,2014,44.0,,,,,,,,,,,,,,DL,Iowa,,,,,,,,,,,,,,,3.0,31.0,63.0,94.0,14.5,0.0681818181818181,,,
Chaz Green,,DAL,3,91,2015,Florida,2011,2011,9.0,,,,,,,,,,,,,,OL,Florida,,,,,,,,,,,,,,,,,,,,,,,
Jeff Heuerman,,DEN,3,92,2015,Ohio State,2011,2014,47.0,,,,,,,,,,,,,,TE,Ohio State,,,,,,,,,,16.9,52.0,792.0,15.2,7.0,,,,,,,,,
Henry Anderson,,CLT,3,93,2015,Stanford,2011,2014,47.0,,,,,,,,,,,,,,DL,Stanford,,,,,,,,,,,,,,,17.0,77.0,65.0,142.0,31.5,0.3617021276595745,,,
Ty Montgomery,,GNB,3,94,2015,Stanford,2011,2014,49.0,,,,,,,,,,,,,,WR,Stanford,,,,,,,,,,43.4,172.0,2125.0,12.4,15.0,,,,,,,,,
Matt Jones,,WAS,3,95,2015,Florida,2012,2014,28.0,,,,,,,,,,,,,,RB,Florida,51.1,297.0,1431.0,4.8,11.0,19.0,5.3,1.0,3.6,,,,,,,,,,,,,,
Xavier Cooper,,CLE,3,96,2015,Washington State,2012,2014,36.0,,,,,,,,,,,,,,DL,Washington State,,,,,,,,,,,,,,,13.0,70.0,52.0,122.0,32.5,0.3611111111111111,,,
Geneo Grissom,,NWE,3,97,2015,Oklahoma,2012,2012,12.0,,,,,,,,,,,,,,TE,Oklahoma,,,,,,,,,,0.0,0.0,0.0,,0.0,,,,,,,,,
Geneo Grissom,,NWE,3,97,2015,Oklahoma,2011,2014,28.0,,,,,,,,,,,,,,DL,Oklahoma,,,,,,,,,,,,,,,7.0,52.0,32.0,84.0,16.5,0.25,,,
Steven Nelson,,KAN,3,98,2015,Oregon State,2013,2014,25.0,,,,,,,,,,,,,,CB,Oregon State,,,,,,,,,,,,,,,,,,,,,8.0,1.0,16.0
Paul Dawson,,CIN,3,99,2015,Texas Christian,2012,2014,37.0,,,,,,,,,,,,,,LB,Texas Christian,,,,,,,,,,,,,,,6.0,136.0,105.0,241.0,31.0,0.1621621621621621,,,
Angelo Blackson,,OTI,4,100,2015,Auburn,2011,2014,49.0,,,,,,,,,,,,,,DL,Auburn,,,,,,,,,,,,,,,4.0,32.0,33.0,65.0,17.0,0.0816326530612244,,,
Trey Flowers,,NWE,4,101,2015,Arkansas,2011,2014,49.0,,,,,,,,,,,,,,DL,Arkansas,,,,,,,,,,,,,,,18.0,97.0,93.0,190.0,47.5,0.3673469387755102,,,
Bryce Petty,166.0,NYJ,4,103,2015,Baylor,2011,2014,37.0,530.0,845.0,315.0,62.7,8195.0,62.0,10.0,7.3,1.2,9.7,10.63,15.5,221.5,QB,Baylor,,,,,,,,,,,,,,,,,,,,,,,
James Sample,,JAX,4,104,2015,Louisville,2014,2014,13.0,,,,,,,,,,,,,,S,Louisville,,,,,,,,,,,,,,,,,,,,,4.0,0.0,8.0
Jamison Crowder,,WAS,4,105,2015,Duke,2011,2014,52.0,,,,,,,,,,,,,,WR,Duke,,,,,,,,,,70.0,283.0,3641.0,12.9,23.0,,,,,,,,,
Jeremy Langford,,CHI,4,106,2015,Michigan State,2013,2014,27.0,,,,,,,,,,,,,,RB,Michigan State,109.0,568.0,2944.0,5.2,40.0,39.0,5.6,1.0,8.1,,,,,,,,,,,,,,
Jeremy Langford,,CHI,4,106,2015,Michigan State,2011,2012,22.0,,,,,,,,,,,,,,DB,Michigan State,,,,,,,,,,,,,,,,,,,,,0.0,0.0,0.0
Justin Hardy,,ATL,4,107,2015,East Carolina,2011,2014,49.0,,,,,,,,,,,,,,WR,East Carolina,,,,,,,,,,92.7,387.0,4541.0,11.7,35.0,,,,,,,,,
Jalston Fowler,,OTI,4,108,2015,Alabama,2011,2014,38.0,,,,,,,,,,,,,,RB,Alabama,16.5,99.0,627.0,6.3,4.0,19.0,7.9,7.0,3.9,,,,,,,,,,,,,,
Jalston Fowler,,OTI,4,108,2015,Alabama,2010,2010,11.0,,,,,,,,,,,,,,LB,Alabama,,,,,,,,,,,,,,,0.0,2.0,0.0,2.0,0.0,0.0,,,
Clayton Geathers,,CLT,4,109,2015,UCF,2010,2014,53.0,,,,,,,,,,,,,,DB,UCF,,,,,,,,,,,,,,,,,,,,,3.0,0.0,30.0
T.J. Clemmings,,MIN,4,110,2015,Pitt,2010,2012,15.0,,,,,,,,,,,,,,DL,Pitt,,,,,,,,,,,,,,,0.0,15.0,8.0,23.0,2.0,0.0,,,
Tre' Jackson,,NWE,4,111,2015,Florida State,2014,2014,12.0,,,,,,,,,,,,,,G,Florida State,,,,,,,,,,,,,,,,,,,,,,,
Gabe Wright,,DET,4,113,2015,Auburn,2011,2014,51.0,,,,,,,,,,,,,,DL,Auburn,,,,,,,,,,,,,,,6.0,43.0,40.0,83.0,20.5,0.1176470588235294,,,
Jamil Douglas,,MIA,4,114,2015,Arizona State,2012,2014,26.0,,,,,,,,,,,,,,OL,Arizona State,,,,,,,,,,,,,,,,,,,,,,,
Ibraheim Campbell,,CLE,4,115,2015,Northwestern,2011,2014,46.0,,,,,,,,,,,,,,DB,Northwestern,,,,,,,,,,,,,,,,,,,,,10.0,0.0,12.0
Blake Bell,128.7,SFO,4,117,2015,Oklahoma,2011,2013,31.0,150.0,253.0,103.0,59.3,1763.0,12.0,6.0,4.7,2.4,7.0,6.85,11.8,56.9,QB,Oklahoma,,,,,,,,,,,,,,,,,,,,,,,
Blake Bell,,SFO,4,117,2015,Oklahoma,2014,2014,12.0,,,,,,,,,,,,,,TE,Oklahoma,,,,,,,,,,17.8,16.0,214.0,13.4,4.0,,,,,,,,,
Ramik Wilson,,KAN,4,118,2015,Georgia,2011,2014,43.0,,,,,,,,,,,,,,LB,Georgia,,,,,,,,,,,,,,,6.0,138.0,115.0,253.0,19.0,0.1395348837209302,,,
Josh Shaw,,CIN,4,120,2015,USC,2011,2012,23.0,,,,,,,,,,,,,,DB,FloridaUSC,,,,,,,,,,,,,,,,,,,,,2.0,0.0,1.0
Doran Grant,,PIT,4,121,2015,Ohio State,2011,2014,53.0,,,,,,,,,,,,,,DB,Ohio State,,,,,,,,,,,,,,,,,,,,,9.0,1.0,19.0
Za'Darius Smith,,RAV,4,122,2015,Kentucky,2013,2014,24.0,,,,,,,,,,,,,,DE,Kentucky,,,,,,,,,,,,,,,11.0,50.0,70.0,120.0,14.5,0.4583333333333333,,,
Vince Mayle,,CLE,4,123,2015,Washington State,2013,2014,23.0,,,,,,,,,,,,,,WR,Washington State,,,,,,,,,,87.9,148.0,2022.0,13.7,16.0,,,,,,,,,
Kwon Alexander,,TAM,4,124,2015,LSU,2012,2014,32.0,,,,,,,,,,,,,,LB,LSU,,,,,,,,,,,,,,,1.0,78.0,89.0,167.0,15.0,0.03125,,,
Javorius Allen,,RAV,4,125,2015,USC,2012,2014,29.0,,,,,,,,,,,,,,RB,USC,79.5,417.0,2306.0,5.5,25.0,63.0,11.3,2.0,24.5,,,,,,,,,,,,,,
Mike Davis,,SFO,4,126,2015,South Carolina,2012,2014,37.0,,,,,,,,,,,,,,RB,South Carolina,65.9,454.0,2440.0,5.4,22.0,70.0,10.8,2.0,20.4,,,,,,,,,,,,,,
Damien Wilson,,DAL,4,127,2015,Minnesota,2013,2014,25.0,,,,,,,,,,,,,,LB,Minnesota,,,,,,,,,,,,,,,5.0,108.0,87.0,195.0,16.0,0.2,,,
Jake Ryan,,GNB,4,129,2015,Michigan,2011,2014,46.0,,,,,,,,,,,,,,LB,Michigan,,,,,,,,,,,,,,,9.0,166.0,101.0,267.0,45.5,0.1956521739130435,,,
Shaquille Mason,,NWE,4,131,2015,Georgia Tech,2012,2014,28.0,,,,,,,,,,,,,,OL,Georgia Tech,,,,,,,,,,,,,,,,,,,,,,,
Deandre Smelter,,SFO,4,132,2015,Georgia Tech,2013,2014,24.0,,,,,,,,,,,,,,WR,Georgia Tech,,,,,,,,,,44.2,56.0,1060.0,18.9,11.0,,,,,,,,,
Mark Glowinski,,SEA,4,134,2015,West Virginia,2013,2013,1.0,,,,,,,,,,,,,,OL,West Virginia,,,,,,,,,,,,,,,,,,,,,,,
Marcus Hardison,,CIN,4,135,2015,Arizona State,2013,2014,17.0,,,,,,,,,,,,,,DL,Arizona State,,,,,,,,,,,,,,,11.0,37.0,21.0,58.0,16.0,0.6470588235294118,,,
Grady Jarrett,,ATL,5,137,2015,Clemson,2011,2014,48.0,,,,,,,,,,,,,,DL,Clemson,,,,,,,,,,,,,,,5.0,78.0,66.0,144.0,28.5,0.1041666666666666,,,
David Cobb,,OTI,5,138,2015,Minnesota,2011,2014,35.0,,,,,,,,,,,,,,RB,Minnesota,82.7,562.0,2893.0,5.1,20.0,34.0,10.0,0.0,9.7,,,,,,,,,,,,,,
Rashad Greene,,JAX,5,139,2015,Florida State,2011,2014,51.0,,,,,,,,,,,,,,WR,Florida State,,,,,,,,,,75.1,270.0,3830.0,14.2,29.0,,,,,,,,,
Ben Heeney,,RAI,5,140,2015,Kansas,2011,2014,46.0,,,,,,,,,,,,,,LB,Kansas,,,,,,,,,,,,,,,3.0,217.0,117.0,334.0,35.0,0.0652173913043478,,,
Martrell Spaight,,WAS,5,141,2015,Arkansas,2013,2014,20.0,,,,,,,,,,,,,,LB,Arkansas,,,,,,,,,,,,,,,2.0,77.0,73.0,150.0,11.5,0.1,,,
Adrian Amos,,CHI,5,142,2015,Penn State,2011,2014,48.0,,,,,,,,,,,,,,DB,Penn State,,,,,,,,,,,,,,,,,,,,,7.0,0.0,16.0
Bobby McCain,,MIA,5,145,2015,Memphis,2011,2014,45.0,,,,,,,,,,,,,,DB,Memphis,,,,,,,,,,,,,,,,,,,,,12.0,4.0,12.0
Stefon Diggs,,MIN,5,146,2015,Maryland,2012,2014,28.0,,,,,,,,,,,,,,WR,Maryland,,,,,,,,,,79.5,150.0,2227.0,14.8,14.0,,,,,,,,,
Brett Hundley,150.8,GNB,5,147,2015,UCLA,2012,2014,40.0,837.0,1241.0,404.0,67.4,9966.0,75.0,25.0,6.0,2.0,8.0,8.33,11.9,249.2,QB,UCLA,,,,,,,,,,,,,,,,,,,,,,,
Jay Ajayi,,MIA,5,149,2015,Boise State,2012,2014,38.0,,,,,,,,,,,,,,RB,Boise State,99.9,678.0,3796.0,5.6,50.0,73.0,10.6,5.0,20.3,,,,,,,,,,,,,,
Cedric Thompson,,MIA,5,150,2015,Minnesota,2012,2014,39.0,,,,,,,,,,,,,,DB,Minnesota,,,,,,,,,,,,,,,,,,,,,5.0,0.0,2.0
David Parry,,CLT,5,151,2015,Stanford,2011,2014,48.0,,,,,,,,,,,,,,DL,Stanford,,,,,,,,,,,,,,,6.0,41.0,48.0,89.0,16.0,0.125,,,
Tyeler Davison,,NOR,5,154,2015,Fresno State,2011,2014,52.0,,,,,,,,,,,,,,DL,Fresno State,,,,,,,,,,,,,,,14.0,95.0,65.0,160.0,27.5,0.2692307692307692,,,
Karlos Williams,,BUF,5,155,2015,Florida State,2013,2014,26.0,,,,,,,,,,,,,,RB,Florida State,54.6,241.0,1419.0,5.9,22.0,37.0,8.9,1.0,12.6,,,,,,,,,,,,,,
Karlos Williams,,BUF,5,155,2015,Florida State,2011,2012,25.0,,,,,,,,,,,,,,DB,Florida State,,,,,,,,,,,,,,,,,,,,,1.0,0.0,0.0
Tony Lippett,,MIA,5,156,2015,Michigan State,2012,2014,38.0,,,,,,,,,,,,,,WR,Michigan State,,,,,,,,,,58.0,145.0,2203.0,15.2,15.0,,,,,,,,,
Tony Lippett,,MIA,5,156,2015,Michigan State,2011,2011,14.0,,,,,,,,,,,,,,DB,Michigan State,,,,,,,,,,,,,,,,,,,,,0.0,0.0,5.0
C.J. Uzomah,,CIN,5,157,2015,Auburn,2011,2014,43.0,,,,,,,,,,,,,,TE,Auburn,,,,,,,,,,10.1,29.0,435.0,15.0,7.0,,,,,,,,,
Shaquille Riddick,,CRD,5,158,2015,West Virginia,2014,2014,13.0,,,,,,,,,,,,,,DL,West Virginia,,,,,,,,,,,,,,,7.0,24.0,3.0,27.0,11.0,0.5384615384615384,,,
Jesse James,,PIT,5,160,2015,Penn State,2012,2014,33.0,,,,,,,,,,,,,,TE,Penn State,,,,,,,,,,30.5,78.0,1005.0,12.9,11.0,,,,,,,,,
Neiron Ball,,RAI,5,161,2015,Florida,2010,2014,43.0,,,,,,,,,,,,,,LB,Florida,,,,,,,,,,,,,,,3.0,37.0,57.0,94.0,5.5,0.0697674418604651,,,
Kenny Bell,,TAM,5,162,2015,Nebraska,2011,2014,53.0,,,,,,,,,,,,,,WR,Nebraska,,,,,,,,,,50.7,181.0,2689.0,14.9,21.0,,,,,,,,,
Ryan Russell,,DAL,5,163,2015,Purdue,2011,2014,50.0,,,,,,,,,,,,,,DL,Purdue,,,,,,,,,,,,,,,10.0,101.0,48.0,149.0,25.0,0.2,,,
Lorenzo Doss,,DEN,5,164,2015,Tulane,2012,2014,37.0,,,,,,,,,,,,,,DB,Tulane,,,,,,,,,,,,,,,,,,,,,15.0,2.0,17.0
Joe Cardona,,NWE,5,166,2015,Navy,2011,2012,25.0,,,,,,,,,,,,,,OL,Navy,,,,,,,,,,,,,,,,,,,,,,,
Joe Cardona,,NWE,5,166,2015,Navy,2013,2014,17.0,,,,,,,,,,,,,,LS,Navy,,,,,,,,,,,,,,,,,,,,,0.0,0.0,0.0
Damian Swann,,NOR,5,167,2015,Georgia,2011,2014,50.0,,,,,,,,,,,,,,DB,Georgia,,,,,,,,,,,,,,,,,,,,,8.0,0.0,16.0
Michael Burton,,DET,5,168,2015,Rutgers,2011,2014,41.0,,,,,,,,,,,,,,RB,Rutgers,2.8,22.0,116.0,5.3,0.0,47.0,8.5,3.0,9.8,,,,,,,,,,,,,,
David Mayo,,CAR,5,169,2015,Texas State,2013,2014,21.0,,,,,,,,,,,,,,LB,Texas State,,,,,,,,,,,,,,,2.0,135.0,108.0,243.0,9.0,0.0952380952380952,,,
David Mayo,,CAR,5,169,2015,Texas State,2012,2012,7.0,,,,,,,,,,,,,,DB,Texas State,,,,,,,,,,,,,,,,,,,,,0.0,0.0,1.0
D.J. Alexander,,KAN,5,172,2015,Oregon State,2012,2014,33.0,,,,,,,,,,,,,,LB,Oregon State,,,,,,,,,,,,,,,6.0,105.0,78.0,183.0,20.5,0.1818181818181818,,,
Cameron Artis-Payne,,CAR,5,174,2015,Auburn,2013,2014,26.0,,,,,,,,,,,,,,RB,Auburn,85.3,394.0,2218.0,5.6,19.0,14.0,10.8,0.0,5.8,,,,,,,,,,,,,,
Keith Mumphery,,HTX,5,175,2015,Michigan State,2011,2014,52.0,,,,,,,,,,,,,,WR,Michigan State,,,,,,,,,,25.9,88.0,1348.0,15.3,7.0,,,,,,,,,
Deiontrez Mount,,OTI,6,177,2015,Louisville,2011,2014,43.0,,,,,,,,,,,,,,DL,Louisville,,,,,,,,,,,,,,,11.0,50.0,33.0,83.0,20.0,0.2558139534883721,,,
Matthew Wells,,NWE,6,178,2015,Mississippi State,2011,2011,13.0,,,,,,,,,,,,,,RB,Mississippi State,0.0,0.0,0.0,,0.0,0.0,,0.0,0.0,,,,,,,,,,,,,,
Matthew Wells,,NWE,6,178,2015,Mississippi State,2012,2014,37.0,,,,,,,,,,,,,,LB,Mississippi State,,,,,,,,,,,,,,,6.0,61.0,60.0,121.0,16.0,0.1621621621621621,,,
Max Valles,,RAI,6,179,2015,Virginia,2013,2014,20.0,,,,,,,,,,,,,,DE,Virginia,,,,,,,,,,,,,,,13.0,32.0,46.0,78.0,18.0,0.65,,,
Michael Bennett,,JAX,6,180,2015,Ohio State,2011,2014,49.0,,,,,,,,,,,,,,DL,Ohio State,,,,,,,,,,,,,,,18.0,61.0,50.0,111.0,31.5,0.3673469387755102,,,
Kyshoen Jarrett,,WAS,6,181,2015,Virginia Tech,2011,2014,53.0,,,,,,,,,,,,,,DB,Virginia Tech,,,,,,,,,,,,,,,,,,,,,5.0,0.0,7.0
Tevin Mitchel,,WAS,6,182,2015,Arkansas,2011,2014,42.0,,,,,,,,,,,,,,DB,Arkansas,,,,,,,,,,,,,,,,,,,,,4.0,1.0,14.0
Tayo Fabuluje,,CHI,6,183,2015,Texas Christian,2012,2012,13.0,,,,,,,,,,,,,,OL,Texas Christian,,,,,,,,,,,,,,,,,,,,,,,
Kaelin Clay,,TAM,6,184,2015,Utah,2014,2014,13.0,,,,,,,,,,,,,,WR,Utah,,,,,,,,,,40.2,43.0,523.0,12.2,4.0,,,,,,,,,
Tyrus Thompson,,MIN,6,185,2015,Oklahoma,2014,2014,13.0,,,,,,,,,,,,,,OL,Oklahoma,,,,,,,,,,,,,,,,,,,,,,,
Geremy Davis,,NYG,6,186,2015,Connecticut,2011,2014,47.0,,,,,,,,,,,,,,WR,Connecticut,,,,,,,,,,48.8,165.0,2292.0,13.9,7.0,,,,,,,,,
Evan Spencer,,WAS,6,187,2015,Ohio State,2011,2014,46.0,,,,,,,,,,,,,,WR,Ohio State,,,,,,,,,,12.6,52.0,579.0,11.1,7.0,,,,,,,,,
Tony Steward,,BUF,6,188,2015,Clemson,2011,2014,40.0,,,,,,,,,,,,,,LB,Clemson,,,,,,,,,,,,,,,4.0,59.0,43.0,102.0,12.5,0.1,,,
Charles Gaines,,CLE,6,189,2015,Louisville,2012,2014,32.0,,,,,,,,,,,,,,DB,Louisville,,,,,,,,,,,,,,,,,,,,,7.0,1.0,17.0
Jacorey Shepherd,,PHI,6,191,2015,Kansas,2011,2012,16.0,,,,,,,,,,,,,,WR,Kansas,,,,,,,,,,15.8,15.0,252.0,16.8,3.0,,,,,,,,,
Jacorey Shepherd,,PHI,6,191,2015,Kansas,2013,2014,24.0,,,,,,,,,,,,,,CB,Kansas,,,,,,,,,,,,,,,,,,,,,5.0,1.0,25.0
Darius Philon,,SDG,6,192,2015,Arkansas,2013,2014,25.0,,,,,,,,,,,,,,DT,Arkansas,,,,,,,,,,,,,,,7.0,46.0,46.0,92.0,20.5,0.28,,,
B.J. Dubose,,MIN,6,193,2015,Louisville,2012,2014,28.0,,,,,,,,,,,,,,DL,Louisville,,,,,,,,,,,,,,,6.0,32.0,41.0,73.0,13.0,0.2142857142857142,,,
Nick O'Leary,,BUF,6,194,2015,Florida State,2011,2014,52.0,,,,,,,,,,,,,,TE,Florida State,,,,,,,,,,30.6,114.0,1591.0,14.0,17.0,,,,,,,,,
Malcolm Johnson,,CLE,6,195,2015,Mississippi State,2011,2014,44.0,,,,,,,,,,,,,,WR,Mississippi State,,,,,,,,,,26.1,79.0,1148.0,14.5,10.0,,,,,,,,,
Randall Evans,,PHI,6,196,2015,Kansas State,2011,2014,51.0,,,,,,,,,,,,,,DB,Kansas State,,,,,,,,,,,,,,,,,,,,,7.0,0.0,21.0
Derron Smith,,CIN,6,197,2015,Fresno State,2010,2014,56.0,,,,,,,,,,,,,,DB,Fresno State,,,,,,,,,,,,,,,,,,,,,15.0,2.0,16.0
Randall Telfer,,CLE,6,198,2015,USC,2011,2014,42.0,,,,,,,,,,,,,,TE,USC,,,,,,,,,,15.4,65.0,648.0,10.0,12.0,,,,,,,,,
Leterrius Walton,,PIT,6,199,2015,Central Michigan,2011,2014,38.0,,,,,,,,,,,,,,DL,Central Michigan,,,,,,,,,,,,,,,6.0,46.0,60.0,106.0,19.5,0.1578947368421052,,,
Quandre Diggs,,DET,6,200,2015,Texas,2011,2014,52.0,,,,,,,,,,,,,,DB,Texas,,,,,,,,,,,,,,,,,,,,,11.0,0.0,27.0
Bud Sasser,,RAM,6,201,2015,Missouri,2011,2014,48.0,,,,,,,,,,,,,,WR,Missouri,,,,,,,,,,33.6,116.0,1611.0,13.9,14.0,,,,,,,,,
A.J. Derby,97.1,NWE,6,202,2015,Arkansas,2011,2013,14.0,22.0,42.0,20.0,52.4,208.0,1.0,1.0,2.4,2.4,5.0,4.36,9.5,14.9,QB,ArkansasIowa,,,,,,,,,,,,,,,,,,,,,,,
A.J. Derby,,NWE,6,202,2015,Arkansas,2014,2014,11.0,,,,,,,,,,,,,,TE,Arkansas,,,,,,,,,,27.5,22.0,303.0,13.8,3.0,,,,,,,,,
Darius Kilgo,,DEN,6,203,2015,Maryland,2011,2014,42.0,,,,,,,,,,,,,,DL,Maryland,,,,,,,,,,,,,,,5.0,74.0,51.0,125.0,19.5,0.119047619047619,,,
Darren Waller,,RAV,6,204,2015,Georgia Tech,2012,2014,35.0,,,,,,,,,,,,,,WR,Georgia Tech,,,,,,,,,,27.7,51.0,971.0,19.0,9.0,,,,,,,,,
Josh Robinson,,CLT,6,205,2015,Mississippi State,2012,2014,38.0,,,,,,,,,,,,,,RB,Mississippi State,52.6,323.0,1997.0,6.2,15.0,43.0,11.5,1.0,13.0,,,,,,,,,,,,,,
Aaron Ripkowski,,GNB,6,206,2015,Oklahoma,2013,2014,14.0,,,,,,,,,,,,,,FB,Oklahoma,0.9,6.0,13.0,2.2,3.0,8.0,5.1,2.0,2.9,,,,,,,,,,,,,,
Amarlo Herrera,,CLT,6,207,2015,Georgia,2011,2014,54.0,,,,,,,,,,,,,,LB,Georgia,,,,,,,,,,,,,,,3.0,147.0,187.0,334.0,21.0,0.0555555555555555,,,
Obum Gwacham,,SEA,6,209,2015,Oregon State,2011,2014,41.0,,,,,,,,,,,,,,WR,Oregon State,,,,,,,,,,4.0,11.0,165.0,15.0,1.0,,,,,,,,,
Christian Ringo,,GNB,6,210,2015,Louisiana,2011,2014,44.0,,,,,,,,,,,,,,DL,Louisiana,,,,,,,,,,,,,,,21.0,75.0,34.0,109.0,35.5,0.4772727272727273,,,
Reshard Cliett,,HTX,6,211,2015,South Florida,2011,2014,41.0,,,,,,,,,,,,,,LB,South Florida,,,,,,,,,,,,,,,9.0,94.0,44.0,138.0,18.0,0.2195121951219512,,,
Anthony Chickillo,,PIT,6,212,2015,Miami (FL),2011,2014,50.0,,,,,,,,,,,,,,DL,Miami (FL),,,,,,,,,,,,,,,15.0,87.0,84.0,171.0,25.0,0.3,,,
Kennard Backman,,GNB,6,213,2015,UAB,2011,2014,47.0,,,,,,,,,,,,,,TE,UAB,,,,,,,,,,20.8,96.0,979.0,10.2,9.0,,,,,,,,,
Kristjan Sokoli,,SEA,6,214,2015,Buffalo,2011,2014,46.0,,,,,,,,,,,,,,DL,Buffalo,,,,,,,,,,,,,,,2.0,39.0,56.0,95.0,15.0,0.0434782608695652,,,
Cody Wichmann,,RAM,6,215,2015,Fresno State,2014,2014,14.0,,,,,,,,,,,,,,OL,Fresno State,,,,,,,,,,,,,,,,,,,,,,,
Christian Covington,,HTX,6,216,2015,Rice,2012,2014,33.0,,,,,,,,,,,,,,DL,Rice,,,,,,,,,,,,,,,11.0,78.0,44.0,122.0,23.0,0.3333333333333333,,,
Rakeem Nunez-Roches,,KAN,6,217,2015,Southern Mississippi,2012,2014,25.0,,,,,,,,,,,,,,DL,Southern Mississippi,,,,,,,,,,,,,,,4.0,56.0,47.0,103.0,20.5,0.16,,,
Hayes Pullard,,CLE,7,219,2015,USC,2011,2014,52.0,,,,,,,,,,,,,,LB,USC,,,,,,,,,,,,,,,6.0,197.0,178.0,375.0,25.5,0.1153846153846153,,,
Andre Debose,,RAI,7,221,2015,Florida,2010,2014,42.0,,,,,,,,,,,,,,WR,Florida,,,,,,,,,,12.9,30.0,540.0,18.0,4.0,,,,,,,,,
Austin Reiter,,WAS,7,222,2015,South Florida,2012,2012,12.0,,,,,,,,,,,,,,OL,South Florida,,,,,,,,,,,,,,,,,,,,,,,
Bryce Hager,,RAM,7,224,2015,Baylor,2011,2014,48.0,,,,,,,,,,,,,,LB,Baylor,,,,,,,,,,,,,,,7.0,202.0,120.0,322.0,24.0,0.1458333333333333,,,
Martin Ifedi,,RAM,7,227,2015,Memphis,2011,2014,45.0,,,,,,,,,,,,,,DL,Memphis,,,,,,,,,,,,,,,20.0,78.0,62.0,140.0,36.0,0.4444444444444444,,,
Ben Koyack,,JAX,7,229,2015,Notre Dame,2011,2014,42.0,,,,,,,,,,,,,,TE,Notre Dame,,,,,,,,,,12.7,44.0,532.0,12.1,5.0,,,,,,,,,
Marcus Murphy,,NOR,7,230,2015,Missouri,2010,2014,52.0,,,,,,,,,,,,,,RB,Missouri,37.6,337.0,1957.0,5.8,16.0,50.0,6.4,2.0,6.1,,,,,,,,,,,,,,
Joey Iosefa,,TAM,7,231,2015,Hawaii,2011,2014,32.0,,,,,,,,,,,,,,RB,Hawaii,69.3,512.0,2218.0,4.3,21.0,60.0,7.3,3.0,13.7,,,,,,,,,,,,,,
Da'Ron Brown,,KAN,7,233,2015,Northern Illinois,2011,2014,54.0,,,,,,,,,,,,,,WR,Northern Illinois,,,,,,,,,,22.8,87.0,1230.0,14.1,13.0,,,,,,,,,
Kenny Hilliard,,HTX,7,235,2015,LSU,2011,2014,48.0,,,,,,,,,,,,,,RB,LSU,32.4,302.0,1557.0,5.2,27.0,11.0,6.3,1.0,1.4,,,,,,,,,,,,,,
Mark Nzeocha,,DAL,7,236,2015,Wyoming,2011,2014,24.0,,,,,,,,,,,,,,LB,Wyoming,,,,,,,,,,,,,,,3.0,80.0,50.0,130.0,10.0,0.125,,,
Mark Nzeocha,,DAL,7,236,2015,Wyoming,2012,2012,11.0,,,,,,,,,,,,,,DB,Wyoming,,,,,,,,,,,,,,,,,,,,,0.0,0.0,0.0
Brian Mihalik,,PHI,7,237,2015,Boston College,2011,2014,42.0,,,,,,,,,,,,,,DL,Boston College,,,,,,,,,,,,,,,8.0,42.0,43.0,85.0,16.0,0.1904761904761904,,,
Mario Alford,,CIN,7,238,2015,West Virginia,2013,2014,22.0,,,,,,,,,,,,,,WR,West Virginia,,,,,,,,,,68.0,92.0,1497.0,16.3,13.0,,,,,,,,,
Gerod Holliman,,PIT,7,239,2015,Louisville,2012,2014,27.0,,,,,,,,,,,,,,DB,Louisville,,,,,,,,,,,,,,,,,,,,,14.0,1.0,6.0
Corey Robinson,,DET,7,240,2015,South Carolina,2012,2012,12.0,,,,,,,,,,,,,,DL,South Carolina,,,,,,,,,,,,,,,0.0,1.0,0.0,1.0,0.0,0.0,,,
Ifo Ekpre-Olomu,,CLE,7,241,2015,Oregon,2011,2014,53.0,,,,,,,,,,,,,,DB,Oregon,,,,,,,,,,,,,,,,,,,,,9.0,1.0,23.0
Dexter McDonald,,RAI,7,242,2015,Kansas,2011,2014,30.0,,,,,,,,,,,,,,DB,Kansas,,,,,,,,,,,,,,,,,,,,,4.0,0.0,23.0
Trenton Brown,,SFO,7,244,2015,Florida,2013,2014,12.0,,,,,,,,,,,,,,OL,Florida,,,,,,,,,,,,,,,,,,,,,,,
Geoff Swaim,,DAL,7,246,2015,Texas,2013,2014,16.0,,,,,,,,,,,,,,TE,Texas,,,,,,,,,,5.3,13.0,84.0,6.5,1.0,,,,,,,,,
Darryl Roberts,,NWE,7,247,2015,Marshall,2010,2014,50.0,,,,,,,,,,,,,,DB,Marshall,,,,,,,,,,,,,,,,,,,,,5.0,0.0,32.0
Ryan Murphy,,SEA,7,248,2015,Oregon State,2011,2014,50.0,,,,,,,,,,,,,,DB,Oregon State,,,,,,,,,,,,,,,,,,,,,7.0,1.0,11.0
Akeem King,,ATL,7,249,2015,San Jose State,2013,2014,20.0,,,,,,,,,,,,,,CB,San Jose State,,,,,,,,,,,,,,,,,,,,,0.0,0.0,4.0
Trevor Siemian,116.6,DEN,7,250,2015,Northwestern,2011,2014,44.0,550.0,934.0,384.0,58.9,5931.0,27.0,24.0,2.9,2.6,6.4,5.77,10.8,134.8,QB,Northwestern,,,,,,,,,,,,,,,,,,,,,,,
Taurean Nixon,,DEN,7,251,2015,Tulane,2013,2014,17.0,,,,,,,,,,,,,,CB,Tulane,,,,,,,,,,,,,,,,,,,,,1.0,0.0,5.0
Josh Furman,,DEN,7,252,2015,Oklahoma State,2014,2014,13.0,,,,,,,,,,,,,,LB,Oklahoma State,,,,,,,,,,,,,,,7.0,47.0,17.0,64.0,14.0,0.5384615384615384,,,
Josh Furman,,DEN,7,252,2015,Oklahoma State,2011,2013,27.0,,,,,,,,,,,,,,DB,Michigan,,,,,,,,,,,,,,,,,,,,,0.0,0.0,1.0
Xzavier Dickson,,NWE,7,253,2015,Alabama,2011,2014,45.0,,,,,,,,,,,,,,DL,Alabama,,,,,,,,,,,,,,,14.0,52.0,39.0,91.0,21.0,0.3111111111111111,,,
Rory Anderson,,SFO,7,254,2015,South Carolina,2011,2014,45.0,,,,,,,,,,,,,,TE,South Carolina,,,,,,,,,,21.2,61.0,954.0,15.6,9.0,,,,,,,,,
Gerald Christian,,CRD,7,256,2015,Louisville,2011,2014,32.0,,,,,,,,,,,,,,TE,FloridaLouisville,,,,,,,,,,27.6,64.0,882.0,13.8,10.0,,,,,,,,,
Jared Goff,144.0,RAM,1,1,2016,California,2013,2015,37.0,977.0,1569.0,592.0,62.3,12200.0,96.0,30.0,6.1,1.9,7.8,8.14,12.5,329.7,QB,California,,,,,,,,,,,,,,,,,,,,,,,
Joey Bosa,,SDG,1,3,2016,Ohio State,2013,2015,38.0,,,,,,,,,,,,,,DL,Ohio State,,,,,,,,,,,,,,,26.0,101.0,47.0,148.0,50.5,0.6842105263157895,,,
Ezekiel Elliott,,DAL,1,4,2016,Ohio State,2013,2015,35.0,,,,,,,,,,,,,,RB,Ohio State,113.2,592.0,3961.0,6.7,43.0,58.0,7.7,1.0,12.8,,,,,,,,,,,,,,
Jalen Ramsey,,JAX,1,5,2016,Florida State,2013,2015,41.0,,,,,,,,,,,,,,DB,Florida State,,,,,,,,,,,,,,,,,,,,,3.0,0.0,23.0
Ronnie Stanley,,RAV,1,6,2016,Notre Dame,2013,2015,14.0,,,,,,,,,,,,,,T,Notre Dame,,,,,,,,,,,,,,,,,,,,,,,
Deforest Buckner,,SFO,1,7,2016,Oregon,2012,2015,53.0,,,,,,,,,,,,,,DL,Oregon,,,,,,,,,,,,,,,18.0,109.0,122.0,231.0,35.5,0.3396226415094339,,,
Jack Conklin,,OTI,1,8,2016,Michigan State,2014,2015,25.0,,,,,,,,,,,,,,T,Michigan State,,,,,,,,,,,,,,,,,,,,,,,
Leonard Floyd,,CHI,1,9,2016,Georgia,2013,2015,38.0,,,,,,,,,,,,,,LB,Georgia,,,,,,,,,,,,,,,17.0,92.0,92.0,184.0,28.5,0.4473684210526316,,,
Eli Apple,,NYG,1,10,2016,Ohio State,2014,2015,28.0,,,,,,,,,,,,,,CB,Ohio State,,,,,,,,,,,,,,,,,,,,,4.0,0.0,18.0
Vernon Hargreaves III,,TAM,1,11,2016,Florida,2013,2015,37.0,,,,,,,,,,,,,,DB,Florida,,,,,,,,,,,,,,,,,,,,,10.0,0.0,27.0
Sheldon Rankins,,NOR,1,12,2016,Louisville,2012,2015,45.0,,,,,,,,,,,,,,DL,Louisville,,,,,,,,,,,,,,,19.0,73.0,61.0,134.0,32.5,0.4222222222222222,,,
Laremy Tunsil,,MIA,1,13,2016,Ole Miss,2015,2015,6.0,,,,,,,,,,,,,,OL,Ole Miss,,,,,,,,,,,,,,,,,,,,,,,
Karl Joseph,,RAI,1,14,2016,West Virginia,2012,2015,42.0,,,,,,,,,,,,,,DB,West Virginia,,,,,,,,,,,,,,,,,,,,,9.0,0.0,8.0
Corey Coleman,,CLE,1,15,2016,Baylor,2013,2015,34.0,,,,,,,,,,,,,,WR,Baylor,,,,,,,,,,88.5,173.0,3009.0,17.4,33.0,,,,,,,,,
Taylor Decker,,DET,1,16,2016,Ohio State,2014,2015,28.0,,,,,,,,,,,,,,OL,Ohio State,,,,,,,,,,,,,,,,,,,,,,,
Keanu Neal,,ATL,1,17,2016,Florida,2013,2015,26.0,,,,,,,,,,,,,,DB,Florida,,,,,,,,,,,,,,,,,,,,,4.0,0.0,5.0
Ryan Kelly,,CLT,1,18,2016,Alabama,2015,2015,15.0,,,,,,,,,,,,,,OL,Alabama,,,,,,,,,,,,,,,,,,,,,,,
Shaq Lawson,,BUF,1,19,2016,Clemson,2013,2015,41.0,,,,,,,,,,,,,,DE,Clemson,,,,,,,,,,,,,,,20.0,68.0,57.0,125.0,46.5,0.4878048780487805,,,
Darron Lee,,NYJ,1,20,2016,Ohio State,2014,2015,28.0,,,,,,,,,,,,,,LB,Ohio State,,,,,,,,,,,,,,,12.0,90.0,57.0,147.0,27.5,0.4285714285714285,,,
William Fuller,,HTX,1,21,2016,Notre Dame,2013,2015,32.0,,,,,,,,,,,,,,WR,Notre Dame,,,,,,,,,,78.5,144.0,2512.0,17.4,30.0,,,,,,,,,
Josh Doctson,,WAS,1,22,2016,Texas Christian,2011,2015,46.0,,,,,,,,,,,,,,WR,Texas ChristianWyoming,,,,,,,,,,69.1,215.0,3178.0,14.8,34.0,,,,,,,,,
Laquon Treadwell,,MIN,1,23,2016,Ole Miss,2013,2015,35.0,,,,,,,,,,,,,,WR,Ole Miss,,,,,,,,,,68.4,202.0,2393.0,11.8,21.0,,,,,,,,,
William Jackson III,,CIN,1,24,2016,Houston,2015,2015,13.0,,,,,,,,,,,,,,CB,Houston,,,,,,,,,,,,,,,,,,,,,5.0,2.0,23.0
Artie Burns,,PIT,1,25,2016,Miami (FL),2013,2015,35.0,,,,,,,,,,,,,,DB,Miami (FL),,,,,,,,,,,,,,,,,,,,,7.0,0.0,14.0
Paxton Lynch,137.0,DEN,1,26,2016,Memphis,2013,2015,38.0,758.0,1205.0,447.0,62.9,8863.0,59.0,23.0,4.9,1.9,7.4,7.48,11.7,233.2,QB,Memphis,,,,,,,,,,,,,,,,,,,,,,,
Kenneth Clark,,GNB,1,27,2016,UCLA,2013,2015,37.0,,,,,,,,,,,,,,DT,UCLA,,,,,,,,,,,,,,,7.0,91.0,64.0,155.0,20.0,0.1891891891891892,,,
Joshua Garnett,,SFO,1,28,2016,Stanford,2014,2015,27.0,,,,,,,,,,,,,,OL,Stanford,,,,,,,,,,,,,,,,,,,,,,,
Robert Nkemdiche,,CRD,1,29,2016,Ole Miss,2013,2015,33.0,,,,,,,,,,,,,,DE,Ole Miss,,,,,,,,,,,,,,,6.0,44.0,48.0,92.0,17.0,0.1818181818181818,,,
Vernon Butler,,CAR,1,30,2016,Louisiana Tech,2012,2015,48.0,,,,,,,,,,,,,,DL,Louisiana Tech,,,,,,,,,,,,,,,5.0,87.0,82.0,169.0,29.0,0.1041666666666666,,,
Germain Ifedi,,SEA,1,31,2016,Texas A&M,2015,2015,13.0,,,,,,,,,,,,,,OL,Texas A&M,,,,,,,,,,,,,,,,,,,,,,,
Emmanuel Ogbah,,CLE,2,32,2016,Oklahoma State,2013,2015,39.0,,,,,,,,,,,,,,DE,Oklahoma State,,,,,,,,,,,,,,,28.0,96.0,37.0,133.0,40.5,0.717948717948718,,,
Kevin Dodd,,OTI,2,33,2016,Clemson,2012,2015,35.0,,,,,,,,,,,,,,DL,Clemson,,,,,,,,,,,,,,,12.0,53.0,29.0,82.0,26.0,0.3428571428571428,,,
Jaylon Smith,,DAL,2,34,2016,Notre Dame,2013,2015,38.0,,,,,,,,,,,,,,LB,Notre Dame,,,,,,,,,,,,,,,4.0,169.0,115.0,284.0,23.5,0.1052631578947368,,,
Hunter Henry,,SDG,2,35,2016,Arkansas,2013,2015,36.0,,,,,,,,,,,,,,TE,Arkansas,,,,,,,,,,46.1,116.0,1661.0,14.3,9.0,,,,,,,,,
Myles Jack,,JAX,2,36,2016,UCLA,2013,2015,29.0,,,,,,,,,,,,,,LB,UCLA,,,,,,,,,,,,,,,1.0,117.0,61.0,178.0,15.0,0.0344827586206896,,,
Chris Jones,,KAN,2,37,2016,Mississippi State,2013,2015,39.0,,,,,,,,,,,,,,DL,Mississippi State,,,,,,,,,,,,,,,8.0,42.0,60.0,102.0,18.0,0.2051282051282051,,,
Xavien Howard,,MIA,2,38,2016,Baylor,2013,2015,29.0,,,,,,,,,,,,,,DB,Baylor,,,,,,,,,,,,,,,,,,,,,10.0,0.0,23.0
Noah Spence,,TAM,2,39,2016,,2012,2013,24.0,,,,,,,,,,,,,,DL,Ohio State,,,,,,,,,,,,,,,8.0,31.0,31.0,62.0,15.0,0.3333333333333333,,,
Sterling Shepard,,NYG,2,40,2016,Oklahoma,2012,2015,50.0,,,,,,,,,,,,,,WR,Oklahoma,,,,,,,,,,69.6,233.0,3482.0,14.9,26.0,,,,,,,,,
Reggie Ragland,,BUF,2,41,2016,Alabama,2012,2015,50.0,,,,,,,,,,,,,,LB,Alabama,,,,,,,,,,,,,,,4.0,116.0,106.0,222.0,17.5,0.08,,,
Kamalei Correa,,RAV,2,42,2016,Boise State,2013,2015,37.0,,,,,,,,,,,,,,DE,Boise State,,,,,,,,,,,,,,,20.0,69.0,41.0,110.0,31.5,0.5405405405405406,,,
Austin Johnson,,OTI,2,43,2016,Penn State,2013,2015,36.0,,,,,,,,,,,,,,DT,Penn State,,,,,,,,,,,,,,,8.0,63.0,91.0,154.0,24.0,0.2222222222222222,,,
Jihad Ward,,RAI,2,44,2016,Illinois,2014,2015,25.0,,,,,,,,,,,,,,DL,Illinois,,,,,,,,,,,,,,,4.0,45.0,59.0,104.0,12.0,0.16,,,
Derrick Henry,,OTI,2,45,2016,Alabama,2013,2015,39.0,,,,,,,,,,,,,,RB,Alabama,92.1,602.0,3591.0,6.0,42.0,17.0,16.8,3.0,7.3,,,,,,,,,,,,,,
A'Shawn Robinson,,DET,2,46,2016,Alabama,2013,2015,41.0,,,,,,,,,,,,,,DL,Alabama,,,,,,,,,,,,,,,9.0,51.0,82.0,133.0,22.0,0.2195121951219512,,,
Michael Thomas,,NOR,2,47,2016,Ohio State,2012,2015,39.0,,,,,,,,,,,,,,WR,Ohio State,,,,,,,,,,41.1,113.0,1602.0,14.2,18.0,,,,,,,,,
Jason Spriggs,,GNB,2,48,2016,Indiana,2012,2015,26.0,,,,,,,,,,,,,,OL,Indiana,,,,,,,,,,,,,,,,,,,,,,,
Jarran Reed,,SEA,2,49,2016,Alabama,2014,2015,29.0,,,,,,,,,,,,,,DL,Alabama,,,,,,,,,,,,,,,2.0,39.0,73.0,112.0,11.0,0.0689655172413793,,,
Nick Martin,,HTX,2,50,2016,Notre Dame,2014,2015,26.0,,,,,,,,,,,,,,C,Notre Dame,,,,,,,,,,,,,,,,,,,,,,,
Christian Hackenberg,121.4,NYJ,2,51,2016,Penn State,2013,2015,38.0,693.0,1235.0,542.0,56.1,8457.0,48.0,31.0,3.9,2.5,6.8,6.5,12.2,222.6,QB,Penn State,,,,,,,,,,,,,,,,,,,,,,,
Deion Jones,,ATL,2,52,2016,LSU,2012,2015,45.0,,,,,,,,,,,,,,LB,LSU,,,,,,,,,,,,,,,5.0,80.0,85.0,165.0,21.0,0.1111111111111111,,,
Su'A Cravens,,WAS,2,53,2016,USC,2013,2015,40.0,,,,,,,,,,,,,,S,USC,,,,,,,,,,,,,,,,,,,,,9.0,1.0,16.0
Mackensie Alexander,,MIN,2,54,2016,Clemson,2014,2015,27.0,,,,,,,,,,,,,,CB,Clemson,,,,,,,,,,,,,,,,,,,,,0.0,0.0,11.0
Tyler Boyd,,CIN,2,55,2016,Pitt,2013,2015,38.0,,,,,,,,,,,,,,WR,Pitt,,,,,,,,,,88.4,254.0,3361.0,13.2,21.0,,,,,,,,,
Cody Whitehair,,CHI,2,56,2016,Kansas State,2014,2015,26.0,,,,,,,,,,,,,,OL,Kansas State,,,,,,,,,,,,,,,,,,,,,,,
T.J. Green,,CLT,2,57,2016,Clemson,2013,2015,31.0,,,,,,,,,,,,,,S,Clemson,,,,,,,,,,,,,,,,,,,,,1.0,0.0,3.0
Sean Davis,,PIT,2,58,2016,Maryland,2012,2015,50.0,,,,,,,,,,,,,,DB,Maryland,,,,,,,,,,,,,,,,,,,,,5.0,0.0,14.0
Vonn Bell,,NOR,2,61,2016,Ohio State,2013,2015,36.0,,,,,,,,,,,,,,DB,Ohio State,,,,,,,,,,,,,,,,,,,,,9.0,1.0,15.0
James Bradberry,,CAR,2,62,2016,,2011,2011,1.0,,,,,,,,,,,,,,DB,Arkansas State,,,,,,,,,,,,,,,,,,,,,0.0,0.0,0.0
Adam Gotsis,,DEN,2,63,2016,Georgia Tech,2013,2015,36.0,,,,,,,,,,,,,,DL,Georgia Tech,,,,,,,,,,,,,,,11.0,67.0,38.0,105.0,26.0,0.3055555555555556,,,
Kevin Byard,,OTI,3,64,2016,Middle Tennessee State,2012,2015,49.0,,,,,,,,,,,,,,DB,Middle Tennessee State,,,,,,,,,,,,,,,,,,,,,19.0,4.0,15.0
Carl Nassib,,CLE,3,65,2016,Penn State,2013,2015,32.0,,,,,,,,,,,,,,DE,Penn State,,,,,,,,,,,,,,,17.0,46.0,19.0,65.0,25.0,0.53125,,,
Max Tuerk,,SDG,3,66,2016,USC,2013,2015,6.0,,,,,,,,,,,,,,T,USC,,,,,,,,,,,,,,,,,,,,,,,
Maliek Collins,,DAL,3,67,2016,Nebraska,2013,2015,32.0,,,,,,,,,,,,,,DT,Nebraska,,,,,,,,,,,,,,,8.0,37.0,49.0,86.0,18.0,0.25,,,
Will Redmond,,SFO,3,68,2016,Mississippi State,2013,2015,27.0,,,,,,,,,,,,,,DB,Mississippi State,,,,,,,,,,,,,,,,,,,,,5.0,0.0,8.0
Yannick Ngakoue,,JAX,3,69,2016,Maryland,2013,2015,30.0,,,,,,,,,,,,,,LB,Maryland,,,,,,,,,,,,,,,21.0,57.0,27.0,84.0,32.5,0.7,,,
Bronson Kaufusi,,RAV,3,70,2016,BYU,2012,2015,50.0,,,,,,,,,,,,,,DL,BYU,,,,,,,,,,,,,,,26.0,110.0,61.0,171.0,44.0,0.52,,,
Darian Thompson,,NYG,3,71,2016,Boise State,2012,2015,47.0,,,,,,,,,,,,,,DB,Boise State,,,,,,,,,,,,,,,,,,,,,19.0,1.0,6.0
Jonathan Bullard,,CHI,3,72,2016,Florida,2012,2015,50.0,,,,,,,,,,,,,,DL,Florida,,,,,,,,,,,,,,,12.0,91.0,87.0,178.0,33.5,0.24,,,
Kenyan Drake,,MIA,3,73,2016,Alabama,2012,2015,41.0,,,,,,,,,,,,,,RB,Alabama,36.5,233.0,1495.0,6.4,18.0,46.0,12.4,4.0,13.9,,,,,,,,,,,,,,
Keivarae Russell,,KAN,3,74,2016,Notre Dame,2012,2015,36.0,,,,,,,,,,,,,,DB,Notre Dame,,,,,,,,,,,,,,,,,,,,,5.0,0.0,12.0
Shilique Calhoun,,RAI,3,75,2016,Michigan State,2012,2015,54.0,,,,,,,,,,,,,,DL,Michigan State,,,,,,,,,,,,,,,27.0,74.0,57.0,131.0,44.0,0.5,,,
Shon Coleman,,CLE,3,76,2016,Auburn,2015,2015,12.0,,,,,,,,,,,,,,OL,Auburn,,,,,,,,,,,,,,,,,,,,,,,
Daryl Worley,,CAR,3,77,2016,West Virginia,2013,2015,34.0,,,,,,,,,,,,,,CB,West Virginia,,,,,,,,,,,,,,,,,,,,,10.0,0.0,21.0
Joe Thuney,,NWE,3,78,2016,North Carolina State,2013,2015,14.0,,,,,,,,,,,,,,C,North Carolina State,,,,,,,,,,,,,,,,,,,,,,,
Isaac Seumalo,,PHI,3,79,2016,Oregon State,2012,2015,27.0,,,,,,,,,,,,,,OL,Oregon State,,,,,,,,,,,,,,,,,,,,,,,
Adolphus Washington,,BUF,3,80,2016,Ohio State,2012,2015,48.0,,,,,,,,,,,,,,DL,Ohio State,,,,,,,,,,,,,,,13.0,71.0,71.0,142.0,25.0,0.2708333333333333,,,
Austin Hooper,,ATL,3,81,2016,Stanford,2014,2015,27.0,,,,,,,,,,,,,,TE,Stanford,,,,,,,,,,34.7,74.0,937.0,12.7,8.0,,,,,,,,,
Le'Raven Clark,,CLT,3,82,2016,Texas Tech,2012,2015,27.0,,,,,,,,,,,,,,OL,Texas Tech,,,,,,,,,,,,,,,,,,,,,,,
Jordan Jenkins,,NYJ,3,83,2016,Georgia,2012,2015,52.0,,,,,,,,,,,,,,LB,Georgia,,,,,,,,,,,,,,,19.0,108.0,97.0,205.0,40.0,0.3653846153846153,,,
Kendall Fuller,,WAS,3,84,2016,Virginia Tech,2013,2015,29.0,,,,,,,,,,,,,,CB,Virginia Tech,,,,,,,,,,,,,,,,,,,,,8.0,1.0,27.0
Braxton Miller,146.7,HTX,3,85,2016,Ohio State,2011,2014,37.0,395.0,666.0,271.0,59.3,5292.0,52.0,17.0,7.8,2.6,7.9,8.36,13.4,143.0,QB,Ohio State,,,,,,,,,,,,,,,,,,,,,,,
Braxton Miller,,HTX,3,85,2016,Ohio State,2015,2015,13.0,,,,,,,,,,,,,,WR,Ohio State,,,,,,,,,,26.2,26.0,341.0,13.1,3.0,,,,,,,,,
Leonte Carroo,,MIA,3,86,2016,Rutgers,2012,2015,41.0,,,,,,,,,,,,,,WR,Rutgers,,,,,,,,,,57.9,122.0,2373.0,19.5,29.0,,,,,,,,,
Nick Vigil,,CIN,3,87,2016,Utah State,2013,2015,40.0,,,,,,,,,,,,,,LB,Utah State,,,,,,,,,,,,,,,18.0,161.0,175.0,336.0,41.5,0.45,,,
Kyler Fackrell,,GNB,3,88,2016,Utah State,2012,2015,41.0,,,,,,,,,,,,,,LB,Utah State,,,,,,,,,,,,,,,12.0,104.0,149.0,253.0,36.0,0.2926829268292683,,,
C.J. Prosise,,SEA,3,90,2016,Notre Dame,2015,2015,11.0,,,,,,,,,,,,,,RB,Notre Dame,93.8,156.0,1032.0,6.6,11.0,26.0,11.8,1.0,28.0,,,,,,,,,,,,,,
C.J. Prosise,,SEA,3,90,2016,Notre Dame,2013,2014,22.0,,,,,,,,,,,,,,WR,Notre Dame,,,,,,,,,,26.7,36.0,588.0,16.3,2.0,,,,,,,,,
Jacoby Brissett,131.3,NWE,3,91,2016,North Carolina State,2011,2015,39.0,499.0,839.0,340.0,59.5,5723.0,46.0,15.0,5.5,1.8,6.8,7.11,11.5,146.7,QB,FloridaNorth Carolina State,,,,,,,,,,,,,,,,,,,,,,,
Brandon Williams,,CRD,3,92,2016,Texas A&M,2011,2015,43.0,,,,,,,,,,,,,,RB,OklahomaTexas A&M,20.2,178.0,870.0,4.9,4.0,15.0,5.7,1.0,2.0,,,,,,,,,,,,,,
Cody Kessler,156.4,CLE,3,93,2016,USC,2012,2015,51.0,851.0,1261.0,410.0,67.5,10339.0,88.0,19.0,7.0,1.5,8.2,8.92,12.1,202.7,QB,USC,,,,,,,,,,,,,,,,,,,,,,,
Nick Vannett,,SEA,3,94,2016,Ohio State,2012,2015,44.0,,,,,,,,,,,,,,TE,Ohio State,,,,,,,,,,13.3,55.0,585.0,10.6,6.0,,,,,,,,,
Graham Glasgow,,DET,3,95,2016,Michigan,2013,2015,23.0,,,,,,,,,,,,,,OL,Michigan,,,,,,,,,,,,,,,,,,,,,,,
Vincent Valentine,,NWE,3,96,2016,Nebraska,2013,2015,33.0,,,,,,,,,,,,,,DT,Nebraska,,,,,,,,,,,,,,,7.0,36.0,40.0,76.0,14.0,0.2121212121212121,,,
Rees Odhiambo,,SEA,3,97,2016,Boise State,2015,2015,8.0,,,,,,,,,,,,,,OL,Boise State,,,,,,,,,,,,,,,,,,,,,,,
Justin Simmons,,DEN,3,98,2016,Boston College,2012,2015,45.0,,,,,,,,,,,,,,DB,Boston College,,,,,,,,,,,,,,,,,,,,,8.0,0.0,10.0
Joe Schobert,,CLE,4,99,2016,Wisconsin,2013,2015,37.0,,,,,,,,,,,,,,LB,Wisconsin,,,,,,,,,,,,,,,13.0,95.0,77.0,172.0,35.5,0.3513513513513513,,,
Connor Cook,139.8,RAI,4,100,2016,Michigan State,2012,2015,43.0,673.0,1170.0,497.0,57.5,9194.0,71.0,22.0,6.1,1.9,7.9,8.23,13.7,213.8,QB,Michigan State,,,,,,,,,,,,,,,,,,,,,,,
Charles Tapper,,DAL,4,101,2016,Oklahoma,2012,2015,44.0,,,,,,,,,,,,,,DL,Oklahoma,,,,,,,,,,,,,,,15.0,68.0,69.0,137.0,26.5,0.3409090909090909,,,
Joshua Perry,,SDG,4,102,2016,Ohio State,2012,2015,46.0,,,,,,,,,,,,,,LB,Ohio State,,,,,,,,,,,,,,,7.0,169.0,127.0,296.0,18.0,0.1521739130434782,,,
Sheldon Day,,JAX,4,103,2016,Notre Dame,2012,2015,47.0,,,,,,,,,,,,,,DL,Notre Dame,,,,,,,,,,,,,,,7.0,91.0,50.0,141.0,32.0,0.1489361702127659,,,
Tavon Young,,RAV,4,104,2016,Temple,2012,2015,47.0,,,,,,,,,,,,,,DB,Temple,,,,,,,,,,,,,,,,,,,,,7.0,1.0,21.0
Parker Ehinger,,KAN,4,105,2016,Cincinnati,2015,2015,12.0,,,,,,,,,,,,,,OL,Cincinnati,,,,,,,,,,,,,,,,,,,,,,,
Eric Murray,,KAN,4,106,2016,Minnesota,2012,2015,51.0,,,,,,,,,,,,,,DB,Minnesota,,,,,,,,,,,,,,,,,,,,,2.0,0.0,24.0
Chris Moore,,RAV,4,107,2016,Cincinnati,2012,2015,50.0,,,,,,,,,,,,,,WR,Cincinnati,,,,,,,,,,46.0,119.0,2301.0,19.3,26.0,,,,,,,,,
B.J. Goodson,,NYG,4,109,2016,Clemson,2012,2015,42.0,,,,,,,,,,,,,,LB,Clemson,,,,,,,,,,,,,,,6.0,77.0,60.0,137.0,17.5,0.1428571428571428,,,
Tyler Higbee,,RAM,4,110,2016,Western Kentucky,2011,2015,36.0,,,,,,,,,,,,,,WR,Western Kentucky,,,,,,,,,,29.3,68.0,1054.0,15.5,14.0,,,,,,,,,
Malcolm Mitchell,,NWE,4,112,2016,Georgia,2011,2015,46.0,,,,,,,,,,,,,,WR,Georgia,,,,,,,,,,51.1,174.0,2350.0,13.5,16.0,,,,,,,,,
Nick Kwiatkoski,,CHI,4,113,2016,West Virginia,2013,2015,36.0,,,,,,,,,,,,,,LB,West Virginia,,,,,,,,,,,,,,,6.0,187.0,87.0,274.0,29.5,0.1666666666666666,,,
Nick Kwiatkoski,,CHI,4,113,2016,West Virginia,2012,2012,12.0,,,,,,,,,,,,,,DB,West Virginia,,,,,,,,,,,,,,,,,,,,,0.0,0.0,3.0
Ricardo Louis,,CLE,4,114,2016,Auburn,2012,2015,50.0,,,,,,,,,,,,,,WR,Auburn,,,,,,,,,,26.8,98.0,1338.0,13.7,8.0,,,,,,,,,
De'Vondre Campbell,,ATL,4,115,2016,Minnesota,2013,2015,36.0,,,,,,,,,,,,,,LB,Minnesota,,,,,,,,,,,,,,,6.0,127.0,79.0,206.0,16.0,0.1666666666666666,,,
Hassan Ridgeway,,CLT,4,116,2016,Texas,2013,2015,30.0,,,,,,,,,,,,,,DT,Texas,,,,,,,,,,,,,,,9.0,62.0,38.0,100.0,17.0,0.3,,,
Pharoh Cooper,,RAM,4,117,2016,South Carolina,2014,2015,25.0,,,,,,,,,,,,,,WR,South Carolina,,,,,,,,,,84.4,135.0,2109.0,15.6,17.0,,,,,,,,,
Pharoh Cooper,,RAM,4,117,2016,South Carolina,2013,2013,9.0,,,,,,,,,,,,,,CB,South Carolina,,,,,,,,,,,,,,,,,,,,,0.0,0.0,0.0
Juston Burris,,NYJ,4,118,2016,North Carolina State,2013,2015,38.0,,,,,,,,,,,,,,CB,North Carolina State,,,,,,,,,,,,,,,,,,,,,3.0,0.0,18.0
Tyler Ervin,,HTX,4,119,2016,San Jose State,2011,2015,38.0,,,,,,,,,,,,,,RB,San Jose State,68.4,483.0,2598.0,5.4,18.0,77.0,8.5,3.0,17.3,,,,,,,,,,,,,,
Tyler Ervin,,HTX,4,119,2016,San Jose State,2012,2012,9.0,,,,,,,,,,,,,,DB,San Jose State,,,,,,,,,,,,,,,,,,,,,0.0,0.0,0.0
Willie Beavers,,MIN,4,121,2016,Western Michigan,2013,2015,15.0,,,,,,,,,,,,,,OL,Western Michigan,,,,,,,,,,,,,,,,,,,,,,,
Andrew Billings,,CIN,4,122,2016,Baylor,2013,2015,36.0,,,,,,,,,,,,,,DL,Baylor,,,,,,,,,,,,,,,8.0,74.0,32.0,106.0,29.5,0.2222222222222222,,,
Jerald Hawkins,,PIT,4,123,2016,LSU,2015,2015,11.0,,,,,,,,,,,,,,T,LSU,,,,,,,,,,,,,,,,,,,,,,,
Deon Bush,,CHI,4,124,2016,Miami (FL),2012,2015,45.0,,,,,,,,,,,,,,DB,Miami (FL),,,,,,,,,,,,,,,,,,,,,4.0,0.0,13.0
Antonio Morrison,,CLT,4,125,2016,Florida,2012,2015,47.0,,,,,,,,,,,,,,LB,Florida,,,,,,,,,,,,,,,4.0,130.0,164.0,294.0,21.0,0.0851063829787234,,,
Demarcus Robinson,,KAN,4,126,2016,Florida,2013,2015,29.0,,,,,,,,,,,,,,WR,Florida,,,,,,,,,,47.1,107.0,1366.0,12.8,9.0,,,,,,,,,
Evan Boehm,,CRD,4,128,2016,Missouri,2012,2015,24.0,,,,,,,,,,,,,,OL,Missouri,,,,,,,,,,,,,,,,,,,,,,,
Derrick Kindred,,CLE,4,129,2016,Texas Christian,2012,2015,50.0,,,,,,,,,,,,,,DB,Texas Christian,,,,,,,,,,,,,,,,,,,,,8.0,2.0,15.0
Alex Lewis,,RAV,4,130,2016,Nebraska,2012,2015,25.0,,,,,,,,,,,,,,OL,ColoradoNebraska,,,,,,,,,,,,,,,,,,,,,,,
Blake Martinez,,GNB,4,131,2016,Stanford,2012,2015,44.0,,,,,,,,,,,,,,LB,Stanford,,,,,,,,,,,,,,,6.0,138.0,119.0,257.0,13.5,0.1363636363636363,,,
Willie Henry,,RAV,4,132,2016,Michigan,2013,2015,32.0,,,,,,,,,,,,,,DT,Michigan,,,,,,,,,,,,,,,9.0,40.0,45.0,85.0,18.0,0.28125,,,
Rashard Robinson,,SFO,4,133,2016,LSU,2013,2014,15.0,,,,,,,,,,,,,,DB,LSU,,,,,,,,,,,,,,,,,,,,,1.0,0.0,3.0
Kenneth Dixon,,RAV,4,134,2016,Louisiana Tech,2012,2015,47.0,,,,,,,,,,,,,,RB,Louisiana Tech,95.3,801.0,4480.0,5.6,72.0,88.0,11.0,15.0,20.7,,,,,,,,,,,,,,
Dak Prescott,146.0,DAL,4,135,2016,Mississippi State,2012,2015,49.0,734.0,1169.0,435.0,62.8,9376.0,70.0,23.0,6.0,2.0,8.0,8.33,12.8,191.3,QB,Mississippi State,,,,,,,,,,,,,,,,,,,,,,,
Devontae Booker,,DEN,4,136,2016,Utah,2014,2015,23.0,,,,,,,,,,,,,,RB,Utah,120.6,560.0,2773.0,5.0,21.0,80.0,7.8,2.0,27.1,,,,,,,,,,,,,,
Dean Lowry,,GNB,4,137,2016,Northwestern,2012,2015,49.0,,,,,,,,,,,,,,DL,Northwestern,,,,,,,,,,,,,,,12.0,87.0,52.0,139.0,31.5,0.2448979591836734,,,
Cardale Jones,145.7,BUF,4,139,2016,Ohio State,2013,2015,23.0,160.0,257.0,97.0,62.3,2209.0,13.0,7.0,5.1,2.7,8.6,8.38,13.8,96.0,QB,Ohio State,,,,,,,,,,,,,,,,,,,,,,,
Tajae Sharpe,,OTI,5,140,2016,Massachusetts,2012,2015,47.0,,,,,,,,,,,,,,WR,Massachusetts,,,,,,,,,,74.2,277.0,3486.0,12.6,16.0,,,,,,,,,
Zack Sanchez,,CAR,5,141,2016,Oklahoma,2013,2015,36.0,,,,,,,,,,,,,,DB,Oklahoma,,,,,,,,,,,,,,,,,,,,,15.0,3.0,28.0
Ronald Blair,,SFO,5,142,2016,Appalachian State,2014,2015,25.0,,,,,,,,,,,,,,DL,Appalachian State,,,,,,,,,,,,,,,13.0,67.0,47.0,114.0,32.0,0.52,,,
Deandre Washington,,RAI,5,143,2016,Texas Tech,2011,2015,49.0,,,,,,,,,,,,,,RB,Texas Tech,69.6,605.0,3411.0,5.6,23.0,124.0,8.8,4.0,22.3,,,,,,,,,,,,,,
Connor McGovern,,DEN,5,144,2016,Missouri,2014,2015,26.0,,,,,,,,,,,,,,OL,Missouri,,,,,,,,,,,,,,,,,,,,,,,
John Theus,,SFO,5,145,2016,Georgia,2012,2015,41.0,,,,,,,,,,,,,,OL,Georgia,,,,,,,,,,,,,,,,,,,,,,,
Quinton Jefferson,,SEA,5,147,2016,Maryland,2012,2015,38.0,,,,,,,,,,,,,,DL,Maryland,,,,,,,,,,,,,,,10.0,52.0,55.0,107.0,21.5,0.2631578947368421,,,
Caleb Benenoch,,TAM,5,148,2016,UCLA,2014,2015,26.0,,,,,,,,,,,,,,OL,UCLA,,,,,,,,,,,,,,,,,,,,,,,
Paul Perkins,,NYG,5,149,2016,UCLA,2013,2015,39.0,,,,,,,,,,,,,,RB,UCLA,89.5,622.0,3491.0,5.6,29.0,80.0,9.2,3.0,18.9,,,,,,,,,,,,,,
Jordan Howard,,CHI,5,150,2016,Indiana,2013,2015,32.0,,,,,,,,,,,,,,RB,IndianaUAB,115.0,647.0,3681.0,5.7,24.0,24.0,10.9,3.0,8.2,,,,,,,,,,,,,,
Joe Dahl,,DET,5,151,2016,Washington State,2013,2015,11.0,,,,,,,,,,,,,,OL,Washington State,,,,,,,,,,,,,,,,,,,,,,,
Matt Ioannidis,,WAS,5,152,2016,Temple,2013,2015,37.0,,,,,,,,,,,,,,DL,Temple,,,,,,,,,,,,,,,10.0,76.0,39.0,115.0,30.0,0.2702702702702703,,,
Wendell Smallwood,,PHI,5,153,2016,West Virginia,2013,2015,38.0,,,,,,,,,,,,,,RB,West Virginia,64.8,425.0,2462.0,5.8,12.0,68.0,9.1,0.0,16.3,,,,,,,,,,,,,,
Jordan Payton,,CLE,5,154,2016,UCLA,2012,2015,51.0,,,,,,,,,,,,,,WR,UCLA,,,,,,,,,,53.0,201.0,2702.0,13.4,14.0,,,,,,,,,
Jonathan Williams,,BUF,5,156,2016,Arkansas,2012,2015,37.0,,,,,,,,,,,,,,RB,Arkansas,62.7,406.0,2321.0,5.7,16.0,26.0,13.3,6.0,9.3,,,,,,,,,,,,,,
Brandon Shell,,NYJ,5,158,2016,South Carolina,2014,2015,25.0,,,,,,,,,,,,,,T,South Carolina,,,,,,,,,,,,,,,,,,,,,,,
K.J. Dillon,,HTX,5,159,2016,West Virginia,2012,2015,47.0,,,,,,,,,,,,,,DB,West Virginia,,,,,,,,,,,,,,,,,,,,,5.0,1.0,21.0
Kentrell Brothers,,MIN,5,160,2016,Missouri,2012,2015,51.0,,,,,,,,,,,,,,LB,Missouri,,,,,,,,,,,,,,,4.0,182.0,176.0,358.0,23.5,0.0784313725490196,,,
Christian Westerman,,CIN,5,161,2016,Arizona State,2015,2015,13.0,,,,,,,,,,,,,,OL,Arizona State,,,,,,,,,,,,,,,,,,,,,,,
Kevin Hogan,154.6,KAN,5,162,2016,Stanford,2012,2015,51.0,727.0,1103.0,376.0,65.9,9385.0,75.0,29.0,6.8,2.6,8.5,8.69,12.9,184.0,QB,Stanford,,,,,,,,,,,,,,,,,,,,,,,
Trevor Davis,,GNB,5,163,2016,California,2011,2015,38.0,,,,,,,,,,,,,,WR,CaliforniaHawaii,,,,,,,,,,44.0,109.0,1672.0,15.3,12.0,,,,,,,,,
Halapoulivaati Vaitai,,PHI,5,164,2016,Texas Christian,2015,2015,12.0,,,,,,,,,,,,,,T,Texas Christian,,,,,,,,,,,,,,,,,,,,,,,
D.J. Reader,,HTX,5,166,2016,Clemson,2012,2015,45.0,,,,,,,,,,,,,,DL,Clemson,,,,,,,,,,,,,,,5.0,34.0,39.0,73.0,9.0,0.1111111111111111,,,
Spencer Drango,,CLE,5,168,2016,Baylor,2012,2015,26.0,,,,,,,,,,,,,,OL,Baylor,,,,,,,,,,,,,,,,,,,,,,,
Antwione Williams,,DET,5,169,2016,Georgia Southern,2014,2015,25.0,,,,,,,,,,,,,,LB,Georgia Southern,,,,,,,,,,,,,,,7.0,94.0,78.0,172.0,18.5,0.28,,,
Alex Collins,,SEA,5,171,2016,Arkansas,2013,2015,38.0,,,,,,,,,,,,,,RB,Arkansas,97.4,665.0,3703.0,5.6,36.0,27.0,6.2,0.0,4.4,,,,,,,,,,,,,,
Rashard Higgins,,CLE,5,172,2016,Colorado State,2013,2015,38.0,,,,,,,,,,,,,,WR,Colorado State,,,,,,,,,,96.0,239.0,3649.0,15.3,31.0,,,,,,,,,
Trey Caldwell,,CLE,5,173,2016,Louisiana-Monroe,2012,2015,48.0,,,,,,,,,,,,,,DB,Louisiana-Monroe,,,,,,,,,,,,,,,,,,,,,2.0,1.0,21.0
Fahn Cooper,,SFO,5,174,2016,Ole Miss,2015,2015,13.0,,,,,,,,,,,,,,OL,Ole Miss,,,,,,,,,,,,,,,,,,,,,,,
Jatavis Brown,,SDG,5,175,2016,Akron,2012,2015,46.0,,,,,,,,,,,,,,LB,Akron,,,,,,,,,,,,,,,17.0,196.0,149.0,345.0,41.5,0.3695652173913043,,,
Andy Janovich,,DEN,6,176,2016,Nebraska,2012,2015,38.0,,,,,,,,,,,,,,RB,Nebraska,7.1,45.0,271.0,6.0,3.0,5.0,17.4,0.0,2.3,,,,,,,,,,,,,,
D.J. White,,KAN,6,178,2016,Georgia Tech,2013,2015,37.0,,,,,,,,,,,,,,CB,Georgia Tech,,,,,,,,,,,,,,,,,,,,,7.0,1.0,21.0
Keenan Reynolds,143.8,RAV,6,182,2016,Navy,2012,2015,50.0,242.0,462.0,220.0,52.4,4001.0,31.0,8.0,6.7,1.7,8.7,9.22,16.5,80.0,QB,Navy,,,,,,,,,,,,,,,,,,,,,,,
Devante Bond,,TAM,6,183,2016,Oklahoma,2014,2015,21.0,,,,,,,,,,,,,,LB,Oklahoma,,,,,,,,,,,,,,,3.0,46.0,26.0,72.0,11.0,0.1428571428571428,,,
Jerell Adams,,NYG,6,184,2016,South Carolina,2012,2015,41.0,,,,,,,,,,,,,,TE,South Carolina,,,,,,,,,,23.8,66.0,977.0,14.8,7.0,,,,,,,,,
Jakeem Grant,,MIA,6,186,2016,Texas Tech,2012,2015,49.0,,,,,,,,,,,,,,WR,Texas Tech,,,,,,,,,,67.1,254.0,3286.0,12.9,27.0,,,,,,,,,
Nate Sudfeld,144.1,WAS,6,187,2016,Indiana,2012,2015,38.0,593.0,983.0,390.0,60.3,7879.0,61.0,20.0,6.2,2.0,8.0,8.34,13.3,207.3,QB,Indiana,,,,,,,,,,,,,,,,,,,,,,,
David Morgan,,MIN,6,188,2016,UTSA,2013,2015,26.0,,,,,,,,,,,,,,TE,UTSA,,,,,,,,,,34.2,72.0,890.0,12.4,6.0,,,,,,,,,
Anthony Brown,,DAL,6,189,2016,Purdue,2012,2015,46.0,,,,,,,,,,,,,,DB,Purdue,,,,,,,,,,,,,,,,,,,,,4.0,0.0,19.0
Josh Forrest,,RAM,6,190,2016,Kentucky,2012,2015,43.0,,,,,,,,,,,,,,LB,Kentucky,,,,,,,,,,,,,,,4.0,117.0,115.0,232.0,15.5,0.0930232558139534,,,
Jake Rudock,134.1,DET,6,191,2016,Michigan,2013,2015,38.0,666.0,1080.0,414.0,61.7,7836.0,54.0,27.0,5.0,2.5,7.3,7.13,11.8,206.2,QB,IowaMichigan,,,,,,,,,,,,,,,,,,,,,,,
Kolby Listenbee,,BUF,6,192,2016,Texas Christian,2012,2015,35.0,,,,,,,,,,,,,,WR,Texas Christian,,,,,,,,,,40.9,74.0,1432.0,19.4,9.0,,,,,,,,,
Sebastian Tretola,,OTI,6,193,2016,Arkansas,2014,2015,26.0,,,,,,,,,,,,,,T,Arkansas,,,,,,,,,,,,,,,,,,,,,,,
Cory James,,RAI,6,194,2016,Colorado State,2012,2015,51.0,,,,,,,,,,,,,,LB,Colorado State,,,,,,,,,,,,,,,24.0,114.0,115.0,229.0,41.5,0.4705882352941176,,,
Wes Schweitzer,,ATL,6,195,2016,San Jose State,2014,2015,25.0,,,,,,,,,,,,,,T,San Jose State,,,,,,,,,,,,,,,,,,,,,,,
Blake Countess,,PHI,6,196,2016,Auburn,2011,2015,50.0,,,,,,,,,,,,,,DB,AuburnMichigan,,,,,,,,,,,,,,,,,,,,,8.0,1.0,24.0
Dan Vitale,,TAM,6,197,2016,Northwestern,2013,2015,37.0,,,,,,,,,,,,,,SB,Northwestern,0.7,5.0,27.0,5.4,0.0,107.0,10.6,9.0,30.8,,,,,,,,,,,,,,
Dan Vitale,,TAM,6,197,2016,Northwestern,2012,2012,13.0,,,,,,,,,,,,,,TE,Northwestern,,,,,,,,,,22.2,28.0,288.0,10.3,2.0,,,,,,,,,
Derek Watt,,SDG,6,198,2016,Wisconsin,2013,2015,26.0,,,,,,,,,,,,,,FB,Wisconsin,2.1,11.0,55.0,5.0,0.0,18.0,8.8,1.0,6.1,,,,,,,,,,,,,,
Derek Watt,,SDG,6,198,2016,Wisconsin,2012,2012,14.0,,,,,,,,,,,,,,LB,Wisconsin,,,,,,,,,,,,,,,0.0,10.0,3.0,13.0,0.0,0.0,,,
Cody Core,,CIN,6,199,2016,Ole Miss,2012,2015,45.0,,,,,,,,,,,,,,WR,Ole Miss,,,,,,,,,,28.8,83.0,1297.0,15.6,10.0,,,,,,,,,
Kyle Murphy,,GNB,6,200,2016,Stanford,2014,2015,27.0,,,,,,,,,,,,,,OL,Stanford,,,,,,,,,,,,,,,,,,,,,,,
Brandon Allen,134.8,JAX,6,201,2016,Arkansas,2012,2015,42.0,583.0,1016.0,433.0,57.4,7463.0,64.0,26.0,6.3,2.6,7.3,7.45,12.8,177.7,QB,Arkansas,,,,,,,,,,,,,,,,,,,,,,,
Anthony Zettel,,DET,6,202,2016,Penn State,2012,2015,48.0,,,,,,,,,,,,,,DL,Penn State,,,,,,,,,,,,,,,20.0,69.0,51.0,120.0,38.0,0.4166666666666667,,,
Dadi Nicolas,,KAN,6,203,2016,Virginia Tech,2012,2015,47.0,,,,,,,,,,,,,,DL,Virginia Tech,,,,,,,,,,,,,,,17.0,87.0,79.0,166.0,36.0,0.3617021276595745,,,
Jordan Lucas,,MIA,6,204,2016,Penn State,2012,2015,46.0,,,,,,,,,,,,,,DB,Penn State,,,,,,,,,,,,,,,,,,,,,3.0,0.0,25.0
Michael Thomas,,RAM,6,206,2016,Southern Mississippi,2014,2015,25.0,,,,,,,,,,,,,,WR,Southern Mississippi,,,,,,,,,,79.3,112.0,1983.0,17.7,19.0,,,,,,,,,
Jeff Driskel,134.1,SFO,6,207,2016,Louisiana Tech,2011,2015,42.0,609.0,1002.0,393.0,60.8,7444.0,50.0,28.0,5.0,2.8,7.4,7.17,12.2,177.2,QB,FloridaLouisiana Tech,,,,,,,,,,,,,,,,,,,,,,,
Maurice Canady,,RAV,6,209,2016,Virginia,2012,2015,44.0,,,,,,,,,,,,,,DB,Virginia,,,,,,,,,,,,,,,,,,,,,5.0,1.0,26.0
Jimmy Landes,,DET,6,210,2016,Baylor,2014,2015,25.0,,,,,,,,,,,,,,S,Baylor,,,,,,,,,,,,,,,,,,,,,0.0,0.0,0.0
Kelvin Taylor,,SFO,6,211,2016,Florida,2013,2015,35.0,,,,,,,,,,,,,,RB,Florida,60.2,486.0,2108.0,4.3,23.0,24.0,7.5,0.0,5.1,,,,,,,,,,,,,,
Kavon Frazier,,DAL,6,212,2016,Central Michigan,2012,2015,49.0,,,,,,,,,,,,,,DB,Central Michigan,,,,,,,,,,,,,,,,,,,,,5.0,1.0,13.0
Aaron Burbridge,,SFO,6,213,2016,Michigan State,2012,2015,46.0,,,,,,,,,,,,,,WR,Michigan State,,,,,,,,,,47.3,165.0,2174.0,13.2,10.0,,,,,,,,,
Elandon Roberts,,NWE,6,214,2016,Houston,2013,2015,30.0,,,,,,,,,,,,,,LB,Houston,,,,,,,,,,,,,,,7.0,109.0,66.0,175.0,23.5,0.2333333333333333,,,
Joey Hunt,,SEA,6,215,2016,Texas Christian,2013,2015,26.0,,,,,,,,,,,,,,C,Texas Christian,,,,,,,,,,,,,,,,,,,,,,,
Darius Jackson,,DAL,6,216,2016,Eastern Michigan,2012,2015,43.0,,,,,,,,,,,,,,RB,Eastern Michigan,36.9,321.0,1586.0,4.9,17.0,44.0,8.5,4.0,8.7,,,,,,,,,,,,,,
Kevon Seymour,,BUF,6,218,2016,USC,2012,2015,44.0,,,,,,,,,,,,,,DB,USC,,,,,,,,,,,,,,,,,,,,,3.0,0.0,19.0
William Parks,,DEN,6,219,2016,Arizona,2012,2015,51.0,,,,,,,,,,,,,,DB,Arizona,,,,,,,,,,,,,,,,,,,,,4.0,1.0,20.0
Travis Feeney,,PIT,6,220,2016,Washington,2012,2015,52.0,,,,,,,,,,,,,,LB,Washington,,,,,,,,,,,,,,,15.0,168.0,79.0,247.0,33.0,0.2884615384615384,,,
Ted Karras,,NWE,6,221,2016,Illinois,2012,2015,25.0,,,,,,,,,,,,,,OL,Illinois,,,,,,,,,,,,,,,,,,,,,,,
Aaron Wallace,,OTI,7,222,2016,UCLA,2012,2015,40.0,,,,,,,,,,,,,,LB,UCLA,,,,,,,,,,,,,,,7.0,49.0,43.0,92.0,13.0,0.175,,,
Brandon Doughty,161.0,MIA,7,223,2016,Western Kentucky,2011,2015,43.0,1023.0,1491.0,468.0,68.6,12855.0,111.0,34.0,7.4,2.3,8.6,9.08,12.6,299.0,QB,Western Kentucky,,,,,,,,,,,,,,,,,,,,,,,
Donavon Clark,,SDG,7,224,2016,Michigan State,2015,2015,14.0,,,,,,,,,,,,,,OL,Michigan State,,,,,,,,,,,,,,,,,,,,,,,
Devin Lucien,,NWE,7,225,2016,Arizona State,2012,2015,44.0,,,,,,,,,,,,,,WR,Arizona StateUCLA,,,,,,,,,,41.5,124.0,1827.0,14.7,12.0,,,,,,,,,
Stephen Weatherly,,MIN,7,227,2016,Vanderbilt,2013,2015,33.0,,,,,,,,,,,,,,DE,Vanderbilt,,,,,,,,,,,,,,,11.0,71.0,48.0,119.0,27.0,0.3333333333333333,,,
Demarcus Ayers,,PIT,7,229,2016,Houston,2013,2015,40.0,,,,,,,,,,,,,,WR,Houston,,,,,,,,,,42.2,142.0,1687.0,11.9,9.0,,,,,,,,,
Daniel Braverman,,CHI,7,230,2016,Western Michigan,2012,2015,37.0,,,,,,,,,,,,,,WR,Western Michigan,,,,,,,,,,67.8,213.0,2509.0,11.8,19.0,,,,,,,,,
Thomas Duarte,,MIA,7,231,2016,UCLA,2013,2015,35.0,,,,,,,,,,,,,,WR,UCLA,,,,,,,,,,46.5,97.0,1626.0,16.8,17.0,,,,,,,,,
Steven Daniels,,WAS,7,232,2016,Boston College,2012,2015,46.0,,,,,,,,,,,,,,LB,Boston College,,,,,,,,,,,,,,,10.0,165.0,102.0,267.0,29.0,0.217391304347826,,,
Jalen Mills,,PHI,7,233,2016,LSU,2012,2015,46.0,,,,,,,,,,,,,,DB,LSU,,,,,,,,,,,,,,,,,,,,,6.0,0.0,11.0
Vadal Alexander,,RAI,7,234,2016,LSU,2015,2015,12.0,,,,,,,,,,,,,,T,LSU,,,,,,,,,,,,,,,,,,,,,,,
Dwayne Washington,,DET,7,236,2016,Washington,2013,2015,32.0,,,,,,,,,,,,,,RB,Washington,41.0,226.0,1311.0,5.8,17.0,41.0,10.0,4.0,12.8,,,,,,,,,,,,,,
Daniel Lasco,,NOR,7,237,2016,California,2012,2015,42.0,,,,,,,,,,,,,,RB,California,44.6,348.0,1872.0,5.4,18.0,48.0,9.5,2.0,10.9,,,,,,,,,,,,,,
Devin Fuller,,ATL,7,238,2016,UCLA,2012,2012,9.0,0.0,0.0,0.0,,0.0,0.0,0.0,,,,,,0.0,QB,UCLA,,,,,,,,,,,,,,,,,,,,,,,
Devin Fuller,,ATL,7,238,2016,UCLA,2013,2015,36.0,,,,,,,,,,,,,,WR,UCLA,,,,,,,,,,32.7,126.0,1177.0,9.3,8.0,,,,,,,,,
Alex McCalister,,PHI,7,240,2016,Florida,2015,2015,9.0,,,,,,,,,,,,,,OL,Florida,,,,,,,,,,,,,,,,,,,,,,,
Alex McCalister,,PHI,7,240,2016,Florida,2013,2014,14.0,,,,,,,,,,,,,,DL,Florida,,,,,,,,,,,,,,,6.0,16.0,10.0,26.0,9.0,0.4285714285714285,,,
Charone Peake,,NYJ,7,241,2016,Clemson,2011,2015,51.0,,,,,,,,,,,,,,WR,Clemson,,,,,,,,,,23.0,99.0,1172.0,11.8,10.0,,,,,,,,,
Keith Marshall,,WAS,7,242,2016,Georgia,2012,2015,33.0,,,,,,,,,,,,,,RB,Georgia,41.8,253.0,1379.0,5.5,12.0,24.0,9.4,3.0,6.8,,,,,,,,,,,,,,
Kenny Lawler,,SEA,7,243,2016,California,2013,2015,35.0,,,,,,,,,,,,,,WR,California,,,,,,,,,,48.7,143.0,1706.0,11.9,27.0,,,,,,,,,
Jayron Kearse,,MIN,7,244,2016,Clemson,2013,2015,40.0,,,,,,,,,,,,,,S,Clemson,,,,,,,,,,,,,,,,,,,,,7.0,0.0,11.0
Clayton Fejedelem,,CIN,7,245,2016,Illinois,2014,2015,25.0,,,,,,,,,,,,,,DB,Illinois,,,,,,,,,,,,,,,,,,,,,2.0,0.0,9.0
Tyler Matakevich,,PIT,7,246,2016,Temple,2012,2015,49.0,,,,,,,,,,,,,,LB,Temple,,,,,,,,,,,,,,,7.0,338.0,155.0,493.0,40.0,0.1428571428571428,,,
Zac Brooks,,SEA,7,247,2016,Clemson,2012,2015,31.0,,,,,,,,,,,,,,RB,Clemson,19.3,115.0,599.0,5.2,5.0,18.0,11.4,3.0,6.6,,,,,,,,,,,,,,
Austin Blythe,,CLT,7,248,2016,Iowa,2014,2015,27.0,,,,,,,,,,,,,,OL,Iowa,,,,,,,,,,,,,,,,,,,,,,,
Prince Iworah,,SFO,7,249,2016,Western Kentucky,2012,2015,33.0,,,,,,,,,,,,,,DB,Western Kentucky,,,,,,,,,,,,,,,,,,,,,5.0,0.0,16.0
Scooby Wright,,CLE,7,250,2016,Arizona,2013,2015,30.0,,,,,,,,,,,,,,LB,Arizona,,,,,,,,,,,,,,,16.0,158.0,111.0,269.0,41.5,0.5333333333333333,,,
Joe Walker,,PHI,7,251,2016,Oregon,2013,2015,38.0,,,,,,,,,,,,,,LB,Oregon,,,,,,,,,,,,,,,5.0,120.0,85.0,205.0,17.0,0.131578947368421,,,
Kalan Reed,,OTI,7,253,2016,Southern Mississippi,2012,2012,12.0,,,,,,,,,,,,,,DL,Southern Mississippi,,,,,,,,,,,,,,,0.0,13.0,8.0,21.0,1.0,0.0,,,
Kalan Reed,,OTI,7,253,2016,Southern Mississippi,2013,2015,36.0,,,,,,,,,,,,,,DB,Southern Mississippi,,,,,,,,,,,,,,,,,,,,,7.0,2.0,30.0
Myles Garrett,,CLE,1,1,2017,Texas A&M,2014,2016,36.0,,,,,,,,,,,,,,DL,Texas A&M,,,,,,,,,,,,,,,32.0,84.0,61.0,145.0,48.5,0.8888888888888888,,,
Mitch Trubisky,157.6,CHI,1,2,2017,North Carolina,2014,2016,34.0,386.0,572.0,186.0,67.5,4762.0,41.0,10.0,7.2,1.7,8.3,8.97,12.3,140.1,QB,North Carolina,,,,,,,,,,,,,,,,,,,,,,,
Solomon Thomas,,SFO,1,3,2017,Stanford,2015,2016,27.0,,,,,,,,,,,,,,DE,Stanford,,,,,,,,,,,,,,,11.0,65.0,36.0,101.0,25.5,0.4074074074074074,,,
Leonard Fournette,,JAX,1,4,2017,LSU,2014,2016,32.0,,,,,,,,,,,,,,RB,LSU,119.7,616.0,3830.0,6.2,40.0,41.0,12.8,1.0,16.4,,,,,,,,,,,,,,
Corey Davis,,OTI,1,5,2017,Western Michigan,2013,2016,50.0,,,,,,,,,,,,,,WR,Western Michigan,,,,,,,,,,105.7,332.0,5285.0,15.9,52.0,,,,,,,,,
Jamal Adams,,NYJ,1,6,2017,LSU,2014,2016,37.0,,,,,,,,,,,,,,S,LSU,,,,,,,,,,,,,,,,,,,,,5.0,0.0,15.0
Mike Williams,,SDG,1,7,2017,Clemson,2013,2016,39.0,,,,,,,,,,,,,,WR,Clemson,,,,,,,,,,69.9,177.0,2727.0,15.4,21.0,,,,,,,,,
Christian McCaffrey,,CAR,1,8,2017,Stanford,2014,2016,38.0,,,,,,,,,,,,,,RB,Stanford,103.2,632.0,3922.0,6.2,21.0,99.0,12.2,10.0,31.7,,,,,,,,,,,,,,
John Ross,,CIN,1,9,2017,Washington,2013,2016,40.0,,,,,,,,,,,,,,WR,Washington,,,,,,,,,,43.2,114.0,1729.0,15.2,22.0,,,,,,,,,
Patrick Mahomes,152.0,KAN,1,10,2017,Texas Tech,2014,2016,32.0,857.0,1349.0,492.0,63.5,11252.0,93.0,29.0,6.9,2.1,8.3,8.75,13.1,351.6,QB,Texas Tech,,,,,,,,,,,,,,,,,,,,,,,
Marshon Lattimore,,NOR,1,11,2017,Ohio State,2015,2016,19.0,,,,,,,,,,,,,,CB,Ohio State,,,,,,,,,,,,,,,,,,,,,4.0,1.0,12.0
Deshaun Watson,157.5,HTX,1,12,2017,Clemson,2014,2016,38.0,814.0,1207.0,393.0,67.4,10163.0,90.0,32.0,7.5,2.7,8.4,8.72,12.5,267.4,QB,Clemson,,,,,,,,,,,,,,,,,,,,,,,
Haason Reddick,,CRD,1,13,2017,Temple,2013,2016,46.0,,,,,,,,,,,,,,LB,Temple,,,,,,,,,,,,,,,18.0,99.0,49.0,148.0,46.0,0.391304347826087,,,
Derek Barnett,,PHI,1,14,2017,Tennessee,2014,2016,39.0,,,,,,,,,,,,,,DE,Tennessee,,,,,,,,,,,,,,,33.0,131.0,66.0,197.0,52.0,0.8461538461538461,,,
Malik Hooker,,CLT,1,15,2017,Ohio State,2015,2016,25.0,,,,,,,,,,,,,,S,Ohio State,,,,,,,,,,,,,,,,,,,,,7.0,3.0,4.0
Marlon Humphrey,,RAV,1,16,2017,Alabama,2015,2016,30.0,,,,,,,,,,,,,,DB,Alabama,,,,,,,,,,,,,,,,,,,,,5.0,1.0,13.0
Jonathan Allen,,WAS,1,17,2017,Alabama,2013,2016,51.0,,,,,,,,,,,,,,LB,Alabama,,,,,,,,,,,,,,,28.0,78.0,75.0,153.0,45.0,0.5490196078431373,,,
Adoree Jackson,,OTI,1,18,2017,USC,2014,2016,40.0,,,,,,,,,,,,,,CB,USC,,,,,,,,,,,,,,,,,,,,,6.0,1.0,29.0
O.J. Howard,,TAM,1,19,2017,Alabama,2013,2016,54.0,,,,,,,,,,,,,,TE,Alabama,,,,,,,,,,32.0,114.0,1726.0,15.1,7.0,,,,,,,,,
Jarrad Davis,,DET,1,21,2017,Florida,2013,2016,40.0,,,,,,,,,,,,,,LB,Florida,,,,,,,,,,,,,,,5.0,102.0,103.0,205.0,20.0,0.125,,,
Charles Harris,,MIA,1,22,2017,Missouri,2014,2016,37.0,,,,,,,,,,,,,,DL,Missouri,,,,,,,,,,,,,,,18.0,80.0,56.0,136.0,34.5,0.4864864864864865,,,
Evan Engram,,NYG,1,23,2017,Ole Miss,2013,2016,45.0,,,,,,,,,,,,,,TE,Ole Miss,,,,,,,,,,51.6,162.0,2320.0,14.3,15.0,,,,,,,,,
Gareon Conley,,RAI,1,24,2017,Ohio State,2014,2016,41.0,,,,,,,,,,,,,,CB,Ohio State,,,,,,,,,,,,,,,,,,,,,6.0,0.0,15.0
Jabrill Peppers,,CLE,1,25,2017,Michigan,2016,2016,12.0,,,,,,,,,,,,,,LB,Michigan,,,,,,,,,,,,,,,4.0,47.0,25.0,72.0,16.0,0.3333333333333333,,,
Jabrill Peppers,,CLE,1,25,2017,Michigan,2014,2015,15.0,,,,,,,,,,,,,,DB,Michigan,,,,,,,,,,,,,,,,,,,,,0.0,0.0,10.0
Takkarist McKinley,,ATL,1,26,2017,UCLA,2014,2016,33.0,,,,,,,,,,,,,,DL,UCLA,,,,,,,,,,,,,,,17.0,80.0,22.0,102.0,29.0,0.5151515151515151,,,
Tre'Davious White,,BUF,1,27,2017,LSU,2013,2016,48.0,,,,,,,,,,,,,,DB,LSU,,,,,,,,,,,,,,,,,,,,,6.0,1.0,34.0
Taco Charlton,,DAL,1,28,2017,Michigan,2013,2016,38.0,,,,,,,,,,,,,,DE,Michigan,,,,,,,,,,,,,,,18.0,55.0,39.0,94.0,27.5,0.4736842105263157,,,
David Njoku,,CLE,1,29,2017,Miami (FL),2015,2016,26.0,,,,,,,,,,,,,,WR,Miami (FL),,,,,,,,,,40.8,64.0,1060.0,16.6,9.0,,,,,,,,,
T.J. Watt,,PIT,1,30,2017,Wisconsin,2015,2016,27.0,,,,,,,,,,,,,,LB,Wisconsin,,,,,,,,,,,,,,,11.0,42.0,29.0,71.0,17.0,0.4074074074074074,,,
Reuben Foster,,SFO,1,31,2017,Alabama,2013,2016,47.0,,,,,,,,,,,,,,LB,Alabama,,,,,,,,,,,,,,,8.0,123.0,99.0,222.0,24.0,0.1702127659574468,,,
Kevin King,,GNB,2,33,2017,Washington,2013,2016,43.0,,,,,,,,,,,,,,DB,Washington,,,,,,,,,,,,,,,,,,,,,6.0,0.0,22.0
Cam Robinson,,JAX,2,34,2017,Alabama,2014,2014,1.0,,,,,,,,,,,,,,OL,Alabama,,,,,,,,,,,,,,,,,,,,,,,
Malik McDowell,,SEA,2,35,2017,Michigan State,2014,2016,36.0,,,,,,,,,,,,,,DL,Michigan State,,,,,,,,,,,,,,,7.0,50.0,38.0,88.0,24.5,0.1944444444444444,,,
Budda Baker,,CRD,2,36,2017,Washington,2014,2016,40.0,,,,,,,,,,,,,,DB,Washington,,,,,,,,,,,,,,,,,,,,,5.0,0.0,19.0
Zay Jones,,BUF,2,37,2017,East Carolina,2013,2016,49.0,,,,,,,,,,,,,,WR,East Carolina,,,,,,,,,,87.3,399.0,4279.0,10.7,23.0,,,,,,,,,
Forrest Lamp,,SDG,2,38,2017,Western Kentucky,2013,2016,39.0,,,,,,,,,,,,,,OL,Western Kentucky,,,,,,,,,,,,,,,,,,,,,,,
Marcus Maye,,NYJ,2,39,2017,Florida,2013,2016,41.0,,,,,,,,,,,,,,DB,Florida,,,,,,,,,,,,,,,,,,,,,5.0,0.0,17.0
Curtis Samuel,,CAR,2,40,2017,Ohio State,2014,2016,41.0,,,,,,,,,,,,,,RB,Ohio State,31.4,172.0,1286.0,7.5,15.0,107.0,11.7,9.0,30.5,,,,,,,,,,,,,,
Dalvin Cook,,MIN,2,41,2017,Florida State,2014,2016,38.0,,,,,,,,,,,,,,RB,Florida State,117.5,687.0,4464.0,6.5,46.0,79.0,11.8,2.0,24.6,,,,,,,,,,,,,,
Marcus Williams,,NOR,2,42,2017,Utah,2014,2016,37.0,,,,,,,,,,,,,,DB,Utah,,,,,,,,,,,,,,,,,,,,,11.0,0.0,8.0
Sidney Jones,,PHI,2,43,2017,Washington,2014,2016,40.0,,,,,,,,,,,,,,DB,Washington,,,,,,,,,,,,,,,,,,,,,9.0,1.0,21.0
Gerald Everett,,RAM,2,44,2017,South Alabama,2014,2016,37.0,,,,,,,,,,,,,,TE,South AlabamaUAB,,,,,,,,,,42.8,107.0,1584.0,14.8,13.0,,,,,,,,,
Quincy Wilson,,CLT,2,46,2017,Florida,2014,2016,39.0,,,,,,,,,,,,,,DB,Florida,,,,,,,,,,,,,,,,,,,,,6.0,1.0,14.0
Tyus Bowser,,RAV,2,47,2017,Houston,2013,2016,46.0,,,,,,,,,,,,,,DE,Houston,,,,,,,,,,,,,,,22.0,70.0,67.0,137.0,28.0,0.4782608695652174,,,
Joe Mixon,,CIN,2,48,2017,Oklahoma,2015,2016,25.0,,,,,,,,,,,,,,RB,Oklahoma,81.1,300.0,2027.0,6.8,17.0,65.0,13.8,9.0,35.8,,,,,,,,,,,,,,
Ryan Anderson,,WAS,2,49,2017,Alabama,2013,2016,47.0,,,,,,,,,,,,,,LB,Alabama,,,,,,,,,,,,,,,19.0,66.0,62.0,128.0,40.0,0.4042553191489361,,,
Justin Evans,,TAM,2,50,2017,Texas A&M,2015,2016,25.0,,,,,,,,,,,,,,DB,Texas A&M,,,,,,,,,,,,,,,,,,,,,5.0,0.0,11.0
Demarcus Walker,,DEN,2,51,2017,Florida State,2013,2016,36.0,,,,,,,,,,,,,,DE,Florida State,,,,,,,,,,,,,,,27.0,81.0,63.0,144.0,39.0,0.75,,,
Demarcus Walker,,DEN,2,51,2017,Florida State,2014,2014,14.0,,,,,,,,,,,,,,DB,Florida State,,,,,,,,,,,,,,,,,,,,,0.0,0.0,0.0
DeShone Kizer,147.7,CLE,2,52,2017,Notre Dame,2015,2016,25.0,423.0,696.0,273.0,60.8,5809.0,47.0,19.0,6.8,2.7,8.3,8.47,13.7,232.4,QB,Notre Dame,,,,,,,,,,,,,,,,,,,,,,,
Jalen Tabor,,DET,2,53,2017,Florida,2014,2016,37.0,,,,,,,,,,,,,,DB,Florida,,,,,,,,,,,,,,,,,,,,,9.0,3.0,28.0
Raekwon McMillan,,MIA,2,54,2017,Ohio State,2014,2016,39.0,,,,,,,,,,,,,,LB,Ohio State,,,,,,,,,,,,,,,6.0,136.0,139.0,275.0,17.5,0.1538461538461538,,,
Dalvin Tomlinson,,NYG,2,55,2017,Alabama,2013,2016,45.0,,,,,,,,,,,,,,DL,Alabama,,,,,,,,,,,,,,,4.0,39.0,83.0,122.0,10.5,0.0888888888888888,,,
Obi Melifonwu,,RAI,2,56,2017,Connecticut,2013,2016,48.0,,,,,,,,,,,,,,S,Connecticut,,,,,,,,,,,,,,,,,,,,,8.0,0.0,16.0
Zach Cunningham,,HTX,2,57,2017,Vanderbilt,2014,2016,36.0,,,,,,,,,,,,,,LB,Vanderbilt,,,,,,,,,,,,,,,6.0,177.0,118.0,295.0,39.5,0.1666666666666666,,,
Ethan Pocic,,SEA,2,58,2017,LSU,2015,2015,12.0,,,,,,,,,,,,,,C,LSU,,,,,,,,,,,,,,,,,,,,,,,
Chidobe Awuzie,,DAL,2,60,2017,Colorado,2013,2016,48.0,,,,,,,,,,,,,,DB,Colorado,,,,,,,,,,,,,,,,,,,,,3.0,0.0,28.0
Josh Jones,,GNB,2,61,2017,North Carolina State,2014,2016,38.0,,,,,,,,,,,,,,S,North Carolina State,,,,,,,,,,,,,,,,,,,,,8.0,0.0,17.0
JuJu Smith-Schuster,,PIT,2,62,2017,USC,2014,2016,40.0,,,,,,,,,,,,,,WR,USC,,,,,,,,,,77.3,213.0,3092.0,14.5,25.0,,,,,,,,,
Dion Dawkins,,BUF,2,63,2017,Temple,2014,2016,39.0,,,,,,,,,,,,,,OL,Temple,,,,,,,,,,,,,,,,,,,,,,,
Taylor Moton,,CAR,2,64,2017,Western Michigan,2014,2015,26.0,,,,,,,,,,,,,,OL,Western Michigan,,,,,,,,,,,,,,,,,,,,,,,
Larry Ogunjobi,,CLE,3,65,2017,Charlotte,2015,2016,24.0,,,,,,,,,,,,,,DL,Charlotte,,,,,,,,,,,,,,,5.0,68.0,59.0,127.0,28.0,0.2083333333333333,,,
Ahkello Witherspoon,,SFO,3,66,2017,Colorado,2014,2016,37.0,,,,,,,,,,,,,,DB,Colorado,,,,,,,,,,,,,,,,,,,,,3.0,0.0,27.0
Alvin Kamara,,NOR,3,67,2017,Tennessee,2015,2016,24.0,,,,,,,,,,,,,,RB,Tennessee,53.9,210.0,1294.0,6.2,16.0,74.0,9.2,7.0,28.5,,,,,,,,,,,,,,
Dawuane Smoot,,JAX,3,68,2017,Illinois,2013,2016,41.0,,,,,,,,,,,,,,LB,Illinois,,,,,,,,,,,,,,,16.0,72.0,65.0,137.0,38.5,0.3902439024390244,,,
Pat Elflein,,MIN,3,70,2017,Ohio State,2015,2015,13.0,,,,,,,,,,,,,,OL,Ohio State,,,,,,,,,,,,,,,,,,,,,,,
Dan Feeney,,SDG,3,71,2017,Indiana,2015,2015,13.0,,,,,,,,,,,,,,OL,Indiana,,,,,,,,,,,,,,,,,,,,,,,
Taywan Taylor,,OTI,3,72,2017,Western Kentucky,2013,2016,51.0,,,,,,,,,,,,,,WR,Western Kentucky,,,,,,,,,,83.0,253.0,4234.0,16.7,41.0,,,,,,,,,
Jordan Willis,,CIN,3,73,2017,Kansas State,2013,2016,40.0,,,,,,,,,,,,,,DE,Kansas State,,,,,,,,,,,,,,,26.0,76.0,38.0,114.0,40.5,0.65,,,
Chris Wormley,,RAV,3,74,2017,Michigan,2013,2016,48.0,,,,,,,,,,,,,,DL,Michigan,,,,,,,,,,,,,,,18.0,61.0,62.0,123.0,33.0,0.375,,,
Duke Riley,,ATL,3,75,2017,LSU,2013,2016,43.0,,,,,,,,,,,,,,LB,LSU,,,,,,,,,,,,,,,1.0,59.0,85.0,144.0,10.0,0.0232558139534883,,,
Alex Anzalone,,NOR,3,76,2017,Florida,2013,2016,24.0,,,,,,,,,,,,,,LB,Florida,,,,,,,,,,,,,,,3.0,32.0,43.0,75.0,5.0,0.125,,,
Daeshon Hall,,CAR,3,77,2017,Texas A&M,2013,2016,47.0,,,,,,,,,,,,,,DL,Texas A&M,,,,,,,,,,,,,,,16.0,70.0,91.0,161.0,36.5,0.3404255319148936,,,
Tim Williams,,RAV,3,78,2017,Alabama,2013,2016,45.0,,,,,,,,,,,,,,LB,Alabama,,,,,,,,,,,,,,,21.0,39.0,19.0,58.0,31.0,0.4666666666666667,,,
Ardarius Stewart,,NYJ,3,79,2017,Alabama,2014,2016,40.0,,,,,,,,,,,,,,WR,Alabama,,,,,,,,,,42.8,129.0,1713.0,13.3,12.0,,,,,,,,,
Tarell Basham,,CLT,3,80,2017,Ohio,2013,2016,51.0,,,,,,,,,,,,,,DL,Ohio,,,,,,,,,,,,,,,28.0,75.0,82.0,157.0,40.0,0.5490196078431373,,,
Fabian Moreau,,WAS,3,81,2017,UCLA,2012,2016,50.0,,,,,,,,,,,,,,DB,UCLA,,,,,,,,,,,,,,,,,,,,,3.0,0.0,23.0
Carlos Henderson,,DEN,3,82,2017,Louisiana Tech,2014,2016,36.0,,,,,,,,,,,,,,WR,Louisiana Tech,,,,,,,,,,79.9,147.0,2878.0,19.6,28.0,,,,,,,,,
Chris Godwin,,TAM,3,84,2017,Penn State,2014,2016,40.0,,,,,,,,,,,,,,WR,Penn State,,,,,,,,,,60.5,154.0,2421.0,15.7,18.0,,,,,,,,,
Antonio Garcia,,NWE,3,85,2017,Troy,2015,2016,25.0,,,,,,,,,,,,,,OL,Troy,,,,,,,,,,,,,,,,,,,,,,,
Kareem Hunt,,KAN,3,86,2017,Toledo,2013,2016,44.0,,,,,,,,,,,,,,RB,Toledo,112.4,782.0,4945.0,6.3,44.0,73.0,7.6,1.0,12.6,,,,,,,,,,,,,,
Davis Webb,137.1,NYG,3,87,2017,California,2013,2016,35.0,841.0,1367.0,526.0,61.5,9852.0,83.0,34.0,6.1,2.5,7.2,7.3,11.7,281.5,QB,CaliforniaTexas Tech,,,,,,,,,,,,,,,,,,,,,,,
Eddie Vanderdoes,,RAI,3,88,2017,UCLA,2013,2016,39.0,,,,,,,,,,,,,,DE,UCLA,,,,,,,,,,,,,,,4.0,69.0,55.0,124.0,13.5,0.1025641025641025,,,
D'Onta Foreman,,HTX,3,89,2017,Texas,2014,2016,28.0,,,,,,,,,,,,,,RB,Texas,99.4,433.0,2782.0,6.4,20.0,13.0,11.2,0.0,5.2,,,,,,,,,,,,,,
Shaquill Griffin,,SEA,3,90,2017,UCF,2013,2016,40.0,,,,,,,,,,,,,,DB,UCF,,,,,,,,,,,,,,,,,,,,,7.0,2.0,29.0
John Johnson,,RAM,3,91,2017,Boston College,2013,2016,36.0,,,,,,,,,,,,,,CB,Boston College,,,,,,,,,,,,,,,,,,,,,6.0,0.0,14.0
Jourdan Lewis,,DAL,3,92,2017,Michigan,2013,2016,42.0,,,,,,,,,,,,,,DB,Michigan,,,,,,,,,,,,,,,,,,,,,6.0,1.0,39.0
Montravius Adams,,GNB,3,93,2017,Auburn,2013,2016,50.0,,,,,,,,,,,,,,DT,Auburn,,,,,,,,,,,,,,,11.0,79.0,72.0,151.0,21.0,0.22,,,
Cameron Sutton,,PIT,3,94,2017,Tennessee,2013,2016,44.0,,,,,,,,,,,,,,DB,Tennessee,,,,,,,,,,,,,,,,,,,,,7.0,1.0,30.0
Delano Hill,,SEA,3,95,2017,Michigan,2013,2016,34.0,,,,,,,,,,,,,,DB,Michigan,,,,,,,,,,,,,,,,,,,,,3.0,1.0,5.0
Kenny Golladay,,DET,3,96,2017,Northern Illinois,2015,2016,26.0,,,,,,,,,,,,,,WR,Northern Illinois,,,,,,,,,,87.9,160.0,2285.0,14.3,18.0,,,,,,,,,
Cordrea Tankersley,,MIA,3,97,2017,Clemson,2013,2016,45.0,,,,,,,,,,,,,,DB,Clemson,,,,,,,,,,,,,,,,,,,,,9.0,1.0,20.0
Rasul Douglas,,PHI,3,99,2017,West Virginia,2015,2016,23.0,,,,,,,,,,,,,,CB,West Virginia,,,,,,,,,,,,,,,,,,,,,9.0,1.0,9.0
Jonnu Smith,,OTI,3,100,2017,Florida International,2013,2016,43.0,,,,,,,,,,,,,,TE,Florida International,,,,,,,,,,46.5,178.0,2001.0,11.2,18.0,,,,,,,,,
Nazair Jones,,SEA,3,102,2017,North Carolina,2014,2016,35.0,,,,,,,,,,,,,,DT,North Carolina,,,,,,,,,,,,,,,5.0,71.0,74.0,145.0,21.0,0.1428571428571428,,,
Trey Hendrickson,,NOR,3,103,2017,Florida Atlantic,2013,2016,40.0,,,,,,,,,,,,,,DE,Florida Atlantic,,,,,,,,,,,,,,,29.0,71.0,56.0,127.0,41.5,0.725,,,
C.J. Beathard,129.8,SFO,3,104,2017,Iowa,2013,2016,41.0,454.0,782.0,328.0,58.1,5562.0,40.0,19.0,5.1,2.4,7.1,7.04,12.3,135.7,QB,Iowa,,,,,,,,,,,,,,,,,,,,,,,
James Conner,,PIT,3,105,2017,Pitt,2013,2016,39.0,,,,,,,,,,,,,,RB,Pitt,95.7,668.0,3733.0,5.6,52.0,30.0,13.7,4.0,10.6,,,,,,,,,,,,,,
Amara Darboh,,SEA,3,106,2017,Michigan,2012,2016,48.0,,,,,,,,,,,,,,WR,Michigan,,,,,,,,,,43.0,151.0,2062.0,13.7,14.0,,,,,,,,,
Kendell Beckwith,,TAM,3,107,2017,LSU,2013,2016,44.0,,,,,,,,,,,,,,LB,LSU,,,,,,,,,,,,,,,7.0,124.0,139.0,263.0,24.5,0.1590909090909091,,,
Vince Biegel,,GNB,4,108,2017,Wisconsin,2013,2016,47.0,,,,,,,,,,,,,,LB,Wisconsin,,,,,,,,,,,,,,,20.0,111.0,71.0,182.0,37.5,0.425531914893617,,,
Jaleel Johnson,,MIN,4,109,2017,Iowa,2013,2016,41.0,,,,,,,,,,,,,,DL,Iowa,,,,,,,,,,,,,,,12.0,53.0,59.0,112.0,18.0,0.2926829268292683,,,
Dede Westbrook,,JAX,4,110,2017,Oklahoma,2015,2016,26.0,,,,,,,,,,,,,,WR,Oklahoma,,,,,,,,,,87.2,126.0,2267.0,18.0,21.0,,,,,,,,,
Tedric Thompson,,SEA,4,111,2017,Colorado,2013,2016,46.0,,,,,,,,,,,,,,DB,Colorado,,,,,,,,,,,,,,,,,,,,,13.0,0.0,26.0
Eddie Jackson,,CHI,4,112,2017,Alabama,2013,2016,40.0,,,,,,,,,,,,,,DB,Alabama,,,,,,,,,,,,,,,,,,,,,9.0,3.0,12.0
Rayshawn Jenkins,,SDG,4,113,2017,Miami (FL),2012,2016,48.0,,,,,,,,,,,,,,DB,Miami (FL),,,,,,,,,,,,,,,,,,,,,9.0,0.0,15.0
Samaje Perine,,WAS,4,114,2017,Oklahoma,2014,2016,36.0,,,,,,,,,,,,,,RB,Oklahoma,114.5,685.0,4122.0,6.0,49.0,40.0,8.0,2.0,8.9,,,,,,,,,,,,,,
Dorian Johnson,,CRD,4,115,2017,Pitt,2015,2015,13.0,,,,,,,,,,,,,,OL,Pitt,,,,,,,,,,,,,,,,,,,,,,,
Carl Lawson,,CIN,4,116,2017,Auburn,2013,2016,31.0,,,,,,,,,,,,,,DE,Auburn,,,,,,,,,,,,,,,14.0,34.0,33.0,67.0,24.0,0.4516129032258064,,,
Josh Reynolds,,RAM,4,117,2017,Texas A&M,2014,2016,38.0,,,,,,,,,,,,,,WR,Texas A&M,,,,,,,,,,73.4,164.0,2788.0,17.0,30.0,,,,,,,,,
Mack Hollins,,PHI,4,118,2017,North Carolina,2013,2016,42.0,,,,,,,,,,,,,,WR,North Carolina,,,,,,,,,,39.7,81.0,1667.0,20.6,20.0,,,,,,,,,
Ben Gedeon,,MIN,4,120,2017,Michigan,2013,2016,42.0,,,,,,,,,,,,,,LB,Michigan,,,,,,,,,,,,,,,6.0,80.0,96.0,176.0,21.0,0.1428571428571428,,,
Joe Williams,,SFO,4,121,2017,Utah,2015,2016,19.0,,,,,,,,,,,,,,RB,Utah,99.2,314.0,1884.0,6.0,13.0,20.0,9.6,0.0,10.1,,,,,,,,,,,,,,
Nico Siragusa,,RAV,4,122,2017,San Diego State,2015,2015,14.0,,,,,,,,,,,,,,OL,San Diego State,,,,,,,,,,,,,,,,,,,,,,,
Montae Nicholson,,WAS,4,123,2017,Michigan State,2014,2016,38.0,,,,,,,,,,,,,,DB,Michigan State,,,,,,,,,,,,,,,,,,,,,4.0,0.0,4.0
Jalen Reeves-Maybin,,DET,4,124,2017,Tennessee,2014,2016,30.0,,,,,,,,,,,,,,LB,Tennessee,,,,,,,,,,,,,,,8.0,141.0,85.0,226.0,27.0,0.2666666666666666,,,
Jalen Reeves-Maybin,,DET,4,124,2017,Tennessee,2013,2013,9.0,,,,,,,,,,,,,,DB,Tennessee,,,,,,,,,,,,,,,,,,,,,0.0,0.0,0.0
Howard Wilson,,CLE,4,126,2017,Houston,2014,2016,29.0,,,,,,,,,,,,,,DB,Houston,,,,,,,,,,,,,,,,,,,,,9.0,1.0,15.0
Michael Roberts,,DET,4,127,2017,Toledo,2013,2016,35.0,,,,,,,,,,,,,,TE,Toledo,,,,,,,,,,23.8,70.0,832.0,11.9,22.0,,,,,,,,,
Josh Malone,,CIN,4,128,2017,Tennessee,2014,2016,39.0,,,,,,,,,,,,,,WR,Tennessee,,,,,,,,,,41.2,104.0,1608.0,15.5,14.0,,,,,,,,,
David Sharpe,,RAI,4,129,2017,Florida,2015,2015,14.0,,,,,,,,,,,,,,OL,Florida,,,,,,,,,,,,,,,,,,,,,,,
Deatrich Wise Jr.,,NWE,4,131,2017,Arkansas,2012,2016,47.0,,,,,,,,,,,,,,DL,Arkansas,,,,,,,,,,,,,,,16.0,51.0,61.0,112.0,23.0,0.3404255319148936,,,
Donnel Pumphrey,,PHI,4,132,2017,San Diego State,2013,2016,54.0,,,,,,,,,,,,,,RB,San Diego State,118.6,1059.0,6405.0,6.0,62.0,100.0,10.4,5.0,19.3,,,,,,,,,,,,,,
Ryan Switzer,,DAL,4,133,2017,North Carolina,2013,2016,53.0,,,,,,,,,,,,,,WR,North Carolina,,,,,,,,,,54.9,244.0,2912.0,11.9,19.0,,,,,,,,,
Jamaal Williams,,GNB,4,134,2017,BYU,2012,2016,43.0,,,,,,,,,,,,,,RB,BYU,90.7,726.0,3901.0,5.4,35.0,60.0,9.5,1.0,13.2,,,,,,,,,,,,,,
Joshua Dobbs,133.2,PIT,4,135,2017,Tennessee,2013,2016,37.0,614.0,999.0,385.0,61.5,7138.0,53.0,29.0,5.3,2.9,7.1,6.9,11.6,192.9,QB,Tennessee,,,,,,,,,,,,,,,,,,,,,,,
Sean Harlow,,ATL,4,136,2017,Oregon State,2014,2015,19.0,,,,,,,,,,,,,,OL,Oregon State,,,,,,,,,,,,,,,,,,,,,,,
Zach Banner,,CLT,4,137,2017,USC,2014,2016,37.0,,,,,,,,,,,,,,T,USC,,,,,,,,,,,,,,,,,,,,,,,
Ryan Glasgow,,CIN,4,138,2017,Michigan,2013,2016,36.0,,,,,,,,,,,,,,DL,Michigan,,,,,,,,,,,,,,,5.0,41.0,50.0,91.0,18.5,0.1388888888888889,,,
Jehu Chesson,,KAN,4,139,2017,Michigan,2013,2016,48.0,,,,,,,,,,,,,,WR,Michigan,,,,,,,,,,34.1,114.0,1639.0,14.4,12.0,,,,,,,,,
Wayne Gallman,,NYG,4,140,2017,Clemson,2014,2016,42.0,,,,,,,,,,,,,,RB,Clemson,81.6,676.0,3429.0,5.1,34.0,65.0,7.3,2.0,11.3,,,,,,,,,,,,,,
Chad Hansen,,NYJ,4,141,2017,California,2015,2016,20.0,,,,,,,,,,,,,,WR,California,,,,,,,,,,74.9,111.0,1498.0,13.5,12.0,,,,,,,,,
Carlos Watkins,,HTX,4,142,2017,Clemson,2013,2013,3.0,,,,,,,,,,,,,,T,Clemson,,,,,,,,,,,,,,,,,,,,,,,
Carlos Watkins,,HTX,4,142,2017,Clemson,2012,2016,50.0,,,,,,,,,,,,,,DL,Clemson,,,,,,,,,,,,,,,14.0,56.0,49.0,105.0,24.0,0.28,,,
Marlon Mack,,CLT,4,143,2017,South Florida,2014,2016,36.0,,,,,,,,,,,,,,RB,South Florida,100.3,586.0,3609.0,6.2,32.0,65.0,7.7,1.0,13.8,,,,,,,,,,,,,,
Jake Butt,,DEN,5,145,2017,Michigan,2013,2016,45.0,,,,,,,,,,,,,,TE,Michigan,,,,,,,,,,36.6,138.0,1646.0,11.9,11.0,,,,,,,,,
George Kittle,,SFO,5,146,2017,Iowa,2013,2016,40.0,,,,,,,,,,,,,,TE,Iowa,,,,,,,,,,18.4,48.0,737.0,15.4,10.0,,,,,,,,,
Blair Brown,,JAX,5,148,2017,Ohio,2013,2016,43.0,,,,,,,,,,,,,,LB,Ohio,,,,,,,,,,,,,,,5.0,138.0,118.0,256.0,24.5,0.1162790697674418,,,
Damontae Kazee,,ATL,5,149,2017,San Diego State,2013,2016,53.0,,,,,,,,,,,,,,DB,San Diego State,,,,,,,,,,,,,,,,,,,,,17.0,2.0,30.0
Jordan Leggett,,NYJ,5,150,2017,Clemson,2013,2016,48.0,,,,,,,,,,,,,,TE,Clemson,,,,,,,,,,33.3,112.0,1598.0,14.3,18.0,,,,,,,,,
Desmond King,,SDG,5,151,2017,Iowa,2013,2016,53.0,,,,,,,,,,,,,,DB,Iowa,,,,,,,,,,,,,,,,,,,,,14.0,3.0,33.0
Corn Elder,,CAR,5,152,2017,Miami (FL),2013,2016,45.0,,,,,,,,,,,,,,DB,Miami (FL),,,,,,,,,,,,,,,,,,,,,3.0,0.0,27.0
Jeremy Sprinkle,,WAS,5,154,2017,Arkansas,2013,2016,43.0,,,,,,,,,,,,,,TE,Arkansas,,,,,,,,,,21.4,71.0,921.0,13.0,11.0,,,,,,,,,
Jayon Brown,,OTI,5,155,2017,UCLA,2013,2016,40.0,,,,,,,,,,,,,,LB,UCLA,,,,,,,,,,,,,,,3.0,136.0,87.0,223.0,9.0,0.075,,,
Brian Hill,,ATL,5,156,2017,Wyoming,2014,2016,38.0,,,,,,,,,,,,,,RB,Wyoming,112.8,775.0,4287.0,5.5,35.0,41.0,9.8,0.0,10.6,,,,,,,,,,,,,,
Will Holden,,CRD,5,157,2017,Vanderbilt,2015,2015,12.0,,,,,,,,,,,,,,OL,Vanderbilt,,,,,,,,,,,,,,,,,,,,,,,
Nathan Hairston,,CLT,5,158,2017,Temple,2013,2014,12.0,,,,,,,,,,,,,,WR,Temple,,,,,,,,,,12.5,20.0,150.0,7.5,0.0,,,,,,,,,
Nathan Hairston,,CLT,5,158,2017,Temple,2015,2016,28.0,,,,,,,,,,,,,,DB,Temple,,,,,,,,,,,,,,,,,,,,,2.0,0.0,4.0
Jermaine Eluemunor,,RAV,5,159,2017,Texas A&M,2015,2015,13.0,,,,,,,,,,,,,,OL,Texas A&M,,,,,,,,,,,,,,,,,,,,,,,
Roderick Johnson,,CLE,5,160,2017,Florida State,2015,2015,13.0,,,,,,,,,,,,,,OL,Florida State,,,,,,,,,,,,,,,,,,,,,,,
Anthony Walker,,CLT,5,161,2017,Northwestern,2014,2016,38.0,,,,,,,,,,,,,,LB,Northwestern,,,,,,,,,,,,,,,6.0,155.0,123.0,278.0,39.5,0.1578947368421052,,,
Jeremy McNichols,,TAM,5,162,2017,Boise State,2014,2016,34.0,,,,,,,,,,,,,,RB,Boise State,94.3,571.0,3205.0,5.6,44.0,103.0,10.6,11.0,32.0,,,,,,,,,,,,,,
Matt Milano,,BUF,5,163,2017,Boston College,2014,2016,37.0,,,,,,,,,,,,,,LB,Boston College,,,,,,,,,,,,,,,14.0,104.0,32.0,136.0,31.5,0.3783783783783784,,,
Matt Milano,,BUF,5,163,2017,Boston College,2013,2013,4.0,,,,,,,,,,,,,,S,Boston College,,,,,,,,,,,,,,,,,,,,,0.0,0.0,0.0
Isaac Asiata,,MIA,5,164,2017,Utah,2015,2016,26.0,,,,,,,,,,,,,,OL,Utah,,,,,,,,,,,,,,,,,,,,,,,
Shelton Gibson,,PHI,5,166,2017,West Virginia,2014,2016,38.0,,,,,,,,,,,,,,WR,West Virginia,,,,,,,,,,49.9,84.0,1898.0,22.6,17.0,,,,,,,,,
Marquel Lee,,RAI,5,168,2017,Wake Forest,2013,2016,46.0,,,,,,,,,,,,,,LB,Wake Forest,,,,,,,,,,,,,,,14.0,143.0,148.0,291.0,42.0,0.3043478260869565,,,
Treston Decoud,,HTX,5,169,2017,Oregon State,2015,2016,23.0,,,,,,,,,,,,,,CB,Oregon State,,,,,,,,,,,,,,,,,,,,,2.0,1.0,15.0
Rodney Adams,,MIN,5,170,2017,South Florida,2013,2016,39.0,,,,,,,,,,,,,,WR,South FloridaToledo,,,,,,,,,,50.8,137.0,1982.0,14.5,16.0,,,,,,,,,
Nathan Peterman,144.6,BUF,5,171,2017,Pitt,2013,2016,36.0,398.0,663.0,265.0,60.0,5236.0,47.0,17.0,7.1,2.6,7.9,8.16,13.2,145.4,QB,PittTennessee,,,,,,,,,,,,,,,,,,,,,,,
Isaiah McKenzie,,DEN,5,172,2017,Georgia,2014,2016,35.0,,,,,,,,,,,,,,WR,Georgia,,,,,,,,,,23.5,60.0,823.0,13.7,7.0,,,,,,,,,
Brian Allen,,PIT,5,173,2017,Utah,2014,2014,6.0,,,,,,,,,,,,,,WR,Utah,,,,,,,,,,0.0,0.0,0.0,,0.0,,,,,,,,,
Brian Allen,,PIT,5,173,2017,Utah,2015,2016,26.0,,,,,,,,,,,,,,DB,Utah,,,,,,,,,,,,,,,,,,,,,5.0,0.0,9.0
Deangelo Yancey,,GNB,5,175,2017,Purdue,2013,2016,44.0,,,,,,,,,,,,,,WR,Purdue,,,,,,,,,,53.3,141.0,2344.0,16.6,20.0,,,,,,,,,
J.J. Dielman,,CIN,5,176,2017,Utah,2014,2015,26.0,,,,,,,,,,,,,,OL,Utah,,,,,,,,,,,,,,,,,,,,,,,
Trent Taylor,,SFO,5,177,2017,Louisiana Tech,2013,2016,51.0,,,,,,,,,,,,,,WR,Louisiana Tech,,,,,,,,,,81.9,327.0,4179.0,12.8,32.0,,,,,,,,,
Davon Gaudchaux,,MIA,5,178,2017,LSU,2014,2016,35.0,,,,,,,,,,,,,,DT,LSU,,,,,,,,,,,,,,,12.0,51.0,88.0,139.0,19.0,0.3428571428571428,,,
T.J. Logan,,CRD,5,179,2017,North Carolina,2013,2016,49.0,,,,,,,,,,,,,,RB,North Carolina,44.2,398.0,2165.0,5.4,19.0,76.0,8.7,4.0,13.5,,,,,,,,,,,,,,
Danny Isidora,,MIN,5,180,2017,Miami (FL),2015,2016,25.0,,,,,,,,,,,,,,OL,Miami (FL),,,,,,,,,,,,,,,,,,,,,,,
Aaron Jones,,GNB,5,182,2017,UTEP,2013,2016,35.0,,,,,,,,,,,,,,RB,UTEP,117.5,658.0,4114.0,6.3,33.0,71.0,9.1,7.0,18.5,,,,,,,,,,,,,,
Ukeme Eligwe,,KAN,5,183,2017,Georgia Southern,2013,2016,23.0,,,,,,,,,,,,,,LB,Florida StateGeorgia Southern,,,,,,,,,,,,,,,4.0,81.0,47.0,128.0,12.5,0.1739130434782608,,,
Nathan Gerry,,PHI,5,184,2017,Nebraska,2013,2016,48.0,,,,,,,,,,,,,,DB,Nebraska,,,,,,,,,,,,,,,,,,,,,13.0,0.0,19.0
Caleb Brantley,,CLE,6,185,2017,Florida,2014,2016,38.0,,,,,,,,,,,,,,DL,Florida,,,,,,,,,,,,,,,5.0,30.0,51.0,81.0,20.0,0.131578947368421,,,
Chuck Clark,,RAV,6,186,2017,Virginia Tech,2013,2016,50.0,,,,,,,,,,,,,,S,Virginia Tech,,,,,,,,,,,,,,,,,,,,,2.0,0.0,21.0
Mike Tyson,,SEA,6,187,2017,Cincinnati,2013,2016,41.0,,,,,,,,,,,,,,S,Cincinnati,,,,,,,,,,,,,,,,,,,,,7.0,0.0,11.0
Elijah McGuire,,NYJ,6,188,2017,Louisiana,2013,2016,51.0,,,,,,,,,,,,,,RB,Louisiana,84.5,711.0,4312.0,6.1,42.0,129.0,10.7,10.0,27.1,,,,,,,,,,,,,,
Tanzel Smart,,RAM,6,189,2017,Tulane,2013,2016,44.0,,,,,,,,,,,,,,DT,Tulane,,,,,,,,,,,,,,,9.0,104.0,86.0,190.0,40.5,0.2045454545454545,,,
Sam Tevi,,SDG,6,190,2017,Utah,2015,2015,12.0,,,,,,,,,,,,,,T,Utah,,,,,,,,,,,,,,,,,,,,,,,
Sam Tevi,,SDG,6,190,2017,Utah,2013,2013,3.0,,,,,,,,,,,,,,DT,Utah,,,,,,,,,,,,,,,1.0,4.0,5.0,9.0,2.0,0.3333333333333333,,,
Xavier Woods,,DAL,6,191,2017,Louisiana Tech,2013,2016,53.0,,,,,,,,,,,,,,DB,Louisiana Tech,,,,,,,,,,,,,,,,,,,,,14.0,2.0,18.0
Jordan Evans,,CIN,6,193,2017,Oklahoma,2013,2016,39.0,,,,,,,,,,,,,,LB,Oklahoma,,,,,,,,,,,,,,,3.0,153.0,107.0,260.0,21.5,0.0769230769230769,,,
Vincent Taylor,,MIA,6,194,2017,Oklahoma State,2014,2016,36.0,,,,,,,,,,,,,,DT,Oklahoma State,,,,,,,,,,,,,,,12.0,66.0,46.0,112.0,22.5,0.3333333333333333,,,
Tanner Vallejo,,BUF,6,195,2017,Boise State,2013,2016,44.0,,,,,,,,,,,,,,LB,Boise State,,,,,,,,,,,,,,,5.0,163.0,113.0,276.0,36.0,0.1136363636363636,,,
Al-Quadin Muhammad,,NOR,6,196,2017,Miami (FL),2013,2015,17.0,,,,,,,,,,,,,,DE,Miami (FL),,,,,,,,,,,,,,,7.0,39.0,21.0,60.0,10.5,0.4117647058823529,,,
Jeremy Clark,,NYJ,6,197,2017,Michigan,2014,2016,28.0,,,,,,,,,,,,,,DB,Michigan,,,,,,,,,,,,,,,,,,,,,3.0,0.0,7.0
D.J. Jones,,SFO,6,198,2017,Ole Miss,2015,2016,25.0,,,,,,,,,,,,,,DT,Ole Miss,,,,,,,,,,,,,,,6.0,34.0,36.0,70.0,8.5,0.24,,,
Chase Roullier,,WAS,6,199,2017,Wyoming,2013,2015,25.0,,,,,,,,,,,,,,C,Wyoming,,,,,,,,,,,,,,,,,,,,,,,
Adam Bisnowaty,,NYG,6,200,2017,Pitt,2015,2015,12.0,,,,,,,,,,,,,,OL,Pitt,,,,,,,,,,,,,,,,,,,,,,,
Bucky Hodges,,MIN,6,201,2017,Virginia Tech,2014,2016,40.0,,,,,,,,,,,,,,TE,Virginia Tech,,,,,,,,,,43.7,133.0,1747.0,13.1,20.0,,,,,,,,,
Pita Taumoepenu,,SFO,6,202,2017,Utah,2015,2016,26.0,,,,,,,,,,,,,,DE,Utah,,,,,,,,,,,,,,,15.0,35.0,15.0,50.0,18.0,0.5769230769230769,,,
Derrick Jones,,NYJ,6,204,2017,Ole Miss,2015,2016,22.0,,,,,,,,,,,,,,WR,Ole Miss,,,,,,,,,,5.5,6.0,120.0,20.0,1.0,,,,,,,,,
Derrick Jones,,NYJ,6,204,2017,Ole Miss,2013,2014,21.0,,,,,,,,,,,,,,DB,Ole Miss,,,,,,,,,,,,,,,,,,,,,0.0,0.0,3.0
Jeremiah Ledbetter,,DET,6,205,2017,Arkansas,2015,2016,26.0,,,,,,,,,,,,,,DL,Arkansas,,,,,,,,,,,,,,,7.0,41.0,63.0,104.0,15.0,0.2692307692307692,,,
Sam Rogers,,RAM,6,206,2017,Virginia Tech,2013,2016,51.0,,,,,,,,,,,,,,FB,Virginia Tech,13.6,165.0,692.0,4.2,4.0,72.0,11.1,7.0,15.7,,,,,,,,,,,,,,
Brandon Wilson,,CIN,6,207,2017,Houston,2013,2016,41.0,,,,,,,,,,,,,,DB,Houston,,,,,,,,,,,,,,,,,,,,,2.0,1.0,15.0
Johnathan Ford,,CRD,6,208,2017,Auburn,2013,2013,5.0,,,,,,,,,,,,,,RB,Auburn,14.6,6.0,73.0,12.2,1.0,0.0,,0.0,0.0,,,,,,,,,,,,,,
Johnathan Ford,,CRD,6,208,2017,Auburn,2016,2016,12.0,,,,,,,,,,,,,,TE,Auburn,,,,,,,,,,2.1,1.0,25.0,25.0,0.0,,,,,,,,,
Johnathan Ford,,CRD,6,208,2017,Auburn,2014,2015,26.0,,,,,,,,,,,,,,DB,Auburn,,,,,,,,,,,,,,,,,,,,,5.0,1.0,3.0
Robert Davis,,WAS,6,209,2017,Georgia State,2013,2016,49.0,,,,,,,,,,,,,,WR,Georgia State,,,,,,,,,,69.2,222.0,3391.0,15.3,17.0,,,,,,,,,
Justin Senior,,SEA,6,210,2017,Mississippi State,2015,2015,12.0,,,,,,,,,,,,,,OL,Mississippi State,,,,,,,,,,,,,,,,,,,,,,,
Conor McDermott,,NWE,6,211,2017,UCLA,2015,2015,12.0,,,,,,,,,,,,,,OL,UCLA,,,,,,,,,,,,,,,,,,,,,,,
Kofi Amichia,,GNB,6,212,2017,South Florida,2015,2015,13.0,,,,,,,,,,,,,,OL,South Florida,,,,,,,,,,,,,,,,,,,,,,,
Colin Holba,,PIT,6,213,2017,Louisville,2015,2016,24.0,,,,,,,,,,,,,,LS,Louisville,,,,,,,,,,,,,,,,,,,,,0.0,0.0,0.0
Elijah Qualls,,PHI,6,214,2017,Washington,2014,2016,38.0,,,,,,,,,,,,,,DL,Washington,,,,,,,,,,,,,,,7.0,42.0,35.0,77.0,11.5,0.1842105263157894,,,
Brad Kaaya,146.2,DET,6,215,2017,Miami (FL),2014,2016,38.0,721.0,1189.0,468.0,60.6,9972.0,69.0,24.0,5.8,2.0,8.4,8.64,13.8,262.4,QB,Miami (FL),,,,,,,,,,,,,,,,,,,,,,,
Marquez White,,DAL,6,216,2017,Florida State,2013,2016,44.0,,,,,,,,,,,,,,DB,Florida State,,,,,,,,,,,,,,,,,,,,,4.0,0.0,6.0
Leon McQuay III,,KAN,6,218,2017,USC,2013,2016,43.0,,,,,,,,,,,,,,CB,USC,,,,,,,,,,,,,,,,,,,,,5.0,0.0,17.0
Stacy Coley,,MIN,7,219,2017,Miami (FL),2013,2016,48.0,,,,,,,,,,,,,,WR,Miami (FL),,,,,,,,,,46.3,167.0,2222.0,13.3,20.0,,,,,,,,,
Ifeadi Odenigbo,,MIN,7,220,2017,Northwestern,2016,2016,13.0,0.0,0.0,0.0,,0.0,0.0,0.0,,,,,,0.0,QB,Northwestern,,,,,,,,,,,,,,,,,,,,,,,
Ifeadi Odenigbo,,MIN,7,220,2017,Northwestern,2013,2015,34.0,,,,,,,,,,,,,,DL,Northwestern,,,,,,,,,,,,,,,13.0,25.0,14.0,39.0,14.5,0.3823529411764705,,,
Shalom Luani,,RAI,7,221,2017,Washington State,2015,2016,25.0,,,,,,,,,,,,,,S,Washington State,,,,,,,,,,,,,,,,,,,,,8.0,1.0,12.0
Jalen Myrick,,JAX,7,222,2017,Minnesota,2013,2016,47.0,,,,,,,,,,,,,,DB,Minnesota,,,,,,,,,,,,,,,,,,,,,5.0,2.0,21.0
Stevie Tu'Ikolovatu,,TAM,7,223,2017,USC,2014,2016,38.0,,,,,,,,,,,,,,DT,USCUtah,,,,,,,,,,,,,,,2.0,46.0,43.0,89.0,9.0,0.0526315789473684,,,
Isaac Rochell,,SDG,7,225,2017,Notre Dame,2013,2016,42.0,,,,,,,,,,,,,,DL,Notre Dame,,,,,,,,,,,,,,,4.0,84.0,84.0,168.0,22.0,0.0952380952380952,,,
Josh Carraway,,OTI,7,227,2017,Texas Christian,2012,2016,43.0,,,,,,,,,,,,,,DL,Texas Christian,,,,,,,,,,,,,,,19.0,64.0,69.0,133.0,27.5,0.4418604651162791,,,
Joey Ivie,,DAL,7,228,2017,Florida,2013,2016,34.0,,,,,,,,,,,,,,DL,Florida,,,,,,,,,,,,,,,7.0,31.0,49.0,80.0,10.5,0.2058823529411764,,,
Adrian Colbert,,SFO,7,229,2017,Miami (FL),2013,2016,40.0,,,,,,,,,,,,,,S,Miami (FL)Texas,,,,,,,,,,,,,,,,,,,,,2.0,0.0,4.0
Josh Harvey-Clemons,,WAS,7,230,2017,Louisville,2012,2016,47.0,,,,,,,,,,,,,,DB,GeorgiaLouisville,,,,,,,,,,,,,,,,,,,,,4.0,0.0,11.0
Elijah Lee,,MIN,7,232,2017,Kansas State,2014,2016,39.0,,,,,,,,,,,,,,LB,Kansas State,,,,,,,,,,,,,,,11.0,154.0,55.0,209.0,18.5,0.282051282051282,,,
Ejuan Price,,RAM,7,234,2017,Pitt,2011,2016,45.0,,,,,,,,,,,,,,LB,Pitt,,,,,,,,,,,,,,,29.0,92.0,51.0,143.0,53.0,0.6444444444444445,,,
Joshua Holsey,,WAS,7,235,2017,Auburn,2012,2016,44.0,,,,,,,,,,,,,,DB,Auburn,,,,,,,,,,,,,,,,,,,,,4.0,0.0,19.0
Isaiah Ford,,MIA,7,237,2017,Virginia Tech,2014,2016,40.0,,,,,,,,,,,,,,WR,Virginia Tech,,,,,,,,,,74.2,210.0,2967.0,14.1,24.0,,,,,,,,,
Devante Mays,,GNB,7,238,2017,Utah State,2015,2016,19.0,,,,,,,,,,,,,,RB,Utah State,64.5,202.0,1225.0,6.1,12.0,2.0,8.5,0.0,0.9,,,,,,,,,,,,,,
Noah Brown,,DAL,7,239,2017,Ohio State,2014,2016,24.0,,,,,,,,,,,,,,WR,Ohio State,,,,,,,,,,17.1,33.0,411.0,12.5,7.0,,,,,,,,,
Marquez Williams,,JAX,7,240,2017,Miami (FL),2016,2016,12.0,,,,,,,,,,,,,,FB,Miami (FL),0.1,1.0,1.0,1.0,0.0,2.0,9.5,1.0,1.6,,,,,,,,,,,,,,
Khalfani Muhammad,,OTI,7,241,2017,California,2013,2016,45.0,,,,,,,,,,,,,,RB,California,46.1,359.0,2073.0,5.8,11.0,55.0,10.4,3.0,12.7,,,,,,,,,,,,,,
Elijah Hood,,RAI,7,242,2017,North Carolina,2014,2016,34.0,,,,,,,,,,,,,,RB,North Carolina,75.9,431.0,2580.0,6.0,29.0,40.0,5.3,0.0,6.2,,,,,,,,,,,,,,
Kyle Fuller,,HTX,7,243,2017,Baylor,2013,2015,15.0,,,,,,,,,,,,,,OL,Baylor,,,,,,,,,,,,,,,,,,,,,,,
Treyvon Hester,,RAI,7,244,2017,Toledo,2013,2016,47.0,,,,,,,,,,,,,,DT,Toledo,,,,,,,,,,,,,,,13.0,77.0,84.0,161.0,31.5,0.2765957446808511,,,
Jack Tocho,,MIN,7,245,2017,North Carolina State,2013,2016,47.0,,,,,,,,,,,,,,CB,North Carolina State,,,,,,,,,,,,,,,,,,,,,6.0,0.0,26.0
Jordan Carrell,,DAL,7,246,2017,Colorado,2015,2016,27.0,,,,,,,,,,,,,,DL,Colorado,,,,,,,,,,,,,,,6.0,54.0,35.0,89.0,13.5,0.2222222222222222,,,
Malachi Dupre,,GNB,7,247,2017,LSU,2014,2016,36.0,,,,,,,,,,,,,,WR,LSU,,,,,,,,,,44.7,98.0,1609.0,16.4,14.0,,,,,,,,,
Keion Adams,,PIT,7,248,2017,Western Michigan,2013,2016,50.0,,,,,,,,,,,,,,LB,Western Michigan,,,,,,,,,,,,,,,13.0,71.0,54.0,125.0,32.0,0.26,,,
Chris Carson,,SEA,7,249,2017,Oklahoma State,2015,2016,21.0,,,,,,,,,,,,,,RB,Oklahoma State,51.2,213.0,1076.0,5.1,13.0,30.0,9.9,1.0,14.2,,,,,,,,,,,,,,
Pat O'Connor,,DET,7,250,2017,Eastern Michigan,2012,2016,48.0,,,,,,,,,,,,,,DL,Eastern Michigan,,,,,,,,,,,,,,,20.0,68.0,98.0,166.0,33.5,0.4166666666666667,,,
Mason Schreck,,CIN,7,251,2017,Buffalo,2013,2016,39.0,,,,,,,,,,,,,,TE,Buffalo,,,,,,,,,,28.5,107.0,1113.0,10.4,6.0,,,,,,,,,
Matt Dayes,,CLE,7,252,2017,North Carolina State,2013,2016,45.0,,,,,,,,,,,,,,RB,North Carolina State,63.5,550.0,2856.0,5.2,34.0,98.0,9.5,6.0,20.7,,,,,,,,,,,,,,
Chad Kelly,150.9,DEN,7,253,2017,Ole Miss,2013,2016,27.0,513.0,803.0,290.0,63.9,6858.0,50.0,21.0,6.2,2.6,8.5,8.61,13.4,254.0,QB,ClemsonOle Miss,,,,,,,,,,,,,,,,,,,,,,,
Baker Mayfield,175.4,CLE,1,1,2018,Oklahoma,2013,2017,48.0,1026.0,1497.0,471.0,68.5,14607.0,131.0,30.0,8.8,2.0,9.8,10.61,14.2,304.3,QB,OklahomaTexas Tech,,,,,,,,,,,,,,,,,,,,,,,
Saquon Barkley,,NYG,1,2,2018,Penn State,2015,2017,38.0,,,,,,,,,,,,,,RB,Penn State,101.1,671.0,3843.0,5.7,43.0,102.0,11.7,8.0,31.4,,,,,,,,,,,,,,
Sam Darnold,153.7,NYJ,1,3,2018,USC,2016,2017,27.0,549.0,846.0,297.0,64.9,7229.0,57.0,22.0,6.7,2.6,8.5,8.72,13.2,267.7,QB,USC,,,,,,,,,,,,,,,,,,,,,,,
Denzel Ward,,CLE,1,4,2018,Ohio State,2015,2017,37.0,,,,,,,,,,,,,,CB,Ohio State,,,,,,,,,,,,,,,,,,,,,2.0,0.0,24.0
Bradley Chubb,,DEN,1,5,2018,North Carolina State,2014,2017,49.0,,,,,,,,,,,,,,DE,North Carolina State,,,,,,,,,,,,,,,26.0,103.0,101.0,204.0,60.0,0.5306122448979592,,,
Quenton Nelson,,CLT,1,6,2018,Notre Dame,2015,2017,36.0,,,,,,,,,,,,,,OL,Notre Dame,,,,,,,,,,,,,,,,,,,,,,,
Josh Allen,137.7,BUF,1,7,2018,Wyoming,2015,2017,27.0,365.0,649.0,284.0,56.2,5066.0,44.0,21.0,6.8,3.2,7.8,7.71,13.9,187.6,QB,Wyoming,,,,,,,,,,,,,,,,,,,,,,,
Roquan Smith,,CHI,1,8,2018,Georgia,2015,2017,40.0,,,,,,,,,,,,,,LB,Georgia,,,,,,,,,,,,,,,6.0,146.0,106.0,252.0,20.5,0.15,,,
Mike McGlinchey,,SFO,1,9,2018,Notre Dame,2014,2017,49.0,,,,,,,,,,,,,,OL,Notre Dame,,,,,,,,,,,,,,,,,,,,,,,
Josh Rosen,140.1,CRD,1,10,2018,UCLA,2015,2017,30.0,712.0,1170.0,458.0,60.9,9341.0,59.0,26.0,5.0,2.2,8.0,7.99,13.1,311.4,QB,UCLA,,,,,,,,,,,,,,,,,,,,,,,
Minkah Fitzpatrick,,MIA,1,11,2018,Alabama,2015,2017,42.0,,,,,,,,,,,,,,DB,Alabama,,,,,,,,,,,,,,,,,,,,,9.0,4.0,26.0
Vita Vea,,TAM,1,12,2018,Washington,2015,2017,40.0,,,,,,,,,,,,,,DL,Washington,,,,,,,,,,,,,,,9.0,66.0,34.0,100.0,15.0,0.225,,,
Daron Payne,,WAS,1,13,2018,Alabama,2015,2017,44.0,,,,,,,,,,,,,,DL,Alabama,,,,,,,,,,,,,,,3.0,39.0,63.0,102.0,5.0,0.0681818181818181,,,
Marcus Davenport,,NOR,1,14,2018,UTSA,2014,2017,46.0,,,,,,,,,,,,,,DE,UTSA,,,,,,,,,,,,,,,21.0,100.0,86.0,186.0,37.0,0.4565217391304347,,,
Kolton Miller,,RAI,1,15,2018,UCLA,2015,2017,26.0,,,,,,,,,,,,,,OL,UCLA,,,,,,,,,,,,,,,,,,,,,,,
Tremaine Edmunds,,BUF,1,16,2018,Virginia Tech,2015,2017,40.0,,,,,,,,,,,,,,LB,Virginia Tech,,,,,,,,,,,,,,,10.0,122.0,104.0,226.0,35.0,0.25,,,
Derwin James,,SDG,1,17,2018,Florida State,2015,2017,27.0,,,,,,,,,,,,,,DB,Florida State,,,,,,,,,,,,,,,,,,,,,3.0,1.0,15.0
Jaire Alexander,,GNB,1,18,2018,Louisville,2015,2017,31.0,,,,,,,,,,,,,,CB,Louisville,,,,,,,,,,,,,,,,,,,,,7.0,0.0,15.0
Leighton Vander Esch,,DAL,1,19,2018,Boise State,2015,2017,32.0,,,,,,,,,,,,,,LB,Boise State,,,,,,,,,,,,,,,5.0,128.0,60.0,188.0,13.0,0.15625,,,
Frank Ragnow,,DET,1,20,2018,Arkansas,2015,2016,26.0,,,,,,,,,,,,,,OL,Arkansas,,,,,,,,,,,,,,,,,,,,,,,
Billy Price,,CIN,1,21,2018,Ohio State,2015,2017,27.0,,,,,,,,,,,,,,OL,Ohio State,,,,,,,,,,,,,,,,,,,,,,,
Billy Price,,CIN,1,21,2018,Ohio State,2014,2014,15.0,,,,,,,,,,,,,,DL,Ohio State,,,,,,,,,,,,,,,0.0,1.0,0.0,1.0,0.0,0.0,,,
Rashaan Evans,,OTI,1,22,2018,Alabama,2014,2017,53.0,,,,,,,,,,,,,,LB,Alabama,,,,,,,,,,,,,,,15.0,85.0,67.0,152.0,23.5,0.2830188679245283,,,
Isaiah Wynn,,NWE,1,23,2018,Georgia,2015,2016,25.0,,,,,,,,,,,,,,G,Georgia,,,,,,,,,,,,,,,,,,,,,,,
D.J. Moore,,CAR,1,24,2018,Maryland,2015,2017,37.0,,,,,,,,,,,,,,WR,Maryland,,,,,,,,,,54.8,146.0,2027.0,13.9,17.0,,,,,,,,,
Hayden Hurst,,RAV,1,25,2018,South Carolina,2015,2017,38.0,,,,,,,,,,,,,,TE,South Carolina,,,,,,,,,,33.7,100.0,1281.0,12.8,3.0,,,,,,,,,
Calvin Ridley,,ATL,1,26,2018,Alabama,2015,2017,44.0,,,,,,,,,,,,,,WR,Alabama,,,,,,,,,,63.2,224.0,2781.0,12.4,19.0,,,,,,,,,
Rashaad Penny,,SEA,1,27,2018,San Diego State,2014,2017,54.0,,,,,,,,,,,,,,RB,San Diego State,67.7,488.0,3656.0,7.5,38.0,42.0,11.4,6.0,8.9,,,,,,,,,,,,,,
Terrell Edmunds,,PIT,1,28,2018,Virginia Tech,2015,2016,27.0,,,,,,,,,,,,,,LB,Virginia Tech,,,,,,,,,,,,,,,0.0,61.0,62.0,123.0,4.0,0.0,,,
Terrell Edmunds,,PIT,1,28,2018,Virginia Tech,2017,2017,10.0,,,,,,,,,,,,,,S,Virginia Tech,,,,,,,,,,,,,,,,,,,,,2.0,0.0,4.0
Taven Bryan,,JAX,1,29,2018,Florida,2015,2017,36.0,,,,,,,,,,,,,,DL,Florida,,,,,,,,,,,,,,,5.0,31.0,36.0,67.0,10.5,0.1388888888888889,,,
Mike Hughes,,MIN,1,30,2018,UCF,2015,2017,26.0,,,,,,,,,,,,,,CB,North CarolinaUCF,,,,,,,,,,,,,,,,,,,,,4.0,1.0,14.0
Sony Michel,,NWE,1,31,2018,Georgia,2014,2017,47.0,,,,,,,,,,,,,,RB,Georgia,77.4,591.0,3638.0,6.2,33.0,64.0,9.7,6.0,13.2,,,,,,,,,,,,,,
Lamar Jackson,142.9,RAV,1,32,2018,Louisville,2015,2017,38.0,619.0,1086.0,467.0,57.0,9043.0,69.0,27.0,6.4,2.5,8.3,8.48,14.6,238.0,QB,Louisville,,,,,,,,,,,,,,,,,,,,,,,
Austin Corbett,,CLE,2,33,2018,Nevada,2015,2017,25.0,,,,,,,,,,,,,,OL,Nevada,,,,,,,,,,,,,,,,,,,,,,,
Will Hernandez,,NYG,2,34,2018,UTEP,2015,2015,12.0,,,,,,,,,,,,,,OL,UTEP,,,,,,,,,,,,,,,,,,,,,,,
Nick Chubb,,CLE,2,35,2018,Georgia,2014,2017,47.0,,,,,,,,,,,,,,RB,Georgia,101.5,758.0,4769.0,6.3,44.0,31.0,11.6,4.0,7.7,,,,,,,,,,,,,,
Braden Smith,,CLT,2,37,2018,Auburn,2015,2015,13.0,,,,,,,,,,,,,,OL,Auburn,,,,,,,,,,,,,,,,,,,,,,,
Ronald Jones,,TAM,2,38,2018,USC,2015,2017,40.0,,,,,,,,,,,,,,RB,USC,90.5,591.0,3619.0,6.1,39.0,32.0,9.4,3.0,7.6,,,,,,,,,,,,,,
James Daniels,,CHI,2,39,2018,Iowa,2015,2017,26.0,,,,,,,,,,,,,,OL,Iowa,,,,,,,,,,,,,,,,,,,,,,,
Courtland Sutton,,DEN,2,40,2018,SMU,2015,2017,37.0,,,,,,,,,,,,,,WR,SMU,,,,,,,,,,86.3,193.0,3193.0,16.5,31.0,,,,,,,,,
Courtland Sutton,,DEN,2,40,2018,SMU,2014,2014,3.0,,,,,,,,,,,,,,DB,SMU,,,,,,,,,,,,,,,,,,,,,0.0,0.0,0.0
Harold Landry,,OTI,2,41,2018,Boston College,2014,2017,47.0,,,,,,,,,,,,,,DL,Boston College,,,,,,,,,,,,,,,26.0,100.0,60.0,160.0,47.5,0.5531914893617021,,,
Mike Gesicki,,MIA,2,42,2018,Penn State,2014,2017,51.0,,,,,,,,,,,,,,TE,Penn State,,,,,,,,,,29.0,129.0,1481.0,11.5,15.0,,,,,,,,,
Kerryon Johnson,,DET,2,43,2018,Auburn,2015,2017,37.0,,,,,,,,,,,,,,RB,Auburn,67.4,519.0,2494.0,4.8,32.0,55.0,8.7,2.0,12.9,,,,,,,,,,,,,,
Dante Pettis,,SFO,2,44,2018,Washington,2014,2017,53.0,,,,,,,,,,,,,,WR,Washington,,,,,,,,,,42.6,163.0,2256.0,13.8,24.0,,,,,,,,,
Joshua Jackson,,GNB,2,45,2018,Iowa,2015,2015,14.0,,,,,,,,,,,,,,WR,Iowa,,,,,,,,,,0.0,0.0,0.0,,0.0,,,,,,,,,
Joshua Jackson,,GNB,2,45,2018,Iowa,2016,2017,25.0,,,,,,,,,,,,,,DB,Iowa,,,,,,,,,,,,,,,,,,,,,8.0,2.0,22.0
Breeland Speaks,,KAN,2,46,2018,Ole Miss,2015,2017,37.0,,,,,,,,,,,,,,DT,Ole Miss,,,,,,,,,,,,,,,9.0,52.0,75.0,127.0,15.0,0.2432432432432432,,,
Christian Kirk,,CRD,2,47,2018,Texas A&M,2015,2017,39.0,,,,,,,,,,,,,,WR,Texas A&M,,,,,,,,,,73.2,234.0,2856.0,12.2,26.0,,,,,,,,,
Uchenna Nwosu,,SDG,2,48,2018,USC,2014,2017,53.0,,,,,,,,,,,,,,LB,USC,,,,,,,,,,,,,,,12.0,94.0,74.0,168.0,20.5,0.2264150943396226,,,
Connor Williams,,DAL,2,50,2018,Texas,2015,2016,23.0,,,,,,,,,,,,,,OL,Texas,,,,,,,,,,,,,,,,,,,,,,,
Anthony Miller,,CHI,2,51,2018,Memphis,2015,2017,38.0,,,,,,,,,,,,,,WR,Memphis,,,,,,,,,,94.5,238.0,3590.0,15.1,37.0,,,,,,,,,
Kemoko Turay,,CLT,2,52,2018,Rutgers,2014,2017,44.0,,,,,,,,,,,,,,DE,Rutgers,,,,,,,,,,,,,,,15.0,54.0,49.0,103.0,20.5,0.3409090909090909,,,
M.J. Stewart,,TAM,2,53,2018,North Carolina,2014,2017,50.0,,,,,,,,,,,,,,CB,North Carolina,,,,,,,,,,,,,,,,,,,,,6.0,0.0,41.0
Jessie Bates,,CIN,2,54,2018,Wake Forest,2016,2017,24.0,,,,,,,,,,,,,,DB,Wake Forest,,,,,,,,,,,,,,,,,,,,,6.0,2.0,9.0
Donte Jackson,,CAR,2,55,2018,LSU,2015,2017,37.0,,,,,,,,,,,,,,DB,LSU,,,,,,,,,,,,,,,,,,,,,4.0,0.0,20.0
Duke Dawson,,NWE,2,56,2018,Florida,2014,2017,48.0,,,,,,,,,,,,,,DB,Florida,,,,,,,,,,,,,,,,,,,,,6.0,3.0,17.0
Isaiah Oliver,,ATL,2,58,2018,Colorado,2015,2015,13.0,,,,,,,,,,,,,,WR,Colorado,,,,,,,,,,0.0,0.0,0.0,,0.0,,,,,,,,,
Isaiah Oliver,,ATL,2,58,2018,Colorado,2016,2017,24.0,,,,,,,,,,,,,,DB,Colorado,,,,,,,,,,,,,,,,,,,,,3.0,0.0,20.0
Derrius Guice,,WAS,2,59,2018,LSU,2015,2017,36.0,,,,,,,,,,,,,,RB,LSU,85.4,471.0,3074.0,6.5,29.0,32.0,7.8,3.0,6.9,,,,,,,,,,,,,,
James Washington,,PIT,2,60,2018,Oklahoma State,2014,2017,52.0,,,,,,,,,,,,,,WR,Oklahoma State,,,,,,,,,,86.0,226.0,4472.0,19.8,39.0,,,,,,,,,
D.J. Chark,,JAX,2,61,2018,LSU,2015,2017,30.0,,,,,,,,,,,,,,WR,LSU,,,,,,,,,,45.0,66.0,1351.0,20.5,6.0,,,,,,,,,
Brian O'Neill,,MIN,2,62,2018,Pitt,2015,2017,38.0,,,,,,,,,,,,,,OL,Pitt,,,,,,,,,,,,,,,,,,,,,,,
Carlton Davis,,TAM,2,63,2018,Auburn,2015,2017,38.0,,,,,,,,,,,,,,DB,Auburn,,,,,,,,,,,,,,,,,,,,,4.0,0.0,29.0
Tyquan Lewis,,CLT,2,64,2018,Ohio State,2014,2017,53.0,,,,,,,,,,,,,,DL,Ohio State,,,,,,,,,,,,,,,23.0,63.0,49.0,112.0,36.5,0.4339622641509434,,,
Lorenzo Carter,,NYG,3,66,2018,Georgia,2014,2017,54.0,,,,,,,,,,,,,,LB,Georgia,,,,,,,,,,,,,,,14.0,82.0,83.0,165.0,20.5,0.2592592592592592,,,
Chad Thomas,,CLE,3,67,2018,Miami (FL),2014,2017,48.0,,,,,,,,,,,,,,DE,Miami (FL),,,,,,,,,,,,,,,10.0,51.0,52.0,103.0,26.0,0.2083333333333333,,,
Justin Reid,,HTX,3,68,2018,Stanford,2015,2017,40.0,,,,,,,,,,,,,,S,Stanford,,,,,,,,,,,,,,,,,,,,,6.0,0.0,14.0
B.J. Hill,,NYG,3,69,2018,North Carolina State,2014,2017,51.0,,,,,,,,,,,,,,DT,North Carolina State,,,,,,,,,,,,,,,9.0,79.0,107.0,186.0,26.5,0.1764705882352941,,,
Fred Warner,,SFO,3,70,2018,BYU,2014,2017,49.0,,,,,,,,,,,,,,LB,BYU,,,,,,,,,,,,,,,6.0,158.0,106.0,264.0,32.0,0.1224489795918367,,,
Royce Freeman,,DEN,3,71,2018,Oregon,2014,2017,51.0,,,,,,,,,,,,,,RB,Oregon,110.2,947.0,5621.0,5.9,60.0,79.0,10.3,4.0,16.0,,,,,,,,,,,,,,
Jerome Baker,,MIA,3,73,2018,Ohio State,2015,2017,33.0,,,,,,,,,,,,,,LB,Ohio State,,,,,,,,,,,,,,,7.0,90.0,68.0,158.0,17.5,0.2121212121212121,,,
Geron Christian,,WAS,3,74,2018,Louisville,2015,2017,38.0,,,,,,,,,,,,,,OL,Louisville,,,,,,,,,,,,,,,,,,,,,,,
Derrick Nnadi,,KAN,3,75,2018,Florida State,2014,2017,48.0,,,,,,,,,,,,,,DT,Florida State,,,,,,,,,,,,,,,11.0,74.0,91.0,165.0,24.0,0.2291666666666666,,,
Mason Rudolph,159.7,PIT,3,76,2018,Oklahoma State,2014,2017,42.0,915.0,1447.0,532.0,63.2,13618.0,92.0,26.0,6.4,1.8,9.4,9.87,14.9,324.2,QB,Oklahoma State,,,,,,,,,,,,,,,,,,,,,,,
Sam Hubbard,,CIN,3,77,2018,Ohio State,2015,2017,40.0,,,,,,,,,,,,,,DE,Ohio State,,,,,,,,,,,,,,,17.0,64.0,52.0,116.0,29.5,0.425,,,
Malik Jefferson,,CIN,3,78,2018,Texas,2015,2017,35.0,,,,,,,,,,,,,,LB,Texas,,,,,,,,,,,,,,,12.0,158.0,72.0,230.0,25.5,0.3428571428571428,,,
Rasheem Green,,SEA,3,79,2018,USC,2015,2017,41.0,,,,,,,,,,,,,,DE,USC,,,,,,,,,,,,,,,16.0,49.0,68.0,117.0,20.0,0.3902439024390244,,,
Martinas Rankin,,HTX,3,80,2018,Mississippi State,2016,2016,13.0,,,,,,,,,,,,,,OL,Mississippi State,,,,,,,,,,,,,,,,,,,,,,,
Michael Gallup,,DAL,3,81,2018,Colorado State,2016,2017,26.0,,,,,,,,,,,,,,WR,Colorado State,,,,,,,,,,103.3,176.0,2685.0,15.3,21.0,,,,,,,,,
Tracy Walker,,DET,3,82,2018,Louisiana,2014,2017,50.0,,,,,,,,,,,,,,S,Louisiana,,,,,,,,,,,,,,,,,,,,,8.0,0.0,18.0
Orlando Brown,,RAV,3,83,2018,Oklahoma,2015,2015,13.0,,,,,,,,,,,,,,T,Oklahoma,,,,,,,,,,,,,,,,,,,,,,,
Justin Jones,,SDG,3,84,2018,North Carolina State,2015,2017,39.0,,,,,,,,,,,,,,DT,North Carolina State,,,,,,,,,,,,,,,7.0,55.0,52.0,107.0,21.5,0.1794871794871795,,,
Rashaan Gaulden,,CAR,3,85,2018,Tennessee,2014,2017,36.0,,,,,,,,,,,,,,DB,Tennessee,,,,,,,,,,,,,,,,,,,,,1.0,0.0,9.0
Mark Andrews,,RAV,3,86,2018,Oklahoma,2015,2017,40.0,,,,,,,,,,,,,,TE,Oklahoma,,,,,,,,,,44.1,112.0,1765.0,15.8,22.0,,,,,,,,,
Arden Key,,RAI,3,87,2018,LSU,2015,2017,31.0,,,,,,,,,,,,,,DE,LSU,,,,,,,,,,,,,,,21.0,59.0,71.0,130.0,26.5,0.6774193548387096,,,
Oren Burks,,GNB,3,88,2018,Vanderbilt,2016,2017,25.0,,,,,,,,,,,,,,LB,Vanderbilt,,,,,,,,,,,,,,,4.0,85.0,56.0,141.0,13.5,0.16,,,
Oren Burks,,GNB,3,88,2018,Vanderbilt,2014,2015,20.0,,,,,,,,,,,,,,DB,Vanderbilt,,,,,,,,,,,,,,,,,,,,,3.0,1.0,13.0
Joseph Noteboom,,RAM,3,89,2018,Texas Christian,2015,2015,13.0,,,,,,,,,,,,,,T,Texas Christian,,,,,,,,,,,,,,,,,,,,,,,
Deadrin Senat,,ATL,3,90,2018,South Florida,2014,2017,48.0,,,,,,,,,,,,,,DT,South Florida,,,,,,,,,,,,,,,7.0,104.0,75.0,179.0,23.5,0.1458333333333333,,,
Tre'Quan Smith,,NOR,3,91,2018,UCF,2015,2017,38.0,,,,,,,,,,,,,,WR,UCF,,,,,,,,,,72.3,168.0,2748.0,16.4,22.0,,,,,,,,,
Chukwuma Okorafor,,PIT,3,92,2018,Western Michigan,2015,2015,13.0,,,,,,,,,,,,,,OL,Western Michigan,,,,,,,,,,,,,,,,,,,,,,,
Ronnie Harrison,,JAX,3,93,2018,Alabama,2015,2017,44.0,,,,,,,,,,,,,,DB,Alabama,,,,,,,,,,,,,,,,,,,,,7.0,1.0,17.0
Tarvarius Moore,,SFO,3,95,2018,Southern Mississippi,2016,2017,26.0,,,,,,,,,,,,,,DB,Southern Mississippi,,,,,,,,,,,,,,,,,,,,,5.0,0.0,12.0
Harrison Phillips,,BUF,3,96,2018,Stanford,2014,2017,34.0,,,,,,,,,,,,,,DE,Stanford,,,,,,,,,,,,,,,15.0,60.0,97.0,157.0,28.0,0.4411764705882353,,,
Mason Cole,,CRD,3,97,2018,Michigan,2015,2015,13.0,,,,,,,,,,,,,,OL,Michigan,,,,,,,,,,,,,,,,,,,,,,,
Jordan Akins,,HTX,3,98,2018,UCF,2014,2017,41.0,,,,,,,,,,,,,,WR,UCF,,,,,,,,,,28.0,81.0,1149.0,14.2,8.0,,,,,,,,,
Isaac Yiadom,,DEN,3,99,2018,Boston College,2014,2017,48.0,,,,,,,,,,,,,,DB,Boston College,,,,,,,,,,,,,,,,,,,,,3.0,0.0,23.0
Dorian O'Daniel,,KAN,3,100,2018,Clemson,2014,2017,56.0,,,,,,,,,,,,,,LB,Clemson,,,,,,,,,,,,,,,8.0,129.0,77.0,206.0,28.0,0.1428571428571428,,,
Ian Thomas,,CAR,4,101,2018,Indiana,2016,2017,23.0,,,,,,,,,,,,,,TE,Indiana,,,,,,,,,,17.6,28.0,404.0,14.4,5.0,,,,,,,,,
Jalyn Holmes,,MIN,4,102,2018,Ohio State,2014,2017,48.0,,,,,,,,,,,,,,DL,Ohio State,,,,,,,,,,,,,,,5.0,40.0,44.0,84.0,14.0,0.1041666666666666,,,
Keke Coutee,,HTX,4,103,2018,Texas Tech,2015,2017,38.0,,,,,,,,,,,,,,WR,Texas Tech,,,,,,,,,,63.8,159.0,2424.0,15.2,17.0,,,,,,,,,
Nyheim Hines,,CLT,4,104,2018,North Carolina State,2016,2017,25.0,,,,,,,,,,,,,,RB,North Carolina State,46.2,210.0,1156.0,5.5,12.0,69.0,9.8,0.0,27.1,,,,,,,,,,,,,,
Nyheim Hines,,CLT,4,104,2018,North Carolina State,2015,2015,13.0,,,,,,,,,,,,,,WR,North Carolina State,,,,,,,,,,19.7,20.0,256.0,12.8,1.0,,,,,,,,,
Antonio Callaway,,CLE,4,105,2018,Florida,2015,2016,26.0,,,,,,,,,,,,,,WR,Florida,,,,,,,,,,53.8,89.0,1399.0,15.7,7.0,,,,,,,,,
Josey Jewell,,DEN,4,106,2018,Iowa,2014,2017,50.0,,,,,,,,,,,,,,LB,Iowa,,,,,,,,,,,,,,,9.0,211.0,226.0,437.0,28.0,0.18,,,
Christopher Herndon IV,,NYJ,4,107,2018,Miami (FL),2015,2017,37.0,,,,,,,,,,,,,,TE,Miami (FL),,,,,,,,,,28.3,86.0,1048.0,12.2,7.0,,,,,,,,,
Troy Apke,,WAS,4,109,2018,Penn State,2017,2017,13.0,,,,,,,,,,,,,,S,Penn State,,,,,,,,,,,,,,,,,,,,,1.0,0.0,5.0
Nick Nelson,,RAI,4,110,2018,Wisconsin,2014,2017,37.0,,,,,,,,,,,,,,DB,HawaiiWisconsin,,,,,,,,,,,,,,,,,,,,,0.0,0.0,42.0
Brian Allen,,RAM,4,111,2018,Michigan State,2015,2015,14.0,,,,,,,,,,,,,,OL,Michigan State,,,,,,,,,,,,,,,,,,,,,,,
Mark Walton,,CIN,4,112,2018,Miami (FL),2015,2017,31.0,,,,,,,,,,,,,,RB,Miami (FL),64.4,394.0,1995.0,5.1,26.0,56.0,11.1,2.0,20.1,,,,,,,,,,,,,,
DaeSean Hamilton,,DEN,4,113,2018,Penn State,2014,2017,53.0,,,,,,,,,,,,,,WR,Penn State,,,,,,,,,,53.6,214.0,2842.0,13.3,18.0,,,,,,,,,
Da'Shawn Hand,,DET,4,114,2018,Alabama,2014,2017,50.0,,,,,,,,,,,,,,DL,Alabama,,,,,,,,,,,,,,,10.0,30.0,41.0,71.0,15.5,0.2,,,
Joel Iyiegbuniwe,,CHI,4,115,2018,Western Kentucky,2014,2017,44.0,,,,,,,,,,,,,,LB,Western Kentucky,,,,,,,,,,,,,,,6.0,107.0,93.0,200.0,22.5,0.1363636363636363,,,
Dorance Armstrong Jr.,,DAL,4,116,2018,Kansas,2015,2017,36.0,,,,,,,,,,,,,,DE,Kansas,,,,,,,,,,,,,,,15.0,89.0,53.0,142.0,34.5,0.4166666666666667,,,
Jordan Whitehead,,TAM,4,117,2018,Pitt,2015,2017,31.0,,,,,,,,,,,,,,DB,Pitt,,,,,,,,,,,,,,,,,,,,,3.0,1.0,12.0
Anthony Averett,,RAV,4,118,2018,Alabama,2015,2017,35.0,,,,,,,,,,,,,,DB,Alabama,,,,,,,,,,,,,,,,,,,,,1.0,0.0,16.0
Kyzir White,,SDG,4,119,2018,West Virginia,2016,2017,25.0,,,,,,,,,,,,,,S,West Virginia,,,,,,,,,,,,,,,,,,,,,3.0,0.0,9.0
Will Dissly,,SEA,4,120,2018,Washington,2016,2017,27.0,,,,,,,,,,,,,,TE,Washington,,,,,,,,,,12.4,25.0,336.0,13.4,3.0,,,,,,,,,
Will Dissly,,SEA,4,120,2018,Washington,2014,2015,18.0,,,,,,,,,,,,,,DL,Washington,,,,,,,,,,,,,,,1.0,7.0,3.0,10.0,3.0,0.0555555555555555,,,
Kenny Young,,RAV,4,122,2018,UCLA,2014,2017,51.0,,,,,,,,,,,,,,LB,UCLA,,,,,,,,,,,,,,,6.0,193.0,111.0,304.0,22.0,0.1176470588235294,,,
Durham Smythe,,MIA,4,123,2018,Notre Dame,2014,2017,39.0,,,,,,,,,,,,,,TE,Notre Dame,,,,,,,,,,9.8,28.0,381.0,13.6,6.0,,,,,,,,,
Armani Watts,,KAN,4,124,2018,Texas A&M,2014,2017,47.0,,,,,,,,,,,,,,DB,Texas A&M,,,,,,,,,,,,,,,,,,,,,10.0,0.0,19.0
Avonte Maddox,,PHI,4,125,2018,Pitt,2014,2017,46.0,,,,,,,,,,,,,,DB,Pitt,,,,,,,,,,,,,,,,,,,,,8.0,2.0,34.0
Ito Smith,,ATL,4,126,2018,Southern Mississippi,2014,2017,52.0,,,,,,,,,,,,,,RB,Southern Mississippi,87.2,820.0,4536.0,5.5,42.0,140.0,10.3,7.0,27.8,,,,,,,,,,,,,,
Rick Leonard,,NOR,4,127,2018,Florida State,2017,2017,13.0,,,,,,,,,,,,,,OL,Florida State,,,,,,,,,,,,,,,,,,,,,,,
Rick Leonard,,NOR,4,127,2018,Florida State,2014,2015,17.0,,,,,,,,,,,,,,DE,Florida State,,,,,,,,,,,,,,,0.0,5.0,1.0,6.0,2.5,0.0,,,
Kentavius Street,,SFO,4,128,2018,North Carolina State,2014,2017,51.0,,,,,,,,,,,,,,DE,North Carolina State,,,,,,,,,,,,,,,9.0,48.0,73.0,121.0,19.5,0.1764705882352941,,,
Will Richardson,,JAX,4,129,2018,North Carolina State,2015,2017,22.0,,,,,,,,,,,,,,T,North Carolina State,,,,,,,,,,,,,,,,,,,,,,,
Josh Sweat,,PHI,4,130,2018,Florida State,2015,2017,37.0,,,,,,,,,,,,,,DE,Florida State,,,,,,,,,,,,,,,14.0,77.0,61.0,138.0,29.0,0.3783783783783784,,,
Kalen Ballage,,MIA,4,131,2018,Arizona State,2014,2017,47.0,,,,,,,,,,,,,,RB,Arizona State,42.2,450.0,1984.0,4.4,27.0,82.0,8.3,2.0,14.6,,,,,,,,,,,,,,
Jaleel Scott,,RAV,4,132,2018,New Mexico State,2016,2017,25.0,,,,,,,,,,,,,,WR,New Mexico State,,,,,,,,,,54.5,99.0,1362.0,13.8,14.0,,,,,,,,,
J'Mon Moore,,GNB,4,133,2018,Missouri,2014,2017,49.0,,,,,,,,,,,,,,WR,Missouri,,,,,,,,,,50.6,158.0,2477.0,15.7,21.0,,,,,,,,,
Marquis Haynes,,CAR,4,136,2018,Ole Miss,2014,2017,50.0,,,,,,,,,,,,,,DE,Ole Miss,,,,,,,,,,,,,,,32.0,102.0,70.0,172.0,47.5,0.64,,,
Dalton Schultz,,DAL,4,137,2018,Stanford,2015,2017,40.0,,,,,,,,,,,,,,TE,Stanford,,,,,,,,,,13.9,55.0,555.0,10.1,5.0,,,,,,,,,
Cole Madison,,GNB,5,138,2018,Washington State,2015,2016,26.0,,,,,,,,,,,,,,OL,Washington State,,,,,,,,,,,,,,,,,,,,,,,
RJ McIntosh,,NYG,5,139,2018,Miami (FL),2015,2017,31.0,,,,,,,,,,,,,,DL,Miami (FL),,,,,,,,,,,,,,,5.0,51.0,52.0,103.0,23.0,0.1612903225806451,,,
Maurice Hurst Jr.,,RAI,5,140,2018,Michigan,2014,2017,46.0,,,,,,,,,,,,,,DT,Michigan,,,,,,,,,,,,,,,12.0,64.0,68.0,132.0,33.5,0.2608695652173913,,,
Shaquem Griffin,,SEA,5,141,2018,UCF,2016,2017,26.0,,,,,,,,,,,,,,LB,UCF,,,,,,,,,,,,,,,18.0,101.0,65.0,166.0,33.5,0.6923076923076923,,,
Shaquem Griffin,,SEA,5,141,2018,UCF,2013,2015,15.0,,,,,,,,,,,,,,DB,UCF,,,,,,,,,,,,,,,,,,,,,0.0,0.0,1.0
D.J Reed,,SFO,5,142,2018,Kansas State,2016,2017,24.0,,,,,,,,,,,,,,DB,Kansas State,,,,,,,,,,,,,,,,,,,,,7.0,1.0,25.0
Jawhan Bentley,,NWE,5,143,2018,Purdue,2014,2017,38.0,,,,,,,,,,,,,,LB,Purdue,,,,,,,,,,,,,,,1.0,160.0,112.0,272.0,29.5,0.0263157894736842,,,
Tre Flowers,,SEA,5,146,2018,Oklahoma State,2014,2017,51.0,,,,,,,,,,,,,,S,Oklahoma State,,,,,,,,,,,,,,,,,,,,,4.0,0.0,25.0
Micah Kiser,,RAM,5,147,2018,Virginia,2014,2017,49.0,,,,,,,,,,,,,,LB,Virginia,,,,,,,,,,,,,,,19.0,188.0,223.0,411.0,32.5,0.3877551020408163,,,
Marcus Allen,,PIT,5,148,2018,Penn State,2014,2017,52.0,,,,,,,,,,,,,,S,Penn State,,,,,,,,,,,,,,,,,,,,,1.0,0.0,11.0
Genard Avery,,CLE,5,150,2018,Memphis,2014,2017,50.0,,,,,,,,,,,,,,LB,Memphis,,,,,,,,,,,,,,,21.0,170.0,63.0,233.0,45.5,0.42,,,
Dane Cruikshank,,OTI,5,152,2018,Arizona,2016,2017,25.0,,,,,,,,,,,,,,CB,Arizona,,,,,,,,,,,,,,,,,,,,,5.0,0.0,12.0
Tyrell Crosby,,DET,5,153,2018,Oregon,2015,2015,13.0,,,,,,,,,,,,,,OL,Oregon,,,,,,,,,,,,,,,,,,,,,,,
Scott Quessenberry,,SDG,5,155,2018,UCLA,2016,2016,12.0,,,,,,,,,,,,,,OL,UCLA,,,,,,,,,,,,,,,,,,,,,,,
Troy Fumagalli,,DEN,5,156,2018,Wisconsin,2014,2017,52.0,,,,,,,,,,,,,,TE,Wisconsin,,,,,,,,,,31.3,135.0,1627.0,12.1,7.0,,,,,,,,,
Tyler Conklin,,MIN,5,157,2018,Central Michigan,2015,2017,34.0,,,,,,,,,,,,,,TE,Central Michigan,,,,,,,,,,34.1,83.0,1159.0,14.0,11.0,,,,,,,,,
Andrew Brown,,CIN,5,158,2018,Virginia,2014,2017,41.0,,,,,,,,,,,,,,DT,Virginia,,,,,,,,,,,,,,,10.0,42.0,52.0,94.0,26.5,0.2439024390243902,,,
Ogbonnia Okoronkwo,,RAM,5,160,2018,Oklahoma,2014,2017,46.0,,,,,,,,,,,,,,DE,Oklahoma,,,,,,,,,,,,,,,20.0,105.0,58.0,163.0,33.5,0.4347826086956521,,,
Jermaine Carter Jr.,,CAR,5,161,2018,Maryland,2014,2017,50.0,,,,,,,,,,,,,,LB,Maryland,,,,,,,,,,,,,,,9.0,193.0,137.0,330.0,29.0,0.18,,,
Jordan Lasley,,RAV,5,162,2018,UCLA,2015,2017,29.0,,,,,,,,,,,,,,WR,UCLA,,,,,,,,,,65.6,113.0,1901.0,16.8,14.0,,,,,,,,,
Tim Settle,,WAS,5,163,2018,Virginia Tech,2016,2017,27.0,,,,,,,,,,,,,,DT,Virginia Tech,,,,,,,,,,,,,,,4.0,28.0,25.0,53.0,19.5,0.1481481481481481,,,
Natrell Jamerson,,NOR,5,164,2018,Wisconsin,2014,2014,12.0,,,,,,,,,,,,,,WR,Wisconsin,,,,,,,,,,0.0,0.0,0.0,,0.0,,,,,,,,,
Natrell Jamerson,,NOR,5,164,2018,Wisconsin,2015,2017,35.0,,,,,,,,,,,,,,CB,Wisconsin,,,,,,,,,,,,,,,,,,,,,2.0,1.0,14.0
Jaylen Samuels,,PIT,5,165,2018,North Carolina State,2014,2017,52.0,,,,,,,,,,,,,,TE,North Carolina State,,,,,,,,,,35.7,202.0,1855.0,9.2,19.0,,,,,,,,,
Wyatt Teller,,BUF,5,166,2018,Virginia Tech,2015,2017,26.0,,,,,,,,,,,,,,OL,Virginia Tech,,,,,,,,,,,,,,,,,,,,,,,
Jamarco Jones,,SEA,5,168,2018,Ohio State,2014,2016,29.0,,,,,,,,,,,,,,OL,Ohio State,,,,,,,,,,,,,,,,,,,,,,,
Jordan Wilkins,,CLT,5,169,2018,Ole Miss,2014,2017,38.0,,,,,,,,,,,,,,RB,Ole Miss,46.1,279.0,1751.0,6.3,14.0,32.0,10.1,1.0,8.5,,,,,,,,,,,,,,
Darius Phillips,,CIN,5,170,2018,Western Michigan,2014,2014,12.0,,,,,,,,,,,,,,WR,Western Michigan,,,,,,,,,,39.9,32.0,479.0,15.0,2.0,,,,,,,,,
Darius Phillips,,CIN,5,170,2018,Western Michigan,2015,2017,39.0,,,,,,,,,,,,,,CB,Western Michigan,,,,,,,,,,,,,,,,,,,,,12.0,5.0,35.0
Mike White,142.9,DAL,5,171,2018,Western Kentucky,2013,2017,44.0,863.0,1393.0,530.0,62.0,11262.0,74.0,31.0,5.3,2.2,8.1,8.15,13.0,256.0,QB,South FloridaWestern Kentucky,,,,,,,,,,,,,,,,,,,,,,,
Marquez Valdes-Scantling,,GNB,5,174,2018,South Florida,2013,2017,45.0,,,,,,,,,,,,,,WR,North Carolina StateSouth Florida,,,,,,,,,,40.7,119.0,1832.0,15.4,12.0,,,,,,,,,
Damion Ratley,,CLE,6,175,2018,Texas A&M,2015,2017,36.0,,,,,,,,,,,,,,WR,Texas A&M,,,,,,,,,,25.6,47.0,920.0,19.6,8.0,,,,,,,,,
John Kelly,,RAM,6,176,2018,Tennessee,2015,2017,33.0,,,,,,,,,,,,,,RB,Tennessee,47.7,327.0,1573.0,4.8,15.0,43.0,8.1,0.0,10.6,,,,,,,,,,,,,,
Duke Ejiofor,,HTX,6,177,2018,Wake Forest,2014,2017,42.0,,,,,,,,,,,,,,DE,Wake Forest,,,,,,,,,,,,,,,23.0,79.0,54.0,133.0,43.0,0.5476190476190477,,,
Christian Sam,,NWE,6,178,2018,Arizona State,2014,2017,40.0,,,,,,,,,,,,,,LB,Arizona State,,,,,,,,,,,,,,,7.0,167.0,74.0,241.0,17.0,0.175,,,
Parry Nickerson,,NYJ,6,179,2018,Tulane,2013,2017,48.0,,,,,,,,,,,,,,CB,Tulane,,,,,,,,,,,,,,,,,,,,,16.0,1.0,31.0
Folorunso Fatukasi,,NYJ,6,180,2018,Connecticut,2014,2017,48.0,,,,,,,,,,,,,,DL,Connecticut,,,,,,,,,,,,,,,14.0,103.0,67.0,170.0,21.0,0.2916666666666667,,,
Kylie Fitts,,CHI,6,181,2018,Utah,2013,2017,26.0,,,,,,,,,,,,,,DE,UCLAUtah,,,,,,,,,,,,,,,11.0,38.0,31.0,69.0,15.0,0.4230769230769231,,,
Christian Campbell,,CRD,6,182,2018,Penn State,2014,2017,44.0,,,,,,,,,,,,,,CB,Penn State,,,,,,,,,,,,,,,,,,,,,3.0,0.0,22.0
Sam Jones,,DEN,6,183,2018,Arizona State,2015,2015,12.0,,,,,,,,,,,,,,OL,Arizona State,,,,,,,,,,,,,,,,,,,,,,,
Marcell Harris,,SFO,6,184,2018,Florida,2014,2016,37.0,,,,,,,,,,,,,,DB,Florida,,,,,,,,,,,,,,,,,,,,,2.0,0.0,1.0
Deon Cain,,CLT,6,185,2018,Clemson,2015,2017,42.0,,,,,,,,,,,,,,WR,Clemson,,,,,,,,,,48.6,130.0,2040.0,15.7,20.0,,,,,,,,,
Jacob Martin,,SEA,6,186,2018,Temple,2014,2017,50.0,,,,,,,,,,,,,,DL,Temple,,,,,,,,,,,,,,,11.0,42.0,38.0,80.0,17.5,0.22,,,
Ray-Ray McCloud,,BUF,6,187,2018,Clemson,2015,2017,40.0,,,,,,,,,,,,,,WR,Clemson,,,,,,,,,,30.7,127.0,1226.0,9.7,4.0,,,,,,,,,
Simeon Thomas,,CLE,6,188,2018,Louisiana,2013,2017,26.0,,,,,,,,,,,,,,CB,Louisiana,,,,,,,,,,,,,,,,,,,,,2.0,0.0,19.0
Kamrin Moore,,NOR,6,189,2018,Boston College,2014,2017,44.0,,,,,,,,,,,,,,DB,Boston College,,,,,,,,,,,,,,,,,,,,,2.0,0.0,22.0
DeShon Elliott,,RAV,6,190,2018,Texas,2015,2017,30.0,,,,,,,,,,,,,,S,Texas,,,,,,,,,,,,,,,,,,,,,9.0,2.0,14.0
Dylan Cantrell,,SDG,6,191,2018,Texas Tech,2013,2017,41.0,,,,,,,,,,,,,,WR,Texas Tech,,,,,,,,,,45.7,158.0,1873.0,11.9,18.0,,,,,,,,,
Chris Covington,,DAL,6,193,2018,Indiana,2014,2017,37.0,,,,,,,,,,,,,,LB,Indiana,,,,,,,,,,,,,,,5.0,70.0,48.0,118.0,15.0,0.1351351351351351,,,
Russell Gage,,ATL,6,194,2018,LSU,2016,2017,24.0,,,,,,,,,,,,,,WR,LSU,,,,,,,,,,14.5,26.0,347.0,13.3,4.0,,,,,,,,,
Russell Gage,,ATL,6,194,2018,LSU,2014,2015,3.0,,,,,,,,,,,,,,DB,LSU,,,,,,,,,,,,,,,,,,,,,0.0,0.0,0.0
Sebastian Joseph,,RAM,6,195,2018,Rutgers,2013,2017,50.0,,,,,,,,,,,,,,DL,Rutgers,,,,,,,,,,,,,,,3.0,44.0,53.0,97.0,14.5,0.06,,,
Shaun Dion Hamilton,,WAS,6,197,2018,Alabama,2014,2017,51.0,,,,,,,,,,,,,,LB,Alabama,,,,,,,,,,,,,,,4.0,65.0,69.0,134.0,16.0,0.0784313725490196,,,
Kahlil McKenzie,,KAN,6,198,2018,Tennessee,2015,2016,15.0,,,,,,,,,,,,,,DL,Tennessee,,,,,,,,,,,,,,,1.0,14.0,22.0,36.0,1.5,0.0666666666666666,,,
Luke Falk,142.8,OTI,6,199,2018,Washington State,2014,2017,42.0,1404.0,2055.0,651.0,68.3,14486.0,119.0,39.0,5.8,1.9,7.0,7.35,10.3,344.9,QB,Washington State,,,,,,,,,,,,,,,,,,,,,,,
Boston Scott,,NOR,6,201,2018,Louisiana Tech,2013,2017,40.0,,,,,,,,,,,,,,RB,Louisiana Tech,45.8,287.0,1833.0,6.4,14.0,32.0,9.6,1.0,7.7,,,,,,,,,,,,,,
Jack Cichy,,TAM,6,202,2018,Wisconsin,2013,2016,21.0,,,,,,,,,,,,,,LB,Wisconsin,,,,,,,,,,,,,,,6.0,78.0,43.0,121.0,15.0,0.2857142857142857,,,
Tanner Lee,117.1,JAX,6,203,2018,Nebraska,2014,2017,31.0,574.0,1040.0,466.0,55.2,6744.0,46.0,37.0,4.4,3.6,6.5,5.77,11.7,217.5,QB,NebraskaTulane,,,,,,,,,,,,,,,,,,,,,,,
Trevon Young,,RAM,6,205,2018,Louisville,2014,2017,36.0,,,,,,,,,,,,,,DE,Louisville,,,,,,,,,,,,,,,14.0,62.0,39.0,101.0,24.0,0.3888888888888889,,,
Matt Pryor,,PHI,6,206,2018,Texas Christian,2015,2017,26.0,,,,,,,,,,,,,,T,Texas Christian,,,,,,,,,,,,,,,,,,,,,,,
Equanimeous St. Brown,,GNB,6,207,2018,Notre Dame,2015,2017,32.0,,,,,,,,,,,,,,WR,Notre Dame,,,,,,,,,,46.4,92.0,1484.0,16.1,13.0,,,,,,,,,
Cornell Armstrong,,MIA,6,209,2018,Southern Mississippi,2014,2017,47.0,,,,,,,,,,,,,,DB,Southern Mississippi,,,,,,,,,,,,,,,,,,,,,5.0,1.0,29.0
Braxton Berrios,,NWE,6,210,2018,Miami (FL),2014,2017,49.0,,,,,,,,,,,,,,WR,Miami (FL),,,,,,,,,,24.0,100.0,1175.0,11.8,14.0,,,,,,,,,
Jordan Thomas,,HTX,6,211,2018,Mississippi State,2016,2017,25.0,,,,,,,,,,,,,,TE,Mississippi State,,,,,,,,,,12.4,31.0,311.0,10.0,4.0,,,,,,,,,
Colby Gossett,,MIN,6,213,2018,Appalachian State,2015,2017,26.0,,,,,,,,,,,,,,OL,Appalachian State,,,,,,,,,,,,,,,,,,,,,,,
Peter Kalambayi,,HTX,6,214,2018,Stanford,2014,2017,54.0,,,,,,,,,,,,,,LB,Stanford,,,,,,,,,,,,,,,18.0,111.0,79.0,190.0,28.0,0.3333333333333333,,,
Bradley Bozeman,,RAV,6,215,2018,Alabama,2015,2015,15.0,,,,,,,,,,,,,,OL,Alabama,,,,,,,,,,,,,,,,,,,,,,,
Azeem Victor,,RAI,6,216,2018,Washington,2014,2017,43.0,,,,,,,,,,,,,,LB,Washington,,,,,,,,,,,,,,,3.0,129.0,68.0,197.0,14.0,0.0697674418604651,,,
Keishawn Bierria,,DEN,6,217,2018,Washington,2014,2017,54.0,,,,,,,,,,,,,,LB,Washington,,,,,,,,,,,,,,,7.0,155.0,87.0,242.0,19.5,0.1296296296296296,,,
Ade Aruna,,MIN,6,218,2018,Tulane,2014,2017,44.0,,,,,,,,,,,,,,DE,Tulane,,,,,,,,,,,,,,,12.0,71.0,36.0,107.0,19.0,0.2727272727272727,,,
Danny Etling,129.6,NWE,7,219,2018,LSU,2013,2017,37.0,563.0,973.0,410.0,57.9,7076.0,43.0,19.0,4.4,2.0,7.3,7.28,12.6,191.2,QB,LSUPurdue,,,,,,,,,,,,,,,,,,,,,,,
Alex McGough,128.1,SEA,7,220,2018,Florida International,2014,2017,46.0,806.0,1335.0,529.0,60.4,9091.0,65.0,37.0,4.9,2.8,6.8,6.54,11.3,197.6,QB,Florida International,,,,,,,,,,,,,,,,,,,,,,,
Matthew Adams,,CLT,7,221,2018,Houston,2014,2017,48.0,,,,,,,,,,,,,,LB,Houston,,,,,,,,,,,,,,,7.0,161.0,98.0,259.0,21.0,0.1458333333333333,,,
Jermaine Kelly,,HTX,7,222,2018,San Jose State,2014,2017,27.0,,,,,,,,,,,,,,DB,San Jose StateWashington,,,,,,,,,,,,,,,,,,,,,1.0,1.0,17.0
Jullian Taylor,,SFO,7,223,2018,Temple,2014,2017,18.0,,,,,,,,,,,,,,DL,Temple,,,,,,,,,,,,,,,1.0,29.0,23.0,52.0,11.5,0.0555555555555555,,,
Javon Wims,,CHI,7,224,2018,Georgia,2016,2017,27.0,,,,,,,,,,,,,,WR,Georgia,,,,,,,,,,33.7,62.0,910.0,14.7,8.0,,,,,,,,,
Devante Downs,,MIN,7,225,2018,California,2014,2017,40.0,,,,,,,,,,,,,,LB,California,,,,,,,,,,,,,,,8.0,108.0,104.0,212.0,14.5,0.2,,,
David Williams,,DEN,7,226,2018,Arkansas,2014,2017,50.0,,,,,,,,,,,,,,RB,ArkansasSouth Carolina,29.0,304.0,1450.0,4.8,13.0,37.0,11.8,2.0,8.7,,,,,,,,,,,,,,
Quentin Poling,,MIA,7,227,2018,Ohio,2014,2017,50.0,,,,,,,,,,,,,,LB,Ohio,,,,,,,,,,,,,,,18.0,216.0,159.0,375.0,44.0,0.36,,,
Marcell Ateman,,RAI,7,228,2018,Oklahoma State,2013,2017,48.0,,,,,,,,,,,,,,WR,Oklahoma State,,,,,,,,,,51.4,146.0,2466.0,16.9,13.0,,,,,,,,,
Leon Jacobs,,JAX,7,230,2018,Wisconsin,2016,2016,14.0,,,,,,,,,,,,,,FB,Wisconsin,0.0,0.0,0.0,,0.0,0.0,,0.0,0.0,,,,,,,,,,,,,,
Leon Jacobs,,JAX,7,230,2018,Wisconsin,2013,2017,38.0,,,,,,,,,,,,,,LB,Wisconsin,,,,,,,,,,,,,,,5.0,62.0,43.0,105.0,14.5,0.131578947368421,,,
Travin Howard,,RAM,7,231,2018,Texas Christian,2016,2017,25.0,,,,,,,,,,,,,,LB,Texas Christian,,,,,,,,,,,,,,,2.0,132.0,106.0,238.0,11.0,0.08,,,
Travin Howard,,RAM,7,231,2018,Texas Christian,2015,2015,13.0,,,,,,,,,,,,,,S,Texas Christian,,,,,,,,,,,,,,,,,,,,,1.0,0.0,2.0
James Looney,,GNB,7,232,2018,California,2013,2017,40.0,,,,,,,,,,,,,,DE,CaliforniaWake Forest,,,,,,,,,,,,,,,8.0,56.0,77.0,133.0,21.0,0.2,,,
Andre Smith,,CAR,7,234,2018,North Carolina,2015,2017,29.0,,,,,,,,,,,,,,LB,North Carolina,,,,,,,,,,,,,,,2.0,90.0,97.0,187.0,8.5,0.0689655172413793,,,
Zaire Franklin,,CLT,7,235,2018,Syracuse,2014,2017,48.0,,,,,,,,,,,,,,LB,Syracuse,,,,,,,,,,,,,,,8.0,187.0,124.0,311.0,31.5,0.1666666666666666,,,
Bo Scarbrough,,DAL,7,236,2018,Alabama,2015,2017,34.0,,,,,,,,,,,,,,RB,Alabama,44.5,267.0,1512.0,5.7,20.0,21.0,6.2,0.0,3.9,,,,,,,,,,,,,,
Nick Bawden,64.9,DET,7,237,2018,San Diego State,2014,2014,6.0,13.0,38.0,25.0,34.2,147.0,1.0,2.0,2.6,5.3,3.9,2.03,11.3,24.5,QB,San Diego State,,,,,,,,,,,,,,,,,,,,,,,
Nick Bawden,,DET,7,237,2018,San Diego State,2015,2017,34.0,,,,,,,,,,,,,,FB,San Diego State,0.1,1.0,4.0,4.0,0.0,30.0,8.0,1.0,7.1,,,,,,,,,,,,,,
Hunter Bradley,,GNB,7,239,2018,Mississippi State,2014,2014,3.0,,,,,,,,,,,,,,TE,Mississippi State,,,,,,,,,,0.0,0.0,0.0,,0.0,,,,,,,,,
Hunter Bradley,,GNB,7,239,2018,Mississippi State,2015,2015,12.0,,,,,,,,,,,,,,LS,Mississippi State,,,,,,,,,,,,,,,,,,,,,0.0,0.0,0.0
Richie James,,SFO,7,240,2018,Middle Tennessee State,2015,2017,31.0,,,,,,,,,,,,,,WR,Middle Tennessee State,,,,,,,,,,105.2,244.0,3261.0,13.4,23.0,,,,,,,,,
Greg Stroman,,WAS,7,241,2018,Virginia Tech,2015,2015,13.0,,,,,,,,,,,,,,WR,Virginia Tech,,,,,,,,,,0.0,0.0,0.0,,0.0,,,,,,,,,
Greg Stroman,,WAS,7,241,2018,Virginia Tech,2014,2017,37.0,,,,,,,,,,,,,,CB,Virginia Tech,,,,,,,,,,,,,,,,,,,,,7.0,1.0,22.0
Kendrick Norton,,CAR,7,242,2018,Miami (FL),2015,2017,38.0,,,,,,,,,,,,,,DL,Miami (FL),,,,,,,,,,,,,,,5.0,45.0,39.0,84.0,18.0,0.131578947368421,,,
Justin Lawler,,RAM,7,244,2018,SMU,2014,2017,49.0,,,,,,,,,,,,,,DE,SMU,,,,,,,,,,,,,,,20.0,143.0,84.0,227.0,40.5,0.4081632653061224,,,
William Clapp,,NOR,7,245,2018,LSU,2015,2015,12.0,,,,,,,,,,,,,,C,LSU,,,,,,,,,,,,,,,,,,,,,,,
Joshua Frazier,,PIT,7,246,2018,Alabama,2014,2017,39.0,,,,,,,,,,,,,,DL,Alabama,,,,,,,,,,,,,,,2.0,11.0,17.0,28.0,4.5,0.0512820512820512,,,
Logan Woodside,162.9,CIN,7,249,2018,Toledo,2013,2017,44.0,759.0,1166.0,407.0,65.1,10514.0,93.0,25.0,8.0,2.1,9.0,9.65,13.9,239.0,QB,Toledo,,,,,,,,,,,,,,,,,,,,,,,
Ryan Izzo,,NWE,7,250,2018,Florida State,2014,2017,41.0,,,,,,,,,,,,,,TE,Florida State,,,,,,,,,,18.6,54.0,761.0,14.1,6.0,,,,,,,,,
Justin Jackson,,SDG,7,251,2018,Northwestern,2014,2017,51.0,,,,,,,,,,,,,,RB,Northwestern,106.7,1142.0,5440.0,4.8,41.0,122.0,7.0,1.0,16.8,,,,,,,,,,,,,,
Rod Taylor,,CIN,7,252,2018,Ole Miss,2015,2015,10.0,,,,,,,,,,,,,,OL,Ole Miss,,,,,,,,,,,,,,,,,,,,,,,
Auden Tate,,CIN,7,253,2018,Florida State,2015,2017,30.0,,,,,,,,,,,,,,WR,Florida State,,,,,,,,,,31.9,65.0,957.0,14.7,16.0,,,,,,,,,
Korey Cunningham,,CRD,7,254,2018,Cincinnati,2015,2015,9.0,,,,,,,,,,,,,,OL,Cincinnati,,,,,,,,,,,,,,,,,,,,,,,
Austin Proehl,,BUF,7,255,2018,North Carolina,2014,2017,43.0,,,,,,,,,,,,,,WR,North Carolina,,,,,,,,,,29.4,91.0,1265.0,13.9,5.0,,,,,,,,,
Trey Quinn,,WAS,7,256,2018,SMU,2014,2017,38.0,,,,,,,,,,,,,,WR,LSUSMU,,,,,,,,,,39.8,136.0,1512.0,11.1,13.0,,,,,,,,,
Kyler Murray,181.3,CRD,1,1,2019,Oklahoma,2015,2018,29.0,350.0,519.0,169.0,67.4,5406.0,50.0,14.0,9.6,2.7,10.4,11.13,15.4,186.4,QB,OklahomaTexas A&M,,,,,,,,,,,,,,,,,,,,,,,
Nick Bosa,,SFO,1,2,2019,Ohio State,2016,2018,30.0,,,,,,,,,,,,,,DE,Ohio State,,,,,,,,,,,,,,,17.0,47.0,30.0,77.0,29.0,0.5666666666666667,,,
Quinnen Williams,,NYJ,1,3,2019,Alabama,2017,2018,29.0,,,,,,,,,,,,,,DL,Alabama,,,,,,,,,,,,,,,10.0,56.0,35.0,91.0,26.0,0.3448275862068966,,,
Clelin Ferrell,,RAI,1,4,2019,Clemson,2015,2018,45.0,,,,,,,,,,,,,,DE,Clemson,,,,,,,,,,,,,,,27.0,84.0,81.0,165.0,50.0,0.6,,,
Devin White,,TAM,1,5,2019,LSU,2016,2018,38.0,,,,,,,,,,,,,,LB,LSU,,,,,,,,,,,,,,,8.0,114.0,172.0,286.0,29.0,0.2105263157894736,,,
Daniel Jones,122.9,NYG,1,6,2019,Duke,2016,2018,36.0,764.0,1275.0,511.0,59.9,8201.0,52.0,29.0,4.1,2.3,6.4,6.22,10.7,227.8,QB,Duke,,,,,,,,,,,,,,,,,,,,,,,
Josh Allen,,JAX,1,7,2019,Kentucky,2015,2018,51.0,,,,,,,,,,,,,,LB,Kentucky,,,,,,,,,,,,,,,31.0,120.0,99.0,219.0,41.0,0.6078431372549019,,,
T.J. Hockenson,,DET,1,8,2019,Iowa,2017,2018,26.0,,,,,,,,,,,,,,TE,Iowa,,,,,,,,,,41.5,73.0,1080.0,14.8,9.0,,,,,,,,,
Ed Oliver,,BUF,1,9,2019,Houston,2016,2018,33.0,,,,,,,,,,,,,,DT,Houston,,,,,,,,,,,,,,,13.0,123.0,70.0,193.0,53.5,0.3939393939393939,,,
Devin Bush,,PIT,1,10,2019,Michigan,2016,2018,38.0,,,,,,,,,,,,,,LB,Michigan,,,,,,,,,,,,,,,10.0,83.0,108.0,191.0,19.0,0.2631578947368421,,,
Rashan Gary,,GNB,1,12,2019,Michigan,2016,2018,35.0,,,,,,,,,,,,,,DE,Michigan,,,,,,,,,,,,,,,10.0,55.0,81.0,136.0,24.5,0.2857142857142857,,,
Christian Wilkins,,MIA,1,13,2019,Clemson,2015,2018,58.0,,,,,,,,,,,,,,DT,Clemson,,,,,,,,,,,,,,,16.0,94.0,97.0,191.0,41.0,0.2758620689655172,,,
Chris Lindstrom,,ATL,1,14,2019,Boston College,2015,2018,37.0,,,,,,,,,,,,,,OL,Boston College,,,,,,,,,,,,,,,,,,,,,,,
Dwayne Haskins,174.0,WAS,1,15,2019,Ohio State,2017,2018,22.0,413.0,590.0,177.0,70.0,5396.0,54.0,9.0,9.2,1.5,9.1,10.29,13.1,245.3,QB,Ohio State,,,,,,,,,,,,,,,,,,,,,,,
Brian Burns,,CAR,1,16,2019,Florida State,2016,2018,38.0,,,,,,,,,,,,,,DE,Florida State,,,,,,,,,,,,,,,24.0,72.0,52.0,124.0,39.5,0.631578947368421,,,
Dexter Lawrence,,NYG,1,17,2019,Clemson,2016,2018,40.0,,,,,,,,,,,,,,DT,Clemson,,,,,,,,,,,,,,,11.0,53.0,81.0,134.0,20.0,0.275,,,
Garrett Bradbury,,MIN,1,18,2019,North Carolina State,2014,2014,2.0,,,,,,,,,,,,,,TE,North Carolina State,,,,,,,,,,0.0,0.0,0.0,,0.0,,,,,,,,,
Garrett Bradbury,,MIN,1,18,2019,North Carolina State,2015,2018,37.0,,,,,,,,,,,,,,G,North Carolina State,,,,,,,,,,,,,,,,,,,,,,,
Jeffery Simmons,,OTI,1,19,2019,Mississippi State,2016,2018,38.0,,,,,,,,,,,,,,DL,Mississippi State,,,,,,,,,,,,,,,7.0,59.0,104.0,163.0,32.5,0.1842105263157894,,,
Noah Fant,,DEN,1,20,2019,Iowa,2016,2018,35.0,,,,,,,,,,,,,,TE,Iowa,,,,,,,,,,30.9,78.0,1083.0,13.9,19.0,,,,,,,,,
Darnell Savage Jr.,,GNB,1,21,2019,Maryland,2015,2018,46.0,,,,,,,,,,,,,,DB,Maryland,,,,,,,,,,,,,,,,,,,,,8.0,2.0,14.0
Andre Dillard,,PHI,1,22,2019,Washington State,2015,2018,28.0,,,,,,,,,,,,,,OL,Washington State,,,,,,,,,,,,,,,,,,,,,,,
Joshua Jacobs,,RAI,1,24,2019,Alabama,2016,2018,42.0,,,,,,,,,,,,,,RB,Alabama,35.5,251.0,1491.0,5.9,16.0,48.0,11.9,5.0,13.6,,,,,,,,,,,,,,
Marquise Brown,,RAV,1,25,2019,Oklahoma,2017,2018,27.0,,,,,,,,,,,,,,WR,Oklahoma,,,,,,,,,,89.4,132.0,2413.0,18.3,17.0,,,,,,,,,
Montez Sweat,,WAS,1,26,2019,Mississippi State,2014,2018,30.0,,,,,,,,,,,,,,DE,Michigan StateMississippi State,,,,,,,,,,,,,,,22.0,50.0,55.0,105.0,30.0,0.7333333333333333,,,
Johnathan Abram,,RAI,1,27,2019,Mississippi State,2015,2018,36.0,,,,,,,,,,,,,,S,GeorgiaMississippi State,,,,,,,,,,,,,,,,,,,,,2.0,0.0,10.0
Jerry Tillery,,SDG,1,28,2019,Notre Dame,2015,2018,50.0,,,,,,,,,,,,,,DL,Notre Dame,,,,,,,,,,,,,,,13.0,72.0,63.0,135.0,24.5,0.26,,,
L.J. Collier,,SEA,1,29,2019,Texas Christian,2015,2018,42.0,,,,,,,,,,,,,,DE,Texas Christian,,,,,,,,,,,,,,,14.0,44.0,38.0,82.0,20.5,0.3333333333333333,,,
Deandre Baker,,NYG,1,30,2019,Georgia,2015,2018,51.0,,,,,,,,,,,,,,CB,Georgia,,,,,,,,,,,,,,,,,,,,,1.0,0.0,7.0
Kaleb McGary,,ATL,1,31,2019,Washington,2015,2016,27.0,,,,,,,,,,,,,,OL,Washington,,,,,,,,,,,,,,,,,,,,,,,
N'Keal Harry,,NWE,1,32,2019,Arizona State,2016,2018,37.0,,,,,,,,,,,,,,WR,Arizona State,,,,,,,,,,78.1,213.0,2889.0,13.6,22.0,,,,,,,,,
Byron Murphy,,CRD,2,33,2019,Washington,2017,2018,20.0,,,,,,,,,,,,,,DB,Washington,,,,,,,,,,,,,,,,,,,,,7.0,1.0,20.0
Rock Ya-Sin,,CLT,2,34,2019,Temple,2018,2018,12.0,,,,,,,,,,,,,,CB,Temple,,,,,,,,,,,,,,,,,,,,,2.0,0.0,12.0
Jawaan Taylor,,JAX,2,35,2019,Florida,2016,2018,37.0,,,,,,,,,,,,,,OL,Florida,,,,,,,,,,,,,,,,,,,,,,,
Deebo Samuel,,SFO,2,36,2019,South Carolina,2015,2018,30.0,,,,,,,,,,,,,,WR,South Carolina,,,,,,,,,,69.2,148.0,2076.0,14.0,16.0,,,,,,,,,
Sean Bunting,,TAM,2,39,2019,Central Michigan,2016,2018,38.0,,,,,,,,,,,,,,DB,Central Michigan,,,,,,,,,,,,,,,,,,,,,9.0,0.0,15.0
Trayvon Mullen,,RAI,2,40,2019,Clemson,2016,2018,41.0,,,,,,,,,,,,,,CB,Clemson,,,,,,,,,,,,,,,,,,,,,4.0,0.0,7.0
Dalton Risner,,DEN,2,41,2019,Kansas State,2015,2016,26.0,,,,,,,,,,,,,,OL,Kansas State,,,,,,,,,,,,,,,,,,,,,,,
Drew Lock,138.8,DEN,2,42,2019,Missouri,2015,2018,50.0,883.0,1553.0,670.0,56.9,12193.0,99.0,39.0,6.4,2.5,7.9,8.0,13.8,243.9,QB,Missouri,,,,,,,,,,,,,,,,,,,,,,,
Jahlani Tavai,,DET,2,43,2019,Hawaii,2015,2018,47.0,,,,,,,,,,,,,,LB,Hawaii,,,,,,,,,,,,,,,17.0,219.0,171.0,390.0,41.0,0.3617021276595745,,,
Elgton Jenkins,,GNB,2,44,2019,Mississippi State,2015,2017,36.0,,,,,,,,,,,,,,OL,Mississippi State,,,,,,,,,,,,,,,,,,,,,,,
Joejuan Williams,,NWE,2,45,2019,Vanderbilt,2016,2018,36.0,,,,,,,,,,,,,,CB,Vanderbilt,,,,,,,,,,,,,,,,,,,,,4.0,0.0,26.0
Greedy Williams,,CLE,2,46,2019,LSU,2017,2018,25.0,,,,,,,,,,,,,,CB,LSU,,,,,,,,,,,,,,,,,,,,,8.0,0.0,20.0
Marquise Blair,,SEA,2,47,2019,Utah,2017,2018,23.0,,,,,,,,,,,,,,DB,Utah,,,,,,,,,,,,,,,,,,,,,2.0,0.0,4.0
Erik McCoy,,NOR,2,48,2019,Texas A&M,2015,2018,27.0,,,,,,,,,,,,,,OL,Texas A&M,,,,,,,,,,,,,,,,,,,,,,,
Ben Banogu,,CLT,2,49,2019,Texas Christian,2015,2018,40.0,,,,,,,,,,,,,,DL,Louisiana-MonroeTexas Christian,,,,,,,,,,,,,,,22.0,96.0,55.0,151.0,49.0,0.55,,,
Irv Smith Jr.,,MIN,2,50,2019,Alabama,2017,2018,29.0,,,,,,,,,,,,,,TE,Alabama,,,,,,,,,,28.9,58.0,838.0,14.4,10.0,,,,,,,,,
A.J. Brown,,OTI,2,51,2019,Ole Miss,2016,2018,36.0,,,,,,,,,,,,,,WR,Ole Miss,,,,,,,,,,82.9,189.0,2984.0,15.8,19.0,,,,,,,,,
Drew Sample,,CIN,2,52,2019,Washington,2015,2018,51.0,,,,,,,,,,,,,,TE,Washington,,,,,,,,,,9.5,46.0,487.0,10.6,5.0,,,,,,,,,
Miles Sanders,,PHI,2,53,2019,Penn State,2016,2018,38.0,,,,,,,,,,,,,,RB,Penn State,43.4,276.0,1649.0,6.0,12.0,32.0,6.0,1.0,5.1,,,,,,,,,,,,,,
Lonnie Johnson,,HTX,2,54,2019,Kentucky,2017,2018,26.0,,,,,,,,,,,,,,CB,Kentucky,,,,,,,,,,,,,,,,,,,,,1.0,0.0,9.0
Max Scharping,,HTX,2,55,2019,Northern Illinois,2015,2017,27.0,,,,,,,,,,,,,,OL,Northern Illinois,,,,,,,,,,,,,,,,,,,,,,,
Mecole Hardman,,KAN,2,56,2019,Georgia,2016,2016,11.0,,,,,,,,,,,,,,FB,Georgia,0.0,0.0,0.0,,0.0,0.0,,0.0,0.0,,,,,,,,,,,,,,
Mecole Hardman,,KAN,2,56,2019,Georgia,2017,2018,29.0,,,,,,,,,,,,,,WR,Georgia,,,,,,,,,,32.8,59.0,950.0,16.1,11.0,,,,,,,,,
JJ Arcega-Whiteside,,PHI,2,57,2019,Stanford,2016,2018,36.0,,,,,,,,,,,,,,WR,Stanford,,,,,,,,,,61.6,135.0,2219.0,16.4,28.0,,,,,,,,,
Trysten Hill,,DAL,2,58,2019,UCF,2016,2018,38.0,,,,,,,,,,,,,,DL,UCF,,,,,,,,,,,,,,,6.0,40.0,31.0,71.0,19.5,0.1578947368421052,,,
Parris Campbell,,CLT,2,59,2019,Ohio State,2015,2018,48.0,,,,,,,,,,,,,,WR,Ohio State,,,,,,,,,,36.8,143.0,1768.0,12.4,15.0,,,,,,,,,
Taylor Rapp,,RAM,2,61,2019,Washington,2016,2018,40.0,,,,,,,,,,,,,,DB,Washington,,,,,,,,,,,,,,,,,,,,,7.0,1.0,7.0
Andy Isabella,,CRD,2,62,2019,Massachusetts,2015,2015,9.0,,,,,,,,,,,,,,RB,Massachusetts,3.1,3.0,28.0,9.3,0.0,2.0,3.5,0.0,0.8,,,,,,,,,,,,,,
Andy Isabella,,CRD,2,62,2019,Massachusetts,2016,2018,36.0,,,,,,,,,,,,,,WR,Massachusetts,,,,,,,,,,97.8,229.0,3519.0,15.4,30.0,,,,,,,,,
Juan Thornhill,,KAN,2,63,2019,Virginia,2015,2018,46.0,,,,,,,,,,,,,,S,Virginia,,,,,,,,,,,,,,,,,,,,,13.0,0.0,26.0
D.K. Metcalf,,SEA,2,64,2019,Ole Miss,2016,2018,21.0,,,,,,,,,,,,,,WR,Ole Miss,,,,,,,,,,58.5,67.0,1228.0,18.3,14.0,,,,,,,,,
Zach Allen,,CRD,3,65,2019,Boston College,2015,2018,50.0,,,,,,,,,,,,,,DE,Boston College,,,,,,,,,,,,,,,18.0,93.0,106.0,199.0,40.5,0.36,,,
Diontae Johnson,,PIT,3,66,2019,Toledo,2015,2018,38.0,,,,,,,,,,,,,,WR,Toledo,,,,,,,,,,59.9,137.0,2276.0,16.6,24.0,,,,,,,,,
Jalen Hurd,,SFO,3,67,2019,Baylor,2014,2016,33.0,,,,,,,,,,,,,,RB,Tennessee,79.9,589.0,2638.0,4.5,20.0,67.0,7.3,6.0,14.9,,,,,,,,,,,,,,
Jalen Hurd,,SFO,3,67,2019,Baylor,2018,2018,12.0,,,,,,,,,,,,,,WR,Baylor,,,,,,,,,,78.8,69.0,946.0,13.7,4.0,,,,,,,,,
Jachai Polite,,NYJ,3,68,2019,Florida,2016,2018,32.0,,,,,,,,,,,,,,DL,Florida,,,,,,,,,,,,,,,15.0,44.0,34.0,78.0,26.5,0.46875,,,
Josh Oliver,,JAX,3,69,2019,San Jose State,2015,2018,48.0,,,,,,,,,,,,,,TE,San Jose State,,,,,,,,,,22.2,98.0,1067.0,10.9,7.0,,,,,,,,,
Darrell Henderson,,RAM,3,70,2019,Memphis,2016,2018,38.0,,,,,,,,,,,,,,RB,Memphis,93.3,431.0,3545.0,8.2,36.0,63.0,12.0,8.0,19.9,,,,,,,,,,,,,,
Dre'Mont Jones,,DEN,3,71,2019,Ohio State,2016,2018,39.0,,,,,,,,,,,,,,DL,Ohio State,,,,,,,,,,,,,,,9.0,58.0,57.0,115.0,22.0,0.2307692307692307,,,
Germaine Pratt,,CIN,3,72,2019,North Carolina State,2017,2018,24.0,,,,,,,,,,,,,,LB,North Carolina State,,,,,,,,,,,,,,,6.0,88.0,85.0,173.0,16.0,0.25,,,
Germaine Pratt,,CIN,3,72,2019,North Carolina State,2014,2015,26.0,,,,,,,,,,,,,,S,North Carolina State,,,,,,,,,,,,,,,,,,,,,1.0,0.0,4.0
David Montgomery,,CHI,3,73,2019,Iowa State,2016,2018,37.0,,,,,,,,,,,,,,RB,Iowa State,79.1,624.0,2925.0,4.7,26.0,71.0,8.2,0.0,15.7,,,,,,,,,,,,,,
Devin Singletary,,BUF,3,74,2019,Florida Atlantic,2016,2018,38.0,,,,,,,,,,,,,,RB,Florida Atlantic,112.9,714.0,4289.0,6.0,66.0,51.0,7.8,1.0,10.4,,,,,,,,,,,,,,
Jace Sternberger,,GNB,3,75,2019,Texas A&M,2016,2018,23.0,,,,,,,,,,,,,,TE,KansasTexas A&M,,,,,,,,,,36.4,49.0,837.0,17.1,10.0,,,,,,,,,
Terry McLaurin,,WAS,3,76,2019,Ohio State,2015,2018,53.0,,,,,,,,,,,,,,WR,Ohio State,,,,,,,,,,23.6,75.0,1251.0,16.7,19.0,,,,,,,,,
Chase Winovich,,NWE,3,77,2019,Michigan,2015,2015,5.0,,,,,,,,,,,,,,TE,Michigan,,,,,,,,,,0.0,0.0,0.0,,0.0,,,,,,,,,
Chase Winovich,,NWE,3,77,2019,Michigan,2016,2018,39.0,,,,,,,,,,,,,,DE,Michigan,,,,,,,,,,,,,,,18.0,70.0,112.0,182.0,44.5,0.4615384615384615,,,
Michael Deiter,,MIA,3,78,2019,Wisconsin,2015,2018,40.0,,,,,,,,,,,,,,OL,Wisconsin,,,,,,,,,,,,,,,,,,,,,,,
David Long,,RAM,3,79,2019,Michigan,2017,2018,26.0,,,,,,,,,,,,,,DB,Michigan,,,,,,,,,,,,,,,,,,,,,3.0,0.0,14.0
Sione Takitaki,,CLE,3,80,2019,BYU,2014,2018,43.0,,,,,,,,,,,,,,LB,BYU,,,,,,,,,,,,,,,14.0,143.0,94.0,237.0,32.5,0.3255813953488372,,,
William Harris,,DET,3,81,2019,Boston College,2015,2018,50.0,,,,,,,,,,,,,,DB,Boston College,,,,,,,,,,,,,,,,,,,,,5.0,0.0,7.0
Nate Davis,,OTI,3,82,2019,Charlotte,2015,2017,24.0,,,,,,,,,,,,,,OL,Charlotte,,,,,,,,,,,,,,,,,,,,,,,
Justin Layne,,PIT,3,83,2019,Michigan State,2016,2016,9.0,,,,,,,,,,,,,,WR,Michigan State,,,,,,,,,,0.0,0.0,0.0,,0.0,,,,,,,,,
Justin Layne,,PIT,3,83,2019,Michigan State,2017,2018,25.0,,,,,,,,,,,,,,CB,Michigan State,,,,,,,,,,,,,,,,,,,,,2.0,0.0,23.0
Jaylon Ferguson,,RAV,3,85,2019,Louisiana Tech,2015,2018,51.0,,,,,,,,,,,,,,DE,Louisiana Tech,,,,,,,,,,,,,,,45.0,111.0,76.0,187.0,66.5,0.8823529411764706,,,
Kahale Warring,,HTX,3,86,2019,San Diego State,2016,2018,29.0,,,,,,,,,,,,,,TE,San Diego State,,,,,,,,,,22.0,51.0,637.0,12.5,8.0,,,,,,,,,
Damien Harris,,NWE,3,87,2019,Alabama,2015,2018,56.0,,,,,,,,,,,,,,RB,Alabama,49.6,441.0,2779.0,6.3,21.0,52.0,7.8,2.0,7.3,,,,,,,,,,,,,,
Cody Barton,,SEA,3,88,2019,Utah,2015,2018,50.0,,,,,,,,,,,,,,LB,Utah,,,,,,,,,,,,,,,9.0,131.0,103.0,234.0,23.5,0.18,,,
Bobby Okereke,,CLT,3,89,2019,Stanford,2015,2018,50.0,,,,,,,,,,,,,,LB,Stanford,,,,,,,,,,,,,,,10.0,114.0,126.0,240.0,19.0,0.2,,,
Connor McGovern,,DAL,3,90,2019,Penn State,2018,2018,13.0,,,,,,,,,,,,,,OL,Penn State,,,,,,,,,,,,,,,,,,,,,,,
Chuma Edoga,,NYJ,3,92,2019,USC,2015,2015,13.0,,,,,,,,,,,,,,T,USC,,,,,,,,,,,,,,,,,,,,,,,
Miles Boykin,,RAV,3,93,2019,Notre Dame,2016,2018,36.0,,,,,,,,,,,,,,WR,Notre Dame,,,,,,,,,,33.5,77.0,1206.0,15.7,11.0,,,,,,,,,
Jamel Dean,,TAM,3,94,2019,Auburn,2017,2018,26.0,,,,,,,,,,,,,,DB,Auburn,,,,,,,,,,,,,,,,,,,,,2.0,0.0,17.0
Oshane Ximines,,NYG,3,95,2019,Old Dominion,2014,2018,50.0,,,,,,,,,,,,,,DE,Old Dominion,,,,,,,,,,,,,,,33.0,93.0,83.0,176.0,51.5,0.66,,,
Dawson Knox,,BUF,3,96,2019,Ole Miss,2016,2018,27.0,,,,,,,,,,,,,,TE,Ole Miss,,,,,,,,,,22.4,39.0,605.0,15.5,0.0,,,,,,,,,
Bobby Evans,,RAM,3,97,2019,Oklahoma,2015,2018,15.0,,,,,,,,,,,,,,OL,Oklahoma,,,,,,,,,,,,,,,,,,,,,,,
Mike Edwards,,TAM,3,99,2019,Kentucky,2015,2018,51.0,,,,,,,,,,,,,,S,Kentucky,,,,,,,,,,,,,,,,,,,,,10.0,2.0,23.0
Will Grier,165.1,CAR,3,100,2019,West Virginia,2015,2018,28.0,622.0,946.0,324.0,65.8,8558.0,81.0,23.0,8.6,2.4,9.0,9.66,13.8,305.6,QB,FloridaWest Virginia,,,,,,,,,,,,,,,,,,,,,,,
Yodny Cajuste,,NWE,3,101,2019,West Virginia,2015,2018,18.0,,,,,,,,,,,,,,OL,West Virginia,,,,,,,,,,,,,,,,,,,,,,,
Alexander Mattison,,MIN,3,102,2019,Boise State,2016,2018,40.0,,,,,,,,,,,,,,RB,Boise State,70.7,581.0,2829.0,4.9,33.0,60.0,8.5,1.0,12.8,,,,,,,,,,,,,,
Hakeem Butler,,CRD,4,103,2019,Iowa State,2016,2018,37.0,,,,,,,,,,,,,,WR,Iowa State,,,,,,,,,,58.1,110.0,2149.0,19.5,18.0,,,,,,,,,
Ryan Finley,138.4,CIN,4,104,2019,North Carolina State,2014,2018,47.0,939.0,1462.0,523.0,64.2,11147.0,63.0,30.0,4.3,2.1,7.6,7.56,11.9,237.2,QB,Boise StateNorth Carolina State,,,,,,,,,,,,,,,,,,,,,,,
Chauncey Gardner,,NOR,4,105,2019,Florida,2016,2018,37.0,,,,,,,,,,,,,,DB,Florida,,,,,,,,,,,,,,,,,,,,,9.0,3.0,12.0
Maxx Crosby,,RAI,4,106,2019,Eastern Michigan,2016,2018,37.0,,,,,,,,,,,,,,DL,Eastern Michigan,,,,,,,,,,,,,,,20.0,73.0,89.0,162.0,41.0,0.5405405405405406,,,
Anthony Nelson,,TAM,4,107,2019,Iowa,2016,2018,39.0,,,,,,,,,,,,,,DE,Iowa,,,,,,,,,,,,,,,23.0,59.0,60.0,119.0,31.0,0.5897435897435898,,,
Julian Love,,NYG,4,108,2019,Notre Dame,2016,2018,38.0,,,,,,,,,,,,,,CB,Notre Dame,,,,,,,,,,,,,,,,,,,,,5.0,2.0,39.0
Khari Willis,,CLT,4,109,2019,Michigan State,2015,2018,45.0,,,,,,,,,,,,,,S,Michigan State,,,,,,,,,,,,,,,,,,,,,4.0,0.0,16.0
Kendall Sheffield,,ATL,4,111,2019,Ohio State,2017,2018,28.0,,,,,,,,,,,,,,CB,Ohio State,,,,,,,,,,,,,,,,,,,,,2.0,0.0,17.0
Bryce Love,,WAS,4,112,2019,Stanford,2015,2018,49.0,,,,,,,,,,,,,,RB,Stanford,78.9,569.0,3866.0,6.8,30.0,49.0,9.5,2.0,9.5,,,,,,,,,,,,,,
Justice Hill,,RAV,4,113,2019,Oklahoma State,2016,2018,36.0,,,,,,,,,,,,,,RB,Oklahoma State,98.3,632.0,3539.0,5.6,30.0,49.0,6.2,1.0,8.4,,,,,,,,,,,,,,
Dru Samia,,MIN,4,114,2019,Oklahoma,2015,2015,12.0,,,,,,,,,,,,,,OL,Oklahoma,,,,,,,,,,,,,,,,,,,,,,,
Christian Miller,,CAR,4,115,2019,Alabama,2015,2018,45.0,,,,,,,,,,,,,,LB,Alabama,,,,,,,,,,,,,,,11.0,25.0,33.0,58.0,16.0,0.2444444444444444,,,
Amani Hooker,,OTI,4,116,2019,Iowa,2016,2018,37.0,,,,,,,,,,,,,,DB,Iowa,,,,,,,,,,,,,,,,,,,,,6.0,1.0,9.0
Austin Bryant,,DET,4,117,2019,Clemson,2015,2018,50.0,,,,,,,,,,,,,,DE,Clemson,,,,,,,,,,,,,,,20.0,69.0,60.0,129.0,36.0,0.4,,,
Hjalte Froholdt,,NWE,4,118,2019,Arkansas,2017,2017,12.0,,,,,,,,,,,,,,OL,Arkansas,,,,,,,,,,,,,,,,,,,,,,,
Hjalte Froholdt,,NWE,4,118,2019,Arkansas,2015,2015,10.0,,,,,,,,,,,,,,DL,Arkansas,,,,,,,,,,,,,,,0.0,1.0,2.0,3.0,0.0,0.0,,,
Sheldrick Redwine,,CLE,4,119,2019,Miami (FL),2015,2018,49.0,,,,,,,,,,,,,,DB,Miami (FL),,,,,,,,,,,,,,,,,,,,,5.0,0.0,10.0
Gary Jennings,,SEA,4,120,2019,West Virginia,2015,2018,50.0,,,,,,,,,,,,,,WR,West Virginia,,,,,,,,,,45.9,168.0,2294.0,13.7,17.0,,,,,,,,,
Trevon Wesco,,NYJ,4,121,2019,West Virginia,2016,2018,34.0,,,,,,,,,,,,,,TE,West Virginia,,,,,,,,,,11.0,28.0,373.0,13.3,2.0,,,,,,,,,
Benjamin Snell Jr.,,PIT,4,122,2019,Kentucky,2016,2018,39.0,,,,,,,,,,,,,,RB,Kentucky,99.3,737.0,3873.0,5.3,48.0,29.0,7.4,0.0,5.5,,,,,,,,,,,,,,
Ben Powers,,RAV,4,123,2019,Oklahoma,2016,2018,38.0,,,,,,,,,,,,,,OL,Oklahoma,,,,,,,,,,,,,,,,,,,,,,,
Phil Haynes,,SEA,4,124,2019,Wake Forest,2015,2018,38.0,,,,,,,,,,,,,,OL,Wake Forest,,,,,,,,,,,,,,,,,,,,,,,
Renell Wren,,CIN,4,125,2019,Arizona State,2015,2018,42.0,,,,,,,,,,,,,,DL,Arizona State,,,,,,,,,,,,,,,3.0,51.0,30.0,81.0,14.5,0.0714285714285714,,,
Riley Ridley,,CHI,4,126,2019,Georgia,2016,2018,39.0,,,,,,,,,,,,,,WR,Georgia,,,,,,,,,,26.3,70.0,1026.0,14.7,13.0,,,,,,,,,
Iman Marshall,,RAV,4,127,2019,USC,2015,2018,50.0,,,,,,,,,,,,,,CB,USC,,,,,,,,,,,,,,,,,,,,,6.0,0.0,36.0
Tony Pollard,,DAL,4,128,2019,Memphis,2017,2017,13.0,,,,,,,,,,,,,,RB,Memphis,17.7,30.0,230.0,7.7,2.0,36.0,14.9,4.0,41.2,,,,,,,,,,,,,,
Tony Pollard,,DAL,4,128,2019,Memphis,2016,2018,27.0,,,,,,,,,,,,,,WR,Memphis,,,,,,,,,,28.0,68.0,756.0,11.1,5.0,,,,,,,,,
Isaiah Johnson,,RAI,4,129,2019,Houston,2015,2016,22.0,,,,,,,,,,,,,,WR,Houston,,,,,,,,,,9.5,21.0,208.0,9.9,0.0,,,,,,,,,
Isaiah Johnson,,RAI,4,129,2019,Houston,2017,2018,23.0,,,,,,,,,,,,,,CB,Houston,,,,,,,,,,,,,,,,,,,,,4.0,0.0,14.0
Drue Tranquill,,SDG,4,130,2019,Notre Dame,2017,2018,26.0,,,,,,,,,,,,,,LB,Notre Dame,,,,,,,,,,,,,,,5.0,107.0,64.0,171.0,19.5,0.1923076923076923,,,
Drue Tranquill,,SDG,4,130,2019,Notre Dame,2014,2016,25.0,,,,,,,,,,,,,,S,Notre Dame,,,,,,,,,,,,,,,,,,,,,2.0,0.0,4.0
Wes Martin,,WAS,4,131,2019,Indiana,2015,2017,25.0,,,,,,,,,,,,,,OL,Indiana,,,,,,,,,,,,,,,,,,,,,,,
Ugo Amadi,,SEA,4,132,2019,Oregon,2015,2018,51.0,,,,,,,,,,,,,,CB,Oregon,,,,,,,,,,,,,,,,,,,,,8.0,2.0,25.0
Jarrett Stidham,151.4,NWE,4,133,2019,Auburn,2015,2018,37.0,545.0,848.0,303.0,64.3,7217.0,48.0,13.0,5.7,1.5,8.5,8.95,13.2,195.1,QB,AuburnBaylor,,,,,,,,,,,,,,,,,,,,,,,
Greg Gaines,,RAM,4,134,2019,Washington,2015,2018,54.0,,,,,,,,,,,,,,DL,Washington,,,,,,,,,,,,,,,8.0,74.0,74.0,148.0,20.5,0.1481481481481481,,,
Foster Moreau,,RAI,4,137,2019,LSU,2015,2018,49.0,,,,,,,,,,,,,,TE,LSU,,,,,,,,,,12.8,52.0,629.0,12.1,6.0,,,,,,,,,
Shareef Miller,,PHI,4,138,2019,Penn State,2016,2018,40.0,,,,,,,,,,,,,,DE,Penn State,,,,,,,,,,,,,,,14.0,58.0,42.0,100.0,31.5,0.35,,,
Deionte Thompson,,CRD,5,139,2019,Alabama,2016,2018,43.0,,,,,,,,,,,,,,DB,Alabama,,,,,,,,,,,,,,,,,,,,,3.0,0.0,7.0
Ryquell Armstead,,JAX,5,140,2019,Temple,2015,2018,48.0,,,,,,,,,,,,,,RB,Temple,58.6,573.0,2812.0,4.9,34.0,29.0,6.0,0.0,3.6,,,,,,,,,,,,,,
Zach Gentry,,PIT,5,141,2019,Michigan,2017,2018,26.0,,,,,,,,,,,,,,TE,Michigan,,,,,,,,,,31.4,49.0,817.0,16.7,4.0,,,,,,,,,
Ben Burr-Kirven,,SEA,5,142,2019,Washington,2015,2018,53.0,,,,,,,,,,,,,,LB,Washington,,,,,,,,,,,,,,,4.0,190.0,148.0,338.0,11.5,0.0754716981132075,,,
Ryan Connelly,,NYG,5,143,2019,Wisconsin,2015,2018,52.0,,,,,,,,,,,,,,LB,Wisconsin,,,,,,,,,,,,,,,6.0,157.0,94.0,251.0,29.0,0.1153846153846153,,,
Marvell Tell III,,CLT,5,144,2019,USC,2015,2018,47.0,,,,,,,,,,,,,,S,USC,,,,,,,,,,,,,,,,,,,,,5.0,1.0,13.0
Amani Oruwariye,,DET,5,146,2019,Penn State,2015,2018,48.0,,,,,,,,,,,,,,CB,Penn State,,,,,,,,,,,,,,,,,,,,,8.0,1.0,22.0
Vosean Joseph,,BUF,5,147,2019,Florida,2016,2018,37.0,,,,,,,,,,,,,,LB,Florida,,,,,,,,,,,,,,,4.0,69.0,92.0,161.0,14.0,0.1081081081081081,,,
Dre Greenlaw,,SFO,5,148,2019,Arkansas,2015,2018,41.0,,,,,,,,,,,,,,LB,Arkansas,,,,,,,,,,,,,,,4.0,158.0,162.0,320.0,13.0,0.0975609756097561,,,
Hunter Renfrow,,RAI,5,149,2019,Clemson,2015,2018,55.0,,,,,,,,,,,,,,WR,Clemson,,,,,,,,,,38.8,186.0,2133.0,11.5,15.0,,,,,,,,,
Kingsley Keke,,GNB,5,150,2019,Texas A&M,2015,2018,52.0,,,,,,,,,,,,,,DL,Texas A&M,,,,,,,,,,,,,,,12.0,57.0,93.0,150.0,21.0,0.2307692307692307,,,
Andrew Van Ginkel,,MIA,5,151,2019,Wisconsin,2017,2018,27.0,,,,,,,,,,,,,,LB,Wisconsin,,,,,,,,,,,,,,,12.0,64.0,35.0,99.0,19.5,0.4444444444444444,,,
Qadree Ollison,,ATL,5,152,2019,Pitt,2015,2018,52.0,,,,,,,,,,,,,,RB,Pitt,55.0,529.0,2859.0,5.4,29.0,50.0,7.5,3.0,7.2,,,,,,,,,,,,,,
Ross Pierschbacher,,WAS,5,153,2019,Alabama,2015,2018,30.0,,,,,,,,,,,,,,OL,Alabama,,,,,,,,,,,,,,,,,,,,,,,
Jordan Scarlett,,CAR,5,154,2019,Florida,2015,2018,35.0,,,,,,,,,,,,,,RB,Florida,52.7,344.0,1846.0,5.4,12.0,15.0,7.2,0.0,3.1,,,,,,,,,,,,,,
Mack Wilson,,CLE,5,155,2019,Alabama,2016,2018,42.0,,,,,,,,,,,,,,LB,Alabama,,,,,,,,,,,,,,,1.0,62.0,57.0,119.0,7.5,0.0238095238095238,,,
Justin Hollins,,DEN,5,156,2019,Oregon,2014,2018,52.0,,,,,,,,,,,,,,LB,Oregon,,,,,,,,,,,,,,,13.0,98.0,86.0,184.0,36.5,0.25,,,
Blake Cashman,,NYJ,5,157,2019,Minnesota,2016,2018,37.0,,,,,,,,,,,,,,LB,Minnesota,,,,,,,,,,,,,,,12.0,113.0,66.0,179.0,30.5,0.3243243243243243,,,
Blake Cashman,,NYJ,5,157,2019,Minnesota,2015,2015,11.0,,,,,,,,,,,,,,DB,Minnesota,,,,,,,,,,,,,,,,,,,,,0.0,0.0,0.0
Michael Jackson,,DAL,5,158,2019,Miami (FL),2015,2018,51.0,,,,,,,,,,,,,,DB,Miami (FL),,,,,,,,,,,,,,,,,,,,,4.0,0.0,12.0
Byron Cowart,,NWE,5,159,2019,Maryland,2015,2018,38.0,,,,,,,,,,,,,,DE,AuburnMaryland,,,,,,,,,,,,,,,3.0,24.0,28.0,52.0,6.5,0.0789473684210526,,,
Daylon Mack,,RAV,5,160,2019,Texas A&M,2015,2018,52.0,,,,,,,,,,,,,,DL,Texas A&M,,,,,,,,,,,,,,,8.0,52.0,56.0,108.0,27.0,0.1538461538461538,,,
Charles Omenihu,,HTX,5,161,2019,Texas,2015,2018,50.0,,,,,,,,,,,,,,DE,Texas,,,,,,,,,,,,,,,17.0,84.0,33.0,117.0,30.5,0.34,,,
Cameron Smith,,MIN,5,162,2019,USC,2015,2018,47.0,,,,,,,,,,,,,,LB,USC,,,,,,,,,,,,,,,3.0,211.0,143.0,354.0,26.5,0.0638297872340425,,,
Joe Jackson,,DAL,5,165,2019,Miami (FL),2016,2018,39.0,,,,,,,,,,,,,,DL,Miami (FL),,,,,,,,,,,,,,,24.0,71.0,67.0,138.0,37.5,0.6153846153846154,,,
Clayton Thorson,118.1,PHI,5,167,2019,Northwestern,2015,2018,53.0,991.0,1696.0,705.0,58.4,10731.0,61.0,45.0,3.6,2.7,6.3,5.85,10.8,202.5,QB,Northwestern,,,,,,,,,,,,,,,,,,,,,,,
D'Andre Walker,,OTI,5,168,2019,Georgia,2015,2018,54.0,,,,,,,,,,,,,,LB,Georgia,,,,,,,,,,,,,,,13.0,65.0,48.0,113.0,27.5,0.2407407407407407,,,
David Edwards,,RAM,5,169,2019,Wisconsin,2016,2018,23.0,,,,,,,,,,,,,,OL,Wisconsin,,,,,,,,,,,,,,,,,,,,,,,
Darius Slayton,,NYG,5,171,2019,Auburn,2016,2018,38.0,,,,,,,,,,,,,,WR,Auburn,,,,,,,,,,42.2,79.0,1605.0,20.3,11.0,,,,,,,,,
Jordan Miller,,ATL,5,172,2019,Washington,2015,2018,46.0,,,,,,,,,,,,,,DB,Washington,,,,,,,,,,,,,,,,,,,,,6.0,0.0,12.0
Cole Holcomb,,WAS,5,173,2019,North Carolina,2015,2018,49.0,,,,,,,,,,,,,,LB,North Carolina,,,,,,,,,,,,,,,2.0,171.0,157.0,328.0,15.5,0.0408163265306122,,,
KeeSean Johnson,,CRD,6,174,2019,Fresno State,2015,2018,52.0,,,,,,,,,,,,,,WR,Fresno State,,,,,,,,,,66.6,275.0,3463.0,12.6,24.0,,,,,,,,,
Sutton Smith,,PIT,6,175,2019,Northern Illinois,2016,2018,39.0,,,,,,,,,,,,,,LB,Northern Illinois,,,,,,,,,,,,,,,30.0,92.0,47.0,139.0,58.0,0.7692307692307693,,,
Kaden Smith,,SFO,6,176,2019,Stanford,2017,2018,24.0,,,,,,,,,,,,,,TE,Stanford,,,,,,,,,,43.7,70.0,1049.0,15.0,7.0,,,,,,,,,
Saquan Hampton,,NOR,6,177,2019,Rutgers,2015,2018,39.0,,,,,,,,,,,,,,DB,Rutgers,,,,,,,,,,,,,,,,,,,,,5.0,0.0,19.0
Gardner Minshew,138.7,JAX,6,178,2019,Washington State,2016,2018,30.0,761.0,1168.0,407.0,65.2,8266.0,62.0,20.0,5.3,1.7,7.1,7.37,10.9,275.5,QB,East CarolinaWashington State,,,,,,,,,,,,,,,,,,,,,,,
Lamont Gaillard,,CRD,6,179,2019,Georgia,2015,2016,15.0,,,,,,,,,,,,,,G,Georgia,,,,,,,,,,,,,,,,,,,,,,,
Jaquan Johnson,,BUF,6,181,2019,Miami (FL),2015,2018,50.0,,,,,,,,,,,,,,DB,Miami (FL),,,,,,,,,,,,,,,,,,,,,8.0,1.0,7.0
Trayveon Williams,,CIN,6,182,2019,Texas A&M,2016,2018,38.0,,,,,,,,,,,,,,RB,Texas A&M,95.1,600.0,3615.0,6.0,34.0,66.0,8.5,1.0,14.8,,,,,,,,,,,,,,
Justin Skule,,SFO,6,183,2019,Vanderbilt,2015,2015,7.0,,,,,,,,,,,,,,OL,Vanderbilt,,,,,,,,,,,,,,,,,,,,,,,
Travis Fulgham,,DET,6,184,2019,Old Dominion,2015,2018,47.0,,,,,,,,,,,,,,WR,Old Dominion,,,,,,,,,,43.5,128.0,2044.0,16.0,18.0,,,,,,,,,
Ka'dar Hollman,,GNB,6,185,2019,Toledo,2015,2018,42.0,,,,,,,,,,,,,,DB,Toledo,,,,,,,,,,,,,,,,,,,,,2.0,0.0,27.0
Ty Johnson,,DET,6,186,2019,Maryland,2015,2018,46.0,,,,,,,,,,,,,,RB,Maryland,57.3,348.0,2635.0,7.6,17.0,29.0,11.0,2.0,6.9,,,,,,,,,,,,,,
Juwann Winfree,,DEN,6,187,2019,Colorado,2014,2018,16.0,,,,,,,,,,,,,,WR,ColoradoMaryland,,,,,,,,,,30.1,39.0,482.0,12.4,4.0,,,,,,,,,
Juwann Winfree,,DEN,6,187,2019,Colorado,2017,2017,12.0,,,,,,,,,,,,,,DB,Colorado,,,,,,,,,,,,,,,,,,,,,0.0,0.0,0.0
David Long,,OTI,6,188,2019,West Virginia,2016,2018,34.0,,,,,,,,,,,,,,LB,West Virginia,,,,,,,,,,,,,,,14.0,169.0,83.0,252.0,40.0,0.4117647058823529,,,
Armon Watts,,MIN,6,190,2019,Arkansas,2015,2018,29.0,,,,,,,,,,,,,,DL,Arkansas,,,,,,,,,,,,,,,7.0,29.0,27.0,56.0,8.5,0.2413793103448276,,,
Marcus Epps,,MIN,6,191,2019,Wyoming,2015,2018,50.0,,,,,,,,,,,,,,S,Wyoming,,,,,,,,,,,,,,,,,,,,,9.0,1.0,22.0
Isaiah Buggs,,PIT,6,192,2019,Alabama,2017,2018,29.0,,,,,,,,,,,,,,DL,Alabama,,,,,,,,,,,,,,,11.0,44.0,58.0,102.0,17.5,0.3793103448275862,,,
Dexter Williams,,GNB,6,194,2019,Notre Dame,2015,2018,37.0,,,,,,,,,,,,,,RB,Notre Dame,44.2,257.0,1636.0,6.4,20.0,22.0,7.4,2.0,4.4,,,,,,,,,,,,,,
Xavier Crawford,,HTX,6,195,2019,Central Michigan,2016,2018,28.0,,,,,,,,,,,,,,CB,Central MichiganOregon State,,,,,,,,,,,,,,,,,,,,,2.0,0.0,24.0
Blessuan Austin,,NYJ,6,196,2019,Rutgers,2015,2018,27.0,,,,,,,,,,,,,,DB,Rutgers,,,,,,,,,,,,,,,,,,,,,4.0,1.0,19.0
Trace McSorley,144.5,RAV,6,197,2019,Penn State,2015,2018,47.0,720.0,1215.0,495.0,59.3,9899.0,77.0,25.0,6.3,2.1,8.1,8.49,13.7,210.6,QB,Penn State,,,,,,,,,,,,,,,,,,,,,,,
Tim Harris,,SFO,6,198,2019,Virginia,2013,2018,43.0,,,,,,,,,,,,,,DB,Virginia,,,,,,,,,,,,,,,,,,,,,4.0,0.0,17.0
Gerri Green,,CLT,6,199,2019,Mississippi State,2015,2018,52.0,,,,,,,,,,,,,,LB,Mississippi State,,,,,,,,,,,,,,,8.0,59.0,102.0,161.0,20.5,0.1538461538461538,,,
Emeke Egbule,,SDG,6,200,2019,Houston,2015,2018,52.0,,,,,,,,,,,,,,LB,Houston,,,,,,,,,,,,,,,5.0,99.0,65.0,164.0,13.0,0.0961538461538461,,,
Rashad Fenton,,KAN,6,201,2019,South Carolina,2015,2018,48.0,,,,,,,,,,,,,,CB,South Carolina,,,,,,,,,,,,,,,,,,,,,5.0,0.0,19.0
Isaiah Prince,,MIA,6,202,2019,Ohio State,2015,2018,36.0,,,,,,,,,,,,,,OL,Ohio State,,,,,,,,,,,,,,,,,,,,,,,
Marcus Green,,ATL,6,203,2019,Louisiana-Monroe,2015,2018,48.0,,,,,,,,,,,,,,WR,Louisiana-Monroe,,,,,,,,,,56.8,203.0,2726.0,13.4,24.0,,,,,,,,,
Travis Homer,,SEA,6,204,2019,Miami (FL),2016,2018,38.0,,,,,,,,,,,,,,RB,Miami (FL),52.5,334.0,1995.0,6.0,12.0,37.0,10.9,1.0,10.7,,,,,,,,,,,,,,
Duke Shelley,,CHI,6,205,2019,Kansas State,2015,2018,38.0,,,,,,,,,,,,,,DB,Kansas State,,,,,,,,,,,,,,,,,,,,,8.0,2.0,31.0
Kelvin Harmon,,WAS,6,206,2019,North Carolina State,2016,2018,38.0,,,,,,,,,,,,,,WR,North Carolina State,,,,,,,,,,70.1,177.0,2665.0,15.1,16.0,,,,,,,,,
Ulysees Gilbert III,,PIT,6,207,2019,Akron,2015,2018,51.0,,,,,,,,,,,,,,LB,Akron,,,,,,,,,,,,,,,9.0,184.0,174.0,358.0,28.5,0.1764705882352941,,,
Scott Miller,,TAM,6,208,2019,Bowling Green,2015,2018,45.0,,,,,,,,,,,,,,WR,Bowling Green,,,,,,,,,,63.7,215.0,2867.0,13.3,23.0,,,,,,,,,
Demarcus Christmas,,SEA,6,209,2019,Florida State,2014,2018,52.0,,,,,,,,,,,,,,DT,Florida State,,,,,,,,,,,,,,,3.0,48.0,57.0,105.0,10.5,0.0576923076923076,,,
Deshaun Davis,,CIN,6,210,2019,Auburn,2015,2018,52.0,,,,,,,,,,,,,,LB,Auburn,,,,,,,,,,,,,,,7.0,129.0,137.0,266.0,29.0,0.1346153846153846,,,
Rodney Anderson,,CIN,6,211,2019,Oklahoma,2015,2018,18.0,,,,,,,,,,,,,,RB,Oklahoma,71.4,200.0,1285.0,6.4,16.0,17.0,16.5,5.0,15.6,,,,,,,,,,,,,,
Donovan Wilson,,DAL,6,213,2019,Texas A&M,2014,2018,47.0,,,,,,,,,,,,,,DB,Texas A&M,,,,,,,,,,,,,,,,,,,,,8.0,1.0,8.0
Darwin Thompson,,KAN,6,214,2019,Utah State,2018,2018,13.0,,,,,,,,,,,,,,RB,Utah State,80.3,153.0,1044.0,6.8,14.0,23.0,15.3,2.0,27.0,,,,,,,,,,,,,,
Terry Beckner Jr.,,TAM,7,215,2019,Missouri,2015,2018,43.0,,,,,,,,,,,,,,DL,Missouri,,,,,,,,,,,,,,,13.0,72.0,51.0,123.0,32.0,0.3023255813953488,,,
Nick Allegretti,,KAN,7,216,2019,Illinois,2015,2018,23.0,,,,,,,,,,,,,,OL,Illinois,,,,,,,,,,,,,,,,,,,,,,,
Kris Boyd,,MIN,7,217,2019,Texas,2015,2018,51.0,,,,,,,,,,,,,,CB,Texas,,,,,,,,,,,,,,,,,,,,,4.0,0.0,36.0
Mike Weber,,DAL,7,218,2019,Ohio State,2016,2018,38.0,,,,,,,,,,,,,,RB,Ohio State,70.4,455.0,2676.0,5.9,24.0,54.0,5.5,1.0,7.8,,,,,,,,,,,,,,
Derwin Gray,,PIT,7,219,2019,Maryland,2015,2017,14.0,,,,,,,,,,,,,,OL,Maryland,,,,,,,,,,,,,,,,,,,,,,,
Cullen Gillaspia,,HTX,7,220,2019,Texas A&M,2018,2018,13.0,,,,,,,,,,,,,,FB,Texas A&M,2.5,5.0,33.0,6.6,1.0,5.0,10.4,0.0,4.0,,,,,,,,,,,,,,
Cullen Gillaspia,,HTX,7,220,2019,Texas A&M,2015,2017,27.0,,,,,,,,,,,,,,LB,Texas A&M,,,,,,,,,,,,,,,0.0,11.0,8.0,19.0,0.0,0.0,,,
Donnie Lewis,,CLE,7,221,2019,Tulane,2015,2018,46.0,,,,,,,,,,,,,,CB,Tulane,,,,,,,,,,,,,,,,,,,,,8.0,1.0,41.0
Kerrith Whyte,,CHI,7,222,2019,Florida Atlantic,2016,2018,37.0,,,,,,,,,,,,,,RB,Florida Atlantic,36.7,232.0,1358.0,5.9,11.0,22.0,10.3,2.0,6.1,,,,,,,,,,,,,,
Isaac Nauta,,DET,7,224,2019,Georgia,2016,2018,42.0,,,,,,,,,,,,,,TE,Georgia,,,,,,,,,,21.5,68.0,905.0,13.3,8.0,,,,,,,,,
Ty Summers,,GNB,7,226,2019,Texas Christian,2015,2018,50.0,,,,,,,,,,,,,,LB,Texas Christian,,,,,,,,,,,,,,,10.0,168.0,151.0,319.0,23.5,0.2,,,
Tommy Sweeney,,BUF,7,228,2019,Boston College,2015,2018,50.0,,,,,,,,,,,,,,TE,Boston College,,,,,,,,,,25.6,99.0,1281.0,12.9,10.0,,,,,,,,,
P.J. Johnson,,DET,7,229,2019,Arizona,2018,2018,10.0,,,,,,,,,,,,,,DT,Arizona,,,,,,,,,,,,,,,3.0,22.0,9.0,31.0,8.5,0.3,,,
Alize Mack,,NOR,7,231,2019,Notre Dame,2015,2018,35.0,,,,,,,,,,,,,,TE,Notre Dame,,,,,,,,,,20.5,68.0,716.0,10.5,4.0,,,,,,,,,
George Asafo-Adjei,,NYG,7,232,2019,Kentucky,2015,2018,22.0,,,,,,,,,,,,,,G,Kentucky,,,,,,,,,,,,,,,,,,,,,,,
Chandler Cox,,MIA,7,233,2019,Auburn,2015,2018,52.0,,,,,,,,,,,,,,FB,Auburn,0.3,11.0,18.0,1.6,3.0,26.0,9.1,1.0,4.6,,,,,,,,,,,,,,
Myles Gaskin,,MIA,7,234,2019,Washington,2015,2018,52.0,,,,,,,,,,,,,,RB,Washington,102.4,945.0,5323.0,5.6,57.0,65.0,7.2,5.0,8.9,,,,,,,,,,,,,,
Dontavius Russell,,JAX,7,235,2019,Auburn,2015,2018,53.0,,,,,,,,,,,,,,DL,Auburn,,,,,,,,,,,,,,,6.0,57.0,96.0,153.0,17.0,0.1132075471698113,,,
John Ursua,,SEA,7,236,2019,Hawaii,2016,2018,33.0,,,,,,,,,,,,,,WR,Hawaii,,,,,,,,,,80.7,189.0,2662.0,14.1,24.0,,,,,,,,,
Terry Godwin,,CAR,7,237,2019,Georgia,2015,2018,54.0,,,,,,,,,,,,,,WR,Georgia,,,,,,,,,,33.1,133.0,1788.0,13.4,11.0,,,,,,,,,
Dillon Mitchell,,MIN,7,239,2019,Oregon,2016,2018,31.0,,,,,,,,,,,,,,WR,Oregon,,,,,,,,,,55.2,119.0,1710.0,14.4,14.0,,,,,,,,,
Jackson Barton,,CLT,7,240,2019,Utah,2015,2018,27.0,,,,,,,,,,,,,,OL,Utah,,,,,,,,,,,,,,,,,,,,,,,
Jalen Jelks,,DAL,7,241,2019,Oregon,2015,2018,44.0,,,,,,,,,,,,,,DL,Oregon,,,,,,,,,,,,,,,15.0,94.0,62.0,156.0,29.5,0.3409090909090909,,,
Cortez Broughton,,SDG,7,242,2019,Cincinnati,2015,2018,49.0,,,,,,,,,,,,,,DT,Cincinnati,,,,,,,,,,,,,,,9.0,75.0,79.0,154.0,26.5,0.1836734693877551,,,
Nick Scott,,RAM,7,243,2019,Penn State,2015,2015,13.0,,,,,,,,,,,,,,RB,Penn State,10.2,30.0,133.0,4.4,1.0,4.0,10.8,0.0,3.3,,,,,,,,,,,,,,
Nick Scott,,RAM,7,243,2019,Penn State,2016,2018,39.0,,,,,,,,,,,,,,CB,Penn State,,,,,,,,,,,,,,,,,,,,,3.0,0.0,2.0
Kaden Elliss,,NOR,7,244,2019,,2015,2017,37.0,,,,,,,,,,,,,,LB,Idaho,,,,,,,,,,,,,,,10.0,158.0,71.0,229.0,31.0,0.2702702702702703,,,
Chris Slayton,,NYG,7,245,2019,Syracuse,2015,2018,49.0,,,,,,,,,,,,,,DE,Syracuse,,,,,,,,,,,,,,,9.0,66.0,41.0,107.0,32.5,0.1836734693877551,,,
Javon Patterson,,CLT,7,246,2019,Ole Miss,2015,2016,24.0,,,,,,,,,,,,,,OL,Ole Miss,,,,,,,,,,,,,,,,,,,,,,,
Olabisi Johnson,,MIN,7,247,2019,Colorado State,2015,2018,49.0,,,,,,,,,,,,,,WR,Colorado State,,,,,,,,,,41.2,125.0,2019.0,16.2,11.0,,,,,,,,,
Michael Dogbe,,CRD,7,249,2019,Temple,2014,2018,55.0,,,,,,,,,,,,,,DL,Temple,,,,,,,,,,,,,,,8.0,77.0,81.0,158.0,19.5,0.1454545454545454,,,
Austin Cutting,,MIN,7,250,2019,Air Force,2016,2017,22.0,,,,,,,,,,,,,,OL,Air Force,,,,,,,,,,,,,,,,,,,,,,,
Austin Cutting,,MIN,7,250,2019,Air Force,2018,2018,12.0,,,,,,,,,,,,,,LS,Air Force,,,,,,,,,,,,,,,,,,,,,0.0,0.0,0.0
Dakota Allen,,RAM,7,251,2019,Texas Tech,2015,2018,36.0,,,,,,,,,,,,,,LB,Texas Tech,,,,,,,,,,,,,,,2.0,136.0,126.0,262.0,18.5,0.0555555555555555,,,
Kendarius Webster,,NWE,7,252,2019,Ole Miss,2014,2018,46.0,,,,,,,,,,,,,,DB,Ole Miss,,,,,,,,,,,,,,,,,,,,,3.0,0.0,21.0
Jordan Brailford,,WAS,7,253,2019,Oklahoma State,2015,2018,36.0,,,,,,,,,,,,,,DE,Oklahoma State,,,,,,,,,,,,,,,15.0,89.0,45.0,134.0,30.5,0.4166666666666667,,,
Caleb Wilson,,CRD,7,254,2019,UCLA,2016,2018,29.0,,,,,,,,,,,,,,TE,UCLA,,,,,,,,,,57.7,114.0,1674.0,14.7,5.0,,,,,,,,,
Joe Burrow,172.4,CIN,1,1,2020,LSU,2016,2019,39.0,650.0,945.0,295.0,68.8,8852.0,78.0,11.0,8.3,1.2,9.4,10.49,13.6,227.0,QB,LSUOhio State,,,,,,,,,,,,,,,,,,,,,,,
Chase Young,,WAS,1,2,2020,Ohio State,2017,2019,36.0,,,,,,,,,,,,,,DE,Ohio State,,,,,,,,,,,,,,,30.0,69.0,30.0,99.0,42.5,0.8333333333333334,,,
Jeffrey Okudah,,DET,1,3,2020,Ohio State,2017,2019,41.0,,,,,,,,,,,,,,CB,Ohio State,,,,,,,,,,,,,,,,,,,,,3.0,0.0,18.0
Tua Tagovailoa,199.4,MIA,1,5,2020,Alabama,2017,2019,33.0,474.0,684.0,210.0,69.3,7442.0,87.0,11.0,12.7,1.6,10.9,12.7,15.7,225.5,QB,Alabama,,,,,,,,,,,,,,,,,,,,,,,
Justin Herbert,153.1,SDG,1,6,2020,Oregon,2016,2019,44.0,827.0,1293.0,466.0,64.0,10541.0,95.0,23.0,7.3,1.8,8.2,8.82,12.7,239.6,QB,Oregon,,,,,,,,,,,,,,,,,,,,,,,
Derrick Brown,,CAR,1,7,2020,Auburn,2016,2019,53.0,,,,,,,,,,,,,,DL,Auburn,,,,,,,,,,,,,,,13.0,88.0,82.0,170.0,33.5,0.2452830188679245,,,
Isaiah Simmons,,CRD,1,8,2020,Clemson,2019,2019,15.0,,,,,,,,,,,,,,LB,Clemson,,,,,,,,,,,,,,,7.0,67.0,36.0,103.0,16.0,0.4666666666666667,,,
Isaiah Simmons,,CRD,1,8,2020,Clemson,2016,2018,30.0,,,,,,,,,,,,,,S,Clemson,,,,,,,,,,,,,,,,,,,,,1.0,1.0,12.0
C.J. Henderson,,JAX,1,9,2020,Florida,2017,2019,33.0,,,,,,,,,,,,,,CB,Florida,,,,,,,,,,,,,,,,,,,,,6.0,2.0,22.0
Mekhi Becton,,NYJ,1,11,2020,Louisville,2018,2019,23.0,,,,,,,,,,,,,,OL,Louisville,,,,,,,,,,,,,,,,,,,,,,,
Henry Ruggs III,,RAI,1,12,2020,Alabama,2017,2019,41.0,,,,,,,,,,,,,,WR,Alabama,,,,,,,,,,41.9,98.0,1716.0,17.5,24.0,,,,,,,,,
Tristan Wirfs,,TAM,1,13,2020,Iowa,2018,2018,12.0,,,,,,,,,,,,,,OL,Iowa,,,,,,,,,,,,,,,,,,,,,,,
Javon Kinlaw,,SFO,1,14,2020,South Carolina,2017,2019,37.0,,,,,,,,,,,,,,DL,South Carolina,,,,,,,,,,,,,,,10.0,48.0,45.0,93.0,18.0,0.2702702702702703,,,
Jerry Jeudy,,DEN,1,15,2020,Alabama,2017,2019,42.0,,,,,,,,,,,,,,WR,Alabama,,,,,,,,,,65.3,159.0,2742.0,17.2,26.0,,,,,,,,,
A.J. Terrell,,ATL,1,16,2020,Clemson,2017,2019,44.0,,,,,,,,,,,,,,CB,Clemson,,,,,,,,,,,,,,,,,,,,,6.0,1.0,14.0
CeeDee Lamb,,DAL,1,17,2020,Oklahoma,2017,2019,41.0,,,,,,,,,,,,,,WR,Oklahoma,,,,,,,,,,80.3,173.0,3292.0,19.0,32.0,,,,,,,,,
Austin Jackson,,MIA,1,18,2020,USC,2017,2019,27.0,,,,,,,,,,,,,,T,USC,,,,,,,,,,,,,,,,,,,,,,,
Damon Arnette,,RAI,1,19,2020,Ohio State,2016,2019,53.0,,,,,,,,,,,,,,CB,Ohio State,,,,,,,,,,,,,,,,,,,,,5.0,1.0,22.0
K'Lavon Chaisson,,JAX,1,20,2020,LSU,2017,2019,26.0,,,,,,,,,,,,,,LB,LSU,,,,,,,,,,,,,,,9.0,46.0,46.0,92.0,19.0,0.3461538461538461,,,
Jalen Reagor,,PHI,1,21,2020,Texas Christian,2017,2019,39.0,,,,,,,,,,,,,,WR,Texas Christian,,,,,,,,,,57.6,148.0,2248.0,15.2,22.0,,,,,,,,,
Justin Jefferson,,MIN,1,22,2020,LSU,2017,2019,34.0,,,,,,,,,,,,,,WR,LSU,,,,,,,,,,71.0,165.0,2415.0,14.6,24.0,,,,,,,,,
Kenneth Murray,,SDG,1,23,2020,Oklahoma,2017,2019,42.0,,,,,,,,,,,,,,LB,Oklahoma,,,,,,,,,,,,,,,9.0,182.0,153.0,335.0,37.0,0.2142857142857142,,,
Cesar Ruiz,,NOR,1,24,2020,Michigan,2018,2018,13.0,,,,,,,,,,,,,,OL,Michigan,,,,,,,,,,,,,,,,,,,,,,,
Brandon Aiyuk,,SFO,1,25,2020,Arizona State,2018,2019,25.0,,,,,,,,,,,,,,WR,Arizona State,,,,,,,,,,66.6,98.0,1666.0,17.0,11.0,,,,,,,,,
Jordan Love,137.9,GNB,1,26,2020,Utah State,2017,2019,38.0,689.0,1125.0,436.0,61.2,8600.0,60.0,29.0,5.3,2.6,7.6,7.55,12.5,226.3,QB,Utah State,,,,,,,,,,,,,,,,,,,,,,,
Jordyn Brooks,,SEA,1,27,2020,Texas Tech,2016,2019,47.0,,,,,,,,,,,,,,LB,Texas Tech,,,,,,,,,,,,,,,7.0,220.0,147.0,367.0,33.0,0.1489361702127659,,,
Patrick Queen,,RAV,1,28,2020,LSU,2017,2019,40.0,,,,,,,,,,,,,,LB,LSU,,,,,,,,,,,,,,,4.0,59.0,72.0,131.0,17.5,0.1,,,
Noah Igbinoghene,,MIA,1,30,2020,Auburn,2017,2018,27.0,,,,,,,,,,,,,,WR,Auburn,,,,,,,,,,0.9,6.0,24.0,4.0,0.0,,,,,,,,,
Noah Igbinoghene,,MIA,1,30,2020,Auburn,2019,2019,13.0,,,,,,,,,,,,,,DB,Auburn,,,,,,,,,,,,,,,,,,,,,0.0,0.0,7.0
Jeff Gladney,,MIN,1,31,2020,Texas Christian,2016,2019,50.0,,,,,,,,,,,,,,CB,Texas Christian,,,,,,,,,,,,,,,,,,,,,5.0,0.0,38.0
Clyde Edwards-Helaire,,KAN,1,32,2020,LSU,2017,2019,41.0,,,,,,,,,,,,,,RB,LSU,51.3,370.0,2103.0,5.7,23.0,69.0,8.6,1.0,14.5,,,,,,,,,,,,,,
Tee Higgins,,CIN,2,33,2020,Clemson,2017,2019,43.0,,,,,,,,,,,,,,WR,Clemson,,,,,,,,,,56.9,135.0,2448.0,18.1,27.0,,,,,,,,,
Michael Pittman Jr.,,CLT,2,34,2020,USC,2016,2019,48.0,,,,,,,,,,,,,,WR,USC,,,,,,,,,,52.5,171.0,2519.0,14.7,19.0,,,,,,,,,
D'Andre Swift,,DET,2,35,2020,Georgia,2017,2019,43.0,,,,,,,,,,,,,,RB,Georgia,67.1,440.0,2885.0,6.6,20.0,73.0,9.1,5.0,15.5,,,,,,,,,,,,,,
Xavier McKinney,,NYG,2,36,2020,Alabama,2017,2019,41.0,,,,,,,,,,,,,,DB,Alabama,,,,,,,,,,,,,,,,,,,,,5.0,2.0,15.0
Yetur Gross-Matos,,CAR,2,38,2020,Penn State,2017,2019,38.0,,,,,,,,,,,,,,DE,Penn State,,,,,,,,,,,,,,,19.0,65.0,46.0,111.0,37.0,0.5,,,
Robert Hunt,,MIA,2,39,2020,Louisiana,2016,2016,12.0,,,,,,,,,,,,,,OL,Louisiana,,,,,,,,,,,,,,,,,,,,,,,
Ross Blacklock,,HTX,2,40,2020,Texas Christian,2017,2019,26.0,,,,,,,,,,,,,,DT,Texas Christian,,,,,,,,,,,,,,,5.0,39.0,28.0,67.0,15.5,0.1923076923076923,,,
Jonathan Taylor,,CLT,2,41,2020,Wisconsin,2017,2019,41.0,,,,,,,,,,,,,,RB,Wisconsin,150.6,926.0,6174.0,6.7,50.0,42.0,9.7,5.0,9.9,,,,,,,,,,,,,,
Laviska Shenault Jr.,,JAX,2,42,2020,Colorado,2017,2019,32.0,,,,,,,,,,,,,,WR,Colorado,,,,,,,,,,60.7,149.0,1943.0,13.0,10.0,,,,,,,,,
Cole Kmet,,CHI,2,43,2020,Notre Dame,2017,2019,35.0,,,,,,,,,,,,,,TE,Notre Dame,,,,,,,,,,19.7,60.0,691.0,11.5,6.0,,,,,,,,,
Grant Delpit,,CLE,2,44,2020,LSU,2017,2019,40.0,,,,,,,,,,,,,,S,LSU,,,,,,,,,,,,,,,,,,,,,8.0,0.0,24.0
Antoine Winfield Jr.,,TAM,2,45,2020,Minnesota,2016,2019,34.0,,,,,,,,,,,,,,DB,Minnesota,,,,,,,,,,,,,,,,,,,,,9.0,2.0,6.0
KJ Hamler,,DEN,2,46,2020,Penn State,2018,2019,26.0,,,,,,,,,,,,,,WR,Penn State,,,,,,,,,,63.8,98.0,1658.0,16.9,13.0,,,,,,,,,
Marlon Davidson,,ATL,2,47,2020,Auburn,2016,2019,51.0,,,,,,,,,,,,,,DL,Auburn,,,,,,,,,,,,,,,17.0,90.0,85.0,175.0,29.5,0.3333333333333333,,,
Darrell Taylor,,SEA,2,48,2020,Tennessee,2016,2019,43.0,,,,,,,,,,,,,,DL,Tennessee,,,,,,,,,,,,,,,19.0,76.0,42.0,118.0,26.0,0.4418604651162791,,,
Chase Claypool,,PIT,2,49,2020,Notre Dame,2016,2019,49.0,,,,,,,,,,,,,,WR,Notre Dame,,,,,,,,,,44.1,150.0,2159.0,14.4,19.0,,,,,,,,,
Jaylon Johnson,,CHI,2,50,2020,Utah,2017,2019,38.0,,,,,,,,,,,,,,DB,Utah,,,,,,,,,,,,,,,,,,,,,7.0,2.0,21.0
Trevon Diggs,,DAL,2,51,2020,Alabama,2016,2016,15.0,,,,,,,,,,,,,,WR,Alabama,,,,,,,,,,5.9,11.0,88.0,8.0,1.0,,,,,,,,,
Trevon Diggs,,DAL,2,51,2020,Alabama,2017,2019,31.0,,,,,,,,,,,,,,DB,Alabama,,,,,,,,,,,,,,,,,,,,,4.0,1.0,17.0
Cam Akers,,RAM,2,52,2020,Florida State,2017,2019,36.0,,,,,,,,,,,,,,RB,Florida State,79.8,586.0,2874.0,4.9,27.0,69.0,7.0,7.0,13.5,,,,,,,,,,,,,,
Jalen Hurts,162.7,PHI,2,53,2020,Oklahoma,2016,2019,56.0,682.0,1046.0,364.0,65.2,9477.0,80.0,20.0,7.6,1.9,9.1,9.73,13.9,169.2,QB,AlabamaOklahoma,,,,,,,,,,,,,,,,,,,,,,,
A.J. Epenesa,,BUF,2,54,2020,Iowa,2017,2019,39.0,,,,,,,,,,,,,,DE,Iowa,,,,,,,,,,,,,,,26.0,61.0,40.0,101.0,36.5,0.6666666666666666,,,
J.K. Dobbins,,RAV,2,55,2020,Ohio State,2017,2019,42.0,,,,,,,,,,,,,,RB,Ohio State,106.2,725.0,4459.0,6.2,38.0,71.0,9.1,5.0,15.4,,,,,,,,,,,,,,
Raekwon Davis,,MIA,2,56,2020,Alabama,2016,2019,48.0,,,,,,,,,,,,,,DL,Alabama,,,,,,,,,,,,,,,11.0,67.0,108.0,175.0,19.5,0.2291666666666666,,,
Van Jefferson,,RAM,2,57,2020,Florida,2016,2019,48.0,,,,,,,,,,,,,,WR,FloridaOle Miss,,,,,,,,,,45.0,175.0,2159.0,12.3,16.0,,,,,,,,,
Ezra Cleveland,,MIN,2,58,2020,Boise State,2018,2019,26.0,,,,,,,,,,,,,,OL,Boise State,,,,,,,,,,,,,,,,,,,,,,,
Denzel Mims,,NYJ,2,59,2020,Baylor,2016,2019,48.0,,,,,,,,,,,,,,WR,Baylor,,,,,,,,,,60.9,186.0,2925.0,15.7,28.0,,,,,,,,,
Josh Uche,,NWE,2,60,2020,Michigan,2016,2019,39.0,,,,,,,,,,,,,,LB,Michigan,,,,,,,,,,,,,,,16.0,38.0,18.0,56.0,20.5,0.4102564102564102,,,
Kristian Fulton,,OTI,2,61,2020,LSU,2016,2019,28.0,,,,,,,,,,,,,,DB,LSU,,,,,,,,,,,,,,,,,,,,,2.0,0.0,23.0
AJ Dillon,,GNB,2,62,2020,Boston College,2017,2019,36.0,,,,,,,,,,,,,,RB,Boston College,121.7,845.0,4382.0,5.2,38.0,21.0,11.2,2.0,6.6,,,,,,,,,,,,,,
Willie Gay,,KAN,2,63,2020,Mississippi State,2017,2019,31.0,,,,,,,,,,,,,,LB,Mississippi State,,,,,,,,,,,,,,,6.0,46.0,53.0,99.0,11.0,0.1935483870967742,,,
Logan Wilson,,CIN,3,65,2020,Wyoming,2016,2019,52.0,,,,,,,,,,,,,,LB,Wyoming,,,,,,,,,,,,,,,7.0,253.0,168.0,421.0,35.0,0.1346153846153846,,,
Antonio Gibson,,WAS,3,66,2020,Memphis,2018,2019,28.0,,,,,,,,,,,,,,WR,Memphis,,,,,,,,,,29.8,44.0,834.0,19.0,10.0,,,,,,,,,
Julian Okwara,,DET,3,67,2020,Notre Dame,2016,2019,45.0,,,,,,,,,,,,,,DL,Notre Dame,,,,,,,,,,,,,,,14.0,46.0,31.0,77.0,23.0,0.3111111111111111,,,
Ashtyn Davis,,NYJ,3,68,2020,California,2016,2019,48.0,,,,,,,,,,,,,,CB,California,,,,,,,,,,,,,,,,,,,,,7.0,1.0,12.0
Damien Lewis,,SEA,3,69,2020,LSU,2019,2019,15.0,,,,,,,,,,,,,,G,LSU,,,,,,,,,,,,,,,,,,,,,,,
Brandon Jones,,MIA,3,70,2020,Texas,2016,2019,47.0,,,,,,,,,,,,,,DB,Texas,,,,,,,,,,,,,,,,,,,,,4.0,0.0,7.0
Justin Madubuike,,RAV,3,71,2020,Texas A&M,2017,2019,38.0,,,,,,,,,,,,,,DL,Texas A&M,,,,,,,,,,,,,,,11.0,43.0,62.0,105.0,24.5,0.2894736842105263,,,
Davon Hamilton,,JAX,3,73,2020,Ohio State,2015,2019,54.0,,,,,,,,,,,,,,DT,Ohio State,,,,,,,,,,,,,,,7.0,41.0,25.0,66.0,21.0,0.1296296296296296,,,
Zack Baun,,NOR,3,74,2020,Wisconsin,2016,2019,39.0,,,,,,,,,,,,,,LB,Wisconsin,,,,,,,,,,,,,,,15.0,99.0,55.0,154.0,30.5,0.3846153846153846,,,
Jonah Jackson,,DET,3,75,2020,Ohio State,2018,2018,11.0,,,,,,,,,,,,,,OL,Rutgers,,,,,,,,,,,,,,,,,,,,,,,
Ke'Shawn Vaughn,,TAM,3,76,2020,Illinois,2015,2019,46.0,,,,,,,,,,,,,,RB,IllinoisVanderbilt,71.7,572.0,3296.0,5.8,30.0,67.0,9.9,3.0,14.4,,,,,,,,,,,,,,
Michael Ojemudia,,DEN,3,77,2020,Iowa,2016,2019,51.0,,,,,,,,,,,,,,DB,Iowa,,,,,,,,,,,,,,,,,,,,,6.0,0.0,17.0
Matt Hennessy,,ATL,3,78,2020,Temple,2017,2019,24.0,,,,,,,,,,,,,,OL,Temple,,,,,,,,,,,,,,,,,,,,,,,
Jabari Zuniga,,NYJ,3,79,2020,Florida,2016,2019,42.0,,,,,,,,,,,,,,DL,Florida,,,,,,,,,,,,,,,18.0,54.0,64.0,118.0,34.5,0.4285714285714285,,,
Lynn Bowden Jr.,,RAI,3,80,2020,Kentucky,2017,2019,39.0,,,,,,,,,,,,,,WR,Kentucky,,,,,,,,,,33.4,114.0,1303.0,11.4,6.0,,,,,,,,,
Bryan Edwards,,RAI,3,81,2020,South Carolina,2016,2019,48.0,,,,,,,,,,,,,,WR,South Carolina,,,,,,,,,,63.4,234.0,3045.0,13.0,22.0,,,,,,,,,
Neville Gallimore,,DAL,3,82,2020,Oklahoma,2016,2019,52.0,,,,,,,,,,,,,,DL,Oklahoma,,,,,,,,,,,,,,,9.0,68.0,80.0,148.0,18.0,0.173076923076923,,,
Terrell Lewis,,RAM,3,84,2020,Alabama,2017,2019,15.0,,,,,,,,,,,,,,LB,Alabama,,,,,,,,,,,,,,,7.0,31.0,16.0,47.0,13.5,0.4666666666666667,,,
Julian Blackmon,,CLT,3,85,2020,Utah,2016,2019,49.0,,,,,,,,,,,,,,DB,Utah,,,,,,,,,,,,,,,,,,,,,9.0,2.0,20.0
Zack Moss,,BUF,3,86,2020,Utah,2016,2019,45.0,,,,,,,,,,,,,,RB,Utah,90.4,712.0,4067.0,5.7,38.0,66.0,10.4,3.0,15.2,,,,,,,,,,,,,,
Anfernee Jennings,,NWE,3,87,2020,Alabama,2016,2019,54.0,,,,,,,,,,,,,,LB,Alabama,,,,,,,,,,,,,,,14.0,98.0,95.0,193.0,33.5,0.2592592592592592,,,
Jordan Elliott,,CLE,3,88,2020,Texas,2016,2019,31.0,,,,,,,,,,,,,,DL,MissouriTexas,,,,,,,,,,,,,,,5.0,50.0,26.0,76.0,18.0,0.1612903225806451,,,
Cameron Dantzler,,MIN,3,89,2020,Mississippi State,2017,2019,35.0,,,,,,,,,,,,,,DB,Mississippi State,,,,,,,,,,,,,,,,,,,,,5.0,0.0,20.0
Jonathan Greenard,,HTX,3,90,2020,Florida,2016,2019,36.0,,,,,,,,,,,,,,LB,FloridaLouisville,,,,,,,,,,,,,,,19.0,64.0,58.0,122.0,38.0,0.5277777777777778,,,
Devin Asiasi,,NWE,3,91,2020,UCLA,2016,2019,34.0,,,,,,,,,,,,,,TE,MichiganUCLA,,,,,,,,,,23.2,52.0,789.0,15.2,6.0,,,,,,,,,
Devin Duvernay,,RAV,3,92,2020,Texas,2016,2019,51.0,,,,,,,,,,,,,,WR,Texas,,,,,,,,,,48.4,176.0,2468.0,14.0,16.0,,,,,,,,,
Darrynton Evans,,OTI,3,93,2020,Appalachian State,2016,2019,39.0,,,,,,,,,,,,,,RB,Appalachian State,73.9,482.0,2884.0,6.0,25.0,39.0,8.2,6.0,8.2,,,,,,,,,,,,,,
Josiah Deguara,,GNB,3,94,2020,Cincinnati,2016,2019,46.0,,,,,,,,,,,,,,TE,Cincinnati,,,,,,,,,,24.3,92.0,1117.0,12.1,12.0,,,,,,,,,
McTelvin Agim,,DEN,3,95,2020,Arkansas,2016,2019,49.0,,,,,,,,,,,,,,DL,Arkansas,,,,,,,,,,,,,,,14.0,62.0,86.0,148.0,31.5,0.2857142857142857,,,
Lucas Niang,,KAN,3,96,2020,Texas Christian,2018,2019,20.0,,,,,,,,,,,,,,T,Texas Christian,,,,,,,,,,,,,,,,,,,,,,,
Jacob Phillips,,CLE,3,97,2020,LSU,2017,2019,39.0,,,,,,,,,,,,,,LB,LSU,,,,,,,,,,,,,,,2.0,96.0,122.0,218.0,13.5,0.0512820512820512,,,
Malik Harrison,,RAV,3,98,2020,Ohio State,2016,2019,52.0,,,,,,,,,,,,,,LB,Ohio State,,,,,,,,,,,,,,,10.0,136.0,69.0,205.0,29.0,0.1923076923076923,,,
Matt Peart,,NYG,3,99,2020,Connecticut,2018,2019,24.0,,,,,,,,,,,,,,OL,Connecticut,,,,,,,,,,,,,,,,,,,,,,,
Tanner Muse,,RAI,3,100,2020,Clemson,2016,2019,58.0,,,,,,,,,,,,,,S,Clemson,,,,,,,,,,,,,,,,,,,,,7.0,1.0,14.0
Dalton Keene,,NWE,3,101,2020,Virginia Tech,2017,2019,38.0,,,,,,,,,,,,,,TE,Virginia Tech,,,,,,,,,,19.7,59.0,748.0,12.7,8.0,,,,,,,,,
Alex Highsmith,,PIT,3,102,2020,Charlotte,2016,2019,48.0,,,,,,,,,,,,,,LB,Charlotte,,,,,,,,,,,,,,,20.0,115.0,70.0,185.0,46.0,0.4166666666666667,,,
Davion Taylor,,PHI,3,103,2020,Colorado,2018,2019,24.0,,,,,,,,,,,,,,LB,Colorado,,,,,,,,,,,,,,,2.0,99.0,29.0,128.0,18.0,0.0833333333333333,,,
Terrell Burgess,,RAM,3,104,2020,Utah,2016,2019,45.0,,,,,,,,,,,,,,DB,Utah,,,,,,,,,,,,,,,,,,,,,1.0,0.0,9.0
Tyre Phillips,,RAV,3,106,2020,Mississippi State,2018,2018,13.0,,,,,,,,,,,,,,OL,Mississippi State,,,,,,,,,,,,,,,,,,,,,,,
Akeem Davis-Gaither,,CIN,4,107,2020,Appalachian State,2017,2019,40.0,,,,,,,,,,,,,,LB,Appalachian State,,,,,,,,,,,,,,,6.0,121.0,119.0,240.0,25.5,0.15,,,
John Simpson,,RAI,4,109,2020,Clemson,2018,2019,29.0,,,,,,,,,,,,,,G,Clemson,,,,,,,,,,,,,,,,,,,,,,,
Darnay Holmes,,NYG,4,110,2020,UCLA,2017,2019,35.0,,,,,,,,,,,,,,DB,UCLA,,,,,,,,,,,,,,,,,,,,,8.0,2.0,20.0
Joshua Kelley,,SDG,4,112,2020,UCLA,2018,2019,22.0,,,,,,,,,,,,,,RB,UCLA,104.7,454.0,2303.0,5.1,24.0,38.0,6.9,1.0,12.0,,,,,,,,,,,,,,
Troy Pride Jr.,,CAR,4,113,2020,Notre Dame,2016,2019,46.0,,,,,,,,,,,,,,CB,Notre Dame,,,,,,,,,,,,,,,,,,,,,4.0,0.0,18.0
Leki Fotu,,CRD,4,114,2020,Utah,2016,2019,45.0,,,,,,,,,,,,,,DT,Utah,,,,,,,,,,,,,,,4.0,43.0,42.0,85.0,18.0,0.0888888888888888,,,
Harrison Bryant,,CLE,4,115,2020,Florida Atlantic,2016,2019,48.0,,,,,,,,,,,,,,TE,Florida Atlantic,,,,,,,,,,44.5,148.0,2137.0,14.4,16.0,,,,,,,,,
D.J. Wonnum,,MIN,4,117,2020,South Carolina,2016,2019,43.0,,,,,,,,,,,,,,DL,South Carolina,,,,,,,,,,,,,,,14.0,78.0,59.0,137.0,29.5,0.3255813953488372,,,
Albert Okwuegbunam,,DEN,4,118,2020,Missouri,2017,2019,33.0,,,,,,,,,,,,,,TE,Missouri,,,,,,,,,,36.0,98.0,1187.0,12.1,23.0,,,,,,,,,
Mykal Walker,,ATL,4,119,2020,Fresno State,2018,2019,26.0,,,,,,,,,,,,,,DE,Fresno State,,,,,,,,,,,,,,,6.0,94.0,88.0,182.0,22.5,0.2307692307692307,,,
Lamical Perine,,NYJ,4,120,2020,Florida,2016,2019,50.0,,,,,,,,,,,,,,RB,Florida,49.7,493.0,2485.0,5.0,22.0,72.0,9.4,8.0,13.5,,,,,,,,,,,,,,
Logan Stenberg,,DET,4,121,2020,Kentucky,2017,2018,25.0,,,,,,,,,,,,,,G,Kentucky,,,,,,,,,,,,,,,,,,,,,,,
Jacob Eason,132.3,CLT,4,122,2020,Washington,2016,2019,31.0,468.0,782.0,314.0,59.8,5590.0,39.0,16.0,5.0,2.0,7.1,7.23,11.9,180.3,QB,GeorgiaWashington,,,,,,,,,,,,,,,,,,,,,,,
Reginald Robinson II,,DAL,4,123,2020,Tulsa,2016,2018,29.0,,,,,,,,,,,,,,CB,Tulsa,,,,,,,,,,,,,,,,,,,,,0.0,0.0,21.0
Anthony McFarland,,PIT,4,124,2020,Maryland,2018,2019,23.0,,,,,,,,,,,,,,RB,Maryland,71.7,245.0,1648.0,6.7,12.0,24.0,8.3,1.0,8.7,,,,,,,,,,,,,,
James Morgan,128.6,NYJ,4,125,2020,Florida International,2015,2019,45.0,699.0,1221.0,522.0,57.2,8629.0,65.0,34.0,5.3,2.8,7.1,6.88,12.3,191.8,QB,Bowling GreenFlorida International,,,,,,,,,,,,,,,,,,,,,,,
K'Von Wallace,,PHI,4,127,2020,Clemson,2016,2019,59.0,,,,,,,,,,,,,,DB,Clemson,,,,,,,,,,,,,,,,,,,,,5.0,1.0,16.0
Gabriel Davis,,BUF,4,128,2020,UCF,2017,2019,37.0,,,,,,,,,,,,,,WR,UCF,,,,,,,,,,66.1,152.0,2447.0,16.1,23.0,,,,,,,,,
Cameron Clark,,NYJ,4,129,2020,Charlotte,2017,2019,37.0,,,,,,,,,,,,,,OL,Charlotte,,,,,,,,,,,,,,,,,,,,,,,
James Lynch,,MIN,4,130,2020,Baylor,2017,2019,38.0,,,,,,,,,,,,,,DT,Baylor,,,,,,,,,,,,,,,22.0,62.0,39.0,101.0,33.5,0.5789473684210527,,,
Rashard Lawrence,,CRD,4,131,2020,LSU,2016,2019,44.0,,,,,,,,,,,,,,DT,LSU,,,,,,,,,,,,,,,9.0,47.0,73.0,120.0,21.0,0.2045454545454545,,,
Troy Dye,,MIN,4,132,2020,Oregon,2016,2019,50.0,,,,,,,,,,,,,,LB,Oregon,,,,,,,,,,,,,,,15.0,237.0,160.0,397.0,44.0,0.3,,,
Colby Parkinson,,SEA,4,133,2020,Stanford,2017,2019,39.0,,,,,,,,,,,,,,TE,Stanford,,,,,,,,,,30.0,87.0,1171.0,13.5,12.0,,,,,,,,,
Jaylinn Hawkins,,ATL,4,134,2020,California,2015,2019,50.0,,,,,,,,,,,,,,CB,California,,,,,,,,,,,,,,,,,,,,,10.0,0.0,7.0
Kevin Dotson,,PIT,4,135,2020,Louisiana,2016,2017,24.0,,,,,,,,,,,,,,OL,Louisiana,,,,,,,,,,,,,,,,,,,,,,,
Brycen Hopkins,,RAM,4,136,2020,Purdue,2016,2019,48.0,,,,,,,,,,,,,,TE,Purdue,,,,,,,,,,40.5,130.0,1945.0,15.0,16.0,,,,,,,,,
Josiah Scott,,JAX,4,137,2020,Michigan State,2017,2019,30.0,,,,,,,,,,,,,,CB,Michigan State,,,,,,,,,,,,,,,,,,,,,7.0,0.0,24.0
L'Jarius Sneed,,KAN,4,138,2020,Louisiana Tech,2016,2019,51.0,,,,,,,,,,,,,,CB,Louisiana Tech,,,,,,,,,,,,,,,,,,,,,8.0,3.0,20.0
Amik Robertson,,RAI,4,139,2020,Louisiana Tech,2017,2019,38.0,,,,,,,,,,,,,,CB,Louisiana Tech,,,,,,,,,,,,,,,,,,,,,14.0,3.0,34.0
Shaquille Quarterman,,JAX,4,140,2020,Miami (FL),2016,2019,52.0,,,,,,,,,,,,,,LB,Miami (FL),,,,,,,,,,,,,,,12.0,182.0,174.0,356.0,46.5,0.2307692307692307,,,
John Reid,,HTX,4,141,2020,Penn State,2015,2019,51.0,,,,,,,,,,,,,,CB,Penn State,,,,,,,,,,,,,,,,,,,,,7.0,1.0,30.0
Antonio Gandy-Golden,,WAS,4,142,2020,Liberty,2018,2019,24.0,,,,,,,,,,,,,,WR,Liberty,,,,,,,,,,101.4,150.0,2433.0,16.2,20.0,,,,,,,,,
Deejay Dallas,,SEA,4,144,2020,Miami (FL),2017,2019,35.0,,,,,,,,,,,,,,RB,Miami (FL),43.6,265.0,1527.0,5.8,17.0,28.0,11.3,2.0,9.1,,,,,,,,,,,,,,
Tyler Biadasz,,DAL,4,146,2020,Wisconsin,2018,2019,27.0,,,,,,,,,,,,,,OL,Wisconsin,,,,,,,,,,,,,,,,,,,,,,,
Khalid Kareem,,CIN,5,147,2020,Notre Dame,2017,2019,39.0,,,,,,,,,,,,,,DL,Notre Dame,,,,,,,,,,,,,,,13.0,56.0,53.0,109.0,26.0,0.3333333333333333,,,
Alton Robinson,,SEA,5,148,2020,Syracuse,2017,2019,36.0,,,,,,,,,,,,,,DL,Syracuse,,,,,,,,,,,,,,,19.0,72.0,43.0,115.0,32.5,0.5277777777777778,,,
Danny Pinter,,CLT,5,149,2020,Ball State,2016,2018,31.0,,,,,,,,,,,,,,TE,Ball State,,,,,,,,,,1.8,9.0,56.0,6.2,1.0,,,,,,,,,
Danny Pinter,,CLT,5,149,2020,Ball State,2019,2019,12.0,,,,,,,,,,,,,,OL,Ball State,,,,,,,,,,,,,,,,,,,,,,,
Joe Reed,,SDG,5,151,2020,Virginia,2016,2019,50.0,,,,,,,,,,,,,,WR,Virginia,,,,,,,,,,29.3,129.0,1465.0,11.4,16.0,,,,,,,,,
Kenny Robinson,,CAR,5,152,2020,West Virginia,2017,2018,25.0,,,,,,,,,,,,,,S,West Virginia,,,,,,,,,,,,,,,,,,,,,7.0,2.0,7.0
Colton McKivitz,,SFO,5,153,2020,West Virginia,2016,2017,26.0,,,,,,,,,,,,,,OL,West Virginia,,,,,,,,,,,,,,,,,,,,,,,
Jason Strowbridge,,MIA,5,154,2020,North Carolina,2016,2019,44.0,,,,,,,,,,,,,,DE,North Carolina,,,,,,,,,,,,,,,11.0,62.0,65.0,127.0,22.0,0.25,,,
Trevis Gipson,,CHI,5,155,2020,Tulsa,2016,2019,49.0,,,,,,,,,,,,,,DE,Tulsa,,,,,,,,,,,,,,,13.0,64.0,50.0,114.0,25.5,0.2653061224489796,,,
Keith Ismael,,WAS,5,156,2020,San Diego State,2018,2019,25.0,,,,,,,,,,,,,,OL,San Diego State,,,,,,,,,,,,,,,,,,,,,,,
Daniel Thomas,,JAX,5,157,2020,Auburn,2016,2019,51.0,,,,,,,,,,,,,,DB,Auburn,,,,,,,,,,,,,,,,,,,,,5.0,1.0,8.0
Bryce Hall,,NYJ,5,158,2020,Virginia,2016,2019,44.0,,,,,,,,,,,,,,DB,Virginia,,,,,,,,,,,,,,,,,,,,,5.0,0.0,39.0
Tyler Johnson,,TAM,5,161,2020,Minnesota,2016,2019,47.0,,,,,,,,,,,,,,WR,Minnesota,,,,,,,,,,65.8,199.0,3094.0,15.5,30.0,,,,,,,,,
Khaleke Hudson,,WAS,5,162,2020,Michigan,2018,2019,26.0,,,,,,,,,,,,,,LB,Michigan,,,,,,,,,,,,,,,4.0,65.0,82.0,147.0,8.0,0.1538461538461538,,,
Khaleke Hudson,,WAS,5,162,2020,Michigan,2016,2017,25.0,,,,,,,,,,,,,,S,Michigan,,,,,,,,,,,,,,,,,,,,,2.0,0.0,10.0
Kindle Vildor,,CHI,5,163,2020,Georgia Southern,2016,2019,48.0,,,,,,,,,,,,,,CB,Georgia Southern,,,,,,,,,,,,,,,,,,,,,9.0,0.0,24.0
Curtis Weaver,,MIA,5,164,2020,Boise State,2017,2019,41.0,,,,,,,,,,,,,,DE,Boise State,,,,,,,,,,,,,,,34.0,72.0,56.0,128.0,46.5,0.8292682926829268,,,
Collin Johnson,,JAX,5,165,2020,Texas,2016,2019,44.0,,,,,,,,,,,,,,WR,Texas,,,,,,,,,,59.6,188.0,2624.0,14.0,15.0,,,,,,,,,
Quintez Cephus,,DET,5,166,2020,Wisconsin,2016,2019,38.0,,,,,,,,,,,,,,WR,Wisconsin,,,,,,,,,,39.4,93.0,1496.0,16.1,13.0,,,,,,,,,
Jake Fromm,156.1,BUF,5,167,2020,Georgia,2017,2019,43.0,621.0,982.0,361.0,63.2,8224.0,78.0,18.0,7.9,1.8,8.4,9.14,13.2,191.3,QB,Georgia,,,,,,,,,,,,,,,,,,,,,,,
John Hightower,,PHI,5,168,2020,Boise State,2018,2019,24.0,,,,,,,,,,,,,,WR,Boise State,,,,,,,,,,60.3,82.0,1447.0,17.6,14.0,,,,,,,,,
Harrison Hand,,MIN,5,169,2020,Temple,2017,2019,34.0,,,,,,,,,,,,,,CB,BaylorTemple,,,,,,,,,,,,,,,,,,,,,4.0,0.0,16.0
Broderick Washington,,RAV,5,170,2020,Texas Tech,2016,2019,49.0,,,,,,,,,,,,,,DL,Texas Tech,,,,,,,,,,,,,,,8.0,82.0,56.0,138.0,15.5,0.1632653061224489,,,
Jason Huntley,,DET,5,172,2020,New Mexico State,2016,2019,47.0,,,,,,,,,,,,,,RB,New Mexico State,46.4,373.0,2182.0,5.8,18.0,134.0,8.4,7.0,23.8,,,,,,,,,,,,,,
Darnell Mooney,,CHI,5,173,2020,Tulane,2016,2019,50.0,,,,,,,,,,,,,,WR,Tulane,,,,,,,,,,51.4,154.0,2572.0,16.7,19.0,,,,,,,,,
Larrell Murchison,,OTI,5,174,2020,North Carolina State,2018,2019,25.0,,,,,,,,,,,,,,DT,North Carolina State,,,,,,,,,,,,,,,11.0,40.0,42.0,82.0,20.0,0.44,,,
Kamal Martin,,GNB,5,175,2020,Minnesota,2016,2019,45.0,,,,,,,,,,,,,,LB,Minnesota,,,,,,,,,,,,,,,3.0,106.0,71.0,177.0,13.0,0.0666666666666666,,,
K.J. Osborn,,MIN,5,176,2020,Miami (FL),2016,2019,51.0,,,,,,,,,,,,,,WR,BuffaloMiami (FL),,,,,,,,,,39.9,146.0,2037.0,14.0,17.0,,,,,,,,,
Mike Danna,,KAN,5,177,2020,Michigan,2016,2019,51.0,,,,,,,,,,,,,,DL,Central MichiganMichigan,,,,,,,,,,,,,,,18.0,112.0,77.0,189.0,31.0,0.3529411764705882,,,
Justin Strnad,,DEN,5,178,2020,Wake Forest,2016,2019,46.0,,,,,,,,,,,,,,LB,Wake Forest,,,,,,,,,,,,,,,8.0,145.0,99.0,244.0,22.5,0.1739130434782608,,,
Bradlee Anae,,DAL,5,179,2020,Utah,2016,2019,47.0,,,,,,,,,,,,,,DE,Utah,,,,,,,,,,,,,,,30.0,86.0,49.0,135.0,41.5,0.6382978723404256,,,
Michael Onwenu,,NWE,6,182,2020,Michigan,2018,2018,13.0,,,,,,,,,,,,,,OL,Michigan,,,,,,,,,,,,,,,,,,,,,,,
Cameron Brown,,NYG,6,183,2020,Penn State,2016,2019,50.0,,,,,,,,,,,,,,LB,Penn State,,,,,,,,,,,,,,,5.0,99.0,100.0,199.0,15.0,0.1,,,
Bravvion Roy,,CAR,6,184,2020,Baylor,2016,2019,48.0,,,,,,,,,,,,,,DT,Baylor,,,,,,,,,,,,,,,7.0,71.0,62.0,133.0,19.0,0.1458333333333333,,,
Blake Ferguson,,MIA,6,185,2020,LSU,2017,2018,26.0,,,,,,,,,,,,,,LS,LSU,,,,,,,,,,,,,,,,,,,,,0.0,0.0,0.0
Alohi Gilman,,SDG,6,186,2020,Notre Dame,2016,2019,40.0,,,,,,,,,,,,,,S,NavyNotre Dame,,,,,,,,,,,,,,,,,,,,,3.0,0.0,12.0
Donovan Peoples-Jones,,CLE,6,187,2020,Michigan,2017,2019,37.0,,,,,,,,,,,,,,WR,Michigan,,,,,,,,,,35.9,103.0,1327.0,12.9,14.0,,,,,,,,,
Jake Luton,135.5,JAX,6,189,2020,Oregon State,2015,2019,31.0,494.0,795.0,301.0,62.1,5610.0,43.0,15.0,5.4,1.9,7.1,7.29,11.4,181.0,QB,IdahoOregon State,,,,,,,,,,,,,,,,,,,,,,,
Charlie Woerner,,SFO,6,190,2020,Georgia,2016,2019,53.0,,,,,,,,,,,,,,TE,Georgia,,,,,,,,,,7.1,34.0,376.0,11.1,1.0,,,,,,,,,
Jon Runyan,,GNB,6,192,2020,Michigan,2019,2019,12.0,,,,,,,,,,,,,,OL,Michigan,,,,,,,,,,,,,,,,,,,,,,,
Robert Windsor,,CLT,6,193,2020,Penn State,2016,2019,52.0,,,,,,,,,,,,,,DT,Penn State,,,,,,,,,,,,,,,14.0,49.0,72.0,121.0,20.0,0.2692307692307692,,,
Khalil Davis,,TAM,6,194,2020,Nebraska,2016,2019,47.0,,,,,,,,,,,,,,DT,Nebraska,,,,,,,,,,,,,,,13.0,63.0,42.0,105.0,23.0,0.2765957446808511,,,
Justin Herron,,NWE,6,195,2020,Wake Forest,2015,2015,12.0,,,,,,,,,,,,,,OL,Wake Forest,,,,,,,,,,,,,,,,,,,,,,,
Shaun Bradley,,PHI,6,196,2020,Temple,2016,2019,50.0,,,,,,,,,,,,,,LB,Temple,,,,,,,,,,,,,,,2.0,168.0,88.0,256.0,22.0,0.04,,,
John Penisini,,DET,6,197,2020,Utah,2017,2019,40.0,,,,,,,,,,,,,,DT,Utah,,,,,,,,,,,,,,,5.0,29.0,51.0,80.0,15.0,0.125,,,
Antoine Brooks,,PIT,6,198,2020,Maryland,2016,2017,20.0,,,,,,,,,,,,,,LB,Maryland,,,,,,,,,,,,,,,1.0,57.0,25.0,82.0,9.5,0.05,,,
Antoine Brooks,,PIT,6,198,2020,Maryland,2018,2019,24.0,,,,,,,,,,,,,,DB,Maryland,,,,,,,,,,,,,,,,,,,,,2.0,0.0,8.0
Jordan Fuller,,RAM,6,199,2020,Ohio State,2016,2019,52.0,,,,,,,,,,,,,,S,Ohio State,,,,,,,,,,,,,,,,,,,,,6.0,0.0,10.0
Quez Watkins,,PHI,6,200,2020,Southern Mississippi,2017,2019,36.0,,,,,,,,,,,,,,WR,Southern Mississippi,,,,,,,,,,66.8,159.0,2404.0,15.1,17.0,,,,,,,,,
James Proche,,RAV,6,201,2020,SMU,2016,2019,50.0,,,,,,,,,,,,,,WR,SMU,,,,,,,,,,79.0,301.0,3949.0,13.1,39.0,,,,,,,,,
Evan Weaver,,CRD,6,202,2020,California,2016,2019,48.0,,,,,,,,,,,,,,DE,California,,,,,,,,,,,,,,,8.0,230.0,182.0,412.0,23.0,0.1666666666666666,,,
Blake Brandel,,MIN,6,203,2020,Oregon State,2016,2016,12.0,,,,,,,,,,,,,,OL,Oregon State,,,,,,,,,,,,,,,,,,,,,,,
Cassh Maluia,,NWE,6,204,2020,Wyoming,2016,2019,50.0,,,,,,,,,,,,,,LB,Wyoming,,,,,,,,,,,,,,,1.0,101.0,97.0,198.0,16.5,0.02,,,
Josh Metellus,,MIN,6,205,2020,Michigan,2016,2019,46.0,,,,,,,,,,,,,,S,Michigan,,,,,,,,,,,,,,,,,,,,,5.0,1.0,16.0
Tyler Davis,184.3,JAX,6,206,2020,Georgia Tech,2016,2016,11.0,2.0,3.0,1.0,66.7,42.0,0.0,0.0,0.0,0.0,14.0,14.0,21.0,3.8,QB,Connecticut,,,,,,,,,,,,,,,,,,,,,,,
Tyler Davis,,JAX,6,206,2020,Georgia Tech,2017,2019,35.0,,,,,,,,,,,,,,WR,ConnecticutGeorgia Tech,,,,,,,,,,15.5,53.0,541.0,10.2,7.0,,,,,,,,,
Isaiah Hodgins,,BUF,6,207,2020,Oregon State,2017,2019,34.0,,,,,,,,,,,,,,WR,Oregon State,,,,,,,,,,68.3,176.0,2322.0,13.2,20.0,,,,,,,,,
Jake Hanson,,GNB,6,208,2020,Oregon,2019,2019,12.0,,,,,,,,,,,,,,OL,Oregon,,,,,,,,,,,,,,,,,,,,,,,
Simon Stepaniak,,GNB,6,209,2020,Indiana,2017,2018,18.0,,,,,,,,,,,,,,OL,Indiana,,,,,,,,,,,,,,,,,,,,,,,
Isaiah Rodgers,,CLT,6,211,2020,Massachusetts,2016,2019,45.0,,,,,,,,,,,,,,CB,Massachusetts,,,,,,,,,,,,,,,,,,,,,11.0,3.0,35.0
Dezmon Patmon,,CLT,6,212,2020,Washington State,2016,2019,42.0,,,,,,,,,,,,,,WR,Washington State,,,,,,,,,,47.0,156.0,1976.0,12.7,13.0,,,,,,,,,
Jordan Glasgow,,CLT,6,213,2020,Michigan,2018,2019,26.0,,,,,,,,,,,,,,LB,Michigan,,,,,,,,,,,,,,,7.0,63.0,54.0,117.0,10.0,0.2692307692307692,,,
Jordan Glasgow,,CLT,6,213,2020,Michigan,2016,2017,26.0,,,,,,,,,,,,,,S,Michigan,,,,,,,,,,,,,,,,,,,,,0.0,0.0,1.0
Freddie Swain,,SEA,6,214,2020,Florida,2016,2019,47.0,,,,,,,,,,,,,,WR,Florida,,,,,,,,,,21.2,68.0,996.0,14.6,15.0,,,,,,,,,
Markus Bailey,,CIN,7,215,2020,Purdue,2015,2019,45.0,,,,,,,,,,,,,,LB,Purdue,,,,,,,,,,,,,,,13.0,229.0,97.0,326.0,28.0,0.2888888888888888,,,
Kamren Curl,,WAS,7,216,2020,Arkansas,2017,2019,34.0,,,,,,,,,,,,,,DB,Arkansas,,,,,,,,,,,,,,,,,,,,,2.0,0.0,15.0
Jauan Jennings,,SFO,7,217,2020,Tennessee,2015,2019,51.0,,,,,,,,,,,,,,WR,Tennessee,,,,,,,,,,42.2,146.0,2153.0,14.7,18.0,,,,,,,,,
Carter Coughlin,,NYG,7,218,2020,Minnesota,2016,2019,49.0,,,,,,,,,,,,,,LB,Minnesota,,,,,,,,,,,,,,,22.0,107.0,52.0,159.0,40.0,0.4489795918367347,,,
Geno Stone,,RAV,7,219,2020,Iowa,2017,2019,38.0,,,,,,,,,,,,,,DB,Iowa,,,,,,,,,,,,,,,,,,,,,6.0,1.0,7.0
K.J. Hill,,SDG,7,220,2020,Ohio State,2016,2019,53.0,,,,,,,,,,,,,,WR,Ohio State,,,,,,,,,,44.0,201.0,2332.0,11.6,20.0,,,,,,,,,
Stantley Thomas-Oliver III,,CAR,7,221,2020,Florida International,2017,2017,5.0,,,,,,,,,,,,,,WR,Florida International,,,,,,,,,,0.8,1.0,4.0,4.0,0.0,,,,,,,,,
Stantley Thomas-Oliver III,,CAR,7,221,2020,Florida International,2018,2019,26.0,,,,,,,,,,,,,,DB,Florida International,,,,,,,,,,,,,,,,,,,,,2.0,0.0,18.0
Eno Benjamin,,CRD,7,222,2020,Arizona State,2017,2019,35.0,,,,,,,,,,,,,,RB,Arizona State,81.9,576.0,2867.0,5.0,27.0,82.0,7.6,4.0,17.9,,,,,,,,,,,,,,
Chris Claybrooks,,JAX,7,223,2020,Memphis,2018,2019,21.0,,,,,,,,,,,,,,DB,Memphis,,,,,,,,,,,,,,,,,,,,,2.0,1.0,3.0
Cole McDonald,146.8,OTI,7,224,2020,Hawaii,2017,2019,33.0,616.0,1004.0,388.0,61.4,8032.0,70.0,24.0,7.0,2.4,8.0,8.32,13.0,243.4,QB,Hawaii,,,,,,,,,,,,,,,,,,,,,,,
Kenny Willekes,,MIN,7,225,2020,Michigan State,2016,2019,40.0,,,,,,,,,,,,,,DE,Michigan State,,,,,,,,,,,,,,,26.0,104.0,125.0,229.0,51.0,0.65,,,
James Smith-Williams,,WAS,7,229,2020,North Carolina State,2015,2019,43.0,,,,,,,,,,,,,,DE,North Carolina State,,,,,,,,,,,,,,,8.0,38.0,46.0,84.0,13.0,0.1860465116279069,,,
Ben DiNucci,113.6,DAL,7,231,2020,,2016,2017,12.0,91.0,167.0,76.0,54.5,1107.0,6.0,7.0,3.6,4.2,6.6,5.46,12.2,92.3,QB,Pitt,,,,,,,,,,,,,,,,,,,,,,,
Carlos Davis,,PIT,7,232,2020,Nebraska,2016,2019,48.0,,,,,,,,,,,,,,DT,Nebraska,,,,,,,,,,,,,,,9.0,59.0,66.0,125.0,14.0,0.1875,,,
Casey Toohill,,PHI,7,233,2020,Stanford,2015,2019,48.0,,,,,,,,,,,,,,LB,Stanford,,,,,,,,,,,,,,,14.0,71.0,59.0,130.0,22.0,0.2916666666666667,,,
Clay Johnston,,RAM,7,234,2020,Baylor,2016,2019,39.0,,,,,,,,,,,,,,LB,Baylor,,,,,,,,,,,,,,,4.0,147.0,90.0,237.0,26.5,0.1025641025641025,,,
Jashon Cornell,,DET,7,235,2020,Ohio State,2016,2019,45.0,,,,,,,,,,,,,,DT,Ohio State,,,,,,,,,,,,,,,7.0,35.0,28.0,63.0,13.5,0.1555555555555555,,,
Vernon Scott,,GNB,7,236,2020,Texas Christian,2017,2019,34.0,,,,,,,,,,,,,,S,Texas Christian,,,,,,,,,,,,,,,,,,,,,2.0,1.0,10.0
Thakarius Keyes,,KAN,7,237,2020,Tulane,2016,2019,39.0,,,,,,,,,,,,,,DB,Tulane,,,,,,,,,,,,,,,,,,,,,2.0,0.0,18.0
T.J. Brunson,,NYG,7,238,2020,South Carolina,2016,2019,49.0,,,,,,,,,,,,,,LB,South Carolina,,,,,,,,,,,,,,,6.0,164.0,119.0,283.0,21.0,0.1224489795918367,,,
Dane Jackson,,BUF,7,239,2020,Pitt,2016,2019,50.0,,,,,,,,,,,,,,DB,Pitt,,,,,,,,,,,,,,,,,,,,,4.0,1.0,39.0
Tommy Stevens,139.1,NOR,7,240,2020,Mississippi State,2016,2019,32.0,121.0,202.0,81.0,59.9,1459.0,15.0,6.0,7.4,3.0,7.2,7.37,12.1,45.6,QB,Mississippi StatePenn State,,,,,,,,,,,,,,,,,,,,,,,
Chapelle Russell,,TAM,7,241,2020,Temple,2016,2019,45.0,,,,,,,,,,,,,,LB,Temple,,,,,,,,,,,,,,,3.0,151.0,86.0,237.0,19.5,0.0666666666666666,,,
Jonathan Garvin,,GNB,7,242,2020,Miami (FL),2017,2019,37.0,,,,,,,,,,,,,,DL,Miami (FL),,,,,,,,,,,,,,,12.0,46.0,60.0,106.0,29.0,0.3243243243243243,,,
Chris Jackson,,OTI,7,243,2020,Marshall,2016,2019,49.0,,,,,,,,,,,,,,DB,Marshall,,,,,,,,,,,,,,,,,,,,,7.0,1.0,45.0
Nathan Stanley,134.1,MIN,7,244,2020,Iowa,2016,2019,45.0,673.0,1155.0,482.0,58.3,8302.0,68.0,23.0,5.9,2.0,7.2,7.47,12.3,184.5,QB,Iowa,,,,,,,,,,,,,,,,,,,,,,,
Raymond Calais,,TAM,7,245,2020,Louisiana,2016,2019,49.0,,,,,,,,,,,,,,RB,Louisiana,37.7,236.0,1845.0,7.8,15.0,17.0,8.5,1.0,3.0,,,,,,,,,,,,,,
Malcolm Perry,169.1,MIA,7,246,2020,Navy,2016,2019,41.0,58.0,113.0,55.0,51.3,1311.0,10.0,5.0,8.8,4.4,11.6,11.38,22.6,32.0,QB,Navy,,,,,,,,,,,,,,,,,,,,,,,
Chris Williamson,,NYG,7,247,2020,Minnesota,2015,2019,38.0,,,,,,,,,,,,,,DB,FloridaMinnesota,,,,,,,,,,,,,,,,,,,,,2.0,1.0,7.0
Brian Cole,,MIN,7,249,2020,Mississippi State,2015,2015,2.0,,,,,,,,,,,,,,WR,Michigan,,,,,,,,,,-0.5,1.0,-1.0,-1.0,0.0,,,,,,,,,
Brian Cole,,MIN,7,249,2020,Mississippi State,2018,2019,17.0,,,,,,,,,,,,,,S,Mississippi State,,,,,,,,,,,,,,,,,,,,,2.0,0.0,2.0
Tremayne Anchrum,,RAM,7,250,2020,Clemson,2017,2017,14.0,,,,,,,,,,,,,,T,Clemson,,,,,,,,,,,,,,,,,,,,,,,
Stephen Sullivan,,SEA,7,251,2020,LSU,2017,2019,41.0,,,,,,,,,,,,,,WR,LSU,,,,,,,,,,17.4,46.0,712.0,15.5,3.0,,,,,,,,,
Tyrie Cleveland,,DEN,7,252,2020,Florida,2016,2019,46.0,,,,,,,,,,,,,,WR,Florida,,,,,,,,,,27.6,79.0,1271.0,16.1,8.0,,,,,,,,,
Tae Crowder,,NYG,7,255,2020,Georgia,2017,2019,43.0,,,,,,,,,,,,,,LB,Georgia,,,,,,,,,,,,,,,1.0,50.0,72.0,122.0,10.0,0.0232558139534883,,,
