name,college,height,weight,vert,broad,bench,shuttle,cone,10yd,20yd,40yd,season,position,name_norm,player_id
Brad Banks,Iowa,70.75,201,33.5,112.0,,,,,,,2003,QB,brad banks,
Josh Blankenship,Tulsa,73.875,211,28.5,103.0,,4.42,7.59,1.78,2.97,5.14,2003,QB,josh blankenship,
Kyle Boller,California,75.0,234,35.5,117.0,,4.02,7.2,1.6,2.69,4.61,2003,QB,kyle boller,
D. Bryant,Duke,74.0,218,35.5,114.0,,4.4,7.36,1.71,2.77,4.73,2003,QB,d bryant,
Ken Dorsey,Miami (FL),76.625,208,,,,,,,,,2003,QB,ken dorsey,
Jason Gesser,Washington State,72.625,205,,,,,,,,,2003,QB,jason gesser,
Rex Grossman,Florida,73.0,217,,,,,,,,,2003,QB,rex grossman,
Kliff Kingsbury,Texas Tech,75.5,213,30.0,101.0,,4.1,6.92,1.63,2.74,4.77,2003,QB,kliff kingsbury,
Byron Leftwich,Marshall,77.375,241,,,,,,,,,2003,QB,byron leftwich,
Carson Palmer,Southern California,77.0,232,,,,,,,,,2003,QB,carson palmer,
Dave Ragone,Louisville,75.625,249,30.5,101.0,,4.36,7.42,1.78,2.93,4.99,2003,QB,dave ragone,
Tony Romo,Eastern Illinois,74.0,230,30.0,105.0,,4.2,7.11,1.72,2.9,5.01,2003,QB,tony romo,
Brian Saint Pierre,Boston College,74.75,218,30.0,106.0,,,,1.8,2.85,4.82,2003,QB,brian saint pierre,
Chris Simms,Texas,76.375,220,31.0,103.0,,4.21,7.38,1.69,2.83,4.84,2003,QB,chris simms,
Seneca Wallace,Iowa State,71.375,196,38.0,127.0,,4.14,6.98,1.62,2.67,4.56,2003,QB,seneca wallace,
Juston Wood,Portland State,72.625,207,32.5,113.0,,4.16,7.14,1.69,2.83,4.78,2003,QB,juston wood,
Casey Clausen,Tennessee,75.5,223,,,,,,,,,2004,QB,casey clausen,
Jason Fife,Oregon,75.875,226,30.5,113.0,,4.18,7.28,1.7,2.86,4.86,2004,QB,jason fife,
Josh Harris,Bowling Green,73.5,238,31.0,115.0,,,,,,,2004,QB,josh harris,
Robert Kent,Jackson State,76.25,222,26.5,110.0,,4.22,7.69,1.65,2.83,4.9,2004,QB,robert kent,
Craig Krenzel,Ohio State,75.5,228,28.0,112.0,,4.08,7.22,1.7,2.83,4.85,2004,QB,craig krenzel,
Jared Lorenzen,Kentucky,75.25,288,,,,,,,,,2004,QB,jared lorenzen,
J.P. Losman,Tulane,74.25,224,33.0,116.0,,,,1.53,2.69,4.69,2004,QB,j p losman,
Eli Manning,Mississippi,76.75,221,,,,,,,,,2004,QB,eli manning,
Matt Mauck,LSU,73.625,228,,,,,,,,,2004,QB,matt mauck,
Luke McCown,Louisiana Tech,75.875,208,37.5,125.0,,4.21,6.74,1.67,2.71,4.69,2004,QB,luke mccown,
John Navarre,Michigan,78.0,246,26.5,100.0,,4.46,7.73,1.75,2.97,5.18,2004,QB,john navarre,
Cody Pickett,Washington,75.5,233,30.5,109.0,,4.3,7.19,1.71,2.78,4.81,2004,QB,cody pickett,
Scott Rislov,San Jose State,73.0,224,30.0,119.0,,4.34,7.44,1.62,2.79,4.87,2004,QB,scott rislov,
Philip Rivers,North Carolina State,77.0,229,,,,,,,,,2004,QB,philip rivers,
Ell Roberson,Kansas State,71.0,194,,,,,,,,,2004,QB,ell roberson,
Ben Roethlisberger,Miami (OH),76.875,241,,,,,,,,,2004,QB,ben roethlisberger,
Rod Rutherford,Pittsburgh,73.625,240,30.5,110.0,,4.41,7.66,1.72,2.8,4.77,2004,QB,rod rutherford,
Matt Schaub,Virginia,77.625,243,30.5,110.0,,4.62,7.65,1.77,2.94,5.0,2004,QB,matt schaub,
Jeff Smoker,Michigan State,75.125,223,26.5,101.0,,4.36,7.65,,,,2004,QB,jeff smoker,
B.J. Symons,Texas Tech,72.5,210,,,,,,,,,2004,QB,b j symons,
Bradlee Van Pelt,Colorado State,74.25,231,33.5,115.0,,4.11,6.89,1.75,2.88,4.96,2004,QB,bradlee van pelt,
Jared Allen,Florida Atlantic,74.25,218,27.5,106.0,,4.39,7.29,1.73,2.85,4.95,2005,QB,jared allen,
Derek Anderson,Oregon State,78.125,242,29.0,103.0,,4.62,7.67,1.75,2.89,5.04,2005,QB,derek anderson,
Brock Berlin,Miami (FL),73.5,221,29.0,109.0,,4.54,7.49,1.65,2.79,4.83,2005,QB,brock berlin,
Jason Campbell,Auburn,76.75,230,,,,,,,,,2005,QB,jason campbell,
Timmy Chang,Hawaii,73.0,211,29.0,111.0,,4.2,7.24,1.75,2.95,5.14,2005,QB,timmy chang,
Ben Dougherty,Florida AM,74.125,222,33.0,108.0,,4.34,7.41,1.59,2.74,4.84,2005,QB,ben dougherty,
Ryan Fitzpatrick,Harvard,74.375,232,30.5,105.0,,4.07,7.09,1.71,2.83,4.87,2005,QB,ryan fitzpatrick,
Charlie Frye,Akron,75.875,225,33.0,113.0,,4.08,6.94,1.69,2.82,4.88,2005,QB,charlie frye,
David Greene,Georgia,75.5,226,31.5,115.0,,4.13,7.0,1.66,2.74,4.78,2005,QB,david greene,
Gino Guidugli,Cincinnati,75.75,229,29.0,103.0,,4.52,7.41,1.74,2.93,5.07,2005,QB,gino guidugli,
Josh Haldi,Northern Illinois,74.0,215,33.0,113.0,,4.07,6.89,1.66,2.74,4.69,2005,QB,josh haldi,
Stefan LeFors,Louisville,72.125,208,31.0,111.0,,4.13,7.04,1.7,2.74,4.56,2005,QB,stefan lefors,
Dustin Long,Sam Houston State,74.5,208,30.5,108.0,,4.08,6.77,1.64,2.71,4.67,2005,QB,dustin long,
Adrian McPherson,Florida State,75.5,218,34.5,128.0,22.0,4.12,6.94,1.64,2.77,4.71,2005,QB,adrian mcpherson,
Craig Ochs,Montana,73.75,218,28.5,104.0,,4.13,7.03,1.68,2.83,4.9,2005,QB,craig ochs,
Dan Orlovsky,Connecticut,77.0,225,29.5,107.0,,4.39,7.33,1.77,2.97,5.02,2005,QB,dan orlovsky,
Kyle Orton,Purdue,76.0,233,26.5,,,4.52,7.38,1.74,2.94,5.07,2005,QB,kyle orton,
Bryan Randall,Virginia Tech,72.25,225,33.0,113.0,,4.08,6.97,1.71,2.79,4.76,2005,QB,bryan randall,
Chris Rix,Florida State,74.0,214,33.5,116.0,,4.53,7.53,1.7,2.83,4.73,2005,QB,chris rix,
Aaron Rodgers,California,74.0,223,34.5,110.0,,,7.39,1.65,2.75,4.71,2005,QB,aaron rodgers,
Alex Smith,Utah,76.125,217,32.0,113.0,,3.97,6.82,1.66,2.77,4.71,2005,QB,alex smith,
Andrew Walter,Arizona State,78.125,233,,,,,,,,,2005,QB,andrew walter,
Jason White,Oklahoma,74.5,223,31.0,108.0,,4.19,7.28,1.75,2.89,4.95,2005,QB,jason white,
Brett Basanez,Northwestern,73.25,220,34.0,114.0,,4.22,6.75,1.63,2.73,4.76,2006,QB,brett basanez,
Kellen Clemens,Oregon,73.625,224,,,,,,,,,2006,QB,kellen clemens,
Brodie Croyle,Alabama,74.5,205,30.5,104.0,,4.25,7.34,1.69,2.83,4.9,2006,QB,brodie croyle,
Jay Cutler,Vanderbilt,75.25,226,,,23.0,4.26,7.1,1.62,2.78,4.82,2006,QB,jay cutler,
Bruce Eugene,Grambling State,72.25,260,27.5,94.0,,4.76,7.97,1.81,3.0,5.1,2006,QB,bruce eugene,
Bruce Gradkowski,Toledo,73.375,217,34.0,107.0,,4.16,7.12,1.63,2.72,4.61,2006,QB,bruce gradkowski,
Darrell Hackney,Alabama-Birmingham,71.625,239,33.0,110.0,,4.69,7.62,1.68,2.82,4.83,2006,QB,darrell hackney,
Tarvaris Jackson,Alabama State,74.0,226,31.5,107.0,22.0,4.38,7.4,1.65,2.74,4.68,2006,QB,tarvaris jackson,
Omar Jacobs,Bowling Green,75.875,232,32.5,108.0,,4.29,7.47,1.69,2.83,4.84,2006,QB,omar jacobs,
Matt Leinart,Southern California,76.875,223,,,,,,,,,2006,QB,matt leinart,
Travis Lulay,Montana State,74.375,216,35.0,111.0,,4.07,6.93,1.62,2.74,4.75,2006,QB,travis lulay,
Ingle Martin,Furman,74.25,220,36.0,111.0,,4.17,7.13,1.61,2.73,4.65,2006,QB,ingle martin,
Reggie McNeal,Texas AM,74.0,198,32.0,121.0,,4.25,6.96,1.6,2.6,4.35,2006,QB,reggie mcneal,
Erik Meyer,Eastern Washington,73.0,210,32.5,112.0,,4.12,6.83,1.61,2.72,4.7,2006,QB,erik meyer,
Barrick Nealy,Texas State,76.0,226,32.5,114.0,,4.26,6.94,1.61,2.7,4.64,2006,QB,barrick nealy,
Drew Olson,UCLA,73.625,222,23.0,97.0,,4.42,,1.77,2.99,5.15,2006,QB,drew olson,
Paul Pinegar,Fresno State,76.875,232,29.0,110.0,,4.49,7.36,1.75,2.94,5.15,2006,QB,paul pinegar,
Quinton Porter,Boston College,76.625,233,33.5,116.0,,4.1,6.76,1.64,2.73,4.7,2006,QB,quinton porter,
D.J. Shockley,Georgia,73.125,214,37.5,121.0,,4.17,7.07,1.58,2.67,4.57,2006,QB,d j shockley,
Kent Smith,Central Michigan,76.75,216,35.0,122.0,,4.47,7.41,1.64,2.72,4.59,2006,QB,kent smith,
Marcus Vick,Virginia Tech,72.0,200,36.0,117.0,,4.08,6.94,1.61,2.66,4.56,2006,QB,marcus vick,
Charlie Whitehurst,Clemson,76.75,223,33.0,112.0,,4.11,7.0,1.65,2.79,4.77,2006,QB,charlie whitehurst,
Vince Young,Texas,76.625,229,,,,,,,,,2006,QB,vince young,
John Beck,Brigham Young,74.125,215,29.5,111.0,,4.17,6.81,1.63,2.71,4.77,2007,QB,john beck,
Trent Edwards,Stanford,76.125,231,,,19.0,4.46,7.14,1.74,2.83,4.81,2007,QB,trent edwards,
Luke Getsy,Akron,74.5,222,32.5,106.0,,4.46,6.95,1.74,2.87,4.95,2007,QB,luke getsy,
Matt Gutierrez,Idaho State,76.25,232,29.5,108.0,,4.28,6.99,1.74,2.89,5.03,2007,QB,matt gutierrez,
Kevin Kolb,Houston,75.125,218,32.5,112.0,,4.44,6.94,1.73,2.83,4.85,2007,QB,kevin kolb,
Toby Korrodi,Central Missouri,75.5,234,25.0,91.0,,4.64,7.77,1.88,,,2007,QB,toby korrodi,
Chris Leak,Florida,71.875,209,32.5,113.0,,4.41,7.03,1.66,2.71,4.79,2007,QB,chris leak,
Tyler Palko,Pittsburgh,73.375,215,31.5,112.0,,4.36,7.05,1.75,2.86,4.85,2007,QB,tyler palko,
Jordan Palmer,Texas-El Paso,77.625,231,30.5,104.0,,4.58,7.32,1.75,2.91,4.99,2007,QB,jordan palmer,
James Pinkney,East Carolina,74.5,208,34.0,112.0,,4.49,7.35,1.69,2.81,4.86,2007,QB,james pinkney,
Brady Quinn,Notre Dame,75.75,232,,,24.0,,,,,,2007,QB,brady quinn,
Jeff Rowe,Nevada,77.25,226,29.5,114.0,,4.42,7.16,1.73,2.85,4.95,2007,QB,jeff rowe,
JaMarcus Russell,LSU,77.5,265,,,,,,,,,2007,QB,jamarcus russell,
Troy Smith,Ohio State,72.0,225,,,,,,,,,2007,QB,troy smith,
Isaiah Stanback,Washington,74.375,216,,,22.0,,,,,,2007,QB,isaiah stanback,
Drew Stanton,Michigan State,75.25,226,30.5,108.0,,4.41,6.77,1.67,2.75,4.79,2007,QB,drew stanton,
John Stocco,Wisconsin,73.625,207,27.0,104.0,,4.6,7.29,1.82,2.99,5.14,2007,QB,john stocco,
Josh Swogger,Montana,76.5,237,28.5,107.0,,4.76,7.25,1.78,2.98,5.18,2007,QB,josh swogger,
Zac Taylor,Nebraska,74.375,216,30.5,110.0,,4.6,7.39,1.71,2.85,5.01,2007,QB,zac taylor,
Jared Zabransky,Boise State,74.125,219,35.5,111.0,,4.08,6.78,1.62,2.65,4.57,2007,QB,jared zabransky,
Erik Ainge,Tennessee,77.5,225,21.5,108.0,,4.6,7.51,1.71,2.86,4.98,2008,QB,erik ainge,
John David Booty,Southern California,74.375,218,22.5,99.0,,4.58,,1.67,2.76,4.82,2008,QB,john david booty,
Colt Brennan,Hawaii,74.375,207,,,,,,,,,2008,QB,colt brennan,
Alex Brink,Washington State,74.25,211,28.0,112.0,,4.19,7.22,1.66,2.77,4.97,2008,QB,alex brink,
Brian Brohm,Louisville,74.875,230,30.0,115.0,,4.55,7.13,1.67,2.76,4.83,2008,QB,brian brohm,
Dennis Dixon,Oregon,75.25,195,,,,,,,,,2008,QB,dennis dixon,
Joe Flacco,Delaware,78.375,236,28.5,110.0,,4.27,6.82,1.71,2.79,4.86,2008,QB,joe flacco,
Matt Flynn,LSU,74.25,231,28.0,109.0,,4.34,7.21,1.62,2.72,4.79,2008,QB,matt flynn,
Chad Henne,Michigan,74.875,230,25.5,106.0,,4.4,7.17,1.7,2.81,4.92,2008,QB,chad henne,
Josh Johnson,San Diego,74.75,213,33.5,110.0,,4.42,7.56,1.58,2.63,4.55,2008,QB,josh johnson,
Sam Keller,Nebraska,75.625,241,24.0,107.0,,4.35,7.07,1.67,2.85,5.0,2008,QB,sam keller,
Anthony Morelli,Penn State,75.625,231,26.5,108.0,16.0,4.6,7.43,1.73,2.92,5.07,2008,QB,anthony morelli,
Bernard Morris,Marshall,75.0,223,24.5,109.0,18.0,,,1.68,2.81,4.68,2008,QB,bernard morris,
Kevin OConnell,San Diego State,77.0,225,31.0,113.0,,4.38,7.01,1.6,2.71,4.61,2008,QB,kevin oconnell,
T.C. Ostrander,Stanford,74.125,227,,,,,,,,,2008,QB,t c ostrander,
Matt Ryan,Boston College,76.75,228,,,,4.51,7.4,1.67,2.86,4.95,2008,QB,matt ryan,
Paul Smith,Tulsa,73.25,208,26.5,111.0,,4.29,7.02,1.64,2.87,4.97,2008,QB,paul smith,
Adam Tafralis,San Jose State,73.125,221,32.0,108.0,,4.33,7.14,1.64,2.8,4.78,2008,QB,adam tafralis,
Andre Woodson,Michigan State,76.0,229,,,,,,,,,2008,QB,andre woodson,
Kyle Wright,Miami (FL),75.375,218,25.5,105.0,,4.32,7.34,1.63,2.81,4.85,2008,QB,kyle wright,
Jason Boltus,Hartwick,74.75,225,31.5,111.0,26.0,4.47,7.0,1.68,2.79,4.83,2009,QB,jason boltus,
Rhett Bomar,Sam Houston State,74.25,225,,106.0,25.0,4.06,6.91,1.74,2.83,4.82,2009,QB,rhett bomar,
Tom Brandstater,Fresno State,77.0,220,28.5,106.0,,4.37,6.93,1.74,2.89,4.95,2009,QB,tom brandstater,
Nathan Brown,Central Arkansas,72.625,219,30.5,106.0,,4.44,7.43,1.81,2.95,5.04,2009,QB,nathan brown,
Hunter Cantwell,Louisville,76.375,235,26.0,99.0,,4.59,7.4,1.88,3.07,5.26,2009,QB,hunter cantwell,
Rudy Carpenter,Arizona State,73.625,218,29.0,100.0,11.0,4.47,7.25,,,,2009,QB,rudy carpenter,
Chase Daniel,Missouri,72.0,218,33.0,,,4.31,7.28,1.76,2.87,4.92,2009,QB,chase daniel,
Nate Davis,Ball State,73.375,226,26.5,99.0,,,,1.83,2.94,5.01,2009,QB,nate davis,
Josh Freeman,Kansas State,77.75,248,33.5,119.0,,4.43,7.11,1.79,2.91,4.97,2009,QB,josh freeman,
Cullen Harper,Clemson,75.0,225,30.0,105.0,19.0,4.49,7.43,1.77,2.92,5.05,2009,QB,cullen harper,
Graham Harrell,Texas Tech,74.125,223,29.5,98.0,,4.56,7.45,1.83,3.01,5.14,2009,QB,graham harrell,
Chase Holbrook,New Mexico State,76.125,242,27.0,108.0,,4.65,7.93,1.8,2.91,5.19,2009,QB,chase holbrook,
Brian Hoyer,Michigan State,74.0,215,32.0,109.0,,4.42,7.1,1.73,2.9,5.05,2009,QB,brian hoyer,
Stephen McGee,Texas AM,74.875,225,33.0,112.0,,4.49,7.34,1.68,2.72,4.66,2009,QB,stephen mcgee,
Curtis Painter,Purdue,74.875,225,29.0,102.0,,4.48,7.0,1.75,2.88,,2009,QB,curtis painter,
Mike Reilly,Central Washington,75.0,214,30.5,109.0,,4.11,6.76,1.71,2.8,4.92,2009,QB,mike reilly,
Mark Sanchez,Southern California,74.125,227,32.5,116.0,,4.21,7.06,1.77,2.91,5.0,2009,QB,mark sanchez,
Matthew Stafford,Georgia,74.25,225,30.5,107.0,,4.47,7.06,1.72,2.83,,2009,QB,matthew stafford,
Pat White,West Virginia,72.25,197,35.0,117.0,,4.42,7.06,1.67,2.7,,2009,QB,pat white,
Drew Willy,Buffalo,75.125,215,30.5,109.0,,4.45,7.18,1.75,2.87,,2009,QB,drew willy,
John Parker Wilson,Alabama,73.5,219,29.5,105.0,,4.59,7.53,1.69,2.8,4.87,2009,QB,john parker wilson,
Sam Bradford,Oklahoma,76.25,236,,,,,,,,,2010,QB,sam bradford,
Jarrett Brown,West Virginia,74.875,224,34.5,114.0,,4.39,7.24,1.57,2.64,4.54,2010,QB,jarrett brown,
Levi Brown,Troy,75.5,229,31.5,106.0,20.0,4.43,7.07,1.73,2.88,4.99,2010,QB,levi brown,
Sean Canfield,Oregon State,75.75,223,29.5,100.0,,4.39,7.26,1.75,2.9,4.99,2010,QB,sean canfield,
Daryll Clark,Penn State,73.875,235,,,21.0,,,,,,2010,QB,daryll clark,
Jimmy Clausen,Notre Dame,74.625,222,,,,,,,,,2010,QB,jimmy clausen,
Max Hall,Brigham Young,72.625,209,32.0,102.0,,4.35,7.07,1.68,2.81,4.87,2010,QB,max hall,
Tim Hiller,Western Michigan,76.0,229,32.5,118.0,18.0,4.54,7.1,1.69,2.85,4.97,2010,QB,tim hiller,
Mike Kafka,Northwestern,75.125,225,32.0,110.0,,4.37,6.96,1.73,2.9,5.04,2010,QB,mike kafka,
Dan LeFevour,Central Michigan,75.25,230,29.5,110.0,,4.22,6.93,1.59,2.71,4.66,2010,QB,dan lefevour,
Thaddeus Lewis,Duke,72.5,215,28.0,107.0,,,,1.66,2.8,4.84,2010,QB,thaddeus lewis,
Colt McCoy,Texas,73.125,216,,114.0,,,,1.66,2.76,4.79,2010,QB,colt mccoy,
Tony Pike,Cincinnati,77.75,223,28.5,108.0,,4.53,7.06,1.69,2.86,4.9,2010,QB,tony pike,
Zac Robinson,Oklahoma State,74.5,214,35.0,110.0,,4.4,7.24,1.63,2.72,4.71,2010,QB,zac robinson,
John Skelton,Fordham,77.375,243,33.5,108.0,,4.33,7.17,1.61,2.78,4.85,2010,QB,john skelton,
Riley Skinner,Wake Forest,72.0,214,30.0,101.0,,4.29,7.04,1.73,2.91,5.07,2010,QB,riley skinner,
Jevan Snead,Mississippi,75.0,219,33.0,106.0,,4.33,7.08,1.7,2.91,5.04,2010,QB,jevan snead,
Tim Tebow,Florida,74.75,236,38.5,115.0,,4.17,6.66,1.61,2.72,4.72,2010,QB,tim tebow,
Ryan Colburn,Fresno State,74.75,233,,,,4.28,6.84,1.79,2.98,5.21,2011,QB,ryan colburn,
Andy Dalton,Texas Christian,74.0,215,29.5,106.0,,4.27,6.93,1.77,2.89,4.93,2011,QB,andy dalton,1.0
Pat Devlin,Delaware,75.375,225,33.0,116.0,,4.32,7.08,1.67,2.8,4.87,2011,QB,pat devlin,
Nathan Enderle,Idaho,76.125,240,25.5,102.0,,4.46,7.13,1.78,2.99,5.22,2011,QB,nathan enderle,2.0
Blaine Gabbert,Missouri,76.375,234,33.5,120.0,,4.26,6.84,1.62,2.71,4.66,2011,QB,blaine gabbert,3.0
Jerrod Johnson,Texas AM,77.125,251,29.0,119.0,,4.31,7.28,1.71,2.81,4.82,2011,QB,jerrod johnson,
Colin Kaepernick,Nevada,76.625,233,32.5,115.0,,4.18,6.85,1.63,2.71,4.63,2011,QB,colin kaepernick,4.0
Jake Locker,Washington,74.5,231,35.0,120.0,,4.12,6.77,1.66,2.69,4.58,2011,QB,jake locker,5.0
Ryan Mallett,Arkansas,78.75,253,24.0,103.0,,,,,,,2011,QB,ryan mallett,6.0
Greg McElroy,Alabama,73.875,220,33.0,107.0,,4.45,7.11,1.6,2.67,4.6,2011,QB,greg mcelroy,7.0
Cam Newton,Auburn,77.0,248,35.0,126.0,,4.18,6.92,1.6,2.67,4.6,2011,QB,cam newton,8.0
Christian Ponder,Florida State,74.0,229,34.0,116.0,,4.09,6.85,1.64,2.76,4.72,2011,QB,christian ponder,9.0
Josh Portis,California (PA),74.875,211,40.0,126.0,,4.12,6.84,1.71,2.79,4.69,2011,QB,josh portis,
Ricky Stanzi,Iowa,76.375,223,32.5,110.0,,4.43,6.95,1.71,2.86,4.96,2011,QB,ricky stanzi,10.0
Tyrod Taylor,Virginia Tech,72.75,217,37.5,126.0,,4.09,6.78,1.56,2.61,4.52,2011,QB,tyrod taylor,11.0
Scott Tolzien,Wisconsin,74.0,212,29.5,116.0,,4.12,6.84,1.79,2.96,5.06,2011,QB,scott tolzien,
Jeff Van Camp,Florida Atlantic,77.25,218,31.0,114.0,,4.16,6.87,1.72,2.87,4.88,2011,QB,jeff van camp,
T.J. Yates,North Carolina,75.375,219,29.5,104.0,,4.12,6.96,1.76,2.98,5.07,2011,QB,t j yates,12.0
B.J. Coleman,Chattanooga,75.0,233,,109.0,,4.38,7.07,,,,2012,QB,b j coleman,13.0
Aaron Corp,Richmond,75.5,215,31.5,106.0,,4.3,7.03,1.74,2.8,4.77,2012,QB,aaron corp,
Kirk Cousins,Michigan State,74.625,214,28.5,109.0,,4.5,7.05,1.71,2.87,4.93,2012,QB,kirk cousins,14.0
Austin Davis,Southern Miss,73.625,219,31.0,109.0,,4.11,6.73,1.63,2.77,4.76,2012,QB,austin davis,
Nick Foles,Arizona,77.0,243,30.5,112.0,,,,1.77,2.96,5.14,2012,QB,nick foles,15.0
Robert Griffin,Baylor,74.375,223,39.0,120.0,,,,1.53,2.58,4.41,2012,QB,robert griffin,16.0
Chandler Harnish,Northern Illinois,73.625,219,32.5,112.0,,4.15,6.78,1.64,2.75,4.76,2012,QB,chandler harnish,17.0
Jacory Harris,Miami (FL),75.0,203,37.0,113.0,,4.4,7.1,1.63,2.72,4.72,2012,QB,jacory harris,
Jordan Jefferson,LSU,76.125,223,36.5,116.0,14.0,4.06,6.81,1.61,2.66,4.65,2012,QB,jordan jefferson,
Case Keenum,Houston,72.625,208,32.5,103.0,,,,1.67,2.79,4.82,2012,QB,case keenum,
Ryan Lindley,San Diego State,75.75,229,29.5,108.0,,4.45,7.52,1.69,2.87,4.9,2012,QB,ryan lindley,18.0
Andrew Luck,Stanford,76.0,234,36.0,124.0,,4.28,6.8,1.65,2.75,4.67,2012,QB,andrew luck,19.0
Kellen Moore,Boise State,72.0,197,27.0,99.0,,4.56,7.41,1.77,2.78,4.94,2012,QB,kellen moore,
Brock Osweiler,Arizona State,78.875,242,,,,,,,,,2012,QB,brock osweiler,20.0
Ryan Tannehill,Texas AM,75.875,221,,,,,,,,,2012,QB,ryan tannehill,21.0
Darron Thomas,Oregon,74.625,220,36.0,121.0,14.0,4.28,7.17,1.66,2.79,4.8,2012,QB,darron thomas,
Brandon Weeden,Oklahoma State,75.5,221,,,,,,,,,2012,QB,brandon weeden,22.0
Russell Wilson,Wisconsin,70.625,204,34.0,118.0,,4.09,6.97,1.59,2.66,4.55,2012,QB,russell wilson,23.0
Patrick Witt,Yale,75.5,225,31.5,101.0,,4.37,7.14,,,,2012,QB,patrick witt,
Matt Barkley,Southern California,74.5,227,,,,,,,,,2013,QB,matt barkley,24.0
Tyler Bray,Tennessee,78.125,232,,100.0,,4.51,7.2,1.72,2.91,5.05,2013,QB,tyler bray,
Colby Cameron,Louisiana Tech,74.125,212,30.5,112.0,,4.28,6.98,1.66,2.78,4.78,2013,QB,colby cameron,
Zac Dysert,Miami (OH),74.875,231,,,,,,,,,2013,QB,zac dysert,25.0
Mike Glennon,North Carolina State,79.125,225,26.5,102.0,,4.52,7.49,1.74,2.9,4.94,2013,QB,mike glennon,26.0
MarQueis Gray,Minnesota,75.25,240,30.0,111.0,15.0,4.3,7.25,1.64,2.74,4.73,2013,QB,marqueis gray,
Landry Jones,Oklahoma,76.125,225,31.0,115.0,,4.3,7.12,1.77,2.95,5.11,2013,QB,landry jones,27.0
Collin Klein,Kansas State,76.875,226,29.0,111.0,,4.4,7.17,1.67,2.81,4.78,2013,QB,collin klein,
E.J. Manuel,Florida State,76.625,237,34.0,118.0,,4.21,7.08,1.67,2.75,4.65,2013,QB,e j manuel,
Ryan Nassib,Syracuse,74.125,227,28.5,105.0,,4.53,7.34,1.83,2.96,5.06,2013,QB,ryan nassib,28.0
Sean Renfree,Duke,75.125,219,,,,,,,,,2013,QB,sean renfree,29.0
Matt Scott,Arizona,74.125,213,31.0,118.0,,3.99,6.69,1.6,2.69,4.69,2013,QB,matt scott,
Geno Smith,West Virginia,74.375,218,33.5,124.0,,,,1.62,2.69,4.59,2013,QB,geno smith,30.0
Brad Sorensen,Southern Utah,76.5,229,29.0,112.0,,4.55,7.17,1.71,2.89,4.97,2013,QB,brad sorensen,31.0
James Vandenberg,Iowa,74.75,226,32.0,116.0,,4.52,6.95,1.77,2.89,4.92,2013,QB,james vandenberg,
Tyler Wilson,Arkansas,74.125,215,28.5,112.0,,4.39,7.22,1.71,2.87,4.95,2013,QB,tyler wilson,32.0
Blake Bortles,Central Florida,77.0,232,32.5,115.0,,4.21,7.08,1.75,2.86,4.93,2014,QB,blake bortles,33.0
Tajh Boyd,Clemson,72.625,222,30.5,106.0,,4.23,7.33,1.69,2.82,4.84,2014,QB,tajh boyd,34.0
Teddy Bridgewater,Louisville,74.125,214,30.0,113.0,,4.2,7.17,,,,2014,QB,teddy bridgewater,35.0
Derek Carr,Fresno State,74.375,214,34.5,110.0,,4.2,,1.64,2.73,4.69,2014,QB,derek carr,36.0
David Fales,San Jose State,73.625,212,28.0,103.0,,4.5,7.55,1.72,2.9,4.99,2014,QB,david fales,37.0
Jimmy Garoppolo,Eastern Illinois,74.25,226,30.5,110.0,,4.26,7.04,1.78,2.91,4.97,2014,QB,jimmy garoppolo,38.0
Jordan Lynch,Northern Illinois,72.125,217,29.5,109.0,,4.2,6.55,1.65,2.76,4.76,2014,QB,jordan lynch,
Johnny Manziel,Texas AM,71.75,207,31.5,113.0,,4.03,6.75,1.63,2.72,4.68,2014,QB,johnny manziel,39.0
Jeff Mathews,Cornell,75.75,223,25.5,105.0,,4.36,7.14,1.87,3.09,5.26,2014,QB,jeff mathews,
A.J. McCarron,Alabama,75.25,220,28.0,99.0,,4.34,7.18,1.77,2.93,4.94,2014,QB,a j mccarron,40.0
Zach Mettenberger,LSU,76.875,224,,,,,,,,,2014,QB,zach mettenberger,41.0
Stephen Morris,Miami (FL),73.875,213,30.0,111.0,,4.49,7.36,1.62,2.7,4.63,2014,QB,stephen morris,
Aaron Murray,Georgia,72.5,207,,,,,,,,,2014,QB,aaron murray,42.0
Bryn Renner,North Carolina,75.25,228,25.5,108.0,,4.3,7.22,1.69,2.8,4.87,2014,QB,bryn renner,
Tom Savage,Pittsburgh,75.875,228,27.0,105.0,,4.36,7.33,1.77,2.92,4.97,2014,QB,tom savage,43.0
Connor Shaw,South Carolina,72.375,206,34.0,116.0,,4.33,7.07,1.67,2.72,4.66,2014,QB,connor shaw,
Logan Thomas,Virginia Tech,78.125,248,35.5,118.0,,4.18,7.05,1.63,2.7,4.61,2014,QB,logan thomas,44.0
Dustin Vaughan,West Texas AM,76.875,235,29.0,108.0,,4.43,7.25,1.76,2.91,4.95,2014,QB,dustin vaughan,
Keith Wenning,Ball State,74.625,218,28.0,100.0,,4.25,7.07,1.72,2.88,5.0,2014,QB,keith wenning,45.0
Bryan Bennett,Southeastern Louisiana,74.25,211,37.0,125.0,,4.2,7.13,1.68,2.79,4.81,2015,QB,bryan bennett,
Anthony Boone,Duke,72.25,231,26.5,100.0,,4.62,7.47,1.74,2.91,5.03,2015,QB,anthony boone,
Brandon Bridge,South Alabama,76.375,229,33.0,110.0,,4.37,7.18,1.68,2.79,4.72,2015,QB,brandon bridge,
Shane Carden,East Carolina,73.875,218,29.5,104.0,,4.45,7.17,1.74,2.88,4.94,2015,QB,shane carden,
Cody Fajardo,Nevada,73.5,223,32.5,118.0,,4.1,6.95,1.62,2.7,4.63,2015,QB,cody fajardo,
Garrett Grayson,Colorado State,74.5,213,,,,,,,,,2015,QB,garrett grayson,46.0
Connor Halliday,Washington State,75.0,204,,,,,,,,,2015,QB,connor halliday,
Brett Hundley,UCLA,75.25,226,36.0,120.0,,3.98,6.93,1.62,2.72,4.63,2015,QB,brett hundley,47.0
Jerry Lovelocke,Prairie View AM,76.5,248,31.5,113.0,,4.51,7.3,1.59,2.9,4.99,2015,QB,jerry lovelocke,
Sean Mannion,Oregon State,77.625,229,31.0,105.0,,4.39,7.29,1.87,3.03,5.14,2015,QB,sean mannion,48.0
Marcus Mariota,Oregon,75.75,222,36.0,121.0,,4.11,6.87,1.57,2.62,4.52,2015,QB,marcus mariota,49.0
Bryce Petty,Baylor,74.875,230,34.0,121.0,,4.13,6.91,1.67,2.81,4.87,2015,QB,bryce petty,50.0
Blake Sims,Alabama,71.5,218,30.5,115.0,,,,1.67,2.7,4.57,2015,QB,blake sims,
Jameis Winston,Florida State,75.75,231,28.5,103.0,,4.36,7.16,1.74,2.89,4.97,2015,QB,jameis winston,51.0
Vernon Adams,Oregon,70.875,200,29.5,114.0,,4.2,6.82,1.67,2.8,4.83,2016,QB,vernon adams,
Brandon Allen,Arkansas,73.375,217,28.0,110.0,,4.33,7.06,1.71,2.82,4.84,2016,QB,brandon allen,52.0
Trevone Boykin,Texas Christian,72.0,212,32.0,110.0,,4.4,,1.66,2.76,4.77,2016,QB,trevone boykin,
Jacoby Brissett,North Carolina State,75.75,231,31.0,113.0,,4.53,7.17,1.79,2.93,4.94,2016,QB,jacoby brissett,53.0
Connor Cook,Michigan State,76.0,217,33.0,113.0,,4.28,7.21,1.68,2.79,4.79,2016,QB,connor cook,54.0
Brandon Doughty,Western Kentucky,74.75,213,27.0,103.0,,4.52,7.49,1.81,3.01,5.22,2016,QB,brandon doughty,55.0
Jeff Driskel,Louisiana Tech,76.0,234,32.0,122.0,,4.25,7.19,1.65,2.71,4.56,2016,QB,jeff driskel,56.0
Jared Goff,California,76.0,215,27.0,110.0,,4.47,7.17,1.65,2.71,4.82,2016,QB,jared goff,57.0
Christian Hackenberg,Penn State,76.375,223,31.0,114.0,,4.33,7.04,1.64,2.82,4.78,2016,QB,christian hackenberg,58.0
Kevin Hogan,Stanford,75.25,218,32.5,113.0,,4.31,6.9,1.64,2.76,4.78,2016,QB,kevin hogan,59.0
Cardale Jones,Ohio State,77.0,253,36.0,,,,,1.67,2.78,4.81,2016,QB,cardale jones,60.0
Cody Kessler,Southern California,73.25,220,29.5,104.0,,4.0,7.32,1.68,2.9,4.89,2016,QB,cody kessler,61.0
Paxton Lynch,Memphis,78.625,244,36.0,118.0,,4.26,7.14,1.69,2.81,4.86,2016,QB,paxton lynch,62.0
Dak Prescott,Mississippi State,74.25,226,32.5,116.0,,4.32,7.11,1.66,2.78,4.79,2016,QB,dak prescott,63.0
Joel Stave,Wisconsin,77.25,236,33.5,115.0,,4.33,7.29,1.63,2.77,4.8,2016,QB,joel stave,
Nate Sudfeld,Indiana,78.125,234,29.0,105.0,,,,,,,2016,QB,nate sudfeld,64.0
Carson Wentz,North Dakota State,77.25,237,30.5,118.0,,4.15,6.86,1.65,2.75,4.77,2016,QB,carson wentz,65.0
Josh Woodrum,Liberty,74.875,231,31.0,117.0,,4.31,6.74,1.67,2.78,4.8,2016,QB,josh woodrum,
C.J. Beathard,Iowa,74.125,219,31.0,112.0,,,,,,,2017,QB,c j beathard,66.0
Joshua Dobbs,Tennessee,75.25,216,33.0,122.0,,4.31,6.75,1.62,2.69,4.64,2017,QB,joshua dobbs,67.0
Jerod Evans,Virginia Tech,74.625,232,26.5,111.0,,4.41,,1.69,2.81,4.8,2017,QB,jerod evans,
Brad Kaaya,Miami (FL),75.75,214,,,,,,,,,2017,QB,brad kaaya,68.0
DeShone Kizer,Notre Dame,76.125,233,30.5,105.0,,4.53,7.4,1.72,2.84,4.83,2017,QB,deshone kizer,69.0
Trevor Knight,Texas AM,72.75,219,35.5,124.0,,4.14,7.04,1.6,2.66,4.54,2017,QB,trevor knight,
Mitch Leidner,Minnesota,75.375,226,34.5,123.0,,4.25,6.96,1.68,2.8,4.93,2017,QB,mitch leidner,
Sefo Liufau,Colorado,75.375,232,27.0,104.0,,4.45,7.32,1.75,2.91,5.08,2017,QB,sefo liufau,
Patrick Mahomes,Texas Tech,74.125,225,30.0,113.0,,4.08,6.88,1.65,2.8,4.8,2017,QB,patrick mahomes,70.0
Nathan Peterman,Pittsburgh,74.625,226,31.0,110.0,,4.31,7.14,1.67,2.8,4.82,2017,QB,nathan peterman,71.0
Cooper Rush,Central Michigan,74.625,228,27.0,104.0,,4.47,7.23,1.72,2.89,4.93,2017,QB,cooper rush,
Seth Russell,Baylor,74.875,213,,,,,,,,,2017,QB,seth russell,
Mitchell Trubisky,North Carolina,74.125,222,27.5,115.0,,4.25,6.87,1.62,2.71,4.67,2017,QB,mitchell trubisky,72.0
Deshaun Watson,Clemson,74.125,221,32.5,117.0,,4.31,6.95,1.6,2.72,4.68,2017,QB,deshaun watson,73.0
Davis Webb,California,76.625,229,33.0,116.0,,4.21,6.92,1.66,2.8,4.79,2017,QB,davis webb,74.0
Austin Allen,Arkansas,72.375,210,29.5,112.0,,4.48,7.18,1.66,2.8,4.81,2018,QB,austin allen,
Josh Allen,Wyoming,76.875,237,33.5,119.0,,4.4,6.9,1.59,2.74,4.75,2018,QB,josh allen,75.0
J.T. Barrett,Ohio State,73.25,224,30.0,108.0,,4.44,7.38,1.65,2.76,4.7,2018,QB,j t barrett,
Kurt Benkert,Virginia,74.625,218,31.0,112.0,16.0,4.33,7.15,1.71,2.86,4.95,2018,QB,kurt benkert,
Sam Darnold,Southern California,75.375,221,26.5,105.0,,4.4,6.96,1.67,2.81,4.85,2018,QB,sam darnold,76.0
Danny Etling,LSU,74.5,222,30.5,114.0,,4.37,7.09,1.63,2.75,4.76,2018,QB,danny etling,77.0
Luke Falk,Washington State,75.625,215,26.5,103.0,,,,,,,2018,QB,luke falk,78.0
Riley Ferguson,Memphis,74.75,212,29.0,110.0,,4.4,6.96,1.75,2.91,4.98,2018,QB,riley ferguson,
Lamar Jackson,Louisville,74.25,216,,,,,,,,,2018,QB,lamar jackson,79.0
Kyle Lauletta,Richmond,74.625,222,31.0,113.0,,4.07,6.95,1.67,2.78,4.81,2018,QB,kyle lauletta,80.0
Tanner Lee,Nebraska,76.25,218,32.0,115.0,,4.41,7.0,1.71,2.87,4.98,2018,QB,tanner lee,81.0
Chase Litton,Marshall,77.0,230,29.5,106.0,,4.53,7.49,1.75,2.85,4.9,2018,QB,chase litton,
Baker Mayfield,Oklahoma,72.625,215,29.0,111.0,,4.28,7.0,1.72,2.84,4.84,2018,QB,baker mayfield,82.0
Josh Rosen,UCLA,76.0,226,31.0,111.0,,4.28,7.09,1.71,2.84,4.92,2018,QB,josh rosen,83.0
Mason Rudolph,Oklahoma State,76.625,235,26.0,,,,,1.71,2.88,4.9,2018,QB,mason rudolph,84.0
Nic Shimonek,Texas Tech,75.0,220,28.5,101.0,,4.32,7.28,1.72,2.86,4.88,2018,QB,nic shimonek,
Mike White,Western Kentucky,76.625,224,27.0,96.0,,4.4,7.4,1.73,2.91,5.07,2018,QB,mike white,85.0
Logan Woodside,Toledo,73.25,213,31.5,103.0,,4.15,6.94,1.69,2.8,4.79,2018,QB,logan woodside,86.0
Jake Browning,Washington,74.0,206,29.0,112.0,,4.44,7.19,1.65,2.76,4.74,2019,QB,jake browning,
Ryan Finley,North Carolina State,76.0,213,30.5,116.0,,4.2,7.2,1.69,2.75,4.73,2019,QB,ryan finley,87.0
Nick Fitzgerald,Mississippi State,76.625,226,29.5,115.0,,,,1.62,2.73,4.64,2019,QB,nick fitzgerald,
Will Grier,West Virginia,74.5,217,34.0,112.0,,4.28,7.09,1.68,2.81,4.84,2019,QB,will grier,88.0
Dwayne Haskins Jr.,Ohio State,75.375,231,28.5,,,,,1.75,2.9,5.04,2019,QB,dwayne haskins,89.0
Tyree Jackson,Buffalo,79.0,249,34.5,120.0,,4.28,7.09,1.59,2.67,4.59,2019,QB,tyree jackson,
Daniel Jones,Duke,77.125,222,33.5,120.0,,4.41,7.0,1.71,2.83,4.81,2019,QB,daniel jones,90.0
Drew Lock,Missouri,75.75,228,31.0,112.0,,4.12,7.03,1.61,2.74,4.69,2019,QB,drew lock,91.0
Trace McSorley,Penn State,72.125,202,33.0,115.0,,4.12,7.09,1.62,2.68,4.57,2019,QB,trace mcsorley,92.0
Gardner Minshew II,Washington State,72.875,225,33.5,116.0,,4.45,7.14,1.67,2.85,4.97,2019,QB,gardner minshew,93.0
Kyler Murray,Oklahoma,70.125,207,,,,,,,,,2019,QB,kyler murray,94.0
Brett Rypien,Boise State,73.75,210,33.0,116.0,,4.29,7.1,1.7,2.86,4.91,2019,QB,brett rypien,
Kyle Shurmur,Vanderbilt,76.0,230,29.5,106.0,,4.53,7.51,1.68,2.84,4.91,2019,QB,kyle shurmur,
Easton Stick,North Dakota State,73.25,220,33.5,118.0,,4.05,6.65,1.64,2.73,4.62,2019,QB,easton stick,95.0
Jarrett Stidham,Auburn,74.375,218,31.0,110.0,,4.33,7.28,1.71,2.83,4.81,2019,QB,jarrett stidham,96.0
Jordan Taamu,Mississippi,74.625,221,27.5,109.0,,4.36,7.06,1.65,2.77,4.77,2019,QB,jordan taamu,
Clayton Thorson,Northwestern,76.0,222,,,,,,,,,2019,QB,clayton thorson,97.0
Kelly Bryant,Missouri,75.125,229,35.0,125.0,,4.51,7.33,1.62,2.73,4.69,2020,QB,kelly bryant,
Joe Burrow,LSU,75.625,221,,,,,,,,,2020,QB,joe burrow,98.0
Kevin Davidson,Princeton,76.125,224,28.0,109.0,,4.37,7.13,1.72,2.89,5.0,2020,QB,kevin davidson,
Jacob Eason,Washington,77.875,231,27.5,110.0,,4.75,7.5,1.73,2.9,4.89,2020,QB,jacob eason,99.0
Jake Fromm,Georgia,73.875,219,30.0,111.0,,4.51,7.27,1.81,2.96,5.01,2020,QB,jake fromm,100.0
Anthony Gordon,Washington State,74.375,205,,,,,,,,,2020,QB,anthony gordon,
Justin Herbert,Oregon,78.25,236,35.5,123.0,,4.46,7.06,1.62,2.75,4.68,2020,QB,justin herbert,101.0
Jalen Hurts,Oklahoma,73.0,222,35.0,125.0,,,,1.6,2.65,4.59,2020,QB,jalen hurts,102.0
Brian Lewerke,Michigan State,74.5,213,31.0,113.0,,4.4,7.14,1.65,2.8,4.95,2020,QB,brian lewerke,
Jordan Love,Utah State,75.75,224,35.5,118.0,,4.52,7.21,1.65,2.75,4.74,2020,QB,jordan love,103.0
Jake Luton,Oregon State,78.125,224,,,,,,,,,2020,QB,jake luton,104.0
Cole McDonald,Hawaii,75.125,215,36.0,121.0,,4.52,7.13,1.6,2.7,4.58,2020,QB,cole mcdonald,105.0
Steven Montez,Colorado,76.0,231,33.0,117.0,,4.43,7.25,1.64,2.75,4.68,2020,QB,steven montez,
James Morgan,Florida International,76.0,229,29.0,112.0,,4.64,7.51,1.73,2.87,4.89,2020,QB,james morgan,106.0
Shea Patterson,Michigan,72.875,212,31.0,116.0,,4.5,7.14,1.63,2.73,4.71,2020,QB,shea patterson,
Nate Stanley,Iowa,75.75,235,28.5,108.0,,4.48,7.26,1.69,2.79,4.81,2020,QB,nate stanley,107.0
Tua Tagovailoa,Alabama,72.0,217,,,,,,,,,2020,QB,tua tagovailoa,108.0
B.J. Askew,Michigan,74.0,241,,,,,,,,,2003,RB,b j askew,
Santonio Beard,Alabama,71.625,222,31.5,119.0,,,,1.58,2.66,4.58,2003,RB,santonio beard,
Chris Brown,Colorado,74.625,220,,,,,,,,,2003,RB,chris brown,
Kerry Carter,Stanford,73.875,238,36.0,118.0,20.0,4.39,7.29,1.6,2.73,4.64,2003,RB,kerry carter,
Avon Cobourne,West Virginia,67.5,205,31.5,112.0,21.0,4.18,7.21,,,,2003,RB,avon cobourne,
Dahrran Diedrick,Nebraska,72.125,228,37.0,117.0,19.0,4.44,7.32,1.63,2.75,4.67,2003,RB,dahrran diedrick,
Justin Fargas,Southern California,72.875,219,,137.0,27.0,,,1.47,2.54,4.4,2003,RB,justin fargas,
Ahmaad Galloway,Alabama,71.75,223,,,22.0,,,,,,2003,RB,ahmaad galloway,
Earnest Graham,Florida,69.125,225,,,22.0,,,,,,2003,RB,earnest graham,
Quentin Griffin,Oklahoma,67.0,195,38.0,123.0,21.0,4.08,,1.54,2.55,4.5,2003,RB,quentin griffin,
Dwone Hicks,Middle Tennessee,69.625,222,34.0,115.0,29.0,4.42,7.38,,,,2003,RB,dwone hicks,
Larry Johnson,Penn State,73.0,228,,,19.0,,,,,,2003,RB,larry johnson,
Malaefou MacKenzie,Southern California,70.25,233,,,,,,,,,2003,RB,malaefou mackenzie,
Nick Maddox,Florida State,70.625,211,33.5,115.0,18.0,4.5,7.33,1.65,2.74,4.7,2003,RB,nick maddox,
Sultan McCullough,Southern California,71.375,202,,,27.0,,,,,,2003,RB,sultan mccullough,
Willis McGahee,Miami (FL),72.375,223,,,,,,,,,2003,RB,willis mcgahee,
Artose Pinner,Kentucky,69.75,229,,,,,,,,,2003,RB,artose pinner,
Cecil Sapp,Colorado State,71.0,229,,,,,,,,,2003,RB,cecil sapp,
Musa Smith,Georgia,72.75,232,35.5,123.0,,,,,,,2003,RB,musa smith,
Onterrio Smith,Oregon,69.875,220,,,19.0,,,,,,2003,RB,onterrio smith,
Lee Suggs,Virginia Tech,71.625,202,,,,,,,,,2003,RB,lee suggs,
LaBrandon Toefield,LSU,70.875,233,,,19.0,,,,,,2003,RB,labrandon toefield,
Derek Watson,South Carolina,72.125,223,34.0,114.0,15.0,4.2,7.35,1.6,2.67,4.66,2003,RB,derek watson,
Domanick Williams,LSU,69.0,213,32.5,112.0,22.0,4.47,7.32,1.63,2.72,4.63,2003,RB,domanick williams,
Rich Alexis,Washington,72.0,210,32.0,114.0,,4.43,7.41,1.65,2.72,4.67,2004,RB,rich alexis,
Tatum Bell,Oklahoma State,71.0,212,38.5,117.0,25.0,,,1.56,2.58,4.41,2004,RB,tatum bell,
Ran Carthon,Florida,71.375,224,34.5,112.0,22.0,4.12,,1.55,2.6,4.53,2004,RB,ran carthon,
Cedric Cobbs,Arkansas,72.125,223,40.0,123.0,,,,1.63,2.71,4.79,2004,RB,cedric cobbs,
Duron Croson,Fort Valley State,72.75,226,30.5,108.0,14.0,,,1.67,2.8,4.84,2004,RB,duron croson,
Josh Davis,Nebraska,70.375,200,33.5,112.0,13.0,4.07,7.27,1.66,2.69,4.61,2004,RB,josh davis,
Adimchinobi Echemandu,California,70.75,226,,,15.0,,,,,,2004,RB,adimchinobi echemandu,
Clarence Farmer,Arizona,71.875,231,34.5,120.0,25.0,4.25,7.44,1.64,2.72,4.71,2004,RB,clarence farmer,
Steven Jackson,Oregon State,73.5,241,,,,,,,,,2004,RB,steven jackson,
Greg Jones,Florida State,73.375,249,,,,,,,,,2004,RB,greg jones,
Kevin Jones,Virginia Tech,72.125,227,38.0,120.0,,,,,,,2004,RB,kevin jones,
Julius Jones,Notre Dame,69.75,217,37.5,121.0,,4.12,6.97,1.55,2.64,4.5,2004,RB,julius jones,
Derrick Knight,Boston College,68.75,209,31.5,108.0,16.0,,,1.65,2.75,4.74,2004,RB,derrick knight,
Mewelde Moore,Tulane,70.625,209,35.0,118.0,,4.12,7.05,1.61,2.68,4.67,2004,RB,mewelde moore,
Jarrett Payton,Miami (FL),72.125,220,31.0,115.0,,4.31,7.34,1.66,2.76,4.64,2004,RB,jarrett payton,
Chris Perry,Michigan,72.0,224,,,19.0,,,,,,2004,RB,chris perry,
Fred Russell,Iowa,67.0,195,34.0,121.0,21.0,4.3,7.09,1.6,2.64,4.53,2004,RB,fred russell,
Michael Turner,Northern Illinois,70.5,237,31.0,114.0,22.0,4.15,7.5,1.56,2.61,4.5,2004,RB,michael turner,
Shaud Williams,Alabama,67.5,193,34.0,114.0,15.0,4.15,7.01,1.72,2.85,4.76,2004,RB,shaud williams,
Quincy Wilson,West Virginia,69.375,225,33.5,118.0,26.0,4.36,7.68,,,,2004,RB,quincy wilson,
Renaldo Works,Oklahoma,72.0,222,30.5,115.0,21.0,4.09,7.25,1.63,2.76,4.71,2004,RB,renaldo works,
Jason Wright,Northwestern,70.375,210,30.0,111.0,,4.12,7.35,1.65,2.77,4.69,2004,RB,jason wright,
J.J. Arrington,California,68.875,214,35.0,121.0,18.0,4.1,6.81,1.54,2.57,4.46,2005,RB,j j arrington,
Marion Barber III,Minnesota,71.375,221,40.0,127.0,20.0,,,,,,2005,RB,marion barber,
Cedric Benson,Texas,70.5,222,,,,,,,,,2005,RB,cedric benson,
DeCori Birmingham,Arkansas,69.75,210,34.5,118.0,14.0,4.28,7.13,1.67,2.71,4.64,2005,RB,decori birmingham,
Nehemiah Broughton,Citadel,71.5,250,30.0,108.0,25.0,4.28,7.54,1.61,2.7,4.61,2005,RB,nehemiah broughton,
Ronnie Brown,Auburn,72.25,233,34.0,117.0,18.0,4.08,7.1,1.56,2.6,4.48,2005,RB,ronnie brown,
Maurice Clarett,Ohio State,71.625,234,34.0,115.0,22.0,,,1.63,2.81,4.78,2005,RB,maurice clarett,
DeAndra Cobb,Michigan State,69.75,196,34.0,118.0,17.0,4.25,7.13,1.56,2.62,4.49,2005,RB,deandra cobb,
Anthony Davis,Wisconsin,66.625,200,38.0,121.0,18.0,,7.39,1.58,2.64,4.5,2005,RB,anthony davis,
Ciatrick Fason,Florida,72.75,207,,,,,,,,,2005,RB,ciatrick fason,
Lionel Gates,Louisville,71.625,222,36.0,121.0,23.0,4.1,7.17,1.72,2.78,4.7,2005,RB,lionel gates,
Frank Gore,Miami (FL),69.375,210,,,,,,,,,2005,RB,frank gore,
Ryan Grant,Notre Dame,73.125,215,33.5,115.0,17.0,4.12,7.08,1.6,2.68,4.54,2005,RB,ryan grant,
Kay-Jay Harris,West Virginia,72.375,241,38.0,122.0,,4.1,7.2,1.68,2.71,4.64,2005,RB,kay jay harris,
Alex Haynes,Central Florida,69.875,223,32.5,,21.0,,,1.6,2.64,4.51,2005,RB,alex haynes,
Noah Herron,Northwestern,71.0,224,31.0,108.0,17.0,3.97,6.95,1.64,2.75,4.73,2005,RB,noah herron,
Cedric Houston,Tennessee,70.75,225,,,,,,,,,2005,RB,cedric houston,
Ray Hudson,Alabama,69.75,192,,,15.0,,,,,,2005,RB,ray hudson,
Brandon Jacobs,Southern Illinois,76.25,267,37.0,118.0,19.0,4.49,7.54,1.69,2.72,4.56,2005,RB,brandon jacobs,
T.A. McLendon,North Carolina State,70.25,235,35.0,117.0,27.0,4.19,7.34,1.71,2.83,4.73,2005,RB,t a mclendon,
Ryan Moats,Louisiana Tech,68.25,210,36.0,117.0,19.0,4.11,7.22,1.57,2.63,4.46,2005,RB,ryan moats,
Vernand Morency,Oklahoma State,69.625,212,33.5,108.0,19.0,4.2,7.02,,,,2005,RB,vernand morency,
Alvin Pearman,Virginia,69.375,208,34.0,114.0,24.0,4.08,7.06,1.65,2.75,4.67,2005,RB,alvin pearman,
Bobby Purify,Colorado,72.375,210,33.5,116.0,15.0,4.13,7.22,1.64,2.74,4.74,2005,RB,bobby purify,
Walter Reyes,Syracuse,70.0,209,32.0,109.0,16.0,4.38,7.23,1.55,2.61,4.49,2005,RB,walter reyes,
Eric Shelton,Louisville,73.5,246,38.5,124.0,,4.08,7.46,1.64,2.68,4.53,2005,RB,eric shelton,
Darren Sproles,Kansas State,66.125,187,33.0,105.0,23.0,3.96,6.96,1.52,2.58,4.46,2005,RB,darren sproles,
Carnell Williams,Auburn,70.875,217,35.5,118.0,19.0,4.17,6.95,1.58,2.61,4.43,2005,RB,carnell williams,
Cadillac Williams,Auburn,70.875,217,35.5,118.0,19.0,4.15,6.94,1.59,2.63,4.5,2005,RB,cadillac williams,
Joseph Addai,LSU,71.25,214,38.5,125.0,18.0,4.47,7.09,1.5,2.53,4.41,2006,RB,joseph addai,
Mike Bell,Arizona,72.25,221,31.5,112.0,19.0,4.21,7.16,1.55,2.66,4.63,2006,RB,mike bell,
Reggie Bush,Southern California,70.875,201,,,,,,,,,2006,RB,reggie bush,
Brian Calhoun,Wisconsin,69.25,201,31.5,124.0,18.0,4.2,7.05,1.56,2.64,4.58,2006,RB,brian calhoun,
P.J. Daniels,Georgia Tech,70.125,214,33.0,116.0,21.0,4.4,7.13,1.55,2.65,4.61,2006,RB,p j daniels,
Quinton Ganther,Utah,69.5,218,35.0,119.0,29.0,,7.19,1.56,2.64,4.56,2006,RB,quinton ganther,
Ryan Gilbert,Houston,69.625,228,,,,,,,,,2006,RB,ryan gilbert,
Marques Hagans,Virginia,69.375,202,35.0,114.0,,4.38,7.03,1.58,2.66,4.64,2006,RB,marques hagans,
Andre Hall,South Florida,68.5,208,33.0,113.0,18.0,,7.38,1.5,2.57,4.45,2006,RB,andre hall,
Jerome Harrison,Washington State,69.25,201,34.5,124.0,19.0,4.07,6.77,1.58,2.63,4.51,2006,RB,jerome harrison,
Taurean Henderson,Texas Tech,69.5,204,32.5,112.0,,4.4,7.01,1.61,2.72,4.63,2006,RB,taurean henderson,
Cedric Humes,Virginia Tech,72.875,227,30.5,106.0,18.0,4.22,7.07,1.62,2.71,4.65,2006,RB,cedric humes,
Maurice Jones-Drew,UCLA,66.75,207,36.0,116.0,18.0,4.38,7.08,1.53,2.57,4.39,2006,RB,maurice jones drew,
Wali Lundy,Virginia,71.0,214,35.0,111.0,18.0,4.36,6.99,1.55,2.63,4.55,2006,RB,wali lundy,
Laurence Maroney,Minnesota,71.875,217,,,,,,,,,2006,RB,laurence maroney,
Wendell Mathis,Fresno State,71.375,210,33.0,117.0,20.0,4.22,6.93,1.6,2.62,4.53,2006,RB,wendell mathis,
DonTrell Moore,New Mexico,69.75,210,32.0,116.0,18.0,4.32,7.1,1.59,2.67,4.62,2006,RB,dontrell moore,
Jerious Norwood,Mississippi State,71.625,210,36.5,122.0,15.0,4.25,6.81,1.47,2.51,4.33,2006,RB,jerious norwood,
Gerald Riggs,Michigan State,70.875,232,,,,,,,,,2006,RB,gerald riggs,
Derrick Ross,Tarleton State,70.5,226,35.0,112.0,20.0,4.35,7.0,1.53,2.59,4.53,2006,RB,derrick ross,
Cory Ross,Nebraska,66.25,201,,,15.0,,,1.58,2.64,4.6,2006,RB,cory ross,
Leon Washington,Florida State,67.875,201,32.5,105.0,17.0,4.37,6.94,1.58,2.63,4.43,2006,RB,leon washington,
LenDale White,Southern California,72.375,238,,,,,,,,,2006,RB,lendale white,
Terrence Whitehead,Oregon,70.125,209,30.5,108.0,,4.27,7.21,1.64,2.74,4.75,2006,RB,terrence whitehead,
DeAngelo Williams,Memphis,69.0,214,35.5,121.0,25.0,,,,,,2006,RB,deangelo williams,
Lorenzo Booker,Florida State,70.375,191,35.5,121.0,26.0,,,1.56,2.61,4.5,2007,RB,lorenzo booker,
Ahmad Bradshaw,Marshall,69.5,198,34.0,112.0,,4.09,6.7,1.66,2.75,4.66,2007,RB,ahmad bradshaw,
Eldra Buckley,Chattanooga,69.5,202,35.5,120.0,14.0,4.43,7.71,1.6,2.7,4.62,2007,RB,eldra buckley,
Michael Bush,Louisville,73.375,243,,,,,,,,,2007,RB,michael bush,
Thomas Clayton,Kansas State,70.25,218,36.5,121.0,23.0,,,1.66,2.74,4.66,2007,RB,thomas clayton,
Alonzo Coleman,Hampton,69.875,207,,120.0,27.0,,,1.56,2.63,4.52,2007,RB,alonzo coleman,
Jon Cornish,Kansas,71.5,206,34.0,118.0,,,7.09,1.62,2.71,4.64,2007,RB,jon cornish,
Kenneth Darby,Alabama,70.375,211,30.0,108.0,19.0,4.53,7.25,1.73,2.83,4.81,2007,RB,kenneth darby,
Chris Henry,Arizona,71.25,230,36.0,127.0,26.0,4.14,6.96,1.56,2.57,4.41,2007,RB,chris henry,
Tony Hunt,Penn State,73.625,233,,,24.0,,,,,,2007,RB,tony hunt,
Nate Ilaoa,Hawaii,68.875,245,30.0,103.0,25.0,4.42,7.1,1.68,2.81,4.84,2007,RB,nate ilaoa,
Kenny Irons,Auburn,70.625,203,38.0,123.0,,4.17,7.0,1.56,2.62,4.54,2007,RB,kenny irons,
Brandon Jackson,Nebraska,69.875,210,37.0,122.0,21.0,4.14,7.0,1.56,2.64,4.55,2007,RB,brandon jackson,
Brian Leonard,Rutgers,73.5,226,34.5,122.0,28.0,4.22,6.88,1.59,2.66,4.56,2007,RB,brian leonard,
Marshawn Lynch,California,71.125,215,35.5,125.0,20.0,4.55,7.05,1.6,2.67,4.52,2007,RB,marshawn lynch,
Ronnie McGill,North Carolina,70.875,213,,,22.0,,,,,,2007,RB,ronnie mcgill,
Tyrone Moss,Miami (FL),69.125,231,31.0,107.0,16.0,4.56,,1.67,2.78,4.79,2007,RB,tyrone moss,
Adrian Peterson,Oklahoma,73.5,217,38.5,127.0,,4.4,7.09,1.57,2.6,4.41,2007,RB,adrian peterson,
Antonio Pittman,Ohio State,70.75,207,35.5,123.0,16.0,4.16,6.84,1.54,2.57,4.44,2007,RB,antonio pittman,
Gary Russell,Minnesota,70.375,229,31.5,113.0,9.0,4.54,,1.76,2.85,4.84,2007,RB,gary russell,
Kolby Smith,Louisville,71.25,220,38.0,114.0,18.0,4.34,7.22,1.56,2.63,4.57,2007,RB,kolby smith,
Ramonce Taylor,Texas College,70.125,195,34.0,125.0,,4.23,6.98,1.54,2.63,4.51,2007,RB,ramonce taylor,
Darius Walker,Notre Dame,70.0,206,40.5,123.0,19.0,4.39,7.18,1.6,2.67,4.61,2007,RB,darius walker,
D.J. Ware,Illinois,72.0,225,,,21.0,,,,,,2007,RB,d j ware,
Garrett Wolfe,Northern Illinois,67.5,186,35.5,116.0,22.0,4.08,6.69,,,,2007,RB,garrett wolfe,
Dwayne Wright,Fresno State,71.5,228,34.0,115.0,14.0,4.43,7.23,1.68,2.75,4.73,2007,RB,dwayne wright,
DeShawn Wynn,Florida,70.375,232,31.5,115.0,,,,1.59,2.64,4.55,2007,RB,deshawn wynn,
Selvin Young,Texas,71.0,207,,,,,,,,,2007,RB,selvin young,
Anthony Alridge,Houston,69.0,170,30.5,134.0,,,6.88,1.51,2.54,4.36,2008,RB,anthony alridge,
Yvenson Bernard,Oregon State,68.375,204,29.5,112.0,,4.73,7.22,1.65,2.78,4.83,2008,RB,yvenson bernard,
Cory Boyd,South Carolina,72.5,213,33.5,118.0,25.0,4.24,6.97,1.52,2.58,4.52,2008,RB,cory boyd,
Thomas Brown,Georgia,68.375,204,36.0,128.0,25.0,,7.17,1.59,2.63,4.58,2008,RB,thomas brown,
Jamaal Charles,Texas,71.0,200,30.5,122.0,,4.22,6.8,1.53,2.56,4.38,2008,RB,jamaal charles,
Tashard Choice,Georgia Tech,70.5,215,34.0,119.0,20.0,,6.88,1.5,2.55,4.5,2008,RB,tashard choice,
Calvin Dawson,Louisiana-Monroe,68.5,199,,,,,,,,,2008,RB,calvin dawson,
Justin Forsett,California,68.0,194,26.5,112.0,26.0,,6.96,,,,2008,RB,justin forsett,
Matt Forte,Tulane,73.375,217,33.0,118.0,23.0,4.23,6.84,1.49,2.55,4.46,2008,RB,matt forte,
BenJarvus Green-Ellis,Mississippi,70.625,219,30.5,114.0,24.0,,,1.6,2.68,4.62,2008,RB,benjarvus green ellis,
Mike Hart,Michigan,68.875,206,28.0,110.0,23.0,,,1.58,2.69,4.69,2008,RB,mike hart,
Chris Johnson,East Carolina,71.0,197,35.0,130.0,,,,1.4,2.41,4.24,2008,RB,chris johnson,
Felix Jones,Arkansas,70.125,207,33.5,124.0,,4.19,6.9,1.55,2.59,4.47,2008,RB,felix jones,
Rafael Little,Kentucky,68.75,194,,,8.0,,,,,,2008,RB,rafael little,
Kregg Lumpkin,Georgia,71.5,226,28.0,111.0,22.0,,,1.6,2.71,4.68,2008,RB,kregg lumpkin,
Darren McFadden,Arkansas,73.25,211,33.0,128.0,,,,1.51,2.53,4.33,2008,RB,darren mcfadden,
Kalvin McRae,Ohio,69.125,203,25.5,109.0,,,,1.63,2.7,4.69,2008,RB,kalvin mcrae,
Rashard Mendenhall,Illinois,70.125,225,33.5,117.0,26.0,4.18,,1.57,2.59,4.45,2008,RB,rashard mendenhall,
Xavier Omon,Northwest Missouri,70.75,228,31.0,112.0,17.0,,,1.57,2.64,4.62,2008,RB,xavier omon,
Jalen Parmele,Toledo,71.5,224,34.0,125.0,19.0,4.29,6.96,1.48,2.54,4.47,2008,RB,jalen parmele,
Allen Patrick,Oklahoma,72.75,198,,,,,,,,,2008,RB,allen patrick,
Ray Rice,Rutgers,68.0,199,31.5,119.0,23.0,4.2,6.65,1.51,2.52,4.47,2008,RB,ray rice,
Dantrell Savage,Oklahoma State,68.25,187,32.5,117.0,13.0,,,1.5,2.57,4.53,2008,RB,dantrell savage,
Chad Simpson,Morgan State,68.625,216,32.5,124.0,,,,1.53,2.55,4.42,2008,RB,chad simpson,
Steve Slaton,West Virginia,69.125,197,33.5,118.0,19.0,,,1.6,2.63,4.49,2008,RB,steve slaton,
Kevin Smith,Central Florida,73.125,217,32.0,120.0,,4.49,6.74,1.56,2.66,4.58,2008,RB,kevin smith,
Jonathan Stewart,Oregon,70.25,235,36.5,128.0,28.0,,,1.54,2.56,4.48,2008,RB,jonathan stewart,
Marcus Thomas,Texas-El Paso,72.25,213,30.0,116.0,21.0,,,1.6,2.65,4.62,2008,RB,marcus thomas,
Ryan Torain,Arizona State,72.375,222,34.0,120.0,21.0,,,1.58,2.7,4.71,2008,RB,ryan torain,
Chauncey Washington,Southern California,71.375,211,,,,,,,,,2008,RB,chauncey washington,
Kahlil Bell,UCLA,70.75,212,34.5,114.0,15.0,4.2,6.87,1.7,2.79,4.78,2009,RB,kahlil bell,
Donald Brown,Connecticut,70.25,210,41.5,125.0,,4.1,6.93,1.62,2.66,4.51,2009,RB,donald brown,
Andre Brown,North Carolina State,72.125,224,37.0,115.0,24.0,4.33,7.35,1.58,2.64,4.49,2009,RB,andre brown,
Glen Coffee,Alabama,72.125,209,36.0,121.0,24.0,4.51,7.35,1.62,2.68,4.58,2009,RB,glen coffee,
James Davis,Clemson,71.0,218,32.0,109.0,17.0,4.37,7.15,1.62,2.7,4.6,2009,RB,james davis,
Arian Foster,Tennessee,72.75,226,,,23.0,,,,,,2009,RB,arian foster,
Mike Goodson,Texas AM,71.875,208,39.5,118.0,14.0,4.22,6.89,1.61,2.69,4.54,2009,RB,mike goodson,
Shonn Greene,Iowa,70.5,227,37.0,121.0,19.0,4.4,7.1,1.68,2.76,4.65,2009,RB,shonn greene,
P.J. Hill,Wisconsin,70.25,222,,,,,,,,,2009,RB,p j hill,
Rashad Jennings,Liberty,73.0,231,34.0,120.0,29.0,4.2,6.86,1.61,2.65,4.66,2009,RB,rashad jennings,
Ian Johnson,Boise State,71.25,212,33.0,116.0,26.0,4.18,6.93,1.58,2.6,4.46,2009,RB,ian johnson,
Gartrell Johnson,Colorado State,70.25,219,34.0,114.0,20.0,,,1.68,2.79,4.81,2009,RB,gartrell johnson,
Jeremiah Johnson,Oregon,68.875,209,35.0,115.0,20.0,,,1.67,2.75,4.71,2009,RB,jeremiah johnson,
Anthony Kimble,Stanford,72.25,216,36.0,122.0,17.0,4.4,7.08,1.6,2.75,4.68,2009,RB,anthony kimble,
Marlon Lucky,Nebraska,71.375,216,33.5,114.0,18.0,,7.1,1.61,2.71,4.59,2009,RB,marlon lucky,
LeSean McCoy,Pittsburgh,70.375,198,,,,,,,,,2009,RB,lesean mccoy,
Knowshon Moreno,Georgia,70.625,217,35.5,115.0,25.0,4.27,6.84,1.64,2.71,4.62,2009,RB,knowshon moreno,
Chris Ogbonnaya,Texas,71.75,220,35.0,111.0,19.0,4.29,6.85,1.64,2.71,4.65,2009,RB,chris ogbonnaya,
Branden Ore,West Liberty,70.875,214,36.0,112.0,21.0,4.44,7.35,1.67,2.75,4.69,2009,RB,branden ore,
Cedric Peerman,Virginia,69.5,216,40.0,117.0,27.0,4.29,6.99,1.54,2.63,4.45,2009,RB,cedric peerman,
Javon Ringer,Michigan State,69.125,205,34.0,115.0,23.0,4.11,6.87,1.6,2.65,4.6,2009,RB,javon ringer,
Bernard Scott,Abilene Christian,70.25,200,36.0,125.0,21.0,4.08,6.82,1.66,2.61,4.56,2009,RB,bernard scott,
Kory Sheets,Purdue,71.125,208,37.0,121.0,15.0,4.39,7.18,1.59,2.63,4.47,2009,RB,kory sheets,
Tyrell Sutton,Northwestern,68.0,211,33.0,114.0,,4.32,6.94,1.66,2.78,4.75,2009,RB,tyrell sutton,
Beanie Wells,Michigan State,73.0,235,33.5,128.0,25.0,,,1.6,2.7,4.59,2009,RB,beanie wells,
Javarris Williams,Tennessee State,69.5,223,33.5,116.0,25.0,,,1.59,2.66,4.52,2009,RB,javarris williams,
Joique Bell,Wayne State (MI),71.25,220,36.5,120.0,,4.17,6.84,1.62,2.75,4.71,2010,RB,joique bell,
Jahvid Best,California,70.125,199,32.5,113.0,18.0,4.17,6.75,1.51,2.55,4.35,2010,RB,jahvid best,
LeGarrette Blount,Oregon,72.5,241,35.0,117.0,18.0,4.49,6.85,1.66,2.86,4.74,2010,RB,legarrette blount,
Chris Brown,Oklahoma,70.375,210,36.0,115.0,17.0,,,1.6,,4.61,2010,RB,chris brown,
Anthony Dixon,Mississippi State,72.75,233,33.0,121.0,15.0,4.49,7.09,1.71,2.83,4.75,2010,RB,anthony dixon,
Andre Dixon,Connecticut,72.75,205,40.0,117.0,,4.19,6.99,1.6,2.75,4.63,2010,RB,andre dixon,
Jonathan Dwyer,Georgia Tech,71.25,229,33.0,107.0,15.0,4.67,7.56,1.68,2.79,4.68,2010,RB,jonathan dwyer,
Toby Gerhart,Stanford,72.0,231,38.0,118.0,22.0,4.25,6.94,1.62,2.7,4.6,2010,RB,toby gerhart,
Montario Hardesty,Tennessee,71.75,225,41.0,124.0,21.0,4.14,6.87,1.56,2.69,4.49,2010,RB,montario hardesty,
Brandon James,Florida,66.375,176,,,14.0,,,,,,2010,RB,brandon james,
Javarris James,Miami (FL),72.25,212,36.0,115.0,21.0,,,1.6,2.74,4.59,2010,RB,javarris james,
Stafon Johnson,Southern California,70.875,214,35.5,118.0,13.0,,,1.62,2.75,4.66,2010,RB,stafon johnson,
Darius Marshall,Marshall,69.25,190,35.5,109.0,14.0,4.39,,1.66,2.77,4.65,2010,RB,darius marshall,
Ryan Mathews,Fresno State,71.625,218,36.0,121.0,19.0,4.33,7.0,1.55,,4.45,2010,RB,ryan mathews,
Joe McKnight,Southern California,71.375,198,36.5,120.0,18.0,,,1.57,2.65,4.47,2010,RB,joe mcknight,
Shawnbrey McNeal,Southern Methodist,69.125,194,36.0,117.0,14.0,,,1.64,2.76,4.56,2010,RB,shawnbrey mcneal,
Lonyae Miller,Fresno State,71.5,221,36.5,120.0,26.0,4.54,7.2,1.61,2.74,4.53,2010,RB,lonyae miller,
Brandon Minor,Michigan,72.0,214,,,,,,,,,2010,RB,brandon minor,
Pat Paschall,North Dakota State,71.625,209,38.5,118.0,15.0,4.33,7.02,1.7,2.82,4.74,2010,RB,pat paschall,
Charles Scott,LSU,71.375,238,30.5,111.0,,4.47,6.98,1.69,2.78,4.72,2010,RB,charles scott,
C.J. Spiller,Clemson,70.625,196,,,18.0,,,1.55,2.57,4.37,2010,RB,c j spiller,
James Starks,Buffalo,74.125,218,36.0,119.0,15.0,4.23,6.89,1.61,2.69,4.5,2010,RB,james starks,
Ben Tate,Auburn,71.0,220,40.5,124.0,26.0,4.12,6.91,1.53,2.64,4.43,2010,RB,ben tate,
Keith Toston,Oklahoma State,71.75,213,32.0,110.0,22.0,4.67,,1.67,2.83,4.74,2010,RB,keith toston,
Keiland Williams,LSU,70.875,233,,,,,,,,,2010,RB,keiland williams,
Anthony Allen,Georgia Tech,72.75,228,41.5,120.0,24.0,4.06,6.79,1.57,2.55,4.61,2011,RB,anthony allen,109.0
Armando Allen,Notre Dame,68.25,199,,,23.0,,,,,,2011,RB,armando allen,
Matt Asiata,Utah,71.0,229,30.0,104.0,22.0,4.37,7.09,1.7,2.75,4.87,2011,RB,matt asiata,
Damien Berry,Miami (FL),70.25,211,33.5,120.0,23.0,4.12,7.0,1.6,2.62,4.62,2011,RB,damien berry,
Allen Bradford,Southern California,70.875,242,29.0,113.0,28.0,4.39,6.97,1.64,2.55,4.61,2011,RB,allen bradford,110.0
Delone Carter,Syracuse,68.625,222,37.0,120.0,27.0,4.07,6.92,1.57,2.65,4.58,2011,RB,delone carter,111.0
John Clay,Wisconsin,72.5,230,29.0,111.0,,,,1.69,2.72,4.92,2011,RB,john clay,
Graig Cooper,Miami (FL),70.0,205,,114.0,18.0,4.03,6.66,1.62,2.72,4.68,2011,RB,graig cooper,
Noel Devine,West Virginia,67.5,179,,,24.0,,,,,,2011,RB,noel devine,
Shaun Draughn,North Carolina,70.875,213,34.0,118.0,21.0,4.2,7.15,1.73,2.89,4.86,2011,RB,shaun draughn,
Darren Evans,Virginia Tech,72.0,227,35.0,111.0,26.0,4.46,6.96,1.63,2.73,4.62,2011,RB,darren evans,
Mario Fannin,Auburn,70.375,231,37.5,115.0,21.0,4.21,6.99,1.54,2.71,4.41,2011,RB,mario fannin,
Alex Green,Hawaii,72.25,225,34.0,114.0,20.0,4.15,6.91,1.58,2.69,4.55,2011,RB,alex green,112.0
Jamie Harper,Clemson,71.375,233,36.5,120.0,24.0,4.39,7.16,1.64,2.79,4.63,2011,RB,jamie harper,113.0
Roy Helu,Nebraska,71.5,219,36.5,119.0,11.0,4.01,6.67,1.5,2.64,4.44,2011,RB,roy helu,114.0
Kendall Hunter,Oklahoma State,67.25,199,35.0,122.0,24.0,4.21,6.74,1.6,2.67,4.57,2011,RB,kendall hunter,115.0
Mark Ingram,Alabama,69.125,215,31.5,118.0,21.0,4.62,7.13,1.62,2.7,4.66,2011,RB,mark ingram,116.0
Taiwan Jones,Eastern Washington,71.625,194,,,13.0,,,,,,2011,RB,taiwan jones,117.0
Mikel Leshoure,Illinois,71.625,227,38.0,122.0,21.0,4.4,6.82,1.64,2.72,4.65,2011,RB,mikel leshoure,118.0
Dion Lewis,Pittsburgh,66.625,193,34.5,112.0,17.0,4.18,6.9,1.6,2.68,4.62,2011,RB,dion lewis,119.0
Derrick Locke,Kentucky,68.25,188,37.5,118.0,16.0,4.15,6.98,1.6,2.66,4.5,2011,RB,derrick locke,
DeMarco Murray,Oklahoma,71.625,213,34.5,124.0,21.0,4.18,7.28,1.55,2.6,4.43,2011,RB,demarco murray,120.0
Bilal Powell,Louisville,70.5,207,,,18.0,,,,,,2011,RB,bilal powell,121.0
Stevan Ridley,LSU,71.25,225,36.0,118.0,18.0,4.21,6.78,1.66,2.77,4.73,2011,RB,stevan ridley,122.0
Jacquizz Rodgers,Oregon State,65.875,196,33.0,113.0,,4.26,7.31,1.67,2.74,4.7,2011,RB,jacquizz rodgers,123.0
Evan Royster,Penn State,71.625,212,34.0,113.0,20.0,4.18,7.07,1.69,2.77,4.73,2011,RB,evan royster,124.0
Brandon Saine,Ohio State,71.25,220,34.5,113.0,22.0,4.25,6.98,1.56,2.6,4.48,2011,RB,brandon saine,
DaRel Scott,Maryland,71.0,211,34.0,117.0,19.0,4.2,7.15,1.55,2.59,4.38,2011,RB,darel scott,
Vai Taua,Nevada,69.5,213,34.5,112.0,20.0,4.18,6.89,1.74,2.8,4.8,2011,RB,vai taua,
Daniel Thomas,Kansas State,72.25,230,,,21.0,,,,,,2011,RB,daniel thomas,125.0
Jordan Todman,Connecticut,68.875,203,38.0,126.0,25.0,4.18,7.24,1.55,2.63,4.5,2011,RB,jordan todman,126.0
Shane Vereen,California,70.25,210,34.0,115.0,31.0,4.28,6.95,1.62,2.66,4.55,2011,RB,shane vereen,127.0
Johnny White,North Carolina,69.875,209,32.5,117.0,,4.31,7.07,1.71,2.76,4.65,2011,RB,johnny white,128.0
Ryan Williams,Virginia Tech,69.375,212,40.0,123.0,19.0,4.18,6.96,1.65,2.71,4.64,2011,RB,ryan williams,129.0
Edwin Baker,Michigan State,68.0,204,35.0,111.0,20.0,4.31,7.27,1.65,2.7,4.53,2012,RB,edwin baker,130.0
Mike Ball,Nevada,68.5,206,36.0,112.0,21.0,4.23,7.1,1.64,2.74,4.65,2012,RB,mike ball,
Vick Ballard,Mississippi State,70.25,219,33.0,115.0,23.0,4.19,7.03,1.64,2.73,4.65,2012,RB,vick ballard,131.0
Brandon Bolden,Mississippi,70.875,222,38.0,119.0,21.0,4.44,6.96,1.63,2.74,4.66,2012,RB,brandon bolden,
Lennon Creer,Louisiana Tech,71.375,219,33.5,110.0,21.0,4.4,7.26,1.66,2.77,4.71,2012,RB,lennon creer,
Terrance Ganaway,Baylor,71.5,239,37.5,119.0,,4.25,7.15,1.66,2.76,4.67,2012,RB,terrance ganaway,132.0
Cyrus Gray,Texas AM,70.375,206,32.5,114.0,21.0,,7.17,1.6,2.64,4.47,2012,RB,cyrus gray,133.0
Jonas Gray,Notre Dame,69.75,223,,,20.0,,,,,,2012,RB,jonas gray,
Jewel Hampton,Southern Illinois,68.625,218,,,26.0,,,,,,2012,RB,jewel hampton,
Dan Herron,Ohio State,69.75,213,35.0,117.0,22.0,4.04,6.97,1.62,2.71,4.66,2012,RB,dan herron,134.0
Ronnie Hillman,San Diego State,68.75,200,37.0,,17.0,,,1.58,2.62,4.45,2012,RB,ronnie hillman,135.0
LaMichael James,Oregon,68.0,194,35.0,123.0,15.0,4.12,6.88,1.57,2.63,4.45,2012,RB,lamichael james,136.0
Doug Martin,Boise State,69.25,223,36.0,120.0,28.0,4.16,6.79,1.64,2.69,4.55,2012,RB,doug martin,137.0
Davin Meggett,Maryland,68.25,211,35.0,118.0,23.0,4.32,7.14,1.6,2.68,4.53,2012,RB,davin meggett,
Lamar Miller,Miami (FL),70.75,212,33.0,,,,,1.53,2.55,4.4,2012,RB,lamar miller,138.0
Alfred Morris,Florida Atlantic,69.875,219,35.5,117.0,16.0,4.19,7.01,1.63,2.75,4.67,2012,RB,alfred morris,139.0
Isaiah Pead,Cincinnati,70.125,197,33.0,116.0,,4.32,6.95,1.55,2.63,4.47,2012,RB,isaiah pead,140.0
Bernard Pierce,Temple,72.25,218,36.5,123.0,17.0,4.28,7.07,1.6,2.66,4.49,2012,RB,bernard pierce,141.0
Chris Polk,Washington,70.5,215,31.5,111.0,,4.21,7.13,1.65,2.74,4.57,2012,RB,chris polk,
Tauren Poole,Tennessee,70.0,205,34.0,118.0,24.0,4.19,7.36,1.58,2.66,4.54,2012,RB,tauren poole,
Chris Rainey,Florida,68.375,180,36.5,120.0,16.0,3.93,6.5,1.57,2.64,4.48,2012,RB,chris rainey,142.0
Trent Richardson,Alabama,69.25,228,,,,,,,,,2012,RB,trent richardson,143.0
Darrell Scott,South Florida,72.125,231,31.5,,,,,1.67,2.78,4.73,2012,RB,darrell scott,
Robert Turbin,Utah State,70.0,222,36.0,122.0,28.0,4.31,7.16,1.6,2.66,4.5,2012,RB,robert turbin,144.0
Marc Tyler,Southern California,70.625,219,30.5,110.0,19.0,,,1.69,2.82,4.76,2012,RB,marc tyler,
Fozzy Whittaker,Maryland,69.0,193,,,20.0,,,,,,2012,RB,fozzy whittaker,
David Wilson,Virginia Tech,69.625,206,41.0,132.0,,4.12,7.09,1.57,2.63,4.49,2012,RB,david wilson,145.0
C.J. Anderson,California,68.125,224,32.0,119.0,17.0,4.12,7.15,1.57,2.67,4.6,2013,RB,c j anderson,
Montee Ball,Wisconsin,70.5,214,32.0,118.0,15.0,4.4,6.88,1.62,2.72,4.66,2013,RB,montee ball,146.0
Kenjon Barner,Oregon,69.25,196,35.5,122.0,20.0,4.2,6.87,1.64,2.7,4.52,2013,RB,kenjon barner,147.0
LeVeon Bell,Michigan State,73.375,230,31.5,118.0,24.0,4.24,6.75,1.57,2.64,4.6,2013,RB,leveon bell,
Giovani Bernard,North Carolina,68.375,202,33.5,122.0,19.0,4.12,6.91,1.56,2.64,4.53,2013,RB,giovani bernard,148.0
Rex Burkhead,Nebraska,70.25,214,39.0,125.0,21.0,4.09,6.85,1.63,2.73,4.73,2013,RB,rex burkhead,149.0
Knile Davis,Arkansas,71.375,227,33.5,121.0,31.0,4.38,6.96,1.54,2.57,4.37,2013,RB,knile davis,150.0
Andre Ellington,Clemson,69.25,199,34.0,122.0,,,,1.57,2.64,4.61,2013,RB,andre ellington,151.0
Michael Ford,LSU,69.5,210,38.5,130.0,25.0,4.25,6.87,1.58,2.64,4.5,2013,RB,michael ford,
Johnathan Franklin,UCLA,70.0,205,31.5,115.0,18.0,4.31,6.89,1.56,2.62,4.49,2013,RB,johnathan franklin,152.0
Mike Gillislee,Florida,71.125,208,30.5,119.0,15.0,4.4,7.12,1.62,2.68,4.55,2013,RB,mike gillislee,153.0
Ray Graham,Pittsburgh,69.125,199,32.5,112.0,18.0,4.21,7.17,1.73,2.83,4.8,2013,RB,ray graham,
D.J. Harper,Boise State,69.125,211,33.5,120.0,23.0,4.35,7.07,1.56,2.63,4.52,2013,RB,d j harper,
Montel Harris,Temple,68.25,208,32.5,113.0,19.0,4.18,6.95,1.61,2.71,4.68,2013,RB,montel harris,
Mike James,Miami (FL),70.5,223,35.0,115.0,28.0,4.62,,1.6,2.66,4.53,2013,RB,mike james,154.0
Jawan Jamison,Rutgers,67.375,203,29.0,110.0,20.0,,,1.66,2.72,4.68,2013,RB,jawan jamison,155.0
Stefphon Jefferson,Nevada,70.5,213,31.0,117.0,15.0,4.44,6.97,1.63,2.72,4.68,2013,RB,stefphon jefferson,
Eddie Lacy,Alabama,71.0,231,,,,,,,,,2013,RB,eddie lacy,156.0
Marcus Lattimore,South Carolina,71.25,221,,,,,,,,,2013,RB,marcus lattimore,157.0
Miguel Maysonet,Stony Brook,69.0,209,,,20.0,4.43,7.21,,,,2013,RB,miguel maysonet,
Onterio McCalebb,Auburn,70.25,168,34.0,121.0,,,,1.54,2.54,4.34,2013,RB,onterio mccalebb,
Christine Michael,Texas AM,70.0,220,43.0,125.0,27.0,4.02,6.69,1.56,2.63,4.54,2013,RB,christine michael,158.0
Joseph Randle,Oklahoma State,72.0,204,35.0,123.0,,,,1.63,2.69,4.63,2013,RB,joseph randle,159.0
Theo Riddick,Notre Dame,70.125,201,32.0,118.0,,,,1.59,2.69,4.68,2013,RB,theo riddick,160.0
Robbie Rouse,Fresno State,65.75,190,34.0,114.0,15.0,4.25,6.97,1.69,2.79,4.8,2013,RB,robbie rouse,
Zac Stacy,Vanderbilt,68.375,216,33.0,122.0,27.0,4.17,6.7,1.57,2.68,4.55,2013,RB,zac stacy,161.0
Stepfan Taylor,Stanford,69.125,214,30.0,110.0,17.0,4.5,7.13,1.65,2.79,4.76,2013,RB,stepfan taylor,162.0
Chris Thompson,Florida State,67.125,192,,,21.0,,,,,,2013,RB,chris thompson,163.0
Matthew Tucker,Texas Christian,72.375,221,35.5,118.0,17.0,,,1.54,2.62,4.55,2013,RB,matthew tucker,
Spencer Ware,LSU,70.125,228,,,,,,,,,2013,RB,spencer ware,164.0
Kerwynn Williams,Utah State,68.125,195,35.0,118.0,17.0,4.15,7.15,1.63,2.65,4.48,2013,RB,kerwynn williams,165.0
George Winn,Cincinnati,70.5,218,34.5,119.0,22.0,,,1.68,2.75,4.75,2013,RB,george winn,
Cierre Wood,Notre Dame,71.25,213,37.5,124.0,16.0,,,1.59,2.68,4.56,2013,RB,cierre wood,
Antonio Andrews,Western Kentucky,70.125,225,29.5,106.0,20.0,4.49,7.24,1.72,2.83,4.82,2014,RB,antonio andrews,
George Atkinson,Notre Dame,73.375,218,38.0,121.0,19.0,4.46,7.07,1.61,2.64,4.48,2014,RB,george atkinson,
Kapri Bibbs,Colorado State,69.375,212,29.0,106.0,24.0,,,1.58,2.65,4.67,2014,RB,kapri bibbs,
Alfred Blue,LSU,74.375,223,32.0,121.0,13.0,4.5,7.15,1.59,2.67,4.63,2014,RB,alfred blue,166.0
KaDeem Carey,North Carolina State,69.375,207,32.5,115.0,19.0,4.38,7.08,1.59,2.72,4.7,2014,RB,kadeem carey,
Tim Cornett,UNLV,72.25,209,34.5,125.0,,4.26,7.01,1.6,2.63,4.48,2014,RB,tim cornett,
Isaiah Crowell,Alabama State,71.0,224,38.0,117.0,23.0,,,1.55,2.65,4.57,2014,RB,isaiah crowell,
Tim Flanders,Sam Houston State,68.625,207,32.0,113.0,20.0,,7.07,1.65,2.75,4.75,2014,RB,tim flanders,
David Fluellen,Toledo,71.125,224,36.5,120.0,,,6.9,1.66,2.78,4.72,2014,RB,david fluellen,
Devonta Freeman,Florida State,68.25,206,31.5,118.0,,4.26,7.11,1.66,2.69,4.58,2014,RB,devonta freeman,167.0
Tyler Gaffney,Stanford,71.5,220,36.5,116.0,,4.18,6.78,1.51,2.58,4.49,2014,RB,tyler gaffney,168.0
Marion Grice,Arizona State,72.0,208,,,,,,,,,2014,RB,marion grice,169.0
Jeremy Hill,LSU,72.625,233,29.0,113.0,20.0,,,1.65,2.73,4.66,2014,RB,jeremy hill,170.0
Carlos Hyde,Ohio State,71.875,230,34.5,114.0,19.0,,,1.69,2.77,4.66,2014,RB,carlos hyde,171.0
Storm Johnson,Central Florida,71.625,209,35.5,118.0,16.0,,,1.67,2.72,4.6,2014,RB,storm johnson,172.0
Henry Josey,Missouri,68.125,194,34.5,118.0,20.0,4.13,7.07,1.58,2.6,4.43,2014,RB,henry josey,
Tre Mason,Auburn,68.5,207,38.5,126.0,,4.15,,1.55,2.6,4.5,2014,RB,tre mason,173.0
Jerick McKinnon,Georgia Southern,68.875,209,40.5,132.0,32.0,4.12,6.83,1.55,2.57,4.41,2014,RB,jerick mckinnon,174.0
Adam Muema,San Diego State,69.625,202,,,,,,,,,2014,RB,adam muema,
LaDarius Perkins,Mississippi State,67.375,195,35.5,124.0,23.0,4.3,7.08,1.57,2.61,4.46,2014,RB,ladarius perkins,
Silas Redd,Southern California,69.75,212,37.0,122.0,18.0,,,1.64,2.7,4.7,2014,RB,silas redd,
Bishop Sankey,Washington,69.5,209,35.5,126.0,26.0,4.0,6.75,1.53,2.61,4.49,2014,RB,bishop sankey,175.0
Lache Seastrunk,Baylor,69.5,201,41.5,134.0,15.0,,,1.6,2.64,4.51,2014,RB,lache seastrunk,176.0
Charles Sims,West Virginia,72.0,214,37.5,126.0,17.0,4.3,7.16,1.57,2.6,4.48,2014,RB,charles sims,177.0
Jerome Smith,Syracuse,71.125,220,36.0,118.0,14.0,4.6,7.53,1.68,2.82,4.84,2014,RB,jerome smith,
Lorenzo Taliaferro,Coastal Carolina,72.25,229,33.0,118.0,18.0,4.22,6.88,1.6,2.68,4.58,2014,RB,lorenzo taliaferro,178.0
DeAnthony Thomas,Nebraska,68.625,174,32.0,124.0,8.0,,,1.63,2.67,4.5,2014,RB,deanthony thomas,
Terrance West,Towson,69.25,225,33.5,120.0,16.0,,,1.63,2.7,4.54,2014,RB,terrance west,179.0
James White,Wisconsin,69.125,204,32.0,114.0,23.0,4.2,7.05,1.6,2.66,4.57,2014,RB,james white,180.0
"James Wilder, Jr.",Florida State,74.625,232,35.0,121.0,18.0,4.24,6.92,1.74,2.88,4.86,2014,RB,james wilder,
Andre Williams,Boston College,71.375,230,38.0,129.0,,4.06,7.27,1.6,2.64,4.56,2014,RB,andre williams,181.0
Damien Williams,Oklahoma,71.25,222,35.5,121.0,16.0,4.25,7.37,1.56,2.61,4.45,2014,RB,damien williams,
Ameer Abdullah,Nebraska,68.75,205,42.5,130.0,24.0,3.95,6.79,1.6,2.68,4.6,2015,RB,ameer abdullah,182.0
Jay Ajayi,Boise State,71.75,221,39.0,121.0,19.0,4.1,7.1,1.59,2.66,4.57,2015,RB,jay ajayi,183.0
Javorius Allen,Southern California,72.5,221,35.5,121.0,11.0,4.28,6.96,1.58,2.64,4.53,2015,RB,javorius allen,184.0
Cameron Artis-Payne,Auburn,69.75,212,36.5,118.0,,,7.13,1.61,2.67,4.53,2015,RB,cameron artis payne,185.0
Dominique Brown,Louisville,73.875,234,,,17.0,,,,,,2015,RB,dominique brown,
Malcolm Brown,Texas,71.375,224,34.5,117.0,19.0,4.15,6.86,1.64,2.71,4.62,2015,RB,malcolm brown,
B.J. Catalon,Texas Christian,67.375,186,36.0,114.0,,4.15,6.9,1.68,2.74,4.57,2015,RB,b j catalon,
David Cobb,Minnesota,70.875,229,38.5,121.0,17.0,,,1.64,2.72,4.81,2015,RB,david cobb,186.0
Tevin Coleman,Indiana,71.375,206,,,22.0,,,,,,2015,RB,tevin coleman,187.0
John Crockett,North Dakota State,71.75,217,40.0,125.0,15.0,4.25,7.15,1.54,2.68,4.62,2015,RB,john crockett,
Mike Davis,South Carolina,69.125,217,34.0,116.0,17.0,4.18,7.0,1.53,2.68,4.61,2015,RB,mike davis,188.0
Michael Dyer,Louisville,68.5,218,34.0,120.0,26.0,,,1.62,2.74,4.58,2015,RB,michael dyer,
Jahwan Edwards,Ball State,69.5,220,35.5,117.0,16.0,4.5,7.63,1.75,2.83,4.8,2015,RB,jahwan edwards,
Melvin Gordon,Wisconsin,72.625,215,35.0,126.0,19.0,4.07,7.04,1.62,2.66,4.52,2015,RB,melvin gordon,189.0
Todd Gurley,Georgia,72.625,222,,,17.0,,,,,,2015,RB,todd gurley,190.0
Dee Hart,Colorado State,67.5,199,33.0,113.0,,4.38,7.2,1.72,2.85,4.8,2015,RB,dee hart,
Braylon Heard,Kentucky,69.625,198,30.5,116.0,19.0,4.4,7.19,1.63,2.68,4.63,2015,RB,braylon heard,
Kenny Hilliard,LSU,71.625,226,27.0,111.0,,4.4,7.17,1.72,2.82,4.83,2015,RB,kenny hilliard,191.0
Gus Johnson,Stephen F. Austin,69.625,215,36.5,120.0,26.0,4.13,7.09,1.63,2.72,4.7,2015,RB,gus johnson,
David Johnson,Northern Iowa,72.625,224,41.5,127.0,25.0,4.27,6.82,1.57,2.61,4.5,2015,RB,david johnson,192.0
Duke Johnson,Miami (FL),69.125,207,33.5,121.0,,,,1.6,2.64,4.54,2015,RB,duke johnson,193.0
Matt Jones,Florida,74.375,231,31.5,112.0,20.0,4.2,,1.64,2.72,4.61,2015,RB,matt jones,194.0
Jeremy Langford,Michigan State,71.625,208,34.5,118.0,,4.32,7.22,1.55,2.58,4.42,2015,RB,jeremy langford,195.0
Terrence Magee,LSU,68.5,213,37.0,115.0,22.0,4.37,7.52,,,,2015,RB,terrence magee,
Marcus Murphy,Missouri,68.625,198,29.0,109.0,11.0,4.4,,1.68,2.72,4.61,2015,RB,marcus murphy,196.0
Thomas Rawls,Central Michigan,69.0,215,35.5,116.0,15.0,,,1.69,2.76,4.65,2015,RB,thomas rawls,
Josh Robinson,Mississippi State,67.875,217,32.0,113.0,21.0,,,1.66,2.76,4.7,2015,RB,josh robinson,197.0
Trey Williams,Texas AM,67.5,195,33.5,119.0,18.0,4.12,6.84,1.61,2.64,4.49,2015,RB,trey williams,
Karlos Williams,Florida State,72.75,230,33.5,117.0,16.0,4.46,7.16,1.6,2.66,4.48,2015,RB,karlos williams,198.0
T.J. Yeldon,Alabama,73.25,226,36.0,117.0,22.0,4.22,7.19,1.63,2.71,4.61,2015,RB,t j yeldon,199.0
Peyton Barber,Auburn,70.0,228,32.5,111.0,20.0,4.21,7.0,1.64,2.7,4.64,2016,RB,peyton barber,
Devontae Booker,Utah,70.75,219,,,22.0,,,,,,2016,RB,devontae booker,200.0
Tra Carson,Texas AM,71.25,227,,,19.0,,,,,,2016,RB,tra carson,
Alex Collins,Arkansas,70.0,217,28.5,113.0,18.0,,,1.62,2.7,4.59,2016,RB,alex collins,201.0
Marshaun Coprich,Illinois State,68.0,207,34.0,112.0,17.0,4.58,7.26,1.55,2.58,4.47,2016,RB,marshaun coprich,
Kenneth Dixon,Louisiana Tech,70.125,215,37.5,121.0,18.0,4.28,6.97,1.57,2.73,4.56,2016,RB,kenneth dixon,202.0
Kenyan Drake,Alabama,72.625,210,34.5,123.0,10.0,4.21,7.04,1.64,2.64,4.45,2016,RB,kenyan drake,203.0
Ezekiel Elliott,Ohio State,71.75,225,32.5,118.0,,,,1.58,2.62,4.47,2016,RB,ezekiel elliott,204.0
Tyler Ervin,San Jose State,69.875,192,39.0,130.0,17.0,,,1.56,2.59,4.41,2016,RB,tyler ervin,205.0
Josh Ferguson,Illinois,69.5,198,34.5,120.0,21.0,,,1.54,2.58,4.48,2016,RB,josh ferguson,
D.J. Foster,Arizona State,70.25,193,35.5,117.0,14.0,4.07,6.75,1.58,2.65,4.57,2016,RB,d j foster,
Derrick Henry,Alabama,74.625,247,37.0,130.0,22.0,4.38,7.2,1.6,2.67,4.54,2016,RB,derrick henry,206.0
Jordan Howard,Indiana,71.875,230,34.0,122.0,16.0,,,,,,2016,RB,jordan howard,207.0
Devon Johnson,Marshall,72.5,238,,,,,,,,,2016,RB,devon johnson,
Daniel Lasco,California,72.25,209,41.5,135.0,23.0,4.26,7.22,1.54,2.57,4.46,2016,RB,daniel lasco,208.0
Tre Madden,Southern California,72.25,223,,,24.0,,,,,,2016,RB,tre madden,
Keith Marshall,Georgia,71.375,219,30.5,,25.0,,,1.49,2.51,4.31,2016,RB,keith marshall,209.0
Paul Perkins,UCLA,70.375,208,32.0,124.0,19.0,,,1.62,2.69,4.54,2016,RB,paul perkins,210.0
C.J. Prosise,Notre Dame,72.5,220,35.5,121.0,,,,1.57,2.64,4.48,2016,RB,c j prosise,211.0
Wendell Smallwood,West Virginia,70.5,208,33.5,120.0,14.0,4.28,6.83,1.57,2.63,4.47,2016,RB,wendell smallwood,212.0
Kelvin Taylor,Florida,70.25,207,32.0,113.0,15.0,,,1.59,2.63,4.6,2016,RB,kelvin taylor,213.0
Shadrach Thornton,North Carolina State,71.625,217,31.0,116.0,12.0,4.21,6.85,1.67,2.75,4.75,2016,RB,shadrach thornton,
DeAndre Washington,Texas Tech,68.25,204,34.5,118.0,24.0,4.2,7.03,1.55,2.61,4.49,2016,RB,deandre washington,214.0
Brandon Wilds,South Carolina,72.75,220,36.5,118.0,21.0,4.33,7.08,1.58,2.62,4.54,2016,RB,brandon wilds,
Jonathan Williams,Arkansas,70.75,220,,,16.0,,,,,,2016,RB,jonathan williams,215.0
Chris Carson,Oklahoma State,72.25,218,37.0,130.0,23.0,,,1.6,2.66,4.58,2017,RB,chris carson,216.0
Corey Clement,Wisconsin,70.25,220,28.5,115.0,19.0,,,1.62,2.71,4.68,2017,RB,corey clement,
Tarik Cohen,North Carolina AT,66.375,179,31.5,118.0,11.0,,,1.54,2.59,4.42,2017,RB,tarik cohen,217.0
James Conner,Pittsburgh,73.25,233,29.0,113.0,20.0,,,1.63,2.69,4.65,2017,RB,james conner,218.0
Dalvin Cook,Florida State,71.125,210,30.5,116.0,22.0,4.53,7.27,1.59,2.63,4.49,2017,RB,dalvin cook,219.0
Justin Davis,Southern California,72.625,208,,,21.0,,,,,,2017,RB,justin davis,
Matthew Dayes,North Carolina State,68.625,205,28.0,109.0,18.0,,,,,,2017,RB,matthew dayes,220.0
DOnta Foreman,Texas,72.25,233,,,18.0,,,,,,2017,RB,donta foreman,
Leonard Fournette,LSU,72.125,240,28.5,,,,,1.59,2.65,4.51,2017,RB,leonard fournette,221.0
Wayne Gallman,Clemson,72.25,215,29.5,120.0,21.0,4.28,7.17,1.6,2.67,4.57,2017,RB,wayne gallman,222.0
DeAngelo Henderson,Coastal Carolina,67.5,208,34.0,120.0,20.0,,,1.53,2.58,4.48,2017,RB,deangelo henderson,
Brian Hill,Wyoming,72.625,219,34.0,125.0,15.0,4.32,7.03,1.62,2.65,4.54,2017,RB,brian hill,223.0
Elijah Hood,North Carolina,71.75,232,,,18.0,,,,,,2017,RB,elijah hood,224.0
Kareem Hunt,Toledo,70.5,216,36.5,119.0,18.0,,,1.59,2.67,4.62,2017,RB,kareem hunt,225.0
Aaron Jones,Texas-El Paso,69.125,208,37.5,127.0,16.0,4.2,6.82,1.51,2.57,4.49,2017,RB,aaron jones,226.0
Alvin Kamara,Tennessee,69.75,214,39.5,131.0,15.0,,,1.55,2.61,4.53,2017,RB,alvin kamara,227.0
T.J. Logan,North Carolina,69.125,196,33.5,121.0,17.0,,,1.57,2.59,4.37,2017,RB,t j logan,228.0
Marlon Mack,South Florida,70.75,213,35.5,125.0,15.0,,,1.55,2.61,4.5,2017,RB,marlon mack,229.0
Christian McCaffrey,Stanford,71.25,202,37.5,121.0,10.0,4.22,6.57,1.55,2.6,4.48,2017,RB,christian mccaffrey,230.0
Elijah McGuire,Louisiana,69.75,214,36.0,120.0,15.0,4.56,7.26,1.61,2.65,4.52,2017,RB,elijah mcguire,231.0
Jeremy McNichols,Boise State,68.625,214,35.5,121.0,,4.28,6.93,1.55,2.62,4.49,2017,RB,jeremy mcnichols,232.0
Dare Ogunbowale,Wisconsin,70.75,213,35.0,120.0,14.0,4.34,6.99,1.62,2.72,4.65,2017,RB,dare ogunbowale,
Samaje Perine,Oklahoma,70.625,233,33.0,116.0,30.0,4.37,7.26,1.62,2.7,4.65,2017,RB,samaje perine,233.0
Donnel Pumphrey,San Diego State,68.25,176,33.5,117.0,5.0,,,1.54,2.61,4.48,2017,RB,donnel pumphrey,234.0
Devine Redding,Indiana,68.25,205,30.5,116.0,16.0,4.46,7.18,1.63,2.78,4.76,2017,RB,devine redding,
Rushel Shell III,West Virginia,69.625,227,32.5,,21.0,,,1.71,2.81,4.74,2017,RB,rushel shell,
DeVeon Smith,Michigan,70.875,223,29.0,108.0,22.0,4.56,7.3,,,,2017,RB,deveon smith,
Jahad Thomas,Temple,69.625,190,32.0,116.0,11.0,,,1.59,2.7,4.62,2017,RB,jahad thomas,
Stanley Williams,Kentucky,67.125,190,36.0,121.0,18.0,4.18,6.86,1.58,2.6,4.43,2017,RB,stanley williams,
Joe Williams,Utah,70.75,210,35.0,125.0,14.0,4.19,7.19,1.58,2.62,4.41,2017,RB,joe williams,235.0
Jamaal Williams,Brigham Young,72.0,212,30.0,123.0,,4.53,7.25,1.6,2.68,4.59,2017,RB,jamaal williams,236.0
Josh Adams,Notre Dame,73.625,213,,,18.0,,,,,,2018,RB,josh adams,
Kalen Ballage,Arizona State,73.5,228,33.5,122.0,15.0,4.35,6.91,1.54,2.61,4.46,2018,RB,kalen ballage,237.0
Saquon Barkley,Penn State,72.0,233,41.0,,29.0,4.24,,1.54,2.57,4.4,2018,RB,saquon barkley,238.0
Nick Chubb,Georgia,70.875,227,38.5,128.0,29.0,4.25,7.09,1.62,2.67,4.52,2018,RB,nick chubb,239.0
Lavon Coleman,Washington,70.75,215,33.0,120.0,23.0,,,1.61,2.71,4.65,2018,RB,lavon coleman,
Justin Crawford,West Virginia,71.375,199,33.5,122.0,11.0,,,1.62,2.71,4.64,2018,RB,justin crawford,
Chase Edmonds,Fordham,69.125,205,34.0,122.0,19.0,4.07,6.79,1.58,2.66,4.55,2018,RB,chase edmonds,240.0
Quinton Flowers,South Florida,70.375,214,,112.0,,4.57,6.81,1.58,2.7,4.63,2018,RB,quinton flowers,
Jarvion Franklin,Western Michigan,71.5,239,30.0,109.0,18.0,4.31,6.93,1.6,2.68,4.63,2018,RB,jarvion franklin,
Royce Freeman,Oregon,71.5,229,34.0,118.0,17.0,4.16,6.9,1.6,2.66,4.54,2018,RB,royce freeman,241.0
Derrius Guice,LSU,70.5,224,31.5,,15.0,,,1.55,2.62,4.49,2018,RB,derrius guice,242.0
Kyle Hicks,Texas Christian,69.625,204,36.5,122.0,13.0,,,1.59,2.67,4.63,2018,RB,kyle hicks,
Nyheim Hines,North Carolina State,68.375,198,35.5,119.0,,4.35,7.18,1.52,2.55,4.38,2018,RB,nyheim hines,243.0
Justin Jackson,Northwestern,71.625,199,38.5,122.0,13.0,4.07,6.81,1.57,2.62,4.5,2018,RB,justin jackson,244.0
Kerryon Johnson,Auburn,71.5,213,40.0,126.0,11.0,4.29,7.07,,,,2018,RB,kerryon johnson,245.0
Ronald Jones II,Southern California,71.0,205,36.5,,,,,,,,2018,RB,ronald jones,246.0
John Kelly,Tennessee,69.875,216,35.0,120.0,15.0,4.51,7.13,,,,2018,RB,john kelly,247.0
Sony Michel,Georgia,70.625,214,,,22.0,4.21,,1.56,2.62,4.54,2018,RB,sony michel,248.0
Rashaad Penny,San Diego State,71.0,220,32.5,120.0,13.0,,,1.58,2.63,4.46,2018,RB,rashaad penny,249.0
Kamryn Pettway,Auburn,71.75,233,33.5,116.0,22.0,,,1.64,2.72,4.74,2018,RB,kamryn pettway,
Demario Richard,Arizona State,68.75,218,29.5,115.0,12.0,,,1.66,2.76,4.7,2018,RB,demario richard,
Bo Scarbrough,Alabama,73.375,228,40.0,129.0,14.0,4.34,,1.56,2.65,4.52,2018,RB,bo scarbrough,250.0
Roc Thomas,Jacksonville State,70.125,198,35.5,125.0,16.0,,,1.64,2.68,4.56,2018,RB,roc thomas,
Akrum Wadley,Iowa,69.875,194,32.0,,12.0,,,1.56,2.64,4.54,2018,RB,akrum wadley,
Mark Walton,Miami (FL),69.625,202,31.5,118.0,18.0,,,1.57,2.64,4.6,2018,RB,mark walton,251.0
Chris Warren III,Texas,74.0,247,33.0,121.0,25.0,4.18,6.98,1.66,2.74,4.69,2018,RB,chris warren,
Jordan Wilkins,Mississippi,72.625,216,36.0,117.0,16.0,4.27,,,,4.71,2018,RB,jordan wilkins,252.0
Darrel Williams,LSU,71.625,225,32.0,109.0,22.0,4.21,,1.61,2.71,4.72,2018,RB,darrel williams,
Jeffrey Wilson,North Texas,71.875,208,,,15.0,,,,,,2018,RB,jeffrey wilson,
Rodney Anderson,Oklahoma,72.375,224,,,25.0,,,,,,2019,RB,rodney anderson,253.0
Ryquell Armstead,Temple,71.25,220,30.0,114.0,22.0,4.29,7.02,1.57,2.61,4.45,2019,RB,ryquell armstead,254.0
Alex Barnes,Kansas State,72.375,226,38.5,126.0,34.0,4.1,6.95,1.57,2.68,4.59,2019,RB,alex barnes,
Nick Brossette,LSU,71.25,210,35.5,118.0,15.0,4.44,7.38,1.66,2.69,4.72,2019,RB,nick brossette,
Myles Gaskin,Washington,69.25,205,35.5,118.0,24.0,4.27,7.19,1.58,2.68,4.58,2019,RB,myles gaskin,255.0
Damien Harris,Alabama,70.125,216,37.0,121.0,16.0,,,1.61,2.71,4.57,2019,RB,damien harris,256.0
Darrell Henderson,Memphis,68.375,208,33.5,121.0,22.0,,,1.42,2.48,4.53,2019,RB,darrell henderson,257.0
Karan Higdon,Michigan,69.125,206,34.0,123.0,21.0,,,1.56,2.61,4.49,2019,RB,karan higdon,
Justice Hill,Oklahoma State,69.625,198,40.0,130.0,21.0,,,1.56,2.6,4.4,2019,RB,justice hill,258.0
Elijah Holyfield,Georgia,70.375,215,29.5,118.0,26.0,,,1.69,2.79,4.78,2019,RB,elijah holyfield,
Travis Homer,Miami (FL),70.375,201,39.5,130.0,17.0,4.31,7.07,1.57,2.61,4.48,2019,RB,travis homer,259.0
Josh Jacobs,Alabama,70.0,220,,,,,,,,,2019,RB,josh jacobs,260.0
Bryce Love,Stanford,68.875,200,,,18.0,,,,,,2019,RB,bryce love,261.0
Alexander Mattison,Boise State,70.875,218,35.0,127.0,22.0,4.29,7.13,1.61,2.71,4.67,2019,RB,alexander mattison,262.0
David Montgomery,Iowa State,70.125,222,28.5,121.0,15.0,,,1.61,2.7,4.63,2019,RB,david montgomery,263.0
Jalin Moore,Appalachian State,70.0,207,,,27.0,,,,,,2019,RB,jalin moore,
Qadree Ollison,Pittsburgh,72.625,228,29.5,114.0,19.0,4.31,7.53,1.63,2.68,4.58,2019,RB,qadree ollison,264.0
Miles Sanders,Penn State,70.625,211,36.0,124.0,20.0,4.19,6.89,1.57,2.61,4.49,2019,RB,miles sanders,265.0
Jordan Scarlett,Florida,70.375,207,30.0,116.0,21.0,4.63,7.37,1.58,2.61,4.47,2019,RB,jordan scarlett,266.0
LJ Scott,Michigan State,72.375,227,33.0,120.0,21.0,4.34,7.27,,,,2019,RB,lj scott,
Devin Singletary,Florida Atlantic,67.625,203,35.0,117.0,15.0,4.4,7.32,1.64,2.73,4.66,2019,RB,devin singletary,267.0
Benny Snell Jr.,Kentucky,70.375,225,29.5,119.0,16.0,4.33,7.07,1.65,2.73,4.66,2019,RB,benny snell,268.0
Mike Weber,Ohio State,69.625,211,33.5,,22.0,,,1.54,2.61,4.47,2019,RB,mike weber,269.0
James Williams,Washington State,69.5,197,36.5,118.0,,4.25,7.01,1.59,2.65,4.58,2019,RB,james williams,
Dexter Williams,Notre Dame,71.125,212,36.0,130.0,17.0,4.16,7.0,1.61,2.67,4.57,2019,RB,dexter williams,270.0
Trayveon Williams,Texas AM,68.125,206,33.0,121.0,19.0,4.44,7.44,1.58,2.63,4.51,2019,RB,trayveon williams,271.0
Salvon Ahmed,Washington,70.875,197,34.5,120.0,,,,1.61,2.69,4.62,2020,RB,salvon ahmed,
Cam Akers,Florida State,70.375,217,35.5,122.0,20.0,4.42,,1.47,2.62,4.47,2020,RB,cam akers,272.0
Darius Anderson,Texas Christian,70.5,208,36.0,128.0,19.0,4.19,,1.57,2.72,4.61,2020,RB,darius anderson,
LeVante Bellamy,Western Michigan,68.875,192,39.5,125.0,16.0,,,1.58,2.67,4.5,2020,RB,levante bellamy,
Eno Benjamin,Arizona State,68.875,207,39.0,122.0,12.0,4.25,6.97,1.62,2.69,4.57,2020,RB,eno benjamin,273.0
Raymond Calais,Louisiana,67.875,188,37.5,120.0,20.0,,,1.56,2.6,4.42,2020,RB,raymond calais,274.0
DeeJay Dallas,Miami (FL),70.125,217,33.5,119.0,,4.32,7.18,1.63,2.68,4.58,2020,RB,deejay dallas,275.0
AJ Dillon,Boston College,72.375,247,41.0,131.0,23.0,,7.19,1.64,2.69,4.53,2020,RB,aj dillon,276.0
J.K. Dobbins,Ohio State,69.5,209,,,23.0,,,,,,2020,RB,j k dobbins,277.0
Rico Dowdle,South Carolina,71.25,213,38.0,127.0,,,,1.62,2.68,4.54,2020,RB,rico dowdle,
Clyde Edwards-Helaire,LSU,67.25,207,39.5,123.0,15.0,,,1.6,2.68,4.6,2020,RB,clyde edwards helaire,278.0
Darrynton Evans,Appalachian State,70.125,203,37.0,125.0,20.0,,,1.58,2.6,4.41,2020,RB,darrynton evans,279.0
Antonio Gibson,Memphis,72.375,228,35.0,118.0,16.0,,,1.55,2.57,4.39,2020,RB,antonio gibson,280.0
JaMycal Hasty,Baylor,68.0,205,39.0,123.0,15.0,4.03,,1.61,2.67,4.55,2020,RB,jamycal hasty,
Brian Herrien,Georgia,71.125,209,38.5,126.0,18.0,4.4,7.12,1.62,2.7,4.62,2020,RB,brian herrien,
Tony Jones Jr,Notre Dame,70.5,220,32.5,119.0,13.0,4.21,7.18,1.61,2.72,4.68,2020,RB,tony jones,
Joshua Kelley,UCLA,70.625,212,31.0,121.0,23.0,4.28,6.95,1.61,2.65,4.49,2020,RB,joshua kelley,281.0
Javon Leake,Maryland,72.125,215,34.0,125.0,,,,1.7,2.75,4.65,2020,RB,javon leake,
Benny LeMay,Charlotte,68.125,221,28.5,112.0,24.0,,,1.71,2.8,4.75,2020,RB,benny lemay,
Anthony McFarland Jr.,Maryland,68.125,208,29.5,116.0,,,,1.59,2.65,4.44,2020,RB,anthony mcfarland,282.0
Zack Moss,Utah,69.375,223,33.0,,19.0,4.37,,1.67,2.78,4.65,2020,RB,zack moss,283.0
Lamical Perine,Florida,70.75,216,35.0,118.0,22.0,4.31,7.13,1.66,2.74,4.62,2020,RB,lamical perine,
Malcolm Perry,Navy,69.5,186,36.0,122.0,10.0,4.31,7.12,1.7,2.75,4.63,2020,RB,malcolm perry,284.0
Scottie Phillips,Mississippi,68.0,209,30.0,114.0,29.0,4.53,7.4,1.6,2.68,4.56,2020,RB,scottie phillips,
James Robinson,Illinois State,69.0,219,40.0,125.0,24.0,4.19,7.03,1.61,2.71,4.64,2020,RB,james robinson,
DAndre Swift,Georgia,68.25,212,35.5,121.0,,,,1.59,2.64,4.48,2020,RB,dandre swift,
Jonathan Taylor,Wisconsin,70.25,226,36.0,123.0,17.0,4.24,7.01,1.54,2.56,4.39,2020,RB,jonathan taylor,285.0
J.J. Taylor,Arizona,65.25,185,34.5,118.0,19.0,4.15,7.0,1.59,2.7,4.61,2020,RB,j j taylor,
Patrick Taylor Jr.,Memphis,73.5,217,34.0,123.0,15.0,4.34,,1.59,2.69,4.57,2020,RB,patrick taylor,
KeShawn Vaughn,Vanderbilt,69.625,214,32.0,117.0,,,,1.62,2.66,4.51,2020,RB,keshawn vaughn,
Michael Warren II,Cincinnati,69.125,226,,,16.0,,,,,,2020,RB,michael warren,
Sean Berton,North Carolina State,76.375,279,31.0,107.0,,4.35,7.18,1.72,2.92,5.04,2003,TE,sean berton,
Dallas Clark,Iowa,75.375,257,37.5,123.0,,,,,,,2003,TE,dallas clark,
Dan Curley,Eastern Washington,76.0,254,35.5,118.0,17.0,4.53,7.47,1.58,2.73,4.66,2003,TE,dan curley,
Zach Hilton,North Carolina,79.75,262,35.0,112.0,24.0,4.33,7.26,1.71,2.82,4.86,2003,TE,zach hilton,
Robert Johnson,Auburn,77.625,278,33.5,115.0,18.0,4.47,7.15,1.71,2.93,4.96,2003,TE,robert johnson,
Bennie Joppru,Michigan,76.25,272,30.5,109.0,19.0,,,,,,2003,TE,bennie joppru,
Donald Lee,Mississippi State,75.25,249,39.0,120.0,26.0,4.42,7.42,1.67,2.81,4.82,2003,TE,donald lee,
Spencer Nead,Brigham Young,76.5,259,28.5,102.0,19.0,4.34,7.37,1.67,2.83,4.88,2003,TE,spencer nead,
Mike Pinkard,Arizona State,76.875,259,35.0,,,,,,,,2003,TE,mike pinkard,
Gabe Reid,Brigham Young,75.375,255,37.0,119.0,23.0,4.32,7.49,1.66,2.79,4.83,2003,TE,gabe reid,
Mike Seidman,UCLA,76.5,261,,,20.0,,,,,,2003,TE,mike seidman,
Visanthe Shiancoe,Morgan State,76.375,251,39.5,120.0,28.0,4.31,7.09,1.62,2.71,4.68,2003,TE,visanthe shiancoe,
L.J. Smith,Rutgers,75.25,258,37.0,122.0,26.0,4.25,6.74,1.65,2.74,4.65,2003,TE,l j smith,
Trent Smith,Oklahoma,77.125,243,35.5,118.0,16.0,4.37,7.23,1.76,2.84,4.84,2003,TE,trent smith,
Erick Streelman,Nevada,77.125,248,30.0,109.0,9.0,4.4,7.59,1.76,2.97,5.07,2003,TE,erick streelman,
Ray Thomas,Wake Forest,76.375,248,31.0,113.0,17.0,4.53,7.47,1.72,2.9,5.0,2003,TE,ray thomas,
Aaron Walker,Florida,77.625,252,33.5,115.0,24.0,4.3,7.57,1.7,2.81,4.73,2003,TE,aaron walker,
Kevin Ware,Washington,74.875,256,34.0,110.0,22.0,4.47,7.52,1.6,2.79,4.82,2003,TE,kevin ware,
Jason Witten,Tennessee,77.75,264,31.0,,25.0,,,,,,2003,TE,jason witten,
George Wrighster,Oregon,74.125,249,34.5,115.0,16.0,,7.24,,,,2003,TE,george wrighster,
Doug Zeigler,Mississippi,75.625,257,,,20.0,,,,,,2003,TE,doug zeigler,
Courtney Anderson,San Jose State,78.25,269,30.0,106.0,17.0,4.45,7.86,1.7,2.84,4.83,2004,TE,courtney anderson,
Bobby Blizzard,North Carolina,76.0,266,,102.0,12.0,,,1.81,2.97,,2004,TE,bobby blizzard,
Chris Cooley,Utah State,75.5,265,33.0,115.0,22.0,4.19,7.21,1.65,2.77,4.89,2004,TE,chris cooley,
Jeff Dugan,Maryland,76.375,263,28.0,109.0,21.0,4.32,7.4,1.68,2.82,4.95,2004,TE,jeff dugan,
Tim Euhus,Oregon State,77.0,260,34.5,115.0,25.0,4.13,6.99,1.71,2.88,4.94,2004,TE,tim euhus,
J.P. Foschi,Georgia Tech,75.875,266,30.5,111.0,24.0,4.35,7.49,1.78,2.94,5.03,2004,TE,j p foschi,
Michael Gaines,Central Florida,74.0,275,33.0,109.0,18.0,4.18,7.44,1.82,2.96,5.04,2004,TE,michael gaines,
Ronnie Ghent,Louisville,74.5,248,27.5,103.0,11.0,4.5,7.47,1.74,2.9,4.99,2004,TE,ronnie ghent,
Ben Hartsock,Ohio State,76.0,263,35.0,117.0,23.0,3.98,7.1,1.67,2.8,4.82,2004,TE,ben hartsock,
Sean McHugh,Penn State,77.125,264,29.0,115.0,18.0,4.09,7.36,1.75,2.94,4.97,2004,TE,sean mchugh,
Jason Peters,Arkansas,76.5,336,29.0,115.0,21.0,4.75,7.7,1.73,2.91,4.94,2004,TE,jason peters,
Brett Pierce,Stanford,77.5,250,27.0,103.0,19.0,4.37,7.13,1.75,2.89,4.96,2004,TE,brett pierce,
Sean Ryan,Boston College,76.5,268,32.5,115.0,22.0,,,,,,2004,TE,sean ryan,
Ben Troupe,Florida,76.375,265,,,,,,,,,2004,TE,ben troupe,
Ben Utecht,Minnesota,78.125,249,,,,,,,,,2004,TE,ben utecht,
Mike Walker,Minnesota-Morris,76.0,254,30.0,106.0,19.0,4.35,7.51,1.68,2.79,4.81,2004,TE,mike walker,
Benjamin Watson,Georgia,75.5,258,35.5,123.0,34.0,4.11,7.38,1.61,2.68,4.53,2004,TE,benjamin watson,
Keith Willis,Virginia Tech,77.75,260,,114.0,21.0,4.44,7.33,1.71,2.87,4.97,2004,TE,keith willis,
Kris Wilson,Pittsburgh,73.875,248,35.0,119.0,24.0,4.1,6.88,1.58,2.68,4.61,2004,TE,kris wilson,
"Kellen Winslow, Jr.",Miami (FL),75.875,247,,120.0,24.0,,,,,,2004,TE,kellen winslow,
Billy Bajema,Oklahoma State,76.875,261,31.5,113.0,16.0,4.25,7.05,1.66,2.79,4.8,2005,TE,billy bajema,
Adam Bergen,Lehigh,76.375,265,38.0,121.0,25.0,4.1,7.11,1.74,2.85,4.87,2005,TE,adam bergen,
Jerome Collins,Notre Dame,76.25,267,,118.0,21.0,,,1.68,2.79,4.75,2005,TE,jerome collins,
Jonas Crafts,Texas-El Paso,74.875,247,,,24.0,,,,,,2005,TE,jonas crafts,
Tony Curtis,Portland State,77.375,269,,115.0,21.0,,,1.73,2.89,4.98,2005,TE,tony curtis,
Joel Dreessen,Colorado State,76.25,260,36.0,113.0,22.0,4.01,7.09,1.73,2.82,4.81,2005,TE,joel dreessen,
Kevin Everett,Miami (FL),76.625,241,,,,,,,,,2005,TE,kevin everett,
Kelly Griffeth,Fort Hays State,77.25,284,28.0,103.0,21.0,4.27,7.25,1.73,2.85,4.95,2005,TE,kelly griffeth,
Alex Holmes,Southern California,73.75,265,,,18.0,,,,,,2005,TE,alex holmes,
Tony Jackson,Iowa,74.0,266,33.0,113.0,23.0,4.48,7.5,1.69,2.8,4.8,2005,TE,tony jackson,
Matt Jones,Arkansas,78.25,242,39.5,129.0,,,,1.55,2.54,4.37,2005,TE,matt jones,
Dave Kashetta,Boston College,75.375,247,35.5,113.0,17.0,4.34,7.34,1.74,2.89,4.93,2005,TE,dave kashetta,
Heath Miller,Virginia,77.0,256,,,,,,,,,2005,TE,heath miller,
Bo Scaife,Texas,74.625,249,32.5,114.0,24.0,4.12,7.21,1.67,2.77,4.82,2005,TE,bo scaife,
Alex Smith,Stanford,76.125,258,,,28.0,,,,,,2005,TE,alex smith,
Troy Bienemann,Washington State,76.625,256,,,,,,,,,2006,TE,troy bienemann,
Dominique Byrd,Southern California,74.625,255,,,,,,,,,2006,TE,dominique byrd,
Owen Daniels,Wisconsin,75.375,253,34.5,114.0,23.0,4.1,6.87,1.61,2.71,4.67,2006,TE,owen daniels,
Charles Davis,Purdue,77.5,263,31.5,108.0,27.0,4.37,7.53,1.69,2.86,4.91,2006,TE,charles davis,
Vernon Davis,Maryland,75.25,254,42.0,128.0,33.0,4.17,7.0,1.52,2.56,4.4,2006,TE,vernon davis,
Tim Day,Oregon,75.25,256,35.0,109.0,24.0,4.2,7.03,1.56,2.69,4.74,2006,TE,tim day,
Anthony Fasano,Notre Dame,76.125,259,33.5,112.0,19.0,4.34,6.94,,,,2006,TE,anthony fasano,
Daniel Fells,California-Davis,75.375,259,29.5,108.0,19.0,4.46,7.27,1.71,2.86,4.95,2006,TE,daniel fells,
Matt Henshaw,Florida State,76.375,248,29.0,111.0,16.0,4.44,7.44,1.63,2.76,4.76,2006,TE,matt henshaw,
Jeff King,Virginia Tech,77.125,245,32.5,109.0,21.0,4.09,6.99,1.66,2.79,4.87,2006,TE,jeff king,
Joe Klopfenstein,Colorado,77.75,255,36.0,112.0,27.0,4.21,7.39,1.58,2.67,4.65,2006,TE,joe klopfenstein,
Marcedes Lewis,UCLA,78.375,261,37.0,118.0,23.0,4.82,7.24,1.67,2.82,4.84,2006,TE,marcedes lewis,
Tim Massaquoi,Michigan,74.625,259,,,32.0,,,,,,2006,TE,tim massaquoi,
Jason Pociask,Wisconsin,75.0,266,32.5,115.0,23.0,4.3,7.31,1.73,2.86,4.89,2006,TE,jason pociask,
Leonard Pope,Georgia,79.75,258,37.5,118.0,22.0,4.67,7.47,1.6,2.71,4.65,2006,TE,leonard pope,
Tony Scheffler,Western Michigan,77.375,254,33.5,115.0,17.0,4.01,6.81,1.64,2.71,4.6,2006,TE,tony scheffler,
Quinn Sypniewski,Colorado,78.5,268,32.5,114.0,20.0,4.52,7.09,1.64,2.78,4.81,2006,TE,quinn sypniewski,
David Thomas,Texas,75.125,252,37.5,113.0,19.0,4.34,7.05,1.64,2.73,4.73,2006,TE,david thomas,
Cooper Wallace,Auburn,75.625,261,29.0,105.0,21.0,4.21,7.29,1.69,2.83,4.83,2006,TE,cooper wallace,
T.J. Williams,North Carolina State,74.375,269,34.0,111.0,25.0,4.54,7.49,1.66,2.76,4.75,2006,TE,t j williams,
Michael Allan,Whitworth,78.125,255,36.0,123.0,19.0,4.52,7.31,1.68,2.74,4.71,2007,TE,michael allan,
Kevin Boss,Western Oregon,78.5,252,35.0,116.0,,4.41,6.96,1.67,2.81,4.78,2007,TE,kevin boss,
Scott Chandler,Iowa,79.0,270,30.0,111.0,16.0,4.32,7.26,1.73,2.84,4.87,2007,TE,scott chandler,
Daniel Coats,Brigham Young,74.625,257,30.0,111.0,34.0,4.43,7.07,1.73,2.87,4.99,2007,TE,daniel coats,
Jonny Harline,Brigham Young,75.75,248,28.5,106.0,15.0,4.68,7.05,1.7,2.83,4.86,2007,TE,jonny harline,
Clark Harris,Rutgers,77.5,261,32.0,112.0,21.0,4.4,,1.7,2.81,4.83,2007,TE,clark harris,
Zach Miller,Arizona State,76.375,256,34.0,115.0,,4.42,7.01,1.68,2.83,4.86,2007,TE,zach miller,
Martrez Milner,Georgia,75.875,252,34.0,117.0,19.0,4.49,7.35,1.68,2.81,4.82,2007,TE,martrez milner,
Joe Newton,Oregon State,79.125,257,31.0,109.0,20.0,4.57,7.35,1.69,2.84,4.92,2007,TE,joe newton,
Greg Olsen,Miami (FL),77.875,254,35.5,114.0,23.0,4.48,7.04,1.62,2.66,4.55,2007,TE,greg olsen,
Ben Patrick,Delaware,75.125,252,34.5,111.0,,4.31,7.21,1.62,2.74,4.76,2007,TE,ben patrick,
Anthony Pudewell,Nevada,76.0,250,25.5,101.0,15.0,4.41,7.31,1.82,2.99,5.12,2007,TE,anthony pudewell,
Dante Rosario,Oregon,75.25,244,36.0,115.0,20.0,4.47,6.96,1.73,2.8,4.88,2007,TE,dante rosario,
Matt Spaeth,Minnesota,79.125,270,,,,,,,,,2007,TE,matt spaeth,
Chad Upshaw,Buffalo,76.375,252,33.5,108.0,16.0,4.58,7.23,1.74,2.88,4.99,2007,TE,chad upshaw,
Gary Barnidge,Louisville,77.625,243,31.0,117.0,22.0,4.23,6.92,1.53,2.62,4.65,2008,TE,gary barnidge,
Martellus Bennett,Texas AM,78.125,259,34.0,118.0,18.0,4.53,7.64,1.53,2.67,4.68,2008,TE,martellus bennett,
Adam Bishop,Nevada,76.875,248,27.0,113.0,21.0,4.28,7.14,1.69,2.88,4.98,2008,TE,adam bishop,
John Carlson,Notre Dame,77.125,251,30.5,113.0,20.0,4.28,7.12,1.67,2.83,4.88,2008,TE,john carlson,
Brad Cottam,Tennessee,79.5,270,33.0,,24.0,,,1.57,2.61,4.63,2008,TE,brad cottam,
Fred Davis,Southern California,75.0,255,,,24.0,,,,,,2008,TE,fred davis,
Kellen Davis,Michigan State,78.5,262,28.0,118.0,22.0,4.38,7.25,1.59,2.68,4.6,2008,TE,kellen davis,
Derek Fine,Kansas,74.625,251,29.0,115.0,24.0,4.19,6.8,1.65,2.78,4.85,2008,TE,derek fine,
Joe Jon Finley,Colorado,78.25,254,,,22.0,,,,,,2008,TE,joe jon finley,
Jermichael Finley,Texas,76.5,243,27.5,117.0,20.0,4.38,7.15,1.66,2.79,4.82,2008,TE,jermichael finley,
Joey Haynos,Maryland,79.625,259,30.5,123.0,17.0,4.42,6.92,1.62,2.77,4.87,2008,TE,joey haynos,
Kolo Kapanui,West Texas AM,75.375,271,26.5,107.0,23.0,4.66,7.42,1.75,2.91,5.06,2008,TE,kolo kapanui,
Dustin Keller,Purdue,74.125,242,38.0,131.0,26.0,4.14,6.88,1.63,2.65,4.55,2008,TE,dustin keller,
Evan Moore,Stanford,78.0,233,27.0,110.0,16.0,4.43,7.08,1.59,2.73,4.74,2008,TE,evan moore,
Martin Rucker,Missouri,76.875,251,,,20.0,,,,,,2008,TE,martin rucker,
Tom Santi,Virginia,75.5,250,36.0,121.0,14.0,4.27,7.08,1.71,2.82,4.83,2008,TE,tom santi,
Craig Stevens,California,75.25,254,27.5,114.0,27.0,4.31,7.07,1.56,2.64,4.59,2008,TE,craig stevens,
Darrell Strong,Pittsburgh,76.0,268,25.0,110.0,17.0,4.36,6.86,1.67,2.8,4.84,2008,TE,darrell strong,
Jacob Tamme,Kentucky,75.5,236,30.0,109.0,18.0,4.27,6.99,1.56,2.62,4.58,2008,TE,jacob tamme,
Travis Beckum,Wisconsin,75.0,243,,,28.0,,,,,,2009,TE,travis beckum,
Jared Bronson,Central Washington,75.875,253,32.5,116.0,,4.33,7.15,1.72,2.81,4.76,2009,TE,jared bronson,
Chase Coffman,Missouri,77.75,244,,,,,,,,,2009,TE,chase coffman,
Davon Drew,East Carolina,75.75,256,29.5,113.0,17.0,4.56,7.28,1.73,2.82,4.85,2009,TE,davon drew,
Dan Gronkowski,Maryland,77.5,255,33.0,122.0,26.0,4.26,6.92,1.64,2.77,4.8,2009,TE,dan gronkowski,
Anthony Hill,North Carolina State,77.0,262,30.5,107.0,21.0,4.56,7.31,1.72,2.8,4.84,2009,TE,anthony hill,
Cornelius Ingram,Florida,75.875,245,33.0,,21.0,4.53,7.12,1.63,2.71,4.68,2009,TE,cornelius ingram,
Cameron Morrah,California,75.375,244,32.5,115.0,24.0,4.36,6.99,1.67,2.72,4.66,2009,TE,cameron morrah,
Shawn Nelson,Southern Miss,77.0,240,33.0,115.0,19.0,4.46,6.96,1.66,2.65,4.56,2009,TE,shawn nelson,
Bear Pascoe,Fresno State,77.125,251,26.5,107.0,,4.55,7.65,1.8,2.92,5.04,2009,TE,bear pascoe,
Brandon Pettigrew,Oklahoma State,77.375,263,33.0,118.0,22.0,4.37,7.12,1.76,2.87,4.86,2009,TE,brandon pettigrew,
John Phillips,Virginia,77.375,251,33.5,112.0,20.0,4.27,6.84,1.73,2.85,4.84,2009,TE,john phillips,
Richard Quinn,North Carolina,75.875,264,32.5,119.0,24.0,4.62,7.5,1.78,2.89,4.98,2009,TE,richard quinn,
Kory Sperry,Colorado State,76.75,238,33.5,122.0,20.0,4.24,7.0,1.69,2.79,4.77,2009,TE,kory sperry,
Nate Byham,Pittsburgh,75.875,268,29.0,109.0,,,,1.74,2.93,5.04,2010,TE,nate byham,
Dorin Dickerson,Pittsburgh,73.375,226,43.5,125.0,24.0,4.3,6.96,1.53,2.55,4.4,2010,TE,dorin dickerson,
Ed Dickson,Oregon,76.25,249,34.0,115.0,23.0,4.59,7.32,1.65,2.74,4.67,2010,TE,ed dickson,
Jim Dray,Stanford,76.75,246,,,17.0,,,,,,2010,TE,jim dray,
Brody Eldridge,Oklahoma,76.75,261,31.5,,,,,,,,2010,TE,brody eldridge,
Dedrick Epps,Miami (FL),75.375,250,,,19.0,,,,,,2010,TE,dedrick epps,
Garrett Graham,Wisconsin,75.125,243,34.5,112.0,20.0,4.35,7.09,1.71,2.82,4.78,2010,TE,garrett graham,
Jimmy Graham,Miami (FL),78.25,260,38.5,120.0,,4.45,6.9,1.58,2.66,4.56,2010,TE,jimmy graham,
Jermaine Gresham,Oklahoma,77.25,261,35.0,113.0,20.0,4.53,7.07,1.63,2.74,4.72,2010,TE,jermaine gresham,
Rob Gronkowski,Arizona,78.25,264,,,23.0,,,,,,2010,TE,rob gronkowski,
Aaron Hernandez,Florida,74.375,245,,,,,,,,,2010,TE,aaron hernandez,
Michael Hoomanawanui,Illinois,75.625,264,,,25.0,,,,,,2010,TE,michael hoomanawanui,
Jeron Mastrud,Kansas State,77.375,256,,,,,,,,,2010,TE,jeron mastrud,
Anthony McCoy,Southern California,76.5,259,35.5,113.0,19.0,4.57,6.99,1.67,2.81,4.78,2010,TE,anthony mccoy,
Tony Moeaki,Iowa,75.0,245,34.0,113.0,18.0,4.42,7.1,1.6,2.71,4.69,2010,TE,tony moeaki,
Colin Peek,Alabama,77.25,254,,,19.0,,,,,,2010,TE,colin peek,
Dennis Pitta,Brigham Young,76.5,245,34.0,113.0,27.0,4.17,6.72,1.64,2.76,4.72,2010,TE,dennis pitta,
Andrew Quarless,Penn State,76.375,254,32.0,112.0,23.0,,,1.7,2.8,4.69,2010,TE,andrew quarless,
Jordan Cameron,Southern California,77.25,254,37.5,119.0,23.0,4.03,6.82,1.58,2.66,4.59,2011,TE,jordan cameron,286.0
Charlie Gantt,Michigan State,76.0,252,30.5,112.0,27.0,4.4,7.15,1.73,2.88,4.93,2011,TE,charlie gantt,
Cameron Graham,Louisville,75.125,244,31.0,105.0,18.0,4.51,7.19,1.79,2.96,5.11,2011,TE,cameron graham,
Virgil Green,Nevada,75.375,249,42.5,130.0,23.0,4.4,6.9,1.62,2.72,4.64,2011,TE,virgil green,287.0
Daniel Hardy,Idaho,75.75,249,,,18.0,,,,,,2011,TE,daniel hardy,288.0
Rob Housler,Florida Atlantic,77.375,248,37.0,117.0,22.0,4.21,6.9,1.58,2.67,4.55,2011,TE,rob housler,289.0
Lance Kendricks,Wisconsin,74.875,243,34.5,122.0,25.0,4.15,6.94,1.69,2.77,4.75,2011,TE,lance kendricks,290.0
Schuylar Oordt,Northern Iowa,77.75,261,36.0,119.0,18.0,4.25,6.83,1.64,2.74,4.67,2011,TE,schuylar oordt,
Zack Pianalto,Michigan State,75.25,256,32.0,108.0,22.0,4.41,6.85,1.74,2.86,4.87,2011,TE,zack pianalto,
Kyle Rudolph,Notre Dame,78.125,259,,,,,,,,,2011,TE,kyle rudolph,291.0
Weslye Saunders,South Carolina,77.125,270,33.5,116.0,19.0,,,,,,2011,TE,weslye saunders,
Lee Smith,Marshall,77.75,266,29.0,108.0,25.0,4.28,7.13,1.76,2.91,5.01,2011,TE,lee smith,292.0
Luke Stocker,Tennessee,76.75,258,33.0,115.0,27.0,4.4,7.03,1.69,2.79,4.79,2011,TE,luke stocker,293.0
Julius Thomas,Portland State,76.625,246,35.5,111.0,16.0,4.31,6.96,1.64,2.74,4.68,2011,TE,julius thomas,294.0
D.J. Williams,Arkansas,74.125,245,33.5,111.0,20.0,4.51,7.29,1.62,2.72,4.67,2011,TE,d j williams,295.0
Dwayne Allen,Clemson,75.125,255,32.0,110.0,27.0,4.37,7.12,1.73,2.85,4.89,2012,TE,dwayne allen,296.0
Orson Charles,Georgia,74.5,251,,,35.0,,,,,,2012,TE,orson charles,297.0
Michael Egnew,Missouri,77.125,252,36.0,131.0,21.0,4.32,7.03,1.66,2.73,4.62,2012,TE,michael egnew,298.0
Rhett Ellison,Southern California,76.875,251,31.5,109.0,,,,1.71,2.87,4.88,2012,TE,rhett ellison,
Coby Fleener,Stanford,78.0,247,,,27.0,,,,,,2012,TE,coby fleener,299.0
Ladarius Green,Louisiana,77.75,238,34.5,124.0,16.0,4.47,7.12,1.62,2.65,4.56,2012,TE,ladarius green,300.0
James Hanna,Oklahoma,75.75,252,36.0,122.0,24.0,4.11,6.76,1.57,2.67,4.49,2012,TE,james hanna,301.0
Cory Harkey,UCLA,76.0,260,26.5,109.0,13.0,4.69,7.4,1.79,2.96,5.14,2012,TE,cory harkey,
David Paulson,Oregon,75.25,246,32.0,110.0,21.0,4.4,7.18,1.8,2.97,4.93,2012,TE,david paulson,302.0
DeAngelo Peterson,LSU,75.0,243,36.0,121.0,18.0,,7.19,1.65,2.71,4.76,2012,TE,deangelo peterson,
Nick Provo,Syracuse,75.25,237,,,,,,,,,2012,TE,nick provo,
Beau Reliford,Florida State,77.125,256,,,,,,,,,2012,TE,beau reliford,
Justice Cunningham,South Carolina,74.625,258,31.5,116.0,,4.45,7.12,1.7,2.83,4.94,2013,TE,justice cunningham,303.0
Tyler Eifert,Notre Dame,77.5,250,35.5,119.0,22.0,4.32,6.92,1.65,2.76,4.68,2013,TE,tyler eifert,304.0
Zach Ertz,Stanford,77.0,249,30.5,111.0,24.0,4.47,7.08,1.68,2.77,4.76,2013,TE,zach ertz,305.0
Gavin Escobar,San Diego State,77.875,254,32.0,114.0,,4.31,7.07,1.69,2.81,4.84,2013,TE,gavin escobar,306.0
Joseph Fauria,UCLA,79.375,259,,,17.0,,,,,,2013,TE,joseph fauria,
Matt Furstenburg,Maryland,75.625,242,35.5,115.0,18.0,4.35,7.09,1.62,2.71,4.62,2013,TE,matt furstenburg,
Chris Gragg,Arkansas,74.75,244,37.5,125.0,18.0,4.51,7.08,1.56,2.61,4.5,2013,TE,chris gragg,307.0
D.C. Jefferson,Rutgers,77.75,255,,,3.0,,,,,,2013,TE,d c jefferson,308.0
Nick Kasa,Colorado,77.875,269,31.5,113.0,22.0,,,1.64,2.76,4.71,2013,TE,nick kasa,309.0
Travis Kelce,Cincinnati,76.875,255,,,,,,,,,2013,TE,travis kelce,310.0
Philip Lutzenkirchen,Auburn,75.25,258,30.5,112.0,21.0,4.35,7.15,1.75,2.91,4.94,2013,TE,philip lutzenkirchen,
Vance McDonald,Rice,76.125,267,33.5,119.0,31.0,4.53,7.08,1.71,2.81,4.69,2013,TE,vance mcdonald,311.0
Ryan Otten,San Jose State,77.25,230,,,,,,,,,2013,TE,ryan otten,
Chris Pantale,Boston College,77.125,254,33.5,110.0,17.0,4.5,7.48,1.68,2.84,4.99,2013,TE,chris pantale,
Jordan Reed,Florida,74.5,236,,,16.0,,,1.66,2.76,4.72,2013,TE,jordan reed,312.0
Mychal Rivera,Tennessee,75.25,242,31.0,112.0,17.0,4.43,7.17,1.66,2.82,4.81,2013,TE,mychal rivera,313.0
Dion Sims,Michigan State,76.875,262,35.0,112.0,22.0,4.52,7.36,1.62,2.75,4.75,2013,TE,dion sims,314.0
Jake Stoneburner,Ohio State,75.375,252,34.5,116.0,18.0,4.27,7.12,1.64,2.71,4.65,2013,TE,jake stoneburner,
Levine Toilolo,Stanford,80.125,260,31.0,113.0,17.0,4.57,7.09,1.7,2.83,4.86,2013,TE,levine toilolo,315.0
Jace Amaro,Texas Tech,77.375,265,33.0,118.0,28.0,4.3,7.42,1.64,2.76,4.74,2014,TE,jace amaro,316.0
Rob Blanchflower,Massachusetts,76.125,256,,,,,,,,,2014,TE,rob blanchflower,317.0
A.D. Denham,Kansas,76.5,235,32.5,,,,,1.65,2.76,4.77,2014,TE,a d denham,
Joe Don Duncan,Dixie State,74.625,268,,,35.0,,,,,,2014,TE,joe don duncan,
Eric Ebron,North Carolina,76.375,250,32.0,120.0,24.0,,,1.63,2.71,4.6,2014,TE,eric ebron,318.0
C.J. Fiedorowicz,Iowa,77.5,265,31.5,116.0,25.0,4.26,7.1,1.64,2.75,4.76,2014,TE,c j fiedorowicz,319.0
Crockett Gillmore,Colorado State,77.875,260,33.5,120.0,,4.44,7.42,1.69,2.81,4.89,2014,TE,crockett gillmore,320.0
Xavier Grimble,Southern California,76.25,257,26.5,113.0,,,,,,,2014,TE,xavier grimble,
Nic Jacobs,McNeese,76.75,269,,,15.0,,,,,,2014,TE,nic jacobs,
Marcel Jensen,Fresno State,77.75,259,35.0,115.0,24.0,4.6,7.38,1.66,2.83,4.85,2014,TE,marcel jensen,
A.C. Leonard,Tennessee State,74.375,252,34.0,128.0,20.0,,,1.51,2.58,4.5,2014,TE,a c leonard,
Colt Lyerla,Oregon,75.875,242,39.0,128.0,15.0,,,1.61,2.67,4.61,2014,TE,colt lyerla,
Arthur Lynch,Georgia,76.625,258,29.5,116.0,28.0,4.35,7.38,1.67,2.8,4.82,2014,TE,arthur lynch,321.0
Jake Murphy,Utah,76.0,249,33.0,114.0,24.0,4.27,7.18,1.68,2.81,4.79,2014,TE,jake murphy,
Jordan Najvar,Baylor,77.875,256,32.5,112.0,18.0,4.47,7.14,1.7,2.85,4.93,2014,TE,jordan najvar,
Troy Niklas,Notre Dame,78.5,270,32.0,114.0,27.0,4.55,7.57,,,,2014,TE,troy niklas,322.0
Jacob Pedersen,Wisconsin,75.5,238,28.5,111.0,,4.4,7.55,1.74,2.88,4.89,2014,TE,jacob pedersen,
Richard Rodgers,California,76.0,257,31.5,116.0,16.0,4.47,7.23,1.69,2.82,4.87,2014,TE,richard rodgers,323.0
Austin Seferian-Jenkins,Washington,77.5,262,,,20.0,,,,,,2014,TE,austin seferian jenkins,324.0
D.J. Tialavea,Utah State,75.5,267,,,,,,,,,2014,TE,d j tialavea,
Larry Webster,Bloomsburg,77.75,252,36.5,123.0,17.0,4.44,7.29,1.58,2.64,4.58,2014,TE,larry webster,
Rory Anderson,South Carolina,76.625,244,,,,,,,,,2015,TE,rory anderson,325.0
Blake Bell,Oklahoma,78.25,252,33.0,116.0,14.0,4.32,6.85,1.73,2.85,4.8,2015,TE,blake bell,326.0
E.J. Bibbs,Iowa State,74.0,258,,,20.0,,,,,,2015,TE,e j bibbs,
Nick Boyle,Delaware,76.5,268,30.5,112.0,20.0,4.23,7.13,1.81,2.98,5.04,2015,TE,nick boyle,327.0
Gerald Christian,Louisville,75.0,244,,,28.0,4.7,7.62,1.73,2.84,4.87,2015,TE,gerald christian,328.0
AJ Derby,Arkansas,75.75,255,,,15.0,,,,,,2015,TE,aj derby,
Jeff Heuerman,Ohio State,77.125,254,,,26.0,,,,,,2015,TE,jeff heuerman,329.0
Jesse James,Penn State,79.0,261,37.5,121.0,26.0,4.5,7.53,1.72,2.85,4.83,2015,TE,jesse james,330.0
Ben Koyack,Notre Dame,76.875,255,,,,,,,,,2015,TE,ben koyack,331.0
Tyler Kroft,Rutgers,77.5,246,,,17.0,,,,,,2015,TE,tyler kroft,332.0
Nick OLeary,Florida State,75.25,252,30.5,110.0,21.0,4.5,7.4,1.81,2.94,4.93,2015,TE,nick oleary,
MyCole Pruitt,Southern Illinois,74.25,251,38.0,118.0,17.0,4.37,7.25,1.63,2.7,4.58,2015,TE,mycole pruitt,333.0
Wes Saxton,South Alabama,75.375,248,36.0,119.0,,4.49,7.29,1.7,2.79,4.65,2015,TE,wes saxton,
Jean Sifrin,Massachusetts,77.25,245,33.0,114.0,,4.6,7.5,1.74,2.88,4.84,2015,TE,jean sifrin,
Randall Telfer,Southern California,75.75,250,,,20.0,,,,,,2015,TE,randall telfer,334.0
Eric Tomlinson,Texas-El Paso,77.625,263,30.5,110.0,19.0,4.54,7.46,1.75,2.91,4.98,2015,TE,eric tomlinson,
Clive Walford,Miami (FL),76.0,251,35.0,120.0,20.0,4.57,7.32,1.72,2.84,4.79,2015,TE,clive walford,335.0
Maxx Williams,Minnesota,75.875,249,34.5,117.0,17.0,4.37,7.3,1.77,2.88,4.78,2015,TE,maxx williams,336.0
Jerell Adams,South Carolina,77.125,247,32.5,117.0,,4.31,7.05,1.64,2.72,4.64,2016,TE,jerell adams,337.0
Ben Braunecker,Harvard,75.375,250,35.5,121.0,20.0,4.2,6.9,1.63,2.74,4.73,2016,TE,ben braunecker,
Thomas Duarte,UCLA,74.125,231,33.5,118.0,12.0,4.24,6.97,1.62,2.73,4.72,2016,TE,thomas duarte,338.0
David J. Grinnage,North Carolina State,77.25,248,29.5,106.0,,,,1.7,2.87,4.9,2016,TE,david j grinnage,
Temarrick Hemingway,South Carolina State,76.875,244,30.5,115.0,18.0,4.31,6.88,1.67,2.76,4.71,2016,TE,temarrick hemingway,339.0
Hunter Henry,Arkansas,76.875,250,,,13.0,,,,,,2016,TE,hunter henry,340.0
Tyler Higbee,Western Kentucky,77.75,249,,,,,,,,,2016,TE,tyler higbee,341.0
Austin Hooper,Stanford,75.75,254,33.0,117.0,19.0,4.32,7.0,1.63,2.75,4.72,2016,TE,austin hooper,342.0
Ryan Malleck,Virginia Tech,76.5,247,34.5,121.0,18.0,4.33,7.0,,,,2016,TE,ryan malleck,
Jake McGee,Florida,77.5,250,,,17.0,,,,,,2016,TE,jake mcgee,
David Morgan II,Texas-San Antonio,76.125,262,30.0,115.0,29.0,4.19,6.93,1.8,2.94,5.02,2016,TE,david morgan,343.0
Beau Sandland,Montana State,76.5,253,35.0,124.0,23.0,4.33,7.1,1.67,2.76,4.74,2016,TE,beau sandland,344.0
Nick Vannett,Ohio State,78.0,257,30.5,111.0,17.0,4.2,7.05,,,,2016,TE,nick vannett,345.0
Bryce Williams,East Carolina,77.75,257,29.5,111.0,19.0,4.53,7.19,1.74,2.76,4.94,2016,TE,bryce williams,
Billy Brown,Shepherd,75.375,254,29.0,116.0,23.0,,,1.64,2.75,4.7,2017,TE,billy brown,
Pharaoh Brown,Oregon,77.625,255,34.0,,24.0,,,,,,2017,TE,pharaoh brown,
Jake Butt,Michigan,77.125,246,,,,,,,,,2017,TE,jake butt,346.0
Cethan Carter,Nebraska,74.75,241,,,19.0,,,1.61,2.7,4.67,2017,TE,cethan carter,
Darrell Daniels,Washington,75.125,247,32.0,115.0,17.0,4.47,7.09,1.58,2.63,4.55,2017,TE,darrell daniels,
Evan Engram,Mississippi,75.125,234,36.0,124.0,19.0,4.23,6.92,1.56,2.57,4.42,2017,TE,evan engram,347.0
Gerald Everett,South Alabama,74.75,239,37.5,125.0,22.0,4.33,6.99,1.61,2.67,4.6,2017,TE,gerald everett,348.0
Cole Hikutini,Louisville,76.125,247,,,20.0,,,,,,2017,TE,cole hikutini,
Bucky Hodges,Virginia Tech,78.125,257,39.0,134.0,18.0,4.45,,1.59,2.64,4.57,2017,TE,bucky hodges,349.0
O.J. Howard,Alabama,77.625,251,30.0,121.0,22.0,4.16,6.85,1.55,2.61,4.51,2017,TE,o j howard,350.0
George Kittle,Iowa,75.75,247,35.0,132.0,18.0,,,1.59,2.65,4.52,2017,TE,george kittle,351.0
Jordan Leggett,Clemson,77.0,258,33.0,113.0,,4.33,7.12,,,,2017,TE,jordan leggett,352.0
David Njoku,Miami (FL),75.75,246,37.5,133.0,21.0,4.34,6.97,1.61,2.7,4.64,2017,TE,david njoku,353.0
Scott Orndoff,Pittsburgh,76.75,253,27.0,111.0,17.0,4.45,7.37,1.74,2.84,4.79,2017,TE,scott orndoff,
Hayden Plinke,Texas-El Paso,75.75,264,28.0,109.0,18.0,4.59,7.55,1.78,2.92,4.97,2017,TE,hayden plinke,
Michael Roberts,Toledo,76.375,270,30.0,110.0,,4.51,7.05,1.69,2.82,4.86,2017,TE,michael roberts,354.0
Eric Saubert,Drake,76.625,253,33.0,121.0,22.0,,,,,,2017,TE,eric saubert,355.0
Ricky Seals-Jones,Texas AM,76.625,243,28.0,121.0,17.0,4.33,7.46,1.63,2.75,4.69,2017,TE,ricky seals jones,
Adam Shaheen,Ashland,77.75,278,32.5,121.0,24.0,4.38,7.09,1.71,2.8,4.79,2017,TE,adam shaheen,356.0
Jonnu Smith,Florida International,74.75,248,38.0,126.0,22.0,4.18,,1.64,2.71,4.62,2017,TE,jonnu smith,357.0
Jeremy Sprinkle,Arkansas,76.75,252,29.0,115.0,,,,1.67,2.74,4.69,2017,TE,jeremy sprinkle,358.0
Jordan Akins,Central Florida,75.0,249,,,,,,,,,2018,TE,jordan akins,359.0
Mark Andrews,Oklahoma,77.125,256,31.0,113.0,17.0,4.38,7.34,1.54,2.75,4.58,2018,TE,mark andrews,360.0
Marcus Baugh,Ohio State,75.5,247,33.0,117.0,,4.51,7.28,1.67,2.81,4.81,2018,TE,marcus baugh,
Tyler Conklin,Central Michigan,75.0,254,38.0,120.0,18.0,4.23,7.13,1.66,2.78,4.8,2018,TE,tyler conklin,361.0
Will Dissly,Washington,75.75,262,28.0,111.0,15.0,4.4,7.07,1.71,2.86,4.87,2018,TE,will dissly,362.0
Troy Fumagalli,Wisconsin,76.75,247,,,14.0,,,,,,2018,TE,troy fumagalli,363.0
Mike Gesicki,Penn State,77.5,247,41.5,129.0,22.0,4.1,6.76,1.56,2.65,4.54,2018,TE,mike gesicki,364.0
Dallas Goedert,South Dakota State,76.625,256,,,23.0,,,,,,2018,TE,dallas goedert,365.0
Christopher Herndon,Miami (FL),75.75,253,,,21.0,,,,,,2018,TE,christopher herndon,
Hayden Hurst,South Carolina,76.5,250,31.5,120.0,,4.37,7.19,1.63,2.71,4.67,2018,TE,hayden hurst,366.0
Ryan Izzo,Florida State,76.625,256,33.0,110.0,18.0,4.43,7.15,1.69,2.86,4.94,2018,TE,ryan izzo,367.0
Dalton Schultz,Stanford,77.375,244,32.0,120.0,15.0,4.4,7.0,1.64,2.76,4.75,2018,TE,dalton schultz,368.0
Durham Smythe,Notre Dame,77.375,253,31.0,110.0,18.0,4.23,7.17,1.67,2.79,4.81,2018,TE,durham smythe,369.0
Ian Thomas,Indiana,75.625,259,36.0,123.0,,4.2,7.15,1.56,2.7,4.65,2018,TE,ian thomas,370.0
Jordan Thomas,Mississippi State,77.5,265,27.0,111.0,16.0,4.75,7.5,1.65,2.79,4.74,2018,TE,jordan thomas,371.0
David Wells,San Diego State,77.625,256,33.0,116.0,20.0,4.59,7.5,1.62,2.74,4.75,2018,TE,david wells,
Kendall Blanton,Missouri,78.25,262,31.0,113.0,22.0,4.42,7.37,1.7,2.85,4.95,2019,TE,kendall blanton,
Keenen Brown,Texas State,74.5,250,33.0,117.0,17.0,4.51,7.27,1.72,2.8,4.75,2019,TE,keenen brown,
C.J. Conrad,Kentucky,76.5,248,,,,,,,,,2019,TE,c j conrad,
Noah Fant,Iowa,76.125,247,39.5,127.0,20.0,4.22,6.81,1.55,2.61,4.5,2019,TE,noah fant,372.0
Zach Gentry,Michigan,80.125,260,29.5,110.0,12.0,4.53,7.4,1.74,2.86,4.9,2019,TE,zach gentry,373.0
Daniel Helm,Duke,76.125,247,,,14.0,,,1.76,2.81,4.89,2019,TE,daniel helm,
T.J. Hockenson,Iowa,76.625,251,37.5,123.0,17.0,4.18,7.02,1.63,2.75,4.7,2019,TE,t j hockenson,374.0
Dawson Knox,Mississippi,76.375,254,34.5,,16.0,4.27,7.12,,,,2019,TE,dawson knox,375.0
Alize Mack,Notre Dame,76.0,249,36.0,120.0,22.0,4.34,7.27,1.65,2.74,4.7,2019,TE,alize mack,
Foster Moreau,LSU,75.625,252,36.5,121.0,22.0,4.11,7.16,1.63,2.72,4.66,2019,TE,foster moreau,376.0
Isaac Nauta,Georgia,75.25,241,28.0,,19.0,4.43,7.45,1.75,2.86,4.91,2019,TE,isaac nauta,377.0
Josh Oliver,San Jose State,76.625,249,34.0,117.0,22.0,4.47,7.21,1.66,2.76,4.63,2019,TE,josh oliver,378.0
Dax Raymond,Utah State,76.875,246,32.0,109.0,15.0,4.39,7.2,1.66,2.78,4.72,2019,TE,dax raymond,
Drew Sample,Washington,77.0,255,33.5,115.0,,4.31,7.15,1.64,2.73,4.71,2019,TE,drew sample,379.0
Kaden Smith,Stanford,77.0,255,32.0,108.0,15.0,4.47,7.08,1.69,2.86,4.92,2019,TE,kaden smith,380.0
Irv Smith Jr.,Alabama,74.375,242,32.5,110.0,19.0,4.33,7.32,1.68,2.74,4.63,2019,TE,irv smith,381.0
Jace Sternberger,Texas AM,76.0,251,31.5,113.0,17.0,4.31,7.19,1.7,2.82,4.75,2019,TE,jace sternberger,382.0
Tommy Sweeney,Boston College,76.5,251,,,17.0,,,1.68,2.82,4.84,2019,TE,tommy sweeney,383.0
Kahale Warring,San Diego State,77.125,252,36.5,122.0,19.0,4.25,7.21,1.61,2.71,4.67,2019,TE,kahale warring,384.0
Caleb Wilson,UCLA,76.25,240,29.0,113.0,,4.2,7.2,1.62,2.69,4.56,2019,TE,caleb wilson,385.0
Devin Asiasi,UCLA,75.0,257,30.5,115.0,16.0,,,1.62,2.75,4.73,2020,TE,devin asiasi,386.0
Jake Breeland,Oregon,76.875,252,,,,,,,,,2020,TE,jake breeland,
Hunter Bryant,Washington,74.25,248,32.5,115.0,23.0,4.46,7.08,1.67,2.78,4.74,2020,TE,hunter bryant,
Harrison Bryant,Florida Atlantic,76.75,243,32.5,110.0,13.0,4.37,7.41,1.63,2.77,4.73,2020,TE,harrison bryant,387.0
Brycen Hopkins,Purdue,75.875,245,33.5,116.0,21.0,4.28,7.25,1.61,2.7,4.66,2020,TE,brycen hopkins,388.0
Dalton Keene,Virginia Tech,76.125,253,34.0,125.0,21.0,4.19,7.07,1.62,2.73,4.71,2020,TE,dalton keene,389.0
Cole Kmet,Notre Dame,77.75,262,37.0,123.0,,4.41,7.44,1.65,2.77,4.7,2020,TE,cole kmet,390.0
Sean McKeon,Michigan,77.0,242,,,18.0,,,,,,2020,TE,sean mckeon,
Thaddeus Moss,LSU,73.875,250,,,,,,,,,2020,TE,thaddeus moss,
Cheyenne OGrady,Arkansas,75.75,253,34.0,119.0,16.0,4.34,7.3,1.74,2.84,4.81,2020,TE,cheyenne ogrady,
Albert Okwuegbunam,Missouri,77.5,258,,,,,,1.56,2.62,4.49,2020,TE,albert okwuegbunam,391.0
Colby Parkinson,Stanford,79.25,252,32.5,109.0,18.0,4.46,7.15,1.66,2.81,4.77,2020,TE,colby parkinson,392.0
Jared Pinkney,Vanderbilt,76.0,257,,,23.0,,,1.69,2.88,4.96,2020,TE,jared pinkney,
Stephen Sullivan,LSU,76.875,248,36.5,123.0,,4.62,7.51,1.65,2.72,4.66,2020,TE,stephen sullivan,393.0
Adam Trautman,Dayton,77.0,255,34.5,114.0,18.0,4.27,6.78,1.65,2.76,4.8,2020,TE,adam trautman,394.0
Mitchell Wilcox,South Florida,75.5,247,31.0,112.0,,4.43,7.37,1.71,2.86,4.88,2020,TE,mitchell wilcox,
Charlie Woerner,Georgia,76.625,244,34.5,120.0,21.0,4.46,7.18,1.68,2.78,4.78,2020,TE,charlie woerner,395.0
Dominick Wood-Anderson,Tennessee,75.625,261,35.0,119.0,,,,1.74,2.87,4.92,2020,TE,dominick wood anderson,
Sam Aiken,North Carolina,73.875,209,39.5,121.0,,,7.22,1.62,2.71,4.65,2003,WR,sam aiken,
Paul Arnold,Washington,72.75,213,40.5,131.0,,4.11,6.84,1.56,2.62,4.53,2003,WR,paul arnold,
Arnaz Battle,Notre Dame,72.625,217,35.0,117.0,,4.06,6.74,1.63,2.74,4.57,2003,WR,arnaz battle,
Ronald Bellamy,Michigan,72.0,208,30.5,119.0,,4.1,7.38,1.63,2.72,4.58,2003,WR,ronald bellamy,
Anquan Boldin,Florida State,72.625,216,33.5,114.0,,4.33,7.35,1.61,2.77,4.71,2003,WR,anquan boldin,
Jamal Burke,Boston College,72.5,204,36.0,119.0,,4.13,7.2,,,,2003,WR,jamal burke,
Nate Burleson,Nevada,72.5,197,42.5,126.0,,4.16,6.96,1.58,2.65,4.51,2003,WR,nate burleson,
Mike Bush,Washington State,77.0,198,,115.0,,4.28,7.42,1.67,2.76,4.7,2003,WR,mike bush,
Tyrone Calico,Middle Tennessee,75.75,223,38.0,127.0,,4.26,6.73,1.63,2.62,4.42,2003,WR,tyrone calico,
Kevin Curtis,Utah State,71.125,186,36.0,122.0,,3.99,6.76,1.53,2.59,4.44,2003,WR,kevin curtis,
LaTarence Dunbar,Texas Christian,70.75,196,34.0,122.0,,4.35,7.41,1.64,2.7,4.54,2003,WR,latarence dunbar,
Terrence Edwards,Georgia,72.0,176,,,,,,,,,2003,WR,terrence edwards,
Doug Gabriel,Central Florida,74.25,213,35.5,116.0,,4.16,7.05,1.62,2.7,4.54,2003,WR,doug gabriel,
Justin Gage,Missouri,76.125,217,,,,,,,,,2003,WR,justin gage,
Talman Gardner,Florida State,72.625,205,34.5,116.0,,4.43,7.54,1.54,2.61,4.45,2003,WR,talman gardner,
Ryan Hoag,Gustavus Adolphus,74.125,200,38.0,125.0,,3.95,6.72,1.62,2.65,4.51,2003,WR,ryan hoag,
Keenan Howry,Oregon,69.625,178,31.5,114.0,,4.28,7.34,1.57,2.68,4.58,2003,WR,keenan howry,
Taylor Jacobs,Florida,72.375,205,,,,,,,,,2003,WR,taylor jacobs,
Bryant Johnson,Penn State,74.375,214,,,,,,,,,2003,WR,bryant johnson,
Bethel Johnson,Texas AM,71.0,201,38.5,127.0,,,,1.55,2.6,4.42,2003,WR,bethel johnson,
Andre Johnson,Miami (FL),74.0,230,39.0,132.0,,,,,,,2003,WR,andre johnson,
Teyo Johnson,Stanford,77.375,247,33.5,,,,,,,,2003,WR,teyo johnson,
Kareem Kelly,Southern California,71.75,186,35.0,125.0,,4.24,7.51,1.54,2.62,4.44,2003,WR,kareem kelly,
Brandon Lloyd,Illinois,72.125,184,36.0,,,,,1.62,2.71,4.63,2003,WR,brandon lloyd,
Adrian Madise,Texas Christian,71.375,215,32.0,119.0,,4.26,7.32,1.56,2.65,4.48,2003,WR,adrian madise,
Reno Mahe,Brigham Young,69.25,198,32.0,109.0,,4.23,7.27,1.6,2.74,4.71,2003,WR,reno mahe,
Shaun McDonald,Arizona State,68.5,169,,,,,,,,,2003,WR,shaun mcdonald,
Billy McMullen,Virginia,75.625,210,,,,,,,,,2003,WR,billy mcmullen,
Cecil Moore,East Tennessee State,73.25,210,38.0,124.0,,4.23,7.03,1.61,2.66,4.6,2003,WR,cecil moore,
Carl Morris,Harvard,74.75,214,33.5,116.0,,4.09,6.93,1.64,2.71,4.65,2003,WR,carl morris,
Kassim Osgood,San Diego State,76.875,208,31.0,122.0,,4.44,7.19,1.73,2.77,4.68,2003,WR,kassim osgood,
Charles Rogers,Michigan State,74.375,202,,,,,,,,,2003,WR,charles rogers,
Antwone Savage,Oklahoma,71.375,192,32.0,118.0,,4.37,7.37,1.58,2.67,4.47,2003,WR,antwone savage,
Dan Stricker,Vanderbilt,74.125,203,39.0,122.0,,4.16,6.91,1.56,2.68,4.68,2003,WR,dan stricker,
J.R. Tolver,San Diego State,73.0,202,36.0,119.0,,4.23,6.99,1.61,2.73,4.66,2003,WR,j r tolver,
Chris Vance,Ohio State,72.625,189,,,,,,,,,2003,WR,chris vance,
Bobby Wade,Arizona,70.25,193,34.5,115.0,,4.11,7.01,1.59,2.72,4.66,2003,WR,bobby wade,
Kelley Washington,Tennessee,74.5,223,,,,,,,,,2003,WR,kelley washington,
Walter Young,Illinois,76.625,214,39.0,121.0,,4.25,6.9,1.58,2.63,4.52,2003,WR,walter young,
Derek Abney,Kentucky,69.25,179,33.5,120.0,,4.08,6.89,1.61,2.69,4.58,2004,WR,derek abney,
Kevin Beard,Miami (FL),72.125,180,31.0,113.0,,,,,,,2004,WR,kevin beard,
Bernard Berrian,Fresno State,73.0,183,38.0,128.0,,4.18,7.34,1.63,2.72,4.61,2004,WR,bernard berrian,
Maurice Brown,Iowa,72.25,219,33.0,117.0,,4.21,7.38,1.6,2.67,4.54,2004,WR,maurice brown,
Drew Carter,Ohio State,76.0,204,,,,,,,,,2004,WR,drew carter,
Michael Clayton,LSU,74.75,209,32.5,116.0,,4.09,6.77,1.62,2.7,4.59,2004,WR,michael clayton,
Keary Colbert,Southern California,72.875,207,30.0,,,,,,,,2004,WR,keary colbert,
Chris Collins,Mississippi,73.125,201,35.0,112.0,,,,1.64,2.75,4.66,2004,WR,chris collins,
Terrance Copper,East Carolina,71.875,208,35.5,116.0,,4.31,7.34,1.59,2.67,4.5,2004,WR,terrance copper,
Jerricho Cotchery,North Carolina State,72.5,212,36.0,121.0,,3.91,6.93,1.59,2.67,4.58,2004,WR,jerricho cotchery,
Lane Danielson,Iowa State,72.125,197,31.0,117.0,,3.94,6.72,1.7,2.78,4.5,2004,WR,lane danielson,
Devard Darling,Washington State,73.125,213,37.0,129.0,,,,1.61,2.66,4.5,2004,WR,devard darling,
Lee Evans,Wisconsin,70.875,197,34.5,120.0,,,,1.6,2.63,4.41,2004,WR,lee evans,
Larry Fitzgerald,Pittsburgh,74.875,225,,,,,,,,,2004,WR,larry fitzgerald,
Carlos Francis,Texas Tech,69.125,198,38.5,114.0,,4.06,6.97,1.53,2.53,4.31,2004,WR,carlos francis,
D.J. Hackett,Colorado,74.5,199,41.0,131.0,,4.08,6.79,1.52,2.62,4.51,2004,WR,d j hackett,
Derrick Hamilton,Clemson,74.875,196,,,,,,,,,2004,WR,derrick hamilton,
Devery Henderson,LSU,71.5,198,,,,,,,,,2004,WR,devery henderson,
Justin Jenkins,Mississippi State,71.5,213,35.0,123.0,,4.16,7.47,1.65,2.7,4.62,2004,WR,justin jenkins,
Michael Jenkins,Ohio State,76.5,218,,,,,,,,,2004,WR,michael jenkins,
B.J. Johnson,Texas,71.375,207,,,,,,,,,2004,WR,b j johnson,
Tony Johnson,Penn State,70.625,202,32.5,118.0,,4.16,7.16,1.65,2.74,4.62,2004,WR,tony johnson,
Kelvin Kight,Florida,71.875,213,34.0,109.0,,4.24,7.18,1.6,2.64,4.6,2004,WR,kelvin kight,
Ryan Krause,Nebraska-Omaha,74.5,244,33.5,119.0,18.0,4.16,6.78,1.61,2.68,4.62,2004,WR,ryan krause,
Triandos Luke,Alabama,71.0,199,38.0,124.0,,4.17,7.06,1.58,2.59,4.3,2004,WR,triandos luke,
Maurice Mann,Nevada,73.5,191,34.0,118.0,,,,1.55,2.63,4.5,2004,WR,maurice mann,
Tim Manning,Jackson State,70.75,179,28.5,111.0,,4.27,7.24,1.64,2.71,4.62,2004,WR,tim manning,
Derek McCoy,Colorado,75.25,210,38.0,128.0,,4.09,7.1,1.66,2.75,4.69,2004,WR,derek mccoy,
Jeris McIntyre,Auburn,71.25,203,29.0,112.0,,4.08,6.98,1.62,2.65,4.5,2004,WR,jeris mcintyre,
Clarence Moore,Northern Arizona,77.625,211,34.0,122.0,,4.16,6.84,1.58,2.66,4.52,2004,WR,clarence moore,
Johnnie Morant,Syracuse,76.0,229,41.0,130.0,,4.22,7.34,1.6,2.66,4.54,2004,WR,johnnie morant,
James Newson,Oregon State,72.75,213,31.5,116.0,,,7.41,1.71,2.83,4.85,2004,WR,james newson,
Samie Parker,Oregon,70.375,179,36.0,,,,,1.52,2.55,4.34,2004,WR,samie parker,
Carlos Perez,Florida,71.5,203,38.0,118.0,,4.45,,1.63,2.77,4.82,2004,WR,carlos perez,
P.K. Sam,Florida State,75.375,210,34.5,,,,7.04,1.58,2.63,4.56,2004,WR,p k sam,
Jonathan Smith,Georgia Tech,70.125,194,32.5,114.0,,4.35,,1.72,2.79,4.8,2004,WR,jonathan smith,
John Standeford,Purdue,75.125,197,32.5,113.0,,4.08,6.9,1.6,2.68,4.62,2004,WR,john standeford,
Kendrick Starling,San Jose State,72.625,193,31.5,119.0,,3.87,6.88,1.53,2.59,4.48,2004,WR,kendrick starling,
Jamaar Taylor,Texas AM,72.625,197,,,,,,,,,2004,WR,jamaar taylor,
Sloan Thomas,Texas,73.5,203,,,,,,,,,2004,WR,sloan thomas,
Andrae Thurman,Southern Oregon,71.25,192,34.5,121.0,,4.3,7.31,1.56,2.64,4.55,2004,WR,andrae thurman,
Darius Watts,Marshall,73.375,188,,,,,,,,,2004,WR,darius watts,
Huey Whittaker,South Florida,76.25,234,37.0,121.0,,4.13,7.06,1.64,2.7,4.62,2004,WR,huey whittaker,
Ernest Wilford,Virginia Tech,75.625,226,40.5,130.0,,4.17,,1.68,2.79,4.81,2004,WR,ernest wilford,
Reggie Williams,Washington,75.75,225,,,,,,,,,2004,WR,reggie williams,
Roy Williams,Texas,74.5,211,,,,,,,,4.48,2004,WR,roy williams,
George Wilson,Arkansas,72.125,213,35.0,120.0,,3.98,7.07,1.6,2.71,4.55,2004,WR,george wilson,
Rashaun Woods,Oklahoma State,74.125,202,39.0,125.0,,3.97,6.93,1.63,2.64,4.51,2004,WR,rashaun woods,
Carlos Wright,Tennessee State,73.0,203,34.0,122.0,,4.31,7.12,1.61,2.76,4.73,2004,WR,carlos wright,
Kevin Youngblood,Clemson,76.375,213,34.0,,,,,,,,2004,WR,kevin youngblood,
Larry Brackins,Pearl River,76.375,205,35.0,112.0,,4.44,7.16,1.63,2.72,4.58,2005,WR,larry brackins,
Mark Bradley,Oklahoma,73.375,201,39.5,128.0,,3.98,6.96,1.6,2.64,4.47,2005,WR,mark bradley,
Craig Bragg,UCLA,72.625,196,36.0,,,,,1.6,,,2005,WR,craig bragg,
Reggie Brown,Georgia,73.625,196,41.5,128.0,,3.94,6.99,1.62,2.68,4.51,2005,WR,reggie brown,
Mark Clayton,Oklahoma,70.375,193,36.5,118.0,,4.07,6.95,1.55,2.59,4.41,2005,WR,mark clayton,
Airese Currie,Clemson,70.5,186,38.0,125.0,,4.07,7.05,1.72,2.76,4.57,2005,WR,airese currie,
Josh Davis,Marshall,72.375,191,37.5,118.0,,4.22,7.19,1.62,2.68,4.54,2005,WR,josh davis,
Braylon Edwards,Michigan,74.875,211,,,,,,,,,2005,WR,braylon edwards,
Charles Frederick,Washington,70.75,194,33.0,108.0,,4.25,7.39,1.65,2.8,4.86,2005,WR,charles frederick,
Fred Gibson,Georgia,76.0,196,38.5,126.0,,4.1,7.03,1.59,2.69,4.62,2005,WR,fred gibson,
Howard Gilmore,Norfolk State,72.0,194,36.0,113.0,,4.44,7.56,1.63,2.75,4.74,2005,WR,howard gilmore,
Reggie Harrell,Texas Christian,74.75,214,35.0,115.0,,4.11,7.42,1.65,2.74,4.64,2005,WR,reggie harrell,
Chris Henry,West Virginia,76.0,197,,,,,,1.64,2.68,4.5,2005,WR,chris henry,
Efrem Hill,Samford,72.5,179,37.5,124.0,,4.07,7.42,1.66,2.73,4.66,2005,WR,efrem hill,
Vincent Jackson,Northern Colorado,76.75,241,39.0,,,,,1.57,2.58,4.51,2005,WR,vincent jackson,
Brandon Jones,Oklahoma,73.375,208,37.0,114.0,,4.1,7.03,1.59,2.61,4.42,2005,WR,brandon jones,
Chase Lyman,California,74.625,217,,,,,,1.6,2.65,4.54,2005,WR,chase lyman,
Tony Madison,Hampton,73.5,213,39.0,121.0,,4.3,7.13,1.62,2.68,4.6,2005,WR,tony madison,
Tommy Manus,Morgan State,75.875,222,38.0,120.0,,4.34,7.2,1.65,2.71,4.59,2005,WR,tommy manus,
Rasheed Marshall,West Virginia,71.625,185,38.0,121.0,,3.95,6.81,1.6,2.67,4.56,2005,WR,rasheed marshall,
Jerome Mathis,Hampton,71.25,181,35.5,123.0,,,,1.56,2.56,4.32,2005,WR,jerome mathis,
Leron McCoy,Indiana (PA),73.5,211,37.0,120.0,,4.21,7.19,1.56,2.61,4.41,2005,WR,leron mccoy,
Lance Moore,Toledo,69.25,177,,,,,,,,,2005,WR,lance moore,
Terrence Murphy,Texas AM,72.875,202,,,,,,1.54,2.58,4.45,2005,WR,terrence murphy,
Chad Owens,Hawaii,67.375,183,37.0,116.0,,3.94,6.7,1.66,2.76,4.7,2005,WR,chad owens,
Roscoe Parrish,Miami (FL),69.75,170,,,,,,1.56,2.54,4.37,2005,WR,roscoe parrish,
Tab Perry,UCLA,74.5,229,34.0,116.0,,,7.0,1.63,2.65,4.52,2005,WR,tab perry,
Jamaica Rector,Northwest Missouri,69.75,186,36.5,122.0,,4.13,6.78,1.58,2.63,4.52,2005,WR,jamaica rector,
Dante Ridgeway,Ball State,71.125,212,33.0,117.0,,4.39,7.27,1.57,2.69,4.57,2005,WR,dante ridgeway,
Courtney Roby,Indiana,72.125,189,36.5,126.0,,3.94,6.6,1.56,2.59,4.36,2005,WR,courtney roby,
J.R. Russell,Louisville,75.0,206,34.5,,,,,1.54,2.62,4.56,2005,WR,j r russell,
Steve Savoy,Utah,70.875,192,,,,,,1.62,2.72,4.68,2005,WR,steve savoy,
Dan Sheldon,Northern Illinois,68.875,179,,,,,,1.57,2.6,4.47,2005,WR,dan sheldon,
Chauncey Stovall,Florida State,72.75,221,,,,,,1.66,2.78,4.71,2005,WR,chauncey stovall,
Craphonso Thorpe,Florida State,72.875,188,,,,,,,,,2005,WR,craphonso thorpe,
Paris Warren,Utah,72.375,219,31.5,,,,,1.7,2.79,4.77,2005,WR,paris warren,
Isaac West,Furman,71.75,187,37.0,124.0,,4.22,7.21,1.56,2.66,4.56,2005,WR,isaac west,
Roddy White,Alabama-Birmingham,73.25,207,,,,,,,,,2005,WR,roddy white,
Mike Williams,Southern California,76.625,229,36.5,,,,,1.66,2.7,4.56,2005,WR,mike williams,
Troy Williamson,South Carolina,73.375,203,37.0,,,4.18,7.1,1.58,2.57,4.32,2005,WR,troy williamson,
David Anderson,Colorado State,70.5,192,34.0,116.0,,4.2,6.88,1.63,2.69,4.62,2006,WR,david anderson,
Devin Aromashodu,Auburn,74.5,201,39.0,120.0,,4.16,7.04,1.53,2.55,4.35,2006,WR,devin aromashodu,
Miles Austin,Monmouth (NJ),74.125,215,40.5,123.0,21.0,4.14,7.09,1.57,2.61,4.51,2006,WR,miles austin,
Jason Avant,Michigan,72.5,212,37.0,118.0,20.0,,,,,,2006,WR,jason avant,
Hank Baskett,New Mexico,74.875,224,35.0,119.0,,4.17,6.79,1.59,2.64,4.49,2006,WR,hank baskett,
Damarius Bilbo,Georgia Tech,73.875,214,36.5,115.0,19.0,4.18,6.9,1.67,2.75,4.65,2006,WR,damarius bilbo,
Jeremy Bloom,Colorado,69.0,173,,,,,,1.57,2.62,4.53,2006,WR,jeremy bloom,
Jovon Bouknight,Wyoming,73.375,195,34.0,120.0,,4.03,6.93,1.65,2.76,4.72,2006,WR,jovon bouknight,
Jason Carter,Texas AM,71.625,211,33.0,116.0,,4.21,6.89,1.6,2.71,4.65,2006,WR,jason carter,
Marques Colston,Hofstra,76.625,224,37.0,123.0,16.0,4.43,6.94,1.59,2.66,4.54,2006,WR,marques colston,
Chris Denney,Nebraska-Omaha,75.0,224,33.0,110.0,13.0,4.33,7.02,1.63,2.71,4.65,2006,WR,chris denney,
Skyler Green,LSU,69.125,192,34.0,118.0,,,,1.58,2.65,4.53,2006,WR,skyler green,
Derek Hagan,Arizona State,73.75,208,36.0,124.0,,4.07,,1.52,2.58,4.46,2006,WR,derek hagan,
Chris Hannon,Tennessee,75.25,205,34.5,122.0,,,,1.53,2.57,4.47,2006,WR,chris hannon,
Mike Hass,Oregon State,72.625,208,32.0,116.0,,4.14,6.97,1.59,2.62,4.61,2006,WR,mike hass,
Devin Hester,Miami (FL),70.625,190,38.0,124.0,16.0,,,1.58,2.61,4.43,2006,WR,devin hester,
Ed Hinkel,Iowa,72.25,190,34.0,116.0,,4.1,6.97,1.59,2.65,4.54,2006,WR,ed hinkel,
Santonio Holmes,Ohio State,70.625,188,,,,,,,,,2006,WR,santonio holmes,
Chad Jackson,Florida,72.875,213,38.5,122.0,,3.97,6.73,1.54,2.55,4.34,2006,WR,chad jackson,
Adam Jennings,Fresno State,69.125,181,37.5,118.0,,4.12,6.88,1.57,2.56,4.48,2006,WR,adam jennings,
Greg Jennings,Western Michigan,71.125,197,36.5,117.0,,4.16,6.68,1.56,2.62,4.46,2006,WR,greg jennings,
Greg Lee,Pittsburgh,73.625,201,35.5,114.0,,4.09,6.8,1.61,2.71,4.64,2006,WR,greg lee,
Brandon Marshall,Central Florida,76.5,229,37.0,120.0,,,,1.6,2.68,4.56,2006,WR,brandon marshall,
Anthony Mix,Auburn,76.25,235,31.5,111.0,,,,1.6,2.65,4.49,2006,WR,anthony mix,
Sinorice Moss,Miami (FL),68.0,185,,,,,,1.55,2.58,4.41,2006,WR,sinorice moss,
Martin Nance,Miami (OH),76.25,213,33.5,112.0,,4.08,6.91,1.59,2.65,4.58,2006,WR,martin nance,
Ben Obomanu,Auburn,73.0,205,38.0,116.0,,4.21,7.17,1.59,2.62,4.45,2006,WR,ben obomanu,
Jonathan Orr,Wisconsin,74.125,198,35.5,119.0,,4.16,7.31,1.56,2.62,4.41,2006,WR,jonathan orr,
Willie Reid,Florida State,70.5,188,37.5,117.0,,4.26,7.06,1.53,2.59,4.37,2006,WR,willie reid,
Michael Robinson,Penn State,73.375,227,,,,,,,,,2006,WR,michael robinson,
Cory Rodgers,Texas Christian,71.875,188,33.5,110.0,,4.19,7.37,1.63,2.7,4.65,2006,WR,cory rodgers,
Richie Ross,Nebraska-Kearney,75.875,209,37.0,120.0,,4.29,6.95,1.62,2.72,4.66,2006,WR,richie ross,
Brad Smith,Missouri,74.125,213,39.5,128.0,,4.33,7.0,1.58,2.64,4.54,2006,WR,brad smith,
Clinton Solomon,Iowa,74.75,214,33.0,114.0,,4.46,7.17,1.6,2.68,4.55,2006,WR,clinton solomon,
Maurice Stovall,Notre Dame,76.375,217,35.0,122.0,,4.14,6.81,1.62,2.68,4.58,2006,WR,maurice stovall,
Delanie Walker,Central Missouri,73.25,240,36.5,118.0,,,,1.61,2.67,4.54,2006,WR,delanie walker,
Todd Watkins,Brigham Young,74.375,202,36.0,118.0,15.0,4.24,7.13,1.54,2.57,4.44,2006,WR,todd watkins,
Jeff Webb,San Diego State,74.125,211,37.0,126.0,,4.08,6.81,1.54,2.59,4.44,2006,WR,jeff webb,
Demetrius Williams,Oregon,73.75,197,38.0,127.0,,4.08,6.84,,,,2006,WR,demetrius williams,
Brandon Williams,Wisconsin,69.375,179,34.5,115.0,,4.07,6.87,1.56,2.6,4.51,2006,WR,brandon williams,
Travis Wilson,Oklahoma,74.0,214,36.5,120.0,,3.99,6.7,1.6,2.65,4.52,2006,WR,travis wilson,
Aundrae Allison,East Carolina,72.25,198,37.0,127.0,,,,1.51,2.53,4.39,2007,WR,aundrae allison,
Dallas Baker,Florida,75.125,208,36.0,129.0,,4.19,6.69,1.58,2.66,4.59,2007,WR,dallas baker,
David Ball,New Hampshire,72.875,196,,,,4.21,6.94,,,,2007,WR,david ball,
Reggie Ball,Georgia Tech,70.625,203,30.0,112.0,15.0,4.19,6.9,1.66,2.75,4.82,2007,WR,reggie ball,
Dwayne Bowe,LSU,74.25,221,33.0,125.0,,4.35,6.81,1.64,2.69,4.57,2007,WR,dwayne bowe,
Steve Breaston,Michigan,72.375,193,33.0,124.0,,4.29,6.9,1.55,2.55,4.41,2007,WR,steve breaston,
David Clowney,Virginia Tech,72.25,188,32.5,123.0,,4.15,7.0,1.57,2.54,4.4,2007,WR,david clowney,
Jemalle Cornelius,Florida,70.75,184,34.5,123.0,,4.3,6.99,1.63,2.66,4.62,2007,WR,jemalle cornelius,
Buster Davis,Georgia Tech,73.375,207,,,,,,1.61,2.63,4.49,2007,WR,buster davis,
Chris Davis,Florida State,70.25,181,35.5,115.0,,4.14,6.66,1.57,2.63,4.52,2007,WR,chris davis,
Aaron Fairooz,Central Arkansas,77.75,209,36.0,125.0,,4.27,6.89,1.57,2.57,4.49,2007,WR,aaron fairooz,
Yamon Figurs,Kansas State,71.25,174,,123.0,,4.21,6.85,1.56,2.55,4.35,2007,WR,yamon figurs,
Joel Filani,Texas Tech,74.125,211,32.5,117.0,17.0,,,1.63,2.66,4.55,2007,WR,joel filani,
Ted Ginn,Maryland,71.25,178,,,,,,,,,2007,WR,ted ginn,
Anthony Gonzalez,Ohio State,72.0,193,38.0,123.0,,4.08,6.54,1.57,2.59,4.46,2007,WR,anthony gonzalez,
Jarrett Hicks,Texas Tech,74.875,210,34.5,120.0,,,,1.7,2.77,4.71,2007,WR,jarrett hicks,
Johnnie Lee Higgins,Texas-El Paso,71.375,186,36.5,122.0,,4.32,6.62,1.58,2.63,4.53,2007,WR,johnnie lee higgins,
Jason Hill,Washington State,72.5,204,37.0,123.0,,4.22,7.02,1.53,2.51,4.38,2007,WR,jason hill,
Jonathan Holland,Michigan State,71.75,191,35.5,120.0,15.0,4.4,7.12,1.57,2.58,4.48,2007,WR,jonathan holland,
Drisan James,Boise State,72.0,193,39.0,126.0,14.0,4.39,7.09,1.6,2.65,4.52,2007,WR,drisan james,
Dwayne Jarrett,Southern California,76.0,219,,,,,,,,,2007,WR,dwayne jarrett,
Calvin Johnson,Georgia Tech,77.0,239,,,,,,1.55,2.58,4.4,2007,WR,calvin johnson,
Onrea Jones,Hampton,71.125,202,39.0,121.0,,4.28,7.05,1.66,2.71,4.6,2007,WR,onrea jones,
Jacoby Jones,Lane (TN),74.625,210,34.0,129.0,,4.31,7.03,1.65,2.66,4.53,2007,WR,jacoby jones,
James Jones,San Jose State,72.75,207,34.0,119.0,22.0,4.2,7.06,1.63,2.67,4.6,2007,WR,james jones,
Jordan Kent,Oregon,76.125,217,,,,,,,,,2007,WR,jordan kent,
Mike Mason,Tennessee State,71.625,190,39.5,129.0,,4.08,6.94,1.59,2.6,4.45,2007,WR,mike mason,
Marquay McDaniel,Hampton,70.5,205,33.5,114.0,19.0,4.35,7.13,1.56,2.64,4.57,2007,WR,marquay mcdaniel,
Rhema McKnight,Notre Dame,73.25,211,34.0,118.0,,4.16,6.84,,,,2007,WR,rhema mcknight,
Robert Meachem,Tennessee,74.0,214,37.5,121.0,,4.31,6.97,1.53,2.54,4.42,2007,WR,robert meachem,
Ryan Moore,Miami (FL),74.25,217,32.0,110.0,,4.35,6.87,1.6,2.65,4.56,2007,WR,ryan moore,
Legedu Naanee,Boise State,74.25,225,40.0,119.0,19.0,,,1.56,2.59,4.45,2007,WR,legedu naanee,
Syvelle Newton,South Carolina,72.75,218,,,20.0,,,1.64,2.7,4.7,2007,WR,syvelle newton,
Jerard Rabb,Boise State,74.375,201,36.5,125.0,,4.19,6.99,1.59,2.66,4.63,2007,WR,jerard rabb,
Sidney Rice,South Carolina,75.5,200,39.5,119.0,,4.34,7.09,1.58,2.64,4.53,2007,WR,sidney rice,
Laurent Robinson,Illinois State,74.0,199,39.0,127.0,19.0,4.28,6.83,1.53,2.5,4.41,2007,WR,laurent robinson,
Ryne Robinson,Miami (OH),69.125,179,35.0,123.0,,4.21,6.71,1.61,2.65,4.54,2007,WR,ryne robinson,
Mike Walker,Missouri,73.75,209,36.5,121.0,18.0,4.39,6.92,1.58,2.59,4.45,2007,WR,mike walker,
Bret Smith,Tennessee,74.125,173,,,,,,,,,2007,WR,bret smith,
Steve Smith,Southern California,71.75,197,38.0,120.0,,4.19,6.68,1.54,2.58,4.45,2007,WR,steve smith,
Syndric Steptoe,Arizona,68.625,194,33.0,,17.0,,,1.65,2.68,4.61,2007,WR,syndric steptoe,
Chansi Stuckey,Clemson,70.625,197,35.0,120.0,,4.14,6.91,1.61,2.67,4.6,2007,WR,chansi stuckey,
Jayson Swain,Tennessee,72.375,212,33.0,,,,,1.62,2.67,4.62,2007,WR,jayson swain,
Courtney Taylor,Auburn,73.75,204,36.0,122.0,,4.28,7.22,1.52,2.56,4.51,2007,WR,courtney taylor,
Paul Thompson,Oklahoma,75.625,216,33.5,127.0,,4.11,6.81,1.61,2.68,4.63,2007,WR,paul thompson,
Matt Trannon,Michigan State,78.0,216,36.5,118.0,13.0,4.34,7.09,1.59,2.66,4.58,2007,WR,matt trannon,
Chandler Williams,Florida International,70.75,184,32.5,123.0,,4.29,6.99,1.6,2.59,4.5,2007,WR,chandler williams,
Paul Williams,Fresno State,73.25,205,38.5,125.0,,4.24,7.03,1.61,2.62,4.53,2007,WR,paul williams,
DJuan Woods,Oklahoma State,72.5,208,36.5,120.0,,4.34,6.89,1.59,2.67,4.65,2007,WR,djuan woods,
Danny Amendola,Texas Tech,70.5,183,27.5,103.0,13.0,4.25,6.81,1.63,2.71,4.7,2008,WR,danny amendola,
Adrian Arrington,Michigan,74.875,203,,,,,,,,,2008,WR,adrian arrington,
Donnie Avery,Houston,71.0,192,,,16.0,,,1.56,2.6,4.49,2008,WR,donnie avery,
Earl Bennett,Vanderbilt,71.5,209,26.0,110.0,15.0,4.22,7.15,1.51,2.56,4.48,2008,WR,earl bennett,
Davone Bess,Hawaii,69.875,194,31.5,118.0,12.0,4.27,6.97,1.54,2.61,4.64,2008,WR,davone bess,
Todd Blythe,Iowa State,76.875,214,31.5,118.0,,4.23,6.92,1.61,2.67,4.65,2008,WR,todd blythe,
Adarius Bowman,Oklahoma State,74.875,223,,,14.0,,,1.64,2.72,4.74,2008,WR,adarius bowman,
Mark Bradford,Stanford,72.75,211,36.5,120.0,19.0,4.47,7.12,1.59,2.66,4.69,2008,WR,mark bradford,
Brandon Breazell,UCLA,71.625,160,30.5,115.0,,,6.97,1.57,2.59,4.47,2008,WR,brandon breazell,
Travis Brown,New Mexico,74.125,202,30.0,120.0,13.0,4.38,7.18,1.58,2.65,4.64,2008,WR,travis brown,
Dorien Bryant,Purdue,69.75,174,,119.0,,4.24,6.88,1.61,2.57,4.49,2008,WR,dorien bryant,
Keenan Burton,Kentucky,72.5,201,38.5,125.0,10.0,4.2,6.77,1.56,2.59,4.49,2008,WR,keenan burton,
Andre Caldwell,Florida,72.25,204,33.0,124.0,,4.11,6.75,1.55,2.55,4.37,2008,WR,andre caldwell,
Early Doucet,LSU,72.125,209,,,,,,,,,2008,WR,early doucet,
Harry Douglas,Louisville,71.25,176,31.0,120.0,,4.12,6.57,1.54,2.58,4.51,2008,WR,harry douglas,
DeCody Fagg,Florida State,73.25,211,,,,,,1.57,2.63,4.61,2008,WR,decody fagg,
Will Franklin,Missouri,72.5,214,34.5,,,,,1.53,2.53,4.37,2008,WR,will franklin,
Pierre Garcon,Mount Union,71.875,210,36.5,125.0,20.0,4.19,6.9,1.57,2.57,4.48,2008,WR,pierre garcon,
Ryan Grice-Mullen,Hawaii,70.0,187,27.5,118.0,17.0,4.16,6.91,1.55,2.58,4.53,2008,WR,ryan grice mullen,
D.J. Hall,Alabama,73.875,193,29.5,122.0,,,,1.55,2.6,4.54,2008,WR,d j hall,
James Hardy,Indiana,77.375,217,31.5,125.0,18.0,4.2,6.84,1.56,2.58,4.49,2008,WR,james hardy,
Justin Harper,Virginia Tech,75.5,213,28.5,120.0,,4.43,7.03,1.54,2.61,4.56,2008,WR,justin harper,
Lavelle Hawkins,California,71.0,187,,117.0,14.0,,,1.58,2.64,4.59,2008,WR,lavelle hawkins,
Marcus Henry,Kansas,75.625,207,31.5,126.0,,4.3,7.08,1.59,2.65,4.55,2008,WR,marcus henry,
Paul Hubbard,Wisconsin,74.75,221,29.5,126.0,15.0,,,1.57,2.61,4.49,2008,WR,paul hubbard,
Dexter Jackson,Appalachian State,69.5,182,29.5,122.0,,4.38,6.81,1.53,2.54,4.37,2008,WR,dexter jackson,
DeSean Jackson,California,69.75,169,,120.0,,,,1.55,2.53,4.35,2008,WR,desean jackson,
Darnell Jenkins,Miami (FL),69.25,187,26.5,115.0,13.0,4.37,7.33,1.64,2.76,4.67,2008,WR,darnell jenkins,
Jaymar Johnson,Jackson State,71.125,177,32.0,118.0,14.0,4.18,6.75,1.56,2.63,4.53,2008,WR,jaymar johnson,
Stevie Johnson,Michigan State,73.875,210,32.5,121.0,,4.26,7.07,1.59,2.62,4.59,2008,WR,stevie johnson,
Malcolm Kelly,Oklahoma,75.75,224,,,,,,,,,2008,WR,malcolm kelly,
Mario Manningham,Michigan,71.75,181,32.0,117.0,16.0,4.27,7.34,1.57,2.65,4.6,2008,WR,mario manningham,
Shaheer McBride,Delaware State,73.5,205,29.0,112.0,,4.48,7.12,1.52,2.72,4.61,2008,WR,shaheer mcbride,
Marcus Monk,Arkansas,76.25,222,34.5,119.0,9.0,4.3,7.08,1.6,2.69,4.63,2008,WR,marcus monk,
Kenny Moore,Wake Forest,70.75,195,28.0,120.0,,4.3,7.09,1.53,2.61,4.51,2008,WR,kenny moore,
Josh Morgan,Virginia Tech,72.25,219,,,,,,,,,2008,WR,josh morgan,
Jordy Nelson,Kansas State,74.625,217,31.0,123.0,,4.35,7.03,1.57,2.64,4.51,2008,WR,jordy nelson,
Brian Paysinger,Oregon,73.625,206,,,,,,,,,2008,WR,brian paysinger,
Billy Pittman,Texas,71.125,189,32.5,114.0,12.0,4.4,7.04,1.63,2.77,4.77,2008,WR,billy pittman,
Maurice Purify,Nebraska,75.125,224,28.5,117.0,,4.29,6.95,1.55,2.61,4.55,2008,WR,maurice purify,
Darius Reynaud,West Virginia,69.25,201,34.5,130.0,20.0,4.32,6.88,1.53,2.58,4.5,2008,WR,darius reynaud,
Jason Rivers,Hawaii,73.25,200,30.0,118.0,,4.32,7.03,1.56,2.64,4.62,2008,WR,jason rivers,
Kevin Robinson,Utah State,71.5,202,27.5,115.0,,4.77,7.31,1.61,2.72,4.69,2008,WR,kevin robinson,
Eddie Royal,Virginia Tech,69.625,184,36.0,124.0,24.0,4.34,7.07,1.48,2.55,4.39,2008,WR,eddie royal,
Lorne Sam,Texas-El Paso,74.375,220,33.0,122.0,23.0,4.35,7.11,1.54,2.62,4.59,2008,WR,lorne sam,
Arman Shields,Richmond,72.75,194,37.5,128.0,19.0,3.96,6.67,1.51,2.56,4.44,2008,WR,arman shields,
Jerome Simpson,Coastal Carolina,73.75,199,37.5,136.0,,4.52,7.08,1.55,2.57,4.47,2008,WR,jerome simpson,
Marcus Smith,New Mexico,73.375,221,26.5,111.0,20.0,4.42,7.1,1.54,2.61,4.51,2008,WR,marcus smith,
Taj Smith,Syracuse,72.375,187,35.0,119.0,,4.5,7.15,1.6,2.67,4.59,2008,WR,taj smith,
Limas Sweed,Texas,75.875,215,35.0,,,,,1.58,2.65,4.55,2008,WR,limas sweed,
Devin Thomas,Michigan State,73.875,216,28.0,126.0,,4.26,7.15,1.48,2.52,4.4,2008,WR,devin thomas,
Mario Urrutia,Louisville,77.375,232,30.0,115.0,16.0,4.44,7.07,1.6,2.66,4.62,2008,WR,mario urrutia,
Joe West,Texas-El Paso,73.125,213,32.0,113.0,20.0,4.33,6.96,1.53,2.62,4.57,2008,WR,joe west,
Ramses Barden,Cal Poly,78.0,229,33.5,118.0,17.0,4.26,,1.7,2.75,4.66,2009,WR,ramses barden,
Kenny Britt,Rutgers,74.875,218,37.0,124.0,23.0,4.47,,1.63,2.71,4.56,2009,WR,kenny britt,
Deon Butler,Penn State,70.375,182,34.5,118.0,12.0,4.48,7.01,1.58,2.59,4.38,2009,WR,deon butler,
Demetrius Byrd,LSU,72.25,199,31.5,117.0,,,,1.57,2.6,4.42,2009,WR,demetrius byrd,
Jeremy Childs,Boise State,71.625,200,33.5,115.0,,4.26,6.9,1.65,2.72,4.69,2009,WR,jeremy childs,
Austin Collie,Brigham Young,72.875,200,34.0,120.0,17.0,4.24,6.78,1.63,2.69,4.63,2009,WR,austin collie,
Quan Cosby,Texas,68.625,196,,,,4.47,7.28,1.6,2.7,4.57,2009,WR,quan cosby,
Michael Crabtree,Texas Tech,73.375,215,,,,,,,,,2009,WR,michael crabtree,
Jarett Dillard,Rice,70.25,191,42.5,129.0,13.0,4.41,7.1,1.6,2.65,4.57,2009,WR,jarett dillard,
Dominique Edison,Stephen F. Austin,74.125,204,37.0,120.0,,4.18,,1.63,2.62,4.47,2009,WR,dominique edison,
Brooks Foster,North Carolina,72.5,211,,,27.0,,,,,,2009,WR,brooks foster,
Brandon Gibson,Washington State,72.375,210,,,,,,,,,2009,WR,brandon gibson,
Brian Hartline,Ohio State,73.625,195,34.5,120.0,,4.12,6.65,1.63,2.7,4.58,2009,WR,brian hartline,
Percy Harvin,Florida,71.125,192,,,19.0,,,1.59,2.6,4.41,2009,WR,percy harvin,
Darrius Heyward-Bey,Maryland,73.625,210,38.5,126.0,16.0,4.18,6.8,1.54,2.54,4.3,2009,WR,darrius heyward bey,
Juaquin Iglesias,Oklahoma,72.875,210,34.5,116.0,,4.4,,1.64,2.66,4.54,2009,WR,juaquin iglesias,
Taurus Johnson,South Florida,72.25,206,35.5,121.0,18.0,4.24,7.37,1.66,2.69,4.52,2009,WR,taurus johnson,
Manuel Johnson,Oklahoma,70.875,189,,,,,,,,,2009,WR,manuel johnson,
Aaron Kelly,Clemson,76.5,204,38.0,119.0,11.0,4.45,7.25,1.57,2.58,4.49,2009,WR,aaron kelly,
Johnny Knox,Abilene Christian,71.5,185,35.0,122.0,,4.15,6.81,1.54,2.56,4.34,2009,WR,johnny knox,
Quinten Lawrence,McNeese,71.625,184,,,20.0,,,,,,2009,WR,quinten lawrence,
Jeremy Maclin,Missouri,72.125,198,,,,,,1.62,2.63,4.48,2009,WR,jeremy maclin,
Brennan Marion,Tulsa,71.375,187,,,,,,,,,2009,WR,brennan marion,
Mohamed Massaquoi,Georgia,73.5,210,36.5,127.0,,,,1.68,2.73,4.66,2009,WR,mohamed massaquoi,
Kenny McKinley,South Carolina,72.375,189,37.0,113.0,,4.1,6.96,1.59,2.6,4.44,2009,WR,kenny mckinley,
Andrew Means,Indiana,72.625,214,34.5,116.0,12.0,4.21,6.85,1.63,2.68,4.52,2009,WR,andrew means,
Marko Mitchell,Nevada,75.625,218,32.0,116.0,9.0,4.33,7.04,1.63,2.64,4.49,2009,WR,marko mitchell,
Louis Murphy,Florida,74.375,203,,,12.0,,,1.59,2.58,4.43,2009,WR,louis murphy,
Hakeem Nicks,North Carolina,72.75,212,36.0,,,,,1.7,2.74,4.63,2009,WR,hakeem nicks,
Jordan Norwood,Penn State,70.875,179,38.0,119.0,,4.2,6.8,1.61,2.66,4.62,2009,WR,jordan norwood,
Kevin Ogletree,Virginia,72.5,196,36.0,122.0,,4.08,6.67,1.61,2.6,4.46,2009,WR,kevin ogletree,
Greg Orton,Purdue,74.625,207,38.0,125.0,22.0,4.33,6.9,1.68,2.75,4.75,2009,WR,greg orton,
Darius Passmore,Marshall,72.375,188,33.5,,,,,1.71,2.73,4.59,2009,WR,darius passmore,
David Richmond,San Jose State,73.75,197,36.5,,,4.42,,1.67,2.71,4.66,2009,WR,david richmond,
Brian Robiskie,Ohio State,74.875,209,37.5,,,4.19,6.72,1.64,2.67,4.59,2009,WR,brian robiskie,
Sammie Stroughter,Oregon State,69.375,189,30.0,110.0,13.0,4.28,7.03,1.65,2.69,4.59,2009,WR,sammie stroughter,
Nate Swift,Nebraska,73.375,203,35.5,110.0,12.0,4.24,6.78,1.65,2.75,4.7,2009,WR,nate swift,
Brandon Tate,North Carolina,71.875,183,,,,,,,,,2009,WR,brandon tate,
Mike Thomas,Arizona,67.875,195,40.5,126.0,,4.28,6.65,1.61,2.59,4.4,2009,WR,mike thomas,
Patrick Turner,Southern California,77.125,223,,,,,,,,,2009,WR,patrick turner,
Tiquan Underwood,Rutgers,73.125,184,41.5,129.0,7.0,4.11,6.62,1.59,2.59,4.41,2009,WR,tiquan underwood,
Mike Wallace,Mississippi,72.375,199,40.0,129.0,14.0,4.27,6.9,1.56,2.54,4.33,2009,WR,mike wallace,
Jaison Williams,Oregon,76.125,237,35.5,118.0,14.0,4.56,7.37,1.74,2.75,4.72,2009,WR,jaison williams,
Derrick Williams,Penn State,71.5,194,33.0,,15.0,,,1.64,2.72,4.68,2009,WR,derrick williams,
Seyi Ajirotutu,Fresno State,75.375,204,36.0,115.0,14.0,4.39,7.22,1.6,2.66,4.65,2010,WR,seyi ajirotutu,
Danario Alexander,Missouri,76.625,215,,,,,,,,,2010,WR,danario alexander,
Alric Arnett,West Virginia,73.75,188,40.0,122.0,,4.43,7.03,1.53,2.6,4.55,2010,WR,alric arnett,
Brandon Banks,Kansas State,66.75,149,31.0,113.0,,4.29,6.88,1.56,2.58,4.43,2010,WR,brandon banks,
Chris Bell,Norfolk State,74.125,211,35.0,117.0,15.0,4.35,6.76,1.62,2.67,4.54,2010,WR,chris bell,
Arrelious Benn,Illinois,73.0,219,37.0,118.0,20.0,,,1.57,2.66,4.59,2010,WR,arrelious benn,
Nyan Boateng,California,73.0,204,36.0,112.0,14.0,4.69,7.35,1.66,2.75,4.75,2010,WR,nyan boateng,
Dezmon Briscoe,Kansas,74.0,207,33.0,115.0,9.0,4.57,7.1,1.65,2.72,4.71,2010,WR,dezmon briscoe,
Antonio Brown,Central Michigan,70.125,186,33.5,105.0,13.0,4.18,6.98,1.58,2.64,4.57,2010,WR,antonio brown,
Dez Bryant,Oklahoma State,74.0,225,,,,,,,,,2010,WR,dez bryant,
Chris Carter,California-Davis,71.375,191,,,12.0,,,,,,2010,WR,chris carter,
Riley Cooper,Florida,75.375,222,33.0,114.0,,,,1.6,2.64,4.56,2010,WR,riley cooper,
Eric Decker,Minnesota,75.125,217,,,15.0,,,,,,2010,WR,eric decker,
Marcus Easley,Connecticut,74.75,210,34.0,123.0,16.0,4.6,6.94,1.54,2.59,4.46,2010,WR,marcus easley,
Armanti Edwards,Appalachian State,70.875,187,,,,,,,,,2010,WR,armanti edwards,
Jacoby Ford,Clemson,68.875,186,33.5,115.0,15.0,4.44,7.0,1.48,2.5,4.28,2010,WR,jacoby ford,
David Gettis,Baylor,75.0,217,34.5,124.0,15.0,4.41,6.94,1.58,2.65,4.51,2010,WR,david gettis,
Mardy Gilyard,Cincinnati,71.875,187,39.0,116.0,,4.4,6.92,1.61,2.65,4.64,2010,WR,mardy gilyard,
Shay Hodge,Mississippi,73.25,209,33.5,117.0,11.0,4.32,6.9,1.58,2.65,4.64,2010,WR,shay hodge,
Trindon Holliday,LSU,65.25,166,42.0,116.0,10.0,4.48,6.54,1.52,2.58,4.34,2010,WR,trindon holliday,
Donald Jones,Youngstown State,72.375,214,41.0,119.0,20.0,4.2,6.9,1.57,2.62,4.54,2010,WR,donald jones,
Kevin Jurovich,San Jose State,70.625,188,,,14.0,,,,,,2010,WR,kevin jurovich,
Brandon LaFell,LSU,74.5,211,36.0,115.0,,4.23,6.81,1.64,2.75,4.65,2010,WR,brandon lafell,
Scott Long,Louisville,74.125,216,41.5,123.0,20.0,4.09,6.45,1.51,2.61,4.46,2010,WR,scott long,
Dexter McCluster,Mississippi,68.75,172,37.5,118.0,20.0,4.06,,1.61,2.75,4.58,2010,WR,dexter mccluster,
Chris McGaha,Arizona State,72.875,201,40.0,122.0,19.0,4.21,,,,,2010,WR,chris mcgaha,
Kerry Meier,Kansas,74.125,224,35.0,115.0,13.0,4.23,,1.58,,4.66,2010,WR,kerry meier,
Carlton Mitchell,South Florida,74.875,215,36.0,122.0,16.0,4.55,6.96,1.54,2.6,4.49,2010,WR,carlton mitchell,
Preston Parker,North Alabama,71.25,199,35.0,117.0,16.0,4.16,,1.63,2.71,4.66,2010,WR,preston parker,
Jared Perry,Missouri,72.75,178,33.5,121.0,11.0,4.39,6.75,1.49,2.57,4.51,2010,WR,jared perry,
Taylor Price,Ohio,72.375,204,37.0,114.0,16.0,4.34,6.82,1.52,2.56,4.41,2010,WR,taylor price,
David Reed,Utah,72.125,191,37.0,114.0,15.0,4.38,6.95,1.59,2.65,4.6,2010,WR,david reed,
Andre Roberts,Citadel,70.875,195,36.0,120.0,15.0,4.15,6.77,1.59,,4.46,2010,WR,andre roberts,
Emmanuel Sanders,Southern Methodist,70.875,186,39.5,126.0,12.0,4.1,6.64,1.49,,4.41,2010,WR,emmanuel sanders,
Jordan Shipley,Texas,71.25,193,36.5,116.0,16.0,,,1.6,,4.64,2010,WR,jordan shipley,
Golden Tate,Notre Dame,70.25,199,35.0,120.0,17.0,4.34,7.12,1.54,,4.42,2010,WR,golden tate,
Demaryius Thomas,Georgia Tech,75.25,224,,,,,,,,,2010,WR,demaryius thomas,
Verran Tucker,California,73.625,200,,,,,,,,,2010,WR,verran tucker,
Chastin West,Fresno State,72.375,212,33.5,113.0,15.0,,,1.65,,4.61,2010,WR,chastin west,
Blair White,Michigan State,74.25,209,33.5,115.0,18.0,4.03,6.69,1.56,,4.54,2010,WR,blair white,
Mike Williams,Syracuse,73.5,221,33.5,116.0,8.0,4.31,6.9,1.54,,4.56,2010,WR,mike williams,
Stephen Williams,Toledo,76.5,210,36.5,125.0,15.0,4.11,6.81,1.5,,4.51,2010,WR,stephen williams,
Jeremy Williams,Tulane,72.125,206,36.0,117.0,14.0,,6.73,1.56,,4.64,2010,WR,jeremy williams,
Damian Williams,Southern California,72.625,197,38.0,118.0,19.0,4.24,6.79,1.57,,4.52,2010,WR,damian williams,
Kyle Williams,Arizona State,70.0,188,33.0,118.0,11.0,4.19,7.0,1.55,,4.43,2010,WR,kyle williams,
Ryan Wolfe,UNLV,73.0,205,,,13.0,,,,,,2010,WR,ryan wolfe,
Darvin Adams,Auburn,74.125,190,,,,,,1.67,2.74,4.65,2011,WR,darvin adams,
Jon Baldwin,Pittsburgh,76.375,228,42.0,129.0,20.0,4.34,7.07,1.59,2.66,4.52,2011,WR,jon baldwin,
Armon Binns,Cincinnati,75.0,209,31.5,118.0,13.0,4.31,6.86,1.57,2.64,4.58,2011,WR,armon binns,
Vincent Brown  W,Miami (FL),71.25,187,33.5,121.0,12.0,4.25,6.64,1.66,2.76,4.8,2011,WR,vincent brown w,
DeAndre Brown,Southern Miss,77.625,233,29.0,117.0,20.0,4.33,6.93,1.65,2.74,4.69,2011,WR,deandre brown,
Stephen Burton,West Texas AM,73.375,221,34.5,117.0,19.0,4.31,7.04,1.59,2.66,4.56,2011,WR,stephen burton,396.0
Randall Cobb,Kentucky,70.25,191,33.5,115.0,16.0,4.34,7.08,1.6,2.66,4.55,2011,WR,randall cobb,397.0
Mark Dell,Michigan State,72.25,193,,,14.0,,,,,,2011,WR,mark dell,
Tandon Doss,Indiana,74.0,201,,,14.0,,,,,,2011,WR,tandon doss,398.0
Clyde Gates,Abilene Christian,71.75,192,40.0,131.0,16.0,,,1.62,2.63,4.49,2011,WR,clyde gates,399.0
A.J. Green,Georgia,75.625,211,34.5,126.0,18.0,4.21,6.91,1.56,2.63,4.49,2011,WR,a j green,400.0
Tori Gurley,South Carolina,76.125,216,33.5,118.0,15.0,4.25,7.05,1.64,2.72,4.68,2011,WR,tori gurley,
Jamel Hamler,Fresno State,73.0,193,32.0,112.0,4.0,4.18,7.16,1.6,2.7,4.68,2011,WR,jamel hamler,
Leonard Hankerson,Miami (FL),73.5,209,36.0,117.0,14.0,4.21,6.94,1.59,2.63,4.53,2011,WR,leonard hankerson,401.0
Dwayne Harris,East Carolina,70.375,203,34.0,111.0,10.0,4.21,6.77,1.67,2.7,4.63,2011,WR,dwayne harris,402.0
Andre Holmes,Hillsdale,76.375,210,35.0,130.0,11.0,4.31,6.69,1.64,2.72,4.61,2011,WR,andre holmes,
Lestar Jean,Florida Atlantic,75.0,215,37.5,113.0,14.0,4.43,7.45,1.62,2.69,4.66,2011,WR,lestar jean,
Jerrel Jernigan,Troy,68.875,185,37.5,124.0,11.0,4.25,7.07,1.56,2.59,4.47,2011,WR,jerrel jernigan,403.0
Ronald Johnson,Southern California,71.25,199,,,16.0,,,1.61,2.67,4.57,2011,WR,ronald johnson,404.0
Julio Jones,Alabama,74.75,220,38.5,135.0,17.0,4.25,6.66,1.53,2.54,4.42,2011,WR,julio jones,405.0
Jeremy Kerley,Texas Christian,69.5,189,34.5,120.0,16.0,,,1.63,2.71,4.67,2011,WR,jeremy kerley,406.0
Greg Little,North Carolina,74.5,231,40.5,129.0,27.0,4.21,6.8,1.57,2.65,4.6,2011,WR,greg little,407.0
Ricardo Lockette,Fort Valley State,74.125,211,35.5,127.0,,4.19,7.15,1.56,2.57,4.41,2011,WR,ricardo lockette,
Jeff Maehl,Oregon,72.875,190,33.5,115.0,,3.94,6.42,1.68,2.78,4.69,2011,WR,jeff maehl,
Denarius Moore,Tennessee,71.625,194,36.0,118.0,13.0,4.15,6.78,1.56,2.6,4.5,2011,WR,denarius moore,408.0
Joseph Morgan,Michigan State,72.5,189,35.5,123.0,10.0,4.25,6.91,1.59,2.62,4.48,2011,WR,joseph morgan,
O.J. Murdock,Fort Hays State,70.5,197,34.5,116.0,15.0,4.37,,1.61,2.69,4.59,2011,WR,o j murdock,
Jamar Newsome,Central Florida,72.5,200,38.5,129.0,13.0,4.22,6.83,1.67,2.7,4.56,2011,WR,jamar newsome,
Niles Paul,Nebraska,72.875,224,34.5,117.0,24.0,4.14,6.9,1.55,2.62,4.57,2011,WR,niles paul,409.0
Austin Pettis,Boise State,74.625,209,33.5,120.0,14.0,3.88,6.68,1.6,2.65,4.62,2011,WR,austin pettis,410.0
Kealoha Pilares,Hawaii,69.875,199,,,19.0,,,,,,2011,WR,kealoha pilares,411.0
Aldrick Robinson,Southern Methodist,69.625,184,40.0,126.0,17.0,4.09,6.65,1.58,2.6,4.48,2011,WR,aldrick robinson,412.0
Greg Salas,Hawaii,73.125,210,37.0,120.0,15.0,4.1,6.65,1.58,2.66,4.56,2011,WR,greg salas,413.0
DeMarco Sampson,San Diego State,74.0,204,,,14.0,,,,,,2011,WR,demarco sampson,414.0
Jock Sanders,West Virginia,66.125,181,34.5,121.0,19.0,4.13,6.78,1.57,2.66,4.58,2011,WR,jock sanders,
Dane Sanzenbacher,Ohio State,71.375,182,33.5,118.0,,3.97,6.46,1.62,2.68,4.57,2011,WR,dane sanzenbacher,
Cecil Shorts,Missouri,71.75,205,34.5,114.0,21.0,4.07,6.5,1.55,2.63,4.58,2011,WR,cecil shorts,415.0
Keith Smith,Purdue,74.25,214,,,,,,,,,2011,WR,keith smith,
Torrey Smith,Maryland,72.875,204,41.0,126.0,19.0,4.13,6.72,1.54,2.58,4.44,2011,WR,torrey smith,416.0
Owen Spencer,North Carolina State,73.875,195,37.5,125.0,6.0,4.18,6.86,1.57,2.64,4.51,2011,WR,owen spencer,
Terrence Toliver,Michigan State,75.5,212,32.0,122.0,,4.03,6.48,1.63,2.68,4.62,2011,WR,terrence toliver,
Terrance Turner,Indiana,73.75,220,41.0,128.0,16.0,4.15,6.77,1.63,2.68,4.66,2011,WR,terrance turner,
Ryan Whalen,Stanford,73.125,202,38.5,123.0,18.0,4.09,6.67,1.58,2.67,4.6,2011,WR,ryan whalen,417.0
Marshall Williams,Wake Forest,72.75,188,35.5,123.0,9.0,4.09,6.61,1.62,2.71,4.63,2011,WR,marshall williams,
Titus Young,Boise State,71.375,174,,123.0,,,,1.59,2.64,4.49,2011,WR,titus young,418.0
Jimmy Young,Texas Christian,72.0,204,37.0,115.0,19.0,4.18,7.08,1.58,2.66,4.54,2011,WR,jimmy young,
Joe Adams,Arkansas,70.625,179,36.0,123.0,,,7.09,1.62,2.67,4.55,2012,WR,joe adams,419.0
Tim Benford,Tennessee Tech,71.25,205,,,15.0,,,1.64,2.73,4.59,2012,WR,tim benford,
Travis Benjamin,Miami (FL),69.875,172,38.0,119.0,14.0,,,1.59,2.56,4.36,2012,WR,travis benjamin,420.0
Justin Blackmon,Oklahoma State,72.875,207,,,14.0,,,,,,2012,WR,justin blackmon,421.0
Jarrett Boykin,Virginia Tech,73.75,217,36.0,123.0,11.0,4.28,7.12,1.67,2.76,4.74,2012,WR,jarrett boykin,
LaVon Brazill,Ohio,70.625,192,32.5,,11.0,,,1.54,2.55,4.48,2012,WR,lavon brazill,422.0
Ryan Broyles,Oklahoma,70.125,192,,,21.0,,,,,,2012,WR,ryan broyles,423.0
Greg Childs,Arkansas,75.125,219,36.5,125.0,19.0,,,1.54,2.62,4.55,2012,WR,greg childs,424.0
Danny Coale,Virginia Tech,71.875,201,35.0,115.0,12.0,4.15,6.69,1.59,2.63,4.5,2012,WR,danny coale,425.0
Josh Cooper,Oklahoma State,70.625,190,,,11.0,,,,,,2012,WR,josh cooper,
Juron Criner,Arizona,74.5,224,38.0,117.0,17.0,4.3,7.15,1.64,2.74,4.68,2012,WR,juron criner,426.0
B.J. Cunningham,Michigan State,73.375,211,31.5,116.0,12.0,,7.1,1.62,2.7,4.59,2012,WR,b j cunningham,427.0
Patrick Edwards,Houston,69.25,172,,,,,,,,,2012,WR,patrick edwards,
Michael Floyd,Notre Dame,74.625,220,36.5,122.0,16.0,,,1.59,2.66,4.47,2012,WR,michael floyd,428.0
Jeff Fuller,Texas AM,76.125,223,,,17.0,,,,,,2012,WR,jeff fuller,
Chris Givens,Wake Forest,71.125,198,33.5,118.0,19.0,4.23,6.97,1.57,2.55,4.41,2012,WR,chris givens,429.0
Trevor Graham,North Carolina State,71.375,188,33.5,120.0,8.0,4.18,6.77,1.57,2.62,4.41,2012,WR,trevor graham,
Darius Hanks,Alabama,71.625,184,34.0,117.0,11.0,,,1.61,2.72,4.66,2012,WR,darius hanks,
Junior Hemingway,Michigan,72.875,225,35.5,124.0,21.0,3.98,6.59,1.57,2.61,4.53,2012,WR,junior hemingway,430.0
Stephen Hill,Georgia Tech,76.0,215,39.5,133.0,14.0,4.48,6.88,1.49,2.51,4.36,2012,WR,stephen hill,431.0
T.Y. Hilton,Florida International,69.5,183,,,,,,,,,2012,WR,t y hilton,432.0
Jerrell Jackson,Missouri,72.25,196,41.0,127.0,22.0,4.11,6.82,1.63,2.72,4.62,2012,WR,jerrell jackson,
Alshon Jeffery,South Carolina,74.875,216,,,,,,,,,2012,WR,alshon jeffery,433.0
A.J. Jenkins,Illinois,72.25,190,38.5,124.0,12.0,,,1.57,2.6,4.39,2012,WR,a j jenkins,434.0
Marvin Jones,California,73.875,199,33.0,112.0,22.0,4.11,6.81,1.51,2.58,4.46,2012,WR,marvin jones,435.0
Dwight Jones,North Carolina,75.25,230,33.0,109.0,14.0,,,1.66,2.72,4.55,2012,WR,dwight jones,
Jermaine Kearse,Washington,72.875,209,34.0,119.0,14.0,4.12,7.03,1.6,2.65,4.58,2012,WR,jermaine kearse,
Keshawn Martin,Michigan State,71.5,188,39.5,122.0,13.0,4.13,6.85,1.58,2.63,4.45,2012,WR,keshawn martin,436.0
Rishard Matthews,Nevada,72.375,217,36.0,,20.0,4.19,6.88,1.65,2.75,4.62,2012,WR,rishard matthews,437.0
Marquis Maze,Alabama,68.125,186,33.5,112.0,,,,1.58,2.63,4.51,2012,WR,marquis maze,
Marvin McNutt,Iowa,74.75,216,37.0,122.0,,4.07,7.15,1.61,2.68,4.54,2012,WR,marvin mcnutt,438.0
Kashif Moore,Connecticut,69.0,180,43.5,126.0,19.0,4.05,6.82,1.54,2.59,4.42,2012,WR,kashif moore,
Derek Moye,Penn State,76.25,209,33.5,115.0,10.0,4.23,,1.63,2.7,4.52,2012,WR,derek moye,
Chris Owusu,Stanford,72.125,196,40.5,129.0,19.0,4.11,6.85,1.56,2.58,4.36,2012,WR,chris owusu,
Eric Page,Toledo,68.875,186,30.0,112.0,15.0,3.98,6.95,1.65,2.72,4.6,2012,WR,eric page,
DeVier Posey,Ohio State,73.625,211,36.5,123.0,14.0,4.15,7.03,1.55,2.63,4.5,2012,WR,devier posey,439.0
Brian Quick,Appalachian State,75.5,220,34.0,119.0,15.0,4.23,7.1,1.63,2.68,4.55,2012,WR,brian quick,440.0
Rueben Randle,LSU,74.875,210,31.0,121.0,15.0,4.36,6.99,1.59,2.66,4.55,2012,WR,rueben randle,441.0
Gerell Robinson,Arizona State,75.125,227,35.5,113.0,,4.15,,1.65,2.72,4.62,2012,WR,gerell robinson,
James Rodgers,Oregon State,66.75,184,37.0,115.0,19.0,4.23,,1.66,2.73,4.67,2012,WR,james rodgers,
Mohamed Sanu,Rutgers,73.5,211,36.0,126.0,19.0,4.22,6.88,1.63,2.74,4.67,2012,WR,mohamed sanu,442.0
Tommy Streeter,Miami (FL),76.875,219,33.0,125.0,17.0,,7.08,1.55,2.62,4.4,2012,WR,tommy streeter,443.0
Nick Toon,Wisconsin,73.875,215,37.5,,18.0,,,1.6,2.67,4.54,2012,WR,nick toon,444.0
Jordan White,Western Michigan,71.75,208,35.0,119.0,14.0,4.13,6.84,1.62,2.73,4.69,2012,WR,jordan white,445.0
Kendall Wright,Baylor,70.25,196,38.5,121.0,,4.18,6.93,1.69,2.76,4.61,2012,WR,kendall wright,446.0
Jarius Wright,Arkansas,69.625,182,38.0,120.0,11.0,4.03,6.93,1.56,2.62,4.42,2012,WR,jarius wright,447.0
Devon Wylie,Fresno State,69.25,187,39.0,123.0,17.0,,,1.52,2.57,4.36,2012,WR,devon wylie,448.0
Keenan Allen,California,74.0,206,,,,,,,,,2013,WR,keenan allen,449.0
Tavon Austin,West Virginia,68.5,174,32.0,120.0,14.0,4.01,,1.55,2.56,4.34,2013,WR,tavon austin,450.0
Stedman Bailey,West Virginia,70.25,193,34.5,117.0,11.0,4.09,6.81,1.59,2.64,4.52,2013,WR,stedman bailey,451.0
Alan Bonner,Jacksonville State,70.25,193,33.0,117.0,14.0,4.15,,1.63,2.73,4.62,2013,WR,alan bonner,452.0
Josh Boyce,Texas Christian,71.125,206,34.0,131.0,22.0,4.1,6.68,1.54,2.59,4.38,2013,WR,josh boyce,453.0
Marlon Brown,Georgia,75.875,213,,,,,,,,,2013,WR,marlon brown,
Marcus Davis,Virginia Tech,75.0,233,39.5,120.0,19.0,,7.15,1.63,2.7,4.56,2013,WR,marcus davis,
Aaron Dobson,Marshall,74.75,210,,,,,,,,,2013,WR,aaron dobson,454.0
Corey Fuller,Virginia Tech,74.25,204,31.5,120.0,12.0,,,1.55,2.6,4.43,2013,WR,corey fuller,455.0
Tyrone Goard,Eastern Kentucky,75.75,205,36.0,123.0,10.0,4.39,6.9,1.58,2.63,4.5,2013,WR,tyrone goard,
Marquise Goodwin,Texas,68.875,183,,132.0,13.0,,,1.51,2.53,4.27,2013,WR,marquise goodwin,456.0
Cobi Hamilton,Arkansas,73.75,212,29.5,107.0,11.0,4.31,,1.63,2.69,4.56,2013,WR,cobi hamilton,457.0
Chris Harper,Kansas State,72.75,229,35.5,116.0,20.0,4.39,6.89,1.61,2.66,4.55,2013,WR,chris harper,458.0
Mark Harrison,Rutgers,74.875,231,38.5,129.0,17.0,4.33,6.99,1.59,2.65,4.46,2013,WR,mark harrison,
DeAndre Hopkins,Clemson,73.0,214,36.0,115.0,15.0,4.5,,1.62,2.69,4.57,2013,WR,deandre hopkins,459.0
Justin Hunter,Tennessee,76.0,196,39.5,136.0,,4.33,,1.58,2.59,4.44,2013,WR,justin hunter,460.0
Darius Johnson,Southern Methodist,69.0,179,32.0,109.0,6.0,4.53,,1.62,2.68,4.62,2013,WR,darius johnson,
Brandon Kaufman,Eastern Washington,77.0,216,33.5,115.0,9.0,4.44,7.11,1.63,2.72,4.67,2013,WR,brandon kaufman,
Tavarres King,Georgia,72.25,189,36.5,123.0,11.0,4.33,6.91,1.57,2.64,4.47,2013,WR,tavarres king,461.0
Alec Lemon,Syracuse,73.25,202,32.0,112.0,7.0,4.29,7.04,1.57,2.65,4.59,2013,WR,alec lemon,
Aaron Mellette,Elon,74.375,217,33.5,123.0,9.0,4.41,7.11,1.6,2.66,4.54,2013,WR,aaron mellette,462.0
T.J. Moe,Missouri,71.5,204,36.0,120.0,26.0,3.96,6.53,1.66,2.75,4.78,2013,WR,t j moe,
Cordarrelle Patterson,Tennessee,73.875,216,37.0,128.0,,,,1.6,2.61,4.42,2013,WR,cordarrelle patterson,463.0
Quinton Patton,Louisiana Tech,72.0,204,33.0,118.0,8.0,4.01,6.91,1.59,2.66,4.53,2013,WR,quinton patton,464.0
Denard Robinson,Michigan,70.5,199,36.5,123.0,,4.22,7.09,1.58,2.61,4.43,2013,WR,denard robinson,465.0
DaRick Rogers,Tennessee Tech,74.5,217,39.5,132.0,10.0,4.06,6.71,1.61,2.64,4.52,2013,WR,darick rogers,
Lanear Sampson,Baylor,71.125,204,33.5,119.0,20.0,4.38,7.1,1.54,2.6,4.46,2013,WR,lanear sampson,
Ace Sanders,South Carolina,67.0,173,32.0,117.0,7.0,4.37,6.81,1.6,2.64,4.58,2013,WR,ace sanders,466.0
Rodney Smith,Florida State,76.375,225,34.5,120.0,,4.07,7.03,1.6,2.66,4.51,2013,WR,rodney smith,
Ryan Spadola,Lehigh,73.25,204,33.5,119.0,15.0,4.07,6.72,1.58,2.65,4.48,2013,WR,ryan spadola,
Kenny Stills,Oklahoma,72.5,194,33.5,124.0,16.0,4.35,,1.54,2.58,4.38,2013,WR,kenny stills,467.0
Ryan Swope,Texas AM,72.125,205,37.0,125.0,16.0,4.25,6.76,1.5,2.53,4.34,2013,WR,ryan swope,468.0
Kenbrell Thompkins,Cincinnati,72.625,193,33.5,121.0,8.0,4.21,6.88,1.59,2.65,4.54,2013,WR,kenbrell thompkins,
Conner Vernon,Duke,72.25,196,32.5,125.0,,4.22,6.93,1.68,2.75,4.68,2013,WR,conner vernon,
Markus Wheaton,Oregon State,71.0,189,37.0,120.0,20.0,4.02,6.8,1.6,2.63,4.45,2013,WR,markus wheaton,469.0
Terrance Williams,Baylor,74.0,208,32.5,119.0,11.0,4.32,7.01,1.61,2.66,4.52,2013,WR,terrance williams,470.0
Marquess Wilson,Washington State,74.625,194,34.5,122.0,7.0,4.33,6.65,1.56,2.61,4.51,2013,WR,marquess wilson,471.0
Robert Woods,Southern California,72.375,201,33.5,117.0,14.0,4.47,7.15,1.62,2.67,4.51,2013,WR,robert woods,472.0
Jared Abbrederis,Wisconsin,73.0,195,30.5,117.0,4.0,4.08,6.8,1.62,2.65,4.5,2014,WR,jared abbrederis,473.0
Davante Adams,Fresno State,72.875,212,39.5,123.0,14.0,4.3,6.82,1.64,2.68,4.56,2014,WR,davante adams,474.0
Dri Archer,Kent State,67.75,173,38.0,122.0,20.0,4.06,6.86,1.49,2.51,4.26,2014,WR,dri archer,475.0
"Odell Beckham, Jr.",Texas Tech,71.25,198,38.5,122.0,7.0,3.94,6.69,1.57,2.58,4.43,2014,WR,odell beckham,476.0
Kelvin Benjamin,Florida State,77.0,240,32.5,119.0,13.0,4.39,7.33,1.67,2.73,4.61,2014,WR,kelvin benjamin,477.0
Chris Boyd,Vanderbilt,76.0,206,,,12.0,,,1.66,2.74,4.73,2014,WR,chris boyd,
John Brown,Pittsburg State,70.0,179,36.5,119.0,,4.12,6.91,1.56,2.55,4.34,2014,WR,john brown,478.0
Corey Brown,Ohio State,71.375,178,33.0,116.0,,4.22,7.16,1.59,2.65,4.51,2014,WR,corey brown,
Martavis Bryant,Clemson,75.75,211,39.0,124.0,16.0,4.15,7.18,1.57,2.59,4.42,2014,WR,martavis bryant,479.0
Isaiah Burse,Fresno State,70.375,188,31.0,115.0,16.0,3.94,6.74,1.59,2.67,4.58,2014,WR,isaiah burse,
Trey Burton,Florida,74.125,224,30.0,112.0,,4.32,7.14,1.62,2.69,4.62,2014,WR,trey burton,
Michael Campanaro,Wake Forest,69.375,192,39.0,122.0,20.0,4.01,6.77,1.56,2.62,4.46,2014,WR,michael campanaro,480.0
Brandon Coleman,Rutgers,78.0,225,32.5,,21.0,4.51,7.33,1.66,2.71,4.56,2014,WR,brandon coleman,
Kain Colter,Northwestern,70.5,198,,,,,,,,,2014,WR,kain colter,
Brandin Cooks,Oregon State,69.75,189,36.0,120.0,16.0,3.81,6.76,1.54,2.53,4.33,2014,WR,brandin cooks,481.0
Damian Copeland,Louisville,71.0,184,40.0,120.0,12.0,3.9,6.53,1.54,2.6,4.5,2014,WR,damian copeland,
Mike Davis,Texas,72.0,197,,,10.0,,,,,,2014,WR,mike davis,
Bruce Ellington,South Carolina,69.375,197,39.5,120.0,15.0,3.95,6.69,1.55,2.58,4.45,2014,WR,bruce ellington,482.0
Quincy Enunwa,Nebraska,74.0,225,,,19.0,,,1.57,2.6,4.45,2014,WR,quincy enunwa,483.0
Mike Evans,Texas AM,76.75,231,37.0,,12.0,4.26,7.08,1.6,2.66,4.53,2014,WR,mike evans,484.0
Shaquelle Evans,UCLA,73.25,213,34.5,122.0,13.0,4.21,7.07,1.6,2.64,4.51,2014,WR,shaquelle evans,485.0
Bennie Fowler,Michigan State,73.25,217,36.0,126.0,,4.18,7.06,1.65,2.7,4.52,2014,WR,bennie fowler,
Austin Franklin,New Mexico State,70.625,189,36.0,124.0,7.0,4.33,7.07,1.58,2.62,4.56,2014,WR,austin franklin,
Jeremy Gallon,Michigan,67.5,185,,,15.0,,,1.6,2.66,4.49,2014,WR,jeremy gallon,486.0
Ryan Grant,Tulane,72.375,199,35.5,119.0,8.0,4.11,6.68,1.61,2.69,4.64,2014,WR,ryan grant,487.0
Matt Hazel,Coastal Carolina,73.0,198,36.5,118.0,15.0,4.2,7.08,1.58,2.62,4.5,2014,WR,matt hazel,488.0
Robert Herron,Wyoming,69.125,193,35.5,125.0,18.0,4.27,6.84,1.59,2.63,4.48,2014,WR,robert herron,489.0
Cody Hoffman,Brigham Young,75.875,223,27.5,108.0,13.0,4.2,6.89,1.65,2.74,4.65,2014,WR,cody hoffman,
Josh Huff,Oregon,71.25,206,35.5,116.0,14.0,,,1.58,2.62,4.51,2014,WR,josh huff,490.0
Allen Hurns,Miami (FL),73.25,198,31.0,120.0,14.0,4.5,7.23,1.59,2.65,4.55,2014,WR,allen hurns,
Jeff Janis,Saginaw Valley State,74.875,219,37.5,123.0,20.0,3.98,6.64,1.55,2.6,4.42,2014,WR,jeff janis,491.0
T.J. Jones,Notre Dame,71.625,188,33.0,119.0,,4.27,6.82,1.54,2.59,4.48,2014,WR,t j jones,492.0
Jarvis Landry,LSU,71.5,205,28.5,110.0,12.0,,,1.73,2.84,4.77,2014,WR,jarvis landry,493.0
Cody Latimer,Indiana,74.5,215,,,23.0,,,,,,2014,WR,cody latimer,494.0
Marqise Lee,Southern California,71.75,192,38.0,127.0,,4.01,,1.59,2.65,4.52,2014,WR,marqise lee,495.0
Marcus Lucas,Missouri,75.75,218,36.0,124.0,20.0,4.25,7.07,1.63,2.7,4.6,2014,WR,marcus lucas,
Jordan Matthews,Vanderbilt,75.125,212,35.5,120.0,21.0,4.18,6.95,1.55,2.61,4.46,2014,WR,jordan matthews,496.0
Donte Moncrief,Mississippi,74.375,221,39.5,132.0,13.0,4.3,7.02,1.54,2.57,4.4,2014,WR,donte moncrief,497.0
Kevin Norwood,Alabama,74.0,198,33.0,121.0,8.0,4.32,6.68,1.6,2.65,4.48,2014,WR,kevin norwood,498.0
Walter Powell,Murray State (OK),71.375,189,31.5,120.0,10.0,4.23,6.7,1.63,2.7,4.63,2014,WR,walter powell,
Tevin Reese,Baylor,70.5,163,41.0,132.0,,4.18,6.63,1.52,2.57,4.46,2014,WR,tevin reese,499.0
Paul Richardson,Colorado,72.375,175,38.0,124.0,,,7.09,1.56,2.58,4.4,2014,WR,paul richardson,500.0
Allen Robinson,Penn State,74.625,220,39.0,127.0,,4.0,7.0,1.6,2.66,4.6,2014,WR,allen robinson,501.0
Jalen Saunders,Oklahoma,68.875,165,34.0,122.0,,,,1.55,2.6,4.44,2014,WR,jalen saunders,502.0
Willie Snead,Ball State,71.0,195,33.5,113.0,11.0,4.39,7.19,1.6,2.66,4.62,2014,WR,willie snead,
Josh Stewart,Oklahoma State,69.875,178,35.0,117.0,11.0,4.33,7.1,1.64,2.73,4.69,2014,WR,josh stewart,
Devin Street,Pittsburgh,74.875,198,37.0,124.0,,4.01,6.89,1.58,2.64,4.55,2014,WR,devin street,503.0
LDamian Washington,Missouri,75.875,195,32.0,115.0,8.0,4.35,7.19,1.59,2.65,4.46,2014,WR,ldamian washington,
Sammy Watkins,Clemson,72.75,211,34.0,126.0,16.0,4.34,6.95,1.55,2.59,4.43,2014,WR,sammy watkins,504.0
Albert Wilson,Georgia State,69.375,202,37.5,123.0,10.0,4.21,7.0,1.54,2.6,4.43,2014,WR,albert wilson,
Nelson Agholor,Southern California,72.125,198,,,12.0,,,1.59,2.59,4.42,2015,WR,nelson agholor,505.0
Mario Alford,West Virginia,68.5,180,34.0,121.0,13.0,4.07,6.64,1.64,2.64,4.43,2015,WR,mario alford,506.0
Dres Anderson,Utah,73.125,187,,,13.0,,,,,,2015,WR,dres anderson,
Kenny Bell,Nebraska,73.125,197,41.5,129.0,7.0,4.15,6.66,1.57,2.59,4.42,2015,WR,kenny bell,507.0
DaRon Brown,Northern Illinois,72.125,205,37.0,120.0,17.0,4.11,7.04,1.55,2.62,4.54,2015,WR,daron brown,
Kaelin Clay,Utah,69.625,195,33.0,113.0,10.0,4.26,6.97,1.64,2.67,4.51,2015,WR,kaelin clay,508.0
Sammie Coates,Auburn,73.375,212,41.0,131.0,23.0,4.06,6.98,1.55,2.59,4.43,2015,WR,sammie coates,509.0
Chris Conley,Georgia,73.875,213,45.0,139.0,18.0,4.3,7.06,1.52,2.54,4.35,2015,WR,chris conley,510.0
Amari Cooper,Alabama,72.875,211,33.0,120.0,,3.98,6.71,1.61,2.63,4.42,2015,WR,amari cooper,511.0
Jamison Crowder,Duke,68.375,185,37.0,115.0,10.0,4.32,7.17,1.7,2.71,4.56,2015,WR,jamison crowder,512.0
DaVaris Daniels,Notre Dame,73.5,201,37.0,122.0,13.0,,,1.58,2.66,4.62,2015,WR,davaris daniels,
Titus Davis,Central Michigan,72.75,196,32.5,119.0,,4.28,7.14,1.6,2.65,4.51,2015,WR,titus davis,
Devante Davis,UNLV,74.875,220,35.5,115.0,16.0,4.12,7.25,1.59,2.66,4.57,2015,WR,devante davis,
Geremy Davis,Connecticut,74.375,216,36.5,124.0,23.0,4.18,6.86,,,,2015,WR,geremy davis,513.0
Stefon Diggs,Maryland,72.0,195,35.0,115.0,,4.32,7.03,1.53,2.58,4.46,2015,WR,stefon diggs,514.0
Phillip Dorsett,Miami (FL),69.75,185,37.0,122.0,13.0,4.11,6.7,1.54,2.57,4.33,2015,WR,phillip dorsett,515.0
Devin Funchess,Michigan,76.25,232,38.5,122.0,17.0,,,1.66,2.74,4.7,2015,WR,devin funchess,516.0
Antwan Goodley,Baylor,70.25,209,,,,,,1.56,2.59,4.44,2015,WR,antwan goodley,
Dorial Green-Beckham,Oklahoma,77.125,237,33.5,119.0,13.0,4.45,6.89,1.6,2.66,4.49,2015,WR,dorial green beckham,517.0
Rashad Greene,Florida State,71.375,182,36.5,122.0,,4.12,6.88,1.63,2.67,4.53,2015,WR,rashad greene,518.0
Rannell Hall,Central Florida,72.375,198,41.0,132.0,16.0,4.15,6.86,1.61,2.68,4.6,2015,WR,rannell hall,
Justin Hardy,East Carolina,70.25,192,36.5,114.0,11.0,4.21,6.63,1.57,2.62,4.56,2015,WR,justin hardy,519.0
Josh Harper,Fresno State,72.875,191,32.0,108.0,13.0,4.36,7.15,1.69,2.71,4.64,2015,WR,josh harper,
Chris Jones,Alabama,70.125,182,32.5,119.0,8.0,4.19,6.91,1.62,2.69,4.63,2015,WR,chris jones,
Dez Lewis,Central Arkansas,75.75,214,33.5,119.0,16.0,4.28,7.11,1.63,2.72,4.58,2015,WR,dez lewis,
Tony Lippett,Michigan State,74.5,192,36.0,114.0,10.0,4.13,6.92,1.63,2.7,4.61,2015,WR,tony lippett,520.0
Tyler Lockett,Kansas State,69.875,182,35.5,121.0,,4.07,6.89,1.55,2.59,4.4,2015,WR,tyler lockett,521.0
Deon Long,Maryland,71.625,192,34.0,120.0,12.0,4.27,6.98,1.6,2.65,4.51,2015,WR,deon long,
Donatella Luckett,Harding,71.75,211,34.0,118.0,17.0,4.5,7.51,1.67,2.75,4.65,2015,WR,donatella luckett,
Vince Mayle,Washington State,74.0,224,35.5,117.0,,4.13,6.93,1.67,2.75,4.67,2015,WR,vince mayle,522.0
Tre McBride,William & Mary,72.25,210,38.0,122.0,16.0,4.08,6.96,1.49,2.55,4.41,2015,WR,tre mcbride,523.0
Ty Montgomery,Stanford,71.875,221,40.5,121.0,,4.21,6.97,1.59,2.64,4.55,2015,WR,ty montgomery,524.0
Keith Mumphery,Michigan State,71.625,215,32.5,121.0,,4.25,7.07,1.62,2.69,4.54,2015,WR,keith mumphery,525.0
J.J. Nelson,Alabama-Birmingham,70.25,156,36.0,127.0,,4.15,7.02,1.49,2.51,4.28,2015,WR,j j nelson,
DeVante Parker,Louisville,74.625,209,36.5,125.0,17.0,,,1.51,2.61,4.45,2015,WR,devante parker,526.0
Breshad Perriman,Central Florida,74.0,212,,,,,,,,,2015,WR,breshad perriman,527.0
Ezell Ruffin,San Diego State,71.625,218,27.5,110.0,17.0,4.58,7.35,1.66,2.73,4.68,2015,WR,ezell ruffin,
Ross Scheuerman,Lafayette,71.875,204,33.0,121.0,15.0,4.11,7.08,1.65,2.73,4.62,2015,WR,ross scheuerman,
DeAndre Smelter,Georgia Tech,74.125,226,,,,,,,,,2015,WR,deandre smelter,528.0
Devin Smith,Ohio State,72.375,196,39.0,122.0,10.0,4.15,,1.56,2.59,4.42,2015,WR,devin smith,529.0
Jaelen Strong,Arizona State,74.375,217,42.0,123.0,,,,1.57,2.59,4.44,2015,WR,jaelen strong,530.0
Darren Waller,Georgia Tech,78.125,238,37.0,125.0,12.0,4.25,7.07,1.57,2.62,4.46,2015,WR,darren waller,531.0
Kevin White,West Virginia,74.625,215,36.5,123.0,23.0,4.14,6.92,1.53,2.54,4.35,2015,WR,kevin white,532.0
DeAndrew White,Alabama,71.5,193,34.5,118.0,,4.18,6.97,1.58,2.61,4.44,2015,WR,deandrew white,
Cam Worthy,East Carolina,74.25,211,,,12.0,,,,,,2015,WR,cam worthy,
Bralon Addison,Oregon,69.25,197,34.5,116.0,13.0,4.14,6.95,1.61,2.69,4.66,2016,WR,bralon addison,
Geronimo Allison,Illinois,75.25,196,33.0,127.0,,4.28,7.4,1.65,2.74,4.67,2016,WR,geronimo allison,
Demarcus Ayers,Houston,69.375,182,33.0,123.0,,,,1.63,2.73,4.72,2016,WR,demarcus ayers,533.0
Tyler Boyd,Pittsburgh,73.5,197,34.0,119.0,11.0,4.35,6.9,1.59,2.66,4.58,2016,WR,tyler boyd,534.0
Chris Brown,Notre Dame,74.0,194,,,,,,,,,2016,WR,chris brown,
Aaron Burbridge,Michigan State,72.0,206,30.5,115.0,20.0,4.31,7.22,1.63,2.71,4.56,2016,WR,aaron burbridge,535.0
Devon Cajuste,Stanford,75.75,234,36.0,123.0,12.0,4.2,6.49,1.6,2.7,4.62,2016,WR,devon cajuste,
Leonte Carroo,Rutgers,71.875,211,35.5,120.0,14.0,,,1.59,2.63,4.5,2016,WR,leonte carroo,536.0
Corey Coleman,Baylor,70.625,194,40.5,129.0,17.0,,,,,,2016,WR,corey coleman,537.0
Pharoh Cooper,South Carolina,71.125,203,31.0,115.0,15.0,,,,,,2016,WR,pharoh cooper,538.0
Cody Core,Mississippi,74.625,205,31.5,119.0,14.0,,,1.54,2.6,4.47,2016,WR,cody core,539.0
Trevor Davis,California,73.125,188,38.5,124.0,11.0,4.22,6.6,1.51,2.57,4.42,2016,WR,trevor davis,540.0
Josh Doctson,Texas Christian,74.0,202,41.0,131.0,14.0,4.08,6.84,1.58,2.62,4.5,2016,WR,josh doctson,541.0
Will Fuller,Notre Dame,72.125,186,33.5,126.0,10.0,4.27,6.93,1.51,2.51,4.32,2016,WR,will fuller,542.0
Keyarris Garrett,Tulsa,75.375,220,36.5,128.0,14.0,4.33,7.3,1.62,2.7,4.53,2016,WR,keyarris garrett,
Rashard Higgins,Colorado State,73.375,196,32.0,116.0,13.0,,,1.63,2.7,4.64,2016,WR,rashard higgins,543.0
Johnny Holton,Cincinnati,72.625,190,31.5,123.0,8.0,,,1.62,2.67,4.54,2016,WR,johnny holton,
Cayleb Jones,Arizona,74.625,209,33.5,,9.0,4.14,6.99,1.65,2.74,4.65,2016,WR,cayleb jones,
Kenny Lawler,California,74.5,203,31.0,111.0,,4.2,7.13,1.65,2.71,4.64,2016,WR,kenny lawler,544.0
Roger Lewis,Bowling Green,72.375,201,33.5,116.0,8.0,,,1.64,2.73,4.57,2016,WR,roger lewis,
Kolby Listenbee,Texas Christian,72.0,197,35.5,129.0,15.0,,,1.6,2.63,4.39,2016,WR,kolby listenbee,545.0
Ricardo Louis,Auburn,73.75,215,38.0,132.0,18.0,,,1.57,2.61,4.43,2016,WR,ricardo louis,546.0
Jalin Marshall,Ohio State,70.5,200,37.5,125.0,16.0,4.13,6.8,1.59,2.68,4.6,2016,WR,jalin marshall,
Byron Marshall,Oregon,69.375,201,,,17.0,,,,,,2016,WR,byron marshall,
Mekale McKay,Cincinnati,75.625,207,35.0,123.0,12.0,4.63,7.08,1.62,2.69,4.55,2016,WR,mekale mckay,
Braxton Miller,Ohio State,73.375,201,35.0,123.0,17.0,4.07,6.65,1.6,2.66,4.5,2016,WR,braxton miller,547.0
Malcolm Mitchell,Georgia,71.625,198,36.0,129.0,15.0,4.34,6.94,1.54,2.57,4.45,2016,WR,malcolm mitchell,548.0
Chris Moore,Cincinnati,73.0,206,37.0,130.0,10.0,4.2,6.76,1.58,2.65,4.53,2016,WR,chris moore,549.0
Marquez North,Tennessee,74.5,223,35.0,123.0,17.0,4.13,6.9,1.59,2.66,4.48,2016,WR,marquez north,
Jordan Payton,UCLA,73.125,207,34.5,121.0,,4.33,7.08,1.57,2.6,4.47,2016,WR,jordan payton,550.0
Charone Peake,Clemson,74.375,209,35.5,122.0,12.0,4.46,6.96,1.63,2.65,4.45,2016,WR,charone peake,551.0
Demarcus Robinson,Florida,73.375,203,34.5,123.0,,4.19,6.77,1.59,2.68,4.59,2016,WR,demarcus robinson,552.0
Alonzo Russell,Toledo,75.625,206,29.5,112.0,12.0,4.33,7.18,1.63,2.68,4.54,2016,WR,alonzo russell,
Rashawn Scott,Miami (FL),72.875,199,32.5,116.0,17.0,,,,,,2016,WR,rashawn scott,
Hunter Sharp,Utah State,71.5,198,32.5,116.0,12.0,4.19,7.12,1.64,2.71,4.58,2016,WR,hunter sharp,
Tajae Sharpe,Massachusetts,74.0,194,33.5,114.0,11.0,,,1.55,2.61,4.55,2016,WR,tajae sharpe,553.0
Sterling Shepard,Oklahoma,70.25,194,41.0,123.0,20.0,4.35,7.0,1.55,2.6,4.48,2016,WR,sterling shepard,554.0
Nelson Spruce,Colorado,73.125,206,35.0,114.0,12.0,4.2,7.09,1.63,2.72,4.69,2016,WR,nelson spruce,
Michael Thomas,Ohio State,74.75,212,35.0,126.0,18.0,4.13,6.8,1.55,2.63,4.57,2016,WR,michael thomas,555.0
Laquon Treadwell,Mississippi,74.0,221,33.0,117.0,12.0,,,,,,2016,WR,laquon treadwell,556.0
Duke Williams,Auburn,74.25,229,30.0,121.0,14.0,4.47,7.43,1.7,2.78,4.72,2016,WR,duke williams,
DeRunnya Wilson,Mississippi State,76.625,224,28.0,113.0,,,,1.71,2.84,4.85,2016,WR,derunnya wilson,
Rodney Adams,South Florida,73.25,189,29.5,124.0,8.0,4.28,6.98,1.53,2.59,4.44,2017,WR,rodney adams,557.0
Quincy Adeboyejo,Mississippi,74.75,197,34.5,123.0,8.0,4.14,6.73,1.54,2.59,4.42,2017,WR,quincy adeboyejo,
Victor Bolden Jr.,Oregon State,68.125,178,32.0,116.0,9.0,4.22,6.83,1.59,2.66,4.54,2017,WR,victor bolden,
Kendrick Bourne,Eastern Washington,73.25,203,34.0,124.0,9.0,4.21,6.73,1.61,2.71,4.68,2017,WR,kendrick bourne,
Noah Brown,Ohio State,74.0,222,,,19.0,4.33,7.07,,,,2017,WR,noah brown,558.0
KD Cannon,Baylor,71.125,182,37.0,117.0,13.0,,,1.58,2.6,4.41,2017,WR,kd cannon,
Jehu Chesson,Michigan,74.75,204,35.5,132.0,10.0,4.09,6.7,1.66,2.67,4.47,2017,WR,jehu chesson,559.0
Stacy Coley,Miami (FL),72.125,195,34.0,122.0,10.0,,,1.58,2.61,4.45,2017,WR,stacy coley,560.0
Amara Darboh,Michigan,73.75,214,36.0,123.0,17.0,,,1.52,2.58,4.45,2017,WR,amara darboh,561.0
Robert Davis,Georgia State,74.75,219,41.0,135.0,19.0,4.28,6.82,1.58,2.6,4.44,2017,WR,robert davis,562.0
Corey Davis,Western Michigan,74.75,209,,,,,,,,,2017,WR,corey davis,563.0
Malachi Dupre,LSU,74.125,196,39.5,135.0,11.0,4.26,7.19,1.57,2.65,4.52,2017,WR,malachi dupre,564.0
Travin Dural,LSU,73.0,202,30.5,115.0,,4.55,7.29,1.63,2.7,4.57,2017,WR,travin dural,
Amba Etta-Tawo,Syracuse,73.25,208,31.0,125.0,14.0,4.32,6.95,1.58,2.62,4.49,2017,WR,amba etta tawo,
Isaiah Ford,Virginia Tech,73.25,194,35.5,126.0,14.0,4.34,6.94,1.61,2.69,4.61,2017,WR,isaiah ford,565.0
Shelton Gibson,West Virginia,71.125,191,32.0,116.0,8.0,4.2,6.83,1.61,2.63,4.5,2017,WR,shelton gibson,566.0
Chris Godwin,Penn State,73.0,209,36.0,125.0,19.0,4.0,7.01,1.54,2.58,4.42,2017,WR,chris godwin,567.0
Kenny Golladay,Northern Illinois,75.75,218,35.5,120.0,18.0,4.15,7.0,1.58,2.64,4.5,2017,WR,kenny golladay,568.0
Chad Hansen,California,73.75,202,35.0,117.0,11.0,4.13,6.74,1.59,2.63,4.53,2017,WR,chad hansen,569.0
Keon Hatcher,Arkansas,73.25,212,,,16.0,,,1.64,2.72,4.64,2017,WR,keon hatcher,
Carlos Henderson,Louisiana Tech,70.75,199,36.0,129.0,13.0,4.35,7.18,1.61,2.61,4.46,2017,WR,carlos henderson,570.0
Krishawn Hogan,Marian (IN),74.625,222,36.5,123.0,13.0,4.21,6.74,1.56,2.62,4.56,2017,WR,krishawn hogan,
Mack Hollins,North Carolina,75.75,221,,,,,,1.6,2.64,4.53,2017,WR,mack hollins,571.0
Bug Howard,North Carolina,75.625,221,37.5,117.0,,4.14,6.95,1.59,2.67,4.58,2017,WR,bug howard,
Zay Jones,East Carolina,73.875,201,36.5,133.0,15.0,4.01,6.79,1.55,2.61,4.45,2017,WR,zay jones,572.0
Cooper Kupp,Eastern Washington,73.75,204,31.0,115.0,,4.08,6.75,1.62,2.69,4.62,2017,WR,cooper kupp,573.0
Jerome Lane,Akron,74.125,226,35.0,124.0,16.0,4.12,6.87,1.56,2.65,4.6,2017,WR,jerome lane,
Keevan Lucas,Tulsa,69.125,192,32.5,117.0,11.0,4.43,7.23,1.61,2.66,4.55,2017,WR,keevan lucas,
Josh Malone,Tennessee,74.625,208,30.5,121.0,10.0,4.19,7.05,1.56,2.61,4.4,2017,WR,josh malone,574.0
Gabe Marks,Washington State,70.75,189,29.5,116.0,11.0,4.2,7.01,1.63,2.66,4.56,2017,WR,gabe marks,
Isaiah McKenzie,Georgia,67.25,173,36.0,123.0,11.0,4.15,6.64,1.52,2.57,4.42,2017,WR,isaiah mckenzie,575.0
Drew Morgan,Arkansas,71.75,190,30.0,111.0,10.0,4.12,6.85,1.62,2.76,4.74,2017,WR,drew morgan,
Speedy Noil,Texas AM,71.125,199,43.5,133.0,18.0,,,,,,2017,WR,speedy noil,
Zach Pascal,Old Dominion,73.75,219,36.0,125.0,14.0,4.29,7.11,1.54,2.61,4.55,2017,WR,zach pascal,
James Quick,Louisville,72.25,186,31.0,114.0,11.0,4.39,7.0,1.62,2.68,4.6,2017,WR,james quick,
Michael Rector,Stanford,72.125,193,36.5,128.0,,4.19,6.77,1.53,2.56,4.42,2017,WR,michael rector,
Josh Reynolds,Texas AM,74.75,194,37.0,123.0,,4.13,6.83,1.56,2.64,4.52,2017,WR,josh reynolds,576.0
Jalen Robinette,Air Force,74.75,220,31.5,120.0,13.0,4.46,6.77,1.62,2.7,4.62,2017,WR,jalen robinette,
Darreus Rogers,Southern California,72.625,216,26.5,111.0,8.0,4.54,7.22,,,,2017,WR,darreus rogers,
Fred Ross,Mississippi State,72.625,213,35.0,112.0,10.0,4.28,6.99,1.56,2.61,4.51,2017,WR,fred ross,
John Ross,Washington,70.75,188,37.0,133.0,,,,1.49,2.47,4.22,2017,WR,john ross,577.0
Travis Rudolph,Florida State,72.25,189,31.5,113.0,12.0,4.46,6.93,1.6,2.73,4.65,2017,WR,travis rudolph,
Curtis Samuel,Ohio State,71.0,196,37.0,117.0,18.0,4.33,7.09,1.55,2.56,4.31,2017,WR,curtis samuel,578.0
Artavis Scott,Clemson,70.25,193,31.0,115.0,13.0,4.49,7.19,1.64,2.7,4.61,2017,WR,artavis scott,
JuJu Smith-Schuster,Southern California,73.25,215,32.5,120.0,15.0,,,1.55,2.65,4.54,2017,WR,juju smith schuster,579.0
Jamari Staples,Louisville,75.0,195,36.0,128.0,,,,1.59,2.62,4.51,2017,WR,jamari staples,
ArDarius Stewart,Alabama,71.25,204,34.0,123.0,,,,1.59,2.63,4.49,2017,WR,ardarius stewart,580.0
Ryan Switzer,North Carolina,68.5,181,32.0,115.0,11.0,4.0,6.77,1.56,2.63,4.51,2017,WR,ryan switzer,581.0
Taywan Taylor,Western Kentucky,71.0,203,33.5,132.0,13.0,4.21,6.57,1.52,2.56,4.45,2017,WR,taywan taylor,582.0
Trent Taylor,Louisiana Tech,67.625,181,33.0,116.0,13.0,4.01,6.74,1.58,2.67,4.63,2017,WR,trent taylor,583.0
Noel Thomas,Connecticut,72.125,205,32.5,116.0,9.0,,,1.63,2.68,4.63,2017,WR,noel thomas,
Greg Ward Jr.,Houston,70.5,182,,,10.0,,,,,,2017,WR,greg ward,
Dede Westbrook,Oklahoma,71.625,178,,,,,,,,,2017,WR,dede westbrook,584.0
Kermit Whitfield,Florida State,67.75,185,32.5,120.0,8.0,4.37,7.17,1.57,2.61,4.44,2017,WR,kermit whitfield,
Mike Williams,Clemson,75.75,218,32.5,121.0,15.0,,,,,,2017,WR,mike williams,585.0
Jesus Wilson,Florida State,69.125,189,,119.0,10.0,4.57,,1.58,2.66,4.57,2017,WR,jesus wilson,
Marcell Ateman,Oklahoma State,76.5,216,34.0,121.0,13.0,4.25,7.07,1.64,2.73,4.62,2018,WR,marcell ateman,586.0
Braxton Berrios,Miami (FL),68.625,184,,,11.0,,,,,,2018,WR,braxton berrios,587.0
Deontay Burnett,Southern California,71.625,186,,,,,,,,,2018,WR,deontay burnett,
Deon Cain,Clemson,73.875,202,33.5,115.0,11.0,4.37,6.71,1.57,2.63,4.43,2018,WR,deon cain,588.0
Antonio Callaway,Florida,70.625,200,34.0,121.0,,,,1.52,2.57,4.41,2018,WR,antonio callaway,589.0
Dylan Cantrell,Texas Tech,74.875,226,38.5,130.0,18.0,4.03,6.56,1.55,2.64,4.59,2018,WR,dylan cantrell,590.0
Darren Carrington II,Utah,74.25,199,36.0,120.0,,,,,,,2018,WR,darren carrington,
D.J. Chark,LSU,74.875,199,40.0,129.0,16.0,,,1.51,2.54,4.34,2018,WR,d j chark,
Simmie Cobbs Jr.,Indiana,75.125,220,30.0,113.0,11.0,4.32,6.7,1.59,2.68,4.64,2018,WR,simmie cobbs,
Keke Coutee,Texas Tech,69.75,181,34.5,113.0,14.0,4.15,6.93,1.57,2.61,4.43,2018,WR,keke coutee,591.0
Robert Foster,Alabama,73.625,196,31.0,116.0,,4.2,6.9,1.58,2.62,4.41,2018,WR,robert foster,
Michael Gallup,Colorado State,72.75,205,36.0,122.0,10.0,4.37,6.95,1.6,2.66,4.51,2018,WR,michael gallup,592.0
Davon Grayson,East Carolina,72.75,199,34.5,124.0,19.0,,,1.55,2.63,4.51,2018,WR,davon grayson,
DaeSean Hamilton,Penn State,72.625,203,34.5,118.0,,4.15,6.84,,,,2018,WR,daesean hamilton,593.0
Quadree Henderson,Pittsburgh,68.0,192,32.5,120.0,12.0,4.28,6.89,1.58,2.64,4.5,2018,WR,quadree henderson,
Richie James,Middle Tennessee,70.125,183,35.5,122.0,6.0,4.16,6.87,1.56,2.62,4.48,2018,WR,richie james,594.0
Christian Kirk,Texas AM,70.375,201,35.5,115.0,20.0,4.45,7.09,1.54,2.59,4.45,2018,WR,christian kirk,595.0
Chris Lacy,Oklahoma State,75.0,205,33.5,120.0,11.0,,,1.56,2.65,4.51,2018,WR,chris lacy,
Jordan Lasley,UCLA,73.0,203,34.5,112.0,8.0,4.19,,1.58,2.66,4.5,2018,WR,jordan lasley,596.0
Allen Lazard,Iowa State,76.625,227,38.0,122.0,17.0,,,1.58,2.63,4.55,2018,WR,allen lazard,
Tavares Martin Jr.,Washington State,72.625,177,31.5,,,,,1.67,2.79,4.8,2018,WR,tavares martin,
Ray-Ray McCloud,Clemson,69.5,190,34.5,113.0,13.0,,,1.6,2.65,4.53,2018,WR,ray ray mccloud,597.0
Anthony Miller,Memphis,71.125,201,,,22.0,,,,,,2018,WR,anthony miller,598.0
Steven Mitchell Jr,Southern California,70.25,189,32.5,121.0,13.0,4.4,6.75,1.6,2.66,4.56,2018,WR,steven mitchell,
DJ Moore,Maryland,72.0,210,39.5,132.0,15.0,4.07,6.95,1.54,2.59,4.42,2018,WR,dj moore,
JMon Moore,Missouri,74.625,207,38.0,120.0,21.0,4.04,6.56,1.64,2.72,4.6,2018,WR,jmon moore,
Dante Pettis,Washington,72.5,186,,,,,,,,,2018,WR,dante pettis,599.0
Cam Phillips,Virginia Tech,72.125,201,,,,,,,,,2018,WR,cam phillips,
Byron Pringle,Kansas State,73.125,203,33.5,120.0,15.0,4.4,6.87,1.56,2.61,4.46,2018,WR,byron pringle,
Trey Quinn,Southern Methodist,71.375,203,33.5,116.0,17.0,4.19,6.91,1.55,2.6,4.55,2018,WR,trey quinn,600.0
Calvin Ridley,Alabama,72.5,189,31.0,110.0,15.0,4.41,6.88,1.55,2.6,4.43,2018,WR,calvin ridley,601.0
Korey Robertson,Southern Miss,72.625,212,34.0,123.0,13.0,,,1.58,2.65,4.56,2018,WR,korey robertson,
Jaleel Scott,New Mexico State,76.75,218,34.5,124.0,16.0,4.4,7.2,1.56,2.62,4.56,2018,WR,jaleel scott,602.0
TreQuan Smith,Central Florida,73.75,203,37.5,130.0,12.0,4.5,6.97,1.6,2.65,4.49,2018,WR,trequan smith,
Equanimeous St. Brown,Notre Dame,76.75,214,,,20.0,,,1.54,2.59,4.48,2018,WR,equanimeous st brown,603.0
Courtland Sutton,Southern Methodist,75.375,218,35.5,124.0,18.0,4.11,6.57,1.52,2.61,4.54,2018,WR,courtland sutton,604.0
Auden Tate,Florida State,76.875,228,31.0,112.0,,,,1.64,2.72,4.68,2018,WR,auden tate,605.0
Marquez Valdes-Scantling,South Florida,76.0,206,30.5,124.0,15.0,,,1.55,2.58,4.37,2018,WR,marquez valdes scantling,606.0
James Washington,Oklahoma State,71.0,213,34.5,120.0,14.0,4.32,7.11,1.59,2.64,4.54,2018,WR,james washington,607.0
Jester Weah,Pittsburgh,74.25,211,38.0,129.0,15.0,4.41,7.24,1.6,2.63,4.43,2018,WR,jester weah,
KaRaun White,West Virginia,73.0,206,33.5,118.0,24.0,4.57,7.16,1.57,2.65,4.52,2018,WR,karaun white,
Jake Wieneke,South Dakota State,76.0,221,34.0,114.0,9.0,4.37,7.24,1.64,2.74,4.67,2018,WR,jake wieneke,
Cedrick Wilson,Boise State,74.25,197,37.0,121.0,9.0,4.23,6.89,1.58,2.65,4.55,2018,WR,cedrick wilson,608.0
Javon Wims,Georgia,74.875,215,33.5,113.0,,,7.0,1.59,2.63,4.53,2018,WR,javon wims,609.0
J.J. Arcega-Whiteside,Stanford,74.0,225,,,,,,,,,2019,WR,j j arcega whiteside,
Miles Boykin,Notre Dame,75.75,220,43.5,140.0,12.0,4.07,6.77,1.54,2.57,4.42,2019,WR,miles boykin,610.0
Tyre Brady,Marshall,74.875,211,32.0,117.0,12.0,4.25,,,,,2019,WR,tyre brady,
A.J. Brown,Mississippi,72.5,226,36.5,120.0,19.0,,,1.56,2.65,4.49,2019,WR,a j brown,611.0
Marquise Brown,Oklahoma,69.375,166,,,,,,,,,2019,WR,marquise brown,612.0
Emmanuel Butler,Northern Arizona,75.0,221,36.0,115.0,11.0,4.22,,,,,2019,WR,emmanuel butler,
Hakeem Butler,Iowa State,77.625,220,36.0,128.0,18.0,,,1.59,2.62,4.48,2019,WR,hakeem butler,613.0
Parris Campbell,Ohio State,71.875,205,40.0,135.0,11.0,4.03,,1.52,2.51,4.31,2019,WR,parris campbell,614.0
Jamal Custis,Syracuse,76.125,214,34.5,124.0,,,,1.6,2.65,4.5,2019,WR,jamal custis,
Ryan Davis,Auburn,69.875,189,35.0,124.0,12.0,4.23,7.09,,,,2019,WR,ryan davis,
Felton Davis III,Michigan State,75.5,211,,,21.0,,,,,,2019,WR,felton davis,
Johnnie Dixon,Ohio State,70.375,201,37.5,120.0,16.0,4.43,,1.57,2.6,4.41,2019,WR,johnnie dixon,
Greg Dortch,Wake Forest,67.125,173,,,,,,,,,2019,WR,greg dortch,
Keelan Doss,California-Davis,74.75,212,,,8.0,,,,,,2019,WR,keelan doss,
Ashton Dulin,Malone,73.375,215,38.0,121.0,13.0,4.22,7.0,1.57,2.61,4.43,2019,WR,ashton dulin,
Jovon Durante,Florida Atlantic,71.125,160,31.5,130.0,,4.31,7.08,1.64,2.7,4.55,2019,WR,jovon durante,
Jazz Ferguson,Northwestern State,76.75,228,37.0,123.0,8.0,4.59,7.25,1.57,2.6,4.45,2019,WR,jazz ferguson,
Travis Fulgham,Old Dominion,74.375,211,36.5,126.0,15.0,,,1.6,2.7,4.58,2019,WR,travis fulgham,615.0
Terry Godwin,Georgia,71.5,188,36.5,117.0,,,6.96,1.6,2.67,4.55,2019,WR,terry godwin,616.0
Emanuel Hall,Missouri,73.875,201,43.5,141.0,15.0,,,1.54,2.59,4.39,2019,WR,emanuel hall,
Mecole Hardman,Georgia,70.25,183,36.5,119.0,17.0,,,1.54,2.57,4.33,2019,WR,mecole hardman,617.0
Kelvin Harmon,North Carolina State,74.125,221,32.5,117.0,18.0,4.32,7.15,1.62,2.69,4.6,2019,WR,kelvin harmon,618.0
NKeal Harry,Arizona State,74.875,225,38.5,122.0,27.0,,,1.62,2.67,4.53,2019,WR,nkeal harry,
LilJordan Humphrey,Texas,75.625,210,33.5,119.0,13.0,4.29,7.09,1.65,2.77,4.75,2019,WR,liljordan humphrey,
Jalen Hurd,Baylor,76.625,228,,,23.0,,,,,,2019,WR,jalen hurd,619.0
Andy Isabella,Massachusetts,68.75,188,36.5,121.0,15.0,4.15,6.95,1.58,2.61,4.45,2019,WR,andy isabella,620.0
Gary Jennings Jr.,West Virginia,73.0,214,37.0,127.0,20.0,4.15,7.32,1.55,2.67,4.42,2019,WR,gary jennings,621.0
Diontae Johnson,Toledo,70.5,183,33.5,123.0,15.0,4.45,7.09,1.59,2.63,4.53,2019,WR,diontae johnson,622.0
KeeSean Johnson,Fresno State,73.125,201,30.0,117.0,14.0,4.23,7.28,1.62,2.69,4.6,2019,WR,keesean johnson,623.0
Olabisi Johnson,Colorado State,72.5,204,38.0,124.0,14.0,4.16,6.88,1.61,2.64,4.51,2019,WR,olabisi johnson,624.0
Anthony Johnson,Buffalo,73.875,203,32.5,122.0,18.0,,7.12,,,,2019,WR,anthony johnson,
Damarkus Lodge,Mississippi,73.875,202,33.5,119.0,11.0,4.53,7.06,1.63,2.68,4.55,2019,WR,damarkus lodge,
Terry McLaurin,Ohio State,72.125,208,37.5,125.0,18.0,4.15,7.01,1.54,2.59,4.35,2019,WR,terry mclaurin,625.0
D.K. Metcalf,Mississippi,75.375,228,40.5,134.0,27.0,4.5,7.38,1.48,2.53,4.33,2019,WR,d k metcalf,626.0
Jakobi Meyers,North Carolina State,73.625,203,37.0,118.0,13.0,4.23,7.07,1.56,2.66,4.63,2019,WR,jakobi meyers,
Dillon Mitchell,Oregon,73.25,197,36.5,122.0,12.0,4.29,,1.55,2.61,4.46,2019,WR,dillon mitchell,627.0
Stanley Morgan Jr.,Nebraska,72.0,202,38.5,125.0,14.0,4.13,6.78,1.58,2.66,4.53,2019,WR,stanley morgan,
Nyqwan Murray,Florida State,70.25,193,34.0,113.0,8.0,4.4,7.2,1.62,2.74,4.63,2019,WR,nyqwan murray,
Tony Pollard,Memphis,71.625,210,35.0,121.0,13.0,,,1.58,2.63,4.52,2019,WR,tony pollard,
Hunter Renfrow,Clemson,70.5,180,35.0,116.0,7.0,4.19,6.8,1.64,2.69,4.59,2019,WR,hunter renfrow,628.0
Riley Ridley,Georgia,73.25,194,30.5,124.0,13.0,4.28,7.22,1.57,2.69,4.58,2019,WR,riley ridley,629.0
Deebo Samuel,South Carolina,71.25,214,39.0,122.0,15.0,4.14,7.03,1.6,2.66,4.48,2019,WR,deebo samuel,630.0
David Sills V,West Virginia,75.25,211,37.5,117.0,14.0,4.28,6.97,1.58,2.67,4.57,2019,WR,david sills,
Darius Slayton,Auburn,73.0,190,40.5,135.0,11.0,4.15,7.0,1.56,2.62,4.39,2019,WR,darius slayton,631.0
Jaylen Smith,Louisville,74.25,213,34.5,122.0,14.0,4.48,7.55,1.56,2.64,4.47,2019,WR,jaylen smith,
Cody Thompson,Toledo,73.5,205,38.5,119.0,19.0,4.03,6.87,1.61,2.66,4.57,2019,WR,cody thompson,
Jamarius Way,South Alabama,75.5,215,32.5,119.0,16.0,4.66,,1.72,2.78,4.63,2019,WR,jamarius way,
Alex Wesley,Northern Colorado,71.875,190,38.5,125.0,13.0,4.44,7.4,1.58,2.61,4.45,2019,WR,alex wesley,
Antoine Wesley,Texas Tech,76.125,206,37.0,117.0,6.0,4.26,7.07,,,,2019,WR,antoine wesley,
Brandon Aiyuk,Arizona State,71.625,205,40.0,128.0,11.0,,,1.57,2.63,4.5,2020,WR,brandon aiyuk,632.0
Omar Bayless,Arkansas State,72.75,212,36.0,123.0,11.0,4.5,7.35,1.62,2.72,4.62,2020,WR,omar bayless,
Lynn Bowden,Kentucky,70.625,204,,,13.0,,,,,,2020,WR,lynn bowden,633.0
Tony Brown,Colorado,72.75,198,33.5,119.0,14.0,4.27,7.21,1.63,2.74,4.65,2020,WR,tony brown,
Lawrence Cager,Georgia,76.75,220,,,,,,,,,2020,WR,lawrence cager,
Marquez Callaway,Tennessee,73.25,205,38.0,126.0,,,,1.58,2.64,4.55,2020,WR,marquez callaway,
Quintez Cephus,Wisconsin,72.875,202,38.5,124.0,23.0,4.33,7.2,1.67,2.77,4.73,2020,WR,quintez cephus,634.0
Chase Claypool,Notre Dame,76.25,238,40.5,126.0,19.0,,,1.56,2.57,4.42,2020,WR,chase claypool,635.0
Tyrie Cleveland,Florida,74.375,209,39.5,126.0,13.0,,,1.54,2.61,4.46,2020,WR,tyrie cleveland,636.0
Isaiah Coulter,Rhode Island,73.875,198,36.0,121.0,,4.62,7.28,1.55,2.59,4.45,2020,WR,isaiah coulter,637.0
Gabriel Davis,Central Florida,74.0,216,35.0,124.0,14.0,4.59,7.08,1.55,2.66,4.54,2020,WR,gabriel davis,638.0
Quartney Davis,Texas AM,73.25,201,35.5,,,,,1.58,2.66,4.54,2020,WR,quartney davis,
Devin Duvernay,Texas,70.5,200,35.5,123.0,,4.2,7.13,1.56,2.58,4.39,2020,WR,devin duvernay,639.0
Bryan Edwards,South Carolina,74.75,212,,,,,,,,,2020,WR,bryan edwards,640.0
Chris Finke,Notre Dame,69.5,186,40.0,,7.0,,,1.57,2.65,4.57,2020,WR,chris finke,
Aaron Fuller,Washington,70.75,188,34.0,118.0,,,7.14,1.61,2.69,4.59,2020,WR,aaron fuller,
Antonio Gandy-Golden,Liberty,76.0,223,36.0,127.0,22.0,4.55,7.33,1.62,2.72,4.6,2020,WR,antonio gandy golden,641.0
Stephen Guidry,Mississippi State,75.0,201,34.0,125.0,,4.46,7.31,1.59,2.65,4.47,2020,WR,stephen guidry,
K.J. Hamler,Penn State,68.625,178,,,15.0,,,,,,2020,WR,k j hamler,
Tee Higgins,Clemson,75.625,216,,,,,,,,,2020,WR,tee higgins,642.0
John Hightower,Boise State,73.5,189,38.5,122.0,,4.21,7.07,1.54,2.67,4.43,2020,WR,john hightower,643.0
K.J. Hill,Ohio State,71.875,196,32.5,114.0,17.0,,,1.59,2.68,4.6,2020,WR,k j hill,644.0
Isaiah Hodgins,Oregon State,75.625,210,36.5,124.0,9.0,4.12,7.01,1.58,2.66,4.61,2020,WR,isaiah hodgins,645.0
Trishton Jackson,Syracuse,72.75,197,36.0,117.0,,,,1.58,2.66,4.5,2020,WR,trishton jackson,
Justin Jefferson,LSU,73.25,202,37.5,126.0,,,,1.57,2.61,4.43,2020,WR,justin jefferson,646.0
Van Jefferson,Florida,73.5,200,,,,,,,,,2020,WR,van jefferson,647.0
Jauan Jennings,Tennessee,75.125,215,29.0,119.0,,,,1.65,2.74,4.72,2020,WR,jauan jennings,648.0
Jerry Jeudy,Alabama,73.0,193,35.0,120.0,,4.53,,1.56,2.59,4.45,2020,WR,jerry jeudy,649.0
Juwan Johnson,Oregon,76.0,230,33.0,124.0,14.0,4.37,6.94,1.62,2.68,4.58,2020,WR,juwan johnson,
Tyler Johnson,Minnesota,73.375,206,,,,,,,,,2020,WR,tyler johnson,650.0
Collin Johnson,Texas,77.625,222,,,17.0,,,,,,2020,WR,collin johnson,651.0
CeeDee Lamb,Oklahoma,73.625,198,34.5,124.0,11.0,,,1.58,2.62,4.5,2020,WR,ceedee lamb,652.0
Kalija Lipscomb,Vanderbilt,71.875,207,32.0,127.0,16.0,,,1.61,2.68,4.57,2020,WR,kalija lipscomb,
Austin Mack,Ohio State,73.5,208,31.5,117.0,,4.42,,1.59,2.65,4.59,2020,WR,austin mack,
Denzel Mims,Baylor,74.875,207,38.5,131.0,16.0,4.43,6.66,1.54,2.56,4.38,2020,WR,denzel mims,653.0
Darnell Mooney,Tulane,70.125,176,37.0,124.0,9.0,,,1.54,2.55,4.38,2020,WR,darnell mooney,654.0
K.J. Osborn,Miami (FL),71.5,203,37.5,123.0,18.0,4.35,7.0,1.58,2.61,4.48,2020,WR,k j osborn,655.0
Aaron Parker,Rhode Island,73.625,209,26.5,112.0,12.0,4.23,6.94,1.63,2.7,4.57,2020,WR,aaron parker,
Dezmon Patmon,Washington State,75.75,225,36.0,132.0,15.0,4.38,7.28,1.57,2.64,4.48,2020,WR,dezmon patmon,656.0
Donovan Peoples-Jones,Michigan,73.625,212,44.5,139.0,,,,1.59,2.63,4.48,2020,WR,donovan peoples jones,657.0
Michael Pittman,Southern California,76.0,223,36.5,121.0,13.0,4.14,6.96,1.61,2.68,4.52,2020,WR,michael pittman,658.0
James Proche,Southern Methodist,70.625,201,34.5,,20.0,4.4,7.27,,,,2020,WR,james proche,659.0
Jalen Reagor,Texas Christian,70.625,206,42.0,138.0,17.0,4.46,7.31,1.63,2.68,4.47,2020,WR,jalen reagor,660.0
Joe Reed,Virginia,72.5,224,38.0,123.0,21.0,,,1.59,2.65,4.47,2020,WR,joe reed,661.0
Kendrick Rogers,Texas AM,76.25,208,35.5,124.0,17.0,4.48,7.13,1.59,2.65,4.51,2020,WR,kendrick rogers,
Henry Ruggs,Alabama,71.0,188,42.0,131.0,,,,1.54,2.52,4.27,2020,WR,henry ruggs,662.0
Laviska Shenault,Colorado,72.625,227,,,,,,1.61,2.67,4.58,2020,WR,laviska shenault,663.0
Darrell Stewart Jr.,Michigan State,72.25,212,35.0,117.0,15.0,,,,,,2020,WR,darrell stewart,
Freddie Swain,Florida,72.25,197,36.5,124.0,16.0,4.26,7.06,1.57,2.6,4.46,2020,WR,freddie swain,664.0
Jeff Thomas,Miami (FL),68.875,170,36.5,125.0,,,,1.56,2.6,4.45,2020,WR,jeff thomas,
Binjimen Victor,Ohio State,75.75,198,35.0,128.0,9.0,,7.1,1.64,2.67,4.6,2020,WR,binjimen victor,
Quez Watkins,Southern Miss,72.125,185,36.5,125.0,,4.36,7.28,1.52,2.55,4.35,2020,WR,quez watkins,665.0
Cody White,Michigan State,75.375,217,35.5,120.0,,4.52,7.19,1.65,2.7,4.66,2020,WR,cody white,
Lucas Brigman,Nebraska-Omaha,72.375,308,27.0,101.0,26.0,4.67,7.99,1.8,3.07,5.43,2003,C,lucas brigman,
Ben Claxton,Mississippi,74.625,301,27.0,102.0,,4.69,7.81,1.81,3.02,5.33,2003,C,ben claxton,
Jeff Faine,Notre Dame,74.875,303,,,,,,,,,2003,C,jeff faine,
Lui Fuata,Hawaii,73.875,309,,,,,,,,,2003,C,lui fuata,
Al Johnson,Wisconsin,75.5,305,,,,,,,,,2003,C,al johnson,
Austin King,Northwestern,75.875,299,28.0,106.0,20.0,4.73,7.99,1.81,3.12,5.57,2003,C,austin king,
Dan Koppen,Boston College,74.625,297,28.5,101.0,27.0,4.56,8.26,1.8,3.02,5.28,2003,C,dan koppen,
Wayne Lucier,Colorado,75.75,301,,,,,,,,,2003,C,wayne lucier,
Antoine Mirambeau,Florida State,75.0,299,,,,,,,,,2003,C,antoine mirambeau,
Gene Mruczkowski,Purdue,74.625,297,,,28.0,,,,,,2003,C,gene mruczkowski,
Bruce Nelson,Iowa,77.25,301,,,21.0,,,,,,2003,C,bruce nelson,
Brett Romberg,Miami (FL),74.125,295,27.5,99.0,27.0,4.65,8.16,1.8,3.03,5.28,2003,C,brett romberg,
Toby Cecil,Texas Tech,76.0,297,,85.0,19.0,4.98,8.31,,,,2004,C,toby cecil,
Jake Grove,Virginia Tech,75.375,303,,,31.0,,,1.8,2.98,5.19,2004,C,jake grove,
Rex Hadnot,Houston,74.125,323,24.5,91.0,27.0,4.66,7.94,1.91,3.18,5.52,2004,C,rex hadnot,
Nick Hardwick,Purdue,75.5,295,34.0,108.0,27.0,4.55,7.72,1.8,3.0,5.1,2004,C,nick hardwick,
Scott Jackson,Brigham Young,76.125,300,30.5,105.0,28.0,4.52,7.84,1.7,2.86,4.94,2004,C,scott jackson,
Nick Leckey,Kansas State,74.875,290,27.0,97.0,18.0,4.47,7.71,1.82,3.04,5.24,2004,C,nick leckey,
Josh Sewell,Nebraska,73.625,301,30.0,99.0,30.0,4.24,7.53,1.75,2.94,5.08,2004,C,josh sewell,
Kurt Sigler,Eastern Washington,76.625,306,24.0,93.0,,4.63,8.09,1.92,3.3,5.81,2004,C,kurt sigler,
Alex Stepanovich,Ohio State,75.375,304,25.5,96.0,,4.44,7.64,1.78,2.97,5.21,2004,C,alex stepanovich,
Scott Wells,Tennessee,73.875,300,31.0,109.0,31.0,4.35,7.56,1.77,3.0,5.24,2004,C,scott wells,
Jason Brown,North Carolina,74.75,313,30.5,105.0,23.0,4.52,7.72,1.85,3.09,5.4,2005,C,jason brown,
Junius Coston,North Carolina AT,75.375,310,29.5,102.0,21.0,4.56,7.93,1.9,3.13,5.33,2005,C,junius coston,
Eric Ghiaciuc,Central Michigan,76.0,302,32.0,105.0,30.0,4.56,7.87,1.82,2.96,5.11,2005,C,eric ghiaciuc,
Geoff Hangartner,Texas AM,77.0,301,28.5,103.0,26.0,4.57,7.62,1.86,3.07,5.21,2005,C,geoff hangartner,
Drew Hodgdon,Arizona State,74.75,309,32.5,109.0,,4.45,7.49,1.86,3.12,5.31,2005,C,drew hodgdon,
Rob Hunt,North Dakota State,75.75,301,34.5,108.0,31.0,4.48,7.53,1.8,2.93,5.01,2005,C,rob hunt,
Richie Incognito,Nebraska,75.25,305,,,29.0,,,1.74,2.88,4.84,2005,C,richie incognito,
Scott Mruczkowski,Bowling Green,76.5,321,,,28.0,,,,,,2005,C,scott mruczkowski,
Duke Preston,Illinois,77.125,311,32.0,96.0,21.0,4.53,7.58,1.81,3.09,5.44,2005,C,duke preston,
Chris Spencer,Mississippi,74.875,309,32.0,105.0,26.0,4.61,8.07,1.81,3.04,5.21,2005,C,chris spencer,
Ben Wilkerson,LSU,75.5,299,,,,,,,,,2005,C,ben wilkerson,
Chris Chester,Oklahoma,75.375,303,31.5,106.0,27.0,4.5,7.31,1.67,2.78,4.88,2006,C,chris chester,
Mike Degory,Florida,77.5,305,26.0,98.0,24.0,4.67,8.03,1.81,3.07,5.43,2006,C,mike degory,
Greg Eslinger,Minnesota,75.125,292,30.0,101.0,28.0,4.68,7.59,1.74,2.98,5.19,2006,C,greg eslinger,
Nick Mangold,Ohio State,75.625,300,27.5,104.0,24.0,4.36,7.47,1.74,2.9,5.05,2006,C,nick mangold,
Will Montgomery,Virginia Tech,75.0,312,29.5,104.0,35.0,4.43,7.4,1.69,2.88,5.09,2006,C,will montgomery,
Marvin Philip,California,73.0,307,27.0,96.0,27.0,4.69,7.85,1.78,2.98,5.27,2006,C,marvin philip,
Donovan Raiola,Wisconsin,74.125,300,25.0,90.0,20.0,4.97,8.17,1.82,3.11,5.53,2006,C,donovan raiola,
Pat Ross,Boston College,75.5,301,,,23.0,,,1.71,2.86,4.96,2006,C,pat ross,
Doug Datish,Ohio State,76.125,302,26.0,102.0,31.0,4.65,7.51,1.81,3.02,5.17,2007,C,doug datish,
Mark Fenton,Colorado,76.25,290,,,22.0,,,,,,2007,C,mark fenton,
Dustin Fry,Clemson,74.625,314,,,34.0,,,1.94,3.15,5.47,2007,C,dustin fry,
Leroy Harris,North Carolina State,74.5,302,24.5,96.0,29.0,4.8,8.0,1.83,3.06,5.33,2007,C,leroy harris,
Ryan Kalil,Southern California,74.75,299,26.0,104.0,34.0,4.34,7.5,1.77,2.91,5.01,2007,C,ryan kalil,
Enoka Lucas,Oregon,74.625,303,27.5,104.0,34.0,4.84,8.1,1.85,3.12,5.44,2007,C,enoka lucas,
Drew Mormino,Central Michigan,75.25,299,28.0,105.0,27.0,4.53,7.48,1.85,3.06,5.36,2007,C,drew mormino,
Dan Mozes,West Virginia,74.625,293,25.5,101.0,28.0,4.84,7.98,1.92,3.17,5.39,2007,C,dan mozes,
Samson Satele,Hawaii,74.625,300,33.0,101.0,25.0,4.29,7.47,1.83,3.02,5.25,2007,C,samson satele,
Scott Stephenson,Iowa State,75.25,297,29.5,99.0,21.0,4.57,7.62,1.85,3.04,5.21,2007,C,scott stephenson,
Steve Justice,Wake Forest,75.375,293,21.0,98.0,23.0,4.58,7.4,1.79,3.0,5.24,2008,C,steve justice,
Kory Lichtensteiger,Bowling Green,74.25,298,23.0,104.0,,4.56,7.6,1.84,3.04,5.34,2008,C,kory lichtensteiger,
Mike Pollak,Arizona State,75.5,301,25.0,110.0,29.0,4.47,7.49,1.73,2.88,5.02,2008,C,mike pollak,
Jamey Richard,Buffalo,76.75,295,26.5,107.0,22.0,4.69,7.58,1.8,2.99,5.22,2008,C,jamey richard,
Matt Spanos,Southern California,77.0,317,22.5,104.0,,4.92,7.9,1.88,3.11,5.47,2008,C,matt spanos,
John Sullivan,Notre Dame,75.5,301,30.0,103.0,21.0,4.55,7.62,1.8,3.03,5.36,2008,C,john sullivan,
Cody Wallace,Texas AM,76.25,296,30.5,113.0,26.0,4.55,7.45,1.78,2.99,5.31,2008,C,cody wallace,
Rob Bruggeman,Iowa,76.0,293,,,30.0,,,,,,2009,C,rob bruggeman,
Antoine Caldwell,Alabama,75.25,309,28.0,111.0,23.0,5.04,7.96,1.87,3.09,5.3,2009,C,antoine caldwell,
Jon Cooper,Oklahoma,73.875,291,29.5,105.0,31.0,4.6,7.46,1.83,3.01,5.18,2009,C,jon cooper,
Robby Felix,Texas-El Paso,75.25,302,29.0,97.0,33.0,4.73,7.96,1.84,3.04,5.28,2009,C,robby felix,
Alex Fletcher,Stanford,74.25,297,28.0,96.0,30.0,4.65,7.78,1.93,3.16,5.43,2009,C,alex fletcher,
Brett Helms,LSU,74.0,286,,,25.0,,,,,,2009,C,brett helms,
Jonathan Luigs,Arkansas,75.625,301,31.0,99.0,26.0,4.79,7.69,1.86,3.03,5.14,2009,C,jonathan luigs,
Alex Mack,California,75.875,311,,,,,,,,,2009,C,alex mack,
A.Q. Shipley,Penn State,73.125,304,31.0,100.0,33.0,4.4,7.46,1.85,3.06,5.26,2009,C,a q shipley,
Max Unger,Oregon,76.625,309,24.5,93.0,22.0,4.5,7.39,1.87,3.12,5.35,2009,C,max unger,
Edwin Williams,Maryland,74.25,308,28.5,99.0,22.0,4.98,8.15,1.9,3.17,5.5,2009,C,edwin williams,
Eric Wood,Louisville,75.875,310,30.5,99.0,30.0,4.51,7.56,1.83,3.02,5.24,2009,C,eric wood,
Jeff Byers,Southern California,75.375,301,,,33.0,,,,,,2010,C,jeff byers,
Erik Cook,New Mexico,78.0,318,25.0,94.0,19.0,4.99,8.24,,,,2010,C,erik cook,
Joe Hawley,UNLV,75.25,297,26.0,105.0,35.0,4.73,7.5,1.82,3.05,5.28,2010,C,joe hawley,
Ted Larsen,North Carolina State,74.625,304,24.0,96.0,26.0,4.66,7.81,1.85,3.06,5.27,2010,C,ted larsen,
Eric Olsen,Notre Dame,75.875,306,29.5,93.0,35.0,4.82,7.5,1.9,3.12,5.3,2010,C,eric olsen,
Maurkice Pouncey,Florida,76.5,304,,95.0,,4.92,7.74,1.83,3.07,5.29,2010,C,maurkice pouncey,
Matt Tennant,Boston College,76.625,300,25.0,98.0,27.0,4.62,7.6,1.81,3.0,5.16,2010,C,matt tennant,
J.D. Walton,Baylor,74.625,300,27.0,101.0,24.0,4.69,7.6,1.84,3.05,5.24,2010,C,j d walton,
Ryan Bartholomew,Syracuse,73.125,302,26.5,92.0,34.0,4.62,7.62,1.74,2.9,4.97,2011,C,ryan bartholomew,
Brandon Fusco,Slippery Rock,76.0,306,28.5,108.0,26.0,4.43,7.29,1.84,3.02,5.21,2011,C,brandon fusco,666.0
Rodney Hudson,Florida State,74.375,299,25.5,95.0,27.0,4.96,8.03,1.9,3.12,5.31,2011,C,rodney hudson,667.0
Jason Kelce,Cincinnati,74.625,280,30.5,110.0,,4.14,7.22,1.76,2.89,4.93,2011,C,jason kelce,668.0
Alex Linnenkohl,Oregon State,73.75,304,26.5,89.0,24.0,4.62,7.67,1.86,3.11,5.37,2011,C,alex linnenkohl,
Kris ODowd,Southern California,76.125,304,32.5,105.0,31.0,4.59,7.67,1.8,2.98,5.16,2011,C,kris odowd,
Zane Taylor,Utah,74.5,309,25.5,104.0,33.0,4.77,8.15,1.94,3.22,5.61,2011,C,zane taylor,
Zack Williams,Maryland,75.0,309,30.0,103.0,28.0,4.62,7.54,1.84,3.06,5.27,2011,C,zack williams,
Stefen Wisniewski,Penn State,75.0,313,28.5,100.0,30.0,4.63,7.51,1.87,3.11,5.35,2011,C,stefen wisniewski,669.0
Philip Blake,Baylor,74.75,311,29.5,105.0,22.0,4.65,7.86,1.84,3.04,5.25,2012,C,philip blake,
Mike Brewster,Texas AM,76.125,312,25.0,96.0,29.0,4.6,7.73,1.85,3.09,5.35,2012,C,mike brewster,
Garth Gerhart,Arizona State,73.25,305,30.5,96.0,25.0,4.65,7.63,1.92,3.16,5.42,2012,C,garth gerhart,
Ben Jones,Georgia,74.625,303,30.5,105.0,29.0,4.74,7.95,1.86,3.12,5.44,2012,C,ben jones,670.0
Peter Konz,Wisconsin,77.0,314,,,18.0,,,,,,2012,C,peter konz,671.0
David Molk,Michigan,72.875,298,,,41.0,,,,,,2012,C,david molk,672.0
Quentin Saulsberry,Mississippi State,74.375,304,22.0,90.0,26.0,4.99,8.19,1.87,3.09,5.38,2012,C,quentin saulsberry,
Braxston Cave,Notre Dame,75.25,303,25.5,98.0,,4.71,7.81,1.87,3.05,5.33,2013,C,braxston cave,
Travis Frederick,Wisconsin,75.625,312,28.5,97.0,21.0,4.76,7.81,1.91,3.2,5.58,2013,C,travis frederick,673.0
Khaled Holmes,Southern California,75.25,302,,,13.0,,,,,,2013,C,khaled holmes,674.0
T.J. Johnson,South Carolina,76.25,310,25.5,96.0,32.0,4.74,7.83,1.89,3.13,5.33,2013,C,t j johnson,675.0
Barrett Jones,Alabama,76.5,306,,,,,,,,,2013,C,barrett jones,
P.J. Lonergan,LSU,75.25,304,,,25.0,,,1.84,3.05,5.38,2013,C,p j lonergan,
Joe Madsen,West Virginia,75.375,310,25.0,98.0,25.0,4.83,7.6,1.87,3.06,5.2,2013,C,joe madsen,
Brian Schwenke,California,75.0,314,26.5,108.0,31.0,4.74,7.31,1.74,2.89,4.99,2013,C,brian schwenke,676.0
Matt Stankiewitch,Penn State,74.75,302,24.0,92.0,27.0,4.96,7.9,1.9,3.14,5.43,2013,C,matt stankiewitch,
Matt Armstrong,Grand Valley State,74.125,302,,,,,,1.8,3.01,5.36,2014,C,matt armstrong,
Jonotthan Harrison,Florida,75.5,304,27.0,113.0,27.0,4.86,7.97,1.83,3.0,5.15,2014,C,jonotthan harrison,
Gabe Ikard,Oklahoma,75.625,304,26.0,103.0,22.0,4.37,7.3,1.77,2.96,5.13,2014,C,gabe ikard,
Wesley Johnson,Vanderbilt,77.375,297,29.0,111.0,26.0,4.64,7.4,1.73,2.96,5.11,2014,C,wesley johnson,
Tyler Larsen,Utah State,75.625,313,23.5,102.0,36.0,4.7,8.22,,,,2014,C,tyler larsen,
Corey Linsley,Ohio State,74.625,296,27.0,,36.0,,,,,,2014,C,corey linsley,677.0
Marcus Martin,Southern California,75.375,320,,,23.0,,,,,,2014,C,marcus martin,678.0
Matt Paradis,Boise State,74.625,306,26.0,103.0,23.0,4.46,7.6,1.85,3.1,5.34,2014,C,matt paradis,
Weston Richburg,Colorado State,75.375,298,25.5,106.0,25.0,4.63,7.93,1.84,2.97,5.1,2014,C,weston richburg,
James Stone,Tennessee,75.625,306,27.5,105.0,22.0,4.63,8.16,1.81,2.99,5.17,2014,C,james stone,
Bryan Stork,Florida State,75.875,315,,,,,,,,,2014,C,bryan stork,679.0
Travis Swanson,Arkansas,77.0,312,26.0,95.0,20.0,4.65,7.73,1.87,3.09,5.28,2014,C,travis swanson,680.0
Reese Dismukes,Auburn,74.75,296,27.5,107.0,23.0,4.7,8.14,1.91,3.12,5.31,2015,C,reese dismukes,
Cameron Erving,Florida State,77.5,313,30.5,112.0,30.0,4.63,7.48,1.87,3.03,5.15,2015,C,cameron erving,681.0
B.J. Finney,Kansas State,75.75,318,24.0,99.0,20.0,4.76,,1.91,3.14,5.25,2015,C,b j finney,
Andy Gallik,Boston College,74.375,306,27.0,96.0,29.0,4.58,7.66,1.93,3.19,5.5,2015,C,andy gallik,682.0
Max Garcia,Florida,76.125,309,,,,,,,,,2015,C,max garcia,683.0
Hroniss Grasu,Virginia Tech,75.0,297,,,,,,,,,2015,C,hroniss grasu,684.0
Chad Hamilton,Coastal Carolina,74.0,292,,,,,,,,,2015,C,chad hamilton,
Greg Mancz,Toledo,76.5,301,,,,,,,,,2015,C,greg mancz,
Jack Allen,Michigan State,73.25,294,26.5,101.0,23.0,4.73,7.9,1.84,3.06,5.29,2016,C,jack allen,
Austin Blythe,Iowa,74.125,298,27.5,99.0,29.0,4.53,7.52,1.8,3.04,5.36,2016,C,austin blythe,685.0
Evan Boehm,Missouri,74.125,302,28.5,96.0,24.0,4.69,7.52,1.91,3.12,5.33,2016,C,evan boehm,686.0
Jake Brendel,UCLA,76.125,303,28.0,108.0,25.0,4.27,7.31,1.72,2.89,5.01,2016,C,jake brendel,
Ryan Kelly,Alabama,76.0,311,30.0,103.0,26.0,4.59,7.58,1.76,2.93,5.03,2016,C,ryan kelly,687.0
Nick Martin,Notre Dame,76.125,299,28.0,97.0,28.0,4.72,7.57,1.8,3.02,5.22,2016,C,nick martin,
Matt Skura,Duke,75.375,305,24.0,103.0,27.0,4.76,7.89,1.84,3.08,5.39,2016,C,matt skura,
Max Tuerk,Southern California,77.0,298,,,22.0,,,,,,2016,C,max tuerk,688.0
Pat Elflein,Ohio State,74.75,303,23.5,99.0,22.0,4.71,7.94,1.87,3.08,5.32,2017,C,pat elflein,689.0
Kyle Fuller,Baylor,76.75,307,26.0,96.0,23.0,4.84,7.71,1.81,3.03,5.24,2017,C,kyle fuller,690.0
Tyler Orlosky,West Virginia,75.125,298,,,24.0,,,,,,2017,C,tyler orlosky,
Ethan Pocic,LSU,78.0,310,27.0,107.0,26.0,4.81,7.89,1.82,3.02,5.12,2017,C,ethan pocic,691.0
Chase Roullier,Wyoming,75.75,312,26.5,97.0,19.0,4.47,7.6,1.93,3.22,5.54,2017,C,chase roullier,692.0
Jon Toth,Kentucky,76.875,307,25.5,100.0,21.0,4.84,8.09,1.86,3.14,5.51,2017,C,jon toth,
Brian Allen,Michigan State,73.125,298,26.5,99.0,27.0,4.71,7.81,1.87,3.1,5.32,2018,C,brian allen,693.0
Will Clapp,LSU,76.5,311,29.0,97.0,25.0,4.92,8.04,1.86,3.13,5.39,2018,C,will clapp,694.0
Mason Cole,Michigan,76.125,307,23.5,104.0,23.0,4.78,7.77,1.78,3.0,5.23,2018,C,mason cole,695.0
James Daniels,Iowa,75.375,306,30.5,108.0,21.0,4.4,7.29,,,,2018,C,james daniels,696.0
Billy Price,Ohio State,75.75,305,,,,,,,,,2018,C,billy price,697.0
Scott Quessenberry,UCLA,75.625,310,33.5,111.0,25.0,4.69,7.5,1.75,2.94,5.09,2018,C,scott quessenberry,698.0
Frank Ragnow,Arkansas,77.125,312,,,26.0,,,,,,2018,C,frank ragnow,699.0
Coleman Shelton,Washington,75.375,292,26.5,110.0,,4.59,7.62,1.78,3.0,5.21,2018,C,coleman shelton,
Garrett Bradbury,North Carolina State,74.875,306,31.0,104.0,34.0,4.53,7.41,1.69,2.84,4.92,2019,C,garrett bradbury,700.0
Lamont Gaillard,Georgia,74.375,304,,,,,,,,,2019,C,lamont gaillard,701.0
Elgton Jenkins,Mississippi State,76.5,310,28.0,109.0,29.0,4.62,7.77,,,,2019,C,elgton jenkins,702.0
Michael Jordan,Ohio State,77.875,312,32.5,116.0,19.0,4.71,7.71,1.86,3.07,5.27,2019,C,michael jordan,
Erik McCoy,Texas AM,75.875,303,31.0,107.0,29.0,4.62,8.28,1.72,2.85,4.89,2019,C,erik mccoy,703.0
Ross Pierschbacher,Alabama,75.625,308,22.5,,20.0,4.7,7.83,1.84,3.06,5.2,2019,C,ross pierschbacher,
Tyler Biadasz,Wisconsin,75.625,314,,,,,,,,,2020,C,tyler biadasz,704.0
Cohl Cabral,Arizona State,76.875,300,,,20.0,,,,,,2020,C,cohl cabral,
Trystan Colon-Castillo,Missouri,75.0,313,,,,,,,,,2020,C,trystan colon castillo,
Lloyd Cushenberry III,LSU,75.125,312,,,25.0,,,1.82,3.01,5.27,2020,C,lloyd cushenberry,705.0
Jake Hanson,Oregon,76.375,303,,,33.0,,,1.95,3.21,,2020,C,jake hanson,706.0
Nick Harris,Washington,72.875,302,29.5,103.0,20.0,,,1.76,2.95,5.1,2020,C,nick harris,707.0
Matt Hennessy,Temple,75.875,307,30.0,110.0,23.0,4.6,7.45,1.8,3.03,5.18,2020,C,matt hennessy,708.0
Keith Ismael,San Diego State,74.875,309,32.0,108.0,,4.65,8.14,1.81,3.01,5.34,2020,C,keith ismael,709.0
Calvin Throckmorton,Oregon,77.0,317,27.0,97.0,23.0,4.98,8.07,1.95,3.23,5.57,2020,C,calvin throckmorton,
Darryl Williams,Mississippi State,74.375,304,25.5,102.0,23.0,4.76,7.88,1.8,3.01,5.23,2020,C,darryl williams,
Jordan Black,Notre Dame,77.875,314,30.0,106.0,,4.5,7.65,1.84,2.97,5.19,2003,OT,jordan black,
Ulish Booker,Michigan State,78.25,304,,,,,,,,,2003,OT,ulish booker,
Brennan Curtin,Notre Dame,81.125,318,32.0,100.0,,4.87,7.98,1.84,3.03,5.28,2003,OT,brennan curtin,
George Foster,Georgia,77.375,338,27.0,100.0,,,,,,,2003,OT,george foster,
Jordan Gross,Utah,76.5,300,31.5,112.0,28.0,4.39,7.69,1.78,2.92,5.06,2003,OT,jordan gross,
Kwame Harris,Stanford,79.0,310,35.5,107.0,,4.65,7.98,1.73,2.96,5.2,2003,OT,kwame harris,
Wayne Hunter,Hawaii,77.625,303,31.0,104.0,37.0,4.57,7.72,1.77,2.97,5.12,2003,OT,wayne hunter,
Jason Jimenez,Southern Miss,78.875,311,30.0,96.0,18.0,4.69,8.47,1.8,3.09,5.28,2003,OT,jason jimenez,
Garry Johnson,Arkansas State,75.375,289,24.5,97.0,17.0,4.89,8.27,1.85,3.07,5.29,2003,OT,garry johnson,
Ben Johnson,Wisconsin,78.5,329,,,30.0,,,,,,2003,OT,ben johnson,
Chuck Klabo,North Dakota State,77.375,291,,,,,,,,,2003,OT,chuck klabo,
Scott Kooistra,North Carolina State,77.875,316,31.0,103.0,28.0,4.62,7.95,1.74,2.94,5.14,2003,OT,scott kooistra,
Damian Lavergne,Louisiana Tech,78.0,333,27.0,92.0,17.0,4.86,8.44,1.93,3.19,5.57,2003,OT,damian lavergne,
Pete Lougheed,Purdue,76.75,300,28.5,93.0,20.0,4.51,7.86,1.75,2.99,5.16,2003,OT,pete lougheed,
Kareem Marshall,Georgia,76.625,359,27.5,92.0,,,,,,,2003,OT,kareem marshall,
Lance Nimmo,West Virginia,77.25,303,27.0,90.0,20.0,4.96,8.21,1.78,3.05,5.28,2003,OT,lance nimmo,
Will Ofenheusle,Tennessee,78.5,308,26.5,94.0,23.0,5.03,8.65,,,,2003,OT,will ofenheusle,
Tony Pashos,Illinois,78.0,337,,,38.0,,,,,,2003,OT,tony pashos,
David Porter,Iowa,77.875,311,26.0,95.0,,4.98,8.43,1.81,3.06,5.32,2003,OT,david porter,
Tim Provost,San Jose State,77.125,301,28.5,102.0,21.0,4.7,8.38,1.8,3.05,5.24,2003,OT,tim provost,
Dustin Rykert,Brigham Young,78.375,327,26.5,92.0,21.0,4.87,8.2,1.91,3.19,5.44,2003,OT,dustin rykert,
Watts Sanderson,South Carolina,77.0,303,28.5,100.0,24.0,4.94,8.48,1.83,3.15,5.36,2003,OT,watts sanderson,
Steve Sciullo,Marshall,77.125,330,28.0,98.0,23.0,4.72,7.85,1.85,3.15,5.51,2003,OT,steve sciullo,
Wade Smith,Memphis,75.875,296,32.5,114.0,24.0,4.75,7.62,1.69,2.94,5.17,2003,OT,wade smith,
Jon Stinchcomb,Georgia,77.0,302,35.0,115.0,32.0,4.62,7.83,1.75,2.9,5.06,2003,OT,jon stinchcomb,
Seth Wand,Northwest Missouri,79.0,321,31.5,107.0,20.0,4.5,7.61,1.75,2.95,5.12,2003,OT,seth wand,
Reggie Wells,Clarion,75.25,300,29.0,104.0,23.0,4.56,8.35,1.69,2.97,5.16,2003,OT,reggie wells,
Todd Williams,Florida State,76.75,340,32.5,108.0,27.0,4.54,8.06,1.74,2.96,5.09,2003,OT,todd williams,
Brett Williams,Florida State,77.0,321,27.5,99.0,,5.01,8.57,1.85,3.08,5.28,2003,OT,brett williams,
Stacy Andrews,Mississippi,78.125,342,30.5,106.0,34.0,4.78,8.09,1.81,3.01,5.11,2004,OT,stacy andrews,
Shawn Andrews,Arkansas,76.125,366,25.0,98.0,27.0,4.85,8.25,1.96,3.2,5.52,2004,OT,shawn andrews,
Sean Bubin,Illinois,78.5,306,24.5,97.0,25.0,4.76,7.66,1.81,3.06,5.31,2004,OT,sean bubin,
Kelly Butler,Purdue,79.375,320,30.5,105.0,,4.92,7.96,1.77,2.96,5.11,2004,OT,kelly butler,
Marko Cavka,Sacramento State,79.125,294,27.5,107.0,27.0,4.37,7.53,1.75,2.94,5.17,2004,OT,marko cavka,
Kirk Chambers,Stanford,79.25,313,27.0,101.0,22.0,4.4,7.56,1.86,3.15,5.5,2004,OT,kirk chambers,
Nat Dorsey,Georgia Tech,79.0,322,28.5,102.0,26.0,4.84,8.3,1.89,3.13,5.41,2004,OT,nat dorsey,
Robert Gallery,Iowa,79.125,323,30.0,105.0,24.0,4.39,7.43,1.7,2.92,4.98,2004,OT,robert gallery,
Adrian Jones,Kansas,76.25,296,31.0,114.0,27.0,4.58,7.81,1.71,2.86,4.96,2004,OT,adrian jones,
Carlos Joseph,Miami (FL),77.875,345,,,29.0,,,,,,2004,OT,carlos joseph,
Brad Lekkerkerker,California-Davis,79.0,317,27.5,102.0,23.0,4.71,7.94,1.9,3.09,5.4,2004,OT,brad lekkerkerker,
Dylan McFarland,Montana,77.875,304,27.5,98.0,31.0,,,,,,2004,OT,dylan mcfarland,
Jim Molinaro,Notre Dame,77.875,308,29.5,105.0,21.0,4.6,7.75,1.77,2.95,5.07,2004,OT,jim molinaro,
Shane Olivea,Ohio State,74.875,302,29.0,92.0,,4.71,8.25,1.86,3.07,5.32,2004,OT,shane olivea,
Tony Pape,Michigan,78.125,323,27.0,97.0,26.0,4.6,8.01,1.83,3.05,5.3,2004,OT,tony pape,
Josh Parrish,Washington State,77.875,330,28.0,104.0,20.0,4.61,8.24,1.85,3.08,5.36,2004,OT,josh parrish,
Brian Rimpf,East Carolina,77.75,319,28.0,105.0,31.0,4.66,7.97,1.81,3.09,5.42,2004,OT,brian rimpf,
Jacob Rogers,Southern California,78.125,307,,,30.0,,,,,,2004,OT,jacob rogers,
Jake Scott,Idaho,76.875,281,34.5,110.0,24.0,4.68,7.96,1.75,2.91,5.05,2004,OT,jake scott,
Max Starks,Florida,79.0,350,27.5,98.0,21.0,4.65,7.88,,,,2004,OT,max starks,
Drew Strojny,Duke,79.125,327,29.5,99.0,,4.84,7.98,1.86,3.1,5.38,2004,OT,drew strojny,
Travelle Wharton,South Carolina,75.625,312,31.5,105.0,,4.58,8.31,1.75,2.94,5.14,2004,OT,travelle wharton,
Mark Wilson,California,78.75,314,28.5,108.0,24.0,4.49,7.53,1.82,3.07,5.4,2004,OT,mark wilson,
Anthony Alabi,Texas Christian,77.125,310,32.5,105.0,18.0,4.6,7.62,1.88,3.08,5.23,2005,OT,anthony alabi,
Calvin Armstrong,Washington State,79.125,325,34.0,100.0,26.0,4.66,7.63,1.9,3.16,5.51,2005,OT,calvin armstrong,
Khalif Barnes,Washington,77.75,305,35.0,106.0,26.0,4.54,7.57,1.72,2.91,4.97,2005,OT,khalif barnes,
Alex Barron,Florida State,79.5,320,35.5,112.0,,4.56,7.83,,,,2005,OT,alex barron,
Joe Berger,Michigan Tech,77.5,303,27.0,96.0,30.0,4.62,7.77,1.86,3.04,5.2,2005,OT,joe berger,
Wesley Britt,Alabama,80.0,314,,,24.0,,,,,,2005,OT,wesley britt,
Tim Brown,West Virginia,76.5,318,29.0,93.0,23.0,4.92,7.84,1.98,3.27,5.7,2005,OT,tim brown,
Jammal Brown,Oklahoma,77.875,316,31.5,109.0,,4.67,7.93,1.78,3.0,5.08,2005,OT,jammal brown,
Chris Colmer,North Carolina State,77.25,310,,,,,,,,,2005,OT,chris colmer,
Jon Colon,Florida,79.25,317,25.5,85.0,,4.89,8.03,1.91,3.22,5.64,2005,OT,jon colon,
Dan Connolly,Southeast Missouri,75.625,311,28.5,108.0,22.0,4.54,7.65,1.85,3.04,5.23,2005,OT,dan connolly,
Harvey Dahl,Nevada,78.125,299,27.0,99.0,17.0,4.58,8.15,1.85,3.1,5.47,2005,OT,harvey dahl,
Jon Dunn,Virginia Tech,79.25,328,,,,,,1.88,3.12,5.44,2005,OT,jon dunn,
Trai Essex,Northwestern,76.5,324,29.0,96.0,,4.92,8.11,1.95,3.24,5.65,2005,OT,trai essex,
Justin Geisinger,Vanderbilt,75.75,322,25.0,95.0,34.0,4.62,7.87,1.86,3.12,5.37,2005,OT,justin geisinger,
Chase Johnson,Texas Christian,80.5,330,27.0,91.0,,4.7,8.15,1.89,3.12,5.45,2005,OT,chase johnson,
Nick Kaczur,Toledo,76.5,319,31.5,,,,,1.88,3.11,5.3,2005,OT,nick kaczur,
Adam Kieft,Central Michigan,79.25,337,33.0,110.0,28.0,4.76,7.78,1.89,3.19,5.58,2005,OT,adam kieft,
Samuel Lightbody,Michigan State,81.0,321,30.0,108.0,,4.41,7.95,1.99,3.29,5.67,2005,OT,samuel lightbody,
Daniel Loper,Texas Tech,78.0,306,32.0,101.0,14.0,4.68,7.74,1.87,3.09,5.32,2005,OT,daniel loper,
Pete McMahon,Iowa,79.625,329,27.0,92.0,26.0,4.8,7.97,1.86,3.14,5.48,2005,OT,pete mcmahon,
Willie McNeill,North Carolina,76.375,291,,,,,,,,,2005,OT,willie mcneill,
Michael Munoz,Tennessee,77.5,306,,,,,,,,,2005,OT,michael munoz,
Frank Omiyale,Tennessee Tech,76.25,310,29.5,101.0,22.0,4.72,8.19,1.93,3.16,5.4,2005,OT,frank omiyale,
Jeremy Parquet,Southern Miss,78.75,323,29.5,94.0,17.0,4.8,7.95,1.86,3.12,5.37,2005,OT,jeremy parquet,
Erik Pears,Colorado State,79.75,312,,,,,,,,,2005,OT,erik pears,
Rob Petitti,Pittsburgh,77.875,347,,,,,,,,,2005,OT,rob petitti,
Michael Roos,Eastern Washington,78.625,320,29.0,97.0,19.0,4.5,7.72,1.92,3.12,5.32,2005,OT,michael roos,
Wes Sims,Oklahoma,77.0,318,28.0,108.0,26.0,4.43,7.68,1.95,3.18,5.44,2005,OT,wes sims,
David Stewart,Mississippi State,78.5,314,,,24.0,,,,,,2005,OT,david stewart,
Adam Terry,Syracuse,80.0,330,28.0,96.0,,4.79,7.9,1.85,3.16,5.4,2005,OT,adam terry,
Mike Watson,West Virginia,76.125,316,27.5,100.0,,,,1.87,3.1,5.47,2005,OT,mike watson,
Sam Wilder,Colorado,76.875,298,26.5,102.0,23.0,4.5,7.43,1.92,3.13,5.36,2005,OT,sam wilder,
Ray Willis,Florida State,77.625,327,,,27.0,,,,,,2005,OT,ray willis,
Kevin Boothe,Cornell,76.75,316,31.5,98.0,23.0,5.07,8.36,1.8,3.07,5.41,2006,OT,kevin boothe,
Rashad Butler,Miami (FL),76.625,293,28.0,106.0,16.0,4.55,7.9,,,,2006,OT,rashad butler,
Brad Butler,Virginia,79.125,310,,,,,,,,,2006,OT,brad butler,
Jeromey Clary,Kansas State,78.125,309,26.0,102.0,24.0,4.63,7.8,1.85,3.09,5.33,2006,OT,jeromey clary,
Daryn Colledge,Boise State,76.375,299,32.5,110.0,21.0,4.58,7.43,1.67,2.87,5.04,2006,OT,daryn colledge,
Ryan Cook,New Mexico,78.625,328,26.5,97.0,28.0,4.66,7.93,1.83,3.1,5.45,2006,OT,ryan cook,
Jahri Evans,Texas AM,76.5,316,27.0,95.0,20.0,4.8,7.97,1.79,3.02,5.29,2006,OT,jahri evans,
DBrickashaw Ferguson,Virginia,78.0,312,,,,,,,,,2006,OT,dbrickashaw ferguson,
Winston Justice,Southern California,78.125,319,35.0,110.0,,4.53,7.31,,,,2006,OT,winston justice,
Jimmy Martin,Virginia Tech,77.0,303,31.0,101.0,25.0,,,1.75,2.97,5.14,2006,OT,jimmy martin,
Marcus McNeill,Auburn,79.625,336,31.0,98.0,,5.0,8.19,1.79,2.98,5.08,2006,OT,marcus mcneill,
Paul McQuistan,Weber State,78.125,312,29.5,110.0,28.0,4.62,7.72,1.72,2.91,5.1,2006,OT,paul mcquistan,
Ryan OCallaghan,California,78.625,344,25.0,92.0,21.0,,,1.86,3.1,5.37,2006,OT,ryan ocallaghan,
Quinn Ojinnaka,Syracuse,76.625,309,28.5,102.0,21.0,5.11,8.45,1.83,3.1,5.47,2006,OT,quinn ojinnaka,
Donald Penn,Utah State,76.25,317,,,21.0,,,,,,2006,OT,donald penn,
Terrance Pennington,New Mexico,79.25,325,28.5,102.0,28.0,,,1.74,3.01,5.33,2006,OT,terrance pennington,
Dennis Roland,Georgia,81.625,328,,,19.0,,,1.82,3.0,5.28,2006,OT,dennis roland,
Jonathan Scott,Texas,78.375,315,24.5,101.0,,4.85,7.73,1.84,3.06,5.35,2006,OT,jonathan scott,
Zach Strief,Northwestern,79.625,330,21.0,94.0,19.0,4.83,8.01,1.85,3.1,5.41,2006,OT,zach strief,
Joe Toledo,Washington,77.5,337,,,32.0,,,1.81,3.02,5.17,2006,OT,joe toledo,
Michael Toudouze,Texas Christian,77.75,303,26.5,100.0,23.0,4.7,7.45,1.76,2.93,5.1,2006,OT,michael toudouze,
Jeremy Trueblood,Boston College,80.0,316,27.5,96.0,20.0,4.68,7.82,1.86,3.09,5.31,2006,OT,jeremy trueblood,
Stefon Wheeler,Michigan State,76.625,339,19.5,74.0,,4.86,8.09,1.93,3.27,5.77,2006,OT,stefon wheeler,
Guy Whimper,East Carolina,76.75,304,29.0,102.0,26.0,4.59,7.38,1.74,2.88,4.95,2006,OT,guy whimper,
E.J. Whitley,Texas Tech,77.0,309,25.0,101.0,16.0,4.79,7.53,1.85,3.09,5.38,2006,OT,e j whitley,
Andrew Whitworth,LSU,79.0,334,30.5,112.0,28.0,4.83,8.23,1.79,2.98,5.15,2006,OT,andrew whitworth,
Eric Winston,Miami (FL),78.625,310,29.0,108.0,,4.44,7.47,1.67,2.82,4.96,2006,OT,eric winston,
Allen Barbre,Missouri Southern,76.0,300,32.0,105.0,28.0,4.63,7.4,1.72,2.85,4.88,2007,OT,allen barbre,
Levi Brown,Penn State,77.5,323,25.5,97.0,31.0,4.89,7.87,1.89,3.11,5.39,2007,OT,levi brown,
Andrew Carnahan,Arizona State,79.125,306,,,22.0,,,,,,2007,OT,andrew carnahan,
Chris Denman,Fresno State,78.5,315,27.5,97.0,21.0,4.92,8.1,1.92,3.21,5.62,2007,OT,chris denman,
Tala Esera,Hawaii,75.25,312,,,,,,,,,2007,OT,tala esera,
Doug Free,Northern Illinois,78.25,324,30.0,111.0,22.0,4.53,7.38,1.82,3.01,5.22,2007,OT,doug free,
Brandon Frye,Virginia Tech,76.125,301,32.5,103.0,34.0,4.4,7.5,1.81,2.95,5.13,2007,OT,brandon frye,
Gabe Hall,Texas Tech,75.875,313,29.0,104.0,22.0,4.68,7.59,1.8,2.92,4.94,2007,OT,gabe hall,
Ryan Harris,Notre Dame,76.5,305,25.5,100.0,22.0,4.52,7.78,1.81,2.98,5.11,2007,OT,ryan harris,
Mario Henderson,Florida State,78.5,302,28.5,109.0,20.0,4.87,7.6,1.84,3.0,5.15,2007,OT,mario henderson,
Stephon Heyer,Maryland,78.375,334,,94.0,30.0,,,2.08,3.34,5.67,2007,OT,stephon heyer,
Corey Hilliard,Oklahoma State,77.25,308,27.0,106.0,28.0,4.65,7.45,1.86,3.09,5.38,2007,OT,corey hilliard,
Adam Koets,Oregon State,77.125,298,32.0,106.0,20.0,4.47,7.44,1.76,2.92,5.07,2007,OT,adam koets,
James Marten,Boston College,79.5,309,30.5,100.0,,4.54,7.68,1.78,2.97,5.08,2007,OT,james marten,
Mike Otto,Purdue,77.5,308,26.5,105.0,20.0,4.67,7.62,1.84,3.06,5.28,2007,OT,mike otto,
Ken Shackleford,Georgia,76.875,322,24.5,102.0,28.0,5.05,8.35,1.88,3.09,5.33,2007,OT,ken shackleford,
Joe Staley,Central Michigan,77.875,306,,,27.0,,,,,,2007,OT,joe staley,
Herb Taylor,Texas Christian,75.875,296,27.0,100.0,26.0,4.64,7.78,1.9,3.08,5.23,2007,OT,herb taylor,
Joe Thomas,Wisconsin,78.625,311,33.0,110.0,28.0,4.88,7.95,1.79,2.93,5.0,2007,OT,joe thomas,
Tony Ugoh,Arkansas,77.25,301,32.5,117.0,32.0,,,1.75,2.92,5.07,2007,OT,tony ugoh,
Dane Uperesa,Hawaii,76.375,309,,,,,,1.86,3.07,,2007,OT,dane uperesa,
Elliot Vallejo,California-Davis,79.0,327,26.0,94.0,24.0,5.14,7.95,1.9,3.13,5.42,2007,OT,elliot vallejo,
Julius Wilson,Alabama-Birmingham,76.375,327,27.0,103.0,,5.0,8.33,1.99,3.26,5.5,2007,OT,julius wilson,
Marshal Yanda,Florida State,75.875,307,,,,,,,,,2007,OT,marshal yanda,
Sam Baker,Southern California,76.625,309,,,28.0,,,,,,2008,OT,sam baker,
Kirk Barton,Ohio State,76.375,310,,,34.0,,,,,,2008,OT,kirk barton,
Demetress Bell,Michigan State,77.0,303,26.5,109.0,9.0,4.65,7.65,1.78,3.0,5.25,2008,OT,demetress bell,
Duane Brown,Virginia Tech,76.125,315,27.5,105.0,24.0,4.52,7.58,1.76,2.96,5.08,2008,OT,duane brown,
Gosder Cherilus,Boston College,78.375,314,23.0,102.0,24.0,4.82,7.6,1.76,3.0,5.21,2008,OT,gosder cherilus,
Ryan Clady,Boise State,78.125,309,,,24.0,,,,,,2008,OT,ryan clady,
Devin Clark,New Mexico,75.625,305,21.0,95.0,25.0,5.03,8.38,1.87,3.12,5.4,2008,OT,devin clark,
Corey Clark,Texas AM,77.375,315,23.0,106.0,23.0,4.68,7.47,1.85,3.07,5.35,2008,OT,corey clark,
Anthony Collins,Kansas,77.0,317,22.5,97.0,26.0,4.87,7.71,1.9,3.14,5.54,2008,OT,anthony collins,
Oniel Cousins,Texas-El Paso,75.75,308,24.5,107.0,23.0,4.8,7.9,1.77,2.94,5.11,2008,OT,oniel cousins,
Franklin Dunbar,Middle Tennessee,76.75,327,24.5,101.0,27.0,5.18,8.36,1.92,3.19,5.62,2008,OT,franklin dunbar,
King Dunlap,Auburn,80.5,310,,,21.0,,,,2.99,5.28,2008,OT,king dunlap,
Breno Giacomini,Louisville,79.125,303,22.5,108.0,23.0,4.63,7.56,1.79,2.98,5.2,2008,OT,breno giacomini,
John Greco,Toledo,76.75,305,26.0,108.0,30.0,4.82,8.03,1.8,3.03,5.31,2008,OT,john greco,
David Hale,Weber State,77.75,314,26.0,100.0,25.0,4.75,7.69,1.81,3.02,5.27,2008,OT,david hale,
Tony Hills,Texas,77.125,309,,,,,,,,,2008,OT,tony hills,
Brandon Keith,Northern Iowa,77.25,343,26.0,,31.0,,,1.9,3.06,5.27,2008,OT,brandon keith,
Jake Long,Michigan,79.0,313,27.5,102.0,37.0,4.73,7.44,1.76,2.97,5.22,2008,OT,jake long,
Carl Nicks,Nebraska,76.875,341,25.5,109.0,31.0,4.68,7.91,1.8,2.98,5.22,2008,OT,carl nicks,
Jeff Otah,Pittsburgh,78.0,322,22.5,102.0,27.0,,,1.83,3.1,5.56,2008,OT,jeff otah,
Tyler Polumbus,Colorado,79.5,312,26.0,112.0,24.0,4.86,7.71,1.84,3.08,5.3,2008,OT,tyler polumbus,
Barry Richardson,Clemson,78.625,320,25.5,100.0,24.0,5.16,8.0,1.85,3.12,5.51,2008,OT,barry richardson,
William Robinson,Texas AM,77.0,297,19.5,,22.0,,,1.75,2.99,5.23,2008,OT,william robinson,
Geoff Schwartz,Oregon,78.25,332,20.5,98.0,,4.79,7.9,1.8,3.04,5.36,2008,OT,geoff schwartz,
Pedro Sosa,Rutgers,75.625,300,,,19.0,,,,,,2008,OT,pedro sosa,
Chris Williams,Vanderbilt,78.0,315,25.0,103.0,21.0,4.85,7.95,1.78,2.98,5.17,2008,OT,chris williams,
Jeremy Zuttah,Rutgers,75.375,303,26.5,107.0,35.0,4.54,7.59,1.73,2.87,4.99,2008,OT,jeremy zuttah,
Will Beatty,Texas Tech,78.0,307,33.5,107.0,27.0,4.77,7.62,1.82,2.98,5.12,2009,OT,will beatty,
Joel Bell,Furman,78.75,315,30.0,109.0,27.0,4.57,7.55,1.84,3.02,5.15,2009,OT,joel bell,
Alex Boone,Ohio State,79.25,328,27.5,103.0,33.0,4.69,7.83,1.9,3.11,5.23,2009,OT,alex boone,
Robert Brewster,Ball State,76.125,325,30.5,98.0,23.0,4.75,7.68,1.85,3.09,5.34,2009,OT,robert brewster,
Eben Britton,Arizona,78.0,309,28.5,100.0,24.0,4.91,7.87,1.8,2.99,5.16,2009,OT,eben britton,
Gerald Cadogan,Penn State,77.125,309,25.0,95.0,26.0,4.8,8.05,1.87,3.05,5.12,2009,OT,gerald cadogan,
Ramon Foster,Tennessee,77.125,328,26.0,92.0,20.0,4.98,7.96,2.0,3.3,5.66,2009,OT,ramon foster,
Xavier Fulton,Illinois,76.25,302,31.0,111.0,27.0,4.56,7.35,1.74,2.93,5.04,2009,OT,xavier fulton,
Andrew Gardner,Georgia Tech,78.75,304,,,,,,,,,2009,OT,andrew gardner,
Troy Kropog,Tulane,77.375,309,30.0,100.0,21.0,4.84,7.65,1.88,3.1,5.35,2009,OT,troy kropog,
Cornelius Lewis,Tennessee State,75.5,332,24.5,90.0,29.0,,,1.88,3.08,5.35,2009,OT,cornelius lewis,
Kyle Link,McNeese,77.375,305,,,19.0,,,,,,2009,OT,kyle link,
Phil Loadholt,Oklahoma,79.75,332,29.0,95.0,24.0,5.06,8.18,1.93,3.24,5.53,2009,OT,phil loadholt,
Ryan McKee,Southern Miss,78.375,296,,,,,,,,,2009,OT,ryan mckee,
Jamon Meredith,South Carolina,76.625,304,28.0,105.0,31.0,4.82,8.01,1.83,2.98,5.03,2009,OT,jamon meredith,
Eugene Monroe,Virginia,77.25,309,28.5,110.0,23.0,4.78,7.86,1.89,3.1,5.31,2009,OT,eugene monroe,
Lydon Murtha,Nebraska,79.0,306,35.0,110.0,25.0,4.34,7.06,1.72,2.87,4.89,2009,OT,lydon murtha,
Michael Oher,Mississippi,76.5,309,30.5,103.0,21.0,4.6,7.81,1.89,3.09,5.35,2009,OT,michael oher,
Augustus Parrish,Kent State,76.0,302,,78.0,21.0,,,1.93,3.17,5.38,2009,OT,augustus parrish,
Garrett Reynolds,North Carolina,79.625,309,22.0,94.0,19.0,4.88,7.87,1.98,3.23,5.53,2009,OT,garrett reynolds,
Jason Smith,Baylor,77.0,309,24.0,96.0,33.0,4.69,7.53,1.85,3.05,5.22,2009,OT,jason smith,
Andre Smith,Alabama,76.0,332,,,,,,,,,2009,OT,andre smith,
Fenuki Tupou,Oregon,77.375,314,25.5,94.0,24.0,5.02,8.33,1.89,3.14,5.44,2009,OT,fenuki tupou,
Jose Valdez,Arkansas,76.375,315,29.5,100.0,15.0,4.93,7.93,1.89,3.06,5.28,2009,OT,jose valdez,
Jason Watkins,Florida,77.625,318,24.5,90.0,18.0,5.03,7.89,1.93,3.18,5.53,2009,OT,jason watkins,
Charles Brown,Southern California,77.375,303,31.5,,21.0,,,,,,2010,OT,charles brown,
Bryan Bulaga,Iowa,77.375,314,27.5,98.0,26.0,4.75,7.7,1.8,3.03,5.22,2010,OT,bryan bulaga,
Kyle Calloway,Iowa,78.5,323,23.5,92.0,22.0,4.86,7.96,1.92,3.2,5.53,2010,OT,kyle calloway,
Bruce Campbell,Maryland,78.375,314,32.0,101.0,34.0,4.69,7.58,1.71,2.84,4.85,2010,OT,bruce campbell,
Selvish Capers,West Virginia,76.625,308,30.5,106.0,19.0,4.68,7.68,1.76,2.98,5.14,2010,OT,selvish capers,
Vladimir Ducasse,Massachusetts,76.375,332,26.0,91.0,29.0,4.97,8.25,1.77,3.04,5.27,2010,OT,vladimir ducasse,
Jason Fox,Miami (FL),78.875,303,,,23.0,,,,,,2010,OT,jason fox,
John Jerry,Mississippi,77.375,328,27.5,101.0,,4.69,7.93,1.83,3.05,5.15,2010,OT,john jerry,
Kyle Jolly,North Carolina,78.0,311,21.5,89.0,20.0,4.87,7.89,1.94,3.17,5.44,2010,OT,kyle jolly,
Matt Kopa,Stanford,77.75,300,,,,,,,,,2010,OT,matt kopa,
Russell Okung,Oklahoma State,77.25,307,,,38.0,,,1.81,3.02,5.21,2010,OT,russell okung,
Cole Pemberton,Colorado State,79.25,315,22.5,96.0,18.0,4.77,7.65,1.85,3.13,5.4,2010,OT,cole pemberton,
Rodger Saffold,Indiana,76.625,316,29.5,113.0,27.0,4.67,7.42,1.81,3.03,5.25,2010,OT,rodger saffold,
Jared Veldheer,Hillsdale,80.125,312,33.5,109.0,32.0,4.51,7.4,1.73,2.94,5.09,2010,OT,jared veldheer,
Ed Wang,Virginia Tech,76.75,314,27.0,96.0,29.0,4.7,,1.78,3.0,5.2,2010,OT,ed wang,
Tony Washington,Abilene Christian,78.125,311,29.5,114.0,33.0,4.84,7.52,1.75,3.02,5.25,2010,OT,tony washington,
Thomas Welch,Vanderbilt,78.375,307,29.0,105.0,29.0,4.8,7.67,1.82,3.12,5.42,2010,OT,thomas welch,
Trent Williams,Oklahoma,76.625,315,34.5,113.0,23.0,4.63,7.64,1.72,2.87,4.88,2010,OT,trent williams,
Sam Young,Notre Dame,79.625,316,29.5,104.0,29.0,4.87,7.73,1.78,3.02,5.24,2010,OT,sam young,
Joe Barksdale,LSU,76.75,325,29.0,103.0,29.0,4.75,8.27,1.85,3.11,5.38,2011,OT,joe barksdale,
James Brewer,Indiana,78.25,323,26.0,100.0,25.0,4.81,7.84,1.89,3.09,5.27,2011,OT,james brewer,
Marcus Cannon,Texas Christian,77.0,358,30.5,105.0,33.0,4.97,8.07,1.86,3.07,5.26,2011,OT,marcus cannon,
Gabe Carimi,Wisconsin,79.0,314,31.5,109.0,29.0,,,1.8,3.02,5.27,2011,OT,gabe carimi,
James Carpenter,Alabama,76.375,321,,,23.0,,,1.81,3.06,5.28,2011,OT,james carpenter,
Anthony Castonzo,Boston College,79.0,311,29.5,105.0,28.0,4.4,7.25,1.82,3.03,5.23,2011,OT,anthony castonzo,
Josh Davis,Georgia,79.125,313,24.0,91.0,,5.07,7.98,1.93,3.2,5.5,2011,OT,josh davis,
Orlando Franklin,Miami (FL),77.5,316,28.5,,26.0,,,1.89,3.05,5.2,2011,OT,orlando franklin,
Marcus Gilbert,Florida,78.125,330,,,30.0,,,1.93,3.14,5.46,2011,OT,marcus gilbert,
Adam Grant,Arizona,78.0,325,26.5,99.0,25.0,5.0,8.25,1.89,3.15,5.54,2011,OT,adam grant,
Chris Hairston,Clemson,78.125,326,29.0,96.0,33.0,4.7,7.9,1.85,3.09,5.43,2011,OT,chris hairston,
Kyle Hix,Texas,78.875,319,32.0,104.0,24.0,4.78,7.77,1.87,3.14,5.46,2011,OT,kyle hix,
Kevin Hughes,Southeastern Louisiana,75.625,302,29.5,95.0,22.0,4.97,8.29,1.86,3.09,5.36,2011,OT,kevin hughes,
Jarriel King,South Carolina,77.0,317,30.0,114.0,23.0,4.77,7.6,1.81,2.98,5.09,2011,OT,jarriel king,
Rich Lapham,Boston College,80.125,315,,,,,,,,,2011,OT,rich lapham,
DeMarcus Love,Arkansas,76.375,315,26.5,97.0,27.0,4.84,7.84,1.87,3.11,5.31,2011,OT,demarcus love,
Derek Newton,Arkansas State,76.875,311,25.5,100.0,24.0,5.0,7.76,1.74,2.9,5.01,2011,OT,derek newton,
Jason Pinkston,Pittsburgh,75.375,317,26.5,98.0,,4.91,7.88,1.87,3.12,5.47,2011,OT,jason pinkston,
Jah Reid,Central Florida,79.125,327,29.5,111.0,28.0,4.65,7.73,1.91,3.14,5.4,2011,OT,jah reid,
Derek Sherrod,Mississippi State,77.375,321,28.0,97.0,23.0,4.63,7.43,1.87,3.05,5.28,2011,OT,derek sherrod,
Willie Smith,East Carolina,77.375,310,30.5,106.0,,4.83,7.95,1.89,3.19,5.5,2011,OT,willie smith,
Tyron Smith,Southern California,77.0,307,,,29.0,,,,,,2011,OT,tyron smith,
Nate Solder,Colorado,80.25,319,32.0,110.0,21.0,4.34,7.44,1.77,2.93,5.05,2011,OT,nate solder,
Lee Ziemba,Auburn,77.625,317,29.0,95.0,20.0,4.65,7.74,1.97,3.24,5.6,2011,OT,lee ziemba,
Mike Adams,Ohio State,79.25,323,28.5,100.0,19.0,4.95,7.94,1.83,3.13,5.4,2012,OT,mike adams,
Jeff Allen,Illinois,75.875,307,27.5,102.0,26.0,4.9,8.01,1.87,3.09,5.28,2012,OT,jeff allen,
Justin Anderson,Georgia,76.375,335,27.0,101.0,32.0,4.99,8.04,1.8,3.0,5.31,2012,OT,justin anderson,
Tony Bergstrom,Utah,77.375,313,29.5,101.0,32.0,4.84,7.95,1.84,3.04,5.27,2012,OT,tony bergstrom,
Tom Compton,South Dakota,76.875,314,30.0,108.0,20.0,4.6,7.59,1.79,2.96,5.11,2012,OT,tom compton,
Paul Cornick,North Dakota State,77.5,310,,,25.0,,,,,,2012,OT,paul cornick,
John Cullen,Utah,76.5,297,27.0,102.0,23.0,4.59,7.58,1.87,3.09,5.34,2012,OT,john cullen,
Andrew Datko,Florida State,78.0,315,29.5,100.0,,4.54,7.71,1.82,3.05,5.32,2012,OT,andrew datko,
Taylor Dever,Notre Dame,77.375,298,28.0,100.0,18.0,4.9,7.49,1.94,3.17,5.46,2012,OT,taylor dever,
Cordy Glenn,Georgia,77.75,345,23.5,93.0,31.0,5.0,8.13,1.84,2.95,5.15,2012,OT,cordy glenn,
Lamar Holmes,Southern Miss,77.375,323,27.0,104.0,22.0,4.8,7.74,1.86,3.09,5.41,2012,OT,lamar holmes,
Marcel Jones,Nebraska,78.125,320,27.5,95.0,13.0,5.12,8.03,1.9,3.21,5.67,2012,OT,marcel jones,
Matt Kalil,Southern California,78.625,306,27.0,,30.0,4.65,7.33,1.81,2.96,5.13,2012,OT,matt kalil,
Jonathan Martin,Stanford,77.375,312,,,,,,,,,2012,OT,jonathan martin,
Bobby Massie,Mississippi,78.125,316,27.5,103.0,22.0,4.95,7.7,1.84,3.02,5.23,2012,OT,bobby massie,
Matt McCants,Alabama-Birmingham,77.875,308,25.5,97.0,17.0,,,1.97,3.19,5.52,2012,OT,matt mccants,
Brandon Mosley,Auburn,77.625,314,27.0,103.0,30.0,4.78,7.43,1.85,3.03,5.21,2012,OT,brandon mosley,
Josh Oglesby,Wisconsin,79.25,338,28.5,,22.0,,,2.05,3.34,5.8,2012,OT,josh oglesby,
Kelechi Osemele,Iowa State,77.5,333,26.5,104.0,32.0,4.87,7.91,1.87,3.07,5.36,2012,OT,kelechi osemele,
Nate Potter,Boise State,77.875,303,28.5,100.0,22.0,4.67,7.49,1.86,3.07,5.36,2012,OT,nate potter,
Riley Reiff,Iowa,77.75,313,26.5,98.0,23.0,4.75,7.87,1.82,3.02,5.23,2012,OT,riley reiff,
Matt Reynolds,Brigham Young,76.5,302,,,25.0,,,1.91,3.12,5.37,2012,OT,matt reynolds,
Zebrie Sanders,Florida State,77.625,320,27.0,100.0,28.0,4.99,8.15,1.84,3.06,5.41,2012,OT,zebrie sanders,
Mitchell Schwartz,California,77.375,318,26.5,89.0,23.0,4.87,7.86,1.92,3.16,5.45,2012,OT,mitchell schwartz,
Donald Stephenson,Oklahoma,77.5,312,35.5,114.0,19.0,4.78,7.52,1.68,2.83,4.94,2012,OT,donald stephenson,
Dustin Waldron,Portland State,77.0,305,26.0,103.0,29.0,4.75,7.93,1.87,3.06,5.34,2012,OT,dustin waldron,
Markus Zusevics,Iowa,77.375,303,,,,,,,,,2012,OT,markus zusevics,
Oday Aboushi,Virginia,77.375,308,23.5,100.0,17.0,4.84,7.92,1.9,3.16,5.45,2013,OT,oday aboushi,
Terron Armstead,Arkansas-Pine Bluff,76.75,306,34.5,112.0,31.0,4.72,7.62,1.68,2.77,4.71,2013,OT,terron armstead,
David Bakhtiari,Colorado,76.25,299,25.5,101.0,28.0,4.74,7.7,1.77,2.94,5.09,2013,OT,david bakhtiari,
Nick Becton,Virginia Tech,77.25,323,29.5,109.0,19.0,4.57,7.77,1.81,3.01,5.2,2013,OT,nick becton,
Braden Brown,Brigham Young,77.375,310,28.0,100.0,26.0,4.7,7.43,1.75,2.97,5.2,2013,OT,braden brown,
Emmett Cleary,Boston College,78.875,316,28.5,108.0,24.0,4.7,7.81,1.79,3.02,5.21,2013,OT,emmett cleary,
Jordan Devey,Memphis,78.625,317,24.0,98.0,21.0,4.77,7.91,1.85,3.05,5.25,2013,OT,jordan devey,
Chris Faulk,LSU,77.5,331,,,25.0,,,,,,2013,OT,chris faulk,
Eric Fisher,Central Michigan,79.25,306,28.5,116.0,27.0,4.44,7.59,1.72,2.9,5.05,2013,OT,eric fisher,
D.J. Fluker,Alabama,76.625,339,,,21.0,,,1.9,3.12,5.31,2013,OT,d j fluker,
Reid Fragel,Ohio State,79.625,308,30.0,113.0,33.0,4.68,7.62,1.79,2.99,5.14,2013,OT,reid fragel,
Rogers Gaines,Tennessee State,78.25,334,23.0,,28.0,5.24,,1.82,3.03,5.24,2013,OT,rogers gaines,
Garrett Gilkey,Chadron State,77.875,318,30.0,108.0,28.0,4.75,7.65,1.8,3.02,5.33,2013,OT,garrett gilkey,
Tanner Hawkinson,Kansas,77.25,298,28.5,112.0,,4.51,7.52,1.76,2.93,5.07,2013,OT,tanner hawkinson,
Luke Joeckel,Texas AM,78.0,306,28.5,106.0,27.0,4.68,7.4,1.86,3.09,5.3,2013,OT,luke joeckel,
Lane Johnson,Oklahoma,78.0,303,34.0,118.0,28.0,4.52,7.31,1.68,2.77,4.72,2013,OT,lane johnson,
Oscar Johnson,Louisiana Tech,77.25,331,22.0,88.0,,5.06,8.06,1.9,3.19,5.49,2013,OT,oscar johnson,
Luke Marquardt,Azusa Pacific,80.5,315,,,31.0,,,,,,2013,OT,luke marquardt,
Jordan Mills,Louisiana Tech,77.0,316,28.5,101.0,20.0,4.88,8.1,1.84,3.08,5.37,2013,OT,jordan mills,
Xavier Nixon,Florida,77.625,321,,,,,,,,,2013,OT,xavier nixon,
Vinston Painter,Virginia Tech,76.25,306,30.5,97.0,32.0,4.56,7.71,1.73,2.91,4.95,2013,OT,vinston painter,
Justin Pugh,Syracuse,76.5,307,28.5,103.0,,4.63,7.45,1.79,2.98,5.14,2013,OT,justin pugh,
David Quessenberry,San Jose State,76.875,302,29.5,112.0,25.0,4.45,7.49,1.73,2.92,5.08,2013,OT,david quessenberry,
Dallas Thomas,Tennessee,77.5,306,,,,,,,,,2013,OT,dallas thomas,
Ricky Wagner,Wisconsin,77.875,308,31.5,101.0,20.0,4.91,7.94,1.86,3.06,5.17,2013,OT,ricky wagner,
Menelik Watson,Florida State,77.125,310,24.5,103.0,,5.01,8.31,1.85,3.09,5.29,2013,OT,menelik watson,
Jason Weaver,Southern Miss,76.375,313,21.0,94.0,23.0,5.07,8.23,1.85,3.11,5.44,2013,OT,jason weaver,
John Wetzel,Boston College,79.0,315,25.0,105.0,22.0,4.81,7.9,1.9,3.16,5.46,2013,OT,john wetzel,
Brennan Williams,North Carolina,77.625,318,,,,,,,,,2013,OT,brennan williams,
Justin Britt,Missouri,77.875,325,27.5,100.0,23.0,4.69,8.14,1.81,3.01,5.19,2014,OT,justin britt,
Matt Feiler,Bloomsburg,77.875,330,26.5,103.0,36.0,4.86,8.13,1.88,3.11,5.37,2014,OT,matt feiler,
Cameron Fleming,Stanford,76.875,323,23.5,97.0,26.0,5.0,8.24,1.85,3.08,5.28,2014,OT,cameron fleming,
Seantrel Henderson,Miami (FL),79.125,331,24.0,95.0,,4.77,8.15,1.74,2.92,5.04,2014,OT,seantrel henderson,
James Hurst,North Carolina,77.25,296,,,,,,,,,2014,OT,james hurst,
JaWuan James,Oklahoma,78.0,311,29.0,103.0,22.0,4.56,7.42,1.86,3.08,5.34,2014,OT,jawuan james,
Cyrus Kouandjio,Alabama,78.75,322,27.5,96.0,21.0,4.84,7.71,1.93,3.19,5.59,2014,OT,cyrus kouandjio,
Taylor Lewan,Michigan,79.125,309,30.5,117.0,29.0,4.49,7.39,1.71,2.84,4.87,2014,OT,taylor lewan,
Cornelius Lucas,Kansas State,80.375,316,,,,,,,,,2014,OT,cornelius lucas,
Jake Matthews,Texas AM,77.5,308,30.5,105.0,24.0,4.47,7.34,1.75,2.94,5.07,2014,OT,jake matthews,
Jack Mewhort,Ohio State,78.0,309,26.0,101.0,28.0,4.64,7.79,1.9,2.94,5.37,2014,OT,jack mewhort,
Morgan Moses,Virginia,78.0,314,21.5,106.0,,4.95,7.93,1.98,3.19,5.35,2014,OT,morgan moses,
Matt Patchan,Boston College,78.25,302,33.5,,22.0,,,1.72,2.88,4.97,2014,OT,matt patchan,
Antonio Richardson,Tennessee,77.75,336,24.5,,36.0,,,1.89,3.07,5.3,2014,OT,antonio richardson,
Greg Robinson,Auburn,77.0,332,28.5,113.0,32.0,4.86,7.8,1.72,2.88,4.92,2014,OT,greg robinson,
Michael Schofield,Michigan,78.5,301,24.0,93.0,,4.57,7.62,1.73,2.93,5.01,2014,OT,michael schofield,
Billy Turner,North Dakota State,76.875,315,28.0,108.0,25.0,4.71,7.92,1.82,3.04,5.16,2014,OT,billy turner,
Jamon Brown,Louisville,75.625,323,,,,,,,,,2015,OT,jamon brown,
Cameron Clear,Texas AM,77.375,277,32.0,108.0,,4.48,7.52,1.76,2.91,4.98,2015,OT,cameron clear,
T.J. Clemmings,Pittsburgh,76.75,309,32.5,111.0,22.0,4.54,7.68,1.82,3.02,5.14,2015,OT,t j clemmings,
Takoby Cofield,Duke,76.25,310,30.0,101.0,23.0,4.79,8.09,1.86,3.05,5.19,2015,OT,takoby cofield,
Lael Collins,LSU,76.5,305,27.0,108.0,21.0,4.63,7.7,1.87,3.04,5.12,2015,OT,lael collins,
Rob Crisp,North Carolina State,78.625,301,32.5,107.0,26.0,4.6,8.07,1.84,3.03,5.26,2015,OT,rob crisp,
Andrew Donnal,Iowa,77.875,313,32.0,101.0,17.0,4.77,7.84,1.92,3.14,5.31,2015,OT,andrew donnal,
Jake Fisher,Oregon,78.125,306,32.5,,25.0,4.33,7.25,1.8,2.97,5.01,2015,OT,jake fisher,
Ereck Flowers,Miami (FL),78.25,329,,,37.0,,,1.9,3.13,5.31,2015,OT,ereck flowers,
Laurence Gibson,Virginia Tech,77.75,305,33.5,113.0,24.0,4.56,7.72,1.71,2.89,5.04,2015,OT,laurence gibson,
Chaz Green,Florida,76.625,314,29.5,106.0,21.0,4.7,8.0,1.78,2.97,5.16,2015,OT,chaz green,
Rob Havenstein,Wisconsin,79.375,321,28.5,96.0,16.0,4.87,8.28,1.88,3.16,5.46,2015,OT,rob havenstein,
Sean Hickey,Syracuse,77.375,309,,,35.0,,,,,,2015,OT,sean hickey,
D.J. Humphries,Florida,77.0,307,31.0,104.0,26.0,4.64,7.87,1.84,3.02,5.12,2015,OT,d j humphries,
Darrian Miller,Kentucky,76.875,307,25.0,97.0,,4.87,7.91,1.9,3.18,5.51,2015,OT,darrian miller,
Cedric Ogbuehi,Texas AM,77.25,306,,,23.0,,,,,,2015,OT,cedric ogbuehi,
Andrus Peat,Stanford,78.875,313,31.0,105.0,,4.62,8.01,1.81,2.98,5.18,2015,OT,andrus peat,
Terry Poole,San Diego State,76.75,307,31.0,113.0,25.0,4.66,7.9,1.84,3.04,5.09,2015,OT,terry poole,
Corey Robinson,South Carolina,78.625,324,,,28.0,,,,,,2015,OT,corey robinson,
Ty Sambrailo,Colorado State,77.875,311,29.0,97.0,23.0,4.58,7.54,1.85,3.1,5.36,2015,OT,ty sambrailo,
Brandon Scherff,Iowa,76.625,319,,,23.0,,,1.8,2.98,5.05,2015,OT,brandon scherff,
Austin Shepherd,Alabama,76.375,315,29.0,94.0,17.0,4.7,8.04,1.93,3.16,5.39,2015,OT,austin shepherd,
Donovan Smith,Penn State,77.625,338,32.0,109.0,26.0,4.79,7.95,1.82,3.04,5.27,2015,OT,donovan smith,
Tyrus Thompson,Oklahoma,76.875,324,29.0,97.0,29.0,4.92,,,,,2015,OT,tyrus thompson,
Daryl Williams,Oklahoma,77.25,327,26.0,97.0,27.0,5.15,,1.89,3.13,5.34,2015,OT,daryl williams,
Willie Beavers,Western Michigan,76.625,321,25.5,103.0,20.0,4.71,7.96,1.81,3.02,5.28,2016,OT,willie beavers,
Caleb Benenoch,UCLA,77.5,311,28.0,104.0,,5.11,8.15,1.68,3.06,4.98,2016,OT,caleb benenoch,
LeRaven Clark,Texas Tech,77.25,316,,,18.0,,,1.8,2.99,5.16,2016,OT,leraven clark,
Shon Coleman,Auburn,77.5,307,,,22.0,,,,,,2016,OT,shon coleman,
Jack Conklin,Michigan State,77.75,308,30.0,103.0,25.0,4.57,7.63,1.76,2.92,5.0,2016,OT,jack conklin,
Fahn Cooper,Mississippi,76.5,303,25.0,102.0,19.0,4.89,7.85,1.82,2.99,5.17,2016,OT,fahn cooper,
Taylor Decker,Ohio State,79.0,310,29.0,101.0,20.0,4.76,7.7,1.81,3.02,5.23,2016,OT,taylor decker,
Joe Haeg,North Dakota State,78.0,304,27.5,111.0,,4.47,7.47,1.76,2.98,5.16,2016,OT,joe haeg,
Jerald Hawkins,LSU,77.625,305,23.5,100.0,23.0,4.89,8.19,1.89,3.09,5.23,2016,OT,jerald hawkins,
Germain Ifedi,Texas AM,77.75,324,32.5,109.0,24.0,4.75,,1.79,3.04,5.27,2016,OT,germain ifedi,
Dominick Jackson,Alabama,77.0,313,26.0,97.0,20.0,,,,,,2016,OT,dominick jackson,
Tyler Johnstone,Oregon,77.5,301,30.5,104.0,24.0,4.6,7.31,1.78,3.0,5.21,2016,OT,tyler johnstone,
Alex Lewis,Nebraska,78.0,312,29.5,100.0,27.0,4.72,7.94,1.82,3.03,5.22,2016,OT,alex lewis,
Tyler Marz,Wisconsin,78.75,316,27.5,99.0,19.0,4.97,8.38,1.94,3.21,5.54,2016,OT,tyler marz,
Kyle Murphy,Stanford,78.375,305,,,23.0,,,,,,2016,OT,kyle murphy,
Stephane Nembot,Colorado,78.75,322,26.5,103.0,32.0,5.15,8.55,1.86,3.11,5.39,2016,OT,stephane nembot,
Dominique Robertson,West Georgia,76.625,324,28.5,100.0,30.0,4.83,8.42,1.85,3.1,5.36,2016,OT,dominique robertson,
Brandon Shell,South Carolina,77.375,324,30.5,112.0,22.0,,,1.75,2.92,5.22,2016,OT,brandon shell,
Pearce Slater,San Diego State,78.75,329,23.0,92.0,17.0,5.12,8.36,1.87,3.13,5.42,2016,OT,pearce slater,
Jason Spriggs,Indiana,77.625,301,31.5,115.0,31.0,4.44,7.7,1.76,2.9,4.94,2016,OT,jason spriggs,
Ronnie Stanley,Notre Dame,77.75,312,28.5,,,4.9,8.03,1.79,3.03,5.2,2016,OT,ronnie stanley,
John Theus,Georgia,78.5,313,28.0,103.0,,4.78,7.9,1.8,3.0,5.22,2016,OT,john theus,
Cole Toner,Harvard,77.25,306,26.0,103.0,22.0,4.59,7.88,1.83,3.05,5.32,2016,OT,cole toner,
Laremy Tunsil,Mississippi,77.0,310,,,,,,,,,2016,OT,laremy tunsil,
Halapoulivaati Vaitai,Texas Christian,78.0,320,29.0,113.0,23.0,5.0,8.26,1.79,3.05,5.26,2016,OT,halapoulivaati vaitai,
Avery Young,Auburn,76.625,328,,,,4.91,8.22,1.88,2.95,5.39,2016,OT,avery young,
Adam Bisnowaty,Pittsburgh,77.625,304,29.5,96.0,23.0,4.94,8.02,1.82,3.03,5.23,2017,OT,adam bisnowaty,
Garett Bolles,Utah,77.25,297,28.0,115.0,,4.55,7.29,1.71,2.87,4.95,2017,OT,garett bolles,
Daniel Brunskill,San Diego State,77.125,273,28.0,106.0,17.0,4.84,7.9,,,,2017,OT,daniel brunskill,
Julien Davenport,Bucknell,78.75,318,27.0,106.0,18.0,4.69,7.57,1.88,3.12,5.45,2017,OT,julien davenport,
Dion Dawkins,Temple,75.875,314,26.0,106.0,26.0,4.78,7.3,1.79,2.94,5.11,2017,OT,dion dawkins,
J.J. Dielman,Utah,76.75,309,,,27.0,,,,,,2017,OT,j j dielman,
Antonio Garcia,Troy,78.375,302,31.0,108.0,24.0,4.94,7.98,1.81,2.99,5.15,2017,OT,antonio garcia,
Will Holden,Vanderbilt,79.375,311,28.0,111.0,23.0,4.72,7.71,1.83,3.1,5.45,2017,OT,will holden,
Roderick Johnson,Florida State,78.625,298,,,,,,,,,2017,OT,roderick johnson,
Javarius Leamon,South Carolina State,78.75,332,23.5,,22.0,,,,,,2017,OT,javarius leamon,
Conor McDermott,UCLA,80.125,307,28.5,105.0,,4.58,7.52,1.81,3.01,5.15,2017,OT,conor mcdermott,
Taylor Moton,Western Michigan,77.375,319,30.5,109.0,23.0,4.58,7.73,1.84,3.01,5.18,2017,OT,taylor moton,
Ryan Ramczyk,Wisconsin,77.75,310,,,25.0,,,,,,2017,OT,ryan ramczyk,
Cam Robinson,Alabama,77.75,322,26.0,106.0,,4.82,7.81,1.78,2.98,5.15,2017,OT,cam robinson,
Justin Senior,Mississippi State,76.625,331,23.0,98.0,,5.06,8.19,1.92,3.23,5.55,2017,OT,justin senior,
David Sharpe,Florida,77.75,343,20.5,97.0,19.0,4.78,7.87,1.89,3.11,5.44,2017,OT,david sharpe,
Dan Skipper,Arkansas,81.625,309,26.0,97.0,,5.01,7.61,1.87,3.14,5.42,2017,OT,dan skipper,
Sam Tevi,Utah,77.0,311,26.0,107.0,15.0,4.6,7.84,1.8,3.02,5.3,2017,OT,sam tevi,
Jerry Ugokwe,William & Mary,79.25,321,26.0,103.0,18.0,5.17,8.35,1.93,3.23,5.61,2017,OT,jerry ugokwe,
Chad Wheeler,Southern California,78.625,306,20.5,105.0,15.0,5.01,,1.89,3.14,5.42,2017,OT,chad wheeler,
David Bright,Stanford,77.125,307,,,,,,,,,2018,OT,david bright,
Orlando Brown,Oklahoma,79.875,345,19.5,82.0,14.0,5.38,7.87,2.0,3.29,5.85,2018,OT,orlando brown,
Alex Cappa,Humboldt State,77.75,305,26.5,97.0,24.0,4.84,8.04,1.87,3.1,5.35,2018,OT,alex cappa,
Geron Christian,Louisville,77.125,298,,,19.0,,,1.83,3.08,5.33,2018,OT,geron christian,
Tyrell Crosby,Oregon,76.625,309,30.0,105.0,17.0,4.77,7.89,1.86,2.98,5.23,2018,OT,tyrell crosby,
Desmond Harrison,West Georgia,78.0,292,,,,,,1.72,2.85,4.9,2018,OT,desmond harrison,
Jamarco Jones,Ohio State,76.0,299,24.0,102.0,,4.99,8.32,1.95,3.02,5.5,2018,OT,jamarco jones,
Jaryd Jones-Smith,Pittsburgh,78.5,317,27.0,109.0,16.0,4.94,8.1,1.77,3.0,5.22,2018,OT,jaryd jones smith,
Rick Leonard,Florida State,79.0,311,,,19.0,,,,,,2018,OT,rick leonard,
KC McDermott,Miami (FL),77.625,311,23.5,97.0,26.0,4.82,7.72,1.82,3.07,5.31,2018,OT,kc mcdermott,
Mike McGlinchey,Notre Dame,79.875,309,28.5,105.0,24.0,,,,,,2018,OT,mike mcglinchey,
Kolton Miller,UCLA,80.625,309,31.5,121.0,24.0,4.49,7.34,1.67,2.82,4.91,2018,OT,kolton miller,
Joseph Noteboom,Texas Christian,77.0,309,24.0,101.0,27.0,4.44,7.65,1.71,2.88,4.96,2018,OT,joseph noteboom,
Chukwuma Okorafor,Western Michigan,78.0,320,23.5,102.0,19.0,4.8,7.87,1.85,3.07,5.31,2018,OT,chukwuma okorafor,
Brian ONeill,Pittsburgh,78.875,297,29.5,107.0,22.0,4.5,7.14,1.7,2.83,4.8,2018,OT,brian oneill,
Brandon Parker,North Carolina AT,79.625,305,28.5,113.0,,4.68,7.82,1.83,3.1,5.37,2018,OT,brandon parker,
Timon Parris,Stony Brook,77.625,312,,,27.0,,,,,,2018,OT,timon parris,
Martinas Rankin,Mississippi State,76.375,308,,,24.0,,,,,,2018,OT,martinas rankin,
Will Richardson,North Carolina State,77.625,306,31.5,108.0,,4.83,7.8,1.84,3.04,5.22,2018,OT,will richardson,
Greg Senat,Wagner,78.25,302,26.0,106.0,19.0,4.71,7.41,1.82,3.03,5.37,2018,OT,greg senat,
Brett Toth,Army,77.75,291,,,,,,,,,2018,OT,brett toth,
Toby Weathersby,LSU,76.375,317,24.5,106.0,28.0,5.38,8.55,1.83,3.08,5.34,2018,OT,toby weathersby,
Connor Williams,Texas,77.125,296,34.0,112.0,26.0,4.63,7.83,1.72,2.89,5.05,2018,OT,connor williams,
Paul Adams,Missouri,77.875,317,27.0,103.0,16.0,4.74,7.68,1.82,3.02,5.18,2019,OT,paul adams,
Jackson Barton,Utah,79.25,310,27.0,109.0,25.0,4.66,7.85,1.82,3.02,5.18,2019,OT,jackson barton,
Yodny Cajuste,West Virginia,76.875,312,,,32.0,,,,,,2019,OT,yodny cajuste,
Dennis Daley,South Carolina,77.0,317,26.5,103.0,20.0,4.92,7.95,1.84,3.09,5.23,2019,OT,dennis daley,
Andre Dillard,Washington State,77.0,315,29.0,118.0,24.0,4.4,7.44,1.69,2.86,4.96,2019,OT,andre dillard,
David Edwards,Wisconsin,78.25,308,25.5,99.0,,4.77,7.69,1.79,3.05,5.28,2019,OT,david edwards,
Derwin Gray,Maryland,76.5,320,,90.0,26.0,,,1.84,3.07,5.26,2019,OT,derwin gray,
Donnell Greene,Minnesota,77.25,335,,,,,,,,,2019,OT,donnell greene,
Tytus Howard,Alabama State,77.0,322,29.5,103.0,21.0,4.87,8.34,1.81,2.97,5.05,2019,OT,tytus howard,
Mitch Hyatt,Clemson,77.375,303,25.5,102.0,28.0,4.52,7.72,,,,2019,OT,mitch hyatt,
Martez Ivey,Florida,77.0,312,,,,,,,,,2019,OT,martez ivey,
Devon Johnson,Ferris State,79.25,338,27.5,89.0,26.0,5.28,8.34,1.81,3.0,5.12,2019,OT,devon johnson,
Brandon Knight,Indiana,75.75,314,,,,,,,,,2019,OT,brandon knight,
Greg Little,Mississippi,77.25,310,25.0,113.0,,4.74,,1.82,3.07,5.33,2019,OT,greg little,
Kaleb McGary,Washington,79.5,320,33.5,111.0,23.0,4.58,7.66,1.75,2.95,5.05,2019,OT,kaleb mcgary,
Yosuah Nijman,Virginia Tech,78.75,314,,114.0,27.0,4.5,8.07,,,,2019,OT,yosuah nijman,
Trey Pipkins,Sioux Falls,78.125,309,33.5,114.0,16.0,4.7,7.61,1.74,2.98,5.12,2019,OT,trey pipkins,
Ryan Pope,San Diego State,79.0,320,,,25.0,,,,,,2019,OT,ryan pope,
Isaiah Prince,Ohio State,78.5,305,27.0,115.0,23.0,5.02,7.9,1.76,2.94,5.09,2019,OT,isaiah prince,
Dalton Risner,Kansas State,76.75,312,28.5,110.0,23.0,4.52,7.69,1.86,3.1,5.3,2019,OT,dalton risner,
Tyler Roemer,San Diego State,78.375,312,30.5,108.0,18.0,4.76,7.75,1.77,3.01,5.21,2019,OT,tyler roemer,
Max Scharping,Northern Illinois,77.875,327,28.0,108.0,27.0,4.69,7.77,,,,2019,OT,max scharping,
William Sweet,North Carolina,78.0,313,30.5,111.0,23.0,5.0,8.01,1.85,3.07,5.27,2019,OT,william sweet,
Jawaan Taylor,Florida,77.125,314,,,24.0,,,,,,2019,OT,jawaan taylor,
Olisaemeka Udoh,Elon,77.5,323,28.5,105.0,26.0,5.05,7.88,1.76,2.94,5.05,2019,OT,olisaemeka udoh,
Jonah Williams,Alabama,76.5,302,28.0,100.0,23.0,4.79,8.01,1.77,2.97,5.09,2019,OT,jonah williams,
Trey Adams,Washington,80.0,318,24.5,92.0,,,,1.89,3.2,5.6,2020,OT,trey adams,
Ben Bartch,Saint Johns (MN),77.75,309,,,,,,,,,2020,OT,ben bartch,
Mekhi Becton,Louisville,79.375,364,,,23.0,,,1.77,2.94,5.1,2020,OT,mekhi becton,
Saahdiq Charles,LSU,76.125,321,,,,,,1.87,3.01,5.05,2020,OT,saahdiq charles,
Cameron Clark,Charlotte,76.5,308,25.0,101.0,26.0,,,1.81,3.06,5.29,2020,OT,cameron clark,
Ezra Cleveland,Boise State,78.0,311,30.0,111.0,30.0,4.46,7.26,1.73,2.9,4.93,2020,OT,ezra cleveland,
Yasir Durant,Missouri,78.0,331,25.0,,21.0,,,1.95,3.22,5.52,2020,OT,yasir durant,
Charlie Heck,North Carolina,79.625,311,28.0,112.0,21.0,4.86,8.02,1.8,2.98,5.16,2020,OT,charlie heck,
Austin Jackson,Southern California,76.875,322,31.0,115.0,27.0,,7.95,1.73,2.92,5.07,2020,OT,austin jackson,
Colton McKivitz,West Virginia,78.125,306,26.0,106.0,20.0,5.0,7.87,1.8,3.06,5.35,2020,OT,colton mckivitz,
Lucas Niang,Texas Christian,78.0,315,,,,,,,,,2020,OT,lucas niang,
Matt Peart,Connecticut,78.625,318,30.0,113.0,26.0,4.92,8.01,1.75,2.94,5.06,2020,OT,matt peart,
Tyre Phillips,Mississippi State,77.0,331,25.0,93.0,22.0,5.11,8.17,1.84,3.09,5.37,2020,OT,tyre phillips,
Terrence Steele,Texas Tech,77.875,312,27.5,106.0,27.0,5.08,,1.74,2.92,5.03,2020,OT,terrence steele,
Alex Taylor,South Carolina State,80.375,308,25.0,116.0,21.0,4.79,7.77,1.79,2.94,5.09,2020,OT,alex taylor,
Andrew Thomas,Georgia,77.125,315,30.5,109.0,21.0,4.66,7.58,1.83,3.02,5.22,2020,OT,andrew thomas,
Prince Tega Wanogho,Auburn,77.0,308,,,,,,,,,2020,OT,prince tega wanogho,
Jedrick Wills Jr.,Alabama,76.25,312,34.5,113.0,,4.84,,1.81,2.94,5.05,2020,OT,jedrick wills,
Isaiah Wilson,Georgia,78.5,350,29.0,110.0,26.0,5.07,8.26,1.79,3.03,5.32,2020,OT,isaiah wilson,
Tristan Wirfs,Iowa,76.875,320,36.5,121.0,24.0,4.68,7.65,1.72,2.8,4.85,2020,OT,tristan wirfs,
Justin Bates,Colorado,75.875,300,,,18.0,,,1.88,3.13,5.44,2003,OG,justin bates,
Jeremy Bridges,Southern Miss,76.125,301,28.5,96.0,25.0,4.77,8.12,1.82,3.1,5.42,2003,OG,jeremy bridges,
Anthony Davis,Virginia Tech,76.375,329,27.5,95.0,,4.98,8.26,1.83,3.07,5.32,2003,OG,anthony davis,
Enoch DeMar,Indiana,75.875,334,22.5,90.0,22.0,5.1,8.35,1.93,3.24,5.64,2003,OG,enoch demar,
David Diehl,Illinois,77.75,310,28.0,96.0,22.0,4.97,8.1,1.83,3.07,5.32,2003,OG,david diehl,
Robbie Doane,Texas,78.125,311,24.5,85.0,,4.73,8.04,1.86,3.11,5.42,2003,OG,robbie doane,
Derrick Dockery,Texas,78.0,347,25.0,92.0,,,,,,,2003,OG,derrick dockery,
Gus Felder,Penn State,74.875,324,23.5,94.0,,5.54,9.12,2.02,3.38,5.91,2003,OG,gus felder,
Makoa Freitas,Arizona,76.0,307,24.5,95.0,36.0,4.92,8.24,1.78,2.95,5.08,2003,OG,makoa freitas,
Montrae Holland,Florida State,73.5,333,,,30.0,5.13,8.46,,,,2003,OG,montrae holland,
Alex Jackson,Georgia,76.0,356,,,,,,,,,2003,OG,alex jackson,
Jason Jowers,Wisconsin,78.375,319,29.5,101.0,,4.86,8.32,1.89,3.12,5.47,2003,OG,jason jowers,
Josh Kayser,Augustana,75.375,312,26.0,95.0,21.0,5.09,8.57,1.88,3.27,5.73,2003,OG,josh kayser,
Sean Mahan,Notre Dame,75.0,301,30.0,105.0,30.0,4.77,7.75,1.84,2.97,5.19,2003,OG,sean mahan,
Vince Manuwai,Hawaii,74.0,304,29.5,107.0,27.0,4.4,7.59,1.7,2.91,5.14,2003,OG,vince manuwai,
Justin Sands,Kansas,78.875,324,32.0,105.0,31.0,,,1.76,2.96,5.08,2003,OG,justin sands,
Greg Schindler,Stanford,77.125,307,30.5,94.0,18.0,5.13,8.56,1.78,2.99,5.1,2003,OG,greg schindler,
Chad Setterstrom,Northern Iowa,75.125,309,28.5,99.0,16.0,4.66,7.93,1.83,3.11,5.44,2003,OG,chad setterstrom,
Ben Sobieski,Iowa,77.25,307,30.0,109.0,18.0,4.49,7.7,1.68,2.91,4.99,2003,OG,ben sobieski,
Jamil Soriano,Harvard,76.125,317,27.5,103.0,,5.08,8.54,1.8,3.13,5.44,2003,OG,jamil soriano,
Eric Steinbach,Iowa,78.25,297,36.0,119.0,,4.42,7.36,1.79,2.91,4.98,2003,OG,eric steinbach,
Scott Tercero,California,75.875,303,28.5,103.0,25.0,4.51,7.81,1.77,3.01,5.26,2003,OG,scott tercero,
Tony Terrell,UNLV,75.25,334,25.5,94.0,25.0,5.0,8.62,1.87,3.15,5.48,2003,OG,tony terrell,
Torrin Tucker,Southern Miss,77.75,328,30.0,103.0,,4.97,8.39,1.87,3.11,5.36,2003,OG,torrin tucker,
Taylor Whitley,Texas AM,75.875,321,30.0,106.0,28.0,4.58,7.95,1.79,3.01,5.15,2003,OG,taylor whitley,
Jacob Bell,Miami (OH),76.75,302,,,26.0,,,1.85,3.08,5.24,2004,OG,jacob bell,
Vernon Carey,Miami (FL),76.375,335,,,30.0,,,,,,2004,OG,vernon carey,
Quinn Christensen,Brigham Young,77.875,312,,,32.0,,,,,,2004,OG,quinn christensen,
Tyson Clabo,Wake Forest,78.875,315,30.0,100.0,24.0,4.88,8.09,1.87,3.13,5.45,2004,OG,tyson clabo,
Adrien Clarke,Ohio State,77.0,329,26.0,102.0,,4.74,7.9,1.84,3.12,5.49,2004,OG,adrien clarke,
Regis Crawford,Arizona State,74.0,316,,,,4.86,8.03,2.12,3.51,6.04,2004,OG,regis crawford,
Trey Darilek,Texas-El Paso,76.0,301,28.5,110.0,22.0,4.61,7.85,1.81,3.0,5.17,2004,OG,trey darilek,
Khiawatha Downey,Indiana (PA),76.125,332,26.5,98.0,21.0,4.82,8.01,1.8,3.14,5.48,2004,OG,khiawatha downey,
Antonio Hall,Kentucky,75.375,317,26.5,101.0,27.0,4.55,8.12,1.84,3.11,5.51,2004,OG,antonio hall,
Joseph Hayes,San Jose State,76.375,311,23.0,94.0,18.0,5.12,8.25,1.91,3.24,5.64,2004,OG,joseph hayes,
Anthony Herrera,Tennessee,74.0,315,,,,,,,,,2004,OG,anthony herrera,
Sean Locklear,North Carolina State,76.0,308,29.0,100.0,27.0,4.56,7.85,1.75,2.99,5.17,2004,OG,sean locklear,
Stephen Peterman,LSU,76.0,312,24.5,95.0,23.0,4.68,7.87,1.96,3.2,5.45,2004,OG,stephen peterman,
Alan Reuber,Texas AM,78.25,323,29.0,98.0,26.0,4.91,7.95,1.88,3.14,5.45,2004,OG,alan reuber,
Justin Smiley,Alabama,75.25,298,32.0,111.0,19.0,4.41,7.72,1.8,2.95,4.99,2004,OG,justin smiley,
Chris Snee,Boston College,74.75,314,30.5,104.0,29.0,4.66,7.75,1.75,2.93,5.07,2004,OG,chris snee,
Shannon Snell,Florida,76.375,316,25.5,93.0,21.0,4.91,8.38,2.02,3.38,5.81,2004,OG,shannon snell,
Jeb Terry,North Carolina,77.25,313,29.0,105.0,27.0,4.98,8.03,1.82,3.08,5.23,2004,OG,jeb terry,
David Baas,Michigan,76.5,319,29.5,105.0,29.0,4.46,7.5,1.67,2.91,5.02,2005,OG,david baas,
C.J. Brooks,Maryland,77.5,309,31.5,108.0,24.0,4.56,7.61,1.76,3.0,5.16,2005,OG,c j brooks,
Elton Brown,Virginia,76.875,329,,,,,,,,,2005,OG,elton brown,
Doug Buckles,Mississippi,77.25,311,23.5,89.0,18.0,4.8,8.17,1.92,3.17,5.53,2005,OG,doug buckles,
Dan Buenning,Wisconsin,75.875,320,28.0,111.0,29.0,4.59,7.9,1.94,3.14,5.33,2005,OG,dan buenning,
Jonathan Clinkscale,Wisconsin,74.25,315,27.5,99.0,,,,1.94,3.22,5.54,2005,OG,jonathan clinkscale,
Dylan Gandy,Texas Tech,75.0,304,29.5,100.0,,4.51,7.62,1.74,2.99,5.18,2005,OG,dylan gandy,
Marcus Johnson,Mississippi,78.5,321,27.5,104.0,21.0,4.75,7.73,1.87,3.15,5.45,2005,OG,marcus johnson,
Chris Kemoeatu,Utah,75.5,344,29.0,98.0,26.0,4.54,7.75,1.87,3.08,5.37,2005,OG,chris kemoeatu,
Logan Mankins,Fresno State,76.125,307,31.5,95.0,21.0,4.44,7.52,1.84,3.02,5.14,2005,OG,logan mankins,
Evan Mathis,Alabama,77.25,304,35.5,117.0,35.0,4.16,7.39,1.66,2.87,4.92,2005,OG,evan mathis,
Chris Myers,Miami (FL),76.625,300,,,25.0,,,,,,2005,OG,chris myers,
Doug Nienhuis,Oregon State,77.75,307,29.5,99.0,22.0,4.47,7.5,1.77,2.98,5.16,2005,OG,doug nienhuis,
Leon Robinson,Georgia Tech,76.0,314,36.0,109.0,22.0,4.76,8.27,1.88,3.09,5.28,2005,OG,leon robinson,
Adam Snyder,Oregon,77.375,316,28.5,93.0,21.0,4.86,7.85,1.86,3.11,5.34,2005,OG,adam snyder,
Nick Steitz,Oregon,75.5,312,31.0,99.0,,4.65,8.16,1.94,3.27,5.6,2005,OG,nick steitz,
Claude Terrell,New Mexico,74.25,343,24.5,89.0,27.0,4.75,8.17,1.9,3.11,5.39,2005,OG,claude terrell,
Scott Young,Brigham Young,75.625,312,35.0,115.0,43.0,4.4,7.48,1.74,2.95,5.08,2005,OG,scott young,
Max Jean-Gilles,Georgia,75.75,355,24.5,95.0,27.0,5.08,8.56,1.88,3.16,5.5,2006,OG,max jean gilles,
Davin Joseph,Oklahoma,74.625,311,32.0,111.0,24.0,4.97,,1.76,2.97,5.14,2006,OG,davin joseph,
Chris Kuper,North Dakota,76.375,301,30.0,109.0,24.0,4.6,7.59,1.75,2.93,5.1,2006,OG,chris kuper,
Deuce Lutui,Southern California,75.625,334,28.0,97.0,26.0,4.76,8.04,1.8,3.07,5.44,2006,OG,deuce lutui,
Fred Matua,Southern California,74.375,306,24.5,93.0,28.0,4.76,7.87,,,,2006,OG,fred matua,
Robin Meadow,Michigan State,76.875,324,24.0,99.0,29.0,4.73,7.94,1.89,3.12,5.41,2006,OG,robin meadow,
Troy Reddick,Auburn,76.875,334,,,21.0,4.82,7.92,1.89,3.17,5.6,2006,OG,troy reddick,
Mark Setterstrom,Minnesota,75.75,314,26.5,100.0,19.0,4.53,7.63,1.8,3.04,5.43,2006,OG,mark setterstrom,
Rob Sims,Ohio State,74.75,307,,,27.0,,,,,,2006,OG,rob sims,
Isaac Sowells,Indiana,75.5,324,28.5,101.0,20.0,4.98,8.13,1.82,3.03,5.21,2006,OG,isaac sowells,
Charles Spencer,Pittsburgh,76.75,352,,,30.0,,,1.83,3.03,5.32,2006,OG,charles spencer,
Jason Spitz,Louisville,75.5,313,28.5,102.0,25.0,4.55,7.82,1.83,3.11,5.44,2006,OG,jason spitz,
Adam Stenavich,Michigan,76.0,310,,,24.0,,,,,,2006,OG,adam stenavich,
Dan Stevenson,Notre Dame,77.125,300,24.5,100.0,24.0,4.59,7.58,1.85,3.1,5.42,2006,OG,dan stevenson,
Tony Tella,Miami (FL),76.0,307,24.5,97.0,24.0,4.84,8.17,,,,2006,OG,tony tella,
Andy Alleman,Akron,76.0,305,30.0,106.0,27.0,4.65,7.8,1.76,2.91,5.04,2007,OG,andy alleman,
Josh Beekman,Boston College,73.625,313,25.5,93.0,24.0,4.81,8.24,1.86,3.06,5.43,2007,OG,josh beekman,
Nate Bennett,Michigan State,76.375,316,26.5,90.0,34.0,5.04,8.15,1.95,3.26,5.68,2007,OG,nate bennett,
Stephen Berg,Arizona State,76.875,330,,,19.0,,,,,,2007,OG,stephen berg,
Justin Blalock,Texas,75.25,320,28.5,101.0,40.0,4.72,7.75,1.77,2.97,5.2,2007,OG,justin blalock,
Tim Duckworth,Auburn,75.0,306,25.0,94.0,20.0,4.78,8.26,1.85,3.1,5.45,2007,OG,tim duckworth,
Ben Grubbs,Auburn,74.75,311,26.5,103.0,29.0,4.72,7.99,1.79,3.01,5.2,2007,OG,ben grubbs,
Mike Jones,Iowa,77.0,309,25.5,98.0,28.0,4.88,7.8,1.79,3.09,5.46,2007,OG,mike jones,
Palauni Ma Sun,Oregon,77.125,319,24.5,91.0,22.0,5.01,8.7,2.04,3.41,5.9,2007,OG,palauni ma sun,
Uche Nwaneri,Purdue,75.125,325,,,24.0,,,1.87,3.13,5.44,2007,OG,uche nwaneri,
Manny Ramirez,Baylor,75.0,326,,,40.0,,,,,,2007,OG,manny ramirez,
Dan Santucci,Notre Dame,75.5,301,29.0,102.0,23.0,4.74,7.47,1.77,2.99,5.15,2007,OG,dan santucci,
Arron Sears,Tennessee,75.25,319,,,21.0,,,,,,2007,OG,arron sears,
Cameron Stephenson,Rutgers,75.25,306,28.5,101.0,34.0,4.81,7.72,1.88,3.13,5.45,2007,OG,cameron stephenson,
Kasey Studdard,Texas,74.5,303,,,32.0,,,1.84,3.02,5.22,2007,OG,kasey studdard,
Mansfield Wrotto,Georgia Tech,75.0,317,,92.0,27.0,4.92,8.34,1.87,3.11,5.44,2007,OG,mansfield wrotto,
Branden Albert,Virginia,77.625,309,26.0,111.0,23.0,4.78,7.97,1.77,2.97,5.17,2008,OG,branden albert,
James Blair,Western Michigan,75.0,323,23.5,103.0,28.0,5.33,8.44,1.82,3.03,5.28,2008,OG,james blair,
Andrew Crummey,Maryland,76.625,299,,,,,,,,,2008,OG,andrew crummey,
Robert Felton,Arkansas,75.625,315,23.0,98.0,22.0,4.84,8.08,1.92,3.19,5.51,2008,OG,robert felton,
Mike Gibson,California,75.5,305,27.0,110.0,31.0,4.64,7.21,1.77,3.0,5.28,2008,OG,mike gibson,
Chris McDuffie,Clemson,76.125,330,,,29.0,,,,,,2008,OG,chris mcduffie,
Mike McGlynn,Pittsburgh,76.25,311,23.0,101.0,30.0,4.72,7.58,1.89,3.11,5.38,2008,OG,mike mcglynn,
Shawn Murphy,Utah State,75.875,320,21.5,100.0,29.0,4.89,7.74,1.89,3.09,5.4,2008,OG,shawn murphy,
Chilo Rachal,Southern California,77.0,315,25.5,108.0,28.0,5.14,8.01,1.8,3.01,5.23,2008,OG,chilo rachal,
Drew Radovich,Southern California,76.5,301,23.0,108.0,21.0,4.53,7.47,1.89,3.08,5.37,2008,OG,drew radovich,
Chad Rinehart,Northern Iowa,77.0,320,28.5,106.0,26.0,4.56,7.84,1.9,3.14,5.49,2008,OG,chad rinehart,
Roy Schuening,Oregon State,75.625,306,25.0,,26.0,,,1.79,3.04,5.3,2008,OG,roy schuening,
Donald Thomas,Connecticut,75.375,303,24.5,100.0,28.0,4.78,7.45,1.72,2.89,5.0,2008,OG,donald thomas,
Eric Young,Tennessee,75.625,310,,,,,,,,,2008,OG,eric young,
Roger Allen,Missouri Western,74.75,326,,,,,,,,,2009,OG,roger allen,
Travis Bright,Brigham Young,76.25,321,35.5,108.0,34.0,4.72,7.75,1.86,3.09,5.35,2009,OG,travis bright,
Trevor Canfield,Cincinnati,76.5,307,,,29.0,,,1.89,3.11,5.39,2009,OG,trevor canfield,
C.J. Davis,Pittsburgh,74.0,308,25.5,88.0,21.0,4.93,8.09,1.97,3.22,5.59,2009,OG,c j davis,
Paul Fanaika,Arizona State,77.125,327,,,15.0,,,,,,2009,OG,paul fanaika,
Ray Feinga,Brigham Young,76.125,337,,,30.0,,,,,,2009,OG,ray feinga,
Juan Garcia,Washington,74.25,307,25.0,93.0,34.0,4.87,8.0,1.93,3.23,5.51,2009,OG,juan garcia,
Dan Gay,Baylor,75.875,308,22.5,86.0,18.0,5.42,8.67,1.97,3.22,5.5,2009,OG,dan gay,
Tyronne Green,Auburn,73.75,309,,,22.0,,,1.8,3.1,5.43,2009,OG,tyronne green,
Greg Isdaner,West Virginia,75.5,325,27.0,92.0,24.0,5.07,7.96,1.96,3.22,5.52,2009,OG,greg isdaner,
Herman Johnson,LSU,79.25,364,,,21.0,,,2.0,3.28,5.63,2009,OG,herman johnson,
Andy Kemp,Wisconsin,76.75,313,25.5,91.0,23.0,4.86,7.86,1.97,3.22,5.5,2009,OG,andy kemp,
Andy Levitre,Oregon State,74.625,305,30.5,103.0,23.0,4.52,,1.92,3.13,5.4,2009,OG,andy levitre,
Mo Miller,Michigan State,75.125,327,28.5,97.0,21.0,5.03,8.42,1.98,3.22,5.54,2009,OG,mo miller,
Seth Olsen,Iowa,76.625,306,24.5,90.0,23.0,4.7,7.59,1.84,3.08,5.29,2009,OG,seth olsen,
Anthony Parker,Tennessee,73.875,297,,,24.0,,,,,,2009,OG,anthony parker,
Duke Robinson,Oklahoma,77.0,329,,,,,,1.84,3.07,5.33,2009,OG,duke robinson,
Matt Slauson,Nebraska,76.875,316,34.0,110.0,,4.86,7.86,,,,2009,OG,matt slauson,
Jaimie Thomas,Maryland,76.0,323,,,20.0,,,1.88,3.11,5.42,2009,OG,jaimie thomas,
Kraig Urbik,Wisconsin,77.125,328,24.0,94.0,29.0,4.89,7.87,1.9,3.11,5.43,2009,OG,kraig urbik,
Louis Vasquez,Texas Tech,76.75,333,,,39.0,,,,,,2009,OG,louis vasquez,
Brandon Walker,Oklahoma,74.625,306,34.0,109.0,26.0,5.07,,1.85,3.03,5.17,2009,OG,brandon walker,
Jon Asamoah,Illinois,76.0,305,,,,,,,,,2010,OG,jon asamoah,
Zane Beadles,Utah,76.375,310,,,27.0,,,,,,2010,OG,zane beadles,
Ciron Black,LSU,76.5,327,25.5,91.0,23.0,5.13,8.52,1.92,3.13,5.55,2010,OG,ciron black,
Dorian Brooks,James Madison,74.25,306,23.0,100.0,26.0,4.66,7.73,1.78,2.99,5.16,2010,OG,dorian brooks,
Brandon Carter,Texas Tech,77.75,329,24.5,102.0,22.0,4.94,7.82,1.81,3.09,5.43,2010,OG,brandon carter,
Chris DeGeare,Wake Forest,75.625,325,32.5,103.0,27.0,4.9,7.84,1.73,2.96,5.16,2010,OG,chris degeare,
Kurtis Gregory,Missouri,76.5,305,25.5,91.0,26.0,4.93,7.62,1.86,3.11,5.38,2010,OG,kurtis gregory,
Mike Iupati,Idaho,77.125,331,27.5,92.0,27.0,4.93,7.85,1.84,3.06,5.31,2010,OG,mike iupati,
Mike Johnson,Alabama,77.25,312,25.0,91.0,,5.01,8.15,1.89,3.14,5.39,2010,OG,mike johnson,
Shawn Lauvao,Arizona State,74.875,315,26.5,101.0,33.0,4.51,7.56,1.85,3.06,5.27,2010,OG,shawn lauvao,
Marshall Newhouse,Texas Christian,75.75,319,25.0,97.0,25.0,4.6,7.4,1.78,2.94,5.0,2010,OG,marshall newhouse,
Alex Parsons,Southern California,76.0,309,27.0,99.0,23.0,,,1.84,3.03,5.17,2010,OG,alex parsons,
Mitch Petrus,Arkansas,75.0,310,,,45.0,,,1.9,3.13,5.39,2010,OG,mitch petrus,
Dace Richardson,Iowa,77.25,320,23.5,87.0,19.0,5.38,8.58,2.0,3.33,5.79,2010,OG,dace richardson,
Chris Scott,Tennessee,76.625,319,22.5,90.0,19.0,5.03,8.24,1.93,3.2,5.55,2010,OG,chris scott,
Shelley Smith,Colorado State,74.875,300,34.0,112.0,26.0,4.71,7.67,1.77,2.97,5.11,2010,OG,shelley smith,
Mike Tepper,California,77.5,324,26.5,94.0,28.0,5.25,7.95,1.87,3.1,5.32,2010,OG,mike tepper,
Adam Ulatoski,Texas,77.5,300,26.0,94.0,24.0,4.99,7.98,1.84,3.15,5.52,2010,OG,adam ulatoski,
David Arkin,Missouri State,76.75,300,29.0,103.0,25.0,4.63,7.6,1.89,3.11,5.36,2011,OG,david arkin,
Clint Boling,Georgia,76.625,308,31.0,102.0,28.0,4.64,7.66,1.84,3.06,5.3,2011,OG,clint boling,
Justin Boren,Ohio State,74.875,309,,,28.0,4.75,7.57,1.93,3.23,5.54,2011,OG,justin boren,
Garrett Chisolm,South Carolina,77.0,312,,,,,,,,,2011,OG,garrett chisolm,
Ray Dominguez,Arkansas,76.0,334,27.5,90.0,21.0,4.9,7.74,1.88,3.13,5.48,2011,OG,ray dominguez,
Ricky Henry,Nebraska,74.75,308,24.0,90.0,20.0,4.68,7.98,1.98,3.31,5.75,2011,OG,ricky henry,
Zach Hurd,Connecticut,78.75,316,28.0,101.0,,4.77,7.73,1.81,3.03,5.34,2011,OG,zach hurd,
Maurice Hurt,Florida,74.625,318,,,18.0,,,,,,2011,OG,maurice hurt,
Ben Ijalana,Villanova,75.625,317,,,,,,,,,2011,OG,ben ijalana,
Andrew Jackson,Fresno State,77.0,299,28.0,98.0,25.0,4.65,7.55,1.85,3.08,5.38,2011,OG,andrew jackson,
Carl Johnson,Florida,77.0,361,25.5,96.0,25.0,5.03,,1.95,3.2,5.43,2011,OG,carl johnson,
Daniel Kilgore,Appalachian State,75.25,308,32.5,105.0,23.0,4.68,7.59,1.85,3.1,5.33,2011,OG,daniel kilgore,
John Moffitt,Wisconsin,76.25,319,30.5,102.0,23.0,4.53,7.79,1.96,3.22,5.55,2011,OG,john moffitt,
Mike Person,Montana State,76.5,299,28.0,108.0,21.0,4.5,7.44,1.8,3.03,5.19,2011,OG,mike person,
Mike Pouncey,Florida,77.0,303,25.0,96.0,,4.64,7.66,1.85,3.07,5.28,2011,OG,mike pouncey,
Will Rackley,Lehigh,75.25,309,23.5,99.0,29.0,4.94,7.91,,,,2011,OG,will rackley,
Steve Schilling,Michigan,76.25,308,25.5,98.0,30.0,4.62,7.73,1.83,3.03,5.29,2011,OG,steve schilling,
Caleb Schlauderaff,Utah,76.25,305,,,,,,,,,2011,OG,caleb schlauderaff,
Isaiah Thompson,Houston,75.375,300,25.0,82.0,23.0,5.56,9.04,2.12,3.47,6.06,2011,OG,isaiah thompson,
Julian Vandervelde,Iowa,73.875,301,31.0,104.0,23.0,4.59,7.46,1.79,3.0,5.21,2011,OG,julian vandervelde,
Danny Watkins,Baylor,75.375,310,26.0,92.0,29.0,4.62,7.61,1.89,3.11,5.4,2011,OG,danny watkins,
Keith Williams,Nebraska,76.25,318,24.5,93.0,23.0,5.03,8.42,1.89,3.11,5.36,2011,OG,keith williams,
Mark Asper,Oregon,78.375,319,,,23.0,,,,,,2012,OG,mark asper,
Kelvin Beachum,Southern Methodist,74.875,303,28.5,101.0,19.0,4.8,7.79,1.85,3.11,5.44,2012,OG,kelvin beachum,
James Brown,Troy,75.5,306,25.5,102.0,24.0,4.78,7.7,1.89,3.07,5.3,2012,OG,james brown,
David DeCastro,Stanford,76.875,316,29.5,98.0,34.0,4.56,7.3,1.84,3.09,5.43,2012,OG,david decastro,
Adam Gettis,Iowa,74.375,293,31.5,112.0,,4.65,7.99,1.75,2.9,5.0,2012,OG,adam gettis,
Rishaw Johnson,California (PA),75.375,313,31.5,108.0,22.0,4.53,7.87,1.77,2.99,5.24,2012,OG,rishaw johnson,
Senio Kelemete,Washington,75.625,307,25.0,101.0,21.0,4.58,7.77,1.92,3.17,5.52,2012,OG,senio kelemete,
Ronald Leary,Memphis,74.875,315,29.0,104.0,30.0,4.91,7.87,1.89,3.1,5.36,2012,OG,ronald leary,
Josh LeRibeus,Southern Methodist,75.25,312,26.0,96.0,29.0,4.65,7.64,1.83,3.08,5.37,2012,OG,josh leribeus,
Joe Looney,Wake Forest,75.25,309,,,26.0,,,,,,2012,OG,joe looney,
Antoine McClain,Clemson,77.5,329,27.0,91.0,19.0,4.82,8.13,2.01,3.25,5.57,2012,OG,antoine mcclain,
Ryan Miller,Colorado,79.25,321,28.0,100.0,32.0,4.78,7.72,1.86,3.06,5.27,2012,OG,ryan miller,
Lucas Nix,Pittsburgh,77.25,317,29.5,102.0,,4.9,7.81,1.82,3.08,5.43,2012,OG,lucas nix,
Amini Silatolu,Midwestern State,75.625,311,31.5,107.0,28.0,4.87,7.95,1.86,3.08,5.43,2012,OG,amini silatolu,
Andrew Tiller,Syracuse,76.375,324,23.0,85.0,16.0,4.8,7.92,1.88,3.14,5.5,2012,OG,andrew tiller,
Johnnie Troutman,Penn State,75.875,325,27.5,,31.0,5.0,7.96,2.03,3.3,5.67,2012,OG,johnnie troutman,
Brandon Washington,Miami (FL),74.875,320,25.0,101.0,28.0,4.87,8.22,1.86,3.05,5.25,2012,OG,brandon washington,
Rokevious Watkins,South Carolina,75.75,338,27.0,102.0,,4.9,7.87,1.94,3.16,5.39,2012,OG,rokevious watkins,
Desmond Wynn,Rutgers,77.5,303,32.5,,28.0,,,1.79,2.93,5.05,2012,OG,desmond wynn,
Kevin Zeitler,Wisconsin,75.875,314,29.0,101.0,32.0,4.61,7.77,1.81,3.09,5.39,2012,OG,kevin zeitler,
Zach Allen,North Carolina State,73.75,332,,,32.0,,,,,,2013,OG,zach allen,
Jeff Baca,UCLA,75.375,302,26.5,100.0,,4.44,7.26,1.7,2.86,5.03,2013,OG,jeff baca,
Alvin Bailey,Arkansas,75.125,312,,,27.0,,,1.72,2.86,4.95,2013,OG,alvin bailey,
Chris Barker,Nevada,74.625,305,27.5,99.0,29.0,4.77,8.09,1.79,3.01,5.25,2013,OG,chris barker,
Travis Bond,North Carolina,77.875,329,22.5,98.0,22.0,4.96,7.85,1.87,3.08,5.27,2013,OG,travis bond,
Jonathan Cooper,North Carolina,74.125,311,27.0,108.0,35.0,4.84,7.78,1.83,2.91,5.07,2013,OG,jonathan cooper,
Manese Foketi,Texas AM,76.75,318,23.5,102.0,25.0,5.06,8.11,,,,2013,OG,manese foketi,
Eric Herman,Ohio,76.125,320,28.0,95.0,36.0,5.09,7.99,1.8,3.08,5.25,2013,OG,eric herman,
Mark Jackson,Glenville State,77.375,328,20.5,91.0,20.0,5.03,8.07,1.9,3.23,5.65,2013,OG,mark jackson,
Jamaal Johnson-Webb,Alabama AM,77.0,313,23.0,92.0,17.0,4.74,8.12,1.82,3.07,5.37,2013,OG,jamaal johnson webb,
Edmund Kugbila,Valdosta State,76.125,317,22.5,105.0,23.0,4.65,7.72,1.83,3.07,5.31,2013,OG,edmund kugbila,
Kyle Long,Oregon,78.125,313,28.0,107.0,,4.63,7.83,1.74,2.87,4.94,2013,OG,kyle long,
Lamar Mady,Youngstown State,74.0,317,23.0,95.0,35.0,4.82,8.07,1.85,3.16,5.48,2013,OG,lamar mady,
Stephane Milhim,Massachusetts,75.75,314,28.5,104.0,,4.87,,1.79,2.98,5.23,2013,OG,stephane milhim,
Hugh Thornton,Illinois,75.25,320,,,27.0,4.63,7.45,1.74,2.94,5.11,2013,OG,hugh thornton,
J.C. Tretter,Cornell,75.625,307,29.5,109.0,29.0,4.69,7.48,1.75,2.94,5.09,2013,OG,j c tretter,
Larry Warford,Kentucky,75.0,332,22.5,96.0,28.0,5.1,7.78,1.85,3.2,5.58,2013,OG,larry warford,
Chance Warmack,Alabama,74.0,317,,110.0,,,,1.9,3.17,5.49,2013,OG,chance warmack,
Earl Watford,James Madison,75.375,300,30.0,107.0,24.0,5.0,7.77,1.8,2.95,5.06,2013,OG,earl watford,
Brian Winters,Kent State,75.625,320,,,9.0,,,,,,2013,OG,brian winters,
Joel Bitonio,Nevada,76.25,302,32.0,114.0,22.0,4.44,7.37,1.78,2.9,4.97,2014,OG,joel bitonio,
Russell Bodine,North Carolina,75.125,310,29.0,109.0,42.0,4.66,8.26,1.85,3.03,5.18,2014,OG,russell bodine,
Conor Boffeli,Iowa,76.125,298,25.0,101.0,21.0,4.61,7.44,1.82,3.06,5.3,2014,OG,conor boffeli,
Dakota Dozier,Furman,75.625,313,24.0,101.0,23.0,4.89,8.14,1.95,3.17,5.42,2014,OG,dakota dozier,
Kadeem Edwards,Tennessee State,76.25,313,27.0,99.0,26.0,4.82,7.95,1.87,3.06,5.25,2014,OG,kadeem edwards,
Zach Fulton,Tennessee,76.625,316,24.5,98.0,25.0,5.16,7.87,1.81,3.0,5.16,2014,OG,zach fulton,
Ryan Groy,Wisconsin,76.625,316,26.5,108.0,26.0,4.47,7.49,1.83,3.04,5.19,2014,OG,ryan groy,
Jon Halapio,Florida,75.5,323,21.5,100.0,,4.83,8.26,1.83,3.06,5.34,2014,OG,jon halapio,
Gabe Jackson,Mississippi State,75.25,336,29.0,108.0,30.0,4.78,8.25,1.86,3.18,5.51,2014,OG,gabe jackson,
Charles Leno,North Carolina State,75.875,303,29.0,108.0,21.0,4.4,7.57,,,,2014,OG,charles leno,
Brandon Linder,Miami (FL),77.625,311,26.5,100.0,30.0,,,1.88,3.11,5.35,2014,OG,brandon linder,
Spencer Long,Nebraska,76.625,320,,,,,,,,,2014,OG,spencer long,
Zack Martin,Notre Dame,76.25,308,28.0,106.0,29.0,4.59,7.65,,,,2014,OG,zack martin,
Cyril Richardson,Baylor,76.75,329,25.5,91.0,25.0,4.83,7.7,1.82,3.1,5.36,2014,OG,cyril richardson,
Anthony Steen,Alabama,75.375,314,,,,,,,,,2014,OG,anthony steen,
Xavier Sua-Filo,UCLA,76.125,307,25.0,102.0,25.0,4.44,7.6,1.8,2.95,5.04,2014,OG,xavier sua filo,
Brandon Thomas,Clemson,75.25,317,29.0,98.0,35.0,4.83,8.13,1.88,3.03,5.09,2014,OG,brandon thomas,
Trai Turner,LSU,74.625,310,27.5,,25.0,,,1.8,2.89,4.93,2014,OG,trai turner,
John Urschel,Penn State,75.0,313,29.0,102.0,30.0,4.47,7.55,1.84,3.08,5.31,2014,OG,john urschel,
Chris Watt,Notre Dame,74.625,310,,,29.0,,,,,,2014,OG,chris watt,
David Yankey,Stanford,77.625,315,28.5,103.0,22.0,4.86,7.81,1.86,3.13,5.48,2014,OG,david yankey,
Al Bond,Memphis,75.75,303,23.5,90.0,22.0,4.65,7.9,1.97,3.24,5.57,2015,OG,al bond,
Brett Boyko,UNLV,78.625,301,25.0,103.0,,4.75,7.91,1.97,3.24,5.6,2015,OG,brett boyko,
Trenton Brown,Florida,80.5,355,23.5,97.0,20.0,4.78,8.23,1.89,3.08,5.29,2015,OG,trenton brown,
A.J. Cann,South Carolina,74.75,313,,,26.0,,,,,,2015,OG,a j cann,
Jamil Douglas,Arizona State,76.0,304,29.0,99.0,28.0,4.75,7.99,1.83,3.04,5.25,2015,OG,jamil douglas,
Tayo Fabuluje,Texas Christian,78.375,353,29.5,,,4.77,,1.93,3.19,5.55,2015,OG,tayo fabuluje,
Jon Feliciano,Miami (FL),75.875,323,26.5,97.0,,4.74,,1.93,3.16,5.33,2015,OG,jon feliciano,
Mark Glowinski,West Virginia,76.375,307,29.5,113.0,31.0,4.58,7.56,1.83,3.03,5.2,2015,OG,mark glowinski,
Jarvis Harrison,Texas AM,76.125,330,29.5,102.0,26.0,4.62,7.51,1.77,2.99,5.19,2015,OG,jarvis harrison,
Bobby Hart,Florida State,76.75,329,,,,,,,,,2015,OG,bobby hart,
Tre Jackson,Florida State,75.75,330,25.0,96.0,,,,1.88,3.16,5.52,2015,OG,tre jackson,
Arie Kouandjio,Alabama,76.75,310,,,,,,,,,2015,OG,arie kouandjio,
Ali Marpet,Hobart,75.875,307,30.5,108.0,30.0,4.47,7.33,1.71,2.87,4.98,2015,OG,ali marpet,
Josue Matias,Florida State,77.5,309,17.5,84.0,,5.12,8.19,1.96,3.23,5.52,2015,OG,josue matias,
John Miller,Louisville,74.5,303,27.0,104.0,29.0,4.75,8.2,1.84,3.08,5.33,2015,OG,john miller,
Mitch Morse,Missouri,77.375,305,31.0,112.0,36.0,4.5,7.6,1.86,3.04,5.14,2015,OG,mitch morse,
Robert Myers,Tennessee State,76.75,326,27.5,94.0,,4.91,8.1,1.82,3.1,5.44,2015,OG,robert myers,
Jeremiah Poutasi,Utah,77.125,335,26.5,95.0,26.0,4.89,8.09,1.9,3.12,5.32,2015,OG,jeremiah poutasi,
Adam Shead,Oklahoma,75.625,338,,,26.0,,,1.91,3.24,5.74,2015,OG,adam shead,
Laken Tomlinson,Duke,75.375,323,31.5,103.0,25.0,4.87,8.17,1.89,3.11,5.33,2015,OG,laken tomlinson,
Vadal Alexander,LSU,77.25,326,24.0,95.0,25.0,4.9,8.04,1.93,3.21,5.57,2016,OG,vadal alexander,
Joseph Cheek,Texas AM,78.0,295,,,20.0,,,,,,2016,OG,joseph cheek,
Joe Dahl,Washington State,76.125,304,31.0,109.0,28.0,4.77,7.64,1.81,3.0,5.18,2016,OG,joe dahl,
Spencer Drango,Baylor,77.625,315,27.0,100.0,30.0,4.66,7.88,1.85,3.06,5.27,2016,OG,spencer drango,
Parker Ehinger,Cincinnati,78.25,310,27.5,97.0,,,,1.79,3.01,5.26,2016,OG,parker ehinger,
Joshua Garnett,Stanford,76.375,312,29.0,99.0,30.0,4.64,7.62,1.84,3.05,5.32,2016,OG,joshua garnett,
Graham Glasgow,Michigan,77.875,307,25.0,106.0,23.0,4.63,7.63,1.77,2.98,5.13,2016,OG,graham glasgow,
Darrell Greene,San Diego State,74.75,321,21.5,98.0,28.0,4.98,8.07,1.83,3.02,5.2,2016,OG,darrell greene,
Nila Kasitati,Oklahoma,75.25,317,27.5,107.0,12.0,4.83,8.3,1.81,3.03,5.32,2016,OG,nila kasitati,
Denver Kirkland,Arkansas,76.5,335,22.5,94.0,19.0,5.06,8.72,1.97,3.21,5.55,2016,OG,denver kirkland,
Connor McGovern,Missouri,76.25,306,33.0,109.0,33.0,4.65,7.5,1.73,2.93,5.11,2016,OG,connor mcgovern,
Rees Odhiambo,Boise State,75.875,314,,,23.0,,,,,,2016,OG,rees odhiambo,
Alex Redmond,UCLA,76.75,294,28.0,111.0,30.0,4.9,7.75,1.85,3.07,5.3,2016,OG,alex redmond,
Isaac Seumalo,Oregon State,75.875,303,26.0,105.0,,4.52,7.4,1.72,2.99,5.19,2016,OG,isaac seumalo,
Joe Thuney,North Carolina State,76.625,304,28.5,110.0,28.0,4.54,7.47,1.71,2.84,4.95,2016,OG,joe thuney,
Sebastian Tretola,Arkansas,76.125,314,23.5,90.0,22.0,5.02,7.94,1.87,3.12,5.45,2016,OG,sebastian tretola,
Landon Turner,North Carolina,75.875,330,19.0,88.0,30.0,,,1.93,3.19,5.58,2016,OG,landon turner,
Christian Westerman,Arizona State,75.125,298,25.0,98.0,34.0,4.71,7.69,1.79,2.98,5.12,2016,OG,christian westerman,
Cody Whitehair,Kansas State,75.75,301,25.5,110.0,16.0,4.58,7.32,1.73,2.95,5.02,2016,OG,cody whitehair,
Isaac Asiata,Utah,75.125,323,25.5,102.0,35.0,4.93,7.83,1.84,3.09,5.34,2017,OG,isaac asiata,
Erik Austell,Charleston Southern,75.125,301,27.5,107.0,24.0,4.9,8.13,1.79,3.01,5.21,2017,OG,erik austell,
Zach Banner,Southern California,80.375,353,23.5,92.0,22.0,5.21,8.31,1.91,3.19,5.58,2017,OG,zach banner,
Ben Braden,Michigan,78.25,329,28.0,102.0,25.0,4.9,7.85,1.78,2.92,5.03,2017,OG,ben braden,
Collin Buchanan,Miami (OH),76.625,316,25.0,97.0,23.0,,,,,,2017,OG,collin buchanan,
Aviante Collins,Texas Christian,76.25,295,,,34.0,,,1.69,2.81,4.77,2017,OG,aviante collins,
Ethan Cooper,Indiana (PA),74.0,322,24.5,99.0,26.0,4.88,8.02,1.86,3.07,5.36,2017,OG,ethan cooper,
Jessamen Dunker,Tennessee State,76.125,318,28.5,108.0,23.0,,,1.79,2.93,4.98,2017,OG,jessamen dunker,
Jermaine Eluemunor,Texas AM,75.625,332,,,34.0,,,1.84,3.02,5.17,2017,OG,jermaine eluemunor,
Dan Feeney,Indiana,76.0,305,28.0,101.0,26.0,4.68,7.52,1.81,3.0,5.24,2017,OG,dan feeney,
Avery Gennesy,Texas AM,75.0,318,20.0,91.0,24.0,5.0,8.08,1.86,3.08,5.35,2017,OG,avery gennesy,
Sean Harlow,Oregon State,76.125,303,30.5,105.0,26.0,4.81,8.16,1.79,3.0,5.15,2017,OG,sean harlow,
Danny Isidora,Miami (FL),75.25,306,29.0,94.0,26.0,4.9,8.13,1.73,2.91,5.0,2017,OG,danny isidora,
Dorian Johnson,Pittsburgh,76.625,300,30.0,114.0,21.0,5.09,8.39,1.79,3.01,5.27,2017,OG,dorian johnson,
Forrest Lamp,Western Kentucky,75.75,309,27.5,111.0,34.0,4.62,7.55,1.75,2.91,4.98,2017,OG,forrest lamp,
Cameron Lee,Illinois State,76.625,312,25.5,100.0,18.0,4.75,8.02,1.88,3.12,5.39,2017,OG,cameron lee,
Corey Levin,Chattanooga,75.75,307,26.5,106.0,26.0,4.73,7.55,1.79,2.98,5.16,2017,OG,corey levin,
Damien Mama,Southern California,75.25,334,24.5,96.0,,5.38,8.51,1.95,3.33,5.84,2017,OG,damien mama,
Jordan Morgan,Kutztown,74.75,309,27.0,102.0,21.0,4.73,8.13,1.86,3.11,5.36,2017,OG,jordan morgan,
Nico Siragusa,San Diego State,76.375,319,32.0,110.0,28.0,4.56,7.71,1.83,3.04,5.35,2017,OG,nico siragusa,
Nate Theaker,Wayne State (MI),76.625,315,27.0,105.0,23.0,4.89,7.97,1.86,3.11,5.41,2017,OG,nate theaker,
Austin Corbett,Nevada,76.375,306,28.0,106.0,19.0,4.5,7.87,1.76,2.96,5.15,2018,OG,austin corbett,
Jamil Demby,Maine,76.5,319,23.5,98.0,17.0,4.95,7.86,1.87,3.17,5.58,2018,OG,jamil demby,
Nick Gates,Nebraska,77.375,307,24.0,94.0,20.0,4.68,7.61,1.87,3.11,5.46,2018,OG,nick gates,
Colby Gossett,Appalachian State,76.875,311,25.0,103.0,32.0,4.83,7.6,1.85,3.07,5.2,2018,OG,colby gossett,
Taylor Hearn,Clemson,76.5,320,24.0,96.0,18.0,4.8,7.84,1.89,3.16,5.45,2018,OG,taylor hearn,
Will Hernandez,Texas-El Paso,74.375,327,24.0,104.0,37.0,4.7,7.59,1.75,2.96,5.15,2018,OG,will hernandez,
Sam Jones,Arizona State,76.625,305,27.0,101.0,28.0,4.86,7.92,1.9,3.1,,2018,OG,sam jones,
Cole Madison,Washington State,77.25,308,28.5,97.0,26.0,4.88,7.86,1.84,3.06,5.33,2018,OG,cole madison,
K.J. Malone,LSU,75.625,303,29.5,103.0,15.0,,,1.81,3.06,5.29,2018,OG,k j malone,
Quenton Nelson,Notre Dame,77.0,325,26.5,105.0,35.0,4.62,7.65,,,,2018,OG,quenton nelson,
Skyler Phillips,Idaho State,74.75,318,29.0,104.0,,4.69,7.95,1.76,2.97,5.09,2018,OG,skyler phillips,
Braden Smith,Auburn,78.25,315,33.5,113.0,35.0,4.77,,1.79,3.01,5.2,2018,OG,braden smith,
Rod Taylor,Mississippi,74.875,320,30.5,99.0,,,,1.78,3.03,5.24,2018,OG,rod taylor,
Wyatt Teller,Virginia Tech,76.5,314,29.0,114.0,30.0,4.84,7.45,1.85,3.06,5.24,2018,OG,wyatt teller,
Salesi Uhatafe,Utah,77.0,310,28.0,109.0,,4.9,7.7,1.83,3.09,5.39,2018,OG,salesi uhatafe,
Sean Welsh,Iowa,74.75,306,25.0,103.0,20.0,4.81,7.9,1.82,3.08,5.39,2018,OG,sean welsh,
Isaiah Wynn,Georgia,74.75,313,,,,,,,,,2018,OG,isaiah wynn,
Zack Bailey,South Carolina,77.125,299,28.0,103.0,24.0,,,,,,2019,OG,zack bailey,
Alex Bars,Notre Dame,77.875,312,,,,,,,,,2019,OG,alex bars,
Ryan Bates,Penn State,76.5,306,27.0,102.0,28.0,4.53,7.45,1.69,2.88,5.09,2019,OG,ryan bates,
Beau Benzschawel,Wisconsin,78.25,309,,,20.0,,,1.85,3.05,5.24,2019,OG,beau benzschawel,
Deion Calhoun,Mississippi State,74.5,310,28.5,105.0,26.0,4.62,7.46,1.72,2.89,5.07,2019,OG,deion calhoun,
Nate Davis,Charlotte,75.25,316,26.0,107.0,23.0,4.83,7.94,1.84,3.04,5.23,2019,OG,nate davis,
Michael Deiter,Wisconsin,77.125,309,28.0,105.0,21.0,4.81,7.88,1.81,3.04,5.23,2019,OG,michael deiter,
Chuma Edoga,Southern California,75.5,308,,,21.0,,,,,,2019,OG,chuma edoga,
Bobby Evans,Oklahoma,76.375,312,,,22.0,,,1.85,3.05,5.2,2019,OG,bobby evans,
Cody Ford,Oklahoma,75.75,329,28.5,104.0,19.0,4.87,8.27,1.81,3.02,5.21,2019,OG,cody ford,
Hjalte Froholdt,Arkansas,76.625,306,27.5,105.0,31.0,4.54,7.51,1.83,3.04,5.2,2019,OG,hjalte froholdt,
Ethan Greenidge,Villanova,76.375,327,,,,,,,,,2019,OG,ethan greenidge,
Phil Haynes,Wake Forest,75.625,322,31.0,108.0,33.0,4.95,7.76,1.78,2.97,5.2,2019,OG,phil haynes,
Nate Herbig,Stanford,75.5,335,24.0,90.0,29.0,5.04,8.15,1.85,3.14,5.41,2019,OG,nate herbig,
Andre James,UCLA,76.125,299,29.0,105.0,21.0,4.84,8.0,1.8,3.05,5.32,2019,OG,andre james,
Fred Johnson,Florida,79.0,322,,,,,,,,,2019,OG,fred johnson,
Tyler Jones,North Carolina State,75.0,306,31.5,111.0,23.0,4.82,7.75,,,,2019,OG,tyler jones,
Chris Lindstrom,Boston College,75.75,308,30.5,117.0,25.0,4.54,7.61,1.68,2.85,4.91,2019,OG,chris lindstrom,
Connor McGovern,Penn State,77.375,308,,112.0,28.0,4.57,7.66,,,,2019,OG,connor mcgovern,
Joshua Miles,Morgan State,77.0,314,36.0,109.0,,4.75,8.07,1.84,3.08,5.32,2019,OG,joshua miles,
Iosua Opeta,Weber State,76.25,301,33.0,112.0,39.0,4.94,8.06,1.65,2.85,5.02,2019,OG,iosua opeta,
Javon Patterson,Mississippi,74.875,307,27.5,98.0,27.0,4.78,7.72,1.78,2.99,5.13,2019,OG,javon patterson,
Ben Powers,Oklahoma,76.0,307,,,21.0,,,,,,2019,OG,ben powers,
Dru Samia,Oklahoma,76.75,305,27.5,101.0,28.0,4.7,7.89,1.83,3.08,5.29,2019,OG,dru samia,
Trevon Tate,Memphis,74.5,293,,,22.0,,,,,,2019,OG,trevon tate,
Hakeem Adeniji,Kansas,76.375,300,34.0,115.0,26.0,,,1.78,2.98,5.17,2020,OG,hakeem adeniji,
Tremayne Anchrum,Clemson,73.875,314,24.5,104.0,26.0,,,1.84,3.05,5.21,2020,OG,tremayne anchrum,
Ben Bredeson,Michigan,76.625,315,,,,,,,,,2020,OG,ben bredeson,
Jack Driscoll,Auburn,76.625,306,29.5,114.0,23.0,,,1.74,2.87,5.02,2020,OG,jack driscoll,
Justin Herron,Wake Forest,75.625,308,33.0,105.0,27.0,4.88,8.41,1.88,3.09,5.26,2020,OG,justin herron,
Robert Hunt,Louisiana,77.125,323,,,,,,,,,2020,OG,robert hunt,
Cordel Iwuagwu,Texas Christian,74.875,309,27.0,94.0,25.0,4.87,8.03,1.8,3.01,5.22,2020,OG,cordel iwuagwu,
Jonah Jackson,Ohio State,75.5,306,26.0,98.0,28.0,5.02,7.83,1.84,3.01,5.23,2020,OG,jonah jackson,
Josh Jones,Houston,77.0,319,28.5,109.0,24.0,,,1.81,3.03,5.27,2020,OG,josh jones,
Solomon Kindley,Georgia,75.25,337,,,,,,,,,2020,OG,solomon kindley,
Shane Lemieux,Oregon,75.875,310,25.5,107.0,,4.9,8.13,1.83,2.99,5.11,2020,OG,shane lemieux,
Damien Lewis,LSU,74.0,327,30.0,108.0,27.0,,,1.83,3.03,5.24,2020,OG,damien lewis,
John Molchon,Boise State,77.25,309,34.0,109.0,26.0,4.73,7.85,1.79,3.01,5.13,2020,OG,john molchon,
Kyle Murphy,Rhode Island,75.25,316,28.0,104.0,19.0,4.68,7.81,1.86,3.07,5.3,2020,OG,kyle murphy,
Netane Muti,Fresno State,74.875,315,,,44.0,,,,,,2020,OG,netane muti,
Michael Onwenu,Michigan,74.625,344,,,26.0,,,,,,2020,OG,michael onwenu,
Danny Pinter,Ball State,76.25,306,29.5,110.0,24.0,4.62,7.76,1.73,2.87,4.91,2020,OG,danny pinter,
Cesar Ruiz,Michigan,74.75,307,33.0,113.0,28.0,4.64,7.91,1.77,2.94,5.08,2020,OG,cesar ruiz,
Jon Runyan,Michigan,76.25,306,30.5,107.0,24.0,4.69,7.57,1.79,2.97,5.08,2020,OG,jon runyan,
John Simpson,Clemson,76.125,321,30.0,107.0,34.0,4.87,8.03,1.81,3.02,5.24,2020,OG,john simpson,
Logan Stenberg,Kentucky,78.0,317,26.0,104.0,,4.83,8.0,1.86,3.11,5.3,2020,OG,logan stenberg,
Simon Stepaniak,Indiana,76.125,313,,,37.0,,,,,,2020,OG,simon stepaniak,
Tully Banta-Cain,California,74.125,264,,,25.0,,,,,,2003,DE,tully banta cain,
Tyler Brayton,Colorado,78.125,277,34.0,116.0,25.0,4.31,7.14,1.66,2.8,4.75,2003,DE,tyler brayton,
Nick Burley,Fresno State,75.625,243,32.0,108.0,26.0,4.57,7.73,1.66,2.79,4.83,2003,DE,nick burley,
Antonio Garay,Boston College,74.875,295,,,,,,,,,2003,DE,antonio garay,
Jamaal Green,Miami (FL),73.75,272,35.5,119.0,27.0,,,1.58,2.74,4.78,2003,DE,jamaal green,
Cornelius Green,Miami (FL),74.875,243,,,,,,,,,2003,DE,cornelius green,
Brandon Green,Rice,74.375,267,32.0,105.0,19.0,4.32,7.23,1.61,2.73,4.82,2003,DE,brandon green,
Omari Hand,Tennessee,75.75,267,,,34.0,,,,,,2003,DE,omari hand,
Michael Haynes,Penn State,75.625,281,30.5,109.0,23.0,,,1.61,2.82,4.86,2003,DE,michael haynes,
Raymond House,Arkansas,74.375,277,32.0,120.0,20.0,4.36,7.55,1.73,2.95,5.13,2003,DE,raymond house,
Aaron Hunt,Texas Tech,74.5,267,30.0,106.0,24.0,4.52,7.68,1.69,2.86,4.87,2003,DE,aaron hunt,
Alonzo Jackson,Florida State,76.0,266,37.0,114.0,14.0,4.5,7.69,1.69,2.82,4.86,2003,DE,alonzo jackson,
Chris Kelsay,Nebraska,76.375,273,36.5,121.0,23.0,,,1.63,2.76,4.78,2003,DE,chris kelsay,
Kenny King,Alabama,74.75,281,35.0,114.0,25.0,4.37,7.5,,,,2003,DE,kenny king,
Jerome McDougle,Miami (FL),74.0,264,34.0,117.0,,4.58,7.28,1.61,2.76,4.7,2003,DE,jerome mcdougle,
Bryant McNeal,Clemson,76.375,248,34.5,117.0,22.0,,,1.69,2.87,4.88,2003,DE,bryant mcneal,
Clint Mitchell,Florida,78.875,257,34.5,115.0,16.0,4.39,7.36,1.69,2.82,4.97,2003,DE,clint mitchell,
Kindal Moorehead,Alabama,74.5,285,32.0,104.0,22.0,4.57,7.71,,,,2003,DE,kindal moorehead,
Calvin Pace,Wake Forest,76.0,269,33.0,115.0,,,,1.74,2.86,4.8,2003,DE,calvin pace,
Kenny Peterson,Ohio State,75.125,298,,,,,,,,,2003,DE,kenny peterson,
Shurron Pierson,South Florida,73.875,243,39.0,128.0,,,,1.6,2.72,4.66,2003,DE,shurron pierson,
Cory Redding,Texas,76.0,279,,,24.0,,,,,,2003,DE,cory redding,
Terrell Suggs,Arizona State,75.375,262,,,,,,,,,2003,DE,terrell suggs,
Demetrin Veal,Tennessee,74.125,288,,111.0,26.0,,,1.78,3.04,5.24,2003,DE,demetrin veal,
Matt Walters,Miami (FL),76.5,272,,,30.0,,,,,,2003,DE,matt walters,
Cliff Washburn,Citadel,77.125,275,27.0,109.0,22.0,4.82,8.59,1.76,2.92,5.03,2003,DE,cliff washburn,
DeWayne White,Louisville,74.125,273,33.0,112.0,22.0,4.32,7.22,1.65,2.76,4.77,2003,DE,dewayne white,
Jimmy Wilkerson,Oklahoma,74.875,271,34.5,114.0,29.0,4.4,7.45,1.69,2.85,4.92,2003,DE,jimmy wilkerson,
Andrew Williams,Miami (FL),74.25,263,32.0,113.0,29.0,4.47,7.53,1.64,2.77,4.7,2003,DE,andrew williams,
Kevin Williams,Oklahoma State,76.875,304,30.0,112.0,23.0,5.04,7.66,1.68,2.79,4.81,2003,DE,kevin williams,
Nathaniel Adibi,Virginia Tech,75.25,254,33.0,118.0,,4.36,,1.64,2.72,4.61,2004,DE,nathaniel adibi,
Jared Allen,Idaho State,78.0,265,33.0,120.0,13.0,4.34,7.11,1.64,2.75,4.7,2004,DE,jared allen,
Jason Babin,Western Michigan,74.625,260,34.0,121.0,28.0,4.14,7.03,1.64,2.73,4.64,2004,DE,jason babin,
Dave Ball,UCLA,77.375,277,,,24.0,,,,,,2004,DE,dave ball,
Kevin Emanuel,Florida State,75.625,251,31.0,108.0,21.0,4.49,7.86,1.68,2.81,4.86,2004,DE,kevin emanuel,
Robert Geathers,Georgia,74.875,271,33.5,112.0,24.0,,,1.75,2.89,4.93,2004,DE,robert geathers,
Roderick Green,Central Missouri,74.25,245,34.5,129.0,21.0,4.04,7.26,1.7,2.77,4.75,2004,DE,roderick green,
Claude Harriott,Pittsburgh,75.625,252,30.5,118.0,25.0,4.25,7.44,1.65,2.74,4.71,2004,DE,claude harriott,
Marquise Hill,LSU,78.625,305,29.0,106.0,23.0,,,,,,2004,DE,marquise hill,
Isaac Hilton,Hampton,75.375,267,36.5,123.0,31.0,4.48,7.99,1.6,2.55,4.44,2004,DE,isaac hilton,
Trevor Johnson,Nebraska,76.625,260,35.5,110.0,23.0,4.08,7.06,1.69,2.76,4.8,2004,DE,trevor johnson,
Shawn Johnson,Delaware,76.5,269,,,,,,,,,2004,DE,shawn johnson,
Tommy Kelly,Mississippi State,77.875,294,25.0,105.0,24.0,4.45,7.79,1.76,2.87,4.91,2004,DE,tommy kelly,
Travis Laboy,Hawaii,75.25,263,35.5,126.0,35.0,4.07,7.01,1.65,2.72,4.68,2004,DE,travis laboy,
Bobby McCray,Florida,77.75,255,33.5,,27.0,,,1.74,2.78,4.68,2004,DE,bobby mccray,
Gabe Nyenhuis,Colorado,75.25,269,39.0,124.0,25.0,4.03,6.92,1.64,2.75,4.77,2004,DE,gabe nyenhuis,
Antwan Odom,Alabama,77.75,274,37.0,114.0,21.0,4.44,7.3,1.66,2.76,4.72,2004,DE,antwan odom,
Uyi Osunde,Connecticut,75.125,252,,,33.0,,,,,,2004,DE,uyi osunde,
Shaun Phillips,Purdue,75.125,255,33.0,114.0,,4.23,6.95,1.68,2.77,4.8,2004,DE,shaun phillips,
Constantin Ritzmann,Tennessee,75.125,259,29.0,108.0,24.0,4.48,7.39,1.7,2.96,4.97,2004,DE,constantin ritzmann,
Bo Schobel,Texas Christian,77.0,271,32.5,109.0,25.0,4.38,6.94,1.68,2.79,4.83,2004,DE,bo schobel,
Darrion Scott,Ohio State,75.125,289,36.5,118.0,,4.32,,1.71,2.81,4.86,2004,DE,darrion scott,
Andrew Shull,Kansas State,76.625,265,30.5,107.0,16.0,4.28,7.46,1.76,2.91,4.95,2004,DE,andrew shull,
Will Smith,Ohio State,74.75,275,,,,,,,,,2004,DE,will smith,
Antonio Smith,Oklahoma State,75.375,274,33.0,108.0,24.0,4.75,,1.72,2.85,4.99,2004,DE,antonio smith,
Larry Stevens,Michigan,74.125,241,,,,,,,,,2004,DE,larry stevens,
Greg Taplin,Michigan State,76.75,267,33.0,115.0,,,,1.75,2.93,5.04,2004,DE,greg taplin,
Reggie Torbor,Auburn,74.125,254,34.0,120.0,16.0,4.46,7.48,1.64,2.7,4.66,2004,DE,reggie torbor,
Kenechi Udeze,Southern California,74.875,281,,,,,,,,,2004,DE,kenechi udeze,
Khaleed Vaughn,Clemson,76.5,281,31.5,113.0,14.0,4.35,7.38,1.77,2.91,4.98,2004,DE,khaleed vaughn,
Adrian Awasom,North Texas,76.125,279,32.5,107.0,23.0,4.4,7.57,1.76,2.91,5.01,2005,DE,adrian awasom,
Vincent Burns,Kentucky,72.375,267,35.0,122.0,25.0,4.41,7.24,1.73,2.86,4.91,2005,DE,vincent burns,
Chris Canty,Virginia,79.25,279,,,,,,,,,2005,DE,chris canty,
Dan Cody,Oklahoma,77.5,254,,,,,,,,,2005,DE,dan cody,
Chauncey Davis,Florida State,73.875,273,37.0,118.0,22.0,4.44,7.66,1.69,2.8,4.85,2005,DE,chauncey davis,
Jim Davis,Virginia Tech,75.5,277,34.0,111.0,,4.23,7.11,,,,2005,DE,jim davis,
Adell Duckett,Texas Tech,75.375,270,34.5,105.0,14.0,4.35,7.75,1.74,2.89,5.0,2005,DE,adell duckett,
Clifford Dukes,Michigan State,75.5,268,31.5,,28.0,,,1.74,2.91,4.97,2005,DE,clifford dukes,
Simon Fraser,Ohio State,77.625,288,28.0,106.0,23.0,4.43,7.54,1.83,2.99,5.05,2005,DE,simon fraser,
Andre Frazier,Cincinnati,76.625,234,38.0,124.0,19.0,4.12,7.09,1.64,2.74,4.73,2005,DE,andre frazier,
George Gause,South Carolina,76.875,275,,,,,,,,,2005,DE,george gause,
Jovan Haye,Vanderbilt,74.0,284,34.0,110.0,33.0,4.38,7.4,1.69,2.8,4.74,2005,DE,jovan haye,
Kevin Huntley,Kansas State,78.75,267,,,,,,,,,2005,DE,kevin huntley,
Erasmus James,Wisconsin,76.125,266,37.5,122.0,,4.44,7.56,1.63,2.77,4.81,2005,DE,erasmus james,
Tyler King,Connecticut,77.5,271,36.0,118.0,20.0,4.34,7.57,1.75,2.86,4.9,2005,DE,tyler king,
Khari Long,Baylor,75.625,257,38.5,121.0,27.0,4.07,7.22,1.64,2.72,4.69,2005,DE,khari long,
David McMillan,Kansas,75.0,262,34.0,120.0,16.0,4.07,7.11,1.61,2.69,4.58,2005,DE,david mcmillan,
Shawne Merriman,Maryland,76.375,272,,,25.0,,,,,,2005,DE,shawne merriman,
Mike Montgomery,Texas AM,76.875,276,34.5,115.0,19.0,4.32,7.38,1.79,2.97,5.07,2005,DE,mike montgomery,
Eric Moore,Florida State,76.25,262,29.5,108.0,22.0,4.5,7.62,1.66,2.75,4.76,2005,DE,eric moore,
David Pollack,Georgia,74.125,265,37.0,120.0,25.0,3.9,6.86,1.68,2.79,4.81,2005,DE,david pollack,
Brady Poppinga,Brigham Young,75.125,259,35.5,110.0,26.0,4.38,7.27,1.65,2.7,4.72,2005,DE,brady poppinga,
Ryan Riddle,California,73.75,256,,,18.0,,,,,,2005,DE,ryan riddle,
Matt Roth,Iowa,75.75,278,32.0,112.0,26.0,4.36,7.65,1.68,2.79,4.81,2005,DE,matt roth,
Marcus Spears,LSU,76.0,307,,,15.0,,,,,,2005,DE,marcus spears,
Bill Swancutt,Oregon State,76.0,270,34.0,113.0,23.0,4.24,7.35,1.73,2.91,5.04,2005,DE,bill swancutt,
Benard Thomas,Nebraska,75.875,269,30.0,108.0,27.0,4.34,8.24,1.71,2.83,4.86,2005,DE,benard thomas,
Justin Tuck,Notre Dame,77.0,265,,,,,,,,,2005,DE,justin tuck,
Jimmy Verdon,Arizona State,75.125,280,29.5,105.0,18.0,4.53,7.89,1.76,2.94,5.05,2005,DE,jimmy verdon,
Darrell Adams,Villanova,76.625,277,27.0,109.0,22.0,4.76,7.91,1.76,2.99,5.1,2006,DE,darrell adams,
Victor Adeyanju,Indiana,76.25,274,32.0,112.0,22.0,4.41,7.37,1.71,2.88,4.9,2006,DE,victor adeyanju,
Mark Anderson,Alabama,76.25,254,42.0,127.0,20.0,4.22,6.95,1.55,2.68,4.61,2006,DE,mark anderson,
Charles Bennett,Clemson,75.625,258,33.5,115.0,19.0,4.52,7.48,1.62,2.76,4.73,2006,DE,charles bennett,
Copeland Bryan,Arizona,75.625,253,33.0,117.0,16.0,4.3,7.11,1.63,2.85,4.95,2006,DE,copeland bryan,
Elvis Dumervil,Louisville,71.375,257,,,30.0,,,1.65,2.81,4.78,2006,DE,elvis dumervil,
Ray Edwards,Purdue,76.75,273,39.0,114.0,30.0,4.57,7.71,1.61,2.77,4.82,2006,DE,ray edwards,
Chris Gocong,Cal Poly,74.125,263,38.5,123.0,28.0,4.08,7.05,1.59,2.76,4.78,2006,DE,chris gocong,
Tamba Hali,Penn State,75.0,275,,,,,,,,,2006,DE,tamba hali,
Parys Haralson,Tennessee,73.25,253,32.0,115.0,24.0,4.26,7.37,1.64,2.84,4.84,2006,DE,parys haralson,
Jason Hatcher,Grambling State,77.875,284,35.5,113.0,28.0,4.49,7.67,1.69,2.88,4.92,2006,DE,jason hatcher,
Eric Henderson,Georgia Tech,73.875,270,,,30.0,,,,,,2006,DE,eric henderson,
Julian Jenkins,Stanford,75.625,277,34.5,110.0,25.0,4.23,7.11,1.65,2.88,5.04,2006,DE,julian jenkins,
Mathias Kiwanuka,Boston College,77.75,266,32.0,120.0,17.0,4.13,7.27,1.63,2.79,4.73,2006,DE,mathias kiwanuka,
Mike Kudla,Ohio State,73.625,265,37.0,114.0,45.0,4.45,7.21,1.63,2.77,4.75,2006,DE,mike kudla,
Ryan LaCasse,Syracuse,74.375,257,34.0,113.0,34.0,4.3,7.25,1.56,2.64,4.54,2006,DE,ryan lacasse,
Stanley McClover,Auburn,74.375,262,39.0,114.0,19.0,4.5,7.87,1.63,2.73,4.71,2006,DE,stanley mcclover,
Jeremy Mincey,Florida,75.5,259,33.5,116.0,27.0,4.25,6.99,1.64,2.79,4.76,2006,DE,jeremy mincey,
Javon Nanton,Miami (FL),75.375,250,28.5,108.0,22.0,,,1.68,2.82,4.88,2006,DE,javon nanton,
Rob Ninkovich,Purdue,75.125,260,34.5,116.0,23.0,4.18,6.96,1.69,2.86,4.93,2006,DE,rob ninkovich,
Melvin Oliver,LSU,74.75,276,,,,,,,,,2006,DE,melvin oliver,
Matthew Rice,Penn State,76.0,271,,,,4.34,7.6,,,,2006,DE,matthew rice,
Frostee Rucker,Southern California,75.25,267,29.5,110.0,,,,1.69,2.85,4.89,2006,DE,frostee rucker,
Darryl Tapp,Virginia Tech,73.625,252,33.0,109.0,27.0,4.48,7.31,1.66,2.82,4.84,2006,DE,darryl tapp,
Mario Williams,North Carolina State,79.0,295,40.5,120.0,35.0,4.36,7.19,1.59,2.75,4.73,2006,DE,mario williams,
Kamerion Wimbley,Florida State,75.875,248,38.5,129.0,24.0,4.48,6.97,1.58,2.71,4.65,2006,DE,kamerion wimbley,
James Wyche,Syracuse,77.375,262,33.0,116.0,27.0,4.51,7.75,1.62,2.75,4.65,2006,DE,james wyche,
Victor Abiamiri,Notre Dame,76.25,267,,,25.0,,,1.67,2.77,4.85,2007,DE,victor abiamiri,
Gaines Adams,Clemson,76.75,258,35.0,119.0,,4.36,7.17,1.64,2.73,4.66,2007,DE,gaines adams,
C.J. Ah You,Oklahoma,75.75,274,36.5,108.0,26.0,4.4,7.06,1.63,2.75,4.72,2007,DE,c j ah you,
Ikaika Alama-Francis,Hawaii,77.0,280,,,,,,,,,2007,DE,ikaika alama francis,
Jamaal Anderson,Arkansas,77.375,288,,,,,,,,,2007,DE,jamaal anderson,
Antwan Applewhite,San Diego State,74.875,250,35.0,115.0,25.0,4.36,7.5,1.71,2.83,4.83,2007,DE,antwan applewhite,
Baraka Atkins,Miami (FL),76.5,271,33.0,111.0,22.0,,,1.69,2.79,4.76,2007,DE,baraka atkins,
Dan Bazuin,Central Michigan,74.875,266,30.0,109.0,25.0,4.75,7.09,1.68,2.79,4.81,2007,DE,dan bazuin,
Larry Birdine,Oklahoma,75.625,261,32.0,107.0,21.0,4.76,7.47,1.77,2.92,5.03,2007,DE,larry birdine,
Mkristo Bruce,Washington State,77.75,268,29.0,106.0,21.0,4.8,7.38,1.85,3.04,5.23,2007,DE,mkristo bruce,
Noland Burchette,Virginia Tech,73.875,259,,,15.0,,,1.76,2.9,,2007,DE,noland burchette,
Adam Carriker,Nebraska,78.0,296,33.5,110.0,33.0,4.18,7.06,1.7,2.83,4.9,2007,DE,adam carriker,
Tim Crowder,Texas,75.625,272,30.5,111.0,32.0,4.32,7.28,1.69,2.78,4.7,2007,DE,tim crowder,
Victor DeGrate,Oklahoma State,74.625,249,,,19.0,,,1.68,2.79,4.81,2007,DE,victor degrate,
Jacob Ford,Central Arkansas,75.625,249,,,19.0,,,1.61,2.7,4.68,2007,DE,jacob ford,
Xzavie Jackson,Missouri,74.75,278,33.0,110.0,18.0,,,1.76,2.88,4.96,2007,DE,xzavie jackson,
Charles Johnson,Georgia,74.25,270,34.0,118.0,33.0,,7.5,1.72,2.83,4.86,2007,DE,charles johnson,
Ray McDonald,Florida,75.375,276,,,,,,,,,2007,DE,ray mcdonald,
Jay Moore,Nebraska,76.75,274,34.0,118.0,26.0,4.35,7.19,1.7,2.84,4.97,2007,DE,jay moore,
Quentin Moses,Georgia,77.25,261,32.0,115.0,17.0,4.53,7.38,1.68,2.79,4.85,2007,DE,quentin moses,
Jarvis Moss,Florida,78.5,250,30.5,120.0,16.0,,,1.71,2.79,4.78,2007,DE,jarvis moss,
Chase Pittman,LSU,76.625,270,,,,,,,,,2007,DE,chase pittman,
Jay Richardson,Ohio State,77.625,279,33.0,112.0,20.0,4.54,7.5,1.73,2.9,5.04,2007,DE,jay richardson,
Brian Robison,Texas,75.125,259,40.5,121.0,27.0,4.26,6.89,1.66,2.74,4.74,2007,DE,brian robison,
Anthony Spencer,Purdue,74.875,261,32.5,112.0,30.0,4.43,7.14,1.68,2.78,4.73,2007,DE,anthony spencer,
LaMarr Woodley,Michigan,73.5,266,,,,,,,,,2007,DE,lamarr woodley,
Abraham Wright,Colorado,74.0,242,31.0,111.0,24.0,4.46,7.2,1.75,2.87,4.89,2007,DE,abraham wright,
Tommy Blake,Texas Christian,74.75,281,,,,,,,,,2008,DE,tommy blake,
Calais Campbell,Miami (FL),79.75,290,29.5,111.0,16.0,4.69,7.45,1.7,2.89,5.04,2008,DE,calais campbell,
Joe Clermond,Pittsburgh,73.875,249,25.5,107.0,20.0,4.73,7.61,1.72,2.96,5.17,2008,DE,joe clermond,
Johnny Dingle,West Virginia,73.375,265,,108.0,23.0,,,1.66,2.85,4.95,2008,DE,johnny dingle,
Marcus Dixon,Hampton,76.0,292,26.0,111.0,21.0,4.67,7.58,1.78,3.04,5.32,2008,DE,marcus dixon,
Chris Ellis,Virginia Tech,76.25,263,27.0,109.0,,4.65,7.64,1.56,2.7,4.71,2008,DE,chris ellis,
Jeremy Geathers,UNLV,74.125,256,28.0,105.0,29.0,4.49,7.28,1.66,2.83,4.97,2008,DE,jeremy geathers,
Vernon Gholston,Ohio State,75.0,266,35.5,125.0,37.0,4.4,7.12,1.58,2.68,4.67,2008,DE,vernon gholston,
Wallace Gilberry,Alabama,74.25,268,,,19.0,,,1.67,2.85,5.0,2008,DE,wallace gilberry,
Chris Harrington,Texas AM,76.375,264,,117.0,21.0,,,1.66,2.78,4.85,2008,DE,chris harrington,
Derrick Harvey,Florida,76.625,271,28.5,113.0,31.0,4.36,7.27,1.64,2.78,4.85,2008,DE,derrick harvey,
Louis Holmes,Arizona,75.625,263,32.5,121.0,,,7.33,1.65,2.81,4.86,2008,DE,louis holmes,
Kenny Iwebema,Iowa,76.0,274,29.0,109.0,26.0,4.75,7.62,1.59,2.74,4.91,2008,DE,kenny iwebema,
Lawrence Jackson,Southern California,76.25,271,31.0,108.0,31.0,4.4,7.08,1.65,2.83,4.82,2008,DE,lawrence jackson,
Jason Jones,Eastern Michigan,77.25,273,25.5,123.0,18.0,4.32,7.29,1.59,2.73,4.78,2008,DE,jason jones,
Kendall Langford,Hampton,77.5,287,27.0,114.0,24.0,4.69,7.72,1.65,2.84,4.95,2008,DE,kendall langford,
Chris Long,Virginia,75.0,272,34.0,124.0,,4.21,7.02,1.6,2.7,4.75,2008,DE,chris long,
Bryan Mattison,Iowa,74.875,290,24.5,112.0,26.0,4.7,7.61,1.71,2.92,5.1,2008,DE,bryan mattison,
Phillip Merling,Clemson,76.25,276,,,17.0,,,,,,2008,DE,phillip merling,
Adamm Oliver,Georgia Tech,75.75,268,,,29.0,,,,,,2008,DE,adamm oliver,
Chase Ortiz,Texas Christian,74.0,249,29.5,108.0,24.0,4.23,7.03,1.67,2.82,4.92,2008,DE,chase ortiz,
Darrell Robertson,Georgia Tech,75.875,255,,,,,,,,,2008,DE,darrell robertson,
Dorian Smith,Oregon State,73.5,264,27.5,105.0,24.0,4.73,7.52,1.75,2.92,5.06,2008,DE,dorian smith,
Jeremy Thompson,Wake Forest,76.375,264,32.0,117.0,25.0,4.23,6.97,1.58,2.72,4.75,2008,DE,jeremy thompson,
Robert Ayers,Tennessee,75.125,272,29.5,102.0,18.0,4.51,7.56,1.79,2.85,4.9,2009,DE,robert ayers,
Michael Bennett,Texas AM,75.5,274,31.0,110.0,24.0,,,1.78,2.92,5.13,2009,DE,michael bennett,
Everette Brown,Florida State,73.5,256,31.5,114.0,26.0,4.53,7.55,1.66,2.75,4.73,2009,DE,everette brown,
Ian Campbell,Kansas State,75.625,265,,109.0,,4.28,6.93,,,,2009,DE,ian campbell,
Rulon Davis,California,76.75,281,30.0,111.0,20.0,,,1.8,2.95,5.06,2009,DE,rulon davis,
Will Davis,Illinois,74.125,261,33.0,115.0,27.0,4.45,7.38,1.77,2.87,4.94,2009,DE,will davis,
Pannel Egboh,Stanford,77.75,276,31.5,116.0,26.0,4.4,7.24,1.73,2.87,4.98,2009,DE,pannel egboh,
Maurice Evans,Penn State,73.5,274,29.0,107.0,17.0,4.57,7.32,1.82,2.95,5.09,2009,DE,maurice evans,
Jarron Gilbert,San Jose State,77.25,288,35.5,119.0,28.0,4.56,7.7,1.71,2.77,4.87,2009,DE,jarron gilbert,
Tyson Jackson,LSU,76.125,296,28.5,102.0,,4.8,7.64,1.78,2.88,5.0,2009,DE,tyson jackson,
Tim Jamison,Michigan,74.5,256,30.0,107.0,21.0,4.6,7.56,1.83,3.0,5.16,2009,DE,tim jamison,
Michael Johnson,Georgia Tech,78.875,266,38.5,128.0,28.0,4.37,7.42,1.67,2.76,4.75,2009,DE,michael johnson,
Paul Kruger,Utah,76.25,263,32.5,108.0,24.0,4.47,7.52,1.69,2.83,5.0,2009,DE,paul kruger,
Orion Martin,Virginia Tech,74.25,262,32.0,108.0,24.0,4.63,7.9,1.7,2.84,4.89,2009,DE,orion martin,
Aaron Maybin,Penn State,75.75,249,38.0,124.0,22.0,4.38,7.52,1.7,2.82,4.89,2009,DE,aaron maybin,
Kyle Moore,Southern California,77.0,272,30.5,105.0,22.0,4.47,7.4,1.72,2.8,4.9,2009,DE,kyle moore,
Brian Orakpo,Texas,75.0,263,39.5,,31.0,,,1.63,2.72,4.7,2009,DE,brian orakpo,
Zach Potter,Nebraska,78.75,279,31.0,106.0,20.0,4.48,7.75,1.72,2.89,4.98,2009,DE,zach potter,
Matt Shaughnessy,Wisconsin,77.0,266,30.5,112.0,24.0,4.88,7.68,1.77,2.93,4.95,2009,DE,matt shaughnessy,
Lawrence Sidbury,Illinois,74.375,266,35.0,120.0,28.0,4.43,7.46,1.61,2.7,4.64,2009,DE,lawrence sidbury,
Stryker Sulak,Missouri,76.5,251,31.0,113.0,22.0,4.58,7.31,1.68,2.76,4.77,2009,DE,stryker sulak,
David Veikune,Hawaii,74.375,257,33.0,110.0,35.0,4.46,7.2,1.69,2.81,4.87,2009,DE,david veikune,
Derek Walker,Illinois,75.75,268,37.5,115.0,24.0,4.41,7.31,1.76,2.91,5.12,2009,DE,derek walker,
Brandon Williams,Texas Tech,74.5,261,33.0,112.0,,4.49,7.23,1.77,2.91,5.0,2009,DE,brandon williams,
Jarius Wynn,Georgia,74.625,275,31.5,107.0,19.0,4.58,7.4,1.81,2.96,5.08,2009,DE,jarius wynn,
Rahim Alem,LSU,74.625,251,30.5,106.0,,4.8,7.54,1.65,2.76,4.75,2010,DE,rahim alem,
Tyson Alualu,California,74.375,295,35.5,116.0,21.0,4.43,7.15,1.73,2.82,5.02,2010,DE,tyson alualu,
Kevin Basped,Nevada,76.5,258,29.0,104.0,26.0,4.88,7.54,1.72,2.81,4.8,2010,DE,kevin basped,
Alex Carrington,Arkansas State,77.25,285,,,26.0,,,1.76,2.9,4.92,2010,DE,alex carrington,
Jermaine Cunningham,Florida,75.375,266,,,,,,,,,2010,DE,jermaine cunningham,
Hall Davis,Louisiana,75.75,271,,,28.0,,,1.73,2.85,4.9,2010,DE,hall davis,
Carlos Dunlap,Florida,77.75,277,31.5,111.0,21.0,4.61,7.21,1.65,2.76,4.71,2010,DE,carlos dunlap,
Clifton Geathers,South Carolina,79.5,299,36.0,112.0,26.0,,7.69,1.75,2.9,4.98,2010,DE,clifton geathers,
Everson Griffen,Southern California,75.375,273,,,32.0,,,1.65,2.7,4.66,2010,DE,everson griffen,
Greg Hardy,Mississippi,76.0,281,35.0,117.0,21.0,4.65,7.25,1.8,2.93,4.96,2010,DE,greg hardy,
Jammie Kirlew,Indiana,73.25,260,33.0,111.0,26.0,4.74,7.5,1.73,2.93,5.05,2010,DE,jammie kirlew,
Austen Lane,Murray State (OK),77.75,276,34.5,125.0,,4.6,7.38,1.74,2.86,4.91,2010,DE,austen lane,
Brandon Lang,Troy,75.75,266,28.5,104.0,20.0,4.68,,1.65,2.88,5.03,2010,DE,brandon lang,
Erik Lorig,Stanford,75.5,281,,,,,,,,,2010,DE,erik lorig,
Greg Middleton,Indiana,75.0,268,38.0,116.0,,4.69,7.65,1.75,2.9,5.0,2010,DE,greg middleton,
Derrick Morgan,Georgia Tech,75.0,266,34.0,112.0,,4.43,7.12,1.64,2.75,4.79,2010,DE,derrick morgan,
Jason Pierre-Paul,South Florida,76.75,270,30.5,115.0,19.0,4.67,7.18,1.68,2.76,4.78,2010,DE,jason pierre paul,
George Selvie,South Florida,76.375,252,30.5,109.0,24.0,4.63,7.48,1.7,2.89,5.01,2010,DE,george selvie,
Daniel Teo-Nesheim,Washington,75.5,263,37.0,121.0,29.0,4.18,6.91,1.66,2.75,4.81,2010,DE,daniel teo nesheim,
C.J. Wilson,East Carolina,74.875,290,33.0,116.0,32.0,4.77,,1.73,2.84,4.93,2010,DE,c j wilson,
E.J. Wilson,North Carolina,74.5,286,29.5,,23.0,,,,,,2010,DE,e j wilson,
Lindsey Witten,Connecticut,76.5,250,36.5,115.0,23.0,4.62,7.32,1.64,2.74,4.76,2010,DE,lindsey witten,
Corey Wootton,Northwestern,78.0,270,,,20.0,,,,,,2010,DE,corey wootton,
Willie Young,North Carolina State,76.75,251,38.0,118.0,25.0,4.56,7.24,1.71,2.83,4.92,2010,DE,willie young,
Pierre Allen,Nebraska,75.5,273,,,,,,,,,2011,DE,pierre allen,
Allen Bailey,Miami (FL),75.0,285,36.5,117.0,27.0,4.56,7.43,1.7,2.82,4.83,2011,DE,allen bailey,710.0
Brandon Bair,Oregon,77.875,276,28.0,114.0,26.0,4.37,7.07,1.77,2.9,5.01,2011,DE,brandon bair,
Christian Ballard,Iowa,75.75,283,31.5,111.0,,4.51,7.54,1.67,2.79,4.76,2011,DE,christian ballard,
Jeremy Beal,Oklahoma,74.25,262,28.5,106.0,22.0,4.46,7.19,1.85,3.03,5.21,2011,DE,jeremy beal,
DaQuan Bowers,Clemson,75.375,280,,,22.0,,,,,,2011,DE,daquan bowers,
Ugo Chinasa,Oklahoma State,76.875,264,28.0,117.0,22.0,4.39,7.07,1.62,2.71,4.73,2011,DE,ugo chinasa,
Adrian Clayborn,Iowa,74.625,281,33.0,113.0,,4.13,7.3,1.67,2.78,4.85,2011,DE,adrian clayborn,711.0
Demarcus Dobbs,Georgia,74.25,281,31.0,107.0,,4.37,7.22,1.76,2.88,5.0,2011,DE,demarcus dobbs,
Ricky Elmore,Arizona,76.5,255,31.5,106.0,26.0,4.32,7.25,1.7,2.85,4.95,2011,DE,ricky elmore,
Cameron Heyward,Ohio State,76.625,294,30.0,,,,,,,,2011,DE,cameron heyward,712.0
Cameron Jordan,California,76.125,287,31.0,117.0,25.0,4.37,7.07,1.71,2.77,4.76,2011,DE,cameron jordan,713.0
Ryan Kerrigan,Purdue,75.875,267,33.5,122.0,31.0,4.39,7.18,1.72,2.79,4.79,2011,DE,ryan kerrigan,714.0
Karl Klug,Iowa,75.0,275,,,22.0,,,,,,2011,DE,karl klug,
Pep Levingston,LSU,75.5,292,29.5,104.0,,4.62,7.29,1.81,2.97,5.03,2011,DE,pep levingston,
Cliff Matthews,South Carolina,75.5,257,32.0,112.0,17.0,4.37,7.21,1.72,2.86,4.88,2011,DE,cliff matthews,715.0
Pernell McPhee,Mississippi State,74.625,278,28.5,107.0,20.0,4.59,7.13,1.81,2.97,5.04,2011,DE,pernell mcphee,716.0
Cheta Ozougwu,Rice,73.625,247,34.5,119.0,26.0,4.31,7.06,1.69,2.8,4.9,2011,DE,cheta ozougwu,717.0
Robert Quinn,North Carolina,76.0,265,34.0,116.0,22.0,4.4,7.13,1.69,2.79,4.74,2011,DE,robert quinn,718.0
DAundre Reed,Arizona,75.875,261,35.5,119.0,30.0,4.32,7.24,1.72,2.86,4.93,2011,DE,daundre reed,
Greg Romeus,Pittsburgh,76.875,264,,,,,,,,,2011,DE,greg romeus,
Jabaal Sheard,Pittsburgh,74.875,264,31.0,115.0,,,,1.68,2.77,4.73,2011,DE,jabaal sheard,719.0
Aldon Smith,Missouri,76.25,263,34.0,118.0,20.0,4.5,7.19,1.68,2.79,4.82,2011,DE,aldon smith,720.0
J.J. Watt,Wisconsin,77.375,290,37.0,120.0,34.0,4.21,6.88,1.71,2.85,4.91,2011,DE,j j watt,721.0
Markus White,Florida State,75.5,266,32.5,117.0,14.0,4.51,7.25,1.76,2.89,4.9,2011,DE,markus white,722.0
Ryan Winterswyk,Boise State,76.125,268,30.0,111.0,18.0,4.37,7.01,1.72,2.91,5.0,2011,DE,ryan winterswyk,
Frank Alexander,Oklahoma,75.75,270,,,,,,,,,2012,DE,frank alexander,723.0
Jake Bequette,Arkansas,76.625,274,34.0,113.0,,4.07,6.9,1.71,2.83,4.82,2012,DE,jake bequette,724.0
Jamie Blatnick,Oklahoma State,75.125,263,32.5,112.0,28.0,4.2,7.22,1.71,2.89,4.9,2012,DE,jamie blatnick,
Andre Branch,Clemson,76.25,259,32.5,120.0,19.0,4.25,7.19,1.59,2.76,4.72,2012,DE,andre branch,
Quinton Coples,North Carolina,77.75,284,31.5,109.0,25.0,4.78,7.57,1.68,2.81,4.78,2012,DE,quinton coples,725.0
Tyrone Crawford,Boise State,76.25,275,33.0,113.0,28.0,4.44,7.09,1.74,,4.89,2012,DE,tyrone crawford,726.0
Jack Crawford,Penn State,76.875,274,33.0,116.0,,4.25,7.15,1.65,2.85,4.85,2012,DE,jack crawford,727.0
Jared Crick,Nebraska,76.25,279,31.0,104.0,,4.4,7.47,1.79,,4.99,2012,DE,jared crick,728.0
Vinny Curry,Marshall,75.125,266,32.0,110.0,,4.4,6.9,1.76,,4.98,2012,DE,vinny curry,729.0
Justin Francis,Rutgers,74.0,268,32.0,109.0,23.0,4.35,7.05,,,,2012,DE,justin francis,
Trevor Guyton,California,74.625,285,31.0,105.0,,4.53,7.45,1.73,,5.07,2012,DE,trevor guyton,730.0
Malik Jackson,Tennessee,76.75,284,28.0,105.0,25.0,4.41,7.38,1.73,,4.91,2012,DE,malik jackson,
Jamaar Jarrett,Arizona State,76.75,265,30.0,114.0,21.0,4.34,,1.72,,5.02,2012,DE,jamaar jarrett,
Cam Johnson,Virginia,75.5,268,35.0,105.0,,4.38,7.2,1.61,,4.81,2012,DE,cam johnson,731.0
Chandler Jones,Syracuse,77.375,266,35.0,120.0,22.0,4.38,7.07,1.69,2.86,4.87,2012,DE,chandler jones,732.0
Whitney Mercilus,Illinois,75.625,261,32.0,118.0,27.0,4.53,7.17,1.58,2.69,4.68,2012,DE,whitney mercilus,733.0
Donte Paige-Moss,North Carolina,75.375,268,,,26.0,,,,,,2012,DE,donte paige moss,
Nick Perry,Southern California,74.75,271,38.5,124.0,35.0,4.66,7.25,1.58,2.65,4.64,2012,DE,nick perry,734.0
Derrick Shelby,Utah,74.875,266,35.5,116.0,26.0,4.5,7.09,1.78,2.9,4.96,2012,DE,derrick shelby,
Jacquies Smith,Missouri,74.625,253,31.5,110.0,21.0,4.31,7.25,1.69,2.8,4.81,2012,DE,jacquies smith,
Scott Solomon,Rice,75.0,262,35.0,124.0,34.0,4.25,7.17,1.68,2.83,5.0,2012,DE,scott solomon,735.0
Courtney Upshaw,Alabama,73.625,272,,,22.0,,,,,,2012,DE,courtney upshaw,
Olivier Vernon,Miami (FL),74.125,261,34.5,122.0,31.0,4.5,7.39,1.64,2.78,4.8,2012,DE,olivier vernon,
Billy Winn,Boise State,75.75,294,27.0,107.0,24.0,4.44,7.37,1.72,2.85,5.0,2012,DE,billy winn,
Ziggy Ansah,Colorado,77.25,271,34.5,118.0,21.0,4.26,7.11,1.63,2.69,4.63,2013,DE,ziggy ansah,
David Bass,Missouri Western,75.875,262,30.5,111.0,20.0,4.33,7.07,1.71,2.84,4.84,2013,DE,david bass,736.0
Armonty Bryant,East Central (OK),75.875,263,31.5,118.0,,5.0,7.32,1.71,2.81,4.86,2013,DE,armonty bryant,737.0
Michael Buchanan,Illinois,77.375,255,33.0,113.0,22.0,4.44,6.91,1.65,2.76,4.78,2013,DE,michael buchanan,738.0
Tank Carradine,Virginia Tech,76.125,276,,,28.0,,,,,,2013,DE,tank carradine,739.0
Lavar Edwards,LSU,76.0,277,33.0,119.0,,4.51,7.03,1.67,2.81,4.8,2013,DE,lavar edwards,740.0
William Gholston,Michigan State,78.25,281,28.5,110.0,23.0,4.59,7.2,1.75,2.89,4.96,2013,DE,william gholston,741.0
Malliciah Goodman,Clemson,75.625,276,31.5,114.0,26.0,,,1.74,2.84,4.87,2013,DE,malliciah goodman,742.0
Margus Hunt,Southern Methodist,80.125,277,34.5,121.0,38.0,4.51,7.07,1.63,2.71,4.6,2013,DE,margus hunt,743.0
Brandon Jenkins,Florida State,74.5,251,,,18.0,,,,,,2013,DE,brandon jenkins,744.0
Datone Jones,UCLA,75.875,283,31.5,112.0,29.0,4.32,7.32,1.66,2.76,4.8,2013,DE,datone jones,745.0
Joe Kruger,Utah,78.25,269,34.0,117.0,24.0,4.46,7.17,1.7,2.83,4.83,2013,DE,joe kruger,746.0
Corey Lemonier,Auburn,75.375,255,33.0,119.0,27.0,4.4,7.14,1.59,2.67,4.6,2013,DE,corey lemonier,747.0
Stansly Maponga,Texas Christian,73.875,256,,,30.0,,,,,,2013,DE,stansly maponga,748.0
Sam Montgomery,LSU,75.25,262,34.5,114.0,,4.51,7.18,1.69,2.8,4.81,2013,DE,sam montgomery,749.0
Damontre Moore,Texas AM,76.5,250,35.5,122.0,12.0,,,1.72,2.87,4.95,2013,DE,damontre moore,750.0
Alex Okafor,Texas,76.5,264,,,21.0,,,,,,2013,DE,alex okafor,751.0
Quanterus Smith,Western Kentucky,76.75,250,,,,,,,,,2013,DE,quanterus smith,752.0
Damion Square,Alabama,74.25,293,,,,,,,,,2013,DE,damion square,
Walter Stewart,Cincinnati,75.625,246,,,,,,,,,2013,DE,walter stewart,
Devin Taylor,South Carolina,79.0,266,35.0,128.0,14.0,4.3,6.89,1.64,2.72,4.72,2013,DE,devin taylor,753.0
Cornelius Washington,Georgia,76.0,265,39.0,128.0,36.0,,,1.6,2.66,4.55,2013,DE,cornelius washington,
Bjoern Werner,Florida State,75.25,266,31.0,111.0,25.0,4.4,7.3,1.69,2.81,4.83,2013,DE,bjoern werner,754.0
Tourek Williams,Florida International,74.875,260,33.0,112.0,25.0,,,1.8,2.88,4.92,2013,DE,tourek williams,755.0
Will Clarke,West Virginia,78.125,271,32.0,112.0,22.0,4.57,7.26,1.69,2.81,4.77,2014,DE,will clarke,756.0
Jadeveon Clowney,South Carolina,77.25,266,37.5,124.0,21.0,4.43,7.27,1.59,2.68,4.53,2014,DE,jadeveon clowney,757.0
Scott Crichton,Oregon State,74.875,273,31.5,108.0,24.0,4.29,7.19,1.68,2.79,4.84,2014,DE,scott crichton,758.0
Kony Ealy,Missouri,76.0,273,31.0,114.0,22.0,4.45,6.83,1.71,2.86,4.92,2014,DE,kony ealy,759.0
I.K. Enemkpali,Louisiana Tech,72.75,261,34.0,112.0,28.0,4.65,7.67,1.74,2.9,5.01,2014,DE,i k enemkpali,
Dee Ford,Auburn,74.125,252,,,,,,,,,2014,DE,dee ford,
James Gayle,Virginia Tech,75.75,259,37.0,122.0,26.0,4.27,7.19,1.68,2.76,4.7,2014,DE,james gayle,
Taylor Hart,Oregon,78.125,281,,,21.0,,,,,,2014,DE,taylor hart,760.0
Jackson Jeffcoat,Texas,75.0,247,36.0,123.0,18.0,4.18,6.97,1.63,2.72,4.63,2014,DE,jackson jeffcoat,
Demarcus Lawrence,Boise State,74.875,251,34.5,113.0,20.0,4.31,7.46,1.68,2.8,4.8,2014,DE,demarcus lawrence,761.0
Aaron Lynch,South Florida,77.0,249,,,18.0,,,,,,2014,DE,aaron lynch,762.0
Cassius Marsh,UCLA,76.0,252,32.0,108.0,14.0,4.25,7.08,1.7,2.87,4.89,2014,DE,cassius marsh,763.0
Kareem Martin,North Carolina,77.875,272,35.5,129.0,22.0,4.33,7.2,1.64,2.71,4.72,2014,DE,kareem martin,764.0
Josh Mauro,Stanford,77.875,271,32.0,116.0,21.0,4.51,7.43,1.8,3.03,5.21,2014,DE,josh mauro,
Tevin Mims,South Florida,76.0,260,27.5,109.0,17.0,,,1.74,2.91,4.95,2014,DE,tevin mims,
Zach Moore,Concordia-St. Paul,77.5,269,33.5,123.0,23.0,4.46,7.41,1.67,2.8,4.84,2014,DE,zach moore,765.0
Trent Murphy,Stanford,77.375,250,35.5,118.0,19.0,4.2,6.78,1.68,2.8,4.86,2014,DE,trent murphy,
Jeoffrey Pagan,Alabama,75.5,310,,,,,,,,,2014,DE,jeoffrey pagan,766.0
Michael Sam,Missouri,74.0,261,25.5,114.0,17.0,4.7,7.8,1.74,2.85,4.91,2014,DE,michael sam,767.0
"Marcus Smith, II",Louisville,75.375,251,35.0,121.0,23.0,4.47,7.48,1.64,2.72,4.68,2014,DE,marcus smith,
Ed Stinson,Alabama,75.25,287,,,,,,,,,2014,DE,ed stinson,768.0
Brent Urban,Virginia,78.625,295,,,,,,,,,2014,DE,brent urban,
Ethan Westbrooks,West Texas AM,75.5,267,29.0,110.0,19.0,4.67,7.3,1.75,2.89,4.9,2014,DE,ethan westbrooks,
Kerry Wynn,Richmond,76.875,266,34.0,113.0,31.0,,,1.72,2.86,4.97,2014,DE,kerry wynn,
Henry Anderson,Stanford,78.25,294,30.0,111.0,,4.19,7.2,1.74,2.9,4.97,2015,DE,henry anderson,769.0
Arik Armstead,Oregon,79.125,292,34.0,117.0,24.0,4.53,7.57,1.75,2.92,5.1,2015,DE,arik armstead,
Tavaris Barnes,Clemson,75.75,282,,,22.0,,,1.67,2.79,4.8,2015,DE,tavaris barnes,
Anthony Chickillo,Miami (FL),75.125,267,34.5,114.0,27.0,4.25,7.17,1.66,2.77,4.79,2015,DE,anthony chickillo,770.0
Frank Clark,Michigan,74.875,271,38.5,118.0,19.0,4.05,7.08,1.69,2.81,4.79,2015,DE,frank clark,771.0
Corey Crawford,Clemson,77.25,299,33.0,110.0,,4.65,7.64,1.78,2.91,5.01,2015,DE,corey crawford,
Ryan Delaire,Towson,76.125,254,,,23.0,,,1.68,2.87,4.97,2015,DE,ryan delaire,
B.J. Dubose,Louisville,76.0,284,,,26.0,,,1.77,2.93,5.06,2015,DE,b j dubose,772.0
Alvin Dupree,Kentucky,76.0,269,42.0,138.0,,,,1.6,2.65,4.56,2015,DE,alvin dupree,
"Mario Edwards, Jr.",Florida State,74.625,279,32.5,120.0,32.0,4.55,7.44,1.76,2.84,4.84,2015,DE,mario edwards,
Trey Flowers,Arkansas,74.125,266,36.5,121.0,28.0,4.4,7.34,1.73,2.88,4.93,2015,DE,trey flowers,773.0
Randy Gregory,Nebraska,76.875,235,36.5,125.0,24.0,,,1.61,2.71,4.64,2015,DE,randy gregory,
Obum Gwacham,Oregon State,77.375,246,36.0,121.0,22.0,4.28,7.28,1.66,2.76,4.72,2015,DE,obum gwacham,774.0
Danielle Hunter,LSU,77.125,252,,,25.0,,,1.57,2.67,4.57,2015,DE,danielle hunter,775.0
Martin Ifedi,Memphis,75.125,275,31.0,111.0,16.0,4.58,7.39,1.68,2.83,4.88,2015,DE,martin ifedi,776.0
Owamagbe Odighizuwa,UCLA,75.5,267,39.0,127.0,25.0,4.19,7.36,1.61,2.69,4.62,2015,DE,owamagbe odighizuwa,777.0
Nate Orchard,Utah,75.25,250,31.5,115.0,,4.43,7.28,1.65,2.77,4.8,2015,DE,nate orchard,778.0
Shane Ray,Missouri,74.625,245,,,21.0,,,,,,2015,DE,shane ray,779.0
Cedric Reed,Texas,77.25,269,,,22.0,,,,,,2015,DE,cedric reed,
Ryan Russell,Purdue,76.25,269,32.5,119.0,25.0,4.47,7.25,1.63,2.75,4.75,2015,DE,ryan russell,780.0
ZaDarius Smith,Kentucky,76.5,274,29.0,113.0,23.0,4.66,7.42,1.74,2.86,4.83,2015,DE,zadarius smith,
Preston Smith,Mississippi State,76.875,271,34.0,121.0,24.0,4.28,7.07,1.6,2.73,4.74,2015,DE,preston smith,781.0
Lynden Trail,Norfolk State,78.625,269,32.5,117.0,24.0,4.48,7.32,1.75,2.89,4.91,2015,DE,lynden trail,
Zack Wagenmann,Montana,75.125,247,37.5,109.0,14.0,4.26,7.07,1.66,2.77,4.82,2015,DE,zack wagenmann,
Mehdi Abdesmad,Boston College,78.25,284,29.5,108.0,25.0,4.62,7.55,1.73,2.92,5.1,2016,DE,mehdi abdesmad,
Sterling Bailey,Georgia,76.0,285,30.0,111.0,20.0,4.73,7.46,1.81,3.02,5.23,2016,DE,sterling bailey,
Jimmy Bean,Oklahoma State,77.0,264,,,20.0,,,,,,2016,DE,jimmy bean,
Ronald Blair,Appalachian State,74.125,284,30.0,113.0,32.0,4.53,7.95,1.74,2.96,5.15,2016,DE,ronald blair,782.0
Joey Bosa,Ohio State,77.25,269,32.0,120.0,24.0,4.21,6.89,1.68,2.83,4.86,2016,DE,joey bosa,783.0
DeForest Buckner,Oregon,79.0,291,32.0,116.0,,4.47,7.51,1.77,2.96,5.05,2016,DE,deforest buckner,784.0
Jonathan Bullard,Florida,75.0,285,32.0,116.0,23.0,4.56,7.31,1.65,2.82,4.93,2016,DE,jonathan bullard,
Shilique Calhoun,Michigan State,76.375,251,35.0,115.0,23.0,4.25,6.97,1.68,2.8,4.82,2016,DE,shilique calhoun,785.0
James Cowser,Southern Utah,75.125,248,31.5,111.0,21.0,4.31,6.8,1.68,2.82,4.82,2016,DE,james cowser,
Kevin Dodd,Clemson,77.0,277,,,,,,1.69,2.84,4.86,2016,DE,kevin dodd,786.0
Jason Fanaika,Utah,73.75,271,35.5,113.0,23.0,4.39,7.06,1.67,2.85,4.92,2016,DE,jason fanaika,
Branden Jackson,Texas Tech,75.875,273,31.5,113.0,20.0,4.77,7.4,1.8,2.96,5.06,2016,DE,branden jackson,
Matt Judon,Grand Valley State,75.0,275,35.0,109.0,30.0,4.52,7.67,1.65,2.75,4.73,2016,DE,matt judon,787.0
Ufomba Kamalu,Miami (FL),77.125,295,25.0,106.0,26.0,4.58,7.32,1.73,2.9,5.01,2016,DE,ufomba kamalu,
Bronson Kaufusi,Brigham Young,78.5,285,30.0,111.0,25.0,4.25,7.03,1.69,2.84,4.87,2016,DE,bronson kaufusi,788.0
Shaq Lawson,Clemson,74.625,269,33.0,120.0,,4.21,7.16,1.63,2.75,4.7,2016,DE,shaq lawson,789.0
Dean Lowry,Northwestern,77.75,296,32.5,114.0,30.0,4.38,7.26,1.69,2.81,4.87,2016,DE,dean lowry,790.0
Alex McCalister,Florida,78.125,239,34.5,128.0,,4.0,7.01,1.68,2.78,4.8,2016,DE,alex mccalister,791.0
Carl Nassib,Penn State,78.875,277,28.5,114.0,21.0,4.37,7.27,1.62,2.77,4.84,2016,DE,carl nassib,792.0
Giorgio Newberry,Florida State,77.5,285,30.0,114.0,20.0,4.78,7.53,1.73,2.9,4.94,2016,DE,giorgio newberry,
Shawn Oakman,Baylor,79.625,287,32.0,123.0,23.0,4.56,7.53,1.74,2.9,4.96,2016,DE,shawn oakman,
Emmanuel Ogbah,Oklahoma State,76.25,273,35.5,121.0,20.0,4.5,7.26,1.58,2.68,4.63,2016,DE,emmanuel ogbah,793.0
Romeo Okwara,Notre Dame,76.625,265,33.0,120.0,23.0,4.53,7.38,1.73,2.89,4.9,2016,DE,romeo okwara,
Drew Ott,Iowa,76.5,273,,,,,,,,,2016,DE,drew ott,
D.J. Pettway,Alabama,74.125,265,28.0,108.0,17.0,4.69,7.74,1.68,2.86,4.99,2016,DE,d j pettway,
Noah Spence,Eastern Kentucky,74.5,251,35.0,121.0,25.0,4.35,7.21,1.61,2.75,4.8,2016,DE,noah spence,794.0
Charles Tapper,Oklahoma,74.625,271,34.0,119.0,23.0,,,1.59,2.68,4.59,2016,DE,charles tapper,795.0
Lawrence Thomas,Michigan State,75.5,286,35.0,113.0,,,,1.73,2.87,4.98,2016,DE,lawrence thomas,
Ron Thompson,Syracuse,75.0,253,,,18.0,4.5,7.46,1.69,2.82,4.92,2016,DE,ron thompson,
Stephen Weatherly,Vanderbilt,76.375,267,31.0,117.0,23.0,,,1.59,2.67,4.61,2016,DE,stephen weatherly,
Anthony Zettel,Penn State,75.875,277,30.5,109.0,28.0,4.39,7.63,1.65,2.78,4.81,2016,DE,anthony zettel,
Derek Barnett,Tennessee,74.625,259,31.0,116.0,,,,1.69,2.84,4.88,2017,DE,derek barnett,796.0
Tarell Basham,Ohio,75.625,269,31.5,117.0,15.0,,,1.6,2.71,4.7,2017,DE,tarell basham,797.0
Fadol Brown,Mississippi,76.125,273,34.0,114.0,19.0,,,1.71,2.86,4.94,2017,DE,fadol brown,
Josh Carraway,Texas Christian,75.0,242,29.5,120.0,25.0,,,1.7,2.78,4.74,2017,DE,josh carraway,
Taco Charlton,Michigan,77.625,277,33.0,115.0,25.0,,,1.69,2.85,4.91,2017,DE,taco charlton,798.0
Bryan Cox,Florida,74.625,265,26.5,109.0,16.0,,,1.73,2.85,4.89,2017,DE,bryan cox,
Keionta Davis,Chattanooga,75.0,271,,,,,,,,,2017,DE,keionta davis,
Ken Ekanem,Virginia Tech,74.625,257,30.5,114.0,,,,1.68,2.8,4.88,2017,DE,ken ekanem,
Myles Garrett,Texas AM,76.25,272,41.0,127.0,33.0,,,1.63,2.68,4.64,2017,DE,myles garrett,799.0
Daeshon Hall,Texas AM,77.375,266,36.0,123.0,18.0,,,1.66,2.76,4.76,2017,DE,daeshon hall,800.0
Charles Harris,Missouri,74.625,253,33.0,109.0,21.0,,,1.65,2.78,4.82,2017,DE,charles harris,
Trey Hendrickson,Florida Atlantic,75.875,266,33.5,122.0,,,,1.59,2.68,4.65,2017,DE,trey hendrickson,
Tanoh Kpassagnon,Villanova,78.875,289,30.0,127.0,23.0,,,1.68,2.81,4.83,2017,DE,tanoh kpassagnon,801.0
Carl Lawson,Auburn,73.625,261,33.0,113.0,35.0,,,1.6,2.67,4.67,2017,DE,carl lawson,
Joe Mathis,Washington,74.125,266,,,24.0,,,,,,2017,DE,joe mathis,
Avery Moss,Youngstown State,75.125,264,32.5,113.0,14.0,,,1.63,2.77,4.79,2017,DE,avery moss,802.0
Al-Quadin Muhammad,Miami (FL),75.25,253,30.5,116.0,22.0,,,1.72,2.85,4.88,2017,DE,al quadin muhammad,803.0
Noble Nwachukwu,West Virginia,73.0,268,30.5,110.0,27.0,,,1.7,2.82,4.83,2017,DE,noble nwachukwu,
Ifeadi Odenigbo,Northwestern,75.125,258,31.5,127.0,25.0,,,1.66,2.76,4.72,2017,DE,ifeadi odenigbo,
Derek Rivers,Youngstown State,76.125,248,35.0,123.0,30.0,,,1.6,2.66,4.61,2017,DE,derek rivers,804.0
Isaac Rochell,Notre Dame,76.375,280,31.5,113.0,25.0,,,1.72,2.87,4.89,2017,DE,isaac rochell,
Garrett Sickels,Penn State,75.125,261,28.0,104.0,20.0,,,1.72,2.84,4.9,2017,DE,garrett sickels,
Dawuane Smoot,Illinois,74.875,264,29.5,116.0,,,,1.68,2.78,4.77,2017,DE,dawuane smoot,805.0
Solomon Thomas,Stanford,74.75,273,35.0,125.0,30.0,,,1.65,2.76,4.69,2017,DE,solomon thomas,806.0
DeMarcus Walker,Florida State,75.75,280,,,18.0,,,,,,2017,DE,demarcus walker,807.0
Jordan Willis,Kansas State,75.75,255,39.0,124.0,24.0,,,1.57,2.59,4.53,2017,DE,jordan willis,
Deatrich Wise Jr.,Arkansas,76.875,274,33.0,124.0,22.0,,,1.7,2.86,4.92,2017,DE,deatrich wise,808.0
Olasunkanmi Adeniyi,Toledo,73.125,248,31.5,,26.0,4.28,7.21,1.68,2.81,4.83,2018,DE,olasunkanmi adeniyi,
Dorance Armstrong Jr.,Kansas,75.625,257,30.0,118.0,20.0,4.23,7.12,1.69,2.85,4.87,2018,DE,dorance armstrong,809.0
Ade Aruna,Tulane,76.625,262,38.5,128.0,18.0,4.48,7.53,1.59,2.71,4.6,2018,DE,ade aruna,810.0
Davin Bellamy,Georgia,75.75,255,,,15.0,,,,,,2018,DE,davin bellamy,
Bradley Chubb,North Carolina State,76.375,269,36.0,121.0,24.0,4.41,7.37,1.62,2.72,4.65,2018,DE,bradley chubb,811.0
Marcus Davenport,Texas-San Antonio,77.75,264,33.5,124.0,22.0,4.41,7.2,1.62,2.67,4.58,2018,DE,marcus davenport,812.0
Duke Ejiofor,Wake Forest,75.375,264,,,,,,,,,2018,DE,duke ejiofor,813.0
Kylie Fitts,Utah,75.75,263,32.5,117.0,31.0,4.19,6.88,1.61,2.72,4.69,2018,DE,kylie fitts,814.0
John Franklin-Myer,Stephen F. Austin,75.875,283,33.0,113.0,26.0,4.48,7.36,1.66,2.78,4.75,2018,DE,john franklin myer,
Rasheem Green,Southern California,76.25,275,32.5,118.0,,4.39,7.24,1.65,2.75,4.73,2018,DE,rasheem green,
DaShawn Hand,Alabama,75.625,297,31.5,111.0,28.0,4.62,7.98,1.7,2.85,4.83,2018,DE,dashawn hand,
Jalyn Holmes,Ohio State,76.875,283,32.0,,25.0,,,1.67,2.79,4.82,2018,DE,jalyn holmes,815.0
Sam Hubbard,Ohio State,77.375,270,35.0,116.0,,4.32,6.84,,,,2018,DE,sam hubbard,816.0
Arden Key,LSU,76.875,238,31.0,117.0,,4.25,7.16,,,,2018,DE,arden key,817.0
Tyquan Lewis,Ohio State,75.25,269,35.5,122.0,,,,,,,2018,DE,tyquan lewis,818.0
Hercules Mataafa,Washington State,74.25,254,31.5,108.0,26.0,4.37,7.24,1.64,2.76,4.76,2018,DE,hercules mataafa,
Ogbonnia Okoronkwo,Oklahoma,73.625,253,38.0,121.0,27.0,,,1.65,2.76,4.77,2018,DE,ogbonnia okoronkwo,819.0
JaVon Rolland-Jones,Arkansas State,73.875,253,,,23.0,,,1.71,2.84,4.88,2018,DE,javon rolland jones,
Bunmi Rotimi,Old Dominion,75.125,273,32.0,113.0,21.0,4.7,7.46,,,,2018,DE,bunmi rotimi,
Breeland Speaks,Mississippi,74.875,283,32.5,110.0,,4.65,7.63,1.64,2.79,4.87,2018,DE,breeland speaks,820.0
Josh Sweat,Florida State,76.75,251,39.5,124.0,,4.28,,1.55,2.61,4.53,2018,DE,josh sweat,821.0
Chad Thomas,Miami (FL),77.0,281,29.0,116.0,,,,1.7,2.85,4.92,2018,DE,chad thomas,822.0
Kemoko Turay,Rutgers,76.625,253,,,,,,1.62,2.72,4.65,2018,DE,kemoko turay,
JoJo Wicker,Arizona State,73.75,296,30.0,105.0,25.0,,,1.79,3.02,5.16,2018,DE,jojo wicker,
Trevon Young,Louisville,75.875,258,33.0,114.0,25.0,4.4,6.99,1.62,2.74,4.78,2018,DE,trevon young,823.0
Zach Allen,Boston College,76.125,279,32.0,112.0,24.0,4.36,7.34,1.74,2.91,5.0,2019,DE,zach allen,824.0
Nick Bosa,Ohio State,75.75,266,33.5,116.0,29.0,4.14,7.1,1.62,2.76,4.79,2019,DE,nick bosa,825.0
Austin Bryant,Clemson,75.875,271,,,,,,,,,2019,DE,austin bryant,826.0
Malik Carney,North Carolina,74.0,251,33.0,113.0,25.0,,7.4,1.66,2.77,4.73,2019,DE,malik carney,
L.J. Collier,Texas Christian,74.25,283,30.0,118.0,25.0,4.78,7.71,1.75,2.87,4.91,2019,DE,l j collier,827.0
John Cominsky,Charleston,77.375,290,33.5,116.0,22.0,4.38,7.03,1.67,2.78,4.69,2019,DE,john cominsky,828.0
Maxx Crosby,Eastern Michigan,76.875,255,36.0,122.0,,4.13,6.89,1.62,2.72,4.66,2019,DE,maxx crosby,829.0
Jaylon Ferguson,Louisiana Tech,76.75,271,,,,,,,,,2019,DE,jaylon ferguson,830.0
Clelin Ferrell,Clemson,76.375,264,,114.0,25.0,4.4,7.26,,,,2019,DE,clelin ferrell,831.0
Rashan Gary,Michigan,76.375,276,38.0,120.0,26.0,4.29,7.26,1.61,2.67,4.58,2019,DE,rashan gary,
Carl Granderson,Wyoming,76.75,254,35.0,119.0,,4.41,7.44,1.67,2.8,4.79,2019,DE,carl granderson,
Gerri Green,Mississippi State,76.0,252,35.0,114.0,24.0,4.42,7.27,1.65,2.73,4.63,2019,DE,gerri green,832.0
Justin Hollins,Oregon,77.25,248,36.5,119.0,25.0,4.4,7.06,1.63,2.66,4.5,2019,DE,justin hollins,
Joe Jackson,Miami (FL),76.25,275,27.0,109.0,22.0,,,,,,2019,DE,joe jackson,833.0
Cece Jefferson,Florida,73.625,260,30.5,108.0,17.0,4.53,7.5,1.72,2.9,5.02,2019,DE,cece jefferson,
Jalen Jelks,Oregon,77.375,256,32.5,113.0,19.0,4.59,7.22,1.69,2.83,4.92,2019,DE,jalen jelks,834.0
Darryl Johnson Jr.,North Carolina AT,78.0,253,,,20.0,,,,,,2019,DE,darryl johnson,835.0
Jonathan Ledbetter,Georgia,75.75,280,26.5,108.0,22.0,,,1.77,2.97,5.14,2019,DE,jonathan ledbetter,
Shareef Miller,Penn State,76.5,254,29.5,,16.0,4.45,,1.64,2.75,4.69,2019,DE,shareef miller,836.0
Anthony Nelson,Iowa,79.0,271,35.5,118.0,18.0,4.23,6.95,1.64,2.76,4.82,2019,DE,anthony nelson,837.0
Charles Omenihu,Texas,77.375,280,36.5,115.0,,4.36,7.48,1.71,2.86,4.92,2019,DE,charles omenihu,838.0
Wyatt Ray,Boston College,75.25,257,34.0,118.0,25.0,4.31,7.34,1.67,2.82,4.83,2019,DE,wyatt ray,
Montez Sweat,Mississippi State,77.75,260,36.0,125.0,21.0,4.29,7.0,1.54,2.57,4.41,2019,DE,montez sweat,839.0
Chase Winovich,Michigan,74.75,252,30.5,116.0,18.0,4.11,6.94,1.57,2.69,4.59,2019,DE,chase winovich,840.0
Oshane Ximines,Old Dominion,75.875,256,34.0,118.0,24.0,4.57,7.13,1.72,2.8,4.78,2019,DE,oshane ximines,841.0
Bradlee Anae,Utah,75.375,257,31.0,115.0,25.0,4.43,7.44,1.69,2.83,4.91,2020,DE,bradlee anae,842.0
Nick Coe,Auburn,76.625,280,29.0,116.0,21.0,,,1.76,2.9,4.89,2020,DE,nick coe,
Kendall Coleman,Syracuse,74.75,257,32.0,114.0,,4.62,7.5,1.7,2.85,4.95,2020,DE,kendall coleman,
A.J. Epenesa,Iowa,77.125,275,32.5,117.0,17.0,4.46,7.34,1.79,2.96,5.04,2020,DE,a j epenesa,843.0
Jonathan Garvin,Miami (FL),76.125,263,36.0,125.0,23.0,,,1.67,2.77,4.82,2020,DE,jonathan garvin,844.0
Trevis Gipson,Tulsa,75.375,254,,,25.0,,,,,,2020,DE,trevis gipson,845.0
Jonathan Greenard,Florida,75.375,263,30.5,113.0,22.0,4.34,7.13,1.71,2.85,4.87,2020,DE,jonathan greenard,846.0
Yetur Gross-Matos,Penn State,77.0,266,34.0,120.0,20.0,,,,,,2020,DE,yetur gross matos,847.0
LaDarius Hamilton,North Texas,74.0,262,30.0,114.0,27.0,4.49,7.66,1.74,2.85,4.89,2020,DE,ladarius hamilton,
Alex Highsmith,Charlotte,75.125,248,33.0,125.0,,4.31,7.32,1.68,2.75,4.7,2020,DE,alex highsmith,
Trevon Hill,Miami (FL),74.875,248,28.0,113.0,,,,1.7,2.83,4.89,2020,DE,trevon hill,
Khalid Kareem,Notre Dame,75.75,268,,,,,,,,,2020,DE,khalid kareem,848.0
Terrell Lewis,Alabama,77.25,262,37.0,124.0,,,,,,,2020,DE,terrell lewis,
Chauncey Rivers,Mississippi State,74.0,262,30.5,106.0,20.0,4.7,7.33,1.8,2.93,4.97,2020,DE,chauncey rivers,
Alton Robinson,Syracuse,74.75,264,35.5,119.0,25.0,4.32,7.32,1.65,2.75,4.69,2020,DE,alton robinson,849.0
James Smith-Williams,North Carolina State,75.625,265,32.0,123.0,28.0,4.52,7.35,1.62,2.69,4.6,2020,DE,james smith williams,850.0
Jason Strowbridge,North Carolina,76.25,275,31.0,113.0,26.0,4.37,7.45,1.72,2.86,4.89,2020,DE,jason strowbridge,851.0
Darrell Taylor,Tennessee,75.625,267,,,,,,,,,2020,DE,darrell taylor,852.0
Derrek Tuszka,North Dakota State,76.5,251,33.5,120.0,24.0,4.34,6.87,1.7,2.78,4.79,2020,DE,derrek tuszka,
Curtis Weaver,Boise State,74.375,265,32.5,116.0,,4.27,7.0,,,,2020,DE,curtis weaver,853.0
Kenny Willekes,Michigan State,75.5,264,32.5,119.0,32.0,,7.39,1.69,2.82,4.87,2020,DE,kenny willekes,854.0
D.J. Wonnum,South Carolina,76.625,258,34.5,123.0,20.0,4.44,7.25,1.7,2.77,4.73,2020,DE,d j wonnum,855.0
Chase Young,Ohio State,76.875,264,,,,,,,,,2020,DE,chase young,856.0
Jabari Zuniga,Florida,75.375,264,33.0,127.0,29.0,,,1.61,2.71,4.64,2020,DE,jabari zuniga,857.0
Anthony Adams,Penn State,71.625,299,30.5,109.0,,4.59,7.68,1.78,2.92,5.13,2003,DT,anthony adams,
Colin Cole,Iowa,73.625,309,31.0,103.0,29.0,4.75,7.85,1.86,3.07,5.22,2003,DT,colin cole,
Nick Eason,Clemson,75.25,301,,102.0,29.0,,,1.81,2.98,5.19,2003,DT,nick eason,
Aubrayo Franklin,Tennessee,73.5,307,27.0,100.0,,4.79,,,,,2003,DT,aubrayo franklin,
Jarret Johnson,Alabama,74.625,284,28.5,107.0,21.0,4.58,7.72,1.69,2.96,5.07,2003,DT,jarret johnson,
William Joseph,Miami (FL),77.0,308,,,29.0,,,,,,2003,DT,william joseph,
Jimmy Kennedy,Penn State,76.0,322,,,,,,,,,2003,DT,jimmy kennedy,
Dan Klecko,Temple,71.5,283,33.5,111.0,26.0,4.43,7.52,1.71,2.88,4.94,2003,DT,dan klecko,
Tron LaFavor,Florida,73.875,290,28.0,106.0,26.0,,,,,,2003,DT,tron lafavor,
James Lee,Oregon State,76.5,327,30.0,106.0,23.0,4.69,7.78,1.8,3.07,4.98,2003,DT,james lee,
Matt Leonard,Stanford,74.625,305,26.0,95.0,30.0,4.56,7.53,1.69,2.9,4.97,2003,DT,matt leonard,
Rien Long,Washington State,78.125,302,,105.0,,,,,,,2003,DT,rien long,
Eric Manning,Oregon State,73.0,303,28.5,107.0,26.0,4.66,7.77,1.72,3.0,5.1,2003,DT,eric manning,
Terrance Martin,North Carolina State,75.0,299,,,30.0,,,,,,2003,DT,terrance martin,
Rashad Moore,Tennessee,75.125,324,,,,,,,,,2003,DT,rashad moore,
Langston Moore,South Carolina,73.0,303,32.0,104.0,29.0,4.29,7.64,1.78,2.97,5.07,2003,DT,langston moore,
Dewayne Robertson,Kentucky,73.375,317,,,,,,,,,2003,DT,dewayne robertson,
Lauvale Sape,Utah,73.625,297,31.5,111.0,,4.72,7.73,1.68,2.97,5.21,2003,DT,lauvale sape,
Ian Scott,Florida,74.375,312,28.5,99.0,28.0,5.0,8.12,1.76,3.01,5.19,2003,DT,ian scott,
Jake Sprague,Wisconsin,74.125,274,,,26.0,,,,,,2003,DT,jake sprague,
Johnathan Sullivan,Georgia,75.125,313,,,,,,1.83,2.96,5.1,2003,DT,johnathan sullivan,
Ty Warren,Texas AM,76.625,307,,,27.0,,,,,,2003,DT,ty warren,
Tim Anderson,Ohio State,75.25,307,,,,,,,,,2004,DT,tim anderson,
Matthias Askew,Michigan State,77.375,308,27.0,101.0,20.0,4.42,7.55,1.75,3.0,5.23,2004,DT,matthias askew,
Ryon Bingham,Nebraska,75.375,303,30.0,109.0,33.0,4.38,7.44,1.74,2.93,5.09,2004,DT,ryon bingham,
Ryan Boschetti,UCLA,76.375,306,29.5,110.0,,4.27,7.41,1.77,2.95,5.13,2004,DT,ryan boschetti,
Jon Bradley,Arkansas State,73.25,306,26.5,104.0,19.0,4.85,7.88,1.88,3.05,5.18,2004,DT,jon bradley,
Darrell Campbell,Notre Dame,75.625,302,33.0,111.0,25.0,4.66,7.63,1.75,2.98,5.2,2004,DT,darrell campbell,
Dietrich Canterberry,UNLV,74.875,308,,,26.0,,,,,,2004,DT,dietrich canterberry,
Jordan Carstens,Iowa State,77.375,305,28.5,106.0,28.0,4.8,8.35,1.8,2.94,5.08,2004,DT,jordan carstens,
Ahmad Childress,Alabama,77.875,351,22.0,86.0,,4.94,8.75,1.85,3.11,5.26,2004,DT,ahmad childress,
Jared Clauss,Iowa,76.875,294,,,23.0,,,,,,2004,DT,jared clauss,
Mondre Dickerson,Tennessee,76.125,316,27.0,106.0,29.0,,8.34,1.82,2.95,5.09,2004,DT,mondre dickerson,
Darnell Dockett,Florida State,75.375,297,31.0,105.0,26.0,,,1.75,2.91,5.03,2004,DT,darnell dockett,
Dwan Edwards,Oregon State,74.75,313,28.0,105.0,25.0,4.68,7.59,1.82,2.98,5.12,2004,DT,dwan edwards,
Tommie Harris,Oklahoma,74.5,295,,,29.0,,,,,,2004,DT,tommie harris,
Cedric Hilliard,Notre Dame,73.5,307,29.0,110.0,26.0,4.75,8.22,1.75,2.93,5.19,2004,DT,cedric hilliard,
Tank Johnson,Washington,74.75,304,34.0,114.0,31.0,4.6,7.56,1.7,2.77,4.74,2004,DT,tank johnson,
Spencer Johnson,Auburn,74.875,286,30.0,111.0,19.0,4.53,7.78,1.82,2.99,5.15,2004,DT,spencer johnson,
Chad Lavalais,LSU,73.5,303,,,,,,,,,2004,DT,chad lavalais,
Rodney Leisle,UCLA,75.25,309,,,31.0,,,,,,2004,DT,rodney leisle,
DeMarco McNeil,Auburn,73.0,310,,,,,,,,,2004,DT,demarco mcneil,
Igor Olshansky,Oregon,77.25,315,33.5,110.0,41.0,4.41,7.61,1.73,2.86,4.97,2004,DT,igor olshansky,
Chad Pugh,Texas Christian,74.75,321,25.0,98.0,19.0,4.85,8.17,1.87,3.13,5.43,2004,DT,chad pugh,
Junior Siavii,Oregon,76.5,344,24.5,93.0,31.0,4.84,7.93,1.78,2.96,5.17,2004,DT,junior siavii,
Isaac Sopoaga,Hawaii,74.25,317,30.5,99.0,42.0,4.66,7.79,1.8,2.94,5.05,2004,DT,isaac sopoaga,
Randy Starks,Maryland,75.375,314,29.5,102.0,27.0,,,,,,2004,DT,randy starks,
Craig Terrill,Purdue,74.5,290,26.5,100.0,28.0,4.1,7.39,1.81,3.01,5.22,2004,DT,craig terrill,
Marcus Tubbs,Texas,76.0,321,32.5,105.0,29.0,,,,,,2004,DT,marcus tubbs,
Donnell Washington,Clemson,77.5,332,31.0,109.0,34.0,4.88,7.8,1.75,2.93,5.02,2004,DT,donnell washington,
Vince Wilfork,Miami (FL),73.25,323,,,36.0,,,,,,2004,DT,vince wilfork,
Corey Williams,Arkansas State,75.625,313,28.0,106.0,25.0,4.55,7.97,1.83,3.02,5.22,2004,DT,corey williams,
Jeff Womble,Florida State,73.375,313,28.0,,18.0,,,1.81,3.0,5.33,2004,DT,jeff womble,
Lorenzo Alexander,California,74.0,289,29.5,106.0,28.0,4.55,7.53,1.86,3.04,5.17,2005,DT,lorenzo alexander,
Jonathan Babineaux,Iowa,74.125,286,29.5,109.0,21.0,4.57,7.7,1.71,2.83,4.92,2005,DT,jonathan babineaux,
Anthony Bryant,Alabama,75.0,335,31.5,106.0,23.0,4.72,7.8,1.81,2.97,5.06,2005,DT,anthony bryant,
Tim Bulman,Boston College,75.5,294,32.5,115.0,35.0,4.2,7.23,1.77,2.92,4.99,2005,DT,tim bulman,
Larry Burt,Miami (OH),74.0,304,28.0,98.0,22.0,4.72,8.03,1.89,3.16,5.46,2005,DT,larry burt,
Luis Castillo,Northwestern,75.375,303,34.5,112.0,32.0,,,1.69,2.82,4.85,2005,DT,luis castillo,
Shaun Cody,Southern California,76.0,293,,,34.0,,,,,,2005,DT,shaun cody,
Eric Coleman,Clemson,76.875,288,33.0,118.0,27.0,4.71,7.42,1.89,3.09,5.14,2005,DT,eric coleman,
Atiyyah Ellison,Missouri,76.25,305,27.5,103.0,25.0,4.83,8.01,1.84,2.99,5.07,2005,DT,atiyyah ellison,
Ronald Fields,Mississippi State,74.375,313,27.0,102.0,,4.68,8.01,1.8,2.99,5.15,2005,DT,ronald fields,
Anttaj Hawthorne,Wisconsin,75.375,321,27.0,100.0,21.0,4.69,8.0,1.83,3.03,5.25,2005,DT,anttaj hawthorne,
Jason Jefferson,Wisconsin,73.625,310,28.5,102.0,,4.47,7.79,1.81,2.99,5.21,2005,DT,jason jefferson,
Travis Johnson,Florida State,75.625,298,,,,,,,,,2005,DT,travis johnson,
Lynn McGruder,Oklahoma,73.375,307,35.5,112.0,28.0,4.42,7.71,1.73,2.88,5.02,2005,DT,lynn mcgruder,
Albert Means,Memphis,75.875,318,27.0,96.0,26.0,4.87,8.21,1.92,3.16,5.48,2005,DT,albert means,
C.J. Mosley,Missouri,74.0,312,27.5,100.0,27.0,4.65,8.21,1.79,2.96,5.08,2005,DT,c j mosley,
Mike Patterson,Southern California,71.625,292,,,26.0,,,,,,2005,DT,mike patterson,
Sione Pouha,Utah,75.375,325,32.5,107.0,32.0,4.44,7.83,1.76,2.83,5.02,2005,DT,sione pouha,
Derreck Robinson,Iowa,76.25,289,34.5,114.0,27.0,4.53,7.97,1.76,2.92,5.01,2005,DT,derreck robinson,
Darrell Shropshire,South Carolina,74.25,301,34.0,116.0,25.0,4.31,7.54,1.69,2.82,4.92,2005,DT,darrell shropshire,
Kevin Vickerson,Michigan State,77.0,310,32.5,103.0,,4.64,7.78,1.82,2.96,5.09,2005,DT,kevin vickerson,
Titus Adams,Nebraska,75.375,306,30.5,103.0,15.0,4.54,7.49,1.73,2.96,5.13,2006,DT,titus adams,
Sir Henry Anderson,Oregon State,75.875,306,28.5,100.0,27.0,4.55,7.69,1.8,3.07,5.23,2006,DT,sir henry anderson,
McKinley Boykin,Mississippi,73.0,289,30.5,109.0,30.0,4.75,,1.67,2.91,5.01,2006,DT,mckinley boykin,
Manaia Brown,Brigham Young,74.875,301,34.5,111.0,21.0,4.47,7.63,1.67,2.9,5.07,2006,DT,manaia brown,
Brodrick Bunkley,Florida State,74.75,306,32.5,113.0,44.0,,,1.72,2.9,4.97,2006,DT,brodrick bunkley,
Barry Cofield,Northwestern,76.0,304,34.0,105.0,35.0,4.35,7.43,1.68,2.88,5.0,2006,DT,barry cofield,
Kader Drame,Syracuse,77.0,290,30.5,108.0,17.0,,8.12,1.8,3.1,5.34,2006,DT,kader drame,
Dusty Dvoracek,Oklahoma,74.75,306,34.0,110.0,31.0,4.35,7.62,1.74,2.96,5.07,2006,DT,dusty dvoracek,
Kedric Golston,Georgia,76.0,300,33.0,111.0,31.0,4.45,7.6,1.71,2.9,4.94,2006,DT,kedric golston,
Marcus Green,Ohio State,73.25,295,31.0,108.0,33.0,4.86,7.62,1.83,3.09,5.24,2006,DT,marcus green,
Orien Harris,Miami (FL),75.25,301,,,25.0,,,,,,2006,DT,orien harris,
T.J. Jackson,Auburn,72.375,304,31.0,104.0,26.0,4.6,7.72,1.74,3.01,5.26,2006,DT,t j jackson,
Johnny Jolly,Texas AM,75.25,317,,104.0,,,,1.83,3.15,5.45,2006,DT,johnny jolly,
Jonathan Lewis,Virginia Tech,73.125,309,33.5,111.0,24.0,4.4,7.4,1.7,2.9,5.04,2006,DT,jonathan lewis,
Jesse Mahelona,Tennessee,72.5,311,,,,,,,,,2006,DT,jesse mahelona,
John McCargo,North Carolina State,73.5,302,30.5,110.0,25.0,4.48,7.79,1.75,2.96,5.19,2006,DT,john mccargo,
Haloti Ngata,Oregon,76.125,338,31.5,110.0,37.0,4.65,7.95,1.73,2.94,5.16,2006,DT,haloti ngata,
Babatunde Oshinowo,Stanford,73.625,304,32.0,105.0,33.0,4.54,7.87,1.79,3.06,5.34,2006,DT,babatunde oshinowo,
Domata Peko,Michigan State,74.75,307,28.5,103.0,25.0,4.49,7.69,1.76,3.03,5.25,2006,DT,domata peko,
LeKevin Smith,Michigan State,74.875,316,30.5,109.0,30.0,4.92,7.93,1.8,2.97,5.06,2006,DT,lekevin smith,
Montavious Stanley,Louisville,74.125,313,29.0,106.0,,4.6,8.06,1.82,3.04,5.2,2006,DT,montavious stanley,
Gabe Watson,Michigan,75.5,339,25.0,96.0,36.0,4.8,8.28,1.82,3.05,5.28,2006,DT,gabe watson,
Rodrique Wright,Texas,77.125,300,32.0,110.0,31.0,4.51,7.84,1.7,2.92,5.13,2006,DT,rodrique wright,
Claude Wroten,LSU,74.0,302,,,,,,,,,2006,DT,claude wroten,
Jay Alford,Penn State,75.375,304,25.5,103.0,,4.83,7.81,1.86,3.01,5.19,2007,DT,jay alford,
Alan Branch,Michigan,77.75,324,27.5,107.0,33.0,,,1.75,2.92,5.07,2007,DT,alan branch,
Kareem Brown,Miami (FL),76.0,290,26.5,96.0,,,,,,,2007,DT,kareem brown,
Larry Brown,Oklahoma State,74.625,297,27.0,108.0,22.0,4.81,7.67,1.76,2.99,5.25,2007,DT,larry brown,
Jeremy Clark,Alabama,74.5,309,29.0,104.0,29.0,4.82,7.78,1.77,2.93,5.04,2007,DT,jeremy clark,
Joe Cohen,Florida,74.5,313,26.0,,34.0,,,1.79,2.97,5.15,2007,DT,joe cohen,
Quintin Echols,Kansas State,72.875,328,,,25.0,,,1.9,3.14,5.44,2007,DT,quintin echols,
Justin Harrell,Tennessee,76.375,300,30.5,108.0,24.0,4.79,7.63,1.77,2.97,5.08,2007,DT,justin harrell,
Keith Jackson,Arkansas,72.25,305,30.0,,33.0,4.56,7.65,1.72,2.95,5.06,2007,DT,keith jackson,
Antonio Johnson,Mississippi State,75.0,310,29.0,108.0,28.0,4.49,7.47,1.79,2.97,5.15,2007,DT,antonio johnson,
Derek Landri,Notre Dame,74.5,288,,,24.0,,,,,,2007,DT,derek landri,
Ryan McBean,Oklahoma State,76.375,286,28.0,108.0,27.0,4.46,7.79,1.76,2.92,5.0,2007,DT,ryan mcbean,
Turk McBride,Tennessee,74.375,277,31.0,108.0,27.0,4.12,7.1,1.69,2.8,4.83,2007,DT,turk mcbride,
Brandon Mebane,California,73.125,309,24.0,106.0,24.0,4.65,7.94,1.81,3.02,5.19,2007,DT,brandon mebane,
Amobi Okoye,Louisville,74.0,302,30.0,111.0,29.0,,7.46,1.81,2.96,5.06,2007,DT,amobi okoye,
David Patterson,Ohio State,74.125,285,32.5,118.0,21.0,4.43,7.47,1.82,3.01,5.15,2007,DT,david patterson,
Quinn Pitcock,Ohio State,74.5,299,34.0,112.0,,,,1.75,2.88,4.96,2007,DT,quinn pitcock,
Clifton Ryan,Michigan State,74.75,310,26.5,102.0,25.0,4.69,7.49,1.77,2.97,5.1,2007,DT,clifton ryan,
Paul Soliai,Utah,76.0,344,29.5,103.0,,4.69,7.66,1.78,2.98,5.14,2007,DT,paul soliai,
Marcus Thomas,Florida,74.75,314,,,27.0,,,,,,2007,DT,marcus thomas,
Matt Toeaina,Oregon,74.0,307,,,26.0,,,,,,2007,DT,matt toeaina,
Tank Tyler,North Carolina State,74.25,306,28.5,,42.0,,,1.87,3.12,5.35,2007,DT,tank tyler,
Kentwan Balmer,North Carolina,76.5,308,29.0,103.0,33.0,4.82,7.65,1.8,3.05,5.34,2008,DT,kentwan balmer,
Barry Booker,Virginia Tech,75.75,285,,,24.0,,,,,,2008,DT,barry booker,
Red Bryant,Texas AM,76.125,318,28.0,111.0,20.0,4.64,7.75,1.66,2.88,5.0,2008,DT,red bryant,
Glenn Dorsey,LSU,73.5,297,,,,,,,,,2008,DT,glenn dorsey,
Lionel Dotson,Arizona,75.625,296,25.0,99.0,,4.75,7.62,1.8,3.04,5.39,2008,DT,lionel dotson,
Sedrick Ellis,Southern California,72.5,309,26.5,105.0,34.0,4.73,7.78,1.85,3.06,5.32,2008,DT,sedrick ellis,
Andre Fluellen,Florida State,73.875,296,,,28.0,,,,,,2008,DT,andre fluellen,
Letroy Guion,Florida State,75.375,303,,,26.0,,,1.81,3.04,5.32,2008,DT,letroy guion,
Marcus Harrison,Arkansas,74.75,317,,,26.0,,,1.71,2.91,5.06,2008,DT,marcus harrison,
Nick Hayden,Wisconsin,75.875,291,27.0,108.0,34.0,4.54,7.55,1.8,3.01,5.24,2008,DT,nick hayden,
Trevor Laws,Notre Dame,72.75,304,30.5,103.0,35.0,4.49,7.37,1.74,2.94,5.13,2008,DT,trevor laws,
James McClinton,Kansas,72.0,293,21.5,97.0,23.0,4.73,7.5,1.79,3.05,5.47,2008,DT,james mcclinton,
Dre Moore,Maryland,76.0,305,28.0,105.0,31.0,4.55,7.73,1.62,2.7,4.84,2008,DT,dre moore,
Frank Okam,Texas,76.5,347,23.0,104.0,32.0,4.95,8.07,1.84,3.09,5.36,2008,DT,frank okam,
Carlton Powell,Virginia Tech,74.0,292,22.5,108.0,23.0,4.87,7.78,1.73,2.94,5.12,2008,DT,carlton powell,
DeMario Pressley,North Carolina State,75.125,301,25.5,100.0,28.0,,,1.65,2.86,5.09,2008,DT,demario pressley,
Ahtyba Rubin,Iowa State,74.75,315,28.0,106.0,35.0,5.0,8.05,1.74,2.96,5.2,2008,DT,ahtyba rubin,
Pat Sims,Auburn,74.125,310,27.0,,20.0,,,1.74,2.91,5.09,2008,DT,pat sims,
Chris Baker,Hampton,74.0,326,35.5,106.0,24.0,4.9,8.06,1.83,2.96,5.12,2009,DT,chris baker,
Demonte Bolden,Tennessee,75.25,285,31.5,109.0,,4.78,7.5,1.85,3.0,5.1,2009,DT,demonte bolden,
Ron Brace,Boston College,75.0,330,28.0,99.0,32.0,4.73,8.15,1.96,3.18,5.5,2009,DT,ron brace,
Marlon Favorite,LSU,72.875,314,,,26.0,,,,,,2009,DT,marlon favorite,
Adrian Grady,Louisville,73.375,298,32.0,105.0,31.0,4.72,7.68,1.84,3.03,5.25,2009,DT,adrian grady,
Sunny Harris,Michigan State,75.75,298,25.5,106.0,28.0,4.87,8.18,1.82,2.95,5.05,2009,DT,sunny harris,
Sammie Hill,Colorado,75.875,329,28.0,109.0,27.0,4.97,7.89,1.79,2.94,5.17,2009,DT,sammie hill,
Ziggy Hood,Missouri,74.875,300,33.0,108.0,34.0,4.55,7.5,1.73,2.86,4.97,2009,DT,ziggy hood,
Corvey Irvin,Georgia,75.0,301,24.5,97.0,24.0,4.73,7.44,1.81,2.92,5.03,2009,DT,corvey irvin,
Ricky Jean-Francois,Iowa,74.625,295,26.0,93.0,25.0,,,,,,2009,DT,ricky jean francois,
Peria Jerry,Mississippi,73.75,299,,,,,,,,,2009,DT,peria jerry,
Mitch King,Iowa,73.5,280,33.5,109.0,23.0,4.58,7.6,1.73,2.86,4.92,2009,DT,mitch king,
Terrance Knighton,Temple,75.0,321,28.0,103.0,,4.78,7.9,1.81,3.05,5.33,2009,DT,terrance knighton,
Alex Magee,Purdue,74.625,298,29.5,103.0,30.0,4.55,7.52,1.8,2.95,5.09,2009,DT,alex magee,
SenDerrick Marks,Auburn,73.75,306,33.0,,,,,1.75,2.92,5.08,2009,DT,senderrick marks,
Roy Miller,Texas,73.25,310,32.0,103.0,36.0,4.74,8.01,1.79,2.97,5.09,2009,DT,roy miller,
Khalif Mitchell,East Carolina,77.0,318,30.0,109.0,30.0,4.71,7.45,1.78,3.0,5.16,2009,DT,khalif mitchell,
Fili Moala,Southern California,76.0,305,30.5,100.0,25.0,,,1.77,2.97,5.16,2009,DT,fili moala,
Myron Pryor,Kentucky,72.25,319,30.0,107.0,,4.75,8.16,1.8,2.98,5.13,2009,DT,myron pryor,
B.J. Raji,Boston College,73.5,337,32.0,103.0,33.0,4.69,7.9,1.82,3.02,5.23,2009,DT,b j raji,
Darryl Richard,Georgia Tech,74.5,303,25.5,,17.0,,,,,,2009,DT,darryl richard,
Darell Scott,West Virginia,75.25,312,30.5,107.0,29.0,4.84,8.28,1.75,2.89,4.97,2009,DT,darell scott,
Terrance Taylor,Michigan,72.0,306,30.0,104.0,37.0,5.06,7.78,1.89,3.13,5.39,2009,DT,terrance taylor,
Vance Walker,Georgia Tech,73.875,304,33.0,,29.0,,,1.86,3.09,5.44,2009,DT,vance walker,
Charles Alexander,LSU,75.625,300,,,,,,,,,2010,DT,charles alexander,
Geno Atkins,Georgia,73.375,293,33.0,117.0,34.0,4.43,7.33,1.75,2.86,4.85,2010,DT,geno atkins,
Terrence Cody,Alabama,75.625,354,20.5,90.0,,5.03,8.19,1.98,3.26,5.71,2010,DT,terrence cody,
Brandon Deaderick,Alabama,75.875,314,,,,,,,,,2010,DT,brandon deaderick,
Lamarr Houston,Texas,74.75,305,33.5,114.0,30.0,4.71,7.61,1.73,2.85,4.89,2010,DT,lamarr houston,
Arthur Jones,Syracuse,75.25,301,,,,,,,,,2010,DT,arthur jones,
Linval Joseph,East Carolina,76.5,328,30.0,100.0,39.0,4.71,8.12,1.8,2.98,5.1,2010,DT,linval joseph,
Gerald McCoy,Oklahoma,76.125,295,30.5,114.0,23.0,4.48,7.32,1.74,2.89,5.04,2010,DT,gerald mccoy,
Earl Mitchell,Arizona,73.75,296,28.5,107.0,25.0,4.55,7.68,1.56,2.79,4.81,2010,DT,earl mitchell,
Aleric Mullins,North Carolina,73.25,321,,,,,,,,,2010,DT,aleric mullins,
Mike Neal,Purdue,75.0,294,33.0,113.0,31.0,4.53,7.53,1.7,2.84,4.95,2010,DT,mike neal,
Jared Odrick,Penn State,77.0,304,29.0,106.0,26.0,4.59,7.22,1.78,2.94,5.09,2010,DT,jared odrick,
Vince Oghobaase,Duke,77.25,303,26.0,90.0,27.0,,7.84,1.87,3.15,5.46,2010,DT,vince oghobaase,
Jeff Owens,Georgia,73.0,304,30.0,101.0,44.0,4.68,,1.75,2.93,5.04,2010,DT,jeff owens,
Corey Peters,Kentucky,75.25,300,33.0,98.0,,4.76,7.56,1.8,2.94,5.07,2010,DT,corey peters,
Brian Price,UCLA,73.125,303,28.5,96.0,34.0,,,1.81,2.98,5.19,2010,DT,brian price,
Jay Ross,East Carolina,75.0,313,32.0,100.0,30.0,4.64,7.83,1.78,2.97,5.15,2010,DT,jay ross,
Malcolm Sheppard,Arkansas,74.125,285,28.0,100.0,19.0,4.78,7.81,1.79,2.98,5.18,2010,DT,malcolm sheppard,
DAnthony Smith,Louisiana Tech,74.125,304,,,,,,,,,2010,DT,danthony smith,
Ndamukong Suh,Nebraska,75.875,307,35.5,105.0,32.0,4.44,7.21,1.74,2.92,5.09,2010,DT,ndamukong suh,
Cam Thomas,North Carolina,76.0,330,29.0,102.0,31.0,4.78,7.68,1.78,3.0,5.35,2010,DT,cam thomas,
Torell Troup,Central Florida,74.75,314,29.0,98.0,34.0,4.73,7.61,1.8,2.98,5.17,2010,DT,torell troup,
Lorenzo Washington,Alabama,76.0,291,30.0,107.0,25.0,4.68,7.4,1.75,3.02,5.26,2010,DT,lorenzo washington,
Dan Williams,Tennessee,74.0,327,32.0,96.0,27.0,4.87,7.88,1.8,3.07,5.27,2010,DT,dan williams,
Al Woods,LSU,75.625,309,37.0,109.0,,4.67,7.45,1.84,3.02,5.2,2010,DT,al woods,
Doug Worthington,Ohio State,77.125,292,,,19.0,,,,,,2010,DT,doug worthington,
Ladi Ajiboye,South Carolina,73.375,297,24.0,91.0,23.0,4.71,7.72,1.91,3.12,5.4,2011,DT,ladi ajiboye,
Marvin Austin,North Carolina,73.625,309,30.5,112.0,38.0,4.4,7.33,1.73,2.81,4.85,2011,DT,marvin austin,858.0
Jurrell Casey,Southern California,72.625,300,27.5,101.0,26.0,4.78,7.51,1.8,2.94,5.15,2011,DT,jurrell casey,859.0
Marcell Dareus,Alabama,75.125,319,27.0,,24.0,4.62,7.83,1.73,2.87,4.95,2011,DT,marcell dareus,860.0
Kenrick Ellis,Hampton,76.875,346,,,26.0,,,1.85,3.07,5.27,2011,DT,kenrick ellis,861.0
Nick Fairley,Auburn,75.875,291,31.0,113.0,,4.56,7.14,1.75,2.88,4.89,2011,DT,nick fairley,862.0
Sione Fua,Stanford,73.5,308,24.0,101.0,30.0,4.54,7.54,1.77,3.01,5.28,2011,DT,sione fua,863.0
John Graves,Virginia Tech,75.0,286,28.5,114.0,29.0,4.49,7.49,1.75,2.94,5.16,2011,DT,john graves,
Lawrence Guy,Arizona State,76.125,305,29.0,,28.0,4.43,7.6,1.84,2.97,5.08,2011,DT,lawrence guy,864.0
Jarvis Jenkins,Clemson,76.0,310,26.5,98.0,17.0,4.83,7.42,1.83,3.01,5.11,2011,DT,jarvis jenkins,865.0
Corey Liuget,Illinois,74.125,298,27.5,102.0,27.0,4.68,7.48,1.75,2.87,5.0,2011,DT,corey liuget,866.0
Terrell McClain,South Florida,73.625,297,28.0,104.0,29.0,4.56,7.48,1.75,2.96,5.06,2011,DT,terrell mcclain,867.0
Chris Neild,West Virginia,73.75,319,29.0,106.0,30.0,4.46,7.56,1.81,2.94,5.16,2011,DT,chris neild,868.0
Drake Nevis,LSU,72.625,294,30.5,112.0,31.0,4.65,7.71,1.79,2.95,5.06,2011,DT,drake nevis,869.0
Stephen Paea,Oregon State,73.25,303,,,49.0,,,,,,2011,DT,stephen paea,870.0
Martin Parker,Richmond,74.125,303,29.0,104.0,22.0,4.57,7.56,1.78,2.9,5.04,2011,DT,martin parker,
Jerrell Powe,Mississippi,73.75,335,25.0,93.0,27.0,5.06,8.17,1.9,3.09,5.36,2011,DT,jerrell powe,871.0
Sealver Siliga,Utah,73.75,305,29.0,100.0,29.0,4.75,7.7,,,,2011,DT,sealver siliga,
Adrian Taylor,Oklahoma,75.375,311,,,34.0,,,,,,2011,DT,adrian taylor,
Phil Taylor,Baylor,75.25,334,29.5,100.0,31.0,4.77,7.75,1.83,3.01,5.21,2011,DT,phil taylor,872.0
Cedric Thornton,Southern Arkansas,75.125,309,27.0,101.0,23.0,4.71,7.7,1.88,3.08,5.29,2011,DT,cedric thornton,
Colby Whitlock,Texas Tech,74.125,302,30.5,105.0,25.0,4.75,7.73,1.91,3.1,5.36,2011,DT,colby whitlock,
Muhammad Wilkerson,Temple,76.125,315,26.0,106.0,27.0,4.59,7.31,1.8,2.94,5.05,2011,DT,muhammad wilkerson,873.0
Ian Williams,Notre Dame,73.25,319,28.5,98.0,31.0,4.78,,1.84,3.02,5.29,2011,DT,ian williams,
Chas Alecxih,Pittsburgh,75.75,296,25.5,99.0,19.0,4.62,7.74,1.82,3.11,5.41,2012,DT,chas alecxih,
Michael Brockers,LSU,77.0,322,26.5,105.0,,4.81,7.46,1.81,3.12,5.36,2012,DT,michael brockers,874.0
Josh Chapman,Alabama,72.625,316,,,,,,,,,2012,DT,josh chapman,
Fletcher Cox,Mississippi State,76.0,298,26.0,103.0,30.0,4.53,7.07,1.66,2.82,4.79,2012,DT,fletcher cox,875.0
Mike Daniels,Iowa,72.5,291,,,,,,,,,2012,DT,mike daniels,876.0
Loni Fangupo,Brigham Young,72.75,323,31.5,99.0,36.0,4.62,7.94,1.74,3.01,5.18,2012,DT,loni fangupo,
Marcus Forston,Miami (FL),73.25,301,28.0,105.0,35.0,4.79,7.64,1.78,3.03,5.17,2012,DT,marcus forston,
Dominique Hamilton,Missouri,76.75,313,,,31.0,4.78,7.82,1.9,3.22,5.54,2012,DT,dominique hamilton,
DaJohn Harris,Southern California,75.375,306,,,,,,,,,2012,DT,dajohn harris,
Akiem Hicks,Regina,76.625,318,31.5,108.0,26.0,4.86,7.75,1.77,3.05,5.23,2012,DT,akiem hicks,
Jaye Howard,Florida,75.0,301,27.5,106.0,24.0,4.47,7.32,1.68,2.83,4.82,2012,DT,jaye howard,877.0
John Hughes,Cincinnati,74.5,309,,,28.0,,,,,,2012,DT,john hughes,878.0
Markus Kuhn,North Carolina State,76.75,299,34.5,112.0,28.0,4.41,7.43,1.67,2.91,4.97,2012,DT,markus kuhn,879.0
Mike Martin,Michigan,73.375,306,33.5,113.0,36.0,4.25,7.19,1.68,2.81,4.88,2012,DT,mike martin,880.0
Vaughn Meatoga,Hawaii,73.125,294,30.0,108.0,27.0,4.21,7.1,1.73,2.85,5.0,2012,DT,vaughn meatoga,
Rennie Moore,Clemson,75.0,268,30.5,109.0,21.0,4.53,,1.78,2.93,5.12,2012,DT,rennie moore,
Dontari Poe,Memphis,75.5,346,29.5,105.0,44.0,4.56,7.9,1.69,2.86,4.98,2012,DT,dontari poe,881.0
Tydreke Powell,North Carolina,74.25,311,28.5,99.0,29.0,4.62,7.31,1.86,3.09,5.36,2012,DT,tydreke powell,
Kheeston Randall,Texas,76.625,293,34.0,111.0,28.0,4.84,7.49,1.81,2.96,5.23,2012,DT,kheeston randall,882.0
Kendall Reyes,Connecticut,76.125,299,34.5,113.0,36.0,4.53,7.43,1.69,2.86,4.95,2012,DT,kendall reyes,883.0
Travian Robertson,South Carolina,76.125,302,26.0,102.0,30.0,,,1.89,3.05,5.32,2012,DT,travian robertson,884.0
Brett Roy,Nevada,74.875,275,30.5,108.0,32.0,4.62,7.31,1.76,2.93,5.07,2012,DT,brett roy,
Devon Still,Penn State,76.875,303,29.5,,26.0,,,1.76,2.93,5.08,2012,DT,devon still,885.0
J.R. Sweezy,North Carolina State,76.75,298,36.0,113.0,21.0,4.41,7.4,1.73,2.89,5.01,2012,DT,j r sweezy,886.0
Alameda Taamu,Washington,74.5,348,26.0,103.0,35.0,,,1.87,3.08,5.37,2012,DT,alameda taamu,
Brandon Thompson,Clemson,74.0,314,31.0,100.0,35.0,4.71,7.97,,,,2012,DT,brandon thompson,887.0
Christian Tupou,Southern California,74.25,289,24.0,92.0,30.0,4.87,8.07,1.88,3.11,5.42,2012,DT,christian tupou,
DeAngelo Tyson,Georgia,74.25,315,,,,,,,,,2012,DT,deangelo tyson,888.0
Derek Wolfe,Cincinnati,77.125,295,33.5,108.0,33.0,4.44,7.26,1.69,2.85,5.01,2012,DT,derek wolfe,889.0
Jerel Worthy,Michigan State,74.375,308,28.5,107.0,,4.56,7.6,1.74,2.93,5.08,2012,DT,jerel worthy,890.0
T.J. Barnes,Georgia Tech,78.25,369,22.0,97.0,25.0,4.96,8.26,1.89,3.12,5.3,2013,DT,t j barnes,
Josh Boyd,Mississippi State,74.625,310,26.5,104.0,32.0,4.64,7.16,1.74,2.95,5.14,2013,DT,josh boyd,
Everett Dawkins,Florida State,74.125,292,30.0,103.0,23.0,4.88,7.61,1.77,2.93,5.06,2013,DT,everett dawkins,891.0
Quinton Dial,Alabama,77.375,318,,,,,,,,,2013,DT,quinton dial,
Sharrif Floyd,Florida,74.625,297,30.0,106.0,,4.75,7.4,1.7,2.87,4.92,2013,DT,sharrif floyd,892.0
Kwame Geathers,Georgia,77.375,342,26.5,96.0,,5.27,8.11,1.91,3.16,5.44,2013,DT,kwame geathers,
Cory Grissom,South Florida,73.375,306,27.5,97.0,22.0,4.81,7.79,1.82,3.03,5.31,2013,DT,cory grissom,
Johnathan Hankins,Ohio State,74.875,320,26.0,104.0,,4.61,7.59,1.85,3.1,5.31,2013,DT,johnathan hankins,893.0
Jordan Hill,Penn State,73.25,303,22.5,103.0,28.0,4.51,7.49,1.84,3.02,5.23,2013,DT,jordan hill,894.0
Montori Hughes,Tennessee-Martin,76.0,329,26.5,104.0,22.0,4.7,7.85,1.85,3.05,5.23,2013,DT,montori hughes,895.0
John Jenkins,Georgia,75.625,346,,,30.0,,,,,,2013,DT,john jenkins,896.0
Chris Jones,Bowling Green,73.625,302,,,30.0,4.44,7.34,1.87,3.12,5.33,2013,DT,chris jones,897.0
Abry Jones,Georgia,75.375,313,26.5,101.0,30.0,,,,,,2013,DT,abry jones,
Kapron Lewis-Moore,Notre Dame,75.625,298,,,,,,,,,2013,DT,kapron lewis moore,
Bennie Logan,LSU,73.875,309,25.0,104.0,30.0,4.67,7.53,,,,2013,DT,bennie logan,898.0
Star Lotulelei,Utah,74.5,311,,,,,,,,,2013,DT,star lotulelei,899.0
Stacy McGee,Oklahoma,75.25,308,,,,,,,,,2013,DT,stacy mcgee,900.0
Sheldon Richardson,Missouri,74.5,294,32.0,116.0,30.0,,,1.75,2.91,5.02,2013,DT,sheldon richardson,901.0
Kawann Short,Purdue,74.875,299,,,,,,,,,2013,DT,kawann short,902.0
Jared Smith,New Hampshire,75.375,302,32.5,115.0,28.0,4.39,7.2,1.77,2.97,5.08,2013,DT,jared smith,903.0
Akeem Spence,Illinois,72.625,307,30.0,107.0,37.0,4.72,7.82,1.74,2.93,5.15,2013,DT,akeem spence,904.0
Nicholas Williams,Samford,76.5,309,33.0,111.0,28.0,4.65,7.55,1.7,2.86,4.94,2013,DT,nicholas williams,
Brandon Williams,Missouri Southern,73.25,335,29.5,102.0,38.0,4.91,8.09,1.86,3.09,5.37,2013,DT,brandon williams,905.0
Jesse Williams,Alabama,75.375,323,,,30.0,,,,,,2013,DT,jesse williams,906.0
Sylvester Williams,North Carolina,74.625,313,26.5,102.0,27.0,4.8,7.93,1.76,2.91,5.03,2013,DT,sylvester williams,907.0
Jay Bromley,Syracuse,75.125,306,33.5,106.0,26.0,4.78,7.92,1.74,2.93,5.06,2014,DT,jay bromley,908.0
Ryan Carrethers,Arkansas State,73.25,337,26.0,88.0,32.0,4.6,7.89,1.86,3.15,5.47,2014,DT,ryan carrethers,909.0
Deandre Coleman,California,76.75,314,,,24.0,,,,,,2014,DT,deandre coleman,
Aaron Donald,Pittsburgh,72.75,285,32.0,116.0,35.0,4.39,7.11,1.63,2.73,4.69,2014,DT,aaron donald,910.0
Dominique Easley,Florida,73.75,288,,,26.0,,,,,,2014,DT,dominique easley,911.0
Justin Ellis,Louisiana Tech,73.5,334,28.0,92.0,25.0,4.75,7.81,1.86,3.1,5.27,2014,DT,justin ellis,912.0
Ego Ferguson,LSU,74.875,315,,,24.0,,,,,,2014,DT,ego ferguson,913.0
RaShede Hageman,Minnesota,77.875,310,35.5,114.0,32.0,4.5,7.87,1.75,2.93,5.02,2014,DT,rashede hageman,
Kerry Hyder,Texas Tech,74.5,290,29.5,108.0,20.0,4.33,7.23,1.84,3.0,5.1,2014,DT,kerry hyder,
Timmy Jernigan,Florida State,73.625,299,29.5,102.0,27.0,4.83,,1.76,2.94,5.06,2014,DT,timmy jernigan,914.0
Anthony Johnson,LSU,74.5,308,24.5,102.0,20.0,4.83,7.93,1.82,3.05,5.24,2014,DT,anthony johnson,
DaQuan Jones,Penn State,75.75,322,27.5,101.0,25.0,4.78,7.73,1.85,3.07,5.35,2014,DT,daquan jones,915.0
Zach Kerr,Kansas State,73.375,326,28.5,99.0,28.0,4.71,7.93,1.79,2.95,5.08,2014,DT,zach kerr,
Eathyn Manumaleuna,Brigham Young,74.25,296,28.0,101.0,29.0,4.61,7.78,1.73,2.92,5.16,2014,DT,eathyn manumaleuna,
Daniel McCullers,Tennessee,78.75,352,20.5,97.0,27.0,,,,,,2014,DT,daniel mccullers,916.0
"Louis Nix, III",Kansas,74.375,331,25.5,97.0,,4.94,8.29,1.89,3.13,5.42,2014,DT,louis nix,917.0
Tenny Palepoi,Utah,73.5,298,30.5,111.0,31.0,4.53,7.67,1.77,2.95,5.1,2014,DT,tenny palepoi,
Mike Pennel,Colorado State-Pueblo,76.25,332,28.5,102.0,23.0,4.84,7.94,1.82,3.03,5.23,2014,DT,mike pennel,
Kelcy Quarles,South Carolina,75.75,297,23.5,102.0,27.0,,,1.78,2.96,5.03,2014,DT,kelcy quarles,
Kaleb Ramsey,Boston College,75.0,293,,,36.0,,,,,,2014,DT,kaleb ramsey,
Caraun Reid,Princeton,74.125,302,26.5,106.0,20.0,4.58,7.59,1.7,2.87,4.91,2014,DT,caraun reid,918.0
Shamar Stephen,Connecticut,76.875,309,30.5,103.0,25.0,,,1.83,3.02,5.25,2014,DT,shamar stephen,919.0
Will Sutton,Arizona State,72.5,303,28.5,99.0,24.0,4.82,7.93,1.82,3.07,5.36,2014,DT,will sutton,920.0
Robert Thomas,Arkansas,73.25,327,,,32.0,,,,,,2014,DT,robert thomas,
Khyri Thornton,Southern Miss,74.625,304,29.0,112.0,28.0,4.76,7.83,1.78,2.94,5.03,2014,DT,khyri thornton,921.0
Stephon Tuitt,Notre Dame,77.5,304,,,31.0,,,,,,2014,DT,stephon tuitt,
George Uko,Southern California,74.625,284,29.5,110.0,18.0,,,1.78,2.93,4.99,2014,DT,george uko,
Chris Whaley,Texas,75.125,269,,,,,,,,,2014,DT,chris whaley,
Mike Bennett,Ohio State,74.0,293,,,,,,,,,2015,DT,mike bennett,
Angelo Blackson,Auburn,76.375,318,31.0,101.0,20.0,4.57,7.5,1.77,2.93,5.02,2015,DT,angelo blackson,922.0
Malcom Brown,Texas,74.375,319,29.5,98.0,26.0,4.59,7.84,1.75,2.94,5.05,2015,DT,malcom brown,923.0
Xavier Cooper,Washington State,74.875,293,29.0,110.0,29.0,4.37,7.23,1.67,2.81,4.86,2015,DT,xavier cooper,924.0
Christian Covington,Rice,74.375,289,,,,,,,,,2015,DT,christian covington,925.0
Carl Davis,Iowa,76.625,320,33.0,103.0,,4.47,7.91,1.73,2.91,5.07,2015,DT,carl davis,926.0
Tyeler Davison,Fresno State,73.625,316,33.0,105.0,32.0,4.46,7.53,1.82,3.0,5.18,2015,DT,tyeler davison,927.0
Eddie Goldman,Florida State,75.875,336,,,,,,,,,2015,DT,eddie goldman,928.0
Marcus Hardison,Arizona State,75.125,307,,,27.0,,,,,,2015,DT,marcus hardison,
Grady Jarrett,Clemson,72.75,304,31.0,112.0,30.0,4.56,7.37,1.69,2.87,5.06,2015,DT,grady jarrett,
Derrick Lott,Chattanooga,76.0,314,26.5,106.0,30.0,4.44,7.3,1.77,2.92,4.99,2015,DT,derrick lott,
Joey Mbu,Houston,74.875,313,22.5,97.0,,5.01,8.2,1.85,3.15,5.54,2015,DT,joey mbu,
Ellis McCarthy,UCLA,76.625,338,32.0,109.0,24.0,5.07,8.16,1.81,3.02,5.21,2015,DT,ellis mccarthy,
Rakeem Nunez-Roches,Nebraska,74.25,307,34.0,114.0,26.0,4.69,7.67,1.71,2.9,5.02,2015,DT,rakeem nunez roches,929.0
Leon Orr,Florida,76.875,323,28.0,100.0,,4.9,8.26,1.84,3.03,5.16,2015,DT,leon orr,
David Parry,Stanford,73.25,308,29.0,103.0,34.0,,,1.75,3.01,5.38,2015,DT,david parry,
Jordan Phillips,Oklahoma,77.25,329,30.0,105.0,28.0,4.68,7.88,1.82,3.01,5.17,2015,DT,jordan phillips,
Darius Philon,Arkansas,73.375,298,31.0,107.0,26.0,,8.0,1.78,2.95,5.0,2015,DT,darius philon,930.0
Bobby Richardson,Indiana,74.625,283,32.5,106.0,,4.41,7.57,1.84,3.02,5.16,2015,DT,bobby richardson,
Danny Shelton,Washington,74.125,339,30.5,95.0,34.0,4.65,7.99,1.9,3.21,5.64,2015,DT,danny shelton,
Deon Simon,Northwestern State,76.375,321,29.5,105.0,35.0,4.76,7.92,1.77,2.99,5.12,2015,DT,deon simon,
J.T. Surratt,South Carolina,73.0,304,30.0,106.0,29.0,4.71,7.78,1.85,3.05,5.19,2015,DT,j t surratt,
Louis Trinca-Pasat,Iowa,73.0,290,32.0,105.0,,4.3,7.4,1.71,2.85,4.96,2015,DT,louis trinca pasat,
Leterrius Walton,Central Michigan,76.875,319,27.0,103.0,25.0,4.78,7.91,1.78,2.99,5.25,2015,DT,leterrius walton,931.0
Leonard Williams,Southern California,76.625,302,29.5,106.0,,4.53,7.59,1.73,2.88,4.97,2015,DT,leonard williams,
Gabe Wright,Auburn,74.75,300,26.5,100.0,34.0,4.56,7.73,1.78,2.96,5.07,2015,DT,gabe wright,932.0
Andrew Billings,Baylor,72.625,311,27.5,113.0,31.0,4.82,8.05,1.77,2.93,5.05,2016,DT,andrew billings,
Vernon Butler,Louisiana Tech,75.625,323,29.5,104.0,26.0,4.76,7.82,1.82,3.07,5.33,2016,DT,vernon butler,933.0
Kenny Clark,UCLA,74.625,314,28.5,102.0,29.0,4.62,,1.72,2.9,5.06,2016,DT,kenny clark,934.0
Maliek Collins,Nebraska,73.875,311,29.5,109.0,25.0,4.52,7.53,1.76,2.91,5.03,2016,DT,maliek collins,935.0
Sheldon Day,Notre Dame,72.625,293,30.0,102.0,21.0,4.5,7.44,1.69,2.88,5.07,2016,DT,sheldon day,936.0
Adam Gotsis,Georgia Tech,76.5,287,,,,,,,,,2016,DT,adam gotsis,937.0
Javon Hargrave,South Carolina State,73.375,309,34.5,109.0,29.0,4.7,7.9,1.69,2.85,4.93,2016,DT,javon hargrave,938.0
Joel Heath,Michigan State,77.25,293,33.0,113.0,26.0,4.52,7.44,1.75,2.9,5.02,2016,DT,joel heath,
Willie Henry,Michigan,74.75,303,30.5,110.0,28.0,4.53,7.57,1.74,2.9,5.0,2016,DT,willie henry,939.0
Matt Ioannidis,Temple,75.5,299,28.0,108.0,32.0,4.68,7.78,1.76,2.92,5.03,2016,DT,matt ioannidis,
Quinton Jefferson,Maryland,75.875,291,29.0,,24.0,4.37,7.95,1.69,2.83,4.95,2016,DT,quinton jefferson,940.0
Austin Johnson,Penn State,76.375,314,26.0,99.0,25.0,4.75,7.84,1.85,3.07,5.32,2016,DT,austin johnson,
Chris Jones,Mississippi State,77.75,310,24.5,106.0,26.0,4.62,7.44,1.69,2.86,5.03,2016,DT,chris jones,941.0
Darius Latham,Indiana,76.25,311,29.0,100.0,,4.63,7.76,1.86,3.11,5.32,2016,DT,darius latham,
Nile Lawrence-Stample,Florida State,73.0,320,,,,,,,,,2016,DT,nile lawrence stample,
Luther Maddy,Virginia Tech,72.0,287,,,29.0,,,,,,2016,DT,luther maddy,
Chris Mayes,Georgia,75.125,338,23.5,104.0,33.0,5.13,,1.73,2.97,5.21,2016,DT,chris mayes,
Robert Nkemdiche,Mississippi,75.5,294,35.0,116.0,28.0,,,1.67,2.84,4.87,2016,DT,robert nkemdiche,942.0
Sheldon Rankins,Louisville,73.125,299,34.5,118.0,28.0,4.59,7.44,1.73,2.89,5.03,2016,DT,sheldon rankins,943.0
D.J. Reader,Clemson,74.625,327,29.5,99.0,30.0,4.71,7.9,1.83,3.07,5.33,2016,DT,d j reader,
Jarran Reed,Alabama,74.875,307,31.0,104.0,,4.75,7.77,1.8,3.02,5.21,2016,DT,jarran reed,944.0
Hassan Ridgeway,Texas,75.375,303,32.0,113.0,24.0,4.82,8.28,1.71,2.88,5.02,2016,DT,hassan ridgeway,945.0
AShawn Robinson,Alabama,75.625,307,26.0,106.0,22.0,4.74,7.8,1.78,3.01,5.2,2016,DT,ashawn robinson,
Devaunte Sigler,Jacksonville State,75.5,298,25.0,,23.0,4.97,7.9,1.83,3.01,5.15,2016,DT,devaunte sigler,
Vincent Valentine,Nebraska,75.625,329,29.0,110.0,17.0,4.59,8.03,1.77,2.99,5.19,2016,DT,vincent valentine,946.0
Jihad Ward,Illinois,77.125,297,25.0,111.0,20.0,4.63,7.38,1.76,2.97,5.11,2016,DT,jihad ward,
Adolphus Washington,Ohio State,75.375,301,27.0,99.0,21.0,4.79,8.06,1.79,3.0,5.17,2016,DT,adolphus washington,947.0
Antwaun Woods,Southern California,72.125,318,,,,,,,,,2016,DT,antwaun woods,
Connor Wujciak,Boston College,74.5,291,34.5,117.0,22.0,4.27,7.32,1.69,2.85,4.91,2016,DT,connor wujciak,
Montravius Adams,Auburn,75.625,304,29.0,108.0,22.0,,,1.71,2.82,4.87,2017,DT,montravius adams,948.0
Jonathan Allen,Alabama,74.625,286,30.0,108.0,21.0,,,1.73,2.86,5.0,2017,DT,jonathan allen,
Caleb Brantley,Florida,74.625,307,27.0,104.0,21.0,,,1.77,2.97,5.14,2017,DT,caleb brantley,949.0
Chunky Clements,Illinois,74.125,301,,,23.0,,,,,,2017,DT,chunky clements,
Ryan Glasgow,Michigan,74.875,302,27.5,104.0,20.0,,,1.85,3.01,5.13,2017,DT,ryan glasgow,950.0
Davon Godchaux,LSU,75.125,310,,,18.0,,,1.83,3.04,5.27,2017,DT,davon godchaux,951.0
Treyvon Hester,Toledo,74.125,300,,,,,,,,,2017,DT,treyvon hester,952.0
Jaleel Johnson,Iowa,74.875,316,28.0,99.0,19.0,,,1.91,3.13,5.38,2017,DT,jaleel johnson,953.0
D.J. Jones,Mississippi,72.625,319,28.5,108.0,25.0,,,1.75,2.9,5.04,2017,DT,d j jones,954.0
Nazair Jones,North Carolina,76.625,304,24.5,100.0,,,,1.8,2.95,5.11,2017,DT,nazair jones,955.0
Jarron Jones,Notre Dame,77.625,316,20.5,,22.0,,,1.87,3.08,5.33,2017,DT,jarron jones,
Jeremiah Ledbetter,Arkansas,74.875,280,32.5,112.0,29.0,,,1.71,2.82,4.84,2017,DT,jeremiah ledbetter,
Malik McDowell,Michigan State,77.75,295,28.5,111.0,23.0,,,1.69,2.84,4.85,2017,DT,malik mcdowell,956.0
Larry Ogunjobi,Charlotte,74.625,305,32.0,115.0,26.0,,,1.76,2.9,4.97,2017,DT,larry ogunjobi,957.0
Elijah Qualls,Washington,73.125,313,31.5,104.0,33.0,,,1.74,2.93,5.13,2017,DT,elijah qualls,958.0
Tanzel Smart,Tulane,72.625,296,27.0,104.0,22.0,,,1.85,3.05,5.24,2017,DT,tanzel smart,959.0
Vincent Taylor,Oklahoma State,74.75,304,28.5,108.0,26.0,,,1.77,2.95,5.07,2017,DT,vincent taylor,960.0
Dalvin Tomlinson,Alabama,75.0,310,27.0,110.0,,,,1.81,3.02,5.19,2017,DT,dalvin tomlinson,961.0
Stevie Tuikolovatu,Southern California,73.125,331,24.5,90.0,28.0,,,1.85,3.13,5.45,2017,DT,stevie tuikolovatu,
Eddie Vanderdoes,UCLA,75.125,305,28.5,111.0,28.0,,,1.69,2.85,4.99,2017,DT,eddie vanderdoes,962.0
Charles Walker,Oklahoma,74.125,310,28.0,105.0,25.0,,,1.74,2.88,4.96,2017,DT,charles walker,
Carlos Watkins,Clemson,75.125,309,,,25.0,,,,,,2017,DT,carlos watkins,963.0
Chris Wormley,Michigan,77.375,298,,,23.0,,,,,,2017,DT,chris wormley,
John Atkins,Georgia,74.875,321,24.0,89.0,,4.75,7.95,1.92,3.13,5.38,2018,DT,john atkins,
Andrew Brown,Virginia,75.375,296,28.0,101.0,31.0,4.48,7.51,1.73,2.91,5.03,2018,DT,andrew brown,
Taven Bryan,Florida,77.0,291,35.0,119.0,30.0,4.48,7.12,1.68,2.88,4.98,2018,DT,taven bryan,964.0
Matt Dickerson,UCLA,76.625,292,31.0,,26.0,,,1.8,3.0,5.06,2018,DT,matt dickerson,
Folorunso Fatukasi,Connecticut,75.75,318,30.0,112.0,33.0,4.53,7.44,1.76,3.0,5.29,2018,DT,folorunso fatukasi,965.0
Joshua Frazier,Alabama,74.875,321,,,21.0,,,,,,2018,DT,joshua frazier,966.0
Zaycoven Henderson,Texas AM,72.75,298,29.5,105.0,20.0,4.58,7.33,1.76,2.98,5.16,2018,DT,zaycoven henderson,
B.J. Hill,North Carolina State,75.25,311,26.5,101.0,35.0,4.53,7.28,1.73,2.88,4.99,2018,DT,b j hill,967.0
Maurice Hurst,Michigan,73.25,292,,,,,,,,,2018,DT,maurice hurst,968.0
Justin Jones,North Carolina State,74.5,309,29.0,104.0,24.0,4.74,7.82,1.75,2.96,5.09,2018,DT,justin jones,969.0
James Looney,California,74.75,287,35.5,113.0,28.0,4.37,7.32,1.67,2.84,4.89,2018,DT,james looney,
Lowell Lotulelei,Utah,73.625,315,,,28.0,,,,,,2018,DT,lowell lotulelei,
RJ McIntosh,Miami (FL),76.5,286,,,,,,,,,2018,DT,rj mcintosh,
Kahlil McKenzie Jr.,Tennessee,74.75,314,29.5,105.0,26.0,4.68,7.94,1.78,2.98,5.15,2018,DT,kahlil mckenzie,970.0
Bilal Nichols,Delaware,75.75,306,,,29.0,,,1.72,2.89,4.95,2018,DT,bilal nichols,971.0
Derrick Nnadi,Florida State,73.0,317,27.0,96.0,25.0,5.02,8.15,1.81,3.04,5.33,2018,DT,derrick nnadi,972.0
Kendrick Norton,Miami (FL),74.875,314,,,30.0,,,1.78,3.01,5.25,2018,DT,kendrick norton,973.0
DaRon Payne,Alabama,74.5,311,28.5,107.0,27.0,4.71,7.58,1.66,2.84,4.9,2018,DT,daron payne,974.0
Harrison Phillips,Stanford,75.25,307,32.0,103.0,42.0,4.5,7.28,1.79,3.0,5.21,2018,DT,harrison phillips,975.0
Deadrin Senat,South Florida,72.0,314,26.0,100.0,35.0,4.79,7.77,1.76,3.01,5.16,2018,DT,deadrin senat,976.0
Tim Settle,Virginia Tech,74.75,329,23.5,96.0,,4.83,7.95,1.89,3.09,5.37,2018,DT,tim settle,977.0
Nathan Shepherd,Fort Hays State,75.75,315,31.0,112.0,,4.53,7.5,1.77,2.94,5.09,2018,DT,nathan shepherd,978.0
Taylor Stallworth,South Carolina,74.25,312,23.5,101.0,18.0,4.75,7.95,1.82,3.05,5.28,2018,DT,taylor stallworth,
Kentavius Street,North Carolina State,74.25,280,,,28.0,,,1.66,2.79,4.87,2018,DT,kentavius street,979.0
Trenton Thompson,Georgia,74.625,288,32.5,111.0,,4.56,7.68,1.73,2.91,5.06,2018,DT,trenton thompson,
Vita Vea,Washington,76.0,347,,,41.0,,,1.76,2.95,5.1,2018,DT,vita vea,980.0
Eddy Wilson,Purdue,74.75,301,,96.0,26.0,,,1.85,3.09,5.37,2018,DT,eddy wilson,
Terry Beckner Jr,Missouri,75.625,296,24.5,98.0,28.0,4.82,7.97,1.86,3.06,5.19,2019,DT,terry beckner,981.0
Isaiah Buggs,Alabama,75.125,306,24.5,96.0,20.0,4.83,8.01,1.81,3.01,5.15,2019,DT,isaiah buggs,982.0
Demarcus Christmas,Florida State,75.75,299,25.5,101.0,22.0,5.07,8.13,1.76,2.94,5.08,2019,DT,demarcus christmas,983.0
Byron Cowart,Maryland,75.0,298,30.0,111.0,26.0,,,1.81,2.99,5.16,2019,DT,byron cowart,984.0
Greg Gaines,Washington,73.125,308,31.0,109.0,30.0,,,1.8,2.98,5.16,2019,DT,greg gaines,985.0
Kevin Givens,Penn State,73.25,285,31.0,115.0,32.0,4.62,7.63,1.81,2.75,5.08,2019,DT,kevin givens,
Trysten Hill,Central Florida,74.75,305,35.0,115.0,28.0,4.38,7.7,1.73,2.88,5.04,2019,DT,trysten hill,986.0
Albert Huggins,Clemson,74.875,305,25.5,101.0,35.0,4.84,7.84,1.8,2.98,5.12,2019,DT,albert huggins,
DreMont Jones,Ohio State,74.75,281,31.5,110.0,,4.53,7.71,1.77,2.94,5.12,2019,DT,dremont jones,
Kingsley Keke,Texas AM,74.625,288,31.5,111.0,,4.46,7.55,1.76,2.89,4.95,2019,DT,kingsley keke,987.0
Dexter Lawrence,Clemson,76.5,338,,,36.0,,,,,5.05,2019,DT,dexter lawrence,988.0
Daylon Mack,Texas AM,73.0,336,27.0,102.0,30.0,4.95,8.02,1.73,2.98,5.18,2019,DT,daylon mack,989.0
Ed Oliver,Houston,73.875,281,36.0,120.0,32.0,,,,,,2019,DT,ed oliver,990.0
Dontavius Russell,Auburn,74.75,319,,,24.0,4.77,7.81,1.82,3.02,5.15,2019,DT,dontavius russell,991.0
Khalen Saunders,Western Illinois,72.375,324,30.5,101.0,27.0,4.62,7.57,1.73,2.91,5.01,2019,DT,khalen saunders,992.0
Chris Slayton,Syracuse,75.625,307,29.0,101.0,28.0,4.73,,1.8,2.99,5.13,2019,DT,chris slayton,993.0
Jerry Tillery,Notre Dame,78.5,295,32.0,115.0,23.0,4.33,7.45,1.69,2.88,4.93,2019,DT,jerry tillery,994.0
Armon Watts,Arkansas,76.625,300,,,,,,1.8,3.04,5.23,2019,DT,armon watts,995.0
Christian Wilkins,Clemson,75.25,311,29.5,107.0,28.0,4.55,,1.76,2.94,5.04,2019,DT,christian wilkins,996.0
Quinnen Williams,Alabama,75.0,303,30.5,112.0,,,,1.67,2.8,4.83,2019,DT,quinnen williams,997.0
Gerald Willis III,Miami (FL),73.75,302,,,,,,,,,2019,DT,gerald willis,
Daniel Wise,Kansas,74.75,279,27.5,112.0,22.0,4.37,7.53,1.8,3.05,5.28,2019,DT,daniel wise,
Renell Wren,Arizona State,77.125,317,32.0,118.0,30.0,4.53,7.65,1.75,2.9,5.01,2019,DT,renell wren,998.0
McTelvin Agim,Arkansas,74.625,309,,,27.0,,,1.76,2.89,4.98,2020,DT,mctelvin agim,999.0
Ross Blacklock,Texas Christian,75.125,290,29.0,107.0,,4.67,7.77,1.7,2.86,4.9,2020,DT,ross blacklock,1000.0
Derrick Brown,Auburn,76.625,326,27.0,108.0,28.0,4.79,8.22,1.78,2.98,5.16,2020,DT,derrick brown,1001.0
Josiah Coatney,Mississippi,75.375,308,27.0,99.0,22.0,4.82,8.07,1.8,3.0,5.21,2020,DT,josiah coatney,
Darrion Daniels,Nebraska,75.25,311,27.0,109.0,21.0,4.93,7.75,1.81,3.0,5.18,2020,DT,darrion daniels,
Marlon Davidson,Auburn,75.375,303,,,21.0,,,1.78,2.94,5.04,2020,DT,marlon davidson,
Raekwon Davis,Alabama,78.125,311,28.0,111.0,24.0,4.86,7.95,1.78,2.99,5.12,2020,DT,raekwon davis,1002.0
Carlos Davis,Nebraska,74.0,313,,,27.0,4.52,,1.67,2.78,4.82,2020,DT,carlos davis,1003.0
Khalil Davis,Nebraska,73.0,308,,,32.0,,,1.66,2.75,4.75,2020,DT,khalil davis,1004.0
Jordan Elliott,Missouri,75.875,302,27.5,,24.0,4.73,,1.71,2.9,5.02,2020,DT,jordan elliott,1005.0
Leki Fotu,Utah,77.375,330,,,21.0,,,1.8,3.0,5.15,2020,DT,leki fotu,1006.0
Neville Gallimore,Oklahoma,74.0,304,,,23.0,5.01,7.97,1.69,2.79,4.79,2020,DT,neville gallimore,1007.0
Davon Hamilton,Ohio State,75.75,320,29.5,102.0,33.0,,7.72,1.8,2.98,5.14,2020,DT,davon hamilton,1008.0
Benito Jones,Mississippi,73.0,316,26.5,,,5.27,8.21,1.8,3.02,5.26,2020,DT,benito jones,
Javon Kinlaw,South Carolina,77.125,324,,,,,,,,,2020,DT,javon kinlaw,1009.0
Rashard Lawrence,LSU,74.0,308,,,22.0,,8.03,1.72,2.88,5.07,2020,DT,rashard lawrence,1010.0
James Lynch,Baylor,75.625,289,29.0,111.0,23.0,4.39,7.39,1.73,2.92,5.01,2020,DT,james lynch,1011.0
Justin Madubuike,Texas AM,74.625,293,,,31.0,,7.37,1.73,2.85,4.83,2020,DT,justin madubuike,
Larrell Murchison,North Carolina State,74.5,297,29.0,118.0,29.0,4.51,7.89,1.81,2.94,5.05,2020,DT,larrell murchison,1012.0
John Penisini,Utah,73.375,318,25.5,,23.0,4.93,,,,,2020,DT,john penisini,1013.0
Malcolm Roach,Texas,74.125,297,30.0,114.0,20.0,,,1.68,2.81,4.84,2020,DT,malcolm roach,
Broderick Washington Jr.,Texas Tech,74.25,305,,,23.0,,,,,,2020,DT,broderick washington,1014.0
Raequan Williams,Michigan State,76.0,308,25.5,101.0,17.0,4.78,7.72,1.78,2.96,5.04,2020,DT,raequan williams,
Robert Windsor,Penn State,76.5,290,28.5,111.0,21.0,4.44,7.47,1.74,2.85,4.9,2020,DT,robert windsor,1015.0
Solomon Bates,Arizona State,73.375,243,30.0,112.0,19.0,4.34,7.23,1.61,2.83,4.89,2003,ILB,solomon bates,
Lance Briggs,Arizona,72.625,242,33.0,113.0,25.0,,,1.66,2.76,4.75,2003,ILB,lance briggs,
Mark Brown,Auburn,72.375,238,37.5,121.0,,4.21,7.37,1.65,2.82,4.84,2003,ILB,mark brown,
Angelo Crowell,Virginia,72.375,236,32.5,,25.0,4.29,7.08,1.64,2.74,4.73,2003,ILB,angelo crowell,
Lawrence Flugence,Texas Tech,73.125,239,34.0,106.0,23.0,4.36,7.4,1.75,2.84,4.87,2003,ILB,lawrence flugence,
Tony Gilbert,Georgia,71.875,251,27.5,109.0,19.0,,,,,,2003,ILB,tony gilbert,
Mario Haggan,Mississippi State,74.625,252,33.0,110.0,21.0,4.46,7.55,1.74,2.84,4.88,2003,ILB,mario haggan,
Byron Hardmon,Florida,73.0,232,32.5,115.0,17.0,4.41,7.55,1.7,2.81,4.79,2003,ILB,byron hardmon,
Gerald Hayes,Pittsburgh,72.875,238,30.5,107.0,,4.35,7.57,,,,2003,ILB,gerald hayes,
E.J. Henderson,Maryland,72.875,245,,,20.0,,,,,,2003,ILB,e j henderson,
Victor Hobson,Michigan,72.5,252,33.0,117.0,29.0,4.33,7.26,1.74,2.86,4.82,2003,ILB,victor hobson,
Bradie James,LSU,74.375,242,32.5,113.0,,4.54,7.53,,,,2003,ILB,bradie james,
LaMarcus McDonald,Texas Christian,73.25,227,31.0,110.0,,4.44,7.6,1.85,2.93,5.01,2003,ILB,lamarcus mcdonald,
Kawika Mitchell,South Florida,72.875,253,37.0,117.0,25.0,4.24,7.32,1.64,2.7,4.7,2003,ILB,kawika mitchell,
Terry Pierce,Kansas State,73.375,251,27.5,,28.0,,,,,,2003,ILB,terry pierce,
Terrence Robinson,Oklahoma State,72.375,240,33.5,116.0,19.0,4.36,7.62,1.78,2.98,4.97,2003,ILB,terrence robinson,
Clifton Smith,Syracuse,74.375,253,,,,,,1.72,2.82,4.88,2003,ILB,clifton smith,
Keyon Whiteside,Tennessee,71.875,229,29.0,111.0,27.0,4.34,7.32,1.65,2.73,4.83,2003,ILB,keyon whiteside,
Matt Wilhelm,Ohio State,75.75,245,,,,,,,,,2003,ILB,matt wilhelm,
Jorge Cordova,Nevada,73.375,241,35.5,,22.0,4.16,7.25,,,,2004,ILB,jorge cordova,
Rod Davis,Southern Miss,74.0,239,,114.0,,4.02,7.2,1.64,2.76,4.75,2004,ILB,rod davis,
Ryan Fowler,Duke,75.125,250,37.5,118.0,35.0,4.19,7.19,1.66,2.76,4.77,2004,ILB,ryan fowler,
Niko Koutouvides,Purdue,74.5,244,30.5,108.0,,3.88,6.98,1.64,2.73,4.7,2004,ILB,niko koutouvides,
Caleb Miller,Arkansas,75.25,224,34.5,120.0,23.0,3.93,6.85,1.65,2.72,4.71,2004,ILB,caleb miller,
Robert Reynolds,Ohio State,75.5,251,32.5,116.0,18.0,3.94,7.17,1.7,2.8,4.76,2004,ILB,robert reynolds,
Richard Seigler,Oregon State,74.25,244,,,25.0,,,,,,2004,ILB,richard seigler,
Cody Spencer,North Texas,74.5,242,34.5,116.0,27.0,4.08,6.94,1.63,2.71,4.66,2004,ILB,cody spencer,
Jonathan Vilma,Miami (FL),72.5,233,,,,,,,,,2004,ILB,jonathan vilma,
Channing Crowder,Florida,74.25,245,,,,,,,,,2005,ILB,channing crowder,
Liam Ezekiel,Northeastern (MA),72.125,249,34.5,118.0,36.0,4.12,7.27,1.67,2.78,4.85,2005,ILB,liam ezekiel,
Alfred Fincher,Connecticut,73.375,238,31.5,112.0,25.0,4.45,7.69,1.65,2.75,4.72,2005,ILB,alfred fincher,
Michael Goolsby,Notre Dame,75.0,249,29.5,112.0,,4.36,7.31,1.75,2.93,5.0,2005,ILB,michael goolsby,
Boomer Grigsby,Illinois State,71.75,249,35.5,112.0,32.0,,7.1,1.58,2.68,4.63,2005,ILB,boomer grigsby,
Leroy Hill,Clemson,73.0,229,34.0,116.0,25.0,4.1,7.23,1.67,2.75,4.74,2005,ILB,leroy hill,
Marcus Lawrence,South Carolina,74.125,243,34.0,121.0,19.0,4.32,7.16,1.64,2.74,4.68,2005,ILB,marcus lawrence,
Robert McCune,Louisville,72.0,245,,,34.0,,,1.62,2.67,4.51,2005,ILB,robert mccune,
Lance Mitchell,Oklahoma,74.125,247,33.5,,15.0,4.38,7.49,1.78,2.9,4.93,2005,ILB,lance mitchell,
Kirk Morrison,San Diego State,73.0,235,,,25.0,4.31,,,,,2005,ILB,kirk morrison,
Martin Patterson,Texas Christian,73.5,243,34.0,115.0,21.0,4.2,7.31,1.65,2.8,4.9,2005,ILB,martin patterson,
Barrett Ruud,Nebraska,74.5,241,34.5,112.0,25.0,3.94,7.22,1.68,2.78,4.78,2005,ILB,barrett ruud,
Adam Seward,UNLV,74.25,248,36.5,120.0,33.0,4.11,7.17,1.63,2.66,4.6,2005,ILB,adam seward,
Lofa Tatupu,Southern California,71.875,238,35.0,113.0,23.0,4.21,7.32,1.63,2.78,4.83,2005,ILB,lofa tatupu,
Odell Thurman,Georgia,72.125,233,34.0,,23.0,4.28,7.35,1.67,2.74,4.62,2005,ILB,odell thurman,
Trent Bray,Oregon State,72.625,231,32.0,109.0,18.0,4.41,7.15,1.7,2.84,4.9,2006,ILB,trent bray,
Will Derting,Washington State,72.25,247,,,,,,,,,2006,ILB,will derting,
Tim Dobbins,Iowa State,73.125,246,35.5,110.0,23.0,4.39,7.25,1.62,2.65,4.61,2006,ILB,tim dobbins,
Spencer Havner,UCLA,75.375,242,39.0,116.0,,4.07,6.81,1.66,2.76,4.73,2006,ILB,spencer havner,
Abdul Hodge,Iowa,72.375,236,31.0,108.0,,4.3,7.09,1.64,2.78,4.79,2006,ILB,abdul hodge,
Oliver Hoyte,North Carolina State,74.625,245,32.0,112.0,19.0,4.3,7.47,1.75,2.9,5.01,2006,ILB,oliver hoyte,
DQwell Jackson,Maryland,72.5,230,37.0,116.0,19.0,4.36,7.05,1.65,2.74,4.78,2006,ILB,dqwell jackson,
Freddy Keiaho,San Diego State,71.25,224,36.0,113.0,15.0,4.12,7.01,,,,2006,ILB,freddy keiaho,
Tim McGarigle,Northwestern,72.625,242,38.0,118.0,,4.07,7.09,1.63,2.77,4.76,2006,ILB,tim mcgarigle,
Kai Parham,Virginia,75.0,256,35.0,116.0,30.0,4.33,7.35,1.76,2.87,5.03,2006,ILB,kai parham,
Freddie Roach,Alabama,73.875,257,34.0,111.0,,4.42,7.49,1.76,2.93,5.01,2006,ILB,freddie roach,
Dale Robinson,Arizona State,72.375,231,33.0,108.0,18.0,4.3,7.29,1.72,2.84,4.86,2006,ILB,dale robinson,
Anthony Schlegel,Ohio State,72.5,250,32.0,111.0,21.0,4.38,7.41,1.69,2.83,4.86,2006,ILB,anthony schlegel,
Stephen Tulloch,North Carolina State,70.75,241,33.5,113.0,27.0,4.15,7.19,1.67,2.83,4.86,2006,ILB,stephen tulloch,
Gerris Wilkinson,Georgia Tech,75.0,233,39.0,122.0,19.0,4.17,7.21,1.56,2.71,4.65,2006,ILB,gerris wilkinson,
Leon Williams,Miami (FL),75.0,245,,,25.0,,,1.56,2.67,4.61,2006,ILB,leon williams,
Jon Abbate,Wake Forest,69.75,231,38.5,115.0,26.0,4.33,7.12,1.77,2.91,5.04,2007,ILB,jon abbate,
Desmond Bishop,California,73.875,239,,,33.0,,,1.66,2.77,4.77,2007,ILB,desmond bishop,
H.B. Blades,Pittsburgh,70.75,236,,,22.0,,,,,,2007,ILB,h b blades,
Buster Davis,Florida State,69.375,239,31.0,104.0,24.0,4.37,7.28,1.74,2.84,4.77,2007,ILB,buster davis,
Zak DeOssie,Brown,76.625,250,34.5,122.0,26.0,4.22,6.89,1.58,2.67,4.63,2007,ILB,zak deossie,
Justin Durant,Hampton,72.875,230,36.0,121.0,25.0,4.09,6.77,1.6,2.68,4.6,2007,ILB,justin durant,
David Harris,Michigan,74.25,243,33.0,107.0,23.0,4.29,7.25,1.6,2.69,4.62,2007,ILB,david harris,
Zach Latimer,Oklahoma,73.75,237,34.0,109.0,19.0,4.45,7.27,1.7,2.82,4.84,2007,ILB,zach latimer,
Marvin Mitchell,Tennessee,75.0,249,32.0,108.0,22.0,4.25,7.29,1.67,2.83,4.86,2007,ILB,marvin mitchell,
Michael Okwo,Stanford,71.375,232,35.5,121.0,20.0,4.43,7.12,1.66,2.75,4.77,2007,ILB,michael okwo,
Blair Phillips,Oregon,73.125,243,30.5,106.0,23.0,4.48,7.01,1.66,2.81,4.81,2007,ILB,blair phillips,
Brandon Siler,Florida,73.75,241,30.5,109.0,,,7.34,1.62,2.73,4.7,2007,ILB,brandon siler,
Kelvin Smith,Syracuse,74.0,240,32.0,110.0,26.0,4.42,7.19,1.65,2.8,4.82,2007,ILB,kelvin smith,
Justin Warren,Texas AM,74.625,245,29.5,115.0,16.0,,,1.66,2.85,4.95,2007,ILB,justin warren,
Anthony Waters,Clemson,74.625,245,,,25.0,,,,,,2007,ILB,anthony waters,
Patrick Willis,Mississippi,73.125,242,39.0,119.0,22.0,4.46,7.23,1.61,2.68,4.56,2007,ILB,patrick willis,
Steve Allen,West Texas AM,72.5,236,,111.0,17.0,,,1.66,2.77,4.87,2008,ILB,steve allen,
Beau Bell,UNLV,73.25,244,,,25.0,,,,,,2008,ILB,beau bell,
Dan Connor,Penn State,74.375,231,,,,,,,,,2008,ILB,dan connor,
Jo-Lonn Dunbar,Boston College,72.5,231,27.0,112.0,19.0,,,1.52,2.69,4.79,2008,ILB,jo lonn dunbar,
Jonathan Goff,Vanderbilt,74.0,245,31.5,118.0,28.0,4.26,6.86,1.53,2.64,4.63,2008,ILB,jonathan goff,
Tavares Gooden,Miami (FL),73.25,234,35.0,118.0,22.0,,,1.54,2.62,4.65,2008,ILB,tavares gooden,
Vince Hall,Virginia Tech,71.0,232,,,,,,,,,2008,ILB,vince hall,
Spencer Larsen,Arizona,73.75,238,28.5,113.0,27.0,4.55,7.68,1.69,2.87,4.94,2008,ILB,spencer larsen,
Jeremy Leman,Illinois,73.75,245,,,26.0,,,,,,2008,ILB,jeremy leman,
Curtis Lofton,Oklahoma,72.0,246,24.5,105.0,23.0,4.56,7.69,1.61,2.73,4.79,2008,ILB,curtis lofton,
Jerod Mayo,Tennessee,73.25,242,32.0,114.0,,4.29,7.31,1.51,2.58,4.54,2008,ILB,jerod mayo,
Jameel McClain,Syracuse,72.75,249,26.0,110.0,24.0,4.31,7.12,1.64,2.77,4.79,2008,ILB,jameel mcclain,
Ben Moffitt,South Florida,72.875,234,32.5,123.0,23.0,4.21,6.75,,,,2008,ILB,ben moffitt,
Philip Wheeler,Georgia Tech,73.875,248,31.0,118.0,24.0,4.29,7.11,1.58,2.73,4.76,2008,ILB,philip wheeler,
Thomas Williams,Southern California,72.875,238,29.5,113.0,26.0,,,1.64,2.81,4.88,2008,ILB,thomas williams,
Stanley Arnoux,Wake Forest,72.0,232,31.5,121.0,19.0,4.39,7.22,1.6,2.67,4.61,2009,ILB,stanley arnoux,
Darry Beckwith,LSU,72.375,242,26.5,110.0,23.0,4.5,7.39,1.66,2.79,4.79,2009,ILB,darry beckwith,
Jasper Brinkley,South Carolina,73.625,252,35.5,114.0,26.0,4.32,7.03,1.64,2.77,4.72,2009,ILB,jasper brinkley,
Dannell Ellerbe,Georgia,73.0,236,35.0,118.0,,4.23,7.0,,,,2009,ILB,dannell ellerbe,
Anthony Felder,California,73.875,233,,116.0,28.0,,,1.66,2.78,4.81,2009,ILB,anthony felder,
Mortty Ivy,West Virginia,73.5,248,25.5,104.0,18.0,4.75,7.35,1.75,2.91,4.99,2009,ILB,mortty ivy,
James Laurinaitis,Ohio State,73.875,244,33.0,115.0,22.0,4.24,6.93,1.74,2.85,4.88,2009,ILB,james laurinaitis,
Rey Maualuga,Southern California,73.75,249,,107.0,23.0,,,1.73,2.86,4.91,2009,ILB,rey maualuga,
Josh Mauga,Nevada,73.375,243,,,,,,,,,2009,ILB,josh mauga,
Scott McKillop,Pittsburgh,72.875,244,35.5,119.0,27.0,4.39,7.0,1.66,2.82,4.8,2009,ILB,scott mckillop,
Gerald McRath,Southern Miss,73.875,231,34.0,123.0,19.0,4.35,7.24,1.62,2.71,4.61,2009,ILB,gerald mcrath,
Jason Phillips,Texas Christian,72.75,239,34.0,120.0,20.0,4.32,,1.65,2.74,4.69,2009,ILB,jason phillips,
Worrell Williams,California,70.75,240,35.0,111.0,23.0,,,1.72,2.87,4.9,2009,ILB,worrell williams,
Morris Wooten,Arizona State,71.625,231,,117.0,15.0,,,1.7,2.9,5.1,2009,ILB,morris wooten,
Pat Angerer,Iowa,72.25,235,35.0,110.0,26.0,4.29,7.04,1.7,2.8,4.77,2010,ILB,pat angerer,
Jason Beauchamp,UNLV,75.0,244,39.5,120.0,21.0,,7.1,1.7,2.84,4.9,2010,ILB,jason beauchamp,
Donald Butler,Washington,73.125,245,,,35.0,,,,,,2010,ILB,donald butler,
Lee Campbell,Minnesota,74.375,247,34.0,108.0,17.0,4.4,7.27,1.72,2.88,4.96,2010,ILB,lee campbell,
Jamar Chaney,Mississippi State,72.75,242,39.0,124.0,26.0,4.29,6.9,1.59,2.66,4.54,2010,ILB,jamar chaney,
Phillip Dillard,Nebraska,72.25,245,31.5,106.0,,4.43,7.16,1.65,2.74,4.72,2010,ILB,phillip dillard,
Travis Goethel,Arizona State,74.5,240,35.0,111.0,21.0,4.54,6.93,1.7,2.83,4.81,2010,ILB,travis goethel,
Josh Hull,Penn State,74.75,237,32.5,115.0,25.0,4.07,6.86,1.7,2.89,4.98,2010,ILB,josh hull,
Micah Johnson,Kentucky,73.5,258,29.0,,31.0,,,1.75,2.92,5.07,2010,ILB,micah johnson,
Boris Lee,Troy,72.5,238,32.5,112.0,27.0,,,1.7,2.88,4.97,2010,ILB,boris lee,
Sean Lee,Penn State,74.125,236,37.5,120.0,24.0,,,1.66,2.77,4.8,2010,ILB,sean lee,
Rolando McClain,Alabama,75.375,254,,,24.0,,,,,,2010,ILB,rolando mcclain,
Albert McClellan,Marshall,73.0,247,36.5,119.0,26.0,4.21,7.24,1.72,2.81,4.81,2010,ILB,albert mcclellan,
Mike McLaughlin,Boston College,72.25,242,38.5,114.0,29.0,4.11,6.85,1.66,2.86,4.95,2010,ILB,mike mclaughlin,
Darryl Sharpton,Miami (FL),71.375,236,,,24.0,4.42,7.19,1.7,2.81,4.83,2010,ILB,darryl sharpton,
Brandon Spikes,Florida,74.875,249,29.0,111.0,,,6.97,,,,2010,ILB,brandon spikes,
Kion Wilson,South Florida,72.375,239,36.5,123.0,27.0,4.53,,1.69,2.83,4.91,2010,ILB,kion wilson,
Nick Bellore,Central Michigan,73.0,245,32.5,109.0,23.0,4.0,6.98,1.73,2.85,4.91,2011,ILB,nick bellore,
Akeem Dent,Georgia,73.0,242,37.5,123.0,24.0,,,,,,2011,ILB,akeem dent,
Nate Irving,North Carolina State,73.0,240,,,,,,,,,2011,ILB,nate irving,
Greg Jones,Michigan State,72.125,242,31.5,117.0,21.0,4.27,7.27,1.71,2.8,4.84,2011,ILB,greg jones,
Elijah Joseph,Temple,73.0,243,,,,,,,,,2011,ILB,elijah joseph,
Orie Lemon,Oklahoma State,72.75,242,30.0,113.0,27.0,4.4,7.45,1.77,2.91,5.03,2011,ILB,orie lemon,
Greg Lloyd,Connecticut,73.125,246,32.0,109.0,22.0,4.46,7.17,1.71,2.83,4.89,2011,ILB,greg lloyd,
Casey Matthews,Oregon,72.875,231,,,13.0,,,,,,2011,ILB,casey matthews,
Colin McCarthy,Miami (FL),73.375,238,36.5,119.0,23.0,4.2,6.93,1.64,2.71,4.68,2011,ILB,colin mccarthy,
Mike Mohamed,California,75.0,239,32.0,115.0,21.0,4.0,6.7,1.69,2.78,4.79,2011,ILB,mike mohamed,
Kelvin Sheppard,LSU,73.875,250,33.5,110.0,22.0,4.28,,,,,2011,ILB,kelvin sheppard,
Derrell Smith,Syracuse,72.0,243,,,,,,,,,2011,ILB,derrell smith,
Quan Sturdivant,North Carolina,73.0,241,34.0,115.0,21.0,4.5,,,,,2011,ILB,quan sturdivant,
Chris White,Mississippi State,74.75,240,34.0,115.0,17.0,4.25,6.95,1.66,2.76,4.73,2011,ILB,chris white,
Martez Wilson,Illinois,75.75,250,36.0,124.0,23.0,4.28,7.04,1.59,2.63,4.46,2011,ILB,martez wilson,
Vontaze Burfict,Arizona State,73.375,248,30.0,104.0,,,,1.78,2.96,5.09,2012,ILB,vontaze burfict,
Tank Carder,Texas Christian,74.375,236,34.5,121.0,19.0,4.18,6.89,1.62,2.74,4.69,2012,ILB,tank carder,
Audie Cole,North Carolina State,76.125,246,35.0,114.0,15.0,4.29,6.96,1.68,2.86,4.81,2012,ILB,audie cole,
Chris Galippo,Southern California,73.5,241,29.5,107.0,19.0,4.1,6.9,1.75,2.87,4.87,2012,ILB,chris galippo,
Najee Goode,West Virginia,72.125,244,35.5,117.0,,,,1.61,2.66,4.64,2012,ILB,najee goode,
Donta Hightower,Alabama,74.25,265,32.0,,,,,1.66,2.74,4.68,2012,ILB,donta hightower,
James-Michael Johnson,Nevada,73.125,241,37.0,124.0,23.0,4.37,7.34,1.66,2.72,4.68,2012,ILB,james michael johnson,
Mychal Kendricks,California,71.125,239,39.5,127.0,24.0,4.19,,1.53,2.61,4.56,2012,ILB,mychal kendricks,
Luke Kuechly,Boston College,75.25,242,38.0,123.0,27.0,4.12,6.92,1.57,2.63,4.58,2012,ILB,luke kuechly,
Shawn Loiseau,Merrimack,72.5,244,32.5,109.0,19.0,,,1.77,2.86,4.85,2012,ILB,shawn loiseau,
Caleb McSurdy,Montana,73.25,245,30.0,110.0,26.0,4.28,7.26,1.79,2.92,4.97,2012,ILB,caleb mcsurdy,
Keenan Robinson,Texas,75.125,242,35.5,120.0,27.0,,,1.69,2.8,4.79,2012,ILB,keenan robinson,
Kiko Alonso,Oregon,75.375,238,,,,,,,,,2013,ILB,kiko alonso,
Sam Barrington,South Florida,72.875,246,32.5,117.0,22.0,,,1.71,2.85,4.91,2013,ILB,sam barrington,
Steve Beauharnais,Rutgers,72.875,240,33.0,118.0,19.0,4.2,6.99,1.63,2.77,4.84,2013,ILB,steve beauharnais,
Brandon Hepburn,Florida AM,74.5,240,32.0,124.0,21.0,4.55,7.4,1.65,2.74,4.68,2013,ILB,brandon hepburn,
Jelani Jenkins,Florida,72.5,243,,,27.0,,,,,,2013,ILB,jelani jenkins,
Nico Johnson,Alabama,73.625,248,,,,,,,,,2013,ILB,nico johnson,
A.J. Klein,Iowa State,73.25,250,,113.0,20.0,,,1.6,2.69,4.66,2013,ILB,a j klein,
Kevin Minter,LSU,71.75,246,33.0,119.0,25.0,,,1.69,2.8,4.81,2013,ILB,kevin minter,
Keith Pough,Howard,73.75,239,33.0,118.0,17.0,4.47,7.28,1.69,2.83,4.9,2013,ILB,keith pough,
Kevin Reddick,North Carolina,73.375,243,,113.0,23.0,,,1.6,2.74,4.72,2013,ILB,kevin reddick,
Jonathan Stewart,Texas AM,75.75,242,31.0,118.0,19.0,4.53,7.44,1.6,2.7,4.68,2013,ILB,jonathan stewart,
Bruce Taylor,Virginia Tech,73.25,237,30.5,115.0,19.0,4.39,7.21,1.69,2.86,5.01,2013,ILB,bruce taylor,
Manti Teo,Notre Dame,73.25,241,33.0,113.0,,4.27,7.13,1.67,2.78,4.82,2013,ILB,manti teo,
Tom Wort,Oklahoma,72.0,235,31.5,111.0,21.0,4.51,7.41,1.66,2.76,4.78,2013,ILB,tom wort,
Lamin Barrow,LSU,73.375,237,35.0,123.0,22.0,4.35,7.24,1.64,2.72,4.64,2014,ILB,lamin barrow,
Chris Borland,Wisconsin,71.5,248,31.0,114.0,27.0,4.27,7.18,1.66,2.8,4.83,2014,ILB,chris borland,
Preston Brown,Louisville,73.25,251,33.0,116.0,23.0,4.26,6.98,1.72,2.85,4.86,2014,ILB,preston brown,
Max Bullough,Michigan State,75.5,249,31.0,112.0,30.0,4.3,7.22,1.65,2.78,4.78,2014,ILB,max bullough,
Jeremiah George,Iowa State,71.25,234,33.0,116.0,28.0,,,1.7,2.86,4.91,2014,ILB,jeremiah george,
Andrew Jackson,Western Kentucky,72.875,254,,,,,,,,,2014,ILB,andrew jackson,
James Morris,Iowa,72.875,241,34.5,117.0,18.0,4.36,6.94,1.64,2.76,4.8,2014,ILB,james morris,
C.J. Mosley,Alabama,74.0,234,35.0,118.0,,4.4,7.3,,,,2014,ILB,c j mosley,
Shayne Skov,Stanford,74.25,245,,,,,,,,,2014,ILB,shayne skov,
Yawin Smallwood,Connecticut,74.25,246,36.5,108.0,18.0,,,1.67,2.84,5.01,2014,ILB,yawin smallwood,
Uani Unga,Brigham Young,73.125,231,,,,,,,,,2014,ILB,uani unga,
Avery Williamson,Kentucky,73.0,246,30.5,120.0,25.0,4.07,7.11,1.61,2.71,4.66,2014,ILB,avery williamson,
Stephone Anthony,Clemson,74.625,243,37.0,122.0,23.0,4.03,7.07,1.56,2.63,4.56,2015,ILB,stephone anthony,1016.0
Paul Dawson,Texas Christian,72.125,235,28.0,109.0,21.0,4.49,,1.68,2.84,4.93,2015,ILB,paul dawson,1017.0
Trey DePriest,Alabama,72.375,254,,,,,,,,,2015,ILB,trey depriest,
Bryce Hager,Baylor,72.75,234,35.0,117.0,26.0,4.36,7.15,1.6,2.69,4.6,2015,ILB,bryce hager,1018.0
Ben Heeney,Kansas,72.25,231,33.5,120.0,19.0,4.0,6.68,1.61,2.71,4.59,2015,ILB,ben heeney,1019.0
Amarlo Herrera,Georgia,72.625,244,32.0,111.0,23.0,4.27,7.35,1.72,2.82,4.83,2015,ILB,amarlo herrera,1020.0
Taiwan Jones,Michigan State,74.625,245,32.0,115.0,19.0,4.33,7.25,1.72,2.87,4.95,2015,ILB,taiwan jones,
Eric Kendricks,UCLA,72.25,232,38.0,124.0,19.0,,,1.57,2.64,4.61,2015,ILB,eric kendricks,1021.0
Benardrick McKinney,Mississippi State,76.125,246,40.5,121.0,16.0,4.27,7.21,1.63,2.73,4.66,2015,ILB,benardrick mckinney,1022.0
Denzel Perryman,Miami (FL),70.75,236,32.0,113.0,27.0,,,1.67,2.77,4.78,2015,ILB,denzel perryman,1023.0
Hayes Pullard,Southern California,72.5,240,31.0,110.0,19.0,4.39,7.07,1.64,2.76,4.78,2015,ILB,hayes pullard,1024.0
Martrell Spaight,Arkansas,71.875,236,35.0,120.0,25.0,,7.66,1.71,2.83,4.88,2015,ILB,martrell spaight,
Ramik Wilson,Georgia,73.75,237,35.0,111.0,23.0,4.51,,1.65,2.76,4.77,2015,ILB,ramik wilson,1025.0
Damien Wilson,Minnesota,72.0,245,37.0,119.0,22.0,4.2,7.21,1.65,2.76,4.77,2015,ILB,damien wilson,1026.0
Dominique Alexander,Oklahoma,72.25,232,28.5,104.0,17.0,,,,,,2016,ILB,dominique alexander,
Kentrell Brothers,Missouri,72.375,245,28.5,110.0,19.0,4.11,6.99,1.68,2.84,4.89,2016,ILB,kentrell brothers,
Steven Daniels,Boston College,71.5,243,32.0,112.0,16.0,4.54,7.33,1.68,2.82,4.86,2016,ILB,steven daniels,1027.0
Josh Forrest,Kentucky,75.125,249,30.5,118.0,11.0,,,1.69,2.83,4.91,2016,ILB,josh forrest,1028.0
Kris Frost,Auburn,74.125,240,29.0,113.0,,,,1.73,2.88,4.97,2016,ILB,kris frost,
B.J. Goodson,Clemson,72.625,242,34.5,118.0,30.0,4.51,7.05,1.6,2.71,4.69,2016,ILB,b j goodson,
C.J. Johnson,Mississippi,73.375,234,,,,4.52,,1.7,2.82,4.81,2016,ILB,c j johnson,
Raphael Kirby,Miami (FL),72.25,232,,,27.0,,,,,,2016,ILB,raphael kirby,
Steve Longa,Rutgers,72.625,241,32.0,116.0,19.0,4.56,7.5,1.67,2.79,4.78,2016,ILB,steve longa,
Blake Martinez,Stanford,73.625,237,28.5,113.0,22.0,4.2,6.98,1.61,2.73,4.71,2016,ILB,blake martinez,
Tyler Matakevich,Temple,72.0,238,31.0,112.0,22.0,4.5,7.19,1.66,2.8,4.81,2016,ILB,tyler matakevich,
Cassanova McKinzy,Auburn,73.0,248,,,21.0,,,,,,2016,ILB,cassanova mckinzy,
Jared Norris,Utah,73.25,241,29.5,114.0,19.0,4.52,,1.64,2.78,4.8,2016,ILB,jared norris,
Gionni Paul,Utah,70.125,231,31.0,113.0,22.0,,,1.74,2.91,5.05,2016,ILB,gionni paul,
Reggie Ragland,Alabama,73.25,247,31.5,116.0,,4.28,,1.65,2.75,4.72,2016,ILB,reggie ragland,1029.0
Nick Vigil,Utah State,74.375,239,31.5,115.0,,4.0,6.73,1.61,2.72,4.72,2016,ILB,nick vigil,1030.0
Scooby Wright III,Arizona,71.75,239,31.0,113.0,22.0,4.47,,1.67,2.82,4.9,2016,ILB,scooby wright,1031.0
Kendell Beckwith,LSU,74.125,243,,,20.0,,,,,,2017,ILB,kendell beckwith,1032.0
Ben Boulware,Clemson,72.0,238,29.5,111.0,20.0,,,,,,2017,ILB,ben boulware,
Blair Brown,Ohio,71.5,238,37.0,123.0,,,,1.61,2.69,4.65,2017,ILB,blair brown,
Riley Bullough,Michigan State,73.625,226,31.5,115.0,20.0,,,,,,2017,ILB,riley bullough,
Jarrad Davis,Florida,73.25,238,,,,,,,,,2017,ILB,jarrad davis,
Kevin Davis,Colorado State,73.75,235,30.5,110.0,11.0,,,1.71,2.83,4.91,2017,ILB,kevin davis,
Brooks Ellis,Arkansas,73.625,240,29.5,114.0,18.0,,,1.67,2.79,4.79,2017,ILB,brooks ellis,
Reuben Foster,Alabama,72.25,229,,,,,,,,,2017,ILB,reuben foster,
Ben Gedeon,Michigan,73.625,244,34.5,117.0,27.0,,,1.66,2.77,4.75,2017,ILB,ben gedeon,1033.0
Connor Harris,Lindenwood,71.0,242,32.0,113.0,18.0,,,1.67,2.78,4.73,2017,ILB,connor harris,
Keith Kelsey,Louisville,72.25,233,29.5,111.0,23.0,,,1.69,2.84,4.92,2017,ILB,keith kelsey,
Harvey Langi,Brigham Young,73.625,251,33.0,116.0,23.0,,,,,,2017,ILB,harvey langi,
Raekwon McMillan,Ohio State,73.75,240,33.0,121.0,23.0,,,1.61,2.69,4.61,2017,ILB,raekwon mcmillan,
Hardy Nickerson,Illinois,71.75,232,33.0,115.0,18.0,,,1.62,2.73,4.78,2017,ILB,hardy nickerson,
Tanner Vallejo,Boise State,72.75,228,33.5,121.0,,,,1.62,2.72,4.65,2017,ILB,tanner vallejo,
Anthony Walker Jr.,Northwestern,72.625,238,30.5,115.0,23.0,,,1.57,2.67,4.65,2017,ILB,anthony walker,
Genard Avery,Memphis,72.5,248,36.0,124.0,26.0,4.36,6.9,1.59,2.67,4.59,2018,ILB,genard avery,
Jason Cabinda,Penn State,73.0,239,,,19.0,,,,,,2018,ILB,jason cabinda,
Jack Cichy,Wisconsin,74.125,238,,,18.0,,,,,,2018,ILB,jack cichy,1034.0
Nick DeLuca,North Dakota State,74.625,251,29.5,112.0,18.0,4.23,7.09,1.65,2.8,4.85,2018,ILB,nick deluca,
Shaun Dion Hamilton,Alabama,71.625,229,,,20.0,,,,,,2018,ILB,shaun dion hamilton,
Joel Iyiegbuniwe,Western Kentucky,73.375,229,35.0,117.0,19.0,4.28,7.06,1.6,2.7,4.6,2018,ILB,joel iyiegbuniwe,
Malik Jefferson,Texas,74.25,236,36.0,125.0,27.0,,,1.59,2.67,4.52,2018,ILB,malik jefferson,
Josey Jewell,Iowa,73.0,234,33.0,117.0,18.0,4.27,6.8,1.63,2.79,4.82,2018,ILB,josey jewell,1035.0
Micah Kiser,Virginia,72.375,238,35.5,121.0,,4.24,7.05,1.62,2.71,4.66,2018,ILB,micah kiser,1036.0
Christian Sam,Arizona State,73.0,244,32.0,114.0,28.0,4.25,7.03,1.63,2.74,4.75,2018,ILB,christian sam,1037.0
Tegray Scales,Indiana,72.375,230,,,27.0,,,1.65,2.77,4.77,2018,ILB,tegray scales,
Roquan Smith,Georgia,72.875,236,,,,,,1.58,2.63,4.51,2018,ILB,roquan smith,1038.0
Andre Smith,North Carolina,71.625,237,,,19.0,,,1.57,2.65,4.63,2018,ILB,andre smith,1039.0
Matthew Thomas,Florida State,74.75,232,41.5,131.0,,4.28,6.85,1.64,2.71,4.58,2018,ILB,matthew thomas,
Azeem Victor,Washington,74.125,240,32.5,115.0,19.0,4.4,7.2,1.62,2.74,4.72,2018,ILB,azeem victor,
Chris Worley,Ohio State,73.375,238,29.5,,15.0,,,1.68,2.82,4.86,2018,ILB,chris worley,
Kenny Young,UCLA,73.0,236,36.0,117.0,23.0,4.48,7.38,1.56,2.66,4.6,2018,ILB,kenny young,
Otaro Alaka,Texas AM,75.0,239,36.0,131.0,20.0,,,1.65,2.76,4.82,2019,ILB,otaro alaka,
Dakota Allen,Texas Tech,72.75,232,31.5,116.0,23.0,4.04,6.88,1.67,2.77,4.77,2019,ILB,dakota allen,
Bryson Allen-Williams,South Carolina,72.625,236,,,14.0,,7.4,1.69,2.86,4.88,2019,ILB,bryson allen williams,
Jeff Allison,Fresno State,71.875,228,31.0,115.0,12.0,4.45,7.2,1.67,2.81,4.82,2019,ILB,jeff allison,
Azeez Al-Shaair,Florida Atlantic,72.75,225,,,16.0,,,,,,2019,ILB,azeez al shaair,
Ben Burr-Kirven,Washington,72.125,230,34.5,121.0,21.0,4.09,6.85,1.55,2.67,4.56,2019,ILB,ben burr kirven,
Devin Bush,Michigan,71.0,229,40.5,124.0,21.0,4.23,6.93,1.53,2.58,4.43,2019,ILB,devin bush,
Tevon Coney,Notre Dame,72.875,234,,,,,,,,,2019,ILB,tevon coney,
Ryan Connelly,Wisconsin,74.125,242,34.5,118.0,,4.31,7.09,1.62,2.74,4.66,2019,ILB,ryan connelly,
Deshaun Davis,Auburn,71.375,234,31.0,111.0,25.0,4.38,,,,,2019,ILB,deshaun davis,
T.J. Edwards,Wisconsin,72.375,230,,,16.0,,,,,,2019,ILB,t j edwards,
Emeke Egbule,Houston,73.875,240,33.0,119.0,20.0,4.38,7.38,1.6,2.69,4.65,2019,ILB,emeke egbule,
Joe Giles-Harris,Duke,73.75,233,29.5,111.0,17.0,,,1.68,2.79,4.75,2019,ILB,joe giles harris,
Dre Greenlaw,Arkansas,71.5,231,33.0,117.0,24.0,,,,,,2019,ILB,dre greenlaw,
Kendall Joseph,Clemson,71.625,233,,,25.0,,,,,,2019,ILB,kendall joseph,
Tre Lamar,Clemson,75.875,253,,,,,,,,,2019,ILB,tre lamar,
David Long Jr.,West Virginia,71.25,227,,,18.0,,,,,,2019,ILB,david long,
Bobby Okereke,Stanford,73.375,239,33.5,122.0,,4.26,7.25,1.61,2.67,4.58,2019,ILB,bobby okereke,
Cameron Smith,Southern California,74.0,238,39.0,123.0,15.0,4.23,,1.61,2.72,4.69,2019,ILB,cameron smith,
Ty Summers,Texas Christian,73.375,241,36.0,123.0,27.0,,,1.6,2.68,4.51,2019,ILB,ty summers,
Jahlani Tavai,Hawaii,74.375,246,,,,,,,,,2019,ILB,jahlani tavai,
Devin White,LSU,72.125,237,39.5,118.0,22.0,4.17,7.07,1.56,2.58,4.42,2019,ILB,devin white,
Mack Wilson,Alabama,73.125,240,32.0,117.0,,,,,,,2019,ILB,mack wilson,
Joe Bachie,Michigan State,73.0,230,33.5,119.0,26.0,4.34,6.93,1.59,2.69,4.67,2020,ILB,joe bachie,
Markus Bailey,Purdue,72.125,235,,,15.0,,,,,,2020,ILB,markus bailey,
Francis Bernard,Utah,72.375,234,32.5,120.0,19.0,,,1.69,2.83,4.81,2020,ILB,francis bernard,
Jordyn Brooks,Texas Tech,72.0,240,,,,,,1.62,2.67,4.54,2020,ILB,jordyn brooks,
Michael Divinity Jr.,LSU,73.625,242,31.0,115.0,14.0,,,1.76,2.88,4.85,2020,ILB,michael divinity,
Cale Garrett,Missouri,73.75,234,32.0,124.0,,4.13,6.91,1.65,2.8,4.92,2020,ILB,cale garrett,
DeJon Harris,Arkansas,71.625,234,33.0,111.0,18.0,4.32,7.38,1.68,2.77,4.69,2020,ILB,dejon harris,
Clay Johnston,Baylor,73.0,227,,,18.0,,,,,,2020,ILB,clay johnston,
Kenneth Murray,Oklahoma,74.5,241,38.0,129.0,21.0,,,1.59,2.66,4.52,2020,ILB,kenneth murray,
Dante Olson,Montana,74.375,237,42.0,124.0,15.0,4.32,7.0,1.67,2.82,4.88,2020,ILB,dante olson,
Jacob Phillips,LSU,75.0,229,39.0,126.0,,4.33,7.38,1.63,2.71,4.66,2020,ILB,jacob phillips,
Shaquille Quarterman,Miami (FL),72.5,234,31.0,120.0,23.0,,,1.68,2.77,4.74,2020,ILB,shaquille quarterman,
Mykal Walker,Fresno State,75.0,230,33.0,122.0,20.0,4.25,7.09,1.62,2.73,4.65,2020,ILB,mykal walker,
Evan Weaver,California,74.125,237,32.0,117.0,15.0,4.21,7.02,1.73,2.78,4.76,2020,ILB,evan weaver,
Logan Wilson,Wyoming,74.125,241,32.0,121.0,21.0,4.27,7.07,1.6,2.7,4.63,2020,ILB,logan wilson,
David Woodward,Utah State,73.75,230,33.5,114.0,16.0,4.37,7.34,1.68,2.8,4.79,2020,ILB,david woodward,
Khalid Abdullah,Mars Hill,74.125,227,36.5,126.0,26.0,4.25,7.13,1.66,2.74,4.61,2003,OLB,khalid abdullah,
Boss Bailey,Georgia,75.125,233,42.0,135.0,,,,,,,2003,OLB,boss bailey,
Nick Barnett,Oregon State,73.625,236,34.5,123.0,32.0,4.08,7.0,1.65,2.75,4.69,2003,OLB,nick barnett,
Chris Clemons,Georgia,75.0,236,35.0,116.0,18.0,4.66,7.48,1.72,2.75,4.68,2003,OLB,chris clemons,
Cie Grant,Ohio State,72.375,228,,,,,,,,,2003,OLB,cie grant,
Jeremy Loyd,Iowa State,73.625,235,34.0,114.0,17.0,4.15,6.9,1.7,2.72,4.68,2003,OLB,jeremy loyd,
Eddie Moore,Tennessee,72.375,237,,,,,,,,,2003,OLB,eddie moore,
Michael Nattiel,Florida,71.625,228,30.0,106.0,,4.39,7.49,,,,2003,OLB,michael nattiel,
Joe Odom,Purdue,72.875,241,,,26.0,,,1.62,2.66,4.61,2003,OLB,joe odom,
Antwan Peek,Cincinnati,74.625,246,37.0,125.0,21.0,4.35,7.07,1.54,2.69,4.67,2003,OLB,antwan peek,
Scott Shanle,Nebraska,74.125,245,31.0,111.0,20.0,4.32,7.27,1.68,2.75,4.72,2003,OLB,scott shanle,
Chaun Thompson,West Texas AM,73.875,240,35.5,123.0,29.0,4.22,7.01,1.68,2.68,4.58,2003,OLB,chaun thompson,
Pisa Tinoisamoa,Hawaii,72.375,231,34.5,111.0,19.0,4.07,6.97,1.62,2.69,4.65,2003,OLB,pisa tinoisamoa,
Colby Bockwoldt,Brigham Young,73.625,230,34.0,112.0,14.0,4.05,7.12,1.61,2.65,4.55,2004,OLB,colby bockwoldt,
Michael Boulware,Florida State,74.0,225,,,,3.92,6.89,,,,2004,OLB,michael boulware,
Josh Buhl,Kansas State,71.25,204,29.0,114.0,,4.32,7.26,1.65,2.74,4.69,2004,OLB,josh buhl,
Brandon Chillar,UCLA,74.875,253,33.0,115.0,23.0,4.08,,1.68,2.76,4.74,2004,OLB,brandon chillar,
Cols Colas,Virginia Tech,71.625,233,34.5,118.0,22.0,,,1.64,2.68,4.56,2004,OLB,cols colas,
Marquis Cooper,Washington,75.25,223,36.5,121.0,25.0,4.12,7.02,1.64,2.7,4.57,2004,OLB,marquis cooper,
Karlos Dansby,Auburn,75.25,251,,,,,,,,,2004,OLB,karlos dansby,
Keyaron Fox,Georgia Tech,74.375,227,,,28.0,,,,,,2004,OLB,keyaron fox,
Gilbert Gardner,Purdue,73.5,229,,,,,,,,,2004,OLB,gilbert gardner,
Jonathan Harrell,Northern Iowa,73.5,242,,,27.0,,,,,,2004,OLB,jonathan harrell,
Bryan Hickman,Kansas State,72.125,231,32.5,106.0,26.0,4.0,7.38,1.7,2.75,4.72,2004,OLB,bryan hickman,
T.J. Hollowell,Nebraska,72.375,235,33.5,117.0,,4.09,7.14,1.58,2.62,4.56,2004,OLB,t j hollowell,
Leon Joe,Maryland,72.5,230,39.0,,30.0,,,1.55,2.61,4.47,2004,OLB,leon joe,
Landon Johnson,Purdue,73.875,227,37.5,120.0,20.0,4.08,7.0,1.66,2.72,4.66,2004,OLB,landon johnson,
Maurice Jones,South Florida,72.75,249,35.5,118.0,26.0,4.21,7.16,1.65,2.72,4.71,2004,OLB,maurice jones,
Teddy Lehman,Oklahoma,73.5,240,34.5,113.0,26.0,4.06,6.91,1.66,2.7,4.56,2004,OLB,teddy lehman,
Alex Lewis,Wisconsin,71.75,227,34.5,121.0,25.0,4.28,7.06,1.64,2.73,4.74,2004,OLB,alex lewis,
Lewis Moore,Pittsburgh,73.5,234,,,,,,,,,2004,OLB,lewis moore,
Derrick Pope,Alabama,70.875,230,,106.0,24.0,,,1.66,2.75,4.7,2004,OLB,derrick pope,
Kendyll Pope,Florida State,73.0,226,,118.0,,4.26,,1.76,2.8,4.71,2004,OLB,kendyll pope,
Greg Richmond,Oklahoma State,73.0,233,,,17.0,,,,,,2004,OLB,greg richmond,
Daryl Smith,Georgia Tech,73.625,234,,,24.0,,,,,,2004,OLB,daryl smith,
Billy Strother,New Mexico,71.875,241,33.0,112.0,,4.15,7.41,1.64,2.7,4.66,2004,OLB,billy strother,
Dontarrious Thomas,Auburn,74.5,241,38.5,129.0,26.0,4.0,,1.65,2.71,4.63,2004,OLB,dontarrious thomas,
Deryck Toles,Penn State,71.75,224,37.0,112.0,24.0,4.23,7.12,1.64,2.67,4.58,2004,OLB,deryck toles,
Daryl Towns,Nevada,71.75,224,37.0,112.0,,4.25,7.15,1.6,2.68,4.57,2004,OLB,daryl towns,
Sean Tufts,Colorado,76.125,242,34.5,118.0,21.0,3.94,6.94,1.66,2.71,4.65,2004,OLB,sean tufts,
Courtney Watson,Notre Dame,73.375,237,36.5,114.0,22.0,4.35,7.39,1.56,2.62,4.54,2004,OLB,courtney watson,
D.J. Williams,Miami (FL),72.75,250,,,,,,,,,2004,OLB,d j williams,
Demorrio Williams,Nebraska,72.75,232,37.0,125.0,16.0,4.11,7.02,1.55,2.62,4.51,2004,OLB,demorrio williams,
Jordan Beck,Cal Poly,74.375,233,41.0,128.0,25.0,4.1,7.11,1.58,2.65,4.59,2005,OLB,jordan beck,
Darryl Blackstock,Virginia,74.625,247,39.0,126.0,25.0,4.32,7.05,1.62,2.71,4.7,2005,OLB,darryl blackstock,
Michael Boley,Southern Miss,74.75,236,34.0,113.0,,4.12,7.08,1.68,2.74,4.66,2005,OLB,michael boley,
Kevin Burnett,Tennessee,74.875,239,36.0,130.0,20.0,,,,,,2005,OLB,kevin burnett,
Ryan Claridge,UNLV,74.0,254,,,,,,,,,2005,OLB,ryan claridge,
Trent Cole,Cincinnati,74.25,236,,,,,,,,,2005,OLB,trent cole,
Roger Cooper,Montana State,74.375,239,35.5,118.0,19.0,4.33,7.28,1.7,2.81,4.75,2005,OLB,roger cooper,
Jamar Enzor,Cincinnati,72.5,243,,,21.0,,,1.7,2.85,4.86,2005,OLB,jamar enzor,
Johnathan Goddard,Marshall,72.25,238,35.0,107.0,27.0,4.19,7.49,1.61,2.74,4.67,2005,OLB,johnathan goddard,
Tyjuan Hagler,Cincinnati,71.625,236,35.5,124.0,35.0,4.13,7.21,1.56,2.62,4.59,2005,OLB,tyjuan hagler,
Marques Harris,Southern Utah,73.0,231,40.5,117.0,22.0,4.07,7.19,1.68,2.8,4.83,2005,OLB,marques harris,
Derrick Johnson,Texas,75.25,242,37.5,120.0,,3.87,7.2,1.63,2.72,4.65,2005,OLB,derrick johnson,
Jared Newberry,Stanford,73.125,234,,,,,,,,,2005,OLB,jared newberry,
Kenneth Pettway,Grambling State,75.0,236,32.5,114.0,22.0,4.31,7.29,1.65,2.77,4.78,2005,OLB,kenneth pettway,
Jonathan Pollard,Oregon State,73.0,247,35.0,116.0,21.0,4.07,7.41,1.65,2.77,4.72,2005,OLB,jonathan pollard,
Cameron Wake,Penn State,74.75,236,45.5,130.0,20.0,4.11,7.12,1.68,2.74,4.67,2005,OLB,cameron wake,
Rian Wallace,Temple,74.25,241,35.5,112.0,10.0,3.97,7.46,,,,2005,OLB,rian wallace,
DeMarcus Ware,Troy,76.0,251,38.5,122.0,27.0,4.07,6.83,1.7,2.75,4.65,2005,OLB,demarcus ware,
Jonathan Welsh,Wisconsin,75.25,244,40.5,130.0,19.0,4.22,7.83,1.66,2.7,4.63,2005,OLB,jonathan welsh,
Cornelius Wortham,Alabama,73.375,236,37.0,110.0,22.0,4.38,,1.76,2.85,4.71,2005,OLB,cornelius wortham,
Jon Alston,Stanford,72.75,223,40.0,132.0,30.0,4.13,6.9,1.56,2.57,4.5,2006,OLB,jon alston,
James Anderson,Virginia Tech,74.75,229,41.0,121.0,,4.07,6.67,1.56,2.67,4.64,2006,OLB,james anderson,
Bobby Carpenter,Ohio State,74.5,256,,,,,,,,,2006,OLB,bobby carpenter,
Keith Ellison,Oregon State,73.5,235,32.5,115.0,24.0,4.16,7.22,1.65,2.81,4.84,2006,OLB,keith ellison,
Omar Gaither,Tennessee,73.0,234,37.0,116.0,23.0,4.28,7.31,1.66,2.79,4.82,2006,OLB,omar gaither,
Chad Greenway,Iowa,74.5,242,33.5,117.0,16.0,4.22,7.0,1.66,2.75,4.78,2006,OLB,chad greenway,
A.J. Hawk,Ohio State,73.0,248,40.0,115.0,24.0,3.96,6.82,1.57,2.72,4.65,2006,OLB,a j hawk,
Thomas Howard,Texas-El Paso,75.25,239,39.0,124.0,21.0,4.28,6.96,1.58,2.62,4.47,2006,OLB,thomas howard,
Clint Ingram,Oklahoma,73.75,244,41.0,,22.0,4.1,7.12,1.63,2.73,4.67,2006,OLB,clint ingram,
Brian Iwuh,Colorado,72.0,234,,,20.0,,,,,,2006,OLB,brian iwuh,
Brandon Johnson,Louisville,76.875,228,37.0,118.0,11.0,4.34,7.17,1.56,2.61,4.47,2006,OLB,brandon johnson,
Charlton Keith,Kansas,76.375,237,30.5,109.0,12.0,4.36,7.03,1.67,2.79,4.82,2006,OLB,charlton keith,
William Kershaw,Maryland,74.75,240,37.0,111.0,21.0,4.17,6.95,1.7,2.76,4.69,2006,OLB,william kershaw,
Manny Lawson,North Carolina State,77.375,241,39.5,124.0,23.0,4.18,6.9,1.53,2.61,4.48,2006,OLB,manny lawson,
Rocky McIntosh,Colorado,74.125,237,41.5,119.0,18.0,,,1.67,2.74,4.63,2006,OLB,rocky mcintosh,
Terna Nande,Miami (OH),72.125,232,39.0,124.0,41.0,4.11,6.97,1.59,2.63,4.53,2006,OLB,terna nande,
A.J. Nicholson,Florida State,72.75,252,,116.0,25.0,4.43,7.37,1.7,2.84,4.91,2006,OLB,a j nicholson,
DeMeco Ryans,Alabama,73.25,236,39.0,129.0,23.0,4.17,7.19,1.67,2.73,4.69,2006,OLB,demeco ryans,
Kevin Simon,Tennessee,70.0,235,28.0,103.0,26.0,4.32,7.69,1.69,2.85,4.93,2006,OLB,kevin simon,
Ernie Sims,Florida State,71.125,231,41.0,125.0,25.0,4.22,7.31,1.57,2.61,4.54,2006,OLB,ernie sims,
Anthony Trucks,Oregon,72.875,233,37.0,125.0,22.0,4.14,7.0,1.72,2.81,4.78,2006,OLB,anthony trucks,
Cameron Vaughn,LSU,75.75,235,32.0,117.0,17.0,4.22,7.24,1.65,2.77,4.75,2006,OLB,cameron vaughn,
Jamar Williams,Arizona State,72.25,236,37.0,120.0,,4.29,7.03,1.63,2.69,4.64,2006,OLB,jamar williams,
Rufus Alexander,Oklahoma,72.875,228,35.0,117.0,25.0,4.3,7.06,1.72,2.82,4.8,2007,OLB,rufus alexander,
Antwan Barnes,Florida International,72.625,240,35.0,122.0,31.0,4.32,7.29,1.55,2.58,4.45,2007,OLB,antwan barnes,
Jon Beason,Miami (FL),72.25,237,,111.0,19.0,,,1.64,2.77,4.78,2007,OLB,jon beason,
Quincy Black,New Mexico,73.625,240,41.5,124.0,24.0,4.34,6.86,1.53,2.62,4.45,2007,OLB,quincy black,
Stewart Bradley,Nebraska,75.75,254,35.5,112.0,28.0,4.17,7.29,1.65,2.79,4.77,2007,OLB,stewart bradley,
Prescott Burgess,Michigan,75.375,240,32.5,106.0,19.0,4.31,7.01,1.72,2.88,4.9,2007,OLB,prescott burgess,
Quinton Culberson,Mississippi State,72.625,236,29.5,113.0,18.0,,,1.69,2.82,4.83,2007,OLB,quinton culberson,
Earl Everett,Florida,74.5,238,32.0,113.0,19.0,,,1.71,2.89,4.94,2007,OLB,earl everett,
KaMichael Hall,Georgia Tech,72.0,228,33.0,111.0,,4.62,7.5,1.73,2.84,4.84,2007,OLB,kamichael hall,
Nate Harris,Louisville,72.375,230,32.0,107.0,26.0,4.52,7.19,1.66,2.75,4.69,2007,OLB,nate harris,
Justin Hickman,UCLA,73.375,254,29.5,115.0,23.0,4.43,7.06,1.67,2.79,4.81,2007,OLB,justin hickman,
Rory Johnson,Mississippi,72.125,232,38.0,116.0,19.0,4.07,,1.69,2.77,4.68,2007,OLB,rory johnson,
Stephen Nicholas,South Florida,73.375,232,33.5,110.0,29.0,4.45,7.29,,,,2007,OLB,stephen nicholas,
Sam Olajubutu,Arkansas,68.75,227,34.5,118.0,24.0,4.34,7.33,1.65,2.76,4.77,2007,OLB,sam olajubutu,
Paul Posluszny,Penn State,73.625,238,37.0,116.0,22.0,4.2,6.94,1.63,2.74,4.7,2007,OLB,paul posluszny,
Dallas Sartz,Southern California,76.875,235,33.5,111.0,20.0,4.13,6.85,1.65,2.75,4.72,2007,OLB,dallas sartz,
Tim Shaw,Penn State,73.5,236,36.5,116.0,26.0,4.12,7.01,1.67,2.73,4.55,2007,OLB,tim shaw,
Juwan Simpson,Alabama,74.375,225,34.5,123.0,15.0,4.42,7.22,1.61,2.67,4.56,2007,OLB,juwan simpson,
Tony Taylor,Georgia,72.5,236,32.0,108.0,26.0,4.36,7.17,1.71,2.86,4.95,2007,OLB,tony taylor,
Lawrence Timmons,Florida State,72.875,234,35.0,123.0,25.0,4.32,6.89,1.66,2.77,4.7,2007,OLB,lawrence timmons,
Xavier Adibi,Virginia Tech,73.75,232,30.0,110.0,,4.47,,1.57,2.7,4.69,2008,OLB,xavier adibi,
Cliff Avril,Purdue,74.875,253,32.5,117.0,27.0,4.51,6.9,1.51,2.58,4.51,2008,OLB,cliff avril,
Kroy Biermann,Montana,74.875,246,31.5,112.0,29.0,4.56,7.08,1.67,2.8,4.85,2008,OLB,kroy biermann,
Alvin Bowen,Iowa State,73.125,223,34.0,119.0,15.0,4.3,7.21,1.62,2.74,4.79,2008,OLB,alvin bowen,
Titus Brown,Mississippi State,74.5,246,,,18.0,,,,,,2008,OLB,titus brown,
Ezra Butler,Nevada,73.5,245,,,,,,,,,2008,OLB,ezra butler,
Shawn Crable,Michigan,76.875,245,28.0,111.0,29.0,4.55,7.29,1.6,2.71,4.64,2008,OLB,shawn crable,
Angelo Craig,Cincinnati,76.0,252,30.5,118.0,21.0,,,1.7,2.88,5.1,2008,OLB,angelo craig,
Bruce Davis,UCLA,74.625,252,29.0,109.0,19.0,4.47,7.34,1.65,2.76,4.78,2008,OLB,bruce davis,
Jordon Dizon,Colorado,71.875,229,30.5,118.0,,4.35,7.01,1.62,2.7,4.71,2008,OLB,jordon dizon,
Curtis Gatewood,Vanderbilt,74.0,248,28.5,111.0,22.0,4.22,6.9,1.63,2.76,4.74,2008,OLB,curtis gatewood,
Larry Grant,Ohio State,73.0,235,31.5,113.0,20.0,4.22,6.77,1.55,2.73,4.76,2008,OLB,larry grant,
Quentin Groves,Auburn,75.0,259,29.5,120.0,30.0,4.42,7.31,1.57,2.68,4.57,2008,OLB,quentin groves,
Gary Guyton,Georgia Tech,73.625,245,36.5,126.0,15.0,4.42,7.07,1.46,2.53,4.47,2008,OLB,gary guyton,
Geno Hayes,Florida State,72.875,226,26.5,116.0,22.0,4.48,7.22,1.58,2.68,4.64,2008,OLB,geno hayes,
Erin Henderson,Maryland,74.75,244,31.0,113.0,23.0,4.5,7.16,1.59,2.72,4.73,2008,OLB,erin henderson,
Ali Highsmith,LSU,71.625,230,26.5,112.0,,4.29,7.4,1.59,2.76,4.95,2008,OLB,ali highsmith,
Marcus Howard,Georgia,72.5,237,34.5,,27.0,,,1.47,2.52,4.45,2008,OLB,marcus howard,
Mike Humpal,Iowa,74.5,244,31.0,119.0,20.0,4.25,7.07,1.63,2.77,4.82,2008,OLB,mike humpal,
Robert James,Arizona State,70.5,219,,,22.0,,,1.67,2.82,,2008,OLB,robert james,
Curtis Johnson,Clark Atlanta,74.625,242,26.0,,25.0,,,1.57,2.66,4.69,2008,OLB,curtis johnson,
Stanford Keglar,Purdue,73.625,239,34.0,126.0,29.0,3.98,6.7,1.51,2.6,4.58,2008,OLB,stanford keglar,
Bryan Kehl,Brigham Young,74.25,242,34.0,119.0,26.0,4.23,6.88,1.55,2.65,4.68,2008,OLB,bryan kehl,
Durell Mapp,North Carolina,72.875,227,,,27.0,,,1.58,2.7,4.74,2008,OLB,durell mapp,
Steve Octavien,Nebraska,71.625,238,29.5,118.0,26.0,,,1.58,2.7,4.67,2008,OLB,steve octavien,
Keith Rivers,Southern California,74.25,241,,,24.0,,,,,,2008,OLB,keith rivers,
Bryan Smith,McNeese,74.375,231,32.5,120.0,17.0,4.4,7.22,1.6,2.71,4.75,2008,OLB,bryan smith,
Nick Watkins,Clemson,72.5,223,25.0,108.0,17.0,4.72,7.97,1.6,2.74,4.79,2008,OLB,nick watkins,
Wesley Woodyard,Kentucky,72.375,227,30.0,118.0,,4.25,7.15,1.52,2.58,4.51,2008,OLB,wesley woodyard,
Kevin Akins,Boston College,74.0,218,31.5,117.0,15.0,4.15,6.78,1.7,2.85,4.93,2009,OLB,kevin akins,
Connor Barwin,Cincinnati,75.625,256,40.5,128.0,21.0,4.18,6.87,1.66,2.71,4.66,2009,OLB,connor barwin,
Cody Brown,Connecticut,74.125,244,36.5,120.0,26.0,4.4,7.1,1.75,2.84,4.84,2009,OLB,cody brown,
Victor Butler,Oregon State,74.25,248,33.0,113.0,24.0,4.4,7.21,,2.82,4.84,2009,OLB,victor butler,
Jonathan Casillas,Wisconsin,73.125,228,,,24.0,,,,,,2009,OLB,jonathan casillas,
Aaron Curry,Wake Forest,73.75,254,37.0,124.0,25.0,4.51,7.15,1.61,2.67,4.56,2009,OLB,aaron curry,
Brian Cushing,Southern California,74.875,243,35.0,120.0,30.0,4.22,6.84,1.62,2.73,4.74,2009,OLB,brian cushing,
Kevin Ellison,Southern California,72.875,227,,,32.0,,,1.7,2.85,4.91,2009,OLB,kevin ellison,
Larry English,Northern Illinois,74.125,255,36.0,107.0,24.0,4.38,7.26,1.71,2.82,4.88,2009,OLB,larry english,
Moise Fokou,Maryland,73.125,233,31.0,121.0,12.0,4.28,7.09,1.71,2.81,4.76,2009,OLB,moise fokou,
Zack Follett,California,73.875,236,37.0,117.0,,,7.31,1.68,2.76,4.75,2009,OLB,zack follett,
Marcus Freeman,Ohio State,72.625,239,37.0,113.0,30.0,4.12,6.98,1.64,2.77,4.74,2009,OLB,marcus freeman,
Cody Glenn,Nebraska,72.0,244,,,25.0,,,,,,2009,OLB,cody glenn,
Nic Harris,Oklahoma,74.375,234,31.5,109.0,15.0,4.37,7.05,1.76,2.9,4.95,2009,OLB,nic harris,
Stephen Hodge,Texas Christian,71.625,234,35.0,115.0,22.0,4.34,7.21,1.63,2.7,4.64,2009,OLB,stephen hodge,
DeAndre Levy,Wisconsin,73.75,236,,119.0,19.0,,,,,,2009,OLB,deandre levy,
Kaluka Maiava,Southern California,71.5,229,,110.0,30.0,4.2,6.98,1.67,2.79,4.82,2009,OLB,kaluka maiava,
Clay Matthews,Southern California,75.125,240,35.5,121.0,23.0,4.18,6.9,1.61,2.71,4.67,2009,OLB,clay matthews,
Tyrone McKenzie,South Florida,73.625,243,,112.0,27.0,,,1.7,2.81,4.87,2009,OLB,tyrone mckenzie,
Lee Robinson,Alcorn State,74.25,249,32.5,113.0,24.0,4.67,7.57,1.74,2.89,4.87,2009,OLB,lee robinson,
Clint Sintim,Virginia,74.75,256,34.5,119.0,,4.4,7.37,1.65,2.78,4.82,2009,OLB,clint sintim,
Kyle Bosworth,UCLA,72.625,236,32.5,117.0,25.0,4.11,6.67,1.63,2.77,4.75,2010,OLB,kyle bosworth,
Navorro Bowman,Penn State,72.5,242,29.5,115.0,26.0,4.59,6.91,1.65,2.74,4.77,2010,OLB,navorro bowman,
Keenan Clayton,Oklahoma,73.125,229,41.5,124.0,27.0,,,1.63,2.73,4.66,2010,OLB,keenan clayton,
Justin Cole,San Jose State,75.125,242,34.5,117.0,22.0,4.42,7.13,1.73,2.86,4.84,2010,OLB,justin cole,
Antonio Coleman,Auburn,73.5,255,,113.0,18.0,,,,,,2010,OLB,antonio coleman,
Kavell Conner,Clemson,72.5,242,33.5,110.0,24.0,4.6,7.36,1.63,2.71,4.63,2010,OLB,kavell conner,
Rennie Curran,Georgia,70.625,235,34.5,,25.0,,,1.63,2.89,4.87,2010,OLB,rennie curran,
Dexter Davis,Arizona State,73.5,244,35.0,109.0,25.0,4.3,7.08,1.6,2.7,4.64,2010,OLB,dexter davis,
A.J. Edds,Iowa,75.625,246,33.0,117.0,16.0,4.28,7.19,1.6,2.78,4.71,2010,OLB,a j edds,
Junior Galette,Stillman,73.75,257,33.5,113.0,25.0,4.16,7.04,1.68,2.77,4.77,2010,OLB,junior galette,
Thaddeus Gibson,Ohio State,74.0,243,32.0,115.0,32.0,4.27,6.84,1.69,2.79,4.79,2010,OLB,thaddeus gibson,
Brandon Graham,Michigan,73.375,268,,,31.0,,,1.65,2.77,4.72,2010,OLB,brandon graham,
Jerry Hughes,Texas Christian,73.75,255,34.5,118.0,26.0,4.15,6.99,1.67,2.75,4.69,2010,OLB,jerry hughes,
Carl Ihenacho,San Jose State,74.0,255,,,20.0,,,,,,2010,OLB,carl ihenacho,
Sergio Kindle,Texas,74.875,250,36.5,118.0,25.0,4.53,7.26,1.7,2.76,4.71,2010,OLB,sergio kindle,
Keaton Kristick,Oregon State,74.75,234,34.0,120.0,16.0,4.21,6.96,1.7,2.8,4.77,2010,OLB,keaton kristick,
Simoni Lawrence,Minnesota,72.375,232,40.0,123.0,21.0,4.43,7.3,1.64,2.73,4.68,2010,OLB,simoni lawrence,
Sam Maxwell,Kentucky,73.625,246,33.0,108.0,,4.52,7.37,,,,2010,OLB,sam maxwell,
Koa Misi,Utah,74.625,251,38.0,127.0,,4.27,7.07,1.7,2.81,4.78,2010,OLB,koa misi,
Arthur Moats,James Madison,72.25,246,36.5,122.0,24.0,4.37,7.22,1.61,2.67,4.66,2010,OLB,arthur moats,
Roddrick Muckelroy,Texas,73.75,246,31.0,110.0,19.0,4.39,7.25,1.73,2.85,4.84,2010,OLB,roddrick muckelroy,
Eric Norwood,South Carolina,72.875,245,36.5,115.0,,4.23,7.08,1.67,2.77,4.8,2010,OLB,eric norwood,
Perry Riley,LSU,73.0,239,35.5,119.0,,4.25,6.97,1.67,2.78,4.72,2010,OLB,perry riley,
Ricky Sapp,Clemson,75.875,252,34.0,114.0,23.0,4.41,7.29,1.63,2.72,4.7,2010,OLB,ricky sapp,
OBrien Schofield,Wisconsin,74.25,221,,,,,,,,,2010,OLB,obrien schofield,
Cameron Sheffield,Troy,74.375,257,33.0,115.0,,4.53,7.23,1.65,2.83,4.97,2010,OLB,cameron sheffield,
Stevenson Sylvester,Utah,74.125,231,,,23.0,,,1.67,2.76,4.78,2010,OLB,stevenson sylvester,
Adrian Tracy,William & Mary,74.625,248,35.5,110.0,20.0,4.34,7.08,1.66,2.75,4.76,2010,OLB,adrian tracy,
Nate Triplett,Minnesota,75.0,250,33.0,115.0,20.0,4.37,7.02,1.67,2.71,4.81,2010,OLB,nate triplett,
Daryl Washington,Texas Christian,73.75,230,31.0,114.0,17.0,,,1.63,2.74,4.66,2010,OLB,daryl washington,
Dekoda Watson,Florida State,73.375,240,40.0,134.0,24.0,4.11,7.06,1.58,2.63,4.56,2010,OLB,dekoda watson,
Sean Weatherspoon,Missouri,73.25,239,40.0,123.0,34.0,4.38,6.99,1.66,2.73,4.68,2010,OLB,sean weatherspoon,
Jason Worilds,Virginia Tech,73.25,254,38.0,114.0,24.0,4.29,6.95,1.62,2.71,4.72,2010,OLB,jason worilds,
Sam Acho,Texas,73.625,262,33.5,112.0,23.0,4.32,6.69,1.69,2.77,4.76,2011,OLB,sam acho,
Akeem Ayers,UCLA,74.5,254,31.0,116.0,18.0,4.28,7.49,1.72,2.87,4.88,2011,OLB,akeem ayers,
Chris Carter,Fresno State,73.125,248,36.0,114.0,27.0,4.34,6.88,1.64,2.71,4.67,2011,OLB,chris carter,
Bruce Carter,North Carolina,73.5,241,,,25.0,,,,,,2011,OLB,bruce carter,
Wayne Daniels,Texas Christian,72.25,260,25.0,106.0,,4.68,7.81,1.85,3.0,5.17,2011,OLB,wayne daniels,
Mason Foster,Washington,73.25,245,31.0,110.0,22.0,4.45,7.14,1.63,2.77,4.79,2011,OLB,mason foster,
Mark Herzlich,Boston College,76.0,244,32.5,112.0,29.0,4.46,7.32,1.78,2.92,5.02,2011,OLB,mark herzlich,
Doug Hogue,Syracuse,74.5,235,36.0,121.0,18.0,4.57,7.09,1.64,2.69,4.64,2011,OLB,doug hogue,
Ross Homan,Ohio State,72.75,240,35.5,111.0,32.0,4.34,7.21,1.64,2.72,4.77,2011,OLB,ross homan,
Justin Houston,Georgia,74.875,270,36.5,125.0,30.0,4.37,6.95,1.66,2.75,4.76,2011,OLB,justin houston,
Jeremiha Hunter,Iowa,72.5,239,31.5,116.0,20.0,,,1.65,2.78,4.83,2011,OLB,jeremiha hunter,
Scott Lutrus,Connecticut,74.375,241,38.0,121.0,,4.09,6.89,1.63,2.73,4.7,2011,OLB,scott lutrus,
Von Miller,Texas AM,74.625,246,37.0,126.0,21.0,4.06,6.7,1.62,2.64,4.53,2011,OLB,von miller,
Bruce Miller,Central Florida,73.375,254,31.0,113.0,35.0,4.34,7.05,1.75,2.85,4.91,2011,OLB,bruce miller,
Dontay Moch,Nevada,73.375,248,42.0,128.0,21.0,4.38,7.09,1.68,2.71,4.53,2011,OLB,dontay moch,
Adrian Moten,Maryland,73.625,228,31.0,114.0,18.0,4.21,7.05,1.63,2.69,4.6,2011,OLB,adrian moten,
Jonas Mouton,Michigan,73.0,239,31.5,115.0,,4.34,7.08,1.73,2.85,4.94,2011,OLB,jonas mouton,
Brooks Reed,Arizona,74.5,263,30.5,113.0,30.0,4.28,7.11,1.63,2.7,4.66,2011,OLB,brooks reed,
Brian Rolle,Ohio State,69.625,229,33.0,115.0,28.0,4.26,6.89,1.63,2.66,4.62,2011,OLB,brian rolle,
D.J. Smith,Appalachian State,70.625,239,31.0,104.0,20.0,4.45,7.35,1.77,2.87,4.88,2011,OLB,d j smith,
J.T. Thomas,West Virginia,73.0,241,30.5,114.0,23.0,4.28,7.23,1.66,2.75,4.73,2011,OLB,j t thomas,
Lawrence Wilson,Connecticut,72.875,229,32.5,113.0,24.0,4.5,7.31,1.68,2.77,4.74,2011,OLB,lawrence wilson,
K.J. Wright,Mississippi State,75.375,246,32.0,120.0,20.0,4.46,7.26,1.69,2.78,4.75,2011,OLB,k j wright,
Emmanuel Acho,Texas,73.625,238,35.5,118.0,24.0,,,1.6,2.72,4.73,2012,OLB,emmanuel acho,
Ryan Baker,LSU,71.375,232,34.0,113.0,30.0,4.35,7.21,1.75,2.86,4.88,2012,OLB,ryan baker,
Nigel Bradham,Florida State,73.875,241,37.0,121.0,24.0,4.37,7.18,1.69,2.74,4.66,2012,OLB,nigel bradham,
Zach Brown,North Carolina,73.25,244,33.5,116.0,,,,1.66,2.65,4.5,2012,OLB,zach brown,
Miles Burris,San Diego State,74.125,246,37.5,121.0,31.0,,,,,,2012,OLB,miles burris,
Lavonte David,Nebraska,72.625,233,36.5,119.0,19.0,4.22,7.28,1.6,2.68,4.65,2012,OLB,lavonte david,
Demario Davis,Arkansas State,74.0,235,38.5,124.0,32.0,4.28,7.19,1.66,2.71,4.61,2012,OLB,demario davis,
Darius Fleming,Notre Dame,73.625,245,33.5,114.0,27.0,4.28,7.03,1.67,2.79,4.77,2012,OLB,darius fleming,
Melvin Ingram,South Carolina,73.5,264,34.5,109.0,28.0,4.18,6.83,1.62,,4.79,2012,OLB,melvin ingram,
Bruce Irvin,West Virginia,75.0,245,33.5,123.0,23.0,4.03,6.7,1.58,2.66,4.5,2012,OLB,bruce irvin,
Steven Johnson,Kansas,72.5,239,36.0,113.0,16.0,4.38,7.32,1.69,2.76,4.78,2012,OLB,steven johnson,
Josh Kaddu,Oregon,75.125,239,34.0,119.0,20.0,,,,,,2012,OLB,josh kaddu,
Travis Lewis,Oklahoma,73.375,246,36.0,122.0,22.0,,,1.71,2.84,4.88,2012,OLB,travis lewis,
Ronnell Lewis,Oklahoma,73.75,253,31.0,112.0,36.0,4.4,7.09,1.67,2.75,4.72,2012,OLB,ronnell lewis,
Brandon Lindsey,Pittsburgh,73.625,254,33.0,117.0,23.0,4.28,7.36,1.67,2.82,4.93,2012,OLB,brandon lindsey,
Terrell Manning,North Carolina State,74.125,237,32.5,114.0,22.0,4.43,7.18,1.75,2.83,4.79,2012,OLB,terrell manning,
Brandon Marshall,Nevada,73.375,242,30.5,108.0,28.0,4.09,7.05,1.71,2.82,4.81,2012,OLB,brandon marshall,
Jonathan Massaquoi,Troy,74.125,264,33.5,120.0,20.0,4.53,7.38,1.65,2.81,4.89,2012,OLB,jonathan massaquoi,
Shea McClellin,Boise State,75.375,260,31.5,118.0,19.0,4.33,7.07,1.59,2.69,4.75,2012,OLB,shea mcclellin,
Tyler Nielsen,Iowa,75.375,238,,,21.0,4.31,7.27,1.69,2.76,4.74,2012,OLB,tyler nielsen,
Sean Spence,Miami (FL),71.375,231,33.5,119.0,12.0,4.28,7.46,1.63,2.7,4.71,2012,OLB,sean spence,
Nathan Stupar,Penn State,73.625,241,31.0,116.0,21.0,4.28,6.84,1.68,2.75,4.78,2012,OLB,nathan stupar,
Danny Trevathan,Kentucky,72.25,237,31.5,111.0,18.0,,,,,,2012,OLB,danny trevathan,
Tahir Whitehead,Temple,73.25,233,37.0,124.0,21.0,4.37,7.14,1.63,2.65,4.7,2012,OLB,tahir whitehead,
Kyle Wilber,Wake Forest,75.75,249,33.5,117.0,25.0,4.31,7.11,1.72,2.84,4.86,2012,OLB,kyle wilber,
Jon Bostic,Florida,72.875,245,32.5,118.0,22.0,4.24,6.99,1.59,2.67,4.61,2013,OLB,jon bostic,
Arthur Brown,Kansas State,72.375,241,,116.0,,,,,,,2013,OLB,arthur brown,
Jamie Collins,Southern Miss,75.5,250,41.5,139.0,19.0,4.32,7.1,1.64,2.72,4.64,2013,OLB,jamie collins,
Zaviar Gooden,Missouri,73.5,234,34.0,131.0,27.0,4.18,6.71,1.54,2.58,4.47,2013,OLB,zaviar gooden,
Khaseem Greene,Rutgers,72.75,241,30.0,116.0,17.0,4.2,7.58,1.64,2.73,4.71,2013,OLB,khaseem greene,
Gerald Hodges,Penn State,73.0,243,,119.0,22.0,,,1.67,2.78,4.78,2013,OLB,gerald hodges,
DeVonte Holloman,South Carolina,73.375,243,33.0,113.0,15.0,4.26,7.3,1.63,2.76,4.76,2013,OLB,devonte holloman,
Jarvis Jones,Georgia,74.375,245,,,,,,,,,2013,OLB,jarvis jones,
Dion Jordan,Oregon,78.25,248,32.5,122.0,,4.35,7.02,1.65,2.68,4.6,2013,OLB,dion jordan,
Jake Knott,Iowa State,73.75,243,,,,,,,,,2013,OLB,jake knott,
John Lotulelei,UNLV,71.375,233,35.5,117.0,25.0,4.3,6.91,1.66,2.78,4.84,2013,OLB,john lotulelei,
Brandon Magee,Arizona State,71.0,223,,114.0,,,,1.67,2.78,4.74,2013,OLB,brandon magee,
Michael Mauti,Penn State,73.875,243,,,28.0,,,,,,2013,OLB,michael mauti,
Lerentee McCray,Florida,74.125,250,,,,,,,,,2013,OLB,lerentee mccray,
Barkevious Mingo,LSU,76.25,241,37.0,128.0,,4.39,6.84,1.6,2.68,4.58,2013,OLB,barkevious mingo,
Nick Moody,Florida State,73.0,236,,118.0,17.0,,,1.62,2.71,4.71,2013,OLB,nick moody,
Sio Moore,Connecticut,72.75,245,38.0,127.0,29.0,4.31,7.49,1.62,2.7,4.65,2013,OLB,sio moore,
Alec Ogletree,Georgia,74.5,242,33.5,122.0,20.0,4.39,7.16,1.65,2.74,4.7,2013,OLB,alec ogletree,
Sean Porter,Texas AM,73.25,229,35.0,119.0,22.0,,,1.65,2.74,4.75,2013,OLB,sean porter,
Ty Powell,Harding,74.125,249,37.0,122.0,28.0,4.4,6.98,1.58,2.66,4.64,2013,OLB,ty powell,
Etienne Sabino,Ohio State,74.0,247,,114.0,24.0,,,1.68,2.76,4.75,2013,OLB,etienne sabino,
John Simon,Ohio State,73.5,257,,,,,,,,,2013,OLB,john simon,
Mike Taylor,Wisconsin,73.375,234,,,,,,,,,2013,OLB,mike taylor,
Chase Thomas,Stanford,75.25,244,32.0,113.0,18.0,4.31,7.17,1.69,2.83,4.91,2013,OLB,chase thomas,
Trevardo Williams,Connecticut,73.25,241,38.0,124.0,30.0,,,1.58,2.64,4.57,2013,OLB,trevardo williams,
Nathan Williams,Ohio State,75.0,241,35.0,113.0,24.0,4.44,6.99,1.67,2.82,4.88,2013,OLB,nathan williams,
Jeremiah Attaochu,Georgia Tech,75.25,252,,,,,,,,,2014,OLB,jeremiah attaochu,
Anthony Barr,UCLA,76.875,255,34.5,119.0,15.0,4.19,6.82,1.67,2.77,4.66,2014,OLB,anthony barr,
Carl Bradford,Arizona State,72.75,250,37.5,122.0,23.0,4.3,7.25,1.66,2.78,4.76,2014,OLB,carl bradford,
Jonathan Brown,Illinois,72.375,238,31.0,108.0,16.0,4.56,7.77,1.8,2.96,5.03,2014,OLB,jonathan brown,
Kasim Edebali,Boston College,74.0,253,34.5,115.0,19.0,4.35,7.2,1.7,2.8,4.79,2014,OLB,kasim edebali,
Khairi Fortt,California,74.25,248,36.0,120.0,30.0,,,1.63,2.74,4.7,2014,OLB,khairi fortt,
Anthony Hitchens,Iowa,72.375,240,31.5,116.0,23.0,4.45,7.15,1.62,2.74,4.74,2014,OLB,anthony hitchens,
Adrian Hubbard,Alabama,78.0,257,38.5,117.0,,,,1.61,2.71,4.69,2014,OLB,adrian hubbard,
Howard Jones,Shepherd,74.5,235,40.5,124.0,21.0,4.41,7.16,1.63,2.69,4.6,2014,OLB,howard jones,
Christian Jones,Florida State,75.125,240,33.5,115.0,,,,1.72,2.79,4.74,2014,OLB,christian jones,
Devon Kennard,Southern California,75.0,249,30.0,113.0,23.0,4.32,7.25,1.64,2.73,4.7,2014,OLB,devon kennard,
Christian Kirksey,Iowa,73.75,233,32.0,122.0,16.0,,,,,,2014,OLB,christian kirksey,
Boseko Lokombo,Oregon,74.125,225,,122.0,,4.3,7.15,1.62,2.71,4.66,2014,OLB,boseko lokombo,
Khalil Mack,Buffalo,74.625,251,40.0,128.0,23.0,4.18,7.08,1.64,2.73,4.65,2014,OLB,khalil mack,
Jonathan Newsome,Ball State,74.625,247,34.0,117.0,21.0,4.63,7.31,1.64,2.75,4.73,2014,OLB,jonathan newsome,
Kevin Pierre-Louis,Boston College,72.5,232,39.0,128.0,28.0,4.02,6.92,1.56,2.61,4.51,2014,OLB,kevin pierre louis,
Ronald Powell,Florida,75.125,237,35.5,114.0,21.0,,,1.62,2.71,4.65,2014,OLB,ronald powell,
Trevor Reilly,Utah,76.75,245,,,26.0,,,,,,2014,OLB,trevor reilly,
Ryan Shazier,Ohio State,73.125,237,42.0,130.0,25.0,4.21,6.91,,,,2014,OLB,ryan shazier,
Prince Shembo,Notre Dame,73.375,253,38.5,122.0,26.0,4.31,7.29,1.63,2.72,4.71,2014,OLB,prince shembo,
Telvin Smith,Florida State,75.0,218,31.5,119.0,,,,1.57,2.63,4.52,2014,OLB,telvin smith,
Chris Smith,Arkansas,73.0,266,37.0,121.0,28.0,4.46,7.55,1.68,2.74,4.71,2014,OLB,chris smith,
Tyler Starr,South Dakota,76.125,250,32.0,116.0,24.0,4.15,6.64,1.72,2.86,4.95,2014,OLB,tyler starr,
Jordan Tripp,Montana,74.75,234,37.5,120.0,22.0,3.96,6.89,1.64,2.73,4.67,2014,OLB,jordan tripp,
Kyle Van Noy,Brigham Young,75.125,243,32.5,112.0,21.0,4.2,7.22,1.62,2.72,4.71,2014,OLB,kyle van noy,
Jordan Zumwalt,UCLA,76.0,235,33.0,116.0,,4.25,6.99,1.63,2.77,4.76,2014,OLB,jordan zumwalt,
Kwon Alexander,LSU,72.75,227,36.0,121.0,24.0,4.2,7.14,1.58,2.68,4.55,2015,OLB,kwon alexander,1040.0
Neiron Ball,Florida,74.375,236,,,22.0,,,,,,2015,OLB,neiron ball,1041.0
Vic Beasley,Clemson,75.0,246,41.0,130.0,35.0,4.15,6.91,1.59,2.65,4.53,2015,OLB,vic beasley,1042.0
Yannik Cudjoe-Virgil,Maryland,74.125,248,,,25.0,,,,,,2015,OLB,yannik cudjoe virgil,
Aaron Davis,Colorado State,71.625,225,29.0,107.0,16.0,4.37,7.38,1.74,2.88,4.95,2015,OLB,aaron davis,
Xzavier Dickson,Alabama,75.5,260,29.5,100.0,19.0,4.53,7.56,1.7,2.79,4.74,2015,OLB,xzavier dickson,1043.0
Kyle Emanuel,North Dakota State,75.25,255,34.0,120.0,27.0,4.25,7.1,1.69,2.79,4.77,2015,OLB,kyle emanuel,1044.0
Dante Fowler,Florida,74.625,261,32.5,112.0,19.0,4.32,7.4,1.59,2.69,4.6,2015,OLB,dante fowler,1045.0
Alani Fua,Brigham Young,76.75,238,34.5,118.0,18.0,4.15,6.83,1.67,2.77,4.73,2015,OLB,alani fua,
Markus Golden,Missouri,74.375,260,,,,,,1.68,2.81,4.9,2015,OLB,markus golden,
Geneo Grissom,Oklahoma,75.375,262,37.0,117.0,20.0,4.38,7.24,1.65,2.78,4.81,2015,OLB,geneo grissom,
Eli Harold,Virginia,75.125,247,35.0,123.0,,4.16,7.07,1.61,2.69,4.6,2015,OLB,eli harold,1046.0
Jordan Hicks,Texas,73.375,236,38.0,124.0,20.0,4.15,6.78,1.58,2.67,4.68,2015,OLB,jordan hicks,1047.0
Zack Hodges,Harvard,74.5,250,33.5,125.0,,4.65,,1.61,2.7,4.68,2015,OLB,zack hodges,
Mike Hull,Penn State,71.875,237,,,31.0,4.15,6.99,1.6,2.71,4.68,2015,OLB,mike hull,
Hauoli Kikaha,Washington,74.375,253,,,,,,,,,2015,OLB,hauoli kikaha,
Lorenzo Mauldin,Louisville,75.625,259,32.0,112.0,23.0,4.58,7.47,1.68,2.83,4.85,2015,OLB,lorenzo mauldin,1048.0
Mark Nzeocha,Wyoming,74.375,232,,,24.0,,,,,,2015,OLB,mark nzeocha,1049.0
Edmond Robinson,Newberry,74.625,245,37.0,121.0,20.0,4.38,7.49,1.61,2.69,4.61,2015,OLB,edmond robinson,1050.0
Jake Ryan,Michigan,74.375,240,34.5,120.0,20.0,4.2,7.11,1.62,2.71,4.65,2015,OLB,jake ryan,1051.0
J.R. Tavai,Southern California,73.75,249,30.5,112.0,20.0,,,1.71,2.84,4.91,2015,OLB,j r tavai,
Shaq Thompson,Washington,72.125,228,33.5,117.0,,4.08,6.99,1.69,2.75,4.64,2015,OLB,shaq thompson,1052.0
Davis Tull,Chattanooga,74.375,246,42.5,132.0,26.0,,,,,,2015,OLB,davis tull,1053.0
Max Valles,Virginia,76.625,251,36.5,121.0,,4.37,7.59,1.64,2.75,4.83,2015,OLB,max valles,1054.0
Tony Washington,Oregon,75.625,247,32.5,110.0,17.0,4.31,7.2,1.74,2.89,4.99,2015,OLB,tony washington,
Devante Bond,Oklahoma,73.125,235,37.5,121.0,21.0,4.36,7.07,1.62,2.72,4.7,2016,OLB,devante bond,1055.0
Beniquez Brown,Mississippi State,72.75,229,31.0,110.0,18.0,4.28,7.07,1.64,2.79,4.77,2016,OLB,beniquez brown,
DeVondre Campbell,Minnesota,75.625,232,34.0,116.0,16.0,,,1.64,2.71,4.58,2016,OLB,devondre campbell,
Kamalei Correa,Boise State,74.625,243,33.0,108.0,21.0,,,1.62,2.72,4.69,2016,OLB,kamalei correa,
Sua Cravens,Southern California,72.75,226,27.0,114.0,16.0,,,,,,2016,OLB,sua cravens,
Kyler Fackrell,Utah State,77.0,245,34.5,121.0,15.0,,,1.61,2.75,4.72,2016,OLB,kyler fackrell,1056.0
Travis Feeney,Washington,75.625,230,40.0,130.0,,4.42,7.2,1.58,2.64,4.5,2016,OLB,travis feeney,1057.0
Leonard Floyd,Georgia,77.625,244,39.5,127.0,,,,1.59,2.68,4.6,2016,OLB,leonard floyd,1058.0
Myles Jack,UCLA,73.0,245,,,19.0,,,,,,2016,OLB,myles jack,1059.0
Jordan Jenkins,Georgia,74.625,259,36.5,121.0,16.0,,,1.58,2.74,4.8,2016,OLB,jordan jenkins,1060.0
Deion Jones,LSU,72.875,222,33.0,120.0,,,,1.6,2.67,4.59,2016,OLB,deion jones,1061.0
Nick Kwiatkoski,West Virginia,74.0,243,32.0,120.0,19.0,4.22,7.16,1.62,2.73,4.73,2016,OLB,nick kwiatkoski,
Darron Lee,Ohio State,72.75,232,35.5,133.0,17.0,4.2,7.12,1.54,2.6,4.47,2016,OLB,darron lee,1062.0
Cory Littleton,Washington,75.125,238,29.5,114.0,,4.32,7.11,1.65,2.74,4.73,2016,OLB,cory littleton,
Curt Maggitt,Tennessee,75.25,247,,,,,,,,,2016,OLB,curt maggitt,
Yannick Ngakoue,Maryland,74.0,252,34.5,118.0,26.0,4.5,7.35,1.64,2.77,4.75,2016,OLB,yannick ngakoue,
Dadi Nicolas,Virginia Tech,74.875,235,41.0,116.0,14.0,4.38,7.04,1.7,2.8,4.74,2016,OLB,dadi nicolas,
Victor Ochi,Stony Brook,73.125,246,32.0,119.0,,4.4,7.24,1.66,2.84,4.86,2016,OLB,victor ochi,
Montese Overton,East Carolina,73.75,223,34.0,123.0,18.0,4.47,7.15,1.59,2.67,4.61,2016,OLB,montese overton,
Joshua Perry,Ohio State,75.75,254,33.5,124.0,20.0,,,1.64,2.72,4.68,2016,OLB,joshua perry,
Joe Schobert,Wisconsin,73.375,244,33.5,111.0,22.0,4.3,7.11,1.62,2.77,4.76,2016,OLB,joe schobert,1063.0
Jaylon Smith,Notre Dame,74.0,223,,,,,,,,,2016,OLB,jaylon smith,1064.0
Terrance Smith,Florida State,74.875,235,34.5,120.0,19.0,,,1.65,2.77,4.77,2016,OLB,terrance smith,
Eric Striker,Oklahoma,71.375,227,30.0,116.0,23.0,4.46,7.3,1.69,2.79,4.8,2016,OLB,eric striker,
Ryan Anderson,Alabama,74.125,253,,,,,,1.71,2.8,4.74,2017,OLB,ryan anderson,1065.0
Alex Anzalone,Florida,75.0,241,30.5,115.0,16.0,,,1.59,2.69,4.62,2017,OLB,alex anzalone,
Vince Biegel,Wisconsin,75.125,246,33.5,116.0,21.0,,,1.64,2.73,4.67,2017,OLB,vince biegel,
Tyus Bowser,Houston,74.625,247,37.5,126.0,21.0,,,1.59,2.68,4.65,2017,OLB,tyus bowser,1066.0
Jayon Brown,UCLA,71.75,231,31.5,120.0,17.0,,,1.62,2.69,4.67,2017,OLB,jayon brown,
Zach Cunningham,Vanderbilt,75.25,234,35.0,124.0,15.0,,,1.58,2.68,4.67,2017,OLB,zach cunningham,
Dylan Donahue,West Georgia,74.625,248,29.5,115.0,26.0,,,1.66,2.74,4.75,2017,OLB,dylan donahue,
Devonte Fields,Louisville,74.375,236,34.0,123.0,,,,1.66,2.73,4.72,2017,OLB,devonte fields,
Marquel Lee,Wake Forest,75.25,240,31.0,116.0,25.0,,,,,,2017,OLB,marquel lee,
Takkarist McKinley,UCLA,74.125,250,33.0,122.0,24.0,,,1.6,2.67,4.59,2017,OLB,takkarist mckinley,
Matt Milano,Boston College,72.25,223,35.0,125.0,24.0,,,1.65,2.72,4.67,2017,OLB,matt milano,
Carroll Phillips,Illinois,75.25,242,30.0,123.0,23.0,,,1.64,2.71,4.64,2017,OLB,carroll phillips,
Ejuan Price,Pittsburgh,70.875,241,31.5,116.0,20.0,,,1.66,2.78,4.84,2017,OLB,ejuan price,
Haason Reddick,Temple,73.25,237,36.5,133.0,24.0,,,1.59,2.62,4.52,2017,OLB,haason reddick,
Jalen Reeves-Maybin,Tennessee,72.25,230,,,,,,,,,2017,OLB,jalen reeves maybin,
Duke Riley,LSU,72.25,232,34.5,122.0,18.0,,,1.56,2.65,4.58,2017,OLB,duke riley,
Pita Taumoepenu,Utah,73.0,243,28.5,111.0,24.0,,,1.64,2.73,4.67,2017,OLB,pita taumoepenu,1067.0
T.J. Watt,Wisconsin,76.25,252,37.0,127.0,21.0,,,1.59,2.71,4.69,2017,OLB,t j watt,1068.0
Tim Williams,Alabama,75.125,244,33.5,123.0,,,,1.64,2.73,4.68,2017,OLB,tim williams,1069.0
Jerome Baker,Ohio State,73.125,229,36.5,126.0,22.0,,,1.62,2.68,4.53,2018,OLB,jerome baker,1070.0
Keishawn Bierria,Washington,72.375,230,30.5,117.0,21.0,,7.26,1.63,2.77,4.79,2018,OLB,keishawn bierria,
Oren Burks,Vanderbilt,75.125,233,39.5,131.0,18.0,4.15,6.82,1.59,2.64,4.59,2018,OLB,oren burks,
Lorenzo Carter,Georgia,76.875,250,36.0,130.0,,,,1.56,2.6,4.46,2018,OLB,lorenzo carter,
Chris Covington,Indiana,74.125,245,,,23.0,,,1.63,2.76,4.78,2018,OLB,chris covington,
Garret Dooley,Wisconsin,74.375,248,33.0,121.0,21.0,4.28,,1.64,2.78,4.8,2018,OLB,garret dooley,
Tremaine Edmunds,Virginia Tech,76.5,253,,117.0,19.0,,,1.6,2.65,4.54,2018,OLB,tremaine edmunds,
Rashaan Evans,Alabama,73.875,232,30.0,116.0,,4.36,6.95,,,,2018,OLB,rashaan evans,
Shaquem Griffin,Central Florida,72.375,227,,117.0,20.0,,,1.54,2.58,4.38,2018,OLB,shaquem griffin,1071.0
Marquis Haynes,Mississippi,74.375,235,32.0,123.0,23.0,4.45,7.14,1.66,2.72,4.67,2018,OLB,marquis haynes,1072.0
James Hearns,Louisville,74.5,239,,,22.0,,,1.67,2.82,4.89,2018,OLB,james hearns,
Jeff Holland,Auburn,73.375,249,,116.0,,,,1.71,2.82,4.79,2018,OLB,jeff holland,
Darius Jackson,Jacksonville State,74.25,242,26.5,113.0,21.0,,7.52,1.75,2.88,4.87,2018,OLB,darius jackson,
Leon Jacobs,Wisconsin,73.125,246,34.5,122.0,26.0,4.44,7.14,1.58,2.61,4.48,2018,OLB,leon jacobs,1073.0
Peter Kalambayi,Stanford,74.625,252,34.0,121.0,19.0,4.36,7.13,1.59,2.66,4.57,2018,OLB,peter kalambayi,
Harold Landry,Boston College,74.375,252,36.0,119.0,24.0,4.19,6.88,1.59,2.69,4.64,2018,OLB,harold landry,1074.0
Darius Leonard,South Carolina State,74.0,234,,,17.0,,,1.69,2.77,4.7,2018,OLB,darius leonard,
Mike McCray,Michigan,73.125,243,31.5,119.0,16.0,4.25,7.09,1.63,2.75,4.76,2018,OLB,mike mccray,
Skai Moore,South Carolina,73.75,226,36.0,117.0,,,,1.66,2.76,4.73,2018,OLB,skai moore,
Uchenna Nwosu,Southern California,74.125,251,32.0,119.0,20.0,,,1.63,2.71,4.65,2018,OLB,uchenna nwosu,1075.0
Dorian ODaniel,Clemson,72.625,223,32.0,119.0,21.0,4.07,6.64,1.64,2.71,4.61,2018,OLB,dorian odaniel,
Jacob Pugh,Florida State,75.625,246,38.5,122.0,,,,1.61,2.71,4.65,2018,OLB,jacob pugh,
Leighton Vander Esch,Boise State,76.25,256,39.5,124.0,20.0,4.15,6.88,1.56,2.69,4.65,2018,OLB,leighton vander esch,1076.0
Fred Warner,Brigham Young,75.375,236,38.5,119.0,21.0,4.28,6.9,1.55,2.65,4.64,2018,OLB,fred warner,1077.0
Anthony Winbush,Ball State,73.25,249,,110.0,25.0,,,,,,2018,OLB,anthony winbush,
Josh Allen,Kentucky,76.875,259,33.5,118.0,28.0,4.23,7.15,1.63,2.7,4.63,2019,OLB,josh allen,
Ben Banogu,Texas Christian,75.5,250,40.0,134.0,23.0,4.27,7.02,1.62,2.68,4.62,2019,OLB,ben banogu,
Cody Barton,Utah,74.5,235,32.5,116.0,30.0,4.03,6.9,1.61,2.71,4.64,2019,OLB,cody barton,
Jordan Brailford,Oklahoma State,74.625,252,37.5,126.0,22.0,,,1.62,2.73,4.65,2019,OLB,jordan brailford,
Brian Burns,Florida State,77.125,242,36.0,129.0,,,7.01,1.54,2.62,4.53,2019,OLB,brian burns,
Blake Cashman,Minnesota,73.125,237,37.5,124.0,18.0,4.12,6.95,1.57,2.63,4.5,2019,OLB,blake cashman,
Jamal Davis II,Akron,75.125,236,39.0,122.0,19.0,4.44,7.0,1.6,2.64,4.6,2019,OLB,jamal davis,
Tyrel Dodson,Texas AM,72.375,237,,118.0,24.0,,,1.61,2.68,4.6,2019,OLB,tyrel dodson,
Porter Gustin,Southern California,76.5,255,35.5,119.0,31.0,,,1.63,2.76,4.69,2019,OLB,porter gustin,
Terez Hall,Missouri,73.125,228,,,20.0,,,,,,2019,OLB,terez hall,
Nate Hall,Northwestern,74.25,225,,,,,,,,,2019,OLB,nate hall,
Terrill Hanks,New Mexico State,74.0,242,35.5,118.0,21.0,,,1.71,2.88,,2019,OLB,terrill hanks,
Chase Hansen,Utah,74.875,229,,,,,,,,,2019,OLB,chase hansen,
Gary Johnson,Texas,71.875,226,33.5,121.0,16.0,4.57,7.15,1.6,2.63,4.43,2019,OLB,gary johnson,
Jordan Jones,Kentucky,73.875,231,32.5,123.0,23.0,4.37,,1.64,2.72,4.62,2019,OLB,jordan jones,
Vosean Joseph,Florida,73.375,228,,,,,,,,,2019,OLB,vosean joseph,
Christian Miller,Alabama,75.375,247,38.5,118.0,,,,,,,2019,OLB,christian miller,
Jachai Polite,Florida,74.875,254,32.0,,,,,1.71,2.85,4.84,2019,OLB,jachai polite,
Germaine Pratt,North Carolina State,74.5,240,32.5,116.0,24.0,,,1.6,2.65,4.57,2019,OLB,germaine pratt,
Sutton Smith,Northern Illinois,72.375,233,31.5,118.0,25.0,4.32,6.75,1.72,2.78,4.69,2019,OLB,sutton smith,
Sione Takitaki,Brigham Young,73.125,233,37.0,125.0,24.0,4.28,7.21,1.6,2.7,4.63,2019,OLB,sione takitaki,
Drue Tranquill,Notre Dame,74.0,234,37.5,122.0,31.0,4.14,6.94,1.59,2.65,4.57,2019,OLB,drue tranquill,
Andrew Van Ginkel,Wisconsin,75.5,241,38.0,123.0,17.0,4.14,6.89,,,,2019,OLB,andrew van ginkel,
DAndre Walker,Georgia,74.375,253,,,,,,,,,2019,OLB,dandre walker,
Zack Baun,Wisconsin,74.375,238,32.5,115.0,24.0,4.31,7.0,1.65,2.74,4.65,2020,OLB,zack baun,
Daniel Bituli,Tennessee,74.0,246,32.0,121.0,16.0,,,1.75,2.85,4.84,2020,OLB,daniel bituli,
Shaun Bradley,Temple,72.625,235,32.5,121.0,14.0,4.24,7.07,1.59,2.64,4.51,2020,OLB,shaun bradley,
Cam Brown,Penn State,77.25,233,35.5,123.0,16.0,,,1.7,2.8,4.72,2020,OLB,cam brown,
KLavon Chaisson,LSU,75.0,254,,,,,,,,,2020,OLB,klavon chaisson,
Jeremy Chinn,Southern Illinois,75.0,221,41.0,138.0,20.0,,,1.55,2.58,4.45,2020,OLB,jeremy chinn,
Brian Cole II,Mississippi State,73.75,213,,,,,,1.6,2.66,4.52,2020,OLB,brian cole,
Carter Coughlin,Minnesota,75.125,236,36.0,126.0,,,,1.61,2.67,4.57,2020,OLB,carter coughlin,
Akeem Davis-Gaither,Appalachian State,73.5,224,,,21.0,,,,,,2020,OLB,akeem davis gaither,
Troy Dye,Oregon,75.25,231,,,,,,,,,2020,OLB,troy dye,
Tipa Galeai,Utah State,76.625,235,,,,,,,,,2020,OLB,tipa galeai,
Willie Gay Jr,Mississippi State,73.125,243,39.5,136.0,21.0,4.3,7.08,1.55,2.6,4.46,2020,OLB,willie gay,
Malik Harrison,Ohio State,74.625,247,36.0,122.0,,4.32,6.83,1.64,2.73,4.66,2020,OLB,malik harrison,
Khaleke Hudson,Michigan,71.0,224,33.0,120.0,30.0,,,1.59,2.67,4.56,2020,OLB,khaleke hudson,
Anfernee Jennings,Alabama,74.125,256,,,,,,,,,2020,OLB,anfernee jennings,
Azur Kamara,Kansas,75.25,242,28.0,121.0,13.0,4.46,7.2,1.63,2.71,4.59,2020,OLB,azur kamara,
Jordan Mack,Virginia,74.75,241,,,,,,,,,2020,OLB,jordan mack,
Kamal Martin,Minnesota,74.875,240,,,,,,,,,2020,OLB,kamal martin,
Tanner Muse,Clemson,74.0,227,34.5,124.0,20.0,,,1.56,2.6,4.41,2020,OLB,tanner muse,
Julian Okwara,Notre Dame,76.25,252,,,27.0,,,,,,2020,OLB,julian okwara,
Michael Pinckney,Miami (FL),71.125,235,,,,,,,,,2020,OLB,michael pinckney,
Patrick Queen,LSU,72.25,229,35.0,125.0,18.0,,,1.58,2.64,4.5,2020,OLB,patrick queen,
Chapelle Russell,Temple,74.0,236,35.0,121.0,21.0,4.41,7.38,1.65,2.74,4.69,2020,OLB,chapelle russell,
Qaadir Sheppard,Mississippi,74.875,261,31.5,115.0,28.0,,,1.67,2.8,4.83,2020,OLB,qaadir sheppard,
Isaiah Simmons,Clemson,75.625,233,39.0,132.0,,,,1.55,2.58,4.39,2020,OLB,isaiah simmons,
Justin Strnad,Wake Forest,75.375,238,29.0,113.0,,4.49,,1.68,2.8,4.74,2020,OLB,justin strnad,
Davion Taylor,Colorado,72.5,228,35.0,127.0,21.0,4.26,6.96,1.63,2.67,4.49,2020,OLB,davion taylor,
Casey Toohill,Stanford,76.375,250,39.0,126.0,17.0,4.21,7.08,1.59,2.7,4.62,2020,OLB,casey toohill,
Josh Uche,Michigan,73.25,245,,,18.0,,,,,,2020,OLB,josh uche,
Nnamdi Asomugha,California,74.375,213,37.5,124.0,16.0,,,1.6,2.66,4.5,2003,CB,nnamdi asomugha,
Rod Babers,Texas,68.75,192,37.0,127.0,15.0,4.07,6.83,1.57,2.58,4.4,2003,CB,rod babers,
Korey Banks,Mississippi State,69.875,188,,,15.0,,,1.63,2.7,4.6,2003,CB,korey banks,
Julian Battle,Tennessee,74.25,205,,,,,,,,,2003,CB,julian battle,
Torrie Cox,Pittsburgh,69.25,181,32.0,119.0,,4.2,6.98,,,,2003,CB,torrie cox,
Sammy Davis,Texas AM,71.75,186,40.0,131.0,19.0,,7.01,1.53,2.57,4.44,2003,CB,sammy davis,
Drayton Florence,Tuskegee,72.25,198,35.0,124.0,18.0,,,1.53,2.58,4.44,2003,CB,drayton florence,
Kevin Garrett,Southern Methodist,69.375,194,35.0,129.0,,3.96,6.9,1.57,2.52,4.35,2003,CB,kevin garrett,
Jason Goss,Texas Christian,70.0,183,32.5,117.0,15.0,4.31,7.46,1.64,2.73,4.7,2003,CB,jason goss,
DeJuan Groce,Nebraska,69.625,192,36.0,118.0,18.0,4.0,6.82,1.58,2.62,4.5,2003,CB,dejuan groce,
Michael Lehan,Minnesota,71.75,196,34.5,119.0,13.0,4.15,6.95,1.58,2.64,4.48,2003,CB,michael lehan,
Brian Mance,Clemson,70.375,189,32.5,115.0,18.0,,,1.75,2.76,4.66,2003,CB,brian mance,
Ricky Manning,UCLA,68.625,185,36.5,117.0,12.0,4.17,7.11,1.64,2.66,4.59,2003,CB,ricky manning,
Terrence McGee,Northwestern State,69.625,201,37.0,126.0,15.0,4.09,6.88,1.6,2.66,4.57,2003,CB,terrence mcgee,
Terence Newman,Kansas State,70.375,189,41.0,136.0,,3.83,6.88,1.56,2.61,4.37,2003,CB,terence newman,
Terrell Roberts,Oregon State,69.125,203,34.0,117.0,18.0,4.26,7.12,1.69,2.77,4.77,2003,CB,terrell roberts,
Asante Samuel,Central Florida,70.875,185,35.5,120.0,9.0,4.14,6.95,1.59,2.66,4.53,2003,CB,asante samuel,
Donald Strickland,Colorado,70.0,187,35.5,121.0,16.0,4.04,6.98,1.57,2.63,4.53,2003,CB,donald strickland,
Charles Tillman,Louisiana,73.125,207,40.0,131.0,12.0,3.89,7.05,1.56,2.63,4.49,2003,CB,charles tillman,
Marcus Trufant,Washington State,71.125,199,39.0,127.0,11.0,4.32,6.87,1.56,2.59,4.42,2003,CB,marcus trufant,
B.J. Tucker,Wisconsin,70.5,188,35.0,123.0,16.0,4.2,7.25,1.61,2.56,4.42,2003,CB,b j tucker,
Shane Walton,Notre Dame,70.625,184,31.0,109.0,11.0,4.29,7.05,1.63,2.72,4.67,2003,CB,shane walton,
Dennis Weathersby,Oregon State,72.625,204,38.0,125.0,9.0,4.13,7.14,1.52,2.57,4.4,2003,CB,dennis weathersby,
Eugene Wilson,Illinois,70.375,192,38.0,122.0,15.0,4.05,7.18,1.6,2.59,4.48,2003,CB,eugene wilson,
Andre Woolfolk,Oklahoma,73.375,197,35.5,128.0,10.0,3.96,6.78,1.57,2.59,4.5,2003,CB,andre woolfolk,
Roc Alexander,Washington,71.0,185,39.5,125.0,,4.23,6.97,1.53,2.53,4.36,2004,CB,roc alexander,
Marcell Allmond,Southern California,72.0,209,38.0,123.0,21.0,4.34,7.37,1.62,2.68,4.63,2004,CB,marcell allmond,
Greg Brooks,Southern Miss,70.875,177,,,,,,,,,2004,CB,greg brooks,
Rufus Brown,Florida State,69.25,187,33.0,124.0,15.0,4.44,7.24,1.55,2.58,4.49,2004,CB,rufus brown,
Ahmad Carroll,Arkansas,69.625,195,41.0,128.0,15.0,,,1.54,2.56,4.38,2004,CB,ahmad carroll,
Ricardo Colclough,Tusculum,70.625,194,39.5,127.0,8.0,,,1.61,2.64,4.53,2004,CB,ricardo colclough,
Curtis DeLoatch,North Carolina AT,74.375,214,35.5,120.0,10.0,4.42,6.97,1.55,2.61,4.5,2004,CB,curtis deloatch,
Vontez Duff,Notre Dame,70.625,203,35.0,120.0,13.0,4.03,6.94,1.58,2.65,4.57,2004,CB,vontez duff,
Chris Gamble,Ohio State,73.25,198,,,,,,,,,2004,CB,chris gamble,
Rich Gardner,Penn State,70.625,199,36.5,123.0,11.0,3.91,6.91,1.59,2.63,4.5,2004,CB,rich gardner,
Jabari Greer,Tennessee,70.125,178,36.5,126.0,7.0,,,1.57,2.58,4.42,2004,CB,jabari greer,
DeAngelo Hall,Virginia Tech,70.0,202,,,,,,1.53,2.53,4.34,2004,CB,deangelo hall,
Von Hutchins,Mississippi,69.625,185,34.5,115.0,11.0,4.06,7.05,1.58,2.59,4.46,2004,CB,von hutchins,
Randy Jordan,Kansas State,72.75,178,33.5,115.0,,4.21,7.34,1.6,2.66,4.61,2004,CB,randy jordan,
Jeremy LeSueur,Michigan,72.0,197,35.0,116.0,,,,1.61,2.66,4.55,2004,CB,jeremy lesueur,
Will Poole,Southern California,70.375,194,,,16.0,,,,,,2004,CB,will poole,
Keiwan Ratliff,Florida,70.125,194,,,11.0,,,,,,2004,CB,keiwan ratliff,
Lawrence Richardson,Arkansas,69.25,194,31.0,112.0,8.0,,,1.65,2.68,4.61,2004,CB,lawrence richardson,
Dunta Robinson,South Carolina,70.625,186,36.0,120.0,15.0,3.75,6.97,1.54,2.51,4.34,2004,CB,dunta robinson,
Stanford Samuels,Florida State,69.875,193,,,,,,,,,2004,CB,stanford samuels,
Jeff Shoate,San Diego State,70.25,189,36.0,121.0,12.0,3.88,7.0,1.61,2.67,4.62,2004,CB,jeff shoate,
Keith Smith,McNeese,71.5,201,36.5,116.0,12.0,,,1.56,2.61,4.5,2004,CB,keith smith,
Derrick Strait,Oklahoma,71.125,196,,,,,,,,,2004,CB,derrick strait,
Joey Thomas,Montana State,72.875,195,38.5,122.0,17.0,3.88,6.82,1.55,2.59,4.45,2004,CB,joey thomas,
Chris Thompson,Nicholls,72.0,189,35.0,117.0,12.0,4.14,7.09,1.56,2.63,4.52,2004,CB,chris thompson,
Bruce Thornton,Georgia,70.375,197,37.5,122.0,,,,1.63,2.66,4.55,2004,CB,bruce thornton,
Nathan Vasher,Texas,70.0,177,,,,,,,,,2004,CB,nathan vasher,
Michael Waddell,North Carolina,70.875,187,37.5,121.0,14.0,4.03,6.84,1.54,2.54,4.36,2004,CB,michael waddell,
Dexter Wynn,Colorado State,69.25,175,39.0,123.0,13.0,3.9,6.7,,,,2004,CB,dexter wynn,
Ronald Bartell,Howard,73.25,211,35.5,,21.0,,,1.57,2.6,4.43,2005,CB,ronald bartell,
Brandon Browner,Oregon State,75.5,221,36.5,123.0,13.0,4.24,7.2,1.67,2.77,4.68,2005,CB,brandon browner,
Nick Collins,Bethune-Cookman,71.125,206,40.0,118.0,11.0,4.16,6.94,1.64,2.65,4.49,2005,CB,nick collins,
Markus Curry,Michigan,70.875,181,35.0,117.0,12.0,3.89,7.04,1.64,2.72,4.68,2005,CB,markus curry,
Travis Daniels,LSU,72.625,194,35.0,120.0,,3.97,6.95,1.7,2.75,4.66,2005,CB,travis daniels,
Abraham Elimimian,Hawaii,69.625,190,39.0,121.0,14.0,4.05,,1.66,2.75,4.72,2005,CB,abraham elimimian,
Domonique Foxworth,Maryland,71.125,184,41.0,125.0,14.0,3.89,6.78,1.53,2.57,4.46,2005,CB,domonique foxworth,
Eric Green,Virginia Tech,71.375,198,38.0,120.0,,3.9,,1.58,2.58,4.52,2005,CB,eric green,
Kelvin Hayden,Illinois,70.375,197,34.0,111.0,17.0,3.9,6.87,1.64,2.71,4.58,2005,CB,kelvin hayden,
Ellis Hobbs,Iowa State,69.0,192,42.0,124.0,12.0,4.07,6.8,1.6,2.64,4.54,2005,CB,ellis hobbs,
Alphonso Hodge,Miami (OH),70.75,203,34.0,,20.0,3.99,,1.6,2.64,4.51,2005,CB,alphonso hodge,
Daven Holly,Cincinnati,70.375,192,39.0,115.0,15.0,4.08,7.16,1.63,2.68,4.51,2005,CB,daven holly,
Marlin Jackson,Michigan,72.625,198,36.0,125.0,23.0,3.96,6.95,1.59,2.67,4.62,2005,CB,marlin jackson,
Derrick Johnson,Texas,70.875,197,,,18.0,4.1,7.15,1.57,2.62,4.43,2005,CB,derrick johnson,
Adam Jones,West Virginia,69.5,187,,,,,,,,,2005,CB,adam jones,
Eric King,Wake Forest,68.5,189,,,12.0,,,1.6,2.6,4.43,2005,CB,eric king,
Bryant McFadden,Florida State,71.75,193,38.5,130.0,23.0,4.04,,,,,2005,CB,bryant mcfadden,
Chris McKenzie,Arizona State,68.5,185,45.0,136.0,6.0,4.32,6.9,1.56,2.6,4.42,2005,CB,chris mckenzie,
Justin Miller,Clemson,69.75,201,41.5,128.0,15.0,,,1.53,2.56,4.42,2005,CB,justin miller,
Karl Paymah,Washington State,72.0,204,41.5,125.0,15.0,3.91,7.09,1.52,2.55,4.35,2005,CB,karl paymah,
Antonio Perkins,Oklahoma,70.75,190,40.0,126.0,10.0,4.07,7.17,1.66,2.71,4.54,2005,CB,antonio perkins,
Lamont Reid,North Carolina State,71.25,195,40.5,124.0,15.0,4.28,7.18,1.7,2.74,4.58,2005,CB,lamont reid,
Carlos Rogers,Auburn,72.375,196,40.5,126.0,15.0,3.82,6.48,1.55,2.6,4.44,2005,CB,carlos rogers,
Antrel Rolle,Miami (FL),72.125,201,,,15.0,,,,,,2005,CB,antrel rolle,
Stanford Routt,Houston,73.375,193,36.5,129.0,,3.9,6.63,1.57,2.6,4.39,2005,CB,stanford routt,
Scott Starks,Wisconsin,68.5,172,43.0,137.0,13.0,3.9,6.99,1.59,2.62,4.45,2005,CB,scott starks,
Fabian Washington,Nebraska,70.5,188,41.5,129.0,18.0,3.91,,1.5,2.43,4.29,2005,CB,fabian washington,
Corey Webster,LSU,72.125,199,,,9.0,,,,,,2005,CB,corey webster,
Darrent Williams,Oklahoma State,68.625,176,39.0,124.0,16.0,3.96,6.97,1.51,2.6,4.34,2005,CB,darrent williams,
Cedrick Williams,Kansas State,69.75,168,35.0,121.0,13.0,4.22,7.24,1.61,2.66,4.57,2005,CB,cedrick williams,
Aric Williams,Oregon State,71.5,187,36.0,117.0,8.0,,,1.62,2.72,4.65,2005,CB,aric williams,
Stanley Wilson,Stanford,71.75,185,39.5,125.0,14.0,,,1.54,2.59,4.4,2005,CB,stanley wilson,
Jerron Wishom,Louisiana Tech,71.75,193,38.0,118.0,18.0,4.07,6.81,1.61,2.67,4.57,2005,CB,jerron wishom,
Will Blackmon,Boston College,72.25,198,41.0,133.0,,4.23,6.67,1.55,2.6,4.46,2006,CB,will blackmon,
Antonio Cromartie,Florida State,74.125,208,38.0,132.0,18.0,,,1.58,2.63,4.44,2006,CB,antonio cromartie,
Charles Gordon,Kansas,70.125,183,35.5,115.0,12.0,4.2,6.95,1.66,2.74,4.69,2006,CB,charles gordon,
Chris Hawkins,Marshall,70.125,183,37.0,116.0,16.0,4.18,,1.55,2.62,4.5,2006,CB,chris hawkins,
Tye Hill,Clemson,69.625,185,41.0,129.0,,4.01,6.63,1.57,2.59,4.38,2006,CB,tye hill,
Reuben Houston,Georgia Tech,71.875,192,41.5,127.0,21.0,4.42,,1.59,2.7,4.64,2006,CB,reuben houston,
Darrell Hunter,Miami (OH),71.875,206,36.0,123.0,8.0,4.11,,1.56,2.62,4.48,2006,CB,darrell hunter,
Kelly Jennings,Miami (FL),70.875,178,40.0,120.0,,4.0,,1.55,2.6,4.45,2006,CB,kelly jennings,
Tim Jennings,Georgia,67.75,185,37.5,117.0,17.0,,,1.47,2.54,4.34,2006,CB,tim jennings,
Johnathan Joseph,South Carolina,71.0,193,37.0,123.0,15.0,4.23,6.92,1.52,2.53,4.32,2006,CB,johnathan joseph,
Josh Lay,Pittsburgh,72.0,197,40.5,120.0,16.0,,,1.53,2.61,4.47,2006,CB,josh lay,
Antonio Malone,Toledo,71.75,200,34.0,111.0,10.0,4.1,7.05,1.6,2.68,4.59,2006,CB,antonio malone,
Danieal Manning,Abilene Christian,70.75,202,39.0,123.0,17.0,4.07,7.23,1.61,2.64,4.47,2006,CB,danieal manning,
Richard Marshall,Fresno State,71.125,189,37.0,129.0,12.0,4.16,6.65,1.56,2.57,4.46,2006,CB,richard marshall,
Derrick Martin,Wyoming,70.0,202,40.0,127.0,17.0,3.95,6.72,1.58,2.57,4.53,2006,CB,derrick martin,
Marcus Maxey,Miami (FL),73.5,198,41.5,129.0,14.0,,,1.56,2.61,4.51,2006,CB,marcus maxey,
Dee McCann,West Virginia,71.25,197,40.5,122.0,,4.38,7.35,1.59,2.65,4.57,2006,CB,dee mccann,
Gerrick McPhearson,Maryland,70.125,196,41.5,129.0,18.0,,,1.52,2.58,4.42,2006,CB,gerrick mcphearson,
DeMario Minter,Georgia,71.125,190,38.5,131.0,10.0,4.1,6.87,1.58,2.6,4.52,2006,CB,demario minter,
Khalid Naziruddin,Texas Tech,69.125,185,38.5,119.0,17.0,,,1.6,2.7,4.71,2006,CB,khalid naziruddin,
Chijioke Onyenegecha,Oklahoma,73.375,215,34.5,118.0,16.0,,,1.64,2.67,4.52,2006,CB,chijioke onyenegecha,
Anwar Phillips,Penn State,71.625,193,,,,,,,,,2006,CB,anwar phillips,
David Pittman,Northwestern State,71.25,182,36.0,128.0,14.0,4.23,,1.58,2.62,4.51,2006,CB,david pittman,
John Walker,Southern California,71.75,205,40.0,125.0,,4.16,,1.61,2.72,4.64,2006,CB,john walker,
Dee Webb,Florida,70.75,183,36.5,121.0,,,,1.57,2.59,4.45,2006,CB,dee webb,
Jimmy Williams,Virginia Tech,74.375,213,,,,,,,,,2006,CB,jimmy williams,
Justin Wyatt,Southern California,69.125,189,,,14.0,,,,,,2006,CB,justin wyatt,
Ashton Youboty,Ohio State,71.75,189,,,,,,,,,2006,CB,ashton youboty,
Alan Zemaitis,Penn State,73.25,194,,,,,,,,,2006,CB,alan zemaitis,
Anthony Arline,Baylor,73.75,199,34.5,124.0,12.0,4.46,7.02,1.59,2.63,4.47,2007,CB,anthony arline,
Travarous Bain,Hampton,72.25,182,,,10.0,,,,2.62,4.48,2007,CB,travarous bain,
Fred Bennett,South Carolina,72.875,196,38.5,125.0,17.0,4.3,6.67,1.62,2.68,4.52,2007,CB,fred bennett,
Tyron Brackenridge,Washington State,71.5,189,,,,,,1.67,2.73,4.74,2007,CB,tyron brackenridge,
Tarell Brown,Texas,70.625,190,33.5,111.0,17.0,4.37,7.0,1.62,2.64,4.53,2007,CB,tarell brown,
Michael Coe,Alabama State,72.625,190,35.0,122.0,17.0,4.31,6.78,1.63,2.66,4.6,2007,CB,michael coe,
Duane Coleman,Clemson,69.375,199,35.5,120.0,18.0,4.51,7.18,1.63,2.67,4.61,2007,CB,duane coleman,
A.J. Davis,North Carolina State,70.0,193,,,16.0,,,,,,2007,CB,a j davis,
Corey Graham,New Hampshire,71.875,195,,,10.0,,,,,,2007,CB,corey graham,
Leon Hall,Michigan,71.25,193,37.5,125.0,15.0,4.07,6.5,,2.54,4.41,2007,CB,leon hall,
Chris Houston,Arkansas,69.875,185,36.0,122.0,27.0,4.12,6.94,1.58,2.58,4.39,2007,CB,chris houston,
Dante Hughes,Texas Tech,70.125,190,28.5,114.0,16.0,4.43,7.28,1.65,2.74,4.74,2007,CB,dante hughes,
David Irons,Auburn,70.25,190,29.5,111.0,11.0,4.3,7.18,1.67,2.67,4.54,2007,CB,david irons,
DeAndre Jackson,Iowa State,71.375,193,,,14.0,,,,,,2007,CB,deandre jackson,
Reggie Lewis,Florida,70.0,204,34.0,119.0,14.0,,7.13,1.6,2.66,4.6,2007,CB,reggie lewis,
Trumaine McBride,Mississippi,69.125,185,34.5,122.0,14.0,4.32,6.96,1.58,2.65,4.59,2007,CB,trumaine mcbride,
Marcus McCauley,Fresno State,72.75,203,36.0,129.0,17.0,4.17,6.61,1.59,2.61,4.48,2007,CB,marcus mccauley,
Brandon McDonald,Memphis,70.875,181,33.0,118.0,17.0,4.76,7.44,1.61,2.68,4.61,2007,CB,brandon mcdonald,
Darrelle Revis,Pittsburgh,71.5,204,,,16.0,,,,,,2007,CB,darrelle revis,
Aaron Ross,Texas,72.5,193,34.0,118.0,17.0,4.15,6.67,1.58,2.63,4.54,2007,CB,aaron ross,
Kenny Scott,Georgia Tech,72.875,179,40.0,127.0,10.0,,,1.58,2.6,4.43,2007,CB,kenny scott,
Ryan Smith,Florida,70.25,174,,,11.0,,,1.75,2.8,4.72,2007,CB,ryan smith,
Bo Smith,Weber State,70.25,193,33.5,,14.0,,,1.63,2.66,4.53,2007,CB,bo smith,
Jonathan Wade,Tennessee,70.0,195,40.5,126.0,,4.4,7.07,1.62,2.64,4.46,2007,CB,jonathan wade,
Chaz Williams,Louisiana-Monroe,71.125,196,32.5,108.0,13.0,,,1.7,2.78,4.74,2007,CB,chaz williams,
Josh Wilson,Maryland,69.25,189,36.5,120.0,20.0,4.43,7.07,1.56,2.58,4.42,2007,CB,josh wilson,
Eric Wright,UNLV,70.625,192,36.5,123.0,16.0,4.23,6.93,1.57,2.59,4.42,2007,CB,eric wright,
Zack Bowman,Texas Tech,72.125,197,30.5,122.0,18.0,4.21,7.1,1.51,2.54,4.39,2008,CB,zack bowman,
Tyvon Branch,Connecticut,71.375,204,34.0,120.0,19.0,4.4,,1.47,2.49,4.31,2008,CB,tyvon branch,
Antoine Cason,Arizona,72.25,191,35.5,128.0,20.0,4.08,,1.51,2.53,4.45,2008,CB,antoine cason,
Brandon Flowers,Virginia Tech,69.75,189,30.0,117.0,14.0,,,1.52,2.6,4.55,2008,CB,brandon flowers,
Wilrey Fontenot,Arizona,68.75,171,34.0,128.0,18.0,4.26,7.29,1.51,2.57,4.4,2008,CB,wilrey fontenot,
Charles Godfrey,Iowa,71.75,207,32.5,121.0,14.0,4.4,7.28,1.53,2.57,4.43,2008,CB,charles godfrey,
Michael Grant,Arkansas,70.25,186,30.5,116.0,14.0,4.1,7.08,1.5,2.54,4.37,2008,CB,michael grant,
Jack Ikegwuonu,Wisconsin,70.5,194,,,,,,,,,2008,CB,jack ikegwuonu,
Chevis Jackson,LSU,72.0,192,36.0,125.0,13.0,4.15,6.96,1.5,2.58,4.52,2008,CB,chevis jackson,
Mike Jenkins,South Florida,70.25,197,34.0,117.0,18.0,4.4,7.21,1.54,2.55,4.38,2008,CB,mike jenkins,
Justin King,Penn State,70.875,192,34.0,127.0,14.0,4.31,7.14,1.47,2.5,4.31,2008,CB,justin king,
Pat Lee,Colorado,72.0,200,31.0,120.0,15.0,4.3,7.07,1.46,2.53,4.41,2008,CB,pat lee,
Dwight Lowery,San Jose State,71.125,201,33.5,116.0,16.0,4.38,7.31,1.53,2.6,4.54,2008,CB,dwight lowery,
Leodis McKelvin,Troy,70.25,190,33.5,121.0,17.0,4.1,7.06,1.49,2.53,4.38,2008,CB,leodis mckelvin,
Justin McKinney,Kansas State,69.375,188,29.5,109.0,11.0,,,1.51,2.58,4.53,2008,CB,justin mckinney,
Antwaun Molden,Eastern Kentucky,72.75,198,37.5,129.0,23.0,4.14,6.85,1.5,2.55,4.39,2008,CB,antwaun molden,
Tracy Porter,Indiana,70.875,188,34.0,123.0,18.0,4.07,7.2,1.47,2.52,4.37,2008,CB,tracy porter,
Matterral Richardson,Arkansas,71.0,194,,114.0,14.0,4.36,7.01,1.56,2.68,4.64,2008,CB,matterral richardson,
Dominique Rodgers-Cromartie,Tennessee State,73.5,184,38.5,131.0,17.0,4.17,6.74,1.49,2.51,4.33,2008,CB,dominique rodgers cromartie,
Orlando Scandrick,Boise State,70.0,192,33.5,125.0,,,6.83,1.47,2.49,4.32,2008,CB,orlando scandrick,
Glenn Sharpe,Miami (FL),71.625,184,37.0,,15.0,,,,,,2008,CB,glenn sharpe,
Reggie Smith,Oklahoma,72.5,199,,,13.0,,,,,,2008,CB,reggie smith,
Brandon Sumrall,Southern Miss,69.875,195,30.5,123.0,,4.1,6.76,1.57,2.67,4.6,2008,CB,brandon sumrall,
Aqib Talib,Kansas,72.75,202,38.0,131.0,10.0,4.22,6.82,1.51,2.56,4.44,2008,CB,aqib talib,
Darnell Terrell,Missouri,73.75,203,34.0,125.0,15.0,,,1.52,2.59,4.47,2008,CB,darnell terrell,
Terrell Thomas,Southern California,72.5,202,30.5,123.0,14.0,,7.18,1.45,2.54,4.45,2008,CB,terrell thomas,
DeJuan Tribble,Boston College,68.75,189,32.0,114.0,13.0,,,1.56,2.64,4.59,2008,CB,dejuan tribble,
Justin Tryon,Arizona State,69.125,190,32.5,119.0,21.0,4.28,7.41,1.53,2.58,4.42,2008,CB,justin tryon,
Marcus Walker,Oklahoma,70.375,191,35.5,122.0,,4.07,6.8,1.46,2.53,4.46,2008,CB,marcus walker,
Terrence Wheatley,Colorado,69.625,187,36.5,128.0,17.0,4.17,6.74,1.48,2.5,4.37,2008,CB,terrence wheatley,
Jonathan Wilhite,Auburn,69.5,185,33.5,119.0,20.0,,,1.46,2.5,4.38,2008,CB,jonathan wilhite,
Jack Williams,Kent State,69.0,186,35.5,121.0,19.0,,6.91,1.48,2.53,4.43,2008,CB,jack williams,
Trae Williams,South Florida,69.0,193,29.5,110.0,,,,1.54,2.59,4.51,2008,CB,trae williams,
Jonathan Zenon,LSU,71.75,191,33.0,,,,,1.48,2.55,4.48,2008,CB,jonathan zenon,
Asher Allen,Georgia,69.5,194,35.0,115.0,22.0,4.3,6.93,1.6,2.66,4.65,2009,CB,asher allen,
Kevin Barnes,Maryland,72.25,187,38.5,128.0,,3.96,6.72,1.58,2.65,4.52,2009,CB,kevin barnes,
Joe Burnett,Central Florida,69.375,192,35.5,118.0,22.0,4.25,6.68,1.6,2.65,4.62,2009,CB,joe burnett,
Darius Butler,Connecticut,70.375,183,43.0,134.0,,4.18,6.92,1.56,2.64,4.53,2009,CB,darius butler,
Jairus Byrd,Oregon,70.125,207,,,,,,,,,2009,CB,jairus byrd,
Don Carey,Norfolk State,71.25,192,,,18.0,,,1.59,2.69,4.6,2009,CB,don carey,
Vontae Davis,Illinois,71.125,203,36.0,125.0,25.0,4.07,6.75,1.55,2.62,4.49,2009,CB,vontae davis,
Bradley Fletcher,Iowa,72.375,196,38.5,122.0,20.0,4.29,7.04,1.58,2.62,4.54,2009,CB,bradley fletcher,
Coye Francies,San Jose State,72.375,185,36.0,123.0,24.0,4.24,6.81,1.61,2.68,4.65,2009,CB,coye francies,
Macho Harris,Rutgers,71.25,198,33.5,118.0,,3.98,6.68,1.66,2.74,4.73,2009,CB,macho harris,
Cary Harris,Southern California,71.375,187,,,18.0,,,1.72,2.8,,2009,CB,cary harris,
Brandon Hughes,Oregon State,70.5,182,36.5,128.0,8.0,4.23,6.9,1.55,2.61,4.5,2009,CB,brandon hughes,
Malcolm Jenkins,Ohio State,72.125,204,33.0,124.0,15.0,4.08,6.59,1.6,2.67,4.59,2009,CB,malcolm jenkins,
D.J. Johnson,Michigan State,73.375,197,32.0,116.0,7.0,4.3,7.0,1.66,2.72,4.68,2009,CB,d j johnson,
Bruce Johnson,Miami (FL),69.5,170,34.5,125.0,6.0,4.05,6.71,1.59,2.65,4.57,2009,CB,bruce johnson,
Keenan Lewis,Oregon State,72.875,208,33.5,123.0,19.0,,,1.59,2.62,4.55,2009,CB,keenan lewis,
Sherrod Martin,Troy,73.0,198,36.0,123.0,12.0,3.98,6.6,1.59,2.66,,2009,CB,sherrod martin,
Mike Mickens,Cincinnati,71.5,184,,,,,,,,,2009,CB,mike mickens,
D.J. Moore,Vanderbilt,68.875,192,39.5,118.0,17.0,4.28,7.01,1.64,2.7,4.59,2009,CB,d j moore,
Ryan Mouton,Hawaii,69.0,187,39.5,129.0,18.0,,,1.53,2.57,4.56,2009,CB,ryan mouton,
Captain Munnerlyn,South Carolina,68.5,182,37.5,121.0,19.0,4.2,7.15,1.63,2.69,4.6,2009,CB,captain munnerlyn,
Wopamo Osaisai,Stanford,69.75,197,,,14.0,,,,,,2009,CB,wopamo osaisai,
Chris Owens,San Jose State,69.75,181,34.5,110.0,14.0,4.16,6.93,1.61,2.65,4.51,2009,CB,chris owens,
Ryan Palmer,Texas,68.125,190,36.5,121.0,16.0,4.29,7.12,1.66,2.74,4.65,2009,CB,ryan palmer,
Jerraud Powers,Auburn,69.125,188,36.5,122.0,15.0,4.08,7.09,1.58,2.62,4.54,2009,CB,jerraud powers,
Lydell Sargeant,Penn State,68.875,190,35.0,117.0,15.0,4.21,7.0,1.63,2.69,4.58,2009,CB,lydell sargeant,
Sean Smith,Utah,75.5,214,34.0,119.0,10.0,4.15,6.92,1.6,2.68,4.58,2009,CB,sean smith,
DeAngelo Smith,Cincinnati,70.625,194,31.5,109.0,17.0,4.35,7.27,1.63,2.7,4.61,2009,CB,deangelo smith,
Alphonso Smith,Wake Forest,69.0,193,34.0,125.0,13.0,4.38,7.09,1.6,2.65,4.57,2009,CB,alphonso smith,
Morgan Trent,Michigan,72.625,193,38.0,127.0,23.0,4.01,7.05,1.58,2.66,4.53,2009,CB,morgan trent,
Donald Washington,Ohio State,72.25,197,45.0,135.0,9.0,4.2,6.84,1.57,2.65,4.55,2009,CB,donald washington,
Lardarius Webb,Nicholls,69.75,179,36.5,121.0,15.0,4.1,6.77,1.56,2.59,4.46,2009,CB,lardarius webb,
Jahi Word-Daniels,Georgia Tech,72.0,197,35.5,122.0,24.0,,,,,,2009,CB,jahi word daniels,
DeAndre Wright,New Mexico,70.75,198,34.5,122.0,17.0,4.44,7.0,1.59,2.64,4.62,2009,CB,deandre wright,
Javier Arenas,Alabama,68.625,197,,112.0,,,,1.63,2.68,,2010,CB,javier arenas,
Cornelius Brown,Texas-El Paso,70.875,198,31.5,118.0,11.0,4.24,6.87,1.58,2.68,4.63,2010,CB,cornelius brown,
Crezdon Butler,Clemson,71.75,191,39.5,121.0,17.0,4.23,7.08,1.57,2.61,4.49,2010,CB,crezdon butler,
Nolan Carroll,Maryland,71.5,204,,,,,,,,,2010,CB,nolan carroll,
Chris Chancellor,Clemson,69.125,177,34.0,115.0,14.0,4.07,6.85,1.55,2.73,4.58,2010,CB,chris chancellor,
Chris Cook,Virginia,74.0,212,38.0,132.0,7.0,4.23,6.88,1.54,2.6,4.46,2010,CB,chris cook,
Perrish Cox,Oklahoma State,71.375,195,32.5,113.0,12.0,,,1.65,2.73,4.63,2010,CB,perrish cox,
Dominique Franks,Oklahoma,71.0,194,33.5,117.0,10.0,4.33,7.32,1.61,2.67,4.56,2010,CB,dominique franks,
Brandon Ghee,Wake Forest,71.625,192,37.0,127.0,15.0,4.07,6.75,1.56,2.62,4.45,2010,CB,brandon ghee,
Marshay Green,Mississippi,68.875,180,35.5,124.0,,4.11,6.66,1.65,2.78,4.73,2010,CB,marshay green,
Joe Haden,Florida,70.75,193,35.0,125.0,18.0,4.34,6.94,1.6,2.72,4.62,2010,CB,joe haden,
Chris Hawkins,LSU,72.125,187,35.0,118.0,16.0,4.46,6.91,1.6,2.67,4.53,2010,CB,chris hawkins,
Brian Jackson,Oklahoma,72.625,202,35.5,120.0,20.0,4.22,6.76,1.6,2.72,4.66,2010,CB,brian jackson,
Kareem Jackson,Alabama,70.5,196,37.5,118.0,13.0,4.14,6.92,1.55,2.61,4.48,2010,CB,kareem jackson,
A.J. Jefferson,Fresno State,72.125,193,44.0,126.0,7.0,4.0,6.72,1.59,2.65,4.51,2010,CB,a j jefferson,
Trevard Lindley,Kentucky,71.25,183,38.5,116.0,9.0,4.27,6.81,1.59,2.69,4.6,2010,CB,trevard lindley,
Devin McCourty,Rutgers,70.75,193,36.0,126.0,16.0,4.07,6.7,1.6,2.65,4.48,2010,CB,devin mccourty,
Sherrick McManis,Northwestern,71.0,195,,,,,,,,,2010,CB,sherrick mcmanis,
Joshua Moore,Kansas State,70.875,188,36.5,122.0,2.0,4.07,6.74,1.58,2.66,4.58,2010,CB,joshua moore,
Jerome Murphy,South Florida,72.25,196,38.0,127.0,16.0,4.05,6.87,1.65,2.72,4.58,2010,CB,jerome murphy,
Akwasi Owusu-Ansah,Indiana (PA),72.25,207,35.5,120.0,,4.32,6.84,1.58,2.64,4.47,2010,CB,akwasi owusu ansah,
David Pender,Purdue,72.0,180,39.0,124.0,8.0,,,1.6,2.63,4.47,2010,CB,david pender,
Patrick Robinson,Florida State,71.25,190,39.0,122.0,15.0,,6.78,1.56,2.66,4.5,2010,CB,patrick robinson,
Devin Ross,Arizona,70.0,183,40.0,119.0,16.0,,7.07,1.59,2.7,4.68,2010,CB,devin ross,
Amari Spievey,Iowa,70.875,195,35.0,116.0,,,,1.56,2.63,4.52,2010,CB,amari spievey,
Earl Thomas,Texas,70.25,208,,113.0,21.0,,,1.62,2.65,4.49,2010,CB,earl thomas,
Kevin Thomas,Southern California,72.0,192,34.5,126.0,19.0,4.18,6.82,1.54,2.59,4.48,2010,CB,kevin thomas,
SydQuan Thompson,California,69.25,186,33.0,117.0,,4.26,6.73,,,,2010,CB,sydquan thompson,
Walter Thurmond,Oregon,70.75,189,,,,,,,,,2010,CB,walter thurmond,
Alterraun Verner,UCLA,70.125,189,32.0,116.0,11.0,4.12,6.7,1.58,2.67,4.58,2010,CB,alterraun verner,
Stephan Virgil,Virginia Tech,70.75,183,34.0,113.0,12.0,4.35,7.11,1.71,2.84,4.83,2010,CB,stephan virgil,
Jamar Wall,Texas Tech,70.25,204,,,15.0,,,,,,2010,CB,jamar wall,
Kyle Wilson,Boise State,70.0,194,,,25.0,,,,,,2010,CB,kyle wilson,
Cortez Allen,Citadel,73.25,197,35.5,129.0,18.0,4.01,6.76,1.57,2.6,4.53,2011,CB,cortez allen,
Prince Amukamara,Nebraska,72.0,206,38.0,128.0,15.0,4.08,6.97,1.65,2.64,4.48,2011,CB,prince amukamara,
Niles Brinkley,Wisconsin,69.5,193,33.5,120.0,15.0,,7.23,1.63,2.69,4.57,2011,CB,niles brinkley,
Curtis Brown,Texas,71.625,185,39.5,128.0,10.0,4.0,6.59,1.63,2.65,4.54,2011,CB,curtis brown,
Chykie Brown,Texas,71.25,190,36.5,120.0,,4.0,6.5,1.62,2.67,4.54,2011,CB,chykie brown,
Jalil Brown,Colorado,72.625,204,35.5,116.0,24.0,4.25,6.85,1.62,2.67,4.57,2011,CB,jalil brown,
Kendric Burney,North Carolina,69.375,186,32.5,112.0,14.0,,,1.73,2.81,4.82,2011,CB,kendric burney,
Brandon Burton,Utah,71.625,190,32.0,118.0,18.0,4.07,6.93,1.62,2.65,4.52,2011,CB,brandon burton,
Mario Butler,Georgia Tech,72.125,182,30.5,120.0,,4.37,7.09,1.69,2.76,4.71,2011,CB,mario butler,
Roc Carmichael,Clemson,70.0,192,31.0,116.0,13.0,4.06,6.69,1.81,2.85,4.76,2011,CB,roc carmichael,
Chimdi Chekwa,Ohio State,71.75,191,34.5,126.0,,,,1.52,2.56,4.38,2011,CB,chimdi chekwa,
Vance Cuff,Georgia,70.0,178,36.0,120.0,,4.09,6.91,1.66,2.68,4.55,2011,CB,vance cuff,
Chris Culliver,South Carolina,72.375,199,38.5,123.0,,4.08,6.88,1.55,2.6,4.42,2011,CB,chris culliver,
Ras-I Dowling,Virginia,73.375,198,,,19.0,,,1.66,2.65,4.56,2011,CB,ras i dowling,
Marcus Gilchrist,Clemson,70.0,195,38.5,119.0,26.0,4.12,6.81,1.64,2.66,4.54,2011,CB,marcus gilchrist,
Brandon Harris,Miami (FL),69.5,191,35.5,113.0,13.0,4.12,6.77,1.58,2.63,4.52,2011,CB,brandon harris,
Brandon Hogan,West Virginia,70.25,192,,,19.0,,,,,,2011,CB,brandon hogan,
Davon House,New Mexico State,72.5,200,33.5,109.0,14.0,4.12,6.65,1.58,2.63,4.49,2011,CB,davon house,
Curtis Marsh,Utah State,72.5,197,37.5,123.0,12.0,4.07,6.87,1.6,2.64,4.51,2011,CB,curtis marsh,
Byron Maxwell,Clemson,72.25,202,33.0,124.0,24.0,,,1.58,2.61,4.52,2011,CB,byron maxwell,
Andrew McGee,Oklahoma State,71.25,195,34.0,117.0,,,,1.65,2.75,4.8,2011,CB,andrew mcgee,
Johnny Patrick,Louisville,70.625,191,32.0,110.0,13.0,4.16,,1.65,2.71,4.63,2011,CB,johnny patrick,
Patrick Peterson,LSU,72.25,219,38.0,126.0,15.0,4.07,6.58,1.57,2.58,4.38,2011,CB,patrick peterson,
Justin Rogers,Richmond,70.5,180,33.0,114.0,14.0,4.2,7.21,1.64,2.66,4.57,2011,CB,justin rogers,
Chris Rucker,Michigan State,72.5,195,,,10.0,,,,,,2011,CB,chris rucker,
Kevin Rutland,Missouri,71.625,190,35.5,118.0,12.0,4.15,6.92,1.7,2.77,4.66,2011,CB,kevin rutland,
Richard Sherman,Stanford,74.625,195,38.0,125.0,16.0,4.33,6.82,1.61,2.65,4.6,2011,CB,richard sherman,
Buster Skrine,Chattanooga,69.5,186,37.0,122.0,20.0,3.9,6.44,1.62,2.64,4.5,2011,CB,buster skrine,
Jimmy Smith,Colorado,74.25,211,36.0,123.0,24.0,4.06,6.93,1.59,2.63,4.47,2011,CB,jimmy smith,
Josh Thomas,Buffalo,70.25,191,38.5,126.0,13.0,4.15,6.99,1.6,2.73,4.63,2011,CB,josh thomas,
Brandyn Thompson,Boise State,69.25,189,33.5,114.0,13.0,4.12,6.66,1.64,2.68,4.57,2011,CB,brandyn thompson,
Devon Torrence,Ohio State,71.625,199,33.0,111.0,,4.09,6.95,1.7,2.79,4.74,2011,CB,devon torrence,
Demarcus Van Dyke,Miami (FL),72.75,176,33.5,121.0,5.0,4.09,6.97,1.58,2.58,4.37,2011,CB,demarcus van dyke,
Aaron Williams,Texas,71.875,204,37.5,127.0,18.0,4.07,6.72,1.6,2.69,4.62,2011,CB,aaron williams,
Shareece Wright,Southern California,70.875,185,34.5,113.0,16.0,,,1.63,2.68,4.56,2011,CB,shareece wright,
Bill Bentley,Colorado,70.0,182,31.5,114.0,13.0,4.5,6.99,1.58,2.6,4.47,2012,CB,bill bentley,
Robert Blanton,Notre Dame,72.75,208,34.0,116.0,12.0,3.97,6.71,1.58,2.7,4.7,2012,CB,robert blanton,
Omar Bolden,Arizona State,70.375,202,,,24.0,,,,,,2012,CB,omar bolden,
Brandon Boykin,Georgia,69.5,182,,,,,,,,,2012,CB,brandon boykin,
Ron Brooks,LSU,70.0,190,38.0,120.0,12.0,,,1.64,2.66,,2012,CB,ron brooks,
Charles Brown,North Carolina,69.0,202,35.5,114.0,18.0,4.06,6.94,1.62,2.65,4.63,2012,CB,charles brown,
Morris Claiborne,LSU,71.125,188,34.5,118.0,,4.12,7.01,1.57,2.61,4.5,2012,CB,morris claiborne,
Alfonzo Dennard,Nebraska,70.0,204,37.0,121.0,,,,1.61,2.64,4.55,2012,CB,alfonzo dennard,
Antonio Fenelus,Wisconsin,67.875,190,32.0,109.0,20.0,4.2,6.8,1.65,2.73,4.68,2012,CB,antonio fenelus,
Jamell Fleming,Oklahoma,70.625,206,34.0,125.0,23.0,3.97,6.71,1.59,2.63,4.53,2012,CB,jamell fleming,
Terrence Frederick,Texas AM,70.125,187,35.0,121.0,16.0,4.03,6.59,1.59,2.6,4.54,2012,CB,terrence frederick,
Stephon Gilmore,South Carolina,72.5,190,36.0,123.0,15.0,3.94,6.61,1.52,2.54,4.4,2012,CB,stephon gilmore,
Mike Harris,Florida State,70.25,188,36.0,117.0,,4.07,6.81,1.69,2.77,4.68,2012,CB,mike harris,
Cliff Harris,Oregon,71.125,175,36.0,118.0,14.0,4.19,6.79,1.62,2.7,4.64,2012,CB,cliff harris,
Casey Hayward,Vanderbilt,71.375,192,34.0,119.0,19.0,3.9,6.76,1.62,2.65,4.57,2012,CB,casey hayward,
Jayron Hosley,Virginia Tech,70.0,178,,,11.0,,,1.57,2.57,4.47,2012,CB,jayron hosley,
Asa Jackson,Cal Poly,70.0,191,34.5,118.0,19.0,4.03,6.97,1.59,2.62,4.49,2012,CB,asa jackson,
Janoris Jenkins,North Alabama,70.0,193,33.5,121.0,,4.13,6.95,1.55,2.58,4.46,2012,CB,janoris jenkins,
Leonard Johnson,Iowa State,69.875,196,32.0,120.0,15.0,4.15,6.96,1.64,2.73,4.71,2012,CB,leonard johnson,
Trumaine Johnson,Montana,73.875,204,35.5,122.0,19.0,4.15,7.2,1.66,2.71,4.61,2012,CB,trumaine johnson,
Jeremy Jones,Wayne State (MI),69.5,197,31.5,116.0,20.0,4.18,7.14,1.65,2.72,4.66,2012,CB,jeremy jones,
Coryell Judie,Texas AM,71.75,194,37.0,126.0,,4.25,7.33,1.56,2.65,4.48,2012,CB,coryell judie,
Dre Kirkpatrick,Alabama,73.625,186,35.0,120.0,,,,1.56,2.72,4.57,2012,CB,dre kirkpatrick,
DAnton Lynn,Penn State,71.875,206,31.5,111.0,17.0,,,1.77,,4.77,2012,CB,danton lynn,
DeQuan Menzie,Alabama,70.75,202,33.0,116.0,,,,1.66,2.79,4.74,2012,CB,dequan menzie,
Chase Minnifield,Virginia,70.375,183,,,7.0,,,,,,2012,CB,chase minnifield,
Josh Norman,Coastal Carolina,72.25,197,33.0,124.0,14.0,4.23,7.09,1.59,2.72,4.66,2012,CB,josh norman,
Micah Pellerin,Hampton,72.375,194,33.0,116.0,14.0,,,1.65,2.72,4.61,2012,CB,micah pellerin,
Chaz Powell,Penn State,72.375,203,33.0,121.0,17.0,4.16,6.84,1.57,2.65,4.53,2012,CB,chaz powell,
Shaun Prater,Iowa,70.125,190,,,14.0,,,,,,2012,CB,shaun prater,
DeAndre Presley,Appalachian State,69.875,185,32.0,114.0,8.0,4.28,7.19,1.66,2.75,4.64,2012,CB,deandre presley,
Antwuan Reed,Pittsburgh,69.75,188,36.5,124.0,14.0,4.2,,1.65,2.73,4.63,2012,CB,antwuan reed,
Josh Robinson,Central Florida,70.125,199,38.5,133.0,17.0,3.97,6.55,1.51,2.55,4.33,2012,CB,josh robinson,
Coty Sensabaugh,Clemson,71.25,189,37.0,122.0,15.0,4.06,6.6,1.6,,4.42,2012,CB,coty sensabaugh,
Ryan Steed,Furman,70.5,195,34.0,121.0,12.0,4.22,6.94,1.66,2.77,4.68,2012,CB,ryan steed,
Trevin Wade,Arizona,70.375,192,34.5,116.0,18.0,4.0,6.87,1.63,,4.59,2012,CB,trevin wade,
Johnny Adams,Michigan State,70.25,185,,,16.0,,,1.58,2.61,4.48,2013,CB,johnny adams,
Robert Alford,Southeastern Louisiana,70.125,188,40.0,132.0,17.0,4.23,6.89,1.54,2.54,4.39,2013,CB,robert alford,
David Amerson,North Carolina State,73.0,205,35.5,127.0,15.0,,,1.57,2.58,4.44,2013,CB,david amerson,
Marc Anthony,California,71.375,196,35.0,118.0,12.0,4.07,6.74,1.65,2.7,4.63,2013,CB,marc anthony,
Johnthan Banks,Mississippi State,74.0,185,34.0,125.0,10.0,4.27,6.97,1.64,2.7,4.61,2013,CB,johnthan banks,
Adrian Bushell,Louisville,69.375,186,33.0,116.0,17.0,4.25,6.92,1.59,2.65,4.58,2013,CB,adrian bushell,
Sanders Commings,Georgia,72.125,216,34.5,117.0,,4.3,7.1,1.59,2.6,4.41,2013,CB,sanders commings,
Will Davis,Utah State,71.25,186,35.5,127.0,16.0,4.02,6.52,1.53,2.6,4.51,2013,CB,will davis,
Mike Edwards,Hawaii,69.0,189,36.0,124.0,14.0,4.18,6.94,1.63,2.69,4.56,2013,CB,mike edwards,
Dwayne Gratz,Connecticut,71.125,201,38.0,125.0,22.0,4.15,6.7,1.6,2.62,4.47,2013,CB,dwayne gratz,
Terry Hawthorne,Illinois,71.75,195,35.5,116.0,13.0,,,1.57,2.6,4.44,2013,CB,terry hawthorne,
D.J. Hayden,Houston,71.125,191,,,,,,,,,2013,CB,d j hayden,
Aaron Hester,UCLA,73.625,198,29.0,112.0,,4.33,7.26,1.6,2.66,4.62,2013,CB,aaron hester,
Micah Hyde,Iowa,71.75,197,33.0,121.0,12.0,4.2,6.78,1.65,2.7,4.56,2013,CB,micah hyde,
Josh Johnson,Purdue,69.375,199,35.0,114.0,16.0,4.25,6.99,1.69,2.73,4.65,2013,CB,josh johnson,
Tyrann Mathieu,LSU,68.75,186,34.0,117.0,4.0,4.14,6.87,1.56,2.61,4.5,2013,CB,tyrann mathieu,
Demetrius McCray,Appalachian State,72.875,187,36.0,126.0,4.0,4.32,7.17,1.58,2.65,4.54,2013,CB,demetrius mccray,
Leon McFadden,San Diego State,69.625,193,34.5,119.0,10.0,4.27,6.81,1.59,2.65,4.54,2013,CB,leon mcfadden,
Brandon McGee,Miami (FL),71.0,193,33.5,119.0,14.0,4.18,6.71,1.55,2.57,4.4,2013,CB,brandon mcgee,
Dee Milliner,Alabama,71.875,201,36.0,122.0,,4.32,6.95,1.52,2.54,4.37,2013,CB,dee milliner,
Jordan Poyer,Oregon State,71.875,191,30.5,118.0,8.0,4.18,6.87,1.51,2.59,4.54,2013,CB,jordan poyer,
Greg Reid,Florida State,68.25,190,,,10.0,,,,,,2013,CB,greg reid,
Xavier Rhodes,Florida State,73.5,210,40.5,132.0,14.0,,,1.58,2.59,4.43,2013,CB,xavier rhodes,
Nickell Robey,Southern California,67.25,169,37.5,127.0,10.0,4.09,6.74,1.58,2.64,4.53,2013,CB,nickell robey,
Logan Ryan,Rutgers,71.125,191,32.5,116.0,14.0,4.06,6.69,1.58,2.65,4.56,2013,CB,logan ryan,
Tharold Simon,LSU,74.0,202,34.0,128.0,9.0,,,1.58,2.63,4.51,2013,CB,tharold simon,
Darius Slay,Mississippi State,71.875,192,35.5,124.0,14.0,4.21,6.9,1.54,2.56,4.36,2013,CB,darius slay,
Dax Swanson,Sam Houston State,70.0,186,33.0,122.0,15.0,,,1.61,2.67,4.56,2013,CB,dax swanson,
Rod Sweeting,Georgia Tech,71.25,189,37.0,124.0,11.0,,,1.54,2.56,4.42,2013,CB,rod sweeting,
Jamar Taylor,Boise State,70.625,192,35.0,127.0,22.0,4.06,6.82,1.53,2.57,4.39,2013,CB,jamar taylor,
Desmond Trufant,Washington,71.625,190,37.5,125.0,16.0,3.85,,1.5,2.54,4.38,2013,CB,desmond trufant,
B.W. Webb,William & Mary,70.25,184,40.5,132.0,14.0,3.84,6.82,1.59,2.63,4.51,2013,CB,b w webb,
Kayvon Webster,South Florida,70.5,195,35.0,125.0,14.0,,,1.53,2.56,4.41,2013,CB,kayvon webster,
Steve Williams,California,68.875,181,40.5,128.0,12.0,4.1,6.89,1.55,2.58,4.42,2013,CB,steve williams,
Khalid Wooten,Indiana,71.0,210,33.5,117.0,17.0,4.18,6.95,1.62,2.66,4.53,2013,CB,khalid wooten,
Blidi Wreh-Wilson,Connecticut,72.75,195,36.0,128.0,14.0,4.12,6.97,1.58,2.64,4.53,2013,CB,blidi wreh wilson,
Ricardo Allen,Purdue,69.125,187,35.5,117.0,13.0,4.15,,1.66,2.72,4.61,2014,CB,ricardo allen,
Deion Belue,Alabama,70.75,182,,,11.0,,,,,,2014,CB,deion belue,
Bene Benwikere,San Jose State,70.75,195,40.5,122.0,10.0,4.38,6.94,1.65,2.72,4.63,2014,CB,bene benwikere,
Bashaud Breeland,Clemson,71.375,197,34.5,123.0,11.0,4.33,7.04,1.64,2.7,4.62,2014,CB,bashaud breeland,
Travis Carrie,Ohio,71.625,206,,,17.0,,,,,,2014,CB,travis carrie,
Ross Cockrell,Duke,72.0,191,36.5,122.0,10.0,4.32,7.28,1.64,2.71,4.56,2014,CB,ross cockrell,
Aaron Colvin,Oklahoma,71.375,177,,,,,,,,,2014,CB,aaron colvin,
Chris Davis,Auburn,69.875,202,,,15.0,,,,,,2014,CB,chris davis,
Darqueze Dennard,Michigan State,70.875,199,,,15.0,,,1.63,2.65,4.51,2014,CB,darqueze dennard,
Pierre Desir,Lindenwood,73.0,198,35.0,133.0,11.0,4.3,6.86,1.59,2.67,4.59,2014,CB,pierre desir,
Brandon Dixon,Northwest Missouri,71.5,203,32.5,117.0,17.0,4.27,7.15,1.56,2.59,4.41,2014,CB,brandon dixon,
Antone Exum,Virginia Tech,71.625,213,35.0,117.0,17.0,4.13,7.05,1.61,2.69,4.59,2014,CB,antone exum,
Kyle Fuller,Virginia Tech,71.75,190,38.5,128.0,12.0,4.19,6.9,1.59,2.61,4.49,2014,CB,kyle fuller,
Phillip Gaines,Rice,72.375,193,36.5,122.0,11.0,4.04,6.62,1.49,2.57,4.38,2014,CB,phillip gaines,
E.J. Gaines,Missouri,69.625,190,,,15.0,,,,,,2014,CB,e j gaines,
Justin Gilbert,Oklahoma State,72.125,202,35.5,126.0,20.0,,6.92,1.54,2.57,4.37,2014,CB,justin gilbert,
Demetri Goodson,Baylor,71.0,194,37.0,123.0,11.0,4.34,6.8,1.62,2.67,4.52,2014,CB,demetri goodson,
Andre Hal,Vanderbilt,70.375,188,35.5,119.0,15.0,4.27,7.14,1.57,2.63,4.5,2014,CB,andre hal,
Victor Hampton,South Carolina,69.0,197,33.5,118.0,20.0,4.2,7.01,1.7,2.78,4.69,2014,CB,victor hampton,
Bennett Jackson,Notre Dame,71.875,195,38.0,128.0,13.0,4.0,6.75,1.6,2.65,4.51,2014,CB,bennett jackson,
Kendall James,Maine,70.5,180,39.0,,9.0,4.19,6.81,1.54,2.61,4.44,2014,CB,kendall james,
Stanley Jean-Baptiste,Nebraska,74.625,218,41.5,128.0,13.0,4.33,,1.58,2.67,4.61,2014,CB,stanley jean baptiste,
Dontae Johnson,North Carolina State,74.125,200,38.5,124.0,12.0,4.24,6.82,1.57,2.62,4.45,2014,CB,dontae johnson,
Lamarcus Joyner,Florida State,68.0,184,37.5,124.0,14.0,4.4,7.26,1.59,2.68,4.55,2014,CB,lamarcus joyner,
Nevin Lawson,Utah State,69.5,190,33.0,120.0,16.0,4.4,7.12,1.63,2.66,4.48,2014,CB,nevin lawson,
Dexter McDougle,Maryland,70.25,196,,,,,,,,,2014,CB,dexter mcdougle,
Keith McGill,Utah,75.375,211,39.0,129.0,,4.18,7.29,1.63,2.65,4.51,2014,CB,keith mcgill,
Terrance Mitchell,Oregon,71.125,192,34.0,117.0,,4.0,6.57,1.59,2.68,4.63,2014,CB,terrance mitchell,
Jabari Price,North Carolina,70.625,200,,,16.0,4.3,7.04,1.55,2.6,4.45,2014,CB,jabari price,
Loucheiz Purifoy,Florida,71.5,190,35.5,120.0,6.0,,,1.61,2.71,4.61,2014,CB,loucheiz purifoy,
Keith Reaser,Florida Atlantic,70.75,189,,,22.0,,,,,,2014,CB,keith reaser,
Rashaad Reynolds,Oregon State,69.875,189,37.5,123.0,20.0,4.0,6.72,1.51,2.62,4.51,2014,CB,rashaad reynolds,
Marcus Roberson,Florida,72.25,191,37.5,120.0,8.0,4.08,6.84,1.59,2.65,4.61,2014,CB,marcus roberson,
Bradley Roby,Ohio State,71.25,194,38.5,124.0,17.0,4.04,,1.52,2.56,4.39,2014,CB,bradley roby,
Jemea Thomas,Georgia Tech,69.25,192,37.0,125.0,19.0,,,1.57,2.64,4.55,2014,CB,jemea thomas,
Jason Verrett,Texas Christian,69.5,189,39.0,128.0,,4.0,6.69,1.5,2.54,4.38,2014,CB,jason verrett,
Todd Washington,Southeastern Louisiana,71.375,196,,,13.0,,,,,,2014,CB,todd washington,
Jaylen Watkins,Florida,71.5,194,,,22.0,,,1.5,2.56,4.41,2014,CB,jaylen watkins,
Lavelle Westbrooks,Georgia Southern,71.5,186,36.0,121.0,15.0,4.27,6.98,1.62,2.7,4.63,2014,CB,lavelle westbrooks,
Alex Carter,Stanford,72.125,196,40.0,121.0,17.0,4.07,7.05,1.6,2.64,4.51,2015,CB,alex carter,1078.0
Donald Celiscar,Western Michigan,70.875,194,,120.0,,,,1.64,2.71,4.62,2015,CB,donald celiscar,
Justin Coleman,Tennessee,70.625,185,37.5,124.0,20.0,3.98,6.61,1.54,2.6,4.53,2015,CB,justin coleman,
Jalen Collins,LSU,73.5,203,36.0,124.0,,4.27,6.77,1.61,2.63,4.48,2015,CB,jalen collins,1079.0
Justin Cox,Mississippi State,72.625,191,38.0,129.0,15.0,4.07,7.05,1.53,2.56,4.36,2015,CB,justin cox,
Ronald Darby,Florida State,70.625,193,41.5,129.0,12.0,4.14,6.94,1.53,2.56,4.38,2015,CB,ronald darby,1080.0
Quandre Diggs,Texas,69.125,196,35.5,113.0,17.0,4.15,7.22,1.65,2.7,4.56,2015,CB,quandre diggs,1081.0
Lorenzo Doss,Tulane,70.375,182,33.5,115.0,9.0,4.26,7.2,1.55,2.61,4.5,2015,CB,lorenzo doss,1082.0
Ifo Ekpre-Olomu,Oregon,69.125,192,,,,,,,,,2015,CB,ifo ekpre olomu,1083.0
Charles Gaines,Louisville,69.875,180,34.5,123.0,,4.2,7.07,1.56,2.59,4.44,2015,CB,charles gaines,1084.0
Jacoby Glenn,Central Florida,72.0,179,34.0,123.0,,4.26,6.97,1.63,2.7,4.64,2015,CB,jacoby glenn,
Senquez Golson,Mississippi,68.625,176,33.5,120.0,15.0,4.2,6.81,1.54,2.59,4.46,2015,CB,senquez golson,1085.0
Doran Grant,Ohio State,70.25,200,33.0,116.0,21.0,4.33,,1.52,2.57,4.44,2015,CB,doran grant,1086.0
Troy Hill,Oregon,70.25,180,32.5,120.0,,4.21,6.81,1.6,2.66,4.55,2015,CB,troy hill,
Kevin Johnson,Wake Forest,72.25,188,41.5,130.0,,3.89,6.79,1.59,2.63,4.52,2015,CB,kevin johnson,1087.0
Byron Jones,Connecticut,72.625,199,44.5,147.0,,3.94,6.78,,,,2015,CB,byron jones,1088.0
Craig Mager,Texas State,71.5,201,38.0,130.0,17.0,4.07,6.83,1.53,2.58,4.44,2015,CB,craig mager,1089.0
Nick Marshall,Auburn,73.5,207,37.5,124.0,12.0,4.15,6.96,1.6,2.65,4.54,2015,CB,nick marshall,
Bobby McCain,Memphis,69.5,195,36.0,130.0,17.0,3.82,6.8,1.59,2.63,4.51,2015,CB,bobby mccain,1090.0
Steven Nelson,Oregon State,70.125,197,34.5,115.0,19.0,4.07,6.88,1.57,2.63,4.49,2015,CB,steven nelson,1091.0
Garry Peters,Clemson,71.75,191,32.5,119.0,7.0,4.0,6.8,1.58,2.68,4.61,2015,CB,garry peters,
Marcus Peters,Washington,71.625,197,37.5,121.0,17.0,4.08,7.08,1.6,2.66,4.53,2015,CB,marcus peters,1092.0
Quinten Rollins,Miami (OH),71.125,195,36.5,122.0,14.0,4.28,7.1,1.61,2.67,4.57,2015,CB,quinten rollins,1093.0
Eric Rowe,Utah,72.75,205,39.0,125.0,19.0,3.97,6.7,1.56,2.61,4.45,2015,CB,eric rowe,1094.0
Josh Shaw,Southern California,72.5,201,37.5,130.0,26.0,4.12,7.01,1.54,2.59,4.44,2015,CB,josh shaw,1095.0
JaCorey Shepherd,Kansas,70.875,199,,,14.0,,,,,,2015,CB,jacorey shepherd,1096.0
Tye Smith,Towson,72.125,195,36.5,124.0,15.0,3.96,6.97,1.6,2.67,4.6,2015,CB,tye smith,1097.0
DJoun Smith,Florida Atlantic,70.0,187,36.0,124.0,18.0,4.26,6.96,1.56,2.6,4.45,2015,CB,djoun smith,
Damian Swann,Georgia,72.0,189,33.0,118.0,,,,1.59,2.63,4.5,2015,CB,damian swann,1098.0
Trae Waynes,Michigan State,72.125,186,38.0,122.0,19.0,4.39,7.06,1.53,2.55,4.31,2015,CB,trae waynes,1099.0
Kevin White,Texas Christian,69.125,183,35.5,121.0,18.0,,,1.56,2.65,4.63,2015,CB,kevin white,
P.J. Williams,Florida State,72.0,194,40.0,132.0,12.0,4.28,7.08,1.55,2.63,4.57,2015,CB,p j williams,1100.0
Julian Wilson,Oklahoma,74.0,205,36.0,125.0,,4.22,6.94,1.6,2.69,4.58,2015,CB,julian wilson,
Mackensie Alexander,Clemson,70.375,190,,,11.0,,,,,,2016,CB,mackensie alexander,1101.0
Eli Apple,Ohio State,72.625,199,,,13.0,,,1.53,2.59,4.4,2016,CB,eli apple,1102.0
Briean Boddy-Calhoun,Minnesota,69.5,193,35.0,124.0,10.0,4.22,7.16,1.59,2.64,4.47,2016,CB,briean boddy calhoun,
James Bradberry,Samford,72.75,211,36.0,124.0,16.0,4.21,6.91,1.53,2.6,4.45,2016,CB,james bradberry,1103.0
Anthony Brown,Purdue,71.25,192,35.0,115.0,19.0,4.19,7.03,1.55,2.55,4.33,2016,CB,anthony brown,1104.0
Artie Burns,Miami (FL),71.875,193,31.5,,,,,1.56,2.63,4.46,2016,CB,artie burns,1105.0
Juston Burris,North Carolina State,72.25,212,36.5,122.0,19.0,4.4,7.1,1.58,2.63,4.53,2016,CB,juston burris,1106.0
Taveze Calhoun,Mississippi State,72.375,192,33.5,,14.0,,,1.59,2.65,4.58,2016,CB,taveze calhoun,
Maurice Canady,Virginia,73.0,193,38.0,124.0,16.0,4.09,7.03,1.59,2.63,4.49,2016,CB,maurice canady,1107.0
Ken Crawley,Colorado,72.375,187,36.5,119.0,,,,1.53,2.57,4.43,2016,CB,ken crawley,
Sean Davis,Maryland,73.0,201,37.5,126.0,21.0,3.97,6.64,1.56,2.6,4.46,2016,CB,sean davis,1108.0
DeAndre Elliott,Colorado State,72.875,188,41.0,125.0,,3.94,6.93,1.62,2.66,4.55,2016,CB,deandre elliott,
Kendall Fuller,Virginia Tech,71.5,187,,,15.0,,,,,,2016,CB,kendall fuller,1109.0
Vernon Hargreaves III,Florida,70.5,204,39.0,130.0,15.0,3.98,,1.58,2.62,4.5,2016,CB,vernon hargreaves,1110.0
DeVante Harris,Texas AM,70.625,176,38.5,124.0,,4.06,6.82,1.6,2.65,4.56,2016,CB,devante harris,
Xavien Howard,Baylor,72.125,201,33.0,122.0,11.0,4.15,7.18,1.61,2.67,4.58,2016,CB,xavien howard,1111.0
William Jackson III,Houston,72.375,189,,116.0,10.0,,,1.52,2.56,4.37,2016,CB,william jackson,1112.0
Jonathan Jones,Auburn,69.125,186,36.0,123.0,19.0,4.25,7.25,1.47,2.5,4.33,2016,CB,jonathan jones,
Cyrus Jones,Alabama,69.875,197,33.0,116.0,10.0,4.21,6.71,1.55,2.62,4.49,2016,CB,cyrus jones,1113.0
Harlan Miller,Southeastern Louisiana,71.875,182,35.5,118.0,6.0,4.43,7.44,1.63,2.7,4.65,2016,CB,harlan miller,1114.0
Jalen Mills,LSU,72.0,191,37.0,123.0,16.0,4.0,6.86,1.58,2.67,4.61,2016,CB,jalen mills,
Eric Murray,Minnesota,70.625,199,39.5,124.0,15.0,4.05,7.08,1.54,2.58,4.49,2016,CB,eric murray,1115.0
Kevin Peterson,Oklahoma State,70.375,181,35.5,121.0,14.0,4.31,6.94,1.59,2.67,4.58,2016,CB,kevin peterson,
Jimmy Pruitt,San Jose State,71.625,198,32.0,117.0,19.0,,,1.66,2.75,4.73,2016,CB,jimmy pruitt,
Will Redmond,Mississippi State,70.75,182,,,,,,,,,2016,CB,will redmond,1116.0
Rashard Robinson,LSU,73.5,171,35.5,121.0,,,,1.62,2.65,4.49,2016,CB,rashard robinson,1117.0
KeiVarae Russell,Notre Dame,71.125,192,,,17.0,,,,,,2016,CB,keivarae russell,1118.0
Zack Sanchez,Oklahoma,70.875,185,35.5,116.0,19.0,,,,,,2016,CB,zack sanchez,1119.0
Kevon Seymour,Southern California,71.5,186,35.0,124.0,12.0,4.18,,1.55,2.57,4.39,2016,CB,kevon seymour,1120.0
LeShaun Sims,Southern Utah,72.5,203,37.0,120.0,11.0,4.19,7.08,1.64,2.68,4.53,2016,CB,leshaun sims,1121.0
Ryan Smith,North Carolina Central,71.0,189,36.0,122.0,18.0,4.09,6.88,1.59,2.64,4.47,2016,CB,ryan smith,1122.0
Cleveland Wallace III,San Jose State,70.75,188,35.5,123.0,,,,1.66,2.72,4.68,2016,CB,cleveland wallace,
D.J. White,Georgia Tech,70.875,193,33.0,132.0,17.0,4.33,7.18,1.61,2.64,4.49,2016,CB,d j white,1123.0
Brandon Williams,Texas AM,71.375,197,30.5,118.0,18.0,4.19,6.85,1.54,2.58,4.37,2016,CB,brandon williams,1124.0
Daryl Worley,West Virginia,72.75,204,35.5,123.0,14.0,4.15,6.98,1.64,2.7,4.64,2016,CB,daryl worley,1125.0
Tavon Young,Temple,69.125,183,34.5,118.0,9.0,3.93,6.8,1.54,2.6,4.46,2016,CB,tavon young,1126.0
Brian Allen,Utah,74.875,215,34.5,116.0,15.0,4.34,6.64,1.51,2.56,4.43,2017,CB,brian allen,
Chidobe Awuzie,Colorado,71.75,202,34.5,132.0,16.0,4.14,6.81,1.53,2.57,4.43,2017,CB,chidobe awuzie,1127.0
Jeremy Clark,Michigan,75.125,221,,,20.0,,,,,,2017,CB,jeremy clark,1128.0
Gareon Conley,Ohio State,72.25,195,37.0,128.0,11.0,4.18,6.68,1.56,2.58,4.44,2017,CB,gareon conley,1129.0
Treston DeCoud,Oregon State,73.75,206,31.0,115.0,11.0,,,1.63,2.71,4.62,2017,CB,treston decoud,
Rasul Douglas,West Virginia,74.0,209,33.5,120.0,16.0,4.26,6.97,1.57,2.64,4.59,2017,CB,rasul douglas,1130.0
Corn Elder,Miami (FL),70.125,183,,,,,,1.62,2.66,4.55,2017,CB,corn elder,1131.0
Shaquill Griffin,Central Florida,71.75,194,38.5,132.0,17.0,4.14,6.87,1.52,2.55,4.38,2017,CB,shaquill griffin,
Nate Hairston,Temple,71.875,196,35.5,116.0,14.0,,,1.59,2.65,4.52,2017,CB,nate hairston,1132.0
Marlon Humphrey,Alabama,72.25,197,,124.0,10.0,,6.75,1.52,2.57,4.41,2017,CB,marlon humphrey,1133.0
Adoree Jackson,Southern California,69.75,186,36.0,122.0,,,,1.52,2.56,4.38,2017,CB,adoree jackson,1134.0
Sidney Jones,Washington,71.75,186,33.5,123.0,,4.28,7.02,1.56,2.62,4.47,2017,CB,sidney jones,1135.0
Damontae Kazee,San Diego State,70.25,184,34.0,123.0,11.0,,,1.6,2.65,4.54,2017,CB,damontae kazee,1136.0
Kevin King,Washington,75.25,200,39.5,,11.0,3.89,,1.51,2.57,4.43,2017,CB,kevin king,1137.0
Ashton Lampkin,Oklahoma State,72.0,189,34.5,120.0,19.0,,,1.61,2.63,4.52,2017,CB,ashton lampkin,
Brendan Langley,Lamar (TX),72.25,201,35.5,123.0,22.0,4.21,7.06,1.57,2.61,4.43,2017,CB,brendan langley,1138.0
Marshon Lattimore,Ohio State,72.0,193,38.5,132.0,,,,1.48,2.53,4.36,2017,CB,marshon lattimore,1139.0
Jourdan Lewis,Michigan,70.0,188,34.5,121.0,15.0,,,1.57,2.64,4.54,2017,CB,jourdan lewis,1140.0
William Likely,Maryland,67.125,180,,,15.0,,,,,,2017,CB,william likely,
Arthur Maulet,Memphis,69.75,189,34.5,120.0,18.0,,,1.6,2.69,4.62,2017,CB,arthur maulet,
Fabian Moreau,UCLA,71.875,206,38.0,135.0,,4.12,6.94,1.51,2.51,4.35,2017,CB,fabian moreau,1141.0
Jalen Myrick,Minnesota,69.625,200,37.5,123.0,13.0,4.22,7.06,1.48,2.5,4.28,2017,CB,jalen myrick,1142.0
Ezra Robinson,Tennessee State,71.0,189,34.0,128.0,13.0,,,1.56,2.61,4.47,2017,CB,ezra robinson,
Sojourn Shelton,Wisconsin,69.25,177,35.0,120.0,10.0,4.02,6.92,1.61,2.63,4.51,2017,CB,sojourn shelton,
Channing Stribling,Michigan,73.0,188,31.5,113.0,5.0,4.56,6.94,1.61,2.69,4.6,2017,CB,channing stribling,
Cameron Sutton,Tennessee,71.0,188,34.0,120.0,11.0,,6.81,1.57,2.62,4.52,2017,CB,cameron sutton,1143.0
Teez Tabor,Florida,72.25,199,31.0,120.0,9.0,,,1.58,2.67,4.62,2017,CB,teez tabor,1144.0
Cordrea Tankersley,Clemson,72.75,199,29.5,121.0,13.0,4.32,7.0,1.56,2.6,4.4,2017,CB,cordrea tankersley,1145.0
Jack Tocho,North Carolina State,71.875,202,35.0,124.0,21.0,,,1.55,2.61,4.54,2017,CB,jack tocho,1146.0
Marquez White,Florida State,71.625,194,36.0,123.0,,,,1.61,2.7,4.59,2017,CB,marquez white,1147.0
TreDavious White,LSU,71.25,192,32.0,117.0,16.0,4.32,6.9,1.52,2.61,4.47,2017,CB,tredavious white,
Quincy Wilson,Florida,72.625,211,32.0,116.0,14.0,4.02,6.86,1.58,2.65,4.54,2017,CB,quincy wilson,1148.0
Howard Wilson,Houston,72.75,184,33.5,117.0,,3.94,6.68,1.56,2.64,4.57,2017,CB,howard wilson,1149.0
Ahkello Witherspoon,Colorado,74.75,198,40.5,126.0,,4.13,6.93,1.53,2.57,4.45,2017,CB,ahkello witherspoon,1150.0
Jaire Alexander,Louisville,70.25,196,35.0,127.0,14.0,3.98,6.71,1.52,2.55,4.38,2018,CB,jaire alexander,1151.0
Anthony Averett,Alabama,71.125,183,31.5,119.0,13.0,4.4,6.93,1.5,2.54,4.36,2018,CB,anthony averett,1152.0
Tony Brown,Alabama,71.875,199,31.5,126.0,14.0,4.11,6.78,1.53,2.56,4.35,2018,CB,tony brown,
Christian Campbell,Penn State,72.75,195,,,14.0,,,,,,2018,CB,christian campbell,1153.0
Andre Chachere,San Jose State,71.75,197,38.0,123.0,13.0,4.07,6.78,1.52,2.61,4.49,2018,CB,andre chachere,
Carlton Davis,Auburn,73.0,206,34.0,124.0,16.0,,,1.59,2.64,4.53,2018,CB,carlton davis,1154.0
Duke Dawson,Florida,70.625,197,,,15.0,,,1.57,2.62,4.46,2018,CB,duke dawson,1155.0
Dee Delaney,Miami (FL),71.5,200,32.5,120.0,13.0,4.25,6.95,1.57,2.63,4.46,2018,CB,dee delaney,
Brandon Facyson,Virginia Tech,73.5,203,,,16.0,,,1.57,2.64,4.53,2018,CB,brandon facyson,
Rashard Fant,Indiana,69.5,179,,,,,,,,,2018,CB,rashard fant,
Minkah Fitzpatrick,Alabama,72.125,204,33.0,121.0,14.0,,,1.52,2.58,4.46,2018,CB,minkah fitzpatrick,
Grant Haley,Penn State,69.25,190,34.0,119.0,15.0,3.94,6.51,1.55,2.59,4.44,2018,CB,grant haley,
Davontae Harris,Illinois State,71.375,205,32.5,123.0,22.0,4.4,6.96,1.56,2.63,4.43,2018,CB,davontae harris,1156.0
Holton Hill,Texas,73.625,196,31.0,120.0,14.0,4.15,6.83,1.58,2.63,4.49,2018,CB,holton hill,
Mike Hughes,Central Florida,70.125,189,35.5,127.0,20.0,4.13,6.7,1.58,2.68,4.53,2018,CB,mike hughes,1157.0
Josh Jackson,Iowa,72.375,196,38.0,123.0,18.0,4.03,6.86,1.57,2.61,4.48,2018,CB,josh jackson,1158.0
J.C. Jackson,Maryland,69.75,201,35.5,120.0,14.0,,,1.54,2.59,4.46,2018,CB,j c jackson,
Donte Jackson,LSU,70.5,178,,124.0,7.0,,,1.55,2.54,4.32,2018,CB,donte jackson,1159.0
Taron Johnson,Weber State,71.125,192,33.0,118.0,17.0,4.28,7.03,1.54,2.6,4.5,2018,CB,taron johnson,1160.0
Danny Johnson,Southern,69.25,181,35.0,123.0,15.0,,,1.56,2.58,4.44,2018,CB,danny johnson,
Chris Jones,Nebraska,71.875,200,,,14.0,,,1.64,2.72,4.57,2018,CB,chris jones,
Michael Joseph,Dubuque,72.625,187,34.0,,17.0,4.2,6.89,,,,2018,CB,michael joseph,
Jamarcus King,South Carolina,72.75,185,,,,,,1.69,2.76,4.7,2018,CB,jamarcus king,
Avonte Maddox,Pittsburgh,69.125,184,37.0,125.0,13.0,4.0,6.51,1.5,2.55,4.39,2018,CB,avonte maddox,1161.0
Tarvarus McFadden,Florida State,74.25,204,38.5,121.0,,,,1.62,2.7,4.67,2018,CB,tarvarus mcfadden,
Quenton Meeks,Stanford,73.0,209,39.0,128.0,11.0,4.23,6.72,,,,2018,CB,quenton meeks,
Kamrin Moore,Boston College,70.5,203,,,,,,,,,2018,CB,kamrin moore,1162.0
Nick Nelson,Wisconsin,70.625,200,,123.0,17.0,,,1.6,2.65,4.52,2018,CB,nick nelson,1163.0
Parry Nickerson,Tulane,70.375,182,,,15.0,,,1.5,2.54,4.32,2018,CB,parry nickerson,1164.0
Isaiah Oliver,Colorado,72.25,201,,,,,,1.6,2.65,4.5,2018,CB,isaiah oliver,1165.0
Darius Phillips,Western Michigan,69.875,193,,,,,,1.59,2.64,4.54,2018,CB,darius phillips,1166.0
D.J. Reed,Kansas State,69.125,188,36.5,,11.0,,,1.58,2.62,4.51,2018,CB,d j reed,1167.0
M.J. Stewart,North Carolina,70.875,200,35.0,118.0,18.0,4.28,6.9,1.59,2.66,4.54,2018,CB,m j stewart,1168.0
Greg Stroman,Virginia Tech,71.125,182,33.5,113.0,16.0,4.45,,1.58,2.62,4.48,2018,CB,greg stroman,1169.0
Chandon Sullivan,Georgia State,70.75,194,40.5,134.0,15.0,4.36,,1.61,2.68,4.6,2018,CB,chandon sullivan,
Jordan Thomas,Oklahoma,72.125,187,38.0,124.0,4.0,3.94,6.28,1.57,2.67,4.64,2018,CB,jordan thomas,
Henre Toliver,Arkansas,72.375,188,32.5,117.0,6.0,4.15,7.01,1.64,2.72,4.63,2018,CB,henre toliver,
Kevin Toliver II,LSU,74.0,192,33.0,120.0,10.0,,,,,,2018,CB,kevin toliver,
DMontre Wade,Murray State,71.125,206,35.5,120.0,15.0,4.4,,1.61,2.68,4.57,2018,CB,dmontre wade,
Levi Wallace,Alabama,72.25,179,33.0,,,,,1.67,2.57,4.63,2018,CB,levi wallace,
Denzel Ward,Ohio State,70.875,183,39.0,136.0,16.0,,,1.47,2.48,4.32,2018,CB,denzel ward,1170.0
Isaac Yiadom,Boston College,72.875,190,,120.0,8.0,4.18,,1.57,2.65,4.52,2018,CB,isaac yiadom,1171.0
Ugochukwu Amadi,Oregon,69.375,199,32.5,115.0,18.0,4.19,7.21,1.59,2.62,4.51,2019,CB,ugochukwu amadi,
Blessuan Austin,Rutgers,72.625,198,,,15.0,,,,,,2019,CB,blessuan austin,1172.0
Derrick Baity Jr.,Kentucky,74.125,197,38.5,127.0,10.0,4.31,7.06,,,,2019,CB,derrick baity,
DeAndre Baker,Georgia,71.125,190,,118.0,14.0,,,1.6,2.63,4.52,2019,CB,deandre baker,1173.0
Corey Ballentine,Washburn,71.0,196,39.5,135.0,15.0,4.14,6.82,1.57,2.62,4.47,2019,CB,corey ballentine,1174.0
Kris Boyd,Texas,71.5,201,36.5,127.0,19.0,4.08,6.94,1.6,2.63,4.45,2019,CB,kris boyd,1175.0
Blace Brown,Troy,72.375,194,,126.0,14.0,4.22,7.33,1.68,2.75,4.75,2019,CB,blace brown,
Jordan Brown,South Dakota State,72.375,201,39.5,128.0,13.0,,,1.64,2.65,4.51,2019,CB,jordan brown,1176.0
Sean Bunting,Central Michigan,72.375,195,41.5,126.0,14.0,,,1.51,2.59,4.42,2019,CB,sean bunting,
Hamp Cheevers,Boston College,69.375,169,39.0,122.0,8.0,4.25,6.96,1.63,2.67,4.52,2019,CB,hamp cheevers,
Xavier Crawford,Central Michigan,70.875,187,37.5,,11.0,,,1.62,2.66,4.48,2019,CB,xavier crawford,1177.0
Davante Davis,Texas,74.125,202,37.0,125.0,14.0,4.15,6.76,1.61,2.67,4.57,2019,CB,davante davis,
Jamel Dean,Auburn,73.0,206,41.0,130.0,16.0,4.19,7.02,1.53,2.54,4.3,2019,CB,jamel dean,1178.0
Rashad Fenton,South Carolina,71.0,193,34.0,117.0,12.0,4.25,,1.59,2.65,4.52,2019,CB,rashad fenton,1179.0
Mark Fields,Clemson,69.875,192,,,18.0,,,1.56,2.57,4.37,2019,CB,mark fields,
Montre Hartage,Northwestern,71.375,190,34.5,123.0,9.0,4.08,6.95,1.66,2.74,4.68,2019,CB,montre hartage,
Alijah Holder,Stanford,72.75,191,36.0,121.0,9.0,4.15,6.7,1.61,2.67,4.6,2019,CB,alijah holder,
Michael Jackson Sr.,Miami (FL),72.625,210,40.5,130.0,13.0,4.12,7.12,1.6,2.64,4.45,2019,CB,michael jackson,1180.0
Isaiah Johnson,Houston,73.875,205,36.5,133.0,,4.06,6.81,1.55,2.56,4.4,2019,CB,isaiah johnson,1181.0
Lonnie Johnson Jr.,Kentucky,74.125,210,38.0,129.0,15.0,4.1,7.01,1.55,2.64,4.52,2019,CB,lonnie johnson,1182.0
Justin Layne,Michigan State,73.75,192,37.5,134.0,,4.09,6.9,1.59,2.65,4.5,2019,CB,justin layne,1183.0
David Long,Michigan,70.625,193,39.5,120.0,15.0,3.97,6.45,1.57,2.62,4.45,2019,CB,david long,1184.0
Julian Love,Notre Dame,70.75,195,36.0,121.0,14.0,4.1,6.72,1.62,2.65,4.54,2019,CB,julian love,1185.0
Iman Marshall,Southern California,72.625,207,,,16.0,,,1.59,2.65,4.53,2019,CB,iman marshall,1186.0
Jordan Miller,Washington,72.875,185,37.0,125.0,6.0,,,1.57,2.61,4.49,2019,CB,jordan miller,1187.0
Trayvon Mullen,Clemson,73.5,195,34.5,123.0,,,,1.58,2.63,4.46,2019,CB,trayvon mullen,1188.0
Byron Murphy,Washington,71.125,189,36.5,120.0,14.0,,,1.59,2.67,4.55,2019,CB,byron murphy,1189.0
Amani Oruwariye,Penn State,73.625,205,36.5,120.0,17.0,4.16,6.82,1.63,2.66,4.47,2019,CB,amani oruwariye,1190.0
Jamal Peters,Mississippi State,73.75,218,,,,,,1.72,2.78,4.63,2019,CB,jamal peters,
Ryan Pulley,Arkansas,70.625,203,31.0,111.0,11.0,,,1.64,2.72,4.61,2019,CB,ryan pulley,
Kendall Sheffield,Ohio State,71.75,189,,,,,,,,,2019,CB,kendall sheffield,1191.0
Saivion Smith,Alabama,72.875,203,33.0,121.0,11.0,4.37,7.09,,,,2019,CB,saivion smith,
Derrek Thomas,Baylor,75.5,189,39.5,131.0,8.0,,,1.53,2.57,4.43,2019,CB,derrek thomas,
Ken Webster,Mississippi,70.875,203,43.0,133.0,18.0,4.14,6.85,1.55,2.59,4.43,2019,CB,ken webster,1192.0
Greedy Williams,LSU,73.625,182,,,,,,1.51,2.56,4.37,2019,CB,greedy williams,1193.0
JoeJuan Williams,Vanderbilt,75.625,211,,,17.0,,,1.65,2.71,4.64,2019,CB,joejuan williams,1194.0
Rock Ya-Sin,Temple,71.75,192,39.5,120.0,18.0,4.31,7.31,1.6,2.65,4.51,2019,CB,rock ya sin,1195.0
Damon Arnette,Ohio State,71.625,195,,,,,,1.66,2.67,4.56,2020,CB,damon arnette,1196.0
Trajan Bandy,Miami (FL),67.75,180,,,10.0,,,1.59,2.64,4.5,2020,CB,trajan bandy,
Essang Bassey,Wake Forest,69.375,191,39.5,128.0,12.0,4.13,6.95,1.55,2.6,4.46,2020,CB,essang bassey,
Myles Bryant,Washington,67.875,183,31.5,115.0,,4.02,6.81,1.61,2.7,4.62,2020,CB,myles bryant,
Nevelle Clarke,Central Florida,72.875,190,35.0,126.0,10.0,4.31,6.88,,,,2020,CB,nevelle clarke,
Cameron Dantzler,Mississippi State,74.25,188,34.5,,,,,1.64,2.71,4.64,2020,CB,cameron dantzler,1197.0
Javaris Davis,Auburn,68.5,183,35.5,124.0,11.0,,,1.56,2.59,4.39,2020,CB,javaris davis,
Trevon Diggs,Alabama,73.375,205,,,,,,,,,2020,CB,trevon diggs,1198.0
Kristian Fulton,LSU,71.625,197,35.5,123.0,,4.36,6.94,1.56,2.61,4.46,2020,CB,kristian fulton,1199.0
Jeff Gladney,Texas Christian,70.25,191,37.5,124.0,17.0,,7.26,1.61,2.64,4.48,2020,CB,jeff gladney,1200.0
A.J. Green,Oklahoma State,73.5,202,,,13.0,,,1.62,2.69,4.62,2020,CB,a j green,
Javelin K. Guidry,Utah,69.0,191,,,21.0,,,1.51,2.52,4.29,2020,CB,javelin k guidry,
Bryce Hall,Virginia,73.125,202,,,11.0,,,,,,2020,CB,bryce hall,1201.0
Harrison Hand,Temple,71.125,197,41.0,133.0,14.0,4.27,7.15,1.56,2.61,4.52,2020,CB,harrison hand,1202.0
CJ Henderson,Florida,72.75,204,37.5,127.0,20.0,,,1.56,2.58,4.39,2020,CB,cj henderson,
Lavert Hill,Michigan,70.0,190,,,21.0,,,,,,2020,CB,lavert hill,
Darnay Holmes,UCLA,69.75,195,,,12.0,,,1.64,2.67,4.48,2020,CB,darnay holmes,1203.0
Noah Igbinoghene,Auburn,70.375,198,37.0,128.0,15.0,,,1.57,2.63,4.48,2020,CB,noah igbinoghene,1204.0
Dane Jackson,Pittsburgh,71.625,187,35.0,122.0,,4.27,7.07,1.6,2.67,4.57,2020,CB,dane jackson,1205.0
Lamar Jackson,Nebraska,74.0,208,36.5,122.0,10.0,,,1.6,2.66,4.58,2020,CB,lamar jackson,
Jaylon Johnson,Utah,71.875,193,36.5,124.0,15.0,4.13,7.01,1.59,2.66,4.5,2020,CB,jaylon johnson,1206.0
Thakarius Keyes,Tulane,72.875,202,36.0,126.0,,,,,,,2020,CB,thakarius keyes,1207.0
Michael Ojemudia,Iowa,72.625,200,36.0,122.0,,4.21,6.87,1.54,2.62,4.45,2020,CB,michael ojemudia,1208.0
Jeffrey Okudah,Ohio State,73.125,205,41.0,135.0,11.0,,,1.6,2.65,4.48,2020,CB,jeffrey okudah,
James Pierre,Florida Atlantic,72.0,183,33.5,123.0,,,7.02,1.61,2.68,4.59,2020,CB,james pierre,
Troy Pride Jr.,Notre Dame,71.5,193,35.5,119.0,13.0,4.26,6.94,1.58,2.62,4.4,2020,CB,troy pride,1209.0
John Reid,Penn State,70.375,187,36.5,129.0,20.0,3.97,6.95,1.59,2.63,4.49,2020,CB,john reid,1210.0
Amik Robertson,Louisiana Tech,68.375,187,,,,,,,,,2020,CB,amik robertson,1211.0
Reggie Robinson II,Tulsa,72.875,205,36.0,132.0,22.0,4.18,7.09,1.55,2.59,4.44,2020,CB,reggie robinson,1212.0
Stanford Samuels III,Florida State,73.0,187,,,,,,1.64,2.73,4.65,2020,CB,stanford samuels,
Josiah Scott,Michigan State,69.25,185,,,17.0,,,1.54,2.55,4.42,2020,CB,josiah scott,1213.0
A.J. Terrell,Clemson,73.125,195,34.5,129.0,15.0,,,1.55,2.58,4.42,2020,CB,a j terrell,
Stantley Thomas-Oliver III,Florida International,72.375,192,34.0,127.0,,,,1.58,2.63,4.48,2020,CB,stantley thomas oliver,1214.0
Kindle Vildor,Georgia Southern,69.875,191,39.5,133.0,22.0,4.28,7.14,1.6,2.62,4.44,2020,CB,kindle vildor,1215.0
Colin Branch,Stanford,71.75,203,36.0,119.0,22.0,,,1.46,2.56,4.38,2003,FS,colin branch,
Chris Brown,Alabama-Birmingham,72.375,195,35.5,126.0,15.0,4.13,7.05,1.56,2.67,4.61,2003,FS,chris brown,
Charles Drake,Michigan,73.0,205,,,20.0,,,,,,2003,FS,charles drake,
Anthony Floyd,Louisville,69.5,202,33.5,117.0,19.0,4.2,7.09,1.59,2.67,4.6,2003,FS,anthony floyd,
Ken Hamlin,Arkansas,74.5,209,33.0,117.0,16.0,3.92,6.8,1.59,2.71,4.61,2003,FS,ken hamlin,
Terrence Holt,North Carolina State,73.75,208,34.5,122.0,13.0,4.03,6.99,,,,2003,FS,terrence holt,
Todd Johnson,Florida,72.875,206,33.5,117.0,19.0,4.19,7.01,1.57,2.64,4.6,2003,FS,todd johnson,
Rashean Mathis,Bethune-Cookman,72.75,202,38.5,123.0,22.0,4.17,7.09,1.61,2.6,4.45,2003,FS,rashean mathis,
Hanik Milligan,Houston,74.375,201,36.5,130.0,9.0,4.18,7.11,1.58,2.68,4.52,2003,FS,hanik milligan,
Donnie Nickey,Ohio State,74.25,220,33.5,119.0,17.0,4.16,7.08,1.59,2.72,4.65,2003,FS,donnie nickey,
Derek Pagel,Iowa,73.0,208,35.5,115.0,25.0,4.08,6.87,1.58,2.66,4.56,2003,FS,derek pagel,
Willie Pile,Virginia Tech,74.0,206,38.0,125.0,14.0,4.21,6.77,1.59,2.69,4.6,2003,FS,willie pile,
Antwoine Sanders,Utah,73.625,202,37.5,128.0,14.0,4.45,7.44,1.56,2.67,4.54,2003,FS,antwoine sanders,
Will Allen,Ohio State,72.5,202,,,,,,,,,2004,FS,will allen,
Rashad Baker,Tennessee,70.5,204,36.0,117.0,21.0,4.12,7.19,1.6,2.67,4.58,2004,FS,rashad baker,
Erik Coleman,Washington State,70.5,200,35.5,117.0,16.0,4.14,7.03,1.68,2.72,4.65,2004,FS,erik coleman,
Kentrell Curry,Georgia,73.0,201,34.5,127.0,17.0,,,1.71,2.72,4.68,2004,FS,kentrell curry,
Daryl Dixon,Florida,69.625,195,35.5,118.0,15.0,,,1.64,2.72,4.72,2004,FS,daryl dixon,
Deandre Eiland,South Carolina,71.5,202,35.0,113.0,17.0,4.27,7.19,1.56,2.63,4.54,2004,FS,deandre eiland,
Brandon Everage,Oklahoma,71.625,194,,,,,,,,,2004,FS,brandon everage,
Sean Jones,Georgia,73.375,218,36.5,122.0,,,7.19,,,,2004,FS,sean jones,
Keith Lewis,Oregon,72.5,204,37.0,121.0,11.0,4.07,7.28,1.61,2.67,4.57,2004,FS,keith lewis,
Etric Pruitt,Southern Miss,72.125,197,39.5,116.0,,4.0,7.15,1.62,2.61,4.6,2004,FS,etric pruitt,
Dexter Reid,North Carolina,70.875,203,,,,,,,,,2004,FS,dexter reid,
Stuart Schweigert,Purdue,74.0,218,38.0,124.0,18.0,3.89,6.68,1.57,2.62,4.45,2004,FS,stuart schweigert,
Jason Shivers,Arizona State,72.5,201,36.0,128.0,19.0,,,1.55,2.63,4.53,2004,FS,jason shivers,
Sean Taylor,Miami (FL),74.5,230,,,,,,,,,2004,FS,sean taylor,
Matt Ware,UCLA,74.375,209,,,15.0,,,,,,2004,FS,matt ware,
Rashad Washington,Kansas State,74.125,223,34.0,116.0,14.0,4.02,7.06,,,,2004,FS,rashad washington,
Quintin Williams,Wake Forest,71.5,207,37.0,122.0,21.0,4.09,7.28,1.6,2.66,4.58,2004,FS,quintin williams,
Madieu Williams,Maryland,72.375,193,,125.0,18.0,,,,,,2004,FS,madieu williams,
O.J. Atogwe,Stanford,71.0,219,,,22.0,,,1.64,2.7,4.62,2005,FS,o j atogwe,
Justin Beriault,Ball State,74.75,204,39.5,132.0,14.0,3.8,6.92,1.61,2.68,4.61,2005,FS,justin beriault,
Josh Bullocks,Nebraska,72.0,209,37.5,118.0,,4.09,7.09,1.56,2.64,4.46,2005,FS,josh bullocks,
James Butler,Georgia Tech,73.875,213,40.5,127.0,16.0,3.98,7.1,1.69,2.76,4.65,2005,FS,james butler,
Sean Considine,Iowa,72.125,212,37.0,117.0,19.0,3.92,7.09,1.58,2.63,4.52,2005,FS,sean considine,
Thomas Davis,Georgia,73.0,230,36.5,115.0,,4.01,7.1,1.64,2.71,4.6,2005,FS,thomas davis,
Ben Emanuel,UCLA,74.75,213,,,21.0,,,1.64,2.74,4.65,2005,FS,ben emanuel,
Dustin Fox,Ohio State,70.875,191,43.5,,7.0,,,1.62,2.63,4.51,2005,FS,dustin fox,
Aaron Francisco,Brigham Young,73.875,211,35.0,113.0,17.0,4.07,6.96,1.66,2.78,4.8,2005,FS,aaron francisco,
Vincent Fuller,Virginia Tech,73.125,189,,,,,,,,,2005,FS,vincent fuller,
Jason Harmon,Michigan State,71.5,209,37.0,118.0,23.0,4.1,7.61,1.64,2.77,4.77,2005,FS,jason harmon,
Jim Leonhard,Wisconsin,68.375,191,,,19.0,,,,,,2005,FS,jim leonhard,
Brodney Pool,Oklahoma,73.0,207,,,,,,,,,2005,FS,brodney pool,
Kerry Rhodes,Louisville,74.5,209,42.0,123.0,12.0,4.12,6.94,1.67,2.72,4.6,2005,FS,kerry rhodes,
Gerald Sensabaugh,North Carolina,72.5,214,46.0,133.0,17.0,,,1.56,2.62,4.5,2005,FS,gerald sensabaugh,
Marviel Underwood,San Diego State,70.25,205,38.0,118.0,19.0,4.21,7.12,1.65,2.72,4.55,2005,FS,marviel underwood,
Jahmile Addae,West Virginia,70.25,214,38.5,122.0,,,,1.65,2.79,4.75,2006,FS,jahmile addae,
Jason Allen,Tennessee,72.875,209,39.5,131.0,17.0,3.81,6.75,1.51,2.56,4.41,2006,FS,jason allen,
Antoine Bethea,Howard,71.0,203,36.5,127.0,19.0,4.11,6.99,1.53,2.57,4.42,2006,FS,antoine bethea,
Greg Blue,Georgia,74.25,216,37.5,120.0,16.0,,,1.6,2.7,4.62,2006,FS,greg blue,
Darrell Brooks,Arizona,72.375,198,36.5,125.0,7.0,4.36,6.97,1.6,2.7,4.69,2006,FS,darrell brooks,
Marcus Demps,San Diego State,71.75,198,31.0,117.0,17.0,4.09,6.91,1.67,2.79,4.77,2006,FS,marcus demps,
Reed Doughty,Northern Colorado,72.5,209,37.0,121.0,15.0,4.17,6.66,1.59,2.67,4.68,2006,FS,reed doughty,
Cedric Griffin,Texas,72.125,199,35.5,125.0,17.0,4.1,6.84,1.62,2.67,4.54,2006,FS,cedric griffin,
Roman Harper,Alabama,71.875,198,,,19.0,,,,,,2006,FS,roman harper,
Marcus Hudson,North Carolina State,73.125,194,,,11.0,,,,,,2006,FS,marcus hudson,
Nate Salley,Ohio State,73.75,216,40.0,123.0,14.0,4.15,6.79,1.6,2.71,4.67,2006,FS,nate salley,
Ko Simpson,South Carolina,73.0,209,40.5,122.0,11.0,4.17,7.09,1.56,2.63,4.47,2006,FS,ko simpson,
Dwayne Slay,Texas Tech,75.5,216,32.5,112.0,,,,1.66,2.8,4.82,2006,FS,dwayne slay,
Anthony Smith,Syracuse,72.125,194,41.0,125.0,18.0,4.35,6.75,1.62,2.71,4.71,2006,FS,anthony smith,
Pat Watkins,Florida State,76.75,211,41.0,133.0,14.0,,,1.49,2.56,4.44,2006,FS,pat watkins,
Gerald Alexander,Boise State,72.375,210,41.0,124.0,15.0,4.21,7.24,1.61,2.65,4.58,2007,FS,gerald alexander,
Zach Catanese,Arizona State,74.25,225,,,24.0,,,,,,2007,FS,zach catanese,
C.J. Gaddis,Clemson,71.5,203,36.5,121.0,20.0,4.3,7.28,1.59,2.63,4.54,2007,FS,c j gaddis,
Josh Gattis,Wake Forest,73.0,206,34.5,121.0,22.0,4.27,6.72,1.64,2.69,4.57,2007,FS,josh gattis,
Dashon Goldson,Washington,74.0,205,34.5,115.0,12.0,4.46,7.37,1.67,2.73,4.69,2007,FS,dashon goldson,
Tanard Jackson,Syracuse,72.0,200,32.5,121.0,12.0,4.28,6.89,1.58,2.63,4.53,2007,FS,tanard jackson,
LaRon Landry,LSU,72.5,213,37.5,123.0,,,,1.55,2.57,4.37,2007,FS,laron landry,
Brandon Meriweather,Miami (FL),70.625,195,35.0,111.0,11.0,4.33,7.06,1.64,2.68,4.56,2007,FS,brandon meriweather,
Chinedum Ndukwe,Notre Dame,73.75,206,37.5,,15.0,,,1.59,2.6,4.52,2007,FS,chinedum ndukwe,
Reggie Nelson,Florida,71.375,198,34.5,,,,,1.62,2.68,4.56,2007,FS,reggie nelson,
J.D. Nelson,Oregon,71.375,207,32.5,111.0,,4.53,7.29,1.66,2.8,4.87,2007,FS,j d nelson,
Marcus Paschal,Iowa,72.25,201,33.0,,15.0,4.72,7.31,1.68,2.79,4.74,2007,FS,marcus paschal,
Kevin Payne,Louisiana-Monroe,72.25,220,35.0,106.0,20.0,4.3,7.0,1.6,2.68,4.63,2007,FS,kevin payne,
Leonard Peters,Hawaii,73.125,210,32.5,110.0,21.0,,7.49,1.74,2.85,4.84,2007,FS,leonard peters,
Brandon Sharp,Louisville,70.0,194,37.5,,18.0,,,1.64,2.72,4.61,2007,FS,brandon sharp,
John Wendling,Wyoming,73.25,222,38.5,129.0,22.0,4.16,6.96,1.57,2.63,4.49,2007,FS,john wendling,
Marvin White,Texas Christian,73.25,199,33.5,,17.0,,,1.65,2.72,4.6,2007,FS,marvin white,
Husain Abdullah,Washington State,71.875,204,32.5,115.0,16.0,,7.07,1.56,2.63,4.63,2008,FS,husain abdullah,
Dominique Barber,Minnesota,72.25,210,34.0,117.0,23.0,4.34,7.08,1.59,2.72,4.68,2008,FS,dominique barber,
Simeon Castille,Alabama,72.375,195,31.5,119.0,,4.36,7.07,1.57,2.65,4.63,2008,FS,simeon castille,
Thomas DeCoud,California,73.375,207,35.5,122.0,,4.27,6.85,1.51,2.59,4.5,2008,FS,thomas decoud,
Quintin Demps,Texas-El Paso,71.875,206,31.5,110.0,16.0,,,1.51,2.53,4.39,2008,FS,quintin demps,
Marcus Griffin,Texas,70.25,201,31.5,119.0,13.0,4.32,7.09,1.54,2.66,4.69,2008,FS,marcus griffin,
Jonathan Hefney,Tennessee,67.875,190,29.0,117.0,14.0,4.44,7.1,1.56,2.63,4.52,2008,FS,jonathan hefney,
Dennis Keyes,UCLA,72.625,205,30.5,112.0,15.0,4.41,7.25,1.54,2.62,4.59,2008,FS,dennis keyes,
DaJuan Morgan,North Carolina State,72.125,205,33.0,119.0,21.0,4.41,7.12,1.54,2.62,4.56,2008,FS,dajuan morgan,
D.J. Parker,Virginia Tech,71.25,192,29.0,111.0,19.0,4.44,6.94,1.55,2.65,4.59,2008,FS,d j parker,
Kenny Phillips,Miami (FL),74.25,212,32.5,121.0,19.0,4.27,6.97,1.47,2.53,4.48,2008,FS,kenny phillips,
David Roach,Texas Christian,72.375,210,38.0,123.0,16.0,4.15,6.88,1.55,2.63,4.53,2008,FS,david roach,
Nehemiah Warrick,Michigan State,72.875,211,29.5,119.0,16.0,4.09,6.98,1.5,2.61,4.54,2008,FS,nehemiah warrick,
David Bruton,Notre Dame,74.0,219,41.5,132.0,19.0,4.28,6.6,1.61,2.64,4.46,2009,FS,david bruton,
Chris Clemons,Clemson,72.125,208,37.5,127.0,19.0,4.38,7.27,1.51,2.55,4.41,2009,FS,chris clemons,
Louis Delmas,Western Michigan,71.375,202,37.0,126.0,12.0,4.17,6.67,1.56,2.63,4.56,2009,FS,louis delmas,
Lendy Holmes,Oklahoma,72.0,206,32.0,112.0,16.0,4.32,7.28,1.68,2.8,4.75,2009,FS,lendy holmes,
Rashad Johnson,Alabama,71.25,203,37.0,120.0,15.0,4.23,7.09,1.62,2.69,4.6,2009,FS,rashad johnson,
Darcel McBath,Texas Tech,72.25,198,38.0,119.0,14.0,4.16,6.8,1.63,2.7,4.65,2009,FS,darcel mcbath,
Marcus McClinton,Kentucky,72.25,210,37.0,120.0,16.0,4.22,7.45,1.64,2.72,4.61,2009,FS,marcus mcclinton,
Troy Nolan,Arizona State,72.5,206,31.5,117.0,12.0,4.3,7.06,1.67,2.76,4.72,2009,FS,troy nolan,
Derek Pegues,Mississippi State,69.625,199,36.0,119.0,23.0,4.3,7.08,1.67,2.77,4.72,2009,FS,derek pegues,
Glover Quin,New Mexico,70.75,204,38.0,119.0,22.0,4.43,7.39,1.58,2.64,4.56,2009,FS,glover quin,
C.J. Spillman,Marshall,72.0,197,41.5,122.0,,4.33,7.05,1.6,2.63,4.5,2009,FS,c j spillman,
Curtis Taylor,LSU,74.25,209,37.5,129.0,13.0,4.23,7.25,1.62,2.71,4.67,2009,FS,curtis taylor,
Brandon Underwood,Cincinnati,73.0,198,36.5,125.0,16.0,4.2,7.0,1.6,2.66,4.57,2009,FS,brandon underwood,
Nate Allen,South Florida,72.5,207,,,16.0,,,,,,2010,FS,nate allen,
Jonathon Amaya,Nebraska,72.75,203,28.0,118.0,8.0,,,1.6,2.69,4.6,2010,FS,jonathon amaya,
Eric Berry,Tennessee,71.625,211,43.0,130.0,19.0,4.23,6.8,1.58,2.64,4.47,2010,FS,eric berry,
Morgan Burnett,Georgia Tech,73.375,209,,,16.0,,,,,,2010,FS,morgan burnett,
Kam Chancellor,Virginia Tech,75.25,231,32.0,116.0,22.0,4.41,7.36,1.65,2.77,4.69,2010,FS,kam chancellor,
Kendrick Lewis,Mississippi,71.625,198,31.5,116.0,16.0,4.33,6.88,1.63,2.74,4.75,2010,FS,kendrick lewis,
Myron Lewis,Vanderbilt,73.625,203,37.0,126.0,10.0,,,1.56,2.65,4.51,2010,FS,myron lewis,
Taylor Mays,Southern California,75.125,230,41.0,125.0,24.0,,,1.56,2.58,4.43,2010,FS,taylor mays,
Josh Pinkard,Southern California,72.875,214,,,,,,,,,2010,FS,josh pinkard,
Nick Polk,Indiana,71.0,211,38.0,121.0,14.0,,,1.59,2.7,4.66,2010,FS,nick polk,
Dennis Rogan,Tennessee,68.875,185,38.0,118.0,,4.1,,1.71,2.84,4.81,2010,FS,dennis rogan,
Donovan Warren,Michigan,71.5,193,,113.0,12.0,,,1.75,2.82,4.73,2010,FS,donovan warren,
Major Wright,Florida,71.5,206,37.5,119.0,14.0,4.36,6.95,1.55,2.6,4.48,2010,FS,major wright,
Quinton Carter,Oklahoma,72.625,208,34.5,121.0,23.0,4.06,7.05,1.66,2.76,4.6,2011,FS,quinton carter,
Chris Conte,California,74.375,197,35.5,127.0,18.0,4.19,7.01,1.65,2.71,4.59,2011,FS,chris conte,
Eric Hagg,Nebraska,73.375,209,34.5,121.0,18.0,4.19,6.73,1.66,2.76,4.73,2011,FS,eric hagg,
Will Hill,Florida,72.75,202,31.0,123.0,,4.19,,1.63,2.7,4.65,2011,FS,will hill,
Jaiquawn Jarrett,Temple,71.875,198,30.0,113.0,14.0,4.14,6.95,1.58,2.69,4.69,2011,FS,jaiquawn jarrett,
Mark LeGree,Appalachian State,71.5,210,31.0,116.0,21.0,4.09,6.9,1.63,2.69,4.59,2011,FS,mark legree,
Rahim Moore,UCLA,71.75,202,35.0,115.0,11.0,3.96,6.98,1.65,2.73,4.66,2011,FS,rahim moore,
Robert Sands,West Virginia,76.375,217,35.0,124.0,12.0,4.06,7.03,1.61,2.69,4.61,2011,FS,robert sands,
Jerrard Tarrant,Georgia Tech,72.375,204,33.0,114.0,14.0,4.21,6.92,1.57,2.66,4.63,2011,FS,jerrard tarrant,
Deunta Williams,North Carolina,73.75,205,,,,,,,,,2011,FS,deunta williams,
Justin Bethel,Presbyterian,71.625,200,39.5,131.0,19.0,4.3,6.79,1.6,2.68,4.58,2012,FS,justin bethel,
George Iloka,Boise State,75.625,225,34.5,124.0,20.0,4.03,7.03,1.61,2.66,4.66,2012,FS,george iloka,
Janzen Jackson,McNeese,71.5,188,36.5,125.0,9.0,4.15,6.9,1.64,2.7,4.64,2012,FS,janzen jackson,
Markelle Martin,Oklahoma State,72.75,207,,,19.0,,,,,,2012,FS,markelle martin,
Trenton Robinson,Michigan State,69.75,195,35.0,125.0,15.0,4.15,,1.56,2.7,4.55,2012,FS,trenton robinson,
Phillip Thomas,Syracuse,70.625,198,33.0,122.0,14.0,,,1.66,2.76,4.74,2012,FS,phillip thomas,
Christian Thompson,South Carolina State,72.25,211,31.5,122.0,18.0,4.13,7.33,1.61,2.66,4.5,2012,FS,christian thompson,
John Boyett,Oregon,69.875,204,,,27.0,,,,,,2013,FS,john boyett,
Josh Evans,Florida,73.125,207,34.5,123.0,,4.1,6.64,1.61,2.68,4.58,2013,FS,josh evans,
Tony Jefferson,Oklahoma,70.75,213,,,16.0,,,1.67,2.77,4.75,2013,FS,tony jefferson,
T.J. McDonald,Southern California,74.5,219,40.0,131.0,19.0,4.2,6.89,1.6,2.68,4.59,2013,FS,t j mcdonald,
Brad McDougald,Illinois,72.25,215,34.5,122.0,19.0,4.44,7.07,1.72,2.81,4.74,2013,FS,brad mcdougald,
Rontez Miles,California (PA),71.625,203,36.5,123.0,,4.27,6.97,1.62,2.68,4.62,2013,FS,rontez miles,
Bacarri Rambo,Georgia,72.5,211,,,17.0,,,,,,2013,FS,bacarri rambo,
Eric Reid,LSU,73.25,213,40.5,134.0,17.0,4.22,6.99,1.56,2.62,4.53,2013,FS,eric reid,
Daimion Stafford,Nebraska,71.625,221,30.5,111.0,21.0,,7.06,1.62,2.74,4.69,2013,FS,daimion stafford,
D.J. Swearinger,South Carolina,70.5,208,37.0,124.0,17.0,4.11,6.7,1.63,2.7,4.67,2013,FS,d j swearinger,
Phillip Thomas,Fresno State,72.5,208,35.0,122.0,14.0,,,1.62,2.71,4.65,2013,FS,phillip thomas,
Kenny Vaccaro,Texas,72.0,214,38.0,121.0,15.0,4.06,6.78,1.6,2.68,4.63,2013,FS,kenny vaccaro,
Dion Bailey,Southern California,71.75,201,34.0,113.0,,4.15,6.97,1.64,2.71,4.66,2014,FS,dion bailey,
Terrence Brooks,Florida State,70.875,198,38.0,119.0,10.0,,7.35,1.54,2.59,4.42,2014,FS,terrence brooks,
Ha Ha Clinton-Dix,Alabama,73.375,208,33.0,119.0,11.0,4.16,7.16,1.6,2.68,4.58,2014,FS,ha ha clinton dix,
Jonathan Dowling,Western Kentucky,74.75,190,33.5,118.0,8.0,4.24,7.04,1.57,2.65,4.52,2014,FS,jonathan dowling,
Marqueston Huff,Wyoming,71.125,196,35.5,118.0,15.0,4.19,7.26,1.54,2.61,4.49,2014,FS,marqueston huff,
Kenny Ladler,Vanderbilt,72.125,207,36.5,127.0,24.0,,,1.58,2.69,4.7,2014,FS,kenny ladler,
Calvin Pryor,Louisville,71.125,207,34.5,116.0,18.0,,,1.58,2.66,4.58,2014,FS,calvin pryor,
Ed Reynolds,Stanford,73.0,207,32.5,117.0,15.0,,,1.59,2.67,4.57,2014,FS,ed reynolds,
Adrian Amos,Penn State,72.5,218,35.5,122.0,,4.03,7.09,1.6,2.65,4.56,2015,FS,adrian amos,
Detrick Bonner,Virginia Tech,71.75,207,,,15.0,,,,,,2015,FS,detrick bonner,
Kurtis Drummond,Michigan State,72.625,208,39.5,119.0,,4.33,7.09,1.59,2.67,4.65,2015,FS,kurtis drummond,
Durell Eskridge,Syracuse,74.875,208,31.0,117.0,,4.26,7.09,1.59,2.68,4.63,2015,FS,durell eskridge,
Ladarius Gunter,Miami (FL),73.5,202,33.5,108.0,12.0,4.41,7.18,1.68,2.75,4.69,2015,FS,ladarius gunter,
Chris Hackett,Texas Christian,72.25,195,32.0,110.0,,4.2,7.12,1.63,2.79,4.81,2015,FS,chris hackett,
Anthony Harris,Virginia,72.625,183,,,,,,,,,2015,FS,anthony harris,
Gerod Holliman,Louisville,71.75,218,,,17.0,,,,,,2015,FS,gerod holliman,
Dean Marlowe,James Madison,73.5,203,33.5,114.0,16.0,4.18,7.0,1.62,2.68,4.58,2015,FS,dean marlowe,
Tevin McDonald,Eastern Washington,71.375,195,33.0,112.0,19.0,4.26,7.01,1.6,2.69,4.63,2015,FS,tevin mcdonald,
Cody Prewitt,Mississippi,74.0,208,35.0,125.0,11.0,4.23,7.12,1.64,2.7,4.6,2015,FS,cody prewitt,
Damarious Randall,Arizona State,70.875,196,38.0,120.0,14.0,4.07,6.83,1.55,2.58,4.46,2015,FS,damarious randall,
Derron Smith,Fresno State,70.0,200,,,,,,,,,2015,FS,derron smith,
Jermaine Whitehead,Auburn,71.0,197,37.0,128.0,15.0,4.11,6.95,1.64,2.7,4.59,2015,FS,jermaine whitehead,
Deon Bush,Miami (FL),72.375,199,36.0,123.0,17.0,,,1.62,2.7,4.64,2016,FS,deon bush,
Kavon Frazier,Central Michigan,71.875,217,,,18.0,,,,,,2016,FS,kavon frazier,
T.J. Green,Clemson,74.5,209,35.5,129.0,13.0,,,1.52,2.52,4.34,2016,FS,t j green,
Deiondre Hall,Northern Iowa,73.625,199,37.0,127.0,,4.06,7.07,1.71,2.78,4.68,2016,FS,deiondre hall,
DeAndre Houston-Carson,William & Mary,72.75,201,32.5,115.0,13.0,4.28,7.15,1.55,2.62,4.54,2016,FS,deandre houston carson,
Jordan Lomax,Iowa,69.875,202,36.0,120.0,8.0,4.15,7.18,1.68,2.77,4.75,2016,FS,jordan lomax,
Tyvis Powell,Ohio State,74.75,211,34.5,120.0,15.0,4.25,7.03,1.59,2.62,4.46,2016,FS,tyvis powell,
Jalen Ramsey,Florida State,73.25,209,41.5,135.0,14.0,4.18,6.94,1.51,2.57,4.41,2016,FS,jalen ramsey,
Justin Simmons,Boston College,74.375,202,40.0,126.0,16.0,3.85,6.58,1.6,2.67,4.61,2016,FS,justin simmons,
A.J. Stamps,Kentucky,70.875,193,33.0,115.0,15.0,4.25,7.17,1.77,2.86,4.79,2016,FS,a j stamps,
Darian Thompson,Boise State,73.875,208,32.5,118.0,12.0,4.33,7.26,1.66,2.74,4.69,2016,FS,darian thompson,
Budda Baker,Washington,69.625,195,32.5,114.0,15.0,4.08,6.76,1.56,2.59,4.45,2017,FS,budda baker,
Chuck Clark,Virginia Tech,71.625,208,34.0,122.0,16.0,4.07,6.85,1.56,2.63,4.54,2017,FS,chuck clark,
Johnathan Ford,Auburn,71.125,205,,,20.0,,,,,,2017,FS,johnathan ford,
Delano Hill,Michigan,72.625,216,33.5,114.0,17.0,4.27,6.96,1.58,2.62,4.47,2017,FS,delano hill,
Malik Hooker,Ohio State,73.375,206,,,,,,,,,2017,FS,malik hooker,
Rayshawn Jenkins,Miami (FL),73.25,214,37.0,127.0,19.0,,,1.59,2.61,4.51,2017,FS,rayshawn jenkins,
John Johnson,Boston College,72.625,205,37.0,117.0,14.0,4.18,6.72,1.58,2.66,4.61,2017,FS,john johnson,
Desmond King,Iowa,70.25,201,34.0,116.0,14.0,4.18,6.67,,,,2017,FS,desmond king,
Marcus Maye,Florida,71.625,207,,,,,,,,,2017,FS,marcus maye,
Michael Tyson,Cincinnati,72.875,204,33.0,116.0,17.0,,,1.58,2.63,4.52,2017,FS,michael tyson,
Marcus Williams,Utah,72.75,202,43.5,128.0,14.0,4.2,6.85,1.61,2.68,4.56,2017,FS,marcus williams,
Troy Apke,Penn State,73.25,200,41.0,131.0,16.0,4.03,6.56,1.48,2.52,4.34,2018,FS,troy apke,
Jessie Bates III,Wake Forest,73.125,200,35.5,117.0,,4.26,6.78,1.58,2.63,4.5,2018,FS,jessie bates,
Quin Blanding,Virginia,74.0,207,31.5,122.0,,,,1.55,2.65,4.63,2018,FS,quin blanding,
Sean Chandler,Temple,70.5,205,34.5,119.0,16.0,4.62,,1.6,2.69,4.65,2018,FS,sean chandler,
Rashaan Gaulden,Tennessee,72.75,197,30.0,119.0,8.0,4.33,7.16,1.62,2.69,4.61,2018,FS,rashaan gaulden,
Godwin Igwebuike,Northwestern,71.375,213,35.5,128.0,19.0,4.12,6.56,1.57,2.6,4.44,2018,FS,godwin igwebuike,
Natrell Jamerson,Wisconsin,70.625,201,35.5,120.0,25.0,,,1.53,2.56,4.4,2018,FS,natrell jamerson,
Joshua Kalu,Nebraska,72.25,203,41.5,134.0,17.0,,,1.6,2.64,4.58,2018,FS,joshua kalu,
Kameron Kelly,San Diego State,73.625,204,33.0,120.0,9.0,4.28,6.94,1.64,2.72,4.66,2018,FS,kameron kelly,
Justin Reid,Stanford,72.5,207,36.5,128.0,16.0,4.15,6.65,1.52,2.55,4.4,2018,FS,justin reid,
Stephen Roberts,Auburn,71.25,186,34.0,121.0,,,,1.58,2.62,4.53,2018,FS,stephen roberts,
Dominick Sanders,Georgia,71.25,193,,,14.0,,,,,,2018,FS,dominick sanders,
Van Smith,Clemson,70.875,186,29.5,,,,,1.62,2.7,4.61,2018,FS,van smith,
Armani Watts,Texas AM,70.5,202,35.0,120.0,13.0,4.37,7.25,,,,2018,FS,armani watts,
Jordan Whitehead,Pittsburgh,70.375,198,,,21.0,,,,,,2018,FS,jordan whitehead,
Nasir Adderley,Delaware,71.75,203,,,,,,,,,2019,FS,nasir adderley,
John Battle,LSU,72.5,201,29.5,120.0,,4.33,7.09,1.66,2.73,4.67,2019,FS,john battle,
Marquise Blair,Utah,73.25,196,35.0,125.0,,,,1.55,2.63,4.48,2019,FS,marquise blair,
Lukas Denis,Boston College,71.25,190,33.5,116.0,16.0,4.09,6.89,1.63,2.71,4.64,2019,FS,lukas denis,
Mike Edwards,Kentucky,70.5,206,,,,,,,,,2019,FS,mike edwards,
Chauncey Gardner-Johnson,Florida,70.875,206,36.0,117.0,17.0,4.2,7.03,1.58,2.62,4.48,2019,FS,chauncey gardner johnson,
Saquan Hampton,Rutgers,73.375,206,,125.0,14.0,,,1.58,2.61,4.48,2019,FS,saquan hampton,
Sheldrick Redwine,Miami (FL),72.0,196,39.0,130.0,,4.14,,1.53,2.56,4.44,2019,FS,sheldrick redwine,
Darnell Savage Jr.,Maryland,70.75,198,39.5,126.0,11.0,4.14,7.03,1.56,2.58,4.36,2019,FS,darnell savage,
Marvell Tell III,Southern California,74.0,198,42.0,136.0,,4.01,6.63,,,,2019,FS,marvell tell,
Deionte Thompson,Alabama,73.0,194,,,,,,,,,2019,FS,deionte thompson,
Grayland Arnold,Baylor,69.125,186,33.0,120.0,12.0,4.3,7.01,1.63,2.71,4.59,2020,FS,grayland arnold,
Julian Blackmon,Utah,71.75,187,,,,,,,,,2020,FS,julian blackmon,
Shyheim Carter,Alabama,70.5,194,,,,,,,,,2020,FS,shyheim carter,
Ashtyn Davis,California,72.875,202,,,14.0,,,,,,2020,FS,ashtyn davis,
Jordan Fuller,Ohio State,73.875,203,35.5,122.0,,4.27,,1.64,2.75,4.67,2020,FS,jordan fuller,
Alohi Gilman,Notre Dame,70.5,201,32.0,119.0,17.0,4.08,6.81,1.67,2.77,4.6,2020,FS,alohi gilman,
Brandon Jones,Texas,71.125,198,,,,,,,,,2020,FS,brandon jones,
Xavier McKinney,Alabama,72.375,201,36.0,122.0,19.0,,,1.65,2.72,4.63,2020,FS,xavier mckinney,
Chris Miller,Baylor,71.25,190,35.5,133.0,12.0,4.12,7.09,1.58,2.66,4.61,2020,FS,chris miller,
J.R. Reed,Georgia,72.75,202,34.0,130.0,15.0,,,1.57,2.63,4.54,2020,FS,j r reed,
LJarius Sneed,Louisiana Tech,72.5,192,41.0,131.0,12.0,,,1.56,2.56,4.37,2020,FS,ljarius sneed,
KVon Wallace,Clemson,71.0,206,38.0,133.0,18.0,4.15,6.76,1.57,2.62,4.53,2020,FS,kvon wallace,
Antoine Winfield Jr.,Minnesota,69.125,203,36.0,124.0,,,,1.58,2.62,4.45,2020,FS,antoine winfield,
Curry Burns,Louisville,72.375,216,36.0,120.0,19.0,4.16,7.04,1.59,2.64,4.56,2003,SS,curry burns,
Mike Doss,Ohio State,70.125,207,,,,,,,,,2003,SS,mike doss,
Cato June,Michigan,72.125,218,35.0,113.0,,,,1.63,2.7,4.6,2003,SS,cato june,
Terrence Kiel,Texas AM,71.125,204,38.0,127.0,16.0,3.96,6.88,1.57,2.63,4.5,2003,SS,terrence kiel,
Norman LeJeune,LSU,72.375,200,33.5,115.0,11.0,4.21,7.42,1.63,2.76,4.67,2003,SS,norman lejeune,
Troy Polamalu,Southern California,70.125,206,,,,,,,,,2003,SS,troy polamalu,
Gerome Sapp,Notre Dame,72.125,216,36.5,112.0,,4.3,7.13,1.65,2.77,4.66,2003,SS,gerome sapp,
Bryan Scott,Penn State,73.0,219,,,13.0,,,,,,2003,SS,bryan scott,
Thomas Wright,Michigan State,73.375,201,36.0,114.0,13.0,4.41,7.42,1.72,2.85,4.86,2003,SS,thomas wright,
Tony Bua,Arkansas,71.25,209,36.0,120.0,15.0,4.08,6.75,1.55,2.68,4.65,2004,SS,tony bua,
Glenn Earl,Notre Dame,73.125,222,,,20.0,,,,,,2004,SS,glenn earl,
Arnold Parker,Utah,73.875,213,35.5,120.0,18.0,4.12,6.98,1.59,2.65,4.5,2004,SS,arnold parker,
Bob Sanders,Iowa,68.375,204,41.5,128.0,15.0,3.91,6.7,1.54,2.54,4.4,2004,SS,bob sanders,
Guss Scott,Florida,70.375,204,39.0,124.0,20.0,,,1.63,2.63,4.5,2004,SS,guss scott,
Virgil Williams,Washington State,72.875,196,,,11.0,,,1.54,2.65,4.53,2004,SS,virgil williams,
Gibril Wilson,Tennessee,72.125,197,,120.0,15.0,,,,,,2004,SS,gibril wilson,
Marcus Winn,Alabama State,72.25,223,,,21.0,,,1.68,2.79,4.83,2004,SS,marcus winn,
Hamza Abdullah,Washington State,74.0,214,39.0,114.0,18.0,,6.96,1.63,2.73,4.62,2005,SS,hamza abdullah,
Atari Bigby,Central Florida,70.75,214,35.0,112.0,19.0,4.1,7.0,,,,2005,SS,atari bigby,
Jamaal Brimmer,UNLV,73.375,216,32.0,113.0,16.0,4.63,7.78,1.76,2.87,4.91,2005,SS,jamaal brimmer,
Jerome Carter,Florida State,71.375,220,35.0,121.0,21.0,4.04,7.18,1.65,2.69,4.55,2005,SS,jerome carter,
Atcheson Conway,Bowie State,70.375,219,32.0,108.0,14.0,4.1,7.38,1.79,2.93,4.97,2005,SS,atcheson conway,
Diamond Ferri,Syracuse,70.125,223,35.5,111.0,20.0,4.14,7.15,1.62,2.71,4.63,2005,SS,diamond ferri,
Matt Grootegoed,Southern California,70.75,218,31.5,111.0,22.0,4.26,7.17,,,,2005,SS,matt grootegoed,
Terry Holley,Rice,73.25,211,37.0,115.0,24.0,,,1.61,2.73,4.7,2005,SS,terry holley,
Andre Maddox,North Carolina State,72.625,205,36.5,127.0,17.0,,7.33,1.59,2.65,4.53,2005,SS,andre maddox,
Donte Nicholson,Oklahoma,73.5,212,,,18.0,,,,,,2005,SS,donte nicholson,
Ernest Shazor,Michigan,75.625,228,,,,,,,,,2005,SS,ernest shazor,
Marquis Weeks,Virginia,70.5,216,36.5,120.0,23.0,3.89,7.46,1.64,2.73,4.65,2005,SS,marquis weeks,
Willie Andrews,Baylor,69.375,193,36.5,124.0,7.0,4.27,6.99,1.54,2.57,4.38,2006,SS,willie andrews,
Darnell Bing,Southern California,74.0,227,34.0,120.0,17.0,4.07,7.25,,,,2006,SS,darnell bing,
Daniel Bullocks,Nebraska,72.5,212,38.0,124.0,18.0,4.16,6.91,1.5,2.57,4.41,2006,SS,daniel bullocks,
Chris Harrell,Penn State,72.375,209,40.5,119.0,15.0,4.12,7.02,1.62,2.74,4.75,2006,SS,chris harrell,
Jarvis Herring,Florida,71.125,207,36.5,116.0,15.0,4.23,7.34,1.75,2.88,4.89,2006,SS,jarvis herring,
Michael Huff,Texas,72.0,204,40.5,125.0,21.0,,,1.51,2.56,4.35,2006,SS,michael huff,
Dawan Landry,Georgia Tech,72.875,220,37.5,124.0,18.0,4.27,,1.61,2.73,4.7,2006,SS,dawan landry,
Calvin Lowry,Penn State,71.0,200,36.0,120.0,15.0,4.2,7.16,1.56,2.6,4.49,2006,SS,calvin lowry,
Vincent Meeks,Texas Tech,70.625,210,33.0,112.0,11.0,,,1.72,2.87,4.92,2006,SS,vincent meeks,
Jarrad Page,UCLA,72.375,239,38.0,127.0,,4.14,6.68,1.58,2.7,4.65,2006,SS,jarrad page,
Charlie Peprah,Alabama,70.875,206,37.5,119.0,15.0,4.09,6.81,1.64,2.74,4.68,2006,SS,charlie peprah,
Bernard Pollard,Purdue,73.625,224,36.5,131.0,,,,1.58,2.67,4.59,2006,SS,bernard pollard,
Eric Smith,Michigan State,73.0,209,40.0,127.0,21.0,4.1,6.89,1.64,2.64,4.67,2006,SS,eric smith,
Scott Ware,Southern California,73.125,218,37.0,115.0,15.0,4.25,7.05,1.57,2.7,4.72,2006,SS,scott ware,
Donte Whitner,Ohio State,70.125,204,40.0,132.0,18.0,,,1.56,2.61,4.45,2006,SS,donte whitner,
Craig Dahl,North Dakota State,73.625,216,35.0,122.0,17.0,4.26,6.69,1.6,2.65,4.59,2007,SS,craig dahl,
Jessie Daniels,LSU,70.875,216,,,25.0,,,,,,2007,SS,jessie daniels,
Eric Frampton,Washington State,71.0,204,34.5,122.0,10.0,4.17,6.84,1.63,2.69,4.67,2007,SS,eric frampton,
Michael Griffin,Texas,71.75,202,36.0,120.0,16.0,4.1,6.6,1.6,2.63,4.47,2007,SS,michael griffin,
Brandon Harrison,Stanford,73.875,227,,,23.0,,,,,,2007,SS,brandon harrison,
Michael Johnson,Arizona,74.625,205,33.0,114.0,15.0,4.32,7.04,1.62,2.7,4.66,2007,SS,michael johnson,
Chad Nkang,Elon,71.5,220,36.5,118.0,23.0,4.34,7.1,1.62,2.67,4.55,2007,SS,chad nkang,
Sabby Piscitelli,Oregon State,74.75,224,34.5,122.0,19.0,3.9,6.84,1.59,2.64,4.52,2007,SS,sabby piscitelli,
Aaron Rouse,Virginia Tech,76.0,223,35.0,,16.0,,,1.59,2.64,4.55,2007,SS,aaron rouse,
Daren Stone,Maine,75.25,218,39.0,132.0,13.0,4.44,7.13,1.64,2.71,4.63,2007,SS,daren stone,
Eric Weddle,Utah,71.25,203,33.5,113.0,11.0,4.12,6.78,1.58,2.64,4.56,2007,SS,eric weddle,
Jamar Adams,Michigan,74.0,212,34.0,121.0,,4.49,6.9,1.56,2.67,4.62,2008,SS,jamar adams,
Josh Barrett,Arizona State,73.75,223,31.5,121.0,17.0,4.27,7.07,1.52,2.51,4.35,2008,SS,josh barrett,
Brian Bonner,Texas Christian,70.875,196,31.0,113.0,17.0,4.43,7.21,1.52,2.62,4.61,2008,SS,brian bonner,
Caleb Campbell,Army,73.75,229,,,24.0,,,1.58,2.64,4.57,2008,SS,caleb campbell,
Chris Horton,UCLA,72.125,212,28.5,109.0,14.0,4.35,7.34,1.56,2.63,4.54,2008,SS,chris horton,
Tyrell Johnson,Arkansas State,71.875,207,32.0,127.0,27.0,,,1.49,2.52,4.41,2008,SS,tyrell johnson,
Jamie Silva,Boston College,70.75,204,31.5,112.0,,,,1.59,2.7,4.78,2008,SS,jamie silva,
Craig Steltz,LSU,73.375,213,,,,,,,,,2008,SS,craig steltz,
D.J. Wolfe,Oklahoma,71.125,207,28.0,112.0,,4.32,7.02,1.57,2.64,4.64,2008,SS,d j wolfe,
Tom Zbikowski,Notre Dame,71.25,211,,,24.0,,,1.49,2.55,4.44,2008,SS,tom zbikowski,
Patrick Chung,Oregon,71.25,212,34.0,119.0,25.0,,,1.56,2.61,4.57,2009,SS,patrick chung,
Emanuel Cook,South Carolina,69.75,197,35.0,116.0,18.0,,,1.62,2.71,4.71,2009,SS,emanuel cook,
Courtney Greene,Rutgers,72.25,212,34.5,116.0,21.0,4.16,7.35,1.65,2.71,4.65,2009,SS,courtney greene,
Michael Hamlin,Clemson,74.0,214,37.5,117.0,17.0,4.42,7.14,1.64,2.72,4.67,2009,SS,michael hamlin,
William Moore,Missouri,72.125,221,37.0,123.0,16.0,4.26,6.81,1.62,2.71,4.62,2009,SS,william moore,
Jamarca Sanford,Mississippi,69.875,214,33.5,116.0,29.0,4.2,7.02,1.61,2.68,4.62,2009,SS,jamarca sanford,
Chip Vaughn,Wake Forest,73.375,221,37.0,125.0,21.0,4.12,7.03,1.58,2.63,4.51,2009,SS,chip vaughn,
Otis Wiley,Michigan State,73.0,213,,,,,,,,,2009,SS,otis wiley,
Lucien Antoine,Oklahoma State,72.5,215,32.0,120.0,28.0,4.47,7.38,1.69,2.78,4.77,2010,SS,lucien antoine,
Larry Asante,Nebraska,72.0,212,37.5,118.0,14.0,4.17,7.0,1.66,2.83,4.79,2010,SS,larry asante,
Barry Church,Toledo,73.5,222,36.0,121.0,19.0,4.17,6.65,1.64,2.75,4.72,2010,SS,barry church,
Harry Coleman,LSU,73.5,211,33.0,115.0,13.0,4.42,7.24,1.65,2.71,4.65,2010,SS,harry coleman,
Kurt Coleman,Ohio State,70.25,192,,,19.0,,,,,,2010,SS,kurt coleman,
Cody Grimm,Virginia Tech,70.875,203,35.5,117.0,11.0,,6.58,1.6,2.7,4.64,2010,SS,cody grimm,
Chad Jones,LSU,74.125,221,36.0,115.0,9.0,4.14,6.83,1.64,2.74,4.65,2010,SS,chad jones,
Reshad Jones,Georgia,73.25,214,39.5,118.0,24.0,4.54,7.43,1.6,2.7,4.58,2010,SS,reshad jones,
Kyle McCarthy,Notre Dame,72.0,205,34.0,117.0,24.0,4.13,6.74,1.63,2.74,4.71,2010,SS,kyle mccarthy,
Myron Rolle,Florida State,73.875,215,36.0,124.0,21.0,4.15,6.94,1.69,2.78,4.76,2010,SS,myron rolle,
Darian Stewart,South Carolina,71.0,213,37.0,122.0,12.0,4.32,,1.6,2.68,4.55,2010,SS,darian stewart,
Darrell Stuckey,Kansas,71.5,205,39.5,120.0,17.0,,,1.6,2.65,4.51,2010,SS,darrell stuckey,
T.J. Ward,Oregon,70.5,211,34.0,121.0,19.0,,,1.67,2.75,4.68,2010,SS,t j ward,
Justin Woodall,Alabama,73.25,223,34.0,118.0,13.0,4.17,6.88,1.61,2.71,4.66,2010,SS,justin woodall,
Ahmad Black,Florida,69.5,184,35.5,119.0,18.0,4.2,6.85,1.68,2.72,4.77,2011,SS,ahmad black,
DeJon Gomes,Nebraska,71.5,208,31.0,110.0,13.0,,,1.61,2.67,4.56,2011,SS,dejon gomes,
Jermale Hines,Ohio State,73.125,219,31.0,,19.0,4.21,6.9,1.7,2.77,4.72,2011,SS,jermale hines,
Jeron Johnson,Boise State,70.25,212,,,23.0,,,1.64,2.69,4.61,2011,SS,jeron johnson,
Shiloh Keo,Idaho,71.25,219,32.5,110.0,24.0,3.9,6.55,1.67,2.75,4.76,2011,SS,shiloh keo,
Joe Lefeged,Rutgers,71.625,210,36.5,122.0,18.0,4.13,6.82,1.54,2.59,4.44,2011,SS,joe lefeged,
DeAndre McDaniel,Clemson,72.125,217,35.0,116.0,,,,1.63,2.72,4.69,2011,SS,deandre mcdaniel,
Tyler Sash,Iowa,72.0,211,33.0,108.0,11.0,4.27,6.9,1.64,2.74,4.71,2011,SS,tyler sash,
DaNorris Searcy,North Carolina,70.625,223,33.0,120.0,27.0,4.09,6.87,1.65,2.7,4.64,2011,SS,danorris searcy,
David Sims,Iowa State,69.25,200,37.5,120.0,24.0,4.28,,1.63,2.69,4.6,2011,SS,david sims,
Nate Williams,Washington,72.0,211,30.5,114.0,17.0,4.15,6.98,1.69,2.79,4.78,2011,SS,nate williams,
Antonio Allen,South Carolina,73.5,210,34.0,118.0,17.0,4.25,7.02,1.66,2.72,4.67,2012,SS,antonio allen,
Mark Barron,Alabama,73.0,213,,,,,,,,,2012,SS,mark barron,
Sean Cattouse,California,74.125,211,34.0,114.0,,4.15,6.99,1.65,2.71,4.74,2012,SS,sean cattouse,
Winston Guy,Kentucky,72.875,218,,,,,,1.65,2.73,4.7,2012,SS,winston guy,
Delano Howell,Stanford,70.875,210,33.0,120.0,21.0,4.15,6.97,1.64,2.7,4.65,2012,SS,delano howell,
Duke Ihenacho,San Jose State,72.125,213,35.0,122.0,20.0,4.22,6.78,1.62,2.7,4.68,2012,SS,duke ihenacho,
Kelcie McCray,Arkansas State,73.75,202,30.5,122.0,12.0,4.29,7.0,1.64,2.67,4.54,2012,SS,kelcie mccray,
Jerron McMillian,Maine,71.125,203,36.5,120.0,17.0,4.22,6.69,1.59,2.65,4.56,2012,SS,jerron mcmillian,
Charles Mitchell,Mississippi State,70.75,202,37.0,127.0,19.0,4.22,6.93,1.6,2.71,4.63,2012,SS,charles mitchell,
Eddie Pleasant,Oregon,70.125,211,33.5,116.0,22.0,4.28,7.12,1.68,2.74,4.63,2012,SS,eddie pleasant,
Cyhl Quarles,Wake Forest,73.5,213,32.5,119.0,19.0,4.32,7.21,1.64,2.75,4.62,2012,SS,cyhl quarles,
Sean Richardson,Vanderbilt,74.5,216,38.5,128.0,22.0,4.44,7.01,1.59,2.66,4.52,2012,SS,sean richardson,
Harrison Smith,Notre Dame,73.875,213,34.0,122.0,19.0,4.12,6.63,1.56,2.66,4.57,2012,SS,harrison smith,
Brandon Taylor,LSU,71.25,209,33.5,118.0,,4.37,7.32,1.6,2.74,4.58,2012,SS,brandon taylor,
Johnny Thomas,Oklahoma State,70.375,206,35.5,123.0,20.0,4.25,7.01,1.66,2.76,4.63,2012,SS,johnny thomas,
Corey White,Samford,71.5,206,37.5,126.0,15.0,4.22,6.72,1.59,2.68,4.55,2012,SS,corey white,
Jonathan Cyprien,Florida International,72.25,217,38.5,,,,,,,,2013,SS,jonathan cyprien,
Matt Elam,Florida,69.875,208,35.5,118.0,17.0,,,1.64,2.67,4.54,2013,SS,matt elam,
Keelan Johnson,Arizona State,71.625,209,36.5,125.0,12.0,4.07,6.77,1.61,2.68,4.54,2013,SS,keelan johnson,
Robert Lester,Alabama,73.25,220,33.5,117.0,,,,1.61,2.69,4.66,2013,SS,robert lester,
Zeke Motta,Notre Dame,74.25,213,35.5,126.0,11.0,4.16,6.75,1.67,2.81,4.83,2013,SS,zeke motta,
Jamoris Slaughter,Notre Dame,71.75,195,,,,,,,,,2013,SS,jamoris slaughter,
Jawanza Starling,Southern California,72.75,202,36.0,122.0,17.0,4.34,6.68,1.61,2.69,4.64,2013,SS,jawanza starling,
Shamarko Thomas,Syracuse,68.875,213,40.5,133.0,28.0,4.26,,1.55,2.6,4.42,2013,SS,shamarko thomas,
J.J. Wilcox,Georgia Southern,72.0,213,35.0,124.0,17.0,4.09,7.02,1.57,2.65,4.57,2013,SS,j j wilcox,
Duke Williams,Nevada,71.0,203,37.5,126.0,13.0,4.0,,1.58,2.63,4.52,2013,SS,duke williams,
Shawn Williams,Georgia,71.875,213,36.0,120.0,25.0,4.25,7.01,1.54,2.61,4.46,2013,SS,shawn williams,
Earl Wolff,North Carolina State,71.25,209,39.0,134.0,,4.07,,1.51,2.57,4.44,2013,SS,earl wolff,
Mo Alexander,Utah State,73.25,220,38.0,123.0,,4.51,7.05,1.56,2.66,4.54,2014,SS,mo alexander,
Nat Berhe,San Diego State,70.5,193,35.5,117.0,15.0,4.22,7.08,1.63,2.74,4.71,2014,SS,nat berhe,
Tre Boston,North Carolina,71.625,204,35.0,116.0,18.0,4.31,7.04,1.6,2.69,4.59,2014,SS,tre boston,
Deone Bucannon,Washington State,73.0,211,36.5,125.0,19.0,4.26,6.96,1.54,2.6,4.49,2014,SS,deone bucannon,
Ahmad Dixon,Baylor,72.0,212,32.0,111.0,14.0,4.5,7.55,1.64,2.72,4.64,2014,SS,ahmad dixon,
Isaiah Lewis,Michigan State,69.875,211,36.5,122.0,15.0,4.47,7.05,1.59,2.67,4.6,2014,SS,isaiah lewis,
Craig Loston,LSU,72.625,217,32.5,119.0,12.0,4.35,7.15,1.6,2.7,4.65,2014,SS,craig loston,
Daniel Sorensen,Brigham Young,73.375,205,32.0,114.0,13.0,3.95,6.47,1.6,2.69,4.67,2014,SS,daniel sorensen,
Dezmen Southward,Wisconsin,72.25,211,,,,,,,,,2014,SS,dezmen southward,
Vinnie Sunseri,Alabama,71.125,210,,,18.0,,,,,,2014,SS,vinnie sunseri,
Brock Vereen,Minnesota,71.625,199,34.0,117.0,25.0,4.07,6.9,1.58,2.63,4.47,2014,SS,brock vereen,
Jimmie Ward,Northern Illinois,70.625,193,,,9.0,,,,,,2014,SS,jimmie ward,
Ibraheim Campbell,Northwestern,71.375,208,,,23.0,,,,,,2015,SS,ibraheim campbell,
Landon Collins,Alabama,72.0,228,35.0,120.0,,4.33,7.38,1.57,2.64,4.53,2015,SS,landon collins,
Clayton Geathers,Central Florida,73.625,218,37.0,120.0,22.0,4.27,7.21,1.58,2.63,4.55,2015,SS,clayton geathers,
Kyshoen Jarrett,Virginia Tech,69.875,200,33.0,109.0,21.0,4.4,6.95,1.59,2.65,4.57,2015,SS,kyshoen jarrett,
Anthony Jefferson,UCLA,72.875,198,33.5,116.0,15.0,4.15,7.18,1.6,2.7,4.72,2015,SS,anthony jefferson,
Jordan Richards,Stanford,70.75,211,32.0,111.0,13.0,4.22,6.74,1.62,2.72,4.65,2015,SS,jordan richards,
James Sample,Louisville,74.125,209,32.5,123.0,,,7.04,1.59,2.66,4.56,2015,SS,james sample,
Jaquiski Tartt,Samford,73.375,221,,124.0,,,,1.61,2.67,4.53,2015,SS,jaquiski tartt,
Vonn Bell,Ohio State,70.75,199,,,16.0,,,,,,2016,SS,vonn bell,
Lamarcus Brutus,Florida State,71.625,206,33.0,114.0,14.0,4.33,7.08,1.69,2.79,4.76,2016,SS,lamarcus brutus,
Tevin Carter,Utah,73.25,218,,,19.0,,,,,,2016,SS,tevin carter,
Jeremy Cash,Duke,72.375,212,,,,,,,,,2016,SS,jeremy cash,
KJ Dillon,West Virginia,72.375,210,,121.0,11.0,,,1.58,2.64,4.53,2016,SS,kj dillon,
Karl Joseph,West Virginia,69.625,205,,,,,,,,,2016,SS,karl joseph,
Jayron Kearse,Clemson,76.0,216,31.5,124.0,16.0,,7.06,1.62,2.69,4.62,2016,SS,jayron kearse,
Miles Killebrew,Southern Utah,73.875,217,38.0,127.0,22.0,4.18,6.93,1.65,2.71,4.65,2016,SS,miles killebrew,
Derrick Kindred,Texas Christian,70.0,207,37.5,123.0,,4.29,7.05,1.57,2.62,4.5,2016,SS,derrick kindred,
Jordan Lucas,Penn State,71.625,201,,,,,,,,,2016,SS,jordan lucas,
Keanu Neal,Florida,72.5,211,38.0,132.0,17.0,4.38,7.09,1.62,2.69,4.62,2016,SS,keanu neal,
Elijah Shumate,Notre Dame,71.75,216,33.0,119.0,18.0,4.51,,1.62,2.69,4.58,2016,SS,elijah shumate,
Jamal Adams,LSU,71.625,214,31.5,120.0,18.0,4.13,6.96,1.6,2.67,4.56,2017,SS,jamal adams,
Jamal Carter,Miami (FL),72.625,218,35.0,122.0,19.0,,,1.61,2.71,4.64,2017,SS,jamal carter,
Justin Evans,Texas AM,72.0,199,,,14.0,,,,,,2017,SS,justin evans,
Nate Gerry,Nebraska,73.875,218,30.5,122.0,17.0,,,1.61,2.67,4.58,2017,SS,nate gerry,
Josh Harvey-Clemons,Louisville,76.125,217,31.5,121.0,12.0,,,,,,2017,SS,josh harvey clemons,
Eddie Jackson,Alabama,72.0,201,,,10.0,,,,,,2017,SS,eddie jackson,
Lorenzo Jerome,Saint Francis (PA),70.5,204,,,11.0,4.68,7.63,1.67,2.74,4.7,2017,SS,lorenzo jerome,
Jadar Johnson,Clemson,72.5,206,33.0,117.0,19.0,4.2,6.9,1.62,2.69,4.6,2017,SS,jadar johnson,
Josh Jones,North Carolina State,73.25,220,37.5,132.0,20.0,,,1.58,2.61,4.41,2017,SS,josh jones,
Shalom Luani,Washington State,71.375,202,31.0,115.0,12.0,4.21,6.87,1.58,2.65,4.55,2017,SS,shalom luani,
Obi Melifonwu,Connecticut,76.0,224,44.0,140.0,17.0,,,1.51,2.55,4.4,2017,SS,obi melifonwu,
Montae Nicholson,Michigan State,73.625,212,35.0,124.0,,,,1.55,2.6,4.42,2017,SS,montae nicholson,
Jabrill Peppers,Michigan,71.375,213,35.5,127.0,19.0,,,1.54,2.62,4.46,2017,SS,jabrill peppers,
Tedric Thompson,Colorado,71.75,204,32.5,116.0,17.0,4.36,7.11,1.63,2.68,4.6,2017,SS,tedric thompson,
Damarius Travis,Minnesota,72.75,206,32.5,114.0,13.0,4.28,7.08,,,,2017,SS,damarius travis,
Xavier Woods,Louisiana Tech,70.75,197,33.5,122.0,19.0,4.13,6.72,1.59,2.65,4.54,2017,SS,xavier woods,
Marcus Allen,Penn State,74.125,215,37.0,127.0,15.0,4.32,,,,,2018,SS,marcus allen,
Dane Cruikshank,Arizona,73.25,209,38.5,121.0,25.0,4.24,6.89,1.55,2.59,4.41,2018,SS,dane cruikshank,
Terrell Edmunds,Virginia Tech,72.5,217,41.5,134.0,,,,1.58,2.64,4.47,2018,SS,terrell edmunds,
DeShon Elliott,Texas,72.875,210,36.0,121.0,15.0,,,1.59,2.69,4.58,2018,SS,deshon elliott,
Tre Flowers,Oklahoma State,75.25,202,34.5,122.0,18.0,,,1.53,2.58,4.45,2018,SS,tre flowers,
Marcell Harris,Florida,72.5,216,,,16.0,,,,,,2018,SS,marcell harris,
Ronnie Harrison,Alabama,74.0,207,34.0,120.0,,,,,,,2018,SS,ronnie harrison,
Derwin James,Florida State,73.75,215,40.0,132.0,21.0,,,1.55,2.59,4.47,2018,SS,derwin james,
Siran Neal,Jacksonville State,72.0,206,40.5,122.0,17.0,4.28,7.0,1.62,2.67,4.56,2018,SS,siran neal,
Max Redfield,Indiana (PA),73.0,199,,,15.0,,,1.7,2.81,4.69,2018,SS,max redfield,
Tracy Walker,Louisiana,72.875,206,33.0,119.0,14.0,4.28,7.0,1.56,2.64,4.51,2018,SS,tracy walker,
Damon Webb,Ohio State,70.75,209,,,17.0,,,1.62,2.68,4.62,2018,SS,damon webb,
Kyzir White,West Virginia,73.875,218,35.5,113.0,21.0,,,,,,2018,SS,kyzir white,
Johnathan Abram,Mississippi State,71.375,205,33.5,116.0,16.0,,,1.56,2.6,4.44,2019,SS,johnathan abram,
Mike Bell,Fresno State,74.75,203,30.0,118.0,10.0,4.46,7.1,1.69,2.83,4.83,2019,SS,mike bell,
Jonathan Crawford,Indiana,73.25,192,31.5,115.0,16.0,,,,,,2019,SS,jonathan crawford,
DCota Dixon,Wisconsin,69.625,204,33.5,119.0,20.0,,,1.66,2.76,4.81,2019,SS,dcota dixon,
Malik Gant,Marshall,71.625,209,34.5,114.0,17.0,4.3,7.45,1.61,2.7,4.63,2019,SS,malik gant,
Will Harris,Boston College,73.0,207,36.5,123.0,20.0,4.12,6.91,1.54,2.59,4.41,2019,SS,will harris,
Amani Hooker,Iowa,71.625,210,37.0,123.0,14.0,4.1,6.81,1.54,2.6,4.48,2019,SS,amani hooker,
Jaquan Johnson,Miami (FL),70.125,191,33.0,121.0,18.0,,,1.63,2.69,4.69,2019,SS,jaquan johnson,
Mark McLaurin,Mississippi State,73.5,212,36.0,,12.0,4.46,,1.68,2.78,4.77,2019,SS,mark mclaurin,
Taylor Rapp,Washington,72.125,207,35.0,115.0,17.0,3.99,6.82,,,,2019,SS,taylor rapp,
Juan Thornhill,Virginia,72.25,205,44.0,141.0,21.0,,,1.57,2.6,4.42,2019,SS,juan thornhill,
Darius West,Kentucky,71.125,206,33.5,113.0,19.0,,,1.52,2.61,4.39,2019,SS,darius west,
Khari Willis,Michigan State,70.875,213,34.5,118.0,22.0,,,1.64,2.68,4.55,2019,SS,khari willis,
Donovan Wilson,Texas AM,72.0,199,36.0,127.0,18.0,,,,,,2019,SS,donovan wilson,
Andrew Wingard,Wyoming,72.125,209,36.5,121.0,9.0,4.2,7.08,1.57,2.65,4.56,2019,SS,andrew wingard,
Zedrick Woods,Mississippi,71.0,205,34.5,122.0,19.0,4.15,7.0,1.51,2.51,4.29,2019,SS,zedrick woods,
Evan Worthington,Colorado,73.875,212,33.5,121.0,17.0,4.37,7.07,1.65,2.73,4.63,2019,SS,evan worthington,
Antoine Brooks Jr.,Maryland,70.625,220,34.5,,18.0,,,1.61,2.7,4.64,2020,SS,antoine brooks,
Terrell Burgess,Utah,71.375,202,33.5,122.0,20.0,,,1.58,2.6,4.46,2020,SS,terrell burgess,
Rodney Clemons,Southern Methodist,71.625,209,33.5,118.0,21.0,,,1.65,2.75,4.71,2020,SS,rodney clemons,
Kamren Curl,Arkansas,73.375,206,34.5,125.0,24.0,,,1.59,2.68,4.6,2020,SS,kamren curl,
Grant Delpit,LSU,74.5,213,,,,,,,,,2020,SS,grant delpit,
Kyle Dugger,Lenoir-Rhyne,72.875,217,42.0,134.0,17.0,,,1.61,2.65,4.49,2020,SS,kyle dugger,
Jalen Elliott,Notre Dame,72.375,205,34.0,125.0,15.0,4.3,6.87,1.67,2.79,4.8,2020,SS,jalen elliott,
Jaylinn Hawkins,California,72.625,208,35.5,117.0,,,,,,,2020,SS,jaylinn hawkins,
Josh Metellus,Michigan,71.0,209,36.5,124.0,20.0,4.4,6.94,1.6,2.66,4.55,2020,SS,josh metellus,
Geno Stone,Iowa,70.375,207,33.5,116.0,12.0,,,1.59,2.64,4.62,2020,SS,geno stone,
Daniel Thomas,Auburn,70.0,215,37.0,125.0,24.0,,,1.6,2.66,4.51,2020,SS,daniel thomas,
