draft_year,round,pick,team,hof,position,category,side,college,age,to,allpro,probowls,seasons_started,dr_av,player,pos_nfl,school,ht,wt,forty,bench,vertical,broad_jump,cone,shuttle,pos_college,G,avg_team_sp,qb_Cmp,qb_Att,qb_Cmp%,qb_Yds,qb_TD,qb_Int,qb_Y/A,qb_AY/A,qb_Y/G,rb_rush_Att,rb_rush_Yds,rb_rush_Y_per_Att,rb_rush_TD,rb_rec_Rec,rb_rec_Yds,rb_rec_Y_per_Rec,rb_rec_TD,rec_Rec,rec_Yds,rec_Y/R,rec_TD,rec_Y/G,Sk,Solo,Ast,Comb,TFL,Int,PD
2000,1,1,CLE,False,DE,DL,D,Penn St.,22.0,2005.0,0,0,4,21.0,Courtney Brown,DE,Penn State,77.0,269.0,4.78,,,,,,DL,12.0,,,,,,,,,,,,,,,,,,,,,,,,,,,,,,
2000,1,2,WAS,False,LB,LB,D,Penn St.,22.0,2006.0,0,3,5,45.0,LaVar Arrington,OLB,Penn State,75.0,250.0,4.53,,,,,,LB,23.0,,,,,,,,,,,,,,,,,,,,,,,,,,,,,,
2000,1,3,WAS,False,T,OL,O,Alabama,23.0,2009.0,0,6,9,63.0,Chris Samuels,OT,Alabama,77.0,325.0,5.08,,,,,,OL,,,,,,,,,,,,,,,,,,,,,,,,,,,,,,,
2000,1,4,CIN,False,WR,WR,O,Florida St.,23.0,2005.0,0,0,4,25.0,Peter Warrick,WR,Florida State,71.0,194.0,4.58,,,,,,WR,54.0,,,,,,,,,,,,,,,,,,,207.0,3517.0,17.0,32.0,65.1,,,,,,,
2000,1,5,BAL,False,RB,RB,O,Tennessee,21.0,2009.0,1,1,9,53.0,Jamal Lewis,RB,Tennessee,72.0,240.0,4.58,23.0,,,,,RB,27.0,,,,,,,,,,,487.0,2677.0,5.5,17.0,39.0,475.0,12.2,4.0,,,,,,,,,,,,
2000,1,6,PHI,False,DT,DL,D,Florida St.,23.0,2007.0,0,1,6,41.0,Corey Simon,DT,Florida State,74.0,297.0,4.83,,,,,,DL,11.0,,,,,,,,,,,,,,,,,,,,,,,,,,,,,,
2000,1,7,ARI,False,RB,RB,O,Virginia,22.0,2011.0,0,1,9,7.0,Thomas Jones,RB,Virginia,70.0,216.0,4.45,,,,,,RB,44.0,,,,,,,,,,,809.0,3998.0,4.9,37.0,71.0,571.0,8.0,4.0,,,,,,,,,,,,
2000,1,8,PIT,False,WR,WR,O,Michigan St.,23.0,2012.0,0,0,10,34.0,Plaxico Burress,WR,Michigan State,77.0,231.0,4.59,,33.0,115.0,,,WR,23.0,,,,,,,,,,,,,,,,,,,118.0,1970.0,16.7,17.0,85.7,,,,,,,
2000,1,9,CHI,True,LB,LB,D,New Mexico,22.0,2012.0,4,8,12,119.0,Brian Urlacher,OLB,New Mexico,76.0,258.0,4.59,27.0,34.0,122.0,6.94,4.18,LB,24.0,,,,,,,,,,,,,,,,,,,,,,,,,,,,,,
2000,1,10,BAL,False,WR,WR,O,Florida,22.0,2007.0,0,0,7,23.0,Travis Taylor,WR,Florida,73.0,199.0,4.43,,37.0,118.0,7.15,,WR,27.0,,,,,,,,,,,,,,,,,,,72.0,1150.0,16.0,15.0,42.6,,,,,,,
2000,1,11,NYG,False,RB,RB,O,Wisconsin,22.0,2007.0,0,0,1,10.0,Ron Dayne,RB,Wisconsin,71.0,259.0,4.65,,,,,,RB,43.0,,,,,,,,,,,1115.0,6397.0,5.7,63.0,31.0,304.0,9.8,0.0,,,,,,,,,,,,
2000,1,12,NYJ,False,DE,DL,D,Tennessee,23.0,2011.0,0,2,11,68.0,Shaun Ellis,DE,Tennessee,76.0,280.0,4.85,,,,,,,,,,,,,,,,,,,,,,,,,,,,,,,,,,,,,
2000,1,13,NYJ,False,DE,DL,D,South Carolina,22.0,2014.0,2,5,11,37.0,John Abraham,OLB,South Carolina,76.0,252.0,4.55,,,,,,,,,,,,,,,,,,,,,,,,,,,,,,,,,,,,,
2000,1,14,GNB,False,TE,TE,O,Miami (FL),22.0,2008.0,0,3,6,19.0,Bubba Franks,TE,Miami (FL),78.0,265.0,4.85,,,,,,TE,34.0,,,,,,,,,,,,,,,,,,,77.0,1038.0,13.5,12.0,30.5,,,,,,,
2000,1,15,DEN,False,DB,DB,D,California,23.0,2008.0,0,2,6,22.0,Deltha O'Neal,CB,California,71.0,193.0,4.6,,,,,,DB,22.0,,,,,,,,,,,,,,,,,,,,,,,,,,,,,11.0,
2000,1,16,SFO,False,LB,LB,D,Michigan St.,22.0,2010.0,1,5,9,36.0,Julian Peterson,OLB,Michigan State,77.0,231.0,4.68,,,,,,,,,,,,,,,,,,,,,,,,,,,,,,,,,,,,,
2000,1,17,OAK,False,K,K,S,Florida St.,22.0,2018.0,0,1,0,40.0,Sebastian Janikowski,K,Florida State,73.0,260.0,,,,,,,,,,,,,,,,,,,,,,,,,,,,,,,,,,,,,,
2000,1,18,NYJ,False,QB,QB,O,Marshall,24.0,2010.0,0,0,5,41.0,Chad Pennington,QB,Marshall,75.0,229.0,4.81,,33.5,111.0,7.12,4.16,QB,36.0,,807.0,1265.0,63.8,10698.0,100.0,30.0,8.5,8.97,297.2,,,,,,,,,,,,,,,,,,,,
2000,1,19,SEA,False,RB,RB,O,Alabama,23.0,2008.0,1,3,7,68.0,Shaun Alexander,RB,Alabama,72.0,218.0,4.58,,,,,,RB,42.0,,,,,,,,,,,727.0,3565.0,4.9,41.0,62.0,798.0,12.9,8.0,,,,,,,,,,,,
2000,1,20,DET,False,T,OL,O,Oklahoma,23.0,2006.0,0,0,3,21.0,Stockar McDougle,OT,Oklahoma,77.0,361.0,5.5,24.0,,,,,OL,11.0,,,,,,,,,,,,,,,,,,,,,,,,,,,,,,
2000,1,21,KAN,False,WR,WR,O,Jackson St.,22.0,2000.0,0,0,1,6.0,Sylvester Morris,WR,Jackson State,75.0,216.0,4.6,,34.5,119.0,7.06,4.17,,,,,,,,,,,,,,,,,,,,,,,,,,,,,,,,
2000,1,22,SEA,False,T,OL,O,Wisconsin,23.0,2001.0,0,0,1,8.0,Chris McIntosh,OT,Wisconsin,78.0,315.0,5.39,28.0,,,,,OL,,,,,,,,,,,,,,,,,,,,,,,,,,,,,,,
2000,1,23,CAR,False,DB,DB,D,Jackson St.,23.0,2001.0,0,0,1,6.0,Rashard Anderson,CB,Jackson State,74.0,206.0,4.55,,34.0,123.0,7.18,4.15,,,,,,,,,,,,,,,,,,,,,,,,,,,,,,,,
2000,1,24,SFO,False,DB,DB,D,Ohio St.,24.0,2005.0,0,0,5,24.0,Ahmed Plummer,CB,Ohio State,71.0,191.0,4.43,,,,,,DB,35.0,,,,,,,,,,,,,,,,,,,,,,,,,,,,,13.0,
2000,1,25,MIN,False,DT,DL,D,Boston Col.,22.0,2009.0,0,0,10,23.0,Chris Hovan,DT,Boston Col.,74.0,305.0,4.99,35.0,30.0,101.0,6.85,4.16,,,,,,,,,,,,,,,,,,,,,,,,,,,,,,,,
2000,1,26,BUF,False,DE,DL,D,Arizona St.,22.0,2004.0,0,0,0,4.0,Erik Flowers,DE,Arizona State,76.0,271.0,4.75,24.0,33.0,114.0,7.21,4.15,DL,11.0,,,,,,,,,,,,,,,,,,,,,,,,,,,,,,
2000,1,27,NYJ,False,TE,TE,O,West Virginia,23.0,2011.0,0,0,9,10.0,Anthony Becht,TE,West Virginia,78.0,270.0,4.78,,33.5,123.0,6.94,4.08,TE,38.0,,,,,,,,,,,,,,,,,,,77.0,1091.0,14.2,11.0,28.7,,,,,,,
2000,1,28,IND,False,LB,LB,D,BYU,25.0,2007.0,0,0,4,24.0,Rob Morris,ILB,BYU,74.0,250.0,4.77,18.0,33.0,113.0,6.93,4.17,LB,13.0,,,,,,,,,,,,,,,,,,,,,,,,,,,,,,
2000,1,29,JAX,False,WR,WR,O,USC,22.0,2000.0,0,0,0,2.0,R. Jay Soward,WR,USC,69.0,177.0,4.34,,35.0,124.0,,,WR,45.0,,,,,,,,,,,,,,,,,,,155.0,2608.0,16.8,23.0,58.0,,,,,,,
2000,1,30,TEN,False,LB,LB,D,Syracuse,23.0,2010.0,1,1,9,71.0,Keith Bulluck,OLB,Syracuse,75.0,244.0,4.47,,38.0,119.0,7.33,4.13,,,,,,,,,,,,,,,,,,,,,,,,,,,,,,,,
2000,1,31,STL,False,RB,RB,O,Arizona,23.0,2003.0,0,0,1,6.0,Trung Canidate,RB,Arizona,71.0,193.0,4.41,18.0,,,,,RB,31.0,,,,,,,,,,,558.0,3626.0,6.5,25.0,42.0,468.0,11.1,1.0,,,,,,,,,,,,
2000,1,32,CLE,False,WR,WR,O,Arizona,22.0,2009.0,0,0,3,28.0,Dennis Northcutt,WR,Arizona,70.0,175.0,4.43,,37.5,123.0,6.96,4.04,WR,46.0,,,,,,,,,,,,,,,,,,,217.0,3186.0,14.7,24.0,69.3,,,,,,,
2000,2,33,NOR,False,DE,DL,D,Kansas St.,23.0,2009.0,0,0,6,31.0,Darren Howard,DE,Kansas State,76.0,281.0,5.09,,29.0,108.0,7.0,4.32,DB,11.0,,,,,,,,,,,,,,,,,,,,,,,,,,,,,2.0,
2000,2,34,CIN,False,DB,DB,D,LSU,23.0,2009.0,0,0,7,9.0,Mark Roman,CB,LSU,71.0,188.0,4.55,,,,,,DB,37.0,,,,,,,,,,,,,,,,,,,,,,,,,,,,,10.0,
2000,2,35,SFO,False,DE,DL,D,Virginia Tech,23.0,2008.0,0,0,5,23.0,John Engelberger,DE,Virginia Tech,76.0,260.0,4.73,24.0,34.0,115.0,6.95,4.28,DL,21.0,,,,,,,,,,,,,,,,,,,,,,,,,,,,,,
2000,2,36,PHI,False,WR,WR,O,Southern Miss,23.0,2004.0,0,0,4,25.0,Todd Pinkston,WR,Southern Miss,74.0,169.0,4.45,,,,,,WR,44.0,,,,,,,,,,,,,,,,,,,149.0,2366.0,15.9,22.0,53.8,,,,,,,
2000,2,37,ATL,False,G,OL,O,USC,22.0,2003.0,0,0,3,23.0,Travis Claridge,OG,USC,77.0,303.0,5.15,29.0,31.5,100.0,7.77,4.86,,,,,,,,,,,,,,,,,,,,,,,,,,,,,,,,
2000,2,38,PIT,False,T,OL,O,Arizona St.,22.0,2008.0,0,1,7,44.0,Marvel Smith,OT,Arizona State,77.0,320.0,5.37,24.0,27.5,100.0,7.87,4.83,,,,,,,,,,,,,,,,,,,,,,,,,,,,,,,,
2000,2,39,CHI,False,DB,DB,D,Nebraska,22.0,2009.0,1,1,7,51.0,Mike Brown,S,Nebraska,70.0,204.0,4.59,14.0,36.0,116.0,6.93,4.01,DB,45.0,-6.513043478260869,,,,,,,,,,,,,,,,,,,,,,,,,,,,9.0,
2000,2,40,DEN,False,LB,LB,D,Michigan,22.0,2007.0,0,1,5,33.0,Ian Gold,OLB,Michigan,73.0,221.0,4.56,21.0,33.0,115.0,6.97,4.19,LB,11.0,,,,,,,,,,,,,,,,,,,,,,,,,,,,,,
2000,2,41,ARI,False,LB,LB,D,Tennessee,22.0,2004.0,0,0,4,19.0,Raynoch Thompson,OLB,Tennessee,75.0,220.0,4.65,,,,,,LB,22.0,,,,,,,,,,,,,,,,,,,,,,,,,,,,,,
2000,2,42,NYG,False,DT,DL,D,Alabama,23.0,2009.0,0,0,9,20.0,Cornelius Griffin,DE,Alabama,75.0,297.0,4.9,30.0,31.0,111.0,7.63,4.62,,,,,,,,,,,,,,,,,,,,,,,,,,,,,,,,
2000,2,43,SDG,False,DB,DB,D,Marshall,23.0,2004.0,0,0,3,12.0,Rogers Beckett,S,Marshall,73.0,207.0,4.62,15.0,39.5,119.0,6.48,4.29,DB,36.0,,,,,,,,,,,,,,,,,,,,,,,,,,,,,10.0,
2000,2,44,GNB,False,T,OL,O,Tennessee,24.0,2011.0,0,2,10,72.0,Chad Clifton,OT,Tennessee,77.0,334.0,5.05,24.0,30.5,102.0,7.58,4.73,,,,,,,,,,,,,,,,,,,,,,,,,,,,,,,,
2000,2,45,DEN,False,DB,DB,D,Arkansas,22.0,2007.0,0,0,7,22.0,Kenoy Kennedy,S,Arkansas,73.0,221.0,4.71,8.0,33.5,113.0,7.08,4.38,DB,22.0,,,,,,,,,,,,,,,,,,,,,,,,,,,,,5.0,
2000,2,46,NWE,False,G,OL,O,Hawaii,23.0,2005.0,0,0,0,6.0,Adrian Klemm,OT,Hawaii,76.0,307.0,4.98,24.0,,,,,,,,,,,,,,,,,,,,,,,,,,,,,,,,,,,,
2000,2,47,OAK,False,WR,WR,O,West Virginia,22.0,2008.0,0,0,4,32.0,Jerry Porter,WR,West Virginia,74.0,221.0,4.48,,,,,,WR,20.0,,,,,,,,,,,,,,,,,,,24.0,467.0,19.5,5.0,23.4,,,,,,,
2000,2,48,SFO,False,DB,DB,D,Texas A&M,22.0,2008.0,0,0,5,17.0,Jason Webster,CB,Texas A&M,69.0,180.0,4.42,17.0,35.5,122.0,6.76,3.98,DB,36.0,,,,,,,,,,,,,,,,,,,,,,,,,,,,,7.0,
2000,2,49,DAL,False,DB,DB,D,Tennessee,22.0,2002.0,0,0,0,1.0,Dwayne Goodrich,CB,Tennessee,71.0,195.0,4.45,,,,,,DB,45.0,,,,,,,,,,,,,,,,,,,,,,,,,,,,,12.0,
2000,2,50,DET,False,LB,LB,D,West Virginia,22.0,2005.0,0,0,4,16.0,Barrett Green,OLB,West Virginia,72.0,233.0,4.56,22.0,36.0,120.0,,,DB,11.0,,,,,,,,,,,,,,,,,,,,,,,,,,,,,4.0,
2000,2,51,TAM,False,G,OL,O,Tennessee,21.0,2006.0,0,0,6,27.0,Cosey Coleman,OG,Tennessee,76.0,322.0,5.4,,28.0,101.0,8.15,4.97,OL,,,,,,,,,,,,,,,,,,,,,,,,,,,,,,,
2000,2,52,SEA,False,DB,DB,D,Virginia Tech,22.0,2003.0,0,0,0,3.0,Ike Charlton,CB,Virginia Tech,71.0,205.0,4.47,16.0,,126.0,,,DB,33.0,,,,,,,,,,,,,,,,,,,,,,,,,,,,,8.0,
2000,2,53,MIA,False,T,OL,O,Mississippi,23.0,2007.0,0,0,7,30.0,Todd Wade,OT,Mississippi,80.0,326.0,5.22,29.0,27.5,101.0,7.68,4.68,,,,,,,,,,,,,,,,,,,,,,,,,,,,,,,,
2000,2,54,KAN,False,DB,DB,D,Oklahoma,23.0,2005.0,0,0,2,13.0,William Bartee,CB,Oklahoma,73.0,192.0,4.43,,38.5,124.0,6.7,3.99,DB,17.0,,,,,,,,,,,,,,,,,,,,,,,,,,,,,2.0,
2000,2,55,MIN,False,DT,DL,D,Wake Forest,23.0,2011.0,0,0,10,9.0,Fred Robbins,DT,Wake Forest,76.0,312.0,5.09,25.0,29.5,94.0,7.72,4.72,,,,,,,,,,,,,,,,,,,,,,,,,,,,,,,,
2000,2,57,CAR,False,DB,DB,D,Tennessee,21.0,2011.0,0,0,10,22.0,Deon Grant,S,Tennessee,74.0,209.0,4.5,15.0,,,,,DB,23.0,,,,,,,,,,,,,,,,,,,,,,,,,,,,,14.0,
2000,2,58,BUF,False,DB,DB,D,Georgia Tech,22.0,2007.0,0,0,1,5.0,Travares Tillman,S,Georgia Tech,73.0,194.0,4.6,15.0,37.5,123.0,6.95,4.29,DB,40.0,,,,,,,,,,,,,,,,,,,,,,,,,,,,,7.0,
2000,2,59,IND,False,LB,LB,D,Auburn,22.0,2008.0,0,1,8,17.0,,,,,,,,,,,,,,,,,,,,,,,,,,,,,,,,,,,,,,,,,,,
2000,2,60,JAX,False,C,OL,O,Northern Iowa,23.0,2013.0,0,0,14,74.0,Brad Meester,C,New Mexico,75.0,298.0,5.12,25.0,34.0,110.0,7.46,4.43,,,,,,,,,,,,,,,,,,,,,,,,,,,,,,,,
2000,2,61,PHI,False,G,OL,O,Arkansas,23.0,2012.0,0,0,9,6.0,Bobbie Williams,OT,Arkansas,76.0,332.0,5.26,28.0,29.0,97.0,7.78,4.72,,,,,,,,,,,,,,,,,,,,,,,,,,,,,,,,
2000,2,62,STL,False,DB,DB,D,Oklahoma St.,21.0,2003.0,0,0,0,1.0,Jacoby Shepherd,CB,Oklahoma State,73.0,195.0,4.53,5.0,35.0,120.0,,,DB,11.0,,,,,,,,,,,,,,,,,,,,,,,,,,,,,2.0,
2000,2,63,CLE,False,RB,RB,O,Miami (OH),23.0,2001.0,0,0,1,4.0,Travis Prentice,RB,Miami (OH),72.0,225.0,4.5,23.0,37.0,115.0,6.92,4.4,RB,44.0,,,,,,,,,,,1138.0,5596.0,4.9,73.0,54.0,522.0,9.7,5.0,,,,,,,,,,,,
2000,2,64,WAS,False,DB,DB,D,North Carolina St.,23.0,2002.0,0,0,0,0.0,Lloyd Harrison,CB,North Carolina State,70.0,190.0,4.5,16.0,37.5,119.0,7.12,4.25,DB,23.0,,,,,,,,,,,,,,,,,,,,,,,,,,,,,12.0,
2000,3,66,CIN,False,WR,WR,O,Florida St.,23.0,2002.0,0,0,0,6.0,Ron Dugans,WR,Florida State,73.0,206.0,4.58,,,117.0,,,WR,46.0,,,,,,,,,,,,,,,,,,,105.0,1520.0,14.5,7.0,33.0,,,,,,,
2000,3,67,ATL,False,LB,LB,D,Kansas St.,23.0,2010.0,0,0,4,5.0,Mark Simoneau,OLB,Kansas State,72.0,237.0,4.6,24.0,36.0,117.0,7.08,4.09,LB,23.0,,,,,,,,,,,,,,,,,,,,,,,,,,,,,,
2000,3,68,TEN,False,TE,TE,O,Florida,23.0,2005.0,0,0,6,15.0,Erron Kinney,TE,Florida,78.0,272.0,4.9,,,,,,TE,44.0,,,,,,,,,,,,,,,,,,,39.0,507.0,13.0,5.0,11.5,,,,,,,
2000,3,69,CHI,False,WR,WR,O,Georgia Tech,21.0,2005.0,0,0,4,14.0,Dez White,WR,Georgia Tech,73.0,218.0,4.62,,37.5,124.0,6.91,4.09,WR,32.0,,,,,,,,,,,,,,,,,,,90.0,1833.0,20.4,14.0,57.3,,,,,,,
2000,3,70,DEN,False,WR,WR,O,Texas A&M,22.0,2003.0,0,0,0,1.0,Chris Cole,WR,Texas A&M,72.0,191.0,4.37,,37.5,125.0,6.76,4.09,WR,36.0,,,,,,,,,,,,,,,,,,,85.0,1363.0,16.0,8.0,37.9,,,,,,,
2000,3,71,ARI,False,DT,DL,D,Tennessee,23.0,2008.0,0,0,5,0.0,Darwin Walker,DT,Tennessee,74.0,293.0,4.82,,,,,,,,,,,,,,,,,,,,,,,,,,,,,,,,,,,,,
2000,3,72,PIT,False,DT,DL,D,Mississippi,21.0,2009.0,0,0,3,6.0,Kendrick Clancy,DT,Mississippi,73.0,283.0,5.25,25.0,27.5,108.0,7.98,4.65,,,,,,,,,,,,,,,,,,,,,,,,,,,,,,,,
2000,3,73,NYG,False,WR,WR,O,Lambuth,24.0,2002.0,0,0,0,6.0,,,,,,,,,,,,,,,,,,,,,,,,,,,,,,,,,,,,,,,,,,,
2000,3,74,GNB,False,DT,DL,D,Nebraska,22.0,2002.0,0,0,0,2.0,Steve Warren,DT,Nebraska,73.0,307.0,5.1,29.0,30.5,105.0,7.97,4.56,,,,,,,,,,,,,,,,,,,,,,,,,,,,,,,,
2000,3,75,BAL,False,QB,QB,O,Louisville,23.0,2011.0,0,0,0,3.0,Chris Redman,QB,Louisville,75.0,222.0,5.37,,26.5,98.0,7.8,4.78,QB,43.0,,1031.0,1679.0,61.4,12541.0,84.0,51.0,7.5,7.1,291.7,,,,,,,,,,,,,,,,,,,,
2000,3,76,NWE,False,RB,RB,O,Arizona St.,22.0,2004.0,0,0,0,6.0,J.R. Redmond,RB,Arizona State,71.0,216.0,4.48,,32.5,121.0,,,RB,41.0,,,,,,,,,,,595.0,3134.0,5.3,32.0,58.0,674.0,11.6,4.0,,,,,,,,,,,,
2000,3,77,PIT,False,DB,DB,D,Pittsburgh,23.0,2009.0,0,0,1,4.0,Hank Poteat,CB,Pittsburgh,70.0,197.0,4.57,16.0,37.0,126.0,6.66,4.0,DB,22.0,,,,,,,,,,,,,,,,,,,,,,,,,,,,,9.0,
2000,3,78,NYJ,False,WR,WR,O,Florida St.,22.0,2009.0,0,1,9,49.0,Laveranues Coles,WR,Florida State,71.0,192.0,4.41,,34.0,115.0,6.89,4.39,WR,26.0,,,,,,,,,,,,,,,,,,,52.0,960.0,18.5,5.0,36.9,,,,,,,
2000,3,79,CLE,False,WR,WR,O,Tulane,22.0,2002.0,0,0,0,3.0,JaJuan Dawson,WR,Tulane,73.0,199.0,4.55,,34.0,117.0,6.96,4.16,WR,40.0,,,,,,,,,,,,,,,,,,,234.0,3048.0,13.0,31.0,76.2,,,,,,,
2000,3,80,SEA,False,WR,WR,O,Florida,21.0,2008.0,0,0,7,51.0,Darrell Jackson,WR,Florida,72.0,197.0,4.56,,,,,,WR,32.0,,,,,,,,,,,,,,,,,,,97.0,1501.0,15.5,14.0,46.9,,,,,,,
2000,3,81,DET,False,RB,RB,O,Oregon,22.0,2008.0,0,0,3,1.0,Reuben Droughns,RB,Oregon,71.0,215.0,4.66,13.0,30.0,115.0,7.34,4.41,RB,16.0,,,,,,,,,,,368.0,1963.0,5.3,18.0,17.0,208.0,12.2,3.0,,,,,,,,,,,,
2000,3,82,CAR,False,T,OL,O,Indiana (PA),22.0,2005.0,0,0,1,2.0,Leander Jordan,OG,Indiana (PA),76.0,330.0,5.46,25.0,31.0,104.0,7.91,4.76,,,,,,,,,,,,,,,,,,,,,,,,,,,,,,,,
2000,3,83,SDG,False,T,OL,O,Kansas St.,23.0,2009.0,0,0,8,15.0,Damion McIntosh,OT,Kansas State,76.0,328.0,5.31,23.0,26.0,97.0,7.72,4.71,,,,,,,,,,,,,,,,,,,,,,,,,,,,,,,,
2000,3,84,MIA,False,DB,DB,D,Colorado,21.0,2002.0,0,0,0,0.0,Ben Kelly,CB,Colorado,69.0,183.0,4.53,17.0,36.0,116.0,6.63,3.95,DB,33.0,,,,,,,,,,,,,,,,,,,,,,,,,,,,,11.0,
2000,3,85,KAN,False,DB,DB,D,Ark-Pine Bluff,22.0,2007.0,0,0,7,39.0,,,,,,,,,,,,,,,,,,,,,,,,,,,,,,,,,,,,,,,,,,,
2000,3,86,SFO,False,LB,LB,D,Hawaii,23.0,2009.0,0,0,4,31.0,Jeff Ulbrich,ILB,Hawaii,72.0,249.0,4.65,24.0,32.0,109.0,7.23,4.3,LB,12.0,,,,,,,,,,,,,,,,,,,,,,,,,,,,,,
2000,3,87,CHI,False,TE,TE,O,Wake Forest,24.0,2004.0,0,0,1,2.0,Dustin Lyman,ILB,Wake Forest,76.0,259.0,4.7,22.0,35.0,118.0,6.86,4.06,,,,,,,,,,,,,,,,,,,,,,,,,,,,,,,,
2000,3,88,MIN,False,RB,RB,O,Marshall,23.0,2003.0,0,0,0,3.0,Doug Chapman,RB,Marshall,70.0,215.0,4.56,16.0,38.5,128.0,6.84,4.2,RB,34.0,,,,,,,,,,,573.0,2778.0,4.8,37.0,62.0,619.0,10.0,4.0,,,,,,,,,,,,
2000,3,89,BUF,False,LB,LB,D,Virginia Tech,23.0,2001.0,0,0,0,3.0,Corey Moore,OLB,Virginia Tech,71.0,223.0,4.6,21.0,,,,,DL,,26.35,,,,,,,,,,,,,,,,,,,,,,,,,,,,,
2000,3,90,TAM,False,LB,LB,D,Miami (FL),22.0,2008.0,0,0,2,8.0,,,,,,,,,,,,LB,12.0,,,,,,,,,,,,,,,,,,,,,,,,,,,,,,
2000,3,91,IND,False,DB,DB,D,Penn St.,22.0,2008.0,0,0,4,14.0,David Macklin,CB,Penn State,69.0,194.0,4.54,,37.5,120.0,6.9,4.09,DB,46.0,,,,,,,,,,,,,,,,,,,,,,,,,,,,,8.0,
2000,3,92,JAX,False,LB,LB,D,Southern Miss,23.0,2006.0,0,0,3,14.0,T.J. Slaughter,ILB,Southern Miss,72.0,247.0,4.87,24.0,30.0,112.0,7.08,4.26,,,,,,,,,,,,,,,,,,,,,,,,,,,,,,,,
2000,3,94,STL,False,T,OL,O,Virginia,23.0,2010.0,0,0,5,8.0,,,,,,,,,,,,,,,,,,,,,,,,,,,,,,,,,,,,,,,,,,,
2000,3,95,CLE,False,DB,DB,D,Maryland,22.0,2008.0,0,0,0,7.0,Lewis Sanders,CB,Maryland,72.0,202.0,4.5,10.0,37.0,116.0,,,DB,32.0,,,,,,,,,,,,,,,,,,,,,,,,,,,,,10.0,
2000,3,96,NOR,False,FB,RB,O,Arizona St.,22.0,2009.0,0,0,8,2.0,Terrelle Smith,FB,Arizona State,72.0,249.0,5.0,19.0,32.5,109.0,8.38,4.85,RB,11.0,,,,,,,,,,,21.0,127.0,6.0,1.0,9.0,88.0,9.8,0.0,,,,,,,,,,,,
2000,4,97,CIN,False,RB,RB,O,James Madison,23.0,2002.0,0,0,0,0.0,Curtis Keaton,RB,West Virginia,70.0,214.0,4.41,23.0,41.5,131.0,6.82,3.93,RB,18.0,,,,,,,,,,,88.0,404.0,4.6,3.0,0.0,0.0,,0.0,,,,,,,,,,,,
2000,4,98,GNB,False,LB,LB,D,Ohio St.,22.0,2011.0,0,0,10,34.0,Na'il Diggs,OLB,Ohio State,76.0,231.0,4.66,,,,,,,,,,,,,,,,,,,,,,,,,,,,,,,,,,,,,
2000,4,99,PHI,False,WR,WR,O,Michigan St.,22.0,2001.0,0,0,0,0.0,Gari Scott,WR,Michigan State,72.0,194.0,4.59,,33.5,119.0,,,WR,43.0,,,,,,,,,,,,,,,,,,,128.0,1971.0,15.4,16.0,45.8,,,,,,,
2000,4,100,ATL,False,T,OL,O,Tennessee St.,23.0,2002.0,0,0,0,3.0,Michael Thompson,OT,Tennessee State,76.0,305.0,5.28,16.0,26.0,104.0,7.99,4.73,,,,,,,,,,,,,,,,,,,,,,,,,,,,,,,,
2000,4,101,DEN,False,DT,DL,D,Florida St.,23.0,2001.0,0,0,0,1.0,Jerry Johnson,DT,Florida State,72.0,293.0,5.03,26.0,28.5,102.0,,,,,,,,,,,,,,,,,,,,,,,,,,,,,,,,,,
2000,4,102,ARI,False,DB,DB,D,Arkansas,22.0,2008.0,0,0,6,13.0,David Barrett,CB,Arkansas,70.0,199.0,4.44,16.0,37.5,116.0,6.81,4.04,DB,33.0,,,,,,,,,,,,,,,,,,,,,,,,,,,,,7.0,
2000,4,105,NYG,False,LB,LB,D,Penn St.,23.0,2006.0,0,0,5,22.0,Brandon Short,ILB,Penn State,75.0,252.0,4.72,,,,,,LB,34.0,,,,,,,,,,,,,,,,,,,,,,,,,,,,,,
2000,4,106,MIN,False,LB,LB,D,Texas A&M-Commerce,22.0,2002.0,0,0,0,2.0,Antonio Wilson,OLB,Texas A&M-Commerce,74.0,245.0,4.56,11.0,,,,,,,,,,,,,,,,,,,,,,,,,,,,,,,,,,,,
2000,4,107,OAK,False,DT,DL,D,Arizona St.,23.0,2005.0,0,0,0,0.0,Junior Ioane,DT,Arizona State,75.0,324.0,5.12,,,,,,,,,,,,,,,,,,,,,,,,,,,,,,,,,,,,,
2000,4,108,SFO,False,DB,DB,D,Furman,23.0,2003.0,0,0,0,3.0,,,,,,,,,,,,,,,,,,,,,,,,,,,,,,,,,,,,,,,,,,,
2000,4,109,DAL,False,DB,DB,D,West Texas A&M,24.0,2001.0,0,0,0,3.0,Kareem Larrimore,CB,West Texas A&M,71.0,190.0,4.42,,34.0,125.0,,,,,,,,,,,,,,,,,,,,,,,,,,,,,,,,,,
2000,4,110,CLE,False,TE,TE,O,Michigan,23.0,2005.0,0,0,0,6.0,Aaron Shea,FB,Michigan,76.0,253.0,4.81,,37.5,114.0,6.72,4.3,RB,32.0,,,,,,,,,,,27.0,104.0,3.9,0.0,54.0,468.0,8.7,4.0,,,,,,,,,,,,
2000,4,111,SDG,False,WR,WR,O,Miami (OH),22.0,2002.0,0,0,0,3.0,Trevor Gaylor,WR,Miami (OH),75.0,199.0,4.56,,37.5,121.0,7.03,4.29,WR,38.0,,,,,,,,,,,,,,,,,,,128.0,2131.0,16.6,20.0,56.1,,,,,,,
2000,4,112,DEN,False,G,OL,O,Florida,23.0,2012.0,0,0,8,22.0,Cooper Carlisle,OG,Florida,77.0,297.0,5.16,28.0,31.0,100.0,7.82,4.48,,,,,,,,,,,,,,,,,,,,,,,,,,,,,,,,
2000,4,113,SDG,False,DT,DL,D,Auburn,23.0,2004.0,0,0,2,10.0,Leonardo Carson,DE,Auburn,73.0,283.0,5.06,22.0,28.0,106.0,7.82,4.75,DL,22.0,,,,,,,,,,,,,,,,,,,,,,,,,,,,,,
2000,4,115,KAN,False,RB,RB,O,Louisville,23.0,2001.0,0,0,0,1.0,Frank Moreau,RB,Louisville,73.0,231.0,4.57,23.0,36.0,117.0,,,RB,49.0,,,,,,,,,,,499.0,2599.0,5.2,27.0,54.0,369.0,6.8,0.0,,,,,,,,,,,,
2000,4,116,SEA,False,LB,LB,D,Arizona,23.0,2002.0,0,0,1,7.0,Marcus Bell,ILB,Arizona,74.0,237.0,4.78,21.0,31.5,111.0,7.17,4.33,LB,12.0,,,,,,,,,,,,,,,,,,,,,,,,,,,,,,
2000,4,117,MIA,False,FB,RB,O,North Carolina,22.0,2002.0,0,0,0,0.0,Deon Dyer,FB,North Carolina,71.0,260.0,4.99,,28.0,104.0,7.88,4.81,RB,44.0,,,,,,,,,,,186.0,639.0,3.4,9.0,20.0,183.0,9.2,2.0,,,,,,,,,,,,
2000,4,118,MIN,False,DB,DB,D,Minnesota,24.0,2010.0,0,0,2,7.0,Tyrone Carter,S,Minnesota,68.0,190.0,4.5,16.0,41.0,121.0,6.75,4.19,DB,45.0,-10.0,,,,,,,,,,,,,,,,,,,,,,,,,,,,3.0,
2000,4,119,SEA,False,LB,LB,D,Harvard,22.0,2006.0,0,0,2,15.0,,,,,,,,,,,,,,,,,,,,,,,,,,,,,,,,,,,,,,,,,,,
2000,4,120,CAR,False,DE,DL,D,Mississippi St.,22.0,2007.0,0,0,3,1.0,Alvin McKinley,DT,Mississippi State,76.0,289.0,5.09,22.0,27.5,102.0,7.73,4.61,,,,,,,,,,,,,,,,,,,,,,,,,,,,,,,,
2000,4,121,BUF,False,WR,WR,O,Tennessee St.,23.0,2002.0,0,0,0,1.0,,,,,,,,,,,,,,,,,,,,,,,,,,,,,,,,,,,,,,,,,,,
2000,4,122,IND,False,DT,DL,D,Michigan,24.0,2005.0,0,0,2,19.0,Josh Williams,DT,Michigan,75.0,282.0,4.9,,30.5,111.0,7.22,4.25,,,,,,,,,,,,,,,,,,,,,,,,,,,,,,,,
2000,4,124,TEN,False,DB,DB,D,Wisconsin,23.0,2001.0,0,0,0,3.0,Bobby Myers,S,Wisconsin,73.0,183.0,4.56,,37.5,123.0,7.04,4.1,DB,33.0,,,,,,,,,,,,,,,,,,,,,,,,,,,,,7.0,
2000,4,125,CHI,False,DB,DB,D,Wake Forest,23.0,2002.0,0,0,0,3.0,Reggie Austin,CB,Wake Forest,69.0,175.0,4.44,17.0,35.0,119.0,7.03,4.14,DB,44.0,,,,,,,,,,,,,,,,,,,,,,,,,,,,,9.0,
2000,4,126,GNB,False,DB,DB,D,Ohio St.,22.0,2000.0,0,0,0,0.0,Gary Berry,S,Ohio State,71.0,204.0,4.55,,,,,,DB,44.0,,,,,,,,,,,,,,,,,,,,,,,,,,,,,7.0,
2000,4,127,NWE,False,T,OL,O,Michigan St.,22.0,2003.0,0,0,2,13.0,Greg Randall,OT,Michigan State,78.0,333.0,5.59,22.0,26.0,95.0,8.15,5.13,,,,,,,,,,,,,,,,,,,,,,,,,,,,,,,,
2000,4,128,TEN,False,LB,LB,D,Oregon,23.0,2006.0,0,0,4,25.0,Peter Sirmon,ILB,Oregon,74.0,246.0,4.84,20.0,34.5,115.0,7.21,4.27,LB,22.0,,,,,,,,,,,,,,,,,,,,,,,,,,,,,,
2000,5,129,WAS,False,G,OL,O,Troy,23.0,2004.0,0,0,0,1.0,,,,,,,,,,,,,,,,,,,,,,,,,,,,,,,,,,,,,,,,,,,
2000,5,130,CLE,False,DB,DB,D,Texas Tech,23.0,2000.0,0,0,0,1.0,Anthony Malbrough,CB,Texas Tech,69.0,184.0,4.44,20.0,35.5,117.0,6.73,4.0,DB,22.0,,,,,,,,,,,,,,,,,,,,,,,,,,,,,2.0,
2000,5,131,NOR,False,G,OL,O,Mississippi,22.0,2008.0,0,0,2,0.0,Tutan Reyes,OT,Mississippi,75.0,299.0,5.37,20.0,26.5,99.0,7.49,4.88,,,,,,,,,,,,,,,,,,,,,,,,,,,,,,,,
2000,5,132,SFO,False,RB,RB,O,Texas-El Paso,22.0,2007.0,0,0,0,2.0,Paul Smith,FB,Texas-El Paso,71.0,220.0,4.65,25.0,,,,,RB,44.0,,,,,,,,,,,603.0,2539.0,4.2,16.0,30.0,346.0,11.5,1.0,,,,,,,,,,,,
2000,5,133,CIN,False,DB,DB,D,Mississippi St.,22.0,2002.0,0,0,0,5.0,Robert Bean,CB,Mississippi State,71.0,178.0,4.5,,34.5,122.0,6.87,4.2,DB,23.0,,,,,,,,,,,,,,,,,,,,,,,,,,,,,6.0,
2000,5,135,TEN,False,DB,DB,D,Michigan St.,23.0,2003.0,0,0,1,5.0,Aric Morris,S,Michigan State,69.0,211.0,4.56,24.0,,,,,DB,45.0,,,,,,,,,,,,,,,,,,,,,,,,,,,,,6.0,
2000,5,136,ARI,False,DT,DL,D,Idaho,23.0,2001.0,0,0,1,4.0,Mao Tosi,DT,Idaho,77.0,310.0,5.26,19.0,28.5,99.0,7.72,4.6,DL,9.0,,,,,,,,,,,,,,,,,,,,,,,,,,,,,,
2000,5,137,PIT,False,LB,LB,D,Colorado St.,23.0,2012.0,0,0,7,31.0,Clark Haggans,OLB,Colorado State,75.0,253.0,4.97,20.0,31.5,109.0,7.12,4.21,,,,,,,,,,,,,,,,,,,,,,,,,,,,,,,,
2000,5,139,STL,False,DT,DL,D,Texas-El Paso,23.0,2008.0,0,0,6,17.0,Brian Young,DE,Texas-El Paso,74.0,278.0,4.94,27.0,29.5,106.0,7.2,4.47,,,,,,,,,,,,,,,,,,,,,,,,,,,,,,,,
2000,5,140,NYG,False,DB,DB,D,Nebraska,21.0,2009.0,0,0,0,6.0,Ralph Brown,CB,Nebraska,70.0,185.0,4.55,10.0,,,,,DB,48.0,,,,,,,,,,,,,,,,,,,,,,,,,,,,,11.0,
2000,5,142,OAK,False,P,P,S,Texas A&M,24.0,2017.0,6,7,0,39.0,Shane Lechler,P,Texas A&M,74.0,234.0,,,,,,,,,,,,,,,,,,,,,,,,,,,,,,,,,,,,,,
2000,5,143,NYJ,False,WR,WR,O,USC,23.0,2001.0,0,0,0,1.0,Windrell Hayes,WR,USC,71.0,204.0,4.5,,,,7.33,4.18,WR,45.0,,,,,,,,,,,,,,,,,,,176.0,2443.0,13.9,15.0,54.3,,,,,,,
2000,5,144,DAL,False,RB,RB,O,Ohio St.,22.0,2002.0,0,0,0,4.0,Michael Wiley,RB,Ohio State,71.0,193.0,4.5,,,,,,RB,44.0,-6.5,,,,,,,,,,483.0,2822.0,5.8,27.0,51.0,590.0,11.6,5.0,,,,,,,,,,,,
2000,5,146,CLE,False,DB,DB,D,Kansas St.,23.0,2001.0,0,0,0,1.0,,,,,,,,,,,,DB,42.0,15.1,,,,,,,,,,,,,,,,,,,,,,,,,,,,7.0,
2000,5,147,CAR,False,DE,DL,D,Southern,22.0,2001.0,0,0,0,1.0,,,,,,,,,,,,,,,,,,,,,,,,,,,,,,,,,,,,,,,,,,,
2000,5,149,GNB,False,DE,DL,D,San Diego St.,22.0,2008.0,0,1,5,43.0,Kabeer Gbaja-Biamila,OLB,San Diego State,76.0,243.0,4.65,21.0,34.0,120.0,6.9,4.28,,,,,,,,,,,,,,,,,,,,,,,,,,,,,,,,
2000,5,150,SFO,False,DE,DL,D,Lenoir-Rhyne,25.0,2001.0,0,0,0,1.0,,,,,,,,,,,,,,,,,,,,,,,,,,,,,,,,,,,,,,,,,,,
2000,5,152,MIA,False,DB,DB,D,South Carolina,23.0,2005.0,0,0,2,13.0,Arturo Freeman,S,South Carolina,72.0,188.0,4.5,14.0,35.5,124.0,6.91,4.38,,,,,,,,,,,,,,,,,,,,,,,,,,,,,,,,
2000,5,153,KAN,False,WR,WR,O,Texas A&M,21.0,2008.0,1,2,0,28.0,,,,,,,,,,,,RB,43.0,,,,,,,,,,,522.0,2818.0,5.4,22.0,22.0,260.0,11.8,0.0,,,,,,,,,,,,
2000,5,156,BUF,False,RB,RB,O,Texas Tech,23.0,2011.0,0,0,3,5.0,Sammy Morris,FB,Texas Tech,72.0,221.0,4.65,23.0,37.5,117.0,7.05,4.21,RB,20.0,,,,,,,,,,,169.0,788.0,4.7,7.0,36.0,607.0,16.9,4.0,,,,,,,,,,,,
2000,5,158,NOR,False,TE,TE,O,Iowa,22.0,2000.0,0,0,0,0.0,Austin Wheatley,TE,Iowa,76.0,254.0,4.66,,32.5,121.0,6.97,4.18,TE,33.0,,,,,,,,,,,,,,,,,,,25.0,348.0,13.9,1.0,10.5,,,,,,,
2000,5,159,JAX,False,DB,DB,D,Georgia Southern,23.0,2007.0,0,0,0,8.0,,,,,,,,,,,,,,,,,,,,,,,,,,,,,,,,,,,,,,,,,,,
2000,5,160,TEN,False,LB,LB,D,Boston Col.,22.0,2005.0,0,0,0,5.0,,,,,,,,,,,,RB,23.0,,,,,,,,,,,9.0,32.0,3.6,0.0,8.0,35.0,4.4,0.0,,,,,,,,,,,,
2000,6,162,KAN,False,DB,DB,D,La-Monroe,22.0,2004.0,0,0,1,6.0,,,,,,,,,,,,DB,34.0,,,,,,,,,,,,,,,,,,,,,,,,,,,,,13.0,
2000,6,163,PIT,False,QB,QB,O,Tennessee,22.0,2003.0,0,0,0,0.0,Tee Martin,QB,Tennessee,74.0,227.0,4.58,,34.5,113.0,,,QB,38.0,,326.0,588.0,55.4,4592.0,32.0,16.0,7.8,7.67,120.8,,,,,,,,,,,,,,,,,,,,
2000,6,164,ARI,False,TE,TE,O,Northwestern,22.0,2000.0,0,0,0,0.0,Jay Tant,TE,Northwestern,75.0,255.0,4.75,31.0,,,,,TE,44.0,,,,,,,,,,,,,,,,,,,59.0,645.0,10.9,2.0,14.7,,,,,,,
2000,6,165,MIN,False,WR,WR,O,Stanford,23.0,2007.0,0,0,0,0.0,Troy Walters,WR,Stanford,66.0,171.0,4.55,,32.5,106.0,6.61,3.84,WR,42.0,,,,,,,,,,,,,,,,,,,244.0,3986.0,16.3,26.0,94.9,,,,,,,
2000,6,166,NOR,False,RB,RB,O,USC,23.0,2006.0,0,0,0,3.0,Chad Morton,RB,USC,68.0,182.0,4.5,18.0,36.0,121.0,,,RB,45.0,,,,,,,,,,,506.0,2493.0,4.9,24.0,37.0,251.0,6.8,1.0,,,,,,,,,,,,
2000,6,167,MIA,False,DT,DL,D,Ark-Pine Bluff,24.0,2002.0,0,0,0,2.0,Ernest Grant,DT,Ark-Pine Bluff,77.0,316.0,5.31,24.0,29.5,98.0,8.0,5.03,,,,,,,,,,,,,,,,,,,,,,,,,,,,,,,,
2000,6,169,CIN,False,K,K,S,Illinois,24.0,2011.0,1,1,0,2.0,,,,,,,,,,,,,,,,,,,,,,,,,,,,,,,,,,,,,,,,,,,
2000,6,172,ATL,False,WR,WR,O,Troy,22.0,2000.0,0,0,0,0.0,Mareno Philyaw,WR,Troy,74.0,205.0,4.66,,39.5,129.0,6.93,4.13,,,,,,,,,,,,,,,,,,,,,,,,,,,,,,,,
2000,6,173,PIT,False,DE,DL,D,Duke,23.0,2002.0,0,0,0,1.0,Chris Combs,DT,Duke,77.0,286.0,5.16,22.0,,,,,,,,,,,,,,,,,,,,,,,,,,,,,,,,,,,,
2000,6,174,CHI,False,K,K,S,Michigan St.,22.0,2005.0,0,0,0,15.0,,,,,,,,,,,,,,,,,,,,,,,,,,,,,,,,,,,,,,,,,,,
2000,6,175,SEA,False,WR,WR,O,Marshall,22.0,2003.0,0,0,0,4.0,James Williams,WR,Marshall,71.0,180.0,4.59,,36.0,123.0,7.22,4.16,WR,24.0,8.9,,,,,,,,,,,,,,,,,,70.0,1403.0,20.0,15.0,58.5,,,,,,,
2000,6,176,ARI,False,DE,DL,D,Washington,22.0,2001.0,0,0,0,4.0,Jabari Issa,DT,Washington,77.0,296.0,5.05,19.0,31.5,105.0,7.69,4.72,,,,,,,,,,,,,,,,,,,,,,,,,,,,,,,,
2000,6,177,NYG,False,LB,LB,D,Michigan,22.0,2010.0,0,0,9,14.0,Dhani Jones,OLB,Michigan,73.0,240.0,4.68,29.0,,,,,,,,,,,,,,,,,,,,,,,,,,,,,,,,,,,,
2000,6,179,NYJ,False,DB,DB,D,North Carolina St.,23.0,2001.0,0,0,0,2.0,Tony Scott,CB,North Carolina State,70.0,193.0,4.5,11.0,34.0,116.0,7.45,4.24,DB,44.0,,,,,,,,,,,,,,,,,,,,,,,,,,,,,8.0,
2000,6,180,DAL,False,DB,DB,D,Florida St.,24.0,2004.0,0,0,3,21.0,Mario Edwards,CB,Florida State,72.0,191.0,4.46,,,120.0,,,,,,,,,,,,,,,,,,,,,,,,,,,,,,,,,,
2000,6,182,CAR,False,G,OL,O,Auburn,23.0,2006.0,0,0,4,12.0,Jeno James,OG,Auburn,75.0,320.0,5.62,24.0,25.5,94.0,8.51,5.22,,,,,,,,,,,,,,,,,,,,,,,,,,,,,,,,
2000,6,183,CLE,False,QB,QB,O,Texas St.,22.0,2001.0,0,0,0,0.0,Spergon Wynn,QB,Texas State,75.0,229.0,4.91,,34.0,108.0,7.71,4.59,QB,2.0,,0.0,1.0,0.0,0.0,0.0,1.0,0.0,-45.0,0.0,,,,,,,,,,,,,,,,,,,,
2000,6,184,SDG,False,LB,LB,D,Virginia,25.0,2003.0,0,0,0,1.0,Shannon Taylor,OLB,Virginia,75.0,249.0,4.65,,34.5,115.0,,,,,,,,,,,,,,,,,,,,,,,,,,,,,,,,,,
2000,6,186,BAL,False,LB,LB,D,Southern Miss,23.0,2009.0,1,2,8,53.0,Adalius Thomas,DE,Southern Miss,74.0,270.0,4.56,,38.5,120.0,,4.42,DL,11.0,,,,,,,,,,,,,,,,,,,,,,,,,,,,,,
2000,6,187,NWE,False,DB,DB,D,Virginia,23.0,2003.0,0,0,0,5.0,Antwan Harris,CB,Virginia,69.0,186.0,4.34,16.0,39.0,121.0,6.75,4.01,,,,,,,,,,,,,,,,,,,,,,,,,,,,,,,,
2000,6,188,KAN,False,G,OL,O,Boston Col.,23.0,2002.0,0,0,0,0.0,Darnell Alford,OT,Boston Col.,76.0,334.0,5.56,23.0,25.0,94.0,8.48,4.98,,,,,,,,,,,,,,,,,,,,,,,,,,,,,,,,
2000,6,189,DEN,False,RB,RB,O,Utah,26.0,2007.0,0,0,3,35.0,,,,,,,,,,,,RB,21.0,,,,,,,,,,,439.0,2150.0,4.9,22.0,5.0,51.0,10.2,2.0,,,,,,,,,,,,
2000,6,190,SEA,False,DE,DL,D,Mississippi St.,24.0,2002.0,0,0,0,6.0,,,,,,,,,,,,,,,,,,,,,,,,,,,,,,,,,,,,,,,,,,,
2000,7,193,TAM,False,DB,DB,D,USC,22.0,2003.0,0,0,1,3.0,,,,,,,,,,,,LB,12.0,-29.166666666666668,,,,,,,,,,,,,,,,,,,,,,,,,,,,,
2000,7,194,BUF,False,DT,DL,D,Texas-El Paso,25.0,2001.0,0,0,0,3.0,Leif Larsen,DT,Texas-El Paso,76.0,300.0,5.08,45.0,30.0,110.0,7.46,4.37,,,,,,,,,,,,,,,,,,,,,,,,,,,,,,,,
2000,7,195,NOR,False,DB,DB,D,Purdue,23.0,2005.0,0,0,0,3.0,,,,,,,,,,,,DB,23.0,,,,,,,,,,,,,,,,,,,,,,,,,,,,,4.0,
2000,7,196,JAX,False,WR,WR,O,Arkansas,24.0,2000.0,0,0,0,0.0,,,,,,,,,,,,WR,43.0,,,,,,,,,,,,,,,,,,,101.0,1235.0,12.2,4.0,28.7,,,,,,,
2000,7,197,TEN,False,DE,DL,D,Michigan St.,22.0,2010.0,0,0,6,14.0,Robaire Smith,DE,Michigan State,76.0,275.0,4.88,,,,,,DL,22.0,,,,,,,,,,,,,,,,,,,,,,,,,,,,,,
2000,7,198,STL,False,DB,DB,D,Iowa,23.0,2006.0,0,0,1,1.0,Matt Bowen,S,Iowa,73.0,201.0,4.49,12.0,33.0,115.0,7.06,4.09,DB,33.0,,,,,,,,,,,,,,,,,,,,,,,,,,,,,5.0,
2000,7,199,NWE,False,QB,QB,O,Michigan,23.0,2022.0,3,15,21,168.0,Tom Brady,QB,Michigan,76.0,211.0,5.28,,24.5,99.0,7.2,4.38,QB,29.0,,395.0,638.0,61.9,4773.0,30.0,17.0,7.5,7.22,164.6,,,,,,,,,,,,,,,,,,,,
2000,7,201,NWE,False,DE,DL,D,Purdue,22.0,2002.0,0,0,0,1.0,,,,,,,,,,,,,,,,,,,,,,,,,,,,,,,,,,,,,,,,,,,
2000,7,202,WAS,False,QB,QB,O,Stanford,22.0,2000.0,0,0,0,0.0,Todd Husak,QB,Stanford,75.0,216.0,5.2,,27.5,99.0,7.17,4.41,QB,36.0,,465.0,872.0,53.3,6564.0,41.0,24.0,7.5,7.23,182.3,,,,,,,,,,,,,,,,,,,,
2000,7,206,CLE,False,T,OL,O,Colorado,23.0,2006.0,0,0,0,3.0,Brad Bedell,OG,Colorado,76.0,302.0,5.07,17.0,31.5,103.0,7.76,4.58,,,,,,,,,,,,,,,,,,,,,,,,,,,,,,,,
2000,7,210,CIN,False,TE,TE,O,Missouri State,24.0,2009.0,0,0,0,6.0,,,,,,,,,,,,,,,,,,,,,,,,,,,,,,,,,,,,,,,,,,,
2000,7,211,ATL,False,DB,DB,D,Texas St.,21.0,2003.0,0,0,0,11.0,Darrick Vaughn,CB,Texas State,71.0,196.0,4.53,14.0,36.5,121.0,7.09,4.16,,,,,,,,,,,,,,,,,,,,,,,,,,,,,,,,
2000,7,212,SFO,False,QB,QB,O,Louisiana Tech,23.0,2007.0,0,0,1,10.0,Tim Rattay,QB,Louisiana Tech,72.0,215.0,4.91,,25.5,100.0,7.34,4.21,QB,33.0,,1015.0,1552.0,65.4,12746.0,115.0,35.0,8.2,8.68,386.2,,,,,,,,,,,,,,,,,,,,
2000,7,213,TEN,False,RB,RB,O,Houston,24.0,2002.0,0,0,0,2.0,Mike Green,S,NW State (LA),72.0,189.0,4.53,,38.5,118.0,,4.2,RB,21.0,,,,,,,,,,,243.0,1273.0,5.2,11.0,9.0,114.0,12.7,0.0,,,,,,,,,,,,
2000,7,214,DEN,False,QB,QB,O,Notre Dame,23.0,2003.0,0,0,0,0.0,Jarious Jackson,QB,Notre Dame,72.0,226.0,4.68,,,109.0,,,QB,36.0,,306.0,536.0,57.1,4820.0,34.0,21.0,9.0,8.5,133.9,,,,,,,,,,,,,,,,,,,,
2000,7,215,ARI,False,LB,LB,D,California,22.0,2001.0,0,0,0,3.0,Sekou Sanyika,OLB,California,75.0,241.0,4.75,,32.5,111.0,7.33,4.38,LB,22.0,,,,,,,,,,,,,,,,,,,,,,,,,,,,,,
2000,7,216,WAS,False,DT,DL,D,Maryland,23.0,2002.0,0,0,0,3.0,,,,,,,,,,,,,,,,,,,,,,,,,,,,,,,,,,,,,,,,,,,
2000,7,217,NYG,False,DE,DL,D,California,22.0,2000.0,0,0,0,0.0,,,,,,,,,,,,,,,,,,,,,,,,,,,,,,,,,,,,,,,,,,,
2000,7,219,DAL,False,LB,LB,D,Georgia,22.0,2003.0,0,0,0,2.0,,,,,,,,,,,,,,,,,,,,,,,,,,,,,,,,,,,,,,,,,,,
2000,7,221,CAR,False,LB,LB,D,Washington,23.0,2005.0,0,0,2,16.0,,,,,,,,,,,,,,,,,,,,,,,,,,,,,,,,,,,,,,,,,,,
2000,7,224,GNB,False,T,OL,O,Wisconsin,23.0,2010.0,0,0,9,55.0,Mark Tauscher,OG,Wisconsin,75.0,318.0,5.37,22.0,27.0,90.0,7.91,4.84,,,,,,,,,,,,,,,,,,,,,,,,,,,,,,,,
2000,7,225,CLE,False,DB,DB,D,Colorado,22.0,2000.0,0,0,0,1.0,Rashidi Barnes,S,Colorado,72.0,208.0,4.62,10.0,35.0,114.0,6.92,4.32,DB,28.0,,,,,,,,,,,,,,,,,,,,,,,,,,,,,3.0,
2000,7,227,OAK,False,TE,TE,O,Miami (FL),23.0,2002.0,0,0,0,0.0,Mondriel Fulcher,FB,Miami (FL),75.0,253.0,4.85,18.0,27.0,116.0,7.46,4.52,TE,31.0,,,,,,,,,,,,,,,,,,,33.0,514.0,15.6,3.0,16.6,,,,,,,
2000,7,228,NOR,False,C,OL,O,Ohio St.,23.0,2010.0,0,0,0,14.0,,,,,,,,,,,,TE,23.0,,,,,,,,,,,,,,,,,,,7.0,65.0,9.3,2.0,2.8,,,,,,,
2000,7,230,SFO,False,TE,TE,O,Arizona St.,23.0,2012.0,0,2,0,0.0,,,,,,,,,,,,TE,11.0,,,,,,,,,,,,,,,,,,,3.0,35.0,11.7,1.0,3.2,,,,,,,
2000,7,233,BUF,False,WR,WR,O,Buffalo,22.0,2004.0,0,0,0,0.0,,,,,,,,,,,,WR,11.0,,,,,,,,,,,,,,,,,,,85.0,1158.0,13.6,6.0,105.3,,,,,,,
2000,7,234,TAM,False,QB,QB,O,Georgia Tech,23.0,2000.0,0,0,0,0.0,Joe Hamilton,QB,Georgia Tech,70.0,192.0,4.81,,,106.0,,,QB,43.0,,629.0,1020.0,61.7,8882.0,65.0,39.0,8.7,8.26,206.6,,,,,,,,,,,,,,,,,,,,
2000,7,236,JAX,False,DB,DB,D,Colorado St.,23.0,2000.0,0,0,0,1.0,Erik Olson,S,Colorado State,73.0,208.0,4.63,17.0,35.0,115.0,6.81,4.21,DB,43.0,,,,,,,,,,,,,,,,,,,,,,,,,,,,,11.0,
2000,7,238,IND,False,DB,DB,D,Ala-Birmingham,22.0,2001.0,0,0,0,0.0,,,,,,,,,,,,DB,33.0,,,,,,,,,,,,,,,,,,,,,,,,,,,,,14.0,
2000,7,239,NWE,False,FB,RB,O,Georgia,22.0,2007.0,0,0,0,10.0,,,,,,,,,,,,RB,40.0,,,,,,,,,,,221.0,1022.0,4.6,5.0,35.0,435.0,12.4,2.0,,,,,,,,,,,,
2000,7,241,JAX,False,DE,DL,D,Washington St.,23.0,2008.0,0,0,3,30.0,Rob Meier,DE,Washington State,77.0,284.0,4.99,27.0,30.5,113.0,7.49,4.52,,,,,,,,,,,,,,,,,,,,,,,,,,,,,,,,
2000,7,242,GNB,False,WR,WR,O,Central Florida,22.0,2005.0,0,0,0,1.0,Charles Lee,WR,Central Florida,73.0,202.0,4.56,,35.5,125.0,7.3,4.25,WR,33.0,,,,,,,,,,,,,,,,,,,162.0,2249.0,13.9,14.0,68.2,,,,,,,
2000,7,243,JAX,False,RB,RB,O,Virginia Tech,22.0,2002.0,0,0,0,0.0,Shyrone Stith,RB,Virginia Tech,67.0,204.0,4.6,13.0,35.0,111.0,7.14,4.14,RB,33.0,,,,,,,,,,,448.0,2292.0,5.1,21.0,13.0,116.0,8.9,0.0,,,,,,,,,,,,
2000,7,245,JAX,False,LB,LB,D,Illinois,23.0,2010.0,0,0,8,14.0,Danny Clark,ILB,Illinois,74.0,245.0,4.75,20.0,,,,,LB,33.0,13.1,,,,,,,,,,,,,,,,,,,,,,,,,,,,,
2000,7,248,MIN,False,T,OL,O,South Carolina St.,23.0,2005.0,0,0,0,4.0,,,,,,,,,,,,,,,,,,,,,,,,,,,,,,,,,,,,,,,,,,,
2000,7,249,GNB,False,LB,LB,D,Florida,23.0,2000.0,0,0,0,0.0,,,,,,,,,,,,RB,25.0,,,,,,,,,,,134.0,704.0,5.3,6.0,10.0,103.0,10.3,0.0,,,,,,,,,,,,
2000,7,251,BUF,False,LB,LB,D,Arizona,23.0,2006.0,0,0,1,3.0,DaShon Polk,OLB,Arizona,74.0,233.0,4.75,18.0,32.0,111.0,7.43,4.45,,,,,,,,,,,,,,,,,,,,,,,,,,,,,,,,
2000,7,252,GNB,False,RB,RB,O,LSU,23.0,2002.0,0,0,0,2.0,Rondell Mealey,RB,LSU,72.0,212.0,4.69,,33.0,120.0,6.89,4.15,RB,44.0,,,,,,,,,,,453.0,2238.0,4.9,29.0,33.0,302.0,9.2,4.0,,,,,,,,,,,,
2000,7,254,CHI,False,DB,DB,D,Northwestern St. (LA),23.0,2008.0,0,0,2,21.0,,,,,,,,,,,,,,,,,,,,,,,,,,,,,,,,,,,,,,,,,,,
2001,1,1,ATL,False,QB,QB,O,Virginia Tech,21.0,2015.0,0,4,7,60.0,Michael Vick,QB,Virginia Tech,72.0,210.0,4.33,,,,,,QB,20.0,,177.0,313.0,56.5,3074.0,20.0,11.0,9.8,9.52,153.7,,,,,,,,,,,,,,,,,,,,
2001,1,2,ARI,False,T,OL,O,Texas,23.0,2012.0,0,3,10,27.0,Leonard Davis,OT,Texas,78.0,370.0,5.32,33.0,28.0,97.0,8.72,5.18,OL,,,,,,,,,,,,,,,,,,,,,,,,,,,,,,,
2001,1,3,CLE,False,DT,DL,D,Florida,23.0,2011.0,0,0,9,25.0,Gerard Warren,DT,Florida,76.0,325.0,5.0,,,,,,,,,,,,,,,,,,,,,,,,,,,,,,,,,,,,,
2001,1,4,CIN,False,DE,DL,D,Missouri,21.0,2014.0,1,5,14,27.0,Justin Smith,DE,Missouri,76.0,267.0,4.64,26.0,34.0,117.0,,,,,,,,,,,,,,,,,,,,,,,,,,,,,,,,,,
2001,1,5,SDG,True,RB,RB,O,TCU,22.0,2011.0,3,5,10,121.0,LaDainian Tomlinson,RB,TCU,70.0,221.0,4.46,18.0,40.5,124.0,6.84,4.21,RB,44.0,,,,,,,,,,,907.0,5263.0,5.8,54.0,39.0,238.0,6.1,0.0,,,,,,,,,,,,
2001,1,6,NWE,True,DE,DL,D,Georgia,21.0,2012.0,3,7,11,73.0,Richard Seymour,DT,Georgia,78.0,299.0,4.95,,,,,,,,,,,,,,,,,,,,,,,,,,,,,,,,,,,,,
2001,1,7,SFO,False,DE,DL,D,California,22.0,2013.0,0,1,10,22.0,Andre Carter,DE,California,76.0,249.0,4.84,20.0,38.5,132.0,,4.24,DL,11.0,-5.0,,,,,,,,,,,,,,,,,,,,,,,,,,,,,
2001,1,8,CHI,False,WR,WR,O,Michigan,22.0,2005.0,0,0,1,11.0,David Terrell,WR,Michigan,75.0,213.0,4.43,,,,,,WR,34.0,,,,,,,,,,,,,,,,,,,137.0,2005.0,14.6,19.0,59.0,,,,,,,
2001,1,9,SEA,False,WR,WR,O,North Carolina St.,21.0,2008.0,0,1,4,30.0,Koren Robinson,WR,North Carolina State,73.0,211.0,4.61,,,,,,WR,22.0,,,,,,,,,,,,,,,,,,,110.0,1914.0,17.4,15.0,87.0,,,,,,,
2001,1,10,GNB,False,DE,DL,D,Florida St.,22.0,2003.0,0,0,0,3.0,Jamal Reynolds,DE,Florida State,75.0,267.0,4.72,,,,,,DL,,,,,,,,,,,,,,,,,,,,,,,,,,,,,,,
2001,1,11,CAR,False,LB,LB,D,Miami (FL),22.0,2007.0,0,1,5,30.0,Dan Morgan,ILB,Miami (FL),74.0,240.0,4.54,,,,,,LB,22.0,,,,,,,,,,,,,,,,,,,,,,,,,,,,,,
2001,1,12,STL,False,DT,DL,D,Miami (FL),23.0,2010.0,0,0,3,13.0,Damione Lewis,DT,Miami (FL),75.0,293.0,4.9,22.0,,,,,,,,,,,,,,,,,,,,,,,,,,,,,,,,,,,,
2001,1,13,JAX,False,DT,DL,D,Georgia,23.0,2010.0,0,3,9,50.0,Marcus Stroud,DT,Georgia,78.0,321.0,5.13,21.0,30.0,110.0,8.07,4.72,,,,,,,,,,,,,,,,,,,,,,,,,,,,,,,,
2001,1,14,TAM,False,T,OL,O,Florida,22.0,2006.0,0,0,5,29.0,Kenyatta Walker,OT,Florida,77.0,311.0,5.17,24.0,31.5,109.0,7.7,4.6,,,,,,,,,,,,,,,,,,,,,,,,,,,,,,,,
2001,1,15,WAS,False,WR,WR,O,Clemson,23.0,2006.0,0,0,4,23.0,Rod Gardner,WR,Clemson,74.0,219.0,4.48,,,,,,WR,44.0,,,,,,,,,,,,,,,,,,,151.0,2302.0,15.2,12.0,52.3,,,,,,,
2001,1,16,NYJ,False,WR,WR,O,Miami (FL),22.0,2014.0,0,1,9,23.0,Santana Moss,WR,Miami (FL),70.0,184.0,4.31,,,,,,WR,42.0,,,,,,,,,,,,,,,,,,,143.0,2547.0,17.8,19.0,60.6,,,,,,,
2001,1,17,SEA,True,G,OL,O,Michigan,23.0,2012.0,5,7,11,43.0,Steve Hutchinson,OG,Michigan,77.0,315.0,5.15,31.0,33.5,106.0,,4.74,OL,,,,,,,,,,,,,,,,,,,,,,,,,,,,,,,
2001,1,18,DET,False,T,OL,O,Michigan,23.0,2012.0,0,0,12,61.0,Jeff Backus,OT,Michigan,77.0,310.0,5.37,25.0,27.0,99.0,8.27,4.67,,,,,,,,,,,,,,,,,,,,,,,,,,,,,,,,
2001,1,19,PIT,False,NT,DL,D,Texas,24.0,2012.0,0,5,11,73.0,Casey Hampton,DT,Texas,73.0,314.0,5.25,34.0,,,,,DL,,,,,,,,,,,,,,,,,,,,,,,,,,,,,,,
2001,1,20,STL,False,DB,DB,D,Arizona St.,23.0,2007.0,0,0,7,26.0,Adam Archuleta,S,Arizona State,72.0,211.0,4.46,31.0,,,,,LB,21.0,,,,,,,,,,,,,,,,,,,,,,,,,,,,,,
2001,1,21,BUF,False,DB,DB,D,Ohio St.,21.0,2012.0,0,1,11,39.0,Nate Clements,CB,Ohio State,71.0,209.0,4.38,,,,,,DB,34.0,,,,,,,,,,,,,,,,,,,,,,,,,,,,,7.0,
2001,1,22,NYG,False,DB,DB,D,Syracuse,23.0,2011.0,0,0,8,24.0,Will Allen,CB,Syracuse,70.0,192.0,4.44,14.0,39.5,121.0,6.78,3.9,DB,22.0,,,,,,,,,,,,,,,,,,,,,,,,,,,,,4.0,
2001,1,23,NOR,False,RB,RB,O,Mississippi,22.0,2008.0,0,2,4,55.0,Deuce McAllister,RB,Mississippi,73.0,222.0,4.41,,,,,,RB,43.0,,,,,,,,,,,616.0,3060.0,5.0,37.0,63.0,616.0,9.8,2.0,,,,,,,,,,,,
2001,1,24,DEN,False,DB,DB,D,Minnesota,22.0,2005.0,0,0,0,4.0,Willie Middlebrooks,CB,Minnesota,74.0,200.0,4.5,17.0,,,,,DB,30.0,,,,,,,,,,,,,,,,,,,,,,,,,,,,,4.0,
2001,1,25,PHI,False,WR,WR,O,UCLA,22.0,2004.0,0,0,1,13.0,Freddie Mitchell,WR,UCLA,71.0,185.0,4.46,,39.5,120.0,6.95,4.06,WR,33.0,,,,,,,,,,,,,,,,,,,110.0,1955.0,17.8,9.0,59.2,,,,,,,
2001,1,26,MIA,False,DB,DB,D,Wisconsin,22.0,2008.0,0,0,0,4.0,Jamar Fletcher,CB,Wisconsin,69.0,180.0,4.48,,,,,,DB,29.0,,,,,,,,,,,,,,,,,,,,,,,,,,,,,19.0,
2001,1,27,MIN,False,RB,RB,O,Wisconsin,23.0,2010.0,0,1,3,29.0,Michael Bennett,RB,Wisconsin,69.0,207.0,4.38,13.0,39.5,130.0,,,RB,21.0,25.3,,,,,,,,,,350.0,1890.0,5.4,14.0,5.0,52.0,10.4,0.0,,,,,,,,,,,,
2001,1,28,OAK,False,DB,DB,D,Florida St.,22.0,2006.0,0,0,2,13.0,Derrick Gibson,S,Florida State,74.0,218.0,4.45,17.0,,,,,DB,34.0,,,,,,,,,,,,,,,,,,,,,,,,,,,,,5.0,
2001,1,29,STL,False,DT,DL,D,Ohio St.,21.0,2014.0,0,0,13,22.0,Ryan Pickett,DT,Ohio State,74.0,309.0,5.1,,,,,,,,,,,,,,,,,,,,,,,,,,,,,,,,,,,,,
2001,1,30,IND,False,WR,WR,O,Miami (FL),22.0,2014.0,1,6,13,116.0,Reggie Wayne,WR,Miami (FL),72.0,198.0,4.45,,,,,,WR,45.0,,,,,,,,,,,,,,,,,,,173.0,2510.0,14.5,20.0,55.8,,,,,,,
2001,1,31,BAL,False,TE,TE,O,Arizona St.,21.0,2012.0,0,2,8,42.0,Todd Heap,TE,Arizona State,77.0,252.0,4.68,,,,,,TE,33.0,,,,,,,,,,,,,,,,,,,107.0,1619.0,15.1,10.0,49.1,,,,,,,
2001,1,32,SDG,True,QB,QB,O,Purdue,22.0,2020.0,1,13,19,27.0,Drew Brees,QB,Purdue,72.0,213.0,4.83,,32.0,105.0,7.09,4.21,QB,41.0,,942.0,1525.0,61.8,10909.0,81.0,41.0,7.2,7.01,266.1,,,,,,,,,,,,,,,,,,,,
2001,2,33,CLE,False,WR,WR,O,Kansas St.,23.0,2006.0,0,0,4,17.0,Quincy Morgan,WR,Kansas State,73.0,211.0,4.48,,,,,,WR,24.0,,,,,,,,,,,,,,,,,,,106.0,2173.0,20.5,23.0,90.5,,,,,,,
2001,2,34,ARI,False,DE,DL,D,Nebraska,22.0,2012.0,0,3,9,7.0,Kyle Vanden Bosch,DE,Nebraska,76.0,270.0,4.75,26.0,36.5,119.0,6.82,4.08,,,,,,,,,,,,,,,,,,,,,,,,,,,,,,,,
2001,2,35,ATL,False,TE,TE,O,North Carolina,23.0,2010.0,0,4,10,38.0,Alge Crumpler,TE,North Carolina,74.0,266.0,4.76,22.0,34.0,112.0,7.38,4.43,TE,42.0,,,,,,,,,,,,,,,,,,,68.0,760.0,11.2,5.0,18.1,,,,,,,
2001,2,36,CIN,False,WR,WR,O,Oregon St.,23.0,2011.0,2,6,9,84.0,Chad Johnson,WR,Oregon State,73.0,192.0,4.57,,33.0,108.0,7.51,4.14,WR,11.0,,,,,,,,,,,,,,,,,,,33.0,713.0,21.6,6.0,64.8,,,,,,,
2001,2,37,IND,False,DB,DB,D,Memphis,22.0,2007.0,0,0,4,18.0,Idrees Bashir,S,Memphis,74.0,206.0,4.56,22.0,40.0,126.0,7.14,4.2,DB,22.0,,,,,,,,,,,,,,,,,,,,,,,,,,,,,3.0,
2001,2,38,CHI,False,RB,RB,O,Michigan,23.0,2007.0,0,0,3,22.0,Anthony Thomas,RB,Michigan,74.0,229.0,4.58,20.0,32.5,115.0,7.48,4.44,RB,44.0,,,,,,,,,,,846.0,4098.0,4.8,49.0,78.0,750.0,9.6,1.0,,,,,,,,,,,,
2001,2,39,PIT,False,LB,LB,D,Georgia,23.0,2007.0,0,1,5,29.0,Kendrell Bell,ILB,Georgia,73.0,234.0,4.64,24.0,38.5,124.0,7.25,4.5,LB,21.0,,,,,,,,,,,,,,,,,,,,,,,,,,,,,,
2001,2,40,SEA,False,DB,DB,D,Mississippi,22.0,2009.0,0,0,7,20.0,Ken Lucas,CB,Mississippi,72.0,200.0,4.45,,,,,,WR,22.0,,,,,,,,,,,,,,,,,,,21.0,248.0,11.8,0.0,11.3,,,,,,,
2001,2,41,GNB,False,WR,WR,O,Texas A&M,21.0,2008.0,0,0,3,15.0,Robert Ferguson,WR,Texas A&M,73.0,205.0,4.48,,36.5,120.0,7.24,4.07,WR,10.0,,,,,,,,,,,,,,,,,,,58.0,885.0,15.3,6.0,88.5,,,,,,,
2001,2,42,STL,False,LB,LB,D,Florida St.,23.0,2005.0,0,0,5,23.0,Tommy Polley,OLB,Florida State,76.0,234.0,4.55,,,,,,LB,43.0,,,,,,,,,,,,,,,,,,,,,,,,,,,,,,
2001,2,43,JAX,False,T,OL,O,Michigan,22.0,2009.0,0,0,6,47.0,Maurice Williams,OT,Michigan,77.0,304.0,5.2,24.0,,,,,,,,,,,,,,,,,,,,,,,,,,,,,,,,,,,,
2001,2,44,CAR,False,DT,DL,D,Maryland,22.0,2010.0,2,4,6,54.0,Kris Jenkins,DT,Maryland,77.0,318.0,5.19,33.0,31.0,108.0,7.85,4.4,,,,,,,,,,,,,,,,,,,,,,,,,,,,,,,,
2001,2,45,WAS,False,DB,DB,D,Mississippi St.,22.0,2009.0,0,0,7,34.0,Fred Smoot,CB,Mississippi State,71.0,172.0,4.48,,,,,,DB,22.0,,,,,,,,,,,,,,,,,,,,,,,,,,,,,10.0,
2001,2,46,BUF,False,DE,DL,D,TCU,24.0,2009.0,0,2,8,62.0,Aaron Schobel,DE,TCU,76.0,263.0,4.75,,38.0,119.0,7.16,4.03,DL,,,,,,,,,,,,,,,,,,,,,,,,,,,,,,,
2001,2,47,SFO,False,LB,LB,D,Vanderbilt,22.0,2010.0,0,0,2,12.0,Jamie Winborn,ILB,Vanderbilt,71.0,229.0,4.63,,35.5,111.0,,,,,,,,,,,,,,,,,,,,,,,,,,,,,,,,,,
2001,2,48,NWE,False,T,OL,O,Purdue,23.0,2011.0,1,3,10,89.0,Matt Light,OT,Purdue,77.0,311.0,5.29,26.0,,,7.84,4.49,TE,11.0,,,,,,,,,,,,,,,,,,,1.0,16.0,16.0,0.0,1.5,,,,,,,
2001,2,49,NYJ,False,RB,RB,O,Maryland,22.0,2009.0,0,0,2,11.0,Lamont Jordan,RB,Maryland,70.0,234.0,4.57,24.0,,,,,RB,43.0,,,,,,,,,,,807.0,4147.0,5.1,36.0,76.0,737.0,9.7,1.0,,,,,,,,,,,,
2001,2,50,DET,False,C,OL,O,Nebraska,22.0,2014.0,0,0,13,64.0,Dominic Raiola,C,Nebraska,74.0,307.0,5.13,29.0,33.0,108.0,7.55,4.35,OL,,,,,,,,,,,,,,,,,,,,,,,,,,,,,,,
2001,2,52,MIA,False,WR,WR,O,Wisconsin,23.0,2010.0,0,1,8,41.0,Chris Chambers,WR,Wisconsin,72.0,210.0,4.33,,45.0,134.0,,4.0,WR,37.0,,,,,,,,,,,,,,,,,,,111.0,1817.0,16.4,15.0,49.1,,,,,,,
2001,2,53,DAL,False,QB,QB,O,Georgia,23.0,2004.0,0,0,2,15.0,Quincy Carter,QB,Georgia,74.0,225.0,4.58,,35.5,113.0,7.12,4.12,QB,29.0,,483.0,853.0,56.6,6447.0,35.0,25.0,7.6,7.06,222.3,,,,,,,,,,,,,,,,,,,,
2001,2,54,ARI,False,DB,DB,D,Memphis,23.0,2006.0,0,0,0,2.0,Michael Stone,CB,Memphis,71.0,191.0,4.51,17.0,41.0,127.0,,,DB,22.0,,,,,,,,,,,,,,,,,,,,,,,,,,,,,3.0,
2001,2,55,PHI,False,LB,LB,D,Arkansas,23.0,2005.0,0,0,0,1.0,Quinton Caver,ILB,Arkansas,76.0,227.0,4.67,23.0,37.5,118.0,7.66,4.25,LB,11.0,,,,,,,,,,,,,,,,,,,,,,,,,,,,,,
2001,2,56,DAL,False,DB,DB,D,Alabama,22.0,2004.0,0,0,0,9.0,Tony Dixon,S,Alabama,73.0,213.0,4.63,17.0,37.0,117.0,7.38,,DB,20.0,,,,,,,,,,,,,,,,,,,,,,,,,,,,,3.0,
2001,2,57,MIN,False,DE,DL,D,Stanford,23.0,2001.0,0,0,0,1.0,Willie Howard,DT,Stanford,75.0,295.0,4.94,23.0,,,,,DL,11.0,,,,,,,,,,,,,,,,,,,,,,,,,,,,,,
2001,2,58,BUF,False,RB,RB,O,Tennessee,22.0,2007.0,0,1,4,27.0,Travis Henry,RB,Tennessee,69.0,223.0,4.61,23.0,,,,,RB,40.0,,,,,,,,,,,556.0,3078.0,5.5,26.0,20.0,99.0,5.0,0.0,,,,,,,,,,,,
2001,2,59,OAK,False,QB,QB,O,Washington,22.0,2008.0,0,0,0,1.0,Marques Tuiasosopo,QB,Washington,73.0,223.0,4.71,,35.5,115.0,7.36,4.35,QB,42.0,,418.0,761.0,54.9,5501.0,31.0,28.0,7.2,6.39,131.0,,,,,,,,,,,,,,,,,,,,
2001,2,60,TEN,False,DB,DB,D,Utah,22.0,2007.0,0,0,5,21.0,Andre Dyson,CB,Utah,70.0,179.0,4.4,,,119.0,,,DB,32.0,,,,,,,,,,,,,,,,,,,,,,,,,,,,,13.0,
2001,2,61,DET,False,DT,DL,D,Texas,22.0,2013.0,0,3,8,40.0,Shaun Rogers,DT,Texas,76.0,320.0,5.28,,,,,,,,,,,,,,,,,,,,,,,,,,,,,,,,,,,,,
2001,2,62,BAL,False,DB,DB,D,Baylor,22.0,2006.0,0,0,3,16.0,Gary Baxter,CB,Baylor,74.0,204.0,4.53,,37.5,122.0,7.39,4.21,,,,,,,,,,,,,,,,,,,,,,,,,,,,,,,,
2001,2,63,PHI,False,DE,DL,D,Mississippi,23.0,2010.0,0,2,4,8.0,Derrick Burgess,DE,Mississippi,74.0,264.0,4.92,24.0,40.0,125.0,7.85,,DL,11.0,,,,,,,,,,,,,,,,,,,,,,,,,,,,,,
2001,2,64,ARI,False,DB,DB,D,North Carolina St.,21.0,2012.0,1,5,11,68.0,,,,,,,,,,,,DB,32.0,,,,,,,,,,,,,,,,,,,,,,,,,,,,,5.0,
2001,3,65,CLE,False,RB,RB,O,Miami (FL),25.0,2005.0,0,0,1,9.0,James Jackson,RB,Miami (FL),70.0,210.0,4.55,,,,,,RB,42.0,0.262686567164179,,,,,,,,,,541.0,2950.0,5.5,31.0,38.0,278.0,7.3,3.0,,,,,,,,,,,,
2001,3,66,CIN,False,TE,TE,O,San Jose St.,23.0,2003.0,0,0,0,0.0,Sean Brewer,TE,San Jose State,76.0,255.0,4.73,14.0,36.0,117.0,7.37,4.18,TE,31.0,,,,,,,,,,,,,,,,,,,56.0,580.0,10.4,5.0,18.7,,,,,,,
2001,3,67,SDG,False,DB,DB,D,Florida St.,23.0,2003.0,0,0,1,4.0,Tay Cody,CB,Florida State,69.0,181.0,4.55,11.0,,,,,DB,45.0,,,,,,,,,,,,,,,,,,,,,,,,,,,,,12.0,
2001,3,68,CHI,False,T,OL,O,Notre Dame,22.0,2009.0,0,0,7,8.0,Mike Gandy,OG,Notre Dame,76.0,305.0,5.2,,30.5,103.0,8.03,4.71,,,,,,,,,,,,,,,,,,,,,,,,,,,,,,,,
2001,3,69,MIN,False,DB,DB,D,Kentucky,24.0,2003.0,0,0,2,9.0,Eric Kelly,CB,Kentucky,70.0,199.0,4.46,15.0,36.0,120.0,7.24,4.18,DB,21.0,,,,,,,,,,,,,,,,,,,,,,,,,,,,,4.0,
2001,3,70,NOR,False,LB,LB,D,North Carolina,22.0,2005.0,0,0,3,17.0,Sedrick Hodge,OLB,North Carolina,76.0,244.0,4.49,21.0,32.0,120.0,,4.09,,,,,,,,,,,,,,,,,,,,,,,,,,,,,,,,
2001,3,71,GNB,False,DB,DB,D,Penn St.,22.0,2007.0,0,0,1,8.0,Bhawoh Jue,CB,Penn State,72.0,199.0,4.54,,34.5,113.0,7.21,4.27,DB,34.0,,,,,,,,,,,,,,,,,,,,,,,,,,,,,7.0,
2001,3,72,GNB,False,LB,LB,D,Oklahoma,24.0,2004.0,0,0,0,7.0,Torrance Marshall,ILB,Oklahoma,74.0,249.0,4.7,,,,,,LB,11.0,,,,,,,,,,,,,,,,,,,,,,,,,,,,,,
2001,3,73,JAX,False,LB,LB,D,Tennessee,24.0,2004.0,0,0,0,4.0,Eric Westmoreland,OLB,Tennessee,72.0,236.0,4.63,21.0,36.5,115.0,7.47,4.21,LB,34.0,,,,,,,,,,,,,,,,,,,,,,,,,,,,,,
2001,3,74,CAR,False,WR,WR,O,Utah,22.0,2016.0,2,5,14,92.0,Steve Smith,WR,Utah,69.0,184.0,4.41,,38.5,121.0,7.44,4.25,WR,21.0,,,,,,,,,,,,,,,,,,,78.0,1603.0,20.6,12.0,76.3,,,,,,,
2001,3,75,KAN,False,DT,DL,D,Syracuse,22.0,2004.0,0,0,1,7.0,Eric Downing,DT,Syracuse,75.0,302.0,5.23,27.0,,,,,,,,,,,,,,,,,,,,,,,,,,,,,,,,,,,,
2001,3,76,BUF,False,DT,DL,D,Texas A&M,22.0,2012.0,0,0,6,10.0,Ron Edwards,DT,Texas A&M,75.0,293.0,4.86,,,,,,,,,,,,,,,,,,,,,,,,,,,,,,,,,,,,,
2001,3,77,KAN,False,WR,WR,O,Florida St.,24.0,2002.0,0,0,1,5.0,Snoop Minnis,WR,Florida State,73.0,171.0,4.57,,37.5,115.0,7.06,4.07,WR,42.0,,,,,,,,,,,,,,,,,,,115.0,2098.0,18.2,17.0,50.0,,,,,,,
2001,3,78,NYG,False,DB,DB,D,Western Illinois,22.0,2010.0,0,0,3,16.0,,,,,,,,,,,,,,,,,,,,,,,,,,,,,,,,,,,,,,,,,,,
2001,3,79,NYJ,False,T,OL,O,Penn St.,22.0,2011.0,0,0,10,24.0,Kareem McKenzie,OT,Penn State,78.0,328.0,5.33,20.0,33.0,104.0,7.87,4.8,,,,,,,,,,,,,,,,,,,,,,,,,,,,,,,,
2001,3,80,SFO,False,RB,RB,O,Pittsburgh,22.0,2006.0,0,0,2,33.0,Kevan Barlow,RB,Pittsburgh,73.0,235.0,4.56,,,,,,RB,37.0,,,,,,,,,,,486.0,2324.0,4.8,20.0,36.0,508.0,14.1,4.0,,,,,,,,,,,,
2001,3,81,NOR,False,DT,DL,D,Alabama,23.0,2009.0,0,0,1,7.0,Kenny Smith,DT,Alabama,75.0,299.0,5.24,,30.0,100.0,8.0,4.8,,,,,,,,,,,,,,,,,,,,,,,,,,,,,,,,
2001,3,82,SEA,False,FB,RB,O,Auburn,22.0,2010.0,0,0,0,2.0,Heath Evans,FB,Auburn,72.0,246.0,4.56,30.0,34.5,111.0,7.3,4.24,RB,28.0,,,,,,,,,,,149.0,626.0,4.2,6.0,30.0,354.0,11.8,1.0,,,,,,,,,,,,
2001,3,83,STL,False,LB,LB,D,Florida St.,23.0,2004.0,0,0,0,0.0,Brian Allen,OLB,Florida State,72.0,238.0,4.65,25.0,,,,,LB,34.0,10.926666666666668,,,,,,,,,,,,,,,,,,,,,,,,,,,,,
2001,3,84,TAM,False,DB,DB,D,Akron,23.0,2008.0,0,0,5,18.0,Dwight Smith,CB,Akron,70.0,212.0,4.51,15.0,33.5,114.0,,,DB,44.0,,,,,,,,,,,,,,,,,,,,,,,,,,,,,15.0,
2001,3,85,MIA,False,RB,RB,O,Florida St.,22.0,2008.0,0,0,0,10.0,Travis Minor,RB,Florida State,70.0,197.0,4.44,9.0,32.0,115.0,,,RB,44.0,,,,,,,,,,,664.0,3218.0,4.8,28.0,106.0,831.0,7.8,3.0,,,,,,,,,,,,
2001,3,87,DEN,False,DE,DL,D,Iowa St.,22.0,2009.0,0,0,3,13.0,Reggie Hayward,DE,Iowa State,77.0,255.0,4.91,21.0,41.0,127.0,7.43,4.43,,,,,,,,,,,,,,,,,,,,,,,,,,,,,,,,
2001,3,88,MIA,False,LB,LB,D,Syracuse,23.0,2008.0,0,0,8,21.0,Morlon Greenwood,OLB,Syracuse,72.0,237.0,4.69,21.0,33.5,112.0,7.62,4.08,,,,,,,,,,,,,,,,,,,,,,,,,,,,,,,,
2001,3,89,OAK,False,DE,DL,D,Oregon St.,21.0,2005.0,0,0,2,12.0,DeLawrence Grant,DE,Oregon State,75.0,280.0,4.77,,,,,,DL,11.0,,,,,,,,,,,,,,,,,,,,,,,,,,,,,,
2001,3,90,TEN,False,TE,TE,O,Kansas St.,23.0,2005.0,0,0,0,3.0,Shad Meier,TE,Kansas State,77.0,256.0,4.85,20.0,34.0,113.0,7.14,4.15,TE,30.0,,,,,,,,,,,,,,,,,,,18.0,227.0,12.6,1.0,7.6,,,,,,,
2001,3,91,IND,False,DB,DB,D,Virginia Tech,23.0,2004.0,0,0,0,6.0,Cory Bird,S,Virginia Tech,70.0,217.0,4.6,22.0,,,,,DB,11.0,,,,,,,,,,,,,,,,,,,,,,,,,,,,,2.0,
2001,3,92,BAL,False,C,OL,O,Wisconsin,23.0,2010.0,0,0,7,7.0,Casey Rabach,C,Wisconsin,76.0,298.0,5.23,19.0,,,,,,,,,,,,,,,,,,,,,,,,,,,,,,,,,,,,
2001,3,93,DAL,False,DT,DL,D,Mississippi St.,22.0,2004.0,0,0,1,7.0,Willie Blade,DT,Mississippi State,75.0,316.0,4.93,,,,,,,,,,,,,,,,,,,,,,,,,,,,,,,,,,,,,
2001,3,94,JAX,False,DB,DB,D,Penn St.,23.0,2002.0,0,0,0,2.0,James Boyd,S,Penn State,71.0,207.0,4.59,,32.5,117.0,7.29,4.24,DB,24.0,,,,,,,,,,,,,,,,,,,,,,,,,,,,,6.0,
2001,3,95,BUF,False,T,OL,O,Georgia,23.0,2008.0,0,0,5,21.0,Jonas Jennings,OT,Georgia,76.0,334.0,5.31,31.0,29.5,102.0,8.08,4.93,,,,,,,,,,,,,,,,,,,,,,,,,,,,,,,,
2001,3,96,NWE,False,T,OL,O,South Florida,22.0,2004.0,0,0,1,6.0,Kenyatta Jones,OT,South Florida,75.0,308.0,5.01,31.0,,,,,,,,,,,,,,,,,,,,,,,,,,,,,,,,,,,,
2001,4,97,CLE,False,DB,DB,D,South Florida,24.0,2009.0,0,0,5,19.0,Anthony Henry,CB,South Florida,73.0,198.0,4.6,15.0,41.0,126.0,6.9,4.2,DB,11.0,,,,,,,,,,,,,,,,,,,,,,,,,,,,,5.0,
2001,4,98,ARI,False,K,K,S,South Florida,23.0,2004.0,0,0,0,7.0,,,,,,,,,,,,,,,,,,,,,,,,,,,,,,,,,,,,,,,,,,,
2001,4,99,ATL,False,G,OL,O,Texas A&M-Kingsville,22.0,2014.0,0,0,11,11.0,Roberto Garza,C,Texas A&M-Kingsville,74.0,303.0,5.0,37.0,32.5,114.0,7.71,4.53,,,,,,,,,,,,,,,,,,,,,,,,,,,,,,,,
2001,4,100,CIN,False,RB,RB,O,Auburn,21.0,2008.0,0,1,5,45.0,Rudi Johnson,RB,Auburn,70.0,227.0,4.57,24.0,37.5,119.0,7.32,4.22,RB,12.0,,,,,,,,,,,324.0,1567.0,4.8,13.0,9.0,70.0,7.8,0.0,,,,,,,,,,,,
2001,4,101,NYJ,False,DB,DB,D,Georgia,22.0,2003.0,0,0,0,3.0,Jamie Henderson,CB,Georgia,73.0,202.0,4.48,10.0,40.5,125.0,6.9,4.12,DB,22.0,,,,,,,,,,,,,,,,,,,,,,,,,,,,,8.0,
2001,4,102,ATL,False,LB,LB,D,Vanderbilt,22.0,2006.0,0,0,4,19.0,,,,,,,,,,,,LB,22.0,-1.6999999999999995,,,,,,,,,,,,,,,,,,,,,,,,,,,,,
2001,4,103,CHI,False,LB,LB,D,Minnesota,23.0,2004.0,0,0,0,0.0,Karon Riley,DE,Minnesota,74.0,264.0,4.75,,,,,,DL,11.0,,,,,,,,,,,,,,,,,,,,,,,,,,,,,,
2001,4,104,SEA,False,LB,LB,D,Fresno St.,23.0,2006.0,0,0,3,12.0,Orlando Huff,OLB,Fresno State,74.0,245.0,4.7,16.0,,,,,LB,11.0,,,,,,,,,,,,,,,,,,,,,,,,,,,,,,
2001,4,105,GNB,False,G,OL,O,Wisconsin,22.0,2002.0,0,0,0,1.0,Bill Ferrario,OG,Wisconsin,74.0,314.0,5.3,17.0,,,,,,,,,,,,,,,,,,,,,,,,,,,,,,,,,,,,
2001,4,106,CAR,False,QB,QB,O,Florida St.,29.0,2007.0,0,0,1,9.0,Chris Weinke,QB,Florida State,76.0,226.0,5.2,,,,,,QB,36.0,,650.0,1107.0,58.7,9839.0,79.0,32.0,8.9,9.01,273.3,,,,,,,,,,,,,,,,,,,,
2001,4,107,KAN,False,LB,LB,D,Kansas St.,23.0,2009.0,0,0,0,5.0,Monty Beisel,DE,Kansas State,76.0,270.0,4.83,25.0,34.5,110.0,7.32,4.28,DL,12.0,,,,,,,,,,,,,,,,,,,,,,,,,,,,,,
2001,4,110,BUF,False,LB,LB,D,North Carolina,23.0,2001.0,0,0,1,5.0,Brandon Spoon,ILB,North Carolina,74.0,245.0,4.75,33.0,35.5,110.0,7.3,4.15,,,,,,,,,,,,,,,,,,,,,,,,,,,,,,,,
2001,4,111,PIT,False,T,OL,O,Temple,23.0,2003.0,0,0,0,0.0,Mathias Nkwenti,OG,Temple,75.0,293.0,5.57,29.0,35.5,113.0,7.66,4.18,,,,,,,,,,,,,,,,,,,,,,,,,,,,,,,,
2001,4,112,SDG,False,LB,LB,D,Nebraska,24.0,2008.0,0,0,0,7.0,Carlos Polk,ILB,Nebraska,74.0,251.0,4.76,,,,,,LB,23.0,,,,,,,,,,,,,,,,,,,,,,,,,,,,,,
2001,4,113,DEN,False,G,OL,O,Minnesota,24.0,2010.0,0,0,7,52.0,Ben Hamilton,C,Minnesota,77.0,303.0,5.26,17.0,33.5,106.0,7.62,4.62,OL,,,,,,,,,,,,,,,,,,,,,,,,,,,,,,,
2001,4,114,NYG,False,DE,DL,D,Southern Miss,23.0,2002.0,0,0,0,1.0,Cedric Scott,DE,Southern Miss,78.0,281.0,4.86,23.0,35.5,107.0,7.67,4.37,,,,,,,,,,,,,,,,,,,,,,,,,,,,,,,,
2001,4,115,NOR,False,FB,RB,O,Kansas,23.0,2011.0,0,0,4,0.0,Moran Norris,FB,Kansas,73.0,250.0,4.63,37.0,31.0,114.0,7.56,4.5,RB,29.0,,,,,,,,,,,199.0,864.0,4.3,10.0,17.0,87.0,5.1,1.0,,,,,,,,,,,,
2001,4,117,TAM,False,DB,DB,D,Colorado St.,23.0,2006.0,0,0,0,6.0,John Howell,S,Colorado State,72.0,204.0,4.64,14.0,37.0,121.0,6.87,4.12,DB,22.0,-7.233333333333333,,,,,,,,,,,,,,,,,,,,,,,,,,,,3.0,
2001,4,118,IND,False,T,OL,O,Northern Illinois,22.0,2011.0,0,0,10,72.0,Ryan Diem,OT,Northern Illinois,79.0,338.0,5.13,,34.0,102.0,7.5,4.46,,,,,,,,,,,,,,,,,,,,,,,,,,,,,,,,
2001,4,121,PHI,False,RB,RB,O,Nebraska,22.0,2010.0,0,0,0,21.0,Correll Buckhalter,RB,Nebraska,72.0,226.0,4.53,11.0,40.0,123.0,7.08,4.06,RB,45.0,,,,,,,,,,,413.0,2522.0,6.1,27.0,24.0,200.0,8.3,1.0,,,,,,,,,,,,
2001,4,122,DAL,False,LB,LB,D,USC,22.0,2003.0,0,0,1,8.0,Markus Steele,OLB,USC,75.0,232.0,4.62,,33.0,119.0,7.15,4.5,,,,,,,,,,,,,,,,,,,,,,,,,,,,,,,,
2001,4,123,ARI,False,DT,DL,D,Memphis,22.0,2006.0,0,0,2,8.0,Marcus Bell,DT,Memphis,73.0,319.0,5.32,17.0,,98.0,8.07,4.71,DL,11.0,,,,,,,,,,,,,,,,,,,,,,,,,,,,,,
2001,4,124,TEN,False,WR,WR,O,Northern Illinois,22.0,2008.0,0,0,5,16.0,Justin McCareins,WR,Northern Illinois,74.0,209.0,4.51,,41.0,129.0,7.06,3.99,WR,44.0,,,,,,,,,,,,,,,,,,,204.0,2991.0,14.7,29.0,68.0,,,,,,,
2001,4,125,NYG,False,QB,QB,O,Florida,22.0,2003.0,0,0,0,1.0,Jesse Palmer,QB,Florida,74.0,231.0,4.78,,35.5,112.0,7.13,4.29,QB,27.0,,254.0,479.0,53.0,3755.0,31.0,17.0,7.8,7.54,139.1,,,,,,,,,,,,,,,,,,,,
2001,4,126,BAL,False,LB,LB,D,Western Illinois,23.0,2006.0,0,0,3,24.0,,,,,,,,,,,,,,,,,,,,,,,,,,,,,,,,,,,,,,,,,,,
2001,4,127,SEA,False,DB,DB,D,TCU,23.0,2004.0,0,0,0,2.0,Curtis Fuller,S,TCU,70.0,186.0,4.45,18.0,36.0,114.0,7.2,4.21,DB,33.0,,,,,,,,,,,,,,,,,,,,,,,,,,,,,3.0,
2001,4,128,SEA,False,T,OL,O,Mississippi St.,22.0,2010.0,0,0,5,22.0,,,,,,,,,,,,,,,,,,,,,,,,,,,,,,,,,,,,,,,,,,,
2001,5,129,STL,False,TE,TE,O,Arizona,21.0,2010.0,0,0,7,6.0,Brandon Manumaleuna,TE,Arizona,74.0,275.0,4.99,,30.0,106.0,7.49,4.26,TE,44.0,,,,,,,,,,,,,,,,,,,40.0,544.0,13.6,3.0,12.4,,,,,,,
2001,5,130,MIN,False,DT,DL,D,TCU,25.0,2001.0,0,0,0,0.0,Shawn Worthen,DT,TCU,73.0,310.0,5.18,23.0,30.0,103.0,7.5,4.61,,,,,,,,,,,,,,,,,,,,,,,,,,,,,,,,
2001,5,131,MIN,False,WR,WR,O,TCU,22.0,2002.0,0,0,0,0.0,Cedric James,WR,TCU,74.0,204.0,4.49,,43.0,134.0,,,WR,42.0,,,,,,,,,,,,,,,,,,,40.0,580.0,14.5,4.0,13.8,,,,,,,
2001,5,133,ARI,False,DT,DL,D,Kansas St.,22.0,2004.0,0,0,2,1.0,Mario Fatafehi,DT,Kansas State,74.0,295.0,5.29,,,,,,,,,,,,,,,,,,,,,,,,,,,,,,,,,,,,,
2001,5,135,CIN,False,G,OL,O,Arizona St.,23.0,2002.0,0,0,0,1.0,Victor Leyva,OG,Arizona State,75.0,313.0,5.33,37.0,30.0,105.0,8.0,4.73,OL,11.0,,,,,,,,,,,,,,,,,,,,,,,,,,,,,,
2001,5,137,DAL,False,C,OL,O,Virginia Tech,22.0,2008.0,0,0,3,9.0,Matt Lehr,OG,Virginia Tech,74.0,290.0,5.28,28.0,31.5,111.0,7.59,4.44,,,,,,,,,,,,,,,,,,,,,,,,,,,,,,,,
2001,5,138,CHI,False,T,OL,O,Tulane,22.0,2002.0,0,0,0,3.0,Bernard Robertson,OG,Tulane,75.0,308.0,5.24,19.0,30.0,106.0,8.06,4.58,,,,,,,,,,,,,,,,,,,,,,,,,,,,,,,,
2001,5,139,SDG,False,LB,LB,D,USC,22.0,2005.0,0,0,1,10.0,Zeke Moreno,ILB,USC,74.0,248.0,4.76,24.0,,,7.1,4.31,LB,47.0,,,,,,,,,,,,,,,,,,,,,,,,,,,,,,
2001,5,140,SEA,False,WR,WR,O,Eastern Kentucky,22.0,2006.0,0,1,0,1.0,Alex Bannister,WR,East. Kentucky,77.0,201.0,4.47,,30.5,110.0,,,,,,,,,,,,,,,,,,,,,,,,,,,,,,,,,,
2001,5,141,KAN,False,TE,TE,O,Virginia,22.0,2004.0,0,0,0,0.0,Billy Baber,TE,Virginia,76.0,255.0,4.76,22.0,33.0,106.0,7.12,4.19,TE,44.0,,,,,,,,,,,,,,,,,,,54.0,544.0,10.1,5.0,12.4,,,,,,,
2001,5,143,CAR,False,DB,DB,D,Kansas St.,23.0,2007.0,0,0,1,2.0,Jarrod Cooper,S,Kansas State,72.0,222.0,4.45,,41.5,130.0,6.87,3.9,,,,,,,,,,,,,,,,,,,,,,,,,,,,,,,,
2001,5,144,BUF,False,G,OL,O,Illinois,23.0,2003.0,0,0,1,11.0,Marques Sullivan,OT,Illinois,77.0,338.0,5.32,28.0,30.5,98.0,8.36,4.8,,,,,,,,,,,,,,,,,,,,,,,,,,,,,,,,
2001,5,145,STL,False,DB,DB,D,Kansas St.,22.0,2007.0,0,0,2,16.0,Jerametrius Butler,CB,Kansas State,70.0,173.0,4.57,11.0,36.0,121.0,7.22,4.4,DB,36.0,,,,,,,,,,,,,,,,,,,,,,,,,,,,,10.0,
2001,5,146,PIT,False,C,OL,O,Purdue,22.0,2007.0,0,0,0,7.0,Chukky Okobi,C,Purdue,73.0,316.0,5.27,24.0,32.5,103.0,7.87,4.61,OL,12.0,,,,,,,,,,,,,,,,,,,,,,,,,,,,,,
2001,5,147,PHI,False,TE,TE,O,Penn St.,22.0,2009.0,0,0,1,0.0,Tony Stewart,TE,Penn State,77.0,256.0,4.96,,35.5,109.0,7.3,4.4,TE,45.0,,,,,,,,,,,,,,,,,,,59.0,861.0,14.6,3.0,19.1,,,,,,,
2001,5,148,DET,False,WR,WR,O,Grambling St.,21.0,2003.0,0,0,0,8.0,Scotty Anderson,WR,Grambling State,74.0,184.0,4.57,,34.5,115.0,,,,,,,,,,,,,,,,,,,,,,,,,,,,,,,,,,
2001,5,149,DET,False,QB,QB,O,Rutgers,22.0,2005.0,0,0,0,5.0,Mike McMahon,QB,Rutgers,74.0,207.0,4.57,,37.5,124.0,7.12,4.12,QB,35.0,,482.0,974.0,49.5,6608.0,41.0,52.0,6.8,5.22,188.8,,,,,,,,,,,,,,,,,,,,
2001,5,150,KAN,False,RB,RB,O,S.F. Austin,22.0,2006.0,0,0,0,10.0,Derrick Blaylock,RB,Stephen F. Austin,70.0,194.0,4.36,18.0,35.5,119.0,7.05,4.09,,,,,,,,,,,,,,,,,,,,,,,,,,,,,,,,
2001,5,151,TAM,False,C,OL,O,Nebraska,23.0,2012.0,0,0,1,0.0,Russ Hochstein,OG,Nebraska,75.0,300.0,5.4,16.0,26.5,95.0,7.85,4.69,,,,,,,,,,,,,,,,,,,,,,,,,,,,,,,,
2001,5,152,IND,False,DB,DB,D,Southern Miss,22.0,2005.0,0,0,0,0.0,Raymond Walls,CB,Southern Miss,71.0,176.0,4.51,,39.0,124.0,,4.18,DB,22.0,,,,,,,,,,,,,,,,,,,,,,,,,,,,,4.0,
2001,5,154,WAS,False,WR,WR,O,Delaware St.,24.0,2005.0,0,0,0,6.0,,,,,,,,,,,,,,,,,,,,,,,,,,,,,,,,,,,,,,,,,,,
2001,5,155,PHI,False,QB,QB,O,Oregon,24.0,2011.0,0,0,1,6.0,,,,,,,,,,,,QB,20.0,,146.0,278.0,52.5,2133.0,15.0,6.0,7.7,7.78,106.7,,,,,,,,,,,,,,,,,,,,
2001,5,157,MIN,False,LB,LB,D,Wyoming,22.0,2007.0,0,0,0,3.0,Patrick Chukwurah,OLB,Wyoming,74.0,238.0,4.77,24.0,40.0,119.0,7.34,4.21,DL,22.0,,,,,,,,,,,,,,,,,,,,,,,,,,,,,,
2001,5,159,TEN,False,WR,WR,O,Northern Iowa,23.0,2005.0,0,0,0,3.0,Eddie Berlin,WR,New Mexico,71.0,191.0,4.43,,39.5,122.0,6.78,4.08,,,,,,,,,,,,,,,,,,,,,,,,,,,,,,,,
2001,6,162,NYG,False,WR,WR,O,Troy,22.0,2004.0,0,0,0,0.0,,,,,,,,,,,,,,,,,,,,,,,,,,,,,,,,,,,,,,,,,,,
2001,6,163,NWE,False,LB,LB,D,Washington,21.0,2002.0,0,0,0,1.0,Hakim Akbar,S,Washington,72.0,210.0,4.55,,,,,,DB,33.0,,,,,,,,,,,,,,,,,,,,,,,,,,,,,4.0,
2001,6,165,CLE,False,DB,DB,D,Texas A&M,22.0,2004.0,0,0,0,4.0,Michael Jameson,S,Texas A&M,71.0,186.0,4.5,9.0,34.5,118.0,7.13,4.2,DB,20.0,,,,,,,,,,,,,,,,,,,,,,,,,,,,,7.0,
2001,6,168,CIN,False,LB,LB,D,Stanford,23.0,2003.0,0,0,0,2.0,,,,,,,,,,,,,,,,,,,,,,,,,,,,,,,,,,,,,,,,,,,
2001,6,169,SFO,False,WR,WR,O,Tennessee,22.0,2007.0,0,0,2,11.0,Cedrick Wilson,WR,Tennessee,70.0,179.0,4.48,,38.0,123.0,,,WR,45.0,10.445454545454544,,,,,,,,,,,,,,,,,,159.0,2137.0,13.4,24.0,47.5,,,,,,,
2001,6,171,DAL,False,DT,DL,D,Southern Miss,22.0,2004.0,0,0,0,2.0,Daleroy Stewart,DT,Southern Miss,75.0,309.0,4.9,,33.0,110.0,7.75,4.72,,,,,,,,,,,,,,,,,,,,,,,,,,,,,,,,
2001,6,174,TAM,False,FB,RB,O,Illinois,22.0,2008.0,0,0,2,2.0,Jameel Cook,FB,Illinois,70.0,226.0,4.8,17.0,29.5,108.0,7.55,4.38,RB,31.0,,,,,,,,,,,112.0,508.0,4.5,0.0,60.0,418.0,7.0,4.0,,,,,,,,,,,,
2001,6,175,CAR,False,RB,RB,O,Syracuse,23.0,2006.0,0,0,0,2.0,,,,,,,,,,,,RB,45.0,,,,,,,,,,,493.0,2626.0,5.3,28.0,34.0,206.0,6.1,2.0,,,,,,,,,,,,
2001,6,178,BUF,False,DB,DB,D,Notre Dame,24.0,2002.0,0,0,0,0.0,,,,,,,,,,,,DB,22.0,,,,,,,,,,,,,,,,,,,,,,,,,,,,,4.0,
2001,6,179,SFO,False,DB,DB,D,Louisville,23.0,2003.0,0,0,0,4.0,Rashad Holman,CB,Louisville,71.0,186.0,4.58,6.0,42.0,129.0,7.09,3.85,DB,43.0,,,,,,,,,,,,,,,,,,,,,,,,,,,,,14.0,
2001,6,181,PIT,False,DE,DL,D,Ohio St.,21.0,2007.0,0,0,0,6.0,Rodney Bailey,DE,Ohio State,75.0,283.0,5.1,,,,,,,,,,,,,,,,,,,,,,,,,,,,,,,,,,,,,
2001,6,183,TAM,False,DE,DL,D,Mississippi St.,22.0,2008.0,0,0,1,11.0,Ellis Wyms,DE,Mississippi State,75.0,285.0,4.97,,28.0,103.0,7.71,4.47,DL,9.0,,,,,,,,,,,,,,,,,,,,,,,,,,,,,,
2001,6,184,OAK,False,DT,DL,D,Nebraska-Omaha,24.0,2007.0,0,0,1,10.0,Chris Cooper,DE,Nebraska-Omaha,77.0,272.0,4.95,24.0,35.5,114.0,7.12,4.21,,,,,,,,,,,,,,,,,,,,,,,,,,,,,,,,
2001,6,189,MIN,False,DB,DB,D,Kentucky St.,23.0,2003.0,0,0,0,0.0,Carey Scott,CB,Kentucky State,71.0,208.0,4.65,,30.0,113.0,7.52,4.18,,,,,,,,,,,,,,,,,,,,,,,,,,,,,,,,
2001,6,190,DEN,False,WR,WR,O,Iowa,23.0,2006.0,0,0,0,1.0,Kevin Kasper,WR,Iowa,72.0,199.0,4.42,,43.5,126.0,6.56,3.73,WR,43.0,,,,,,,,,,,,,,,,,,,157.0,1974.0,12.6,11.0,45.9,,,,,,,
2001,6,192,TEN,False,RB,RB,O,Nebraska,23.0,2003.0,0,0,0,0.0,,,,,,,,,,,,RB,38.0,,,,,,,,,,,402.0,2456.0,6.1,20.0,6.0,73.0,12.2,0.0,,,,,,,,,,,,
2001,7,193,IND,False,DB,DB,D,Wisconsin,23.0,2004.0,0,0,0,5.0,Jason Doering,S,Wisconsin,71.0,202.0,4.73,,,,7.07,4.12,DB,21.0,,,,,,,,,,,,,,,,,,,,,,,,,,,,,6.0,
2001,7,194,BAL,False,C,OL,O,New Mexico,22.0,2005.0,0,0,0,7.0,,,,,,,,,,,,,,,,,,,,,,,,,,,,,,,,,,,,,,,,,,,
2001,7,195,BUF,False,TE,TE,O,Notre Dame,24.0,2002.0,0,0,0,0.0,Dan O'Leary,TE,Notre Dame,76.0,252.0,5.02,16.0,32.0,113.0,7.4,4.31,TE,41.0,,,,,,,,,,,,,,,,,,,32.0,383.0,12.0,4.0,9.3,,,,,,,
2001,7,198,GNB,False,TE,TE,O,Tennessee,22.0,2011.0,0,0,4,6.0,David Martin,WR,Tennessee,76.0,242.0,4.76,,,,,,WR,42.0,,,,,,,,,,,,,,,,,,,46.0,543.0,11.8,5.0,12.9,,,,,,,
2001,7,200,NWE,False,DB,DB,D,Miami (FL),22.0,2003.0,0,0,0,1.0,Leonard Myers,CB,Miami (FL),70.0,190.0,4.65,13.0,37.0,120.0,7.21,4.16,DB,44.0,,,,,,,,,,,,,,,,,,,,,,,,,,,,,9.0,
2001,7,202,ARI,False,DB,DB,D,Michigan St.,22.0,2010.0,0,0,8,13.0,Renaldo Hill,CB,Michigan State,71.0,178.0,4.68,10.0,35.5,116.0,7.07,4.18,DB,34.0,,,,,,,,,,,,,,,,,,,,,,,,,,,,,9.0,
2001,7,203,CLE,False,G,OL,O,Boston Col.,22.0,2004.0,0,0,1,9.0,Paul Zukauskas,OG,Boston Col.,77.0,307.0,5.3,22.0,,,,,OL,4.0,,,,,,,,,,,,,,,,,,,,,,,,,,,,,,
2001,7,204,CIN,False,WR,WR,O,Oregon St.,23.0,2011.0,0,1,6,48.0,,,,,,,,,,,,WR,21.0,,,,,,,,,,,,,,,,,,,64.0,981.0,15.3,8.0,46.7,,,,,,,
2001,7,206,NYJ,False,DT,DL,D,Iowa St.,24.0,2007.0,0,0,2,12.0,,,,,,,,,,,,,,,,,,,,,,,,,,,,,,,,,,,,,,,,,,,
2001,7,207,DAL,False,DE,DL,D,Central Missouri St.,23.0,2002.0,0,0,0,0.0,,,,,,,,,,,,,,,,,,,,,,,,,,,,,,,,,,,,,,,,,,,
2001,7,210,SEA,False,DB,DB,D,Northwestern,23.0,2002.0,0,0,0,1.0,Harold Blackmon,CB,Northwestern,71.0,210.0,4.54,17.0,37.0,121.0,7.03,4.28,DB,46.0,,,,,,,,,,,,,,,,,,,,,,,,,,,,,10.0,
2001,7,211,CAR,False,C,OL,O,LSU,22.0,2002.0,0,0,0,0.0,Louis Williams,OG,LSU,76.0,299.0,5.48,25.0,28.5,103.0,7.86,4.67,,,,,,,,,,,,,,,,,,,,,,,,,,,,,,,,
2001,7,212,KAN,False,DB,DB,D,Boise St.,23.0,2004.0,0,0,1,8.0,Shaunard Harts,S,Boise State,72.0,200.0,4.56,12.0,34.5,119.0,7.14,,WR,22.0,,,,,,,,,,,,,,,,,,,31.0,449.0,14.5,3.0,20.4,,,,,,,
2001,7,214,BUF,False,WR,WR,O,Ohio St.,23.0,2001.0,0,0,0,2.0,Reggie Germany,WR,Ohio State,73.0,183.0,4.39,,,,,,WR,40.0,,,,,,,,,,,,,,,,,,,78.0,1234.0,15.8,5.0,30.9,,,,,,,
2001,7,215,ATL,False,DB,DB,D,Appalachian St.,22.0,2001.0,0,0,0,0.0,Corey Hall,S,Appalachian State,75.0,198.0,4.5,14.0,36.5,127.0,,,,,,,,,,,,,,,,,,,,,,,,,,,,,,,,,,
2001,7,219,ATL,False,G,OL,O,Hawaii,22.0,2009.0,0,0,5,37.0,Kynan Forney,OG,Hawaii,74.0,312.0,5.28,23.0,27.0,97.0,8.56,4.7,,,,,,,,,,,,,,,,,,,,,,,,,,,,,,,,
2001,7,220,IND,False,G,OL,O,Idaho,24.0,2007.0,0,0,3,26.0,Rick DeMulling,OG,Idaho,76.0,307.0,5.24,32.0,31.5,108.0,7.62,4.6,,,,,,,,,,,,,,,,,,,,,,,,,,,,,,,,
2001,7,222,SEA,False,C,OL,O,Princeton,21.0,2009.0,0,0,1,0.0,Dennis Norman,OG,Princeton,76.0,305.0,5.16,25.0,35.0,107.0,8.08,4.72,,,,,,,,,,,,,,,,,,,,,,,,,,,,,,,,
2001,7,224,SFO,False,TE,TE,O,Yale,21.0,2007.0,0,0,5,17.0,Eric Johnson,S,Yale,72.0,215.0,4.6,12.0,38.0,121.0,6.96,4.17,,,,,,,,,,,,,,,,,,,,,,,,,,,,,,,,
2001,7,226,ATL,False,DE,DL,D,Texas A&M,21.0,2004.0,0,0,0,0.0,,,,,,,,,,,,,,,,,,,,,,,,,,,,,,,,,,,,,,,,,,,
2001,7,228,OAK,False,DB,DB,D,Ohio St.,22.0,2003.0,0,0,0,0.0,Derek Combs,RB,Ohio State,72.0,193.0,4.42,8.0,35.0,120.0,6.96,4.07,RB,39.0,,,,,,,,,,,266.0,1206.0,4.5,9.0,9.0,89.0,9.9,0.0,,,,,,,,,,,,
2001,7,230,NYG,False,DT,DL,D,Wisconsin,23.0,2007.0,0,0,1,1.0,Ross Kolodziej,DE,Wisconsin,75.0,290.0,4.87,25.0,34.5,111.0,7.37,4.36,DL,12.0,,,,,,,,,,,,,,,,,,,,,,,,,,,,,,
2001,7,233,JAX,False,DB,DB,D,Kentucky,24.0,2008.0,0,0,7,13.0,Marlon McCree,S,Kentucky,71.0,197.0,4.62,10.0,38.0,117.0,7.36,4.1,LB,22.0,,,,,,,,,,,,,,,,,,,,,,,,,,,,,,
2001,7,236,ATL,False,WR,WR,O,Kentucky,23.0,2003.0,0,0,0,5.0,Quentin McCord,WR,Kentucky,70.0,191.0,4.48,,36.5,112.0,7.17,4.18,WR,39.0,,,,,,,,,,,,,,,,,,,112.0,1743.0,15.6,15.0,44.7,,,,,,,
2001,7,238,BUF,False,DT,DL,D,Hinds CC,22.0,2001.0,0,0,0,1.0,,,,,,,,,,,,,,,,,,,,,,,,,,,,,,,,,,,,,,,,,,,
2001,7,239,NWE,False,LB,LB,D,Michigan St.,22.0,2001.0,0,0,0,0.0,T.J. Turner,ILB,Michigan State,75.0,273.0,4.8,,,,,,,,,,,,,,,,,,,,,,,,,,,,,,,,,,,,,
2001,7,240,DAL,False,DT,DL,D,Southern Miss,24.0,2004.0,0,0,0,2.0,,,,,,,,,,,,,,,,,,,,,,,,,,,,,,,,,,,,,,,,,,,
2001,7,242,DAL,False,T,OL,O,Florida St.,23.0,2002.0,0,0,0,1.0,Char-Ron Dorsey,OT,Florida State,78.0,348.0,5.99,16.0,,,,,,,,,,,,,,,,,,,,,,,,,,,,,,,,,,,,
2001,7,244,SDG,False,DB,DB,D,Clemson,22.0,2002.0,0,0,0,1.0,Robert Carswell,S,Clemson,72.0,214.0,4.59,21.0,34.0,106.0,7.14,4.18,DB,22.0,,,,,,,,,,,,,,,,,,,,,,,,,,,,,7.0,
2001,7,245,CLE,False,WR,WR,O,Miami (FL),27.0,2004.0,0,0,0,2.0,Andre King,WR,Miami (FL),72.0,199.0,4.61,,,,,,WR,41.0,,,,,,,,,,,,,,,,,,,64.0,834.0,13.0,3.0,20.3,,,,,,,
2002,1,1,HOU,False,QB,QB,O,Fresno St.,23.0,2012.0,0,0,5,42.0,David Carr,QB,Fresno State,75.0,223.0,4.67,,35.0,108.0,7.05,4.28,QB,35.0,,530.0,845.0,62.7,6927.0,61.0,20.0,8.2,8.58,197.9,,,,,,,,,,,,,,,,,,,,
2002,1,2,CAR,True,DE,DL,D,North Carolina,22.0,2018.0,3,9,16,75.0,Julius Peppers,DE,North Carolina,78.0,283.0,4.74,,,,,,DL,34.0,,,,,,,,,,,,,,,,,,,,,,,,,,,,,,
2002,1,3,DET,False,QB,QB,O,Oregon,23.0,2007.0,0,0,6,23.0,Joey Harrington,QB,Oregon,76.0,215.0,4.89,,32.0,112.0,7.0,4.21,QB,31.0,,445.0,813.0,54.7,6057.0,52.0,21.0,7.5,7.57,195.4,,,,,,,,,,,,,,,,,,,,
2002,1,4,BUF,False,T,OL,O,Texas,22.0,2009.0,0,0,4,21.0,Mike Williams,OT,Texas,78.0,375.0,5.3,29.0,30.0,102.0,,,OL,,10.072222222222225,,,,,,,,,,,,,,,,,,,,,,,,,,,,,
2002,1,5,SDG,False,DB,DB,D,Texas,23.0,2013.0,0,0,10,51.0,Quentin Jammer,CB,Texas,72.0,204.0,4.49,18.0,36.0,124.0,,,DB,34.0,,,,,,,,,,,,,,,,,,,,,,,,,,,,,7.0,
2002,1,6,KAN,False,DT,DL,D,North Carolina,22.0,2010.0,0,0,3,14.0,Ryan Sims,DT,North Carolina,76.0,311.0,5.09,27.0,,,,,,,,,,,,,,,,,,,,,,,,,,,,,,,,,,,,
2002,1,7,MIN,False,T,OL,O,Miami (FL),22.0,2013.0,0,1,11,52.0,Bryant McKinnie,OT,Miami (FL),80.0,343.0,5.13,,,,,,OL,11.0,,,,,,,,,,,,,,,,,,,,,,,,,,,,,,
2002,1,8,DAL,False,DB,DB,D,Oklahoma,22.0,2010.0,1,5,7,54.0,Roy Williams,S,Oklahoma,72.0,219.0,4.53,13.0,30.5,115.0,,,DB,24.0,,,,,,,,,,,,,,,,,,,,,,,,,,,,,0.0,
2002,1,9,JAX,False,DT,DL,D,Tennessee,23.0,2011.0,0,2,8,62.0,John Henderson,DT,Tennessee,79.0,308.0,4.87,24.0,27.5,110.0,7.71,4.66,DL,23.0,,,,,,,,,,,,,,,,,,,,,,,,,,,,,,
2002,1,10,CIN,False,T,OL,O,Arizona St.,23.0,2009.0,0,0,7,39.0,Levi Jones,OT,Arizona State,77.0,304.0,5.21,,,103.0,,,,,,,,,,,,,,,,,,,,,,,,,,,,,,,,,,
2002,1,11,IND,True,DE,DL,D,Syracuse,22.0,2017.0,3,7,11,77.0,Dwight Freeney,DE,Syracuse,73.0,266.0,4.48,28.0,,,,,DL,,,,,,,,,,,,,,,,,,,,,,,,,,,,,,,
2002,1,12,ARI,False,DT,DL,D,Wisconsin,21.0,2004.0,0,0,0,4.0,Wendell Bryant,DT,Wisconsin,76.0,308.0,4.91,,,,,,,,,,,,,,,,,,,,,,,,,,,,,,,,,,,,,
2002,1,13,NOR,False,WR,WR,O,Tennessee,21.0,2012.0,0,0,4,22.0,Donte' Stallworth,WR,Tennessee,72.0,197.0,4.22,,,,,,WR,31.0,,,,,,,,,,,,,,,,,,,99.0,1747.0,17.6,13.0,56.4,,,,,,,
2002,1,14,NYG,False,TE,TE,O,Miami (FL),22.0,2011.0,1,4,10,35.0,Jeremy Shockey,TE,Miami (FL),77.0,255.0,4.64,,,,,,TE,21.0,,,,,,,,,,,,,,,,,,,61.0,815.0,13.4,10.0,38.8,,,,,,,
2002,1,15,TEN,False,DT,DL,D,Tennessee,21.0,2011.0,2,2,7,48.0,Albert Haynesworth,DT,Tennessee,78.0,320.0,5.09,,,,,,,,,,,,,,,,,,,,,,,,,,,,,,,,,,,,,
2002,1,16,CLE,False,RB,RB,O,Boston Col.,22.0,2005.0,0,0,3,14.0,William Green,RB,Boston Col.,72.0,221.0,4.6,27.0,42.0,121.0,,,RB,31.0,16.477272727272727,,,,,,,,,,501.0,2974.0,5.9,33.0,31.0,343.0,11.1,3.0,,,,,,,,,,,,
2002,1,17,OAK,False,DB,DB,D,Miami (FL),21.0,2011.0,0,0,5,15.0,Phillip Buchanon,CB,Miami (FL),70.0,186.0,4.31,,,,,,DB,22.0,,,,,,,,,,,,,,,,,,,,,,,,,,,,,7.0,
2002,1,18,ATL,False,RB,RB,O,Michigan St.,21.0,2008.0,0,0,1,18.0,T.J. Duckett,RB,Michigan State,72.0,254.0,4.45,,,,,,RB,33.0,,,,,,,,,,,580.0,3118.0,5.4,27.0,21.0,142.0,6.8,1.0,,,,,,,,,,,,
2002,1,19,DEN,False,WR,WR,O,Hawaii,22.0,2008.0,0,0,4,30.0,Ashley Lelie,WR,Hawaii,75.0,197.0,4.49,,,,,,WR,36.0,,,,,,,,,,,,,,,,,,,194.0,3341.0,17.2,32.0,92.8,,,,,,,
2002,1,20,GNB,False,WR,WR,O,Florida St.,23.0,2009.0,0,1,3,25.0,Javon Walker,WR,Florida State,75.0,210.0,4.38,,39.5,128.0,6.86,4.05,WR,20.0,,,,,,,,,,,,,,,,,,,65.0,1257.0,19.3,10.0,62.9,,,,,,,
2002,1,21,NWE,False,TE,TE,O,Colorado,23.0,2012.0,0,0,7,13.0,Daniel Graham,TE,Colorado,75.0,248.0,4.64,,36.0,118.0,,,TE,42.0,,,,,,,,,,,,,,,,,,,106.0,1543.0,14.6,11.0,36.7,,,,,,,
2002,1,22,NYJ,False,DE,DL,D,Ala-Birmingham,23.0,2012.0,0,0,7,49.0,Bryan Thomas,DE,Ala-Birmingham,76.0,266.0,4.47,33.0,34.5,,,,DL,11.0,,,,,,,,,,,,,,,,,,,,,,,,,,,,,,
2002,1,23,OAK,False,LB,LB,D,Northwestern,23.0,2008.0,0,0,6,14.0,Napoleon Harris,OLB,Northwestern,75.0,253.0,4.55,27.0,34.0,115.0,7.15,4.44,LB,34.0,,,,,,,,,,,,,,,,,,,,,,,,,,,,,,
2002,1,24,BAL,True,DB,DB,D,Miami (FL),23.0,2013.0,5,9,11,100.0,Ed Reed,S,Miami (FL),71.0,201.0,4.57,,,,,,DB,45.0,,,,,,,,,,,,,,,,,,,,,,,,,,,,,21.0,
2002,1,25,NOR,False,DE,DL,D,Georgia,24.0,2009.0,0,0,7,46.0,Charles Grant,DE,Georgia,75.0,282.0,4.69,24.0,31.0,118.0,7.69,4.39,RB,11.0,,,,,,,,,,,17.0,79.0,4.6,3.0,0.0,0.0,,0.0,,,,,,,,,,,,
2002,1,26,PHI,False,DB,DB,D,Florida,21.0,2011.0,1,2,7,42.0,Lito Sheppard,CB,Florida,70.0,194.0,4.47,11.0,37.5,120.0,,,DB,34.0,,,,,,,,,,,,,,,,,,,,,,,,,,,,,8.0,
2002,1,27,SFO,False,DB,DB,D,Miami (FL),22.0,2006.0,0,0,1,8.0,Mike Rumph,CB,Miami (FL),74.0,205.0,4.47,,,,,,DB,34.0,,,,,,,,,,,,,,,,,,,,,,,,,,,,,6.0,
2002,1,28,SEA,False,TE,TE,O,Washington,22.0,2010.0,0,0,2,13.0,Jerramy Stevens,TE,Washington,79.0,265.0,4.77,,,,,,TE,27.0,,,,,,,,,,,,,,,,,,,74.0,953.0,12.9,8.0,35.3,,,,,,,
2002,1,29,CHI,False,T,OL,O,Boston Col.,23.0,2011.0,0,0,6,2.0,Marc Colombo,OT,Boston Col.,80.0,313.0,5.27,30.0,29.5,101.0,7.65,4.6,,,,,,,,,,,,,,,,,,,,,,,,,,,,,,,,
2002,1,30,PIT,False,G,OL,O,Auburn,23.0,2009.0,0,0,5,34.0,Kendall Simmons,OG,Auburn,75.0,311.0,5.3,24.0,28.5,98.0,7.84,4.71,,,,,,,,,,,,,,,,,,,,,,,,,,,,,,,,
2002,1,31,STL,False,LB,LB,D,UCLA,22.0,2008.0,0,0,5,13.0,Robert Thomas,OLB,UCLA,72.0,229.0,4.51,21.0,34.0,116.0,7.21,4.1,LB,11.0,,,,,,,,,,,,,,,,,,,,,,,,,,,,,,
2002,1,32,WAS,False,QB,QB,O,Tulane,23.0,2008.0,0,0,1,13.0,Patrick Ramsey,QB,Tulane,74.0,219.0,5.24,,33.5,112.0,7.12,4.09,QB,35.0,,798.0,1355.0,58.9,9205.0,72.0,51.0,6.8,6.16,263.0,,,,,,,,,,,,,,,,,,,,
2002,2,33,HOU,False,WR,WR,O,Florida,21.0,2012.0,0,0,6,14.0,Jabar Gaffney,WR,Florida,73.0,193.0,4.56,,,,6.87,4.06,WR,23.0,,,,,,,,,,,,,,,,,,,138.0,2375.0,17.2,27.0,103.3,,,,,,,
2002,2,34,CAR,False,RB,RB,O,UCLA,22.0,2008.0,0,0,3,30.0,DeShaun Foster,RB,UCLA,73.0,222.0,4.57,20.0,35.5,119.0,6.82,4.16,RB,38.0,,,,,,,,,,,686.0,3049.0,4.4,39.0,57.0,535.0,9.4,4.0,,,,,,,,,,,,
2002,2,35,DET,False,DE,DL,D,South Carolina,22.0,2008.0,0,0,2,15.0,Kalimba Edwards,DE,South Carolina,77.0,265.0,4.75,,,,,,LB,11.0,,,,,,,,,,,,,,,,,,,,,,,,,,,,,,
2002,2,36,BUF,False,WR,WR,O,LSU,22.0,2009.0,0,0,3,27.0,Josh Reed,WR,LSU,70.0,210.0,4.54,,,,,,WR,31.0,,,,,,,,,,,,,,,,,,,167.0,3001.0,18.0,17.0,96.8,,,,,,,
2002,2,37,DAL,False,G,OL,O,Colorado,24.0,2013.0,0,5,8,62.0,Andre Gurode,OG,Colorado,76.0,316.0,5.34,,30.5,100.0,8.15,5.05,OL,,,,,,,,,,,,,,,,,,,,,,,,,,,,,,,
2002,2,38,MIN,False,LB,LB,D,Washington St.,23.0,2007.0,0,0,0,5.0,Raonall Smith,OLB,Washington State,74.0,244.0,4.53,26.0,42.0,125.0,7.1,4.11,LB,10.0,,,,,,,,,,,,,,,,,,,,,,,,,,,,,,
2002,2,39,SDG,False,G,OL,O,Nebraska,20.0,2006.0,0,0,2,17.0,Toniu Fonoti,OG,Nebraska,76.0,349.0,5.49,32.0,28.5,97.0,8.12,4.81,,,,,,,,,,,,,,,,,,,,,,,,,,,,,,,,
2002,2,40,JAX,False,T,OL,O,Florida,22.0,2005.0,0,0,2,17.0,,,,,,,,,,,,OL,,,,,,,,,,,,,,,,,,,,,,,,,,,,,,,
2002,2,41,CIN,False,DB,DB,D,Washington St.,24.0,2007.0,0,0,3,1.0,Lamont Thompson,S,Washington State,73.0,220.0,4.59,12.0,33.5,120.0,,,DB,42.0,,,,,,,,,,,,,,,,,,,,,,,,,,,,,21.0,
2002,2,42,IND,False,DT,DL,D,Washington,23.0,2007.0,0,0,4,14.0,Larry Tripplett,DT,Washington,74.0,305.0,4.93,,30.0,102.0,,4.36,,,,,,,,,,,,,,,,,,,,,,,,,,,,,,,,
2002,2,43,KAN,False,DE,DL,D,Ala-Birmingham,24.0,2003.0,0,0,0,1.0,Eddie Freeman,DT,Ala-Birmingham,77.0,310.0,4.91,32.0,34.5,111.0,7.85,4.81,,,,,,,,,,,,,,,,,,,,,,,,,,,,,,,,
2002,2,44,NOR,False,G,OL,O,Ohio St.,22.0,2005.0,0,2,4,29.0,LeCharles Bentley,C,Ohio State,74.0,299.0,5.19,,25.5,103.0,7.85,4.54,OL,,,,,,,,,,,,,,,,,,,,,,,,,,,,,,,
2002,2,45,TEN,False,DB,DB,D,Stanford,22.0,2007.0,0,0,4,19.0,Tank Williams,S,Stanford,74.0,222.0,4.46,19.0,38.5,125.0,6.78,3.93,DB,32.0,,,,,,,,,,,,,,,,,,,,,,,,,,,,,9.0,
2002,2,46,NYG,False,WR,WR,O,Auburn,22.0,2009.0,0,0,0,9.0,Tim Carter,WR,Auburn,72.0,190.0,4.32,,39.0,126.0,6.68,3.93,WR,29.0,,,,,,,,,,,,,,,,,,,57.0,842.0,14.8,4.0,29.0,,,,,,,
2002,2,47,CLE,False,WR,WR,O,Virginia Tech,23.0,2009.0,0,0,1,12.0,Andre' Davis,WR,Virginia Tech,73.0,194.0,4.42,,39.5,123.0,6.77,4.1,WR,39.0,1.743548387096774,,,,,,,,,,,,,,,,,,103.0,1986.0,19.3,18.0,50.9,,,,,,,
2002,2,48,SDG,False,WR,WR,O,Florida,23.0,2007.0,0,0,1,11.0,Reche Caldwell,WR,Florida,72.0,194.0,4.53,,41.5,130.0,7.0,4.1,WR,35.0,,,,,,,,,,,,,,,,,,,141.0,2088.0,14.8,18.0,59.7,,,,,,,
2002,2,49,ARI,False,LB,LB,D,North Carolina St.,23.0,2003.0,0,0,1,6.0,Levar Fisher,OLB,North Carolina State,73.0,233.0,4.67,,31.0,110.0,7.3,,LB,22.0,,,,,,,,,,,,,,,,,,,,,,,,,,,,,,
2002,2,50,HOU,False,T,OL,O,San Diego St.,23.0,2010.0,0,0,7,42.0,Chester Pitts,OT,San Diego State,76.0,320.0,5.22,,30.0,106.0,7.84,4.81,,,,,,,,,,,,,,,,,,,,,,,,,,,,,,,,
2002,2,51,DEN,False,RB,RB,O,Miami (FL),21.0,2010.0,0,2,7,30.0,Clinton Portis,RB,Miami (FL),71.0,204.0,4.42,,,,,,RB,29.0,,,,,,,,,,,440.0,2523.0,5.7,20.0,21.0,272.0,13.0,3.0,,,,,,,,,,,,
2002,2,52,BAL,False,DE,DL,D,Notre Dame,22.0,2008.0,0,0,6,28.0,Anthony Weaver,DT,Notre Dame,75.0,296.0,4.95,24.0,32.5,109.0,7.37,4.31,DL,22.0,,,,,,,,,,,,,,,,,,,,,,,,,,,,,,
2002,2,53,OAK,False,T,OL,O,California,23.0,2010.0,0,0,4,19.0,Langston Walker,OT,California,80.0,344.0,5.26,21.0,28.5,102.0,8.09,4.95,,,,,,,,,,,,,,,,,,,,,,,,,,,,,,,,
2002,2,54,SEA,False,RB,RB,O,Oregon,22.0,2011.0,0,0,1,18.0,Maurice Morris,RB,Oregon,71.0,208.0,4.53,23.0,38.5,119.0,,,RB,21.0,,,,,,,,,,,429.0,2066.0,4.8,16.0,30.0,203.0,6.8,2.0,,,,,,,,,,,,
2002,2,55,OAK,False,TE,TE,O,BYU,23.0,2006.0,0,0,2,9.0,Doug Jolley,TE,BYU,76.0,251.0,4.6,18.0,38.0,117.0,6.9,4.18,TE,33.0,,,,,,,,,,,,,,,,,,,52.0,768.0,14.8,11.0,23.3,,,,,,,
2002,2,56,WAS,False,RB,RB,O,Iowa,23.0,2010.0,0,0,1,30.0,Ladell Betts,RB,Iowa,70.0,220.0,4.62,23.0,38.0,116.0,7.06,4.06,RB,45.0,,,,,,,,,,,830.0,3682.0,4.4,25.0,71.0,692.0,9.7,2.0,,,,,,,,,,,,
2002,2,57,NYJ,False,DB,DB,D,Kansas St.,23.0,2011.0,0,0,2,4.0,Jon McGraw,S,Kansas State,75.0,208.0,4.5,13.0,39.5,126.0,6.51,3.92,DB,44.0,,,,,,,,,,,,,,,,,,,,,,,,,,,,,9.0,
2002,2,58,PHI,False,DB,DB,D,Colorado,22.0,2010.0,0,1,6,27.0,Michael Lewis,S,Colorado,73.0,211.0,4.6,16.0,36.5,122.0,6.96,4.14,DB,29.0,-26.3,,,,,,,,,,,,,,,,,,,,,,,,,,,,9.0,
2002,2,59,PHI,False,DB,DB,D,South Carolina,23.0,2012.0,0,0,9,39.0,Sheldon Brown,CB,South Carolina,70.0,196.0,4.47,15.0,36.5,120.0,7.0,4.24,DB,43.0,,,,,,,,,,,,,,,,,,,,,,,,,,,,,9.0,
2002,2,60,SEA,False,DE,DL,D,UNLV,24.0,2005.0,0,0,0,2.0,Anton Palepoi,DE,UNLV,75.0,279.0,4.81,24.0,33.5,114.0,7.46,4.27,,,,,,,,,,,,,,,,,,,,,,,,,,,,,,,,
2002,2,61,BUF,False,DE,DL,D,BYU,25.0,2010.0,0,0,2,23.0,Ryan Denney,DE,BYU,79.0,276.0,4.86,36.0,33.0,107.0,7.18,4.25,DL,13.0,,,,,,,,,,,,,,,,,,,,,,,,,,,,,,
2002,2,62,PIT,False,WR,WR,O,Indiana,23.0,2010.0,0,0,4,28.0,Antwaan Randle El,WR,Indiana,70.0,191.0,4.49,,,,,,QB,44.0,,528.0,1060.0,49.8,7469.0,42.0,37.0,7.0,6.27,169.8,,,,,,,,,,,,,,,,,,,,
2002,2,63,DAL,False,WR,WR,O,Pittsburgh,21.0,2009.0,0,0,6,8.0,Antonio Bryant,WR,Pittsburgh,73.0,188.0,4.57,,37.0,121.0,,,WR,31.0,,,,,,,,,,,,,,,,,,,161.0,2805.0,17.4,26.0,90.5,,,,,,,
2002,2,64,STL,False,DB,DB,D,Central Florida,22.0,2009.0,0,0,6,19.0,,,,,,,,,,,,DB,32.0,,,,,,,,,,,,,,,,,,,,,,,,,,,,,4.0,
2002,3,65,NWE,False,WR,WR,O,Louisville,23.0,2012.0,0,0,7,39.0,Deion Branch,WR,Louisville,69.0,191.0,4.47,,36.0,117.0,6.71,3.78,WR,23.0,,,,,,,,,,,,,,,,,,,143.0,2204.0,15.4,18.0,95.8,,,,,,,
2002,3,66,HOU,False,G,OL,O,Tennessee,24.0,2007.0,0,0,3,18.0,Fred Weary,C,Tennessee,76.0,308.0,5.37,34.0,32.0,104.0,7.68,4.63,,,,,,,,,,,,,,,,,,,,,,,,,,,,,,,,
2002,3,67,CIN,False,TE,TE,O,TCU,23.0,2008.0,0,0,1,8.0,Matt Schobel,TE,TCU,77.0,263.0,,,34.5,,,,WR,27.0,,,,,,,,,,,,,,,,,,,27.0,378.0,14.0,6.0,14.0,,,,,,,
2002,3,68,DET,False,DB,DB,D,South Carolina,24.0,2011.0,0,0,5,7.0,,,,,,,,,,,,DB,21.0,,,,,,,,,,,,,,,,,,,,,,,,,,,,,4.0,
2002,3,69,SFO,False,LB,LB,D,Alabama,21.0,2005.0,0,0,0,5.0,Saleem Rasheed,ILB,Alabama,75.0,229.0,4.66,26.0,,,,,,,,,,,,,,,,,,,,,,,,,,,,,,,,,,,,
2002,3,70,MIN,False,DB,DB,D,South Carolina,23.0,2005.0,0,0,0,5.0,Willie Offord,S,South Carolina,74.0,215.0,4.61,22.0,35.0,117.0,,,DB,22.0,,,,,,,,,,,,,,,,,,,,,,,,,,,,,2.0,
2002,3,71,SDG,False,LB,LB,D,Kansas St.,23.0,2011.0,0,0,8,17.0,Ben Leber,OLB,Kansas State,75.0,244.0,4.62,20.0,32.5,114.0,6.75,4.25,LB,13.0,,,,,,,,,,,,,,,,,,,,,,,,,,,,,,
2002,3,72,CHI,False,DB,DB,D,Tuskegee,23.0,2003.0,0,0,0,2.0,,,,,,,,,,,,,,,,,,,,,,,,,,,,,,,,,,,,,,,,,,,
2002,3,73,CAR,False,LB,LB,D,Georgia,22.0,2013.0,0,0,8,26.0,Will Witherspoon,OLB,Georgia,73.0,231.0,4.68,25.0,38.0,122.0,7.09,4.21,,,,,,,,,,,,,,,,,,,,,,,,,,,,,,,,
2002,3,74,IND,False,DB,DB,D,Western Kentucky,22.0,2005.0,0,0,0,3.0,,,,,,,,,,,,,,,,,,,,,,,,,,,,,,,,,,,,,,,,,,,
2002,3,75,DAL,False,DB,DB,D,Ohio St.,22.0,2004.0,0,0,1,6.0,Derek Ross,CB,Ohio State,71.0,197.0,4.56,17.0,,118.0,,,DB,22.0,,,,,,,,,,,,,,,,,,,,,,,,,,,,,9.0,
2002,3,76,CLE,False,C,OL,O,Maryland,23.0,2008.0,0,0,4,6.0,Melvin Fowler,C,Maryland,75.0,300.0,5.46,32.0,27.0,99.0,7.51,4.6,,,,,,,,,,,,,,,,,,,,,,,,,,,,,,,,
2002,3,77,TEN,False,LB,LB,D,Oklahoma,23.0,2004.0,0,0,1,8.0,Rocky Calmus,OLB,Oklahoma,75.0,243.0,4.69,16.0,,,,,LB,35.0,,,,,,,,,,,,,,,,,,,,,,,,,,,,,,
2002,3,78,NYG,False,T,OL,O,Pennsylvania,22.0,2003.0,0,0,0,2.0,,,,,,,,,,,,,,,,,,,,,,,,,,,,,,,,,,,,,,,,,,,
2002,3,79,WAS,False,DB,DB,D,Oregon,23.0,2005.0,0,0,0,2.0,Rashad Bauman,CB,Oregon,68.0,186.0,4.44,10.0,39.0,118.0,,,DB,44.0,,,,,,,,,,,,,,,,,,,,,,,,,,,,,11.0,
2002,3,80,ATL,False,LB,LB,D,Tennessee,22.0,2003.0,0,0,0,1.0,Will Overstreet,DE,Tennessee,75.0,259.0,4.65,21.0,32.5,116.0,7.37,4.31,DL,11.0,,,,,,,,,,,,,,,,,,,,,,,,,,,,,,
2002,3,81,ARI,False,QB,QB,O,Sam Houston St.,23.0,2019.0,0,0,5,13.0,Josh McCown,QB,SMU,76.0,221.0,4.59,,38.5,120.0,6.85,3.9,QB,30.0,,340.0,664.0,51.2,4022.0,27.0,34.0,6.1,4.57,134.1,,,,,,,,,,,,,,,,,,,,
2002,3,82,NOR,False,LB,LB,D,Oregon St.,22.0,2005.0,0,0,1,9.0,James Allen,OLB,Oregon State,75.0,240.0,4.62,24.0,38.0,126.0,7.59,4.21,,,,,,,,,,,,,,,,,,,,,,,,,,,,,,,,
2002,3,83,HOU,False,DT,DL,D,Maryland,21.0,2002.0,0,0,0,1.0,Charles Hill,DT,Maryland,74.0,293.0,5.06,23.0,33.5,113.0,7.37,4.36,,,,,,,,,,,,,,,,,,,,,,,,,,,,,,,,
2002,3,84,STL,False,RB,RB,O,North Dakota St.,22.0,2006.0,0,0,0,6.0,Lamar Gordon,RB,North Dakota State,73.0,214.0,4.55,16.0,34.0,119.0,,,,,,,,,,,,,,,,,,,,,,,,,,,,,,,,,,
2002,3,85,SEA,False,DB,DB,D,USC,23.0,2005.0,0,0,0,2.0,Kris Richard,CB,USC,71.0,186.0,4.47,10.0,39.5,120.0,,4.15,DB,45.0,,,,,,,,,,,,,,,,,,,,,,,,,,,,,8.0,
2002,3,87,WAS,False,WR,WR,O,Utah,23.0,2008.0,0,0,0,0.0,Cliff Russell,WR,Utah,71.0,185.0,4.36,,,,,,WR,28.0,,,,,,,,,,,,,,,,,,,124.0,1862.0,15.0,10.0,66.5,,,,,,,
2002,3,88,NYJ,False,TE,TE,O,Michigan St.,22.0,2010.0,0,0,5,12.0,Chris Baker,TE,Michigan State,75.0,258.0,4.81,18.0,35.0,112.0,6.95,,TE,44.0,,,,,,,,,,,,,,,,,,,127.0,1640.0,12.9,13.0,37.3,,,,,,,
2002,3,89,JAX,False,LB,LB,D,Purdue,22.0,2010.0,0,0,8,25.0,Akin Ayodele,OLB,Purdue,74.0,257.0,4.81,26.0,35.0,121.0,7.0,4.12,LB,22.0,,,,,,,,,,,,,,,,,,,,,,,,,,,,,,
2002,3,90,MIA,False,C,OL,O,Texas A&M,23.0,2009.0,0,0,3,15.0,Seth McKinney,C,Texas A&M,75.0,300.0,4.97,23.0,33.5,105.0,7.36,4.51,,,,,,,,,,,,,,,,,,,,,,,,,,,,,,,,
2002,3,91,PHI,False,RB,RB,O,Villanova,23.0,2010.0,1,2,7,68.0,Brian Westbrook,RB,Villanova,68.0,200.0,4.57,26.0,37.0,118.0,7.09,,,,,,,,,,,,,,,,,,,,,,,,,,,,,,,,,
2002,3,92,GNB,False,DB,DB,D,UCLA,23.0,2005.0,0,0,2,11.0,Marques Anderson,S,UCLA,71.0,213.0,4.5,18.0,39.5,127.0,,,DB,33.0,,,,,,,,,,,,,,,,,,,,,,,,,,,,,8.0,
2002,3,93,CHI,False,G,OL,O,Mississippi,24.0,2008.0,0,0,1,11.0,Terrence Metcalf,OT,Mississippi,75.0,318.0,5.31,28.0,,,,,OL,,,,,,,,,,,,,,,,,,,,,,,,,,,,,,,
2002,3,94,PIT,False,DB,DB,D,Florida St.,21.0,2012.0,0,1,7,15.0,Chris Hope,S,Florida State,72.0,210.0,4.58,28.0,,113.0,,,DB,34.0,,,,,,,,,,,,,,,,,,,,,,,,,,,,,9.0,
2002,3,96,DEN,False,DE,DL,D,Mississippi St.,23.0,2003.0,0,0,0,1.0,Dorsett Davis,DT,Mississippi State,77.0,304.0,5.0,30.0,31.0,109.0,7.83,4.67,,,,,,,,,,,,,,,,,,,,,,,,,,,,,,,,
2002,4,97,BUF,False,DB,DB,D,Stanford,23.0,2010.0,0,0,1,11.0,Coy Wire,S,Stanford,72.0,209.0,4.56,28.0,38.5,120.0,6.62,3.87,LB,22.0,,,,,,,,,,,,,,,,,,,,,,,,,,,,,,
2002,4,98,ARI,False,DE,DL,D,Kentucky,22.0,2004.0,0,0,1,5.0,Dennis Johnson,DE,Kentucky,77.0,258.0,4.82,17.0,35.5,119.0,7.21,4.36,,,,,,,,,,,,,,,,,,,,,,,,,,,,,,,,
2002,4,99,HOU,False,RB,RB,O,Ohio St.,23.0,2005.0,0,0,1,11.0,Jonathan Wells,RB,Ohio State,73.0,243.0,4.52,,,,,,RB,45.0,,,,,,,,,,,439.0,2262.0,5.2,26.0,24.0,229.0,9.5,0.0,,,,,,,,,,,,
2002,4,100,CAR,False,DB,DB,D,Ark-Pine Bluff,23.0,2010.0,0,0,0,9.0,Dante Wesley,CB,Ark-Pine Bluff,73.0,211.0,4.43,15.0,35.0,116.0,7.25,4.22,,,,,,,,,,,,,,,,,,,,,,,,,,,,,,,,
2002,4,101,CLE,False,LB,LB,D,Northwestern,22.0,2011.0,0,0,2,11.0,Kevin Bentley,OLB,Northwestern,72.0,243.0,4.68,23.0,39.0,120.0,6.71,3.83,LB,33.0,,,,,,,,,,,,,,,,,,,,,,,,,,,,,,
2002,4,102,SFO,False,K,K,S,Florida,23.0,2004.0,0,0,0,1.0,Jeff Chandler,K,Florida,74.0,218.0,5.0,,,,,,,,,,,,,,,,,,,,,,,,,,,,,,,,,,,,,
2002,4,103,SDG,False,TE,TE,O,Oregon,23.0,2011.0,0,0,4,2.0,Justin Peelle,TE,Oregon,76.0,255.0,4.75,21.0,29.0,110.0,7.34,4.29,TE,33.0,,,,,,,,,,,,,,,,,,,54.0,830.0,15.4,12.0,25.2,,,,,,,
2002,4,104,CHI,False,DE,DL,D,Florida,23.0,2010.0,0,0,8,54.0,Alex Brown,DE,Florida,75.0,260.0,4.74,,,,,,DL,24.0,,,,,,,,,,,,,,,,,,,,,,,,,,,,,,
2002,4,105,MIN,False,DB,DB,D,North Carolina St.,23.0,2011.0,0,0,7,15.0,,,,,,,,,,,,DB,42.0,-7.472727272727273,,,,,,,,,,,,,,,,,,,,,,,,,,,,5.0,
2002,4,106,IND,False,LB,LB,D,North Carolina,23.0,2009.0,0,0,7,19.0,David Thornton,OLB,North Carolina,74.0,236.0,4.62,26.0,35.5,117.0,6.93,4.09,LB,12.0,,,,,,,,,,,,,,,,,,,,,,,,,,,,,,
2002,4,107,KAN,False,FB,RB,O,Penn St.,24.0,2005.0,0,0,0,0.0,Omar Easy,FB,Penn State,73.0,244.0,4.53,21.0,40.0,123.0,7.25,4.12,RB,41.0,,,,,,,,,,,155.0,659.0,4.3,5.0,26.0,250.0,9.6,1.0,,,,,,,,,,,,
2002,4,108,JAX,False,QB,QB,O,East Carolina,24.0,2010.0,0,1,5,62.0,David Garrard,QB,East Carolina,74.0,235.0,4.82,,33.5,111.0,7.35,4.26,QB,44.0,,666.0,1169.0,57.0,9029.0,60.0,39.0,7.7,7.25,205.2,,,,,,,,,,,,,,,,,,,,
2002,4,109,CIN,False,P,P,S,Purdue,22.0,2002.0,0,0,0,0.0,Travis Dorsch,P,Purdue,78.0,221.0,4.89,,,,,,,,,,,,,,,,,,,,,,,,,,,,,,,,,,,,,
2002,4,110,TEN,False,DB,DB,D,Wisconsin,23.0,2003.0,0,0,0,0.0,Mike Echols,CB,Wisconsin,69.0,190.0,4.35,,,,,,DB,45.0,,,,,,,,,,,,,,,,,,,,,,,,,,,,,12.0,
2002,4,111,CLE,False,LB,LB,D,Virginia Tech,24.0,2006.0,0,0,2,13.0,Ben Taylor,ILB,Virginia Tech,74.0,236.0,4.83,19.0,35.5,120.0,6.56,4.09,LB,22.0,,,,,,,,,,,,,,,,,,,,,,,,,,,,,,
2002,4,112,BAL,False,P,P,S,Ohio,23.0,2014.0,0,0,0,5.0,Dave Zastudil,P,Ohio,75.0,222.0,5.26,,,,,,,,,,,,,,,,,,,,,,,,,,,,,,,,,,,,,
2002,4,114,MIA,False,TE,TE,O,Georgia,23.0,2012.0,0,0,10,25.0,Randy McMichael,TE,Georgia,75.0,247.0,4.88,18.0,29.5,112.0,7.58,4.28,TE,32.0,,,,,,,,,,,,,,,,,,,90.0,1213.0,13.5,5.0,37.9,,,,,,,
2002,4,115,TEN,False,DB,DB,D,Wisconsin–Stout,23.0,2007.0,0,0,0,5.0,,,,,,,,,,,,,,,,,,,,,,,,,,,,,,,,,,,,,,,,,,,
2002,4,116,ATL,False,G,OL,O,Miami (FL),22.0,2004.0,0,0,0,3.0,Martin Bibla,OG,Miami (FL),75.0,306.0,5.08,35.0,,,,,,,,,,,,,,,,,,,,,,,,,,,,,,,,,,,,
2002,4,117,NWE,False,QB,QB,O,LSU,24.0,2004.0,0,0,0,0.0,Rohan Davey,QB,LSU,74.0,245.0,4.74,,,,,,QB,25.0,,286.0,478.0,59.8,4415.0,29.0,15.0,9.2,9.04,176.6,,,,,,,,,,,,,,,,,,,,
2002,4,118,JAX,False,TE,TE,O,Virginia,23.0,2003.0,0,0,0,0.0,Chris Luzar,TE,Virginia,79.0,270.0,4.76,22.0,32.5,115.0,6.84,4.17,TE,43.0,,,,,,,,,,,,,,,,,,,53.0,598.0,11.3,0.0,13.9,,,,,,,
2002,4,119,TAM,False,RB,RB,O,Tennessee,24.0,2002.0,0,0,0,0.0,Travis Stephens,RB,Tennessee,68.0,194.0,4.6,15.0,32.0,121.0,,,RB,42.0,,,,,,,,,,,488.0,2336.0,4.8,21.0,27.0,200.0,7.4,1.0,,,,,,,,,,,,
2002,4,120,SEA,False,DB,DB,D,Georgia,21.0,2004.0,0,0,1,6.0,Terreal Bierria,S,Georgia,75.0,216.0,4.61,18.0,36.0,130.0,6.93,4.1,DB,22.0,,,,,,,,,,,,,,,,,,,,,,,,,,,,,4.0,
2002,4,121,NYJ,False,DT,DL,D,Fresno St.,23.0,2004.0,0,0,0,1.0,Alan Harper,DT,Fresno State,74.0,295.0,5.27,,30.5,104.0,,4.64,DL,13.0,,,,,,,,,,,,,,,,,,,,,,,,,,,,,,
2002,4,122,CLE,False,TE,TE,O,Ohio St.,23.0,2004.0,0,0,1,1.0,,,,,,,,,,,,TE,33.0,,,,,,,,,,,,,,,,,,,32.0,371.0,11.6,7.0,11.2,,,,,,,
2002,4,123,BAL,False,WR,WR,O,Minnesota,22.0,2003.0,0,0,0,1.0,Ron Johnson,WR,Minnesota,74.0,225.0,4.7,,34.5,118.0,7.12,4.02,WR,44.0,-11.004255319148935,,,,,,,,,,,,,,,,,,189.0,2877.0,15.2,29.0,65.4,,,,,,,
2002,4,125,NOR,False,DB,DB,D,Nebraska,22.0,2003.0,0,0,0,2.0,Keyuo Craver,CB,Nebraska,71.0,201.0,4.62,13.0,31.0,123.0,,,DB,47.0,,,,,,,,,,,,,,,,,,,,,,,,,,,,,7.0,
2002,4,126,NWE,False,DE,DL,D,LSU,23.0,2009.0,0,0,2,28.0,Jarvis Green,DE,LSU,75.0,272.0,4.87,,31.0,109.0,7.52,4.25,,,,,,,,,,,,,,,,,,,,,,,,,,,,,,,,
2002,4,128,PIT,False,LB,LB,D,Michigan,22.0,2014.0,0,0,8,51.0,Larry Foote,OLB,Michigan,73.0,231.0,4.83,24.0,30.0,,7.18,4.41,LB,22.0,,,,,,,,,,,,,,,,,,,,,,,,,,,,,,
2002,5,129,DAL,False,FB,RB,O,Ohio St.,22.0,2006.0,0,0,0,0.0,Jamar Martin,FB,Ohio State,71.0,245.0,4.89,23.0,32.0,108.0,7.53,4.34,RB,38.0,,,,,,,,,,,61.0,226.0,3.7,4.0,21.0,192.0,9.1,2.0,,,,,,,,,,,,
2002,5,131,DEN,False,DB,DB,D,UNLV,23.0,2006.0,0,0,0,9.0,Sam Brandon,S,UNLV,74.0,199.0,4.66,,36.5,127.0,,,DB,23.0,,,,,,,,,,,,,,,,,,,,,,,,,,,,,3.0,
2002,5,133,TEN,False,LB,LB,D,Notre Dame,22.0,2009.0,0,0,2,7.0,Rocky Boiman,OLB,Notre Dame,76.0,242.0,4.6,17.0,35.0,122.0,6.86,4.05,,,,,,,,,,,,,,,,,,,,,,,,,,,,,,,,
2002,5,135,GNB,False,RB,RB,O,Miami (FL),23.0,2008.0,0,0,0,9.0,Najeh Davenport,FB,Miami (FL),73.0,248.0,4.57,,,,,,RB,33.0,,,,,,,,,,,156.0,830.0,5.3,13.0,35.0,381.0,10.9,3.0,,,,,,,,,,,,
2002,5,136,HOU,False,FB,RB,O,New Mexico,23.0,2005.0,0,0,1,0.0,Jarrod Baxter,FB,New Mexico,73.0,245.0,4.7,23.0,32.5,116.0,7.1,4.27,RB,46.0,,,,,,,,,,,463.0,2102.0,4.5,19.0,15.0,114.0,7.6,0.0,,,,,,,,,,,,
2002,5,137,CAR,False,QB,QB,O,Stanford,23.0,2002.0,0,0,0,1.0,Randy Fasani,QB,Stanford,75.0,224.0,4.77,,31.5,106.0,6.75,3.87,QB,36.0,,188.0,369.0,50.9,2973.0,25.0,11.0,8.1,8.07,82.6,,,,,,,,,,,,,,,,,,,,
2002,5,138,DET,False,TE,TE,O,Notre Dame,22.0,2009.0,0,0,1,0.0,John Owens,TE,Notre Dame,75.0,265.0,4.77,21.0,38.5,117.0,,,TE,11.0,,,,,,,,,,,,,,,,,,,6.0,79.0,13.2,1.0,7.2,,,,,,,
2002,5,139,BUF,False,DT,DL,D,Colorado,23.0,2013.0,0,0,4,6.0,Justin Bannan,DT,Colorado,75.0,300.0,5.0,24.0,29.0,99.0,7.31,4.24,DL,11.0,,,,,,,,,,,,,,,,,,,,,,,,,,,,,,
2002,5,140,CHI,False,DB,DB,D,Louisiana Tech,24.0,2004.0,0,0,1,6.0,Bobby Gray,S,Louisiana Tech,72.0,209.0,4.66,24.0,,112.0,,,DB,44.0,,,,,,,,,,,,,,,,,,,,,,,,,,,,,5.0,
2002,5,141,CLE,False,LB,LB,D,Florida,23.0,2011.0,0,0,7,37.0,Andra Davis,ILB,Florida,73.0,244.0,4.77,20.0,31.5,112.0,,,LB,11.0,,,,,,,,,,,,,,,,,,,,,,,,,,,,,,
2002,5,143,KAN,False,LB,LB,D,California,23.0,2012.0,0,0,10,13.0,Scott Fujita,OLB,California,77.0,248.0,4.64,20.0,42.0,122.0,7.09,4.21,,,,,,,,,,,,,,,,,,,,,,,,,,,,,,,,
2002,5,144,DEN,False,WR,WR,O,Michigan St.,24.0,2002.0,0,0,0,0.0,Herb Haygood,WR,Michigan State,71.0,193.0,4.45,,33.0,114.0,6.65,4.26,WR,44.0,,,,,,,,,,,,,,,,,,,110.0,1591.0,14.5,7.0,36.2,,,,,,,
2002,5,146,SEA,False,DT,DL,D,Texas A&M,23.0,2012.0,0,0,3,29.0,Rocky Bernard,DT,Texas A&M,75.0,294.0,4.96,30.0,33.0,108.0,7.43,4.41,,,,,,,,,,,,,,,,,,,,,,,,,,,,,,,,
2002,5,147,OAK,False,DE,DL,D,UCLA,23.0,2012.0,0,0,5,0.0,Kenyon Coleman,DE,UCLA,77.0,284.0,4.97,32.0,,,,,,,,,,,,,,,,,,,,,,,,,,,,,,,,,,,,
2002,5,148,ATL,False,DB,DB,D,Colorado St.,23.0,2006.0,0,0,0,5.0,,,,,,,,,,,,DB,11.0,,,,,,,,,,,,,,,,,,,,,,,,,,,,,3.0,
2002,5,149,ARI,False,WR,WR,O,Alabama,23.0,2005.0,0,0,1,3.0,Jason McAddley,WR,Alabama,73.0,203.0,4.47,,36.5,123.0,6.83,4.09,WR,44.0,,,,,,,,,,,,,,,,,,,71.0,1020.0,14.4,8.0,23.2,,,,,,,
2002,5,150,NOR,False,DB,DB,D,Western Kentucky,23.0,2007.0,0,0,0,3.0,Mel Mitchell,S,Western Kentucky,73.0,220.0,4.55,15.0,35.0,128.0,7.0,4.15,,,,,,,,,,,,,,,,,,,,,,,,,,,,,,,,
2002,5,151,TEN,False,WR,WR,O,Akron,22.0,2004.0,0,0,0,0.0,Jake Schifino,WR,Akron,73.0,200.0,4.49,,,,,,WR,40.0,,,,,,,,,,,,,,,,,,,131.0,1986.0,15.2,10.0,49.7,,,,,,,
2002,5,152,NYG,False,LB,LB,D,Wisconsin,23.0,2008.0,0,0,2,12.0,,,,,,,,,,,,LB,24.0,,,,,,,,,,,,,,,,,,,,,,,,,,,,,,
2002,5,153,HOU,False,DB,DB,D,Pittsburgh,22.0,2005.0,0,0,0,3.0,,,,,,,,,,,,DB,22.0,,,,,,,,,,,,,,,,,,,,,,,,,,,,,2.0,
2002,5,154,NYJ,False,G,OL,O,Michigan,23.0,2014.0,0,1,8,5.0,Jonathan Goodwin,OG,Michigan,75.0,318.0,5.13,,,,,,,,,,,,,,,,,,,,,,,,,,,,,,,,,,,,,
2002,5,155,BAL,False,TE,TE,O,Alabama,22.0,2005.0,0,0,3,4.0,Terry Jones,TE,Alabama,75.0,265.0,4.79,20.0,33.5,111.0,7.43,4.43,TE,27.0,,,,,,,,,,,,,,,,,,,31.0,480.0,15.5,3.0,17.8,,,,,,,
2002,5,156,GNB,False,DE,DL,D,Iowa,22.0,2011.0,0,2,7,54.0,,,,,,,,,,,,DL,23.0,,,,,,,,,,,,,,,,,,,,,,,,,,,,,,
2002,5,157,TAM,False,DB,DB,D,Georgia,23.0,2009.0,0,0,6,32.0,Jermaine Phillips,S,Georgia,73.0,214.0,4.66,18.0,31.5,115.0,,,DB,22.0,,,,,,,,,,,,,,,,,,,,,,,,,,,,,5.0,
2002,5,158,ATL,False,QB,QB,O,Illinois,22.0,2003.0,0,0,0,1.0,Kurt Kittner,QB,Illinois,74.0,221.0,4.86,,27.0,100.0,7.34,4.5,QB,41.0,,654.0,1205.0,54.3,8206.0,64.0,32.0,6.8,6.68,200.1,,,,,,,,,,,,,,,,,,,,
2002,5,159,WAS,False,DB,DB,D,Tennessee,23.0,2006.0,0,0,0,4.0,Andre Lott,CB,Tennessee,70.0,194.0,4.48,15.0,36.5,119.0,7.1,4.01,DB,22.0,,,,,,,,,,,,,,,,,,,,,,,,,,,,,2.0,
2002,5,160,WAS,False,TE,TE,O,LSU,23.0,2010.0,0,0,6,2.0,Robert Royal,TE,LSU,77.0,253.0,4.97,14.0,31.0,114.0,7.37,4.27,TE,23.0,,,,,,,,,,,,,,,,,,,40.0,564.0,14.1,6.0,24.5,,,,,,,
2002,6,161,MIA,False,DB,DB,D,Washington,24.0,2008.0,0,0,0,0.0,Omare Lowe,CB,Washington,73.0,196.0,4.58,12.0,35.5,118.0,6.65,3.97,DB,32.0,,,,,,,,,,,,,,,,,,,,,,,,,,,,,4.0,
2002,6,164,GNB,False,QB,QB,O,LSU,23.0,2007.0,0,0,0,1.0,,,,,,,,,,,,QB,16.0,,35.0,79.0,44.3,431.0,0.0,4.0,5.5,3.18,26.9,,,,,,,,,,,,,,,,,,,,
2002,6,165,CHI,False,LB,LB,D,Pittsburgh,23.0,2003.0,0,0,0,4.0,,,,,,,,,,,,DL,22.0,,,,,,,,,,,,,,,,,,,,,,,,,,,,,,
2002,6,166,PIT,False,RB,RB,O,Georgia,23.0,2009.0,0,0,0,9.0,Verron Haynes,FB,Georgia,70.0,224.0,4.78,25.0,31.5,117.0,7.27,4.08,RB,31.0,,,,,,,,,,,137.0,738.0,5.4,8.0,19.0,242.0,12.7,2.0,,,,,,,,,,,,
2002,6,167,STL,False,LB,LB,D,Ohio St.,24.0,2003.0,0,0,0,2.0,Courtland Bullard,OLB,Ohio State,75.0,234.0,4.69,,36.5,123.0,6.99,4.28,,,,,,,,,,,,,,,,,,,,,,,,,,,,,,,,
2002,6,168,DAL,False,DB,DB,D,Virginia Union,22.0,2006.0,0,0,0,5.0,,,,,,,,,,,,,,,,,,,,,,,,,,,,,,,,,,,,,,,,,,,
2002,6,169,SEA,False,TE,TE,O,Northern Iowa,22.0,2006.0,0,0,0,2.0,Ryan Hannam,TE,New Mexico,74.0,251.0,4.69,18.0,30.5,113.0,7.07,4.21,,,,,,,,,,,,,,,,,,,,,,,,,,,,,,,,
2002,6,170,MIA,False,WR,WR,O,Northwestern,22.0,2003.0,0,0,0,0.0,,,,,,,,,,,,WR,21.0,,,,,,,,,,,,,,,,,,,85.0,1281.0,15.1,12.0,61.0,,,,,,,
2002,6,171,SEA,False,T,OL,O,Boise St.,23.0,2003.0,0,0,0,3.0,Matt Hill,OT,Boise State,78.0,300.0,5.33,20.0,28.5,101.0,7.58,4.54,,,,,,,,,,,,,,,,,,,,,,,,,,,,,,,,
2002,6,172,SFO,False,DT,DL,D,Michigan St.,23.0,2008.0,0,0,0,0.0,Josh Shaw,DT,Michigan State,75.0,279.0,5.08,22.0,,,,,DL,7.0,22.315384615384616,,,,,,,,,,,,,,,,,,,,,,,,,,,,,
2002,6,173,HOU,False,DB,DB,D,Kansas St.,23.0,2009.0,0,0,3,14.0,Demarcus Faggins,CB,Kansas State,70.0,178.0,4.57,3.0,36.5,121.0,6.64,3.92,DB,11.0,,,,,,,,,,,,,,,,,,,,,,,,,,,,,5.0,
2002,6,174,CAR,False,TE,TE,O,Sam Houston St.,23.0,2007.0,0,0,0,0.0,Keith Heinrich,TE,SMU,77.0,255.0,4.77,21.0,35.0,120.0,6.87,4.1,,,,,,,,,,,,,,,,,,,,,,,,,,,,,,,,
2002,6,175,DET,False,DB,DB,D,USC,22.0,2005.0,0,0,1,7.0,Chris Cash,CB,USC,70.0,177.0,4.5,,,,,,DB,21.0,,,,,,,,,,,,,,,,,,,,,,,,,,,,,4.0,
2002,6,176,BUF,False,DB,DB,D,UNLV,24.0,2004.0,0,0,0,5.0,Kevin Thomas,CB,UNLV,71.0,180.0,4.64,10.0,35.0,122.0,,,DB,34.0,-4.063414634146342,,,,,,,,,,,,,,,,,,,,,,,,,,,,14.0,
2002,6,177,MIN,False,LB,LB,D,Georgia Tech,23.0,2005.0,0,0,1,6.0,Nick Rogers,OLB,Georgia Tech,74.0,251.0,4.73,22.0,36.0,117.0,7.02,4.19,,,,,,,,,,,,,,,,,,,,,,,,,,,,,,,,
2002,6,179,DAL,False,C,OL,O,Ohio St.,24.0,2006.0,0,0,1,4.0,,,,,,,,,,,,,,,,,,,,,,,,,,,,,,,,,,,,,,,,,,,
2002,6,181,CIN,False,DB,DB,D,Florida,23.0,2009.0,0,0,3,3.0,Marquand Manuel,S,Florida,72.0,209.0,4.52,18.0,,,,,DB,46.0,,,,,,,,,,,,,,,,,,,,,,,,,,,,,6.0,
2002,6,182,IND,False,DT,DL,D,Virginia Tech,23.0,2002.0,0,0,0,1.0,,,,,,,,,,,,DL,11.0,,,,,,,,,,,,,,,,,,,,,,,,,,,,,,
2002,6,184,ATL,False,WR,WR,O,Iowa,23.0,2002.0,0,0,0,0.0,Kahlil Hill,WR,Iowa,74.0,200.0,4.65,,35.0,,,,WR,34.0,,,,,,,,,,,,,,,,,,,146.0,1843.0,12.6,15.0,54.2,,,,,,,
2002,6,185,ARI,False,RB,RB,O,Kansas St.,22.0,2007.0,0,0,0,3.0,Josh Scobey,RB,Kansas State,71.0,218.0,4.42,21.0,40.5,124.0,6.96,3.93,RB,24.0,,,,,,,,,,,409.0,1981.0,4.8,31.0,13.0,81.0,6.2,0.0,,,,,,,,,,,,
2002,6,187,TEN,False,C,OL,O,Kansas,23.0,2009.0,0,0,6,21.0,,,,,,,,,,,,,,,,,,,,,,,,,,,,,,,,,,,,,,,,,,,
2002,6,188,NYG,False,LB,LB,D,Oregon,23.0,2006.0,0,0,0,2.0,Wesly Mallard,S,Oregon,74.0,221.0,4.49,22.0,41.0,122.0,6.81,4.07,LB,11.0,,,,,,,,,,,,,,,,,,,,,,,,,,,,,,
2002,6,189,OAK,False,DB,DB,D,Albany State (GA),23.0,2004.0,0,0,0,0.0,,,,,,,,,,,,,,,,,,,,,,,,,,,,,,,,,,,,,,,,,,,
2002,6,191,DEN,False,TE,TE,O,Boise St.,23.0,2008.0,0,0,1,11.0,,,,,,,,,,,,TE,46.0,,,,,,,,,,,,,,,,,,,128.0,2050.0,16.0,19.0,44.6,,,,,,,
2002,7,195,BAL,False,DB,DB,D,Eastern Washington,23.0,2004.0,0,0,0,3.0,,,,,,,,,,,,,,,,,,,,,,,,,,,,,,,,,,,,,,,,,,,
2002,7,196,NOR,False,TE,TE,O,Penn St.,22.0,2011.0,0,0,2,0.0,,,,,,,,,,,,TE,34.0,,,,,,,,,,,,,,,,,,,58.0,634.0,10.9,3.0,18.6,,,,,,,
2002,7,198,PHI,False,LB,LB,D,Notre Dame,22.0,2003.0,0,0,0,1.0,Tyreo Harrison,ILB,Notre Dame,74.0,238.0,4.87,,40.0,118.0,7.24,,LB,22.0,,,,,,,,,,,,,,,,,,,,,,,,,,,,,,
2002,7,199,CHI,False,RB,RB,O,Georgia Southern,23.0,2009.0,0,0,0,11.0,Adrian Peterson,RB,Georgia Southern,70.0,214.0,4.68,14.0,34.0,119.0,7.59,4.6,,,,,,,,,,,,,,,,,,,,,,,,,,,,,,,,
2002,7,201,SFO,False,TE,TE,O,Wisconsin,23.0,2002.0,0,0,0,0.0,Mark Anelli,TE,Wisconsin,76.0,262.0,4.8,18.0,,,,,TE,32.0,,,,,,,,,,,,,,,,,,,48.0,481.0,10.0,3.0,15.0,,,,,,,
2002,7,202,PIT,False,WR,WR,O,Texas-El Paso,23.0,2006.0,0,0,0,2.0,Lee Mays,WR,Texas-El Paso,73.0,190.0,4.55,,32.5,119.0,7.08,4.17,WR,45.0,,,,,,,,,,,,,,,,,,,200.0,2920.0,14.6,28.0,64.9,,,,,,,
2002,7,203,CHI,False,WR,WR,O,Delaware,22.0,2006.0,0,0,0,0.0,,,,,,,,,,,,,,,,,,,,,,,,,,,,,,,,,,,,,,,,,,,
2002,7,204,IND,False,RB,RB,O,Stanford,22.0,2003.0,0,0,0,0.0,Brian Allen,RB,Stanford,69.0,209.0,4.46,19.0,33.0,112.0,6.9,4.08,RB,44.0,10.926666666666668,,,,,,,,,,482.0,2117.0,4.4,13.0,23.0,226.0,9.8,0.0,,,,,,,,,,,,
2002,7,206,BAL,False,WR,WR,O,Notre Dame,22.0,2002.0,0,0,0,0.0,Javin Hunter,WR,Notre Dame,71.0,186.0,4.47,,41.0,129.0,6.84,4.04,WR,45.0,,,,,,,,,,,,,,,,,,,63.0,867.0,13.8,4.0,19.3,,,,,,,
2002,7,207,BAL,False,RB,RB,O,Toledo,22.0,2011.0,0,0,1,12.0,Chester Taylor,RB,Toledo,71.0,213.0,4.58,22.0,33.0,114.0,,,RB,43.0,,,,,,,,,,,803.0,4646.0,5.8,55.0,61.0,554.0,9.1,5.0,,,,,,,,,,,,
2002,7,209,BAL,False,DB,DB,D,Southern Miss,23.0,2006.0,0,0,0,8.0,Chad Williams,S,Southern Miss,69.0,207.0,4.58,20.0,36.5,121.0,6.96,,DB,33.0,,,,,,,,,,,,,,,,,,,,,,,,,,,,,2.0,
2002,7,215,BUF,False,G,OL,O,Auburn,23.0,2007.0,0,0,1,4.0,Mike Pucillo,OG,Auburn,76.0,317.0,5.31,26.0,28.0,,,,,,,,,,,,,,,,,,,,,,,,,,,,,,,,,,,
2002,7,220,IND,False,DE,DL,D,Georgia,23.0,2008.0,0,0,0,2.0,,,,,,,,,,,,,,,,,,,,,,,,,,,,,,,,,,,,,,,,,,,
2002,7,223,ARI,False,TE,TE,O,Iowa St.,22.0,2003.0,0,0,0,0.0,Mike Banks,TE,Iowa State,76.0,260.0,4.84,,31.5,104.0,,,TE,26.0,,,,,,,,,,,,,,,,,,,59.0,584.0,9.9,0.0,22.5,,,,,,,
2002,7,225,TEN,False,WR,WR,O,Northern Illinois,23.0,2004.0,0,0,0,0.0,,,,,,,,,,,,WR,35.0,,,,,,,,,,,,,,,,,,,88.0,1595.0,18.1,13.0,45.6,,,,,,,
2002,7,226,NYG,False,WR,WR,O,Miami (FL),23.0,2004.0,0,0,0,1.0,Daryl Jones,WR,Miami (FL),69.0,180.0,4.35,,,,,,WR,39.0,-7.26,,,,,,,,,,,,,,,,,,59.0,819.0,13.9,5.0,21.0,,,,,,,
2002,7,227,CLE,False,T,OL,O,Miami (FL),23.0,2005.0,0,0,1,8.0,,,,,,,,,,,,,,,,,,,,,,,,,,,,,,,,,,,,,,,,,,,
2002,7,228,DEN,False,DB,DB,D,Georgia Tech,22.0,2004.0,0,0,0,2.0,Chris Young,S,Georgia Tech,72.0,210.0,4.63,23.0,38.5,121.0,,,DB,34.0,6.171428571428572,,,,,,,,,,,,,,,,,,,,,,,,,,,,4.0,
2002,7,231,DEN,False,DT,DL,D,Virginia,24.0,2005.0,0,0,1,12.0,Monsanto Pope,DT,Virginia,75.0,295.0,5.25,,,,,,,,,,,,,,,,,,,,,,,,,,,,,,,,,,,,,
2002,7,233,TAM,False,DB,DB,D,Georgia,23.0,2003.0,0,0,0,4.0,,,,,,,,,,,,DB,43.0,,,,,,,,,,,,,,,,,,,,,,,,,,,,,10.0,
2002,7,234,WAS,False,DE,DL,D,Hampton,22.0,2004.0,0,0,0,0.0,Greg Scott,DE,Kansas State,76.0,268.0,4.9,26.0,32.5,110.0,7.5,4.61,,,,,,,,,,,,,,,,,,,,,,,,,,,,,,,,
2002,7,235,OAK,False,WR,WR,O,North Carolina,23.0,2008.0,0,0,2,16.0,Ronald Curry,QB,North Carolina,74.0,220.0,4.59,,35.0,115.0,7.06,4.11,QB,37.0,,345.0,695.0,49.6,4987.0,28.0,35.0,7.2,5.72,134.8,,,,,,,,,,,,,,,,,,,,
2002,7,239,SFO,False,G,OL,O,Stanford,22.0,2009.0,0,0,7,40.0,Eric Heitmann,OG,Stanford,76.0,305.0,5.22,33.0,28.0,103.0,7.56,4.6,,,,,,,,,,,,,,,,,,,,,,,,,,,,,,,,
2002,7,240,TEN,False,DE,DL,D,Arkansas,23.0,2005.0,0,0,2,15.0,Carlos Hall,DE,Arkansas,76.0,259.0,4.67,20.0,40.0,129.0,6.97,4.19,DL,22.0,,,,,,,,,,,,,,,,,,,,,,,,,,,,,,
2002,7,241,MIA,False,RB,RB,O,East Carolina,24.0,2004.0,0,0,0,1.0,Leonard Henry,RB,East Carolina,73.0,206.0,4.57,26.0,35.0,113.0,7.11,4.29,RB,43.0,,,,,,,,,,,519.0,3089.0,6.0,29.0,54.0,429.0,7.9,3.0,,,,,,,,,,,,
2002,7,242,PIT,False,DE,DL,D,BYU,23.0,2014.0,0,1,8,58.0,Brett Keisel,DE,BYU,77.0,279.0,4.89,26.0,33.5,107.0,7.28,4.51,,,,,,,,,,,,,,,,,,,,,,,,,,,,,,,,
2002,7,243,STL,False,RB,RB,O,Marshall,23.0,2011.0,0,0,0,13.0,,,,,,,,,,,,,,,,,,,,,,,,,,,,,,,,,,,,,,,,,,,
2002,7,244,ATL,False,T,OL,O,Tulsa,22.0,2010.0,0,0,5,18.0,,,,,,,,,,,,,,,,,,,,,,,,,,,,,,,,,,,,,,,,,,,
2002,7,245,NYG,False,LB,LB,D,North Carolina,23.0,2004.0,0,0,0,1.0,Quincy Monk,ILB,North Carolina,75.0,250.0,4.82,26.0,33.5,113.0,7.48,4.38,LB,23.0,,,,,,,,,,,,,,,,,,,,,,,,,,,,,,
2002,7,246,JAX,False,DB,DB,D,Oregon,23.0,2002.0,0,0,0,0.0,Steve Smith,S,Oregon,73.0,193.0,4.62,,30.5,110.0,7.0,4.22,DB,41.0,,,,,,,,,,,,,,,,,,,,,,,,,,,,,10.0,
2002,7,247,JAX,False,K,K,S,Michigan,21.0,2002.0,0,0,0,0.0,Hayden Epstein,K,Michigan,74.0,212.0,4.79,,,,,,,,,,,,,,,,,,,,,,,,,,,,,,,,,,,,,
2002,7,248,SFO,False,G,OL,O,Arizona St.,23.0,2011.0,0,0,8,10.0,Kyle Kosier,OT,Arizona State,77.0,293.0,5.09,24.0,29.5,108.0,7.34,4.49,,,,,,,,,,,,,,,,,,,,,,,,,,,,,,,,
2002,7,252,DET,False,TE,TE,O,Maryland,22.0,2007.0,0,0,0,0.0,,,,,,,,,,,,TE,11.0,5.1,,,,,,,,,,,,,,,,,,12.0,137.0,11.4,0.0,12.5,,,,,,,
2002,7,253,NWE,False,WR,WR,O,Notre Dame,22.0,2006.0,0,0,2,21.0,David Givens,WR,Notre Dame,72.0,217.0,4.56,,40.5,126.0,6.82,4.13,WR,44.0,,,,,,,,,,,,,,,,,,,72.0,814.0,11.3,3.0,18.5,,,,,,,
2002,7,257,WAS,False,FB,RB,O,Kansas St.,22.0,2011.0,0,0,0,9.0,Rock Cartwright,RB,Kansas State,68.0,237.0,4.47,30.0,35.0,116.0,7.18,4.25,RB,23.0,,,,,,,,,,,112.0,570.0,5.1,7.0,20.0,186.0,9.3,0.0,,,,,,,,,,,,
2002,7,259,DET,False,T,OL,O,Colorado,23.0,2004.0,0,0,0,0.0,Victor Rogers,OG,Colorado,78.0,331.0,5.57,20.0,25.0,93.0,9.0,5.16,,,,,,,,,,,,,,,,,,,,,,,,,,,,,,,,
2002,7,260,BUF,False,LB,LB,D,Tennessee,24.0,2004.0,0,0,0,2.0,Dominique Stevenson,OLB,Tennessee,72.0,231.0,4.53,23.0,32.5,110.0,,,LB,23.0,,,,,,,,,,,,,,,,,,,,,,,,,,,,,,
2003,1,1,CIN,False,QB,QB,O,USC,23.0,2017.0,0,3,12,60.0,Carson Palmer,QB,USC,77.0,232.0,4.65,,,,,,QB,51.0,,895.0,1515.0,59.1,11388.0,71.0,49.0,7.5,7.0,223.3,,,,,,,,,,,,,,,,,,,,
2003,1,2,DET,False,WR,WR,O,Michigan St.,22.0,2005.0,0,0,0,4.0,Charles Rogers,WR,Michigan State,74.0,202.0,4.4,,,,,,WR,23.0,,,,,,,,,,,,,,,,,,,125.0,2551.0,20.4,25.0,110.9,,,,,,,
2003,1,3,HOU,True,WR,WR,O,Miami (FL),22.0,2016.0,2,7,12,92.0,Andre Johnson,WR,Miami (FL),74.0,230.0,4.41,,39.0,132.0,,,WR,34.0,11.4,,,,,,,,,,,,,,,,,,92.0,1831.0,19.9,20.0,53.9,,,,,,,
2003,1,4,NYJ,False,DT,DL,D,Kentucky,21.0,2008.0,0,0,6,31.0,Dewayne Robertson,DT,Kentucky,73.0,317.0,5.15,,,,,,,,,,,,,,,,,,,,,,,,,,,,,,,,,,,,,
2003,1,5,DAL,False,DB,DB,D,Kansas St.,25.0,2017.0,0,2,15,52.0,Terence Newman,CB,Kansas State,70.0,189.0,4.37,,41.0,136.0,6.88,3.83,DB,48.0,,,,,,,,,,,,,,,,,,,,,,,,,,,,,10.0,
2003,1,6,NOR,False,DT,DL,D,Georgia,22.0,2005.0,0,0,1,10.0,Johnathan Sullivan,DT,Georgia,75.0,313.0,5.1,,,,,,,,,,,,,,,,,,,,,,,,,,,,,,,,,,,,,
2003,1,7,JAX,False,QB,QB,O,Marshall,23.0,2012.0,0,0,3,30.0,Byron Leftwich,QB,Marshall,77.0,241.0,4.85,,,,,,QB,54.0,,939.0,1442.0,65.1,11903.0,89.0,28.0,8.3,8.62,220.4,,,,,,,,,,,,,,,,,,,,
2003,1,8,CAR,False,T,OL,O,Utah,23.0,2013.0,1,3,11,69.0,Jordan Gross,OT,Utah,76.0,300.0,5.05,28.0,31.5,112.0,7.69,4.39,OL,22.0,,,,,,,,,,,,,,,,,,,,,,,,,,,,,,
2003,1,9,MIN,False,DT,DL,D,Oklahoma St.,23.0,2015.0,5,6,12,98.0,Kevin Williams,DE,Oklahoma State,77.0,304.0,4.81,23.0,30.0,112.0,7.66,5.04,,,,,,,,,,,,,,,,,,,,,,,,,,,,,,,,
2003,1,10,BAL,False,LB,LB,D,Arizona St.,20.0,2019.0,1,7,15,107.0,Terrell Suggs,DE,Arizona State,75.0,262.0,4.84,,,,,,DL,24.0,,,,,,,,,,,,,,,,,,,,,,,,,,,,,,
2003,1,11,SEA,False,DB,DB,D,Washington St.,22.0,2012.0,0,1,8,49.0,Marcus Trufant,CB,Washington State,71.0,199.0,4.38,11.0,39.0,127.0,6.87,4.32,DB,41.0,,,,,,,,,,,,,,,,,,,,,,,,,,,,,11.0,
2003,1,12,STL,False,DT,DL,D,Penn St.,23.0,2011.0,0,0,2,12.0,Jimmy Kennedy,DT,Penn State,76.0,322.0,5.2,,,,,,DL,12.0,,,,,,,,,,,,,,,,,,,,,,,,,,,,,,
2003,1,13,NWE,False,DE,DL,D,Texas A&M,22.0,2012.0,0,0,6,45.0,Ty Warren,DT,Texas A&M,77.0,307.0,5.1,27.0,,,,,,,,,,,,,,,,,,,,,,,,,,,,,,,,,,,,
2003,1,14,CHI,False,DE,DL,D,Penn St.,22.0,2005.0,0,0,0,8.0,Michael Haynes,DE,Penn State,76.0,281.0,4.87,23.0,30.5,109.0,,,DL,13.0,,,,,,,,,,,,,,,,,,,,,,,,,,,,,,
2003,1,15,PHI,False,DE,DL,D,Miami (FL),24.0,2008.0,0,0,0,3.0,Jerome McDougle,DE,Miami (FL),74.0,264.0,4.67,,34.0,117.0,7.28,4.58,OL,11.0,,,,,,,,,,,,,,,,,,,,,,,,,,,,,,
2003,1,16,PIT,True,DB,DB,D,USC,22.0,2014.0,4,8,10,96.0,Troy Polamalu,S,USC,70.0,206.0,4.4,,,,,,DB,35.0,,,,,,,,,,,,,,,,,,,,,,,,,,,,,6.0,
2003,1,17,ARI,False,WR,WR,O,Penn St.,22.0,2011.0,0,0,4,18.0,Bryant Johnson,WR,Penn State,74.0,214.0,4.57,,,,,,WR,47.0,,,,,,,,,,,,,,,,,,,110.0,2008.0,18.3,10.0,42.7,,,,,,,
2003,1,18,ARI,False,DE,DL,D,Wake Forest,22.0,2015.0,0,0,10,13.0,Calvin Pace,DE,Wake Forest,76.0,269.0,4.79,,33.0,115.0,,,,,,,,,,,,,,,,,,,,,,,,,,,,,,,,,,
2003,1,19,BAL,False,QB,QB,O,California,22.0,2011.0,0,0,4,17.0,Kyle Boller,QB,California,75.0,234.0,4.61,,35.5,117.0,7.2,4.02,QB,43.0,,622.0,1301.0,47.8,7980.0,64.0,48.0,6.1,5.46,185.6,,,,,,,,,,,,,,,,,,,,
2003,1,20,DEN,False,T,OL,O,Georgia,23.0,2008.0,0,0,4,26.0,George Foster,OT,Georgia,77.0,338.0,5.23,,27.0,100.0,,,,,,,,,,,,,,,,,,,,,,,,,,,,,,,,,,
2003,1,21,CLE,False,C,OL,O,Notre Dame,22.0,2012.0,0,0,8,11.0,Jeff Faine,C,Notre Dame,75.0,303.0,5.18,,,,,,,,,,,,,,,,,,,,,,,,,,,,,,,,,,,,,
2003,1,22,CHI,False,QB,QB,O,Florida,23.0,2011.0,0,0,3,16.0,Rex Grossman,QB,Florida,73.0,217.0,5.06,,,,,,QB,35.0,,677.0,1110.0,61.0,9164.0,77.0,36.0,8.3,8.18,261.8,,,,,,,,,,,,,,,,,,,,
2003,1,23,BUF,False,RB,RB,O,Miami (FL),21.0,2013.0,0,2,7,26.0,Willis McGahee,RB,Miami (FL),72.0,223.0,4.45,,,,,,RB,21.0,,,,,,,,,,,349.0,2067.0,5.9,31.0,28.0,348.0,12.4,0.0,,,,,,,,,,,,
2003,1,24,IND,False,TE,TE,O,Iowa,24.0,2013.0,1,1,9,47.0,Dallas Clark,TE,Iowa,75.0,257.0,4.65,,37.5,123.0,,,TE,24.0,,,,,,,,,,,,,,,,,,,77.0,1251.0,16.2,8.0,52.1,,,,,,,
2003,1,25,NYG,False,DT,DL,D,Miami (FL),24.0,2009.0,0,0,1,11.0,William Joseph,DT,Miami (FL),77.0,308.0,5.18,29.0,,,,,DL,11.0,,,,,,,,,,,,,,,,,,,,,,,,,,,,,,
2003,1,26,SFO,False,T,OL,O,Stanford,21.0,2008.0,0,0,3,19.0,Kwame Harris,OT,Stanford,79.0,310.0,5.2,,35.5,107.0,7.98,4.65,,,,,,,,,,,,,,,,,,,,,,,,,,,,,,,,
2003,1,27,KAN,False,RB,RB,O,Penn St.,23.0,2011.0,1,2,4,50.0,Larry Johnson,RB,Penn State,73.0,228.0,4.45,19.0,,,,,RB,48.0,,,,,,,,,,,460.0,2953.0,6.4,26.0,65.0,681.0,10.5,7.0,,,,,,,,,,,,
2003,1,28,TEN,False,DB,DB,D,Oklahoma,23.0,2006.0,0,0,0,6.0,Andre Woolfolk,CB,Oklahoma,73.0,197.0,4.47,10.0,35.5,128.0,6.78,3.96,WR,29.0,,,,,,,,,,,,,,,,,,,56.0,836.0,14.9,6.0,28.8,,,,,,,
2003,1,29,GNB,False,LB,LB,D,Oregon St.,22.0,2013.0,0,0,9,50.0,Nick Barnett,OLB,Oregon State,74.0,236.0,4.67,32.0,34.5,123.0,7.0,4.08,LB,22.0,,,,,,,,,,,,,,,,,,,,,,,,,,,,,,
2003,1,30,SDG,False,DB,DB,D,Texas A&M,23.0,2007.0,0,0,2,11.0,Sammy Davis,CB,Texas A&M,72.0,186.0,4.42,19.0,40.0,131.0,7.01,,DB,34.0,,,,,,,,,,,,,,,,,,,,,,,,,,,,,11.0,
2003,1,31,OAK,False,DB,DB,D,California,22.0,2013.0,2,3,8,56.0,Nnamdi Asomugha,CB,California,74.0,213.0,4.45,16.0,37.5,124.0,,,DB,33.0,,,,,,,,,,,,,,,,,,,,,,,,,,,,,7.0,
2003,1,32,OAK,False,DE,DL,D,Colorado,23.0,2011.0,0,0,6,17.0,Tyler Brayton,DE,Colorado,78.0,277.0,4.73,25.0,34.0,116.0,7.14,4.31,DL,14.0,,,,,,,,,,,,,,,,,,,,,,,,,,,,,,
2003,2,33,CIN,False,G,OL,O,Iowa,23.0,2010.0,0,0,8,30.0,Eric Steinbach,OG,Iowa,78.0,297.0,4.96,,36.0,119.0,7.36,4.42,OL,,,,,,,,,,,,,,,,,,,,,,,,,,,,,,,
2003,2,34,DET,False,LB,LB,D,Georgia,23.0,2008.0,0,0,4,21.0,Boss Bailey,OLB,Georgia,75.0,233.0,4.58,,42.0,135.0,,,LB,11.0,,,,,,,,,,,,,,,,,,,,,,,,,,,,,,
2003,2,35,CHI,False,DB,DB,D,Louisiana,22.0,2015.0,1,2,11,64.0,Charles Tillman,CB,Louisiana-Lafayette,73.0,207.0,4.49,12.0,40.0,131.0,7.05,3.89,DB,34.0,,,,,,,,,,,,,,,,,,,,,,,,,,,,,12.0,
2003,2,36,NWE,False,DB,DB,D,Illinois,23.0,2010.0,0,0,6,21.0,Eugene Wilson,CB,Illinois,70.0,192.0,4.48,15.0,38.0,122.0,7.18,4.05,DB,43.0,,,,,,,,,,,,,,,,,,,,,,,,,,,,,11.0,
2003,2,37,NOR,False,T,OL,O,Georgia,24.0,2010.0,0,1,5,45.0,Jon Stinchcomb,OT,Georgia,77.0,302.0,4.99,32.0,35.0,115.0,7.83,4.62,OL,13.0,,,,,,,,,,,,,,,,,,,,,,,,,,,,,,
2003,2,38,DAL,False,C,OL,O,Wisconsin,24.0,2008.0,0,0,3,16.0,Al Johnson,C,Wisconsin,75.0,305.0,4.95,,,,,,,,,,,,,,,,,,,,,,,,,,,,,,,,,,,,,
2003,2,39,JAX,False,DB,DB,D,Bethune-Cookman,23.0,2015.0,1,1,11,56.0,Rashean Mathis,S,Bethune-Cookman,73.0,202.0,4.45,22.0,38.5,123.0,7.09,4.17,,,,,,,,,,,,,,,,,,,,,,,,,,,,,,,,
2003,2,40,MIN,False,LB,LB,D,Maryland,23.0,2011.0,0,1,7,47.0,E.J. Henderson,ILB,Maryland,73.0,245.0,4.8,20.0,,,,,LB,46.0,,,,,,,,,,,,,,,,,,,,,,,,,,,,,,
2003,2,41,HOU,False,TE,TE,O,Michigan,23.0,2007.0,0,0,0,0.0,Bennie Joppru,TE,Michigan,76.0,272.0,4.78,19.0,30.5,109.0,,,TE,43.0,,,,,,,,,,,,,,,,,,,79.0,731.0,9.3,8.0,17.0,,,,,,,
2003,2,42,SEA,False,DB,DB,D,Arkansas,22.0,2010.0,0,1,6,20.0,Ken Hamlin,S,Arkansas,74.0,209.0,4.61,16.0,33.0,117.0,6.8,3.92,DB,36.0,,,,,,,,,,,,,,,,,,,,,,,,,,,,,9.0,
2003,2,43,STL,False,LB,LB,D,Hawaii,22.0,2010.0,0,0,7,30.0,Pisa Tinoisamoa,OLB,Hawaii,72.0,231.0,4.65,19.0,34.5,111.0,6.97,4.07,LB,26.0,,,,,,,,,,,,,,,,,,,,,,,,,,,,,,
2003,2,44,WAS,False,WR,WR,O,Florida,22.0,2007.0,0,0,0,2.0,Taylor Jacobs,WR,Florida,72.0,205.0,4.42,,,,,,WR,44.0,,,,,,,,,,,,,,,,,,,133.0,2097.0,15.8,16.0,47.7,,,,,,,
2003,2,45,NWE,False,WR,WR,O,Texas A&M,24.0,2006.0,0,0,0,7.0,Bethel Johnson,WR,Texas A&M,71.0,201.0,4.38,,38.5,127.0,,,WR,35.0,,,,,,,,,,,,,,,,,,,117.0,1740.0,14.9,11.0,49.7,,,,,,,
2003,2,46,SDG,False,DB,DB,D,Tuskegee,22.0,2013.0,0,0,6,15.0,Drayton Florence,CB,Tuskegee,72.0,198.0,4.39,18.0,35.0,124.0,,,,,,,,,,,,,,,,,,,,,,,,,,,,,,,,,,
2003,2,47,KAN,False,LB,LB,D,South Florida,23.0,2010.0,0,0,6,20.0,Kawika Mitchell,ILB,South Florida,73.0,253.0,4.69,25.0,37.0,117.0,7.32,4.24,LB,22.0,,,,,,,,,,,,,,,,,,,,,,,,,,,,,,
2003,2,48,BUF,False,DE,DL,D,Nebraska,23.0,2012.0,0,0,8,46.0,Chris Kelsay,DE,Nebraska,76.0,273.0,4.75,23.0,36.5,121.0,,,,,,,,,,,,,,,,,,,,,,,,,,,,,,,,,,
2003,2,49,MIA,False,LB,LB,D,Tennessee,23.0,2005.0,0,0,0,3.0,Eddie Moore,OLB,Tennessee,72.0,237.0,4.71,,,,,,LB,12.0,,,,,,,,,,,,,,,,,,,,,,,,,,,,,,
2003,2,50,CAR,False,G,OL,O,Iowa,24.0,2003.0,0,0,0,2.0,Bruce Nelson,C,Iowa,77.0,301.0,5.26,21.0,,,,,,,,,,,,,,,,,,,,,,,,,,,,,,,,,,,,
2003,2,51,DEN,False,LB,LB,D,Kansas St.,22.0,2004.0,0,0,0,1.0,Terry Pierce,ILB,Kansas State,73.0,251.0,4.78,28.0,27.5,,,,LB,36.0,,,,,,,,,,,,,,,,,,,,,,,,,,,,,,
2003,2,52,CLE,False,LB,LB,D,West Texas A&M,23.0,2009.0,0,0,2,16.0,Chaun Thompson,OLB,West Texas A&M,74.0,240.0,4.58,29.0,35.5,123.0,7.01,4.22,,,,,,,,,,,,,,,,,,,,,,,,,,,,,,,,
2003,2,53,NYJ,False,LB,LB,D,Michigan,23.0,2008.0,0,0,4,26.0,Victor Hobson,ILB,Michigan,72.0,252.0,4.86,29.0,33.0,117.0,7.26,4.33,LB,13.0,,,,,,,,,,,,,,,,,,,,,,,,,,,,,,
2003,2,54,ARI,False,WR,WR,O,Florida St.,22.0,2016.0,0,3,14,49.0,Anquan Boldin,WR,Florida State,73.0,216.0,4.72,,33.5,114.0,7.35,4.33,WR,36.0,,,,,,,,,,,,,,,,,,,118.0,1790.0,15.2,21.0,49.7,,,,,,,
2003,2,55,ATL,False,DB,DB,D,Penn St.,22.0,2012.0,0,0,3,11.0,Bryan Scott,S,Penn State,73.0,219.0,4.6,13.0,,,,,DB,47.0,,,,,,,,,,,,,,,,,,,,,,,,,,,,,6.0,
2003,2,56,NYG,False,DE,DL,D,Troy,21.0,2014.0,1,2,6,57.0,,,,,,,,,,,,,,,,,,,,,,,,,,,,,,,,,,,,,,,,,,,
2003,2,57,SFO,False,DT,DL,D,Penn St.,23.0,2011.0,0,0,4,13.0,Anthony Adams,DT,Penn State,72.0,299.0,5.13,,30.5,109.0,7.68,4.59,,,,,,,,,,,,,,,,,,,,,,,,,,,,,,,,
2003,2,58,IND,False,DB,DB,D,Ohio St.,22.0,2008.0,0,0,3,16.0,Mike Doss,S,Ohio State,70.0,207.0,4.45,,,,,,DB,36.0,,,,,,,,,,,,,,,,,,,,,,,,,,,,,8.0,
2003,2,59,PIT,False,LB,LB,D,Florida St.,22.0,2005.0,0,0,0,1.0,Alonzo Jackson,DE,Florida State,76.0,266.0,4.86,14.0,37.0,114.0,7.69,4.5,DL,26.0,,,,,,,,,,,,,,,,,,,,,,,,,,,,,,
2003,2,60,TEN,False,WR,WR,O,Middle Tenn. St.,22.0,2005.0,0,0,0,5.0,Tyrone Calico,WR,Middle Tennessee State,76.0,223.0,4.34,,38.0,127.0,6.73,4.26,WR,45.0,,,,,,,,,,,,,,,,,,,194.0,2636.0,13.6,17.0,58.6,,,,,,,
2003,2,61,PHI,False,TE,TE,O,Rutgers,23.0,2009.0,0,0,4,21.0,L.J. Smith,TE,Rutgers,75.0,258.0,4.62,26.0,37.0,122.0,6.74,4.25,TE,44.0,,,,,,,,,,,,,,,,,,,122.0,1458.0,12.0,10.0,33.1,,,,,,,
2003,2,62,SDG,False,DB,DB,D,Texas A&M,22.0,2006.0,0,0,3,17.0,Terrence Kiel,S,Texas A&M,71.0,204.0,4.46,16.0,38.0,127.0,6.88,3.96,DB,34.0,,,,,,,,,,,,,,,,,,,,,,,,,,,,,8.0,
2003,2,63,OAK,False,TE,TE,O,Stanford,21.0,2005.0,0,0,0,2.0,Teyo Johnson,WR,Stanford,77.0,247.0,4.61,,33.5,,,,WR,11.0,,,,,,,,,,,,,,,,,,,41.0,467.0,11.4,8.0,42.5,,,,,,,
2003,2,64,TAM,False,DE,DL,D,Louisville,23.0,2009.0,0,0,2,13.0,DeWayne White,DE,Louisville,74.0,273.0,4.76,22.0,33.0,112.0,7.22,4.32,DL,24.0,,,,,,,,,,,,,,,,,,,,,,,,,,,,,,
2003,3,65,CIN,False,WR,WR,O,Tennessee,24.0,2010.0,0,0,0,7.0,Kelley Washington,WR,Tennessee,74.0,223.0,4.42,,,,,,WR,16.0,,,,,,,,,,,,,,,,,,,87.0,1453.0,16.7,6.0,90.8,,,,,,,
2003,3,66,DET,False,DE,DL,D,Texas,22.0,2015.0,0,0,10,26.0,Cory Redding,DE,Texas,76.0,279.0,4.88,24.0,,,,,DL,12.0,,,,,,,,,,,,,,,,,,,,,,,,,,,,,,
2003,3,67,HOU,False,LB,LB,D,Cincinnati,23.0,2007.0,0,0,1,9.0,Antwan Peek,OLB,Cincinnati,75.0,246.0,4.65,21.0,37.0,125.0,7.07,4.35,LB,35.0,,,,,,,,,,,,,,,,,,,,,,,,,,,,,,
2003,3,68,CHI,False,LB,LB,D,Arizona,22.0,2014.0,1,7,12,98.0,Lance Briggs,ILB,Arizona,73.0,242.0,4.75,25.0,33.0,113.0,,,LB,22.0,,,,,,,,,,,,,,,,,,,,,,,,,,,,,,
2003,3,69,DAL,False,TE,TE,O,Tennessee,21.0,2020.0,2,11,16,79.0,Jason Witten,TE,Tennessee,78.0,264.0,4.65,25.0,31.0,,,,TE,36.0,,,,,,,,,,,,,,,,,,,68.0,797.0,11.7,7.0,22.1,,,,,,,
2003,3,70,ARI,False,LB,LB,D,Pittsburgh,22.0,2010.0,0,0,4,27.0,Gerald Hayes,ILB,Pittsburgh,73.0,238.0,4.75,,30.5,107.0,7.57,4.35,LB,13.0,,,,,,,,,,,,,,,,,,,,,,,,,,,,,,
2003,3,71,MIN,False,WR,WR,O,Nevada,22.0,2013.0,0,0,9,17.0,Nate Burleson,WR,Nevada,72.0,197.0,4.51,,42.5,126.0,6.96,4.16,WR,33.0,,,,,,,,,,,,,,,,,,,248.0,3287.0,13.3,22.0,99.6,,,,,,,
2003,3,72,JAX,False,G,OL,O,Hawaii,23.0,2010.0,0,0,7,49.0,Vince Manuwai,OG,Hawaii,74.0,304.0,5.06,27.0,29.5,107.0,7.59,4.4,,,,,,,,,,,,,,,,,,,,,,,,,,,,,,,,
2003,3,73,SEA,False,T,OL,O,Hawaii,22.0,2012.0,0,0,1,0.0,Wayne Hunter,OT,Hawaii,78.0,303.0,5.08,37.0,31.0,104.0,7.72,4.57,,,,,,,,,,,,,,,,,,,,,,,,,,,,,,,,
2003,3,74,STL,False,WR,WR,O,Utah St.,25.0,2010.0,0,0,3,13.0,Kevin Curtis,WR,Utah State,71.0,186.0,4.42,,36.0,122.0,6.76,3.99,WR,22.0,,,,,,,,,,,,,,,,,,,174.0,2789.0,16.0,19.0,126.8,,,,,,,
2003,3,75,HOU,False,T,OL,O,NW Missouri St.,24.0,2008.0,0,0,1,10.0,Seth Wand,OT,Northwest Missouri State,79.0,321.0,5.14,20.0,31.5,107.0,7.61,4.5,,,,,,,,,,,,,,,,,,,,,,,,,,,,,,,,
2003,3,76,CAR,False,TE,TE,O,UCLA,22.0,2006.0,0,0,0,1.0,Mike Seidman,TE,UCLA,76.0,261.0,4.8,20.0,,,,,TE,45.0,,,,,,,,,,,,,,,,,,,59.0,956.0,16.2,7.0,21.2,,,,,,,
2003,3,77,BAL,False,RB,RB,O,Georgia,21.0,2007.0,0,0,0,6.0,Musa Smith,RB,Georgia,73.0,232.0,4.45,,35.5,123.0,,,RB,31.0,,,,,,,,,,,454.0,2202.0,4.9,19.0,27.0,187.0,6.9,0.0,,,,,,,,,,,,
2003,3,78,MIA,False,T,OL,O,Memphis,22.0,2014.0,0,1,6,7.0,Wade Smith,OT,Memphis,76.0,296.0,5.14,24.0,32.5,114.0,7.62,4.75,TE,14.0,,,,,,,,,,,,,,,,,,,6.0,31.0,5.2,0.0,2.2,,,,,,,
2003,3,79,GNB,False,DT,DL,D,Ohio St.,24.0,2009.0,0,0,1,4.0,Kenny Peterson,DE,Ohio State,75.0,298.0,4.8,,,,,,,,,,,,,,,,,,,,,,,,,,,,,,,,,,,,,
2003,3,80,SDG,False,T,OL,O,Ark-Pine Bluff,23.0,2004.0,0,0,1,3.0,,,,,,,,,,,,,,,,,,,,,,,,,,,,,,,,,,,,,,,,,,,
2003,3,81,WAS,False,G,OL,O,Texas,22.0,2012.0,0,0,7,30.0,Derrick Dockery,OG,Texas,78.0,347.0,5.58,,25.0,92.0,,,OL,,,,,,,,,,,,,,,,,,,,,,,,,,,,,,,
2003,3,82,CAR,False,DB,DB,D,UCLA,22.0,2008.0,0,0,1,14.0,Ricky Manning,CB,UCLA,69.0,185.0,4.52,12.0,36.5,117.0,7.11,4.17,DB,46.0,,,,,,,,,,,,,,,,,,,,,,,,,,,,,13.0,
2003,3,83,OAK,False,DE,DL,D,Fresno St.,23.0,2010.0,0,0,1,13.0,,,,,,,,,,,,LB,23.0,2.8540540540540538,,,,,,,,,,,,,,,,,,,,,,,,,,,,,
2003,3,84,CLE,False,DB,DB,D,Marshall,23.0,2013.0,0,0,7,9.0,,,,,,,,,,,,DB,24.0,,,,,,,,,,,,,,,,,,,,,,,,,,,,,4.0,
2003,3,85,NYJ,False,FB,RB,O,Michigan,23.0,2009.0,0,0,1,1.0,B.J. Askew,RB,Michigan,74.0,241.0,4.6,,,,,,RB,46.0,,,,,,,,,,,334.0,1509.0,4.5,17.0,78.0,728.0,9.3,4.0,,,,,,,,,,,,
2003,3,86,NOR,False,LB,LB,D,Ohio St.,23.0,2003.0,0,0,0,1.0,Cie Grant,OLB,Ohio State,72.0,228.0,4.68,,,,,,LB,13.0,,,,,,,,,,,,,,,,,,,,,,,,,,,,,,
2003,3,87,MIA,False,G,OL,O,Texas A&M,23.0,2005.0,0,0,1,4.0,Taylor Whitley,OG,Texas A&M,76.0,321.0,5.18,28.0,30.0,106.0,7.95,4.58,,,,,,,,,,,,,,,,,,,,,,,,,,,,,,,,
2003,3,88,HOU,False,QB,QB,O,Louisville,23.0,2003.0,0,0,0,1.0,Dave Ragone,QB,Louisville,76.0,249.0,4.99,,30.5,101.0,7.42,4.36,QB,41.0,,685.0,1180.0,58.1,8564.0,74.0,29.0,7.3,7.41,208.9,,,,,,,,,,,,,,,,,,,,
2003,3,89,SFO,False,DE,DL,D,Miami (FL),24.0,2004.0,0,0,0,1.0,Andrew Williams,DE,Miami (FL),74.0,263.0,4.7,29.0,32.0,113.0,7.53,4.47,DL,21.0,21.2,,,,,,,,,,,,,,,,,,,,,,,,,,,,,
2003,3,90,IND,False,DB,DB,D,Colorado,22.0,2011.0,0,0,0,5.0,Donald Strickland,CB,Colorado,70.0,187.0,4.53,16.0,35.5,121.0,6.98,4.04,DB,26.0,,,,,,,,,,,,,,,,,,,,,,,,,,,,,4.0,
2003,3,91,NYG,False,TE,TE,O,Morgan St.,23.0,2013.0,0,0,5,1.0,Visanthe Shiancoe,TE,South Florida,76.0,251.0,4.65,28.0,39.5,120.0,7.09,4.31,,,,,,,,,,,,,,,,,,,,,,,,,,,,,,,,
2003,3,92,KAN,False,DB,DB,D,Tennessee,22.0,2004.0,0,0,0,2.0,Julian Battle,CB,Tennessee,74.0,205.0,4.45,,,,,,DB,25.0,,,,,,,,,,,,,,,,,,,,,,,,,,,,,3.0,
2003,3,93,TEN,False,RB,RB,O,Colorado,22.0,2009.0,0,0,2,23.0,Chris Brown,RB,Colorado,75.0,220.0,4.46,,,,,,RB,24.0,11.414110429447852,,,,,,,,,,493.0,2787.0,5.7,35.0,11.0,76.0,6.9,0.0,,,,,,,,,,,,
2003,3,94,BUF,False,LB,LB,D,Virginia,22.0,2007.0,0,0,3,18.0,Angelo Crowell,ILB,Virginia,72.0,236.0,4.73,25.0,32.5,,7.08,4.29,LB,12.0,,,,,,,,,,,,,,,,,,,,,,,,,,,,,,
2003,3,95,PHI,False,WR,WR,O,Virginia,23.0,2008.0,0,0,0,2.0,Billy McMullen,WR,Virginia,76.0,210.0,4.61,,,,,,WR,48.0,,,,,,,,,,,,,,,,,,,210.0,2978.0,14.2,24.0,62.0,,,,,,,
2003,3,96,OAK,False,FB,RB,O,USC,23.0,2009.0,0,0,2,20.0,Justin Fargas,RB,USC,73.0,219.0,4.35,27.0,,137.0,,,RB,33.0,,,,,,,,,,,256.0,1077.0,4.2,8.0,9.0,106.0,11.8,0.0,,,,,,,,,,,,
2003,4,97,TAM,False,QB,QB,O,Texas,23.0,2009.0,0,0,1,8.0,Chris Simms,QB,Texas,76.0,220.0,4.84,,31.0,103.0,7.38,4.21,QB,41.0,,535.0,911.0,58.7,7097.0,58.0,31.0,7.8,7.53,173.1,,,,,,,,,,,,,,,,,,,,
2003,4,98,CIN,False,DB,DB,D,Oregon St.,23.0,2003.0,0,0,0,0.0,Dennis Weathersby,CB,Oregon State,73.0,204.0,4.38,9.0,38.0,125.0,7.14,4.13,DB,35.0,,,,,,,,,,,,,,,,,,,,,,,,,,,,,5.0,
2003,4,99,DET,False,RB,RB,O,Kentucky,25.0,2007.0,0,0,0,7.0,Artose Pinner,RB,Kentucky,70.0,229.0,4.68,,,,,,RB,35.0,,,,,,,,,,,438.0,2105.0,4.8,17.0,58.0,407.0,7.0,2.0,,,,,,,,,,,,
2003,4,100,CHI,False,DB,DB,D,Florida,24.0,2009.0,0,0,1,9.0,Todd Johnson,S,Florida,73.0,206.0,4.56,19.0,33.5,117.0,7.01,4.19,DB,47.0,,,,,,,,,,,,,,,,,,,,,,,,,,,,,9.0,
2003,4,101,HOU,False,RB,RB,O,LSU,22.0,2005.0,0,0,3,33.0,Domanick Williams,RB,LSU,69.0,213.0,4.63,22.0,32.5,112.0,7.32,4.47,RB,47.0,,,,,,,,,,,455.0,2056.0,4.5,20.0,41.0,393.0,9.6,1.0,,,,,,,,,,,,
2003,4,102,NOR,False,G,OL,O,Florida St.,23.0,2011.0,0,0,4,13.0,Montrae Holland,OG,Florida State,73.0,333.0,5.3,30.0,,,8.46,5.13,,,,,,,,,,,,,,,,,,,,,,,,,,,,,,,,
2003,4,103,DAL,False,LB,LB,D,LSU,22.0,2012.0,0,0,8,47.0,Bradie James,ILB,LSU,74.0,242.0,4.71,,32.5,113.0,7.53,4.54,LB,23.0,,,,,,,,,,,,,,,,,,,,,,,,,,,,,,
2003,4,104,JAX,False,TE,TE,O,Oregon,22.0,2008.0,0,0,1,8.0,George Wrighster,TE,Oregon,74.0,249.0,4.89,16.0,34.5,115.0,7.24,,TE,24.0,,,,,,,,,,,,,,,,,,,52.0,691.0,13.3,7.0,28.8,,,,,,,
2003,4,105,MIN,False,RB,RB,O,Oregon,22.0,2004.0,0,0,0,14.0,Onterrio Smith,RB,Oregon,70.0,220.0,4.48,19.0,,,,,RB,29.0,,,,,,,,,,,436.0,2337.0,5.4,23.0,23.0,166.0,7.2,2.0,,,,,,,,,,,,
2003,4,106,STL,False,WR,WR,O,Arizona St.,22.0,2009.0,0,0,1,8.0,Shaun McDonald,WR,Arizona State,68.0,169.0,4.43,,,,,,WR,36.0,,,,,,,,,,,,,,,,,,,152.0,2806.0,18.5,24.0,77.9,,,,,,,
2003,4,107,STL,False,DB,DB,D,Nebraska,23.0,2006.0,0,0,1,9.0,DeJuan Groce,CB,Nebraska,70.0,192.0,4.49,18.0,36.0,118.0,6.82,4.0,DB,48.0,,,,,,,,,,,,,,,,,,,,,,,,,,,,,8.0,
2003,4,108,DEN,False,RB,RB,O,Oklahoma,22.0,2004.0,0,0,0,6.0,Quentin Griffin,RB,Oklahoma,67.0,195.0,4.48,21.0,38.0,123.0,,4.08,RB,42.0,,,,,,,,,,,702.0,3756.0,5.4,43.0,146.0,1217.0,8.3,6.0,,,,,,,,,,,,
2003,4,109,BAL,False,DE,DL,D,Alabama,22.0,2014.0,0,0,9,45.0,Jarret Johnson,DT,Alabama,75.0,284.0,5.07,21.0,28.5,107.0,7.72,4.58,,,,,,,,,,,,,,,,,,,,,,,,,,,,,,,,
2003,4,110,SEA,False,QB,QB,O,Iowa St.,23.0,2013.0,0,0,1,11.0,Seneca Wallace,QB,Iowa State,71.0,196.0,4.56,,38.0,127.0,6.98,4.14,QB,25.0,,411.0,712.0,57.7,5289.0,26.0,27.0,7.4,6.45,211.6,,,,,,,,,,,,,,,,,,,,
2003,4,111,BUF,False,DB,DB,D,Northwestern St. (LA),22.0,2012.0,0,1,7,49.0,Terrence McGee,CB,NW State (LA),70.0,201.0,4.57,15.0,37.0,126.0,6.88,4.09,,,,,,,,,,,,,,,,,,,,,,,,,,,,,,,,
2003,4,112,SDG,False,LB,LB,D,Ohio St.,22.0,2010.0,0,0,1,15.0,Matt Wilhelm,ILB,Ohio State,76.0,245.0,4.8,,,,,,LB,25.0,,,,,,,,,,,,,,,,,,,,,,,,,,,,,,
2003,4,113,KAN,False,T,OL,O,Florida St.,23.0,2004.0,0,0,0,0.0,Brett Williams,OT,Florida State,77.0,321.0,5.25,,27.5,99.0,8.57,5.01,,,,,,,,,,,,,,,,,,,,,,,,,,,,,,,,
2003,4,115,CLE,False,RB,RB,O,Virginia Tech,23.0,2006.0,0,0,0,8.0,Lee Suggs,RB,Virginia Tech,72.0,202.0,4.44,,,,,,RB,35.0,,,,,,,,,,,535.0,2767.0,5.2,53.0,15.0,171.0,11.4,3.0,,,,,,,,,,,,
2003,4,116,CHI,False,DT,DL,D,Florida,21.0,2009.0,0,0,3,19.0,Ian Scott,DT,Florida,74.0,312.0,5.16,28.0,28.5,99.0,8.12,5.0,DL,12.0,,,,,,,,,,,,,,,,,,,,,,,,,,,,,,
2003,4,117,NWE,False,DT,DL,D,Temple,22.0,2008.0,0,0,0,4.0,Dan Klecko,DT,Temple,71.0,283.0,4.94,26.0,33.5,111.0,7.52,4.43,,,,,,,,,,,,,,,,,,,,,,,,,,,,,,,,
2003,4,118,CIN,False,FB,RB,O,Western Kentucky,23.0,2009.0,0,0,4,4.0,Jeremi Johnson,FB,Indiana,71.0,260.0,4.9,20.0,29.0,103.0,,,RB,33.0,,,,,,,,,,,184.0,931.0,5.1,11.0,37.0,386.0,10.4,2.0,,,,,,,,,,,,
2003,4,119,CAR,False,DB,DB,D,Stanford,23.0,2006.0,0,0,1,8.0,Colin Branch,S,Stanford,72.0,203.0,4.4,22.0,36.0,119.0,,,DB,41.0,,,,,,,,,,,,,,,,,,,,,,,,,,,,,3.0,
2003,4,120,NWE,False,DB,DB,D,Central Florida,22.0,2013.0,1,4,9,31.0,Asante Samuel,CB,Central Florida,71.0,185.0,4.49,9.0,35.5,120.0,6.95,4.14,DB,34.0,,,,,,,,,,,,,,,,,,,,,,,,,,,,,8.0,
2003,4,121,ATL,False,FB,RB,O,Mississippi St.,23.0,2009.0,0,0,6,8.0,Justin Griffith,FB,Mississippi State,71.0,232.0,4.59,29.0,32.0,113.0,7.73,4.68,RB,38.0,,,,,,,,,,,213.0,852.0,4.0,10.0,85.0,937.0,11.0,4.0,,,,,,,,,,,,
2003,4,122,IND,False,G,OL,O,Marshall,23.0,2004.0,0,0,1,9.0,Steve Sciullo,OT,Marshall,77.0,330.0,5.48,23.0,28.0,98.0,7.85,4.72,OL,11.0,,,,,,,,,,,,,,,,,,,,,,,,,,,,,,
2003,4,124,SFO,False,WR,WR,O,Illinois,22.0,2014.0,0,1,6,11.0,Brandon Lloyd,WR,Illinois,72.0,184.0,4.62,,36.0,,,,WR,34.0,,,,,,,,,,,,,,,,,,,152.0,2470.0,16.3,19.0,72.6,,,,,,,
2003,4,125,PIT,False,DB,DB,D,Louisiana,23.0,2014.0,0,0,9,53.0,,,,,,,,,,,,RB,23.0,,,,,,,,,,,70.0,323.0,4.6,3.0,18.0,125.0,6.9,0.0,,,,,,,,,,,,
2003,4,126,TEN,False,DT,DL,D,Washington St.,22.0,2005.0,0,0,0,5.0,Rien Long,DT,Washington State,78.0,302.0,5.1,,,105.0,,,DL,,,,,,,,,,,,,,,,,,,,,,,,,,,,,,,
2003,4,127,BUF,False,WR,WR,O,North Carolina,22.0,2010.0,0,0,0,3.0,Sam Aiken,WR,North Carolina,74.0,209.0,4.59,,39.5,121.0,7.22,,WR,46.0,,,,,,,,,,,,,,,,,,,146.0,2195.0,15.0,15.0,47.7,,,,,,,
2003,5,129,OAK,False,DE,DL,D,South Florida,21.0,2004.0,0,0,0,0.0,Shurron Pierson,DE,South Florida,74.0,243.0,4.63,,39.0,128.0,,,DL,22.0,,,,,,,,,,,,,,,,,,,,,,,,,,,,,,
2003,5,131,PHI,False,DE,DL,D,Miami (FL),23.0,2005.0,0,0,0,1.0,Jamaal Green,DE,Miami (FL),74.0,272.0,4.78,27.0,35.5,119.0,,,,,,,,,,,,,,,,,,,,,,,,,,,,,,,,,,
2003,5,132,JAX,False,RB,RB,O,LSU,22.0,2007.0,0,0,0,5.0,LaBrandon Toefield,RB,LSU,71.0,233.0,4.6,19.0,,,,,RB,31.0,,,,,,,,,,,511.0,2149.0,4.2,26.0,25.0,233.0,9.3,1.0,,,,,,,,,,,,
2003,5,134,BAL,False,FB,RB,O,Wake Forest,23.0,2011.0,0,1,5,2.0,Ovie Mughelli,FB,Wake Forest,73.0,255.0,4.73,,31.5,114.0,7.78,4.32,RB,43.0,,,,,,,,,,,137.0,530.0,3.9,13.0,18.0,164.0,9.1,0.0,,,,,,,,,,,,
2003,5,135,SEA,False,LB,LB,D,Arizona St.,21.0,2004.0,0,0,0,2.0,Solomon Bates,ILB,Arizona State,73.0,243.0,4.89,19.0,30.0,112.0,7.23,4.34,LB,34.0,,,,,,,,,,,,,,,,,,,,,,,,,,,,,,
2003,5,136,CIN,False,LB,LB,D,Mars Hill,24.0,2003.0,0,0,0,1.0,Khalid Abdullah,OLB,Mars Hill,74.0,227.0,4.61,26.0,36.5,126.0,7.13,4.25,,,,,,,,,,,,,,,,,,,,,,,,,,,,,,,,
2003,5,137,DET,False,DB,DB,D,North Carolina St.,23.0,2008.0,0,0,3,13.0,Terrence Holt,S,North Carolina State,74.0,208.0,4.55,13.0,34.5,122.0,6.99,4.03,DB,44.0,,,,,,,,,,,,,,,,,,,,,,,,,,,,,5.0,
2003,5,138,IND,False,DE,DL,D,Alabama A&M,22.0,2016.0,1,5,9,67.0,,,,,,,,,,,,,,,,,,,,,,,,,,,,,,,,,,,,,,,,,,,
2003,5,139,CHI,False,WR,WR,O,Arizona,22.0,2009.0,0,0,3,5.0,Bobby Wade,WR,Arizona,70.0,193.0,4.66,,34.5,115.0,7.01,4.11,WR,45.0,,,,,,,,,,,,,,,,,,,230.0,3351.0,14.6,23.0,74.5,,,,,,,
2003,5,140,NYJ,False,DB,DB,D,Iowa,23.0,2004.0,0,0,0,1.0,Derek Pagel,S,Iowa,73.0,208.0,4.57,25.0,35.5,115.0,6.87,4.08,DB,24.0,,,,,,,,,,,,,,,,,,,,,,,,,,,,,5.0,
2003,5,141,ARI,False,DE,DL,D,Alabama,22.0,2003.0,0,0,0,1.0,Kenny King,DE,Alabama,75.0,281.0,4.95,25.0,35.0,114.0,7.5,4.37,DL,23.0,,,,,,,,,,,,,,,,,,,,,,,,,,,,,,
2003,5,142,CLE,False,C,OL,O,Rice,23.0,2011.0,0,2,0,18.0,,,,,,,,,,,,,,,,,,,,,,,,,,,,,,,,,,,,,,,,,,,
2003,5,143,CHI,False,WR,WR,O,Missouri,22.0,2010.0,0,0,3,6.0,Justin Gage,WR,Missouri,76.0,217.0,4.45,,,,,,WR,34.0,,,,,,,,,,,,,,,,,,,200.0,2704.0,13.5,18.0,79.5,,,,,,,
2003,5,144,DET,False,LB,LB,D,West Virginia,24.0,2005.0,0,0,2,13.0,,,,,,,,,,,,LB,11.0,-7.770588235294118,,,,,,,,,,,,,,,,,,,,,,,,,,,,,
2003,5,145,CAR,False,DT,DL,D,Alabama,24.0,2008.0,0,0,1,12.0,Kindal Moorehead,DE,Alabama,74.0,285.0,5.0,22.0,32.0,104.0,7.71,4.57,DL,10.0,,,,,,,,,,,,,,,,,,,,,,,,,,,,,,
2003,5,146,BAL,False,DT,DL,D,Tennessee,23.0,2013.0,0,0,7,3.0,Aubrayo Franklin,DT,Tennessee,73.0,307.0,5.2,,27.0,100.0,,4.79,,,,,,,,,,,,,,,,,,,,,,,,,,,,,,,,
2003,5,147,GNB,False,DT,DL,D,Oregon St.,23.0,2004.0,0,0,0,1.0,James Lee,DT,Oregon State,76.0,327.0,4.98,23.0,30.0,106.0,7.78,4.69,,,,,,,,,,,,,,,,,,,,,,,,,,,,,,,,
2003,5,148,STL,False,FB,RB,O,Eastern Washington,25.0,2003.0,0,0,0,0.0,Dan Curley,TE,East. Washington,76.0,254.0,4.63,17.0,35.5,118.0,7.47,4.53,,,,,,,,,,,,,,,,,,,,,,,,,,,,,,,,
2003,5,149,SDG,False,P,P,S,Western Illinois,22.0,2015.0,0,0,0,23.0,Mike Scifres,P,West. Illinois,74.0,236.0,4.91,,,,,,,,,,,,,,,,,,,,,,,,,,,,,,,,,,,,,
2003,5,150,NYJ,False,DE,DL,D,Miami (FL),24.0,2003.0,0,0,0,1.0,Matt Walters,DE,Miami (FL),76.0,272.0,4.9,30.0,,,,,DL,11.0,,,,,,,,,,,,,,,,,,,,,,,,,,,,,,
2003,5,151,BUF,False,T,OL,O,Iowa,24.0,2003.0,0,0,0,0.0,Ben Sobieski,OG,Iowa,77.0,307.0,5.0,18.0,30.0,109.0,7.7,4.49,,,,,,,,,,,,,,,,,,,,,,,,,,,,,,,,
2003,5,152,CLE,False,DB,DB,D,Minnesota,23.0,2008.0,0,0,1,4.0,Michael Lehan,CB,Minnesota,72.0,196.0,4.48,13.0,34.5,119.0,6.95,4.15,DB,32.0,,,,,,,,,,,,,,,,,,,,,,,,,,,,,5.0,
2003,5,153,KAN,False,T,OL,O,Notre Dame,23.0,2012.0,0,0,2,16.0,Jordan Black,OT,Notre Dame,78.0,314.0,5.18,,30.0,106.0,7.65,4.5,OL,11.0,,,,,,,,,,,,,,,,,,,,,,,,,,,,,,
2003,5,154,TEN,False,DB,DB,D,Ohio St.,23.0,2010.0,0,0,0,8.0,Donnie Nickey,S,Ohio State,74.0,220.0,4.65,17.0,33.5,119.0,7.08,4.16,DB,48.0,,,,,,,,,,,,,,,,,,,,,,,,,,,,,5.0,
2003,5,155,NOR,False,DE,DL,D,Kansas St.,24.0,2004.0,0,0,0,2.0,,,,,,,,,,,,,,,,,,,,,,,,,,,,,,,,,,,,,,,,,,,
2003,5,156,MIA,False,TE,TE,O,Mississippi St.,23.0,2011.0,0,0,5,2.0,Donald Lee,TE,Mississippi State,75.0,249.0,4.82,26.0,39.0,120.0,7.42,4.42,TE,44.0,,,,,,,,,,,,,,,,,,,61.0,611.0,10.0,3.0,13.9,,,,,,,
2003,5,158,DEN,False,WR,WR,O,TCU,23.0,2003.0,0,0,0,0.0,Adrian Madise,WR,TCU,71.0,215.0,4.49,,32.0,119.0,7.32,4.26,WR,22.0,,,,,,,,,,,,,,,,,,,82.0,1343.0,16.4,7.0,61.0,,,,,,,
2003,5,160,NYG,False,G,OL,O,Illinois,22.0,2013.0,0,1,11,67.0,David Diehl,OG,Illinois,78.0,310.0,5.26,22.0,28.0,96.0,8.1,4.97,,,,,,,,,,,,,,,,,,,,,,,,,,,,,,,,
2003,6,161,SFO,False,TE,TE,O,Florida,23.0,2007.0,0,0,0,2.0,Aaron Walker,TE,Florida,78.0,252.0,4.72,24.0,33.5,115.0,7.57,4.3,TE,46.0,,,,,,,,,,,,,,,,,,,56.0,716.0,12.8,9.0,15.6,,,,,,,
2003,6,162,IND,False,LB,LB,D,Tennessee,23.0,2004.0,0,0,0,0.0,Keyon Whiteside,ILB,Tennessee,72.0,229.0,4.8,27.0,29.0,111.0,7.32,4.34,LB,13.0,,,,,,,,,,,,,,,,,,,,,,,,,,,,,,
2003,6,163,PIT,False,QB,QB,O,Boston Col.,23.0,2010.0,0,0,0,0.0,,,,,,,,,,,,QB,44.0,,457.0,803.0,56.9,5837.0,48.0,32.0,7.3,6.67,132.7,,,,,,,,,,,,,,,,,,,,
2003,6,164,NWE,False,C,OL,O,Boston Col.,23.0,2012.0,0,1,9,68.0,Dan Koppen,C,Boston Col.,75.0,297.0,5.43,27.0,28.5,101.0,8.26,4.56,,,,,,,,,,,,,,,,,,,,,,,,,,,,,,,,
2003,6,165,SEA,False,FB,RB,O,Syracuse,23.0,2003.0,0,0,0,0.0,Chris Davis,FB,Syracuse,71.0,235.0,4.56,21.0,38.5,116.0,7.25,4.37,RB,37.0,13.857142857142858,,,,,,,,,,73.0,230.0,3.2,7.0,9.0,53.0,5.9,0.0,,,,,,,,,,,,
2003,6,167,OAK,False,WR,WR,O,Central Florida,23.0,2006.0,0,0,1,10.0,Doug Gabriel,WR,Central Florida,74.0,213.0,4.52,,35.5,116.0,7.05,4.16,WR,22.0,,,,,,,,,,,,,,,,,,,97.0,1869.0,19.3,20.0,85.0,,,,,,,
2003,6,168,TAM,False,G,OL,O,Notre Dame,23.0,2009.0,0,0,3,16.0,Sean Mahan,OG,Notre Dame,75.0,301.0,5.14,30.0,30.0,105.0,7.75,4.77,,,,,,,,,,,,,,,,,,,,,,,,,,,,,,,,
2003,6,170,STL,False,DB,DB,D,Notre Dame,23.0,2003.0,0,0,0,0.0,Shane Walton,CB,Notre Dame,71.0,184.0,4.67,11.0,31.0,109.0,7.05,4.29,DB,35.0,,,,,,,,,,,,,,,,,,,,,,,,,,,,,11.0,
2003,6,171,CHI,False,DT,DL,D,Florida,23.0,2003.0,0,0,0,0.0,Tron LaFavor,DT,Florida,74.0,290.0,5.08,26.0,28.0,106.0,,,DL,12.0,,,,,,,,,,,,,,,,,,,,,,,,,,,,,,
2003,6,172,STL,False,DB,DB,D,SMU,23.0,2006.0,0,0,0,2.0,Kevin Garrett,CB,SMU,69.0,194.0,4.32,,35.0,129.0,6.9,3.96,DB,42.0,,,,,,,,,,,,,,,,,,,,,,,,,,,,,7.0,
2003,6,173,BAL,False,T,OL,O,Illinois,23.0,2013.0,0,0,5,9.0,Tony Pashos,OT,Illinois,78.0,337.0,5.3,38.0,,,,,,,,,,,,,,,,,,,,,,,,,,,,,,,,,,,,
2003,6,174,CIN,False,DT,DL,D,South Carolina,22.0,2008.0,0,0,0,4.0,Langston Moore,DT,South Carolina,73.0,303.0,5.04,29.0,32.0,104.0,7.64,4.29,DL,12.0,,,,,,,,,,,,,,,,,,,,,,,,,,,,,,
2003,6,175,DET,False,WR,WR,O,Grand Valley St.,23.0,2006.0,0,0,0,1.0,,,,,,,,,,,,,,,,,,,,,,,,,,,,,,,,,,,,,,,,,,,
2003,6,176,JAX,False,DE,DL,D,Rice,23.0,2006.0,0,0,0,0.0,Brandon Green,DE,Rice,74.0,267.0,4.78,19.0,32.0,105.0,7.23,4.32,DL,23.0,-2.4547619047619045,,,,,,,,,,,,,,,,,,,,,,,,,,,,,
2003,6,177,ARI,False,G,OL,O,Clarion,22.0,2012.0,0,0,6,39.0,Reggie Wells,OT,Clarion,75.0,300.0,5.16,23.0,29.0,104.0,8.35,4.56,,,,,,,,,,,,,,,,,,,,,,,,,,,,,,,,
2003,6,180,MIN,False,P,P,S,Idaho St.,22.0,2003.0,0,0,0,1.0,Eddie Johnson,P,Idaho State,75.0,232.0,5.17,,,,,,,,,,,,,,,,,,,,,,,,,,,,,,,,,,,,,
2003,6,181,MIA,False,LB,LB,D,South Carolina,27.0,2004.0,0,0,0,1.0,,,,,,,,,,,,QB,22.0,,111.0,204.0,54.4,1528.0,7.0,11.0,7.5,5.75,69.5,,,,,,,,,,,,,,,,,,,,
2003,6,182,BAL,False,DB,DB,D,Notre Dame,22.0,2007.0,0,0,0,3.0,Gerome Sapp,S,Notre Dame,72.0,216.0,4.64,,36.5,112.0,7.13,4.3,DB,35.0,,,,,,,,,,,,,,,,,,,,,,,,,,,,,5.0,
2003,6,183,SEA,False,DT,DL,D,Tennessee,24.0,2007.0,0,0,1,10.0,Rashad Moore,DT,Tennessee,75.0,324.0,5.1,,,,,,DL,24.0,,,,,,,,,,,,,,,,,,,,,,,,,,,,,,
2003,6,184,STL,False,G,OL,O,California,21.0,2004.0,0,0,0,2.0,Scott Tercero,OG,California,76.0,303.0,5.23,25.0,28.5,103.0,7.81,4.51,,,,,,,,,,,,,,,,,,,,,,,,,,,,,,,,
2003,6,186,DAL,False,WR,WR,O,Hampton,23.0,2003.0,0,0,0,0.0,,,,,,,,,,,,,,,,,,,,,,,,,,,,,,,,,,,,,,,,,,,
2003,6,187,BUF,False,DT,DL,D,Utah,23.0,2005.0,0,0,0,1.0,Lauvale Sape,DT,Utah,74.0,297.0,5.21,,31.5,111.0,7.73,4.72,,,,,,,,,,,,,,,,,,,,,,,,,,,,,,,,
2003,6,188,SDG,False,DB,DB,D,Houston,23.0,2007.0,0,1,0,4.0,Hanik Milligan,S,Houston,74.0,201.0,4.52,9.0,36.5,130.0,7.11,4.18,DB,34.0,,,,,,,,,,,,,,,,,,,,,,,,,,,,,7.0,
2003,6,189,KAN,False,DE,DL,D,Oklahoma,22.0,2010.0,0,0,1,6.0,Jimmy Wilkerson,DE,Oklahoma,75.0,271.0,4.91,29.0,34.5,114.0,7.45,4.4,,,,,,,,,,,,,,,,,,,,,,,,,,,,,,,,
2003,6,190,MIN,False,LB,LB,D,Florida,22.0,2004.0,0,0,0,3.0,,,,,,,,,,,,LB,23.0,,,,,,,,,,,,,,,,,,,,,,,,,,,,,,
2003,6,191,CHI,False,LB,LB,D,Purdue,23.0,2005.0,0,0,0,6.0,Joe Odom,OLB,Purdue,73.0,241.0,4.6,26.0,,,,,LB,43.0,,,,,,,,,,,,,,,,,,,,,,,,,,,,,,
2003,7,195,CLE,False,DE,DL,D,Boston Col.,23.0,2012.0,0,0,2,0.0,Antonio Garay,DE,Boston Col.,75.0,295.0,4.9,,,,,,DL,8.0,,,,,,,,,,,,,,,,,,,,,,,,,,,,,,
2003,7,196,ATL,False,WR,WR,O,TCU,23.0,2003.0,0,0,0,0.0,LaTarence Dunbar,WR,TCU,71.0,196.0,4.52,,34.0,122.0,7.41,4.35,WR,33.0,,,,,,,,,,,,,,,,,,,89.0,1229.0,13.8,11.0,37.2,,,,,,,
2003,7,197,SFO,False,WR,WR,O,Notre Dame,23.0,2011.0,0,0,2,18.0,Arnaz Battle,WR,Notre Dame,73.0,217.0,4.58,,35.0,117.0,6.74,4.06,WR,20.0,,,,,,,,,,,,,,,,,,,63.0,826.0,13.1,5.0,41.3,,,,,,,
2003,7,198,IND,False,LB,LB,D,Michigan,23.0,2009.0,0,1,5,25.0,Cato June,S,Michigan,72.0,218.0,4.61,,35.0,113.0,,,DB,22.0,,,,,,,,,,,,,,,,,,,,,,,,,,,,,3.0,
2003,7,199,NYG,False,WR,WR,O,SE Missouri St.,23.0,2006.0,0,0,0,2.0,,,,,,,,,,,,WR,6.0,,,,,,,,,,,,,,,,,,,8.0,71.0,8.9,0.0,11.8,,,,,,,
2003,7,200,NYJ,False,QB,QB,O,Wisconsin,23.0,2008.0,0,0,1,5.0,,,,,,,,,,,,QB,44.0,,398.0,740.0,53.8,5406.0,36.0,17.0,7.3,7.24,122.9,,,,,,,,,,,,,,,,,,,,
2003,7,205,TAM,False,DB,DB,D,Pittsburgh,22.0,2009.0,0,0,0,5.0,Torrie Cox,CB,Pittsburgh,69.0,181.0,4.55,,32.0,119.0,6.98,4.2,RB,29.0,,,,,,,,,,,29.0,68.0,2.3,1.0,0.0,0.0,,0.0,,,,,,,,,,,,
2003,7,206,CHI,False,RB,RB,O,Boise St.,23.0,2004.0,0,0,0,2.0,,,,,,,,,,,,RB,47.0,,,,,,,,,,,813.0,4045.0,5.0,50.0,101.0,1175.0,11.6,18.0,,,,,,,,,,,,
2003,7,207,NYG,False,DB,DB,D,Tuskegee,23.0,2011.0,0,0,1,6.0,,,,,,,,,,,,,,,,,,,,,,,,,,,,,,,,,,,,,,,,,,,
2003,7,208,IND,False,T,OL,O,Arizona,23.0,2004.0,0,0,0,7.0,Makoa Freitas,OG,Arizona,76.0,307.0,5.05,36.0,24.5,95.0,8.24,4.92,,,,,,,,,,,,,,,,,,,,,,,,,,,,,,,,
2003,7,211,NYG,False,WR,WR,O,Syracuse,23.0,2009.0,0,1,0,5.0,,,,,,,,,,,,WR,46.0,,,,,,,,,,,,,,,,,,,75.0,1214.0,16.2,6.0,26.4,,,,,,,
2003,7,213,MIA,False,DB,DB,D,Eastern Kentucky,25.0,2013.0,0,1,7,29.0,,,,,,,,,,,,,,,,,,,,,,,,,,,,,,,,,,,,,,,,,,,
2003,7,215,CIN,False,T,OL,O,North Carolina St.,22.0,2009.0,0,0,0,6.0,Scott Kooistra,OT,North Carolina State,78.0,316.0,5.14,28.0,31.0,103.0,7.95,4.62,,,,,,,,,,,,,,,,,,,,,,,,,,,,,,,,
2003,7,217,HOU,False,DB,DB,D,Louisville,22.0,2006.0,0,0,0,0.0,Curry Burns,S,Louisville,72.0,216.0,4.56,19.0,36.0,120.0,7.04,4.16,DB,36.0,,,,,,,,,,,,,,,,,,,,,,,,,,,,,8.0,
2003,7,218,JAX,False,FB,RB,O,USC,24.0,2003.0,0,0,0,0.0,Malaefou MacKenzie,RB,USC,70.0,233.0,4.67,,,,,,RB,45.0,,,,,,,,,,,216.0,939.0,4.3,8.0,76.0,676.0,8.9,7.0,,,,,,,,,,,,
2003,7,221,MIN,False,WR,WR,O,Oregon,22.0,2005.0,0,0,0,0.0,Keenan Howry,WR,Oregon,70.0,178.0,4.56,,31.5,114.0,7.34,4.28,WR,46.0,,,,,,,,,,,,,,,,,,,162.0,2552.0,15.8,22.0,55.5,,,,,,,
2003,7,222,SEA,False,K,K,S,Nebraska,24.0,2016.0,0,1,0,14.0,Josh Brown,K,Nebraska,73.0,202.0,4.81,,,,,,,,,,,,,,,,,,,,,,,,,,,,,,,,,,,,,
2003,7,224,SEA,False,WR,WR,O,Kansas St.,22.0,2005.0,0,0,0,0.0,,,,,,,,,,,,WR,14.0,,,,,,,,,,,,,,,,,,,41.0,721.0,17.6,5.0,51.5,,,,,,,
2003,7,225,TEN,False,G,OL,O,Florida St.,25.0,2005.0,0,0,0,0.0,Todd Williams,OT,Florida State,77.0,340.0,5.08,27.0,32.5,108.0,8.06,4.54,,,,,,,,,,,,,,,,,,,,,,,,,,,,,,,,
2003,7,226,CAR,False,WR,WR,O,Illinois,23.0,2006.0,0,0,0,0.0,Walter Young,WR,Illinois,77.0,214.0,4.54,,39.0,121.0,6.9,4.25,WR,23.0,,,,,,,,,,,,,,,,,,,69.0,1058.0,15.3,7.0,46.0,,,,,,,
2003,7,228,BUF,False,LB,LB,D,Mississippi St.,23.0,2012.0,0,0,2,4.0,Mario Haggan,ILB,Mississippi State,75.0,252.0,4.88,21.0,33.0,110.0,7.55,4.46,DL,11.0,,,,,,,,,,,,,,,,,,,,,,,,,,,,,,
2003,7,229,SDG,False,FB,RB,O,South Carolina,23.0,2007.0,0,0,0,1.0,Andrew Pinnock,FB,South Carolina,70.0,265.0,4.62,22.0,,,,,RB,42.0,,,,,,,,,,,399.0,1770.0,4.4,25.0,26.0,175.0,6.7,0.0,,,,,,,,,,,,
2003,7,230,KAN,False,DT,DL,D,Wake Forest,23.0,2003.0,0,0,0,0.0,,,,,,,,,,,,DL,13.0,,,,,,,,,,,,,,,,,,,,,,,,,,,,,,
2003,7,231,NOR,False,WR,WR,O,Florida St.,23.0,2004.0,0,0,0,0.0,Talman Gardner,WR,Florida State,73.0,205.0,4.44,,34.5,116.0,7.54,4.43,WR,47.0,,,,,,,,,,,,,,,,,,,90.0,1595.0,17.7,19.0,33.9,,,,,,,
2003,7,232,WAS,False,QB,QB,O,Indiana,22.0,2003.0,0,0,0,0.0,,,,,,,,,,,,QB,30.0,,155.0,299.0,51.8,2172.0,10.0,14.0,7.3,5.83,72.4,,,,,,,,,,,,,,,,,,,,
2003,7,237,NYJ,False,G,OL,O,Temple,22.0,2005.0,0,0,0,0.0,,,,,,,,,,,,,,,,,,,,,,,,,,,,,,,,,,,,,,,,,,,
2003,7,238,ATL,False,DE,DL,D,Tennessee,22.0,2007.0,0,0,0,0.0,Demetrin Veal,DE,Tennessee,74.0,288.0,5.24,26.0,,111.0,,,,,,,,,,,,,,,,,,,,,,,,,,,,,,,,,,
2003,7,239,NWE,False,LB,LB,D,California,23.0,2010.0,0,0,2,15.0,Tully Banta-Cain,DE,California,74.0,264.0,4.79,25.0,,,,,DL,23.0,,,,,,,,,,,,,,,,,,,,,,,,,,,,,,
2003,7,241,SFO,False,QB,QB,O,Miami (FL),22.0,2008.0,0,0,0,1.0,Ken Dorsey,QB,Miami (FL),77.0,208.0,4.7,,,,,,QB,41.0,-24.1,668.0,1153.0,57.9,9565.0,86.0,28.0,8.3,8.69,233.3,,,,,,,,,,,,,,,,,,,,
2003,7,243,NWE,False,DT,DL,D,Baylor,23.0,2007.0,0,0,1,0.0,,,,,,,,,,,,,,,,,,,,,,,,,,,,,,,,,,,,,,,,,,,
2003,7,246,OAK,False,DB,DB,D,New Mexico St.,22.0,2005.0,0,0,0,0.0,,,,,,,,,,,,DB,24.0,,,,,,,,,,,,,,,,,,,,,,,,,,,,,4.0,
2003,7,249,NYG,False,G,OL,O,Colorado,23.0,2004.0,0,0,1,9.0,Wayne Lucier,C,Colorado,76.0,301.0,5.28,,,,,,OL,6.0,,,,,,,,,,,,,,,,,,,,,,,,,,,,,,
2003,7,251,STL,False,LB,LB,D,Nebraska,23.0,2012.0,0,0,7,0.0,Scott Shanle,OLB,Nebraska,74.0,245.0,4.72,20.0,31.0,111.0,7.27,4.32,LB,24.0,,,,,,,,,,,,,,,,,,,,,,,,,,,,,,
2003,7,252,KAN,False,DB,DB,D,Virginia Tech,23.0,2005.0,0,0,0,2.0,Willie Pile,S,Virginia Tech,74.0,206.0,4.57,14.0,38.0,125.0,6.77,4.21,DB,36.0,,,,,,,,,,,,,,,,,,,,,,,,,,,,,14.0,
2003,7,254,STL,False,TE,TE,O,Western New Mexico,23.0,2008.0,0,0,0,0.0,,,,,,,,,,,,,,,,,,,,,,,,,,,,,,,,,,,,,,,,,,,
2003,7,257,GNB,False,LB,LB,D,Carson-Newman,23.0,2004.0,0,0,0,0.0,,,,,,,,,,,,,,,,,,,,,,,,,,,,,,,,,,,,,,,,,,,
2003,7,259,CIN,False,DE,DL,D,Central Florida,22.0,2004.0,0,0,0,0.0,,,,,,,,,,,,,,,,,,,,,,,,,,,,,,,,,,,,,,,,,,,
2003,7,261,CHI,False,G,OL,O,Pittsburgh,23.0,2004.0,0,0,0,0.0,,,,,,,,,,,,,,,,,,,,,,,,,,,,,,,,,,,,,,,,,,,
2004,1,2,OAK,False,T,OL,O,Iowa,24.0,2011.0,0,0,7,35.0,Robert Gallery,OT,Iowa,79.0,323.0,4.98,24.0,30.0,105.0,7.42,4.38,TE,11.0,,,,,,,,,,,,,,,,,,,3.0,32.0,10.7,0.0,2.9,,,,,,,
2004,1,3,ARI,True,WR,WR,O,Pittsburgh,21.0,2020.0,1,11,17,93.0,Larry Fitzgerald,WR,Pittsburgh,75.0,225.0,4.48,,,,,,WR,26.0,,,,,,,,,,,,,,,,,,,161.0,2677.0,16.6,34.0,103.0,,,,,,,
2004,1,5,WAS,False,DB,DB,D,Miami (FL),21.0,2007.0,0,2,4,32.0,Sean Taylor,S,Miami (FL),74.0,230.0,4.51,,,,,,DB,25.0,,,,,,,,,,,,,,,,,,,,,,,,,,,,,14.0,
2004,1,6,CLE,False,TE,TE,O,Miami (FL),21.0,2013.0,0,1,5,19.0,Kellen Winslow,TE,Miami (FL),76.0,251.0,4.55,24.0,,120.0,,,TE,36.0,,,,,,,,,,,,,,,,,,,119.0,1365.0,11.5,9.0,37.9,,,,,,,
2004,1,7,DET,False,WR,WR,O,Texas,22.0,2011.0,0,1,7,30.0,Roy Williams,WR,Texas,74.0,212.0,4.48,,,,,,WR,48.0,,,,,,,,,,,,,,,,,,,241.0,3866.0,16.0,36.0,80.5,,,,,,,
2004,1,8,ATL,False,DB,DB,D,Virginia Tech,20.0,2017.0,0,3,10,28.0,DeAngelo Hall,CB,Virginia Tech,70.0,202.0,4.34,,,,,,DB,38.0,,,,,,,,,,,,,,,,,,,,,,,,,,,,,8.0,
2004,1,9,JAX,False,WR,WR,O,Washington,21.0,2008.0,0,0,3,23.0,Reggie Williams,WR,Washington,76.0,229.0,4.56,,,,,,WR,36.0,,,,,,,,,,,,,,,,,,,238.0,3536.0,14.9,22.0,98.2,,,,,,,
2004,1,10,HOU,False,DB,DB,D,South Carolina,22.0,2013.0,0,0,8,23.0,Dunta Robinson,CB,South Carolina,71.0,186.0,4.34,15.0,36.0,120.0,6.97,3.75,DB,24.0,,,,,,,,,,,,,,,,,,,,,,,,,,,,,5.0,
2004,1,11,PIT,False,QB,QB,O,Miami (OH),22.0,2021.0,0,6,17,131.0,Ben Roethlisberger,QB,Miami (OH),77.0,241.0,4.75,,,,,,QB,38.0,,854.0,1304.0,65.5,10829.0,84.0,34.0,8.3,8.42,285.0,,,,,,,,,,,,,,,,,,,,
2004,1,12,NYJ,False,LB,LB,D,Miami (FL),22.0,2013.0,0,3,8,25.0,Jonathan Vilma,ILB,Miami (FL),72.0,233.0,4.61,,,,,,LB,22.0,,,,,,,,,,,,,,,,,,,,,,,,,,,,,,
2004,1,13,BUF,False,WR,WR,O,Wisconsin,23.0,2011.0,0,0,7,47.0,Lee Evans,WR,Wisconsin,71.0,197.0,4.39,,34.5,120.0,,,WR,42.0,,,,,,,,,,,,,,,,,,,172.0,3382.0,19.7,26.0,80.5,,,,,,,
2004,1,14,CHI,False,DT,DL,D,Oklahoma,21.0,2011.0,0,3,6,55.0,Tommie Harris,DT,Oklahoma,74.0,295.0,4.78,29.0,,,,,DL,14.0,,,,,,,,,,,,,,,,,,,,,,,,,,,,,,
2004,1,15,TAM,False,WR,WR,O,LSU,21.0,2011.0,0,0,5,22.0,Michael Clayton,WR,LSU,75.0,209.0,4.67,,32.5,116.0,6.77,4.09,WR,39.0,,,,,,,,,,,,,,,,,,,182.0,2582.0,14.2,21.0,66.2,,,,,,,
2004,1,16,PHI,False,G,OL,O,Arkansas,21.0,2010.0,1,2,3,32.0,Shawn Andrews,OT,Arkansas,76.0,366.0,5.49,27.0,25.0,98.0,8.25,4.85,OL,12.0,,,,,,,,,,,,,,,,,,,,,,,,,,,,,,
2004,1,17,DEN,False,LB,LB,D,Miami (FL),22.0,2014.0,0,0,9,45.0,D.J. Williams,OLB,Miami (FL),73.0,250.0,4.55,,,,,,LB,13.0,11.791489361702128,,,,,,,,,,,,,,,,,,,,,,,,,,,,,
2004,1,18,NOR,False,DE,DL,D,Ohio St.,23.0,2012.0,0,1,7,52.0,Will Smith,DE,Ohio State,75.0,275.0,4.6,,,,,,DL,14.0,,,,,,,,,,,,,,,,,,,,,,,,,,,,,,
2004,1,19,MIA,False,T,OL,O,Miami (FL),23.0,2011.0,0,0,7,44.0,Vernon Carey,OG,Miami (FL),76.0,335.0,5.33,30.0,,,,,,,,,,,,,,,,,,,,,,,,,,,,,,,,,,,,
2004,1,20,MIN,False,DE,DL,D,USC,21.0,2007.0,0,0,3,20.0,Kenechi Udeze,DE,USC,75.0,281.0,4.77,,,,,,DL,26.0,,,,,,,,,,,,,,,,,,,,,,,,,,,,,,
2004,1,21,NWE,False,NT,DL,D,Miami (FL),22.0,2016.0,1,5,11,81.0,Vince Wilfork,DT,Miami (FL),73.0,323.0,5.08,36.0,,,,,DL,11.0,,,,,,,,,,,,,,,,,,,,,,,,,,,,,,
2004,1,22,BUF,False,QB,QB,O,Tulane,23.0,2011.0,0,0,1,19.0,J.P. Losman,QB,Tulane,74.0,224.0,4.73,,33.0,116.0,,,QB,38.0,,570.0,987.0,57.8,6754.0,60.0,27.0,6.8,6.83,177.7,,,,,,,,,,,,,,,,,,,,
2004,1,23,SEA,False,DT,DL,D,Texas,23.0,2006.0,0,0,1,9.0,Marcus Tubbs,DT,Texas,76.0,321.0,5.05,29.0,32.5,105.0,,,,,,,,,,,,,,,,,,,,,,,,,,,,,,,,,,
2004,1,24,STL,False,RB,RB,O,Oregon St.,21.0,2015.0,0,3,10,68.0,Steven Jackson,RB,Oregon State,73.0,241.0,4.55,,,,,,RB,37.0,-8.166666666666666,,,,,,,,,,743.0,3625.0,4.9,39.0,66.0,680.0,10.3,6.0,,,,,,,,,,,,
2004,1,25,GNB,False,DB,DB,D,Arkansas,21.0,2009.0,0,0,2,13.0,Ahmad Carroll,CB,Arkansas,70.0,195.0,4.34,15.0,41.0,128.0,,,DB,35.0,,,,,,,,,,,,,,,,,,,,,,,,,,,,,4.0,
2004,1,26,CIN,False,RB,RB,O,Michigan,22.0,2008.0,0,0,0,9.0,Chris Perry,RB,Michigan,72.0,224.0,4.56,19.0,,,,,RB,45.0,,,,,,,,,,,794.0,3657.0,4.6,39.0,64.0,569.0,8.9,2.0,,,,,,,,,,,,
2004,1,27,HOU,False,LB,LB,D,Western Michigan,24.0,2015.0,0,2,5,9.0,Jason Babin,DE,West. Michigan,75.0,260.0,4.62,28.0,34.0,121.0,7.03,4.14,DL,23.0,,,,,,,,,,,,,,,,,,,,,,,,,,,,,,
2004,1,28,CAR,False,DB,DB,D,Ohio St.,21.0,2012.0,0,0,8,44.0,Chris Gamble,CB,Ohio State,73.0,198.0,4.52,,,,,,WR,38.0,,,,,,,,,,,,,,,,,,,38.0,577.0,15.2,0.0,15.2,,,,,,,
2004,1,29,ATL,False,WR,WR,O,Ohio St.,22.0,2012.0,0,0,6,33.0,Michael Jenkins,WR,Ohio State,76.0,218.0,4.4,,,,,,WR,38.0,,,,,,,,,,,,,,,,,,,157.0,2746.0,17.5,16.0,72.3,,,,,,,
2004,1,30,DET,False,RB,RB,O,Virginia Tech,22.0,2008.0,0,0,4,26.0,Kevin Jones,RB,Virginia Tech,72.0,227.0,4.38,,38.0,120.0,,,RB,37.0,-12.875438596491229,,,,,,,,,,616.0,3475.0,5.6,35.0,24.0,229.0,9.5,0.0,,,,,,,,,,,,
2004,1,31,SFO,False,WR,WR,O,Oklahoma St.,23.0,2004.0,0,0,0,1.0,Rashaun Woods,WR,Oklahoma State,74.0,202.0,4.47,,39.0,125.0,6.93,3.97,WR,48.0,,,,,,,,,,,,,,,,,,,293.0,4414.0,15.1,42.0,92.0,,,,,,,
2004,1,32,NWE,False,TE,TE,O,Georgia,23.0,2019.0,0,0,11,19.0,Benjamin Watson,TE,Georgia,75.0,258.0,4.5,34.0,35.5,123.0,7.38,4.11,TE,48.0,,,,,,,,,,,,,,,,,,,73.0,945.0,12.9,7.0,19.7,,,,,,,
2004,2,33,ARI,False,LB,LB,D,Auburn,22.0,2017.0,0,0,13,53.0,Karlos Dansby,OLB,Auburn,75.0,251.0,4.58,,,,,,LB,23.0,,,,,,,,,,,,,,,,,,,,,,,,,,,,,,
2004,2,34,NYG,False,G,OL,O,Boston Col.,22.0,2013.0,1,4,9,75.0,Chris Snee,OG,Boston Col.,75.0,314.0,5.1,29.0,30.5,104.0,7.75,4.66,,,,,,,,,,,,,,,,,,,,,,,,,,,,,,,,
2004,2,35,SDG,False,DE,DL,D,Oregon,22.0,2011.0,0,0,7,28.0,Igor Olshansky,DT,Oregon,77.0,315.0,4.96,41.0,33.5,110.0,7.61,4.41,DL,13.0,,,,,,,,,,,,,,,,,,,,,,,,,,,,,,
2004,2,36,KAN,False,DT,DL,D,Oregon,25.0,2010.0,0,0,0,2.0,Junior Siavii,DT,Oregon,76.0,344.0,5.16,31.0,24.5,93.0,7.93,4.84,,,,,,,,,,,,,,,,,,,,,,,,,,,,,,,,
2004,2,37,DET,False,LB,LB,D,Oklahoma,22.0,2008.0,0,0,1,9.0,Teddy Lehman,OLB,Oklahoma,73.0,240.0,4.55,26.0,34.5,113.0,6.91,4.06,LB,40.0,,,,,,,,,,,,,,,,,,,,,,,,,,,,,,
2004,2,38,PIT,False,DB,DB,D,Tusculum,20.0,2009.0,0,0,0,2.0,Ricardo Colclough,CB,Tusculum,71.0,194.0,4.49,8.0,39.5,127.0,,,,,,,,,,,,,,,,,,,,,,,,,,,,,,,,,,
2004,2,39,JAX,False,LB,LB,D,Georgia Tech,22.0,2016.0,0,0,12,47.0,Daryl Smith,OLB,Georgia Tech,74.0,234.0,4.67,24.0,,,,,LB,37.0,,,,,,,,,,,,,,,,,,,,,,,,,,,,,,
2004,2,40,TEN,False,TE,TE,O,Florida,22.0,2008.0,0,0,2,8.0,Ben Troupe,TE,Florida,76.0,265.0,4.65,,,,,,TE,39.0,,,,,,,,,,,,,,,,,,,64.0,958.0,15.0,7.0,24.6,,,,,,,
2004,2,41,DEN,False,RB,RB,O,Oklahoma St.,23.0,2008.0,0,0,1,20.0,Tatum Bell,RB,Oklahoma State,71.0,212.0,4.37,25.0,38.5,117.0,,,RB,41.0,,,,,,,,,,,634.0,3409.0,5.4,34.0,36.0,258.0,7.2,2.0,,,,,,,,,,,,
2004,2,42,TEN,False,DE,DL,D,Hawaii,23.0,2011.0,0,0,3,10.0,Travis Laboy,DE,Hawaii,75.0,263.0,4.69,35.0,35.5,126.0,7.01,4.07,DL,13.0,,,,,,,,,,,,,,,,,,,,,,,,,,,,,,
2004,2,43,DAL,False,RB,RB,O,Notre Dame,23.0,2010.0,0,0,6,29.0,Julius Jones,RB,Notre Dame,70.0,217.0,4.47,,37.5,121.0,6.97,4.12,RB,45.0,,,,,,,,,,,634.0,3018.0,4.8,26.0,28.0,250.0,8.9,1.0,,,,,,,,,,,,
2004,2,44,IND,False,DB,DB,D,Iowa,23.0,2011.0,2,2,2,32.0,Bob Sanders,S,Iowa,68.0,204.0,4.35,15.0,41.5,128.0,6.7,3.91,DB,33.0,,,,,,,,,,,,,,,,,,,,,,,,,,,,,6.0,
2004,2,45,OAK,False,C,OL,O,Virginia Tech,24.0,2009.0,0,0,4,15.0,Jake Grove,C,Virginia Tech,75.0,303.0,5.16,31.0,,,,,OL,,,,,,,,,,,,,,,,,,,,,,,,,,,,,,,
2004,2,46,SFO,False,G,OL,O,Alabama,22.0,2010.0,0,0,5,16.0,Justin Smiley,OG,Alabama,75.0,298.0,5.07,19.0,32.0,111.0,7.72,4.41,,,,,,,,,,,,,,,,,,,,,,,,,,,,,,,,
2004,2,47,CHI,False,DT,DL,D,Washington,22.0,2010.0,0,0,2,11.0,Tank Johnson,DT,Washington,75.0,304.0,4.69,31.0,34.0,114.0,7.56,4.6,,,,,,,,,,,,,,,,,,,,,,,,,,,,,,,,
2004,2,48,MIN,False,LB,LB,D,Auburn,24.0,2008.0,0,0,0,8.0,Dontarrious Thomas,OLB,Auburn,74.0,241.0,4.57,26.0,38.5,129.0,,4.0,LB,24.0,,,,,,,,,,,,,,,,,,,,,,,,,,,,,,
2004,2,49,CIN,False,DB,DB,D,Florida,23.0,2010.0,0,0,0,6.0,Keiwan Ratliff,CB,Florida,70.0,194.0,4.56,11.0,,,,,DB,49.0,,,,,,,,,,,,,,,,,,,,,,,,,,,,,12.0,
2004,2,50,NOR,False,WR,WR,O,LSU,22.0,2012.0,0,0,6,36.0,Devery Henderson,WR,LSU,71.0,198.0,4.41,,,,,,WR,25.0,,,,,,,,,,,,,,,,,,,76.0,1308.0,17.2,19.0,52.3,,,,,,,
2004,2,51,BAL,False,DT,DL,D,Oregon St.,23.0,2015.0,0,0,5,15.0,Dwan Edwards,DT,Oregon State,75.0,313.0,5.12,25.0,28.0,105.0,7.59,4.68,,,,,,,,,,,,,,,,,,,,,,,,,,,,,,,,
2004,2,52,DAL,False,T,OL,O,USC,23.0,2004.0,0,0,0,0.0,Jacob Rogers,OT,USC,78.0,307.0,5.3,30.0,,,,,OL,24.0,24.7,,,,,,,,,,,,,,,,,,,,,,,,,,,,,
2004,2,53,SEA,False,DB,DB,D,Florida St.,22.0,2007.0,0,0,2,15.0,Michael Boulware,OLB,Florida State,74.0,225.0,4.5,,,,6.89,3.92,LB,25.0,,,,,,,,,,,,,,,,,,,,,,,,,,,,,,
2004,2,54,DEN,False,WR,WR,O,Marshall,22.0,2005.0,0,0,0,4.0,Darius Watts,WR,Marshall,73.0,188.0,4.5,,,,,,WR,47.0,,,,,,,,,,,,,,,,,,,272.0,4031.0,14.8,47.0,85.8,,,,,,,
2004,2,55,JAX,False,RB,RB,O,Florida St.,23.0,2013.0,0,0,5,9.0,Greg Jones,RB,Florida State,73.0,249.0,4.55,,,,,,RB,44.0,-3.822222222222222,,,,,,,,,,480.0,2535.0,5.3,23.0,24.0,153.0,6.4,0.0,,,,,,,,,,,,
2004,2,56,CIN,False,DB,DB,D,Maryland,22.0,2012.0,0,0,7,18.0,Madieu Williams,S,Maryland,72.0,193.0,4.48,18.0,,125.0,,,DB,27.0,,,,,,,,,,,,,,,,,,,,,,,,,,,,,7.0,
2004,2,57,TEN,False,DE,DL,D,Alabama,22.0,2010.0,0,0,4,16.0,Antwan Odom,DE,Alabama,78.0,274.0,4.71,21.0,37.0,114.0,7.3,4.44,,,,,,,,,,,,,,,,,,,,,,,,,,,,,,,,
2004,2,58,SFO,False,DB,DB,D,Pittsburgh,22.0,2012.0,0,0,5,25.0,,,,,,,,,,,,DB,48.0,,,,,,,,,,,,,,,,,,,,,,,,,,,,,8.0,
2004,2,59,CLE,False,DB,DB,D,Georgia,22.0,2011.0,0,0,6,18.0,Sean Jones,S,Georgia,73.0,218.0,4.63,,36.5,122.0,7.19,,DB,26.0,,,,,,,,,,,,,,,,,,,,,,,,,,,,,7.0,
2004,2,60,NOR,False,LB,LB,D,Notre Dame,23.0,2005.0,0,0,1,7.0,Courtney Watson,OLB,Notre Dame,73.0,237.0,4.56,22.0,36.5,114.0,7.39,4.35,LB,36.0,,,,,,,,,,,,,,,,,,,,,,,,,,,,,,
2004,2,61,KAN,False,TE,TE,O,Pittsburgh,23.0,2011.0,0,0,2,2.0,Kris Wilson,TE,Pittsburgh,74.0,248.0,4.62,24.0,35.0,119.0,6.88,4.1,TE,48.0,,,,,,,,,,,,,,,,,,,88.0,1431.0,16.3,15.0,29.8,,,,,,,
2004,2,62,CAR,False,WR,WR,O,USC,22.0,2011.0,0,0,3,13.0,Keary Colbert,WR,USC,73.0,207.0,4.6,,30.0,,,,WR,49.0,,,,,,,,,,,,,,,,,,,205.0,2926.0,14.3,19.0,59.7,,,,,,,
2004,2,63,NWE,False,DE,DL,D,LSU,22.0,2006.0,0,0,0,1.0,Marquise Hill,DE,LSU,79.0,305.0,5.12,23.0,29.0,106.0,,,,,,,,,,,,,,,,,,,,,,,,,,,,,,,,,,
2004,2,64,ARI,False,DT,DL,D,Florida St.,23.0,2013.0,0,3,10,69.0,Darnell Dockett,DT,Florida State,75.0,297.0,5.0,26.0,31.0,105.0,,,DL,,,,,,,,,,,,,,,,,,,,,,,,,,,,,,,
2004,3,65,SDG,False,K,K,S,Iowa,22.0,2012.0,1,2,0,21.0,Nate Kaeding,K,Iowa,72.0,187.0,4.95,,,,,,,,,,,,,,,,,,,,,,,,,,,,,,,,,,,,,
2004,3,66,SDG,False,C,OL,O,Purdue,23.0,2014.0,0,1,9,67.0,Nick Hardwick,C,Purdue,75.0,295.0,5.2,27.0,34.0,108.0,7.72,4.55,,,,,,,,,,,,,,,,,,,,,,,,,,,,,,,,
2004,3,67,OAK,False,DB,DB,D,Purdue,23.0,2008.0,0,0,3,15.0,Stuart Schweigert,S,Purdue,74.0,218.0,4.47,18.0,38.0,124.0,6.68,3.89,DB,36.0,,,,,,,,,,,,,,,,,,,,,,,,,,,,,12.0,
2004,3,68,IND,False,TE,TE,O,Ohio St.,24.0,2013.0,0,0,2,0.0,Ben Hartsock,TE,Ohio State,76.0,263.0,4.8,23.0,35.0,117.0,7.1,3.98,TE,35.0,,,,,,,,,,,,,,,,,,,24.0,225.0,9.4,3.0,6.4,,,,,,,
2004,3,69,IND,False,LB,LB,D,Purdue,22.0,2008.0,0,0,1,7.0,Gilbert Gardner,OLB,Purdue,73.0,229.0,4.65,,,,,,LB,34.0,,,,,,,,,,,,,,,,,,,,,,,,,,,,,,
2004,3,70,GNB,False,DB,DB,D,Montana St.,24.0,2008.0,0,0,0,2.0,Joey Thomas,CB,Montana State,73.0,195.0,4.44,17.0,38.5,122.0,6.82,3.88,,,,,,,,,,,,,,,,,,,,,,,,,,,,,,,,
2004,3,71,TEN,False,DT,DL,D,Maryland,20.0,2015.0,0,2,8,10.0,Randy Starks,DT,Maryland,75.0,314.0,5.08,27.0,29.5,102.0,,,,,,,,,,,,,,,,,,,,,,,,,,,,,,,,,,
2004,3,73,DET,False,DB,DB,D,McNeese St.,24.0,2009.0,0,0,0,6.0,Keith Smith,CB,McNeese State,71.0,201.0,4.48,12.0,36.5,116.0,,,,,,,,,,,,,,,,,,,,,,,,,,,,,,,,,,
2004,3,74,BUF,False,DT,DL,D,Ohio St.,23.0,2007.0,0,0,1,7.0,Tim Anderson,DT,Ohio State,75.0,307.0,5.01,,,,,,DL,11.0,,,,,,,,,,,,,,,,,,,,,,,,,,,,,,
2004,3,75,PIT,False,T,OL,O,Florida,22.0,2013.0,0,0,6,44.0,Max Starks,OT,Florida,79.0,350.0,5.56,21.0,27.5,98.0,7.88,4.65,OL,11.0,,,,,,,,,,,,,,,,,,,,,,,,,,,,,,
2004,3,76,NYJ,False,DB,DB,D,Oklahoma,24.0,2006.0,0,0,0,4.0,Derrick Strait,CB,Oklahoma,71.0,196.0,4.52,,,,,,DB,51.0,,,,,,,,,,,,,,,,,,,,,,,,,,,,,14.0,
2004,3,77,SFO,False,WR,WR,O,Clemson,22.0,2004.0,0,0,0,0.0,Derrick Hamilton,WR,Clemson,75.0,196.0,4.54,,,,,,WR,37.0,,,,,,,,,,,,,,,,,,,163.0,2218.0,13.6,15.0,59.9,,,,,,,
2004,3,78,CHI,False,WR,WR,O,Fresno St.,23.0,2011.0,0,0,5,14.0,Bernard Berrian,WR,Fresno State,73.0,183.0,4.58,,38.0,128.0,7.34,4.18,WR,45.0,,,,,,,,,,,,,,,,,,,182.0,2588.0,14.2,23.0,57.5,,,,,,,
2004,3,79,TAM,False,LB,LB,D,Washington,22.0,2008.0,0,0,0,2.0,Marquis Cooper,OLB,Washington,75.0,223.0,4.55,25.0,36.5,121.0,7.02,4.12,LB,28.0,,,,,,,,,,,,,,,,,,,,,,,,,,,,,,
2004,3,80,CIN,False,LB,LB,D,Arkansas,24.0,2007.0,0,0,0,8.0,Caleb Miller,ILB,Arkansas,75.0,224.0,4.66,23.0,34.5,120.0,6.85,3.93,LB,24.0,,,,,,,,,,,,,,,,,,,,,,,,,,,,,,
2004,3,81,WAS,False,TE,TE,O,Utah St.,22.0,2012.0,0,2,6,34.0,Chris Cooley,TE,Utah State,75.0,265.0,4.87,22.0,33.0,115.0,7.21,4.19,TE,28.0,,,,,,,,,,,,,,,,,,,96.0,1255.0,13.1,11.0,44.8,,,,,,,
2004,3,82,BAL,False,WR,WR,O,Washington St.,22.0,2008.0,0,0,1,2.0,Devard Darling,WR,Washington State,73.0,213.0,4.52,,37.0,129.0,,,WR,30.0,,,,,,,,,,,,,,,,,,,106.0,1666.0,15.7,19.0,55.5,,,,,,,
2004,3,83,DAL,False,G,OL,O,LSU,22.0,2012.0,0,0,6,0.0,Stephen Peterman,OG,LSU,76.0,312.0,5.46,23.0,24.5,95.0,7.87,4.68,OL,18.0,,,,,,,,,,,,,,,,,,,,,,,,,,,,,,
2004,3,84,SEA,False,T,OL,O,North Carolina St.,23.0,2012.0,0,0,6,32.0,Sean Locklear,OG,North Carolina State,76.0,308.0,5.16,27.0,29.0,100.0,7.85,4.56,OL,11.0,,,,,,,,,,,,,,,,,,,,,,,,,,,,,,
2004,3,86,JAX,False,LB,LB,D,Nevada,22.0,2007.0,0,0,0,1.0,Jorge Cordova,ILB,Nevada,73.0,241.0,4.65,22.0,35.5,,7.25,4.16,,,,,,,,,,,,,,,,,,,,,,,,,,,,,,,,
2004,3,87,GNB,False,P,P,S,Ohio St.,24.0,2005.0,0,0,0,1.0,B.J. Sander,P,Ohio State,76.0,219.0,4.84,,,,,,,,,,,,,,,,,,,,,,,,,,,,,,,,,,,,,
2004,3,88,MIN,False,DE,DL,D,Ohio St.,22.0,2011.0,0,0,2,15.0,Darrion Scott,DE,Ohio State,75.0,289.0,4.81,,36.5,118.0,,4.32,,,,,,,,,,,,,,,,,,,,,,,,,,,,,,,,
2004,3,89,PHI,False,DB,DB,D,UCLA,21.0,2010.0,0,0,0,2.0,Matt Ware,S,UCLA,74.0,209.0,4.54,15.0,,,,,DB,34.0,,,,,,,,,,,,,,,,,,,,,,,,,,,,,8.0,
2004,3,90,ATL,False,QB,QB,O,Virginia,23.0,2020.0,0,2,7,4.0,Matt Schaub,QB,Virginia,78.0,243.0,5.04,,30.5,110.0,7.65,4.62,QB,40.0,,716.0,1069.0,67.0,7502.0,56.0,26.0,7.0,6.97,187.6,,,,,,,,,,,,,,,,,,,,
2004,3,91,STL,False,DE,DL,D,Georgia Tech,21.0,2011.0,0,0,1,7.0,,,,,,,,,,,,,,,,,,,,,,,,,,,,,,,,,,,,,,,,,,,
2004,3,92,TEN,False,DB,DB,D,Penn St.,23.0,2006.0,0,0,0,2.0,Rich Gardner,CB,Penn State,71.0,199.0,4.46,11.0,36.5,123.0,6.91,3.91,DB,25.0,,,,,,,,,,,,,,,,,,,,,,,,,,,,,3.0,
2004,3,93,KAN,False,LB,LB,D,Georgia Tech,22.0,2011.0,0,0,0,4.0,Keyaron Fox,OLB,Georgia Tech,74.0,227.0,4.65,28.0,,,,,LB,12.0,,,,,,,,,,,,,,,,,,,,,,,,,,,,,,
2004,3,94,CAR,False,T,OL,O,South Carolina,23.0,2013.0,0,0,8,45.0,Travelle Wharton,OT,South Carolina,76.0,312.0,5.14,,31.5,105.0,8.31,4.58,,,,,,,,,,,,,,,,,,,,,,,,,,,,,,,,
2004,3,95,NWE,False,DB,DB,D,Florida,23.0,2006.0,0,0,0,1.0,Guss Scott,S,Florida,70.0,204.0,4.46,20.0,39.0,124.0,,,DB,37.0,,,,,,,,,,,,,,,,,,,,,,,,,,,,,4.0,
2004,3,96,CIN,False,LB,LB,D,Purdue,23.0,2010.0,0,0,5,22.0,Landon Johnson,OLB,Purdue,74.0,227.0,4.65,20.0,37.5,120.0,7.0,4.08,LB,34.0,,,,,,,,,,,,,,,,,,,,,,,,,,,,,,
2004,4,97,NYG,False,LB,LB,D,Auburn,23.0,2010.0,0,0,2,11.0,Reggie Torbor,DE,Auburn,74.0,254.0,4.65,16.0,34.0,120.0,7.48,4.46,,,,,,,,,,,,,,,,,,,,,,,,,,,,,,,,
2004,4,98,SDG,False,DE,DL,D,Purdue,23.0,2014.0,0,1,8,48.0,Shaun Phillips,DE,Purdue,75.0,255.0,4.78,,33.0,114.0,6.95,4.23,DL,25.0,,,,,,,,,,,,,,,,,,,,,,,,,,,,,,
2004,4,99,OAK,False,WR,WR,O,Texas Tech,23.0,2004.0,0,0,0,0.0,Carlos Francis,WR,Texas Tech,69.0,198.0,4.33,,38.5,114.0,6.97,4.06,WR,49.0,,,,,,,,,,,,,,,,,,,216.0,3031.0,14.0,21.0,61.9,,,,,,,
2004,4,100,ARI,False,C,OL,O,Ohio St.,22.0,2008.0,0,0,1,12.0,Alex Stepanovich,C,Ohio State,75.0,304.0,5.29,,25.5,96.0,7.64,4.44,,,,,,,,,,,,,,,,,,,,,,,,,,,,,,,,
2004,4,101,ATL,False,LB,LB,D,Nebraska,24.0,2012.0,0,0,5,20.0,Demorrio Williams,OLB,Nebraska,73.0,232.0,4.52,16.0,37.0,125.0,7.02,4.11,LB,27.0,,,,,,,,,,,,,,,,,,,,,,,,,,,,,,
2004,4,102,MIA,False,DB,DB,D,USC,23.0,2004.0,0,0,0,1.0,Will Poole,CB,USC,70.0,194.0,4.47,16.0,,,,,DB,13.0,,,,,,,,,,,,,,,,,,,,,,,,,,,,,7.0,
2004,4,103,TEN,False,DE,DL,D,TCU,23.0,2007.0,0,0,0,2.0,Bo Schobel,DE,TCU,77.0,271.0,4.8,25.0,32.5,109.0,6.94,4.38,,,,,,,,,,,,,,,,,,,,,,,,,,,,,,,,
2004,4,104,SFO,False,DT,DL,D,Hawaii,23.0,2013.0,0,0,5,35.0,Isaac Sopoaga,DT,Hawaii,74.0,317.0,4.97,42.0,30.5,99.0,7.79,4.66,,,,,,,,,,,,,,,,,,,,,,,,,,,,,,,,
2004,4,105,KAN,False,WR,WR,O,Oregon,23.0,2007.0,0,0,2,13.0,Samie Parker,WR,Oregon,70.0,179.0,4.39,,36.0,,,,WR,48.0,,,,,,,,,,,,,,,,,,,169.0,2599.0,15.4,18.0,54.1,,,,,,,
2004,4,106,CLE,False,QB,QB,O,Louisiana Tech,23.0,2015.0,0,0,0,2.0,Luke McCown,QB,Louisiana Tech,76.0,208.0,4.71,,37.5,125.0,6.74,4.21,QB,43.0,,1063.0,1775.0,59.9,12666.0,87.0,62.0,7.1,6.54,294.6,,,,,,,,,,,,,,,,,,,,
2004,4,107,IND,False,LB,LB,D,Florida St.,23.0,2004.0,0,0,0,0.0,Kendyll Pope,OLB,Florida State,73.0,226.0,4.7,,,118.0,,4.26,LB,47.0,,,,,,,,,,,,,,,,,,,,,,,,,,,,,,
2004,4,108,NYJ,False,WR,WR,O,North Carolina St.,22.0,2015.0,0,0,6,37.0,Jerricho Cotchery,WR,North Carolina State,72.0,212.0,4.54,,36.0,121.0,6.93,3.91,WR,48.0,,,,,,,,,,,,,,,,,,,200.0,3119.0,15.6,21.0,65.0,,,,,,,
2004,4,109,BUF,False,TE,TE,O,Oregon St.,23.0,2007.0,0,0,0,1.0,Tim Euhus,TE,Oregon State,77.0,260.0,4.93,25.0,34.5,115.0,6.99,4.13,TE,37.0,,,,,,,,,,,,,,,,,,,98.0,1346.0,13.7,9.0,36.4,,,,,,,
2004,4,110,CHI,False,DB,DB,D,Texas,22.0,2010.0,0,1,2,28.0,Nathan Vasher,CB,Texas,70.0,177.0,4.49,,,,,,DB,46.0,,,,,,,,,,,,,,,,,,,,,,,,,,,,,17.0,
2004,4,111,TAM,False,DB,DB,D,Ohio St.,22.0,2015.0,0,0,2,12.0,Will Allen,S,Ohio State,72.0,202.0,4.58,,,,,,DB,37.0,,,,,,,,,,,,,,,,,,,,,,,,,,,,,5.0,
2004,4,112,CHI,False,LB,LB,D,Maryland,22.0,2007.0,0,0,0,3.0,Leon Joe,OLB,Maryland,72.0,230.0,4.49,30.0,39.0,,,,LB,34.0,,,,,,,,,,,,,,,,,,,,,,,,,,,,,,
2004,4,113,NWE,False,DB,DB,D,North Carolina,23.0,2006.0,0,0,0,2.0,Dexter Reid,S,North Carolina,71.0,203.0,4.56,,,,,,DB,23.0,,,,,,,,,,,,,,,,,,,,,,,,,,,,,3.0,
2004,4,114,CIN,False,DT,DL,D,Michigan St.,22.0,2005.0,0,0,0,0.0,Matthias Askew,DT,Michigan State,77.0,308.0,5.2,20.0,27.0,101.0,7.55,4.42,DL,12.0,,,,,,,,,,,,,,,,,,,,,,,,,,,,,,
2004,4,115,MIN,False,T,OL,O,Georgia Tech,20.0,2007.0,0,0,1,5.0,Nat Dorsey,OT,Georgia Tech,79.0,322.0,5.46,26.0,28.5,102.0,8.3,4.84,,,,,,,,,,,,,,,,,,,,,,,,,,,,,,,,
2004,4,116,SEA,False,LB,LB,D,Purdue,23.0,2012.0,0,0,0,5.0,Niko Koutouvides,ILB,Purdue,74.0,244.0,4.71,,30.5,108.0,6.98,3.88,LB,26.0,,,,,,,,,,,,,,,,,,,,,,,,,,,,,,
2004,4,117,CIN,False,DE,DL,D,Georgia,21.0,2014.0,0,0,7,46.0,Robert Geathers,DE,Georgia,75.0,271.0,4.84,24.0,33.5,112.0,,,DL,39.0,,,,,,,,,,,,,,,,,,,,,,,,,,,,,,
2004,4,118,JAX,False,DT,DL,D,Delta St.,25.0,2007.0,0,0,1,1.0,,,,,,,,,,,,,,,,,,,,,,,,,,,,,,,,,,,,,,,,,,,
2004,4,119,MIN,False,RB,RB,O,Tulane,22.0,2012.0,0,0,1,17.0,Mewelde Moore,RB,Tulane,71.0,209.0,4.65,,35.0,118.0,7.05,4.12,RB,34.0,,,,,,,,,,,735.0,3474.0,4.7,19.0,156.0,1709.0,11.0,14.0,,,,,,,,,,,,
2004,4,120,JAX,False,WR,WR,O,Virginia Tech,25.0,2010.0,0,0,4,22.0,Ernest Wilford,WR,Virginia Tech,76.0,226.0,4.79,,40.5,130.0,,4.17,WR,49.0,,,,,,,,,,,,,,,,,,,126.0,2052.0,16.3,11.0,41.9,,,,,,,
2004,4,121,DAL,False,DB,DB,D,Georgia,24.0,2005.0,0,0,1,0.0,Bruce Thornton,CB,Georgia,70.0,197.0,4.5,,37.5,122.0,,,DB,38.0,,,,,,,,,,,,,,,,,,,,,,,,,,,,,4.0,
2004,4,122,HOU,False,DB,DB,D,Notre Dame,23.0,2006.0,0,0,2,10.0,Glenn Earl,S,Notre Dame,73.0,222.0,4.65,20.0,,,,,DB,36.0,,,,,,,,,,,,,,,,,,,,,,,,,,,,,4.0,
2004,4,123,CIN,False,T,OL,O,Mississippi,23.0,2011.0,0,0,3,15.0,Stacy Andrews,OT,Mississippi,78.0,342.0,5.07,34.0,30.5,106.0,8.09,4.78,,,,,,,,,,,,,,,,,,,,,,,,,,,,,,,,
2004,4,124,TEN,False,DB,DB,D,North Carolina,23.0,2008.0,0,0,0,4.0,Michael Waddell,CB,North Carolina,71.0,187.0,4.31,14.0,37.5,121.0,6.84,4.03,DB,45.0,,,,,,,,,,,,,,,,,,,,,,,,,,,,,3.0,
2004,4,125,IND,False,DB,DB,D,Washington St.,22.0,2008.0,0,0,5,16.0,,,,,,,,,,,,DB,35.0,,,,,,,,,,,,,,,,,,,,,,,,,,,,,14.0,
2004,4,126,KAN,True,DE,DL,D,Idaho St.,22.0,2015.0,4,5,12,31.0,Jared Allen,DE,Idaho State,78.0,265.0,4.72,13.0,33.0,120.0,7.11,4.34,,,,,,,,,,,,,,,,,,,,,,,,,,,,,,,,
2004,4,127,SFO,False,LB,LB,D,Oregon St.,23.0,2006.0,0,0,0,0.0,Richard Seigler,ILB,Oregon State,74.0,244.0,4.86,25.0,,,,,LB,37.0,,,,,,,,,,,,,,,,,,,,,,,,,,,,,,
2004,4,128,NWE,False,RB,RB,O,Arkansas,23.0,2006.0,0,0,0,0.0,Cedric Cobbs,RB,Arkansas,72.0,223.0,4.75,,40.0,123.0,,,RB,46.0,,,,,,,,,,,589.0,3018.0,5.1,26.0,26.0,138.0,5.3,1.0,,,,,,,,,,,,
2004,5,129,PHI,False,DB,DB,D,South Florida,22.0,2008.0,0,0,0,3.0,,,,,,,,,,,,DB,33.0,28.484615384615388,,,,,,,,,,,,,,,,,,,,,,,,,,,,18.0,
2004,5,130,STL,False,LB,LB,D,UCLA,21.0,2010.0,0,0,2,16.0,Brandon Chillar,OLB,UCLA,75.0,253.0,4.71,23.0,33.0,115.0,,4.08,LB,37.0,,,,,,,,,,,,,,,,,,,,,,,,,,,,,,
2004,5,131,PHI,False,G,OL,O,Texas-El Paso,23.0,2005.0,0,0,0,1.0,Trey Darilek,OG,Texas-El Paso,76.0,301.0,5.23,22.0,28.5,110.0,7.85,4.61,,,,,,,,,,,,,,,,,,,,,,,,,,,,,,,,
2004,5,132,NYJ,False,T,OL,O,Kansas,23.0,2008.0,0,0,2,8.0,Adrian Jones,OT,Kansas,76.0,296.0,4.97,27.0,31.0,114.0,7.81,4.58,TE,26.0,,,,,,,,,,,,,,,,,,,22.0,218.0,9.9,2.0,8.4,,,,,,,
2004,5,133,SDG,False,DE,DL,D,UCLA,23.0,2011.0,0,0,1,0.0,Dave Ball,DE,UCLA,77.0,277.0,5.07,24.0,,,,,DL,,,,,,,,,,,,,,,,,,,,,,,,,,,,,,,
2004,5,134,OAK,False,WR,WR,O,Syracuse,22.0,2006.0,0,0,0,0.0,Johnnie Morant,WR,Syracuse,76.0,229.0,4.51,,41.0,130.0,7.34,4.22,WR,32.0,,,,,,,,,,,,,,,,,,,88.0,1535.0,17.4,7.0,48.0,,,,,,,
2004,5,135,ARI,False,DE,DL,D,Oklahoma St.,22.0,2016.0,0,1,8,14.0,Antonio Smith,DE,Oklahoma State,75.0,274.0,5.03,24.0,33.0,108.0,,4.75,,,,,,,,,,,,,,,,,,,,,,,,,,,,,,,,
2004,5,136,NYG,False,DB,DB,D,Tennessee,22.0,2011.0,0,0,6,21.0,Gibril Wilson,S,Tennessee,72.0,197.0,4.47,15.0,,120.0,,,DB,13.0,,,,,,,,,,,,,,,,,,,,,,,,,,,,,3.0,
2004,5,137,JAX,False,K,K,S,Louisiana Tech,22.0,2015.0,0,0,0,26.0,Josh Scobee,K,Louisiana Tech,73.0,191.0,4.87,,,,,,,,,,,,,,,,,,,,,,,,,,,,,,,,,,,,,
2004,5,138,TEN,False,G,OL,O,Miami (OH),23.0,2011.0,0,0,7,20.0,Jacob Bell,OG,Miami (OH),77.0,302.0,5.22,26.0,,,,,,,,,,,,,,,,,,,,,,,,,,,,,,,,,,,,
2004,5,139,NOR,False,DT,DL,D,UCLA,23.0,2009.0,0,0,0,2.0,Rodney Leisle,DT,UCLA,75.0,309.0,5.15,31.0,,,,,DL,34.0,,,,,,,,,,,,,,,,,,,,,,,,,,,,,,
2004,5,140,DET,False,LB,LB,D,Wisconsin,23.0,2008.0,0,0,1,7.0,Alex Lewis,OLB,Wisconsin,72.0,227.0,4.78,25.0,34.5,121.0,7.06,4.28,LB,27.0,11.1,,,,,,,,,,,,,,,,,,,,,,,,,,,,,
2004,5,141,IND,False,G,OL,O,Idaho,23.0,2012.0,0,0,9,35.0,Jake Scott,OT,Idaho,77.0,281.0,5.06,24.0,34.5,110.0,7.96,4.68,,,,,,,,,,,,,,,,,,,,,,,,,,,,,,,,
2004,5,142,ATL,False,DT,DL,D,LSU,25.0,2005.0,0,0,1,9.0,Chad Lavalais,DT,LSU,73.0,303.0,5.09,,,,,,DL,14.0,,,,,,,,,,,,,,,,,,,,,,,,,,,,,,
2004,5,143,NYJ,False,DB,DB,D,Washington St.,22.0,2012.0,0,0,6,19.0,Erik Coleman,S,Washington State,70.0,200.0,4.64,16.0,35.5,117.0,7.03,4.14,DB,44.0,,,,,,,,,,,,,,,,,,,,,,,,,,,,,12.0,
2004,5,144,DAL,False,TE,TE,O,Boston Col.,24.0,2009.0,0,0,0,0.0,Sean Ryan,TE,Boston Col.,76.0,268.0,4.97,22.0,32.5,115.0,,,TE,37.0,1.3108695652173912,,,,,,,,,,,,,,,,,,75.0,950.0,12.7,12.0,25.7,,,,,,,
2004,5,146,TAM,False,G,OL,O,North Carolina,23.0,2006.0,0,0,0,2.0,Jeb Terry,OG,North Carolina,77.0,313.0,5.2,27.0,29.0,105.0,8.03,4.98,,,,,,,,,,,,,,,,,,,,,,,,,,,,,,,,
2004,5,148,CHI,False,QB,QB,O,Ohio St.,23.0,2004.0,0,0,0,1.0,Craig Krenzel,QB,Ohio State,75.0,228.0,4.84,,28.0,112.0,7.22,4.08,QB,32.0,,326.0,574.0,56.8,4473.0,28.0,20.0,7.8,7.2,139.8,,,,,,,,,,,,,,,,,,,,
2004,5,151,WAS,False,TE,TE,O,California,23.0,2004.0,0,0,0,0.0,Mark Wilson,OT,California,79.0,314.0,5.36,24.0,28.5,108.0,7.53,4.49,OL,26.0,-4.752941176470588,,,,,,,,,,,,,,,,,,,,,,,,,,,,,
2004,5,152,DEN,False,DB,DB,D,San Diego St.,23.0,2007.0,0,0,0,0.0,Jeff Shoate,CB,San Diego State,70.0,189.0,4.62,12.0,36.0,121.0,7.0,3.88,DB,36.0,,,,,,,,,,,,,,,,,,,,,,,,,,,,,6.0,
2004,5,153,BAL,False,LB,LB,D,Central Missouri St.,22.0,2008.0,0,0,0,3.0,Roderick Green,DE,Central Missouri State,74.0,245.0,4.7,21.0,34.5,129.0,7.26,4.04,,,,,,,,,,,,,,,,,,,,,,,,,,,,,,,,
2004,5,154,SDG,False,RB,RB,O,Northern Illinois,22.0,2012.0,1,2,5,9.0,Michael Turner,RB,Northern Illinois,70.0,237.0,4.49,22.0,31.0,114.0,7.5,4.15,RB,45.0,,,,,,,,,,,940.0,4941.0,5.3,43.0,43.0,451.0,10.5,3.0,,,,,,,,,,,,
2004,5,155,MIN,False,LB,LB,D,Southern Miss,23.0,2006.0,0,0,0,3.0,Rod Davis,ILB,Southern Miss,74.0,239.0,4.76,,,114.0,7.2,4.02,LB,47.0,,,,,,,,,,,,,,,,,,,,,,,,,,,,,,
2004,5,156,NOR,False,FB,RB,O,Arizona St.,23.0,2010.0,0,0,7,2.0,Mike Karney,FB,Arizona State,71.0,254.0,5.02,25.0,30.0,103.0,,,RB,46.0,,,,,,,,,,,32.0,78.0,2.4,0.0,37.0,308.0,8.3,1.0,,,,,,,,,,,,
2004,5,157,SEA,False,WR,WR,O,Colorado,23.0,2008.0,0,0,0,12.0,D.J. Hackett,WR,Colorado,74.0,199.0,4.53,,41.0,131.0,6.79,4.08,WR,25.0,,,,,,,,,,,,,,,,,,,96.0,1224.0,12.8,11.0,49.0,,,,,,,
2004,5,160,MIA,False,LB,LB,D,Arkansas,24.0,2004.0,0,0,0,1.0,Tony Bua,S,Arkansas,71.0,209.0,4.67,15.0,36.0,120.0,6.75,4.08,DB,36.0,,,,,,,,,,,,,,,,,,,,,,,,,,,,,6.0,
2004,6,161,CLE,False,DT,DL,D,Stanford,22.0,2011.0,0,0,0,1.0,,,,,,,,,,,,LB,11.0,,,,,,,,,,,,,,,,,,,,,,,,,,,,,,
2004,6,162,PHI,False,FB,RB,O,Minnesota,24.0,2008.0,0,0,2,2.0,Thomas Tapeh,FB,Minnesota,73.0,245.0,4.8,23.0,32.5,114.0,7.65,4.52,RB,43.0,,,,,,,,,,,410.0,1958.0,4.8,24.0,19.0,219.0,11.5,3.0,,,,,,,,,,,,
2004,6,163,CAR,False,WR,WR,O,Ohio St.,23.0,2007.0,0,0,0,8.0,Drew Carter,WR,Ohio State,76.0,204.0,4.36,,,,,,WR,31.0,,,,,,,,,,,,,,,,,,,41.0,632.0,15.4,1.0,20.4,,,,,,,
2004,6,164,NWE,False,WR,WR,O,Florida St.,20.0,2004.0,0,0,0,0.0,P.K. Sam,WR,Florida State,75.0,210.0,4.54,,34.5,,7.04,,WR,35.0,,,,,,,,,,,,,,,,,,,76.0,1066.0,14.0,7.0,30.5,,,,,,,
2004,6,165,TEN,False,LB,LB,D,Ohio St.,23.0,2006.0,0,0,0,2.0,Robert Reynolds,ILB,Ohio State,75.0,251.0,4.76,18.0,32.5,116.0,7.17,3.94,LB,23.0,,,,,,,,,,,,,,,,,,,,,,,,,,,,,,
2004,6,167,ARI,False,C,OL,O,Kansas St.,22.0,2009.0,0,0,3,10.0,Nick Leckey,C,Kansas State,75.0,290.0,5.26,18.0,27.0,97.0,7.71,4.47,DL,11.0,,,,,,,,,,,,,,,,,,,,,,,,,,,,,,
2004,6,168,NYG,False,WR,WR,O,Texas A&M,23.0,2005.0,0,0,0,1.0,Jamaar Taylor,WR,Texas A&M,73.0,197.0,4.46,,,,,,WR,26.0,,,,,,,,,,,,,,,,,,,108.0,1705.0,15.8,10.0,65.6,,,,,,,
2004,6,169,SDG,False,TE,TE,O,Nebraska-Omaha,23.0,2007.0,0,0,0,1.0,Ryan Krause,WR,Nebraska-Omaha,74.0,244.0,4.6,18.0,33.5,119.0,6.78,4.16,,,,,,,,,,,,,,,,,,,,,,,,,,,,,,,,
2004,6,171,DEN,False,WR,WR,O,Alabama,22.0,2004.0,0,0,0,0.0,Triandos Luke,WR,Alabama,71.0,199.0,4.51,,38.0,124.0,7.06,4.17,WR,44.0,,,,,,,,,,,,,,,,,,,90.0,1072.0,11.9,9.0,24.4,,,,,,,
2004,6,172,DET,False,T,OL,O,Purdue,22.0,2006.0,0,0,1,6.0,Kelly Butler,OT,Purdue,79.0,320.0,5.11,,30.5,105.0,7.96,4.92,,,,,,,,,,,,,,,,,,,,,,,,,,,,,,,,
2004,6,173,IND,False,DB,DB,D,Mississippi,23.0,2007.0,0,0,1,1.0,Von Hutchins,CB,Mississippi,70.0,185.0,4.46,11.0,34.5,115.0,7.05,4.06,DB,36.0,,,,,,,,,,,,,,,,,,,,,,,,,,,,,11.0,
2004,6,174,MIA,False,G,OL,O,Houston,22.0,2012.0,0,0,5,22.0,Rex Hadnot,C,Houston,74.0,323.0,5.5,27.0,24.5,91.0,7.94,4.66,OL,4.0,,,,,,,,,,,,,,,,,,,,,,,,,,,,,,
2004,6,175,HOU,False,DB,DB,D,Nebraska,23.0,2004.0,0,0,0,0.0,,,,,,,,,,,,QB,39.0,,194.0,404.0,48.0,2848.0,18.0,22.0,7.0,5.49,73.0,,,,,,,,,,,,,,,,,,,,
2004,6,176,CLE,False,T,OL,O,Stanford,25.0,2011.0,0,0,1,1.0,Kirk Chambers,OT,Stanford,79.0,313.0,5.44,22.0,27.0,101.0,7.56,4.4,,,,,,,,,,,,,,,,,,,,,,,,,,,,,,,,
2004,6,179,GNB,False,DT,DL,D,Arkansas St.,24.0,2012.0,0,0,5,11.0,Corey Williams,DT,Arkansas State,76.0,313.0,5.18,25.0,28.0,106.0,7.97,4.55,,,,,,,,,,,,,,,,,,,,,,,,,,,,,,,,
2004,6,180,WAS,False,T,OL,O,Notre Dame,23.0,2006.0,0,0,0,1.0,Jim Molinaro,OT,Notre Dame,78.0,308.0,5.09,21.0,29.5,105.0,7.75,4.6,,,,,,,,,,,,,,,,,,,,,,,,,,,,,,,,
2004,6,181,TAM,False,TE,TE,O,Yale,22.0,2008.0,0,0,0,0.0,,,,,,,,,,,,,,,,,,,,,,,,,,,,,,,,,,,,,,,,,,,
2004,6,183,CIN,False,DB,DB,D,Southern Miss,23.0,2006.0,0,0,0,1.0,Greg Brooks,CB,Southern Miss,71.0,177.0,4.45,,,,,,DB,35.0,,,,,,,,,,,,,,,,,,,,,,,,,,,,,9.0,
2004,6,186,ATL,False,DB,DB,D,Southern Miss,23.0,2005.0,0,0,0,0.0,Etric Pruitt,S,Southern Miss,72.0,197.0,4.57,,39.5,116.0,7.15,4.0,DB,37.0,,,,,,,,,,,,,,,,,,,,,,,,,,,,,11.0,
2004,6,188,SFO,False,P,P,S,Pittsburgh,22.0,2022.0,3,3,1,24.0,Andy Lee,P,Pittsburgh,73.0,207.0,5.0,,,,,,,,,,,,,,,,,,,,,,,,,,,,,,,,,,,,,
2004,6,189,SEA,False,DT,DL,D,Purdue,24.0,2010.0,0,0,0,9.0,Craig Terrill,DT,Purdue,74.0,290.0,5.21,28.0,26.5,100.0,7.39,4.1,DL,11.0,,,,,,,,,,,,,,,,,,,,,,,,,,,,,,
2004,6,191,TEN,False,RB,RB,O,Tennessee,23.0,2005.0,0,0,0,3.0,Troy Fleming,FB,Tennessee,72.0,230.0,4.62,,32.0,120.0,6.94,3.91,RB,46.0,,,,,,,,,,,84.0,342.0,4.1,1.0,73.0,492.0,6.7,5.0,,,,,,,,,,,,
2004,6,192,PHI,False,DB,DB,D,Colorado St.,23.0,2008.0,0,0,0,3.0,Dexter Wynn,CB,Colorado State,69.0,175.0,4.49,13.0,39.0,123.0,6.7,3.9,DB,43.0,,,,,,,,,,,,,,,,,,,,,,,,,,,,,4.0,
2004,7,193,IND,False,QB,QB,O,Wisconsin,23.0,2009.0,0,0,0,5.0,,,,,,,,,,,,QB,39.0,,287.0,517.0,55.5,4475.0,33.0,20.0,8.7,8.19,114.7,,,,,,,,,,,,,,,,,,,,
2004,7,194,PIT,False,TE,TE,O,Penn St.,24.0,2005.0,0,0,0,0.0,,,,,,,,,,,,WR,19.0,,,,,,,,,,,,,,,,,,,24.0,352.0,14.7,1.0,18.5,,,,,,,
2004,7,196,CAR,False,LB,LB,D,Colorado,22.0,2005.0,0,0,0,1.0,Sean Tufts,OLB,Colorado,76.0,242.0,4.61,21.0,34.5,118.0,6.94,3.94,,,,,,,,,,,,,,,,,,,,,,,,,,,,,,,,
2004,7,198,SFO,False,DB,DB,D,Oregon,22.0,2008.0,0,0,1,8.0,Keith Lewis,S,Oregon,72.0,204.0,4.6,11.0,37.0,121.0,7.28,4.07,DB,48.0,6.7,,,,,,,,,,,,,,,,,,,,,,,,,,,,11.0,
2004,7,199,BAL,False,WR,WR,O,Northern Arizona,21.0,2006.0,0,0,0,2.0,Clarence Moore,WR,Northern Arizona,78.0,211.0,4.55,,34.0,122.0,6.84,4.16,,,,,,,,,,,,,,,,,,,,,,,,,,,,,,,,
2004,7,200,HOU,False,LB,LB,D,Mississippi,22.0,2010.0,0,0,0,7.0,,,,,,,,,,,,,,,,,,,,,,,,,,,,,,,,,,,,,,,,,,,
2004,7,202,ARI,False,QB,QB,O,Michigan,23.0,2005.0,0,0,0,0.0,John Navarre,QB,Michigan,78.0,246.0,5.19,,26.5,100.0,7.73,4.46,QB,46.0,,744.0,1327.0,56.1,9014.0,70.0,30.0,6.8,6.83,196.0,,,,,,,,,,,,,,,,,,,,
2004,7,204,SDG,False,DT,DL,D,Nebraska,23.0,2008.0,0,0,0,6.0,Ryon Bingham,DT,Nebraska,75.0,303.0,5.09,33.0,30.0,109.0,7.44,4.38,DL,11.0,,,,,,,,,,,,,,,,,,,,,,,,,,,,,,
2004,7,205,DAL,False,DB,DB,D,Rutgers,22.0,2011.0,0,0,0,2.0,,,,,,,,,,,,DB,24.0,,,,,,,,,,,,,,,,,,,,,,,,,,,,,4.0,
2004,7,206,TAM,False,WR,WR,O,Tennessee,23.0,2009.0,0,0,0,0.0,,,,,,,,,,,,WR,25.0,,,,,,,,,,,,,,,,,,,36.0,556.0,15.4,5.0,22.2,,,,,,,
2004,7,207,BUF,False,T,OL,O,Montana,24.0,2005.0,0,0,0,0.0,Dylan McFarland,OT,Montana,78.0,304.0,5.26,31.0,27.5,98.0,,,,,,,,,,,,,,,,,,,,,,,,,,,,,,,,,,
2004,7,208,CLE,False,RB,RB,O,California,23.0,2007.0,0,0,0,0.0,Adimchinobi Echemandu,RB,California,71.0,226.0,4.58,15.0,,,,,RB,33.0,,,,,,,,,,,306.0,1434.0,4.7,16.0,33.0,264.0,8.0,2.0,,,,,,,,,,,,
2004,7,209,SDG,False,T,OL,O,Ohio St.,22.0,2007.0,0,0,4,31.0,Shane Olivea,OT,Ohio State,75.0,302.0,5.29,,29.0,92.0,8.25,4.71,,,,,,,,,,,,,,,,,,,,,,,,,,,,,,,,
2004,7,213,NYJ,False,LB,LB,D,Miami (FL),23.0,2009.0,0,0,0,1.0,,,,,,,,,,,,LB,22.0,,,,,,,,,,,,,,,,,,,,,,,,,,,,,,
2004,7,214,BUF,False,WR,WR,O,Georgia Tech,22.0,2006.0,0,0,0,2.0,Jonathan Smith,WR,Georgia Tech,70.0,194.0,4.78,,32.5,114.0,,4.35,WR,45.0,6.738709677419355,,,,,,,,,,,,,,,,,,174.0,2238.0,12.9,12.0,49.7,,,,,,,
2004,7,215,CHI,False,DB,DB,D,Miami (FL),23.0,2004.0,0,0,0,0.0,,,,,,,,,,,,DB,19.0,,,,,,,,,,,,,,,,,,,,,,,,,,,,,3.0,
2004,7,216,DAL,False,WR,WR,O,NW Oklahoma St.,25.0,2011.0,0,0,3,26.0,,,,,,,,,,,,,,,,,,,,,,,,,,,,,,,,,,,,,,,,,,,
2004,7,217,SFO,False,QB,QB,O,Washington,24.0,2005.0,0,0,0,1.0,Cody Pickett,QB,Washington,75.0,233.0,4.79,,30.5,109.0,7.19,4.3,QB,38.0,,792.0,1373.0,57.7,9916.0,53.0,42.0,7.2,6.62,260.9,,,,,,,,,,,,,,,,,,,,
2004,7,220,MIN,False,TE,TE,O,Maryland,23.0,2010.0,0,0,0,2.0,Jeff Dugan,TE,Maryland,76.0,263.0,5.0,21.0,28.0,109.0,7.4,4.32,TE,49.0,,,,,,,,,,,,,,,,,,,55.0,649.0,11.8,3.0,13.2,,,,,,,
2004,7,222,MIA,False,LB,LB,D,Alabama,22.0,2007.0,0,0,1,10.0,Derrick Pope,OLB,Alabama,71.0,230.0,4.71,24.0,,106.0,,,LB,25.0,,,,,,,,,,,,,,,,,,,,,,,,,,,,,,
2004,7,223,DAL,False,DB,DB,D,Purdue,21.0,2012.0,0,0,2,7.0,,,,,,,,,,,,DB,36.0,,,,,,,,,,,,,,,,,,,,,,,,,,,,,6.0,
2004,7,224,SEA,False,P,P,S,LSU,24.0,2018.0,0,0,0,0.0,Donnie Jones,P,LSU,75.0,222.0,4.88,,,,,,,,,,,,,,,,,,,,,,,,,,,,,,,,,,,,,
2004,7,227,PHI,False,G,OL,O,Ohio St.,23.0,2007.0,0,0,1,2.0,Adrien Clarke,OG,Ohio State,77.0,329.0,5.52,,26.0,102.0,7.9,4.74,,,,,,,,,,,,,,,,,,,,,,,,,,,,,,,,
2004,7,230,TEN,False,DT,DL,D,Iowa,23.0,2005.0,0,0,0,3.0,Jared Clauss,DT,Iowa,77.0,294.0,4.95,23.0,,,,,DL,13.0,,,,,,,,,,,,,,,,,,,,,,,,,,,,,,
2004,7,231,KAN,False,T,OL,O,Syracuse,23.0,2006.0,0,0,1,5.0,,,,,,,,,,,,,,,,,,,,,,,,,,,,,,,,,,,,,,,,,,,
2004,7,232,CAR,False,TE,TE,O,Central Florida,24.0,2009.0,0,0,2,3.0,Michael Gaines,TE,Central Florida,74.0,275.0,5.06,18.0,33.0,109.0,7.44,4.18,TE,25.0,,,,,,,,,,,,,,,,,,,22.0,306.0,13.9,3.0,12.2,,,,,,,
2004,7,234,NYJ,False,DE,DL,D,Nebraska,23.0,2007.0,0,0,0,3.0,Trevor Johnson,DE,Nebraska,77.0,260.0,4.8,23.0,35.5,110.0,7.06,4.08,TE,10.0,,,,,,,,,,,,,,,,,,,0.0,0.0,,0.0,0.0,,,,,,,
2004,7,236,NYJ,False,DB,DB,D,Kansas St.,24.0,2007.0,0,0,0,3.0,Rashad Washington,S,Kansas State,74.0,223.0,4.61,14.0,34.0,116.0,7.06,4.02,DB,28.0,,,,,,,,,,,,,,,,,,,,,,,,,,,,,4.0,
2004,7,238,STL,False,C,OL,O,Eastern Kentucky,22.0,2006.0,0,0,0,1.0,,,,,,,,,,,,,,,,,,,,,,,,,,,,,,,,,,,,,,,,,,,
2004,7,239,TEN,False,C,OL,O,SE Missouri St.,22.0,2011.0,0,0,4,30.0,,,,,,,,,,,,,,,,,,,,,,,,,,,,,,,,,,,,,,,,,,,
2004,7,240,NOR,False,LB,LB,D,BYU,23.0,2007.0,0,0,1,11.0,Colby Bockwoldt,OLB,BYU,74.0,230.0,4.6,14.0,34.0,112.0,7.12,4.05,LB,12.0,,,,,,,,,,,,,,,,,,,,,,,,,,,,,,
2004,7,242,PHI,False,RB,RB,O,Maryland,23.0,2006.0,0,0,0,0.0,,,,,,,,,,,,RB,36.0,,,,,,,,,,,468.0,2491.0,5.3,17.0,55.0,478.0,8.7,2.0,,,,,,,,,,,,
2004,7,245,OAK,False,TE,TE,O,San Jose St.,23.0,2007.0,0,0,2,6.0,Courtney Anderson,TE,San Jose State,78.0,269.0,4.89,17.0,30.0,106.0,7.86,4.45,TE,24.0,,,,,,,,,,,,,,,,,,,36.0,477.0,13.3,7.0,19.9,,,,,,,
2004,7,246,BAL,False,G,OL,O,East Carolina,23.0,2005.0,0,0,0,3.0,Brian Rimpf,OT,East Carolina,78.0,319.0,5.41,31.0,28.0,105.0,7.97,4.66,,,,,,,,,,,,,,,,,,,,,,,,,,,,,,,,
2004,7,249,JAX,False,DE,DL,D,Florida,22.0,2010.0,0,0,2,19.0,Bobby McCray,DE,Florida,78.0,255.0,4.62,27.0,33.5,,,,,,,,,,,,,,,,,,,,,,,,,,,,,,,,,,,
2004,7,250,DEN,False,QB,QB,O,Colorado St.,24.0,2005.0,0,0,0,0.0,Bradlee Van Pelt,QB,Colorado State,74.0,231.0,4.98,,33.5,115.0,6.89,4.11,QB,38.0,,424.0,778.0,54.5,6165.0,37.0,30.0,7.9,7.14,162.2,,,,,,,,,,,,,,,,,,,,
2004,7,251,GNB,False,G,OL,O,Tennessee,23.0,2014.0,0,1,9,53.0,Scott Wells,C,Tennessee,74.0,300.0,5.3,31.0,31.0,109.0,7.56,4.35,,,,,,,,,,,,,,,,,,,,,,,,,,,,,,,,
2005,1,1,SFO,False,QB,QB,O,Utah,21.0,2020.0,0,3,14,28.0,,,,,,,,,,,,QB,25.0,7.85,389.0,587.0,66.3,5203.0,47.0,8.0,8.9,9.85,208.1,,,,,,,,,,,,,,,,,,,,
2005,1,2,MIA,False,RB,RB,O,Auburn,23.0,2014.0,0,1,6,36.0,Ronnie Brown,RB,Auburn,72.0,233.0,4.43,18.0,34.0,117.0,7.1,4.08,RB,48.0,,,,,,,,,,,513.0,2707.0,5.3,28.0,58.0,668.0,11.5,2.0,,,,,,,,,,,,
2005,1,3,CLE,False,WR,WR,O,Michigan,22.0,2012.0,0,1,5,27.0,Braylon Edwards,WR,Michigan,75.0,211.0,4.45,,,,,,WR,44.0,,,,,,,,,,,,,,,,,,,252.0,3541.0,14.1,39.0,80.5,,,,,,,
2005,1,4,CHI,False,RB,RB,O,Texas,22.0,2012.0,0,0,6,10.0,Cedric Benson,RB,Texas,70.0,222.0,4.62,,,,,,RB,49.0,,,,,,,,,,,1112.0,5540.0,5.0,64.0,69.0,621.0,9.0,3.0,,,,,,,,,,,,
2005,1,5,TAM,False,RB,RB,O,Auburn,23.0,2011.0,0,0,4,27.0,Cadillac Williams,RB,Auburn,71.0,217.0,4.43,19.0,35.5,118.0,6.94,4.15,RB,42.0,,,,,,,,,,,741.0,3831.0,5.2,45.0,45.0,342.0,7.6,1.0,,,,,,,,,,,,
2005,1,6,TEN,False,DB,DB,D,West Virginia,21.0,2018.0,1,1,6,13.0,Adam Jones,CB,West Virginia,69.0,187.0,4.38,,,,,,DB,46.0,-4.4,,,,,,,,,,,,,,,,,,,,,,,,,,,,8.0,
2005,1,7,MIN,False,WR,WR,O,South Carolina,22.0,2009.0,0,0,1,8.0,Troy Williamson,WR,South Carolina,73.0,203.0,4.32,,,,6.99,,WR,34.0,,,,,,,,,,,,,,,,,,,91.0,1754.0,19.3,13.0,51.6,,,,,,,
2005,1,8,ARI,False,DB,DB,D,Miami (FL),22.0,2015.0,0,3,9,20.0,Antrel Rolle,CB,Miami (FL),72.0,201.0,4.48,15.0,,,,,DB,45.0,,,,,,,,,,,,,,,,,,,,,,,,,,,,,5.0,
2005,1,9,WAS,False,DB,DB,D,Auburn,24.0,2014.0,0,1,7,26.0,Carlos Rogers,CB,Auburn,72.0,196.0,4.44,15.0,40.5,126.0,6.48,3.82,DB,38.0,,,,,,,,,,,,,,,,,,,,,,,,,,,,,7.0,
2005,1,10,DET,False,WR,WR,O,USC,21.0,2011.0,0,0,2,4.0,Mike Williams,WR,USC,77.0,229.0,4.56,,36.5,,,,WR,26.0,10.072222222222225,,,,,,,,,,,,,,,,,,176.0,2579.0,14.7,30.0,99.2,,,,,,,
2005,1,11,DAL,True,LB,LB,D,Troy,23.0,2016.0,4,9,11,88.0,DeMarcus Ware,OLB,Troy,76.0,251.0,4.56,27.0,38.5,122.0,6.83,4.07,DL,12.0,,,,,,,,,,,,,,,,,,,,,,,,,,,,,,
2005,1,12,SDG,False,LB,LB,D,Maryland,21.0,2012.0,1,3,4,38.0,Shawne Merriman,DE,Maryland,76.0,272.0,4.64,25.0,,,,,,,,,,,,,,,,,,,,,,,,,,,,,,,,,,,,
2005,1,13,NOR,False,T,OL,O,Oklahoma,24.0,2011.0,1,2,6,39.0,Jammal Brown,OT,Oklahoma,78.0,316.0,5.06,,31.5,109.0,7.93,4.67,OL,,,,,,,,,,,,,,,,,,,,,,,,,,,,,,,
2005,1,14,CAR,False,LB,LB,D,Georgia,22.0,2020.0,1,3,12,74.0,Thomas Davis,S,Georgia,73.0,230.0,4.6,,36.5,115.0,7.09,3.97,DB,25.0,,,,,,,,,,,,,,,,,,,,,,,,,,,,,2.0,
2005,1,15,KAN,False,LB,LB,D,Texas,22.0,2018.0,1,4,11,79.0,Derrick Johnson,CB,Texas,71.0,197.0,4.43,18.0,,,7.15,4.1,LB,38.0,,,,,,,,,,,,,,,,,,,,,,,,,,,,,,
2005,1,16,HOU,False,DT,DL,D,Florida St.,23.0,2010.0,0,0,3,15.0,Travis Johnson,DT,Florida State,76.0,305.0,4.91,,,,,,,,,,,,,,,,,,,,,,,,,,,,,,,,,,,,,
2005,1,17,CIN,False,LB,LB,D,Georgia,23.0,2006.0,0,0,0,3.0,David Pollack,DE,Georgia,74.0,265.0,4.75,25.0,37.0,120.0,6.86,3.9,DL,40.0,,,,,,,,,,,,,,,,,,,,,,,,,,,,,,
2005,1,18,MIN,False,DE,DL,D,Wisconsin,22.0,2008.0,0,0,1,6.0,Erasmus James,DE,Wisconsin,76.0,266.0,4.81,,37.5,122.0,7.56,4.37,DL,,,,,,,,,,,,,,,,,,,,,,,,,,,,,,,
2005,1,19,STL,False,T,OL,O,Florida St.,22.0,2010.0,0,0,5,27.0,Alex Barron,OT,Florida State,79.0,320.0,4.87,,35.5,112.0,7.83,4.56,OL,,,,,,,,,,,,,,,,,,,,,,,,,,,,,,,
2005,1,20,DAL,False,DE,DL,D,LSU,22.0,2013.0,0,0,6,35.0,Marcus Spears,DE,LSU,76.0,307.0,5.05,,,,,,DL,38.0,,,,,,,,,,,,,,,,,,,,,,,,,,,,,,
2005,1,21,JAX,False,WR,WR,O,Arkansas,22.0,2008.0,0,0,1,22.0,Matt Jones,TE,Arkansas,78.0,242.0,4.37,,39.5,129.0,,,QB,46.0,15.379545454545456,417.0,755.0,55.2,5857.0,53.0,30.0,7.8,7.37,127.3,,,,,,,,,,,,,,,,,,,,
2005,1,22,BAL,False,WR,WR,O,Oklahoma,23.0,2011.0,0,0,5,26.0,Mark Clayton,WR,Oklahoma,70.0,193.0,4.41,,36.5,118.0,6.95,4.07,WR,51.0,,,,,,,,,,,,,,,,,,,220.0,3236.0,14.7,31.0,63.5,,,,,,,
2005,1,23,OAK,False,DB,DB,D,Nebraska,22.0,2010.0,0,0,4,9.0,Fabian Washington,CB,Nebraska,70.0,188.0,4.29,18.0,41.5,129.0,,3.91,DB,37.0,,,,,,,,,,,,,,,,,,,,,,,,,,,,,11.0,
2005,1,24,GNB,False,QB,QB,O,California,21.0,2025.0,4,10,15,161.0,Aaron Rodgers,QB,California,74.0,223.0,4.71,,34.5,110.0,7.38,,QB,25.0,,424.0,665.0,63.8,5469.0,43.0,13.0,8.2,8.64,218.8,,,,,,,,,,,,,,,,,,,,
2005,1,25,WAS,False,QB,QB,O,Auburn,23.0,2014.0,0,0,5,34.0,Jason Campbell,QB,Auburn,77.0,230.0,4.71,,,,,,QB,48.0,,552.0,854.0,64.6,7299.0,45.0,24.0,8.5,8.34,152.1,,,,,,,,,,,,,,,,,,,,
2005,1,26,SEA,False,C,OL,O,Mississippi,23.0,2014.0,0,0,6,29.0,Chris Spencer,C,Mississippi,75.0,309.0,5.21,26.0,32.0,105.0,8.06,4.59,,,,,,,,,,,,,,,,,,,,,,,,,,,,,,,,
2005,1,27,ATL,False,WR,WR,O,Ala-Birmingham,23.0,2015.0,1,4,10,88.0,Roddy White,WR,Ala-Birmingham,73.0,207.0,4.46,,,,,,WR,45.0,,,,,,,,,,,,,,,,,,,163.0,3112.0,19.1,26.0,69.2,,,,,,,
2005,1,28,SDG,False,DE,DL,D,Northwestern,22.0,2011.0,0,0,6,33.0,Luis Castillo,DT,Northwestern,75.0,303.0,4.79,32.0,34.5,112.0,,,,,,,,,,,,,,,,,,,,,,,,,,,,,,,,,,
2005,1,29,IND,False,DB,DB,D,Michigan,22.0,2009.0,0,0,2,14.0,Marlin Jackson,CB,Michigan,73.0,198.0,4.52,23.0,36.0,125.0,6.95,3.96,DB,44.0,,,,,,,,,,,,,,,,,,,,,,,,,,,,,9.0,
2005,1,30,PIT,False,TE,TE,O,Virginia,22.0,2015.0,0,2,11,45.0,Heath Miller,TE,Virginia,77.0,256.0,4.79,,,,,,TE,39.0,,,,,,,,,,,,,,,,,,,144.0,1703.0,11.8,20.0,43.7,,,,,,,
2005,1,31,PHI,False,DT,DL,D,USC,22.0,2014.0,0,0,6,44.0,Mike Patterson,DT,USC,72.0,292.0,4.93,26.0,,,,,DL,26.0,,,,,,,,,,,,,,,,,,,,,,,,,,,,,,
2005,1,32,NWE,False,G,OL,O,Fresno St.,23.0,2015.0,1,7,11,94.0,Logan Mankins,OG,Fresno State,76.0,307.0,5.06,21.0,31.5,95.0,7.52,4.44,,,,,,,,,,,,,,,,,,,,,,,,,,,,,,,,
2005,2,33,SFO,False,G,OL,O,Michigan,23.0,2013.0,0,0,6,21.0,David Baas,OG,Michigan,76.0,319.0,5.06,29.0,29.5,105.0,7.5,4.46,OL,,,,,,,,,,,,,,,,,,,,,,,,,,,,,,,
2005,2,34,CLE,False,DB,DB,D,Oklahoma,21.0,2011.0,0,0,4,21.0,Brodney Pool,S,Oklahoma,73.0,207.0,4.52,,,,,,DB,27.0,,,,,,,,,,,,,,,,,,,,,,,,,,,,,9.0,
2005,2,35,PHI,False,WR,WR,O,Georgia,24.0,2009.0,0,0,3,20.0,Reggie Brown,WR,Georgia,74.0,196.0,4.45,,41.5,128.0,6.99,3.94,WR,52.0,-10.975,,,,,,,,,,,,,,,,,,144.0,2008.0,13.9,12.0,38.6,,,,,,,
2005,2,36,TAM,False,LB,LB,D,Nebraska,22.0,2012.0,0,0,5,36.0,Barrett Ruud,ILB,Nebraska,74.0,241.0,4.75,25.0,34.5,112.0,7.22,3.94,LB,13.0,,,,,,,,,,,,,,,,,,,,,,,,,,,,,,
2005,2,37,DET,False,DT,DL,D,USC,22.0,2012.0,0,0,4,5.0,Shaun Cody,DT,USC,76.0,293.0,5.05,34.0,,,,,DL,11.0,,,,,,,,,,,,,,,,,,,,,,,,,,,,,,
2005,2,38,OAK,False,DB,DB,D,Houston,22.0,2012.0,0,0,3,19.0,Stanford Routt,CB,Houston,73.0,193.0,4.27,,36.5,129.0,6.63,3.9,DB,34.0,,,,,,,,,,,,,,,,,,,,,,,,,,,,,7.0,
2005,2,39,CHI,False,WR,WR,O,Oklahoma,23.0,2009.0,0,0,0,5.0,Mark Bradley,WR,Oklahoma,73.0,201.0,4.37,,39.5,128.0,6.96,3.98,WR,13.0,,,,,,,,,,,,,,,,,,,23.0,491.0,21.3,7.0,37.8,,,,,,,
2005,2,40,NOR,False,DB,DB,D,Nebraska,22.0,2010.0,0,0,3,19.0,Josh Bullocks,S,Nebraska,72.0,209.0,4.46,,37.5,118.0,7.09,4.08,DB,24.0,,,,,,,,,,,,,,,,,,,,,,,,,,,,,12.0,
2005,2,41,TEN,False,T,OL,O,Eastern Washington,22.0,2014.0,1,1,9,63.0,Michael Roos,OT,East. Washington,79.0,320.0,5.3,19.0,29.0,97.0,7.72,4.5,,,,,,,,,,,,,,,,,,,,,,,,,,,,,,,,
2005,2,42,DAL,False,LB,LB,D,Tennessee,22.0,2013.0,0,0,4,6.0,Kevin Burnett,OLB,Tennessee,75.0,239.0,4.58,20.0,36.0,130.0,,,LB,13.0,,,,,,,,,,,,,,,,,,,,,,,,,,,,,,
2005,2,43,NYG,False,DB,DB,D,LSU,23.0,2013.0,0,0,6,33.0,Corey Webster,CB,LSU,72.0,199.0,4.5,9.0,,,,,DB,48.0,,,,,,,,,,,,,,,,,,,,,,,,,,,,,16.0,
2005,2,44,ARI,False,RB,RB,O,California,22.0,2008.0,0,0,0,12.0,J.J. Arrington,RB,California,69.0,214.0,4.4,18.0,35.0,121.0,6.81,4.1,RB,25.0,,,,,,,,,,,396.0,2625.0,6.6,20.0,42.0,299.0,7.1,3.0,,,,,,,,,,,,
2005,2,45,SEA,False,LB,LB,D,USC,22.0,2010.0,1,3,5,49.0,Lofa Tatupu,ILB,USC,72.0,238.0,4.83,23.0,35.0,113.0,7.31,4.16,LB,25.0,,,,,,,,,,,,,,,,,,,,,,,,,,,,,,
2005,2,46,MIA,False,DE,DL,D,Iowa,22.0,2011.0,0,0,5,14.0,Matt Roth,DE,Iowa,76.0,278.0,4.81,26.0,32.0,112.0,7.65,4.36,,,,,,,,,,,,,,,,,,,,,,,,,,,,,,,,
2005,2,47,NYJ,False,K,K,S,Ohio St.,23.0,2020.0,0,0,0,8.0,Mike Nugent,K,Ohio State,70.0,182.0,4.72,,,,,,,,,,,,,,,,,,,,,,,,,,,,,,,,,,,,,
2005,2,48,CIN,False,LB,LB,D,Georgia,22.0,2005.0,0,0,1,7.0,Odell Thurman,ILB,Georgia,72.0,233.0,4.62,23.0,34.0,114.0,7.47,,LB,14.0,,,,,,,,,,,,,,,,,,,,,,,,,,,,,,
2005,2,49,MIN,False,G,OL,O,Mississippi,21.0,2009.0,0,0,1,8.0,Marcus Johnson,OG,Mississippi,78.0,321.0,5.45,21.0,27.5,104.0,7.71,4.71,,,,,,,,,,,,,,,,,,,,,,,,,,,,,,,,
2005,2,50,STL,False,DB,DB,D,Howard,23.0,2012.0,0,0,4,23.0,Ronald Bartell,CB,Howard,73.0,211.0,4.37,21.0,35.5,,,,,,,,,,,,,,,,,,,,,,,,,,,,,,,,,,,
2005,2,51,GNB,False,DB,DB,D,Bethune-Cookman,22.0,2011.0,0,3,6,48.0,Nick Collins,CB,Bethune-Cookman,71.0,206.0,4.36,11.0,40.0,118.0,6.94,4.16,,,,,,,,,,,,,,,,,,,,,,,,,,,,,,,,
2005,2,52,JAX,False,T,OL,O,Washington,23.0,2017.0,0,0,7,31.0,Khalif Barnes,OT,Washington,78.0,305.0,4.92,26.0,35.0,106.0,7.57,4.54,OL,13.0,,,,,,,,,,,,,,,,,,,,,,,,,,,,,,
2005,2,53,BAL,False,DE,DL,D,Oklahoma,23.0,2006.0,0,0,0,0.0,Dan Cody,DE,Oklahoma,77.0,254.0,4.75,,,,,,,,,,,,,,,,,,,,,,,,,,,,,,,,,,,,,
2005,2,54,CAR,False,RB,RB,O,Louisville,22.0,2006.0,0,0,0,0.0,Eric Shelton,RB,Louisville,73.0,246.0,4.53,,38.5,124.0,7.44,4.08,RB,33.0,,,,,,,,,,,341.0,1858.0,5.4,30.0,7.0,54.0,7.7,0.0,,,,,,,,,,,,
2005,2,55,BUF,False,WR,WR,O,Miami (FL),23.0,2012.0,0,0,0,14.0,Roscoe Parrish,WR,Miami (FL),70.0,168.0,4.37,,,,,,WR,36.0,,,,,,,,,,,,,,,,,,,86.0,1355.0,15.8,12.0,37.6,,,,,,,
2005,2,56,DEN,False,DB,DB,D,Oklahoma St.,22.0,2006.0,0,0,2,11.0,Darrent Williams,CB,Oklahoma State,69.0,176.0,4.3,16.0,39.0,124.0,6.97,3.96,DB,42.0,,,,,,,,,,,,,,,,,,,,,,,,,,,,,11.0,
2005,2,57,NYJ,False,DB,DB,D,Clemson,21.0,2012.0,0,1,0,13.0,,,,,,,,,,,,DB,48.0,,,,,,,,,,,,,,,,,,,,,,,,,,,,,13.0,
2005,2,58,GNB,False,WR,WR,O,Texas A&M,22.0,2005.0,0,0,0,0.0,Terrence Murphy,WR,Texas A&M,73.0,202.0,4.39,,,,,,WR,45.0,,,,,,,,,,,,,,,,,,,172.0,2600.0,15.1,10.0,57.8,,,,,,,
2005,2,59,ATL,False,DE,DL,D,Iowa,23.0,2016.0,0,0,10,52.0,Jonathan Babineaux,DT,Iowa,74.0,286.0,4.87,21.0,29.5,109.0,7.7,4.57,DL,24.0,,,,,,,,,,,,,,,,,,,,,,,,,,,,,,
2005,2,60,IND,False,DB,DB,D,Illinois,22.0,2012.0,0,0,4,21.0,Kelvin Hayden,CB,Illinois,70.0,197.0,4.45,17.0,34.0,111.0,6.87,3.9,DB,11.0,,,,,,,,,,,,,,,,,,,,,,,,,,,,,4.0,
2005,2,61,SDG,False,WR,WR,O,Northern Colorado,22.0,2016.0,0,3,8,49.0,Vincent Jackson,WR,Northern Colorado,77.0,241.0,4.46,,39.0,,,,,,,,,,,,,,,,,,,,,,,,,,,,,,,,,,,
2005,2,62,PIT,False,DB,DB,D,Florida St.,23.0,2011.0,0,0,3,22.0,Bryant McFadden,CB,Florida State,72.0,193.0,4.44,23.0,38.5,130.0,,4.04,DB,26.0,,,,,,,,,,,,,,,,,,,,,,,,,,,,,4.0,
2005,2,63,PHI,False,LB,LB,D,San Diego St.,22.0,2011.0,0,0,1,6.0,,,,,,,,,,,,,,,,,,,,,,,,,,,,,,,,,,,,,,,,,,,
2005,2,64,BAL,False,T,OL,O,Syracuse,23.0,2010.0,0,0,0,9.0,Adam Terry,OT,Syracuse,80.0,330.0,5.4,,28.0,96.0,7.89,4.78,,,,,,,,,,,,,,,,,,,,,,,,,,,,,,,,
2005,3,65,SFO,False,RB,RB,O,Miami (FL),22.0,2020.0,0,5,14,75.0,Frank Gore,RB,Miami (FL),69.0,217.0,4.58,,,,,,RB,28.0,,,,,,,,,,,348.0,1975.0,5.7,17.0,23.0,225.0,9.8,0.0,,,,,,,,,,,,
2005,3,66,STL,False,DB,DB,D,Stanford,24.0,2011.0,0,0,6,31.0,O.J. Atogwe,S,Stanford,71.0,219.0,4.52,22.0,,,,,DB,33.0,,,,,,,,,,,,,,,,,,,,,,,,,,,,,9.0,
2005,3,67,CLE,False,QB,QB,O,Akron,24.0,2009.0,0,0,1,7.0,Charlie Frye,QB,Akron,76.0,225.0,4.79,,33.0,113.0,6.94,4.08,QB,46.0,,913.0,1436.0,63.6,11049.0,64.0,32.0,7.7,7.58,240.2,,,,,,,,,,,,,,,,,,,,
2005,3,68,TEN,False,WR,WR,O,Indiana,22.0,2014.0,0,0,0,3.0,Courtney Roby,WR,Indiana,72.0,189.0,4.41,,36.5,126.0,6.6,3.94,WR,45.0,,,,,,,,,,,,,,,,,,,170.0,2524.0,14.8,12.0,56.1,,,,,,,
2005,3,69,OAK,False,QB,QB,O,Arizona St.,23.0,2008.0,0,0,1,1.0,Andrew Walter,QB,Arizona State,78.0,233.0,4.86,,,,,,QB,48.0,,777.0,1416.0,54.9,10617.0,85.0,36.0,7.5,7.55,221.2,,,,,,,,,,,,,,,,,,,,
2005,3,70,MIA,False,LB,LB,D,Florida,21.0,2010.0,0,0,6,31.0,Channing Crowder,ILB,Florida,74.0,252.0,4.71,,,,,,LB,9.0,,,,,,,,,,,,,,,,,,,,,,,,,,,,,,
2005,3,71,TAM,False,TE,TE,O,Stanford,23.0,2015.0,0,0,3,10.0,Alex Smith,TE,Stanford,76.0,258.0,4.88,28.0,,,,,TE,44.0,7.85,,,,,,,,,,,,,,,,,,107.0,1291.0,12.1,8.0,29.3,,,,,,,
2005,3,72,DET,False,DB,DB,D,Stanford,22.0,2007.0,0,0,0,5.0,Stanley Wilson,CB,Stanford,72.0,185.0,4.36,14.0,39.5,125.0,,,DB,39.0,,,,,,,,,,,,,,,,,,,,,,,,,,,,,5.0,
2005,3,73,HOU,False,RB,RB,O,Oklahoma St.,25.0,2007.0,0,0,0,2.0,Vernand Morency,RB,Oklahoma State,70.0,212.0,4.66,19.0,33.5,108.0,7.02,4.12,RB,30.0,,,,,,,,,,,451.0,2661.0,5.9,23.0,11.0,119.0,10.8,1.0,,,,,,,,,,,,
2005,3,74,NYG,False,DE,DL,D,Notre Dame,22.0,2015.0,1,2,7,59.0,Justin Tuck,DE,Notre Dame,77.0,268.0,4.71,,,,,,,,,,,,,,,,,,,,,,,,,,,,,,,,,,,,,
2005,3,75,ARI,False,DB,DB,D,Virginia Tech,23.0,2008.0,0,0,2,12.0,Eric Green,CB,Virginia Tech,71.0,198.0,4.52,,38.0,120.0,,3.9,DB,48.0,,,,,,,,,,,,,,,,,,,,,,,,,,,,,8.0,
2005,3,76,DEN,False,DB,DB,D,Washington St.,22.0,2010.0,0,0,0,6.0,Karl Paymah,CB,Washington State,72.0,204.0,4.35,15.0,41.5,125.0,7.09,3.91,DB,34.0,,,,,,,,,,,,,,,,,,,,,,,,,,,,,3.0,
2005,3,77,PHI,False,RB,RB,O,Louisiana Tech,22.0,2009.0,0,0,0,2.0,Ryan Moats,RB,Louisiana Tech,68.0,210.0,4.46,19.0,36.0,117.0,7.22,4.1,RB,34.0,,,,,,,,,,,499.0,3112.0,6.2,28.0,48.0,441.0,9.2,2.0,,,,,,,,,,,,
2005,3,78,OAK,False,LB,LB,D,San Diego St.,23.0,2012.0,0,0,6,33.0,Kirk Morrison,ILB,San Diego State,73.0,235.0,4.75,25.0,,,,4.31,LB,47.0,,,,,,,,,,,,,,,,,,,,,,,,,,,,,,
2005,3,79,CAR,False,G,OL,O,Alabama,23.0,2016.0,1,2,6,6.0,Evan Mathis,OG,Alabama,77.0,304.0,4.92,35.0,35.5,117.0,7.37,4.16,,,,,,,,,,,,,,,,,,,,,,,,,,,,,,,,
2005,3,81,STL,False,G,OL,O,Oregon,22.0,2020.0,0,4,10,11.0,Richie Incognito,C,Nebraska,75.0,305.0,4.84,29.0,,,,,,,,,,,,,,,,,,,,,,,,,,,,,,,,,,,,
2005,3,82,NOR,False,LB,LB,D,Connecticut,22.0,2008.0,0,0,0,2.0,Alfred Fincher,ILB,Connecticut,73.0,238.0,4.68,25.0,31.5,112.0,7.69,4.45,LB,36.0,,,,,,,,,,,,,,,,,,,,,,,,,,,,,,
2005,3,83,CIN,False,WR,WR,O,West Virginia,22.0,2009.0,0,0,0,16.0,Chris Henry,WR,West Virginia,76.0,197.0,4.5,,,,,,WR,23.0,,,,,,,,,,,,,,,,,,,93.0,1878.0,20.2,22.0,81.7,,,,,,,
2005,3,84,NWE,False,DB,DB,D,Iowa St.,22.0,2010.0,0,0,4,25.0,Ellis Hobbs,CB,Iowa State,69.0,192.0,4.45,12.0,42.0,124.0,6.8,4.07,DB,49.0,,,,,,,,,,,,,,,,,,,,,,,,,,,,,9.0,
2005,3,86,BUF,False,TE,TE,O,Miami (FL),23.0,2007.0,0,0,0,0.0,Kevin Everett,TE,Miami (FL),77.0,241.0,4.72,,,,,,TE,24.0,,,,,,,,,,,,,,,,,,,32.0,400.0,12.5,3.0,16.7,,,,,,,
2005,3,87,JAX,False,DB,DB,D,Wisconsin,22.0,2009.0,0,0,0,4.0,Scott Starks,CB,Wisconsin,68.0,172.0,4.37,13.0,43.0,137.0,6.99,3.9,DB,51.0,,,,,,,,,,,,,,,,,,,,,,,,,,,,,7.0,
2005,3,88,NYJ,False,DT,DL,D,Utah,26.0,2012.0,0,0,4,36.0,Sione Pouha,DT,Utah,75.0,325.0,5.02,32.0,32.5,107.0,7.83,4.44,DL,10.0,,,,,,,,,,,,,,,,,,,,,,,,,,,,,,
2005,3,90,ATL,False,LB,LB,D,Cal Poly-San Luis Obispo,22.0,2007.0,0,0,0,1.0,Jordan Beck,OLB,Cal Poly,74.0,233.0,4.6,25.0,41.0,128.0,7.11,4.1,,,,,,,,,,,,,,,,,,,,,,,,,,,,,,,,
2005,3,93,PIT,False,T,OL,O,Northwestern,22.0,2012.0,0,0,1,19.0,Trai Essex,OT,Northwestern,76.0,324.0,5.61,,29.0,96.0,8.11,4.92,OL,11.0,,,,,,,,,,,,,,,,,,,,,,,,,,,,,,
2005,3,94,SFO,False,T,OL,O,Oregon,23.0,2014.0,0,0,5,30.0,Adam Snyder,OG,Oregon,77.0,316.0,5.34,21.0,28.5,93.0,7.83,4.83,,,,,,,,,,,,,,,,,,,,,,,,,,,,,,,,
2005,3,95,ARI,False,LB,LB,D,Virginia,22.0,2011.0,0,0,0,4.0,Darryl Blackstock,OLB,Virginia,75.0,247.0,4.7,25.0,39.0,126.0,7.05,4.29,LB,26.0,,,,,,,,,,,,,,,,,,,,,,,,,,,,,,
2005,3,96,TEN,False,WR,WR,O,Oklahoma,23.0,2009.0,0,0,2,11.0,Brandon Jones,WR,Oklahoma,73.0,210.0,4.42,,37.0,114.0,7.03,4.08,WR,46.0,-2.938857142857143,,,,,,,,,,,,,,,,,,82.0,1187.0,14.5,14.0,25.8,,,,,,,
2005,4,97,DEN,False,DB,DB,D,Maryland,22.0,2011.0,0,0,2,8.0,Domonique Foxworth,CB,Maryland,71.0,184.0,4.34,14.0,41.0,125.0,6.78,3.89,DB,27.0,,,,,,,,,,,,,,,,,,,,,,,,,,,,,8.0,
2005,4,98,SEA,False,LB,LB,D,Clemson,22.0,2012.0,0,0,6,37.0,Leroy Hill,ILB,Clemson,73.0,229.0,4.65,25.0,34.0,116.0,7.23,4.1,LB,13.0,,,,,,,,,,,,,,,,,,,,,,,,,,,,,,
2005,4,99,KAN,False,P,P,S,Tennessee,23.0,2021.0,0,2,0,24.0,Dustin Colquitt,P,Tennessee,74.0,211.0,4.88,,,,,,,,,,,,,,,,,,,,,,,,,,,,,,,,,,,,,
2005,4,100,NWE,False,T,OL,O,Toledo,26.0,2009.0,0,0,5,37.0,Nick Kaczur,OT,Toledo,76.0,319.0,5.28,,31.5,,,,OL,13.0,,,,,,,,,,,,,,,,,,,,,,,,,,,,,,
2005,4,102,PHI,False,DB,DB,D,Iowa,22.0,2012.0,0,0,2,10.0,Sean Considine,S,Iowa,72.0,212.0,4.5,19.0,37.0,117.0,7.09,3.92,DB,36.0,,,,,,,,,,,,,,,,,,,,,,,,,,,,,6.0,
2005,4,103,CLE,False,DB,DB,D,Oklahoma,23.0,2006.0,0,0,0,0.0,Antonio Perkins,CB,Oklahoma,71.0,190.0,4.49,10.0,40.0,126.0,7.17,4.07,DB,50.0,,,,,,,,,,,,,,,,,,,,,,,,,,,,,11.0,
2005,4,104,MIA,False,DB,DB,D,LSU,22.0,2012.0,0,0,1,10.0,Travis Daniels,CB,LSU,73.0,194.0,4.54,,35.0,120.0,6.95,3.97,DB,26.0,,,,,,,,,,,,,,,,,,,,,,,,,,,,,2.0,
2005,4,105,SEA,False,T,OL,O,Florida St.,23.0,2009.0,0,0,1,10.0,Ray Willis,OT,Florida State,78.0,327.0,5.18,27.0,,,,,,,,,,,,,,,,,,,,,,,,,,,,,,,,,,,,
2005,4,106,CHI,False,QB,QB,O,Purdue,22.0,2014.0,0,0,5,10.0,Kyle Orton,QB,Purdue,76.0,233.0,5.06,,26.5,,7.38,4.52,QB,43.0,,748.0,1262.0,59.3,8918.0,61.0,24.0,7.1,7.18,207.4,,,,,,,,,,,,,,,,,,,,
2005,4,107,TAM,False,G,OL,O,Wisconsin,23.0,2008.0,0,0,1,9.0,Dan Buenning,OG,Wisconsin,76.0,320.0,5.35,29.0,28.0,111.0,7.9,4.59,,,,,,,,,,,,,,,,,,,,,,,,,,,,,,,,
2005,4,108,TEN,False,DB,DB,D,Virginia Tech,23.0,2011.0,0,0,0,8.0,Vincent Fuller,S,Virginia Tech,73.0,189.0,4.44,,,,,,DB,40.0,,,,,,,,,,,,,,,,,,,,,,,,,,,,,8.0,
2005,4,109,DAL,False,RB,RB,O,Minnesota,22.0,2011.0,0,1,3,37.0,Marion Barber,RB,Minnesota,71.0,221.0,4.49,20.0,40.0,127.0,,,RB,38.0,,,,,,,,,,,575.0,3276.0,5.7,35.0,21.0,190.0,9.0,0.0,,,,,,,,,,,,
2005,4,110,NYG,False,RB,RB,O,Southern Illinois,23.0,2013.0,0,0,3,36.0,Brandon Jacobs,RB,Southern Illinois,76.0,267.0,4.56,19.0,37.0,118.0,7.53,4.46,,,,,,,,,,,,,,,,,,,,,,,,,,,,,,,,
2005,4,111,ARI,False,G,OL,O,Virginia,23.0,2008.0,0,0,1,8.0,Elton Brown,OG,Virginia,77.0,329.0,4.93,,,,,,OL,11.0,,,,,,,,,,,,,,,,,,,,,,,,,,,,,,
2005,4,112,MIN,False,RB,RB,O,Florida,22.0,2006.0,0,0,0,1.0,Ciatrick Fason,RB,Florida,73.0,207.0,4.58,,,,,,RB,38.0,,,,,,,,,,,315.0,1877.0,6.0,14.0,46.0,408.0,8.9,5.0,,,,,,,,,,,,
2005,4,113,TEN,False,T,OL,O,Mississippi St.,23.0,2013.0,0,0,8,48.0,David Stewart,OT,Mississippi State,78.0,314.0,5.25,24.0,,,,,,,,,,,,,,,,,,,,,,,,,,,,,,,,,,,,
2005,4,114,HOU,False,WR,WR,O,Hampton,22.0,2007.0,1,1,0,4.0,Jerome Mathis,WR,Kansas State,71.0,181.0,4.28,,35.5,123.0,,,,,,,,,,,,,,,,,,,,,,,,,,,,,,,,,,
2005,4,115,GNB,False,DB,DB,D,San Diego St.,23.0,2005.0,0,0,0,1.0,Marviel Underwood,S,San Diego State,70.0,205.0,4.45,19.0,38.0,118.0,7.12,4.21,DB,47.0,,,,,,,,,,,,,,,,,,,,,,,,,,,,,7.0,
2005,4,117,STL,False,DB,DB,D,Florida St.,22.0,2007.0,0,0,0,3.0,Jerome Carter,S,Florida State,71.0,220.0,4.47,21.0,35.0,121.0,7.18,4.04,DB,31.0,,,,,,,,,,,,,,,,,,,,,,,,,,,,,3.0,
2005,4,119,CIN,False,C,OL,O,Central Michigan,24.0,2008.0,0,0,3,19.0,Eric Ghiaciuc,C,Central Michigan,76.0,302.0,5.09,30.0,32.0,105.0,7.87,4.56,,,,,,,,,,,,,,,,,,,,,,,,,,,,,,,,
2005,4,122,BUF,False,C,OL,O,Illinois,23.0,2008.0,0,0,1,11.0,Duke Preston,C,Illinois,77.0,311.0,,21.0,32.0,96.0,7.57,4.45,,,,,,,,,,,,,,,,,,,,,,,,,,,,,,,,
2005,4,123,NYJ,False,DB,DB,D,Louisville,23.0,2012.0,0,0,7,36.0,Kerry Rhodes,S,Louisville,74.0,209.0,4.56,12.0,42.0,123.0,6.94,4.12,DB,44.0,,,,,,,,,,,,,,,,,,,,,,,,,,,,,11.0,
2005,4,124,BAL,False,C,OL,O,North Carolina,22.0,2011.0,0,0,6,19.0,Jason Brown,C,North Carolina,75.0,313.0,5.4,23.0,30.5,105.0,7.72,4.51,OL,12.0,,,,,,,,,,,,,,,,,,,,,,,,,,,,,,
2005,4,125,GNB,False,LB,LB,D,BYU,25.0,2012.0,0,0,4,20.0,Brady Poppinga,DE,BYU,75.0,259.0,4.59,26.0,35.5,110.0,7.27,4.38,DL,12.0,,,,,,,,,,,,,,,,,,,,,,,,,,,,,,
2005,4,126,PHI,False,T,OL,O,Saginaw Valley St.,22.0,2015.0,0,0,9,50.0,,,,,,,,,,,,,,,,,,,,,,,,,,,,,,,,,,,,,,,,,,,
2005,4,127,JAX,False,RB,RB,O,Virginia,23.0,2009.0,0,0,0,5.0,Alvin Pearman,RB,Virginia,69.0,208.0,4.63,24.0,34.0,114.0,7.06,4.08,RB,46.0,,,,,,,,,,,500.0,2394.0,4.8,19.0,138.0,1396.0,10.1,8.0,,,,,,,,,,,,
2005,4,128,ATL,False,DE,DL,D,Florida St.,22.0,2011.0,0,0,1,19.0,Chauncey Davis,DE,Florida State,74.0,273.0,4.8,22.0,37.0,118.0,7.66,4.44,DL,13.0,,,,,,,,,,,,,,,,,,,,,,,,,,,,,,
2005,5,129,IND,False,G,OL,O,Texas Tech,23.0,2013.0,0,0,1,13.0,Dylan Gandy,OG,Texas Tech,75.0,304.0,5.12,,29.5,100.0,7.62,4.51,,,,,,,,,,,,,,,,,,,,,,,,,,,,,,,,
2005,5,130,SDG,False,RB,RB,O,Kansas St.,22.0,2019.0,0,3,1,25.0,Darren Sproles,RB,Kansas State,66.0,187.0,4.47,23.0,33.0,105.0,6.96,3.96,RB,45.0,,,,,,,,,,,815.0,4979.0,6.1,45.0,66.0,609.0,9.2,2.0,,,,,,,,,,,,
2005,5,132,DAL,False,DE,DL,D,Virginia,22.0,2015.0,0,0,9,20.0,Chris Canty,DE,Virginia,79.0,279.0,4.98,,,,,,,,,,,,,,,,,,,,,,,,,,,,,,,,,,,,,
2005,5,133,NWE,False,DB,DB,D,Fresno St.,21.0,2012.0,0,0,2,22.0,,,,,,,,,,,,DB,40.0,,,,,,,,,,,,,,,,,,,,,,,,,,,,,7.0,
2005,5,134,STL,False,G,OL,O,New Mexico,23.0,2007.0,0,0,1,6.0,Claude Terrell,OG,New Mexico,74.0,343.0,5.42,27.0,24.5,89.0,8.17,4.75,,,,,,,,,,,,,,,,,,,,,,,,,,,,,,,,
2005,5,135,IND,False,DB,DB,D,California,22.0,2013.0,0,0,1,5.0,,,,,,,,,,,,DB,25.0,,,,,,,,,,,,,,,,,,,,,,,,,,,,,2.0,
2005,5,136,TEN,False,WR,WR,O,Tulane,24.0,2010.0,0,0,1,9.0,,,,,,,,,,,,WR,48.0,28.3,,,,,,,,,,,,,,,,,,215.0,3207.0,14.9,35.0,66.8,,,,,,,
2005,5,137,SFO,False,DT,DL,D,Mississippi St.,23.0,2011.0,0,0,2,6.0,Ronald Fields,DT,Mississippi State,74.0,313.0,5.24,,27.0,102.0,8.01,4.68,,,,,,,,,,,,,,,,,,,,,,,,,,,,,,,,
2005,5,138,KAN,False,LB,LB,D,Illinois St.,23.0,2008.0,0,0,0,3.0,Boomer Grigsby,ILB,Illinois State,72.0,249.0,4.6,32.0,35.5,112.0,7.1,,,,,,,,,,,,,,,,,,,,,,,,,,,,,,,,,
2005,5,139,CLE,False,DE,DL,D,Kansas,23.0,2007.0,0,0,0,2.0,David McMillan,DE,Kansas,75.0,262.0,4.58,16.0,34.0,120.0,7.11,4.07,DL,36.0,,,,,,,,,,,,,,,,,,,,,,,,,,,,,,
2005,5,140,CHI,False,WR,WR,O,Clemson,22.0,2006.0,0,0,0,0.0,Airese Currie,WR,Clemson,70.0,186.0,4.49,,38.0,125.0,7.05,4.07,WR,45.0,,,,,,,,,,,,,,,,,,,137.0,2025.0,14.8,10.0,45.0,,,,,,,
2005,5,141,TAM,False,DB,DB,D,Oklahoma,23.0,2008.0,0,0,0,1.0,Donte Nicholson,S,Oklahoma,73.0,212.0,4.56,18.0,,,,,DB,27.0,,,,,,,,,,,,,,,,,,,,,,,,,,,,,3.0,
2005,5,142,TEN,False,RB,RB,O,Missouri,23.0,2006.0,0,0,0,0.0,,,,,,,,,,,,RB,23.0,,,,,,,,,,,253.0,1254.0,5.0,12.0,36.0,281.0,7.8,2.0,,,,,,,,,,,,
2005,5,143,GNB,False,G,OL,O,North Carolina A&T,21.0,2007.0,0,0,0,5.0,Junius Coston,C,North Carolina A&T,75.0,310.0,5.31,21.0,29.5,102.0,7.93,4.56,,,,,,,,,,,,,,,,,,,,,,,,,,,,,,,,
2005,5,144,STL,False,TE,TE,O,Notre Dame,23.0,2005.0,0,0,0,0.0,Jerome Collins,TE,Notre Dame,76.0,267.0,4.71,21.0,,118.0,,,TE,12.0,,,,,,,,,,,,,,,,,,,6.0,67.0,11.2,0.0,5.6,,,,,,,
2005,5,145,DET,False,QB,QB,O,Connecticut,22.0,2015.0,0,0,1,5.0,Dan Orlovsky,QB,Connecticut,77.0,225.0,4.93,,29.5,107.0,7.33,4.39,QB,46.0,,916.0,1567.0,58.5,10706.0,84.0,51.0,6.8,6.44,232.7,,,,,,,,,,,,,,,,,,,,
2005,5,146,PHI,False,DE,DL,D,Cincinnati,22.0,2016.0,0,2,9,66.0,Trent Cole,OLB,Cincinnati,74.0,236.0,4.7,,,,,,DL,12.0,,,,,,,,,,,,,,,,,,,,,,,,,,,,,,
2005,5,148,IND,False,DE,DL,D,Wisconsin,23.0,2005.0,0,0,0,0.0,Jonathan Welsh,OLB,Wisconsin,75.0,244.0,4.61,19.0,40.5,130.0,7.83,4.22,,,,,,,,,,,,,,,,,,,,,,,,,,,,,,,,
2005,5,149,CAR,False,LB,LB,D,UNLV,23.0,2009.0,0,0,0,4.0,Adam Seward,ILB,UNLV,74.0,248.0,4.6,33.0,36.5,120.0,7.16,4.11,LB,12.0,,,,,,,,,,,,,,,,,,,,,,,,,,,,,,
2005,5,150,TEN,False,T,OL,O,Texas Tech,23.0,2010.0,0,0,0,3.0,Daniel Loper,OT,Texas Tech,78.0,306.0,5.3,14.0,32.0,101.0,7.74,4.68,,,,,,,,,,,,,,,,,,,,,,,,,,,,,,,,
2005,5,151,HOU,False,C,OL,O,Arizona St.,23.0,2007.0,0,0,0,3.0,Drew Hodgdon,C,Arizona State,75.0,309.0,5.31,,32.5,109.0,7.49,4.45,,,,,,,,,,,,,,,,,,,,,,,,,,,,,,,,
2005,5,154,WAS,False,LB,LB,D,Louisville,26.0,2008.0,0,0,0,0.0,Robert McCune,ILB,Louisville,72.0,245.0,4.5,34.0,,,,,LB,25.0,,,,,,,,,,,,,,,,,,,,,,,,,,,,,,
2005,5,156,BUF,False,DB,DB,D,Wake Forest,23.0,2010.0,0,0,0,1.0,Eric King,CB,Wake Forest,68.0,189.0,4.43,12.0,,,,,DB,35.0,,,,,,,,,,,,,,,,,,,,,,,,,,,,,7.0,
2005,5,157,JAX,False,DB,DB,D,North Carolina,22.0,2012.0,0,0,5,10.0,Gerald Sensabaugh,S,North Carolina,72.0,214.0,4.44,17.0,46.0,133.0,,,DB,12.0,,,,,,,,,,,,,,,,,,,,,,,,,,,,,1.0,
2005,5,158,BAL,False,FB,RB,O,Montana,23.0,2007.0,0,0,0,0.0,Justin Green,FB,Montana,71.0,251.0,4.84,23.0,31.0,109.0,7.24,4.21,,,,,,,,,,,,,,,,,,,,,,,,,,,,,,,,
2005,5,160,ATL,False,LB,LB,D,Southern Miss,23.0,2013.0,0,0,8,22.0,Michael Boley,OLB,Southern Miss,75.0,236.0,4.56,,34.0,113.0,7.08,4.12,LB,38.0,,,,,,,,,,,,,,,,,,,,,,,,,,,,,,
2005,6,162,MIA,False,T,OL,O,TCU,24.0,2007.0,0,0,0,1.0,Anthony Alabi,OT,TCU,77.0,310.0,5.12,18.0,32.5,105.0,7.62,4.6,,,,,,,,,,,,,,,,,,,,,,,,,,,,,,,,
2005,6,163,ATL,False,T,OL,O,Tennessee Tech,22.0,2012.0,0,0,2,0.0,Frank Omiyale,OT,Tennessee Tech,76.0,310.0,5.3,22.0,29.5,101.0,8.19,4.72,,,,,,,,,,,,,,,,,,,,,,,,,,,,,,,,
2005,6,166,PIT,False,LB,LB,D,Temple,23.0,2006.0,0,0,0,2.0,Rian Wallace,OLB,Temple,74.0,241.0,4.73,10.0,35.5,112.0,7.45,3.94,LB,34.0,,,,,,,,,,,,,,,,,,,,,,,,,,,,,,
2005,6,167,GNB,False,DB,DB,D,Oklahoma,22.0,2006.0,0,0,0,1.0,,,,,,,,,,,,,,,,,,,,,,,,,,,,,,,,,,,,,,,,,,,
2005,6,168,ARI,False,LB,LB,D,Oklahoma,23.0,2005.0,0,0,0,1.0,Lance Mitchell,ILB,Oklahoma,74.0,247.0,4.85,15.0,33.5,,7.49,4.38,LB,13.0,3.863636363636364,,,,,,,,,,,,,,,,,,,,,,,,,,,,,
2005,6,169,CAR,False,C,OL,O,Texas A&M,23.0,2013.0,0,0,5,26.0,Geoff Hangartner,C,Texas A&M,77.0,301.0,5.21,26.0,28.5,103.0,7.62,4.52,,,,,,,,,,,,,,,,,,,,,,,,,,,,,,,,
2005,6,172,PHI,False,G,OL,O,BYU,24.0,2008.0,0,0,0,1.0,Scott Young,OG,BYU,76.0,312.0,5.08,43.0,35.0,115.0,7.46,4.37,,,,,,,,,,,,,,,,,,,,,,,,,,,,,,,,
2005,6,173,IND,False,LB,LB,D,Cincinnati,23.0,2010.0,0,0,1,12.0,Tyjuan Hagler,OLB,Cincinnati,72.0,236.0,4.59,35.0,35.5,124.0,7.21,4.07,LB,38.0,,,,,,,,,,,,,,,,,,,,,,,,,,,,,,
2005,6,174,SFO,False,WR,WR,O,West Virginia,24.0,2005.0,0,0,0,0.0,Rasheed Marshall,WR,West Virginia,72.0,185.0,4.51,,38.0,121.0,6.81,3.95,QB,42.0,,391.0,724.0,54.0,5098.0,42.0,23.0,7.0,6.77,121.4,,,,,,,,,,,,,,,,,,,,
2005,6,175,OAK,False,DT,DL,D,Wisconsin,23.0,2006.0,0,0,0,1.0,Anttaj Hawthorne,DT,Wisconsin,75.0,321.0,5.23,21.0,27.0,100.0,8.0,4.69,DL,12.0,,,,,,,,,,,,,,,,,,,,,,,,,,,,,,
2005,6,176,CLE,False,LB,LB,D,New Mexico,23.0,2006.0,0,0,0,1.0,,,,,,,,,,,,LB,38.0,,,,,,,,,,,,,,,,,,,,,,,,,,,,,,
2005,6,177,SDG,False,G,OL,O,Oklahoma,24.0,2005.0,0,0,0,0.0,Wes Sims,OT,Oklahoma,77.0,318.0,5.39,26.0,28.0,108.0,7.68,4.43,,,,,,,,,,,,,,,,,,,,,,,,,,,,,,,,
2005,6,178,TAM,False,DT,DL,D,Alabama,23.0,2010.0,0,0,0,0.0,Anthony Bryant,DT,Alabama,75.0,337.0,5.06,23.0,31.5,106.0,7.8,4.68,,,,,,,,,,,,,,,,,,,,,,,,,,,,,,,,
2005,6,179,TEN,False,TE,TE,O,Texas,24.0,2010.0,0,0,4,20.0,Bo Scaife,TE,Texas,75.0,249.0,4.75,24.0,32.5,114.0,7.21,4.12,TE,44.0,,,,,,,,,,,,,,,,,,,75.0,997.0,13.3,5.0,22.7,,,,,,,
2005,6,180,GNB,False,DT,DL,D,Texas A&M,22.0,2010.0,0,0,1,8.0,Mike Montgomery,DE,Texas A&M,77.0,276.0,5.05,19.0,34.5,115.0,7.38,4.32,DL,12.0,,,,,,,,,,,,,,,,,,,,,,,,,,,,,,
2005,6,181,CHI,False,DB,DB,D,La-Monroe,23.0,2012.0,0,0,6,19.0,,,,,,,,,,,,DB,45.0,-10.933333333333334,,,,,,,,,,,,,,,,,,,,,,,,,,,,14.0,
2005,6,182,NYJ,False,RB,RB,O,Tennessee,23.0,2006.0,0,0,0,5.0,Cedric Houston,RB,Tennessee,71.0,225.0,4.61,,,,,,RB,49.0,,,,,,,,,,,501.0,2634.0,5.3,17.0,39.0,369.0,9.5,1.0,,,,,,,,,,,,
2005,6,184,DET,False,DE,DL,D,Oregon St.,23.0,2005.0,0,0,0,0.0,Bill Swancutt,DE,Oregon State,76.0,270.0,5.0,23.0,34.0,113.0,7.35,4.24,DL,25.0,,,,,,,,,,,,,,,,,,,,,,,,,,,,,,
2005,6,185,JAX,False,WR,WR,O,Hawaii,23.0,2007.0,0,0,0,0.0,Chad Owens,WR,Hawaii,67.0,183.0,4.62,,37.0,116.0,6.7,3.94,WR,44.0,,,,,,,,,,,,,,,,,,,239.0,3031.0,12.7,29.0,68.9,,,,,,,
2005,6,186,NYG,False,DE,DL,D,Florida St.,24.0,2011.0,0,0,0,1.0,Eric Moore,DE,Florida State,76.0,262.0,4.84,22.0,29.5,108.0,7.62,4.5,DL,22.0,,,,,,,,,,,,,,,,,,,,,,,,,,,,,,
2005,6,187,KAN,False,T,OL,O,Stanford,23.0,2014.0,0,0,1,2.0,,,,,,,,,,,,DL,20.0,,,,,,,,,,,,,,,,,,,,,,,,,,,,,,
2005,6,188,HOU,False,DB,DB,D,Louisiana,22.0,2011.0,0,0,3,14.0,,,,,,,,,,,,,,,,,,,,,,,,,,,,,,,,,,,,,,,,,,,
2005,6,189,CAR,False,DE,DL,D,Vanderbilt,23.0,2011.0,0,0,3,0.0,Jovan Haye,DE,Vanderbilt,74.0,284.0,4.74,33.0,34.0,110.0,7.38,4.35,DL,12.0,,,,,,,,,,,,,,,,,,,,,,,,,,,,,,
2005,6,190,CIN,False,WR,WR,O,UCLA,23.0,2007.0,0,0,0,1.0,Tab Perry,WR,UCLA,74.0,229.0,4.46,,34.0,116.0,7.0,,WR,42.0,,,,,,,,,,,,,,,,,,,84.0,1547.0,18.4,6.0,36.8,,,,,,,
2005,6,191,MIN,False,DT,DL,D,Missouri,22.0,2015.0,0,0,1,2.0,C.J. Mosley,DT,Missouri,74.0,314.0,5.08,27.0,27.5,100.0,8.21,4.64,,,,,,,,,,,,,,,,,,,,,,,,,,,,,,,,
2005,7,194,JAX,False,LB,LB,D,North Carolina St.,22.0,2008.0,0,0,1,2.0,,,,,,,,,,,,,,,,,,,,,,,,,,,,,,,,,,,,,,,,,,,
2005,7,198,NYJ,False,TE,TE,O,Colorado St.,23.0,2013.0,0,0,4,0.0,Joel Dreessen,TE,Colorado State,76.0,260.0,4.72,22.0,36.0,113.0,7.09,4.01,TE,44.0,,,,,,,,,,,,,,,,,,,123.0,1295.0,10.5,10.0,29.4,,,,,,,
2005,7,199,KAN,False,DE,DL,D,Baylor,23.0,2005.0,0,0,0,0.0,Khari Long,DE,Baylor,76.0,257.0,4.74,27.0,38.5,121.0,7.22,4.07,DL,21.0,,,,,,,,,,,,,,,,,,,,,,,,,,,,,,
2005,7,200,DEN,False,G,OL,O,Miami (FL),23.0,2014.0,0,2,8,9.0,Chris Myers,OG,Miami (FL),77.0,300.0,5.11,25.0,,,,,,,,,,,,,,,,,,,,,,,,,,,,,,,,,,,,
2005,7,201,ATL,False,RB,RB,O,Michigan St.,24.0,2005.0,0,0,0,0.0,DeAndra Cobb,RB,Michigan State,70.0,196.0,4.49,17.0,34.0,118.0,7.13,4.25,RB,24.0,,,,,,,,,,,134.0,900.0,6.7,4.0,15.0,89.0,5.9,0.0,,,,,,,,,,,,
2005,7,202,IND,False,K,K,S,Michigan St.,22.0,2011.0,0,0,0,0.0,Dave Rayner,K,Michigan State,74.0,210.0,5.0,,,,,,,,,,,,,,,,,,,,,,,,,,,,,,,,,,,,,
2005,7,204,PIT,False,G,OL,O,Utah,22.0,2011.0,0,0,3,27.0,Chris Kemoeatu,OG,Utah,75.0,344.0,5.34,26.0,29.0,98.0,7.75,4.54,,,,,,,,,,,,,,,,,,,,,,,,,,,,,,,,
2005,7,205,SFO,False,DB,DB,D,Washington,23.0,2006.0,0,0,0,2.0,,,,,,,,,,,,DB,36.0,,,,,,,,,,,,,,,,,,,,,,,,,,,,,11.0,
2005,7,209,DAL,False,T,OL,O,Pittsburgh,23.0,2010.0,0,0,1,8.0,Rob Petitti,OT,Pittsburgh,78.0,347.0,5.48,,,,,,,,,,,,,,,,,,,,,,,,,,,,,,,,,,,,,
2005,7,210,STL,False,P,P,S,Ball St.,23.0,2012.0,0,0,0,0.0,Reggie Hodges,P,Ball State,72.0,226.0,4.88,,,,,,,,,,,,,,,,,,,,,,,,,,,,,,,,,,,,,
2005,7,212,OAK,False,DE,DL,D,California,24.0,2006.0,0,0,0,1.0,Ryan Riddle,DE,California,74.0,256.0,4.83,18.0,,,,,,,,,,,,,,,,,,,,,,,,,,,,,,,,,,,,
2005,7,218,TEN,False,DB,DB,D,Florida,23.0,2008.0,0,0,2,11.0,,,,,,,,,,,,DB,25.0,,,,,,,,,,,,,,,,,,,,,,,,,,,,,1.0,
2005,7,220,CHI,False,DB,DB,D,South Carolina,23.0,2010.0,0,0,0,6.0,,,,,,,,,,,,WR,9.0,,,,,,,,,,,,,,,,,,,1.0,8.0,8.0,0.0,0.9,,,,,,,
2005,7,222,WAS,False,FB,RB,O,The Citadel,22.0,2006.0,0,0,0,0.0,Nehemiah Broughton,RB,Citadel,71.0,250.0,4.59,25.0,30.0,108.0,7.54,4.28,,,,,,,,,,,,,,,,,,,,,,,,,,,,,,,,
2005,7,223,SFO,False,WR,WR,O,Oregon,22.0,2007.0,0,0,0,0.0,,,,,,,,,,,,WR,18.0,,,,,,,,,,,,,,,,,,,36.0,401.0,11.1,2.0,22.3,,,,,,,
2005,7,224,DAL,False,DE,DL,D,Auburn,24.0,2015.0,1,4,7,51.0,,,,,,,,,,,,TE,10.0,,,,,,,,,,,,,,,,,,,2.0,20.0,10.0,0.0,2.0,,,,,,,
2005,7,225,TAM,False,WR,WR,O,Utah,23.0,2006.0,0,0,0,0.0,Paris Warren,WR,Utah,72.0,219.0,4.71,,31.5,,,,WR,23.0,,,,,,,,,,,,,,,,,,,156.0,1885.0,12.1,16.0,82.0,,,,,,,
2005,7,226,ARI,False,WR,WR,O,Indiana (PA),23.0,2005.0,0,0,0,1.0,Leron McCoy,WR,Indiana (PA),73.0,211.0,4.4,,37.0,120.0,7.19,4.21,,,,,,,,,,,,,,,,,,,,,,,,,,,,,,,,
2005,7,230,NWE,False,QB,QB,O,USC,23.0,2018.0,0,1,6,18.0,,,,,,,,,,,,QB,33.0,,20.0,33.0,60.6,192.0,0.0,1.0,5.8,4.45,5.8,,,,,,,,,,,,,,,,,,,,
2005,7,232,NOR,False,DT,DL,D,Arizona St.,20.0,2005.0,0,0,0,0.0,Jimmy Verdon,DE,Arizona State,75.0,280.0,5.02,18.0,29.5,105.0,7.89,4.53,DL,24.0,,,,,,,,,,,,,,,,,,,,,,,,,,,,,,
2005,7,233,CIN,False,DE,DL,D,Utah,23.0,2011.0,0,0,1,12.0,,,,,,,,,,,,DL,11.0,,,,,,,,,,,,,,,,,,,,,,,,,,,,,,
2005,7,234,BAL,False,LB,LB,D,Texas Tech,24.0,2006.0,0,0,0,1.0,,,,,,,,,,,,LB,14.0,15.23125,,,,,,,,,,,,,,,,,,,,,,,,,,,,,
2005,7,235,SEA,False,LB,LB,D,Alabama,23.0,2005.0,0,0,0,1.0,Cornelius Wortham,OLB,Alabama,73.0,236.0,4.71,22.0,37.0,110.0,,4.38,LB,12.0,,,,,,,,,,,,,,,,,,,,,,,,,,,,,,
2005,7,237,JAX,False,DB,DB,D,Eastern Michigan,22.0,2008.0,0,0,0,0.0,,,,,,,,,,,,WR,24.0,,,,,,,,,,,,,,,,,,,74.0,717.0,9.7,9.0,29.9,,,,,,,
2005,7,239,DEN,False,K,K,S,Northern Arizona,23.0,2008.0,0,0,0,2.0,,,,,,,,,,,,,,,,,,,,,,,,,,,,,,,,,,,,,,,,,,,
2005,7,240,NYJ,False,WR,WR,O,Tuskegee,23.0,2007.0,0,0,0,0.0,,,,,,,,,,,,,,,,,,,,,,,,,,,,,,,,,,,,,,,,,,,
2005,7,241,ATL,False,DT,DL,D,South Carolina,22.0,2006.0,0,0,0,2.0,Darrell Shropshire,DT,South Carolina,74.0,301.0,4.87,25.0,34.0,116.0,7.54,4.31,,,,,,,,,,,,,,,,,,,,,,,,,,,,,,,,
2005,7,242,SDG,False,C,OL,O,Bowling Green,23.0,2011.0,0,0,1,15.0,Scott Mruczkowski,C,Bowling Green,76.0,321.0,5.29,28.0,,,,,,,,,,,,,,,,,,,,,,,,,,,,,,,,,,,,
2005,7,244,PIT,False,RB,RB,O,Northwestern,23.0,2006.0,0,0,0,0.0,Noah Herron,RB,Northwestern,71.0,224.0,4.6,17.0,31.0,108.0,6.95,3.97,RB,45.0,,,,,,,,,,,462.0,2524.0,5.5,26.0,72.0,781.0,10.8,2.0,,,,,,,,,,,,
2005,7,246,GNB,False,G,OL,O,Michigan St.,23.0,2005.0,0,0,1,6.0,,,,,,,,,,,,,,,,,,,,,,,,,,,,,,,,,,,,,,,,,,,
2005,7,247,PHI,False,DT,DL,D,Grand Valley St.,24.0,2005.0,0,0,0,0.0,,,,,,,,,,,,,,,,,,,,,,,,,,,,,,,,,,,,,,,,,,,
2005,7,248,SFO,False,TE,TE,O,Virginia,22.0,2007.0,0,0,0,0.0,,,,,,,,,,,,TE,47.0,,,,,,,,,,,,,,,,,,,28.0,252.0,9.0,5.0,5.4,,,,,,,
2005,7,249,SFO,False,TE,TE,O,Oklahoma St.,22.0,2013.0,0,0,4,0.0,Billy Bajema,TE,Oklahoma State,77.0,261.0,4.74,16.0,31.5,113.0,7.05,4.25,TE,46.0,,,,,,,,,,,,,,,,,,,52.0,709.0,13.6,4.0,15.4,,,,,,,
2005,7,250,STL,False,QB,QB,O,Harvard,22.0,2021.0,0,0,10,1.0,Ryan Fitzpatrick,QB,Harvard,74.0,232.0,4.86,,30.5,105.0,7.09,4.07,,,,,,,,,,,,,,,,,,,,,,,,,,,,,,,,
2005,7,251,STL,False,FB,RB,O,North Carolina,24.0,2010.0,0,0,4,1.0,Madison Hedgecock,FB,North Carolina,75.0,266.0,4.87,29.0,32.5,108.0,7.41,4.24,RB,36.0,,,,,,,,,,,34.0,130.0,3.8,2.0,6.0,42.0,7.0,0.0,,,,,,,,,,,,
2006,1,1,HOU,False,DE,DL,D,North Carolina St.,21.0,2016.0,1,4,9,36.0,Mario Williams,DE,North Carolina State,79.0,295.0,4.7,35.0,40.5,120.0,7.19,4.36,DL,12.0,,,,,,,,,,,,,,,,,,,,,,,,14.5,32.0,30.0,62.0,24.0,,
2006,1,2,NOR,False,RB,RB,O,USC,21.0,2016.0,0,0,8,34.0,Reggie Bush,RB,USC,71.0,201.0,4.37,,,,,,RB,39.0,,,,,,,,,,,433.0,3169.0,7.3,25.0,95.0,1301.0,13.7,13.0,,,,,,,,,,,,
2006,1,3,TEN,False,QB,QB,O,Texas,23.0,2011.0,0,2,4,31.0,Vince Young,QB,Texas,77.0,229.0,4.48,,,,,,QB,37.0,,444.0,718.0,61.8,6040.0,44.0,28.0,8.4,7.88,163.2,,,,,,,,,,,,,,,,,,,,
2006,1,4,NYJ,False,T,OL,O,Virginia,22.0,2015.0,0,3,10,58.0,D'Brickashaw Ferguson,OT,Virginia,78.0,312.0,5.08,,,,,,,,,,,,,,,,,,,,,,,,,,,,,,,,,,,,,
2006,1,5,GNB,False,LB,LB,D,Ohio St.,22.0,2016.0,0,1,10,52.0,A.J. Hawk,OLB,Ohio State,73.0,248.0,4.59,24.0,40.0,115.0,6.82,3.96,LB,51.0,,,,,,,,,,,,,,,,,,,,,,,,9.5,69.0,52.0,121.0,16.5,,
2006,1,6,SFO,False,TE,TE,O,Maryland,22.0,2019.0,0,2,11,42.0,Vernon Davis,TE,Maryland,75.0,254.0,4.38,33.0,42.0,128.0,7.0,4.17,WR,35.0,2.82,,,,,,,,,,,,,,,,,,83.0,1371.0,16.5,9.0,39.2,,,,,,,
2006,1,7,OAK,False,DB,DB,D,Texas,23.0,2013.0,0,0,6,33.0,Michael Huff,S,Texas,72.0,204.0,4.34,21.0,40.5,125.0,,,DB,51.0,,,,,,,,,,,,,,,,,,,,,,,,,,,,,7.0,
2006,1,8,BUF,False,DB,DB,D,Ohio St.,21.0,2016.0,0,2,10,19.0,Donte Whitner,S,Ohio State,70.0,204.0,4.4,18.0,40.0,132.0,,,DB,34.0,,,,,,,,,,,,,,,,,,,,,,,,,,,,,5.0,
2006,1,9,DET,False,LB,LB,D,Florida St.,21.0,2013.0,0,0,4,18.0,Ernie Sims,OLB,Florida State,71.0,231.0,4.5,25.0,41.0,125.0,7.31,4.22,LB,37.0,,,,,,,,,,,,,,,,,,,,,,,,2.5,22.0,50.0,72.0,10.0,,
2006,1,10,ARI,False,QB,QB,O,USC,23.0,2012.0,0,0,1,12.0,Matt Leinart,QB,USC,77.0,223.0,4.9,,,,,,QB,39.0,,807.0,1245.0,64.8,10693.0,99.0,23.0,8.6,9.35,274.2,,,,,,,,,,,,,,,,,,,,
2006,1,11,DEN,False,QB,QB,O,Vanderbilt,23.0,2017.0,0,1,10,28.0,Jay Cutler,QB,Vanderbilt,75.0,226.0,4.77,23.0,,,7.1,4.26,QB,45.0,,710.0,1242.0,57.2,8697.0,59.0,36.0,7.0,6.65,193.3,,,,,,,,,,,,,,,,,,,,
2006,1,12,BAL,False,DT,DL,D,Oregon,22.0,2018.0,2,5,12,92.0,Haloti Ngata,DT,Oregon,76.0,338.0,5.13,37.0,31.5,110.0,7.95,4.65,DL,12.0,,,,,,,,,,,,,,,,,,,,,,,,3.0,32.0,29.0,61.0,9.0,,
2006,1,13,CLE,False,DE,DL,D,Florida St.,22.0,2014.0,0,0,8,24.0,Kamerion Wimbley,DE,Florida State,76.0,248.0,4.61,24.0,38.5,129.0,6.97,4.48,DL,12.0,,,,,,,,,,,,,,,,,,,,,,,,,,,,,,
2006,1,14,PHI,False,DT,DL,D,Florida St.,22.0,2014.0,0,0,7,25.0,Brodrick Bunkley,DT,Florida State,75.0,306.0,5.01,44.0,32.5,113.0,,,DL,13.0,,,,,,,,,,,,,,,,,,,,,,,,9.0,39.0,27.0,66.0,25.0,,
2006,1,15,STL,False,DB,DB,D,Clemson,24.0,2010.0,0,0,0,7.0,Tye Hill,CB,Clemson,70.0,185.0,4.34,,41.0,129.0,6.63,4.01,DB,25.0,,,,,,,,,,,,,,,,,,,,,,,,,,,,,5.0,
2006,1,16,MIA,False,DB,DB,D,Tennessee,23.0,2012.0,0,0,1,9.0,Jason Allen,S,Tennessee,73.0,209.0,4.39,17.0,39.5,131.0,6.75,3.81,DB,31.0,,,,,,,,,,,,,,,,,,,,,,,,,,,,,4.0,2.0
2006,1,17,MIN,False,LB,LB,D,Iowa,23.0,2016.0,0,2,10,66.0,Chad Greenway,OLB,Iowa,74.0,242.0,4.76,16.0,33.5,117.0,7.0,4.22,LB,37.0,,,,,,,,,,,,,,,,,,,,,,,,2.0,92.0,64.0,156.0,10.0,,
2006,1,18,DAL,False,LB,LB,D,Ohio St.,23.0,2012.0,0,0,0,5.0,Bobby Carpenter,OLB,Ohio State,74.0,256.0,4.65,,,,,,LB,23.0,,,,,,,,,,,,,,,,,,,,,,,,8.0,33.0,16.0,49.0,10.5,,
2006,1,19,SDG,False,DB,DB,D,Florida St.,22.0,2016.0,1,4,8,26.0,Antonio Cromartie,CB,Florida State,74.0,208.0,4.47,18.0,38.0,132.0,,,DB,25.0,,,,,,,,,,,,,,,,,,,,,,,,,,,,,5.0,
2006,1,20,KAN,False,DE,DL,D,Penn St.,22.0,2017.0,0,5,10,75.0,Tamba Hali,DE,Penn State,75.0,275.0,4.87,,,,,,DL,23.0,,,,,,,,,,,,,,,,,,,,,,,,11.0,27.0,38.0,65.0,17.0,,
2006,1,21,NWE,False,RB,RB,O,Minnesota,21.0,2010.0,0,0,0,25.0,Laurence Maroney,RB,Minnesota,72.0,217.0,4.48,,,,,,RB,36.0,,,,,,,,,,,660.0,3933.0,6.0,32.0,21.0,197.0,9.4,1.0,,,,,,,,,,,,
2006,1,22,SFO,False,DE,DL,D,North Carolina St.,22.0,2015.0,0,0,7,23.0,Manny Lawson,OLB,North Carolina State,77.0,241.0,4.43,23.0,39.5,124.0,6.9,4.18,LB,39.0,,,,,,,,,,,,,,,,,,,,,,,,10.5,33.0,25.0,58.0,19.5,,
2006,1,23,TAM,False,G,OL,O,Oklahoma,22.0,2014.0,0,2,8,38.0,Davin Joseph,OG,Oklahoma,75.0,311.0,5.09,24.0,32.0,111.0,,4.97,OL,12.0,,,,,,,,,,,,,,,,,,,,,,,,,,,,,,
2006,1,24,CIN,False,DB,DB,D,South Carolina,22.0,2020.0,0,2,15,19.0,Johnathan Joseph,CB,South Carolina,71.0,193.0,4.31,15.0,37.0,123.0,6.92,4.23,DB,12.0,,,,,,,,,,,,,,,,,,,,,,,,,,,,,4.0,
2006,1,25,PIT,False,WR,WR,O,Ohio St.,22.0,2014.0,0,0,6,35.0,Santonio Holmes,WR,Ohio State,71.0,188.0,4.35,,,,,,WR,36.0,,,,,,,,,,,,,,,,,,,140.0,2295.0,16.4,25.0,63.8,,,,,,,
2006,1,26,BUF,False,DT,DL,D,North Carolina St.,23.0,2011.0,0,0,0,4.0,John McCargo,DT,North Carolina State,73.0,302.0,5.15,25.0,30.5,110.0,7.79,4.48,DL,18.0,,,,,,,,,,,,,,,,,,,,,,,,0.5,10.0,14.0,24.0,9.0,,
2006,1,27,CAR,False,RB,RB,O,Memphis,23.0,2016.0,0,1,6,51.0,DeAngelo Williams,RB,Memphis,69.0,214.0,4.45,25.0,35.5,121.0,,,RB,44.0,,,,,,,,,,,969.0,6026.0,6.2,55.0,70.0,723.0,10.3,5.0,,,,,,,,,,,,
2006,1,28,JAX,False,TE,TE,O,UCLA,22.0,2025.0,0,1,15,33.0,Marcedes Lewis,TE,UCLA,78.0,261.0,4.8,23.0,37.0,118.0,7.24,4.82,TE,49.0,,,,,,,,,,,,,,,,,,,126.0,1571.0,12.5,21.0,32.1,,,,,,,
2006,1,29,NYJ,False,C,OL,O,Ohio St.,22.0,2016.0,2,7,11,73.0,Nick Mangold,C,Ohio State,76.0,300.0,5.05,24.0,27.5,104.0,7.47,4.36,,,,,,,,,,,,,,,,,,,,,,,,,,,,,,,,
2006,1,30,IND,False,RB,RB,O,LSU,23.0,2011.0,0,1,4,50.0,Joseph Addai,RB,LSU,71.0,214.0,4.4,18.0,38.5,125.0,7.09,4.47,RB,51.0,,,,,,,,,,,490.0,2576.0,5.3,18.0,66.0,641.0,9.7,6.0,,,,,,,,,,,,
2006,1,31,SEA,False,DB,DB,D,Miami (FL),23.0,2011.0,0,0,2,17.0,Kelly Jennings,CB,Miami (FL),71.0,178.0,4.39,,40.0,120.0,,4.0,DB,48.0,,,,,,,,,,,,,,,,,,,,,,,,,,,,,6.0,
2006,1,32,NYG,False,DE,DL,D,Boston Col.,23.0,2014.0,0,0,5,37.0,Mathias Kiwanuka,DE,Boston Col.,78.0,266.0,4.7,17.0,32.0,120.0,7.27,4.13,DL,36.0,,,,,,,,,,,,,,,,,,,,,,,,9.5,34.0,17.0,51.0,16.5,,
2006,2,33,HOU,False,LB,LB,D,Alabama,22.0,2015.0,0,2,8,39.0,DeMeco Ryans,OLB,Alabama,73.0,236.0,4.65,23.0,39.0,129.0,7.19,4.17,LB,24.0,,,,,,,,,,,,,,,,,,,,,,,,5.0,41.0,35.0,76.0,11.5,,
2006,2,34,CLE,False,LB,LB,D,Maryland,22.0,2016.0,0,1,9,40.0,D'Qwell Jackson,ILB,Maryland,72.0,230.0,4.73,19.0,37.0,116.0,7.05,4.36,LB,34.0,,,,,,,,,,,,,,,,,,,,,,,,4.0,56.0,81.0,137.0,6.5,,
2006,2,35,WAS,False,LB,LB,D,Miami (FL),23.0,2013.0,0,0,5,33.0,Rocky McIntosh,OLB,Miami (FL),74.0,237.0,4.62,18.0,41.5,119.0,,,,,,,,,,,,,,,,,,,,,,,,,,,,,,,,,,
2006,2,36,NWE,False,WR,WR,O,Florida,21.0,2008.0,0,0,0,2.0,Chad Jackson,WR,Florida,73.0,213.0,4.32,,38.5,122.0,6.73,3.97,WR,37.0,,,,,,,,,,,,,,,,,,,120.0,1586.0,13.2,16.0,42.9,,,,,,,
2006,2,37,ATL,False,DB,DB,D,Virginia Tech,22.0,2007.0,0,0,0,5.0,Jimmy Williams,CB,Virginia Tech,74.0,213.0,4.44,,,,,,DB,53.0,-3.490740740740741,,,,,,,,,,,,,,,,,,,,,,,,,,,,9.0,
2006,2,38,OAK,False,LB,LB,D,Texas-El Paso,23.0,2013.0,0,0,5,25.0,Thomas Howard,OLB,Texas-El Paso,75.0,239.0,4.42,21.0,39.0,124.0,6.96,4.28,LB,37.0,,,,,,,,,,,,,,,,,,,,,,,,3.0,47.0,38.0,85.0,7.0,,
2006,2,39,PHI,False,T,OL,O,USC,21.0,2013.0,0,0,3,16.0,Winston Justice,OT,USC,78.0,319.0,5.16,,35.0,110.0,7.31,4.53,OL,13.0,,,,,,,,,,,,,,,,,,,,,,,,,,,,,,
2006,2,40,DET,False,DB,DB,D,Nebraska,23.0,2008.0,0,0,1,7.0,Daniel Bullocks,S,Nebraska,72.0,212.0,4.38,18.0,38.0,124.0,6.91,4.16,DB,36.0,,,,,,,,,,,,,,,,,,,,,,,,,,,,,8.0,
2006,2,41,ARI,False,G,OL,O,USC,23.0,2012.0,0,0,5,32.0,Deuce Lutui,OG,USC,76.0,334.0,5.35,26.0,28.0,97.0,8.04,4.76,,,,,,,,,,,,,,,,,,,,,,,,,,,,,,,,
2006,2,42,CHI,False,DB,DB,D,Abilene Christian,24.0,2014.0,0,0,6,21.0,Danieal Manning,CB,Abilene Christian,71.0,202.0,4.48,17.0,39.0,123.0,7.23,4.07,,,,,,,,,,,,,,,,,,,,,,,,,,,,,,,,
2006,2,43,NOR,False,DB,DB,D,Alabama,23.0,2016.0,0,2,8,40.0,Roman Harper,S,Alabama,72.0,198.0,4.5,19.0,,,,,DB,37.0,,,,,,,,,,,,,,,,,,,,,,,,,,,,,5.0,
2006,2,44,NYG,False,WR,WR,O,Miami (FL),22.0,2009.0,0,0,0,4.0,Sinorice Moss,WR,Miami (FL),68.0,185.0,4.38,,,,,,WR,48.0,,,,,,,,,,,,,,,,,,,68.0,1106.0,16.3,9.0,23.0,,,,,,,
2006,2,45,TEN,False,RB,RB,O,USC,21.0,2009.0,0,0,1,14.0,LenDale White,RB,USC,72.0,238.0,4.49,,,,,,RB,39.0,,,,,,,,,,,541.0,3159.0,5.8,52.0,31.0,331.0,10.7,5.0,,,,,,,,,,,,
2006,2,46,STL,False,TE,TE,O,Colorado,22.0,2009.0,0,0,3,3.0,Joe Klopfenstein,TE,Colorado,78.0,255.0,4.63,27.0,36.0,112.0,7.39,4.21,TE,37.0,,,,,,,,,,,,,,,,,,,86.0,1076.0,12.5,13.0,29.1,,,,,,,
2006,2,47,GNB,False,T,OL,O,Boise St.,24.0,2014.0,0,0,9,38.0,Daryn Colledge,OT,Boise State,76.0,299.0,5.05,21.0,32.5,110.0,7.43,4.58,,,,,,,,,,,,,,,,,,,,,,,,,,,,,,,,
2006,2,48,MIN,False,DB,DB,D,Texas,23.0,2012.0,0,0,4,23.0,Cedric Griffin,S,Texas,72.0,199.0,4.51,17.0,35.5,125.0,6.84,4.1,DB,51.0,,,,,,,,,,,,,,,,,,,,,,,,,,,,,3.0,
2006,2,49,NYJ,False,QB,QB,O,Oregon,23.0,2017.0,0,0,2,3.0,Kellen Clemens,QB,Oregon,74.0,224.0,4.89,,,,,,QB,37.0,,613.0,1005.0,61.0,7555.0,61.0,24.0,7.5,7.66,204.2,,,,,,,,,,,,,,,,,,,,
2006,2,50,SDG,False,T,OL,O,Auburn,22.0,2011.0,0,2,6,48.0,Marcus McNeill,OT,Auburn,80.0,336.0,5.07,,31.0,98.0,8.19,5.0,OL,11.0,,,,,,,,,,,,,,,,,,,,,,,,,,,,,,
2006,2,51,MIN,False,C,OL,O,New Mexico,23.0,2012.0,0,0,3,17.0,Ryan Cook,OT,New Mexico,79.0,328.0,5.47,28.0,26.5,97.0,7.93,4.66,,,,,,,,,,,,,,,,,,,,,,,,,,,,,,,,
2006,2,52,GNB,False,WR,WR,O,Western Michigan,22.0,2015.0,0,2,8,55.0,Greg Jennings,WR,West. Michigan,71.0,197.0,4.42,,36.5,117.0,6.68,4.16,WR,42.0,,,,,,,,,,,,,,,,,,,238.0,3539.0,14.9,39.0,84.3,,,,,,,
2006,2,53,DAL,False,TE,TE,O,Notre Dame,22.0,2017.0,0,0,8,2.0,Anthony Fasano,TE,Notre Dame,76.0,259.0,4.72,19.0,33.5,112.0,6.94,4.34,TE,34.0,,,,,,,,,,,,,,,,,,,92.0,1112.0,12.1,8.0,32.7,,,,,,,
2006,2,54,KAN,False,DB,DB,D,Purdue,21.0,2014.0,0,1,7,11.0,Bernard Pollard,S,Purdue,74.0,224.0,4.57,,36.5,131.0,,,DB,23.0,,,,,,,,,,,,,,,,,,,,,,,,,,,,,4.0,
2006,2,55,CIN,False,T,OL,O,LSU,24.0,2021.0,2,4,16,66.0,Andrew Whitworth,OT,LSU,79.0,334.0,5.16,28.0,30.5,112.0,8.23,4.83,,,,,,,,,,,,,,,,,,,,,,,,,,,,,,,,
2006,2,56,BAL,False,G,OL,O,Oklahoma,23.0,2016.0,0,0,9,18.0,Chris Chester,C,Oklahoma,75.0,303.0,4.83,27.0,31.5,106.0,7.31,4.5,TE,9.0,,,,,,,,,,,,,,,,,,,2.0,25.0,12.5,1.0,2.8,,,,,,,
2006,2,57,CHI,True,DB,DB,D,Miami (FL),23.0,2016.0,3,4,3,43.0,Devin Hester,WR,Miami (FL),71.0,190.0,4.41,16.0,38.0,124.0,,,WR,32.0,,,,,,,,,,,,,,,,,,,10.0,196.0,19.6,0.0,6.1,,,,,,,
2006,2,58,CAR,False,DB,DB,D,Fresno St.,21.0,2014.0,0,0,3,23.0,Richard Marshall,CB,Fresno State,71.0,189.0,4.42,12.0,37.0,129.0,6.65,4.16,DB,38.0,,,,,,,,,,,,,,,,,,,,,,,,,,,,,9.0,
2006,2,59,TAM,False,T,OL,O,Boston Col.,23.0,2013.0,0,0,6,31.0,Jeremy Trueblood,OT,Boston Col.,80.0,316.0,5.25,20.0,27.5,96.0,7.82,4.68,,,,,,,,,,,,,,,,,,,,,,,,,,,,,,,,
2006,2,60,JAX,False,RB,RB,O,UCLA,21.0,2014.0,1,3,4,73.0,Maurice Jones-Drew,RB,UCLA,67.0,207.0,4.39,18.0,36.0,116.0,7.08,4.38,RB,36.0,,,,,,,,,,,481.0,2503.0,5.2,26.0,64.0,819.0,12.8,7.0,,,,,,,,,,,,
2006,2,61,DEN,False,TE,TE,O,Western Michigan,23.0,2013.0,0,0,2,16.0,Tony Scheffler,TE,West. Michigan,77.0,254.0,4.54,17.0,33.5,115.0,6.81,4.01,WR,35.0,,,,,,,,,,,,,,,,,,,117.0,1345.0,11.5,13.0,38.4,,,,,,,
2006,2,62,IND,False,DB,DB,D,Georgia,22.0,2015.0,0,2,6,9.0,Tim Jennings,CB,Georgia,68.0,185.0,4.32,17.0,37.5,117.0,,,DB,50.0,,,,,,,,,,,,,,,,,,,,,,,,,,,,,10.0,
2006,2,63,SEA,False,DE,DL,D,Virginia Tech,21.0,2017.0,0,0,2,21.0,Darryl Tapp,DE,Virginia Tech,74.0,252.0,4.83,27.0,33.0,109.0,7.31,4.48,DL,40.0,,,,,,,,,,,,,,,,,,,,,,,,10.0,27.0,21.0,48.0,14.5,,
2006,2,64,MIN,False,QB,QB,O,Alabama St.,23.0,2015.0,0,0,2,13.0,Tarvaris Jackson,QB,Arkansas,74.0,226.0,4.69,22.0,31.5,107.0,7.4,4.38,QB,11.0,,17.0,48.0,35.4,196.0,1.0,3.0,4.1,1.69,17.8,,,,,,,,,,,,,,,,,,,,
2006,3,65,HOU,False,G,OL,O,Pittsburgh,24.0,2006.0,0,0,0,1.0,Charles Spencer,OG,Pittsburgh,77.0,352.0,5.25,30.0,,,,,,,,,,,,,,,,,,,,,,,,,,,,,,,,,,,,
2006,3,66,HOU,False,T,OL,O,Miami (FL),22.0,2017.0,0,0,7,41.0,Eric Winston,OT,Miami (FL),79.0,310.0,4.94,,29.0,108.0,7.47,4.44,TE,12.0,,,,,,,,,,,,,,,,,,,2.0,13.0,6.5,0.0,1.1,,,,,,,
2006,3,67,GNB,False,LB,LB,D,Iowa,23.0,2010.0,0,0,0,1.0,Abdul Hodge,ILB,Iowa,72.0,236.0,4.76,,31.0,108.0,7.09,4.3,LB,25.0,,,,,,,,,,,,,,,,,,,,,,,,1.0,96.0,62.0,158.0,11.0,,
2006,3,68,STL,False,DT,DL,D,LSU,22.0,2007.0,0,0,0,2.0,Claude Wroten,DT,LSU,74.0,302.0,5.08,,,,,,DL,13.0,,,,,,,,,,,,,,,,,,,,,,,,4.5,17.0,27.0,44.0,10.5,,
2006,3,69,OAK,False,T,OL,O,Weber St.,23.0,2014.0,0,0,2,4.0,Paul McQuistan,OT,Weber State,78.0,312.0,5.07,28.0,29.5,110.0,7.72,4.62,,,,,,,,,,,,,,,,,,,,,,,,,,,,,,,,
2006,3,70,BUF,False,DB,DB,D,Ohio St.,22.0,2011.0,0,0,0,5.0,Ashton Youboty,CB,Ohio State,72.0,189.0,4.44,,,,,,DB,24.0,,,,,,,,,,,,,,,,,,,,,,,,,,,,,5.0,
2006,3,71,PHI,False,DE,DL,D,Cal Poly-San Luis Obispo,22.0,2011.0,0,0,5,15.0,Chris Gocong,DE,Cal Poly,74.0,263.0,4.7,28.0,38.5,123.0,7.05,4.08,,,,,,,,,,,,,,,,,,,,,,,,,,,,,,,,
2006,3,72,ARI,False,TE,TE,O,Georgia,22.0,2012.0,0,0,4,4.0,Leonard Pope,TE,Georgia,80.0,258.0,4.62,22.0,37.5,118.0,7.47,4.67,TE,36.0,,,,,,,,,,,,,,,,,,,65.0,1044.0,16.1,10.0,29.0,,,,,,,
2006,3,73,CHI,False,DT,DL,D,Oklahoma,25.0,2008.0,0,0,1,6.0,Dusty Dvoracek,DT,Oklahoma,75.0,306.0,5.01,31.0,34.0,110.0,7.62,4.35,LB,12.0,,,,,,,,,,,,,,,,,,,,,,,,4.0,17.0,22.0,39.0,13.5,,
2006,3,74,DET,False,RB,RB,O,Wisconsin,22.0,2007.0,0,0,0,1.0,Brian Calhoun,RB,Wisconsin,69.0,201.0,4.57,18.0,31.5,124.0,7.05,4.2,RB,39.0,,,,,,,,,,,619.0,2760.0,4.5,27.0,90.0,909.0,10.1,4.0,,,,,,,,,,,,
2006,3,75,GNB,False,G,OL,O,Louisville,23.0,2011.0,0,0,3,24.0,Jason Spitz,OG,Louisville,75.0,313.0,5.4,25.0,28.5,102.0,7.82,4.55,OL,12.0,,,,,,,,,,,,,,,,,,,,,,,,,,,,,,
2006,3,76,NYJ,False,LB,LB,D,Ohio St.,25.0,2007.0,0,0,0,0.0,Anthony Schlegel,ILB,Ohio State,72.0,250.0,4.88,21.0,32.0,111.0,7.41,4.38,LB,12.0,,,,,,,,,,,,,,,,,,,,,,,,2.0,43.0,39.0,82.0,7.0,,
2006,3,77,STL,False,LB,LB,D,Stanford,23.0,2009.0,0,0,0,0.0,Jon Alston,OLB,Stanford,73.0,223.0,4.5,30.0,40.0,132.0,6.9,4.13,LB,22.0,,,,,,,,,,,,,,,,,,,,,,,,6.5,31.0,21.0,52.0,9.5,,
2006,3,78,CLE,False,WR,WR,O,Oklahoma,22.0,2006.0,0,0,0,0.0,Travis Wilson,WR,Oklahoma,74.0,214.0,4.47,,36.5,120.0,6.7,3.99,WR,44.0,3.5522388059701497,,,,,,,,,,,,,,,,,,105.0,1315.0,12.5,17.0,29.9,,,,,,,
2006,3,79,ATL,False,RB,RB,O,Mississippi St.,23.0,2011.0,0,0,0,20.0,Jerious Norwood,RB,Mississippi State,72.0,210.0,4.4,15.0,36.5,122.0,6.81,4.25,RB,46.0,,,,,,,,,,,573.0,3222.0,5.6,15.0,43.0,186.0,4.3,2.0,,,,,,,,,,,,
2006,3,80,JAX,False,LB,LB,D,Oklahoma,23.0,2009.0,0,0,3,21.0,Clint Ingram,OLB,Oklahoma,74.0,244.0,4.65,22.0,41.0,,7.12,4.1,LB,12.0,,,,,,,,,,,,,,,,,,,,,,,,5.0,35.0,26.0,61.0,10.5,,
2006,3,81,SDG,False,QB,QB,O,Clemson,24.0,2016.0,0,0,0,0.0,Charlie Whitehurst,QB,Clemson,77.0,223.0,4.75,,33.0,112.0,7.0,4.11,QB,44.0,,817.0,1368.0,59.7,9665.0,49.0,46.0,7.1,6.27,219.7,,,,,,,,,,,,,,,,,,,,
2006,3,82,MIA,False,WR,WR,O,Arizona St.,21.0,2014.0,0,0,0,5.0,Derek Hagan,WR,Arizona State,74.0,208.0,4.45,,36.0,124.0,,4.07,WR,50.0,,,,,,,,,,,,,,,,,,,258.0,3939.0,15.3,27.0,78.8,,,,,,,
2006,3,83,PIT,False,DB,DB,D,Syracuse,22.0,2011.0,0,0,1,9.0,Anthony Smith,S,Syracuse,72.0,194.0,4.71,18.0,41.0,125.0,6.75,4.35,DB,46.0,-14.456410256410257,,,,,,,,,,,,,,,,,,,,,,,,,,,,14.0,
2006,3,84,SFO,False,WR,WR,O,Wisconsin,22.0,2007.0,0,0,0,0.0,Brandon Williams,WR,Wisconsin,69.0,179.0,4.48,,34.5,115.0,6.87,4.07,WR,52.0,3.719230769230769,,,,,,,,,,,,,,,,,,202.0,2924.0,14.5,10.0,56.2,,,,,,,
2006,3,85,KAN,False,QB,QB,O,Alabama,23.0,2010.0,0,0,0,2.0,Brodie Croyle,QB,Alabama,74.0,205.0,4.88,,30.5,104.0,7.34,4.25,QB,39.0,,488.0,869.0,56.2,6382.0,41.0,22.0,7.3,7.15,163.6,,,,,,,,,,,,,,,,,,,,
2006,3,86,NWE,False,TE,TE,O,Texas,23.0,2012.0,0,0,3,3.0,David Thomas,TE,Texas,75.0,252.0,4.67,19.0,37.5,113.0,7.05,4.34,TE,51.0,,,,,,,,,,,,,,,,,,,98.0,1367.0,13.9,15.0,26.8,,,,,,,
2006,3,87,BAL,False,DB,DB,D,Northwestern St. (LA),22.0,2007.0,0,0,0,1.0,David Pittman,CB,NW State (LA),71.0,182.0,4.44,14.0,36.0,128.0,,4.23,,,,,,,,,,,,,,,,,,,,,,,,,,,,,,,,
2006,3,88,CAR,False,LB,LB,D,Virginia Tech,22.0,2015.0,0,0,4,25.0,James Anderson,OLB,Virginia Tech,75.0,229.0,4.59,,41.0,121.0,6.67,4.07,LB,26.0,,,,,,,,,,,,,,,,,,,,,,,,3.0,41.0,41.0,82.0,8.5,,
2006,3,90,TAM,False,WR,WR,O,Notre Dame,21.0,2012.0,0,0,0,5.0,Maurice Stovall,WR,Notre Dame,76.0,217.0,4.57,,35.0,122.0,6.81,4.14,WR,46.0,,,,,,,,,,,,,,,,,,,130.0,2195.0,16.9,18.0,47.7,,,,,,,
2006,3,91,CIN,False,DE,DL,D,USC,22.0,2018.0,0,0,5,10.0,Frostee Rucker,DE,USC,75.0,267.0,4.88,,29.5,110.0,,,DL,26.0,,,,,,,,,,,,,,,,,,,,,,,,6.5,37.0,21.0,58.0,13.0,,
2006,3,92,DAL,False,DE,DL,D,Grambling St.,24.0,2015.0,0,1,5,23.0,Jason Hatcher,DE,Grambling State,78.0,284.0,4.82,28.0,35.5,113.0,7.67,4.49,,,,,,,,,,,,,,,,,,,,,,,,,,,,,,,,
2006,3,93,STL,False,TE,TE,O,USC,22.0,2011.0,0,0,0,0.0,Dominique Byrd,TE,USC,75.0,255.0,4.79,,,,,,TE,27.0,,,,,,,,,,,,,,,,,,,80.0,958.0,12.0,4.0,35.5,,,,,,,
2006,3,94,IND,False,LB,LB,D,San Diego St.,23.0,2009.0,0,0,2,15.0,Freddy Keiaho,ILB,San Diego State,71.0,224.0,4.68,15.0,36.0,113.0,7.01,4.12,LB,30.0,,,,,,,,,,,,,,,,,,,,,,,,1.0,68.0,45.0,113.0,11.5,,
2006,3,95,PIT,False,WR,WR,O,Florida St.,23.0,2007.0,0,0,0,1.0,Willie Reid,WR,Florida State,70.0,188.0,4.34,,37.5,117.0,7.06,4.26,RB,23.0,,,,,,,,,,,61.0,289.0,4.7,3.0,26.0,226.0,8.7,1.0,,,,,,,,,,,,
2006,3,96,NYG,False,LB,LB,D,Georgia Tech,23.0,2010.0,0,0,0,6.0,Gerris Wilkinson,ILB,Georgia Tech,75.0,233.0,4.66,19.0,39.0,122.0,7.21,4.17,LB,24.0,,,,,,,,,,,,,,,,,,,,,,,,4.0,44.0,41.0,85.0,9.0,,
2006,4,97,NYJ,False,DB,DB,D,Michigan St.,23.0,2012.0,0,0,1,18.0,Eric Smith,S,Michigan State,73.0,209.0,4.63,21.0,40.0,127.0,6.89,4.1,DB,20.0,13.74255319148936,,,,,,,,,,,,,,,,,,,,,,,,,,,,4.0,
2006,4,98,HOU,False,TE,TE,O,Wisconsin,23.0,2015.0,0,2,9,35.0,Owen Daniels,TE,Wisconsin,75.0,253.0,4.65,23.0,34.5,114.0,6.87,4.1,WR,37.0,,,,,,,,,,,,,,,,,,,62.0,852.0,13.7,8.0,23.0,,,,,,,
2006,4,99,PHI,False,G,OL,O,Georgia,22.0,2010.0,0,0,2,14.0,Max Jean-Gilles,OG,Georgia,76.0,355.0,5.48,27.0,24.5,95.0,8.56,5.08,OL,,,,,,,,,,,,,,,,,,,,,,,,,,,,,,,
2006,4,100,SFO,False,WR,WR,O,Penn St.,23.0,2013.0,0,1,1,4.0,Michael Robinson,WR,Penn State,73.0,227.0,4.57,,,,,,QB,45.0,1.1,248.0,505.0,49.1,3531.0,23.0,21.0,7.0,6.03,78.5,,,,,,,,,,,,,,,,,,,,
2006,4,102,TEN,False,DB,DB,D,Penn St.,23.0,2008.0,0,0,0,6.0,Calvin Lowry,S,Penn State,71.0,200.0,4.54,15.0,36.0,120.0,7.16,4.2,DB,39.0,,,,,,,,,,,,,,,,,,,,,,,,,,,,,9.0,
2006,4,103,NYJ,False,QB,QB,O,Missouri,22.0,2014.0,0,0,1,12.0,Brad Smith,WR,Missouri,74.0,213.0,4.46,,39.5,128.0,7.0,4.33,QB,48.0,7.859259259259259,835.0,1484.0,56.3,8799.0,56.0,33.0,5.9,5.68,183.3,,,,,,,,,,,,,,,,,,,,
2006,4,105,BUF,False,DB,DB,D,South Carolina,22.0,2009.0,0,0,2,10.0,Ko Simpson,S,South Carolina,73.0,209.0,4.45,11.0,40.5,122.0,7.09,4.17,DB,23.0,,,,,,,,,,,,,,,,,,,,,,,,,,,,,7.0,
2006,4,107,ARI,False,DT,DL,D,Michigan,22.0,2010.0,0,0,1,11.0,Gabe Watson,DT,Michigan,75.0,339.0,5.27,36.0,25.0,96.0,8.28,4.8,DL,12.0,9.7,,,,,,,,,,,,,,,,,,,,,,,2.0,25.0,15.0,40.0,6.5,,
2006,4,108,NOR,False,T,OL,O,Bloomsburg,23.0,2017.0,4,6,12,110.0,Jahri Evans,OT,Texas A&M,76.0,316.0,5.25,20.0,27.0,95.0,7.97,4.8,,,,,,,,,,,,,,,,,,,,,,,,,,,,,,,,
2006,4,109,PHI,False,WR,WR,O,Michigan,23.0,2015.0,0,0,3,25.0,Jason Avant,WR,Michigan,72.0,212.0,4.62,20.0,37.0,118.0,,,WR,47.0,,,,,,,,,,,,,,,,,,,169.0,2247.0,13.3,13.0,47.8,,,,,,,
2006,4,110,CLE,False,LB,LB,D,Miami (FL),23.0,2012.0,0,0,0,8.0,Leon Williams,ILB,Miami (FL),75.0,245.0,4.54,25.0,,,,,LB,11.0,,,,,,,,,,,,,,,,,,,,,,,,0.0,35.0,19.0,54.0,3.5,,
2006,4,111,BAL,False,WR,WR,O,Oregon,23.0,2010.0,0,0,0,9.0,Demetrius Williams,WR,Oregon,74.0,197.0,4.52,,38.0,127.0,6.84,4.08,WR,45.0,,,,,,,,,,,,,,,,,,,162.0,2660.0,16.4,20.0,59.1,,,,,,,
2006,4,112,CLE,False,T,OL,O,Indiana,24.0,2008.0,0,0,0,1.0,Isaac Sowells,OG,Indiana,75.0,324.0,5.15,20.0,28.5,101.0,8.13,4.98,,,,,,,,,,,,,,,,,,,,,,,,,,,,,,,,
2006,4,113,STL,False,DE,DL,D,Indiana,23.0,2009.0,0,0,2,13.0,Victor Adeyanju,DE,Indiana,76.0,274.0,4.86,22.0,32.0,112.0,7.37,4.41,DL,22.0,,,,,,,,,,,,,,,,,,,,,,,,6.5,32.0,15.0,47.0,12.0,,
2006,4,115,GNB,False,DB,DB,D,Boston Col.,21.0,2016.0,0,0,2,6.0,Will Blackmon,CB,Boston Col.,72.0,198.0,4.47,,41.0,133.0,6.67,4.23,DB,36.0,,,,,,,,,,,,,,,,,,,,,,,,,,,,,8.0,
2006,4,116,TEN,False,LB,LB,D,North Carolina St.,21.0,2016.0,0,0,7,20.0,Stephen Tulloch,ILB,North Carolina State,71.0,241.0,4.84,27.0,33.5,113.0,7.19,4.15,LB,12.0,,,,,,,,,,,,,,,,,,,,,,,,6.0,59.0,75.0,134.0,21.0,,
2006,4,117,NYJ,False,RB,RB,O,Florida St.,24.0,2014.0,1,2,1,23.0,Leon Washington,RB,Florida State,68.0,201.0,4.42,17.0,32.5,105.0,6.94,4.37,RB,44.0,,,,,,,,,,,369.0,2041.0,5.5,12.0,55.0,481.0,8.7,1.0,,,,,,,,,,,,
2006,4,118,NWE,False,K,K,S,Memphis,22.0,2020.0,2,4,0,36.0,,,,,,,,,,,,,,,,,,,,,,,,,,,,,,,,,,,,,,,,,,,
2006,4,119,DEN,False,WR,WR,O,Central Florida,22.0,2018.0,1,6,10,27.0,Brandon Marshall,WR,Central Florida,76.0,229.0,4.52,,37.0,120.0,,,WR,44.0,5.8500000000000005,,,,,,,,,,,,,,,,,,112.0,1674.0,14.9,13.0,38.0,,,,,,,
2006,4,120,CHI,False,LB,LB,D,Arizona St.,22.0,2010.0,0,0,0,5.0,Jamar Williams,OLB,Arizona State,72.0,236.0,4.59,,37.0,120.0,7.03,4.29,LB,48.0,-16.266666666666666,,,,,,,,,,,,,,,,,,,,,,,2.0,48.0,22.0,70.0,4.0,,
2006,4,121,CAR,False,DB,DB,D,Ohio St.,22.0,2008.0,0,0,0,1.0,Nate Salley,S,Ohio State,74.0,216.0,4.63,14.0,40.0,123.0,6.79,4.15,DB,22.0,,,,,,,,,,,,,,,,,,,,,,,,,,,,,3.0,
2006,4,123,CIN,False,DT,DL,D,Michigan St.,21.0,2020.0,0,0,12,60.0,Domata Peko,DT,Michigan State,75.0,307.0,5.27,25.0,28.5,103.0,7.69,4.49,DL,11.0,,,,,,,,,,,,,,,,,,,,,,,,1.0,33.0,20.0,53.0,2.5,,
2006,4,124,NYG,False,DT,DL,D,Northwestern,22.0,2015.0,0,0,8,30.0,Barry Cofield,DT,Northwestern,76.0,304.0,4.95,35.0,34.0,105.0,7.43,4.35,DL,12.0,,,,,,,,,,,,,,,,,,,,,,,,2.0,23.0,39.0,62.0,6.5,,
2006,4,125,DAL,False,WR,WR,O,LSU,21.0,2008.0,0,0,0,0.0,Skyler Green,WR,LSU,69.0,192.0,4.53,,34.0,118.0,,,WR,44.0,,,,,,,,,,,,,,,,,,,111.0,1129.0,10.2,9.0,25.7,,,,,,,
2006,4,126,DEN,False,DE,DL,D,Louisville,22.0,2017.0,2,5,6,41.0,Elvis Dumervil,DE,Louisville,71.0,257.0,4.75,30.0,,,,,DL,12.0,,,,,,,,,,,,,,,,,,,,,,,,20.0,36.0,27.0,63.0,22.0,,
2006,4,127,MIN,False,DE,DL,D,Purdue,21.0,2012.0,0,0,5,28.0,Ray Edwards,DE,Purdue,77.0,273.0,4.81,30.0,39.0,114.0,7.71,4.57,DL,23.0,,,,,,,,,,,,,,,,,,,,,,,,5.5,22.0,6.0,28.0,11.0,,
2006,4,128,SEA,False,G,OL,O,Ohio St.,22.0,2014.0,0,0,7,13.0,Rob Sims,OG,Ohio State,75.0,307.0,5.25,27.0,,,,,,,,,,,,,,,,,,,,,,,,,,,,,,,,,,,,
2006,5,129,NYG,False,DE,DL,D,East Carolina,23.0,2013.0,0,0,1,2.0,Guy Whimper,OT,East Carolina,77.0,304.0,4.96,26.0,29.0,102.0,7.38,4.59,DL,22.0,,,,,,,,,,,,,,,,,,,,,,,,,,,,,,
2006,5,130,DEN,False,WR,WR,O,Akron,21.0,2013.0,0,0,0,0.0,,,,,,,,,,,,WR,24.0,,,,,,,,,,,,,,,,,,,141.0,2092.0,14.8,14.0,87.2,,,,,,,
2006,5,131,PIT,False,G,OL,O,Hofstra,23.0,2015.0,0,0,6,28.0,,,,,,,,,,,,,,,,,,,,,,,,,,,,,,,,,,,,,,,,,,,
2006,5,134,BUF,False,DT,DL,D,LSU,23.0,2018.0,0,6,11,79.0,,,,,,,,,,,,DL,37.0,-2.5038251366120217,,,,,,,,,,,,,,,,,,,,,,,3.0,20.0,26.0,46.0,7.5,,
2006,5,135,NOR,False,DE,DL,D,Purdue,22.0,2016.0,0,0,7,0.0,Rob Ninkovich,DE,Purdue,75.0,260.0,4.91,23.0,34.5,116.0,6.96,4.18,DL,23.0,,,,,,,,,,,,,,,,,,,,,,,,8.0,35.0,13.0,48.0,17.0,,
2006,5,136,NWE,False,T,OL,O,California,23.0,2010.0,0,0,1,6.0,Ryan O'Callaghan,OT,California,79.0,344.0,5.39,21.0,25.0,92.0,,,,,,,,,,,,,,,,,,,,,,,,,,,,,,,,,,
2006,5,137,TEN,False,LB,LB,D,Miami (OH),23.0,2006.0,0,0,0,0.0,Terna Nande,OLB,Miami (OH),72.0,232.0,4.51,41.0,39.0,124.0,6.97,4.11,LB,10.0,,,,,,,,,,,,,,,,,,,,,,,,0.0,20.0,24.0,44.0,4.0,,
2006,5,138,DAL,False,DB,DB,D,Florida St.,23.0,2010.0,0,0,1,6.0,Pat Watkins,S,Florida State,77.0,211.0,4.42,14.0,41.0,133.0,,,DB,38.0,,,,,,,,,,,,,,,,,,,,,,,,,,,,,10.0,
2006,5,139,ATL,False,G,OL,O,Syracuse,22.0,2012.0,0,0,2,8.0,Quinn Ojinnaka,OT,Syracuse,77.0,309.0,5.44,21.0,28.5,102.0,8.45,5.11,,,,,,,,,,,,,,,,,,,,,,,,,,,,,,,,
2006,5,140,SFO,False,DE,DL,D,Tennessee,22.0,2014.0,0,0,7,31.0,Parys Haralson,DE,Tennessee,73.0,253.0,4.8,24.0,32.0,115.0,7.37,4.26,DL,24.0,,,,,,,,,,,,,,,,,,,,,,,,8.5,33.0,12.0,45.0,17.0,,
2006,5,141,DET,False,T,OL,O,Texas,23.0,2014.0,0,0,1,4.0,Jonathan Scott,OT,Texas,78.0,315.0,5.32,,24.5,101.0,7.73,4.85,OL,,,,,,,,,,,,,,,,,,,,,,,,,,,,,,,
2006,5,142,ARI,False,LB,LB,D,Louisville,23.0,2012.0,0,0,1,0.0,Brandon Johnson,OLB,Louisville,77.0,228.0,4.44,11.0,37.0,118.0,7.17,4.34,LB,50.0,-2.073684210526315,,,,,,,,,,,,,,,,,,,,,,,2.0,45.0,28.0,73.0,8.5,,
2006,5,143,BUF,False,T,OL,O,Virginia,22.0,2009.0,0,0,2,13.0,Brad Butler,OT,Virginia,79.0,310.0,5.29,,,,,,OL,10.0,,,,,,,,,,,,,,,,,,,,,,,,,,,,,,
2006,5,144,STL,False,WR,WR,O,Virginia,23.0,2008.0,0,0,0,1.0,Marques Hagans,RB,Virginia,69.0,202.0,4.67,,35.0,114.0,7.03,4.38,QB,51.0,,408.0,655.0,62.3,4877.0,27.0,18.0,7.4,7.03,95.6,,,,,,,,,,,,,,,,,,,,
2006,5,145,CLE,False,RB,RB,O,Washington St.,23.0,2011.0,0,0,0,10.0,Jerome Harrison,RB,Washington State,69.0,201.0,4.47,19.0,34.5,124.0,6.77,4.07,RB,22.0,,,,,,,,,,,482.0,2800.0,5.8,25.0,34.0,275.0,8.1,1.0,,,,,,,,,,,,
2006,5,146,BAL,False,DB,DB,D,Georgia Tech,23.0,2014.0,0,0,8,22.0,Dawan Landry,S,Georgia Tech,73.0,220.0,4.64,18.0,37.5,124.0,,4.27,DB,50.0,,,,,,,,,,,,,,,,,,,,,,,,,,,,,7.0,
2006,5,148,GNB,False,QB,QB,O,Furman,24.0,2006.0,0,0,0,0.0,Ingle Martin,QB,Furman,74.0,220.0,4.71,,36.0,111.0,7.13,4.17,QB,16.0,,54.0,87.0,62.1,750.0,3.0,2.0,8.6,8.28,46.9,,,,,,,,,,,,,,,,,,,,
2006,5,149,MIN,False,DB,DB,D,Georgia,24.0,2007.0,0,0,0,2.0,Greg Blue,S,Georgia,74.0,216.0,4.57,16.0,37.5,120.0,,,DB,13.0,,,,,,,,,,,,,,,,,,,,,,,,,,,,,2.0,
2006,5,150,NYJ,False,TE,TE,O,Wisconsin,23.0,2007.0,0,0,0,0.0,Jason Pociask,TE,Wisconsin,75.0,266.0,4.84,23.0,32.5,115.0,7.31,4.3,TE,38.0,,,,,,,,,,,,,,,,,,,12.0,144.0,12.0,0.0,3.8,,,,,,,
2006,5,151,SDG,False,LB,LB,D,Iowa St.,23.0,2013.0,0,0,1,9.0,Tim Dobbins,ILB,Iowa State,73.0,246.0,4.59,23.0,35.5,110.0,7.25,4.39,LB,24.0,,,,,,,,,,,,,,,,,,,,,,,,1.0,48.0,55.0,103.0,7.5,,
2006,5,153,WAS,False,NT,DL,D,Minnesota,22.0,2009.0,0,0,1,14.0,,,,,,,,,,,,DL,24.0,,,,,,,,,,,,,,,,,,,,,,,,3.0,25.0,20.0,45.0,6.0,,
2006,5,154,KAN,False,DB,DB,D,Miami (FL),23.0,2006.0,0,0,0,0.0,Marcus Maxey,CB,Miami (FL),73.0,198.0,4.48,14.0,41.5,129.0,,,DB,25.0,,,,,,,,,,,,,,,,,,,,,,,,,,,,,2.0,
2006,5,155,CAR,False,TE,TE,O,Virginia Tech,23.0,2012.0,0,0,6,8.0,Jeff King,TE,Virginia Tech,77.0,245.0,4.83,21.0,32.5,109.0,6.99,4.09,TE,53.0,,,,,,,,,,,,,,,,,,,58.0,724.0,12.5,12.0,13.7,,,,,,,
2006,5,156,TAM,False,DE,DL,D,Stanford,22.0,2006.0,0,0,0,1.0,Julian Jenkins,DE,Stanford,76.0,277.0,5.03,25.0,34.5,110.0,7.11,4.23,DL,20.0,,,,,,,,,,,,,,,,,,,,,,,,7.0,24.0,26.0,50.0,9.0,,
2006,5,157,CIN,False,LB,LB,D,Florida St.,23.0,2006.0,0,0,0,0.0,A.J. Nicholson,OLB,Florida State,73.0,252.0,4.88,25.0,,116.0,7.37,4.43,LB,37.0,,,,,,,,,,,,,,,,,,,,,,,,1.0,53.0,47.0,100.0,9.5,,
2006,5,159,CHI,False,DE,DL,D,Alabama,23.0,2012.0,0,0,1,15.0,Mark Anderson,DE,Alabama,76.0,254.0,4.62,20.0,42.0,127.0,6.95,4.22,LB,24.0,,,,,,,,,,,,,,,,,,,,,,,,6.5,23.0,17.0,40.0,14.5,,
2006,5,160,JAX,False,DE,DL,D,Illinois St.,23.0,2007.0,0,0,0,3.0,,,,,,,,,,,,,,,,,,,,,,,,,,,,,,,,,,,,,,,,,,,
2006,6,161,DEN,False,G,OL,O,North Dakota,23.0,2013.0,0,0,5,35.0,Chris Kuper,OG,North Dakota,76.0,301.0,5.1,24.0,30.0,109.0,7.59,4.6,,,,,,,,,,,,,,,,,,,,,,,,,,,,,,,,
2006,6,162,IND,False,G,OL,O,TCU,23.0,2011.0,0,0,0,1.0,Michael Toudouze,OT,TCU,78.0,303.0,5.12,23.0,26.5,100.0,7.45,4.7,,,,,,,,,,,,,,,,,,,,,,,,,,,,,,,,
2006,6,163,SEA,False,RB,RB,O,USC,23.0,2008.0,0,0,0,0.0,David Kirtman,FB,USC,71.0,233.0,4.76,,29.5,106.0,7.18,4.31,RB,38.0,,,,,,,,,,,21.0,94.0,4.5,1.0,46.0,470.0,10.2,2.0,,,,,,,,,,,,
2006,6,165,GNB,False,T,OL,O,Nevada,23.0,2011.0,0,0,0,10.0,,,,,,,,,,,,TE,33.0,,,,,,,,,,,,,,,,,,,11.0,107.0,9.7,4.0,3.2,,,,,,,
2006,6,166,BAL,False,TE,TE,O,Colorado,24.0,2007.0,0,0,1,2.0,Quinn Sypniewski,TE,Colorado,78.0,268.0,4.77,20.0,32.5,114.0,7.09,4.52,TE,54.0,,,,,,,,,,,,,,,,,,,44.0,563.0,12.8,5.0,10.4,,,,,,,
2006,6,168,PHI,False,LB,LB,D,Tennessee,22.0,2013.0,0,0,2,22.0,Omar Gaither,OLB,Tennessee,73.0,234.0,4.78,23.0,37.0,116.0,7.31,4.28,LB,24.0,,,,,,,,,,,,,,,,,,,,,,,,4.0,50.0,28.0,78.0,8.0,,
2006,6,169,TEN,False,DT,DL,D,Tennessee,23.0,2007.0,0,0,0,1.0,Jesse Mahelona,DT,Tennessee,72.0,311.0,5.37,,,,,,DL,11.0,,,,,,,,,,,,,,,,,,,,,,,,2.0,18.0,17.0,35.0,7.0,,
2006,6,170,HOU,False,RB,RB,O,Virginia,22.0,2006.0,0,0,1,5.0,Wali Lundy,RB,Virginia,71.0,214.0,4.48,18.0,35.0,111.0,6.99,4.36,RB,49.0,,,,,,,,,,,742.0,3193.0,4.3,43.0,114.0,895.0,7.9,9.0,,,,,,,,,,,,
2006,6,173,WAS,False,DB,DB,D,Northern Colorado,23.0,2013.0,0,0,3,20.0,Reed Doughty,S,Northern Colorado,72.0,209.0,4.65,15.0,37.0,121.0,6.66,4.17,,,,,,,,,,,,,,,,,,,,,,,,,,,,,,,,
2006,6,175,SFO,False,WR,WR,O,Central Missouri St.,22.0,2019.0,0,3,7,8.0,Delanie Walker,WR,Central Missouri State,73.0,240.0,4.49,,36.5,118.0,,,,,,,,,,,,,,,,,,,,,,,,,,,,,,,,,,
2006,6,176,OAK,False,T,OL,O,Cornell,23.0,2014.0,0,0,4,3.0,Kevin Boothe,OT,Cornell,77.0,316.0,5.41,23.0,31.5,98.0,8.36,5.07,,,,,,,,,,,,,,,,,,,,,,,,,,,,,,,,
2006,6,177,ARI,False,DT,DL,D,Virginia Tech,22.0,2006.0,0,0,0,0.0,Jonathan Lewis,DT,Virginia Tech,73.0,309.0,4.97,24.0,33.5,111.0,7.4,4.4,DL,26.0,,,,,,,,,,,,,,,,,,,,,,,,4.5,15.0,23.0,38.0,7.5,,
2006,6,178,BUF,False,LB,LB,D,Oregon St.,22.0,2010.0,0,0,3,19.0,Keith Ellison,OLB,Oregon State,73.0,235.0,4.76,24.0,32.5,115.0,7.22,4.16,LB,23.0,,,,,,,,,,,,,,,,,,,,,,,,5.0,60.0,39.0,99.0,14.5,,
2006,6,180,CLE,False,FB,RB,O,Colorado,23.0,2012.0,0,0,3,2.0,Lawrence Vickers,FB,Colorado,72.0,245.0,4.82,21.0,30.5,104.0,7.74,4.63,RB,48.0,,,,,,,,,,,171.0,635.0,3.7,12.0,70.0,572.0,8.2,3.0,,,,,,,,,,,,
2006,6,181,CLE,False,DT,DL,D,Stanford,23.0,2007.0,0,0,0,0.0,Babatunde Oshinowo,DT,Stanford,74.0,304.0,5.27,33.0,32.0,105.0,7.87,4.54,DL,11.0,,,,,,,,,,,,,,,,,,,,,,,,4.5,36.0,18.0,54.0,10.5,,
2006,6,183,GNB,False,DT,DL,D,Texas A&M,23.0,2013.0,0,0,3,21.0,Johnny Jolly,DT,Texas A&M,75.0,317.0,5.41,,,104.0,,,DL,11.0,,,,,,,,,,,,,,,,,,,,,,,,5.0,19.0,44.0,63.0,11.5,,
2006,6,184,ATL,False,WR,WR,O,Fresno St.,23.0,2009.0,0,0,0,0.0,Adam Jennings,WR,Fresno State,69.0,181.0,4.44,,37.5,118.0,6.88,4.12,DB,52.0,,,,,,,,,,,,,,,,,,,,,,,,,,,,,0.0,
2006,6,185,GNB,False,DB,DB,D,Fresno St.,23.0,2012.0,0,0,0,1.0,,,,,,,,,,,,DB,37.0,,,,,,,,,,,,,,,,,,,,,,,,,,,,,5.0,
2006,6,186,KAN,False,G,OL,O,Mississippi St.,23.0,2007.0,0,0,0,0.0,,,,,,,,,,,,OL,11.0,,,,,,,,,,,,,,,,,,,,,,,,,,,,,,
2006,6,187,SDG,False,T,OL,O,Kansas St.,22.0,2013.0,0,0,6,47.0,Jeromey Clary,OT,Kansas State,78.0,309.0,5.28,24.0,26.0,102.0,7.8,4.63,OL,11.0,,,,,,,,,,,,,,,,,,,,,,,,,,,,,,
2006,6,189,NYJ,False,DB,DB,D,TCU,23.0,2011.0,0,0,0,8.0,,,,,,,,,,,,DB,18.0,-0.625,,,,,,,,,,,,,,,,,,,,,,,,,,,,5.0,
2006,6,190,KAN,False,WR,WR,O,San Diego St.,24.0,2008.0,0,0,0,2.0,Jeff Webb,WR,San Diego State,74.0,211.0,4.4,,37.0,126.0,6.81,4.08,WR,44.0,,,,,,,,,,,,,,,,,,,234.0,2890.0,12.4,20.0,65.7,,,,,,,
2006,6,192,SFO,False,DB,DB,D,North Carolina St.,23.0,2010.0,0,0,0,4.0,Marcus Hudson,S,North Carolina State,73.0,194.0,4.55,11.0,,,,,DB,48.0,,,,,,,,,,,,,,,,,,,,,,,,,,,,,8.0,
2006,7,193,CIN,False,QB,QB,O,Texas A&M,22.0,2006.0,0,0,0,0.0,Reggie McNeal,QB,Texas A&M,74.0,198.0,4.4,,32.0,121.0,6.96,4.25,QB,42.0,,478.0,875.0,54.6,6992.0,44.0,23.0,8.0,7.81,166.5,,,,,,,,,,,,,,,,,,,,
2006,7,194,TAM,False,QB,QB,O,Toledo,23.0,2014.0,0,0,1,3.0,Bruce Gradkowski,QB,Toledo,73.0,217.0,4.59,,34.0,107.0,7.12,4.16,QB,49.0,,766.0,1123.0,68.2,9225.0,85.0,27.0,8.2,8.65,188.3,,,,,,,,,,,,,,,,,,,,
2006,7,195,CHI,False,RB,RB,O,Oklahoma,22.0,2006.0,0,0,0,0.0,,,,,,,,,,,,RB,53.0,,,,,,,,,,,2.0,5.0,2.5,0.0,51.0,450.0,8.8,5.0,,,,,,,,,,,,
2006,7,196,WAS,False,DT,DL,D,Georgia,23.0,2016.0,0,0,4,27.0,Kedric Golston,DT,Georgia,76.0,300.0,4.88,31.0,33.0,111.0,7.6,4.45,DL,10.0,,,,,,,,,,,,,,,,,,,,,,,,1.0,13.0,7.0,20.0,2.0,,
2006,7,197,SFO,False,DE,DL,D,LSU,23.0,2006.0,0,0,1,5.0,Melvin Oliver,DE,LSU,75.0,276.0,5.08,,,,,,DL,25.0,,,,,,,,,,,,,,,,,,,,,,,,9.0,33.0,31.0,64.0,11.0,,
2006,7,199,IND,False,T,OL,O,Oklahoma St.,22.0,2014.0,0,0,7,30.0,,,,,,,,,,,,TE,44.0,,,,,,,,,,,,,,,,,,,20.0,233.0,11.7,4.0,5.3,,,,,,,
2006,7,203,BAL,False,P,P,S,Nebraska,24.0,2021.0,0,1,0,25.0,,,,,,,,,,,,,,,,,,,,,,,,,,,,,,,,,,,,,,,,,,,
2006,7,204,PHI,False,DT,DL,D,USC,22.0,2009.0,0,0,0,2.0,,,,,,,,,,,,DL,17.0,,,,,,,,,,,,,,,,,,,,,,,,1.0,19.0,21.0,40.0,5.5,,
2006,7,206,NWE,False,DT,DL,D,Nebraska,24.0,2010.0,0,0,0,3.0,,,,,,,,,,,,DL,12.0,,,,,,,,,,,,,,,,,,,,,,,,6.0,23.0,20.0,43.0,12.5,,
2006,7,207,IND,False,DB,DB,D,Howard,22.0,2019.0,0,3,12,40.0,Antoine Bethea,S,Howard,71.0,203.0,4.39,19.0,36.5,127.0,6.99,4.11,,,,,,,,,,,,,,,,,,,,,,,,,,,,,,,,
2006,7,208,BAL,False,DB,DB,D,Wyoming,21.0,2013.0,0,0,0,2.0,Derrick Martin,CB,Wyoming,70.0,202.0,4.5,17.0,40.0,127.0,6.72,3.95,DB,29.0,,,,,,,,,,,,,,,,,,,,,,,,,,,,,6.0,
2006,7,209,CIN,False,WR,WR,O,Penn St.,23.0,2006.0,0,0,0,0.0,,,,,,,,,,,,WR,12.0,,,,,,,,,,,,,,,,,,,15.0,236.0,15.7,3.0,19.7,,,,,,,
2006,7,210,NOR,False,G,OL,O,Northwestern,22.0,2017.0,0,0,6,50.0,Zach Strief,OT,Northwestern,80.0,330.0,5.38,19.0,21.0,94.0,8.01,4.83,OL,12.0,,,,,,,,,,,,,,,,,,,,,,,,,,,,,,
2006,7,211,DAL,False,T,OL,O,Weber St.,23.0,2012.0,0,0,0,3.0,,,,,,,,,,,,,,,,,,,,,,,,,,,,,,,,,,,,,,,,,,,
2006,7,212,MIA,False,DT,DL,D,Texas St.,22.0,2013.0,0,0,0,0.0,,,,,,,,,,,,,,,,,,,,,,,,,,,,,,,,,,,,,,,,,,,
2006,7,213,JAX,False,DE,DL,D,Syracuse,24.0,2009.0,0,0,0,0.0,James Wyche,DE,Syracuse,77.0,262.0,4.63,27.0,33.0,116.0,7.75,4.51,DL,11.0,,,,,,,,,,,,,,,,,,,,,,,,4.5,40.0,18.0,58.0,6.5,,
2006,7,214,OAK,False,C,OL,O,Michigan St.,23.0,2010.0,0,0,1,5.0,,,,,,,,,,,,,,,,,,,,,,,,,,,,,,,,,,,,,,,,,,,
2006,7,215,TEN,False,DB,DB,D,Samford,22.0,2015.0,1,1,7,43.0,,,,,,,,,,,,,,,,,,,,,,,,,,,,,,,,,,,,,,,,,,,
2006,7,216,BUF,False,T,OL,O,New Mexico,22.0,2007.0,0,0,1,4.0,Terrance Pennington,OT,New Mexico,79.0,325.0,5.39,28.0,28.5,102.0,,,,,,,,,,,,,,,,,,,,,,,,,,,,,,,,,,
2006,7,221,STL,False,LB,LB,D,Northwestern,22.0,2007.0,0,0,0,1.0,Tim McGarigle,ILB,Northwestern,73.0,242.0,4.73,,38.0,118.0,7.09,4.07,LB,36.0,,,,,,,,,,,,,,,,,,,,,,,,2.0,81.0,75.0,156.0,7.0,,
2006,7,222,CLE,False,RB,RB,O,Virginia Tech,23.0,2008.0,0,0,0,1.0,,,,,,,,,,,,WR,26.0,,,,,,,,,,,,,,,,,,,28.0,338.0,12.1,1.0,13.0,,,,,,,
2006,7,226,MIA,False,DT,DL,D,Texas,22.0,2008.0,0,0,0,4.0,Rodrique Wright,DT,Texas,77.0,300.0,5.08,31.0,32.0,110.0,7.84,4.51,DL,13.0,,,,,,,,,,,,,,,,,,,,,,,,3.0,11.0,16.0,27.0,7.5,,
2006,7,228,KAN,False,DB,DB,D,UCLA,21.0,2011.0,0,0,2,16.0,Jarrad Page,S,UCLA,72.0,239.0,4.63,,38.0,127.0,6.68,4.14,DB,49.0,,,,,,,,,,,,,,,,,,,,,,,,,,,,,9.0,
2006,7,229,NWE,False,DB,DB,D,Baylor,22.0,2007.0,0,0,0,3.0,Willie Andrews,S,Baylor,69.0,193.0,4.43,7.0,36.5,124.0,6.99,4.27,DB,46.0,,,,,,,,,,,,,,,,,,,,,,,,,,,,,3.0,
2006,7,234,CAR,False,G,OL,O,Virginia Tech,23.0,2015.0,0,0,4,2.0,Will Montgomery,C,Virginia Tech,75.0,312.0,5.12,35.0,29.5,104.0,7.4,4.43,,,,,,,,,,,,,,,,,,,,,,,,,,,,,,,,
2006,7,236,JAX,False,DB,DB,D,Florida,21.0,2006.0,0,0,0,1.0,Dee Webb,CB,Florida,71.0,183.0,4.41,,36.5,121.0,,,DB,24.0,,,,,,,,,,,,,,,,,,,,,,,,,,,,,4.0,
2006,7,237,CAR,False,DE,DL,D,Auburn,21.0,2008.0,0,0,0,1.0,Stanley McClover,DE,Auburn,74.0,262.0,4.7,19.0,39.0,114.0,7.87,4.5,DL,10.0,,,,,,,,,,,,,,,,,,,,,,,,8.0,21.0,10.0,31.0,13.5,,
2006,7,238,IND,False,DB,DB,D,Stanford,23.0,2009.0,0,0,0,3.0,,,,,,,,,,,,DB,44.0,,,,,,,,,,,,,,,,,,,,,,,,,,,,,4.0,
2006,7,239,SEA,False,P,P,S,Wake Forest,22.0,2008.0,0,0,0,4.0,Ryan Plackemeier,P,Wake Forest,75.0,253.0,5.2,,,,,,,,,,,,,,,,,,,,,,,,,,,,,,,,,,,,,
2006,7,241,TAM,False,LB,LB,D,Clemson,23.0,2006.0,0,0,0,0.0,Charles Bennett,DE,Clemson,76.0,258.0,4.7,19.0,33.5,115.0,7.48,4.52,DL,23.0,,,,,,,,,,,,,,,,,,,,,,,,4.0,29.0,14.0,43.0,14.5,,
2006,7,242,STL,False,G,OL,O,Minnesota,22.0,2009.0,0,0,0,5.0,Mark Setterstrom,OG,Minnesota,76.0,314.0,5.38,19.0,26.5,100.0,7.63,4.53,,,,,,,,,,,,,,,,,,,,,,,,,,,,,,,,
2006,7,245,TEN,False,LB,LB,D,Utah,26.0,2006.0,0,0,0,0.0,,,,,,,,,,,,LB,24.0,,,,,,,,,,,,,,,,,,,,,,,,2.5,52.0,61.0,113.0,5.0,,
2006,7,246,TEN,False,RB,RB,O,Utah,22.0,2010.0,0,0,0,1.0,Quinton Ganther,RB,Utah,69.0,218.0,4.5,29.0,35.0,119.0,7.19,,RB,23.0,,,,,,,,,,,314.0,1774.0,5.6,9.0,32.0,363.0,11.3,2.0,,,,,,,,,,,,
2006,7,247,DET,False,LB,LB,D,Tulane,21.0,2008.0,0,0,0,3.0,,,,,,,,,,,,LB,21.0,,,,,,,,,,,,,,,,,,,,,,,,2.5,65.0,49.0,114.0,12.5,,
2006,7,248,BUF,False,G,OL,O,California,23.0,2006.0,0,0,0,1.0,,,,,,,,,,,,OL,12.0,,,,,,,,,,,,,,,,,,,,,,,,,,,,,,
2006,7,249,SEA,False,WR,WR,O,Auburn,22.0,2013.0,0,0,0,10.0,Ben Obomanu,WR,Auburn,73.0,205.0,4.45,,38.0,116.0,7.17,4.21,WR,51.0,,,,,,,,,,,,,,,,,,,97.0,1313.0,13.5,18.0,25.7,,,,,,,
2006,7,251,HOU,False,WR,WR,O,Colorado St.,23.0,2011.0,0,0,0,7.0,David Anderson,WR,Colorado State,70.0,192.0,4.57,,34.0,116.0,6.88,4.2,WR,46.0,,,,,,,,,,,,,,,,,,,223.0,3634.0,16.3,20.0,79.0,,,,,,,
2006,7,252,NOR,False,WR,WR,O,Hofstra,23.0,2015.0,0,0,7,72.0,Marques Colston,WR,Hofstra,77.0,224.0,4.5,16.0,37.0,123.0,6.94,4.43,,,,,,,,,,,,,,,,,,,,,,,,,,,,,,,,
2007,1,1,OAK,False,QB,QB,O,LSU,22.0,2009.0,0,0,2,6.0,JaMarcus Russell,QB,LSU,77.0,265.0,4.83,,,,,,QB,36.0,,493.0,797.0,61.9,6625.0,52.0,21.0,8.3,8.43,184.0,,,,,,,,,,,,,,,,,,,,
2007,1,2,DET,True,WR,WR,O,Georgia Tech,21.0,2015.0,3,6,9,78.0,Calvin Johnson,WR,Georgia Tech,77.0,239.0,4.35,,,,,,WR,38.0,,,,,,,,,,,,,,,,,,,178.0,2927.0,16.4,28.0,77.0,,,,,,,
2007,1,3,CLE,True,T,OL,O,Wisconsin,22.0,2017.0,6,10,10,85.0,Joe Thomas,OT,Wisconsin,79.0,311.0,4.92,28.0,33.0,110.0,7.95,4.88,OL,13.0,7.5,,,,,,,,,,,,,,,,,,,,,,,,,,,,,
2007,1,4,TAM,False,DE,DL,D,Clemson,24.0,2009.0,0,0,1,17.0,Gaines Adams,DE,Clemson,77.0,258.0,4.64,,35.0,119.0,7.17,4.36,DL,36.0,,,,,,,,,,,,,,,,,,,,,,,,21.0,59.0,37.0,96.0,27.5,,
2007,1,5,ARI,False,T,OL,O,Penn St.,23.0,2013.0,0,0,5,34.0,Levi Brown,OT,Penn State,77.0,323.0,5.4,31.0,25.5,97.0,7.87,4.89,OL,12.0,2.362068965517241,,,,,,,,,,,,,,,,,,,,,,,,,,,,,
2007,1,6,WAS,False,DB,DB,D,LSU,22.0,2014.0,0,1,7,26.0,LaRon Landry,S,LSU,72.0,213.0,4.35,,37.5,123.0,,,DB,51.0,,,,,,,,,,,,,,,,,,,,,,,,,,,,,12.0,
2007,1,7,MIN,False,RB,RB,O,Oklahoma,22.0,2021.0,4,7,12,89.0,Adrian Peterson,RB,Oklahoma,73.0,217.0,4.4,,38.5,127.0,7.09,4.4,RB,31.0,,,,,,,,,,,748.0,4041.0,5.4,41.0,24.0,198.0,8.3,1.0,,,,,,,,,,,,
2007,1,8,ATL,False,DE,DL,D,Arkansas,21.0,2012.0,0,0,3,19.0,Jamaal Anderson,DE,Arkansas,77.0,288.0,4.75,,,,,,DL,25.0,,,,,,,,,,,,,,,,,,,,,,,,17.0,58.0,24.0,82.0,31.0,,
2007,1,9,MIA,False,WR,WR,O,Ohio St.,22.0,2020.0,0,0,7,15.0,Ted Ginn,WR,Ohio State,71.0,178.0,4.38,,,,,,WR,37.0,,,,,,,,,,,,,,,,,,,135.0,1943.0,14.4,15.0,52.5,,,,,,,
2007,1,10,HOU,False,DT,DL,D,Louisville,20.0,2012.0,0,0,4,21.0,Amobi Okoye,DT,Louisville,74.0,302.0,5.07,29.0,30.0,111.0,7.46,,DL,24.0,,,,,,,,,,,,,,,,,,,,,,,,8.5,50.0,27.0,77.0,16.5,,
2007,1,11,SFO,True,LB,LB,D,Mississippi,22.0,2014.0,5,7,7,93.0,Patrick Willis,ILB,Mississippi,73.0,242.0,4.51,22.0,39.0,119.0,7.23,4.46,LB,32.0,,,,,,,,,,,,,,,,,,,,,,,,6.0,177.0,88.0,265.0,21.0,,
2007,1,12,BUF,False,RB,RB,O,California,21.0,2019.0,1,5,8,15.0,Marshawn Lynch,RB,California,71.0,215.0,4.46,20.0,35.5,125.0,7.05,4.55,RB,35.0,,,,,,,,,,,490.0,3230.0,6.6,29.0,68.0,600.0,8.8,6.0,,,,,,,,,,,,
2007,1,13,STL,False,DE,DL,D,Nebraska,23.0,2012.0,0,0,3,9.0,Adam Carriker,DE,Nebraska,78.0,296.0,4.9,33.0,33.5,110.0,7.06,4.18,DL,26.0,,,,,,,,,,,,,,,,,,,,,,,,16.5,50.0,45.0,95.0,28.5,,
2007,1,14,NYJ,True,DB,DB,D,Pittsburgh,22.0,2017.0,4,7,9,76.0,Darrelle Revis,CB,Pittsburgh,71.0,204.0,4.38,16.0,,,,,DB,35.0,,,,,,,,,,,,,,,,,,,,,,,,,,,,,8.0,
2007,1,15,PIT,False,LB,LB,D,Florida St.,21.0,2017.0,0,1,9,68.0,Lawrence Timmons,OLB,Florida State,73.0,234.0,4.66,25.0,35.0,123.0,6.89,4.32,LB,26.0,,,,,,,,,,,,,,,,,,,,,,,,8.0,59.0,55.0,114.0,21.5,,
2007,1,16,GNB,False,DT,DL,D,Tennessee,23.0,2010.0,0,0,0,2.0,Justin Harrell,DT,Tennessee,76.0,300.0,5.04,24.0,30.5,108.0,7.63,4.79,DL,14.0,,,,,,,,,,,,,,,,,,,,,,,,2.5,24.0,22.0,46.0,9.0,,
2007,1,17,DEN,False,DE,DL,D,Florida,23.0,2011.0,0,0,0,2.0,Jarvis Moss,DE,Florida,78.0,250.0,4.7,16.0,30.5,120.0,,,DL,24.0,,,,,,,,,,,,,,,,,,,,,,,,15.0,61.0,20.0,81.0,22.0,,
2007,1,18,CIN,False,DB,DB,D,Michigan,22.0,2018.0,0,0,6,49.0,Leon Hall,CB,Michigan,71.0,193.0,4.39,15.0,37.5,125.0,6.5,4.07,DB,50.0,,,,,,,,,,,,,,,,,,,,,,,,,,,,,12.0,
2007,1,19,TEN,False,DB,DB,D,Texas,22.0,2016.0,0,2,9,53.0,Michael Griffin,S,Texas,72.0,202.0,4.45,16.0,36.0,120.0,6.6,4.1,DB,34.0,,,,,,,,,,,,,,,,,,,,,,,,,,,,,8.0,
2007,1,20,NYG,False,DB,DB,D,Texas,24.0,2013.0,0,0,4,17.0,Aaron Ross,CB,Texas,72.0,193.0,4.44,17.0,34.0,118.0,6.67,4.15,DB,50.0,,,,,,,,,,,,,,,,,,,,,,,,,,,,,10.0,
2007,1,21,JAX,False,DB,DB,D,Florida,23.0,2018.0,0,2,11,12.0,Reggie Nelson,S,Florida,71.0,198.0,4.48,,34.5,,,,DB,25.0,,,,,,,,,,,,,,,,,,,,,,,,,,,,,7.0,
2007,1,22,CLE,False,QB,QB,O,Notre Dame,22.0,2012.0,0,0,1,3.0,Brady Quinn,QB,Notre Dame,76.0,232.0,4.73,24.0,,,,,QB,49.0,,929.0,1602.0,58.0,11762.0,95.0,39.0,7.3,7.43,240.0,,,,,,,,,,,,,,,,,,,,
2007,1,23,KAN,False,WR,WR,O,LSU,22.0,2015.0,0,1,8,50.0,Dwayne Bowe,WR,LSU,74.0,221.0,4.51,,33.0,125.0,6.81,4.35,WR,46.0,,,,,,,,,,,,,,,,,,,154.0,2403.0,15.6,26.0,52.2,,,,,,,
2007,1,24,NWE,False,DB,DB,D,Miami (FL),23.0,2015.0,0,2,6,22.0,Brandon Meriweather,S,Miami (FL),71.0,195.0,4.47,11.0,35.0,111.0,7.06,4.33,DB,49.0,,,,,,,,,,,,,,,,,,,,,,,,,,,,,7.0,
2007,1,25,CAR,False,LB,LB,D,Miami (FL),22.0,2015.0,1,3,5,48.0,Jon Beason,OLB,Miami (FL),72.0,237.0,4.72,19.0,,111.0,,,LB,35.0,,,,,,,,,,,,,,,,,,,,,,,,1.5,81.0,51.0,132.0,15.5,,
2007,1,26,DAL,False,DE,DL,D,Purdue,23.0,2014.0,0,1,4,34.0,Anthony Spencer,DE,Purdue,75.0,261.0,4.7,30.0,32.5,112.0,7.14,4.43,DL,25.0,,,,,,,,,,,,,,,,,,,,,,,,12.5,84.0,31.0,115.0,32.0,,
2007,1,27,NOR,False,WR,WR,O,Tennessee,22.0,2014.0,0,0,1,25.0,Robert Meachem,WR,Tennessee,74.0,214.0,4.39,,37.5,121.0,6.97,4.31,WR,37.0,,,,,,,,,,,,,,,,,,,125.0,2140.0,17.1,17.0,57.8,,,,,,,
2007,1,28,SFO,False,T,OL,O,Central Michigan,23.0,2019.0,0,6,12,81.0,Joe Staley,OT,Central Michigan,78.0,306.0,4.79,27.0,,,,,OL,25.0,,,,,,,,,,,,,,,,,,,,,,,,,,,,,,
2007,1,29,BAL,False,G,OL,O,Auburn,23.0,2015.0,0,2,9,26.0,Ben Grubbs,OG,Auburn,75.0,311.0,5.18,29.0,26.5,103.0,7.99,4.72,OL,25.0,,,,,,,,,,,,,,,,,,,,,,,,,,,,,,
2007,1,30,SDG,False,WR,WR,O,LSU,21.0,2010.0,0,0,0,7.0,,,,,,,,,,,,WR,42.0,,,,,,,,,,,,,,,,,,,141.0,2117.0,15.0,7.0,50.4,,,,,,,
2007,1,31,CHI,False,TE,TE,O,Miami (FL),22.0,2020.0,0,3,11,11.0,Greg Olsen,TE,Miami (FL),78.0,254.0,4.51,23.0,35.5,114.0,7.04,4.48,TE,33.0,,,,,,,,,,,,,,,,,,,87.0,1215.0,14.0,6.0,36.8,,,,,,,
2007,1,32,IND,False,WR,WR,O,Ohio St.,22.0,2011.0,0,0,1,16.0,Anthony Gonzalez,WR,Ohio State,72.0,193.0,4.44,,38.0,123.0,6.54,4.08,WR,33.0,6.323809523809523,,,,,,,,,,,,,,,,,,87.0,1286.0,14.8,13.0,39.0,,,,,,,
2007,2,33,ARI,False,DT,DL,D,Michigan,22.0,2017.0,0,0,6,4.0,Alan Branch,DT,Michigan,78.0,324.0,5.07,33.0,27.5,107.0,,,DL,25.0,,,,,,,,,,,,,,,,,,,,,,,,4.5,33.0,23.0,56.0,13.0,,
2007,2,34,BUF,False,LB,LB,D,Penn St.,22.0,2017.0,0,1,9,17.0,Paul Posluszny,OLB,Penn State,74.0,238.0,4.7,22.0,37.0,116.0,6.94,4.2,LB,40.0,,,,,,,,,,,,,,,,,,,,,,,,6.0,133.0,99.0,232.0,20.5,,
2007,2,35,TAM,False,G,OL,O,Tennessee,22.0,2008.0,0,0,2,14.0,Arron Sears,OG,Tennessee,75.0,319.0,5.09,21.0,,,,,OL,11.0,,,,,,,,,,,,,,,,,,,,,,,,,,,,,,
2007,2,36,PHI,False,QB,QB,O,Houston,23.0,2012.0,0,0,1,5.0,Kevin Kolb,QB,Houston,75.0,218.0,4.85,,32.5,112.0,6.94,4.44,QB,50.0,,964.0,1565.0,61.6,12964.0,85.0,31.0,8.3,8.48,259.3,,,,,,,,,,,,,,,,,,,,
2007,2,37,SDG,False,DB,DB,D,Utah,22.0,2021.0,2,6,12,64.0,Eric Weddle,S,Utah,71.0,203.0,4.48,11.0,33.5,113.0,6.78,4.12,DB,48.0,,,,,,,,,,,,,,,,,,,,,,,,,,,,,18.0,
2007,2,38,OAK,False,TE,TE,O,Arizona St.,21.0,2014.0,0,1,7,20.0,Zach Miller,TE,Arizona State,76.0,256.0,4.87,,34.0,115.0,7.01,4.42,TE,35.0,-3.5,,,,,,,,,,,,,,,,,,144.0,1512.0,10.5,14.0,43.2,,,,,,,
2007,2,39,ATL,False,G,OL,O,Texas,23.0,2014.0,0,0,8,55.0,Justin Blalock,OG,Texas,75.0,320.0,5.1,40.0,28.5,101.0,7.75,4.72,OL,,,,,,,,,,,,,,,,,,,,,,,,,,,,,,,
2007,2,40,MIA,False,QB,QB,O,BYU,26.0,2011.0,0,0,0,2.0,John Beck,QB,BYU,74.0,215.0,4.75,,29.5,111.0,6.81,4.17,QB,43.0,,885.0,1418.0,62.4,11021.0,79.0,34.0,7.8,7.81,256.3,,,,,,,,,,,,,,,,,,,,
2007,2,41,ATL,False,DB,DB,D,Arkansas,22.0,2013.0,0,0,7,13.0,Chris Houston,CB,Arkansas,70.0,185.0,4.32,27.0,36.0,122.0,6.94,4.12,DB,33.0,,,,,,,,,,,,,,,,,,,,,,,,,,,,,3.0,8.0
2007,2,42,IND,False,T,OL,O,Arkansas,23.0,2011.0,0,0,2,16.0,Tony Ugoh,OT,Arkansas,77.0,301.0,5.06,32.0,32.5,117.0,,,OL,11.0,,,,,,,,,,,,,,,,,,,,,,,,,,,,,,
2007,2,43,DET,False,QB,QB,O,Michigan St.,23.0,2017.0,0,0,1,4.0,Drew Stanton,QB,Michigan State,75.0,226.0,4.75,,30.5,108.0,6.77,4.41,QB,45.0,,543.0,846.0,64.2,6524.0,42.0,28.0,7.7,7.22,145.0,,,,,,,,,,,,,,,,,,,,
2007,2,44,MIN,False,WR,WR,O,South Carolina,21.0,2013.0,0,1,3,20.0,Sidney Rice,WR,South Carolina,75.0,200.0,4.51,,39.5,119.0,7.09,4.34,WR,24.0,,,,,,,,,,,,,,,,,,,142.0,2233.0,15.7,23.0,93.0,,,,,,,
2007,2,45,CAR,False,WR,WR,O,USC,20.0,2010.0,0,0,0,4.0,Dwayne Jarrett,WR,USC,76.0,219.0,4.62,,,,,,WR,38.0,,,,,,,,,,,,,,,,,,,216.0,3138.0,14.5,41.0,82.6,,,,,,,
2007,2,46,PIT,False,DE,DL,D,Michigan,22.0,2015.0,0,1,7,50.0,LaMarr Woodley,DE,Michigan,73.0,266.0,4.74,,,,,,LB,37.0,,,,,,,,,,,,,,,,,,,,,,,,18.0,57.0,27.0,84.0,30.5,,
2007,2,47,NYJ,False,LB,LB,D,Michigan,23.0,2017.0,0,0,11,73.0,David Harris,ILB,Michigan,74.0,243.0,4.59,23.0,33.0,107.0,7.25,4.29,LB,13.0,4.4,,,,,,,,,,,,,,,,,,,,,,,3.0,73.0,23.0,96.0,15.0,,
2007,2,48,JAX,False,LB,LB,D,Hampton,21.0,2017.0,0,0,6,15.0,Justin Durant,ILB,Kansas State,73.0,230.0,4.51,25.0,36.0,121.0,6.77,4.09,,,,,,,,,,,,,,,,,,,,,,,,,,,,,,,,
2007,2,50,TEN,False,RB,RB,O,Arizona,22.0,2010.0,0,0,0,1.0,Chris Henry,RB,Arizona,71.0,230.0,4.4,26.0,36.0,127.0,6.96,4.14,RB,35.0,,,,,,,,,,,269.0,892.0,3.3,9.0,26.0,205.0,7.9,1.0,,,,,,,,,,,,
2007,2,51,NYG,False,WR,WR,O,USC,22.0,2012.0,0,1,1,21.0,Steve Smith,WR,USC,72.0,197.0,4.44,,38.0,120.0,6.68,4.19,WR,46.0,,,,,,,,,,,,,,,,,,,190.0,3019.0,15.9,22.0,65.6,,,,,,,
2007,2,52,STL,False,RB,RB,O,Rutgers,23.0,2014.0,0,0,0,3.0,Brian Leonard,RB,Rutgers,73.0,226.0,4.52,28.0,34.5,122.0,6.88,4.22,RB,47.0,,,,,,,,,,,678.0,2775.0,4.1,32.0,207.0,1868.0,9.0,13.0,,,,,,,,,,,,
2007,2,53,CLE,False,DB,DB,D,UNLV,22.0,2013.0,0,0,6,22.0,Eric Wright,CB,UNLV,71.0,192.0,4.36,16.0,36.5,123.0,6.93,4.23,DB,22.0,,,,,,,,,,,,,,,,,,,,,,,,,,,,,3.0,
2007,2,54,KAN,False,DT,DL,D,Tennessee,22.0,2012.0,0,0,1,6.0,Turk McBride,DT,Tennessee,74.0,277.0,4.81,27.0,31.0,108.0,7.1,4.12,DL,22.0,,,,,,,,,,,,,,,,,,,,,,,,3.5,54.0,29.0,83.0,12.0,,
2007,2,55,SEA,False,DB,DB,D,Maryland,22.0,2015.0,0,0,6,13.0,Josh Wilson,CB,Maryland,69.0,189.0,4.39,20.0,36.5,120.0,7.07,4.43,DB,24.0,19.2,,,,,,,,,,,,,,,,,,,,,,,,,,,,2.0,
2007,2,56,DEN,False,DE,DL,D,Texas,22.0,2011.0,0,0,1,2.0,Tim Crowder,DE,Texas,76.0,272.0,4.69,32.0,30.5,111.0,7.28,4.32,DL,39.0,,,,,,,,,,,,,,,,,,,,,,,,11.5,47.0,17.0,64.0,21.0,,
2007,2,57,PHI,False,DE,DL,D,Notre Dame,21.0,2009.0,0,0,0,5.0,Victor Abiamiri,DE,Notre Dame,76.0,267.0,4.8,25.0,,,,,DL,25.0,,,,,,,,,,,,,,,,,,,,,,,,19.0,59.0,31.0,90.0,30.5,,
2007,2,58,DET,False,DE,DL,D,Hawaii,22.0,2011.0,0,0,0,1.0,Ikaika Alama-Francis,DE,Hawaii,77.0,280.0,4.85,,,,,,DL,25.0,,,,,,,,,,,,,,,,,,,,,,,,9.0,45.0,43.0,88.0,17.5,,
2007,2,59,CAR,False,C,OL,O,USC,22.0,2019.0,2,5,9,71.0,Ryan Kalil,C,USC,75.0,299.0,4.96,34.0,26.0,104.0,7.5,4.34,OL,26.0,,,,,,,,,,,,,,,,,,,,,,,,,,,,,,
2007,2,60,MIA,False,C,OL,O,Hawaii,22.0,2014.0,0,0,8,24.0,Samson Satele,C,Hawaii,75.0,300.0,5.24,25.0,33.0,101.0,7.47,4.29,OL,12.0,,,,,,,,,,,,,,,,,,,,,,,,,,,,,,
2007,2,61,DET,False,DB,DB,D,Boise St.,23.0,2011.0,0,0,2,6.0,Gerald Alexander,S,Boise State,72.0,210.0,4.51,15.0,41.0,124.0,7.24,4.21,DB,51.0,,,,,,,,,,,,,,,,,,,,,,,,,,,,,9.0,
2007,2,63,GNB,False,RB,RB,O,Nebraska,21.0,2012.0,0,0,1,16.0,Brandon Jackson,RB,Nebraska,70.0,210.0,4.54,21.0,37.0,122.0,7.0,4.14,RB,33.0,-8.528571428571428,,,,,,,,,,291.0,1431.0,4.9,14.0,34.0,318.0,9.4,2.0,,,,,,,,,,,,
2007,2,64,TAM,False,LB,LB,D,Oregon St.,24.0,2011.0,0,0,1,11.0,Sabby Piscitelli,S,Oregon State,75.0,224.0,4.47,19.0,34.5,122.0,6.84,3.9,DB,50.0,,,,,,,,,,,,,,,,,,,,,,,,,,,,,15.0,
2007,3,66,NOR,False,DB,DB,D,Kent St.,22.0,2014.0,0,0,1,5.0,,,,,,,,,,,,DB,45.0,,,,,,,,,,,,,,,,,,,,,,,,,,,,,9.0,
2007,3,68,TAM,False,LB,LB,D,New Mexico,23.0,2012.0,0,0,3,18.0,Quincy Black,OLB,New Mexico,74.0,240.0,4.42,24.0,41.5,124.0,6.86,4.34,DB,13.0,,,,,,,,,,,,,,,,,,,,,,,,,,,,,3.0,
2007,3,70,DEN,False,T,OL,O,Notre Dame,22.0,2016.0,0,0,5,23.0,Ryan Harris,OT,Notre Dame,76.0,305.0,5.09,22.0,25.5,100.0,7.78,4.52,OL,24.0,5.666666666666667,,,,,,,,,,,,,,,,,,,,,,,,,,,,,
2007,3,71,MIA,False,RB,RB,O,Florida St.,23.0,2011.0,0,0,0,3.0,Lorenzo Booker,RB,Florida State,70.0,191.0,4.46,26.0,35.5,121.0,,,RB,48.0,,,,,,,,,,,497.0,2389.0,4.8,15.0,114.0,995.0,8.7,2.0,,,,,,,,,,,,
2007,3,72,MIN,False,DB,DB,D,Fresno St.,24.0,2009.0,0,0,0,4.0,Marcus McCauley,CB,Fresno State,73.0,203.0,4.39,17.0,36.0,129.0,6.61,4.17,DB,37.0,,,,,,,,,,,,,,,,,,,,,,,,,,,,,4.0,
2007,3,73,HOU,False,WR,WR,O,Lane,23.0,2015.0,1,1,2,18.0,Jacoby Jones,WR,Lane (TN),75.0,210.0,4.5,,34.0,129.0,7.03,4.31,,,,,,,,,,,,,,,,,,,,,,,,,,,,,,,,
2007,3,74,BAL,False,WR,WR,O,Kansas St.,24.0,2010.0,0,0,0,2.0,Yamon Figurs,WR,Kansas State,71.0,174.0,4.3,,,123.0,6.85,4.21,WR,34.0,,,,,,,,,,,,,,,,,,,73.0,1144.0,15.7,6.0,33.6,,,,,,,
2007,3,75,ATL,False,WR,WR,O,Illinois St.,22.0,2012.0,0,0,1,4.0,Laurent Robinson,WR,Illinois State,74.0,199.0,4.38,19.0,39.0,127.0,6.83,4.28,,,,,,,,,,,,,,,,,,,,,,,,,,,,,,,,
2007,3,76,SFO,False,WR,WR,O,Washington St.,22.0,2012.0,0,0,1,4.0,Jason Hill,WR,Washington State,72.0,204.0,4.32,,37.0,123.0,7.02,4.22,WR,43.0,,,,,,,,,,,,,,,,,,,148.0,2704.0,18.3,32.0,62.9,,,,,,,
2007,3,77,PIT,False,TE,TE,O,Minnesota,23.0,2015.0,0,0,6,2.0,Matt Spaeth,TE,Minnesota,79.0,270.0,4.83,,,,,,TE,47.0,,,,,,,,,,,,,,,,,,,109.0,1293.0,11.9,12.0,27.5,,,,,,,
2007,3,78,GNB,False,WR,WR,O,San Jose St.,23.0,2015.0,0,0,4,43.0,James Jones,WR,San Jose State,73.0,207.0,4.54,22.0,34.0,119.0,7.06,4.2,WR,44.0,-7.030434782608695,,,,,,,,,,,,,,,,,,126.0,1496.0,11.9,12.0,34.0,,,,,,,
2007,3,79,JAX,False,WR,WR,O,Central Florida,22.0,2011.0,0,0,2,16.0,Mike Sims-Walker,WR,Central Florida,74.0,209.0,4.35,18.0,36.5,121.0,6.92,4.39,WR,35.0,,,,,,,,,,,,,,,,,,,175.0,2370.0,13.5,16.0,67.7,,,,,,,
2007,3,80,TEN,False,WR,WR,O,Fresno St.,23.0,2008.0,0,0,0,0.0,Paul Williams,WR,Fresno State,73.0,205.0,4.45,,38.5,125.0,7.03,4.24,WR,38.0,,,,,,,,,,,,,,,,,,,72.0,1048.0,14.6,8.0,27.6,,,,,,,
2007,3,81,NYG,False,DT,DL,D,Penn St.,24.0,2010.0,0,0,0,4.0,Jay Alford,DT,Penn State,75.0,304.0,5.17,,25.5,103.0,7.81,4.83,DL,35.0,,,,,,,,,,,,,,,,,,,,,,,,16.5,39.0,30.0,69.0,26.0,,
2007,3,82,KAN,False,DT,DL,D,North Carolina St.,22.0,2009.0,0,0,1,10.0,Tank Tyler,DT,North Carolina State,74.0,306.0,5.18,42.0,28.5,,,,,,,,,,,,,,,,,,,,,,,,,,,,,,,,,,,
2007,3,83,CAR,False,DE,DL,D,Georgia,21.0,2017.0,0,0,8,47.0,Charles Johnson,DE,Georgia,74.0,270.0,4.84,33.0,34.0,118.0,7.5,,DL,26.0,,,,,,,,,,,,,,,,,,,,,,,,13.5,51.0,16.0,67.0,27.5,,
2007,3,84,STL,False,DB,DB,D,Tennessee,23.0,2011.0,0,0,0,4.0,Jonathan Wade,CB,Tennessee,70.0,195.0,4.36,,40.5,126.0,7.07,4.4,DB,24.0,,,,,,,,,,,,,,,,,,,,,,,,,,,,,6.0,
2007,3,85,SEA,False,DT,DL,D,California,22.0,2019.0,0,0,13,50.0,Brandon Mebane,DT,California,73.0,309.0,5.15,24.0,24.0,106.0,7.94,4.65,DL,25.0,,,,,,,,,,,,,,,,,,,,,,,,11.0,39.0,42.0,81.0,19.5,,
2007,3,86,BAL,False,T,OL,O,Iowa,22.0,2019.0,2,8,10,92.0,Marshal Yanda,OT,Florida State,76.0,307.0,5.15,,,,,,OL,13.0,,,,,,,,,,,,,,,,,,,,,,,,,,,,,,
2007,3,87,PHI,False,LB,LB,D,Nebraska,23.0,2012.0,0,0,2,17.0,Stewart Bradley,OLB,Nebraska,76.0,254.0,4.72,28.0,35.5,112.0,7.29,4.17,LB,20.0,,,,,,,,,,,,,,,,,,,,,,,,4.0,53.0,48.0,101.0,9.0,,
2007,3,89,GNB,False,DB,DB,D,Virginia Tech,23.0,2009.0,0,0,2,5.0,Aaron Rouse,S,Virginia Tech,76.0,223.0,4.58,16.0,35.0,,,,LB,26.0,,,,,,,,,,,,,,,,,,,,,,,,0.0,59.0,75.0,134.0,6.5,,
2007,3,90,PHI,False,RB,RB,O,Penn St.,21.0,2008.0,0,0,0,0.0,Tony Hunt,RB,Penn State,74.0,233.0,4.68,24.0,,,,,RB,45.0,,,,,,,,,,,654.0,3320.0,5.1,25.0,88.0,799.0,9.1,3.0,,,,,,,,,,,,
2007,3,91,OAK,False,DT,DL,D,Florida St.,22.0,2010.0,0,0,1,11.0,Mario Henderson,OT,Florida State,78.0,302.0,5.11,20.0,28.5,109.0,7.6,4.87,,,,,,,,,,,,,,,,,,,,,,,,,,,,,,,,
2007,3,92,BUF,False,QB,QB,O,Stanford,23.0,2012.0,0,0,2,15.0,Trent Edwards,QB,Stanford,76.0,231.0,4.76,19.0,,,7.14,4.46,QB,35.0,,487.0,865.0,56.3,5429.0,36.0,33.0,6.3,5.39,155.1,,,,,,,,,,,,,,,,,,,,
2007,3,93,CHI,False,RB,RB,O,Northern Illinois,23.0,2010.0,0,0,0,2.0,Garrett Wolfe,RB,Northern Illinois,67.0,186.0,4.39,22.0,35.5,116.0,6.69,4.08,RB,33.0,,,,,,,,,,,807.0,5164.0,6.4,52.0,58.0,588.0,10.1,5.0,,,,,,,,,,,,
2007,3,95,IND,False,DB,DB,D,California,22.0,2011.0,0,0,0,2.0,Dante Hughes,CB,California,70.0,190.0,4.56,16.0,28.5,114.0,7.28,4.43,,,,,,,,,,,,,,,,,,,,,,,,,,,,,,,,
2007,3,96,SDG,False,LB,LB,D,Clemson,23.0,2010.0,0,0,0,1.0,Anthony Waters,ILB,Clemson,75.0,245.0,4.59,25.0,,,,,LB,13.0,,,,,,,,,,,,,,,,,,,,,,,,1.5,67.0,38.0,105.0,12.5,,
2007,4,97,SFO,False,DE,DL,D,Florida,22.0,2014.0,0,0,5,35.0,Ray McDonald,DE,Florida,75.0,276.0,4.88,,,,,,DL,22.0,,,,,,,,,,,,,,,,,,,,,,,,4.0,26.0,18.0,44.0,7.5,,
2007,4,98,IND,False,DT,DL,D,Ohio St.,23.0,2007.0,0,0,0,1.0,Quinn Pitcock,DT,Ohio State,74.0,299.0,4.93,,34.0,112.0,,,DL,36.0,,,,,,,,,,,,,,,,,,,,,,,,9.0,35.0,32.0,67.0,15.0,,
2007,4,99,OAK,False,WR,WR,O,Texas-El Paso,23.0,2010.0,0,0,0,9.0,Johnnie Lee Higgins,WR,Texas-El Paso,71.0,186.0,4.48,,36.5,122.0,6.62,4.32,WR,49.0,,,,,,,,,,,,,,,,,,,190.0,3218.0,16.9,32.0,65.7,,,,,,,
2007,4,100,OAK,False,RB,RB,O,Louisville,23.0,2013.0,0,0,2,21.0,Michael Bush,RB,Louisville,73.0,243.0,4.62,,,,,,QB,25.0,,5.0,13.0,38.5,115.0,3.0,0.0,8.8,13.46,4.6,,,,,,,,,,,,,,,,,,,,
2007,4,101,JAX,False,P,P,S,Maryland,24.0,2013.0,0,0,0,6.0,Adam Podlesh,P,Maryland,71.0,202.0,4.54,,,,,,,,,,,,,,,,,,,,,,,,,,,,,,,,,,,,,
2007,4,102,MIN,False,DE,DL,D,Texas,24.0,2017.0,0,0,6,46.0,Brian Robison,DE,Texas,75.0,259.0,4.67,27.0,40.5,121.0,6.89,4.26,DL,36.0,,,,,,,,,,,,,,,,,,,,,,,,11.0,41.0,20.0,61.0,21.0,,
2007,4,103,DAL,False,QB,QB,O,Washington,23.0,2012.0,0,0,0,0.0,Isaiah Stanback,QB,Washington,74.0,216.0,4.6,22.0,,,,,QB,36.0,,269.0,523.0,51.4,3868.0,22.0,12.0,7.4,7.2,107.4,,,,,,,,,,,,,,,,,,,,
2007,4,106,TAM,False,DB,DB,D,Syracuse,22.0,2011.0,0,0,4,24.0,Tanard Jackson,S,Syracuse,72.0,200.0,4.52,12.0,32.5,121.0,6.89,4.28,DB,34.0,,,,,,,,,,,,,,,,,,,,,,,,,,,,,5.0,
2007,4,108,MIA,False,DT,DL,D,Utah,23.0,2016.0,0,1,6,32.0,Paul Soliai,DT,Utah,76.0,344.0,5.1,,29.5,103.0,7.66,4.69,DL,23.0,,,,,,,,,,,,,,,,,,,,,,,,3.0,13.0,28.0,41.0,5.0,,
2007,4,109,ATL,False,LB,LB,D,South Florida,24.0,2013.0,0,0,4,27.0,Stephen Nicholas,OLB,South Florida,73.0,232.0,4.64,29.0,33.5,110.0,7.29,4.45,LB,25.0,,,,,,,,,,,,,,,,,,,,,,,,14.5,120.0,48.0,168.0,31.0,,
2007,4,110,OAK,False,DB,DB,D,Cincinnati,23.0,2009.0,0,0,0,0.0,,,,,,,,,,,,DB,15.0,,,,,,,,,,,,,,,,,,,,,,,,,,,,,2.0,
2007,4,111,BUF,False,RB,RB,O,Fresno St.,24.0,2007.0,0,0,0,1.0,Dwayne Wright,RB,Fresno State,71.0,228.0,4.66,14.0,34.0,115.0,7.23,4.43,RB,30.0,,,,,,,,,,,501.0,2683.0,5.4,16.0,51.0,429.0,8.4,2.0,,,,,,,,,,,,
2007,4,112,PIT,False,P,P,S,Baylor,23.0,2011.0,0,0,0,7.0,Daniel Sepulveda,P,Baylor,75.0,229.0,4.62,,,,,,LB,12.0,,,,,,,,,,,,,,,,,,,,,,,,,,,,,,
2007,4,114,CIN,False,DB,DB,D,TCU,23.0,2010.0,0,0,2,6.0,Marvin White,S,TCU,73.0,199.0,4.54,17.0,33.5,,,,DB,25.0,,,,,,,,,,,,,,,,,,,,,,,,,,,,,7.0,
2007,4,115,TEN,False,C,OL,O,North Carolina St.,23.0,2013.0,0,0,3,19.0,Leroy Harris,C,North Carolina State,74.0,302.0,5.35,29.0,24.5,96.0,8.0,4.8,,,,,,,,,,,,,,,,,,,,,,,,,,,,,,,,
2007,4,116,NYG,False,LB,LB,D,Brown,23.0,2019.0,0,2,0,21.0,Zak DeOssie,ILB,Brown,77.0,250.0,4.58,26.0,34.5,122.0,6.89,4.22,,,,,,,,,,,,,,,,,,,,,,,,,,,,,,,,
2007,4,117,DET,False,G,OL,O,Texas Tech,24.0,2015.0,0,0,4,8.0,Manny Ramirez,OG,Texas Tech,75.0,326.0,5.24,40.0,,,,,OL,12.0,,,,,,,,,,,,,,,,,,,,,,,,,,,,,,
2007,4,118,CAR,False,WR,WR,O,Miami (OH),22.0,2007.0,0,0,0,0.0,Ryne Robinson,WR,Miami (OH),69.0,179.0,4.47,,35.0,123.0,6.71,4.21,WR,50.0,,,,,,,,,,,,,,,,,,,258.0,3697.0,14.3,22.0,73.9,,,,,,,
2007,4,119,GNB,False,T,OL,O,Missouri Southern,23.0,2017.0,0,0,2,6.0,Allen Barbre,OT,Missouri Southern,76.0,300.0,4.84,28.0,32.0,105.0,7.4,4.63,,,,,,,,,,,,,,,,,,,,,,,,,,,,,,,,
2007,4,120,SEA,False,DE,DL,D,Miami (FL),22.0,2008.0,0,0,0,2.0,Baraka Atkins,DE,Miami (FL),76.0,271.0,4.69,22.0,33.0,111.0,,,DL,37.0,,,,,,,,,,,,,,,,,,,,,,,,7.0,36.0,36.0,72.0,17.0,,
2007,4,121,DEN,False,DT,DL,D,Florida,21.0,2011.0,0,0,2,14.0,Marcus Thomas,DT,Florida,75.0,314.0,5.23,27.0,,,,,DL,17.0,-4.922222222222223,,,,,,,,,,,,,,,,,,,,,,,8.0,37.0,34.0,71.0,16.0,,
2007,4,122,DAL,False,T,OL,O,Northern Illinois,23.0,2016.0,0,0,7,49.0,Doug Free,OT,Northern Illinois,78.0,324.0,5.19,22.0,30.0,111.0,7.38,4.53,,,,,,,,,,,,,,,,,,,,,,,,,,,,,,,,
2007,4,123,HOU,False,DB,DB,D,South Carolina,23.0,2010.0,0,0,1,7.0,Fred Bennett,CB,South Carolina,73.0,196.0,4.46,17.0,38.5,125.0,6.67,4.3,DB,36.0,,,,,,,,,,,,,,,,,,,,,,,,,,,,,9.0,
2007,4,124,SEA,False,G,OL,O,Georgia Tech,22.0,2010.0,0,0,1,3.0,Mansfield Wrotto,OG,Georgia Tech,75.0,317.0,5.4,27.0,,92.0,8.34,4.92,OL,14.0,,,,,,,,,,,,,,,,,,,,,,,,,,,,,,
2007,4,125,NOR,False,T,OL,O,Towson,23.0,2018.0,0,2,8,40.0,,,,,,,,,,,,,,,,,,,,,,,,,,,,,,,,,,,,,,,,,,,
2007,4,126,SFO,False,DB,DB,D,Washington,22.0,2016.0,1,2,7,30.0,Dashon Goldson,S,Washington,74.0,205.0,4.6,12.0,34.5,115.0,7.37,4.46,DB,33.0,,,,,,,,,,,,,,,,,,,,,,,,,,,,,4.0,
2007,4,128,TEN,False,WR,WR,O,Florida St.,23.0,2008.0,0,0,0,0.0,Chris Davis,WR,Florida State,70.0,181.0,4.5,,35.5,115.0,6.66,4.14,WR,51.0,13.857142857142858,,,,,,,,,,,,,,,,,,137.0,1842.0,13.4,12.0,36.1,,,,,,,
2007,5,129,SDG,False,TE,TE,O,Iowa,22.0,2015.0,0,0,2,0.0,Scott Chandler,TE,Iowa,79.0,270.0,4.78,16.0,30.0,111.0,7.26,4.32,WR,37.0,,,,,,,,,,,,,,,,,,,117.0,1467.0,12.5,10.0,39.6,,,,,,,
2007,5,130,CHI,False,C,OL,O,Boston Col.,24.0,2009.0,0,0,1,10.0,Josh Beekman,OG,Boston Col.,74.0,313.0,5.36,24.0,25.5,93.0,8.24,4.81,OL,19.0,,,,,,,,,,,,,,,,,,,,,,,,,,,,,,
2007,5,131,IND,False,DB,DB,D,Troy,24.0,2008.0,0,0,0,1.0,,,,,,,,,,,,DB,24.0,,,,,,,,,,,,,,,,,,,,,,,,,,,,,2.0,4.0
2007,5,132,PIT,False,DT,DL,D,Oklahoma St.,23.0,2011.0,0,0,1,0.0,Ryan McBean,DT,Oklahoma State,76.0,286.0,4.98,27.0,28.0,108.0,7.79,4.46,DL,13.0,,,,,,,,,,,,,,,,,,,,,,,,4.5,12.0,13.0,25.0,7.0,,
2007,5,133,ATL,False,TE,TE,O,Georgia,23.0,2007.0,0,0,0,0.0,Martrez Milner,TE,Georgia,76.0,252.0,4.79,19.0,34.0,117.0,7.35,4.49,TE,48.0,,,,,,,,,,,,,,,,,,,49.0,808.0,16.5,5.0,16.8,,,,,,,
2007,5,134,BAL,False,LB,LB,D,Florida International,22.0,2014.0,0,0,0,3.0,Antwan Barnes,OLB,Florida International,73.0,240.0,4.43,31.0,35.0,122.0,7.29,4.32,LB,23.0,,,,,,,,,,,,,,,,,,,,,,,,15.5,69.0,45.0,114.0,38.0,,
2007,5,136,IND,False,LB,LB,D,Pittsburgh,22.0,2011.0,0,0,2,17.0,,,,,,,,,,,,LB,31.0,,,,,,,,,,,,,,,,,,,,,,,,1.0,86.0,43.0,129.0,14.0,,
2007,5,137,BAL,False,RB,RB,O,Alabama,22.0,2013.0,1,2,6,12.0,LeRon McClain,FB,Alabama,72.0,256.0,4.75,14.0,29.5,113.0,7.14,4.47,RB,48.0,,,,,,,,,,,37.0,170.0,4.6,2.0,48.0,405.0,8.4,8.0,,,,,,,,,,,,
2007,5,138,OAK,False,DE,DL,D,Ohio St.,23.0,2013.0,0,0,2,11.0,Jay Richardson,DE,Ohio State,78.0,279.0,5.0,20.0,33.0,112.0,7.5,4.54,DL,25.0,,,,,,,,,,,,,,,,,,,,,,,,6.0,20.0,16.0,36.0,10.5,,
2007,5,139,STL,False,C,OL,O,Clemson,23.0,2007.0,0,0,0,0.0,Dustin Fry,C,Clemson,75.0,314.0,5.28,34.0,,,,,,,,,,,,,,,,,,,,,,,,,,,,,,,,,,,,
2007,5,140,CLE,False,DB,DB,D,Memphis,22.0,2012.0,0,0,2,13.0,Brandon McDonald,CB,Memphis,71.0,181.0,4.58,17.0,33.0,118.0,7.44,4.76,DB,24.0,,,,,,,,,,,,,,,,,,,,,,,,,,,,,7.0,
2007,5,141,TAM,False,DE,DL,D,North Carolina Central,23.0,2009.0,0,0,0,2.0,,,,,,,,,,,,,,,,,,,,,,,,,,,,,,,,,,,,,,,,,,,
2007,5,142,ARI,False,WR,WR,O,Michigan,24.0,2012.0,0,0,3,22.0,Steve Breaston,WR,Michigan,72.0,193.0,4.46,,33.0,124.0,6.9,4.29,WR,48.0,,,,,,,,,,,,,,,,,,,156.0,1696.0,10.9,10.0,35.3,,,,,,,
2007,5,144,HOU,False,DB,DB,D,Stanford,22.0,2008.0,0,0,0,2.0,Brandon Harrison,S,Stanford,74.0,227.0,4.58,23.0,,,,,DB,34.0,,,,,,,,,,,,,,,,,,,,,,,,,,,,,5.0,
2007,5,146,MIN,False,WR,WR,O,East Carolina,21.0,2008.0,0,0,0,3.0,Aundrae Allison,WR,East Carolina,72.0,198.0,4.39,,37.0,127.0,,,WR,22.0,,,,,,,,,,,,,,,,,,,145.0,1732.0,11.9,11.0,78.7,,,,,,,
2007,5,147,SFO,False,DB,DB,D,Texas,22.0,2015.0,0,0,4,18.0,Tarell Brown,CB,Texas,71.0,190.0,4.45,17.0,33.5,111.0,7.0,4.37,DB,45.0,,,,,,,,,,,,,,,,,,,,,,,,,,,,,3.0,
2007,5,148,KAN,False,RB,RB,O,Louisville,22.0,2009.0,0,0,0,4.0,Kolby Smith,RB,Louisville,71.0,220.0,4.5,18.0,38.0,114.0,7.22,4.34,RB,46.0,,,,,,,,,,,316.0,1863.0,5.9,18.0,56.0,581.0,10.4,2.0,,,,,,,,,,,,
2007,5,149,JAX,False,G,OL,O,Purdue,23.0,2013.0,0,0,6,37.0,Uche Nwaneri,OG,Purdue,75.0,325.0,5.37,24.0,,,,,,,,,,,,,,,,,,,,,,,,,,,,,,,,,,,,
2007,5,152,TEN,False,DT,DL,D,Mississippi St.,22.0,2013.0,0,0,3,3.0,Antonio Johnson,DT,Mississippi State,75.0,310.0,5.15,28.0,29.0,108.0,7.47,4.49,DL,23.0,6.065217391304348,,,,,,,,,,,,,,,,,,,,,,,2.0,16.0,20.0,36.0,7.0,,
2007,5,153,NYG,False,TE,TE,O,Western Oregon,23.0,2012.0,0,0,4,14.0,Kevin Boss,TE,Western Oregon,78.0,252.0,4.78,,35.0,116.0,6.96,4.41,,,,,,,,,,,,,,,,,,,,,,,,,,,,,,,,
2007,5,154,STL,False,DT,DL,D,Michigan St.,23.0,2010.0,0,0,2,13.0,Clifton Ryan,DT,Michigan State,75.0,310.0,5.12,25.0,26.5,102.0,7.49,4.69,LB,23.0,,,,,,,,,,,,,,,,,,,,,,,,7.0,42.0,17.0,59.0,10.0,,
2007,5,155,CAR,False,TE,TE,O,Oregon,22.0,2014.0,0,0,1,7.0,Dante Rosario,TE,Oregon,75.0,244.0,4.78,20.0,36.0,115.0,6.96,4.47,TE,25.0,,,,,,,,,,,,,,,,,,,57.0,594.0,10.4,3.0,23.8,,,,,,,
2007,5,160,KAN,False,K,K,S,UCLA,23.0,2012.0,0,0,0,0.0,Justin Medlock,K,UCLA,72.0,201.0,4.89,,,,,,,,,,,,,,,,,,,,,,,,,,,,,,,,,,,,,
2007,6,161,SEA,False,LB,LB,D,Auburn,24.0,2014.0,0,0,0,7.0,,,,,,,,,,,,DB,38.0,,,,,,,,,,,,,,,,,,,,,,,,,,,,,6.0,1.0
2007,6,162,PHI,False,TE,TE,O,Cincinnati,22.0,2017.0,0,0,9,35.0,,,,,,,,,,,,TE,47.0,,,,,,,,,,,,,,,,,,,91.0,1135.0,12.5,14.0,24.1,,,,,,,
2007,6,164,CAR,False,LB,LB,D,Penn St.,23.0,2012.0,0,0,0,1.0,Tim Shaw,OLB,Penn State,73.0,236.0,4.51,26.0,36.5,116.0,7.01,4.12,LB,46.0,,,,,,,,,,,,,,,,,,,,,,,,11.5,69.0,51.0,120.0,14.5,,
2007,6,166,JAX,False,DT,DL,D,Notre Dame,23.0,2013.0,0,0,1,2.0,Derek Landri,DT,Notre Dame,74.0,288.0,4.96,24.0,,,,,DL,25.0,,,,,,,,,,,,,,,,,,,,,,,,10.0,50.0,58.0,108.0,23.5,,
2007,6,167,CHI,False,DB,DB,D,La-Monroe,23.0,2009.0,0,0,1,10.0,Kevin Payne,S,La-Monroe,72.0,220.0,4.6,20.0,35.0,106.0,7.0,4.3,DB,23.0,,,,,,,,,,,,,,,,,,,,,,,,,,,,,6.0,
2007,6,168,CHI,False,DB,DB,D,New Hampshire,22.0,2018.0,0,1,5,10.0,Corey Graham,CB,New Hampshire,72.0,195.0,4.42,10.0,,,,,,,,,,,,,,,,,,,,,,,,,,,,,,,,,,,,
2007,6,169,IND,False,WR,WR,O,Ohio St.,23.0,2008.0,0,0,0,0.0,,,,,,,,,,,,WR,45.0,,,,,,,,,,,,,,,,,,,52.0,580.0,11.2,3.0,12.9,,,,,,,
2007,6,170,PIT,False,DB,DB,D,Louisville,22.0,2017.0,0,0,7,35.0,,,,,,,,,,,,DB,34.0,,,,,,,,,,,,,,,,,,,,,,,,,,,,,7.0,3.0
2007,6,172,SDG,False,WR,WR,O,Boise St.,23.0,2012.0,0,0,2,8.0,Legedu Naanee,WR,Boise State,74.0,225.0,4.41,19.0,40.0,119.0,,,WR,26.0,,,,,,,,,,,,,,,,,,,69.0,1024.0,14.8,12.0,39.4,,,,,,,
2007,6,173,IND,False,DB,DB,D,Alabama St.,23.0,2012.0,0,0,0,1.0,Michael Coe,CB,Arkansas,73.0,190.0,4.53,17.0,35.0,122.0,6.78,4.31,,,,,,,,,,,,,,,,,,,,,,,,,,,,,,,,
2007,6,174,BAL,False,QB,QB,O,Ohio St.,23.0,2010.0,0,0,0,2.0,Troy Smith,QB,Ohio State,72.0,225.0,4.72,,,,,,QB,43.0,,420.0,670.0,62.7,5720.0,54.0,13.0,8.5,9.28,133.0,,,,,,,,,,,,,,,,,,,,
2007,6,175,OAK,False,FB,RB,O,Arkansas St.,23.0,2009.0,0,0,0,0.0,,,,,,,,,,,,RB,43.0,,,,,,,,,,,57.0,281.0,4.9,4.0,17.0,122.0,7.2,3.0,,,,,,,,,,,,
2007,6,176,MIN,False,LB,LB,D,Oklahoma,24.0,2008.0,0,0,0,0.0,Rufus Alexander,OLB,Oklahoma,73.0,228.0,4.79,25.0,35.0,117.0,7.06,4.3,LB,39.0,,,,,,,,,,,,,,,,,,,,,,,,8.5,131.0,89.0,220.0,26.5,,
2007,6,177,NYJ,False,T,OL,O,Nicholls St.,22.0,2007.0,0,0,0,0.0,,,,,,,,,,,,,,,,,,,,,,,,,,,,,,,,,,,,,,,,,,,
2007,6,178,DAL,False,K,K,S,Arizona,22.0,2025.0,0,1,2,8.0,Nick Folk,K,Arizona,73.0,225.0,4.95,,,,,,,,,,,,,,,,,,,,,,,,,,,,,,,,,,,,,
2007,6,179,WAS,False,LB,LB,D,Pittsburgh,22.0,2010.0,0,0,0,9.0,H.B. Blades,ILB,Pittsburgh,71.0,236.0,4.69,22.0,,,,,LB,48.0,,,,,,,,,,,,,,,,,,,,,,,,2.0,153.0,115.0,268.0,14.0,,
2007,6,181,MIA,False,RB,RB,O,Hawaii,23.0,2012.0,0,0,1,0.0,,,,,,,,,,,,RB,13.0,,,,,,,,,,,31.0,153.0,4.9,2.0,10.0,109.0,10.9,1.0,,,,,,,,,,,,
2007,6,182,TAM,False,LB,LB,D,Portland St.,23.0,2014.0,0,0,1,11.0,,,,,,,,,,,,,,,,,,,,,,,,,,,,,,,,,,,,,,,,,,,
2007,6,183,HOU,False,G,OL,O,Texas,23.0,2010.0,0,0,1,8.0,Kasey Studdard,OG,Texas,74.0,303.0,5.18,32.0,,,,,,,,,,,,,,,,,,,,,,,,,,,,,,,,,,,,
2007,6,184,BUF,False,DB,DB,D,Wyoming,24.0,2013.0,0,0,0,3.0,John Wendling,S,Wyoming,73.0,222.0,4.48,22.0,38.5,129.0,6.96,4.16,DB,35.0,,,,,,,,,,,,,,,,,,,,,,,,,,,,,7.0,
2007,6,185,ATL,False,DT,DL,D,Washburn,22.0,2010.0,0,0,0,4.0,,,,,,,,,,,,,,,,,,,,,,,,,,,,,,,,,,,,,,,,,,,
2007,6,189,NYG,False,T,OL,O,Oregon St.,23.0,2010.0,0,0,0,3.0,Adam Koets,OT,Oregon State,77.0,298.0,5.08,20.0,32.0,106.0,7.44,4.47,,,,,,,,,,,,,,,,,,,,,,,,,,,,,,,,
2007,6,191,GNB,False,LB,LB,D,Boise St.,24.0,2011.0,0,0,2,0.0,,,,,,,,,,,,LB,38.0,,,,,,,,,,,,,,,,,,,,,,,,5.0,108.0,109.0,217.0,12.0,,
2007,6,192,GNB,False,LB,LB,D,California,23.0,2014.0,0,0,2,17.0,Desmond Bishop,ILB,California,74.0,239.0,4.78,33.0,,,,,LB,25.0,,,,,,,,,,,,,,,,,,,,,,,,3.0,127.0,88.0,215.0,21.0,,
2007,7,193,GNB,False,K,K,S,Colorado,23.0,2023.0,0,0,1,33.0,Mason Crosby,K,Colorado,73.0,212.0,5.18,,,,,,,,,,,,,,,,,,,,,,,,,,,,,,,,,,,,,
2007,7,194,ATL,False,DB,DB,D,Auburn,24.0,2008.0,0,0,0,1.0,David Irons,CB,Auburn,70.0,190.0,4.44,11.0,29.5,111.0,7.18,4.3,DB,25.0,,,,,,,,,,,,,,,,,,,,,,,,,,,,,2.0,11.0
2007,7,195,DAL,False,FB,RB,O,Connecticut,24.0,2010.0,0,0,1,1.0,Deon Anderson,FB,Connecticut,71.0,243.0,4.73,23.0,33.0,114.0,7.27,4.43,LB,36.0,,,,,,,,,,,,,,,,,,,,,,,,,,,,,,
2007,7,196,KAN,False,T,OL,O,TCU,22.0,2012.0,0,0,0,1.0,,,,,,,,,,,,OL,12.0,,,,,,,,,,,,,,,,,,,,,,,,,,,,,,
2007,7,197,SEA,False,WR,WR,O,Auburn,23.0,2008.0,0,0,0,1.0,Courtney Taylor,WR,Auburn,74.0,204.0,4.5,,36.0,122.0,7.22,4.28,WR,50.0,,,,,,,,,,,,,,,,,,,153.0,2098.0,13.7,9.0,42.0,,,,,,,
2007,7,202,NWE,False,DB,DB,D,Notre Dame,23.0,2010.0,0,0,0,1.0,,,,,,,,,,,,DB,37.0,,,,,,,,,,,,,,,,,,,,,,,,,,,,,8.0,
2007,7,203,ATL,False,DB,DB,D,Maine,22.0,2008.0,0,0,0,1.0,Daren Stone,S,Maine,75.0,218.0,4.58,13.0,39.0,132.0,7.13,4.44,,,,,,,,,,,,,,,,,,,,,,,,,,,,,,,,
2007,7,204,TEN,False,DE,DL,D,Central Arkansas,24.0,2010.0,0,0,0,7.0,Jacob Ford,DE,Central Arkansas,76.0,249.0,4.65,19.0,,,,,,,,,,,,,,,,,,,,,,,,,,,,,,,,,,,,
2007,7,207,BAL,False,LB,LB,D,Michigan,23.0,2011.0,0,0,0,2.0,Prescott Burgess,OLB,Michigan,75.0,240.0,4.82,19.0,32.5,106.0,7.01,4.31,LB,35.0,,,,,,,,,,,,,,,,,,,,,,,,4.0,80.0,49.0,129.0,10.5,,
2007,7,210,SEA,False,WR,WR,O,Oregon,23.0,2009.0,0,0,0,0.0,Jordan Kent,WR,Oregon,76.0,217.0,4.49,,,,,,WR,21.0,,,,,,,,,,,,,,,,,,,47.0,605.0,12.9,5.0,28.8,,,,,,,
2007,7,212,DAL,False,DB,DB,D,Cal Poly-San Luis Obispo,23.0,2008.0,0,0,0,2.0,,,,,,,,,,,,,,,,,,,,,,,,,,,,,,,,,,,,,,,,,,,
2007,7,215,ARI,False,TE,TE,O,Delaware,23.0,2010.0,0,0,2,4.0,Ben Patrick,TE,Duke,75.0,252.0,4.74,,34.5,111.0,7.21,4.31,TE,31.0,,,,,,,,,,,,,,,,,,,79.0,781.0,9.9,2.0,25.2,,,,,,,
2007,7,218,HOU,False,LB,LB,D,Kansas St.,22.0,2014.0,0,0,3,14.0,,,,,,,,,,,,LB,24.0,,,,,,,,,,,,,,,,,,,,,,,,5.5,80.0,69.0,149.0,12.0,,
2007,7,219,MIA,False,LB,LB,D,Syracuse,23.0,2009.0,0,0,0,0.0,Kelvin Smith,ILB,Syracuse,74.0,240.0,4.8,26.0,32.0,110.0,7.19,4.42,LB,47.0,-5.1863636363636365,,,,,,,,,,,,,,,,,,,,,,,4.5,107.0,92.0,199.0,11.5,,
2007,7,220,NOR,False,LB,LB,D,Tennessee,22.0,2013.0,0,0,1,5.0,Marvin Mitchell,ILB,Tennessee,75.0,249.0,4.87,22.0,32.0,108.0,7.29,4.25,LB,40.0,,,,,,,,,,,,,,,,,,,,,,,,1.0,95.0,31.0,126.0,13.5,,
2007,7,221,CHI,False,DB,DB,D,Mississippi,21.0,2015.0,0,0,2,6.0,Trumaine McBride,CB,Mississippi,69.0,185.0,4.57,14.0,34.5,122.0,6.96,4.32,DB,34.0,,,,,,,,,,,,,,,,,,,,,,,,,,,,,4.0,9.0
2007,7,222,BUF,False,TE,TE,O,Boise St.,22.0,2010.0,0,0,1,2.0,Derek Schouman,FB,Boise State,74.0,247.0,4.74,27.0,37.5,122.0,7.0,4.27,TE,45.0,,,,,,,,,,,,,,,,,,,78.0,1009.0,12.9,11.0,22.4,,,,,,,
2007,7,223,TEN,False,T,OL,O,Purdue,24.0,2013.0,0,0,0,7.0,,,,,,,,,,,,,,,,,,,,,,,,,,,,,,,,,,,,,,,,,,,
2007,7,224,NYG,False,DB,DB,D,Arizona,23.0,2010.0,0,0,2,14.0,Michael Johnson,S,Arizona,75.0,205.0,4.62,15.0,33.0,114.0,7.04,4.32,DB,21.0,-5.7968253968253975,,,,,,,,,,,,,,,,,,,,,,,,,,,,5.0,
2007,7,225,MIA,False,P,P,S,Michigan St.,23.0,2015.0,0,1,0,21.0,Brandon Fields,P,Michigan State,77.0,239.0,5.26,,,,,,,,,,,,,,,,,,,,,,,,,,,,,,,,,,,,,
2007,7,226,CAR,False,DB,DB,D,Baylor,22.0,2010.0,0,0,0,1.0,C.J. Wilson,CB,Baylor,73.0,195.0,4.62,,37.5,127.0,6.81,4.2,DB,23.0,2.3851851851851853,,,,,,,,,,,,,,,,,,,,,,,,,,,,9.0,
2007,7,227,PIT,False,WR,WR,O,Florida,24.0,2008.0,0,0,0,0.0,Dallas Baker,WR,Florida,75.0,208.0,4.53,,36.0,129.0,6.69,4.19,WR,51.0,,,,,,,,,,,,,,,,,,,151.0,2236.0,14.8,21.0,43.8,,,,,,,
2007,7,228,GNB,False,RB,RB,O,Florida,23.0,2010.0,0,0,0,3.0,DeShawn Wynn,RB,Florida,70.0,232.0,4.47,,31.5,115.0,,,RB,46.0,,,,,,,,,,,446.0,2077.0,4.7,25.0,35.0,376.0,10.7,3.0,,,,,,,,,,,,
2007,7,229,JAX,False,WR,WR,O,San Jose St.,23.0,2007.0,0,0,0,2.0,,,,,,,,,,,,WR,46.0,,,,,,,,,,,,,,,,,,,103.0,1566.0,15.2,13.0,34.0,,,,,,,
2007,7,230,CIN,False,G,OL,O,Notre Dame,24.0,2007.0,0,0,0,0.0,Dan Santucci,OG,Notre Dame,75.0,301.0,5.13,23.0,29.0,102.0,7.47,4.74,OL,12.0,,,,,,,,,,,,,,,,,,,,,,,,,,,,,,
2007,7,232,SEA,False,G,OL,O,Wake Forest,23.0,2013.0,0,0,0,5.0,,,,,,,,,,,,OL,11.0,,,,,,,,,,,,,,,,,,,,,,,,,,,,,,
2007,7,234,CLE,False,WR,WR,O,Arizona,22.0,2008.0,0,0,0,1.0,Syndric Steptoe,WR,Arizona,69.0,194.0,4.59,17.0,33.0,,,,WR,44.0,,,,,,,,,,,,,,,,,,,131.0,1584.0,12.1,6.0,36.0,,,,,,,
2007,7,235,NYJ,False,WR,WR,O,Clemson,23.0,2011.0,0,0,0,5.0,Chansi Stuckey,WR,Clemson,71.0,197.0,4.56,,35.0,120.0,6.91,4.14,WR,31.0,,,,,,,,,,,,,,,,,,,139.0,1750.0,12.6,7.0,56.5,,,,,,,
2007,7,237,DAL,False,DB,DB,D,Illinois,22.0,2015.0,0,0,2,9.0,,,,,,,,,,,,DB,23.0,,,,,,,,,,,,,,,,,,,,,,,,,,,,,2.0,
2007,7,240,SDG,False,LB,LB,D,Florida,21.0,2012.0,0,0,1,10.0,Brandon Siler,ILB,Florida,74.0,241.0,4.62,,30.5,109.0,7.34,,LB,25.0,,,,,,,,,,,,,,,,,,,,,,,,7.0,86.0,55.0,141.0,19.0,,
2007,7,242,IND,False,DE,DL,D,Texas Tech,21.0,2013.0,0,0,1,13.0,,,,,,,,,,,,DL,38.0,,,,,,,,,,,,,,,,,,,,,,,,7.5,70.0,53.0,123.0,13.0,,
2007,7,244,ATL,False,RB,RB,O,Virginia,23.0,2013.0,0,0,0,21.0,Jason Snelling,FB,Virginia,71.0,230.0,4.79,,30.0,111.0,7.06,4.37,RB,23.0,,,,,,,,,,,241.0,1097.0,4.6,9.0,48.0,422.0,8.8,0.0,,,,,,,,,,,,
2007,7,245,TAM,False,DB,DB,D,Virginia,23.0,2009.0,0,0,0,0.0,,,,,,,,,,,,DB,23.0,,,,,,,,,,,,,,,,,,,,,,,,,,,,,11.0,
2007,7,246,TAM,False,RB,RB,O,Alabama,24.0,2010.0,0,0,0,0.0,Kenneth Darby,RB,Alabama,70.0,211.0,4.75,19.0,30.0,108.0,7.25,4.53,RB,47.0,,,,,,,,,,,702.0,3324.0,4.7,11.0,70.0,340.0,4.9,2.0,,,,,,,,,,,,
2007,7,249,STL,False,WR,WR,O,Wisconsin–Whitewater,22.0,2009.0,0,0,0,1.0,,,,,,,,,,,,,,,,,,,,,,,,,,,,,,,,,,,,,,,,,,,
2007,7,250,NYG,False,RB,RB,O,Marshall,21.0,2015.0,0,0,3,36.0,Ahmad Bradshaw,RB,Marshall,69.0,198.0,4.55,,34.0,112.0,6.7,4.09,RB,33.0,-12.430769230769233,,,,,,,,,,558.0,2982.0,5.3,31.0,87.0,697.0,8.0,5.0,,,,,,,,,,,,
2007,7,251,JAX,False,LB,LB,D,Elon,22.0,2008.0,0,0,0,3.0,Chad Nkang,S,Elon,71.0,220.0,4.52,23.0,36.5,118.0,7.1,4.34,,,,,,,,,,,,,,,,,,,,,,,,,,,,,,,,
2007,7,253,CIN,False,DB,DB,D,Notre Dame,22.0,2011.0,0,0,2,15.0,Chinedum Ndukwe,S,Notre Dame,74.0,206.0,4.49,15.0,37.5,,,,DB,25.0,,,,,,,,,,,,,,,,,,,,,,,,,,,,,4.0,
2007,7,254,OAK,False,WR,WR,O,Louisiana Tech,22.0,2009.0,0,0,0,1.0,Jonathan Holland,WR,Louisiana Tech,72.0,191.0,4.45,15.0,35.5,120.0,7.12,4.4,WR,46.0,,,,,,,,,,,,,,,,,,,85.0,1426.0,16.8,6.0,31.0,,,,,,,
2007,7,255,DET,False,DB,DB,D,Alabama,23.0,2009.0,0,0,0,1.0,,,,,,,,,,,,DB,36.0,,,,,,,,,,,,,,,,,,,,,,,,,,,,,4.0,
2008,1,1,MIA,False,T,OL,O,Michigan,23.0,2016.0,1,4,6,46.0,Jake Long,OT,Michigan,79.0,313.0,5.22,37.0,27.5,102.0,7.44,4.73,OL,13.0,8.422222222222222,,,,,,,,,,,,,,,,,,,,,,,,,,,,,
2008,1,2,STL,False,DE,DL,D,Virginia,23.0,2018.0,0,0,6,40.0,Chris Long,DE,Virginia,75.0,272.0,4.75,,34.0,124.0,7.02,4.21,DL,37.0,,,,,,,,,,,,,,,,,,,,,,,,20.0,90.0,92.0,182.0,36.5,,
2008,1,3,ATL,False,QB,QB,O,Boston Col.,23.0,2022.0,1,4,15,144.0,Matt Ryan,QB,Boston Col.,77.0,228.0,4.89,,,,7.4,4.51,QB,43.0,,807.0,1347.0,59.9,9313.0,56.0,37.0,6.9,6.51,216.6,,,,,,,,,,,,,,,,,,,,
2008,1,4,OAK,False,RB,RB,O,Arkansas,21.0,2017.0,0,0,4,32.0,Darren McFadden,RB,Arkansas,73.0,211.0,4.33,,33.0,128.0,,,RB,38.0,,,,,,,,,,,785.0,4590.0,5.8,41.0,46.0,365.0,7.9,2.0,,,,,,,,,,,,
2008,1,5,KAN,False,DT,DL,D,LSU,23.0,2016.0,0,0,7,26.0,Glenn Dorsey,DT,LSU,73.0,297.0,5.12,,,,,,DL,40.0,,,,,,,,,,,,,,,,,,,,,,,,13.0,71.0,83.0,154.0,25.0,,
2008,1,6,NYJ,False,DE,DL,D,Ohio St.,22.0,2010.0,0,0,0,6.0,Vernon Gholston,DE,Ohio State,75.0,266.0,4.65,37.0,35.5,125.0,7.12,4.4,DL,31.0,,,,,,,,,,,,,,,,,,,,,,,,22.5,47.0,40.0,87.0,30.5,,
2008,1,7,NOR,False,DT,DL,D,USC,23.0,2012.0,0,0,5,26.0,Sedrick Ellis,DT,USC,72.0,309.0,5.26,34.0,26.5,105.0,7.78,4.73,DL,36.0,,,,,,,,,,,,,,,,,,,,,,,,17.5,75.0,67.0,142.0,28.0,,
2008,1,8,JAX,False,DE,DL,D,Florida,21.0,2011.0,0,0,1,14.0,Derrick Harvey,DE,Florida,77.0,271.0,4.84,31.0,28.5,113.0,7.27,4.36,DL,36.0,,,,,,,,,,,,,,,,,,,,,,,,20.5,60.0,30.0,90.0,31.5,,
2008,1,9,CIN,False,LB,LB,D,USC,22.0,2014.0,0,0,4,15.0,Keith Rivers,OLB,USC,74.0,241.0,4.54,24.0,,,,,LB,49.0,,,,,,,,,,,,,,,,,,,,,,,,3.0,127.0,88.0,215.0,15.5,,
2008,1,10,NWE,False,LB,LB,D,Tennessee,22.0,2015.0,1,2,7,51.0,Jerod Mayo,ILB,Tennessee,73.0,242.0,4.54,,32.0,114.0,7.31,4.29,LB,32.0,,,,,,,,,,,,,,,,,,,,,,,,6.5,143.0,93.0,236.0,21.0,,
2008,1,11,BUF,False,DB,DB,D,Troy,23.0,2016.0,0,0,4,25.0,Leodis McKelvin,CB,Troy,70.0,190.0,4.38,17.0,33.5,121.0,7.06,4.1,DB,48.0,,,,,,,,,,,,,,,,,,,,,,,,,,,,,4.0,
2008,1,12,DEN,False,T,OL,O,Boise St.,22.0,2016.0,2,4,7,63.0,Ryan Clady,OT,Boise State,78.0,309.0,5.18,24.0,,,,,OL,13.0,,,,,,,,,,,,,,,,,,,,,,,,,,,,,,
2008,1,13,CAR,False,RB,RB,O,Oregon,21.0,2018.0,0,1,5,48.0,Jonathan Stewart,RB,Oregon,70.0,235.0,4.46,28.0,36.5,128.0,,,RB,36.0,6.6,,,,,,,,,,516.0,2891.0,5.6,27.0,49.0,334.0,6.8,4.0,,,,,,,,,,,,
2008,1,14,CHI,False,T,OL,O,Vanderbilt,23.0,2014.0,0,0,4,17.0,Chris Williams,OT,Vanderbilt,78.0,315.0,5.13,21.0,25.0,103.0,7.95,4.85,,,,,,,,,,,,,,,,,,,,,,,,,,,,,,,,
2008,1,15,KAN,False,G,OL,O,Virginia,23.0,2016.0,0,2,9,27.0,Branden Albert,OG,Virginia,78.0,309.0,5.17,23.0,26.0,111.0,7.97,4.78,OL,12.0,,,,,,,,,,,,,,,,,,,,,,,,,,,,,,
2008,1,16,ARI,False,DB,DB,D,Tennessee St.,22.0,2019.0,0,2,7,18.0,Dominique Rodgers-Cromartie,CB,Tennessee State,73.0,184.0,4.29,17.0,38.5,131.0,6.74,4.17,,,,,,,,,,,,,,,,,,,,,,,,,,,,,,,,
2008,1,17,DET,False,T,OL,O,Boston Col.,24.0,2016.0,0,0,8,27.0,Gosder Cherilus,OT,Boston Col.,78.0,314.0,5.14,24.0,23.0,102.0,7.6,4.82,OL,32.0,,,,,,,,,,,,,,,,,,,,,,,,,,,,,,
2008,1,18,BAL,False,QB,QB,O,Delaware,23.0,2025.0,0,1,12,89.0,Joe Flacco,QB,Pittsburgh,78.0,236.0,4.84,,28.5,110.0,6.82,4.27,QB,3.0,,1.0,4.0,25.0,11.0,0.0,0.0,2.8,2.75,3.7,,,,,,,,,,,,,,,,,,,,
2008,1,19,CAR,False,T,OL,O,Pittsburgh,22.0,2011.0,0,0,2,14.0,Jeff Otah,OT,Pittsburgh,78.0,322.0,5.55,27.0,22.5,102.0,,,OL,12.0,,,,,,,,,,,,,,,,,,,,,,,,,,,,,,
2008,1,20,TAM,False,DB,DB,D,Kansas,22.0,2019.0,1,5,9,14.0,Aqib Talib,CB,Kansas,73.0,202.0,4.44,10.0,38.0,131.0,6.82,4.22,DB,34.0,,,,,,,,,,,,,,,,,,,,,,,,,,,,,13.0,
2008,1,21,ATL,False,T,OL,O,USC,23.0,2013.0,0,0,3,32.0,Sam Baker,OT,USC,77.0,309.0,5.5,28.0,,,,,OL,,,,,,,,,,,,,,,,,,,,,,,,,,,,,,,
2008,1,22,DAL,False,RB,RB,O,Arkansas,21.0,2013.0,0,0,1,26.0,Felix Jones,RB,Arkansas,70.0,207.0,4.44,,33.5,124.0,6.9,4.19,RB,38.0,,,,,,,,,,,386.0,2956.0,7.7,20.0,39.0,383.0,9.8,3.0,,,,,,,,,,,,
2008,1,23,PIT,False,RB,RB,O,Illinois,21.0,2013.0,0,0,4,26.0,Rashard Mendenhall,RB,Illinois,70.0,225.0,4.41,26.0,33.5,117.0,,4.18,RB,35.0,,,,,,,,,,,388.0,2539.0,6.5,22.0,59.0,564.0,9.6,5.0,,,,,,,,,,,,
2008,1,24,TEN,False,RB,RB,O,East Carolina,22.0,2017.0,1,3,7,61.0,Chris Johnson,RB,East Carolina,71.0,197.0,4.24,,35.0,130.0,,,RB,47.0,7.083333333333333,,,,,,,,,,624.0,2982.0,4.8,32.0,125.0,1296.0,10.4,10.0,,,,,,,,,,,,
2008,1,25,DAL,False,DB,DB,D,South Florida,23.0,2015.0,0,1,4,21.0,Mike Jenkins,CB,South Florida,70.0,197.0,4.38,18.0,34.0,117.0,7.21,4.4,DB,48.0,,,,,,,,,,,,,,,,,,,,,,,,,,,,,6.0,
2008,1,26,HOU,False,T,OL,O,Virginia Tech,23.0,2023.0,1,5,15,56.0,Duane Brown,OT,Virginia Tech,76.0,315.0,5.07,24.0,27.5,105.0,7.58,4.52,OL,39.0,,,,,,,,,,,,,,,,,,,,,,,,,,,,,,
2008,1,27,SDG,False,DB,DB,D,Arizona,22.0,2014.0,0,0,4,20.0,Antoine Cason,CB,Arizona,72.0,191.0,4.45,20.0,35.5,128.0,,4.08,DB,46.0,,,,,,,,,,,,,,,,,,,,,,,,,,,,,15.0,
2008,1,28,SEA,False,DE,DL,D,USC,23.0,2012.0,0,0,2,11.0,Lawrence Jackson,DE,USC,76.0,271.0,4.82,31.0,31.0,108.0,7.08,4.4,DL,52.0,-22.1,,,,,,,,,,,,,,,,,,,,,,,24.5,89.0,59.0,148.0,40.5,,
2008,1,29,SFO,False,DT,DL,D,North Carolina,21.0,2011.0,0,0,1,2.0,Kentwan Balmer,DT,North Carolina,76.0,308.0,5.29,33.0,29.0,103.0,7.65,4.82,DL,33.0,,,,,,,,,,,,,,,,,,,,,,,,7.0,53.0,39.0,92.0,17.0,,
2008,1,30,NYJ,False,TE,TE,O,Purdue,23.0,2012.0,0,0,3,22.0,Dustin Keller,TE,Purdue,74.0,242.0,4.53,26.0,38.0,131.0,6.88,4.14,TE,46.0,,,,,,,,,,,,,,,,,,,142.0,1882.0,13.3,16.0,40.9,,,,,,,
2008,1,31,NYG,False,DB,DB,D,Miami (FL),21.0,2015.0,0,0,2,15.0,Kenny Phillips,S,Miami (FL),74.0,212.0,4.48,19.0,32.5,121.0,6.97,4.27,DB,34.0,,,,,,,,,,,,,,,,,,,,,,,,,,,,,7.0,
2008,1,32,MIA,False,DE,DL,D,Clemson,23.0,2013.0,0,0,0,6.0,Phillip Merling,DE,Clemson,76.0,276.0,4.73,17.0,,,,,DL,38.0,,,,,,,,,,,,,,,,,,,,,,,,11.5,64.0,47.0,111.0,26.0,,
2008,2,33,STL,False,WR,WR,O,Houston,24.0,2014.0,0,0,4,8.0,Donnie Avery,WR,Houston,71.0,192.0,4.43,16.0,,,,,WR,50.0,,,,,,,,,,,,,,,,,,,210.0,3289.0,15.7,19.0,65.8,,,,,,,
2008,2,34,WAS,False,WR,WR,O,Michigan St.,21.0,2011.0,0,0,1,4.0,Devin Thomas,WR,Michigan State,74.0,216.0,4.41,,28.0,126.0,7.15,4.26,WR,23.0,-2.846774193548387,,,,,,,,,,,,,,,,,,85.0,1350.0,15.9,9.0,58.7,,,,,,,
2008,2,35,KAN,False,DB,DB,D,Virginia Tech,22.0,2016.0,0,1,9,34.0,Brandon Flowers,CB,Virginia Tech,70.0,189.0,4.55,14.0,30.0,117.0,,,DB,40.0,,,,,,,,,,,,,,,,,,,,,,,,,,,,,10.0,
2008,2,36,GNB,False,WR,WR,O,Kansas St.,23.0,2018.0,0,1,7,69.0,Jordy Nelson,WR,Kansas State,75.0,217.0,4.51,,31.0,123.0,7.03,4.35,WR,36.0,,,,,,,,,,,,,,,,,,,206.0,2822.0,13.7,20.0,78.4,,,,,,,
2008,2,37,ATL,False,LB,LB,D,Oklahoma,22.0,2015.0,0,0,8,29.0,Curtis Lofton,ILB,Oklahoma,72.0,246.0,4.79,23.0,24.5,105.0,7.69,4.56,LB,32.0,,,,,,,,,,,,,,,,,,,,,,,,1.0,117.0,80.0,197.0,16.0,,
2008,2,38,SEA,False,TE,TE,O,Notre Dame,24.0,2014.0,0,0,4,12.0,John Carlson,TE,Notre Dame,77.0,251.0,4.88,20.0,30.5,113.0,7.12,4.28,TE,47.0,,,,,,,,,,,,,,,,,,,100.0,1093.0,10.9,8.0,23.3,,,,,,,
2008,2,39,SFO,False,G,OL,O,USC,22.0,2012.0,0,0,3,17.0,Chilo Rachal,OG,USC,77.0,315.0,5.16,28.0,25.5,108.0,8.01,5.14,,,,,,,,,,,,,,,,,,,,,,,,,,,,,,,,
2008,2,40,NOR,False,DB,DB,D,Indiana,22.0,2016.0,0,0,6,16.0,Tracy Porter,CB,Indiana,71.0,188.0,4.37,18.0,34.0,123.0,7.2,4.07,DB,43.0,,,,,,,,,,,,,,,,,,,,,,,,,,,,,16.0,
2008,2,41,BUF,False,WR,WR,O,Indiana,22.0,2009.0,0,0,0,1.0,James Hardy,WR,Indiana,77.0,217.0,4.45,18.0,31.5,125.0,6.84,4.2,WR,33.0,,,,,,,,,,,,,,,,,,,191.0,2740.0,14.3,36.0,83.0,,,,,,,
2008,2,42,DEN,False,WR,WR,O,Virginia Tech,22.0,2016.0,0,0,6,19.0,Eddie Royal,WR,Virginia Tech,70.0,184.0,4.39,24.0,36.0,124.0,7.07,4.34,WR,51.0,,,,,,,,,,,,,,,,,,,119.0,1778.0,14.9,12.0,34.9,,,,,,,
2008,2,43,MIN,False,DB,DB,D,Arkansas St.,23.0,2012.0,0,0,1,10.0,Tyrell Johnson,S,Arkansas State,72.0,207.0,4.41,27.0,32.0,127.0,,,DB,46.0,2.523809523809524,,,,,,,,,,,,,,,,,,,,,,,,,,,,12.0,
2008,2,44,CHI,False,RB,RB,O,Tulane,22.0,2017.0,0,2,9,78.0,Matt Forte,RB,Tulane,73.0,217.0,4.44,23.0,33.0,118.0,6.84,4.23,RB,43.0,,,,,,,,,,,833.0,4265.0,5.1,39.0,103.0,985.0,9.6,5.0,,,,,,,,,,,,
2008,2,45,DET,False,LB,LB,D,Colorado,22.0,2009.0,0,0,0,2.0,Jordon Dizon,OLB,Colorado,72.0,229.0,4.71,,30.5,118.0,7.01,4.35,LB,25.0,,,,,,,,,,,,,,,,,,,,,,,,8.5,178.0,105.0,283.0,21.5,,
2008,2,46,CIN,False,WR,WR,O,Coastal Carolina,22.0,2015.0,0,0,3,9.0,Jerome Simpson,WR,Coastal Carolina,74.0,199.0,4.42,,37.5,136.0,7.08,4.52,,,,,,,,,,,,,,,,,,,,,,,,,,,,,,,,
2008,2,47,PHI,False,DT,DL,D,Notre Dame,23.0,2011.0,0,0,0,7.0,Trevor Laws,DT,Notre Dame,73.0,304.0,5.09,35.0,30.5,103.0,7.37,4.49,DL,37.0,,,,,,,,,,,,,,,,,,,,,,,,9.0,82.0,125.0,207.0,20.5,,
2008,2,48,WAS,False,TE,TE,O,USC,22.0,2013.0,0,0,3,14.0,Fred Davis,TE,USC,75.0,255.0,4.68,24.0,,,,,WR,48.0,,,,,,,,,,,,,,,,,,,117.0,1408.0,12.0,13.0,29.3,,,,,,,
2008,2,49,PHI,False,WR,WR,O,California,21.0,2022.0,0,3,11,52.0,DeSean Jackson,WR,California,70.0,169.0,4.35,,,120.0,,,WR,36.0,,,,,,,,,,,,,,,,,,,162.0,2423.0,15.0,22.0,67.3,,,,,,,
2008,2,50,ARI,False,DE,DL,D,Miami (FL),22.0,2025.0,1,6,16,59.0,Calais Campbell,DE,Miami (FL),80.0,290.0,5.04,16.0,29.5,111.0,7.45,4.69,DL,36.0,,,,,,,,,,,,,,,,,,,,,,,,19.5,83.0,46.0,129.0,39.0,,
2008,2,51,WAS,False,WR,WR,O,Oklahoma,21.0,2009.0,0,0,1,3.0,Malcolm Kelly,WR,Oklahoma,76.0,224.0,4.68,,,,,,WR,39.0,,,,,,,,,,,,,,,,,,,144.0,2285.0,15.9,21.0,58.6,,,,,,,
2008,2,52,JAX,False,DE,DL,D,Auburn,24.0,2014.0,0,0,2,4.0,Quentin Groves,OLB,Auburn,75.0,259.0,4.53,30.0,29.5,120.0,7.31,4.42,DL,36.0,,,,,,,,,,,,,,,,,,,,,,,,19.0,60.0,36.0,96.0,28.0,,
2008,2,53,PIT,False,WR,WR,O,Texas,23.0,2009.0,0,0,0,1.0,Limas Sweed,WR,Texas,76.0,215.0,4.48,,35.0,,,,WR,44.0,,,,,,,,,,,,,,,,,,,124.0,1915.0,15.4,20.0,43.5,,,,,,,
2008,2,54,TEN,False,DE,DL,D,Eastern Michigan,22.0,2016.0,0,0,4,14.0,Jason Jones,DE,East. Michigan,77.0,273.0,4.76,18.0,25.5,123.0,7.29,4.32,DL,45.0,,,,,,,,,,,,,,,,,,,,,,,,14.0,100.0,74.0,174.0,50.0,,
2008,2,55,BAL,False,RB,RB,O,Rutgers,21.0,2013.0,0,3,5,63.0,Ray Rice,RB,Rutgers,68.0,199.0,4.42,23.0,31.5,119.0,6.65,4.2,RB,38.0,,,,,,,,,,,910.0,4926.0,5.4,49.0,37.0,334.0,9.0,1.0,,,,,,,,,,,,
2008,2,57,MIA,False,QB,QB,O,Michigan,23.0,2022.0,0,0,3,16.0,Chad Henne,QB,Michigan,75.0,230.0,4.92,,25.5,106.0,7.17,4.4,QB,47.0,,828.0,1387.0,59.7,9715.0,87.0,37.0,7.0,7.06,206.7,,,,,,,,,,,,,,,,,,,,
2008,2,58,TAM,False,WR,WR,O,Appalachian St.,22.0,2008.0,0,0,0,0.0,Dexter Jackson,WR,Appalachian State,69.0,182.0,4.33,,29.5,122.0,6.81,4.38,,,,,,,,,,,,,,,,,,,,,,,,,,,,,,,,
2008,2,59,IND,False,T,OL,O,Arizona St.,23.0,2014.0,0,0,2,22.0,Mike Pollak,C,Arizona State,75.0,301.0,4.99,29.0,25.0,110.0,7.49,4.47,,,,,,,,,,,,,,,,,,,,,,,,,,,,,,,,
2008,2,60,GNB,False,DB,DB,D,Auburn,24.0,2012.0,0,0,1,2.0,Pat Lee,CB,Colorado,72.0,200.0,4.41,15.0,31.0,120.0,7.07,4.3,DB,36.0,,,,,,,,,,,,,,,,,,,,,,,,,,,,,5.0,3.0
2008,2,61,DAL,False,TE,TE,O,Texas A&M,21.0,2017.0,0,1,8,4.0,Martellus Bennett,TE,Texas A&M,78.0,259.0,4.68,18.0,34.0,118.0,7.64,4.53,TE,35.0,,,,,,,,,,,,,,,,,,,105.0,1246.0,11.9,10.0,35.6,,,,,,,
2008,2,62,NWE,False,DB,DB,D,Colorado,23.0,2010.0,0,0,0,1.0,Terrence Wheatley,CB,Colorado,70.0,187.0,4.37,17.0,36.5,128.0,6.74,4.17,DB,42.0,,,,,,,,,,,,,,,,,,,,,,,,,,,,,14.0,
2008,2,63,NYG,False,DB,DB,D,USC,23.0,2013.0,0,0,2,18.0,Terrell Thomas,CB,USC,72.0,202.0,4.45,14.0,30.5,123.0,7.18,,DB,40.0,,,,,,,,,,,,,,,,,,,,,,,,,,,,,8.0,1.0
2008,2,64,DET,False,RB,RB,O,Central Florida,21.0,2012.0,0,0,2,19.0,Kevin Smith,RB,Central Florida,73.0,217.0,4.53,,32.0,120.0,6.74,4.49,RB,36.0,8.023076923076923,,,,,,,,,,905.0,4679.0,5.2,45.0,55.0,444.0,8.1,1.0,,,,,,,,,,,,
2008,3,65,STL,False,T,OL,O,Toledo,23.0,2018.0,0,0,5,1.0,John Greco,OT,Toledo,77.0,305.0,5.29,30.0,26.0,108.0,8.03,4.82,OL,33.0,,,,,,,,,,,,,,,,,,,,,,,,,,,,,,
2008,3,66,MIA,False,DE,DL,D,Hampton,22.0,2017.0,0,0,8,21.0,Kendall Langford,DE,Kansas State,77.0,287.0,4.95,24.0,27.0,114.0,7.72,4.69,,,,,,,,,,,,,,,,,,,,,,,,,,,,,,,,
2008,3,67,CAR,False,DB,DB,D,Iowa,22.0,2015.0,0,0,5,27.0,Charles Godfrey,CB,Iowa,72.0,207.0,4.43,14.0,32.5,121.0,7.28,4.4,DB,36.0,,,,,,,,,,,,,,,,,,,,,,,,,,,,,7.0,
2008,3,68,ATL,False,DB,DB,D,LSU,22.0,2010.0,0,0,0,4.0,Chevis Jackson,CB,LSU,72.0,192.0,4.52,13.0,36.0,125.0,6.96,4.15,DB,50.0,,,,,,,,,,,,,,,,,,,,,,,,,,,,,8.0,
2008,3,69,SDG,False,FB,RB,O,LSU,23.0,2012.0,0,0,1,6.0,Jacob Hester,FB,LSU,71.0,226.0,4.61,23.0,27.5,111.0,6.85,4.24,RB,51.0,,,,,,,,,,,364.0,1780.0,4.9,20.0,62.0,459.0,7.4,4.0,,,,,,,,,,,,
2008,3,70,CHI,False,WR,WR,O,Vanderbilt,21.0,2013.0,0,0,1,19.0,Earl Bennett,WR,Vanderbilt,71.0,209.0,4.48,15.0,26.0,110.0,7.15,4.22,WR,35.0,,,,,,,,,,,,,,,,,,,236.0,2852.0,12.1,20.0,81.5,,,,,,,
2008,3,71,BAL,False,LB,LB,D,Miami (FL),23.0,2013.0,0,0,1,7.0,Tavares Gooden,ILB,Miami (FL),73.0,234.0,4.62,22.0,35.0,118.0,,,LB,35.0,,,,,,,,,,,,,,,,,,,,,,,,0.0,84.0,54.0,138.0,5.5,,
2008,3,72,BUF,False,DE,DL,D,Virginia Tech,23.0,2010.0,0,0,0,2.0,Chris Ellis,DE,Virginia Tech,76.0,263.0,4.71,,27.0,109.0,7.64,4.65,DL,39.0,,,,,,,,,,,,,,,,,,,,,,,,19.0,58.0,74.0,132.0,28.0,,
2008,3,73,KAN,False,RB,RB,O,Texas,21.0,2018.0,2,4,4,64.0,Jamaal Charles,RB,Texas,71.0,200.0,4.38,,30.5,122.0,6.8,4.22,RB,38.0,,,,,,,,,,,533.0,3328.0,6.2,36.0,49.0,539.0,11.0,3.0,,,,,,,,,,,,
2008,3,74,CAR,False,LB,LB,D,Penn St.,22.0,2013.0,0,0,2,10.0,Dan Connor,ILB,Penn State,74.0,231.0,4.67,,,,,,LB,44.0,,,,,,,,,,,,,,,,,,,,,,,,13.0,177.0,157.0,334.0,29.5,,
2008,3,75,SFO,False,DB,DB,D,Oklahoma,21.0,2011.0,0,0,1,5.0,Reggie Smith,CB,Oklahoma,72.0,199.0,4.61,13.0,,,,,DB,39.0,,,,,,,,,,,,,,,,,,,,,,,,,,,,,8.0,
2008,3,76,KAN,False,TE,TE,O,Tennessee,23.0,2009.0,0,0,1,2.0,Brad Cottam,TE,Tennessee,79.0,270.0,4.63,24.0,33.0,,,,TE,42.0,,,,,,,,,,,,,,,,,,,21.0,341.0,16.2,1.0,8.1,,,,,,,
2008,3,77,CIN,False,DT,DL,D,Auburn,22.0,2017.0,0,0,3,19.0,Pat Sims,DT,Auburn,74.0,310.0,5.06,20.0,27.0,,,,DL,26.0,,,,,,,,,,,,,,,,,,,,,,,,7.5,38.0,15.0,53.0,16.5,,
2008,3,78,NWE,False,LB,LB,D,Michigan,23.0,2010.0,0,0,0,0.0,Shawn Crable,OLB,Michigan,77.0,245.0,4.61,29.0,28.0,111.0,7.29,4.55,LB,38.0,,,,,,,,,,,,,,,,,,,,,,,,16.5,98.0,43.0,141.0,43.5,,
2008,3,79,HOU,False,DB,DB,D,Eastern Kentucky,23.0,2012.0,0,0,0,2.0,Antwaun Molden,CB,East. Kentucky,73.0,198.0,4.39,23.0,37.5,129.0,6.85,4.14,,,,,,,,,,,,,,,,,,,,,,,,,,,,,,,,
2008,3,81,ARI,False,WR,WR,O,LSU,22.0,2012.0,0,0,0,10.0,Early Doucet,WR,LSU,72.0,209.0,4.59,,,,,,WR,45.0,,,,,,,,,,,,,,,,,,,160.0,1943.0,12.1,20.0,43.2,,,,,,,
2008,3,82,KAN,False,DB,DB,D,North Carolina St.,22.0,2010.0,0,0,0,3.0,DaJuan Morgan,S,North Carolina State,72.0,205.0,4.5,21.0,33.0,119.0,7.12,4.41,DB,36.0,,,,,,,,,,,,,,,,,,,,,,,,,,,,,6.0,
2008,3,83,TAM,False,G,OL,O,Rutgers,22.0,2016.0,0,1,8,26.0,Jeremy Zuttah,OT,Rutgers,75.0,303.0,4.99,35.0,26.5,107.0,7.59,4.54,OL,13.0,,,,,,,,,,,,,,,,,,,,,,,,,,,,,,
2008,3,84,ATL,False,WR,WR,O,Louisville,23.0,2017.0,0,0,2,28.0,Harry Douglas,WR,Louisville,71.0,176.0,4.51,,31.0,120.0,6.57,4.12,WR,46.0,,,,,,,,,,,,,,,,,,,173.0,2924.0,16.9,15.0,63.6,,,,,,,
2008,3,85,TEN,False,TE,TE,O,California,24.0,2015.0,0,0,5,5.0,Craig Stevens,TE,California,75.0,254.0,4.59,27.0,27.5,114.0,7.07,4.31,TE,50.0,17.4,,,,,,,,,,,,,,,,,,51.0,669.0,13.1,7.0,13.4,,,,,,,
2008,3,86,BAL,False,DB,DB,D,Notre Dame,23.0,2012.0,0,0,1,7.0,Tom Zbikowski,S,Notre Dame,71.0,211.0,4.44,24.0,,,,,DB,47.0,,,,,,,,,,,,,,,,,,,,,,,,,,,,,8.0,
2008,3,87,DET,False,DT,DL,D,Florida St.,23.0,2015.0,0,0,0,8.0,Andre Fluellen,DT,Florida State,74.0,296.0,5.0,28.0,,,,,DL,36.0,,,,,,,,,,,,,,,,,,,,,,,,5.5,34.0,41.0,75.0,17.5,,
2008,3,88,PIT,False,LB,LB,D,UCLA,23.0,2011.0,0,0,0,0.0,Bruce Davis,OLB,UCLA,75.0,252.0,4.78,19.0,29.0,109.0,7.34,4.47,LB,38.0,,,,,,,,,,,,,,,,,,,,,,,,26.5,85.0,35.0,120.0,39.0,,
2008,3,89,HOU,False,RB,RB,O,West Virginia,22.0,2011.0,0,0,2,21.0,Steve Slaton,RB,West Virginia,69.0,197.0,4.45,19.0,33.5,118.0,,,RB,36.0,,,,,,,,,,,664.0,3923.0,5.9,50.0,65.0,805.0,12.4,5.0,,,,,,,,,,,,
2008,3,90,CHI,False,DT,DL,D,Arkansas,24.0,2010.0,0,0,1,6.0,Marcus Harrison,DT,Arkansas,75.0,317.0,5.06,26.0,,,,,DL,47.0,,,,,,,,,,,,,,,,,,,,,,,,4.0,82.0,39.0,121.0,15.5,,
2008,3,91,GNB,False,TE,TE,O,Texas,21.0,2013.0,0,0,3,27.0,Jermichael Finley,TE,Texas,76.0,243.0,4.82,20.0,27.5,117.0,7.15,4.38,TE,26.0,,,,,,,,,,,,,,,,,,,76.0,947.0,12.5,5.0,36.4,,,,,,,
2008,3,92,DET,False,LB,LB,D,Purdue,22.0,2017.0,0,1,7,23.0,Cliff Avril,OLB,Purdue,75.0,253.0,4.51,27.0,32.5,117.0,6.9,4.51,LB,37.0,,,,,,,,,,,,,,,,,,,,,,,,12.5,104.0,53.0,157.0,32.5,,
2008,3,93,IND,False,LB,LB,D,Georgia Tech,23.0,2016.0,0,0,3,10.0,Philip Wheeler,ILB,Georgia Tech,74.0,248.0,4.76,24.0,31.0,118.0,7.11,4.29,LB,39.0,,,,,,,,,,,,,,,,,,,,,,,,19.5,135.0,108.0,243.0,35.0,,
2008,3,94,NWE,False,QB,QB,O,San Diego St.,23.0,2008.0,0,0,0,0.0,Kevin O'Connell,QB,San Diego State,77.0,225.0,4.61,,31.0,113.0,7.01,4.38,QB,39.0,,664.0,1151.0,57.7,7689.0,46.0,34.0,6.7,6.15,197.2,,,,,,,,,,,,,,,,,,,,
2008,3,95,NYG,False,WR,WR,O,Michigan,22.0,2013.0,0,0,4,18.0,Mario Manningham,WR,Michigan,72.0,181.0,4.59,16.0,32.0,117.0,7.34,4.27,WR,34.0,,,,,,,,,,,,,,,,,,,137.0,2310.0,16.9,27.0,67.9,,,,,,,
2008,3,96,WAS,False,T,OL,O,Northern Iowa,23.0,2014.0,0,0,1,2.0,Chad Rinehart,OG,New Mexico,77.0,320.0,5.42,26.0,28.5,106.0,7.84,4.56,,,,,,,,,,,,,,,,,,,,,,,,,,,,,,,,
2008,4,97,CIN,False,WR,WR,O,Florida,23.0,2015.0,0,0,0,10.0,Andre Caldwell,WR,Florida,72.0,204.0,4.35,,33.0,124.0,6.75,4.11,WR,53.0,,,,,,,,,,,,,,,,,,,185.0,2349.0,12.7,16.0,44.3,,,,,,,
2008,4,98,ATL,False,DB,DB,D,California,23.0,2014.0,0,1,6,34.0,Thomas DeCoud,S,California,73.0,207.0,4.5,,35.5,122.0,6.85,4.27,DB,34.0,,,,,,,,,,,,,,,,,,,,,,,,,,,,,1.0,3.0
2008,4,99,BAL,False,G,OL,O,Texas-El Paso,24.0,2014.0,0,0,0,4.0,Oniel Cousins,OT,Texas-El Paso,76.0,308.0,5.11,23.0,24.5,107.0,7.9,4.8,OL,12.0,,,,,,,,,,,,,,,,,,,,,,,,,,,,,,
2008,4,100,OAK,False,DB,DB,D,Connecticut,21.0,2017.0,0,0,5,22.0,Tyvon Branch,CB,Connecticut,71.0,204.0,4.31,19.0,34.0,120.0,,4.4,DB,48.0,,,,,,,,,,,,,,,,,,,,,,,,,,,,,3.0,
2008,4,101,STL,False,DB,DB,D,Penn St.,21.0,2012.0,0,0,1,9.0,Justin King,CB,Penn State,71.0,192.0,4.31,14.0,34.0,127.0,7.14,4.31,DB,38.0,15.1,,,,,,,,,,,,,,,,,,,,,,,,,,,,3.0,
2008,4,102,GNB,False,DE,DL,D,Wake Forest,22.0,2009.0,0,0,0,1.0,Jeremy Thompson,DE,Wake Forest,76.0,264.0,4.75,25.0,32.0,117.0,6.97,4.23,DL,46.0,,,,,,,,,,,,,,,,,,,,,,,,7.5,68.0,28.0,96.0,17.5,,
2008,4,103,TEN,False,DE,DL,D,Winston-Salem St.,23.0,2018.0,0,0,4,8.0,,,,,,,,,,,,,,,,,,,,,,,,,,,,,,,,,,,,,,,,,,,
2008,4,104,CLE,False,LB,LB,D,UNLV,22.0,2008.0,0,0,0,0.0,Beau Bell,ILB,UNLV,73.0,244.0,4.9,25.0,,,,,LB,41.0,,,,,,,,,,,,,,,,,,,,,,,,10.5,170.0,124.0,294.0,26.0,,
2008,4,105,KAN,False,WR,WR,O,Missouri,22.0,2008.0,0,0,0,1.0,Will Franklin,WR,Missouri,72.0,214.0,4.37,,34.5,,,,WR,44.0,,,,,,,,,,,,,,,,,,,143.0,2125.0,14.9,13.0,48.3,,,,,,,
2008,4,106,BAL,False,WR,WR,O,New Mexico,23.0,2010.0,0,0,0,0.0,Marcus Smith,WR,New Mexico,73.0,221.0,4.51,20.0,26.5,111.0,7.1,4.42,WR,49.0,-12.359375,,,,,,,,,,,,,,,,,,153.0,2073.0,13.5,13.0,42.3,,,,,,,
2008,4,107,SFO,False,C,OL,O,Texas A&M,23.0,2015.0,0,0,1,0.0,Cody Wallace,C,Texas A&M,76.0,296.0,5.3,26.0,30.5,113.0,7.45,4.55,OL,24.0,,,,,,,,,,,,,,,,,,,,,,,,,,,,,,
2008,4,108,DEN,False,C,OL,O,Bowling Green,23.0,2016.0,0,0,4,1.0,Kory Lichtensteiger,C,Bowling Green,74.0,298.0,5.25,,23.0,104.0,7.6,4.56,,,,,,,,,,,,,,,,,,,,,,,,,,,,,,,,
2008,4,109,PHI,False,T,OL,O,Pittsburgh,23.0,2015.0,0,0,4,8.0,Mike McGlynn,OG,Pittsburgh,76.0,311.0,5.38,30.0,23.0,101.0,7.58,4.72,,,,,,,,,,,,,,,,,,,,,,,,,,,,,,,,
2008,4,111,CLE,False,TE,TE,O,Missouri,23.0,2011.0,0,0,0,0.0,Martin Rucker,TE,Missouri,77.0,251.0,4.75,20.0,,,,,TE,50.0,,,,,,,,,,,,,,,,,,,203.0,2175.0,10.7,18.0,43.5,,,,,,,
2008,4,112,CIN,False,T,OL,O,Kansas,22.0,2014.0,0,0,1,12.0,Anthony Collins,OT,Kansas,77.0,317.0,5.54,26.0,22.5,97.0,7.71,4.87,,,,,,,,,,,,,,,,,,,,,,,,,,,,,,,,
2008,4,113,NYJ,False,DB,DB,D,San Jose St.,22.0,2016.0,0,0,6,9.0,Dwight Lowery,CB,San Jose State,71.0,201.0,4.54,16.0,33.5,116.0,7.31,4.38,DB,25.0,,,,,,,,,,,,,,,,,,,,,,,,,,,,,13.0,
2008,4,114,BUF,False,DB,DB,D,Akron,24.0,2011.0,0,0,0,8.0,,,,,,,,,,,,DB,48.0,,,,,,,,,,,,,,,,,,,,,,,,,,,,,15.0,
2008,4,115,TAM,False,DT,DL,D,Maryland,23.0,2009.0,0,0,0,1.0,Dre Moore,DT,Maryland,76.0,305.0,4.84,31.0,28.0,105.0,7.73,4.55,DL,37.0,,,,,,,,,,,,,,,,,,,,,,,,9.5,58.0,69.0,127.0,17.5,,
2008,4,116,ARI,False,DE,DL,D,Iowa,23.0,2010.0,0,0,0,2.0,Kenny Iwebema,DE,Iowa,76.0,274.0,4.91,26.0,29.0,109.0,7.62,4.75,DL,41.0,,,,,,,,,,,,,,,,,,,,,,,,13.5,58.0,45.0,103.0,20.0,,
2008,4,117,PHI,False,DB,DB,D,Texas-El Paso,23.0,2017.0,0,0,3,2.0,Quintin Demps,S,Texas-El Paso,72.0,206.0,4.39,16.0,31.5,110.0,,,DB,47.0,,,,,,,,,,,,,,,,,,,,,,,,,,,,,17.0,
2008,4,118,HOU,False,LB,LB,D,Virginia Tech,23.0,2012.0,0,0,0,4.0,Xavier Adibi,OLB,Virginia Tech,74.0,232.0,4.69,,30.0,110.0,,4.47,LB,47.0,,,,,,,,,,,,,,,,,,,,,,,,9.0,112.0,154.0,266.0,25.0,,
2008,4,119,DEN,False,DB,DB,D,Kent St.,23.0,2009.0,0,0,0,2.0,Jack Williams,S,Azusa Pacific,70.0,206.0,4.72,15.0,31.5,108.0,7.15,4.65,DB,44.0,-13.7,,,,,,,,,,,,,,,,,,,,,,,,,,,,13.0,
2008,4,120,CHI,False,DB,DB,D,LSU,22.0,2013.0,0,0,0,6.0,Craig Steltz,S,LSU,73.0,213.0,4.63,,,,,,DB,40.0,,,,,,,,,,,,,,,,,,,,,,,,,,,,,10.0,
2008,4,121,SEA,False,DT,DL,D,Texas A&M,24.0,2015.0,0,0,4,26.0,Red Bryant,DT,Texas A&M,76.0,318.0,5.0,20.0,28.0,111.0,7.75,4.64,DL,23.0,,,,,,,,,,,,,,,,,,,,,,,,2.0,21.0,44.0,65.0,8.5,,
2008,4,122,DAL,False,RB,RB,O,Georgia Tech,23.0,2013.0,0,0,0,10.0,Tashard Choice,RB,Georgia Tech,70.0,215.0,4.48,20.0,34.0,119.0,6.88,,RB,46.0,,,,,,,,,,,697.0,3465.0,5.0,28.0,41.0,288.0,7.0,0.0,,,,,,,,,,,,
2008,4,123,NYG,False,LB,LB,D,BYU,24.0,2013.0,0,0,0,4.0,Bryan Kehl,OLB,BYU,74.0,242.0,4.67,26.0,34.0,119.0,6.88,4.23,LB,38.0,,,,,,,,,,,,,,,,,,,,,,,,6.5,102.0,89.0,191.0,20.5,,
2008,4,124,WAS,False,DB,DB,D,Arizona St.,24.0,2012.0,0,0,0,3.0,Justin Tryon,CB,Arizona State,69.0,190.0,4.42,21.0,32.5,119.0,7.41,4.28,DB,26.0,,,,,,,,,,,,,,,,,,,,,,,,,,,,,4.0,
2008,4,126,TEN,False,WR,WR,O,California,22.0,2013.0,0,0,0,7.0,Lavelle Hawkins,WR,California,71.0,187.0,4.57,14.0,,117.0,,,WR,35.0,,,,,,,,,,,,,,,,,,,136.0,1748.0,12.9,12.0,49.9,,,,,,,
2008,4,127,IND,False,TE,TE,O,Kentucky,23.0,2016.0,0,0,2,7.0,Jacob Tamme,TE,Kentucky,75.0,236.0,4.58,18.0,30.0,109.0,6.99,4.27,WR,47.0,,,,,,,,,,,,,,,,,,,133.0,1417.0,10.7,11.0,30.1,,,,,,,
2008,4,128,STL,False,WR,WR,O,Kentucky,23.0,2009.0,0,0,1,3.0,Keenan Burton,WR,Kentucky,72.0,201.0,4.44,10.0,38.5,125.0,6.77,4.2,WR,46.0,,,,,,,,,,,,,,,,,,,189.0,2376.0,12.6,25.0,51.7,,,,,,,
2008,5,129,NWE,False,DB,DB,D,Auburn,24.0,2011.0,0,0,0,8.0,Jonathan Wilhite,CB,Auburn,69.0,185.0,4.38,20.0,33.5,119.0,,,DB,34.0,,,,,,,,,,,,,,,,,,,,,,,,,,,,,3.0,5.0
2008,5,130,PIT,False,T,OL,O,Texas,23.0,2016.0,0,0,0,0.0,Tony Hills,OT,Texas,77.0,309.0,5.16,,,,,,,,,,,,,,,,,,,,,,,,,,,,,,,,,,,,,
2008,5,131,PHI,False,DB,DB,D,Wisconsin,22.0,2009.0,0,0,0,0.0,Jack Ikegwuonu,CB,Wisconsin,70.0,194.0,4.44,,,,,,DB,39.0,,,,,,,,,,,,,,,,,,,,,,,,,,,,,6.0,
2008,5,132,BUF,False,TE,TE,O,Kansas,25.0,2009.0,0,0,1,2.0,Derek Fine,TE,Kansas,75.0,251.0,4.83,24.0,29.0,115.0,6.8,4.19,TE,48.0,,,,,,,,,,,,,,,,,,,98.0,1009.0,10.3,10.0,21.0,,,,,,,
2008,5,133,BAL,False,T,OL,O,Weber St.,25.0,2009.0,0,0,0,1.0,David Hale,OT,Weber State,78.0,314.0,5.27,25.0,26.0,100.0,7.69,4.75,,,,,,,,,,,,,,,,,,,,,,,,,,,,,,,,
2008,5,134,TEN,False,LB,LB,D,Purdue,23.0,2010.0,0,0,0,2.0,Stanford Keglar,OLB,Purdue,74.0,239.0,4.58,29.0,34.0,126.0,6.7,3.98,LB,49.0,,,,,,,,,,,,,,,,,,,,,,,,1.0,115.0,74.0,189.0,9.0,,
2008,5,135,GNB,False,T,OL,O,Central Florida,22.0,2018.0,0,4,9,74.0,,,,,,,,,,,,,,,,,,,,,,,,,,,,,,,,,,,,,,,,,,,
2008,5,138,ATL,False,LB,LB,D,Arizona St.,24.0,2013.0,0,0,0,1.0,Robert James,OLB,Arizona State,70.0,219.0,4.7,22.0,,,,,LB,32.0,,,,,,,,,,,,,,,,,,,,,,,,4.5,97.0,71.0,168.0,19.0,,
2008,5,139,DEN,False,RB,RB,O,Arizona St.,22.0,2012.0,0,0,1,0.0,Ryan Torain,RB,Arizona State,72.0,222.0,4.61,21.0,34.0,120.0,,,RB,19.0,,,,,,,,,,,333.0,1782.0,5.4,12.0,25.0,305.0,12.2,5.0,,,,,,,,,,,,
2008,5,140,KAN,False,DB,DB,D,Grand Valley St.,22.0,2020.0,0,0,12,20.0,,,,,,,,,,,,,,,,,,,,,,,,,,,,,,,,,,,,,,,,,,,
2008,5,141,CAR,False,TE,TE,O,Louisville,22.0,2016.0,0,1,4,3.0,Gary Barnidge,TE,Louisville,78.0,243.0,4.61,22.0,31.0,117.0,6.92,4.23,TE,47.0,,,,,,,,,,,,,,,,,,,108.0,1491.0,13.8,17.0,31.7,,,,,,,
2008,5,142,CHI,False,DB,DB,D,Nebraska,23.0,2015.0,0,0,1,12.0,Zack Bowman,CB,Nebraska,72.0,197.0,4.39,18.0,30.5,122.0,7.1,4.21,DB,22.0,,,,,,,,,,,,,,,,,,,,,,,,,,,,,3.0,
2008,5,143,DAL,False,DB,DB,D,Boise St.,21.0,2019.0,0,0,4,25.0,Orlando Scandrick,CB,Boise State,70.0,192.0,4.32,,33.5,125.0,6.83,,DB,39.0,,,,,,,,,,,,,,,,,,,,,,,,,,,,,4.0,
2008,5,144,NOR,False,DT,DL,D,North Carolina St.,22.0,2011.0,0,0,0,1.0,DeMario Pressley,DT,North Carolina State,75.0,301.0,5.09,28.0,25.5,100.0,,,DL,34.0,,,,,,,,,,,,,,,,,,,,,,,,4.0,43.0,56.0,99.0,16.5,,
2008,5,145,CIN,False,DT,DL,D,Fresno St.,22.0,2011.0,0,0,0,0.0,,,,,,,,,,,,DL,24.0,,,,,,,,,,,,,,,,,,,,,,,,4.0,17.0,24.0,41.0,11.5,,
2008,5,146,DET,False,FB,RB,O,Furman,22.0,2016.0,0,1,3,2.0,Jerome Felton,FB,Furman,72.0,241.0,4.68,30.0,32.5,110.0,7.2,4.46,,,,,,,,,,,,,,,,,,,,,,,,,,,,,,,,
2008,5,149,ARI,False,RB,RB,O,Richmond,22.0,2016.0,0,0,2,18.0,,,,,,,,,,,,,,,,,,,,,,,,,,,,,,,,,,,,,,,,,,,
2008,5,150,GNB,False,T,OL,O,Louisville,22.0,2017.0,0,0,5,0.0,Breno Giacomini,OT,Louisville,79.0,303.0,5.2,23.0,22.5,108.0,7.56,4.63,TE,27.0,,,,,,,,,,,,,,,,,,,4.0,19.0,4.8,1.0,0.7,,,,,,,
2008,5,151,HOU,False,DT,DL,D,Texas,22.0,2011.0,0,0,0,0.0,Frank Okam,DT,Texas,76.0,347.0,5.32,32.0,23.0,104.0,8.07,4.95,DL,48.0,,,,,,,,,,,,,,,,,,,,,,,,7.5,45.0,50.0,95.0,15.0,,
2008,5,152,MIN,False,DT,DL,D,Florida St.,21.0,2016.0,0,0,4,13.0,Letroy Guion,DT,Florida State,75.0,303.0,5.31,26.0,,,,,DL,23.0,,,,,,,,,,,,,,,,,,,,,,,,1.5,29.0,27.0,56.0,10.5,,
2008,5,153,NWE,False,WR,WR,O,UCLA,22.0,2023.0,2,10,0,0.0,,,,,,,,,,,,DB,26.0,,,,,,,,,,,,,,,,,,,,,,,,,,,,,0.0,
2008,5,154,ATL,False,LB,LB,D,Montana,22.0,2015.0,0,0,3,24.0,Kroy Biermann,OLB,Montana,75.0,246.0,4.85,29.0,31.5,112.0,7.08,4.56,,,,,,,,,,,,,,,,,,,,,,,,,,,,,,,,
2008,5,155,JAX,False,LB,LB,D,USC,23.0,2011.0,0,0,0,0.0,Thomas Williams,ILB,USC,73.0,238.0,4.86,26.0,29.5,113.0,,,LB,36.0,,,,,,,,,,,,,,,,,,,,,,,,2.0,69.0,34.0,103.0,10.5,,
2008,5,156,PIT,False,QB,QB,O,Oregon,23.0,2010.0,0,0,0,2.0,Dennis Dixon,QB,Oregon,75.0,195.0,4.58,,,,,,QB,40.0,,444.0,695.0,63.9,5129.0,38.0,21.0,7.4,7.11,128.2,,,,,,,,,,,,,,,,,,,,
2008,5,157,STL,False,G,OL,O,Oregon St.,24.0,2008.0,0,0,0,0.0,Roy Schuening,OG,Oregon State,76.0,306.0,5.29,26.0,25.0,,,,OL,33.0,,,,,,,,,,,,,,,,,,,,,,,,,,,,,,
2008,5,158,CHI,False,TE,TE,O,Michigan St.,22.0,2016.0,0,0,4,5.0,Kellen Davis,TE,Michigan State,78.0,262.0,4.59,22.0,28.0,118.0,7.25,4.38,TE,42.0,,,,,,,,,,,,,,,,,,,60.0,789.0,13.2,9.0,18.8,,,,,,,
2008,5,160,TAM,False,QB,QB,O,San Diego,22.0,2025.0,0,0,0,3.0,Josh Johnson,QB,San Diego,75.0,213.0,4.53,,33.5,110.0,7.56,4.42,,,,,,,,,,,,,,,,,,,,,,,,,,,,,,,,
2008,6,161,IND,False,LB,LB,D,Georgia,22.0,2008.0,0,0,0,1.0,Marcus Howard,OLB,Georgia,72.0,237.0,4.45,27.0,34.5,,,,LB,39.0,,,,,,,,,,,,,,,,,,,,,,,,12.5,56.0,20.0,76.0,14.5,,
2008,6,163,SEA,False,FB,RB,O,West Virginia,23.0,2012.0,0,0,0,0.0,Owen Schmitt,FB,West Virginia,74.0,247.0,4.73,26.0,,,,,RB,38.0,,,,,,,,,,,160.0,1003.0,6.3,13.0,32.0,288.0,9.0,2.0,,,,,,,,,,,,
2008,6,164,NOR,False,T,OL,O,Nebraska,23.0,2013.0,1,2,4,49.0,Carl Nicks,OT,Nebraska,77.0,341.0,5.22,31.0,25.5,109.0,7.91,4.68,OL,12.0,,,,,,,,,,,,,,,,,,,,,,,,,,,,,,
2008,6,165,NYG,False,LB,LB,D,Vanderbilt,22.0,2010.0,0,0,1,9.0,Jonathan Goff,ILB,Vanderbilt,74.0,245.0,4.63,28.0,31.5,118.0,6.86,4.26,LB,35.0,,,,,,,,,,,,,,,,,,,,,,,,6.5,171.0,98.0,269.0,15.5,,
2008,6,168,WAS,False,P,P,S,Georgia Tech,23.0,2008.0,0,0,0,0.0,Durant Brooks,P,Georgia Tech,72.0,204.0,5.2,,,,,,,,,,,,,,,,,,,,,,,,,,,,,,,,,,,,,
2008,6,169,OAK,False,DE,DL,D,Buffalo,24.0,2014.0,0,0,2,9.0,,,,,,,,,,,,DL,24.0,,,,,,,,,,,,,,,,,,,,,,,,19.0,54.0,37.0,91.0,28.5,,
2008,6,170,KAN,False,T,OL,O,Clemson,22.0,2013.0,0,0,3,12.0,Barry Richardson,OT,Clemson,79.0,320.0,5.45,24.0,25.5,100.0,8.0,5.16,,,,,,,,,,,,,,,,,,,,,,,,,,,,,,,,
2008,6,173,HOU,False,DB,DB,D,Minnesota,22.0,2011.0,0,0,0,5.0,Dominique Barber,S,Minnesota,72.0,210.0,4.68,23.0,34.0,117.0,7.08,4.34,DB,37.0,,,,,,,,,,,,,,,,,,,,,,,,,,,,,4.0,8.0
2008,6,174,SFO,False,WR,WR,O,Virginia Tech,23.0,2014.0,0,0,5,13.0,Josh Morgan,WR,Virginia Tech,72.0,219.0,4.46,,,,,,WR,51.0,,,,,,,,,,,,,,,,,,,122.0,1817.0,14.9,16.0,35.6,,,,,,,
2008,6,175,TAM,False,LB,LB,D,Florida St.,21.0,2014.0,0,0,5,18.0,Geno Hayes,OLB,Florida State,73.0,226.0,4.64,22.0,26.5,116.0,7.22,4.48,LB,36.0,,,,,,,,,,,,,,,,,,,,,,,,8.0,82.0,57.0,139.0,29.5,,
2008,6,177,CIN,False,DB,DB,D,Appalachian St.,23.0,2013.0,0,0,0,1.0,,,,,,,,,,,,,,,,,,,,,,,,,,,,,,,,,,,,,,,,,,,
2008,6,178,NOR,False,K,K,S,Wisconsin,23.0,2008.0,0,0,0,0.0,Taylor Mehlhaff,K,Wisconsin,70.0,183.0,4.92,13.0,,,,,,,,,,,,,,,,,,,,,,,,,,,,,,,,,,,,
2008,6,179,BUF,False,RB,RB,O,NW Missouri St.,23.0,2009.0,0,0,0,0.0,Xavier Omon,RB,Northwest Missouri State,71.0,228.0,4.52,17.0,31.0,112.0,,,,,,,,,,,,,,,,,,,,,,,,,,,,,,,,,,
2008,6,180,WAS,False,DB,DB,D,Nicholls St.,24.0,2010.0,0,0,1,7.0,,,,,,,,,,,,,,,,,,,,,,,,,,,,,,,,,,,,,,,,,,,
2008,6,181,CAR,False,DT,DL,D,Wisconsin,22.0,2015.0,0,0,4,7.0,Nick Hayden,DT,Wisconsin,76.0,291.0,5.14,34.0,27.0,108.0,7.55,4.54,DL,39.0,,,,,,,,,,,,,,,,,,,,,,,,10.0,70.0,61.0,131.0,21.5,,
2008,6,182,KAN,False,WR,WR,O,Utah St.,23.0,2008.0,0,0,0,0.0,Kevin Robinson,WR,Utah State,71.0,202.0,4.69,,27.5,115.0,7.31,4.77,WR,46.0,,,,,,,,,,,,,,,,,,,178.0,2485.0,14.0,21.0,54.0,,,,,,,
2008,6,183,DEN,False,LB,LB,D,Arizona,24.0,2013.0,0,0,1,4.0,Spencer Larsen,ILB,Arizona,74.0,238.0,4.85,27.0,28.5,113.0,7.68,4.55,LB,32.0,3.15,,,,,,,,,,,,,,,,,,,,,,,7.0,179.0,92.0,271.0,28.5,,
2008,6,187,MIN,False,C,OL,O,Notre Dame,23.0,2018.0,0,0,8,35.0,John Sullivan,C,Notre Dame,75.0,301.0,5.35,21.0,30.0,103.0,7.62,4.55,,,,,,,,,,,,,,,,,,,,,,,,,,,,,,,,
2008,6,190,CLE,False,DT,DL,D,Iowa St.,22.0,2017.0,0,0,7,32.0,Ahtyba Rubin,DT,Iowa State,75.0,315.0,5.2,35.0,28.0,106.0,8.05,5.0,OL,12.0,,,,,,,,,,,,,,,,,,,,,,,,,,,,,,
2008,7,193,MIN,False,WR,WR,O,Jackson St.,24.0,2011.0,0,0,0,0.0,Jaymar Johnson,WR,Jackson State,71.0,177.0,4.5,14.0,32.0,118.0,6.75,4.18,,,,,,,,,,,,,,,,,,,,,,,,,,,,,,,,
2008,7,194,PIT,False,DB,DB,D,West Virginia,23.0,2014.0,0,0,1,7.0,,,,,,,,,,,,DB,36.0,,,,,,,,,,,,,,,,,,,,,,,,,,,,,6.0,
2008,7,195,MIA,False,G,OL,O,Connecticut,22.0,2013.0,0,0,1,8.0,Donald Thomas,OG,Connecticut,75.0,303.0,5.0,28.0,24.5,100.0,7.45,4.78,OL,23.0,,,,,,,,,,,,,,,,,,,,,,,,,,,,,,
2008,7,196,IND,False,TE,TE,O,Virginia,22.0,2009.0,0,0,0,2.0,Tom Santi,TE,Virginia,75.0,250.0,4.8,14.0,36.0,121.0,7.08,4.27,TE,47.0,,,,,,,,,,,,,,,,,,,97.0,1184.0,12.2,6.0,25.2,,,,,,,
2008,7,200,PHI,False,LB,LB,D,North Dakota St.,23.0,2015.0,0,0,2,1.0,,,,,,,,,,,,,,,,,,,,,,,,,,,,,,,,,,,,,,,,,,,
2008,7,201,IND,False,C,OL,O,Wake Forest,24.0,2008.0,0,0,0,1.0,Steve Justice,C,Wake Forest,75.0,293.0,5.24,23.0,21.0,98.0,7.4,4.58,OL,24.0,,,,,,,,,,,,,,,,,,,,,,,,,,,,,,
2008,7,202,IND,False,RB,RB,O,Michigan,22.0,2010.0,0,0,0,3.0,Mike Hart,RB,Michigan,69.0,206.0,4.69,23.0,28.0,110.0,,,RB,43.0,,,,,,,,,,,1015.0,5040.0,5.0,41.0,67.0,566.0,8.4,2.0,,,,,,,,,,,,
2008,7,204,MIA,False,RB,RB,O,Montana,24.0,2012.0,0,0,1,3.0,Lex Hilliard,FB,Montana,71.0,231.0,4.68,,32.0,122.0,7.01,4.2,,,,,,,,,,,,,,,,,,,,,,,,,,,,,,,,
2008,7,205,IND,False,WR,WR,O,Mount Union,22.0,2018.0,0,0,10,21.0,Pierre Garcon,WR,Mount Union,72.0,210.0,4.42,20.0,36.5,125.0,6.9,4.19,,,,,,,,,,,,,,,,,,,,,,,,,,,,,,,,
2008,7,206,BAL,False,DB,DB,D,Cincinnati,22.0,2012.0,0,0,1,4.0,,,,,,,,,,,,DB,37.0,,,,,,,,,,,,,,,,,,,,,,,,,,,,,7.0,
2008,7,209,GNB,False,QB,QB,O,LSU,23.0,2014.0,0,0,0,7.0,Matt Flynn,QB,LSU,74.0,231.0,4.79,,28.0,109.0,7.21,4.34,QB,41.0,-4.03125,245.0,437.0,56.1,3096.0,31.0,13.0,7.1,7.16,75.5,,,,,,,,,,,,,,,,,,,,
2008,7,210,KAN,False,DE,DL,D,Gardner-Webb,22.0,2008.0,0,0,0,0.0,,,,,,,,,,,,,,,,,,,,,,,,,,,,,,,,,,,,,,,,,,,
2008,7,213,JAX,False,RB,RB,O,USC,23.0,2011.0,0,0,0,0.0,Chauncey Washington,RB,USC,71.0,211.0,4.45,,,,,,RB,32.0,,,,,,,,,,,371.0,1778.0,4.8,19.0,17.0,158.0,9.3,2.0,,,,,,,,,,,,
2008,7,214,SFO,False,LB,LB,D,Ohio St.,23.0,2013.0,0,0,1,4.0,Larry Grant,OLB,Ohio State,73.0,235.0,4.76,20.0,31.5,113.0,6.77,4.22,LB,25.0,,,,,,,,,,,,,,,,,,,,,,,,5.5,43.0,26.0,69.0,10.0,,
2008,7,215,BAL,False,WR,WR,O,Virginia Tech,23.0,2009.0,0,0,0,0.0,Justin Harper,WR,Virginia Tech,75.0,213.0,4.56,,28.5,120.0,7.03,4.43,WR,50.0,,,,,,,,,,,,,,,,,,,83.0,1338.0,16.1,8.0,26.8,,,,,,,
2008,7,216,DET,False,DT,DL,D,Ohio,22.0,2014.0,0,0,0,2.0,,,,,,,,,,,,DL,37.0,,,,,,,,,,,,,,,,,,,,,,,,5.5,61.0,66.0,127.0,36.5,,
2008,7,217,GNB,False,WR,WR,O,San Diego St.,23.0,2011.0,0,0,0,1.0,,,,,,,,,,,,WR,44.0,,,,,,,,,,,,,,,,,,,133.0,1893.0,14.2,8.0,43.0,,,,,,,
2008,7,218,DET,False,DB,DB,D,Army,23.0,2010.0,0,0,0,0.0,Caleb Campbell,S,Army,74.0,229.0,4.57,24.0,,,,,DB,32.0,,,,,,,,,,,,,,,,,,,,,,,,,,,,,6.0,2.0
2008,7,219,BUF,False,T,OL,O,Northwestern St. (LA),24.0,2012.0,0,0,2,12.0,Demetress Bell,OT,Michigan State,77.0,303.0,5.18,9.0,26.5,109.0,7.65,4.65,,,,,,,,,,,,,,,,,,,,,,,,,,,,,,,,
2008,7,220,DEN,False,DB,DB,D,Arizona St.,23.0,2011.0,0,0,0,2.0,Josh Barrett,S,Arizona State,74.0,223.0,4.34,17.0,31.5,121.0,7.07,4.27,DB,46.0,,,,,,,,,,,,,,,,,,,,,,,,,,,,,6.0,
2008,7,221,CAR,False,LB,LB,D,North Carolina,22.0,2009.0,0,0,0,1.0,,,,,,,,,,,,LB,41.0,,,,,,,,,,,,,,,,,,,,,,,,14.5,61.0,29.0,90.0,22.5,,
2008,7,224,BUF,False,WR,WR,O,Kentucky,21.0,2015.0,0,0,5,29.0,,,,,,,,,,,,WR,26.0,,,,,,,,,,,,,,,,,,,72.0,1200.0,16.7,14.0,46.2,,,,,,,
2008,7,225,ARI,False,T,OL,O,Northern Iowa,23.0,2011.0,0,0,2,8.0,Brandon Keith,OT,New Mexico,77.0,343.0,5.27,31.0,26.0,,,,,,,,,,,,,,,,,,,,,,,,,,,,,,,,,,,
2008,7,226,OAK,False,WR,WR,O,San Diego St.,22.0,2012.0,0,0,1,6.0,,,,,,,,,,,,WR,32.0,,,,,,,,,,,,,,,,,,,103.0,1603.0,15.6,7.0,50.1,,,,,,,
2008,7,227,DEN,False,FB,RB,O,Arkansas,22.0,2014.0,0,0,3,4.0,Peyton Hillis,FB,Arkansas,73.0,240.0,4.64,26.0,30.5,117.0,7.15,,RB,44.0,,,,,,,,,,,203.0,959.0,4.7,12.0,118.0,1195.0,10.1,11.0,,,,,,,,,,,,
2008,7,228,STL,False,DB,DB,D,Tulsa,22.0,2011.0,0,0,1,11.0,,,,,,,,,,,,LB,39.0,,,,,,,,,,,,,,,,,,,,,,,,9.5,188.0,116.0,304.0,27.0,,
2008,7,229,TEN,False,DB,DB,D,Washburn,23.0,2015.0,0,0,5,0.0,,,,,,,,,,,,,,,,,,,,,,,,,,,,,,,,,,,,,,,,,,,
2008,7,230,PHI,False,T,OL,O,Auburn,22.0,2016.0,0,0,4,10.0,King Dunlap,OT,Auburn,80.0,310.0,5.28,21.0,,,,,,,,,,,,,,,,,,,,,,,,,,,,,,,,,,,,
2008,7,231,CLE,False,LB,LB,D,St. Augustine's,23.0,2010.0,0,0,0,3.0,,,,,,,,,,,,,,,,,,,,,,,,,,,,,,,,,,,,,,,,,,,
2008,7,232,ATL,False,TE,TE,O,LSU,23.0,2009.0,0,0,0,0.0,,,,,,,,,,,,TE,46.0,,,,,,,,,,,,,,,,,,,15.0,209.0,13.9,1.0,4.5,,,,,,,
2008,7,233,SEA,False,RB,RB,O,California,22.0,2016.0,0,1,2,12.0,Justin Forsett,RB,California,68.0,194.0,4.62,26.0,26.5,112.0,6.96,,RB,49.0,,,,,,,,,,,567.0,3220.0,5.7,26.0,41.0,386.0,9.4,1.0,,,,,,,,,,,,
2008,7,234,SDG,False,T,OL,O,Texas A&M,24.0,2009.0,0,0,0,0.0,Corey Clark,OT,Texas A&M,77.0,315.0,5.28,23.0,23.0,106.0,7.47,4.68,,,,,,,,,,,,,,,,,,,,,,,,,,,,,,,,
2008,7,236,IND,False,T,OL,O,Buffalo,23.0,2011.0,0,0,0,11.0,Jamey Richard,C,Buffalo,77.0,295.0,5.22,22.0,26.5,107.0,7.58,4.69,OL,24.0,,,,,,,,,,,,,,,,,,,,,,,,,,,,,,
2008,7,237,NOR,False,WR,WR,O,Michigan,22.0,2011.0,0,0,0,1.0,Adrian Arrington,WR,Michigan,75.0,203.0,4.55,,,,,,WR,35.0,,,,,,,,,,,,,,,,,,,109.0,1438.0,13.2,16.0,41.1,,,,,,,
2008,7,241,CAR,False,T,OL,O,Oregon,22.0,2015.0,0,0,2,6.0,Geoff Schwartz,OT,Oregon,78.0,332.0,5.36,,20.5,98.0,7.9,4.79,OL,13.0,,,,,,,,,,,,,,,,,,,,,,,,,,,,,,
2008,7,242,WAS,False,DE,DL,D,Kansas St.,22.0,2013.0,0,0,1,9.0,,,,,,,,,,,,DL,25.0,,,,,,,,,,,,,,,,,,,,,,,,6.5,38.0,23.0,61.0,13.0,,
2008,7,243,CHI,False,LB,LB,D,Oregon St.,22.0,2008.0,0,0,0,1.0,,,,,,,,,,,,LB,27.0,,,,,,,,,,,,,,,,,,,,,,,,3.0,98.0,86.0,184.0,17.0,,
2008,7,245,MIA,False,DT,DL,D,Arizona,23.0,2011.0,0,0,0,0.0,Lionel Dotson,DT,Arizona,76.0,296.0,5.38,,25.0,99.0,7.62,4.75,LB,33.0,,,,,,,,,,,,,,,,,,,,,,,,7.5,61.0,41.0,102.0,11.0,,
2008,7,247,CHI,False,T,OL,O,Ohio St.,23.0,2008.0,0,0,0,0.0,Kirk Barton,OT,Ohio State,76.0,310.0,5.01,34.0,,,,,,,,,,,,,,,,,,,,,,,,,,,,,,,,,,,,
2008,7,249,WAS,False,DB,DB,D,UCLA,23.0,2010.0,0,0,1,8.0,Chris Horton,S,UCLA,72.0,212.0,4.54,14.0,28.5,109.0,7.34,4.35,DB,40.0,,,,,,,,,,,,,,,,,,,,,,,,,,,,,4.0,5.0
2008,7,250,CAR,False,G,OL,O,Bentley College,22.0,2015.0,0,0,2,9.0,,,,,,,,,,,,,,,,,,,,,,,,,,,,,,,,,,,,,,,,,,,
2008,7,252,STL,False,LB,LB,D,Idaho,22.0,2011.0,0,0,1,8.0,,,,,,,,,,,,LB,33.0,,,,,,,,,,,,,,,,,,,,,,,,3.0,197.0,127.0,324.0,27.0,,
2009,1,1,DET,False,QB,QB,O,Georgia,21.0,2025.0,1,3,15,91.0,Matthew Stafford,QB,Georgia,74.0,225.0,4.81,,30.5,107.0,7.06,4.47,QB,39.0,,564.0,987.0,57.1,7731.0,51.0,33.0,7.8,7.36,198.2,,,,,,,,,,,,,,,,,,,,
2009,1,2,STL,False,T,OL,O,Baylor,23.0,2012.0,0,0,2,9.0,Jason Smith,OT,Baylor,77.0,309.0,5.09,33.0,24.0,96.0,7.53,4.69,OL,19.0,12.6188679245283,,,,,,,,,,,,,,,,,,,,,,,,,,,,,
2009,1,3,KAN,False,DE,DL,D,LSU,23.0,2016.0,0,0,7,23.0,Tyson Jackson,DE,LSU,76.0,296.0,4.94,,28.5,102.0,7.64,4.8,DL,53.0,,,,,,,,,,,,,,,,,,,,,,,,17.0,52.0,69.0,121.0,26.5,,
2009,1,4,SEA,False,LB,LB,D,Wake Forest,23.0,2012.0,0,0,3,12.0,Aaron Curry,OLB,Wake Forest,74.0,254.0,4.52,25.0,37.0,124.0,7.15,4.51,LB,51.0,11.0,,,,,,,,,,,,,,,,,,,,,,,9.5,209.0,122.0,331.0,44.5,,
2009,1,5,NYJ,False,QB,QB,O,USC,22.0,2018.0,0,0,4,26.0,Mark Sanchez,QB,USC,74.0,227.0,4.93,,32.5,116.0,7.06,4.21,QB,27.0,,313.0,487.0,64.3,3965.0,41.0,16.0,8.1,8.35,146.9,,,,,,,,,,,,,,,,,,,,
2009,1,6,CIN,False,T,OL,O,Alabama,22.0,2021.0,0,0,8,37.0,Andre Smith,OT,Alabama,76.0,332.0,5.28,,,,,,OL,26.0,-3.9909090909090903,,,,,,,,,,,,,,,,,,,,,,,,,,,,,
2009,1,7,OAK,False,WR,WR,O,Maryland,22.0,2018.0,0,0,5,17.0,Darrius Heyward-Bey,WR,Maryland,74.0,210.0,4.3,16.0,38.5,126.0,6.8,4.18,WR,38.0,,,,,,,,,,,,,,,,,,,138.0,2089.0,15.1,13.0,55.0,,,,,,,
2009,1,8,JAX,False,T,OL,O,Virginia,22.0,2015.0,0,0,6,22.0,Eugene Monroe,OT,Virginia,77.0,309.0,5.18,23.0,28.5,110.0,7.86,4.78,OL,11.0,,,,,,,,,,,,,,,,,,,,,,,,,,,,,,
2009,1,9,GNB,False,DT,DL,D,Boston Col.,23.0,2015.0,0,1,5,33.0,B.J. Raji,DT,Boston Col.,73.0,337.0,5.12,33.0,32.0,103.0,7.9,4.69,DL,38.0,,,,,,,,,,,,,,,,,,,,,,,,12.0,53.0,39.0,92.0,29.0,,
2009,1,10,SFO,False,WR,WR,O,Texas Tech,21.0,2019.0,0,0,10,33.0,Michael Crabtree,WR,Texas Tech,73.0,215.0,4.54,,,,,,WR,26.0,,,,,,,,,,,,,,,,,,,231.0,3127.0,13.5,41.0,120.3,,,,,,,
2009,1,11,BUF,False,DE,DL,D,Penn St.,21.0,2012.0,0,0,0,2.0,Aaron Maybin,DE,Penn State,76.0,249.0,4.64,22.0,38.0,124.0,7.52,4.38,DL,26.0,,,,,,,,,,,,,,,,,,,,,,,,16.0,38.0,23.0,61.0,24.5,,
2009,1,12,DEN,False,RB,RB,O,Georgia,22.0,2014.0,0,0,3,32.0,Knowshon Moreno,RB,Georgia,71.0,217.0,4.5,25.0,35.5,115.0,6.84,4.27,RB,26.0,,,,,,,,,,,498.0,2734.0,5.5,30.0,53.0,645.0,12.2,2.0,,,,,,,,,,,,
2009,1,13,WAS,False,LB,LB,D,Texas,23.0,2018.0,0,4,8,33.0,Brian Orakpo,DE,Texas,75.0,263.0,4.63,31.0,39.5,,,,DL,47.0,,,,,,,,,,,,,,,,,,,,,,,,23.0,75.0,28.0,103.0,34.5,,
2009,1,14,NOR,False,DB,DB,D,Ohio St.,21.0,2021.0,0,3,12,32.0,Malcolm Jenkins,CB,Ohio State,72.0,204.0,4.51,15.0,33.0,124.0,6.59,4.08,DB,50.0,,,,,,,,,,,,,,,,,,,,,,,,,,,,,11.0,
2009,1,15,HOU,False,LB,LB,D,USC,22.0,2017.0,0,1,7,52.0,Brian Cushing,OLB,USC,75.0,243.0,4.64,30.0,35.0,120.0,6.84,4.22,LB,44.0,,,,,,,,,,,,,,,,,,,,,,,,8.5,104.0,74.0,178.0,27.0,,
2009,1,16,SDG,False,LB,LB,D,Northern Illinois,23.0,2014.0,0,0,1,7.0,Larry English,OLB,Northern Illinois,74.0,255.0,4.74,24.0,36.0,107.0,7.26,4.38,DL,49.0,,,,,,,,,,,,,,,,,,,,,,,,31.5,108.0,104.0,212.0,54.5,,
2009,1,17,TAM,False,QB,QB,O,Kansas St.,21.0,2015.0,0,0,4,36.0,Josh Freeman,QB,Kansas State,78.0,248.0,4.9,,33.5,119.0,7.11,4.43,QB,35.0,,680.0,1151.0,59.1,8078.0,44.0,34.0,7.0,6.45,230.8,,,,,,,,,,,,,,,,,,,,
2009,1,18,DEN,False,DE,DL,D,Tennessee,24.0,2017.0,0,0,5,13.0,Robert Ayers,DE,Tennessee,75.0,272.0,4.77,18.0,29.5,102.0,7.56,4.51,DL,48.0,,,,,,,,,,,,,,,,,,,,,,,,9.0,80.0,33.0,113.0,31.5,,
2009,1,19,PHI,False,WR,WR,O,Missouri,21.0,2017.0,0,0,8,33.0,Jeremy Maclin,WR,Missouri,72.0,198.0,4.43,,,,,,WR,28.0,,,,,,,,,,,,,,,,,,,182.0,2315.0,12.7,22.0,82.7,,,,,,,
2009,1,20,DET,False,TE,TE,O,Oklahoma St.,24.0,2015.0,0,0,7,22.0,Brandon Pettigrew,TE,Oklahoma State,77.0,263.0,4.8,22.0,33.0,118.0,7.12,4.37,TE,47.0,,,,,,,,,,,,,,,,,,,112.0,1450.0,12.9,9.0,30.9,,,,,,,
2009,1,21,CLE,False,C,OL,O,California,23.0,2021.0,0,7,12,30.0,Alex Mack,C,California,76.0,311.0,5.17,,,,,,OL,13.0,,,,,,,,,,,,,,,,,,,,,,,,,,,,,,
2009,1,22,MIN,False,WR,WR,O,Florida,21.0,2016.0,0,1,4,37.0,Percy Harvin,WR,Florida,71.0,192.0,4.39,19.0,,,,,WR,36.0,,,,,,,,,,,,,,,,,,,133.0,1929.0,14.5,13.0,53.6,,,,,,,
2009,1,23,BAL,False,T,OL,O,Mississippi,23.0,2016.0,0,0,7,33.0,Michael Oher,OT,Mississippi,76.0,309.0,5.16,21.0,30.5,103.0,7.81,4.6,OL,,,,,,,,,,,,,,,,,,,,,,,,,,,,,,,
2009,1,24,ATL,False,DT,DL,D,Mississippi,25.0,2013.0,0,0,2,13.0,Peria Jerry,DT,Mississippi,74.0,299.0,4.98,,,,,,DL,38.0,,,,,,,,,,,,,,,,,,,,,,,,11.5,79.0,53.0,132.0,33.0,,
2009,1,25,MIA,False,DB,DB,D,Illinois,21.0,2018.0,0,2,8,12.0,Vontae Davis,CB,Illinois,71.0,203.0,4.4,25.0,36.0,125.0,6.75,4.07,DB,36.0,,,,,,,,,,,,,,,,,,,,,,,,,,,,,7.0,
2009,1,26,GNB,False,LB,LB,D,USC,23.0,2019.0,1,6,10,75.0,Clay Matthews,OLB,USC,75.0,240.0,4.58,23.0,35.5,121.0,6.9,4.18,LB,47.0,,,,,,,,,,,,,,,,,,,,,,,,5.5,57.0,40.0,97.0,13.5,,
2009,1,27,IND,False,RB,RB,O,Connecticut,22.0,2015.0,0,0,1,21.0,Donald Brown,RB,Connecticut,70.0,210.0,4.46,,41.5,125.0,6.93,4.1,RB,37.0,-14.1,,,,,,,,,,698.0,3800.0,5.4,33.0,48.0,276.0,5.8,2.0,,,,,,,,,,,,
2009,1,28,BUF,False,C,OL,O,Louisville,23.0,2017.0,0,1,9,47.0,Eric Wood,C,Louisville,76.0,310.0,5.19,30.0,30.5,99.0,7.56,4.51,OL,36.0,,,,,,,,,,,,,,,,,,,,,,,,,,,,,,
2009,1,29,NYG,False,WR,WR,O,North Carolina,21.0,2015.0,0,0,4,37.0,Hakeem Nicks,WR,North Carolina,73.0,212.0,4.51,,36.0,,,,WR,36.0,,,,,,,,,,,,,,,,,,,181.0,2840.0,15.7,21.0,78.9,,,,,,,
2009,1,30,TEN,False,WR,WR,O,Rutgers,20.0,2017.0,0,0,5,20.0,Kenny Britt,WR,Rutgers,75.0,218.0,4.47,23.0,37.0,124.0,,4.47,WR,34.0,,,,,,,,,,,,,,,,,,,178.0,3043.0,17.1,17.0,89.5,,,,,,,
2009,1,31,ARI,False,RB,RB,O,Ohio St.,21.0,2012.0,0,0,2,14.0,Beanie Wells,RB,Ohio State,73.0,235.0,4.38,25.0,33.5,128.0,,,RB,36.0,,,,,,,,,,,585.0,3382.0,5.8,30.0,15.0,84.0,5.6,0.0,,,,,,,,,,,,
2009,1,32,PIT,False,DE,DL,D,Missouri,22.0,2018.0,0,0,5,27.0,Ziggy Hood,DT,Missouri,75.0,300.0,4.83,34.0,33.0,108.0,7.5,4.55,DL,50.0,,,,,,,,,,,,,,,,,,,,,,,,14.5,88.0,67.0,155.0,22.5,,
2009,2,33,DET,False,DB,DB,D,Western Michigan,22.0,2014.0,0,0,6,22.0,Louis Delmas,S,West. Michigan,71.0,202.0,4.52,12.0,37.0,126.0,6.67,4.17,DB,45.0,,,,,,,,,,,,,,,,,,,,,,,,,,,,,12.0,
2009,2,34,NWE,False,DB,DB,D,Oregon,22.0,2019.0,0,0,10,35.0,Patrick Chung,S,Oregon,71.0,212.0,4.49,25.0,34.0,119.0,,,DB,51.0,,,,,,,,,,,,,,,,,,,,,,,,,,,,,9.0,
2009,2,35,STL,False,LB,LB,D,Ohio St.,22.0,2016.0,0,0,7,51.0,James Laurinaitis,ILB,Ohio State,74.0,244.0,4.72,22.0,33.0,115.0,6.93,4.24,LB,51.0,,,,,,,,,,,,,,,,,,,,,,,,13.0,159.0,216.0,375.0,24.5,,
2009,2,36,CLE,False,WR,WR,O,Ohio St.,21.0,2013.0,0,0,1,3.0,Brian Robiskie,WR,Ohio State,75.0,209.0,4.46,,37.5,,6.72,4.19,WR,51.0,,,,,,,,,,,,,,,,,,,127.0,1866.0,14.7,24.0,36.6,,,,,,,
2009,2,37,DEN,False,DB,DB,D,Wake Forest,23.0,2012.0,0,0,1,1.0,Alphonso Smith,CB,Wake Forest,69.0,193.0,4.47,13.0,34.0,125.0,7.09,4.38,DB,51.0,,,,,,,,,,,,,,,,,,,,,,,,,,,,,21.0,
2009,2,38,CIN,False,LB,LB,D,USC,22.0,2017.0,0,0,9,47.0,Rey Maualuga,ILB,USC,74.0,249.0,4.91,23.0,,83.0,,,LB,50.0,,,,,,,,,,,,,,,,,,,,,,,,9.0,164.0,109.0,273.0,22.5,,
2009,2,39,JAX,False,T,OL,O,Arizona,21.0,2014.0,0,0,1,13.0,Eben Britton,OT,Arizona,78.0,309.0,5.14,24.0,28.5,100.0,7.87,4.91,OL,12.0,,,,,,,,,,,,,,,,,,,,,,,,,,,,,,
2009,2,40,NWE,False,DT,DL,D,Boston Col.,22.0,2012.0,0,0,1,6.0,Ron Brace,DT,Boston Col.,75.0,330.0,5.48,32.0,28.0,99.0,8.15,4.73,DL,47.0,,,,,,,,,,,,,,,,,,,,,,,,5.0,50.0,35.0,85.0,22.0,,
2009,2,41,NWE,False,DB,DB,D,Connecticut,23.0,2017.0,0,0,0,5.0,Darius Butler,CB,Connecticut,70.0,183.0,4.41,,43.0,134.0,6.92,4.18,DB,35.0,,,,,,,,,,,,,,,,,,,,,,,,,,,,,10.0,
2009,2,42,BUF,False,DB,DB,D,Oregon,22.0,2017.0,0,3,7,31.0,Jairus Byrd,CB,Oregon,70.0,207.0,4.68,,,,,,DB,39.0,,,,,,,,,,,,,,,,,,,,,,,,,,,,,17.0,
2009,2,43,CAR,False,DE,DL,D,Florida St.,22.0,2014.0,0,0,0,5.0,Everette Brown,DE,Florida State,73.0,256.0,4.65,26.0,31.5,114.0,7.55,4.53,DL,39.0,,,,,,,,,,,,,,,,,,,,,,,,23.0,71.0,28.0,99.0,46.5,,
2009,2,44,MIA,False,QB,QB,O,West Virginia,23.0,2009.0,0,0,0,1.0,Pat White,QB,West Virginia,72.0,197.0,4.55,,35.0,117.0,7.06,4.42,QB,49.0,,507.0,783.0,64.8,6049.0,56.0,23.0,7.7,7.83,123.4,,,,,,,,,,,,,,,,,,,,
2009,2,45,NYG,False,LB,LB,D,Virginia,23.0,2010.0,0,0,0,2.0,Clint Sintim,OLB,Virginia,75.0,256.0,4.75,,34.5,119.0,7.37,4.4,LB,49.0,,,,,,,,,,,,,,,,,,,,,,,,27.0,131.0,114.0,245.0,38.5,,
2009,2,46,HOU,False,DE,DL,D,Cincinnati,22.0,2018.0,0,1,7,16.0,Connor Barwin,OLB,Cincinnati,76.0,256.0,4.47,21.0,40.5,128.0,6.87,4.18,TE,36.0,,,,,,,,,,,,,,,,,,,52.0,691.0,13.3,5.0,19.2,,,,,,,
2009,2,47,OAK,False,DB,DB,D,Ohio,22.0,2018.0,0,0,5,4.0,,,,,,,,,,,,DB,46.0,,,,,,,,,,,,,,,,,,,,,,,,,,,,,7.0,2.0
2009,2,48,DEN,False,DB,DB,D,Texas Tech,23.0,2012.0,0,0,0,2.0,Darcel McBath,S,Texas Tech,72.0,198.0,4.53,14.0,38.0,119.0,6.8,4.16,DB,45.0,,,,,,,,,,,,,,,,,,,,,,,,,,,,,12.0,
2009,2,49,SEA,False,C,OL,O,Oregon,23.0,2018.0,1,3,9,34.0,Max Unger,C,Oregon,77.0,309.0,5.26,22.0,24.5,93.0,7.39,4.5,OL,13.0,,,,,,,,,,,,,,,,,,,,,,,,,,,,,,
2009,2,50,CLE,False,WR,WR,O,Georgia,22.0,2012.0,0,0,3,11.0,Mohamed Massaquoi,WR,Georgia,73.0,210.0,4.51,,36.5,127.0,,,WR,51.0,,,,,,,,,,,,,,,,,,,158.0,2282.0,14.4,16.0,44.7,,,,,,,
2009,2,51,BUF,False,G,OL,O,Oregon St.,23.0,2018.0,0,0,9,22.0,Andy Levitre,OG,Oregon State,75.0,305.0,5.33,23.0,30.5,103.0,,4.52,OL,29.0,,,,,,,,,,,,,,,,,,,,,,,,,,,,,,
2009,2,52,CLE,False,LB,LB,D,Hawaii,23.0,2010.0,0,0,0,1.0,David Veikune,DE,Hawaii,74.0,257.0,4.75,35.0,33.0,110.0,7.2,4.46,DL,41.0,,,,,,,,,,,,,,,,,,,,,,,,18.0,77.0,40.0,117.0,28.0,,
2009,2,53,PHI,False,RB,RB,O,Pittsburgh,21.0,2020.0,2,6,10,50.0,LeSean McCoy,RB,Pittsburgh,70.0,198.0,4.5,,,,,,RB,25.0,,,,,,,,,,,584.0,2816.0,4.8,35.0,65.0,549.0,8.4,1.0,,,,,,,,,,,,
2009,2,54,MIN,False,T,OL,O,Oklahoma,23.0,2014.0,0,0,6,36.0,Phil Loadholt,OT,Oklahoma,80.0,332.0,5.45,24.0,29.0,95.0,8.18,5.06,OL,13.0,,,,,,,,,,,,,,,,,,,,,,,,,,,,,,
2009,2,55,ATL,False,DB,DB,D,Missouri,24.0,2015.0,0,1,5,30.0,William Moore,S,Missouri,72.0,221.0,4.49,16.0,37.0,123.0,6.81,4.26,DB,49.0,,,,,,,,,,,,,,,,,,,,,,,,,,,,,11.0,
2009,2,56,IND,False,DT,DL,D,USC,24.0,2013.0,0,0,3,19.0,Fili Moala,DT,USC,76.0,305.0,5.07,25.0,30.5,100.0,,,DL,51.0,,,,,,,,,,,,,,,,,,,,,,,,9.5,46.0,44.0,90.0,23.5,,
2009,2,57,BAL,False,DE,DL,D,Utah,23.0,2016.0,0,0,4,7.0,Paul Kruger,DE,Utah,76.0,263.0,4.79,24.0,32.5,108.0,7.52,4.47,DL,26.0,,,,,,,,,,,,,,,,,,,,,,,,10.5,55.0,69.0,124.0,24.0,,
2009,2,58,NWE,False,T,OL,O,Houston,25.0,2015.0,0,0,5,52.0,,,,,,,,,,,,OL,21.0,,,,,,,,,,,,,,,,,,,,,,,,,,,,,,
2009,2,59,CAR,False,DB,DB,D,Troy,24.0,2015.0,0,0,2,13.0,Sherrod Martin,CB,Troy,73.0,198.0,4.43,12.0,36.0,123.0,6.6,3.98,DB,46.0,,,,,,,,,,,,,,,,,,,,,,,,,,,,,9.0,
2009,2,60,NYG,False,T,OL,O,Connecticut,24.0,2017.0,0,0,4,30.0,Will Beatty,OT,Connecticut,78.0,307.0,5.06,27.0,33.5,107.0,7.62,4.77,DL,24.0,,,,,,,,,,,,,,,,,,,,,,,,0.0,4.0,1.0,5.0,0.0,,
2009,2,61,MIA,False,DB,DB,D,Utah,22.0,2017.0,0,0,8,20.0,Sean Smith,CB,Utah,75.0,214.0,4.47,10.0,34.0,119.0,6.92,4.15,DB,26.0,-4.6,,,,,,,,,,,,,,,,,,,,,,,,,,,,9.0,
2009,2,62,TEN,False,DT,DL,D,Auburn,22.0,2016.0,0,0,4,11.0,Sen'Derrick Marks,DT,Auburn,74.0,306.0,5.0,,33.0,,,,DL,40.0,,,,,,,,,,,,,,,,,,,,,,,,7.5,63.0,52.0,115.0,30.0,,
2009,2,64,DEN,False,TE,TE,O,North Carolina,23.0,2011.0,0,0,0,0.0,Richard Quinn,TE,North Carolina,76.0,264.0,4.88,24.0,32.5,119.0,7.5,4.62,TE,34.0,,,,,,,,,,,,,,,,,,,12.0,124.0,10.3,2.0,3.6,,,,,,,
2009,3,65,NYJ,False,RB,RB,O,Iowa,24.0,2014.0,0,0,2,20.0,Shonn Greene,RB,Iowa,70.0,227.0,4.55,19.0,37.0,121.0,7.1,4.4,RB,34.0,,,,,,,,,,,376.0,2228.0,5.9,22.0,11.0,72.0,6.5,0.0,,,,,,,,,,,,
2009,3,66,STL,False,DB,DB,D,Iowa,23.0,2015.0,0,0,3,13.0,Bradley Fletcher,CB,Iowa,72.0,196.0,4.44,20.0,38.5,122.0,7.04,4.29,DB,47.0,,,,,,,,,,,,,,,,,,,,,,,,,,,,,5.0,4.0
2009,3,67,KAN,False,DE,DL,D,Purdue,22.0,2010.0,0,0,0,1.0,Alex Magee,DT,Purdue,75.0,298.0,4.82,30.0,29.5,103.0,7.52,4.55,DL,50.0,,,,,,,,,,,,,,,,,,,,,,,,6.0,68.0,49.0,117.0,14.0,,
2009,3,68,CHI,False,DT,DL,D,San Jose St.,22.0,2010.0,0,0,0,0.0,Jarron Gilbert,DE,San Jose State,77.0,288.0,4.81,28.0,35.5,119.0,7.7,4.56,DL,47.0,,,,,,,,,,,,,,,,,,,,,,,,21.5,89.0,56.0,145.0,42.0,,
2009,3,69,DAL,False,LB,LB,D,Western Illinois,23.0,2014.0,0,0,0,0.0,,,,,,,,,,,,,,,,,,,,,,,,,,,,,,,,,,,,,,,,,,,
2009,3,70,CIN,False,DE,DL,D,Georgia Tech,22.0,2018.0,0,0,8,50.0,Michael Johnson,DE,Georgia Tech,79.0,266.0,4.61,28.0,38.5,128.0,7.42,4.37,DL,50.0,-5.7968253968253975,,,,,,,,,,,,,,,,,,,,,,,19.0,70.0,37.0,107.0,30.5,,
2009,3,71,OAK,False,DE,DL,D,Wisconsin,22.0,2014.0,0,0,3,13.0,Matt Shaughnessy,DE,Wisconsin,77.0,266.0,4.86,24.0,30.5,112.0,7.68,4.88,DL,26.0,,,,,,,,,,,,,,,,,,,,,,,,9.0,70.0,30.0,100.0,26.0,,
2009,3,72,JAX,False,DT,DL,D,Temple,23.0,2015.0,0,0,6,18.0,Terrance Knighton,DT,Temple,75.0,321.0,4.93,,28.0,103.0,7.9,4.78,DL,46.0,,,,,,,,,,,,,,,,,,,,,,,,6.0,105.0,79.0,184.0,26.0,,
2009,3,73,JAX,False,DB,DB,D,William & Mary,22.0,2013.0,0,0,4,17.0,,,,,,,,,,,,,,,,,,,,,,,,,,,,,,,,,,,,,,,,,,,
2009,3,74,SFO,False,RB,RB,O,Alabama,22.0,2009.0,0,0,0,2.0,Glen Coffee,RB,Alabama,72.0,209.0,4.5,24.0,36.0,121.0,7.35,4.51,RB,35.0,,,,,,,,,,,410.0,2107.0,5.1,14.0,42.0,351.0,8.4,2.0,,,,,,,,,,,,
2009,3,75,DAL,False,T,OL,O,Ball St.,23.0,2010.0,0,0,0,0.0,Robert Brewster,OT,Ball State,76.0,325.0,5.29,23.0,30.5,98.0,7.68,4.75,,,,,,,,,,,,,,,,,,,,,,,,,,,,,,,,
2009,3,76,DET,False,LB,LB,D,Wisconsin,22.0,2016.0,0,0,6,45.0,DeAndre Levy,OLB,Wisconsin,74.0,236.0,4.56,19.0,,119.0,,,LB,50.0,,,,,,,,,,,,,,,,,,,,,,,,14.0,115.0,95.0,210.0,27.0,,
2009,3,77,HOU,False,G,OL,O,Alabama,23.0,2012.0,0,0,0,11.0,Antoine Caldwell,C,Alabama,75.0,309.0,5.24,23.0,28.0,111.0,7.96,5.04,OL,,,,,,,,,,,,,,,,,,,,,,,,,,,,,,,
2009,3,78,SDG,False,G,OL,O,Texas Tech,22.0,2015.0,1,1,7,25.0,Louis Vasquez,OG,Texas Tech,77.0,333.0,5.22,39.0,,,,,OL,12.0,,,,,,,,,,,,,,,,,,,,,,,,,,,,,,
2009,3,80,WAS,False,DB,DB,D,Maryland,22.0,2012.0,0,0,0,3.0,Kevin Barnes,CB,Maryland,72.0,187.0,4.45,,38.5,128.0,6.72,3.96,DB,42.0,,,,,,,,,,,,,,,,,,,,,,,,,,,,,6.0,1.0
2009,3,81,TAM,False,DT,DL,D,Texas,22.0,2017.0,0,0,5,15.0,Roy Miller,DT,Texas,73.0,310.0,4.93,36.0,32.0,103.0,8.01,4.74,DL,48.0,,,,,,,,,,,,,,,,,,,,,,,,10.0,54.0,46.0,100.0,20.5,,
2009,3,82,DET,False,WR,WR,O,Penn St.,23.0,2010.0,0,0,0,0.0,Derrick Williams,WR,Penn State,71.0,194.0,4.47,15.0,33.0,,,,WR,46.0,,,,,,,,,,,,,,,,,,,161.0,1743.0,10.8,9.0,37.9,,,,,,,
2009,3,83,NWE,False,WR,WR,O,North Carolina,21.0,2018.0,0,0,1,8.0,Brandon Tate,WR,North Carolina,72.0,183.0,4.52,,,,,,WR,41.0,,,,,,,,,,,,,,,,,,,46.0,927.0,20.2,8.0,22.6,,,,,,,
2009,3,84,PIT,False,WR,WR,O,Mississippi,23.0,2018.0,0,1,8,32.0,Mike Wallace,WR,Mississippi,72.0,199.0,4.33,14.0,40.0,129.0,6.9,4.27,WR,37.0,,,,,,,,,,,,,,,,,,,101.0,1910.0,18.9,15.0,51.6,,,,,,,
2009,3,85,NYG,False,WR,WR,O,Cal Poly-San Luis Obispo,23.0,2012.0,0,0,0,5.0,Ramses Barden,WR,Cal Poly,78.0,229.0,4.51,17.0,33.5,118.0,,4.26,,,,,,,,,,,,,,,,,,,,,,,,,,,,,,,,
2009,3,86,MIN,False,DB,DB,D,Georgia,21.0,2011.0,0,0,2,8.0,Asher Allen,CB,Georgia,69.0,194.0,4.48,22.0,35.0,115.0,6.93,4.3,DB,39.0,,,,,,,,,,,,,,,,,,,,,,,,,,,,,3.0,
2009,3,87,MIA,False,WR,WR,O,USC,22.0,2012.0,0,0,0,0.0,Patrick Turner,WR,USC,77.0,223.0,4.59,,,,,,WR,48.0,,,,,,,,,,,,,,,,,,,138.0,1752.0,12.7,17.0,36.5,,,,,,,
2009,3,88,BAL,False,DB,DB,D,Nicholls St.,23.0,2017.0,0,0,5,36.0,Lardarius Webb,CB,Nicholls State,70.0,179.0,4.35,15.0,36.5,121.0,6.77,4.1,,,,,,,,,,,,,,,,,,,,,,,,,,,,,,,,
2009,3,89,TEN,False,TE,TE,O,South Carolina,22.0,2021.0,0,2,5,10.0,Jared Cook,TE,South Carolina,77.0,246.0,4.49,23.0,41.0,123.0,,,WR,36.0,,,,,,,,,,,,,,,,,,,73.0,1107.0,15.2,7.0,30.8,,,,,,,
2009,3,90,ATL,False,DB,DB,D,San Jose St.,22.0,2015.0,0,0,1,7.0,Chris Owens,CB,San Jose State,70.0,181.0,4.44,14.0,34.5,110.0,6.93,4.16,DB,48.0,,,,,,,,,,,,,,,,,,,,,,,,,,,,,13.0,
2009,3,91,SEA,False,WR,WR,O,Penn St.,23.0,2012.0,0,0,1,4.0,Deon Butler,WR,Penn State,70.0,182.0,4.31,12.0,34.5,118.0,7.01,4.48,WR,50.0,-13.625,,,,,,,,,,,,,,,,,,179.0,2771.0,15.5,22.0,55.4,,,,,,,
2009,3,92,IND,False,DB,DB,D,Auburn,22.0,2016.0,0,0,7,13.0,Jerraud Powers,CB,Auburn,69.0,188.0,4.43,15.0,36.5,122.0,7.09,4.08,DB,36.0,,,,,,,,,,,,,,,,,,,,,,,,,,,,,6.0,
2009,3,93,CAR,False,DT,DL,D,Georgia,24.0,2013.0,0,0,0,0.0,Corvey Irvin,DT,Georgia,75.0,301.0,4.96,24.0,24.5,97.0,7.44,4.73,DL,26.0,,,,,,,,,,,,,,,,,,,,,,,,3.5,32.0,16.0,48.0,11.0,,
2009,3,94,TEN,False,DB,DB,D,Hawaii,22.0,2012.0,0,0,0,4.0,Ryan Mouton,CB,Hawaii,69.0,187.0,4.47,18.0,39.5,129.0,,,DB,24.0,,,,,,,,,,,,,,,,,,,,,,,,,,,,,3.0,
2009,3,95,ARI,False,DB,DB,D,Alabama,23.0,2016.0,0,0,4,23.0,Rashad Johnson,S,Alabama,71.0,203.0,4.49,15.0,37.0,120.0,7.09,4.23,DB,38.0,,,,,,,,,,,,,,,,,,,,,,,,,,,,,11.0,
2009,3,96,PIT,False,DB,DB,D,Oregon St.,23.0,2015.0,0,0,3,11.0,Keenan Lewis,CB,Oregon State,73.0,208.0,4.47,19.0,33.5,123.0,,,DB,50.0,,,,,,,,,,,,,,,,,,,,,,,,,,,,,7.0,19.0
2009,4,98,CIN,False,TE,TE,O,Missouri,22.0,2016.0,0,0,0,0.0,Chase Coffman,TE,Missouri,78.0,244.0,4.83,,,,,,TE,50.0,,,,,,,,,,,,,,,,,,,247.0,2659.0,10.8,30.0,53.2,,,,,,,
2009,4,99,CHI,False,WR,WR,O,Oklahoma,22.0,2009.0,0,0,0,0.0,Juaquin Iglesias,WR,Oklahoma,73.0,210.0,4.44,,34.5,116.0,,4.4,WR,54.0,,,,,,,,,,,,,,,,,,,202.0,2861.0,14.2,19.0,53.0,,,,,,,
2009,4,100,NYG,False,TE,TE,O,Wisconsin,22.0,2012.0,0,0,0,2.0,Travis Beckum,TE,Wisconsin,75.0,243.0,4.61,28.0,,,,,TE,32.0,,,,,,,,,,,,,,,,,,,159.0,2149.0,13.5,11.0,67.2,,,,,,,
2009,4,101,DAL,False,QB,QB,O,Texas A&M,23.0,2011.0,0,0,0,2.0,Stephen McGee,QB,Texas A&M,75.0,225.0,4.61,,33.0,112.0,7.34,4.49,QB,40.0,,485.0,815.0,59.5,5475.0,28.0,13.0,6.7,6.69,136.9,,,,,,,,,,,,,,,,,,,,
2009,4,102,KAN,False,DB,DB,D,Ohio St.,23.0,2011.0,0,0,0,4.0,Donald Washington,CB,Ohio State,72.0,197.0,4.5,9.0,45.0,135.0,6.84,4.2,DB,38.0,,,,,,,,,,,,,,,,,,,,,,,,,,,,,2.0,1.0
2009,4,103,STL,False,DT,DL,D,Clemson,23.0,2011.0,0,0,0,5.0,Darell Scott,DT,Clemson,75.0,312.0,4.92,29.0,30.5,107.0,8.28,4.84,,,,,,,,,,,,,,,,,,,,,,,,,,,,,,,,
2009,4,104,CLE,False,LB,LB,D,USC,22.0,2014.0,0,0,1,12.0,Kaluka Maiava,OLB,USC,71.0,229.0,4.65,30.0,,110.0,6.98,4.2,LB,51.0,,,,,,,,,,,,,,,,,,,,,,,,2.0,94.0,70.0,164.0,15.5,,
2009,4,105,CHI,False,DE,DL,D,Texas,22.0,2015.0,0,1,2,21.0,,,,,,,,,,,,RB,26.0,,,,,,,,,,,132.0,625.0,4.7,16.0,1.0,6.0,6.0,0.0,,,,,,,,,,,,
2009,4,106,CIN,False,C,OL,O,Arkansas,23.0,2009.0,0,0,0,1.0,Jonathan Luigs,C,Arkansas,76.0,301.0,5.14,26.0,31.0,99.0,7.69,4.79,OL,14.0,,,,,,,,,,,,,,,,,,,,,,,,,,,,,,
2009,4,107,JAX,False,WR,WR,O,Arizona,22.0,2012.0,0,0,2,20.0,Mike Thomas,WR,Arizona,68.0,195.0,4.3,,40.5,126.0,6.65,4.28,WR,48.0,-17.8,,,,,,,,,,,,,,,,,,259.0,3231.0,12.5,22.0,67.3,,,,,,,
2009,4,108,MIA,False,WR,WR,O,Ohio St.,22.0,2015.0,0,0,5,30.0,Brian Hartline,WR,Ohio State,74.0,195.0,4.49,,34.5,120.0,6.65,4.12,WR,38.0,,,,,,,,,,,,,,,,,,,90.0,1429.0,15.9,12.0,37.6,,,,,,,
2009,4,109,GNB,False,T,OL,O,Eastern Michigan,21.0,2018.0,0,2,7,53.0,,,,,,,,,,,,OL,36.0,,,,,,,,,,,,,,,,,,,,,,,,,,,,,,
2009,4,110,DAL,False,LB,LB,D,Oregon St.,22.0,2014.0,0,0,0,6.0,Victor Butler,OLB,Oregon State,74.0,248.0,4.72,24.0,33.0,113.0,7.21,4.4,DL,48.0,,,,,,,,,,,,,,,,,,,,,,,,26.0,58.0,52.0,110.0,40.0,,
2009,4,111,CAR,False,RB,RB,O,Texas A&M,22.0,2013.0,0,0,0,4.0,Mike Goodson,RB,Texas A&M,72.0,208.0,4.43,14.0,39.5,118.0,6.89,4.22,RB,36.0,,,,,,,,,,,374.0,1964.0,5.3,13.0,90.0,860.0,9.6,7.0,,,,,,,,,,,,
2009,4,112,HOU,False,DB,DB,D,New Mexico,23.0,2018.0,0,1,10,17.0,Glover Quin,S,New Mexico,71.0,204.0,4.5,22.0,38.0,119.0,7.39,4.43,DB,36.0,,,,,,,,,,,,,,,,,,,,,,,,,,,,,7.0,
2009,4,113,SDG,False,DT,DL,D,Western Ontario,23.0,2013.0,0,0,2,12.0,,,,,,,,,,,,,,,,,,,,,,,,,,,,,,,,,,,,,,,,,,,
2009,4,114,DEN,False,DB,DB,D,Notre Dame,22.0,2016.0,0,0,0,9.0,David Bruton,S,Notre Dame,74.0,219.0,4.4,19.0,41.5,132.0,6.6,4.28,DB,48.0,,,,,,,,,,,,,,,,,,,,,,,,,,,,,7.0,1.0
2009,4,115,DET,False,DT,DL,D,Stillman,22.0,2015.0,0,0,3,9.0,,,,,,,,,,,,,,,,,,,,,,,,,,,,,,,,,,,,,,,,,,,
2009,4,117,TAM,False,DE,DL,D,USC,22.0,2012.0,0,0,1,5.0,Kyle Moore,DE,USC,77.0,272.0,4.76,22.0,30.5,105.0,7.4,4.47,DL,49.0,,,,,,,,,,,,,,,,,,,,,,,,7.0,40.0,36.0,76.0,13.0,,
2009,4,118,NOR,False,LB,LB,D,Wake Forest,22.0,2010.0,0,0,0,1.0,Stanley Arnoux,ILB,Wake Forest,72.0,232.0,4.56,19.0,31.5,121.0,7.22,4.39,LB,51.0,,,,,,,,,,,,,,,,,,,,,,,,5.0,131.0,120.0,251.0,21.5,,
2009,4,119,CHI,False,DB,DB,D,Vanderbilt,22.0,2013.0,0,0,0,6.0,D.J. Moore,CB,Vanderbilt,69.0,192.0,4.56,17.0,39.5,118.0,7.01,4.28,DB,37.0,-2.665,,,,,,,,,,,,,,,,,,,,,,,,,,,,13.0,
2009,4,120,DAL,False,DE,DL,D,Texas Tech,21.0,2010.0,0,0,0,0.0,Brandon Williams,DE,Texas Tech,74.0,261.0,4.78,,33.0,112.0,7.23,4.49,DL,39.0,3.719230769230769,,,,,,,,,,,,,,,,,,,,,,,22.0,58.0,27.0,85.0,30.5,,
2009,4,121,BUF,False,TE,TE,O,Southern Miss,23.0,2010.0,0,0,1,1.0,Shawn Nelson,TE,Southern Miss,77.0,240.0,4.52,19.0,33.0,115.0,6.96,4.46,TE,51.0,,,,,,,,,,,,,,,,,,,157.0,2054.0,13.1,16.0,40.3,,,,,,,
2009,4,122,HOU,False,TE,TE,O,North Carolina St.,24.0,2011.0,0,0,0,0.0,Anthony Hill,TE,North Carolina State,77.0,262.0,4.84,21.0,30.5,107.0,7.31,4.56,TE,33.0,25.9,,,,,,,,,,,,,,,,,,79.0,852.0,10.8,5.0,25.8,,,,,,,
2009,4,123,NWE,False,G,OL,O,Penn St.,23.0,2014.0,0,0,1,0.0,,,,,,,,,,,,,,,,,,,,,,,,,,,,,,,,,,,,,,,,,,,
2009,4,124,OAK,False,WR,WR,O,Florida,22.0,2017.0,0,0,1,11.0,Louis Murphy,WR,Florida,74.0,203.0,4.32,12.0,,,,,WR,48.0,,,,,,,,,,,,,,,,,,,77.0,1245.0,16.2,13.0,25.9,,,,,,,
2009,4,125,ATL,False,DE,DL,D,Richmond,23.0,2015.0,0,0,0,5.0,Lawrence Sidbury,DE,Richmond,74.0,266.0,4.53,28.0,35.0,120.0,7.46,4.43,,,,,,,,,,,,,,,,,,,,,,,,,,,,,,,,
2009,4,126,OAK,False,DE,DL,D,Oregon St.,23.0,2010.0,0,0,0,0.0,,,,,,,,,,,,DB,38.0,,,,,,,,,,,,,,,,,,,,,,,,,,,,,0.0,2.0
2009,4,127,IND,False,WR,WR,O,BYU,23.0,2013.0,0,0,0,17.0,Austin Collie,WR,BYU,73.0,200.0,4.53,17.0,34.0,120.0,6.78,4.24,WR,37.0,,,,,,,,,,,,,,,,,,,215.0,3255.0,15.1,30.0,88.0,,,,,,,
2009,4,128,CAR,False,RB,RB,O,Syracuse,23.0,2014.0,0,0,2,0.0,Tony Fiammetta,FB,Syracuse,72.0,245.0,4.58,30.0,34.0,112.0,7.31,4.49,RB,44.0,,,,,,,,,,,16.0,89.0,5.6,0.0,28.0,202.0,7.2,1.0,,,,,,,,,,,,
2009,5,129,NYG,False,RB,RB,O,North Carolina St.,22.0,2013.0,0,0,1,7.0,Andre Brown,RB,North Carolina State,72.0,224.0,4.37,24.0,37.0,115.0,7.35,4.33,RB,44.0,,,,,,,,,,,523.0,2539.0,4.9,22.0,70.0,631.0,9.0,2.0,,,,,,,,,,,,
2009,5,130,TEN,False,LB,LB,D,Southern Miss,23.0,2011.0,0,0,1,7.0,Gerald McRath,ILB,Southern Miss,74.0,231.0,4.49,19.0,34.0,123.0,7.24,4.35,LB,42.0,,,,,,,,,,,,,,,,,,,,,,,,7.5,208.0,178.0,386.0,32.0,,
2009,5,131,ARI,False,DB,DB,D,St. Paul's,24.0,2016.0,0,0,4,7.0,,,,,,,,,,,,,,,,,,,,,,,,,,,,,,,,,,,,,,,,,,,
2009,5,132,DEN,False,G,OL,O,Iowa,23.0,2012.0,0,0,0,0.0,Seth Olsen,OG,Iowa,77.0,306.0,5.23,23.0,24.5,90.0,7.59,4.7,OL,13.0,,,,,,,,,,,,,,,,,,,,,,,,,,,,,,
2009,5,133,SDG,False,G,OL,O,Auburn,23.0,2012.0,0,0,2,15.0,Tyronne Green,OG,Auburn,74.0,309.0,5.4,22.0,,,,,OL,12.0,,,,,,,,,,,,,,,,,,,,,,,,,,,,,,
2009,5,135,TEN,False,T,OL,O,Tulane,23.0,2012.0,0,0,0,0.0,Troy Kropog,OT,Tulane,77.0,309.0,5.3,21.0,30.0,100.0,7.65,4.84,OL,31.0,,,,,,,,,,,,,,,,,,,,,,,,,,,,,,
2009,5,137,BAL,False,LB,LB,D,TCU,23.0,2012.0,0,0,0,1.0,Jason Phillips,ILB,TCU,73.0,239.0,4.6,20.0,34.0,120.0,,4.32,LB,25.0,,,,,,,,,,,,,,,,,,,,,,,,5.5,118.0,53.0,171.0,24.0,,
2009,5,140,CHI,False,WR,WR,O,Abilene Christian,22.0,2011.0,0,1,2,20.0,Johnny Knox,WR,Abilene Christian,71.0,185.0,4.34,,35.0,122.0,6.81,4.15,,,,,,,,,,,,,,,,,,,,,,,,,,,,,,,,
2009,5,141,DEN,False,WR,WR,O,South Carolina,22.0,2009.0,0,0,0,0.0,Kenny McKinley,WR,South Carolina,72.0,189.0,4.37,,37.0,113.0,6.96,4.1,WR,47.0,,,,,,,,,,,,,,,,,,,207.0,2781.0,13.4,19.0,59.2,,,,,,,
2009,5,142,CIN,False,P,P,S,Cincinnati,24.0,2022.0,0,1,1,23.0,Kevin Huber,P,Cincinnati,73.0,220.0,4.87,,,,,,,,,,,,,,,,,,,,,,,,,,,,,,,,,,,,,
2009,5,144,JAX,False,WR,WR,O,Rice,23.0,2011.0,0,0,0,4.0,Jarett Dillard,WR,Rice,70.0,191.0,4.5,13.0,42.5,129.0,7.1,4.41,WR,49.0,,,,,,,,,,,,,,,,,,,292.0,4138.0,14.2,60.0,84.4,,,,,,,
2009,5,145,GNB,False,RB,RB,O,LSU,22.0,2013.0,0,0,1,0.0,Quinn Johnson,FB,LSU,73.0,246.0,4.72,16.0,32.0,115.0,,,RB,39.0,,,,,,,,,,,16.0,34.0,2.1,3.0,5.0,54.0,10.8,0.0,,,,,,,,,,,,
2009,5,146,SFO,False,LB,LB,D,Pittsburgh,23.0,2009.0,0,0,0,2.0,Scott McKillop,ILB,Pittsburgh,73.0,244.0,4.7,27.0,35.5,119.0,7.0,4.39,LB,46.0,,,,,,,,,,,,,,,,,,,,,,,,8.0,211.0,133.0,344.0,28.5,,
2009,5,147,BUF,False,LB,LB,D,Oklahoma,22.0,2010.0,0,0,0,2.0,Nic Harris,OLB,Oklahoma,74.0,234.0,4.83,15.0,31.5,109.0,7.05,4.37,DB,52.0,,,,,,,,,,,,,,,,,,,,,,,,,,,,,7.0,
2009,5,150,MIN,False,LB,LB,D,South Carolina,24.0,2015.0,0,0,3,16.0,Jasper Brinkley,ILB,South Carolina,74.0,252.0,4.67,26.0,35.5,114.0,7.03,4.32,LB,30.0,,,,,,,,,,,,,,,,,,,,,,,,7.5,142.0,51.0,193.0,20.0,,
2009,5,152,HOU,False,TE,TE,O,Rice,24.0,2015.0,0,0,1,7.0,James Casey,FB,Rice,75.0,246.0,4.69,28.0,36.0,111.0,7.0,4.48,TE,13.0,,,,,,,,,,,,,,,,,,,111.0,1329.0,12.0,13.0,102.2,,,,,,,
2009,5,156,ATL,False,T,OL,O,North Carolina,22.0,2016.0,0,0,2,13.0,Garrett Reynolds,OT,North Carolina,80.0,309.0,5.32,19.0,22.0,94.0,7.87,4.88,,,,,,,,,,,,,,,,,,,,,,,,,,,,,,,,
2009,5,157,PHI,False,DB,DB,D,Virginia Tech,23.0,2010.0,0,0,0,3.0,Macho Harris,CB,Virginia Tech,71.0,198.0,4.46,,33.5,118.0,6.68,3.98,DB,52.0,,,,,,,,,,,,,,,,,,,,,,,,,,,,,15.0,2.0
2009,6,161,MIA,False,TE,TE,O,Monmouth,23.0,2010.0,0,0,0,0.0,,,,,,,,,,,,,,,,,,,,,,,,,,,,,,,,,,,,,,,,,,,
2009,6,164,NOR,False,P,P,S,SMU,23.0,2025.0,0,1,2,22.0,Thomas Morstead,P,SMU,76.0,225.0,4.83,19.0,,,,,,,,,,,,,,,,,,,,,,,,,,,,,,,,,,,,
2009,6,165,MIA,False,DB,DB,D,Clemson,23.0,2015.0,0,0,3,19.0,Chris Clemons,S,Clemson,72.0,208.0,4.33,19.0,37.5,127.0,7.27,4.38,DB,51.0,,,,,,,,,,,,,,,,,,,,,,,,,,,,,5.0,
2009,6,166,DAL,False,DB,DB,D,Clemson,23.0,2010.0,0,0,0,0.0,Michael Hamlin,S,Clemson,74.0,214.0,4.57,17.0,37.5,117.0,7.14,4.42,DB,48.0,,,,,,,,,,,,,,,,,,,,,,,,,,,,,14.0,
2009,6,168,PIT,False,DB,DB,D,Central Florida,22.0,2009.0,0,0,0,1.0,Joe Burnett,CB,Central Florida,69.0,192.0,4.58,22.0,35.5,118.0,6.68,4.25,DB,50.0,,,,,,,,,,,,,,,,,,,,,,,,,,,,,16.0,
2009,6,169,PIT,False,RB,RB,O,UNLV,24.0,2014.0,0,0,1,0.0,,,,,,,,,,,,RB,24.0,,,,,,,,,,,385.0,1668.0,4.3,14.0,36.0,402.0,11.2,6.0,,,,,,,,,,,,
2009,6,172,DAL,False,K,K,S,USC,22.0,2011.0,0,0,0,2.0,David Buehler,K,USC,74.0,227.0,4.57,25.0,,,,,,,,,,,,,,,,,,,,,,,,,,,,,,,,,,,,
2009,6,173,TEN,False,RB,RB,O,Michigan St.,22.0,2012.0,0,0,0,5.0,Javon Ringer,RB,Michigan State,69.0,205.0,4.5,23.0,34.0,115.0,6.87,4.11,RB,45.0,,,,,,,,,,,843.0,4398.0,5.2,34.0,96.0,719.0,7.5,1.0,,,,,,,,,,,,
2009,6,175,KAN,False,WR,WR,O,McNeese St.,24.0,2009.0,0,0,0,0.0,Quinten Lawrence,WR,McNeese State,72.0,184.0,4.4,20.0,,,,,,,,,,,,,,,,,,,,,,,,,,,,,,,,,,,,
2009,6,176,ATL,False,LB,LB,D,Miami (FL),22.0,2011.0,0,0,0,2.0,,,,,,,,,,,,LB,33.0,,,,,,,,,,,,,,,,,,,,,,,,5.0,41.0,23.0,64.0,10.0,,
2009,6,179,CIN,False,DB,DB,D,Michigan,23.0,2011.0,0,0,0,2.0,Morgan Trent,CB,Michigan,73.0,193.0,4.5,23.0,38.0,127.0,7.05,4.01,DB,48.0,,,,,,,,,,,,,,,,,,,,,,,,,,,,,7.0,
2009,6,180,JAX,False,TE,TE,O,Nebraska-Omaha,24.0,2017.0,0,0,2,4.0,,,,,,,,,,,,,,,,,,,,,,,,,,,,,,,,,,,,,,,,,,,
2009,6,181,MIA,False,T,OL,O,Georgia Tech,23.0,2016.0,0,0,0,0.0,Andrew Gardner,OT,Georgia Tech,79.0,304.0,4.96,,,,,,,,,,,,,,,,,,,,,,,,,,,,,,,,,,,,,
2009,6,182,GNB,False,DE,DL,D,Georgia,23.0,2014.0,0,0,0,5.0,Jarius Wynn,DE,Georgia,75.0,275.0,4.94,19.0,31.5,107.0,7.4,4.58,DL,26.0,,,,,,,,,,,,,,,,,,,,,,,,4.0,17.0,16.0,33.0,5.0,,
2009,6,183,BUF,False,DB,DB,D,USC,22.0,2010.0,0,0,0,1.0,Cary Harris,CB,USC,71.0,187.0,4.66,18.0,,,,,DB,49.0,,,,,,,,,,,,,,,,,,,,,,,,,,,,,5.0,1.0
2009,6,186,WAS,False,LB,LB,D,TCU,23.0,2009.0,0,0,0,0.0,,,,,,,,,,,,LB,50.0,14.53076923076923,,,,,,,,,,,,,,,,,,,,,,,4.5,160.0,112.0,272.0,27.0,,
2009,6,187,GNB,False,DB,DB,D,Cincinnati,23.0,2010.0,0,0,0,2.0,Brandon Underwood,S,Cincinnati,73.0,198.0,4.48,16.0,36.5,125.0,7.0,4.2,DB,14.0,,,,,,,,,,,,,,,,,,,,,,,,,,,,,4.0,
2009,6,188,HOU,False,DB,DB,D,Utah,22.0,2017.0,0,0,2,6.0,,,,,,,,,,,,DB,49.0,,,,,,,,,,,,,,,,,,,,,,,,,,,,,3.0,
2009,6,189,SDG,False,LB,LB,D,USC,22.0,2009.0,0,0,1,4.0,Kevin Ellison,OLB,USC,73.0,227.0,4.75,32.0,,,,,DB,37.0,0.1821428571428571,,,,,,,,,,,,,,,,,,,,,,,,,,,,5.0,
2009,6,190,CHI,False,DB,DB,D,Oregon St.,22.0,2012.0,0,0,1,4.0,,,,,,,,,,,,DB,47.0,,,,,,,,,,,,,,,,,,,,,,,,,,,,,3.0,3.0
2009,6,191,CLE,False,DB,DB,D,San Jose St.,22.0,2012.0,0,0,0,0.0,Coye Francies,CB,San Jose State,72.0,185.0,4.63,24.0,36.0,123.0,6.81,4.24,DB,26.0,,,,,,,,,,,,,,,,,,,,,,,,,,,,,4.0,6.0
2009,6,192,DET,False,RB,RB,O,TCU,23.0,2011.0,0,0,0,2.0,,,,,,,,,,,,RB,42.0,4.847368421052632,,,,,,,,,,487.0,2596.0,5.3,20.0,81.0,857.0,10.6,5.0,,,,,,,,,,,,
2009,7,193,NYJ,False,G,OL,O,Nebraska,23.0,2018.0,0,0,6,14.0,Matt Slauson,OG,Nebraska,77.0,316.0,5.26,,34.0,110.0,7.86,4.86,,,,,,,,,,,,,,,,,,,,,,,,,,,,,,,,
2009,7,194,PHI,False,WR,WR,O,Washington St.,22.0,2014.0,0,0,3,0.0,Brandon Gibson,WR,Washington State,72.0,210.0,4.59,,,,,,WR,45.0,30.725,,,,,,,,,,,,,,,,,,182.0,2756.0,15.1,17.0,61.2,,,,,,,
2009,7,195,CLE,False,RB,RB,O,Clemson,23.0,2010.0,0,0,0,0.0,James Davis,RB,Clemson,71.0,218.0,4.45,17.0,32.0,109.0,7.15,4.37,RB,50.0,-7.770588235294118,,,,,,,,,,753.0,3881.0,5.2,47.0,51.0,441.0,8.6,2.0,,,,,,,,,,,,
2009,7,196,STL,False,QB,QB,O,West Texas A&M,23.0,2009.0,0,0,0,1.0,,,,,,,,,,,,,,,,,,,,,,,,,,,,,,,,,,,,,,,,,,,
2009,7,198,NWE,False,C,OL,O,Hawaii,23.0,2010.0,0,0,0,1.0,Jake Ingram,LS,Hawaii,75.0,232.0,4.9,15.0,,,,,DL,22.0,,,,,,,,,,,,,,,,,,,,,,,,0.0,5.0,2.0,7.0,0.5,,
2009,7,201,IND,False,QB,QB,O,Purdue,24.0,2013.0,0,0,1,2.0,Curtis Painter,QB,Purdue,75.0,225.0,4.87,,29.0,102.0,7.0,4.48,QB,46.0,,987.0,1648.0,59.9,11163.0,67.0,46.0,6.8,6.33,242.7,,,,,,,,,,,,,,,,,,,,
2009,7,202,OAK,False,TE,TE,O,Iowa,24.0,2016.0,0,0,5,8.0,,,,,,,,,,,,TE,50.0,-14.6,,,,,,,,,,,,,,,,,,56.0,665.0,11.9,9.0,13.3,,,,,,,
2009,7,203,TEN,False,DB,DB,D,Rutgers,22.0,2021.0,0,0,9,30.0,,,,,,,,,,,,DB,48.0,,,,,,,,,,,,,,,,,,,,,,,,,,,,,2.0,14.0
2009,7,204,ARI,False,DE,DL,D,Illinois,23.0,2010.0,0,0,0,3.0,Will Davis,DE,Illinois,74.0,261.0,4.84,27.0,33.0,115.0,7.38,4.45,DL,37.0,6.632,,,,,,,,,,,,,,,,,,,,,,,15.0,53.0,42.0,95.0,23.0,,
2009,7,206,TEN,False,WR,WR,O,S.F. Austin,23.0,2009.0,0,0,0,0.0,Dominique Edison,WR,Stephen F. Austin,74.0,204.0,4.42,,37.0,120.0,,4.18,,,,,,,,,,,,,,,,,,,,,,,,,,,,,,,,
2009,7,207,NWE,False,DT,DL,D,Kentucky,23.0,2011.0,0,0,0,3.0,Myron Pryor,DT,Kentucky,72.0,319.0,5.03,,30.0,107.0,8.16,4.75,DL,44.0,,,,,,,,,,,,,,,,,,,,,,,,11.5,69.0,49.0,118.0,20.0,,
2009,7,208,DAL,False,TE,TE,O,Virginia,22.0,2018.0,0,0,1,2.0,John Phillips,TE,Virginia,77.0,251.0,4.78,20.0,33.5,112.0,6.84,4.27,TE,36.0,-5.7,,,,,,,,,,,,,,,,,,67.0,643.0,9.6,4.0,17.9,,,,,,,
2009,7,209,CIN,False,RB,RB,O,Abilene Christian,25.0,2013.0,0,0,0,9.0,Bernard Scott,RB,Abilene Christian,70.0,200.0,4.44,21.0,36.0,125.0,6.82,4.08,,,,,,,,,,,,,,,,,,,,,,,,,,,,,,,,
2009,7,210,ATL,False,DT,DL,D,Georgia Tech,22.0,2015.0,0,0,1,9.0,Vance Walker,DT,Georgia Tech,74.0,304.0,5.32,29.0,33.0,,,,DL,47.0,,,,,,,,,,,,,,,,,,,,,,,,13.0,69.0,41.0,110.0,26.5,,
2009,7,211,STL,False,RB,RB,O,Texas,23.0,2014.0,0,0,1,0.0,Chris Ogbonnaya,RB,Texas,72.0,220.0,4.57,19.0,35.0,111.0,6.85,4.29,RB,47.0,,,,,,,,,,,140.0,597.0,4.3,8.0,75.0,792.0,10.6,3.0,,,,,,,,,,,,
2009,7,212,KAN,False,RB,RB,O,Tennessee St.,23.0,2009.0,0,0,0,0.0,Javarris Williams,RB,Tennessee State,69.0,223.0,4.51,25.0,33.5,116.0,,,,,,,,,,,,,,,,,,,,,,,,,,,,,,,,,,
2009,7,214,MIA,False,LB,LB,D,Weber St.,25.0,2009.0,0,0,0,0.0,,,,,,,,,,,,,,,,,,,,,,,,,,,,,,,,,,,,,,,,,,,
2009,7,216,CAR,False,DB,DB,D,South Carolina,21.0,2018.0,0,0,4,24.0,Captain Munnerlyn,CB,South Carolina,68.0,182.0,4.41,19.0,37.5,121.0,7.15,4.2,DB,36.0,,,,,,,,,,,,,,,,,,,,,,,,,,,,,5.0,
2009,7,217,TAM,False,DB,DB,D,Western Michigan,22.0,2015.0,0,0,1,9.0,,,,,,,,,,,,DB,46.0,,,,,,,,,,,,,,,,,,,,,,,,,,,,,7.0,
2009,7,218,GNB,False,LB,LB,D,Colorado,23.0,2015.0,0,0,2,18.0,,,,,,,,,,,,LB,37.0,13.05,,,,,,,,,,,,,,,,,,,,,,,8.5,124.0,91.0,215.0,17.0,,
2009,7,219,SFO,False,DB,DB,D,LSU,24.0,2013.0,0,0,0,0.0,Curtis Taylor,S,LSU,74.0,209.0,4.49,13.0,37.5,129.0,7.25,4.23,DB,50.0,,,,,,,,,,,,,,,,,,,,,,,,,,,,,5.0,2.0
2009,7,220,BUF,False,DB,DB,D,West Virginia,22.0,2014.0,0,0,0,1.0,,,,,,,,,,,,DB,22.0,,,,,,,,,,,,,,,,,,,,,,,,,,,,,4.0,
2009,7,222,IND,False,K,K,S,West Virginia,22.0,2016.0,1,2,0,18.0,,,,,,,,,,,,,,,,,,,,,,,,,,,,,,,,,,,,,,,,,,,
2009,7,223,HOU,False,DB,DB,D,Arizona St.,23.0,2012.0,0,0,0,5.0,Troy Nolan,S,Arizona State,72.0,206.0,4.58,12.0,31.5,117.0,7.06,4.3,DB,25.0,,,,,,,,,,,,,,,,,,,,,,,,,,,,,10.0,
2009,7,229,DAL,False,WR,WR,O,Oklahoma,22.0,2010.0,0,0,0,0.0,Manuel Johnson,WR,Oklahoma,71.0,189.0,4.5,,,,,,WR,48.0,,,,,,,,,,,,,,,,,,,119.0,1710.0,14.4,17.0,35.6,,,,,,,
2009,7,230,PHI,False,LB,LB,D,Maryland,24.0,2014.0,0,0,2,10.0,Moise Fokou,OLB,Maryland,73.0,233.0,4.65,12.0,31.0,121.0,7.09,4.28,LB,26.0,,,,,,,,,,,,,,,,,,,,,,,,7.0,91.0,70.0,161.0,19.0,,
2009,7,231,MIN,False,DB,DB,D,Mississippi,24.0,2015.0,0,0,3,14.0,Jamarca Sanford,S,Mississippi,70.0,214.0,4.43,29.0,33.5,116.0,7.02,4.2,DB,44.0,,,,,,,,,,,,,,,,,,,,,,,,,,,,,0.0,3.0
2009,7,232,NWE,False,WR,WR,O,Kent St.,23.0,2020.0,0,0,7,61.0,,,,,,,,,,,,QB,31.0,,385.0,706.0,54.5,4997.0,30.0,31.0,7.1,5.95,161.2,,,,,,,,,,,,,,,,,,,,
2009,7,233,TAM,False,WR,WR,O,Oregon St.,23.0,2012.0,0,0,0,5.0,Sammie Stroughter,WR,Oregon State,69.0,189.0,4.45,13.0,30.0,110.0,7.03,4.28,WR,51.0,,,,,,,,,,,,,,,,,,,164.0,2653.0,16.2,14.0,52.0,,,,,,,
2009,7,235,DET,False,LB,LB,D,California,22.0,2010.0,0,0,0,2.0,Zack Follett,OLB,California,74.0,236.0,4.69,,37.0,117.0,7.31,,LB,49.0,,,,,,,,,,,,,,,,,,,,,,,,22.5,155.0,89.0,244.0,50.0,,
2009,7,236,IND,False,T,OL,O,Maryland,23.0,2010.0,0,0,0,1.0,Jaimie Thomas,OG,Maryland,76.0,323.0,5.29,20.0,,,,,OL,12.0,,,,,,,,,,,,,,,,,,,,,,,,,,,,,,
2009,7,237,KAN,False,TE,TE,O,Miami (OH),23.0,2012.0,0,0,0,0.0,,,,,,,,,,,,TE,36.0,,,,,,,,,,,,,,,,,,,46.0,453.0,9.8,4.0,12.6,,,,,,,
2009,7,239,TEN,False,G,OL,O,Syracuse,23.0,2010.0,0,0,0,0.0,,,,,,,,,,,,OL,12.0,,,,,,,,,,,,,,,,,,,,,,,,,,,,,,
2009,7,240,ARI,False,RB,RB,O,Pittsburgh,22.0,2013.0,0,0,0,9.0,,,,,,,,,,,,RB,44.0,,,,,,,,,,,429.0,1959.0,4.6,15.0,52.0,454.0,8.7,1.0,,,,,,,,,,,,
2009,7,241,PIT,False,TE,TE,O,Arkansas St.,22.0,2016.0,0,0,1,3.0,David Johnson,FB,Arkansas State,73.0,260.0,4.73,21.0,32.5,113.0,7.28,4.43,TE,36.0,-17.5,,,,,,,,,,,,,,,,,,45.0,760.0,16.9,9.0,21.1,,,,,,,
2009,7,242,TEN,False,DB,DB,D,North Dakota St.,23.0,2010.0,0,0,0,1.0,,,,,,,,,,,,,,,,,,,,,,,,,,,,,,,,,,,,,,,,,,,
2009,7,243,WAS,False,WR,WR,O,Nevada,24.0,2009.0,0,0,0,0.0,Marko Mitchell,WR,Nevada,76.0,218.0,4.43,9.0,32.0,116.0,7.04,4.33,WR,39.0,,,,,,,,,,,,,,,,,,,153.0,2763.0,18.1,22.0,70.8,,,,,,,
2009,7,244,SFO,False,DT,DL,D,LSU,22.0,2018.0,0,0,4,5.0,Ricky Jean-Francois,DT,LSU,75.0,295.0,5.19,25.0,26.0,93.0,,,DL,26.0,,,,,,,,,,,,,,,,,,,,,,,,5.5,23.0,33.0,56.0,10.0,,
2009,7,246,CHI,False,G,OL,O,San Diego St.,24.0,2015.0,0,0,2,12.0,,,,,,,,,,,,TE,18.0,,,,,,,,,,,,,,,,,,,15.0,195.0,13.0,1.0,10.8,,,,,,,
2009,7,247,SEA,False,DE,DL,D,Oregon,22.0,2011.0,0,0,0,2.0,,,,,,,,,,,,DL,51.0,-15.2,,,,,,,,,,,,,,,,,,,,,,,29.5,85.0,63.0,148.0,51.5,,
2009,7,248,SEA,False,TE,TE,O,California,22.0,2011.0,0,0,0,2.0,Cameron Morrah,TE,California,75.0,244.0,4.61,24.0,32.5,115.0,6.99,4.36,TE,34.0,,,,,,,,,,,,,,,,,,,41.0,484.0,11.8,10.0,14.2,,,,,,,
2009,7,249,CIN,False,DT,DL,D,Memphis,22.0,2019.0,0,0,2,1.0,,,,,,,,,,,,DL,48.0,,,,,,,,,,,,,,,,,,,,,,,,11.5,67.0,74.0,141.0,19.0,,
2009,7,250,JAX,False,RB,RB,O,Liberty,24.0,2016.0,0,0,5,9.0,Rashad Jennings,RB,Liberty,73.0,231.0,4.52,29.0,34.0,120.0,6.86,4.2,,,,,,,,,,,,,,,,,,,,,,,,,,,,,,,,
2009,7,253,JAX,False,WR,WR,O,Rutgers,22.0,2013.0,0,0,1,1.0,Tiquan Underwood,WR,Rutgers,73.0,184.0,4.31,7.0,41.5,129.0,6.62,4.11,WR,50.0,,,,,,,,,,,,,,,,,,,132.0,1931.0,14.6,16.0,38.6,,,,,,,
2009,7,255,DET,False,TE,TE,O,Maryland,24.0,2011.0,0,0,0,0.0,Dan Gronkowski,TE,Maryland,77.0,255.0,4.79,26.0,33.0,122.0,6.92,4.26,TE,41.0,,,,,,,,,,,,,,,,,,,40.0,401.0,10.0,4.0,9.8,,,,,,,
2009,7,256,KAN,False,K,K,S,South Carolina,22.0,2022.0,0,0,1,11.0,,,,,,,,,,,,,,,,,,,,,,,,,,,,,,,,,,,,,,,,,,,
2010,1,1,STL,False,QB,QB,O,Oklahoma,22.0,2018.0,0,0,5,25.0,Sam Bradford,QB,Oklahoma,76.0,236.0,4.79,,,,,,QB,31.0,28.53333333333333,604.0,893.0,67.6,8403.0,88.0,16.0,9.4,10.57,271.1,,,,,,,,,,,,,,,,,,,,
2010,1,2,DET,False,DT,DL,D,Nebraska,23.0,2022.0,3,5,12,59.0,Ndamukong Suh,DT,Nebraska,76.0,307.0,5.03,32.0,35.5,105.0,7.21,4.44,DL,54.0,18.147058823529413,,,,,,,,,,,,,,,,,,,,,,,24.0,125.0,90.0,215.0,49.5,,
2010,1,3,TAM,False,DT,DL,D,Oklahoma,22.0,2021.0,1,6,10,65.0,Gerald McCoy,DT,Oklahoma,76.0,295.0,5.04,23.0,30.5,114.0,7.32,4.48,DL,40.0,32.4,,,,,,,,,,,,,,,,,,,,,,,14.5,51.0,32.0,83.0,33.0,,
2010,1,4,WAS,False,T,OL,O,Oklahoma,22.0,2025.0,3,12,14,47.0,Trent Williams,OT,Oklahoma,77.0,315.0,4.81,23.0,34.5,113.0,7.64,4.63,OL,26.0,,,,,,,,,,,,,,,,,,,,,,,,,,,,,,
2010,1,5,KAN,False,DB,DB,D,Tennessee,21.0,2018.0,3,5,5,50.0,Eric Berry,S,Tennessee,72.0,211.0,4.4,19.0,43.0,130.0,6.8,4.23,DB,39.0,15.764705882352942,,,,,,,,,,,,,,,,,,,,,,,,,,,,14.0,
2010,1,6,SEA,False,T,OL,O,Oklahoma St.,21.0,2020.0,0,2,9,31.0,Russell Okung,OT,Oklahoma State,77.0,307.0,5.18,38.0,,,,,OL,25.0,,,,,,,,,,,,,,,,,,,,,,,,,,,,,,
2010,1,7,CLE,False,DB,DB,D,Florida,21.0,2021.0,0,3,10,39.0,Joe Haden,CB,Florida,71.0,193.0,4.52,18.0,35.0,125.0,6.94,4.34,DB,40.0,32.30588235294118,,,,,,,,,,,,,,,,,,,,,,,,,,,,8.0,
2010,1,8,OAK,False,LB,LB,D,Alabama,21.0,2015.0,0,0,5,15.0,Rolando McClain,ILB,Alabama,75.0,254.0,4.68,24.0,,,,,LB,41.0,22.0,,,,,,,,,,,,,,,,,,,,,,,8.0,139.0,135.0,274.0,31.5,,
2010,1,9,BUF,False,RB,RB,O,Clemson,23.0,2017.0,0,1,3,32.0,C.J. Spiller,RB,Clemson,71.0,196.0,4.37,18.0,,,,,RB,52.0,15.41645569620253,,,,,,,,,,606.0,3547.0,5.9,32.0,123.0,1420.0,11.5,11.0,,,,,,,,,,,,
2010,1,10,JAX,False,DT,DL,D,California,23.0,2023.0,0,0,7,33.0,Tyson Alualu,DE,California,74.0,295.0,4.87,21.0,35.5,116.0,7.15,4.43,DL,51.0,16.6,,,,,,,,,,,,,,,,,,,,,,,16.0,80.0,115.0,195.0,26.0,,
2010,1,11,SFO,False,T,OL,O,Rutgers,20.0,2016.0,0,0,4,31.0,Anthony Davis,OT,Rutgers,77.0,323.0,5.36,21.0,33.0,99.0,8.17,4.97,OL,25.0,5.358823529411765,,,,,,,,,,,,,,,,,,,,,,,,,,,,,
2010,1,12,SDG,False,RB,RB,O,Fresno St.,22.0,2016.0,0,1,5,37.0,Ryan Mathews,RB,Fresno State,72.0,218.0,4.37,19.0,36.0,121.0,7.0,4.33,RB,31.0,1.365625,,,,,,,,,,534.0,3280.0,6.1,39.0,19.0,268.0,14.1,2.0,,,,,,,,,,,,
2010,1,13,PHI,False,DE,DL,D,Michigan,22.0,2025.0,0,1,6,59.0,Brandon Graham,OLB,Michigan,73.0,268.0,4.71,31.0,,,,,LB,46.0,8.2,,,,,,,,,,,,,,,,,,,,,,,29.5,86.0,52.0,138.0,56.0,,
2010,1,14,SEA,False,DB,DB,D,Texas,21.0,2019.0,3,7,9,76.0,Earl Thomas,CB,Texas,70.0,208.0,4.43,21.0,,113.0,,,DB,27.0,33.0,,,,,,,,,,,,,,,,,,,,,,,,,,,,10.0,
2010,1,15,NYG,False,DE,DL,D,South Florida,21.0,2025.0,1,3,11,46.0,Jason Pierre-Paul,DE,South Florida,77.0,270.0,4.71,19.0,30.5,115.0,7.18,4.67,DL,13.0,2.8,,,,,,,,,,,,,,,,,,,,,,,6.5,27.0,18.0,45.0,16.5,,
2010,1,16,TEN,False,DE,DL,D,Georgia Tech,21.0,2018.0,0,0,8,40.0,Derrick Morgan,DE,Georgia Tech,75.0,266.0,4.77,,34.0,112.0,7.12,4.43,DL,39.0,8.6,,,,,,,,,,,,,,,,,,,,,,,19.5,74.0,41.0,115.0,29.5,,
2010,1,17,SFO,False,G,OL,O,Idaho,23.0,2020.0,1,4,10,42.0,Mike Iupati,OG,Idaho,77.0,331.0,5.24,27.0,27.5,92.0,7.85,4.93,OL,11.0,,,,,,,,,,,,,,,,,,,,,,,,,,,,,,
2010,1,18,PIT,False,C,OL,O,Florida,21.0,2020.0,2,9,9,78.0,Maurkice Pouncey,C,Florida,76.0,304.0,5.25,,,95.0,7.74,4.92,OL,28.0,,,,,,,,,,,,,,,,,,,,,,,,,,,,,,
2010,1,19,ATL,False,LB,LB,D,Missouri,22.0,2017.0,0,0,2,22.0,Sean Weatherspoon,OLB,Missouri,73.0,239.0,4.62,34.0,40.0,123.0,6.99,4.38,LB,52.0,16.553846153846152,,,,,,,,,,,,,,,,,,,,,,,12.0,233.0,173.0,406.0,44.0,,
2010,1,20,HOU,False,DB,DB,D,Alabama,22.0,2024.0,0,0,12,30.0,Kareem Jackson,CB,Alabama,70.0,196.0,4.4,13.0,37.5,118.0,6.92,4.14,DB,41.0,24.09090909090909,,,,,,,,,,,,,,,,,,,,,,,,,,,,5.0,
2010,1,21,CIN,False,TE,TE,O,Oklahoma,22.0,2018.0,0,2,9,22.0,Jermaine Gresham,TE,Oklahoma,77.0,261.0,4.66,20.0,35.0,113.0,7.07,4.53,TE,41.0,29.8,,,,,,,,,,,,,,,,,,111.0,1629.0,14.7,26.0,39.7,,,,,,,
2010,1,22,DEN,False,WR,WR,O,Georgia Tech,22.0,2019.0,0,5,8,65.0,Demaryius Thomas,WR,Georgia Tech,75.0,224.0,4.52,,,,,,WR,39.0,8.888636363636364,,,,,,,,,,,,,,,,,,120.0,2339.0,19.5,15.0,60.0,,,,,,,
2010,1,23,GNB,False,T,OL,O,Iowa,21.0,2021.0,0,0,9,53.0,Bryan Bulaga,OT,Iowa,77.0,314.0,5.2,26.0,27.5,98.0,7.7,4.75,,,,,,,,,,,,,,,,,,,,,,,,,,,,,,,,
2010,1,24,DAL,False,WR,WR,O,Oklahoma St.,21.0,2020.0,1,3,7,61.0,Dez Bryant,WR,Oklahoma State,74.0,225.0,4.52,,,,,,WR,28.0,16.0125,,,,,,,,,,,,,,,,,,147.0,2425.0,16.5,29.0,86.6,,,,,,,
2010,1,25,DEN,False,QB,QB,O,Florida,23.0,2012.0,0,0,1,11.0,Tim Tebow,QB,Florida,75.0,236.0,4.71,,38.5,115.0,6.66,4.17,QB,55.0,30.7,661.0,995.0,66.4,9285.0,88.0,16.0,9.3,10.38,168.8,,,,,,,,,,,,,,,,,,,,
2010,1,26,ARI,False,DT,DL,D,Tennessee,23.0,2016.0,0,0,6,20.0,Dan Williams,DT,Tennessee,74.0,327.0,5.19,27.0,32.0,96.0,7.88,4.87,DL,45.0,-4.5,,,,,,,,,,,,,,,,,,,,,,,7.0,79.0,81.0,160.0,25.0,,
2010,1,27,NWE,False,DB,DB,D,Rutgers,23.0,2022.0,0,2,13,71.0,Devin McCourty,CB,Rutgers,71.0,193.0,4.38,16.0,36.0,126.0,6.7,4.07,DB,52.0,,,,,,,,,,,,,,,,,,,,,,,,,,,,,6.0,
2010,1,28,MIA,False,DE,DL,D,Penn St.,22.0,2016.0,0,0,3,20.0,Jared Odrick,DT,Penn State,77.0,304.0,5.03,26.0,29.0,106.0,7.22,4.59,DL,44.0,,,,,,,,,,,,,,,,,,,,,,,,14.5,47.0,57.0,104.0,25.5,,
2010,1,29,NYJ,False,DB,DB,D,Boise St.,23.0,2015.0,0,0,2,14.0,Kyle Wilson,CB,Boise State,70.0,194.0,4.43,25.0,,,,,DB,50.0,11.943478260869565,,,,,,,,,,,,,,,,,,,,,,,,,,,,11.0,
2010,1,30,DET,False,RB,RB,O,California,21.0,2011.0,0,0,2,13.0,Jahvid Best,RB,California,70.0,199.0,4.34,18.0,32.5,113.0,6.75,4.17,RB,31.0,12.67142857142857,,,,,,,,,,364.0,2668.0,7.3,29.0,62.0,533.0,8.6,6.0,,,,,,,,,,,,
2010,1,31,IND,False,DE,DL,D,TCU,22.0,2024.0,0,0,9,3.0,Jerry Hughes,OLB,TCU,74.0,255.0,4.65,26.0,34.5,118.0,6.99,4.15,DL,49.0,12.8,,,,,,,,,,,,,,,,,,,,,,,28.5,83.0,59.0,142.0,40.5,,
2010,1,32,NOR,False,DB,DB,D,Florida St.,23.0,2020.0,0,0,1,15.0,Patrick Robinson,CB,Florida State,71.0,190.0,4.46,15.0,39.0,122.0,6.78,,DB,44.0,12.038888888888888,,,,,,,,,,,,,,,,,,,,,,,,,,,,7.0,
2010,2,33,STL,False,T,OL,O,Indiana,22.0,2022.0,0,2,11,41.0,Rodger Saffold,OT,Indiana,77.0,316.0,5.21,27.0,29.5,113.0,7.42,4.67,OL,10.0,,,,,,,,,,,,,,,,,,,,,,,,,,,,,,
2010,2,34,MIN,False,DB,DB,D,Virginia,23.0,2014.0,0,0,2,10.0,Chris Cook,CB,Virginia,74.0,212.0,4.45,7.0,38.0,132.0,6.88,4.23,DB,34.0,3.6714285714285713,,,,,,,,,,,,,,,,,,,,,,,,,,,,6.0,
2010,2,35,TAM,False,DT,DL,D,UCLA,21.0,2011.0,0,0,1,4.0,Brian Price,DT,UCLA,73.0,303.0,5.12,34.0,28.5,96.0,,,DL,35.0,-0.1,,,,,,,,,,,,,,,,,,,,,,,12.5,75.0,22.0,97.0,44.5,,
2010,2,36,KAN,False,WR,WR,O,Mississippi,21.0,2016.0,0,1,1,17.0,Dexter McCluster,WR,Mississippi,69.0,172.0,4.53,20.0,37.5,118.0,,4.06,WR,34.0,9.72608695652174,,,,,,,,,,,,,,,,,,115.0,1471.0,12.8,6.0,43.3,,,,,,,
2010,2,37,PHI,False,DB,DB,D,South Florida,22.0,2017.0,0,0,5,25.0,Nate Allen,S,South Florida,72.0,207.0,4.5,16.0,,,,,DB,48.0,10.245454545454546,,,,,,,,,,,,,,,,,,,,,,,,,,,,9.0,
2010,2,38,CLE,False,DB,DB,D,Oregon,23.0,2017.0,0,3,7,24.0,T.J. Ward,S,Oregon,70.0,211.0,4.56,19.0,34.0,121.0,,,DB,35.0,17.733333333333334,,,,,,,,,,,,,,,,,,,,,,,,,,,,2.0,1.0
2010,2,39,TAM,False,WR,WR,O,Illinois,21.0,2017.0,0,0,2,7.0,Arrelious Benn,WR,Illinois,73.0,219.0,4.57,20.0,37.0,118.0,,,WR,37.0,5.3,,,,,,,,,,,,,,,,,,159.0,2221.0,14.0,7.0,60.0,,,,,,,
2010,2,40,MIA,False,LB,LB,D,Utah,23.0,2016.0,0,0,6,30.0,Koa Misi,OLB,Utah,75.0,251.0,4.75,,38.0,127.0,7.07,4.27,DL,38.0,,,,,,,,,,,,,,,,,,,,,,,,10.5,94.0,112.0,206.0,26.0,,
2010,2,41,BUF,False,DT,DL,D,Central Florida,21.0,2011.0,0,0,0,2.0,Torell Troup,DT,Central Florida,75.0,314.0,5.12,34.0,29.0,98.0,7.61,4.73,,,,,,,,,,,,,,,,,,,,,,,,,,,,,,,,
2010,2,42,NWE,False,TE,TE,O,Arizona,21.0,2021.0,4,5,11,70.0,Rob Gronkowski,TE,Arizona,78.0,264.0,4.68,23.0,,,,,TE,22.0,11.8,,,,,,,,,,,,,,,,,,75.0,1197.0,16.0,16.0,54.4,,,,,,,
2010,2,43,BAL,False,LB,LB,D,Texas,22.0,2012.0,0,0,0,0.0,Sergio Kindle,OLB,Texas,75.0,250.0,4.65,25.0,36.5,118.0,7.26,4.53,LB,46.0,,,,,,,,,,,,,,,,,,,,,,,,16.5,107.0,44.0,151.0,33.5,,
2010,2,44,OAK,False,DE,DL,D,Texas,23.0,2017.0,0,0,5,25.0,Lamarr Houston,DT,Texas,75.0,305.0,4.84,30.0,33.5,114.0,7.61,4.71,DL,50.0,,,,,,,,,,,,,,,,,,,,,,,,14.0,86.0,50.0,136.0,35.5,,
2010,2,45,DEN,False,G,OL,O,Utah,23.0,2018.0,0,1,7,32.0,Zane Beadles,OG,Utah,76.0,310.0,5.28,27.0,,,,,OL,26.0,,,,,,,,,,,,,,,,,,,,,,,,,,,,,,
2010,2,46,NYG,False,DT,DL,D,East Carolina,21.0,2024.0,0,2,11,16.0,Linval Joseph,DT,East Carolina,76.0,328.0,5.09,39.0,30.0,100.0,8.12,4.71,DL,41.0,-2.3,,,,,,,,,,,,,,,,,,,,,,,6.5,57.0,86.0,143.0,29.5,,
2010,2,47,ARI,False,LB,LB,D,TCU,23.0,2013.0,0,1,4,34.0,Daryl Washington,OLB,TCU,74.0,230.0,4.58,17.0,31.0,114.0,,,LB,50.0,16.538888888888888,,,,,,,,,,,,,,,,,,,,,,,5.5,148.0,72.0,220.0,20.5,,
2010,2,48,CAR,False,QB,QB,O,Notre Dame,22.0,2015.0,0,0,1,0.0,Jimmy Clausen,QB,Notre Dame,75.0,222.0,4.76,,,,,,QB,35.0,2.7,695.0,1110.0,62.6,8148.0,60.0,27.0,7.3,7.33,232.8,,,,,,,,,,,,,,,,,,,,
2010,2,49,SFO,False,DB,DB,D,USC,22.0,2015.0,0,0,0,3.0,Taylor Mays,S,USC,75.0,230.0,4.31,24.0,41.0,125.0,,,DB,51.0,26.3,,,,,,,,,,,,,,,,,,,,,,,,,,,,5.0,9.0
2010,2,50,KAN,False,DB,DB,D,Alabama,22.0,2014.0,0,0,1,8.0,Javier Arenas,CB,Alabama,69.0,197.0,4.6,,,112.0,,,DB,52.0,21.44210526315789,,,,,,,,,,,,,,,,,,,,,,,,,,,,6.0,
2010,2,51,MIN,False,RB,RB,O,Stanford,23.0,2015.0,0,0,0,13.0,Toby Gerhart,RB,Stanford,72.0,231.0,4.5,22.0,38.0,118.0,6.94,4.25,RB,38.0,0.6999999999999998,,,,,,,,,,671.0,3522.0,5.2,44.0,39.0,395.0,10.1,0.0,,,,,,,,,,,,
2010,2,52,PIT,False,DE,DL,D,Virginia Tech,22.0,2014.0,0,0,2,22.0,Jason Worilds,OLB,Virginia Tech,73.0,254.0,4.65,24.0,38.0,114.0,6.95,4.29,DL,39.0,,,,,,,,,,,,,,,,,,,,,,,,15.0,61.0,67.0,128.0,34.0,,
2010,2,53,NWE,False,LB,LB,D,Florida,22.0,2013.0,0,0,1,8.0,Jermaine Cunningham,DE,Florida,75.0,266.0,4.89,,,,,,LB,45.0,28.8,,,,,,,,,,,,,,,,,,,,,,,18.5,79.0,72.0,151.0,33.0,,
2010,2,54,CIN,False,DE,DL,D,Florida,21.0,2022.0,0,2,7,62.0,Carlos Dunlap,DE,Florida,78.0,277.0,4.68,21.0,31.5,111.0,7.21,4.61,DL,39.0,34.7,,,,,,,,,,,,,,,,,,,,,,,19.5,56.0,28.0,84.0,26.0,,
2010,2,55,DAL,False,LB,LB,D,Penn St.,24.0,2020.0,1,2,7,53.0,Sean Lee,ILB,Penn State,74.0,236.0,4.71,24.0,37.5,120.0,,,LB,36.0,18.266666666666666,,,,,,,,,,,,,,,,,,,,,,,11.0,147.0,166.0,313.0,29.5,,
2010,2,56,GNB,False,DE,DL,D,Purdue,23.0,2015.0,0,0,2,17.0,Mike Neal,DT,Purdue,75.0,294.0,4.87,31.0,33.0,113.0,7.53,4.53,DL,46.0,,,,,,,,,,,,,,,,,,,,,,,,13.0,56.0,43.0,99.0,26.0,,
2010,2,57,BAL,False,DT,DL,D,Alabama,22.0,2014.0,0,0,1,14.0,Terrence Cody,DT,Alabama,76.0,354.0,5.71,,20.5,90.0,8.19,5.03,DL,26.0,,,,,,,,,,,,,,,,,,,,,,,,0.5,19.0,33.0,52.0,10.5,,
2010,2,58,HOU,False,RB,RB,O,Auburn,22.0,2014.0,0,0,0,13.0,Ben Tate,RB,Auburn,71.0,220.0,4.34,26.0,40.5,124.0,6.91,4.12,RB,47.0,15.022222222222222,,,,,,,,,,678.0,3321.0,4.9,24.0,53.0,336.0,6.3,0.0,,,,,,,,,,,,
2010,2,59,CLE,False,RB,RB,O,Tennessee,23.0,2012.0,0,0,0,4.0,Montario Hardesty,RB,Tennessee,72.0,225.0,4.49,21.0,41.0,124.0,6.87,4.14,RB,49.0,16.30576923076923,,,,,,,,,,560.0,2391.0,4.3,26.0,38.0,405.0,10.7,1.0,,,,,,,,,,,,
2010,2,60,SEA,False,WR,WR,O,Notre Dame,22.0,2020.0,0,1,7,17.0,Golden Tate,WR,Notre Dame,70.0,199.0,4.42,17.0,35.0,120.0,7.12,4.34,WR,37.0,5.0,,,,,,,,,,,,,,,,,,157.0,2707.0,17.2,26.0,73.2,,,,,,,
2010,2,61,NYJ,False,T,OL,O,Massachusetts,22.0,2018.0,0,0,4,3.0,Vladimir Ducasse,OT,Massachusetts,76.0,332.0,5.21,29.0,26.0,91.0,8.25,4.97,,,,,,,,,,,,,,,,,,,,,,,,,,,,,,,,
2010,2,62,NWE,False,LB,LB,D,Florida,23.0,2016.0,0,0,5,19.0,Brandon Spikes,ILB,Florida,75.0,249.0,5.05,,29.0,111.0,6.97,,LB,48.0,33.75,,,,,,,,,,,,,,,,,,,,,,,6.5,178.0,129.0,307.0,31.5,,
2010,2,63,IND,False,LB,LB,D,Iowa,23.0,2013.0,0,0,3,18.0,Pat Angerer,ILB,Iowa,72.0,235.0,4.71,26.0,35.0,110.0,7.04,4.29,LB,43.0,21.4,,,,,,,,,,,,,,,,,,,,,,,2.0,95.0,163.0,258.0,11.5,,
2010,2,64,NOR,False,T,OL,O,USC,23.0,2015.0,0,0,1,15.0,Charles Brown,OT,USC,77.0,303.0,5.21,21.0,31.5,,,,OL,22.0,4.5,,,,,,,,,,,,,,,,,,,,,,,,,,,,,
2010,3,65,STL,False,DB,DB,D,South Florida,23.0,2013.0,0,0,0,2.0,Jerome Murphy,CB,South Florida,72.0,196.0,4.5,16.0,38.0,127.0,6.87,4.05,DB,52.0,9.366666666666667,,,,,,,,,,,,,,,,,,,,,,,,,,,,8.0,
2010,3,66,DET,False,DB,DB,D,Iowa,22.0,2012.0,0,0,2,11.0,Amari Spievey,CB,Iowa,71.0,195.0,4.52,,35.0,116.0,,,DB,26.0,19.12222222222222,,,,,,,,,,,,,,,,,,,,,,,,,,,,6.0,
2010,3,67,TAM,False,DB,DB,D,Vanderbilt,22.0,2012.0,0,0,0,1.0,Myron Lewis,S,Vanderbilt,74.0,203.0,4.42,10.0,37.0,126.0,,,DB,36.0,-1.6666666666666667,,,,,,,,,,,,,,,,,,,,,,,,,,,,10.0,
2010,3,68,KAN,False,G,OL,O,Illinois,22.0,2014.0,0,0,4,13.0,Jon Asamoah,OG,Illinois,76.0,305.0,5.07,,,,,,,,,,,,,,,,,,,,,,,,,,,,,,,,,,,,,
2010,3,69,OAK,False,T,OL,O,Hillsdale,23.0,2020.0,0,0,8,20.0,Jared Veldheer,OT,Hillsdale,80.0,312.0,5.06,32.0,33.5,109.0,7.4,4.51,,,,,,,,,,,,,,,,,,,,,,,,,,,,,,,,
2010,3,70,BAL,False,TE,TE,O,Oregon,23.0,2018.0,0,0,7,9.0,Ed Dickson,TE,Oregon,76.0,249.0,4.59,23.0,34.0,115.0,7.32,4.59,TE,52.0,19.78918918918919,,,,,,,,,,,,,,,,,,124.0,1557.0,12.6,12.0,29.9,,,,,,,
2010,3,71,GNB,False,DB,DB,D,Georgia Tech,21.0,2019.0,0,0,8,30.0,Morgan Burnett,S,Georgia Tech,73.0,209.0,4.51,16.0,,,,,DB,40.0,8.882352941176471,,,,,,,,,,,,,,,,,,,,,,,,,,,,14.0,
2010,3,72,BUF,False,DE,DL,D,Arkansas St.,23.0,2015.0,0,0,1,6.0,Alex Carrington,DE,Arkansas State,77.0,285.0,4.92,26.0,,,,,DL,43.0,-9.5,,,,,,,,,,,,,,,,,,,,,,,21.5,94.0,52.0,146.0,40.5,,
2010,3,73,MIA,False,T,OL,O,Mississippi,24.0,2019.0,0,0,6,17.0,John Jerry,OT,Mississippi,77.0,328.0,5.15,,27.5,101.0,7.93,4.69,,,,,,,,,,,,,,,,,,,,,,,,,,,,,,,,
2010,3,74,JAX,False,DT,DL,D,Louisiana Tech,22.0,2015.0,0,0,0,1.0,D'Anthony Smith,DT,Louisiana Tech,74.0,304.0,5.01,,,,,,DL,49.0,-22.2,,,,,,,,,,,,,,,,,,,,,,,12.5,72.0,125.0,197.0,23.5,,
2010,3,75,CHI,False,DB,DB,D,Florida,22.0,2016.0,0,0,3,17.0,Major Wright,S,Florida,71.0,206.0,4.44,14.0,37.5,119.0,6.95,4.36,DB,41.0,32.1,,,,,,,,,,,,,,,,,,,,,,,,,,,,8.0,
2010,3,77,TEN,False,WR,WR,O,USC,22.0,2014.0,0,0,1,10.0,Damian Williams,WR,USC,73.0,197.0,4.52,19.0,38.0,118.0,6.79,4.24,WR,38.0,12.056382978723404,,,,,,,,,,,,,,,,,,147.0,2114.0,14.4,17.0,55.6,,,,,,,
2010,3,78,CAR,False,WR,WR,O,LSU,23.0,2018.0,0,0,5,19.0,Brandon LaFell,WR,LSU,74.0,211.0,4.58,,36.0,115.0,6.81,4.23,WR,51.0,,,,,,,,,,,,,,,,,,,175.0,2517.0,14.4,25.0,49.4,,,,,,,
2010,3,79,SDG,False,LB,LB,D,Washington,21.0,2016.0,0,0,5,26.0,Donald Butler,ILB,Washington,73.0,245.0,4.61,35.0,,,,,LB,43.0,-0.2,,,,,,,,,,,,,,,,,,,,,,,3.0,159.0,79.0,238.0,26.5,,
2010,3,80,DEN,False,C,OL,O,Baylor,23.0,2015.0,0,0,3,14.0,J.D. Walton,C,Baylor,75.0,300.0,5.19,24.0,27.0,101.0,7.6,4.69,OL,12.0,,,,,,,,,,,,,,,,,,,,,,,,,,,,,,
2010,3,81,HOU,False,DT,DL,D,Arizona,22.0,2019.0,0,0,4,10.0,Earl Mitchell,DT,Arizona,74.0,296.0,4.75,25.0,28.5,107.0,7.68,4.55,DL,25.0,1.7666666666666666,,,,,,,,,,,,,,,,,,,,,,,8.0,50.0,38.0,88.0,18.0,,
2010,3,82,PIT,False,WR,WR,O,SMU,23.0,2021.0,0,2,9,11.0,Emmanuel Sanders,WR,SMU,71.0,186.0,4.4,12.0,39.5,126.0,6.64,4.1,WR,47.0,-11.09,,,,,,,,,,,,,,,,,,285.0,3791.0,13.3,34.0,80.7,,,,,,,
2010,3,83,ATL,False,DT,DL,D,Kentucky,22.0,2022.0,0,0,9,23.0,Corey Peters,DT,Kentucky,75.0,300.0,4.98,,33.0,98.0,7.56,4.76,DL,49.0,13.4,,,,,,,,,,,,,,,,,,,,,,,11.5,87.0,65.0,152.0,27.0,,
2010,3,84,CIN,False,WR,WR,O,Texas,24.0,2012.0,0,0,0,5.0,Jordan Shipley,WR,Texas,71.0,193.0,4.6,16.0,36.5,116.0,,,WR,53.0,29.70434782608696,,,,,,,,,,,,,,,,,,248.0,3191.0,12.9,33.0,60.2,,,,,,,
2010,3,85,CLE,False,QB,QB,O,Texas,24.0,2022.0,0,0,2,9.0,Colt McCoy,QB,Texas,73.0,216.0,4.79,,,114.0,,,QB,53.0,29.01818181818182,1157.0,1645.0,70.3,13253.0,112.0,45.0,8.1,8.19,250.1,,,,,,,,,,,,,,,,,,,,
2010,3,86,PHI,False,DE,DL,D,Washington,23.0,2013.0,0,0,2,1.0,Daniel Te'o-Nesheim,DE,Washington,75.0,263.0,4.73,29.0,37.0,121.0,6.91,4.18,DL,49.0,,,,,,,,,,,,,,,,,,,,,,,,29.0,115.0,79.0,194.0,46.0,,
2010,3,87,DEN,False,WR,WR,O,Minnesota,23.0,2017.0,0,0,5,26.0,Eric Decker,WR,Minnesota,75.0,217.0,4.54,15.0,,,,,WR,45.0,-0.8181818181818181,,,,,,,,,,,,,,,,,,227.0,3119.0,13.7,24.0,69.3,,,,,,,
2010,3,88,ARI,False,WR,WR,O,The Citadel,22.0,2022.0,1,3,2,14.0,Andre Roberts,WR,Citadel,71.0,195.0,4.4,15.0,36.0,120.0,6.77,4.15,,,,,,,,,,,,,,,,,,,,,,,,,,,,,,,,
2010,3,89,CAR,False,WR,WR,O,Appalachian St.,22.0,2013.0,0,0,0,1.0,Armanti Edwards,WR,Appalachian State,71.0,187.0,4.41,,,,,,,,,,,,,,,,,,,,,,,,,,,,,,,,,,,,,
2010,3,90,NWE,False,WR,WR,O,Ohio,22.0,2011.0,0,0,0,1.0,Taylor Price,WR,Ohio,72.0,204.0,4.4,16.0,37.0,114.0,6.82,4.34,WR,52.0,-9.663013698630136,,,,,,,,,,,,,,,,,,149.0,2019.0,13.6,14.0,38.8,,,,,,,
2010,3,91,SFO,False,LB,LB,D,Penn St.,22.0,2017.0,4,3,5,67.0,Navorro Bowman,OLB,Penn State,72.0,242.0,4.7,26.0,29.5,115.0,6.91,4.59,LB,33.0,,,,,,,,,,,,,,,,,,,,,,,,8.0,117.0,98.0,215.0,36.0,,
2010,3,92,CLE,False,G,OL,O,Arizona St.,22.0,2018.0,0,0,7,16.0,Shawn Lauvao,OG,Arizona State,75.0,315.0,5.22,33.0,26.5,101.0,7.56,4.51,OL,12.0,,,,,,,,,,,,,,,,,,,,,,,,,,,,,,
2010,3,93,KAN,False,TE,TE,O,Iowa,23.0,2015.0,0,0,2,9.0,Tony Moeaki,TE,Iowa,75.0,245.0,4.69,18.0,34.0,113.0,7.1,4.42,TE,48.0,16.72,,,,,,,,,,,,,,,,,,76.0,953.0,12.5,11.0,19.9,,,,,,,
2010,3,94,IND,False,DB,DB,D,USC,23.0,2011.0,0,0,0,2.0,Kevin Thomas,CB,USC,72.0,192.0,4.41,19.0,34.5,126.0,6.82,4.18,DB,39.0,-4.063414634146342,,,,,,,,,,,,,,,,,,,,,,,,,,,,3.0,14.0
2010,3,95,NOR,False,TE,TE,O,Miami (FL),23.0,2023.0,1,5,10,39.0,Jimmy Graham,TE,Miami (FL),78.0,260.0,4.53,,38.5,120.0,6.9,4.45,TE,13.0,25.0,,,,,,,,,,,,,,,,,,17.0,213.0,12.5,5.0,16.4,,,,,,,
2010,3,96,CIN,False,DB,DB,D,Wake Forest,23.0,2014.0,0,0,0,1.0,Brandon Ghee,CB,Wake Forest,72.0,192.0,4.37,15.0,37.0,127.0,6.75,4.07,DB,36.0,6.4,,,,,,,,,,,,,,,,,,,,,,,,,,,,1.0,18.0
2010,4,97,TEN,False,LB,LB,D,Georgia,21.0,2010.0,0,0,0,1.0,Rennie Curran,OLB,Georgia,71.0,235.0,4.75,25.0,34.5,,,,LB,37.0,,,,,,,,,,,,,,,,,,,,,,,,6.5,170.0,128.0,298.0,24.0,,
2010,4,98,ATL,False,G,OL,O,Alabama,23.0,2012.0,0,0,0,2.0,Mike Johnson,OG,Alabama,77.0,312.0,5.37,,25.0,91.0,8.15,5.01,OL,27.0,0.6333333333333334,,,,,,,,,,,,,,,,,,,,,,,,,,,,,
2010,4,99,STL,False,WR,WR,O,Cincinnati,23.0,2012.0,0,0,0,1.0,Mardy Gilyard,WR,Cincinnati,72.0,187.0,4.61,,39.0,116.0,6.92,4.4,WR,40.0,14.844444444444443,,,,,,,,,,,,,,,,,,204.0,3003.0,14.7,25.0,75.1,,,,,,,
2010,4,100,MIN,False,DE,DL,D,USC,22.0,2021.0,0,4,6,66.0,Everson Griffen,DE,USC,75.0,273.0,4.65,32.0,,,,,DL,36.0,,,,,,,,,,,,,,,,,,,,,,,,18.0,48.0,36.0,84.0,21.0,,
2010,4,101,TAM,False,WR,WR,O,Syracuse,23.0,2014.0,0,0,3,25.0,Mike Williams,WR,Syracuse,73.0,221.0,4.53,8.0,33.5,116.0,6.9,4.31,WR,29.0,10.072222222222225,,,,,,,,,,,,,,,,,,133.0,2044.0,15.4,20.0,70.5,,,,,,,
2010,4,102,HOU,False,LB,LB,D,Miami (FL),22.0,2014.0,0,0,1,10.0,Darryl Sharpton,ILB,Miami (FL),71.0,236.0,4.81,24.0,,,7.19,4.42,LB,49.0,25.0,,,,,,,,,,,,,,,,,,,,,,,2.5,154.0,101.0,255.0,27.0,,
2010,4,103,WAS,False,LB,LB,D,LSU,22.0,2016.0,0,0,6,27.0,Perry Riley,OLB,LSU,73.0,239.0,4.69,,35.5,119.0,6.97,4.25,LB,47.0,,,,,,,,,,,,,,,,,,,,,,,,2.0,87.0,98.0,185.0,13.0,,
2010,4,104,TEN,False,DB,DB,D,UCLA,21.0,2017.0,0,1,4,26.0,Alterraun Verner,CB,UCLA,70.0,189.0,4.52,11.0,32.0,116.0,6.7,4.12,DB,51.0,7.333333333333333,,,,,,,,,,,,,,,,,,,,,,,,,,,,13.0,
2010,4,105,PHI,False,DB,DB,D,Kentucky,24.0,2010.0,0,0,0,1.0,Trevard Lindley,CB,Kentucky,71.0,183.0,4.51,9.0,38.5,116.0,6.81,4.27,DB,48.0,3.85,,,,,,,,,,,,,,,,,,,,,,,,,,,,10.0,
2010,4,106,OAK,False,T,OL,O,Maryland,22.0,2012.0,0,0,0,1.0,Bruce Campbell,OT,Maryland,78.0,314.0,4.75,34.0,32.0,101.0,7.58,4.69,OL,11.0,,,,,,,,,,,,,,,,,,,,,,,,,,,,,,
2010,4,107,BUF,False,WR,WR,O,Connecticut,22.0,2015.0,0,0,0,1.0,Marcus Easley,WR,Connecticut,75.0,210.0,4.39,16.0,34.0,123.0,6.94,4.6,WR,34.0,6.05,,,,,,,,,,,,,,,,,,53.0,997.0,18.8,8.0,29.3,,,,,,,
2010,4,108,OAK,False,WR,WR,O,Clemson,23.0,2013.0,0,0,1,12.0,Jacoby Ford,WR,Clemson,69.0,186.0,4.28,15.0,33.5,115.0,7.0,4.44,WR,48.0,15.670833333333333,,,,,,,,,,,,,,,,,,143.0,1986.0,13.9,16.0,41.4,,,,,,,
2010,4,109,CHI,False,DE,DL,D,Northwestern,23.0,2014.0,0,0,1,12.0,Corey Wootton,DE,Northwestern,78.0,270.0,4.92,20.0,,,,,DL,53.0,-1.480297366166875e-16,,,,,,,,,,,,,,,,,,,,,,,19.5,94.0,62.0,156.0,38.0,,
2010,4,110,SDG,False,DB,DB,D,Kansas,23.0,2016.0,0,1,0,8.0,Darrell Stuckey,S,Kansas,71.0,205.0,4.46,17.0,39.5,120.0,,,DB,45.0,13.858823529411763,,,,,,,,,,,,,,,,,,,,,,,,,,,,8.0,3.0
2010,4,111,SEA,False,DB,DB,D,Oregon,23.0,2015.0,0,0,1,5.0,Walter Thurmond,CB,Oregon,71.0,189.0,4.53,,,,,,DB,41.0,20.35384615384616,,,,,,,,,,,,,,,,,,,,,,,,,,,,12.0,
2010,4,112,NYJ,False,RB,RB,O,USC,22.0,2014.0,0,0,0,6.0,Joe McKnight,RB,USC,71.0,198.0,4.4,18.0,36.5,120.0,,,RB,36.0,27.34,,,,,,,,,,347.0,2213.0,6.4,13.0,66.0,542.0,8.2,2.0,,,,,,,,,,,,
2010,4,113,NWE,False,TE,TE,O,Florida,20.0,2012.0,0,0,2,21.0,Aaron Hernandez,TE,Florida,74.0,245.0,4.64,,,,,,TE,40.0,32.275,,,,,,,,,,,,,,,,,,111.0,1382.0,12.5,12.0,34.6,,,,,,,
2010,4,114,BAL,False,TE,TE,O,BYU,25.0,2016.0,0,0,1,16.0,Dennis Pitta,TE,BYU,76.0,245.0,4.68,27.0,34.0,113.0,6.72,4.17,TE,50.0,13.433333333333334,,,,,,,,,,,,,,,,,,221.0,2901.0,13.1,21.0,58.0,,,,,,,
2010,4,115,NYG,False,LB,LB,D,Nebraska,23.0,2010.0,0,0,0,0.0,Phillip Dillard,ILB,Nebraska,72.0,245.0,4.65,,31.5,106.0,7.16,4.43,LB,45.0,19.9,,,,,,,,,,,,,,,,,,,,,,,3.5,90.0,83.0,173.0,13.5,,
2010,4,117,ATL,False,C,OL,O,UNLV,21.0,2017.0,0,0,3,13.0,Joe Hawley,C,UNLV,75.0,297.0,5.21,35.0,26.0,105.0,7.5,4.73,OL,24.0,,,,,,,,,,,,,,,,,,,,,,,,,,,,,,
2010,4,118,HOU,False,TE,TE,O,Wisconsin,24.0,2015.0,0,0,2,7.0,Garrett Graham,TE,Wisconsin,75.0,243.0,4.71,20.0,34.5,112.0,7.09,4.35,TE,37.0,12.6,,,,,,,,,,,,,,,,,,121.0,1492.0,12.3,16.0,40.3,,,,,,,
2010,4,120,CIN,False,DT,DL,D,Georgia,22.0,2020.0,2,8,9,89.0,Geno Atkins,DT,Georgia,73.0,293.0,4.75,34.0,33.0,117.0,7.33,4.43,DL,50.0,,,,,,,,,,,,,,,,,,,,,,,,11.0,76.0,44.0,120.0,33.5,,
2010,4,121,PHI,False,LB,LB,D,Oklahoma,23.0,2012.0,0,0,0,2.0,Keenan Clayton,OLB,Oklahoma,73.0,229.0,4.59,27.0,41.5,124.0,,,DB,54.0,27.35,,,,,,,,,,,,,,,,,,,,,,,,,,,,3.0,1.0
2010,4,122,PHI,False,QB,QB,O,Northwestern,23.0,2011.0,0,0,0,0.0,Mike Kafka,QB,Northwestern,75.0,225.0,4.93,,32.0,110.0,6.96,4.37,QB,30.0,-1.2830188679245282,408.0,637.0,64.1,4265.0,19.0,20.0,6.7,5.88,142.2,,,,,,,,,,,,,,,,,,,,
2010,4,124,CAR,False,LB,LB,D,South Carolina,22.0,2011.0,0,0,0,2.0,Eric Norwood,OLB,South Carolina,73.0,245.0,4.71,,36.5,115.0,7.08,4.23,DL,51.0,15.177777777777775,,,,,,,,,,,,,,,,,,,,,,,29.0,176.0,79.0,255.0,55.0,,
2010,4,125,PHI,False,TE,TE,O,Missouri State,23.0,2016.0,0,0,2,3.0,Clay Harbor,FB,Missouri State,75.0,252.0,4.62,30.0,40.0,120.0,,4.37,,,,,,,,,,,,,,,,,,,,,,,,,,,,,,,,
2010,4,126,DAL,False,DB,DB,D,Indiana (PA),22.0,2013.0,0,0,0,0.0,Akwasi Owusu-Ansah,CB,Indiana (PA),72.0,207.0,4.32,,35.5,120.0,6.84,4.32,,,,,,,,,,,,,,,,,,,,,,,,,,,,,,,,
2010,4,127,SEA,False,DE,DL,D,North Carolina,22.0,2010.0,0,0,0,0.0,E.J. Wilson,DE,North Carolina,74.0,286.0,4.97,23.0,29.5,,,,DL,50.0,,,,,,,,,,,,,,,,,,,,,,,,12.0,95.0,55.0,150.0,29.0,,
2010,4,128,DET,False,T,OL,O,Miami (FL),22.0,2015.0,0,0,1,2.0,Jason Fox,OT,Miami (FL),79.0,303.0,5.45,23.0,,,,,OL,36.0,10.9,,,,,,,,,,,,,,,,,,,,,,,,,,,,,
2010,5,129,IND,False,G,OL,O,Tennessee,22.0,2015.0,0,0,0,0.0,,,,,,,,,,,,OL,13.0,,,,,,,,,,,,,,,,,,,,,,,,,,,,,,
2010,5,130,ARI,False,DE,DL,D,Wisconsin,23.0,2016.0,0,0,2,8.0,O'Brien Schofield,OLB,Wisconsin,74.0,221.0,4.63,,,,,,LB,39.0,,,,,,,,,,,,,,,,,,,,,,,,17.0,77.0,33.0,110.0,33.0,,
2010,5,131,CIN,False,LB,LB,D,Texas,23.0,2012.0,0,0,0,1.0,Roddrick Muckelroy,OLB,Texas,74.0,246.0,4.68,19.0,31.0,110.0,7.25,4.39,LB,42.0,27.9,,,,,,,,,,,,,,,,,,,,,,,5.5,174.0,82.0,256.0,20.5,,
2010,5,132,STL,False,TE,TE,O,Illinois,22.0,2017.0,0,0,3,1.0,Michael Hoomanawanui,TE,Illinois,76.0,264.0,4.77,25.0,,,,,TE,41.0,2.55,,,,,,,,,,,,,,,,,,40.0,490.0,12.3,4.0,12.0,,,,,,,
2010,5,133,SEA,False,DB,DB,D,Virginia Tech,22.0,2017.0,0,4,7,49.0,Kam Chancellor,S,Virginia Tech,75.0,231.0,4.62,22.0,32.0,116.0,7.36,4.41,DB,53.0,19.05,,,,,,,,,,,,,,,,,,,,,,,,,,,,6.0,
2010,5,135,ATL,False,DB,DB,D,Oklahoma,22.0,2014.0,0,0,0,5.0,Dominique Franks,CB,Oklahoma,71.0,194.0,4.46,10.0,33.5,117.0,7.32,4.33,DB,40.0,27.082142857142856,,,,,,,,,,,,,,,,,,,,,,,,,,,,6.0,
2010,5,136,KAN,False,DB,DB,D,Mississippi,22.0,2018.0,0,0,6,18.0,Kendrick Lewis,S,Mississippi,72.0,198.0,4.73,16.0,31.5,116.0,6.88,4.33,DB,38.0,8.31304347826087,,,,,,,,,,,,,,,,,,,,,,,,,,,,6.0,
2010,5,137,DEN,False,DB,DB,D,Oklahoma St.,23.0,2016.0,0,0,4,3.0,Perrish Cox,CB,Oklahoma State,71.0,195.0,4.58,12.0,32.5,113.0,,,DB,49.0,14.54390243902439,,,,,,,,,,,,,,,,,,,,,,,,,,,,10.0,
2010,5,138,OAK,False,DB,DB,D,Auburn,23.0,2010.0,0,0,0,0.0,,,,,,,,,,,,DB,47.0,13.166666666666666,,,,,,,,,,,,,,,,,,,,,,,,,,,,9.0,
2010,5,139,NYJ,False,RB,RB,O,Kentucky,23.0,2014.0,0,0,1,0.0,John Conner,FB,Kentucky,71.0,246.0,4.64,24.0,35.0,111.0,7.15,4.32,RB,50.0,3.655555555555555,,,,,,,,,,54.0,247.0,4.6,4.0,25.0,193.0,7.7,4.0,,,,,,,,,,,,
2010,5,140,BUF,False,T,OL,O,Virginia Tech,23.0,2010.0,0,0,0,0.0,Ed Wang,OT,Virginia Tech,77.0,314.0,5.18,29.0,27.0,96.0,,4.7,OL,27.0,,,,,,,,,,,,,,,,,,,,,,,,,,,,,,
2010,5,141,CHI,False,DB,DB,D,Kansas St.,22.0,2010.0,0,0,0,0.0,Joshua Moore,CB,Kansas State,71.0,188.0,4.5,2.0,36.5,122.0,6.74,4.07,DB,37.0,8.695121951219512,,,,,,,,,,,,,,,,,,,,,,,,,,,,6.0,
2010,5,142,KAN,False,DE,DL,D,Troy,22.0,2012.0,0,0,0,1.0,Cameron Sheffield,OLB,Troy,74.0,257.0,4.92,,33.0,115.0,7.23,4.53,DL,47.0,-11.5,,,,,,,,,,,,,,,,,,,,,,,14.5,89.0,51.0,140.0,29.0,,
2010,5,143,JAX,False,DE,DL,D,Central Arkansas,23.0,2010.0,0,0,0,1.0,,,,,,,,,,,,,,,,,,,,,,,,,,,,,,,,,,,,,,,,,,,
2010,5,144,HOU,False,DB,DB,D,Northwestern,22.0,2020.0,0,0,0,2.0,Sherrick McManis,CB,Northwestern,71.0,195.0,4.48,,,,,,DB,46.0,-1.3333333333333333,,,,,,,,,,,,,,,,,,,,,,,,,,,,9.0,
2010,5,145,MIA,False,DB,DB,D,Maryland,23.0,2017.0,0,0,4,11.0,Nolan Carroll,CB,Maryland,71.0,204.0,4.42,,,,,,DB,24.0,,,,,,,,,,,,,,,,,,,,,,,,,,,,,0.0,9.0
2010,5,146,SDG,False,DT,DL,D,North Carolina,23.0,2017.0,0,0,2,9.0,Cam Thomas,DT,North Carolina,76.0,330.0,5.16,31.0,29.0,102.0,7.68,4.78,DL,46.0,-5.496226415094339,,,,,,,,,,,,,,,,,,,,,,,3.5,44.0,39.0,83.0,8.5,,
2010,5,147,NYG,False,G,OL,O,Arkansas,23.0,2012.0,0,0,0,4.0,Mitch Petrus,OG,Arkansas,75.0,310.0,5.34,45.0,,,,,RB,27.0,20.6,,,,,,,,,,1.0,1.0,1.0,0.0,0.0,0.0,,0.0,,,,,,,,,,,,
2010,5,148,TEN,False,DB,DB,D,Utah,23.0,2012.0,0,0,0,2.0,,,,,,,,,,,,DB,37.0,11.4375,,,,,,,,,,,,,,,,,,,,,,,,,,,,13.0,
2010,5,150,NWE,False,P,P,S,Michigan,24.0,2013.0,0,0,0,6.0,Zoltan Mesko,P,Michigan,76.0,240.0,4.79,16.0,,,,,,,,,,,,,,,,,,,,,,,,,,,,,,,,,,,,
2010,5,151,PIT,False,G,OL,O,Tennessee,23.0,2016.0,0,0,0,0.0,Chris Scott,OG,Tennessee,77.0,319.0,5.52,19.0,22.5,90.0,8.24,5.03,,,,,,,,,,,,,,,,,,,,,,,,,,,,,,,,
2010,5,153,JAX,False,DE,DL,D,Murray St.,22.0,2013.0,0,0,2,7.0,,,,,,,,,,,,,,,,,,,,,,,,,,,,,,,,,,,,,,,,,,,
2010,5,154,GNB,False,TE,TE,O,Penn St.,21.0,2015.0,0,0,2,9.0,Andrew Quarless,TE,Penn State,76.0,254.0,4.68,23.0,32.0,112.0,,,TE,47.0,21.075,,,,,,,,,,,,,,,,,,87.0,1146.0,13.2,8.0,24.4,,,,,,,
2010,5,155,ARI,False,QB,QB,O,Fordham,22.0,2012.0,0,0,1,4.0,John Skelton,QB,Fordham,77.0,243.0,4.85,,33.5,108.0,7.17,4.33,,,,,,,,,,,,,,,,,,,,,,,,,,,,,,,,
2010,5,156,BAL,False,WR,WR,O,Utah,23.0,2013.0,0,0,0,2.0,David Reed,WR,Utah,72.0,191.0,4.56,15.0,37.0,114.0,6.95,4.38,WR,26.0,16.65,,,,,,,,,,,,,,,,,,106.0,1615.0,15.2,11.0,62.1,,,,,,,
2010,5,157,BAL,False,DE,DL,D,Syracuse,24.0,2017.0,0,0,2,14.0,Arthur Jones,DT,Syracuse,75.0,301.0,5.04,,,,,,DL,44.0,4.6,,,,,,,,,,,,,,,,,,,,,,,6.5,85.0,60.0,145.0,38.5,,
2010,5,158,NOR,False,C,OL,O,Boston Col.,23.0,2012.0,0,0,0,2.0,Matt Tennant,C,Boston Col.,77.0,300.0,5.15,27.0,25.0,98.0,7.6,4.62,,,,,,,,,,,,,,,,,,,,,,,,,,,,,,,,
2010,5,159,PHI,False,WR,WR,O,Florida,22.0,2015.0,0,0,3,17.0,Riley Cooper,WR,Florida,75.0,222.0,4.53,,33.0,114.0,,,WR,51.0,31.4875,,,,,,,,,,,,,,,,,,81.0,1496.0,18.5,18.0,29.3,,,,,,,
2010,6,161,MIN,False,G,OL,O,Wake Forest,23.0,2010.0,0,0,0,2.0,Chris DeGeare,OG,Wake Forest,76.0,325.0,5.12,27.0,32.5,103.0,7.84,4.9,,,,,,,,,,,,,,,,,,,,,,,,,,,,,,,,
2010,6,162,IND,False,TE,TE,O,Oklahoma,23.0,2011.0,0,0,2,0.0,Brody Eldridge,TE,Oklahoma,77.0,261.0,4.72,,31.5,,,,TE,49.0,27.275,,,,,,,,,,,,,,,,,,13.0,98.0,7.5,1.0,2.0,,,,,,,
2010,6,163,MIA,False,DB,DB,D,Georgia,22.0,2019.0,0,2,8,44.0,Reshad Jones,S,Georgia,73.0,214.0,4.51,24.0,39.5,118.0,7.43,4.54,DB,39.0,21.11176470588235,,,,,,,,,,,,,,,,,,,,,,,,,,,,11.0,
2010,6,164,PIT,False,DB,DB,D,Clemson,23.0,2016.0,0,0,0,0.0,Crezdon Butler,CB,Clemson,72.0,191.0,4.43,17.0,39.5,121.0,7.08,4.23,DB,53.0,15.169230769230769,,,,,,,,,,,,,,,,,,,,,,,,,,,,11.0,
2010,6,165,ATL,False,WR,WR,O,Kansas,23.0,2011.0,0,0,0,0.0,Kerry Meier,WR,Kansas,74.0,224.0,4.62,13.0,35.0,115.0,,4.23,WR,25.0,14.83783783783784,,,,,,,,,,,,,,,,,,199.0,2030.0,10.2,16.0,81.2,,,,,,,
2010,6,166,PIT,False,LB,LB,D,Utah,22.0,2013.0,0,0,0,6.0,Stevenson Sylvester,OLB,Utah,74.0,231.0,4.71,23.0,,,,,LB,49.0,15.1,,,,,,,,,,,,,,,,,,,,,,,9.0,120.0,142.0,262.0,24.5,,
2010,6,169,GNB,False,G,OL,O,TCU,21.0,2020.0,0,0,4,20.0,Marshall Newhouse,OG,TCU,76.0,319.0,4.99,25.0,25.0,97.0,7.4,4.6,OL,13.0,6.4,,,,,,,,,,,,,,,,,,,,,,,,,,,,,
2010,6,170,STL,False,TE,TE,O,Arizona,23.0,2011.0,0,0,0,0.0,,,,,,,,,,,,TE,11.0,4.0,,,,,,,,,,,,,,,,,,2.0,33.0,16.5,1.0,3.0,,,,,,,
2010,6,171,ATL,False,DB,DB,D,Montana,24.0,2013.0,0,0,0,2.0,,,,,,,,,,,,,,,,,,,,,,,,,,,,,,,,,,,,,,,,,,,
2010,6,173,SFO,False,RB,RB,O,Mississippi St.,22.0,2015.0,0,0,0,3.0,Anthony Dixon,RB,Mississippi State,73.0,233.0,4.67,15.0,33.0,121.0,7.09,4.49,RB,48.0,,,,,,,,,,,910.0,3994.0,4.4,42.0,56.0,449.0,8.0,4.0,,,,,,,,,,,,
2010,6,175,CAR,False,DE,DL,D,Mississippi,22.0,2015.0,0,1,4,27.0,Greg Hardy,DE,Mississippi,76.0,281.0,4.82,21.0,35.0,117.0,7.25,4.65,DL,40.0,2.778571428571429,,,,,,,,,,,,,,,,,,,,,,,26.5,90.0,57.0,147.0,39.5,,
2010,6,176,TEN,False,QB,QB,O,Florida Atlantic,23.0,2012.0,0,0,0,1.0,,,,,,,,,,,,QB,45.0,-14.958490566037735,768.0,1361.0,56.4,10112.0,76.0,36.0,7.4,7.36,224.7,,,,,,,,,,,,,,,,,,,,
2010,6,177,CLE,False,WR,WR,O,South Florida,22.0,2011.0,0,0,0,0.0,Carlton Mitchell,WR,South Florida,75.0,215.0,4.46,16.0,36.0,122.0,6.96,4.55,WR,37.0,10.08,,,,,,,,,,,,,,,,,,105.0,1648.0,15.7,9.0,44.5,,,,,,,
2010,6,178,BUF,False,LB,LB,D,James Madison,22.0,2017.0,0,0,3,10.0,Arthur Moats,OLB,James Madison,72.0,246.0,4.64,24.0,36.5,122.0,7.22,4.37,,,,,,,,,,,,,,,,,,,,,,,,,,,,,,,,
2010,6,179,DAL,False,T,OL,O,Notre Dame,23.0,2020.0,0,0,1,0.0,Sam Young,OT,Notre Dame,80.0,316.0,5.2,29.0,29.5,104.0,7.73,4.87,,,,,,,,,,,,,,,,,,,,,,,,,,,,,,,,
2010,6,180,JAX,False,RB,RB,O,Southern Illinois,23.0,2013.0,0,0,0,3.0,,,,,,,,,,,,,,,,,,,,,,,,,,,,,,,,,,,,,,,,,,,
2010,6,182,SFO,False,TE,TE,O,Pittsburgh,22.0,2013.0,0,0,0,0.0,Nate Byham,TE,Pittsburgh,76.0,268.0,4.97,,29.0,109.0,,,TE,47.0,,,,,,,,,,,,,,,,,,,47.0,612.0,13.0,3.0,13.0,,,,,,,
2010,6,183,DEN,False,C,OL,O,Notre Dame,22.0,2014.0,0,0,0,0.0,Eric Olsen,C,Notre Dame,76.0,306.0,5.25,35.0,29.5,93.0,7.5,4.82,OL,24.0,,,,,,,,,,,,,,,,,,,,,,,,,,,,,,
2010,6,184,NYG,False,DE,DL,D,William & Mary,23.0,2012.0,0,0,0,1.0,Adrian Tracy,OLB,William & Mary,75.0,248.0,4.76,20.0,35.5,110.0,7.08,4.34,,,,,,,,,,,,,,,,,,,,,,,,,,,,,,,,
2010,6,185,SEA,False,TE,TE,O,USC,22.0,2015.0,0,0,1,4.0,Anthony McCoy,TE,USC,76.0,259.0,4.71,19.0,35.5,113.0,6.99,4.57,TE,36.0,27.84,,,,,,,,,,,,,,,,,,46.0,731.0,15.9,3.0,20.3,,,,,,,
2010,6,188,PIT,False,RB,RB,O,Georgia Tech,21.0,2014.0,0,0,1,8.0,Jonathan Dwyer,RB,Georgia Tech,71.0,229.0,4.64,15.0,33.0,107.0,7.56,4.67,RB,40.0,9.0,,,,,,,,,,517.0,3226.0,6.2,35.0,15.0,263.0,17.5,1.0,,,,,,,,,,,,
2010,6,189,STL,False,DE,DL,D,West Texas A&M,24.0,2016.0,0,0,1,17.0,,,,,,,,,,,,,,,,,,,,,,,,,,,,,,,,,,,,,,,,,,,
2010,6,190,OAK,False,LB,LB,D,Arizona St.,23.0,2012.0,0,0,0,1.0,Travis Goethel,ILB,Arizona State,74.0,240.0,4.81,21.0,35.0,111.0,6.93,4.54,LB,50.0,5.8,,,,,,,,,,,,,,,,,,,,,,,2.0,143.0,85.0,228.0,19.0,,
2010,6,192,BUF,False,DE,DL,D,South Dakota St.,22.0,2011.0,0,0,0,2.0,,,,,,,,,,,,,,,,,,,,,,,,,,,,,,,,,,,,,,,,,,,
2010,7,193,GNB,False,RB,RB,O,Buffalo,24.0,2016.0,0,0,0,26.0,James Starks,RB,Buffalo,74.0,218.0,4.5,15.0,36.0,119.0,6.89,4.23,RB,24.0,-21.31621621621622,,,,,,,,,,523.0,2436.0,4.7,28.0,93.0,672.0,7.2,3.0,,,,,,,,,,,,
2010,7,194,BAL,False,T,OL,O,Morehouse,23.0,2012.0,0,0,0,2.0,,,,,,,,,,,,,,,,,,,,,,,,,,,,,,,,,,,,,,,,,,,
2010,7,195,PIT,False,WR,WR,O,Central Michigan,22.0,2021.0,4,7,7,86.0,Antonio Brown,WR,Central Michigan,70.0,186.0,4.56,13.0,33.5,105.0,6.98,4.18,WR,41.0,-3.688732394366197,,,,,,,,,,,,,,,,,,305.0,3199.0,10.5,22.0,78.0,,,,,,,
2010,7,197,HOU,False,WR,WR,O,LSU,24.0,2014.0,0,0,0,0.0,Trindon Holliday,WR,LSU,65.0,166.0,4.34,10.0,42.0,116.0,6.54,4.48,RB,51.0,25.00769230769231,,,,,,,,,,115.0,776.0,6.7,4.0,7.0,72.0,10.3,0.0,,,,,,,,,,,,
2010,7,198,CAR,False,WR,WR,O,Baylor,23.0,2012.0,0,0,1,3.0,David Gettis,WR,Baylor,75.0,217.0,4.43,15.0,34.5,124.0,6.94,4.41,WR,47.0,,,,,,,,,,,,,,,,,,,116.0,1555.0,13.4,4.0,33.1,,,,,,,
2010,7,199,MIN,False,WR,WR,O,Ala-Birmingham,23.0,2020.0,0,0,0,4.0,,,,,,,,,,,,QB,37.0,-12.5859375,468.0,792.0,59.1,5771.0,37.0,25.0,7.3,6.8,156.0,,,,,,,,,,,,,,,,,,,,
2010,7,202,CAR,False,DB,DB,D,Texas A&M,22.0,2013.0,0,0,0,3.0,,,,,,,,,,,,DB,44.0,1.0,,,,,,,,,,,,,,,,,,,,,,,,,,,,4.0,6.0
2010,7,204,CAR,False,QB,QB,O,Cincinnati,24.0,2010.0,0,0,0,0.0,Tony Pike,QB,Cincinnati,78.0,223.0,4.9,,28.5,108.0,7.06,4.53,QB,27.0,15.257142857142856,421.0,682.0,61.7,5018.0,49.0,20.0,7.4,7.48,185.9,,,,,,,,,,,,,,,,,,,,
2010,7,206,SFO,False,WR,WR,O,Arizona St.,22.0,2013.0,0,0,0,6.0,Kyle Williams,WR,Arizona State,70.0,188.0,4.4,11.0,33.0,118.0,7.0,4.19,WR,41.0,-2.5038251366120217,,,,,,,,,,,,,,,,,,109.0,1626.0,14.9,18.0,39.7,,,,,,,
2010,7,208,NWE,False,T,OL,O,Vanderbilt,23.0,2013.0,0,0,0,1.0,Thomas Welch,OT,Vanderbilt,78.0,307.0,5.42,29.0,29.0,105.0,7.67,4.8,OL,12.0,,,,,,,,,,,,,,,,,,,,,,,,,,,,,,
2010,7,209,BUF,False,QB,QB,O,Troy,23.0,2010.0,0,0,0,0.0,Levi Brown,QB,Troy,75.0,229.0,4.93,20.0,31.5,106.0,7.07,4.43,QB,23.0,2.362068965517241,522.0,830.0,62.9,6284.0,38.0,12.0,7.6,7.84,273.2,,,,,,,,,,,,,,,,,,,,
2010,7,210,TAM,False,DB,DB,D,Virginia Tech,23.0,2012.0,0,0,1,5.0,Cody Grimm,S,Virginia Tech,71.0,203.0,4.55,11.0,35.5,117.0,6.58,,LB,41.0,8.1,,,,,,,,,,,,,,,,,,,,,,,11.5,111.0,93.0,204.0,26.5,,
2010,7,211,STL,False,DB,DB,D,Alabama,22.0,2011.0,0,0,0,0.0,,,,,,,,,,,,DB,49.0,25.21538461538461,,,,,,,,,,,,,,,,,,,,,,,,,,,,3.0,1.0
2010,7,213,DET,False,DE,DL,D,North Carolina St.,24.0,2017.0,0,0,2,10.0,Willie Young,DE,North Carolina State,77.0,251.0,4.88,25.0,38.0,118.0,7.24,4.56,DL,49.0,0.8666666666666667,,,,,,,,,,,,,,,,,,,,,,,20.0,109.0,85.0,194.0,46.0,,
2010,7,215,OAK,False,DB,DB,D,Michigan St.,23.0,2010.0,0,0,0,1.0,,,,,,,,,,,,DB,26.0,7.649999999999999,,,,,,,,,,,,,,,,,,,,,,,,,,,,2.0,
2010,7,217,TAM,False,LB,LB,D,Florida St.,22.0,2019.0,0,0,0,8.0,Dekoda Watson,OLB,Florida State,73.0,240.0,4.55,24.0,40.0,134.0,7.06,4.11,LB,44.0,14.788888888888888,,,,,,,,,,,,,,,,,,,,,,,11.5,113.0,71.0,184.0,32.5,,
2010,7,218,CHI,False,T,OL,O,West Texas A&M,22.0,2020.0,0,0,4,17.0,,,,,,,,,,,,,,,,,,,,,,,,,,,,,,,,,,,,,,,,,,,
2010,7,219,WAS,False,WR,WR,O,UCLA,22.0,2011.0,0,0,0,1.0,,,,,,,,,,,,WR,47.0,6.007692307692308,,,,,,,,,,,,,,,,,,109.0,1192.0,10.9,5.0,25.4,,,,,,,
2010,7,220,PHI,False,LB,LB,D,Mississippi St.,23.0,2014.0,0,0,1,12.0,Jamar Chaney,ILB,Mississippi State,73.0,242.0,4.54,26.0,39.0,124.0,6.9,4.29,LB,49.0,4.7,,,,,,,,,,,,,,,,,,,,,,,4.5,135.0,151.0,286.0,15.5,,
2010,7,221,NYG,False,P,P,S,East Carolina,23.0,2010.0,0,0,0,2.0,Matt Dodge,P,East Carolina,73.0,224.0,,,,,,,,,,,,,,,,,,,,,,,,,,,,,,,,,,,,,,
2010,7,222,TEN,False,WR,WR,O,Montana,23.0,2016.0,0,1,0,3.0,,,,,,,,,,,,,,,,,,,,,,,,,,,,,,,,,,,,,,,,,,,
2010,7,223,CAR,False,DB,DB,D,Utah,22.0,2014.0,0,0,0,1.0,,,,,,,,,,,,DB,39.0,15.1,,,,,,,,,,,,,,,,,,,,,,,,,,,,1.0,5.0
2010,7,224,SFO,False,DB,DB,D,South Carolina St.,22.0,2015.0,0,0,0,1.0,,,,,,,,,,,,,,,,,,,,,,,,,,,,,,,,,,,,,,,,,,,
2010,7,225,DEN,False,DB,DB,D,California,23.0,2010.0,0,0,0,1.0,Syd'Quan Thompson,CB,California,69.0,186.0,4.75,,33.0,117.0,6.73,4.26,DB,52.0,13.742307692307692,,,,,,,,,,,,,,,,,,,,,,,,,,,,7.0,
2010,7,226,STL,False,DE,DL,D,South Florida,23.0,2015.0,0,0,2,2.0,George Selvie,DE,South Florida,76.0,252.0,4.93,24.0,30.5,109.0,7.48,4.63,DL,51.0,,,,,,,,,,,,,,,,,,,,,,,,28.5,145.0,61.0,206.0,69.0,,
2010,7,227,HOU,False,WR,WR,O,Pittsburgh,22.0,2013.0,0,0,0,0.0,Dorin Dickerson,TE,Pittsburgh,73.0,226.0,4.4,24.0,43.5,125.0,6.96,4.3,WR,33.0,13.766666666666667,,,,,,,,,,,,,,,,,,63.0,708.0,11.2,12.0,21.5,,,,,,,
2010,7,229,WAS,False,C,OL,O,New Mexico,23.0,2011.0,0,0,0,1.0,Erik Cook,C,New Mexico,78.0,318.0,5.55,19.0,25.0,94.0,8.24,4.99,,,,,,,,,,,,,,,,,,,,,,,,,,,,,,,,
2010,7,230,GNB,False,DE,DL,D,East Carolina,23.0,2016.0,0,0,2,7.0,C.J. Wilson,DE,East Carolina,75.0,290.0,4.83,32.0,33.0,116.0,,4.77,DL,54.0,2.3851851851851853,,,,,,,,,,,,,,,,,,,,,,,27.0,92.0,100.0,192.0,45.5,,
2010,7,233,ARI,False,TE,TE,O,Stanford,23.0,2017.0,0,0,2,2.0,Jim Dray,TE,Stanford,77.0,246.0,4.82,17.0,,,,,TE,39.0,-1.975,,,,,,,,,,,,,,,,,,41.0,455.0,11.1,7.0,11.7,,,,,,,
2010,7,234,DAL,False,DT,DL,D,William & Mary,22.0,2015.0,0,0,2,5.0,,,,,,,,,,,,,,,,,,,,,,,,,,,,,,,,,,,,,,,,,,,
2010,7,236,SEA,False,LB,LB,D,Arizona St.,23.0,2011.0,0,0,0,1.0,Dexter Davis,OLB,Arizona State,73.0,244.0,4.62,25.0,35.0,109.0,7.08,4.3,DL,50.0,8.2,,,,,,,,,,,,,,,,,,,,,,,31.0,85.0,51.0,136.0,45.0,,
2010,7,237,MIN,False,RB,RB,O,Rutgers,23.0,2011.0,0,0,0,0.0,,,,,,,,,,,,LB,50.0,2.75,,,,,,,,,,,,,,,,,,,,,,,7.0,89.0,96.0,185.0,23.0,,
2010,7,238,IND,False,DT,DL,D,Cincinnati,23.0,2016.0,0,0,0,5.0,,,,,,,,,,,,DL,26.0,,,,,,,,,,,,,,,,,,,,,,,,3.5,23.0,33.0,56.0,12.5,,
2010,7,240,IND,False,LB,LB,D,Clemson,23.0,2015.0,0,0,3,15.0,Kavell Conner,OLB,Clemson,72.0,242.0,4.59,24.0,33.5,110.0,7.36,4.6,LB,52.0,12.8,,,,,,,,,,,,,,,,,,,,,,,3.0,132.0,131.0,263.0,14.0,,
2010,7,243,PHI,False,DT,DL,D,Georgia,23.0,2010.0,0,0,0,0.0,Jeff Owens,DT,Georgia,73.0,304.0,4.97,44.0,30.0,101.0,,4.68,DL,14.0,,,,,,,,,,,,,,,,,,,,,,,,1.5,14.0,19.0,33.0,4.5,,
2010,7,244,PHI,False,DB,DB,D,Ohio St.,22.0,2019.0,0,1,6,12.0,Kurt Coleman,S,Ohio State,70.0,192.0,4.55,19.0,,,,,DB,44.0,21.85,,,,,,,,,,,,,,,,,,,,,,,,,,,,9.0,4.0
2010,7,245,SEA,False,TE,TE,O,Kent St.,24.0,2011.0,0,0,0,0.0,,,,,,,,,,,,DB,22.0,-10.766666666666667,,,,,,,,,,,,,,,,,,,,,,,,,,,,0.0,1.0
2010,7,247,NWE,False,DE,DL,D,Alabama,23.0,2014.0,0,0,0,8.0,Brandon Deaderick,DT,Alabama,76.0,314.0,5.08,,,,,,DL,41.0,,,,,,,,,,,,,,,,,,,,,,,,7.0,34.0,47.0,81.0,13.0,,
2010,7,249,CAR,False,DB,DB,D,Connecticut,22.0,2017.0,0,0,1,4.0,,,,,,,,,,,,DB,39.0,4.3500000000000005,,,,,,,,,,,,,,,,,,,,,,,,,,,,10.0,
2010,7,251,OAK,False,DB,DB,D,Michigan,23.0,2014.0,0,0,1,1.0,,,,,,,,,,,,DB,38.0,12.08235294117647,,,,,,,,,,,,,,,,,,,,,,,,,,,,3.0,
2010,7,252,MIA,False,LB,LB,D,Ohio St.,23.0,2013.0,0,0,0,5.0,,,,,,,,,,,,LB,46.0,21.0,,,,,,,,,,,,,,,,,,,,,,,2.0,35.0,47.0,82.0,8.0,,
2010,7,253,TAM,False,DE,DL,D,Stanford,23.0,2014.0,0,0,1,2.0,Erik Lorig,DE,Stanford,75.0,281.0,4.86,,,,,,DL,29.0,-14.1,,,,,,,,,,,,,,,,,,,,,,,6.0,50.0,39.0,89.0,17.0,,
2010,7,254,STL,False,LB,LB,D,Penn St.,23.0,2013.0,0,0,0,2.0,Josh Hull,ILB,Penn State,75.0,237.0,4.93,25.0,32.5,115.0,6.86,4.07,LB,52.0,25.7,,,,,,,,,,,,,,,,,,,,,,,3.0,97.0,119.0,216.0,14.5,,
2011,1,1,CAR,False,QB,QB,O,Auburn,22.0,2021.0,1,3,9,107.0,Cam Newton,QB,Auburn,77.0,248.0,4.56,,35.0,126.0,6.92,4.18,QB,20.0,,191.0,292.0,65.4,2908.0,30.0,7.0,10.0,10.93,145.4,,,,,,,,,,,,,,,,,,,,
2011,1,2,DEN,False,LB,LB,D,Texas A&M,22.0,2025.0,3,8,10,97.0,Von Miller,OLB,Texas A&M,75.0,246.0,4.42,21.0,37.0,126.0,6.7,4.06,DL,47.0,13.8,,,,,,,,,,,,,,,,,,,,,,,33.0,104.0,77.0,181.0,50.5,,
2011,1,3,BUF,False,DT,DL,D,Alabama,21.0,2019.0,1,2,7,47.0,Marcell Dareus,DT,Alabama,75.0,319.0,4.93,24.0,27.0,,7.83,4.62,DL,25.0,30.2,,,,,,,,,,,,,,,,,,,,,,,11.0,39.0,27.0,66.0,20.0,,
2011,1,4,CIN,False,WR,WR,O,Georgia,23.0,2022.0,0,7,10,71.0,A.J. Green,WR,Georgia,76.0,211.0,4.48,18.0,34.5,126.0,6.91,4.21,WR,32.0,16.712,,,,,,,,,,,,,,,,,,166.0,2619.0,15.8,23.0,81.8,,,,,,,
2011,1,5,ARI,False,DB,DB,D,LSU,21.0,2023.0,3,8,13,95.0,Patrick Peterson,CB,LSU,72.0,219.0,4.31,15.0,38.0,126.0,6.58,4.07,DB,39.0,20.91851851851852,,,,,,,,,,,,,,,,,,,,,,,,,,,,7.0,
2011,1,6,ATL,False,WR,WR,O,Alabama,22.0,2023.0,2,7,9,97.0,Julio Jones,WR,Alabama,75.0,220.0,4.34,17.0,38.5,135.0,6.66,4.25,WR,40.0,28.72,,,,,,,,,,,,,,,,,,179.0,2653.0,14.8,15.0,66.3,,,,,,,
2011,1,7,SFO,False,DE,DL,D,Missouri,21.0,2020.0,1,1,4,24.0,Aldon Smith,DE,Missouri,76.0,263.0,4.74,20.0,34.0,118.0,7.19,4.5,DL,23.0,19.3,,,,,,,,,,,,,,,,,,,,,,,14.5,52.0,27.0,79.0,23.0,,
2011,1,8,TEN,False,QB,QB,O,Washington,23.0,2014.0,0,0,1,15.0,Jake Locker,QB,Washington,74.0,231.0,4.51,,35.0,120.0,6.77,4.12,QB,40.0,-1.986206896551724,619.0,1147.0,54.0,7639.0,53.0,35.0,6.7,6.21,191.0,,,,,,,,,,,,,,,,,,,,
2011,1,9,DAL,False,T,OL,O,USC,20.0,2024.0,2,8,12,89.0,Tyron Smith,OT,USC,77.0,307.0,4.93,29.0,,,,,OL,24.0,15.2,,,,,,,,,,,,,,,,,,,,,,,,,,,,,
2011,1,10,JAX,False,QB,QB,O,Missouri,21.0,2023.0,0,0,2,7.0,Blaine Gabbert,QB,Missouri,76.0,234.0,4.61,,33.5,120.0,6.84,4.26,QB,31.0,17.565853658536586,568.0,933.0,60.9,6822.0,40.0,18.0,7.3,7.3,220.1,,,,,,,,,,,,,,,,,,,,
2011,1,11,HOU,False,DE,DL,D,Wisconsin,22.0,2022.0,5,5,10,105.0,J.J. Watt,DE,Wisconsin,77.0,290.0,4.81,34.0,37.0,120.0,6.88,4.21,DL,26.0,23.1,,,,,,,,,,,,,,,,,,,,,,,11.5,74.0,32.0,106.0,36.5,,
2011,1,12,MIN,False,QB,QB,O,Florida St.,23.0,2014.0,0,0,3,22.0,Christian Ponder,QB,Florida State,74.0,229.0,4.63,,34.0,116.0,6.85,4.09,QB,35.0,14.2,596.0,965.0,61.8,6872.0,49.0,30.0,7.1,6.74,196.3,,,,,,,,,,,,,,,,,,,,
2011,1,13,DET,False,DT,DL,D,Auburn,23.0,2016.0,0,0,4,16.0,Nick Fairley,DT,Auburn,76.0,291.0,4.84,,31.0,113.0,7.14,4.56,DL,27.0,26.5,,,,,,,,,,,,,,,,,,,,,,,13.0,50.0,38.0,88.0,27.5,,
2011,1,14,STL,False,DE,DL,D,North Carolina,21.0,2022.0,1,3,9,43.0,Robert Quinn,DE,North Carolina,76.0,265.0,4.62,22.0,34.0,116.0,7.13,4.4,DL,25.0,,,,,,,,,,,,,,,,,,,,,,,,13.0,57.0,29.0,86.0,25.5,,
2011,1,15,MIA,False,G,OL,O,Florida,22.0,2019.0,0,4,7,40.0,Mike Pouncey,OG,Florida,77.0,303.0,5.12,,25.0,96.0,7.66,4.64,OL,13.0,28.8,,,,,,,,,,,,,,,,,,,,,,,,,,,,,
2011,1,16,WAS,False,DE,DL,D,Purdue,23.0,2021.0,0,4,9,62.0,Ryan Kerrigan,DE,Purdue,76.0,267.0,4.67,31.0,33.5,122.0,7.18,4.39,DL,48.0,2.4,,,,,,,,,,,,,,,,,,,,,,,33.5,134.0,76.0,210.0,57.0,,
2011,1,17,NWE,False,T,OL,O,Colorado,23.0,2021.0,0,0,9,49.0,Nate Solder,OT,Colorado,80.0,319.0,4.96,21.0,32.0,110.0,7.44,4.34,TE,12.0,4.2,,,,,,,,,,,,,,,,,,3.0,50.0,16.7,0.0,4.2,,,,,,,
2011,1,18,SDG,False,DT,DL,D,Illinois,21.0,2020.0,0,0,7,41.0,Corey Liuget,DT,Illinois,74.0,298.0,4.97,27.0,27.5,102.0,7.48,4.68,DL,36.0,,,,,,,,,,,,,,,,,,,,,,,,8.5,57.0,68.0,125.0,25.5,,
2011,1,19,NYG,False,DB,DB,D,Nebraska,22.0,2019.0,0,0,8,15.0,Prince Amukamara,CB,Nebraska,72.0,206.0,4.38,15.0,38.0,128.0,6.97,4.08,DB,49.0,19.9,,,,,,,,,,,,,,,,,,,,,,,,,,,,5.0,15.0
2011,1,20,TAM,False,DE,DL,D,Iowa,23.0,2020.0,0,0,2,12.0,Adrian Clayborn,DE,Iowa,75.0,281.0,4.78,,33.0,113.0,7.3,4.13,DL,50.0,17.3,,,,,,,,,,,,,,,,,,,,,,,19.0,73.0,119.0,192.0,37.5,,
2011,1,21,CLE,False,DT,DL,D,Baylor,23.0,2014.0,0,0,2,19.0,Phil Taylor,DT,Baylor,75.0,334.0,5.09,31.0,29.5,100.0,7.75,4.77,DL,25.0,23.3,,,,,,,,,,,,,,,,,,,,,,,2.5,46.0,41.0,87.0,9.5,,
2011,1,22,IND,False,T,OL,O,Boston Col.,23.0,2020.0,0,0,10,58.0,Anthony Castonzo,OT,Boston Col.,79.0,311.0,5.21,28.0,29.5,105.0,7.25,4.4,OL,26.0,,,,,,,,,,,,,,,,,,,,,,,,,,,,,,
2011,1,23,PHI,False,G,OL,O,Baylor,26.0,2013.0,0,0,1,9.0,Danny Watkins,OG,Baylor,75.0,310.0,5.36,29.0,26.0,92.0,7.61,4.62,OL,12.0,,,,,,,,,,,,,,,,,,,,,,,,,,,,,,
2011,1,24,NOR,False,DE,DL,D,California,22.0,2025.0,1,8,14,109.0,Cameron Jordan,DE,California,76.0,287.0,4.74,25.0,31.0,117.0,7.07,4.37,DL,50.0,4.0,,,,,,,,,,,,,,,,,,,,,,,16.5,88.0,87.0,175.0,34.0,,
2011,1,25,SEA,False,T,OL,O,Alabama,22.0,2021.0,0,0,10,17.0,James Carpenter,OT,Alabama,76.0,321.0,5.22,23.0,,,,,OL,14.0,,,,,,,,,,,,,,,,,,,,,,,,,,,,,,
2011,1,26,KAN,False,WR,WR,O,Pittsburgh,22.0,2013.0,0,0,1,4.0,Jon Baldwin,WR,Pittsburgh,76.0,228.0,4.49,20.0,42.0,129.0,7.07,4.34,WR,39.0,12.733333333333333,,,,,,,,,,,,,,,,,,128.0,2337.0,18.3,16.0,59.9,,,,,,,
2011,1,27,BAL,False,DB,DB,D,Colorado,23.0,2021.0,0,0,5,33.0,Jimmy Smith,CB,Colorado,74.0,211.0,4.42,24.0,36.0,123.0,6.93,4.06,DB,41.0,2.2,,,,,,,,,,,,,,,,,,,,,,,,,,,,3.0,9.0
2011,1,28,NOR,False,RB,RB,O,Alabama,21.0,2022.0,0,3,5,51.0,Mark Ingram,RB,Alabama,69.0,215.0,4.62,21.0,31.5,118.0,7.13,4.62,RB,39.0,28.450000000000003,,,,,,,,,,572.0,3261.0,5.7,42.0,60.0,670.0,11.2,4.0,,,,,,,,,,,,
2011,1,29,CHI,False,T,OL,O,Wisconsin,23.0,2014.0,0,0,1,7.0,Gabe Carimi,OT,Wisconsin,79.0,314.0,5.18,29.0,31.5,109.0,,,OL,,,,,,,,,,,,,,,,,,,,,,,,,,,,,,,
2011,1,30,NYJ,False,DT,DL,D,Temple,21.0,2018.0,0,1,7,58.0,Muhammad Wilkerson,DT,Temple,76.0,315.0,4.96,27.0,26.0,106.0,7.31,4.59,DL,36.0,-5.2,,,,,,,,,,,,,,,,,,,,,,,17.0,88.0,56.0,144.0,26.0,,
2011,1,31,PIT,False,DE,DL,D,Ohio St.,22.0,2025.0,4,7,12,115.0,Cameron Heyward,DE,Ohio State,77.0,294.0,4.95,,30.0,,,,DL,52.0,30.0,,,,,,,,,,,,,,,,,,,,,,,15.5,80.0,83.0,163.0,37.5,,
2011,1,32,GNB,False,T,OL,O,Mississippi St.,22.0,2014.0,0,0,0,3.0,Derek Sherrod,OT,Mississippi State,77.0,321.0,5.18,23.0,28.0,97.0,7.43,4.63,OL,25.0,,,,,,,,,,,,,,,,,,,,,,,,,,,,,,
2011,2,33,NWE,False,DB,DB,D,Virginia,23.0,2014.0,0,0,0,1.0,Ras-I Dowling,CB,Virginia,73.0,198.0,4.4,19.0,,,,,DB,40.0,2.533333333333333,,,,,,,,,,,,,,,,,,,,,,,,,,,,8.0,1.0
2011,2,34,BUF,False,DB,DB,D,Texas,21.0,2016.0,0,0,4,17.0,Aaron Williams,CB,Texas,72.0,204.0,4.55,18.0,37.5,127.0,6.72,4.07,DB,37.0,4.655555555555556,,,,,,,,,,,,,,,,,,,,,,,,,,,,4.0,
2011,2,35,CIN,False,QB,QB,O,TCU,23.0,2025.0,0,3,11,82.0,Andy Dalton,QB,TCU,74.0,215.0,4.83,,29.5,106.0,6.93,4.27,QB,50.0,17.656338028169014,812.0,1317.0,61.7,10314.0,71.0,30.0,7.8,7.88,206.3,,,,,,,,,,,,,,,,,,,,
2011,2,36,SFO,False,QB,QB,O,Nevada,23.0,2016.0,0,0,4,45.0,Colin Kaepernick,QB,Nevada,77.0,233.0,4.53,,32.5,115.0,6.85,4.18,QB,51.0,1.858490566037736,740.0,1271.0,58.2,10098.0,82.0,24.0,7.9,8.39,198.0,,,,,,,,,,,,,,,,,,,,
2011,2,37,CLE,False,DE,DL,D,Pittsburgh,22.0,2021.0,0,0,7,22.0,Jabaal Sheard,DE,Pittsburgh,75.0,264.0,4.68,,31.0,115.0,,,DL,45.0,,,,,,,,,,,,,,,,,,,,,,,,19.5,82.0,60.0,142.0,35.5,,
2011,2,38,ARI,False,RB,RB,O,Virginia Tech,21.0,2012.0,0,0,0,1.0,Ryan Williams,RB,Virginia Tech,69.0,212.0,4.59,19.0,40.0,123.0,6.96,4.18,RB,23.0,4.23688524590164,,,,,,,,,,403.0,2132.0,5.3,30.0,26.0,289.0,11.1,2.0,,,,,,,,,,,,
2011,2,39,TEN,False,LB,LB,D,UCLA,22.0,2017.0,0,0,4,17.0,Akeem Ayers,OLB,UCLA,74.0,254.0,4.81,18.0,31.0,116.0,7.49,4.28,LB,37.0,1.8333333333333333,,,,,,,,,,,,,,,,,,,,,,,14.0,128.0,55.0,183.0,29.5,,
2011,2,40,DAL,False,LB,LB,D,North Carolina,23.0,2018.0,0,0,3,16.0,Bruce Carter,OLB,North Carolina,73.0,241.0,4.57,25.0,,,,,LB,49.0,7.5777777777777775,,,,,,,,,,,,,,,,,,,,,,,9.5,146.0,69.0,215.0,24.0,,
2011,2,41,WAS,False,DT,DL,D,Clemson,23.0,2018.0,0,0,3,13.0,Jarvis Jenkins,DT,Clemson,76.0,310.0,5.03,17.0,26.5,98.0,7.42,4.83,DL,49.0,,,,,,,,,,,,,,,,,,,,,,,,4.5,59.0,56.0,115.0,24.5,,
2011,2,42,HOU,False,LB,LB,D,Arizona,24.0,2020.0,0,0,6,24.0,Brooks Reed,OLB,Arizona,74.0,263.0,4.65,30.0,30.5,113.0,7.11,4.28,DL,45.0,,,,,,,,,,,,,,,,,,,,,,,,17.0,75.0,39.0,114.0,25.0,,
2011,2,43,MIN,False,TE,TE,O,Notre Dame,21.0,2022.0,0,2,10,35.0,Kyle Rudolph,TE,Notre Dame,78.0,259.0,4.83,,,,,,TE,29.0,11.433333333333334,,,,,,,,,,,,,,,,,,90.0,1032.0,11.5,8.0,35.6,,,,,,,
2011,2,44,DET,False,WR,WR,O,Boise St.,22.0,2012.0,0,0,2,8.0,Titus Young,WR,Boise State,71.0,174.0,4.43,,,123.0,,,WR,43.0,20.307692307692307,,,,,,,,,,,,,,,,,,204.0,3063.0,15.0,25.0,71.2,,,,,,,
2011,2,45,DEN,False,DB,DB,D,UCLA,21.0,2015.0,0,0,3,18.0,Rahim Moore,S,UCLA,72.0,202.0,4.58,11.0,35.0,115.0,6.98,3.96,DB,37.0,2.7999999999999994,,,,,,,,,,,,,,,,,,,,,,,,,,,,14.0,
2011,2,46,DEN,False,T,OL,O,Miami (FL),23.0,2017.0,0,0,6,31.0,Orlando Franklin,OT,Miami (FL),77.0,316.0,5.11,26.0,28.5,,,,OL,26.0,,,,,,,,,,,,,,,,,,,,,,,,,,,,,,
2011,2,47,STL,False,TE,TE,O,Wisconsin,23.0,2019.0,0,0,6,13.0,Lance Kendricks,TE,Wisconsin,75.0,243.0,4.65,25.0,34.5,122.0,6.94,4.15,WR,33.0,18.1,,,,,,,,,,,,,,,,,,78.0,1160.0,14.9,8.0,35.2,,,,,,,
2011,2,48,OAK,False,C,OL,O,Penn St.,22.0,2020.0,0,0,6,21.0,Stefen Wisniewski,C,Penn State,75.0,313.0,5.29,30.0,28.5,100.0,7.51,4.63,,,,,,,,,,,,,,,,,,,,,,,,,,,,,,,,
2011,2,49,IND,False,T,OL,O,Villanova,22.0,2017.0,0,0,1,0.0,Ben Ijalana,OG,Villanova,76.0,317.0,5.2,,,,,,,,,,,,,,,,,,,,,,,,,,,,,,,,,,,,,
2011,2,50,SDG,False,DB,DB,D,Clemson,22.0,2020.0,0,0,6,15.0,Marcus Gilchrist,CB,Clemson,70.0,195.0,4.45,26.0,38.5,119.0,6.81,4.12,DB,53.0,12.703448275862067,,,,,,,,,,,,,,,,,,,,,,,,,,,,1.0,
2011,2,51,TAM,False,DE,DL,D,Clemson,21.0,2015.0,0,0,0,7.0,Da'Quan Bowers,DE,Clemson,75.0,280.0,4.92,22.0,,,,,DL,38.0,10.1,,,,,,,,,,,,,,,,,,,,,,,19.5,89.0,61.0,150.0,44.5,,
2011,2,52,NYG,False,DT,DL,D,North Carolina,22.0,2014.0,0,0,0,1.0,Marvin Austin,DT,North Carolina,74.0,309.0,4.84,38.0,30.5,112.0,7.33,4.4,DL,38.0,,,,,,,,,,,,,,,,,,,,,,,,9.0,59.0,47.0,106.0,13.5,,
2011,2,53,CHI,False,DT,DL,D,Oregon St.,23.0,2017.0,0,0,3,15.0,Stephen Paea,DT,Oregon State,73.0,303.0,4.98,49.0,,,,,DL,38.0,,,,,,,,,,,,,,,,,,,,,,,,14.0,56.0,73.0,129.0,29.5,,
2011,2,54,PHI,False,DB,DB,D,Temple,21.0,2015.0,0,0,0,1.0,Jaiquawn Jarrett,S,Temple,72.0,198.0,4.62,14.0,30.0,113.0,6.95,4.14,DB,49.0,-9.571428571428571,,,,,,,,,,,,,,,,,,,,,,,,,,,,9.0,
2011,2,55,KAN,False,C,OL,O,Florida St.,22.0,2022.0,0,3,9,13.0,Rodney Hudson,C,Florida State,74.0,299.0,5.27,27.0,25.5,95.0,8.03,4.96,OL,25.0,8.8,,,,,,,,,,,,,,,,,,,,,,,,,,,,,
2011,2,56,NWE,False,RB,RB,O,California,22.0,2017.0,0,0,1,16.0,Shane Vereen,RB,California,70.0,210.0,4.49,31.0,34.0,115.0,6.95,4.28,RB,38.0,10.68032786885246,,,,,,,,,,556.0,2834.0,5.1,29.0,74.0,674.0,9.1,6.0,,,,,,,,,,,,
2011,2,57,DET,False,RB,RB,O,Illinois,21.0,2013.0,0,0,1,5.0,Mikel Leshoure,RB,Illinois,72.0,227.0,4.56,21.0,38.0,122.0,6.82,4.4,RB,33.0,3.933333333333333,,,,,,,,,,424.0,2557.0,6.0,23.0,37.0,439.0,11.9,5.0,,,,,,,,,,,,
2011,2,58,BAL,False,WR,WR,O,Maryland,22.0,2018.0,0,0,7,28.0,Torrey Smith,WR,Maryland,73.0,204.0,4.41,19.0,41.0,126.0,6.72,4.13,WR,38.0,5.611111111111111,,,,,,,,,,,,,,,,,,152.0,2215.0,14.6,19.0,58.3,,,,,,,
2011,2,59,CLE,False,WR,WR,O,North Carolina,22.0,2014.0,0,0,3,12.0,Greg Little,WR,North Carolina,74.0,231.0,4.51,27.0,40.5,129.0,6.8,4.21,WR,24.0,7.1,,,,,,,,,,,,,,,,,,75.0,823.0,11.0,6.0,34.3,,,,,,,
2011,2,60,HOU,False,DB,DB,D,Miami (FL),21.0,2014.0,0,0,0,2.0,Brandon Harris,CB,Miami (FL),69.0,191.0,4.46,13.0,35.5,113.0,6.77,4.12,DB,39.0,8.200000000000001,,,,,,,,,,,,,,,,,,,,,,,,,,,,4.0,
2011,2,61,SDG,False,LB,LB,D,Michigan,23.0,2012.0,0,0,0,0.0,Jonas Mouton,OLB,Michigan,73.0,239.0,4.84,,31.5,115.0,7.08,4.34,LB,44.0,7.949999999999999,,,,,,,,,,,,,,,,,,,,,,,3.0,124.0,140.0,264.0,18.0,,
2011,2,62,MIA,False,RB,RB,O,Kansas St.,23.0,2014.0,0,0,0,11.0,Daniel Thomas,RB,Kansas State,72.0,230.0,4.62,21.0,,,,,RB,25.0,14.894318181818182,,,,,,,,,,545.0,2850.0,5.2,30.0,52.0,428.0,8.2,0.0,,,,,,,,,,,,
2011,2,63,PIT,False,T,OL,O,Florida,23.0,2018.0,0,0,5,36.0,Marcus Gilbert,OT,Florida,78.0,330.0,5.41,30.0,,,,,OL,13.0,,,,,,,,,,,,,,,,,,,,,,,,,,,,,,
2011,2,64,GNB,False,WR,WR,O,Kentucky,21.0,2023.0,0,1,5,56.0,Randall Cobb,WR,Kentucky,70.0,191.0,4.46,16.0,33.5,115.0,7.08,4.34,QB,23.0,2.356578947368421,57.0,112.0,50.9,631.0,2.0,5.0,5.6,3.98,27.4,,,,,,,,,,,,,,,,,,,,
2011,3,65,CAR,False,DT,DL,D,South Florida,23.0,2019.0,0,0,2,4.0,Terrell McClain,DT,South Florida,74.0,297.0,4.98,29.0,28.0,104.0,7.48,4.56,DL,48.0,,,,,,,,,,,,,,,,,,,,,,,,7.5,59.0,29.0,88.0,17.0,,
2011,3,66,CIN,False,LB,LB,D,Nevada,23.0,2014.0,0,0,0,0.0,Dontay Moch,OLB,Nevada,73.0,248.0,4.4,21.0,42.0,128.0,7.09,4.38,LB,53.0,,,,,,,,,,,,,,,,,,,,,,,,30.0,120.0,68.0,188.0,62.5,,
2011,3,67,DEN,False,LB,LB,D,North Carolina St.,23.0,2015.0,0,0,1,9.0,Nate Irving,ILB,North Carolina State,73.0,240.0,4.74,,,,,,LB,34.0,1.8,,,,,,,,,,,,,,,,,,,,,,,9.0,116.0,98.0,214.0,40.0,,
2011,3,68,BUF,False,LB,LB,D,LSU,23.0,2018.0,0,0,4,8.0,Kelvin Sheppard,ILB,LSU,74.0,250.0,4.7,22.0,33.5,110.0,,4.28,LB,53.0,21.811111111111117,,,,,,,,,,,,,,,,,,,,,,,5.5,136.0,175.0,311.0,26.0,,
2011,3,69,ARI,False,TE,TE,O,Florida Atlantic,23.0,2015.0,0,0,3,9.0,Rob Housler,TE,Florida Atlantic,77.0,248.0,4.46,22.0,37.0,117.0,6.9,4.21,TE,49.0,-15.314285714285717,,,,,,,,,,,,,,,,,,78.0,1228.0,15.7,8.0,25.1,,,,,,,
2011,3,70,KAN,False,LB,LB,D,Georgia,22.0,2023.0,1,4,10,54.0,Justin Houston,OLB,Georgia,75.0,270.0,4.62,30.0,36.5,125.0,6.95,4.37,LB,36.0,4.572727272727272,,,,,,,,,,,,,,,,,,,,,,,20.0,72.0,53.0,125.0,38.0,,
2011,3,71,DAL,False,RB,RB,O,Oklahoma,23.0,2017.0,1,3,7,40.0,DeMarco Murray,RB,Oklahoma,72.0,213.0,4.37,21.0,34.5,124.0,7.28,4.18,RB,50.0,,,,,,,,,,,759.0,3685.0,4.9,50.0,157.0,1571.0,10.0,13.0,,,,,,,,,,,,
2011,3,72,NOR,False,LB,LB,D,Illinois,22.0,2013.0,0,0,0,2.0,Martez Wilson,ILB,Illinois,76.0,250.0,4.42,23.0,36.0,124.0,7.04,4.28,LB,39.0,8.6,,,,,,,,,,,,,,,,,,,,,,,9.0,102.0,121.0,223.0,20.0,,
2011,3,73,NWE,False,RB,RB,O,LSU,22.0,2018.0,0,0,1,23.0,Stevan Ridley,RB,LSU,71.0,225.0,4.65,18.0,36.0,118.0,6.78,4.21,RB,39.0,21.52,,,,,,,,,,306.0,1419.0,4.6,19.0,17.0,94.0,5.5,0.0,,,,,,,,,,,,
2011,3,74,NWE,False,QB,QB,O,Arkansas,23.0,2017.0,0,0,0,0.0,Ryan Mallett,QB,Arkansas,79.0,253.0,5.37,,24.0,103.0,,,QB,37.0,19.985714285714288,552.0,955.0,57.8,8385.0,69.0,24.0,8.8,9.09,226.6,,,,,,,,,,,,,,,,,,,,
2011,3,75,SEA,False,G,OL,O,Wisconsin,24.0,2013.0,0,0,1,6.0,John Moffitt,OG,Wisconsin,76.0,319.0,5.51,23.0,30.5,102.0,7.79,4.53,,,,,,,,,,,,,,,,,,,,,,,,,,,,,,,,
2011,3,76,JAX,False,G,OL,O,Lehigh,21.0,2013.0,0,0,2,8.0,Will Rackley,OG,Lehigh,75.0,309.0,5.39,29.0,23.5,99.0,7.91,4.94,,,,,,,,,,,,,,,,,,,,,,,,,,,,,,,,
2011,3,77,TEN,False,DT,DL,D,USC,21.0,2020.0,0,5,9,71.0,Jurrell Casey,DT,USC,73.0,300.0,5.04,26.0,27.5,101.0,7.51,4.78,DL,38.0,15.2,,,,,,,,,,,,,,,,,,,,,,,9.0,59.0,79.0,138.0,22.0,,
2011,3,78,STL,False,WR,WR,O,Boise St.,23.0,2014.0,0,0,0,8.0,Austin Pettis,WR,Boise State,75.0,209.0,4.56,14.0,33.5,120.0,6.68,3.88,WR,52.0,21.244642857142857,,,,,,,,,,,,,,,,,,229.0,2838.0,12.4,39.0,54.6,,,,,,,
2011,3,79,WAS,False,WR,WR,O,Miami (FL),22.0,2015.0,0,0,1,9.0,Leonard Hankerson,WR,Miami (FL),73.0,209.0,4.4,14.0,36.0,117.0,6.94,4.21,WR,42.0,15.175,,,,,,,,,,,,,,,,,,134.0,2160.0,16.1,22.0,51.4,,,,,,,
2011,3,80,SFO,False,DB,DB,D,South Carolina,23.0,2015.0,0,0,1,10.0,Chris Culliver,CB,South Carolina,72.0,199.0,4.36,,38.5,123.0,6.88,4.08,DB,32.0,13.506896551724138,,,,,,,,,,,,,,,,,,,,,,,,,,,,3.0,
2011,3,81,OAK,False,DB,DB,D,Miami (FL),22.0,2013.0,0,0,0,2.0,Demarcus Van Dyke,CB,Miami (FL),73.0,176.0,4.28,5.0,33.5,121.0,6.97,4.09,DB,50.0,,,,,,,,,,,,,,,,,,,,,,,,,,,,,3.0,1.0
2011,3,82,SDG,False,WR,WR,O,San Diego St.,22.0,2015.0,0,0,1,8.0,Vincent Brown,WR,San Diego State,71.0,187.0,4.68,12.0,33.5,121.0,6.64,4.25,WR,44.0,-2.892307692307692,,,,,,,,,,,,,,,,,,209.0,3110.0,14.9,23.0,70.7,,,,,,,
2011,3,83,NYG,False,WR,WR,O,Troy,22.0,2014.0,0,0,0,2.0,Jerrel Jernigan,WR,Troy,69.0,185.0,4.46,11.0,37.5,124.0,7.07,4.25,WR,50.0,-0.3930232558139536,,,,,,,,,,,,,,,,,,262.0,3128.0,11.9,18.0,62.6,,,,,,,
2011,3,84,TAM,False,LB,LB,D,Washington,22.0,2018.0,0,0,6,21.0,Mason Foster,OLB,Washington,73.0,245.0,4.75,22.0,31.0,110.0,7.14,4.45,LB,50.0,-10.75,,,,,,,,,,,,,,,,,,,,,,,10.5,243.0,135.0,378.0,38.5,,
2011,3,85,BAL,False,T,OL,O,Central Florida,23.0,2016.0,0,0,2,5.0,Jah Reid,OT,Central Florida,79.0,327.0,5.32,28.0,29.5,111.0,7.73,4.65,,,,,,,,,,,,,,,,,,,,,,,,,,,,,,,,
2011,3,86,KAN,False,DE,DL,D,Miami (FL),22.0,2020.0,0,0,3,30.0,Allen Bailey,DE,Miami (FL),75.0,285.0,4.71,27.0,36.5,117.0,7.43,4.56,LB,50.0,,,,,,,,,,,,,,,,,,,,,,,,19.0,58.0,49.0,107.0,31.0,,
2011,3,87,IND,False,DT,DL,D,LSU,22.0,2013.0,0,0,0,3.0,Drake Nevis,DT,LSU,73.0,294.0,5.06,31.0,30.5,112.0,7.71,4.65,DL,44.0,20.4,,,,,,,,,,,,,,,,,,,,,,,10.0,75.0,64.0,139.0,31.5,,
2011,3,88,NOR,False,DB,DB,D,Louisville,23.0,2013.0,0,0,0,2.0,Johnny Patrick,CB,Louisville,71.0,191.0,4.59,13.0,32.0,110.0,,4.16,WR,33.0,2.0666666666666664,,,,,,,,,,,,,,,,,,0.0,0.0,,0.0,0.0,,,,,,,
2011,3,89,SDG,False,DB,DB,D,USC,24.0,2018.0,0,0,2,10.0,Shareece Wright,CB,USC,71.0,185.0,4.41,16.0,34.5,113.0,,,DB,35.0,16.6,,,,,,,,,,,,,,,,,,,,,,,,,,,,1.0,10.0
2011,3,90,PHI,False,DB,DB,D,Utah St.,23.0,2013.0,0,0,0,1.0,Curtis Marsh,CB,Utah State,72.0,197.0,4.42,12.0,37.5,123.0,6.87,4.07,DB,24.0,-21.164285714285715,,,,,,,,,,,,,,,,,,,,,,,,,,,,3.0,
2011,3,91,ATL,False,LB,LB,D,Georgia,23.0,2016.0,0,0,2,9.0,Akeem Dent,ILB,Georgia,73.0,242.0,4.73,24.0,37.5,123.0,,,LB,47.0,-1.5500000000000005,,,,,,,,,,,,,,,,,,,,,,,4.5,135.0,105.0,240.0,12.5,,
2011,3,92,OAK,False,T,OL,O,LSU,23.0,2018.0,0,0,5,1.0,Joe Barksdale,OT,LSU,77.0,325.0,5.31,29.0,29.0,103.0,8.27,4.75,OL,13.0,,,,,,,,,,,,,,,,,,,,,,,,,,,,,,
2011,3,93,CHI,False,DB,DB,D,California,22.0,2018.0,0,0,7,17.0,Chris Conte,S,California,74.0,197.0,4.52,18.0,35.5,127.0,7.01,4.19,DB,49.0,10.630434782608695,,,,,,,,,,,,,,,,,,,,,,,,,,,,2.0,
2011,3,94,NYJ,False,DT,DL,D,Hampton,23.0,2015.0,0,0,0,9.0,Kenrick Ellis,DT,Kansas State,77.0,346.0,5.19,26.0,,,,,,,,,,,,,,,,,,,,,,,,,,,,,,,,,,,,
2011,3,95,PIT,False,DB,DB,D,Texas,22.0,2013.0,0,0,0,2.0,Curtis Brown,CB,Texas,72.0,185.0,4.51,10.0,39.5,128.0,6.59,4.0,DB,52.0,9.557575757575757,,,,,,,,,,,,,,,,,,,,,,,,,,,,2.0,6.0
2011,3,96,GNB,False,RB,RB,O,Hawaii,23.0,2013.0,0,0,0,5.0,Alex Green,RB,Hawaii,72.0,225.0,4.45,20.0,34.0,114.0,6.91,4.15,RB,27.0,-0.1600000000000001,,,,,,,,,,232.0,1652.0,7.1,20.0,38.0,461.0,12.1,2.0,,,,,,,,,,,,
2011,4,97,CAR,False,DT,DL,D,Stanford,23.0,2014.0,0,0,1,4.0,Sione Fua,DT,Stanford,73.0,308.0,5.28,30.0,24.0,101.0,7.54,4.54,DL,50.0,,,,,,,,,,,,,,,,,,,,,,,,9.0,37.0,43.0,80.0,16.0,,
2011,4,98,CAR,False,DB,DB,D,West Virginia,23.0,2011.0,0,0,0,0.0,Brandon Hogan,CB,West Virginia,70.0,192.0,4.43,19.0,,,,,WR,33.0,16.123404255319148,,,,,,,,,,,,,,,,,,12.0,67.0,5.6,0.0,2.0,,,,,,,
2011,4,99,SEA,False,LB,LB,D,Mississippi St.,22.0,2021.0,0,1,10,62.0,K.J. Wright,OLB,Mississippi State,75.0,246.0,4.71,20.0,32.0,120.0,7.26,4.46,LB,47.0,,,,,,,,,,,,,,,,,,,,,,,,8.0,131.0,127.0,258.0,22.5,,
2011,4,100,BUF,False,DB,DB,D,North Carolina,22.0,2018.0,0,0,3,12.0,Da'Norris Searcy,S,North Carolina,71.0,223.0,4.55,27.0,33.0,120.0,6.87,4.09,DB,35.0,7.160606060606061,,,,,,,,,,,,,,,,,,,,,,,,,,,,5.0,
2011,4,101,CIN,False,G,OL,O,Georgia,22.0,2018.0,0,0,7,46.0,Clint Boling,OG,Georgia,77.0,308.0,5.28,28.0,31.0,102.0,7.66,4.64,OL,25.0,,,,,,,,,,,,,,,,,,,,,,,,,,,,,,
2011,4,102,CLE,False,TE,TE,O,USC,23.0,2016.0,0,1,4,10.0,Jordan Cameron,TE,USC,77.0,254.0,4.53,23.0,37.5,119.0,6.82,4.03,TE,12.0,15.2,,,,,,,,,,,,,,,,,,16.0,126.0,7.9,1.0,10.5,,,,,,,
2011,4,103,ARI,False,DE,DL,D,Texas,23.0,2019.0,0,0,4,19.0,Sam Acho,OLB,Texas,74.0,262.0,4.67,23.0,33.5,112.0,6.69,4.32,DL,49.0,,,,,,,,,,,,,,,,,,,,,,,,21.0,93.0,44.0,137.0,32.5,,
2011,4,104,TAM,False,TE,TE,O,Tennessee,23.0,2021.0,0,0,7,3.0,Luke Stocker,TE,Tennessee,77.0,258.0,4.68,27.0,33.0,115.0,7.03,4.4,TE,52.0,14.025,,,,,,,,,,,,,,,,,,85.0,956.0,11.2,8.0,18.4,,,,,,,
2011,4,105,WAS,False,RB,RB,O,Nebraska,22.0,2015.0,0,0,1,13.0,Roy Helu,RB,Nebraska,71.0,219.0,4.4,11.0,36.5,119.0,6.67,4.01,RB,48.0,16.9,,,,,,,,,,578.0,3404.0,5.9,28.0,54.0,501.0,9.3,0.0,,,,,,,,,,,,
2011,4,106,MIN,False,DT,DL,D,Iowa,22.0,2012.0,0,0,0,3.0,Christian Ballard,DE,Iowa,76.0,283.0,4.75,,31.5,111.0,7.54,4.51,DL,49.0,,,,,,,,,,,,,,,,,,,,,,,,12.0,60.0,93.0,153.0,21.5,,
2011,4,107,SEA,False,WR,WR,O,Georgia,23.0,2014.0,0,0,1,0.0,,,,,,,,,,,,WR,47.0,21.125,,,,,,,,,,,,,,,,,,64.0,1109.0,17.3,4.0,23.6,,,,,,,
2011,4,108,DEN,False,DB,DB,D,Oklahoma,23.0,2014.0,0,0,1,5.0,Quinton Carter,S,Oklahoma,73.0,208.0,4.57,23.0,34.5,121.0,7.05,4.06,DB,44.0,22.9,,,,,,,,,,,,,,,,,,,,,,,,,,,,8.0,2.0
2011,4,109,TEN,False,LB,LB,D,Miami (FL),22.0,2013.0,0,0,1,11.0,Colin McCarthy,ILB,Miami (FL),73.0,238.0,4.59,23.0,36.5,119.0,6.93,4.2,LB,48.0,16.6,,,,,,,,,,,,,,,,,,,,,,,5.0,159.0,146.0,305.0,35.0,,
2011,4,111,MIA,False,WR,WR,O,Abilene Christian,25.0,2013.0,0,0,0,0.0,Clyde Gates,WR,Abilene Christian,72.0,192.0,4.31,16.0,40.0,131.0,,,,,,,,,,,,,,,,,,,,,,,,,,,,,,,,,,
2011,4,112,STL,False,WR,WR,O,Hawaii,23.0,2016.0,0,0,0,1.0,Greg Salas,WR,Hawaii,73.0,210.0,4.53,15.0,37.0,120.0,6.65,4.1,WR,48.0,2.1333333333333333,,,,,,,,,,,,,,,,,,285.0,4345.0,15.2,26.0,90.5,,,,,,,
2011,4,113,OAK,False,DB,DB,D,Ohio St.,22.0,2016.0,0,0,0,2.0,Chimdi Chekwa,CB,Ohio State,72.0,191.0,4.38,,34.5,126.0,,,DB,52.0,25.725,,,,,,,,,,,,,,,,,,,,,,,,,,,,6.0,
2011,4,114,JAX,False,WR,WR,O,Mount Union,23.0,2016.0,0,0,4,14.0,Cecil Shorts,WR,Mount Union,72.0,205.0,4.5,21.0,34.5,114.0,6.5,4.07,,,,,,,,,,,,,,,,,,,,,,,,,,,,,,,,
2011,4,115,SFO,False,RB,RB,O,Oklahoma St.,22.0,2015.0,0,0,0,12.0,Kendall Hunter,RB,Oklahoma State,67.0,199.0,4.46,24.0,35.0,122.0,6.74,4.21,RB,46.0,19.27,,,,,,,,,,708.0,4181.0,5.9,37.0,63.0,519.0,8.2,2.0,,,,,,,,,,,,
2011,4,116,PHI,False,LB,LB,D,Oregon,22.0,2014.0,0,0,1,10.0,Casey Matthews,ILB,Oregon,73.0,231.0,4.78,13.0,,,,,LB,50.0,26.41538461538461,,,,,,,,,,,,,,,,,,,,,,,9.0,123.0,122.0,245.0,30.5,,
2011,4,117,NYG,False,T,OL,O,Indiana,23.0,2014.0,0,0,0,4.0,James Brewer,OT,Indiana,78.0,323.0,5.21,25.0,26.0,100.0,7.84,4.81,,,,,,,,,,,,,,,,,,,,,,,,,,,,,,,,
2011,4,118,KAN,False,DB,DB,D,Colorado,23.0,2015.0,0,0,0,2.0,Jalil Brown,CB,Colorado,73.0,204.0,4.52,24.0,35.5,116.0,6.85,4.25,DB,36.0,-1.4666666666666668,,,,,,,,,,,,,,,,,,,,,,,,,,,,6.0,
2011,4,119,IND,False,RB,RB,O,Syracuse,24.0,2013.0,0,0,0,3.0,Delone Carter,RB,Syracuse,69.0,222.0,4.54,27.0,37.0,120.0,6.92,4.07,RB,42.0,-2.4,,,,,,,,,,646.0,3104.0,4.8,24.0,28.0,208.0,7.4,1.0,,,,,,,,,,,,
2011,4,120,PHI,False,K,K,S,Nebraska,24.0,2014.0,0,0,0,9.0,Alex Henery,K,Nebraska,73.0,177.0,4.87,,,,,,,,,,,,,,,,,,,,,,,,,,,,,,,,,,,,,
2011,4,121,JAX,False,DB,DB,D,Wyoming,24.0,2017.0,0,0,0,6.0,,,,,,,,,,,,DB,49.0,-13.75,,,,,,,,,,,,,,,,,,,,,,,,,,,,5.0,7.0
2011,4,122,BUF,False,T,OL,O,Clemson,22.0,2017.0,0,0,2,8.0,Chris Hairston,OT,Clemson,78.0,326.0,5.38,33.0,29.0,96.0,7.9,4.7,OL,24.0,5.166666666666667,,,,,,,,,,,,,,,,,,,,,,,,,,,,,
2011,4,123,BAL,False,WR,WR,O,Indiana,21.0,2013.0,0,0,0,4.0,Tandon Doss,WR,Indiana,74.0,201.0,4.62,14.0,,,,,WR,31.0,-6.126923076923077,,,,,,,,,,,,,,,,,,154.0,1854.0,12.0,13.0,59.8,,,,,,,
2011,4,124,CLE,False,RB,RB,O,Stanford,22.0,2012.0,0,0,0,0.0,Owen Marecic,FB,Stanford,72.0,248.0,4.87,22.0,28.5,102.0,7.1,4.56,RB,49.0,11.394871794871795,,,,,,,,,,36.0,67.0,1.9,9.0,25.0,258.0,10.3,1.0,,,,,,,,,,,,
2011,4,125,OAK,False,RB,RB,O,Eastern Washington,23.0,2023.0,0,0,0,3.0,Taiwan Jones,RB,East. Washington,72.0,194.0,4.33,13.0,,,,,,,,,,,,,,,,,,,,,,,,,,,,,,,,,,,,
2011,4,126,NYJ,False,RB,RB,O,Louisville,22.0,2019.0,0,0,3,26.0,Bilal Powell,RB,Louisville,70.0,207.0,4.51,18.0,,,,,RB,42.0,3.65,,,,,,,,,,436.0,2338.0,5.4,19.0,45.0,344.0,7.6,3.0,,,,,,,,,,,,
2011,4,127,HOU,False,DB,DB,D,Virginia Tech,22.0,2013.0,0,0,0,0.0,Roc Carmichael,CB,Virginia Tech,70.0,192.0,4.41,13.0,31.0,116.0,6.69,4.06,DB,54.0,,,,,,,,,,,,,,,,,,,,,,,,,,,,,10.0,3.0
2011,4,128,PIT,False,DB,DB,D,The Citadel,22.0,2015.0,0,0,0,10.0,Cortez Allen,CB,Citadel,73.0,197.0,4.5,18.0,35.5,129.0,6.76,4.01,,,,,,,,,,,,,,,,,,,,,,,,,,,,,,,,
2011,5,129,DEN,False,TE,TE,O,Portland St.,23.0,2017.0,0,2,5,13.0,Julius Thomas,TE,Portland State,77.0,246.0,4.64,16.0,35.5,111.0,6.96,4.31,,,,,,,,,,,,,,,,,,,,,,,,,,,,,,,,
2011,5,130,TEN,False,RB,RB,O,Clemson,21.0,2012.0,0,0,0,1.0,Jamie Harper,RB,Clemson,71.0,233.0,4.53,24.0,36.5,120.0,7.16,4.39,RB,39.0,12.696153846153845,,,,,,,,,,311.0,1311.0,4.2,12.0,50.0,398.0,8.0,3.0,,,,,,,,,,,,
2011,5,131,GNB,False,DB,DB,D,New Mexico St.,22.0,2018.0,0,0,2,9.0,Davon House,CB,New Mexico State,72.0,200.0,4.44,14.0,33.5,109.0,6.65,4.12,DB,49.0,-23.17619047619048,,,,,,,,,,,,,,,,,,,,,,,,,,,,11.0,
2011,5,132,CAR,False,WR,WR,O,Hawaii,23.0,2012.0,0,0,0,1.0,Kealoha Pilares,WR,Hawaii,70.0,199.0,4.42,19.0,,,,,WR,36.0,0.1200000000000001,,,,,,,,,,,,,,,,,,183.0,2242.0,12.3,21.0,62.3,,,,,,,
2011,5,133,BUF,False,RB,RB,O,North Carolina,23.0,2012.0,0,0,0,0.0,Johnny White,RB,North Carolina,70.0,209.0,4.5,,32.5,117.0,7.07,4.31,RB,21.0,7.233333333333333,,,,,,,,,,225.0,1119.0,5.0,7.0,39.0,447.0,11.5,0.0,,,,,,,,,,,,
2011,5,134,CIN,False,DB,DB,D,West Virginia,21.0,2011.0,0,0,0,0.0,Robert Sands,S,West Virginia,76.0,217.0,4.53,12.0,35.0,124.0,7.03,4.06,DB,39.0,15.0,,,,,,,,,,,,,,,,,,,,,,,,,,,,6.0,
2011,5,136,ARI,False,RB,RB,O,Connecticut,22.0,2020.0,0,1,3,1.0,Anthony Sherman,FB,Connecticut,70.0,242.0,4.74,32.0,32.5,111.0,7.23,4.41,RB,51.0,3.22,,,,,,,,,,17.0,61.0,3.6,0.0,48.0,477.0,9.9,1.0,,,,,,,,,,,,
2011,5,137,CLE,False,DB,DB,D,Chattanooga,22.0,2021.0,0,0,4,15.0,Buster Skrine,CB,Tenn-Chattanooga,69.0,186.0,4.37,20.0,37.0,122.0,6.44,3.9,,,,,,,,,,,,,,,,,,,,,,,,,,,,,,,,
2011,5,138,NWE,False,T,OL,O,TCU,23.0,2022.0,0,0,5,42.0,Marcus Cannon,OT,TCU,77.0,358.0,5.26,33.0,30.5,105.0,8.07,4.97,OL,24.0,,,,,,,,,,,,,,,,,,,,,,,,,,,,,,
2011,5,139,MIN,False,DB,DB,D,Southern Utah,22.0,2013.0,0,0,0,1.0,Brandon Burton,CB,Utah,72.0,190.0,4.5,18.0,32.0,118.0,6.93,4.07,DB,37.0,3.0459459459459457,,,,,,,,,,,,,,,,,,,,,,,,,,,,3.0,
2011,5,141,GNB,False,TE,TE,O,Arkansas,22.0,2013.0,0,0,0,3.0,D.J. Williams,TE,Arkansas,74.0,245.0,4.59,20.0,33.5,111.0,7.29,4.51,TE,51.0,11.791489361702128,,,,,,,,,,,,,,,,,,152.0,1855.0,12.2,10.0,36.4,,,,,,,
2011,5,142,TEN,False,DT,DL,D,Iowa,23.0,2017.0,0,0,0,13.0,Karl Klug,DE,Iowa,75.0,275.0,4.85,22.0,,,,,DL,39.0,,,,,,,,,,,,,,,,,,,,,,,,11.5,57.0,83.0,140.0,31.0,,
2011,5,144,HOU,False,DB,DB,D,Idaho,23.0,2016.0,0,0,1,6.0,Shiloh Keo,S,Idaho,71.0,219.0,4.74,24.0,32.5,110.0,6.55,3.9,DB,55.0,,,,,,,,,,,,,,,,,,,,,,,,,,,,,11.0,
2011,5,145,ATL,False,RB,RB,O,Oregon St.,21.0,2018.0,0,0,0,17.0,Jacquizz Rodgers,RB,Oregon State,66.0,196.0,4.59,,33.0,113.0,7.31,4.26,RB,36.0,9.872727272727271,,,,,,,,,,788.0,3877.0,4.9,46.0,151.0,1056.0,7.0,5.0,,,,,,,,,,,,
2011,5,146,WAS,False,DB,DB,D,Nebraska,21.0,2013.0,0,0,0,4.0,DeJon Gomes,S,Nebraska,71.0,208.0,4.5,13.0,31.0,110.0,,,DB,27.0,,,,,,,,,,,,,,,,,,,,,,,,,,,,,7.0,
2011,5,147,JAX,False,DB,DB,D,Middle Tenn. St.,22.0,2011.0,0,0,0,0.0,,,,,,,,,,,,DB,46.0,-14.533333333333331,,,,,,,,,,,,,,,,,,,,,,,,,,,,5.0,7.0
2011,5,148,OAK,False,WR,WR,O,Tennessee,22.0,2015.0,0,0,3,15.0,Denarius Moore,WR,Tennessee,72.0,194.0,4.43,13.0,36.0,118.0,6.78,4.15,WR,52.0,12.9875,,,,,,,,,,,,,,,,,,112.0,2004.0,17.9,18.0,38.5,,,,,,,
2011,5,149,PHI,False,RB,RB,O,Pittsburgh,20.0,2020.0,0,0,2,1.0,Dion Lewis,RB,Pittsburgh,67.0,193.0,4.56,17.0,34.5,112.0,6.9,4.18,RB,25.0,14.6,,,,,,,,,,544.0,2860.0,5.3,30.0,52.0,405.0,7.8,1.0,,,,,,,,,,,,
2011,5,150,CLE,False,T,OL,O,Pittsburgh,24.0,2013.0,0,0,1,10.0,Jason Pinkston,OT,Pittsburgh,75.0,317.0,5.39,,26.5,98.0,7.88,4.91,DB,42.0,-15.5,,,,,,,,,,,,,,,,,,,,,,,,,,,,8.0,4.0
2011,5,151,TAM,False,DB,DB,D,Florida,21.0,2013.0,0,0,0,3.0,Ahmad Black,S,Florida,69.0,184.0,4.7,18.0,35.5,119.0,6.85,4.2,DB,48.0,27.166666666666668,,,,,,,,,,,,,,,,,,,,,,,,,,,,13.0,
2011,5,152,HOU,False,QB,QB,O,North Carolina,24.0,2017.0,0,0,0,6.0,T.J. Yates,QB,North Carolina,75.0,219.0,5.06,,29.5,104.0,6.96,4.12,QB,45.0,7.074999999999999,795.0,1277.0,62.3,9377.0,58.0,46.0,7.3,6.63,208.4,,,,,,,,,,,,,,,,,,,,
2011,5,153,NYJ,False,WR,WR,O,TCU,22.0,2018.0,0,0,4,19.0,Jeremy Kerley,WR,TCU,69.0,189.0,4.56,16.0,34.5,120.0,,,WR,50.0,19.742857142857144,,,,,,,,,,,,,,,,,,120.0,1299.0,10.8,12.0,26.0,,,,,,,
2011,5,154,SEA,False,DB,DB,D,Stanford,23.0,2021.0,3,5,9,82.0,Richard Sherman,CB,Stanford,75.0,195.0,4.54,16.0,38.0,125.0,6.82,4.33,WR,41.0,4.08867924528302,,,,,,,,,,,,,,,,,,81.0,1340.0,16.5,7.0,32.7,,,,,,,
2011,5,155,WAS,False,WR,WR,O,Nebraska,22.0,2018.0,0,0,1,6.0,Niles Paul,WR,Nebraska,73.0,224.0,4.45,24.0,34.5,117.0,6.9,4.14,WR,46.0,18.45833333333333,,,,,,,,,,,,,,,,,,103.0,1532.0,14.9,5.0,33.3,,,,,,,
2011,5,157,DET,False,LB,LB,D,Syracuse,22.0,2012.0,0,0,0,1.0,Doug Hogue,OLB,Syracuse,74.0,235.0,4.62,18.0,36.0,121.0,7.09,4.57,LB,25.0,-9.035714285714286,,,,,,,,,,,,,,,,,,,,,,,12.5,108.0,59.0,167.0,26.5,,
2011,6,161,PHI,False,G,OL,O,Iowa,23.0,2015.0,0,0,0,1.0,Julian Vandervelde,OG,Iowa,74.0,301.0,5.12,23.0,31.0,104.0,7.46,4.59,OL,23.0,,,,,,,,,,,,,,,,,,,,,,,,,,,,,,
2011,6,162,PIT,False,LB,LB,D,Fresno St.,22.0,2017.0,0,0,0,4.0,Chris Carter,WR,California-Davis,71.0,191.0,4.49,12.0,,,,,LB,49.0,-12.98125,,,,,,,,,,,,,,,,,,,,,,,19.5,116.0,89.0,205.0,38.0,,
2011,6,163,SFO,False,G,OL,O,Appalachian St.,23.0,2020.0,0,0,3,17.0,Daniel Kilgore,OG,Appalachian State,75.0,308.0,5.28,23.0,32.5,105.0,7.59,4.68,,,,,,,,,,,,,,,,,,,,,,,,,,,,,,,,
2011,6,164,BAL,False,DB,DB,D,Texas,24.0,2016.0,0,0,0,3.0,Chykie Brown,CB,Texas,71.0,190.0,4.49,,36.5,120.0,6.5,4.0,DB,44.0,30.0,,,,,,,,,,,,,,,,,,,,,,,,,,,,2.0,6.0
2011,6,165,BAL,False,DE,DL,D,Mississippi St.,22.0,2021.0,0,0,3,20.0,Pernell McPhee,DE,Mississippi State,75.0,278.0,4.91,20.0,28.5,107.0,7.13,4.59,DL,25.0,,,,,,,,,,,,,,,,,,,,,,,,7.0,46.0,45.0,91.0,22.0,,
2011,6,167,CIN,False,WR,WR,O,Stanford,22.0,2013.0,0,0,0,0.0,Ryan Whalen,WR,Stanford,73.0,202.0,4.53,18.0,38.5,123.0,6.67,4.09,WR,48.0,8.575,,,,,,,,,,,,,,,,,,140.0,1884.0,13.5,7.0,39.3,,,,,,,
2011,6,169,BUF,False,LB,LB,D,Mississippi St.,22.0,2014.0,0,0,0,1.0,Chris White,ILB,Mississippi State,75.0,240.0,4.65,17.0,34.0,115.0,6.95,4.25,LB,25.0,-0.1,,,,,,,,,,,,,,,,,,,,,,,6.5,98.0,87.0,185.0,19.5,,
2011,6,170,MIN,False,DB,DB,D,South Florida,24.0,2013.0,0,0,0,4.0,,,,,,,,,,,,DB,25.0,0.4,,,,,,,,,,,,,,,,,,,,,,,,,,,,2.0,
2011,6,172,MIN,False,C,OL,O,Slippery Rock,23.0,2018.0,0,0,6,24.0,Brandon Fusco,C,Slippery Rock,76.0,306.0,5.18,26.0,28.5,108.0,7.29,4.43,,,,,,,,,,,,,,,,,,,,,,,,,,,,,,,,
2011,6,173,SEA,False,DB,DB,D,Clemson,23.0,2017.0,0,0,3,13.0,Byron Maxwell,CB,Clemson,72.0,202.0,4.43,24.0,33.0,124.0,,,DB,53.0,13.25,,,,,,,,,,,,,,,,,,,,,,,,,,,,4.0,6.0
2011,6,174,MIA,False,TE,TE,O,Tulsa,22.0,2019.0,0,0,9,13.0,Charles Clay,FB,Tulsa,75.0,245.0,4.69,18.0,33.5,118.0,7.07,4.15,RB,52.0,1.0777777777777775,,,,,,,,,,179.0,911.0,5.1,10.0,189.0,2544.0,13.5,28.0,,,,,,,,,,,,
2011,6,175,TEN,False,T,OL,O,Louisville,22.0,2014.0,0,0,0,4.0,,,,,,,,,,,,,,,,,,,,,,,,,,,,,,,,,,,,,,,,,,,
2011,6,176,DAL,False,WR,WR,O,East Carolina,23.0,2020.0,0,1,0,6.0,Dwayne Harris,WR,East Carolina,70.0,203.0,4.53,10.0,34.0,111.0,6.77,4.21,WR,50.0,-2.413953488372093,,,,,,,,,,,,,,,,,,268.0,3001.0,11.2,20.0,60.0,,,,,,,
2011,6,177,WAS,False,RB,RB,O,Penn St.,23.0,2013.0,0,0,0,4.0,Evan Royster,RB,Penn State,72.0,212.0,4.65,20.0,34.0,113.0,7.07,4.18,RB,50.0,19.81111111111111,,,,,,,,,,686.0,3932.0,5.7,29.0,61.0,562.0,9.2,3.0,,,,,,,,,,,,
2011,6,178,WAS,False,WR,WR,O,SMU,22.0,2018.0,0,0,0,5.0,Aldrick Robinson,WR,SMU,70.0,184.0,4.35,17.0,40.0,126.0,6.65,4.09,WR,46.0,-8.88,,,,,,,,,,,,,,,,,,181.0,3314.0,18.3,30.0,72.0,,,,,,,
2011,6,180,BAL,False,QB,QB,O,Virginia Tech,22.0,2025.0,0,1,3,1.0,Tyrod Taylor,QB,Virginia Tech,73.0,217.0,4.47,,37.5,126.0,6.78,4.09,QB,50.0,19.1,495.0,865.0,57.2,7017.0,44.0,20.0,8.1,8.09,140.3,,,,,,,,,,,,,,,,,,,,
2011,6,181,OAK,False,TE,TE,O,Miami (FL),24.0,2015.0,0,0,0,0.0,,,,,,,,,,,,TE,47.0,11.65,,,,,,,,,,,,,,,,,,10.0,62.0,6.2,0.0,1.3,,,,,,,
2011,6,184,ARI,False,DT,DL,D,UCLA,23.0,2013.0,0,0,0,4.0,,,,,,,,,,,,DL,40.0,,,,,,,,,,,,,,,,,,,,,,,,6.5,42.0,24.0,66.0,9.5,,
2011,6,185,NYG,False,LB,LB,D,Michigan St.,22.0,2012.0,0,0,0,3.0,Greg Jones,ILB,Michigan State,72.0,242.0,4.75,21.0,31.5,117.0,7.27,4.27,LB,52.0,-3.822222222222222,,,,,,,,,,,,,,,,,,,,,,,16.5,236.0,229.0,465.0,46.5,,
2011,6,186,GNB,False,LB,LB,D,Appalachian St.,22.0,2014.0,0,0,0,5.0,D.J. Smith,OLB,Appalachian State,71.0,239.0,4.71,20.0,31.0,104.0,7.35,4.45,,,,,,,,,,,,,,,,,,,,,,,,,,,,,,,,
2011,6,187,TAM,False,RB,RB,O,USC,23.0,2015.0,0,0,0,0.0,Allen Bradford,RB,USC,71.0,242.0,4.53,28.0,29.0,113.0,6.97,4.39,RB,52.0,26.22,,,,,,,,,,267.0,1585.0,5.9,16.0,14.0,176.0,12.6,4.0,,,,,,,,,,,,
2011,6,188,IND,False,DB,DB,D,Michigan St.,22.0,2011.0,0,0,0,2.0,Chris Rucker,CB,Michigan State,72.0,195.0,4.54,10.0,,,,,,,,,,,,,,,,,,,,,,,,,,,,,,,,,,,,
2011,6,189,DEN,False,LB,LB,D,California,23.0,2015.0,0,0,0,0.0,Mike Mohamed,ILB,California,75.0,239.0,4.65,21.0,32.0,115.0,6.7,4.0,LB,50.0,11.5,,,,,,,,,,,,,,,,,,,,,,,7.0,196.0,143.0,339.0,20.0,,
2011,6,190,SFO,False,DB,DB,D,TCU,23.0,2019.0,0,0,0,1.0,,,,,,,,,,,,DB,45.0,25.4,,,,,,,,,,,,,,,,,,,,,,,,,,,,2.0,1.0
2011,6,191,PHI,False,C,OL,O,Cincinnati,23.0,2023.0,6,7,12,102.0,Jason Kelce,C,Cincinnati,75.0,280.0,4.89,,30.5,110.0,7.22,4.14,LB,34.0,,,,,,,,,,,,,,,,,,,,,,,,0.0,4.0,1.0,5.0,0.0,,
2011,6,192,ATL,False,K,K,S,Miami (FL),23.0,2019.0,0,0,0,14.0,Matt Bosher,P,Miami (FL),73.0,208.0,4.78,8.0,,,,,,,,,,,,,,,,,,,,,,,,,,,,,,,,,,,,
2011,7,193,PHI,False,LB,LB,D,Ohio St.,22.0,2012.0,0,0,1,6.0,Brian Rolle,OLB,Ohio State,70.0,229.0,4.53,28.0,33.0,115.0,6.89,4.26,LB,51.0,24.566666666666663,,,,,,,,,,,,,,,,,,,,,,,2.5,85.0,117.0,202.0,19.0,,
2011,7,195,CHI,False,LB,LB,D,West Virginia,23.0,2017.0,0,0,2,1.0,J.T. Thomas,OLB,West Virginia,73.0,241.0,4.65,23.0,30.5,114.0,7.23,4.28,LB,39.0,13.8,,,,,,,,,,,,,,,,,,,,,,,6.0,93.0,121.0,214.0,24.0,,
2011,7,198,NYG,False,DB,DB,D,Iowa,23.0,2012.0,0,0,0,1.0,Tyler Sash,S,Iowa,72.0,211.0,4.62,11.0,33.0,108.0,6.9,4.27,DB,38.0,19.15882352941176,,,,,,,,,,,,,,,,,,,,,,,,,,,,13.0,
2011,7,199,KAN,False,DT,DL,D,Mississippi,24.0,2014.0,0,0,0,2.0,Jerrell Powe,DT,Mississippi,74.0,335.0,5.25,27.0,25.0,93.0,8.17,5.06,DL,37.0,16.87777777777778,,,,,,,,,,,,,,,,,,,,,,,7.0,49.0,20.0,69.0,24.0,,
2011,7,201,SDG,False,G,OL,O,Michigan,23.0,2014.0,0,0,0,3.0,Steve Schilling,OG,Michigan,76.0,308.0,5.18,30.0,25.5,98.0,7.73,4.62,OL,37.0,13.3,,,,,,,,,,,,,,,,,,,,,,,,,,,,,
2011,7,202,NYG,False,LB,LB,D,South Florida,23.0,2014.0,0,0,1,13.0,,,,,,,,,,,,LB,25.0,1.7333333333333334,,,,,,,,,,,,,,,,,,,,,,,2.5,61.0,38.0,99.0,12.0,,
2011,7,204,DEN,False,TE,TE,O,Nevada,23.0,2020.0,0,0,5,5.0,Virgil Green,TE,Nevada,75.0,249.0,4.54,23.0,42.5,130.0,6.9,4.4,TE,40.0,4.066666666666666,,,,,,,,,,,,,,,,,,72.0,939.0,13.0,11.0,23.5,,,,,,,
2011,7,205,SEA,False,DL,DL,D,LSU,23.0,2012.0,0,0,0,0.0,,,,,,,,,,,,DL,48.0,,,,,,,,,,,,,,,,,,,,,,,,3.0,19.0,51.0,70.0,15.5,,
2011,7,206,BUF,False,DB,DB,D,Richmond,23.0,2015.0,0,0,0,4.0,Justin Rogers,CB,Richmond,70.0,180.0,4.45,14.0,33.0,114.0,7.21,4.2,,,,,,,,,,,,,,,,,,,,,,,,,,,,,,,,
2011,7,208,NYJ,False,QB,QB,O,Alabama,23.0,2012.0,0,0,0,1.0,Greg McElroy,QB,Alabama,74.0,220.0,4.84,,33.0,107.0,7.11,4.45,QB,35.0,25.63684210526316,436.0,658.0,66.3,5691.0,39.0,10.0,8.6,9.15,162.6,,,,,,,,,,,,,,,,,,,,
2011,7,211,SFO,False,DE,DL,D,Central Florida,24.0,2020.0,0,0,5,7.0,Bruce Miller,OLB,Central Florida,73.0,254.0,4.81,35.0,31.0,113.0,7.05,4.34,LB,53.0,-5.933333333333334,,,,,,,,,,,,,,,,,,,,,,,35.5,124.0,90.0,214.0,57.5,,
2011,7,212,TEN,False,DT,DL,D,Auburn,23.0,2011.0,0,0,0,0.0,,,,,,,,,,,,DL,41.0,,,,,,,,,,,,,,,,,,,,,,,,5.5,41.0,24.0,65.0,17.0,,
2011,7,213,WAS,False,DB,DB,D,Boise St.,21.0,2011.0,0,0,0,1.0,Brandyn Thompson,CB,Boise State,69.0,189.0,4.5,13.0,33.5,114.0,6.66,4.12,DB,48.0,22.03333333333333,,,,,,,,,,,,,,,,,,,,,,,,,,,,13.0,
2011,7,214,HOU,False,T,OL,O,Arkansas St.,23.0,2018.0,0,0,4,28.0,Derek Newton,OT,Arkansas State,77.0,311.0,5.0,24.0,25.5,100.0,7.76,5.0,OL,12.0,,,,,,,,,,,,,,,,,,,,,,,,,,,,,,
2011,7,215,MIN,False,DE,DL,D,Arizona,23.0,2012.0,0,0,0,0.0,D'Aundre Reed,DE,Arizona,76.0,261.0,4.84,30.0,35.5,119.0,7.24,4.32,DL,46.0,,,,,,,,,,,,,,,,,,,,,,,,6.0,56.0,27.0,83.0,11.5,,
2011,7,217,WAS,False,G,OL,O,Florida,23.0,2012.0,0,0,1,6.0,Maurice Hurt,OG,Florida,75.0,318.0,5.39,18.0,,,,,,,,,,,,,,,,,,,,,,,,,,,,,,,,,,,,
2011,7,218,GNB,False,TE,TE,O,North Carolina,23.0,2014.0,0,0,0,0.0,,,,,,,,,,,,TE,48.0,7.7,,,,,,,,,,,,,,,,,,36.0,330.0,9.2,2.0,6.9,,,,,,,
2011,7,219,NWE,False,DB,DB,D,TCU,23.0,2012.0,0,0,0,0.0,,,,,,,,,,,,DB,26.0,9.045283018867924,,,,,,,,,,,,,,,,,,,,,,,,,,,,0.0,1.0
2011,7,220,DAL,False,RB,RB,O,Georgia,23.0,2012.0,0,0,0,0.0,Shaun Chapas,FB,Georgia,74.0,247.0,4.87,23.0,35.5,116.0,7.13,4.4,RB,49.0,21.29,,,,,,,,,,40.0,155.0,3.9,3.0,26.0,221.0,8.5,4.0,,,,,,,,,,,,
2011,7,221,NYG,False,RB,RB,O,Maryland,23.0,2013.0,0,0,0,1.0,Da'Rel Scott,RB,Maryland,71.0,211.0,4.4,19.0,34.0,117.0,7.15,4.2,RB,41.0,6.932203389830509,,,,,,,,,,430.0,2401.0,5.6,17.0,48.0,509.0,10.6,4.0,,,,,,,,,,,,
2011,7,222,TAM,False,DB,DB,D,Florida International,22.0,2012.0,0,0,0,1.0,,,,,,,,,,,,DB,49.0,-21.79523809523809,,,,,,,,,,,,,,,,,,,,,,,,,,,,11.0,
2011,7,224,WAS,False,DE,DL,D,Florida St.,23.0,2012.0,0,0,0,0.0,Markus White,DE,Florida State,75.0,266.0,4.86,14.0,32.5,117.0,7.25,4.51,DL,40.0,8.8,,,,,,,,,,,,,,,,,,,,,,,11.0,81.0,50.0,131.0,28.5,,
2011,7,225,BAL,False,RB,RB,O,Georgia Tech,23.0,2012.0,0,0,0,1.0,Anthony Allen,RB,Georgia Tech,73.0,228.0,4.56,24.0,41.5,120.0,6.79,4.06,RB,52.0,14.1,,,,,,,,,,546.0,3036.0,5.6,33.0,33.0,401.0,12.2,5.0,,,,,,,,,,,,
2011,7,228,STL,False,LB,LB,D,S.F. Austin,22.0,2011.0,0,0,0,0.0,,,,,,,,,,,,,,,,,,,,,,,,,,,,,,,,,,,,,,,,,,,
2011,7,230,ATL,False,DE,DL,D,South Carolina,22.0,2016.0,0,0,0,3.0,Cliff Matthews,DE,South Carolina,75.0,257.0,4.81,17.0,32.0,112.0,7.21,4.37,DL,51.0,,,,,,,,,,,,,,,,,,,,,,,,15.5,108.0,41.0,149.0,26.0,,
2011,7,232,PIT,False,RB,RB,O,Texas Tech,23.0,2012.0,0,0,0,1.0,,,,,,,,,,,,RB,45.0,18.225,,,,,,,,,,467.0,2501.0,5.4,27.0,140.0,1111.0,7.9,5.0,,,,,,,,,,,,
2011,7,234,SDG,False,LB,LB,D,Missouri,22.0,2017.0,0,0,0,7.0,,,,,,,,,,,,LB,54.0,19.3,,,,,,,,,,,,,,,,,,,,,,,4.0,121.0,87.0,208.0,13.0,,
2011,7,235,MIA,False,DB,DB,D,Montana,25.0,2015.0,0,0,1,9.0,,,,,,,,,,,,,,,,,,,,,,,,,,,,,,,,,,,,,,,,,,,
2011,7,236,MIN,False,WR,WR,O,Long Beach CC,21.0,2013.0,0,0,0,0.0,Stephen Burton,WR,West Texas A&M,73.0,221.0,4.5,19.0,34.5,117.0,7.04,4.31,,,,,,,,,,,,,,,,,,,,,,,,,,,,,,,,
2011,7,239,SFO,False,G,OL,O,Montana St.,23.0,2019.0,0,0,3,15.0,Mike Person,OG,Montana State,76.0,299.0,5.07,21.0,28.0,108.0,7.44,4.5,,,,,,,,,,,,,,,,,,,,,,,,,,,,,,,,
2011,7,240,PHI,False,RB,RB,O,USC,23.0,2013.0,0,0,1,0.0,Stanley Havili,FB,USC,72.0,227.0,4.64,,,,,,RB,52.0,25.766666666666666,,,,,,,,,,81.0,509.0,6.3,3.0,116.0,1290.0,11.1,12.0,,,,,,,,,,,,
2011,7,241,OAK,False,WR,WR,O,USC,23.0,2014.0,0,0,0,1.0,,,,,,,,,,,,WR,46.0,23.2,,,,,,,,,,,,,,,,,,64.0,700.0,10.9,7.0,15.2,,,,,,,
2011,7,242,SEA,False,LB,LB,D,USC,22.0,2021.0,0,0,2,11.0,,,,,,,,,,,,LB,47.0,15.9,,,,,,,,,,,,,,,,,,,,,,,1.0,101.0,73.0,174.0,14.5,,
2011,7,243,NOR,False,LB,LB,D,Illinois,22.0,2011.0,0,0,0,0.0,,,,,,,,,,,,DB,25.0,3.4928571428571424,,,,,,,,,,,,,,,,,,,,,,,,,,,,0.0,2.0
2011,7,244,CAR,False,T,OL,O,Auburn,22.0,2011.0,0,0,0,1.0,Lee Ziemba,OT,Auburn,78.0,317.0,5.5,20.0,29.0,95.0,7.74,4.65,OL,13.0,17.4,,,,,,,,,,,,,,,,,,,,,,,,,,,,,
2011,7,248,CLE,False,DB,DB,D,Nebraska,21.0,2012.0,0,0,0,3.0,Eric Hagg,S,Nebraska,73.0,209.0,4.62,18.0,34.5,121.0,6.73,4.19,DB,48.0,19.138461538461534,,,,,,,,,,,,,,,,,,,,,,,,,,,,6.0,7.0
2011,7,249,ARI,False,WR,WR,O,San Diego St.,25.0,2011.0,0,0,0,0.0,DeMarco Sampson,WR,San Diego State,74.0,204.0,4.41,14.0,,,,,WR,48.0,,,,,,,,,,,,,,,,,,,146.0,2242.0,15.4,18.0,46.7,,,,,,,
2011,7,251,TEN,False,DB,DB,D,Pittsburgh,23.0,2014.0,0,0,0,4.0,,,,,,,,,,,,LB,11.0,,,,,,,,,,,,,,,,,,,,,,,,0.0,32.0,17.0,49.0,4.0,,
2011,7,252,DAL,False,G,OL,O,Wisconsin,23.0,2011.0,0,0,0,2.0,,,,,,,,,,,,,,,,,,,,,,,,,,,,,,,,,,,,,,,,,,,
2011,7,253,WAS,False,DT,DL,D,West Virginia,23.0,2013.0,0,0,0,2.0,Chris Neild,DT,West Virginia,74.0,319.0,5.06,30.0,29.0,106.0,7.56,4.46,DL,50.0,13.8,,,,,,,,,,,,,,,,,,,,,,,6.0,58.0,72.0,130.0,11.0,,
2012,1,1,IND,False,QB,QB,O,Stanford,22.0,2018.0,0,4,5,72.0,Andrew Luck,QB,Stanford,76.0,234.0,4.59,,36.0,124.0,6.8,4.28,QB,38.0,18.67608695652174,713.0,1064.0,67.0,9430.0,82.0,22.0,8.9,9.47,248.2,,,,,,,,,,,,,,,,,,,,
2012,1,2,WAS,False,QB,QB,O,Baylor,22.0,2020.0,0,1,3,31.0,Robert Griffin,QB,Baylor,74.0,223.0,4.33,,39.0,120.0,,,QB,41.0,4.428,800.0,1192.0,67.1,10366.0,78.0,17.0,8.7,9.36,252.8,,,,,,,,,,,,,,,,,,,,
2012,1,3,CLE,False,RB,RB,O,Alabama,22.0,2014.0,0,0,3,7.0,Trent Richardson,RB,Alabama,69.0,228.0,4.48,,,,,,RB,38.0,30.85,,,,,,,,,,540.0,3130.0,5.8,35.0,68.0,730.0,10.7,7.0,,,,,,,,,,,,
2012,1,4,MIN,False,T,OL,O,USC,23.0,2017.0,0,1,5,29.0,Matt Kalil,OT,USC,79.0,306.0,4.96,30.0,27.0,,7.33,4.65,OL,,,,,,,,,,,,,,,,,,,,,,,,,,,,,,,
2012,1,5,JAX,False,WR,WR,O,Oklahoma St.,22.0,2013.0,0,0,1,9.0,Justin Blackmon,WR,Oklahoma State,73.0,207.0,4.46,14.0,,,,,WR,38.0,25.7,,,,,,,,,,,,,,,,,,253.0,3564.0,14.1,40.0,93.8,,,,,,,
2012,1,6,DAL,False,DB,DB,D,LSU,22.0,2019.0,0,0,5,13.0,Morris Claiborne,CB,LSU,71.0,188.0,4.5,,34.5,118.0,7.01,4.12,DB,33.0,26.15,,,,,,,,,,,,,,,,,,,,,,,,,,,,11.0,9.0
2012,1,7,TAM,False,DB,DB,D,Alabama,22.0,2019.0,0,0,7,11.0,Mark Barron,S,Alabama,73.0,213.0,4.54,,,,,,DB,52.0,28.963636363636365,,,,,,,,,,,,,,,,,,,,,,,,,,,,12.0,11.0
2012,1,8,MIA,False,QB,QB,O,Texas A&M,24.0,2023.0,0,1,10,47.0,Ryan Tannehill,QB,Texas A&M,76.0,221.0,4.65,,,,,,QB,26.0,9.040579710144929,479.0,765.0,62.6,5382.0,42.0,21.0,7.0,6.9,207.0,,,,,,,,,,,,,,,,,,,,
2012,1,9,CAR,True,LB,LB,D,Boston Col.,21.0,2019.0,5,7,8,91.0,Luke Kuechly,ILB,Boston Col.,75.0,242.0,4.58,27.0,38.0,123.0,6.92,4.12,LB,38.0,7.281818181818181,,,,,,,,,,,,,,,,,,,,,,,2.5,299.0,233.0,532.0,35.5,,
2012,1,10,BUF,False,DB,DB,D,South Carolina,21.0,2024.0,2,5,12,18.0,Stephon Gilmore,CB,South Carolina,72.0,190.0,4.38,15.0,36.0,123.0,6.61,3.94,DB,40.0,17.475,,,,,,,,,,,,,,,,,,,,,,,,,,,,8.0,
2012,1,11,KAN,False,DT,DL,D,Memphis,22.0,2020.0,0,2,8,41.0,Dontari Poe,DT,Memphis,75.0,346.0,4.89,44.0,29.5,105.0,7.9,4.56,DL,35.0,,,,,,,,,,,,,,,,,,,,,,,,5.0,57.0,44.0,101.0,21.5,,
2012,1,12,PHI,False,DT,DL,D,Mississippi St.,21.0,2023.0,1,6,12,95.0,Fletcher Cox,DT,Mississippi State,76.0,298.0,4.77,30.0,26.0,103.0,7.07,4.53,DL,36.0,,,,,,,,,,,,,,,,,,,,,,,,7.5,53.0,61.0,114.0,24.5,,
2012,1,13,ARI,False,WR,WR,O,Notre Dame,22.0,2018.0,0,0,3,27.0,Michael Floyd,WR,Notre Dame,75.0,220.0,4.4,16.0,36.5,122.0,,,WR,43.0,14.175,,,,,,,,,,,,,,,,,,271.0,3686.0,13.6,37.0,85.7,,,,,,,
2012,1,14,STL,False,DT,DL,D,LSU,21.0,2022.0,0,0,10,53.0,Michael Brockers,DT,LSU,77.0,322.0,5.31,,26.5,105.0,7.46,4.81,DL,27.0,31.9,,,,,,,,,,,,,,,,,,,,,,,2.0,34.0,45.0,79.0,11.0,,
2012,1,15,SEA,False,DE,DL,D,West Virginia,24.0,2023.0,0,0,6,22.0,Bruce Irvin,OLB,West Virginia,75.0,245.0,4.41,23.0,33.5,123.0,6.7,4.03,DL,26.0,,,,,,,,,,,,,,,,,,,,,,,,22.5,45.0,16.0,61.0,29.0,,
2012,1,16,NYJ,False,DE,DL,D,North Carolina,22.0,2015.0,0,0,2,17.0,Quinton Coples,DE,North Carolina,78.0,284.0,4.69,25.0,31.5,109.0,7.57,4.78,DL,51.0,,,,,,,,,,,,,,,,,,,,,,,,24.0,80.0,64.0,144.0,40.5,,
2012,1,17,CIN,False,DB,DB,D,Alabama,22.0,2021.0,0,0,5,25.0,Dre Kirkpatrick,CB,Alabama,74.0,186.0,4.5,,35.0,120.0,,,DB,38.0,30.1,,,,,,,,,,,,,,,,,,,,,,,,,,,,3.0,16.0
2012,1,18,SDG,False,DE,DL,D,South Carolina,23.0,2023.0,0,3,6,52.0,Melvin Ingram,OLB,South Carolina,73.0,264.0,4.69,28.0,34.5,109.0,6.83,4.18,LB,50.0,18.6,,,,,,,,,,,,,,,,,,,,,,,21.5,72.0,39.0,111.0,30.5,,
2012,1,19,CHI,False,DE,DL,D,Boise St.,23.0,2016.0,0,0,3,13.0,Shea McClellin,OLB,Boise State,75.0,260.0,4.62,19.0,31.5,118.0,7.07,4.33,DL,49.0,23.1,,,,,,,,,,,,,,,,,,,,,,,20.5,64.0,66.0,130.0,33.0,,
2012,1,20,TEN,False,WR,WR,O,Baylor,22.0,2017.0,0,0,3,24.0,Kendall Wright,WR,Baylor,70.0,196.0,4.49,,38.5,121.0,6.93,4.18,TE,50.0,3.973493975903615,,,,,,,,,,,,,,,,,,302.0,4004.0,13.3,30.0,80.1,,,,,,,
2012,1,21,NWE,False,DE,DL,D,Syracuse,22.0,2022.0,2,4,10,25.0,Chandler Jones,DE,Syracuse,77.0,266.0,4.77,22.0,35.0,120.0,7.07,4.38,DL,32.0,-4.825675675675676,,,,,,,,,,,,,,,,,,,,,,,10.0,101.0,46.0,147.0,27.0,,
2012,1,22,CLE,False,QB,QB,O,Oklahoma St.,28.0,2018.0,0,0,1,10.0,Brandon Weeden,QB,Oklahoma State,75.0,221.0,4.89,,,,,,QB,30.0,23.175,767.0,1103.0,69.5,9260.0,75.0,27.0,8.4,8.65,308.7,,,,,,,,,,,,,,,,,,,,
2012,1,23,DET,False,T,OL,O,Iowa,23.0,2023.0,0,0,10,27.0,Riley Reiff,OT,Iowa,78.0,313.0,5.16,23.0,26.5,98.0,7.87,4.75,OL,13.0,,,,,,,,,,,,,,,,,,,,,,,,,,,,,,
2012,1,24,PIT,False,G,OL,O,Stanford,22.0,2020.0,2,6,8,69.0,David DeCastro,OG,Stanford,77.0,316.0,5.32,34.0,29.5,98.0,7.3,4.56,OL,,,,,,,,,,,,,,,,,,,,,,,,,,,,,,,
2012,1,25,NWE,False,LB,LB,D,Alabama,22.0,2021.0,0,2,8,65.0,Dont'a Hightower,ILB,Alabama,74.0,265.0,4.62,,32.0,,,,LB,44.0,32.5,,,,,,,,,,,,,,,,,,,,,,,5.0,101.0,133.0,234.0,21.0,,
2012,1,26,HOU,False,DE,DL,D,Illinois,22.0,2021.0,0,0,8,49.0,Whitney Mercilus,DE,Illinois,76.0,261.0,4.68,27.0,32.0,118.0,7.17,4.53,DL,37.0,,,,,,,,,,,,,,,,,,,,,,,,18.0,40.0,41.0,81.0,29.0,,
2012,1,27,CIN,False,G,OL,O,Wisconsin,22.0,2025.0,0,1,13,29.0,Kevin Zeitler,OG,Wisconsin,76.0,314.0,5.32,32.0,29.0,101.0,7.77,4.61,OL,,,,,,,,,,,,,,,,,,,,,,,,,,,,,,,
2012,1,28,GNB,False,DE,DL,D,USC,22.0,2018.0,0,0,3,22.0,Nick Perry,DE,USC,75.0,271.0,4.55,35.0,38.5,124.0,7.25,4.66,DL,37.0,34.3,,,,,,,,,,,,,,,,,,,,,,,21.5,62.0,41.0,103.0,29.5,,
2012,1,29,MIN,False,DB,DB,D,Notre Dame,23.0,2025.0,1,6,12,72.0,Harrison Smith,S,Notre Dame,74.0,213.0,4.54,19.0,34.0,122.0,6.63,4.12,DB,51.0,-9.339130434782607,,,,,,,,,,,,,,,,,,,,,,,,,,,,7.0,20.0
2012,1,30,SFO,False,WR,WR,O,Illinois,22.0,2014.0,0,0,0,0.0,A.J. Jenkins,WR,Illinois,72.0,190.0,4.37,12.0,38.5,124.0,,,WR,46.0,1.6777777777777778,,,,,,,,,,,,,,,,,,167.0,2432.0,14.6,19.0,52.9,,,,,,,
2012,1,31,TAM,False,RB,RB,O,Boise St.,23.0,2018.0,1,2,7,35.0,Doug Martin,RB,Boise State,69.0,223.0,4.46,28.0,36.0,120.0,6.79,4.16,RB,52.0,22.11,,,,,,,,,,617.0,3431.0,5.6,43.0,67.0,715.0,10.7,4.0,,,,,,,,,,,,
2012,1,32,NYG,False,RB,RB,O,Virginia Tech,21.0,2013.0,0,0,0,5.0,David Wilson,RB,Virginia Tech,70.0,206.0,4.38,,41.0,132.0,7.09,4.12,RB,40.0,20.675,,,,,,,,,,462.0,2662.0,5.8,18.0,37.0,363.0,9.8,5.0,,,,,,,,,,,,
2012,2,33,STL,False,WR,WR,O,Appalachian St.,23.0,2018.0,0,0,0,10.0,Brian Quick,WR,Appalachian State,75.0,220.0,4.5,15.0,34.0,119.0,7.1,4.23,,,,,,,,,,,,,,,,,,,,,,,,,,,,,,,,
2012,2,34,IND,False,TE,TE,O,Stanford,23.0,2017.0,0,0,4,18.0,Coby Fleener,TE,Stanford,78.0,247.0,4.51,27.0,,,,,TE,51.0,16.633333333333333,,,,,,,,,,,,,,,,,,96.0,1543.0,16.1,18.0,30.3,,,,,,,
2012,2,35,BAL,False,LB,LB,D,Alabama,22.0,2017.0,0,0,3,24.0,Courtney Upshaw,DE,Alabama,74.0,272.0,4.74,22.0,,,,,LB,53.0,32.5,,,,,,,,,,,,,,,,,,,,,,,17.5,88.0,53.0,141.0,36.5,,
2012,2,36,DEN,False,DT,DL,D,Cincinnati,22.0,2020.0,0,0,9,45.0,Derek Wolfe,DT,Cincinnati,77.0,295.0,4.93,33.0,33.5,108.0,7.26,4.44,DL,44.0,,,,,,,,,,,,,,,,,,,,,,,,19.5,89.0,73.0,162.0,37.0,,
2012,2,37,CLE,False,T,OL,O,California,23.0,2020.0,1,0,8,18.0,Mitchell Schwartz,OT,California,77.0,318.0,5.38,23.0,26.5,89.0,7.86,4.87,,,,,,,,,,,,,,,,,,,,,,,,,,,,,,,,
2012,2,38,JAX,False,LB,LB,D,Clemson,23.0,2018.0,0,0,3,9.0,Andre Branch,DE,Clemson,76.0,259.0,4.67,19.0,32.5,120.0,7.19,4.25,DL,48.0,,,,,,,,,,,,,,,,,,,,,,,,17.5,89.0,90.0,179.0,34.0,,
2012,2,39,STL,False,DB,DB,D,North Alabama,23.0,2022.0,0,1,10,22.0,Janoris Jenkins,CB,Florida,70.0,193.0,4.41,,33.5,121.0,6.95,4.13,DB,40.0,23.294117647058822,,,,,,,,,,,,,,,,,,,,,,,,,,,,8.0,
2012,2,40,CAR,False,G,OL,O,Midwestern St.,23.0,2018.0,0,0,1,18.0,Amini Silatolu,OG,Midwestern State,76.0,311.0,5.33,28.0,31.5,107.0,7.95,4.87,,,,,,,,,,,,,,,,,,,,,,,,,,,,,,,,
2012,2,41,BUF,False,G,OL,O,Georgia,22.0,2019.0,0,0,6,31.0,Cordy Glenn,OT,Georgia,78.0,345.0,5.08,31.0,23.5,93.0,8.13,5.0,OL,26.0,,,,,,,,,,,,,,,,,,,,,,,,,,,,,,
2012,2,42,MIA,False,T,OL,O,Stanford,22.0,2014.0,0,0,2,10.0,Jonathan Martin,OT,Stanford,77.0,312.0,5.27,,,,,,,,,,,,,,,,,,,,,,,,,,,,,,,,,,,,,
2012,2,43,NYJ,False,WR,WR,O,Georgia Tech,21.0,2013.0,0,0,2,4.0,Stephen Hill,WR,Georgia Tech,76.0,215.0,4.36,14.0,39.5,133.0,6.88,4.48,WR,38.0,5.785714285714286,,,,,,,,,,,,,,,,,,49.0,1248.0,25.5,9.0,32.8,,,,,,,
2012,2,44,KAN,False,T,OL,O,Illinois,22.0,2019.0,0,0,4,19.0,Jeff Allen,OT,Illinois,76.0,307.0,5.17,26.0,27.5,102.0,8.01,4.9,OL,25.0,8.6,,,,,,,,,,,,,,,,,,,,,,,,,,,,,
2012,2,45,CHI,False,WR,WR,O,South Carolina,22.0,2020.0,0,1,8,33.0,Alshon Jeffery,WR,South Carolina,75.0,216.0,4.48,,,,,,WR,40.0,16.675,,,,,,,,,,,,,,,,,,183.0,3042.0,16.6,23.0,76.1,,,,,,,
2012,2,46,PHI,False,LB,LB,D,California,21.0,2020.0,0,0,7,32.0,Mychal Kendricks,ILB,California,71.0,239.0,4.44,24.0,39.5,127.0,,4.19,LB,51.0,12.047058823529412,,,,,,,,,,,,,,,,,,,,,,,13.5,155.0,104.0,259.0,36.5,,
2012,2,47,SEA,False,LB,LB,D,Utah St.,22.0,2025.0,6,10,13,112.0,,,,,,,,,,,,LB,48.0,-11.569230769230767,,,,,,,,,,,,,,,,,,,,,,,4.5,200.0,245.0,445.0,28.5,,
2012,2,48,NWE,False,DB,DB,D,Illinois,22.0,2021.0,0,0,2,5.0,,,,,,,,,,,,DB,50.0,3.233333333333333,,,,,,,,,,,,,,,,,,,,,,,,,,,,3.0,1.0
2012,2,49,SDG,False,DT,DL,D,Connecticut,22.0,2016.0,0,0,3,22.0,Kendall Reyes,DT,Connecticut,76.0,299.0,4.82,36.0,34.5,113.0,7.43,4.53,DL,49.0,-3.6,,,,,,,,,,,,,,,,,,,,,,,11.5,78.0,64.0,142.0,32.5,,
2012,2,50,STL,False,RB,RB,O,Cincinnati,22.0,2016.0,0,0,0,1.0,Isaiah Pead,RB,Cincinnati,70.0,197.0,4.39,,33.0,116.0,6.95,4.32,RB,44.0,10.77777777777778,,,,,,,,,,545.0,3288.0,6.0,27.0,87.0,721.0,8.3,6.0,,,,,,,,,,,,
2012,2,51,GNB,False,DT,DL,D,Michigan St.,22.0,2018.0,0,0,0,3.0,Jerel Worthy,DT,Michigan State,74.0,308.0,5.0,,28.5,107.0,7.6,4.56,DL,40.0,,,,,,,,,,,,,,,,,,,,,,,,12.0,52.0,55.0,107.0,27.5,,
2012,2,52,TEN,False,LB,LB,D,North Carolina,22.0,2019.0,0,1,5,16.0,Zach Brown,OLB,North Carolina,73.0,244.0,4.44,,33.5,116.0,,,LB,47.0,9.761403508771927,,,,,,,,,,,,,,,,,,,,,,,5.5,143.0,87.0,230.0,19.0,,
2012,2,53,CIN,False,DT,DL,D,Penn St.,23.0,2016.0,0,0,0,3.0,Devon Still,DT,Penn State,77.0,303.0,5.01,26.0,29.5,,,,DL,39.0,,,,,,,,,,,,,,,,,,,,,,,,10.5,55.0,58.0,113.0,32.5,,
2012,2,54,DET,False,WR,WR,O,Oklahoma,24.0,2014.0,0,0,0,3.0,Ryan Broyles,WR,Oklahoma,70.0,192.0,4.57,21.0,,,,,WR,48.0,26.279166666666665,,,,,,,,,,,,,,,,,,349.0,4586.0,13.1,45.0,95.5,,,,,,,
2012,2,55,ATL,False,C,OL,O,Wisconsin,23.0,2014.0,0,0,2,16.0,Peter Konz,C,Wisconsin,77.0,314.0,5.16,18.0,,,,,,,,,,,,,,,,,,,,,,,,,,,,,,,,,,,,
2012,2,56,PIT,False,T,OL,O,Ohio St.,22.0,2016.0,0,0,1,11.0,Mike Adams,OT,Ohio State,79.0,323.0,5.28,19.0,28.5,100.0,7.94,4.95,,,,,,,,,,,,,,,,,,,,,,,,,,,,,,,,
2012,2,57,DEN,False,QB,QB,O,Arizona St.,21.0,2018.0,0,0,1,7.0,Brock Osweiler,QB,Arizona State,79.0,242.0,4.83,,,,,,QB,25.0,10.9,412.0,680.0,60.6,5082.0,33.0,15.0,7.5,7.45,203.3,,,,,,,,,,,,,,,,,,,,
2012,2,58,TAM,False,LB,LB,D,Nebraska,22.0,2025.0,1,1,13,93.0,Lavonte David,OLB,Nebraska,73.0,233.0,4.57,19.0,36.5,119.0,7.28,4.22,LB,27.0,14.5,,,,,,,,,,,,,,,,,,,,,,,11.5,150.0,135.0,285.0,24.5,,
2012,2,59,PHI,False,DE,DL,D,Marshall,24.0,2022.0,0,0,1,19.0,Vinny Curry,DE,Marshall,75.0,266.0,4.87,,32.0,110.0,6.9,4.4,DL,45.0,,,,,,,,,,,,,,,,,,,,,,,,26.5,111.0,128.0,239.0,49.0,,
2012,2,60,BAL,False,T,OL,O,Iowa St.,23.0,2020.0,1,2,6,20.0,Kelechi Osemele,OT,Iowa State,77.0,333.0,5.22,32.0,26.5,104.0,7.91,4.87,,,,,,,,,,,,,,,,,,,,,,,,,,,,,,,,
2012,2,61,SFO,False,RB,RB,O,Oregon,22.0,2015.0,0,0,0,2.0,LaMichael James,RB,Oregon,68.0,194.0,4.35,15.0,35.0,123.0,6.88,4.12,RB,37.0,,,,,,,,,,,771.0,5082.0,6.6,53.0,51.0,586.0,11.5,4.0,,,,,,,,,,,,
2012,2,62,GNB,False,DB,DB,D,Vanderbilt,22.0,2022.0,0,2,7,7.0,Casey Hayward,CB,Vanderbilt,71.0,192.0,4.47,19.0,34.0,119.0,6.76,3.9,DB,50.0,3.4037037037037035,,,,,,,,,,,,,,,,,,,,,,,,,,,,15.0,3.0
2012,2,63,NYG,False,WR,WR,O,LSU,21.0,2015.0,0,0,2,21.0,Rueben Randle,WR,LSU,75.0,210.0,4.55,15.0,31.0,121.0,6.99,4.36,WR,40.0,25.52,,,,,,,,,,,,,,,,,,97.0,1634.0,16.8,13.0,40.9,,,,,,,
2012,2,64,IND,False,TE,TE,O,Clemson,22.0,2018.0,0,0,4,11.0,Dwayne Allen,TE,Clemson,75.0,255.0,4.85,27.0,32.0,110.0,7.12,4.37,TE,41.0,11.433333333333334,,,,,,,,,,,,,,,,,,93.0,1079.0,11.6,12.0,26.3,,,,,,,
2012,3,65,STL,False,DB,DB,D,Montana,22.0,2019.0,0,0,5,24.0,Trumaine Johnson,CB,Montana,74.0,204.0,4.5,19.0,35.5,122.0,7.2,4.15,,,,,,,,,,,,,,,,,,,,,,,,,,,,,,,,
2012,3,66,MIN,False,DB,DB,D,Central Florida,21.0,2019.0,0,0,1,9.0,Josh Robinson,CB,Central Florida,70.0,199.0,4.29,17.0,38.5,133.0,6.55,3.97,DB,38.0,8.871929824561404,,,,,,,,,,,,,,,,,,,,,,,,,,,,10.0,
2012,3,67,DEN,False,RB,RB,O,San Diego St.,20.0,2016.0,0,0,1,15.0,Ronnie Hillman,RB,San Diego State,69.0,200.0,4.42,17.0,37.0,,,,RB,26.0,3.7,,,,,,,,,,573.0,3243.0,5.7,36.0,33.0,338.0,10.2,2.0,,,,,,,,,,,,
2012,3,68,HOU,False,WR,WR,O,Ohio St.,22.0,2014.0,0,0,0,2.0,DeVier Posey,WR,Ohio State,74.0,211.0,4.39,14.0,36.5,123.0,7.03,4.15,WR,42.0,,,,,,,,,,,,,,,,,,,136.0,1955.0,14.4,18.0,46.5,,,,,,,
2012,3,69,BUF,False,WR,WR,O,North Carolina St.,23.0,2015.0,0,0,1,6.0,T.J. Graham,WR,North Carolina State,71.0,188.0,4.34,8.0,33.5,120.0,6.77,4.18,WR,46.0,-15.285714285714286,,,,,,,,,,,,,,,,,,99.0,1453.0,14.7,12.0,31.6,,,,,,,
2012,3,70,JAX,False,P,P,S,California,23.0,2025.0,0,2,2,11.0,Bryan Anger,P,California,76.0,208.0,4.86,,,,,,,,,,,,,,,,,,,,,,,,,,,,,,,,,,,,,
2012,3,71,WAS,False,G,OL,O,SMU,23.0,2018.0,0,0,1,8.0,Josh LeRibeus,OG,SMU,75.0,312.0,5.31,29.0,26.0,96.0,7.64,4.65,,,,,,,,,,,,,,,,,,,,,,,,,,,,,,,,
2012,3,72,MIA,False,LB,LB,D,Miami (FL),21.0,2020.0,0,1,8,20.0,Olivier Vernon,DE,Miami (FL),74.0,261.0,4.73,31.0,34.5,122.0,7.39,4.5,DL,30.0,,,,,,,,,,,,,,,,,,,,,,,,9.0,51.0,30.0,81.0,20.5,,
2012,3,73,SDG,False,DB,DB,D,LSU,22.0,2012.0,0,0,0,1.0,Brandon Taylor,S,LSU,71.0,209.0,4.52,,33.5,118.0,7.32,4.37,DB,49.0,27.45,,,,,,,,,,,,,,,,,,,,,,,,,,,,4.0,11.0
2012,3,74,KAN,False,T,OL,O,Oklahoma,23.0,2017.0,0,0,1,12.0,Donald Stephenson,OT,Oklahoma,77.0,312.0,4.94,19.0,35.5,114.0,7.52,4.78,OL,14.0,,,,,,,,,,,,,,,,,,,,,,,,,,,,,,
2012,3,75,SEA,False,QB,QB,O,Wisconsin,23.0,2025.0,0,10,12,125.0,Russell Wilson,QB,Wisconsin,71.0,204.0,4.53,,34.0,118.0,6.97,4.09,QB,50.0,10.87241379310345,907.0,1489.0,60.9,11720.0,109.0,30.0,7.9,8.43,234.4,,,,,,,,,,,,,,,,,,,,
2012,3,76,HOU,False,G,OL,O,Miami (OH),23.0,2021.0,0,3,7,15.0,,,,,,,,,,,,OL,21.0,-17.4,,,,,,,,,,,,,,,,,,,,,,,,,,,,,
2012,3,77,NYJ,False,LB,LB,D,Arkansas St.,23.0,2025.0,1,2,12,23.0,Demario Davis,OLB,Arkansas State,74.0,235.0,4.49,32.0,38.5,124.0,7.19,4.28,LB,48.0,-13.476470588235294,,,,,,,,,,,,,,,,,,,,,,,7.0,129.0,100.0,229.0,22.5,,
2012,3,78,MIA,False,TE,TE,O,Missouri,22.0,2013.0,0,0,0,0.0,Michael Egnew,TE,Missouri,77.0,252.0,4.52,21.0,36.0,131.0,7.03,4.32,WR,50.0,17.02,,,,,,,,,,,,,,,,,,147.0,1332.0,9.1,8.0,26.6,,,,,,,
2012,3,80,ARI,False,DB,DB,D,Oklahoma,23.0,2015.0,0,0,0,2.0,Jamell Fleming,CB,Oklahoma,71.0,206.0,4.43,23.0,34.0,125.0,6.71,3.97,DB,51.0,26.8,,,,,,,,,,,,,,,,,,,,,,,,,,,,7.0,
2012,3,81,DAL,False,DE,DL,D,Boise St.,22.0,2020.0,0,0,5,34.0,Tyrone Crawford,DE,Boise State,76.0,275.0,4.82,28.0,33.0,113.0,7.09,4.44,DL,25.0,,,,,,,,,,,,,,,,,,,,,,,,13.5,33.0,43.0,76.0,27.0,,
2012,3,82,TEN,False,DT,DL,D,Michigan,22.0,2015.0,0,0,0,6.0,Mike Martin,DT,Michigan,73.0,306.0,4.8,36.0,33.5,113.0,7.19,4.25,DL,49.0,-7.561111111111111,,,,,,,,,,,,,,,,,,,,,,,10.0,70.0,102.0,172.0,25.0,,
2012,3,83,CIN,False,WR,WR,O,Rutgers,23.0,2021.0,0,0,5,15.0,Mohamed Sanu,WR,Rutgers,73.0,211.0,4.62,19.0,36.0,126.0,6.88,4.22,WR,38.0,-2.823684210526315,,,,,,,,,,,,,,,,,,210.0,2263.0,10.8,12.0,59.6,,,,,,,
2012,3,84,BAL,False,RB,RB,O,Temple,21.0,2015.0,0,0,0,10.0,Bernard Pierce,RB,Temple,72.0,218.0,4.45,17.0,36.5,123.0,7.07,4.28,RB,34.0,-2.271428571428572,,,,,,,,,,663.0,3570.0,5.4,53.0,19.0,178.0,9.4,1.0,,,,,,,,,,,,
2012,3,85,DET,False,DB,DB,D,Louisiana,23.0,2015.0,0,0,0,3.0,Bill Bentley,CB,Colorado,70.0,182.0,4.42,13.0,31.5,114.0,6.99,4.5,,,,,,,,,,,,,,,,,,,,,,,,,,,,,,,,
2012,3,86,PIT,False,LB,LB,D,Miami (FL),22.0,2017.0,0,0,1,9.0,Sean Spence,OLB,Miami (FL),71.0,231.0,4.66,12.0,33.5,119.0,7.46,4.28,LB,47.0,10.9,,,,,,,,,,,,,,,,,,,,,,,10.5,169.0,148.0,317.0,46.0,,
2012,3,87,CLE,False,DT,DL,D,Cincinnati,24.0,2017.0,0,0,0,8.0,John Hughes,DT,Cincinnati,74.0,309.0,5.32,28.0,,,,,DL,50.0,,,,,,,,,,,,,,,,,,,,,,,,9.0,70.0,71.0,141.0,25.5,,
2012,3,88,PHI,False,QB,QB,O,Arizona,23.0,2022.0,0,1,3,24.0,Nick Foles,QB,Arizona,77.0,243.0,5.14,,30.5,112.0,,,QB,36.0,7.349056603773585,938.0,1404.0,66.8,10068.0,67.0,33.0,7.2,7.07,279.7,,,,,,,,,,,,,,,,,,,,
2012,3,89,NOR,False,DE,DL,D,Regina,22.0,2022.0,0,1,7,13.0,,,,,,,,,,,,,,,,,,,,,,,,,,,,,,,,,,,,,,,,,,,
2012,3,90,NWE,False,DE,DL,D,Arkansas,23.0,2013.0,0,0,0,0.0,Jake Bequette,DE,Arkansas,77.0,274.0,4.75,,34.0,113.0,6.9,4.07,DL,48.0,,,,,,,,,,,,,,,,,,,,,,,,23.5,63.0,63.0,126.0,31.0,,
2012,3,91,ATL,False,T,OL,O,Southern Miss,23.0,2014.0,0,0,1,10.0,Lamar Holmes,OT,Southern Miss,77.0,323.0,5.29,22.0,27.0,104.0,7.74,4.8,OL,14.0,,,,,,,,,,,,,,,,,,,,,,,,,,,,,,
2012,3,92,IND,False,WR,WR,O,Florida International,22.0,2022.0,0,4,8,71.0,T.Y. Hilton,WR,Florida International,69.0,183.0,4.34,,,,,,WR,50.0,-18.14269662921348,,,,,,,,,,,,,,,,,,229.0,3531.0,15.4,24.0,70.6,,,,,,,
2012,3,93,CIN,False,DT,DL,D,Clemson,22.0,2015.0,0,0,0,7.0,Brandon Thompson,DT,Clemson,74.0,314.0,5.2,35.0,31.0,100.0,7.97,4.71,DL,53.0,,,,,,,,,,,,,,,,,,,,,,,,4.5,59.0,70.0,129.0,19.5,,
2012,3,94,NYG,False,DB,DB,D,Virginia Tech,21.0,2015.0,0,0,0,8.0,Jayron Hosley,CB,Virginia Tech,70.0,178.0,4.38,11.0,,,,,DB,39.0,19.73939393939394,,,,,,,,,,,,,,,,,,,,,,,,,,,,12.0,
2012,3,95,OAK,False,T,OL,O,Utah,26.0,2020.0,0,0,0,3.0,Tony Bergstrom,OT,Utah,77.0,313.0,5.19,32.0,29.5,101.0,7.95,4.84,OL,10.0,,,,,,,,,,,,,,,,,,,,,,,,,,,,,,
2012,3,96,STL,False,WR,WR,O,Wake Forest,22.0,2015.0,0,0,2,11.0,Chris Givens,WR,Wake Forest,71.0,198.0,4.35,19.0,33.5,118.0,6.97,4.23,WR,36.0,-7.577310924369748,,,,,,,,,,,,,,,,,,163.0,2473.0,15.2,21.0,68.7,,,,,,,
2012,4,97,MIA,False,RB,RB,O,Miami (FL),21.0,2020.0,0,1,6,22.0,Lamar Miller,RB,Miami (FL),71.0,212.0,4.34,,33.0,,,,RB,23.0,19.37142857142857,,,,,,,,,,335.0,1918.0,5.7,15.0,28.0,181.0,6.5,1.0,,,,,,,,,,,,
2012,4,98,BAL,False,G,OL,O,Delaware,23.0,2018.0,0,0,1,9.0,,,,,,,,,,,,,,,,,,,,,,,,,,,,,,,,,,,,,,,,,,,
2012,4,99,HOU,False,C,OL,O,Georgia,23.0,2022.0,0,1,10,16.0,Ben Jones,C,Georgia,75.0,303.0,5.35,29.0,30.5,105.0,7.95,4.74,OL,13.0,,,,,,,,,,,,,,,,,,,,,,,,,,,,,,
2012,4,100,CLE,False,WR,WR,O,Miami (FL),22.0,2021.0,0,0,2,13.0,Travis Benjamin,WR,Miami (FL),70.0,172.0,4.31,14.0,38.0,119.0,,,WR,49.0,18.290243902439023,,,,,,,,,,,,,,,,,,131.0,2146.0,16.4,13.0,43.8,,,,,,,
2012,4,101,DEN,False,DB,DB,D,Arizona St.,23.0,2015.0,0,0,0,5.0,Omar Bolden,CB,Arizona State,70.0,202.0,4.51,24.0,,,,,DB,41.0,11.038709677419355,,,,,,,,,,,,,,,,,,,,,,,,,,,,7.0,7.0
2012,4,102,WAS,False,QB,QB,O,Michigan St.,24.0,2025.0,0,4,9,34.0,Kirk Cousins,QB,Michigan State,75.0,214.0,4.84,,28.5,109.0,7.05,4.5,QB,45.0,11.983018867924528,723.0,1128.0,64.1,9131.0,66.0,30.0,8.1,8.07,202.9,,,,,,,,,,,,,,,,,,,,
2012,4,103,CAR,False,DE,DL,D,Oklahoma,22.0,2014.0,0,0,0,6.0,Frank Alexander,DE,Oklahoma,76.0,270.0,4.8,,,,,,DL,48.0,30.1,,,,,,,,,,,,,,,,,,,,,,,20.5,83.0,59.0,142.0,44.0,,
2012,4,104,CAR,False,WR,WR,O,Arkansas,22.0,2012.0,0,0,0,0.0,Joe Adams,WR,Arkansas,71.0,179.0,4.51,,36.0,123.0,7.09,,WR,47.0,17.605555555555558,,,,,,,,,,,,,,,,,,164.0,2410.0,14.7,17.0,51.3,,,,,,,
2012,4,105,BUF,False,LB,LB,D,Florida St.,23.0,2020.0,0,0,7,16.0,Nigel Bradham,OLB,Florida State,74.0,241.0,4.56,24.0,37.0,121.0,7.18,4.37,LB,53.0,15.756521739130434,,,,,,,,,,,,,,,,,,,,,,,9.0,188.0,117.0,305.0,21.5,,
2012,4,106,SEA,False,RB,RB,O,Utah St.,22.0,2019.0,0,0,0,12.0,Robert Turbin,RB,Utah State,70.0,222.0,4.42,28.0,36.0,122.0,7.16,4.31,RB,38.0,-13.228571428571428,,,,,,,,,,565.0,3315.0,5.9,40.0,67.0,845.0,12.6,11.0,,,,,,,,,,,,
2012,4,107,KAN,False,WR,WR,O,Fresno St.,24.0,2013.0,0,0,0,0.0,Devon Wylie,WR,Fresno State,69.0,187.0,4.36,17.0,39.0,123.0,,,WR,43.0,0.1538461538461538,,,,,,,,,,,,,,,,,,98.0,1327.0,13.5,8.0,30.9,,,,,,,
2012,4,110,SDG,False,TE,TE,O,Louisiana,22.0,2016.0,0,0,2,9.0,Ladarius Green,TE,Louisiana-Lafayette,78.0,238.0,4.45,16.0,34.5,124.0,7.12,4.47,,,,,,,,,,,,,,,,,,,,,,,,,,,,,,,,
2012,4,111,CHI,False,TE,TE,O,Temple,23.0,2014.0,0,0,0,0.0,Evan Rodriguez,FB,Temple,73.0,239.0,4.53,18.0,36.0,119.0,6.94,4.28,TE,37.0,-2.6750000000000003,,,,,,,,,,,,,,,,,,69.0,871.0,12.6,7.0,23.5,,,,,,,
2012,4,112,ARI,False,T,OL,O,Mississippi,23.0,2021.0,0,0,9,19.0,Bobby Massie,OT,Mississippi,78.0,316.0,5.18,22.0,27.5,103.0,7.7,4.95,OL,12.0,,,,,,,,,,,,,,,,,,,,,,,,,,,,,,
2012,4,113,DAL,False,LB,LB,D,Wake Forest,23.0,2021.0,0,0,1,11.0,Kyle Wilber,OLB,Wake Forest,76.0,249.0,4.73,25.0,33.5,117.0,7.11,4.31,DL,43.0,,,,,,,,,,,,,,,,,,,,,,,,13.5,117.0,78.0,195.0,35.5,,
2012,4,114,SEA,False,DT,DL,D,Florida,23.0,2016.0,0,0,2,0.0,Jaye Howard,DT,Florida,75.0,301.0,4.78,24.0,27.5,106.0,7.32,4.47,DL,45.0,,,,,,,,,,,,,,,,,,,,,,,,11.0,80.0,51.0,131.0,25.5,,
2012,4,115,TEN,False,DB,DB,D,Clemson,23.0,2019.0,0,0,2,12.0,Coty Sensabaugh,CB,Clemson,71.0,189.0,4.33,15.0,37.0,122.0,6.6,4.06,DB,52.0,11.775,,,,,,,,,,,,,,,,,,,,,,,,,,,,4.0,14.0
2012,4,116,CIN,False,TE,TE,O,Georgia,21.0,2018.0,0,0,0,1.0,Orson Charles,TE,Georgia,74.0,251.0,4.73,35.0,,,,,TE,40.0,21.775,,,,,,,,,,,,,,,,,,94.0,1370.0,14.6,10.0,34.3,,,,,,,
2012,4,117,SFO,False,G,OL,O,Wake Forest,22.0,2020.0,0,0,2,3.0,Joe Looney,OG,Wake Forest,75.0,309.0,5.02,26.0,,,,,OL,23.0,,,,,,,,,,,,,,,,,,,,,,,,,,,,,,
2012,4,118,MIN,False,WR,WR,O,Arkansas,22.0,2019.0,0,0,1,19.0,Jarius Wright,WR,Arkansas,70.0,182.0,4.39,11.0,38.0,120.0,6.93,4.03,WR,50.0,16.6625,,,,,,,,,,,,,,,,,,168.0,2934.0,17.5,24.0,58.7,,,,,,,
2012,4,119,WAS,False,LB,LB,D,Texas,23.0,2017.0,0,0,2,13.0,Keenan Robinson,ILB,Texas,75.0,242.0,4.72,27.0,35.5,120.0,,,LB,51.0,10.6,,,,,,,,,,,,,,,,,,,,,,,5.5,167.0,108.0,275.0,20.5,,
2012,4,120,CLE,False,LB,LB,D,Nevada,23.0,2015.0,0,0,2,4.0,James-Michael Johnson,ILB,Nevada,73.0,241.0,4.6,23.0,37.0,124.0,7.34,4.37,LB,54.0,0.0499999999999999,,,,,,,,,,,,,,,,,,,,,,,7.5,169.0,126.0,295.0,37.5,,
2012,4,121,HOU,False,WR,WR,O,Michigan St.,22.0,2016.0,0,0,1,4.0,Keshawn Martin,WR,Michigan State,71.0,188.0,4.42,13.0,39.5,122.0,6.85,4.13,WR,48.0,12.602912621359222,,,,,,,,,,,,,,,,,,127.0,1714.0,13.5,10.0,35.7,,,,,,,
2012,4,122,NOR,False,WR,WR,O,Wisconsin,23.0,2015.0,0,0,0,3.0,Nick Toon,WR,Wisconsin,74.0,215.0,4.49,18.0,37.5,,,,WR,47.0,19.071428571428573,,,,,,,,,,,,,,,,,,171.0,2447.0,14.3,18.0,52.1,,,,,,,
2012,4,123,PHI,False,DB,DB,D,Georgia,22.0,2015.0,0,0,0,7.0,Brandon Boykin,CB,Georgia,69.0,182.0,4.44,,,,,,DB,53.0,21.935714285714283,,,,,,,,,,,,,,,,,,,,,,,,,,,,9.0,
2012,4,124,BUF,False,DB,DB,D,LSU,23.0,2016.0,0,0,0,4.0,Ron Brooks,CB,LSU,70.0,190.0,4.37,12.0,38.0,120.0,,,DB,53.0,25.465217391304343,,,,,,,,,,,,,,,,,,,,,,,,,,,,3.0,9.0
2012,4,125,DET,False,LB,LB,D,Oklahoma,21.0,2012.0,0,0,0,1.0,Ronnell Lewis,OLB,Oklahoma,74.0,253.0,4.65,36.0,31.0,112.0,7.09,4.4,LB,34.0,26.8,,,,,,,,,,,,,,,,,,,,,,,10.0,67.0,51.0,118.0,20.5,,
2012,4,126,HOU,False,DE,DL,D,Nebraska,23.0,2016.0,0,0,3,21.0,Jared Crick,DE,Nebraska,76.0,279.0,4.91,,31.0,104.0,7.47,4.4,DL,40.0,,,,,,,,,,,,,,,,,,,,,,,,20.0,75.0,92.0,167.0,29.5,,
2012,4,127,NYG,False,TE,TE,O,Cincinnati,23.0,2014.0,0,0,0,0.0,,,,,,,,,,,,WR,39.0,10.525,,,,,,,,,,,,,,,,,,29.0,434.0,15.0,5.0,11.1,,,,,,,
2012,4,128,MIN,False,RB,RB,O,USC,23.0,2019.0,0,0,4,4.0,Rhett Ellison,TE,USC,77.0,251.0,4.78,,31.5,109.0,,,TE,47.0,23.64,,,,,,,,,,,,,,,,,,53.0,471.0,8.9,6.0,10.0,,,,,,,
2012,5,129,OAK,False,LB,LB,D,San Diego St.,24.0,2014.0,0,0,2,14.0,Miles Burris,OLB,San Diego State,74.0,246.0,4.67,31.0,37.5,121.0,,,LB,50.0,,,,,,,,,,,,,,,,,,,,,,,,19.0,141.0,94.0,235.0,47.0,,
2012,5,130,BAL,False,DB,DB,D,South Carolina St.,22.0,2012.0,0,0,0,0.0,Christian Thompson,S,South Carolina State,72.0,211.0,4.42,18.0,31.5,122.0,7.33,4.13,,,,,,,,,,,,,,,,,,,,,,,,,,,,,,,,
2012,5,131,NYG,False,T,OL,O,Auburn,23.0,2014.0,0,0,0,2.0,Brandon Mosley,OT,Auburn,78.0,314.0,5.14,30.0,27.0,103.0,7.43,4.78,OL,27.0,,,,,,,,,,,,,,,,,,,,,,,,,,,,,,
2012,5,132,GNB,False,DT,DL,D,Iowa,23.0,2021.0,0,1,6,36.0,Mike Daniels,DT,Iowa,72.0,291.0,4.84,,,,,,DL,47.0,17.3,,,,,,,,,,,,,,,,,,,,,,,15.5,54.0,69.0,123.0,27.0,,
2012,5,133,GNB,False,DB,DB,D,Maine,23.0,2013.0,0,0,0,2.0,Jerron McMillian,S,Maine,71.0,203.0,4.47,17.0,36.5,120.0,6.69,4.22,,,,,,,,,,,,,,,,,,,,,,,,,,,,,,,,
2012,5,136,IND,False,NT,DL,D,Alabama,23.0,2014.0,0,0,1,7.0,Josh Chapman,DT,Alabama,73.0,316.0,5.02,,,,,,DL,49.0,,,,,,,,,,,,,,,,,,,,,,,,2.5,44.0,44.0,88.0,13.5,,
2012,5,137,DEN,False,DT,DL,D,Tennessee,22.0,2021.0,0,1,5,14.0,Malik Jackson,DE,Tennessee,77.0,284.0,4.85,25.0,28.0,105.0,7.38,4.41,DL,25.0,-10.317241379310344,,,,,,,,,,,,,,,,,,,,,,,7.5,52.0,52.0,104.0,22.0,,
2012,5,138,DET,False,LB,LB,D,Temple,22.0,2021.0,0,0,7,26.0,Tahir Whitehead,OLB,Temple,73.0,233.0,4.62,21.0,37.0,124.0,7.14,4.37,LB,25.0,-5.2,,,,,,,,,,,,,,,,,,,,,,,7.0,80.0,46.0,126.0,21.0,,
2012,5,139,MIN,False,DB,DB,D,Notre Dame,23.0,2017.0,0,0,1,9.0,Robert Blanton,CB,Notre Dame,73.0,208.0,4.66,12.0,34.0,116.0,6.71,3.97,DB,50.0,13.738095238095235,,,,,,,,,,,,,,,,,,,,,,,,,,,,8.0,10.0
2012,5,140,TAM,False,LB,LB,D,West Virginia,23.0,2019.0,0,0,0,0.0,Najee Goode,ILB,West Virginia,72.0,244.0,4.55,,35.5,117.0,,,LB,52.0,11.5,,,,,,,,,,,,,,,,,,,,,,,8.0,80.0,77.0,157.0,22.5,,
2012,5,141,WAS,False,G,OL,O,Iowa,23.0,2016.0,0,0,0,1.0,Adam Gettis,OG,Iowa,74.0,293.0,4.9,,31.5,112.0,7.99,4.65,,,,,,,,,,,,,,,,,,,,,,,,,,,,,,,,
2012,5,142,JAX,False,LB,LB,D,Nevada,22.0,2018.0,0,0,4,0.0,Brandon Marshall,OLB,Nevada,73.0,242.0,4.72,28.0,30.5,108.0,7.05,4.09,LB,52.0,5.8500000000000005,,,,,,,,,,,,,,,,,,,,,,,6.0,147.0,112.0,259.0,33.5,,
2012,5,143,CAR,False,DB,DB,D,Coastal Carolina,24.0,2023.0,1,1,8,22.0,Josh Norman,CB,Coastal Carolina,72.0,197.0,4.61,14.0,33.0,124.0,7.09,4.23,,,,,,,,,,,,,,,,,,,,,,,,,,,,,,,,
2012,5,145,TEN,False,TE,TE,O,SMU,22.0,2014.0,0,0,0,0.0,,,,,,,,,,,,DL,50.0,-6.6,,,,,,,,,,,,,,,,,,,,,,,18.0,74.0,65.0,139.0,22.5,,
2012,5,148,DET,False,DB,DB,D,Albion,23.0,2013.0,0,0,0,0.0,,,,,,,,,,,,,,,,,,,,,,,,,,,,,,,,,,,,,,,,,,,
2012,5,149,SDG,False,G,OL,O,Penn St.,24.0,2014.0,0,0,2,14.0,Johnnie Troutman,OG,Penn State,76.0,325.0,5.52,31.0,27.5,,7.96,5.0,OL,13.0,,,,,,,,,,,,,,,,,,,,,,,,,,,,,,
2012,5,150,STL,False,G,OL,O,South Carolina,23.0,2013.0,0,0,0,0.0,Rokevious Watkins,OG,South Carolina,76.0,338.0,5.29,,27.0,102.0,7.87,4.9,,,,,,,,,,,,,,,,,,,,,,,,,,,,,,,,
2012,5,151,ARI,False,G,OL,O,Washington,22.0,2021.0,0,0,1,0.0,Senio Kelemete,OG,Washington,76.0,307.0,5.39,21.0,25.0,101.0,7.77,4.58,DL,8.0,,,,,,,,,,,,,,,,,,,,,,,,0.0,4.0,0.0,4.0,0.0,,
2012,5,153,PHI,False,T,OL,O,Purdue,22.0,2023.0,0,0,1,6.0,,,,,,,,,,,,OL,13.0,,,,,,,,,,,,,,,,,,,,,,,,,,,,,,
2012,5,155,MIA,False,LB,LB,D,Oregon,22.0,2014.0,0,0,0,0.0,Josh Kaddu,OLB,Oregon,75.0,239.0,4.67,20.0,34.0,119.0,,,LB,40.0,,,,,,,,,,,,,,,,,,,,,,,,10.0,68.0,40.0,108.0,20.0,,
2012,5,157,ATL,False,RB,RB,O,Wisconsin,22.0,2013.0,0,0,0,0.0,Bradie Ewing,FB,Wisconsin,72.0,239.0,4.73,14.0,36.5,120.0,7.14,4.16,RB,52.0,21.27142857142857,,,,,,,,,,7.0,33.0,4.7,2.0,28.0,328.0,11.7,2.0,,,,,,,,,,,,
2012,5,158,OAK,False,DE,DL,D,Penn St.,24.0,2020.0,0,0,3,1.0,Jack Crawford,DE,Penn State,77.0,274.0,4.74,,33.0,116.0,7.15,4.25,DL,36.0,,,,,,,,,,,,,,,,,,,,,,,,14.0,35.0,50.0,85.0,26.5,,
2012,5,159,PIT,False,RB,RB,O,Florida,24.0,2013.0,0,0,0,1.0,Chris Rainey,RB,Florida,68.0,180.0,4.36,16.0,36.5,120.0,6.5,3.93,RB,45.0,23.3125,,,,,,,,,,345.0,2098.0,6.1,11.0,44.0,579.0,13.2,3.0,,,,,,,,,,,,
2012,5,160,CLE,False,G,OL,O,Colorado,23.0,2012.0,0,0,0,1.0,Ryan Miller,OG,Colorado,79.0,321.0,5.16,32.0,28.0,100.0,7.72,4.78,OL,12.0,1.3,,,,,,,,,,,,,,,,,,,,,,,,,,,,,
2012,6,161,HOU,False,K,K,S,Texas A&M,22.0,2023.0,0,0,1,3.0,Randy Bullock,K,Texas A&M,69.0,205.0,,,,,,,,,,,,,,,,,,,,,,,,,,,,,,,,,,,,,,
2012,6,162,NOR,False,DB,DB,D,Samford,22.0,2016.0,0,0,1,10.0,Corey White,S,Samford,71.0,206.0,4.53,15.0,37.5,126.0,6.72,4.22,,,,,,,,,,,,,,,,,,,,,,,,,,,,,,,,
2012,6,163,GNB,False,LB,LB,D,North Carolina St.,22.0,2014.0,0,0,0,0.0,Terrell Manning,OLB,North Carolina State,74.0,237.0,4.71,22.0,32.5,114.0,7.18,4.43,LB,36.0,-1.1,,,,,,,,,,,,,,,,,,,,,,,10.0,112.0,81.0,193.0,27.5,,
2012,6,164,ATL,False,DE,DL,D,Troy,24.0,2014.0,0,0,0,6.0,Jonathan Massaquoi,OLB,Troy,74.0,264.0,4.81,20.0,33.5,120.0,7.38,4.53,DL,25.0,,,,,,,,,,,,,,,,,,,,,,,,19.5,81.0,47.0,128.0,31.0,,
2012,6,166,CIN,False,WR,WR,O,California,22.0,2023.0,0,0,8,15.0,Marvin Jones,WR,California,74.0,199.0,4.46,22.0,33.0,112.0,6.81,4.11,WR,43.0,,,,,,,,,,,,,,,,,,,156.0,2270.0,14.6,13.0,52.8,,,,,,,
2012,6,167,CIN,False,DB,DB,D,Boise St.,22.0,2020.0,0,0,4,27.0,George Iloka,S,Boise State,76.0,225.0,4.6,20.0,34.5,124.0,7.03,4.03,DB,53.0,22.03333333333333,,,,,,,,,,,,,,,,,,,,,,,,,,,,7.0,1.0
2012,6,168,OAK,False,WR,WR,O,Arizona,22.0,2013.0,0,0,0,1.0,Juron Criner,WR,Arizona,74.0,224.0,4.66,17.0,38.0,117.0,7.15,4.3,WR,50.0,6.6125,,,,,,,,,,,,,,,,,,209.0,2859.0,13.7,32.0,57.2,,,,,,,
2012,6,169,BAL,False,DB,DB,D,Cal Poly-San Luis Obispo,22.0,2017.0,0,0,0,2.0,Asa Jackson,CB,Cal Poly,70.0,191.0,4.48,19.0,34.5,118.0,6.97,4.03,,,,,,,,,,,,,,,,,,,,,,,,,,,,,,,,
2012,6,170,IND,False,RB,RB,O,Mississippi St.,22.0,2013.0,0,0,1,5.0,Vick Ballard,RB,Mississippi State,70.0,219.0,4.59,23.0,33.0,115.0,7.03,4.19,RB,25.0,9.3,,,,,,,,,,379.0,2157.0,5.7,29.0,30.0,293.0,9.8,2.0,,,,,,,,,,,,
2012,6,171,STL,False,K,K,S,Missouri Western St.,24.0,2024.0,1,1,2,20.0,,,,,,,,,,,,,,,,,,,,,,,,,,,,,,,,,,,,,,,,,,,
2012,6,172,SEA,False,DB,DB,D,Northwestern St. (LA),22.0,2017.0,0,0,1,10.0,,,,,,,,,,,,,,,,,,,,,,,,,,,,,,,,,,,,,,,,,,,
2012,6,173,WAS,False,RB,RB,O,Florida Atlantic,23.0,2020.0,0,2,4,28.0,Alfred Morris,RB,Florida Atlantic,70.0,219.0,4.63,16.0,35.5,117.0,7.01,4.19,RB,47.0,-22.622222222222224,,,,,,,,,,733.0,3529.0,4.8,27.0,30.0,300.0,10.0,4.0,,,,,,,,,,,,
2012,6,174,TAM,False,DB,DB,D,West Virginia,23.0,2018.0,0,0,0,8.0,,,,,,,,,,,,DB,45.0,15.6,,,,,,,,,,,,,,,,,,,,,,,,,,,,13.0,20.0
2012,6,175,MIN,False,K,K,S,Georgia,22.0,2017.0,1,1,0,13.0,Blair Walsh,K,Georgia,69.0,187.0,4.96,,,,,,,,,,,,,,,,,,,,,,,,,,,,,,,,,,,,,
2012,6,176,JAX,False,DB,DB,D,Florida St.,23.0,2014.0,0,0,0,5.0,Mike Harris,CB,Florida State,70.0,188.0,4.52,,36.0,117.0,6.81,4.07,DB,27.0,20.653846153846157,,,,,,,,,,,,,,,,,,,,,,,,,,,,5.0,
2012,6,177,ARI,False,DB,DB,D,Presbyterian,22.0,2023.0,0,3,0,16.0,Justin Bethel,S,Presbyterian,72.0,200.0,4.52,19.0,39.5,131.0,6.79,4.3,,,,,,,,,,,,,,,,,,,,,,,,,,,,,,,,
2012,6,178,BUF,False,G,OL,O,Oregon,26.0,2013.0,0,0,0,0.0,Mark Asper,OG,Oregon,78.0,319.0,5.32,23.0,,,,,OL,13.0,,,,,,,,,,,,,,,,,,,,,,,,,,,,,,
2012,6,180,SFO,False,DB,DB,D,Michigan St.,22.0,2015.0,0,0,1,0.0,,,,,,,,,,,,,,,,,,,,,,,,,,,,,,,,,,,,,,,,,,,
2012,6,181,SEA,False,DB,DB,D,Kentucky,22.0,2016.0,0,0,0,0.0,Winston Guy,S,Kentucky,73.0,218.0,4.62,,,,,,DB,51.0,,,,,,,,,,,,,,,,,,,,,,,,,,,,,5.0,3.0
2012,6,182,KAN,False,RB,RB,O,Texas A&M,22.0,2014.0,0,0,0,1.0,Cyrus Gray,RB,Texas A&M,70.0,206.0,4.4,21.0,32.5,114.0,7.17,,RB,49.0,12.478260869565217,,,,,,,,,,632.0,3298.0,5.2,30.0,103.0,776.0,7.5,6.0,,,,,,,,,,,,
2012,6,184,CHI,False,DB,DB,D,Nevada,22.0,2014.0,0,0,0,3.0,,,,,,,,,,,,DB,51.0,2.711764705882353,,,,,,,,,,,,,,,,,,,,,,,,,,,,7.0,27.0
2012,6,185,ARI,False,QB,QB,O,San Diego St.,23.0,2015.0,0,0,0,-4.0,Ryan Lindley,QB,San Diego State,76.0,229.0,4.86,,29.5,108.0,7.52,4.45,QB,49.0,-5.375,961.0,1732.0,55.5,12690.0,90.0,47.0,7.3,7.14,259.0,,,,,,,,,,,,,,,,,,,,
2012,6,186,DAL,False,TE,TE,O,Oklahoma,23.0,2017.0,0,0,4,3.0,James Hanna,TE,Oklahoma,76.0,252.0,4.43,24.0,36.0,122.0,6.76,4.11,TE,54.0,26.36,,,,,,,,,,,,,,,,,,52.0,720.0,13.8,9.0,13.3,,,,,,,
2012,6,187,NYJ,False,DB,DB,D,Wake Forest,23.0,2015.0,0,0,0,2.0,,,,,,,,,,,,DB,46.0,-0.1,,,,,,,,,,,,,,,,,,,,,,,,,,,,7.0,8.0
2012,6,188,DEN,False,LB,LB,D,Kentucky,22.0,2021.0,0,0,7,19.0,Danny Trevathan,OLB,Kentucky,72.0,237.0,4.84,18.0,31.5,111.0,,,LB,51.0,-3.2222222222222223,,,,,,,,,,,,,,,,,,,,,,,6.0,198.0,176.0,374.0,32.5,,
2012,6,189,OAK,False,DE,DL,D,Georgia St.,22.0,2014.0,0,0,0,1.0,,,,,,,,,,,,,,,,,,,,,,,,,,,,,,,,,,,,,,,,,,,
2012,6,191,CIN,False,RB,RB,O,Ohio St.,23.0,2015.0,0,0,0,0.0,Dan Herron,RB,Ohio State,70.0,213.0,4.57,22.0,35.0,117.0,6.97,4.04,RB,41.0,,,,,,,,,,,592.0,2869.0,4.8,32.0,44.0,309.0,7.0,1.0,,,,,,,,,,,,
2012,6,192,ATL,False,DB,DB,D,Mississippi St.,22.0,2012.0,0,0,0,1.0,Charles Mitchell,S,Mississippi State,71.0,202.0,4.56,19.0,37.0,127.0,6.93,4.22,DB,50.0,4.7,,,,,,,,,,,,,,,,,,,,,,,,,,,,4.0,5.0
2012,7,193,WAS,False,T,OL,O,South Dakota,23.0,2022.0,0,0,2,7.0,Tom Compton,OT,South Dakota,77.0,314.0,5.01,20.0,30.0,108.0,7.59,4.6,,,,,,,,,,,,,,,,,,,,,,,,,,,,,,,,
2012,7,194,PHI,False,WR,WR,O,Iowa,23.0,2013.0,0,0,0,0.0,Marvin McNutt,WR,Iowa,75.0,216.0,4.48,,37.0,122.0,7.15,4.07,WR,39.0,17.819117647058825,,,,,,,,,,,,,,,,,,169.0,2850.0,16.9,28.0,73.1,,,,,,,
2012,7,196,DET,False,DB,DB,D,New Mexico St.,23.0,2013.0,0,0,0,4.0,,,,,,,,,,,,DB,38.0,-18.7,,,,,,,,,,,,,,,,,,,,,,,,,,,,2.0,29.0
2012,7,197,NWE,False,DB,DB,D,Ohio St.,23.0,2021.0,0,0,0,11.0,,,,,,,,,,,,DB,36.0,,,,,,,,,,,,,,,,,,,,,,,,,,,,,0.0,
2012,7,205,CLE,False,DT,DL,D,Boise St.,23.0,2020.0,0,0,2,12.0,Billy Winn,DE,Boise State,76.0,294.0,4.86,24.0,27.0,107.0,7.37,4.44,DL,53.0,,,,,,,,,,,,,,,,,,,,,,,,16.0,64.0,69.0,133.0,36.5,,
2012,7,206,IND,False,WR,WR,O,Ohio,23.0,2013.0,0,0,0,3.0,LaVon Brazill,WR,Ohio,71.0,192.0,4.43,11.0,32.5,,,,WR,49.0,,,,,,,,,,,,,,,,,,,187.0,2515.0,13.4,18.0,51.3,,,,,,,
2012,7,207,CAR,False,P,P,S,Wisconsin,22.0,2017.0,0,0,0,7.0,Brad Nortman,P,Wisconsin,74.0,213.0,4.78,,,,,,,,,,,,,,,,,,,,,,,,,,,,,,,,,,,,,
2012,7,210,MIN,False,LB,LB,D,North Carolina St.,23.0,2016.0,0,0,0,7.0,Audie Cole,ILB,North Carolina State,76.0,246.0,4.76,15.0,35.0,114.0,6.96,4.29,LB,51.0,9.3,,,,,,,,,,,,,,,,,,,,,,,14.0,147.0,129.0,276.0,32.0,,
2012,7,211,TEN,False,DE,DL,D,Rice,23.0,2015.0,0,0,0,1.0,Scott Solomon,DE,Rice,75.0,262.0,4.88,34.0,35.0,124.0,7.17,4.25,DL,47.0,,,,,,,,,,,,,,,,,,,,,,,,24.0,130.0,77.0,207.0,43.5,,
2012,7,212,TAM,False,RB,RB,O,Utah St.,24.0,2012.0,0,0,0,0.0,,,,,,,,,,,,RB,28.0,2.453571428571429,,,,,,,,,,184.0,1313.0,7.1,15.0,38.0,424.0,11.2,4.0,,,,,,,,,,,,
2012,7,213,WAS,False,DB,DB,D,SMU,22.0,2012.0,0,0,0,1.0,,,,,,,,,,,,DB,27.0,-1.4500000000000002,,,,,,,,,,,,,,,,,,,,,,,,,,,,6.0,21.0
2012,7,215,MIA,False,DT,DL,D,Texas,23.0,2012.0,0,0,0,1.0,Kheeston Randall,DT,Texas,77.0,293.0,5.0,28.0,34.0,111.0,7.49,4.84,DL,46.0,,,,,,,,,,,,,,,,,,,,,,,,5.0,45.0,44.0,89.0,18.5,,
2012,7,216,CAR,False,DB,DB,D,California,23.0,2013.0,0,0,0,2.0,,,,,,,,,,,,DB,46.0,12.2,,,,,,,,,,,,,,,,,,,,,,,,,,,,2.0,7.0
2012,7,217,WAS,False,DB,DB,D,Iowa,23.0,2012.0,0,0,0,0.0,,,,,,,,,,,,DB,36.0,18.444444444444443,,,,,,,,,,,,,,,,,,,,,,,,,,,,1.0,2.0
2012,7,221,ARI,False,T,OL,O,Boise St.,24.0,2013.0,0,0,0,3.0,Nate Potter,OT,Boise State,78.0,303.0,5.26,22.0,28.5,100.0,7.49,4.67,OL,,,,,,,,,,,,,,,,,,,,,,,,,,,,,,,
2012,7,223,DET,False,LB,LB,D,Oklahoma,24.0,2015.0,0,0,0,4.0,Travis Lewis,OLB,Oklahoma,73.0,246.0,4.83,22.0,36.0,122.0,,,LB,53.0,27.075,,,,,,,,,,,,,,,,,,,,,,,7.0,243.0,203.0,446.0,31.0,,
2012,7,224,NWE,False,DB,DB,D,Nebraska,22.0,2014.0,0,0,1,9.0,Alfonzo Dennard,CB,Nebraska,70.0,204.0,4.48,,37.0,121.0,,,DB,47.0,19.41111111111111,,,,,,,,,,,,,,,,,,,,,,,,,,,,4.0,13.0
2012,7,225,SEA,False,DT,DL,D,North Carolina St.,23.0,2020.0,0,0,7,32.0,J.R. Sweezy,DT,North Carolina State,77.0,298.0,4.97,21.0,36.0,113.0,7.4,4.41,DL,36.0,,,,,,,,,,,,,,,,,,,,,,,,10.5,41.0,56.0,97.0,22.0,,
2012,7,226,SDG,False,C,OL,O,Michigan,23.0,2015.0,0,0,0,1.0,David Molk,C,Michigan,73.0,298.0,5.18,41.0,,,,,OL,12.0,,,,,,,,,,,,,,,,,,,,,,,,,,,,,,
2012,7,227,MIA,False,WR,WR,O,Nevada,22.0,2018.0,0,0,4,8.0,Rishard Matthews,WR,Nevada,72.0,217.0,4.54,20.0,36.0,,6.88,4.19,WR,26.0,6.0,,,,,,,,,,,,,,,,,,147.0,2243.0,15.3,13.0,86.3,,,,,,,
2012,7,228,JAX,False,DT,DL,D,Ashland,28.0,2013.0,0,0,0,0.0,,,,,,,,,,,,,,,,,,,,,,,,,,,,,,,,,,,,,,,,,,,
2012,7,229,PHI,False,RB,RB,O,Kansas St.,21.0,2015.0,0,0,0,6.0,,,,,,,,,,,,RB,14.0,14.146875,,,,,,,,,,104.0,476.0,4.6,3.0,11.0,140.0,12.7,1.0,,,,,,,,,,,,
2012,7,232,SEA,False,DE,DL,D,Louisville,22.0,2016.0,0,0,0,1.0,,,,,,,,,,,,DL,42.0,10.9,,,,,,,,,,,,,,,,,,,,,,,8.0,38.0,23.0,61.0,19.0,,
2012,7,236,BAL,False,DT,DL,D,Georgia,23.0,2014.0,0,0,0,6.0,DeAngelo Tyson,DT,Georgia,74.0,315.0,5.0,,,,,,DL,50.0,,,,,,,,,,,,,,,,,,,,,,,,3.0,28.0,51.0,79.0,8.5,,
2012,7,237,SFO,False,DE,DL,D,Virginia,22.0,2016.0,0,0,1,0.0,Cam Johnson,DE,Virginia,75.0,268.0,4.75,,35.0,105.0,7.2,4.38,LB,42.0,-7.151948051948053,,,,,,,,,,,,,,,,,,,,,,,12.5,74.0,56.0,130.0,32.5,,
2012,7,238,KAN,False,WR,WR,O,Michigan,23.0,2014.0,0,0,0,2.0,Junior Hemingway,WR,Michigan,73.0,225.0,4.48,21.0,35.5,124.0,6.59,3.98,WR,47.0,10.0,,,,,,,,,,,,,,,,,,88.0,1638.0,18.6,11.0,34.9,,,,,,,
2012,7,239,NYG,False,DT,DL,D,North Carolina St.,26.0,2015.0,0,0,0,6.0,Markus Kuhn,DT,North Carolina State,77.0,299.0,4.87,28.0,34.5,112.0,7.43,4.41,DL,48.0,,,,,,,,,,,,,,,,,,,,,,,,8.5,61.0,54.0,115.0,18.5,,
2012,7,240,PIT,False,TE,TE,O,Oregon,23.0,2013.0,0,0,0,1.0,David Paulson,TE,Oregon,75.0,246.0,4.79,21.0,32.0,110.0,7.18,4.4,TE,40.0,25.933333333333334,,,,,,,,,,,,,,,,,,67.0,1041.0,15.5,10.0,26.0,,,,,,,
2012,7,242,NYJ,False,DB,DB,D,South Carolina,23.0,2016.0,0,0,2,9.0,Antonio Allen,S,South Carolina,73.0,210.0,4.58,17.0,34.0,118.0,7.02,4.25,DB,24.0,10.96818181818182,,,,,,,,,,,,,,,,,,,,,,,,,,,,4.0,
2012,7,244,NYJ,False,WR,WR,O,Western Michigan,24.0,2012.0,0,0,0,0.0,Jordan White,WR,West. Michigan,72.0,208.0,4.63,14.0,35.0,119.0,6.84,4.13,WR,43.0,-4.106451612903226,,,,,,,,,,,,,,,,,,306.0,4187.0,13.7,32.0,97.4,,,,,,,
2012,7,245,CLE,False,DB,DB,D,Arizona,23.0,2016.0,0,0,0,1.0,Trevin Wade,CB,Arizona,70.0,192.0,4.52,18.0,34.5,116.0,6.87,4.0,DB,50.0,8.50952380952381,,,,,,,,,,,,,,,,,,,,,,,,,,,,12.0,
2012,7,247,CLE,False,TE,TE,O,Alabama,23.0,2013.0,0,0,0,0.0,,,,,,,,,,,,TE,46.0,29.66,,,,,,,,,,,,,,,,,,54.0,559.0,10.4,4.0,12.2,,,,,,,
2012,7,248,PIT,False,T,OL,O,SMU,23.0,2025.0,0,0,10,14.0,Kelvin Beachum,OG,SMU,75.0,303.0,5.38,19.0,28.5,101.0,7.79,4.8,,,,,,,,,,,,,,,,,,,,,,,,,,,,,,,,
2012,7,249,ATL,False,DT,DL,D,South Carolina,23.0,2014.0,0,0,0,1.0,Travian Robertson,DT,South Carolina,76.0,302.0,5.12,30.0,26.0,102.0,,,DL,56.0,,,,,,,,,,,,,,,,,,,,,,,,6.5,71.0,52.0,123.0,21.0,,
2012,7,251,BUF,False,K,K,S,Western Michigan,22.0,2013.0,0,0,0,0.0,,,,,,,,,,,,,,,,,,,,,,,,,,,,,,,,,,,,,,,,,,,
2012,7,252,STL,False,RB,RB,O,Abilene Christian,22.0,2016.0,0,0,0,7.0,,,,,,,,,,,,,,,,,,,,,,,,,,,,,,,,,,,,,,,,,,,
2013,1,1,KAN,False,T,OL,O,Central Michigan,22.0,2021.0,0,2,8,56.0,Eric Fisher,OT,Central Michigan,79.0,306.0,5.05,27.0,28.5,116.0,7.59,4.44,,,,,,,,,,,,,,,,,,,,,,,,,,,,,,,,
2013,1,2,JAX,False,T,OL,O,Texas A&M,21.0,2017.0,0,0,3,16.0,Luke Joeckel,OT,Texas A&M,78.0,306.0,5.3,27.0,28.5,106.0,7.4,4.68,OL,13.0,,,,,,,,,,,,,,,,,,,,,,,,,,,,,,
2013,1,3,MIA,False,DE,DL,D,Oregon,23.0,2020.0,0,0,0,3.0,Dion Jordan,OLB,Oregon,78.0,248.0,4.54,,32.5,122.0,7.02,4.35,DL,39.0,,,,,,,,,,,,,,,,,,,,,,,,14.5,72.0,47.0,119.0,29.0,,
2013,1,4,PHI,False,T,OL,O,Oklahoma,23.0,2025.0,2,6,11,89.0,Lane Johnson,OT,Oklahoma,78.0,303.0,4.72,28.0,34.0,118.0,7.31,4.52,OL,13.0,,,,,,,,,,,,,,,,,,,,,,,,,,,,,,
2013,1,5,DET,False,DE,DL,D,BYU,24.0,2020.0,0,1,5,37.0,Ziggy Ansah,DE,BYU,77.0,271.0,4.56,21.0,34.5,118.0,7.11,4.26,DL,31.0,10.9,,,,,,,,,,,,,,,,,,,,,,,4.5,39.0,33.0,72.0,13.0,,
2013,1,6,CLE,False,LB,LB,D,LSU,22.0,2020.0,0,0,2,10.0,Barkevious Mingo,OLB,LSU,76.0,241.0,4.58,,37.0,128.0,6.84,4.39,DL,40.0,,,,,,,,,,,,,,,,,,,,,,,,15.0,60.0,59.0,119.0,29.0,,
2013,1,7,ARI,False,G,OL,O,North Carolina,23.0,2018.0,0,0,2,7.0,Jonathan Cooper,OG,North Carolina,74.0,311.0,5.07,35.0,27.0,108.0,7.78,4.84,OL,26.0,7.7,,,,,,,,,,,,,,,,,,,,,,,,,,,,,
2013,1,8,STL,False,WR,WR,O,West Virginia,23.0,2021.0,0,0,4,22.0,Tavon Austin,WR,West Virginia,68.0,174.0,4.34,14.0,32.0,120.0,,4.01,RB,39.0,13.542857142857144,,,,,,,,,,38.0,390.0,10.3,3.0,174.0,2124.0,12.2,17.0,,,,,,,,,,,,
2013,1,9,NYJ,False,DB,DB,D,Alabama,21.0,2015.0,0,0,1,6.0,Dee Milliner,CB,Alabama,72.0,201.0,4.37,,36.0,122.0,6.95,4.32,DB,39.0,33.73076923076923,,,,,,,,,,,,,,,,,,,,,,,,,,,,6.0,17.0
2013,1,10,TEN,False,G,OL,O,Alabama,21.0,2018.0,0,0,3,20.0,Chance Warmack,OG,Alabama,74.0,317.0,5.49,,,110.0,,,OL,14.0,,,,,,,,,,,,,,,,,,,,,,,,,,,,,,
2013,1,11,SDG,False,T,OL,O,Alabama,22.0,2020.0,0,0,7,29.0,D.J. Fluker,OT,Alabama,77.0,339.0,5.31,21.0,,,,,OL,13.0,,,,,,,,,,,,,,,,,,,,,,,,,,,,,,
2013,1,12,OAK,False,DB,DB,D,Houston,23.0,2021.0,0,0,2,8.0,D.J. Hayden,CB,Houston,71.0,191.0,4.4,,,,,,DB,22.0,0.4923076923076923,,,,,,,,,,,,,,,,,,,,,,,,,,,,6.0,11.0
2013,1,13,NYJ,False,DT,DL,D,Missouri,22.0,2021.0,0,1,8,32.0,Sheldon Richardson,DT,Missouri,74.0,294.0,5.02,30.0,32.0,116.0,,,DL,24.0,,,,,,,,,,,,,,,,,,,,,,,,6.0,54.0,58.0,112.0,18.5,,
2013,1,14,CAR,False,DT,DL,D,Utah,23.0,2021.0,0,0,7,28.0,Star Lotulelei,DT,Utah,74.0,311.0,5.14,,,,,,DL,38.0,6.4,,,,,,,,,,,,,,,,,,,,,,,7.0,48.0,59.0,107.0,21.5,,
2013,1,15,NOR,False,DB,DB,D,Texas,22.0,2020.0,0,0,7,20.0,Kenny Vaccaro,S,Texas,72.0,214.0,4.63,15.0,38.0,121.0,6.78,4.06,DB,50.0,15.933333333333335,,,,,,,,,,,,,,,,,,,,,,,,,,,,5.0,
2013,1,16,BUF,False,QB,QB,O,Florida St.,23.0,2017.0,0,0,1,10.0,E.J. Manuel,QB,Florida State,77.0,237.0,4.65,,34.0,118.0,7.08,4.21,QB,43.0,,600.0,897.0,66.9,7741.0,47.0,28.0,8.6,8.27,180.0,,,,,,,,,,,,,,,,,,,,
2013,1,17,PIT,False,LB,LB,D,Georgia,23.0,2016.0,0,0,1,17.0,Jarvis Jones,OLB,Georgia,74.0,245.0,4.74,,,,,,LB,34.0,28.0,,,,,,,,,,,,,,,,,,,,,,,28.0,96.0,72.0,168.0,45.5,,
2013,1,18,SFO,False,DB,DB,D,LSU,21.0,2019.0,0,1,7,26.0,Eric Reid,S,LSU,73.0,213.0,4.53,17.0,40.5,134.0,6.99,4.22,DB,39.0,25.33333333333333,,,,,,,,,,,,,,,,,,,,,,,,,,,,6.0,4.0
2013,1,19,NYG,False,T,OL,O,Syracuse,23.0,2023.0,0,0,10,25.0,Justin Pugh,OT,Syracuse,76.0,307.0,5.12,,28.5,103.0,7.45,4.63,OL,21.0,,,,,,,,,,,,,,,,,,,,,,,,,,,,,,
2013,1,20,CHI,False,G,OL,O,Oregon,24.0,2019.0,0,3,6,40.0,Kyle Long,OG,Oregon,78.0,313.0,4.91,,28.0,107.0,7.83,4.63,,,,,,,,,,,,,,,,,,,,,,,,,,,,,,,,
2013,1,21,CIN,False,TE,TE,O,Notre Dame,22.0,2020.0,0,1,2,17.0,Tyler Eifert,TE,Notre Dame,77.0,250.0,4.68,22.0,35.5,119.0,6.92,4.32,TE,37.0,17.633333333333333,,,,,,,,,,,,,,,,,,140.0,1840.0,13.1,11.0,49.7,,,,,,,
2013,1,22,ATL,False,DB,DB,D,Washington,22.0,2021.0,0,1,8,35.0,Desmond Trufant,CB,Washington,72.0,190.0,4.38,16.0,37.5,125.0,,3.85,DB,50.0,3.25,,,,,,,,,,,,,,,,,,,,,,,,,,,,6.0,
2013,1,23,MIN,False,DT,DL,D,Florida,21.0,2016.0,0,0,2,13.0,Sharrif Floyd,DT,Florida,75.0,297.0,4.92,,30.0,106.0,7.4,4.75,DL,24.0,,,,,,,,,,,,,,,,,,,,,,,,4.5,48.0,44.0,92.0,19.5,,
2013,1,24,IND,False,DE,DL,D,Florida St.,23.0,2015.0,0,0,1,10.0,Bjoern Werner,DE,Florida State,75.0,266.0,4.83,25.0,31.0,111.0,7.3,4.4,DL,41.0,22.8,,,,,,,,,,,,,,,,,,,,,,,23.5,63.0,36.0,99.0,35.0,,
2013,1,25,MIN,False,DB,DB,D,Florida St.,23.0,2022.0,1,3,8,43.0,Xavier Rhodes,CB,Florida State,73.0,210.0,4.43,14.0,40.5,132.0,,,DB,41.0,24.433333333333334,,,,,,,,,,,,,,,,,,,,,,,,,,,,8.0,
2013,1,26,GNB,False,DE,DL,D,UCLA,23.0,2020.0,0,0,0,9.0,Datone Jones,DE,UCLA,76.0,283.0,4.8,29.0,31.5,112.0,7.32,4.32,DL,51.0,14.8,,,,,,,,,,,,,,,,,,,,,,,12.5,90.0,58.0,148.0,36.5,,
2013,1,27,HOU,False,WR,WR,O,Clemson,21.0,2025.0,3,5,10,54.0,DeAndre Hopkins,WR,Clemson,73.0,214.0,4.57,15.0,36.0,115.0,,4.5,WR,39.0,,,,,,,,,,,,,,,,,,,206.0,3020.0,14.7,27.0,77.4,,,,,,,
2013,1,28,DEN,False,DT,DL,D,North Carolina,24.0,2020.0,0,0,4,22.0,Sylvester Williams,DT,North Carolina,75.0,313.0,5.03,27.0,26.5,102.0,7.93,4.8,DL,25.0,6.4,,,,,,,,,,,,,,,,,,,,,,,8.5,44.0,52.0,96.0,20.5,,
2013,1,29,MIN,False,WR,WR,O,Tennessee,22.0,2024.0,4,4,4,16.0,Cordarrelle Patterson,WR,Tennessee,74.0,216.0,4.42,,37.0,128.0,,,WR,12.0,15.1,,,,,,,,,,,,,,,,,,46.0,778.0,16.9,5.0,64.8,,,,,,,
2013,1,30,STL,False,LB,LB,D,Georgia,21.0,2021.0,0,0,7,37.0,Alec Ogletree,OLB,Georgia,74.0,242.0,4.7,20.0,33.5,122.0,7.16,4.39,LB,18.0,28.0,,,,,,,,,,,,,,,,,,,,,,,6.0,104.0,59.0,163.0,19.0,,
2013,1,31,DAL,False,C,OL,O,Wisconsin,22.0,2019.0,1,5,6,60.0,Travis Frederick,C,Wisconsin,76.0,312.0,5.58,21.0,28.5,97.0,7.81,4.76,OL,27.0,,,,,,,,,,,,,,,,,,,,,,,,,,,,,,
2013,1,32,BAL,False,DB,DB,D,Florida,22.0,2016.0,0,0,2,12.0,Matt Elam,S,Florida,70.0,208.0,4.43,17.0,35.5,118.0,,,DB,39.0,11.921875,,,,,,,,,,,,,,,,,,,,,,,,,,,,6.0,
2013,2,33,JAX,False,DB,DB,D,Florida International,23.0,2020.0,0,0,5,21.0,Jonathan Cyprien,S,Florida International,72.0,217.0,4.64,,38.5,,,,DB,50.0,,,,,,,,,,,,,,,,,,,,,,,,,,,,,7.0,
2013,2,34,TEN,False,WR,WR,O,Tennessee,22.0,2018.0,0,0,1,7.0,Justin Hunter,WR,Tennessee,76.0,196.0,4.44,,39.5,136.0,,4.33,WR,28.0,10.5,,,,,,,,,,,,,,,,,,106.0,1812.0,17.1,18.0,64.7,,,,,,,
2013,2,35,PHI,False,TE,TE,O,Stanford,22.0,2025.0,0,3,8,40.0,Zach Ertz,TE,Stanford,77.0,249.0,4.76,24.0,30.5,111.0,7.08,4.47,TE,37.0,21.133333333333333,,,,,,,,,,,,,,,,,,112.0,1434.0,12.8,15.0,38.8,,,,,,,
2013,2,36,DET,False,DB,DB,D,Mississippi St.,22.0,2025.0,1,6,11,39.0,Darius Slay,CB,Mississippi State,72.0,192.0,4.36,14.0,35.5,124.0,6.9,4.21,DB,26.0,8.05,,,,,,,,,,,,,,,,,,,,,,,,,,,,6.0,
2013,2,37,CIN,False,RB,RB,O,North Carolina,21.0,2022.0,0,0,2,41.0,Giovani Bernard,RB,North Carolina,68.0,202.0,4.53,19.0,33.5,122.0,6.91,4.12,RB,23.0,11.02,,,,,,,,,,423.0,2481.0,5.9,25.0,92.0,852.0,9.3,6.0,,,,,,,,,,,,
2013,2,38,SDG,False,LB,LB,D,Notre Dame,22.0,2020.0,0,0,4,14.0,Manti Te'o,ILB,Notre Dame,73.0,241.0,4.82,,33.0,113.0,7.13,4.27,LB,51.0,19.2,,,,,,,,,,,,,,,,,,,,,,,8.5,212.0,225.0,437.0,34.0,,
2013,2,39,NYJ,False,QB,QB,O,West Virginia,22.0,2025.0,0,2,5,12.0,Geno Smith,QB,West Virginia,74.0,218.0,4.58,,33.5,124.0,,,QB,44.0,13.725,988.0,1465.0,67.4,11662.0,98.0,21.0,8.0,8.65,265.0,,,,,,,,,,,,,,,,,,,,
2013,2,40,SFO,False,DE,DL,D,Florida St.,23.0,2019.0,0,0,0,7.0,Tank Carradine,DE,Florida State,76.0,276.0,4.9,28.0,,,,,DL,25.0,,,,,,,,,,,,,,,,,,,,,,,,16.5,71.0,47.0,118.0,21.0,,
2013,2,41,BUF,False,WR,WR,O,USC,21.0,2024.0,0,0,10,15.0,Robert Woods,WR,USC,72.0,201.0,4.51,14.0,33.5,117.0,7.15,4.47,WR,38.0,20.48181818181818,,,,,,,,,,,,,,,,,,252.0,2930.0,11.6,32.0,77.1,,,,,,,
2013,2,42,OAK,False,T,OL,O,Florida St.,24.0,2017.0,0,0,2,7.0,Menelik Watson,OT,Florida State,77.0,310.0,5.29,,24.5,103.0,8.31,5.01,,,,,,,,,,,,,,,,,,,,,,,,,,,,,,,,
2013,2,43,TAM,False,DB,DB,D,Mississippi St.,23.0,2017.0,0,0,2,11.0,Johnthan Banks,CB,Mississippi State,74.0,185.0,4.61,10.0,34.0,125.0,6.97,4.27,DB,51.0,7.926923076923076,,,,,,,,,,,,,,,,,,,,,,,,,,,,16.0,
2013,2,44,CAR,False,DT,DL,D,Purdue,24.0,2020.0,0,2,5,41.0,Kawann Short,DT,Purdue,75.0,299.0,5.08,,,,,,DL,50.0,5.1,,,,,,,,,,,,,,,,,,,,,,,19.5,124.0,62.0,186.0,49.0,,
2013,2,45,ARI,False,LB,LB,D,LSU,22.0,2021.0,0,0,3,19.0,Kevin Minter,ILB,LSU,72.0,246.0,4.81,25.0,33.0,119.0,,,LB,37.0,23.7,,,,,,,,,,,,,,,,,,,,,,,5.0,81.0,125.0,206.0,18.5,,
2013,2,46,BUF,False,LB,LB,D,Oregon,23.0,2019.0,0,0,4,10.0,Kiko Alonso,ILB,Oregon,75.0,238.0,4.74,,,,,,LB,37.0,27.2,,,,,,,,,,,,,,,,,,,,,,,3.5,99.0,45.0,144.0,21.0,,
2013,2,47,DAL,False,TE,TE,O,San Diego St.,22.0,2017.0,0,0,0,2.0,Gavin Escobar,TE,San Diego State,78.0,254.0,4.84,,32.0,114.0,7.07,4.31,TE,39.0,2.92,,,,,,,,,,,,,,,,,,122.0,1646.0,13.5,17.0,42.2,,,,,,,
2013,2,48,PIT,False,RB,RB,O,Michigan St.,21.0,2021.0,2,3,5,55.0,Le'Veon Bell,RB,Michigan State,73.0,230.0,4.6,24.0,31.5,118.0,6.75,4.24,RB,40.0,15.25483870967742,,,,,,,,,,671.0,3346.0,5.0,33.0,78.0,531.0,6.8,1.0,,,,,,,,,,,,
2013,2,49,NYG,False,DT,DL,D,Ohio St.,21.0,2024.0,0,0,10,17.0,Johnathan Hankins,DT,Ohio State,75.0,320.0,5.31,,26.0,104.0,7.59,4.61,DL,38.0,,,,,,,,,,,,,,,,,,,,,,,,5.0,58.0,80.0,138.0,16.5,,
2013,2,50,CHI,False,LB,LB,D,Florida,22.0,2022.0,0,0,5,5.0,Jon Bostic,OLB,Florida,73.0,245.0,4.59,22.0,32.5,118.0,6.99,4.24,LB,39.0,21.0,,,,,,,,,,,,,,,,,,,,,,,7.5,141.0,78.0,219.0,19.0,,
2013,2,51,WAS,False,DB,DB,D,North Carolina St.,21.0,2018.0,0,0,4,7.0,David Amerson,CB,North Carolina State,73.0,205.0,4.44,15.0,35.5,127.0,,,DB,39.0,3.2333333333333334,,,,,,,,,,,,,,,,,,,,,,,,,,,,18.0,
2013,2,52,NWE,False,LB,LB,D,Southern Miss,23.0,2022.0,0,1,7,42.0,Jamie Collins,OLB,Southern Miss,75.0,250.0,4.64,19.0,41.5,139.0,7.1,4.32,DL,26.0,,,,,,,,,,,,,,,,,,,,,,,,16.5,124.0,66.0,190.0,39.5,,
2013,2,53,CIN,False,DE,DL,D,SMU,26.0,2021.0,0,0,1,4.0,Margus Hunt,DE,SMU,80.0,277.0,4.62,38.0,34.5,121.0,7.07,4.51,DL,53.0,-7.6,,,,,,,,,,,,,,,,,,,,,,,16.5,60.0,52.0,112.0,28.0,,
2013,2,54,MIA,False,DB,DB,D,Boise St.,22.0,2020.0,0,0,2,4.0,Jamar Taylor,CB,Boise State,71.0,192.0,4.39,22.0,35.0,127.0,6.82,4.06,DB,49.0,13.72142857142857,,,,,,,,,,,,,,,,,,,,,,,,,,,,7.0,2.0
2013,2,55,SFO,False,TE,TE,O,Rice,23.0,2020.0,0,0,6,5.0,Vance McDonald,TE,Rice,76.0,267.0,4.69,31.0,33.5,119.0,7.08,4.53,TE,42.0,-14.057142857142855,,,,,,,,,,,,,,,,,,119.0,1504.0,12.6,15.0,35.8,,,,,,,
2013,2,56,BAL,False,LB,LB,D,Kansas St.,20.0,2016.0,0,0,0,2.0,Arthur Brown,OLB,Kansas State,72.0,241.0,4.62,,,116.0,,,LB,50.0,8.92,,,,,,,,,,,,,,,,,,,,,,,3.0,132.0,86.0,218.0,17.0,,
2013,2,57,HOU,False,DB,DB,D,South Carolina,22.0,2020.0,0,0,5,8.0,D.J. Swearinger,S,South Carolina,70.0,208.0,4.67,17.0,37.0,124.0,6.7,4.11,DB,52.0,18.84090909090909,,,,,,,,,,,,,,,,,,,,,,,,,,,,6.0,1.0
2013,2,58,DEN,False,RB,RB,O,Wisconsin,22.0,2014.0,0,0,0,7.0,Montee Ball,RB,Wisconsin,70.0,214.0,4.66,15.0,32.0,118.0,6.88,4.4,RB,49.0,21.523076923076925,,,,,,,,,,924.0,5140.0,5.6,77.0,59.0,598.0,10.1,6.0,,,,,,,,,,,,
2013,2,59,NWE,False,WR,WR,O,Marshall,22.0,2015.0,0,0,1,6.0,Aaron Dobson,WR,Marshall,75.0,210.0,4.37,,,,,,WR,47.0,-8.616666666666667,,,,,,,,,,,,,,,,,,165.0,2398.0,14.5,24.0,51.0,,,,,,,
2013,2,60,ATL,False,DB,DB,D,Southeastern Louisiana,24.0,2021.0,0,0,5,24.0,Robert Alford,CB,SE Louisiana,70.0,188.0,4.39,17.0,40.0,132.0,6.89,4.23,,,,,,,,,,,,,,,,,,,,,,,,,,,,,,,,
2013,2,61,GNB,False,RB,RB,O,Alabama,23.0,2017.0,0,1,3,34.0,Eddie Lacy,RB,Alabama,71.0,231.0,4.55,,,,,,RB,38.0,33.03333333333333,,,,,,,,,,355.0,2402.0,6.8,30.0,35.0,338.0,9.7,2.0,,,,,,,,,,,,
2013,2,62,SEA,False,RB,RB,O,Texas A&M,22.0,2018.0,0,0,1,8.0,Christine Michael,RB,Texas A&M,70.0,220.0,4.54,27.0,43.0,125.0,6.69,4.02,RB,40.0,16.72,,,,,,,,,,529.0,2791.0,5.3,34.0,44.0,323.0,7.3,1.0,,,,,,,,,,,,
2013,2,63,KAN,False,TE,TE,O,Cincinnati,23.0,2025.0,4,11,11,94.0,Travis Kelce,TE,Cincinnati,77.0,255.0,4.63,,,,,,TE,35.0,13.85,,,,,,,,,,,,,,,,,,59.0,875.0,14.8,10.0,25.0,,,,,,,
2013,2,64,JAX,False,DB,DB,D,Connecticut,23.0,2016.0,0,0,1,10.0,Dwayne Gratz,CB,Connecticut,71.0,201.0,4.47,22.0,38.0,125.0,6.7,4.15,DB,50.0,-1.7666666666666666,,,,,,,,,,,,,,,,,,,,,,,,,,,,8.0,16.0
2013,3,65,DET,False,G,OL,O,Kentucky,22.0,2019.0,0,3,7,22.0,Larry Warford,OG,Kentucky,75.0,332.0,5.58,28.0,22.5,96.0,7.78,5.1,OL,12.0,,,,,,,,,,,,,,,,,,,,,,,,,,,,,,
2013,3,66,OAK,False,LB,LB,D,Connecticut,23.0,2016.0,0,0,2,9.0,Sio Moore,OLB,Connecticut,73.0,245.0,4.65,29.0,38.0,127.0,7.49,4.31,LB,41.0,-2.3,,,,,,,,,,,,,,,,,,,,,,,16.0,174.0,100.0,274.0,44.0,,
2013,3,67,PHI,False,DT,DL,D,LSU,23.0,2018.0,0,0,5,22.0,Bennie Logan,DT,LSU,74.0,309.0,5.08,30.0,25.0,104.0,7.53,4.67,DL,30.0,,,,,,,,,,,,,,,,,,,,,,,,5.0,38.0,69.0,107.0,12.5,,
2013,3,68,CLE,False,DB,DB,D,San Diego St.,22.0,2016.0,0,0,0,1.0,Leon McFadden,CB,San Diego State,70.0,193.0,4.54,10.0,34.5,119.0,6.81,4.27,DB,51.0,-0.8416666666666666,,,,,,,,,,,,,,,,,,,,,,,,,,,,8.0,23.0
2013,3,69,ARI,False,DB,DB,D,LSU,21.0,2024.0,3,3,11,21.0,Tyrann Mathieu,CB,LSU,69.0,186.0,4.5,4.0,34.0,117.0,6.87,4.14,DB,26.0,28.361538461538466,,,,,,,,,,,,,,,,,,,,,,,,,,,,4.0,16.0
2013,3,70,TEN,False,DB,DB,D,Connecticut,23.0,2021.0,0,0,1,6.0,Blidi Wreh-Wilson,CB,Connecticut,73.0,195.0,4.53,14.0,36.0,128.0,6.97,4.12,DB,45.0,0.025,,,,,,,,,,,,,,,,,,,,,,,,,,,,8.0,10.0
2013,3,71,STL,False,DB,DB,D,USC,22.0,2018.0,0,0,6,17.0,T.J. McDonald,S,USC,74.0,219.0,4.59,19.0,40.0,131.0,6.89,4.2,DB,50.0,19.668181818181814,,,,,,,,,,,,,,,,,,,,,,,,,,,,8.0,
2013,3,72,NYJ,False,G,OL,O,Kent St.,22.0,2021.0,0,0,7,27.0,Brian Winters,OG,Kent State,76.0,320.0,5.22,9.0,,,,,,,,,,,,,,,,,,,,,,,,,,,,,,,,,,,,
2013,3,73,TAM,False,QB,QB,O,North Carolina St.,23.0,2021.0,0,0,1,11.0,Mike Glennon,QB,North Carolina State,79.0,225.0,4.94,,26.5,102.0,7.49,4.52,QB,36.0,3.5500000000000003,646.0,1069.0,60.4,7411.0,63.0,31.0,6.9,6.81,205.9,,,,,,,,,,,,,,,,,,,,
2013,3,74,DAL,False,WR,WR,O,Baylor,23.0,2018.0,0,0,4,27.0,Terrance Williams,WR,Baylor,74.0,208.0,4.52,11.0,32.5,119.0,7.01,4.32,WR,51.0,-0.2142857142857142,,,,,,,,,,,,,,,,,,202.0,3334.0,16.5,27.0,65.4,,,,,,,
2013,3,75,NOR,False,T,OL,O,Ark-Pine Bluff,22.0,2024.0,0,5,10,49.0,Terron Armstead,OT,Ark-Pine Bluff,77.0,306.0,4.71,31.0,34.5,112.0,7.62,4.72,,,,,,,,,,,,,,,,,,,,,,,,,,,,,,,,
2013,3,76,SDG,False,WR,WR,O,California,21.0,2025.0,0,6,11,77.0,Keenan Allen,WR,California,74.0,206.0,4.58,,,,,,WR,33.0,9.225352112676056,,,,,,,,,,,,,,,,,,205.0,2570.0,12.5,17.0,77.9,,,,,,,
2013,3,77,MIA,False,T,OL,O,Tennessee,23.0,2016.0,0,0,1,13.0,Dallas Thomas,OT,Tennessee,77.0,306.0,5.08,,,,,,,,,,,,,,,,,,,,,,,,,,,,,,,,,,,,,
2013,3,78,BUF,False,WR,WR,O,Texas,22.0,2023.0,0,0,3,5.0,Marquise Goodwin,WR,Texas,69.0,183.0,4.27,13.0,,132.0,,,WR,50.0,19.45,,,,,,,,,,,,,,,,,,120.0,1364.0,11.4,7.0,27.3,,,,,,,
2013,3,79,PIT,False,WR,WR,O,Oregon St.,22.0,2018.0,0,0,2,13.0,Markus Wheaton,WR,Oregon State,71.0,189.0,4.45,20.0,37.0,120.0,6.8,4.02,WR,49.0,7.49090909090909,,,,,,,,,,,,,,,,,,227.0,2994.0,13.2,16.0,61.1,,,,,,,
2013,3,80,DAL,False,DB,DB,D,Georgia Southern,22.0,2018.0,0,0,2,15.0,J.J. Wilcox,S,Georgia Southern,72.0,213.0,4.57,17.0,35.0,124.0,7.02,4.09,,,,,,,,,,,,,,,,,,,,,,,,,,,,,,,,
2013,3,81,NYG,False,DE,DL,D,Texas A&M,20.0,2020.0,0,0,0,4.0,Damontre Moore,DE,Texas A&M,76.0,250.0,4.95,12.0,35.5,122.0,,,DL,38.0,13.8,,,,,,,,,,,,,,,,,,,,,,,26.5,116.0,81.0,197.0,45.0,,
2013,3,82,NOR,False,DT,DL,D,Georgia,24.0,2025.0,0,0,3,9.0,John Jenkins,DT,Georgia,76.0,346.0,5.21,30.0,,,,,DL,27.0,,,,,,,,,,,,,,,,,,,,,,,,4.0,36.0,42.0,78.0,8.0,,
2013,3,83,NWE,False,DB,DB,D,Rutgers,22.0,2023.0,0,0,7,14.0,Logan Ryan,CB,Rutgers,71.0,191.0,4.56,14.0,32.5,116.0,6.69,4.06,DB,37.0,0.4,,,,,,,,,,,,,,,,,,,,,,,,,,,,7.0,1.0
2013,3,84,CIN,False,DB,DB,D,Georgia,22.0,2021.0,0,0,4,24.0,Shawn Williams,S,Georgia,72.0,213.0,4.46,25.0,36.0,120.0,7.01,4.25,DB,54.0,25.73333333333333,,,,,,,,,,,,,,,,,,,,,,,,,,,,4.0,1.0
2013,3,85,WAS,False,TE,TE,O,Florida,23.0,2020.0,0,1,3,24.0,Jordan Reed,TE,Florida,74.0,236.0,4.72,16.0,,,,,TE,36.0,15.61864406779661,,,,,,,,,,,,,,,,,,79.0,945.0,12.0,6.0,26.3,,,,,,,
2013,3,86,IND,False,G,OL,O,Illinois,22.0,2015.0,0,0,3,16.0,Hugh Thornton,OG,Illinois,75.0,320.0,5.11,27.0,,,7.45,4.63,OL,24.0,,,,,,,,,,,,,,,,,,,,,,,,,,,,,,
2013,3,87,SEA,False,DT,DL,D,Penn St.,22.0,2016.0,0,0,0,6.0,Jordan Hill,DT,Penn State,73.0,303.0,5.23,28.0,22.5,103.0,7.49,4.51,DL,25.0,14.1,,,,,,,,,,,,,,,,,,,,,,,8.0,51.0,72.0,123.0,16.5,,
2013,3,88,SFO,False,DE,DL,D,Auburn,21.0,2016.0,0,0,0,3.0,Corey Lemonier,DE,Auburn,75.0,255.0,4.6,27.0,33.0,119.0,7.14,4.4,DL,39.0,,,,,,,,,,,,,,,,,,,,,,,,17.0,57.0,41.0,98.0,24.0,,
2013,3,90,DEN,False,DB,DB,D,South Florida,22.0,2019.0,0,0,1,4.0,Kayvon Webster,CB,South Florida,70.0,195.0,4.41,14.0,35.0,125.0,,,DB,47.0,2.1739130434782608,,,,,,,,,,,,,,,,,,,,,,,,,,,,3.0,
2013,3,91,NWE,False,DB,DB,D,Rutgers,22.0,2023.0,0,0,3,16.0,,,,,,,,,,,,DB,50.0,0.4,,,,,,,,,,,,,,,,,,,,,,,,,,,,6.0,
2013,3,92,STL,False,WR,WR,O,West Virginia,22.0,2015.0,0,0,0,7.0,Stedman Bailey,WR,West Virginia,70.0,193.0,4.52,11.0,34.5,117.0,6.81,4.09,WR,39.0,12.35,,,,,,,,,,,,,,,,,,210.0,3218.0,15.3,41.0,82.5,,,,,,,
2013,3,93,MIA,False,DB,DB,D,Utah St.,23.0,2016.0,0,0,0,0.0,Will Davis,CB,Utah State,71.0,186.0,4.51,16.0,35.5,127.0,6.52,4.02,DB,26.0,6.632,,,,,,,,,,,,,,,,,,,,,,,,,,,,5.0,6.0
2013,3,94,BAL,False,DT,DL,D,Missouri Southern,24.0,2022.0,0,1,8,52.0,Brandon Williams,DT,Missouri Southern,73.0,335.0,5.37,38.0,29.5,102.0,8.09,4.91,,,,,,,,,,,,,,,,,,,,,,,,,,,,,,,,
2013,3,96,KAN,False,RB,RB,O,Arkansas,21.0,2016.0,0,0,0,10.0,Knile Davis,RB,Arkansas,71.0,227.0,4.37,31.0,33.5,121.0,6.96,4.38,RB,36.0,18.23333333333333,,,,,,,,,,349.0,1862.0,5.3,19.0,32.0,297.0,9.3,2.0,,,,,,,,,,,,
2013,4,97,TEN,False,LB,LB,D,Missouri,23.0,2016.0,0,0,0,3.0,Zaviar Gooden,OLB,Missouri,73.0,234.0,4.47,27.0,34.0,131.0,6.71,4.18,LB,49.0,12.733333333333334,,,,,,,,,,,,,,,,,,,,,,,4.0,161.0,95.0,256.0,20.5,,
2013,4,98,PHI,False,QB,QB,O,USC,22.0,2023.0,0,0,1,1.0,Matt Barkley,QB,USC,74.0,227.0,4.91,,,,,,QB,47.0,19.6,1001.0,1562.0,64.1,12327.0,116.0,48.0,7.9,7.99,262.3,,,,,,,,,,,,,,,,,,,,
2013,4,99,KAN,False,LB,LB,D,Alabama,23.0,2015.0,0,0,0,1.0,Nico Johnson,ILB,Alabama,74.0,248.0,4.73,,,,,,LB,52.0,31.3,,,,,,,,,,,,,,,,,,,,,,,2.0,87.0,76.0,163.0,16.5,,
2013,4,100,TAM,False,DT,DL,D,Illinois,21.0,2022.0,0,0,4,14.0,Akeem Spence,DT,Illinois,73.0,307.0,5.15,37.0,30.0,107.0,7.82,4.72,DL,38.0,,,,,,,,,,,,,,,,,,,,,,,,3.5,65.0,121.0,186.0,16.5,,
2013,4,101,JAX,False,WR,WR,O,South Carolina,21.0,2014.0,0,0,0,3.0,Ace Sanders,WR,South Carolina,67.0,173.0,4.58,7.0,32.0,117.0,6.81,4.37,WR,40.0,18.20394736842105,,,,,,,,,,,,,,,,,,99.0,1230.0,12.4,13.0,30.8,,,,,,,
2013,4,102,NWE,False,WR,WR,O,TCU,22.0,2014.0,0,0,0,1.0,Josh Boyce,WR,TCU,71.0,206.0,4.38,22.0,34.0,131.0,6.68,4.1,WR,39.0,15.883333333333333,,,,,,,,,,,,,,,,,,161.0,2535.0,15.7,22.0,65.0,,,,,,,
2013,4,103,ARI,False,DE,DL,D,Texas,22.0,2021.0,0,0,5,14.0,Alex Okafor,DE,Texas,76.0,264.0,4.78,21.0,,,,,DL,52.0,,,,,,,,,,,,,,,,,,,,,,,,23.0,88.0,62.0,150.0,34.0,,
2013,4,104,MIA,False,LB,LB,D,Florida,21.0,2017.0,0,0,3,14.0,Jelani Jenkins,ILB,Florida,72.0,243.0,4.65,27.0,,,,,LB,36.0,21.576470588235296,,,,,,,,,,,,,,,,,,,,,,,6.0,109.0,73.0,182.0,16.5,,
2013,4,105,BUF,False,DB,DB,D,Nevada,22.0,2016.0,0,0,0,8.0,Duke Williams,S,Nevada,71.0,203.0,4.48,13.0,37.5,126.0,,4.0,DB,50.0,3.0461538461538464,,,,,,,,,,,,,,,,,,,,,,,,,,,,4.0,10.0
2013,4,106,MIA,False,TE,TE,O,Michigan St.,22.0,2018.0,0,0,2,6.0,Dion Sims,TE,Michigan State,77.0,262.0,4.75,22.0,35.0,112.0,7.36,4.52,TE,39.0,12.48,,,,,,,,,,,,,,,,,,59.0,707.0,12.0,8.0,18.1,,,,,,,
2013,4,107,TEN,False,C,OL,O,California,22.0,2018.0,0,0,2,14.0,Brian Schwenke,C,California,75.0,314.0,4.99,31.0,26.5,108.0,7.31,4.74,OL,24.0,5.3,,,,,,,,,,,,,,,,,,,,,,,,,,,,,
2013,4,109,GNB,False,T,OL,O,Colorado,21.0,2023.0,2,3,9,84.0,David Bakhtiari,OT,Colorado,76.0,299.0,5.18,28.0,25.5,101.0,7.7,4.74,OL,12.0,,,,,,,,,,,,,,,,,,,,,,,,,,,,,,
2013,4,110,NYG,False,QB,QB,O,Syracuse,23.0,2015.0,0,0,0,0.0,Ryan Nassib,QB,Syracuse,74.0,227.0,5.06,,28.5,105.0,7.34,4.53,QB,47.0,1.7226415094339622,791.0,1312.0,60.3,9190.0,70.0,28.0,7.0,7.11,195.5,,,,,,,,,,,,,,,,,,,,
2013,4,111,PIT,False,DB,DB,D,Syracuse,22.0,2018.0,0,0,0,4.0,Shamarko Thomas,S,Syracuse,69.0,213.0,4.42,28.0,40.5,133.0,,4.26,DB,48.0,5.8,,,,,,,,,,,,,,,,,,,,,,,,,,,,2.0,5.0
2013,4,113,STL,False,G,OL,O,Alabama,23.0,2014.0,0,0,0,0.0,Barrett Jones,C,Alabama,76.0,306.0,5.43,,,,,,OL,,,,,,,,,,,,,,,,,,,,,,,,,,,,,,,
2013,4,114,DAL,False,DB,DB,D,William & Mary,23.0,2019.0,0,0,2,1.0,B.W. Webb,CB,William & Mary,70.0,184.0,4.51,14.0,40.5,132.0,6.82,3.84,,,,,,,,,,,,,,,,,,,,,,,,,,,,,,,,
2013,4,115,PIT,False,QB,QB,O,Oklahoma,24.0,2017.0,0,0,0,4.0,Landry Jones,QB,Oklahoma,76.0,225.0,5.11,,31.0,115.0,7.12,4.3,QB,53.0,26.1,1388.0,2183.0,63.6,16646.0,123.0,52.0,7.6,7.68,314.1,,,,,,,,,,,,,,,,,,,,
2013,4,116,ARI,False,G,OL,O,James Madison,23.0,2019.0,0,0,1,11.0,Earl Watford,OG,James Madison,75.0,300.0,5.06,24.0,30.0,107.0,7.77,5.0,,,,,,,,,,,,,,,,,,,,,,,,,,,,,,,,
2013,4,117,CHI,False,LB,LB,D,Rutgers,24.0,2014.0,0,0,0,3.0,Khaseem Greene,OLB,Rutgers,73.0,241.0,4.71,17.0,30.0,116.0,7.58,4.2,DB,38.0,-5.46470588235294,,,,,,,,,,,,,,,,,,,,,,,,,,,,5.0,1.0
2013,4,118,CIN,False,LB,LB,D,Texas A&M,22.0,2016.0,0,0,0,0.0,Sean Porter,OLB,Texas A&M,73.0,229.0,4.75,22.0,35.0,119.0,,,LB,52.0,28.8,,,,,,,,,,,,,,,,,,,,,,,14.5,148.0,113.0,261.0,34.5,,
2013,4,119,WAS,False,DB,DB,D,Fresno St.,24.0,2014.0,0,0,0,2.0,Phillip Thomas,S,Syracuse,71.0,198.0,4.68,14.0,33.0,122.0,,,DB,38.0,3.3166666666666664,,,,,,,,,,,,,,,,,,,,,,,,,,,,13.0,
2013,4,120,MIN,False,LB,LB,D,Penn St.,22.0,2018.0,0,0,1,8.0,Gerald Hodges,OLB,Penn State,73.0,243.0,4.78,22.0,,119.0,,,DB,41.0,13.522222222222222,,,,,,,,,,,,,,,,,,,,,,,,,,,,3.0,2.0
2013,4,121,IND,False,C,OL,O,USC,23.0,2015.0,0,0,0,4.0,Khaled Holmes,C,USC,75.0,302.0,5.29,13.0,,,,,,,,,,,,,,,,,,,,,,,,,,,,,,,,,,,,
2013,4,122,GNB,False,T,OL,O,Cornell,22.0,2021.0,0,0,5,5.0,J.C. Tretter,OG,Cornell,76.0,307.0,5.09,29.0,29.5,109.0,7.48,4.69,,,,,,,,,,,,,,,,,,,,,,,,,,,,,,,,
2013,4,125,GNB,False,RB,RB,O,UCLA,23.0,2013.0,0,0,0,1.0,Johnathan Franklin,RB,UCLA,70.0,205.0,4.49,18.0,31.5,115.0,6.89,4.31,RB,53.0,7.6,,,,,,,,,,788.0,4403.0,5.6,31.0,58.0,517.0,8.9,3.0,,,,,,,,,,,,
2013,4,126,TAM,False,DE,DL,D,Michigan St.,22.0,2024.0,0,0,7,39.0,William Gholston,DE,Michigan State,78.0,281.0,4.96,23.0,28.5,110.0,7.2,4.59,DL,36.0,,,,,,,,,,,,,,,,,,,,,,,,10.0,62.0,80.0,142.0,30.0,,
2013,4,127,ATL,False,DE,DL,D,Clemson,23.0,2016.0,0,0,1,5.0,Malliciah Goodman,DE,Clemson,76.0,276.0,4.87,26.0,31.5,114.0,,,DL,54.0,,,,,,,,,,,,,,,,,,,,,,,,12.0,70.0,57.0,127.0,23.0,,
2013,4,128,SFO,False,WR,WR,O,Louisiana Tech,23.0,2016.0,0,0,1,6.0,Quinton Patton,WR,Louisiana Tech,72.0,204.0,4.53,8.0,33.0,118.0,6.91,4.01,WR,25.0,1.1714285714285717,,,,,,,,,,,,,,,,,,183.0,2594.0,14.2,24.0,103.8,,,,,,,
2013,5,129,BAL,False,DE,DL,D,Ohio St.,22.0,2021.0,0,0,4,1.0,John Simon,OLB,Ohio State,73.0,257.0,4.62,,,,,,DL,50.0,,,,,,,,,,,,,,,,,,,,,,,,20.5,81.0,73.0,154.0,42.0,,
2013,5,130,BAL,False,RB,RB,O,Harvard,22.0,2025.0,2,10,11,5.0,,,,,,,,,,,,,,,,,,,,,,,,,,,,,,,,,,,,,,,,,,,
2013,5,132,DET,False,DE,DL,D,South Carolina,23.0,2017.0,0,0,1,12.0,Devin Taylor,DE,South Carolina,79.0,266.0,4.72,14.0,35.0,128.0,6.89,4.3,DL,52.0,16.165517241379312,,,,,,,,,,,,,,,,,,,,,,,18.5,107.0,54.0,161.0,35.5,,
2013,5,133,ATL,False,TE,TE,O,Stanford,22.0,2020.0,0,0,5,6.0,Levine Toilolo,TE,Stanford,80.0,260.0,4.86,17.0,31.0,113.0,7.09,4.57,TE,27.0,21.133333333333333,,,,,,,,,,,,,,,,,,49.0,736.0,15.0,10.0,27.3,,,,,,,
2013,5,134,KAN,False,DB,DB,D,Georgia,23.0,2013.0,0,0,0,0.0,Sanders Commings,CB,Georgia,72.0,216.0,4.41,,34.5,117.0,7.1,4.3,DB,51.0,23.97307692307692,,,,,,,,,,,,,,,,,,,,,,,,,,,,8.0,
2013,5,135,JAX,False,WR,WR,O,Michigan,22.0,2016.0,0,0,1,8.0,Denard Robinson,WR,Michigan,70.0,199.0,4.43,,36.5,123.0,7.09,4.22,QB,49.0,13.991525423728811,427.0,747.0,57.2,6250.0,49.0,39.0,8.4,7.33,127.6,,,,,,,,,,,,,,,,,,,,
2013,5,136,PHI,False,DB,DB,D,North Carolina St.,23.0,2014.0,0,0,0,4.0,Earl Wolff,S,North Carolina State,71.0,209.0,4.44,,39.0,134.0,,4.07,DB,51.0,4.533333333333334,,,,,,,,,,,,,,,,,,,,,,,,,,,,6.0,2.0
2013,5,138,SEA,False,DB,DB,D,LSU,22.0,2016.0,0,0,0,3.0,Tharold Simon,CB,LSU,74.0,202.0,4.51,9.0,34.0,128.0,,,DB,34.0,25.33333333333333,,,,,,,,,,,,,,,,,,,,,,,,,,,,7.0,13.0
2013,5,139,IND,False,DT,DL,D,UT Martin,23.0,2016.0,0,0,0,2.0,Montori Hughes,DT,Tennessee-Martin,76.0,329.0,5.23,22.0,26.5,104.0,7.85,4.7,,,,,,,,,,,,,,,,,,,,,,,,,,,,,,,,
2013,5,140,ARI,False,RB,RB,O,Stanford,22.0,2016.0,0,0,0,3.0,Stepfan Taylor,RB,Stanford,69.0,214.0,4.76,17.0,30.0,110.0,7.13,4.5,RB,53.0,19.58888888888889,,,,,,,,,,843.0,4300.0,5.1,40.0,97.0,778.0,8.0,5.0,,,,,,,,,,,,
2013,5,141,NYJ,False,T,OL,O,Virginia,22.0,2022.0,0,0,3,5.0,Oday Aboushi,OT,Virginia,77.0,308.0,5.41,17.0,23.5,100.0,7.92,4.84,OL,25.0,,,,,,,,,,,,,,,,,,,,,,,,,,,,,,
2013,5,142,TEN,False,DE,DL,D,LSU,23.0,2017.0,0,0,0,1.0,Lavar Edwards,DE,LSU,76.0,277.0,4.8,,33.0,119.0,7.03,4.51,DL,52.0,22.05,,,,,,,,,,,,,,,,,,,,,,,10.5,41.0,55.0,96.0,20.0,,
2013,5,143,BUF,False,DB,DB,D,Clemson,23.0,2016.0,0,0,0,2.0,,,,,,,,,,,,DB,50.0,13.2,,,,,,,,,,,,,,,,,,,,,,,,,,,,7.0,6.0
2013,5,144,NOR,False,WR,WR,O,Oklahoma,21.0,2021.0,0,0,5,14.0,Kenny Stills,WR,Oklahoma,72.0,194.0,4.38,16.0,33.5,124.0,,4.35,WR,38.0,27.757142857142856,,,,,,,,,,,,,,,,,,204.0,2594.0,12.7,24.0,68.3,,,,,,,
2013,5,145,SDG,False,DB,DB,D,California,22.0,2016.0,0,0,0,4.0,Steve Williams,CB,California,69.0,181.0,4.42,12.0,40.5,128.0,6.89,4.1,DB,37.0,10.058823529411764,,,,,,,,,,,,,,,,,,,,,,,,,,,,6.0,14.0
2013,5,146,DEN,False,DE,DL,D,Western Kentucky,23.0,2014.0,0,0,0,1.0,Quanterus Smith,DE,Western Kentucky,77.0,250.0,4.74,,,,,,DL,46.0,,,,,,,,,,,,,,,,,,,,,,,,24.0,87.0,48.0,135.0,41.0,,
2013,5,147,TAM,False,DE,DL,D,Buffalo,22.0,2022.0,0,0,2,1.0,,,,,,,,,,,,DL,48.0,-23.25,,,,,,,,,,,,,,,,,,,,,,,19.5,87.0,99.0,186.0,30.5,,
2013,5,148,CAR,False,LB,LB,D,Iowa St.,22.0,2023.0,0,0,5,9.0,A.J. Klein,ILB,Iowa State,73.0,250.0,4.66,20.0,,113.0,,,LB,51.0,-0.5666666666666665,,,,,,,,,,,,,,,,,,,,,,,3.0,181.0,180.0,361.0,20.0,,
2013,5,149,STL,False,DB,DB,D,Miami (FL),22.0,2015.0,0,0,0,1.0,Brandon McGee,CB,Miami (FL),71.0,193.0,4.4,14.0,33.5,119.0,6.71,4.18,DB,45.0,13.876923076923076,,,,,,,,,,,,,,,,,,,,,,,,,,,,3.0,4.0
2013,5,151,DAL,False,RB,RB,O,Oklahoma St.,21.0,2015.0,0,0,0,7.0,Joseph Randle,RB,Oklahoma State,72.0,204.0,4.63,,35.0,123.0,,,RB,39.0,25.95744680851064,,,,,,,,,,564.0,3085.0,5.5,40.0,108.0,917.0,8.5,3.0,,,,,,,,,,,,
2013,5,152,NYG,False,DB,DB,D,Richmond,23.0,2015.0,0,0,0,1.0,,,,,,,,,,,,,,,,,,,,,,,,,,,,,,,,,,,,,,,,,,,
2013,5,153,ATL,False,DE,DL,D,TCU,22.0,2015.0,0,0,0,2.0,Stansly Maponga,DE,TCU,74.0,256.0,4.78,30.0,,,,,DL,36.0,,,,,,,,,,,,,,,,,,,,,,,,15.5,63.0,50.0,113.0,23.0,,
2013,5,154,WAS,False,RB,RB,O,Florida St.,22.0,2020.0,0,0,0,19.0,Chris Thompson,RB,Florida State,67.0,192.0,4.42,21.0,,,,,RB,39.0,16.878947368421052,,,,,,,,,,277.0,1735.0,6.3,14.0,45.0,430.0,9.6,1.0,,,,,,,,,,,,
2013,5,155,MIN,False,P,P,S,UCLA,23.0,2017.0,0,0,0,6.0,Jeff Locke,P,UCLA,73.0,209.0,4.82,,,,,,,,,,,,,,,,,,,,,,,,,,,,,,,,,,,,,
2013,5,156,CIN,False,T,OL,O,Kansas,23.0,2014.0,0,0,0,0.0,Tanner Hawkinson,OT,Kansas,77.0,298.0,5.07,,28.5,112.0,7.52,4.51,,,,,,,,,,,,,,,,,,,,,,,,,,,,,,,,
2013,5,157,SFO,False,DE,DL,D,Alabama,23.0,2017.0,0,0,2,13.0,Quinton Dial,DT,Alabama,77.0,318.0,5.29,,,,,,DL,25.0,,,,,,,,,,,,,,,,,,,,,,,,2.5,20.0,26.0,46.0,8.0,,
2013,5,158,SEA,False,TE,TE,O,Rice,23.0,2020.0,0,0,2,11.0,,,,,,,,,,,,TE,45.0,-15.55,,,,,,,,,,,,,,,,,,78.0,986.0,12.6,9.0,21.9,,,,,,,
2013,5,159,GNB,False,DB,DB,D,Iowa,22.0,2023.0,0,1,8,13.0,Micah Hyde,CB,Iowa,72.0,197.0,4.56,12.0,33.0,121.0,6.78,4.2,DB,51.0,8.531818181818183,,,,,,,,,,,,,,,,,,,,,,,,,,,,8.0,15.0
2013,5,160,STL,False,RB,RB,O,Vanderbilt,22.0,2015.0,0,0,1,10.0,Zac Stacy,RB,Vanderbilt,68.0,216.0,4.55,27.0,33.0,122.0,6.7,4.17,RB,45.0,1.7493670886075947,,,,,,,,,,581.0,3143.0,5.4,30.0,46.0,415.0,9.0,0.0,,,,,,,,,,,,
2013,6,162,WAS,False,DE,DL,D,Florida St.,23.0,2013.0,0,0,0,0.0,Brandon Jenkins,DE,Florida State,74.0,251.0,5.07,18.0,,,,,DL,40.0,,,,,,,,,,,,,,,,,,,,,,,,22.5,81.0,38.0,119.0,37.5,,
2013,6,163,CHI,False,T,OL,O,Louisiana Tech,22.0,2021.0,0,0,5,14.0,Jordan Mills,OT,Louisiana Tech,77.0,316.0,5.37,20.0,28.5,101.0,8.1,4.88,OL,17.0,,,,,,,,,,,,,,,,,,,,,,,,,,,,,,
2013,6,164,MIA,False,RB,RB,O,Florida,22.0,2018.0,0,0,0,0.0,Mike Gillislee,RB,Florida,71.0,208.0,4.55,15.0,30.5,119.0,7.12,4.4,RB,49.0,22.1,,,,,,,,,,389.0,2072.0,5.3,20.0,23.0,182.0,7.9,2.0,,,,,,,,,,,,
2013,6,165,DET,False,P,P,S,Appalachian St.,23.0,2025.0,0,0,2,14.0,,,,,,,,,,,,,,,,,,,,,,,,,,,,,,,,,,,,,,,,,,,
2013,6,166,MIA,False,K,K,S,Florida,24.0,2018.0,0,0,0,4.0,Caleb Sturgis,K,Florida,70.0,188.0,4.77,,,,,,,,,,,,,,,,,,,,,,,,,,,,,,,,,,,,,
2013,6,167,GNB,False,DE,DL,D,Mississippi St.,24.0,2015.0,0,0,0,4.0,Josh Boyd,DT,Mississippi State,75.0,310.0,5.14,32.0,26.5,104.0,7.16,4.64,DL,51.0,8.225,,,,,,,,,,,,,,,,,,,,,,,8.5,47.0,78.0,125.0,18.0,,
2013,6,168,BAL,False,T,OL,O,Wisconsin,23.0,2020.0,0,0,6,22.0,Ricky Wagner,OT,Wisconsin,78.0,308.0,5.17,20.0,31.5,101.0,7.94,4.91,,,,,,,,,,,,,,,,,,,,,,,,,,,,,,,,
2013,6,169,JAX,False,DB,DB,D,Florida,22.0,2016.0,0,0,3,13.0,Josh Evans,S,Florida,73.0,207.0,4.58,,34.5,123.0,6.64,4.1,DB,47.0,18.9,,,,,,,,,,,,,,,,,,,,,,,,,,,,5.0,
2013,6,170,KAN,False,C,OL,O,California (PA),23.0,2020.0,0,0,0,1.0,,,,,,,,,,,,,,,,,,,,,,,,,,,,,,,,,,,,,,,,,,,
2013,6,171,DET,False,WR,WR,O,Virginia Tech,23.0,2015.0,0,0,0,3.0,Corey Fuller,WR,Virginia Tech,74.0,204.0,4.43,12.0,31.5,120.0,,,WR,20.0,15.766666666666667,,,,,,,,,,,,,,,,,,45.0,834.0,18.5,6.0,41.7,,,,,,,
2013,6,172,OAK,False,TE,TE,O,Colorado,22.0,2013.0,0,0,0,0.0,Nick Kasa,TE,Colorado,78.0,269.0,4.71,22.0,31.5,113.0,,,DL,27.0,-13.0,,,,,,,,,,,,,,,,,,,,,,,1.0,18.0,10.0,28.0,2.0,,
2013,6,176,HOU,False,OL,OL,O,San Jose St.,23.0,2025.0,0,0,2,0.0,David Quessenberry,OT,San Jose State,77.0,302.0,5.08,25.0,29.5,112.0,7.49,4.45,,,,,,,,,,,,,,,,,,,,,,,,,,,,,,,,
2013,6,179,SDG,False,DE,DL,D,Florida International,22.0,2016.0,0,0,0,5.0,Tourek Williams,DE,Florida International,75.0,260.0,4.92,25.0,33.0,112.0,,,DL,49.0,,,,,,,,,,,,,,,,,,,,,,,,18.0,84.0,66.0,150.0,45.0,,
2013,6,180,SFO,False,LB,LB,D,Florida St.,23.0,2016.0,0,0,0,2.0,Nick Moody,OLB,Florida State,73.0,236.0,4.71,17.0,,118.0,,,DB,48.0,19.7,,,,,,,,,,,,,,,,,,,,,,,,,,,,1.0,2.0
2013,6,181,OAK,False,RB,RB,O,Central Florida,23.0,2023.0,0,1,3,17.0,,,,,,,,,,,,RB,45.0,1.1599999999999997,,,,,,,,,,453.0,2424.0,5.4,37.0,50.0,524.0,10.5,6.0,,,,,,,,,,,,
2013,6,182,CAR,False,RB,RB,O,Oregon,24.0,2021.0,0,0,0,0.0,Kenjon Barner,RB,Oregon,69.0,196.0,4.52,20.0,35.5,122.0,6.87,4.2,RB,49.0,26.114285714285717,,,,,,,,,,582.0,3623.0,6.2,41.0,54.0,591.0,10.9,7.0,,,,,,,,,,,,
2013,6,184,OAK,False,TE,TE,O,Tennessee,22.0,2016.0,0,0,1,10.0,Mychal Rivera,TE,Tennessee,75.0,242.0,4.81,17.0,31.0,112.0,7.17,4.43,TE,37.0,10.5,,,,,,,,,,,,,,,,,,76.0,1018.0,13.4,6.0,27.5,,,,,,,
2013,6,185,DAL,False,LB,LB,D,South Carolina,22.0,2013.0,0,0,0,1.0,DeVonte Holloman,OLB,South Carolina,73.0,243.0,4.76,15.0,33.0,113.0,7.3,4.26,DB,51.0,,,,,,,,,,,,,,,,,,,,,,,,,,,,,7.0,
2013,6,186,PIT,False,WR,WR,O,Oklahoma,22.0,2014.0,0,0,0,1.0,,,,,,,,,,,,WR,49.0,7.278823529411764,,,,,,,,,,,,,,,,,,146.0,1926.0,13.2,8.0,39.3,,,,,,,
2013,6,187,ARI,False,RB,RB,O,Clemson,24.0,2017.0,0,0,1,17.0,Andre Ellington,RB,Clemson,69.0,199.0,4.61,,34.0,122.0,,,RB,49.0,12.89722222222222,,,,,,,,,,621.0,3436.0,5.5,33.0,59.0,505.0,8.6,2.0,,,,,,,,,,,,
2013,6,188,CHI,False,LB,LB,D,Georgia,23.0,2017.0,0,0,0,3.0,Cornelius Washington,DE,Georgia,76.0,265.0,4.55,36.0,39.0,128.0,,,DL,51.0,,,,,,,,,,,,,,,,,,,,,,,,10.5,46.0,30.0,76.0,17.0,,
2013,6,189,TAM,False,RB,RB,O,Miami (FL),22.0,2016.0,0,0,0,2.0,Mike James,RB,Miami (FL),70.0,223.0,4.53,28.0,35.0,115.0,,4.62,RB,50.0,17.56,,,,,,,,,,304.0,1340.0,4.4,17.0,67.0,585.0,8.7,5.0,,,,,,,,,,,,
2013,6,190,CIN,False,RB,RB,O,Nebraska,23.0,2022.0,0,0,0,4.0,Rex Burkhead,RB,Nebraska,70.0,214.0,4.73,21.0,39.0,125.0,6.85,4.09,RB,44.0,18.33953488372093,,,,,,,,,,635.0,3329.0,5.2,30.0,60.0,507.0,8.5,5.0,,,,,,,,,,,,
2013,6,191,WAS,False,DB,DB,D,Georgia,23.0,2016.0,0,0,1,1.0,Bacarri Rambo,S,Georgia,72.0,211.0,4.56,17.0,,,,,DB,47.0,22.126923076923077,,,,,,,,,,,,,,,,,,,,,,,,,,,,16.0,
2013,7,193,GNB,False,LB,LB,D,Illinois St.,23.0,2017.0,0,0,1,7.0,,,,,,,,,,,,,,,,,,,,,,,,,,,,,,,,,,,,,,,,,,,
2013,7,194,SEA,False,RB,RB,O,LSU,21.0,2019.0,0,0,1,0.0,Spencer Ware,RB,LSU,70.0,228.0,4.62,,,,,,RB,36.0,24.288636363636364,,,,,,,,,,295.0,1249.0,4.2,10.0,39.0,404.0,10.4,2.0,,,,,,,,,,,,
2013,7,196,MIN,False,G,OL,O,UCLA,23.0,2013.0,0,0,0,0.0,Jeff Baca,OG,UCLA,75.0,302.0,5.03,,26.5,100.0,7.26,4.44,,,,,,,,,,,,,,,,,,,,,,,,,,,,,,,,
2013,7,197,CIN,False,WR,WR,O,Arkansas,22.0,2017.0,0,0,1,0.0,Cobi Hamilton,WR,Arkansas,74.0,212.0,4.56,11.0,29.5,107.0,,4.31,WR,51.0,19.34285714285714,,,,,,,,,,,,,,,,,,175.0,2854.0,16.3,18.0,56.0,,,,,,,
2013,7,199,DET,False,RB,RB,O,Notre Dame,22.0,2020.0,0,0,1,24.0,Theo Riddick,RB,Notre Dame,70.0,201.0,4.68,,32.0,118.0,,,RB,25.0,15.808333333333334,,,,,,,,,,219.0,1077.0,4.9,5.0,42.0,413.0,9.8,2.0,,,,,,,,,,,,
2013,7,200,BAL,False,DE,DL,D,Notre Dame,23.0,2015.0,0,0,0,0.0,Kapron Lewis-Moore,DT,Notre Dame,76.0,298.0,4.95,,,,,,DL,45.0,,,,,,,,,,,,,,,,,,,,,,,,12.0,79.0,101.0,180.0,22.0,,
2013,7,201,HOU,False,TE,TE,O,Connecticut,23.0,2022.0,0,0,5,10.0,,,,,,,,,,,,TE,48.0,-15.854794520547946,,,,,,,,,,,,,,,,,,116.0,1500.0,12.9,10.0,31.3,,,,,,,
2013,7,202,TEN,False,DB,DB,D,Nevada,23.0,2014.0,0,0,0,0.0,Khalid Wooten,CB,Nevada,71.0,210.0,4.53,17.0,33.5,117.0,6.95,4.18,DB,51.0,1.480434782608696,,,,,,,,,,,,,,,,,,,,,,,,,,,,10.0,5.0
2013,7,203,BAL,False,T,OL,O,Colorado State-Pueblo,22.0,2022.0,0,1,5,11.0,,,,,,,,,,,,,,,,,,,,,,,,,,,,,,,,,,,,,,,,,,,
2013,7,205,OAK,False,DT,DL,D,Oklahoma,23.0,2020.0,0,0,2,10.0,Stacy McGee,DT,Oklahoma,75.0,308.0,4.98,,,,,,DL,34.0,,,,,,,,,,,,,,,,,,,,,,,,2.5,29.0,34.0,63.0,9.5,,
2013,7,206,PIT,False,LB,LB,D,Florida St.,23.0,2020.0,0,0,5,35.0,,,,,,,,,,,,LB,49.0,9.638461538461538,,,,,,,,,,,,,,,,,,,,,,,3.0,85.0,54.0,139.0,12.5,,
2013,7,207,KAN,False,DE,DL,D,Princeton,23.0,2016.0,0,0,0,1.0,,,,,,,,,,,,,,,,,,,,,,,,,,,,,,,,,,,,,,,,,,,
2013,7,208,JAX,False,DB,DB,D,New Mexico St.,22.0,2015.0,0,0,0,0.0,,,,,,,,,,,,DB,25.0,-33.3,,,,,,,,,,,,,,,,,,,,,,,,,,,,1.0,2.0
2013,7,209,OAK,False,WR,WR,O,San Diego St.,23.0,2018.0,0,0,0,3.0,,,,,,,,,,,,WR,49.0,14.725,,,,,,,,,,,,,,,,,,65.0,901.0,13.9,7.0,18.4,,,,,,,
2013,7,210,JAX,False,DB,DB,D,Appalachian St.,22.0,2017.0,0,0,1,8.0,Demetrius McCray,CB,Appalachian State,73.0,187.0,4.54,4.0,36.0,126.0,7.17,4.32,,,,,,,,,,,,,,,,,,,,,,,,,,,,,,,,
2013,7,213,MIN,False,LB,LB,D,Penn St.,23.0,2017.0,0,0,0,2.0,Michael Mauti,OLB,Penn State,74.0,243.0,4.83,28.0,,,,,LB,26.0,12.8,,,,,,,,,,,,,,,,,,,,,,,4.5,91.0,92.0,183.0,12.5,,
2013,7,215,NYJ,False,RB,RB,O,Wake Forest,22.0,2018.0,0,0,1,1.0,Tommy Bohanon,FB,Wake Forest,73.0,246.0,4.88,36.0,35.0,119.0,7.27,4.42,RB,49.0,-6.05,,,,,,,,,,50.0,160.0,3.2,3.0,51.0,405.0,7.9,7.0,,,,,,,,,,,,
2013,7,217,CLE,False,DE,DL,D,East Central (OK),23.0,2016.0,0,0,0,4.0,Armonty Bryant,DE,East Central (OK),76.0,263.0,4.86,,31.5,118.0,7.32,5.0,,,,,,,,,,,,,,,,,,,,,,,,,,,,,,,,
2013,7,218,PHI,False,DB,DB,D,Oregon St.,22.0,2025.0,1,1,8,0.0,Jordan Poyer,CB,Oregon State,72.0,191.0,4.54,8.0,30.5,118.0,6.87,4.18,DB,49.0,4.791489361702127,,,,,,,,,,,,,,,,,,,,,,,,,,,,13.0,16.0
2013,7,219,ARI,False,TE,TE,O,Rutgers,24.0,2013.0,0,0,0,0.0,D.C. Jefferson,TE,Rutgers,78.0,255.0,4.97,3.0,,,,,TE,50.0,-4.477777777777778,,,,,,,,,,,,,,,,,,47.0,560.0,11.9,2.0,11.2,,,,,,,
2013,7,222,BUF,False,TE,TE,O,Arkansas,23.0,2015.0,0,0,0,1.0,Chris Gragg,TE,Arkansas,75.0,244.0,4.5,18.0,37.5,125.0,7.08,4.51,WR,43.0,16.275,,,,,,,,,,,,,,,,,,72.0,1003.0,13.9,7.0,23.3,,,,,,,
2013,7,224,GNB,False,WR,WR,O,Maryland,23.0,2014.0,0,0,0,0.0,,,,,,,,,,,,WR,47.0,0.7800000000000002,,,,,,,,,,,,,,,,,,81.0,1088.0,13.4,9.0,23.1,,,,,,,
2013,7,226,NWE,False,DE,DL,D,Illinois,22.0,2014.0,0,0,0,2.0,Michael Buchanan,DE,Illinois,77.0,255.0,4.78,22.0,33.0,113.0,6.91,4.44,DL,46.0,-9.8,,,,,,,,,,,,,,,,,,,,,,,14.0,68.0,93.0,161.0,26.0,,
2013,7,227,CLE,False,T,OL,O,Chadron St.,23.0,2014.0,0,0,0,1.0,Garrett Gilkey,OT,Chadron State,78.0,318.0,5.29,28.0,30.0,108.0,7.65,4.75,,,,,,,,,,,,,,,,,,,,,,,,,,,,,,,,
2013,7,230,IND,False,RB,RB,O,Utah St.,22.0,2017.0,0,0,0,0.0,Kerwynn Williams,RB,Utah State,68.0,195.0,4.48,17.0,35.0,118.0,7.15,4.15,RB,49.0,-5.990322580645161,,,,,,,,,,382.0,2515.0,6.6,22.0,64.0,870.0,13.6,5.0,,,,,,,,,,,,
2013,7,232,GNB,False,LB,LB,D,South Florida,22.0,2016.0,0,0,1,4.0,Sam Barrington,ILB,South Florida,73.0,246.0,4.91,22.0,32.5,117.0,,,LB,49.0,9.7,,,,,,,,,,,,,,,,,,,,,,,6.5,151.0,107.0,258.0,21.5,,
2013,7,235,NWE,False,LB,LB,D,Rutgers,23.0,2014.0,0,0,0,0.0,Steve Beauharnais,ILB,Rutgers,73.0,240.0,4.84,19.0,33.0,118.0,6.99,4.2,LB,51.0,1.4384615384615385,,,,,,,,,,,,,,,,,,,,,,,12.5,128.0,146.0,274.0,35.0,,
2013,7,236,CHI,False,WR,WR,O,Washington St.,20.0,2016.0,0,0,0,6.0,Marquess Wilson,WR,Washington State,75.0,194.0,4.51,7.0,34.5,122.0,6.65,4.33,WR,33.0,-3.8,,,,,,,,,,,,,,,,,,189.0,3207.0,17.0,23.0,97.2,,,,,,,
2013,7,242,SEA,False,T,OL,O,NE State (OK),21.0,2013.0,0,0,0,4.0,,,,,,,,,,,,,,,,,,,,,,,,,,,,,,,,,,,,,,,,,,,
2013,7,243,ATL,False,DB,DB,D,Central Florida,22.0,2019.0,0,0,1,13.0,,,,,,,,,,,,DB,53.0,2.0,,,,,,,,,,,,,,,,,,,,,,,,,,,,6.0,3.0
2013,7,244,ATL,False,DB,DB,D,Notre Dame,23.0,2013.0,0,0,0,1.0,Zeke Motta,S,Notre Dame,74.0,213.0,4.75,11.0,35.5,126.0,6.75,4.16,DB,51.0,16.85,,,,,,,,,,,,,,,,,,,,,,,,,,,,2.0,6.0
2013,7,248,TEN,False,DB,DB,D,Nebraska,22.0,2016.0,0,0,0,7.0,Daimion Stafford,S,Nebraska,72.0,221.0,4.69,21.0,30.5,111.0,7.06,,DB,27.0,20.3,,,,,,,,,,,,,,,,,,,,,,,,,,,,4.0,10.0
2013,7,249,ATL,False,QB,QB,O,Duke,23.0,2015.0,0,0,0,0.0,Sean Renfree,QB,Duke,75.0,219.0,4.76,,,,,,QB,42.0,-9.025,898.0,1389.0,64.7,9465.0,51.0,40.0,6.8,6.25,225.4,,,,,,,,,,,,,,,,,,,,
2013,7,250,MIA,False,DB,DB,D,Arkansas St.,23.0,2016.0,0,0,0,1.0,,,,,,,,,,,,DB,27.0,-7.152941176470588,,,,,,,,,,,,,,,,,,,,,,,,,,,,2.0,
2013,7,251,CIN,False,C,OL,O,South Carolina,23.0,2017.0,0,0,0,5.0,T.J. Johnson,C,South Carolina,76.0,310.0,5.33,32.0,25.5,96.0,7.83,4.74,,,,,,,,,,,,,,,,,,,,,,,,,,,,,,,,
2013,7,253,NYG,False,RB,RB,O,Massachusetts,24.0,2014.0,0,0,0,0.0,,,,,,,,,,,,RB,27.0,-4.116666666666666,,,,,,,,,,217.0,879.0,4.1,7.0,14.0,74.0,5.3,0.0,,,,,,,,,,,,
2013,7,254,IND,False,TE,TE,O,South Carolina,22.0,2015.0,0,0,0,0.0,Justice Cunningham,TE,South Carolina,75.0,258.0,4.94,,31.5,116.0,7.12,4.45,TE,53.0,16.9,,,,,,,,,,,,,,,,,,50.0,581.0,11.6,1.0,11.0,,,,,,,
2014,1,1,HOU,False,DE,DL,D,South Carolina,21.0,2025.0,0,3,10,38.0,Jadeveon Clowney,DE,South Carolina,77.0,266.0,4.53,21.0,37.5,124.0,7.27,4.43,DL,36.0,,,,,,,,,,,,,,,,,,,,,,,,24.0,85.0,44.0,129.0,47.0,,
2014,1,2,STL,False,T,OL,O,Auburn,21.0,2019.0,0,0,5,13.0,Greg Robinson,OT,Auburn,77.0,332.0,4.92,32.0,28.5,113.0,7.8,4.86,OL,12.0,,,,,,,,,,,,,,,,,,,,,,,,,,,,,,
2014,1,3,JAX,False,QB,QB,O,Central Florida,22.0,2019.0,0,0,5,44.0,Blake Bortles,QB,Central Florida,77.0,232.0,4.93,,32.5,115.0,7.08,4.21,QB,37.0,7.704878048780487,585.0,891.0,65.7,7598.0,56.0,19.0,8.5,8.82,205.4,,,,,,,,,,,,,,,,,,,,
2014,1,4,BUF,False,WR,WR,O,Clemson,21.0,2022.0,0,0,6,20.0,Sammy Watkins,WR,Clemson,73.0,211.0,4.43,16.0,34.0,126.0,6.95,4.34,WR,36.0,16.933333333333334,,,,,,,,,,,,,,,,,,240.0,3391.0,14.1,27.0,94.2,,,,,,,
2014,1,5,OAK,False,LB,LB,D,Buffalo,23.0,2025.0,3,9,10,41.0,Khalil Mack,OLB,Buffalo,75.0,251.0,4.65,23.0,40.0,128.0,7.08,4.18,LB,48.0,-14.25,,,,,,,,,,,,,,,,,,,,,,,28.5,185.0,142.0,327.0,74.5,,
2014,1,6,ATL,False,T,OL,O,Texas A&M,22.0,2025.0,0,1,11,75.0,Jake Matthews,OT,Texas A&M,77.0,308.0,5.07,24.0,30.5,105.0,7.34,4.47,LB,33.0,-4.5,,,,,,,,,,,,,,,,,,,,,,,3.0,69.0,38.0,107.0,3.5,,
2014,1,7,TAM,False,WR,WR,O,Texas A&M,21.0,2025.0,0,6,11,80.0,Mike Evans,WR,Texas A&M,77.0,231.0,4.53,12.0,37.0,,7.08,4.26,WR,26.0,16.236363636363635,,,,,,,,,,,,,,,,,,151.0,2499.0,16.5,17.0,96.1,,,,,,,
2014,1,8,CLE,False,DB,DB,D,Oklahoma St.,22.0,2016.0,0,0,0,3.0,Justin Gilbert,CB,Oklahoma State,72.0,202.0,4.37,20.0,35.5,126.0,6.92,,DB,51.0,19.2625,,,,,,,,,,,,,,,,,,,,,,,,,,,,12.0,18.0
2014,1,9,MIN,False,LB,LB,D,UCLA,22.0,2023.0,0,4,7,52.0,Anthony Barr,OLB,UCLA,77.0,255.0,4.66,15.0,34.5,119.0,6.82,4.19,LB,26.0,5.92,,,,,,,,,,,,,,,,,,,,,,,23.5,103.0,46.0,149.0,41.5,,
2014,1,10,DET,False,TE,TE,O,North Carolina,21.0,2021.0,0,1,4,15.0,Eric Ebron,TE,North Carolina,76.0,250.0,4.6,24.0,32.0,120.0,,,TE,34.0,11.975,,,,,,,,,,,,,,,,,,112.0,1805.0,16.1,8.0,53.1,,,,,,,
2014,1,11,TEN,False,T,OL,O,Michigan,23.0,2022.0,0,3,7,48.0,Taylor Lewan,OT,Michigan,79.0,309.0,4.87,29.0,30.5,117.0,7.39,4.49,OL,24.0,14.1,,,,,,,,,,,,,,,,,,,,,,,,,,,,,
2014,1,12,NYG,False,WR,WR,O,LSU,21.0,2024.0,0,3,6,41.0,"Odell Beckham, Jr.",WR,LSU,71.0,198.0,4.38,7.0,38.5,122.0,6.69,3.94,WR,40.0,28.522580645161288,,,,,,,,,,,,,,,,,,143.0,2340.0,16.4,12.0,58.5,,,,,,,
2014,1,13,STL,False,DT,DL,D,Pittsburgh,23.0,2023.0,8,10,10,123.0,Aaron Donald,DT,Pittsburgh,73.0,285.0,4.68,35.0,32.0,116.0,7.11,4.39,DL,51.0,,,,,,,,,,,,,,,,,,,,,,,,29.5,115.0,66.0,181.0,66.0,,
2014,1,14,CHI,False,DB,DB,D,Virginia Tech,22.0,2022.0,1,2,5,45.0,Kyle Fuller,CB,Virginia Tech,72.0,190.0,4.49,12.0,38.5,128.0,6.9,4.19,DB,46.0,14.704545454545457,,,,,,,,,,,,,,,,,,,,,,,,,,,,6.0,21.0
2014,1,15,PIT,False,LB,LB,D,Ohio St.,22.0,2017.0,0,2,3,27.0,Ryan Shazier,OLB,Ohio State,73.0,237.0,4.58,25.0,42.0,130.0,6.91,4.21,LB,39.0,17.91111111111111,,,,,,,,,,,,,,,,,,,,,,,15.0,210.0,107.0,317.0,45.5,,
2014,1,16,DAL,False,G,OL,O,Notre Dame,23.0,2024.0,7,9,11,103.0,Zack Martin,OG,Notre Dame,76.0,308.0,5.22,29.0,28.0,106.0,7.65,4.59,OL,26.0,-10.7,,,,,,,,,,,,,,,,,,,,,,,,,,,,,
2014,1,17,BAL,False,LB,LB,D,Alabama,22.0,2024.0,0,5,8,59.0,C.J. Mosley,ILB,Alabama,74.0,234.0,4.65,,35.0,118.0,7.3,4.4,LB,51.0,33.03333333333333,,,,,,,,,,,,,,,,,,,,,,,6.5,175.0,142.0,317.0,23.0,,
2014,1,18,NYJ,False,DB,DB,D,Louisville,22.0,2017.0,0,0,3,13.0,Calvin Pryor,S,Louisville,71.0,207.0,4.58,18.0,34.5,116.0,,,DB,36.0,,,,,,,,,,,,,,,,,,,,,,,,,,,,,7.0,9.0
2014,1,19,MIA,False,T,OL,O,Tennessee,22.0,2022.0,0,0,4,26.0,Ja'Wuan James,OT,Tennessee,78.0,311.0,5.26,22.0,29.0,103.0,7.42,4.56,OL,37.0,,,,,,,,,,,,,,,,,,,,,,,,,,,,,,
2014,1,20,NOR,False,WR,WR,O,Oregon St.,20.0,2025.0,0,0,10,21.0,Brandin Cooks,WR,Oregon State,70.0,189.0,4.33,16.0,36.0,120.0,6.76,3.81,WR,38.0,4.853191489361702,,,,,,,,,,,,,,,,,,226.0,3272.0,14.5,24.0,86.1,,,,,,,
2014,1,21,GNB,False,DB,DB,D,Alabama,21.0,2021.0,0,1,6,24.0,Ha Ha Clinton-Dix,S,Alabama,73.0,208.0,4.58,11.0,33.0,119.0,7.16,4.16,DB,38.0,35.3,,,,,,,,,,,,,,,,,,,,,,,,,,,,7.0,15.0
2014,1,22,CLE,False,QB,QB,O,Texas A&M,21.0,2015.0,0,0,0,4.0,Johnny Manziel,QB,Texas A&M,72.0,207.0,4.68,,31.5,113.0,6.75,4.03,QB,26.0,25.548387096774192,595.0,863.0,68.9,7820.0,63.0,22.0,9.1,9.37,300.8,,,,,,,,,,,,,,,,,,,,
2014,1,23,KAN,False,LB,LB,D,Auburn,23.0,2021.0,0,1,2,21.0,Dee Ford,DE,Auburn,74.0,252.0,,,,,,,DL,52.0,17.4,,,,,,,,,,,,,,,,,,,,,,,20.5,60.0,33.0,93.0,27.5,,
2014,1,24,CIN,False,DB,DB,D,Michigan St.,22.0,2021.0,0,0,0,12.0,Darqueze Dennard,CB,Michigan State,71.0,199.0,4.52,15.0,,,,,DB,43.0,17.433333333333334,,,,,,,,,,,,,,,,,,,,,,,,,,,,10.0,13.0
2014,1,25,SDG,False,DB,DB,D,TCU,23.0,2023.0,0,1,2,13.0,Jason Verrett,CB,TCU,69.0,189.0,4.38,,39.0,128.0,6.69,4.0,DB,37.0,13.666666666666666,,,,,,,,,,,,,,,,,,,,,,,,,,,,9.0,17.0
2014,1,26,PHI,False,LB,LB,D,Louisville,22.0,2018.0,0,0,0,3.0,Marcus Smith,DE,Louisville,75.0,251.0,4.66,23.0,35.0,121.0,7.48,4.47,DL,36.0,-12.359375,,,,,,,,,,,,,,,,,,,,,,,25.5,57.0,25.0,82.0,32.5,,
2014,1,27,ARI,False,DB,DB,D,Washington St.,22.0,2020.0,0,0,4,29.0,Deone Bucannon,S,Washington State,73.0,211.0,4.49,19.0,36.5,125.0,6.96,4.26,DB,49.0,-1.3250000000000004,,,,,,,,,,,,,,,,,,,,,,,,,,,,15.0,9.0
2014,1,28,CAR,False,WR,WR,O,Florida St.,23.0,2018.0,0,0,4,18.0,Kelvin Benjamin,WR,Florida State,77.0,240.0,4.61,13.0,32.5,119.0,7.33,4.39,WR,28.0,33.36666666666667,,,,,,,,,,,,,,,,,,84.0,1506.0,17.9,19.0,53.8,,,,,,,
2014,1,29,NWE,False,DT,DL,D,Florida,22.0,2018.0,0,0,0,4.0,Dominique Easley,DT,Florida,74.0,288.0,4.93,26.0,,,,,DL,31.0,14.7,,,,,,,,,,,,,,,,,,,,,,,5.5,38.0,34.0,72.0,18.0,,
2014,1,30,SFO,False,DB,DB,D,Northern Illinois,23.0,2024.0,0,0,6,25.0,Jimmie Ward,S,Northern Illinois,71.0,193.0,4.59,9.0,,,,,DB,54.0,6.027272727272727,,,,,,,,,,,,,,,,,,,,,,,,,,,,11.0,14.0
2014,1,31,DEN,False,DB,DB,D,Ohio St.,22.0,2023.0,0,0,4,14.0,Bradley Roby,CB,Ohio State,71.0,194.0,4.39,17.0,38.5,124.0,,4.04,DB,36.0,24.4875,,,,,,,,,,,,,,,,,,,,,,,,,,,,8.0,19.0
2014,1,32,MIN,False,QB,QB,O,Louisville,21.0,2025.0,0,1,4,22.0,Teddy Bridgewater,QB,Louisville,74.0,214.0,,,30.0,113.0,7.17,4.2,QB,39.0,13.966666666666669,781.0,1142.0,68.4,9817.0,72.0,24.0,8.6,8.91,251.7,,,,,,,,,,,,,,,,,,,,
2014,2,33,HOU,False,G,OL,O,UCLA,23.0,2021.0,0,0,3,17.0,Xavier Su'a-Filo,OG,UCLA,76.0,307.0,5.04,25.0,25.0,102.0,7.6,4.44,,,,,,,,,,,,,,,,,,,,,,,,,,,,,,,,
2014,2,34,DAL,False,DE,DL,D,Boise St.,22.0,2025.0,0,5,7,65.0,Demarcus Lawrence,DE,Boise State,75.0,251.0,4.8,20.0,34.5,113.0,7.46,4.31,DL,23.0,,,,,,,,,,,,,,,,,,,,,,,,20.0,63.0,57.0,120.0,34.0,,
2014,2,35,CLE,False,G,OL,O,Nevada,22.0,2025.0,2,7,10,75.0,Joel Bitonio,OG,Nevada,76.0,302.0,4.92,22.0,32.0,114.0,7.37,4.44,OL,28.0,,,,,,,,,,,,,,,,,,,,,,,,,,,,,,
2014,2,36,OAK,False,QB,QB,O,Fresno St.,23.0,2024.0,0,4,11,80.0,Derek Carr,QB,Fresno State,74.0,214.0,4.69,,34.5,110.0,,4.2,QB,44.0,5.086153846153847,1087.0,1630.0,66.7,12843.0,113.0,24.0,7.9,8.6,291.9,,,,,,,,,,,,,,,,,,,,
2014,2,37,ATL,False,DT,DL,D,Minnesota,24.0,2016.0,0,0,1,8.0,Ra'Shede Hageman,DT,Minnesota,78.0,310.0,4.92,32.0,35.5,114.0,7.87,4.5,DL,46.0,2.5,,,,,,,,,,,,,,,,,,,,,,,10.0,57.0,34.0,91.0,24.0,,
2014,2,38,TAM,False,TE,TE,O,Washington,21.0,2018.0,0,0,2,5.0,Austin Seferian-Jenkins,TE,Washington,77.0,262.0,4.75,20.0,,,,,TE,38.0,10.166666666666666,,,,,,,,,,,,,,,,,,146.0,1840.0,12.6,21.0,48.4,,,,,,,
2014,2,39,JAX,False,WR,WR,O,USC,22.0,2019.0,0,0,2,17.0,Marqise Lee,WR,USC,72.0,192.0,4.52,,38.0,127.0,,4.01,WR,36.0,22.98,,,,,,,,,,,,,,,,,,248.0,3655.0,14.7,29.0,101.5,,,,,,,
2014,2,40,DET,False,LB,LB,D,BYU,23.0,2025.0,0,1,7,4.0,Kyle Van Noy,OLB,BYU,75.0,243.0,4.71,21.0,32.5,112.0,7.22,4.2,LB,52.0,9.1,,,,,,,,,,,,,,,,,,,,,,,25.0,157.0,69.0,226.0,61.5,,
2014,2,41,STL,False,DB,DB,D,Florida St.,23.0,2022.0,0,0,4,15.0,Lamarcus Joyner,CB,Florida State,68.0,184.0,4.55,14.0,37.5,124.0,7.26,4.4,DB,55.0,27.950000000000003,,,,,,,,,,,,,,,,,,,,,,,,,,,,8.0,10.0
2014,2,42,PHI,False,WR,WR,O,Vanderbilt,22.0,2024.0,0,0,3,21.0,Jordan Matthews,WR,Vanderbilt,75.0,212.0,4.46,21.0,35.5,120.0,6.95,4.18,WR,51.0,6.6375,,,,,,,,,,,,,,,,,,262.0,3759.0,14.3,24.0,73.7,,,,,,,
2014,2,43,NYG,False,OL,OL,O,Colorado St.,23.0,2019.0,0,0,5,21.0,Weston Richburg,C,Colorado State,75.0,298.0,5.1,25.0,25.5,106.0,7.93,4.63,OL,1.0,,,,,,,,,,,,,,,,,,,,,,,,,,,,,,
2014,2,44,BUF,False,T,OL,O,Alabama,21.0,2018.0,0,0,0,5.0,Cyrus Kouandjio,OT,Alabama,79.0,322.0,5.59,21.0,27.5,96.0,7.71,4.84,,,,,,,,,,,,,,,,,,,,,,,,,,,,,,,,
2014,2,45,SEA,False,WR,WR,O,Colorado,22.0,2019.0,0,0,3,11.0,Paul Richardson,WR,Colorado,72.0,175.0,4.4,,38.0,124.0,7.09,,TE,33.0,-3.878571428571429,,,,,,,,,,,,,,,,,,156.0,2412.0,15.5,21.0,73.1,,,,,,,
2014,2,46,PIT,False,DE,DL,D,Notre Dame,21.0,2020.0,0,0,6,38.0,Stephon Tuitt,DT,Notre Dame,77.0,304.0,4.92,31.0,,,,,DL,35.0,13.2,,,,,,,,,,,,,,,,,,,,,,,21.5,59.0,67.0,126.0,25.0,,
2014,2,47,WAS,False,LB,LB,D,Stanford,23.0,2020.0,0,0,4,11.0,Trent Murphy,DE,Stanford,77.0,250.0,4.86,19.0,35.5,118.0,6.78,4.2,DL,43.0,18.5,,,,,,,,,,,,,,,,,,,,,,,32.5,102.0,58.0,160.0,52.5,,
2014,2,48,BAL,False,DT,DL,D,Florida St.,21.0,2020.0,0,0,4,14.0,Timmy Jernigan,DT,Florida State,74.0,299.0,5.06,27.0,29.5,102.0,,4.83,DL,40.0,,,,,,,,,,,,,,,,,,,,,,,,8.5,73.0,65.0,138.0,25.0,,
2014,2,49,NYJ,False,TE,TE,O,Texas Tech,22.0,2016.0,0,0,0,3.0,Jace Amaro,TE,Texas Tech,77.0,265.0,4.74,28.0,33.0,118.0,7.42,4.3,TE,32.0,11.933333333333334,,,,,,,,,,,,,,,,,,138.0,1818.0,13.2,13.0,56.8,,,,,,,
2014,2,50,SDG,False,LB,LB,D,Georgia Tech,21.0,2022.0,0,0,1,8.0,Jeremiah Attaochu,OLB,Georgia Tech,75.0,252.0,,,,,,,LB,49.0,,,,,,,,,,,,,,,,,,,,,,,,31.5,134.0,62.0,196.0,43.5,,
2014,2,51,CHI,False,DT,DL,D,LSU,22.0,2015.0,0,0,0,2.0,Ego Ferguson,DT,LSU,75.0,315.0,4.98,24.0,,,,,DL,38.0,,,,,,,,,,,,,,,,,,,,,,,,1.0,24.0,61.0,85.0,5.0,,
2014,2,52,ARI,False,TE,TE,O,Notre Dame,21.0,2017.0,0,0,1,1.0,Troy Niklas,TE,Notre Dame,78.0,270.0,4.84,27.0,32.0,114.0,7.57,4.55,TE,26.0,16.2,,,,,,,,,,,,,,,,,,37.0,573.0,15.5,6.0,22.0,,,,,,,
2014,2,53,GNB,False,WR,WR,O,Fresno St.,21.0,2025.0,3,6,10,59.0,Davante Adams,WR,Fresno State,73.0,212.0,4.56,14.0,39.5,123.0,6.82,4.3,WR,26.0,10.033333333333331,,,,,,,,,,,,,,,,,,233.0,3031.0,13.0,38.0,116.6,,,,,,,
2014,2,54,TEN,False,RB,RB,O,Washington,21.0,2015.0,0,0,1,6.0,Bishop Sankey,RB,Washington,69.0,209.0,4.49,26.0,35.5,126.0,6.75,4.0,RB,38.0,9.271428571428572,,,,,,,,,,644.0,3496.0,5.4,37.0,67.0,567.0,8.5,1.0,,,,,,,,,,,,
2014,2,55,CIN,False,RB,RB,O,LSU,21.0,2018.0,0,0,3,21.0,Jeremy Hill,RB,LSU,73.0,233.0,4.56,20.0,29.0,113.0,,,RB,24.0,17.5,,,,,,,,,,345.0,2156.0,6.2,28.0,26.0,254.0,9.8,0.0,,,,,,,,,,,,
2014,2,56,DEN,False,WR,WR,O,Indiana,21.0,2019.0,0,0,1,3.0,Cody Latimer,WR,Indiana,74.0,215.0,4.52,23.0,,,,,WR,32.0,-9.249999999999998,,,,,,,,,,,,,,,,,,135.0,2042.0,15.1,17.0,63.8,,,,,,,
2014,2,57,SFO,False,RB,RB,O,Ohio St.,23.0,2021.0,0,0,4,18.0,Carlos Hyde,RB,Ohio State,72.0,230.0,4.62,19.0,34.5,114.0,,,RB,41.0,21.75,,,,,,,,,,523.0,3198.0,6.1,37.0,34.0,271.0,8.0,4.0,,,,,,,,,,,,
2014,2,58,NOR,False,DB,DB,D,Nebraska,24.0,2017.0,0,0,0,0.0,Stanley Jean-Baptiste,CB,Nebraska,75.0,218.0,4.61,13.0,41.5,128.0,,4.33,DB,26.0,15.182352941176472,,,,,,,,,,,,,,,,,,,,,,,,,,,,6.0,12.0
2014,2,59,IND,False,T,OL,O,Ohio St.,23.0,2017.0,0,0,4,22.0,Jack Mewhort,OT,Ohio State,78.0,309.0,5.37,28.0,26.0,101.0,7.79,4.64,,,,,,,,,,,,,,,,,,,,,,,,,,,,,,,,
2014,2,60,CAR,False,DE,DL,D,Missouri,22.0,2018.0,0,0,0,10.0,Kony Ealy,DE,Missouri,76.0,273.0,4.92,22.0,31.0,114.0,6.83,4.45,DL,39.0,19.3,,,,,,,,,,,,,,,,,,,,,,,13.5,56.0,40.0,96.0,28.0,,
2014,2,61,JAX,False,WR,WR,O,Penn St.,21.0,2024.0,0,1,8,18.0,Allen Robinson,WR,Penn State,75.0,220.0,4.6,,39.0,127.0,7.0,4.0,WR,35.0,10.85,,,,,,,,,,,,,,,,,,177.0,2479.0,14.0,17.0,70.8,,,,,,,
2014,2,62,NWE,False,QB,QB,O,Eastern Illinois,22.0,2025.0,0,0,3,2.0,Jimmy Garoppolo,QB,East. Illinois,74.0,226.0,4.97,,30.5,110.0,7.04,4.26,,,,,,,,,,,,,,,,,,,,,,,,,,,,,,,,
2014,2,63,MIA,False,WR,WR,O,LSU,21.0,2022.0,0,5,8,28.0,Jarvis Landry,WR,LSU,71.0,205.0,4.65,12.0,28.5,110.0,,,WR,40.0,28.025,,,,,,,,,,,,,,,,,,137.0,1809.0,13.2,15.0,45.2,,,,,,,
2014,2,64,SEA,False,T,OL,O,Missouri,23.0,2022.0,0,0,7,39.0,Justin Britt,OT,Missouri,78.0,325.0,5.19,23.0,27.5,100.0,8.14,4.69,OL,22.0,15.0,,,,,,,,,,,,,,,,,,,,,,,,,,,,,
2014,3,65,HOU,False,TE,TE,O,Iowa,22.0,2017.0,0,0,2,6.0,C.J. Fiedorowicz,TE,Iowa,77.0,265.0,4.76,25.0,31.5,116.0,7.1,4.26,TE,51.0,11.9,,,,,,,,,,,,,,,,,,91.0,899.0,9.9,10.0,17.6,,,,,,,
2014,3,66,WAS,False,OL,OL,O,Virginia,23.0,2025.0,0,0,10,36.0,Morgan Moses,OT,Virginia,78.0,314.0,5.35,,21.5,106.0,7.93,4.95,OL,13.0,,,,,,,,,,,,,,,,,,,,,,,,,,,,,,
2014,3,67,MIA,False,T,OL,O,North Dakota St.,22.0,2023.0,0,0,5,5.0,Billy Turner,OT,North Dakota State,77.0,315.0,5.16,25.0,28.0,108.0,7.92,4.71,,,,,,,,,,,,,,,,,,,,,,,,,,,,,,,,
2014,3,68,ATL,False,DB,DB,D,Wisconsin,23.0,2017.0,0,0,0,1.0,Dezmen Southward,S,Wisconsin,72.0,211.0,4.38,,,,,,DB,52.0,18.45,,,,,,,,,,,,,,,,,,,,,,,,,,,,2.0,7.0
2014,3,69,TAM,False,RB,RB,O,West Virginia,23.0,2017.0,0,0,0,13.0,Charles Sims,RB,West Virginia,72.0,214.0,4.48,17.0,37.5,126.0,7.16,4.3,RB,48.0,1.4096153846153845,,,,,,,,,,592.0,3465.0,5.9,40.0,203.0,2108.0,10.4,11.0,,,,,,,,,,,,
2014,3,70,SFO,False,C,OL,O,USC,20.0,2020.0,0,0,2,11.0,Marcus Martin,C,USC,75.0,320.0,5.38,23.0,,,,,G,1.0,,,,,,,,,,,,,,,,,,,,,,,,,,,,,,
2014,3,71,CLE,False,LB,LB,D,Iowa,22.0,2022.0,0,0,5,22.0,Christian Kirksey,OLB,Iowa,74.0,233.0,4.72,16.0,32.0,122.0,,,LB,49.0,12.288235294117648,,,,,,,,,,,,,,,,,,,,,,,5.5,151.0,164.0,315.0,13.5,,
2014,3,72,MIN,False,DE,DL,D,Oregon St.,22.0,2015.0,0,0,0,2.0,Scott Crichton,DE,Oregon State,75.0,273.0,4.84,24.0,31.5,108.0,7.19,4.29,DL,38.0,,,,,,,,,,,,,,,,,,,,,,,,23.5,100.0,65.0,165.0,51.0,,
2014,3,73,BUF,False,LB,LB,D,Louisville,21.0,2019.0,0,0,6,28.0,Preston Brown,ILB,Louisville,73.0,251.0,4.86,23.0,33.0,116.0,6.98,4.26,DB,26.0,9.321428571428571,,,,,,,,,,,,,,,,,,,,,,,,,,,,0.0,
2014,3,74,NYG,False,DT,DL,D,Syracuse,22.0,2018.0,0,0,0,5.0,Jay Bromley,DT,Syracuse,75.0,306.0,5.06,26.0,33.5,106.0,7.92,4.78,DL,50.0,,,,,,,,,,,,,,,,,,,,,,,,13.0,70.0,50.0,120.0,24.5,,
2014,3,75,STL,False,RB,RB,O,Auburn,21.0,2015.0,0,0,1,8.0,Tre Mason,RB,Auburn,68.0,207.0,4.5,,38.5,126.0,,4.15,RB,38.0,13.5,,,,,,,,,,516.0,2979.0,5.8,32.0,19.0,249.0,13.1,1.0,,,,,,,,,,,,
2014,3,76,DET,False,C,OL,O,Arkansas,23.0,2018.0,0,0,4,20.0,Travis Swanson,C,Arkansas,77.0,312.0,5.28,20.0,26.0,95.0,7.73,4.65,OL,12.0,,,,,,,,,,,,,,,,,,,,,,,,,,,,,,
2014,3,77,SFO,False,LB,LB,D,Wisconsin,23.0,2014.0,0,0,1,6.0,Chris Borland,ILB,Wisconsin,71.0,248.0,4.83,27.0,31.0,114.0,7.18,4.27,LB,54.0,19.772972972972973,,,,,,,,,,,,,,,,,,,,,,,17.0,233.0,187.0,420.0,50.0,,
2014,3,78,WAS,False,G,OL,O,Nebraska,23.0,2019.0,0,0,3,16.0,Spencer Long,OG,Nebraska,77.0,320.0,5.16,,,,,,OL,15.0,,,,,,,,,,,,,,,,,,,,,,,,,,,,,,
2014,3,79,BAL,False,DB,DB,D,Florida St.,22.0,2021.0,0,0,0,2.0,Terrence Brooks,S,Florida State,71.0,198.0,4.42,10.0,38.0,119.0,7.35,,DB,49.0,30.7,,,,,,,,,,,,,,,,,,,,,,,,,,,,5.0,11.0
2014,3,80,NYJ,False,DB,DB,D,Maryland,23.0,2018.0,0,0,0,1.0,Dexter McDougle,CB,Maryland,70.0,196.0,4.47,,,,,,DB,38.0,1.7611111111111115,,,,,,,,,,,,,,,,,,,,,,,,,,,,6.0,11.0
2014,3,81,OAK,False,G,OL,O,Mississippi St.,23.0,2023.0,0,0,9,36.0,Gabe Jackson,OG,Mississippi State,75.0,336.0,5.34,30.0,29.0,108.0,8.25,4.78,OL,40.0,10.6,,,,,,,,,,,,,,,,,,,,,,,,,,,,,
2014,3,82,CHI,False,DT,DL,D,Arizona St.,22.0,2016.0,0,0,2,8.0,Will Sutton,DT,Arizona State,72.0,303.0,5.36,24.0,28.5,99.0,7.93,4.82,DL,51.0,17.5,,,,,,,,,,,,,,,,,,,,,,,20.5,95.0,66.0,161.0,45.5,,
2014,3,84,ARI,False,DE,DL,D,North Carolina,22.0,2020.0,0,0,2,9.0,Kareem Martin,DE,North Carolina,78.0,272.0,4.72,22.0,35.5,129.0,7.2,4.33,DL,49.0,,,,,,,,,,,,,,,,,,,,,,,,19.5,92.0,86.0,178.0,45.5,,
2014,3,86,PHI,False,WR,WR,O,Oregon,22.0,2016.0,0,0,0,6.0,Josh Huff,WR,Oregon,71.0,206.0,4.51,14.0,35.5,116.0,,,WR,49.0,28.03333333333333,,,,,,,,,,,,,,,,,,144.0,2366.0,16.4,24.0,48.3,,,,,,,
2014,3,87,KAN,False,DB,DB,D,Rice,23.0,2020.0,0,0,1,6.0,Phillip Gaines,CB,Rice,72.0,193.0,4.38,11.0,36.5,122.0,6.62,4.04,DB,51.0,-1.5,,,,,,,,,,,,,,,,,,,,,,,,,,,,4.0,38.0
2014,3,88,CIN,False,DE,DL,D,West Virginia,23.0,2018.0,0,0,0,4.0,Will Clarke,DE,West Virginia,78.0,271.0,4.77,22.0,32.0,112.0,7.26,4.57,DB,25.0,,,,,,,,,,,,,,,,,,,,,,,,,,,,,0.0,5.0
2014,3,89,SDG,False,G,OL,O,Notre Dame,24.0,2015.0,0,0,0,5.0,Chris Watt,OG,Notre Dame,75.0,310.0,5.5,29.0,,,,,OL,13.0,,,,,,,,,,,,,,,,,,,,,,,,,,,,,,
2014,3,90,IND,False,WR,WR,O,Mississippi,21.0,2020.0,0,0,3,15.0,Donte Moncrief,WR,Mississippi,74.0,221.0,4.4,13.0,39.5,132.0,7.02,4.3,WR,38.0,5.633333333333334,,,,,,,,,,,,,,,,,,156.0,2371.0,15.2,20.0,62.4,,,,,,,
2014,3,91,ARI,False,WR,WR,O,Pittsburg St.,24.0,2022.0,0,0,5,19.0,John Brown,WR,Pittsburg State,70.0,179.0,4.34,,36.5,119.0,6.91,4.12,,,,,,,,,,,,,,,,,,,,,,,,,,,,,,,,
2014,3,92,CAR,False,OL,OL,O,LSU,21.0,2022.0,0,5,9,41.0,Trai Turner,OG,LSU,75.0,310.0,4.93,25.0,27.5,,,,G,1.0,,,,,,,,,,,,,,,,,,,,,,,,,,,,,,
2014,3,93,JAX,False,OL,OL,O,Miami (FL),22.0,2021.0,0,0,6,31.0,Brandon Linder,OG,Miami (FL),78.0,311.0,5.35,30.0,26.5,100.0,,,OL,1.0,,,,,,,,,,,,,,,,,,,,,,,,,,,,,,
2014,3,94,CLE,False,RB,RB,O,Towson,23.0,2017.0,0,0,2,3.0,Terrance West,RB,Towson,69.0,225.0,4.56,16.0,33.5,120.0,,,,,,,,,,,,,,,,,,,,,,,,,,,,,,,,,,
2014,3,95,DEN,False,OL,OL,O,Michigan,23.0,2023.0,0,0,5,10.0,Michael Schofield,OT,Michigan,78.0,301.0,5.01,,24.0,93.0,7.62,4.57,OL,26.0,,,,,,,,,,,,,,,,,,,,,,,,,,,,,,
2014,3,96,MIN,False,RB,RB,O,Georgia Southern,22.0,2023.0,0,0,1,20.0,Jerick McKinnon,RB,Georgia Southern,69.0,209.0,4.41,32.0,40.5,132.0,6.83,4.12,,,,,,,,,,,,,,,,,,,,,,,,,,,,,,,,
2014,4,97,PIT,False,WR,WR,O,Kent St.,23.0,2015.0,0,0,0,0.0,Dri Archer,WR,Kent State,68.0,173.0,4.26,20.0,38.0,122.0,6.86,4.06,RB,47.0,-7.015584415584416,,,,,,,,,,325.0,2342.0,7.2,24.0,99.0,1194.0,12.1,12.0,,,,,,,,,,,,
2014,4,98,GNB,False,TE,TE,O,California,22.0,2022.0,0,0,2,11.0,Richard Rodgers,TE,California,76.0,257.0,4.87,16.0,31.5,116.0,7.23,4.47,TE,35.0,0.0250000000000001,,,,,,,,,,,,,,,,,,59.0,896.0,15.2,2.0,25.6,,,,,,,
2014,4,99,BAL,False,TE,TE,O,Colorado St.,22.0,2016.0,0,0,1,4.0,Crockett Gillmore,TE,Colorado State,78.0,260.0,4.89,,33.5,120.0,7.42,4.44,TE,35.0,-8.395454545454545,,,,,,,,,,,,,,,,,,111.0,1308.0,11.8,8.0,37.4,,,,,,,
2014,4,101,PHI,False,DB,DB,D,Florida,22.0,2020.0,0,0,0,3.0,Jaylen Watkins,CB,Florida,71.0,194.0,4.41,22.0,,,,,DB,48.0,20.22222222222222,,,,,,,,,,,,,,,,,,,,,,,,,,,,3.0,13.0
2014,4,102,WAS,False,DB,DB,D,Clemson,22.0,2021.0,0,0,7,20.0,Bashaud Breeland,CB,Clemson,71.0,197.0,4.62,11.0,34.5,123.0,7.04,4.33,DB,37.0,12.938461538461535,,,,,,,,,,,,,,,,,,,,,,,,,,,,6.0,17.0
2014,4,103,ATL,False,RB,RB,O,Florida St.,22.0,2021.0,0,2,4,45.0,Devonta Freeman,RB,Florida State,68.0,206.0,4.58,,31.5,118.0,7.11,4.26,RB,40.0,30.7,,,,,,,,,,404.0,2255.0,5.6,30.0,47.0,475.0,10.1,1.0,,,,,,,,,,,,
2014,4,104,NYJ,False,WR,WR,O,Oklahoma,21.0,2014.0,0,0,0,0.0,Jalen Saunders,WR,Oklahoma,69.0,165.0,4.44,,34.0,122.0,,,WR,48.0,11.516666666666667,,,,,,,,,,,,,,,,,,203.0,3085.0,15.2,26.0,64.3,,,,,,,
2014,4,105,NWE,False,C,OL,O,Florida St.,23.0,2015.0,0,0,1,11.0,Bryan Stork,C,Florida State,76.0,315.0,5.44,,,,,,OL,25.0,,,,,,,,,,,,,,,,,,,,,,,,,,,,,,
2014,4,106,SFO,False,WR,WR,O,South Carolina,23.0,2018.0,0,0,0,2.0,Bruce Ellington,WR,South Carolina,69.0,197.0,4.45,15.0,39.5,120.0,6.69,3.95,WR,38.0,18.520312500000003,,,,,,,,,,,,,,,,,,106.0,1586.0,15.0,16.0,41.7,,,,,,,
2014,4,107,OAK,False,DT,DL,D,Louisiana Tech,23.0,2022.0,0,0,3,19.0,Justin Ellis,DT,Louisiana Tech,73.0,334.0,5.27,25.0,28.0,92.0,7.81,4.75,DL,34.0,-0.1,,,,,,,,,,,,,,,,,,,,,,,2.5,36.0,62.0,98.0,9.0,,
2014,4,108,SEA,False,DE,DL,D,UCLA,22.0,2021.0,0,0,0,5.0,Cassius Marsh,DE,UCLA,76.0,252.0,4.89,14.0,32.0,108.0,7.08,4.25,DL,51.0,17.4,,,,,,,,,,,,,,,,,,,,,,,15.0,96.0,53.0,149.0,22.5,,
2014,4,109,BUF,False,DB,DB,D,Duke,23.0,2021.0,0,0,3,0.0,Ross Cockrell,CB,Duke,72.0,191.0,4.56,10.0,36.5,122.0,7.28,4.32,DB,49.0,-6.25,,,,,,,,,,,,,,,,,,,,,,,,,,,,12.0,28.0
2014,4,110,STL,False,DB,DB,D,Utah St.,23.0,2019.0,0,0,1,10.0,Mo Alexander,S,Utah State,73.0,220.0,4.5,,38.0,123.0,7.05,4.51,S,13.0,-9.531147540983609,,,,,,,,,,,,,,,,,,,,,,,,,,,,1.0,6.0
2014,4,111,CIN,False,C,OL,O,North Carolina,22.0,2018.0,0,0,5,28.0,Russell Bodine,OG,North Carolina,75.0,310.0,5.18,42.0,29.0,109.0,8.26,4.66,OL,12.0,,,,,,,,,,,,,,,,,,,,,,,,,,,,,,
2014,4,112,TEN,False,DT,DL,D,Penn St.,22.0,2025.0,0,0,9,34.0,DaQuan Jones,DT,Penn State,76.0,322.0,5.35,25.0,27.5,101.0,7.73,4.78,DL,36.0,,,,,,,,,,,,,,,,,,,,,,,,3.5,45.0,41.0,86.0,13.5,,
2014,4,113,NYG,False,RB,RB,O,Boston Col.,22.0,2017.0,0,0,0,6.0,Andre Williams,RB,Boston Col.,71.0,230.0,4.56,,38.0,129.0,7.27,4.06,RB,44.0,-9.904597701149426,,,,,,,,,,704.0,3739.0,5.3,28.0,10.0,60.0,6.0,0.0,,,,,,,,,,,,
2014,4,114,JAX,False,DB,DB,D,Oklahoma,22.0,2019.0,0,0,1,13.0,Aaron Colvin,CB,Oklahoma,71.0,177.0,4.51,,,,,,DB,50.0,24.05,,,,,,,,,,,,,,,,,,,,,,,,,,,,5.0,11.0
2014,4,116,OAK,False,DB,DB,D,Utah,25.0,2017.0,0,0,0,4.0,Keith McGill,CB,Utah,75.0,211.0,4.51,,39.0,129.0,7.29,4.18,DB,16.0,,,,,,,,,,,,,,,,,,,,,,,,,,,,,1.0,13.0
2014,4,117,CHI,False,RB,RB,O,Arizona,21.0,2016.0,0,0,0,3.0,Ka'Deem Carey,RB,Arizona,69.0,207.0,4.69,19.0,32.5,115.0,7.08,4.38,RB,36.0,5.825,,,,,,,,,,743.0,4239.0,5.7,48.0,77.0,679.0,8.8,4.0,,,,,,,,,,,,
2014,4,118,PIT,False,WR,WR,O,Clemson,22.0,2018.0,0,0,1,17.0,Martavis Bryant,WR,Clemson,76.0,211.0,4.42,16.0,39.0,124.0,7.18,4.15,WR,37.0,17.15714285714286,,,,,,,,,,,,,,,,,,61.0,1354.0,22.2,13.0,36.6,,,,,,,
2014,4,119,DAL,False,LB,LB,D,Iowa,22.0,2021.0,0,0,7,21.0,Anthony Hitchens,OLB,Iowa,72.0,240.0,4.74,23.0,31.5,116.0,7.15,4.45,LB,24.0,17.3,,,,,,,,,,,,,,,,,,,,,,,3.0,110.0,126.0,236.0,19.0,,
2014,4,120,ARI,False,QB,QB,O,Virginia Tech,23.0,2023.0,0,0,3,0.0,Logan Thomas,QB,Virginia Tech,78.0,248.0,4.61,,35.5,118.0,7.05,4.18,QB,47.0,16.394827586206898,693.0,1248.0,55.5,9003.0,52.0,39.0,7.2,6.64,191.6,,,,,,,,,,,,,,,,,,,,
2014,4,121,GNB,False,LB,LB,D,Arizona St.,22.0,2016.0,0,0,0,0.0,Carl Bradford,OLB,Arizona State,73.0,250.0,4.76,23.0,37.5,122.0,7.25,4.3,LB,36.0,17.223076923076924,,,,,,,,,,,,,,,,,,,,,,,21.5,110.0,44.0,154.0,43.0,,
2014,4,122,TEN,False,DB,DB,D,Wyoming,22.0,2016.0,0,0,0,3.0,Marqueston Huff,S,Wyoming,71.0,196.0,4.49,15.0,35.5,118.0,7.26,4.19,DB,49.0,-14.5,,,,,,,,,,,,,,,,,,,,,,,,,,,,6.0,16.0
2014,4,123,SEA,False,WR,WR,O,Alabama,24.0,2015.0,0,0,0,1.0,Kevin Norwood,WR,Alabama,74.0,198.0,4.48,8.0,33.0,121.0,6.68,4.32,WR,49.0,33.94,,,,,,,,,,,,,,,,,,81.0,1275.0,15.7,12.0,26.0,,,,,,,
2014,4,124,KAN,False,RB,RB,O,Oregon,21.0,2019.0,0,0,0,7.0,De'Anthony Thomas,RB,Oregon,69.0,174.0,4.39,8.0,32.0,124.0,,,RB,37.0,27.60909090909091,,,,,,,,,,243.0,1890.0,7.8,26.0,113.0,1296.0,11.5,15.0,,,,,,,,,,,,
2014,4,125,MIA,False,DB,DB,D,Liberty,23.0,2019.0,0,0,0,6.0,,,,,,,,,,,,,,,,,,,,,,,,,,,,,,,,,,,,,,,,,,,
2014,4,127,CLE,False,DB,DB,D,Lindenwood,23.0,2021.0,0,0,3,2.0,Pierre Desir,CB,Lindenwood,73.0,198.0,4.59,11.0,35.0,133.0,6.86,4.3,,,,,,,,,,,,,,,,,,,,,,,,,,,,,,,,
2014,4,128,CAR,False,DB,DB,D,North Carolina,22.0,2020.0,0,0,4,17.0,Tre Boston,S,North Carolina,72.0,204.0,4.58,18.0,35.0,116.0,7.04,4.31,DB,48.0,11.242857142857142,,,,,,,,,,,,,,,,,,,,,,,,,,,,13.0,12.0
2014,5,129,SFO,False,DB,DB,D,North Carolina St.,22.0,2022.0,0,0,1,15.0,Dontae Johnson,CB,North Carolina State,74.0,200.0,4.41,12.0,38.5,124.0,6.82,4.24,DB,51.0,4.944444444444445,,,,,,,,,,,,,,,,,,,,,,,,,,,,3.0,15.0
2014,5,130,NWE,False,RB,RB,O,Wisconsin,22.0,2021.0,0,0,0,37.0,James White,RB,Wisconsin,69.0,204.0,4.57,23.0,32.0,114.0,7.05,4.2,RB,52.0,13.162962962962965,,,,,,,,,,643.0,4015.0,6.2,45.0,73.0,670.0,9.2,3.0,,,,,,,,,,,,
2014,5,131,CHI,False,DB,DB,D,Minnesota,22.0,2015.0,0,0,0,2.0,Brock Vereen,S,Minnesota,72.0,199.0,4.47,25.0,34.0,117.0,6.9,4.07,DB,47.0,-0.7333333333333333,,,,,,,,,,,,,,,,,,,,,,,,,,,,4.0,12.0
2014,5,132,SEA,False,LB,LB,D,Boston Col.,22.0,2022.0,0,0,1,3.0,Kevin Pierre-Louis,OLB,Boston Col.,72.0,232.0,4.51,28.0,39.0,128.0,6.92,4.02,LB,44.0,3.533333333333333,,,,,,,,,,,,,,,,,,,,,,,8.0,214.0,146.0,360.0,23.0,,
2014,5,133,DET,False,DB,DB,D,Utah St.,23.0,2021.0,0,0,5,17.0,Nevin Lawson,CB,Utah State,69.0,190.0,4.48,16.0,33.0,120.0,7.12,4.4,DB,47.0,-5.3,,,,,,,,,,,,,,,,,,,,,,,,,,,,6.0,34.0
2014,5,134,BAL,False,DT,DL,D,Virginia,23.0,2025.0,0,0,2,18.0,Brent Urban,DE,Virginia,79.0,295.0,4.98,,,,,,DL,33.0,,,,,,,,,,,,,,,,,,,,,,,,3.0,26.0,49.0,75.0,16.0,,
2014,5,135,HOU,False,QB,QB,O,Pittsburgh,24.0,2017.0,0,0,1,3.0,Tom Savage,QB,Pittsburgh,76.0,228.0,4.97,,27.0,105.0,7.33,4.36,QB,31.0,0.61219512195122,430.0,757.0,56.8,5690.0,37.0,19.0,7.5,7.36,183.5,,,,,,,,,,,,,,,,,,,,
2014,5,137,NYJ,False,OL,OL,O,Furman,23.0,2021.0,0,0,1,3.0,Dakota Dozier,OG,Furman,76.0,313.0,5.42,23.0,24.0,101.0,8.14,4.89,,,,,,,,,,,,,,,,,,,,,,,,,,,,,,,,
2014,5,138,BAL,False,RB,RB,O,Coastal Carolina,22.0,2016.0,0,0,0,3.0,Lorenzo Taliaferro,RB,Coastal Carolina,72.0,229.0,4.58,18.0,33.0,118.0,6.88,4.22,,,,,,,,,,,,,,,,,,,,,,,,,,,,,,,,
2014,5,139,ATL,False,LB,LB,D,Notre Dame,22.0,2014.0,0,0,0,2.0,Prince Shembo,OLB,Notre Dame,73.0,253.0,4.71,26.0,38.5,122.0,7.29,4.31,LB,51.0,,,,,,,,,,,,,,,,,,,,,,,,19.5,71.0,74.0,145.0,24.5,,
2014,5,140,NWE,False,T,OL,O,Stanford,22.0,2024.0,0,0,2,13.0,Cameron Fleming,OT,Stanford,77.0,323.0,5.28,26.0,23.5,97.0,8.24,5.0,OL,14.0,7.8538461538461535,,,,,,,,,,,,,,,,,,,,,,,,,,,,,
2014,5,141,PHI,False,DE,DL,D,Oregon,23.0,2016.0,0,0,0,1.0,Taylor Hart,DE,Oregon,78.0,281.0,4.92,21.0,,,,,DL,52.0,,,,,,,,,,,,,,,,,,,,,,,,16.0,97.0,76.0,173.0,22.0,,
2014,5,142,WAS,False,WR,WR,O,Tulane,23.0,2019.0,0,0,1,7.0,Ryan Grant,WR,Tulane,72.0,199.0,4.64,8.0,35.5,119.0,6.68,4.11,WR,47.0,-18.125,,,,,,,,,,,,,,,,,,196.0,2769.0,14.1,21.0,58.9,,,,,,,
2014,5,144,JAX,False,LB,LB,D,Florida St.,23.0,2018.0,0,1,5,42.0,Telvin Smith,OLB,Florida State,75.0,218.0,4.52,,31.5,119.0,,,LB,54.0,30.65,,,,,,,,,,,,,,,,,,,,,,,7.0,139.0,75.0,214.0,29.0,,
2014,5,146,DAL,False,WR,WR,O,Pittsburgh,23.0,2016.0,0,0,0,1.0,Devin Street,WR,Pittsburgh,75.0,198.0,4.55,,37.0,124.0,6.89,4.01,WR,49.0,8.0,,,,,,,,,,,,,,,,,,202.0,2901.0,14.4,16.0,59.2,,,,,,,
2014,5,147,ATL,False,DB,DB,D,Purdue,22.0,2021.0,0,0,5,24.0,Ricardo Allen,CB,Purdue,69.0,187.0,4.61,13.0,35.5,117.0,,4.15,DB,50.0,-2.6884615384615382,,,,,,,,,,,,,,,,,,,,,,,,,,,,13.0,11.0
2014,5,148,CAR,False,DB,DB,D,San Jose St.,23.0,2018.0,0,0,1,6.0,Bene' Benwikere,CB,San Jose State,71.0,195.0,4.59,10.0,40.5,122.0,6.94,4.38,DB,47.0,,,,,,,,,,,,,,,,,,,,,,,,,,,,,14.0,17.0
2014,5,149,TAM,False,T,OL,O,Purdue,23.0,2018.0,0,0,2,15.0,,,,,,,,,,,,,,,,,,,,,,,,,,,,,,,,,,,,,,,,,,,
2014,5,150,SFO,False,DE,DL,D,South Florida,21.0,2020.0,0,0,1,10.0,Aaron Lynch,DE,South Florida,77.0,249.0,4.76,18.0,,,,,DL,24.0,,,,,,,,,,,,,,,,,,,,,,,,10.5,36.0,26.0,62.0,19.0,,
2014,5,151,TEN,False,LB,LB,D,Kentucky,22.0,2021.0,0,0,5,25.0,Avery Williamson,ILB,Kentucky,73.0,246.0,4.66,25.0,30.5,120.0,7.11,4.07,LB,48.0,-6.85,,,,,,,,,,,,,,,,,,,,,,,4.0,147.0,149.0,296.0,10.0,,
2014,5,152,NYG,False,DB,DB,D,San Diego St.,23.0,2018.0,0,0,0,3.0,Nat Berhe,S,San Diego State,70.0,193.0,4.71,15.0,35.5,117.0,7.08,4.22,DB,51.0,3.266666666666667,,,,,,,,,,,,,,,,,,,,,,,,,,,,5.0,15.0
2014,5,153,BUF,False,G,OL,O,Baylor,23.0,2014.0,0,0,0,2.0,Cyril Richardson,OG,Baylor,77.0,329.0,5.36,25.0,25.5,91.0,7.7,4.83,,,,,,,,,,,,,,,,,,,,,,,,,,,,,,,,
2014,5,156,DEN,False,LB,LB,D,LSU,23.0,2015.0,0,0,0,1.0,Lamin Barrow,ILB,LSU,73.0,237.0,4.64,22.0,35.0,123.0,7.24,4.35,LB,51.0,,,,,,,,,,,,,,,,,,,,,,,,1.5,87.0,143.0,230.0,14.5,,
2014,5,158,DET,False,DT,DL,D,Princeton,22.0,2021.0,0,0,1,6.0,Caraun Reid,DT,Princeton,74.0,302.0,4.91,20.0,26.5,106.0,7.59,4.58,,,,,,,,,,,,,,,,,,,,,,,,,,,,,,,,
2014,5,159,JAX,False,DE,DL,D,Arkansas,22.0,2021.0,0,0,0,3.0,Chris Smith,OLB,Arkansas,73.0,266.0,4.66,28.0,37.0,121.0,7.55,4.46,DL,43.0,9.838260869565218,,,,,,,,,,,,,,,,,,,,,,,21.5,61.0,61.0,122.0,30.5,,
2014,5,160,ARI,False,DE,DL,D,Alabama,24.0,2017.0,0,0,0,5.0,Ed Stinson,DE,Alabama,75.0,287.0,4.98,,,,,,LB,49.0,,,,,,,,,,,,,,,,,,,,,,,,5.5,57.0,47.0,104.0,15.5,,
2014,6,161,GNB,False,C,OL,O,Ohio St.,23.0,2023.0,1,1,9,47.0,Corey Linsley,C,Ohio State,75.0,296.0,5.24,36.0,27.0,,,,,,,,,,,,,,,,,,,,,,,,,,,,,,,,,,,
2014,6,162,PHI,False,DB,DB,D,Stanford,22.0,2016.0,0,0,1,1.0,Ed Reynolds,S,Stanford,73.0,207.0,4.57,15.0,32.5,117.0,,,DB,33.0,,,,,,,,,,,,,,,,,,,,,,,,,,,,,7.0,4.0
2014,6,164,CIN,False,QB,QB,O,Alabama,23.0,2023.0,0,0,0,3.0,A.J. McCarron,QB,Alabama,75.0,220.0,4.94,,28.0,99.0,7.18,4.34,QB,53.0,,686.0,1026.0,66.9,9019.0,77.0,15.0,8.8,9.63,170.2,,,,,,,,,,,,,,,,,,,,
2014,6,165,SDG,False,DT,DL,D,Arkansas St.,23.0,2016.0,0,0,0,3.0,Ryan Carrethers,DT,Arkansas State,73.0,337.0,5.47,32.0,26.0,88.0,7.89,4.6,DL,49.0,-16.2,,,,,,,,,,,,,,,,,,,,,,,6.5,58.0,138.0,196.0,14.5,,
2014,6,166,IND,False,LB,LB,D,Ball St.,23.0,2015.0,0,0,0,4.0,Jonathan Newsome,OLB,Ball State,75.0,247.0,4.73,21.0,34.0,117.0,7.31,4.63,DL,22.0,20.0,,,,,,,,,,,,,,,,,,,,,,,17.0,49.0,66.0,115.0,24.5,,
2014,6,167,NOR,False,DB,DB,D,Alabama,22.0,2016.0,0,0,0,0.0,Vinnie Sunseri,S,Alabama,71.0,210.0,,18.0,,,,,DB,33.0,35.3,,,,,,,,,,,,,,,,,,,,,,,,,,,,4.0,5.0
2014,6,169,NOR,False,LB,LB,D,Florida,23.0,2014.0,0,0,0,1.0,Ronald Powell,OLB,Florida,75.0,237.0,4.65,21.0,35.5,114.0,,,DL,35.0,14.0,,,,,,,,,,,,,,,,,,,,,,,11.0,53.0,26.0,79.0,18.5,,
2014,6,170,SFO,False,DB,DB,D,Florida Atlantic,23.0,2017.0,0,0,0,2.0,Keith Reaser,CB,Florida Atlantic,71.0,189.0,4.43,22.0,,,,,DB,40.0,-20.8,,,,,,,,,,,,,,,,,,,,,,,,,,,,5.0,11.0
2014,6,171,MIA,False,LB,LB,D,Montana,23.0,2017.0,0,0,0,1.0,Jordan Tripp,OLB,Montana,75.0,234.0,4.67,22.0,37.5,120.0,6.89,3.96,,,,,,,,,,,,,,,,,,,,,,,,,,,,,,,,
2014,6,174,NYG,False,DE,DL,D,USC,23.0,2022.0,0,0,5,13.0,Devon Kennard,OLB,USC,75.0,249.0,4.7,23.0,30.0,113.0,7.25,4.32,DL,52.0,15.2,,,,,,,,,,,,,,,,,,,,,,,12.5,96.0,99.0,195.0,26.0,,
2014,6,175,BAL,False,G,OL,O,Penn St.,23.0,2016.0,0,0,0,7.0,John Urschel,OG,Penn State,75.0,313.0,5.31,30.0,29.0,102.0,7.55,4.47,,,,,,,,,,,,,,,,,,,,,,,,,,,,,,,,
2014,6,176,GNB,False,WR,WR,O,Wisconsin,23.0,2017.0,0,0,0,1.0,Jared Abbrederis,WR,Wisconsin,73.0,195.0,4.5,4.0,30.5,117.0,6.8,4.08,WR,53.0,21.285714285714285,,,,,,,,,,,,,,,,,,202.0,3140.0,15.5,23.0,59.2,,,,,,,
2014,6,177,HOU,False,DE,DL,D,Alabama,21.0,2015.0,0,0,0,1.0,Jeoffrey Pagan,DE,Alabama,75.0,310.0,4.92,,,,,,DL,32.0,,,,,,,,,,,,,,,,,,,,,,,,3.5,27.0,33.0,60.0,7.5,,
2014,6,178,TEN,False,QB,QB,O,LSU,23.0,2015.0,0,0,1,1.0,Zach Mettenberger,QB,LSU,77.0,224.0,,,,,,,QB,30.0,28.1,407.0,659.0,61.8,5783.0,35.0,15.0,8.8,8.81,192.8,,,,,,,,,,,,,,,,,,,,
2014,6,180,SFO,False,DB,DB,D,SMU,22.0,2017.0,0,0,1,5.0,,,,,,,,,,,,DB,46.0,-5.547619047619048,,,,,,,,,,,,,,,,,,,,,,,,,,,,7.0,17.0
2014,6,181,HOU,False,RB,RB,O,LSU,23.0,2018.0,0,0,1,18.0,Alfred Blue,RB,LSU,74.0,223.0,4.63,13.0,32.0,121.0,7.15,4.5,RB,41.0,25.53333333333333,,,,,,,,,,209.0,1253.0,6.0,11.0,16.0,105.0,6.6,0.0,,,,,,,,,,,,
2014,6,182,MIN,False,DB,DB,D,Virginia Tech,23.0,2019.0,0,0,0,3.0,Antone Exum,CB,Virginia Tech,72.0,213.0,4.59,17.0,35.0,117.0,7.05,4.13,DB,44.0,,,,,,,,,,,,,,,,,,,,,,,,,,,,,6.0,20.0
2014,6,183,CHI,False,QB,QB,O,San Jose St.,23.0,2019.0,0,0,0,0.0,David Fales,QB,San Jose State,74.0,212.0,4.99,,28.0,103.0,7.55,4.5,QB,25.0,2.3,639.0,938.0,68.1,8382.0,66.0,22.0,8.9,9.29,335.3,,,,,,,,,,,,,,,,,,,,
2014,6,185,TAM,False,WR,WR,O,Wyoming,22.0,2014.0,0,0,0,0.0,Robert Herron,WR,Wyoming,69.0,193.0,4.48,18.0,35.5,125.0,6.84,4.27,WR,42.0,-14.172727272727272,,,,,,,,,,,,,,,,,,152.0,2025.0,13.3,20.0,48.2,,,,,,,
2014,6,188,STL,False,DB,DB,D,Missouri,22.0,2018.0,0,0,3,9.0,E.J. Gaines,CB,Missouri,70.0,190.0,4.44,15.0,,,,,DB,50.0,12.733333333333334,,,,,,,,,,,,,,,,,,,,,,,,,,,,8.0,20.0
2014,6,189,DET,False,WR,WR,O,Notre Dame,22.0,2019.0,0,0,0,7.0,T.J. Jones,WR,Notre Dame,72.0,188.0,4.46,,33.0,119.0,6.82,4.27,WR,51.0,,,,,,,,,,,,,,,,,,,181.0,2429.0,13.4,19.0,47.6,,,,,,,
2014,6,190,MIA,False,WR,WR,O,Coastal Carolina,22.0,2017.0,0,0,0,0.0,Matt Hazel,WR,Coastal Carolina,73.0,198.0,4.5,15.0,36.5,118.0,7.08,4.2,,,,,,,,,,,,,,,,,,,,,,,,,,,,,,,,
2014,6,191,CHI,False,P,P,S,Miami (FL),23.0,2025.0,0,0,1,17.0,Pat O'Donnell,P,Miami (FL),76.0,220.0,4.64,23.0,30.5,120.0,,,,,,,,,,,,,,,,,,,,,,,,,,,,,,,,,,
2014,7,193,KAN,False,G,OL,O,Tennessee,22.0,2020.0,0,0,6,21.0,Zach Fulton,OG,Tennessee,77.0,316.0,5.16,25.0,24.5,98.0,7.87,5.16,,,,,,,,,,,,,,,,,,,,,,,,,,,,,,,,
2014,7,197,GNB,False,DB,DB,D,Baylor,25.0,2016.0,0,0,0,2.0,Demetri Goodson,CB,Baylor,71.0,194.0,4.52,11.0,37.0,123.0,6.8,4.34,DB,19.0,13.06111111111111,,,,,,,,,,,,,,,,,,,,,,,,,,,,4.0,13.0
2014,7,198,NWE,False,DE,DL,D,Concordia-St.Paul (MN),24.0,2018.0,0,0,0,1.0,Zach Moore,DE,Concordia (MN),77.0,269.0,4.84,23.0,33.5,123.0,7.41,4.46,,,,,,,,,,,,,,,,,,,,,,,,,,,,,,,,
2014,7,200,KAN,False,OL,OL,O,McGill,23.0,2022.0,0,0,4,27.0,,,,,,,,,,,,,,,,,,,,,,,,,,,,,,,,,,,,,,,,,,,
2014,7,203,IND,False,LB,LB,D,Western Kentucky,22.0,2014.0,0,0,0,1.0,Andrew Jackson,ILB,Western Kentucky,73.0,254.0,4.9,,,,,,LB,33.0,-16.1,,,,,,,,,,,,,,,,,,,,,,,6.5,152.0,143.0,295.0,37.5,,
2014,7,205,JAX,False,C,OL,O,Virginia,23.0,2018.0,0,0,1,5.0,,,,,,,,,,,,G,1.0,,,,,,,,,,,,,,,,,,,,,,,,,,,,,,
2014,7,207,DEN,False,OL,OL,O,Boise St.,24.0,2021.0,0,0,6,21.0,Matt Paradis,C,Boise State,75.0,306.0,5.34,23.0,26.0,103.0,7.6,4.46,,,,,,,,,,,,,,,,,,,,,,,,,,,,,,,,
2014,7,208,SEA,False,DB,DB,D,San Diego St.,23.0,2016.0,0,0,0,1.0,,,,,,,,,,,,DB,46.0,2.4,,,,,,,,,,,,,,,,,,,,,,,,,,,,3.0,5.0
2014,7,209,NYJ,False,WR,WR,O,Nebraska,22.0,2019.0,0,0,2,13.0,Quincy Enunwa,WR,Nebraska,74.0,225.0,4.41,19.0,,,,,WR,49.0,14.733333333333333,,,,,,,,,,,,,,,,,,115.0,1526.0,13.3,15.0,31.1,,,,,,,
2014,7,210,NYJ,False,DT,DL,D,Louisiana Tech,23.0,2015.0,0,0,0,0.0,I.K. Enemkpali,DE,Louisiana Tech,73.0,261.0,4.86,28.0,34.0,112.0,7.67,4.65,DL,48.0,,,,,,,,,,,,,,,,,,,,,,,,17.5,71.0,77.0,148.0,32.0,,
2014,7,211,HOU,False,FB,RB,O,Auburn,22.0,2017.0,0,0,2,0.0,,,,,,,,,,,,RB,42.0,11.742857142857142,,,,,,,,,,14.0,47.0,3.4,2.0,11.0,115.0,10.5,1.0,,,,,,,,,,,,
2014,7,212,CIN,False,LB,LB,D,Arizona,22.0,2018.0,0,0,0,4.0,,,,,,,,,,,,LB,26.0,6.8,,,,,,,,,,,,,,,,,,,,,,,6.5,111.0,83.0,194.0,24.5,,
2014,7,215,PIT,False,DT,DL,D,Tennessee,22.0,2020.0,0,0,0,6.0,Daniel McCullers,DT,Tennessee,79.0,352.0,5.18,27.0,20.5,97.0,,,DL,24.0,,,,,,,,,,,,,,,,,,,,,,,,1.5,41.0,31.0,72.0,10.0,,
2014,7,216,HOU,False,DB,DB,D,Vanderbilt,22.0,2018.0,0,0,3,17.0,Andre Hal,CB,Vanderbilt,70.0,188.0,4.5,15.0,35.5,119.0,7.14,4.27,DB,50.0,5.6375,,,,,,,,,,,,,,,,,,,,,,,,,,,,6.0,17.0
2014,7,218,BAL,False,WR,WR,O,Wake Forest,23.0,2017.0,0,0,0,4.0,Michael Campanaro,WR,Wake Forest,69.0,192.0,4.46,20.0,39.0,122.0,6.77,4.01,WR,42.0,-7.251648351648352,,,,,,,,,,,,,,,,,,229.0,2506.0,10.9,14.0,59.7,,,,,,,
2014,7,219,OAK,False,DB,DB,D,Ohio,24.0,2022.0,0,0,3,13.0,Travis Carrie,CB,Ohio,72.0,206.0,4.49,17.0,,,,,DB,50.0,,,,,,,,,,,,,,,,,,,,,,,,,,,,,9.0,26.0
2014,7,220,MIN,False,DT,DL,D,Connecticut,23.0,2021.0,0,0,4,25.0,Shamar Stephen,DT,Connecticut,77.0,309.0,5.25,25.0,30.5,103.0,,,DL,46.0,,,,,,,,,,,,,,,,,,,,,,,,5.0,55.0,75.0,130.0,17.0,,
2014,7,221,BUF,False,LB,LB,D,Florida Atlantic,23.0,2016.0,0,0,0,2.0,,,,,,,,,,,,LB,40.0,-6.6,,,,,,,,,,,,,,,,,,,,,,,9.5,104.0,91.0,195.0,30.5,,
2014,7,222,JAX,False,RB,RB,O,Central Florida,22.0,2014.0,0,0,0,0.0,Storm Johnson,RB,Central Florida,72.0,209.0,4.6,16.0,35.5,118.0,,,RB,36.0,14.571428571428571,,,,,,,,,,335.0,1765.0,5.3,19.0,41.0,289.0,7.0,3.0,,,,,,,,,,,,
2014,7,223,MIN,False,LB,LB,D,Georgia Tech,23.0,2015.0,0,0,0,1.0,,,,,,,,,,,,DB,37.0,11.4,,,,,,,,,,,,,,,,,,,,,,,,,,,,0.0,2.0
2014,7,224,PHI,False,DT,DL,D,Wisconsin,22.0,2019.0,0,0,1,8.0,,,,,,,,,,,,DL,50.0,5.81764705882353,,,,,,,,,,,,,,,,,,,,,,,8.0,45.0,49.0,94.0,15.0,,
2014,7,225,MIN,False,DB,DB,D,North Carolina,21.0,2014.0,0,0,0,1.0,Jabari Price,CB,North Carolina,71.0,200.0,4.45,16.0,,,7.04,4.3,DB,45.0,10.9,,,,,,,,,,,,,,,,,,,,,,,,,,,,2.0,16.0
2014,7,229,DET,False,K,K,S,Boston Col.,24.0,2014.0,0,0,0,-1.0,,,,,,,,,,,,,,,,,,,,,,,,,,,,,,,,,,,,,,,,,,,
2014,7,233,NYJ,False,LB,LB,D,Utah,26.0,2017.0,0,0,0,3.0,Trevor Reilly,OLB,Utah,77.0,245.0,4.67,26.0,,,,,DL,48.0,7.261538461538462,,,,,,,,,,,,,,,,,,,,,,,20.5,131.0,104.0,235.0,37.5,,
2014,7,234,MIA,False,DE,DL,D,Marist,22.0,2017.0,0,0,0,5.0,,,,,,,,,,,,,,,,,,,,,,,,,,,,,,,,,,,,,,,,,,,
2014,7,235,OAK,False,DE,DL,D,Illinois St.,23.0,2025.0,0,0,5,1.0,,,,,,,,,,,,,,,,,,,,,,,,,,,,,,,,,,,,,,,,,,,
2014,7,236,GNB,False,WR,WR,O,Saginaw Valley St.,23.0,2017.0,0,0,0,2.0,Jeff Janis,WR,Saginaw Valley State,75.0,219.0,4.42,20.0,37.5,123.0,6.64,3.98,,,,,,,,,,,,,,,,,,,,,,,,,,,,,,,,
2014,7,237,BUF,False,OL,OL,O,Miami (FL),22.0,2019.0,0,0,2,13.0,Seantrel Henderson,OT,Miami (FL),79.0,331.0,5.04,,24.0,95.0,8.15,4.77,,,,,,,,,,,,,,,,,,,,,,,,,,,,,,,,
2014,7,239,CIN,False,WR,WR,O,LSU,22.0,2016.0,0,0,0,2.0,,,,,,,,,,,,WR,47.0,-6.96,,,,,,,,,,,,,,,,,,25.0,304.0,12.2,0.0,6.5,,,,,,,
2014,7,241,STL,False,DB,DB,D,Ohio St.,22.0,2016.0,0,0,0,1.0,,,,,,,,,,,,DB,36.0,25.21538461538461,,,,,,,,,,,,,,,,,,,,,,,,,,,,2.0,11.0
2014,7,242,DEN,False,LB,LB,D,Oklahoma,22.0,2019.0,0,0,0,8.0,,,,,,,,,,,,LB,46.0,21.766666666666666,,,,,,,,,,,,,,,,,,,,,,,7.5,77.0,79.0,156.0,17.5,,
2014,7,246,CHI,False,T,OL,O,Boise St.,22.0,2023.0,0,1,9,37.0,Charles Leno,OG,Boise State,76.0,303.0,5.25,21.0,29.0,108.0,7.57,4.4,OL,13.0,,,,,,,,,,,,,,,,,,,,,,,,,,,,,,
2014,7,247,OAK,False,DB,DB,D,Western Kentucky,22.0,2014.0,0,0,0,0.0,Jonathan Dowling,S,Western Kentucky,75.0,190.0,4.52,8.0,33.5,118.0,7.04,4.24,DB,23.0,-4.344444444444445,,,,,,,,,,,,,,,,,,,,,,,,,,,,9.0,6.0
2014,7,250,STL,False,OL,OL,O,Tennessee St.,22.0,2017.0,0,0,0,2.0,,,,,,,,,,,,,,,,,,,,,,,,,,,,,,,,,,,,,,,,,,,
2014,7,251,DAL,False,DT,DL,D,Northern Illinois,23.0,2015.0,0,0,0,0.0,,,,,,,,,,,,DL,27.0,6.3,,,,,,,,,,,,,,,,,,,,,,,3.5,66.0,59.0,125.0,16.5,,
2014,7,254,DAL,False,DB,DB,D,Oregon,22.0,2022.0,0,0,3,0.0,Terrance Mitchell,CB,Oregon,71.0,192.0,4.63,,34.0,117.0,6.57,4.0,DB,40.0,27.66153846153846,,,,,,,,,,,,,,,,,,,,,,,,,,,,7.0,25.0
2014,7,255,ATL,False,LB,LB,D,South Dakota,23.0,2015.0,0,0,0,0.0,Tyler Starr,OLB,South Dakota,76.0,250.0,4.95,24.0,32.0,116.0,6.64,4.15,,,,,,,,,,,,,,,,,,,,,,,,,,,,,,,,
2014,7,256,HOU,False,DB,DB,D,Memphis,21.0,2016.0,0,0,0,0.0,,,,,,,,,,,,DB,42.0,-10.0,,,,,,,,,,,,,,,,,,,,,,,,,,,,3.0,8.0
2015,1,1,TAM,False,QB,QB,O,Florida St.,21.0,2025.0,0,1,5,54.0,Jameis Winston,QB,Florida State,76.0,231.0,4.97,,28.5,103.0,7.16,4.36,QB,27.0,33.5,562.0,851.0,66.0,7964.0,65.0,28.0,9.4,9.41,295.0,,,,,,,,,,,,,,,,,,,,
2015,1,2,TEN,False,QB,QB,O,Oregon,21.0,2025.0,0,0,5,43.0,Marcus Mariota,QB,Oregon,76.0,222.0,4.52,,36.0,121.0,6.87,4.11,QB,41.0,26.667391304347827,779.0,1167.0,66.8,10796.0,105.0,14.0,9.3,10.51,263.3,,,,,,,,,,,,,,,,,,,,
2015,1,3,JAX,False,OLB,LB,D,Florida,21.0,2025.0,0,0,2,5.0,Dante Fowler,OLB,Florida,75.0,261.0,4.6,19.0,32.5,112.0,7.4,4.32,LB,36.0,,,,,,,,,,,,,,,,,,,,,,,,14.5,73.0,67.0,140.0,33.0,,
2015,1,4,OAK,False,WR,WR,O,Alabama,21.0,2024.0,0,5,9,22.0,Amari Cooper,WR,Alabama,73.0,211.0,4.42,,33.0,120.0,6.71,3.98,WR,39.0,34.66,,,,,,,,,,,,,,,,,,228.0,3463.0,15.2,31.0,88.8,,,,,,,
2015,1,5,WAS,False,T,OL,O,Iowa,23.0,2024.0,1,5,10,45.0,Brandon Scherff,OT,Iowa,77.0,319.0,5.05,23.0,,,,,OL,13.0,6.8,,,,,,,,,,,,,,,,,,,,,,,,,,,,,
2015,1,6,NYJ,False,DE,DL,D,USC,21.0,2025.0,0,3,9,26.0,Leonard Williams,DT,USC,77.0,302.0,4.97,,29.5,106.0,7.59,4.53,DL,39.0,19.5,,,,,,,,,,,,,,,,,,,,,,,20.0,111.0,107.0,218.0,35.5,,
2015,1,7,CHI,False,WR,WR,O,West Virginia,23.0,2022.0,0,0,0,2.0,Kevin White,WR,West Virginia,75.0,215.0,4.35,23.0,36.5,123.0,6.92,4.14,WR,23.0,10.540909090909093,,,,,,,,,,,,,,,,,,144.0,1954.0,13.6,15.0,85.0,,,,,,,
2015,1,8,ATL,False,OLB,LB,D,Clemson,23.0,2020.0,1,1,5,32.0,Vic Beasley,OLB,Clemson,75.0,246.0,4.53,35.0,41.0,130.0,6.91,4.15,DL,47.0,,,,,,,,,,,,,,,,,,,,,,,,33.0,72.0,17.0,89.0,52.0,,
2015,1,9,NYG,False,T,OL,O,Miami (FL),21.0,2021.0,0,0,7,18.0,Ereck Flowers,OT,Miami (FL),78.0,329.0,5.31,37.0,,,,,OL,12.0,,,,,,,,,,,,,,,,,,,,,,,,,,,,,,
2015,1,10,STL,False,RB,RB,O,Georgia,21.0,2020.0,2,3,6,50.0,Todd Gurley,RB,Georgia,73.0,222.0,4.52,17.0,,,,,RB,30.0,,,,,,,,,,,510.0,3285.0,6.4,36.0,65.0,615.0,9.5,6.0,,,,,,,,,,,,
2015,1,11,MIN,False,CB,DB,D,Michigan St.,23.0,2021.0,0,0,3,18.0,Trae Waynes,CB,Michigan State,72.0,186.0,4.31,19.0,38.0,122.0,7.06,4.39,DB,36.0,21.9,,,,,,,,,,,,,,,,,,,,,,,,,,,,6.0,13.0
2015,1,12,CLE,False,NT,DL,D,Washington,22.0,2022.0,0,0,5,15.0,Danny Shelton,DT,Washington,74.0,339.0,5.64,34.0,30.5,95.0,7.99,4.65,DL,50.0,3.9,,,,,,,,,,,,,,,,,,,,,,,10.5,104.0,95.0,199.0,23.0,,
2015,1,13,NOR,False,T,OL,O,Stanford,21.0,2025.0,0,3,7,52.0,Andrus Peat,OT,Stanford,79.0,313.0,5.18,,31.0,105.0,8.01,4.62,T,14.0,,,,,,,,,,,,,,,,,,,,,,,,,,,,,,
2015,1,14,MIA,False,WR,WR,O,Louisville,22.0,2023.0,0,0,6,32.0,DeVante Parker,WR,Louisville,75.0,209.0,4.45,17.0,36.5,125.0,,,WR,43.0,,,,,,,,,,,,,,,,,,,156.0,2775.0,17.8,33.0,64.5,,,,,,,
2015,1,15,SDG,False,RB,RB,O,Wisconsin,22.0,2023.0,0,2,7,38.0,Melvin Gordon,RB,Wisconsin,73.0,215.0,4.52,19.0,35.0,126.0,7.04,4.07,RB,45.0,20.23333333333333,,,,,,,,,,631.0,4915.0,7.8,45.0,22.0,228.0,10.4,4.0,,,,,,,,,,,,
2015,1,16,HOU,False,CB,DB,D,Wake Forest,23.0,2020.0,0,0,0,8.0,Kevin Johnson,CB,Wake Forest,72.0,188.0,4.52,,41.5,130.0,6.79,3.89,DB,47.0,-9.033333333333337,,,,,,,,,,,,,,,,,,,,,,,,,,,,7.0,20.0
2015,1,17,SFO,False,DT,DL,D,Oregon,21.0,2025.0,0,0,6,40.0,Arik Armstead,DE,Oregon,79.0,292.0,5.06,24.0,34.0,117.0,7.57,4.53,DL,35.0,,,,,,,,,,,,,,,,,,,,,,,,4.0,42.0,45.0,87.0,10.5,,
2015,1,18,KAN,False,CB,DB,D,Washington,22.0,2023.0,2,3,7,32.0,Marcus Peters,CB,Washington,72.0,197.0,4.53,17.0,37.5,121.0,7.08,4.08,DB,35.0,11.466666666666669,,,,,,,,,,,,,,,,,,,,,,,,,,,,11.0,16.0
2015,1,19,CLE,False,C,OL,O,Florida St.,23.0,2023.0,0,0,3,6.0,Cameron Erving,C,Florida State,77.0,313.0,5.15,30.0,30.5,112.0,7.48,4.63,DL,16.0,,,,,,,,,,,,,,,,,,,,,,,,1.0,12.0,9.0,21.0,2.5,,
2015,1,20,PHI,False,WR,WR,O,USC,22.0,2024.0,0,0,7,18.0,Nelson Agholor,WR,USC,72.0,198.0,4.42,12.0,,,,,WR,40.0,20.37272727272727,,,,,,,,,,,,,,,,,,178.0,2572.0,14.4,20.0,64.3,,,,,,,
2015,1,21,CIN,False,T,OL,O,Texas A&M,23.0,2022.0,0,0,2,11.0,Cedric Ogbuehi,OT,Texas A&M,77.0,306.0,4.98,23.0,,,,,,,,,,,,,,,,,,,,,,,,,,,,,,,,,,,,
2015,1,22,PIT,False,OLB,LB,D,Kentucky,22.0,2025.0,0,0,6,30.0,Alvin Dupree,DE,Kentucky,76.0,269.0,4.56,,42.0,138.0,,,LB,47.0,,,,,,,,,,,,,,,,,,,,,,,,23.5,145.0,102.0,247.0,37.0,,
2015,1,23,DEN,False,DE,DL,D,Missouri,22.0,2018.0,0,0,1,12.0,Shane Ray,DE,Missouri,75.0,245.0,4.68,21.0,,,,,DL,40.0,,,,,,,,,,,,,,,,,,,,,,,,19.0,82.0,38.0,120.0,34.0,,
2015,1,24,ARI,False,T,OL,O,Florida,21.0,2025.0,0,1,7,44.0,D.J. Humphries,OT,Florida,77.0,307.0,5.12,26.0,31.0,104.0,7.87,4.64,OL,10.0,,,,,,,,,,,,,,,,,,,,,,,,,,,,,,
2015,1,25,CAR,False,OLB,LB,D,Washington,21.0,2025.0,0,0,8,41.0,Shaq Thompson,OLB,Washington,72.0,228.0,4.64,,33.5,117.0,6.99,4.08,LB,26.0,8.643749999999999,,,,,,,,,,,,,,,,,,,,,,,1.5,102.0,57.0,159.0,6.5,,
2015,1,26,BAL,False,WR,WR,O,Central Florida,21.0,2022.0,0,0,1,4.0,Breshad Perriman,WR,Central Florida,74.0,212.0,,,,,,,WR,39.0,7.5,,,,,,,,,,,,,,,,,,115.0,2243.0,19.5,16.0,57.5,,,,,,,
2015,1,27,DAL,False,CB,DB,D,Connecticut,22.0,2021.0,0,1,7,29.0,Byron Jones,CB,Connecticut,73.0,199.0,4.43,,44.5,147.0,6.78,3.94,DB,43.0,-5.761904761904762,,,,,,,,,,,,,,,,,,,,,,,,,,,,8.0,16.0
2015,1,28,DET,False,G,OL,O,Duke,23.0,2025.0,0,1,10,11.0,Laken Tomlinson,OG,Duke,75.0,323.0,5.33,25.0,31.5,103.0,8.17,4.87,OL,13.0,,,,,,,,,,,,,,,,,,,,,,,,,,,,,,
2015,1,29,IND,False,WR,WR,O,Miami (FL),22.0,2023.0,0,0,0,7.0,Phillip Dorsett,WR,Miami (FL),70.0,185.0,4.33,13.0,37.0,122.0,6.7,4.11,WR,44.0,13.258333333333336,,,,,,,,,,,,,,,,,,121.0,2132.0,17.6,17.0,48.5,,,,,,,
2015,1,30,GNB,False,S,DB,D,Arizona St.,23.0,2020.0,0,0,5,11.0,Damarious Randall,S,Arizona State,71.0,196.0,4.46,14.0,38.0,120.0,6.83,4.07,DB,24.0,15.5,,,,,,,,,,,,,,,,,,,,,,,,,,,,6.0,12.0
2015,1,31,NOR,False,ILB,LB,D,Clemson,23.0,2019.0,0,0,1,9.0,Stephone Anthony,ILB,Clemson,75.0,243.0,4.56,23.0,37.0,122.0,7.07,4.03,LB,51.0,20.366666666666667,,,,,,,,,,,,,,,,,,,,,,,10.0,151.0,104.0,255.0,35.0,,
2015,1,32,NWE,False,DT,DL,D,Texas,21.0,2021.0,0,0,6,27.0,Malcom Brown,DT,Texas,74.0,319.0,5.05,26.0,29.5,98.0,7.84,4.59,DL,28.0,,,,,,,,,,,,,,,,,,,,,,,,6.5,49.0,46.0,95.0,16.0,,
2015,2,33,NYG,False,S,DB,D,Alabama,21.0,2022.0,1,3,6,32.0,Landon Collins,S,Alabama,72.0,228.0,4.53,,35.0,120.0,7.38,4.33,DB,41.0,34.86666666666667,,,,,,,,,,,,,,,,,,,,,,,,,,,,5.0,13.0
2015,2,34,TAM,False,T,OL,O,Penn St.,22.0,2023.0,0,0,9,53.0,Donovan Smith,OT,Penn State,78.0,338.0,5.27,26.0,32.0,109.0,7.95,4.79,,,,,,,,,,,,,,,,,,,,,,,,,,,,,,,,
2015,2,35,OAK,False,DT,DL,D,Florida St.,21.0,2025.0,0,0,2,10.0,"Mario Edwards, Jr.",DE,Florida State,75.0,279.0,4.76,32.0,32.5,120.0,7.44,4.55,DL,35.0,32.94444444444444,,,,,,,,,,,,,,,,,,,,,,,8.0,54.0,41.0,95.0,23.0,,
2015,2,36,JAX,False,RB,RB,O,Alabama,21.0,2020.0,0,0,2,19.0,T.J. Yeldon,RB,Alabama,73.0,226.0,4.61,22.0,36.0,117.0,7.19,4.22,RB,39.0,34.96666666666667,,,,,,,,,,576.0,3322.0,5.8,37.0,46.0,494.0,10.7,2.0,,,,,,,,,,,,
2015,2,37,NYJ,False,WR,WR,O,Ohio St.,23.0,2021.0,0,0,0,1.0,Devin Smith,WR,Ohio State,72.0,196.0,4.42,10.0,39.0,122.0,,4.15,WR,54.0,15.99506172839506,,,,,,,,,,,,,,,,,,121.0,2503.0,20.7,30.0,46.4,,,,,,,
2015,2,38,WAS,False,DE,DL,D,Mississippi St.,22.0,2025.0,0,0,8,21.0,Preston Smith,DE,Mississippi State,77.0,271.0,4.74,24.0,34.0,121.0,7.07,4.28,DL,47.0,22.2,,,,,,,,,,,,,,,,,,,,,,,16.0,73.0,61.0,134.0,27.0,,
2015,2,39,CHI,False,DT,DL,D,Florida St.,21.0,2025.0,0,0,4,32.0,Eddie Goldman,DT,Florida State,76.0,336.0,5.28,,,,,,DL,33.0,,,,,,,,,,,,,,,,,,,,,,,,6.0,31.0,31.0,62.0,12.0,,
2015,2,40,TEN,False,WR,WR,O,Oklahoma,22.0,2016.0,0,0,0,4.0,Dorial Green-Beckham,WR,Oklahoma,77.0,237.0,4.49,13.0,33.5,119.0,6.89,4.45,WR,25.0,11.6,,,,,,,,,,,,,,,,,,87.0,1278.0,14.7,17.0,51.1,,,,,,,
2015,2,41,CAR,False,WR,WR,O,Michigan,21.0,2019.0,0,0,2,20.0,Devin Funchess,WR,Michigan,76.0,232.0,4.7,17.0,38.5,122.0,,,TE,37.0,11.82,,,,,,,,,,,,,,,,,,126.0,1715.0,13.6,15.0,46.4,,,,,,,
2015,2,42,ATL,False,CB,DB,D,LSU,22.0,2016.0,0,0,0,4.0,Jalen Collins,CB,LSU,73.0,203.0,4.48,,36.0,124.0,6.77,4.27,DB,34.0,22.6,,,,,,,,,,,,,,,,,,,,,,,,,,,,2.0,2.0
2015,2,43,HOU,False,ILB,LB,D,Mississippi St.,22.0,2021.0,0,1,5,42.0,Benardrick McKinney,ILB,Mississippi State,76.0,246.0,4.66,16.0,40.5,121.0,7.21,4.27,LB,39.0,,,,,,,,,,,,,,,,,,,,,,,,7.5,122.0,121.0,243.0,19.5,,
2015,2,44,NOR,False,OLB,LB,D,Washington,23.0,2017.0,0,0,1,5.0,Hau'oli Kikaha,OLB,Washington,74.0,253.0,4.93,,,,,,DL,43.0,,,,,,,,,,,,,,,,,,,,,,,,35.5,139.0,67.0,206.0,51.0,,
2015,2,45,MIN,False,ILB,LB,D,UCLA,23.0,2025.0,1,1,10,55.0,Eric Kendricks,ILB,UCLA,72.0,232.0,4.61,19.0,38.0,124.0,,,LB,52.0,16.272727272727273,,,,,,,,,,,,,,,,,,,,,,,10.0,307.0,174.0,481.0,26.0,,
2015,2,46,SFO,False,S,DB,D,Samford,23.0,2021.0,0,0,4,21.0,Jaquiski Tartt,S,Samford,73.0,221.0,4.53,,,124.0,,,,,,,,,,,,,,,,,,,,,,,,,,,,,,,,,,
2015,2,47,PHI,False,CB,DB,D,Utah,22.0,2023.0,0,0,2,2.0,Eric Rowe,CB,Utah,73.0,205.0,4.45,19.0,39.0,125.0,6.7,3.97,DB,47.0,6.333333333333333,,,,,,,,,,,,,,,,,,,,,,,,,,,,3.0,28.0
2015,2,48,SDG,False,ILB,LB,D,Miami (FL),22.0,2025.0,0,1,7,29.0,Denzel Perryman,ILB,Miami (FL),71.0,236.0,4.78,27.0,32.0,113.0,,,LB,47.0,13.107692307692306,,,,,,,,,,,,,,,,,,,,,,,4.5,240.0,111.0,351.0,27.0,,
2015,2,49,KAN,False,G,OL,O,Missouri,23.0,2024.0,0,1,9,20.0,Mitch Morse,OG,Missouri,77.0,305.0,5.14,36.0,31.0,112.0,7.6,4.5,,,,,,,,,,,,,,,,,,,,,,,,,,,,,,,,
2015,2,50,BUF,False,CB,DB,D,Florida St.,21.0,2024.0,0,0,8,9.0,Ronald Darby,CB,Florida State,71.0,193.0,4.38,12.0,41.5,129.0,6.94,4.14,DB,35.0,38.5,,,,,,,,,,,,,,,,,,,,,,,,,,,,2.0,16.0
2015,2,51,CLE,False,DE,DL,D,Utah,22.0,2021.0,0,0,1,7.0,Nate Orchard,DE,Utah,75.0,250.0,4.8,,31.5,115.0,7.28,4.43,DE,24.0,,,,,,,,,,,,,,,,,,,,,,,,21.5,76.0,57.0,133.0,29.5,,
2015,2,52,MIA,False,NT,DL,D,Oklahoma,22.0,2025.0,0,0,5,9.0,Jordan Phillips,DT,Oklahoma,77.0,329.0,5.17,28.0,30.0,105.0,7.88,4.68,DL,28.0,,,,,,,,,,,,,,,,,,,,,,,,3.5,28.0,30.0,58.0,9.0,,
2015,2,53,CIN,False,T,OL,O,Oregon,22.0,2018.0,0,0,0,9.0,Jake Fisher,OT,Oregon,78.0,306.0,5.01,25.0,32.5,,7.25,4.33,OL,13.0,27.2,,,,,,,,,,,,,,,,,,,,,,,,,,,,,
2015,2,54,DET,False,RB,RB,O,Nebraska,22.0,2025.0,0,0,2,10.0,Ameer Abdullah,RB,Nebraska,69.0,205.0,4.6,24.0,42.5,130.0,6.79,3.95,RB,53.0,14.905194805194808,,,,,,,,,,813.0,4588.0,5.6,39.0,73.0,690.0,9.5,7.0,,,,,,,,,,,,
2015,2,55,BAL,False,TE,TE,O,Minnesota,21.0,2022.0,0,0,2,4.0,Maxx Williams,TE,Minnesota,76.0,249.0,4.78,17.0,34.5,117.0,7.3,4.37,TE,25.0,3.575,,,,,,,,,,,,,,,,,,61.0,986.0,16.2,13.0,39.4,,,,,,,
2015,2,57,STL,False,T,OL,O,Wisconsin,23.0,2025.0,0,0,10,58.0,Rob Havenstein,OT,Wisconsin,79.0,321.0,5.46,16.0,28.5,96.0,8.28,4.87,OL,2.0,,,,,,,,,,,,,,,,,,,,,,,,,,,,,,
2015,2,58,ARI,False,DE,DL,D,Missouri,24.0,2023.0,0,0,4,23.0,Markus Golden,OLB,Missouri,74.0,260.0,4.9,,,,,,LB,39.0,19.3,,,,,,,,,,,,,,,,,,,,,,,16.5,77.0,66.0,143.0,33.0,,
2015,2,59,DEN,False,T,OL,O,Colorado St.,23.0,2021.0,0,0,0,4.0,Ty Sambrailo,OT,Colorado State,78.0,311.0,5.36,23.0,29.0,97.0,7.54,4.58,OL,24.0,3.0,,,,,,,,,,,,,,,,,,,,,,,,,,,,,
2015,2,60,DAL,False,OLB,LB,D,Nebraska,22.0,2023.0,0,0,1,11.0,Randy Gregory,DE,Nebraska,77.0,235.0,4.64,24.0,36.5,125.0,,,DE,24.0,12.35,,,,,,,,,,,,,,,,,,,,,,,16.5,62.0,57.0,119.0,25.5,,
2015,2,61,TAM,False,C,OL,O,Hobart,22.0,2021.0,0,1,7,43.0,Ali Marpet,OG,Hobart & William Smith,76.0,307.0,4.98,30.0,30.5,108.0,7.33,4.47,,,,,,,,,,,,,,,,,,,,,,,,,,,,,,,,
2015,2,62,GNB,False,CB,DB,D,Miami (OH),23.0,2017.0,0,0,0,7.0,Quinten Rollins,CB,Miami (OH),71.0,195.0,4.57,14.0,36.5,122.0,7.1,4.28,DB,12.0,-18.7,,,,,,,,,,,,,,,,,,,,,,,,,,,,7.0,9.0
2015,2,63,SEA,False,DE,DL,D,Michigan,22.0,2023.0,0,3,6,20.0,Frank Clark,DE,Michigan,75.0,271.0,4.79,19.0,38.5,118.0,7.08,4.05,LB,45.0,20.0,,,,,,,,,,,,,,,,,,,,,,,11.5,66.0,49.0,115.0,35.5,,
2015,2,64,NWE,False,S,DB,D,Stanford,22.0,2021.0,0,0,1,5.0,Jordan Richards,S,Stanford,71.0,211.0,4.65,13.0,32.0,111.0,6.74,4.22,DB,54.0,10.711764705882352,,,,,,,,,,,,,,,,,,,,,,,,,,,,9.0,9.0
2015,3,65,IND,False,CB,DB,D,Florida Atlantic,22.0,2016.0,0,0,0,0.0,D'Joun Smith,CB,Florida Atlantic,70.0,187.0,4.37,18.0,36.0,124.0,6.96,4.26,DB,34.0,-11.633333333333333,,,,,,,,,,,,,,,,,,,,,,,,,,,,9.0,21.0
2015,3,66,TEN,False,G,OL,O,Utah,21.0,2016.0,0,0,0,3.0,Jeremiah Poutasi,OG,Utah,77.0,335.0,5.32,26.0,26.5,95.0,8.09,4.89,,,,,,,,,,,,,,,,,,,,,,,,,,,,,,,,
2015,3,67,JAX,False,G,OL,O,South Carolina,23.0,2022.0,0,0,7,35.0,A.J. Cann,OG,South Carolina,75.0,313.0,5.47,26.0,,,,,OL,26.0,,,,,,,,,,,,,,,,,,,,,,,,,,,,,,
2015,3,68,OAK,False,TE,TE,O,Miami (FL),23.0,2019.0,0,0,1,7.0,Clive Walford,TE,Miami (FL),76.0,251.0,4.79,20.0,35.0,120.0,7.32,4.57,TE,48.0,13.85,,,,,,,,,,,,,,,,,,121.0,1753.0,14.5,14.0,36.5,,,,,,,
2015,3,69,SEA,False,WR,WR,O,Kansas St.,22.0,2025.0,1,1,10,67.0,Tyler Lockett,WR,Kansas State,70.0,182.0,4.4,,35.5,121.0,6.89,4.07,WR,47.0,17.01264367816092,,,,,,,,,,,,,,,,,,249.0,3710.0,14.9,29.0,78.9,,,,,,,
2015,3,70,HOU,False,WR,WR,O,Arizona St.,21.0,2017.0,0,0,0,2.0,Jaelen Strong,WR,Arizona State,74.0,217.0,4.44,,42.0,123.0,,,WR,26.0,16.166666666666668,,,,,,,,,,,,,,,,,,157.0,2287.0,14.6,17.0,88.0,,,,,,,
2015,3,71,CHI,False,C,OL,O,Oregon,24.0,2023.0,0,0,1,5.0,Hroniss Grasu,C,Oregon,75.0,297.0,5.03,,,,,,OL,13.0,24.7,,,,,,,,,,,,,,,,,,,,,,,,,,,,,
2015,3,72,STL,False,T,OL,O,Louisville,22.0,2020.0,0,0,3,13.0,Jamon Brown,OT,Louisville,76.0,323.0,5.08,,,,,,OL,13.0,,,,,,,,,,,,,,,,,,,,,,,,,,,,,,
2015,3,73,ATL,False,RB,RB,O,Indiana,22.0,2022.0,0,0,2,25.0,Tevin Coleman,RB,Indiana,71.0,206.0,4.4,22.0,,,,,RB,33.0,-0.7499999999999999,,,,,,,,,,452.0,3219.0,7.1,28.0,54.0,383.0,7.1,0.0,,,,,,,,,,,,
2015,3,74,NYG,False,DE,DL,D,UCLA,23.0,2016.0,0,0,0,1.0,Owamagbe Odighizuwa,DE,UCLA,75.0,267.0,4.62,25.0,39.0,127.0,7.36,4.19,DL,51.0,,,,,,,,,,,,,,,,,,,,,,,,12.5,85.0,51.0,136.0,24.5,,
2015,3,76,KAN,False,WR,WR,O,Georgia,22.0,2024.0,0,0,3,11.0,Chris Conley,WR,Georgia,74.0,213.0,4.35,18.0,45.0,139.0,7.06,4.3,WR,49.0,26.32,,,,,,,,,,,,,,,,,,117.0,1938.0,16.6,20.0,39.6,,,,,,,
2015,3,77,CLE,False,RB,RB,O,Miami (FL),21.0,2022.0,0,0,0,18.0,Duke Johnson,RB,Miami (FL),69.0,207.0,4.54,,33.5,121.0,,,RB,33.0,,,,,,,,,,,526.0,3519.0,6.7,26.0,69.0,719.0,10.4,4.0,,,,,,,,,,,,
2015,3,78,NOR,False,CB,DB,D,Florida St.,22.0,2022.0,0,0,2,19.0,P.J. Williams,CB,Florida State,72.0,194.0,4.57,12.0,40.0,132.0,7.08,4.28,DB,39.0,33.5,,,,,,,,,,,,,,,,,,,,,,,,,,,,4.0,18.0
2015,3,79,SFO,False,OLB,LB,D,Virginia,21.0,2018.0,0,0,2,11.0,Eli Harold,OLB,Virginia,75.0,247.0,4.6,,35.0,123.0,7.07,4.16,DL,36.0,1.85,,,,,,,,,,,,,,,,,,,,,,,17.5,75.0,66.0,141.0,36.5,,
2015,3,80,DET,False,CB,DB,D,Stanford,20.0,2018.0,0,0,0,0.0,Alex Carter,CB,Stanford,72.0,196.0,4.51,17.0,40.0,121.0,7.05,4.07,DB,40.0,19.146153846153847,,,,,,,,,,,,,,,,,,,,,,,,,,,,2.0,16.0
2015,3,81,BUF,False,G,OL,O,Louisville,22.0,2022.0,0,0,5,19.0,John Miller,OG,Louisville,74.0,303.0,5.33,29.0,27.0,104.0,8.2,4.75,DB,33.0,,,,,,,,,,,,,,,,,,,,,,,,,,,,,3.0,
2015,3,82,NYJ,False,OLB,LB,D,Louisville,22.0,2016.0,0,0,0,4.0,Lorenzo Mauldin,OLB,Louisville,76.0,259.0,4.85,23.0,32.0,112.0,7.47,4.58,DL,36.0,,,,,,,,,,,,,,,,,,,,,,,,21.0,77.0,37.0,114.0,33.5,,
2015,3,83,SDG,False,CB,DB,D,Texas St.,23.0,2018.0,0,0,0,4.0,Craig Mager,CB,Texas State,71.0,201.0,4.44,17.0,38.0,130.0,6.83,4.07,DB,36.0,-10.921739130434782,,,,,,,,,,,,,,,,,,,,,,,,,,,,7.0,19.0
2015,3,84,PHI,False,OLB,LB,D,Texas,23.0,2024.0,0,0,9,18.0,Jordan Hicks,OLB,Texas,73.0,236.0,4.68,20.0,38.0,124.0,6.78,4.15,LB,47.0,9.0,,,,,,,,,,,,,,,,,,,,,,,5.5,128.0,111.0,239.0,20.5,,
2015,3,85,CIN,False,TE,TE,O,Rutgers,22.0,2023.0,0,0,2,6.0,Tyler Kroft,TE,Rutgers,77.0,246.0,4.75,17.0,,,,,TE,37.0,-3.2,,,,,,,,,,,,,,,,,,70.0,901.0,12.9,5.0,24.4,,,,,,,
2015,3,86,ARI,False,RB,RB,O,Northern Iowa,23.0,2022.0,1,1,3,33.0,David Johnson,RB,New Mexico,73.0,224.0,4.5,25.0,41.5,127.0,6.82,4.27,,,,,,,,,,,,,,,,,,,,,,,,,,,,,,,,
2015,3,87,PIT,False,WR,WR,O,Auburn,22.0,2018.0,0,0,0,4.0,Sammie Coates,WR,Auburn,73.0,212.0,4.43,23.0,41.0,131.0,6.98,4.06,WR,37.0,18.066666666666663,,,,,,,,,,,,,,,,,,82.0,1757.0,21.4,13.0,47.5,,,,,,,
2015,3,88,MIN,False,DE,DL,D,LSU,20.0,2025.0,0,5,6,58.0,Danielle Hunter,DE,LSU,77.0,252.0,4.57,25.0,,,,,DL,38.0,,,,,,,,,,,,,,,,,,,,,,,,4.5,52.0,90.0,142.0,21.0,,
2015,3,89,STL,False,QB,QB,O,Oregon St.,23.0,2021.0,0,0,0,1.0,Sean Mannion,QB,Oregon State,78.0,229.0,5.14,,31.0,105.0,7.29,4.39,QB,47.0,7.077358490566037,1187.0,1838.0,64.6,13600.0,83.0,54.0,7.4,6.98,289.4,,,,,,,,,,,,,,,,,,,,
2015,3,90,BAL,False,DT,DL,D,Iowa,23.0,2024.0,0,0,1,7.0,Carl Davis,DT,Iowa,77.0,320.0,5.07,,33.0,103.0,7.91,4.47,DL,44.0,,,,,,,,,,,,,,,,,,,,,,,,3.5,31.0,63.0,94.0,14.5,,
2015,3,91,DAL,False,T,OL,O,Florida,23.0,2021.0,0,0,0,4.0,Chaz Green,OT,Florida,77.0,314.0,5.16,21.0,29.5,106.0,8.0,4.7,OL,9.0,,,,,,,,,,,,,,,,,,,,,,,,,,,,,,
2015,3,92,DEN,False,TE,TE,O,Ohio St.,22.0,2019.0,0,0,3,5.0,Jeff Heuerman,TE,Ohio State,77.0,254.0,4.81,26.0,,,,,TE,47.0,24.542857142857144,,,,,,,,,,,,,,,,,,52.0,792.0,15.2,7.0,16.9,,,,,,,
2015,3,93,IND,False,DE,DL,D,Stanford,24.0,2022.0,0,0,4,8.0,Henry Anderson,DE,Stanford,78.0,294.0,4.97,,30.0,111.0,7.2,4.19,DL,47.0,,,,,,,,,,,,,,,,,,,,,,,,17.0,77.0,65.0,142.0,31.5,,
2015,3,94,GNB,False,WR,WR,O,Stanford,22.0,2023.0,0,0,1,13.0,Ty Montgomery,WR,Stanford,72.0,221.0,4.55,,40.5,121.0,6.97,4.21,WR,49.0,19.73846153846154,,,,,,,,,,,,,,,,,,172.0,2125.0,12.4,15.0,43.4,,,,,,,
2015,3,95,WAS,False,RB,RB,O,Florida,22.0,2017.0,0,0,0,9.0,Matt Jones,RB,Florida,74.0,231.0,4.61,20.0,31.5,112.0,,4.2,RB,28.0,15.379545454545456,,,,,,,,,,297.0,1431.0,4.8,11.0,19.0,100.0,5.3,1.0,,,,,,,,,,,,
2015,3,96,CLE,False,DT,DL,D,Washington St.,23.0,2017.0,0,0,0,3.0,Xavier Cooper,DT,Washington State,75.0,293.0,4.86,29.0,29.0,110.0,7.23,4.37,DL,36.0,,,,,,,,,,,,,,,,,,,,,,,,13.0,70.0,52.0,122.0,32.5,,
2015,4,97,NWE,False,DE,DL,D,Oklahoma,23.0,2018.0,0,0,0,3.0,Geneo Grissom,OLB,Oklahoma,75.0,262.0,4.81,20.0,37.0,117.0,7.24,4.38,DL,28.0,19.4,,,,,,,,,,,,,,,,,,,,,,,7.5,52.0,32.0,84.0,16.5,,
2015,4,98,KAN,False,CB,DB,D,Oregon St.,22.0,2023.0,0,0,7,11.0,Steven Nelson,CB,Oregon State,70.0,197.0,4.49,19.0,34.5,115.0,6.88,4.07,CB,25.0,5.876923076923077,,,,,,,,,,,,,,,,,,,,,,,,,,,,8.0,16.0
2015,4,99,CIN,False,ILB,LB,D,TCU,22.0,2017.0,0,0,0,1.0,Paul Dawson,ILB,TCU,72.0,235.0,4.93,21.0,28.0,109.0,,4.49,LB,37.0,,,,,,,,,,,,,,,,,,,,,,,,6.5,136.0,105.0,241.0,31.0,,
2015,4,100,TEN,False,DT,DL,D,Auburn,22.0,2024.0,0,0,1,1.0,Angelo Blackson,DT,Auburn,76.0,318.0,5.02,20.0,31.0,101.0,7.5,4.57,DL,49.0,9.0,,,,,,,,,,,,,,,,,,,,,,,4.5,32.0,33.0,65.0,17.0,,
2015,4,101,NWE,False,DE,DL,D,Arkansas,22.0,2022.0,0,0,4,24.0,Trey Flowers,DE,Arkansas,74.0,266.0,4.93,28.0,36.5,121.0,7.34,4.4,DL,49.0,1.5,,,,,,,,,,,,,,,,,,,,,,,18.0,97.0,93.0,190.0,47.5,,
2015,4,102,CAR,False,G,OL,O,Oklahoma,23.0,2021.0,0,0,5,22.0,Daryl Williams,OT,Oklahoma,77.0,327.0,5.34,27.0,26.0,97.0,,5.15,,,,,,,,,,,,,,,,,,,,,,,,,,,,,,,,
2015,4,103,NYJ,False,QB,QB,O,Baylor,24.0,2017.0,0,0,0,4.0,Bryce Petty,QB,Baylor,75.0,230.0,4.87,,34.0,121.0,6.91,4.13,QB,37.0,16.55,530.0,845.0,62.7,8195.0,62.0,10.0,9.7,10.63,221.5,,,,,,,,,,,,,,,,,,,,
2015,4,104,JAX,False,S,DB,D,Louisville,23.0,2015.0,0,0,0,1.0,James Sample,S,Louisville,74.0,209.0,4.56,,32.5,123.0,7.04,,S,13.0,17.0,,,,,,,,,,,,,,,,,,,,,,,,,,,,4.0,8.0
2015,4,105,WAS,False,WR,WR,O,Duke,22.0,2024.0,0,0,4,22.0,Jamison Crowder,WR,Duke,68.0,185.0,4.56,10.0,37.0,115.0,7.17,4.32,WR,52.0,-2.1052083333333336,,,,,,,,,,,,,,,,,,283.0,3641.0,12.9,23.0,70.0,,,,,,,
2015,4,106,CHI,False,RB,RB,O,Michigan St.,23.0,2018.0,0,0,0,7.0,Jeremy Langford,RB,Michigan State,72.0,208.0,4.42,,34.5,118.0,7.22,4.32,RB,27.0,20.0,,,,,,,,,,568.0,2944.0,5.2,40.0,39.0,219.0,5.6,1.0,,,,,,,,,,,,
2015,4,107,ATL,False,WR,WR,O,East Carolina,23.0,2019.0,0,0,0,8.0,Justin Hardy,WR,East Carolina,70.0,192.0,4.56,11.0,36.5,114.0,6.63,4.21,WR,49.0,2.426829268292683,,,,,,,,,,,,,,,,,,387.0,4541.0,11.7,35.0,92.7,,,,,,,
2015,4,108,TEN,False,FB,RB,O,Alabama,25.0,2017.0,0,0,1,0.0,Jalston Fowler,FB,Alabama,71.0,254.0,4.94,23.0,33.5,114.0,7.56,4.4,RB,38.0,34.05,,,,,,,,,,99.0,627.0,6.3,4.0,19.0,150.0,7.9,7.0,,,,,,,,,,,,
2015,4,109,IND,False,S,DB,D,Central Florida,23.0,2019.0,0,0,3,13.0,Clayton Geathers,S,Central Florida,74.0,218.0,4.55,22.0,37.0,120.0,7.21,4.27,DB,53.0,9.0,,,,,,,,,,,,,,,,,,,,,,,,,,,,3.0,30.0
2015,4,110,MIN,False,T,OL,O,Pittsburgh,23.0,2018.0,0,0,2,13.0,T.J. Clemmings,OT,Pittsburgh,77.0,309.0,5.14,22.0,32.5,111.0,7.68,4.54,DL,15.0,,,,,,,,,,,,,,,,,,,,,,,,0.0,15.0,8.0,23.0,2.0,,
2015,4,111,NWE,False,G,OL,O,Florida St.,22.0,2015.0,0,0,1,6.0,Tre Jackson,OG,Florida State,76.0,330.0,5.52,,25.0,96.0,,,G,12.0,4.634615384615385,,,,,,,,,,,,,,,,,,,,,,,,,,,,,
2015,4,112,WAS,False,G,OL,O,Alabama,23.0,2017.0,0,0,0,4.0,Arie Kouandjio,OG,Alabama,77.0,310.0,5.48,,,,,,,,,,,,,,,,,,,,,,,,,,,,,,,,,,,,,
2015,4,113,DET,False,DT,DL,D,Auburn,23.0,2018.0,0,0,0,1.0,Gabe Wright,DT,Auburn,75.0,300.0,5.07,34.0,26.5,100.0,7.73,4.56,DL,51.0,,,,,,,,,,,,,,,,,,,,,,,,6.0,43.0,40.0,83.0,20.5,,
2015,4,114,MIA,False,G,OL,O,Arizona St.,23.0,2021.0,0,0,0,3.0,Jamil Douglas,OG,Arizona State,76.0,304.0,5.25,28.0,29.0,99.0,7.99,4.75,OL,26.0,,,,,,,,,,,,,,,,,,,,,,,,,,,,,,
2015,4,115,CLE,False,S,DB,D,Northwestern,23.0,2021.0,0,0,1,5.0,Ibraheim Campbell,S,Northwestern,71.0,208.0,4.52,23.0,,,,,DB,46.0,2.6538461538461537,,,,,,,,,,,,,,,,,,,,,,,,,,,,10.0,12.0
2015,4,116,ARI,False,DT,DL,D,Delaware St.,23.0,2019.0,0,0,3,18.0,,,,,,,,,,,,,,,,,,,,,,,,,,,,,,,,,,,,,,,,,,,
2015,4,117,SFO,False,TE,TE,O,Oklahoma,24.0,2023.0,0,0,1,2.0,Blake Bell,TE,Oklahoma,78.0,252.0,4.8,14.0,33.0,116.0,6.85,4.32,QB,31.0,24.573913043478264,150.0,253.0,59.3,1763.0,12.0,6.0,7.0,6.85,56.9,,,,,,,,,,,,,,,,,,,,
2015,4,118,KAN,False,ILB,LB,D,Georgia,23.0,2019.0,0,0,1,12.0,Ramik Wilson,ILB,Georgia,74.0,237.0,4.77,23.0,35.0,111.0,,4.51,LB,43.0,,,,,,,,,,,,,,,,,,,,,,,,6.0,138.0,115.0,253.0,19.0,,
2015,4,119,STL,False,T,OL,O,Iowa,23.0,2019.0,0,0,0,3.0,Andrew Donnal,OT,Iowa,78.0,313.0,5.31,17.0,32.0,101.0,7.84,4.77,,,,,,,,,,,,,,,,,,,,,,,,,,,,,,,,
2015,4,120,CIN,False,CB,DB,D,USC,23.0,2018.0,0,0,0,7.0,Josh Shaw,CB,USC,72.0,201.0,4.44,26.0,37.5,130.0,7.01,4.12,DB,23.0,22.315384615384616,,,,,,,,,,,,,,,,,,,,,,,,,,,,2.0,1.0
2015,4,121,PIT,False,CB,DB,D,Ohio St.,22.0,2015.0,0,0,0,0.0,Doran Grant,CB,Ohio State,70.0,200.0,4.44,21.0,33.0,116.0,,4.33,DB,53.0,26.705882352941178,,,,,,,,,,,,,,,,,,,,,,,,,,,,9.0,19.0
2015,4,122,BAL,False,DE,DL,D,Kentucky,22.0,2025.0,0,3,4,10.0,Za'Darius Smith,DE,Kentucky,76.0,274.0,4.83,23.0,29.0,113.0,7.42,4.66,DE,24.0,,,,,,,,,,,,,,,,,,,,,,,,11.0,50.0,70.0,120.0,14.5,,
2015,4,124,TAM,False,OLB,LB,D,LSU,21.0,2024.0,0,1,6,22.0,Kwon Alexander,OLB,LSU,73.0,227.0,4.55,24.0,36.0,121.0,7.14,4.2,LB,32.0,,,,,,,,,,,,,,,,,,,,,,,,1.5,78.0,89.0,167.0,15.0,,
2015,4,125,BAL,False,RB,RB,O,USC,24.0,2019.0,0,0,0,14.0,Javorius Allen,RB,USC,72.0,221.0,4.53,11.0,35.5,121.0,6.96,4.28,RB,29.0,20.22,,,,,,,,,,417.0,2306.0,5.5,25.0,63.0,710.0,11.3,2.0,,,,,,,,,,,,
2015,4,126,SFO,False,RB,RB,O,South Carolina,22.0,2022.0,0,0,2,1.0,Mike Davis,RB,South Carolina,69.0,217.0,4.61,17.0,34.0,116.0,7.0,4.18,RB,37.0,15.508333333333333,,,,,,,,,,454.0,2440.0,5.4,22.0,70.0,755.0,10.8,2.0,,,,,,,,,,,,
2015,4,127,DAL,False,ILB,LB,D,Minnesota,22.0,2022.0,0,0,5,10.0,Damien Wilson,ILB,Minnesota,72.0,245.0,4.77,22.0,37.0,119.0,7.21,4.2,LB,25.0,6.8,,,,,,,,,,,,,,,,,,,,,,,5.0,108.0,87.0,195.0,16.0,,
2015,4,128,OAK,False,G,OL,O,Miami (FL),23.0,2023.0,0,0,2,4.0,Jon Feliciano,OG,Miami (FL),76.0,323.0,5.33,,26.5,97.0,,4.74,,,,,,,,,,,,,,,,,,,,,,,,,,,,,,,,
2015,5,129,GNB,False,OLB,LB,D,Michigan,23.0,2019.0,0,0,2,14.0,Jake Ryan,OLB,Michigan,74.0,240.0,4.65,20.0,34.5,120.0,7.11,4.2,LB,46.0,8.2,,,,,,,,,,,,,,,,,,,,,,,9.5,166.0,101.0,267.0,45.5,,
2015,5,131,NWE,False,C,OL,O,Georgia Tech,22.0,2024.0,0,0,10,42.0,,,,,,,,,,,,OL,28.0,,,,,,,,,,,,,,,,,,,,,,,,,,,,,,
2015,5,132,SFO,False,WR,WR,O,Georgia Tech,23.0,2016.0,0,0,0,0.0,DeAndre Smelter,WR,Georgia Tech,74.0,226.0,4.52,,,,,,WR,24.0,,,,,,,,,,,,,,,,,,,56.0,1060.0,18.9,11.0,44.2,,,,,,,
2015,5,133,DEN,False,C,OL,O,Florida,23.0,2023.0,0,0,3,16.0,Max Garcia,C,Florida,76.0,309.0,5.24,,,,,,,,,,,,,,,,,,,,,,,,,,,,,,,,,,,,,
2015,5,134,SEA,False,G,OL,O,West Virginia,23.0,2024.0,0,0,6,9.0,Mark Glowinski,OG,West Virginia,76.0,307.0,5.2,31.0,29.5,113.0,7.56,4.58,OL,1.0,,,,,,,,,,,,,,,,,,,,,,,,,,,,,,
2015,5,136,BAL,False,CB,DB,D,Texas Southern,23.0,2015.0,0,0,0,0.0,,,,,,,,,,,,,,,,,,,,,,,,,,,,,,,,,,,,,,,,,,,
2015,5,137,ATL,False,NT,DL,D,Clemson,22.0,2025.0,0,2,8,56.0,Grady Jarrett,DT,Clemson,73.0,304.0,5.06,30.0,31.0,112.0,7.37,4.56,DL,48.0,,,,,,,,,,,,,,,,,,,,,,,,5.5,78.0,66.0,144.0,28.5,,
2015,5,138,TEN,False,RB,RB,O,Minnesota,22.0,2015.0,0,0,0,1.0,David Cobb,RB,Minnesota,71.0,229.0,4.81,17.0,38.5,121.0,,,RB,35.0,2.6809523809523808,,,,,,,,,,562.0,2893.0,5.1,20.0,34.0,339.0,10.0,0.0,,,,,,,,,,,,
2015,5,139,JAX,False,WR,WR,O,Florida St.,22.0,2018.0,0,0,0,2.0,Rashad Greene,WR,Florida State,71.0,182.0,4.53,,36.5,122.0,6.88,4.12,WR,51.0,,,,,,,,,,,,,,,,,,,270.0,3830.0,14.2,29.0,75.1,,,,,,,
2015,5,140,OAK,False,ILB,LB,D,Kansas,23.0,2017.0,0,0,0,3.0,Ben Heeney,ILB,Kansas,72.0,231.0,4.59,19.0,33.5,120.0,6.68,4.0,LB,46.0,-9.76923076923077,,,,,,,,,,,,,,,,,,,,,,,3.5,217.0,117.0,334.0,35.0,,
2015,5,141,WAS,False,OLB,LB,D,Arkansas,22.0,2018.0,0,0,0,6.0,Martrell Spaight,ILB,Arkansas,72.0,236.0,4.81,25.0,35.0,120.0,7.66,,LB,20.0,12.2,,,,,,,,,,,,,,,,,,,,,,,2.0,77.0,73.0,150.0,11.5,,
2015,5,142,CHI,False,S,DB,D,Penn St.,22.0,2024.0,0,0,8,19.0,Adrian Amos,S,Penn State,72.0,218.0,4.56,,35.5,122.0,7.09,4.03,DB,48.0,11.646153846153847,,,,,,,,,,,,,,,,,,,,,,,,,,,,7.0,16.0
2015,5,143,MIN,False,TE,TE,O,Southern Illinois,23.0,2024.0,0,0,1,1.0,MyCole Pruitt,TE,Southern Illinois,74.0,251.0,4.58,17.0,38.0,118.0,7.25,4.37,,,,,,,,,,,,,,,,,,,,,,,,,,,,,,,,
2015,5,144,NYG,False,S,DB,D,Texas,22.0,2016.0,0,0,0,0.0,,,,,,,,,,,,,,,,,,,,,,,,,,,,,,,,,,,,,,,,,,,
2015,5,145,MIA,False,CB,DB,D,Memphis,22.0,2024.0,0,0,6,17.0,Bobby McCain,CB,Memphis,69.0,195.0,4.51,17.0,36.0,130.0,6.8,3.82,DB,45.0,-5.6875,,,,,,,,,,,,,,,,,,,,,,,,,,,,12.0,12.0
2015,5,146,MIN,False,WR,WR,O,Maryland,21.0,2025.0,1,4,10,32.0,Stefon Diggs,WR,Maryland,72.0,195.0,4.46,,35.0,115.0,7.03,4.32,WR,28.0,2.41304347826087,,,,,,,,,,,,,,,,,,150.0,2227.0,14.8,14.0,79.5,,,,,,,
2015,5,147,GNB,False,QB,QB,O,UCLA,22.0,2019.0,0,0,1,5.0,Brett Hundley,QB,UCLA,75.0,226.0,4.63,,36.0,120.0,6.93,3.98,QB,40.0,17.71206896551724,837.0,1241.0,67.4,9966.0,75.0,25.0,8.0,8.33,249.2,,,,,,,,,,,,,,,,,,,,
2015,5,149,MIA,False,RB,RB,O,Boise St.,22.0,2019.0,0,1,2,14.0,Jay Ajayi,RB,Boise State,72.0,221.0,4.57,19.0,39.0,121.0,7.1,4.1,RB,38.0,12.285714285714286,,,,,,,,,,678.0,3796.0,5.6,50.0,73.0,771.0,10.6,5.0,,,,,,,,,,,,
2015,5,151,IND,False,NT,DL,D,Stanford,23.0,2018.0,0,0,2,13.0,David Parry,DT,Stanford,73.0,308.0,5.38,34.0,29.0,103.0,,,DL,48.0,,,,,,,,,,,,,,,,,,,,,,,,6.5,41.0,48.0,89.0,16.0,,
2015,5,153,SDG,False,OLB,LB,D,North Dakota St.,24.0,2020.0,0,0,2,16.0,Kyle Emanuel,OLB,North Dakota State,75.0,255.0,4.77,27.0,34.0,120.0,7.1,4.25,,,,,,,,,,,,,,,,,,,,,,,,,,,,,,,,
2015,5,154,NOR,False,DT,DL,D,Fresno St.,22.0,2022.0,0,0,6,16.0,Tyeler Davison,DT,Fresno State,74.0,316.0,5.18,32.0,33.0,105.0,7.53,4.46,DL,52.0,,,,,,,,,,,,,,,,,,,,,,,,14.5,95.0,65.0,160.0,27.5,,
2015,5,155,BUF,False,RB,RB,O,Florida St.,22.0,2015.0,0,0,0,4.0,Karlos Williams,RB,Florida State,73.0,230.0,4.48,16.0,33.5,117.0,7.16,4.46,RB,26.0,31.731818181818184,,,,,,,,,,241.0,1419.0,5.9,22.0,37.0,328.0,8.9,1.0,,,,,,,,,,,,
2015,5,156,MIA,False,WR,WR,O,Michigan St.,23.0,2018.0,0,0,1,6.0,Tony Lippett,WR,Michigan State,74.0,192.0,4.61,10.0,36.0,114.0,6.92,4.13,WR,38.0,19.18936170212766,,,,,,,,,,,,,,,,,,145.0,2203.0,15.2,15.0,58.0,,,,,,,
2015,5,157,CIN,False,TE,TE,O,Auburn,22.0,2024.0,0,0,4,13.0,,,,,,,,,,,,TE,43.0,15.759090909090908,,,,,,,,,,,,,,,,,,29.0,435.0,15.0,7.0,10.1,,,,,,,
2015,5,159,ARI,False,WR,WR,O,Ala-Birmingham,23.0,2019.0,0,0,0,12.0,J.J. Nelson,WR,Ala-Birmingham,70.0,156.0,4.28,,36.0,127.0,7.02,4.15,,,,,,,,,,,,,,,,,,,,,,,,,,,,,,,,
2015,5,160,PIT,False,TE,TE,O,Penn St.,21.0,2022.0,0,0,4,10.0,Jesse James,TE,Penn State,79.0,261.0,4.83,26.0,37.5,121.0,7.53,4.5,TE,33.0,10.733333333333333,,,,,,,,,,,,,,,,,,78.0,1005.0,12.9,11.0,30.5,,,,,,,
2015,6,161,OAK,False,OLB,LB,D,Florida,23.0,2015.0,0,0,0,1.0,Neiron Ball,OLB,Florida,74.0,236.0,4.65,22.0,,,,,LB,43.0,17.444444444444443,,,,,,,,,,,,,,,,,,,,,,,3.0,37.0,57.0,94.0,5.5,,
2015,6,163,DAL,False,DE,DL,D,Purdue,23.0,2017.0,0,0,0,0.0,Ryan Russell,DE,Purdue,76.0,269.0,4.75,25.0,32.5,119.0,7.25,4.47,DL,50.0,,,,,,,,,,,,,,,,,,,,,,,,10.0,101.0,48.0,149.0,25.0,,
2015,6,164,DEN,False,CB,DB,D,Tulane,21.0,2018.0,0,0,0,0.0,Lorenzo Doss,CB,Tulane,70.0,182.0,4.5,9.0,33.5,115.0,7.2,4.26,DB,37.0,-15.166666666666666,,,,,,,,,,,,,,,,,,,,,,,,,,,,15.0,17.0
2015,6,165,SFO,False,P,P,S,Clemson,21.0,2025.0,0,0,2,5.0,Bradley Pinion,P,Clemson,77.0,229.0,5.18,,,,,,,,,,,,,,,,,,,,,,,,,,,,,,,,,,,,,
2015,6,166,NWE,False,LS,LS,S,Navy,23.0,2025.0,0,0,0,8.0,Joe Cardona,LS,Navy,74.0,242.0,4.91,30.0,33.0,,,,OL,25.0,,,,,,,,,,,,,,,,,,,,,,,,,,,,,,
2015,6,167,NOR,False,CB,DB,D,Georgia,22.0,2015.0,0,0,0,1.0,Damian Swann,CB,Georgia,72.0,189.0,4.5,,33.0,118.0,,,DB,50.0,27.10555555555556,,,,,,,,,,,,,,,,,,,,,,,,,,,,8.0,16.0
2015,6,168,DET,False,FB,RB,O,Rutgers,23.0,2024.0,0,0,1,0.0,Michael Burton,FB,Rutgers,71.0,242.0,4.65,25.0,33.0,115.0,7.2,4.34,RB,41.0,-2.3684210526315788,,,,,,,,,,22.0,116.0,5.3,0.0,47.0,401.0,8.5,3.0,,,,,,,,,,,,
2015,6,169,CAR,False,LB,LB,D,Texas St.,22.0,2023.0,0,0,1,4.0,,,,,,,,,,,,LB,21.0,-13.7,,,,,,,,,,,,,,,,,,,,,,,2.5,135.0,108.0,243.0,9.0,,
2015,6,170,SEA,False,CB,DB,D,Towson,22.0,2021.0,0,0,0,0.0,Tye Smith,CB,Towson,72.0,195.0,4.6,15.0,36.5,124.0,6.97,3.96,,,,,,,,,,,,,,,,,,,,,,,,,,,,,,,,
2015,6,171,BAL,False,TE,TE,O,Delaware,22.0,2022.0,0,0,4,9.0,Nick Boyle,TE,Pittsburgh,76.0,268.0,5.04,20.0,30.5,112.0,7.13,4.23,,,,,,,,,,,,,,,,,,,,,,,,,,,,,,,,
2015,6,172,KAN,False,OLB,LB,D,Oregon St.,23.0,2019.0,0,1,0,5.0,,,,,,,,,,,,LB,33.0,3.2,,,,,,,,,,,,,,,,,,,,,,,6.5,105.0,78.0,183.0,20.5,,
2015,6,173,KAN,False,TE,TE,O,Illinois St.,23.0,2021.0,0,0,3,1.0,,,,,,,,,,,,,,,,,,,,,,,,,,,,,,,,,,,,,,,,,,,
2015,6,174,CAR,False,RB,RB,O,Auburn,25.0,2018.0,0,0,0,5.0,Cameron Artis-Payne,RB,Auburn,70.0,212.0,4.53,,36.5,118.0,7.13,,RB,26.0,24.7,,,,,,,,,,394.0,2218.0,5.6,19.0,14.0,151.0,10.8,0.0,,,,,,,,,,,,
2015,6,175,HOU,False,WR,WR,O,Michigan St.,23.0,2016.0,0,0,0,2.0,Keith Mumphery,WR,Michigan State,72.0,215.0,4.54,,32.5,121.0,7.07,4.25,WR,52.0,18.942857142857143,,,,,,,,,,,,,,,,,,88.0,1348.0,15.3,7.0,25.9,,,,,,,
2015,6,177,TEN,False,OLB,LB,D,Louisville,22.0,2017.0,0,0,0,0.0,,,,,,,,,,,,DL,43.0,,,,,,,,,,,,,,,,,,,,,,,,11.0,50.0,33.0,83.0,20.0,,
2015,6,180,JAX,False,DT,DL,D,Ohio St.,22.0,2018.0,0,0,0,1.0,Mike Bennett,DT,Ohio State,74.0,293.0,5.04,,,,,,DL,49.0,25.3,,,,,,,,,,,,,,,,,,,,,,,18.0,61.0,50.0,111.0,31.5,,
2015,6,181,WAS,False,S,DB,D,Virginia Tech,22.0,2015.0,0,0,0,3.0,Kyshoen Jarrett,S,Virginia Tech,70.0,200.0,4.57,21.0,33.0,109.0,6.95,4.4,DB,53.0,12.314285714285717,,,,,,,,,,,,,,,,,,,,,,,,,,,,5.0,7.0
2015,6,183,CHI,False,T,OL,O,TCU,24.0,2015.0,0,0,0,0.0,Tayo Fabuluje,OG,TCU,78.0,353.0,5.55,,29.5,,,4.77,OL,13.0,,,,,,,,,,,,,,,,,,,,,,,,,,,,,,
2015,6,186,NYG,False,WR,WR,O,Connecticut,23.0,2019.0,0,0,0,0.0,Geremy Davis,WR,Connecticut,74.0,216.0,4.49,23.0,36.5,124.0,6.86,4.18,WR,47.0,-7.25,,,,,,,,,,,,,,,,,,165.0,2292.0,13.9,7.0,48.8,,,,,,,
2015,6,188,BUF,False,OLB,LB,D,Clemson,22.0,2015.0,0,0,0,1.0,,,,,,,,,,,,LB,40.0,,,,,,,,,,,,,,,,,,,,,,,,4.5,59.0,43.0,102.0,12.5,,
2015,6,189,CLE,False,CB,DB,D,Louisville,22.0,2015.0,0,0,0,1.0,Charles Gaines,CB,Louisville,70.0,180.0,4.44,,34.5,123.0,7.07,4.2,DB,32.0,19.439285714285717,,,,,,,,,,,,,,,,,,,,,,,,,,,,7.0,17.0
2015,6,190,SFO,False,G,OL,O,Boston Col.,22.0,2018.0,0,0,0,0.0,,,,,,,,,,,,,,,,,,,,,,,,,,,,,,,,,,,,,,,,,,,
2015,6,192,SDG,False,DT,DL,D,Arkansas,21.0,2021.0,0,0,0,12.0,Darius Philon,DT,Arkansas,73.0,298.0,5.0,26.0,31.0,107.0,8.0,,DT,25.0,-7.4,,,,,,,,,,,,,,,,,,,,,,,7.5,46.0,46.0,92.0,20.5,,
2015,7,194,BUF,False,TE,TE,O,Florida St.,23.0,2019.0,0,0,2,4.0,Nick O'Leary,TE,Florida State,75.0,252.0,4.93,21.0,30.5,110.0,7.4,4.5,TE,52.0,29.82,,,,,,,,,,,,,,,,,,114.0,1591.0,14.0,17.0,30.6,,,,,,,
2015,7,195,CLE,False,TE,TE,O,Mississippi St.,23.0,2016.0,0,0,0,0.0,,,,,,,,,,,,WR,44.0,6.478125,,,,,,,,,,,,,,,,,,79.0,1148.0,14.5,10.0,26.1,,,,,,,
2015,7,196,PHI,False,CB,DB,D,Kansas St.,23.0,2015.0,0,0,0,0.0,,,,,,,,,,,,DB,51.0,20.23333333333333,,,,,,,,,,,,,,,,,,,,,,,,,,,,7.0,21.0
2015,7,197,CIN,False,S,DB,D,Fresno St.,23.0,2017.0,0,0,0,2.0,Derron Smith,S,Fresno State,70.0,200.0,4.61,,,,,,DB,56.0,2.3342105263157897,,,,,,,,,,,,,,,,,,,,,,,,,,,,15.0,16.0
2015,7,198,CLE,False,TE,TE,O,USC,23.0,2017.0,0,0,2,0.0,Randall Telfer,TE,USC,76.0,250.0,4.83,20.0,,,,,TE,42.0,22.18,,,,,,,,,,,,,,,,,,65.0,648.0,10.0,12.0,15.4,,,,,,,
2015,7,199,PIT,False,DT,DL,D,Central Michigan,23.0,2018.0,0,0,0,4.0,Leterrius Walton,DT,Central Michigan,77.0,319.0,5.25,25.0,27.0,103.0,7.91,4.78,DL,38.0,,,,,,,,,,,,,,,,,,,,,,,,6.0,46.0,60.0,106.0,19.5,,
2015,7,200,DET,False,CB,DB,D,Texas,22.0,2025.0,0,3,6,11.0,Quandre Diggs,CB,Texas,69.0,196.0,4.56,17.0,35.5,113.0,7.22,4.15,DB,52.0,15.578571428571433,,,,,,,,,,,,,,,,,,,,,,,,,,,,11.0,27.0
2015,7,202,NWE,False,TE,TE,O,Arkansas,23.0,2018.0,0,0,0,0.0,,,,,,,,,,,,QB,14.0,12.8,22.0,42.0,52.4,208.0,1.0,1.0,5.0,4.36,14.9,,,,,,,,,,,,,,,,,,,,
2015,7,203,DEN,False,NT,DL,D,Maryland,23.0,2018.0,0,0,0,2.0,,,,,,,,,,,,DL,42.0,,,,,,,,,,,,,,,,,,,,,,,,5.5,74.0,51.0,125.0,19.5,,
2015,7,204,BAL,False,WR,WR,O,Georgia Tech,22.0,2025.0,0,1,4,1.0,Darren Waller,WR,Georgia Tech,78.0,238.0,4.46,12.0,37.0,125.0,7.07,4.25,WR,35.0,9.533333333333331,,,,,,,,,,,,,,,,,,51.0,971.0,19.0,9.0,27.7,,,,,,,
2015,7,205,IND,False,RB,RB,O,Mississippi St.,23.0,2015.0,0,0,0,0.0,Josh Robinson,RB,Mississippi State,68.0,217.0,4.7,21.0,32.0,113.0,,,RB,38.0,8.871929824561404,,,,,,,,,,323.0,1997.0,6.2,15.0,43.0,493.0,11.5,1.0,,,,,,,,,,,,
2015,7,206,GNB,False,FB,RB,O,Oklahoma,22.0,2017.0,0,0,0,2.0,,,,,,,,,,,,FB,14.0,19.33333333333333,,,,,,,,,,6.0,13.0,2.2,3.0,8.0,41.0,5.1,2.0,,,,,,,,,,,,
2015,7,207,IND,False,ILB,LB,D,Georgia,23.0,2015.0,0,0,0,0.0,Amarlo Herrera,ILB,Georgia,73.0,244.0,4.83,23.0,32.0,111.0,7.35,4.27,LB,54.0,26.9,,,,,,,,,,,,,,,,,,,,,,,3.5,147.0,187.0,334.0,21.0,,
2015,7,208,TEN,False,C,OL,O,Boston Col.,23.0,2015.0,0,0,1,4.0,Andy Gallik,C,Boston Col.,74.0,306.0,5.5,29.0,27.0,96.0,7.66,4.58,,,,,,,,,,,,,,,,,,,,,,,,,,,,,,,,
2015,7,210,GNB,False,DE,DL,D,Louisiana,23.0,2022.0,0,0,0,1.0,,,,,,,,,,,,DL,44.0,,,,,,,,,,,,,,,,,,,,,,,,21.0,75.0,34.0,109.0,35.5,,
2015,7,212,PIT,False,DE,DL,D,Miami (FL),22.0,2020.0,0,0,1,9.0,Anthony Chickillo,DE,Miami (FL),75.0,267.0,4.79,27.0,34.5,114.0,7.17,4.25,DL,50.0,,,,,,,,,,,,,,,,,,,,,,,,15.5,87.0,84.0,171.0,25.0,,
2015,7,213,GNB,False,TE,TE,O,Ala-Birmingham,22.0,2015.0,0,0,0,0.0,,,,,,,,,,,,TE,47.0,-15.22,,,,,,,,,,,,,,,,,,96.0,979.0,10.2,9.0,20.8,,,,,,,
2015,7,214,SEA,False,DT,DL,D,Buffalo,23.0,2015.0,0,0,0,0.0,,,,,,,,,,,,DL,46.0,,,,,,,,,,,,,,,,,,,,,,,,2.5,39.0,56.0,95.0,15.0,,
2015,7,215,STL,False,G,OL,O,Fresno St.,23.0,2016.0,0,0,2,6.0,,,,,,,,,,,,OL,14.0,,,,,,,,,,,,,,,,,,,,,,,,,,,,,,
2015,7,216,HOU,False,DT,DL,D,Rice,21.0,2022.0,0,0,1,8.0,Christian Covington,DT,Rice,74.0,289.0,4.9,,,,,,DL,33.0,,,,,,,,,,,,,,,,,,,,,,,,11.5,78.0,44.0,122.0,23.0,,
2015,7,217,KAN,False,DT,DL,D,Southern Miss,22.0,2025.0,0,0,4,7.0,Rakeem Nunez-Roches,DT,Southern Miss,74.0,307.0,5.02,26.0,34.0,114.0,7.67,4.69,DL,25.0,,,,,,,,,,,,,,,,,,,,,,,,4.0,56.0,47.0,103.0,20.5,,
2015,7,220,JAX,False,WR,WR,O,Monmouth,23.0,2018.0,0,0,0,1.0,,,,,,,,,,,,,,,,,,,,,,,,,,,,,,,,,,,,,,,,,,,
2015,7,223,NYJ,False,NT,DL,D,Northwestern St. (LA),25.0,2016.0,0,0,0,2.0,Deon Simon,DT,NW State (LA),76.0,321.0,5.12,35.0,29.5,105.0,7.92,4.76,,,,,,,,,,,,,,,,,,,,,,,,,,,,,,,,
2015,7,224,STL,False,ILB,LB,D,Baylor,23.0,2020.0,0,0,0,5.0,Bryce Hager,ILB,Baylor,73.0,234.0,4.6,26.0,35.0,117.0,7.15,4.36,LB,48.0,23.9,,,,,,,,,,,,,,,,,,,,,,,7.0,202.0,120.0,322.0,24.0,,
2015,7,226,NYG,False,G,OL,O,Florida St.,21.0,2025.0,0,0,4,7.0,Bobby Hart,OG,Florida State,77.0,329.0,5.61,,,,,,DB,29.0,,,,,,,,,,,,,,,,,,,,,,,,,,,,,4.0,
2015,7,228,MIN,False,T,OL,O,Alabama,23.0,2015.0,0,0,0,1.0,Austin Shepherd,OT,Alabama,76.0,315.0,5.39,17.0,29.0,94.0,8.04,4.7,,,,,,,,,,,,,,,,,,,,,,,,,,,,,,,,
2015,7,229,JAX,False,TE,TE,O,Notre Dame,22.0,2019.0,0,0,0,1.0,Ben Koyack,TE,Notre Dame,77.0,255.0,4.79,,,,,,TE,42.0,14.24,,,,,,,,,,,,,,,,,,44.0,532.0,12.1,5.0,12.7,,,,,,,
2015,7,230,NOR,False,RB,RB,O,Missouri,23.0,2018.0,0,0,0,1.0,Marcus Murphy,RB,Missouri,69.0,198.0,4.61,11.0,29.0,109.0,,4.4,RB,52.0,13.777142857142858,,,,,,,,,,337.0,1957.0,5.8,16.0,50.0,318.0,6.4,2.0,,,,,,,,,,,,
2015,7,232,MIN,False,OLB,LB,D,Newberry,23.0,2021.0,0,0,0,2.0,Edmond Robinson,OLB,Newberry,75.0,245.0,4.61,20.0,37.0,121.0,7.49,4.38,,,,,,,,,,,,,,,,,,,,,,,,,,,,,,,,
2015,7,234,BUF,False,WR,WR,O,Central Arkansas,22.0,2016.0,0,0,0,0.0,,,,,,,,,,,,,,,,,,,,,,,,,,,,,,,,,,,,,,,,,,,
2015,7,236,DAL,False,OLB,LB,D,Wyoming,25.0,2021.0,0,0,0,0.0,Mark Nzeocha,OLB,Wyoming,74.0,232.0,4.56,24.0,,,,,LB,24.0,-14.2,,,,,,,,,,,,,,,,,,,,,,,3.0,80.0,50.0,130.0,10.0,,
2015,7,238,CIN,False,WR,WR,O,West Virginia,23.0,2016.0,0,0,0,0.0,Mario Alford,WR,West Virginia,68.0,180.0,4.43,13.0,34.0,121.0,6.64,4.07,WR,22.0,3.75,,,,,,,,,,,,,,,,,,92.0,1497.0,16.3,13.0,68.0,,,,,,,
2015,7,240,DET,False,T,OL,O,South Carolina,23.0,2018.0,0,0,0,6.0,Corey Robinson,OT,South Carolina,79.0,324.0,5.34,28.0,,,,,DL,12.0,-5.166176470588235,,,,,,,,,,,,,,,,,,,,,,,0.0,1.0,0.0,1.0,0.0,,
2015,7,242,OAK,False,CB,DB,D,Kansas,23.0,2017.0,0,0,0,2.0,,,,,,,,,,,,DB,30.0,-9.75,,,,,,,,,,,,,,,,,,,,,,,,,,,,4.0,23.0
2015,7,244,SFO,False,G,OL,O,Florida,22.0,2025.0,0,1,5,11.0,Trenton Brown,OG,Florida,80.0,355.0,5.21,20.0,23.5,97.0,8.23,4.78,OL,12.0,,,,,,,,,,,,,,,,,,,,,,,,,,,,,,
2015,7,245,TEN,False,WR,WR,O,William & Mary,22.0,2017.0,0,0,0,0.0,Tre McBride,WR,William & Mary,72.0,210.0,4.41,16.0,38.0,122.0,6.96,4.08,,,,,,,,,,,,,,,,,,,,,,,,,,,,,,,,
2015,7,246,DAL,False,TE,TE,O,Texas,21.0,2024.0,0,0,3,3.0,,,,,,,,,,,,TE,16.0,9.75,,,,,,,,,,,,,,,,,,13.0,84.0,6.5,1.0,5.3,,,,,,,
2015,7,249,ATL,False,DB,DB,D,San Jose St.,23.0,2019.0,0,0,0,0.0,,,,,,,,,,,,CB,20.0,,,,,,,,,,,,,,,,,,,,,,,,,,,,,0.0,4.0
2015,7,250,DEN,False,QB,QB,O,Northwestern,23.0,2023.0,0,0,2,13.0,,,,,,,,,,,,QB,44.0,3.19811320754717,550.0,934.0,58.9,5931.0,27.0,24.0,6.4,5.77,134.8,,,,,,,,,,,,,,,,,,,,
2015,7,251,DEN,False,DB,DB,D,Tulane,24.0,2016.0,0,0,0,0.0,,,,,,,,,,,,CB,17.0,-22.200000000000003,,,,,,,,,,,,,,,,,,,,,,,,,,,,1.0,5.0
2015,7,255,IND,False,T,OL,O,Mars Hill,24.0,2021.0,0,0,2,10.0,,,,,,,,,,,,,,,,,,,,,,,,,,,,,,,,,,,,,,,,,,,
2016,1,1,LAR,False,QB,QB,O,California,21.0,2025.0,0,5,8,44.0,Jared Goff,QB,California,76.0,215.0,4.82,,27.0,110.0,7.17,4.47,QB,37.0,1.053125,977.0,1569.0,62.3,12200.0,96.0,30.0,7.8,8.14,329.7,,,,,,,,,,,,,,,,,,,,
2016,1,2,PHI,False,QB,QB,O,North Dakota St.,23.0,2025.0,0,1,6,43.0,Carson Wentz,QB,North Dakota State,77.0,237.0,4.77,,30.5,118.0,6.86,4.15,,,,,,,,,,,,,,,,,,,,,,,,,,,,,,,,
2016,1,3,SDG,False,DE,DL,D,Ohio St.,21.0,2025.0,0,5,6,56.0,Joey Bosa,DE,Ohio State,77.0,269.0,4.86,24.0,32.0,120.0,6.89,4.21,DL,38.0,29.5,,,,,,,,,,,,,,,,,,,,,,,26.0,101.0,47.0,148.0,50.5,,
2016,1,4,DAL,False,RB,RB,O,Ohio St.,21.0,2024.0,1,3,7,65.0,Ezekiel Elliott,RB,Ohio State,72.0,225.0,4.47,,32.5,118.0,,,RB,35.0,27.8375,,,,,,,,,,592.0,3961.0,6.7,43.0,58.0,449.0,7.7,1.0,,,,,,,,,,,,
2016,1,5,JAX,False,CB,DB,D,Florida St.,21.0,2025.0,3,8,9,28.0,Jalen Ramsey,CB,Florida State,73.0,209.0,4.41,14.0,41.5,135.0,6.94,4.18,DB,41.0,27.77777777777778,,,,,,,,,,,,,,,,,,,,,,,,,,,,3.0,23.0
2016,1,6,BAL,False,T,OL,O,Notre Dame,22.0,2025.0,1,2,7,64.0,Ronnie Stanley,OT,Notre Dame,78.0,312.0,5.2,,28.5,,8.03,4.9,T,14.0,,,,,,,,,,,,,,,,,,,,,,,,,,,,,,
2016,1,7,SFO,False,DE,DL,D,Oregon,22.0,2025.0,1,3,8,34.0,Deforest Buckner,DE,Oregon,79.0,291.0,5.05,,32.0,116.0,7.51,4.47,DL,53.0,,,,,,,,,,,,,,,,,,,,,,,,18.0,109.0,122.0,231.0,35.5,,
2016,1,8,TEN,False,T,OL,O,Michigan St.,22.0,2025.0,2,0,6,30.0,Jack Conklin,OT,Michigan State,78.0,308.0,5.0,25.0,30.0,103.0,7.63,4.57,T,25.0,,,,,,,,,,,,,,,,,,,,,,,,,,,,,,
2016,1,9,CHI,False,OLB,LB,D,Georgia,23.0,2025.0,0,0,9,21.0,Leonard Floyd,OLB,Georgia,78.0,244.0,4.6,,39.5,127.0,,,LB,38.0,,,,,,,,,,,,,,,,,,,,,,,,17.0,92.0,92.0,184.0,28.5,,
2016,1,10,NYG,False,CB,DB,D,Ohio St.,21.0,2025.0,0,0,5,9.0,Eli Apple,CB,Ohio State,73.0,199.0,4.4,13.0,,,,,CB,28.0,27.65,,,,,,,,,,,,,,,,,,,,,,,,,,,,4.0,18.0
2016,1,11,TAM,False,CB,DB,D,Florida,21.0,2021.0,0,0,4,10.0,Vernon Hargreaves III,CB,Florida,70.0,204.0,4.5,15.0,39.0,130.0,,3.98,DB,37.0,12.362162162162162,,,,,,,,,,,,,,,,,,,,,,,,,,,,10.0,27.0
2016,1,12,NOR,False,DT,DL,D,Louisville,22.0,2025.0,0,0,5,15.0,Sheldon Rankins,DT,Louisville,73.0,299.0,5.03,28.0,34.5,118.0,7.44,4.59,DL,45.0,17.0,,,,,,,,,,,,,,,,,,,,,,,19.0,73.0,61.0,134.0,32.5,,
2016,1,13,MIA,False,T,OL,O,Mississippi,22.0,2025.0,0,5,8,12.0,Laremy Tunsil,OT,Mississippi,77.0,310.0,5.23,,,,,,OL,6.0,27.0,,,,,,,,,,,,,,,,,,,,,,,,,,,,,
2016,1,14,OAK,False,S,DB,D,West Virginia,22.0,2021.0,0,0,4,14.0,Karl Joseph,S,West Virginia,70.0,205.0,4.57,,,,,,DB,42.0,7.125,,,,,,,,,,,,,,,,,,,,,,,,,,,,9.0,8.0
2016,1,15,CLE,False,WR,WR,O,Baylor,22.0,2018.0,0,0,2,5.0,Corey Coleman,WR,Baylor,71.0,194.0,4.42,17.0,40.5,129.0,,,WR,34.0,21.166666666666668,,,,,,,,,,,,,,,,,,173.0,3009.0,17.4,33.0,88.5,,,,,,,
2016,1,16,DET,False,T,OL,O,Ohio St.,23.0,2025.0,0,1,8,59.0,Taylor Decker,OT,Ohio State,79.0,310.0,5.23,20.0,29.0,101.0,7.7,4.76,OL,28.0,,,,,,,,,,,,,,,,,,,,,,,,,,,,,,
2016,1,17,ATL,False,S,DB,D,Florida,21.0,2023.0,0,1,3,17.0,Keanu Neal,S,Florida,72.0,211.0,4.62,17.0,38.0,132.0,7.09,4.38,DB,26.0,15.55,,,,,,,,,,,,,,,,,,,,,,,,,,,,4.0,5.0
2016,1,18,IND,False,C,OL,O,Alabama,23.0,2025.0,0,4,9,54.0,Ryan Kelly,C,Alabama,76.0,311.0,5.03,26.0,30.0,103.0,7.58,4.59,OL,15.0,,,,,,,,,,,,,,,,,,,,,,,,,,,,,,
2016,1,19,BUF,False,DE,DL,D,Clemson,22.0,2024.0,0,0,1,15.0,Shaq Lawson,DE,Clemson,75.0,269.0,4.7,,33.0,120.0,7.16,4.21,DE,41.0,,,,,,,,,,,,,,,,,,,,,,,,20.0,68.0,57.0,125.0,46.5,,
2016,1,20,NYJ,False,OLB,LB,D,Ohio St.,21.0,2020.0,0,0,3,17.0,Darron Lee,OLB,Ohio State,73.0,232.0,4.47,17.0,35.5,133.0,7.12,4.2,LB,28.0,27.65,,,,,,,,,,,,,,,,,,,,,,,12.0,90.0,57.0,147.0,27.5,,
2016,1,21,HOU,False,WR,WR,O,Notre Dame,22.0,2021.0,0,0,5,24.0,Will Fuller,WR,Notre Dame,72.0,186.0,4.32,10.0,33.5,126.0,6.93,4.27,WR,32.0,,,,,,,,,,,,,,,,,,,144.0,2512.0,17.4,30.0,78.5,,,,,,,
2016,1,22,WAS,False,WR,WR,O,TCU,23.0,2019.0,0,0,2,9.0,Josh Doctson,WR,TCU,74.0,202.0,4.5,14.0,41.0,131.0,6.84,4.08,WR,46.0,11.9,,,,,,,,,,,,,,,,,,215.0,3178.0,14.8,34.0,69.1,,,,,,,
2016,1,23,MIN,False,WR,WR,O,Mississippi,21.0,2025.0,0,0,2,5.0,Laquon Treadwell,WR,Mississippi,74.0,221.0,4.52,12.0,33.0,117.0,,,WR,35.0,20.006122448979596,,,,,,,,,,,,,,,,,,202.0,2393.0,11.8,21.0,68.4,,,,,,,
2016,1,24,CIN,False,CB,DB,D,Houston,23.0,2022.0,0,0,4,15.0,William Jackson III,CB,Houston,72.0,189.0,4.37,10.0,,116.0,,,CB,13.0,5.5,,,,,,,,,,,,,,,,,,,,,,,,,,,,5.0,23.0
2016,1,25,PIT,False,CB,DB,D,Miami (FL),21.0,2024.0,0,0,1,14.0,Artie Burns,CB,Miami (FL),72.0,193.0,4.46,,31.5,,,,DB,35.0,14.755555555555553,,,,,,,,,,,,,,,,,,,,,,,,,,,,7.0,14.0
2016,1,26,DEN,False,QB,QB,O,Memphis,22.0,2017.0,0,0,0,2.0,Paxton Lynch,QB,Memphis,79.0,244.0,4.86,,36.0,118.0,7.14,4.26,QB,38.0,3.466666666666667,758.0,1205.0,62.9,8863.0,59.0,23.0,7.4,7.48,233.2,,,,,,,,,,,,,,,,,,,,
2016,1,27,GNB,False,DT,DL,D,UCLA,20.0,2025.0,0,3,8,60.0,Kenny Clark,DT,UCLA,75.0,314.0,5.06,29.0,28.5,102.0,,4.62,DT,37.0,,,,,,,,,,,,,,,,,,,,,,,,7.0,91.0,64.0,155.0,20.0,,
2016,1,28,SFO,False,G,OL,O,Stanford,22.0,2020.0,0,0,1,5.0,Joshua Garnett,OG,Stanford,76.0,312.0,5.32,30.0,29.0,99.0,7.62,4.64,OL,27.0,,,,,,,,,,,,,,,,,,,,,,,,,,,,,,
2016,1,29,ARI,False,DT,DL,D,Mississippi,21.0,2021.0,0,0,0,5.0,Robert Nkemdiche,DT,Mississippi,75.0,294.0,4.87,28.0,35.0,116.0,,,DE,33.0,22.133333333333333,,,,,,,,,,,,,,,,,,,,,,,6.0,44.0,48.0,92.0,17.0,,
2016,1,30,CAR,False,DT,DL,D,Louisiana Tech,22.0,2022.0,0,0,2,8.0,Vernon Butler,DT,Louisiana Tech,76.0,323.0,5.33,26.0,29.5,104.0,7.82,4.76,DL,48.0,,,,,,,,,,,,,,,,,,,,,,,,5.0,87.0,82.0,169.0,29.0,,
2016,1,31,SEA,False,G,OL,O,Texas A&M,22.0,2024.0,0,0,4,29.0,Germain Ifedi,OT,Texas A&M,78.0,324.0,5.27,24.0,32.5,109.0,,4.75,OL,13.0,,,,,,,,,,,,,,,,,,,,,,,,,,,,,,
2016,1,32,CLE,False,DE,DL,D,Oklahoma St.,22.0,2025.0,0,0,6,14.0,Emmanuel Ogbah,DE,Oklahoma State,76.0,273.0,4.63,20.0,35.5,121.0,7.26,4.5,DE,39.0,,,,,,,,,,,,,,,,,,,,,,,,28.0,96.0,37.0,133.0,40.5,,
2016,2,33,TEN,False,DE,DL,D,Clemson,24.0,2017.0,0,0,0,2.0,Kevin Dodd,DE,Clemson,77.0,277.0,4.86,,,,,,DL,35.0,,,,,,,,,,,,,,,,,,,,,,,,12.0,53.0,29.0,82.0,26.0,,
2016,2,34,DAL,False,OLB,LB,D,Notre Dame,21.0,2023.0,0,1,4,32.0,Jaylon Smith,OLB,Notre Dame,74.0,223.0,4.67,,,,,,LB,38.0,13.2,,,,,,,,,,,,,,,,,,,,,,,4.5,169.0,115.0,284.0,23.5,,
2016,2,35,SDG,False,TE,TE,O,Arkansas,21.0,2025.0,0,0,7,15.0,Hunter Henry,TE,Arkansas,77.0,250.0,4.79,13.0,,,,,TE,36.0,8.113636363636363,,,,,,,,,,,,,,,,,,116.0,1661.0,14.3,9.0,46.1,,,,,,,
2016,2,36,JAX,False,OLB,LB,D,UCLA,21.0,2023.0,0,0,7,36.0,Myles Jack,OLB,UCLA,73.0,245.0,4.56,19.0,,,,,LB,29.0,18.492857142857144,,,,,,,,,,,,,,,,,,,,,,,1.0,117.0,61.0,178.0,15.0,,
2016,2,37,KAN,False,DT,DL,D,Mississippi St.,22.0,2025.0,3,7,9,96.0,Chris Jones,DT,Mississippi State,78.0,310.0,5.03,26.0,24.5,106.0,7.44,4.62,DL,39.0,5.827272727272728,,,,,,,,,,,,,,,,,,,,,,,8.5,42.0,60.0,102.0,18.0,,
2016,2,38,MIA,False,CB,DB,D,Baylor,23.0,2025.0,1,4,7,56.0,Xavien Howard,CB,Baylor,72.0,201.0,4.58,11.0,33.0,122.0,7.18,4.15,DB,29.0,21.266666666666666,,,,,,,,,,,,,,,,,,,,,,,,,,,,10.0,23.0
2016,2,39,TAM,False,DE,DL,D,Eastern Kentucky,22.0,2021.0,0,0,0,5.0,Noah Spence,DE,East. Kentucky,74.0,251.0,4.8,25.0,35.0,121.0,7.21,4.35,DL,24.0,,,,,,,,,,,,,,,,,,,,,,,,8.5,31.0,31.0,62.0,15.0,,
2016,2,40,NYG,False,WR,WR,O,Oklahoma,23.0,2025.0,0,0,5,26.0,Sterling Shepard,WR,Oklahoma,70.0,194.0,4.48,20.0,41.0,123.0,7.0,4.35,WR,50.0,21.918181818181814,,,,,,,,,,,,,,,,,,233.0,3482.0,14.9,26.0,69.6,,,,,,,
2016,2,42,BAL,False,DE,DL,D,Boise St.,22.0,2020.0,0,0,1,3.0,Kamalei Correa,DE,Boise State,75.0,243.0,4.69,21.0,33.0,108.0,,,DE,37.0,11.6,,,,,,,,,,,,,,,,,,,,,,,20.0,69.0,41.0,110.0,31.5,,
2016,2,43,TEN,False,NT,DL,D,Penn St.,22.0,2025.0,0,0,3,8.0,Austin Johnson,DT,Penn State,76.0,314.0,5.32,25.0,26.0,96.0,7.84,4.75,DT,36.0,16.86521739130435,,,,,,,,,,,,,,,,,,,,,,,8.5,63.0,91.0,154.0,24.0,,
2016,2,44,OAK,False,DE,DL,D,Illinois,22.0,2025.0,0,0,3,6.0,Jihad Ward,DT,Illinois,77.0,297.0,5.11,20.0,25.0,111.0,7.38,4.63,DL,25.0,,,,,,,,,,,,,,,,,,,,,,,,4.5,45.0,59.0,104.0,12.0,,
2016,2,45,TEN,False,RB,RB,O,Alabama,22.0,2025.0,1,5,6,59.0,Derrick Henry,RB,Alabama,75.0,247.0,4.54,22.0,37.0,130.0,7.2,4.38,RB,39.0,26.811764705882357,,,,,,,,,,602.0,3591.0,6.0,42.0,17.0,285.0,16.8,3.0,,,,,,,,,,,,
2016,2,46,DET,False,DT,DL,D,Alabama,21.0,2025.0,0,0,6,17.0,A'Shawn Robinson,DT,Alabama,76.0,307.0,5.2,22.0,26.0,106.0,7.8,4.74,DL,41.0,,,,,,,,,,,,,,,,,,,,,,,,9.0,51.0,82.0,133.0,22.0,,
2016,2,47,NOR,False,WR,WR,O,Ohio St.,23.0,2023.0,2,3,4,60.0,Michael Thomas,WR,Ohio State,75.0,212.0,4.57,18.0,35.0,126.0,6.8,4.13,WR,39.0,9.056140350877191,,,,,,,,,,,,,,,,,,113.0,1602.0,14.2,18.0,41.1,,,,,,,
2016,2,48,GNB,False,T,OL,O,Indiana,22.0,2021.0,0,0,0,8.0,Jason Spriggs,OT,Indiana,78.0,301.0,4.94,31.0,31.5,115.0,7.7,4.44,OL,26.0,,,,,,,,,,,,,,,,,,,,,,,,,,,,,,
2016,2,49,SEA,False,DT,DL,D,Alabama,23.0,2025.0,0,0,8,37.0,Jarran Reed,DT,Alabama,75.0,307.0,5.21,,31.0,104.0,7.77,4.75,DL,29.0,,,,,,,,,,,,,,,,,,,,,,,,2.0,39.0,73.0,112.0,11.0,,
2016,2,50,HOU,False,G,OL,O,Notre Dame,23.0,2022.0,0,0,4,27.0,Nick Martin,C,Notre Dame,76.0,299.0,5.22,28.0,28.0,97.0,7.57,4.72,C,26.0,-22.3,,,,,,,,,,,,,,,,,,,,,,,,,,,,,
2016,2,52,ATL,False,OLB,LB,D,LSU,21.0,2025.0,0,1,5,39.0,Deion Jones,OLB,LSU,73.0,222.0,4.59,,33.0,120.0,,,LB,45.0,19.7,,,,,,,,,,,,,,,,,,,,,,,5.0,80.0,85.0,165.0,21.0,,
2016,2,53,WAS,False,OLB,LB,D,USC,21.0,2018.0,0,0,0,4.0,Su'A Cravens,OLB,USC,73.0,226.0,4.58,16.0,27.0,114.0,,,S,40.0,,,,,,,,,,,,,,,,,,,,,,,,,,,,,9.0,16.0
2016,2,54,MIN,False,CB,DB,D,Clemson,22.0,2022.0,0,0,1,8.0,Mackensie Alexander,CB,Clemson,70.0,190.0,4.43,11.0,,,,,CB,27.0,,,,,,,,,,,,,,,,,,,,,,,,,,,,,0.0,11.0
2016,2,55,CIN,False,WR,WR,O,Pittsburgh,21.0,2024.0,0,0,5,46.0,Tyler Boyd,WR,Pittsburgh,73.0,197.0,4.58,11.0,34.0,119.0,6.9,4.35,WR,38.0,11.735135135135137,,,,,,,,,,,,,,,,,,254.0,3361.0,13.2,21.0,88.4,,,,,,,
2016,2,56,CHI,False,G,OL,O,Kansas St.,24.0,2024.0,0,1,8,42.0,Cody Whitehair,OT,Kansas State,76.0,301.0,5.02,16.0,25.5,110.0,7.32,4.58,OL,26.0,,,,,,,,,,,,,,,,,,,,,,,,,,,,,,
2016,2,57,IND,False,S,DB,D,Clemson,21.0,2021.0,0,0,0,5.0,T.J. Green,S,Clemson,74.0,209.0,4.34,13.0,35.5,129.0,,,S,31.0,21.46842105263158,,,,,,,,,,,,,,,,,,,,,,,,,,,,1.0,3.0
2016,2,58,PIT,False,CB,DB,D,Maryland,22.0,2021.0,0,0,3,18.0,Sean Davis,CB,Maryland,73.0,201.0,4.46,21.0,37.5,126.0,6.64,3.97,DB,50.0,4.6000000000000005,,,,,,,,,,,,,,,,,,,,,,,,,,,,5.0,14.0
2016,2,59,TAM,False,K,K,S,Florida St.,22.0,2016.0,0,0,0,0.0,Roberto Aguayo,K,Florida State,72.0,207.0,4.96,,,,,,,,,,,,,,,,,,,,,,,,,,,,,,,,,,,,,
2016,2,60,NWE,False,CB,DB,D,Alabama,22.0,2019.0,0,0,0,1.0,Cyrus Jones,CB,Alabama,70.0,197.0,4.49,10.0,33.0,116.0,6.71,4.21,,,,,,,,,,,,,,,,,,,,,,,,,,,,,,,,
2016,2,61,NOR,False,S,DB,D,Ohio St.,21.0,2024.0,0,0,7,12.0,Vonn Bell,S,Ohio State,71.0,199.0,4.52,16.0,,,,,DB,36.0,27.9,,,,,,,,,,,,,,,,,,,,,,,,,,,,9.0,15.0
2016,2,62,CAR,False,CB,DB,D,Samford,23.0,2023.0,0,1,8,16.0,James Bradberry,CB,Samford,73.0,211.0,4.5,16.0,36.0,124.0,6.91,4.21,DB,1.0,,,,,,,,,,,,,,,,,,,,,,,,,,,,,0.0,
2016,2,63,DEN,False,DT,DL,D,Georgia Tech,23.0,2025.0,0,0,3,15.0,Adam Gotsis,DT,Georgia Tech,76.0,287.0,4.88,,,,,,DL,36.0,11.3,,,,,,,,,,,,,,,,,,,,,,,11.5,67.0,38.0,105.0,26.0,,
2016,2,64,TEN,False,S,DB,D,Middle Tenn. St.,23.0,2025.0,3,3,8,49.0,,,,,,,,,,,,DB,49.0,-8.916129032258064,,,,,,,,,,,,,,,,,,,,,,,,,,,,19.0,15.0
2016,3,65,CLE,False,DE,DL,D,Penn St.,23.0,2022.0,0,0,1,7.0,Carl Nassib,DE,Penn State,79.0,277.0,4.84,21.0,28.5,114.0,7.27,4.37,DE,32.0,11.3,,,,,,,,,,,,,,,,,,,,,,,17.5,46.0,19.0,65.0,25.0,,
2016,3,67,DAL,False,DT,DL,D,Nebraska,21.0,2025.0,0,0,9,23.0,Maliek Collins,DT,Nebraska,74.0,311.0,5.03,25.0,29.5,109.0,7.53,4.52,DT,32.0,,,,,,,,,,,,,,,,,,,,,,,,8.0,37.0,49.0,86.0,18.0,,
2016,3,69,JAX,False,DE,DL,D,Maryland,21.0,2024.0,0,1,8,32.0,Yannick Ngakoue,DE,Maryland,74.0,252.0,4.75,26.0,34.5,118.0,7.35,4.5,LB,30.0,10.8,,,,,,,,,,,,,,,,,,,,,,,21.5,57.0,27.0,84.0,32.5,,
2016,3,70,BAL,False,DE,DL,D,BYU,25.0,2019.0,0,0,0,1.0,Bronson Kaufusi,DE,BYU,78.0,285.0,4.87,25.0,30.0,111.0,7.03,4.25,DL,50.0,9.1,,,,,,,,,,,,,,,,,,,,,,,26.5,110.0,61.0,171.0,44.0,,
2016,3,71,NYG,False,S,DB,D,Boise St.,22.0,2021.0,0,0,1,6.0,Darian Thompson,S,Boise State,74.0,208.0,4.69,12.0,32.5,118.0,7.26,4.33,DB,47.0,11.971428571428572,,,,,,,,,,,,,,,,,,,,,,,,,,,,19.0,6.0
2016,3,72,CHI,False,DT,DL,D,Florida,22.0,2025.0,0,0,3,6.0,Jonathan Bullard,DE,Florida,75.0,285.0,4.93,23.0,32.0,116.0,7.31,4.56,DL,50.0,,,,,,,,,,,,,,,,,,,,,,,,12.0,91.0,87.0,178.0,33.5,,
2016,3,73,MIA,False,RB,RB,O,Alabama,22.0,2023.0,0,0,2,15.0,Kenyan Drake,RB,Alabama,73.0,210.0,4.45,10.0,34.5,123.0,7.04,4.21,RB,41.0,32.71111111111111,,,,,,,,,,233.0,1495.0,6.4,18.0,46.0,570.0,12.4,4.0,,,,,,,,,,,,
2016,3,75,OAK,False,DE,DL,D,Michigan St.,24.0,2020.0,0,0,0,2.0,Shilique Calhoun,DE,Michigan State,76.0,251.0,4.82,23.0,35.0,115.0,6.97,4.25,DL,54.0,19.7,,,,,,,,,,,,,,,,,,,,,,,27.0,74.0,57.0,131.0,44.0,,
2016,3,76,CLE,False,T,OL,O,Auburn,24.0,2017.0,0,0,1,6.0,Shon Coleman,OT,Auburn,77.0,307.0,5.18,22.0,,,,,OL,12.0,,,,,,,,,,,,,,,,,,,,,,,,,,,,,,
2016,3,77,CAR,False,CB,DB,D,West Virginia,21.0,2024.0,0,0,4,11.0,Daryl Worley,CB,West Virginia,73.0,204.0,4.64,14.0,35.5,123.0,6.98,4.15,CB,34.0,7.2705882352941185,,,,,,,,,,,,,,,,,,,,,,,,,,,,10.0,21.0
2016,3,78,NWE,False,G,OL,O,North Carolina St.,23.0,2025.0,3,4,9,32.0,Joe Thuney,OT,North Carolina State,77.0,304.0,4.95,28.0,28.5,110.0,7.47,4.54,C,14.0,,,,,,,,,,,,,,,,,,,,,,,,,,,,,,
2016,3,79,PHI,False,G,OL,O,Oregon St.,22.0,2025.0,0,1,6,23.0,Isaac Seumalo,OG,Oregon State,76.0,303.0,5.19,,26.0,105.0,7.4,4.52,OL,27.0,,,,,,,,,,,,,,,,,,,,,,,,,,,,,,
2016,3,80,BUF,False,DT,DL,D,Ohio St.,21.0,2018.0,0,0,2,9.0,Adolphus Washington,DT,Ohio State,75.0,301.0,5.17,21.0,27.0,99.0,8.06,4.79,DL,48.0,29.5,,,,,,,,,,,,,,,,,,,,,,,13.5,71.0,71.0,142.0,25.0,,
2016,3,81,ATL,False,TE,TE,O,Stanford,21.0,2025.0,0,2,5,18.0,Austin Hooper,TE,Stanford,76.0,254.0,4.72,19.0,33.0,117.0,7.0,4.32,TE,27.0,22.1,,,,,,,,,,,,,,,,,,74.0,937.0,12.7,8.0,34.7,,,,,,,
2016,3,82,IND,False,T,OL,O,Texas Tech,23.0,2022.0,0,0,0,10.0,Le'Raven Clark,OT,Texas Tech,77.0,316.0,5.16,18.0,,,,,OL,27.0,4.5,,,,,,,,,,,,,,,,,,,,,,,,,,,,,
2016,3,83,NYJ,False,OLB,LB,D,Georgia,22.0,2021.0,0,0,5,28.0,Jordan Jenkins,OLB,Georgia,75.0,259.0,4.8,16.0,36.5,121.0,,,LB,52.0,8.488888888888889,,,,,,,,,,,,,,,,,,,,,,,19.0,108.0,97.0,205.0,40.0,,
2016,3,84,WAS,False,CB,DB,D,Virginia Tech,21.0,2024.0,0,0,6,26.0,Kendall Fuller,CB,Virginia Tech,71.0,187.0,4.48,15.0,,,,,CB,29.0,11.35,,,,,,,,,,,,,,,,,,,,,,,,,,,,8.0,27.0
2016,3,85,HOU,False,WR,WR,O,Ohio St.,23.0,2017.0,0,0,1,2.0,Braxton Miller,WR,Ohio State,73.0,201.0,4.5,17.0,35.0,123.0,6.65,4.07,QB,37.0,24.26981132075472,395.0,666.0,59.3,5292.0,52.0,17.0,7.9,8.36,143.0,,,,,,,,,,,,,,,,,,,,
2016,3,86,MIA,False,WR,WR,O,Rutgers,22.0,2018.0,0,0,0,2.0,Leonte Carroo,WR,Rutgers,72.0,211.0,4.5,14.0,35.5,120.0,,,WR,41.0,-7.45,,,,,,,,,,,,,,,,,,122.0,2373.0,19.5,29.0,57.9,,,,,,,
2016,3,87,CIN,False,ILB,LB,D,Utah St.,23.0,2024.0,0,0,4,17.0,Nick Vigil,ILB,Utah State,74.0,239.0,4.72,,31.5,115.0,6.73,4.0,LB,40.0,4.492,,,,,,,,,,,,,,,,,,,,,,,18.5,161.0,175.0,336.0,41.5,,
2016,3,88,GNB,False,OLB,LB,D,Utah St.,24.0,2021.0,0,0,1,9.0,Kyler Fackrell,OLB,Utah State,77.0,245.0,4.72,15.0,34.5,121.0,,,LB,41.0,6.292307692307692,,,,,,,,,,,,,,,,,,,,,,,12.0,104.0,149.0,253.0,36.0,,
2016,3,89,PIT,False,DT,DL,D,South Carolina St.,23.0,2025.0,0,2,8,20.0,Javon Hargrave,DT,South Carolina State,73.0,309.0,4.93,29.0,34.5,109.0,7.9,4.7,,,,,,,,,,,,,,,,,,,,,,,,,,,,,,,,
2016,3,90,SEA,False,RB,RB,O,Notre Dame,22.0,2020.0,0,0,0,5.0,C.J. Prosise,RB,Notre Dame,72.0,220.0,4.48,,35.5,121.0,,,WR,22.0,15.92,,,,,,,,,,,,,,,,,,36.0,588.0,16.3,2.0,26.7,,,,,,,
2016,3,91,NWE,False,QB,QB,O,North Carolina St.,23.0,2025.0,0,0,3,2.0,Jacoby Brissett,QB,North Carolina State,76.0,231.0,4.94,,31.0,113.0,7.17,4.53,QB,39.0,14.439622641509434,499.0,839.0,59.5,5723.0,46.0,15.0,6.8,7.11,146.7,,,,,,,,,,,,,,,,,,,,
2016,3,92,ARI,False,CB,DB,D,Texas A&M,23.0,2020.0,0,0,0,4.0,Brandon Williams,CB,Texas A&M,71.0,197.0,4.37,18.0,30.5,118.0,6.85,4.19,RB,43.0,3.719230769230769,,,,,,,,,,178.0,870.0,4.9,4.0,15.0,85.0,5.7,1.0,,,,,,,,,,,,
2016,3,93,CLE,False,QB,QB,O,USC,23.0,2018.0,0,0,1,3.0,Cody Kessler,QB,USC,73.0,220.0,4.89,,29.5,104.0,7.32,4.0,QB,51.0,19.03469387755102,851.0,1261.0,67.5,10339.0,88.0,19.0,8.2,8.92,202.7,,,,,,,,,,,,,,,,,,,,
2016,3,94,SEA,False,TE,TE,O,Ohio St.,23.0,2025.0,0,0,3,4.0,Nick Vannett,TE,Ohio State,78.0,257.0,4.76,17.0,30.5,111.0,7.05,4.2,TE,44.0,26.26,,,,,,,,,,,,,,,,,,55.0,585.0,10.6,6.0,13.3,,,,,,,
2016,3,95,DET,False,C,OL,O,Michigan,24.0,2025.0,0,0,7,41.0,Graham Glasgow,C,Michigan,78.0,307.0,5.13,23.0,25.0,106.0,7.63,4.63,OL,23.0,,,,,,,,,,,,,,,,,,,,,,,,,,,,,,
2016,3,96,NWE,False,DT,DL,D,Nebraska,22.0,2018.0,0,0,0,2.0,Vincent Valentine,DT,Nebraska,76.0,329.0,5.19,17.0,29.0,110.0,8.03,4.59,DT,33.0,,,,,,,,,,,,,,,,,,,,,,,,7.0,36.0,40.0,76.0,14.0,,
2016,4,97,SEA,False,G,OL,O,Boise St.,23.0,2018.0,0,0,0,4.0,Rees Odhiambo,OT,Boise State,76.0,314.0,5.17,23.0,,,,,OL,8.0,,,,,,,,,,,,,,,,,,,,,,,,,,,,,,
2016,4,98,DEN,False,S,DB,D,Boston Col.,22.0,2024.0,0,2,8,56.0,Justin Simmons,S,Boston Col.,74.0,202.0,4.61,16.0,40.0,126.0,6.58,3.85,DB,45.0,2.9823529411764707,,,,,,,,,,,,,,,,,,,,,,,,,,,,8.0,10.0
2016,4,99,CLE,False,OLB,LB,D,Wisconsin,22.0,2022.0,0,1,5,25.0,Joe Schobert,OLB,Wisconsin,73.0,244.0,4.76,22.0,33.5,111.0,7.11,4.3,LB,37.0,15.1,,,,,,,,,,,,,,,,,,,,,,,13.5,95.0,77.0,172.0,35.5,,
2016,4,100,OAK,False,QB,QB,O,Michigan St.,23.0,2016.0,0,0,0,0.0,Connor Cook,QB,Michigan State,76.0,217.0,4.79,,33.0,113.0,7.21,4.28,QB,43.0,17.95,673.0,1170.0,57.5,9194.0,71.0,22.0,7.9,8.23,213.8,,,,,,,,,,,,,,,,,,,,
2016,4,101,DAL,False,DE,DL,D,Oklahoma,23.0,2017.0,0,0,0,0.0,Charles Tapper,DE,Oklahoma,75.0,271.0,4.59,23.0,34.0,119.0,,,DL,44.0,,,,,,,,,,,,,,,,,,,,,,,,15.5,68.0,69.0,137.0,26.5,,
2016,4,102,SDG,False,ILB,LB,D,Ohio St.,22.0,2017.0,0,0,0,1.0,Joshua Perry,ILB,Ohio State,76.0,254.0,4.68,20.0,33.5,124.0,,,LB,46.0,25.8,,,,,,,,,,,,,,,,,,,,,,,7.5,169.0,127.0,296.0,18.0,,
2016,4,103,JAX,False,DT,DL,D,Notre Dame,22.0,2025.0,0,0,0,2.0,Sheldon Day,DT,Notre Dame,73.0,293.0,5.07,21.0,30.0,102.0,7.44,4.5,DL,47.0,,,,,,,,,,,,,,,,,,,,,,,,7.5,91.0,50.0,141.0,32.0,,
2016,4,104,BAL,False,CB,DB,D,Temple,22.0,2021.0,0,0,1,14.0,Tavon Young,CB,Temple,69.0,183.0,4.46,9.0,34.5,118.0,6.8,3.93,DB,47.0,-9.0,,,,,,,,,,,,,,,,,,,,,,,,,,,,7.0,21.0
2016,4,105,KAN,False,G,OL,O,Cincinnati,23.0,2021.0,0,0,0,3.0,Parker Ehinger,OT,Cincinnati,78.0,310.0,5.26,,27.5,97.0,,,OL,12.0,,,,,,,,,,,,,,,,,,,,,,,,,,,,,,
2016,4,106,KAN,False,CB,DB,D,Minnesota,22.0,2025.0,0,0,4,5.0,Eric Murray,CB,Minnesota,71.0,199.0,4.49,15.0,39.5,124.0,7.08,4.05,DB,51.0,7.199999999999999,,,,,,,,,,,,,,,,,,,,,,,,,,,,2.0,24.0
2016,4,107,BAL,False,WR,WR,O,Cincinnati,23.0,2025.0,0,0,0,4.0,Chris Moore,WR,Cincinnati,73.0,206.0,4.53,10.0,37.0,130.0,6.76,4.2,WR,50.0,3.4012195121951216,,,,,,,,,,,,,,,,,,119.0,2301.0,19.3,26.0,46.0,,,,,,,
2016,4,108,TAM,False,CB,DB,D,North Carolina Central,23.0,2022.0,0,0,0,8.0,Ryan Smith,CB,North Carolina Central,71.0,189.0,4.47,18.0,36.0,122.0,6.88,4.09,,,,,,,,,,,,,,,,,,,,,,,,,,,,,,,,
2016,4,109,NYG,False,OLB,LB,D,Clemson,23.0,2021.0,0,0,4,9.0,B.J. Goodson,OLB,Clemson,73.0,242.0,4.69,30.0,34.5,118.0,7.05,4.51,LB,42.0,24.0,,,,,,,,,,,,,,,,,,,,,,,6.5,77.0,60.0,137.0,17.5,,
2016,4,110,LAR,False,TE,TE,O,Western Kentucky,23.0,2025.0,0,0,8,31.0,Tyler Higbee,TE,Western Kentucky,78.0,249.0,4.77,,,,,,WR,36.0,-2.82,,,,,,,,,,,,,,,,,,68.0,1054.0,15.5,14.0,29.3,,,,,,,
2016,4,111,DET,False,S,DB,D,Southern Utah,23.0,2025.0,1,2,0,5.0,Miles Killebrew,S,Southern Utah,74.0,217.0,4.65,22.0,38.0,127.0,6.93,4.18,,,,,,,,,,,,,,,,,,,,,,,,,,,,,,,,
2016,4,112,NWE,False,WR,WR,O,Georgia,24.0,2016.0,0,0,0,4.0,Malcolm Mitchell,WR,Georgia,72.0,198.0,4.45,15.0,36.0,129.0,6.94,4.34,WR,46.0,24.19,,,,,,,,,,,,,,,,,,174.0,2350.0,13.5,16.0,51.1,,,,,,,
2016,4,113,CHI,False,ILB,LB,D,West Virginia,23.0,2022.0,0,0,1,14.0,Nick Kwiatkoski,ILB,West Virginia,74.0,243.0,4.73,19.0,32.0,120.0,7.16,4.22,LB,36.0,6.0,,,,,,,,,,,,,,,,,,,,,,,6.5,187.0,87.0,274.0,29.5,,
2016,4,114,CLE,False,WR,WR,O,Auburn,22.0,2017.0,0,0,1,3.0,Ricardo Louis,WR,Auburn,74.0,215.0,4.43,18.0,38.0,132.0,,,WR,50.0,16.472727272727273,,,,,,,,,,,,,,,,,,98.0,1338.0,13.7,8.0,26.8,,,,,,,
2016,4,115,ATL,False,OLB,LB,D,Minnesota,23.0,2024.0,1,0,9,20.0,De'Vondre Campbell,OLB,Minnesota,76.0,232.0,4.58,16.0,34.0,116.0,,,LB,36.0,7.449999999999999,,,,,,,,,,,,,,,,,,,,,,,6.5,127.0,79.0,206.0,16.0,,
2016,4,116,IND,False,DT,DL,D,Texas,21.0,2023.0,0,0,0,5.0,Hassan Ridgeway,DT,Texas,75.0,303.0,5.02,24.0,32.0,113.0,8.28,4.82,DT,30.0,,,,,,,,,,,,,,,,,,,,,,,,9.5,62.0,38.0,100.0,17.0,,
2016,4,117,LAR,False,WR,WR,O,South Carolina,21.0,2022.0,1,1,0,3.0,Pharoh Cooper,WR,South Carolina,71.0,203.0,4.52,15.0,31.0,115.0,,,WR,25.0,13.974647887323943,,,,,,,,,,,,,,,,,,135.0,2109.0,15.6,17.0,84.4,,,,,,,
2016,4,118,NYJ,False,CB,DB,D,North Carolina St.,23.0,2022.0,0,0,2,3.0,Juston Burris,CB,North Carolina State,72.0,212.0,4.53,19.0,36.5,122.0,7.1,4.4,CB,38.0,5.65,,,,,,,,,,,,,,,,,,,,,,,,,,,,3.0,18.0
2016,4,119,HOU,False,RB,RB,O,San Jose St.,22.0,2020.0,0,0,0,0.0,Tyler Ervin,RB,San Jose State,70.0,192.0,4.41,17.0,39.0,130.0,,,RB,38.0,-5.046666666666667,,,,,,,,,,483.0,2598.0,5.4,18.0,77.0,657.0,8.5,3.0,,,,,,,,,,,,
2016,4,120,NOR,False,DT,DL,D,Manitoba,23.0,2025.0,0,0,6,31.0,,,,,,,,,,,,,,,,,,,,,,,,,,,,,,,,,,,,,,,,,,,
2016,4,121,MIN,False,T,OL,O,Western Michigan,22.0,2016.0,0,0,0,0.0,Willie Beavers,OT,West. Michigan,77.0,321.0,5.28,20.0,25.5,103.0,7.96,4.71,OL,15.0,-25.5,,,,,,,,,,,,,,,,,,,,,,,,,,,,,
2016,4,122,CIN,False,NT,DL,D,Baylor,21.0,2025.0,0,0,5,14.0,Andrew Billings,DT,Baylor,73.0,311.0,5.05,31.0,27.5,113.0,8.05,4.82,DL,36.0,,,,,,,,,,,,,,,,,,,,,,,,8.0,74.0,32.0,106.0,29.5,,
2016,4,123,PIT,False,T,OL,O,LSU,22.0,2020.0,0,0,0,2.0,Jerald Hawkins,OT,LSU,78.0,305.0,5.23,23.0,23.5,100.0,8.19,4.89,T,11.0,19.7,,,,,,,,,,,,,,,,,,,,,,,,,,,,,
2016,4,124,CHI,False,S,DB,D,Miami (FL),23.0,2024.0,0,0,0,7.0,Deon Bush,S,Miami (FL),72.0,199.0,4.64,17.0,36.0,123.0,,,DB,45.0,13.933333333333332,,,,,,,,,,,,,,,,,,,,,,,,,,,,4.0,13.0
2016,4,125,IND,False,ILB,LB,D,Florida,21.0,2018.0,0,0,2,9.0,Antonio Morrison,ILB,Florida,73.0,232.0,4.76,,,,,,LB,47.0,17.3,,,,,,,,,,,,,,,,,,,,,,,4.5,130.0,164.0,294.0,21.0,,
2016,4,126,KAN,False,WR,WR,O,Florida,21.0,2025.0,0,0,3,13.0,Demarcus Robinson,WR,Florida,73.0,203.0,4.59,,34.5,123.0,6.77,4.19,WR,29.0,14.57027027027027,,,,,,,,,,,,,,,,,,107.0,1366.0,12.8,9.0,47.1,,,,,,,
2016,4,127,CHI,False,CB,DB,D,Northern Iowa,22.0,2018.0,0,0,0,1.0,,,,,,,,,,,,,,,,,,,,,,,,,,,,,,,,,,,,,,,,,,,
2016,4,128,ARI,False,C,OL,O,Missouri,23.0,2019.0,0,0,1,6.0,Evan Boehm,C,Missouri,74.0,302.0,5.33,24.0,28.5,96.0,7.52,4.69,OL,24.0,,,,,,,,,,,,,,,,,,,,,,,,,,,,,,
2016,5,129,CLE,False,S,DB,D,TCU,22.0,2018.0,0,0,1,8.0,Derrick Kindred,S,TCU,70.0,207.0,4.5,,37.5,123.0,7.05,4.29,DB,50.0,18.23333333333333,,,,,,,,,,,,,,,,,,,,,,,,,,,,8.0,15.0
2016,5,130,BAL,False,T,OL,O,Nebraska,24.0,2020.0,0,0,2,8.0,Alex Lewis,OT,Nebraska,78.0,312.0,5.22,27.0,29.5,100.0,7.94,4.72,OL,25.0,11.1,,,,,,,,,,,,,,,,,,,,,,,,,,,,,
2016,5,131,GNB,False,LB,LB,D,Stanford,22.0,2023.0,0,0,5,29.0,Blake Martinez,ILB,Stanford,74.0,237.0,4.71,22.0,28.5,113.0,6.98,4.2,LB,44.0,21.96666666666667,,,,,,,,,,,,,,,,,,,,,,,6.0,138.0,119.0,257.0,13.5,,
2016,5,132,BAL,False,DT,DL,D,Michigan,22.0,2020.0,0,0,0,4.0,Willie Henry,DT,Michigan,75.0,303.0,5.0,28.0,30.5,110.0,7.57,4.53,DT,32.0,8.2,,,,,,,,,,,,,,,,,,,,,,,9.5,40.0,45.0,85.0,18.0,,
2016,5,133,SFO,False,CB,DB,D,LSU,21.0,2021.0,0,0,0,6.0,Rashard Robinson,CB,Louisiana St,73.0,171.0,4.49,,35.5,121.0,,,DB,15.0,28.7,,,,,,,,,,,,,,,,,,,,,,,,,,,,1.0,3.0
2016,5,134,BAL,False,RB,RB,O,Louisiana Tech,22.0,2018.0,0,0,0,5.0,Kenneth Dixon,RB,Louisiana Tech,70.0,215.0,4.56,18.0,37.5,121.0,6.97,4.28,RB,47.0,-2.395652173913044,,,,,,,,,,801.0,4480.0,5.6,72.0,88.0,972.0,11.0,15.0,,,,,,,,,,,,
2016,5,135,DAL,False,QB,QB,O,Mississippi St.,23.0,2025.0,0,4,8,104.0,Dak Prescott,QB,Mississippi State,74.0,226.0,4.79,,32.5,116.0,7.11,4.32,QB,49.0,14.443103448275862,734.0,1169.0,62.8,9376.0,70.0,23.0,8.0,8.33,191.3,,,,,,,,,,,,,,,,,,,,
2016,5,136,DEN,False,RB,RB,O,Utah,24.0,2021.0,0,0,0,11.0,Devontae Booker,RB,Utah,71.0,219.0,4.56,22.0,,,,,RB,23.0,9.96875,,,,,,,,,,560.0,2773.0,5.0,21.0,80.0,624.0,7.8,2.0,,,,,,,,,,,,
2016,5,137,GNB,False,DE,DL,D,Northwestern,22.0,2024.0,0,0,6,35.0,Dean Lowry,DE,Northwestern,78.0,296.0,4.87,30.0,32.5,114.0,7.26,4.38,DL,49.0,2.2,,,,,,,,,,,,,,,,,,,,,,,12.5,87.0,52.0,139.0,31.5,,
2016,5,138,CLE,False,TE,TE,O,Princeton,23.0,2020.0,0,0,0,5.0,,,,,,,,,,,,,,,,,,,,,,,,,,,,,,,,,,,,,,,,,,,
2016,5,139,BUF,False,QB,QB,O,Ohio St.,23.0,2016.0,0,0,0,0.0,Cardale Jones,QB,Ohio State,77.0,253.0,4.81,,36.0,,,,QB,23.0,27.9,160.0,257.0,62.3,2209.0,13.0,7.0,8.6,8.38,96.0,,,,,,,,,,,,,,,,,,,,
2016,5,140,TEN,False,WR,WR,O,Massachusetts,21.0,2021.0,0,0,3,11.0,Tajae Sharpe,WR,Massachusetts,74.0,194.0,4.55,11.0,33.5,114.0,,,WR,47.0,-21.65,,,,,,,,,,,,,,,,,,277.0,3486.0,12.6,16.0,74.2,,,,,,,
2016,5,141,CAR,False,CB,DB,D,Oklahoma,22.0,2016.0,0,0,0,1.0,Zack Sanchez,CB,Oklahoma,71.0,185.0,4.5,19.0,35.5,116.0,,,DB,36.0,20.0,,,,,,,,,,,,,,,,,,,,,,,,,,,,15.0,28.0
2016,5,142,SFO,False,DE,DL,D,Appalachian St.,23.0,2021.0,0,0,0,6.0,Ronald Blair,DE,Appalachian State,74.0,284.0,5.15,32.0,30.0,113.0,7.95,4.53,DL,25.0,,,,,,,,,,,,,,,,,,,,,,,,13.5,67.0,47.0,114.0,32.0,,
2016,5,143,OAK,False,RB,RB,O,Texas Tech,23.0,2020.0,0,0,0,11.0,Deandre Washington,RB,Texas Tech,68.0,204.0,4.49,24.0,34.5,116.0,7.03,4.2,RB,49.0,,,,,,,,,,,605.0,3411.0,5.6,23.0,124.0,1091.0,8.8,4.0,,,,,,,,,,,,
2016,5,144,DEN,False,G,OL,O,Missouri,23.0,2024.0,0,0,5,14.0,Connor McGovern,OG,Missouri,76.0,306.0,5.11,33.0,33.0,109.0,7.5,4.65,OL,26.0,19.0,,,,,,,,,,,,,,,,,,,,,,,,,,,,,
2016,5,145,SFO,False,T,OL,O,Georgia,22.0,2016.0,0,0,0,1.0,John Theus,OT,Georgia,78.0,313.0,5.22,,28.0,103.0,7.9,4.78,OL,41.0,,,,,,,,,,,,,,,,,,,,,,,,,,,,,,
2016,5,146,BAL,False,DE,DL,D,Grand Valley St.,24.0,2025.0,0,4,7,30.0,Matt Judon,DE,Grand Valley State,75.0,275.0,4.73,30.0,35.0,109.0,7.67,4.52,,,,,,,,,,,,,,,,,,,,,,,,,,,,,,,,
2016,5,147,SEA,False,DT,DL,D,Maryland,23.0,2025.0,0,0,4,12.0,Quinton Jefferson,DT,Maryland,76.0,291.0,4.95,24.0,29.0,,7.95,4.37,DL,38.0,-1.6,,,,,,,,,,,,,,,,,,,,,,,10.5,52.0,55.0,107.0,21.5,,
2016,5,148,TAM,False,T,OL,O,UCLA,22.0,2021.0,0,0,1,12.0,Caleb Benenoch,OT,UCLA,77.0,311.0,4.98,,28.0,104.0,8.15,5.11,OL,26.0,17.7,,,,,,,,,,,,,,,,,,,,,,,,,,,,,
2016,5,149,NYG,False,RB,RB,O,UCLA,21.0,2019.0,0,0,0,5.0,Paul Perkins,RB,UCLA,70.0,208.0,4.54,19.0,32.0,124.0,,,RB,39.0,18.766666666666666,,,,,,,,,,622.0,3491.0,5.6,29.0,80.0,739.0,9.2,3.0,,,,,,,,,,,,
2016,5,150,CHI,False,RB,RB,O,Indiana,21.0,2022.0,0,1,3,22.0,Jordan Howard,RB,Indiana,72.0,230.0,4.57,16.0,34.0,122.0,,,RB,32.0,-3.423404255319149,,,,,,,,,,647.0,3681.0,5.7,24.0,24.0,261.0,10.9,3.0,,,,,,,,,,,,
2016,5,151,DET,False,G,OL,O,Washington St.,23.0,2020.0,0,0,1,11.0,Joe Dahl,OT,Washington State,76.0,304.0,5.18,28.0,31.0,109.0,7.64,4.77,OL,11.0,,,,,,,,,,,,,,,,,,,,,,,,,,,,,,
2016,5,152,WAS,False,DT,DL,D,Temple,22.0,2022.0,0,0,3,19.0,Matt Ioannidis,DT,Temple,75.0,299.0,5.03,32.0,28.0,108.0,7.78,4.71,DL,37.0,,,,,,,,,,,,,,,,,,,,,,,,10.0,76.0,39.0,115.0,30.0,,
2016,5,153,PHI,False,RB,RB,O,West Virginia,22.0,2021.0,0,0,1,9.0,Wendell Smallwood,RB,West Virginia,70.0,208.0,4.47,14.0,33.5,120.0,6.83,4.28,RB,38.0,6.0375,,,,,,,,,,425.0,2462.0,5.8,12.0,68.0,618.0,9.1,0.0,,,,,,,,,,,,
2016,5,154,CLE,False,WR,WR,O,UCLA,23.0,2016.0,0,0,0,0.0,Jordan Payton,WR,UCLA,73.0,207.0,4.47,,34.5,121.0,7.08,4.33,WR,51.0,17.775,,,,,,,,,,,,,,,,,,201.0,2702.0,13.4,14.0,53.0,,,,,,,
2016,5,155,IND,False,T,OL,O,North Dakota St.,23.0,2022.0,0,0,2,19.0,Joe Haeg,OT,North Dakota State,78.0,304.0,5.16,,27.5,111.0,7.47,4.47,,,,,,,,,,,,,,,,,,,,,,,,,,,,,,,,
2016,5,156,BUF,False,RB,RB,O,Arkansas,22.0,2023.0,0,0,0,1.0,Jonathan Williams,RB,Arkansas,71.0,220.0,4.56,16.0,,,,,RB,37.0,1.7057692307692305,,,,,,,,,,406.0,2321.0,5.7,16.0,26.0,345.0,13.3,6.0,,,,,,,,,,,,
2016,5,157,TEN,False,CB,DB,D,Southern Utah,22.0,2020.0,0,0,0,7.0,Leshaun Sims,CB,Southern Utah,72.0,203.0,4.53,11.0,37.0,120.0,7.08,4.19,,,,,,,,,,,,,,,,,,,,,,,,,,,,,,,,
2016,5,158,NYJ,False,T,OL,O,South Carolina,24.0,2022.0,0,0,5,13.0,Brandon Shell,OT,South Carolina,77.0,324.0,5.22,22.0,30.5,112.0,,,T,25.0,,,,,,,,,,,,,,,,,,,,,,,,,,,,,,
2016,5,159,HOU,False,S,DB,D,West Virginia,22.0,2016.0,0,0,0,0.0,KJ Dillon,S,West Virginia,72.0,210.0,4.53,11.0,,121.0,,,DB,47.0,11.9,,,,,,,,,,,,,,,,,,,,,,,,,,,,5.0,21.0
2016,5,160,MIN,False,OLB,LB,D,Missouri,23.0,2019.0,0,0,0,4.0,Kentrell Brothers,OLB,Missouri,72.0,245.0,4.89,19.0,28.5,110.0,6.99,4.11,LB,51.0,8.292307692307691,,,,,,,,,,,,,,,,,,,,,,,4.5,182.0,176.0,358.0,23.5,,
2016,6,161,CIN,False,G,OL,O,Arizona St.,23.0,2018.0,0,0,0,2.0,Christian Westerman,OG,Arizona State,75.0,298.0,5.12,34.0,,98.0,7.69,4.71,OL,13.0,,,,,,,,,,,,,,,,,,,,,,,,,,,,,,
2016,6,163,GNB,False,WR,WR,O,California,23.0,2019.0,0,0,0,1.0,Trevor Davis,WR,California,73.0,188.0,4.42,11.0,38.5,124.0,6.6,4.22,WR,38.0,0.6299999999999996,,,,,,,,,,,,,,,,,,109.0,1672.0,15.3,12.0,44.0,,,,,,,
2016,6,164,PHI,False,T,OL,O,TCU,23.0,2023.0,0,0,3,12.0,Halapoulivaati Vaitai,OT,TCU,78.0,320.0,5.26,23.0,29.0,113.0,8.26,5.0,T,12.0,,,,,,,,,,,,,,,,,,,,,,,,,,,,,,
2016,6,165,KAN,False,WR,WR,O,West Alabama,22.0,2025.0,5,8,8,61.0,,,,,,,,,,,,,,,,,,,,,,,,,,,,,,,,,,,,,,,,,,,
2016,6,166,HOU,False,NT,DL,D,Clemson,22.0,2025.0,0,0,6,20.0,D.J. Reader,DT,Clemson,75.0,327.0,5.33,30.0,29.5,99.0,7.9,4.71,DL,45.0,,,,,,,,,,,,,,,,,,,,,,,,5.0,34.0,39.0,73.0,9.0,,
2016,6,168,CLE,False,G,OL,O,Baylor,23.0,2017.0,0,0,2,8.0,Spencer Drango,OT,Baylor,78.0,315.0,5.27,30.0,27.0,100.0,7.88,4.66,OL,26.0,,,,,,,,,,,,,,,,,,,,,,,,,,,,,,
2016,6,169,DET,False,LB,LB,D,Georgia Southern,23.0,2016.0,0,0,0,2.0,,,,,,,,,,,,LB,25.0,,,,,,,,,,,,,,,,,,,,,,,,7.0,94.0,78.0,172.0,18.5,,
2016,6,170,ARI,False,T,OL,O,Harvard,22.0,2021.0,0,0,0,0.0,Cole Toner,OT,Harvard,77.0,306.0,5.32,22.0,26.0,103.0,7.88,4.59,,,,,,,,,,,,,,,,,,,,,,,,,,,,,,,,
2016,6,171,SEA,False,RB,RB,O,Arkansas,22.0,2021.0,0,0,2,5.0,Alex Collins,RB,Arkansas,70.0,217.0,4.59,18.0,28.5,113.0,,,RB,38.0,12.15,,,,,,,,,,665.0,3703.0,5.6,36.0,27.0,167.0,6.2,0.0,,,,,,,,,,,,
2016,6,172,CLE,False,WR,WR,O,Colorado St.,21.0,2022.0,0,0,0,13.0,Rashard Higgins,WR,Colorado State,73.0,196.0,4.64,13.0,32.0,116.0,,,WR,38.0,2.125,,,,,,,,,,,,,,,,,,239.0,3649.0,15.3,31.0,96.0,,,,,,,
2016,6,173,CLE,False,DB,DB,D,La-Monroe,22.0,2016.0,0,0,0,0.0,,,,,,,,,,,,DB,48.0,-15.242857142857144,,,,,,,,,,,,,,,,,,,,,,,,,,,,2.0,21.0
2016,6,175,SDG,False,OLB,LB,D,Akron,22.0,2019.0,0,0,2,14.0,,,,,,,,,,,,LB,46.0,-5.577777777777778,,,,,,,,,,,,,,,,,,,,,,,17.0,196.0,149.0,345.0,41.5,,
2016,6,176,DEN,False,FB,RB,O,Nebraska,23.0,2021.0,0,0,1,2.0,Andy Janovich,FB,Nebraska,73.0,238.0,4.81,30.0,34.0,119.0,7.28,4.32,RB,38.0,13.7,,,,,,,,,,45.0,271.0,6.0,3.0,5.0,87.0,17.4,0.0,,,,,,,,,,,,
2016,6,177,LAR,False,TE,TE,O,South Carolina St.,23.0,2021.0,0,0,0,0.0,Temarrick Hemingway,TE,South Carolina State,77.0,244.0,4.71,18.0,30.5,115.0,6.88,4.31,,,,,,,,,,,,,,,,,,,,,,,,,,,,,,,,
2016,6,178,KAN,False,CB,DB,D,Georgia Tech,22.0,2019.0,0,0,0,1.0,D.J. White,CB,Georgia Tech,71.0,193.0,4.49,17.0,33.0,132.0,7.18,4.33,CB,37.0,10.533333333333331,,,,,,,,,,,,,,,,,,,,,,,,,,,,7.0,21.0
2016,6,179,SDG,False,P,P,S,Texas A&M,23.0,2018.0,0,0,0,5.0,Drew Kaser,P,Texas A&M,74.0,212.0,4.95,,,,,,,,,,,,,,,,,,,,,,,,,,,,,,,,,,,,,
2016,6,183,TAM,False,OLB,LB,D,Oklahoma,23.0,2020.0,0,0,1,4.0,Devante Bond,OLB,Oklahoma,73.0,235.0,4.7,21.0,37.5,121.0,7.07,4.36,LB,21.0,,,,,,,,,,,,,,,,,,,,,,,,3.0,46.0,26.0,72.0,11.0,,
2016,6,184,NYG,False,TE,TE,O,South Carolina,23.0,2019.0,0,0,0,2.0,Jerell Adams,TE,South Carolina,77.0,247.0,4.64,,32.5,117.0,7.05,4.31,TE,41.0,14.175,,,,,,,,,,,,,,,,,,66.0,977.0,14.8,7.0,23.8,,,,,,,
2016,6,185,CHI,False,S,DB,D,William & Mary,23.0,2023.0,0,0,0,8.0,Deandre Houston-Carson,S,William & Mary,73.0,201.0,4.54,13.0,32.5,115.0,7.15,4.28,,,,,,,,,,,,,,,,,,,,,,,,,,,,,,,,
2016,6,186,MIA,False,WR,WR,O,Texas Tech,23.0,2021.0,0,1,0,12.0,,,,,,,,,,,,WR,49.0,9.194444444444445,,,,,,,,,,,,,,,,,,254.0,3286.0,12.9,27.0,67.1,,,,,,,
2016,6,188,MIN,False,TE,TE,O,Texas-San Antonio,23.0,2018.0,0,0,0,1.0,David Morgan,TE,Texas-San Antonio,76.0,262.0,,,,,,,TE,26.0,,,,,,,,,,,,,,,,,,,72.0,890.0,12.4,6.0,34.2,,,,,,,
2016,6,189,DAL,False,CB,DB,D,Purdue,22.0,2023.0,0,0,4,23.0,Anthony Brown,CB,Purdue,71.0,192.0,4.33,19.0,35.0,115.0,7.03,4.19,DB,46.0,3.074107142857143,,,,,,,,,,,,,,,,,,,,,,,,,,,,4.0,19.0
2016,6,190,LAR,False,ILB,LB,D,Kentucky,24.0,2017.0,0,0,0,2.0,Josh Forrest,ILB,Kentucky,75.0,249.0,4.91,11.0,30.5,118.0,,,LB,43.0,0.1588235294117646,,,,,,,,,,,,,,,,,,,,,,,4.5,117.0,115.0,232.0,15.5,,
2016,6,191,DET,False,QB,QB,O,Michigan,23.0,2017.0,0,0,0,0.0,,,,,,,,,,,,QB,38.0,15.447826086956525,666.0,1080.0,61.7,7836.0,54.0,27.0,7.3,7.13,206.2,,,,,,,,,,,,,,,,,,,,
2016,7,193,TEN,False,G,OL,O,Arkansas,24.0,2016.0,0,0,0,0.0,Sebastian Tretola,OG,Arkansas,76.0,314.0,5.45,22.0,23.5,90.0,7.94,5.02,T,26.0,12.2,,,,,,,,,,,,,,,,,,,,,,,,,,,,,
2016,7,194,OAK,False,OLB,LB,D,Colorado St.,23.0,2017.0,0,0,1,7.0,,,,,,,,,,,,LB,51.0,,,,,,,,,,,,,,,,,,,,,,,,24.0,114.0,115.0,229.0,41.5,,
2016,7,195,ATL,False,G,OL,O,San Jose St.,22.0,2024.0,0,0,3,19.0,,,,,,,,,,,,T,25.0,,,,,,,,,,,,,,,,,,,,,,,,,,,,,,
2016,7,196,PHI,False,CB,DB,D,Auburn,23.0,2021.0,0,0,0,0.0,,,,,,,,,,,,DB,50.0,13.52307692307692,,,,,,,,,,,,,,,,,,,,,,,,,,,,8.0,24.0
2016,7,198,SDG,False,FB,RB,O,Wisconsin,23.0,2022.0,0,0,0,1.0,,,,,,,,,,,,FB,26.0,17.82857142857143,,,,,,,,,,11.0,55.0,5.0,0.0,18.0,159.0,8.8,1.0,,,,,,,,,,,,
2016,7,199,CIN,False,WR,WR,O,Mississippi,22.0,2019.0,0,0,0,3.0,Cody Core,WR,Mississippi,75.0,205.0,4.47,14.0,31.5,119.0,,,WR,45.0,20.33333333333333,,,,,,,,,,,,,,,,,,83.0,1297.0,15.6,10.0,28.8,,,,,,,
2016,7,200,GNB,False,T,OL,O,Stanford,22.0,2021.0,0,0,0,2.0,Kyle Murphy,OT,Stanford,78.0,305.0,5.19,23.0,,,,,OL,27.0,,,,,,,,,,,,,,,,,,,,,,,,,,,,,,
2016,7,202,DET,False,DT,DL,D,Penn St.,24.0,2020.0,0,0,1,8.0,Anthony Zettel,DT,Penn State,76.0,277.0,4.81,28.0,30.5,109.0,7.63,4.39,DL,48.0,9.05,,,,,,,,,,,,,,,,,,,,,,,20.0,69.0,51.0,120.0,38.0,,
2016,7,203,KAN,False,DE,DL,D,Virginia Tech,23.0,2016.0,0,0,0,1.0,Dadi Nicolas,DE,Virginia Tech,75.0,235.0,4.74,14.0,41.0,116.0,7.04,4.38,DL,47.0,,,,,,,,,,,,,,,,,,,,,,,,17.5,87.0,79.0,166.0,36.0,,
2016,7,204,MIA,False,S,DB,D,Penn St.,23.0,2021.0,0,0,0,1.0,Jordan Lucas,S,Penn State,72.0,201.0,4.54,,,,,,DB,46.0,9.066666666666666,,,,,,,,,,,,,,,,,,,,,,,,,,,,3.0,25.0
2016,7,205,ARI,False,CB,DB,D,Southeastern Louisiana,22.0,2018.0,0,0,0,2.0,Harlan Miller,CB,SE Louisiana,72.0,182.0,4.65,6.0,35.5,118.0,7.44,4.43,,,,,,,,,,,,,,,,,,,,,,,,,,,,,,,,
2016,7,206,LAR,False,WR,WR,O,Southern Miss,22.0,2022.0,0,0,0,1.0,,,,,,,,,,,,WR,25.0,9.056140350877191,,,,,,,,,,,,,,,,,,112.0,1983.0,17.7,19.0,79.3,,,,,,,
2016,7,209,BAL,False,CB,DB,D,Virginia,22.0,2021.0,0,0,0,2.0,Maurice Canady,CB,Virginia,73.0,193.0,4.49,16.0,38.0,124.0,7.03,4.09,DB,44.0,1.676923076923077,,,,,,,,,,,,,,,,,,,,,,,,,,,,5.0,26.0
2016,7,212,DAL,False,S,DB,D,Central Michigan,22.0,2021.0,0,0,0,3.0,Kavon Frazier,S,Central Michigan,72.0,217.0,4.53,18.0,,,,,DB,49.0,-8.794117647058824,,,,,,,,,,,,,,,,,,,,,,,,,,,,5.0,13.0
2016,7,213,SFO,False,WR,WR,O,Michigan St.,22.0,2016.0,0,0,0,1.0,Aaron Burbridge,WR,Michigan State,72.0,206.0,4.56,20.0,30.5,115.0,7.22,4.31,WR,46.0,17.333333333333332,,,,,,,,,,,,,,,,,,165.0,2174.0,13.2,10.0,47.3,,,,,,,
2016,7,214,NWE,False,ILB,LB,D,Houston,22.0,2025.0,0,0,7,17.0,,,,,,,,,,,,LB,30.0,6.2,,,,,,,,,,,,,,,,,,,,,,,7.0,109.0,66.0,175.0,23.5,,
2016,7,215,SEA,False,C,OL,O,TCU,22.0,2020.0,0,0,0,7.0,,,,,,,,,,,,C,26.0,,,,,,,,,,,,,,,,,,,,,,,,,,,,,,
2016,7,216,DAL,False,RB,RB,O,Eastern Michigan,22.0,2018.0,0,0,0,0.0,,,,,,,,,,,,RB,43.0,-27.14444444444445,,,,,,,,,,321.0,1586.0,4.9,17.0,44.0,375.0,8.5,4.0,,,,,,,,,,,,
2016,7,217,DAL,False,TE,TE,O,Baylor,22.0,2018.0,0,0,0,0.0,,,,,,,,,,,,,,,,,,,,,,,,,,,,,,,,,,,,,,,,,,,
2016,7,218,BUF,False,CB,DB,D,USC,22.0,2024.0,0,0,0,1.0,Kevon Seymour,CB,USC,71.0,186.0,4.39,12.0,35.0,124.0,,4.18,DB,44.0,19.88823529411765,,,,,,,,,,,,,,,,,,,,,,,,,,,,3.0,19.0
2016,7,219,DEN,False,S,DB,D,Arizona,22.0,2022.0,0,0,0,8.0,,,,,,,,,,,,DB,51.0,,,,,,,,,,,,,,,,,,,,,,,,,,,,,4.0,20.0
2016,7,221,NWE,False,G,OL,O,Illinois,23.0,2025.0,0,0,6,17.0,,,,,,,,,,,,OL,25.0,,,,,,,,,,,,,,,,,,,,,,,,,,,,,,
2016,7,222,TEN,False,OLB,LB,D,UCLA,23.0,2018.0,0,0,0,1.0,,,,,,,,,,,,LB,40.0,,,,,,,,,,,,,,,,,,,,,,,,7.0,49.0,43.0,92.0,13.0,,
2016,7,227,MIN,False,OLB,LB,D,Vanderbilt,22.0,2021.0,0,0,1,8.0,Stephen Weatherly,OLB,Vanderbilt,76.0,267.0,4.61,23.0,31.0,117.0,,,DE,33.0,-4.3,,,,,,,,,,,,,,,,,,,,,,,11.5,71.0,48.0,119.0,27.0,,
2016,7,228,DEN,False,P,P,S,Syracuse,23.0,2025.0,0,0,2,9.0,Riley Dixon,P,Syracuse,76.0,221.0,5.04,,,,,,,,,,,,,,,,,,,,,,,,,,,,,,,,,,,,,
2016,7,229,PIT,False,WR,WR,O,Houston,22.0,2016.0,0,0,0,0.0,Demarcus Ayers,WR,Houston,69.0,182.0,4.72,,33.0,123.0,,,WR,40.0,5.642307692307693,,,,,,,,,,,,,,,,,,142.0,1687.0,11.9,9.0,42.2,,,,,,,
2016,7,230,CHI,False,WR,WR,O,Western Michigan,22.0,2016.0,0,0,0,0.0,,,,,,,,,,,,WR,37.0,-1.138709677419355,,,,,,,,,,,,,,,,,,213.0,2509.0,11.8,19.0,67.8,,,,,,,
2016,7,231,MIA,False,TE,TE,O,UCLA,21.0,2016.0,0,0,0,0.0,Thomas Duarte,TE,UCLA,74.0,231.0,4.72,12.0,33.5,118.0,6.97,4.24,WR,35.0,18.766666666666666,,,,,,,,,,,,,,,,,,97.0,1626.0,16.8,17.0,46.5,,,,,,,
2016,7,233,PHI,False,S,DB,D,LSU,22.0,2025.0,0,0,6,18.0,Jalen Mills,S,LSU,72.0,191.0,4.61,16.0,37.0,123.0,6.86,4.0,DB,46.0,24.633333333333336,,,,,,,,,,,,,,,,,,,,,,,,,,,,6.0,11.0
2016,7,234,OAK,False,G,OL,O,LSU,22.0,2017.0,0,0,0,6.0,Vadal Alexander,OT,LSU,77.0,326.0,5.57,25.0,24.0,95.0,8.04,4.9,T,12.0,,,,,,,,,,,,,,,,,,,,,,,,,,,,,,
2016,7,235,NYJ,False,P,P,S,Sam Houston St.,24.0,2021.0,0,0,0,9.0,,,,,,,,,,,,,,,,,,,,,,,,,,,,,,,,,,,,,,,,,,,
2016,7,236,DET,False,RB,RB,O,Washington,22.0,2023.0,0,0,0,2.0,,,,,,,,,,,,RB,32.0,12.242857142857142,,,,,,,,,,226.0,1311.0,5.8,17.0,41.0,411.0,10.0,4.0,,,,,,,,,,,,
2016,7,237,NOR,False,RB,RB,O,California,23.0,2017.0,0,0,0,0.0,Daniel Lasco,RB,California,72.0,209.0,4.46,23.0,41.5,135.0,7.22,4.26,RB,42.0,1.96,,,,,,,,,,348.0,1872.0,5.4,18.0,48.0,458.0,9.5,2.0,,,,,,,,,,,,
2016,7,239,IND,False,LB,LB,D,Maine,23.0,2018.0,0,0,0,0.0,,,,,,,,,,,,,,,,,,,,,,,,,,,,,,,,,,,,,,,,,,,
2016,7,241,NYJ,False,WR,WR,O,Clemson,23.0,2018.0,0,0,0,1.0,Charone Peake,WR,Clemson,74.0,209.0,4.45,12.0,35.5,122.0,6.96,4.46,WR,51.0,15.875,,,,,,,,,,,,,,,,,,99.0,1172.0,11.8,10.0,23.0,,,,,,,
2016,7,244,MIN,False,S,DB,D,Clemson,22.0,2023.0,0,0,4,4.0,Jayron Kearse,S,Clemson,76.0,216.0,4.62,16.0,31.5,124.0,7.06,,S,40.0,22.2,,,,,,,,,,,,,,,,,,,,,,,,,,,,7.0,11.0
2016,7,245,CIN,False,S,DB,D,Illinois,23.0,2022.0,0,0,0,6.0,,,,,,,,,,,,DB,25.0,2.7,,,,,,,,,,,,,,,,,,,,,,,,,,,,2.0,9.0
2016,7,246,PIT,False,OLB,LB,D,Temple,23.0,2024.0,0,0,0,5.0,Tyler Matakevich,OLB,Temple,72.0,238.0,4.81,22.0,31.0,112.0,7.19,4.5,LB,49.0,-3.133333333333333,,,,,,,,,,,,,,,,,,,,,,,7.0,338.0,155.0,493.0,40.0,,
2016,7,248,IND,False,C,OL,O,Iowa,24.0,2022.0,0,0,4,1.0,Austin Blythe,C,Iowa,74.0,298.0,5.36,29.0,27.5,99.0,7.52,4.53,OL,27.0,,,,,,,,,,,,,,,,,,,,,,,,,,,,,,
2016,7,249,SFO,False,CB,DB,D,Western Kentucky,23.0,2016.0,0,0,0,0.0,,,,,,,,,,,,DB,33.0,,,,,,,,,,,,,,,,,,,,,,,,,,,,,5.0,16.0
2016,7,251,PHI,False,ILB,LB,D,Oregon,23.0,2021.0,0,0,1,2.0,,,,,,,,,,,,LB,38.0,-13.506666666666666,,,,,,,,,,,,,,,,,,,,,,,5.0,120.0,85.0,205.0,17.0,,
2016,7,253,TEN,False,CB,DB,D,Southern Miss,22.0,2017.0,0,0,0,0.0,,,,,,,,,,,,DB,36.0,-14.4,,,,,,,,,,,,,,,,,,,,,,,,,,,,7.0,30.0
2017,1,1,CLE,False,DE,DL,D,Texas A&M,21.0,2025.0,5,7,8,104.0,Myles Garrett,DE,Texas A&M,76.0,272.0,4.64,33.0,41.0,128.0,,,DL,36.0,12.994736842105263,,,,,,,,,,,,,,,,,,,,,,,32.5,84.0,61.0,145.0,48.5,,
2017,1,2,CHI,False,QB,QB,O,North Carolina,23.0,2025.0,0,1,4,34.0,Mitchell Trubisky,QB,North Carolina,74.0,222.0,4.67,,27.5,116.0,6.87,4.25,QB,34.0,12.681818181818182,386.0,572.0,67.5,4762.0,41.0,10.0,8.3,8.97,140.1,,,,,,,,,,,,,,,,,,,,
2017,1,3,SFO,False,DE,DL,D,Stanford,21.0,2025.0,0,0,2,15.0,Solomon Thomas,DE,Stanford,75.0,273.0,4.69,30.0,35.0,126.0,6.95,4.28,DE,27.0,20.285714285714285,,,,,,,,,,,,,,,,,,,,,,,11.5,65.0,36.0,101.0,25.5,,
2017,1,4,JAX,False,RB,RB,O,LSU,22.0,2023.0,0,0,5,19.0,Leonard Fournette,RB,LSU,72.0,240.0,4.51,,28.5,,,,RB,32.0,23.126923076923077,,,,,,,,,,616.0,3830.0,6.2,40.0,41.0,526.0,12.8,1.0,,,,,,,,,,,,
2017,1,5,TEN,False,WR,WR,O,Western Michigan,22.0,2022.0,0,0,5,24.0,Corey Davis,WR,West. Michigan,75.0,209.0,,,,,,,WR,50.0,2.048684210526316,,,,,,,,,,,,,,,,,,332.0,5285.0,15.9,52.0,105.7,,,,,,,
2017,1,6,NYJ,False,S,DB,D,LSU,21.0,2025.0,1,3,6,29.0,Jamal Adams,S,LSU,72.0,214.0,4.56,18.0,31.5,120.0,6.96,4.13,S,37.0,24.05555555555556,,,,,,,,,,,,,,,,,,,,,,,,,,,,5.0,15.0
2017,1,7,LAC,False,WR,WR,O,Clemson,22.0,2024.0,0,0,4,37.0,Mike Williams,WR,Clemson,76.0,218.0,,15.0,32.5,121.0,,,WR,39.0,10.072222222222225,,,,,,,,,,,,,,,,,,177.0,2727.0,15.4,21.0,69.9,,,,,,,
2017,1,8,CAR,False,RB,RB,O,Stanford,21.0,2025.0,3,4,5,43.0,Christian McCaffrey,RB,Stanford,71.0,202.0,4.48,10.0,37.5,121.0,6.57,4.22,RB,38.0,20.297142857142852,,,,,,,,,,632.0,3922.0,6.2,21.0,99.0,1206.0,12.2,10.0,,,,,,,,,,,,
2017,1,9,CIN,False,WR,WR,O,Washington,21.0,2024.0,0,0,1,5.0,John Ross,WR,Washington,71.0,188.0,4.22,,37.0,133.0,,,WR,40.0,19.1515625,,,,,,,,,,,,,,,,,,114.0,1729.0,15.2,22.0,43.2,,,,,,,
2017,1,10,KAN,False,QB,QB,O,Texas Tech,21.0,2025.0,2,6,7,115.0,Patrick Mahomes,QB,Texas Tech,74.0,225.0,4.8,,30.0,114.0,6.88,4.08,QB,32.0,4.336363636363637,857.0,1349.0,63.5,11252.0,93.0,29.0,8.3,8.75,351.6,,,,,,,,,,,,,,,,,,,,
2017,1,11,NOR,False,CB,DB,D,Ohio St.,21.0,2025.0,0,4,6,41.0,Marshon Lattimore,CB,Ohio State,72.0,193.0,4.36,,38.5,132.0,,,CB,19.0,22.4,,,,,,,,,,,,,,,,,,,,,,,,,,,,4.0,12.0
2017,1,12,HOU,False,QB,QB,O,Clemson,21.0,2024.0,0,3,4,52.0,Deshaun Watson,QB,Clemson,74.0,221.0,4.66,,32.5,119.0,6.95,4.31,QB,38.0,24.54705882352941,814.0,1207.0,67.4,10163.0,90.0,32.0,8.4,8.72,267.4,,,,,,,,,,,,,,,,,,,,
2017,1,13,ARI,False,LB,LB,D,Temple,22.0,2025.0,0,2,5,14.0,Haason Reddick,OLB,Temple,73.0,237.0,4.52,24.0,36.5,133.0,7.01,4.37,LB,46.0,11.9,,,,,,,,,,,,,,,,,,,,,,,18.0,99.0,49.0,148.0,46.0,,
2017,1,14,PHI,False,DE,DL,D,Tennessee,21.0,2025.0,0,0,3,22.0,Derek Barnett,DE,Tennessee,75.0,259.0,4.88,,31.0,117.0,6.96,4.44,DE,39.0,16.3,,,,,,,,,,,,,,,,,,,,,,,33.0,131.0,66.0,197.0,52.0,,
2017,1,15,IND,False,S,DB,D,Ohio St.,21.0,2025.0,0,0,5,13.0,Malik Hooker,S,Ohio State,73.0,206.0,,,,,,,S,25.0,22.4,,,,,,,,,,,,,,,,,,,,,,,,,,,,7.0,4.0
2017,1,16,BAL,False,CB,DB,D,Alabama,21.0,2025.0,2,4,7,62.0,Marlon Humphrey,CB,Alabama,72.0,197.0,4.41,10.0,,125.0,6.75,,DB,30.0,30.98,,,,,,,,,,,,,,,,,,,,,,,,,,,,5.0,13.0
2017,1,17,WAS,False,DE,DL,D,Alabama,22.0,2025.0,0,2,7,48.0,Jonathan Allen,DT,Alabama,75.0,286.0,5.0,21.0,30.0,108.0,7.49,4.5,LB,51.0,31.7,,,,,,,,,,,,,,,,,,,,,,,28.5,78.0,75.0,153.0,45.0,,
2017,1,18,TEN,False,CB,DB,D,USC,21.0,2025.0,0,0,6,15.0,Adoree Jackson,CB,USC,70.0,186.0,4.42,,36.0,122.0,,,CB,40.0,,,,,,,,,,,,,,,,,,,,,,,,,,,,,6.0,29.0
2017,1,19,TAM,False,TE,TE,O,Alabama,22.0,2022.0,0,0,4,12.0,O.J. Howard,TE,Alabama,78.0,251.0,4.51,22.0,30.0,121.0,6.85,4.16,TE,54.0,32.465625,,,,,,,,,,,,,,,,,,114.0,1726.0,15.1,7.0,32.0,,,,,,,
2017,1,20,DEN,False,T,OL,O,Utah,25.0,2025.0,1,1,7,56.0,Garrett Bolles,OT,Utah,77.0,297.0,4.95,,28.0,115.0,7.29,4.55,,,,,,,,,,,,,,,,,,,,,,,,,,,,,,,,
2017,1,21,DET,False,LB,LB,D,Florida,22.0,2022.0,0,0,3,20.0,Jarrad Davis,ILB,Florida,73.0,238.0,,,,,,,LB,40.0,13.0,,,,,,,,,,,,,,,,,,,,,,,5.5,102.0,103.0,205.0,20.0,,
2017,1,22,MIA,False,OLB,LB,D,Missouri,22.0,2024.0,0,0,2,4.0,Charles Harris,DE,Missouri,75.0,253.0,4.82,21.0,32.0,109.0,7.47,4.42,DL,37.0,-10.0,,,,,,,,,,,,,,,,,,,,,,,18.0,80.0,56.0,136.0,34.5,,
2017,1,23,NYG,False,TE,TE,O,Mississippi,23.0,2025.0,0,2,8,18.0,Evan Engram,TE,Mississippi,75.0,234.0,4.42,19.0,36.0,125.0,6.92,4.23,TE,45.0,18.125,,,,,,,,,,,,,,,,,,162.0,2320.0,14.3,15.0,51.6,,,,,,,
2017,1,24,OAK,False,CB,DB,D,Ohio St.,22.0,2019.0,0,0,1,7.0,Gareon Conley,CB,Ohio State,72.0,195.0,4.44,11.0,37.0,129.0,6.68,4.18,CB,41.0,24.293333333333333,,,,,,,,,,,,,,,,,,,,,,,,,,,,6.0,15.0
2017,1,25,CLE,False,S,DB,D,Michigan,21.0,2025.0,0,0,5,11.0,Jabrill Peppers,S,Michigan,71.0,213.0,4.46,19.0,35.5,128.0,,,DB,15.0,21.25,,,,,,,,,,,,,,,,,,,,,,,,,,,,0.0,10.0
2017,1,26,ATL,False,DE,DL,D,UCLA,21.0,2024.0,0,0,2,13.0,Takkarist McKinley,OLB,UCLA,74.0,250.0,4.59,24.0,33.0,122.0,7.48,4.62,DL,33.0,12.266666666666667,,,,,,,,,,,,,,,,,,,,,,,17.0,80.0,22.0,102.0,29.0,,
2017,1,27,BUF,False,CB,DB,D,LSU,22.0,2025.0,1,2,5,52.0,TreDavious White,CB,LSU,71.0,192.0,4.47,16.0,32.0,119.0,6.9,4.32,DB,48.0,23.986486486486488,,,,,,,,,,,,,,,,,,,,,,,,,,,,6.0,34.0
2017,1,28,DAL,False,DE,DL,D,Michigan,22.0,2022.0,0,0,0,6.0,Taco Charlton,DE,Michigan,78.0,277.0,4.92,25.0,33.0,116.0,7.17,4.39,DE,38.0,24.4,,,,,,,,,,,,,,,,,,,,,,,18.5,55.0,39.0,94.0,27.5,,
2017,1,29,CLE,False,TE,TE,O,Miami (FL),21.0,2025.0,0,1,5,27.0,David Njoku,TE,Miami (FL),76.0,246.0,4.64,21.0,37.5,133.0,6.97,4.34,WR,26.0,16.364705882352943,,,,,,,,,,,,,,,,,,64.0,1060.0,16.6,9.0,40.8,,,,,,,
2017,1,30,PIT,False,OLB,LB,D,Wisconsin,22.0,2025.0,4,8,8,96.0,T.J. Watt,OLB,Wisconsin,76.0,252.0,4.69,21.0,37.0,128.0,6.79,4.13,LB,27.0,16.1,,,,,,,,,,,,,,,,,,,,,,,11.5,42.0,29.0,71.0,17.0,,
2017,1,31,SFO,False,LB,LB,D,Alabama,23.0,2018.0,0,0,2,8.0,Reuben Foster,ILB,Alabama,72.0,229.0,,,,,,,LB,47.0,31.7,,,,,,,,,,,,,,,,,,,,,,,8.0,123.0,99.0,222.0,24.0,,
2017,1,32,NOR,False,T,OL,O,Wisconsin,23.0,2023.0,1,0,6,64.0,Ryan Ramczyk,OT,Wisconsin,78.0,310.0,,25.0,,,,,,,,,,,,,,,,,,,,,,,,,,,,,,,,,,,,
2017,2,33,GNB,False,CB,DB,D,Washington,22.0,2024.0,0,0,3,15.0,Kevin King,CB,Washington,75.0,200.0,4.43,11.0,39.5,,6.56,3.89,DB,43.0,8.871428571428572,,,,,,,,,,,,,,,,,,,,,,,,,,,,6.0,22.0
2017,2,34,JAX,False,T,OL,O,Alabama,21.0,2025.0,0,0,6,33.0,Cam Robinson,OT,Alabama,78.0,322.0,5.15,,26.0,106.0,7.81,4.82,OL,1.0,-2.1,,,,,,,,,,,,,,,,,,,,,,,,,,,,,
2017,2,36,ARI,False,S,DB,D,Washington,21.0,2025.0,2,8,7,63.0,Budda Baker,S,Washington,70.0,195.0,4.45,15.0,32.5,115.0,6.76,4.08,DB,40.0,18.817241379310342,,,,,,,,,,,,,,,,,,,,,,,,,,,,5.0,19.0
2017,2,37,BUF,False,WR,WR,O,East Carolina,22.0,2025.0,0,0,3,8.0,Zay Jones,WR,East Carolina,74.0,201.0,4.45,15.0,36.5,133.0,6.79,4.01,WR,49.0,0.4487179487179487,,,,,,,,,,,,,,,,,,399.0,4279.0,10.7,23.0,87.3,,,,,,,
2017,2,38,LAC,False,G,OL,O,Western Kentucky,23.0,2021.0,0,0,1,8.0,Forrest Lamp,OG,Western Kentucky,76.0,309.0,5.0,34.0,27.5,111.0,7.55,4.62,OL,39.0,15.5,,,,,,,,,,,,,,,,,,,,,,,,,,,,,
2017,2,39,NYJ,False,S,DB,D,Florida,24.0,2025.0,0,0,5,21.0,Marcus Maye,S,Florida,72.0,210.0,,,,,,,DB,41.0,14.339130434782607,,,,,,,,,,,,,,,,,,,,,,,,,,,,5.0,17.0
2017,2,40,CAR,False,WR,WR,O,Ohio St.,21.0,2025.0,0,0,5,17.0,Curtis Samuel,WR,Ohio State,71.0,196.0,4.31,18.0,37.0,119.0,7.09,4.33,RB,41.0,25.26363636363636,,,,,,,,,,172.0,1286.0,7.5,15.0,107.0,1249.0,11.7,9.0,,,,,,,,,,,,
2017,2,41,MIN,False,RB,RB,O,Florida St.,22.0,2024.0,0,4,5,51.0,Dalvin Cook,RB,Florida State,70.0,210.0,4.49,22.0,30.5,116.0,7.27,4.53,RB,38.0,24.925,,,,,,,,,,687.0,4464.0,6.5,46.0,79.0,935.0,11.8,2.0,,,,,,,,,,,,
2017,2,42,NOR,False,S,DB,D,Utah,20.0,2025.0,0,0,8,24.0,Marcus Williams,S,Utah,73.0,202.0,4.56,14.0,43.5,129.0,6.85,4.2,DB,37.0,-2.5,,,,,,,,,,,,,,,,,,,,,,,,,,,,11.0,8.0
2017,2,43,PHI,False,CB,DB,D,Washington,21.0,2023.0,0,0,2,5.0,Sidney Jones,CB,Washington,72.0,186.0,4.47,,33.5,123.0,7.02,4.28,DB,40.0,19.14210526315789,,,,,,,,,,,,,,,,,,,,,,,,,,,,9.0,21.0
2017,2,44,LAR,False,TE,TE,O,South Alabama,23.0,2024.0,0,0,3,10.0,Gerald Everett,TE,South Alabama,75.0,239.0,4.62,22.0,37.5,126.0,6.99,4.33,TE,37.0,-9.156756756756756,,,,,,,,,,,,,,,,,,107.0,1584.0,14.8,13.0,42.8,,,,,,,
2017,2,45,CHI,False,TE,TE,O,Ashland,22.0,2021.0,0,0,1,2.0,Adam Shaheen,TE,Ashland,78.0,278.0,4.79,24.0,32.5,121.0,7.09,4.38,,,,,,,,,,,,,,,,,,,,,,,,,,,,,,,,
2017,2,46,IND,False,CB,DB,D,Florida,21.0,2022.0,0,0,0,4.0,Quincy Wilson,CB,Florida,73.0,211.0,4.54,14.0,32.0,118.0,6.86,4.02,DB,39.0,15.463157894736844,,,,,,,,,,,,,,,,,,,,,,,,,,,,6.0,14.0
2017,2,47,BAL,False,OLB,LB,D,Houston,22.0,2024.0,0,0,1,18.0,Tyus Bowser,OLB,Houston,75.0,247.0,4.65,21.0,37.5,127.0,6.75,,DE,46.0,7.673333333333333,,,,,,,,,,,,,,,,,,,,,,,22.5,70.0,67.0,137.0,28.0,,
2017,2,48,CIN,False,RB,RB,O,Oklahoma,21.0,2024.0,0,2,6,49.0,,,,,,,,,,,,RB,25.0,24.90701754385965,,,,,,,,,,300.0,2027.0,6.8,17.0,65.0,894.0,13.8,9.0,,,,,,,,,,,,
2017,2,49,WAS,False,OLB,LB,D,Alabama,23.0,2022.0,0,0,0,6.0,Ryan Anderson,OLB,Alabama,74.0,253.0,4.78,,,,,,LB,47.0,18.984375,,,,,,,,,,,,,,,,,,,,,,,19.5,66.0,62.0,128.0,40.0,,
2017,2,50,TAM,False,S,DB,D,Texas A&M,22.0,2023.0,0,0,2,8.0,Justin Evans,S,Texas A&M,72.0,199.0,,14.0,,,,,DB,25.0,12.755999999999998,,,,,,,,,,,,,,,,,,,,,,,,,,,,5.0,11.0
2017,2,51,DEN,False,DE,DL,D,Florida St.,22.0,2025.0,0,0,2,6.0,DeMarcus Walker,DE,Florida State,76.0,280.0,,18.0,,,,,DE,36.0,,,,,,,,,,,,,,,,,,,,,,,,27.5,81.0,63.0,144.0,39.0,,
2017,2,52,CLE,False,QB,QB,O,Notre Dame,21.0,2018.0,0,0,1,5.0,DeShone Kizer,QB,Notre Dame,76.0,233.0,4.83,,30.5,107.0,7.4,4.53,QB,25.0,18.44090909090909,423.0,696.0,60.8,5809.0,47.0,19.0,8.3,8.47,232.4,,,,,,,,,,,,,,,,,,,,
2017,2,53,DET,False,CB,DB,D,Florida,21.0,2023.0,0,0,0,3.0,Teez Tabor,CB,Florida,72.0,199.0,4.62,9.0,31.0,120.0,,,DB,37.0,15.4,,,,,,,,,,,,,,,,,,,,,,,,,,,,9.0,28.0
2017,2,54,MIA,False,LB,LB,D,Ohio St.,21.0,2024.0,0,0,2,9.0,Raekwon McMillan,ILB,Ohio State,74.0,240.0,4.61,23.0,33.0,121.0,7.15,4.39,LB,39.0,23.63636363636364,,,,,,,,,,,,,,,,,,,,,,,6.0,136.0,139.0,275.0,17.5,,
2017,2,55,NYG,False,DT,DL,D,Alabama,23.0,2025.0,0,0,8,23.0,Dalvin Tomlinson,DT,Alabama,75.0,310.0,5.19,,27.0,110.0,7.68,4.59,DL,45.0,31.7,,,,,,,,,,,,,,,,,,,,,,,4.0,39.0,83.0,122.0,10.5,,
2017,2,56,OAK,False,S,DB,D,Connecticut,23.0,2018.0,0,0,0,1.0,Obi Melifonwu,S,Connecticut,76.0,224.0,4.4,17.0,44.0,141.0,,,S,48.0,-10.927272727272726,,,,,,,,,,,,,,,,,,,,,,,,,,,,8.0,16.0
2017,2,57,HOU,False,LB,LB,D,Vanderbilt,22.0,2025.0,0,0,5,29.0,Zach Cunningham,OLB,Vanderbilt,75.0,234.0,4.67,15.0,35.0,125.0,7.03,4.29,LB,36.0,-1.2,,,,,,,,,,,,,,,,,,,,,,,6.0,177.0,118.0,295.0,39.5,,
2017,2,58,SEA,False,C,OL,O,LSU,22.0,2025.0,0,0,4,19.0,Ethan Pocic,C,LSU,78.0,310.0,5.15,26.0,27.0,107.0,7.89,4.81,C,12.0,,,,,,,,,,,,,,,,,,,,,,,,,,,,,,
2017,2,59,KAN,False,DE,DL,D,Villanova,23.0,2025.0,0,0,2,14.0,Tanoh Kpassagnon,DE,Villanova,79.0,289.0,4.83,23.0,30.0,128.0,7.46,4.62,,,,,,,,,,,,,,,,,,,,,,,,,,,,,,,,
2017,2,60,DAL,False,CB,DB,D,Colorado,22.0,2025.0,0,0,5,14.0,Chidobe Awuzie,CB,Colorado,72.0,202.0,4.43,16.0,34.5,132.0,6.81,4.14,DB,48.0,4.011111111111111,,,,,,,,,,,,,,,,,,,,,,,,,,,,3.0,28.0
2017,2,61,GNB,False,S,DB,D,North Carolina St.,22.0,2022.0,0,0,1,5.0,Josh Jones,S,North Carolina State,73.0,220.0,4.41,20.0,37.5,132.0,,,S,38.0,-2.1783783783783783,,,,,,,,,,,,,,,,,,,,,,,,,,,,8.0,17.0
2017,2,62,PIT,False,WR,WR,O,USC,20.0,2025.0,0,1,4,30.0,JuJu Smith-Schuster,WR,USC,73.0,215.0,4.54,15.0,32.5,120.0,,,WR,40.0,19.763461538461534,,,,,,,,,,,,,,,,,,213.0,3092.0,14.5,25.0,77.3,,,,,,,
2017,2,63,BUF,False,G,OL,O,Temple,23.0,2025.0,0,5,8,73.0,Dion Dawkins,OG,Temple,76.0,314.0,5.11,26.0,26.0,106.0,7.3,4.78,OL,39.0,3.6,,,,,,,,,,,,,,,,,,,,,,,,,,,,,
2017,2,64,CAR,False,G,OL,O,Western Michigan,23.0,2025.0,0,0,7,47.0,Taylor Moton,OT,West. Michigan,77.0,319.0,5.18,23.0,30.5,109.0,7.73,4.58,OL,26.0,-0.8,,,,,,,,,,,,,,,,,,,,,,,,,,,,,
2017,3,65,CLE,False,DT,DL,D,Charlotte,23.0,2025.0,0,0,7,20.0,Larry Ogunjobi,DE,Charlotte,75.0,305.0,4.97,26.0,32.0,116.0,7.55,4.75,DL,24.0,-20.9,,,,,,,,,,,,,,,,,,,,,,,5.5,68.0,59.0,127.0,28.0,,
2017,3,66,SFO,False,CB,DB,D,Colorado,22.0,2025.0,0,0,3,12.0,Ahkello Witherspoon,CB,Colorado,75.0,198.0,4.45,,40.5,127.0,6.93,4.13,DB,37.0,4.011111111111111,,,,,,,,,,,,,,,,,,,,,,,,,,,,3.0,27.0
2017,3,67,NOR,False,RB,RB,O,Tennessee,22.0,2025.0,0,5,6,79.0,Alvin Kamara,RB,Tennessee,70.0,214.0,4.56,15.0,39.5,131.0,,,RB,24.0,17.864444444444445,,,,,,,,,,210.0,1294.0,6.2,16.0,74.0,683.0,9.2,7.0,,,,,,,,,,,,
2017,3,68,JAX,False,DE,DL,D,Illinois,22.0,2025.0,0,0,0,16.0,Dawuane Smoot,DE,Illinois,75.0,264.0,4.77,,29.5,117.0,7.18,4.39,LB,41.0,-6.7,,,,,,,,,,,,,,,,,,,,,,,16.5,72.0,65.0,137.0,38.5,,
2017,3,69,LAR,False,WR,WR,O,Eastern Washington,24.0,2025.0,1,1,6,60.0,Cooper Kupp,WR,East. Washington,74.0,204.0,4.62,,31.0,116.0,6.75,4.08,,,,,,,,,,,,,,,,,,,,,,,,,,,,,,,,
2017,3,70,MIN,False,C,OL,O,Ohio St.,23.0,2022.0,0,0,3,20.0,Pat Elflein,C,Ohio State,75.0,303.0,5.32,22.0,23.5,99.0,7.94,4.71,OL,13.0,,,,,,,,,,,,,,,,,,,,,,,,,,,,,,
2017,3,71,LAC,False,G,OL,O,Indiana,23.0,2025.0,0,0,4,27.0,Dan Feeney,OG,Indiana,76.0,305.0,5.24,26.0,28.0,101.0,7.52,4.68,OL,13.0,,,,,,,,,,,,,,,,,,,,,,,,,,,,,,
2017,3,72,TEN,False,WR,WR,O,Western Kentucky,22.0,2020.0,0,0,0,6.0,Taywan Taylor,WR,Western Kentucky,71.0,203.0,4.5,13.0,33.5,132.0,6.57,4.21,WR,51.0,7.27,,,,,,,,,,,,,,,,,,253.0,4234.0,16.7,41.0,83.0,,,,,,,
2017,3,73,CIN,False,OLB,LB,D,Kansas St.,22.0,2022.0,0,0,0,4.0,Jordan Willis,DE,Kansas State,76.0,255.0,4.53,24.0,39.0,125.0,6.85,4.28,DE,40.0,3.9333333333333327,,,,,,,,,,,,,,,,,,,,,,,26.0,76.0,38.0,114.0,40.5,,
2017,3,74,BAL,False,DE,DL,D,Michigan,23.0,2025.0,0,0,3,8.0,Chris Wormley,DT,Michigan,77.0,298.0,,23.0,,,,,DL,48.0,24.4,,,,,,,,,,,,,,,,,,,,,,,18.0,61.0,62.0,123.0,33.0,,
2017,3,75,ATL,False,LB,LB,D,LSU,23.0,2024.0,0,0,2,7.0,Duke Riley,OLB,LSU,72.0,232.0,4.58,18.0,34.5,122.0,6.89,4.21,LB,43.0,25.3,,,,,,,,,,,,,,,,,,,,,,,1.5,59.0,85.0,144.0,10.0,,
2017,3,76,NOR,False,LB,LB,D,Florida,22.0,2025.0,0,0,4,8.0,Alex Anzalone,OLB,Florida,75.0,241.0,4.63,16.0,30.5,116.0,6.88,4.25,LB,24.0,15.4,,,,,,,,,,,,,,,,,,,,,,,3.0,32.0,43.0,75.0,5.0,,
2017,3,77,CAR,False,DE,DL,D,Texas A&M,22.0,2019.0,0,0,0,0.0,Daeshon Hall,DE,Texas A&M,77.0,266.0,4.76,18.0,36.0,123.0,7.03,4.38,DL,47.0,14.4,,,,,,,,,,,,,,,,,,,,,,,16.0,70.0,91.0,161.0,36.5,,
2017,3,78,BAL,False,OLB,LB,D,Alabama,23.0,2019.0,0,0,0,2.0,Tim Williams,OLB,Alabama,75.0,244.0,4.68,,33.5,124.0,7.36,4.57,LB,45.0,31.7,,,,,,,,,,,,,,,,,,,,,,,21.0,39.0,19.0,58.0,31.0,,
2017,3,79,NYJ,False,WR,WR,O,Alabama,23.0,2017.0,0,0,0,1.0,ArDarius Stewart,WR,Alabama,71.0,204.0,4.49,,34.0,124.0,,,WR,40.0,,,,,,,,,,,,,,,,,,,129.0,1713.0,13.3,12.0,42.8,,,,,,,
2017,3,80,IND,False,DE,DL,D,Ohio,23.0,2022.0,0,0,1,1.0,Tarell Basham,DE,Ohio,76.0,269.0,4.7,15.0,31.5,119.0,7.27,4.35,DL,51.0,-2.1,,,,,,,,,,,,,,,,,,,,,,,28.5,75.0,82.0,157.0,40.0,,
2017,3,81,WAS,False,CB,DB,D,UCLA,23.0,2025.0,0,0,4,8.0,Fabian Moreau,CB,UCLA,72.0,206.0,4.35,,38.0,136.0,6.94,4.12,DB,50.0,11.393333333333334,,,,,,,,,,,,,,,,,,,,,,,,,,,,3.0,23.0
2017,3,83,NWE,False,DE,DL,D,Youngstown St.,23.0,2021.0,0,0,0,2.0,Derek Rivers,DE,Youngstown State,76.0,248.0,4.61,30.0,35.0,123.0,6.94,4.4,,,,,,,,,,,,,,,,,,,,,,,,,,,,,,,,
2017,3,84,TAM,False,WR,WR,O,Penn St.,21.0,2025.0,0,1,6,53.0,Chris Godwin,WR,Penn State,73.0,209.0,4.42,19.0,36.0,126.0,7.01,4.0,WR,40.0,14.734375,,,,,,,,,,,,,,,,,,154.0,2421.0,15.7,18.0,60.5,,,,,,,
2017,3,86,KAN,False,RB,RB,O,Toledo,22.0,2025.0,0,1,3,33.0,Kareem Hunt,RB,Toledo,70.0,216.0,4.62,18.0,36.5,119.0,,,RB,44.0,6.444680851063831,,,,,,,,,,782.0,4945.0,6.3,44.0,73.0,555.0,7.6,1.0,,,,,,,,,,,,
2017,3,87,NYG,False,QB,QB,O,California,22.0,2022.0,0,0,0,1.0,Davis Webb,QB,California,77.0,229.0,4.79,,33.0,118.0,6.92,4.21,QB,35.0,5.398550724637682,841.0,1367.0,61.5,9852.0,83.0,34.0,7.2,7.3,281.5,,,,,,,,,,,,,,,,,,,,
2017,3,88,OAK,False,DT,DL,D,UCLA,22.0,2019.0,0,0,1,5.0,Eddie Vanderdoes,DT,UCLA,75.0,305.0,4.99,28.0,28.5,111.0,7.69,4.39,DE,39.0,16.009090909090908,,,,,,,,,,,,,,,,,,,,,,,4.0,69.0,55.0,124.0,13.5,,
2017,3,89,HOU,False,RB,RB,O,Texas,21.0,2024.0,0,0,1,2.0,D'Onta Foreman,RB,Texas,72.0,233.0,,18.0,,,,,RB,28.0,8.05,,,,,,,,,,433.0,2782.0,6.4,20.0,13.0,146.0,11.2,0.0,,,,,,,,,,,,
2017,3,90,SEA,False,DB,DB,D,Central Florida,22.0,2025.0,0,1,5,21.0,Shaquill Griffin,CB,Central Florida,72.0,194.0,4.38,17.0,38.5,132.0,6.87,4.14,DB,40.0,-3.1818181818181817,,,,,,,,,,,,,,,,,,,,,,,,,,,,7.0,29.0
2017,3,91,LAR,False,S,DB,D,Boston Col.,21.0,2024.0,0,0,5,19.0,John Johnson,S,Troy,73.0,205.0,4.61,14.0,37.0,119.0,6.72,4.18,CB,36.0,-2.418691588785047,,,,,,,,,,,,,,,,,,,,,,,,,,,,6.0,14.0
2017,3,92,DAL,False,CB,DB,D,Michigan,22.0,2025.0,0,0,3,23.0,Jourdan Lewis,CB,Michigan,70.0,188.0,4.54,15.0,34.5,121.0,,,DB,42.0,18.613636363636363,,,,,,,,,,,,,,,,,,,,,,,,,,,,6.0,39.0
2017,3,93,GNB,False,DT,DL,D,Auburn,22.0,2024.0,0,0,1,4.0,Montravius Adams,DT,Auburn,76.0,304.0,4.87,22.0,29.0,108.0,7.62,4.89,DT,50.0,17.27777777777778,,,,,,,,,,,,,,,,,,,,,,,11.0,79.0,72.0,151.0,21.0,,
2017,3,94,PIT,False,CB,DB,D,Tennessee,22.0,2024.0,0,0,3,16.0,Cameron Sutton,CB,Tennessee,71.0,188.0,4.52,11.0,34.0,120.0,6.81,,DB,44.0,14.860784313725487,,,,,,,,,,,,,,,,,,,,,,,,,,,,7.0,30.0
2017,3,95,SEA,False,S,DB,D,Michigan,21.0,2020.0,0,0,0,5.0,Delano Hill,S,Michigan,73.0,216.0,4.47,17.0,33.5,115.0,6.96,4.27,DB,34.0,24.4,,,,,,,,,,,,,,,,,,,,,,,,,,,,3.0,5.0
2017,3,96,DET,False,WR,WR,O,Northern Illinois,23.0,2022.0,0,1,4,23.0,Kenny Golladay,WR,Northern Illinois,76.0,218.0,4.5,18.0,35.5,120.0,7.0,4.15,WR,26.0,-1.864285714285714,,,,,,,,,,,,,,,,,,160.0,2285.0,14.3,18.0,87.9,,,,,,,
2017,4,97,MIA,False,CB,DB,D,Clemson,23.0,2020.0,0,0,1,4.0,Cordrea Tankersley,CB,Clemson,73.0,199.0,4.4,13.0,29.5,121.0,7.0,4.32,DB,45.0,27.446666666666665,,,,,,,,,,,,,,,,,,,,,,,,,,,,9.0,20.0
2017,4,98,ARI,False,WR,WR,O,Grambling St.,22.0,2019.0,0,0,1,1.0,,,,,,,,,,,,,,,,,,,,,,,,,,,,,,,,,,,,,,,,,,,
2017,4,99,PHI,False,CB,DB,D,West Virginia,22.0,2025.0,0,0,3,6.0,Rasul Douglas,CB,West Virginia,74.0,209.0,4.59,16.0,33.5,120.0,6.97,4.26,CB,23.0,11.726666666666668,,,,,,,,,,,,,,,,,,,,,,,,,,,,9.0,9.0
2017,4,100,TEN,False,TE,TE,O,Florida International,22.0,2025.0,0,1,5,10.0,Jonnu Smith,TE,Florida International,75.0,248.0,4.62,22.0,38.0,127.0,,4.18,TE,43.0,-20.986486486486488,,,,,,,,,,,,,,,,,,178.0,2001.0,11.2,18.0,46.5,,,,,,,
2017,4,101,DEN,False,CB,DB,D,Lamar,22.0,2018.0,0,0,0,1.0,,,,,,,,,,,,,,,,,,,,,,,,,,,,,,,,,,,,,,,,,,,
2017,4,102,SEA,False,DT,DL,D,North Carolina,22.0,2018.0,0,0,0,3.0,Nazair Jones,DT,North Carolina,77.0,304.0,5.11,,24.5,101.0,7.93,4.63,DT,35.0,13.27777777777778,,,,,,,,,,,,,,,,,,,,,,,5.0,71.0,74.0,145.0,21.0,,
2017,4,103,NOR,False,OLB,LB,D,Florida Atlantic,22.0,2025.0,1,4,5,10.0,Trey Hendrickson,DE,Florida Atlantic,76.0,266.0,4.65,,33.5,122.0,7.03,4.2,DE,40.0,-14.1,,,,,,,,,,,,,,,,,,,,,,,29.5,71.0,56.0,127.0,41.5,,
2017,4,104,SFO,False,QB,QB,O,Iowa,23.0,2023.0,0,0,0,8.0,C.J. Beathard,QB,Iowa,74.0,219.0,,,31.0,113.0,,,QB,41.0,10.826315789473684,454.0,782.0,58.1,5562.0,40.0,19.0,7.1,7.04,135.7,,,,,,,,,,,,,,,,,,,,
2017,4,105,PIT,False,RB,RB,O,Pittsburgh,22.0,2025.0,0,2,6,17.0,James Conner,RB,Pittsburgh,73.0,233.0,4.65,20.0,29.0,113.0,,,RB,39.0,12.16,,,,,,,,,,668.0,3733.0,5.6,52.0,30.0,412.0,13.7,4.0,,,,,,,,,,,,
2017,4,106,SEA,False,WR,WR,O,Michigan,23.0,2017.0,0,0,0,1.0,Amara Darboh,WR,Michigan,74.0,214.0,4.45,17.0,36.0,124.0,,,WR,48.0,16.65,,,,,,,,,,,,,,,,,,151.0,2062.0,13.7,14.0,43.0,,,,,,,
2017,4,107,TAM,False,ILB,LB,D,LSU,22.0,2017.0,0,0,0,5.0,Kendell Beckwith,ILB,LSU,74.0,243.0,,20.0,,,,,LB,44.0,23.5,,,,,,,,,,,,,,,,,,,,,,,7.5,124.0,139.0,263.0,24.5,,
2017,4,108,GNB,False,LB,LB,D,Wisconsin,24.0,2021.0,0,0,1,1.0,Vince Biegel,OLB,Wisconsin,75.0,246.0,4.67,21.0,33.5,118.0,6.92,4.3,LB,47.0,16.1,,,,,,,,,,,,,,,,,,,,,,,20.5,111.0,71.0,182.0,37.5,,
2017,4,109,MIN,False,DT,DL,D,Iowa,23.0,2023.0,0,0,1,12.0,Jaleel Johnson,DT,Iowa,75.0,316.0,5.38,19.0,28.0,100.0,7.64,4.62,DL,41.0,10.3,,,,,,,,,,,,,,,,,,,,,,,12.0,53.0,59.0,112.0,18.0,,
2017,4,110,JAX,False,WR,WR,O,Oklahoma,23.0,2021.0,0,0,1,13.0,Dede Westbrook,WR,Oklahoma,72.0,178.0,,,,,,,WR,26.0,25.37659574468085,,,,,,,,,,,,,,,,,,126.0,2267.0,18.0,21.0,87.2,,,,,,,
2017,4,111,SEA,False,S,DB,D,Colorado,22.0,2021.0,0,0,2,8.0,Tedric Thompson,S,Colorado,72.0,204.0,4.6,17.0,32.5,117.0,7.11,4.36,DB,46.0,1.7526315789473683,,,,,,,,,,,,,,,,,,,,,,,,,,,,13.0,26.0
2017,4,112,CHI,False,S,DB,D,Alabama,23.0,2024.0,1,2,7,45.0,Eddie Jackson,S,Alabama,72.0,201.0,,10.0,,,,,DB,40.0,21.942857142857143,,,,,,,,,,,,,,,,,,,,,,,,,,,,9.0,12.0
2017,4,113,LAC,False,S,DB,D,Miami (FL),23.0,2025.0,0,0,6,11.0,Rayshawn Jenkins,S,Miami (FL),73.0,214.0,4.51,19.0,37.0,128.0,,,DB,48.0,15.173913043478262,,,,,,,,,,,,,,,,,,,,,,,,,,,,9.0,15.0
2017,4,114,WAS,False,RB,RB,O,Oklahoma,21.0,2025.0,0,0,1,5.0,Samaje Perine,RB,Oklahoma,71.0,233.0,4.65,30.0,33.0,116.0,7.26,4.37,RB,36.0,22.97878787878788,,,,,,,,,,685.0,4122.0,6.0,49.0,40.0,321.0,8.0,2.0,,,,,,,,,,,,
2017,4,116,CIN,False,OLB,LB,D,Auburn,22.0,2025.0,0,0,2,10.0,Carl Lawson,DE,Auburn,74.0,261.0,4.67,35.0,33.0,114.0,7.46,4.19,DE,31.0,15.3,,,,,,,,,,,,,,,,,,,,,,,14.0,34.0,33.0,67.0,24.0,,
2017,4,117,LAR,False,WR,WR,O,Texas A&M,22.0,2025.0,0,0,3,9.0,Josh Reynolds,WR,Texas A&M,75.0,194.0,4.52,,37.0,124.0,6.83,4.13,WR,38.0,14.340909090909092,,,,,,,,,,,,,,,,,,164.0,2788.0,17.0,30.0,73.4,,,,,,,
2017,4,118,PHI,False,WR,WR,O,North Carolina,23.0,2025.0,0,0,2,3.0,Mack Hollins,WR,North Carolina,76.0,221.0,4.53,,,,,,WR,42.0,13.21818181818182,,,,,,,,,,,,,,,,,,81.0,1667.0,20.6,20.0,39.7,,,,,,,
2017,4,119,CHI,False,RB,RB,O,North Carolina A&T,22.0,2020.0,1,1,2,21.0,Tarik Cohen,RB,North Carolina A&T,66.0,179.0,4.42,11.0,31.5,118.0,,,,,,,,,,,,,,,,,,,,,,,,,,,,,,,,,,
2017,4,120,MIN,False,ILB,LB,D,Michigan,22.0,2019.0,0,0,1,15.0,Ben Gedeon,ILB,Michigan,74.0,244.0,4.75,27.0,34.5,119.0,6.98,4.13,LB,42.0,20.35,,,,,,,,,,,,,,,,,,,,,,,6.5,80.0,96.0,176.0,21.0,,
2017,4,123,WAS,False,S,DB,D,Michigan St.,21.0,2019.0,0,0,1,10.0,Montae Nicholson,S,Michigan State,74.0,212.0,4.42,,35.0,125.0,,,DB,38.0,10.608695652173912,,,,,,,,,,,,,,,,,,,,,,,,,,,,4.0,4.0
2017,4,124,DET,False,LB,LB,D,Tennessee,22.0,2025.0,0,1,1,15.0,Jalen Reeves-Maybin,OLB,Tennessee,72.0,230.0,,,,,,,LB,30.0,14.80909090909091,,,,,,,,,,,,,,,,,,,,,,,8.0,141.0,85.0,226.0,27.0,,
2017,4,125,LAR,False,OLB,LB,D,Eastern Washington,22.0,2025.0,0,0,6,19.0,,,,,,,,,,,,,,,,,,,,,,,,,,,,,,,,,,,,,,,,,,,
2017,4,127,DET,False,TE,TE,O,Toledo,23.0,2018.0,0,0,0,1.0,Michael Roberts,TE,Toledo,76.0,270.0,4.86,,30.0,110.0,7.05,4.51,TE,35.0,6.767567567567568,,,,,,,,,,,,,,,,,,70.0,832.0,11.9,22.0,23.8,,,,,,,
2017,4,128,CIN,False,WR,WR,O,Tennessee,21.0,2020.0,0,0,1,1.0,Josh Malone,WR,Tennessee,75.0,208.0,4.4,10.0,30.5,121.0,7.05,4.19,WR,39.0,15.05,,,,,,,,,,,,,,,,,,104.0,1608.0,15.5,14.0,41.2,,,,,,,
2017,5,129,OAK,False,T,OL,O,Florida,21.0,2025.0,0,0,0,3.0,David Sharpe,OT,Florida,78.0,343.0,5.44,19.0,20.5,97.0,7.87,4.78,OL,14.0,,,,,,,,,,,,,,,,,,,,,,,,,,,,,,
2017,5,130,HOU,False,T,OL,O,Bucknell,22.0,2021.0,0,0,2,10.0,,,,,,,,,,,,,,,,,,,,,,,,,,,,,,,,,,,,,,,,,,,
2017,5,131,NWE,False,DE,DL,D,Arkansas,23.0,2025.0,0,0,3,38.0,Deatrich Wise Jr.,DE,Arkansas,77.0,274.0,4.92,22.0,33.0,124.0,,,DL,47.0,,,,,,,,,,,,,,,,,,,,,,,,16.5,51.0,61.0,112.0,23.0,,
2017,5,133,DAL,False,WR,WR,O,North Carolina,22.0,2019.0,0,0,0,1.0,Ryan Switzer,WR,North Carolina,68.0,181.0,4.51,11.0,32.0,116.0,6.77,4.0,WR,53.0,12.266336633663368,,,,,,,,,,,,,,,,,,244.0,2912.0,11.9,19.0,54.9,,,,,,,
2017,5,134,GNB,False,RB,RB,O,BYU,22.0,2024.0,0,0,3,19.0,Jamaal Williams,RB,BYU,72.0,212.0,4.59,,30.0,123.0,7.25,4.53,RB,43.0,9.49090909090909,,,,,,,,,,726.0,3901.0,5.4,35.0,60.0,567.0,9.5,1.0,,,,,,,,,,,,
2017,5,135,PIT,False,QB,QB,O,Tennessee,22.0,2025.0,0,0,0,0.0,Joshua Dobbs,QB,Tennessee,75.0,216.0,4.64,,33.0,122.0,6.75,4.31,QB,37.0,14.181967213114756,614.0,999.0,61.5,7138.0,53.0,29.0,7.1,6.9,192.9,,,,,,,,,,,,,,,,,,,,
2017,5,136,ATL,False,G,OL,O,Oregon St.,22.0,2023.0,0,0,0,0.0,Sean Harlow,OG,Oregon State,76.0,303.0,5.15,26.0,30.5,105.0,8.16,4.81,OL,19.0,,,,,,,,,,,,,,,,,,,,,,,,,,,,,,
2017,5,138,CIN,False,DT,DL,D,Michigan,23.0,2020.0,0,0,0,3.0,Ryan Glasgow,DT,Michigan,75.0,302.0,5.13,20.0,27.5,105.0,7.55,4.5,DL,36.0,24.4,,,,,,,,,,,,,,,,,,,,,,,5.0,41.0,50.0,91.0,18.5,,
2017,5,139,KAN,False,WR,WR,O,Michigan,23.0,2018.0,0,0,0,0.0,Jehu Chesson,WR,Michigan,75.0,204.0,4.47,10.0,35.5,132.0,6.7,4.09,WR,48.0,18.01818181818182,,,,,,,,,,,,,,,,,,114.0,1639.0,14.4,12.0,34.1,,,,,,,
2017,5,140,NYG,False,RB,RB,O,Clemson,22.0,2021.0,0,0,1,11.0,Wayne Gallman,RB,Clemson,72.0,215.0,4.6,21.0,29.5,120.0,7.17,4.28,RB,42.0,24.063636363636363,,,,,,,,,,676.0,3429.0,5.1,34.0,65.0,473.0,7.3,2.0,,,,,,,,,,,,
2017,5,141,NYJ,False,WR,WR,O,California,22.0,2020.0,0,0,0,1.0,Chad Hansen,WR,California,74.0,202.0,4.53,11.0,35.0,119.0,6.74,4.13,WR,20.0,7.25,,,,,,,,,,,,,,,,,,111.0,1498.0,13.5,12.0,74.9,,,,,,,
2017,5,142,HOU,False,DT,DL,D,Clemson,23.0,2025.0,0,0,1,9.0,Carlos Watkins,DT,Clemson,75.0,309.0,,25.0,,,,,DL,50.0,27.357142857142858,,,,,,,,,,,,,,,,,,,,,,,14.0,56.0,49.0,105.0,24.0,,
2017,5,143,IND,False,RB,RB,O,South Florida,21.0,2022.0,0,0,2,19.0,Marlon Mack,RB,South Florida,71.0,213.0,4.5,15.0,35.5,125.0,,,RB,36.0,1.375757575757576,,,,,,,,,,586.0,3609.0,6.2,32.0,65.0,498.0,7.7,1.0,,,,,,,,,,,,
2017,5,144,IND,False,DT,DL,D,Albany State (GA),23.0,2025.0,0,0,6,42.0,,,,,,,,,,,,,,,,,,,,,,,,,,,,,,,,,,,,,,,,,,,
2017,5,145,DEN,False,TE,TE,O,Michigan,22.0,2020.0,0,0,0,1.0,Jake Butt,TE,Michigan,77.0,246.0,,,,,,,TE,45.0,17.45357142857143,,,,,,,,,,,,,,,,,,138.0,1646.0,11.9,11.0,36.6,,,,,,,
2017,5,146,SFO,False,TE,TE,O,Iowa,23.0,2025.0,2,7,7,60.0,George Kittle,TE,Iowa,76.0,247.0,4.52,18.0,35.0,132.0,,,TE,40.0,9.996969696969698,,,,,,,,,,,,,,,,,,48.0,737.0,15.4,10.0,18.4,,,,,,,
2017,5,148,JAX,False,LB,LB,D,Ohio,23.0,2018.0,0,0,0,3.0,Blair Brown,ILB,Ohio,71.0,238.0,4.65,,37.0,124.0,6.92,4.18,LB,43.0,-2.1,,,,,,,,,,,,,,,,,,,,,,,5.5,138.0,118.0,256.0,24.5,,
2017,5,149,ATL,False,CB,DB,D,San Diego St.,24.0,2025.0,0,0,4,12.0,Damontae Kazee,CB,San Diego State,70.0,184.0,4.54,11.0,34.0,124.0,,,DB,53.0,6.980645161290322,,,,,,,,,,,,,,,,,,,,,,,,,,,,17.0,30.0
2017,5,150,NYJ,False,TE,TE,O,Clemson,22.0,2018.0,0,0,0,1.0,Jordan Leggett,TE,Clemson,77.0,258.0,,18.0,33.0,114.0,7.12,4.33,TE,48.0,25.314285714285717,,,,,,,,,,,,,,,,,,112.0,1598.0,14.3,18.0,33.3,,,,,,,
2017,5,151,LAC,False,S,DB,D,Iowa,22.0,2024.0,1,0,4,16.0,Desmond King,S,Iowa,70.0,201.0,,14.0,34.0,117.0,6.67,4.18,DB,53.0,9.331914893617022,,,,,,,,,,,,,,,,,,,,,,,,,,,,14.0,33.0
2017,5,152,CAR,False,CB,DB,D,Miami (FL),22.0,2021.0,0,0,0,2.0,Corn Elder,CB,Miami (FL),70.0,183.0,4.55,,,,,,DB,45.0,15.352631578947369,,,,,,,,,,,,,,,,,,,,,,,,,,,,3.0,27.0
2017,5,154,WAS,False,TE,TE,O,Arkansas,23.0,2021.0,0,0,2,2.0,Jeremy Sprinkle,TE,Arkansas,77.0,252.0,4.69,,29.0,116.0,,,TE,43.0,10.25,,,,,,,,,,,,,,,,,,71.0,921.0,13.0,11.0,21.4,,,,,,,
2017,5,155,TEN,False,LB,LB,D,UCLA,22.0,2022.0,0,0,3,23.0,Jayon Brown,ILB,UCLA,72.0,231.0,4.7,17.0,31.5,120.0,,,LB,40.0,11.36315789473684,,,,,,,,,,,,,,,,,,,,,,,3.0,136.0,87.0,223.0,9.0,,
2017,5,156,ATL,False,RB,RB,O,Wyoming,21.0,2021.0,0,0,0,8.0,Brian Hill,RB,Wyoming,73.0,219.0,4.54,15.0,34.0,125.0,7.03,4.32,RB,38.0,-11.34736842105263,,,,,,,,,,775.0,4287.0,5.5,35.0,41.0,403.0,9.8,0.0,,,,,,,,,,,,
2017,5,157,ARI,False,T,OL,O,Vanderbilt,23.0,2021.0,0,0,0,3.0,Will Holden,OT,Vanderbilt,79.0,311.0,5.47,23.0,28.0,111.0,7.71,4.72,OL,12.0,,,,,,,,,,,,,,,,,,,,,,,,,,,,,,
2017,5,158,IND,False,CB,DB,D,Temple,23.0,2022.0,0,0,1,5.0,Nate Hairston,CB,Temple,72.0,196.0,4.52,14.0,35.5,118.0,,,DB,28.0,,,,,,,,,,,,,,,,,,,,,,,,,,,,,2.0,4.0
2017,5,159,BAL,False,G,OL,O,Texas A&M,22.0,2025.0,0,0,3,2.0,Jermaine Eluemunor,OG,Texas A&M,76.0,332.0,5.22,34.0,,,,,OL,13.0,,,,,,,,,,,,,,,,,,,,,,,,,,,,,,
2017,6,161,IND,False,LB,LB,D,Northwestern,22.0,2025.0,0,0,5,22.0,Anthony Walker Jr.,ILB,Northwestern,73.0,238.0,4.65,23.0,30.5,116.0,7.23,4.34,LB,38.0,2.1545454545454543,,,,,,,,,,,,,,,,,,,,,,,6.5,155.0,123.0,278.0,39.5,,
2017,6,163,BUF,False,LB,LB,D,Boston Col.,23.0,2025.0,1,1,4,57.0,Matt Milano,OLB,Boston Col.,72.0,223.0,4.67,24.0,35.0,126.0,,,LB,37.0,1.5249999999999997,,,,,,,,,,,,,,,,,,,,,,,14.0,104.0,32.0,136.0,31.5,,
2017,6,164,MIA,False,G,OL,O,Utah,24.0,2018.0,0,0,0,0.0,Isaac Asiata,OG,Utah,75.0,323.0,5.34,35.0,25.5,102.0,7.83,4.93,OL,26.0,10.9,,,,,,,,,,,,,,,,,,,,,,,,,,,,,
2017,6,165,DET,False,CB,DB,D,San Diego,22.0,2025.0,1,1,0,13.0,,,,,,,,,,,,,,,,,,,,,,,,,,,,,,,,,,,,,,,,,,,
2017,6,166,PHI,False,WR,WR,O,West Virginia,23.0,2019.0,0,0,0,0.0,Shelton Gibson,WR,West Virginia,71.0,191.0,4.5,8.0,32.0,118.0,6.83,4.2,WR,38.0,10.99047619047619,,,,,,,,,,,,,,,,,,84.0,1898.0,22.6,17.0,49.9,,,,,,,
2017,6,167,NYG,False,DE,DL,D,Youngstown St.,22.0,2019.0,0,0,1,2.0,Avery Moss,DE,Youngstown State,75.0,264.0,4.79,14.0,32.5,114.0,7.25,4.43,,,,,,,,,,,,,,,,,,,,,,,,,,,,,,,,
2017,6,168,OAK,False,LB,LB,D,Wake Forest,21.0,2021.0,0,0,1,9.0,Marquel Lee,ILB,Wake Forest,75.0,240.0,,25.0,31.0,118.0,,,LB,46.0,-0.6,,,,,,,,,,,,,,,,,,,,,,,14.5,143.0,148.0,291.0,42.0,,
2017,6,169,HOU,False,S,DB,D,Oregon St.,24.0,2018.0,0,0,0,1.0,Treston DeCoud,CB,Oregon State,74.0,206.0,4.62,11.0,31.0,116.0,,,CB,23.0,-4.6,,,,,,,,,,,,,,,,,,,,,,,,,,,,2.0,15.0
2017,6,171,BUF,False,QB,QB,O,Pittsburgh,23.0,2023.0,0,0,0,2.0,Nathan Peterman,QB,Pittsburgh,74.0,226.0,4.82,,31.0,110.0,7.14,4.31,QB,36.0,11.029411764705882,398.0,663.0,60.0,5236.0,47.0,17.0,7.9,8.16,145.4,,,,,,,,,,,,,,,,,,,,
2017,6,172,DEN,False,WR,WR,O,Georgia,22.0,2023.0,0,0,2,0.0,Isaiah McKenzie,WR,Georgia,67.0,173.0,4.42,11.0,36.0,123.0,6.64,4.15,WR,35.0,16.67142857142857,,,,,,,,,,,,,,,,,,60.0,823.0,13.7,7.0,23.5,,,,,,,
2017,6,173,PIT,False,DB,DB,D,Utah,23.0,2021.0,0,0,0,1.0,Brian Allen,CB,Utah,75.0,215.0,4.48,15.0,34.5,117.0,6.64,4.34,DB,26.0,10.926666666666668,,,,,,,,,,,,,,,,,,,,,,,,,,,,5.0,9.0
2017,6,174,ATL,False,TE,TE,O,Drake,23.0,2025.0,0,0,0,0.0,Eric Saubert,TE,Drake,77.0,253.0,,22.0,33.0,121.0,,,,,,,,,,,,,,,,,,,,,,,,,,,,,,,,,,
2017,6,177,SFO,False,WR,WR,O,Louisiana Tech,23.0,2024.0,0,0,0,6.0,Trent Taylor,WR,Louisiana Tech,68.0,181.0,4.63,13.0,33.0,117.0,6.74,4.01,WR,51.0,1.3081081081081083,,,,,,,,,,,,,,,,,,327.0,4179.0,12.8,32.0,81.9,,,,,,,
2017,6,178,MIA,False,DT,DL,D,LSU,22.0,2025.0,0,0,6,12.0,Davon Gaudchaux,DT,LSU,75.0,310.0,5.27,18.0,,,,,DT,35.0,,,,,,,,,,,,,,,,,,,,,,,,12.5,51.0,88.0,139.0,19.0,,
2017,6,179,ARI,False,RB,RB,O,North Carolina,23.0,2019.0,0,0,0,0.0,T.J. Logan,RB,North Carolina,69.0,196.0,4.37,17.0,33.5,121.0,,,RB,49.0,12.9,,,,,,,,,,398.0,2165.0,5.4,19.0,76.0,663.0,8.7,4.0,,,,,,,,,,,,
2017,6,180,MIN,False,G,OL,O,Miami (FL),23.0,2021.0,0,0,0,3.0,Danny Isidora,OG,Miami (FL),75.0,306.0,5.03,26.0,29.0,94.0,8.13,4.9,OL,25.0,18.6,,,,,,,,,,,,,,,,,,,,,,,,,,,,,
2017,6,181,NYJ,False,DL,DL,D,West Georgia,25.0,2017.0,0,0,0,0.0,Dylan Donahue,OLB,West Georgia,75.0,248.0,4.75,26.0,29.5,116.0,7.02,4.46,,,,,,,,,,,,,,,,,,,,,,,,,,,,,,,,
2017,6,182,GNB,False,RB,RB,O,Texas-El Paso,22.0,2025.0,0,1,7,55.0,Aaron Jones,RB,Texas-El Paso,69.0,208.0,4.56,16.0,37.5,127.0,6.82,4.2,RB,35.0,-8.3989898989899,,,,,,,,,,658.0,4114.0,6.3,33.0,71.0,646.0,9.1,7.0,,,,,,,,,,,,
2017,6,183,KAN,False,LB,LB,D,Georgia Southern,23.0,2018.0,0,0,0,1.0,,,,,,,,,,,,LB,23.0,-3.9,,,,,,,,,,,,,,,,,,,,,,,4.5,81.0,47.0,128.0,12.5,,
2017,6,184,PHI,False,S,DB,D,Nebraska,22.0,2022.0,0,0,1,18.0,Nate Gerry,S,Nebraska,74.0,218.0,4.58,17.0,30.5,122.0,,,DB,48.0,11.057894736842105,,,,,,,,,,,,,,,,,,,,,,,,,,,,13.0,19.0
2017,6,185,CLE,False,DT,DL,D,Florida,23.0,2019.0,0,0,0,2.0,Caleb Brantley,DT,Florida,75.0,307.0,5.14,21.0,27.0,105.0,7.66,4.62,DL,38.0,15.4,,,,,,,,,,,,,,,,,,,,,,,5.5,30.0,51.0,81.0,20.0,,
2017,6,186,BAL,False,DB,DB,D,Virginia Tech,22.0,2025.0,0,0,5,27.0,Chuck Clark,S,Virginia Tech,72.0,208.0,4.54,16.0,34.0,122.0,6.85,4.07,S,50.0,12.213333333333331,,,,,,,,,,,,,,,,,,,,,,,,,,,,2.0,21.0
2017,6,188,NYJ,False,RB,RB,O,Louisiana,23.0,2018.0,0,0,0,6.0,Elijah McGuire,RB,Louisiana,70.0,214.0,4.53,15.0,36.0,120.0,7.26,4.56,RB,51.0,-5.868831168831169,,,,,,,,,,711.0,4312.0,6.1,42.0,129.0,1383.0,10.7,10.0,,,,,,,,,,,,
2017,6,189,LAR,False,DT,DL,D,Tulane,22.0,2023.0,0,0,0,4.0,Tanzel Smart,DT,Tulane,73.0,296.0,5.24,22.0,27.0,105.0,7.53,4.57,DT,44.0,-14.6,,,,,,,,,,,,,,,,,,,,,,,9.5,104.0,86.0,190.0,40.5,,
2017,6,190,LAC,False,T,OL,O,Utah,22.0,2020.0,0,0,3,23.0,Sam Tevi,OT,Utah,77.0,311.0,5.27,15.0,26.0,107.0,7.84,4.6,T,12.0,,,,,,,,,,,,,,,,,,,,,,,,,,,,,,
2017,6,191,DAL,False,S,DB,D,Louisiana Tech,22.0,2025.0,0,0,7,16.0,Xavier Woods,S,Louisiana Tech,71.0,197.0,4.54,19.0,33.5,122.0,6.72,4.13,DB,53.0,3.1842105263157894,,,,,,,,,,,,,,,,,,,,,,,,,,,,14.0,18.0
2017,6,192,CAR,False,FB,RB,O,West Georgia,23.0,2023.0,0,0,0,0.0,,,,,,,,,,,,,,,,,,,,,,,,,,,,,,,,,,,,,,,,,,,
2017,7,193,CIN,False,LB,LB,D,Oklahoma,22.0,2021.0,0,0,0,9.0,,,,,,,,,,,,LB,39.0,24.56666666666667,,,,,,,,,,,,,,,,,,,,,,,3.5,153.0,107.0,260.0,21.5,,
2017,7,194,MIA,False,DT,DL,D,Oklahoma St.,23.0,2021.0,0,0,0,2.0,Vincent Taylor,DT,Oklahoma State,75.0,304.0,5.07,26.0,28.5,108.0,7.58,4.72,DT,36.0,16.4,,,,,,,,,,,,,,,,,,,,,,,12.0,66.0,46.0,112.0,22.5,,
2017,7,195,BUF,False,LB,LB,D,Boise St.,22.0,2022.0,0,0,0,1.0,Tanner Vallejo,ILB,Boise State,73.0,228.0,4.67,,33.5,121.0,,4.39,LB,44.0,11.66190476190476,,,,,,,,,,,,,,,,,,,,,,,5.5,163.0,113.0,276.0,36.0,,
2017,7,196,NOR,False,DE,DL,D,Miami (FL),22.0,2025.0,0,0,1,0.0,Al-Quadin Muhammad,DE,Miami (FL),75.0,253.0,4.88,22.0,30.5,117.0,7.25,4.47,DE,17.0,,,,,,,,,,,,,,,,,,,,,,,,7.0,39.0,21.0,60.0,10.5,,
2017,7,197,NYJ,False,CB,DB,D,Michigan,23.0,2018.0,0,0,0,0.0,Jeremy Clark,CB,Michigan,75.0,220.0,,20.0,,,,,DB,28.0,1.0519999999999998,,,,,,,,,,,,,,,,,,,,,,,,,,,,3.0,7.0
2017,7,198,SFO,False,DT,DL,D,Mississippi,22.0,2025.0,0,0,6,20.0,D.J. Jones,DT,Akron,73.0,319.0,5.04,25.0,28.5,108.0,7.73,4.65,DT,25.0,2.4227272727272724,,,,,,,,,,,,,,,,,,,,,,,6.0,34.0,36.0,70.0,8.5,,
2017,7,199,WAS,False,C,OL,O,Wyoming,24.0,2022.0,0,0,4,24.0,Chase Roullier,C,Wyoming,76.0,312.0,5.54,19.0,26.5,97.0,7.6,4.47,C,25.0,,,,,,,,,,,,,,,,,,,,,,,,,,,,,,
2017,7,200,NYG,False,T,OL,O,Pittsburgh,23.0,2017.0,0,0,0,0.0,Adam Bisnowaty,OT,Pittsburgh,78.0,304.0,5.23,23.0,29.5,96.0,8.02,4.94,OL,12.0,,,,,,,,,,,,,,,,,,,,,,,,,,,,,,
2017,7,202,SFO,False,OLB,LB,D,Utah,23.0,2021.0,0,0,0,0.0,Pita Taumoepenu,OLB,Utah,73.0,243.0,4.67,24.0,28.5,112.0,6.91,4.33,DE,26.0,10.9,,,,,,,,,,,,,,,,,,,,,,,15.0,35.0,15.0,50.0,18.0,,
2017,7,203,DEN,False,RB,RB,O,Coastal Carolina,24.0,2018.0,0,0,0,0.0,,,,,,,,,,,,,,,,,,,,,,,,,,,,,,,,,,,,,,,,,,,
2017,7,204,NYJ,False,CB,DB,D,Mississippi,22.0,2018.0,0,0,0,0.0,,,,,,,,,,,,WR,22.0,17.85238095238095,,,,,,,,,,,,,,,,,,6.0,120.0,20.0,1.0,5.5,,,,,,,
2017,7,205,DET,False,DE,DL,D,Arkansas,23.0,2024.0,0,0,0,1.0,Jeremiah Ledbetter,DT,Arkansas,75.0,280.0,4.84,29.0,32.5,113.0,7.55,4.56,DL,26.0,7.9,,,,,,,,,,,,,,,,,,,,,,,7.5,41.0,63.0,104.0,15.0,,
2017,7,207,CIN,False,RB,RB,O,Houston,23.0,2021.0,0,0,0,6.0,,,,,,,,,,,,DB,41.0,8.615068493150684,,,,,,,,,,,,,,,,,,,,,,,,,,,,2.0,15.0
2017,7,208,ARI,False,S,DB,D,Auburn,22.0,2023.0,0,0,1,2.0,Johnathan Ford,S,Auburn,71.0,205.0,,20.0,,,,,DB,26.0,,,,,,,,,,,,,,,,,,,,,,,,,,,,,5.0,3.0
2017,7,209,WAS,False,WR,WR,O,Georgia St.,22.0,2019.0,0,0,0,0.0,Robert Davis,WR,Georgia State,75.0,219.0,4.44,19.0,41.0,136.0,6.82,4.28,WR,49.0,-10.2,,,,,,,,,,,,,,,,,,222.0,3391.0,15.3,17.0,69.2,,,,,,,
2017,7,211,NWE,False,T,OL,O,UCLA,24.0,2023.0,0,0,0,5.0,Conor McDermott,OT,UCLA,80.0,307.0,5.18,,28.5,105.0,7.52,4.58,OL,12.0,20.3,,,,,,,,,,,,,,,,,,,,,,,,,,,,,
2017,7,214,PHI,False,DT,DL,D,Washington,22.0,2017.0,0,0,0,1.0,Elijah Qualls,DT,Washington,73.0,313.0,5.13,33.0,31.5,105.0,7.65,4.66,DL,38.0,26.7,,,,,,,,,,,,,,,,,,,,,,,7.5,42.0,35.0,77.0,11.5,,
2017,7,217,TEN,False,OL,OL,O,Chattanooga,23.0,2025.0,0,0,0,7.0,Corey Levin,OG,Tenn-Chattanooga,76.0,307.0,5.16,26.0,26.5,106.0,7.55,4.73,,,,,,,,,,,,,,,,,,,,,,,,,,,,,,,,
2017,7,218,KAN,False,S,DB,D,USC,22.0,2017.0,0,0,0,0.0,,,,,,,,,,,,CB,43.0,22.104166666666668,,,,,,,,,,,,,,,,,,,,,,,,,,,,5.0,17.0
2017,7,219,MIN,False,WR,WR,O,Miami (FL),23.0,2018.0,0,0,0,0.0,Stacy Coley,WR,Miami (FL),73.0,195.0,4.45,10.0,34.0,122.0,,,WR,48.0,14.98805970149254,,,,,,,,,,,,,,,,,,167.0,2222.0,13.3,20.0,46.3,,,,,,,
2017,7,220,MIN,False,DL,DL,D,Northwestern,23.0,2022.0,0,0,1,9.0,Ifeadi Odenigbo,DE,Northwestern,75.0,258.0,4.72,25.0,31.5,128.0,7.26,4.4,DL,34.0,2.9,,,,,,,,,,,,,,,,,,,,,,,13.5,25.0,14.0,39.0,14.5,,
2017,7,221,OAK,False,S,DB,D,Washington St.,23.0,2019.0,0,0,0,1.0,Shalom Luani,S,Washington State,71.0,202.0,4.55,12.0,31.0,116.0,6.87,4.21,S,25.0,5.417391304347826,,,,,,,,,,,,,,,,,,,,,,,,,,,,8.0,12.0
2017,7,222,JAX,False,CB,DB,D,Minnesota,22.0,2017.0,0,0,0,0.0,Jalen Myrick,CB,Minnesota,70.0,200.0,4.28,13.0,37.5,124.0,7.06,4.22,DB,47.0,9.5531914893617,,,,,,,,,,,,,,,,,,,,,,,,,,,,5.0,21.0
2017,7,224,CLE,False,K,K,S,Arizona St.,22.0,2025.0,0,0,0,1.0,Zane Gonzalez,K,Arizona State,72.0,202.0,,,,,,,,,,,,,,,,,,,,,,,,,,,,,,,,,,,,,,
2017,7,225,LAC,False,DT,DL,D,Notre Dame,22.0,2023.0,0,0,0,8.0,Isaac Rochell,DE,Notre Dame,76.0,280.0,4.89,25.0,31.5,114.0,,,DL,42.0,15.7,,,,,,,,,,,,,,,,,,,,,,,4.5,84.0,84.0,168.0,22.0,,
2017,7,226,SEA,False,WR,WR,O,East Central (OK),22.0,2025.0,0,0,2,12.0,,,,,,,,,,,,,,,,,,,,,,,,,,,,,,,,,,,,,,,,,,,
2017,7,227,TEN,False,OLB,LB,D,TCU,23.0,2017.0,0,0,0,0.0,Josh Carraway,DE,TCU,75.0,242.0,4.74,25.0,29.5,120.0,7.2,4.44,DL,43.0,15.47272727272727,,,,,,,,,,,,,,,,,,,,,,,19.0,64.0,69.0,133.0,27.5,,
2017,7,229,SFO,False,DB,DB,D,Miami (FL),23.0,2024.0,0,0,1,5.0,,,,,,,,,,,,S,40.0,14.655,,,,,,,,,,,,,,,,,,,,,,,,,,,,2.0,4.0
2017,7,230,WAS,False,S,DB,D,Louisville,23.0,2019.0,0,0,0,4.0,Josh Harvey-Clemons,S,Louisville,76.0,217.0,,12.0,31.5,121.0,,,DB,47.0,20.9,,,,,,,,,,,,,,,,,,,,,,,,,,,,4.0,11.0
2017,7,231,OAK,False,T,OL,O,Alabama St.,23.0,2017.0,0,0,0,0.0,,,,,,,,,,,,,,,,,,,,,,,,,,,,,,,,,,,,,,,,,,,
2017,7,234,LAR,False,DE,DL,D,Pittsburgh,24.0,2017.0,0,0,0,0.0,Ejuan Price,OLB,Pittsburgh,71.0,241.0,4.84,20.0,31.5,117.0,,4.34,LB,45.0,13.1,,,,,,,,,,,,,,,,,,,,,,,29.5,92.0,51.0,143.0,53.0,,
2017,7,235,WAS,False,DB,DB,D,Auburn,23.0,2018.0,0,0,0,1.0,,,,,,,,,,,,DB,44.0,17.94,,,,,,,,,,,,,,,,,,,,,,,,,,,,4.0,19.0
2017,7,237,MIA,False,WR,WR,O,Virginia Tech,21.0,2021.0,0,0,0,5.0,Isaiah Ford,WR,Virginia Tech,73.0,194.0,4.61,14.0,35.5,127.0,6.94,4.34,WR,40.0,11.466666666666663,,,,,,,,,,,,,,,,,,210.0,2967.0,14.1,24.0,74.2,,,,,,,
2017,7,238,GNB,False,RB,RB,O,Utah St.,23.0,2017.0,0,0,0,0.0,,,,,,,,,,,,RB,19.0,-2.25,,,,,,,,,,202.0,1225.0,6.1,12.0,2.0,17.0,8.5,0.0,,,,,,,,,,,,
2017,7,239,DAL,False,WR,WR,O,Ohio St.,21.0,2025.0,0,0,2,9.0,Noah Brown,WR,Ohio State,74.0,222.0,,19.0,,,7.07,4.33,WR,24.0,13.075675675675676,,,,,,,,,,,,,,,,,,33.0,411.0,12.5,7.0,17.1,,,,,,,
2017,7,242,OAK,False,RB,RB,O,North Carolina,21.0,2017.0,0,0,0,0.0,Elijah Hood,RB,North Carolina,72.0,232.0,,18.0,,,,,RB,34.0,12.95,,,,,,,,,,431.0,2580.0,6.0,29.0,40.0,211.0,5.3,0.0,,,,,,,,,,,,
2017,7,243,HOU,False,C,OL,O,Baylor,23.0,2022.0,0,0,0,1.0,Kyle Fuller,C,Baylor,77.0,307.0,5.24,23.0,26.0,96.0,7.71,4.84,OL,15.0,14.704545454545457,,,,,,,,,,,,,,,,,,,,,,,,,,,,,
2017,7,244,OAK,False,DT,DL,D,Toledo,24.0,2019.0,0,0,0,1.0,Treyvon Hester,DT,Toledo,74.0,300.0,,,,,,,DT,47.0,12.3,,,,,,,,,,,,,,,,,,,,,,,13.0,77.0,84.0,161.0,31.5,,
2017,7,249,SEA,False,RB,RB,O,Oklahoma St.,22.0,2021.0,0,0,3,29.0,Chris Carson,RB,Oklahoma State,72.0,218.0,4.58,23.0,37.0,130.0,,,RB,21.0,13.413513513513513,,,,,,,,,,213.0,1076.0,5.1,13.0,30.0,298.0,9.9,1.0,,,,,,,,,,,,
2017,7,250,DET,False,DE,DL,D,Eastern Michigan,23.0,2025.0,0,0,0,1.0,,,,,,,,,,,,DL,48.0,-8.2,,,,,,,,,,,,,,,,,,,,,,,20.0,68.0,98.0,166.0,33.5,,
2017,7,251,CIN,False,TE,TE,O,Buffalo,23.0,2022.0,0,0,0,0.0,,,,,,,,,,,,TE,39.0,-12.458823529411765,,,,,,,,,,,,,,,,,,107.0,1113.0,10.4,6.0,28.5,,,,,,,
2017,7,252,CLE,False,RB,RB,O,North Carolina St.,23.0,2018.0,0,0,0,0.0,Matthew Dayes,RB,North Carolina State,69.0,205.0,4.47,18.0,28.0,109.0,,,RB,45.0,,,,,,,,,,,550.0,2856.0,5.2,34.0,98.0,933.0,9.5,6.0,,,,,,,,,,,,
2017,7,253,DEN,False,QB,QB,O,Mississippi,23.0,2018.0,0,0,0,0.0,,,,,,,,,,,,QB,27.0,13.554929577464788,513.0,803.0,63.9,6858.0,50.0,21.0,8.5,8.61,254.0,,,,,,,,,,,,,,,,,,,,
2018,1,1,CLE,False,QB,QB,O,Oklahoma,23.0,2025.0,0,2,6,35.0,Baker Mayfield,QB,Oklahoma,73.0,215.0,4.84,,29.0,111.0,7.0,4.28,QB,48.0,23.03636363636364,1026.0,1497.0,68.5,14607.0,131.0,30.0,9.8,10.61,304.3,,,,,,,,,,,,,,,,,,,,
2018,1,2,NYG,False,RB,RB,O,Penn St.,21.0,2025.0,1,3,6,40.0,Saquon Barkley,RB,Penn State,72.0,233.0,4.4,29.0,41.0,,,4.24,RB,38.0,21.210526315789476,,,,,,,,,,671.0,3843.0,5.7,43.0,102.0,1195.0,11.7,8.0,,,,,,,,,,,,
2018,1,3,NYJ,False,QB,QB,O,USC,21.0,2025.0,0,2,5,14.0,Sam Darnold,QB,USC,75.0,221.0,4.85,,26.5,105.0,6.96,4.4,QB,27.0,20.75,549.0,846.0,64.9,7229.0,57.0,22.0,8.5,8.72,267.7,,,,,,,,,,,,,,,,,,,,
2018,1,4,CLE,False,CB,DB,D,Ohio St.,21.0,2025.0,0,5,7,49.0,Denzel Ward,CB,Ohio State,70.0,183.0,4.32,16.0,39.0,136.0,,,CB,37.0,28.313043478260862,,,,,,,,,,,,,,,,,,,,,,,,,,,,2.0,24.0
2018,1,5,DEN,False,DE,DL,D,North Carolina St.,22.0,2025.0,0,2,3,25.0,Bradley Chubb,DE,North Carolina State,76.0,269.0,4.65,24.0,36.0,121.0,7.37,4.41,DE,49.0,10.604761904761906,,,,,,,,,,,,,,,,,,,,,,,26.0,103.0,101.0,204.0,60.0,,
2018,1,6,IND,False,G,OL,O,Notre Dame,22.0,2025.0,3,8,7,79.0,Quenton Nelson,OG,Notre Dame,77.0,325.0,,35.0,26.5,105.0,7.65,4.62,OL,36.0,18.25,,,,,,,,,,,,,,,,,,,,,,,,,,,,,
2018,1,7,BUF,False,QB,QB,O,Wyoming,22.0,2025.0,0,4,7,111.0,Josh Allen,QB,Wyoming,77.0,237.0,4.75,,33.5,119.0,6.9,4.4,QB,27.0,-3.3159574468085107,365.0,649.0,56.2,5066.0,44.0,21.0,7.8,7.71,187.6,,,,,,,,,,,,,,,,,,,,
2018,1,8,CHI,False,ILB,LB,D,Georgia,21.0,2025.0,3,4,7,37.0,Roquan Smith,OLB,Georgia,73.0,236.0,4.51,,,,,,LB,40.0,18.0,,,,,,,,,,,,,,,,,,,,,,,6.5,146.0,106.0,252.0,20.5,,
2018,1,9,SFO,False,T,OL,O,Notre Dame,24.0,2025.0,0,0,6,31.0,Mike McGlinchey,OT,Notre Dame,80.0,309.0,,24.0,28.5,105.0,,,OL,49.0,18.675,,,,,,,,,,,,,,,,,,,,,,,,,,,,,
2018,1,10,ARI,False,QB,QB,O,UCLA,21.0,2021.0,0,0,1,2.0,Josh Rosen,QB,UCLA,76.0,226.0,4.92,,31.0,111.0,7.09,4.28,QB,30.0,10.52909090909091,712.0,1170.0,60.9,9341.0,59.0,26.0,8.0,7.99,311.4,,,,,,,,,,,,,,,,,,,,
2018,1,11,MIA,False,S,DB,D,Alabama,21.0,2025.0,3,5,6,7.0,Minkah Fitzpatrick,DB,Alabama,73.0,201.0,4.46,14.0,33.0,121.0,,,DB,42.0,31.825000000000003,,,,,,,,,,,,,,,,,,,,,,,,,,,,9.0,26.0
2018,1,12,TAM,False,DT,DL,D,Washington,23.0,2025.0,0,2,5,51.0,Vita Vea,DT,Washington,76.0,347.0,5.1,41.0,,,,,DL,40.0,23.794736842105262,,,,,,,,,,,,,,,,,,,,,,,9.5,66.0,34.0,100.0,15.0,,
2018,1,13,WAS,False,DT,DL,D,Alabama,21.0,2025.0,0,1,7,53.0,Daron Payne,DT,Alabama,74.0,311.0,4.95,27.0,28.5,107.0,7.58,4.71,DL,44.0,,,,,,,,,,,,,,,,,,,,,,,,3.0,39.0,63.0,102.0,5.0,,
2018,1,14,NOR,False,DE,DL,D,Texas-San Antonio,22.0,2025.0,0,0,2,18.0,Marcus Davenport,DE,Texas-San Antonio,78.0,264.0,4.58,22.0,33.5,124.0,7.2,4.41,DE,46.0,-6.85,,,,,,,,,,,,,,,,,,,,,,,21.5,100.0,86.0,186.0,37.0,,
2018,1,15,OAK,False,T,OL,O,UCLA,23.0,2025.0,0,0,7,42.0,Kolton Miller,OT,UCLA,81.0,309.0,4.95,24.0,31.5,121.0,7.34,4.49,OL,26.0,4.9,,,,,,,,,,,,,,,,,,,,,,,,,,,,,
2018,1,16,BUF,False,ILB,LB,D,Virginia Tech,20.0,2025.0,0,2,7,44.0,Tremaine Edmunds,LB,Virginia Tech,77.0,253.0,4.54,19.0,,117.0,,,LB,40.0,14.9,,,,,,,,,,,,,,,,,,,,,,,10.0,122.0,104.0,226.0,35.0,,
2018,1,17,LAC,False,S,DB,D,Florida St.,22.0,2025.0,1,5,5,46.0,Derwin James,S,Florida State,75.0,215.0,4.47,21.0,40.0,132.0,,,DB,27.0,23.275,,,,,,,,,,,,,,,,,,,,,,,,,,,,3.0,15.0
2018,1,18,GNB,False,CB,DB,D,Louisville,21.0,2025.0,0,2,5,34.0,Jaire Alexander,CB,Louisville,71.0,192.0,4.38,14.0,35.0,127.0,6.71,3.98,CB,31.0,19.910204081632653,,,,,,,,,,,,,,,,,,,,,,,,,,,,7.0,15.0
2018,1,19,DAL,False,OLB,LB,D,Boise St.,21.0,2023.0,0,1,5,35.0,Leighton Vander esch,ILB,Boise State,76.0,256.0,4.65,20.0,39.5,124.0,6.88,4.15,LB,32.0,10.57777777777778,,,,,,,,,,,,,,,,,,,,,,,5.0,128.0,60.0,188.0,13.0,,
2018,1,20,DET,False,C,OL,O,Arkansas,22.0,2024.0,0,4,6,51.0,Frank Ragnow,C,Arkansas,77.0,312.0,,26.0,,,,,OL,26.0,7.9,,,,,,,,,,,,,,,,,,,,,,,,,,,,,
2018,1,21,CIN,False,C,OL,O,Ohio St.,23.0,2022.0,0,0,3,9.0,Billy Price,C,Ohio State,76.0,305.0,,,,,,,OL,27.0,30.9,,,,,,,,,,,,,,,,,,,,,,,,,,,,,
2018,1,22,TEN,False,ILB,LB,D,Alabama,22.0,2024.0,0,0,4,25.0,Rashaan Evans,LB,Alabama,75.0,232.0,,,30.0,116.0,6.95,4.36,LB,53.0,32.6,,,,,,,,,,,,,,,,,,,,,,,15.0,85.0,67.0,152.0,23.5,,
2018,1,23,NWE,False,T,OL,O,Georgia,22.0,2024.0,0,0,3,19.0,Isaiah Wynn,OG,Georgia,75.0,313.0,,,,,,,G,25.0,9.3,,,,,,,,,,,,,,,,,,,,,,,,,,,,,
2018,1,24,CAR,False,WR,WR,O,Maryland,21.0,2025.0,0,0,7,36.0,D.J. Moore,WR,Maryland,72.0,210.0,4.42,15.0,39.5,132.0,6.95,4.07,WR,37.0,-2.665,,,,,,,,,,,,,,,,,,146.0,2027.0,13.9,17.0,54.8,,,,,,,
2018,1,25,BAL,False,TE,TE,O,South Carolina,25.0,2024.0,0,0,1,6.0,Hayden Hurst,TE,South Carolina,76.0,250.0,4.67,,31.5,120.0,7.19,4.37,TE,38.0,2.041509433962264,,,,,,,,,,,,,,,,,,100.0,1281.0,12.8,3.0,33.7,,,,,,,
2018,1,26,ATL,False,WR,WR,O,Alabama,23.0,2025.0,0,0,4,24.0,Calvin Ridley,WR,Alabama,72.0,189.0,4.43,15.0,31.0,110.0,6.88,4.41,WR,44.0,31.5,,,,,,,,,,,,,,,,,,224.0,2781.0,12.4,19.0,63.2,,,,,,,
2018,1,27,SEA,False,RB,RB,O,San Diego St.,22.0,2023.0,0,0,0,13.0,Rashaad Penny,RB,San Diego State,71.0,220.0,4.46,13.0,32.5,120.0,,,RB,54.0,6.875,,,,,,,,,,488.0,3656.0,7.5,38.0,42.0,479.0,11.4,6.0,,,,,,,,,,,,
2018,1,28,PIT,False,S,DB,D,Virginia Tech,21.0,2025.0,0,0,5,25.0,Terrell Edmunds,S,Virginia Tech,74.0,220.0,4.47,,41.5,134.0,,,LB,27.0,13.5525,,,,,,,,,,,,,,,,,,,,,,,0.0,61.0,62.0,123.0,4.0,,
2018,1,29,JAX,False,DT,DL,D,Florida,22.0,2025.0,0,0,4,10.0,Taven Bryan,DT,Florida,76.0,291.0,4.98,30.0,35.0,119.0,7.12,4.48,DL,36.0,13.35,,,,,,,,,,,,,,,,,,,,,,,5.5,31.0,36.0,67.0,10.5,,
2018,1,30,MIN,False,CB,DB,D,Central Florida,21.0,2025.0,0,0,1,4.0,Mike Hughes,CB,Central Florida,71.0,191.0,4.53,20.0,35.5,127.0,6.7,4.13,CB,26.0,15.117241379310345,,,,,,,,,,,,,,,,,,,,,,,,,,,,4.0,14.0
2018,1,31,NWE,False,RB,RB,O,Georgia,23.0,2022.0,0,0,2,15.0,Sony Michel,RB,Georgia,71.0,214.0,4.54,22.0,,,,4.21,RB,47.0,20.96666666666667,,,,,,,,,,591.0,3638.0,6.2,33.0,64.0,621.0,9.7,6.0,,,,,,,,,,,,
2018,1,32,BAL,False,QB,QB,O,Louisville,21.0,2025.0,3,4,6,110.0,Lamar Jackson,QB,Louisville,74.0,216.0,,,,,,,QB,38.0,12.97,619.0,1086.0,57.0,9043.0,69.0,27.0,8.3,8.48,238.0,,,,,,,,,,,,,,,,,,,,
2018,2,33,CLE,False,C,OL,O,Nevada,23.0,2025.0,0,0,4,1.0,Austin Corbett,OG,Nevada,76.0,306.0,5.15,19.0,28.0,106.0,7.87,4.5,OL,25.0,-16.4,,,,,,,,,,,,,,,,,,,,,,,,,,,,,
2018,2,34,NYG,False,G,OL,O,Texas-El Paso,23.0,2025.0,0,0,5,22.0,Will Hernandez,OG,Texas-El Paso,74.0,327.0,5.15,37.0,24.0,104.0,7.59,4.7,OL,12.0,,,,,,,,,,,,,,,,,,,,,,,,,,,,,,
2018,2,35,CLE,False,RB,RB,O,Georgia,22.0,2025.0,0,4,5,47.0,Nick Chubb,RB,Georgia,71.0,227.0,4.52,29.0,38.5,128.0,7.09,4.25,RB,47.0,19.346511627906978,,,,,,,,,,758.0,4769.0,6.3,44.0,31.0,361.0,11.6,4.0,,,,,,,,,,,,
2018,2,36,IND,False,LB,LB,D,South Carolina St.,23.0,2023.0,3,3,5,59.0,Darius Leonard,OLB,South Carolina State,74.0,234.0,4.7,17.0,,,,,,,,,,,,,,,,,,,,,,,,,,,,,,,,,,,,
2018,2,37,IND,False,G,OL,O,Auburn,22.0,2025.0,0,0,7,45.0,Braden Smith,OG,Auburn,78.0,315.0,5.22,35.0,33.5,113.0,,4.77,OL,13.0,0.19375,,,,,,,,,,,,,,,,,,,,,,,,,,,,,
2018,2,38,TAM,False,RB,RB,O,USC,21.0,2022.0,0,0,2,17.0,Ronald Jones,RB,USC,71.0,205.0,4.65,,36.5,,,,RB,40.0,8.167164179104477,,,,,,,,,,591.0,3619.0,6.1,39.0,32.0,302.0,9.4,3.0,,,,,,,,,,,,
2018,2,39,CHI,False,C,OL,O,Iowa,20.0,2025.0,0,0,6,17.0,James Daniels,C,Iowa,75.0,306.0,,21.0,30.5,108.0,7.29,4.4,OL,26.0,9.8,,,,,,,,,,,,,,,,,,,,,,,,,,,,,
2018,2,40,DEN,False,WR,WR,O,SMU,22.0,2025.0,0,2,5,45.0,Courtland Sutton,WR,SMU,75.0,218.0,4.54,18.0,35.5,124.0,6.57,4.11,WR,37.0,-11.419607843137255,,,,,,,,,,,,,,,,,,193.0,3193.0,16.5,31.0,86.3,,,,,,,
2018,2,41,TEN,False,OLB,LB,D,Boston Col.,22.0,2025.0,0,1,5,39.0,Harold Landry,EDGE,Boston Col.,75.0,252.0,4.64,24.0,36.0,119.0,6.88,4.19,DL,47.0,0.8111111111111109,,,,,,,,,,,,,,,,,,,,,,,26.0,100.0,60.0,160.0,47.5,,
2018,2,42,MIA,False,TE,TE,O,Penn St.,22.0,2025.0,0,0,2,19.0,Mike Gesicki,TE,Penn State,77.0,247.0,4.54,22.0,41.5,129.0,6.76,4.1,TE,51.0,18.87037037037037,,,,,,,,,,,,,,,,,,129.0,1481.0,11.5,15.0,29.0,,,,,,,
2018,2,43,DET,False,RB,RB,O,Auburn,21.0,2021.0,0,0,1,11.0,Kerryon Johnson,RB,Auburn,71.0,213.0,,11.0,40.0,126.0,7.07,4.29,RB,37.0,17.949253731343283,,,,,,,,,,519.0,2494.0,4.8,32.0,55.0,478.0,8.7,2.0,,,,,,,,,,,,
2018,2,44,SFO,False,WR,WR,O,Washington,22.0,2025.0,0,0,0,5.0,Dante Pettis,WR,Washington,72.0,186.0,,,,,,,WR,53.0,19.66190476190476,,,,,,,,,,,,,,,,,,163.0,2256.0,13.8,24.0,42.6,,,,,,,
2018,2,45,GNB,False,CB,DB,D,Iowa,22.0,2022.0,0,0,0,7.0,Josh Jackson,CB,Iowa,73.0,192.0,4.56,18.0,38.0,123.0,6.86,4.03,DB,25.0,9.95217391304348,,,,,,,,,,,,,,,,,,,,,,,,,,,,8.0,22.0
2018,2,46,KAN,False,DE,DL,D,Mississippi,22.0,2018.0,0,0,0,3.0,Breeland Speaks,DT,Mississippi,75.0,283.0,4.87,,32.5,110.0,7.63,4.65,DT,37.0,11.929411764705884,,,,,,,,,,,,,,,,,,,,,,,9.0,52.0,75.0,127.0,15.0,,
2018,2,47,ARI,False,WR,WR,O,Texas A&M,21.0,2025.0,0,0,7,23.0,Christian Kirk,WR,Texas A&M,70.0,201.0,4.47,20.0,35.5,115.0,7.09,4.45,WR,39.0,11.586206896551724,,,,,,,,,,,,,,,,,,234.0,2856.0,12.2,26.0,73.2,,,,,,,
2018,2,48,LAC,False,OLB,LB,D,USC,21.0,2025.0,0,0,2,13.0,Uchenna Nwosu,EDGE,USC,75.0,251.0,4.65,20.0,32.0,119.0,,,LB,53.0,19.8,,,,,,,,,,,,,,,,,,,,,,,12.5,94.0,74.0,168.0,20.5,,
2018,2,49,PHI,False,TE,TE,O,South Dakota St.,23.0,2025.0,0,0,7,38.0,Dallas Goedert,TE,South Dakota State,77.0,256.0,,23.0,,,,,,,,,,,,,,,,,,,,,,,,,,,,,,,,,,,,
2018,2,50,DAL,False,T,OL,O,Texas,21.0,2024.0,0,0,6,20.0,Connor Williams,OT,Texas,77.0,296.0,5.05,26.0,34.0,112.0,7.83,4.63,OL,23.0,10.6,,,,,,,,,,,,,,,,,,,,,,,,,,,,,
2018,2,51,CHI,False,WR,WR,O,Memphis,23.0,2024.0,0,0,2,12.0,Anthony Miller,WR,Memphis,71.0,201.0,,22.0,,,,,WR,38.0,7.056410256410256,,,,,,,,,,,,,,,,,,238.0,3590.0,15.1,37.0,94.5,,,,,,,
2018,2,52,IND,False,OLB,LB,D,Rutgers,23.0,2022.0,0,0,0,5.0,Kemoko Turay,EDGE,Rutgers,77.0,253.0,4.65,,,,,,DE,44.0,-9.370588235294118,,,,,,,,,,,,,,,,,,,,,,,15.5,54.0,49.0,103.0,20.5,,
2018,2,53,TAM,False,CB,DB,D,North Carolina,22.0,2025.0,0,0,0,3.0,M.J. Stewart,CB,North Carolina,71.0,200.0,4.54,18.0,35.0,118.0,6.9,4.28,CB,50.0,8.917142857142858,,,,,,,,,,,,,,,,,,,,,,,,,,,,6.0,41.0
2018,2,54,CIN,False,S,DB,D,Wake Forest,21.0,2025.0,0,1,7,28.0,Jessie Bates,S,Wake Forest,74.0,195.0,4.5,,35.5,117.0,6.78,4.26,DB,24.0,,,,,,,,,,,,,,,,,,,,,,,,,,,,,6.0,9.0
2018,2,55,CAR,False,CB,DB,D,LSU,22.0,2025.0,0,0,7,23.0,Donte Jackson,CB,LSU,71.0,175.0,4.32,7.0,,124.0,,,DB,37.0,22.185714285714283,,,,,,,,,,,,,,,,,,,,,,,,,,,,4.0,20.0
2018,2,57,OAK,False,DT,DL,D,Sam Houston St.,23.0,2020.0,0,0,2,8.0,,,,,,,,,,,,,,,,,,,,,,,,,,,,,,,,,,,,,,,,,,,
2018,2,58,ATL,False,CB,DB,D,Colorado,21.0,2025.0,0,0,2,12.0,Isaiah Oliver,CB,Colorado,73.0,190.0,4.5,,,,,,DB,24.0,4.15,,,,,,,,,,,,,,,,,,,,,,,,,,,,3.0,20.0
2018,2,59,WAS,False,RB,RB,O,LSU,21.0,2019.0,0,0,0,2.0,Derrius Guice,RB,LSU,70.0,224.0,4.49,15.0,31.5,,,,RB,36.0,22.5,,,,,,,,,,471.0,3074.0,6.5,29.0,32.0,250.0,7.8,3.0,,,,,,,,,,,,
2018,2,60,PIT,False,WR,WR,O,Oklahoma St.,22.0,2022.0,0,0,2,11.0,James Washington,WR,Oklahoma State,71.0,213.0,4.54,14.0,34.5,120.0,7.11,4.32,WR,52.0,9.374782608695652,,,,,,,,,,,,,,,,,,226.0,4472.0,19.8,39.0,86.0,,,,,,,
2018,2,61,JAX,False,WR,WR,O,LSU,21.0,2024.0,0,1,4,13.0,D.J. Chark,WR,LSU,75.0,199.0,4.34,16.0,40.0,129.0,,,WR,30.0,21.86603773584906,,,,,,,,,,,,,,,,,,66.0,1351.0,20.5,6.0,45.0,,,,,,,
2018,2,62,MIN,False,T,OL,O,Pittsburgh,22.0,2025.0,0,2,7,56.0,Brian O'neill,OT,Pittsburgh,79.0,297.0,4.82,22.0,29.5,107.0,7.14,4.5,OL,38.0,11.620833333333332,,,,,,,,,,,,,,,,,,,,,,,,,,,,,
2018,2,63,TAM,False,CB,DB,D,Auburn,21.0,2025.0,0,0,6,24.0,Carlton Davis,CB,Auburn,73.0,203.0,4.53,16.0,34.0,124.0,,,DB,38.0,20.452,,,,,,,,,,,,,,,,,,,,,,,,,,,,4.0,29.0
2018,2,64,IND,False,DE,DL,D,Ohio St.,23.0,2025.0,0,0,0,13.0,Tyquan Lewis,EDGE,Ohio State,75.0,265.0,,,35.5,122.0,,,DL,53.0,26.65,,,,,,,,,,,,,,,,,,,,,,,23.5,63.0,49.0,112.0,36.5,,
2018,3,65,OAK,False,T,OL,O,North Carolina A&T,22.0,2023.0,0,0,2,15.0,Brandon Parker,OT,North Carolina A&T,80.0,305.0,5.4,,28.5,113.0,7.82,4.68,,,,,,,,,,,,,,,,,,,,,,,,,,,,,,,,
2018,3,66,NYG,False,DE,DL,D,Georgia,22.0,2024.0,0,0,4,16.0,Lorenzo Carter,EDGE,Georgia,78.0,250.0,4.5,,36.0,130.0,,,LB,54.0,18.0,,,,,,,,,,,,,,,,,,,,,,,14.0,82.0,83.0,165.0,20.5,,
2018,3,67,CLE,False,DE,DL,D,Miami (FL),22.0,2019.0,0,0,0,5.0,Chad Thomas,DE,Miami (FL),78.0,281.0,4.92,,29.0,116.0,,,DE,48.0,18.105882352941176,,,,,,,,,,,,,,,,,,,,,,,10.5,51.0,52.0,103.0,26.0,,
2018,3,68,HOU,False,S,DB,D,Stanford,21.0,2025.0,0,0,7,14.0,Justin Reid,S,Stanford,73.0,204.0,4.4,16.0,36.5,128.0,6.65,4.15,S,40.0,17.088,,,,,,,,,,,,,,,,,,,,,,,,,,,,6.0,14.0
2018,3,69,NYG,False,DT,DL,D,North Carolina St.,23.0,2025.0,0,0,5,7.0,B.J. Hill,DT,North Carolina State,76.0,311.0,4.99,35.0,26.5,101.0,7.28,4.53,DT,51.0,10.841176470588236,,,,,,,,,,,,,,,,,,,,,,,9.0,79.0,107.0,186.0,26.5,,
2018,3,70,SFO,False,OLB,LB,D,BYU,21.0,2025.0,4,4,7,82.0,Fred Warner,OLB,BYU,75.0,236.0,4.64,21.0,38.5,119.0,6.9,4.28,LB,49.0,1.8181818181818177,,,,,,,,,,,,,,,,,,,,,,,6.5,158.0,106.0,264.0,32.0,,
2018,3,71,DEN,False,RB,RB,O,Oregon,22.0,2023.0,0,0,0,9.0,Royce Freeman,RB,Oregon,71.0,229.0,4.54,17.0,34.0,118.0,6.9,4.16,RB,51.0,14.003333333333332,,,,,,,,,,947.0,5621.0,5.9,60.0,79.0,814.0,10.3,4.0,,,,,,,,,,,,
2018,3,72,NYJ,False,DT,DL,D,Fort Hays St.,24.0,2025.0,0,0,2,7.0,Nathan Shepherd,DT,Fort Hays State,77.0,315.0,5.09,,31.0,112.0,7.5,4.53,,,,,,,,,,,,,,,,,,,,,,,,,,,,,,,,
2018,3,73,MIA,False,OLB,LB,D,Ohio St.,21.0,2025.0,0,0,6,33.0,Jerome Baker,OLB,Ohio State,73.0,229.0,4.53,22.0,36.5,126.0,,,LB,33.0,25.941666666666663,,,,,,,,,,,,,,,,,,,,,,,7.0,90.0,68.0,158.0,17.5,,
2018,3,74,WAS,False,T,OL,O,Louisville,21.0,2024.0,0,0,1,5.0,Geron Christian,OT,Louisville,77.0,298.0,5.33,19.0,,,,,OL,38.0,21.05,,,,,,,,,,,,,,,,,,,,,,,,,,,,,
2018,3,75,KAN,False,DT,DL,D,Florida St.,22.0,2025.0,0,0,5,38.0,Derrick Nnadi,DT,Florida State,73.0,317.0,5.38,25.0,27.0,96.0,8.15,5.02,DT,48.0,23.50588235294118,,,,,,,,,,,,,,,,,,,,,,,11.5,74.0,91.0,165.0,24.0,,
2018,3,76,PIT,False,QB,QB,O,Oklahoma St.,23.0,2025.0,0,0,1,7.0,Mason Rudolph,QB,Oklahoma State,77.0,235.0,4.9,,26.0,,,,QB,42.0,13.734210526315788,915.0,1447.0,63.2,13618.0,92.0,26.0,9.4,9.87,324.2,,,,,,,,,,,,,,,,,,,,
2018,3,77,CIN,False,DE,DL,D,Ohio St.,23.0,2024.0,0,0,6,40.0,Sam Hubbard,DE,Ohio State,77.0,270.0,,,35.0,116.0,6.84,4.32,DE,40.0,27.28333333333333,,,,,,,,,,,,,,,,,,,,,,,17.0,64.0,52.0,116.0,29.5,,
2018,3,78,CIN,False,OLB,LB,D,Texas,21.0,2023.0,0,0,0,1.0,Malik Jefferson,OLB,Texas,75.0,236.0,4.52,27.0,36.0,125.0,,,LB,35.0,10.6,,,,,,,,,,,,,,,,,,,,,,,12.0,158.0,72.0,230.0,25.5,,
2018,3,79,SEA,False,DT,DL,D,USC,21.0,2023.0,0,0,2,13.0,Rasheem Green,DE,USC,77.0,275.0,4.73,,32.5,118.0,7.24,4.39,DE,41.0,20.75,,,,,,,,,,,,,,,,,,,,,,,16.5,49.0,68.0,117.0,20.0,,
2018,3,80,HOU,False,T,OL,O,Mississippi St.,23.0,2020.0,0,0,0,3.0,Martinas Rankin,OL,Mississippi State,76.0,308.0,,24.0,,,,,OL,13.0,5.4,,,,,,,,,,,,,,,,,,,,,,,,,,,,,
2018,3,81,DAL,False,WR,WR,O,Colorado St.,22.0,2023.0,0,0,5,30.0,Michael Gallup,WR,Colorado State,73.0,205.0,4.51,10.0,36.0,122.0,6.95,4.37,WR,26.0,1.9625,,,,,,,,,,,,,,,,,,176.0,2685.0,15.3,21.0,103.3,,,,,,,
2018,3,82,DET,False,S,DB,D,Louisiana,23.0,2023.0,0,0,2,13.0,,,,,,,,,,,,S,50.0,-9.4025,,,,,,,,,,,,,,,,,,,,,,,,,,,,8.0,18.0
2018,3,83,BAL,False,T,OL,O,Oklahoma,22.0,2025.0,0,4,7,27.0,Orlando Brown,OT,Oklahoma,80.0,345.0,5.85,14.0,19.5,82.0,7.87,5.38,T,13.0,,,,,,,,,,,,,,,,,,,,,,,,,,,,,,
2018,3,84,LAC,False,DT,DL,D,North Carolina St.,22.0,2024.0,0,0,5,14.0,Justin Jones,DT,North Carolina State,74.0,309.0,5.09,24.0,29.0,104.0,7.82,4.74,DT,39.0,8.264615384615386,,,,,,,,,,,,,,,,,,,,,,,7.5,55.0,52.0,107.0,21.5,,
2018,3,85,CAR,False,CB,DB,D,Tennessee,23.0,2020.0,0,0,0,1.0,Rashaan Gaulden,CB,Tennessee,73.0,193.0,4.61,8.0,30.0,119.0,7.16,4.33,DB,36.0,6.233333333333333,,,,,,,,,,,,,,,,,,,,,,,,,,,,1.0,9.0
2018,3,86,BAL,False,TE,TE,O,Oklahoma,23.0,2025.0,1,3,3,51.0,Mark Andrews,TE,Oklahoma,77.0,256.0,4.67,17.0,31.0,113.0,7.34,4.38,TE,40.0,24.88888888888889,,,,,,,,,,,,,,,,,,112.0,1765.0,15.8,22.0,44.1,,,,,,,
2018,3,87,OAK,False,DE,DL,D,LSU,22.0,2025.0,0,0,3,5.0,Arden Key,EDGE,LSU,78.0,238.0,,,31.0,117.0,7.16,4.25,DE,31.0,23.57058823529412,,,,,,,,,,,,,,,,,,,,,,,21.0,59.0,71.0,130.0,26.5,,
2018,3,88,GNB,False,ILB,LB,D,Vanderbilt,23.0,2025.0,0,0,0,6.0,Oren Burks,OLB,Vanderbilt,75.0,233.0,4.59,18.0,39.5,131.0,6.82,4.15,LB,25.0,-0.3862068965517241,,,,,,,,,,,,,,,,,,,,,,,4.5,85.0,56.0,141.0,13.5,,
2018,3,89,LAR,False,T,OL,O,TCU,23.0,2025.0,0,0,0,18.0,Joseph Noteboom,OT,TCU,77.0,309.0,4.96,27.0,24.0,102.0,7.65,4.44,T,13.0,,,,,,,,,,,,,,,,,,,,,,,,,,,,,,
2018,3,90,ATL,False,DT,DL,D,South Florida,24.0,2023.0,0,0,0,3.0,Deadrin Senat,DT,South Florida,72.0,314.0,5.16,35.0,26.0,100.0,7.77,4.79,DT,48.0,10.0,,,,,,,,,,,,,,,,,,,,,,,7.0,104.0,75.0,179.0,23.5,,
2018,3,91,NOR,False,WR,WR,O,Central Florida,22.0,2023.0,0,0,3,15.0,,,,,,,,,,,,WR,38.0,3.994117647058823,,,,,,,,,,,,,,,,,,168.0,2748.0,16.4,22.0,72.3,,,,,,,
2018,3,92,PIT,False,T,OL,O,Western Michigan,21.0,2025.0,0,0,3,25.0,Chukwuma Okorafor,OT,West. Michigan,78.0,320.0,5.31,19.0,23.5,102.0,7.87,4.8,OL,13.0,,,,,,,,,,,,,,,,,,,,,,,,,,,,,,
2018,3,93,JAX,False,S,DB,D,Alabama,21.0,2025.0,0,0,3,10.0,Ronnie Harrison,S,Alabama,75.0,214.0,,,34.0,120.0,,,DB,44.0,31.56764705882353,,,,,,,,,,,,,,,,,,,,,,,,,,,,7.0,17.0
2018,3,94,TAM,False,T,OL,O,Humboldt St.,23.0,2025.0,0,0,6,21.0,Alex Cappa,OT,Humboldt State,78.0,305.0,5.39,24.0,26.5,97.0,8.04,4.84,,,,,,,,,,,,,,,,,,,,,,,,,,,,,,,,
2018,3,95,SFO,False,S,DB,D,Southern Miss,22.0,2024.0,0,0,1,8.0,,,,,,,,,,,,DB,26.0,-1.35,,,,,,,,,,,,,,,,,,,,,,,,,,,,5.0,12.0
2018,3,96,BUF,False,DT,DL,D,Stanford,22.0,2025.0,0,0,3,8.0,Harrison Phillips,DT,Stanford,76.0,307.0,5.21,42.0,32.0,103.0,7.28,4.5,DE,34.0,16.04705882352941,,,,,,,,,,,,,,,,,,,,,,,15.5,60.0,97.0,157.0,28.0,,
2018,4,97,ARI,False,C,OL,O,Michigan,22.0,2023.0,0,0,4,11.0,Mason Cole,C,Michigan,76.0,307.0,5.23,23.0,23.5,104.0,7.77,4.78,OL,13.0,,,,,,,,,,,,,,,,,,,,,,,,,,,,,,
2018,4,98,HOU,False,TE,TE,O,Central Florida,26.0,2024.0,0,0,1,14.0,Jordan Akins,TE,Central Florida,75.0,249.0,,,,,,,WR,41.0,-1.9394736842105265,,,,,,,,,,,,,,,,,,81.0,1149.0,14.2,8.0,28.0,,,,,,,
2018,4,99,DEN,False,CB,DB,D,Boston Col.,22.0,2025.0,0,0,2,5.0,Isaac Yiadom,CB,Boston Col.,73.0,190.0,4.52,8.0,,120.0,,4.18,DB,48.0,2.645454545454545,,,,,,,,,,,,,,,,,,,,,,,,,,,,3.0,23.0
2018,4,100,KAN,False,OLB,LB,D,Clemson,24.0,2021.0,0,0,0,5.0,Dorian O'daniel,OLB,Clemson,73.0,223.0,4.61,21.0,32.0,119.0,6.64,4.07,LB,56.0,27.412,,,,,,,,,,,,,,,,,,,,,,,8.5,129.0,77.0,206.0,28.0,,
2018,4,101,CAR,False,TE,TE,O,Indiana,22.0,2025.0,0,0,2,7.0,Ian Thomas,TE,Indiana,76.0,259.0,4.74,,36.0,123.0,7.15,4.2,TE,23.0,4.345454545454545,,,,,,,,,,,,,,,,,,28.0,404.0,14.4,5.0,17.6,,,,,,,
2018,4,102,MIN,False,DE,DL,D,Ohio St.,22.0,2025.0,0,0,0,5.0,Jalyn Holmes,DE,Ohio State,77.0,283.0,4.82,25.0,32.0,,,,DL,48.0,25.9,,,,,,,,,,,,,,,,,,,,,,,5.0,40.0,44.0,84.0,14.0,,
2018,4,103,HOU,False,WR,WR,O,Texas Tech,21.0,2022.0,0,0,0,7.0,Keke Coutee,WR,Texas Tech,70.0,181.0,4.43,14.0,34.5,113.0,6.93,4.15,WR,38.0,4.194736842105263,,,,,,,,,,,,,,,,,,159.0,2424.0,15.2,17.0,63.8,,,,,,,
2018,4,104,IND,False,RB,RB,O,North Carolina St.,21.0,2025.0,0,0,0,22.0,Nyheim Hines,RB,North Carolina State,68.0,198.0,4.38,,35.5,119.0,7.18,4.35,RB,25.0,10.82077922077922,,,,,,,,,,210.0,1156.0,5.5,12.0,69.0,677.0,9.8,0.0,,,,,,,,,,,,
2018,4,105,CLE,False,WR,WR,O,Florida,21.0,2020.0,0,0,1,5.0,Antonio Callaway,WR,Florida,71.0,200.0,4.41,,34.0,121.0,,,WR,26.0,14.642105263157896,,,,,,,,,,,,,,,,,,89.0,1399.0,15.7,7.0,53.8,,,,,,,
2018,4,106,DEN,False,ILB,LB,D,Iowa,23.0,2024.0,0,0,5,28.0,Josey Jewell,ILB,Iowa,73.0,234.0,4.82,18.0,33.0,117.0,6.8,4.27,LB,50.0,9.86,,,,,,,,,,,,,,,,,,,,,,,9.5,211.0,226.0,437.0,28.0,,
2018,4,107,NYJ,False,TE,TE,O,Miami (FL),22.0,2021.0,0,0,2,6.0,Chris Herndon,TE,Miami (FL),76.0,253.0,,21.0,,,,,TE,37.0,16.84,,,,,,,,,,,,,,,,,,86.0,1048.0,12.2,7.0,28.3,,,,,,,
2018,4,108,NYG,False,QB,QB,O,Richmond,23.0,2018.0,0,0,0,0.0,Kyle Lauletta,QB,Richmond,75.0,222.0,4.81,,31.0,113.0,6.95,4.07,,,,,,,,,,,,,,,,,,,,,,,,,,,,,,,,
2018,4,109,WAS,False,S,DB,D,Penn St.,23.0,2022.0,0,0,1,6.0,Troy Apke,S,Penn State,74.0,198.0,4.34,16.0,41.0,131.0,6.56,4.03,S,13.0,22.73333333333333,,,,,,,,,,,,,,,,,,,,,,,,,,,,1.0,5.0
2018,4,110,OAK,False,CB,DB,D,Wisconsin,21.0,2019.0,0,0,0,1.0,Nick Nelson,CB,Wisconsin,71.0,208.0,4.52,17.0,,123.0,,,DB,37.0,9.56,,,,,,,,,,,,,,,,,,,,,,,,,,,,0.0,42.0
2018,4,111,LAR,False,C,OL,O,Michigan St.,22.0,2023.0,0,0,2,16.0,Brian Allen,C,Michigan State,73.0,298.0,5.34,27.0,26.5,99.0,7.81,4.71,OL,14.0,10.926666666666668,,,,,,,,,,,,,,,,,,,,,,,,,,,,,
2018,4,112,CIN,False,RB,RB,O,Miami (FL),21.0,2019.0,0,0,0,1.0,Mark Walton,RB,Miami (FL),70.0,202.0,4.6,18.0,31.5,118.0,,,RB,31.0,16.0,,,,,,,,,,394.0,1995.0,5.1,26.0,56.0,624.0,11.1,2.0,,,,,,,,,,,,
2018,4,113,DEN,False,WR,WR,O,Penn St.,23.0,2020.0,0,0,0,6.0,Daesean Hamilton,WR,Penn State,73.0,203.0,,,34.5,118.0,6.84,4.15,WR,53.0,17.585106382978722,,,,,,,,,,,,,,,,,,214.0,2842.0,13.3,18.0,53.6,,,,,,,
2018,4,114,DET,False,DE,DL,D,Alabama,22.0,2025.0,0,0,1,6.0,,,,,,,,,,,,DL,50.0,32.6,,,,,,,,,,,,,,,,,,,,,,,10.0,30.0,41.0,71.0,15.5,,
2018,4,115,CHI,False,LB,LB,D,Western Kentucky,22.0,2022.0,0,0,0,4.0,Joel Iyiegbuniwe,LB,Western Kentucky,73.0,229.0,4.6,19.0,35.0,117.0,7.06,4.28,LB,44.0,3.5,,,,,,,,,,,,,,,,,,,,,,,6.5,107.0,93.0,200.0,22.5,,
2018,4,116,DAL,False,DE,DL,D,Kansas,21.0,2025.0,0,0,1,15.0,Dorance Armstrong,EDGE,Kansas,76.0,257.0,4.87,20.0,30.0,118.0,7.12,4.23,DE,36.0,-15.35,,,,,,,,,,,,,,,,,,,,,,,15.5,89.0,53.0,142.0,34.5,,
2018,4,117,TAM,False,S,DB,D,Pittsburgh,21.0,2024.0,0,0,7,21.0,Jordan Whitehead,S,Pittsburgh,71.0,195.0,,21.0,,,,,DB,31.0,9.738709677419354,,,,,,,,,,,,,,,,,,,,,,,,,,,,3.0,12.0
2018,4,118,BAL,False,CB,DB,D,Alabama,23.0,2022.0,0,0,1,10.0,Anthony Averett,CB,Alabama,72.0,185.0,4.36,13.0,31.5,119.0,6.93,4.4,DB,35.0,32.8,,,,,,,,,,,,,,,,,,,,,,,,,,,,1.0,16.0
2018,4,119,LAC,False,S,DB,D,West Virginia,22.0,2025.0,0,0,4,17.0,Kyzir White,S,West Virginia,74.0,216.0,,21.0,35.5,113.0,,,S,25.0,7.975,,,,,,,,,,,,,,,,,,,,,,,,,,,,3.0,9.0
2018,4,120,SEA,False,TE,TE,O,Washington,22.0,2025.0,0,0,5,10.0,Will Dissly,TE,Washington,76.0,262.0,4.87,15.0,28.0,111.0,7.07,4.4,TE,27.0,24.4,,,,,,,,,,,,,,,,,,25.0,336.0,13.4,3.0,12.4,,,,,,,
2018,4,121,BUF,False,CB,DB,D,Weber St.,22.0,2025.0,0,0,6,36.0,Taron Johnson,CB,Weber State,72.0,180.0,4.5,17.0,33.0,118.0,7.03,4.28,,,,,,,,,,,,,,,,,,,,,,,,,,,,,,,,
2018,4,122,BAL,False,LB,LB,D,UCLA,23.0,2022.0,0,0,1,5.0,Kenny Young,ILB,UCLA,73.0,236.0,4.6,23.0,36.0,117.0,7.38,4.48,LB,51.0,-1.7432432432432432,,,,,,,,,,,,,,,,,,,,,,,6.5,193.0,111.0,304.0,22.0,,
2018,4,123,MIA,False,TE,TE,O,Notre Dame,23.0,2025.0,0,0,5,10.0,Durham Smythe,TE,Notre Dame,77.0,253.0,4.81,18.0,31.0,110.0,7.17,4.23,TE,39.0,17.978571428571428,,,,,,,,,,,,,,,,,,28.0,381.0,13.6,6.0,9.8,,,,,,,
2018,4,124,KAN,False,S,DB,D,Texas A&M,22.0,2021.0,0,0,0,3.0,Armani Watts,S,Texas A&M,71.0,205.0,,13.0,35.0,120.0,7.25,4.37,DB,47.0,12.133333333333333,,,,,,,,,,,,,,,,,,,,,,,,,,,,10.0,19.0
2018,4,125,PHI,False,CB,DB,D,Pittsburgh,22.0,2025.0,0,0,1,16.0,Avonte Maddox,CB,Pittsburgh,69.0,180.0,4.39,13.0,37.0,125.0,6.51,4.0,DB,46.0,10.213432835820894,,,,,,,,,,,,,,,,,,,,,,,,,,,,8.0,34.0
2018,4,126,ATL,False,RB,RB,O,Southern Miss,22.0,2021.0,0,0,0,6.0,,,,,,,,,,,,RB,52.0,-3.892647058823529,,,,,,,,,,820.0,4536.0,5.5,42.0,140.0,1446.0,10.3,7.0,,,,,,,,,,,,
2018,4,128,SFO,False,DT,DL,D,North Carolina St.,22.0,2025.0,0,0,0,4.0,Kentavius Street,DE,North Carolina State,74.0,280.0,4.87,28.0,,,,,DE,51.0,10.8,,,,,,,,,,,,,,,,,,,,,,,9.5,48.0,73.0,121.0,19.5,,
2018,5,129,JAX,False,T,OL,O,North Carolina St.,22.0,2021.0,0,0,0,4.0,Will Richardson,OT,North Carolina State,78.0,306.0,5.26,,31.5,108.0,7.8,4.83,T,22.0,12.9,,,,,,,,,,,,,,,,,,,,,,,,,,,,,
2018,5,130,PHI,False,DE,DL,D,Florida St.,21.0,2025.0,0,1,4,32.0,Josh Sweat,EDGE,Florida State,76.0,251.0,4.53,,39.5,124.0,,4.28,DE,37.0,23.355555555555554,,,,,,,,,,,,,,,,,,,,,,,14.5,77.0,61.0,138.0,29.0,,
2018,5,131,MIA,False,RB,RB,O,Arizona St.,22.0,2021.0,0,0,1,3.0,Kalen Ballage,RB,Arizona State,73.0,228.0,4.46,15.0,33.5,122.0,6.91,4.35,RB,47.0,3.4176470588235293,,,,,,,,,,450.0,1984.0,4.4,27.0,82.0,684.0,8.3,2.0,,,,,,,,,,,,
2018,5,132,BAL,False,WR,WR,O,New Mexico St.,23.0,2020.0,0,0,0,0.0,Jaleel Scott,WR,New Mexico State,77.0,218.0,4.56,16.0,34.5,124.0,7.2,4.4,WR,25.0,-14.8,,,,,,,,,,,,,,,,,,99.0,1362.0,13.8,14.0,54.5,,,,,,,
2018,5,133,GNB,False,WR,WR,O,Missouri,23.0,2018.0,0,0,0,0.0,,,,,,,,,,,,WR,49.0,5.397619047619047,,,,,,,,,,,,,,,,,,158.0,2477.0,15.7,21.0,50.6,,,,,,,
2018,5,134,ARI,False,RB,RB,O,Fordham,22.0,2025.0,0,0,1,17.0,Chase Edmonds,RB,Fordham,69.0,205.0,4.55,19.0,34.0,122.0,6.79,4.07,,,,,,,,,,,,,,,,,,,,,,,,,,,,,,,,
2018,5,135,LAR,False,DE,DL,D,S.F. Austin,21.0,2025.0,0,0,4,1.0,John Franklin-Myers,DE,Stephen F. Austin,76.0,283.0,4.75,26.0,33.0,113.0,7.36,4.48,,,,,,,,,,,,,,,,,,,,,,,,,,,,,,,,
2018,5,136,CAR,False,OLB,LB,D,Mississippi,24.0,2024.0,0,0,0,7.0,Marquis Haynes,EDGE,Mississippi,75.0,235.0,4.67,23.0,32.0,123.0,7.14,4.45,DE,50.0,12.133333333333336,,,,,,,,,,,,,,,,,,,,,,,32.0,102.0,70.0,172.0,47.5,,
2018,5,137,DAL,False,TE,TE,O,Stanford,22.0,2025.0,0,0,4,18.0,Dalton Schultz,TE,Stanford,77.0,244.0,4.75,15.0,32.0,120.0,7.0,4.4,TE,40.0,18.30967741935484,,,,,,,,,,,,,,,,,,55.0,555.0,10.1,5.0,13.9,,,,,,,
2018,5,139,NYG,False,DT,DL,D,Miami (FL),22.0,2019.0,0,0,0,1.0,R.J. McIntosh,DT,Miami (FL),76.0,286.0,,,,,,,DL,31.0,18.05454545454545,,,,,,,,,,,,,,,,,,,,,,,5.5,51.0,52.0,103.0,23.0,,
2018,5,140,OAK,False,DT,DL,D,Michigan,23.0,2025.0,0,0,1,9.0,Maurice Hurst,DT,Michigan,74.0,292.0,,,,,,,DT,46.0,,,,,,,,,,,,,,,,,,,,,,,,12.5,64.0,68.0,132.0,33.5,,
2018,5,141,SEA,False,OLB,LB,D,Central Florida,23.0,2020.0,0,0,0,4.0,Shaquem Griffin,OLB,Central Florida,73.0,227.0,4.38,20.0,,117.0,,,LB,26.0,5.95,,,,,,,,,,,,,,,,,,,,,,,18.5,101.0,65.0,166.0,33.5,,
2018,5,142,SFO,False,CB,DB,D,Kansas St.,21.0,2025.0,0,0,5,1.0,D.J. Reed,CB,Kansas State,69.0,188.0,4.51,11.0,36.5,,,,DB,24.0,,,,,,,,,,,,,,,,,,,,,,,,,,,,,7.0,25.0
2018,5,143,NWE,False,ILB,LB,D,Purdue,22.0,2024.0,0,0,4,36.0,,,,,,,,,,,,LB,38.0,,,,,,,,,,,,,,,,,,,,,,,,1.0,160.0,112.0,272.0,29.5,,
2018,5,144,TAM,False,WR,WR,O,Pennsylvania,22.0,2025.0,0,0,0,2.0,,,,,,,,,,,,,,,,,,,,,,,,,,,,,,,,,,,,,,,,,,,
2018,5,145,CHI,False,DT,DL,D,Delaware,21.0,2025.0,0,0,5,22.0,Bilal Nichols,DT,Delaware,76.0,306.0,4.95,29.0,,,,,,,,,,,,,,,,,,,,,,,,,,,,,,,,,,,,
2018,5,146,SEA,False,S,DB,D,Oklahoma St.,23.0,2025.0,0,0,2,15.0,Tre Flowers,S,Oklahoma State,75.0,200.0,4.45,18.0,34.5,122.0,,,S,51.0,16.548,,,,,,,,,,,,,,,,,,,,,,,,,,,,4.0,25.0
2018,5,147,LAR,False,ILB,LB,D,Virginia,23.0,2021.0,0,0,0,6.0,Micah Kiser,ILB,Virginia,74.0,238.0,4.66,,35.5,121.0,7.05,4.24,LB,49.0,-1.883333333333333,,,,,,,,,,,,,,,,,,,,,,,19.0,188.0,223.0,411.0,32.5,,
2018,5,148,PIT,False,S,DB,D,Penn St.,22.0,2022.0,0,0,0,6.0,Marcus Allen,S,Penn State,74.0,202.0,,15.0,37.0,127.0,,4.32,S,52.0,-4.505128205128205,,,,,,,,,,,,,,,,,,,,,,,,,,,,1.0,11.0
2018,5,149,SEA,False,P,P,S,Texas,22.0,2025.0,1,1,2,20.0,Michael Dickson,P,Texas,74.0,208.0,,,,,,,,,,,,,,,,,,,,,,,,,,,,,,,,,,,,,,
2018,5,150,CLE,False,LB,LB,D,Memphis,23.0,2024.0,0,0,2,4.0,Genard Avery,ILB,Memphis,73.0,248.0,4.59,26.0,36.0,124.0,6.9,4.36,LB,50.0,7.747619047619047,,,,,,,,,,,,,,,,,,,,,,,21.5,170.0,63.0,233.0,45.5,,
2018,5,151,CIN,False,CB,DB,D,Illinois St.,23.0,2022.0,0,0,0,0.0,Davontae Harris,CB,Illinois State,72.0,200.0,4.43,22.0,32.5,123.0,6.96,4.4,,,,,,,,,,,,,,,,,,,,,,,,,,,,,,,,
2018,5,152,TEN,False,CB,DB,D,Arizona,23.0,2024.0,0,0,0,4.0,Dane Cruikshank,S,Arizona,73.0,206.0,4.41,25.0,38.5,121.0,6.89,4.24,CB,25.0,-0.8919999999999999,,,,,,,,,,,,,,,,,,,,,,,,,,,,5.0,12.0
2018,5,153,DET,False,T,OL,O,Oregon,23.0,2020.0,0,0,1,11.0,Tyrell Crosby,OT,Oregon,77.0,309.0,5.23,17.0,30.0,105.0,7.89,4.77,OL,13.0,,,,,,,,,,,,,,,,,,,,,,,,,,,,,,
2018,5,154,BUF,False,CB,DB,D,Jacksonville St.,24.0,2025.0,0,0,0,5.0,Siran Neal,S,Jacksonville State,72.0,199.0,4.56,17.0,40.5,122.0,7.0,4.28,,,,,,,,,,,,,,,,,,,,,,,,,,,,,,,,
2018,5,155,LAC,False,C,OL,O,UCLA,23.0,2022.0,0,0,2,8.0,Scott Quessenberry,C,UCLA,76.0,310.0,5.09,25.0,33.5,111.0,7.5,4.69,OL,12.0,9.1,,,,,,,,,,,,,,,,,,,,,,,,,,,,,
2018,5,156,DEN,False,TE,TE,O,Wisconsin,23.0,2020.0,0,0,0,1.0,Troy Fumagalli,TE,Wisconsin,77.0,247.0,,14.0,,,,,TE,52.0,21.425,,,,,,,,,,,,,,,,,,135.0,1627.0,12.1,7.0,31.3,,,,,,,
2018,5,157,MIN,False,TE,TE,O,Central Michigan,23.0,2025.0,0,0,4,8.0,Tyler Conklin,TE,Central Michigan,75.0,254.0,4.8,18.0,38.0,120.0,7.13,4.23,TE,34.0,-6.803125,,,,,,,,,,,,,,,,,,83.0,1159.0,14.0,11.0,34.1,,,,,,,
2018,5,158,CIN,False,DE,DL,D,Virginia,22.0,2022.0,0,0,0,2.0,Andrew Brown,DE,Virginia,76.0,296.0,5.03,31.0,28.0,101.0,7.51,4.48,DT,41.0,-7.994285714285715,,,,,,,,,,,,,,,,,,,,,,,10.5,42.0,52.0,94.0,26.5,,
2018,5,159,IND,False,WR,WR,O,Northern Iowa,22.0,2021.0,0,0,0,0.0,,,,,,,,,,,,,,,,,,,,,,,,,,,,,,,,,,,,,,,,,,,
2018,5,160,LAR,False,DE,DL,D,Oklahoma,23.0,2025.0,0,0,0,2.0,Ogbonnia Okoronkwo,EDGE,Oklahoma,73.0,253.0,4.77,27.0,38.0,121.0,,,DE,46.0,25.74705882352941,,,,,,,,,,,,,,,,,,,,,,,20.0,105.0,58.0,163.0,33.5,,
2018,6,161,CAR,False,LB,LB,D,Maryland,23.0,2022.0,0,0,2,14.0,,,,,,,,,,,,LB,50.0,-1.9,,,,,,,,,,,,,,,,,,,,,,,9.5,193.0,137.0,330.0,29.0,,
2018,6,163,WAS,False,DT,DL,D,Virginia Tech,21.0,2025.0,0,0,0,4.0,Tim Settle,DT,Virginia Tech,75.0,329.0,5.37,,23.5,96.0,7.95,4.83,DT,27.0,14.913636363636364,,,,,,,,,,,,,,,,,,,,,,,4.0,28.0,25.0,53.0,19.5,,
2018,6,165,PIT,False,TE,TE,O,North Carolina St.,22.0,2021.0,0,0,0,7.0,Jaylen Samuels,TE,North Carolina State,71.0,225.0,4.54,18.0,34.5,121.0,6.93,4.28,TE,52.0,10.38101265822785,,,,,,,,,,,,,,,,,,202.0,1855.0,9.2,19.0,35.7,,,,,,,
2018,6,166,BUF,False,G,OL,O,Virginia Tech,23.0,2025.0,0,3,6,1.0,Wyatt Teller,OG,Virginia Tech,76.0,314.0,5.24,30.0,29.0,114.0,7.45,4.84,OL,26.0,14.3,,,,,,,,,,,,,,,,,,,,,,,,,,,,,
2018,6,167,MIN,False,K,K,S,Auburn,23.0,2025.0,1,0,2,-1.0,Daniel Carlson,K,Auburn,77.0,213.0,,,,,,,,,,,,,,,,,,,,,,,,,,,,,,,,,,,,,,
2018,6,168,SEA,False,T,OL,O,Ohio St.,22.0,2024.0,0,0,0,7.0,Jamarco Jones,OT,Ohio State,76.0,299.0,5.5,,24.0,102.0,8.32,4.99,OL,29.0,22.4,,,,,,,,,,,,,,,,,,,,,,,,,,,,,
2018,6,169,IND,False,RB,RB,O,Mississippi,24.0,2022.0,0,0,0,8.0,Jordan Wilkins,RB,Mississippi,73.0,216.0,,16.0,36.0,117.0,,4.27,RB,38.0,18.366666666666667,,,,,,,,,,279.0,1751.0,6.3,14.0,32.0,322.0,10.1,1.0,,,,,,,,,,,,
2018,6,170,CIN,False,CB,DB,D,Western Michigan,23.0,2022.0,0,0,1,7.0,Darius Phillips,CB,West. Michigan,70.0,190.0,4.54,,,,,,CB,39.0,2.7621951219512195,,,,,,,,,,,,,,,,,,,,,,,,,,,,12.0,35.0
2018,6,172,GNB,False,P,P,S,Alabama,22.0,2025.0,0,0,2,5.0,Jk Scott,P,Alabama,78.0,208.0,4.83,,30.5,114.0,7.28,4.41,,,,,,,,,,,,,,,,,,,,,,,,,,,,,,,,
2018,6,173,OAK,False,P,P,S,Florida,23.0,2021.0,0,0,0,2.0,Johnny Townsend,P,Florida,73.0,210.0,,,,,,,,,,,,,,,,,,,,,,,,,,,,,,,,,,,,,,
2018,6,174,GNB,False,WR,WR,O,South Florida,23.0,2025.0,0,0,5,18.0,Marquez Valdes-Scantling,WR,South Florida,76.0,206.0,4.37,15.0,30.5,124.0,,,WR,45.0,8.257142857142858,,,,,,,,,,,,,,,,,,119.0,1832.0,15.4,12.0,40.7,,,,,,,
2018,6,175,CLE,False,WR,WR,O,Texas A&M,23.0,2020.0,0,0,0,3.0,,,,,,,,,,,,WR,36.0,11.286206896551723,,,,,,,,,,,,,,,,,,47.0,920.0,19.6,8.0,25.6,,,,,,,
2018,6,176,LAR,False,RB,RB,O,Tennessee,21.0,2024.0,0,0,0,1.0,John Kelly,RB,Tennessee,70.0,216.0,,15.0,35.0,120.0,7.13,4.51,RB,33.0,2.6437500000000003,,,,,,,,,,327.0,1573.0,4.8,15.0,43.0,350.0,8.1,0.0,,,,,,,,,,,,
2018,6,177,HOU,False,DE,DL,D,Wake Forest,23.0,2018.0,0,0,0,1.0,Duke Ejiofor,DE,Wake Forest,76.0,264.0,,,,,,,DE,42.0,3.1,,,,,,,,,,,,,,,,,,,,,,,23.5,79.0,54.0,133.0,43.0,,
2018,6,179,NYJ,False,CB,DB,D,Tulane,23.0,2025.0,0,0,0,1.0,Parry Nickerson,CB,Tulane,72.0,180.0,4.32,15.0,,,,,CB,48.0,-11.76764705882353,,,,,,,,,,,,,,,,,,,,,,,,,,,,16.0,31.0
2018,6,180,NYJ,False,DT,DL,D,Connecticut,23.0,2025.0,0,0,4,11.0,,,,,,,,,,,,DL,48.0,-15.4,,,,,,,,,,,,,,,,,,,,,,,14.0,103.0,67.0,170.0,21.0,,
2018,6,181,CHI,False,DE,DL,D,Utah,23.0,2021.0,0,0,0,0.0,Kylie Fitts,EDGE,Utah,76.0,263.0,4.69,31.0,32.5,117.0,6.88,4.19,DE,26.0,11.45,,,,,,,,,,,,,,,,,,,,,,,11.5,38.0,31.0,69.0,15.0,,
2018,6,183,DEN,False,G,OL,O,Arizona St.,22.0,2018.0,0,0,0,0.0,Sam Jones,OG,Arizona State,77.0,305.0,5.32,28.0,27.0,101.0,7.92,4.86,OL,12.0,,,,,,,,,,,,,,,,,,,,,,,,,,,,,,
2018,6,184,SFO,False,S,DB,D,Florida,24.0,2022.0,0,0,0,13.0,Marcell Harris,S,Florida,72.0,208.0,,16.0,,,,,DB,37.0,15.4,,,,,,,,,,,,,,,,,,,,,,,,,,,,2.0,1.0
2018,6,185,IND,False,WR,WR,O,Clemson,22.0,2020.0,0,0,0,0.0,Deon Cain,WR,Clemson,74.0,202.0,4.43,11.0,33.5,115.0,6.71,4.37,WR,42.0,26.078048780487805,,,,,,,,,,,,,,,,,,130.0,2040.0,15.7,20.0,48.6,,,,,,,
2018,6,186,SEA,False,LB,LB,D,Temple,22.0,2025.0,0,0,1,2.0,,,,,,,,,,,,DL,50.0,5.194117647058824,,,,,,,,,,,,,,,,,,,,,,,11.5,42.0,38.0,80.0,17.5,,
2018,6,187,BUF,False,WR,WR,O,Clemson,21.0,2025.0,0,0,1,0.0,Ray-ray McCloud,WR,Clemson,69.0,190.0,4.53,13.0,34.5,113.0,,,WR,40.0,26.6625,,,,,,,,,,,,,,,,,,127.0,1226.0,9.7,4.0,30.7,,,,,,,
2018,6,190,BAL,False,S,DB,D,Texas,21.0,2025.0,0,0,4,9.0,Deshon Elliott,S,Texas,74.0,205.0,4.58,15.0,36.0,121.0,,,S,30.0,9.7375,,,,,,,,,,,,,,,,,,,,,,,,,,,,9.0,14.0
2018,6,192,LAR,False,T,OL,O,Maine,22.0,2019.0,0,0,0,1.0,Jamil Demby,OG,Maine,76.0,319.0,5.58,17.0,23.5,98.0,7.86,4.95,,,,,,,,,,,,,,,,,,,,,,,,,,,,,,,,
2018,7,193,DAL,False,LB,LB,D,Indiana,22.0,2019.0,0,0,0,0.0,Chris Covington,OLB,Indiana,74.0,245.0,4.78,23.0,,,,,LB,37.0,5.372413793103448,,,,,,,,,,,,,,,,,,,,,,,5.0,70.0,48.0,118.0,15.0,,
2018,7,194,ATL,False,WR,WR,O,LSU,22.0,2025.0,0,0,0,17.0,,,,,,,,,,,,WR,24.0,22.392307692307693,,,,,,,,,,,,,,,,,,26.0,347.0,13.3,4.0,14.5,,,,,,,
2018,7,195,LAR,False,DT,DL,D,Rutgers,23.0,2025.0,0,0,4,17.0,,,,,,,,,,,,DL,50.0,-10.2,,,,,,,,,,,,,,,,,,,,,,,3.5,44.0,53.0,97.0,14.5,,
2018,7,196,KAN,False,WR,WR,O,Central Arkansas,22.0,2025.0,0,0,0,1.0,,,,,,,,,,,,,,,,,,,,,,,,,,,,,,,,,,,,,,,,,,,
2018,7,197,WAS,False,LB,LB,D,Alabama,22.0,2020.0,0,0,0,8.0,Shaun dion Hamilton,ILB,Alabama,72.0,228.0,,20.0,,,,,LB,51.0,32.400000000000006,,,,,,,,,,,,,,,,,,,,,,,4.5,65.0,69.0,134.0,16.0,,
2018,7,200,ATL,False,S,DB,D,Yale,23.0,2025.0,0,0,5,16.0,,,,,,,,,,,,,,,,,,,,,,,,,,,,,,,,,,,,,,,,,,,
2018,7,202,TAM,False,ILB,LB,D,Wisconsin,23.0,2020.0,0,0,0,0.0,Jack Cichy,ILB,Wisconsin,74.0,238.0,,18.0,,,,,LB,21.0,16.1,,,,,,,,,,,,,,,,,,,,,,,6.5,78.0,43.0,121.0,15.0,,
2018,7,204,NYJ,False,RB,RB,O,Virginia St.,24.0,2022.0,0,0,0,2.0,,,,,,,,,,,,,,,,,,,,,,,,,,,,,,,,,,,,,,,,,,,
2018,7,205,LAR,False,DE,DL,D,Louisville,23.0,2018.0,0,0,0,0.0,Trevon Young,EDGE,Louisville,76.0,258.0,4.78,25.0,33.0,114.0,6.99,4.4,DE,36.0,17.485714285714284,,,,,,,,,,,,,,,,,,,,,,,14.0,62.0,39.0,101.0,24.0,,
2018,7,206,PHI,False,T,OL,O,TCU,23.0,2025.0,0,0,2,5.0,,,,,,,,,,,,T,26.0,18.9,,,,,,,,,,,,,,,,,,,,,,,,,,,,,
2018,7,207,GNB,False,WR,WR,O,Notre Dame,21.0,2024.0,0,0,2,4.0,Equanimeous St. brown,WR,Notre Dame,77.0,214.0,4.48,20.0,,,,,WR,32.0,19.72173913043478,,,,,,,,,,,,,,,,,,92.0,1484.0,16.1,13.0,46.4,,,,,,,
2018,7,208,DAL,False,WR,WR,O,Boise St.,22.0,2025.0,0,0,0,6.0,Cedrick Wilson,WR,Boise State,74.0,197.0,4.55,9.0,37.0,121.0,6.89,4.23,,,,,,,,,,,,,,,,,,,,,,,,,,,,,,,,
2018,7,209,MIA,False,CB,DB,D,Southern Miss,22.0,2025.0,0,0,0,1.0,,,,,,,,,,,,DB,47.0,-1.3258064516129031,,,,,,,,,,,,,,,,,,,,,,,,,,,,5.0,29.0
2018,7,211,HOU,False,TE,TE,O,Mississippi St.,22.0,2020.0,0,0,1,2.0,,,,,,,,,,,,TE,25.0,11.139506172839509,,,,,,,,,,,,,,,,,,31.0,311.0,10.0,4.0,12.4,,,,,,,
2018,7,214,HOU,False,LB,LB,D,Stanford,23.0,2020.0,0,0,0,3.0,Peter Kalambayi,EDGE,Stanford,75.0,252.0,4.57,19.0,34.0,121.0,7.13,4.36,LB,54.0,17.27777777777778,,,,,,,,,,,,,,,,,,,,,,,18.5,111.0,79.0,190.0,28.0,,
2018,7,215,BAL,False,C,OL,O,Alabama,23.0,2025.0,0,0,6,23.0,,,,,,,,,,,,OL,15.0,,,,,,,,,,,,,,,,,,,,,,,,,,,,,,
2018,7,217,DEN,False,ILB,LB,D,Washington,23.0,2019.0,0,0,0,1.0,Keishawn Bierria,ILB,Washington,74.0,230.0,4.79,21.0,30.5,117.0,7.26,,LB,54.0,24.86,,,,,,,,,,,,,,,,,,,,,,,7.5,155.0,87.0,242.0,19.5,,
2018,7,221,IND,False,LB,LB,D,Houston,22.0,2024.0,0,0,1,9.0,,,,,,,,,,,,LB,48.0,8.9,,,,,,,,,,,,,,,,,,,,,,,7.5,161.0,98.0,259.0,21.0,,
2018,7,223,SFO,False,DT,DL,D,Temple,23.0,2019.0,0,0,0,1.0,,,,,,,,,,,,DL,18.0,6.2,,,,,,,,,,,,,,,,,,,,,,,1.0,29.0,23.0,52.0,11.5,,
2018,7,224,CHI,False,WR,WR,O,Georgia,23.0,2022.0,0,0,0,1.0,Javon Wims,WR,Georgia,75.0,215.0,4.53,,33.5,113.0,7.0,,WR,27.0,21.58235294117647,,,,,,,,,,,,,,,,,,62.0,910.0,14.7,8.0,33.7,,,,,,,
2018,7,225,MIN,False,LB,LB,D,California,22.0,2020.0,0,0,0,1.0,,,,,,,,,,,,LB,40.0,1.7,,,,,,,,,,,,,,,,,,,,,,,8.0,108.0,104.0,212.0,14.5,,
2018,7,228,OAK,False,WR,WR,O,Oklahoma St.,23.0,2021.0,0,0,0,2.0,Marcell Ateman,WR,Oklahoma State,76.0,216.0,4.62,13.0,34.0,121.0,7.07,4.25,WR,48.0,14.421428571428573,,,,,,,,,,,,,,,,,,146.0,2466.0,16.9,13.0,51.4,,,,,,,
2018,7,229,MIA,False,K,K,S,New Mexico,22.0,2024.0,1,0,2,23.0,,,,,,,,,,,,,,,,,,,,,,,,,,,,,,,,,,,,,,,,,,,
2018,7,230,JAX,False,OLB,LB,D,Wisconsin,22.0,2020.0,0,0,1,7.0,Leon Jacobs,EDGE,Wisconsin,75.0,246.0,4.48,26.0,34.5,122.0,7.14,4.44,LB,38.0,22.092,,,,,,,,,,,,,,,,,,,,,,,5.5,62.0,43.0,105.0,14.5,,
2018,7,231,LAR,False,OLB,LB,D,TCU,22.0,2022.0,0,0,0,3.0,,,,,,,,,,,,LB,25.0,15.1,,,,,,,,,,,,,,,,,,,,,,,2.5,132.0,106.0,238.0,11.0,,
2018,7,232,GNB,False,DE,DL,D,California,23.0,2018.0,0,0,0,0.0,James Looney,DE,California,75.0,287.0,4.89,28.0,35.5,113.0,7.32,4.37,DE,40.0,0.7,,,,,,,,,,,,,,,,,,,,,,,8.5,56.0,77.0,133.0,21.0,,
2018,7,233,PHI,False,T,OL,O,,21.0,2025.0,0,0,5,41.0,,,,,,,,,,,,,,,,,,,,,,,,,,,,,,,,,,,,,,,,,,,
2018,7,234,CAR,False,ILB,LB,D,North Carolina,21.0,2023.0,0,0,0,1.0,Andre Smith,ILB,North Carolina,72.0,237.0,4.63,19.0,,,,,LB,29.0,-3.9909090909090903,,,,,,,,,,,,,,,,,,,,,,,2.0,90.0,97.0,187.0,8.5,,
2018,7,235,IND,False,LB,LB,D,Syracuse,22.0,2025.0,0,1,4,40.0,,,,,,,,,,,,LB,48.0,-0.7863636363636364,,,,,,,,,,,,,,,,,,,,,,,8.5,187.0,124.0,311.0,31.5,,
2018,7,237,DET,False,RB,RB,O,San Diego St.,22.0,2023.0,0,0,0,0.0,Nick Bawden,FB,San Diego State,74.0,245.0,,,,,,,FB,34.0,5.78918918918919,,,,,,,,,,1.0,4.0,4.0,0.0,30.0,240.0,8.0,1.0,,,,,,,,,,,,
2018,7,238,BAL,False,DE,DL,D,Ferris St.,23.0,2025.0,0,0,3,0.0,,,,,,,,,,,,,,,,,,,,,,,,,,,,,,,,,,,,,,,,,,,
2018,7,239,GNB,False,LS,LS,S,Mississippi St.,24.0,2022.0,0,0,0,3.0,,,,,,,,,,,,LS,12.0,,,,,,,,,,,,,,,,,,,,,,,,,,,,,0.0,
2018,7,240,SFO,False,WR,WR,O,Middle Tenn. St.,23.0,2023.0,0,0,1,6.0,Richie James,WR,Middle Tennessee State,70.0,183.0,4.48,6.0,35.5,122.0,6.87,4.16,WR,31.0,-3.4000000000000004,,,,,,,,,,,,,,,,,,244.0,3261.0,13.4,23.0,105.2,,,,,,,
2018,7,241,WAS,False,CB,DB,D,Virginia Tech,22.0,2024.0,0,0,0,2.0,Greg Stroman,CB,Virginia Tech,72.0,180.0,4.48,16.0,33.5,113.0,,4.45,CB,37.0,12.56987951807229,,,,,,,,,,,,,,,,,,,,,,,,,,,,7.0,22.0
2018,7,243,NWE,False,CB,DB,D,Western Carolina,22.0,2025.0,0,0,0,1.0,,,,,,,,,,,,,,,,,,,,,,,,,,,,,,,,,,,,,,,,,,,
2018,7,244,LAR,False,DE,DL,D,SMU,23.0,2021.0,0,0,0,1.0,,,,,,,,,,,,DE,49.0,-10.65,,,,,,,,,,,,,,,,,,,,,,,20.5,143.0,84.0,227.0,40.5,,
2018,7,245,NOR,False,C,OL,O,LSU,22.0,2024.0,0,0,1,4.0,Will Clapp,C,LSU,76.0,311.0,5.39,25.0,29.0,97.0,8.04,4.92,C,12.0,,,,,,,,,,,,,,,,,,,,,,,,,,,,,,
2018,7,247,JAX,False,P,P,S,Mississippi St.,23.0,2025.0,0,1,2,19.0,,,,,,,,,,,,,,,,,,,,,,,,,,,,,,,,,,,,,,,,,,,
2018,7,250,NWE,False,TE,TE,O,Florida St.,22.0,2021.0,0,0,1,3.0,Ryan Izzo,TE,Florida State,77.0,256.0,4.94,18.0,33.0,110.0,7.15,4.43,TE,41.0,24.15185185185185,,,,,,,,,,,,,,,,,,54.0,761.0,14.1,6.0,18.6,,,,,,,
2018,7,251,LAC,False,RB,RB,O,Northwestern,22.0,2022.0,0,0,0,10.0,Justin Jackson,RB,Northwestern,72.0,199.0,4.52,13.0,38.5,122.0,6.81,4.07,RB,51.0,4.588157894736842,,,,,,,,,,1142.0,5440.0,4.8,41.0,122.0,858.0,7.0,1.0,,,,,,,,,,,,
2018,7,253,CIN,False,WR,WR,O,Florida St.,21.0,2021.0,0,0,1,5.0,Auden Tate,WR,Florida State,77.0,228.0,4.68,,31.0,112.0,,,WR,30.0,23.46666666666667,,,,,,,,,,,,,,,,,,65.0,957.0,14.7,16.0,31.9,,,,,,,
2018,7,254,ARI,False,T,OL,O,Cincinnati,23.0,2022.0,0,0,0,2.0,,,,,,,,,,,,OL,9.0,,,,,,,,,,,,,,,,,,,,,,,,,,,,,,
2018,7,256,WAS,False,WR,WR,O,SMU,22.0,2020.0,0,0,0,2.0,Trey Quinn,WR,SMU,71.0,203.0,4.55,17.0,33.5,116.0,6.91,4.19,WR,38.0,5.97037037037037,,,,,,,,,,,,,,,,,,136.0,1512.0,11.1,13.0,39.8,,,,,,,
2019,1,1,ARI,False,QB,QB,O,Oklahoma,22.0,2025.0,0,2,5,71.0,Kyler Murray,QB,Oklahoma,70.0,207.0,,,,,,,QB,29.0,21.76153846153846,350.0,519.0,67.4,5406.0,50.0,14.0,10.4,11.13,186.4,,,,,,,,,,,,,,,,,,,,
2019,1,2,SFO,False,DE,DL,D,Ohio St.,21.0,2025.0,1,5,5,58.0,Nick Bosa,DL,Ohio State,76.0,266.0,4.79,29.0,33.5,116.0,7.1,4.14,DE,30.0,25.5875,,,,,,,,,,,,,,,,,,,,,,,17.5,47.0,30.0,77.0,29.0,,
2019,1,3,NYJ,False,DT,DL,D,Alabama,21.0,2025.0,1,4,6,54.0,Quinnen Williams,DL,Alabama,75.0,303.0,4.83,,30.5,112.0,,,DL,29.0,34.9,,,,,,,,,,,,,,,,,,,,,,,10.0,56.0,35.0,91.0,26.0,,
2019,1,4,OAK,False,DE,DL,D,Clemson,22.0,2025.0,0,0,4,12.0,Clelin Ferrell,EDGE,Clemson,76.0,264.0,,25.0,,,7.26,4.4,DE,45.0,28.44583333333333,,,,,,,,,,,,,,,,,,,,,,,27.0,84.0,81.0,165.0,50.0,,
2019,1,5,TAM,False,LB,LB,D,LSU,21.0,2025.0,0,1,5,45.0,Devin White,LB,LSU,72.0,237.0,4.42,22.0,39.5,118.0,7.07,4.17,LB,38.0,23.24705882352941,,,,,,,,,,,,,,,,,,,,,,,8.5,114.0,172.0,286.0,29.0,,
2019,1,6,NYG,False,QB,QB,O,Duke,22.0,2025.0,0,0,5,40.0,Daniel Jones,QB,Duke,77.0,221.0,4.81,,33.5,120.0,7.0,4.41,QB,36.0,1.4023529411764704,764.0,1275.0,59.9,8201.0,52.0,29.0,6.4,6.22,227.8,,,,,,,,,,,,,,,,,,,,
2019,1,7,JAX,False,LB,LB,D,Kentucky,22.0,2025.0,0,2,5,45.0,Josh Allen,EDGE,Kentucky,77.0,262.0,4.63,28.0,,118.0,7.15,4.23,LB,51.0,-3.3159574468085107,,,,,,,,,,,,,,,,,,,,,,,31.5,120.0,99.0,219.0,41.0,,
2019,1,8,DET,False,TE,TE,O,Iowa,22.0,2025.0,0,2,3,16.0,T.J. Hockenson,TE,Iowa,77.0,251.0,4.7,17.0,37.5,123.0,7.02,4.18,TE,26.0,12.3,,,,,,,,,,,,,,,,,,73.0,1080.0,14.8,9.0,41.5,,,,,,,
2019,1,9,BUF,False,DT,DL,D,Houston,21.0,2025.0,0,0,5,43.0,Ed Oliver,DL,Houston,74.0,287.0,,32.0,36.0,120.0,,,DT,33.0,6.288235294117648,,,,,,,,,,,,,,,,,,,,,,,13.5,123.0,70.0,193.0,53.5,,
2019,1,10,PIT,False,LB,LB,D,Michigan,21.0,2025.0,0,0,3,21.0,Devin Bush,LB,Michigan,71.0,234.0,4.43,21.0,40.5,124.0,6.93,4.23,LB,38.0,21.616,,,,,,,,,,,,,,,,,,,,,,,10.0,83.0,108.0,191.0,19.0,,
2019,1,11,CIN,False,G,OL,O,Alabama,21.0,2025.0,0,0,4,31.0,Jonah Williams,OT,Alabama,76.0,302.0,5.12,23.0,28.0,100.0,8.01,4.79,,,,,,,,,,,,,,,,,,,,,,,,,,,,,,,,
2019,1,12,GNB,False,LB,LB,D,Michigan,21.0,2025.0,0,1,4,36.0,Rashan Gary,DL,Michigan,76.0,277.0,4.58,26.0,38.0,120.0,7.26,4.29,DE,35.0,22.0,,,,,,,,,,,,,,,,,,,,,,,10.5,55.0,81.0,136.0,24.5,,
2019,1,13,MIA,False,DT,DL,D,Clemson,23.0,2024.0,0,0,5,34.0,Christian Wilkins,DL,Clemson,75.0,315.0,5.04,28.0,29.5,107.0,,4.55,DT,58.0,28.17659574468085,,,,,,,,,,,,,,,,,,,,,,,16.0,94.0,97.0,191.0,41.0,,
2019,1,14,ATL,False,G,OL,O,Boston Col.,22.0,2025.0,0,4,5,49.0,Chris Lindstrom,OL,Boston Col.,76.0,308.0,4.91,25.0,30.5,117.0,7.61,4.54,OL,37.0,3.5,,,,,,,,,,,,,,,,,,,,,,,,,,,,,
2019,1,15,WAS,False,QB,QB,O,Ohio St.,22.0,2020.0,0,0,0,4.0,Dwayne Haskins,QB,Ohio State,75.0,231.0,5.04,,28.5,,,,QB,22.0,26.85675675675676,413.0,590.0,70.0,5396.0,54.0,9.0,9.1,10.29,245.3,,,,,,,,,,,,,,,,,,,,
2019,1,16,CAR,False,DE,DL,D,Florida St.,21.0,2025.0,0,3,5,34.0,Brian Burns,EDGE,Florida State,77.0,249.0,4.53,,36.0,129.0,7.01,,DE,38.0,16.375,,,,,,,,,,,,,,,,,,,,,,,24.0,72.0,52.0,124.0,39.5,,
2019,1,17,NYG,False,DT,DL,D,Clemson,21.0,2025.0,0,3,5,55.0,Dexter Lawrence,DL,Clemson,76.0,342.0,5.05,36.0,,,,,DT,40.0,28.665625,,,,,,,,,,,,,,,,,,,,,,,11.0,53.0,81.0,134.0,20.0,,
2019,1,18,MIN,False,C,OL,O,North Carolina St.,24.0,2025.0,0,0,6,32.0,Garrett Bradbury,OL,North Carolina State,75.0,306.0,4.92,34.0,31.0,104.0,7.41,4.53,G,37.0,9.4,,,,,,,,,,,,,,,,,,,,,,,,,,,,,
2019,1,19,TEN,False,DT,DL,D,Mississippi St.,22.0,2025.0,1,4,6,62.0,,,,,,,,,,,,DL,38.0,15.179310344827586,,,,,,,,,,,,,,,,,,,,,,,7.0,59.0,104.0,163.0,32.5,,
2019,1,20,DEN,False,TE,TE,O,Iowa,21.0,2025.0,0,0,5,14.0,Noah Fant,TE,Iowa,76.0,249.0,4.5,20.0,39.5,127.0,6.81,4.22,TE,35.0,11.3,,,,,,,,,,,,,,,,,,78.0,1083.0,13.9,19.0,30.9,,,,,,,
2019,1,21,GNB,False,S,DB,D,Maryland,22.0,2025.0,0,0,6,21.0,Darnell Savage,S,Maryland,71.0,198.0,4.36,11.0,39.5,126.0,7.03,4.14,DB,46.0,-1.4414634146341463,,,,,,,,,,,,,,,,,,,,,,,,,,,,8.0,14.0
2019,1,22,PHI,False,T,OL,O,Washington St.,23.0,2024.0,0,0,1,6.0,Andre Dillard,OT,Washington State,77.0,315.0,4.96,24.0,29.0,118.0,7.44,4.4,OL,28.0,8.75,,,,,,,,,,,,,,,,,,,,,,,,,,,,,
2019,1,23,HOU,False,T,OL,O,Alabama St.,23.0,2025.0,0,0,5,36.0,Tytus Howard,OT,Alabama State,77.0,322.0,5.05,21.0,29.5,103.0,8.34,4.87,,,,,,,,,,,,,,,,,,,,,,,,,,,,,,,,
2019,1,24,OAK,False,RB,RB,O,Alabama,21.0,2025.0,1,3,6,38.0,Josh Jacobs,RB,Alabama,70.0,220.0,,,,,,,RB,42.0,,,,,,,,,,,251.0,1491.0,5.9,16.0,48.0,571.0,11.9,5.0,,,,,,,,,,,,
2019,1,25,BAL,False,WR,WR,O,Oklahoma,22.0,2025.0,0,0,4,24.0,Marquise Brown,WR,Oklahoma,69.0,166.0,,,,,,,WR,27.0,25.23913043478261,,,,,,,,,,,,,,,,,,132.0,2413.0,18.3,17.0,89.4,,,,,,,
2019,1,26,WAS,False,DE,DL,D,Mississippi St.,23.0,2025.0,0,1,5,28.0,Montez Sweat,EDGE,Mississippi State,78.0,260.0,4.41,21.0,36.0,125.0,7.0,4.29,DE,30.0,18.96470588235294,,,,,,,,,,,,,,,,,,,,,,,22.5,50.0,55.0,105.0,30.0,,
2019,1,27,OAK,False,S,DB,D,Mississippi St.,22.0,2024.0,0,0,2,10.0,Johnathan Abram,S,Mississippi State,71.0,205.0,4.45,,,116.0,,,S,36.0,20.8,,,,,,,,,,,,,,,,,,,,,,,,,,,,2.0,10.0
2019,1,28,LAC,False,DT,DL,D,Notre Dame,22.0,2025.0,0,0,2,14.0,Jerry Tillery,DL,Notre Dame,78.0,295.0,4.93,23.0,32.0,115.0,7.45,4.33,DL,50.0,19.066666666666663,,,,,,,,,,,,,,,,,,,,,,,13.5,72.0,63.0,135.0,24.5,,
2019,1,29,SEA,False,DE,DL,D,TCU,23.0,2025.0,0,0,2,10.0,L.J. Collier,DL,TCU,74.0,283.0,4.91,25.0,30.0,118.0,7.71,4.78,DE,42.0,13.328,,,,,,,,,,,,,,,,,,,,,,,14.5,44.0,38.0,82.0,20.5,,
2019,1,30,NYG,False,CB,DB,D,Georgia,22.0,2021.0,0,0,1,5.0,Deandre Baker,CB,Georgia,71.0,193.0,4.52,14.0,,118.0,,,CB,51.0,22.67948717948718,,,,,,,,,,,,,,,,,,,,,,,,,,,,1.0,7.0
2019,1,31,ATL,False,T,OL,O,Washington,24.0,2024.0,0,0,6,39.0,Kaleb McGary,OT,Washington,79.0,317.0,5.05,23.0,33.5,111.0,7.66,4.58,OL,27.0,26.7,,,,,,,,,,,,,,,,,,,,,,,,,,,,,
2019,1,32,NWE,False,WR,WR,O,Arizona St.,21.0,2023.0,0,0,1,6.0,N'Keal Harry,WR,Arizona State,74.0,228.0,4.53,27.0,38.5,122.0,,,WR,37.0,1.4102564102564104,,,,,,,,,,,,,,,,,,213.0,2889.0,13.6,22.0,78.1,,,,,,,
2019,2,33,ARI,False,CB,DB,D,Washington,21.0,2025.0,0,1,5,16.0,Byron Murphy,CB,Washington,71.0,190.0,4.55,14.0,36.5,120.0,,,DB,20.0,21.0,,,,,,,,,,,,,,,,,,,,,,,,,,,,7.0,20.0
2019,2,34,IND,False,CB,DB,D,Temple,23.0,2025.0,0,0,1,11.0,Rock Ya-Sin,CB,Temple,72.0,192.0,4.51,18.0,39.5,120.0,7.31,4.31,CB,12.0,2.9,,,,,,,,,,,,,,,,,,,,,,,,,,,,2.0,12.0
2019,2,35,JAX,False,T,OL,O,Florida,21.0,2025.0,0,0,6,25.0,Jawaan Taylor,OT,Florida,77.0,312.0,,24.0,,,,,OL,37.0,23.0,,,,,,,,,,,,,,,,,,,,,,,,,,,,,
2019,2,36,SFO,False,WR,WR,O,South Carolina,23.0,2025.0,1,1,5,47.0,Deebo Samuel,WR,South Carolina,71.0,214.0,4.48,15.0,39.0,122.0,7.03,4.14,WR,30.0,4.5755319148936175,,,,,,,,,,,,,,,,,,148.0,2076.0,14.0,16.0,69.2,,,,,,,
2019,2,37,CAR,False,T,OL,O,Mississippi,21.0,2022.0,0,0,0,3.0,Greg Little,OT,Mississippi,77.0,310.0,5.33,,25.0,113.0,,4.74,,,,,,,,,,,,,,,,,,,,,,,,,,,,,,,,
2019,2,38,BUF,False,T,OL,O,Oklahoma,22.0,2025.0,0,0,1,13.0,Cody Ford,OT,Oklahoma,76.0,329.0,5.21,19.0,28.5,104.0,8.27,4.87,,,,,,,,,,,,,,,,,,,,,,,,,,,,,,,,
2019,2,39,TAM,False,CB,DB,D,Central Michigan,22.0,2024.0,0,0,3,14.0,Sean Bunting,CB,Central Michigan,72.0,195.0,4.42,14.0,41.5,126.0,,,DB,38.0,-11.695652173913045,,,,,,,,,,,,,,,,,,,,,,,,,,,,9.0,15.0
2019,2,40,OAK,False,CB,DB,D,Clemson,21.0,2022.0,0,0,2,11.0,Trayvon Mullen,CB,Clemson,73.0,199.0,4.46,,34.5,123.0,,,CB,41.0,28.426470588235293,,,,,,,,,,,,,,,,,,,,,,,,,,,,4.0,7.0
2019,2,41,DEN,False,T,OL,O,Kansas St.,24.0,2025.0,0,0,5,20.0,Dalton Risner,OT,Kansas State,77.0,312.0,5.3,23.0,28.5,110.0,7.69,4.52,OL,26.0,4.574999999999999,,,,,,,,,,,,,,,,,,,,,,,,,,,,,
2019,2,42,DEN,False,QB,QB,O,Missouri,22.0,2025.0,0,0,1,12.0,Drew Lock,QB,Missouri,76.0,228.0,4.69,,31.0,112.0,7.03,4.12,QB,50.0,8.39342105263158,883.0,1553.0,56.9,12193.0,99.0,39.0,7.9,8.0,243.9,,,,,,,,,,,,,,,,,,,,
2019,2,43,DET,False,LB,LB,D,Hawaii,22.0,2025.0,0,0,4,7.0,Jahlani Tavai,LB,Hawaii,74.0,250.0,,,,,,,LB,47.0,-13.913157894736845,,,,,,,,,,,,,,,,,,,,,,,17.5,219.0,171.0,390.0,41.0,,
2019,2,44,GNB,False,C,OL,O,Mississippi St.,23.0,2025.0,0,2,5,48.0,Elgton Jenkins,OL,Mississippi State,76.0,310.0,,29.0,28.0,109.0,7.77,4.62,OL,36.0,,,,,,,,,,,,,,,,,,,,,,,,,,,,,,
2019,2,45,NWE,False,CB,DB,D,Vanderbilt,21.0,2023.0,0,0,0,3.0,Joejuan Williams,CB,Vanderbilt,76.0,211.0,4.64,17.0,,,,,CB,36.0,3.176,,,,,,,,,,,,,,,,,,,,,,,,,,,,4.0,26.0
2019,2,46,CLE,False,CB,DB,D,LSU,21.0,2022.0,0,0,1,8.0,Greedy Williams,CB,LSU,74.0,185.0,4.37,,,,,,CB,25.0,,,,,,,,,,,,,,,,,,,,,,,,,,,,,8.0,20.0
2019,2,47,SEA,False,S,DB,D,Utah,22.0,2024.0,0,0,0,2.0,Marquise Blair,S,Utah,73.0,195.0,4.48,,35.0,125.0,,,DB,23.0,14.514285714285714,,,,,,,,,,,,,,,,,,,,,,,,,,,,2.0,4.0
2019,2,48,NOR,False,C,OL,O,Texas A&M,22.0,2025.0,0,2,5,35.0,Erik McCoy,OL,Texas A&M,76.0,303.0,4.89,29.0,31.0,107.0,8.28,4.62,OL,27.0,14.333333333333334,,,,,,,,,,,,,,,,,,,,,,,,,,,,,
2019,2,49,IND,False,LB,LB,D,TCU,23.0,2022.0,0,0,0,4.0,Ben Banogu,EDGE,TCU,75.0,250.0,4.62,23.0,40.0,134.0,7.02,4.27,DL,40.0,11.841176470588234,,,,,,,,,,,,,,,,,,,,,,,22.0,96.0,55.0,151.0,49.0,,
2019,2,50,MIN,False,TE,TE,O,Alabama,21.0,2024.0,0,0,0,8.0,Irv Smith,TE,Alabama,74.0,242.0,4.63,19.0,32.5,110.0,7.32,4.33,TE,29.0,35.74,,,,,,,,,,,,,,,,,,58.0,838.0,14.4,10.0,28.9,,,,,,,
2019,2,51,TEN,False,WR,WR,O,Mississippi,22.0,2025.0,0,3,6,25.0,A.J. Brown,WR,Mississippi,72.0,226.0,4.49,19.0,36.5,120.0,,,WR,36.0,11.485714285714286,,,,,,,,,,,,,,,,,,189.0,2984.0,15.8,19.0,82.9,,,,,,,
2019,2,52,CIN,False,TE,TE,O,Washington,23.0,2025.0,0,0,3,7.0,Drew Sample,TE,Washington,77.0,255.0,4.71,,33.5,115.0,7.15,4.31,TE,51.0,18.11875,,,,,,,,,,,,,,,,,,46.0,487.0,10.6,5.0,9.5,,,,,,,
2019,2,53,PHI,False,RB,RB,O,Penn St.,22.0,2025.0,0,1,4,29.0,Miles Sanders,RB,Penn State,71.0,211.0,4.49,20.0,36.0,124.0,6.89,4.19,RB,38.0,21.571428571428573,,,,,,,,,,276.0,1649.0,6.0,12.0,32.0,193.0,6.0,1.0,,,,,,,,,,,,
2019,2,54,HOU,False,CB,DB,D,Kentucky,23.0,2025.0,0,0,0,8.0,Lonnie Johnson,CB,Kentucky,74.0,213.0,4.52,15.0,38.0,129.0,7.01,4.1,CB,26.0,9.055555555555555,,,,,,,,,,,,,,,,,,,,,,,,,,,,1.0,9.0
2019,2,55,HOU,False,T,OL,O,Northern Illinois,23.0,2024.0,0,0,3,16.0,Max Scharping,OT,Northern Illinois,78.0,327.0,,27.0,28.0,108.0,7.77,4.69,OL,27.0,-1.4,,,,,,,,,,,,,,,,,,,,,,,,,,,,,
2019,2,56,KAN,False,WR,WR,O,Georgia,21.0,2025.0,0,1,0,23.0,Mecole Hardman,WR,Georgia,70.0,187.0,4.33,17.0,36.5,119.0,,,WR,29.0,26.383333333333333,,,,,,,,,,,,,,,,,,59.0,950.0,16.1,11.0,32.8,,,,,,,
2019,2,57,PHI,False,WR,WR,O,Stanford,22.0,2021.0,0,0,0,2.0,J.J. Arcega-Whiteside,WR,Stanford,74.0,225.0,,,,,,,WR,36.0,15.528,,,,,,,,,,,,,,,,,,135.0,2219.0,16.4,28.0,61.6,,,,,,,
2019,2,58,DAL,False,DT,DL,D,Central Florida,21.0,2024.0,0,0,0,5.0,Trysten Hill,DL,Central Florida,75.0,308.0,5.04,28.0,35.0,115.0,7.7,4.38,DL,38.0,11.735483870967744,,,,,,,,,,,,,,,,,,,,,,,6.0,40.0,31.0,71.0,19.5,,
2019,2,59,IND,False,WR,WR,O,Ohio St.,22.0,2025.0,0,0,1,9.0,Parris Campbell,WR,Ohio State,72.0,205.0,4.31,11.0,40.0,135.0,,4.03,WR,48.0,26.171875,,,,,,,,,,,,,,,,,,143.0,1768.0,12.4,15.0,36.8,,,,,,,
2019,2,60,LAC,False,S,DB,D,Delaware,22.0,2022.0,0,0,3,13.0,Nasir Adderley,S,Delaware,72.0,206.0,,,,,,,,,,,,,,,,,,,,,,,,,,,,,,,,,,,,,,
2019,2,61,LAR,False,S,DB,D,Washington,21.0,2025.0,0,0,4,18.0,Taylor Rapp,S,Washington,72.0,208.0,,17.0,35.0,115.0,6.82,3.99,DB,40.0,22.65,,,,,,,,,,,,,,,,,,,,,,,,,,,,7.0,7.0
2019,2,62,ARI,False,WR,WR,O,Massachusetts,22.0,2023.0,0,0,0,4.0,Andy Isabella,WR,Massachusetts,69.0,188.0,4.31,15.0,36.5,121.0,6.95,4.15,WR,36.0,-12.56590909090909,,,,,,,,,,,,,,,,,,229.0,3519.0,15.4,30.0,97.8,,,,,,,
2019,2,63,KAN,False,S,DB,D,Virginia,23.0,2025.0,0,0,5,17.0,Juan Thornhill,S,Virginia,72.0,205.0,4.42,21.0,44.0,141.0,,,S,46.0,1.3666666666666667,,,,,,,,,,,,,,,,,,,,,,,,,,,,13.0,26.0
2019,2,64,SEA,False,WR,WR,O,Mississippi,21.0,2025.0,0,2,6,50.0,D.K. Metcalf,WR,Mississippi,75.0,228.0,4.33,27.0,40.5,134.0,7.38,4.5,WR,21.0,11.266666666666667,,,,,,,,,,,,,,,,,,67.0,1228.0,18.3,14.0,58.5,,,,,,,
2019,3,65,ARI,False,DE,DL,D,Boston Col.,22.0,2025.0,1,1,5,14.0,Zach Allen,DL,Boston Col.,76.0,281.0,5.0,24.0,32.0,112.0,7.34,4.36,DE,50.0,2.646753246753246,,,,,,,,,,,,,,,,,,,,,,,18.5,93.0,106.0,199.0,40.5,,
2019,3,66,PIT,False,WR,WR,O,Toledo,23.0,2024.0,0,1,5,33.0,Diontae Johnson,WR,Toledo,70.0,183.0,4.53,15.0,33.5,123.0,7.09,4.45,WR,38.0,4.785714285714286,,,,,,,,,,,,,,,,,,137.0,2276.0,16.6,24.0,59.9,,,,,,,
2019,3,69,JAX,False,TE,TE,O,San Jose St.,22.0,2025.0,0,0,3,0.0,Josh Oliver,TE,San Jose State,77.0,249.0,4.63,22.0,34.0,117.0,7.21,4.47,TE,48.0,-14.231818181818182,,,,,,,,,,,,,,,,,,98.0,1067.0,10.9,7.0,22.2,,,,,,,
2019,3,70,LAR,False,RB,RB,O,Memphis,22.0,2023.0,0,0,1,15.0,Darrell Henderson,RB,Memphis,68.0,208.0,4.49,22.0,33.5,121.0,,,RB,38.0,8.255555555555555,,,,,,,,,,431.0,3545.0,8.2,36.0,63.0,758.0,12.0,8.0,,,,,,,,,,,,
2019,3,71,DEN,False,DT,DL,D,Ohio St.,22.0,2025.0,0,0,4,16.0,Dre'Mont Jones,DL,Ohio State,75.0,281.0,5.12,,31.5,110.0,7.71,4.53,DL,39.0,25.375,,,,,,,,,,,,,,,,,,,,,,,9.5,58.0,57.0,115.0,22.0,,
2019,3,72,CIN,False,LB,LB,D,North Carolina St.,23.0,2025.0,0,0,6,37.0,Germaine Pratt,LB,North Carolina State,74.0,240.0,4.57,24.0,32.5,116.0,,,S,26.0,11.43939393939394,,,,,,,,,,,,,,,,,,,,,,,,,,,,1.0,4.0
2019,3,73,CHI,False,RB,RB,O,Iowa St.,22.0,2025.0,0,0,5,26.0,David Montgomery,RB,Iowa State,70.0,222.0,4.63,15.0,28.5,121.0,,,RB,37.0,5.691304347826088,,,,,,,,,,624.0,2925.0,4.7,26.0,71.0,582.0,8.2,0.0,,,,,,,,,,,,
2019,3,74,BUF,False,RB,RB,O,Florida Atlantic,22.0,2025.0,0,0,5,28.0,Devin Singletary,RB,Florida Atlantic,67.0,203.0,4.66,15.0,35.0,117.0,7.32,4.4,RB,38.0,-3.4454545454545453,,,,,,,,,,714.0,4289.0,6.0,66.0,51.0,397.0,7.8,1.0,,,,,,,,,,,,
2019,3,75,GNB,False,TE,TE,O,Texas A&M,23.0,2020.0,0,0,0,1.0,Jace Sternberger,TE,Texas A&M,76.0,251.0,4.75,17.0,31.5,113.0,7.19,4.31,TE,23.0,1.145454545454546,,,,,,,,,,,,,,,,,,49.0,837.0,17.1,10.0,36.4,,,,,,,
2019,3,76,WAS,False,WR,WR,O,Ohio St.,23.0,2025.0,0,2,6,51.0,Terry McLaurin,WR,Ohio State,72.0,208.0,4.35,18.0,37.5,125.0,7.01,4.15,WR,53.0,26.8625,,,,,,,,,,,,,,,,,,75.0,1251.0,16.7,19.0,23.6,,,,,,,
2019,3,77,NWE,False,DE,DL,D,Michigan,24.0,2023.0,0,0,0,10.0,Chase Winovich,EDGE,Michigan,75.0,256.0,4.59,18.0,30.5,116.0,6.94,4.11,DE,39.0,21.73333333333333,,,,,,,,,,,,,,,,,,,,,,,18.0,70.0,112.0,182.0,44.5,,
2019,3,78,MIA,False,G,OL,O,Wisconsin,23.0,2025.0,0,0,2,10.0,Michael Deiter,OL,Wisconsin,77.0,309.0,5.23,21.0,28.0,105.0,7.88,4.81,OL,40.0,20.20833333333333,,,,,,,,,,,,,,,,,,,,,,,,,,,,,
2019,3,79,LAR,False,CB,DB,D,Michigan,21.0,2025.0,0,0,0,6.0,David Long,CB,Michigan,71.0,196.0,4.45,15.0,39.5,120.0,6.45,3.97,DB,26.0,20.8,,,,,,,,,,,,,,,,,,,,,,,,,,,,3.0,14.0
2019,3,80,CLE,False,LB,LB,D,BYU,24.0,2025.0,0,0,1,18.0,Sione Takitaki,LB,BYU,73.0,238.0,4.63,24.0,37.0,125.0,7.21,4.28,LB,43.0,-0.6000000000000002,,,,,,,,,,,,,,,,,,,,,,,14.5,143.0,94.0,237.0,32.5,,
2019,3,81,DET,False,S,DB,D,Boston Col.,23.0,2025.0,0,0,3,11.0,Will Harris,S,Boston Col.,73.0,207.0,4.41,20.0,36.5,123.0,6.91,4.12,DB,50.0,,,,,,,,,,,,,,,,,,,,,,,,,,,,,5.0,7.0
2019,3,82,TEN,False,G,OL,O,Charlotte,22.0,2024.0,0,0,5,22.0,Nate Davis,OL,Charlotte,75.0,316.0,5.23,23.0,26.0,107.0,7.94,4.83,OL,24.0,-26.1,,,,,,,,,,,,,,,,,,,,,,,,,,,,,
2019,3,83,PIT,False,CB,DB,D,Michigan St.,21.0,2022.0,0,0,0,3.0,Justin Layne,CB,Michigan State,74.0,192.0,4.5,,37.5,134.0,6.9,4.09,CB,25.0,10.978947368421052,,,,,,,,,,,,,,,,,,,,,,,,,,,,2.0,23.0
2019,3,84,KAN,False,DT,DL,D,Western Illinois,23.0,2025.0,0,0,1,4.0,Khalen Saunders,DL,Western Illinois,72.0,324.0,5.01,27.0,30.5,101.0,7.57,4.62,,,,,,,,,,,,,,,,,,,,,,,,,,,,,,,,
2019,3,85,BAL,False,DE,DL,D,Louisiana Tech,23.0,2021.0,0,0,1,8.0,,,,,,,,,,,,DE,51.0,-3.1,,,,,,,,,,,,,,,,,,,,,,,45.0,111.0,76.0,187.0,66.5,,
2019,3,86,HOU,False,TE,TE,O,San Diego St.,22.0,2021.0,0,0,0,0.0,Kahale Warring,TE,San Diego State,77.0,252.0,4.67,19.0,36.5,122.0,7.21,4.25,TE,29.0,6.310344827586207,,,,,,,,,,,,,,,,,,51.0,637.0,12.5,8.0,22.0,,,,,,,
2019,3,87,NWE,False,RB,RB,O,Alabama,22.0,2023.0,0,0,3,15.0,Damien Harris,RB,Alabama,70.0,216.0,4.57,16.0,37.0,121.0,,,RB,56.0,32.24166666666667,,,,,,,,,,441.0,2779.0,6.3,21.0,52.0,407.0,7.8,2.0,,,,,,,,,,,,
2019,3,88,SEA,False,LB,LB,D,Utah,22.0,2025.0,0,0,3,9.0,Cody Barton,LB,Utah,74.0,237.0,4.64,30.0,32.5,116.0,6.9,4.03,LB,50.0,13.366666666666667,,,,,,,,,,,,,,,,,,,,,,,9.0,131.0,103.0,234.0,23.5,,
2019,3,89,IND,False,LB,LB,D,Stanford,23.0,2025.0,0,0,6,21.0,Bobby Okereke,LB,Stanford,73.0,239.0,4.58,,33.5,122.0,7.25,4.26,LB,50.0,14.95,,,,,,,,,,,,,,,,,,,,,,,10.5,114.0,126.0,240.0,19.0,,
2019,3,90,DAL,False,G,OL,O,Penn St.,21.0,2025.0,0,1,3,11.0,Connor McGovern,OL,Penn State,77.0,308.0,,28.0,,112.0,7.66,4.57,OL,13.0,19.0,,,,,,,,,,,,,,,,,,,,,,,,,,,,,
2019,3,91,LAC,False,T,OL,O,Sioux Falls,23.0,2025.0,0,0,3,33.0,Trey Pipkins,OT,Sioux Falls,78.0,309.0,5.12,16.0,33.5,114.0,7.61,4.7,,,,,,,,,,,,,,,,,,,,,,,,,,,,,,,,
2019,3,92,NYJ,False,T,OL,O,USC,22.0,2025.0,0,0,0,5.0,Chuma Edoga,OT,USC,75.0,308.0,5.19,21.0,,,,,T,13.0,,,,,,,,,,,,,,,,,,,,,,,,,,,,,,
2019,3,93,BAL,False,WR,WR,O,Notre Dame,22.0,2023.0,0,0,2,6.0,Miles Boykin,WR,Notre Dame,76.0,220.0,4.42,12.0,43.5,140.0,6.77,4.07,WR,36.0,18.745454545454542,,,,,,,,,,,,,,,,,,77.0,1206.0,15.7,11.0,33.5,,,,,,,
2019,3,94,TAM,False,CB,DB,D,Auburn,22.0,2025.0,0,0,4,27.0,Jamel Dean,CB,Auburn,73.0,206.0,4.3,16.0,41.0,130.0,7.02,4.19,DB,26.0,23.96666666666667,,,,,,,,,,,,,,,,,,,,,,,,,,,,2.0,17.0
2019,3,95,NYG,False,DE,DL,D,Old Dominion,22.0,2024.0,0,0,0,8.0,Oshane Ximines,EDGE,Old Dominion,75.0,253.0,4.78,24.0,34.0,118.0,7.13,4.57,DE,50.0,-10.612121212121211,,,,,,,,,,,,,,,,,,,,,,,33.0,93.0,83.0,176.0,51.5,,
2019,3,96,BUF,False,TE,TE,O,Mississippi,22.0,2025.0,0,1,6,25.0,Dawson Knox,TE,Mississippi,76.0,254.0,,16.0,34.5,,7.12,4.27,TE,27.0,11.007407407407406,,,,,,,,,,,,,,,,,,39.0,605.0,15.5,0.0,22.4,,,,,,,
2019,4,97,LAR,False,T,OL,O,Oklahoma,22.0,2022.0,0,0,0,7.0,Bobby Evans,OT,Oklahoma,76.0,312.0,5.2,22.0,,,,,OL,15.0,24.9,,,,,,,,,,,,,,,,,,,,,,,,,,,,,
2019,4,98,JAX,False,S,DB,D,Murray St.,23.0,2025.0,1,0,5,2.0,,,,,,,,,,,,,,,,,,,,,,,,,,,,,,,,,,,,,,,,,,,
2019,4,99,TAM,False,S,DB,D,Kentucky,23.0,2025.0,0,0,1,14.0,Mike Edwards,S,Kentucky,70.0,205.0,,,,,,,S,51.0,-3.5463157894736845,,,,,,,,,,,,,,,,,,,,,,,,,,,,10.0,23.0
2019,4,100,CAR,False,QB,QB,O,West Virginia,24.0,2019.0,0,0,0,1.0,Will Grier,QB,West Virginia,74.0,217.0,4.84,,34.0,112.0,7.09,4.28,QB,28.0,10.42909090909091,622.0,946.0,65.8,8558.0,81.0,23.0,9.0,9.66,305.6,,,,,,,,,,,,,,,,,,,,
2019,4,101,NWE,False,T,OL,O,West Virginia,23.0,2022.0,0,0,0,4.0,Yodny Cajuste,OT,West Virginia,77.0,312.0,,32.0,,,,,OL,18.0,13.2,,,,,,,,,,,,,,,,,,,,,,,,,,,,,
2019,4,102,MIN,False,RB,RB,O,Boise St.,21.0,2024.0,0,0,1,18.0,Alexander Mattison,RB,Boise State,71.0,221.0,4.67,22.0,35.0,127.0,7.13,4.29,RB,40.0,11.196153846153845,,,,,,,,,,581.0,2829.0,4.9,33.0,60.0,511.0,8.5,1.0,,,,,,,,,,,,
2019,4,104,CIN,False,QB,QB,O,North Carolina St.,24.0,2020.0,0,0,0,2.0,Ryan Finley,QB,North Carolina State,76.0,213.0,4.73,,30.5,116.0,7.2,4.2,QB,47.0,11.091891891891892,939.0,1462.0,64.2,11147.0,63.0,30.0,7.6,7.56,237.2,,,,,,,,,,,,,,,,,,,,
2019,4,105,NOR,False,S,DB,D,Florida,21.0,2025.0,0,0,4,10.0,Chauncey Gardner-Johnson,S,Florida,71.0,210.0,4.48,17.0,36.0,117.0,7.03,4.2,DB,37.0,,,,,,,,,,,,,,,,,,,,,,,,,,,,,9.0,12.0
2019,4,106,OAK,False,DE,DL,D,Eastern Michigan,22.0,2025.0,0,5,6,61.0,Maxx Crosby,DL,East. Michigan,77.0,255.0,4.66,,36.0,122.0,6.89,4.13,DL,37.0,-5.064516129032258,,,,,,,,,,,,,,,,,,,,,,,20.0,73.0,89.0,162.0,41.0,,
2019,4,107,TAM,False,DE,DL,D,Iowa,22.0,2025.0,0,0,0,17.0,Anthony Nelson,DL,Iowa,79.0,271.0,4.82,18.0,35.5,118.0,6.95,4.23,DE,39.0,11.404166666666669,,,,,,,,,,,,,,,,,,,,,,,23.0,59.0,60.0,119.0,31.0,,
2019,4,108,NYG,False,CB,DB,D,Notre Dame,21.0,2025.0,0,1,3,12.0,Julian Love,CB,Notre Dame,71.0,195.0,4.54,14.0,36.0,121.0,6.72,4.1,CB,38.0,18.933333333333334,,,,,,,,,,,,,,,,,,,,,,,,,,,,5.0,39.0
2019,4,109,IND,False,S,DB,D,Michigan St.,23.0,2021.0,0,0,1,12.0,Khari Willis,S,Michigan State,71.0,213.0,4.52,22.0,34.5,118.0,,,S,45.0,11.382758620689655,,,,,,,,,,,,,,,,,,,,,,,,,,,,4.0,16.0
2019,4,110,SFO,False,P,P,S,Utah,27.0,2025.0,0,0,2,9.0,Mitch Wishnowsky,P,Utah,74.0,218.0,4.63,,32.5,117.0,,,,,,,,,,,,,,,,,,,,,,,,,,,,,,,,,,
2019,4,111,ATL,False,CB,DB,D,Ohio St.,23.0,2025.0,0,0,0,6.0,Kendall Sheffield,CB,Ohio State,71.0,193.0,,,,,,,CB,28.0,27.33809523809524,,,,,,,,,,,,,,,,,,,,,,,,,,,,2.0,17.0
2019,4,113,BAL,False,RB,RB,O,Oklahoma St.,21.0,2025.0,0,0,0,17.0,Justice Hill,RB,Oklahoma State,70.0,198.0,4.4,21.0,40.0,130.0,,,RB,36.0,16.188372093023258,,,,,,,,,,632.0,3539.0,5.6,30.0,49.0,304.0,6.2,1.0,,,,,,,,,,,,
2019,4,114,MIN,False,G,OL,O,Oklahoma,22.0,2020.0,0,0,0,2.0,Dru Samia,OT,Oklahoma,77.0,305.0,5.29,28.0,27.5,101.0,7.89,4.7,OL,12.0,,,,,,,,,,,,,,,,,,,,,,,,,,,,,,
2019,4,115,CAR,False,LB,LB,D,Alabama,23.0,2019.0,0,0,0,1.0,Christian Miller,EDGE,Alabama,75.0,247.0,,,38.5,118.0,,,LB,45.0,34.141666666666666,,,,,,,,,,,,,,,,,,,,,,,11.5,25.0,33.0,58.0,16.0,,
2019,4,116,TEN,False,S,DB,D,Iowa,21.0,2025.0,0,0,4,24.0,Amani Hooker,S,Iowa,71.0,210.0,4.48,14.0,37.0,123.0,6.81,4.1,DB,37.0,11.325641025641026,,,,,,,,,,,,,,,,,,,,,,,,,,,,6.0,9.0
2019,4,117,DET,False,DE,DL,D,Clemson,22.0,2023.0,0,0,0,5.0,Austin Bryant,EDGE,Clemson,76.0,271.0,,,,,,,DE,50.0,27.968,,,,,,,,,,,,,,,,,,,,,,,20.0,69.0,60.0,129.0,36.0,,
2019,4,118,NWE,False,G,OL,O,Arkansas,23.0,2025.0,0,0,2,0.0,Hjalte Froholdt,OL,Arkansas,77.0,306.0,5.2,31.0,27.5,105.0,7.51,4.54,OL,12.0,2.1,,,,,,,,,,,,,,,,,,,,,,,,,,,,,
2019,4,119,CLE,False,S,DB,D,Miami (FL),22.0,2023.0,0,0,0,4.0,Sheldrick Redwine,S,Miami (FL),72.0,196.0,4.44,,39.0,130.0,,4.14,DB,49.0,15.60625,,,,,,,,,,,,,,,,,,,,,,,,,,,,5.0,10.0
2019,4,121,NYJ,False,TE,TE,O,West Virginia,23.0,2023.0,0,0,1,0.0,Trevon Wesco,TE,West Virginia,75.0,267.0,4.89,24.0,31.0,117.0,7.18,4.38,TE,34.0,11.44074074074074,,,,,,,,,,,,,,,,,,28.0,373.0,13.3,2.0,11.0,,,,,,,
2019,4,122,PIT,False,RB,RB,O,Kentucky,21.0,2022.0,0,0,0,8.0,Benny Snell,RB,Kentucky,70.0,224.0,4.66,16.0,29.5,119.0,7.07,4.33,RB,39.0,,,,,,,,,,,737.0,3873.0,5.3,48.0,29.0,216.0,7.4,0.0,,,,,,,,,,,,
2019,4,123,BAL,False,G,OL,O,Oklahoma,22.0,2025.0,0,0,5,14.0,Ben Powers,OL,Oklahoma,76.0,307.0,,21.0,,,,,OL,38.0,25.5,,,,,,,,,,,,,,,,,,,,,,,,,,,,,
2019,4,124,SEA,False,G,OL,O,Wake Forest,23.0,2023.0,0,0,0,6.0,Phil Haynes,OL,Wake Forest,76.0,322.0,5.2,33.0,31.0,108.0,7.76,4.95,OL,38.0,1.5,,,,,,,,,,,,,,,,,,,,,,,,,,,,,
2019,4,125,CIN,False,DT,DL,D,Arizona St.,23.0,2022.0,0,0,0,2.0,Renell Wren,DL,Arizona State,77.0,318.0,5.01,30.0,32.0,118.0,7.65,4.53,DL,42.0,1.0,,,,,,,,,,,,,,,,,,,,,,,3.0,51.0,30.0,81.0,14.5,,
2019,4,126,CHI,False,WR,WR,O,Georgia,23.0,2020.0,0,0,0,1.0,Riley Ridley,WR,Georgia,73.0,199.0,4.58,13.0,30.5,124.0,7.22,4.28,WR,39.0,22.23125,,,,,,,,,,,,,,,,,,70.0,1026.0,14.7,13.0,26.3,,,,,,,
2019,4,127,BAL,False,CB,DB,D,USC,22.0,2019.0,0,0,0,0.0,Iman Lewis-Marshall,CB,USC,73.0,207.0,4.53,16.0,,,,,CB,50.0,17.93103448275862,,,,,,,,,,,,,,,,,,,,,,,,,,,,6.0,36.0
2019,4,128,DAL,False,RB,RB,O,Memphis,22.0,2025.0,0,1,2,34.0,Tony Pollard,RB,Memphis,72.0,210.0,4.52,13.0,35.0,121.0,,,WR,27.0,8.151898734177216,,,,,,,,,,,,,,,,,,68.0,756.0,11.1,5.0,28.0,,,,,,,
2019,5,129,OAK,False,CB,DB,D,Houston,23.0,2020.0,0,0,0,1.0,Isaiah Johnson,CB,Houston,74.0,208.0,4.4,,36.5,133.0,6.81,4.06,CB,23.0,0.2606060606060604,,,,,,,,,,,,,,,,,,,,,,,,,,,,4.0,14.0
2019,5,130,LAC,False,LB,LB,D,Notre Dame,24.0,2025.0,0,0,2,13.0,Drue Tranquill,LB,Notre Dame,74.0,234.0,4.57,31.0,37.5,122.0,6.94,4.14,LB,26.0,18.581818181818186,,,,,,,,,,,,,,,,,,,,,,,5.0,107.0,64.0,171.0,19.5,,
2019,5,131,WAS,False,G,OL,O,Indiana,23.0,2022.0,0,0,0,4.0,,,,,,,,,,,,OL,25.0,10.2,,,,,,,,,,,,,,,,,,,,,,,,,,,,,
2019,5,132,SEA,False,S,DB,D,Oregon,22.0,2025.0,0,0,1,6.0,Ugo Amadi,S,Oregon,69.0,199.0,4.51,18.0,32.5,115.0,7.21,4.19,CB,51.0,,,,,,,,,,,,,,,,,,,,,,,,,,,,,8.0,25.0
2019,5,133,NWE,False,QB,QB,O,Auburn,23.0,2025.0,0,0,0,1.0,Jarrett Stidham,QB,Auburn,74.0,218.0,4.81,,31.0,110.0,7.28,4.33,QB,37.0,22.40625,545.0,848.0,64.3,7217.0,48.0,13.0,8.5,8.95,195.1,,,,,,,,,,,,,,,,,,,,
2019,5,134,LAR,False,DT,DL,D,Washington,23.0,2025.0,0,0,2,13.0,Greg Gaines,DL,Washington,73.0,312.0,5.16,30.0,31.0,109.0,,,DL,54.0,22.385714285714283,,,,,,,,,,,,,,,,,,,,,,,8.5,74.0,74.0,148.0,20.5,,
2019,5,135,ATL,False,DE,DL,D,Charleston (WV),23.0,2023.0,0,0,1,3.0,John Cominsky,DL,Charleston,77.0,286.0,4.69,22.0,33.5,116.0,7.03,4.38,,,,,,,,,,,,,,,,,,,,,,,,,,,,,,,,
2019,5,136,CIN,False,G,OL,O,Ohio St.,21.0,2025.0,0,0,3,8.0,Michael Jordan,OT,Ohio State,78.0,312.0,5.27,19.0,32.5,116.0,7.71,4.71,,,,,,,,,,,,,,,,,,,,,,,,,,,,,,,,
2019,5,137,OAK,False,TE,TE,O,LSU,22.0,2025.0,0,0,5,8.0,Foster Moreau,TE,LSU,76.0,253.0,4.66,22.0,36.5,121.0,7.16,4.11,TE,49.0,23.05135135135135,,,,,,,,,,,,,,,,,,52.0,629.0,12.1,6.0,12.8,,,,,,,
2019,5,138,PHI,False,DE,DL,D,Penn St.,22.0,2019.0,0,0,0,0.0,Shareef Miller,EDGE,Penn State,76.0,254.0,4.69,16.0,29.5,,,4.45,DE,40.0,21.59259259259259,,,,,,,,,,,,,,,,,,,,,,,14.5,58.0,42.0,100.0,31.5,,
2019,5,139,ARI,False,S,DB,D,Alabama,22.0,2022.0,0,0,0,4.0,Deionte Thompson,S,Alabama,73.0,195.0,,,,,,,DB,43.0,34.33125,,,,,,,,,,,,,,,,,,,,,,,,,,,,3.0,7.0
2019,5,140,JAX,False,RB,RB,O,Temple,22.0,2021.0,0,0,0,2.0,Ryquell Armstead,RB,Temple,71.0,220.0,4.45,22.0,30.0,114.0,7.02,4.29,RB,48.0,5.48923076923077,,,,,,,,,,573.0,2812.0,4.9,34.0,29.0,175.0,6.0,0.0,,,,,,,,,,,,
2019,5,141,PIT,False,TE,TE,O,Michigan,22.0,2023.0,0,0,2,2.0,Zach Gentry,TE,Michigan,80.0,265.0,4.9,12.0,29.5,110.0,7.4,4.53,TE,26.0,20.30588235294118,,,,,,,,,,,,,,,,,,49.0,817.0,16.7,4.0,31.4,,,,,,,
2019,5,142,SEA,False,LB,LB,D,Washington,21.0,2020.0,0,0,0,2.0,Ben Burr-Kirven,LB,Washington,72.0,230.0,4.56,21.0,34.5,121.0,6.85,4.09,LB,53.0,22.31463414634146,,,,,,,,,,,,,,,,,,,,,,,4.0,190.0,148.0,338.0,11.5,,
2019,5,143,NYG,False,LB,LB,D,Wisconsin,23.0,2023.0,0,0,0,2.0,Ryan Connelly,LB,Wisconsin,74.0,242.0,4.66,,34.5,118.0,7.09,4.31,LB,52.0,20.26,,,,,,,,,,,,,,,,,,,,,,,6.0,157.0,94.0,251.0,29.0,,
2019,5,144,IND,False,S,DB,D,USC,23.0,2019.0,0,0,0,1.0,Marvell Tell,S,USC,74.0,198.0,,,42.0,136.0,6.63,4.01,S,47.0,17.13611111111111,,,,,,,,,,,,,,,,,,,,,,,,,,,,5.0,13.0
2019,5,145,TAM,False,K,K,S,Utah,25.0,2025.0,0,1,2,3.0,Matt Gay,K,Utah,72.0,232.0,,,,,,,,,,,,,,,,,,,,,,,,,,,,,,,,,,,,,,
2019,5,146,DET,False,CB,DB,D,Penn St.,23.0,2025.0,0,0,2,11.0,Amani Oruwariye,CB,Penn State,74.0,205.0,4.47,17.0,36.5,120.0,6.82,4.16,CB,48.0,20.87804878048781,,,,,,,,,,,,,,,,,,,,,,,,,,,,8.0,22.0
2019,5,148,SFO,False,LB,LB,D,Arkansas,22.0,2025.0,0,0,4,28.0,Dre Greenlaw,LB,Arkansas,71.0,237.0,,24.0,33.0,117.0,,,LB,41.0,5.2700000000000005,,,,,,,,,,,,,,,,,,,,,,,4.0,158.0,162.0,320.0,13.0,,
2019,5,149,OAK,False,WR,WR,O,Clemson,23.0,2025.0,0,1,0,21.0,Hunter Renfrow,WR,Clemson,70.0,184.0,4.59,7.0,35.0,116.0,6.8,4.19,WR,55.0,27.65373134328358,,,,,,,,,,,,,,,,,,186.0,2133.0,11.5,15.0,38.8,,,,,,,
2019,5,150,GNB,False,DT,DL,D,Texas A&M,22.0,2021.0,0,0,1,9.0,Kingsley Keke,DL,Texas A&M,75.0,288.0,4.95,,31.5,111.0,7.55,4.46,DL,52.0,14.592592592592592,,,,,,,,,,,,,,,,,,,,,,,12.0,57.0,93.0,150.0,21.0,,
2019,5,151,MIA,False,LB,LB,D,Wisconsin,24.0,2025.0,0,1,4,23.0,Andrew Van ginkel,LB,Wisconsin,75.0,241.0,,17.0,38.0,123.0,6.89,4.14,LB,27.0,23.975,,,,,,,,,,,,,,,,,,,,,,,12.0,64.0,35.0,99.0,19.5,,
2019,5,152,ATL,False,RB,RB,O,Pittsburgh,22.0,2023.0,0,0,0,1.0,Qadree Ollison,RB,Pittsburgh,73.0,228.0,4.58,19.0,29.5,114.0,7.53,4.31,RB,52.0,7.360294117647059,,,,,,,,,,529.0,2859.0,5.4,29.0,50.0,375.0,7.5,3.0,,,,,,,,,,,,
2019,5,153,WAS,False,G,OL,O,Alabama,24.0,2022.0,0,0,0,0.0,Ross Pierschbacher,OT,Alabama,76.0,307.0,5.2,20.0,22.5,,7.83,4.7,OL,30.0,36.3,,,,,,,,,,,,,,,,,,,,,,,,,,,,,
2019,5,154,CAR,False,RB,RB,O,Florida,23.0,2021.0,0,0,0,0.0,Jordan Scarlett,RB,Florida,71.0,208.0,4.47,21.0,30.0,116.0,7.37,4.63,RB,35.0,17.325581395348838,,,,,,,,,,344.0,1846.0,5.4,12.0,15.0,108.0,7.2,0.0,,,,,,,,,,,,
2019,5,155,CLE,False,LB,LB,D,Alabama,21.0,2025.0,0,0,3,12.0,Mack Wilson,LB,Alabama,73.0,240.0,,,32.0,117.0,,,LB,42.0,33.6027027027027,,,,,,,,,,,,,,,,,,,,,,,1.0,62.0,57.0,119.0,7.5,,
2019,5,156,DEN,False,LB,LB,D,Oregon,23.0,2023.0,0,0,0,1.0,Justin Hollins,EDGE,Oregon,77.0,248.0,4.5,25.0,36.5,119.0,7.06,4.4,LB,52.0,7.522857142857143,,,,,,,,,,,,,,,,,,,,,,,13.0,98.0,86.0,184.0,36.5,,
2019,5,157,NYJ,False,LB,LB,D,Minnesota,23.0,2025.0,0,0,2,3.0,Blake Cashman,LB,Minnesota,73.0,237.0,4.5,18.0,37.5,124.0,6.95,4.12,LB,37.0,6.416666666666667,,,,,,,,,,,,,,,,,,,,,,,12.0,113.0,66.0,179.0,30.5,,
2019,5,159,NWE,False,DT,DL,D,Maryland,23.0,2024.0,0,0,1,9.0,Byron Cowart,DL,Maryland,75.0,298.0,5.16,26.0,30.0,111.0,,,DE,38.0,11.5,,,,,,,,,,,,,,,,,,,,,,,3.0,24.0,28.0,52.0,6.5,,
2019,5,160,BAL,False,DT,DL,D,Texas A&M,22.0,2019.0,0,0,0,0.0,Daylon Mack,DL,Texas A&M,73.0,336.0,5.1,30.0,27.0,102.0,8.02,4.95,DL,52.0,14.333333333333334,,,,,,,,,,,,,,,,,,,,,,,8.0,52.0,56.0,108.0,27.0,,
2019,6,161,HOU,False,DE,DL,D,Texas,22.0,2025.0,0,0,0,5.0,Charles Omenihu,DL,Texas,77.0,280.0,4.92,,36.5,115.0,7.48,4.36,DE,50.0,10.891666666666666,,,,,,,,,,,,,,,,,,,,,,,17.0,84.0,33.0,117.0,30.5,,
2019,6,162,MIN,False,LB,LB,D,USC,22.0,2019.0,0,0,0,0.0,Cameron Smith,LB,USC,74.0,238.0,4.69,15.0,39.0,123.0,,4.23,LB,47.0,13.486,,,,,,,,,,,,,,,,,,,,,,,3.5,211.0,143.0,354.0,26.5,,
2019,6,163,NWE,False,P,P,S,Stanford,22.0,2025.0,1,1,2,6.0,Jake Bailey,P,Stanford,73.0,200.0,4.72,,33.0,117.0,,,,,,,,,,,,,,,,,,,,,,,,,,,,,,,,,,
2019,6,164,IND,False,LB,LB,D,Tarleton St.,24.0,2025.0,0,0,2,16.0,,,,,,,,,,,,,,,,,,,,,,,,,,,,,,,,,,,,,,,,,,,
2019,6,165,DAL,False,DE,DL,D,Miami (FL),22.0,2021.0,0,0,0,0.0,Joe Jackson,DL,Miami (FL),76.0,275.0,,22.0,27.0,109.0,,,DL,39.0,15.982142857142858,,,,,,,,,,,,,,,,,,,,,,,24.0,71.0,67.0,138.0,37.5,,
2019,6,166,LAC,False,QB,QB,O,North Dakota St.,23.0,2023.0,0,0,0,4.0,Easton Stick,QB,North Dakota State,73.0,224.0,4.62,,33.5,118.0,6.65,4.05,,,,,,,,,,,,,,,,,,,,,,,,,,,,,,,,
2019,6,169,LAR,False,T,OL,O,Wisconsin,22.0,2025.0,0,0,3,21.0,David Edwards,OT,Wisconsin,78.0,308.0,5.28,,25.5,99.0,7.69,4.77,OL,23.0,15.5,,,,,,,,,,,,,,,,,,,,,,,,,,,,,
2019,6,170,CLE,False,K,K,S,Oklahoma,22.0,2024.0,0,0,0,3.0,Austin Seibert,K,Oklahoma,69.0,213.0,,,,,,,,,,,,,,,,,,,,,,,,,,,,,,,,,,,,,,
2019,6,171,NYG,False,WR,WR,O,Auburn,22.0,2025.0,0,0,5,32.0,Darius Slayton,WR,Auburn,73.0,190.0,4.39,11.0,40.5,135.0,7.0,4.15,WR,38.0,22.34230769230769,,,,,,,,,,,,,,,,,,79.0,1605.0,20.3,11.0,42.2,,,,,,,
2019,6,172,ATL,False,CB,DB,D,Washington,22.0,2021.0,0,0,0,1.0,Jordan Miller,CB,Washington,73.0,186.0,4.49,6.0,37.0,125.0,,,DB,46.0,19.1,,,,,,,,,,,,,,,,,,,,,,,,,,,,6.0,12.0
2019,6,173,WAS,False,LB,LB,D,North Carolina,23.0,2025.0,0,0,3,22.0,,,,,,,,,,,,LB,49.0,5.7,,,,,,,,,,,,,,,,,,,,,,,2.5,171.0,157.0,328.0,15.5,,
2019,6,174,ARI,False,WR,WR,O,Fresno St.,22.0,2021.0,0,0,0,4.0,Keesean Johnson,WR,Fresno State,73.0,201.0,4.6,14.0,30.0,117.0,7.28,4.23,WR,52.0,-4.847368421052631,,,,,,,,,,,,,,,,,,275.0,3463.0,12.6,24.0,66.6,,,,,,,
2019,6,177,NOR,False,S,DB,D,Rutgers,23.0,2020.0,0,0,0,0.0,Saquan Hampton,S,Rutgers,73.0,206.0,4.48,14.0,,125.0,,,DB,39.0,-10.86279069767442,,,,,,,,,,,,,,,,,,,,,,,,,,,,5.0,19.0
2019,6,178,JAX,False,QB,QB,O,Washington St.,23.0,2025.0,0,1,4,16.0,Gardner Minshew,QB,Washington State,73.0,225.0,4.97,,33.5,116.0,7.14,4.45,QB,30.0,-4.586538461538462,761.0,1168.0,65.2,8266.0,62.0,20.0,7.1,7.37,275.5,,,,,,,,,,,,,,,,,,,,
2019,6,179,ARI,False,C,OL,O,Georgia,23.0,2020.0,0,0,0,2.0,Lamont Gaillard,OL,Georgia,75.0,305.0,,,,,,,G,15.0,9.3,,,,,,,,,,,,,,,,,,,,,,,,,,,,,
2019,6,180,NYG,False,CB,DB,D,Washburn,23.0,2025.0,0,0,0,2.0,Corey Ballentine,CB,Washburn,71.0,196.0,4.47,15.0,39.5,135.0,6.82,4.14,,,,,,,,,,,,,,,,,,,,,,,,,,,,,,,,
2019,6,181,BUF,False,CB,DB,D,Miami (FL),23.0,2022.0,0,0,0,5.0,Jaquan Johnson,S,Miami (FL),70.0,191.0,4.69,18.0,33.0,121.0,,,DB,50.0,15.472916666666668,,,,,,,,,,,,,,,,,,,,,,,,,,,,8.0,7.0
2019,6,182,CIN,False,RB,RB,O,Texas A&M,21.0,2025.0,0,0,0,3.0,Trayveon Williams,RB,Texas A&M,68.0,206.0,4.51,19.0,33.0,121.0,7.44,4.44,RB,38.0,13.591836734693878,,,,,,,,,,600.0,3615.0,6.0,34.0,66.0,561.0,8.5,1.0,,,,,,,,,,,,
2019,6,183,SFO,False,T,OL,O,Vanderbilt,22.0,2025.0,0,0,1,7.0,,,,,,,,,,,,OL,7.0,,,,,,,,,,,,,,,,,,,,,,,,,,,,,,
2019,6,184,DET,False,WR,WR,O,Old Dominion,23.0,2021.0,0,0,1,0.0,Travis Fulgham,WR,Old Dominion,74.0,215.0,4.58,15.0,36.5,126.0,,,WR,47.0,-8.774074074074074,,,,,,,,,,,,,,,,,,128.0,2044.0,16.0,18.0,43.5,,,,,,,
2019,6,185,GNB,False,CB,DB,D,Toledo,24.0,2024.0,0,0,0,1.0,,,,,,,,,,,,DB,42.0,7.1275,,,,,,,,,,,,,,,,,,,,,,,,,,,,2.0,27.0
2019,6,186,DET,False,RB,RB,O,Maryland,21.0,2025.0,0,0,0,2.0,,,,,,,,,,,,RB,46.0,-0.8923076923076924,,,,,,,,,,348.0,2635.0,7.6,17.0,29.0,318.0,11.0,2.0,,,,,,,,,,,,
2019,6,187,DEN,False,WR,WR,O,Colorado,23.0,2023.0,0,0,0,0.0,,,,,,,,,,,,WR,16.0,1.444,,,,,,,,,,,,,,,,,,39.0,482.0,12.4,4.0,30.1,,,,,,,
2019,6,188,TEN,False,LB,LB,D,West Virginia,22.0,2024.0,0,0,2,13.0,,,,,,,,,,,,LB,34.0,20.8,,,,,,,,,,,,,,,,,,,,,,,14.0,169.0,83.0,252.0,40.0,,
2019,6,189,CLE,False,T,OL,O,SE Missouri St.,22.0,2022.0,0,0,0,1.0,,,,,,,,,,,,,,,,,,,,,,,,,,,,,,,,,,,,,,,,,,,
2019,6,190,MIN,False,DT,DL,D,Arkansas,23.0,2024.0,0,0,1,7.0,Armon Watts,DL,Arkansas,77.0,300.0,5.23,,,,,,DL,29.0,4.833333333333333,,,,,,,,,,,,,,,,,,,,,,,7.0,29.0,27.0,56.0,8.5,,
2019,6,191,MIN,False,S,DB,D,Wyoming,23.0,2025.0,0,0,2,0.0,,,,,,,,,,,,S,50.0,-4.746153846153846,,,,,,,,,,,,,,,,,,,,,,,,,,,,9.0,22.0
2019,6,192,PIT,False,DT,DL,D,Alabama,23.0,2023.0,0,0,1,5.0,Isaiah Buggs,DL,Alabama,75.0,306.0,5.15,20.0,24.5,96.0,8.01,4.83,DL,29.0,35.14705882352941,,,,,,,,,,,,,,,,,,,,,,,11.0,44.0,58.0,102.0,17.5,,
2019,7,193,MIN,False,T,OL,O,Elon,22.0,2025.0,0,0,1,8.0,,,,,,,,,,,,,,,,,,,,,,,,,,,,,,,,,,,,,,,,,,,
2019,7,194,GNB,False,RB,RB,O,Notre Dame,22.0,2020.0,0,0,0,0.0,Dexter Williams,RB,Notre Dame,71.0,212.0,4.57,17.0,36.0,130.0,7.0,4.16,RB,37.0,19.3768115942029,,,,,,,,,,257.0,1636.0,6.4,20.0,22.0,162.0,7.4,2.0,,,,,,,,,,,,
2019,7,195,HOU,False,CB,DB,D,Central Michigan,23.0,2022.0,0,0,0,0.0,Xavier Crawford,CB,Central Michigan,71.0,187.0,4.48,11.0,37.5,,,,CB,28.0,-13.494117647058824,,,,,,,,,,,,,,,,,,,,,,,,,,,,2.0,24.0
2019,7,196,NYJ,False,CB,DB,D,Rutgers,23.0,2021.0,0,0,1,5.0,Blessuan Austin,CB,Rutgers,73.0,198.0,,15.0,,,,,DB,27.0,-11.12,,,,,,,,,,,,,,,,,,,,,,,,,,,,4.0,19.0
2019,7,197,BAL,False,QB,QB,O,Penn St.,24.0,2022.0,0,0,0,0.0,Trace McSorley,QB,Penn State,72.0,202.0,4.57,,33.0,115.0,7.09,4.12,QB,47.0,19.789743589743587,720.0,1215.0,59.3,9899.0,77.0,25.0,8.1,8.49,210.6,,,,,,,,,,,,,,,,,,,,
2019,7,198,SFO,False,CB,DB,D,Virginia,24.0,2021.0,0,0,0,0.0,,,,,,,,,,,,DB,43.0,2.3848484848484848,,,,,,,,,,,,,,,,,,,,,,,,,,,,4.0,17.0
2019,7,200,LAC,False,LB,LB,D,Houston,22.0,2021.0,0,0,0,2.0,Emeke Egbule,LB,Houston,74.0,245.0,4.65,20.0,33.0,119.0,7.38,4.38,LB,52.0,6.1863636363636365,,,,,,,,,,,,,,,,,,,,,,,5.0,99.0,65.0,164.0,13.0,,
2019,7,201,KAN,False,CB,DB,D,South Carolina,22.0,2022.0,0,0,0,7.0,Rashad Fenton,CB,South Carolina,71.0,193.0,4.52,12.0,34.0,117.0,,4.25,CB,48.0,3.9508474576271184,,,,,,,,,,,,,,,,,,,,,,,,,,,,5.0,19.0
2019,7,202,MIA,False,T,OL,O,Ohio St.,22.0,2024.0,0,0,0,1.0,Isaiah Prince,OT,Ohio State,78.0,305.0,5.09,23.0,27.0,115.0,7.9,5.02,OL,36.0,27.5,,,,,,,,,,,,,,,,,,,,,,,,,,,,,
2019,7,204,SEA,False,RB,RB,O,Miami (FL),21.0,2025.0,0,0,0,8.0,Travis Homer,RB,Miami (FL),70.0,201.0,4.48,17.0,39.5,130.0,7.07,4.31,RB,38.0,16.133333333333333,,,,,,,,,,334.0,1995.0,6.0,12.0,37.0,405.0,10.9,1.0,,,,,,,,,,,,
2019,7,205,CHI,False,CB,DB,D,Kansas St.,22.0,2024.0,0,0,0,3.0,,,,,,,,,,,,DB,38.0,4.306521739130434,,,,,,,,,,,,,,,,,,,,,,,,,,,,8.0,31.0
2019,7,206,WAS,False,WR,WR,O,North Carolina St.,22.0,2019.0,0,0,1,3.0,Kelvin Harmon,WR,North Carolina State,74.0,221.0,4.6,18.0,32.5,117.0,7.15,4.32,WR,38.0,10.848275862068968,,,,,,,,,,,,,,,,,,177.0,2665.0,15.1,16.0,70.1,,,,,,,
2019,7,207,PIT,False,LB,LB,D,Akron,22.0,2022.0,0,0,0,2.0,,,,,,,,,,,,LB,51.0,-14.072222222222225,,,,,,,,,,,,,,,,,,,,,,,9.5,184.0,174.0,358.0,28.5,,
2019,7,208,TAM,False,WR,WR,O,Bowling Green,22.0,2025.0,0,0,1,9.0,,,,,,,,,,,,WR,45.0,-10.651948051948052,,,,,,,,,,,,,,,,,,215.0,2867.0,13.3,23.0,63.7,,,,,,,
2019,7,212,CAR,False,T,OL,O,South Carolina,23.0,2023.0,0,0,2,8.0,Dennis Daley,OT,South Carolina,77.0,317.0,5.23,20.0,26.5,103.0,7.95,4.92,,,,,,,,,,,,,,,,,,,,,,,,,,,,,,,,
2019,7,213,DAL,False,S,DB,D,Texas A&M,24.0,2025.0,0,0,4,23.0,Donovan Wilson,S,Texas A&M,72.0,199.0,,18.0,36.0,127.0,,,DB,47.0,4.316901408450704,,,,,,,,,,,,,,,,,,,,,,,,,,,,8.0,8.0
2019,7,214,KAN,False,RB,RB,O,Utah St.,22.0,2020.0,0,0,0,2.0,,,,,,,,,,,,RB,13.0,14.2,,,,,,,,,,153.0,1044.0,6.8,14.0,23.0,351.0,15.3,2.0,,,,,,,,,,,,
2019,7,216,KAN,False,G,OL,O,Illinois,23.0,2025.0,0,0,2,10.0,,,,,,,,,,,,OL,23.0,-7.9,,,,,,,,,,,,,,,,,,,,,,,,,,,,,
2019,7,217,MIN,False,CB,DB,D,Texas,22.0,2024.0,0,0,0,6.0,Kris Boyd,CB,Texas,71.0,201.0,4.45,19.0,36.5,127.0,6.94,4.08,CB,51.0,10.166666666666666,,,,,,,,,,,,,,,,,,,,,,,,,,,,4.0,36.0
2019,7,219,PIT,False,T,OL,O,Maryland,24.0,2020.0,0,0,0,0.0,Derwin Gray,OT,Maryland,76.0,320.0,5.26,26.0,,90.0,,,OL,14.0,-4.5,,,,,,,,,,,,,,,,,,,,,,,,,,,,,
2019,7,220,HOU,False,RB,RB,O,Texas A&M,24.0,2022.0,0,0,0,0.0,,,,,,,,,,,,LB,27.0,14.704545454545457,,,,,,,,,,,,,,,,,,,,,,,0.0,11.0,8.0,19.0,0.0,,
2019,7,224,DET,False,TE,TE,O,Georgia,22.0,2020.0,0,0,0,0.0,Isaac Nauta,TE,Georgia,75.0,244.0,4.91,19.0,28.0,,7.45,4.43,TE,42.0,24.772727272727277,,,,,,,,,,,,,,,,,,68.0,905.0,13.3,8.0,21.5,,,,,,,
2019,7,225,BUF,False,DE,DL,D,North Carolina A&T,22.0,2022.0,0,0,0,3.0,Darryl Johnson,EDGE,North Carolina A&T,78.0,253.0,,20.0,,,,,,,,,,,,,,,,,,,,,,,,,,,,,,,,,,,,
2019,7,226,GNB,False,LB,LB,D,TCU,23.0,2025.0,0,0,0,4.0,Ty Summers,LB,TCU,73.0,241.0,4.51,27.0,36.0,123.0,,,LB,50.0,14.559375,,,,,,,,,,,,,,,,,,,,,,,10.5,168.0,151.0,319.0,23.5,,
2019,7,227,WAS,False,CB,DB,D,James Madison,24.0,2021.0,0,0,0,5.0,,,,,,,,,,,,,,,,,,,,,,,,,,,,,,,,,,,,,,,,,,,
2019,7,228,BUF,False,TE,TE,O,Boston Col.,24.0,2022.0,0,0,0,1.0,Tommy Sweeney,TE,Boston Col.,76.0,251.0,4.83,17.0,,,,,TE,50.0,1.8027027027027025,,,,,,,,,,,,,,,,,,99.0,1281.0,12.9,10.0,25.6,,,,,,,
2019,7,233,MIA,False,RB,RB,O,Auburn,23.0,2020.0,0,0,0,0.0,,,,,,,,,,,,FB,52.0,20.357407407407408,,,,,,,,,,11.0,18.0,1.6,3.0,26.0,237.0,9.1,1.0,,,,,,,,,,,,
2019,7,234,MIA,False,RB,RB,O,Washington,22.0,2025.0,0,0,1,13.0,Myles Gaskin,RB,Washington,69.0,205.0,4.58,24.0,35.5,118.0,7.19,4.27,RB,52.0,19.5,,,,,,,,,,945.0,5323.0,5.6,57.0,65.0,465.0,7.2,5.0,,,,,,,,,,,,
2019,7,235,JAX,False,DT,DL,D,Auburn,23.0,2019.0,0,0,0,0.0,Dontavius Russell,DL,Auburn,75.0,319.0,5.15,24.0,,,7.81,4.77,DL,53.0,21.2,,,,,,,,,,,,,,,,,,,,,,,6.0,57.0,96.0,153.0,17.0,,
2019,7,236,SEA,False,WR,WR,O,Hawaii,25.0,2019.0,0,0,0,0.0,,,,,,,,,,,,WR,33.0,-13.217073170731709,,,,,,,,,,,,,,,,,,189.0,2662.0,14.1,24.0,80.7,,,,,,,
2019,7,242,LAC,False,DT,DL,D,Cincinnati,23.0,2021.0,0,0,0,1.0,,,,,,,,,,,,DT,49.0,-2.35,,,,,,,,,,,,,,,,,,,,,,,9.0,75.0,79.0,154.0,26.5,,
2019,7,243,LAR,False,S,DB,D,Penn St.,24.0,2025.0,0,0,2,7.0,,,,,,,,,,,,CB,39.0,17.19272727272727,,,,,,,,,,,,,,,,,,,,,,,,,,,,3.0,2.0
2019,7,244,NOR,False,LB,LB,D,Idaho,24.0,2025.0,0,0,3,7.0,,,,,,,,,,,,LB,37.0,-10.56551724137931,,,,,,,,,,,,,,,,,,,,,,,10.0,158.0,71.0,229.0,31.0,,
2019,7,247,MIN,False,WR,WR,O,Colorado St.,22.0,2020.0,0,0,0,5.0,Bisi Johnson,WR,Colorado State,72.0,204.0,4.51,14.0,38.0,124.0,6.88,4.16,WR,49.0,-2.3641509433962264,,,,,,,,,,,,,,,,,,125.0,2019.0,16.2,11.0,41.2,,,,,,,
2019,7,248,ARI,False,T,OL,O,Morgan St.,23.0,2024.0,0,0,0,2.0,Joshua Miles,OT,Morgan State,77.0,314.0,5.32,,36.0,109.0,8.07,4.75,,,,,,,,,,,,,,,,,,,,,,,,,,,,,,,,
2019,7,249,ARI,False,DE,DL,D,Temple,23.0,2023.0,0,0,0,4.0,,,,,,,,,,,,DL,55.0,5.1000000000000005,,,,,,,,,,,,,,,,,,,,,,,8.5,77.0,81.0,158.0,19.5,,
2019,7,250,MIN,False,LS,LS,S,Air Force,22.0,2020.0,0,0,0,2.0,,,,,,,,,,,,OL,22.0,-2.8,,,,,,,,,,,,,,,,,,,,,,,,,,,,,
2020,1,1,CIN,False,QB,QB,O,LSU,23.0,2025.0,0,3,5,63.0,Joe Burrow,QB,LSU,75.0,221.0,,,,,,,QB,39.0,28.76582278481013,650.0,945.0,68.8,8852.0,78.0,11.0,9.4,10.49,227.0,,,,,,,,,,,,,,,,,,,,
2020,1,2,WAS,False,DE,DL,D,Ohio St.,21.0,2025.0,0,1,1,20.0,Chase Young,DL,Ohio State,77.0,264.0,,,,,,,DE,36.0,30.133333333333333,,,,,,,,,,,,,,,,,,,,,,,30.5,69.0,30.0,99.0,42.5,,
2020,1,3,DET,False,CB,DB,D,Ohio St.,21.0,2025.0,0,0,2,7.0,Jeff Okudah,CB,Ohio State,73.0,205.0,4.48,11.0,41.0,135.0,,,CB,41.0,30.30322580645161,,,,,,,,,,,,,,,,,,,,,,,,,,,,3.0,18.0
2020,1,4,NYG,False,T,OL,O,Georgia,21.0,2025.0,0,0,5,33.0,Andrew Thomas,OL,Georgia,77.0,315.0,5.22,21.0,30.5,109.0,7.58,4.66,,,,,,,,,,,,,,,,,,,,,,,,,,,,,,,,
2020,1,5,MIA,False,QB,QB,O,Alabama,22.0,2025.0,0,1,5,52.0,Tua Tagovailoa,QB,Alabama,72.0,217.0,,,,,,,QB,33.0,34.36730769230769,474.0,684.0,69.3,7442.0,87.0,11.0,10.9,12.7,225.5,,,,,,,,,,,,,,,,,,,,
2020,1,6,LAC,False,QB,QB,O,Oregon,22.0,2025.0,0,2,5,74.0,Justin Herbert,QB,Oregon,78.0,236.0,4.68,,35.5,123.0,7.06,4.46,QB,44.0,9.963513513513512,827.0,1293.0,64.0,10541.0,95.0,23.0,8.2,8.82,239.6,,,,,,,,,,,,,,,,,,,,
2020,1,7,CAR,False,DT,DL,D,Auburn,22.0,2025.0,0,1,4,35.0,Derrick Brown,DL,Auburn,77.0,326.0,5.16,28.0,27.0,108.0,8.22,4.79,DL,53.0,17.835185185185185,,,,,,,,,,,,,,,,,,,,,,,13.0,88.0,82.0,170.0,33.5,,
2020,1,8,ARI,False,LB,LB,D,Clemson,22.0,2025.0,0,0,2,17.0,Isaiah Simmons,LB,Clemson,76.0,238.0,4.39,,39.0,132.0,,,S,30.0,28.353846153846156,,,,,,,,,,,,,,,,,,,,,,,,,,,,1.0,12.0
2020,1,9,JAX,False,CB,DB,D,Florida,21.0,2025.0,0,0,2,4.0,C.J. Henderson,CB,Florida,73.0,204.0,4.39,20.0,37.5,127.0,,,CB,33.0,,,,,,,,,,,,,,,,,,,,,,,,,,,,,6.0,22.0
2020,1,10,CLE,False,T,OL,O,Alabama,21.0,2024.0,0,0,3,24.0,Jedrick Wills,OL,Alabama,76.0,312.0,5.05,,34.5,113.0,,4.84,,,,,,,,,,,,,,,,,,,,,,,,,,,,,,,,
2020,1,11,NYJ,False,T,OL,O,Louisville,21.0,2025.0,0,0,3,8.0,Mekhi Becton,OL,Louisville,79.0,364.0,5.1,23.0,,,,,OL,23.0,-3.675,,,,,,,,,,,,,,,,,,,,,,,,,,,,,
2020,1,12,LVR,False,WR,WR,O,Alabama,21.0,2021.0,0,0,1,8.0,Henry Ruggs III,WR,Alabama,71.0,188.0,4.27,,42.0,131.0,,,WR,41.0,33.78709677419354,,,,,,,,,,,,,,,,,,98.0,1716.0,17.5,24.0,41.9,,,,,,,
2020,1,13,TAM,False,T,OL,O,Iowa,21.0,2025.0,2,5,5,64.0,Tristan Wirfs,OL,Iowa,77.0,320.0,4.85,24.0,36.5,121.0,7.65,4.68,OL,12.0,13.3,,,,,,,,,,,,,,,,,,,,,,,,,,,,,
2020,1,14,SFO,False,DT,DL,D,South Carolina,22.0,2025.0,0,0,2,14.0,Javon Kinlaw,DL,South Carolina,77.0,324.0,,,,,,,DL,37.0,8.620833333333334,,,,,,,,,,,,,,,,,,,,,,,10.5,48.0,45.0,93.0,18.0,,
2020,1,15,DEN,False,WR,WR,O,Alabama,21.0,2025.0,0,1,4,22.0,Jerry Jeudy,WR,Alabama,73.0,193.0,4.45,,35.0,120.0,,4.53,WR,42.0,33.62333333333333,,,,,,,,,,,,,,,,,,159.0,2742.0,17.2,26.0,65.3,,,,,,,
2020,1,16,ATL,False,CB,DB,D,Clemson,21.0,2025.0,0,0,5,31.0,A.J. Terrell,CB,Clemson,73.0,195.0,4.42,15.0,34.5,129.0,,,CB,44.0,28.066666666666663,,,,,,,,,,,,,,,,,,,,,,,,,,,,6.0,14.0
2020,1,17,DAL,False,WR,WR,O,Oklahoma,21.0,2025.0,1,5,5,65.0,CeeDee Lamb,WR,Oklahoma,74.0,198.0,4.5,11.0,34.5,124.0,,,WR,41.0,24.38405797101449,,,,,,,,,,,,,,,,,,173.0,3292.0,19.0,32.0,80.3,,,,,,,
2020,1,18,MIA,False,T,OL,O,USC,21.0,2025.0,0,0,4,24.0,Austin Jackson,OL,USC,77.0,322.0,5.07,27.0,31.0,115.0,7.95,,T,27.0,17.9,,,,,,,,,,,,,,,,,,,,,,,,,,,,,
2020,1,19,LVR,False,CB,DB,D,Ohio St.,24.0,2025.0,0,0,0,2.0,Damon Arnette,CB,Ohio State,72.0,195.0,4.56,,,,,,CB,53.0,28.794,,,,,,,,,,,,,,,,,,,,,,,,,,,,5.0,22.0
2020,1,20,JAX,False,DE,DL,D,LSU,21.0,2025.0,0,0,0,7.0,K'Lavon Chaisson,LB,LSU,75.0,254.0,,,,,,,LB,26.0,26.133333333333333,,,,,,,,,,,,,,,,,,,,,,,9.5,46.0,46.0,92.0,19.0,,
2020,1,21,PHI,False,WR,WR,O,TCU,21.0,2024.0,0,0,2,7.0,Jalen Reagor,WR,TCU,71.0,206.0,4.47,17.0,42.0,138.0,7.31,4.46,WR,39.0,9.85774647887324,,,,,,,,,,,,,,,,,,148.0,2248.0,15.2,22.0,57.6,,,,,,,
2020,1,22,MIN,False,WR,WR,O,LSU,21.0,2025.0,2,4,5,65.0,Justin Jefferson,WR,LSU,73.0,202.0,4.43,,37.5,126.0,,,WR,34.0,27.053125,,,,,,,,,,,,,,,,,,165.0,2415.0,14.6,24.0,71.0,,,,,,,
2020,1,23,LAC,False,LB,LB,D,Oklahoma,21.0,2025.0,0,0,4,22.0,Kenneth Murray,LB,Oklahoma,74.0,241.0,4.52,21.0,38.0,129.0,,,LB,42.0,24.6037037037037,,,,,,,,,,,,,,,,,,,,,,,9.0,182.0,153.0,335.0,37.0,,
2020,1,24,NOR,False,C,OL,O,Michigan,21.0,2025.0,0,0,5,29.0,Cesar Ruiz,OL,Michigan,75.0,307.0,5.08,28.0,33.0,113.0,7.91,4.64,OL,13.0,22.0,,,,,,,,,,,,,,,,,,,,,,,,,,,,,
2020,1,25,SFO,False,WR,WR,O,Arizona St.,22.0,2024.0,0,0,5,39.0,Brandon Aiyuk,WR,Arizona State,72.0,205.0,4.5,11.0,40.0,128.0,,,WR,25.0,5.709090909090909,,,,,,,,,,,,,,,,,,98.0,1666.0,17.0,11.0,66.6,,,,,,,
2020,1,26,GNB,False,QB,QB,O,Utah St.,21.0,2025.0,0,0,2,42.0,Jordan Love,QB,Utah State,76.0,224.0,4.74,,35.5,118.0,7.21,4.52,QB,38.0,1.3249999999999995,689.0,1125.0,61.2,8600.0,60.0,29.0,7.6,7.55,226.3,,,,,,,,,,,,,,,,,,,,
2020,1,27,SEA,False,LB,LB,D,Texas Tech,22.0,2025.0,1,0,4,20.0,Jordyn Brooks,LB,Texas Tech,72.0,240.0,4.54,,,,,,LB,47.0,5.138095238095238,,,,,,,,,,,,,,,,,,,,,,,7.0,220.0,147.0,367.0,33.0,,
2020,1,28,BAL,False,LB,LB,D,LSU,21.0,2025.0,0,2,5,39.0,Patrick Queen,LB,LSU,72.0,229.0,4.5,18.0,35.0,125.0,,,LB,40.0,27.248,,,,,,,,,,,,,,,,,,,,,,,4.0,59.0,72.0,131.0,17.5,,
2020,1,29,TEN,False,T,OL,O,Georgia,21.0,2020.0,0,0,0,0.0,Isaiah Wilson,OL,Georgia,78.0,350.0,5.32,26.0,29.0,110.0,8.26,5.07,,,,,,,,,,,,,,,,,,,,,,,,,,,,,,,,
2020,1,30,MIA,False,CB,DB,D,Auburn,20.0,2025.0,0,0,1,4.0,Noah Igbinoghene,CB,Auburn,70.0,198.0,4.48,15.0,37.0,128.0,,,WR,27.0,23.280434782608697,,,,,,,,,,,,,,,,,,6.0,24.0,4.0,0.0,0.9,,,,,,,
2020,1,31,MIN,False,CB,DB,D,TCU,23.0,2020.0,0,0,1,5.0,Jeff Gladney,CB,TCU,70.0,191.0,4.48,17.0,37.5,124.0,7.26,,CB,50.0,11.423255813953489,,,,,,,,,,,,,,,,,,,,,,,,,,,,5.0,38.0
2020,1,32,KAN,False,RB,RB,O,LSU,21.0,2025.0,0,0,1,18.0,Clyde Edwards-Helaire,RB,LSU,67.0,207.0,4.6,15.0,39.5,123.0,,,RB,41.0,26.033870967741937,,,,,,,,,,370.0,2103.0,5.7,23.0,69.0,595.0,8.6,1.0,,,,,,,,,,,,
2020,2,33,CIN,False,WR,WR,O,Clemson,21.0,2025.0,0,1,4,43.0,Tee Higgins,WR,Clemson,76.0,216.0,,,,,,,WR,43.0,28.16875,,,,,,,,,,,,,,,,,,135.0,2448.0,18.1,27.0,56.9,,,,,,,
2020,2,34,IND,False,WR,WR,O,USC,22.0,2025.0,0,0,5,44.0,Michael Pittman,WR,USC,76.0,223.0,4.52,13.0,36.5,121.0,6.96,4.14,WR,48.0,15.80952380952381,,,,,,,,,,,,,,,,,,171.0,2519.0,14.7,19.0,52.5,,,,,,,
2020,2,35,DET,False,RB,RB,O,Georgia,21.0,2025.0,0,1,2,17.0,D'Andre Swift,RB,Georgia,68.0,212.0,4.48,,35.5,121.0,,,RB,43.0,28.44032258064516,,,,,,,,,,440.0,2885.0,6.6,20.0,73.0,666.0,9.1,5.0,,,,,,,,,,,,
2020,2,36,NYG,False,S,DB,D,Alabama,22.0,2025.0,1,1,4,15.0,Xavier McKinney,S,Alabama,72.0,201.0,4.63,19.0,36.0,122.0,,,DB,41.0,33.98125,,,,,,,,,,,,,,,,,,,,,,,,,,,,5.0,15.0
2020,2,37,NWE,False,S,DB,D,Lenoir-Rhyne,24.0,2025.0,0,0,4,24.0,Kyle Dugger,S,Lenoir-Rhyne,73.0,217.0,4.49,17.0,42.0,134.0,,,,,,,,,,,,,,,,,,,,,,,,,,,,,,,,,,
2020,2,38,CAR,False,DE,DL,D,Penn St.,22.0,2025.0,0,0,1,16.0,Yetur Gross-Matos,DL,Penn State,77.0,266.0,,20.0,34.0,120.0,,,DE,38.0,22.96666666666667,,,,,,,,,,,,,,,,,,,,,,,19.0,65.0,46.0,111.0,37.0,,
2020,2,39,MIA,False,G,OL,O,Louisiana,24.0,2025.0,0,1,5,22.0,Robert Hunt,OL,Louisiana-Lafayette,77.0,323.0,,,,,,,OL,12.0,-8.7,,,,,,,,,,,,,,,,,,,,,,,,,,,,,
2020,2,40,HOU,False,DT,DL,D,TCU,22.0,2023.0,0,0,0,3.0,Ross Blacklock,DL,TCU,75.0,290.0,4.9,,29.0,107.0,7.77,4.67,DT,26.0,12.8,,,,,,,,,,,,,,,,,,,,,,,5.5,39.0,28.0,67.0,15.5,,
2020,2,41,IND,False,RB,RB,O,Wisconsin,21.0,2025.0,1,3,4,58.0,Jonathan Taylor,RB,Wisconsin,70.0,226.0,4.39,17.0,36.0,123.0,7.01,4.24,RB,41.0,20.866666666666667,,,,,,,,,,926.0,6174.0,6.7,50.0,42.0,407.0,9.7,5.0,,,,,,,,,,,,
2020,2,42,JAX,False,WR,WR,O,Colorado,21.0,2024.0,0,0,1,9.0,Laviska Shenault Jr.,WR,Colorado,73.0,227.0,4.58,17.0,,,,,WR,32.0,-1.0820895522388057,,,,,,,,,,,,,,,,,,149.0,1943.0,13.0,10.0,60.7,,,,,,,
2020,2,43,CHI,False,TE,TE,O,Notre Dame,21.0,2025.0,0,0,5,25.0,Cole Kmet,TE,Notre Dame,78.0,262.0,4.7,,37.0,123.0,7.44,4.41,TE,35.0,19.86470588235294,,,,,,,,,,,,,,,,,,60.0,691.0,11.5,6.0,19.7,,,,,,,
2020,2,44,CLE,False,S,DB,D,LSU,21.0,2025.0,0,0,3,26.0,Grant Delpit,S,LSU,74.0,213.0,,,,,,,S,40.0,25.97222222222222,,,,,,,,,,,,,,,,,,,,,,,,,,,,8.0,24.0
2020,2,45,TAM,False,S,DB,D,Minnesota,22.0,2025.0,1,2,5,44.0,Antoine Winfield Jr.,S,Minnesota,69.0,203.0,4.45,,36.0,124.0,,,DB,34.0,10.045098039215686,,,,,,,,,,,,,,,,,,,,,,,,,,,,9.0,6.0
2020,2,46,DEN,False,WR,WR,O,Penn St.,21.0,2022.0,0,0,0,5.0,KJ Hamler,WR,Penn State,69.0,178.0,,15.0,,,,,WR,26.0,21.65,,,,,,,,,,,,,,,,,,98.0,1658.0,16.9,13.0,63.8,,,,,,,
2020,2,47,ATL,False,DE,DL,D,Auburn,22.0,2025.0,0,0,0,3.0,Marlon Davidson,DL,Auburn,75.0,303.0,5.04,21.0,,,,,DL,51.0,20.951351351351352,,,,,,,,,,,,,,,,,,,,,,,17.0,90.0,85.0,175.0,29.5,,
2020,2,48,SEA,False,DE,DL,D,Tennessee,23.0,2025.0,0,0,0,9.0,Darrell Taylor,LB,Tennessee,76.0,267.0,,,,,,,DL,43.0,7.813513513513514,,,,,,,,,,,,,,,,,,,,,,,19.5,76.0,42.0,118.0,26.0,,
2020,2,49,PIT,False,WR,WR,O,Notre Dame,22.0,2023.0,0,0,1,17.0,Chase Claypool,WR,Notre Dame,76.0,238.0,4.42,19.0,40.5,126.0,,,WR,49.0,18.596721311475413,,,,,,,,,,,,,,,,,,150.0,2159.0,14.4,19.0,44.1,,,,,,,
2020,2,50,CHI,False,CB,DB,D,Utah,21.0,2025.0,0,2,5,30.0,Jaylon Johnson,CB,Utah,72.0,193.0,4.5,15.0,36.5,124.0,7.01,4.13,DB,38.0,16.099999999999998,,,,,,,,,,,,,,,,,,,,,,,,,,,,7.0,21.0
2020,2,51,DAL,False,CB,DB,D,Alabama,21.0,2025.0,1,2,4,33.0,Trevon Diggs,CB,Alabama,73.0,205.0,,,,,,,DB,31.0,33.032000000000004,,,,,,,,,,,,,,,,,,,,,,,,,,,,4.0,17.0
2020,2,52,LAR,False,RB,RB,O,Florida St.,21.0,2025.0,0,0,1,10.0,Cam Akers,RB,Florida State,70.0,217.0,4.47,20.0,35.5,122.0,,4.42,RB,36.0,7.455555555555557,,,,,,,,,,586.0,2874.0,4.9,27.0,69.0,486.0,7.0,7.0,,,,,,,,,,,,
2020,2,53,PHI,False,QB,QB,O,Oklahoma,22.0,2025.0,0,3,4,79.0,Jalen Hurts,QB,Oklahoma,73.0,222.0,4.59,,35.0,125.0,,,QB,56.0,30.46853932584269,682.0,1046.0,65.2,9477.0,80.0,20.0,9.1,9.73,169.2,,,,,,,,,,,,,,,,,,,,
2020,2,54,BUF,False,DE,DL,D,Iowa,21.0,2025.0,0,0,1,18.0,A.J. Epenesa,DL,Iowa,77.0,275.0,5.04,17.0,32.5,117.0,7.34,4.46,DE,39.0,12.764705882352942,,,,,,,,,,,,,,,,,,,,,,,26.5,61.0,40.0,101.0,36.5,,
2020,2,55,BAL,False,RB,RB,O,Ohio St.,21.0,2025.0,0,0,1,10.0,J.K. Dobbins,RB,Ohio State,69.0,209.0,,23.0,,,,,RB,42.0,29.437735849056605,,,,,,,,,,725.0,4459.0,6.2,38.0,71.0,645.0,9.1,5.0,,,,,,,,,,,,
2020,2,56,MIA,False,DT,DL,D,Alabama,23.0,2024.0,0,0,3,22.0,Raekwon Davis,DL,Alabama,78.0,311.0,5.12,24.0,28.0,111.0,7.95,4.86,DL,48.0,33.48,,,,,,,,,,,,,,,,,,,,,,,11.5,67.0,108.0,175.0,19.5,,
2020,2,57,LAR,False,WR,WR,O,Florida,24.0,2025.0,0,0,3,13.0,Van Jefferson,WR,Florida,73.0,200.0,,,,,,,WR,48.0,19.6,,,,,,,,,,,,,,,,,,175.0,2159.0,12.3,16.0,45.0,,,,,,,
2020,2,58,MIN,False,T,OL,O,Boise St.,22.0,2025.0,0,0,4,17.0,Ezra Cleveland,OL,Boise State,78.0,311.0,4.93,30.0,30.0,111.0,7.26,4.46,OL,26.0,9.610526315789471,,,,,,,,,,,,,,,,,,,,,,,,,,,,,
2020,2,59,NYJ,False,WR,WR,O,Baylor,22.0,2022.0,0,0,1,5.0,Denzel Mims,WR,Baylor,75.0,207.0,4.38,16.0,38.5,131.0,6.66,4.43,WR,48.0,8.297872340425531,,,,,,,,,,,,,,,,,,186.0,2925.0,15.7,28.0,60.9,,,,,,,
2020,2,60,NWE,False,LB,LB,D,Michigan,21.0,2025.0,0,0,0,8.0,Josh Uche,LB,Michigan,73.0,245.0,,18.0,,,,,LB,39.0,21.580645161290324,,,,,,,,,,,,,,,,,,,,,,,16.5,38.0,18.0,56.0,20.5,,
2020,2,61,TEN,False,CB,DB,D,LSU,22.0,2025.0,0,0,4,13.0,Kristian Fulton,CB,LSU,72.0,197.0,4.46,,35.5,123.0,6.94,4.36,DB,28.0,27.841379310344827,,,,,,,,,,,,,,,,,,,,,,,,,,,,2.0,23.0
2020,2,62,GNB,False,RB,RB,O,Boston Col.,22.0,2025.0,0,0,0,23.0,AJ Dillon,RB,Boston College,72.0,247.0,4.53,23.0,41.0,131.0,7.19,,RB,36.0,-0.1794117647058825,,,,,,,,,,845.0,4382.0,5.2,38.0,21.0,236.0,11.2,2.0,,,,,,,,,,,,
2020,2,63,KAN,False,LB,LB,D,Mississippi St.,22.0,2025.0,0,0,5,21.0,Willie Gay Jr.,LB,Mississippi State,73.0,243.0,4.46,21.0,39.5,136.0,7.08,4.3,LB,31.0,,,,,,,,,,,,,,,,,,,,,,,,6.0,46.0,53.0,99.0,11.0,,
2020,2,64,CAR,False,S,DB,D,Southern Illinois,22.0,2025.0,0,0,4,32.0,Jeremy Chinn,S,Southern Illinois,75.0,221.0,4.45,20.0,41.0,138.0,,,,,,,,,,,,,,,,,,,,,,,,,,,,,,,,,,
2020,3,65,CIN,False,LB,LB,D,Wyoming,24.0,2025.0,0,0,4,31.0,Logan Wilson,LB,Wyoming,74.0,241.0,4.63,21.0,32.0,121.0,7.07,4.27,LB,52.0,-2.453191489361702,,,,,,,,,,,,,,,,,,,,,,,7.0,253.0,168.0,421.0,35.0,,
2020,3,66,WAS,False,RB,RB,O,Memphis,22.0,2025.0,0,0,2,23.0,Antonio Gibson,WR,Memphis,72.0,228.0,4.39,16.0,35.0,118.0,,,WR,28.0,14.088888888888889,,,,,,,,,,,,,,,,,,44.0,834.0,19.0,10.0,29.8,,,,,,,
2020,3,67,DET,False,DE,DL,D,Notre Dame,22.0,2024.0,0,0,0,4.0,Julian Okwara,DL,Notre Dame,76.0,252.0,,27.0,,,,,DL,45.0,19.06153846153846,,,,,,,,,,,,,,,,,,,,,,,14.5,46.0,31.0,77.0,23.0,,
2020,3,68,NYJ,False,S,DB,D,California,23.0,2025.0,0,0,1,10.0,Ashtyn Davis,S,California,73.0,202.0,,14.0,,,,,CB,48.0,-0.0813333333333334,,,,,,,,,,,,,,,,,,,,,,,,,,,,7.0,12.0
2020,3,69,SEA,False,G,OL,O,LSU,23.0,2025.0,0,0,5,26.0,Damien Lewis,OL,LSU,74.0,327.0,5.24,27.0,30.0,108.0,,,G,15.0,33.1,,,,,,,,,,,,,,,,,,,,,,,,,,,,,
2020,3,70,MIA,False,S,DB,D,Texas,22.0,2025.0,0,0,2,10.0,Brandon Jones,S,Texas,71.0,198.0,,,,,,,DB,47.0,-2.938857142857143,,,,,,,,,,,,,,,,,,,,,,,,,,,,4.0,7.0
2020,3,71,BAL,False,DT,DL,D,Texas A&M,22.0,2025.0,0,2,4,38.0,Justin Madubuike,DL,Texas A&M,75.0,293.0,4.83,31.0,,,7.37,,DL,38.0,15.28,,,,,,,,,,,,,,,,,,,,,,,11.0,43.0,62.0,105.0,24.5,,
2020,3,72,ARI,False,T,OL,O,Houston,23.0,2025.0,0,0,2,13.0,Joshua Jones,OL,Houston,77.0,319.0,5.27,24.0,28.5,109.0,,,,,,,,,,,,,,,,,,,,,,,,,,,,,,,,,,
2020,3,73,JAX,False,DT,DL,D,Ohio St.,23.0,2025.0,0,0,2,25.0,DaVon Hamilton,DL,Ohio State,76.0,320.0,5.14,33.0,29.5,102.0,7.72,,DT,54.0,27.98108108108108,,,,,,,,,,,,,,,,,,,,,,,7.0,41.0,25.0,66.0,21.0,,
2020,3,74,NOR,False,LB,LB,D,Wisconsin,23.0,2025.0,1,2,1,9.0,Zack Baun,LB,Wisconsin,74.0,238.0,4.65,24.0,32.5,115.0,7.0,4.31,LB,39.0,17.28125,,,,,,,,,,,,,,,,,,,,,,,15.0,99.0,55.0,154.0,30.5,,
2020,3,75,DET,False,G,OL,O,Ohio St.,23.0,2025.0,0,1,4,25.0,Jonah Jackson,OL,Ohio State,75.0,306.0,5.23,28.0,26.0,98.0,7.83,5.02,OL,11.0,-12.3,,,,,,,,,,,,,,,,,,,,,,,,,,,,,
2020,3,76,TAM,False,RB,RB,O,Illinois,23.0,2024.0,0,0,0,2.0,Ke'Shawn Vaughn,RB,Vanderbilt,70.0,214.0,4.51,,32.0,117.0,,,RB,46.0,-2.253846153846154,,,,,,,,,,572.0,3296.0,5.8,30.0,67.0,664.0,9.9,3.0,,,,,,,,,,,,
2020,3,77,DEN,False,CB,DB,D,Iowa,22.0,2022.0,0,0,0,4.0,Michael Ojemudia,CB,Iowa,73.0,200.0,4.45,,36.0,122.0,6.87,4.21,DB,51.0,13.353846153846153,,,,,,,,,,,,,,,,,,,,,,,,,,,,6.0,17.0
2020,3,78,ATL,False,C,OL,O,Temple,22.0,2025.0,0,0,1,10.0,Matt Hennessy,OL,Temple,76.0,307.0,5.18,23.0,30.0,110.0,7.45,4.6,OL,24.0,1.7600000000000002,,,,,,,,,,,,,,,,,,,,,,,,,,,,,
2020,3,79,NYJ,False,DE,DL,D,Florida,23.0,2022.0,0,0,0,1.0,Jabari Zuniga,DL,Florida,75.0,264.0,4.64,29.0,33.0,127.0,,,DL,42.0,17.348387096774193,,,,,,,,,,,,,,,,,,,,,,,18.5,54.0,64.0,118.0,34.5,,
2020,3,81,LVR,False,WR,WR,O,South Carolina,21.0,2022.0,0,0,1,6.0,Bryan Edwards,WR,South Carolina,75.0,212.0,,,,,,,WR,48.0,7.103125,,,,,,,,,,,,,,,,,,234.0,3045.0,13.0,22.0,63.4,,,,,,,
2020,3,82,DAL,False,DT,DL,D,Oklahoma,23.0,2025.0,0,0,1,8.0,Neville Gallimore,DL,Oklahoma,74.0,304.0,4.79,23.0,,,7.97,5.01,DL,52.0,24.85,,,,,,,,,,,,,,,,,,,,,,,9.0,68.0,80.0,148.0,18.0,,
2020,3,83,DEN,False,C,OL,O,LSU,22.0,2025.0,0,0,4,21.0,Lloyd Cushenberry,OL,LSU,75.0,312.0,5.27,25.0,,,,,,,,,,,,,,,,,,,,,,,,,,,,,,,,,,,,
2020,3,84,LAR,False,LB,LB,D,Alabama,22.0,2022.0,0,0,0,5.0,Terrell Lewis,LB,Alabama,77.0,262.0,,,37.0,124.0,,,LB,15.0,20.433333333333334,,,,,,,,,,,,,,,,,,,,,,,7.0,31.0,16.0,47.0,13.5,,
2020,3,85,IND,False,S,DB,D,Utah,22.0,2025.0,0,0,4,20.0,Julian Blackmon,S,Utah,72.0,187.0,,,,,,,DB,49.0,15.06,,,,,,,,,,,,,,,,,,,,,,,,,,,,9.0,20.0
2020,3,86,BUF,False,RB,RB,O,Utah,22.0,2024.0,0,0,1,8.0,Zack Moss,RB,Utah,69.0,223.0,4.65,19.0,33.0,,,4.37,RB,45.0,14.467796610169492,,,,,,,,,,712.0,4067.0,5.7,38.0,66.0,685.0,10.4,3.0,,,,,,,,,,,,
2020,3,87,NWE,False,LB,LB,D,Alabama,23.0,2025.0,0,0,2,22.0,Anfernee Jennings,LB,Alabama,74.0,256.0,,,,,,,LB,54.0,33.87179487179487,,,,,,,,,,,,,,,,,,,,,,,14.5,98.0,95.0,193.0,33.5,,
2020,3,88,CLE,False,DT,DL,D,Texas,22.0,2025.0,0,0,3,17.0,Jordan Elliott,DL,Missouri,76.0,302.0,5.02,24.0,27.5,,,4.73,DL,31.0,13.066666666666666,,,,,,,,,,,,,,,,,,,,,,,5.5,50.0,26.0,76.0,18.0,,
2020,3,89,MIN,False,CB,DB,D,Mississippi St.,22.0,2023.0,0,0,2,10.0,Cameron Dantzler,CB,Mississippi State,74.0,188.0,4.64,,34.5,,,,DB,35.0,14.233333333333333,,,,,,,,,,,,,,,,,,,,,,,,,,,,5.0,20.0
2020,3,90,HOU,False,DE,DL,D,Florida,23.0,2025.0,0,1,3,15.0,Jonathan Greenard,DL,Florida,75.0,263.0,4.87,22.0,30.5,113.0,7.13,4.34,LB,36.0,22.571875,,,,,,,,,,,,,,,,,,,,,,,19.0,64.0,58.0,122.0,38.0,,
2020,3,91,NWE,False,TE,TE,O,UCLA,23.0,2022.0,0,0,0,0.0,Devin Asiasi,TE,UCLA,75.0,257.0,4.73,16.0,30.5,115.0,,,TE,34.0,3.3272727272727267,,,,,,,,,,,,,,,,,,52.0,789.0,15.2,6.0,23.2,,,,,,,
2020,3,92,BAL,False,WR,WR,O,Texas,22.0,2025.0,1,2,1,12.0,Devin Duvernay,WR,Texas,70.0,200.0,4.39,,35.5,123.0,7.13,4.2,WR,51.0,11.31917808219178,,,,,,,,,,,,,,,,,,176.0,2468.0,14.0,16.0,48.4,,,,,,,
2020,3,93,TEN,False,RB,RB,O,Appalachian St.,22.0,2024.0,0,0,0,1.0,Darrynton Evans,RB,Appalachian State,70.0,203.0,4.41,20.0,37.0,125.0,,,RB,39.0,10.80253164556962,,,,,,,,,,482.0,2884.0,6.0,25.0,39.0,319.0,8.2,6.0,,,,,,,,,,,,
2020,3,94,GNB,False,TE,TE,O,Cincinnati,23.0,2025.0,0,0,0,4.0,Josiah Deguara,TE,Cincinnati,74.0,242.0,4.72,25.0,35.5,115.0,7.15,4.35,TE,46.0,3.804255319148936,,,,,,,,,,,,,,,,,,92.0,1117.0,12.1,12.0,24.3,,,,,,,
2020,3,95,DEN,False,DT,DL,D,Arkansas,22.0,2023.0,0,0,0,2.0,McTelvin Agim,DL,Arkansas,75.0,309.0,4.98,27.0,,,,,DL,49.0,0.8076923076923078,,,,,,,,,,,,,,,,,,,,,,,14.5,62.0,86.0,148.0,31.5,,
2020,3,96,KAN,False,T,OL,O,TCU,22.0,2023.0,0,0,0,8.0,Lucas Niang,OL,TCU,78.0,315.0,,,,,,,T,20.0,6.8,,,,,,,,,,,,,,,,,,,,,,,,,,,,,
2020,4,97,CLE,False,LB,LB,D,LSU,21.0,2022.0,0,0,0,5.0,Jacob Phillips,LB,LSU,75.0,229.0,4.66,,39.0,126.0,7.38,4.33,LB,39.0,25.824,,,,,,,,,,,,,,,,,,,,,,,2.0,96.0,122.0,218.0,13.5,,
2020,4,98,BAL,False,LB,LB,D,Ohio St.,22.0,2025.0,0,0,0,16.0,Malik Harrison,LB,Ohio State,75.0,247.0,4.66,,36.0,122.0,6.83,4.32,LB,52.0,28.348571428571425,,,,,,,,,,,,,,,,,,,,,,,10.0,136.0,69.0,205.0,29.0,,
2020,4,99,NYG,False,T,OL,O,Connecticut,23.0,2025.0,0,0,0,5.0,Matt Peart,OL,Connecticut,79.0,318.0,5.06,26.0,30.0,113.0,8.01,4.92,OL,24.0,-25.4,,,,,,,,,,,,,,,,,,,,,,,,,,,,,
2020,4,101,NWE,False,TE,TE,O,Virginia Tech,21.0,2023.0,0,0,0,0.0,Dalton Keene,TE,Virginia Tech,76.0,253.0,4.71,21.0,34.0,125.0,7.07,4.19,TE,38.0,9.836666666666668,,,,,,,,,,,,,,,,,,59.0,748.0,12.7,8.0,19.7,,,,,,,
2020,4,102,PIT,False,LB,LB,D,Charlotte,23.0,2025.0,0,0,4,35.0,Alex Highsmith,DL,Charlotte,75.0,248.0,4.7,,33.0,125.0,7.32,4.31,LB,48.0,-18.738709677419354,,,,,,,,,,,,,,,,,,,,,,,20.0,115.0,70.0,185.0,46.0,,
2020,4,103,PHI,False,LB,LB,D,Colorado,22.0,2021.0,0,0,0,3.0,Davion Taylor,LB,Colorado,72.0,228.0,4.49,21.0,35.0,127.0,6.96,4.26,LB,24.0,-2.4,,,,,,,,,,,,,,,,,,,,,,,2.0,99.0,29.0,128.0,18.0,,
2020,4,104,LAR,False,S,DB,D,Utah,21.0,2025.0,0,0,0,2.0,Terrell Burgess,S,Utah,71.0,202.0,4.46,20.0,33.5,122.0,,,DB,45.0,14.429166666666667,,,,,,,,,,,,,,,,,,,,,,,,,,,,1.0,9.0
2020,4,105,NOR,False,TE,TE,O,Dayton,23.0,2025.0,0,0,3,6.0,Adam Trautman,TE,Dayton,77.0,255.0,4.8,18.0,34.5,114.0,6.78,4.27,,,,,,,,,,,,,,,,,,,,,,,,,,,,,,,,
2020,4,106,BAL,False,T,OL,O,Mississippi St.,23.0,2024.0,0,0,1,6.0,Tyre Phillips,OL,Mississippi State,77.0,331.0,5.37,22.0,25.0,93.0,8.17,5.11,OL,13.0,,,,,,,,,,,,,,,,,,,,,,,,,,,,,,
2020,4,107,CIN,False,LB,LB,D,Appalachian St.,22.0,2025.0,0,0,0,9.0,Akeem Davis-Gaither,LB,Appalachian State,73.0,224.0,,21.0,,,,,LB,40.0,3.8,,,,,,,,,,,,,,,,,,,,,,,6.5,121.0,119.0,240.0,25.5,,
2020,4,108,WAS,False,T,OL,O,LSU,21.0,2025.0,0,0,1,8.0,Saahdiq Charles,OL,LSU,76.0,321.0,5.05,,,,,,,,,,,,,,,,,,,,,,,,,,,,,,,,,,,,,
2020,4,109,LVR,False,G,OL,O,Clemson,23.0,2025.0,0,0,3,9.0,John Simpson,OL,Clemson,76.0,321.0,5.24,34.0,30.0,107.0,8.03,4.87,G,29.0,29.03333333333333,,,,,,,,,,,,,,,,,,,,,,,,,,,,,
2020,4,110,NYG,False,CB,DB,D,UCLA,22.0,2025.0,0,0,0,7.0,Darnay Holmes,CB,UCLA,70.0,195.0,4.48,12.0,,,,,DB,35.0,-0.0898305084745761,,,,,,,,,,,,,,,,,,,,,,,,,,,,8.0,20.0
2020,4,111,MIA,False,G,OL,O,Georgia,23.0,2021.0,0,0,1,6.0,Solomon Kindley,OL,Georgia,75.0,337.0,,,,,,,,,,,,,,,,,,,,,,,,,,,,,,,,,,,,,,
2020,4,112,LAC,False,RB,RB,O,UCLA,22.0,2024.0,0,0,0,9.0,Joshua Kelley,RB,UCLA,71.0,212.0,4.49,23.0,31.0,121.0,6.95,4.28,RB,22.0,-2.15,,,,,,,,,,454.0,2303.0,5.1,24.0,38.0,264.0,6.9,1.0,,,,,,,,,,,,
2020,4,113,CAR,False,CB,DB,D,Notre Dame,22.0,2024.0,0,0,0,3.0,Troy Pride,CB,Notre Dame,71.0,193.0,4.4,13.0,35.5,119.0,6.94,4.26,CB,46.0,18.60392156862745,,,,,,,,,,,,,,,,,,,,,,,,,,,,4.0,18.0
2020,4,114,ARI,False,DT,DL,D,Utah,22.0,2025.0,0,0,2,9.0,Leki Fotu,DL,Utah,77.0,330.0,5.15,21.0,,,,,DT,45.0,14.529032258064516,,,,,,,,,,,,,,,,,,,,,,,4.5,43.0,42.0,85.0,18.0,,
2020,4,115,CLE,False,TE,TE,O,Florida Atlantic,22.0,2025.0,0,0,3,7.0,Harrison Bryant,TE,Florida Atlantic,77.0,243.0,4.73,13.0,32.5,110.0,7.41,4.37,TE,48.0,-4.097674418604651,,,,,,,,,,,,,,,,,,148.0,2137.0,14.4,16.0,44.5,,,,,,,
2020,4,116,JAX,False,G,OL,O,Saint John's (MN),22.0,2025.0,0,0,1,8.0,Ben Bartch,OL,Saint John's (MN),78.0,309.0,,,,,,,,,,,,,,,,,,,,,,,,,,,,,,,,,,,,,,
2020,4,117,MIN,False,DE,DL,D,South Carolina,22.0,2025.0,0,0,2,17.0,D.J. Wonnum,DL,South Carolina,77.0,258.0,4.73,20.0,34.5,123.0,7.25,4.44,DL,43.0,4.424324324324324,,,,,,,,,,,,,,,,,,,,,,,14.0,78.0,59.0,137.0,29.5,,
2020,4,118,DEN,False,TE,TE,O,Missouri,22.0,2025.0,0,0,0,5.0,Albert Okwuegbunam,TE,Missouri,77.0,258.0,4.49,,,,,,TE,33.0,13.282142857142857,,,,,,,,,,,,,,,,,,98.0,1187.0,12.1,23.0,36.0,,,,,,,
2020,4,119,ATL,False,LB,LB,D,Fresno St.,23.0,2025.0,0,0,2,11.0,Mykal Walker,LB,Fresno State,75.0,230.0,4.65,20.0,33.0,122.0,7.09,4.25,DE,26.0,10.020689655172411,,,,,,,,,,,,,,,,,,,,,,,6.5,94.0,88.0,182.0,22.5,,
2020,4,120,NYJ,False,RB,RB,O,Florida,22.0,2023.0,0,0,0,2.0,La'Mical Perine,RB,Florida,71.0,216.0,4.62,22.0,35.0,118.0,7.13,4.31,RB,50.0,19.26,,,,,,,,,,493.0,2485.0,5.0,22.0,72.0,674.0,9.4,8.0,,,,,,,,,,,,
2020,4,121,DET,False,G,OL,O,Kentucky,23.0,2022.0,0,0,0,3.0,Logan Stenberg,OL,Kentucky,78.0,317.0,5.3,,26.0,104.0,8.0,4.83,G,25.0,7.899999999999999,,,,,,,,,,,,,,,,,,,,,,,,,,,,,
2020,4,122,IND,False,QB,QB,O,Washington,22.0,2022.0,0,0,0,0.0,Jacob Eason,QB,Washington,78.0,231.0,4.89,,27.5,110.0,7.5,4.75,QB,31.0,18.28529411764706,468.0,782.0,59.8,5590.0,39.0,16.0,7.1,7.23,180.3,,,,,,,,,,,,,,,,,,,,
2020,4,123,DAL,False,CB,DB,D,Tulsa,23.0,2020.0,0,0,0,0.0,Reggie Robinson II,CB,Tulsa,73.0,205.0,4.44,22.0,36.0,132.0,7.09,4.18,CB,29.0,,,,,,,,,,,,,,,,,,,,,,,,,,,,,0.0,21.0
2020,4,124,PIT,False,RB,RB,O,Maryland,22.0,2023.0,0,0,0,1.0,Anthony McFarland,RB,Maryland,68.0,208.0,4.44,,29.5,116.0,,,RB,23.0,-2.4,,,,,,,,,,245.0,1648.0,6.7,12.0,24.0,199.0,8.3,1.0,,,,,,,,,,,,
2020,4,126,HOU,False,T,OL,O,North Carolina,23.0,2025.0,0,0,1,9.0,Charlie Heck,OL,North Carolina,80.0,311.0,5.16,21.0,28.0,112.0,8.02,4.86,,,,,,,,,,,,,,,,,,,,,,,,,,,,,,,,
2020,4,127,PHI,False,S,DB,D,Clemson,23.0,2025.0,0,0,0,4.0,K'Von Wallace,S,Clemson,71.0,206.0,4.53,18.0,38.0,133.0,6.76,4.15,DB,59.0,28.225,,,,,,,,,,,,,,,,,,,,,,,,,,,,5.0,16.0
2020,4,128,BUF,False,WR,WR,O,Central Florida,21.0,2025.0,0,0,4,26.0,Gabriel Davis,WR,UCF,74.0,216.0,4.54,14.0,35.0,124.0,7.08,4.59,WR,37.0,16.575,,,,,,,,,,,,,,,,,,152.0,2447.0,16.1,23.0,66.1,,,,,,,
2020,5,130,MIN,False,DT,DL,D,Baylor,21.0,2025.0,0,0,0,5.0,James Lynch,DL,Baylor,76.0,289.0,5.01,23.0,29.0,111.0,7.39,4.39,DT,38.0,6.592592592592593,,,,,,,,,,,,,,,,,,,,,,,22.0,62.0,39.0,101.0,33.5,,
2020,5,131,ARI,False,DT,DL,D,LSU,22.0,2022.0,0,0,0,6.0,Rashard Lawrence II,DL,LSU,74.0,308.0,5.07,22.0,,,8.03,,DT,44.0,25.925,,,,,,,,,,,,,,,,,,,,,,,9.0,47.0,73.0,120.0,21.0,,
2020,5,132,MIN,False,LB,LB,D,Oregon,23.0,2025.0,0,0,1,6.0,Troy Dye,LB,Oregon,75.0,231.0,,,,,,,LB,50.0,10.375,,,,,,,,,,,,,,,,,,,,,,,15.0,237.0,160.0,397.0,44.0,,
2020,5,133,SEA,False,TE,TE,O,Stanford,21.0,2025.0,0,0,1,5.0,Colby Parkinson,TE,Stanford,79.0,252.0,4.77,18.0,32.5,109.0,7.15,4.46,TE,39.0,4.047222222222222,,,,,,,,,,,,,,,,,,87.0,1171.0,13.5,12.0,30.0,,,,,,,
2020,5,134,ATL,False,S,DB,D,California,23.0,2025.0,0,0,1,9.0,Jaylinn Hawkins,S,California,73.0,208.0,,,35.5,117.0,,,CB,50.0,0.3927272727272727,,,,,,,,,,,,,,,,,,,,,,,,,,,,10.0,7.0
2020,5,135,PIT,False,G,OL,O,Louisiana,23.0,2025.0,0,0,3,10.0,,,,,,,,,,,,OL,24.0,-12.25,,,,,,,,,,,,,,,,,,,,,,,,,,,,,
2020,5,136,LAR,False,TE,TE,O,Purdue,23.0,2023.0,0,0,0,2.0,Brycen Hopkins,TE,Purdue,76.0,245.0,4.66,21.0,33.5,116.0,7.25,4.28,TE,48.0,-0.02,,,,,,,,,,,,,,,,,,130.0,1945.0,15.0,16.0,40.5,,,,,,,
2020,5,137,JAX,False,CB,DB,D,Michigan St.,21.0,2023.0,0,0,0,0.0,Josiah Scott,CB,Michigan State,69.0,185.0,4.42,17.0,,,,,CB,30.0,10.530555555555557,,,,,,,,,,,,,,,,,,,,,,,,,,,,7.0,24.0
2020,5,138,KAN,False,S,DB,D,Louisiana Tech,23.0,2025.0,0,0,3,19.0,L'Jarius Sneed,S,Louisiana Tech,72.0,192.0,4.37,12.0,41.0,131.0,,,CB,51.0,-2.2750000000000004,,,,,,,,,,,,,,,,,,,,,,,,,,,,8.0,20.0
2020,5,139,LVR,False,CB,DB,D,Louisiana Tech,22.0,2025.0,0,0,1,9.0,Amik Robertson,CB,Louisiana Tech,68.0,187.0,,,,,,,CB,38.0,-3.108163265306122,,,,,,,,,,,,,,,,,,,,,,,,,,,,14.0,34.0
2020,5,140,JAX,False,LB,LB,D,Miami (FL),22.0,2024.0,0,0,0,4.0,Shaquille Quarterman,LB,Miami,72.0,234.0,4.74,23.0,31.0,120.0,,,LB,52.0,14.404545454545454,,,,,,,,,,,,,,,,,,,,,,,12.5,182.0,174.0,356.0,46.5,,
2020,5,141,HOU,False,CB,DB,D,Penn St.,24.0,2022.0,0,0,0,1.0,John Reid,CB,Penn State,70.0,187.0,4.49,20.0,36.5,129.0,6.95,3.97,CB,51.0,19.61111111111111,,,,,,,,,,,,,,,,,,,,,,,,,,,,7.0,30.0
2020,5,142,WAS,False,WR,WR,O,Liberty,22.0,2021.0,0,0,0,0.0,Antonio Gandy-Golden,WR,Liberty,76.0,223.0,4.6,22.0,36.0,127.0,7.33,4.55,WR,24.0,-14.67058823529412,,,,,,,,,,,,,,,,,,150.0,2433.0,16.2,20.0,101.4,,,,,,,
2020,5,143,BAL,False,G,OL,O,Michigan,22.0,2025.0,0,0,2,1.0,Ben Bredeson,OL,Michigan,77.0,315.0,,,,,,,,,,,,,,,,,,,,,,,,,,,,,,,,,,,,,,
2020,5,144,SEA,False,RB,RB,O,Miami (FL),21.0,2025.0,0,0,0,6.0,DeeJay Dallas,RB,Miami,70.0,217.0,4.58,,33.5,119.0,7.18,4.32,RB,35.0,,,,,,,,,,,265.0,1527.0,5.8,17.0,28.0,317.0,11.3,2.0,,,,,,,,,,,,
2020,5,145,PHI,False,G,OL,O,Auburn,23.0,2024.0,0,0,0,12.0,Jack Driscoll,OL,Auburn,77.0,306.0,5.02,23.0,29.5,114.0,,,,,,,,,,,,,,,,,,,,,,,,,,,,,,,,,,
2020,5,146,DAL,False,C,OL,O,Wisconsin,22.0,2025.0,0,1,4,24.0,Tyler Biadasz,OL,Wisconsin,76.0,314.0,,,,,,,OL,27.0,17.9,,,,,,,,,,,,,,,,,,,,,,,,,,,,,
2020,5,147,CIN,False,DE,DL,D,Notre Dame,22.0,2025.0,0,0,0,2.0,Khalid Kareem,DL,Notre Dame,76.0,268.0,,,,,,,DL,39.0,19.625925925925927,,,,,,,,,,,,,,,,,,,,,,,13.0,56.0,53.0,109.0,26.0,,
2020,5,148,SEA,False,DE,DL,D,Syracuse,22.0,2021.0,0,0,0,4.0,Alton Robinson,DL,Syracuse,75.0,264.0,4.69,25.0,35.5,119.0,7.32,4.32,DL,36.0,3.4166666666666665,,,,,,,,,,,,,,,,,,,,,,,19.5,72.0,43.0,115.0,32.5,,
2020,5,149,IND,False,G,OL,O,Ball St.,24.0,2025.0,0,0,0,7.0,Danny Pinter,OL,Ball State,76.0,306.0,4.91,24.0,29.5,110.0,7.76,4.62,TE,31.0,-12.577272727272726,,,,,,,,,,,,,,,,,,9.0,56.0,6.2,1.0,1.8,,,,,,,
2020,5,150,NYG,False,G,OL,O,Oregon,23.0,2024.0,0,0,1,3.0,Shane Lemieux,OL,Oregon,76.0,310.0,5.11,,25.5,107.0,8.13,4.9,,,,,,,,,,,,,,,,,,,,,,,,,,,,,,,,
2020,5,151,LAC,False,WR,WR,O,Virginia,22.0,2020.0,0,0,0,0.0,Joe Reed,WR,Virginia,72.0,224.0,4.47,21.0,38.0,123.0,,,WR,50.0,2.655670103092783,,,,,,,,,,,,,,,,,,129.0,1465.0,11.4,16.0,29.3,,,,,,,
2020,5,152,CAR,False,S,DB,D,West Virginia,21.0,2021.0,0,0,0,1.0,,,,,,,,,,,,S,25.0,9.856,,,,,,,,,,,,,,,,,,,,,,,,,,,,7.0,7.0
2020,5,153,SFO,False,T,OL,O,West Virginia,24.0,2025.0,0,0,2,24.0,Colton McKivitz,OL,West Virginia,78.0,306.0,5.35,20.0,26.0,106.0,7.87,5.0,OL,26.0,8.45,,,,,,,,,,,,,,,,,,,,,,,,,,,,,
2020,5,154,MIA,False,DE,DL,D,North Carolina,23.0,2020.0,0,0,0,1.0,Jason Strowbridge,DL,North Carolina,76.0,275.0,4.89,26.0,31.0,113.0,7.45,4.37,DE,44.0,7.319354838709677,,,,,,,,,,,,,,,,,,,,,,,11.5,62.0,65.0,127.0,22.0,,
2020,5,155,CHI,False,DE,DL,D,Tulsa,23.0,2025.0,0,0,1,9.0,Trevis Gipson,DL,Tulsa,75.0,261.0,,25.0,,,,,DE,49.0,-2.4848484848484844,,,,,,,,,,,,,,,,,,,,,,,13.0,64.0,50.0,114.0,25.5,,
2020,5,156,WAS,False,C,OL,O,San Diego St.,22.0,2023.0,0,0,0,2.0,Keith Ismael,OL,San Diego State,75.0,309.0,5.34,,32.0,108.0,8.14,4.65,OL,25.0,4.0,,,,,,,,,,,,,,,,,,,,,,,,,,,,,
2020,5,157,JAX,False,S,DB,D,Auburn,22.0,2025.0,0,0,0,5.0,Daniel Thomas,S,Auburn,70.0,215.0,4.51,24.0,37.0,125.0,,,DB,51.0,14.894318181818182,,,,,,,,,,,,,,,,,,,,,,,,,,,,5.0,8.0
2020,5,158,NYJ,False,CB,DB,D,Virginia,22.0,2024.0,0,0,2,10.0,Bryce Hall,CB,Virginia,73.0,202.0,,11.0,,,,,DB,44.0,2.569767441860465,,,,,,,,,,,,,,,,,,,,,,,,,,,,5.0,39.0
2020,5,160,CLE,False,C,OL,O,Washington,21.0,2024.0,0,0,0,5.0,Nick Harris,OL,Washington,73.0,302.0,5.1,20.0,29.5,103.0,,,,,,,,,,,,,,,,,,,,,,,,,,,,,,,,,,
2020,6,161,TAM,False,WR,WR,O,Minnesota,22.0,2025.0,0,0,0,5.0,Tyler Johnson,WR,Minnesota,73.0,206.0,,,,,,,WR,47.0,6.423188405797101,,,,,,,,,,,,,,,,,,199.0,3094.0,15.5,30.0,65.8,,,,,,,
2020,6,162,WAS,False,LB,LB,D,Michigan,22.0,2024.0,0,0,0,7.0,Khaleke Hudson,LB,Michigan,71.0,224.0,4.56,30.0,33.0,120.0,,,LB,26.0,21.85111111111111,,,,,,,,,,,,,,,,,,,,,,,4.0,65.0,82.0,147.0,8.0,,
2020,6,163,CHI,False,CB,DB,D,Georgia Southern,22.0,2025.0,0,0,2,7.0,Kindle Vildor,CB,Georgia Southern,70.0,191.0,4.44,22.0,39.5,133.0,7.14,4.28,CB,48.0,-6.925,,,,,,,,,,,,,,,,,,,,,,,,,,,,9.0,24.0
2020,6,165,JAX,False,WR,WR,O,Texas,22.0,2024.0,0,0,0,2.0,Collin Johnson,WR,Texas,78.0,222.0,,17.0,,,,,WR,44.0,8.226,,,,,,,,,,,,,,,,,,188.0,2624.0,14.0,15.0,59.6,,,,,,,
2020,6,166,DET,False,WR,WR,O,Wisconsin,22.0,2022.0,0,0,0,5.0,Quintez Cephus,WR,Wisconsin,73.0,202.0,4.73,23.0,38.5,124.0,7.2,4.33,WR,38.0,22.814285714285717,,,,,,,,,,,,,,,,,,93.0,1496.0,16.1,13.0,39.4,,,,,,,
2020,6,168,PHI,False,WR,WR,O,Boise St.,24.0,2021.0,0,0,0,1.0,John Hightower,WR,Boise State,73.0,189.0,4.43,,38.5,122.0,7.07,4.21,WR,24.0,9.814545454545454,,,,,,,,,,,,,,,,,,82.0,1447.0,17.6,14.0,60.3,,,,,,,
2020,6,169,MIN,False,CB,DB,D,Temple,21.0,2022.0,0,0,0,2.0,Harrison Hand,CB,Temple,71.0,197.0,4.52,14.0,41.0,133.0,7.15,4.27,CB,34.0,1.1655172413793105,,,,,,,,,,,,,,,,,,,,,,,,,,,,4.0,16.0
2020,6,170,BAL,False,DT,DL,D,Texas Tech,23.0,2025.0,0,0,1,15.0,Broderick Washington,DL,Texas Tech,74.0,305.0,,23.0,,,,,DL,49.0,,,,,,,,,,,,,,,,,,,,,,,,8.5,82.0,56.0,138.0,15.5,,
2020,6,171,HOU,False,WR,WR,O,Rhode Island,21.0,2021.0,0,0,0,0.0,Isaiah Coulter,WR,Rhode Island,74.0,198.0,4.45,,36.0,121.0,7.28,4.62,,,,,,,,,,,,,,,,,,,,,,,,,,,,,,,,
2020,6,173,CHI,False,WR,WR,O,Tulane,22.0,2025.0,0,0,4,23.0,Darnell Mooney,WR,Tulane,70.0,176.0,4.38,9.0,37.0,124.0,,,WR,50.0,-5.253333333333333,,,,,,,,,,,,,,,,,,154.0,2572.0,16.7,19.0,51.4,,,,,,,
2020,6,174,TEN,False,DT,DL,D,North Carolina St.,23.0,2025.0,0,0,0,4.0,Larrell Murchison,DL,North Carolina State,74.0,297.0,5.05,29.0,29.0,118.0,7.89,4.51,DT,25.0,2.858333333333334,,,,,,,,,,,,,,,,,,,,,,,11.0,40.0,42.0,82.0,20.0,,
2020,6,175,GNB,False,LB,LB,D,Minnesota,22.0,2021.0,0,0,0,3.0,Kamal Martin,LB,Minnesota,75.0,240.0,,,,,,,LB,45.0,9.235294117647058,,,,,,,,,,,,,,,,,,,,,,,3.5,106.0,71.0,177.0,13.0,,
2020,6,176,MIN,False,WR,WR,O,Miami (FL),23.0,2024.0,0,0,2,13.0,K.J. Osborn,WR,Miami,71.0,203.0,4.48,18.0,37.5,123.0,7.0,4.35,WR,51.0,-3.6978260869565216,,,,,,,,,,,,,,,,,,146.0,2037.0,14.0,17.0,39.9,,,,,,,
2020,6,177,KAN,False,DE,DL,D,Michigan,22.0,2025.0,0,0,2,23.0,,,,,,,,,,,,DL,51.0,-5.405882352941177,,,,,,,,,,,,,,,,,,,,,,,18.0,112.0,77.0,189.0,31.0,,
2020,6,178,DEN,False,LB,LB,D,Wake Forest,24.0,2025.0,0,0,0,14.0,Justin Strnad,LB,Wake Forest,75.0,238.0,4.74,,29.0,113.0,,4.49,LB,46.0,4.727272727272728,,,,,,,,,,,,,,,,,,,,,,,8.0,145.0,99.0,244.0,22.5,,
2020,6,179,DAL,False,DE,DL,D,Utah,22.0,2021.0,0,0,0,1.0,Bradlee Anae,DL,Utah,75.0,257.0,4.93,25.0,31.0,115.0,7.44,4.43,DE,47.0,14.844444444444443,,,,,,,,,,,,,,,,,,,,,,,30.0,86.0,49.0,135.0,41.5,,
2020,6,180,CIN,False,T,OL,O,Kansas,22.0,2025.0,0,0,0,9.0,Hakeem Adeniji,OL,Kansas,76.0,302.0,5.17,26.0,34.0,115.0,,,,,,,,,,,,,,,,,,,,,,,,,,,,,,,,,,
2020,6,181,DEN,False,G,OL,O,Fresno St.,21.0,2023.0,0,0,0,3.0,Netane Muti,OL,Fresno State,75.0,315.0,,44.0,,,,,,,,,,,,,,,,,,,,,,,,,,,,,,,,,,,,
2020,6,182,NWE,False,G,OL,O,Michigan,22.0,2025.0,0,0,4,33.0,Mike Onwenu,OL,Michigan,75.0,344.0,,26.0,,,,,OL,13.0,,,,,,,,,,,,,,,,,,,,,,,,,,,,,,
2020,6,183,NYG,False,LB,LB,D,Penn St.,22.0,2023.0,0,0,0,4.0,Cameron Brown,LB,Penn State,77.0,233.0,4.72,16.0,35.5,123.0,,,LB,50.0,29.3,,,,,,,,,,,,,,,,,,,,,,,5.0,99.0,100.0,199.0,15.0,,
2020,6,184,CAR,False,DT,DL,D,Baylor,23.0,2022.0,0,0,1,9.0,,,,,,,,,,,,DT,48.0,7.425,,,,,,,,,,,,,,,,,,,,,,,7.5,71.0,62.0,133.0,19.0,,
2020,6,185,MIA,False,LS,LS,S,LSU,23.0,2024.0,0,0,0,4.0,Blake Ferguson,LS,LSU,75.0,229.0,5.07,,31.0,112.0,7.43,4.52,LS,26.0,22.376470588235296,,,,,,,,,,,,,,,,,,,,,,,,,,,,0.0,
2020,6,186,LAC,False,S,DB,D,Notre Dame,22.0,2025.0,0,0,2,14.0,Alohi Gilman,S,Notre Dame,70.0,201.0,4.6,17.0,32.0,119.0,6.81,4.08,S,40.0,15.528571428571428,,,,,,,,,,,,,,,,,,,,,,,,,,,,3.0,12.0
2020,6,187,CLE,False,WR,WR,O,Michigan,21.0,2023.0,0,0,1,17.0,Donovan Peoples-Jones,WR,Michigan,74.0,212.0,4.48,,44.5,139.0,,,WR,37.0,20.766666666666666,,,,,,,,,,,,,,,,,,103.0,1327.0,12.9,14.0,35.9,,,,,,,
2020,6,188,BUF,False,K,K,S,Georgia Southern,23.0,2024.0,0,0,2,13.0,Tyler Bass,K,Georgia Southern,70.0,185.0,,,,,,,,,,,,,,,,,,,,,,,,,,,,,,,,,,,,,,
2020,6,189,JAX,False,QB,QB,O,Oregon St.,24.0,2020.0,0,0,0,2.0,Jake Luton,QB,Oregon State,78.0,224.0,,,,,,,QB,31.0,-10.363636363636363,494.0,795.0,62.1,5610.0,43.0,15.0,7.1,7.29,181.0,,,,,,,,,,,,,,,,,,,,
2020,6,190,SFO,False,TE,TE,O,Georgia,22.0,2025.0,0,0,0,0.0,Charlie Woerner,TE,Georgia,77.0,244.0,4.78,21.0,34.5,120.0,7.18,4.46,TE,53.0,27.106122448979598,,,,,,,,,,,,,,,,,,34.0,376.0,11.1,1.0,7.1,,,,,,,
2020,6,191,NYJ,False,P,P,S,Texas A&M,22.0,2025.0,0,0,2,7.0,Braden Mann,P,Texas A&M,71.0,198.0,4.83,,31.0,111.0,7.03,4.13,,,,,,,,,,,,,,,,,,,,,,,,,,,,,,,,
2020,6,192,GNB,False,T,OL,O,Michigan,23.0,2025.0,0,0,4,26.0,Jon Runyan,OL,Michigan,76.0,306.0,5.08,24.0,30.5,107.0,7.57,4.69,OL,12.0,20.7,,,,,,,,,,,,,,,,,,,,,,,,,,,,,
2020,7,193,IND,False,DT,DL,D,Penn St.,23.0,2020.0,0,0,0,0.0,Rob Windsor,DL,Penn State,76.0,290.0,4.9,21.0,28.5,111.0,7.47,4.44,DT,52.0,22.45483870967742,,,,,,,,,,,,,,,,,,,,,,,14.0,49.0,72.0,121.0,20.0,,
2020,7,194,TAM,False,DT,DL,D,Nebraska,24.0,2024.0,0,0,0,0.0,Khalil Davis,DL,Nebraska,73.0,308.0,4.75,32.0,,,,,DT,47.0,5.219354838709678,,,,,,,,,,,,,,,,,,,,,,,13.0,63.0,42.0,105.0,23.0,,
2020,7,195,NWE,False,T,OL,O,Wake Forest,24.0,2023.0,0,0,0,6.0,Justin Herron,OL,Wake Forest,76.0,308.0,5.26,27.0,33.0,105.0,8.41,4.88,OL,12.0,,,,,,,,,,,,,,,,,,,,,,,,,,,,,,
2020,7,196,PHI,False,LB,LB,D,Temple,23.0,2022.0,0,0,0,3.0,Shaun Bradley,LB,Temple,73.0,235.0,4.51,14.0,32.5,121.0,7.07,4.24,LB,50.0,3.438888888888889,,,,,,,,,,,,,,,,,,,,,,,2.0,168.0,88.0,256.0,22.0,,
2020,7,197,DET,False,DT,DL,D,Utah,23.0,2021.0,0,0,1,6.0,John Penisini,DL,Utah,73.0,318.0,,23.0,25.5,,,4.93,DT,40.0,15.5875,,,,,,,,,,,,,,,,,,,,,,,5.0,29.0,51.0,80.0,15.0,,
2020,7,198,PIT,False,S,DB,D,Maryland,22.0,2021.0,0,0,0,0.0,Antoine Brooks Jr.,S,Maryland,71.0,220.0,4.64,18.0,34.5,,,,DB,24.0,,,,,,,,,,,,,,,,,,,,,,,,,,,,,2.0,8.0
2020,7,199,LAR,False,S,DB,D,Ohio St.,22.0,2025.0,0,0,3,15.0,Jordan Fuller,S,Ohio State,74.0,203.0,4.67,,35.5,122.0,,4.27,S,52.0,28.453488372093023,,,,,,,,,,,,,,,,,,,,,,,,,,,,6.0,10.0
2020,7,200,PHI,False,WR,WR,O,Southern Miss,22.0,2023.0,0,0,1,13.0,Quez Watkins,WR,Southern Miss,72.0,185.0,4.35,,36.5,125.0,7.28,4.36,WR,36.0,-4.4975609756097565,,,,,,,,,,,,,,,,,,159.0,2404.0,15.1,17.0,66.8,,,,,,,
2020,7,201,BAL,False,WR,WR,O,SMU,23.0,2025.0,0,0,0,3.0,James Proche,WR,SMU,71.0,201.0,,20.0,34.5,,7.27,4.4,WR,50.0,-3.2521008403361344,,,,,,,,,,,,,,,,,,301.0,3949.0,13.1,39.0,79.0,,,,,,,
2020,7,203,MIN,False,T,OL,O,Oregon St.,23.0,2025.0,0,0,1,15.0,,,,,,,,,,,,OL,12.0,-4.6,,,,,,,,,,,,,,,,,,,,,,,,,,,,,
2020,7,204,NWE,False,LB,LB,D,Wyoming,21.0,2020.0,0,0,0,1.0,,,,,,,,,,,,LB,50.0,-1.7325581395348837,,,,,,,,,,,,,,,,,,,,,,,1.5,101.0,97.0,198.0,16.5,,
2020,7,205,MIN,False,S,DB,D,Michigan,22.0,2025.0,0,0,1,20.0,Josh Metellus,S,Michigan,71.0,209.0,4.55,20.0,36.5,124.0,6.94,4.4,S,46.0,21.313636363636363,,,,,,,,,,,,,,,,,,,,,,,,,,,,5.0,16.0
2020,7,206,JAX,False,TE,TE,O,Georgia Tech,23.0,2022.0,0,0,0,0.0,,,,,,,,,,,,WR,35.0,1.7096774193548394,,,,,,,,,,,,,,,,,,53.0,541.0,10.2,7.0,15.5,,,,,,,
2020,7,207,BUF,False,WR,WR,O,Oregon St.,21.0,2025.0,0,0,1,0.0,Isaiah Hodgins,WR,Oregon State,76.0,210.0,4.61,9.0,36.5,124.0,7.01,4.12,WR,34.0,-10.238888888888887,,,,,,,,,,,,,,,,,,176.0,2322.0,13.2,20.0,68.3,,,,,,,
2020,7,208,GNB,False,C,OL,O,Oregon,23.0,2024.0,0,0,0,1.0,Jake Hanson,OL,Oregon,76.0,303.0,5.5,33.0,,,,,OL,12.0,19.0,,,,,,,,,,,,,,,,,,,,,,,,,,,,,
2020,7,210,PHI,False,T,OL,O,Auburn,22.0,2023.0,0,0,0,0.0,Prince Tega Wanogho,OL,Auburn,77.0,308.0,,,,,,,,,,,,,,,,,,,,,,,,,,,,,,,,,,,,,,
2020,7,211,IND,False,CB,DB,D,Massachusetts,22.0,2025.0,0,0,1,7.0,,,,,,,,,,,,CB,45.0,-19.3,,,,,,,,,,,,,,,,,,,,,,,,,,,,11.0,35.0
2020,7,212,IND,False,WR,WR,O,Washington St.,22.0,2022.0,0,0,0,0.0,Dezmon Patmon,WR,Washington State,76.0,225.0,4.48,15.0,36.0,132.0,7.28,4.38,WR,42.0,10.164864864864866,,,,,,,,,,,,,,,,,,156.0,1976.0,12.7,13.0,47.0,,,,,,,
2020,7,213,IND,False,LB,LB,D,Michigan,24.0,2021.0,0,0,0,2.0,,,,,,,,,,,,S,26.0,21.684615384615384,,,,,,,,,,,,,,,,,,,,,,,,,,,,0.0,1.0
2020,7,214,SEA,False,WR,WR,O,Florida,22.0,2022.0,0,0,0,5.0,Freddie Swain,WR,Florida,72.0,197.0,4.46,16.0,36.5,124.0,7.05,4.26,WR,47.0,20.233766233766232,,,,,,,,,,,,,,,,,,68.0,996.0,14.6,15.0,21.2,,,,,,,
2020,7,215,CIN,False,LB,LB,D,Purdue,23.0,2024.0,0,0,0,7.0,Markus Bailey,LB,Purdue,72.0,235.0,,15.0,,,,,LB,45.0,0.2349999999999999,,,,,,,,,,,,,,,,,,,,,,,13.5,229.0,97.0,326.0,28.0,,
2020,7,216,WAS,False,S,DB,D,Arkansas,21.0,2025.0,0,0,5,17.0,Kamren Curl,S,Arkansas,73.0,206.0,4.6,24.0,34.5,125.0,,,DB,34.0,-3.65,,,,,,,,,,,,,,,,,,,,,,,,,,,,2.0,15.0
2020,7,217,SFO,False,WR,WR,O,Tennessee,23.0,2025.0,0,0,0,21.0,Jauan Jennings,WR,Tennessee,75.0,215.0,4.72,,29.0,119.0,,,WR,51.0,13.288235294117648,,,,,,,,,,,,,,,,,,146.0,2153.0,14.7,18.0,42.2,,,,,,,
2020,7,218,NYG,False,LB,LB,D,Minnesota,23.0,2024.0,0,0,0,5.0,Carter Coughlin,LB,Minnesota,75.0,236.0,4.57,,36.0,126.0,,,LB,49.0,10.016666666666666,,,,,,,,,,,,,,,,,,,,,,,22.5,107.0,52.0,159.0,40.0,,
2020,7,219,BAL,False,S,DB,D,Iowa,21.0,2025.0,0,0,2,11.0,Geno Stone,S,Iowa,70.0,207.0,4.62,12.0,33.5,116.0,,,DB,38.0,13.431707317073172,,,,,,,,,,,,,,,,,,,,,,,,,,,,6.0,7.0
2020,7,220,LAC,False,WR,WR,O,Ohio St.,22.0,2021.0,0,0,0,1.0,K.J. Hill,WR,Ohio State,72.0,196.0,4.6,17.0,32.5,114.0,,,WR,53.0,29.296511627906977,,,,,,,,,,,,,,,,,,201.0,2332.0,11.6,20.0,44.0,,,,,,,
2020,7,221,CAR,False,CB,DB,D,Florida International,22.0,2024.0,0,0,0,2.0,Stantley Thomas-Oliver,CB,Florida International,72.0,192.0,4.48,,34.0,127.0,,,DB,26.0,-10.594444444444443,,,,,,,,,,,,,,,,,,,,,,,,,,,,2.0,18.0
2020,7,222,ARI,False,RB,RB,O,Arizona St.,21.0,2022.0,0,0,0,4.0,Eno Benjamin,RB,Arizona State,69.0,207.0,4.57,12.0,39.0,122.0,6.97,4.25,RB,35.0,3.178,,,,,,,,,,576.0,2867.0,5.0,27.0,82.0,625.0,7.6,4.0,,,,,,,,,,,,
2020,7,223,JAX,False,CB,DB,D,Memphis,23.0,2022.0,0,0,0,5.0,,,,,,,,,,,,DB,21.0,14.773333333333332,,,,,,,,,,,,,,,,,,,,,,,,,,,,2.0,3.0
2020,7,225,MIN,False,DE,DL,D,Michigan St.,23.0,2021.0,0,0,0,1.0,Kenny Willekes,DL,Michigan State,75.0,264.0,4.87,32.0,32.5,119.0,7.39,,DE,40.0,10.183783783783785,,,,,,,,,,,,,,,,,,,,,,,26.0,104.0,125.0,229.0,51.0,,
2020,7,226,CHI,False,T,OL,O,Colorado,24.0,2024.0,0,0,0,1.0,,,,,,,,,,,,,,,,,,,,,,,,,,,,,,,,,,,,,,,,,,,
2020,7,227,CHI,False,G,OL,O,Tennessee St.,23.0,2021.0,0,0,0,0.0,,,,,,,,,,,,,,,,,,,,,,,,,,,,,,,,,,,,,,,,,,,
2020,7,228,ATL,False,P,P,S,Syracuse,23.0,2021.0,0,0,0,1.0,Sterling Hofrichter,P,Syracuse,70.0,196.0,,,,,,,,,,,,,,,,,,,,,,,,,,,,,,,,,,,,,,
2020,7,229,WAS,False,DE,DL,D,North Carolina St.,23.0,2024.0,0,0,1,13.0,James Smith-Williams,DL,North Carolina State,76.0,265.0,4.6,28.0,32.0,123.0,7.35,4.52,DE,43.0,7.928205128205128,,,,,,,,,,,,,,,,,,,,,,,8.0,38.0,46.0,84.0,13.0,,
2020,7,231,DAL,False,QB,QB,O,James Madison,23.0,2020.0,0,0,0,1.0,,,,,,,,,,,,QB,12.0,,91.0,167.0,54.5,1107.0,6.0,7.0,6.6,5.46,92.3,,,,,,,,,,,,,,,,,,,,
2020,7,232,PIT,False,DT,DL,D,Nebraska,24.0,2022.0,0,0,0,1.0,Carlos Davis,DL,Nebraska,74.0,313.0,4.82,27.0,,,,4.52,DT,48.0,2.593,,,,,,,,,,,,,,,,,,,,,,,9.5,59.0,66.0,125.0,14.0,,
2020,7,233,PHI,False,DE,DL,D,Stanford,24.0,2024.0,0,0,0,0.0,Casey Toohill,LB,Stanford,76.0,250.0,4.62,17.0,39.0,126.0,7.08,4.21,LB,48.0,11.26,,,,,,,,,,,,,,,,,,,,,,,14.5,71.0,59.0,130.0,22.0,,
2020,7,235,DET,False,DT,DL,D,Ohio St.,23.0,2021.0,0,0,0,0.0,,,,,,,,,,,,DT,45.0,28.461290322580645,,,,,,,,,,,,,,,,,,,,,,,7.0,35.0,28.0,63.0,13.5,,
2020,7,236,GNB,False,S,DB,D,TCU,22.0,2021.0,0,0,0,1.0,,,,,,,,,,,,S,34.0,10.248571428571427,,,,,,,,,,,,,,,,,,,,,,,,,,,,2.0,10.0
2020,7,237,KAN,False,CB,DB,D,Tulane,22.0,2021.0,0,0,0,1.0,BoPete Keyes,CB,Tulane,73.0,202.0,,,36.0,126.0,,,DB,39.0,-2.725,,,,,,,,,,,,,,,,,,,,,,,,,,,,2.0,18.0
2020,7,238,NYG,False,LB,LB,D,South Carolina,22.0,2020.0,0,0,0,0.0,,,,,,,,,,,,LB,49.0,5.917142857142857,,,,,,,,,,,,,,,,,,,,,,,6.0,164.0,119.0,283.0,21.0,,
2020,7,239,BUF,False,CB,DB,D,Pittsburgh,23.0,2025.0,0,0,1,12.0,Dane Jackson,CB,Pittsburgh,72.0,187.0,4.57,,35.0,122.0,7.07,4.27,DB,50.0,6.022,,,,,,,,,,,,,,,,,,,,,,,,,,,,4.0,39.0
2020,7,241,TAM,False,LB,LB,D,Temple,23.0,2021.0,0,0,0,1.0,Chapelle Russell,LB,Temple,74.0,236.0,4.69,21.0,35.0,121.0,7.38,4.41,LB,45.0,5.114705882352942,,,,,,,,,,,,,,,,,,,,,,,3.0,151.0,86.0,237.0,19.5,,
2020,7,242,GNB,False,DE,DL,D,Miami (FL),21.0,2022.0,0,0,0,3.0,Jonathan Garvin,DL,Miami,76.0,263.0,4.82,23.0,36.0,125.0,,,DL,37.0,14.382758620689652,,,,,,,,,,,,,,,,,,,,,,,12.5,46.0,60.0,106.0,29.0,,
2020,7,243,TEN,False,S,DB,D,Marshall,22.0,2022.0,0,0,0,2.0,,,,,,,,,,,,DB,49.0,-1.547872340425532,,,,,,,,,,,,,,,,,,,,,,,,,,,,7.0,45.0
2020,7,246,MIA,False,RB,RB,O,Navy,23.0,2020.0,0,0,0,1.0,Malcolm Perry,WR,Navy,69.0,186.0,4.63,10.0,36.0,122.0,7.12,4.31,QB,41.0,-0.9312499999999996,58.0,113.0,51.3,1311.0,10.0,5.0,11.6,11.38,32.0,,,,,,,,,,,,,,,,,,,,
2020,7,248,LAR,False,K,K,S,Miami (OH),22.0,2020.0,0,0,0,0.0,,,,,,,,,,,,,,,,,,,,,,,,,,,,,,,,,,,,,,,,,,,
2020,7,250,LAR,False,G,OL,O,Clemson,22.0,2023.0,0,0,0,2.0,Tremayne Anchrum,OL,Clemson,74.0,314.0,5.21,26.0,24.5,104.0,,,T,14.0,26.4,,,,,,,,,,,,,,,,,,,,,,,,,,,,,
2020,7,251,SEA,False,TE,TE,O,LSU,23.0,2024.0,0,0,0,0.0,Stephen Sullivan,TE,LSU,77.0,248.0,4.66,,36.5,123.0,7.51,4.62,WR,41.0,26.56875,,,,,,,,,,,,,,,,,,46.0,712.0,15.5,3.0,17.4,,,,,,,
2020,7,252,DEN,False,WR,WR,O,Florida,22.0,2022.0,0,0,0,0.0,Tyrie Cleveland,WR,Florida,74.0,209.0,4.46,13.0,39.5,126.0,,,WR,46.0,18.557894736842105,,,,,,,,,,,,,,,,,,79.0,1271.0,16.1,8.0,27.6,,,,,,,
2020,7,253,MIN,False,G,OL,O,Washburn,22.0,2025.0,0,0,0,0.0,,,,,,,,,,,,,,,,,,,,,,,,,,,,,,,,,,,,,,,,,,,
2020,7,254,DEN,False,LB,LB,D,North Dakota St.,23.0,2022.0,0,0,0,1.0,Derrek Tuszka,DL,North Dakota State,76.0,251.0,4.79,24.0,33.5,120.0,6.87,4.34,,,,,,,,,,,,,,,,,,,,,,,,,,,,,,,,
2020,7,255,NYG,False,LB,LB,D,Georgia,23.0,2023.0,0,0,2,16.0,,,,,,,,,,,,LB,43.0,29.532258064516128,,,,,,,,,,,,,,,,,,,,,,,1.5,50.0,72.0,122.0,10.0,,
2021,1,1,JAX,False,QB,QB,O,Clemson,21.0,2025.0,0,1,4,52.0,Trevor Lawrence,QB,Clemson,77.0,213.0,,,,,,,QB,40.0,27.96666666666667,758.0,1138.0,66.6,10098.0,90.0,17.0,8.9,9.78,252.5,,,,,,,,,,,,,,,,,,,,
2021,1,2,NYJ,False,QB,QB,O,BYU,22.0,2025.0,0,0,3,13.0,Zach Wilson,QB,BYU,74.0,214.0,,,,,,,QB,30.0,1.727472527472527,566.0,837.0,67.6,7652.0,56.0,15.0,9.1,9.67,255.1,,,,,,,,,,,,,,,,,,,,
2021,1,3,SFO,False,QB,QB,O,North Dakota St.,21.0,2025.0,0,0,0,4.0,Trey Lance,QB,North Dakota St.,75.0,224.0,,,,,,,,,,,,,,,,,,,,,,,,,,,,,,,,,,,,,,
2021,1,4,ATL,False,TE,TE,O,Florida,20.0,2025.0,0,1,4,28.0,Kyle Pitts,TE,Florida,77.0,245.0,4.44,22.0,33.5,129.0,7.12,4.3,TE,32.0,22.266666666666666,,,,,,,,,,,,,,,,,,100.0,1492.0,14.9,18.0,46.6,,,,,,,
2021,1,5,CIN,False,WR,WR,O,LSU,21.0,2025.0,2,5,4,58.0,Ja'Marr Chase,WR,LSU,72.0,201.0,4.34,,41.0,132.0,6.96,3.99,WR,27.0,31.32,,,,,,,,,,,,,,,,,,107.0,2093.0,19.6,23.0,77.5,,,,,,,
2021,1,6,MIA,False,WR,WR,O,Alabama,22.0,2025.0,0,0,4,41.0,,,,,,,,,,,,WR,34.0,31.975324675324675,,,,,,,,,,,,,,,,,,106.0,1999.0,18.9,17.0,58.8,,,,,,,
2021,1,7,DET,False,OL,OL,O,Oregon,20.0,2025.0,3,4,4,64.0,Penei Sewell,OL,Oregon,76.0,331.0,5.13,30.0,28.0,109.0,7.76,4.68,OL,21.0,14.689473684210528,,,,,,,,,,,,,,,,,,,,,,,,,,,,,
2021,1,8,CAR,False,DB,DB,D,South Carolina,21.0,2025.0,0,2,2,22.0,Jaycee Horn,DB,South Carolina,72.0,205.0,4.39,19.0,41.5,133.0,,,DB,30.0,4.46,,,,,,,,,,,,,,,,,,,,,,,,,,,,2.0,23.0
2021,1,9,DEN,False,DB,DB,D,Alabama,21.0,2025.0,2,4,4,51.0,Patrick Surtain,DB,Alabama,74.0,208.0,4.42,18.0,39.0,131.0,,,DB,41.0,32.51363636363636,,,,,,,,,,,,,,,,,,,,,,,,,,,,4.0,27.0
2021,1,10,PHI,False,WR,WR,O,Alabama,22.0,2025.0,0,0,4,47.0,,,,,,,,,,,,WR,54.0,31.19076923076923,,,,,,,,,,,,,,,,,,235.0,3965.0,16.9,46.0,73.4,,,,,,,
2021,1,11,CHI,False,QB,QB,O,Ohio St.,22.0,2025.0,0,0,3,34.0,Justin Fields,QB,Ohio St.,74.0,227.0,4.45,,,,,,QB,34.0,30.1,423.0,618.0,68.4,5701.0,67.0,9.0,9.2,10.74,167.7,,,,,,,,,,,,,,,,,,,,
2021,1,12,DAL,False,LB,LB,D,Penn St.,22.0,2025.0,3,5,3,56.0,Micah Parsons,LB,Penn St.,75.0,246.0,4.39,19.0,34.0,126.0,6.89,4.4,LB,26.0,22.11764705882353,,,,,,,,,,,,,,,,,,,,,,,6.5,100.0,92.0,192.0,19.0,,
2021,1,13,LAC,False,OL,OL,O,Northwestern,22.0,2024.0,0,2,3,32.0,Rashawn Slater,OL,Northwestern,76.0,304.0,4.91,33.0,33.0,112.0,7.48,4.45,OL,24.0,2.849999999999999,,,,,,,,,,,,,,,,,,,,,,,,,,,,,
2021,1,14,NYJ,False,OL,OL,O,USC,22.0,2024.0,0,0,2,14.0,Alijah Vera-Tucker,OL,USC,76.0,308.0,5.05,36.0,32.0,106.0,7.67,4.7,OL,6.0,,,,,,,,,,,,,,,,,,,,,,,,,,,,,,
2021,1,15,NWE,False,QB,QB,O,Alabama,23.0,2025.0,0,1,3,24.0,Mac Jones,QB,Alabama,74.0,217.0,4.72,,32.0,116.0,7.04,4.39,QB,39.0,31.68163265306122,413.0,556.0,74.3,6126.0,56.0,7.0,11.0,12.47,157.1,,,,,,,,,,,,,,,,,,,,
2021,1,16,ARI,False,LB,LB,D,Tulsa,22.0,2025.0,0,0,3,24.0,Zaven Collins,LB,Tulsa,76.0,259.0,4.67,19.0,35.0,122.0,,4.36,LB,32.0,-2.721052631578947,,,,,,,,,,,,,,,,,,,,,,,7.5,129.0,107.0,236.0,29.0,,
2021,1,17,LVR,False,OL,OL,O,Alabama,22.0,2022.0,0,0,1,8.0,Alex Leatherwood,OL,Alabama,77.0,312.0,4.96,,34.5,118.0,,,OL,12.0,,,,,,,,,,,,,,,,,,,,,,,,,,,,,,
2021,1,18,MIA,False,DL,DL,D,Miami (FL),22.0,2025.0,0,0,1,19.0,Jaelan Phillips,DL,Miami (FL),77.0,260.0,4.56,21.0,36.0,125.0,,,DL,21.0,6.892,,,,,,,,,,,,,,,,,,,,,,,12.5,49.0,37.0,86.0,23.5,,
2021,1,19,WAS,False,LB,LB,D,Kentucky,22.0,2025.0,0,0,2,16.0,Jamin Davis,LB,Kentucky,75.0,234.0,4.47,,42.0,132.0,,,LB,35.0,7.638888888888889,,,,,,,,,,,,,,,,,,,,,,,2.5,68.0,76.0,144.0,5.0,,
2021,1,20,NYG,False,WR,WR,O,Florida,22.0,2024.0,0,0,0,3.0,Kadarius Toney,WR,Florida,71.0,193.0,4.39,9.0,39.5,136.0,6.88,4.25,WR,38.0,19.76551724137931,,,,,,,,,,,,,,,,,,120.0,1590.0,13.3,12.0,41.8,,,,,,,
2021,1,21,IND,False,DL,DL,D,Michigan,22.0,2025.0,0,0,4,32.0,Kwity Paye,DL,Michigan,74.0,261.0,4.52,36.0,35.3,118.0,,,DL,37.0,18.48709677419355,,,,,,,,,,,,,,,,,,,,,,,11.5,56.0,43.0,99.0,23.5,,
2021,1,22,TEN,False,DB,DB,D,Virginia Tech,22.0,2024.0,0,0,0,1.0,,,,,,,,,,,,DB,24.0,5.672972972972973,,,,,,,,,,,,,,,,,,,,,,,,,,,,6.0,19.0
2021,1,23,MIN,False,OL,OL,O,Virginia Tech,22.0,2025.0,0,0,3,26.0,,,,,,,,,,,,OL,10.0,,,,,,,,,,,,,,,,,,,,,,,,,,,,,,
2021,1,24,PIT,False,RB,RB,O,Alabama,23.0,2025.0,0,1,4,29.0,,,,,,,,,,,,RB,55.0,31.866666666666667,,,,,,,,,,638.0,3843.0,6.0,46.0,80.0,781.0,9.8,11.0,,,,,,,,,,,,
2021,1,25,JAX,False,RB,RB,O,Clemson,22.0,2025.0,0,0,3,33.0,Travis Etienne,RB,Clemson,70.0,215.0,4.45,18.0,33.5,128.0,,,RB,55.0,27.62043010752688,,,,,,,,,,686.0,4952.0,7.2,70.0,102.0,1155.0,11.3,8.0,,,,,,,,,,,,
2021,1,26,CLE,False,DB,DB,D,Northwestern,21.0,2025.0,0,0,3,15.0,Greg Newsome,DB,Northwestern,72.0,192.0,4.39,18.0,40.0,123.0,6.9,4.26,DB,21.0,2.0464285714285717,,,,,,,,,,,,,,,,,,,,,,,,,,,,1.0,24.0
2021,1,27,BAL,False,WR,WR,O,Minnesota,21.0,2025.0,0,0,2,20.0,Rashod Bateman,WR,Minnesota,72.0,190.0,4.39,,36.0,123.0,,,WR,31.0,13.081818181818182,,,,,,,,,,,,,,,,,,147.0,2395.0,16.3,19.0,77.3,,,,,,,
2021,1,28,NOR,False,DE,DL,D,Houston,22.0,2024.0,0,0,0,3.0,Payton Turner,DL,Houston,77.0,268.0,,23.0,35.5,,6.98,4.33,DL,39.0,2.845945945945946,,,,,,,,,,,,,,,,,,,,,,,10.0,68.0,47.0,115.0,25.0,,
2021,1,29,GNB,False,DB,DB,D,Georgia,22.0,2025.0,0,0,3,9.0,Eric Stokes,DB,Georgia,72.0,194.0,4.31,14.0,38.5,128.0,6.96,4.36,DB,36.0,26.416666666666668,,,,,,,,,,,,,,,,,,,,,,,,,,,,4.0,22.0
2021,1,30,BUF,False,DL,DL,D,Miami (FL),21.0,2025.0,0,0,4,38.0,Gregory Rousseau,DL,Miami (FL),78.0,266.0,4.68,21.0,30.0,115.0,,,DL,15.0,10.876470588235293,,,,,,,,,,,,,,,,,,,,,,,15.5,35.0,24.0,59.0,19.5,,
2021,1,31,BAL,False,DE,DL,D,Penn St.,22.0,2025.0,0,0,1,14.0,Jayson Oweh,DE,Penn St.,77.0,257.0,4.36,21.0,39.5,134.0,6.83,4.21,DE,24.0,19.06666666666667,,,,,,,,,,,,,,,,,,,,,,,7.0,37.0,26.0,63.0,13.5,,
2021,1,32,TAM,False,OLB,LB,D,Washington,22.0,2025.0,0,0,3,22.0,Joe Tryon,OLB,Washington,77.0,259.0,4.69,22.0,35.0,116.0,7.18,4.36,LB,25.0,19.1,,,,,,,,,,,,,,,,,,,,,,,9.0,37.0,24.0,61.0,14.5,,
2021,2,33,JAX,False,DB,DB,D,Georgia,21.0,2025.0,0,0,4,20.0,Tyson Campbell,DB,Georgia,73.0,193.0,4.4,12.0,34.5,124.0,7.15,4.45,DB,33.0,26.081818181818186,,,,,,,,,,,,,,,,,,,,,,,,,,,,1.0,10.0
2021,2,34,NYJ,False,WR,WR,O,Mississippi,21.0,2025.0,0,0,3,7.0,Elijah Moore,WR,Mississippi,,,4.35,17.0,36.0,121.0,6.63,4.07,WR,32.0,5.74,,,,,,,,,,,,,,,,,,189.0,2441.0,12.9,16.0,76.3,,,,,,,
2021,2,35,DEN,False,RB,RB,O,North Carolina,21.0,2025.0,0,0,2,19.0,Javonte Williams,RB,North Carolina,69.0,212.0,4.55,22.0,36.0,123.0,6.97,4.09,RB,35.0,7.95,,,,,,,,,,366.0,2297.0,6.3,29.0,50.0,539.0,10.8,4.0,,,,,,,,,,,,
2021,2,36,MIA,False,S,DB,D,Oregon,21.0,2025.0,0,0,4,21.0,Jevon Holland,S,Oregon,72.0,207.0,4.48,19.0,35.5,126.0,,4.14,S,27.0,13.15,,,,,,,,,,,,,,,,,,,,,,,,,,,,9.0,10.0
2021,2,37,PHI,False,OL,OL,O,Alabama,22.0,2025.0,0,3,4,36.0,,,,,,,,,,,,OL,11.0,28.3,,,,,,,,,,,,,,,,,,,,,,,,,,,,,
2021,2,38,NWE,False,DL,DL,D,Alabama,22.0,2025.0,0,0,0,17.0,Christian Barmore,DL,Alabama,76.0,310.0,4.93,,,,,,DL,24.0,30.35,,,,,,,,,,,,,,,,,,,,,,,10.0,34.0,29.0,63.0,15.5,,
2021,2,39,CHI,False,OL,OL,O,Oklahoma St.,23.0,2025.0,0,0,3,15.0,Teven Jenkins,OL,Oklahoma St.,77.0,317.0,5.01,36.0,32.5,106.0,7.72,4.66,OL,32.0,8.7,,,,,,,,,,,,,,,,,,,,,,,,,,,,,
2021,2,40,ATL,False,DB,DB,D,Central Florida,23.0,2025.0,0,0,2,13.0,Richie Grant,DB,Central Florida,71.0,197.0,4.49,12.0,34.5,129.0,6.78,4.27,DB,47.0,15.686440677966102,,,,,,,,,,,,,,,,,,,,,,,,,,,,10.0,18.0
2021,2,41,DET,False,DL,DL,D,Washington,23.0,2024.0,0,0,1,7.0,Levi Onwuzurike,DL,Washington,74.0,290.0,4.89,29.0,30.0,109.0,,,DL,39.0,19.753846153846155,,,,,,,,,,,,,,,,,,,,,,,7.0,47.0,48.0,95.0,16.0,,
2021,2,42,MIA,False,OL,OL,O,Notre Dame,23.0,2024.0,0,0,4,23.0,Liam Eichenberg,OL,Notre Dame,78.0,306.0,,33.0,26.5,105.0,7.53,4.58,OL,11.0,,,,,,,,,,,,,,,,,,,,,,,,,,,,,,
2021,2,43,LVR,False,S,DB,D,TCU,22.0,2025.0,0,0,4,20.0,Trevon Moehrig,S,TCU,,,4.5,,33.0,,,4.19,S,34.0,4.767346938775511,,,,,,,,,,,,,,,,,,,,,,,,,,,,7.0,21.0
2021,2,44,DAL,False,DB,DB,D,Kentucky,21.0,2024.0,0,0,0,2.0,Kelvin Joseph,DB,Kentucky,71.0,197.0,4.34,,35.0,128.0,7.21,4.22,CB,20.0,10.755555555555556,,,,,,,,,,,,,,,,,,,,,,,,,,,,4.0,2.0
2021,2,45,JAX,False,T,OL,O,Stanford,22.0,2025.0,0,0,1,18.0,Walker Little,OT,Stanford,79.0,313.0,5.3,24.0,29.5,111.0,7.44,4.59,,,,,,,,,,,,,,,,,,,,,,,,,,,,,,,,
2021,2,46,CIN,False,T,OL,O,Clemson,21.0,2024.0,0,0,0,4.0,Jackson Carman,OT,Clemson,76.0,317.0,,,,,,,OL,39.0,28.9,,,,,,,,,,,,,,,,,,,,,,,,,,,,,
2021,2,47,LAC,False,DB,DB,D,Florida St.,21.0,2025.0,0,0,3,14.0,,,,,,,,,,,,DB,32.0,-0.864864864864865,,,,,,,,,,,,,,,,,,,,,,,,,,,,4.0,29.0
2021,2,48,SFO,False,OL,OL,O,Notre Dame,24.0,2025.0,0,0,3,20.0,Aaron Banks,OL,Notre Dame,77.0,325.0,5.32,24.0,31.0,100.0,7.69,4.89,OL,11.0,-8.0,,,,,,,,,,,,,,,,,,,,,,,,,,,,,
2021,2,49,ARI,False,WR,WR,O,Purdue,21.0,2023.0,0,0,0,12.0,Rondale Moore,WR,Purdue,67.0,180.0,4.28,,42.5,,6.65,4.06,WR,20.0,3.3285714285714287,,,,,,,,,,,,,,,,,,178.0,1915.0,10.8,14.0,95.8,,,,,,,
2021,2,50,NYG,False,OLB,LB,D,Georgia,21.0,2025.0,0,0,1,16.0,Azeez Ojulari,OLB,Georgia,74.0,249.0,4.63,26.0,30.0,127.0,7.27,4.34,LB,27.0,25.370833333333334,,,,,,,,,,,,,,,,,,,,,,,14.0,41.0,30.0,71.0,19.5,,
2021,2,51,WAS,False,OL,OL,O,Texas,22.0,2025.0,0,0,2,26.0,Samuel Cosmi,OL,Texas,77.0,314.0,4.87,36.0,30.0,117.0,7.35,4.39,OL,35.0,11.86,,,,,,,,,,,,,,,,,,,,,,,,,,,,,
2021,2,52,CLE,False,LB,LB,D,Notre Dame,21.0,2024.0,0,1,3,22.0,Jeremiah Owusu-Koramoah,LB,Notre Dame,73.0,221.0,,,36.5,124.0,6.8,4.15,LB,25.0,19.625,,,,,,,,,,,,,,,,,,,,,,,7.0,96.0,46.0,142.0,24.5,,
2021,2,53,TEN,False,T,OL,O,North Dakota St.,23.0,2025.0,0,0,2,11.0,Dillon Radunz,OT,North Dakota St.,77.0,301.0,5.16,24.0,32.0,112.0,7.27,4.57,,,,,,,,,,,,,,,,,,,,,,,,,,,,,,,,
2021,2,54,IND,False,DL,DL,D,Vanderbilt,21.0,2025.0,0,0,1,12.0,Dayo Odeyingbo,DL,Vanderbilt,77.0,276.0,,,,,,,DL,44.0,-3.0800000000000005,,,,,,,,,,,,,,,,,,,,,,,12.0,62.0,63.0,125.0,31.0,,
2021,2,55,PIT,False,TE,TE,O,Penn St.,22.0,2025.0,0,0,2,22.0,Pat Freiermuth,TE,Penn St.,77.0,251.0,,26.0,,,,,TE,30.0,19.93888888888889,,,,,,,,,,,,,,,,,,92.0,1185.0,12.9,16.0,39.5,,,,,,,
2021,2,56,SEA,False,WR,WR,O,Western Michigan,24.0,2025.0,0,0,0,2.0,D'Wayne Eskridge,WR,West. Michigan,68.0,190.0,4.38,,35.0,124.0,6.93,4.22,WR,45.0,0.1976744186046512,,,,,,,,,,,,,,,,,,122.0,2260.0,18.5,15.0,50.2,,,,,,,
2021,2,57,LAR,False,WR,WR,O,Louisville,21.0,2025.0,0,0,1,14.0,Tutu Atwell,WR,Louisville,68.0,155.0,4.42,,33.0,117.0,6.89,4.14,WR,34.0,-0.2652173913043477,,,,,,,,,,,,,,,,,,140.0,2307.0,16.5,21.0,67.9,,,,,,,
2021,2,58,KAN,False,LB,LB,D,Missouri,21.0,2025.0,0,0,3,30.0,Nick Bolton,LB,Missouri,71.0,237.0,4.6,24.0,32.0,,7.4,4.5,LB,35.0,9.86060606060606,,,,,,,,,,,,,,,,,,,,,,,4.0,141.0,83.0,224.0,16.5,,
2021,2,59,CAR,False,WR,WR,O,LSU,21.0,2024.0,0,0,1,6.0,,,,,,,,,,,,WR,32.0,18.58333333333333,,,,,,,,,,,,,,,,,,106.0,1594.0,15.0,23.0,49.8,,,,,,,
2021,2,60,NOR,False,LB,LB,D,Ohio St.,22.0,2025.0,0,0,3,30.0,Pete Werner,LB,Ohio St.,74.0,238.0,4.58,20.0,39.5,122.0,6.95,4.38,LB,47.0,30.251612903225805,,,,,,,,,,,,,,,,,,,,,,,4.0,111.0,74.0,185.0,16.0,,
2021,2,61,BUF,False,DL,DL,D,Wake Forest,23.0,2025.0,0,0,0,3.0,Carlos Basham,DL,Wake Forest,75.0,274.0,4.64,20.0,34.0,122.0,7.13,4.25,DL,45.0,4.723529411764706,,,,,,,,,,,,,,,,,,,,,,,20.5,97.0,76.0,173.0,36.5,,
2021,2,62,GNB,False,C,OL,O,Ohio St.,23.0,2025.0,0,0,3,27.0,Josh Myers,C,Ohio St.,77.0,310.0,,29.0,,,,,C,4.0,,,,,,,,,,,,,,,,,,,,,,,,,,,,,,
2021,2,63,KAN,False,OL,OL,O,Oklahoma,22.0,2025.0,2,4,4,51.0,Creed Humphrey,OL,Oklahoma,76.0,302.0,5.11,29.0,33.0,112.0,7.5,4.49,OL,39.0,21.866666666666667,,,,,,,,,,,,,,,,,,,,,,,,,,,,,
2021,2,64,TAM,False,QB,QB,O,Florida,23.0,2024.0,0,0,0,0.0,Kyle Trask,QB,Florida,77.0,236.0,5.1,,31.5,113.0,7.08,4.6,QB,28.0,22.065671641791045,552.0,813.0,67.9,7386.0,69.0,15.0,9.1,9.95,263.8,,,,,,,,,,,,,,,,,,,,
2021,3,65,JAX,False,DB,DB,D,Syracuse,21.0,2025.0,0,0,3,18.0,Andre Cisco,DB,Syracuse,,,,17.0,,,,,DB,24.0,-1.766666666666667,,,,,,,,,,,,,,,,,,,,,,,,,,,,13.0,16.0
2021,3,66,MIN,False,QB,QB,O,Texas A&M,22.0,2021.0,0,0,0,0.0,,,,,,,,,,,,QB,47.0,16.182089552238807,801.0,1358.0,59.0,9661.0,71.0,27.0,7.1,7.27,205.6,,,,,,,,,,,,,,,,,,,,
2021,3,67,HOU,False,QB,QB,O,Stanford,22.0,2025.0,0,0,2,17.0,Davis Mills,QB,Stanford,75.0,217.0,4.82,,32.0,110.0,6.95,4.4,QB,14.0,1.8,287.0,438.0,65.5,3468.0,18.0,8.0,7.9,7.92,247.7,,,,,,,,,,,,,,,,,,,,
2021,3,68,ATL,False,OL,OL,O,Michigan,21.0,2023.0,0,0,1,7.0,,,,,,,,,,,,OL,15.0,20.7,,,,,,,,,,,,,,,,,,,,,,,,,,,,,
2021,3,69,CIN,False,LB,LB,D,Texas,21.0,2025.0,0,0,0,10.0,Joseph Ossai,LB,Texas,75.0,256.0,4.63,19.0,41.5,131.0,,,LB,36.0,11.00357142857143,,,,,,,,,,,,,,,,,,,,,,,11.0,101.0,64.0,165.0,30.5,,
2021,3,70,CAR,False,OL,OL,O,BYU,24.0,2025.0,0,0,1,14.0,Brady Christensen,OL,BYU,,,,30.0,34.0,124.0,,,OL,25.0,13.783333333333331,,,,,,,,,,,,,,,,,,,,,,,,,,,,,
2021,3,71,NYG,False,DB,DB,D,Central Florida,22.0,2022.0,0,0,0,2.0,Aaron Robinson,DB,Central Florida,71.0,186.0,4.39,15.0,37.0,123.0,6.89,4.29,DB,44.0,12.866666666666667,,,,,,,,,,,,,,,,,,,,,,,,,,,,3.0,17.0
2021,3,72,DET,False,DT,DL,D,North Carolina St.,21.0,2025.0,0,0,3,23.0,,,,,,,,,,,,DT,36.0,0.7750000000000001,,,,,,,,,,,,,,,,,,,,,,,10.0,36.0,42.0,78.0,17.5,,
2021,3,73,PHI,False,DL,DL,D,Louisiana Tech,22.0,2025.0,0,0,1,11.0,Milton Williams,DL,Louisiana Tech,75.0,284.0,4.67,34.0,38.5,121.0,6.96,4.33,DE,30.0,-4.307407407407407,,,,,,,,,,,,,,,,,,,,,,,10.0,49.0,57.0,106.0,19.0,,
2021,3,74,WAS,False,DB,DB,D,Minnesota,23.0,2025.0,0,0,3,12.0,Benjamin St-Juste,DB,Minnesota,75.0,202.0,4.51,11.0,34.5,119.0,6.63,3.96,DB,30.0,14.566666666666666,,,,,,,,,,,,,,,,,,,,,,,,,,,,0.0,13.0
2021,3,75,DAL,False,DL,DL,D,UCLA,23.0,2025.0,0,0,4,31.0,,,,,,,,,,,,DL,43.0,0.3612903225806452,,,,,,,,,,,,,,,,,,,,,,,11.5,67.0,53.0,120.0,27.5,,
2021,3,76,NOR,False,CB,DB,D,Stanford,22.0,2025.0,0,0,4,19.0,Paulson Adebo,CB,Stanford,73.0,198.0,4.45,18.0,36.5,121.0,6.69,4.13,CB,22.0,4.15,,,,,,,,,,,,,,,,,,,,,,,,,,,,8.0,30.0
2021,3,77,LAC,False,WR,WR,O,Tennessee,21.0,2025.0,0,0,1,19.0,,,,,,,,,,,,WR,47.0,4.473809523809524,,,,,,,,,,,,,,,,,,99.0,1514.0,15.3,7.0,32.2,,,,,,,
2021,3,78,MIN,False,LB,LB,D,North Carolina,24.0,2025.0,0,0,0,1.0,Chazz Surratt,LB,North Carolina,74.0,229.0,4.58,25.0,31.0,,7.02,4.16,LB,24.0,7.073134328358209,,,,,,,,,,,,,,,,,,,,,,,12.5,115.0,91.0,206.0,22.5,,
2021,3,79,LVR,False,DE,DL,D,Buffalo,23.0,2025.0,0,0,1,9.0,Malcolm Koonce,DE,Buffalo,74.0,249.0,,,,,,,DE,45.0,-3.225,,,,,,,,,,,,,,,,,,,,,,,18.0,61.0,49.0,110.0,22.5,,
2021,3,80,LVR,False,DB,DB,D,Virginia Tech,23.0,2025.0,0,0,2,19.0,Divine Deablo,DB,Virginia Tech,75.0,226.0,4.42,19.0,34.0,126.0,7.12,4.4,DB,37.0,11.058620689655172,,,,,,,,,,,,,,,,,,,,,,,,,,,,6.0,11.0
2021,3,81,MIA,False,TE,TE,O,Boston Col.,23.0,2025.0,0,0,0,0.0,,,,,,,,,,,,TE,36.0,-1.959375,,,,,,,,,,,,,,,,,,89.0,1297.0,14.6,9.0,36.0,,,,,,,
2021,3,82,WAS,False,WR,WR,O,North Carolina,21.0,2025.0,0,0,0,6.0,Dyami Brown,WR,North Carolina,72.0,189.0,4.46,18.0,35.0,128.0,6.87,4.35,WR,34.0,9.025,,,,,,,,,,,,,,,,,,123.0,2306.0,18.7,21.0,67.8,,,,,,,
2021,3,83,CAR,False,TE,TE,O,Notre Dame,21.0,2025.0,0,0,1,7.0,Tommy Tremble,TE,Notre Dame,75.0,241.0,4.6,20.0,36.5,122.0,,,TE,25.0,19.9,,,,,,,,,,,,,,,,,,35.0,396.0,11.3,4.0,15.8,,,,,,,
2021,3,84,DAL,False,DL,DL,D,Iowa,23.0,2025.0,0,0,0,12.0,Chauncey Golston,DL,Iowa,76.0,269.0,4.79,,36.0,119.0,7.52,4.65,DE,44.0,13.798,,,,,,,,,,,,,,,,,,,,,,,12.0,71.0,58.0,129.0,27.0,,
2021,3,85,GNB,False,WR,WR,O,Clemson,21.0,2023.0,0,0,0,1.0,Amari Rodgers,WR,Clemson,69.0,212.0,4.52,19.0,33.0,121.0,7.07,4.31,WR,55.0,27.845132743362832,,,,,,,,,,,,,,,,,,181.0,2144.0,11.8,15.0,39.0,,,,,,,
2021,3,86,MIN,False,OL,OL,O,Ohio St.,22.0,2022.0,0,0,0,0.0,Wyatt Davis,OL,Ohio St.,75.0,315.0,,25.0,,,,,OL,6.0,28.4,,,,,,,,,,,,,,,,,,,,,,,,,,,,,
2021,3,87,PIT,False,OL,OL,O,Illinois,22.0,2025.0,0,0,1,5.0,Kendrick Green,OL,Illinois,73.0,305.0,4.89,25.0,35.5,119.0,7.79,4.67,OL,33.0,-3.65,,,,,,,,,,,,,,,,,,,,,,,,,,,,,
2021,3,88,SFO,False,RB,RB,O,Ohio St.,22.0,2025.0,0,0,0,1.0,Trey Sermon,RB,Ohio St.,72.0,215.0,4.57,,37.0,125.0,6.83,4.28,RB,45.0,25.116666666666667,,,,,,,,,,455.0,2946.0,6.5,26.0,48.0,486.0,10.1,3.0,,,,,,,,,,,,
2021,3,89,HOU,False,WR,WR,O,Michigan,22.0,2025.0,0,2,1,33.0,Nico Collins,WR,Michigan,76.0,215.0,4.43,14.0,37.5,125.0,6.78,4.29,WR,29.0,20.745454545454542,,,,,,,,,,,,,,,,,,78.0,1388.0,17.8,13.0,47.9,,,,,,,
2021,3,90,MIN,False,DL,DL,D,Pittsburgh,22.0,2025.0,0,0,0,7.0,Patrick Jones,DL,Pittsburgh,76.0,261.0,4.85,22.0,31.5,107.0,,,DL,48.0,4.825806451612903,,,,,,,,,,,,,,,,,,,,,,,21.5,67.0,49.0,116.0,33.0,,
2021,3,91,CLE,False,WR,WR,O,Auburn,21.0,2022.0,0,0,0,2.0,Anthony Schwartz,WR,Auburn,72.0,186.0,4.27,,32.0,123.0,7.13,4.25,WR,36.0,19.066666666666663,,,,,,,,,,,,,,,,,,117.0,1433.0,12.2,6.0,39.8,,,,,,,
2021,3,92,TEN,False,LB,LB,D,Georgia,22.0,2025.0,0,0,0,6.0,Monty Rice,LB,Georgia,72.0,233.0,4.58,,32.0,121.0,7.34,4.33,LB,47.0,25.67096774193548,,,,,,,,,,,,,,,,,,,,,,,2.0,115.0,104.0,219.0,10.5,,
2021,3,93,BUF,False,OL,OL,O,Northern Iowa,23.0,2025.0,0,0,3,38.0,,,,,,,,,,,,,,,,,,,,,,,,,,,,,,,,,,,,,,,,,,,
2021,3,94,BAL,False,OL,OL,O,Georgia,23.0,2025.0,0,0,0,6.0,Ben Cleveland,OL,Georgia,78.0,343.0,5.05,30.0,28.0,102.0,,4.88,OL,24.0,19.04375,,,,,,,,,,,,,,,,,,,,,,,,,,,,,
2021,3,95,TAM,False,OL,OL,O,Notre Dame,23.0,2025.0,0,0,2,15.0,Robert Hainsey,OL,Notre Dame,76.0,306.0,5.2,32.0,27.5,104.0,7.58,4.63,OL,24.0,20.8,,,,,,,,,,,,,,,,,,,,,,,,,,,,,
2021,4,97,LAC,False,TE,TE,O,Georgia,22.0,2023.0,0,0,0,1.0,Tre' McKitty,TE,Georgia,76.0,247.0,,,,,,,TE,42.0,9.986956521739131,,,,,,,,,,,,,,,,,,56.0,628.0,11.2,3.0,15.0,,,,,,,
2021,4,98,DEN,False,C,OL,O,Wisconsin–Whitewater,22.0,2025.0,2,1,3,34.0,Quinn Meinerz,OL,Wisconsin–Whitewater,74.0,320.0,4.99,,32.0,111.0,7.54,4.58,,,,,,,,,,,,,,,,,,,,,,,,,,,,,,,,
2021,4,99,DAL,False,DB,DB,D,Oregon St.,22.0,2025.0,0,1,0,2.0,Nahshon Wright,DB,Oregon St.,76.0,183.0,4.46,6.0,31.0,126.0,7.24,4.57,DB,18.0,-0.7,,,,,,,,,,,,,,,,,,,,,,,,,,,,5.0,6.0
2021,4,100,TEN,False,DB,DB,D,Washington,22.0,2025.0,0,0,1,6.0,Elijah Molden,DB,Washington,69.0,192.0,4.62,13.0,36.5,125.0,,,DB,44.0,17.407692307692308,,,,,,,,,,,,,,,,,,,,,,,,,,,,5.0,20.0
2021,4,101,DET,False,DB,DB,D,Syracuse,22.0,2025.0,0,0,0,6.0,Ifeatu Melifonwu,DB,Syracuse,74.0,205.0,4.48,16.0,41.5,134.0,7.01,4.34,DB,29.0,-1.4941176470588238,,,,,,,,,,,,,,,,,,,,,,,,,,,,3.0,22.0
2021,4,102,SFO,False,DB,DB,D,Michigan,21.0,2023.0,0,0,0,6.0,Ambry Thomas,DB,Michigan,71.0,191.0,4.37,15.0,38.0,122.0,,,DB,39.0,21.06551724137931,,,,,,,,,,,,,,,,,,,,,,,,,,,,4.0,5.0
2021,4,103,LAR,False,LB,LB,D,South Carolina,21.0,2025.0,0,0,2,13.0,Ernest Jones,LB,South Carolina,73.0,230.0,4.65,,38.5,,,,LB,26.0,5.735483870967743,,,,,,,,,,,,,,,,,,,,,,,2.0,111.0,88.0,199.0,10.5,,
2021,4,104,BAL,False,CB,DB,D,SMU,23.0,2025.0,0,0,3,16.0,,,,,,,,,,,,DB,23.0,2.6824561403508773,,,,,,,,,,,,,,,,,,,,,,,,,,,,1.0,22.0
2021,4,105,DEN,False,LB,LB,D,Ohio St.,22.0,2025.0,0,0,1,15.0,Baron Browning,LB,Ohio St.,74.0,245.0,4.58,23.0,40.0,130.0,6.78,4.23,LB,43.0,28.813888888888886,,,,,,,,,,,,,,,,,,,,,,,7.0,65.0,45.0,110.0,18.0,,
2021,4,106,JAX,False,DL,DL,D,USC,22.0,2025.0,0,0,0,0.0,Jay Tufele,DL,USC,74.0,305.0,5.0,30.0,30.0,105.0,7.8,4.88,DL,25.0,11.1,,,,,,,,,,,,,,,,,,,,,,,7.5,36.0,29.0,65.0,11.0,,
2021,4,107,NYJ,False,RB,RB,O,North Carolina,22.0,2025.0,0,0,2,11.0,Michael Carter,RB,North Carolina,67.0,201.0,4.5,16.0,34.0,119.0,6.81,3.98,RB,44.0,5.513414634146342,,,,,,,,,,514.0,3403.0,6.6,22.0,82.0,656.0,8.0,6.0,,,,,,,,,,,,
2021,4,108,ATL,False,CB,DB,D,San Diego St.,21.0,2025.0,0,0,1,4.0,Darren Hall,CB,San Diego St.,71.0,188.0,4.47,16.0,38.5,132.0,7.07,4.28,S,35.0,4.274418604651163,,,,,,,,,,,,,,,,,,,,,,,,,,,,6.0,25.0
2021,4,109,TEN,False,WR,WR,O,Louisville,23.0,2024.0,0,0,0,0.0,Dez Fitzpatrick,WR,Louisville,73.0,208.0,4.43,,35.0,,7.09,4.26,WR,49.0,3.604761904761905,,,,,,,,,,,,,,,,,,154.0,2589.0,16.8,21.0,52.8,,,,,,,
2021,4,110,CLE,False,OL,OL,O,Cincinnati,22.0,2025.0,0,0,0,8.0,James Hudson,OL,Cincinnati,76.0,313.0,5.27,22.0,28.5,98.0,8.05,4.79,OL,13.0,,,,,,,,,,,,,,,,,,,,,,,,,,,,,,
2021,4,111,CIN,False,DE,DL,D,Tulane,21.0,2025.0,0,0,0,7.0,,,,,,,,,,,,DE,46.0,2.1527777777777777,,,,,,,,,,,,,,,,,,,,,,,10.5,91.0,71.0,162.0,21.0,,
2021,4,112,DET,False,WR,WR,O,USC,21.0,2025.0,2,4,3,57.0,Amon-Ra St. Brown,WR,USC,71.0,197.0,4.51,20.0,38.5,127.0,6.88,4.17,WR,31.0,11.555384615384616,,,,,,,,,,,,,,,,,,178.0,2270.0,12.8,16.0,73.2,,,,,,,
2021,4,113,DET,False,DE,DL,D,Purdue,22.0,2025.0,0,0,1,17.0,Derrick Barnes,DE,Purdue,72.0,238.0,4.57,29.0,37.0,119.0,,4.27,LB,42.0,4.114285714285714,,,,,,,,,,,,,,,,,,,,,,,10.5,158.0,67.0,225.0,25.0,,
2021,4,114,ATL,False,C,OL,O,Stanford,22.0,2025.0,0,1,2,15.0,Drew Dalman,C,Stanford,75.0,299.0,5.11,33.0,33.0,109.0,7.33,4.52,C,6.0,15.8,,,,,,,,,,,,,,,,,,,,,,,,,,,,,
2021,4,115,DAL,False,LB,LB,D,LSU,23.0,2023.0,0,0,0,2.0,Jabril Cox,LB,LSU,75.0,232.0,,,,,,,LB,10.0,6.0,,,,,,,,,,,,,,,,,,,,,,,1.0,39.0,19.0,58.0,6.5,,
2021,4,116,NYG,False,DL,DL,D,Northern Iowa,23.0,2024.0,0,0,0,1.0,Elerson Smith,DL,Northern Iowa,,,4.71,26.0,41.5,127.0,7.0,4.39,,,,,,,,,,,,,,,,,,,,,,,,,,,,,,,,
2021,4,117,LAR,False,DL,DL,D,Texas A&M,21.0,2025.0,0,0,2,13.0,,,,,,,,,,,,DL,35.0,17.6,,,,,,,,,,,,,,,,,,,,,,,6.0,23.0,34.0,57.0,10.5,,
2021,4,118,LAC,False,DE,DL,D,Duke,22.0,2025.0,0,0,0,3.0,Chris Rumph,DE,Duke,74.0,244.0,,18.0,,,,,DE,36.0,-0.1703703703703704,,,,,,,,,,,,,,,,,,,,,,,17.5,56.0,69.0,125.0,34.0,,
2021,4,119,MIN,False,RB,RB,O,Iowa St.,23.0,2025.0,0,0,0,3.0,,,,,,,,,,,,RB,50.0,8.301298701298702,,,,,,,,,,143.0,744.0,5.2,4.0,7.0,57.0,8.1,0.0,,,,,,,,,,,,
2021,4,120,NWE,False,RB,RB,O,Oklahoma,23.0,2025.0,0,0,2,28.0,Rhamondre Stevenson,RB,Oklahoma,71.0,231.0,4.64,15.0,31.5,112.0,7.09,4.15,RB,19.0,20.89090909090909,,,,,,,,,,165.0,1180.0,7.2,13.0,28.0,298.0,10.6,0.0,,,,,,,,,,,,
2021,4,121,JAX,False,OLB,LB,D,Ala-Birmingham,23.0,2021.0,0,0,0,0.0,Jordan Smith,OLB,Ala-Birmingham,77.0,264.0,4.8,16.0,33.0,117.0,,,LB,23.0,6.569230769230769,,,,,,,,,,,,,,,,,,,,,,,14.5,58.0,38.0,96.0,27.0,,
2021,4,122,CIN,False,DT,DL,D,LSU,23.0,2022.0,0,0,0,0.0,Tyler Shelvin,DT,LSU,74.0,350.0,5.4,,28.5,97.0,8.15,5.05,NT,21.0,28.65,,,,,,,,,,,,,,,,,,,,,,,1.5,15.0,33.0,48.0,4.5,,
2021,4,123,PHI,False,DB,DB,D,Texas Tech,23.0,2022.0,0,0,0,2.0,,,,,,,,,,,,CB,45.0,10.994827586206895,,,,,,,,,,,,,,,,,,,,,,,,,,,,4.0,14.0
2021,4,124,WAS,False,TE,TE,O,Boise St.,23.0,2025.0,0,0,0,6.0,,,,,,,,,,,,TE,46.0,8.785185185185185,,,,,,,,,,,,,,,,,,47.0,579.0,12.3,2.0,12.6,,,,,,,
2021,4,125,MIN,False,CB,DB,D,California,23.0,2025.0,0,0,3,19.0,Camryn Bynum,CB,California,72.0,196.0,4.58,,34.0,129.0,6.99,4.1,CB,42.0,0.6749999999999999,,,,,,,,,,,,,,,,,,,,,,,,,,,,6.0,29.0
2021,4,126,CAR,False,RB,RB,O,Oklahoma St.,22.0,2025.0,0,0,2,27.0,Chuba Hubbard,RB,Oklahoma St.,72.0,210.0,4.48,20.0,36.0,120.0,7.24,4.26,RB,33.0,12.303571428571429,,,,,,,,,,585.0,3459.0,5.9,33.0,53.0,479.0,9.0,3.0,,,,,,,,,,,,
2021,4,127,IND,False,TE,TE,O,SMU,23.0,2025.0,0,0,0,8.0,,,,,,,,,,,,WR,39.0,-8.249122807017544,,,,,,,,,,,,,,,,,,129.0,1879.0,14.6,16.0,48.2,,,,,,,
2021,4,128,PIT,False,OL,OL,O,Texas A&M,22.0,2025.0,0,0,4,28.0,,,,,,,,,,,,OL,9.0,,,,,,,,,,,,,,,,,,,,,,,,,,,,,,
2021,5,129,TAM,False,WR,WR,O,North Texas,22.0,2024.0,0,0,0,0.0,Jaelon Darden,WR,North Texas,67.0,174.0,4.47,,35.5,122.0,6.66,3.98,WR,48.0,-4.514432989690722,,,,,,,,,,,,,,,,,,230.0,2782.0,12.1,38.0,58.0,,,,,,,
2021,5,130,LAR,False,DB,DB,D,Central Arkansas,23.0,2025.0,0,0,0,3.0,Robert Rochell,DB,Central Arkansas,71.0,193.0,4.41,9.0,43.0,133.0,6.84,4.08,,,,,,,,,,,,,,,,,,,,,,,,,,,,,,,,
2021,5,131,BAL,False,WR,WR,O,Oklahoma St.,22.0,2025.0,0,0,0,3.0,Tylan Wallace,WR,Oklahoma St.,71.0,194.0,4.48,11.0,33.0,112.0,6.97,4.25,WR,45.0,13.938636363636364,,,,,,,,,,,,,,,,,,205.0,3434.0,16.8,26.0,76.3,,,,,,,
2021,5,132,CLE,False,DT,DL,D,Ohio St.,21.0,2025.0,0,0,0,2.0,Tommy Togiai,DT,Ohio St.,73.0,296.0,4.97,40.0,32.0,105.0,7.2,4.49,DT,33.0,29.3,,,,,,,,,,,,,,,,,,,,,,,3.0,27.0,22.0,49.0,8.5,,
2021,5,133,NOR,False,QB,QB,O,Notre Dame,23.0,2021.0,0,0,0,0.0,Ian Book,QB,Notre Dame,72.0,211.0,4.65,,32.5,115.0,6.99,4.19,QB,47.0,20.130434782608692,728.0,1141.0,63.8,8948.0,72.0,20.0,7.8,8.32,190.4,,,,,,,,,,,,,,,,,,,,
2021,5,135,TEN,False,DL,DL,D,Pittsburgh,23.0,2024.0,0,0,0,5.0,Rashad Weaver,DL,Pittsburgh,76.0,259.0,4.88,20.0,32.0,114.0,6.97,4.26,DL,35.0,4.777777777777778,,,,,,,,,,,,,,,,,,,,,,,17.0,67.0,43.0,110.0,34.5,,
2021,5,136,ARI,False,CB,DB,D,Florida,22.0,2025.0,0,0,3,12.0,Marco Wilson,CB,Florida,71.0,191.0,4.37,26.0,43.5,136.0,6.8,4.13,CB,36.0,19.82,,,,,,,,,,,,,,,,,,,,,,,,,,,,3.0,17.0
2021,5,137,SEA,False,CB,DB,D,Oklahoma,23.0,2025.0,0,0,0,6.0,Tre Brown,CB,Oklahoma,69.0,185.0,4.42,13.0,38.0,123.0,7.11,4.27,CB,51.0,21.40281690140845,,,,,,,,,,,,,,,,,,,,,,,,,,,,4.0,31.0
2021,5,138,DAL,False,OL,OL,O,Marshall,23.0,2022.0,0,0,0,1.0,Josh Ball,OL,Marshall,79.0,308.0,5.2,28.0,27.5,106.0,7.77,4.7,OL,8.0,,,,,,,,,,,,,,,,,,,,,,,,,,,,,,
2021,5,139,CIN,False,T,OL,O,East Carolina,23.0,2022.0,0,0,0,1.0,,,,,,,,,,,,OL,13.0,,,,,,,,,,,,,,,,,,,,,,,,,,,,,,
2021,5,140,PIT,False,LB,LB,D,Texas A&M,22.0,2025.0,0,0,0,0.0,,,,,,,,,,,,LB,47.0,16.05263157894737,,,,,,,,,,,,,,,,,,,,,,,6.5,102.0,108.0,210.0,24.5,,
2021,5,141,LAR,False,WR,WR,O,Central Florida,24.0,2023.0,0,0,0,0.0,,,,,,,,,,,,WR,36.0,15.692592592592591,,,,,,,,,,,,,,,,,,49.0,987.0,20.1,9.0,27.4,,,,,,,
2021,5,142,GNB,False,G,OL,O,Mississippi,24.0,2024.0,0,0,1,14.0,,,,,,,,,,,,OL,21.0,3.85,,,,,,,,,,,,,,,,,,,,,,,,,,,,,
2021,5,143,LVR,False,S,DB,D,Missouri,23.0,2022.0,0,0,0,1.0,Tyree Gillespie,S,Missouri,,,4.38,15.0,,,7.06,,S,41.0,9.675,,,,,,,,,,,,,,,,,,,,,,,,,,,,0.0,12.0
2021,5,144,KAN,False,DE,DL,D,Florida St.,22.0,2021.0,0,0,0,0.0,,,,,,,,,,,,DE,36.0,4.003125,,,,,,,,,,,,,,,,,,,,,,,8.5,36.0,23.0,59.0,17.0,,
2021,5,145,JAX,False,TE,TE,O,Ohio St.,23.0,2025.0,0,0,0,2.0,Luke Farrell,TE,Ohio St.,77.0,251.0,4.79,22.0,36.5,118.0,7.14,4.36,TE,43.0,29.7,,,,,,,,,,,,,,,,,,34.0,380.0,11.2,4.0,8.8,,,,,,,
2021,5,146,NYJ,False,DB,DB,D,Auburn,21.0,2025.0,0,0,1,16.0,Jamien Sherwood,DB,Auburn,73.0,216.0,4.76,15.0,36.0,123.0,7.15,4.36,DB,37.0,19.212903225806453,,,,,,,,,,,,,,,,,,,,,,,,,,,,1.0,11.0
2021,5,147,HOU,False,TE,TE,O,Miami (FL),21.0,2024.0,0,0,0,4.0,Brevin Jordan,TE,Miami (FL),74.0,247.0,4.64,17.0,31.0,116.0,,,TE,31.0,11.948717948717947,,,,,,,,,,,,,,,,,,105.0,1358.0,12.9,13.0,43.8,,,,,,,
2021,5,148,ATL,False,DL,DL,D,Texas,22.0,2025.0,0,0,1,9.0,Ta'Quon Graham,DL,Texas,75.0,292.0,4.89,32.0,32.5,113.0,7.31,4.68,DL,48.0,,,,,,,,,,,,,,,,,,,,,,,,7.0,41.0,31.0,72.0,23.0,,
2021,5,149,CIN,False,K,K,S,Florida,22.0,2025.0,0,0,2,15.0,,,,,,,,,,,,,,,,,,,,,,,,,,,,,,,,,,,,,,,,,,,
2021,5,150,PHI,False,RB,RB,O,Memphis,22.0,2025.0,0,0,0,15.0,Kenneth Gainwell,RB,Memphis,,201.0,4.42,21.0,,,,,RB,18.0,,,,,,,,,,,235.0,1550.0,6.6,14.0,57.0,662.0,11.6,3.0,,,,,,,,,,,,
2021,5,151,CHI,False,OL,OL,O,Missouri,22.0,2025.0,0,0,1,13.0,Larry Borom,OL,Missouri,77.0,322.0,5.12,,31.0,,,,OL,8.0,,,,,,,,,,,,,,,,,,,,,,,,,,,,,,
2021,5,152,DEN,False,DB,DB,D,Texas,21.0,2023.0,0,0,0,3.0,Caden Sterns,DB,Texas,71.0,202.0,4.41,14.0,42.0,128.0,6.96,4.13,DB,29.0,10.862068965517242,,,,,,,,,,,,,,,,,,,,,,,,,,,,5.0,8.0
2021,5,153,CLE,False,LB,LB,D,West Virginia,22.0,2024.0,0,0,0,9.0,Tony Fields,LB,West Virginia,72.0,222.0,4.64,17.0,34.0,114.0,7.15,4.48,LB,46.0,1.785,,,,,,,,,,,,,,,,,,,,,,,9.5,215.0,160.0,375.0,21.0,,
2021,5,154,NYJ,False,S,DB,D,Duke,22.0,2025.0,0,0,0,10.0,,,,,,,,,,,,S,46.0,0.7854166666666665,,,,,,,,,,,,,,,,,,,,,,,,,,,,4.0,24.0
2021,5,155,SFO,False,T,OL,O,Western Michigan,23.0,2025.0,0,0,0,8.0,,,,,,,,,,,,T,6.0,-4.9,,,,,,,,,,,,,,,,,,,,,,,,,,,,,
2021,5,156,PIT,False,DE,DL,D,Wisconsin,23.0,2025.0,0,0,0,6.0,Isaiahh Loudermilk,DE,Wisconsin,78.0,274.0,5.08,21.0,28.5,112.0,7.52,4.55,DE,40.0,22.275,,,,,,,,,,,,,,,,,,,,,,,7.5,36.0,27.0,63.0,11.5,,
2021,5,157,MIN,False,WR,WR,O,Iowa,22.0,2024.0,0,0,0,1.0,Ihmir Smith-Marsette,WR,Iowa,72.0,181.0,4.43,,37.0,124.0,7.0,4.2,WR,44.0,14.329885057471264,,,,,,,,,,,,,,,,,,110.0,1615.0,14.7,13.0,36.7,,,,,,,
2021,5,158,CAR,False,DT,DL,D,Iowa,22.0,2022.0,0,0,0,1.0,Daviyon Nixon,DT,Iowa,75.0,313.0,4.9,,28.5,106.0,7.68,4.7,DT,21.0,16.455555555555556,,,,,,,,,,,,,,,,,,,,,,,8.5,41.0,33.0,74.0,19.0,,
2021,5,159,LAC,False,OL,OL,O,Nebraska,22.0,2025.0,0,0,0,5.0,Brenden Jaimes,OL,Nebraska,77.0,298.0,,25.0,30.5,112.0,7.5,4.51,OL,7.0,,,,,,,,,,,,,,,,,,,,,,,,,,,,,,
2021,6,161,BUF,False,OL,OL,O,Miami (OH),23.0,2022.0,0,0,0,1.0,,,,,,,,,,,,OL,9.0,-4.15,,,,,,,,,,,,,,,,,,,,,,,,,,,,,
2021,6,162,KAN,False,TE,TE,O,Duke,22.0,2025.0,0,0,2,11.0,Noah Gray,TE,Duke,75.0,240.0,4.55,15.0,35.0,115.0,6.83,4.37,TE,48.0,-0.4566037735849058,,,,,,,,,,,,,,,,,,105.0,948.0,9.0,8.0,19.8,,,,,,,
2021,6,163,WAS,False,S,DB,D,Cincinnati,22.0,2024.0,0,0,1,7.0,Darrick Forrest,S,Cincinnati,71.0,206.0,4.42,21.0,39.0,132.0,6.91,4.23,S,49.0,7.552083333333333,,,,,,,,,,,,,,,,,,,,,,,,,,,,6.0,6.0
2021,6,164,DEN,False,DB,DB,D,Indiana,21.0,2021.0,0,0,0,0.0,Jamar Johnson,DB,Indiana,74.0,205.0,4.58,17.0,35.0,122.0,7.22,4.41,DB,31.0,8.755555555555555,,,,,,,,,,,,,,,,,,,,,,,,,,,,7.0,7.0
2021,6,166,CAR,False,DB,DB,D,Washington,22.0,2025.0,0,0,0,4.0,Keith Taylor,DB,Washington,74.0,187.0,4.54,12.0,33.5,127.0,6.85,4.26,DB,43.0,18.0,,,,,,,,,,,,,,,,,,,,,,,,,,,,0.0,10.0
2021,6,167,LVR,False,CB,DB,D,Illinois,22.0,2025.0,0,0,3,12.0,,,,,,,,,,,,DB,39.0,-5.281578947368422,,,,,,,,,,,,,,,,,,,,,,,,,,,,3.0,15.0
2021,6,169,CLE,False,DB,DB,D,Georgia,22.0,2023.0,0,0,0,1.0,Richard LeCounte,DB,Georgia,70.0,196.0,4.79,,32.5,128.0,7.44,4.49,DB,44.0,,,,,,,,,,,,,,,,,,,,,,,,,,,,,8.0,10.0
2021,6,170,HOU,False,LB,LB,D,TCU,22.0,2025.0,0,0,0,4.0,Garret Wallow,LB,TCU,,,4.65,22.0,32.5,122.0,6.87,4.12,LB,35.0,8.296875,,,,,,,,,,,,,,,,,,,,,,,9.5,173.0,114.0,287.0,32.5,,
2021,6,171,BAL,False,DL,DL,D,Notre Dame,23.0,2021.0,0,0,0,0.0,Daelin Hayes,DL,Notre Dame,75.0,253.0,4.71,26.0,32.5,119.0,7.17,4.29,DL,52.0,19.52745098039216,,,,,,,,,,,,,,,,,,,,,,,9.0,54.0,41.0,95.0,20.5,,
2021,6,172,SFO,False,CB,DB,D,Oregon,21.0,2025.0,0,0,3,21.0,Deommodore Lenoir,CB,Oregon,70.0,199.0,4.48,15.0,34.5,121.0,7.02,4.35,CB,47.0,13.73404255319149,,,,,,,,,,,,,,,,,,,,,,,,,,,,6.0,21.0
2021,6,173,GNB,False,DL,DL,D,Florida,23.0,2025.0,0,0,2,17.0,Tedarrell Slaton,DL,Florida,76.0,330.0,5.09,27.0,29.0,109.0,7.91,4.81,DL,45.0,19.59032258064516,,,,,,,,,,,,,,,,,,,,,,,3.5,34.0,64.0,98.0,10.0,,
2021,6,174,LAR,False,DE,DL,D,Northwestern,22.0,2024.0,0,0,0,1.0,,,,,,,,,,,,DE,40.0,3.5783783783783787,,,,,,,,,,,,,,,,,,,,,,,7.0,45.0,26.0,71.0,18.5,,
2021,6,175,NYJ,False,CB,DB,D,Pittsburgh,22.0,2025.0,0,0,2,1.0,,,,,,,,,,,,DB,43.0,4.669767441860466,,,,,,,,,,,,,,,,,,,,,,,,,,,,6.0,19.0
2021,6,176,TAM,False,LB,LB,D,Auburn,22.0,2025.0,0,0,1,10.0,K.J. Britt,LB,Auburn,72.0,235.0,4.76,24.0,32.5,118.0,7.38,4.4,LB,42.0,20.95526315789473,,,,,,,,,,,,,,,,,,,,,,,2.5,64.0,55.0,119.0,13.0,,
2021,6,178,GNB,False,DB,DB,D,Appalachian St.,23.0,2024.0,0,0,0,1.0,,,,,,,,,,,,DB,50.0,9.65277777777778,,,,,,,,,,,,,,,,,,,,,,,,,,,,2.0,31.0
2021,6,179,DAL,False,WR,WR,O,Stanford,23.0,2025.0,0,0,0,0.0,Simi Fehoko,WR,Stanford,75.0,222.0,4.44,16.0,34.5,120.0,6.78,4.26,WR,21.0,2.875,,,,,,,,,,,,,,,,,,62.0,1146.0,18.5,9.0,54.6,,,,,,,
2021,6,180,SFO,False,S,DB,D,USC,22.0,2025.0,1,1,2,19.0,Talanoa Hufanga,S,USC,,,4.65,,,,,,S,24.0,11.84,,,,,,,,,,,,,,,,,,,,,,,,,,,,4.0,8.0
2021,6,181,KAN,False,WR,WR,O,Clemson,23.0,2022.0,0,0,0,0.0,Cornell Powell,WR,Clemson,72.0,204.0,4.53,16.0,36.5,128.0,7.03,4.21,WR,54.0,27.46935483870968,,,,,,,,,,,,,,,,,,93.0,1211.0,13.0,10.0,22.4,,,,,,,
2021,6,182,ATL,False,DL,DL,D,Notre Dame,22.0,2024.0,0,0,2,10.0,Adetokunbo Ogundeji,DL,Notre Dame,76.0,260.0,4.75,22.0,32.0,120.0,7.17,4.64,DL,38.0,19.7,,,,,,,,,,,,,,,,,,,,,,,13.0,44.0,36.0,80.0,17.0,,
2021,6,183,ATL,False,CB,DB,D,Boise St.,23.0,2025.0,0,0,0,2.0,Avery Williams,CB,Boise St.,68.0,187.0,4.43,19.0,33.5,121.0,6.88,4.0,CB,48.0,8.554128440366972,,,,,,,,,,,,,,,,,,,,,,,,,,,,4.0,22.0
2021,6,184,BAL,False,FB,RB,O,Michigan,22.0,2023.0,0,0,0,0.0,,,,,,,,,,,,FB,26.0,19.012962962962963,,,,,,,,,,36.0,84.0,2.3,9.0,1.0,15.0,15.0,0.0,,,,,,,,,,,,
2021,6,185,LAC,False,LB,LB,D,Iowa,23.0,2025.0,0,0,0,5.0,,,,,,,,,,,,LB,44.0,14.3725,,,,,,,,,,,,,,,,,,,,,,,2.0,74.0,83.0,157.0,7.5,,
2021,6,186,NYJ,False,DB,DB,D,Florida St.,22.0,2022.0,0,0,0,2.0,Hamsah Nasirildeen,DB,Florida St.,75.0,215.0,,17.0,32.0,,7.05,4.31,DB,39.0,3.402325581395349,,,,,,,,,,,,,,,,,,,,,,,,,,,,4.0,9.0
2021,6,187,ATL,False,WR,WR,O,Arizona St.,23.0,2023.0,0,0,0,0.0,Frank Darby,WR,Arizona St.,72.0,201.0,4.56,19.0,34.5,117.0,7.05,4.25,WR,40.0,5.166666666666667,,,,,,,,,,,,,,,,,,67.0,1317.0,19.7,13.0,32.9,,,,,,,
2021,6,188,NWE,False,S,DB,D,Missouri,22.0,2023.0,0,0,0,0.0,Joshuah Bledsoe,S,Missouri,,,,,,,,,S,46.0,8.56764705882353,,,,,,,,,,,,,,,,,,,,,,,,,,,,1.0,18.0
2021,6,189,PHI,False,DL,DL,D,USC,22.0,2025.0,0,0,0,2.0,,,,,,,,,,,,DT,33.0,13.275,,,,,,,,,,,,,,,,,,,,,,,8.5,49.0,55.0,104.0,15.0,,
2021,6,190,CIN,False,OL,OL,O,Georgia,21.0,2024.0,0,0,0,3.0,Trey Hill,OL,Georgia,75.0,319.0,5.5,,,,,,OL,8.0,19.1,,,,,,,,,,,,,,,,,,,,,,,,,,,,,
2021,6,191,PHI,False,DE,DL,D,Coastal Carolina,23.0,2024.0,0,0,0,1.0,Tarron Jackson,DE,Coastal Carolina,74.0,254.0,4.68,25.0,29.0,118.0,7.45,4.51,DT,44.0,-6.0,,,,,,,,,,,,,,,,,,,,,,,25.0,92.0,100.0,192.0,42.5,,
2021,6,192,DAL,False,DT,DL,D,Kentucky,22.0,2025.0,0,0,1,6.0,,,,,,,,,,,,DL,45.0,7.387096774193548,,,,,,,,,,,,,,,,,,,,,,,2.0,25.0,34.0,59.0,9.0,,
2021,7,193,CAR,False,OL,OL,O,Alabama,23.0,2021.0,0,0,0,0.0,Deonte Brown,OL,Alabama,75.0,344.0,,,27.0,,,,OL,12.0,,,,,,,,,,,,,,,,,,,,,,,,,,,,,,
2021,7,194,SFO,False,RB,RB,O,Louisiana,23.0,2025.0,0,0,0,11.0,Elijah Mitchell,RB,Louisiana,70.0,201.0,4.38,17.0,37.5,128.0,6.94,4.19,RB,43.0,-5.986238532110092,,,,,,,,,,526.0,3259.0,6.2,41.0,49.0,597.0,12.2,5.0,,,,,,,,,,,,
2021,7,195,HOU,False,DL,DL,D,Arizona,24.0,2025.0,0,0,3,12.0,,,,,,,,,,,,DL,46.0,-14.913157894736845,,,,,,,,,,,,,,,,,,,,,,,9.0,53.0,102.0,155.0,24.0,,
2021,7,196,NYG,False,RB,RB,O,Arizona,22.0,2025.0,0,0,0,1.0,Gary Brightwell,RB,Arizona,70.0,218.0,4.62,17.0,34.5,118.0,7.51,4.48,RB,40.0,-1.758108108108108,,,,,,,,,,245.0,1305.0,5.3,9.0,19.0,121.0,6.4,1.0,,,,,,,,,,,,
2021,7,197,NWE,False,OL,OL,O,Colorado,22.0,2025.0,0,0,0,0.0,William Sherman,OL,Colorado,75.0,304.0,5.19,23.0,26.0,108.0,7.71,4.82,OL,18.0,-2.25,,,,,,,,,,,,,,,,,,,,,,,,,,,,,
2021,7,198,LAC,False,RB,RB,O,Missouri,22.0,2022.0,0,0,0,1.0,Larry Rountree,RB,Missouri,,,4.62,,30.0,,6.96,,RB,48.0,8.764705882352942,,,,,,,,,,746.0,3720.0,5.0,40.0,47.0,289.0,6.1,0.0,,,,,,,,,,,,
2021,7,200,NYJ,False,CB,DB,D,Kentucky,23.0,2025.0,0,0,1,9.0,,,,,,,,,,,,DB,24.0,4.883333333333334,,,,,,,,,,,,,,,,,,,,,,,,,,,,1.0,11.0
2021,7,201,NYG,False,CB,DB,D,Oklahoma St.,24.0,2022.0,0,0,0,1.0,Rodarius Williams,CB,Oklahoma St.,71.0,189.0,4.5,14.0,36.5,123.0,6.98,4.15,CB,48.0,12.804255319148934,,,,,,,,,,,,,,,,,,,,,,,,,,,,2.0,31.0
2021,7,202,CIN,False,RB,RB,O,Michigan,23.0,2023.0,0,0,0,2.0,Chris Evans,RB,Michigan,71.0,211.0,4.5,20.0,40.5,127.0,6.83,4.12,RB,43.0,13.065,,,,,,,,,,320.0,1795.0,5.6,15.0,49.0,479.0,9.8,2.0,,,,,,,,,,,,
2021,7,203,BUF,False,WR,WR,O,Houston,23.0,2021.0,0,0,0,0.0,Marquez Stevenson,WR,Houston,70.0,180.0,4.48,,33.0,122.0,6.76,4.14,WR,32.0,2.057894736842105,,,,,,,,,,,,,,,,,,147.0,2269.0,15.4,22.0,70.9,,,,,,,
2021,7,204,CAR,False,WR,WR,O,South Carolina,22.0,2022.0,0,0,0,4.0,,,,,,,,,,,,WR,43.0,5.285227272727273,,,,,,,,,,,,,,,,,,174.0,2204.0,12.7,13.0,51.3,,,,,,,
2021,7,205,TEN,False,WR,WR,O,LSU,22.0,2022.0,0,0,0,0.0,Racey McMath,WR,LSU,74.0,217.0,4.36,,34.0,124.0,7.38,4.38,WR,32.0,21.1,,,,,,,,,,,,,,,,,,33.0,522.0,15.8,4.0,16.3,,,,,,,
2021,7,206,NOR,False,T,OL,O,Kentucky,24.0,2024.0,0,0,0,9.0,Landon Young,OT,Kentucky,78.0,310.0,5.0,34.0,30.5,108.0,7.7,4.89,T,10.0,,,,,,,,,,,,,,,,,,,,,,,,,,,,,,
2021,7,207,NYJ,False,DL,DL,D,Arkansas,23.0,2021.0,0,0,0,0.0,,,,,,,,,,,,DL,45.0,-0.5999999999999999,,,,,,,,,,,,,,,,,,,,,,,1.5,34.0,38.0,72.0,11.5,,
2021,7,208,SEA,False,OL,OL,O,Florida,23.0,2025.0,0,0,0,9.0,Stone Forsythe,OL,Florida,80.0,307.0,5.14,25.0,27.5,103.0,7.47,4.65,OL,12.0,19.8,,,,,,,,,,,,,,,,,,,,,,,,,,,,,
2021,7,210,ARI,False,DE,DL,D,Duke,21.0,2025.0,0,0,0,6.0,Victor Dimukeje,DE,Duke,73.0,262.0,4.87,28.0,34.5,115.0,7.25,4.35,DE,49.0,1.9707317073170727,,,,,,,,,,,,,,,,,,,,,,,21.5,79.0,88.0,167.0,37.0,,
2021,7,211,CLE,False,RB,RB,O,UCLA,23.0,2022.0,0,0,0,2.0,Demetric Felton,RB,UCLA,68.0,189.0,4.55,,,,,,WR,35.0,-1.028,,,,,,,,,,,,,,,,,,77.0,799.0,10.4,5.0,22.8,,,,,,,
2021,7,212,BUF,False,DB,DB,D,Pittsburgh,23.0,2025.0,0,0,2,11.0,Damar Hamlin,DB,Pittsburgh,72.0,200.0,4.6,18.0,35.0,118.0,6.93,4.4,DB,48.0,5.677777777777778,,,,,,,,,,,,,,,,,,,,,,,,,,,,6.0,21.0
2021,7,214,GNB,False,OL,OL,O,Wisconsin,23.0,2025.0,0,0,0,0.0,Cole Van Lanen,OL,Wisconsin,76.0,305.0,5.11,22.0,30.0,107.0,7.34,4.64,OL,18.0,15.5,,,,,,,,,,,,,,,,,,,,,,,,,,,,,
2021,7,215,TEN,False,S,DB,D,Oregon,23.0,2022.0,0,0,0,0.0,Brady Breeze,S,Oregon,71.0,197.0,4.55,20.0,38.0,120.0,7.05,4.22,DB,38.0,13.0375,,,,,,,,,,,,,,,,,,,,,,,,,,,,3.0,5.0
2021,7,217,CHI,False,RB,RB,O,Virginia Tech,23.0,2025.0,0,0,1,12.0,Khalil Herbert,RB,Virginia Tech,68.0,210.0,4.46,22.0,33.0,115.0,6.96,4.31,RB,46.0,-7.902380952380954,,,,,,,,,,474.0,2917.0,6.2,22.0,33.0,293.0,8.9,1.0,,,,,,,,,,,,
2021,7,218,IND,False,QB,QB,O,Texas,22.0,2023.0,0,0,0,2.0,Sam Ehlinger,QB,Texas,73.0,220.0,4.84,,36.5,114.0,7.15,4.44,QB,46.0,10.938888888888888,923.0,1476.0,62.5,11436.0,94.0,27.0,7.7,8.2,248.6,,,,,,,,,,,,,,,,,,,,
2021,7,219,DEN,False,WR,WR,O,Auburn,21.0,2021.0,0,0,0,0.0,Seth Williams,WR,Auburn,75.0,211.0,4.49,12.0,37.0,124.0,7.2,4.43,WR,36.0,9.791428571428572,,,,,,,,,,,,,,,,,,132.0,2124.0,16.1,17.0,59.0,,,,,,,
2021,7,220,GNB,False,LB,LB,D,Boston Col.,22.0,2025.0,0,0,1,19.0,,,,,,,,,,,,LB,35.0,0.6199999999999999,,,,,,,,,,,,,,,,,,,,,,,8.5,127.0,103.0,230.0,15.5,,
2021,7,221,CHI,False,WR,WR,O,North Carolina,22.0,2021.0,0,0,0,0.0,Dazz Newsome,WR,North Carolina,70.0,190.0,4.59,12.0,34.0,121.0,7.38,4.38,WR,44.0,6.921568627450981,,,,,,,,,,,,,,,,,,188.0,2435.0,13.0,18.0,55.3,,,,,,,
2021,7,224,PHI,False,S,DB,D,LSU,23.0,2021.0,0,0,0,0.0,Jacoby Stevens,S,LSU,73.0,212.0,4.63,,42.0,130.0,,,S,36.0,21.71,,,,,,,,,,,,,,,,,,,,,,,,,,,,4.0,15.0
2021,7,225,WAS,False,LS,LS,S,Michigan,23.0,2023.0,0,0,0,3.0,,,,,,,,,,,,LS,12.0,20.7,,,,,,,,,,,,,,,,,,,,,,,,,,,,0.0,
2021,7,226,KAN,False,OL,OL,O,Tennessee,22.0,2025.0,0,2,4,36.0,,,,,,,,,,,,OL,35.0,2.663636363636364,,,,,,,,,,,,,,,,,,,,,,,,,,,,,
2021,7,227,DAL,False,DB,DB,D,South Carolina,21.0,2025.0,0,0,0,4.0,Israel Mukuamu,DB,South Carolina,,,,34.0,36.0,,,,DB,31.0,5.766666666666667,,,,,,,,,,,,,,,,,,,,,,,,,,,,7.0,10.0
2021,7,228,CHI,False,CB,DB,D,Oregon,22.0,2024.0,0,0,0,0.0,,,,,,,,,,,,CB,40.0,11.575,,,,,,,,,,,,,,,,,,,,,,,,,,,,8.0,32.0
2021,7,229,IND,False,WR,WR,O,Charleston (WV),24.0,2023.0,0,0,0,0.0,,,,,,,,,,,,,,,,,,,,,,,,,,,,,,,,,,,,,,,,,,,
2021,7,231,MIA,False,T,OL,O,Massachusetts,23.0,2022.0,0,0,0,0.0,,,,,,,,,,,,OL,16.0,-23.7,,,,,,,,,,,,,,,,,,,,,,,,,,,,,
2021,7,232,CAR,False,DT,DL,D,Kentucky,24.0,2023.0,0,0,0,0.0,,,,,,,,,,,,DL,31.0,5.103571428571429,,,,,,,,,,,,,,,,,,,,,,,4.0,25.0,28.0,53.0,7.5,,
2021,7,233,LAR,False,RB,RB,O,Maryland,23.0,2023.0,0,0,0,0.0,Jake Funk,RB,Maryland,70.0,204.0,4.49,22.0,38.0,122.0,6.71,4.12,RB,36.0,-2.2033898305084745,,,,,,,,,,135.0,968.0,7.2,10.0,23.0,134.0,5.8,3.0,,,,,,,,,,,,
2021,7,234,PHI,False,DE,DL,D,Tulane,23.0,2025.0,0,0,0,5.0,Patrick Johnson,DE,Tulane,78.0,240.0,4.59,16.0,35.0,119.0,6.97,4.41,DE,49.0,2.1209302325581394,,,,,,,,,,,,,,,,,,,,,,,24.5,93.0,42.0,135.0,40.0,,
2021,7,238,DAL,False,G,OL,O,Nebraska,23.0,2022.0,0,0,0,2.0,,,,,,,,,,,,OL,20.0,2.6,,,,,,,,,,,,,,,,,,,,,,,,,,,,,
2021,7,239,DEN,False,DE,DL,D,Ohio St.,23.0,2025.0,0,0,3,32.0,Jonathon Cooper,DE,Ohio St.,74.0,253.0,4.69,28.0,33.0,108.0,6.99,4.31,DE,46.0,27.55,,,,,,,,,,,,,,,,,,,,,,,10.0,45.0,31.0,76.0,15.0,,
2021,7,240,WAS,False,OLB,LB,D,Baylor,23.0,2022.0,0,0,0,0.0,William Bradley-King,OLB,Baylor,75.0,252.0,4.74,,34.5,119.0,7.14,4.26,DE,39.0,0.1756756756756757,,,,,,,,,,,,,,,,,,,,,,,19.0,65.0,55.0,120.0,30.5,,
2021,7,241,LAC,False,DB,DB,D,Georgia,22.0,2021.0,0,0,0,0.0,Mark Webb,DB,Georgia,73.0,207.0,4.61,,36.5,136.0,7.3,4.52,DB,49.0,25.465625,,,,,,,,,,,,,,,,,,,,,,,,,,,,1.0,8.0
2021,7,243,ARI,False,S,DB,D,Cincinnati,24.0,2021.0,0,0,0,0.0,James Wiggins,S,Cincinnati,71.0,209.0,4.4,22.0,38.0,127.0,,,S,32.0,7.091891891891893,,,,,,,,,,,,,,,,,,,,,,,,,,,,5.0,11.0
2021,7,245,PIT,False,DB,DB,D,Oklahoma,22.0,2022.0,0,0,0,3.0,Tre Norwood,DB,Oklahoma,71.0,192.0,4.58,12.0,33.5,123.0,7.65,4.45,CB,39.0,22.35172413793104,,,,,,,,,,,,,,,,,,,,,,,,,,,,6.0,15.0
2021,7,246,WAS,False,DE,DL,D,Penn St.,23.0,2022.0,0,0,0,2.0,Shaka Toney,DE,Penn St.,74.0,242.0,4.51,24.0,39.0,128.0,6.95,4.28,DE,47.0,21.138709677419357,,,,,,,,,,,,,,,,,,,,,,,21.5,59.0,57.0,116.0,30.5,,
2021,7,248,IND,False,OL,OL,O,Penn St.,23.0,2025.0,0,0,2,11.0,Will Fries,OL,Penn St.,78.0,309.0,5.37,24.0,31.0,115.0,7.77,4.53,OL,9.0,13.9,,,,,,,,,,,,,,,,,,,,,,,,,,,,,
2021,7,249,LAR,False,WR,WR,O,Notre Dame,24.0,2025.0,0,1,1,6.0,,,,,,,,,,,,WR,54.0,8.7390625,,,,,,,,,,,,,,,,,,139.0,1856.0,13.4,13.0,34.4,,,,,,,
2021,7,250,CHI,False,DL,DL,D,BYU,25.0,2025.0,0,0,0,2.0,Khyiris Tonga,DL,BYU,,,,35.0,,,,,DL,50.0,6.252631578947368,,,,,,,,,,,,,,,,,,,,,,,7.5,69.0,61.0,130.0,15.0,,
2021,7,252,LAR,False,DE,DL,D,Concordia-St.Paul (MN),23.0,2021.0,0,0,0,0.0,,,,,,,,,,,,,,,,,,,,,,,,,,,,,,,,,,,,,,,,,,,
2021,7,253,DEN,False,DE,DL,D,Mississippi St.,24.0,2021.0,0,0,0,0.0,,,,,,,,,,,,DL,51.0,8.566666666666666,,,,,,,,,,,,,,,,,,,,,,,7.0,53.0,53.0,106.0,22.5,,
2021,7,254,PIT,False,P,P,S,Georgia Tech,22.0,2023.0,0,0,2,4.0,,,,,,,,,,,,,,,,,,,,,,,,,,,,,,,,,,,,,,,,,,,
2021,7,255,NOR,False,WR,WR,O,South Alabama,23.0,2021.0,0,0,0,0.0,,,,,,,,,,,,WR,45.0,-15.75121951219512,,,,,,,,,,,,,,,,,,126.0,1829.0,14.5,16.0,40.6,,,,,,,
2021,7,256,GNB,False,RB,RB,O,Mississippi St.,23.0,2022.0,0,0,0,0.0,Kylin Hill,RB,Mississippi St.,70.0,214.0,4.51,22.0,36.0,122.0,7.13,4.35,RB,40.0,10.564788732394366,,,,,,,,,,452.0,2535.0,5.6,16.0,67.0,631.0,9.4,6.0,,,,,,,,,,,,
2021,7,257,DET,False,RB,RB,O,Oregon St.,21.0,2025.0,0,0,0,1.0,Jermar Jefferson,RB,Oregon St.,70.0,206.0,4.57,13.0,31.0,115.0,7.38,4.38,RB,27.0,-5.220454545454545,,,,,,,,,,514.0,2923.0,5.7,27.0,43.0,299.0,7.0,2.0,,,,,,,,,,,,
2021,7,258,WAS,False,WR,WR,O,BYU,22.0,2022.0,0,0,0,1.0,Dax Milne,WR,BYU,,,4.54,14.0,31.0,114.0,,4.19,WR,35.0,8.57843137254902,,,,,,,,,,,,,,,,,,101.0,1542.0,15.3,11.0,44.1,,,,,,,
2021,7,259,TAM,False,LB,LB,D,Houston,22.0,2025.0,0,0,0,1.0,,,,,,,,,,,,DB,32.0,2.3390243902439023,,,,,,,,,,,,,,,,,,,,,,,,,,,,0.0,4.0
2022,1,1,JAX,False,DE,DL,D,Georgia,21.0,2025.0,0,0,3,26.0,Travon Walker,DE,Georgia,77.0,272.0,4.51,,35.5,123.0,6.89,4.32,DL,36.0,23.629411764705885,,,,,,,,,,,,,,,,,,,,,,,9.5,34.0,31.0,65.0,12.5,,
2022,1,2,DET,False,DE,DL,D,Michigan,22.0,2025.0,0,2,2,31.0,Aidan Hutchinson,DE,Michigan,79.0,260.0,4.74,,36.0,117.0,6.73,4.15,DL,43.0,17.8,,,,,,,,,,,,,,,,,,,,,,,18.5,84.0,75.0,159.0,27.5,,
2022,1,3,HOU,False,CB,DB,D,LSU,21.0,2025.0,2,2,3,36.0,Derek Stingley,CB,LSU,72.0,190.0,,,,,,,CB,25.0,22.67692307692308,,,,,,,,,,,,,,,,,,,,,,,,,,,,6.0,20.0
2022,1,4,NYJ,False,CB,DB,D,Cincinnati,22.0,2025.0,2,2,3,32.0,Ahmad Gardner,CB,Cincinnati,75.0,190.0,4.41,,,,,,CB,37.0,13.85,,,,,,,,,,,,,,,,,,,,,,,,,,,,9.0,18.0
2022,1,5,NYG,False,DE,DL,D,Oregon,21.0,2025.0,0,0,2,24.0,Kayvon Thibodeaux,EDGE,Oregon,76.0,254.0,4.58,27.0,,,,,DE,32.0,18.66842105263158,,,,,,,,,,,,,,,,,,,,,,,19.0,84.0,42.0,126.0,33.0,,
2022,1,6,CAR,False,T,OL,O,North Carolina St.,21.0,2025.0,0,0,3,25.0,Ikem Ekwonu,OT,North Carolina St.,76.0,310.0,4.93,,29.0,108.0,7.82,4.73,OL,35.0,-6.3,,,,,,,,,,,,,,,,,,,,,,,,,,,,,
2022,1,7,NYG,False,OL,OL,O,Alabama,21.0,2024.0,0,0,1,11.0,Evan Neal,OT,Alabama,80.0,337.0,,,,,,,OL,25.0,,,,,,,,,,,,,,,,,,,,,,,,,,,,,,
2022,1,8,ATL,False,WR,WR,O,USC,21.0,2025.0,0,0,3,32.0,Drake London,WR,USC,76.0,219.0,,,,,,,WR,27.0,12.575,,,,,,,,,,,,,,,,,,160.0,2153.0,13.5,15.0,79.7,,,,,,,
2022,1,9,SEA,False,OL,OL,O,Mississippi St.,21.0,2025.0,0,0,3,28.0,Charles Cross,OT,Mississippi St.,77.0,307.0,4.95,,26.0,112.0,7.88,4.61,OL,22.0,-1.4,,,,,,,,,,,,,,,,,,,,,,,,,,,,,
2022,1,10,NYJ,False,WR,WR,O,Ohio St.,22.0,2025.0,0,0,3,27.0,Garrett Wilson,WR,Ohio St.,72.0,183.0,4.38,,36.0,123.0,,4.36,WR,33.0,26.16,,,,,,,,,,,,,,,,,,143.0,2213.0,15.5,23.0,67.1,,,,,,,
2022,1,11,NOR,False,WR,WR,O,Ohio St.,22.0,2025.0,0,0,3,27.0,Chris Olave,WR,Ohio St.,72.0,187.0,4.39,,32.0,124.0,,,WR,47.0,30.2109375,,,,,,,,,,,,,,,,,,176.0,2711.0,15.4,35.0,57.7,,,,,,,
2022,1,12,DET,False,WR,WR,O,Alabama,21.0,2025.0,0,0,1,26.0,Jameson Williams,WR,Alabama,74.0,179.0,,,,,,,WR,34.0,31.899999999999995,,,,,,,,,,,,,,,,,,94.0,1838.0,19.6,18.0,54.1,,,,,,,
2022,1,13,PHI,False,DT,DL,D,Georgia,22.0,2025.0,0,0,2,24.0,Jordan Davis,DT,Georgia,78.0,341.0,4.78,,32.0,123.0,,,DL,47.0,3.934057971014493,,,,,,,,,,,,,,,,,,,,,,,7.0,37.0,54.0,91.0,12.0,,
2022,1,14,BAL,False,S,DB,D,Notre Dame,21.0,2025.0,2,3,2,31.0,Kyle Hamilton,S,Notre Dame,76.0,220.0,4.59,,38.0,131.0,6.9,4.32,DB,31.0,19.35,,,,,,,,,,,,,,,,,,,,,,,,,,,,8.0,16.0
2022,1,15,HOU,False,OL,OL,O,Texas A&M,21.0,2024.0,0,0,2,8.0,Kenyon Green,OG,Texas A&M,76.0,323.0,5.24,20.0,26.0,102.0,,5.12,OL,34.0,15.0,,,,,,,,,,,,,,,,,,,,,,,,,,,,,
2022,1,16,WAS,False,WR,WR,O,Penn St.,22.0,2025.0,0,0,2,8.0,Jahan Dotson,WR,Penn St.,71.0,178.0,4.43,,36.0,121.0,7.28,,WR,42.0,19.67954545454545,,,,,,,,,,,,,,,,,,183.0,2757.0,15.1,25.0,65.6,,,,,,,
2022,1,17,LAC,False,G,OL,O,Boston Col.,22.0,2025.0,0,0,3,25.0,Zion Johnson,OG,Boston Col.,75.0,312.0,5.18,32.0,32.0,112.0,7.38,4.46,OL,23.0,,,,,,,,,,,,,,,,,,,,,,,,,,,,,,
2022,1,18,TEN,False,WR,WR,O,Arkansas,22.0,2025.0,0,0,1,6.0,Treylon Burks,WR,Arkansas,74.0,225.0,4.55,,33.0,122.0,7.28,,WR,32.0,-6.050847457627119,,,,,,,,,,,,,,,,,,146.0,2399.0,16.4,18.0,75.0,,,,,,,
2022,1,19,NOR,False,T,OL,O,Northern Iowa,23.0,2025.0,0,0,1,13.0,Trevor Penning,OT,Northern Iowa,79.0,325.0,4.89,,28.0,111.0,7.25,4.62,,,,,,,,,,,,,,,,,,,,,,,,,,,,,,,,
2022,1,20,PIT,False,QB,QB,O,Pittsburgh,24.0,2025.0,0,0,2,13.0,Kenny Pickett,QB,Pittsburgh,75.0,217.0,4.73,,33.5,121.0,,4.29,QB,52.0,4.520689655172414,1045.0,1674.0,62.4,12303.0,81.0,32.0,7.3,7.46,236.6,,,,,,,,,,,,,,,,,,,,
2022,1,21,KAN,False,CB,DB,D,Washington,21.0,2025.0,1,0,3,33.0,Trent McDuffie,CB,Washington,71.0,193.0,4.44,,,,,,DB,28.0,14.78,,,,,,,,,,,,,,,,,,,,,,,,,,,,2.0,8.0
2022,1,22,GNB,False,LB,LB,D,Georgia,22.0,2025.0,0,0,3,22.0,Quay Walker,LB,Georgia,76.0,241.0,4.52,,32.0,122.0,,,LB,51.0,26.26666666666667,,,,,,,,,,,,,,,,,,,,,,,5.0,81.0,58.0,139.0,11.0,,
2022,1,23,BUF,False,CB,DB,D,Florida,21.0,2025.0,0,0,0,6.0,Kaiir Elam,CB,Florida,74.0,191.0,4.39,,,,,,DB,35.0,21.648000000000003,,,,,,,,,,,,,,,,,,,,,,,,,,,,6.0,20.0
2022,1,24,DAL,False,OL,OL,O,Tulsa,21.0,2025.0,0,3,3,33.0,Tyler Smith,OT,Tulsa,77.0,324.0,5.02,,27.5,105.0,7.78,4.65,OL,21.0,-15.2375,,,,,,,,,,,,,,,,,,,,,,,,,,,,,
2022,1,25,BAL,False,OL,OL,O,Iowa,22.0,2025.0,0,3,3,34.0,Tyler Linderbaum,C,Iowa,74.0,296.0,,,,,,,OL,22.0,16.3,,,,,,,,,,,,,,,,,,,,,,,,,,,,,
2022,1,26,NYJ,False,LB,LB,D,Florida St.,23.0,2025.0,0,1,1,19.0,Jermaine Johnson II,DE,Florida St.,77.0,254.0,4.58,,32.0,125.0,,,LB,33.0,,,,,,,,,,,,,,,,,,,,,,,,18.5,54.0,52.0,106.0,26.0,,
2022,1,27,JAX,False,LB,LB,D,Utah,23.0,2025.0,0,1,3,35.0,Devin Lloyd,LB,Utah,75.0,237.0,4.66,25.0,35.0,126.0,,,LB,47.0,16.616,,,,,,,,,,,,,,,,,,,,,,,16.5,149.0,106.0,255.0,43.0,,
2022,1,28,GNB,False,DT,DL,D,Georgia,24.0,2025.0,0,0,0,10.0,Devonte Wyatt,DT,Georgia,75.0,304.0,4.77,,29.0,111.0,,,DL,49.0,26.26666666666667,,,,,,,,,,,,,,,,,,,,,,,5.0,49.0,64.0,113.0,11.0,,
2022,1,29,NWE,False,OL,OL,O,Chattanooga,24.0,2025.0,0,0,2,11.0,Cole Strange,OG,Tennessee-Chattanooga,77.0,307.0,5.03,31.0,28.0,120.0,7.44,4.5,,,,,,,,,,,,,,,,,,,,,,,,,,,,,,,,
2022,1,30,KAN,False,DE,DL,D,Purdue,21.0,2025.0,0,0,3,27.0,George Karlaftis,EDGE,Purdue,76.0,266.0,,21.0,38.0,121.0,,4.36,DE,27.0,1.5000000000000002,,,,,,,,,,,,,,,,,,,,,,,14.5,64.0,35.0,99.0,30.5,,
2022,1,31,CIN,False,DB,DB,D,Michigan,21.0,2025.0,0,0,1,13.0,Daxton Hill,S,Michigan,72.0,191.0,4.38,,33.5,121.0,6.57,4.06,DB,33.0,18.007692307692306,,,,,,,,,,,,,,,,,,,,,,,,,,,,4.0,16.0
2022,1,32,MIN,False,DB,DB,D,Georgia,22.0,2024.0,0,0,0,0.0,Lewis Cine,S,Georgia,74.0,199.0,4.37,,36.5,133.0,,,DB,39.0,23.80555555555556,,,,,,,,,,,,,,,,,,,,,,,,,,,,2.0,14.0
2022,2,33,TAM,False,DE,DL,D,Houston,22.0,2025.0,0,0,1,19.0,Logan Hall,DE,Houston,78.0,283.0,4.88,,30.0,,7.25,4.44,DL,46.0,0.4333333333333332,,,,,,,,,,,,,,,,,,,,,,,8.0,50.0,49.0,99.0,20.5,,
2022,2,34,GNB,False,WR,WR,O,North Dakota St.,23.0,2025.0,0,0,3,22.0,Christian Watson,WR,North Dakota St.,76.0,208.0,4.36,,38.5,136.0,,,,,,,,,,,,,,,,,,,,,,,,,,,,,,,,,,
2022,2,35,TEN,False,CB,DB,D,Auburn,22.0,2025.0,0,0,2,13.0,Roger McCreary,CB,Auburn,71.0,190.0,4.5,,,,,,DB,42.0,18.68125,,,,,,,,,,,,,,,,,,,,,,,,,,,,6.0,32.0
2022,2,36,NYJ,False,RB,RB,O,Iowa St.,21.0,2025.0,0,0,2,28.0,Breece Hall,RB,Iowa St.,71.0,217.0,4.39,,40.0,126.0,,,RB,36.0,12.903333333333334,,,,,,,,,,718.0,3933.0,5.5,50.0,82.0,734.0,9.0,6.0,,,,,,,,,,,,
2022,2,37,HOU,False,S,DB,D,Baylor,23.0,2025.0,0,0,3,21.0,Jalen Pitre,S,Baylor,71.0,198.0,,16.0,35.0,,6.74,4.18,LB,29.0,4.471875,,,,,,,,,,,,,,,,,,,,,,,2.0,43.0,17.0,60.0,6.5,,
2022,2,38,ATL,False,DE,DL,D,Penn St.,23.0,2025.0,0,0,0,10.0,Arnold Ebiketie,EDGE,Penn St.,74.0,250.0,,21.0,38.0,128.0,,,DE,36.0,-2.3875,,,,,,,,,,,,,,,,,,,,,,,15.5,76.0,45.0,121.0,28.0,,
2022,2,39,CHI,False,CB,DB,D,Washington,22.0,2025.0,0,0,2,12.0,Kyler Gordon,CB,Washington,72.0,194.0,4.52,,,,,,CB,33.0,17.093103448275862,,,,,,,,,,,,,,,,,,,,,,,,,,,,2.0,12.0
2022,2,40,SEA,False,DE,DL,D,Minnesota,23.0,2025.0,0,0,1,16.0,Boye Mafe,EDGE,Minnesota,76.0,261.0,4.53,,38.0,125.0,,,DL,42.0,10.133333333333333,,,,,,,,,,,,,,,,,,,,,,,15.0,59.0,28.0,87.0,19.5,,
2022,2,41,SEA,False,RB,RB,O,Michigan St.,21.0,2025.0,0,0,3,28.0,Kenneth Walker,RB,Michigan St.,69.0,211.0,4.38,,34.0,122.0,,,RB,33.0,1.6571428571428573,,,,,,,,,,480.0,2794.0,5.8,35.0,19.0,136.0,7.2,1.0,,,,,,,,,,,,
2022,2,42,MIN,False,CB,DB,D,Clemson,21.0,2024.0,0,0,0,2.0,Andrew Booth,CB,Clemson,72.0,194.0,,,,,,,CB,35.0,26.76666666666667,,,,,,,,,,,,,,,,,,,,,,,,,,,,5.0,9.0
2022,2,43,NYG,False,WR,WR,O,Kentucky,21.0,2025.0,0,0,0,20.0,Wan'Dale Robinson,WR,Kentucky,68.0,178.0,4.44,,34.5,118.0,,,WR,31.0,5.15,,,,,,,,,,,,,,,,,,195.0,2248.0,11.5,10.0,72.5,,,,,,,
2022,2,44,HOU,False,WR,WR,O,Alabama,22.0,2025.0,0,0,0,3.0,John Metchie,WR,Alabama,71.0,187.0,,,,,,,WR,39.0,30.35,,,,,,,,,,,,,,,,,,155.0,2081.0,13.4,14.0,53.4,,,,,,,
2022,2,45,BAL,False,LB,LB,D,Michigan,22.0,2025.0,0,0,0,3.0,David Ojabo,EDGE,Michigan,76.0,250.0,4.55,,35.0,122.0,,4.45,LB,20.0,10.7,,,,,,,,,,,,,,,,,,,,,,,11.0,25.0,11.0,36.0,12.0,,
2022,2,46,DET,False,DE,DL,D,Kentucky,22.0,2024.0,0,0,0,9.0,Joshua Paschal,DE,Kentucky,75.0,268.0,4.77,,37.5,123.0,,,LB,52.0,6.130952380952381,,,,,,,,,,,,,,,,,,,,,,,13.5,73.0,66.0,139.0,37.0,,
2022,2,47,WAS,False,DT,DL,D,Alabama,24.0,2025.0,0,0,0,2.0,Phidarian Mathis,DT,Alabama,76.0,310.0,,,23.5,109.0,,4.91,DL,54.0,32.829166666666666,,,,,,,,,,,,,,,,,,,,,,,10.5,53.0,76.0,129.0,17.5,,
2022,2,48,CHI,False,S,DB,D,Penn St.,23.0,2025.0,0,0,2,15.0,Jaquan Brisker,S,Penn St.,73.0,199.0,4.49,22.0,34.5,124.0,,,S,34.0,18.476000000000003,,,,,,,,,,,,,,,,,,,,,,,,,,,,5.0,14.0
2022,2,49,NOR,False,DB,DB,D,Tennessee,23.0,2025.0,0,0,3,19.0,Alontae Taylor,CB,Tennessee,72.0,199.0,4.36,,34.5,128.0,,,DB,45.0,5.765517241379311,,,,,,,,,,,,,,,,,,,,,,,,,,,,4.0,15.0
2022,2,50,NWE,False,WR,WR,O,Baylor,21.0,2025.0,0,0,1,3.0,Tyquan Thornton,WR,Baylor,74.0,181.0,4.28,,36.5,130.0,,,WR,47.0,6.935135135135136,,,,,,,,,,,,,,,,,,143.0,2242.0,15.7,19.0,47.7,,,,,,,
2022,2,51,PHI,False,OL,OL,O,Nebraska,23.0,2025.0,0,2,2,20.0,Cameron Jurgens,C,Nebraska,75.0,303.0,4.92,25.0,,,,,OL,19.0,,,,,,,,,,,,,,,,,,,,,,,,,,,,,,
2022,2,52,PIT,False,WR,WR,O,Georgia,21.0,2025.0,0,1,3,23.0,George Pickens,WR,Georgia,75.0,195.0,4.47,,33.0,125.0,,,WR,26.0,22.950000000000003,,,,,,,,,,,,,,,,,,90.0,1347.0,15.0,14.0,51.8,,,,,,,
2022,2,53,IND,False,WR,WR,O,Cincinnati,22.0,2025.0,0,0,3,26.0,Alec Pierce,WR,Cincinnati,75.0,211.0,4.41,,40.5,129.0,7.13,4.28,WR,45.0,10.0,,,,,,,,,,,,,,,,,,106.0,1851.0,17.5,12.0,41.1,,,,,,,
2022,2,54,KAN,False,WR,WR,O,Western Michigan,21.0,2025.0,0,0,0,4.0,Skyy Moore,WR,Western Michigan,70.0,195.0,4.41,,34.5,125.0,7.13,4.32,WR,30.0,-3.413513513513514,,,,,,,,,,,,,,,,,,171.0,2482.0,14.5,15.0,82.7,,,,,,,
2022,2,55,ARI,False,TE,TE,O,Colorado St.,22.0,2025.0,1,2,3,29.0,Trey McBride,TE,Colorado St.,76.0,246.0,,18.0,33.0,117.0,,,TE,40.0,-7.489743589743591,,,,,,,,,,,,,,,,,,164.0,2100.0,12.8,10.0,52.5,,,,,,,
2022,2,56,DAL,False,DE,DL,D,Mississippi,23.0,2025.0,0,0,0,7.0,Sam Williams,EDGE,Mississippi,76.0,261.0,4.46,,32.5,123.0,,,LB,35.0,2.8540540540540538,,,,,,,,,,,,,,,,,,,,,,,20.5,76.0,58.0,134.0,31.5,,
2022,2,57,TAM,False,OL,OL,O,Central Michigan,23.0,2025.0,0,0,2,22.0,Luke Goedeke,OG,Central Michigan,77.0,312.0,,26.0,,,,,OL,23.0,-4.4,,,,,,,,,,,,,,,,,,,,,,,,,,,,,
2022,2,58,ATL,False,LB,LB,D,Montana St.,23.0,2024.0,0,0,0,6.0,Troy Andersen,LB,Montana St.,76.0,243.0,4.42,,36.0,128.0,,,,,,,,,,,,,,,,,,,,,,,,,,,,,,,,,,
2022,2,59,MIN,False,G,OL,O,LSU,23.0,2025.0,0,0,3,16.0,Ed Ingram,OG,LSU,75.0,307.0,5.02,,20.5,102.0,7.81,4.76,G,21.0,,,,,,,,,,,,,,,,,,,,,,,,,,,,,,
2022,2,60,CIN,False,CB,DB,D,Nebraska,22.0,2025.0,0,0,3,15.0,Cam Taylor-Britt,CB,Nebraska,71.0,196.0,4.38,,,,,,DB,40.0,5.202083333333333,,,,,,,,,,,,,,,,,,,,,,,,,,,,6.0,21.0
2022,2,61,SFO,False,OLB,LB,D,USC,21.0,2025.0,0,0,0,3.0,Drake Jackson,EDGE,USC,75.0,254.0,,,36.5,127.0,,,DL,28.0,12.672222222222222,,,,,,,,,,,,,,,,,,,,,,,12.5,56.0,47.0,103.0,25.0,,
2022,2,62,KAN,False,S,DB,D,Cincinnati,23.0,2025.0,0,0,2,18.0,Bryan Cook,S,Cincinnati,73.0,206.0,,,,,,,S,25.0,13.85,,,,,,,,,,,,,,,,,,,,,,,,,,,,2.0,11.0
2022,2,63,BUF,False,RB,RB,O,Georgia,22.0,2025.0,0,3,2,43.0,James Cook,RB,Georgia,71.0,199.0,4.42,,33.0,124.0,,,RB,50.0,27.788679245283017,,,,,,,,,,230.0,1503.0,6.5,14.0,67.0,730.0,10.9,6.0,,,,,,,,,,,,
2022,2,64,DEN,False,OLB,LB,D,Oklahoma,22.0,2025.0,0,2,1,32.0,Nik Bonitto,EDGE,Oklahoma,75.0,248.0,4.54,,35.5,120.0,7.07,4.23,LB,40.0,22.032,,,,,,,,,,,,,,,,,,,,,,,18.5,68.0,49.0,117.0,32.0,,
2022,3,65,JAX,False,G,OL,O,Kentucky,24.0,2025.0,0,0,2,16.0,Luke Fortner,C,Kentucky,76.0,307.0,5.21,,24.0,102.0,7.75,4.95,G,22.0,2.2,,,,,,,,,,,,,,,,,,,,,,,,,,,,,
2022,3,66,MIN,False,LB,LB,D,Oklahoma,22.0,2025.0,0,0,0,3.0,Brian Asamoah,LB,Oklahoma,72.0,226.0,4.56,,36.5,124.0,,,LB,37.0,,,,,,,,,,,,,,,,,,,,,,,,5.0,100.0,79.0,179.0,13.0,,
2022,3,67,NYG,False,OL,OL,O,North Carolina,22.0,2024.0,0,0,0,5.0,Joshua Ezeudu,OG,North Carolina,76.0,308.0,5.19,,28.5,105.0,7.83,4.56,OL,21.0,,,,,,,,,,,,,,,,,,,,,,,,,,,,,,
2022,3,68,CLE,False,CB,DB,D,Mississippi St.,21.0,2024.0,0,0,2,13.0,Martin Emerson,CB,Mississippi St.,74.0,201.0,4.53,,,,,,CB,36.0,1.5944444444444443,,,,,,,,,,,,,,,,,,,,,,,,,,,,1.0,15.0
2022,3,69,TEN,False,T,OL,O,Ohio St.,22.0,2024.0,0,0,1,11.0,Nicholas Petit-Frere,OT,Ohio St.,77.0,316.0,5.14,,24.5,103.0,,,T,16.0,,,,,,,,,,,,,,,,,,,,,,,,,,,,,,
2022,3,70,JAX,False,LB,LB,D,Wyoming,23.0,2025.0,0,0,0,6.0,Chad Muma,LB,Wyoming,75.0,239.0,4.63,27.0,40.0,129.0,7.06,4.28,LB,44.0,-0.8083333333333335,,,,,,,,,,,,,,,,,,,,,,,5.5,147.0,119.0,266.0,19.0,,
2022,3,71,CHI,False,WR,WR,O,Tennessee,25.0,2025.0,0,0,0,3.0,Velus Jones,WR,Tennessee,72.0,204.0,4.31,,33.0,121.0,,,WR,62.0,9.669047619047618,,,,,,,,,,,,,,,,,,120.0,1434.0,12.0,11.0,23.1,,,,,,,
2022,3,72,SEA,False,OL,OL,O,Washington St.,23.0,2025.0,0,0,1,23.0,Abraham Lucas,OT,Washington St.,78.0,315.0,4.92,24.0,27.0,107.0,7.25,4.4,OL,16.0,,,,,,,,,,,,,,,,,,,,,,,,,,,,,,
2022,3,73,IND,False,TE,TE,O,Virginia,23.0,2025.0,0,0,0,2.0,Jelani Woods,TE,Virginia,79.0,259.0,4.61,24.0,,,,,WR,45.0,12.2,,,,,,,,,,,,,,,,,,75.0,959.0,12.8,12.0,21.3,,,,,,,
2022,3,74,ATL,False,QB,QB,O,Cincinnati,23.0,2024.0,0,0,1,12.0,Desmond Ridder,QB,Cincinnati,75.0,211.0,4.52,,36.0,127.0,7.15,4.29,QB,50.0,11.701694915254237,810.0,1304.0,62.1,10239.0,87.0,28.0,7.9,8.22,204.8,,,,,,,,,,,,,,,,,,,,
2022,3,75,HOU,False,LB,LB,D,Alabama,21.0,2025.0,0,0,2,14.0,Christian Harris,LB,Alabama,73.0,226.0,4.44,,34.5,132.0,,,LB,41.0,22.83333333333333,,,,,,,,,,,,,,,,,,,,,,,10.0,126.0,95.0,221.0,27.0,,
2022,3,76,BAL,False,DT,DL,D,Connecticut,22.0,2025.0,0,0,1,15.0,Travis Jones,DT,Connecticut,76.0,325.0,4.92,,28.5,110.0,7.33,4.58,DL,35.0,-23.72089552238806,,,,,,,,,,,,,,,,,,,,,,,8.5,47.0,86.0,133.0,18.0,,
2022,3,77,IND,False,OL,OL,O,Central Michigan,24.0,2025.0,0,0,3,25.0,Bernhard Raimann,OT,Central Michigan,78.0,303.0,5.05,30.0,30.5,117.0,7.46,4.49,TE,26.0,-9.851612903225806,,,,,,,,,,,,,,,,,,20.0,164.0,8.2,0.0,6.3,,,,,,,
2022,3,78,CLE,False,DE,DL,D,Ala-Birmingham,22.0,2025.0,0,0,0,11.0,Alex Wright,DE,Alabama-Birmingham,77.0,271.0,,15.0,,,,,LB,34.0,1.7705882352941178,,,,,,,,,,,,,,,,,,,,,,,11.5,48.0,42.0,90.0,20.0,,
2022,3,79,LAC,False,S,DB,D,Baylor,22.0,2023.0,0,0,0,1.0,JT Woods,S,Baylor,74.0,195.0,4.36,,39.5,128.0,,,S,50.0,,,,,,,,,,,,,,,,,,,,,,,,,,,,,9.0,5.0
2022,3,80,DEN,False,TE,TE,O,UCLA,22.0,2025.0,0,0,0,3.0,Greg Dulcich,TE,UCLA,76.0,243.0,4.69,16.0,34.0,122.0,7.05,4.37,TE,33.0,-1.5772727272727274,,,,,,,,,,,,,,,,,,77.0,1353.0,17.6,11.0,41.0,,,,,,,
2022,3,81,NYG,False,CB,DB,D,LSU,21.0,2025.0,0,0,1,12.0,Cordale Flott,CB,LSU,73.0,175.0,,,,,,,CB,35.0,19.55,,,,,,,,,,,,,,,,,,,,,,,,,,,,1.0,11.0
2022,3,82,ATL,False,DE,DL,D,Western Kentucky,23.0,2025.0,0,0,0,4.0,DeAngelo Malone,EDGE,Western Kentucky,75.0,243.0,,23.0,,,,,DL,62.0,-7.845238095238097,,,,,,,,,,,,,,,,,,,,,,,34.0,179.0,170.0,349.0,60.0,,
2022,3,83,PHI,False,LB,LB,D,Georgia,21.0,2025.0,0,0,1,14.0,Nakobe Dean,LB,Georgia,71.0,229.0,,,,,,,LB,39.0,22.95,,,,,,,,,,,,,,,,,,,,,,,7.5,90.0,78.0,168.0,13.5,,
2022,3,84,PIT,False,DT,DL,D,Texas A&M,22.0,2025.0,0,0,0,4.0,DeMarvin Leal,DT,Texas A&M,76.0,283.0,5.0,,27.5,106.0,,4.49,DL,34.0,,,,,,,,,,,,,,,,,,,,,,,,13.0,59.0,73.0,132.0,25.0,,
2022,3,85,NWE,False,CB,DB,D,Houston,23.0,2025.0,1,0,1,26.0,Marcus Jones,CB,Houston,68.0,174.0,,,,,,,CB,44.0,-0.9289340101522844,,,,,,,,,,,,,,,,,,,,,,,,,,,,10.0,32.0
2022,3,86,TEN,False,QB,QB,O,Liberty,23.0,2025.0,0,0,0,1.0,Malik Willis,QB,Liberty,73.0,219.0,,,,,,,QB,38.0,17.361538461538462,388.0,618.0,62.8,5191.0,48.0,18.0,8.4,8.64,136.6,,,,,,,,,,,,,,,,,,,,
2022,3,87,ARI,False,DE,DL,D,San Diego St.,22.0,2025.0,0,0,0,3.0,Cameron Thomas,DE,San Diego St.,76.0,267.0,,24.0,,,,,DL,35.0,0.1757575757575757,,,,,,,,,,,,,,,,,,,,,,,21.0,71.0,84.0,155.0,39.0,,
2022,3,88,DAL,False,WR,WR,O,South Alabama,23.0,2025.0,0,0,1,9.0,Jalen Tolbert,WR,South Alabama,73.0,194.0,4.49,,36.0,123.0,7.08,,WR,47.0,-16.9,,,,,,,,,,,,,,,,,,178.0,3140.0,17.6,22.0,66.8,,,,,,,
2022,3,89,BUF,False,LB,LB,D,Baylor,23.0,2025.0,0,0,2,25.0,Terrel Bernard,LB,Baylor,73.0,224.0,,22.0,35.5,123.0,7.03,4.25,LB,43.0,7.930555555555555,,,,,,,,,,,,,,,,,,,,,,,16.5,174.0,143.0,317.0,31.5,,
2022,3,90,LVR,False,OL,OL,O,Memphis,23.0,2025.0,0,0,3,20.0,Dylan Parham,OG,Memphis,75.0,311.0,4.93,,26.5,108.0,7.78,4.7,OL,23.0,4.116666666666667,,,,,,,,,,,,,,,,,,,,,,,,,,,,,
2022,3,91,TAM,False,RB,RB,O,Arizona St.,23.0,2025.0,0,0,2,26.0,Rachaad White,RB,Arizona St.,72.0,214.0,4.48,,38.0,125.0,,,RB,15.0,11.4,,,,,,,,,,224.0,1426.0,6.4,20.0,51.0,607.0,11.9,2.0,,,,,,,,,,,,
2022,3,92,GNB,False,OL,OL,O,UCLA,21.0,2025.0,0,0,1,16.0,Sean Rhyan,OG,UCLA,77.0,321.0,5.25,,33.5,110.0,7.55,4.81,OL,19.0,,,,,,,,,,,,,,,,,,,,,,,,,,,,,,
2022,3,93,SFO,False,RB,RB,O,LSU,21.0,2024.0,0,0,0,1.0,Tyrion Davis-Price,RB,LSU,72.0,211.0,4.48,,30.0,117.0,,,RB,35.0,17.782608695652176,,,,,,,,,,379.0,1744.0,4.6,15.0,28.0,185.0,6.6,0.0,,,,,,,,,,,,
2022,3,95,CIN,False,DE,DL,D,Florida,23.0,2025.0,0,0,1,9.0,Zachary Carter,DE,Florida,76.0,282.0,4.99,19.0,27.5,110.0,,,DE,46.0,21.95833333333333,,,,,,,,,,,,,,,,,,,,,,,17.5,39.0,68.0,107.0,27.0,,
2022,3,96,IND,False,DB,DB,D,Maryland,20.0,2025.0,0,0,1,15.0,Nick Cross,S,Maryland,72.0,212.0,4.34,,37.0,130.0,,,DB,29.0,-3.888888888888889,,,,,,,,,,,,,,,,,,,,,,,,,,,,6.0,12.0
2022,4,97,DET,False,DB,DB,D,Illinois,21.0,2025.0,1,0,3,26.0,Kerby Joseph,S,Illinois,73.0,203.0,,18.0,38.5,123.0,,,DB,32.0,-5.635294117647059,,,,,,,,,,,,,,,,,,,,,,,,,,,,5.0,6.0
2022,4,98,WAS,False,RB,RB,O,Alabama,23.0,2025.0,0,0,3,16.0,Brian Robinson,RB,Alabama,74.0,225.0,4.53,,30.0,119.0,,,RB,66.0,32.10886075949367,,,,,,,,,,545.0,2704.0,5.0,29.0,52.0,446.0,8.6,2.0,,,,,,,,,,,,
2022,4,99,CLE,False,WR,WR,O,Purdue,21.0,2024.0,0,0,0,3.0,David Bell,WR,Purdue,73.0,212.0,4.65,,33.0,118.0,7.14,4.57,WR,29.0,0.8,,,,,,,,,,,,,,,,,,232.0,2946.0,12.7,21.0,101.6,,,,,,,
2022,4,100,ARI,False,DE,DL,D,Cincinnati,24.0,2023.0,0,0,0,2.0,Myjai Sanders,EDGE,Cincinnati,77.0,228.0,4.67,,33.0,120.0,,4.37,DE,48.0,10.294117647058824,,,,,,,,,,,,,,,,,,,,,,,13.5,60.0,55.0,115.0,24.0,,
2022,4,101,NYJ,False,TE,TE,O,Ohio St.,22.0,2025.0,0,0,1,4.0,Jeremy Ruckert,TE,Ohio St.,77.0,250.0,,19.0,,,,,TE,44.0,29.3,,,,,,,,,,,,,,,,,,54.0,615.0,11.4,12.0,14.0,,,,,,,
2022,4,102,MIA,False,LB,LB,D,Georgia,22.0,2025.0,0,0,0,3.0,Channing Tindall,LB,Georgia,74.0,230.0,4.47,,42.0,129.0,,,LB,50.0,26.26666666666667,,,,,,,,,,,,,,,,,,,,,,,12.0,54.0,54.0,108.0,16.0,,
2022,4,103,KAN,False,LB,LB,D,Wisconsin,21.0,2025.0,0,0,2,20.0,Leo Chenal,LB,Wisconsin,75.0,250.0,4.53,,40.5,128.0,,,LB,29.0,23.547619047619047,,,,,,,,,,,,,,,,,,,,,,,12.0,106.0,74.0,180.0,25.5,,
2022,4,104,LAR,False,OL,OL,O,Wisconsin,23.0,2024.0,0,0,0,2.0,Logan Bruss,OG,Wisconsin,77.0,309.0,5.32,,31.0,112.0,7.57,4.55,OL,16.0,,,,,,,,,,,,,,,,,,,,,,,,,,,,,,
2022,4,105,SFO,False,WR,WR,O,SMU,23.0,2022.0,0,0,0,0.0,Danny Gray,WR,SMU,72.0,186.0,4.33,,34.0,126.0,,,WR,18.0,9.2,,,,,,,,,,,,,,,,,,82.0,1251.0,15.3,13.0,69.5,,,,,,,
2022,4,106,TAM,False,TE,TE,O,Washington,23.0,2025.0,0,0,3,17.0,Cade Otton,TE,Washington,77.0,247.0,,,,,,,TE,39.0,15.452,,,,,,,,,,,,,,,,,,91.0,1026.0,11.3,9.0,26.3,,,,,,,
2022,4,107,HOU,False,RB,RB,O,Florida,22.0,2025.0,0,0,1,12.0,Dameon Pierce,RB,Florida,70.0,218.0,4.59,21.0,34.5,119.0,,,RB,50.0,22.396491228070172,,,,,,,,,,329.0,1806.0,5.5,23.0,45.0,422.0,9.4,5.0,,,,,,,,,,,,
2022,4,108,CLE,False,DT,DL,D,Oklahoma,22.0,2025.0,0,0,0,1.0,Perrion Winfrey,DT,Oklahoma,76.0,290.0,4.89,,,,,,DL,23.0,17.8,,,,,,,,,,,,,,,,,,,,,,,7.0,21.0,22.0,43.0,18.0,,
2022,4,109,SEA,False,CB,DB,D,Cincinnati,23.0,2025.0,0,0,0,13.0,Coby Bryant,CB,Cincinnati,73.0,193.0,4.54,17.0,,,,,S,63.0,8.72325581395349,,,,,,,,,,,,,,,,,,,,,,,,,,,,10.0,35.0
2022,4,110,BAL,False,T,OL,O,Minnesota,22.0,2025.0,0,0,1,18.0,Daniel Faalele,OT,Minnesota,80.0,384.0,,24.0,,,,,OL,13.0,,,,,,,,,,,,,,,,,,,,,,,,,,,,,,
2022,4,111,NYJ,False,T,OL,O,Louisiana,22.0,2025.0,0,0,0,7.0,Max Mitchell,OT,Louisiana,78.0,307.0,5.32,,25.0,106.0,8.09,4.65,OL,19.0,,,,,,,,,,,,,,,,,,,,,,,,,,,,,,
2022,4,112,NYG,False,TE,TE,O,San Diego St.,21.0,2025.0,0,0,2,9.0,Daniel Bellinger,TE,San Diego St.,77.0,253.0,4.63,22.0,34.5,125.0,7.05,4.47,TE,43.0,3.528205128205128,,,,,,,,,,,,,,,,,,68.0,771.0,11.3,5.0,17.9,,,,,,,
2022,4,113,WAS,False,S,DB,D,Louisiana,22.0,2025.0,0,0,1,7.0,Percy Butler,S,Louisiana,72.0,194.0,4.36,,31.5,123.0,,,DB,50.0,4.725,,,,,,,,,,,,,,,,,,,,,,,,,,,,3.0,13.0
2022,4,114,NYG,False,DB,DB,D,Iowa,21.0,2025.0,0,0,0,10.0,Dane Belton,S,Iowa,73.0,205.0,4.43,,36.5,123.0,7.01,4.24,DB,30.0,16.5,,,,,,,,,,,,,,,,,,,,,,,,,,,,5.0,12.0
2022,4,115,DEN,False,DB,DB,D,Pittsburgh,23.0,2024.0,0,0,1,7.0,Damarri Mathis,CB,Pittsburgh,71.0,196.0,4.39,,,,,,DB,46.0,4.027586206896552,,,,,,,,,,,,,,,,,,,,,,,,,,,,5.0,19.0
2022,4,116,DEN,False,DE,DL,D,Iowa St.,24.0,2025.0,0,0,0,3.0,Eyioma Uwazurike,DT,Iowa St.,78.0,316.0,,,33.0,107.0,,,DE,60.0,10.54516129032258,,,,,,,,,,,,,,,,,,,,,,,15.0,70.0,75.0,145.0,34.5,,
2022,4,117,NYJ,False,DT,DL,D,Texas A&M,25.0,2025.0,0,0,1,13.0,Micheal Clemons,DE,Texas A&M,77.0,263.0,,24.0,,116.0,,,DL,39.0,13.533333333333331,,,,,,,,,,,,,,,,,,,,,,,12.5,52.0,41.0,93.0,21.0,,
2022,4,118,MIN,False,DB,DB,D,Missouri,23.0,2025.0,0,0,1,6.0,Akayleb Evans,CB,Missouri,74.0,197.0,4.46,,36.0,129.0,,,DB,41.0,-4.7,,,,,,,,,,,,,,,,,,,,,,,,,,,,1.0,17.0
2022,4,119,BAL,False,DB,DB,D,Alabama,23.0,2025.0,0,0,0,2.0,Jalyn Armour-Davis,CB,Alabama,73.0,197.0,4.39,14.0,34.5,,,,DB,28.0,30.35,,,,,,,,,,,,,,,,,,,,,,,,,,,,3.0,6.0
2022,4,120,CAR,False,LB,LB,D,Penn St.,21.0,2023.0,0,0,0,1.0,Brandon Smith,LB,Penn St.,76.0,250.0,4.52,,37.5,128.0,,,LB,34.0,1.235754189944134,,,,,,,,,,,,,,,,,,,,,,,4.0,68.0,64.0,132.0,19.0,,
2022,4,121,NWE,False,DB,DB,D,Arizona St.,24.0,2025.0,0,0,1,2.0,Jack Jones,CB,Arizona St.,71.0,171.0,4.51,,,,,,CB,40.0,14.716438356164383,,,,,,,,,,,,,,,,,,,,,,,,,,,,10.0,28.0
2022,4,122,LVR,False,RB,RB,O,Georgia,22.0,2025.0,0,0,0,5.0,Zamir White,RB,Georgia,72.0,214.0,4.4,,33.5,128.0,,,RB,38.0,22.950000000000003,,,,,,,,,,382.0,2043.0,5.3,25.0,17.0,132.0,7.8,0.0,,,,,,,,,,,,
2022,4,123,LAC,False,RB,RB,O,Texas A&M,21.0,2023.0,0,0,0,1.0,Isaiah Spiller,RB,Texas A&M,72.0,217.0,,,30.0,114.0,,,RB,35.0,15.47272727272727,,,,,,,,,,541.0,2993.0,5.5,25.0,74.0,585.0,7.9,1.0,,,,,,,,,,,,
2022,4,124,CLE,False,K,K,S,LSU,21.0,2024.0,0,0,1,1.0,Cade York,K,LSU,73.0,206.0,,12.0,,,,,,,,,,,,,,,,,,,,,,,,,,,,,,,,,,,,
2022,4,125,MIA,False,WR,WR,O,Texas Tech,22.0,2024.0,0,0,0,0.0,Erik Ezukanma,WR,Texas Tech,74.0,209.0,,,36.5,126.0,,4.38,WR,35.0,0.2999999999999997,,,,,,,,,,,,,,,,,,138.0,2165.0,15.7,15.0,61.9,,,,,,,
2022,4,126,LVR,False,DT,DL,D,LSU,23.0,2024.0,0,0,0,1.0,Neil Farrell,DT,LSU,76.0,330.0,5.41,,21.5,,8.41,,DE,52.0,21.1,,,,,,,,,,,,,,,,,,,,,,,7.5,55.0,89.0,144.0,23.0,,
2022,4,127,NWE,False,RB,RB,O,South Dakota St.,23.0,2024.0,0,0,0,1.0,Pierre Strong,RB,South Dakota St.,71.0,207.0,4.37,,36.0,124.0,,,,,,,,,,,,,,,,,,,,,,,,,,,,,,,,,,
2022,4,128,BAL,False,TE,TE,O,Iowa St.,23.0,2025.0,0,0,0,4.0,Charlie Kolar,TE,Iowa St.,79.0,252.0,,,,,,,TE,49.0,10.775862068965518,,,,,,,,,,,,,,,,,,168.0,2181.0,13.0,23.0,44.5,,,,,,,
2022,5,129,DAL,False,TE,TE,O,Wisconsin,23.0,2025.0,0,2,2,19.0,Jake Ferguson,TE,Wisconsin,77.0,250.0,4.81,15.0,31.5,118.0,7.03,4.48,TE,47.0,20.071428571428573,,,,,,,,,,,,,,,,,,145.0,1618.0,11.2,13.0,34.4,,,,,,,
2022,5,130,BAL,False,P,P,S,Penn St.,24.0,2025.0,1,1,2,8.0,Jordan Stout,P,Penn St.,75.0,209.0,4.65,,,,,,,,,,,,,,,,,,,,,,,,,,,,,,,,,,,,,
2022,5,131,TEN,False,RB,RB,O,Michigan,22.0,2025.0,0,0,0,1.0,Hassan Haskins,RB,Michigan,74.0,228.0,,27.0,,,,,RB,33.0,15.42222222222222,,,,,,,,,,452.0,2324.0,5.1,30.0,24.0,171.0,7.1,0.0,,,,,,,,,,,,
2022,5,132,GNB,False,WR,WR,O,Nevada,22.0,2025.0,0,0,2,23.0,Romeo Doubs,WR,Nevada,74.0,201.0,,,,,,,WR,44.0,-3.273770491803279,,,,,,,,,,,,,,,,,,225.0,3322.0,14.8,26.0,75.5,,,,,,,
2022,5,133,TAM,False,P,P,S,Georgia,23.0,2024.0,0,0,2,8.0,Jake Camarda,P,Georgia,73.0,193.0,4.56,,,,,,,,,,,,,,,,,,,,,,,,,,,,,,,,,,,,,
2022,5,134,SFO,False,OL,OL,O,Texas-San Antonio,22.0,2025.0,0,0,2,17.0,Spencer Burford,OG,Texas-San Antonio,76.0,304.0,5.19,,27.5,105.0,,4.73,OL,23.0,,,,,,,,,,,,,,,,,,,,,,,,,,,,,,
2022,5,135,KAN,False,CB,DB,D,Fayetteville St.,22.0,2025.0,0,0,0,6.0,Joshua Williams,CB,Fayetteville St. University,75.0,195.0,4.53,,36.0,124.0,,,,,,,,,,,,,,,,,,,,,,,,,,,,,,,,,,
2022,5,136,CIN,False,T,OL,O,North Dakota St.,24.0,2024.0,0,0,3,22.0,Cordell Volson,OG,North Dakota St.,78.0,315.0,5.27,25.0,25.0,104.0,8.31,4.93,,,,,,,,,,,,,,,,,,,,,,,,,,,,,,,,
2022,5,137,NWE,False,QB,QB,O,Western Kentucky,23.0,2024.0,0,0,0,2.0,Bailey Zappe,QB,Western Kentucky,73.0,215.0,4.88,,30.0,109.0,7.19,4.4,QB,14.0,,475.0,687.0,69.1,5967.0,62.0,11.0,8.7,9.77,426.2,,,,,,,,,,,,,,,,,,,,
2022,5,138,PIT,False,WR,WR,O,Memphis,23.0,2025.0,0,0,0,12.0,Calvin Austin,WR,Memphis,68.0,170.0,4.32,,39.0,135.0,6.65,4.07,WR,45.0,10.349295774647889,,,,,,,,,,,,,,,,,,156.0,2541.0,16.3,22.0,56.5,,,,,,,
2022,5,139,BAL,False,TE,TE,O,Coastal Carolina,22.0,2025.0,0,0,1,15.0,Isaiah Likely,TE,Coastal Carolina,77.0,245.0,,,36.0,,,4.57,TE,48.0,-6.6000000000000005,,,,,,,,,,,,,,,,,,133.0,2050.0,15.4,27.0,42.7,,,,,,,
2022,5,140,GNB,False,OL,OL,O,Wake Forest,23.0,2025.0,0,0,2,26.0,Zach Tom,C,Wake Forest,76.0,304.0,4.94,,33.0,118.0,7.32,4.47,OL,35.0,3.6,,,,,,,,,,,,,,,,,,,,,,,,,,,,,
2022,5,141,BAL,False,CB,DB,D,Houston,24.0,2023.0,0,0,0,1.0,Damarion Williams,CB,Houston,70.0,182.0,,17.0,34.5,118.0,,,CB,34.0,-0.4025641025641025,,,,,,,,,,,,,,,,,,,,,,,,,,,,3.0,21.0
2022,5,142,LAR,False,DB,DB,D,South Carolina St.,24.0,2025.0,0,0,2,16.0,Cobie Durant,CB,South Carolina St.,70.0,180.0,4.38,,,,,,,,,,,,,,,,,,,,,,,,,,,,,,,,,,,,,
2022,5,143,TEN,False,TE,TE,O,Maryland,22.0,2025.0,0,0,1,16.0,Chigoziem Okonkwo,TE,Maryland,75.0,238.0,4.52,,35.5,,,,TE,38.0,-2.0727272727272723,,,,,,,,,,,,,,,,,,77.0,717.0,9.3,8.0,18.9,,,,,,,
2022,5,144,WAS,False,QB,QB,O,North Carolina,21.0,2024.0,0,0,1,12.0,Sam Howell,QB,North Carolina,73.0,218.0,,,,,,,QB,37.0,14.15,713.0,1117.0,63.8,10283.0,92.0,23.0,9.2,9.93,277.9,,,,,,,,,,,,,,,,,,,,
2022,5,145,KAN,False,T,OL,O,Kentucky,22.0,2025.0,0,0,0,0.0,Darian Kinnard,OG,Kentucky,77.0,322.0,5.31,,25.0,99.0,8.11,4.96,OL,36.0,9.1,,,,,,,,,,,,,,,,,,,,,,,,,,,,,
2022,5,146,NYG,False,LB,LB,D,Indiana,22.0,2025.0,0,0,2,18.0,Micah McFadden,LB,Indiana,73.0,240.0,,21.0,,,,,LB,45.0,9.489655172413793,,,,,,,,,,,,,,,,,,,,,,,14.0,149.0,67.0,216.0,37.0,,
2022,5,147,NYG,False,DT,DL,D,Arizona St.,22.0,2025.0,0,0,0,5.0,DJ Davidson,DT,Arizona St.,75.0,327.0,,23.0,28.0,,7.85,4.72,DL,37.0,7.566666666666667,,,,,,,,,,,,,,,,,,,,,,,5.0,62.0,75.0,137.0,15.5,,
2022,5,148,BUF,False,WR,WR,O,Boise St.,22.0,2025.0,0,0,2,25.0,Khalil Shakir,WR,Boise St.,72.0,196.0,4.43,,34.5,124.0,7.28,4.21,WR,43.0,9.23095238095238,,,,,,,,,,,,,,,,,,208.0,2878.0,13.8,20.0,66.9,,,,,,,
2022,5,149,WAS,False,TE,TE,O,Nevada,22.0,2025.0,0,0,0,1.0,Cole Turner,TE,Nevada,78.0,246.0,4.76,17.0,27.0,120.0,7.06,4.41,WR,45.0,-3.272727272727273,,,,,,,,,,,,,,,,,,117.0,1370.0,11.7,20.0,30.4,,,,,,,
2022,5,150,HOU,False,DE,DL,D,Stanford,22.0,2025.0,0,0,0,1.0,Thomas Booker,DT,Stanford,75.0,301.0,4.94,,,110.0,7.33,4.41,DE,43.0,5.7250000000000005,,,,,,,,,,,,,,,,,,,,,,,10.0,89.0,69.0,158.0,20.5,,
2022,5,151,ATL,False,RB,RB,O,BYU,22.0,2025.0,0,0,0,20.0,Tyler Allgeier,RB,BYU,71.0,224.0,4.6,,33.0,120.0,,,RB,28.0,7.423999999999999,,,,,,,,,,435.0,2785.0,6.4,36.0,43.0,370.0,8.6,0.0,,,,,,,,,,,,
2022,5,152,DEN,False,S,DB,D,Oklahoma,22.0,2025.0,0,0,0,2.0,Delarrin Turner-Yell,S,Oklahoma,70.0,197.0,4.47,,,122.0,,,S,40.0,21.216,,,,,,,,,,,,,,,,,,,,,,,,,,,,4.0,6.0
2022,5,153,SEA,False,CB,DB,D,Texas-San Antonio,23.0,2025.0,0,1,3,22.0,Tariq Woolen,CB,Texas-San Antonio,76.0,205.0,4.26,,42.0,,,,WR,22.0,-14.8,,,,,,,,,,,,,,,,,,24.0,263.0,11.0,1.0,12.0,,,,,,,
2022,5,154,JAX,False,RB,RB,O,Mississippi,22.0,2022.0,0,0,0,0.0,Snoop Conner,RB,Mississippi,70.0,222.0,4.59,25.0,29.5,118.0,,,RB,35.0,3.895238095238095,,,,,,,,,,304.0,1580.0,5.2,26.0,32.0,225.0,7.0,0.0,,,,,,,,,,,,
2022,5,155,DAL,False,OL,OL,O,North Dakota,22.0,2024.0,0,0,0,0.0,Matt Waletzko,OT,North Dakota,80.0,312.0,5.03,,30.0,113.0,,,,,,,,,,,,,,,,,,,,,,,,,,,,,,,,,,
2022,5,156,CLE,False,RB,RB,O,Cincinnati,22.0,2025.0,0,0,1,11.0,Jerome Ford,RB,Cincinnati,71.0,210.0,4.46,,31.0,118.0,,,RB,32.0,27.306666666666665,,,,,,,,,,318.0,1953.0,6.1,30.0,31.0,282.0,9.1,1.0,,,,,,,,,,,,
2022,5,157,TAM,False,DB,DB,D,Sam Houston St.,23.0,2025.0,0,0,2,17.0,Zyon McCollum,CB,Sam Houston St.,74.0,199.0,4.33,,39.5,132.0,6.48,3.94,,,,,,,,,,,,,,,,,,,,,,,,,,,,,,,,
2022,5,158,SEA,False,DE,DL,D,Ohio St.,22.0,2023.0,0,0,0,0.0,Tyreke Smith,EDGE,Ohio St.,75.0,254.0,4.86,,34.0,117.0,,,DE,39.0,29.3,,,,,,,,,,,,,,,,,,,,,,,7.0,28.0,27.0,55.0,11.0,,
2022,5,159,IND,False,DT,DL,D,Missouri State,24.0,2025.0,0,0,0,3.0,,,,,,,,,,,,,,,,,,,,,,,,,,,,,,,,,,,,,,,,,,,
2022,5,160,LAC,False,DT,DL,D,UCLA,22.0,2025.0,0,0,1,12.0,Otito Ogbonnia,DT,UCLA,76.0,324.0,,29.0,,,,,DL,43.0,-1.7999999999999998,,,,,,,,,,,,,,,,,,,,,,,4.5,39.0,40.0,79.0,8.5,,
2022,6,161,NOR,False,LB,LB,D,Appalachian St.,24.0,2025.0,0,0,0,3.0,D'Marco Jackson,LB,Appalachian St.,73.0,233.0,4.55,,33.0,125.0,,,LB,53.0,11.211627906976744,,,,,,,,,,,,,,,,,,,,,,,11.5,134.0,160.0,294.0,34.0,,
2022,6,162,DEN,False,WR,WR,O,Samford,23.0,2024.0,0,0,0,0.0,,,,,,,,,,,,,,,,,,,,,,,,,,,,,,,,,,,,,,,,,,,
2022,6,163,TEN,False,WR,WR,O,UCLA,23.0,2023.0,0,0,0,3.0,Kyle Philips,WR,UCLA,71.0,189.0,4.58,,33.5,124.0,,,WR,35.0,-1.8765625,,,,,,,,,,,,,,,,,,163.0,1821.0,11.2,17.0,52.0,,,,,,,
2022,6,164,LAR,False,RB,RB,O,Notre Dame,22.0,2025.0,0,1,2,31.0,Kyren Williams,RB,Notre Dame,69.0,194.0,4.65,,32.0,116.0,,,RB,28.0,19.232142857142858,,,,,,,,,,419.0,2153.0,5.1,27.0,78.0,675.0,8.7,4.0,,,,,,,,,,,,
2022,6,165,MIN,False,DT,DL,D,Minnesota,23.0,2025.0,0,0,0,0.0,Esezi Otomewo,DE,Minnesota,77.0,282.0,,,,,,,DL,46.0,9.654166666666669,,,,,,,,,,,,,,,,,,,,,,,7.5,50.0,31.0,81.0,13.5,,
2022,6,166,CIN,False,S,DB,D,Toledo,23.0,2025.0,0,0,0,2.0,Tycen Anderson,S,Toledo,74.0,209.0,4.36,,35.5,123.0,6.64,4.28,DB,55.0,-1.0853658536585369,,,,,,,,,,,,,,,,,,,,,,,,,,,,2.0,17.0
2022,6,167,DAL,False,DB,DB,D,Fresno St.,23.0,2025.0,1,1,1,21.0,,,,,,,,,,,,DB,13.0,,,,,,,,,,,,,,,,,,,,,,,,,,,,,2.0,5.0
2022,6,168,CHI,False,OL,OL,O,Southern Utah,23.0,2025.0,0,0,3,18.0,Braxton Jones,OT,Southern Utah St.,77.0,310.0,4.97,,25.5,108.0,,4.84,,,,,,,,,,,,,,,,,,,,,,,,,,,,,,,,
2022,6,169,MIN,False,RB,RB,O,North Carolina,24.0,2025.0,0,0,0,6.0,Tykevious Chandler,RB,North Carolina,71.0,204.0,4.38,,31.0,121.0,,,RB,59.0,4.835294117647059,,,,,,,,,,603.0,3138.0,5.2,26.0,73.0,681.0,9.3,4.0,,,,,,,,,,,,
2022,6,170,HOU,False,TE,TE,O,Oregon St.,22.0,2025.0,0,0,0,1.0,Teagan Quitoriano,TE,Oregon St.,78.0,258.0,,22.0,,,,,TE,42.0,-5.800000000000001,,,,,,,,,,,,,,,,,,40.0,512.0,12.8,6.0,12.2,,,,,,,
2022,6,171,DEN,False,OL,OL,O,Washington,24.0,2025.0,0,0,1,12.0,Luke Wattenberg,C,Washington,76.0,299.0,5.2,,29.5,113.0,7.45,4.57,OL,43.0,19.1,,,,,,,,,,,,,,,,,,,,,,,,,,,,,
2022,6,172,SFO,False,CB,DB,D,Toledo,23.0,2025.0,0,0,0,2.0,,,,,,,,,,,,DB,51.0,,,,,,,,,,,,,,,,,,,,,,,,,,,,,5.0,41.0
2022,6,173,NYG,False,OL,OL,O,North Carolina,23.0,2023.0,0,0,0,2.0,Marcus McKethan,OG,North Carolina,79.0,340.0,5.31,27.0,27.5,110.0,7.81,4.99,OL,24.0,,,,,,,,,,,,,,,,,,,,,,,,,,,,,,
2022,6,174,CHI,False,DE,DL,D,Miami (OH),24.0,2025.0,0,0,0,6.0,Dominique Robinson,EDGE,Miami (Ohio),77.0,253.0,4.72,25.0,41.0,121.0,,,WR,26.0,-8.223529411764707,,,,,,,,,,,,,,,,,,27.0,452.0,16.7,4.0,17.4,,,,,,,
2022,6,175,LVR,False,DT,DL,D,Tennessee,23.0,2025.0,0,0,0,1.0,Matthew Butler,DT,Tennessee,76.0,297.0,5.0,17.0,32.0,112.0,7.89,4.81,DL,53.0,4.6000000000000005,,,,,,,,,,,,,,,,,,,,,,,9.5,69.0,83.0,152.0,16.5,,
2022,6,176,DAL,False,LB,LB,D,LSU,22.0,2025.0,0,0,1,14.0,Damone Clark,LB,LSU,75.0,239.0,4.57,,36.5,127.0,7.12,,LB,50.0,21.1,,,,,,,,,,,,,,,,,,,,,,,10.0,123.0,126.0,249.0,23.5,,
2022,6,177,DET,False,TE,TE,O,Virginia Tech,23.0,2025.0,0,0,0,1.0,James Mitchell,TE,Virginia Tech,76.0,249.0,,,,,,,TE,25.0,8.03142857142857,,,,,,,,,,,,,,,,,,52.0,838.0,16.1,7.0,33.5,,,,,,,
2022,6,179,GNB,False,DE,DL,D,South Carolina,22.0,2025.0,0,0,0,12.0,Kingsley Enagbare,DE,South Carolina,76.0,258.0,4.87,,36.5,117.0,,,DL,44.0,8.05,,,,,,,,,,,,,,,,,,,,,,,15.0,73.0,48.0,121.0,24.0,,
2022,6,181,PHI,False,DE,DL,D,Kansas,24.0,2023.0,0,0,0,1.0,,,,,,,,,,,,LB,57.0,-12.461290322580645,,,,,,,,,,,,,,,,,,,,,,,11.5,126.0,65.0,191.0,22.0,,
2022,6,182,NYG,False,LB,LB,D,Cincinnati,23.0,2023.0,0,0,0,0.0,Darrian Beavers,LB,Cincinnati,76.0,237.0,,,36.5,125.0,6.91,,LB,62.0,-1.590624999999999,,,,,,,,,,,,,,,,,,,,,,,14.0,130.0,103.0,233.0,28.0,,
2022,6,183,NWE,False,RB,RB,O,South Carolina,21.0,2023.0,0,0,0,1.0,Kevin Harris,RB,South Carolina,70.0,221.0,,21.0,38.5,126.0,,,RB,28.0,3.44,,,,,,,,,,358.0,1976.0,5.5,23.0,35.0,274.0,7.8,1.0,,,,,,,,,,,,
2022,6,184,MIN,False,OL,OL,O,Illinois,23.0,2025.0,0,0,1,0.0,Vederian Lowe,OT,Illinois,77.0,314.0,5.22,,25.5,99.0,7.83,4.71,OL,19.0,,,,,,,,,,,,,,,,,,,,,,,,,,,,,,
2022,6,185,BUF,False,DB,DB,D,Villanova,21.0,2025.0,0,0,2,19.0,,,,,,,,,,,,,,,,,,,,,,,,,,,,,,,,,,,,,,,,,,,
2022,6,187,SFO,False,OL,OL,O,Fordham,23.0,2025.0,0,0,0,2.0,Nick Zakelj,OT,Fordham,78.0,316.0,5.13,27.0,28.5,110.0,7.75,4.71,,,,,,,,,,,,,,,,,,,,,,,,,,,,,,,,
2022,6,188,DET,False,LB,LB,D,Oklahoma St.,23.0,2025.0,0,0,1,12.0,Malcolm Rodriguez,LB,Oklahoma St.,71.0,232.0,4.52,,39.5,120.0,,,S,35.0,13.00263157894737,,,,,,,,,,,,,,,,,,,,,,,,,,,,1.0,4.0
2022,6,189,CAR,False,DE,DL,D,Virginia Tech,23.0,2024.0,0,0,0,2.0,Amaré Barno,EDGE,Virginia Tech,77.0,246.0,4.36,,37.0,131.0,,4.45,DL,23.0,13.7,,,,,,,,,,,,,,,,,,,,,,,10.0,48.0,30.0,78.0,21.5,,
2022,6,191,MIN,False,WR,WR,O,Michigan St.,23.0,2025.0,0,0,0,9.0,Jalen Nailor,WR,Michigan St.,71.0,186.0,4.5,,38.0,128.0,7.03,4.28,WR,28.0,4.095833333333334,,,,,,,,,,,,,,,,,,86.0,1453.0,16.9,12.0,51.9,,,,,,,
2022,6,192,IND,False,TE,TE,O,Youngstown St.,24.0,2025.0,0,0,1,2.0,,,,,,,,,,,,,,,,,,,,,,,,,,,,,,,,,,,,,,,,,,,
2022,7,193,DAL,False,LB,LB,D,Oklahoma St.,24.0,2023.0,0,0,0,0.0,,,,,,,,,,,,LB,59.0,14.711363636363636,,,,,,,,,,,,,,,,,,,,,,,13.5,141.0,75.0,216.0,26.5,,
2022,7,195,LAC,False,OL,OL,O,Georgia,22.0,2025.0,0,0,2,19.0,Jamaree Salyer,OG,Georgia,75.0,321.0,,31.0,,,,,OL,21.0,,,,,,,,,,,,,,,,,,,,,,,,,,,,,,
2022,7,197,JAX,False,CB,DB,D,Ouachita Baptist,23.0,2023.0,0,0,0,1.0,,,,,,,,,,,,,,,,,,,,,,,,,,,,,,,,,,,,,,,,,,,
2022,7,198,PHI,False,TE,TE,O,SMU,23.0,2025.0,0,0,1,5.0,Grant Calcaterra,TE,SMU,76.0,241.0,4.62,20.0,,,,,TE,45.0,24.62,,,,,,,,,,,,,,,,,,79.0,1102.0,13.9,13.0,24.5,,,,,,,
2022,7,199,CAR,False,OL,OL,O,Tennessee,23.0,2025.0,0,0,0,11.0,Cade Mays,OG,Tennessee,77.0,311.0,5.24,,26.0,102.0,7.57,4.71,OL,17.0,,,,,,,,,,,,,,,,,,,,,,,,,,,,,,
2022,7,200,NWE,False,DE,DL,D,NW Missouri St.,24.0,2025.0,0,0,0,1.0,,,,,,,,,,,,,,,,,,,,,,,,,,,,,,,,,,,,,,,,,,,
2022,7,201,ARI,False,RB,RB,O,USC,22.0,2024.0,0,0,0,2.0,Keaontay Ingram,RB,USC,72.0,221.0,4.53,,34.5,122.0,,,RB,42.0,11.027906976744186,,,,,,,,,,495.0,2722.0,5.5,16.0,89.0,671.0,7.5,6.0,,,,,,,,,,,,
2022,7,202,CLE,False,WR,WR,O,Oklahoma,22.0,2024.0,0,0,0,0.0,Mike Woods,WR,Oklahoma,73.0,204.0,4.55,,34.5,125.0,,,,,,,,,,,,,,,,,,,,,,,,,,,,,,,,,,
2022,7,203,CHI,False,RB,RB,O,Baylor,23.0,2022.0,0,0,0,0.0,Trestan Ebner,RB,Baylor,71.0,206.0,4.43,,30.0,,,,RB,61.0,3.6171717171717175,,,,,,,,,,343.0,1690.0,4.9,9.0,127.0,1515.0,11.9,11.0,,,,,,,,,,,,
2022,7,205,HOU,False,T,OL,O,LSU,23.0,2025.0,0,0,0,1.0,Austin Deculus,OT,LSU,77.0,321.0,5.08,,28.5,109.0,,4.99,OL,35.0,,,,,,,,,,,,,,,,,,,,,,,,,,,,,,
2022,7,206,DEN,False,DE,DL,D,Wisconsin,23.0,2023.0,0,0,0,2.0,,,,,,,,,,,,DE,42.0,20.70833333333333,,,,,,,,,,,,,,,,,,,,,,,8.0,36.0,55.0,91.0,13.0,,
2022,7,207,CHI,False,OL,OL,O,Illinois,24.0,2024.0,0,0,0,1.0,,,,,,,,,,,,OL,23.0,-7.4,,,,,,,,,,,,,,,,,,,,,,,,,,,,,
2022,7,208,PIT,False,TE,TE,O,Michigan St.,23.0,2025.0,0,0,0,3.0,Connor Heyward,TE,Michigan St.,71.0,233.0,4.72,,32.5,,,,RB,36.0,8.914606741573033,,,,,,,,,,210.0,818.0,3.9,5.0,61.0,385.0,6.3,4.0,,,,,,,,,,,,
2022,7,211,LAR,False,DB,DB,D,UCLA,23.0,2025.0,0,0,1,11.0,Quentin Lake,S,UCLA,73.0,201.0,4.59,,,,,,DB,41.0,-0.2638888888888888,,,,,,,,,,,,,,,,,,,,,,,,,,,,6.0,15.0
2022,7,212,LAR,False,DB,DB,D,Georgia,22.0,2025.0,0,0,1,6.0,Derion Kendrick,CB,Georgia,72.0,194.0,,,,,,,CB,39.0,28.276,,,,,,,,,,,,,,,,,,,,,,,,,,,,7.0,14.0
2022,7,213,ATL,False,TE,TE,O,Georgia,22.0,2025.0,0,0,0,0.0,,,,,,,,,,,,TE,36.0,22.95,,,,,,,,,,,,,,,,,,17.0,200.0,11.8,1.0,5.6,,,,,,,
2022,7,214,LAC,False,DB,DB,D,Wake Forest,23.0,2025.0,0,0,0,7.0,,,,,,,,,,,,DB,62.0,3.3068181818181817,,,,,,,,,,,,,,,,,,,,,,,,,,,,6.0,24.0
2022,7,215,ARI,False,OL,OL,O,Virginia Tech,24.0,2025.0,0,0,0,1.0,Lecitus Smith,OG,Virginia Tech,75.0,314.0,5.18,23.0,,99.0,7.88,4.78,OL,22.0,,,,,,,,,,,,,,,,,,,,,,,,,,,,,,
2022,7,217,DET,False,LB,LB,D,Jackson St.,23.0,2025.0,0,0,0,3.0,,,,,,,,,,,,,,,,,,,,,,,,,,,,,,,,,,,,,,,,,,,
2022,7,218,TAM,False,TE,TE,O,Minnesota,24.0,2025.0,0,0,1,1.0,,,,,,,,,,,,TE,42.0,4.16,,,,,,,,,,,,,,,,,,12.0,166.0,13.8,2.0,4.0,,,,,,,
2022,7,219,TEN,False,LB,LB,D,Mississippi,22.0,2023.0,0,0,0,0.0,Chance Campbell,LB,Mississippi,74.0,232.0,4.57,,39.5,127.0,,,LB,38.0,-1.7607142857142857,,,,,,,,,,,,,,,,,,,,,,,7.5,113.0,103.0,216.0,22.5,,
2022,7,220,SFO,False,DT,DL,D,Central Florida,23.0,2025.0,0,0,0,9.0,Kalia Davis,DT,Central Florida,73.0,302.0,,,,,,,LB,28.0,18.029411764705884,,,,,,,,,,,,,,,,,,,,,,,4.0,32.0,29.0,61.0,15.0,,
2022,7,222,JAX,False,DB,DB,D,Arkansas,23.0,2025.0,0,0,0,11.0,Montaric Brown,CB,Arkansas,72.0,196.0,4.55,,,,,,DB,42.0,-3.103125,,,,,,,,,,,,,,,,,,,,,,,,,,,,7.0,16.0
2022,7,223,CLE,False,DE,DL,D,Oklahoma,23.0,2024.0,0,0,0,1.0,Isaiah Thomas,EDGE,Oklahoma,77.0,266.0,4.7,,31.5,117.0,,,DE,43.0,21.35833333333333,,,,,,,,,,,,,,,,,,,,,,,18.5,45.0,36.0,81.0,26.5,,
2022,7,224,MIA,False,OLB,LB,D,California,24.0,2025.0,0,0,0,2.0,,,,,,,,,,,,LB,37.0,0.743181818181818,,,,,,,,,,,,,,,,,,,,,,,21.5,97.0,74.0,171.0,36.5,,
2022,7,225,PIT,False,LB,LB,D,Mississippi,23.0,2025.0,0,0,0,4.0,,,,,,,,,,,,LB,13.0,,,,,,,,,,,,,,,,,,,,,,,,3.0,42.0,48.0,90.0,8.5,,
2022,7,226,CHI,False,OL,OL,O,Southern,23.0,2023.0,0,0,0,2.0,Ja'Tyre Carter,OG,Southern,75.0,311.0,5.13,,30.0,108.0,7.84,4.9,,,,,,,,,,,,,,,,,,,,,,,,,,,,,,,,
2022,7,227,MIN,False,TE,TE,O,South Carolina,23.0,2024.0,0,0,0,0.0,,,,,,,,,,,,TE,31.0,0.48,,,,,,,,,,,,,,,,,,67.0,805.0,12.0,3.0,26.0,,,,,,,
2022,7,228,GNB,False,DB,DB,D,Georgia Tech,23.0,2023.0,0,0,0,1.0,,,,,,,,,,,,DB,52.0,-1.935,,,,,,,,,,,,,,,,,,,,,,,,,,,,4.0,18.0
2022,7,230,WAS,False,OL,OL,O,Tulsa,23.0,2025.0,0,0,0,10.0,Chris Paul,OG,Tulsa,76.0,323.0,4.89,,27.0,109.0,7.74,4.83,OL,18.0,,,,,,,,,,,,,,,,,,,,,,,,,,,,,,
2022,7,231,BUF,False,LB,LB,D,Clemson,23.0,2025.0,0,0,0,5.0,Baylon Spector,LB,Clemson,72.0,233.0,4.6,,36.0,122.0,,,LB,53.0,27.774074074074072,,,,,,,,,,,,,,,,,,,,,,,9.0,99.0,93.0,192.0,22.0,,
2022,7,232,DEN,False,CB,DB,D,Wisconsin,24.0,2024.0,0,0,0,0.0,,,,,,,,,,,,CB,44.0,19.924,,,,,,,,,,,,,,,,,,,,,,,,,,,,1.0,18.0
2022,7,233,SEA,False,WR,WR,O,Lenoir-Rhyne,23.0,2025.0,0,0,0,0.0,,,,,,,,,,,,,,,,,,,,,,,,,,,,,,,,,,,,,,,,,,,
2022,7,234,GNB,False,DT,DL,D,Miami (FL),22.0,2025.0,0,0,0,0.0,Jonathan Ford,DT,Miami,77.0,333.0,,,29.0,102.0,,,DL,50.0,13.125,,,,,,,,,,,,,,,,,,,,,,,3.0,21.0,39.0,60.0,8.0,,
2022,7,235,LAR,False,LB,LB,D,Montana St.,23.0,2025.0,0,0,0,0.0,,,,,,,,,,,,,,,,,,,,,,,,,,,,,,,,,,,,,,,,,,,
2022,7,236,LAC,False,DB,DB,D,Mississippi,22.0,2025.0,0,0,0,3.0,,,,,,,,,,,,DB,19.0,4.8,,,,,,,,,,,,,,,,,,,,,,,,,,,,0.0,11.0
2022,7,237,DET,False,DB,DB,D,Arizona St.,25.0,2025.0,0,0,0,1.0,Chase Lucas,CB,Arizona St.,71.0,180.0,4.48,,39.0,128.0,,,DB,52.0,4.979166666666667,,,,,,,,,,,,,,,,,,,,,,,,,,,,6.0,28.0
2022,7,238,LVR,False,OL,OL,O,Ohio St.,22.0,2025.0,0,0,1,10.0,Thayer Munford,OT,Ohio St.,78.0,328.0,5.39,,22.0,104.0,,,OL,17.0,28.399999999999995,,,,,,,,,,,,,,,,,,,,,,,,,,,,,
2022,7,239,IND,False,LB,LB,D,Yale,24.0,2025.0,0,0,2,11.0,,,,,,,,,,,,,,,,,,,,,,,,,,,,,,,,,,,,,,,,,,,
2022,7,240,WAS,False,CB,DB,D,Oklahoma St.,24.0,2023.0,0,0,0,3.0,,,,,,,,,,,,DB,59.0,12.346808510638295,,,,,,,,,,,,,,,,,,,,,,,,,,,,3.0,30.0
2022,7,243,KAN,False,DB,DB,D,Washington St.,23.0,2025.0,0,0,1,13.0,Jaylen Watson,CB,Washington St.,74.0,197.0,4.51,18.0,,,,,DB,15.0,4.2,,,,,,,,,,,,,,,,,,,,,,,,,,,,2.0,5.0
2022,7,244,ARI,False,DB,DB,D,Valdosta St.,25.0,2023.0,0,0,0,2.0,,,,,,,,,,,,,,,,,,,,,,,,,,,,,,,,,,,,,,,,,,,
2022,7,247,MIA,False,QB,QB,O,Kansas St.,25.0,2024.0,0,0,0,3.0,Skylar Thompson,QB,Kansas St.,74.0,217.0,4.91,,31.0,112.0,7.0,4.28,QB,45.0,,552.0,885.0,62.4,7134.0,42.0,16.0,8.1,8.2,158.5,,,,,,,,,,,,,,,,,,,,
2022,7,249,GNB,False,OL,OL,O,Penn St.,22.0,2025.0,0,0,2,29.0,Rasheed Walker,OT,Penn St.,78.0,313.0,,,,,,,OL,18.0,13.9,,,,,,,,,,,,,,,,,,,,,,,,,,,,,
2022,7,250,LVR,False,RB,RB,O,UCLA,24.0,2025.0,0,0,0,0.0,,,,,,,,,,,,RB,42.0,3.33013698630137,,,,,,,,,,406.0,2284.0,5.6,21.0,41.0,431.0,10.5,2.0,,,,,,,,,,,,
2022,7,251,KAN,False,RB,RB,O,Rutgers,23.0,2025.0,0,0,2,21.0,Isiah Pacheco,RB,Rutgers,70.0,216.0,4.37,,33.0,118.0,,,RB,44.0,,,,,,,,,,,563.0,2442.0,4.3,18.0,47.0,249.0,5.3,1.0,,,,,,,,,,,,
2022,7,252,CIN,False,OLB,LB,D,Coastal Carolina,23.0,2022.0,0,0,0,1.0,Jeffrey Gunter,EDGE,Coastal Carolina,76.0,258.0,4.7,,35.5,122.0,7.21,4.35,DE,48.0,-2.6555555555555554,,,,,,,,,,,,,,,,,,,,,,,18.0,96.0,78.0,174.0,40.0,,
2022,7,253,LAR,False,DB,DB,D,Kansas St.,23.0,2024.0,0,0,1,4.0,,,,,,,,,,,,CB,58.0,4.1866666666666665,,,,,,,,,,,,,,,,,,,,,,,,,,,,6.0,19.0
2022,7,254,CHI,False,S,DB,D,California,22.0,2025.0,0,0,0,8.0,,,,,,,,,,,,CB,54.0,1.5512195121951218,,,,,,,,,,,,,,,,,,,,,,,,,,,,5.0,14.0
2022,7,255,CHI,False,P,P,S,North Carolina St.,23.0,2024.0,0,0,2,4.0,Trenton Gill,P,North Carolina St.,76.0,220.0,,,,,,,,,,,,,,,,,,,,,,,,,,,,,,,,,,,,,,
2022,7,256,ARI,False,LB,LB,D,Penn St.,23.0,2024.0,0,0,0,3.0,Jesse Luketa,LB,Penn St.,75.0,253.0,4.89,,37.5,114.0,,,LB,47.0,19.43448275862069,,,,,,,,,,,,,,,,,,,,,,,0.5,85.0,66.0,151.0,11.5,,
2022,7,258,GNB,False,WR,WR,O,Nebraska,24.0,2025.0,0,0,0,2.0,,,,,,,,,,,,WR,12.0,,,,,,,,,,,,,,,,,,,46.0,898.0,19.5,5.0,74.8,,,,,,,
2022,7,259,KAN,False,S,DB,D,Marshall,24.0,2025.0,0,0,0,3.0,,,,,,,,,,,,S,56.0,1.202,,,,,,,,,,,,,,,,,,,,,,,,,,,,7.0,19.0
2022,7,260,LAC,False,RB,RB,O,Purdue,23.0,2022.0,0,0,0,0.0,,,,,,,,,,,,RB,38.0,2.7700000000000005,,,,,,,,,,268.0,1181.0,4.4,8.0,68.0,592.0,8.7,1.0,,,,,,,,,,,,
2022,7,261,LAR,False,OT,OL,O,Michigan St.,25.0,2024.0,0,0,0,1.0,,,,,,,,,,,,T,20.0,,,,,,,,,,,,,,,,,,,,,,,,,,,,,,
2022,7,262,SFO,False,QB,QB,O,Iowa St.,22.0,2025.0,0,1,2,44.0,Brock Purdy,QB,Iowa St.,73.0,212.0,4.84,,27.0,,7.21,4.45,QB,48.0,11.540384615384616,993.0,1467.0,67.7,12170.0,81.0,33.0,8.3,8.39,253.5,,,,,,,,,,,,,,,,,,,,
2023,1,1,CAR,False,QB,QB,O,Alabama,22.0,2025.0,0,0,1,23.0,Bryce Young,QB,Alabama,70.0,204.0,,,,,,,,,,,,,,,,,,,,,,,,,,,,,,,,,,,,,,
2023,1,2,HOU,False,QB,QB,O,Ohio St.,21.0,2025.0,0,1,2,33.0,C.J. Stroud,QB,Ohio St.,75.0,214.0,,,,,,,,,,,,,,,,,,,,,,,,,,,,,,,,,,,,,,
2023,1,3,HOU,False,LB,LB,D,Alabama,22.0,2025.0,1,2,2,37.0,Will Anderson Jr.,EDGE,Alabama,76.0,253.0,4.6,,,,,,,,,,,,,,,,,,,,,,,,,,,,,,,,,,,,,
2023,1,4,IND,False,QB,QB,O,Florida,21.0,2025.0,0,0,1,9.0,Anthony Richardson,QB,Florida,76.0,244.0,4.43,,40.5,129.0,,,,,,,,,,,,,,,,,,,,,,,,,,,,,,,,,,
2023,1,5,SEA,False,DB,DB,D,Illinois,22.0,2025.0,0,3,2,26.0,Devon Witherspoon,CB,Illinois,72.0,181.0,,,,,,,,,,,,,,,,,,,,,,,,,,,,,,,,,,,,,,
2023,1,6,ARI,False,OL,OL,O,Ohio St.,22.0,2025.0,0,0,2,19.0,Paris Johnson Jr.,OT,Ohio St.,78.0,313.0,,,,110.0,,,,,,,,,,,,,,,,,,,,,,,,,,,,,,,,,,
2023,1,7,LVR,False,OLB,LB,D,Texas Tech,23.0,2025.0,0,0,0,8.0,Tyree Wilson,EDGE,Texas Tech,78.0,271.0,,23.0,,,,,,,,,,,,,,,,,,,,,,,,,,,,,,,,,,,,
2023,1,8,ATL,False,RB,RB,O,Texas,21.0,2025.0,1,2,2,36.0,Bijan Robinson,RB,Texas,71.0,215.0,4.46,,37.0,124.0,,,,,,,,,,,,,,,,,,,,,,,,,,,,,,,,,,
2023,1,9,PHI,False,DL,DL,D,Georgia,22.0,2025.0,0,2,1,24.0,Jalen Carter,DT,Georgia,75.0,314.0,,,,,,,,,,,,,,,,,,,,,,,,,,,,,,,,,,,,,,
2023,1,10,CHI,False,OL,OL,O,Tennessee,22.0,2025.0,0,0,2,24.0,Darnell Wright,OT,Tennessee,77.0,333.0,5.01,,29.0,114.0,,,,,,,,,,,,,,,,,,,,,,,,,,,,,,,,,,
2023,1,11,TEN,False,OL,OL,O,Northwestern,22.0,2025.0,0,0,2,15.0,Peter Skoronski,OT,Northwestern,76.0,313.0,5.16,,34.5,115.0,7.8,,,,,,,,,,,,,,,,,,,,,,,,,,,,,,,,,
2023,1,12,DET,False,RB,RB,O,Alabama,21.0,2025.0,0,3,0,40.0,Jahmyr Gibbs,RB,Alabama,69.0,199.0,4.36,,33.5,,,,,,,,,,,,,,,,,,,,,,,,,,,,,,,,,,,
2023,1,13,GNB,False,DL,DL,D,Iowa,22.0,2025.0,0,0,0,4.0,,,,,,,,,,,,,,,,,,,,,,,,,,,,,,,,,,,,,,,,,,,
2023,1,14,PIT,False,OL,OL,O,Georgia,22.0,2025.0,0,0,2,18.0,Broderick Jones,OT,Georgia,77.0,311.0,4.97,,30.0,108.0,,,,,,,,,,,,,,,,,,,,,,,,,,,,,,,,,,
2023,1,15,NYJ,False,DE,DL,D,Iowa St.,24.0,2025.0,0,0,1,15.0,,,,,,,,,,,,,,,,,,,,,,,,,,,,,,,,,,,,,,,,,,,
2023,1,16,WAS,False,CB,DB,D,Mississippi St.,22.0,2025.0,0,0,0,3.0,Emmanuel Forbes,CB,Mississippi St.,73.0,166.0,4.35,,37.5,131.0,,,,,,,,,,,,,,,,,,,,,,,,,,,,,,,,,,
2023,1,17,NWE,False,DB,DB,D,Oregon,21.0,2025.0,0,1,1,19.0,Christian Gonzalez,CB,Oregon,73.0,197.0,4.38,14.0,41.5,133.0,,,,,,,,,,,,,,,,,,,,,,,,,,,,,,,,,,
2023,1,18,DET,False,LB,LB,D,Iowa,23.0,2025.0,1,1,2,26.0,Jack Campbell,LB,Iowa,77.0,249.0,4.65,,37.5,128.0,6.74,4.24,,,,,,,,,,,,,,,,,,,,,,,,,,,,,,,,
2023,1,19,TAM,False,DL,DL,D,Pittsburgh,22.0,2025.0,0,0,1,13.0,Calijah Kancey,DT,Pittsburgh,73.0,281.0,4.67,,,,,,,,,,,,,,,,,,,,,,,,,,,,,,,,,,,,,
2023,1,20,SEA,False,WR,WR,O,Ohio St.,21.0,2025.0,1,2,1,30.0,Jaxon Smith-Njigba,WR,Ohio St.,73.0,196.0,,,35.0,125.0,6.57,3.93,,,,,,,,,,,,,,,,,,,,,,,,,,,,,,,,
2023,1,21,LAC,False,WR,WR,O,TCU,22.0,2025.0,0,0,2,16.0,Quentin Johnston,WR,TCU,75.0,208.0,,,40.5,134.0,,,,,,,,,,,,,,,,,,,,,,,,,,,,,,,,,,
2023,1,22,BAL,False,WR,WR,O,Boston Col.,22.0,2025.0,0,2,2,33.0,Zay Flowers,WR,Boston Col.,69.0,182.0,4.42,,35.5,127.0,,,,,,,,,,,,,,,,,,,,,,,,,,,,,,,,,,
2023,1,23,MIN,False,WR,WR,O,USC,21.0,2025.0,0,0,2,20.0,Jordan Addison,WR,USC,71.0,173.0,4.49,,34.0,122.0,,,,,,,,,,,,,,,,,,,,,,,,,,,,,,,,,,
2023,1,24,NYG,False,DB,DB,D,Maryland,22.0,2025.0,0,0,2,12.0,Deonte Banks,CB,Maryland,72.0,197.0,4.35,,42.0,136.0,,,,,,,,,,,,,,,,,,,,,,,,,,,,,,,,,,
2023,1,25,BUF,False,TE,TE,O,Utah,23.0,2025.0,0,1,2,17.0,Dalton Kincaid,TE,Utah,76.0,246.0,,,,,,,,,,,,,,,,,,,,,,,,,,,,,,,,,,,,,,
2023,1,26,DAL,False,DL,DL,D,Michigan,22.0,2025.0,0,0,1,9.0,Mazi Smith,DT,Michigan,75.0,323.0,,34.0,,,,,,,,,,,,,,,,,,,,,,,,,,,,,,,,,,,,
2023,1,27,JAX,False,OL,OL,O,Oklahoma,21.0,2025.0,0,0,2,23.0,Anton Harrison,OT,Oklahoma,76.0,315.0,4.98,,28.5,105.0,,,,,,,,,,,,,,,,,,,,,,,,,,,,,,,,,,
2023,1,28,CIN,False,DE,DL,D,Clemson,21.0,2025.0,0,0,0,7.0,Myles Murphy,EDGE,Clemson,77.0,268.0,,25.0,,,,,,,,,,,,,,,,,,,,,,,,,,,,,,,,,,,,
2023,1,29,NOR,False,DT,DL,D,Clemson,21.0,2025.0,0,0,1,15.0,Bryan Bresee,DT,Clemson,78.0,298.0,4.86,22.0,29.0,,,,,,,,,,,,,,,,,,,,,,,,,,,,,,,,,,,
2023,1,30,PHI,False,OLB,LB,D,Georgia,22.0,2025.0,0,0,0,13.0,Nolan Smith,EDGE,Georgia,74.0,238.0,4.39,,41.5,128.0,,,,,,,,,,,,,,,,,,,,,,,,,,,,,,,,,,
2023,1,31,KAN,False,DE,DL,D,Kansas St.,21.0,2024.0,0,0,0,4.0,Felix Anudike-Uzomah,EDGE,Kansas St.,75.0,255.0,,,,,,,,,,,,,,,,,,,,,,,,,,,,,,,,,,,,,,
2023,1,32,PIT,False,CB,DB,D,Penn St.,23.0,2025.0,0,0,2,14.0,Joey Porter Jr.,CB,Penn St.,75.0,193.0,4.46,17.0,35.0,129.0,,,,,,,,,,,,,,,,,,,,,,,,,,,,,,,,,,
2023,2,33,TEN,False,QB,QB,O,Kentucky,24.0,2024.0,0,0,2,11.0,Will Levis,QB,Kentucky,76.0,229.0,,,34.0,124.0,,,,,,,,,,,,,,,,,,,,,,,,,,,,,,,,,,
2023,2,34,DET,False,TE,TE,O,Iowa,22.0,2025.0,0,1,2,21.0,Sam LaPorta,TE,Iowa,75.0,245.0,4.59,,35.0,123.0,6.91,4.25,,,,,,,,,,,,,,,,,,,,,,,,,,,,,,,,
2023,2,35,LVR,False,TE,TE,O,Notre Dame,22.0,2025.0,0,0,1,7.0,Michael Mayer,TE,Notre Dame,77.0,249.0,4.7,,32.5,118.0,,,,,,,,,,,,,,,,,,,,,,,,,,,,,,,,,,
2023,2,36,LAR,False,C,OL,O,TCU,23.0,2025.0,0,0,1,19.0,,,,,,,,,,,,,,,,,,,,,,,,,,,,,,,,,,,,,,,,,,,
2023,2,37,SEA,False,DE,DL,D,Auburn,22.0,2025.0,0,0,1,13.0,Derick Hall,EDGE,Auburn,75.0,254.0,4.55,,33.5,127.0,,,,,,,,,,,,,,,,,,,,,,,,,,,,,,,,,,
2023,2,38,ATL,False,OL,OL,O,Syracuse,23.0,2025.0,0,0,2,17.0,Matthew Bergeron,OT,Syracuse,77.0,318.0,,,30.5,103.0,,,,,,,,,,,,,,,,,,,,,,,,,,,,,,,,,,
2023,2,39,CAR,False,WR,WR,O,Mississippi,22.0,2025.0,0,0,1,4.0,Jonathan Mingo,WR,Mississippi,74.0,220.0,4.46,22.0,39.5,129.0,,,,,,,,,,,,,,,,,,,,,,,,,,,,,,,,,,
2023,2,40,NOR,False,DL,DL,D,Notre Dame,22.0,2025.0,0,0,0,2.0,Isaiah Foskey,EDGE,Notre Dame,77.0,264.0,4.58,22.0,34.0,125.0,7.28,4.41,,,,,,,,,,,,,,,,,,,,,,,,,,,,,,,,
2023,2,41,ARI,False,DE,DL,D,LSU,21.0,2025.0,0,0,0,1.0,BJ Ojulari,EDGE,LSU,74.0,248.0,,,32.5,126.0,,,,,,,,,,,,,,,,,,,,,,,,,,,,,,,,,,
2023,2,42,GNB,False,TE,TE,O,Oregon St.,23.0,2025.0,0,0,1,6.0,Luke Musgrave,TE,Oregon St.,78.0,253.0,4.61,,36.0,125.0,,,,,,,,,,,,,,,,,,,,,,,,,,,,,,,,,,
2023,2,43,NYJ,False,OL,OL,O,Wisconsin,22.0,2025.0,0,0,2,16.0,Joe Tippmann,C,Wisconsin,78.0,313.0,,,,,,,,,,,,,,,,,,,,,,,,,,,,,,,,,,,,,,
2023,2,44,IND,False,DB,DB,D,Kansas St.,23.0,2025.0,0,0,0,3.0,Julius Brents,CB,Kansas St.,75.0,198.0,4.53,,41.5,138.0,6.63,4.05,,,,,,,,,,,,,,,,,,,,,,,,,,,,,,,,
2023,2,45,DET,False,DB,DB,D,Alabama,21.0,2025.0,0,1,2,15.0,Brian Branch,CB,Alabama,72.0,190.0,4.58,14.0,34.5,125.0,,,,,,,,,,,,,,,,,,,,,,,,,,,,,,,,,,
2023,2,46,NWE,False,DL,DL,D,Georgia Tech,24.0,2025.0,0,0,1,10.0,Keion White,EDGE,Georgia Tech,77.0,285.0,,30.0,34.0,117.0,,,,,,,,,,,,,,,,,,,,,,,,,,,,,,,,,,
2023,2,47,WAS,False,DB,DB,D,Illinois,23.0,2025.0,0,0,1,11.0,Jartavius Martin,DB,Illinois,71.0,194.0,4.46,15.0,44.0,133.0,,,,,,,,,,,,,,,,,,,,,,,,,,,,,,,,,,
2023,2,48,TAM,False,T,OL,O,North Dakota St.,24.0,2025.0,0,0,2,16.0,,,,,,,,,,,,,,,,,,,,,,,,,,,,,,,,,,,,,,,,,,,
2023,2,49,PIT,False,NT,DL,D,Wisconsin,22.0,2025.0,0,0,2,17.0,Keeanu Benton,DT,Wisconsin,76.0,309.0,5.08,25.0,29.5,111.0,7.34,4.65,,,,,,,,,,,,,,,,,,,,,,,,,,,,,,,,
2023,2,50,GNB,False,WR,WR,O,Michigan St.,23.0,2025.0,0,0,1,19.0,Jayden Reed,WR,Michigan St.,71.0,187.0,4.45,,33.5,121.0,,4.29,,,,,,,,,,,,,,,,,,,,,,,,,,,,,,,,
2023,2,51,MIA,False,DB,DB,D,South Carolina,22.0,2024.0,0,0,0,1.0,Cam Smith,CB,South Carolina,73.0,180.0,4.43,,38.0,134.0,,,,,,,,,,,,,,,,,,,,,,,,,,,,,,,,,,
2023,2,52,SEA,False,RB,RB,O,UCLA,22.0,2025.0,0,0,0,16.0,Zach Charbonnet,RB,UCLA,72.0,214.0,4.53,,37.0,122.0,,,,,,,,,,,,,,,,,,,,,,,,,,,,,,,,,,
2023,2,53,CHI,False,DL,DL,D,Florida,21.0,2025.0,0,0,1,17.0,Gervon Dexter,DT,Florida,78.0,310.0,4.88,22.0,31.0,110.0,7.5,,,,,,,,,,,,,,,,,,,,,,,,,,,,,,,,,
2023,2,54,LAC,False,DL,DL,D,USC,21.0,2025.0,0,1,2,21.0,Tuli Tuipulotu,EDGE,USC,75.0,266.0,,,,,,,,,,,,,,,,,,,,,,,,,,,,,,,,,,,,,,
2023,2,55,KAN,False,WR,WR,O,SMU,23.0,2025.0,0,0,0,16.0,Rashee Rice,WR,SMU,73.0,204.0,4.51,,41.0,128.0,,,,,,,,,,,,,,,,,,,,,,,,,,,,,,,,,,
2023,2,56,CHI,False,CB,DB,D,Miami (FL),23.0,2025.0,0,0,2,14.0,Tyrique Stevenson,CB,Miami,72.0,198.0,4.45,,38.5,125.0,7.09,4.41,,,,,,,,,,,,,,,,,,,,,,,,,,,,,,,,
2023,2,57,NYG,False,OL,OL,O,Minnesota,24.0,2025.0,0,0,2,14.0,,,,,,,,,,,,,,,,,,,,,,,,,,,,,,,,,,,,,,,,,,,
2023,2,58,DAL,False,TE,TE,O,Michigan,24.0,2025.0,0,0,0,4.0,Luke Schoonmaker,TE,Michigan,77.0,251.0,4.63,,33.5,127.0,,4.27,,,,,,,,,,,,,,,,,,,,,,,,,,,,,,,,
2023,2,59,BUF,False,OL,OL,O,Florida,23.0,2025.0,0,0,2,23.0,O'Cyrus Torrence,OG,Florida,77.0,330.0,5.31,,23.5,101.0,,4.81,,,,,,,,,,,,,,,,,,,,,,,,,,,,,,,,
2023,2,60,CIN,False,DB,DB,D,Michigan,22.0,2025.0,0,0,2,12.0,DJ Turner,CB,Michigan,71.0,178.0,4.26,,38.5,131.0,,,,,,,,,,,,,,,,,,,,,,,,,,,,,,,,,,
2023,2,61,JAX,False,TE,TE,O,Penn St.,22.0,2025.0,0,0,1,8.0,Brenton Strange,TE,Penn St.,76.0,253.0,4.7,23.0,36.0,124.0,7.25,4.46,,,,,,,,,,,,,,,,,,,,,,,,,,,,,,,,
2023,2,62,HOU,False,OL,OL,O,Penn St.,23.0,2025.0,0,0,1,7.0,Juice Scruggs,C,Penn St.,75.0,301.0,5.22,,32.0,102.0,7.75,4.82,,,,,,,,,,,,,,,,,,,,,,,,,,,,,,,,
2023,2,63,DEN,False,WR,WR,O,Oklahoma,21.0,2025.0,1,2,0,13.0,Marvin Mims,WR,Oklahoma,71.0,183.0,4.38,,39.5,129.0,6.9,,,,,,,,,,,,,,,,,,,,,,,,,,,,,,,,,
2023,2,64,CHI,False,DL,DL,D,South Carolina,23.0,2025.0,0,0,0,3.0,Zacch Pickens,DT,South Carolina,76.0,291.0,4.89,22.0,30.5,116.0,7.45,4.62,,,,,,,,,,,,,,,,,,,,,,,,,,,,,,,,
2023,3,65,PHI,False,OL,OL,O,Alabama,23.0,2025.0,0,0,0,10.0,Tyler Steen,OT,Alabama,78.0,321.0,,,29.5,109.0,,4.59,,,,,,,,,,,,,,,,,,,,,,,,,,,,,,,,
2023,3,66,PHI,False,DB,DB,D,Illinois,23.0,2025.0,0,0,0,5.0,Sydney Brown,DB,Illinois,70.0,211.0,4.47,23.0,40.5,130.0,,,,,,,,,,,,,,,,,,,,,,,,,,,,,,,,,,
2023,3,67,DEN,False,LB,LB,D,Arkansas,22.0,2024.0,0,0,0,2.0,Drew Sanders,LB,Arkansas,76.0,235.0,,,,,,,,,,,,,,,,,,,,,,,,,,,,,,,,,,,,,,
2023,3,68,DET,False,QB,QB,O,Tennessee,25.0,2024.0,0,0,0,0.0,Hendon Hooker,QB,Tennessee,75.0,217.0,,,,,,,,,,,,,,,,,,,,,,,,,,,,,,,,,,,,,,
2023,3,69,HOU,False,WR,WR,O,Houston,23.0,2024.0,0,0,1,12.0,Nathaniel Dell,WR,Houston,68.0,165.0,4.49,,,121.0,,,,,,,,,,,,,,,,,,,,,,,,,,,,,,,,,,
2023,3,70,LVR,False,DL,DL,D,Alabama,22.0,2025.0,0,0,0,0.0,Byron Young,DT,Alabama,75.0,294.0,,24.0,26.0,108.0,7.68,,,,,,,,,,,,,,,,,,,,,,,,,,,,,,,,,
2023,3,71,NOR,False,RB,RB,O,TCU,21.0,2025.0,0,0,0,4.0,Kendre Miller,RB,TCU,71.0,215.0,,,,,,,,,,,,,,,,,,,,,,,,,,,,,,,,,,,,,,
2023,3,72,ARI,False,DB,DB,D,Syracuse,22.0,2025.0,0,0,1,9.0,Garrett Williams,CB,Syracuse,70.0,192.0,,,,,,,,,,,,,,,,,,,,,,,,,,,,,,,,,,,,,,
2023,3,73,NYG,False,WR,WR,O,Tennessee,21.0,2025.0,0,0,0,3.0,Jalin Hyatt,WR,Tennessee,72.0,176.0,4.4,,40.0,135.0,,,,,,,,,,,,,,,,,,,,,,,,,,,,,,,,,,
2023,3,74,CLE,False,WR,WR,O,Tennessee,23.0,2025.0,0,0,0,6.0,Cedric Tillman,WR,Tennessee,75.0,213.0,4.54,,37.0,128.0,,,,,,,,,,,,,,,,,,,,,,,,,,,,,,,,,,
2023,3,75,ATL,False,DE,DL,D,Ohio St.,22.0,2025.0,0,0,0,5.0,Zach Harrison,EDGE,Ohio St.,78.0,274.0,,25.0,,,,,,,,,,,,,,,,,,,,,,,,,,,,,,,,,,,,
2023,3,76,NWE,False,DB,DB,D,Sacramento St.,23.0,2025.0,0,0,0,7.0,,,,,,,,,,,,,,,,,,,,,,,,,,,,,,,,,,,,,,,,,,,
2023,3,77,LAR,False,LB,LB,D,Tennessee,25.0,2025.0,0,1,2,25.0,,,,,,,,,,,,,,,,,,,,,,,,,,,,,,,,,,,,,,,,,,,
2023,3,78,GNB,False,TE,TE,O,South Dakota St.,22.0,2025.0,0,0,1,15.0,Tucker Kraft,TE,South Dakota St.,77.0,254.0,4.69,23.0,34.0,122.0,7.08,4.29,,,,,,,,,,,,,,,,,,,,,,,,,,,,,,,,
2023,3,79,IND,False,WR,WR,O,North Carolina,22.0,2025.0,0,0,1,19.0,Josh Downs,WR,North Carolina,69.0,171.0,4.48,,38.5,131.0,,,,,,,,,,,,,,,,,,,,,,,,,,,,,,,,,,
2023,3,80,CAR,False,OLB,LB,D,Oregon,24.0,2025.0,0,0,0,3.0,,,,,,,,,,,,,,,,,,,,,,,,,,,,,,,,,,,,,,,,,,,
2023,3,81,TEN,False,RB,RB,O,Tulane,22.0,2025.0,0,0,0,13.0,Tyjae Spears,RB,Tulane,70.0,201.0,,,39.0,125.0,,,,,,,,,,,,,,,,,,,,,,,,,,,,,,,,,,
2023,3,82,TAM,False,DL,DL,D,Louisville,24.0,2025.0,0,0,1,19.0,YaYa Diaby,DE,Louisville,75.0,263.0,4.51,,37.0,120.0,,,,,,,,,,,,,,,,,,,,,,,,,,,,,,,,,,
2023,3,83,DEN,False,DB,DB,D,Iowa,23.0,2025.0,0,0,1,12.0,Riley Moss,CB,Iowa,73.0,193.0,4.45,,39.0,127.0,,,,,,,,,,,,,,,,,,,,,,,,,,,,,,,,,,
2023,3,84,MIA,False,RB,RB,O,Texas A&M,21.0,2025.0,0,1,1,31.0,Devon Achane,RB,Texas A&M,69.0,188.0,4.32,,33.0,,,,,,,,,,,,,,,,,,,,,,,,,,,,,,,,,,,
2023,3,85,LAC,False,LB,LB,D,Washington St.,23.0,2025.0,0,0,1,18.0,Daiyan Henley,LB,Washington St.,73.0,225.0,4.54,,35.0,125.0,,,,,,,,,,,,,,,,,,,,,,,,,,,,,,,,,,
2023,3,86,BAL,False,LB,LB,D,Clemson,22.0,2025.0,0,0,1,11.0,Trenton Simpson,LB,Clemson,74.0,235.0,4.43,25.0,,,,,,,,,,,,,,,,,,,,,,,,,,,,,,,,,,,,
2023,3,87,SFO,False,S,DB,D,Penn St.,23.0,2025.0,0,0,1,11.0,Ji'Ayir Brown,DB,Penn St.,71.0,203.0,4.65,18.0,32.5,119.0,,,,,,,,,,,,,,,,,,,,,,,,,,,,,,,,,,
2023,3,88,JAX,False,RB,RB,O,Auburn,22.0,2025.0,0,0,0,6.0,Tank Bigsby,RB,Auburn,72.0,210.0,4.56,,32.5,119.0,,,,,,,,,,,,,,,,,,,,,,,,,,,,,,,,,,
2023,3,89,LAR,False,DT,DL,D,Wake Forest,24.0,2025.0,0,0,1,20.0,,,,,,,,,,,,,,,,,,,,,,,,,,,,,,,,,,,,,,,,,,,
2023,3,90,DAL,False,LB,LB,D,Texas,23.0,2025.0,0,0,1,8.0,DeMarvion Overshown,LB,Texas,75.0,229.0,4.56,15.0,,124.0,,,,,,,,,,,,,,,,,,,,,,,,,,,,,,,,,,
2023,3,91,BUF,False,LB,LB,D,Tulane,22.0,2025.0,0,0,1,13.0,Dorian Williams,LB,Tulane,73.0,228.0,4.49,,33.5,120.0,,,,,,,,,,,,,,,,,,,,,,,,,,,,,,,,,,
2023,3,92,KAN,False,OL,OL,O,Oklahoma,22.0,2025.0,0,0,1,8.0,Wanya Morris,OT,Oklahoma,77.0,307.0,5.1,,28.5,111.0,,,,,,,,,,,,,,,,,,,,,,,,,,,,,,,,,,
2023,3,93,PIT,False,TE,TE,O,Georgia,22.0,2025.0,0,0,1,7.0,Darnell Washington,TE,Georgia,79.0,264.0,4.64,21.0,31.0,122.0,,4.08,,,,,,,,,,,,,,,,,,,,,,,,,,,,,,,,
2023,3,94,ARI,False,WR,WR,O,Stanford,23.0,2025.0,0,0,2,18.0,Michael Wilson,WR,Stanford,74.0,213.0,4.58,23.0,37.5,125.0,,4.27,,,,,,,,,,,,,,,,,,,,,,,,,,,,,,,,
2023,3,95,CIN,False,DB,DB,D,Alabama,22.0,2025.0,0,0,0,12.0,Jordan Battle,DB,Alabama,73.0,209.0,4.55,17.0,,,,,,,,,,,,,,,,,,,,,,,,,,,,,,,,,,,,
2023,3,96,DET,False,DT,DL,D,Western Kentucky,24.0,2025.0,0,0,0,1.0,,,,,,,,,,,,,,,,,,,,,,,,,,,,,,,,,,,,,,,,,,,
2023,4,97,WAS,False,OL,OL,O,Arkansas,22.0,2023.0,0,0,0,0.0,Ricky Stromberg,C,Arkansas,75.0,306.0,5.26,,32.5,111.0,,,,,,,,,,,,,,,,,,,,,,,,,,,,,,,,,,
2023,4,98,CLE,False,DL,DL,D,Baylor,22.0,2023.0,0,0,0,0.0,Siaki Ika,DT,Baylor,75.0,335.0,5.39,,,,7.8,4.99,,,,,,,,,,,,,,,,,,,,,,,,,,,,,,,,
2023,4,99,SFO,False,K,K,S,Michigan,23.0,2025.0,0,0,1,3.0,Jake Moody,K,Michigan,73.0,209.0,,,,,,,,,,,,,,,,,,,,,,,,,,,,,,,,,,,,,,
2023,4,100,LVR,False,WR,WR,O,Cincinnati,22.0,2025.0,0,0,1,13.0,Tre Tucker,WR,Cincinnati,69.0,182.0,4.4,,37.5,124.0,,,,,,,,,,,,,,,,,,,,,,,,,,,,,,,,,,
2023,4,102,MIN,False,CB,DB,D,USC,24.0,2025.0,0,0,0,2.0,Mekhi Blackmon,CB,USC,71.0,178.0,4.47,11.0,36.0,125.0,,,,,,,,,,,,,,,,,,,,,,,,,,,,,,,,,,
2023,4,103,NOR,False,OL,OL,O,Old Dominion,23.0,2024.0,0,0,0,3.0,,,,,,,,,,,,,,,,,,,,,,,,,,,,,,,,,,,,,,,,,,,
2023,4,104,LVR,False,DB,DB,D,Maryland,23.0,2025.0,0,0,1,5.0,Jakorian Bennett,CB,Maryland,71.0,188.0,4.3,13.0,40.5,133.0,,,,,,,,,,,,,,,,,,,,,,,,,,,,,,,,,,
2023,4,105,PHI,False,DB,DB,D,Georgia,21.0,2025.0,0,0,0,6.0,Kelee Ringo,CB,Georgia,74.0,207.0,4.36,,33.5,122.0,,,,,,,,,,,,,,,,,,,,,,,,,,,,,,,,,,
2023,4,106,IND,False,OL,OL,O,BYU,22.0,2024.0,0,0,1,6.0,Blake Freeland,OT,BYU,80.0,302.0,4.98,,37.0,120.0,7.46,4.71,,,,,,,,,,,,,,,,,,,,,,,,,,,,,,,,
2023,4,107,NWE,False,OL,OL,O,Troy,23.0,2025.0,0,0,0,1.0,Jake Andrews,C,Troy,75.0,305.0,5.15,,26.0,102.0,,4.73,,,,,,,,,,,,,,,,,,,,,,,,,,,,,,,,
2023,4,108,SEA,False,OL,OL,O,LSU,22.0,2025.0,0,0,2,14.0,Anthony Bradford,OG,LSU,76.0,332.0,5.08,,30.0,106.0,7.84,4.8,,,,,,,,,,,,,,,,,,,,,,,,,,,,,,,,
2023,4,109,HOU,False,DL,DL,D,TCU,23.0,2025.0,0,0,0,3.0,Dylan Horton,EDGE,TCU,76.0,257.0,,18.0,34.0,120.0,,,,,,,,,,,,,,,,,,,,,,,,,,,,,,,,,,
2023,4,110,IND,False,DL,DL,D,Northwestern,22.0,2025.0,0,0,0,6.0,Adetomiwa Adebawore,DE,Northwestern,74.0,282.0,4.49,27.0,37.5,125.0,,,,,,,,,,,,,,,,,,,,,,,,,,,,,,,,,,
2023,4,111,CLE,False,OL,OL,O,Ohio St.,22.0,2025.0,0,0,2,7.0,Dawand Jones,OT,Ohio St.,80.0,374.0,5.35,,,,,,,,,,,,,,,,,,,,,,,,,,,,,,,,,,,,,
2023,4,112,NWE,False,K,K,S,Maryland,23.0,2025.0,0,0,1,0.0,Chad Ryland,K,Maryland,72.0,190.0,,,,,,,,,,,,,,,,,,,,,,,,,,,,,,,,,,,,,,
2023,4,113,ATL,False,CB,DB,D,Utah,21.0,2025.0,0,0,0,4.0,Clark Phillips III,CB,Utah,69.0,184.0,4.51,18.0,33.0,,,4.32,,,,,,,,,,,,,,,,,,,,,,,,,,,,,,,,
2023,4,114,CAR,False,G,OL,O,North Carolina St.,24.0,2025.0,0,0,0,6.0,,,,,,,,,,,,,,,,,,,,,,,,,,,,,,,,,,,,,,,,,,,
2023,4,115,CHI,False,RB,RB,O,Texas,22.0,2025.0,0,0,0,6.0,Roschon Johnson,RB,Texas,72.0,219.0,4.58,,31.5,122.0,,,,,,,,,,,,,,,,,,,,,,,,,,,,,,,,,,
2023,4,116,GNB,False,DE,DL,D,Auburn,22.0,2025.0,0,0,0,8.0,Colby Wooden,DE,Auburn,76.0,273.0,4.79,23.0,,115.0,,4.52,,,,,,,,,,,,,,,,,,,,,,,,,,,,,,,,
2023,4,117,NWE,False,OL,OL,O,Eastern Michigan,25.0,2025.0,0,0,1,5.0,,,,,,,,,,,,,,,,,,,,,,,,,,,,,,,,,,,,,,,,,,,
2023,4,119,KAN,False,DB,DB,D,Virginia Tech,23.0,2025.0,0,0,0,14.0,Chamarri Conner,DB,Virginia Tech,72.0,202.0,4.51,20.0,40.5,125.0,,,,,,,,,,,,,,,,,,,,,,,,,,,,,,,,,,
2023,4,120,NYJ,False,OL,OL,O,Pittsburgh,24.0,2024.0,0,0,0,3.0,Carter Warren,OT,Pittsburgh,78.0,311.0,,,,,,,,,,,,,,,,,,,,,,,,,,,,,,,,,,,,,,
2023,4,121,JAX,False,LB,LB,D,Florida,24.0,2025.0,0,0,1,6.0,Ventrell Miller,LB,Florida,72.0,232.0,,,,,,,,,,,,,,,,,,,,,,,,,,,,,,,,,,,,,,
2023,4,122,ARI,False,OL,OL,O,UCLA,24.0,2025.0,0,0,0,4.0,,,,,,,,,,,,,,,,,,,,,,,,,,,,,,,,,,,,,,,,,,,
2023,4,123,SEA,False,DT,DL,D,Mississippi St.,23.0,2024.0,0,0,0,1.0,Cameron Young,DT,Mississippi St.,75.0,304.0,5.1,,,,,,,,,,,,,,,,,,,,,,,,,,,,,,,,,,,,,
2023,4,124,BAL,False,DE,DL,D,Mississippi,24.0,2025.0,0,0,0,9.0,,,,,,,,,,,,,,,,,,,,,,,,,,,,,,,,,,,,,,,,,,,
2023,4,125,LAC,False,WR,WR,O,TCU,22.0,2025.0,0,0,0,3.0,Derius Davis,WR,TCU,68.0,165.0,4.36,,,,,4.38,,,,,,,,,,,,,,,,,,,,,,,,,,,,,,,,
2023,4,126,CLE,False,DL,DL,D,Missouri,22.0,2025.0,0,0,0,7.0,Isaiah McGuire,DE,Missouri,76.0,268.0,4.76,,36.5,122.0,7.39,,,,,,,,,,,,,,,,,,,,,,,,,,,,,,,,,
2023,4,127,NOR,False,QB,QB,O,Fresno St.,24.0,2024.0,0,0,0,1.0,Jake Haener,QB,Fresno St.,72.0,207.0,,,35.0,114.0,7.01,,,,,,,,,,,,,,,,,,,,,,,,,,,,,,,,,
2023,5,130,JAX,False,DE,DL,D,Oklahoma St.,23.0,2025.0,0,0,1,4.0,Tyler Lacy,DE,Oklahoma St.,76.0,279.0,5.11,30.0,28.5,116.0,7.6,,,,,,,,,,,,,,,,,,,,,,,,,,,,,,,,,
2023,5,131,CIN,False,WR,WR,O,Purdue,24.0,2025.0,0,0,0,4.0,Charlie Jones,WR,Purdue,71.0,175.0,4.43,13.0,36.5,124.0,,,,,,,,,,,,,,,,,,,,,,,,,,,,,,,,,,
2023,5,132,PIT,False,OLB,LB,D,Wisconsin,21.0,2025.0,0,0,0,10.0,Nick Herbig,EDGE,Wisconsin,74.0,240.0,4.65,25.0,,,,,,,,,,,,,,,,,,,,,,,,,,,,,,,,,,,,
2023,5,133,CHI,False,WR,WR,O,Cincinnati,21.0,2024.0,0,0,0,2.0,Tyler Scott,WR,Cincinnati,70.0,177.0,4.44,,39.5,133.0,,,,,,,,,,,,,,,,,,,,,,,,,,,,,,,,,,
2023,5,134,MIN,False,S,DB,D,LSU,23.0,2025.0,0,0,0,6.0,Jay Ward,CB,LSU,73.0,188.0,4.55,16.0,34.5,132.0,,,,,,,,,,,,,,,,,,,,,,,,,,,,,,,,,,
2023,5,135,LVR,False,QB,QB,O,Purdue,25.0,2025.0,0,0,1,10.0,Aidan O'Connell,QB,Purdue,75.0,213.0,,,,,,,,,,,,,,,,,,,,,,,,,,,,,,,,,,,,,,
2023,5,136,JAX,False,LB,LB,D,Louisville,23.0,2025.0,0,0,0,3.0,Yasir Abdullah,LB,Louisville,73.0,237.0,4.47,,36.5,129.0,,,,,,,,,,,,,,,,,,,,,,,,,,,,,,,,,,
2023,5,137,WAS,False,DE,DL,D,Clemson,24.0,2025.0,0,0,0,2.0,,,,,,,,,,,,,,,,,,,,,,,,,,,,,,,,,,,,,,,,,,,
2023,5,139,ARI,False,QB,QB,O,Houston,24.0,2025.0,0,0,0,0.0,Clayton Tune,QB,Houston,75.0,220.0,4.64,,37.5,122.0,6.89,4.25,,,,,,,,,,,,,,,,,,,,,,,,,,,,,,,,
2023,5,140,CLE,False,QB,QB,O,UCLA,23.0,2024.0,0,0,0,2.0,Dorian Thompson-Robinson,QB,UCLA,74.0,203.0,4.56,,32.5,121.0,7.28,4.44,,,,,,,,,,,,,,,,,,,,,,,,,,,,,,,,
2023,5,141,MIN,False,DT,DL,D,LSU,22.0,2024.0,0,0,0,1.0,Jaquelin Roy,DT,LSU,75.0,305.0,,30.0,,,8.01,5.0,,,,,,,,,,,,,,,,,,,,,,,,,,,,,,,,
2023,5,142,CLE,False,DB,DB,D,Northwestern,21.0,2025.0,0,0,0,3.0,Cameron Mitchell,CB,Northwestern,71.0,191.0,4.47,15.0,35.0,,,,,,,,,,,,,,,,,,,,,,,,,,,,,,,,,,,
2023,5,143,NYJ,False,RB,RB,O,Pittsburgh,20.0,2023.0,0,0,0,1.0,Israel Abanikanda,RB,Pittsburgh,70.0,216.0,,,,,,,,,,,,,,,,,,,,,,,,,,,,,,,,,,,,,,
2023,5,144,NWE,False,OL,OL,O,UCLA,22.0,2025.0,0,0,0,2.0,,,,,,,,,,,,,,,,,,,,,,,,,,,,,,,,,,,,,,,,,,,
2023,5,145,CAR,False,DB,DB,D,Florida St.,22.0,2025.0,0,0,0,1.0,Jammie Robinson,DB,Florida St.,71.0,191.0,4.59,23.0,33.5,116.0,,,,,,,,,,,,,,,,,,,,,,,,,,,,,,,,,,
2023,5,146,NOR,False,DB,DB,D,Minnesota,23.0,2025.0,0,0,0,7.0,Jordan Howden,DB,Minnesota,72.0,203.0,4.49,14.0,33.5,119.0,,,,,,,,,,,,,,,,,,,,,,,,,,,,,,,,,,
2023,5,147,TEN,False,TE,TE,O,Cincinnati,23.0,2025.0,0,0,0,3.0,Josh Whyle,TE,Cincinnati,79.0,248.0,4.69,,33.5,115.0,,,,,,,,,,,,,,,,,,,,,,,,,,,,,,,,,,
2023,5,148,CHI,False,LB,LB,D,Oregon,21.0,2025.0,0,0,0,6.0,Noah Sewell,LB,Oregon,74.0,246.0,4.64,27.0,33.0,115.0,,,,,,,,,,,,,,,,,,,,,,,,,,,,,,,,,,
2023,5,149,GNB,False,QB,QB,O,Penn St.,25.0,2023.0,0,0,0,0.0,,,,,,,,,,,,,,,,,,,,,,,,,,,,,,,,,,,,,,,,,,,
2023,5,151,SEA,False,DE,DL,D,Michigan,22.0,2025.0,0,0,0,2.0,Mike Morris,DE,Michigan,77.0,275.0,4.95,22.0,28.5,110.0,,,,,,,,,,,,,,,,,,,,,,,,,,,,,,,,,,
2023,5,152,DET,False,OL,OL,O,William & Mary,23.0,2024.0,0,0,0,2.0,,,,,,,,,,,,,,,,,,,,,,,,,,,,,,,,,,,,,,,,,,,
2023,5,153,TAM,False,LB,LB,D,Pittsburgh,23.0,2025.0,0,0,0,8.0,SirVocea Dennis,LB,Pittsburgh,73.0,226.0,,19.0,,,,,,,,,,,,,,,,,,,,,,,,,,,,,,,,,,,,
2023,5,154,SEA,False,C,OL,O,Michigan,24.0,2025.0,0,0,0,6.0,,,,,,,,,,,,,,,,,,,,,,,,,,,,,,,,,,,,,,,,,,,
2023,5,155,SFO,False,CB,DB,D,South Alabama,23.0,2025.0,0,0,0,2.0,Darrell Luter Jr.,CB,South Alabama,72.0,189.0,4.46,,40.5,123.0,6.9,4.43,,,,,,,,,,,,,,,,,,,,,,,,,,,,,,,,
2023,5,156,LAC,False,OL,OL,O,Clemson,23.0,2025.0,0,0,0,1.0,Jordan McFadden,OG,Clemson,74.0,303.0,4.99,,28.5,,7.7,4.81,,,,,,,,,,,,,,,,,,,,,,,,,,,,,,,,
2023,5,158,IND,False,S,DB,D,California,24.0,2025.0,0,0,0,0.0,Daniel Scott,DB,California,73.0,208.0,4.45,22.0,39.5,128.0,6.75,4.17,,,,,,,,,,,,,,,,,,,,,,,,,,,,,,,,
2023,5,159,GNB,False,WR,WR,O,Virginia,22.0,2025.0,0,0,0,13.0,Dontayvion Wicks,WR,Virginia,73.0,206.0,4.62,,39.0,130.0,,,,,,,,,,,,,,,,,,,,,,,,,,,,,,,,,,
2023,5,160,JAX,False,DB,DB,D,Texas A&M,21.0,2025.0,0,0,1,10.0,Antonio Johnson,DB,Texas A&M,74.0,198.0,4.52,8.0,31.0,118.0,,,,,,,,,,,,,,,,,,,,,,,,,,,,,,,,,,
2023,6,161,LAR,False,OLB,LB,D,Appalachian St.,23.0,2025.0,0,0,0,3.0,Nick Hampton,EDGE,Appalachian St.,74.0,236.0,4.58,,35.5,120.0,,,,,,,,,,,,,,,,,,,,,,,,,,,,,,,,,,
2023,6,162,IND,False,TE,TE,O,Miami (FL),24.0,2025.0,0,0,0,2.0,Will Mallory,TE,Miami,77.0,239.0,4.54,20.0,36.5,121.0,,,,,,,,,,,,,,,,,,,,,,,,,,,,,,,,,,
2023,6,163,CIN,False,RB,RB,O,Illinois,23.0,2025.0,0,0,0,22.0,Chase Brown,RB,Illinois,70.0,209.0,4.43,,40.0,127.0,,,,,,,,,,,,,,,,,,,,,,,,,,,,,,,,,,
2023,6,164,MIN,False,QB,QB,O,BYU,25.0,2023.0,0,0,0,1.0,Jaren Hall,QB,BYU,72.0,207.0,,,,,,,,,,,,,,,,,,,,,,,,,,,,,,,,,,,,,,
2023,6,165,CHI,False,DB,DB,D,Minnesota,24.0,2024.0,0,0,0,4.0,,,,,,,,,,,,,,,,,,,,,,,,,,,,,,,,,,,,,,,,,,,
2023,6,166,KAN,False,DE,DL,D,S.F. Austin,24.0,2023.0,0,0,0,0.0,,,,,,,,,,,,,,,,,,,,,,,,,,,,,,,,,,,,,,,,,,,
2023,6,167,HOU,False,LB,LB,D,Alabama,22.0,2025.0,0,0,1,17.0,Henry To'oTo'o,LB,Alabama,73.0,227.0,4.62,,32.0,116.0,,4.4,,,,,,,,,,,,,,,,,,,,,,,,,,,,,,,,
2023,6,168,ARI,False,LB,LB,D,Auburn,22.0,2025.0,0,0,0,3.0,Owen Pappoe,LB,Auburn,72.0,225.0,4.39,29.0,35.5,126.0,,,,,,,,,,,,,,,,,,,,,,,,,,,,,,,,,,
2023,6,169,DAL,False,OL,OL,O,North Carolina,22.0,2025.0,0,0,0,2.0,Asim Richards,OT,North Carolina,76.0,309.0,,,,,,,,,,,,,,,,,,,,,,,,,,,,,,,,,,,,,,
2023,6,170,LVR,False,DB,DB,D,Georgia,23.0,2025.0,0,0,0,3.0,Christopher Smith,DB,Georgia,71.0,192.0,4.62,15.0,33.0,116.0,,,,,,,,,,,,,,,,,,,,,,,,,,,,,,,,,,
2023,6,171,TAM,False,TE,TE,O,Purdue,23.0,2025.0,0,0,0,2.0,Payne Durham,TE,Purdue,78.0,253.0,4.87,,34.5,117.0,,,,,,,,,,,,,,,,,,,,,,,,,,,,,,,,,,
2023,6,172,NYG,False,RB,RB,O,Oklahoma,23.0,2025.0,0,0,0,1.0,Eric Gray,RB,Oklahoma,70.0,207.0,,,37.5,118.0,,,,,,,,,,,,,,,,,,,,,,,,,,,,,,,,,,
2023,6,173,SFO,False,OLB,LB,D,Georgia,24.0,2025.0,0,0,0,2.0,Robert Beal,EDGE,Georgia,76.0,247.0,4.48,,30.0,123.0,,,,,,,,,,,,,,,,,,,,,,,,,,,,,,,,,,
2023,6,174,LAR,False,OL,OL,O,Georgia,22.0,2025.0,0,0,0,9.0,Warren McClendon,OT,Georgia,76.0,306.0,,,,,,,,,,,,,,,,,,,,,,,,,,,,,,,,,,,,,,
2023,6,175,LAR,False,TE,TE,O,Clemson,22.0,2025.0,0,0,0,3.0,Davis Allen,TE,Clemson,78.0,245.0,4.84,,38.5,125.0,,,,,,,,,,,,,,,,,,,,,,,,,,,,,,,,,,
2023,6,176,IND,False,RB,RB,O,Northwestern,22.0,2025.0,0,0,0,0.0,,,,,,,,,,,,,,,,,,,,,,,,,,,,,,,,,,,,,,,,,,,
2023,6,177,LAR,False,WR,WR,O,BYU,22.0,2025.0,1,2,1,39.0,Puka Nacua,WR,BYU,74.0,201.0,,,,,,,,,,,,,,,,,,,,,,,,,,,,,,,,,,,,,,
2023,6,179,GNB,False,DT,DL,D,Bowling Green,23.0,2025.0,0,0,0,8.0,,,,,,,,,,,,,,,,,,,,,,,,,,,,,,,,,,,,,,,,,,,
2023,6,180,ARI,False,DB,DB,D,Louisville,22.0,2025.0,0,0,0,4.0,,,,,,,,,,,,,,,,,,,,,,,,,,,,,,,,,,,,,,,,,,,
2023,6,181,TAM,False,CB,DB,D,Kansas St.,24.0,2025.0,0,0,0,4.0,,,,,,,,,,,,,,,,,,,,,,,,,,,,,,,,,,,,,,,,,,,
2023,6,182,LAR,False,CB,DB,D,TCU,23.0,2023.0,0,0,0,1.0,Tre'Vius Hodges-Tomlinson,CB,TCU,68.0,178.0,4.41,12.0,39.0,132.0,,,,,,,,,,,,,,,,,,,,,,,,,,,,,,,,,,
2023,6,183,DEN,False,S,DB,D,Boise St.,22.0,2025.0,0,0,0,2.0,JL Skinner,DB,Boise St.,76.0,209.0,,,,,,,,,,,,,,,,,,,,,,,,,,,,,,,,,,,,,,
2023,6,184,NYJ,False,LB,LB,D,Western Michigan,24.0,2025.0,0,0,0,0.0,,,,,,,,,,,,,,,,,,,,,,,,,,,,,,,,,,,,,,,,,,,
2023,6,185,JAX,False,WR,WR,O,Penn St.,21.0,2025.0,0,0,0,15.0,Parker Washington,WR,Penn St.,70.0,204.0,,16.0,,,,,,,,,,,,,,,,,,,,,,,,,,,,,,,,,,,,
2023,6,186,TEN,False,OL,OL,O,Maryland,23.0,2024.0,0,0,0,3.0,,,,,,,,,,,,,,,,,,,,,,,,,,,,,,,,,,,,,,,,,,,
2023,6,187,NWE,False,WR,WR,O,LSU,21.0,2025.0,0,0,1,10.0,Kayshon Boutte,WR,LSU,71.0,195.0,4.5,,29.0,118.0,,4.25,,,,,,,,,,,,,,,,,,,,,,,,,,,,,,,,
2023,6,188,PHI,False,QB,QB,O,Stanford,23.0,2025.0,0,0,0,2.0,Tanner McKee,QB,Stanford,78.0,231.0,,,33.0,114.0,7.22,4.41,,,,,,,,,,,,,,,,,,,,,,,,,,,,,,,,
2023,6,189,LAR,False,DE,DL,D,Nebraska,24.0,2024.0,0,0,0,1.0,Ochaun Mathis,EDGE,Nebraska,77.0,250.0,4.74,21.0,33.5,118.0,,4.38,,,,,,,,,,,,,,,,,,,,,,,,,,,,,,,,
2023,6,190,CLE,False,OL,OL,O,Ohio St.,22.0,2025.0,0,0,0,3.0,Luke Wypler,C,Ohio St.,75.0,303.0,5.14,,30.5,106.0,7.64,4.53,,,,,,,,,,,,,,,,,,,,,,,,,,,,,,,,
2023,6,191,TAM,False,WR,WR,O,Nebraska,22.0,2024.0,0,0,0,6.0,Trey Palmer,WR,Nebraska,72.0,192.0,4.33,,,,,,,,,,,,,,,,,,,,,,,,,,,,,,,,,,,,,
2023,6,192,NWE,False,P,P,S,Michigan St.,24.0,2025.0,0,0,1,9.0,Bryce Baringer,P,Michigan St.,74.0,216.0,,,,,,,,,,,,,,,,,,,,,,,,,,,,,,,,,,,,,,
2023,7,193,WAS,False,RB,RB,O,Kentucky,22.0,2025.0,0,0,0,6.0,,,,,,,,,,,,,,,,,,,,,,,,,,,,,,,,,,,,,,,,,,,
2023,7,194,KAN,False,DT,DL,D,Texas,23.0,2024.0,0,0,0,0.0,Keondre Coburn,DT,Texas,74.0,332.0,5.22,24.0,27.5,101.0,,,,,,,,,,,,,,,,,,,,,,,,,,,,,,,,,,
2023,7,195,NOR,False,WR,WR,O,Wake Forest,23.0,2023.0,0,0,0,2.0,A.T. Perry,WR,Wake Forest,76.0,198.0,4.47,,35.0,133.0,,,,,,,,,,,,,,,,,,,,,,,,,,,,,,,,,,
2023,7,196,TAM,False,DL,DL,D,Eastern Michigan,24.0,2024.0,0,0,0,0.0,,,,,,,,,,,,,,,,,,,,,,,,,,,,,,,,,,,,,,,,,,,
2023,7,198,SEA,False,S,DB,D,New Mexico,23.0,2025.0,0,0,0,0.0,,,,,,,,,,,,,,,,,,,,,,,,,,,,,,,,,,,,,,,,,,,
2023,7,199,BAL,False,OL,OL,O,Oregon,24.0,2024.0,0,0,0,0.0,Malaesala Aumavae-Laulu,OT,Oregon,78.0,317.0,5.23,,28.5,106.0,7.65,4.75,,,,,,,,,,,,,,,,,,,,,,,,,,,,,,,,
2023,7,200,LAC,False,DT,DL,D,Boise St.,23.0,2025.0,0,0,0,12.0,,,,,,,,,,,,,,,,,,,,,,,,,,,,,,,,,,,,,,,,,,,
2023,7,201,HOU,False,OL,OL,O,Notre Dame,24.0,2025.0,0,0,0,8.0,Jarrett Patterson,C,Notre Dame,77.0,306.0,5.33,,29.5,106.0,7.96,4.73,,,,,,,,,,,,,,,,,,,,,,,,,,,,,,,,
2023,7,202,JAX,False,DB,DB,D,Rutgers,23.0,2025.0,0,0,0,1.0,,,,,,,,,,,,,,,,,,,,,,,,,,,,,,,,,,,,,,,,,,,
2023,7,203,LVR,False,LB,LB,D,Florida,23.0,2024.0,0,0,0,2.0,,,,,,,,,,,,,,,,,,,,,,,,,,,,,,,,,,,,,,,,,,,
2023,7,204,NYJ,False,CB,DB,D,LSU,23.0,2025.0,0,0,0,0.0,,,,,,,,,,,,,,,,,,,,,,,,,,,,,,,,,,,,,,,,,,,
2023,7,205,HOU,False,WR,WR,O,Iowa St.,23.0,2025.0,0,0,0,6.0,Xavier Hutchinson,WR,Iowa St.,74.0,203.0,4.53,,36.0,116.0,6.91,4.35,,,,,,,,,,,,,,,,,,,,,,,,,,,,,,,,
2023,7,206,CIN,False,WR,WR,O,Princeton,23.0,2025.0,0,0,1,9.0,,,,,,,,,,,,,,,,,,,,,,,,,,,,,,,,,,,,,,,,,,,
2023,7,207,GNB,False,K,K,S,Auburn,25.0,2024.0,0,0,1,1.0,,,,,,,,,,,,,,,,,,,,,,,,,,,,,,,,,,,,,,,,,,,
2023,7,209,NYG,False,CB,DB,D,Old Dominion,23.0,2025.0,0,0,0,3.0,,,,,,,,,,,,,,,,,,,,,,,,,,,,,,,,,,,,,,,,,,,
2023,7,210,NWE,False,WR,WR,O,Liberty,22.0,2025.0,0,0,0,12.0,,,,,,,,,,,,,,,,,,,,,,,,,,,,,,,,,,,,,,,,,,,
2023,7,212,DAL,False,RB,RB,O,Kansas St.,21.0,2024.0,0,0,0,1.0,Deuce Vaughn,RB,Kansas St.,65.0,179.0,,,35.5,116.0,,,,,,,,,,,,,,,,,,,,,,,,,,,,,,,,,,
2023,7,213,ARI,False,DT,DL,D,West Virginia,23.0,2025.0,0,0,0,10.0,Dante Stills,DT,West Virginia,76.0,286.0,4.85,20.0,28.5,113.0,7.38,4.61,,,,,,,,,,,,,,,,,,,,,,,,,,,,,,,,
2023,7,214,NWE,False,CB,DB,D,Michigan St.,23.0,2025.0,0,0,0,0.0,,,,,,,,,,,,,,,,,,,,,,,,,,,,,,,,,,,,,,,,,,,
2023,7,215,LAR,False,RB,RB,O,Mississippi,22.0,2023.0,0,0,0,0.0,Zach Evans,RB,Mississippi,71.0,202.0,,,,,,,,,,,,,,,,,,,,,,,,,,,,,,,,,,,,,,
2023,7,216,SFO,False,LB,LB,D,TCU,22.0,2025.0,0,0,0,13.0,Dee Winters,LB,TCU,71.0,227.0,4.49,,30.5,117.0,,,,,,,,,,,,,,,,,,,,,,,,,,,,,,,,,,
2023,7,217,CIN,False,P,P,S,Michigan,24.0,2025.0,0,0,1,1.0,,,,,,,,,,,,,,,,,,,,,,,,,,,,,,,,,,,,,,,,,,,
2023,7,219,DET,False,WR,WR,O,North Carolina,23.0,2023.0,0,0,0,0.0,Antoine Green,WR,North Carolina,74.0,199.0,4.47,,33.5,123.0,6.99,4.27,,,,,,,,,,,,,,,,,,,,,,,,,,,,,,,,
2023,7,220,NYJ,False,TE,TE,O,Old Dominion,24.0,2024.0,0,0,0,0.0,Zack Kuntz,TE,Old Dominion,79.0,255.0,4.55,23.0,40.0,128.0,6.87,4.12,,,,,,,,,,,,,,,,,,,,,,,,,,,,,,,,
2023,7,221,IND,False,DB,DB,D,Texas A&M,21.0,2025.0,0,0,2,11.0,Jaylon Jones,CB,Texas A&M,74.0,200.0,4.57,14.0,38.0,122.0,6.88,4.3,,,,,,,,,,,,,,,,,,,,,,,,,,,,,,,,
2023,7,223,LAR,False,P,P,S,Wingate,22.0,2025.0,0,0,1,6.0,,,,,,,,,,,,,,,,,,,,,,,,,,,,,,,,,,,,,,,,,,,
2023,7,224,ATL,False,DB,DB,D,Alabama,23.0,2025.0,0,0,0,3.0,DeMarcco Hellams,DB,Alabama,73.0,203.0,4.57,,31.0,121.0,,,,,,,,,,,,,,,,,,,,,,,,,,,,,,,,,,
2023,7,225,ATL,False,OL,OL,O,South Carolina,24.0,2025.0,0,0,0,1.0,,,,,,,,,,,,,,,,,,,,,,,,,,,,,,,,,,,,,,,,,,,
2023,7,226,JAX,False,OL,OL,O,Appalachian St.,23.0,2024.0,0,0,0,1.0,,,,,,,,,,,,,,,,,,,,,,,,,,,,,,,,,,,,,,,,,,,
2023,7,228,TEN,False,WR,WR,O,UT Martin,24.0,2023.0,0,0,0,0.0,,,,,,,,,,,,,,,,,,,,,,,,,,,,,,,,,,,,,,,,,,,
2023,7,229,BAL,False,OL,OL,O,USC,24.0,2025.0,0,0,0,9.0,Andrew Vorhees,OG,USC,78.0,310.0,,,29.0,105.0,,,,,,,,,,,,,,,,,,,,,,,,,,,,,,,,,,
2023,7,231,LVR,False,DT,DL,D,Arizona St.,23.0,2024.0,0,0,0,1.0,,,,,,,,,,,,,,,,,,,,,,,,,,,,,,,,,,,,,,,,,,,
2023,7,232,GNB,False,DB,DB,D,Kentucky,21.0,2025.0,0,0,1,10.0,Carrington Valentine,CB,Kentucky,72.0,193.0,,9.0,39.0,128.0,,,,,,,,,,,,,,,,,,,,,,,,,,,,,,,,,,
2023,7,233,WAS,False,DE,DL,D,Louisiana,24.0,2025.0,0,0,0,1.0,,,,,,,,,,,,,,,,,,,,,,,,,,,,,,,,,,,,,,,,,,,
2023,7,234,LAR,False,S,DB,D,Oklahoma St.,23.0,2023.0,0,0,0,0.0,,,,,,,,,,,,,,,,,,,,,,,,,,,,,,,,,,,,,,,,,,,
2023,7,237,SEA,False,RB,RB,O,Georgia,23.0,2024.0,0,0,0,1.0,Kenny McIntosh,RB,Georgia,72.0,204.0,4.62,,,,,,,,,,,,,,,,,,,,,,,,,,,,,,,,,,,,,
2023,7,238,MIA,False,OL,OL,O,Michigan,23.0,2024.0,0,0,0,0.0,Ryan Hayes,OT,Michigan,78.0,298.0,5.18,,30.0,103.0,7.39,,,,,,,,,,,,,,,,,,,,,,,,,,,,,,,,,
2023,7,241,PIT,False,CB,DB,D,Purdue,23.0,2024.0,0,0,0,1.0,Cory Trice,CB,Purdue,75.0,206.0,4.47,17.0,35.5,132.0,,,,,,,,,,,,,,,,,,,,,,,,,,,,,,,,,,
2023,7,242,GNB,False,DB,DB,D,Iowa St.,23.0,2024.0,0,0,0,2.0,,,,,,,,,,,,,,,,,,,,,,,,,,,,,,,,,,,,,,,,,,,
2023,7,243,NYG,False,DL,DL,D,Oregon,25.0,2025.0,0,0,0,4.0,,,,,,,,,,,,,,,,,,,,,,,,,,,,,,,,,,,,,,,,,,,
2023,7,244,DAL,False,WR,WR,O,South Carolina,23.0,2025.0,0,0,0,2.0,Jalen Brooks,WR,South Carolina,73.0,201.0,4.69,,35.0,130.0,7.15,4.31,,,,,,,,,,,,,,,,,,,,,,,,,,,,,,,,
2023,7,245,NWE,False,CB,DB,D,Jackson St.,23.0,2024.0,0,0,0,1.0,,,,,,,,,,,,,,,,,,,,,,,,,,,,,,,,,,,,,,,,,,,
2023,7,246,CIN,False,CB,DB,D,Miami (FL),23.0,2025.0,0,0,0,3.0,,,,,,,,,,,,,,,,,,,,,,,,,,,,,,,,,,,,,,,,,,,
2023,7,247,SFO,False,TE,TE,O,Oklahoma,23.0,2025.0,0,0,0,0.0,Brayden Willis,TE,Oklahoma,76.0,241.0,,20.0,32.0,117.0,7.3,4.36,,,,,,,,,,,,,,,,,,,,,,,,,,,,,,,,
2023,7,248,HOU,False,DB,DB,D,Pittsburgh,23.0,2023.0,0,0,0,0.0,Brandon Hill,DB,Pittsburgh,70.0,193.0,4.43,15.0,35.5,123.0,,,,,,,,,,,,,,,,,,,,,,,,,,,,,,,,,,
2023,7,249,PHI,False,DE,DL,D,Texas,22.0,2025.0,0,0,0,7.0,Moro Ojomo,DT,Texas,75.0,292.0,5.04,29.0,33.0,112.0,,,,,,,,,,,,,,,,,,,,,,,,,,,,,,,,,,
2023,7,250,KAN,False,CB,DB,D,Ball St.,21.0,2025.0,0,0,0,1.0,Nic Jones,CB,Ball St.,72.0,189.0,4.51,,34.5,122.0,,4.34,,,,,,,,,,,,,,,,,,,,,,,,,,,,,,,,
2023,7,251,PIT,False,OL,OL,O,Maryland,23.0,2025.0,0,0,0,6.0,,,,,,,,,,,,,,,,,,,,,,,,,,,,,,,,,,,,,,,,,,,
2023,7,253,SFO,False,WR,WR,O,Michigan,23.0,2025.0,0,0,0,1.0,Ronnie Bell,WR,Michigan,72.0,191.0,4.54,14.0,38.5,120.0,6.98,4.15,,,,,,,,,,,,,,,,,,,,,,,,,,,,,,,,
2023,7,254,NYG,False,DB,DB,D,Houston,23.0,2024.0,0,0,0,0.0,Gervarrius Owens,DB,Houston,72.0,195.0,,15.0,37.5,125.0,,,,,,,,,,,,,,,,,,,,,,,,,,,,,,,,,,
2023,7,255,SFO,False,S,DB,D,Purdue,22.0,2025.0,0,0,0,0.0,Jalen Graham,LB,Purdue,74.0,220.0,4.64,,30.5,112.0,,,,,,,,,,,,,,,,,,,,,,,,,,,,,,,,,,
2023,7,257,DEN,False,OL,OL,O,Oregon,24.0,2025.0,0,0,0,4.0,Alex Forsyth,C,Oregon,76.0,303.0,,,20.5,95.0,,,,,,,,,,,,,,,,,,,,,,,,,,,,,,,,,,
2023,7,259,LAR,False,DT,DL,D,Toledo,24.0,2025.0,0,0,0,3.0,,,,,,,,,,,,,,,,,,,,,,,,,,,,,,,,,,,,,,,,,,,
2024,1,1,CHI,False,QB,QB,O,USC,22.0,2025.0,0,0,1,26.0,Caleb Williams,QB,USC,73.0,214.0,,,,,,,,,,,,,,,,,,,,,,,,,,,,,,,,,,,,,,
2024,1,2,WAS,False,QB,QB,O,LSU,23.0,2025.0,0,1,1,26.0,Jayden Daniels,QB,LSU,76.0,210.0,,,,,,,,,,,,,,,,,,,,,,,,,,,,,,,,,,,,,,
2024,1,3,NWE,False,QB,QB,O,North Carolina,22.0,2025.0,0,2,1,26.0,Drake Maye,QB,North Carolina,76.0,223.0,,,,,,,,,,,,,,,,,,,,,,,,,,,,,,,,,,,,,,
2024,1,4,ARI,False,WR,WR,O,Ohio St.,22.0,2025.0,0,0,1,13.0,Marvin Harrison,WR,Ohio St.,75.0,209.0,,,,,,,,,,,,,,,,,,,,,,,,,,,,,,,,,,,,,,
2024,1,5,LAC,False,OL,OL,O,Notre Dame,21.0,2025.0,0,1,1,12.0,Joe Alt,OT,Notre Dame,81.0,321.0,5.05,,28.0,112.0,7.31,4.51,,,,,,,,,,,,,,,,,,,,,,,,,,,,,,,,
2024,1,6,NYG,False,WR,WR,O,LSU,21.0,2025.0,0,1,1,12.0,Malik Nabers,WR,LSU,72.0,200.0,,,,,,,,,,,,,,,,,,,,,,,,,,,,,,,,,,,,,,
2024,1,7,TEN,False,OL,OL,O,Alabama,21.0,2025.0,0,0,1,11.0,JC Latham,OT,Alabama,78.0,342.0,,,,,,,,,,,,,,,,,,,,,,,,,,,,,,,,,,,,,,
2024,1,8,ATL,False,QB,QB,O,Washington,24.0,2025.0,0,0,0,8.0,Michael Penix Jr.,QB,Washington,74.0,216.0,,,,,,,,,,,,,,,,,,,,,,,,,,,,,,,,,,,,,,
2024,1,9,CHI,False,WR,WR,O,Washington,22.0,2025.0,0,0,1,12.0,Rome Odunze,WR,Washington,75.0,212.0,4.45,,39.0,124.0,6.88,4.03,,,,,,,,,,,,,,,,,,,,,,,,,,,,,,,,
2024,1,10,MIN,False,QB,QB,O,Michigan,21.0,2025.0,0,0,0,4.0,J.J. McCarthy,QB,Michigan,75.0,219.0,,,,,6.82,4.23,,,,,,,,,,,,,,,,,,,,,,,,,,,,,,,,
2024,1,11,NYJ,False,OL,OL,O,Penn St.,21.0,2025.0,0,0,0,10.0,,,,,,,,,,,,,,,,,,,,,,,,,,,,,,,,,,,,,,,,,,,
2024,1,12,DEN,False,QB,QB,O,Oregon,24.0,2025.0,0,0,1,25.0,Bo Nix,QB,Oregon,74.0,214.0,,,,,,,,,,,,,,,,,,,,,,,,,,,,,,,,,,,,,,
2024,1,13,LVR,False,TE,TE,O,Georgia,21.0,2025.0,1,2,1,14.0,Brock Bowers,TE,Georgia,75.0,243.0,,,,,,,,,,,,,,,,,,,,,,,,,,,,,,,,,,,,,,
2024,1,14,NOR,False,OL,OL,O,Oregon St.,22.0,2025.0,0,0,1,13.0,Taliese Fuaga,OT,Oregon St.,78.0,324.0,5.13,,32.0,111.0,,,,,,,,,,,,,,,,,,,,,,,,,,,,,,,,,,
2024,1,15,IND,False,DL,DL,D,UCLA,23.0,2025.0,0,0,0,10.0,Laiatu Latu,EDGE,UCLA,77.0,259.0,4.64,,32.0,116.0,,,,,,,,,,,,,,,,,,,,,,,,,,,,,,,,,,
2024,1,16,SEA,False,DL,DL,D,Texas,21.0,2025.0,0,0,0,14.0,,,,,,,,,,,,,,,,,,,,,,,,,,,,,,,,,,,,,,,,,,,
2024,1,17,MIN,False,LB,LB,D,Alabama,21.0,2025.0,0,0,0,9.0,Dallas Turner,EDGE,Alabama,75.0,247.0,4.46,,40.5,127.0,,,,,,,,,,,,,,,,,,,,,,,,,,,,,,,,,,
2024,1,18,CIN,False,OL,OL,O,Georgia,21.0,2025.0,0,0,1,16.0,Amarius Mims,OT,Georgia,80.0,340.0,5.07,,25.5,111.0,,,,,,,,,,,,,,,,,,,,,,,,,,,,,,,,,,
2024,1,19,LAR,False,DL,DL,D,Florida St.,23.0,2025.0,0,2,1,22.0,Jared Verse,EDGE,Florida St.,76.0,254.0,4.58,31.0,35.0,127.0,7.31,4.44,,,,,,,,,,,,,,,,,,,,,,,,,,,,,,,,
2024,1,20,PIT,False,OL,OL,O,Washington,23.0,2025.0,0,0,0,9.0,Troy Fautanu,OT,Washington,76.0,317.0,5.01,,32.5,113.0,,,,,,,,,,,,,,,,,,,,,,,,,,,,,,,,,,
2024,1,21,MIA,False,DE,DL,D,Penn St.,21.0,2025.0,0,0,0,4.0,,,,,,,,,,,,,,,,,,,,,,,,,,,,,,,,,,,,,,,,,,,
2024,1,22,PHI,False,CB,DB,D,Toledo,23.0,2025.0,1,1,1,19.0,Quinyon Mitchell,CB,Toledo,72.0,195.0,4.33,20.0,38.0,122.0,,,,,,,,,,,,,,,,,,,,,,,,,,,,,,,,,,
2024,1,23,JAX,False,WR,WR,O,LSU,21.0,2025.0,0,1,1,18.0,Brian Thomas,WR,LSU,75.0,209.0,4.33,11.0,38.5,126.0,,,,,,,,,,,,,,,,,,,,,,,,,,,,,,,,,,
2024,1,24,DET,False,DB,DB,D,Alabama,21.0,2025.0,0,0,1,8.0,Terrion Arnold,CB,Alabama,72.0,189.0,4.5,,37.0,129.0,,,,,,,,,,,,,,,,,,,,,,,,,,,,,,,,,,
2024,1,25,GNB,False,OL,OL,O,Arizona,23.0,2025.0,0,0,0,9.0,Jordan Morgan,OT,Arizona,77.0,311.0,5.04,,28.0,110.0,,,,,,,,,,,,,,,,,,,,,,,,,,,,,,,,,,
2024,1,26,TAM,False,OL,OL,O,Duke,22.0,2025.0,0,0,1,15.0,Graham Barton,C,Duke,77.0,313.0,,,,,,,,,,,,,,,,,,,,,,,,,,,,,,,,,,,,,,
2024,1,27,ARI,False,DL,DL,D,Missouri,22.0,2025.0,0,0,0,4.0,Darius Robinson,DE,Missouri,77.0,285.0,4.95,21.0,35.0,111.0,,,,,,,,,,,,,,,,,,,,,,,,,,,,,,,,,,
2024,1,28,KAN,False,WR,WR,O,Texas,21.0,2025.0,0,0,1,13.0,Xavier Worthy,WR,Texas,71.0,165.0,4.21,,41.0,131.0,,,,,,,,,,,,,,,,,,,,,,,,,,,,,,,,,,
2024,1,29,DAL,False,OL,OL,O,Oklahoma,23.0,2025.0,0,0,1,9.0,Tyler Guyton,OT,Oklahoma,80.0,322.0,5.19,,34.5,107.0,7.5,4.71,,,,,,,,,,,,,,,,,,,,,,,,,,,,,,,,
2024,1,30,BAL,False,CB,DB,D,Clemson,21.0,2025.0,0,0,0,7.0,Nate Wiggins,CB,Clemson,73.0,173.0,4.28,,36.0,127.0,,,,,,,,,,,,,,,,,,,,,,,,,,,,,,,,,,
2024,1,31,SFO,False,WR,WR,O,Florida,23.0,2025.0,0,0,0,8.0,Ricky Pearsall,WR,Florida,73.0,189.0,4.41,17.0,42.0,129.0,6.64,4.05,,,,,,,,,,,,,,,,,,,,,,,,,,,,,,,,
2024,1,32,CAR,False,WR,WR,O,South Carolina,23.0,2025.0,0,0,1,8.0,Xavier Legette,WR,South Carolina,73.0,221.0,4.39,,40.0,126.0,,,,,,,,,,,,,,,,,,,,,,,,,,,,,,,,,,
2024,2,33,BUF,False,WR,WR,O,Florida St.,21.0,2025.0,0,0,1,11.0,Keon Coleman,WR,Florida St.,75.0,213.0,4.61,,38.0,127.0,,,,,,,,,,,,,,,,,,,,,,,,,,,,,,,,,,
2024,2,34,LAC,False,WR,WR,O,Georgia,22.0,2025.0,0,0,1,18.0,Ladd McConkey,WR,Georgia,72.0,186.0,4.39,13.0,36.0,124.0,,,,,,,,,,,,,,,,,,,,,,,,,,,,,,,,,,
2024,2,35,ATL,False,DT,DL,D,Clemson,22.0,2025.0,0,0,0,6.0,Ruke Orhorhoro,DT,Clemson,76.0,294.0,4.89,29.0,32.0,116.0,,,,,,,,,,,,,,,,,,,,,,,,,,,,,,,,,,
2024,2,36,WAS,False,DL,DL,D,Illinois,22.0,2025.0,0,0,0,7.0,Jer'Zhan Newton,DT,Illinois,74.0,304.0,,,,,,,,,,,,,,,,,,,,,,,,,,,,,,,,,,,,,,
2024,2,37,NWE,False,WR,WR,O,Washington,22.0,2024.0,0,0,1,1.0,Ja'Lynn Polk,WR,Washington,73.0,203.0,4.52,,37.5,129.0,,,,,,,,,,,,,,,,,,,,,,,,,,,,,,,,,,
2024,2,38,TEN,False,DL,DL,D,Texas,23.0,2025.0,0,0,1,11.0,T'Vondre Sweat,DT,Texas,77.0,366.0,5.27,,26.0,98.0,,,,,,,,,,,,,,,,,,,,,,,,,,,,,,,,,,
2024,2,39,LAR,False,DL,DL,D,Florida St.,24.0,2025.0,0,0,0,14.0,Braden Fiske,DT,Florida St.,76.0,292.0,4.78,26.0,33.5,117.0,,4.37,,,,,,,,,,,,,,,,,,,,,,,,,,,,,,,,
2024,2,40,PHI,False,DB,DB,D,Iowa,21.0,2025.0,1,1,0,16.0,Cooper DeJean,CB,Iowa,73.0,203.0,,,,,,,,,,,,,,,,,,,,,,,,,,,,,,,,,,,,,,
2024,2,41,NOR,False,DB,DB,D,Alabama,21.0,2025.0,0,0,0,10.0,Kool-Aid McKinstry,CB,Alabama,72.0,199.0,,,,,,,,,,,,,,,,,,,,,,,,,,,,,,,,,,,,,,
2024,2,42,HOU,False,DB,DB,D,Georgia,21.0,2025.0,0,1,1,14.0,Kamari Lassiter,CB,Georgia,72.0,186.0,,,,,6.62,4.12,,,,,,,,,,,,,,,,,,,,,,,,,,,,,,,,
2024,2,43,ARI,False,DB,DB,D,Rutgers,22.0,2025.0,0,0,0,4.0,Max Melton,CB,Rutgers,71.0,187.0,4.39,,40.5,136.0,,,,,,,,,,,,,,,,,,,,,,,,,,,,,,,,,,
2024,2,44,LVR,False,OL,OL,O,Oregon,21.0,2025.0,0,0,1,6.0,Jackson Powers-Johnson,C,Oregon,75.0,328.0,,,32.0,104.0,,,,,,,,,,,,,,,,,,,,,,,,,,,,,,,,,,
2024,2,45,GNB,False,LB,LB,D,Texas A&M,22.0,2025.0,0,0,0,10.0,Edgerrin Cooper,LB,Texas A&M,74.0,230.0,4.51,,34.5,118.0,,,,,,,,,,,,,,,,,,,,,,,,,,,,,,,,,,
2024,2,46,CAR,False,RB,RB,O,Texas,21.0,2024.0,0,0,0,0.0,Jonathon Brooks,RB,Texas,72.0,216.0,,,,,,,,,,,,,,,,,,,,,,,,,,,,,,,,,,,,,,
2024,2,47,NYG,False,DB,DB,D,Minnesota,23.0,2025.0,0,0,1,9.0,Tyler Nubin,SAF,Minnesota,73.0,199.0,,,,,,,,,,,,,,,,,,,,,,,,,,,,,,,,,,,,,,
2024,2,48,JAX,False,DT,DL,D,LSU,21.0,2025.0,0,0,0,4.0,Maason Smith,DT,LSU,77.0,306.0,5.01,,31.0,108.0,7.62,4.69,,,,,,,,,,,,,,,,,,,,,,,,,,,,,,,,
2024,2,49,CIN,False,DL,DL,D,Michigan,22.0,2025.0,0,0,0,6.0,Kris Jenkins,DT,Michigan,75.0,299.0,4.91,29.0,30.0,115.0,,4.78,,,,,,,,,,,,,,,,,,,,,,,,,,,,,,,,
2024,2,50,WAS,False,DB,DB,D,Michigan,23.0,2025.0,0,0,1,10.0,Mike Sainristil,CB,Michigan,69.0,182.0,4.47,14.0,40.0,131.0,6.99,4.01,,,,,,,,,,,,,,,,,,,,,,,,,,,,,,,,
2024,2,51,PIT,False,OL,OL,O,West Virginia,23.0,2025.0,0,0,1,13.0,Zach Frazier,C,West Virginia,75.0,313.0,,,,,,,,,,,,,,,,,,,,,,,,,,,,,,,,,,,,,,
2024,2,52,IND,False,WR,WR,O,Texas,21.0,2025.0,0,0,1,5.0,Adonai Mitchell,WR,Texas,74.0,205.0,4.34,,39.5,136.0,,,,,,,,,,,,,,,,,,,,,,,,,,,,,,,,,,
2024,2,53,WAS,False,TE,TE,O,Kansas St.,22.0,2025.0,0,0,0,1.0,Ben Sinnott,TE,Kansas St.,76.0,250.0,4.68,,40.0,126.0,6.82,4.23,,,,,,,,,,,,,,,,,,,,,,,,,,,,,,,,
2024,2,54,CLE,False,DT,DL,D,Ohio St.,21.0,2025.0,0,0,0,3.0,Michael Hall Jr.,DT,Ohio St.,75.0,290.0,,,,,,,,,,,,,,,,,,,,,,,,,,,,,,,,,,,,,,
2024,2,55,MIA,False,OL,OL,O,Houston,22.0,2025.0,0,0,0,10.0,Patrick Paul,OT,Houston,80.0,331.0,5.13,,29.0,,7.65,,,,,,,,,,,,,,,,,,,,,,,,,,,,,,,,,
2024,2,56,DAL,False,DL,DL,D,Western Michigan,23.0,2025.0,0,0,0,2.0,Marshawn Kneeland,EDGE,Western Michigan,75.0,267.0,4.75,21.0,35.5,119.0,7.02,4.18,,,,,,,,,,,,,,,,,,,,,,,,,,,,,,,,
2024,2,57,TAM,False,LB,LB,D,Alabama,22.0,2025.0,0,0,0,2.0,Chris Braswell,EDGE,Alabama,75.0,251.0,4.6,,33.5,115.0,,,,,,,,,,,,,,,,,,,,,,,,,,,,,,,,,,
2024,2,58,GNB,False,DB,DB,D,Georgia,22.0,2025.0,0,0,1,7.0,Javon Bullard,SAF,Georgia,71.0,198.0,4.47,,,,,,,,,,,,,,,,,,,,,,,,,,,,,,,,,,,,,
2024,2,59,HOU,False,OL,OL,O,Notre Dame,21.0,2025.0,0,0,0,8.0,Blake Fisher,OT,Notre Dame,78.0,310.0,5.2,,28.0,114.0,7.76,4.73,,,,,,,,,,,,,,,,,,,,,,,,,,,,,,,,
2024,2,60,BUF,False,SAF,DB,D,Utah,21.0,2025.0,0,0,0,9.0,Cole Bishop,SAF,Utah,74.0,206.0,4.45,,39.0,124.0,,,,,,,,,,,,,,,,,,,,,,,,,,,,,,,,,,
2024,2,61,DET,False,DB,DB,D,Missouri,22.0,2024.0,0,0,0,0.0,Ennis Rakestraw Jr.,CB,Missouri,71.0,183.0,4.51,,,120.0,,,,,,,,,,,,,,,,,,,,,,,,,,,,,,,,,,
2024,2,62,BAL,False,OL,OL,O,Washington,22.0,2025.0,0,0,1,17.0,Roger Rosengarten,OT,Washington,77.0,308.0,4.92,,30.0,113.0,,4.6,,,,,,,,,,,,,,,,,,,,,,,,,,,,,,,,
2024,2,63,KAN,False,OL,OL,O,BYU,21.0,2025.0,0,0,0,10.0,Kingsley Suamataia,OT,BYU,77.0,326.0,5.04,,28.0,110.0,,,,,,,,,,,,,,,,,,,,,,,,,,,,,,,,,,
2024,2,64,SFO,False,DB,DB,D,Florida St.,23.0,2025.0,0,0,0,8.0,Renardo Green,CB,Florida St.,72.0,186.0,4.49,,37.5,130.0,,,,,,,,,,,,,,,,,,,,,,,,,,,,,,,,,,
2024,3,65,NYJ,False,WR,WR,O,Western Kentucky,22.0,2025.0,0,0,0,0.0,Malachi Corley,WR,Western Kentucky,71.0,215.0,,,,,,,,,,,,,,,,,,,,,,,,,,,,,,,,,,,,,,
2024,3,66,ARI,False,RB,RB,O,Florida St.,22.0,2025.0,0,0,0,3.0,Trey Benson,RB,Florida St.,72.0,216.0,4.39,,33.5,122.0,,,,,,,,,,,,,,,,,,,,,,,,,,,,,,,,,,
2024,3,67,WAS,False,OL,OL,O,TCU,23.0,2025.0,0,0,1,11.0,Brandon Coleman,G,TCU,77.0,313.0,4.99,,34.0,114.0,,,,,,,,,,,,,,,,,,,,,,,,,,,,,,,,,,
2024,3,68,NWE,False,OL,OL,O,Penn St.,24.0,2025.0,0,0,0,1.0,Caedan Wallace,OT,Penn St.,77.0,314.0,5.15,,31.0,116.0,,,,,,,,,,,,,,,,,,,,,,,,,,,,,,,,,,
2024,3,69,LAC,False,LB,LB,D,Michigan,21.0,2024.0,0,0,0,1.0,Junior Colson,LB,Michigan,74.0,238.0,,,,,,,,,,,,,,,,,,,,,,,,,,,,,,,,,,,,,,
2024,3,70,NYG,False,DB,DB,D,Kentucky,22.0,2025.0,0,0,0,6.0,Andru Phillips,CB,Kentucky,71.0,190.0,4.48,,42.0,135.0,,,,,,,,,,,,,,,,,,,,,,,,,,,,,,,,,,
2024,3,71,ARI,False,OL,OL,O,Illinois,24.0,2025.0,0,0,0,8.0,Isaiah Adams,G,Illinois,76.0,315.0,5.22,,24.5,102.0,7.77,4.73,,,,,,,,,,,,,,,,,,,,,,,,,,,,,,,,
2024,3,72,CAR,False,LB,LB,D,Kentucky,21.0,2025.0,0,0,1,8.0,Trevin Wallace,LB,Kentucky,73.0,237.0,4.51,,37.5,127.0,,,,,,,,,,,,,,,,,,,,,,,,,,,,,,,,,,
2024,3,73,DAL,False,OL,OL,O,Kansas St.,23.0,2025.0,0,0,1,10.0,Cooper Beebe,G,Kansas St.,75.0,322.0,5.03,,27.5,109.0,7.44,4.61,,,,,,,,,,,,,,,,,,,,,,,,,,,,,,,,
2024,3,75,CHI,False,OL,OL,O,Yale,22.0,2024.0,0,0,0,1.0,,,,,,,,,,,,,,,,,,,,,,,,,,,,,,,,,,,,,,,,,,,
2024,3,76,DEN,False,DE,DL,D,Utah,21.0,2025.0,0,0,0,3.0,Jonah Elliss,EDGE,Utah,74.0,248.0,,,,,,,,,,,,,,,,,,,,,,,,,,,,,,,,,,,,,,
2024,3,77,LVR,False,OL,OL,O,Maryland,22.0,2025.0,0,0,1,11.0,Delmar Glaze,OT,Maryland,76.0,315.0,5.21,,25.5,104.0,,,,,,,,,,,,,,,,,,,,,,,,,,,,,,,,,,
2024,3,78,HOU,False,SAF,DB,D,USC,21.0,2025.0,0,1,1,14.0,Calen Bullock,SAF,USC,74.0,188.0,4.48,,,,,,,,,,,,,,,,,,,,,,,,,,,,,,,,,,,,,
2024,3,79,IND,False,OL,OL,O,Pittsburgh,23.0,2025.0,0,0,0,12.0,,,,,,,,,,,,,,,,,,,,,,,,,,,,,,,,,,,,,,,,,,,
2024,3,80,CIN,False,WR,WR,O,Alabama,23.0,2024.0,0,0,0,1.0,Jermaine Burton,WR,Alabama,72.0,196.0,4.45,,38.5,133.0,,,,,,,,,,,,,,,,,,,,,,,,,,,,,,,,,,
2024,3,81,SEA,False,OL,OL,O,Connecticut,24.0,2025.0,0,0,0,2.0,Christian Haynes,G,Connecticut,75.0,317.0,5.03,,33.0,102.0,,,,,,,,,,,,,,,,,,,,,,,,,,,,,,,,,,
2024,3,82,ARI,False,TE,TE,O,Illinois,22.0,2025.0,0,0,1,0.0,Tip Reiman,TE,Illinois,77.0,271.0,4.64,28.0,33.5,121.0,7.02,4.26,,,,,,,,,,,,,,,,,,,,,,,,,,,,,,,,
2024,3,83,LAR,False,RB,RB,O,Michigan,23.0,2025.0,0,0,0,8.0,Blake Corum,RB,Michigan,68.0,205.0,4.53,27.0,35.5,,6.82,4.12,,,,,,,,,,,,,,,,,,,,,,,,,,,,,,,,
2024,3,84,PIT,False,WR,WR,O,Michigan,23.0,2025.0,0,0,0,2.0,Roman Wilson,WR,Michigan,71.0,185.0,4.39,12.0,,,,,,,,,,,,,,,,,,,,,,,,,,,,,,,,,,,,
2024,3,85,CLE,False,OL,OL,O,Michigan,23.0,2025.0,0,0,0,1.0,Zak Zinter,G,Michigan,78.0,309.0,,,,,,,,,,,,,,,,,,,,,,,,,,,,,,,,,,,,,,
2024,3,86,SFO,False,OL,OL,O,Kansas,24.0,2025.0,0,0,1,15.0,Dominick Puni,G,Kansas,77.0,313.0,5.35,,30.0,107.0,7.47,4.4,,,,,,,,,,,,,,,,,,,,,,,,,,,,,,,,
2024,3,87,DAL,False,LB,LB,D,Notre Dame,23.0,2025.0,0,0,0,6.0,Marist Liufau,LB,Notre Dame,74.0,234.0,4.64,,,,,,,,,,,,,,,,,,,,,,,,,,,,,,,,,,,,,
2024,3,88,GNB,False,RB,RB,O,USC,23.0,2024.0,0,0,0,0.0,MarShawn Lloyd,RB,USC,69.0,220.0,4.46,25.0,36.0,118.0,,,,,,,,,,,,,,,,,,,,,,,,,,,,,,,,,,
2024,3,89,TAM,False,DB,DB,D,Georgia,23.0,2025.0,0,0,0,9.0,Tykee Smith,SAF,Georgia,70.0,202.0,4.46,,36.0,120.0,,,,,,,,,,,,,,,,,,,,,,,,,,,,,,,,,,
2024,3,90,ARI,False,DB,DB,D,Boston Col.,24.0,2025.0,0,0,0,0.0,Elijah Jones,CB,Boston Col.,74.0,185.0,4.44,,42.5,131.0,,,,,,,,,,,,,,,,,,,,,,,,,,,,,,,,,,
2024,3,91,GNB,False,LB,LB,D,Missouri,23.0,2025.0,0,0,0,3.0,Ty'Ron Hopper,LB,Missouri,74.0,231.0,,,,,,,,,,,,,,,,,,,,,,,,,,,,,,,,,,,,,,
2024,3,92,TAM,False,WR,WR,O,Washington,22.0,2025.0,0,0,0,7.0,Jalen McMillan,WR,Washington,73.0,197.0,4.47,,37.0,127.0,6.94,4.18,,,,,,,,,,,,,,,,,,,,,,,,,,,,,,,,
2024,3,93,BAL,False,DE,DL,D,Penn St.,22.0,2024.0,0,0,0,0.0,Adisa Isaac,EDGE,Penn St.,76.0,247.0,4.74,,34.5,123.0,,,,,,,,,,,,,,,,,,,,,,,,,,,,,,,,,,
2024,3,94,PHI,False,DE,DL,D,Houston Christian,23.0,2025.0,0,0,0,9.0,,,,,,,,,,,,,,,,,,,,,,,,,,,,,,,,,,,,,,,,,,,
2024,3,95,BUF,False,DT,DL,D,Duke,23.0,2024.0,0,0,0,2.0,DeWayne Carter,DT,Duke,74.0,302.0,4.99,,32.0,109.0,7.95,4.75,,,,,,,,,,,,,,,,,,,,,,,,,,,,,,,,
2024,3,96,JAX,False,DB,DB,D,Florida St.,23.0,2025.0,0,0,0,5.0,Jarrian Jones,CB,Florida St.,72.0,190.0,4.38,,39.5,129.0,,,,,,,,,,,,,,,,,,,,,,,,,,,,,,,,,,
2024,4,97,CIN,False,DL,DL,D,Texas A&M,22.0,2025.0,0,0,0,2.0,McKinnley Jackson,DT,Texas A&M,74.0,326.0,5.26,,23.0,106.0,,,,,,,,,,,,,,,,,,,,,,,,,,,,,,,,,,
2024,4,98,PIT,False,LB,LB,D,North Carolina St.,24.0,2025.0,0,0,0,7.0,Payton Wilson,LB,North Carolina St.,76.0,233.0,4.43,,34.5,119.0,,,,,,,,,,,,,,,,,,,,,,,,,,,,,,,,,,
2024,4,99,LAR,False,SAF,DB,D,Miami (FL),21.0,2025.0,0,0,0,8.0,Kamren Kinchens,SAF,Miami,71.0,203.0,4.65,,35.0,110.0,,,,,,,,,,,,,,,,,,,,,,,,,,,,,,,,,,
2024,4,100,WAS,False,WR,WR,O,Rice,23.0,2025.0,0,0,0,4.0,Luke McCaffrey,WR,Rice,74.0,198.0,4.46,,36.0,121.0,6.7,4.02,,,,,,,,,,,,,,,,,,,,,,,,,,,,,,,,
2024,4,101,CAR,False,TE,TE,O,Texas,21.0,2025.0,0,0,0,5.0,Ja'Tavion Sanders,TE,Texas,76.0,245.0,4.69,,,,,4.32,,,,,,,,,,,,,,,,,,,,,,,,,,,,,,,,
2024,4,102,DEN,False,WR,WR,O,Oregon,21.0,2025.0,0,0,0,8.0,Troy Franklin,WR,Oregon,74.0,176.0,4.41,,39.0,124.0,6.9,4.31,,,,,,,,,,,,,,,,,,,,,,,,,,,,,,,,
2024,4,103,NWE,False,OL,OL,O,Texas A&M,23.0,2024.0,0,0,1,4.0,Layden Robinson,G,Texas A&M,76.0,302.0,,,26.5,111.0,,,,,,,,,,,,,,,,,,,,,,,,,,,,,,,,,,
2024,4,104,ARI,False,DB,DB,D,Texas Tech,23.0,2025.0,0,0,0,3.0,Dadrion Taylor-Demerson,SAF,Texas Tech,70.0,197.0,4.41,,38.0,123.0,,,,,,,,,,,,,,,,,,,,,,,,,,,,,,,,,,
2024,4,105,LAC,False,DL,DL,D,Alabama,23.0,2025.0,0,0,0,2.0,Justin Eboigbe,DT,Alabama,76.0,297.0,5.18,,28.0,,,,,,,,,,,,,,,,,,,,,,,,,,,,,,,,,,,
2024,4,106,TEN,False,LB,LB,D,North Carolina,21.0,2025.0,0,0,0,6.0,Cedric Gray,LB,North Carolina,74.0,234.0,4.64,17.0,35.5,120.0,,,,,,,,,,,,,,,,,,,,,,,,,,,,,,,,,,
2024,4,107,NYG,False,TE,TE,O,Penn St.,23.0,2025.0,0,0,1,7.0,,,,,,,,,,,,,,,,,,,,,,,,,,,,,,,,,,,,,,,,,,,
2024,4,109,ATL,False,DE,DL,D,Oregon,23.0,2025.0,0,0,0,5.0,Brandon Dorlus,DE,Oregon,75.0,283.0,4.85,,30.5,111.0,7.43,4.85,,,,,,,,,,,,,,,,,,,,,,,,,,,,,,,,
2024,4,110,NWE,False,WR,WR,O,Central Florida,22.0,2024.0,0,0,0,0.0,Javon Baker,WR,Central Florida,73.0,202.0,4.54,,37.0,121.0,,,,,,,,,,,,,,,,,,,,,,,,,,,,,,,,,,
2024,4,111,GNB,False,DB,DB,D,Oregon,23.0,2025.0,0,0,0,8.0,Evan Williams,SAF,Oregon,71.0,200.0,4.6,,40.5,126.0,,,,,,,,,,,,,,,,,,,,,,,,,,,,,,,,,,
2024,4,112,LVR,False,CB,DB,D,Mississippi St.,23.0,2025.0,0,0,0,4.0,Decamerion Richardson,CB,Mississippi St.,74.0,188.0,4.34,,35.0,128.0,,,,,,,,,,,,,,,,,,,,,,,,,,,,,,,,,,
2024,4,113,BAL,False,WR,WR,O,North Carolina,23.0,2025.0,0,0,0,1.0,Devontez Walker,WR,North Carolina,74.0,193.0,4.36,,40.5,134.0,,,,,,,,,,,,,,,,,,,,,,,,,,,,,,,,,,
2024,4,114,JAX,False,OL,OL,O,Missouri,24.0,2024.0,0,0,0,0.0,Javon Foster,OT,Missouri,78.0,313.0,5.3,,32.5,106.0,,,,,,,,,,,,,,,,,,,,,,,,,,,,,,,,,,
2024,4,115,CIN,False,TE,TE,O,Iowa,23.0,2024.0,0,0,1,1.0,Erick All,TE,Iowa,76.0,252.0,,,,,,,,,,,,,,,,,,,,,,,,,,,,,,,,,,,,,,
2024,4,116,JAX,False,DT,DL,D,LSU,22.0,2025.0,0,0,0,1.0,Jordan Jefferson,DT,LSU,75.0,313.0,,34.0,31.0,104.0,,,,,,,,,,,,,,,,,,,,,,,,,,,,,,,,,,
2024,4,117,IND,False,OL,OL,O,Wisconsin,22.0,2025.0,0,0,0,10.0,,,,,,,,,,,,,,,,,,,,,,,,,,,,,,,,,,,,,,,,,,,
2024,4,118,SEA,False,LB,LB,D,Texas-El Paso,23.0,2025.0,0,0,0,9.0,Tyrice Knight,LB,Texas-El Paso,73.0,233.0,4.63,21.0,34.5,119.0,7.25,4.4,,,,,,,,,,,,,,,,,,,,,,,,,,,,,,,,
2024,4,119,PIT,False,OL,OL,O,South Dakota St.,24.0,2025.0,0,0,1,13.0,,,,,,,,,,,,,,,,,,,,,,,,,,,,,,,,,,,,,,,,,,,
2024,4,120,MIA,False,RB,RB,O,Tennessee,21.0,2025.0,0,0,0,4.0,Jaylen Wright,RB,Tennessee,71.0,210.0,4.38,,38.0,134.0,,,,,,,,,,,,,,,,,,,,,,,,,,,,,,,,,,
2024,4,121,SEA,False,TE,TE,O,Michigan,22.0,2025.0,0,0,0,7.0,AJ Barner,TE,Michigan,78.0,251.0,,,,,,,,,,,,,,,,,,,,,,,,,,,,,,,,,,,,,,
2024,4,122,CHI,False,P,P,S,Iowa,26.0,2025.0,0,0,0,6.0,Tory Taylor,P,Iowa,76.0,223.0,,,,,,,,,,,,,,,,,,,,,,,,,,,,,,,,,,,,,,
2024,4,123,HOU,False,TE,TE,O,Ohio St.,24.0,2025.0,0,0,1,2.0,Cade Stover,TE,Ohio St.,76.0,247.0,4.65,,34.5,117.0,,4.45,,,,,,,,,,,,,,,,,,,,,,,,,,,,,,,,
2024,4,124,SFO,False,DB,DB,D,Wake Forest,22.0,2025.0,0,0,1,8.0,Malik Mustapha,SAF,Wake Forest,70.0,209.0,,22.0,,,,,,,,,,,,,,,,,,,,,,,,,,,,,,,,,,,,
2024,4,125,TAM,False,RB,RB,O,Oregon,22.0,2025.0,0,0,0,18.0,Bucky Irving,RB,Oregon,69.0,192.0,4.55,,29.5,115.0,,,,,,,,,,,,,,,,,,,,,,,,,,,,,,,,,,
2024,4,126,DET,False,OL,OL,O,British Columbia,23.0,2025.0,0,0,0,1.0,,,,,,,,,,,,,,,,,,,,,,,,,,,,,,,,,,,,,,,,,,,
2024,4,127,PHI,False,RB,RB,O,Clemson,22.0,2025.0,0,0,0,2.0,Will Shipley,RB,Clemson,71.0,206.0,,,,,,,,,,,,,,,,,,,,,,,,,,,,,,,,,,,,,,
2024,4,128,BUF,False,RB,RB,O,Kentucky,24.0,2025.0,1,0,0,10.0,,,,,,,,,,,,,,,,,,,,,,,,,,,,,,,,,,,,,,,,,,,
2024,5,129,SFO,False,RB,RB,O,Louisville,24.0,2025.0,0,0,0,4.0,Isaac Guerendo,RB,Louisville,72.0,221.0,4.33,,41.5,129.0,6.94,4.15,,,,,,,,,,,,,,,,,,,,,,,,,,,,,,,,
2024,5,130,BAL,False,DB,DB,D,Iowa St.,22.0,2025.0,0,0,0,1.0,,,,,,,,,,,,,,,,,,,,,,,,,,,,,,,,,,,,,,,,,,,
2024,5,131,KAN,False,TE,TE,O,TCU,23.0,2025.0,0,0,0,0.0,Jared Wiley,TE,TCU,78.0,249.0,4.62,,37.0,118.0,7.19,,,,,,,,,,,,,,,,,,,,,,,,,,,,,,,,,
2024,5,132,DET,False,SAF,DB,D,Utah,23.0,2025.0,0,0,0,1.0,Sione Vaki,SAF,Utah,71.0,210.0,4.62,20.0,39.5,125.0,,,,,,,,,,,,,,,,,,,,,,,,,,,,,,,,,,
2024,5,133,KAN,False,DB,DB,D,Washington St.,22.0,2025.0,0,0,0,4.0,Jaden Hicks,SAF,Washington St.,74.0,211.0,,16.0,37.5,122.0,6.88,4.37,,,,,,,,,,,,,,,,,,,,,,,,,,,,,,,,
2024,5,134,NYJ,False,RB,RB,O,Wisconsin,20.0,2025.0,0,0,0,4.0,Braelon Allen,RB,Wisconsin,73.0,235.0,,26.0,32.0,117.0,,,,,,,,,,,,,,,,,,,,,,,,,,,,,,,,,,
2024,5,135,SFO,False,WR,WR,O,Arizona,23.0,2024.0,0,0,0,1.0,Jacob Cowing,WR,Arizona,68.0,168.0,4.38,,36.0,119.0,7.02,4.32,,,,,,,,,,,,,,,,,,,,,,,,,,,,,,,,
2024,5,136,SEA,False,CB,DB,D,Auburn,23.0,2025.0,0,0,0,2.0,Nehemiah Pritchett,CB,Auburn,72.0,190.0,4.36,,34.5,,,,,,,,,,,,,,,,,,,,,,,,,,,,,,,,,,,
2024,5,137,LAC,False,DB,DB,D,Maryland,22.0,2025.0,0,0,0,10.0,Tarheeb Still,CB,Maryland,72.0,189.0,4.52,,38.0,120.0,,,,,,,,,,,,,,,,,,,,,,,,,,,,,,,,,,
2024,5,138,ARI,False,DE,DL,D,Clemson,24.0,2025.0,0,0,0,1.0,Xavier Thomas,EDGE,Clemson,74.0,244.0,4.62,26.0,32.5,120.0,,,,,,,,,,,,,,,,,,,,,,,,,,,,,,,,,,
2024,5,139,WAS,False,LB,LB,D,Temple,23.0,2025.0,0,0,0,4.0,Jordan Magee,LB,Temple,73.0,228.0,4.55,,35.5,124.0,,,,,,,,,,,,,,,,,,,,,,,,,,,,,,,,,,
2024,5,140,LAC,False,CB,DB,D,Notre Dame,23.0,2025.0,0,0,1,6.0,Cam Hart,CB,Notre Dame,75.0,202.0,4.5,11.0,39.5,130.0,7.12,4.24,,,,,,,,,,,,,,,,,,,,,,,,,,,,,,,,
2024,5,141,BUF,False,OL,OL,O,Georgia,22.0,2025.0,0,0,0,4.0,,,,,,,,,,,,,,,,,,,,,,,,,,,,,,,,,,,,,,,,,,,
2024,5,142,IND,False,WR,WR,O,Oregon St.,23.0,2025.0,0,0,0,0.0,Anthony Gould,WR,Oregon St.,68.0,174.0,4.39,,39.5,129.0,,4.16,,,,,,,,,,,,,,,,,,,,,,,,,,,,,,,,
2024,5,143,ATL,False,LB,LB,D,Notre Dame,24.0,2025.0,0,0,0,3.0,JD Bertrand,LB,Notre Dame,73.0,235.0,,20.0,,,,,,,,,,,,,,,,,,,,,,,,,,,,,,,,,,,,
2024,5,144,CHI,False,DL,DL,D,Kansas,21.0,2025.0,0,0,0,5.0,Austin Booker,EDGE,Kansas,77.0,240.0,4.79,,32.5,120.0,,,,,,,,,,,,,,,,,,,,,,,,,,,,,,,,,,
2024,5,145,DEN,False,DB,DB,D,Missouri,22.0,2025.0,0,0,0,2.0,Kris Abrams-Draine,CB,Missouri,71.0,179.0,4.44,,33.5,,,,,,,,,,,,,,,,,,,,,,,,,,,,,,,,,,,
2024,5,146,TEN,False,DB,DB,D,Louisville,23.0,2025.0,0,0,1,6.0,Jarvis Brownlee,CB,Louisville,70.0,194.0,,,,,,,,,,,,,,,,,,,,,,,,,,,,,,,,,,,,,,
2024,5,147,DEN,False,RB,RB,O,Notre Dame,21.0,2025.0,0,0,0,2.0,Audric Estimé,RB,Notre Dame,71.0,221.0,4.71,23.0,38.0,125.0,,,,,,,,,,,,,,,,,,,,,,,,,,,,,,,,,,
2024,5,148,LVR,False,LB,LB,D,Ohio St.,23.0,2025.0,0,0,0,2.0,Tommy Eichenberg,LB,Ohio St.,74.0,233.0,,,32.5,116.0,,4.24,,,,,,,,,,,,,,,,,,,,,,,,,,,,,,,,
2024,5,149,CIN,False,CB,DB,D,TCU,23.0,2025.0,0,0,0,3.0,Josh Newton,CB,TCU,71.0,190.0,4.51,15.0,34.0,124.0,,4.15,,,,,,,,,,,,,,,,,,,,,,,,,,,,,,,,
2024,5,150,NOR,False,QB,QB,O,South Carolina,23.0,2025.0,0,0,0,6.0,Spencer Rattler,QB,South Carolina,72.0,211.0,4.95,,32.0,108.0,7.21,4.37,,,,,,,,,,,,,,,,,,,,,,,,,,,,,,,,
2024,5,151,IND,False,DB,DB,D,Missouri,22.0,2025.0,0,0,0,3.0,Jaylon Carlies,SAF,Missouri,75.0,227.0,4.5,20.0,32.5,125.0,,,,,,,,,,,,,,,,,,,,,,,,,,,,,,,,,,
2024,5,152,PHI,False,WR,WR,O,Texas A&M,23.0,2024.0,0,0,0,1.0,Ainias Smith,WR,Texas A&M,69.0,190.0,,21.0,,,,,,,,,,,,,,,,,,,,,,,,,,,,,,,,,,,,
2024,5,153,JAX,False,CB,DB,D,Mississippi,23.0,2024.0,0,0,0,1.0,Deantre Prince,CB,Mississippi,72.0,183.0,4.38,,34.5,125.0,,,,,,,,,,,,,,,,,,,,,,,,,,,,,,,,,,
2024,5,154,LAR,False,DE,DL,D,Washington St.,23.0,2025.0,0,0,0,1.0,Brennan Jackson,EDGE,Washington St.,76.0,264.0,4.69,21.0,33.5,114.0,,,,,,,,,,,,,,,,,,,,,,,,,,,,,,,,,,
2024,5,155,PHI,False,LB,LB,D,Clemson,21.0,2025.0,0,0,0,4.0,Jeremiah Trotter Jr.,LB,Clemson,72.0,228.0,,21.0,,,7.13,4.4,,,,,,,,,,,,,,,,,,,,,,,,,,,,,,,,
2024,5,156,CLE,False,WR,WR,O,Louisville,23.0,2025.0,0,0,0,1.0,Jamari Thrash,WR,Louisville,72.0,188.0,4.46,,34.0,120.0,7.16,,,,,,,,,,,,,,,,,,,,,,,,,,,,,,,,,
2024,5,157,CAR,False,DB,DB,D,Washington St.,21.0,2025.0,0,0,0,5.0,Chau Smith-Wade,CB,Washington St.,70.0,184.0,4.54,18.0,34.5,125.0,7.05,4.32,,,,,,,,,,,,,,,,,,,,,,,,,,,,,,,,
2024,5,158,MIA,False,DL,DL,D,Colorado St.,25.0,2025.0,0,0,0,0.0,Mohamed Kamara,EDGE,Colorado St.,73.0,248.0,4.57,23.0,34.5,123.0,,,,,,,,,,,,,,,,,,,,,,,,,,,,,,,,,,
2024,5,159,KAN,False,OL,OL,O,Penn St.,23.0,2025.0,0,0,0,2.0,Hunter Nourzad,C,Penn St.,75.0,317.0,,,,,,,,,,,,,,,,,,,,,,,,,,,,,,,,,,,,,,
2024,5,160,BUF,False,LB,LB,D,Washington,24.0,2025.0,0,0,0,1.0,Edefuan Ulofoshio,LB,Washington,73.0,236.0,4.56,,39.5,128.0,,,,,,,,,,,,,,,,,,,,,,,,,,,,,,,,,,
2024,6,161,WAS,False,CB,DB,D,Washington,24.0,2024.0,0,0,0,0.0,Dominique Hampton,SAF,Washington,74.0,215.0,4.51,,39.0,122.0,6.83,4.14,,,,,,,,,,,,,,,,,,,,,,,,,,,,,,,,
2024,6,162,ARI,False,OL,OL,O,Texas,24.0,2025.0,0,0,0,1.0,Christian Jones,OT,Texas,77.0,305.0,5.04,,,,8.09,4.78,,,,,,,,,,,,,,,,,,,,,,,,,,,,,,,,
2024,6,163,GNB,False,OL,OL,O,Duke,23.0,2025.0,0,0,0,2.0,Jacob Monk,C,Duke,75.0,308.0,5.09,,29.5,108.0,,,,,,,,,,,,,,,,,,,,,,,,,,,,,,,,,,
2024,6,165,BAL,False,RB,RB,O,Marshall,23.0,2025.0,0,0,0,1.0,Rasheen Ali,RB,Marshall,71.0,206.0,,,,,,,,,,,,,,,,,,,,,,,,,,,,,,,,,,,,,,
2024,6,166,NYG,False,RB,RB,O,Purdue,24.0,2025.0,0,0,1,14.0,Tyrone Tracy Jr.,RB,Purdue,71.0,209.0,4.48,,40.0,124.0,6.81,4.06,,,,,,,,,,,,,,,,,,,,,,,,,,,,,,,,
2024,6,167,JAX,False,RB,RB,O,Texas,24.0,2024.0,0,0,0,0.0,Keilan Robinson,RB,Texas,68.0,191.0,4.42,,33.0,125.0,,,,,,,,,,,,,,,,,,,,,,,,,,,,,,,,,,
2024,6,168,BUF,False,DE,DL,D,Troy,23.0,2025.0,0,0,0,4.0,Javon Solomon,EDGE,Troy,73.0,246.0,4.72,23.0,37.0,119.0,,,,,,,,,,,,,,,,,,,,,,,,,,,,,,,,,,
2024,6,169,GNB,False,DB,DB,D,Oregon St.,23.0,2025.0,0,0,0,2.0,,,,,,,,,,,,,,,,,,,,,,,,,,,,,,,,,,,,,,,,,,,
2024,6,170,NOR,False,WR,WR,O,Pittsburgh,23.0,2024.0,0,0,0,1.0,Bub Means,WR,Pittsburgh,73.0,212.0,4.43,19.0,39.5,122.0,,,,,,,,,,,,,,,,,,,,,,,,,,,,,,,,,,
2024,6,172,PHI,False,OL,OL,O,Michigan,24.0,2025.0,0,0,0,0.0,Trevor Keegan,G,Michigan,77.0,310.0,5.24,,30.5,107.0,,,,,,,,,,,,,,,,,,,,,,,,,,,,,,,,,,
2024,6,173,NYJ,False,RB,RB,O,South Dakota St.,22.0,2025.0,0,0,0,5.0,,,,,,,,,,,,,,,,,,,,,,,,,,,,,,,,,,,,,,,,,,,
2024,6,174,DAL,False,DB,DB,D,Wake Forest,22.0,2025.0,0,0,0,2.0,Caelen Carson,CB,Wake Forest,72.0,199.0,,,,,,,,,,,,,,,,,,,,,,,,,,,,,,,,,,,,,,
2024,6,175,NOR,False,LB,LB,D,Texas,22.0,2025.0,0,0,0,2.0,Jaylan Ford,LB,Texas,74.0,240.0,,,33.5,121.0,,,,,,,,,,,,,,,,,,,,,,,,,,,,,,,,,,
2024,6,176,NYJ,False,CB,DB,D,,22.0,2025.0,0,0,0,3.0,,,,,,,,,,,,,,,,,,,,,,,,,,,,,,,,,,,,,,,,,,,
2024,6,177,MIN,False,OL,OL,O,Oklahoma,23.0,2025.0,0,0,0,0.0,Walter Rouse,OT,Oklahoma,78.0,313.0,,,,,,,,,,,,,,,,,,,,,,,,,,,,,,,,,,,,,,
2024,6,178,PIT,False,DL,DL,D,Iowa,24.0,2025.0,0,0,0,0.0,Logan Lee,DT,Iowa,77.0,281.0,5.05,25.0,31.5,114.0,7.16,4.37,,,,,,,,,,,,,,,,,,,,,,,,,,,,,,,,
2024,6,179,SEA,False,OL,OL,O,Utah,23.0,2024.0,0,0,0,2.0,Sataoa Laumea,G,Utah,76.0,319.0,,,26.0,104.0,,,,,,,,,,,,,,,,,,,,,,,,,,,,,,,,,,
2024,6,180,NWE,False,DB,DB,D,South Carolina,23.0,2024.0,0,0,0,1.0,Marcellas Dial,CB,South Carolina,72.0,190.0,4.46,,40.5,129.0,,,,,,,,,,,,,,,,,,,,,,,,,,,,,,,,,,
2024,6,181,LAC,False,RB,RB,O,Troy,23.0,2025.0,0,0,0,7.0,Kimani Vidal,RB,Troy,68.0,213.0,4.46,18.0,37.5,120.0,7.01,4.15,,,,,,,,,,,,,,,,,,,,,,,,,,,,,,,,
2024,6,182,TEN,False,WR,WR,O,Tulane,24.0,2024.0,0,0,0,0.0,Jha'Quan Jackson,WR,Tulane,69.0,188.0,4.42,12.0,32.0,118.0,,,,,,,,,,,,,,,,,,,,,,,,,,,,,,,,,,
2024,6,183,NYG,False,LB,LB,D,UCLA,23.0,2025.0,0,0,0,8.0,Darius Muasau,LB,UCLA,72.0,225.0,4.7,,36.5,117.0,,,,,,,,,,,,,,,,,,,,,,,,,,,,,,,,,,
2024,6,184,MIA,False,WR,WR,O,Virginia,23.0,2025.0,0,0,0,7.0,Malik Washington,WR,Virginia,69.0,191.0,4.47,19.0,42.5,126.0,,,,,,,,,,,,,,,,,,,,,,,,,,,,,,,,,,
2024,6,185,PHI,False,WR,WR,O,Florida St.,23.0,2024.0,0,0,0,0.0,Johnny Wilson,WR,Florida St.,78.0,231.0,4.52,,37.0,128.0,,4.11,,,,,,,,,,,,,,,,,,,,,,,,,,,,,,,,
2024,6,186,ATL,False,RB,RB,O,Alabama,22.0,2024.0,0,0,0,0.0,Jase McClellan,RB,Alabama,70.0,221.0,,20.0,,,,,,,,,,,,,,,,,,,,,,,,,,,,,,,,,,,,
2024,6,187,ATL,False,WR,WR,O,Illinois,23.0,2025.0,0,0,0,1.0,,,,,,,,,,,,,,,,,,,,,,,,,,,,,,,,,,,,,,,,,,,
2024,6,188,HOU,False,LB,LB,D,Oregon,23.0,2025.0,0,0,0,2.0,,,,,,,,,,,,,,,,,,,,,,,,,,,,,,,,,,,,,,,,,,,
2024,6,189,DET,False,DT,DL,D,LSU,21.0,2025.0,0,0,0,1.0,Mekhi Wingo,DT,LSU,72.0,284.0,4.85,25.0,31.5,109.0,,,,,,,,,,,,,,,,,,,,,,,,,,,,,,,,,,
2024,6,191,ARI,False,WR,WR,O,Ala-Birmingham,24.0,2025.0,0,0,0,0.0,,,,,,,,,,,,,,,,,,,,,,,,,,,,,,,,,,,,,,,,,,,
2024,7,193,NWE,False,QB,QB,O,Tennessee,24.0,2025.0,0,0,0,1.0,Joe Milton,QB,Tennessee,77.0,235.0,,,35.0,121.0,,,,,,,,,,,,,,,,,,,,,,,,,,,,,,,,,,
2024,7,194,CIN,False,TE,TE,O,Arizona,25.0,2024.0,0,0,0,0.0,Tanner McLachlan,TE,Arizona,77.0,244.0,4.61,,35.0,117.0,,,,,,,,,,,,,,,,,,,,,,,,,,,,,,,,,,
2024,7,196,LAR,False,DT,DL,D,Clemson,23.0,2025.0,0,0,0,3.0,Tyler Davis,DT,Clemson,74.0,301.0,5.02,29.0,28.5,108.0,,5.0,,,,,,,,,,,,,,,,,,,,,,,,,,,,,,,,
2024,7,198,MIA,False,DB,DB,D,California,22.0,2024.0,0,0,0,0.0,,,,,,,,,,,,,,,,,,,,,,,,,,,,,,,,,,,,,,,,,,,
2024,7,199,NOR,False,DL,DL,D,Northern Iowa,24.0,2025.0,0,0,0,0.0,,,,,,,,,,,,,,,,,,,,,,,,,,,,,,,,,,,,,,,,,,,
2024,7,200,CAR,False,DT,DL,D,Mississippi St.,24.0,2025.0,0,0,0,0.0,Jaden Crumedy,DT,Mississippi St.,76.0,301.0,4.97,,29.5,105.0,,4.66,,,,,,,,,,,,,,,,,,,,,,,,,,,,,,,,
2024,7,202,GNB,False,OT,OL,O,Georgia St.,24.0,2024.0,0,0,0,1.0,,,,,,,,,,,,,,,,,,,,,,,,,,,,,,,,,,,,,,,,,,,
2024,7,203,MIN,False,K,K,S,Alabama,23.0,2025.0,1,0,0,8.0,Will Reichard,K,Alabama,73.0,187.0,,,,,,,,,,,,,,,,,,,,,,,,,,,,,,,,,,,,,,
2024,7,204,BUF,False,OL,OL,O,Central Florida,24.0,2025.0,0,0,0,2.0,Tylan Grable,OT,Central Florida,78.0,306.0,4.95,,36.5,117.0,,,,,,,,,,,,,,,,,,,,,,,,,,,,,,,,,,
2024,7,205,HOU,False,RB,RB,O,Louisville,25.0,2025.0,0,0,0,1.0,Jawhar Jordan,RB,Louisville,70.0,193.0,4.56,,,,,,,,,,,,,,,,,,,,,,,,,,,,,,,,,,,,,
2024,7,206,CLE,False,LB,LB,D,Mississippi St.,24.0,2024.0,0,0,0,1.0,Nathaniel Watson,LB,Mississippi St.,74.0,233.0,4.63,,31.0,111.0,,,,,,,,,,,,,,,,,,,,,,,,,,,,,,,,,,
2024,7,207,SEA,False,OT,OL,O,Findlay,25.0,2025.0,0,0,0,2.0,,,,,,,,,,,,,,,,,,,,,,,,,,,,,,,,,,,,,,,,,,,
2024,7,208,LVR,False,RB,RB,O,New Hampshire,24.0,2025.0,0,0,0,0.0,,,,,,,,,,,,,,,,,,,,,,,,,,,,,,,,,,,,,,,,,,,
2024,7,209,LAR,False,K,K,S,Stanford,22.0,2025.0,0,0,0,2.0,Joshua Karty,K,Stanford,74.0,207.0,,,,,,,,,,,,,,,,,,,,,,,,,,,,,,,,,,,,,,
2024,7,210,DET,False,OL,OL,O,Boston Col.,23.0,2025.0,0,0,0,6.0,Christian Mahogany,G,Boston Col.,75.0,314.0,5.13,,32.5,109.0,7.81,4.53,,,,,,,,,,,,,,,,,,,,,,,,,,,,,,,,
2024,7,212,JAX,False,K,K,S,Arkansas,21.0,2025.0,0,0,0,9.0,Cam Little,K,Arkansas,73.0,172.0,,,,,,,,,,,,,,,,,,,,,,,,,,,,,,,,,,,,,,
2024,7,213,LAR,False,WR,WR,O,Texas,23.0,2025.0,0,0,0,5.0,Jordan Whittington,WR,Texas,73.0,205.0,,18.0,,,,,,,,,,,,,,,,,,,,,,,,,,,,,,,,,,,,
2024,7,214,CIN,False,DE,DL,D,Mississippi,22.0,2025.0,0,0,0,2.0,Cedric Johnson,EDGE,Mississippi,75.0,260.0,4.63,25.0,38.0,122.0,,,,,,,,,,,,,,,,,,,,,,,,,,,,,,,,,,
2024,7,216,DAL,False,WR,WR,O,SE Missouri St.,24.0,2025.0,0,0,0,5.0,,,,,,,,,,,,,,,,,,,,,,,,,,,,,,,,,,,,,,,,,,,
2024,7,217,LAR,False,OL,OL,O,Arkansas,23.0,2025.0,0,0,1,7.0,Beaux Limmer,C,Arkansas,77.0,302.0,5.22,,36.5,110.0,7.47,4.57,,,,,,,,,,,,,,,,,,,,,,,,,,,,,,,,
2024,7,220,TAM,False,G,OL,O,Texas-El Paso,24.0,2025.0,0,0,0,2.0,,,,,,,,,,,,,,,,,,,,,,,,,,,,,,,,,,,,,,,,,,,
2024,7,222,WAS,False,DL,DL,D,Notre Dame,24.0,2025.0,0,0,0,1.0,Javontae Jean-Baptiste,EDGE,Notre Dame,77.0,239.0,4.66,,34.5,127.0,,,,,,,,,,,,,,,,,,,,,,,,,,,,,,,,,,
2024,7,223,LVR,False,FS,FS,,Air Force,23.0,2024.0,0,0,0,1.0,,,,,,,,,,,,,,,,,,,,,,,,,,,,,,,,,,,,,,,,,,,
2024,7,224,CIN,False,SAF,DB,D,Mississippi,23.0,2025.0,0,0,0,1.0,Daijahn Anthony,SAF,Mississippi,72.0,195.0,4.55,,37.0,116.0,,,,,,,,,,,,,,,,,,,,,,,,,,,,,,,,,,
2024,7,225,LAC,False,WR,WR,O,USC,22.0,2024.0,0,0,0,0.0,Brenden Rice,WR,USC,74.0,208.0,4.5,13.0,36.5,119.0,,,,,,,,,,,,,,,,,,,,,,,,,,,,,,,,,,
2024,7,226,ARI,False,DB,DB,D,Miami (FL),23.0,2025.0,0,0,0,0.0,,,,,,,,,,,,,,,,,,,,,,,,,,,,,,,,,,,,,,,,,,,
2024,7,227,CLE,False,DB,DB,D,South Dakota,22.0,2025.0,0,0,0,3.0,,,,,,,,,,,,,,,,,,,,,,,,,,,,,,,,,,,,,,,,,,,
2024,7,230,MIN,False,OL,OL,O,Wake Forest,24.0,2025.0,0,0,0,2.0,,,,,,,,,,,,,,,,,,,,,,,,,,,,,,,,,,,,,,,,,,,
2024,7,231,NWE,False,TE,TE,O,Florida St.,23.0,2024.0,0,0,0,0.0,Jaheim Bell,TE,Florida St.,74.0,241.0,4.61,,35.0,124.0,,,,,,,,,,,,,,,,,,,,,,,,,,,,,,,,,,
2024,7,232,MIN,False,DT,DL,D,Texas A&M-Commerce,24.0,2025.0,0,0,0,3.0,,,,,,,,,,,,,,,,,,,,,,,,,,,,,,,,,,,,,,,,,,,
2024,7,233,DAL,False,OL,OL,O,Louisiana,23.0,2025.0,0,0,0,3.0,,,,,,,,,,,,,,,,,,,,,,,,,,,,,,,,,,,,,,,,,,,
2024,7,235,DEN,False,WR,WR,O,Utah,26.0,2025.0,0,0,0,4.0,Devaughn Vele,WR,Utah,76.0,203.0,4.47,,36.0,126.0,,,,,,,,,,,,,,,,,,,,,,,,,,,,,,,,,,
2024,7,236,JAX,False,OLB,LB,D,Texas Tech,24.0,2024.0,0,0,0,0.0,Myles Cole,DE,Texas Tech,78.0,278.0,4.67,,35.0,120.0,,,,,,,,,,,,,,,,,,,,,,,,,,,,,,,,,,
2024,7,237,CIN,False,C,OL,O,Miami (FL),23.0,2025.0,0,0,0,2.0,,,,,,,,,,,,,,,,,,,,,,,,,,,,,,,,,,,,,,,,,,,
2024,7,238,HOU,False,DE,DL,D,USC,24.0,2024.0,0,0,0,0.0,,,,,,,,,,,,,,,,,,,,,,,,,,,,,,,,,,,,,,,,,,,
2024,7,241,MIA,False,WR,WR,O,USC,23.0,2025.0,0,0,0,0.0,,,,,,,,,,,,,,,,,,,,,,,,,,,,,,,,,,,,,,,,,,,
2024,7,242,TEN,False,SAF,DB,D,Miami (FL),21.0,2025.0,0,0,0,3.0,James Williams,SAF,Miami,76.0,231.0,4.65,,30.0,117.0,,,,,,,,,,,,,,,,,,,,,,,,,,,,,,,,,,
2024,7,243,CLE,False,DE,DL,D,Cincinnati,23.0,2025.0,0,0,0,1.0,,,,,,,,,,,,,,,,,,,,,,,,,,,,,,,,,,,,,,,,,,,
2024,7,246,TAM,False,TE,TE,O,Washington,24.0,2025.0,0,0,0,1.0,Devin Culp,TE,Washington,75.0,231.0,4.47,,,,,,,,,,,,,,,,,,,,,,,,,,,,,,,,,,,,,
2024,7,248,KAN,False,G,OL,O,Holy Cross,23.0,2025.0,0,0,0,0.0,,,,,,,,,,,,,,,,,,,,,,,,,,,,,,,,,,,,,,,,,,,
2024,7,250,BAL,False,SAF,DB,D,Purdue,22.0,2025.0,0,0,0,1.0,,,,,,,,,,,,,,,,,,,,,,,,,,,,,,,,,,,,,,,,,,,
2024,7,251,SFO,False,LB,LB,D,Florida St.,23.0,2025.0,0,0,0,5.0,Tatum Bethune,LB,Florida St.,72.0,229.0,,16.0,,,,,,,,,,,,,,,,,,,,,,,,,,,,,,,,,,,,
2024,7,252,TEN,False,DE,DL,D,Michigan,22.0,2025.0,0,0,0,3.0,Jaylen Harrell,EDGE,Michigan,76.0,250.0,,,37.0,118.0,,,,,,,,,,,,,,,,,,,,,,,,,,,,,,,,,,
2025,1,1,TEN,False,QB,QB,O,Miami (FL),23.0,2025.0,0,0,0,7.0,Cam Ward,QB,Miami,74.0,219.0,,,,,,,,,,,,,,,,,,,,,,,,,,,,,,,,,,,,,,
2025,1,2,JAX,False,WR,WR,O,Colorado,22.0,2025.0,0,0,0,5.0,Travis Hunter,CB/WR,Colorado,72.0,188.0,,,,,,,,,,,,,,,,,,,,,,,,,,,,,,,,,,,,,,
2025,1,3,NYG,False,DE,DL,D,Penn St.,21.0,2025.0,0,0,0,4.0,Abdul Carter,EDGE,Penn St.,75.0,250.0,,,,,,,,,,,,,,,,,,,,,,,,,,,,,,,,,,,,,,
2025,1,4,NWE,False,OT,OL,O,LSU,21.0,2025.0,0,0,0,8.0,Will Campbell,OT,LSU,78.0,319.0,4.98,,32.0,113.0,,,,,,,,,,,,,,,,,,,,,,,,,,,,,,,,,,
2025,1,5,CLE,False,DT,DL,D,Michigan,22.0,2025.0,0,0,0,8.0,Mason Graham,DT,Michigan,76.0,296.0,,24.0,,,,,,,,,,,,,,,,,,,,,,,,,,,,,,,,,,,,
2025,1,6,LVR,False,RB,RB,O,Boise St.,21.0,2025.0,0,0,0,7.0,Ashton Jeanty,RB,Boise St.,69.0,211.0,,,,,,,,,,,,,,,,,,,,,,,,,,,,,,,,,,,,,,
2025,1,7,NYJ,False,OL,OL,O,Missouri,21.0,2025.0,0,0,0,7.0,Armand Membou,OT,Missouri,76.0,332.0,4.91,,34.0,115.0,,,,,,,,,,,,,,,,,,,,,,,,,,,,,,,,,,
2025,1,8,CAR,False,WR,WR,O,Arizona,22.0,2025.0,0,0,0,9.0,Tetairoa McMillan,WR,Arizona,76.0,219.0,,,,,,,,,,,,,,,,,,,,,,,,,,,,,,,,,,,,,,
2025,1,9,NOR,False,OL,OL,O,Texas,21.0,2025.0,0,0,0,6.0,Kelvin Banks Jr.,OT,Texas,77.0,315.0,5.16,,32.0,104.0,7.81,4.66,,,,,,,,,,,,,,,,,,,,,,,,,,,,,,,,
2025,1,10,CHI,False,TE,TE,O,Michigan,21.0,2025.0,0,0,0,7.0,Colston Loveland,TE,Michigan,78.0,248.0,,,,,,,,,,,,,,,,,,,,,,,,,,,,,,,,,,,,,,
2025,1,11,SFO,False,DL,DL,D,Georgia,21.0,2025.0,0,0,0,4.0,Mykel Williams,EDGE,Georgia,77.0,260.0,,,,,,,,,,,,,,,,,,,,,,,,,,,,,,,,,,,,,,
2025,1,12,DAL,False,OL,OL,O,Alabama,21.0,2025.0,0,0,0,6.0,Tyler Booker,G,Alabama,77.0,321.0,5.38,,27.0,94.0,7.96,4.84,,,,,,,,,,,,,,,,,,,,,,,,,,,,,,,,
2025,1,13,MIA,False,DT,DL,D,Michigan,21.0,2025.0,0,0,0,3.0,Kenneth Grant,DT,Michigan,76.0,331.0,,22.0,,,,,,,,,,,,,,,,,,,,,,,,,,,,,,,,,,,,
2025,1,14,IND,False,TE,TE,O,Penn St.,23.0,2025.0,0,1,0,9.0,Tyler Warren,TE,Penn St.,78.0,256.0,,,,,,,,,,,,,,,,,,,,,,,,,,,,,,,,,,,,,,
2025,1,15,ATL,False,DE,DL,D,Georgia,21.0,2025.0,0,0,0,5.0,Jalon Walker,LB,Georgia,73.0,243.0,,,,,,,,,,,,,,,,,,,,,,,,,,,,,,,,,,,,,,
2025,1,16,ARI,False,DT,DL,D,Mississippi,21.0,2025.0,0,0,0,1.0,Walter Nolen,DT,Mississippi,76.0,296.0,,,,,,,,,,,,,,,,,,,,,,,,,,,,,,,,,,,,,,
2025,1,17,CIN,False,DE,DL,D,Texas A&M,21.0,2025.0,0,0,0,2.0,Shemar Stewart,EDGE,Texas A&M,77.0,267.0,4.59,,40.0,131.0,,,,,,,,,,,,,,,,,,,,,,,,,,,,,,,,,,
2025,1,18,SEA,False,OT,OL,O,North Dakota St.,23.0,2025.0,0,0,0,7.0,,,,,,,,,,,,,,,,,,,,,,,,,,,,,,,,,,,,,,,,,,,
2025,1,19,TAM,False,WR,WR,O,Ohio St.,22.0,2025.0,0,0,0,9.0,Emeka Egbuka,WR,Ohio St.,73.0,202.0,,,,,,,,,,,,,,,,,,,,,,,,,,,,,,,,,,,,,,
2025,1,20,DEN,False,CB,DB,D,Texas,23.0,2025.0,0,0,0,3.0,Jahdae Barron,CB,Texas,71.0,194.0,4.39,,35.0,123.0,,,,,,,,,,,,,,,,,,,,,,,,,,,,,,,,,,
2025,1,21,PIT,False,DT,DL,D,Oregon,22.0,2025.0,0,0,0,4.0,Derrick Harmon,DT,Oregon,77.0,313.0,4.95,,,,,,,,,,,,,,,,,,,,,,,,,,,,,,,,,,,,,
2025,1,22,LAC,False,RB,RB,O,North Carolina,22.0,2025.0,0,0,0,5.0,Omarion Hampton,RB,North Carolina,72.0,221.0,4.46,18.0,38.0,130.0,,4.4,,,,,,,,,,,,,,,,,,,,,,,,,,,,,,,,
2025,1,23,GNB,False,WR,WR,O,Texas,22.0,2025.0,0,0,0,4.0,Matthew Golden,WR,Texas,71.0,191.0,4.29,,,,,,,,,,,,,,,,,,,,,,,,,,,,,,,,,,,,,
2025,1,24,MIN,False,OL,OL,O,Ohio St.,22.0,2025.0,0,0,0,5.0,Donovan Jackson,G,Ohio St.,76.0,315.0,,,,,,,,,,,,,,,,,,,,,,,,,,,,,,,,,,,,,,
2025,1,25,NYG,False,QB,QB,O,Mississippi,22.0,2025.0,0,0,0,11.0,Jaxson Dart,QB,Mississippi,74.0,223.0,,,,,,,,,,,,,,,,,,,,,,,,,,,,,,,,,,,,,,
2025,1,26,ATL,False,DE,DL,D,Tennessee,21.0,2025.0,0,0,0,3.0,James Pearce Jr.,EDGE,Tennessee,77.0,245.0,4.47,,31.0,123.0,,,,,,,,,,,,,,,,,,,,,,,,,,,,,,,,,,
2025,1,27,BAL,False,SAF,DB,D,Georgia,21.0,2025.0,0,0,0,5.0,Malaki Starks,SAF,Georgia,73.0,197.0,4.5,,33.0,,7.26,4.45,,,,,,,,,,,,,,,,,,,,,,,,,,,,,,,,
2025,1,28,DET,False,DT,DL,D,Ohio St.,22.0,2025.0,0,0,0,4.0,Tyleik Williams,DT,Ohio St.,75.0,334.0,,,,,,,,,,,,,,,,,,,,,,,,,,,,,,,,,,,,,,
2025,1,29,WAS,False,OL,OL,O,Oregon,21.0,2025.0,0,0,0,8.0,Joshua Conerly,OT,Oregon,77.0,311.0,5.05,,34.5,103.0,,,,,,,,,,,,,,,,,,,,,,,,,,,,,,,,,,
2025,1,30,BUF,False,CB,DB,D,Kentucky,22.0,2025.0,0,0,0,2.0,Maxwell Hairston,CB,Kentucky,71.0,183.0,4.28,,39.5,129.0,,,,,,,,,,,,,,,,,,,,,,,,,,,,,,,,,,
2025,1,31,PHI,False,LB,LB,D,Alabama,21.0,2025.0,0,0,0,6.0,Jihaad Campbell,LB,Alabama,75.0,235.0,4.52,,,127.0,,,,,,,,,,,,,,,,,,,,,,,,,,,,,,,,,,
2025,1,32,KAN,False,OL,OL,O,Ohio St.,22.0,2025.0,0,0,0,4.0,Josh Simmons,OT,Ohio St.,77.0,317.0,,,,,,,,,,,,,,,,,,,,,,,,,,,,,,,,,,,,,,
2025,2,33,CLE,False,LB,LB,D,UCLA,22.0,2025.0,0,0,0,8.0,Carson Schwesinger,LB,UCLA,75.0,242.0,,20.0,39.5,,,,,,,,,,,,,,,,,,,,,,,,,,,,,,,,,,,
2025,2,34,HOU,False,WR,WR,O,Iowa St.,22.0,2025.0,0,0,0,4.0,Jayden Higgins,WR,Iowa St.,76.0,214.0,4.47,,39.0,128.0,,,,,,,,,,,,,,,,,,,,,,,,,,,,,,,,,,
2025,2,35,SEA,False,SAF,DB,D,South Carolina,21.0,2025.0,0,0,0,4.0,Nick Emmanwori,SAF,South Carolina,75.0,220.0,4.38,20.0,43.0,138.0,,,,,,,,,,,,,,,,,,,,,,,,,,,,,,,,,,
2025,2,36,CLE,False,RB,RB,O,Ohio St.,21.0,2025.0,0,0,0,4.0,Quinshon Judkins,RB,Ohio St.,72.0,221.0,4.48,,38.5,132.0,,,,,,,,,,,,,,,,,,,,,,,,,,,,,,,,,,
2025,2,37,MIA,False,OL,OL,O,Arizona,21.0,2025.0,0,0,0,6.0,Jonah Savaiinaea,OT,Arizona,76.0,324.0,4.95,,29.0,106.0,,4.66,,,,,,,,,,,,,,,,,,,,,,,,,,,,,,,,
2025,2,38,NWE,False,RB,RB,O,Ohio St.,22.0,2025.0,0,0,0,8.0,TreVeyon Henderson,RB,Ohio St.,70.0,202.0,4.43,,38.5,128.0,,,,,,,,,,,,,,,,,,,,,,,,,,,,,,,,,,
2025,2,39,CHI,False,WR,WR,O,Missouri,21.0,2025.0,0,0,0,6.0,Luther Burden III,WR,Missouri,72.0,206.0,4.41,,,,,,,,,,,,,,,,,,,,,,,,,,,,,,,,,,,,,
2025,2,40,NOR,False,QB,QB,O,Louisville,25.0,2025.0,0,0,0,7.0,Tyler Shough,QB,Louisville,77.0,219.0,4.63,,32.0,117.0,,,,,,,,,,,,,,,,,,,,,,,,,,,,,,,,,,
2025,2,41,BUF,False,DT,DL,D,South Carolina,22.0,2025.0,0,0,0,2.0,T.J. Sanders,DT,South Carolina,76.0,297.0,,,31.5,112.0,7.7,4.67,,,,,,,,,,,,,,,,,,,,,,,,,,,,,,,,
2025,2,42,NYJ,False,TE,TE,O,LSU,21.0,2025.0,0,0,0,3.0,Mason Taylor,TE,LSU,77.0,251.0,,,,,,,,,,,,,,,,,,,,,,,,,,,,,,,,,,,,,,
2025,2,43,SFO,False,DT,DL,D,Texas,23.0,2025.0,0,0,0,2.0,Alfred Collins,DT,Texas,78.0,332.0,,,26.0,96.0,,,,,,,,,,,,,,,,,,,,,,,,,,,,,,,,,,
2025,2,44,DAL,False,DE,DL,D,Boston Col.,21.0,2025.0,0,0,0,3.0,Donovan Ezeiruaku,EDGE,Boston Col.,75.0,248.0,,22.0,35.5,119.0,6.94,4.19,,,,,,,,,,,,,,,,,,,,,,,,,,,,,,,,
2025,2,45,IND,False,DE,DL,D,Ohio St.,22.0,2025.0,0,0,0,1.0,JT Tuimoloau,EDGE,Ohio St.,76.0,265.0,,,,,,,,,,,,,,,,,,,,,,,,,,,,,,,,,,,,,,
2025,2,46,LAR,False,TE,TE,O,Oregon,22.0,2025.0,0,0,0,2.0,Terrance Ferguson,TE,Oregon,77.0,247.0,4.63,,39.0,122.0,,,,,,,,,,,,,,,,,,,,,,,,,,,,,,,,,,
2025,2,47,ARI,False,CB,DB,D,Michigan,22.0,2025.0,0,0,0,3.0,Will Johnson,CB,Michigan,74.0,194.0,,,,,,,,,,,,,,,,,,,,,,,,,,,,,,,,,,,,,,
2025,2,48,HOU,False,OL,OL,O,Minnesota,23.0,2025.0,0,0,0,7.0,Aireontae Ersery,OT,Minnesota,78.0,331.0,5.01,,29.5,111.0,7.81,4.82,,,,,,,,,,,,,,,,,,,,,,,,,,,,,,,,
2025,2,49,CIN,False,LB,LB,D,South Carolina,25.0,2025.0,0,0,0,6.0,Demetrius Knight Jr.,LB,South Carolina,74.0,235.0,4.58,22.0,31.5,118.0,7.12,4.25,,,,,,,,,,,,,,,,,,,,,,,,,,,,,,,,
2025,2,50,SEA,False,TE,TE,O,Miami (FL),22.0,2025.0,0,0,0,2.0,Elijah Arroyo,TE,Miami,77.0,250.0,,22.0,,,,,,,,,,,,,,,,,,,,,,,,,,,,,,,,,,,,
2025,2,51,CAR,False,DE,DL,D,Texas A&M,21.0,2025.0,0,0,0,4.0,Nic Scourton,EDGE,Texas A&M,75.0,257.0,,,,,,,,,,,,,,,,,,,,,,,,,,,,,,,,,,,,,,
2025,2,52,TEN,False,DE,DL,D,UCLA,21.0,2025.0,0,0,0,1.0,Oluwafemi Oladejo,EDGE,UCLA,75.0,259.0,,20.0,36.5,120.0,,,,,,,,,,,,,,,,,,,,,,,,,,,,,,,,,,
2025,2,53,TAM,False,CB,DB,D,Notre Dame,21.0,2025.0,0,0,0,2.0,Benjamin Morrison,CB,Notre Dame,72.0,193.0,,,,,,,,,,,,,,,,,,,,,,,,,,,,,,,,,,,,,,
2025,2,54,GNB,False,OT,OL,O,North Carolina St.,24.0,2025.0,0,0,0,5.0,Anthony Belton,OT,North Carolina St.,78.0,336.0,5.26,,29.5,107.0,7.77,,,,,,,,,,,,,,,,,,,,,,,,,,,,,,,,,
2025,2,55,LAC,False,WR,WR,O,Mississippi,23.0,2025.0,0,0,0,3.0,Cleveland Harris,WR,Mississippi,74.0,205.0,4.54,,38.5,125.0,,,,,,,,,,,,,,,,,,,,,,,,,,,,,,,,,,
2025,2,56,CHI,False,OL,OL,O,Boston Col.,23.0,2025.0,0,0,0,3.0,Ozzy Trapilo,OT,Boston Col.,80.0,316.0,5.21,,,106.0,7.71,4.7,,,,,,,,,,,,,,,,,,,,,,,,,,,,,,,,
2025,2,57,DET,False,OL,OL,O,Georgia,24.0,2025.0,0,0,0,7.0,Tate Ratledge,G,Georgia,79.0,308.0,4.97,,32.0,113.0,7.38,,,,,,,,,,,,,,,,,,,,,,,,,,,,,,,,,
2025,2,58,LVR,False,WR,WR,O,TCU,22.0,2025.0,0,0,0,2.0,Jack Bech,WR,TCU,73.0,214.0,,19.0,34.5,125.0,6.84,4.21,,,,,,,,,,,,,,,,,,,,,,,,,,,,,,,,
2025,2,59,BAL,False,DE,DL,D,Marshall,22.0,2025.0,0,0,0,2.0,Mike Green,EDGE,Marshall,75.0,251.0,,28.0,,,,,,,,,,,,,,,,,,,,,,,,,,,,,,,,,,,,
2025,2,60,DEN,False,RB,RB,O,Central Florida,24.0,2025.0,0,0,0,6.0,RJ Harvey,RB,Central Florida,68.0,205.0,4.4,16.0,38.0,127.0,,4.34,,,,,,,,,,,,,,,,,,,,,,,,,,,,,,,,
2025,2,61,WAS,False,CB,DB,D,Mississippi,23.0,2025.0,0,0,0,2.0,Trey Amos,CB,Mississippi,73.0,195.0,4.43,13.0,32.5,126.0,,,,,,,,,,,,,,,,,,,,,,,,,,,,,,,,,,
2025,2,62,CHI,False,DE,DL,D,Texas A&M,22.0,2025.0,0,0,0,0.0,Shemar Turner,DT,Texas A&M,75.0,290.0,,,,,,,,,,,,,,,,,,,,,,,,,,,,,,,,,,,,,,
2025,2,63,KAN,False,DT,DL,D,Tennessee,23.0,2025.0,0,0,0,1.0,Omarr Norman-Lott,DT,Tennessee,74.0,291.0,,,31.5,113.0,,,,,,,,,,,,,,,,,,,,,,,,,,,,,,,,,,
2025,2,64,PHI,False,SAF,DB,D,Texas,22.0,2025.0,0,0,0,3.0,Andrew Mukuba,SAF,Texas,71.0,186.0,4.45,,,,,,,,,,,,,,,,,,,,,,,,,,,,,,,,,,,,,
2025,3,65,NYG,False,DT,DL,D,Toledo,25.0,2025.0,0,0,0,2.0,Darius Alexander,DT,Toledo,76.0,305.0,4.95,28.0,31.5,111.0,7.6,4.79,,,,,,,,,,,,,,,,,,,,,,,,,,,,,,,,
2025,3,66,KAN,False,DE,DL,D,Louisville,22.0,2025.0,0,0,0,3.0,Ashton Gillotte,EDGE,Louisville,75.0,264.0,,24.0,36.5,120.0,,,,,,,,,,,,,,,,,,,,,,,,,,,,,,,,,,
2025,3,67,CLE,False,TE,TE,O,Bowling Green,21.0,2025.0,0,0,0,5.0,Harold Fannin Jr.,TE,Bowling Green,75.0,241.0,4.71,22.0,34.0,118.0,6.97,4.39,,,,,,,,,,,,,,,,,,,,,,,,,,,,,,,,
2025,3,68,LVR,False,CB,DB,D,Iowa St.,24.0,2025.0,0,0,0,4.0,Darien Porter,CB,Iowa St.,75.0,195.0,4.3,,36.5,131.0,6.71,4.04,,,,,,,,,,,,,,,,,,,,,,,,,,,,,,,,
2025,3,69,NWE,False,WR,WR,O,Washington St.,22.0,2025.0,0,0,0,2.0,Kyle Williams,WR,Washington St.,71.0,190.0,4.4,,36.5,119.0,,,,,,,,,,,,,,,,,,,,,,,,,,,,,,,,,,
2025,3,70,DET,False,WR,WR,O,Arkansas,23.0,2025.0,0,0,0,2.0,Isaac TeSlaa,WR,Arkansas,76.0,214.0,4.43,17.0,39.5,129.0,6.85,4.05,,,,,,,,,,,,,,,,,,,,,,,,,,,,,,,,
2025,3,71,NOR,False,DT,DL,D,Texas,24.0,2025.0,0,0,0,0.0,Vernon Broughton,DT,Texas,77.0,311.0,,,,,,,,,,,,,,,,,,,,,,,,,,,,,,,,,,,,,,
2025,3,72,BUF,False,DE,DL,D,Arkansas,22.0,2025.0,0,0,0,0.0,Landon Jackson,EDGE,Arkansas,78.0,264.0,4.68,,40.5,129.0,,,,,,,,,,,,,,,,,,,,,,,,,,,,,,,,,,
2025,3,73,NYJ,False,CB,DB,D,Florida St.,21.0,2025.0,0,0,0,2.0,Azareye'h Thomas,CB,Florida St.,74.0,197.0,,,,122.0,,,,,,,,,,,,,,,,,,,,,,,,,,,,,,,,,,
2025,3,74,DEN,False,WR,WR,O,Illinois,22.0,2025.0,0,0,0,3.0,Pat Bryant,WR,Illinois,74.0,204.0,4.61,,37.5,124.0,,,,,,,,,,,,,,,,,,,,,,,,,,,,,,,,,,
2025,3,75,SFO,False,LB,LB,D,Oklahoma St.,22.0,2025.0,0,0,0,1.0,Nickolas Martin,LB,Oklahoma St.,72.0,221.0,4.53,26.0,38.0,123.0,,,,,,,,,,,,,,,,,,,,,,,,,,,,,,,,,,
2025,3,76,DAL,False,CB,DB,D,East Carolina,24.0,2025.0,0,0,0,1.0,Shavon Revel Jr.,CB,East Carolina,74.0,194.0,,,,,,,,,,,,,,,,,,,,,,,,,,,,,,,,,,,,,,
2025,3,77,CAR,False,DE,DL,D,Mississippi,23.0,2025.0,0,0,0,2.0,Princely Umanmielen,EDGE,Mississippi,76.0,244.0,4.72,,38.0,126.0,7.33,4.46,,,,,,,,,,,,,,,,,,,,,,,,,,,,,,,,
2025,3,78,ARI,False,DE,DL,D,Oregon,23.0,2025.0,0,0,0,1.0,Jordan Burch,EDGE,Oregon,76.0,279.0,4.67,,,,,,,,,,,,,,,,,,,,,,,,,,,,,,,,,,,,,
2025,3,79,HOU,False,WR,WR,O,Iowa St.,23.0,2025.0,0,0,0,2.0,Jaylin Noel,WR,Iowa St.,70.0,194.0,4.39,23.0,41.5,134.0,6.82,4.17,,,,,,,,,,,,,,,,,,,,,,,,,,,,,,,,
2025,3,81,CIN,False,OL,OL,O,Georgia,22.0,2025.0,0,0,0,6.0,Dylan Fairchild,G,Georgia,77.0,318.0,,,27.5,111.0,,,,,,,,,,,,,,,,,,,,,,,,,,,,,,,,,,
2025,3,82,TEN,False,SAF,DB,D,Penn St.,21.0,2025.0,0,0,0,2.0,Kevin Winston Jr.,SAF,Penn St.,74.0,215.0,,,,,,,,,,,,,,,,,,,,,,,,,,,,,,,,,,,,,,
2025,3,83,PIT,False,RB,RB,O,Iowa,22.0,2025.0,0,0,0,1.0,Kaleb Johnson,RB,Iowa,73.0,224.0,4.57,,,,,,,,,,,,,,,,,,,,,,,,,,,,,,,,,,,,,
2025,3,84,TAM,False,CB,DB,D,Kansas St.,21.0,2025.0,0,0,0,3.0,Jacob Parrish,CB,Kansas St.,70.0,191.0,4.35,12.0,37.5,129.0,,,,,,,,,,,,,,,,,,,,,,,,,,,,,,,,,,
2025,3,85,KAN,False,CB,DB,D,California,22.0,2025.0,0,0,0,3.0,Nohl Williams,CB,California,72.0,199.0,4.5,19.0,33.5,120.0,,,,,,,,,,,,,,,,,,,,,,,,,,,,,,,,,,
2025,3,86,LAC,False,DT,DL,D,Oregon,25.0,2025.0,0,0,0,3.0,Jamaree Caldwell,DT,Oregon,74.0,332.0,5.16,,27.0,,,,,,,,,,,,,,,,,,,,,,,,,,,,,,,,,,,
2025,3,87,GNB,False,WR,WR,O,TCU,23.0,2025.0,0,0,0,1.0,Savion Williams,WR,TCU,76.0,222.0,4.48,,,,,,,,,,,,,,,,,,,,,,,,,,,,,,,,,,,,,
2025,3,89,JAX,False,OL,OL,O,West Virginia,22.0,2025.0,0,0,0,1.0,Wyatt Milum,OT,West Virginia,79.0,313.0,5.27,,30.0,108.0,,4.69,,,,,,,,,,,,,,,,,,,,,,,,,,,,,,,,
2025,3,90,LAR,False,DE,DL,D,Michigan,22.0,2025.0,0,0,0,2.0,Josaiah Stewart,EDGE,Michigan,73.0,249.0,,,,,,,,,,,,,,,,,,,,,,,,,,,,,,,,,,,,,,
2025,3,91,BAL,False,OL,OL,O,LSU,21.0,2025.0,0,0,0,0.0,Emery Jones,OT,LSU,77.0,315.0,,,,,,,,,,,,,,,,,,,,,,,,,,,,,,,,,,,,,,
2025,3,92,SEA,False,QB,QB,O,Alabama,22.0,2025.0,0,0,0,0.0,Jalen Milroe,QB,Alabama,74.0,217.0,,,,,,,,,,,,,,,,,,,,,,,,,,,,,,,,,,,,,,
2025,3,93,NOR,False,SAF,DB,D,Virginia,22.0,2025.0,0,0,0,7.0,Jonas Sanker,SAF,Virginia,72.0,206.0,4.48,12.0,36.5,128.0,,,,,,,,,,,,,,,,,,,,,,,,,,,,,,,,,,
2025,3,94,CLE,False,QB,QB,O,Oregon,24.0,2025.0,0,0,0,0.0,Dillon Gabriel,QB,Oregon,71.0,205.0,,,,,,,,,,,,,,,,,,,,,,,,,,,,,,,,,,,,,,
2025,3,95,NWE,False,OL,OL,O,Georgia,22.0,2025.0,0,0,0,7.0,Jared Wilson,C,Georgia,75.0,310.0,4.84,,32.0,112.0,,4.56,,,,,,,,,,,,,,,,,,,,,,,,,,,,,,,,
2025,3,96,ATL,False,SAF,DB,D,Notre Dame,23.0,2025.0,0,0,0,7.0,Xavier Watts,SAF,Notre Dame,72.0,204.0,,,,,,,,,,,,,,,,,,,,,,,,,,,,,,,,,,,,,,
2025,4,97,HOU,False,CB,DB,D,USC,21.0,2025.0,0,0,0,0.0,Jaylin Smith,CB,USC,71.0,187.0,4.45,,32.5,122.0,,,,,,,,,,,,,,,,,,,,,,,,,,,,,,,,,,
2025,4,98,LVR,False,OL,OL,O,Texas Tech,23.0,2025.0,0,0,0,2.0,,,,,,,,,,,,,,,,,,,,,,,,,,,,,,,,,,,,,,,,,,,
2025,4,99,LVR,False,OL,OL,O,William & Mary,23.0,2025.0,0,0,0,1.0,Charles Grant,OT,William & Mary,77.0,311.0,,,,,,,,,,,,,,,,,,,,,,,,,,,,,,,,,,,,,,
2025,4,100,SFO,False,CB,DB,D,Western Kentucky,23.0,2025.0,0,0,0,2.0,Upton Stout,CB,Western Kentucky,69.0,181.0,4.44,21.0,37.5,128.0,,4.29,,,,,,,,,,,,,,,,,,,,,,,,,,,,,,,,
2025,4,101,DEN,False,DE,DL,D,LSU,22.0,2025.0,0,0,0,1.0,Sai'vion Jones,EDGE,LSU,77.0,280.0,,19.0,33.0,119.0,,,,,,,,,,,,,,,,,,,,,,,,,,,,,,,,,,
2025,4,102,MIN,False,WR,WR,O,Maryland,22.0,2025.0,0,0,0,0.0,Tai Felton,WR,Maryland,73.0,183.0,4.37,,39.5,130.0,,,,,,,,,,,,,,,,,,,,,,,,,,,,,,,,,,
2025,4,103,TEN,False,WR,WR,O,Florida,23.0,2025.0,1,1,0,5.0,Chimere Dike,WR,Florida,73.0,196.0,4.34,,38.5,128.0,6.82,4.27,,,,,,,,,,,,,,,,,,,,,,,,,,,,,,,,
2025,4,104,JAX,False,RB,RB,O,Virginia Tech,22.0,2025.0,0,0,0,3.0,Bhayshul Tuten,RB,Virginia Tech,69.0,206.0,4.32,,40.5,130.0,,4.41,,,,,,,,,,,,,,,,,,,,,,,,,,,,,,,,
2025,4,105,NYG,False,RB,RB,O,Arizona St.,23.0,2025.0,0,0,0,5.0,Cam Skattebo,RB,Arizona St.,70.0,219.0,,,39.5,123.0,,,,,,,,,,,,,,,,,,,,,,,,,,,,,,,,,,
2025,4,106,NWE,False,SAF,DB,D,California,24.0,2025.0,0,0,0,6.0,Craig Woodson,SAF,California,72.0,200.0,4.45,13.0,36.0,127.0,,,,,,,,,,,,,,,,,,,,,,,,,,,,,,,,,,
2025,4,107,JAX,False,LB,LB,D,Notre Dame,24.0,2025.0,0,0,0,1.0,Jack Kiser,LB,Notre Dame,74.0,231.0,,,,,,,,,,,,,,,,,,,,,,,,,,,,,,,,,,,,,,
2025,4,108,LVR,False,WR,WR,O,Tennessee,22.0,2025.0,0,0,0,1.0,Dont'e Thornton Jr.,WR,Tennessee,77.0,205.0,4.3,,33.0,126.0,,,,,,,,,,,,,,,,,,,,,,,,,,,,,,,,,,
2025,4,109,BUF,False,DT,DL,D,Kentucky,21.0,2025.0,0,0,0,8.0,Deone Walker,DT,Kentucky,79.0,331.0,,,25.0,104.0,,,,,,,,,,,,,,,,,,,,,,,,,,,,,,,,,,
2025,4,110,NYJ,False,WR,WR,O,Georgia,23.0,2025.0,0,0,0,1.0,Arian Smith,WR,Georgia,72.0,179.0,4.36,,38.0,127.0,6.82,4.19,,,,,,,,,,,,,,,,,,,,,,,,,,,,,,,,
2025,4,111,PHI,False,DT,DL,D,Nebraska,24.0,2025.0,0,0,0,1.0,Ty Robinson,DT,Nebraska,77.0,288.0,4.83,28.0,33.5,119.0,7.58,4.5,,,,,,,,,,,,,,,,,,,,,,,,,,,,,,,,
2025,4,112,NOR,False,LB,LB,D,Oklahoma,22.0,2025.0,0,0,0,1.0,Danny Stutsman,LB,Oklahoma,75.0,233.0,4.52,,34.0,,,,,,,,,,,,,,,,,,,,,,,,,,,,,,,,,,,
2025,4,113,SFO,False,DT,DL,D,Indiana,23.0,2025.0,0,0,0,1.0,CJ West,DT,Indiana,73.0,316.0,4.95,,33.0,,,,,,,,,,,,,,,,,,,,,,,,,,,,,,,,,,,
2025,4,114,CAR,False,RB,RB,O,Georgia,21.0,2025.0,0,0,0,1.0,Trevor Etienne,RB,Georgia,69.0,198.0,4.42,15.0,35.0,124.0,,,,,,,,,,,,,,,,,,,,,,,,,,,,,,,,,,
2025,4,115,ARI,False,LB,LB,D,Ohio St.,23.0,2025.0,0,0,0,3.0,Cody Simon,LB,Ohio St.,74.0,229.0,,,,,,,,,,,,,,,,,,,,,,,,,,,,,,,,,,,,,,
2025,4,116,HOU,False,RB,RB,O,USC,24.0,2025.0,0,0,0,6.0,,,,,,,,,,,,,,,,,,,,,,,,,,,,,,,,,,,,,,,,,,,
2025,4,117,LAR,False,RB,RB,O,Auburn,22.0,2025.0,0,0,0,0.0,Jarquez Hunter,RB,Auburn,69.0,204.0,4.44,21.0,33.5,120.0,,,,,,,,,,,,,,,,,,,,,,,,,,,,,,,,,,
2025,4,118,ATL,False,SAF,DB,D,Oklahoma,22.0,2025.0,0,0,0,1.0,Billy Bowman Jr.,SAF,Oklahoma,70.0,192.0,4.42,17.0,35.5,123.0,,,,,,,,,,,,,,,,,,,,,,,,,,,,,,,,,,
2025,4,119,CIN,False,LB,LB,D,Clemson,22.0,2025.0,0,0,0,5.0,Barrett Carter,LB,Clemson,72.0,231.0,,,34.5,116.0,,4.41,,,,,,,,,,,,,,,,,,,,,,,,,,,,,,,,
2025,4,120,TEN,False,TE,TE,O,Texas,23.0,2025.0,0,0,0,3.0,Gunnar Helm,TE,Texas,77.0,241.0,4.84,,30.0,,7.15,4.4,,,,,,,,,,,,,,,,,,,,,,,,,,,,,,,,
2025,4,122,CAR,False,SAF,DB,D,Ohio St.,23.0,2025.0,0,0,0,3.0,Lathan Ransom,SAF,Ohio St.,72.0,206.0,,,,,,,,,,,,,,,,,,,,,,,,,,,,,,,,,,,,,,
2025,4,123,PIT,False,DE,DL,D,Ohio St.,23.0,2025.0,0,0,0,2.0,Jack Sawyer,EDGE,Ohio St.,76.0,260.0,,,,,,,,,,,,,,,,,,,,,,,,,,,,,,,,,,,,,,
2025,4,124,GNB,False,DE,DL,D,Texas,22.0,2025.0,0,0,0,2.0,Barryn Sorrell,EDGE,Texas,75.0,256.0,4.68,28.0,34.0,121.0,7.06,4.36,,,,,,,,,,,,,,,,,,,,,,,,,,,,,,,,
2025,4,125,LAC,False,DE,DL,D,South Carolina,23.0,2025.0,0,0,0,0.0,Kyle Kennard,EDGE,South Carolina,76.0,254.0,4.73,23.0,,,,,,,,,,,,,,,,,,,,,,,,,,,,,,,,,,,,
2025,4,126,CLE,False,RB,RB,O,Tennessee,20.0,2025.0,0,0,0,3.0,Dylan Sampson,RB,Tennessee,68.0,200.0,,13.0,35.0,124.0,,,,,,,,,,,,,,,,,,,,,,,,,,,,,,,,,,
2025,4,127,IND,False,OT,OL,O,Iowa St.,23.0,2025.0,0,0,0,3.0,Jalen Travis,OT,Iowa St.,80.0,339.0,5.14,,35.0,112.0,,,,,,,,,,,,,,,,,,,,,,,,,,,,,,,,,,
2025,4,128,WAS,False,WR,WR,O,Virginia Tech,23.0,2025.0,0,0,0,4.0,Joshua Lane,WR,Virginia Tech,70.0,191.0,4.34,14.0,40.0,132.0,6.75,4.12,,,,,,,,,,,,,,,,,,,,,,,,,,,,,,,,
2025,5,129,BAL,False,LB,LB,D,California,22.0,2025.0,0,0,0,5.0,Teddye Buchanan,LB,California,74.0,233.0,4.6,26.0,40.0,125.0,,,,,,,,,,,,,,,,,,,,,,,,,,,,,,,,,,
2025,5,130,NYJ,False,SAF,DB,D,Alabama,23.0,2025.0,0,0,0,4.0,Malachi Moore,SAF,Alabama,71.0,196.0,,,,,,,,,,,,,,,,,,,,,,,,,,,,,,,,,,,,,,
2025,5,131,NOR,False,CB,DB,D,Louisville,24.0,2025.0,0,0,0,3.0,Quincy Riley,CB,Louisville,71.0,194.0,4.48,,,,,,,,,,,,,,,,,,,,,,,,,,,,,,,,,,,,,
2025,5,132,CHI,False,LB,LB,D,Maryland,23.0,2025.0,0,0,0,1.0,,,,,,,,,,,,,,,,,,,,,,,,,,,,,,,,,,,,,,,,,,,
2025,5,133,KAN,False,WR,WR,O,Utah St.,22.0,2025.0,0,0,0,0.0,Jalen Royals,WR,Utah St.,72.0,205.0,4.42,13.0,,,,,,,,,,,,,,,,,,,,,,,,,,,,,,,,,,,,
2025,5,134,DEN,False,LB,LB,D,Alabama,24.0,2025.0,0,0,0,1.0,Que Robinson,EDGE,Alabama,76.0,243.0,,,,,,,,,,,,,,,,,,,,,,,,,,,,,,,,,,,,,,
2025,5,135,LVR,False,DT,DL,D,South Carolina,23.0,2025.0,0,0,0,1.0,Tonka Hemingway,DT,South Carolina,75.0,284.0,,,32.0,112.0,7.36,4.48,,,,,,,,,,,,,,,,,,,,,,,,,,,,,,,,
2025,5,136,TEN,False,WR,WR,O,Stanford,22.0,2025.0,0,0,0,4.0,Elic Ayomanor,WR,Stanford,74.0,206.0,4.44,,38.5,127.0,,,,,,,,,,,,,,,,,,,,,,,,,,,,,,,,,,
2025,5,137,NWE,False,DT,DL,D,Florida St.,22.0,2025.0,0,0,0,3.0,Joshua Farmer,DT,Florida St.,75.0,305.0,5.11,26.0,29.0,112.0,,,,,,,,,,,,,,,,,,,,,,,,,,,,,,,,,,
2025,5,138,SFO,False,WR,WR,O,Mississippi,23.0,2025.0,0,0,0,0.0,,,,,,,,,,,,,,,,,,,,,,,,,,,,,,,,,,,,,,,,,,,
2025,5,139,MIN,False,DE,DL,D,Georgia,22.0,2025.0,0,0,0,2.0,Tyrion Ingram-Dawkins,DT,Georgia,77.0,276.0,4.86,,36.0,124.0,7.28,4.34,,,,,,,,,,,,,,,,,,,,,,,,,,,,,,,,
2025,5,140,CAR,False,DT,DL,D,Florida,23.0,2025.0,0,0,0,1.0,Cam Jackson,DT,Florida,78.0,328.0,5.17,,24.5,93.0,,,,,,,,,,,,,,,,,,,,,,,,,,,,,,,,,,
2025,5,141,BAL,False,OT,OL,O,Alabama A&M,23.0,2025.0,0,0,0,1.0,,,,,,,,,,,,,,,,,,,,,,,,,,,,,,,,,,,,,,,,,,,
2025,5,142,SEA,False,DL,DL,D,Notre Dame,24.0,2025.0,0,0,0,0.0,,,,,,,,,,,,,,,,,,,,,,,,,,,,,,,,,,,,,,,,,,,
2025,5,143,MIA,False,DL,DL,D,Maryland,21.0,2025.0,0,0,0,6.0,,,,,,,,,,,,,,,,,,,,,,,,,,,,,,,,,,,,,,,,,,,
2025,5,144,CLE,False,QB,QB,O,Colorado,23.0,2025.0,0,1,0,2.0,Shedeur Sanders,QB,Colorado,74.0,212.0,,,,,,,,,,,,,,,,,,,,,,,,,,,,,,,,,,,,,,
2025,5,145,PHI,False,CB,DB,D,Central Florida,23.0,2025.0,0,0,0,0.0,Decarrion McWilliams,CB,Central Florida,70.0,191.0,4.41,,34.0,,,,,,,,,,,,,,,,,,,,,,,,,,,,,,,,,,,
2025,5,146,NWE,False,DE,DL,D,LSU,23.0,2025.0,0,0,0,0.0,Bradyn Swinson,EDGE,LSU,76.0,255.0,,,,,7.13,4.33,,,,,,,,,,,,,,,,,,,,,,,,,,,,,,,,
2025,5,147,SFO,False,RB,RB,O,Oregon,21.0,2025.0,0,0,0,0.0,Jordan James,RB,Oregon,70.0,205.0,4.55,,,117.0,,,,,,,,,,,,,,,,,,,,,,,,,,,,,,,,,,
2025,5,148,LAR,False,DT,DL,D,Ohio St.,23.0,2025.0,0,0,0,1.0,Ty Hamilton,DT,Ohio St.,75.0,299.0,,,,,,,,,,,,,,,,,,,,,,,,,,,,,,,,,,,,,,
2025,5,149,DAL,False,RB,RB,O,Texas,21.0,2025.0,0,0,0,1.0,,,,,,,,,,,,,,,,,,,,,,,,,,,,,,,,,,,,,,,,,,,
2025,5,150,MIA,False,CB,DB,D,Florida,23.0,2025.0,0,0,0,1.0,Jason Marshall Jr.,CB,Florida,72.0,194.0,4.49,,37.5,125.0,,,,,,,,,,,,,,,,,,,,,,,,,,,,,,,,,,
2025,5,151,IND,False,RB,RB,O,Kansas St.,22.0,2025.0,0,0,0,1.0,DJ Giddens,RB,Kansas St.,72.0,212.0,4.43,,39.5,130.0,,4.33,,,,,,,,,,,,,,,,,,,,,,,,,,,,,,,,
2025,5,152,DAL,False,LB,LB,D,Florida,21.0,2025.0,0,0,0,2.0,Shemar James,LB,Florida,73.0,222.0,4.69,,32.0,117.0,7.09,4.27,,,,,,,,,,,,,,,,,,,,,,,,,,,,,,,,
2025,5,153,CIN,False,OL,OL,O,Miami (FL),22.0,2025.0,0,0,0,3.0,Jalen Rivers,OT,Miami,78.0,319.0,5.29,,,108.0,,,,,,,,,,,,,,,,,,,,,,,,,,,,,,,,,,
2025,5,154,NYG,False,OL,OL,O,Purdue,22.0,2025.0,0,0,0,2.0,Marcus Mbow,G,Purdue,76.0,303.0,,,,,,4.67,,,,,,,,,,,,,,,,,,,,,,,,,,,,,,,,
2025,5,155,MIA,False,SAF,DB,D,Maryland,22.0,2025.0,0,0,0,2.0,Dante Trader Jr.,SAF,Maryland,71.0,196.0,,12.0,31.0,117.0,7.09,4.32,,,,,,,,,,,,,,,,,,,,,,,,,,,,,,,,
2025,5,156,KAN,False,LB,LB,D,Oregon,22.0,2025.0,0,0,0,1.0,Jeffrey Bassa,LB,Oregon,73.0,232.0,4.63,21.0,38.5,118.0,7.34,,,,,,,,,,,,,,,,,,,,,,,,,,,,,,,,,
2025,5,157,TAM,False,DT,DL,D,SMU,23.0,2025.0,0,0,0,5.0,Elijah Roberts,EDGE,SMU,76.0,285.0,4.78,,31.5,116.0,,,,,,,,,,,,,,,,,,,,,,,,,,,,,,,,,,
2025,5,158,LAC,False,WR,WR,O,Auburn,23.0,2025.0,0,0,0,0.0,KeAndre Lambert-Smith,WR,Auburn,73.0,190.0,4.37,,34.5,124.0,,,,,,,,,,,,,,,,,,,,,,,,,,,,,,,,,,
2025,5,159,GNB,False,DE,DL,D,Oklahoma St.,22.0,2025.0,0,0,0,0.0,Collin Oliver,EDGE,Oklahoma St.,74.0,240.0,4.56,,39.0,126.0,,,,,,,,,,,,,,,,,,,,,,,,,,,,,,,,,,
2025,5,160,SFO,False,SAF,DB,D,Kansas St.,23.0,2025.0,0,0,0,3.0,,,,,,,,,,,,,,,,,,,,,,,,,,,,,,,,,,,,,,,,,,,
2025,6,161,PHI,False,LB,LB,D,Georgia,22.0,2025.0,0,0,0,1.0,Smael Mondon,LB,Georgia,74.0,224.0,4.58,,,130.0,,,,,,,,,,,,,,,,,,,,,,,,,,,,,,,,,,
2025,6,162,NYJ,False,LB,LB,D,Miami (FL),22.0,2025.0,0,0,0,3.0,Francisco Mauigoa,LB,Miami,74.0,233.0,4.6,,35.0,121.0,7.15,4.24,,,,,,,,,,,,,,,,,,,,,,,,,,,,,,,,
2025,6,163,CAR,False,TE,TE,O,Notre Dame,22.0,2025.0,0,0,0,2.0,Mitchell Evans,TE,Notre Dame,77.0,258.0,4.74,,31.0,115.0,7.25,4.4,,,,,,,,,,,,,,,,,,,,,,,,,,,,,,,,
2025,6,164,PIT,False,DT,DL,D,Iowa,23.0,2025.0,0,0,0,2.0,Yahya Black,DT,Iowa,78.0,336.0,5.39,,25.5,101.0,7.63,4.72,,,,,,,,,,,,,,,,,,,,,,,,,,,,,,,,
2025,6,165,LAC,False,TE,TE,O,Syracuse,22.0,2025.0,0,0,0,6.0,Oronde Gadsden II,TE,Syracuse,77.0,243.0,,,34.0,114.0,,,,,,,,,,,,,,,,,,,,,,,,,,,,,,,,,,
2025,6,166,SEA,False,WR,WR,O,Colorado St.,22.0,2025.0,0,0,0,2.0,Tory Horton,WR,Colorado St.,75.0,196.0,4.41,,37.5,,,,,,,,,,,,,,,,,,,,,,,,,,,,,,,,,,,
2025,6,167,TEN,False,OL,OL,O,Sacramento St.,22.0,2025.0,0,0,0,1.0,Jackson Slater,G,Sacramento St.,75.0,311.0,5.01,,28.5,108.0,,,,,,,,,,,,,,,,,,,,,,,,,,,,,,,,,,
2025,6,168,PHI,False,C,OL,O,Boston Col.,23.0,2025.0,0,0,0,1.0,Drew Kendall,C,Boston Col.,76.0,308.0,5.05,,,,7.56,4.51,,,,,,,,,,,,,,,,,,,,,,,,,,,,,,,,
2025,6,170,BUF,False,SAF,DB,D,Ohio St.,22.0,2025.0,0,0,0,1.0,Jordan Hancock,CB,Ohio St.,72.0,195.0,,,,,,,,,,,,,,,,,,,,,,,,,,,,,,,,,,,,,,
2025,6,171,DET,False,G,OL,O,LSU,23.0,2025.0,0,0,0,0.0,Miles Frazier,G,LSU,78.0,317.0,5.24,,31.0,108.0,,,,,,,,,,,,,,,,,,,,,,,,,,,,,,,,,,
2025,6,173,BUF,False,TE,TE,O,Georgia Tech,24.0,2025.0,0,0,0,2.0,Jackson Hawes,TE,Georgia Tech,77.0,253.0,4.82,16.0,34.5,121.0,,4.4,,,,,,,,,,,,,,,,,,,,,,,,,,,,,,,,
2025,6,174,ARI,False,CB,DB,D,Ohio St.,22.0,2025.0,0,0,0,3.0,Denzel Burke,CB,Ohio St.,71.0,186.0,4.48,,,,,,,,,,,,,,,,,,,,,,,,,,,,,,,,,,,,,
2025,6,175,SEA,False,TE,TE,O,Alabama,23.0,2025.0,0,0,0,0.0,Robbie Ouzts,TE,Alabama,75.0,274.0,4.91,26.0,34.0,119.0,7.34,4.45,,,,,,,,,,,,,,,,,,,,,,,,,,,,,,,,
2025,6,176,NYJ,False,DE,DL,D,Miami (FL),23.0,2025.0,0,0,0,0.0,Tyler Baron,EDGE,Miami,77.0,258.0,4.62,19.0,35.5,121.0,,,,,,,,,,,,,,,,,,,,,,,,,,,,,,,,,,
2025,6,177,BUF,False,CB,DB,D,Virginia Tech,23.0,2025.0,0,0,0,1.0,Dorian Strong,CB,Virginia Tech,73.0,185.0,4.5,15.0,36.0,116.0,,,,,,,,,,,,,,,,,,,,,,,,,,,,,,,,,,
2025,6,179,MIA,False,RB,RB,O,Oklahoma St.,21.0,2025.0,0,0,0,2.0,Ollie Gordon II,RB,Oklahoma St.,73.0,226.0,4.61,,34.5,120.0,,,,,,,,,,,,,,,,,,,,,,,,,,,,,,,,,,
2025,6,180,LVR,False,DT,DL,D,Mississippi,23.0,2025.0,0,0,0,1.0,JJ Pegues,DT,Mississippi,75.0,309.0,5.15,,27.5,,,,,,,,,,,,,,,,,,,,,,,,,,,,,,,,,,,
2025,6,182,NWE,False,K,K,S,Miami (FL),22.0,2025.0,0,0,0,2.0,Andres Borregales,K,Miami,71.0,199.0,,,,,,,,,,,,,,,,,,,,,,,,,,,,,,,,,,,,,,
2025,6,183,TEN,False,DB,DB,D,California,24.0,2025.0,0,0,0,2.0,,,,,,,,,,,,,,,,,,,,,,,,,,,,,,,,,,,,,,,,,,,
2025,6,184,NOR,False,RB,RB,O,Kansas,22.0,2025.0,0,0,0,2.0,Devin Neal,RB,Kansas,71.0,213.0,4.58,,37.5,124.0,,,,,,,,,,,,,,,,,,,,,,,,,,,,,,,,,,
2025,6,186,BAL,False,K,K,S,Arizona,24.0,2025.0,0,0,0,3.0,,,,,,,,,,,,,,,,,,,,,,,,,,,,,,,,,,,,,,,,,,,
2025,6,187,HOU,False,SAF,DB,D,Penn St.,22.0,2025.0,0,0,0,1.0,Jaylen Reed,SAF,Penn St.,72.0,211.0,4.49,19.0,33.5,,,,,,,,,,,,,,,,,,,,,,,,,,,,,,,,,,,
2025,6,188,TEN,False,RB,RB,O,Michigan,22.0,2025.0,0,0,0,0.0,Kalel Mullings,RB,Michigan,74.0,226.0,,,,,,,,,,,,,,,,,,,,,,,,,,,,,,,,,,,,,,
2025,6,189,IND,False,QB,QB,O,Notre Dame,22.0,2025.0,0,0,0,2.0,Riley Leonard,QB,Notre Dame,76.0,216.0,,,,,,,,,,,,,,,,,,,,,,,,,,,,,,,,,,,,,,
2025,6,192,SEA,False,OT,OL,O,Kansas,24.0,2025.0,0,0,0,1.0,,,,,,,,,,,,,,,,,,,,,,,,,,,,,,,,,,,,,,,,,,,
2025,7,193,CIN,False,RB,RB,O,Texas Tech,23.0,2025.0,0,0,0,0.0,Tahj Brooks,RB,Texas Tech,69.0,214.0,4.52,16.0,35.0,120.0,6.9,4.06,,,,,,,,,,,,,,,,,,,,,,,,,,,,,,,,
2025,7,195,CHI,False,G,OL,O,Michigan St.,23.0,2025.0,0,0,0,1.0,,,,,,,,,,,,,,,,,,,,,,,,,,,,,,,,,,,,,,,,,,,
2025,7,198,GNB,False,DL,DL,D,Georgia,23.0,2025.0,0,0,0,1.0,,,,,,,,,,,,,,,,,,,,,,,,,,,,,,,,,,,,,,,,,,,
2025,7,199,LAC,False,OL,OL,O,Pittsburgh,23.0,2025.0,0,0,0,0.0,,,,,,,,,,,,,,,,,,,,,,,,,,,,,,,,,,,,,,,,,,,
2025,7,200,JAX,False,FS,FS,,Navy,22.0,2025.0,0,0,0,1.0,Rayuan Lane III,SAF,Navy,71.0,200.0,4.57,,37.0,128.0,7.1,4.28,,,,,,,,,,,,,,,,,,,,,,,,,,,,,,,,
2025,7,201,MIN,False,LB,LB,D,Penn St.,22.0,2025.0,0,0,0,0.0,Kobe King,LB,Penn St.,73.0,236.0,,,,,,,,,,,,,,,,,,,,,,,,,,,,,,,,,,,,,,
2025,7,203,BAL,False,WR,WR,O,Colorado,23.0,2025.0,0,0,0,0.0,LaJohntay Wester,WR,Colorado,70.0,163.0,4.46,,32.0,121.0,,,,,,,,,,,,,,,,,,,,,,,,,,,,,,,,,,
2025,7,204,DAL,False,OL,OL,O,Oregon,23.0,2025.0,0,0,0,0.0,Ajani Cornelius,OT,Oregon,77.0,310.0,,,,,,,,,,,,,,,,,,,,,,,,,,,,,,,,,,,,,,
2025,7,205,WAS,False,LB,LB,D,UCLA,24.0,2025.0,0,0,0,1.0,,,,,,,,,,,,,,,,,,,,,,,,,,,,,,,,,,,,,,,,,,,
2025,7,206,BUF,False,OL,OL,O,Connecticut,25.0,2025.0,0,0,0,0.0,Chase Lundt,OT,Connecticut,80.0,304.0,,,,,,,,,,,,,,,,,,,,,,,,,,,,,,,,,,,,,,
2025,7,207,PHI,False,OL,OL,O,Texas,21.0,2025.0,0,0,0,0.0,Cameron Williams,OT,Texas,78.0,317.0,,,,,,,,,,,,,,,,,,,,,,,,,,,,,,,,,,,,,,
2025,7,208,CAR,False,WR,WR,O,Colorado,22.0,2025.0,0,0,0,1.0,Jimmy Horn Jr.,WR,Colorado,68.0,174.0,4.46,,38.0,128.0,,4.41,,,,,,,,,,,,,,,,,,,,,,,,,,,,,,,,
2025,7,210,BAL,False,DT,DL,D,Virginia Tech,24.0,2025.0,0,0,0,0.0,Aeneas Peebles,DT,Virginia Tech,73.0,282.0,4.94,,32.5,109.0,,4.7,,,,,,,,,,,,,,,,,,,,,,,,,,,,,,,,
2025,7,211,ARI,False,OL,OL,O,Texas,23.0,2025.0,0,0,0,0.0,Hayden Conner,G,Texas,78.0,314.0,,,,,7.9,4.88,,,,,,,,,,,,,,,,,,,,,,,,,,,,,,,,
2025,7,214,LAC,False,SAF,DB,D,Clemson,24.0,2025.0,0,0,0,3.0,R.J. Mickens,SAF,Clemson,72.0,199.0,4.49,,41.5,121.0,,,,,,,,,,,,,,,,,,,,,,,,,,,,,,,,,,
2025,7,216,DEN,False,P,P,S,Florida,24.0,2025.0,0,0,0,3.0,Jeremy Crawshaw,P,Florida,76.0,198.0,,,,,,,,,,,,,,,,,,,,,,,,,,,,,,,,,,,,,,
2025,7,217,DAL,False,DT,DL,D,UCLA,22.0,2025.0,0,0,0,0.0,Jay Toia,DT,UCLA,74.0,342.0,,,,,,,,,,,,,,,,,,,,,,,,,,,,,,,,,,,,,,
2025,7,218,ATL,False,OT,OL,O,Wisconsin,23.0,2025.0,0,0,0,1.0,Jack Nelson,OT,Wisconsin,79.0,314.0,,,,,,,,,,,,,,,,,,,,,,,,,,,,,,,,,,,,,,
2025,7,219,NYG,False,TE,TE,O,Nebraska,22.0,2025.0,0,0,0,0.0,,,,,,,,,,,,,,,,,,,,,,,,,,,,,,,,,,,,,,,,,,,
2025,7,220,NWE,False,OL,OL,O,Missouri,23.0,2025.0,0,0,0,1.0,,,,,,,,,,,,,,,,,,,,,,,,,,,,,,,,,,,,,,,,,,,
2025,7,221,JAX,False,OL,OL,O,USC,23.0,2025.0,0,0,0,2.0,Jonah Monheim,C,USC,76.0,302.0,,,,,,,,,,,,,,,,,,,,,,,,,,,,,,,,,,,,,,
2025,7,222,LVR,False,LB,LB,D,Minnesota,23.0,2025.0,0,0,0,1.0,Cody Lindenberg,LB,Minnesota,74.0,236.0,,,,,,,,,,,,,,,,,,,,,,,,,,,,,,,,,,,,,,
2025,7,225,ARI,False,SAF,DB,D,Nevada,23.0,2025.0,0,0,0,1.0,,,,,,,,,,,,,,,,,,,,,,,,,,,,,,,,,,,,,,,,,,,
2025,7,226,PIT,False,LB,LB,D,Washington,24.0,2025.0,0,0,0,1.0,,,,,,,,,,,,,,,,,,,,,,,,,,,,,,,,,,,,,,,,,,,
2025,7,228,KAN,False,RB,RB,O,SMU,22.0,2025.0,0,0,0,3.0,Brashard Smith,RB,SMU,70.0,194.0,4.39,,32.5,117.0,,,,,,,,,,,,,,,,,,,,,,,,,,,,,,,,,,
2025,7,231,MIA,False,QB,QB,O,Texas,22.0,2025.0,0,0,0,2.0,Quinn Ewers,QB,Texas,74.0,214.0,,,,,,,,,,,,,,,,,,,,,,,,,,,,,,,,,,,,,,
2025,7,233,CHI,False,RB,RB,O,Rutgers,23.0,2025.0,0,0,0,6.0,Kyle Monangai,RB,Rutgers,68.0,211.0,4.6,,34.5,117.0,,,,,,,,,,,,,,,,,,,,,,,,,,,,,,,,,,
2025,7,234,SEA,False,OL,OL,O,Iowa,23.0,2025.0,0,0,0,0.0,,,,,,,,,,,,,,,,,,,,,,,,,,,,,,,,,,,,,,,,,,,
2025,7,235,TAM,False,WR,WR,O,Oregon,23.0,2025.0,0,0,0,3.0,Tez Johnson,WR,Oregon,70.0,154.0,4.51,,37.0,131.0,6.65,4.15,,,,,,,,,,,,,,,,,,,,,,,,,,,,,,,,
2025,7,236,JAX,False,RB,RB,O,Syracuse,21.0,2025.0,0,0,0,1.0,LeQuint Allen,RB,Syracuse,72.0,204.0,,,35.0,120.0,,,,,,,,,,,,,,,,,,,,,,,,,,,,,,,,,,
2025,7,238,SEA,False,WR,WR,O,UNLV,23.0,2025.0,0,0,0,0.0,Ricky White III,WR,UNLV,73.0,184.0,4.61,,36.0,123.0,,,,,,,,,,,,,,,,,,,,,,,,,,,,,,,,,,
2025,7,239,DAL,False,RB,RB,O,Clemson,22.0,2025.0,0,0,0,0.0,Phil Mafah,RB,Clemson,73.0,234.0,,,,,,,,,,,,,,,,,,,,,,,,,,,,,,,,,,,,,,
2025,7,242,LAR,False,WR,WR,O,Pittsburgh,22.0,2025.0,0,0,0,1.0,Konata Mumpfield,WR,Pittsburgh,71.0,186.0,4.59,,36.0,124.0,,,,,,,,,,,,,,,,,,,,,,,,,,,,,,,,,,
2025,7,244,DET,False,WR,WR,O,Georgia,22.0,2025.0,0,0,0,0.0,Dominic Lovett,WR,Georgia,70.0,185.0,4.4,,33.5,120.0,,4.27,,,,,,,,,,,,,,,,,,,,,,,,,,,,,,,,
2025,7,245,WAS,False,RB,RB,O,Arizona,24.0,2025.0,0,0,0,6.0,,,,,,,,,,,,,,,,,,,,,,,,,,,,,,,,,,,,,,,,,,,
2025,7,246,NYG,False,CB,DB,D,Oklahoma St.,23.0,2025.0,0,0,0,1.0,,,,,,,,,,,,,,,,,,,,,,,,,,,,,,,,,,,,,,,,,,,
2025,7,248,NOR,False,TE,TE,O,UCLA,22.0,2025.0,0,0,0,0.0,Moliki Matavao,TE,UCLA,78.0,260.0,4.81,,32.5,114.0,,,,,,,,,,,,,,,,,,,,,,,,,,,,,,,,,,
2025,7,249,SFO,False,OL,OL,O,Iowa,22.0,2025.0,0,0,0,3.0,Connor Colby,G,Iowa,78.0,309.0,5.11,,28.5,110.0,7.78,4.63,,,,,,,,,,,,,,,,,,,,,,,,,,,,,,,,
2025,7,251,NWE,False,LS,LS,S,Vanderbilt,23.0,2025.0,0,0,0,1.0,,,,,,,,,,,,,,,,,,,,,,,,,,,,,,,,,,,,,,,,,,,
2025,7,253,MIA,False,DL,DL,D,Georgia Tech,21.0,2025.0,0,0,0,1.0,,,,,,,,,,,,,,,,,,,,,,,,,,,,,,,,,,,,,,,,,,,
2025,7,254,NOR,False,DE,DL,D,Syracuse,23.0,2025.0,0,0,0,0.0,Fadil Diggs,EDGE,Syracuse,76.0,257.0,4.57,,30.5,121.0,,,,,,,,,,,,,,,,,,,,,,,,,,,,,,,,,,
2025,7,257,NWE,False,DB,DB,D,Memphis,23.0,2025.0,0,0,0,0.0,,,,,,,,,,,,,,,,,,,,,,,,,,,,,,,,,,,,,,,,,,,
