rb_rush_Att,rb_rush_Yds,rb_rush_Y_per_Att,rb_rush_TD,rb_rec_Rec,rb_rec_Yds,rb_rec_Y_per_Rec,rb_rec_TD,rec_Rec,rec_Yds,rec_Y/R,rec_TD,rec_Y/G,ht,wt,forty,bench,vertical,broad_jump,cone,shuttle,age,dr_av,draft_year
516.0,2856.0,5.5,27.0,49.0,444.0,9.2,2.0,207.0,3517.0,17.0,32.0,65.1,71.0,194.0,4.58,18.0,35.0,120.0,7.0,4.245,23.0,25.0,2000
487.0,2677.0,5.5,17.0,39.0,475.0,12.2,4.0,122.0,1807.0,14.4,14.5,46.2,72.0,240.0,4.58,23.0,35.0,120.0,7.0,4.245,21.0,53.0,2000
809.0,3998.0,4.9,37.0,71.0,571.0,8.0,4.0,122.0,1807.0,14.4,14.5,46.2,70.0,216.0,4.45,18.0,35.0,120.0,7.0,4.245,22.0,7.0,2000
516.0,2856.0,5.5,27.0,49.0,444.0,9.2,2.0,118.0,1970.0,16.7,17.0,85.7,77.0,231.0,4.59,18.0,33.0,115.0,7.0,4.245,23.0,34.0,2000
516.0,2856.0,5.5,27.0,49.0,444.0,9.2,2.0,72.0,1150.0,16.0,15.0,42.6,73.0,199.0,4.43,18.0,37.0,118.0,7.15,4.245,22.0,23.0,2000
1115.0,6397.0,5.7,63.0,31.0,304.0,9.8,0.0,122.0,1807.0,14.4,14.5,46.2,71.0,259.0,4.65,18.0,35.0,120.0,7.0,4.245,22.0,10.0,2000
516.0,2856.0,5.5,27.0,49.0,444.0,9.2,2.0,77.0,1038.0,13.5,12.0,30.5,78.0,265.0,4.85,18.0,35.0,120.0,7.0,4.245,22.0,19.0,2000
727.0,3565.0,4.9,41.0,62.0,798.0,12.9,8.0,122.0,1807.0,14.4,14.5,46.2,72.0,218.0,4.58,18.0,35.0,120.0,7.0,4.245,23.0,68.0,2000
516.0,2856.0,5.5,27.0,49.0,444.0,9.2,2.0,77.0,1091.0,14.2,11.0,28.7,78.0,270.0,4.78,18.0,33.5,123.0,6.94,4.08,23.0,10.0,2000
516.0,2856.0,5.5,27.0,49.0,444.0,9.2,2.0,155.0,2608.0,16.8,23.0,58.0,69.0,177.0,4.34,18.0,35.0,124.0,7.0,4.245,22.0,2.0,2000
558.0,3626.0,6.5,25.0,42.0,468.0,11.1,1.0,122.0,1807.0,14.4,14.5,46.2,71.0,193.0,4.41,18.0,35.0,120.0,7.0,4.245,23.0,6.0,2000
516.0,2856.0,5.5,27.0,49.0,444.0,9.2,2.0,217.0,3186.0,14.7,24.0,69.3,70.0,175.0,4.43,18.0,37.5,123.0,6.96,4.04,22.0,28.0,2000
516.0,2856.0,5.5,27.0,49.0,444.0,9.2,2.0,149.0,2366.0,15.9,22.0,53.8,74.0,169.0,4.45,18.0,35.0,120.0,7.0,4.245,23.0,25.0,2000
516.0,2856.0,5.5,27.0,49.0,444.0,9.2,2.0,24.0,467.0,19.5,5.0,23.4,74.0,221.0,4.48,18.0,35.0,120.0,7.0,4.245,22.0,32.0,2000
1138.0,5596.0,4.9,73.0,54.0,522.0,9.7,5.0,122.0,1807.0,14.4,14.5,46.2,72.0,225.0,4.5,23.0,37.0,115.0,6.92,4.4,23.0,4.0,2000
516.0,2856.0,5.5,27.0,49.0,444.0,9.2,2.0,105.0,1520.0,14.5,7.0,33.0,73.0,206.0,4.58,18.0,35.0,117.0,7.0,4.245,23.0,6.0,2000
516.0,2856.0,5.5,27.0,49.0,444.0,9.2,2.0,39.0,507.0,13.0,5.0,11.5,78.0,272.0,4.9,18.0,35.0,120.0,7.0,4.245,23.0,15.0,2000
516.0,2856.0,5.5,27.0,49.0,444.0,9.2,2.0,90.0,1833.0,20.4,14.0,57.3,73.0,218.0,4.62,18.0,37.5,124.0,6.91,4.09,21.0,14.0,2000
516.0,2856.0,5.5,27.0,49.0,444.0,9.2,2.0,85.0,1363.0,16.0,8.0,37.9,72.0,191.0,4.37,18.0,37.5,125.0,6.76,4.09,22.0,1.0,2000
595.0,3134.0,5.3,32.0,58.0,674.0,11.6,4.0,122.0,1807.0,14.4,14.5,46.2,71.0,216.0,4.48,18.0,32.5,121.0,7.0,4.245,22.0,6.0,2000
516.0,2856.0,5.5,27.0,49.0,444.0,9.2,2.0,52.0,960.0,18.5,5.0,36.9,71.0,192.0,4.41,18.0,34.0,115.0,6.89,4.39,22.0,49.0,2000
516.0,2856.0,5.5,27.0,49.0,444.0,9.2,2.0,234.0,3048.0,13.0,31.0,76.2,73.0,199.0,4.55,18.0,34.0,117.0,6.96,4.16,22.0,3.0,2000
516.0,2856.0,5.5,27.0,49.0,444.0,9.2,2.0,97.0,1501.0,15.5,14.0,46.9,72.0,197.0,4.56,18.0,35.0,120.0,7.0,4.245,21.0,51.0,2000
368.0,1963.0,5.3,18.0,17.0,208.0,12.2,3.0,122.0,1807.0,14.4,14.5,46.2,71.0,215.0,4.66,13.0,30.0,115.0,7.34,4.41,22.0,1.0,2000
573.0,2778.0,4.8,37.0,62.0,619.0,10.0,4.0,122.0,1807.0,14.4,14.5,46.2,70.0,215.0,4.56,16.0,38.5,128.0,6.84,4.2,23.0,3.0,2000
88.0,404.0,4.6,3.0,0.0,0.0,9.2,0.0,122.0,1807.0,14.4,14.5,46.2,70.0,214.0,4.41,23.0,41.5,131.0,6.82,3.93,23.0,0.0,2000
516.0,2856.0,5.5,27.0,49.0,444.0,9.2,2.0,128.0,1971.0,15.4,16.0,45.8,72.0,194.0,4.59,18.0,33.5,119.0,7.0,4.245,22.0,0.0,2000
516.0,2856.0,5.5,27.0,49.0,444.0,9.2,2.0,128.0,2131.0,16.6,20.0,56.1,75.0,199.0,4.56,18.0,37.5,121.0,7.03,4.29,22.0,3.0,2000
499.0,2599.0,5.2,27.0,54.0,369.0,6.8,0.0,122.0,1807.0,14.4,14.5,46.2,73.0,231.0,4.57,23.0,36.0,117.0,7.0,4.245,23.0,1.0,2000
516.0,2856.0,5.5,27.0,49.0,444.0,9.2,2.0,176.0,2443.0,13.9,15.0,54.3,71.0,204.0,4.5,18.0,35.0,120.0,7.33,4.18,23.0,1.0,2000
483.0,2822.0,5.8,27.0,51.0,590.0,11.6,5.0,122.0,1807.0,14.4,14.5,46.2,71.0,193.0,4.5,18.0,35.0,120.0,7.0,4.245,22.0,4.0,2000
516.0,2856.0,5.5,27.0,49.0,444.0,9.2,2.0,25.0,348.0,13.9,1.0,10.5,76.0,254.0,4.66,18.0,32.5,121.0,6.97,4.18,22.0,0.0,2000
516.0,2856.0,5.5,27.0,49.0,444.0,9.2,2.0,59.0,645.0,10.9,2.0,14.7,75.0,255.0,4.75,31.0,35.0,120.0,7.0,4.245,22.0,0.0,2000
516.0,2856.0,5.5,27.0,49.0,444.0,9.2,2.0,244.0,3986.0,16.3,26.0,94.9,66.0,171.0,4.55,18.0,32.5,106.0,6.61,3.84,23.0,0.0,2000
506.0,2493.0,4.9,24.0,37.0,251.0,6.8,1.0,122.0,1807.0,14.4,14.5,46.2,68.0,182.0,4.5,18.0,36.0,121.0,7.0,4.245,23.0,3.0,2000
516.0,2856.0,5.5,27.0,49.0,444.0,9.2,2.0,70.0,1403.0,20.0,15.0,58.5,71.0,180.0,4.59,18.0,36.0,123.0,7.22,4.16,22.0,4.0,2000
516.0,2856.0,5.5,27.0,49.0,444.0,9.2,2.0,162.0,2249.0,13.9,14.0,68.2,73.0,202.0,4.56,18.0,35.5,125.0,7.3,4.25,22.0,1.0,2000
448.0,2292.0,5.1,21.0,13.0,116.0,8.9,0.0,122.0,1807.0,14.4,14.5,46.2,67.0,204.0,4.6,13.0,35.0,111.0,7.14,4.14,22.0,0.0,2000
453.0,2238.0,4.9,29.0,33.0,302.0,9.2,4.0,122.0,1807.0,14.4,14.5,46.2,72.0,212.0,4.69,18.0,33.0,120.0,6.89,4.15,23.0,2.0,2000
907.0,5263.0,5.8,54.0,39.0,238.0,6.1,0.0,122.0,1807.0,14.4,14.5,46.2,70.0,221.0,4.46,18.0,40.5,124.0,6.84,4.21,22.0,121.0,2001
516.0,2856.0,5.5,27.0,49.0,444.0,9.2,2.0,137.0,2005.0,14.6,19.0,59.0,75.0,213.0,4.43,18.0,35.0,120.0,7.0,4.245,22.0,11.0,2001
516.0,2856.0,5.5,27.0,49.0,444.0,9.2,2.0,110.0,1914.0,17.4,15.0,87.0,73.0,211.0,4.61,18.0,35.0,120.0,7.0,4.245,21.0,30.0,2001
516.0,2856.0,5.5,27.0,49.0,444.0,9.2,2.0,151.0,2302.0,15.2,12.0,52.3,74.0,219.0,4.48,18.0,35.0,120.0,7.0,4.245,23.0,23.0,2001
516.0,2856.0,5.5,27.0,49.0,444.0,9.2,2.0,143.0,2547.0,17.8,19.0,60.6,70.0,184.0,4.31,18.0,35.0,120.0,7.0,4.245,22.0,23.0,2001
616.0,3060.0,5.0,37.0,63.0,616.0,9.8,2.0,122.0,1807.0,14.4,14.5,46.2,73.0,222.0,4.41,18.0,35.0,120.0,7.0,4.245,22.0,55.0,2001
516.0,2856.0,5.5,27.0,49.0,444.0,9.2,2.0,110.0,1955.0,17.8,9.0,59.2,71.0,185.0,4.46,18.0,39.5,120.0,6.95,4.06,22.0,13.0,2001
350.0,1890.0,5.4,14.0,5.0,52.0,10.4,0.0,122.0,1807.0,14.4,14.5,46.2,69.0,207.0,4.38,13.0,39.5,130.0,7.0,4.245,23.0,29.0,2001
516.0,2856.0,5.5,27.0,49.0,444.0,9.2,2.0,173.0,2510.0,14.5,20.0,55.8,72.0,198.0,4.45,18.0,35.0,120.0,7.0,4.245,22.0,116.0,2001
516.0,2856.0,5.5,27.0,49.0,444.0,9.2,2.0,107.0,1619.0,15.1,10.0,49.1,77.0,252.0,4.68,18.0,35.0,120.0,7.0,4.245,21.0,42.0,2001
516.0,2856.0,5.5,27.0,49.0,444.0,9.2,2.0,106.0,2173.0,20.5,23.0,90.5,73.0,211.0,4.48,18.0,35.0,120.0,7.0,4.245,23.0,17.0,2001
516.0,2856.0,5.5,27.0,49.0,444.0,9.2,2.0,68.0,760.0,11.2,5.0,18.1,74.0,266.0,4.76,22.0,34.0,112.0,7.38,4.43,23.0,38.0,2001
516.0,2856.0,5.5,27.0,49.0,444.0,9.2,2.0,33.0,713.0,21.6,6.0,64.8,73.0,192.0,4.57,18.0,33.0,108.0,7.51,4.14,23.0,84.0,2001
846.0,4098.0,4.8,49.0,78.0,750.0,9.6,1.0,122.0,1807.0,14.4,14.5,46.2,74.0,229.0,4.58,20.0,32.5,115.0,7.48,4.44,23.0,22.0,2001
516.0,2856.0,5.5,27.0,49.0,444.0,9.2,2.0,58.0,885.0,15.3,6.0,88.5,73.0,205.0,4.48,18.0,36.5,120.0,7.24,4.07,21.0,15.0,2001
807.0,4147.0,5.1,36.0,76.0,737.0,9.7,1.0,122.0,1807.0,14.4,14.5,46.2,70.0,234.0,4.57,24.0,35.0,120.0,7.0,4.245,22.0,11.0,2001
516.0,2856.0,5.5,27.0,49.0,444.0,9.2,2.0,111.0,1817.0,16.4,15.0,49.1,72.0,210.0,4.33,18.0,45.0,134.0,7.0,4.0,23.0,41.0,2001
556.0,3078.0,5.5,26.0,20.0,99.0,5.0,0.0,122.0,1807.0,14.4,14.5,46.2,69.0,223.0,4.61,23.0,35.0,120.0,7.0,4.245,22.0,27.0,2001
541.0,2950.0,5.5,31.0,38.0,278.0,7.3,3.0,122.0,1807.0,14.4,14.5,46.2,70.0,210.0,4.55,18.0,35.0,120.0,7.0,4.245,25.0,9.0,2001
516.0,2856.0,5.5,27.0,49.0,444.0,9.2,2.0,56.0,580.0,10.4,5.0,18.7,76.0,255.0,4.73,14.0,36.0,117.0,7.37,4.18,23.0,0.0,2001
516.0,2856.0,5.5,27.0,49.0,444.0,9.2,2.0,78.0,1603.0,20.6,12.0,76.3,69.0,184.0,4.41,18.0,38.5,121.0,7.44,4.25,22.0,92.0,2001
516.0,2856.0,5.5,27.0,49.0,444.0,9.2,2.0,115.0,2098.0,18.2,17.0,50.0,73.0,171.0,4.57,18.0,37.5,115.0,7.06,4.07,24.0,5.0,2001
486.0,2324.0,4.8,20.0,36.0,508.0,14.1,4.0,122.0,1807.0,14.4,14.5,46.2,73.0,235.0,4.56,18.0,35.0,120.0,7.0,4.245,22.0,33.0,2001
664.0,3218.0,4.8,28.0,106.0,831.0,7.8,3.0,122.0,1807.0,14.4,14.5,46.2,70.0,197.0,4.44,9.0,32.0,115.0,7.0,4.245,22.0,10.0,2001
516.0,2856.0,5.5,27.0,49.0,444.0,9.2,2.0,18.0,227.0,12.6,1.0,7.6,77.0,256.0,4.85,20.0,34.0,113.0,7.14,4.15,23.0,3.0,2001
324.0,1567.0,4.8,13.0,9.0,70.0,7.8,0.0,122.0,1807.0,14.4,14.5,46.2,70.0,227.0,4.57,24.0,37.5,119.0,7.32,4.22,21.0,45.0,2001
413.0,2522.0,6.1,27.0,24.0,200.0,8.3,1.0,122.0,1807.0,14.4,14.5,46.2,72.0,226.0,4.53,11.0,40.0,123.0,7.08,4.06,22.0,21.0,2001
516.0,2856.0,5.5,27.0,49.0,444.0,9.2,2.0,204.0,2991.0,14.7,29.0,68.0,74.0,209.0,4.51,18.0,41.0,129.0,7.06,3.99,22.0,16.0,2001
516.0,2856.0,5.5,27.0,49.0,444.0,9.2,2.0,40.0,544.0,13.6,3.0,12.4,74.0,275.0,4.99,18.0,30.0,106.0,7.49,4.26,21.0,6.0,2001
516.0,2856.0,5.5,27.0,49.0,444.0,9.2,2.0,40.0,580.0,14.5,4.0,13.8,74.0,204.0,4.49,18.0,43.0,134.0,7.0,4.245,22.0,0.0,2001
516.0,2856.0,5.5,27.0,49.0,444.0,9.2,2.0,54.0,544.0,10.1,5.0,12.4,76.0,255.0,4.76,22.0,33.0,106.0,7.12,4.19,22.0,0.0,2001
516.0,2856.0,5.5,27.0,49.0,444.0,9.2,2.0,59.0,861.0,14.6,3.0,19.1,77.0,256.0,4.96,18.0,35.5,109.0,7.3,4.4,22.0,0.0,2001
516.0,2856.0,5.5,27.0,49.0,444.0,9.2,2.0,159.0,2137.0,13.4,24.0,47.5,70.0,179.0,4.48,18.0,38.0,123.0,7.0,4.245,22.0,11.0,2001
516.0,2856.0,5.5,27.0,49.0,444.0,9.2,2.0,157.0,1974.0,12.6,11.0,45.9,72.0,199.0,4.42,18.0,43.5,126.0,6.56,3.73,23.0,1.0,2001
516.0,2856.0,5.5,27.0,49.0,444.0,9.2,2.0,32.0,383.0,12.0,4.0,9.3,76.0,252.0,5.02,16.0,32.0,113.0,7.4,4.31,24.0,0.0,2001
516.0,2856.0,5.5,27.0,49.0,444.0,9.2,2.0,46.0,543.0,11.8,5.0,12.9,76.0,242.0,4.76,18.0,35.0,120.0,7.0,4.245,22.0,6.0,2001
516.0,2856.0,5.5,27.0,49.0,444.0,9.2,2.0,78.0,1234.0,15.8,5.0,30.9,73.0,183.0,4.39,18.0,35.0,120.0,7.0,4.245,23.0,2.0,2001
266.0,1206.0,4.5,9.0,9.0,89.0,9.9,0.0,122.0,1807.0,14.4,14.5,46.2,72.0,193.0,4.42,8.0,35.0,120.0,6.96,4.07,22.0,0.0,2001
516.0,2856.0,5.5,27.0,49.0,444.0,9.2,2.0,112.0,1743.0,15.6,15.0,44.7,70.0,191.0,4.48,18.0,36.5,112.0,7.17,4.18,23.0,5.0,2001
516.0,2856.0,5.5,27.0,49.0,444.0,9.2,2.0,64.0,834.0,13.0,3.0,20.3,72.0,199.0,4.61,18.0,35.0,120.0,7.0,4.245,27.0,2.0,2001
516.0,2856.0,5.5,27.0,49.0,444.0,9.2,2.0,99.0,1747.0,17.6,13.0,56.4,72.0,197.0,4.22,18.0,35.0,120.0,7.0,4.245,21.0,22.0,2002
516.0,2856.0,5.5,27.0,49.0,444.0,9.2,2.0,61.0,815.0,13.4,10.0,38.8,77.0,255.0,4.64,18.0,35.0,120.0,7.0,4.245,22.0,35.0,2002
501.0,2974.0,5.9,33.0,31.0,343.0,11.1,3.0,122.0,1807.0,14.4,14.5,46.2,72.0,221.0,4.6,27.0,42.0,121.0,7.0,4.245,22.0,14.0,2002
580.0,3118.0,5.4,27.0,21.0,142.0,6.8,1.0,122.0,1807.0,14.4,14.5,46.2,72.0,254.0,4.45,18.0,35.0,120.0,7.0,4.245,21.0,18.0,2002
516.0,2856.0,5.5,27.0,49.0,444.0,9.2,2.0,194.0,3341.0,17.2,32.0,92.8,75.0,197.0,4.49,18.0,35.0,120.0,7.0,4.245,22.0,30.0,2002
516.0,2856.0,5.5,27.0,49.0,444.0,9.2,2.0,65.0,1257.0,19.3,10.0,62.9,75.0,210.0,4.38,18.0,39.5,128.0,6.86,4.05,23.0,25.0,2002
516.0,2856.0,5.5,27.0,49.0,444.0,9.2,2.0,106.0,1543.0,14.6,11.0,36.7,75.0,248.0,4.64,18.0,36.0,118.0,7.0,4.245,23.0,13.0,2002
516.0,2856.0,5.5,27.0,49.0,444.0,9.2,2.0,74.0,953.0,12.9,8.0,35.3,79.0,265.0,4.77,18.0,35.0,120.0,7.0,4.245,22.0,13.0,2002
516.0,2856.0,5.5,27.0,49.0,444.0,9.2,2.0,138.0,2375.0,17.2,27.0,103.3,73.0,193.0,4.56,18.0,35.0,120.0,6.87,4.06,21.0,14.0,2002
686.0,3049.0,4.4,39.0,57.0,535.0,9.4,4.0,122.0,1807.0,14.4,14.5,46.2,73.0,222.0,4.57,20.0,35.5,119.0,6.82,4.16,22.0,30.0,2002
516.0,2856.0,5.5,27.0,49.0,444.0,9.2,2.0,167.0,3001.0,18.0,17.0,96.8,70.0,210.0,4.54,18.0,35.0,120.0,7.0,4.245,22.0,27.0,2002
516.0,2856.0,5.5,27.0,49.0,444.0,9.2,2.0,57.0,842.0,14.8,4.0,29.0,72.0,190.0,4.32,18.0,39.0,126.0,6.68,3.93,22.0,9.0,2002
516.0,2856.0,5.5,27.0,49.0,444.0,9.2,2.0,103.0,1986.0,19.3,18.0,50.9,73.0,194.0,4.42,18.0,39.5,123.0,6.77,4.1,23.0,12.0,2002
516.0,2856.0,5.5,27.0,49.0,444.0,9.2,2.0,141.0,2088.0,14.8,18.0,59.7,72.0,194.0,4.53,18.0,41.5,130.0,7.0,4.1,23.0,11.0,2002
440.0,2523.0,5.7,20.0,21.0,272.0,13.0,3.0,122.0,1807.0,14.4,14.5,46.2,71.0,204.0,4.42,18.0,35.0,120.0,7.0,4.245,21.0,30.0,2002
429.0,2066.0,4.8,16.0,30.0,203.0,6.8,2.0,122.0,1807.0,14.4,14.5,46.2,71.0,208.0,4.53,23.0,38.5,119.0,7.0,4.245,22.0,18.0,2002
516.0,2856.0,5.5,27.0,49.0,444.0,9.2,2.0,52.0,768.0,14.8,11.0,23.3,76.0,251.0,4.6,18.0,38.0,117.0,6.9,4.18,23.0,9.0,2002
830.0,3682.0,4.4,25.0,71.0,692.0,9.7,2.0,122.0,1807.0,14.4,14.5,46.2,70.0,220.0,4.62,23.0,38.0,116.0,7.06,4.06,23.0,30.0,2002
516.0,2856.0,5.5,27.0,49.0,444.0,9.2,2.0,161.0,2805.0,17.4,26.0,90.5,73.0,188.0,4.57,18.0,37.0,121.0,7.0,4.245,21.0,8.0,2002
516.0,2856.0,5.5,27.0,49.0,444.0,9.2,2.0,143.0,2204.0,15.4,18.0,95.8,69.0,191.0,4.47,18.0,36.0,117.0,6.71,3.78,23.0,39.0,2002
516.0,2856.0,5.5,27.0,49.0,444.0,9.2,2.0,27.0,378.0,14.0,6.0,14.0,77.0,263.0,4.52,18.0,34.5,120.0,7.0,4.245,23.0,8.0,2002
516.0,2856.0,5.5,27.0,49.0,444.0,9.2,2.0,124.0,1862.0,15.0,10.0,66.5,71.0,185.0,4.36,18.0,35.0,120.0,7.0,4.245,23.0,0.0,2002
516.0,2856.0,5.5,27.0,49.0,444.0,9.2,2.0,127.0,1640.0,12.9,13.0,37.3,75.0,258.0,4.81,18.0,35.0,112.0,6.95,4.245,22.0,12.0,2002
439.0,2262.0,5.2,26.0,24.0,229.0,9.5,0.0,122.0,1807.0,14.4,14.5,46.2,73.0,243.0,4.52,18.0,35.0,120.0,7.0,4.245,23.0,11.0,2002
516.0,2856.0,5.5,27.0,49.0,444.0,9.2,2.0,54.0,830.0,15.4,12.0,25.2,76.0,255.0,4.75,21.0,29.0,110.0,7.34,4.29,23.0,2.0,2002
516.0,2856.0,5.5,27.0,49.0,444.0,9.2,2.0,90.0,1213.0,13.5,5.0,37.9,75.0,247.0,4.88,18.0,29.5,112.0,7.58,4.28,23.0,25.0,2002
516.0,2856.0,5.5,27.0,49.0,444.0,9.2,2.0,53.0,598.0,11.3,0.0,13.9,79.0,270.0,4.76,22.0,32.5,115.0,6.84,4.17,23.0,0.0,2002
488.0,2336.0,4.8,21.0,27.0,200.0,7.4,1.0,122.0,1807.0,14.4,14.5,46.2,68.0,194.0,4.6,15.0,32.0,121.0,7.0,4.245,24.0,0.0,2002
516.0,2856.0,5.5,27.0,49.0,444.0,9.2,2.0,189.0,2877.0,15.2,29.0,65.4,74.0,225.0,4.7,18.0,34.5,118.0,7.12,4.02,22.0,1.0,2002
516.0,2856.0,5.5,27.0,49.0,444.0,9.2,2.0,6.0,79.0,13.2,1.0,7.2,75.0,265.0,4.77,21.0,38.5,117.0,7.0,4.245,22.0,0.0,2002
516.0,2856.0,5.5,27.0,49.0,444.0,9.2,2.0,110.0,1591.0,14.5,7.0,36.2,71.0,193.0,4.45,18.0,33.0,114.0,6.65,4.26,24.0,0.0,2002
516.0,2856.0,5.5,27.0,49.0,444.0,9.2,2.0,71.0,1020.0,14.4,8.0,23.2,73.0,203.0,4.47,18.0,36.5,123.0,6.83,4.09,23.0,3.0,2002
516.0,2856.0,5.5,27.0,49.0,444.0,9.2,2.0,131.0,1986.0,15.2,10.0,49.7,73.0,200.0,4.49,18.0,35.0,120.0,7.0,4.245,22.0,0.0,2002
516.0,2856.0,5.5,27.0,49.0,444.0,9.2,2.0,31.0,480.0,15.5,3.0,17.8,75.0,265.0,4.79,20.0,33.5,111.0,7.43,4.43,22.0,4.0,2002
516.0,2856.0,5.5,27.0,49.0,444.0,9.2,2.0,40.0,564.0,14.1,6.0,24.5,77.0,253.0,4.97,14.0,31.0,114.0,7.37,4.27,23.0,2.0,2002
516.0,2856.0,5.5,27.0,49.0,444.0,9.2,2.0,146.0,1843.0,12.6,15.0,54.2,74.0,200.0,4.65,18.0,35.0,120.0,7.0,4.245,23.0,0.0,2002
409.0,1981.0,4.8,31.0,13.0,81.0,6.2,0.0,122.0,1807.0,14.4,14.5,46.2,71.0,218.0,4.42,21.0,40.5,124.0,6.96,3.93,22.0,3.0,2002
516.0,2856.0,5.5,27.0,49.0,444.0,9.2,2.0,48.0,481.0,10.0,3.0,15.0,76.0,262.0,4.8,18.0,35.0,120.0,7.0,4.245,23.0,0.0,2002
516.0,2856.0,5.5,27.0,49.0,444.0,9.2,2.0,200.0,2920.0,14.6,28.0,64.9,73.0,190.0,4.55,18.0,32.5,119.0,7.08,4.17,23.0,2.0,2002
482.0,2117.0,4.4,13.0,23.0,226.0,9.8,0.0,122.0,1807.0,14.4,14.5,46.2,69.0,209.0,4.46,19.0,33.0,112.0,6.9,4.08,22.0,0.0,2002
516.0,2856.0,5.5,27.0,49.0,444.0,9.2,2.0,63.0,867.0,13.8,4.0,19.3,71.0,186.0,4.47,18.0,41.0,129.0,6.84,4.04,22.0,0.0,2002
803.0,4646.0,5.8,55.0,61.0,554.0,9.1,5.0,122.0,1807.0,14.4,14.5,46.2,71.0,213.0,4.58,22.0,33.0,114.0,7.0,4.245,22.0,12.0,2002
516.0,2856.0,5.5,27.0,49.0,444.0,9.2,2.0,59.0,584.0,9.9,0.0,22.5,76.0,260.0,4.84,18.0,31.5,104.0,7.0,4.245,22.0,0.0,2002
516.0,2856.0,5.5,27.0,49.0,444.0,9.2,2.0,59.0,819.0,13.9,5.0,21.0,69.0,180.0,4.35,18.0,35.0,120.0,7.0,4.245,23.0,1.0,2002
519.0,3089.0,6.0,29.0,54.0,429.0,7.9,3.0,122.0,1807.0,14.4,14.5,46.2,73.0,206.0,4.57,26.0,35.0,113.0,7.11,4.29,24.0,1.0,2002
516.0,2856.0,5.5,27.0,49.0,444.0,9.2,2.0,72.0,814.0,11.3,3.0,18.5,72.0,217.0,4.56,18.0,40.5,126.0,6.82,4.13,22.0,21.0,2002
112.0,570.0,5.1,7.0,20.0,186.0,9.3,0.0,122.0,1807.0,14.4,14.5,46.2,68.0,237.0,4.47,30.0,35.0,116.0,7.18,4.25,22.0,9.0,2002
516.0,2856.0,5.5,27.0,49.0,444.0,9.2,2.0,125.0,2551.0,20.4,25.0,110.9,74.0,202.0,4.4,18.0,35.0,120.0,7.0,4.245,22.0,4.0,2003
516.0,2856.0,5.5,27.0,49.0,444.0,9.2,2.0,92.0,1831.0,19.9,20.0,53.9,74.0,230.0,4.41,18.0,39.0,132.0,7.0,4.245,22.0,92.0,2003
516.0,2856.0,5.5,27.0,49.0,444.0,9.2,2.0,110.0,2008.0,18.3,10.0,42.7,74.0,214.0,4.57,18.0,35.0,120.0,7.0,4.245,22.0,18.0,2003
349.0,2067.0,5.9,31.0,28.0,348.0,12.4,0.0,122.0,1807.0,14.4,14.5,46.2,72.0,223.0,4.45,18.0,35.0,120.0,7.0,4.245,21.0,26.0,2003
516.0,2856.0,5.5,27.0,49.0,444.0,9.2,2.0,77.0,1251.0,16.2,8.0,52.1,75.0,257.0,4.65,18.0,37.5,123.0,7.0,4.245,24.0,47.0,2003
460.0,2953.0,6.4,26.0,65.0,681.0,10.5,7.0,122.0,1807.0,14.4,14.5,46.2,73.0,228.0,4.45,19.0,35.0,120.0,7.0,4.245,23.0,50.0,2003
516.0,2856.0,5.5,27.0,49.0,444.0,9.2,2.0,79.0,731.0,9.3,8.0,17.0,76.0,272.0,4.78,19.0,30.5,109.0,7.0,4.245,23.0,0.0,2003
516.0,2856.0,5.5,27.0,49.0,444.0,9.2,2.0,133.0,2097.0,15.8,16.0,47.7,72.0,205.0,4.42,18.0,35.0,120.0,7.0,4.245,22.0,2.0,2003
516.0,2856.0,5.5,27.0,49.0,444.0,9.2,2.0,117.0,1740.0,14.9,11.0,49.7,71.0,201.0,4.38,18.0,38.5,127.0,7.0,4.245,24.0,7.0,2003
516.0,2856.0,5.5,27.0,49.0,444.0,9.2,2.0,118.0,1790.0,15.2,21.0,49.7,73.0,216.0,4.72,18.0,33.5,114.0,7.35,4.33,22.0,49.0,2003
516.0,2856.0,5.5,27.0,49.0,444.0,9.2,2.0,194.0,2636.0,13.6,17.0,58.6,76.0,223.0,4.34,18.0,38.0,127.0,6.73,4.26,22.0,5.0,2003
516.0,2856.0,5.5,27.0,49.0,444.0,9.2,2.0,122.0,1458.0,12.0,10.0,33.1,75.0,258.0,4.62,26.0,37.0,122.0,6.74,4.25,23.0,21.0,2003
516.0,2856.0,5.5,27.0,49.0,444.0,9.2,2.0,41.0,467.0,11.4,8.0,42.5,77.0,247.0,4.61,18.0,33.5,120.0,7.0,4.245,21.0,2.0,2003
516.0,2856.0,5.5,27.0,49.0,444.0,9.2,2.0,87.0,1453.0,16.7,6.0,90.8,74.0,223.0,4.42,18.0,35.0,120.0,7.0,4.245,24.0,7.0,2003
516.0,2856.0,5.5,27.0,49.0,444.0,9.2,2.0,68.0,797.0,11.7,7.0,22.1,78.0,264.0,4.65,25.0,31.0,120.0,7.0,4.245,21.0,79.0,2003
516.0,2856.0,5.5,27.0,49.0,444.0,9.2,2.0,248.0,3287.0,13.3,22.0,99.6,72.0,197.0,4.51,18.0,42.5,126.0,6.96,4.16,22.0,17.0,2003
516.0,2856.0,5.5,27.0,49.0,444.0,9.2,2.0,174.0,2789.0,16.0,19.0,126.8,71.0,186.0,4.42,18.0,36.0,122.0,6.76,3.99,25.0,13.0,2003
516.0,2856.0,5.5,27.0,49.0,444.0,9.2,2.0,59.0,956.0,16.2,7.0,21.2,76.0,261.0,4.8,20.0,35.0,120.0,7.0,4.245,22.0,1.0,2003
454.0,2202.0,4.9,19.0,27.0,187.0,6.9,0.0,122.0,1807.0,14.4,14.5,46.2,73.0,232.0,4.45,18.0,35.5,123.0,7.0,4.245,21.0,6.0,2003
334.0,1509.0,4.5,17.0,78.0,728.0,9.3,4.0,122.0,1807.0,14.4,14.5,46.2,74.0,241.0,4.6,18.0,35.0,120.0,7.0,4.245,23.0,1.0,2003
493.0,2787.0,5.7,35.0,11.0,76.0,6.9,0.0,122.0,1807.0,14.4,14.5,46.2,75.0,220.0,4.46,18.0,35.0,120.0,7.0,4.245,22.0,23.0,2003
516.0,2856.0,5.5,27.0,49.0,444.0,9.2,2.0,210.0,2978.0,14.2,24.0,62.0,76.0,210.0,4.61,18.0,35.0,120.0,7.0,4.245,23.0,2.0,2003
256.0,1077.0,4.2,8.0,9.0,106.0,11.8,0.0,122.0,1807.0,14.4,14.5,46.2,73.0,219.0,4.35,27.0,35.0,137.0,7.0,4.245,23.0,20.0,2003
438.0,2105.0,4.8,17.0,58.0,407.0,7.0,2.0,122.0,1807.0,14.4,14.5,46.2,70.0,229.0,4.68,18.0,35.0,120.0,7.0,4.245,25.0,7.0,2003
455.0,2056.0,4.5,20.0,41.0,393.0,9.6,1.0,122.0,1807.0,14.4,14.5,46.2,69.0,213.0,4.63,22.0,32.5,112.0,7.32,4.47,22.0,33.0,2003
516.0,2856.0,5.5,27.0,49.0,444.0,9.2,2.0,52.0,691.0,13.3,7.0,28.8,74.0,249.0,4.89,16.0,34.5,115.0,7.24,4.245,22.0,8.0,2003
436.0,2337.0,5.4,23.0,23.0,166.0,7.2,2.0,122.0,1807.0,14.4,14.5,46.2,70.0,220.0,4.48,19.0,35.0,120.0,7.0,4.245,22.0,14.0,2003
516.0,2856.0,5.5,27.0,49.0,444.0,9.2,2.0,152.0,2806.0,18.5,24.0,77.9,68.0,169.0,4.43,18.0,35.0,120.0,7.0,4.245,22.0,8.0,2003
702.0,3756.0,5.4,43.0,146.0,1217.0,8.3,6.0,122.0,1807.0,14.4,14.5,46.2,67.0,195.0,4.48,21.0,38.0,123.0,7.0,4.08,22.0,6.0,2003
535.0,2767.0,5.2,53.0,15.0,171.0,11.4,3.0,122.0,1807.0,14.4,14.5,46.2,72.0,202.0,4.44,18.0,35.0,120.0,7.0,4.245,23.0,8.0,2003
516.0,2856.0,5.5,27.0,49.0,444.0,9.2,2.0,152.0,2470.0,16.3,19.0,72.6,72.0,184.0,4.62,18.0,36.0,120.0,7.0,4.245,22.0,11.0,2003
516.0,2856.0,5.5,27.0,49.0,444.0,9.2,2.0,146.0,2195.0,15.0,15.0,47.7,74.0,209.0,4.59,18.0,39.5,121.0,7.22,4.245,22.0,3.0,2003
511.0,2149.0,4.2,26.0,25.0,233.0,9.3,1.0,122.0,1807.0,14.4,14.5,46.2,71.0,233.0,4.6,19.0,35.0,120.0,7.0,4.245,22.0,5.0,2003
516.0,2856.0,5.5,27.0,49.0,444.0,9.2,2.0,230.0,3351.0,14.6,23.0,74.5,70.0,193.0,4.66,18.0,34.5,115.0,7.01,4.11,22.0,5.0,2003
516.0,2856.0,5.5,27.0,49.0,444.0,9.2,2.0,200.0,2704.0,13.5,18.0,79.5,76.0,217.0,4.45,18.0,35.0,120.0,7.0,4.245,22.0,6.0,2003
516.0,2856.0,5.5,27.0,49.0,444.0,9.2,2.0,61.0,611.0,10.0,3.0,13.9,75.0,249.0,4.82,26.0,39.0,120.0,7.42,4.42,23.0,2.0,2003
516.0,2856.0,5.5,27.0,49.0,444.0,9.2,2.0,82.0,1343.0,16.4,7.0,61.0,71.0,215.0,4.49,18.0,32.0,119.0,7.32,4.26,23.0,0.0,2003
516.0,2856.0,5.5,27.0,49.0,444.0,9.2,2.0,56.0,716.0,12.8,9.0,15.6,78.0,252.0,4.72,24.0,33.5,115.0,7.57,4.3,23.0,2.0,2003
516.0,2856.0,5.5,27.0,49.0,444.0,9.2,2.0,97.0,1869.0,19.3,20.0,85.0,74.0,213.0,4.52,18.0,35.5,116.0,7.05,4.16,23.0,10.0,2003
516.0,2856.0,5.5,27.0,49.0,444.0,9.2,2.0,89.0,1229.0,13.8,11.0,37.2,71.0,196.0,4.52,18.0,34.0,122.0,7.41,4.35,23.0,0.0,2003
516.0,2856.0,5.5,27.0,49.0,444.0,9.2,2.0,63.0,826.0,13.1,5.0,41.3,73.0,217.0,4.58,18.0,35.0,117.0,6.74,4.06,23.0,18.0,2003
216.0,939.0,4.3,8.0,76.0,676.0,8.9,7.0,122.0,1807.0,14.4,14.5,46.2,70.0,233.0,4.67,18.0,35.0,120.0,7.0,4.245,24.0,0.0,2003
516.0,2856.0,5.5,27.0,49.0,444.0,9.2,2.0,162.0,2552.0,15.8,22.0,55.5,70.0,178.0,4.56,18.0,31.5,114.0,7.34,4.28,22.0,0.0,2003
516.0,2856.0,5.5,27.0,49.0,444.0,9.2,2.0,69.0,1058.0,15.3,7.0,46.0,77.0,214.0,4.54,18.0,39.0,121.0,6.9,4.25,23.0,0.0,2003
516.0,2856.0,5.5,27.0,49.0,444.0,9.2,2.0,90.0,1595.0,17.7,19.0,33.9,73.0,205.0,4.44,18.0,34.5,116.0,7.54,4.43,23.0,0.0,2003
516.0,2856.0,5.5,27.0,49.0,444.0,9.2,2.0,161.0,2677.0,16.6,34.0,103.0,75.0,225.0,4.48,18.0,35.0,120.0,7.0,4.245,21.0,93.0,2004
516.0,2856.0,5.5,27.0,49.0,444.0,9.2,2.0,119.0,1365.0,11.5,9.0,37.9,76.0,251.0,4.55,24.0,35.0,120.0,7.0,4.245,21.0,19.0,2004
516.0,2856.0,5.5,27.0,49.0,444.0,9.2,2.0,241.0,3866.0,16.0,36.0,80.5,74.0,212.0,4.48,18.0,35.0,120.0,7.0,4.245,22.0,30.0,2004
516.0,2856.0,5.5,27.0,49.0,444.0,9.2,2.0,238.0,3536.0,14.9,22.0,98.2,76.0,229.0,4.56,18.0,35.0,120.0,7.0,4.245,21.0,23.0,2004
516.0,2856.0,5.5,27.0,49.0,444.0,9.2,2.0,172.0,3382.0,19.7,26.0,80.5,71.0,197.0,4.39,18.0,34.5,120.0,7.0,4.245,23.0,47.0,2004
516.0,2856.0,5.5,27.0,49.0,444.0,9.2,2.0,182.0,2582.0,14.2,21.0,66.2,75.0,209.0,4.67,18.0,32.5,116.0,6.77,4.09,21.0,22.0,2004
743.0,3625.0,4.9,39.0,66.0,680.0,10.3,6.0,122.0,1807.0,14.4,14.5,46.2,73.0,241.0,4.55,18.0,35.0,120.0,7.0,4.245,21.0,68.0,2004
794.0,3657.0,4.6,39.0,64.0,569.0,8.9,2.0,122.0,1807.0,14.4,14.5,46.2,72.0,224.0,4.56,19.0,35.0,120.0,7.0,4.245,22.0,9.0,2004
516.0,2856.0,5.5,27.0,49.0,444.0,9.2,2.0,157.0,2746.0,17.5,16.0,72.3,76.0,218.0,4.4,18.0,35.0,120.0,7.0,4.245,22.0,33.0,2004
616.0,3475.0,5.6,35.0,24.0,229.0,9.5,0.0,122.0,1807.0,14.4,14.5,46.2,72.0,227.0,4.38,18.0,38.0,120.0,7.0,4.245,22.0,26.0,2004
516.0,2856.0,5.5,27.0,49.0,444.0,9.2,2.0,293.0,4414.0,15.1,42.0,92.0,74.0,202.0,4.47,18.0,39.0,125.0,6.93,3.97,23.0,1.0,2004
516.0,2856.0,5.5,27.0,49.0,444.0,9.2,2.0,73.0,945.0,12.9,7.0,19.7,75.0,258.0,4.5,34.0,35.5,123.0,7.38,4.11,23.0,19.0,2004
516.0,2856.0,5.5,27.0,49.0,444.0,9.2,2.0,64.0,958.0,15.0,7.0,24.6,76.0,265.0,4.65,18.0,35.0,120.0,7.0,4.245,22.0,8.0,2004
634.0,3409.0,5.4,34.0,36.0,258.0,7.2,2.0,122.0,1807.0,14.4,14.5,46.2,71.0,212.0,4.37,25.0,38.5,117.0,7.0,4.245,23.0,20.0,2004
634.0,3018.0,4.8,26.0,28.0,250.0,8.9,1.0,122.0,1807.0,14.4,14.5,46.2,70.0,217.0,4.47,18.0,37.5,121.0,6.97,4.12,23.0,29.0,2004
516.0,2856.0,5.5,27.0,49.0,444.0,9.2,2.0,76.0,1308.0,17.2,19.0,52.3,71.0,198.0,4.41,18.0,35.0,120.0,7.0,4.245,22.0,36.0,2004
516.0,2856.0,5.5,27.0,49.0,444.0,9.2,2.0,272.0,4031.0,14.8,47.0,85.8,73.0,188.0,4.5,18.0,35.0,120.0,7.0,4.245,22.0,4.0,2004
480.0,2535.0,5.3,23.0,24.0,153.0,6.4,0.0,122.0,1807.0,14.4,14.5,46.2,73.0,249.0,4.55,18.0,35.0,120.0,7.0,4.245,23.0,9.0,2004
516.0,2856.0,5.5,27.0,49.0,444.0,9.2,2.0,88.0,1431.0,16.3,15.0,29.8,74.0,248.0,4.62,24.0,35.0,119.0,6.88,4.1,23.0,2.0,2004
516.0,2856.0,5.5,27.0,49.0,444.0,9.2,2.0,205.0,2926.0,14.3,19.0,59.7,73.0,207.0,4.6,18.0,30.0,120.0,7.0,4.245,22.0,13.0,2004
516.0,2856.0,5.5,27.0,49.0,444.0,9.2,2.0,24.0,225.0,9.4,3.0,6.4,76.0,263.0,4.8,23.0,35.0,117.0,7.1,3.98,24.0,0.0,2004
516.0,2856.0,5.5,27.0,49.0,444.0,9.2,2.0,163.0,2218.0,13.6,15.0,59.9,75.0,196.0,4.54,18.0,35.0,120.0,7.0,4.245,22.0,0.0,2004
516.0,2856.0,5.5,27.0,49.0,444.0,9.2,2.0,182.0,2588.0,14.2,23.0,57.5,73.0,183.0,4.58,18.0,38.0,128.0,7.34,4.18,23.0,14.0,2004
516.0,2856.0,5.5,27.0,49.0,444.0,9.2,2.0,96.0,1255.0,13.1,11.0,44.8,75.0,265.0,4.87,22.0,33.0,115.0,7.21,4.19,22.0,34.0,2004
516.0,2856.0,5.5,27.0,49.0,444.0,9.2,2.0,106.0,1666.0,15.7,19.0,55.5,73.0,213.0,4.52,18.0,37.0,129.0,7.0,4.245,22.0,2.0,2004
516.0,2856.0,5.5,27.0,49.0,444.0,9.2,2.0,216.0,3031.0,14.0,21.0,61.9,69.0,198.0,4.33,18.0,38.5,114.0,6.97,4.06,23.0,0.0,2004
516.0,2856.0,5.5,27.0,49.0,444.0,9.2,2.0,169.0,2599.0,15.4,18.0,54.1,70.0,179.0,4.39,18.0,36.0,120.0,7.0,4.245,23.0,13.0,2004
516.0,2856.0,5.5,27.0,49.0,444.0,9.2,2.0,200.0,3119.0,15.6,21.0,65.0,72.0,212.0,4.54,18.0,36.0,121.0,6.93,3.91,22.0,37.0,2004
516.0,2856.0,5.5,27.0,49.0,444.0,9.2,2.0,98.0,1346.0,13.7,9.0,36.4,77.0,260.0,4.93,25.0,34.5,115.0,6.99,4.13,23.0,1.0,2004
735.0,3474.0,4.7,19.0,156.0,1709.0,11.0,14.0,122.0,1807.0,14.4,14.5,46.2,71.0,209.0,4.65,18.0,35.0,118.0,7.05,4.12,22.0,17.0,2004
516.0,2856.0,5.5,27.0,49.0,444.0,9.2,2.0,126.0,2052.0,16.3,11.0,41.9,76.0,226.0,4.79,18.0,40.5,130.0,7.0,4.17,25.0,22.0,2004
589.0,3018.0,5.1,26.0,26.0,138.0,5.3,1.0,122.0,1807.0,14.4,14.5,46.2,72.0,223.0,4.75,18.0,40.0,123.0,7.0,4.245,23.0,0.0,2004
516.0,2856.0,5.5,27.0,49.0,444.0,9.2,2.0,88.0,1535.0,17.4,7.0,48.0,76.0,229.0,4.51,18.0,41.0,130.0,7.34,4.22,22.0,0.0,2004
516.0,2856.0,5.5,27.0,49.0,444.0,9.2,2.0,75.0,950.0,12.7,12.0,25.7,76.0,268.0,4.97,22.0,32.5,115.0,7.0,4.245,24.0,0.0,2004
940.0,4941.0,5.3,43.0,43.0,451.0,10.5,3.0,122.0,1807.0,14.4,14.5,46.2,70.0,237.0,4.49,22.0,31.0,114.0,7.5,4.15,22.0,9.0,2004
516.0,2856.0,5.5,27.0,49.0,444.0,9.2,2.0,96.0,1224.0,12.8,11.0,49.0,74.0,199.0,4.53,18.0,41.0,131.0,6.79,4.08,23.0,12.0,2004
516.0,2856.0,5.5,27.0,49.0,444.0,9.2,2.0,41.0,632.0,15.4,1.0,20.4,76.0,204.0,4.36,18.0,35.0,120.0,7.0,4.245,23.0,8.0,2004
516.0,2856.0,5.5,27.0,49.0,444.0,9.2,2.0,76.0,1066.0,14.0,7.0,30.5,75.0,210.0,4.54,18.0,34.5,120.0,7.04,4.245,20.0,0.0,2004
516.0,2856.0,5.5,27.0,49.0,444.0,9.2,2.0,108.0,1705.0,15.8,10.0,65.6,73.0,197.0,4.46,18.0,35.0,120.0,7.0,4.245,23.0,1.0,2004
516.0,2856.0,5.5,27.0,49.0,444.0,9.2,2.0,90.0,1072.0,11.9,9.0,24.4,71.0,199.0,4.51,18.0,38.0,124.0,7.06,4.17,22.0,0.0,2004
306.0,1434.0,4.7,16.0,33.0,264.0,8.0,2.0,122.0,1807.0,14.4,14.5,46.2,71.0,226.0,4.58,15.0,35.0,120.0,7.0,4.245,23.0,0.0,2004
516.0,2856.0,5.5,27.0,49.0,444.0,9.2,2.0,174.0,2238.0,12.9,12.0,49.7,70.0,194.0,4.78,18.0,32.5,114.0,7.0,4.35,22.0,2.0,2004
516.0,2856.0,5.5,27.0,49.0,444.0,9.2,2.0,55.0,649.0,11.8,3.0,13.2,76.0,263.0,5.0,21.0,28.0,109.0,7.4,4.32,23.0,2.0,2004
516.0,2856.0,5.5,27.0,49.0,444.0,9.2,2.0,22.0,306.0,13.9,3.0,12.2,74.0,275.0,5.06,18.0,33.0,109.0,7.44,4.18,24.0,3.0,2004
516.0,2856.0,5.5,27.0,49.0,444.0,9.2,2.0,36.0,477.0,13.3,7.0,19.9,78.0,269.0,4.89,17.0,30.0,106.0,7.86,4.45,23.0,6.0,2004
513.0,2707.0,5.3,28.0,58.0,668.0,11.5,2.0,122.0,1807.0,14.4,14.5,46.2,72.0,233.0,4.43,18.0,34.0,117.0,7.1,4.08,23.0,36.0,2005
516.0,2856.0,5.5,27.0,49.0,444.0,9.2,2.0,252.0,3541.0,14.1,39.0,80.5,75.0,211.0,4.45,18.0,35.0,120.0,7.0,4.245,22.0,27.0,2005
1112.0,5540.0,5.0,64.0,69.0,621.0,9.0,3.0,122.0,1807.0,14.4,14.5,46.2,70.0,222.0,4.62,18.0,35.0,120.0,7.0,4.245,22.0,10.0,2005
741.0,3831.0,5.2,45.0,45.0,342.0,7.6,1.0,122.0,1807.0,14.4,14.5,46.2,71.0,217.0,4.43,19.0,35.5,118.0,6.94,4.15,23.0,27.0,2005
516.0,2856.0,5.5,27.0,49.0,444.0,9.2,2.0,91.0,1754.0,19.3,13.0,51.6,73.0,203.0,4.32,18.0,35.0,120.0,6.99,4.245,22.0,8.0,2005
516.0,2856.0,5.5,27.0,49.0,444.0,9.2,2.0,176.0,2579.0,14.7,30.0,99.2,77.0,229.0,4.56,18.0,36.5,120.0,7.0,4.245,21.0,4.0,2005
516.0,2856.0,5.5,27.0,49.0,444.0,9.2,2.0,220.0,3236.0,14.7,31.0,63.5,70.0,193.0,4.41,18.0,36.5,118.0,6.95,4.07,23.0,26.0,2005
516.0,2856.0,5.5,27.0,49.0,444.0,9.2,2.0,163.0,3112.0,19.1,26.0,69.2,73.0,207.0,4.46,18.0,35.0,120.0,7.0,4.245,23.0,88.0,2005
516.0,2856.0,5.5,27.0,49.0,444.0,9.2,2.0,144.0,1703.0,11.8,20.0,43.7,77.0,256.0,4.79,18.0,35.0,120.0,7.0,4.245,22.0,45.0,2005
516.0,2856.0,5.5,27.0,49.0,444.0,9.2,2.0,144.0,2008.0,13.9,12.0,38.6,74.0,196.0,4.45,18.0,41.5,128.0,6.99,3.94,24.0,20.0,2005
516.0,2856.0,5.5,27.0,49.0,444.0,9.2,2.0,23.0,491.0,21.3,7.0,37.8,73.0,201.0,4.37,18.0,39.5,128.0,6.96,3.98,23.0,5.0,2005
396.0,2625.0,6.6,20.0,42.0,299.0,7.1,3.0,122.0,1807.0,14.4,14.5,46.2,69.0,214.0,4.4,18.0,35.0,121.0,6.81,4.1,22.0,12.0,2005
341.0,1858.0,5.4,30.0,7.0,54.0,7.7,0.0,122.0,1807.0,14.4,14.5,46.2,73.0,246.0,4.53,18.0,38.5,124.0,7.44,4.08,22.0,0.0,2005
516.0,2856.0,5.5,27.0,49.0,444.0,9.2,2.0,86.0,1355.0,15.8,12.0,37.6,70.0,168.0,4.37,18.0,35.0,120.0,7.0,4.245,23.0,14.0,2005
516.0,2856.0,5.5,27.0,49.0,444.0,9.2,2.0,172.0,2600.0,15.1,10.0,57.8,73.0,202.0,4.39,18.0,35.0,120.0,7.0,4.245,22.0,0.0,2005
348.0,1975.0,5.7,17.0,23.0,225.0,9.8,0.0,122.0,1807.0,14.4,14.5,46.2,69.0,217.0,4.58,18.0,35.0,120.0,7.0,4.245,22.0,75.0,2005
516.0,2856.0,5.5,27.0,49.0,444.0,9.2,2.0,170.0,2524.0,14.8,12.0,56.1,72.0,189.0,4.41,18.0,36.5,126.0,6.6,3.94,22.0,3.0,2005
516.0,2856.0,5.5,27.0,49.0,444.0,9.2,2.0,107.0,1291.0,12.1,8.0,29.3,76.0,258.0,4.88,28.0,35.0,120.0,7.0,4.245,23.0,10.0,2005
451.0,2661.0,5.9,23.0,11.0,119.0,10.8,1.0,122.0,1807.0,14.4,14.5,46.2,70.0,212.0,4.66,19.0,33.5,108.0,7.02,4.12,25.0,2.0,2005
499.0,3112.0,6.2,28.0,48.0,441.0,9.2,2.0,122.0,1807.0,14.4,14.5,46.2,68.0,210.0,4.46,19.0,36.0,117.0,7.22,4.1,22.0,2.0,2005
516.0,2856.0,5.5,27.0,49.0,444.0,9.2,2.0,93.0,1878.0,20.2,22.0,81.7,76.0,197.0,4.5,18.0,35.0,120.0,7.0,4.245,22.0,16.0,2005
516.0,2856.0,5.5,27.0,49.0,444.0,9.2,2.0,32.0,400.0,12.5,3.0,16.7,77.0,241.0,4.72,18.0,35.0,120.0,7.0,4.245,23.0,0.0,2005
516.0,2856.0,5.5,27.0,49.0,444.0,9.2,2.0,82.0,1187.0,14.5,14.0,25.8,73.0,210.0,4.42,18.0,37.0,114.0,7.03,4.08,23.0,11.0,2005
575.0,3276.0,5.7,35.0,21.0,190.0,9.0,0.0,122.0,1807.0,14.4,14.5,46.2,71.0,221.0,4.49,20.0,40.0,127.0,7.0,4.245,22.0,37.0,2005
315.0,1877.0,6.0,14.0,46.0,408.0,8.9,5.0,122.0,1807.0,14.4,14.5,46.2,73.0,207.0,4.58,18.0,35.0,120.0,7.0,4.245,22.0,1.0,2005
500.0,2394.0,4.8,19.0,138.0,1396.0,10.1,8.0,122.0,1807.0,14.4,14.5,46.2,69.0,208.0,4.63,24.0,34.0,114.0,7.06,4.08,23.0,5.0,2005
815.0,4979.0,6.1,45.0,66.0,609.0,9.2,2.0,122.0,1807.0,14.4,14.5,46.2,66.0,187.0,4.47,23.0,33.0,105.0,6.96,3.96,22.0,25.0,2005
516.0,2856.0,5.5,27.0,49.0,444.0,9.2,2.0,137.0,2025.0,14.8,10.0,45.0,70.0,186.0,4.49,18.0,38.0,125.0,7.05,4.07,22.0,0.0,2005
516.0,2856.0,5.5,27.0,49.0,444.0,9.2,2.0,6.0,67.0,11.2,0.0,5.6,76.0,267.0,4.71,21.0,35.0,118.0,7.0,4.245,23.0,0.0,2005
516.0,2856.0,5.5,27.0,49.0,444.0,9.2,2.0,75.0,997.0,13.3,5.0,22.7,75.0,249.0,4.75,24.0,32.5,114.0,7.21,4.12,24.0,20.0,2005
501.0,2634.0,5.3,17.0,39.0,369.0,9.5,1.0,122.0,1807.0,14.4,14.5,46.2,71.0,225.0,4.61,18.0,35.0,120.0,7.0,4.245,23.0,5.0,2005
516.0,2856.0,5.5,27.0,49.0,444.0,9.2,2.0,239.0,3031.0,12.7,29.0,68.9,67.0,183.0,4.62,18.0,37.0,116.0,6.7,3.94,23.0,0.0,2005
516.0,2856.0,5.5,27.0,49.0,444.0,9.2,2.0,84.0,1547.0,18.4,6.0,36.8,74.0,229.0,4.46,18.0,34.0,116.0,7.0,4.245,23.0,1.0,2005
516.0,2856.0,5.5,27.0,49.0,444.0,9.2,2.0,123.0,1295.0,10.5,10.0,29.4,76.0,260.0,4.72,22.0,36.0,113.0,7.09,4.01,23.0,0.0,2005
134.0,900.0,6.7,4.0,15.0,89.0,5.9,0.0,122.0,1807.0,14.4,14.5,46.2,70.0,196.0,4.49,17.0,34.0,118.0,7.13,4.25,24.0,0.0,2005
516.0,2856.0,5.5,27.0,49.0,444.0,9.2,2.0,156.0,1885.0,12.1,16.0,82.0,72.0,219.0,4.71,18.0,31.5,120.0,7.0,4.245,23.0,0.0,2005
462.0,2524.0,5.5,26.0,72.0,781.0,10.8,2.0,122.0,1807.0,14.4,14.5,46.2,71.0,224.0,4.6,17.0,31.0,108.0,6.95,3.97,23.0,0.0,2005
516.0,2856.0,5.5,27.0,49.0,444.0,9.2,2.0,52.0,709.0,13.6,4.0,15.4,77.0,261.0,4.74,16.0,31.5,113.0,7.05,4.25,22.0,0.0,2005
433.0,3169.0,7.3,25.0,95.0,1301.0,13.7,13.0,122.0,1807.0,14.4,14.5,46.2,71.0,201.0,4.37,18.0,35.0,120.0,7.0,4.245,21.0,34.0,2006
516.0,2856.0,5.5,27.0,49.0,444.0,9.2,2.0,83.0,1371.0,16.5,9.0,39.2,75.0,254.0,4.38,33.0,42.0,128.0,7.0,4.17,22.0,42.0,2006
660.0,3933.0,6.0,32.0,21.0,197.0,9.4,1.0,122.0,1807.0,14.4,14.5,46.2,72.0,217.0,4.48,18.0,35.0,120.0,7.0,4.245,21.0,25.0,2006
516.0,2856.0,5.5,27.0,49.0,444.0,9.2,2.0,140.0,2295.0,16.4,25.0,63.8,71.0,188.0,4.35,18.0,35.0,120.0,7.0,4.245,22.0,35.0,2006
969.0,6026.0,6.2,55.0,70.0,723.0,10.3,5.0,122.0,1807.0,14.4,14.5,46.2,69.0,214.0,4.45,25.0,35.5,121.0,7.0,4.245,23.0,51.0,2006
516.0,2856.0,5.5,27.0,49.0,444.0,9.2,2.0,126.0,1571.0,12.5,21.0,32.1,78.0,261.0,4.8,23.0,37.0,118.0,7.24,4.82,22.0,33.0,2006
490.0,2576.0,5.3,18.0,66.0,641.0,9.7,6.0,122.0,1807.0,14.4,14.5,46.2,71.0,214.0,4.4,18.0,38.5,125.0,7.09,4.47,23.0,50.0,2006
516.0,2856.0,5.5,27.0,49.0,444.0,9.2,2.0,120.0,1586.0,13.2,16.0,42.9,73.0,213.0,4.32,18.0,38.5,122.0,6.73,3.97,21.0,2.0,2006
516.0,2856.0,5.5,27.0,49.0,444.0,9.2,2.0,68.0,1106.0,16.3,9.0,23.0,68.0,185.0,4.38,18.0,35.0,120.0,7.0,4.245,22.0,4.0,2006
541.0,3159.0,5.8,52.0,31.0,331.0,10.7,5.0,122.0,1807.0,14.4,14.5,46.2,72.0,238.0,4.49,18.0,35.0,120.0,7.0,4.245,21.0,14.0,2006
516.0,2856.0,5.5,27.0,49.0,444.0,9.2,2.0,86.0,1076.0,12.5,13.0,29.1,78.0,255.0,4.63,27.0,36.0,112.0,7.39,4.21,22.0,3.0,2006
516.0,2856.0,5.5,27.0,49.0,444.0,9.2,2.0,238.0,3539.0,14.9,39.0,84.3,71.0,197.0,4.42,18.0,36.5,117.0,6.68,4.16,22.0,55.0,2006
516.0,2856.0,5.5,27.0,49.0,444.0,9.2,2.0,92.0,1112.0,12.1,8.0,32.7,76.0,259.0,4.72,19.0,33.5,112.0,6.94,4.34,22.0,2.0,2006
516.0,2856.0,5.5,27.0,49.0,444.0,9.2,2.0,10.0,196.0,19.6,0.0,6.1,71.0,190.0,4.41,16.0,38.0,124.0,7.0,4.245,23.0,43.0,2006
481.0,2503.0,5.2,26.0,64.0,819.0,12.8,7.0,122.0,1807.0,14.4,14.5,46.2,67.0,207.0,4.39,18.0,36.0,116.0,7.08,4.38,21.0,73.0,2006
516.0,2856.0,5.5,27.0,49.0,444.0,9.2,2.0,117.0,1345.0,11.5,13.0,38.4,77.0,254.0,4.54,17.0,33.5,115.0,6.81,4.01,23.0,16.0,2006
516.0,2856.0,5.5,27.0,49.0,444.0,9.2,2.0,65.0,1044.0,16.1,10.0,29.0,80.0,258.0,4.62,22.0,37.5,118.0,7.47,4.67,22.0,4.0,2006
619.0,2760.0,4.5,27.0,90.0,909.0,10.1,4.0,122.0,1807.0,14.4,14.5,46.2,69.0,201.0,4.57,18.0,31.5,124.0,7.05,4.2,22.0,1.0,2006
516.0,2856.0,5.5,27.0,49.0,444.0,9.2,2.0,105.0,1315.0,12.5,17.0,29.9,74.0,214.0,4.47,18.0,36.5,120.0,6.7,3.99,22.0,0.0,2006
573.0,3222.0,5.6,15.0,43.0,186.0,4.3,2.0,122.0,1807.0,14.4,14.5,46.2,72.0,210.0,4.4,15.0,36.5,122.0,6.81,4.25,23.0,20.0,2006
516.0,2856.0,5.5,27.0,49.0,444.0,9.2,2.0,258.0,3939.0,15.3,27.0,78.8,74.0,208.0,4.45,18.0,36.0,124.0,7.0,4.07,21.0,5.0,2006
516.0,2856.0,5.5,27.0,49.0,444.0,9.2,2.0,202.0,2924.0,14.5,10.0,56.2,69.0,179.0,4.48,18.0,34.5,115.0,6.87,4.07,22.0,0.0,2006
516.0,2856.0,5.5,27.0,49.0,444.0,9.2,2.0,98.0,1367.0,13.9,15.0,26.8,75.0,252.0,4.67,19.0,37.5,113.0,7.05,4.34,23.0,3.0,2006
516.0,2856.0,5.5,27.0,49.0,444.0,9.2,2.0,130.0,2195.0,16.9,18.0,47.7,76.0,217.0,4.57,18.0,35.0,122.0,6.81,4.14,21.0,5.0,2006
516.0,2856.0,5.5,27.0,49.0,444.0,9.2,2.0,80.0,958.0,12.0,4.0,35.5,75.0,255.0,4.79,18.0,35.0,120.0,7.0,4.245,22.0,0.0,2006
61.0,289.0,4.7,3.0,26.0,226.0,8.7,1.0,122.0,1807.0,14.4,14.5,46.2,70.0,188.0,4.34,18.0,37.5,117.0,7.06,4.26,23.0,1.0,2006
516.0,2856.0,5.5,27.0,49.0,444.0,9.2,2.0,62.0,852.0,13.7,8.0,23.0,75.0,253.0,4.65,23.0,34.5,114.0,6.87,4.1,23.0,35.0,2006
516.0,2856.0,5.5,27.0,49.0,444.0,9.2,2.0,169.0,2247.0,13.3,13.0,47.8,72.0,212.0,4.62,20.0,37.0,118.0,7.0,4.245,23.0,25.0,2006
516.0,2856.0,5.5,27.0,49.0,444.0,9.2,2.0,162.0,2660.0,16.4,20.0,59.1,74.0,197.0,4.52,18.0,38.0,127.0,6.84,4.08,23.0,9.0,2006
369.0,2041.0,5.5,12.0,55.0,481.0,8.7,1.0,122.0,1807.0,14.4,14.5,46.2,68.0,201.0,4.42,17.0,32.5,105.0,6.94,4.37,24.0,23.0,2006
516.0,2856.0,5.5,27.0,49.0,444.0,9.2,2.0,112.0,1674.0,14.9,13.0,38.0,76.0,229.0,4.52,18.0,37.0,120.0,7.0,4.245,22.0,27.0,2006
516.0,2856.0,5.5,27.0,49.0,444.0,9.2,2.0,111.0,1129.0,10.2,9.0,25.7,69.0,192.0,4.53,18.0,34.0,118.0,7.0,4.245,21.0,0.0,2006
482.0,2800.0,5.8,25.0,34.0,275.0,8.1,1.0,122.0,1807.0,14.4,14.5,46.2,69.0,201.0,4.47,19.0,34.5,124.0,6.77,4.07,23.0,10.0,2006
516.0,2856.0,5.5,27.0,49.0,444.0,9.2,2.0,12.0,144.0,12.0,0.0,3.8,75.0,266.0,4.84,23.0,32.5,115.0,7.31,4.3,23.0,0.0,2006
516.0,2856.0,5.5,27.0,49.0,444.0,9.2,2.0,58.0,724.0,12.5,12.0,13.7,77.0,245.0,4.83,21.0,32.5,109.0,6.99,4.09,23.0,8.0,2006
516.0,2856.0,5.5,27.0,49.0,444.0,9.2,2.0,44.0,563.0,12.8,5.0,10.4,78.0,268.0,4.77,20.0,32.5,114.0,7.09,4.52,24.0,2.0,2006
742.0,3193.0,4.3,43.0,114.0,895.0,7.9,9.0,122.0,1807.0,14.4,14.5,46.2,71.0,214.0,4.48,18.0,35.0,111.0,6.99,4.36,22.0,5.0,2006
516.0,2856.0,5.5,27.0,49.0,444.0,9.2,2.0,234.0,2890.0,12.4,20.0,65.7,74.0,211.0,4.4,18.0,37.0,126.0,6.81,4.08,24.0,2.0,2006
314.0,1774.0,5.6,9.0,32.0,363.0,11.3,2.0,122.0,1807.0,14.4,14.5,46.2,69.0,218.0,4.5,29.0,35.0,119.0,7.19,4.245,22.0,1.0,2006
516.0,2856.0,5.5,27.0,49.0,444.0,9.2,2.0,97.0,1313.0,13.5,18.0,25.7,73.0,205.0,4.45,18.0,38.0,116.0,7.17,4.21,22.0,10.0,2006
516.0,2856.0,5.5,27.0,49.0,444.0,9.2,2.0,223.0,3634.0,16.3,20.0,79.0,70.0,192.0,4.57,18.0,34.0,116.0,6.88,4.2,23.0,7.0,2006
516.0,2856.0,5.5,27.0,49.0,444.0,9.2,2.0,178.0,2927.0,16.4,28.0,77.0,77.0,239.0,4.35,18.0,35.0,120.0,7.0,4.245,21.0,78.0,2007
748.0,4041.0,5.4,41.0,24.0,198.0,8.3,1.0,122.0,1807.0,14.4,14.5,46.2,73.0,217.0,4.4,18.0,38.5,127.0,7.09,4.4,22.0,89.0,2007
516.0,2856.0,5.5,27.0,49.0,444.0,9.2,2.0,135.0,1943.0,14.4,15.0,52.5,71.0,178.0,4.38,18.0,35.0,120.0,7.0,4.245,22.0,15.0,2007
490.0,3230.0,6.6,29.0,68.0,600.0,8.8,6.0,122.0,1807.0,14.4,14.5,46.2,71.0,215.0,4.46,20.0,35.5,125.0,7.05,4.55,21.0,15.0,2007
516.0,2856.0,5.5,27.0,49.0,444.0,9.2,2.0,154.0,2403.0,15.6,26.0,52.2,74.0,221.0,4.51,18.0,33.0,125.0,6.81,4.35,22.0,50.0,2007
516.0,2856.0,5.5,27.0,49.0,444.0,9.2,2.0,125.0,2140.0,17.1,17.0,57.8,74.0,214.0,4.39,18.0,37.5,121.0,6.97,4.31,22.0,25.0,2007
516.0,2856.0,5.5,27.0,49.0,444.0,9.2,2.0,87.0,1215.0,14.0,6.0,36.8,78.0,254.0,4.51,23.0,35.5,114.0,7.04,4.48,22.0,11.0,2007
516.0,2856.0,5.5,27.0,49.0,444.0,9.2,2.0,87.0,1286.0,14.8,13.0,39.0,72.0,193.0,4.44,18.0,38.0,123.0,6.54,4.08,22.0,16.0,2007
516.0,2856.0,5.5,27.0,49.0,444.0,9.2,2.0,144.0,1512.0,10.5,14.0,43.2,76.0,256.0,4.87,18.0,34.0,115.0,7.01,4.42,21.0,20.0,2007
516.0,2856.0,5.5,27.0,49.0,444.0,9.2,2.0,142.0,2233.0,15.7,23.0,93.0,75.0,200.0,4.51,18.0,39.5,119.0,7.09,4.34,21.0,20.0,2007
516.0,2856.0,5.5,27.0,49.0,444.0,9.2,2.0,216.0,3138.0,14.5,41.0,82.6,76.0,219.0,4.62,18.0,35.0,120.0,7.0,4.245,20.0,4.0,2007
269.0,892.0,3.3,9.0,26.0,205.0,7.9,1.0,122.0,1807.0,14.4,14.5,46.2,71.0,230.0,4.4,26.0,36.0,127.0,6.96,4.14,22.0,1.0,2007
516.0,2856.0,5.5,27.0,49.0,444.0,9.2,2.0,190.0,3019.0,15.9,22.0,65.6,72.0,197.0,4.44,18.0,38.0,120.0,6.68,4.19,22.0,21.0,2007
678.0,2775.0,4.1,32.0,207.0,1868.0,9.0,13.0,122.0,1807.0,14.4,14.5,46.2,73.0,226.0,4.52,28.0,34.5,122.0,6.88,4.22,23.0,3.0,2007
291.0,1431.0,4.9,14.0,34.0,318.0,9.4,2.0,122.0,1807.0,14.4,14.5,46.2,70.0,210.0,4.54,21.0,37.0,122.0,7.0,4.14,21.0,16.0,2007
497.0,2389.0,4.8,15.0,114.0,995.0,8.7,2.0,122.0,1807.0,14.4,14.5,46.2,70.0,191.0,4.46,26.0,35.5,121.0,7.0,4.245,23.0,3.0,2007
516.0,2856.0,5.5,27.0,49.0,444.0,9.2,2.0,73.0,1144.0,15.7,6.0,33.6,71.0,174.0,4.3,18.0,35.0,123.0,6.85,4.21,24.0,2.0,2007
516.0,2856.0,5.5,27.0,49.0,444.0,9.2,2.0,148.0,2704.0,18.3,32.0,62.9,72.0,204.0,4.32,18.0,37.0,123.0,7.02,4.22,22.0,4.0,2007
516.0,2856.0,5.5,27.0,49.0,444.0,9.2,2.0,109.0,1293.0,11.9,12.0,27.5,79.0,270.0,4.83,18.0,35.0,120.0,7.0,4.245,23.0,2.0,2007
516.0,2856.0,5.5,27.0,49.0,444.0,9.2,2.0,126.0,1496.0,11.9,12.0,34.0,73.0,207.0,4.54,22.0,34.0,119.0,7.06,4.2,23.0,43.0,2007
516.0,2856.0,5.5,27.0,49.0,444.0,9.2,2.0,175.0,2370.0,13.5,16.0,67.7,74.0,209.0,4.35,18.0,36.5,121.0,6.92,4.39,22.0,16.0,2007
516.0,2856.0,5.5,27.0,49.0,444.0,9.2,2.0,72.0,1048.0,14.6,8.0,27.6,73.0,205.0,4.45,18.0,38.5,125.0,7.03,4.24,23.0,0.0,2007
654.0,3320.0,5.1,25.0,88.0,799.0,9.1,3.0,122.0,1807.0,14.4,14.5,46.2,74.0,233.0,4.68,24.0,35.0,120.0,7.0,4.245,21.0,0.0,2007
807.0,5164.0,6.4,52.0,58.0,588.0,10.1,5.0,122.0,1807.0,14.4,14.5,46.2,67.0,186.0,4.39,22.0,35.5,116.0,6.69,4.08,23.0,2.0,2007
516.0,2856.0,5.5,27.0,49.0,444.0,9.2,2.0,190.0,3218.0,16.9,32.0,65.7,71.0,186.0,4.48,18.0,36.5,122.0,6.62,4.32,23.0,9.0,2007
501.0,2683.0,5.4,16.0,51.0,429.0,8.4,2.0,122.0,1807.0,14.4,14.5,46.2,71.0,228.0,4.66,14.0,34.0,115.0,7.23,4.43,24.0,1.0,2007
516.0,2856.0,5.5,27.0,49.0,444.0,9.2,2.0,258.0,3697.0,14.3,22.0,73.9,69.0,179.0,4.47,18.0,35.0,123.0,6.71,4.21,22.0,0.0,2007
516.0,2856.0,5.5,27.0,49.0,444.0,9.2,2.0,137.0,1842.0,13.4,12.0,36.1,70.0,181.0,4.5,18.0,35.5,115.0,6.66,4.14,23.0,0.0,2007
516.0,2856.0,5.5,27.0,49.0,444.0,9.2,2.0,117.0,1467.0,12.5,10.0,39.6,79.0,270.0,4.78,16.0,30.0,111.0,7.26,4.32,22.0,0.0,2007
516.0,2856.0,5.5,27.0,49.0,444.0,9.2,2.0,49.0,808.0,16.5,5.0,16.8,76.0,252.0,4.79,19.0,34.0,117.0,7.35,4.49,23.0,0.0,2007
516.0,2856.0,5.5,27.0,49.0,444.0,9.2,2.0,156.0,1696.0,10.9,10.0,35.3,72.0,193.0,4.46,18.0,33.0,124.0,6.9,4.29,24.0,22.0,2007
516.0,2856.0,5.5,27.0,49.0,444.0,9.2,2.0,145.0,1732.0,11.9,11.0,78.7,72.0,198.0,4.39,18.0,37.0,127.0,7.0,4.245,21.0,3.0,2007
316.0,1863.0,5.9,18.0,56.0,581.0,10.4,2.0,122.0,1807.0,14.4,14.5,46.2,71.0,220.0,4.5,18.0,38.0,114.0,7.22,4.34,22.0,4.0,2007
516.0,2856.0,5.5,27.0,49.0,444.0,9.2,2.0,57.0,594.0,10.4,3.0,23.8,75.0,244.0,4.78,20.0,36.0,115.0,6.96,4.47,22.0,7.0,2007
516.0,2856.0,5.5,27.0,49.0,444.0,9.2,2.0,69.0,1024.0,14.8,12.0,39.4,74.0,225.0,4.41,19.0,40.0,119.0,7.0,4.245,23.0,8.0,2007
516.0,2856.0,5.5,27.0,49.0,444.0,9.2,2.0,153.0,2098.0,13.7,9.0,42.0,74.0,204.0,4.5,18.0,36.0,122.0,7.22,4.28,23.0,1.0,2007
516.0,2856.0,5.5,27.0,49.0,444.0,9.2,2.0,47.0,605.0,12.9,5.0,28.8,76.0,217.0,4.49,18.0,35.0,120.0,7.0,4.245,23.0,0.0,2007
516.0,2856.0,5.5,27.0,49.0,444.0,9.2,2.0,79.0,781.0,9.9,2.0,25.2,75.0,252.0,4.74,18.0,34.5,111.0,7.21,4.31,23.0,4.0,2007
516.0,2856.0,5.5,27.0,49.0,444.0,9.2,2.0,151.0,2236.0,14.8,21.0,43.8,75.0,208.0,4.53,18.0,36.0,129.0,6.69,4.19,24.0,0.0,2007
446.0,2077.0,4.7,25.0,35.0,376.0,10.7,3.0,122.0,1807.0,14.4,14.5,46.2,70.0,232.0,4.47,18.0,31.5,115.0,7.0,4.245,23.0,3.0,2007
516.0,2856.0,5.5,27.0,49.0,444.0,9.2,2.0,131.0,1584.0,12.1,6.0,36.0,69.0,194.0,4.59,17.0,33.0,120.0,7.0,4.245,22.0,1.0,2007
516.0,2856.0,5.5,27.0,49.0,444.0,9.2,2.0,139.0,1750.0,12.6,7.0,56.5,71.0,197.0,4.56,18.0,35.0,120.0,6.91,4.14,23.0,5.0,2007
702.0,3324.0,4.7,11.0,70.0,340.0,4.9,2.0,122.0,1807.0,14.4,14.5,46.2,70.0,211.0,4.75,19.0,30.0,108.0,7.25,4.53,24.0,0.0,2007
558.0,2982.0,5.3,31.0,87.0,697.0,8.0,5.0,122.0,1807.0,14.4,14.5,46.2,69.0,198.0,4.55,18.0,34.0,112.0,6.7,4.09,21.0,36.0,2007
516.0,2856.0,5.5,27.0,49.0,444.0,9.2,2.0,85.0,1426.0,16.8,6.0,31.0,72.0,191.0,4.45,15.0,35.5,120.0,7.12,4.4,22.0,1.0,2007
785.0,4590.0,5.8,41.0,46.0,365.0,7.9,2.0,122.0,1807.0,14.4,14.5,46.2,73.0,211.0,4.33,18.0,33.0,128.0,7.0,4.245,21.0,32.0,2008
516.0,2891.0,5.6,27.0,49.0,334.0,6.8,4.0,122.0,1807.0,14.4,14.5,46.2,70.0,235.0,4.46,28.0,36.5,128.0,7.0,4.245,21.0,48.0,2008
386.0,2956.0,7.7,20.0,39.0,383.0,9.8,3.0,122.0,1807.0,14.4,14.5,46.2,70.0,207.0,4.44,18.0,33.5,124.0,6.9,4.19,21.0,26.0,2008
388.0,2539.0,6.5,22.0,59.0,564.0,9.6,5.0,122.0,1807.0,14.4,14.5,46.2,70.0,225.0,4.41,26.0,33.5,117.0,7.0,4.18,21.0,26.0,2008
624.0,2982.0,4.8,32.0,125.0,1296.0,10.4,10.0,122.0,1807.0,14.4,14.5,46.2,71.0,197.0,4.24,18.0,35.0,130.0,7.0,4.245,22.0,61.0,2008
516.0,2856.0,5.5,27.0,49.0,444.0,9.2,2.0,142.0,1882.0,13.3,16.0,40.9,74.0,242.0,4.53,26.0,38.0,131.0,6.88,4.14,23.0,22.0,2008
516.0,2856.0,5.5,27.0,49.0,444.0,9.2,2.0,210.0,3289.0,15.7,19.0,65.8,71.0,192.0,4.43,16.0,35.0,120.0,7.0,4.245,24.0,8.0,2008
516.0,2856.0,5.5,27.0,49.0,444.0,9.2,2.0,85.0,1350.0,15.9,9.0,58.7,74.0,216.0,4.41,18.0,28.0,126.0,7.15,4.26,21.0,4.0,2008
516.0,2856.0,5.5,27.0,49.0,444.0,9.2,2.0,206.0,2822.0,13.7,20.0,78.4,75.0,217.0,4.51,18.0,31.0,123.0,7.03,4.35,23.0,69.0,2008
516.0,2856.0,5.5,27.0,49.0,444.0,9.2,2.0,100.0,1093.0,10.9,8.0,23.3,77.0,251.0,4.88,20.0,30.5,113.0,7.12,4.28,24.0,12.0,2008
516.0,2856.0,5.5,27.0,49.0,444.0,9.2,2.0,191.0,2740.0,14.3,36.0,83.0,77.0,217.0,4.45,18.0,31.5,125.0,6.84,4.2,22.0,1.0,2008
516.0,2856.0,5.5,27.0,49.0,444.0,9.2,2.0,119.0,1778.0,14.9,12.0,34.9,70.0,184.0,4.39,24.0,36.0,124.0,7.07,4.34,22.0,19.0,2008
833.0,4265.0,5.1,39.0,103.0,985.0,9.6,5.0,122.0,1807.0,14.4,14.5,46.2,73.0,217.0,4.44,23.0,33.0,118.0,6.84,4.23,22.0,78.0,2008
516.0,2856.0,5.5,27.0,49.0,444.0,9.2,2.0,117.0,1408.0,12.0,13.0,29.3,75.0,255.0,4.68,24.0,35.0,120.0,7.0,4.245,22.0,14.0,2008
516.0,2856.0,5.5,27.0,49.0,444.0,9.2,2.0,162.0,2423.0,15.0,22.0,67.3,70.0,169.0,4.35,18.0,35.0,120.0,7.0,4.245,21.0,52.0,2008
516.0,2856.0,5.5,27.0,49.0,444.0,9.2,2.0,144.0,2285.0,15.9,21.0,58.6,76.0,224.0,4.68,18.0,35.0,120.0,7.0,4.245,21.0,3.0,2008
516.0,2856.0,5.5,27.0,49.0,444.0,9.2,2.0,124.0,1915.0,15.4,20.0,43.5,76.0,215.0,4.48,18.0,35.0,120.0,7.0,4.245,23.0,1.0,2008
910.0,4926.0,5.4,49.0,37.0,334.0,9.0,1.0,122.0,1807.0,14.4,14.5,46.2,68.0,199.0,4.42,23.0,31.5,119.0,6.65,4.2,21.0,63.0,2008
516.0,2856.0,5.5,27.0,49.0,444.0,9.2,2.0,105.0,1246.0,11.9,10.0,35.6,78.0,259.0,4.68,18.0,34.0,118.0,7.64,4.53,21.0,4.0,2008
905.0,4679.0,5.2,45.0,55.0,444.0,8.1,1.0,122.0,1807.0,14.4,14.5,46.2,73.0,217.0,4.53,18.0,32.0,120.0,6.74,4.49,21.0,19.0,2008
516.0,2856.0,5.5,27.0,49.0,444.0,9.2,2.0,236.0,2852.0,12.1,20.0,81.5,71.0,209.0,4.48,15.0,26.0,110.0,7.15,4.22,21.0,19.0,2008
533.0,3328.0,6.2,36.0,49.0,539.0,11.0,3.0,122.0,1807.0,14.4,14.5,46.2,71.0,200.0,4.38,18.0,30.5,122.0,6.8,4.22,21.0,64.0,2008
516.0,2856.0,5.5,27.0,49.0,444.0,9.2,2.0,21.0,341.0,16.2,1.0,8.1,79.0,270.0,4.63,24.0,33.0,120.0,7.0,4.245,23.0,2.0,2008
516.0,2856.0,5.5,27.0,49.0,444.0,9.2,2.0,160.0,1943.0,12.1,20.0,43.2,72.0,209.0,4.59,18.0,35.0,120.0,7.0,4.245,22.0,10.0,2008
516.0,2856.0,5.5,27.0,49.0,444.0,9.2,2.0,173.0,2924.0,16.9,15.0,63.6,71.0,176.0,4.51,18.0,31.0,120.0,6.57,4.12,23.0,28.0,2008
516.0,2856.0,5.5,27.0,49.0,444.0,9.2,2.0,51.0,669.0,13.1,7.0,13.4,75.0,254.0,4.59,27.0,27.5,114.0,7.07,4.31,24.0,5.0,2008
664.0,3923.0,5.9,50.0,65.0,805.0,12.4,5.0,122.0,1807.0,14.4,14.5,46.2,69.0,197.0,4.45,19.0,33.5,118.0,7.0,4.245,22.0,21.0,2008
516.0,2856.0,5.5,27.0,49.0,444.0,9.2,2.0,76.0,947.0,12.5,5.0,36.4,76.0,243.0,4.82,20.0,27.5,117.0,7.15,4.38,21.0,27.0,2008
516.0,2856.0,5.5,27.0,49.0,444.0,9.2,2.0,137.0,2310.0,16.9,27.0,67.9,72.0,181.0,4.59,16.0,32.0,117.0,7.34,4.27,22.0,18.0,2008
516.0,2856.0,5.5,27.0,49.0,444.0,9.2,2.0,185.0,2349.0,12.7,16.0,44.3,72.0,204.0,4.35,18.0,33.0,124.0,6.75,4.11,23.0,10.0,2008
516.0,2856.0,5.5,27.0,49.0,444.0,9.2,2.0,143.0,2125.0,14.9,13.0,48.3,72.0,214.0,4.37,18.0,34.5,120.0,7.0,4.245,22.0,1.0,2008
516.0,2856.0,5.5,27.0,49.0,444.0,9.2,2.0,153.0,2073.0,13.5,13.0,42.3,73.0,221.0,4.51,20.0,26.5,111.0,7.1,4.42,23.0,0.0,2008
516.0,2856.0,5.5,27.0,49.0,444.0,9.2,2.0,203.0,2175.0,10.7,18.0,43.5,77.0,251.0,4.75,20.0,35.0,120.0,7.0,4.245,23.0,0.0,2008
697.0,3465.0,5.0,28.0,41.0,288.0,7.0,0.0,122.0,1807.0,14.4,14.5,46.2,70.0,215.0,4.48,20.0,34.0,119.0,6.88,4.245,23.0,10.0,2008
516.0,2856.0,5.5,27.0,49.0,444.0,9.2,2.0,136.0,1748.0,12.9,12.0,49.9,71.0,187.0,4.57,14.0,35.0,117.0,7.0,4.245,22.0,7.0,2008
516.0,2856.0,5.5,27.0,49.0,444.0,9.2,2.0,133.0,1417.0,10.7,11.0,30.1,75.0,236.0,4.58,18.0,30.0,109.0,6.99,4.27,23.0,7.0,2008
516.0,2856.0,5.5,27.0,49.0,444.0,9.2,2.0,189.0,2376.0,12.6,25.0,51.7,72.0,201.0,4.44,10.0,38.5,125.0,6.77,4.2,23.0,3.0,2008
516.0,2856.0,5.5,27.0,49.0,444.0,9.2,2.0,98.0,1009.0,10.3,10.0,21.0,75.0,251.0,4.83,24.0,29.0,115.0,6.8,4.19,25.0,2.0,2008
333.0,1782.0,5.4,12.0,25.0,305.0,12.2,5.0,122.0,1807.0,14.4,14.5,46.2,72.0,222.0,4.61,21.0,34.0,120.0,7.0,4.245,22.0,0.0,2008
516.0,2856.0,5.5,27.0,49.0,444.0,9.2,2.0,108.0,1491.0,13.8,17.0,31.7,78.0,243.0,4.61,22.0,31.0,117.0,6.92,4.23,22.0,3.0,2008
516.0,2856.0,5.5,27.0,49.0,444.0,9.2,2.0,60.0,789.0,13.2,9.0,18.8,78.0,262.0,4.59,22.0,28.0,118.0,7.25,4.38,22.0,5.0,2008
516.0,2856.0,5.5,27.0,49.0,444.0,9.2,2.0,122.0,1817.0,14.9,16.0,35.6,72.0,219.0,4.46,18.0,35.0,120.0,7.0,4.245,23.0,13.0,2008
516.0,2856.0,5.5,27.0,49.0,444.0,9.2,2.0,178.0,2485.0,14.0,21.0,54.0,71.0,202.0,4.69,18.0,27.5,115.0,7.31,4.77,23.0,0.0,2008
516.0,2856.0,5.5,27.0,49.0,444.0,9.2,2.0,97.0,1184.0,12.2,6.0,25.2,75.0,250.0,4.8,14.0,36.0,121.0,7.08,4.27,22.0,2.0,2008
1015.0,5040.0,5.0,41.0,67.0,566.0,8.4,2.0,122.0,1807.0,14.4,14.5,46.2,69.0,206.0,4.69,23.0,28.0,110.0,7.0,4.245,22.0,3.0,2008
371.0,1778.0,4.8,19.0,17.0,158.0,9.3,2.0,122.0,1807.0,14.4,14.5,46.2,71.0,211.0,4.45,18.0,35.0,120.0,7.0,4.245,23.0,0.0,2008
516.0,2856.0,5.5,27.0,49.0,444.0,9.2,2.0,83.0,1338.0,16.1,8.0,26.8,75.0,213.0,4.56,18.0,28.5,120.0,7.03,4.43,23.0,0.0,2008
567.0,3220.0,5.7,26.0,41.0,386.0,9.4,1.0,122.0,1807.0,14.4,14.5,46.2,68.0,194.0,4.62,26.0,26.5,112.0,6.96,4.245,22.0,12.0,2008
516.0,2856.0,5.5,27.0,49.0,444.0,9.2,2.0,109.0,1438.0,13.2,16.0,41.1,75.0,203.0,4.55,18.0,35.0,120.0,7.0,4.245,22.0,1.0,2008
516.0,2856.0,5.5,27.0,49.0,444.0,9.2,2.0,138.0,2089.0,15.1,13.0,55.0,74.0,210.0,4.3,16.0,38.5,126.0,6.8,4.18,22.0,17.0,2009
516.0,2856.0,5.5,27.0,49.0,444.0,9.2,2.0,231.0,3127.0,13.5,41.0,120.3,73.0,215.0,4.54,18.0,35.0,120.0,7.0,4.245,21.0,33.0,2009
498.0,2734.0,5.5,30.0,53.0,645.0,12.2,2.0,122.0,1807.0,14.4,14.5,46.2,71.0,217.0,4.5,25.0,35.5,115.0,6.84,4.27,22.0,32.0,2009
516.0,2856.0,5.5,27.0,49.0,444.0,9.2,2.0,182.0,2315.0,12.7,22.0,82.7,72.0,198.0,4.43,18.0,35.0,120.0,7.0,4.245,21.0,33.0,2009
516.0,2856.0,5.5,27.0,49.0,444.0,9.2,2.0,112.0,1450.0,12.9,9.0,30.9,77.0,263.0,4.8,22.0,33.0,118.0,7.12,4.37,24.0,22.0,2009
516.0,2856.0,5.5,27.0,49.0,444.0,9.2,2.0,133.0,1929.0,14.5,13.0,53.6,71.0,192.0,4.39,19.0,35.0,120.0,7.0,4.245,21.0,37.0,2009
698.0,3800.0,5.4,33.0,48.0,276.0,5.8,2.0,122.0,1807.0,14.4,14.5,46.2,70.0,210.0,4.46,18.0,41.5,125.0,6.93,4.1,22.0,21.0,2009
516.0,2856.0,5.5,27.0,49.0,444.0,9.2,2.0,181.0,2840.0,15.7,21.0,78.9,73.0,212.0,4.51,18.0,36.0,120.0,7.0,4.245,21.0,37.0,2009
516.0,2856.0,5.5,27.0,49.0,444.0,9.2,2.0,178.0,3043.0,17.1,17.0,89.5,75.0,218.0,4.47,23.0,37.0,124.0,7.0,4.47,20.0,20.0,2009
585.0,3382.0,5.8,30.0,15.0,84.0,5.6,0.0,122.0,1807.0,14.4,14.5,46.2,73.0,235.0,4.38,25.0,33.5,128.0,7.0,4.245,21.0,14.0,2009
516.0,2856.0,5.5,27.0,49.0,444.0,9.2,2.0,127.0,1866.0,14.7,24.0,36.6,75.0,209.0,4.46,18.0,37.5,120.0,6.72,4.19,21.0,3.0,2009
516.0,2856.0,5.5,27.0,49.0,444.0,9.2,2.0,158.0,2282.0,14.4,16.0,44.7,73.0,210.0,4.51,18.0,36.5,127.0,7.0,4.245,22.0,11.0,2009
584.0,2816.0,4.8,35.0,65.0,549.0,8.4,1.0,122.0,1807.0,14.4,14.5,46.2,70.0,198.0,4.5,18.0,35.0,120.0,7.0,4.245,21.0,50.0,2009
516.0,2856.0,5.5,27.0,49.0,444.0,9.2,2.0,12.0,124.0,10.3,2.0,3.6,76.0,264.0,4.88,24.0,32.5,119.0,7.5,4.62,23.0,0.0,2009
376.0,2228.0,5.9,22.0,11.0,72.0,6.5,0.0,122.0,1807.0,14.4,14.5,46.2,70.0,227.0,4.55,19.0,37.0,121.0,7.1,4.4,24.0,20.0,2009
410.0,2107.0,5.1,14.0,42.0,351.0,8.4,2.0,122.0,1807.0,14.4,14.5,46.2,72.0,209.0,4.5,24.0,36.0,121.0,7.35,4.51,22.0,2.0,2009
516.0,2856.0,5.5,27.0,49.0,444.0,9.2,2.0,161.0,1743.0,10.8,9.0,37.9,71.0,194.0,4.47,15.0,33.0,120.0,7.0,4.245,23.0,0.0,2009
516.0,2856.0,5.5,27.0,49.0,444.0,9.2,2.0,46.0,927.0,20.2,8.0,22.6,72.0,183.0,4.52,18.0,35.0,120.0,7.0,4.245,21.0,8.0,2009
516.0,2856.0,5.5,27.0,49.0,444.0,9.2,2.0,101.0,1910.0,18.9,15.0,51.6,72.0,199.0,4.33,14.0,40.0,129.0,6.9,4.27,23.0,32.0,2009
516.0,2856.0,5.5,27.0,49.0,444.0,9.2,2.0,138.0,1752.0,12.7,17.0,36.5,77.0,223.0,4.59,18.0,35.0,120.0,7.0,4.245,22.0,0.0,2009
516.0,2856.0,5.5,27.0,49.0,444.0,9.2,2.0,73.0,1107.0,15.2,7.0,30.8,77.0,246.0,4.49,23.0,41.0,123.0,7.0,4.245,22.0,10.0,2009
516.0,2856.0,5.5,27.0,49.0,444.0,9.2,2.0,179.0,2771.0,15.5,22.0,55.4,70.0,182.0,4.31,12.0,34.5,118.0,7.01,4.48,23.0,4.0,2009
516.0,2856.0,5.5,27.0,49.0,444.0,9.2,2.0,247.0,2659.0,10.8,30.0,53.2,78.0,244.0,4.83,18.0,35.0,120.0,7.0,4.245,22.0,0.0,2009
516.0,2856.0,5.5,27.0,49.0,444.0,9.2,2.0,202.0,2861.0,14.2,19.0,53.0,73.0,210.0,4.44,18.0,34.5,116.0,7.0,4.4,22.0,0.0,2009
516.0,2856.0,5.5,27.0,49.0,444.0,9.2,2.0,159.0,2149.0,13.5,11.0,67.2,75.0,243.0,4.61,28.0,35.0,120.0,7.0,4.245,22.0,2.0,2009
516.0,2856.0,5.5,27.0,49.0,444.0,9.2,2.0,259.0,3231.0,12.5,22.0,67.3,68.0,195.0,4.3,18.0,40.5,126.0,6.65,4.28,22.0,20.0,2009
516.0,2856.0,5.5,27.0,49.0,444.0,9.2,2.0,90.0,1429.0,15.9,12.0,37.6,74.0,195.0,4.49,18.0,34.5,120.0,6.65,4.12,22.0,30.0,2009
374.0,1964.0,5.3,13.0,90.0,860.0,9.6,7.0,122.0,1807.0,14.4,14.5,46.2,72.0,208.0,4.43,14.0,39.5,118.0,6.89,4.22,22.0,4.0,2009
516.0,2856.0,5.5,27.0,49.0,444.0,9.2,2.0,157.0,2054.0,13.1,16.0,40.3,77.0,240.0,4.52,19.0,33.0,115.0,6.96,4.46,23.0,1.0,2009
516.0,2856.0,5.5,27.0,49.0,444.0,9.2,2.0,79.0,852.0,10.8,5.0,25.8,77.0,262.0,4.84,21.0,30.5,107.0,7.31,4.56,24.0,0.0,2009
516.0,2856.0,5.5,27.0,49.0,444.0,9.2,2.0,77.0,1245.0,16.2,13.0,25.9,74.0,203.0,4.32,12.0,35.0,120.0,7.0,4.245,22.0,11.0,2009
516.0,2856.0,5.5,27.0,49.0,444.0,9.2,2.0,215.0,3255.0,15.1,30.0,88.0,73.0,200.0,4.53,17.0,34.0,120.0,6.78,4.24,23.0,17.0,2009
523.0,2539.0,4.9,22.0,70.0,631.0,9.0,2.0,122.0,1807.0,14.4,14.5,46.2,72.0,224.0,4.37,24.0,37.0,115.0,7.35,4.33,22.0,7.0,2009
516.0,2856.0,5.5,27.0,49.0,444.0,9.2,2.0,207.0,2781.0,13.4,19.0,59.2,72.0,189.0,4.37,18.0,37.0,113.0,6.96,4.1,22.0,0.0,2009
516.0,2856.0,5.5,27.0,49.0,444.0,9.2,2.0,292.0,4138.0,14.2,60.0,84.4,70.0,191.0,4.5,13.0,42.5,129.0,7.1,4.41,23.0,4.0,2009
843.0,4398.0,5.2,34.0,96.0,719.0,7.5,1.0,122.0,1807.0,14.4,14.5,46.2,69.0,205.0,4.5,23.0,34.0,115.0,6.87,4.11,22.0,5.0,2009
516.0,2856.0,5.5,27.0,49.0,444.0,9.2,2.0,182.0,2756.0,15.1,17.0,61.2,72.0,210.0,4.59,18.0,35.0,120.0,7.0,4.245,22.0,0.0,2009
753.0,3881.0,5.2,47.0,51.0,441.0,8.6,2.0,122.0,1807.0,14.4,14.5,46.2,71.0,218.0,4.45,17.0,32.0,109.0,7.15,4.37,23.0,0.0,2009
516.0,2856.0,5.5,27.0,49.0,444.0,9.2,2.0,67.0,643.0,9.6,4.0,17.9,77.0,251.0,4.78,20.0,33.5,112.0,6.84,4.27,22.0,2.0,2009
140.0,597.0,4.3,8.0,75.0,792.0,10.6,3.0,122.0,1807.0,14.4,14.5,46.2,72.0,220.0,4.57,19.0,35.0,111.0,6.85,4.29,23.0,0.0,2009
516.0,2856.0,5.5,27.0,49.0,444.0,9.2,2.0,119.0,1710.0,14.4,17.0,35.6,71.0,189.0,4.5,18.0,35.0,120.0,7.0,4.245,22.0,0.0,2009
516.0,2856.0,5.5,27.0,49.0,444.0,9.2,2.0,164.0,2653.0,16.2,14.0,52.0,69.0,189.0,4.45,13.0,30.0,110.0,7.03,4.28,23.0,5.0,2009
516.0,2856.0,5.5,27.0,49.0,444.0,9.2,2.0,153.0,2763.0,18.1,22.0,70.8,76.0,218.0,4.43,9.0,32.0,116.0,7.04,4.33,24.0,0.0,2009
516.0,2856.0,5.5,27.0,49.0,444.0,9.2,2.0,41.0,484.0,11.8,10.0,14.2,75.0,244.0,4.61,24.0,32.5,115.0,6.99,4.36,22.0,2.0,2009
516.0,2856.0,5.5,27.0,49.0,444.0,9.2,2.0,132.0,1931.0,14.6,16.0,38.6,73.0,184.0,4.31,7.0,41.5,129.0,6.62,4.11,22.0,1.0,2009
516.0,2856.0,5.5,27.0,49.0,444.0,9.2,2.0,40.0,401.0,10.0,4.0,9.8,77.0,255.0,4.79,26.0,33.0,122.0,6.92,4.26,24.0,0.0,2009
606.0,3547.0,5.9,32.0,123.0,1420.0,11.5,11.0,122.0,1807.0,14.4,14.5,46.2,71.0,196.0,4.37,18.0,35.0,120.0,7.0,4.245,23.0,32.0,2010
534.0,3280.0,6.1,39.0,19.0,268.0,14.1,2.0,122.0,1807.0,14.4,14.5,46.2,72.0,218.0,4.37,19.0,36.0,121.0,7.0,4.33,22.0,37.0,2010
516.0,2856.0,5.5,27.0,49.0,444.0,9.2,2.0,111.0,1629.0,14.7,26.0,39.7,77.0,261.0,4.66,20.0,35.0,113.0,7.07,4.53,22.0,22.0,2010
516.0,2856.0,5.5,27.0,49.0,444.0,9.2,2.0,120.0,2339.0,19.5,15.0,60.0,75.0,224.0,4.52,18.0,35.0,120.0,7.0,4.245,22.0,65.0,2010
516.0,2856.0,5.5,27.0,49.0,444.0,9.2,2.0,147.0,2425.0,16.5,29.0,86.6,74.0,225.0,4.52,18.0,35.0,120.0,7.0,4.245,21.0,61.0,2010
364.0,2668.0,7.3,29.0,62.0,533.0,8.6,6.0,122.0,1807.0,14.4,14.5,46.2,70.0,199.0,4.34,18.0,32.5,113.0,6.75,4.17,21.0,13.0,2010
516.0,2856.0,5.5,27.0,49.0,444.0,9.2,2.0,115.0,1471.0,12.8,6.0,43.3,69.0,172.0,4.53,20.0,37.5,118.0,7.0,4.06,21.0,17.0,2010
516.0,2856.0,5.5,27.0,49.0,444.0,9.2,2.0,159.0,2221.0,14.0,7.0,60.0,73.0,219.0,4.57,20.0,37.0,118.0,7.0,4.245,21.0,7.0,2010
516.0,2856.0,5.5,27.0,49.0,444.0,9.2,2.0,75.0,1197.0,16.0,16.0,54.4,78.0,264.0,4.68,23.0,35.0,120.0,7.0,4.245,21.0,70.0,2010
671.0,3522.0,5.2,44.0,39.0,395.0,10.1,0.0,122.0,1807.0,14.4,14.5,46.2,72.0,231.0,4.5,22.0,38.0,118.0,6.94,4.25,23.0,13.0,2010
678.0,3321.0,4.9,24.0,53.0,336.0,6.3,0.0,122.0,1807.0,14.4,14.5,46.2,71.0,220.0,4.34,26.0,40.5,124.0,6.91,4.12,22.0,13.0,2010
560.0,2391.0,4.3,26.0,38.0,405.0,10.7,1.0,122.0,1807.0,14.4,14.5,46.2,72.0,225.0,4.49,21.0,41.0,124.0,6.87,4.14,23.0,4.0,2010
516.0,2856.0,5.5,27.0,49.0,444.0,9.2,2.0,157.0,2707.0,17.2,26.0,73.2,70.0,199.0,4.42,17.0,35.0,120.0,7.12,4.34,22.0,17.0,2010
516.0,2856.0,5.5,27.0,49.0,444.0,9.2,2.0,124.0,1557.0,12.6,12.0,29.9,76.0,249.0,4.59,23.0,34.0,115.0,7.32,4.59,23.0,9.0,2010
516.0,2856.0,5.5,27.0,49.0,444.0,9.2,2.0,147.0,2114.0,14.4,17.0,55.6,73.0,197.0,4.52,19.0,38.0,118.0,6.79,4.24,22.0,10.0,2010
516.0,2856.0,5.5,27.0,49.0,444.0,9.2,2.0,175.0,2517.0,14.4,25.0,49.4,74.0,211.0,4.58,18.0,36.0,115.0,6.81,4.23,23.0,19.0,2010
516.0,2856.0,5.5,27.0,49.0,444.0,9.2,2.0,285.0,3791.0,13.3,34.0,80.7,71.0,186.0,4.4,12.0,39.5,126.0,6.64,4.1,23.0,11.0,2010
516.0,2856.0,5.5,27.0,49.0,444.0,9.2,2.0,248.0,3191.0,12.9,33.0,60.2,71.0,193.0,4.6,16.0,36.5,116.0,7.0,4.245,24.0,5.0,2010
516.0,2856.0,5.5,27.0,49.0,444.0,9.2,2.0,227.0,3119.0,13.7,24.0,69.3,75.0,217.0,4.54,15.0,35.0,120.0,7.0,4.245,23.0,26.0,2010
516.0,2856.0,5.5,27.0,49.0,444.0,9.2,2.0,149.0,2019.0,13.6,14.0,38.8,72.0,204.0,4.4,16.0,37.0,114.0,6.82,4.34,22.0,1.0,2010
516.0,2856.0,5.5,27.0,49.0,444.0,9.2,2.0,76.0,953.0,12.5,11.0,19.9,75.0,245.0,4.69,18.0,34.0,113.0,7.1,4.42,23.0,9.0,2010
516.0,2856.0,5.5,27.0,49.0,444.0,9.2,2.0,17.0,213.0,12.5,5.0,16.4,78.0,260.0,4.53,18.0,38.5,120.0,6.9,4.45,23.0,39.0,2010
516.0,2856.0,5.5,27.0,49.0,444.0,9.2,2.0,204.0,3003.0,14.7,25.0,75.1,72.0,187.0,4.61,18.0,39.0,116.0,6.92,4.4,23.0,1.0,2010
516.0,2856.0,5.5,27.0,49.0,444.0,9.2,2.0,133.0,2044.0,15.4,20.0,70.5,73.0,221.0,4.53,8.0,33.5,116.0,6.9,4.31,23.0,25.0,2010
516.0,2856.0,5.5,27.0,49.0,444.0,9.2,2.0,53.0,997.0,18.8,8.0,29.3,75.0,210.0,4.39,16.0,34.0,123.0,6.94,4.6,22.0,1.0,2010
516.0,2856.0,5.5,27.0,49.0,444.0,9.2,2.0,143.0,1986.0,13.9,16.0,41.4,69.0,186.0,4.28,15.0,33.5,115.0,7.0,4.44,23.0,12.0,2010
347.0,2213.0,6.4,13.0,66.0,542.0,8.2,2.0,122.0,1807.0,14.4,14.5,46.2,71.0,198.0,4.4,18.0,36.5,120.0,7.0,4.245,22.0,6.0,2010
516.0,2856.0,5.5,27.0,49.0,444.0,9.2,2.0,111.0,1382.0,12.5,12.0,34.6,74.0,245.0,4.64,18.0,35.0,120.0,7.0,4.245,20.0,21.0,2010
516.0,2856.0,5.5,27.0,49.0,444.0,9.2,2.0,221.0,2901.0,13.1,21.0,58.0,76.0,245.0,4.68,27.0,34.0,113.0,6.72,4.17,25.0,16.0,2010
516.0,2856.0,5.5,27.0,49.0,444.0,9.2,2.0,121.0,1492.0,12.3,16.0,40.3,75.0,243.0,4.71,20.0,34.5,112.0,7.09,4.35,24.0,7.0,2010
516.0,2856.0,5.5,27.0,49.0,444.0,9.2,2.0,40.0,490.0,12.3,4.0,12.0,76.0,264.0,4.77,25.0,35.0,120.0,7.0,4.245,22.0,1.0,2010
516.0,2856.0,5.5,27.0,49.0,444.0,9.2,2.0,87.0,1146.0,13.2,8.0,24.4,76.0,254.0,4.68,23.0,32.0,112.0,7.0,4.245,21.0,9.0,2010
516.0,2856.0,5.5,27.0,49.0,444.0,9.2,2.0,106.0,1615.0,15.2,11.0,62.1,72.0,191.0,4.56,15.0,37.0,114.0,6.95,4.38,23.0,2.0,2010
516.0,2856.0,5.5,27.0,49.0,444.0,9.2,2.0,81.0,1496.0,18.5,18.0,29.3,75.0,222.0,4.53,18.0,33.0,114.0,7.0,4.245,22.0,17.0,2010
516.0,2856.0,5.5,27.0,49.0,444.0,9.2,2.0,13.0,98.0,7.5,1.0,2.0,77.0,261.0,4.72,18.0,31.5,120.0,7.0,4.245,23.0,0.0,2010
516.0,2856.0,5.5,27.0,49.0,444.0,9.2,2.0,199.0,2030.0,10.2,16.0,81.2,74.0,224.0,4.62,13.0,35.0,115.0,7.0,4.23,23.0,0.0,2010
910.0,3994.0,4.4,42.0,56.0,449.0,8.0,4.0,122.0,1807.0,14.4,14.5,46.2,73.0,233.0,4.67,15.0,33.0,121.0,7.09,4.49,22.0,3.0,2010
516.0,2856.0,5.5,27.0,49.0,444.0,9.2,2.0,105.0,1648.0,15.7,9.0,44.5,75.0,215.0,4.46,16.0,36.0,122.0,6.96,4.55,22.0,0.0,2010
516.0,2856.0,5.5,27.0,49.0,444.0,9.2,2.0,47.0,612.0,13.0,3.0,13.0,76.0,268.0,4.97,18.0,29.0,109.0,7.0,4.245,22.0,0.0,2010
516.0,2856.0,5.5,27.0,49.0,444.0,9.2,2.0,46.0,731.0,15.9,3.0,20.3,76.0,259.0,4.71,19.0,35.5,113.0,6.99,4.57,22.0,4.0,2010
517.0,3226.0,6.2,35.0,15.0,263.0,17.5,1.0,122.0,1807.0,14.4,14.5,46.2,71.0,229.0,4.64,15.0,33.0,107.0,7.56,4.67,21.0,8.0,2010
523.0,2436.0,4.7,28.0,93.0,672.0,7.2,3.0,122.0,1807.0,14.4,14.5,46.2,74.0,218.0,4.5,15.0,36.0,119.0,6.89,4.23,24.0,26.0,2010
516.0,2856.0,5.5,27.0,49.0,444.0,9.2,2.0,305.0,3199.0,10.5,22.0,78.0,70.0,186.0,4.56,13.0,33.5,105.0,6.98,4.18,22.0,86.0,2010
115.0,776.0,6.7,4.0,7.0,72.0,10.3,0.0,122.0,1807.0,14.4,14.5,46.2,65.0,166.0,4.34,10.0,42.0,116.0,6.54,4.48,24.0,0.0,2010
516.0,2856.0,5.5,27.0,49.0,444.0,9.2,2.0,116.0,1555.0,13.4,4.0,33.1,75.0,217.0,4.43,15.0,34.5,124.0,6.94,4.41,23.0,3.0,2010
516.0,2856.0,5.5,27.0,49.0,444.0,9.2,2.0,109.0,1626.0,14.9,18.0,39.7,70.0,188.0,4.4,11.0,33.0,118.0,7.0,4.19,22.0,6.0,2010
516.0,2856.0,5.5,27.0,49.0,444.0,9.2,2.0,63.0,708.0,11.2,12.0,21.5,73.0,226.0,4.4,24.0,43.5,125.0,6.96,4.3,22.0,0.0,2010
516.0,2856.0,5.5,27.0,49.0,444.0,9.2,2.0,41.0,455.0,11.1,7.0,11.7,77.0,246.0,4.82,17.0,35.0,120.0,7.0,4.245,23.0,2.0,2010
516.0,2856.0,5.5,27.0,49.0,444.0,9.2,2.0,166.0,2619.0,15.8,23.0,81.8,76.0,211.0,4.48,18.0,34.5,126.0,6.91,4.21,23.0,71.0,2011
516.0,2856.0,5.5,27.0,49.0,444.0,9.2,2.0,179.0,2653.0,14.8,15.0,66.3,75.0,220.0,4.34,17.0,38.5,135.0,6.66,4.25,22.0,97.0,2011
516.0,2856.0,5.5,27.0,49.0,444.0,9.2,2.0,128.0,2337.0,18.3,16.0,59.9,76.0,228.0,4.49,20.0,42.0,129.0,7.07,4.34,22.0,4.0,2011
572.0,3261.0,5.7,42.0,60.0,670.0,11.2,4.0,122.0,1807.0,14.4,14.5,46.2,69.0,215.0,4.62,21.0,31.5,118.0,7.13,4.62,21.0,51.0,2011
403.0,2132.0,5.3,30.0,26.0,289.0,11.1,2.0,122.0,1807.0,14.4,14.5,46.2,69.0,212.0,4.59,19.0,40.0,123.0,6.96,4.18,21.0,1.0,2011
516.0,2856.0,5.5,27.0,49.0,444.0,9.2,2.0,90.0,1032.0,11.5,8.0,35.6,78.0,259.0,4.83,18.0,35.0,120.0,7.0,4.245,21.0,35.0,2011
516.0,2856.0,5.5,27.0,49.0,444.0,9.2,2.0,204.0,3063.0,15.0,25.0,71.2,71.0,174.0,4.43,18.0,35.0,123.0,7.0,4.245,22.0,8.0,2011
516.0,2856.0,5.5,27.0,49.0,444.0,9.2,2.0,78.0,1160.0,14.9,8.0,35.2,75.0,243.0,4.65,25.0,34.5,122.0,6.94,4.15,23.0,13.0,2011
556.0,2834.0,5.1,29.0,74.0,674.0,9.1,6.0,122.0,1807.0,14.4,14.5,46.2,70.0,210.0,4.49,31.0,34.0,115.0,6.95,4.28,22.0,16.0,2011
424.0,2557.0,6.0,23.0,37.0,439.0,11.9,5.0,122.0,1807.0,14.4,14.5,46.2,72.0,227.0,4.56,21.0,38.0,122.0,6.82,4.4,21.0,5.0,2011
516.0,2856.0,5.5,27.0,49.0,444.0,9.2,2.0,152.0,2215.0,14.6,19.0,58.3,73.0,204.0,4.41,19.0,41.0,126.0,6.72,4.13,22.0,28.0,2011
516.0,2856.0,5.5,27.0,49.0,444.0,9.2,2.0,75.0,823.0,11.0,6.0,34.3,74.0,231.0,4.51,27.0,40.5,129.0,6.8,4.21,22.0,12.0,2011
545.0,2850.0,5.2,30.0,52.0,428.0,8.2,0.0,122.0,1807.0,14.4,14.5,46.2,72.0,230.0,4.62,21.0,35.0,120.0,7.0,4.245,23.0,11.0,2011
516.0,2856.0,5.5,27.0,49.0,444.0,9.2,2.0,78.0,1228.0,15.7,8.0,25.1,77.0,248.0,4.46,22.0,37.0,117.0,6.9,4.21,23.0,9.0,2011
759.0,3685.0,4.9,50.0,157.0,1571.0,10.0,13.0,122.0,1807.0,14.4,14.5,46.2,72.0,213.0,4.37,21.0,34.5,124.0,7.28,4.18,23.0,40.0,2011
306.0,1419.0,4.6,19.0,17.0,94.0,5.5,0.0,122.0,1807.0,14.4,14.5,46.2,71.0,225.0,4.65,18.0,36.0,118.0,6.78,4.21,22.0,23.0,2011
516.0,2856.0,5.5,27.0,49.0,444.0,9.2,2.0,229.0,2838.0,12.4,39.0,54.6,75.0,209.0,4.56,14.0,33.5,120.0,6.68,3.88,23.0,8.0,2011
516.0,2856.0,5.5,27.0,49.0,444.0,9.2,2.0,134.0,2160.0,16.1,22.0,51.4,73.0,209.0,4.4,14.0,36.0,117.0,6.94,4.21,22.0,9.0,2011
516.0,2856.0,5.5,27.0,49.0,444.0,9.2,2.0,209.0,3110.0,14.9,23.0,70.7,71.0,187.0,4.68,12.0,33.5,121.0,6.64,4.25,22.0,8.0,2011
516.0,2856.0,5.5,27.0,49.0,444.0,9.2,2.0,262.0,3128.0,11.9,18.0,62.6,69.0,185.0,4.46,11.0,37.5,124.0,7.07,4.25,22.0,2.0,2011
232.0,1652.0,7.1,20.0,38.0,461.0,12.1,2.0,122.0,1807.0,14.4,14.5,46.2,72.0,225.0,4.45,20.0,34.0,114.0,6.91,4.15,23.0,5.0,2011
516.0,2856.0,5.5,27.0,49.0,444.0,9.2,2.0,16.0,126.0,7.9,1.0,10.5,77.0,254.0,4.53,23.0,37.5,119.0,6.82,4.03,23.0,10.0,2011
516.0,2856.0,5.5,27.0,49.0,444.0,9.2,2.0,85.0,956.0,11.2,8.0,18.4,77.0,258.0,4.68,27.0,33.0,115.0,7.03,4.4,23.0,3.0,2011
578.0,3404.0,5.9,28.0,54.0,501.0,9.3,0.0,122.0,1807.0,14.4,14.5,46.2,71.0,219.0,4.4,11.0,36.5,119.0,6.67,4.01,22.0,13.0,2011
516.0,2856.0,5.5,27.0,49.0,444.0,9.2,2.0,285.0,4345.0,15.2,26.0,90.5,73.0,210.0,4.53,15.0,37.0,120.0,6.65,4.1,23.0,1.0,2011
708.0,4181.0,5.9,37.0,63.0,519.0,8.2,2.0,122.0,1807.0,14.4,14.5,46.2,67.0,199.0,4.46,24.0,35.0,122.0,6.74,4.21,22.0,12.0,2011
646.0,3104.0,4.8,24.0,28.0,208.0,7.4,1.0,122.0,1807.0,14.4,14.5,46.2,69.0,222.0,4.54,27.0,37.0,120.0,6.92,4.07,24.0,3.0,2011
516.0,2856.0,5.5,27.0,49.0,444.0,9.2,2.0,154.0,1854.0,12.0,13.0,59.8,74.0,201.0,4.62,14.0,35.0,120.0,7.0,4.245,21.0,4.0,2011
436.0,2338.0,5.4,19.0,45.0,344.0,7.6,3.0,122.0,1807.0,14.4,14.5,46.2,70.0,207.0,4.51,18.0,35.0,120.0,7.0,4.245,22.0,26.0,2011
311.0,1311.0,4.2,12.0,50.0,398.0,8.0,3.0,122.0,1807.0,14.4,14.5,46.2,71.0,233.0,4.53,24.0,36.5,120.0,7.16,4.39,21.0,1.0,2011
516.0,2856.0,5.5,27.0,49.0,444.0,9.2,2.0,183.0,2242.0,12.3,21.0,62.3,70.0,199.0,4.42,19.0,35.0,120.0,7.0,4.245,23.0,1.0,2011
225.0,1119.0,5.0,7.0,39.0,447.0,11.5,0.0,122.0,1807.0,14.4,14.5,46.2,70.0,209.0,4.5,18.0,32.5,117.0,7.07,4.31,23.0,0.0,2011
516.0,2856.0,5.5,27.0,49.0,444.0,9.2,2.0,152.0,1855.0,12.2,10.0,36.4,74.0,245.0,4.59,20.0,33.5,111.0,7.29,4.51,22.0,3.0,2011
788.0,3877.0,4.9,46.0,151.0,1056.0,7.0,5.0,122.0,1807.0,14.4,14.5,46.2,66.0,196.0,4.59,18.0,33.0,113.0,7.31,4.26,21.0,17.0,2011
516.0,2856.0,5.5,27.0,49.0,444.0,9.2,2.0,112.0,2004.0,17.9,18.0,38.5,72.0,194.0,4.43,13.0,36.0,118.0,6.78,4.15,22.0,15.0,2011
544.0,2860.0,5.3,30.0,52.0,405.0,7.8,1.0,122.0,1807.0,14.4,14.5,46.2,67.0,193.0,4.56,17.0,34.5,112.0,6.9,4.18,20.0,1.0,2011
516.0,2856.0,5.5,27.0,49.0,444.0,9.2,2.0,120.0,1299.0,10.8,12.0,26.0,69.0,189.0,4.56,16.0,34.5,120.0,7.0,4.245,22.0,19.0,2011
516.0,2856.0,5.5,27.0,49.0,444.0,9.2,2.0,103.0,1532.0,14.9,5.0,33.3,73.0,224.0,4.45,24.0,34.5,117.0,6.9,4.14,22.0,6.0,2011
516.0,2856.0,5.5,27.0,49.0,444.0,9.2,2.0,140.0,1884.0,13.5,7.0,39.3,73.0,202.0,4.53,18.0,38.5,123.0,6.67,4.09,22.0,0.0,2011
516.0,2856.0,5.5,27.0,49.0,444.0,9.2,2.0,268.0,3001.0,11.2,20.0,60.0,70.0,203.0,4.53,10.0,34.0,111.0,6.77,4.21,23.0,6.0,2011
686.0,3932.0,5.7,29.0,61.0,562.0,9.2,3.0,122.0,1807.0,14.4,14.5,46.2,72.0,212.0,4.65,20.0,34.0,113.0,7.07,4.18,23.0,4.0,2011
516.0,2856.0,5.5,27.0,49.0,444.0,9.2,2.0,181.0,3314.0,18.3,30.0,72.0,70.0,184.0,4.35,17.0,40.0,126.0,6.65,4.09,22.0,5.0,2011
267.0,1585.0,5.9,16.0,14.0,176.0,12.6,4.0,122.0,1807.0,14.4,14.5,46.2,71.0,242.0,4.53,28.0,29.0,113.0,6.97,4.39,23.0,0.0,2011
516.0,2856.0,5.5,27.0,49.0,444.0,9.2,2.0,72.0,939.0,13.0,11.0,23.5,75.0,249.0,4.54,23.0,42.5,130.0,6.9,4.4,23.0,5.0,2011
430.0,2401.0,5.6,17.0,48.0,509.0,10.6,4.0,122.0,1807.0,14.4,14.5,46.2,71.0,211.0,4.4,19.0,34.0,117.0,7.15,4.2,23.0,1.0,2011
546.0,3036.0,5.6,33.0,33.0,401.0,12.2,5.0,122.0,1807.0,14.4,14.5,46.2,73.0,228.0,4.56,24.0,41.5,120.0,6.79,4.06,23.0,1.0,2011
516.0,2856.0,5.5,27.0,49.0,444.0,9.2,2.0,146.0,2242.0,15.4,18.0,46.7,74.0,204.0,4.41,14.0,35.0,120.0,7.0,4.245,25.0,0.0,2011
540.0,3130.0,5.8,35.0,68.0,730.0,10.7,7.0,122.0,1807.0,14.4,14.5,46.2,69.0,228.0,4.48,18.0,35.0,120.0,7.0,4.245,22.0,7.0,2012
516.0,2856.0,5.5,27.0,49.0,444.0,9.2,2.0,253.0,3564.0,14.1,40.0,93.8,73.0,207.0,4.46,14.0,35.0,120.0,7.0,4.245,22.0,9.0,2012
516.0,2856.0,5.5,27.0,49.0,444.0,9.2,2.0,271.0,3686.0,13.6,37.0,85.7,75.0,220.0,4.4,16.0,36.5,122.0,7.0,4.245,22.0,27.0,2012
516.0,2856.0,5.5,27.0,49.0,444.0,9.2,2.0,302.0,4004.0,13.3,30.0,80.1,70.0,196.0,4.49,18.0,38.5,121.0,6.93,4.18,22.0,24.0,2012
516.0,2856.0,5.5,27.0,49.0,444.0,9.2,2.0,167.0,2432.0,14.6,19.0,52.9,72.0,190.0,4.37,12.0,38.5,124.0,7.0,4.245,22.0,0.0,2012
617.0,3431.0,5.6,43.0,67.0,715.0,10.7,4.0,122.0,1807.0,14.4,14.5,46.2,69.0,223.0,4.46,28.0,36.0,120.0,6.79,4.16,23.0,35.0,2012
462.0,2662.0,5.8,18.0,37.0,363.0,9.8,5.0,122.0,1807.0,14.4,14.5,46.2,70.0,206.0,4.38,18.0,41.0,132.0,7.09,4.12,21.0,5.0,2012
516.0,2856.0,5.5,27.0,49.0,444.0,9.2,2.0,96.0,1543.0,16.1,18.0,30.3,78.0,247.0,4.51,27.0,35.0,120.0,7.0,4.245,23.0,18.0,2012
516.0,2856.0,5.5,27.0,49.0,444.0,9.2,2.0,49.0,1248.0,25.5,9.0,32.8,76.0,215.0,4.36,14.0,39.5,133.0,6.88,4.48,21.0,4.0,2012
516.0,2856.0,5.5,27.0,49.0,444.0,9.2,2.0,183.0,3042.0,16.6,23.0,76.1,75.0,216.0,4.48,18.0,35.0,120.0,7.0,4.245,22.0,33.0,2012
545.0,3288.0,6.0,27.0,87.0,721.0,8.3,6.0,122.0,1807.0,14.4,14.5,46.2,70.0,197.0,4.39,18.0,33.0,116.0,6.95,4.32,22.0,1.0,2012
516.0,2856.0,5.5,27.0,49.0,444.0,9.2,2.0,349.0,4586.0,13.1,45.0,95.5,70.0,192.0,4.57,21.0,35.0,120.0,7.0,4.245,24.0,3.0,2012
771.0,5082.0,6.6,53.0,51.0,586.0,11.5,4.0,122.0,1807.0,14.4,14.5,46.2,68.0,194.0,4.35,15.0,35.0,123.0,6.88,4.12,22.0,2.0,2012
516.0,2856.0,5.5,27.0,49.0,444.0,9.2,2.0,97.0,1634.0,16.8,13.0,40.9,75.0,210.0,4.55,15.0,31.0,121.0,6.99,4.36,21.0,21.0,2012
516.0,2856.0,5.5,27.0,49.0,444.0,9.2,2.0,93.0,1079.0,11.6,12.0,26.3,75.0,255.0,4.85,27.0,32.0,110.0,7.12,4.37,22.0,11.0,2012
573.0,3243.0,5.7,36.0,33.0,338.0,10.2,2.0,122.0,1807.0,14.4,14.5,46.2,69.0,200.0,4.42,17.0,37.0,120.0,7.0,4.245,20.0,15.0,2012
516.0,2856.0,5.5,27.0,49.0,444.0,9.2,2.0,136.0,1955.0,14.4,18.0,46.5,74.0,211.0,4.39,14.0,36.5,123.0,7.03,4.15,22.0,2.0,2012
516.0,2856.0,5.5,27.0,49.0,444.0,9.2,2.0,99.0,1453.0,14.7,12.0,31.6,71.0,188.0,4.34,8.0,33.5,120.0,6.77,4.18,23.0,6.0,2012
516.0,2856.0,5.5,27.0,49.0,444.0,9.2,2.0,147.0,1332.0,9.1,8.0,26.6,77.0,252.0,4.52,21.0,36.0,131.0,7.03,4.32,22.0,0.0,2012
516.0,2856.0,5.5,27.0,49.0,444.0,9.2,2.0,210.0,2263.0,10.8,12.0,59.6,73.0,211.0,4.62,19.0,36.0,126.0,6.88,4.22,23.0,15.0,2012
663.0,3570.0,5.4,53.0,19.0,178.0,9.4,1.0,122.0,1807.0,14.4,14.5,46.2,72.0,218.0,4.45,17.0,36.5,123.0,7.07,4.28,21.0,10.0,2012
516.0,2856.0,5.5,27.0,49.0,444.0,9.2,2.0,229.0,3531.0,15.4,24.0,70.6,69.0,183.0,4.34,18.0,35.0,120.0,7.0,4.245,22.0,71.0,2012
516.0,2856.0,5.5,27.0,49.0,444.0,9.2,2.0,163.0,2473.0,15.2,21.0,68.7,71.0,198.0,4.35,19.0,33.5,118.0,6.97,4.23,22.0,11.0,2012
335.0,1918.0,5.7,15.0,28.0,181.0,6.5,1.0,122.0,1807.0,14.4,14.5,46.2,71.0,212.0,4.34,18.0,33.0,120.0,7.0,4.245,21.0,22.0,2012
516.0,2856.0,5.5,27.0,49.0,444.0,9.2,2.0,131.0,2146.0,16.4,13.0,43.8,70.0,172.0,4.31,14.0,38.0,119.0,7.0,4.245,22.0,13.0,2012
516.0,2856.0,5.5,27.0,49.0,444.0,9.2,2.0,164.0,2410.0,14.7,17.0,51.3,71.0,179.0,4.51,18.0,36.0,123.0,7.09,4.245,22.0,0.0,2012
565.0,3315.0,5.9,40.0,67.0,845.0,12.6,11.0,122.0,1807.0,14.4,14.5,46.2,70.0,222.0,4.42,28.0,36.0,122.0,7.16,4.31,22.0,12.0,2012
516.0,2856.0,5.5,27.0,49.0,444.0,9.2,2.0,98.0,1327.0,13.5,8.0,30.9,69.0,187.0,4.36,17.0,39.0,123.0,7.0,4.245,24.0,0.0,2012
516.0,2856.0,5.5,27.0,49.0,444.0,9.2,2.0,94.0,1370.0,14.6,10.0,34.3,74.0,251.0,4.73,35.0,35.0,120.0,7.0,4.245,21.0,1.0,2012
516.0,2856.0,5.5,27.0,49.0,444.0,9.2,2.0,168.0,2934.0,17.5,24.0,58.7,70.0,182.0,4.39,11.0,38.0,120.0,6.93,4.03,22.0,19.0,2012
516.0,2856.0,5.5,27.0,49.0,444.0,9.2,2.0,127.0,1714.0,13.5,10.0,35.7,71.0,188.0,4.42,13.0,39.5,122.0,6.85,4.13,22.0,4.0,2012
516.0,2856.0,5.5,27.0,49.0,444.0,9.2,2.0,171.0,2447.0,14.3,18.0,52.1,74.0,215.0,4.49,18.0,37.5,120.0,7.0,4.245,23.0,3.0,2012
516.0,2856.0,5.5,27.0,49.0,444.0,9.2,2.0,53.0,471.0,8.9,6.0,10.0,77.0,251.0,4.78,18.0,31.5,109.0,7.0,4.245,23.0,4.0,2012
345.0,2098.0,6.1,11.0,44.0,579.0,13.2,3.0,122.0,1807.0,14.4,14.5,46.2,68.0,180.0,4.36,16.0,36.5,120.0,6.5,3.93,24.0,1.0,2012
516.0,2856.0,5.5,27.0,49.0,444.0,9.2,2.0,156.0,2270.0,14.6,13.0,52.8,74.0,199.0,4.46,22.0,33.0,112.0,6.81,4.11,22.0,15.0,2012
516.0,2856.0,5.5,27.0,49.0,444.0,9.2,2.0,209.0,2859.0,13.7,32.0,57.2,74.0,224.0,4.66,17.0,38.0,117.0,7.15,4.3,22.0,1.0,2012
379.0,2157.0,5.7,29.0,30.0,293.0,9.8,2.0,122.0,1807.0,14.4,14.5,46.2,70.0,219.0,4.59,23.0,33.0,115.0,7.03,4.19,22.0,5.0,2012
733.0,3529.0,4.8,27.0,30.0,300.0,10.0,4.0,122.0,1807.0,14.4,14.5,46.2,70.0,219.0,4.63,16.0,35.5,117.0,7.01,4.19,23.0,28.0,2012
632.0,3298.0,5.2,30.0,103.0,776.0,7.5,6.0,122.0,1807.0,14.4,14.5,46.2,70.0,206.0,4.4,21.0,32.5,114.0,7.17,4.245,22.0,1.0,2012
516.0,2856.0,5.5,27.0,49.0,444.0,9.2,2.0,52.0,720.0,13.8,9.0,13.3,76.0,252.0,4.43,24.0,36.0,122.0,6.76,4.11,23.0,3.0,2012
592.0,2869.0,4.8,32.0,44.0,309.0,7.0,1.0,122.0,1807.0,14.4,14.5,46.2,70.0,213.0,4.57,22.0,35.0,117.0,6.97,4.04,23.0,0.0,2012
516.0,2856.0,5.5,27.0,49.0,444.0,9.2,2.0,169.0,2850.0,16.9,28.0,73.1,75.0,216.0,4.48,18.0,37.0,122.0,7.15,4.07,23.0,0.0,2012
516.0,2856.0,5.5,27.0,49.0,444.0,9.2,2.0,187.0,2515.0,13.4,18.0,51.3,71.0,192.0,4.43,11.0,32.5,120.0,7.0,4.245,23.0,3.0,2012
516.0,2856.0,5.5,27.0,49.0,444.0,9.2,2.0,147.0,2243.0,15.3,13.0,86.3,72.0,217.0,4.54,20.0,36.0,120.0,6.88,4.19,22.0,8.0,2012
516.0,2856.0,5.5,27.0,49.0,444.0,9.2,2.0,88.0,1638.0,18.6,11.0,34.9,73.0,225.0,4.48,21.0,35.5,124.0,6.59,3.98,23.0,2.0,2012
516.0,2856.0,5.5,27.0,49.0,444.0,9.2,2.0,67.0,1041.0,15.5,10.0,26.0,75.0,246.0,4.79,21.0,32.0,110.0,7.18,4.4,23.0,1.0,2012
516.0,2856.0,5.5,27.0,49.0,444.0,9.2,2.0,306.0,4187.0,13.7,32.0,97.4,72.0,208.0,4.63,14.0,35.0,119.0,6.84,4.13,24.0,0.0,2012
38.0,390.0,10.3,3.0,174.0,2124.0,12.2,17.0,122.0,1807.0,14.4,14.5,46.2,68.0,174.0,4.34,14.0,32.0,120.0,7.0,4.01,23.0,22.0,2013
516.0,2856.0,5.5,27.0,49.0,444.0,9.2,2.0,140.0,1840.0,13.1,11.0,49.7,77.0,250.0,4.68,22.0,35.5,119.0,6.92,4.32,22.0,17.0,2013
516.0,2856.0,5.5,27.0,49.0,444.0,9.2,2.0,206.0,3020.0,14.7,27.0,77.4,73.0,214.0,4.57,15.0,36.0,115.0,7.0,4.5,21.0,54.0,2013
516.0,2856.0,5.5,27.0,49.0,444.0,9.2,2.0,46.0,778.0,16.9,5.0,64.8,74.0,216.0,4.42,18.0,37.0,128.0,7.0,4.245,22.0,16.0,2013
516.0,2856.0,5.5,27.0,49.0,444.0,9.2,2.0,106.0,1812.0,17.1,18.0,64.7,76.0,196.0,4.44,18.0,39.5,136.0,7.0,4.33,22.0,7.0,2013
516.0,2856.0,5.5,27.0,49.0,444.0,9.2,2.0,112.0,1434.0,12.8,15.0,38.8,77.0,249.0,4.76,24.0,30.5,111.0,7.08,4.47,22.0,40.0,2013
423.0,2481.0,5.9,25.0,92.0,852.0,9.3,6.0,122.0,1807.0,14.4,14.5,46.2,68.0,202.0,4.53,19.0,33.5,122.0,6.91,4.12,21.0,41.0,2013
516.0,2856.0,5.5,27.0,49.0,444.0,9.2,2.0,252.0,2930.0,11.6,32.0,77.1,72.0,201.0,4.51,14.0,33.5,117.0,7.15,4.47,21.0,15.0,2013
516.0,2856.0,5.5,27.0,49.0,444.0,9.2,2.0,122.0,1646.0,13.5,17.0,42.2,78.0,254.0,4.84,18.0,32.0,114.0,7.07,4.31,22.0,2.0,2013
671.0,3346.0,5.0,33.0,78.0,531.0,6.8,1.0,122.0,1807.0,14.4,14.5,46.2,73.0,230.0,4.6,24.0,31.5,118.0,6.75,4.24,21.0,55.0,2013
516.0,2856.0,5.5,27.0,49.0,444.0,9.2,2.0,119.0,1504.0,12.6,15.0,35.8,76.0,267.0,4.69,31.0,33.5,119.0,7.08,4.53,23.0,5.0,2013
924.0,5140.0,5.6,77.0,59.0,598.0,10.1,6.0,122.0,1807.0,14.4,14.5,46.2,70.0,214.0,4.66,15.0,32.0,118.0,6.88,4.4,22.0,7.0,2013
516.0,2856.0,5.5,27.0,49.0,444.0,9.2,2.0,165.0,2398.0,14.5,24.0,51.0,75.0,210.0,4.37,18.0,35.0,120.0,7.0,4.245,22.0,6.0,2013
355.0,2402.0,6.8,30.0,35.0,338.0,9.7,2.0,122.0,1807.0,14.4,14.5,46.2,71.0,231.0,4.55,18.0,35.0,120.0,7.0,4.245,23.0,34.0,2013
529.0,2791.0,5.3,34.0,44.0,323.0,7.3,1.0,122.0,1807.0,14.4,14.5,46.2,70.0,220.0,4.54,27.0,43.0,125.0,6.69,4.02,22.0,8.0,2013
516.0,2856.0,5.5,27.0,49.0,444.0,9.2,2.0,59.0,875.0,14.8,10.0,25.0,77.0,255.0,4.63,18.0,35.0,120.0,7.0,4.245,23.0,94.0,2013
516.0,2856.0,5.5,27.0,49.0,444.0,9.2,2.0,202.0,3334.0,16.5,27.0,65.4,74.0,208.0,4.52,11.0,32.5,119.0,7.01,4.32,23.0,27.0,2013
516.0,2856.0,5.5,27.0,49.0,444.0,9.2,2.0,205.0,2570.0,12.5,17.0,77.9,74.0,206.0,4.58,18.0,35.0,120.0,7.0,4.245,21.0,77.0,2013
516.0,2856.0,5.5,27.0,49.0,444.0,9.2,2.0,120.0,1364.0,11.4,7.0,27.3,69.0,183.0,4.27,13.0,35.0,132.0,7.0,4.245,22.0,5.0,2013
516.0,2856.0,5.5,27.0,49.0,444.0,9.2,2.0,227.0,2994.0,13.2,16.0,61.1,71.0,189.0,4.45,20.0,37.0,120.0,6.8,4.02,22.0,13.0,2013
516.0,2856.0,5.5,27.0,49.0,444.0,9.2,2.0,79.0,945.0,12.0,6.0,26.3,74.0,236.0,4.72,16.0,35.0,120.0,7.0,4.245,23.0,24.0,2013
516.0,2856.0,5.5,27.0,49.0,444.0,9.2,2.0,210.0,3218.0,15.3,41.0,82.5,70.0,193.0,4.52,11.0,34.5,117.0,6.81,4.09,22.0,7.0,2013
349.0,1862.0,5.3,19.0,32.0,297.0,9.3,2.0,122.0,1807.0,14.4,14.5,46.2,71.0,227.0,4.37,31.0,33.5,121.0,6.96,4.38,21.0,10.0,2013
516.0,2856.0,5.5,27.0,49.0,444.0,9.2,2.0,99.0,1230.0,12.4,13.0,30.8,67.0,173.0,4.58,7.0,32.0,117.0,6.81,4.37,21.0,3.0,2013
516.0,2856.0,5.5,27.0,49.0,444.0,9.2,2.0,161.0,2535.0,15.7,22.0,65.0,71.0,206.0,4.38,22.0,34.0,131.0,6.68,4.1,22.0,1.0,2013
516.0,2856.0,5.5,27.0,49.0,444.0,9.2,2.0,59.0,707.0,12.0,8.0,18.1,77.0,262.0,4.75,22.0,35.0,112.0,7.36,4.52,22.0,6.0,2013
788.0,4403.0,5.6,31.0,58.0,517.0,8.9,3.0,122.0,1807.0,14.4,14.5,46.2,70.0,205.0,4.49,18.0,31.5,115.0,6.89,4.31,23.0,1.0,2013
516.0,2856.0,5.5,27.0,49.0,444.0,9.2,2.0,183.0,2594.0,14.2,24.0,103.8,72.0,204.0,4.53,8.0,33.0,118.0,6.91,4.01,23.0,6.0,2013
516.0,2856.0,5.5,27.0,49.0,444.0,9.2,2.0,49.0,736.0,15.0,10.0,27.3,80.0,260.0,4.86,17.0,31.0,113.0,7.09,4.57,22.0,6.0,2013
843.0,4300.0,5.1,40.0,97.0,778.0,8.0,5.0,122.0,1807.0,14.4,14.5,46.2,69.0,214.0,4.76,17.0,30.0,110.0,7.13,4.5,22.0,3.0,2013
516.0,2856.0,5.5,27.0,49.0,444.0,9.2,2.0,204.0,2594.0,12.7,24.0,68.3,72.0,194.0,4.38,16.0,33.5,124.0,7.0,4.35,21.0,14.0,2013
564.0,3085.0,5.5,40.0,108.0,917.0,8.5,3.0,122.0,1807.0,14.4,14.5,46.2,72.0,204.0,4.63,18.0,35.0,123.0,7.0,4.245,21.0,7.0,2013
277.0,1735.0,6.3,14.0,45.0,430.0,9.6,1.0,122.0,1807.0,14.4,14.5,46.2,67.0,192.0,4.42,21.0,35.0,120.0,7.0,4.245,22.0,19.0,2013
581.0,3143.0,5.4,30.0,46.0,415.0,9.0,0.0,122.0,1807.0,14.4,14.5,46.2,68.0,216.0,4.55,27.0,33.0,122.0,6.7,4.17,22.0,10.0,2013
389.0,2072.0,5.3,20.0,23.0,182.0,7.9,2.0,122.0,1807.0,14.4,14.5,46.2,71.0,208.0,4.55,15.0,30.5,119.0,7.12,4.4,22.0,0.0,2013
516.0,2856.0,5.5,27.0,49.0,444.0,9.2,2.0,45.0,834.0,18.5,6.0,41.7,74.0,204.0,4.43,12.0,31.5,120.0,7.0,4.245,23.0,3.0,2013
582.0,3623.0,6.2,41.0,54.0,591.0,10.9,7.0,122.0,1807.0,14.4,14.5,46.2,69.0,196.0,4.52,20.0,35.5,122.0,6.87,4.2,24.0,0.0,2013
516.0,2856.0,5.5,27.0,49.0,444.0,9.2,2.0,76.0,1018.0,13.4,6.0,27.5,75.0,242.0,4.81,17.0,31.0,112.0,7.17,4.43,22.0,10.0,2013
621.0,3436.0,5.5,33.0,59.0,505.0,8.6,2.0,122.0,1807.0,14.4,14.5,46.2,69.0,199.0,4.61,18.0,34.0,122.0,7.0,4.245,24.0,17.0,2013
304.0,1340.0,4.4,17.0,67.0,585.0,8.7,5.0,122.0,1807.0,14.4,14.5,46.2,70.0,223.0,4.53,28.0,35.0,115.0,7.0,4.62,22.0,2.0,2013
635.0,3329.0,5.2,30.0,60.0,507.0,8.5,5.0,122.0,1807.0,14.4,14.5,46.2,70.0,214.0,4.73,21.0,39.0,125.0,6.85,4.09,23.0,4.0,2013
295.0,1249.0,4.2,10.0,39.0,404.0,10.4,2.0,122.0,1807.0,14.4,14.5,46.2,70.0,228.0,4.62,18.0,35.0,120.0,7.0,4.245,21.0,0.0,2013
516.0,2856.0,5.5,27.0,49.0,444.0,9.2,2.0,175.0,2854.0,16.3,18.0,56.0,74.0,212.0,4.56,11.0,29.5,107.0,7.0,4.31,22.0,0.0,2013
219.0,1077.0,4.9,5.0,42.0,413.0,9.8,2.0,122.0,1807.0,14.4,14.5,46.2,70.0,201.0,4.68,18.0,32.0,118.0,7.0,4.245,22.0,24.0,2013
516.0,2856.0,5.5,27.0,49.0,444.0,9.2,2.0,47.0,560.0,11.9,2.0,11.2,78.0,255.0,4.97,3.0,35.0,120.0,7.0,4.245,24.0,0.0,2013
516.0,2856.0,5.5,27.0,49.0,444.0,9.2,2.0,72.0,1003.0,13.9,7.0,23.3,75.0,244.0,4.5,18.0,37.5,125.0,7.08,4.51,23.0,1.0,2013
382.0,2515.0,6.6,22.0,64.0,870.0,13.6,5.0,122.0,1807.0,14.4,14.5,46.2,68.0,195.0,4.48,17.0,35.0,118.0,7.15,4.15,22.0,0.0,2013
516.0,2856.0,5.5,27.0,49.0,444.0,9.2,2.0,189.0,3207.0,17.0,23.0,97.2,75.0,194.0,4.51,7.0,34.5,122.0,6.65,4.33,20.0,6.0,2013
516.0,2856.0,5.5,27.0,49.0,444.0,9.2,2.0,50.0,581.0,11.6,1.0,11.0,75.0,258.0,4.94,18.0,31.5,116.0,7.12,4.45,22.0,0.0,2013
516.0,2856.0,5.5,27.0,49.0,444.0,9.2,2.0,240.0,3391.0,14.1,27.0,94.2,73.0,211.0,4.43,16.0,34.0,126.0,6.95,4.34,21.0,20.0,2014
516.0,2856.0,5.5,27.0,49.0,444.0,9.2,2.0,151.0,2499.0,16.5,17.0,96.1,77.0,231.0,4.53,12.0,37.0,120.0,7.08,4.26,21.0,80.0,2014
516.0,2856.0,5.5,27.0,49.0,444.0,9.2,2.0,112.0,1805.0,16.1,8.0,53.1,76.0,250.0,4.6,24.0,32.0,120.0,7.0,4.245,21.0,15.0,2014
516.0,2856.0,5.5,27.0,49.0,444.0,9.2,2.0,143.0,2340.0,16.4,12.0,58.5,71.0,198.0,4.38,7.0,38.5,122.0,6.69,3.94,21.0,41.0,2014
516.0,2856.0,5.5,27.0,49.0,444.0,9.2,2.0,226.0,3272.0,14.5,24.0,86.1,70.0,189.0,4.33,16.0,36.0,120.0,6.76,3.81,20.0,21.0,2014
516.0,2856.0,5.5,27.0,49.0,444.0,9.2,2.0,84.0,1506.0,17.9,19.0,53.8,77.0,240.0,4.61,13.0,32.5,119.0,7.33,4.39,23.0,18.0,2014
516.0,2856.0,5.5,27.0,49.0,444.0,9.2,2.0,146.0,1840.0,12.6,21.0,48.4,77.0,262.0,4.75,20.0,35.0,120.0,7.0,4.245,21.0,5.0,2014
516.0,2856.0,5.5,27.0,49.0,444.0,9.2,2.0,248.0,3655.0,14.7,29.0,101.5,72.0,192.0,4.52,18.0,38.0,127.0,7.0,4.01,22.0,17.0,2014
516.0,2856.0,5.5,27.0,49.0,444.0,9.2,2.0,262.0,3759.0,14.3,24.0,73.7,75.0,212.0,4.46,21.0,35.5,120.0,6.95,4.18,22.0,21.0,2014
516.0,2856.0,5.5,27.0,49.0,444.0,9.2,2.0,156.0,2412.0,15.5,21.0,73.1,72.0,175.0,4.4,18.0,38.0,124.0,7.09,4.245,22.0,11.0,2014
516.0,2856.0,5.5,27.0,49.0,444.0,9.2,2.0,138.0,1818.0,13.2,13.0,56.8,77.0,265.0,4.74,28.0,33.0,118.0,7.42,4.3,22.0,3.0,2014
516.0,2856.0,5.5,27.0,49.0,444.0,9.2,2.0,37.0,573.0,15.5,6.0,22.0,78.0,270.0,4.84,27.0,32.0,114.0,7.57,4.55,21.0,1.0,2014
516.0,2856.0,5.5,27.0,49.0,444.0,9.2,2.0,233.0,3031.0,13.0,38.0,116.6,73.0,212.0,4.56,14.0,39.5,123.0,6.82,4.3,21.0,59.0,2014
644.0,3496.0,5.4,37.0,67.0,567.0,8.5,1.0,122.0,1807.0,14.4,14.5,46.2,69.0,209.0,4.49,26.0,35.5,126.0,6.75,4.0,21.0,6.0,2014
345.0,2156.0,6.2,28.0,26.0,254.0,9.8,0.0,122.0,1807.0,14.4,14.5,46.2,73.0,233.0,4.56,20.0,29.0,113.0,7.0,4.245,21.0,21.0,2014
516.0,2856.0,5.5,27.0,49.0,444.0,9.2,2.0,135.0,2042.0,15.1,17.0,63.8,74.0,215.0,4.52,23.0,35.0,120.0,7.0,4.245,21.0,3.0,2014
523.0,3198.0,6.1,37.0,34.0,271.0,8.0,4.0,122.0,1807.0,14.4,14.5,46.2,72.0,230.0,4.62,19.0,34.5,114.0,7.0,4.245,23.0,18.0,2014
516.0,2856.0,5.5,27.0,49.0,444.0,9.2,2.0,177.0,2479.0,14.0,17.0,70.8,75.0,220.0,4.6,18.0,39.0,127.0,7.0,4.0,21.0,18.0,2014
516.0,2856.0,5.5,27.0,49.0,444.0,9.2,2.0,137.0,1809.0,13.2,15.0,45.2,71.0,205.0,4.65,12.0,28.5,110.0,7.0,4.245,21.0,28.0,2014
516.0,2856.0,5.5,27.0,49.0,444.0,9.2,2.0,91.0,899.0,9.9,10.0,17.6,77.0,265.0,4.76,25.0,31.5,116.0,7.1,4.26,22.0,6.0,2014
592.0,3465.0,5.9,40.0,203.0,2108.0,10.4,11.0,122.0,1807.0,14.4,14.5,46.2,72.0,214.0,4.48,17.0,37.5,126.0,7.16,4.3,23.0,13.0,2014
516.0,2979.0,5.8,32.0,19.0,249.0,13.1,1.0,122.0,1807.0,14.4,14.5,46.2,68.0,207.0,4.5,18.0,38.5,126.0,7.0,4.15,21.0,8.0,2014
516.0,2856.0,5.5,27.0,49.0,444.0,9.2,2.0,144.0,2366.0,16.4,24.0,48.3,71.0,206.0,4.51,14.0,35.5,116.0,7.0,4.245,22.0,6.0,2014
516.0,2856.0,5.5,27.0,49.0,444.0,9.2,2.0,156.0,2371.0,15.2,20.0,62.4,74.0,221.0,4.4,13.0,39.5,132.0,7.02,4.3,21.0,15.0,2014
325.0,2342.0,7.2,24.0,99.0,1194.0,12.1,12.0,122.0,1807.0,14.4,14.5,46.2,68.0,173.0,4.26,20.0,38.0,122.0,6.86,4.06,23.0,0.0,2014
516.0,2856.0,5.5,27.0,49.0,444.0,9.2,2.0,59.0,896.0,15.2,2.0,25.6,76.0,257.0,4.87,16.0,31.5,116.0,7.23,4.47,22.0,11.0,2014
516.0,2856.0,5.5,27.0,49.0,444.0,9.2,2.0,111.0,1308.0,11.8,8.0,37.4,78.0,260.0,4.89,18.0,33.5,120.0,7.42,4.44,22.0,4.0,2014
404.0,2255.0,5.6,30.0,47.0,475.0,10.1,1.0,122.0,1807.0,14.4,14.5,46.2,68.0,206.0,4.58,18.0,31.5,118.0,7.11,4.26,22.0,45.0,2014
516.0,2856.0,5.5,27.0,49.0,444.0,9.2,2.0,203.0,3085.0,15.2,26.0,64.3,69.0,165.0,4.44,18.0,34.0,122.0,7.0,4.245,21.0,0.0,2014
516.0,2856.0,5.5,27.0,49.0,444.0,9.2,2.0,106.0,1586.0,15.0,16.0,41.7,69.0,197.0,4.45,15.0,39.5,120.0,6.69,3.95,23.0,2.0,2014
704.0,3739.0,5.3,28.0,10.0,60.0,6.0,0.0,122.0,1807.0,14.4,14.5,46.2,71.0,230.0,4.56,18.0,38.0,129.0,7.27,4.06,22.0,6.0,2014
743.0,4239.0,5.7,48.0,77.0,679.0,8.8,4.0,122.0,1807.0,14.4,14.5,46.2,69.0,207.0,4.69,19.0,32.5,115.0,7.08,4.38,21.0,3.0,2014
516.0,2856.0,5.5,27.0,49.0,444.0,9.2,2.0,61.0,1354.0,22.2,13.0,36.6,76.0,211.0,4.42,16.0,39.0,124.0,7.18,4.15,22.0,17.0,2014
516.0,2856.0,5.5,27.0,49.0,444.0,9.2,2.0,81.0,1275.0,15.7,12.0,26.0,74.0,198.0,4.48,8.0,33.0,121.0,6.68,4.32,24.0,1.0,2014
243.0,1890.0,7.8,26.0,113.0,1296.0,11.5,15.0,122.0,1807.0,14.4,14.5,46.2,69.0,174.0,4.39,8.0,32.0,124.0,7.0,4.245,21.0,7.0,2014
643.0,4015.0,6.2,45.0,73.0,670.0,9.2,3.0,122.0,1807.0,14.4,14.5,46.2,69.0,204.0,4.57,23.0,32.0,114.0,7.05,4.2,22.0,37.0,2014
516.0,2856.0,5.5,27.0,49.0,444.0,9.2,2.0,196.0,2769.0,14.1,21.0,58.9,72.0,199.0,4.64,8.0,35.5,119.0,6.68,4.11,23.0,7.0,2014
516.0,2856.0,5.5,27.0,49.0,444.0,9.2,2.0,202.0,2901.0,14.4,16.0,59.2,75.0,198.0,4.55,18.0,37.0,124.0,6.89,4.01,23.0,1.0,2014
516.0,2856.0,5.5,27.0,49.0,444.0,9.2,2.0,202.0,3140.0,15.5,23.0,59.2,73.0,195.0,4.5,4.0,30.5,117.0,6.8,4.08,23.0,1.0,2014
209.0,1253.0,6.0,11.0,16.0,105.0,6.6,0.0,122.0,1807.0,14.4,14.5,46.2,74.0,223.0,4.63,13.0,32.0,121.0,7.15,4.5,23.0,18.0,2014
516.0,2856.0,5.5,27.0,49.0,444.0,9.2,2.0,152.0,2025.0,13.3,20.0,48.2,69.0,193.0,4.48,18.0,35.5,125.0,6.84,4.27,22.0,0.0,2014
516.0,2856.0,5.5,27.0,49.0,444.0,9.2,2.0,181.0,2429.0,13.4,19.0,47.6,72.0,188.0,4.46,18.0,33.0,119.0,6.82,4.27,22.0,7.0,2014
516.0,2856.0,5.5,27.0,49.0,444.0,9.2,2.0,115.0,1526.0,13.3,15.0,31.1,74.0,225.0,4.41,19.0,35.0,120.0,7.0,4.245,22.0,13.0,2014
516.0,2856.0,5.5,27.0,49.0,444.0,9.2,2.0,229.0,2506.0,10.9,14.0,59.7,69.0,192.0,4.46,20.0,39.0,122.0,6.77,4.01,23.0,4.0,2014
335.0,1765.0,5.3,19.0,41.0,289.0,7.0,3.0,122.0,1807.0,14.4,14.5,46.2,72.0,209.0,4.6,16.0,35.5,118.0,7.0,4.245,22.0,0.0,2014
516.0,2856.0,5.5,27.0,49.0,444.0,9.2,2.0,228.0,3463.0,15.2,31.0,88.8,73.0,211.0,4.42,18.0,33.0,120.0,6.71,3.98,21.0,22.0,2015
516.0,2856.0,5.5,27.0,49.0,444.0,9.2,2.0,144.0,1954.0,13.6,15.0,85.0,75.0,215.0,4.35,23.0,36.5,123.0,6.92,4.14,23.0,2.0,2015
510.0,3285.0,6.4,36.0,65.0,615.0,9.5,6.0,122.0,1807.0,14.4,14.5,46.2,73.0,222.0,4.52,17.0,35.0,120.0,7.0,4.245,21.0,50.0,2015
516.0,2856.0,5.5,27.0,49.0,444.0,9.2,2.0,156.0,2775.0,17.8,33.0,64.5,75.0,209.0,4.45,17.0,36.5,125.0,7.0,4.245,22.0,32.0,2015
631.0,4915.0,7.8,45.0,22.0,228.0,10.4,4.0,122.0,1807.0,14.4,14.5,46.2,73.0,215.0,4.52,19.0,35.0,126.0,7.04,4.07,22.0,38.0,2015
516.0,2856.0,5.5,27.0,49.0,444.0,9.2,2.0,178.0,2572.0,14.4,20.0,64.3,72.0,198.0,4.42,12.0,35.0,120.0,7.0,4.245,22.0,18.0,2015
516.0,2856.0,5.5,27.0,49.0,444.0,9.2,2.0,115.0,2243.0,19.5,16.0,57.5,74.0,212.0,4.52,18.0,35.0,120.0,7.0,4.245,21.0,4.0,2015
516.0,2856.0,5.5,27.0,49.0,444.0,9.2,2.0,121.0,2132.0,17.6,17.0,48.5,70.0,185.0,4.33,13.0,37.0,122.0,6.7,4.11,22.0,7.0,2015
576.0,3322.0,5.8,37.0,46.0,494.0,10.7,2.0,122.0,1807.0,14.4,14.5,46.2,73.0,226.0,4.61,22.0,36.0,117.0,7.19,4.22,21.0,19.0,2015
516.0,2856.0,5.5,27.0,49.0,444.0,9.2,2.0,121.0,2503.0,20.7,30.0,46.4,72.0,196.0,4.42,10.0,39.0,122.0,7.0,4.15,23.0,1.0,2015
516.0,2856.0,5.5,27.0,49.0,444.0,9.2,2.0,87.0,1278.0,14.7,17.0,51.1,77.0,237.0,4.49,13.0,33.5,119.0,6.89,4.45,22.0,4.0,2015
516.0,2856.0,5.5,27.0,49.0,444.0,9.2,2.0,126.0,1715.0,13.6,15.0,46.4,76.0,232.0,4.7,17.0,38.5,122.0,7.0,4.245,21.0,20.0,2015
813.0,4588.0,5.6,39.0,73.0,690.0,9.5,7.0,122.0,1807.0,14.4,14.5,46.2,69.0,205.0,4.6,24.0,42.5,130.0,6.79,3.95,22.0,10.0,2015
516.0,2856.0,5.5,27.0,49.0,444.0,9.2,2.0,61.0,986.0,16.2,13.0,39.4,76.0,249.0,4.78,17.0,34.5,117.0,7.3,4.37,21.0,4.0,2015
516.0,2856.0,5.5,27.0,49.0,444.0,9.2,2.0,121.0,1753.0,14.5,14.0,36.5,76.0,251.0,4.79,20.0,35.0,120.0,7.32,4.57,23.0,7.0,2015
516.0,2856.0,5.5,27.0,49.0,444.0,9.2,2.0,249.0,3710.0,14.9,29.0,78.9,70.0,182.0,4.4,18.0,35.5,121.0,6.89,4.07,22.0,67.0,2015
516.0,2856.0,5.5,27.0,49.0,444.0,9.2,2.0,157.0,2287.0,14.6,17.0,88.0,74.0,217.0,4.44,18.0,42.0,123.0,7.0,4.245,21.0,2.0,2015
452.0,3219.0,7.1,28.0,54.0,383.0,7.1,0.0,122.0,1807.0,14.4,14.5,46.2,71.0,206.0,4.4,22.0,35.0,120.0,7.0,4.245,22.0,25.0,2015
516.0,2856.0,5.5,27.0,49.0,444.0,9.2,2.0,117.0,1938.0,16.6,20.0,39.6,74.0,213.0,4.35,18.0,45.0,139.0,7.06,4.3,22.0,11.0,2015
526.0,3519.0,6.7,26.0,69.0,719.0,10.4,4.0,122.0,1807.0,14.4,14.5,46.2,69.0,207.0,4.54,18.0,33.5,121.0,7.0,4.245,21.0,18.0,2015
516.0,2856.0,5.5,27.0,49.0,444.0,9.2,2.0,70.0,901.0,12.9,5.0,24.4,77.0,246.0,4.75,17.0,35.0,120.0,7.0,4.245,22.0,6.0,2015
516.0,2856.0,5.5,27.0,49.0,444.0,9.2,2.0,82.0,1757.0,21.4,13.0,47.5,73.0,212.0,4.43,23.0,41.0,131.0,6.98,4.06,22.0,4.0,2015
516.0,2856.0,5.5,27.0,49.0,444.0,9.2,2.0,52.0,792.0,15.2,7.0,16.9,77.0,254.0,4.81,26.0,35.0,120.0,7.0,4.245,22.0,5.0,2015
516.0,2856.0,5.5,27.0,49.0,444.0,9.2,2.0,172.0,2125.0,12.4,15.0,43.4,72.0,221.0,4.55,18.0,40.5,121.0,6.97,4.21,22.0,13.0,2015
297.0,1431.0,4.8,11.0,19.0,100.0,5.3,1.0,122.0,1807.0,14.4,14.5,46.2,74.0,231.0,4.61,20.0,31.5,112.0,7.0,4.2,22.0,9.0,2015
516.0,2856.0,5.5,27.0,49.0,444.0,9.2,2.0,283.0,3641.0,12.9,23.0,70.0,68.0,185.0,4.56,10.0,37.0,115.0,7.17,4.32,22.0,22.0,2015
568.0,2944.0,5.2,40.0,39.0,219.0,5.6,1.0,122.0,1807.0,14.4,14.5,46.2,72.0,208.0,4.42,18.0,34.5,118.0,7.22,4.32,23.0,7.0,2015
516.0,2856.0,5.5,27.0,49.0,444.0,9.2,2.0,387.0,4541.0,11.7,35.0,92.7,70.0,192.0,4.56,11.0,36.5,114.0,6.63,4.21,23.0,8.0,2015
417.0,2306.0,5.5,25.0,63.0,710.0,11.3,2.0,122.0,1807.0,14.4,14.5,46.2,72.0,221.0,4.53,11.0,35.5,121.0,6.96,4.28,24.0,14.0,2015
454.0,2440.0,5.4,22.0,70.0,755.0,10.8,2.0,122.0,1807.0,14.4,14.5,46.2,69.0,217.0,4.61,17.0,34.0,116.0,7.0,4.18,22.0,1.0,2015
516.0,2856.0,5.5,27.0,49.0,444.0,9.2,2.0,56.0,1060.0,18.9,11.0,44.2,74.0,226.0,4.52,18.0,35.0,120.0,7.0,4.245,23.0,0.0,2015
562.0,2893.0,5.1,20.0,34.0,339.0,10.0,0.0,122.0,1807.0,14.4,14.5,46.2,71.0,229.0,4.81,17.0,38.5,121.0,7.0,4.245,22.0,1.0,2015
516.0,2856.0,5.5,27.0,49.0,444.0,9.2,2.0,270.0,3830.0,14.2,29.0,75.1,71.0,182.0,4.53,18.0,36.5,122.0,6.88,4.12,22.0,2.0,2015
516.0,2856.0,5.5,27.0,49.0,444.0,9.2,2.0,150.0,2227.0,14.8,14.0,79.5,72.0,195.0,4.46,18.0,35.0,115.0,7.03,4.32,21.0,32.0,2015
678.0,3796.0,5.6,50.0,73.0,771.0,10.6,5.0,122.0,1807.0,14.4,14.5,46.2,72.0,221.0,4.57,19.0,39.0,121.0,7.1,4.1,22.0,14.0,2015
241.0,1419.0,5.9,22.0,37.0,328.0,8.9,1.0,122.0,1807.0,14.4,14.5,46.2,73.0,230.0,4.48,16.0,33.5,117.0,7.16,4.46,22.0,4.0,2015
516.0,2856.0,5.5,27.0,49.0,444.0,9.2,2.0,145.0,2203.0,15.2,15.0,58.0,74.0,192.0,4.61,10.0,36.0,114.0,6.92,4.13,23.0,6.0,2015
516.0,2856.0,5.5,27.0,49.0,444.0,9.2,2.0,78.0,1005.0,12.9,11.0,30.5,79.0,261.0,4.83,26.0,37.5,121.0,7.53,4.5,21.0,10.0,2015
394.0,2218.0,5.6,19.0,14.0,151.0,10.8,0.0,122.0,1807.0,14.4,14.5,46.2,70.0,212.0,4.53,18.0,36.5,118.0,7.13,4.245,25.0,5.0,2015
516.0,2856.0,5.5,27.0,49.0,444.0,9.2,2.0,88.0,1348.0,15.3,7.0,25.9,72.0,215.0,4.54,18.0,32.5,121.0,7.07,4.25,23.0,2.0,2015
516.0,2856.0,5.5,27.0,49.0,444.0,9.2,2.0,165.0,2292.0,13.9,7.0,48.8,74.0,216.0,4.49,23.0,36.5,124.0,6.86,4.18,23.0,0.0,2015
516.0,2856.0,5.5,27.0,49.0,444.0,9.2,2.0,114.0,1591.0,14.0,17.0,30.6,75.0,252.0,4.93,21.0,30.5,110.0,7.4,4.5,23.0,4.0,2015
516.0,2856.0,5.5,27.0,49.0,444.0,9.2,2.0,65.0,648.0,10.0,12.0,15.4,76.0,250.0,4.83,20.0,35.0,120.0,7.0,4.245,23.0,0.0,2015
516.0,2856.0,5.5,27.0,49.0,444.0,9.2,2.0,51.0,971.0,19.0,9.0,27.7,78.0,238.0,4.46,12.0,37.0,125.0,7.07,4.25,22.0,1.0,2015
323.0,1997.0,6.2,15.0,43.0,493.0,11.5,1.0,122.0,1807.0,14.4,14.5,46.2,68.0,217.0,4.7,21.0,32.0,113.0,7.0,4.245,23.0,0.0,2015
516.0,2856.0,5.5,27.0,49.0,444.0,9.2,2.0,44.0,532.0,12.1,5.0,12.7,77.0,255.0,4.79,18.0,35.0,120.0,7.0,4.245,22.0,1.0,2015
337.0,1957.0,5.8,16.0,50.0,318.0,6.4,2.0,122.0,1807.0,14.4,14.5,46.2,69.0,198.0,4.61,11.0,29.0,109.0,7.0,4.4,23.0,1.0,2015
516.0,2856.0,5.5,27.0,49.0,444.0,9.2,2.0,92.0,1497.0,16.3,13.0,68.0,68.0,180.0,4.43,13.0,34.0,121.0,6.64,4.07,23.0,0.0,2015
592.0,3961.0,6.7,43.0,58.0,449.0,7.7,1.0,122.0,1807.0,14.4,14.5,46.2,72.0,225.0,4.47,18.0,32.5,118.0,7.0,4.245,21.0,65.0,2016
516.0,2856.0,5.5,27.0,49.0,444.0,9.2,2.0,173.0,3009.0,17.4,33.0,88.5,71.0,194.0,4.42,17.0,40.5,129.0,7.0,4.245,22.0,5.0,2016
516.0,2856.0,5.5,27.0,49.0,444.0,9.2,2.0,144.0,2512.0,17.4,30.0,78.5,72.0,186.0,4.32,10.0,33.5,126.0,6.93,4.27,22.0,24.0,2016
516.0,2856.0,5.5,27.0,49.0,444.0,9.2,2.0,215.0,3178.0,14.8,34.0,69.1,74.0,202.0,4.5,14.0,41.0,131.0,6.84,4.08,23.0,9.0,2016
516.0,2856.0,5.5,27.0,49.0,444.0,9.2,2.0,202.0,2393.0,11.8,21.0,68.4,74.0,221.0,4.52,12.0,33.0,117.0,7.0,4.245,21.0,5.0,2016
516.0,2856.0,5.5,27.0,49.0,444.0,9.2,2.0,116.0,1661.0,14.3,9.0,46.1,77.0,250.0,4.79,13.0,35.0,120.0,7.0,4.245,21.0,15.0,2016
516.0,2856.0,5.5,27.0,49.0,444.0,9.2,2.0,233.0,3482.0,14.9,26.0,69.6,70.0,194.0,4.48,20.0,41.0,123.0,7.0,4.35,23.0,26.0,2016
602.0,3591.0,6.0,42.0,17.0,285.0,16.8,3.0,122.0,1807.0,14.4,14.5,46.2,75.0,247.0,4.54,22.0,37.0,130.0,7.2,4.38,22.0,59.0,2016
516.0,2856.0,5.5,27.0,49.0,444.0,9.2,2.0,113.0,1602.0,14.2,18.0,41.1,75.0,212.0,4.57,18.0,35.0,126.0,6.8,4.13,23.0,60.0,2016
516.0,2856.0,5.5,27.0,49.0,444.0,9.2,2.0,254.0,3361.0,13.2,21.0,88.4,73.0,197.0,4.58,11.0,34.0,119.0,6.9,4.35,21.0,46.0,2016
233.0,1495.0,6.4,18.0,46.0,570.0,12.4,4.0,122.0,1807.0,14.4,14.5,46.2,73.0,210.0,4.45,10.0,34.5,123.0,7.04,4.21,22.0,15.0,2016
516.0,2856.0,5.5,27.0,49.0,444.0,9.2,2.0,74.0,937.0,12.7,8.0,34.7,76.0,254.0,4.72,19.0,33.0,117.0,7.0,4.32,21.0,18.0,2016
516.0,2856.0,5.5,27.0,49.0,444.0,9.2,2.0,122.0,2373.0,19.5,29.0,57.9,72.0,211.0,4.5,14.0,35.5,120.0,7.0,4.245,22.0,2.0,2016
516.0,2856.0,5.5,27.0,49.0,444.0,9.2,2.0,36.0,588.0,16.3,2.0,26.7,72.0,220.0,4.48,18.0,35.5,121.0,7.0,4.245,22.0,5.0,2016
516.0,2856.0,5.5,27.0,49.0,444.0,9.2,2.0,55.0,585.0,10.6,6.0,13.3,78.0,257.0,4.76,17.0,30.5,111.0,7.05,4.2,23.0,4.0,2016
516.0,2856.0,5.5,27.0,49.0,444.0,9.2,2.0,119.0,2301.0,19.3,26.0,46.0,73.0,206.0,4.53,10.0,37.0,130.0,6.76,4.2,23.0,4.0,2016
516.0,2856.0,5.5,27.0,49.0,444.0,9.2,2.0,68.0,1054.0,15.5,14.0,29.3,78.0,249.0,4.77,18.0,35.0,120.0,7.0,4.245,23.0,31.0,2016
516.0,2856.0,5.5,27.0,49.0,444.0,9.2,2.0,174.0,2350.0,13.5,16.0,51.1,72.0,198.0,4.45,15.0,36.0,129.0,6.94,4.34,24.0,4.0,2016
516.0,2856.0,5.5,27.0,49.0,444.0,9.2,2.0,98.0,1338.0,13.7,8.0,26.8,74.0,215.0,4.43,18.0,38.0,132.0,7.0,4.245,22.0,3.0,2016
516.0,2856.0,5.5,27.0,49.0,444.0,9.2,2.0,135.0,2109.0,15.6,17.0,84.4,71.0,203.0,4.52,15.0,31.0,115.0,7.0,4.245,21.0,3.0,2016
483.0,2598.0,5.4,18.0,77.0,657.0,8.5,3.0,122.0,1807.0,14.4,14.5,46.2,70.0,192.0,4.41,17.0,39.0,130.0,7.0,4.245,22.0,0.0,2016
516.0,2856.0,5.5,27.0,49.0,444.0,9.2,2.0,107.0,1366.0,12.8,9.0,47.1,73.0,203.0,4.59,18.0,34.5,123.0,6.77,4.19,21.0,13.0,2016
801.0,4480.0,5.6,72.0,88.0,972.0,11.0,15.0,122.0,1807.0,14.4,14.5,46.2,70.0,215.0,4.56,18.0,37.5,121.0,6.97,4.28,22.0,5.0,2016
560.0,2773.0,5.0,21.0,80.0,624.0,7.8,2.0,122.0,1807.0,14.4,14.5,46.2,71.0,219.0,4.56,22.0,35.0,120.0,7.0,4.245,24.0,11.0,2016
516.0,2856.0,5.5,27.0,49.0,444.0,9.2,2.0,277.0,3486.0,12.6,16.0,74.2,74.0,194.0,4.55,11.0,33.5,114.0,7.0,4.245,21.0,11.0,2016
605.0,3411.0,5.6,23.0,124.0,1091.0,8.8,4.0,122.0,1807.0,14.4,14.5,46.2,68.0,204.0,4.49,24.0,34.5,116.0,7.03,4.2,23.0,11.0,2016
622.0,3491.0,5.6,29.0,80.0,739.0,9.2,3.0,122.0,1807.0,14.4,14.5,46.2,70.0,208.0,4.54,19.0,32.0,124.0,7.0,4.245,21.0,5.0,2016
647.0,3681.0,5.7,24.0,24.0,261.0,10.9,3.0,122.0,1807.0,14.4,14.5,46.2,72.0,230.0,4.57,16.0,34.0,122.0,7.0,4.245,21.0,22.0,2016
425.0,2462.0,5.8,12.0,68.0,618.0,9.1,0.0,122.0,1807.0,14.4,14.5,46.2,70.0,208.0,4.47,14.0,33.5,120.0,6.83,4.28,22.0,9.0,2016
516.0,2856.0,5.5,27.0,49.0,444.0,9.2,2.0,201.0,2702.0,13.4,14.0,53.0,73.0,207.0,4.47,18.0,34.5,121.0,7.08,4.33,23.0,0.0,2016
406.0,2321.0,5.7,16.0,26.0,345.0,13.3,6.0,122.0,1807.0,14.4,14.5,46.2,71.0,220.0,4.56,16.0,35.0,120.0,7.0,4.245,22.0,1.0,2016
516.0,2856.0,5.5,27.0,49.0,444.0,9.2,2.0,109.0,1672.0,15.3,12.0,44.0,73.0,188.0,4.42,11.0,38.5,124.0,6.6,4.22,23.0,1.0,2016
665.0,3703.0,5.6,36.0,27.0,167.0,6.2,0.0,122.0,1807.0,14.4,14.5,46.2,70.0,217.0,4.59,18.0,28.5,113.0,7.0,4.245,22.0,5.0,2016
516.0,2856.0,5.5,27.0,49.0,444.0,9.2,2.0,239.0,3649.0,15.3,31.0,96.0,73.0,196.0,4.64,13.0,32.0,116.0,7.0,4.245,21.0,13.0,2016
516.0,2856.0,5.5,27.0,49.0,444.0,9.2,2.0,66.0,977.0,14.8,7.0,23.8,77.0,247.0,4.64,18.0,32.5,117.0,7.05,4.31,23.0,2.0,2016
516.0,2856.0,5.5,27.0,49.0,444.0,9.2,2.0,72.0,890.0,12.4,6.0,34.2,76.0,262.0,4.52,18.0,35.0,120.0,7.0,4.245,23.0,1.0,2016
516.0,2856.0,5.5,27.0,49.0,444.0,9.2,2.0,83.0,1297.0,15.6,10.0,28.8,75.0,205.0,4.47,14.0,31.5,119.0,7.0,4.245,22.0,3.0,2016
516.0,2856.0,5.5,27.0,49.0,444.0,9.2,2.0,165.0,2174.0,13.2,10.0,47.3,72.0,206.0,4.56,20.0,30.5,115.0,7.22,4.31,22.0,1.0,2016
516.0,2856.0,5.5,27.0,49.0,444.0,9.2,2.0,142.0,1687.0,11.9,9.0,42.2,69.0,182.0,4.72,18.0,33.0,123.0,7.0,4.245,22.0,0.0,2016
516.0,2856.0,5.5,27.0,49.0,444.0,9.2,2.0,97.0,1626.0,16.8,17.0,46.5,74.0,231.0,4.72,12.0,33.5,118.0,6.97,4.24,21.0,0.0,2016
348.0,1872.0,5.4,18.0,48.0,458.0,9.5,2.0,122.0,1807.0,14.4,14.5,46.2,72.0,209.0,4.46,23.0,41.5,135.0,7.22,4.26,23.0,0.0,2016
516.0,2856.0,5.5,27.0,49.0,444.0,9.2,2.0,99.0,1172.0,11.8,10.0,23.0,74.0,209.0,4.45,12.0,35.5,122.0,6.96,4.46,23.0,1.0,2016
616.0,3830.0,6.2,40.0,41.0,526.0,12.8,1.0,122.0,1807.0,14.4,14.5,46.2,72.0,240.0,4.51,18.0,28.5,120.0,7.0,4.245,22.0,19.0,2017
516.0,2856.0,5.5,27.0,49.0,444.0,9.2,2.0,332.0,5285.0,15.9,52.0,105.7,75.0,209.0,4.52,18.0,35.0,120.0,7.0,4.245,22.0,24.0,2017
516.0,2856.0,5.5,27.0,49.0,444.0,9.2,2.0,177.0,2727.0,15.4,21.0,69.9,76.0,218.0,4.52,15.0,32.5,121.0,7.0,4.245,22.0,37.0,2017
632.0,3922.0,6.2,21.0,99.0,1206.0,12.2,10.0,122.0,1807.0,14.4,14.5,46.2,71.0,202.0,4.48,10.0,37.5,121.0,6.57,4.22,21.0,43.0,2017
516.0,2856.0,5.5,27.0,49.0,444.0,9.2,2.0,114.0,1729.0,15.2,22.0,43.2,71.0,188.0,4.22,18.0,37.0,133.0,7.0,4.245,21.0,5.0,2017
516.0,2856.0,5.5,27.0,49.0,444.0,9.2,2.0,114.0,1726.0,15.1,7.0,32.0,78.0,251.0,4.51,22.0,30.0,121.0,6.85,4.16,22.0,12.0,2017
516.0,2856.0,5.5,27.0,49.0,444.0,9.2,2.0,162.0,2320.0,14.3,15.0,51.6,75.0,234.0,4.42,19.0,36.0,125.0,6.92,4.23,23.0,18.0,2017
516.0,2856.0,5.5,27.0,49.0,444.0,9.2,2.0,64.0,1060.0,16.6,9.0,40.8,76.0,246.0,4.64,21.0,37.5,133.0,6.97,4.34,21.0,27.0,2017
516.0,2856.0,5.5,27.0,49.0,444.0,9.2,2.0,399.0,4279.0,10.7,23.0,87.3,74.0,201.0,4.45,15.0,36.5,133.0,6.79,4.01,22.0,8.0,2017
172.0,1286.0,7.5,15.0,107.0,1249.0,11.7,9.0,122.0,1807.0,14.4,14.5,46.2,71.0,196.0,4.31,18.0,37.0,119.0,7.09,4.33,21.0,17.0,2017
687.0,4464.0,6.5,46.0,79.0,935.0,11.8,2.0,122.0,1807.0,14.4,14.5,46.2,70.0,210.0,4.49,22.0,30.5,116.0,7.27,4.53,22.0,51.0,2017
516.0,2856.0,5.5,27.0,49.0,444.0,9.2,2.0,107.0,1584.0,14.8,13.0,42.8,75.0,239.0,4.62,22.0,37.5,126.0,6.99,4.33,23.0,10.0,2017
516.0,2856.0,5.5,27.0,49.0,444.0,9.2,2.0,213.0,3092.0,14.5,25.0,77.3,73.0,215.0,4.54,15.0,32.5,120.0,7.0,4.245,20.0,30.0,2017
210.0,1294.0,6.2,16.0,74.0,683.0,9.2,7.0,122.0,1807.0,14.4,14.5,46.2,70.0,214.0,4.56,15.0,39.5,131.0,7.0,4.245,22.0,79.0,2017
516.0,2856.0,5.5,27.0,49.0,444.0,9.2,2.0,253.0,4234.0,16.7,41.0,83.0,71.0,203.0,4.5,13.0,33.5,132.0,6.57,4.21,22.0,6.0,2017
516.0,2856.0,5.5,27.0,49.0,444.0,9.2,2.0,129.0,1713.0,13.3,12.0,42.8,71.0,204.0,4.49,18.0,34.0,124.0,7.0,4.245,23.0,1.0,2017
516.0,2856.0,5.5,27.0,49.0,444.0,9.2,2.0,154.0,2421.0,15.7,18.0,60.5,73.0,209.0,4.42,19.0,36.0,126.0,7.01,4.0,21.0,53.0,2017
782.0,4945.0,6.3,44.0,73.0,555.0,7.6,1.0,122.0,1807.0,14.4,14.5,46.2,70.0,216.0,4.62,18.0,36.5,119.0,7.0,4.245,22.0,33.0,2017
433.0,2782.0,6.4,20.0,13.0,146.0,11.2,0.0,122.0,1807.0,14.4,14.5,46.2,72.0,233.0,4.52,18.0,35.0,120.0,7.0,4.245,21.0,2.0,2017
516.0,2856.0,5.5,27.0,49.0,444.0,9.2,2.0,160.0,2285.0,14.3,18.0,87.9,76.0,218.0,4.5,18.0,35.5,120.0,7.0,4.15,23.0,23.0,2017
516.0,2856.0,5.5,27.0,49.0,444.0,9.2,2.0,178.0,2001.0,11.2,18.0,46.5,75.0,248.0,4.62,22.0,38.0,127.0,7.0,4.18,22.0,10.0,2017
668.0,3733.0,5.6,52.0,30.0,412.0,13.7,4.0,122.0,1807.0,14.4,14.5,46.2,73.0,233.0,4.65,20.0,29.0,113.0,7.0,4.245,22.0,17.0,2017
516.0,2856.0,5.5,27.0,49.0,444.0,9.2,2.0,151.0,2062.0,13.7,14.0,43.0,74.0,214.0,4.45,17.0,36.0,124.0,7.0,4.245,23.0,1.0,2017
516.0,2856.0,5.5,27.0,49.0,444.0,9.2,2.0,126.0,2267.0,18.0,21.0,87.2,72.0,178.0,4.52,18.0,35.0,120.0,7.0,4.245,23.0,13.0,2017
685.0,4122.0,6.0,49.0,40.0,321.0,8.0,2.0,122.0,1807.0,14.4,14.5,46.2,71.0,233.0,4.65,30.0,33.0,116.0,7.26,4.37,21.0,5.0,2017
516.0,2856.0,5.5,27.0,49.0,444.0,9.2,2.0,164.0,2788.0,17.0,30.0,73.4,75.0,194.0,4.52,18.0,37.0,124.0,6.83,4.13,22.0,9.0,2017
516.0,2856.0,5.5,27.0,49.0,444.0,9.2,2.0,81.0,1667.0,20.6,20.0,39.7,76.0,221.0,4.53,18.0,35.0,120.0,7.0,4.245,23.0,3.0,2017
516.0,2856.0,5.5,27.0,49.0,444.0,9.2,2.0,70.0,832.0,11.9,22.0,23.8,76.0,270.0,4.86,18.0,30.0,110.0,7.05,4.51,23.0,1.0,2017
516.0,2856.0,5.5,27.0,49.0,444.0,9.2,2.0,104.0,1608.0,15.5,14.0,41.2,75.0,208.0,4.4,10.0,30.5,121.0,7.05,4.19,21.0,1.0,2017
516.0,2856.0,5.5,27.0,49.0,444.0,9.2,2.0,244.0,2912.0,11.9,19.0,54.9,68.0,181.0,4.51,11.0,32.0,116.0,6.77,4.0,22.0,1.0,2017
726.0,3901.0,5.4,35.0,60.0,567.0,9.5,1.0,122.0,1807.0,14.4,14.5,46.2,72.0,212.0,4.59,18.0,30.0,123.0,7.25,4.53,22.0,19.0,2017
516.0,2856.0,5.5,27.0,49.0,444.0,9.2,2.0,114.0,1639.0,14.4,12.0,34.1,75.0,204.0,4.47,10.0,35.5,132.0,6.7,4.09,23.0,0.0,2017
676.0,3429.0,5.1,34.0,65.0,473.0,7.3,2.0,122.0,1807.0,14.4,14.5,46.2,72.0,215.0,4.6,21.0,29.5,120.0,7.17,4.28,22.0,11.0,2017
516.0,2856.0,5.5,27.0,49.0,444.0,9.2,2.0,111.0,1498.0,13.5,12.0,74.9,74.0,202.0,4.53,11.0,35.0,119.0,6.74,4.13,22.0,1.0,2017
586.0,3609.0,6.2,32.0,65.0,498.0,7.7,1.0,122.0,1807.0,14.4,14.5,46.2,71.0,213.0,4.5,15.0,35.5,125.0,7.0,4.245,21.0,19.0,2017
516.0,2856.0,5.5,27.0,49.0,444.0,9.2,2.0,138.0,1646.0,11.9,11.0,36.6,77.0,246.0,4.52,18.0,35.0,120.0,7.0,4.245,22.0,1.0,2017
516.0,2856.0,5.5,27.0,49.0,444.0,9.2,2.0,48.0,737.0,15.4,10.0,18.4,76.0,247.0,4.52,18.0,35.0,132.0,7.0,4.245,23.0,60.0,2017
516.0,2856.0,5.5,27.0,49.0,444.0,9.2,2.0,112.0,1598.0,14.3,18.0,33.3,77.0,258.0,4.52,18.0,33.0,114.0,7.12,4.33,22.0,1.0,2017
516.0,2856.0,5.5,27.0,49.0,444.0,9.2,2.0,71.0,921.0,13.0,11.0,21.4,77.0,252.0,4.69,18.0,29.0,116.0,7.0,4.245,23.0,2.0,2017
775.0,4287.0,5.5,35.0,41.0,403.0,9.8,0.0,122.0,1807.0,14.4,14.5,46.2,73.0,219.0,4.54,15.0,34.0,125.0,7.03,4.32,21.0,8.0,2017
516.0,2856.0,5.5,27.0,49.0,444.0,9.2,2.0,84.0,1898.0,22.6,17.0,49.9,71.0,191.0,4.5,8.0,32.0,118.0,6.83,4.2,23.0,0.0,2017
516.0,2856.0,5.5,27.0,49.0,444.0,9.2,2.0,60.0,823.0,13.7,7.0,23.5,67.0,173.0,4.42,11.0,36.0,123.0,6.64,4.15,22.0,0.0,2017
516.0,2856.0,5.5,27.0,49.0,444.0,9.2,2.0,327.0,4179.0,12.8,32.0,81.9,68.0,181.0,4.63,13.0,33.0,117.0,6.74,4.01,23.0,6.0,2017
398.0,2165.0,5.4,19.0,76.0,663.0,8.7,4.0,122.0,1807.0,14.4,14.5,46.2,69.0,196.0,4.37,17.0,33.5,121.0,7.0,4.245,23.0,0.0,2017
658.0,4114.0,6.3,33.0,71.0,646.0,9.1,7.0,122.0,1807.0,14.4,14.5,46.2,69.0,208.0,4.56,16.0,37.5,127.0,6.82,4.2,22.0,55.0,2017
711.0,4312.0,6.1,42.0,129.0,1383.0,10.7,10.0,122.0,1807.0,14.4,14.5,46.2,70.0,214.0,4.53,15.0,36.0,120.0,7.26,4.56,23.0,6.0,2017
516.0,2856.0,5.5,27.0,49.0,444.0,9.2,2.0,222.0,3391.0,15.3,17.0,69.2,75.0,219.0,4.44,19.0,41.0,136.0,6.82,4.28,22.0,0.0,2017
516.0,2856.0,5.5,27.0,49.0,444.0,9.2,2.0,167.0,2222.0,13.3,20.0,46.3,73.0,195.0,4.45,10.0,34.0,122.0,7.0,4.245,23.0,0.0,2017
516.0,2856.0,5.5,27.0,49.0,444.0,9.2,2.0,210.0,2967.0,14.1,24.0,74.2,73.0,194.0,4.61,14.0,35.5,127.0,6.94,4.34,21.0,5.0,2017
516.0,2856.0,5.5,27.0,49.0,444.0,9.2,2.0,33.0,411.0,12.5,7.0,17.1,74.0,222.0,4.52,19.0,35.0,120.0,7.07,4.33,21.0,9.0,2017
431.0,2580.0,6.0,29.0,40.0,211.0,5.3,0.0,122.0,1807.0,14.4,14.5,46.2,72.0,232.0,4.52,18.0,35.0,120.0,7.0,4.245,21.0,0.0,2017
213.0,1076.0,5.1,13.0,30.0,298.0,9.9,1.0,122.0,1807.0,14.4,14.5,46.2,72.0,218.0,4.58,23.0,37.0,130.0,7.0,4.245,22.0,29.0,2017
550.0,2856.0,5.2,34.0,98.0,933.0,9.5,6.0,122.0,1807.0,14.4,14.5,46.2,69.0,205.0,4.47,18.0,28.0,109.0,7.0,4.245,23.0,0.0,2017
671.0,3843.0,5.7,43.0,102.0,1195.0,11.7,8.0,122.0,1807.0,14.4,14.5,46.2,72.0,233.0,4.4,29.0,41.0,120.0,7.0,4.24,21.0,40.0,2018
516.0,2856.0,5.5,27.0,49.0,444.0,9.2,2.0,146.0,2027.0,13.9,17.0,54.8,72.0,210.0,4.42,15.0,39.5,132.0,6.95,4.07,21.0,36.0,2018
516.0,2856.0,5.5,27.0,49.0,444.0,9.2,2.0,100.0,1281.0,12.8,3.0,33.7,76.0,250.0,4.67,18.0,31.5,120.0,7.19,4.37,25.0,6.0,2018
516.0,2856.0,5.5,27.0,49.0,444.0,9.2,2.0,224.0,2781.0,12.4,19.0,63.2,72.0,189.0,4.43,15.0,31.0,110.0,6.88,4.41,23.0,24.0,2018
488.0,3656.0,7.5,38.0,42.0,479.0,11.4,6.0,122.0,1807.0,14.4,14.5,46.2,71.0,220.0,4.46,13.0,32.5,120.0,7.0,4.245,22.0,13.0,2018
591.0,3638.0,6.2,33.0,64.0,621.0,9.7,6.0,122.0,1807.0,14.4,14.5,46.2,71.0,214.0,4.54,22.0,35.0,120.0,7.0,4.21,23.0,15.0,2018
758.0,4769.0,6.3,44.0,31.0,361.0,11.6,4.0,122.0,1807.0,14.4,14.5,46.2,71.0,227.0,4.52,29.0,38.5,128.0,7.09,4.25,22.0,47.0,2018
591.0,3619.0,6.1,39.0,32.0,302.0,9.4,3.0,122.0,1807.0,14.4,14.5,46.2,71.0,205.0,4.65,18.0,36.5,120.0,7.0,4.245,21.0,17.0,2018
516.0,2856.0,5.5,27.0,49.0,444.0,9.2,2.0,193.0,3193.0,16.5,31.0,86.3,75.0,218.0,4.54,18.0,35.5,124.0,6.57,4.11,22.0,45.0,2018
516.0,2856.0,5.5,27.0,49.0,444.0,9.2,2.0,129.0,1481.0,11.5,15.0,29.0,77.0,247.0,4.54,22.0,41.5,129.0,6.76,4.1,22.0,19.0,2018
519.0,2494.0,4.8,32.0,55.0,478.0,8.7,2.0,122.0,1807.0,14.4,14.5,46.2,71.0,213.0,4.52,11.0,40.0,126.0,7.07,4.29,21.0,11.0,2018
516.0,2856.0,5.5,27.0,49.0,444.0,9.2,2.0,163.0,2256.0,13.8,24.0,42.6,72.0,186.0,4.52,18.0,35.0,120.0,7.0,4.245,22.0,5.0,2018
516.0,2856.0,5.5,27.0,49.0,444.0,9.2,2.0,234.0,2856.0,12.2,26.0,73.2,70.0,201.0,4.47,20.0,35.5,115.0,7.09,4.45,21.0,23.0,2018
516.0,2856.0,5.5,27.0,49.0,444.0,9.2,2.0,238.0,3590.0,15.1,37.0,94.5,71.0,201.0,4.52,22.0,35.0,120.0,7.0,4.245,23.0,12.0,2018
471.0,3074.0,6.5,29.0,32.0,250.0,7.8,3.0,122.0,1807.0,14.4,14.5,46.2,70.0,224.0,4.49,15.0,31.5,120.0,7.0,4.245,21.0,2.0,2018
516.0,2856.0,5.5,27.0,49.0,444.0,9.2,2.0,226.0,4472.0,19.8,39.0,86.0,71.0,213.0,4.54,14.0,34.5,120.0,7.11,4.32,22.0,11.0,2018
516.0,2856.0,5.5,27.0,49.0,444.0,9.2,2.0,66.0,1351.0,20.5,6.0,45.0,75.0,199.0,4.34,16.0,40.0,129.0,7.0,4.245,21.0,13.0,2018
947.0,5621.0,5.9,60.0,79.0,814.0,10.3,4.0,122.0,1807.0,14.4,14.5,46.2,71.0,229.0,4.54,17.0,34.0,118.0,6.9,4.16,22.0,9.0,2018
516.0,2856.0,5.5,27.0,49.0,444.0,9.2,2.0,176.0,2685.0,15.3,21.0,103.3,73.0,205.0,4.51,10.0,36.0,122.0,6.95,4.37,22.0,30.0,2018
516.0,2856.0,5.5,27.0,49.0,444.0,9.2,2.0,112.0,1765.0,15.8,22.0,44.1,77.0,256.0,4.67,17.0,31.0,113.0,7.34,4.38,23.0,51.0,2018
516.0,2856.0,5.5,27.0,49.0,444.0,9.2,2.0,81.0,1149.0,14.2,8.0,28.0,75.0,249.0,4.52,18.0,35.0,120.0,7.0,4.245,26.0,14.0,2018
516.0,2856.0,5.5,27.0,49.0,444.0,9.2,2.0,28.0,404.0,14.4,5.0,17.6,76.0,259.0,4.74,18.0,36.0,123.0,7.15,4.2,22.0,7.0,2018
516.0,2856.0,5.5,27.0,49.0,444.0,9.2,2.0,159.0,2424.0,15.2,17.0,63.8,70.0,181.0,4.43,14.0,34.5,113.0,6.93,4.15,21.0,7.0,2018
210.0,1156.0,5.5,12.0,69.0,677.0,9.8,0.0,122.0,1807.0,14.4,14.5,46.2,68.0,198.0,4.38,18.0,35.5,119.0,7.18,4.35,21.0,22.0,2018
516.0,2856.0,5.5,27.0,49.0,444.0,9.2,2.0,89.0,1399.0,15.7,7.0,53.8,71.0,200.0,4.41,18.0,34.0,121.0,7.0,4.245,21.0,5.0,2018
516.0,2856.0,5.5,27.0,49.0,444.0,9.2,2.0,86.0,1048.0,12.2,7.0,28.3,76.0,253.0,4.52,21.0,35.0,120.0,7.0,4.245,22.0,6.0,2018
394.0,1995.0,5.1,26.0,56.0,624.0,11.1,2.0,122.0,1807.0,14.4,14.5,46.2,70.0,202.0,4.6,18.0,31.5,118.0,7.0,4.245,21.0,1.0,2018
516.0,2856.0,5.5,27.0,49.0,444.0,9.2,2.0,214.0,2842.0,13.3,18.0,53.6,73.0,203.0,4.52,18.0,34.5,118.0,6.84,4.15,23.0,6.0,2018
516.0,2856.0,5.5,27.0,49.0,444.0,9.2,2.0,25.0,336.0,13.4,3.0,12.4,76.0,262.0,4.87,15.0,28.0,111.0,7.07,4.4,22.0,10.0,2018
516.0,2856.0,5.5,27.0,49.0,444.0,9.2,2.0,28.0,381.0,13.6,6.0,9.8,77.0,253.0,4.81,18.0,31.0,110.0,7.17,4.23,23.0,10.0,2018
450.0,1984.0,4.4,27.0,82.0,684.0,8.3,2.0,122.0,1807.0,14.4,14.5,46.2,73.0,228.0,4.46,15.0,33.5,122.0,6.91,4.35,22.0,3.0,2018
516.0,2856.0,5.5,27.0,49.0,444.0,9.2,2.0,99.0,1362.0,13.8,14.0,54.5,77.0,218.0,4.56,16.0,34.5,124.0,7.2,4.4,23.0,0.0,2018
516.0,2856.0,5.5,27.0,49.0,444.0,9.2,2.0,55.0,555.0,10.1,5.0,13.9,77.0,244.0,4.75,15.0,32.0,120.0,7.0,4.4,22.0,18.0,2018
516.0,2856.0,5.5,27.0,49.0,444.0,9.2,2.0,135.0,1627.0,12.1,7.0,31.3,77.0,247.0,4.52,14.0,35.0,120.0,7.0,4.245,23.0,1.0,2018
516.0,2856.0,5.5,27.0,49.0,444.0,9.2,2.0,83.0,1159.0,14.0,11.0,34.1,75.0,254.0,4.8,18.0,38.0,120.0,7.13,4.23,23.0,8.0,2018
516.0,2856.0,5.5,27.0,49.0,444.0,9.2,2.0,202.0,1855.0,9.2,19.0,35.7,71.0,225.0,4.54,18.0,34.5,121.0,6.93,4.28,22.0,7.0,2018
279.0,1751.0,6.3,14.0,32.0,322.0,10.1,1.0,122.0,1807.0,14.4,14.5,46.2,73.0,216.0,4.52,16.0,36.0,117.0,7.0,4.27,24.0,8.0,2018
516.0,2856.0,5.5,27.0,49.0,444.0,9.2,2.0,119.0,1832.0,15.4,12.0,40.7,76.0,206.0,4.37,15.0,30.5,124.0,7.0,4.245,23.0,18.0,2018
327.0,1573.0,4.8,15.0,43.0,350.0,8.1,0.0,122.0,1807.0,14.4,14.5,46.2,70.0,216.0,4.52,15.0,35.0,120.0,7.13,4.51,21.0,1.0,2018
516.0,2856.0,5.5,27.0,49.0,444.0,9.2,2.0,130.0,2040.0,15.7,20.0,48.6,74.0,202.0,4.43,11.0,33.5,115.0,6.71,4.37,22.0,0.0,2018
516.0,2856.0,5.5,27.0,49.0,444.0,9.2,2.0,127.0,1226.0,9.7,4.0,30.7,69.0,190.0,4.53,13.0,34.5,113.0,7.0,4.245,21.0,0.0,2018
516.0,2856.0,5.5,27.0,49.0,444.0,9.2,2.0,92.0,1484.0,16.1,13.0,46.4,77.0,214.0,4.48,20.0,35.0,120.0,7.0,4.245,21.0,4.0,2018
516.0,2856.0,5.5,27.0,49.0,444.0,9.2,2.0,62.0,910.0,14.7,8.0,33.7,75.0,215.0,4.53,18.0,33.5,113.0,7.0,4.245,23.0,1.0,2018
516.0,2856.0,5.5,27.0,49.0,444.0,9.2,2.0,146.0,2466.0,16.9,13.0,51.4,76.0,216.0,4.62,13.0,34.0,121.0,7.07,4.25,23.0,2.0,2018
516.0,2856.0,5.5,27.0,49.0,444.0,9.2,2.0,244.0,3261.0,13.4,23.0,105.2,70.0,183.0,4.48,6.0,35.5,122.0,6.87,4.16,23.0,6.0,2018
516.0,2856.0,5.5,27.0,49.0,444.0,9.2,2.0,54.0,761.0,14.1,6.0,18.6,77.0,256.0,4.94,18.0,33.0,110.0,7.15,4.43,22.0,3.0,2018
1142.0,5440.0,4.8,41.0,122.0,858.0,7.0,1.0,122.0,1807.0,14.4,14.5,46.2,72.0,199.0,4.52,13.0,38.5,122.0,6.81,4.07,22.0,10.0,2018
516.0,2856.0,5.5,27.0,49.0,444.0,9.2,2.0,65.0,957.0,14.7,16.0,31.9,77.0,228.0,4.68,18.0,31.0,112.0,7.0,4.245,21.0,5.0,2018
516.0,2856.0,5.5,27.0,49.0,444.0,9.2,2.0,136.0,1512.0,11.1,13.0,39.8,71.0,203.0,4.55,17.0,33.5,116.0,6.91,4.19,22.0,2.0,2018
516.0,2856.0,5.5,27.0,49.0,444.0,9.2,2.0,73.0,1080.0,14.8,9.0,41.5,77.0,251.0,4.7,17.0,37.5,123.0,7.02,4.18,22.0,16.0,2019
516.0,2856.0,5.5,27.0,49.0,444.0,9.2,2.0,78.0,1083.0,13.9,19.0,30.9,76.0,249.0,4.5,20.0,39.5,127.0,6.81,4.22,21.0,14.0,2019
251.0,1491.0,5.9,16.0,48.0,571.0,11.9,5.0,122.0,1807.0,14.4,14.5,46.2,70.0,220.0,4.52,18.0,35.0,120.0,7.0,4.245,21.0,38.0,2019
516.0,2856.0,5.5,27.0,49.0,444.0,9.2,2.0,132.0,2413.0,18.3,17.0,89.4,69.0,166.0,4.52,18.0,35.0,120.0,7.0,4.245,22.0,24.0,2019
516.0,2856.0,5.5,27.0,49.0,444.0,9.2,2.0,213.0,2889.0,13.6,22.0,78.1,74.0,228.0,4.53,27.0,38.5,122.0,7.0,4.245,21.0,6.0,2019
516.0,2856.0,5.5,27.0,49.0,444.0,9.2,2.0,148.0,2076.0,14.0,16.0,69.2,71.0,214.0,4.48,15.0,39.0,122.0,7.03,4.14,23.0,47.0,2019
516.0,2856.0,5.5,27.0,49.0,444.0,9.2,2.0,58.0,838.0,14.4,10.0,28.9,74.0,242.0,4.63,19.0,32.5,110.0,7.32,4.33,21.0,8.0,2019
516.0,2856.0,5.5,27.0,49.0,444.0,9.2,2.0,189.0,2984.0,15.8,19.0,82.9,72.0,226.0,4.49,19.0,36.5,120.0,7.0,4.245,22.0,25.0,2019
516.0,2856.0,5.5,27.0,49.0,444.0,9.2,2.0,46.0,487.0,10.6,5.0,9.5,77.0,255.0,4.71,18.0,33.5,115.0,7.15,4.31,23.0,7.0,2019
276.0,1649.0,6.0,12.0,32.0,193.0,6.0,1.0,122.0,1807.0,14.4,14.5,46.2,71.0,211.0,4.49,20.0,36.0,124.0,6.89,4.19,22.0,29.0,2019
516.0,2856.0,5.5,27.0,49.0,444.0,9.2,2.0,59.0,950.0,16.1,11.0,32.8,70.0,187.0,4.33,17.0,36.5,119.0,7.0,4.245,21.0,23.0,2019
516.0,2856.0,5.5,27.0,49.0,444.0,9.2,2.0,135.0,2219.0,16.4,28.0,61.6,74.0,225.0,4.52,18.0,35.0,120.0,7.0,4.245,22.0,2.0,2019
516.0,2856.0,5.5,27.0,49.0,444.0,9.2,2.0,143.0,1768.0,12.4,15.0,36.8,72.0,205.0,4.31,11.0,40.0,135.0,7.0,4.03,22.0,9.0,2019
516.0,2856.0,5.5,27.0,49.0,444.0,9.2,2.0,229.0,3519.0,15.4,30.0,97.8,69.0,188.0,4.31,15.0,36.5,121.0,6.95,4.15,22.0,4.0,2019
516.0,2856.0,5.5,27.0,49.0,444.0,9.2,2.0,67.0,1228.0,18.3,14.0,58.5,75.0,228.0,4.33,27.0,40.5,134.0,7.38,4.5,21.0,50.0,2019
516.0,2856.0,5.5,27.0,49.0,444.0,9.2,2.0,137.0,2276.0,16.6,24.0,59.9,70.0,183.0,4.53,15.0,33.5,123.0,7.09,4.45,23.0,33.0,2019
516.0,2856.0,5.5,27.0,49.0,444.0,9.2,2.0,98.0,1067.0,10.9,7.0,22.2,77.0,249.0,4.63,22.0,34.0,117.0,7.21,4.47,22.0,0.0,2019
431.0,3545.0,8.2,36.0,63.0,758.0,12.0,8.0,122.0,1807.0,14.4,14.5,46.2,68.0,208.0,4.49,22.0,33.5,121.0,7.0,4.245,22.0,15.0,2019
624.0,2925.0,4.7,26.0,71.0,582.0,8.2,0.0,122.0,1807.0,14.4,14.5,46.2,70.0,222.0,4.63,15.0,28.5,121.0,7.0,4.245,22.0,26.0,2019
714.0,4289.0,6.0,66.0,51.0,397.0,7.8,1.0,122.0,1807.0,14.4,14.5,46.2,67.0,203.0,4.66,15.0,35.0,117.0,7.32,4.4,22.0,28.0,2019
516.0,2856.0,5.5,27.0,49.0,444.0,9.2,2.0,49.0,837.0,17.1,10.0,36.4,76.0,251.0,4.75,17.0,31.5,113.0,7.19,4.31,23.0,1.0,2019
516.0,2856.0,5.5,27.0,49.0,444.0,9.2,2.0,75.0,1251.0,16.7,19.0,23.6,72.0,208.0,4.35,18.0,37.5,125.0,7.01,4.15,23.0,51.0,2019
516.0,2856.0,5.5,27.0,49.0,444.0,9.2,2.0,51.0,637.0,12.5,8.0,22.0,77.0,252.0,4.67,19.0,36.5,122.0,7.21,4.25,22.0,0.0,2019
441.0,2779.0,6.3,21.0,52.0,407.0,7.8,2.0,122.0,1807.0,14.4,14.5,46.2,70.0,216.0,4.57,16.0,37.0,121.0,7.0,4.245,22.0,15.0,2019
516.0,2856.0,5.5,27.0,49.0,444.0,9.2,2.0,77.0,1206.0,15.7,11.0,33.5,76.0,220.0,4.42,12.0,43.5,140.0,6.77,4.07,22.0,6.0,2019
516.0,2856.0,5.5,27.0,49.0,444.0,9.2,2.0,39.0,605.0,15.5,0.0,22.4,76.0,254.0,4.52,16.0,34.5,120.0,7.12,4.27,22.0,25.0,2019
581.0,2829.0,4.9,33.0,60.0,511.0,8.5,1.0,122.0,1807.0,14.4,14.5,46.2,71.0,221.0,4.67,22.0,35.0,127.0,7.13,4.29,21.0,18.0,2019
632.0,3539.0,5.6,30.0,49.0,304.0,6.2,1.0,122.0,1807.0,14.4,14.5,46.2,70.0,198.0,4.4,21.0,40.0,130.0,7.0,4.245,21.0,17.0,2019
516.0,2856.0,5.5,27.0,49.0,444.0,9.2,2.0,28.0,373.0,13.3,2.0,11.0,75.0,267.0,4.89,24.0,31.0,117.0,7.18,4.38,23.0,0.0,2019
737.0,3873.0,5.3,48.0,29.0,216.0,7.4,0.0,122.0,1807.0,14.4,14.5,46.2,70.0,224.0,4.66,16.0,29.5,119.0,7.07,4.33,21.0,8.0,2019
516.0,2856.0,5.5,27.0,49.0,444.0,9.2,2.0,70.0,1026.0,14.7,13.0,26.3,73.0,199.0,4.58,13.0,30.5,124.0,7.22,4.28,23.0,1.0,2019
516.0,2856.0,5.5,27.0,49.0,444.0,9.2,2.0,68.0,756.0,11.1,5.0,28.0,72.0,210.0,4.52,13.0,35.0,121.0,7.0,4.245,22.0,34.0,2019
516.0,2856.0,5.5,27.0,49.0,444.0,9.2,2.0,52.0,629.0,12.1,6.0,12.8,76.0,253.0,4.66,22.0,36.5,121.0,7.16,4.11,22.0,8.0,2019
573.0,2812.0,4.9,34.0,29.0,175.0,6.0,0.0,122.0,1807.0,14.4,14.5,46.2,71.0,220.0,4.45,22.0,30.0,114.0,7.02,4.29,22.0,2.0,2019
516.0,2856.0,5.5,27.0,49.0,444.0,9.2,2.0,49.0,817.0,16.7,4.0,31.4,80.0,265.0,4.9,12.0,29.5,110.0,7.4,4.53,22.0,2.0,2019
516.0,2856.0,5.5,27.0,49.0,444.0,9.2,2.0,186.0,2133.0,11.5,15.0,38.8,70.0,184.0,4.59,7.0,35.0,116.0,6.8,4.19,23.0,21.0,2019
529.0,2859.0,5.4,29.0,50.0,375.0,7.5,3.0,122.0,1807.0,14.4,14.5,46.2,73.0,228.0,4.58,19.0,29.5,114.0,7.53,4.31,22.0,1.0,2019
344.0,1846.0,5.4,12.0,15.0,108.0,7.2,0.0,122.0,1807.0,14.4,14.5,46.2,71.0,208.0,4.47,21.0,30.0,116.0,7.37,4.63,23.0,0.0,2019
516.0,2856.0,5.5,27.0,49.0,444.0,9.2,2.0,79.0,1605.0,20.3,11.0,42.2,73.0,190.0,4.39,11.0,40.5,135.0,7.0,4.15,22.0,32.0,2019
516.0,2856.0,5.5,27.0,49.0,444.0,9.2,2.0,275.0,3463.0,12.6,24.0,66.6,73.0,201.0,4.6,14.0,30.0,117.0,7.28,4.23,22.0,4.0,2019
600.0,3615.0,6.0,34.0,66.0,561.0,8.5,1.0,122.0,1807.0,14.4,14.5,46.2,68.0,206.0,4.51,19.0,33.0,121.0,7.44,4.44,21.0,3.0,2019
516.0,2856.0,5.5,27.0,49.0,444.0,9.2,2.0,128.0,2044.0,16.0,18.0,43.5,74.0,215.0,4.58,15.0,36.5,126.0,7.0,4.245,23.0,0.0,2019
257.0,1636.0,6.4,20.0,22.0,162.0,7.4,2.0,122.0,1807.0,14.4,14.5,46.2,71.0,212.0,4.57,17.0,36.0,130.0,7.0,4.16,22.0,0.0,2019
334.0,1995.0,6.0,12.0,37.0,405.0,10.9,1.0,122.0,1807.0,14.4,14.5,46.2,70.0,201.0,4.48,17.0,39.5,130.0,7.07,4.31,21.0,8.0,2019
516.0,2856.0,5.5,27.0,49.0,444.0,9.2,2.0,177.0,2665.0,15.1,16.0,70.1,74.0,221.0,4.6,18.0,32.5,117.0,7.15,4.32,22.0,3.0,2019
516.0,2856.0,5.5,27.0,49.0,444.0,9.2,2.0,68.0,905.0,13.3,8.0,21.5,75.0,244.0,4.91,19.0,28.0,120.0,7.45,4.43,22.0,0.0,2019
516.0,2856.0,5.5,27.0,49.0,444.0,9.2,2.0,99.0,1281.0,12.9,10.0,25.6,76.0,251.0,4.83,17.0,35.0,120.0,7.0,4.245,24.0,1.0,2019
945.0,5323.0,5.6,57.0,65.0,465.0,7.2,5.0,122.0,1807.0,14.4,14.5,46.2,69.0,205.0,4.58,24.0,35.5,118.0,7.19,4.27,22.0,13.0,2019
516.0,2856.0,5.5,27.0,49.0,444.0,9.2,2.0,125.0,2019.0,16.2,11.0,41.2,72.0,204.0,4.51,14.0,38.0,124.0,6.88,4.16,22.0,5.0,2019
516.0,2856.0,5.5,27.0,49.0,444.0,9.2,2.0,98.0,1716.0,17.5,24.0,41.9,71.0,188.0,4.27,18.0,42.0,131.0,7.0,4.245,21.0,8.0,2020
516.0,2856.0,5.5,27.0,49.0,444.0,9.2,2.0,159.0,2742.0,17.2,26.0,65.3,73.0,193.0,4.45,18.0,35.0,120.0,7.0,4.53,21.0,22.0,2020
516.0,2856.0,5.5,27.0,49.0,444.0,9.2,2.0,173.0,3292.0,19.0,32.0,80.3,74.0,198.0,4.5,11.0,34.5,124.0,7.0,4.245,21.0,65.0,2020
516.0,2856.0,5.5,27.0,49.0,444.0,9.2,2.0,148.0,2248.0,15.2,22.0,57.6,71.0,206.0,4.47,17.0,42.0,138.0,7.31,4.46,21.0,7.0,2020
516.0,2856.0,5.5,27.0,49.0,444.0,9.2,2.0,165.0,2415.0,14.6,24.0,71.0,73.0,202.0,4.43,18.0,37.5,126.0,7.0,4.245,21.0,65.0,2020
516.0,2856.0,5.5,27.0,49.0,444.0,9.2,2.0,98.0,1666.0,17.0,11.0,66.6,72.0,205.0,4.5,11.0,40.0,128.0,7.0,4.245,22.0,39.0,2020
370.0,2103.0,5.7,23.0,69.0,595.0,8.6,1.0,122.0,1807.0,14.4,14.5,46.2,67.0,207.0,4.6,15.0,39.5,123.0,7.0,4.245,21.0,18.0,2020
516.0,2856.0,5.5,27.0,49.0,444.0,9.2,2.0,135.0,2448.0,18.1,27.0,56.9,76.0,216.0,4.52,18.0,35.0,120.0,7.0,4.245,21.0,43.0,2020
516.0,2856.0,5.5,27.0,49.0,444.0,9.2,2.0,171.0,2519.0,14.7,19.0,52.5,76.0,223.0,4.52,13.0,36.5,121.0,6.96,4.14,22.0,44.0,2020
440.0,2885.0,6.6,20.0,73.0,666.0,9.1,5.0,122.0,1807.0,14.4,14.5,46.2,68.0,212.0,4.48,18.0,35.5,121.0,7.0,4.245,21.0,17.0,2020
926.0,6174.0,6.7,50.0,42.0,407.0,9.7,5.0,122.0,1807.0,14.4,14.5,46.2,70.0,226.0,4.39,17.0,36.0,123.0,7.01,4.24,21.0,58.0,2020
516.0,2856.0,5.5,27.0,49.0,444.0,9.2,2.0,149.0,1943.0,13.0,10.0,60.7,73.0,227.0,4.58,17.0,35.0,120.0,7.0,4.245,21.0,9.0,2020
516.0,2856.0,5.5,27.0,49.0,444.0,9.2,2.0,60.0,691.0,11.5,6.0,19.7,78.0,262.0,4.7,18.0,37.0,123.0,7.44,4.41,21.0,25.0,2020
516.0,2856.0,5.5,27.0,49.0,444.0,9.2,2.0,98.0,1658.0,16.9,13.0,63.8,69.0,178.0,4.52,15.0,35.0,120.0,7.0,4.245,21.0,5.0,2020
516.0,2856.0,5.5,27.0,49.0,444.0,9.2,2.0,150.0,2159.0,14.4,19.0,44.1,76.0,238.0,4.42,19.0,40.5,126.0,7.0,4.245,22.0,17.0,2020
586.0,2874.0,4.9,27.0,69.0,486.0,7.0,7.0,122.0,1807.0,14.4,14.5,46.2,70.0,217.0,4.47,20.0,35.5,122.0,7.0,4.42,21.0,10.0,2020
725.0,4459.0,6.2,38.0,71.0,645.0,9.1,5.0,122.0,1807.0,14.4,14.5,46.2,69.0,209.0,4.52,23.0,35.0,120.0,7.0,4.245,21.0,10.0,2020
516.0,2856.0,5.5,27.0,49.0,444.0,9.2,2.0,175.0,2159.0,12.3,16.0,45.0,73.0,200.0,4.52,18.0,35.0,120.0,7.0,4.245,24.0,13.0,2020
516.0,2856.0,5.5,27.0,49.0,444.0,9.2,2.0,186.0,2925.0,15.7,28.0,60.9,75.0,207.0,4.38,16.0,38.5,131.0,6.66,4.43,22.0,5.0,2020
845.0,4382.0,5.2,38.0,21.0,236.0,11.2,2.0,122.0,1807.0,14.4,14.5,46.2,72.0,247.0,4.53,23.0,41.0,131.0,7.19,4.245,22.0,23.0,2020
516.0,2856.0,5.5,27.0,49.0,444.0,9.2,2.0,44.0,834.0,19.0,10.0,29.8,72.0,228.0,4.39,16.0,35.0,118.0,7.0,4.245,22.0,23.0,2020
572.0,3296.0,5.8,30.0,67.0,664.0,9.9,3.0,122.0,1807.0,14.4,14.5,46.2,70.0,214.0,4.51,18.0,32.0,117.0,7.0,4.245,23.0,2.0,2020
516.0,2856.0,5.5,27.0,49.0,444.0,9.2,2.0,234.0,3045.0,13.0,22.0,63.4,75.0,212.0,4.52,18.0,35.0,120.0,7.0,4.245,21.0,6.0,2020
712.0,4067.0,5.7,38.0,66.0,685.0,10.4,3.0,122.0,1807.0,14.4,14.5,46.2,69.0,223.0,4.65,19.0,33.0,120.0,7.0,4.37,22.0,8.0,2020
516.0,2856.0,5.5,27.0,49.0,444.0,9.2,2.0,52.0,789.0,15.2,6.0,23.2,75.0,257.0,4.73,16.0,30.5,115.0,7.0,4.245,23.0,0.0,2020
516.0,2856.0,5.5,27.0,49.0,444.0,9.2,2.0,176.0,2468.0,14.0,16.0,48.4,70.0,200.0,4.39,18.0,35.5,123.0,7.13,4.2,22.0,12.0,2020
482.0,2884.0,6.0,25.0,39.0,319.0,8.2,6.0,122.0,1807.0,14.4,14.5,46.2,70.0,203.0,4.41,20.0,37.0,125.0,7.0,4.245,22.0,1.0,2020
516.0,2856.0,5.5,27.0,49.0,444.0,9.2,2.0,92.0,1117.0,12.1,12.0,24.3,74.0,242.0,4.72,25.0,35.5,115.0,7.15,4.35,23.0,4.0,2020
516.0,2856.0,5.5,27.0,49.0,444.0,9.2,2.0,59.0,748.0,12.7,8.0,19.7,76.0,253.0,4.71,21.0,34.0,125.0,7.07,4.19,21.0,0.0,2020
454.0,2303.0,5.1,24.0,38.0,264.0,6.9,1.0,122.0,1807.0,14.4,14.5,46.2,71.0,212.0,4.49,23.0,31.0,121.0,6.95,4.28,22.0,9.0,2020
516.0,2856.0,5.5,27.0,49.0,444.0,9.2,2.0,148.0,2137.0,14.4,16.0,44.5,77.0,243.0,4.73,13.0,32.5,110.0,7.41,4.37,22.0,7.0,2020
516.0,2856.0,5.5,27.0,49.0,444.0,9.2,2.0,98.0,1187.0,12.1,23.0,36.0,77.0,258.0,4.49,18.0,35.0,120.0,7.0,4.245,22.0,5.0,2020
493.0,2485.0,5.0,22.0,72.0,674.0,9.4,8.0,122.0,1807.0,14.4,14.5,46.2,71.0,216.0,4.62,22.0,35.0,118.0,7.13,4.31,22.0,2.0,2020
245.0,1648.0,6.7,12.0,24.0,199.0,8.3,1.0,122.0,1807.0,14.4,14.5,46.2,68.0,208.0,4.44,18.0,29.5,116.0,7.0,4.245,22.0,1.0,2020
516.0,2856.0,5.5,27.0,49.0,444.0,9.2,2.0,152.0,2447.0,16.1,23.0,66.1,74.0,216.0,4.54,14.0,35.0,124.0,7.08,4.59,21.0,26.0,2020
516.0,2856.0,5.5,27.0,49.0,444.0,9.2,2.0,87.0,1171.0,13.5,12.0,30.0,79.0,252.0,4.77,18.0,32.5,109.0,7.15,4.46,21.0,5.0,2020
516.0,2856.0,5.5,27.0,49.0,444.0,9.2,2.0,130.0,1945.0,15.0,16.0,40.5,76.0,245.0,4.66,21.0,33.5,116.0,7.25,4.28,23.0,2.0,2020
516.0,2856.0,5.5,27.0,49.0,444.0,9.2,2.0,150.0,2433.0,16.2,20.0,101.4,76.0,223.0,4.6,22.0,36.0,127.0,7.33,4.55,22.0,0.0,2020
265.0,1527.0,5.8,17.0,28.0,317.0,11.3,2.0,122.0,1807.0,14.4,14.5,46.2,70.0,217.0,4.58,18.0,33.5,119.0,7.18,4.32,21.0,6.0,2020
516.0,2856.0,5.5,27.0,49.0,444.0,9.2,2.0,129.0,1465.0,11.4,16.0,29.3,72.0,224.0,4.47,21.0,38.0,123.0,7.0,4.245,22.0,0.0,2020
516.0,2856.0,5.5,27.0,49.0,444.0,9.2,2.0,199.0,3094.0,15.5,30.0,65.8,73.0,206.0,4.52,18.0,35.0,120.0,7.0,4.245,22.0,5.0,2020
516.0,2856.0,5.5,27.0,49.0,444.0,9.2,2.0,188.0,2624.0,14.0,15.0,59.6,78.0,222.0,4.52,17.0,35.0,120.0,7.0,4.245,22.0,2.0,2020
516.0,2856.0,5.5,27.0,49.0,444.0,9.2,2.0,93.0,1496.0,16.1,13.0,39.4,73.0,202.0,4.73,23.0,38.5,124.0,7.2,4.33,22.0,5.0,2020
516.0,2856.0,5.5,27.0,49.0,444.0,9.2,2.0,82.0,1447.0,17.6,14.0,60.3,73.0,189.0,4.43,18.0,38.5,122.0,7.07,4.21,24.0,1.0,2020
516.0,2856.0,5.5,27.0,49.0,444.0,9.2,2.0,154.0,2572.0,16.7,19.0,51.4,70.0,176.0,4.38,9.0,37.0,124.0,7.0,4.245,22.0,23.0,2020
516.0,2856.0,5.5,27.0,49.0,444.0,9.2,2.0,146.0,2037.0,14.0,17.0,39.9,71.0,203.0,4.48,18.0,37.5,123.0,7.0,4.35,23.0,13.0,2020
516.0,2856.0,5.5,27.0,49.0,444.0,9.2,2.0,103.0,1327.0,12.9,14.0,35.9,74.0,212.0,4.48,18.0,44.5,139.0,7.0,4.245,21.0,17.0,2020
516.0,2856.0,5.5,27.0,49.0,444.0,9.2,2.0,34.0,376.0,11.1,1.0,7.1,77.0,244.0,4.78,21.0,34.5,120.0,7.18,4.46,22.0,0.0,2020
516.0,2856.0,5.5,27.0,49.0,444.0,9.2,2.0,159.0,2404.0,15.1,17.0,66.8,72.0,185.0,4.35,18.0,36.5,125.0,7.28,4.36,22.0,13.0,2020
516.0,2856.0,5.5,27.0,49.0,444.0,9.2,2.0,301.0,3949.0,13.1,39.0,79.0,71.0,201.0,4.52,20.0,34.5,120.0,7.27,4.4,23.0,3.0,2020
516.0,2856.0,5.5,27.0,49.0,444.0,9.2,2.0,176.0,2322.0,13.2,20.0,68.3,76.0,210.0,4.61,9.0,36.5,124.0,7.01,4.12,21.0,0.0,2020
516.0,2856.0,5.5,27.0,49.0,444.0,9.2,2.0,156.0,1976.0,12.7,13.0,47.0,76.0,225.0,4.48,15.0,36.0,132.0,7.28,4.38,22.0,0.0,2020
516.0,2856.0,5.5,27.0,49.0,444.0,9.2,2.0,68.0,996.0,14.6,15.0,21.2,72.0,197.0,4.46,16.0,36.5,124.0,7.05,4.26,22.0,5.0,2020
516.0,2856.0,5.5,27.0,49.0,444.0,9.2,2.0,146.0,2153.0,14.7,18.0,42.2,75.0,215.0,4.72,18.0,29.0,119.0,7.0,4.245,23.0,21.0,2020
516.0,2856.0,5.5,27.0,49.0,444.0,9.2,2.0,201.0,2332.0,11.6,20.0,44.0,72.0,196.0,4.6,17.0,32.5,114.0,7.0,4.245,22.0,1.0,2020
576.0,2867.0,5.0,27.0,82.0,625.0,7.6,4.0,122.0,1807.0,14.4,14.5,46.2,69.0,207.0,4.57,12.0,39.0,122.0,6.97,4.25,21.0,4.0,2020
516.0,2856.0,5.5,27.0,49.0,444.0,9.2,2.0,46.0,712.0,15.5,3.0,17.4,77.0,248.0,4.66,18.0,36.5,123.0,7.51,4.62,23.0,0.0,2020
516.0,2856.0,5.5,27.0,49.0,444.0,9.2,2.0,79.0,1271.0,16.1,8.0,27.6,74.0,209.0,4.46,13.0,39.5,126.0,7.0,4.245,22.0,0.0,2020
516.0,2856.0,5.5,27.0,49.0,444.0,9.2,2.0,100.0,1492.0,14.9,18.0,46.6,77.0,245.0,4.44,22.0,33.5,129.0,7.12,4.3,20.0,28.0,2021
516.0,2856.0,5.5,27.0,49.0,444.0,9.2,2.0,107.0,2093.0,19.6,23.0,77.5,72.0,201.0,4.34,18.0,41.0,132.0,6.96,3.99,21.0,58.0,2021
516.0,2856.0,5.5,27.0,49.0,444.0,9.2,2.0,120.0,1590.0,13.3,12.0,41.8,71.0,193.0,4.39,9.0,39.5,136.0,6.88,4.25,22.0,3.0,2021
686.0,4952.0,7.2,70.0,102.0,1155.0,11.3,8.0,122.0,1807.0,14.4,14.5,46.2,70.0,215.0,4.45,18.0,33.5,128.0,7.0,4.245,22.0,33.0,2021
516.0,2856.0,5.5,27.0,49.0,444.0,9.2,2.0,147.0,2395.0,16.3,19.0,77.3,72.0,190.0,4.39,18.0,36.0,123.0,7.0,4.245,21.0,20.0,2021
516.0,2856.0,5.5,27.0,49.0,444.0,9.2,2.0,189.0,2441.0,12.9,16.0,76.3,73.0,213.0,4.35,17.0,36.0,121.0,6.63,4.07,21.0,7.0,2021
366.0,2297.0,6.3,29.0,50.0,539.0,10.8,4.0,122.0,1807.0,14.4,14.5,46.2,69.0,212.0,4.55,22.0,36.0,123.0,6.97,4.09,21.0,19.0,2021
516.0,2856.0,5.5,27.0,49.0,444.0,9.2,2.0,178.0,1915.0,10.8,14.0,95.8,67.0,180.0,4.28,18.0,42.5,120.0,6.65,4.06,21.0,12.0,2021
516.0,2856.0,5.5,27.0,49.0,444.0,9.2,2.0,92.0,1185.0,12.9,16.0,39.5,77.0,251.0,4.52,26.0,35.0,120.0,7.0,4.245,22.0,22.0,2021
516.0,2856.0,5.5,27.0,49.0,444.0,9.2,2.0,122.0,2260.0,18.5,15.0,50.2,68.0,190.0,4.38,18.0,35.0,124.0,6.93,4.22,24.0,2.0,2021
516.0,2856.0,5.5,27.0,49.0,444.0,9.2,2.0,140.0,2307.0,16.5,21.0,67.9,68.0,155.0,4.42,18.0,33.0,117.0,6.89,4.14,21.0,14.0,2021
516.0,2856.0,5.5,27.0,49.0,444.0,9.2,2.0,123.0,2306.0,18.7,21.0,67.8,72.0,189.0,4.46,18.0,35.0,128.0,6.87,4.35,21.0,6.0,2021
516.0,2856.0,5.5,27.0,49.0,444.0,9.2,2.0,35.0,396.0,11.3,4.0,15.8,75.0,241.0,4.6,20.0,36.5,122.0,7.0,4.245,21.0,7.0,2021
516.0,2856.0,5.5,27.0,49.0,444.0,9.2,2.0,181.0,2144.0,11.8,15.0,39.0,69.0,212.0,4.52,19.0,33.0,121.0,7.07,4.31,21.0,1.0,2021
455.0,2946.0,6.5,26.0,48.0,486.0,10.1,3.0,122.0,1807.0,14.4,14.5,46.2,72.0,215.0,4.57,18.0,37.0,125.0,6.83,4.28,22.0,1.0,2021
516.0,2856.0,5.5,27.0,49.0,444.0,9.2,2.0,78.0,1388.0,17.8,13.0,47.9,76.0,215.0,4.43,14.0,37.5,125.0,6.78,4.29,22.0,33.0,2021
516.0,2856.0,5.5,27.0,49.0,444.0,9.2,2.0,117.0,1433.0,12.2,6.0,39.8,72.0,186.0,4.27,18.0,32.0,123.0,7.13,4.25,21.0,2.0,2021
516.0,2856.0,5.5,27.0,49.0,444.0,9.2,2.0,56.0,628.0,11.2,3.0,15.0,76.0,247.0,4.52,18.0,35.0,120.0,7.0,4.245,22.0,1.0,2021
514.0,3403.0,6.6,22.0,82.0,656.0,8.0,6.0,122.0,1807.0,14.4,14.5,46.2,67.0,201.0,4.5,16.0,34.0,119.0,6.81,3.98,22.0,11.0,2021
516.0,2856.0,5.5,27.0,49.0,444.0,9.2,2.0,154.0,2589.0,16.8,21.0,52.8,73.0,208.0,4.43,18.0,35.0,120.0,7.09,4.26,23.0,0.0,2021
516.0,2856.0,5.5,27.0,49.0,444.0,9.2,2.0,178.0,2270.0,12.8,16.0,73.2,71.0,197.0,4.51,20.0,38.5,127.0,6.88,4.17,21.0,57.0,2021
165.0,1180.0,7.2,13.0,28.0,298.0,10.6,0.0,122.0,1807.0,14.4,14.5,46.2,71.0,231.0,4.64,15.0,31.5,112.0,7.09,4.15,23.0,28.0,2021
585.0,3459.0,5.9,33.0,53.0,479.0,9.0,3.0,122.0,1807.0,14.4,14.5,46.2,72.0,210.0,4.48,20.0,36.0,120.0,7.24,4.26,22.0,27.0,2021
516.0,2856.0,5.5,27.0,49.0,444.0,9.2,2.0,230.0,2782.0,12.1,38.0,58.0,67.0,174.0,4.47,18.0,35.5,122.0,6.66,3.98,22.0,0.0,2021
516.0,2856.0,5.5,27.0,49.0,444.0,9.2,2.0,205.0,3434.0,16.8,26.0,76.3,71.0,194.0,4.48,11.0,33.0,112.0,6.97,4.25,22.0,3.0,2021
516.0,2856.0,5.5,27.0,49.0,444.0,9.2,2.0,34.0,380.0,11.2,4.0,8.8,77.0,251.0,4.79,22.0,36.5,118.0,7.14,4.36,23.0,2.0,2021
516.0,2856.0,5.5,27.0,49.0,444.0,9.2,2.0,105.0,1358.0,12.9,13.0,43.8,74.0,247.0,4.64,17.0,31.0,116.0,7.0,4.245,21.0,4.0,2021
235.0,1550.0,6.6,14.0,57.0,662.0,11.6,3.0,122.0,1807.0,14.4,14.5,46.2,73.0,201.0,4.42,21.0,35.0,120.0,7.0,4.245,22.0,15.0,2021
516.0,2856.0,5.5,27.0,49.0,444.0,9.2,2.0,110.0,1615.0,14.7,13.0,36.7,72.0,181.0,4.43,18.0,37.0,124.0,7.0,4.2,22.0,1.0,2021
516.0,2856.0,5.5,27.0,49.0,444.0,9.2,2.0,105.0,948.0,9.0,8.0,19.8,75.0,240.0,4.55,15.0,35.0,115.0,6.83,4.37,22.0,11.0,2021
516.0,2856.0,5.5,27.0,49.0,444.0,9.2,2.0,62.0,1146.0,18.5,9.0,54.6,75.0,222.0,4.44,16.0,34.5,120.0,6.78,4.26,23.0,0.0,2021
516.0,2856.0,5.5,27.0,49.0,444.0,9.2,2.0,93.0,1211.0,13.0,10.0,22.4,72.0,204.0,4.53,16.0,36.5,128.0,7.03,4.21,23.0,0.0,2021
516.0,2856.0,5.5,27.0,49.0,444.0,9.2,2.0,67.0,1317.0,19.7,13.0,32.9,72.0,201.0,4.56,19.0,34.5,117.0,7.05,4.25,23.0,0.0,2021
526.0,3259.0,6.2,41.0,49.0,597.0,12.2,5.0,122.0,1807.0,14.4,14.5,46.2,70.0,201.0,4.38,17.0,37.5,128.0,6.94,4.19,23.0,11.0,2021
245.0,1305.0,5.3,9.0,19.0,121.0,6.4,1.0,122.0,1807.0,14.4,14.5,46.2,70.0,218.0,4.62,17.0,34.5,118.0,7.51,4.48,22.0,1.0,2021
746.0,3720.0,5.0,40.0,47.0,289.0,6.1,0.0,122.0,1807.0,14.4,14.5,46.2,73.0,213.0,4.62,18.0,30.0,120.0,6.96,4.245,22.0,1.0,2021
320.0,1795.0,5.6,15.0,49.0,479.0,9.8,2.0,122.0,1807.0,14.4,14.5,46.2,71.0,211.0,4.5,20.0,40.5,127.0,6.83,4.12,23.0,2.0,2021
516.0,2856.0,5.5,27.0,49.0,444.0,9.2,2.0,147.0,2269.0,15.4,22.0,70.9,70.0,180.0,4.48,18.0,33.0,122.0,6.76,4.14,23.0,0.0,2021
516.0,2856.0,5.5,27.0,49.0,444.0,9.2,2.0,33.0,522.0,15.8,4.0,16.3,74.0,217.0,4.36,18.0,34.0,124.0,7.38,4.38,22.0,0.0,2021
516.0,2856.0,5.5,27.0,49.0,444.0,9.2,2.0,77.0,799.0,10.4,5.0,22.8,68.0,189.0,4.55,18.0,35.0,120.0,7.0,4.245,23.0,2.0,2021
474.0,2917.0,6.2,22.0,33.0,293.0,8.9,1.0,122.0,1807.0,14.4,14.5,46.2,68.0,210.0,4.46,22.0,33.0,115.0,6.96,4.31,23.0,12.0,2021
516.0,2856.0,5.5,27.0,49.0,444.0,9.2,2.0,132.0,2124.0,16.1,17.0,59.0,75.0,211.0,4.49,12.0,37.0,124.0,7.2,4.43,21.0,0.0,2021
516.0,2856.0,5.5,27.0,49.0,444.0,9.2,2.0,188.0,2435.0,13.0,18.0,55.3,70.0,190.0,4.59,12.0,34.0,121.0,7.38,4.38,22.0,0.0,2021
135.0,968.0,7.2,10.0,23.0,134.0,5.8,3.0,122.0,1807.0,14.4,14.5,46.2,70.0,204.0,4.49,22.0,38.0,122.0,6.71,4.12,23.0,0.0,2021
452.0,2535.0,5.6,16.0,67.0,631.0,9.4,6.0,122.0,1807.0,14.4,14.5,46.2,70.0,214.0,4.51,22.0,36.0,122.0,7.13,4.35,23.0,0.0,2021
514.0,2923.0,5.7,27.0,43.0,299.0,7.0,2.0,122.0,1807.0,14.4,14.5,46.2,70.0,206.0,4.57,13.0,31.0,115.0,7.38,4.38,21.0,1.0,2021
516.0,2856.0,5.5,27.0,49.0,444.0,9.2,2.0,101.0,1542.0,15.3,11.0,44.1,73.0,213.0,4.54,14.0,31.0,114.0,7.0,4.19,22.0,1.0,2021
516.0,2856.0,5.5,27.0,49.0,444.0,9.2,2.0,160.0,2153.0,13.5,15.0,79.7,76.0,219.0,4.52,18.0,35.0,120.0,7.0,4.245,21.0,32.0,2022
516.0,2856.0,5.5,27.0,49.0,444.0,9.2,2.0,143.0,2213.0,15.5,23.0,67.1,72.0,183.0,4.38,18.0,36.0,123.0,7.0,4.36,22.0,27.0,2022
516.0,2856.0,5.5,27.0,49.0,444.0,9.2,2.0,176.0,2711.0,15.4,35.0,57.7,72.0,187.0,4.39,18.0,32.0,124.0,7.0,4.245,22.0,27.0,2022
516.0,2856.0,5.5,27.0,49.0,444.0,9.2,2.0,94.0,1838.0,19.6,18.0,54.1,74.0,179.0,4.52,18.0,35.0,120.0,7.0,4.245,21.0,26.0,2022
516.0,2856.0,5.5,27.0,49.0,444.0,9.2,2.0,183.0,2757.0,15.1,25.0,65.6,71.0,178.0,4.43,18.0,36.0,121.0,7.28,4.245,22.0,8.0,2022
516.0,2856.0,5.5,27.0,49.0,444.0,9.2,2.0,146.0,2399.0,16.4,18.0,75.0,74.0,225.0,4.55,18.0,33.0,122.0,7.28,4.245,22.0,6.0,2022
718.0,3933.0,5.5,50.0,82.0,734.0,9.0,6.0,122.0,1807.0,14.4,14.5,46.2,71.0,217.0,4.39,18.0,40.0,126.0,7.0,4.245,21.0,28.0,2022
480.0,2794.0,5.8,35.0,19.0,136.0,7.2,1.0,122.0,1807.0,14.4,14.5,46.2,69.0,211.0,4.38,18.0,34.0,122.0,7.0,4.245,21.0,28.0,2022
516.0,2856.0,5.5,27.0,49.0,444.0,9.2,2.0,195.0,2248.0,11.5,10.0,72.5,68.0,178.0,4.44,18.0,34.5,118.0,7.0,4.245,21.0,20.0,2022
516.0,2856.0,5.5,27.0,49.0,444.0,9.2,2.0,155.0,2081.0,13.4,14.0,53.4,71.0,187.0,4.52,18.0,35.0,120.0,7.0,4.245,22.0,3.0,2022
516.0,2856.0,5.5,27.0,49.0,444.0,9.2,2.0,143.0,2242.0,15.7,19.0,47.7,74.0,181.0,4.28,18.0,36.5,130.0,7.0,4.245,21.0,3.0,2022
516.0,2856.0,5.5,27.0,49.0,444.0,9.2,2.0,90.0,1347.0,15.0,14.0,51.8,75.0,195.0,4.47,18.0,33.0,125.0,7.0,4.245,21.0,23.0,2022
516.0,2856.0,5.5,27.0,49.0,444.0,9.2,2.0,106.0,1851.0,17.5,12.0,41.1,75.0,211.0,4.41,18.0,40.5,129.0,7.13,4.28,22.0,26.0,2022
516.0,2856.0,5.5,27.0,49.0,444.0,9.2,2.0,171.0,2482.0,14.5,15.0,82.7,70.0,195.0,4.41,18.0,34.5,125.0,7.13,4.32,21.0,4.0,2022
516.0,2856.0,5.5,27.0,49.0,444.0,9.2,2.0,164.0,2100.0,12.8,10.0,52.5,76.0,246.0,4.52,18.0,33.0,117.0,7.0,4.245,22.0,29.0,2022
230.0,1503.0,6.5,14.0,67.0,730.0,10.9,6.0,122.0,1807.0,14.4,14.5,46.2,71.0,199.0,4.42,18.0,33.0,124.0,7.0,4.245,22.0,43.0,2022
516.0,2856.0,5.5,27.0,49.0,444.0,9.2,2.0,120.0,1434.0,12.0,11.0,23.1,72.0,204.0,4.31,18.0,33.0,121.0,7.0,4.245,25.0,3.0,2022
516.0,2856.0,5.5,27.0,49.0,444.0,9.2,2.0,75.0,959.0,12.8,12.0,21.3,79.0,259.0,4.61,24.0,35.0,120.0,7.0,4.245,23.0,2.0,2022
516.0,2856.0,5.5,27.0,49.0,444.0,9.2,2.0,77.0,1353.0,17.6,11.0,41.0,76.0,243.0,4.69,16.0,34.0,122.0,7.05,4.37,22.0,3.0,2022
516.0,2856.0,5.5,27.0,49.0,444.0,9.2,2.0,178.0,3140.0,17.6,22.0,66.8,73.0,194.0,4.49,18.0,36.0,123.0,7.08,4.245,23.0,9.0,2022
224.0,1426.0,6.4,20.0,51.0,607.0,11.9,2.0,122.0,1807.0,14.4,14.5,46.2,72.0,214.0,4.48,18.0,38.0,125.0,7.0,4.245,23.0,26.0,2022
379.0,1744.0,4.6,15.0,28.0,185.0,6.6,0.0,122.0,1807.0,14.4,14.5,46.2,72.0,211.0,4.48,18.0,30.0,117.0,7.0,4.245,21.0,1.0,2022
545.0,2704.0,5.0,29.0,52.0,446.0,8.6,2.0,122.0,1807.0,14.4,14.5,46.2,74.0,225.0,4.53,18.0,30.0,119.0,7.0,4.245,23.0,16.0,2022
516.0,2856.0,5.5,27.0,49.0,444.0,9.2,2.0,232.0,2946.0,12.7,21.0,101.6,73.0,212.0,4.65,18.0,33.0,118.0,7.14,4.57,21.0,3.0,2022
516.0,2856.0,5.5,27.0,49.0,444.0,9.2,2.0,54.0,615.0,11.4,12.0,14.0,77.0,250.0,4.52,19.0,35.0,120.0,7.0,4.245,22.0,4.0,2022
516.0,2856.0,5.5,27.0,49.0,444.0,9.2,2.0,82.0,1251.0,15.3,13.0,69.5,72.0,186.0,4.33,18.0,34.0,126.0,7.0,4.245,23.0,0.0,2022
516.0,2856.0,5.5,27.0,49.0,444.0,9.2,2.0,91.0,1026.0,11.3,9.0,26.3,77.0,247.0,4.52,18.0,35.0,120.0,7.0,4.245,23.0,17.0,2022
329.0,1806.0,5.5,23.0,45.0,422.0,9.4,5.0,122.0,1807.0,14.4,14.5,46.2,70.0,218.0,4.59,21.0,34.5,119.0,7.0,4.245,22.0,12.0,2022
516.0,2856.0,5.5,27.0,49.0,444.0,9.2,2.0,68.0,771.0,11.3,5.0,17.9,77.0,253.0,4.63,22.0,34.5,125.0,7.05,4.47,21.0,9.0,2022
382.0,2043.0,5.3,25.0,17.0,132.0,7.8,0.0,122.0,1807.0,14.4,14.5,46.2,72.0,214.0,4.4,18.0,33.5,128.0,7.0,4.245,22.0,5.0,2022
541.0,2993.0,5.5,25.0,74.0,585.0,7.9,1.0,122.0,1807.0,14.4,14.5,46.2,72.0,217.0,4.52,18.0,30.0,114.0,7.0,4.245,21.0,1.0,2022
516.0,2856.0,5.5,27.0,49.0,444.0,9.2,2.0,138.0,2165.0,15.7,15.0,61.9,74.0,209.0,4.52,18.0,36.5,126.0,7.0,4.38,22.0,0.0,2022
516.0,2856.0,5.5,27.0,49.0,444.0,9.2,2.0,168.0,2181.0,13.0,23.0,44.5,79.0,252.0,4.52,18.0,35.0,120.0,7.0,4.245,23.0,4.0,2022
516.0,2856.0,5.5,27.0,49.0,444.0,9.2,2.0,145.0,1618.0,11.2,13.0,34.4,77.0,250.0,4.81,15.0,31.5,118.0,7.03,4.48,23.0,19.0,2022
452.0,2324.0,5.1,30.0,24.0,171.0,7.1,0.0,122.0,1807.0,14.4,14.5,46.2,74.0,228.0,4.52,27.0,35.0,120.0,7.0,4.245,22.0,1.0,2022
516.0,2856.0,5.5,27.0,49.0,444.0,9.2,2.0,225.0,3322.0,14.8,26.0,75.5,74.0,201.0,4.52,18.0,35.0,120.0,7.0,4.245,22.0,23.0,2022
516.0,2856.0,5.5,27.0,49.0,444.0,9.2,2.0,156.0,2541.0,16.3,22.0,56.5,68.0,170.0,4.32,18.0,39.0,135.0,6.65,4.07,23.0,12.0,2022
516.0,2856.0,5.5,27.0,49.0,444.0,9.2,2.0,133.0,2050.0,15.4,27.0,42.7,77.0,245.0,4.52,18.0,36.0,120.0,7.0,4.57,22.0,15.0,2022
516.0,2856.0,5.5,27.0,49.0,444.0,9.2,2.0,77.0,717.0,9.3,8.0,18.9,75.0,238.0,4.52,18.0,35.5,120.0,7.0,4.245,22.0,16.0,2022
516.0,2856.0,5.5,27.0,49.0,444.0,9.2,2.0,208.0,2878.0,13.8,20.0,66.9,72.0,196.0,4.43,18.0,34.5,124.0,7.28,4.21,22.0,25.0,2022
516.0,2856.0,5.5,27.0,49.0,444.0,9.2,2.0,117.0,1370.0,11.7,20.0,30.4,78.0,246.0,4.76,17.0,27.0,120.0,7.06,4.41,22.0,1.0,2022
435.0,2785.0,6.4,36.0,43.0,370.0,8.6,0.0,122.0,1807.0,14.4,14.5,46.2,71.0,224.0,4.6,18.0,33.0,120.0,7.0,4.245,22.0,20.0,2022
304.0,1580.0,5.2,26.0,32.0,225.0,7.0,0.0,122.0,1807.0,14.4,14.5,46.2,70.0,222.0,4.59,25.0,29.5,118.0,7.0,4.245,22.0,0.0,2022
318.0,1953.0,6.1,30.0,31.0,282.0,9.1,1.0,122.0,1807.0,14.4,14.5,46.2,71.0,210.0,4.46,18.0,31.0,118.0,7.0,4.245,22.0,11.0,2022
516.0,2856.0,5.5,27.0,49.0,444.0,9.2,2.0,163.0,1821.0,11.2,17.0,52.0,71.0,189.0,4.58,18.0,33.5,124.0,7.0,4.245,23.0,3.0,2022
419.0,2153.0,5.1,27.0,78.0,675.0,8.7,4.0,122.0,1807.0,14.4,14.5,46.2,69.0,194.0,4.65,18.0,32.0,116.0,7.0,4.245,22.0,31.0,2022
603.0,3138.0,5.2,26.0,73.0,681.0,9.3,4.0,122.0,1807.0,14.4,14.5,46.2,71.0,204.0,4.38,18.0,31.0,121.0,7.0,4.245,24.0,6.0,2022
516.0,2856.0,5.5,27.0,49.0,444.0,9.2,2.0,40.0,512.0,12.8,6.0,12.2,78.0,258.0,4.52,22.0,35.0,120.0,7.0,4.245,22.0,1.0,2022
516.0,2856.0,5.5,27.0,49.0,444.0,9.2,2.0,52.0,838.0,16.1,7.0,33.5,76.0,249.0,4.52,18.0,35.0,120.0,7.0,4.245,23.0,1.0,2022
358.0,1976.0,5.5,23.0,35.0,274.0,7.8,1.0,122.0,1807.0,14.4,14.5,46.2,70.0,221.0,4.52,21.0,38.5,126.0,7.0,4.245,21.0,1.0,2022
516.0,2856.0,5.5,27.0,49.0,444.0,9.2,2.0,86.0,1453.0,16.9,12.0,51.9,71.0,186.0,4.5,18.0,38.0,128.0,7.03,4.28,23.0,9.0,2022
516.0,2856.0,5.5,27.0,49.0,444.0,9.2,2.0,79.0,1102.0,13.9,13.0,24.5,76.0,241.0,4.62,20.0,35.0,120.0,7.0,4.245,23.0,5.0,2022
495.0,2722.0,5.5,16.0,89.0,671.0,7.5,6.0,122.0,1807.0,14.4,14.5,46.2,72.0,221.0,4.53,18.0,34.5,122.0,7.0,4.245,22.0,2.0,2022
343.0,1690.0,4.9,9.0,127.0,1515.0,11.9,11.0,122.0,1807.0,14.4,14.5,46.2,71.0,206.0,4.43,18.0,30.0,120.0,7.0,4.245,23.0,0.0,2022
210.0,818.0,3.9,5.0,61.0,385.0,6.3,4.0,122.0,1807.0,14.4,14.5,46.2,71.0,233.0,4.72,18.0,32.5,120.0,7.0,4.245,23.0,3.0,2022
563.0,2442.0,4.3,18.0,47.0,249.0,5.3,1.0,122.0,1807.0,14.4,14.5,46.2,70.0,216.0,4.37,18.0,33.0,118.0,7.0,4.245,23.0,21.0,2022
