season,round,pick,team,hof,position,category,side,college,age,to,allpro,probowls,seasons_started,dr_av,player_name,pos,school,ht,wt,forty,bench,vertical,broad_jump,cone,shuttle
2000,1,1,CLE,False,DE,DL,D,Penn St.,22.0,2005.0,0,0,4,21.0,Courtney Brown,DE,Penn State,77.0,269.0,4.78,,,,,
2000,1,2,WAS,False,LB,LB,D,Penn St.,22.0,2006.0,0,3,5,45.0,LaVar Arrington,OLB,Penn State,75.0,250.0,4.53,,,,,
2000,1,3,WAS,False,T,OL,O,Alabama,23.0,2009.0,0,6,9,63.0,Chris Samuels,OT,Alabama,77.0,325.0,5.08,,,,,
2000,1,4,CIN,False,WR,WR,O,Florida St.,23.0,2005.0,0,0,4,25.0,Peter Warrick,WR,Florida State,71.0,194.0,4.58,,,,,
2000,1,5,BAL,False,RB,RB,O,Tennessee,21.0,2009.0,1,1,9,53.0,Jamal Lewis,RB,Tennessee,72.0,240.0,4.58,23.0,,,,
2000,1,6,PHI,False,DT,DL,D,Florida St.,23.0,2007.0,0,1,6,41.0,Corey Simon,DT,Florida State,74.0,297.0,4.83,,,,,
2000,1,7,ARI,False,RB,RB,O,Virginia,22.0,2011.0,0,1,9,7.0,Thomas Jones,RB,Virginia,70.0,216.0,4.45,,,,,
2000,1,8,PIT,False,WR,WR,O,Michigan St.,23.0,2012.0,0,0,10,34.0,Plaxico Burress,WR,Michigan State,77.0,231.0,4.59,,33.0,115.0,,
2000,1,9,CHI,True,LB,LB,D,New Mexico,22.0,2012.0,4,8,12,119.0,Brian Urlacher,OLB,New Mexico,76.0,258.0,4.59,27.0,34.0,122.0,6.94,4.18
2000,1,10,BAL,False,WR,WR,O,Florida,22.0,2007.0,0,0,7,23.0,Travis Taylor,WR,Florida,73.0,199.0,4.43,,37.0,118.0,7.15,
2000,1,11,NYG,False,RB,RB,O,Wisconsin,22.0,2007.0,0,0,1,10.0,Ron Dayne,RB,Wisconsin,71.0,259.0,4.65,,,,,
2000,1,12,NYJ,False,DE,DL,D,Tennessee,23.0,2011.0,0,2,11,68.0,Shaun Ellis,DE,Tennessee,76.0,280.0,4.85,,,,,
2000,1,13,NYJ,False,DE,DL,D,South Carolina,22.0,2014.0,2,5,11,37.0,John Abraham,OLB,South Carolina,76.0,252.0,4.55,,,,,
2000,1,14,GNB,False,TE,TE,O,Miami (FL),22.0,2008.0,0,3,6,19.0,Bubba Franks,TE,Miami (FL),78.0,265.0,4.85,,,,,
2000,1,15,DEN,False,DB,DB,D,California,23.0,2008.0,0,2,6,22.0,Deltha O'Neal,CB,California,71.0,193.0,4.6,,,,,
2000,1,16,SFO,False,LB,LB,D,Michigan St.,22.0,2010.0,1,5,9,36.0,Julian Peterson,OLB,Michigan State,77.0,231.0,4.68,,,,,
2000,1,17,OAK,False,K,K,S,Florida St.,22.0,2018.0,0,1,0,40.0,Sebastian Janikowski,K,Florida State,73.0,260.0,,,,,,
2000,1,18,NYJ,False,QB,QB,O,Marshall,24.0,2010.0,0,0,5,41.0,Chad Pennington,QB,Marshall,75.0,229.0,4.81,,33.5,111.0,7.12,4.16
2000,1,19,SEA,False,RB,RB,O,Alabama,23.0,2008.0,1,3,7,68.0,Shaun Alexander,RB,Alabama,72.0,218.0,4.58,,,,,
2000,1,20,DET,False,T,OL,O,Oklahoma,23.0,2006.0,0,0,3,21.0,Stockar McDougle,OT,Oklahoma,77.0,361.0,5.5,24.0,,,,
2000,1,21,KAN,False,WR,WR,O,Jackson St.,22.0,2000.0,0,0,1,6.0,Sylvester Morris,WR,Jackson State,75.0,216.0,4.6,,34.5,119.0,7.06,4.17
2000,1,22,SEA,False,T,OL,O,Wisconsin,23.0,2001.0,0,0,1,8.0,Chris McIntosh,OT,Wisconsin,78.0,315.0,5.39,28.0,,,,
2000,1,23,CAR,False,DB,DB,D,Jackson St.,23.0,2001.0,0,0,1,6.0,Rashard Anderson,CB,Jackson State,74.0,206.0,4.55,,34.0,123.0,7.18,4.15
2000,1,24,SFO,False,DB,DB,D,Ohio St.,24.0,2005.0,0,0,5,24.0,Ahmed Plummer,CB,Ohio State,71.0,191.0,4.43,,,,,
2000,1,25,MIN,False,DT,DL,D,Boston Col.,22.0,2009.0,0,0,10,23.0,Chris Hovan,DT,Boston Col.,74.0,305.0,4.99,35.0,30.0,101.0,6.85,4.16
2000,1,26,BUF,False,DE,DL,D,Arizona St.,22.0,2004.0,0,0,0,4.0,Erik Flowers,DE,Arizona State,76.0,271.0,4.75,24.0,33.0,114.0,7.21,4.15
2000,1,27,NYJ,False,TE,TE,O,West Virginia,23.0,2011.0,0,0,9,10.0,Anthony Becht,TE,West Virginia,78.0,270.0,4.78,,33.5,123.0,6.94,4.08
2000,1,28,IND,False,LB,LB,D,BYU,25.0,2007.0,0,0,4,24.0,Rob Morris,ILB,BYU,74.0,250.0,4.77,18.0,33.0,113.0,6.93,4.17
2000,1,29,JAX,False,WR,WR,O,USC,22.0,2000.0,0,0,0,2.0,R. Jay Soward,WR,USC,69.0,177.0,4.34,,35.0,124.0,,
2000,1,30,TEN,False,LB,LB,D,Syracuse,23.0,2010.0,1,1,9,71.0,Keith Bulluck,OLB,Syracuse,75.0,244.0,4.47,,38.0,119.0,7.33,4.13
2000,1,31,STL,False,RB,RB,O,Arizona,23.0,2003.0,0,0,1,6.0,Trung Canidate,RB,Arizona,71.0,193.0,4.41,18.0,,,,
2000,1,32,CLE,False,WR,WR,O,Arizona,22.0,2009.0,0,0,3,28.0,Dennis Northcutt,WR,Arizona,70.0,175.0,4.43,,37.5,123.0,6.96,4.04
2000,2,33,NOR,False,DE,DL,D,Kansas St.,23.0,2009.0,0,0,6,31.0,Darren Howard,DE,Kansas State,76.0,281.0,5.09,,29.0,108.0,7.0,4.32
2000,2,34,CIN,False,DB,DB,D,LSU,23.0,2009.0,0,0,7,9.0,Mark Roman,CB,LSU,71.0,188.0,4.55,,,,,
2000,2,35,SFO,False,DE,DL,D,Virginia Tech,23.0,2008.0,0,0,5,23.0,John Engelberger,DE,Virginia Tech,76.0,260.0,4.73,24.0,34.0,115.0,6.95,4.28
2000,2,36,PHI,False,WR,WR,O,Southern Miss,23.0,2004.0,0,0,4,25.0,Todd Pinkston,WR,Southern Miss,74.0,169.0,4.45,,,,,
2000,2,37,ATL,False,G,OL,O,USC,22.0,2003.0,0,0,3,23.0,Travis Claridge,OG,USC,77.0,303.0,5.15,29.0,31.5,100.0,7.77,4.86
2000,2,38,PIT,False,T,OL,O,Arizona St.,22.0,2008.0,0,1,7,44.0,Marvel Smith,OT,Arizona State,77.0,320.0,5.37,24.0,27.5,100.0,7.87,4.83
2000,2,39,CHI,False,DB,DB,D,Nebraska,22.0,2009.0,1,1,7,51.0,Mike Brown,S,Nebraska,70.0,204.0,4.59,14.0,36.0,116.0,6.93,4.01
2000,2,40,DEN,False,LB,LB,D,Michigan,22.0,2007.0,0,1,5,33.0,Ian Gold,OLB,Michigan,73.0,221.0,4.56,21.0,33.0,115.0,6.97,4.19
2000,2,41,ARI,False,LB,LB,D,Tennessee,22.0,2004.0,0,0,4,19.0,Raynoch Thompson,OLB,Tennessee,75.0,220.0,4.65,,,,,
2000,2,42,NYG,False,DT,DL,D,Alabama,23.0,2009.0,0,0,9,20.0,Cornelius Griffin,DE,Alabama,75.0,297.0,4.9,30.0,31.0,111.0,7.63,4.62
2000,2,43,SDG,False,DB,DB,D,Marshall,23.0,2004.0,0,0,3,12.0,Rogers Beckett,S,Marshall,73.0,207.0,4.62,15.0,39.5,119.0,6.48,4.29
2000,2,44,GNB,False,T,OL,O,Tennessee,24.0,2011.0,0,2,10,72.0,Chad Clifton,OT,Tennessee,77.0,334.0,5.05,24.0,30.5,102.0,7.58,4.73
2000,2,45,DEN,False,DB,DB,D,Arkansas,22.0,2007.0,0,0,7,22.0,Kenoy Kennedy,S,Arkansas,73.0,221.0,4.71,8.0,33.5,113.0,7.08,4.38
2000,2,46,NWE,False,G,OL,O,Hawaii,23.0,2005.0,0,0,0,6.0,Adrian Klemm,OT,Hawaii,76.0,307.0,4.98,24.0,,,,
2000,2,47,OAK,False,WR,WR,O,West Virginia,22.0,2008.0,0,0,4,32.0,Jerry Porter,WR,West Virginia,74.0,221.0,4.48,,,,,
2000,2,48,SFO,False,DB,DB,D,Texas A&M,22.0,2008.0,0,0,5,17.0,Jason Webster,CB,Texas A&M,69.0,180.0,4.42,17.0,35.5,122.0,6.76,3.98
2000,2,49,DAL,False,DB,DB,D,Tennessee,22.0,2002.0,0,0,0,1.0,Dwayne Goodrich,CB,Tennessee,71.0,195.0,4.45,,,,,
2000,2,50,DET,False,LB,LB,D,West Virginia,22.0,2005.0,0,0,4,16.0,Barrett Green,OLB,West Virginia,72.0,233.0,4.56,22.0,36.0,120.0,,
2000,2,51,TAM,False,G,OL,O,Tennessee,21.0,2006.0,0,0,6,27.0,Cosey Coleman,OG,Tennessee,76.0,322.0,5.4,,28.0,101.0,8.15,4.97
2000,2,52,SEA,False,DB,DB,D,Virginia Tech,22.0,2003.0,0,0,0,3.0,Ike Charlton,CB,Virginia Tech,71.0,205.0,4.47,16.0,,126.0,,
2000,2,53,MIA,False,T,OL,O,Mississippi,23.0,2007.0,0,0,7,30.0,Todd Wade,OT,Mississippi,80.0,326.0,5.22,29.0,27.5,101.0,7.68,4.68
2000,2,54,KAN,False,DB,DB,D,Oklahoma,23.0,2005.0,0,0,2,13.0,William Bartee,CB,Oklahoma,73.0,192.0,4.43,,38.5,124.0,6.7,3.99
2000,2,55,MIN,False,DT,DL,D,Wake Forest,23.0,2011.0,0,0,10,9.0,Fred Robbins,DT,Wake Forest,76.0,312.0,5.09,25.0,29.5,94.0,7.72,4.72
2000,2,56,MIN,False,DE,DL,D,Miami (FL),,,0,0,0,,Michael Boireau,DE,Miami (FL),76.0,274.0,5.09,26.0,29.0,105.0,7.68,4.49
2000,2,57,CAR,False,DB,DB,D,Tennessee,21.0,2011.0,0,0,10,22.0,Deon Grant,S,Tennessee,74.0,209.0,4.5,15.0,,,,
2000,2,58,BUF,False,DB,DB,D,Georgia Tech,22.0,2007.0,0,0,1,5.0,Travares Tillman,S,Georgia Tech,73.0,194.0,4.6,15.0,37.5,123.0,6.95,4.29
2000,2,59,IND,False,LB,LB,D,Auburn,22.0,2008.0,0,1,8,17.0,,,,,,,,,,,
2000,2,60,JAX,False,C,OL,O,Northern Iowa,23.0,2013.0,0,0,14,74.0,Brad Meester,C,New Mexico,75.0,298.0,5.12,25.0,34.0,110.0,7.46,4.43
2000,2,61,PHI,False,G,OL,O,Arkansas,23.0,2012.0,0,0,9,6.0,Bobbie Williams,OT,Arkansas,76.0,332.0,5.26,28.0,29.0,97.0,7.78,4.72
2000,2,62,STL,False,DB,DB,D,Oklahoma St.,21.0,2003.0,0,0,0,1.0,Jacoby Shepherd,CB,Oklahoma State,73.0,195.0,4.53,5.0,35.0,120.0,,
2000,2,63,CLE,False,RB,RB,O,Miami (OH),23.0,2001.0,0,0,1,4.0,Travis Prentice,RB,Miami (OH),72.0,225.0,4.5,23.0,37.0,115.0,6.92,4.4
2000,2,64,WAS,False,DB,DB,D,North Carolina St.,23.0,2002.0,0,0,0,0.0,Lloyd Harrison,CB,North Carolina State,70.0,190.0,4.5,16.0,37.5,119.0,7.12,4.25
2000,3,65,SFO,False,QB,QB,O,Hofstra,,,0,0,0,,Giovanni Carmazzi,QB,Hofstra,75.0,224.0,4.74,,36.5,119.0,6.94,4.23
2000,3,66,CIN,False,WR,WR,O,Florida St.,23.0,2002.0,0,0,0,6.0,Ron Dugans,WR,Florida State,73.0,206.0,4.58,,,117.0,,
2000,3,67,ATL,False,LB,LB,D,Kansas St.,23.0,2010.0,0,0,4,5.0,Mark Simoneau,OLB,Kansas State,72.0,237.0,4.6,24.0,36.0,117.0,7.08,4.09
2000,3,68,TEN,False,TE,TE,O,Florida,23.0,2005.0,0,0,6,15.0,Erron Kinney,TE,Florida,78.0,272.0,4.9,,,,,
2000,3,69,CHI,False,WR,WR,O,Georgia Tech,21.0,2005.0,0,0,4,14.0,Dez White,WR,Georgia Tech,73.0,218.0,4.62,,37.5,124.0,6.91,4.09
2000,3,70,DEN,False,WR,WR,O,Texas A&M,22.0,2003.0,0,0,0,1.0,Chris Cole,WR,Texas A&M,72.0,191.0,4.37,,37.5,125.0,6.76,4.09
2000,3,71,ARI,False,DT,DL,D,Tennessee,23.0,2008.0,0,0,5,0.0,Darwin Walker,DT,Tennessee,74.0,293.0,4.82,,,,,
2000,3,72,PIT,False,DT,DL,D,Mississippi,21.0,2009.0,0,0,3,6.0,Kendrick Clancy,DT,Mississippi,73.0,283.0,5.25,25.0,27.5,108.0,7.98,4.65
2000,3,73,NYG,False,WR,WR,O,Lambuth,24.0,2002.0,0,0,0,6.0,,,,,,,,,,,
2000,3,74,GNB,False,DT,DL,D,Nebraska,22.0,2002.0,0,0,0,2.0,Steve Warren,DT,Nebraska,73.0,307.0,5.1,29.0,30.5,105.0,7.97,4.56
2000,3,75,BAL,False,QB,QB,O,Louisville,23.0,2011.0,0,0,0,3.0,Chris Redman,QB,Louisville,75.0,222.0,5.37,,26.5,98.0,7.8,4.78
2000,3,76,NWE,False,RB,RB,O,Arizona St.,22.0,2004.0,0,0,0,6.0,J.R. Redmond,RB,Arizona State,71.0,216.0,4.48,,32.5,121.0,,
2000,3,77,PIT,False,DB,DB,D,Pittsburgh,23.0,2009.0,0,0,1,4.0,Hank Poteat,CB,Pittsburgh,70.0,197.0,4.57,16.0,37.0,126.0,6.66,4.0
2000,3,78,NYJ,False,WR,WR,O,Florida St.,22.0,2009.0,0,1,9,49.0,Laveranues Coles,WR,Florida State,71.0,192.0,4.41,,34.0,115.0,6.89,4.39
2000,3,79,CLE,False,WR,WR,O,Tulane,22.0,2002.0,0,0,0,3.0,JaJuan Dawson,WR,Tulane,73.0,199.0,4.55,,34.0,117.0,6.96,4.16
2000,3,80,SEA,False,WR,WR,O,Florida,21.0,2008.0,0,0,7,51.0,Darrell Jackson,WR,Florida,72.0,197.0,4.56,,,,,
2000,3,81,DET,False,RB,RB,O,Oregon,22.0,2008.0,0,0,3,1.0,Reuben Droughns,RB,Oregon,71.0,215.0,4.66,13.0,30.0,115.0,7.34,4.41
2000,3,82,CAR,False,T,OL,O,Indiana (PA),22.0,2005.0,0,0,1,2.0,Leander Jordan,OG,Indiana (PA),76.0,330.0,5.46,25.0,31.0,104.0,7.91,4.76
2000,3,83,SDG,False,T,OL,O,Kansas St.,23.0,2009.0,0,0,8,15.0,Damion McIntosh,OT,Kansas State,76.0,328.0,5.31,23.0,26.0,97.0,7.72,4.71
2000,3,84,MIA,False,DB,DB,D,Colorado,21.0,2002.0,0,0,0,0.0,Ben Kelly,CB,Colorado,69.0,183.0,4.53,17.0,36.0,116.0,6.63,3.95
2000,3,85,KAN,False,DB,DB,D,Ark-Pine Bluff,22.0,2007.0,0,0,7,39.0,,,,,,,,,,,
2000,3,86,SFO,False,LB,LB,D,Hawaii,23.0,2009.0,0,0,4,31.0,Jeff Ulbrich,ILB,Hawaii,72.0,249.0,4.65,24.0,32.0,109.0,7.23,4.3
2000,3,87,CHI,False,TE,TE,O,Wake Forest,24.0,2004.0,0,0,1,2.0,Dustin Lyman,ILB,Wake Forest,76.0,259.0,4.7,22.0,35.0,118.0,6.86,4.06
2000,3,88,MIN,False,RB,RB,O,Marshall,23.0,2003.0,0,0,0,3.0,Doug Chapman,RB,Marshall,70.0,215.0,4.56,16.0,38.5,128.0,6.84,4.2
2000,3,89,BUF,False,LB,LB,D,Virginia Tech,23.0,2001.0,0,0,0,3.0,Corey Moore,OLB,Virginia Tech,71.0,223.0,4.6,21.0,,,,
2000,3,90,TAM,False,LB,LB,D,Miami (FL),22.0,2008.0,0,0,2,8.0,,,,,,,,,,,
2000,3,91,IND,False,DB,DB,D,Penn St.,22.0,2008.0,0,0,4,14.0,David Macklin,CB,Penn State,69.0,194.0,4.54,,37.5,120.0,6.9,4.09
2000,3,92,JAX,False,LB,LB,D,Southern Miss,23.0,2006.0,0,0,3,14.0,T.J. Slaughter,ILB,Southern Miss,72.0,247.0,4.87,24.0,30.0,112.0,7.08,4.26
2000,3,93,TEN,False,DE,DL,D,BYU,23.0,2002.0,0,0,0,,Byron Frisch,DE,BYU,76.0,281.0,4.73,31.0,34.5,114.0,7.2,4.41
2000,3,94,STL,False,T,OL,O,Virginia,23.0,2010.0,0,0,5,8.0,,,,,,,,,,,
2000,3,95,CLE,False,DB,DB,D,Maryland,22.0,2008.0,0,0,0,7.0,Lewis Sanders,CB,Maryland,72.0,202.0,4.5,10.0,37.0,116.0,,
2000,3,96,NOR,False,FB,RB,O,Arizona St.,22.0,2009.0,0,0,8,2.0,Terrelle Smith,FB,Arizona State,72.0,249.0,5.0,19.0,32.5,109.0,8.38,4.85
2000,4,97,CIN,False,RB,RB,O,James Madison,23.0,2002.0,0,0,0,0.0,Curtis Keaton,RB,West Virginia,70.0,214.0,4.41,23.0,41.5,131.0,6.82,3.93
2000,4,98,GNB,False,LB,LB,D,Ohio St.,22.0,2011.0,0,0,10,34.0,Na'il Diggs,OLB,Ohio State,76.0,231.0,4.66,,,,,
2000,4,99,PHI,False,WR,WR,O,Michigan St.,22.0,2001.0,0,0,0,0.0,Gari Scott,WR,Michigan State,72.0,194.0,4.59,,33.5,119.0,,
2000,4,100,ATL,False,T,OL,O,Tennessee St.,23.0,2002.0,0,0,0,3.0,Michael Thompson,OT,Tennessee State,76.0,305.0,5.28,16.0,26.0,104.0,7.99,4.73
2000,4,101,DEN,False,DT,DL,D,Florida St.,23.0,2001.0,0,0,0,1.0,Jerry Johnson,DT,Florida State,72.0,293.0,5.03,26.0,28.5,102.0,,
2000,4,102,ARI,False,DB,DB,D,Arkansas,22.0,2008.0,0,0,6,13.0,David Barrett,CB,Arkansas,70.0,199.0,4.44,16.0,37.5,116.0,6.81,4.04
2000,4,103,PIT,False,WR,WR,O,UCLA,23.0,2002.0,0,0,0,,Danny Farmer,WR,UCLA,75.0,217.0,4.58,,,,,
2000,4,104,STL,False,T,OL,O,Hawaii,,,0,0,0,,Kaulana Noa,OT,Hawaii,76.0,317.0,5.34,27.0,25.5,98.0,7.82,4.74
2000,4,105,NYG,False,LB,LB,D,Penn St.,23.0,2006.0,0,0,5,22.0,Brandon Short,ILB,Penn State,75.0,252.0,4.72,,,,,
2000,4,106,MIN,False,LB,LB,D,Texas A&M-Commerce,22.0,2002.0,0,0,0,2.0,Antonio Wilson,OLB,Texas A&M-Commerce,74.0,245.0,4.56,11.0,,,,
2000,4,107,OAK,False,DT,DL,D,Arizona St.,23.0,2005.0,0,0,0,0.0,Junior Ioane,DT,Arizona State,75.0,324.0,5.12,,,,,
2000,4,108,SFO,False,DB,DB,D,Furman,23.0,2003.0,0,0,0,3.0,,,,,,,,,,,
2000,4,109,DAL,False,DB,DB,D,West Texas A&M,24.0,2001.0,0,0,0,3.0,Kareem Larrimore,CB,West Texas A&M,71.0,190.0,4.42,,34.0,125.0,,
2000,4,110,CLE,False,TE,TE,O,Michigan,23.0,2005.0,0,0,0,6.0,Aaron Shea,FB,Michigan,76.0,253.0,4.81,,37.5,114.0,6.72,4.3
2000,4,111,SDG,False,WR,WR,O,Miami (OH),22.0,2002.0,0,0,0,3.0,Trevor Gaylor,WR,Miami (OH),75.0,199.0,4.56,,37.5,121.0,7.03,4.29
2000,4,112,DEN,False,G,OL,O,Florida,23.0,2012.0,0,0,8,22.0,Cooper Carlisle,OG,Florida,77.0,297.0,5.16,28.0,31.0,100.0,7.82,4.48
2000,4,113,SDG,False,DT,DL,D,Auburn,23.0,2004.0,0,0,2,10.0,Leonardo Carson,DE,Auburn,73.0,283.0,5.06,22.0,28.0,106.0,7.82,4.75
2000,4,114,GNB,False,WR,WR,O,Arkansas,,,0,0,0,,Anthony Lucas,WR,Arkansas,75.0,194.0,4.53,,35.0,121.0,,
2000,4,115,KAN,False,RB,RB,O,Louisville,23.0,2001.0,0,0,0,1.0,Frank Moreau,RB,Louisville,73.0,231.0,4.57,23.0,36.0,117.0,,
2000,4,116,SEA,False,LB,LB,D,Arizona,23.0,2002.0,0,0,1,7.0,Marcus Bell,ILB,Arizona,74.0,237.0,4.78,21.0,31.5,111.0,7.17,4.33
2000,4,117,MIA,False,FB,RB,O,North Carolina,22.0,2002.0,0,0,0,0.0,Deon Dyer,FB,North Carolina,71.0,260.0,4.99,,28.0,104.0,7.88,4.81
2000,4,118,MIN,False,DB,DB,D,Minnesota,24.0,2010.0,0,0,2,7.0,Tyrone Carter,S,Minnesota,68.0,190.0,4.5,16.0,41.0,121.0,6.75,4.19
2000,4,119,SEA,False,LB,LB,D,Harvard,22.0,2006.0,0,0,2,15.0,,,,,,,,,,,
2000,4,120,CAR,False,DE,DL,D,Mississippi St.,22.0,2007.0,0,0,3,1.0,Alvin McKinley,DT,Mississippi State,76.0,289.0,5.09,22.0,27.5,102.0,7.73,4.61
2000,4,121,BUF,False,WR,WR,O,Tennessee St.,23.0,2002.0,0,0,0,1.0,,,,,,,,,,,
2000,4,122,IND,False,DT,DL,D,Michigan,24.0,2005.0,0,0,2,19.0,Josh Williams,DT,Michigan,75.0,282.0,4.9,,30.5,111.0,7.22,4.25
2000,4,123,JAX,False,T,OL,O,Louisiana Tech,,,0,0,0,,Joey Chustz,OT,Louisiana Tech,79.0,304.0,5.08,28.0,31.0,103.0,7.65,4.65
2000,4,124,TEN,False,DB,DB,D,Wisconsin,23.0,2001.0,0,0,0,3.0,Bobby Myers,S,Wisconsin,73.0,183.0,4.56,,37.5,123.0,7.04,4.1
2000,4,125,CHI,False,DB,DB,D,Wake Forest,23.0,2002.0,0,0,0,3.0,Reggie Austin,CB,Wake Forest,69.0,175.0,4.44,17.0,35.0,119.0,7.03,4.14
2000,4,126,GNB,False,DB,DB,D,Ohio St.,22.0,2000.0,0,0,0,0.0,Gary Berry,S,Ohio State,71.0,204.0,4.55,,,,,
2000,4,127,NWE,False,T,OL,O,Michigan St.,22.0,2003.0,0,0,2,13.0,Greg Randall,OT,Michigan State,78.0,333.0,5.59,22.0,26.0,95.0,8.15,5.13
2000,4,128,TEN,False,LB,LB,D,Oregon,23.0,2006.0,0,0,4,25.0,Peter Sirmon,ILB,Oregon,74.0,246.0,4.84,20.0,34.5,115.0,7.21,4.27
2000,5,129,WAS,False,G,OL,O,Troy,23.0,2004.0,0,0,0,1.0,,,,,,,,,,,
2000,5,130,CLE,False,DB,DB,D,Texas Tech,23.0,2000.0,0,0,0,1.0,Anthony Malbrough,CB,Texas Tech,69.0,184.0,4.44,20.0,35.5,117.0,6.73,4.0
2000,5,131,NOR,False,G,OL,O,Mississippi,22.0,2008.0,0,0,2,0.0,Tutan Reyes,OT,Mississippi,75.0,299.0,5.37,20.0,26.5,99.0,7.49,4.88
2000,5,132,SFO,False,RB,RB,O,Texas-El Paso,22.0,2007.0,0,0,0,2.0,Paul Smith,FB,Texas-El Paso,71.0,220.0,4.65,25.0,,,,
2000,5,133,CIN,False,DB,DB,D,Mississippi St.,22.0,2002.0,0,0,0,5.0,Robert Bean,CB,Mississippi State,71.0,178.0,4.5,,34.5,122.0,6.87,4.2
2000,5,134,ATL,False,DB,DB,D,Virginia Tech,,,0,0,0,,,,,,,,,,,,
2000,5,135,TEN,False,DB,DB,D,Michigan St.,23.0,2003.0,0,0,1,5.0,Aric Morris,S,Michigan State,69.0,211.0,4.56,24.0,,,,
2000,5,136,ARI,False,DT,DL,D,Idaho,23.0,2001.0,0,0,1,4.0,Mao Tosi,DT,Idaho,77.0,310.0,5.26,19.0,28.5,99.0,7.72,4.6
2000,5,137,PIT,False,LB,LB,D,Colorado St.,23.0,2012.0,0,0,7,31.0,Clark Haggans,OLB,Colorado State,75.0,253.0,4.97,20.0,31.5,109.0,7.12,4.21
2000,5,138,IND,False,G,OL,O,BYU,,,0,0,0,,Matt Johnson,OG,BYU,76.0,345.0,5.56,35.0,28.0,99.0,8.07,4.99
2000,5,139,STL,False,DT,DL,D,Texas-El Paso,23.0,2008.0,0,0,6,17.0,Brian Young,DE,Texas-El Paso,74.0,278.0,4.94,27.0,29.5,106.0,7.2,4.47
2000,5,140,NYG,False,DB,DB,D,Nebraska,21.0,2009.0,0,0,0,6.0,Ralph Brown,CB,Nebraska,70.0,185.0,4.55,10.0,,,,
2000,5,141,NWE,False,TE,TE,O,Boise St.,23.0,2001.0,0,0,0,,Dave Stachelski,TE,Boise State,75.0,250.0,4.78,24.0,38.0,115.0,6.84,4.14
2000,5,142,OAK,False,P,P,S,Texas A&M,24.0,2017.0,6,7,0,39.0,Shane Lechler,P,Texas A&M,74.0,234.0,,,,,,
2000,5,143,NYJ,False,WR,WR,O,USC,23.0,2001.0,0,0,0,1.0,Windrell Hayes,WR,USC,71.0,204.0,4.5,,,,7.33,4.18
2000,5,144,DAL,False,RB,RB,O,Ohio St.,22.0,2002.0,0,0,0,4.0,Michael Wiley,RB,Ohio State,71.0,193.0,4.5,,,,,
2000,5,145,DET,False,DB,DB,D,Tulsa,24.0,2005.0,0,0,0,,Todd Franz,S,Tulsa,73.0,199.0,4.55,14.0,,,,
2000,5,146,CLE,False,DB,DB,D,Kansas St.,23.0,2001.0,0,0,0,1.0,,,,,,,,,,,
2000,5,147,CAR,False,DE,DL,D,Southern,22.0,2001.0,0,0,0,1.0,,,,,,,,,,,
2000,5,148,BAL,False,G,OL,O,Miami (FL),,,0,0,0,,Richard Mercier,OG,Miami (FL),75.0,295.0,5.39,18.0,26.0,97.0,7.84,4.78
2000,5,149,GNB,False,DE,DL,D,San Diego St.,22.0,2008.0,0,1,5,43.0,Kabeer Gbaja-Biamila,OLB,San Diego State,76.0,243.0,4.65,21.0,34.0,120.0,6.9,4.28
2000,5,150,SFO,False,DE,DL,D,Lenoir-Rhyne,25.0,2001.0,0,0,0,1.0,,,,,,,,,,,
2000,5,151,GNB,False,WR,WR,O,Texas Southern,,,0,0,0,,,,,,,,,,,,
2000,5,152,MIA,False,DB,DB,D,South Carolina,23.0,2005.0,0,0,2,13.0,Arturo Freeman,S,South Carolina,72.0,188.0,4.5,14.0,35.5,124.0,6.91,4.38
2000,5,153,KAN,False,WR,WR,O,Texas A&M,21.0,2008.0,1,2,0,28.0,,,,,,,,,,,
2000,5,154,DEN,False,WR,WR,O,Richmond,,,0,0,0,,Muneer Moore,WR,Richmond,73.0,201.0,4.52,,37.5,129.0,6.91,4.09
2000,5,155,WAS,False,DB,DB,D,UNLV,,,0,0,0,,,,,,,,,,,,
2000,5,156,BUF,False,RB,RB,O,Texas Tech,23.0,2011.0,0,0,3,5.0,Sammy Morris,FB,Texas Tech,72.0,221.0,4.65,23.0,37.5,117.0,7.05,4.21
2000,5,157,TAM,False,TE,TE,O,Kentucky,22.0,2003.0,0,0,0,,James Whalen,TE,Kentucky,74.0,228.0,4.78,,31.0,110.0,7.42,4.22
2000,5,158,NOR,False,TE,TE,O,Iowa,22.0,2000.0,0,0,0,0.0,Austin Wheatley,TE,Iowa,76.0,254.0,4.66,,32.5,121.0,6.97,4.18
2000,5,159,JAX,False,DB,DB,D,Georgia Southern,23.0,2007.0,0,0,0,8.0,,,,,,,,,,,
2000,5,160,TEN,False,LB,LB,D,Boston Col.,22.0,2005.0,0,0,0,5.0,,,,,,,,,,,
2000,6,161,NWE,False,DT,DL,D,Missouri,,,0,0,0,,,,,,,,,,,,
2000,6,162,KAN,False,DB,DB,D,La-Monroe,22.0,2004.0,0,0,1,6.0,,,,,,,,,,,
2000,6,163,PIT,False,QB,QB,O,Tennessee,22.0,2003.0,0,0,0,0.0,Tee Martin,QB,Tennessee,74.0,227.0,4.58,,34.5,113.0,,
2000,6,164,ARI,False,TE,TE,O,Northwestern,22.0,2000.0,0,0,0,0.0,Jay Tant,TE,Northwestern,75.0,255.0,4.75,31.0,,,,
2000,6,165,MIN,False,WR,WR,O,Stanford,23.0,2007.0,0,0,0,0.0,Troy Walters,WR,Stanford,66.0,171.0,4.55,,32.5,106.0,6.61,3.84
2000,6,166,NOR,False,RB,RB,O,USC,23.0,2006.0,0,0,0,3.0,Chad Morton,RB,USC,68.0,182.0,4.5,18.0,36.0,121.0,,
2000,6,167,MIA,False,DT,DL,D,Ark-Pine Bluff,24.0,2002.0,0,0,0,2.0,Ernest Grant,DT,Ark-Pine Bluff,77.0,316.0,5.31,24.0,29.5,98.0,8.0,5.03
2000,6,168,NOR,False,QB,QB,O,West Virginia,23.0,2009.0,0,2,8,,Marc Bulger,QB,West Virginia,74.0,208.0,4.97,,,100.0,7.46,4.34
2000,6,169,CIN,False,K,K,S,Illinois,24.0,2011.0,1,1,0,2.0,,,,,,,,,,,
2000,6,170,CHI,False,WR,WR,O,Kansas St.,23.0,2004.0,0,0,0,,,,,,,,,,,,
2000,6,171,PHI,False,RB,RB,O,Minnesota,,,0,0,0,,Thomas Hamner,RB,Minnesota,72.0,197.0,4.5,17.0,32.0,125.0,6.97,4.07
2000,6,172,ATL,False,WR,WR,O,Troy,22.0,2000.0,0,0,0,0.0,Mareno Philyaw,WR,Troy,74.0,205.0,4.66,,39.5,129.0,6.93,4.13
2000,6,173,PIT,False,DE,DL,D,Duke,23.0,2002.0,0,0,0,1.0,Chris Combs,DT,Duke,77.0,286.0,5.16,22.0,,,,
2000,6,174,CHI,False,K,K,S,Michigan St.,22.0,2005.0,0,0,0,15.0,,,,,,,,,,,
2000,6,175,SEA,False,WR,WR,O,Marshall,22.0,2003.0,0,0,0,4.0,James Williams,WR,Marshall,71.0,180.0,4.59,,36.0,123.0,7.22,4.16
2000,6,176,ARI,False,DE,DL,D,Washington,22.0,2001.0,0,0,0,4.0,Jabari Issa,DT,Washington,77.0,296.0,5.05,19.0,31.5,105.0,7.69,4.72
2000,6,177,NYG,False,LB,LB,D,Michigan,22.0,2010.0,0,0,9,14.0,Dhani Jones,OLB,Michigan,73.0,240.0,4.68,29.0,,,,
2000,6,178,PHI,False,DE,DL,D,Utah,,,0,0,0,,John Frank,DE,Utah,76.0,280.0,4.78,32.0,37.0,117.0,7.07,4.27
2000,6,179,NYJ,False,DB,DB,D,North Carolina St.,23.0,2001.0,0,0,0,2.0,Tony Scott,CB,North Carolina State,70.0,193.0,4.5,11.0,34.0,116.0,7.45,4.24
2000,6,180,DAL,False,DB,DB,D,Florida St.,24.0,2004.0,0,0,3,21.0,Mario Edwards,CB,Florida State,72.0,191.0,4.46,,,120.0,,
2000,6,181,DET,False,DE,DL,D,Auburn,,,0,0,0,,Quinton Reese,DE,Auburn,76.0,283.0,5.13,18.0,30.0,101.0,7.91,4.68
2000,6,182,CAR,False,G,OL,O,Auburn,23.0,2006.0,0,0,4,12.0,Jeno James,OG,Auburn,75.0,320.0,5.62,24.0,25.5,94.0,8.51,5.22
2000,6,183,CLE,False,QB,QB,O,Texas St.,22.0,2001.0,0,0,0,0.0,Spergon Wynn,QB,Texas State,75.0,229.0,4.91,,34.0,108.0,7.71,4.59
2000,6,184,SDG,False,LB,LB,D,Virginia,25.0,2003.0,0,0,0,1.0,Shannon Taylor,OLB,Virginia,75.0,249.0,4.65,,34.5,115.0,,
2000,6,185,SEA,False,DT,DL,D,Rowan,,,0,0,0,,,,,,,,,,,,
2000,6,186,BAL,False,LB,LB,D,Southern Miss,23.0,2009.0,1,2,8,53.0,Adalius Thomas,DE,Southern Miss,74.0,270.0,4.56,,38.5,120.0,,4.42
2000,6,187,NWE,False,DB,DB,D,Virginia,23.0,2003.0,0,0,0,5.0,Antwan Harris,CB,Virginia,69.0,186.0,4.34,16.0,39.0,121.0,6.75,4.01
2000,6,188,KAN,False,G,OL,O,Boston Col.,23.0,2002.0,0,0,0,0.0,Darnell Alford,OT,Boston Col.,76.0,334.0,5.56,23.0,25.0,94.0,8.48,4.98
2000,6,189,DEN,False,RB,RB,O,Utah,26.0,2007.0,0,0,3,35.0,,,,,,,,,,,
2000,6,190,SEA,False,DE,DL,D,Mississippi St.,24.0,2002.0,0,0,0,6.0,,,,,,,,,,,
2000,6,191,BAL,False,DT,DL,D,Texas,23.0,2004.0,0,0,2,,Cedric Woodard,DT,Texas,74.0,290.0,5.21,23.0,30.5,109.0,,
2000,6,192,PHI,False,C,OL,O,California,,,0,0,0,,,,,,,,,,,,
2000,7,193,TAM,False,DB,DB,D,USC,22.0,2003.0,0,0,1,3.0,,,,,,,,,,,
2000,7,194,BUF,False,DT,DL,D,Texas-El Paso,25.0,2001.0,0,0,0,3.0,Leif Larsen,DT,Texas-El Paso,76.0,300.0,5.08,45.0,30.0,110.0,7.46,4.37
2000,7,195,NOR,False,DB,DB,D,Purdue,23.0,2005.0,0,0,0,3.0,,,,,,,,,,,
2000,7,196,JAX,False,WR,WR,O,Arkansas,24.0,2000.0,0,0,0,0.0,,,,,,,,,,,
2000,7,197,TEN,False,DE,DL,D,Michigan St.,22.0,2010.0,0,0,6,14.0,Robaire Smith,DE,Michigan State,76.0,275.0,4.88,,,,,
2000,7,198,STL,False,DB,DB,D,Iowa,23.0,2006.0,0,0,1,1.0,Matt Bowen,S,Iowa,73.0,201.0,4.49,12.0,33.0,115.0,7.06,4.09
2000,7,199,NWE,False,QB,QB,O,Michigan,23.0,2022.0,3,15,21,168.0,Tom Brady,QB,Michigan,76.0,211.0,5.28,,24.5,99.0,7.2,4.38
2000,7,200,NOR,False,WR,WR,O,Southern Miss,,,0,0,0,,Sherrod Gideon,WR,Southern Miss,71.0,173.0,4.66,,,,,
2000,7,201,NWE,False,DE,DL,D,Purdue,22.0,2002.0,0,0,0,1.0,,,,,,,,,,,
2000,7,202,WAS,False,QB,QB,O,Stanford,22.0,2000.0,0,0,0,0.0,Todd Husak,QB,Stanford,75.0,216.0,5.2,,27.5,99.0,7.17,4.41
2000,7,203,SDG,False,DB,DB,D,Colorado,23.0,2001.0,0,0,0,,Damen Wheeler,CB,Colorado,69.0,179.0,4.51,11.0,35.0,115.0,7.21,4.27
2000,7,204,PIT,False,TE,TE,O,Kent St.,,,0,0,0,,Jason Gavadza,TE,Kent State,75.0,249.0,4.62,22.0,32.5,113.0,7.15,4.3
2000,7,205,SDG,False,QB,QB,O,Florida A&M,,,0,0,0,,,,,,,,,,,,
2000,7,206,CLE,False,T,OL,O,Colorado,23.0,2006.0,0,0,0,3.0,Brad Bedell,OG,Colorado,76.0,302.0,5.07,17.0,31.5,103.0,7.76,4.58
2000,7,207,CLE,False,G,OL,O,Arizona,,,0,0,0,,Manuia Savea,OG,Arizona,74.0,308.0,5.34,24.0,25.0,92.0,,
2000,7,208,KAN,False,WR,WR,O,Furman,,,0,0,0,,,,,,,,,,,,
2000,7,209,CLE,False,DE,DL,D,Jackson St.,,,0,0,0,,,,,,,,,,,,
2000,7,210,CIN,False,TE,TE,O,Missouri State,24.0,2009.0,0,0,0,6.0,,,,,,,,,,,
2000,7,211,ATL,False,DB,DB,D,Texas St.,21.0,2003.0,0,0,0,11.0,Darrick Vaughn,CB,Texas State,71.0,196.0,4.53,14.0,36.5,121.0,7.09,4.16
2000,7,212,SFO,False,QB,QB,O,Louisiana Tech,23.0,2007.0,0,0,1,10.0,Tim Rattay,QB,Louisiana Tech,72.0,215.0,4.91,,25.5,100.0,7.34,4.21
2000,7,213,TEN,False,RB,RB,O,Houston,24.0,2002.0,0,0,0,2.0,Mike Green,S,NW State (LA),72.0,189.0,4.53,,38.5,118.0,,4.2
2000,7,214,DEN,False,QB,QB,O,Notre Dame,23.0,2003.0,0,0,0,0.0,Jarious Jackson,QB,Notre Dame,72.0,226.0,4.68,,,109.0,,
2000,7,215,ARI,False,LB,LB,D,California,22.0,2001.0,0,0,0,3.0,Sekou Sanyika,OLB,California,75.0,241.0,4.75,,32.5,111.0,7.33,4.38
2000,7,216,WAS,False,DT,DL,D,Maryland,23.0,2002.0,0,0,0,3.0,,,,,,,,,,,
2000,7,217,NYG,False,DE,DL,D,California,22.0,2000.0,0,0,0,0.0,,,,,,,,,,,
2000,7,218,NYJ,False,DT,DL,D,Utah,,,0,0,0,,Richard Seals,DT,Utah,74.0,316.0,5.13,24.0,28.5,102.0,7.78,4.6
2000,7,219,DAL,False,LB,LB,D,Georgia,22.0,2003.0,0,0,0,2.0,,,,,,,,,,,
2000,7,220,STL,False,G,OL,O,San Diego St.,,,0,0,0,,Andrew Kline,OG,San Diego State,74.0,305.0,5.43,26.0,28.0,103.0,7.54,4.6
2000,7,221,CAR,False,LB,LB,D,Washington,23.0,2005.0,0,0,2,16.0,,,,,,,,,,,
2000,7,222,SDG,False,G,OL,O,Hampton,23.0,2003.0,0,0,0,,Jason Thomas,OG,South Carolina,75.0,300.0,5.22,23.0,29.5,100.0,7.99,
2000,7,223,CHI,False,LB,LB,D,Ohio St.,,,0,0,0,,,,,,,,,,,,
2000,7,224,GNB,False,T,OL,O,Wisconsin,23.0,2010.0,0,0,9,55.0,Mark Tauscher,OG,Wisconsin,75.0,318.0,5.37,22.0,27.0,90.0,7.91,4.84
2000,8,225,CLE,False,DB,DB,D,Colorado,22.0,2000.0,0,0,0,1.0,Rashidi Barnes,S,Colorado,72.0,208.0,4.62,10.0,35.0,114.0,6.92,4.32
2000,8,226,NWE,False,LB,LB,D,New Mexico,,,0,0,0,,,,,,,,,,,,
2000,8,227,OAK,False,TE,TE,O,Miami (FL),23.0,2002.0,0,0,0,0.0,Mondriel Fulcher,FB,Miami (FL),75.0,253.0,4.85,18.0,27.0,116.0,7.46,4.52
2000,8,228,NOR,False,C,OL,O,Ohio St.,23.0,2010.0,0,0,0,14.0,,,,,,,,,,,
2000,8,229,GNB,False,DT,DL,D,NW Oklahoma St.,23.0,2001.0,0,0,0,,,,,,,,,,,,
2000,8,230,SFO,False,TE,TE,O,Arizona St.,23.0,2012.0,0,2,0,0.0,,,,,,,,,,,
2000,8,231,OAK,False,DB,DB,D,Texas St.,,,0,0,0,,,,,,,,,,,,
2000,8,232,MIA,False,DB,DB,D,Georgia,,,0,0,0,,Jeff Harris,CB,Georgia,72.0,190.0,4.53,,34.5,114.0,6.73,4.25
2000,8,233,BUF,False,WR,WR,O,Buffalo,22.0,2004.0,0,0,0,0.0,,,,,,,,,,,
2000,8,234,TAM,False,QB,QB,O,Georgia Tech,23.0,2000.0,0,0,0,0.0,Joe Hamilton,QB,Georgia Tech,70.0,192.0,4.81,,,106.0,,
2000,8,235,IND,False,DT,DL,D,Michigan,,,0,0,0,,,,,,,,,,,,
2000,8,236,JAX,False,DB,DB,D,Colorado St.,23.0,2000.0,0,0,0,1.0,Erik Olson,S,Colorado State,73.0,208.0,4.63,17.0,35.0,115.0,6.81,4.21
2000,8,237,TEN,False,T,OL,O,Mississippi St.,23.0,2000.0,0,0,0,,Wes Shivers,OT,Mississippi State,77.0,318.0,5.65,18.0,22.5,98.0,8.48,4.81
2000,8,238,IND,False,DB,DB,D,Ala-Birmingham,22.0,2001.0,0,0,0,0.0,,,,,,,,,,,
2000,8,239,NWE,False,FB,RB,O,Georgia,22.0,2007.0,0,0,0,10.0,,,,,,,,,,,
2000,8,240,MIN,False,C,OL,O,San Diego St.,,,0,0,0,,,,,,,,,,,,
2000,8,241,JAX,False,DE,DL,D,Washington St.,23.0,2008.0,0,0,3,30.0,Rob Meier,DE,Washington State,77.0,284.0,4.99,27.0,30.5,113.0,7.49,4.52
2000,8,242,GNB,False,WR,WR,O,Central Florida,22.0,2005.0,0,0,0,1.0,Charles Lee,WR,Central Florida,73.0,202.0,4.56,,35.5,125.0,7.3,4.25
2000,8,243,JAX,False,RB,RB,O,Virginia Tech,22.0,2002.0,0,0,0,0.0,Shyrone Stith,RB,Virginia Tech,67.0,204.0,4.6,13.0,35.0,111.0,7.14,4.14
2000,8,244,MIN,False,TE,TE,O,Texas A&M-Kingsville,,,0,0,0,,,,,,,,,,,,
2000,8,245,JAX,False,LB,LB,D,Illinois,23.0,2010.0,0,0,8,14.0,Danny Clark,ILB,Illinois,74.0,245.0,4.75,20.0,,,,
2000,8,246,DEN,False,WR,WR,O,Jackson St.,,,0,0,0,,,,,,,,,,,,
2000,8,247,JAX,False,T,OL,O,Syracuse,,,0,0,0,,Mark Baniewicz,OT,Syracuse,78.0,312.0,5.34,20.0,28.0,96.0,7.72,4.73
2000,8,248,MIN,False,T,OL,O,South Carolina St.,23.0,2005.0,0,0,0,4.0,,,,,,,,,,,
2000,8,249,GNB,False,LB,LB,D,Florida,23.0,2000.0,0,0,0,0.0,,,,,,,,,,,
2000,8,250,WAS,False,WR,WR,O,Oklahoma St.,,,0,0,0,,Ethan Howell,CB,Oklahoma State,71.0,186.0,4.56,16.0,,,6.98,4.13
2000,8,251,BUF,False,LB,LB,D,Arizona,23.0,2006.0,0,0,1,3.0,DaShon Polk,OLB,Arizona,74.0,233.0,4.75,18.0,32.0,111.0,7.43,4.45
2000,8,252,GNB,False,RB,RB,O,LSU,23.0,2002.0,0,0,0,2.0,Rondell Mealey,RB,LSU,72.0,212.0,4.69,,33.0,120.0,6.89,4.15
2000,8,253,DET,False,DT,DL,D,Mount San Antonio JC,24.0,2010.0,0,0,1,,,,,,,,,,,,
2000,8,254,CHI,False,DB,DB,D,Northwestern St. (LA),23.0,2008.0,0,0,2,21.0,,,,,,,,,,,
2001,1,1,ATL,False,QB,QB,O,Virginia Tech,21.0,2015.0,0,4,7,60.0,Michael Vick,QB,Virginia Tech,72.0,210.0,4.33,,,,,
2001,1,2,ARI,False,T,OL,O,Texas,23.0,2012.0,0,3,10,27.0,Leonard Davis,OT,Texas,78.0,370.0,5.32,33.0,28.0,97.0,8.72,5.18
2001,1,3,CLE,False,DT,DL,D,Florida,23.0,2011.0,0,0,9,25.0,Gerard Warren,DT,Florida,76.0,325.0,5.0,,,,,
2001,1,4,CIN,False,DE,DL,D,Missouri,21.0,2014.0,1,5,14,27.0,Justin Smith,DE,Missouri,76.0,267.0,4.64,26.0,34.0,117.0,,
2001,1,5,SDG,True,RB,RB,O,TCU,22.0,2011.0,3,5,10,121.0,LaDainian Tomlinson,RB,TCU,70.0,221.0,4.46,18.0,40.5,124.0,6.84,4.21
2001,1,6,NWE,True,DE,DL,D,Georgia,21.0,2012.0,3,7,11,73.0,Richard Seymour,DT,Georgia,78.0,299.0,4.95,,,,,
2001,1,7,SFO,False,DE,DL,D,California,22.0,2013.0,0,1,10,22.0,Andre Carter,DE,California,76.0,249.0,4.84,20.0,38.5,132.0,,4.24
2001,1,8,CHI,False,WR,WR,O,Michigan,22.0,2005.0,0,0,1,11.0,David Terrell,WR,Michigan,75.0,213.0,4.43,,,,,
2001,1,9,SEA,False,WR,WR,O,North Carolina St.,21.0,2008.0,0,1,4,30.0,Koren Robinson,WR,North Carolina State,73.0,211.0,4.61,,,,,
2001,1,10,GNB,False,DE,DL,D,Florida St.,22.0,2003.0,0,0,0,3.0,Jamal Reynolds,DE,Florida State,75.0,267.0,4.72,,,,,
2001,1,11,CAR,False,LB,LB,D,Miami (FL),22.0,2007.0,0,1,5,30.0,Dan Morgan,ILB,Miami (FL),74.0,240.0,4.54,,,,,
2001,1,12,STL,False,DT,DL,D,Miami (FL),23.0,2010.0,0,0,3,13.0,Damione Lewis,DT,Miami (FL),75.0,293.0,4.9,22.0,,,,
2001,1,13,JAX,False,DT,DL,D,Georgia,23.0,2010.0,0,3,9,50.0,Marcus Stroud,DT,Georgia,78.0,321.0,5.13,21.0,30.0,110.0,8.07,4.72
2001,1,14,TAM,False,T,OL,O,Florida,22.0,2006.0,0,0,5,29.0,Kenyatta Walker,OT,Florida,77.0,311.0,5.17,24.0,31.5,109.0,7.7,4.6
2001,1,15,WAS,False,WR,WR,O,Clemson,23.0,2006.0,0,0,4,23.0,Rod Gardner,WR,Clemson,74.0,219.0,4.48,,,,,
2001,1,16,NYJ,False,WR,WR,O,Miami (FL),22.0,2014.0,0,1,9,23.0,Santana Moss,WR,Miami (FL),70.0,184.0,4.31,,,,,
2001,1,17,SEA,True,G,OL,O,Michigan,23.0,2012.0,5,7,11,43.0,Steve Hutchinson,OG,Michigan,77.0,315.0,5.15,31.0,33.5,106.0,,4.74
2001,1,18,DET,False,T,OL,O,Michigan,23.0,2012.0,0,0,12,61.0,Jeff Backus,OT,Michigan,77.0,310.0,5.37,25.0,27.0,99.0,8.27,4.67
2001,1,19,PIT,False,NT,DL,D,Texas,24.0,2012.0,0,5,11,73.0,Casey Hampton,DT,Texas,73.0,314.0,5.25,34.0,,,,
2001,1,20,STL,False,DB,DB,D,Arizona St.,23.0,2007.0,0,0,7,26.0,Adam Archuleta,S,Arizona State,72.0,211.0,4.46,31.0,,,,
2001,1,21,BUF,False,DB,DB,D,Ohio St.,21.0,2012.0,0,1,11,39.0,Nate Clements,CB,Ohio State,71.0,209.0,4.38,,,,,
2001,1,22,NYG,False,DB,DB,D,Syracuse,23.0,2011.0,0,0,8,24.0,Will Allen,CB,Syracuse,70.0,192.0,4.44,14.0,39.5,121.0,6.78,3.9
2001,1,23,NOR,False,RB,RB,O,Mississippi,22.0,2008.0,0,2,4,55.0,Deuce McAllister,RB,Mississippi,73.0,222.0,4.41,,,,,
2001,1,24,DEN,False,DB,DB,D,Minnesota,22.0,2005.0,0,0,0,4.0,Willie Middlebrooks,CB,Minnesota,74.0,200.0,4.5,17.0,,,,
2001,1,25,PHI,False,WR,WR,O,UCLA,22.0,2004.0,0,0,1,13.0,Freddie Mitchell,WR,UCLA,71.0,185.0,4.46,,39.5,120.0,6.95,4.06
2001,1,26,MIA,False,DB,DB,D,Wisconsin,22.0,2008.0,0,0,0,4.0,Jamar Fletcher,CB,Wisconsin,69.0,180.0,4.48,,,,,
2001,1,27,MIN,False,RB,RB,O,Wisconsin,23.0,2010.0,0,1,3,29.0,Michael Bennett,RB,Wisconsin,69.0,207.0,4.38,13.0,39.5,130.0,,
2001,1,28,OAK,False,DB,DB,D,Florida St.,22.0,2006.0,0,0,2,13.0,Derrick Gibson,S,Florida State,74.0,218.0,4.45,17.0,,,,
2001,1,29,STL,False,DT,DL,D,Ohio St.,21.0,2014.0,0,0,13,22.0,Ryan Pickett,DT,Ohio State,74.0,309.0,5.1,,,,,
2001,1,30,IND,False,WR,WR,O,Miami (FL),22.0,2014.0,1,6,13,116.0,Reggie Wayne,WR,Miami (FL),72.0,198.0,4.45,,,,,
2001,1,31,BAL,False,TE,TE,O,Arizona St.,21.0,2012.0,0,2,8,42.0,Todd Heap,TE,Arizona State,77.0,252.0,4.68,,,,,
2001,1,32,SDG,True,QB,QB,O,Purdue,22.0,2020.0,1,13,19,27.0,Drew Brees,QB,Purdue,72.0,213.0,4.83,,32.0,105.0,7.09,4.21
2001,2,33,CLE,False,WR,WR,O,Kansas St.,23.0,2006.0,0,0,4,17.0,Quincy Morgan,WR,Kansas State,73.0,211.0,4.48,,,,,
2001,2,34,ARI,False,DE,DL,D,Nebraska,22.0,2012.0,0,3,9,7.0,Kyle Vanden Bosch,DE,Nebraska,76.0,270.0,4.75,26.0,36.5,119.0,6.82,4.08
2001,2,35,ATL,False,TE,TE,O,North Carolina,23.0,2010.0,0,4,10,38.0,Alge Crumpler,TE,North Carolina,74.0,266.0,4.76,22.0,34.0,112.0,7.38,4.43
2001,2,36,CIN,False,WR,WR,O,Oregon St.,23.0,2011.0,2,6,9,84.0,Chad Johnson,WR,Oregon State,73.0,192.0,4.57,,33.0,108.0,7.51,4.14
2001,2,37,IND,False,DB,DB,D,Memphis,22.0,2007.0,0,0,4,18.0,Idrees Bashir,S,Memphis,74.0,206.0,4.56,22.0,40.0,126.0,7.14,4.2
2001,2,38,CHI,False,RB,RB,O,Michigan,23.0,2007.0,0,0,3,22.0,Anthony Thomas,RB,Michigan,74.0,229.0,4.58,20.0,32.5,115.0,7.48,4.44
2001,2,39,PIT,False,LB,LB,D,Georgia,23.0,2007.0,0,1,5,29.0,Kendrell Bell,ILB,Georgia,73.0,234.0,4.64,24.0,38.5,124.0,7.25,4.5
2001,2,40,SEA,False,DB,DB,D,Mississippi,22.0,2009.0,0,0,7,20.0,Ken Lucas,CB,Mississippi,72.0,200.0,4.45,,,,,
2001,2,41,GNB,False,WR,WR,O,Texas A&M,21.0,2008.0,0,0,3,15.0,Robert Ferguson,WR,Texas A&M,73.0,205.0,4.48,,36.5,120.0,7.24,4.07
2001,2,42,STL,False,LB,LB,D,Florida St.,23.0,2005.0,0,0,5,23.0,Tommy Polley,OLB,Florida State,76.0,234.0,4.55,,,,,
2001,2,43,JAX,False,T,OL,O,Michigan,22.0,2009.0,0,0,6,47.0,Maurice Williams,OT,Michigan,77.0,304.0,5.2,24.0,,,,
2001,2,44,CAR,False,DT,DL,D,Maryland,22.0,2010.0,2,4,6,54.0,Kris Jenkins,DT,Maryland,77.0,318.0,5.19,33.0,31.0,108.0,7.85,4.4
2001,2,45,WAS,False,DB,DB,D,Mississippi St.,22.0,2009.0,0,0,7,34.0,Fred Smoot,CB,Mississippi State,71.0,172.0,4.48,,,,,
2001,2,46,BUF,False,DE,DL,D,TCU,24.0,2009.0,0,2,8,62.0,Aaron Schobel,DE,TCU,76.0,263.0,4.75,,38.0,119.0,7.16,4.03
2001,2,47,SFO,False,LB,LB,D,Vanderbilt,22.0,2010.0,0,0,2,12.0,Jamie Winborn,ILB,Vanderbilt,71.0,229.0,4.63,,35.5,111.0,,
2001,2,48,NWE,False,T,OL,O,Purdue,23.0,2011.0,1,3,10,89.0,Matt Light,OT,Purdue,77.0,311.0,5.29,26.0,,,7.84,4.49
2001,2,49,NYJ,False,RB,RB,O,Maryland,22.0,2009.0,0,0,2,11.0,Lamont Jordan,RB,Maryland,70.0,234.0,4.57,24.0,,,,
2001,2,50,DET,False,C,OL,O,Nebraska,22.0,2014.0,0,0,13,64.0,Dominic Raiola,C,Nebraska,74.0,307.0,5.13,29.0,33.0,108.0,7.55,4.35
2001,2,51,DEN,False,DE,DL,D,Marshall,,,0,0,0,,Paul Toviessi,DE,Marshall,78.0,260.0,4.78,,33.5,120.0,7.06,4.32
2001,2,52,MIA,False,WR,WR,O,Wisconsin,23.0,2010.0,0,1,8,41.0,Chris Chambers,WR,Wisconsin,72.0,210.0,4.33,,45.0,134.0,,4.0
2001,2,53,DAL,False,QB,QB,O,Georgia,23.0,2004.0,0,0,2,15.0,Quincy Carter,QB,Georgia,74.0,225.0,4.58,,35.5,113.0,7.12,4.12
2001,2,54,ARI,False,DB,DB,D,Memphis,23.0,2006.0,0,0,0,2.0,Michael Stone,CB,Memphis,71.0,191.0,4.51,17.0,41.0,127.0,,
2001,2,55,PHI,False,LB,LB,D,Arkansas,23.0,2005.0,0,0,0,1.0,Quinton Caver,ILB,Arkansas,76.0,227.0,4.67,23.0,37.5,118.0,7.66,4.25
2001,2,56,DAL,False,DB,DB,D,Alabama,22.0,2004.0,0,0,0,9.0,Tony Dixon,S,Alabama,73.0,213.0,4.63,17.0,37.0,117.0,7.38,
2001,2,57,MIN,False,DE,DL,D,Stanford,23.0,2001.0,0,0,0,1.0,Willie Howard,DT,Stanford,75.0,295.0,4.94,23.0,,,,
2001,2,58,BUF,False,RB,RB,O,Tennessee,22.0,2007.0,0,1,4,27.0,Travis Henry,RB,Tennessee,69.0,223.0,4.61,23.0,,,,
2001,2,59,OAK,False,QB,QB,O,Washington,22.0,2008.0,0,0,0,1.0,Marques Tuiasosopo,QB,Washington,73.0,223.0,4.71,,35.5,115.0,7.36,4.35
2001,2,60,TEN,False,DB,DB,D,Utah,22.0,2007.0,0,0,5,21.0,Andre Dyson,CB,Utah,70.0,179.0,4.4,,,119.0,,
2001,2,61,DET,False,DT,DL,D,Texas,22.0,2013.0,0,3,8,40.0,Shaun Rogers,DT,Texas,76.0,320.0,5.28,,,,,
2001,2,62,BAL,False,DB,DB,D,Baylor,22.0,2006.0,0,0,3,16.0,Gary Baxter,CB,Baylor,74.0,204.0,4.53,,37.5,122.0,7.39,4.21
2001,2,63,PHI,False,DE,DL,D,Mississippi,23.0,2010.0,0,2,4,8.0,Derrick Burgess,DE,Mississippi,74.0,264.0,4.92,24.0,40.0,125.0,7.85,
2001,2,64,ARI,False,DB,DB,D,North Carolina St.,21.0,2012.0,1,5,11,68.0,,,,,,,,,,,
2001,3,65,CLE,False,RB,RB,O,Miami (FL),25.0,2005.0,0,0,1,9.0,James Jackson,RB,Miami (FL),70.0,210.0,4.55,,,,,
2001,3,66,CIN,False,TE,TE,O,San Jose St.,23.0,2003.0,0,0,0,0.0,Sean Brewer,TE,San Jose State,76.0,255.0,4.73,14.0,36.0,117.0,7.37,4.18
2001,3,67,SDG,False,DB,DB,D,Florida St.,23.0,2003.0,0,0,1,4.0,Tay Cody,CB,Florida State,69.0,181.0,4.55,11.0,,,,
2001,3,68,CHI,False,T,OL,O,Notre Dame,22.0,2009.0,0,0,7,8.0,Mike Gandy,OG,Notre Dame,76.0,305.0,5.2,,30.5,103.0,8.03,4.71
2001,3,69,MIN,False,DB,DB,D,Kentucky,24.0,2003.0,0,0,2,9.0,Eric Kelly,CB,Kentucky,70.0,199.0,4.46,15.0,36.0,120.0,7.24,4.18
2001,3,70,NOR,False,LB,LB,D,North Carolina,22.0,2005.0,0,0,3,17.0,Sedrick Hodge,OLB,North Carolina,76.0,244.0,4.49,21.0,32.0,120.0,,4.09
2001,3,71,GNB,False,DB,DB,D,Penn St.,22.0,2007.0,0,0,1,8.0,Bhawoh Jue,CB,Penn State,72.0,199.0,4.54,,34.5,113.0,7.21,4.27
2001,3,72,GNB,False,LB,LB,D,Oklahoma,24.0,2004.0,0,0,0,7.0,Torrance Marshall,ILB,Oklahoma,74.0,249.0,4.7,,,,,
2001,3,73,JAX,False,LB,LB,D,Tennessee,24.0,2004.0,0,0,0,4.0,Eric Westmoreland,OLB,Tennessee,72.0,236.0,4.63,21.0,36.5,115.0,7.47,4.21
2001,3,74,CAR,False,WR,WR,O,Utah,22.0,2016.0,2,5,14,92.0,Steve Smith,WR,Utah,69.0,184.0,4.41,,38.5,121.0,7.44,4.25
2001,3,75,KAN,False,DT,DL,D,Syracuse,22.0,2004.0,0,0,1,7.0,Eric Downing,DT,Syracuse,75.0,302.0,5.23,27.0,,,,
2001,3,76,BUF,False,DT,DL,D,Texas A&M,22.0,2012.0,0,0,6,10.0,Ron Edwards,DT,Texas A&M,75.0,293.0,4.86,,,,,
2001,3,77,KAN,False,WR,WR,O,Florida St.,24.0,2002.0,0,0,1,5.0,Snoop Minnis,WR,Florida State,73.0,171.0,4.57,,37.5,115.0,7.06,4.07
2001,3,78,NYG,False,DB,DB,D,Western Illinois,22.0,2010.0,0,0,3,16.0,,,,,,,,,,,
2001,3,79,NYJ,False,T,OL,O,Penn St.,22.0,2011.0,0,0,10,24.0,Kareem McKenzie,OT,Penn State,78.0,328.0,5.33,20.0,33.0,104.0,7.87,4.8
2001,3,80,SFO,False,RB,RB,O,Pittsburgh,22.0,2006.0,0,0,2,33.0,Kevan Barlow,RB,Pittsburgh,73.0,235.0,4.56,,,,,
2001,3,81,NOR,False,DT,DL,D,Alabama,23.0,2009.0,0,0,1,7.0,Kenny Smith,DT,Alabama,75.0,299.0,5.24,,30.0,100.0,8.0,4.8
2001,3,82,SEA,False,FB,RB,O,Auburn,22.0,2010.0,0,0,0,2.0,Heath Evans,FB,Auburn,72.0,246.0,4.56,30.0,34.5,111.0,7.3,4.24
2001,3,83,STL,False,LB,LB,D,Florida St.,23.0,2004.0,0,0,0,0.0,Brian Allen,OLB,Florida State,72.0,238.0,4.65,25.0,,,,
2001,3,84,TAM,False,DB,DB,D,Akron,23.0,2008.0,0,0,5,18.0,Dwight Smith,CB,Akron,70.0,212.0,4.51,15.0,33.5,114.0,,
2001,3,85,MIA,False,RB,RB,O,Florida St.,22.0,2008.0,0,0,0,10.0,Travis Minor,RB,Florida State,70.0,197.0,4.44,9.0,32.0,115.0,,
2001,3,86,NWE,False,DB,DB,D,Notre Dame,22.0,2004.0,0,0,0,,Brock Williams,CB,Notre Dame,70.0,183.0,4.46,11.0,42.5,130.0,6.7,4.21
2001,3,87,DEN,False,DE,DL,D,Iowa St.,22.0,2009.0,0,0,3,13.0,Reggie Hayward,DE,Iowa State,77.0,255.0,4.91,21.0,41.0,127.0,7.43,4.43
2001,3,88,MIA,False,LB,LB,D,Syracuse,23.0,2008.0,0,0,8,21.0,Morlon Greenwood,OLB,Syracuse,72.0,237.0,4.69,21.0,33.5,112.0,7.62,4.08
2001,3,89,OAK,False,DE,DL,D,Oregon St.,21.0,2005.0,0,0,2,12.0,DeLawrence Grant,DE,Oregon State,75.0,280.0,4.77,,,,,
2001,3,90,TEN,False,TE,TE,O,Kansas St.,23.0,2005.0,0,0,0,3.0,Shad Meier,TE,Kansas State,77.0,256.0,4.85,20.0,34.0,113.0,7.14,4.15
2001,3,91,IND,False,DB,DB,D,Virginia Tech,23.0,2004.0,0,0,0,6.0,Cory Bird,S,Virginia Tech,70.0,217.0,4.6,22.0,,,,
2001,3,92,BAL,False,C,OL,O,Wisconsin,23.0,2010.0,0,0,7,7.0,Casey Rabach,C,Wisconsin,76.0,298.0,5.23,19.0,,,,
2001,3,93,DAL,False,DT,DL,D,Mississippi St.,22.0,2004.0,0,0,1,7.0,Willie Blade,DT,Mississippi State,75.0,316.0,4.93,,,,,
2001,3,94,JAX,False,DB,DB,D,Penn St.,23.0,2002.0,0,0,0,2.0,James Boyd,S,Penn State,71.0,207.0,4.59,,32.5,117.0,7.29,4.24
2001,3,95,BUF,False,T,OL,O,Georgia,23.0,2008.0,0,0,5,21.0,Jonas Jennings,OT,Georgia,76.0,334.0,5.31,31.0,29.5,102.0,8.08,4.93
2001,3,96,NWE,False,T,OL,O,South Florida,22.0,2004.0,0,0,1,6.0,Kenyatta Jones,OT,South Florida,75.0,308.0,5.01,31.0,,,,
2001,4,97,CLE,False,DB,DB,D,South Florida,24.0,2009.0,0,0,5,19.0,Anthony Henry,CB,South Florida,73.0,198.0,4.6,15.0,41.0,126.0,6.9,4.2
2001,4,98,ARI,False,K,K,S,South Florida,23.0,2004.0,0,0,0,7.0,,,,,,,,,,,
2001,4,99,ATL,False,G,OL,O,Texas A&M-Kingsville,22.0,2014.0,0,0,11,11.0,Roberto Garza,C,Texas A&M-Kingsville,74.0,303.0,5.0,37.0,32.5,114.0,7.71,4.53
2001,4,100,CIN,False,RB,RB,O,Auburn,21.0,2008.0,0,1,5,45.0,Rudi Johnson,RB,Auburn,70.0,227.0,4.57,24.0,37.5,119.0,7.32,4.22
2001,4,101,NYJ,False,DB,DB,D,Georgia,22.0,2003.0,0,0,0,3.0,Jamie Henderson,CB,Georgia,73.0,202.0,4.48,10.0,40.5,125.0,6.9,4.12
2001,4,102,ATL,False,LB,LB,D,Vanderbilt,22.0,2006.0,0,0,4,19.0,,,,,,,,,,,
2001,4,103,CHI,False,LB,LB,D,Minnesota,23.0,2004.0,0,0,0,0.0,Karon Riley,DE,Minnesota,74.0,264.0,4.75,,,,,
2001,4,104,SEA,False,LB,LB,D,Fresno St.,23.0,2006.0,0,0,3,12.0,Orlando Huff,OLB,Fresno State,74.0,245.0,4.7,16.0,,,,
2001,4,105,GNB,False,G,OL,O,Wisconsin,22.0,2002.0,0,0,0,1.0,Bill Ferrario,OG,Wisconsin,74.0,314.0,5.3,17.0,,,,
2001,4,106,CAR,False,QB,QB,O,Florida St.,29.0,2007.0,0,0,1,9.0,Chris Weinke,QB,Florida State,76.0,226.0,5.2,,,,,
2001,4,107,KAN,False,LB,LB,D,Kansas St.,23.0,2009.0,0,0,0,5.0,Monty Beisel,DE,Kansas State,76.0,270.0,4.83,25.0,34.5,110.0,7.32,4.28
2001,4,108,KAN,False,RB,RB,O,TCU,22.0,2004.0,0,0,0,,George Layne,FB,TCU,71.0,242.0,4.59,,32.0,115.0,7.08,4.19
2001,4,109,WAS,False,QB,QB,O,Iowa St.,23.0,2010.0,0,0,0,,Sage Rosenfels,QB,Iowa State,76.0,228.0,4.74,,34.0,107.0,7.07,4.29
2001,4,110,BUF,False,LB,LB,D,North Carolina,23.0,2001.0,0,0,1,5.0,Brandon Spoon,ILB,North Carolina,74.0,245.0,4.75,33.0,35.5,110.0,7.3,4.15
2001,4,111,PIT,False,T,OL,O,Temple,23.0,2003.0,0,0,0,0.0,Mathias Nkwenti,OG,Temple,75.0,293.0,5.57,29.0,35.5,113.0,7.66,4.18
2001,4,112,SDG,False,LB,LB,D,Nebraska,24.0,2008.0,0,0,0,7.0,Carlos Polk,ILB,Nebraska,74.0,251.0,4.76,,,,,
2001,4,113,DEN,False,G,OL,O,Minnesota,24.0,2010.0,0,0,7,52.0,Ben Hamilton,C,Minnesota,77.0,303.0,5.26,17.0,33.5,106.0,7.62,4.62
2001,4,114,NYG,False,DE,DL,D,Southern Miss,23.0,2002.0,0,0,0,1.0,Cedric Scott,DE,Southern Miss,78.0,281.0,4.86,23.0,35.5,107.0,7.67,4.37
2001,4,115,NOR,False,FB,RB,O,Kansas,23.0,2011.0,0,0,4,0.0,Moran Norris,FB,Kansas,73.0,250.0,4.63,37.0,31.0,114.0,7.56,4.5
2001,4,116,STL,False,WR,WR,O,Washington St.,22.0,2002.0,0,0,0,,,,,,,,,,,,
2001,4,117,TAM,False,DB,DB,D,Colorado St.,23.0,2006.0,0,0,0,6.0,John Howell,S,Colorado State,72.0,204.0,4.64,14.0,37.0,121.0,6.87,4.12
2001,4,118,IND,False,T,OL,O,Northern Illinois,22.0,2011.0,0,0,10,72.0,Ryan Diem,OT,Northern Illinois,79.0,338.0,5.13,,34.0,102.0,7.5,4.46
2001,4,119,NWE,False,TE,TE,O,Notre Dame,22.0,2003.0,0,0,2,,Jabari Holloway,TE,Notre Dame,74.0,253.0,4.91,20.0,38.5,113.0,7.14,4.4
2001,4,120,DEN,False,P,P,S,California,23.0,2012.0,0,0,0,,Nick Harris,P,California,74.0,221.0,,,,,,
2001,4,121,PHI,False,RB,RB,O,Nebraska,22.0,2010.0,0,0,0,21.0,Correll Buckhalter,RB,Nebraska,72.0,226.0,4.53,11.0,40.0,123.0,7.08,4.06
2001,4,122,DAL,False,LB,LB,D,USC,22.0,2003.0,0,0,1,8.0,Markus Steele,OLB,USC,75.0,232.0,4.62,,33.0,119.0,7.15,4.5
2001,4,123,ARI,False,DT,DL,D,Memphis,22.0,2006.0,0,0,2,8.0,Marcus Bell,DT,Memphis,73.0,319.0,5.32,17.0,,98.0,8.07,4.71
2001,4,124,TEN,False,WR,WR,O,Northern Illinois,22.0,2008.0,0,0,5,16.0,Justin McCareins,WR,Northern Illinois,74.0,209.0,4.51,,41.0,129.0,7.06,3.99
2001,4,125,NYG,False,QB,QB,O,Florida,22.0,2003.0,0,0,0,1.0,Jesse Palmer,QB,Florida,74.0,231.0,4.78,,35.5,112.0,7.13,4.29
2001,4,126,BAL,False,LB,LB,D,Western Illinois,23.0,2006.0,0,0,3,24.0,,,,,,,,,,,
2001,4,127,SEA,False,DB,DB,D,TCU,23.0,2004.0,0,0,0,2.0,Curtis Fuller,S,TCU,70.0,186.0,4.45,18.0,36.0,114.0,7.2,4.21
2001,4,128,SEA,False,T,OL,O,Mississippi St.,22.0,2010.0,0,0,5,22.0,,,,,,,,,,,
2001,5,129,STL,False,TE,TE,O,Arizona,21.0,2010.0,0,0,7,6.0,Brandon Manumaleuna,TE,Arizona,74.0,275.0,4.99,,30.0,106.0,7.49,4.26
2001,5,130,MIN,False,DT,DL,D,TCU,25.0,2001.0,0,0,0,0.0,Shawn Worthen,DT,TCU,73.0,310.0,5.18,23.0,30.0,103.0,7.5,4.61
2001,5,131,MIN,False,WR,WR,O,TCU,22.0,2002.0,0,0,0,0.0,Cedric James,WR,TCU,74.0,204.0,4.49,,43.0,134.0,,
2001,5,132,SDG,False,T,OL,O,Washington,,,0,0,0,,Elliot Silvers,OT,Washington,79.0,348.0,5.43,19.0,31.5,99.0,7.81,4.66
2001,5,133,ARI,False,DT,DL,D,Kansas St.,22.0,2004.0,0,0,2,1.0,Mario Fatafehi,DT,Kansas State,74.0,295.0,5.29,,,,,
2001,5,134,CLE,False,LB,LB,D,Washington,,,0,0,0,,Jeremiah Pharms,OLB,Washington,72.0,257.0,4.91,,32.5,106.0,7.37,4.53
2001,5,135,CIN,False,G,OL,O,Arizona St.,23.0,2002.0,0,0,0,1.0,Victor Leyva,OG,Arizona State,75.0,313.0,5.33,37.0,30.0,105.0,8.0,4.73
2001,5,136,ATL,False,WR,WR,O,Purdue,23.0,2002.0,0,0,0,,Vinny Sutherland,WR,Purdue,69.0,192.0,4.48,,,,,
2001,5,137,DAL,False,C,OL,O,Virginia Tech,22.0,2008.0,0,0,3,9.0,Matt Lehr,OG,Virginia Tech,74.0,290.0,5.28,28.0,31.5,111.0,7.59,4.44
2001,5,138,CHI,False,T,OL,O,Tulane,22.0,2002.0,0,0,0,3.0,Bernard Robertson,OG,Tulane,75.0,308.0,5.24,19.0,30.0,106.0,8.06,4.58
2001,5,139,SDG,False,LB,LB,D,USC,22.0,2005.0,0,0,1,10.0,Zeke Moreno,ILB,USC,74.0,248.0,4.76,24.0,,,7.1,4.31
2001,5,140,SEA,False,WR,WR,O,Eastern Kentucky,22.0,2006.0,0,1,0,1.0,Alex Bannister,WR,East. Kentucky,77.0,201.0,4.47,,30.5,110.0,,
2001,5,141,KAN,False,TE,TE,O,Virginia,22.0,2004.0,0,0,0,0.0,Billy Baber,TE,Virginia,76.0,255.0,4.76,22.0,33.0,106.0,7.12,4.19
2001,5,142,JAX,False,P,P,S,Tennessee,,,0,0,0,,David Leaverton,P,Tennessee,75.0,211.0,,,,,,
2001,5,143,CAR,False,DB,DB,D,Kansas St.,23.0,2007.0,0,0,1,2.0,Jarrod Cooper,S,Kansas State,72.0,222.0,4.45,,41.5,130.0,6.87,3.9
2001,5,144,BUF,False,G,OL,O,Illinois,23.0,2003.0,0,0,1,11.0,Marques Sullivan,OT,Illinois,77.0,338.0,5.32,28.0,30.5,98.0,8.36,4.8
2001,5,145,STL,False,DB,DB,D,Kansas St.,22.0,2007.0,0,0,2,16.0,Jerametrius Butler,CB,Kansas State,70.0,173.0,4.57,11.0,36.0,121.0,7.22,4.4
2001,5,146,PIT,False,C,OL,O,Purdue,22.0,2007.0,0,0,0,7.0,Chukky Okobi,C,Purdue,73.0,316.0,5.27,24.0,32.5,103.0,7.87,4.61
2001,5,147,PHI,False,TE,TE,O,Penn St.,22.0,2009.0,0,0,1,0.0,Tony Stewart,TE,Penn State,77.0,256.0,4.96,,35.5,109.0,7.3,4.4
2001,5,148,DET,False,WR,WR,O,Grambling St.,21.0,2003.0,0,0,0,8.0,Scotty Anderson,WR,Grambling State,74.0,184.0,4.57,,34.5,115.0,,
2001,5,149,DET,False,QB,QB,O,Rutgers,22.0,2005.0,0,0,0,5.0,Mike McMahon,QB,Rutgers,74.0,207.0,4.57,,37.5,124.0,7.12,4.12
2001,5,150,KAN,False,RB,RB,O,S.F. Austin,22.0,2006.0,0,0,0,10.0,Derrick Blaylock,RB,Stephen F. Austin,70.0,194.0,4.36,18.0,35.5,119.0,7.05,4.09
2001,5,151,TAM,False,C,OL,O,Nebraska,23.0,2012.0,0,0,1,0.0,Russ Hochstein,OG,Nebraska,75.0,300.0,5.4,16.0,26.5,95.0,7.85,4.69
2001,5,152,IND,False,DB,DB,D,Southern Miss,22.0,2005.0,0,0,0,0.0,Raymond Walls,CB,Southern Miss,71.0,176.0,4.51,,39.0,124.0,,4.18
2001,5,153,NOR,False,WR,WR,O,UC Davis,,,0,0,0,,,,,,,,,,,,
2001,5,154,WAS,False,WR,WR,O,Delaware St.,24.0,2005.0,0,0,0,6.0,,,,,,,,,,,
2001,5,155,PHI,False,QB,QB,O,Oregon,24.0,2011.0,0,0,1,6.0,,,,,,,,,,,
2001,5,156,MIA,False,T,OL,O,Alabama,,,0,0,0,,Shawn Draper,OG,Alabama,75.0,303.0,5.3,17.0,32.0,106.0,8.1,4.77
2001,5,157,MIN,False,LB,LB,D,Wyoming,22.0,2007.0,0,0,0,3.0,Patrick Chukwurah,OLB,Wyoming,74.0,238.0,4.77,24.0,40.0,119.0,7.34,4.21
2001,5,158,OAK,False,DB,DB,D,Northern Arizona,22.0,2004.0,0,0,0,,,,,,,,,,,,
2001,5,159,TEN,False,WR,WR,O,Northern Iowa,23.0,2005.0,0,0,0,3.0,Eddie Berlin,WR,New Mexico,71.0,191.0,4.43,,39.5,122.0,6.78,4.08
2001,5,160,NYG,False,K,K,S,Vanderbilt,,,0,0,0,,,,,,,,,,,,
2001,6,161,BAL,False,RB,RB,O,New Mexico St.,,,0,0,0,,,,,,,,,,,,
2001,6,162,NYG,False,WR,WR,O,Troy,22.0,2004.0,0,0,0,0.0,,,,,,,,,,,
2001,6,163,NWE,False,LB,LB,D,Washington,21.0,2002.0,0,0,0,1.0,Hakim Akbar,S,Washington,72.0,210.0,4.55,,,,,
2001,6,164,MIA,False,T,OL,O,LSU,23.0,2004.0,0,0,0,,Brandon Winey,OT,LSU,78.0,301.0,5.3,,,,,
2001,6,165,CLE,False,DB,DB,D,Texas A&M,22.0,2004.0,0,0,0,4.0,Michael Jameson,S,Texas A&M,71.0,186.0,4.5,9.0,34.5,118.0,7.13,4.2
2001,6,166,ARI,False,WR,WR,O,Nebraska,,,0,0,0,,Bobby Newcombe,WR,Nebraska,70.0,195.0,4.53,,37.0,117.0,6.86,3.98
2001,6,167,ATL,False,DE,DL,D,Arkansas,,,0,0,0,,Randy Garner,DE,Arkansas,76.0,277.0,4.77,,,,,
2001,6,168,CIN,False,LB,LB,D,Stanford,23.0,2003.0,0,0,0,2.0,,,,,,,,,,,
2001,6,169,SFO,False,WR,WR,O,Tennessee,22.0,2007.0,0,0,2,11.0,Cedrick Wilson,WR,Tennessee,70.0,179.0,4.48,,38.0,123.0,,
2001,6,170,JAX,False,G,OL,O,Washington,,,0,0,0,,Chad Ward,OG,Washington,76.0,321.0,5.23,26.0,32.5,99.0,7.98,4.9
2001,6,171,DAL,False,DT,DL,D,Southern Miss,22.0,2004.0,0,0,0,2.0,Daleroy Stewart,DT,Southern Miss,75.0,309.0,4.9,,33.0,110.0,7.75,4.72
2001,6,172,SEA,False,QB,QB,O,LSU,,,0,0,0,,Josh Booty,QB,LSU,74.0,221.0,4.9,,29.5,105.0,7.54,4.48
2001,6,173,DET,False,LB,LB,D,Texas A&M,22.0,2006.0,0,0,0,,Jason Glenn,OLB,Texas A&M,73.0,236.0,4.94,14.0,36.0,115.0,7.16,4.31
2001,6,174,TAM,False,FB,RB,O,Illinois,22.0,2008.0,0,0,2,2.0,Jameel Cook,FB,Illinois,70.0,226.0,4.8,17.0,29.5,108.0,7.55,4.38
2001,6,175,CAR,False,RB,RB,O,Syracuse,23.0,2006.0,0,0,0,2.0,,,,,,,,,,,
2001,6,176,KAN,False,T,OL,O,Miami (OH),23.0,2004.0,0,0,0,,Alex Sulfsted,OG,Miami (OH),76.0,312.0,5.3,,30.5,96.0,,
2001,6,177,MIA,False,QB,QB,O,Oklahoma,,,0,0,0,,Josh Heupel,QB,Oklahoma,74.0,215.0,4.85,,37.5,114.0,7.18,4.15
2001,6,178,BUF,False,DB,DB,D,Notre Dame,24.0,2002.0,0,0,0,0.0,,,,,,,,,,,
2001,6,179,SFO,False,DB,DB,D,Louisville,23.0,2003.0,0,0,0,4.0,Rashad Holman,CB,Louisville,71.0,186.0,4.58,6.0,42.0,129.0,7.09,3.85
2001,6,180,NWE,False,TE,TE,O,South Carolina St.,,,0,0,0,,Arther Love,TE,South Carolina State,76.0,236.0,4.75,24.0,36.0,,,
2001,6,181,PIT,False,DE,DL,D,Ohio St.,21.0,2007.0,0,0,0,6.0,Rodney Bailey,DE,Ohio State,75.0,283.0,5.1,,,,,
2001,6,182,PIT,False,LB,LB,D,Wisconsin,22.0,2004.0,0,0,0,,,,,,,,,,,,
2001,6,183,TAM,False,DE,DL,D,Mississippi St.,22.0,2008.0,0,0,1,11.0,Ellis Wyms,DE,Mississippi State,75.0,285.0,4.97,,28.0,103.0,7.71,4.47
2001,6,184,OAK,False,DT,DL,D,Nebraska-Omaha,24.0,2007.0,0,0,1,10.0,Chris Cooper,DE,Nebraska-Omaha,77.0,272.0,4.95,24.0,35.5,114.0,7.12,4.21
2001,6,185,NOR,False,T,OL,O,Oregon St.,,,0,0,0,,,,,,,,,,,,
2001,6,186,WAS,False,DT,DL,D,Cincinnati,24.0,2004.0,0,0,0,,Mario Monds,DT,Cincinnati,75.0,342.0,5.04,,28.5,99.0,8.06,4.73
2001,6,187,MIA,False,DE,DL,D,Ala-Birmingham,23.0,2004.0,0,0,0,,,,,,,,,,,,
2001,6,188,MIA,False,LB,LB,D,Colorado St.,,,0,0,0,,Rick Crowell,OLB,Colorado State,75.0,242.0,5.03,19.0,31.5,109.0,7.54,4.35
2001,6,189,MIN,False,DB,DB,D,Kentucky St.,23.0,2003.0,0,0,0,0.0,Carey Scott,CB,Kentucky State,71.0,208.0,4.65,,30.0,113.0,7.52,4.18
2001,6,190,DEN,False,WR,WR,O,Iowa,23.0,2006.0,0,0,0,1.0,Kevin Kasper,WR,Iowa,72.0,199.0,4.42,,43.5,126.0,6.56,3.73
2001,6,191,SFO,False,DE,DL,D,Texas-El Paso,,,0,0,0,,Menson Holloway,DE,Texas-El Paso,74.0,284.0,4.9,19.0,34.5,111.0,7.54,4.43
2001,6,192,TEN,False,RB,RB,O,Nebraska,23.0,2003.0,0,0,0,0.0,,,,,,,,,,,
2001,7,193,IND,False,DB,DB,D,Wisconsin,23.0,2004.0,0,0,0,5.0,Jason Doering,S,Wisconsin,71.0,202.0,4.73,,,,7.07,4.12
2001,7,194,BAL,False,C,OL,O,New Mexico,22.0,2005.0,0,0,0,7.0,,,,,,,,,,,
2001,7,195,BUF,False,TE,TE,O,Notre Dame,24.0,2002.0,0,0,0,0.0,Dan O'Leary,TE,Notre Dame,76.0,252.0,5.02,16.0,32.0,113.0,7.4,4.31
2001,7,196,BUF,False,DB,DB,D,Vanderbilt,22.0,2006.0,0,0,0,,Jimmy Williams,CB,Vanderbilt,70.0,188.0,4.58,,36.0,120.0,7.12,
2001,7,197,STL,False,WR,WR,O,Northern Arizona,,,0,0,0,,,,,,,,,,,,
2001,7,198,GNB,False,TE,TE,O,Tennessee,22.0,2011.0,0,0,4,6.0,David Martin,WR,Tennessee,76.0,242.0,4.76,,,,,
2001,7,199,TEN,False,T,OL,O,Minnesota,24.0,2005.0,0,0,0,,Adam Haayer,OG,Minnesota,78.0,298.0,5.3,23.0,,,,
2001,7,200,NWE,False,DB,DB,D,Miami (FL),22.0,2003.0,0,0,0,1.0,Leonard Myers,CB,Miami (FL),70.0,190.0,4.65,13.0,37.0,120.0,7.21,4.16
2001,7,201,SDG,False,T,OL,O,Purdue,23.0,2009.0,0,0,2,,,,,,,,,,,,
2001,7,202,ARI,False,DB,DB,D,Michigan St.,22.0,2010.0,0,0,8,13.0,Renaldo Hill,CB,Michigan State,71.0,178.0,4.68,10.0,35.5,116.0,7.07,4.18
2001,7,203,CLE,False,G,OL,O,Boston Col.,22.0,2004.0,0,0,1,9.0,Paul Zukauskas,OG,Boston Col.,77.0,307.0,5.3,22.0,,,,
2001,7,204,CIN,False,WR,WR,O,Oregon St.,23.0,2011.0,0,1,6,48.0,,,,,,,,,,,
2001,7,205,TAM,False,TE,TE,O,North Carolina,,,0,0,0,,Dauntae' Finger,TE,North Carolina,76.0,262.0,5.09,15.0,33.5,103.0,7.95,4.59
2001,7,206,NYJ,False,DT,DL,D,Iowa St.,24.0,2007.0,0,0,2,12.0,,,,,,,,,,,
2001,7,207,DAL,False,DE,DL,D,Central Missouri St.,23.0,2002.0,0,0,0,0.0,,,,,,,,,,,
2001,7,208,CHI,False,WR,WR,O,Florida,,,0,0,0,,John Capel,WR,Florida,71.0,177.0,4.39,,36.5,126.0,,
2001,7,209,SFO,False,LB,LB,D,Auburn,,,0,0,0,,Alex Lincoln,ILB,Auburn,72.0,251.0,4.77,22.0,35.0,111.0,,
2001,7,210,SEA,False,DB,DB,D,Northwestern,23.0,2002.0,0,0,0,1.0,Harold Blackmon,CB,Northwestern,71.0,210.0,4.54,17.0,37.0,121.0,7.03,4.28
2001,7,211,CAR,False,C,OL,O,LSU,22.0,2002.0,0,0,0,0.0,Louis Williams,OG,LSU,76.0,299.0,5.48,25.0,28.5,103.0,7.86,4.67
2001,7,212,KAN,False,DB,DB,D,Boise St.,23.0,2004.0,0,0,1,8.0,Shaunard Harts,S,Boise State,72.0,200.0,4.56,12.0,34.5,119.0,7.14,
2001,7,213,JAX,False,LB,LB,D,Notre Dame,21.0,2002.0,0,0,0,,Anthony Denman,ILB,Notre Dame,73.0,239.0,4.76,,,,,
2001,7,214,BUF,False,WR,WR,O,Ohio St.,23.0,2001.0,0,0,0,2.0,Reggie Germany,WR,Ohio State,73.0,183.0,4.39,,,,,
2001,7,215,ATL,False,DB,DB,D,Appalachian St.,22.0,2001.0,0,0,0,0.0,Corey Hall,S,Appalachian State,75.0,198.0,4.5,14.0,36.5,127.0,,
2001,7,216,NWE,False,K,K,S,BYU,24.0,2003.0,0,0,0,,Owen Pochman,K,BYU,71.0,179.0,,,,,,
2001,7,217,NYJ,False,G,OL,O,Michigan St.,22.0,2004.0,0,0,0,,Tupe Peko,C,Michigan State,76.0,300.0,5.36,,28.0,92.0,8.1,4.56
2001,7,218,PIT,False,WR,WR,O,Texas A&M,22.0,,0,0,0,,Chris Taylor,WR,Texas A&M,71.0,183.0,4.4,,35.5,115.0,6.81,3.93
2001,7,219,ATL,False,G,OL,O,Hawaii,22.0,2009.0,0,0,5,37.0,Kynan Forney,OG,Hawaii,74.0,312.0,5.28,23.0,27.0,97.0,8.56,4.7
2001,7,220,IND,False,G,OL,O,Idaho,24.0,2007.0,0,0,3,26.0,Rick DeMulling,OG,Idaho,76.0,307.0,5.24,32.0,31.5,108.0,7.62,4.6
2001,7,221,NOR,False,DT,DL,D,USC,,,0,0,0,,Ennis Davis,DT,USC,76.0,302.0,5.1,23.0,27.5,99.0,7.98,4.87
2001,7,222,SEA,False,C,OL,O,Princeton,21.0,2009.0,0,0,1,0.0,Dennis Norman,OG,Princeton,76.0,305.0,5.16,25.0,35.0,107.0,8.08,4.72
2001,7,223,TAM,False,DB,DB,D,Yale,23.0,2001.0,0,0,0,,,,,,,,,,,,
2001,7,224,SFO,False,TE,TE,O,Yale,21.0,2007.0,0,0,5,17.0,Eric Johnson,S,Yale,72.0,215.0,4.6,12.0,38.0,121.0,6.96,4.17
2001,8,225,MIN,False,T,OL,O,Western Oregon,,,0,0,0,,,,,,,,,,,,
2001,8,226,ATL,False,DE,DL,D,Texas A&M,21.0,2004.0,0,0,0,0.0,,,,,,,,,,,
2001,8,227,CAR,False,TE,TE,O,Idaho,23.0,2002.0,0,0,0,,Mike Roberg,TE,Idaho,76.0,256.0,4.75,16.0,34.5,117.0,7.28,4.4
2001,8,228,OAK,False,DB,DB,D,Ohio St.,22.0,2003.0,0,0,0,0.0,Derek Combs,RB,Ohio State,72.0,193.0,4.42,8.0,35.0,120.0,6.96,4.07
2001,8,229,OAK,False,WR,WR,O,Ohio St.,22.0,2002.0,0,0,0,,Ken-Yon Rambo,WR,Ohio State,73.0,196.0,4.34,,,,,
2001,8,230,NYG,False,DT,DL,D,Wisconsin,23.0,2007.0,0,0,1,1.0,Ross Kolodziej,DE,Wisconsin,75.0,290.0,4.87,25.0,34.5,111.0,7.37,4.36
2001,8,231,BAL,False,DE,DL,D,Northwestern,22.0,2001.0,0,0,0,,Dwayne Missouri,DE,Northwestern,77.0,258.0,5.03,21.0,38.0,116.0,7.5,4.4
2001,8,232,TEN,False,LB,LB,D,Clemson,21.0,2007.0,0,0,1,,Keith Adams,OLB,Clemson,71.0,219.0,4.82,24.0,,104.0,,
2001,8,233,JAX,False,DB,DB,D,Kentucky,24.0,2008.0,0,0,7,13.0,Marlon McCree,S,Kentucky,71.0,197.0,4.62,10.0,38.0,117.0,7.36,4.1
2001,8,234,TAM,False,DE,DL,D,Arizona,23.0,2007.0,0,0,0,,Joe Tafoya,DE,Arizona,76.0,269.0,4.91,28.0,33.0,111.0,7.65,4.4
2001,8,235,JAX,False,WR,WR,O,Chattanooga,,,0,0,0,,,,,,,,,,,,
2001,8,236,ATL,False,WR,WR,O,Kentucky,23.0,2003.0,0,0,0,5.0,Quentin McCord,WR,Kentucky,70.0,191.0,4.48,,36.5,112.0,7.17,4.18
2001,8,237,SEA,False,DT,DL,D,Texas Tech,22.0,2001.0,0,0,0,,,,,,,,,,,,
2001,8,238,BUF,False,DT,DL,D,Hinds CC,22.0,2001.0,0,0,0,1.0,,,,,,,,,,,
2001,8,239,NWE,False,LB,LB,D,Michigan St.,22.0,2001.0,0,0,0,0.0,T.J. Turner,ILB,Michigan State,75.0,273.0,4.8,,,,,
2001,8,240,DAL,False,DT,DL,D,Southern Miss,24.0,2004.0,0,0,0,2.0,,,,,,,,,,,
2001,8,241,JAX,False,DT,DL,D,McGill,25.0,2001.0,0,0,0,,,,,,,,,,,,
2001,8,242,DAL,False,T,OL,O,Florida St.,23.0,2002.0,0,0,0,1.0,Char-Ron Dorsey,OT,Florida State,78.0,348.0,5.99,16.0,,,,
2001,8,243,KAN,False,DT,DL,D,Chattanooga,21.0,2009.0,0,0,1,,,,,,,,,,,,
2001,8,244,SDG,False,DB,DB,D,Clemson,22.0,2002.0,0,0,0,1.0,Robert Carswell,S,Clemson,72.0,214.0,4.59,21.0,34.0,106.0,7.14,4.18
2001,8,245,CLE,False,WR,WR,O,Miami (FL),27.0,2004.0,0,0,0,2.0,Andre King,WR,Miami (FL),72.0,199.0,4.61,,,,,
2001,8,246,ARI,False,TE,TE,O,BYU,,,0,0,0,,,,,,,,,,,,
2002,1,1,HOU,False,QB,QB,O,Fresno St.,23.0,2012.0,0,0,5,42.0,David Carr,QB,Fresno State,75.0,223.0,4.67,,35.0,108.0,7.05,4.28
2002,1,2,CAR,True,DE,DL,D,North Carolina,22.0,2018.0,3,9,16,75.0,Julius Peppers,DE,North Carolina,78.0,283.0,4.74,,,,,
2002,1,3,DET,False,QB,QB,O,Oregon,23.0,2007.0,0,0,6,23.0,Joey Harrington,QB,Oregon,76.0,215.0,4.89,,32.0,112.0,7.0,4.21
2002,1,4,BUF,False,T,OL,O,Texas,22.0,2009.0,0,0,4,21.0,Mike Williams,OT,Texas,78.0,375.0,5.3,29.0,30.0,102.0,,
2002,1,5,SDG,False,DB,DB,D,Texas,23.0,2013.0,0,0,10,51.0,Quentin Jammer,CB,Texas,72.0,204.0,4.49,18.0,36.0,124.0,,
2002,1,6,KAN,False,DT,DL,D,North Carolina,22.0,2010.0,0,0,3,14.0,Ryan Sims,DT,North Carolina,76.0,311.0,5.09,27.0,,,,
2002,1,7,MIN,False,T,OL,O,Miami (FL),22.0,2013.0,0,1,11,52.0,Bryant McKinnie,OT,Miami (FL),80.0,343.0,5.13,,,,,
2002,1,8,DAL,False,DB,DB,D,Oklahoma,22.0,2010.0,1,5,7,54.0,Roy Williams,S,Oklahoma,72.0,219.0,4.53,13.0,30.5,115.0,,
2002,1,9,JAX,False,DT,DL,D,Tennessee,23.0,2011.0,0,2,8,62.0,John Henderson,DT,Tennessee,79.0,308.0,4.87,24.0,27.5,110.0,7.71,4.66
2002,1,10,CIN,False,T,OL,O,Arizona St.,23.0,2009.0,0,0,7,39.0,Levi Jones,OT,Arizona State,77.0,304.0,5.21,,,103.0,,
2002,1,11,IND,True,DE,DL,D,Syracuse,22.0,2017.0,3,7,11,77.0,Dwight Freeney,DE,Syracuse,73.0,266.0,4.48,28.0,,,,
2002,1,12,ARI,False,DT,DL,D,Wisconsin,21.0,2004.0,0,0,0,4.0,Wendell Bryant,DT,Wisconsin,76.0,308.0,4.91,,,,,
2002,1,13,NOR,False,WR,WR,O,Tennessee,21.0,2012.0,0,0,4,22.0,Donte' Stallworth,WR,Tennessee,72.0,197.0,4.22,,,,,
2002,1,14,NYG,False,TE,TE,O,Miami (FL),22.0,2011.0,1,4,10,35.0,Jeremy Shockey,TE,Miami (FL),77.0,255.0,4.64,,,,,
2002,1,15,TEN,False,DT,DL,D,Tennessee,21.0,2011.0,2,2,7,48.0,Albert Haynesworth,DT,Tennessee,78.0,320.0,5.09,,,,,
2002,1,16,CLE,False,RB,RB,O,Boston Col.,22.0,2005.0,0,0,3,14.0,William Green,RB,Boston Col.,72.0,221.0,4.6,27.0,42.0,121.0,,
2002,1,17,OAK,False,DB,DB,D,Miami (FL),21.0,2011.0,0,0,5,15.0,Phillip Buchanon,CB,Miami (FL),70.0,186.0,4.31,,,,,
2002,1,18,ATL,False,RB,RB,O,Michigan St.,21.0,2008.0,0,0,1,18.0,T.J. Duckett,RB,Michigan State,72.0,254.0,4.45,,,,,
2002,1,19,DEN,False,WR,WR,O,Hawaii,22.0,2008.0,0,0,4,30.0,Ashley Lelie,WR,Hawaii,75.0,197.0,4.49,,,,,
2002,1,20,GNB,False,WR,WR,O,Florida St.,23.0,2009.0,0,1,3,25.0,Javon Walker,WR,Florida State,75.0,210.0,4.38,,39.5,128.0,6.86,4.05
2002,1,21,NWE,False,TE,TE,O,Colorado,23.0,2012.0,0,0,7,13.0,Daniel Graham,TE,Colorado,75.0,248.0,4.64,,36.0,118.0,,
2002,1,22,NYJ,False,DE,DL,D,Ala-Birmingham,23.0,2012.0,0,0,7,49.0,Bryan Thomas,DE,Ala-Birmingham,76.0,266.0,4.47,33.0,34.5,,,
2002,1,23,OAK,False,LB,LB,D,Northwestern,23.0,2008.0,0,0,6,14.0,Napoleon Harris,OLB,Northwestern,75.0,253.0,4.55,27.0,34.0,115.0,7.15,4.44
2002,1,24,BAL,True,DB,DB,D,Miami (FL),23.0,2013.0,5,9,11,100.0,Ed Reed,S,Miami (FL),71.0,201.0,4.57,,,,,
2002,1,25,NOR,False,DE,DL,D,Georgia,24.0,2009.0,0,0,7,46.0,Charles Grant,DE,Georgia,75.0,282.0,4.69,24.0,31.0,118.0,7.69,4.39
2002,1,26,PHI,False,DB,DB,D,Florida,21.0,2011.0,1,2,7,42.0,Lito Sheppard,CB,Florida,70.0,194.0,4.47,11.0,37.5,120.0,,
2002,1,27,SFO,False,DB,DB,D,Miami (FL),22.0,2006.0,0,0,1,8.0,Mike Rumph,CB,Miami (FL),74.0,205.0,4.47,,,,,
2002,1,28,SEA,False,TE,TE,O,Washington,22.0,2010.0,0,0,2,13.0,Jerramy Stevens,TE,Washington,79.0,265.0,4.77,,,,,
2002,1,29,CHI,False,T,OL,O,Boston Col.,23.0,2011.0,0,0,6,2.0,Marc Colombo,OT,Boston Col.,80.0,313.0,5.27,30.0,29.5,101.0,7.65,4.6
2002,1,30,PIT,False,G,OL,O,Auburn,23.0,2009.0,0,0,5,34.0,Kendall Simmons,OG,Auburn,75.0,311.0,5.3,24.0,28.5,98.0,7.84,4.71
2002,1,31,STL,False,LB,LB,D,UCLA,22.0,2008.0,0,0,5,13.0,Robert Thomas,OLB,UCLA,72.0,229.0,4.51,21.0,34.0,116.0,7.21,4.1
2002,1,32,WAS,False,QB,QB,O,Tulane,23.0,2008.0,0,0,1,13.0,Patrick Ramsey,QB,Tulane,74.0,219.0,5.24,,33.5,112.0,7.12,4.09
2002,2,33,HOU,False,WR,WR,O,Florida,21.0,2012.0,0,0,6,14.0,Jabar Gaffney,WR,Florida,73.0,193.0,4.56,,,,6.87,4.06
2002,2,34,CAR,False,RB,RB,O,UCLA,22.0,2008.0,0,0,3,30.0,DeShaun Foster,RB,UCLA,73.0,222.0,4.57,20.0,35.5,119.0,6.82,4.16
2002,2,35,DET,False,DE,DL,D,South Carolina,22.0,2008.0,0,0,2,15.0,Kalimba Edwards,DE,South Carolina,77.0,265.0,4.75,,,,,
2002,2,36,BUF,False,WR,WR,O,LSU,22.0,2009.0,0,0,3,27.0,Josh Reed,WR,LSU,70.0,210.0,4.54,,,,,
2002,2,37,DAL,False,G,OL,O,Colorado,24.0,2013.0,0,5,8,62.0,Andre Gurode,OG,Colorado,76.0,316.0,5.34,,30.5,100.0,8.15,5.05
2002,2,38,MIN,False,LB,LB,D,Washington St.,23.0,2007.0,0,0,0,5.0,Raonall Smith,OLB,Washington State,74.0,244.0,4.53,26.0,42.0,125.0,7.1,4.11
2002,2,39,SDG,False,G,OL,O,Nebraska,20.0,2006.0,0,0,2,17.0,Toniu Fonoti,OG,Nebraska,76.0,349.0,5.49,32.0,28.5,97.0,8.12,4.81
2002,2,40,JAX,False,T,OL,O,Florida,22.0,2005.0,0,0,2,17.0,,,,,,,,,,,
2002,2,41,CIN,False,DB,DB,D,Washington St.,24.0,2007.0,0,0,3,1.0,Lamont Thompson,S,Washington State,73.0,220.0,4.59,12.0,33.5,120.0,,
2002,2,42,IND,False,DT,DL,D,Washington,23.0,2007.0,0,0,4,14.0,Larry Tripplett,DT,Washington,74.0,305.0,4.93,,30.0,102.0,,4.36
2002,2,43,KAN,False,DE,DL,D,Ala-Birmingham,24.0,2003.0,0,0,0,1.0,Eddie Freeman,DT,Ala-Birmingham,77.0,310.0,4.91,32.0,34.5,111.0,7.85,4.81
2002,2,44,NOR,False,G,OL,O,Ohio St.,22.0,2005.0,0,2,4,29.0,LeCharles Bentley,C,Ohio State,74.0,299.0,5.19,,25.5,103.0,7.85,4.54
2002,2,45,TEN,False,DB,DB,D,Stanford,22.0,2007.0,0,0,4,19.0,Tank Williams,S,Stanford,74.0,222.0,4.46,19.0,38.5,125.0,6.78,3.93
2002,2,46,NYG,False,WR,WR,O,Auburn,22.0,2009.0,0,0,0,9.0,Tim Carter,WR,Auburn,72.0,190.0,4.32,,39.0,126.0,6.68,3.93
2002,2,47,CLE,False,WR,WR,O,Virginia Tech,23.0,2009.0,0,0,1,12.0,Andre' Davis,WR,Virginia Tech,73.0,194.0,4.42,,39.5,123.0,6.77,4.1
2002,2,48,SDG,False,WR,WR,O,Florida,23.0,2007.0,0,0,1,11.0,Reche Caldwell,WR,Florida,72.0,194.0,4.53,,41.5,130.0,7.0,4.1
2002,2,49,ARI,False,LB,LB,D,North Carolina St.,23.0,2003.0,0,0,1,6.0,Levar Fisher,OLB,North Carolina State,73.0,233.0,4.67,,31.0,110.0,7.3,
2002,2,50,HOU,False,T,OL,O,San Diego St.,23.0,2010.0,0,0,7,42.0,Chester Pitts,OT,San Diego State,76.0,320.0,5.22,,30.0,106.0,7.84,4.81
2002,2,51,DEN,False,RB,RB,O,Miami (FL),21.0,2010.0,0,2,7,30.0,Clinton Portis,RB,Miami (FL),71.0,204.0,4.42,,,,,
2002,2,52,BAL,False,DE,DL,D,Notre Dame,22.0,2008.0,0,0,6,28.0,Anthony Weaver,DT,Notre Dame,75.0,296.0,4.95,24.0,32.5,109.0,7.37,4.31
2002,2,53,OAK,False,T,OL,O,California,23.0,2010.0,0,0,4,19.0,Langston Walker,OT,California,80.0,344.0,5.26,21.0,28.5,102.0,8.09,4.95
2002,2,54,SEA,False,RB,RB,O,Oregon,22.0,2011.0,0,0,1,18.0,Maurice Morris,RB,Oregon,71.0,208.0,4.53,23.0,38.5,119.0,,
2002,2,55,OAK,False,TE,TE,O,BYU,23.0,2006.0,0,0,2,9.0,Doug Jolley,TE,BYU,76.0,251.0,4.6,18.0,38.0,117.0,6.9,4.18
2002,2,56,WAS,False,RB,RB,O,Iowa,23.0,2010.0,0,0,1,30.0,Ladell Betts,RB,Iowa,70.0,220.0,4.62,23.0,38.0,116.0,7.06,4.06
2002,2,57,NYJ,False,DB,DB,D,Kansas St.,23.0,2011.0,0,0,2,4.0,Jon McGraw,S,Kansas State,75.0,208.0,4.5,13.0,39.5,126.0,6.51,3.92
2002,2,58,PHI,False,DB,DB,D,Colorado,22.0,2010.0,0,1,6,27.0,Michael Lewis,S,Colorado,73.0,211.0,4.6,16.0,36.5,122.0,6.96,4.14
2002,2,59,PHI,False,DB,DB,D,South Carolina,23.0,2012.0,0,0,9,39.0,Sheldon Brown,CB,South Carolina,70.0,196.0,4.47,15.0,36.5,120.0,7.0,4.24
2002,2,60,SEA,False,DE,DL,D,UNLV,24.0,2005.0,0,0,0,2.0,Anton Palepoi,DE,UNLV,75.0,279.0,4.81,24.0,33.5,114.0,7.46,4.27
2002,2,61,BUF,False,DE,DL,D,BYU,25.0,2010.0,0,0,2,23.0,Ryan Denney,DE,BYU,79.0,276.0,4.86,36.0,33.0,107.0,7.18,4.25
2002,2,62,PIT,False,WR,WR,O,Indiana,23.0,2010.0,0,0,4,28.0,Antwaan Randle El,WR,Indiana,70.0,191.0,4.49,,,,,
2002,2,63,DAL,False,WR,WR,O,Pittsburgh,21.0,2009.0,0,0,6,8.0,Antonio Bryant,WR,Pittsburgh,73.0,188.0,4.57,,37.0,121.0,,
2002,2,64,STL,False,DB,DB,D,Central Florida,22.0,2009.0,0,0,6,19.0,,,,,,,,,,,
2002,3,65,NWE,False,WR,WR,O,Louisville,23.0,2012.0,0,0,7,39.0,Deion Branch,WR,Louisville,69.0,191.0,4.47,,36.0,117.0,6.71,3.78
2002,3,66,HOU,False,G,OL,O,Tennessee,24.0,2007.0,0,0,3,18.0,Fred Weary,C,Tennessee,76.0,308.0,5.37,34.0,32.0,104.0,7.68,4.63
2002,3,67,CIN,False,TE,TE,O,TCU,23.0,2008.0,0,0,1,8.0,Matt Schobel,TE,TCU,77.0,263.0,,,34.5,,,
2002,3,68,DET,False,DB,DB,D,South Carolina,24.0,2011.0,0,0,5,7.0,,,,,,,,,,,
2002,3,69,SFO,False,LB,LB,D,Alabama,21.0,2005.0,0,0,0,5.0,Saleem Rasheed,ILB,Alabama,75.0,229.0,4.66,26.0,,,,
2002,3,70,MIN,False,DB,DB,D,South Carolina,23.0,2005.0,0,0,0,5.0,Willie Offord,S,South Carolina,74.0,215.0,4.61,22.0,35.0,117.0,,
2002,3,71,SDG,False,LB,LB,D,Kansas St.,23.0,2011.0,0,0,8,17.0,Ben Leber,OLB,Kansas State,75.0,244.0,4.62,20.0,32.5,114.0,6.75,4.25
2002,3,72,CHI,False,DB,DB,D,Tuskegee,23.0,2003.0,0,0,0,2.0,,,,,,,,,,,
2002,3,73,CAR,False,LB,LB,D,Georgia,22.0,2013.0,0,0,8,26.0,Will Witherspoon,OLB,Georgia,73.0,231.0,4.68,25.0,38.0,122.0,7.09,4.21
2002,3,74,IND,False,DB,DB,D,Western Kentucky,22.0,2005.0,0,0,0,3.0,,,,,,,,,,,
2002,3,75,DAL,False,DB,DB,D,Ohio St.,22.0,2004.0,0,0,1,6.0,Derek Ross,CB,Ohio State,71.0,197.0,4.56,17.0,,118.0,,
2002,3,76,CLE,False,C,OL,O,Maryland,23.0,2008.0,0,0,4,6.0,Melvin Fowler,C,Maryland,75.0,300.0,5.46,32.0,27.0,99.0,7.51,4.6
2002,3,77,TEN,False,LB,LB,D,Oklahoma,23.0,2004.0,0,0,1,8.0,Rocky Calmus,OLB,Oklahoma,75.0,243.0,4.69,16.0,,,,
2002,3,78,NYG,False,T,OL,O,Pennsylvania,22.0,2003.0,0,0,0,2.0,,,,,,,,,,,
2002,3,79,WAS,False,DB,DB,D,Oregon,23.0,2005.0,0,0,0,2.0,Rashad Bauman,CB,Oregon,68.0,186.0,4.44,10.0,39.0,118.0,,
2002,3,80,ATL,False,LB,LB,D,Tennessee,22.0,2003.0,0,0,0,1.0,Will Overstreet,DE,Tennessee,75.0,259.0,4.65,21.0,32.5,116.0,7.37,4.31
2002,3,81,ARI,False,QB,QB,O,Sam Houston St.,23.0,2019.0,0,0,5,13.0,Josh McCown,QB,SMU,76.0,221.0,4.59,,38.5,120.0,6.85,3.9
2002,3,82,NOR,False,LB,LB,D,Oregon St.,22.0,2005.0,0,0,1,9.0,James Allen,OLB,Oregon State,75.0,240.0,4.62,24.0,38.0,126.0,7.59,4.21
2002,3,83,HOU,False,DT,DL,D,Maryland,21.0,2002.0,0,0,0,1.0,Charles Hill,DT,Maryland,74.0,293.0,5.06,23.0,33.5,113.0,7.37,4.36
2002,3,84,STL,False,RB,RB,O,North Dakota St.,22.0,2006.0,0,0,0,6.0,Lamar Gordon,RB,North Dakota State,73.0,214.0,4.55,16.0,34.0,119.0,,
2002,3,85,SEA,False,DB,DB,D,USC,23.0,2005.0,0,0,0,2.0,Kris Richard,CB,USC,71.0,186.0,4.47,10.0,39.5,120.0,,4.15
2002,3,86,TAM,False,WR,WR,O,Michigan,,,0,0,0,,,,,,,,,,,,
2002,3,87,WAS,False,WR,WR,O,Utah,23.0,2008.0,0,0,0,0.0,Cliff Russell,WR,Utah,71.0,185.0,4.36,,,,,
2002,3,88,NYJ,False,TE,TE,O,Michigan St.,22.0,2010.0,0,0,5,12.0,Chris Baker,TE,Michigan State,75.0,258.0,4.81,18.0,35.0,112.0,6.95,
2002,3,89,JAX,False,LB,LB,D,Purdue,22.0,2010.0,0,0,8,25.0,Akin Ayodele,OLB,Purdue,74.0,257.0,4.81,26.0,35.0,121.0,7.0,4.12
2002,3,90,MIA,False,C,OL,O,Texas A&M,23.0,2009.0,0,0,3,15.0,Seth McKinney,C,Texas A&M,75.0,300.0,4.97,23.0,33.5,105.0,7.36,4.51
2002,3,91,PHI,False,RB,RB,O,Villanova,23.0,2010.0,1,2,7,68.0,Brian Westbrook,RB,Villanova,68.0,200.0,4.57,26.0,37.0,118.0,7.09,
2002,3,92,GNB,False,DB,DB,D,UCLA,23.0,2005.0,0,0,2,11.0,Marques Anderson,S,UCLA,71.0,213.0,4.5,18.0,39.5,127.0,,
2002,3,93,CHI,False,G,OL,O,Mississippi,24.0,2008.0,0,0,1,11.0,Terrence Metcalf,OT,Mississippi,75.0,318.0,5.31,28.0,,,,
2002,3,94,PIT,False,DB,DB,D,Florida St.,21.0,2012.0,0,1,7,15.0,Chris Hope,S,Florida State,72.0,210.0,4.58,28.0,,113.0,,
2002,3,95,STL,False,WR,WR,O,Nebraska,,,0,0,0,,Eric Crouch,RB,Nebraska,72.0,195.0,4.47,,38.0,112.0,6.87,4.02
2002,3,96,DEN,False,DE,DL,D,Mississippi St.,23.0,2003.0,0,0,0,1.0,Dorsett Davis,DT,Mississippi State,77.0,304.0,5.0,30.0,31.0,109.0,7.83,4.67
2002,4,97,BUF,False,DB,DB,D,Stanford,23.0,2010.0,0,0,1,11.0,Coy Wire,S,Stanford,72.0,209.0,4.56,28.0,38.5,120.0,6.62,3.87
2002,4,98,ARI,False,DE,DL,D,Kentucky,22.0,2004.0,0,0,1,5.0,Dennis Johnson,DE,Kentucky,77.0,258.0,4.82,17.0,35.5,119.0,7.21,4.36
2002,4,99,HOU,False,RB,RB,O,Ohio St.,23.0,2005.0,0,0,1,11.0,Jonathan Wells,RB,Ohio State,73.0,243.0,4.52,,,,,
2002,4,100,CAR,False,DB,DB,D,Ark-Pine Bluff,23.0,2010.0,0,0,0,9.0,Dante Wesley,CB,Ark-Pine Bluff,73.0,211.0,4.43,15.0,35.0,116.0,7.25,4.22
2002,4,101,CLE,False,LB,LB,D,Northwestern,22.0,2011.0,0,0,2,11.0,Kevin Bentley,OLB,Northwestern,72.0,243.0,4.68,23.0,39.0,120.0,6.71,3.83
2002,4,102,SFO,False,K,K,S,Florida,23.0,2004.0,0,0,0,1.0,Jeff Chandler,K,Florida,74.0,218.0,5.0,,,,,
2002,4,103,SDG,False,TE,TE,O,Oregon,23.0,2011.0,0,0,4,2.0,Justin Peelle,TE,Oregon,76.0,255.0,4.75,21.0,29.0,110.0,7.34,4.29
2002,4,104,CHI,False,DE,DL,D,Florida,23.0,2010.0,0,0,8,54.0,Alex Brown,DE,Florida,75.0,260.0,4.74,,,,,
2002,4,105,MIN,False,DB,DB,D,North Carolina St.,23.0,2011.0,0,0,7,15.0,,,,,,,,,,,
2002,4,106,IND,False,LB,LB,D,North Carolina,23.0,2009.0,0,0,7,19.0,David Thornton,OLB,North Carolina,74.0,236.0,4.62,26.0,35.5,117.0,6.93,4.09
2002,4,107,KAN,False,FB,RB,O,Penn St.,24.0,2005.0,0,0,0,0.0,Omar Easy,FB,Penn State,73.0,244.0,4.53,21.0,40.0,123.0,7.25,4.12
2002,4,108,JAX,False,QB,QB,O,East Carolina,24.0,2010.0,0,1,5,62.0,David Garrard,QB,East Carolina,74.0,235.0,4.82,,33.5,111.0,7.35,4.26
2002,4,109,CIN,False,P,P,S,Purdue,22.0,2002.0,0,0,0,0.0,Travis Dorsch,P,Purdue,78.0,221.0,4.89,,,,,
2002,4,110,TEN,False,DB,DB,D,Wisconsin,23.0,2003.0,0,0,0,0.0,Mike Echols,CB,Wisconsin,69.0,190.0,4.35,,,,,
2002,4,111,CLE,False,LB,LB,D,Virginia Tech,24.0,2006.0,0,0,2,13.0,Ben Taylor,ILB,Virginia Tech,74.0,236.0,4.83,19.0,35.5,120.0,6.56,4.09
2002,4,112,BAL,False,P,P,S,Ohio,23.0,2014.0,0,0,0,5.0,Dave Zastudil,P,Ohio,75.0,222.0,5.26,,,,,
2002,4,113,ARI,False,DT,DL,D,Kansas,,,0,0,0,,Nate Dwyer,DT,Kansas,75.0,313.0,5.1,27.0,31.0,103.0,7.57,4.41
2002,4,114,MIA,False,TE,TE,O,Georgia,23.0,2012.0,0,0,10,25.0,Randy McMichael,TE,Georgia,75.0,247.0,4.88,18.0,29.5,112.0,7.58,4.28
2002,4,115,TEN,False,DB,DB,D,Wisconsin–Stout,23.0,2007.0,0,0,0,5.0,,,,,,,,,,,
2002,4,116,ATL,False,G,OL,O,Miami (FL),22.0,2004.0,0,0,0,3.0,Martin Bibla,OG,Miami (FL),75.0,306.0,5.08,35.0,,,,
2002,4,117,NWE,False,QB,QB,O,LSU,24.0,2004.0,0,0,0,0.0,Rohan Davey,QB,LSU,74.0,245.0,4.74,,,,,
2002,4,118,JAX,False,TE,TE,O,Virginia,23.0,2003.0,0,0,0,0.0,Chris Luzar,TE,Virginia,79.0,270.0,4.76,22.0,32.5,115.0,6.84,4.17
2002,4,119,TAM,False,RB,RB,O,Tennessee,24.0,2002.0,0,0,0,0.0,Travis Stephens,RB,Tennessee,68.0,194.0,4.6,15.0,32.0,121.0,,
2002,4,120,SEA,False,DB,DB,D,Georgia,21.0,2004.0,0,0,1,6.0,Terreal Bierria,S,Georgia,75.0,216.0,4.61,18.0,36.0,130.0,6.93,4.1
2002,4,121,NYJ,False,DT,DL,D,Fresno St.,23.0,2004.0,0,0,0,1.0,Alan Harper,DT,Fresno State,74.0,295.0,5.27,,30.5,104.0,,4.64
2002,4,122,CLE,False,TE,TE,O,Ohio St.,23.0,2004.0,0,0,1,1.0,,,,,,,,,,,
2002,4,123,BAL,False,WR,WR,O,Minnesota,22.0,2003.0,0,0,0,1.0,Ron Johnson,WR,Minnesota,74.0,225.0,4.7,,34.5,118.0,7.12,4.02
2002,4,124,PHI,False,C,OL,O,Arizona St.,23.0,2003.0,0,0,0,,Scott Peters,C,Arizona State,75.0,300.0,5.07,36.0,33.5,97.0,7.68,4.69
2002,4,125,NOR,False,DB,DB,D,Nebraska,22.0,2003.0,0,0,0,2.0,Keyuo Craver,CB,Nebraska,71.0,201.0,4.62,13.0,31.0,123.0,,
2002,4,126,NWE,False,DE,DL,D,LSU,23.0,2009.0,0,0,2,28.0,Jarvis Green,DE,LSU,75.0,272.0,4.87,,31.0,109.0,7.52,4.25
2002,4,127,SFO,False,DB,DB,D,Texas Tech,,,0,0,0,,Kevin Curtis,S,Texas Tech,74.0,212.0,4.53,24.0,37.5,124.0,6.75,3.88
2002,4,128,PIT,False,LB,LB,D,Michigan,22.0,2014.0,0,0,8,51.0,Larry Foote,OLB,Michigan,73.0,231.0,4.83,24.0,30.0,,7.18,4.41
2002,5,129,DAL,False,FB,RB,O,Ohio St.,22.0,2006.0,0,0,0,0.0,Jamar Martin,FB,Ohio State,71.0,245.0,4.89,23.0,32.0,108.0,7.53,4.34
2002,5,130,STL,False,G,OL,O,Arizona St.,,,0,0,0,,,,,,,,,,,,
2002,5,131,DEN,False,DB,DB,D,UNLV,23.0,2006.0,0,0,0,9.0,Sam Brandon,S,UNLV,74.0,199.0,4.66,,36.5,127.0,,
2002,5,132,MIN,False,G,OL,O,Utah,,,0,0,0,,,,,,,,,,,,
2002,5,133,TEN,False,LB,LB,D,Notre Dame,22.0,2009.0,0,0,2,7.0,Rocky Boiman,OLB,Notre Dame,76.0,242.0,4.6,17.0,35.0,122.0,6.86,4.05
2002,5,134,DET,False,LB,LB,D,Montana St.,,,0,0,0,,,,,,,,,,,,
2002,5,135,GNB,False,RB,RB,O,Miami (FL),23.0,2008.0,0,0,0,9.0,Najeh Davenport,FB,Miami (FL),73.0,248.0,4.57,,,,,
2002,5,136,HOU,False,FB,RB,O,New Mexico,23.0,2005.0,0,0,1,0.0,Jarrod Baxter,FB,New Mexico,73.0,245.0,4.7,23.0,32.5,116.0,7.1,4.27
2002,5,137,CAR,False,QB,QB,O,Stanford,23.0,2002.0,0,0,0,1.0,Randy Fasani,QB,Stanford,75.0,224.0,4.77,,31.5,106.0,6.75,3.87
2002,5,138,DET,False,TE,TE,O,Notre Dame,22.0,2009.0,0,0,1,0.0,John Owens,TE,Notre Dame,75.0,265.0,4.77,21.0,38.5,117.0,,
2002,5,139,BUF,False,DT,DL,D,Colorado,23.0,2013.0,0,0,4,6.0,Justin Bannan,DT,Colorado,75.0,300.0,5.0,24.0,29.0,99.0,7.31,4.24
2002,5,140,CHI,False,DB,DB,D,Louisiana Tech,24.0,2004.0,0,0,1,6.0,Bobby Gray,S,Louisiana Tech,72.0,209.0,4.66,24.0,,112.0,,
2002,5,141,CLE,False,LB,LB,D,Florida,23.0,2011.0,0,0,7,37.0,Andra Davis,ILB,Florida,73.0,244.0,4.77,20.0,31.5,112.0,,
2002,5,142,SDG,False,WR,WR,O,Portland St.,,,0,0,0,,Terry Charles,WR,Portland State,75.0,207.0,4.52,,36.5,122.0,7.02,4.09
2002,5,143,KAN,False,LB,LB,D,California,23.0,2012.0,0,0,10,13.0,Scott Fujita,OLB,California,77.0,248.0,4.64,20.0,42.0,122.0,7.09,4.21
2002,5,144,DEN,False,WR,WR,O,Michigan St.,24.0,2002.0,0,0,0,0.0,Herb Haygood,WR,Michigan State,71.0,193.0,4.45,,33.0,114.0,6.65,4.26
2002,5,145,CAR,False,RB,RB,O,Syracuse,23.0,2007.0,0,0,2,,Kyle Johnson,FB,Syracuse,73.0,242.0,4.74,22.0,34.0,119.0,7.4,4.35
2002,5,146,SEA,False,DT,DL,D,Texas A&M,23.0,2012.0,0,0,3,29.0,Rocky Bernard,DT,Texas A&M,75.0,294.0,4.96,30.0,33.0,108.0,7.43,4.41
2002,5,147,OAK,False,DE,DL,D,UCLA,23.0,2012.0,0,0,5,0.0,Kenyon Coleman,DE,UCLA,77.0,284.0,4.97,32.0,,,,
2002,5,148,ATL,False,DB,DB,D,Colorado St.,23.0,2006.0,0,0,0,5.0,,,,,,,,,,,
2002,5,149,ARI,False,WR,WR,O,Alabama,23.0,2005.0,0,0,1,3.0,Jason McAddley,WR,Alabama,73.0,203.0,4.47,,36.5,123.0,6.83,4.09
2002,5,150,NOR,False,DB,DB,D,Western Kentucky,23.0,2007.0,0,0,0,3.0,Mel Mitchell,S,Western Kentucky,73.0,220.0,4.55,15.0,35.0,128.0,7.0,4.15
2002,5,151,TEN,False,WR,WR,O,Akron,22.0,2004.0,0,0,0,0.0,Jake Schifino,WR,Akron,73.0,200.0,4.49,,,,,
2002,5,152,NYG,False,LB,LB,D,Wisconsin,23.0,2008.0,0,0,2,12.0,,,,,,,,,,,
2002,5,153,HOU,False,DB,DB,D,Pittsburgh,22.0,2005.0,0,0,0,3.0,,,,,,,,,,,
2002,5,154,NYJ,False,G,OL,O,Michigan,23.0,2014.0,0,1,8,5.0,Jonathan Goodwin,OG,Michigan,75.0,318.0,5.13,,,,,
2002,5,155,BAL,False,TE,TE,O,Alabama,22.0,2005.0,0,0,3,4.0,Terry Jones,TE,Alabama,75.0,265.0,4.79,20.0,33.5,111.0,7.43,4.43
2002,5,156,GNB,False,DE,DL,D,Iowa,22.0,2011.0,0,2,7,54.0,,,,,,,,,,,
2002,5,157,TAM,False,DB,DB,D,Georgia,23.0,2009.0,0,0,6,32.0,Jermaine Phillips,S,Georgia,73.0,214.0,4.66,18.0,31.5,115.0,,
2002,5,158,ATL,False,QB,QB,O,Illinois,22.0,2003.0,0,0,0,1.0,Kurt Kittner,QB,Illinois,74.0,221.0,4.86,,27.0,100.0,7.34,4.5
2002,5,159,WAS,False,DB,DB,D,Tennessee,23.0,2006.0,0,0,0,4.0,Andre Lott,CB,Tennessee,70.0,194.0,4.48,15.0,36.5,119.0,7.1,4.01
2002,5,160,WAS,False,TE,TE,O,LSU,23.0,2010.0,0,0,6,2.0,Robert Royal,TE,LSU,77.0,253.0,4.97,14.0,31.0,114.0,7.37,4.27
2002,6,161,MIA,False,DB,DB,D,Washington,24.0,2008.0,0,0,0,0.0,Omare Lowe,CB,Washington,73.0,196.0,4.58,12.0,35.5,118.0,6.65,3.97
2002,6,162,PHI,False,WR,WR,O,Alabama,,,0,0,0,,Freddie Milons,WR,Alabama,70.0,190.0,4.51,,33.5,117.0,6.84,
2002,6,163,SFO,False,QB,QB,O,BYU,,,0,0,0,,Brandon Doman,QB,BYU,74.0,210.0,4.81,,32.5,106.0,6.9,4.08
2002,6,164,GNB,False,QB,QB,O,LSU,23.0,2007.0,0,0,0,1.0,,,,,,,,,,,
2002,6,165,CHI,False,LB,LB,D,Pittsburgh,23.0,2003.0,0,0,0,4.0,,,,,,,,,,,
2002,6,166,PIT,False,RB,RB,O,Georgia,23.0,2009.0,0,0,0,9.0,Verron Haynes,FB,Georgia,70.0,224.0,4.78,25.0,31.5,117.0,7.27,4.08
2002,6,167,STL,False,LB,LB,D,Ohio St.,24.0,2003.0,0,0,0,2.0,Courtland Bullard,OLB,Ohio State,75.0,234.0,4.69,,36.5,123.0,6.99,4.28
2002,6,168,DAL,False,DB,DB,D,Virginia Union,22.0,2006.0,0,0,0,5.0,,,,,,,,,,,
2002,6,169,SEA,False,TE,TE,O,Northern Iowa,22.0,2006.0,0,0,0,2.0,Ryan Hannam,TE,New Mexico,74.0,251.0,4.69,18.0,30.5,113.0,7.07,4.21
2002,6,170,MIA,False,WR,WR,O,Northwestern,22.0,2003.0,0,0,0,0.0,,,,,,,,,,,
2002,6,171,SEA,False,T,OL,O,Boise St.,23.0,2003.0,0,0,0,3.0,Matt Hill,OT,Boise State,78.0,300.0,5.33,20.0,28.5,101.0,7.58,4.54
2002,6,172,SFO,False,DT,DL,D,Michigan St.,23.0,2008.0,0,0,0,0.0,Josh Shaw,DT,Michigan State,75.0,279.0,5.08,22.0,,,,
2002,6,173,HOU,False,DB,DB,D,Kansas St.,23.0,2009.0,0,0,3,14.0,Demarcus Faggins,CB,Kansas State,70.0,178.0,4.57,3.0,36.5,121.0,6.64,3.92
2002,6,174,CAR,False,TE,TE,O,Sam Houston St.,23.0,2007.0,0,0,0,0.0,Keith Heinrich,TE,SMU,77.0,255.0,4.77,21.0,35.0,120.0,6.87,4.1
2002,6,175,DET,False,DB,DB,D,USC,22.0,2005.0,0,0,1,7.0,Chris Cash,CB,USC,70.0,177.0,4.5,,,,,
2002,6,176,BUF,False,DB,DB,D,UNLV,24.0,2004.0,0,0,0,5.0,Kevin Thomas,CB,UNLV,71.0,180.0,4.64,10.0,35.0,122.0,,
2002,6,177,MIN,False,LB,LB,D,Georgia Tech,23.0,2005.0,0,0,1,6.0,Nick Rogers,OLB,Georgia Tech,74.0,251.0,4.73,22.0,36.0,117.0,7.02,4.19
2002,6,178,SDG,False,T,OL,O,Minnesota,,,0,0,0,,Matt Anderle,OT,Minnesota,78.0,327.0,5.5,26.0,29.0,104.0,7.99,4.8
2002,6,179,DAL,False,C,OL,O,Ohio St.,24.0,2006.0,0,0,1,4.0,,,,,,,,,,,
2002,6,180,JAX,False,DT,DL,D,Texas St.,,,0,0,0,,Clenton Ballard,DT,Texas State,74.0,313.0,5.18,24.0,26.5,93.0,7.47,4.64
2002,6,181,CIN,False,DB,DB,D,Florida,23.0,2009.0,0,0,3,3.0,Marquand Manuel,S,Florida,72.0,209.0,4.52,18.0,,,,
2002,6,182,IND,False,DT,DL,D,Virginia Tech,23.0,2002.0,0,0,0,1.0,,,,,,,,,,,
2002,6,183,IND,False,DB,DB,D,Miami (FL),,,0,0,0,,,,,,,,,,,,
2002,6,184,ATL,False,WR,WR,O,Iowa,23.0,2002.0,0,0,0,0.0,Kahlil Hill,WR,Iowa,74.0,200.0,4.65,,35.0,,,
2002,6,185,ARI,False,RB,RB,O,Kansas St.,22.0,2007.0,0,0,0,3.0,Josh Scobey,RB,Kansas State,71.0,218.0,4.42,21.0,40.5,124.0,6.96,3.93
2002,6,186,NOR,False,QB,QB,O,UC Davis,23.0,2009.0,0,0,0,,J.T. O'Sullivan,QB,California-Davis,74.0,223.0,4.88,,29.0,107.0,7.46,4.28
2002,6,187,TEN,False,C,OL,O,Kansas,23.0,2009.0,0,0,6,21.0,,,,,,,,,,,
2002,6,188,NYG,False,LB,LB,D,Oregon,23.0,2006.0,0,0,0,2.0,Wesly Mallard,S,Oregon,74.0,221.0,4.49,22.0,41.0,122.0,6.81,4.07
2002,6,189,OAK,False,DB,DB,D,Albany State (GA),23.0,2004.0,0,0,0,0.0,,,,,,,,,,,
2002,6,190,HOU,False,DT,DL,D,LSU,23.0,2011.0,0,0,2,,,,,,,,,,,,
2002,6,191,DEN,False,TE,TE,O,Boise St.,23.0,2008.0,0,0,1,11.0,,,,,,,,,,,
2002,6,192,WAS,False,T,OL,O,Tennessee,,,0,0,0,,Reggie Coleman,OT,Tennessee,77.0,301.0,5.23,,29.0,103.0,7.84,4.88
2002,7,193,TAM,False,DE,DL,D,South Carolina,24.0,2002.0,0,0,0,,John Stamper,DE,South Carolina,76.0,265.0,4.98,24.0,36.5,112.0,7.35,4.22
2002,7,194,SEA,False,P,P,S,Michigan St.,23.0,2002.0,0,0,0,,,,,,,,,,,,
2002,7,195,BAL,False,DB,DB,D,Eastern Washington,23.0,2004.0,0,0,0,3.0,,,,,,,,,,,
2002,7,196,NOR,False,TE,TE,O,Penn St.,22.0,2011.0,0,0,2,0.0,,,,,,,,,,,
2002,7,197,OAK,False,RB,RB,O,San Diego St.,24.0,2004.0,0,0,0,,Larry Ned,RB,San Diego State,71.0,219.0,4.62,15.0,34.5,120.0,7.12,
2002,7,198,PHI,False,LB,LB,D,Notre Dame,22.0,2003.0,0,0,0,1.0,Tyreo Harrison,ILB,Notre Dame,74.0,238.0,4.87,,40.0,118.0,7.24,
2002,7,199,CHI,False,RB,RB,O,Georgia Southern,23.0,2009.0,0,0,0,11.0,Adrian Peterson,RB,Georgia Southern,70.0,214.0,4.68,14.0,34.0,119.0,7.59,4.6
2002,7,200,GNB,False,G,OL,O,San Diego St.,22.0,2002.0,0,0,0,,,,,,,,,,,,
2002,7,201,SFO,False,TE,TE,O,Wisconsin,23.0,2002.0,0,0,0,0.0,Mark Anelli,TE,Wisconsin,76.0,262.0,4.8,18.0,,,,
2002,7,202,PIT,False,WR,WR,O,Texas-El Paso,23.0,2006.0,0,0,0,2.0,Lee Mays,WR,Texas-El Paso,73.0,190.0,4.55,,32.5,119.0,7.08,4.17
2002,7,203,CHI,False,WR,WR,O,Delaware,22.0,2006.0,0,0,0,0.0,,,,,,,,,,,
2002,7,204,IND,False,RB,RB,O,Stanford,22.0,2003.0,0,0,0,0.0,Brian Allen,RB,Stanford,69.0,209.0,4.46,19.0,33.0,112.0,6.9,4.08
2002,7,205,STL,False,QB,QB,O,Ohio St.,,,0,0,0,,,,,,,,,,,,
2002,7,206,BAL,False,WR,WR,O,Notre Dame,22.0,2002.0,0,0,0,0.0,Javin Hunter,WR,Notre Dame,71.0,186.0,4.47,,41.0,129.0,6.84,4.04
2002,7,207,BAL,False,RB,RB,O,Toledo,22.0,2011.0,0,0,1,12.0,Chester Taylor,RB,Toledo,71.0,213.0,4.58,22.0,33.0,114.0,,
2002,7,208,DAL,False,WR,WR,O,Sacred Heart,,,0,0,0,,,,,,,,,,,,
2002,7,209,BAL,False,DB,DB,D,Southern Miss,23.0,2006.0,0,0,0,8.0,Chad Williams,S,Southern Miss,69.0,207.0,4.58,20.0,36.5,121.0,6.96,
2002,7,210,CHI,False,TE,TE,O,UCLA,23.0,2007.0,0,0,1,,,,,,,,,,,,
2002,7,211,DAL,False,TE,TE,O,Virginia Tech,,,0,0,0,,,,,,,,,,,,
2002,7,212,PIT,False,DB,DB,D,Cincinnati,23.0,2002.0,0,0,0,,LaVar Glover,CB,Cincinnati,69.0,177.0,4.59,11.0,37.0,117.0,7.18,4.29
2002,7,213,CAR,False,G,OL,O,North Dakota St.,,,0,0,0,,Pete Campion,OG,North Dakota State,76.0,307.0,5.26,30.0,25.5,88.0,7.96,4.81
2002,7,214,DET,False,RB,RB,O,BYU,,,0,0,0,,Luke Staley,RB,BYU,73.0,227.0,4.42,,,,,
2002,7,215,BUF,False,G,OL,O,Auburn,23.0,2007.0,0,0,1,4.0,Mike Pucillo,OG,Auburn,76.0,317.0,5.31,26.0,28.0,,,
2002,7,216,SDG,False,QB,QB,O,Cal Poly-San Luis Obispo,,,0,0,0,,,,,,,,,,,,
2002,7,217,ATL,False,WR,WR,O,Widener,,,0,0,0,,,,,,,,,,,,
2002,7,218,MIN,False,T,OL,O,Virginia Tech,23.0,2003.0,0,0,0,,Chad Beasley,DT,Virginia Tech,77.0,303.0,5.15,27.0,31.5,104.0,7.75,4.6
2002,7,219,CIN,False,DE,DL,D,North Carolina,,,0,0,0,,,,,,,,,,,,
2002,7,220,IND,False,DE,DL,D,Georgia,23.0,2008.0,0,0,0,2.0,,,,,,,,,,,
2002,7,221,KAN,False,LB,LB,D,Fresno St.,,,0,0,0,,,,,,,,,,,,
2002,7,222,JAX,False,WR,WR,O,Middle Tenn. St.,22.0,2003.0,0,0,0,,Kendall Newson,WR,Middle Tennessee State,74.0,200.0,4.69,,33.5,117.0,6.87,4.27
2002,7,223,ARI,False,TE,TE,O,Iowa St.,22.0,2003.0,0,0,0,0.0,Mike Banks,TE,Iowa State,76.0,260.0,4.84,,31.5,104.0,,
2002,7,224,NOR,False,DE,DL,D,Virginia Tech,,,0,0,0,,Derrius Monroe,DE,Virginia Tech,76.0,269.0,4.56,25.0,31.5,111.0,7.38,4.51
2002,8,225,TEN,False,WR,WR,O,Northern Illinois,23.0,2004.0,0,0,0,0.0,,,,,,,,,,,
2002,8,226,NYG,False,WR,WR,O,Miami (FL),23.0,2004.0,0,0,0,1.0,Daryl Jones,WR,Miami (FL),69.0,180.0,4.35,,,,,
2002,8,227,CLE,False,T,OL,O,Miami (FL),23.0,2005.0,0,0,1,8.0,,,,,,,,,,,
2002,8,228,DEN,False,DB,DB,D,Georgia Tech,22.0,2004.0,0,0,0,2.0,Chris Young,S,Georgia Tech,72.0,210.0,4.63,23.0,38.5,121.0,,
2002,8,229,HOU,False,DE,DL,D,Minnesota,23.0,2010.0,0,0,2,,,,,,,,,,,,
2002,8,230,WAS,False,C,OL,O,UCLA,22.0,2003.0,0,0,0,,,,,,,,,,,,
2002,8,231,DEN,False,DT,DL,D,Virginia,24.0,2005.0,0,0,1,12.0,Monsanto Pope,DT,Virginia,75.0,295.0,5.25,,,,,
2002,8,232,SEA,False,QB,QB,O,Southern Miss,23.0,,0,0,0,,,,,,,,,,,,
2002,8,233,TAM,False,DB,DB,D,Georgia,23.0,2003.0,0,0,0,4.0,,,,,,,,,,,
2002,8,234,WAS,False,DE,DL,D,Hampton,22.0,2004.0,0,0,0,0.0,Greg Scott,DE,Kansas State,76.0,268.0,4.9,26.0,32.5,110.0,7.5,4.61
2002,8,235,OAK,False,WR,WR,O,North Carolina,23.0,2008.0,0,0,2,16.0,Ronald Curry,QB,North Carolina,74.0,220.0,4.59,,35.0,115.0,7.06,4.11
2002,8,236,BAL,False,QB,QB,O,S.F. Austin,,,0,0,0,,,,,,,,,,,,
2002,8,237,NWE,False,RB,RB,O,Virginia,,,0,0,0,,,,,,,,,,,,
2002,8,238,PHI,False,DE,DL,D,Temple,24.0,2011.0,0,0,6,,Raheem Brock,DE,Temple,76.0,257.0,4.93,25.0,34.0,115.0,7.09,4.23
2002,8,239,SFO,False,G,OL,O,Stanford,22.0,2009.0,0,0,7,40.0,Eric Heitmann,OG,Stanford,76.0,305.0,5.22,33.0,28.0,103.0,7.56,4.6
2002,8,240,TEN,False,DE,DL,D,Arkansas,23.0,2005.0,0,0,2,15.0,Carlos Hall,DE,Arkansas,76.0,259.0,4.67,20.0,40.0,129.0,6.97,4.19
2002,8,241,MIA,False,RB,RB,O,East Carolina,24.0,2004.0,0,0,0,1.0,Leonard Henry,RB,East Carolina,73.0,206.0,4.57,26.0,35.0,113.0,7.11,4.29
2002,8,242,PIT,False,DE,DL,D,BYU,23.0,2014.0,0,1,8,58.0,Brett Keisel,DE,BYU,77.0,279.0,4.89,26.0,33.5,107.0,7.28,4.51
2002,8,243,STL,False,RB,RB,O,Marshall,23.0,2011.0,0,0,0,13.0,,,,,,,,,,,
2002,8,244,ATL,False,T,OL,O,Tulsa,22.0,2010.0,0,0,5,18.0,,,,,,,,,,,
2002,8,245,NYG,False,LB,LB,D,North Carolina,23.0,2004.0,0,0,0,1.0,Quincy Monk,ILB,North Carolina,75.0,250.0,4.82,26.0,33.5,113.0,7.48,4.38
2002,8,246,JAX,False,DB,DB,D,Oregon,23.0,2002.0,0,0,0,0.0,Steve Smith,S,Oregon,73.0,193.0,4.62,,30.5,110.0,7.0,4.22
2002,8,247,JAX,False,K,K,S,Michigan,21.0,2002.0,0,0,0,0.0,Hayden Epstein,K,Michigan,74.0,212.0,4.79,,,,,
2002,8,248,SFO,False,G,OL,O,Arizona St.,23.0,2011.0,0,0,8,10.0,Kyle Kosier,OT,Arizona State,77.0,293.0,5.09,24.0,29.5,108.0,7.34,4.49
2002,8,249,BUF,False,WR,WR,O,Fresno St.,,,0,0,0,,,,,,,,,,,,
2002,8,250,TAM,False,TE,TE,O,Nebraska,,,0,0,0,,Tracey Wistrom,TE,Nebraska,76.0,245.0,4.92,17.0,33.5,116.0,7.09,4.1
2002,8,251,BUF,False,RB,RB,O,Virginia Tech,,,0,0,0,,,,,,,,,,,,
2002,8,252,DET,False,TE,TE,O,Maryland,22.0,2007.0,0,0,0,0.0,,,,,,,,,,,
2002,8,253,NWE,False,WR,WR,O,Notre Dame,22.0,2006.0,0,0,2,21.0,David Givens,WR,Notre Dame,72.0,217.0,4.56,,40.5,126.0,6.82,4.13
2002,8,254,TAM,False,WR,WR,O,Kansas St.,,,0,0,0,,Aaron Lockett,WR,Kansas State,67.0,155.0,4.31,,35.0,119.0,6.84,4.11
2002,8,255,TAM,False,C,OL,O,Stanford,,,0,0,0,,,,,,,,,,,,
2002,8,256,SFO,False,DB,DB,D,Tennessee,,,0,0,0,,,,,,,,,,,,
2002,9,257,WAS,False,FB,RB,O,Kansas St.,22.0,2011.0,0,0,0,9.0,Rock Cartwright,RB,Kansas State,68.0,237.0,4.47,30.0,35.0,116.0,7.18,4.25
2002,9,258,CAR,False,DB,DB,D,Louisiana,22.0,2003.0,0,0,0,,,,,,,,,,,,
2002,9,259,DET,False,T,OL,O,Colorado,23.0,2004.0,0,0,0,0.0,Victor Rogers,OG,Colorado,78.0,331.0,5.57,20.0,25.0,93.0,9.0,5.16
2002,9,260,BUF,False,LB,LB,D,Tennessee,24.0,2004.0,0,0,0,2.0,Dominique Stevenson,OLB,Tennessee,72.0,231.0,4.53,23.0,32.5,110.0,,
2002,9,261,HOU,False,DT,DL,D,UNLV,,,0,0,0,,,,,,,,,,,,
2003,1,1,CIN,False,QB,QB,O,USC,23.0,2017.0,0,3,12,60.0,Carson Palmer,QB,USC,77.0,232.0,4.65,,,,,
2003,1,2,DET,False,WR,WR,O,Michigan St.,22.0,2005.0,0,0,0,4.0,Charles Rogers,WR,Michigan State,74.0,202.0,4.4,,,,,
2003,1,3,HOU,True,WR,WR,O,Miami (FL),22.0,2016.0,2,7,12,92.0,Andre Johnson,WR,Miami (FL),74.0,230.0,4.41,,39.0,132.0,,
2003,1,4,NYJ,False,DT,DL,D,Kentucky,21.0,2008.0,0,0,6,31.0,Dewayne Robertson,DT,Kentucky,73.0,317.0,5.15,,,,,
2003,1,5,DAL,False,DB,DB,D,Kansas St.,25.0,2017.0,0,2,15,52.0,Terence Newman,CB,Kansas State,70.0,189.0,4.37,,41.0,136.0,6.88,3.83
2003,1,6,NOR,False,DT,DL,D,Georgia,22.0,2005.0,0,0,1,10.0,Johnathan Sullivan,DT,Georgia,75.0,313.0,5.1,,,,,
2003,1,7,JAX,False,QB,QB,O,Marshall,23.0,2012.0,0,0,3,30.0,Byron Leftwich,QB,Marshall,77.0,241.0,4.85,,,,,
2003,1,8,CAR,False,T,OL,O,Utah,23.0,2013.0,1,3,11,69.0,Jordan Gross,OT,Utah,76.0,300.0,5.05,28.0,31.5,112.0,7.69,4.39
2003,1,9,MIN,False,DT,DL,D,Oklahoma St.,23.0,2015.0,5,6,12,98.0,Kevin Williams,DE,Oklahoma State,77.0,304.0,4.81,23.0,30.0,112.0,7.66,5.04
2003,1,10,BAL,False,LB,LB,D,Arizona St.,20.0,2019.0,1,7,15,107.0,Terrell Suggs,DE,Arizona State,75.0,262.0,4.84,,,,,
2003,1,11,SEA,False,DB,DB,D,Washington St.,22.0,2012.0,0,1,8,49.0,Marcus Trufant,CB,Washington State,71.0,199.0,4.38,11.0,39.0,127.0,6.87,4.32
2003,1,12,STL,False,DT,DL,D,Penn St.,23.0,2011.0,0,0,2,12.0,Jimmy Kennedy,DT,Penn State,76.0,322.0,5.2,,,,,
2003,1,13,NWE,False,DE,DL,D,Texas A&M,22.0,2012.0,0,0,6,45.0,Ty Warren,DT,Texas A&M,77.0,307.0,5.1,27.0,,,,
2003,1,14,CHI,False,DE,DL,D,Penn St.,22.0,2005.0,0,0,0,8.0,Michael Haynes,DE,Penn State,76.0,281.0,4.87,23.0,30.5,109.0,,
2003,1,15,PHI,False,DE,DL,D,Miami (FL),24.0,2008.0,0,0,0,3.0,Jerome McDougle,DE,Miami (FL),74.0,264.0,4.67,,34.0,117.0,7.28,4.58
2003,1,16,PIT,True,DB,DB,D,USC,22.0,2014.0,4,8,10,96.0,Troy Polamalu,S,USC,70.0,206.0,4.4,,,,,
2003,1,17,ARI,False,WR,WR,O,Penn St.,22.0,2011.0,0,0,4,18.0,Bryant Johnson,WR,Penn State,74.0,214.0,4.57,,,,,
2003,1,18,ARI,False,DE,DL,D,Wake Forest,22.0,2015.0,0,0,10,13.0,Calvin Pace,DE,Wake Forest,76.0,269.0,4.79,,33.0,115.0,,
2003,1,19,BAL,False,QB,QB,O,California,22.0,2011.0,0,0,4,17.0,Kyle Boller,QB,California,75.0,234.0,4.61,,35.5,117.0,7.2,4.02
2003,1,20,DEN,False,T,OL,O,Georgia,23.0,2008.0,0,0,4,26.0,George Foster,OT,Georgia,77.0,338.0,5.23,,27.0,100.0,,
2003,1,21,CLE,False,C,OL,O,Notre Dame,22.0,2012.0,0,0,8,11.0,Jeff Faine,C,Notre Dame,75.0,303.0,5.18,,,,,
2003,1,22,CHI,False,QB,QB,O,Florida,23.0,2011.0,0,0,3,16.0,Rex Grossman,QB,Florida,73.0,217.0,5.06,,,,,
2003,1,23,BUF,False,RB,RB,O,Miami (FL),21.0,2013.0,0,2,7,26.0,Willis McGahee,RB,Miami (FL),72.0,223.0,4.45,,,,,
2003,1,24,IND,False,TE,TE,O,Iowa,24.0,2013.0,1,1,9,47.0,Dallas Clark,TE,Iowa,75.0,257.0,4.65,,37.5,123.0,,
2003,1,25,NYG,False,DT,DL,D,Miami (FL),24.0,2009.0,0,0,1,11.0,William Joseph,DT,Miami (FL),77.0,308.0,5.18,29.0,,,,
2003,1,26,SFO,False,T,OL,O,Stanford,21.0,2008.0,0,0,3,19.0,Kwame Harris,OT,Stanford,79.0,310.0,5.2,,35.5,107.0,7.98,4.65
2003,1,27,KAN,False,RB,RB,O,Penn St.,23.0,2011.0,1,2,4,50.0,Larry Johnson,RB,Penn State,73.0,228.0,4.45,19.0,,,,
2003,1,28,TEN,False,DB,DB,D,Oklahoma,23.0,2006.0,0,0,0,6.0,Andre Woolfolk,CB,Oklahoma,73.0,197.0,4.47,10.0,35.5,128.0,6.78,3.96
2003,1,29,GNB,False,LB,LB,D,Oregon St.,22.0,2013.0,0,0,9,50.0,Nick Barnett,OLB,Oregon State,74.0,236.0,4.67,32.0,34.5,123.0,7.0,4.08
2003,1,30,SDG,False,DB,DB,D,Texas A&M,23.0,2007.0,0,0,2,11.0,Sammy Davis,CB,Texas A&M,72.0,186.0,4.42,19.0,40.0,131.0,7.01,
2003,1,31,OAK,False,DB,DB,D,California,22.0,2013.0,2,3,8,56.0,Nnamdi Asomugha,CB,California,74.0,213.0,4.45,16.0,37.5,124.0,,
2003,1,32,OAK,False,DE,DL,D,Colorado,23.0,2011.0,0,0,6,17.0,Tyler Brayton,DE,Colorado,78.0,277.0,4.73,25.0,34.0,116.0,7.14,4.31
2003,2,33,CIN,False,G,OL,O,Iowa,23.0,2010.0,0,0,8,30.0,Eric Steinbach,OG,Iowa,78.0,297.0,4.96,,36.0,119.0,7.36,4.42
2003,2,34,DET,False,LB,LB,D,Georgia,23.0,2008.0,0,0,4,21.0,Boss Bailey,OLB,Georgia,75.0,233.0,4.58,,42.0,135.0,,
2003,2,35,CHI,False,DB,DB,D,Louisiana,22.0,2015.0,1,2,11,64.0,Charles Tillman,CB,Louisiana-Lafayette,73.0,207.0,4.49,12.0,40.0,131.0,7.05,3.89
2003,2,36,NWE,False,DB,DB,D,Illinois,23.0,2010.0,0,0,6,21.0,Eugene Wilson,CB,Illinois,70.0,192.0,4.48,15.0,38.0,122.0,7.18,4.05
2003,2,37,NOR,False,T,OL,O,Georgia,24.0,2010.0,0,1,5,45.0,Jon Stinchcomb,OT,Georgia,77.0,302.0,4.99,32.0,35.0,115.0,7.83,4.62
2003,2,38,DAL,False,C,OL,O,Wisconsin,24.0,2008.0,0,0,3,16.0,Al Johnson,C,Wisconsin,75.0,305.0,4.95,,,,,
2003,2,39,JAX,False,DB,DB,D,Bethune-Cookman,23.0,2015.0,1,1,11,56.0,Rashean Mathis,S,Bethune-Cookman,73.0,202.0,4.45,22.0,38.5,123.0,7.09,4.17
2003,2,40,MIN,False,LB,LB,D,Maryland,23.0,2011.0,0,1,7,47.0,E.J. Henderson,ILB,Maryland,73.0,245.0,4.8,20.0,,,,
2003,2,41,HOU,False,TE,TE,O,Michigan,23.0,2007.0,0,0,0,0.0,Bennie Joppru,TE,Michigan,76.0,272.0,4.78,19.0,30.5,109.0,,
2003,2,42,SEA,False,DB,DB,D,Arkansas,22.0,2010.0,0,1,6,20.0,Ken Hamlin,S,Arkansas,74.0,209.0,4.61,16.0,33.0,117.0,6.8,3.92
2003,2,43,STL,False,LB,LB,D,Hawaii,22.0,2010.0,0,0,7,30.0,Pisa Tinoisamoa,OLB,Hawaii,72.0,231.0,4.65,19.0,34.5,111.0,6.97,4.07
2003,2,44,WAS,False,WR,WR,O,Florida,22.0,2007.0,0,0,0,2.0,Taylor Jacobs,WR,Florida,72.0,205.0,4.42,,,,,
2003,2,45,NWE,False,WR,WR,O,Texas A&M,24.0,2006.0,0,0,0,7.0,Bethel Johnson,WR,Texas A&M,71.0,201.0,4.38,,38.5,127.0,,
2003,2,46,SDG,False,DB,DB,D,Tuskegee,22.0,2013.0,0,0,6,15.0,Drayton Florence,CB,Tuskegee,72.0,198.0,4.39,18.0,35.0,124.0,,
2003,2,47,KAN,False,LB,LB,D,South Florida,23.0,2010.0,0,0,6,20.0,Kawika Mitchell,ILB,South Florida,73.0,253.0,4.69,25.0,37.0,117.0,7.32,4.24
2003,2,48,BUF,False,DE,DL,D,Nebraska,23.0,2012.0,0,0,8,46.0,Chris Kelsay,DE,Nebraska,76.0,273.0,4.75,23.0,36.5,121.0,,
2003,2,49,MIA,False,LB,LB,D,Tennessee,23.0,2005.0,0,0,0,3.0,Eddie Moore,OLB,Tennessee,72.0,237.0,4.71,,,,,
2003,2,50,CAR,False,G,OL,O,Iowa,24.0,2003.0,0,0,0,2.0,Bruce Nelson,C,Iowa,77.0,301.0,5.26,21.0,,,,
2003,2,51,DEN,False,LB,LB,D,Kansas St.,22.0,2004.0,0,0,0,1.0,Terry Pierce,ILB,Kansas State,73.0,251.0,4.78,28.0,27.5,,,
2003,2,52,CLE,False,LB,LB,D,West Texas A&M,23.0,2009.0,0,0,2,16.0,Chaun Thompson,OLB,West Texas A&M,74.0,240.0,4.58,29.0,35.5,123.0,7.01,4.22
2003,2,53,NYJ,False,LB,LB,D,Michigan,23.0,2008.0,0,0,4,26.0,Victor Hobson,ILB,Michigan,72.0,252.0,4.86,29.0,33.0,117.0,7.26,4.33
2003,2,54,ARI,False,WR,WR,O,Florida St.,22.0,2016.0,0,3,14,49.0,Anquan Boldin,WR,Florida State,73.0,216.0,4.72,,33.5,114.0,7.35,4.33
2003,2,55,ATL,False,DB,DB,D,Penn St.,22.0,2012.0,0,0,3,11.0,Bryan Scott,S,Penn State,73.0,219.0,4.6,13.0,,,,
2003,2,56,NYG,False,DE,DL,D,Troy,21.0,2014.0,1,2,6,57.0,,,,,,,,,,,
2003,2,57,SFO,False,DT,DL,D,Penn St.,23.0,2011.0,0,0,4,13.0,Anthony Adams,DT,Penn State,72.0,299.0,5.13,,30.5,109.0,7.68,4.59
2003,2,58,IND,False,DB,DB,D,Ohio St.,22.0,2008.0,0,0,3,16.0,Mike Doss,S,Ohio State,70.0,207.0,4.45,,,,,
2003,2,59,PIT,False,LB,LB,D,Florida St.,22.0,2005.0,0,0,0,1.0,Alonzo Jackson,DE,Florida State,76.0,266.0,4.86,14.0,37.0,114.0,7.69,4.5
2003,2,60,TEN,False,WR,WR,O,Middle Tenn. St.,22.0,2005.0,0,0,0,5.0,Tyrone Calico,WR,Middle Tennessee State,76.0,223.0,4.34,,38.0,127.0,6.73,4.26
2003,2,61,PHI,False,TE,TE,O,Rutgers,23.0,2009.0,0,0,4,21.0,L.J. Smith,TE,Rutgers,75.0,258.0,4.62,26.0,37.0,122.0,6.74,4.25
2003,2,62,SDG,False,DB,DB,D,Texas A&M,22.0,2006.0,0,0,3,17.0,Terrence Kiel,S,Texas A&M,71.0,204.0,4.46,16.0,38.0,127.0,6.88,3.96
2003,2,63,OAK,False,TE,TE,O,Stanford,21.0,2005.0,0,0,0,2.0,Teyo Johnson,WR,Stanford,77.0,247.0,4.61,,33.5,,,
2003,2,64,TAM,False,DE,DL,D,Louisville,23.0,2009.0,0,0,2,13.0,DeWayne White,DE,Louisville,74.0,273.0,4.76,22.0,33.0,112.0,7.22,4.32
2003,3,65,CIN,False,WR,WR,O,Tennessee,24.0,2010.0,0,0,0,7.0,Kelley Washington,WR,Tennessee,74.0,223.0,4.42,,,,,
2003,3,66,DET,False,DE,DL,D,Texas,22.0,2015.0,0,0,10,26.0,Cory Redding,DE,Texas,76.0,279.0,4.88,24.0,,,,
2003,3,67,HOU,False,LB,LB,D,Cincinnati,23.0,2007.0,0,0,1,9.0,Antwan Peek,OLB,Cincinnati,75.0,246.0,4.65,21.0,37.0,125.0,7.07,4.35
2003,3,68,CHI,False,LB,LB,D,Arizona,22.0,2014.0,1,7,12,98.0,Lance Briggs,ILB,Arizona,73.0,242.0,4.75,25.0,33.0,113.0,,
2003,3,69,DAL,False,TE,TE,O,Tennessee,21.0,2020.0,2,11,16,79.0,Jason Witten,TE,Tennessee,78.0,264.0,4.65,25.0,31.0,,,
2003,3,70,ARI,False,LB,LB,D,Pittsburgh,22.0,2010.0,0,0,4,27.0,Gerald Hayes,ILB,Pittsburgh,73.0,238.0,4.75,,30.5,107.0,7.57,4.35
2003,3,71,MIN,False,WR,WR,O,Nevada,22.0,2013.0,0,0,9,17.0,Nate Burleson,WR,Nevada,72.0,197.0,4.51,,42.5,126.0,6.96,4.16
2003,3,72,JAX,False,G,OL,O,Hawaii,23.0,2010.0,0,0,7,49.0,Vince Manuwai,OG,Hawaii,74.0,304.0,5.06,27.0,29.5,107.0,7.59,4.4
2003,3,73,SEA,False,T,OL,O,Hawaii,22.0,2012.0,0,0,1,0.0,Wayne Hunter,OT,Hawaii,78.0,303.0,5.08,37.0,31.0,104.0,7.72,4.57
2003,3,74,STL,False,WR,WR,O,Utah St.,25.0,2010.0,0,0,3,13.0,Kevin Curtis,WR,Utah State,71.0,186.0,4.42,,36.0,122.0,6.76,3.99
2003,3,75,HOU,False,T,OL,O,NW Missouri St.,24.0,2008.0,0,0,1,10.0,Seth Wand,OT,Northwest Missouri State,79.0,321.0,5.14,20.0,31.5,107.0,7.61,4.5
2003,3,76,CAR,False,TE,TE,O,UCLA,22.0,2006.0,0,0,0,1.0,Mike Seidman,TE,UCLA,76.0,261.0,4.8,20.0,,,,
2003,3,77,BAL,False,RB,RB,O,Georgia,21.0,2007.0,0,0,0,6.0,Musa Smith,RB,Georgia,73.0,232.0,4.45,,35.5,123.0,,
2003,3,78,MIA,False,T,OL,O,Memphis,22.0,2014.0,0,1,6,7.0,Wade Smith,OT,Memphis,76.0,296.0,5.14,24.0,32.5,114.0,7.62,4.75
2003,3,79,GNB,False,DT,DL,D,Ohio St.,24.0,2009.0,0,0,1,4.0,Kenny Peterson,DE,Ohio State,75.0,298.0,4.8,,,,,
2003,3,80,SDG,False,T,OL,O,Ark-Pine Bluff,23.0,2004.0,0,0,1,3.0,,,,,,,,,,,
2003,3,81,WAS,False,G,OL,O,Texas,22.0,2012.0,0,0,7,30.0,Derrick Dockery,OG,Texas,78.0,347.0,5.58,,25.0,92.0,,
2003,3,82,CAR,False,DB,DB,D,UCLA,22.0,2008.0,0,0,1,14.0,Ricky Manning,CB,UCLA,69.0,185.0,4.52,12.0,36.5,117.0,7.11,4.17
2003,3,83,OAK,False,DE,DL,D,Fresno St.,23.0,2010.0,0,0,1,13.0,,,,,,,,,,,
2003,3,84,CLE,False,DB,DB,D,Marshall,23.0,2013.0,0,0,7,9.0,,,,,,,,,,,
2003,3,85,NYJ,False,FB,RB,O,Michigan,23.0,2009.0,0,0,1,1.0,B.J. Askew,RB,Michigan,74.0,241.0,4.6,,,,,
2003,3,86,NOR,False,LB,LB,D,Ohio St.,23.0,2003.0,0,0,0,1.0,Cie Grant,OLB,Ohio State,72.0,228.0,4.68,,,,,
2003,3,87,MIA,False,G,OL,O,Texas A&M,23.0,2005.0,0,0,1,4.0,Taylor Whitley,OG,Texas A&M,76.0,321.0,5.18,28.0,30.0,106.0,7.95,4.58
2003,3,88,HOU,False,QB,QB,O,Louisville,23.0,2003.0,0,0,0,1.0,Dave Ragone,QB,Louisville,76.0,249.0,4.99,,30.5,101.0,7.42,4.36
2003,3,89,SFO,False,DE,DL,D,Miami (FL),24.0,2004.0,0,0,0,1.0,Andrew Williams,DE,Miami (FL),74.0,263.0,4.7,29.0,32.0,113.0,7.53,4.47
2003,3,90,IND,False,DB,DB,D,Colorado,22.0,2011.0,0,0,0,5.0,Donald Strickland,CB,Colorado,70.0,187.0,4.53,16.0,35.5,121.0,6.98,4.04
2003,3,91,NYG,False,TE,TE,O,Morgan St.,23.0,2013.0,0,0,5,1.0,Visanthe Shiancoe,TE,South Florida,76.0,251.0,4.65,28.0,39.5,120.0,7.09,4.31
2003,3,92,KAN,False,DB,DB,D,Tennessee,22.0,2004.0,0,0,0,2.0,Julian Battle,CB,Tennessee,74.0,205.0,4.45,,,,,
2003,3,93,TEN,False,RB,RB,O,Colorado,22.0,2009.0,0,0,2,23.0,Chris Brown,RB,Colorado,75.0,220.0,4.46,,,,,
2003,3,94,BUF,False,LB,LB,D,Virginia,22.0,2007.0,0,0,3,18.0,Angelo Crowell,ILB,Virginia,72.0,236.0,4.73,25.0,32.5,,7.08,4.29
2003,3,95,PHI,False,WR,WR,O,Virginia,23.0,2008.0,0,0,0,2.0,Billy McMullen,WR,Virginia,76.0,210.0,4.61,,,,,
2003,3,96,OAK,False,FB,RB,O,USC,23.0,2009.0,0,0,2,20.0,Justin Fargas,RB,USC,73.0,219.0,4.35,27.0,,137.0,,
2003,4,97,TAM,False,QB,QB,O,Texas,23.0,2009.0,0,0,1,8.0,Chris Simms,QB,Texas,76.0,220.0,4.84,,31.0,103.0,7.38,4.21
2003,4,98,CIN,False,DB,DB,D,Oregon St.,23.0,2003.0,0,0,0,0.0,Dennis Weathersby,CB,Oregon State,73.0,204.0,4.38,9.0,38.0,125.0,7.14,4.13
2003,4,99,DET,False,RB,RB,O,Kentucky,25.0,2007.0,0,0,0,7.0,Artose Pinner,RB,Kentucky,70.0,229.0,4.68,,,,,
2003,4,100,CHI,False,DB,DB,D,Florida,24.0,2009.0,0,0,1,9.0,Todd Johnson,S,Florida,73.0,206.0,4.56,19.0,33.5,117.0,7.01,4.19
2003,4,101,HOU,False,RB,RB,O,LSU,22.0,2005.0,0,0,3,33.0,Domanick Williams,RB,LSU,69.0,213.0,4.63,22.0,32.5,112.0,7.32,4.47
2003,4,102,NOR,False,G,OL,O,Florida St.,23.0,2011.0,0,0,4,13.0,Montrae Holland,OG,Florida State,73.0,333.0,5.3,30.0,,,8.46,5.13
2003,4,103,DAL,False,LB,LB,D,LSU,22.0,2012.0,0,0,8,47.0,Bradie James,ILB,LSU,74.0,242.0,4.71,,32.5,113.0,7.53,4.54
2003,4,104,JAX,False,TE,TE,O,Oregon,22.0,2008.0,0,0,1,8.0,George Wrighster,TE,Oregon,74.0,249.0,4.89,16.0,34.5,115.0,7.24,
2003,4,105,MIN,False,RB,RB,O,Oregon,22.0,2004.0,0,0,0,14.0,Onterrio Smith,RB,Oregon,70.0,220.0,4.48,19.0,,,,
2003,4,106,STL,False,WR,WR,O,Arizona St.,22.0,2009.0,0,0,1,8.0,Shaun McDonald,WR,Arizona State,68.0,169.0,4.43,,,,,
2003,4,107,STL,False,DB,DB,D,Nebraska,23.0,2006.0,0,0,1,9.0,DeJuan Groce,CB,Nebraska,70.0,192.0,4.49,18.0,36.0,118.0,6.82,4.0
2003,4,108,DEN,False,RB,RB,O,Oklahoma,22.0,2004.0,0,0,0,6.0,Quentin Griffin,RB,Oklahoma,67.0,195.0,4.48,21.0,38.0,123.0,,4.08
2003,4,109,BAL,False,DE,DL,D,Alabama,22.0,2014.0,0,0,9,45.0,Jarret Johnson,DT,Alabama,75.0,284.0,5.07,21.0,28.5,107.0,7.72,4.58
2003,4,110,SEA,False,QB,QB,O,Iowa St.,23.0,2013.0,0,0,1,11.0,Seneca Wallace,QB,Iowa State,71.0,196.0,4.56,,38.0,127.0,6.98,4.14
2003,4,111,BUF,False,DB,DB,D,Northwestern St. (LA),22.0,2012.0,0,1,7,49.0,Terrence McGee,CB,NW State (LA),70.0,201.0,4.57,15.0,37.0,126.0,6.88,4.09
2003,4,112,SDG,False,LB,LB,D,Ohio St.,22.0,2010.0,0,0,1,15.0,Matt Wilhelm,ILB,Ohio State,76.0,245.0,4.8,,,,,
2003,4,113,KAN,False,T,OL,O,Florida St.,23.0,2004.0,0,0,0,0.0,Brett Williams,OT,Florida State,77.0,321.0,5.25,,27.5,99.0,8.57,5.01
2003,4,114,DEN,False,DT,DL,D,Clemson,23.0,2012.0,0,0,0,,Nick Eason,DT,Clemson,75.0,301.0,5.17,29.0,,102.0,,
2003,4,115,CLE,False,RB,RB,O,Virginia Tech,23.0,2006.0,0,0,0,8.0,Lee Suggs,RB,Virginia Tech,72.0,202.0,4.44,,,,,
2003,4,116,CHI,False,DT,DL,D,Florida,21.0,2009.0,0,0,3,19.0,Ian Scott,DT,Florida,74.0,312.0,5.16,28.0,28.5,99.0,8.12,5.0
2003,4,117,NWE,False,DT,DL,D,Temple,22.0,2008.0,0,0,0,4.0,Dan Klecko,DT,Temple,71.0,283.0,4.94,26.0,33.5,111.0,7.52,4.43
2003,4,118,CIN,False,FB,RB,O,Western Kentucky,23.0,2009.0,0,0,4,4.0,Jeremi Johnson,FB,Indiana,71.0,260.0,4.9,20.0,29.0,103.0,,
2003,4,119,CAR,False,DB,DB,D,Stanford,23.0,2006.0,0,0,1,8.0,Colin Branch,S,Stanford,72.0,203.0,4.4,22.0,36.0,119.0,,
2003,4,120,NWE,False,DB,DB,D,Central Florida,22.0,2013.0,1,4,9,31.0,Asante Samuel,CB,Central Florida,71.0,185.0,4.49,9.0,35.5,120.0,6.95,4.14
2003,4,121,ATL,False,FB,RB,O,Mississippi St.,23.0,2009.0,0,0,6,8.0,Justin Griffith,FB,Mississippi State,71.0,232.0,4.59,29.0,32.0,113.0,7.73,4.68
2003,4,122,IND,False,G,OL,O,Marshall,23.0,2004.0,0,0,1,9.0,Steve Sciullo,OT,Marshall,77.0,330.0,5.48,23.0,28.0,98.0,7.85,4.72
2003,4,123,NYG,False,DB,DB,D,Texas,22.0,2004.0,0,0,0,,,,,,,,,,,,
2003,4,124,SFO,False,WR,WR,O,Illinois,22.0,2014.0,0,1,6,11.0,Brandon Lloyd,WR,Illinois,72.0,184.0,4.62,,36.0,,,
2003,4,125,PIT,False,DB,DB,D,Louisiana,23.0,2014.0,0,0,9,53.0,,,,,,,,,,,
2003,4,126,TEN,False,DT,DL,D,Washington St.,22.0,2005.0,0,0,0,5.0,Rien Long,DT,Washington State,78.0,302.0,5.1,,,105.0,,
2003,4,127,BUF,False,WR,WR,O,North Carolina,22.0,2010.0,0,0,0,3.0,Sam Aiken,WR,North Carolina,74.0,209.0,4.59,,39.5,121.0,7.22,
2003,4,128,DEN,False,DE,DL,D,Clemson,,,0,0,0,,Bryant McNeal,DE,Clemson,76.0,248.0,4.88,22.0,34.5,117.0,,
2003,5,129,OAK,False,DE,DL,D,South Florida,21.0,2004.0,0,0,0,0.0,Shurron Pierson,DE,South Florida,74.0,243.0,4.63,,39.0,128.0,,
2003,5,130,TAM,False,T,OL,O,West Virginia,,,0,0,0,,Lance Nimmo,OT,West Virginia,77.0,303.0,5.28,20.0,27.0,90.0,8.21,4.96
2003,5,131,PHI,False,DE,DL,D,Miami (FL),23.0,2005.0,0,0,0,1.0,Jamaal Green,DE,Miami (FL),74.0,272.0,4.78,27.0,35.5,119.0,,
2003,5,132,JAX,False,RB,RB,O,LSU,22.0,2007.0,0,0,0,5.0,LaBrandon Toefield,RB,LSU,71.0,233.0,4.6,19.0,,,,
2003,5,133,TAM,False,C,OL,O,Northwestern,22.0,2006.0,0,0,0,,Austin King,C,Northwestern,76.0,299.0,5.42,20.0,28.0,106.0,7.99,4.73
2003,5,134,BAL,False,FB,RB,O,Wake Forest,23.0,2011.0,0,1,5,2.0,Ovie Mughelli,FB,Wake Forest,73.0,255.0,4.73,,31.5,114.0,7.78,4.32
2003,5,135,SEA,False,LB,LB,D,Arizona St.,21.0,2004.0,0,0,0,2.0,Solomon Bates,ILB,Arizona State,73.0,243.0,4.89,19.0,30.0,112.0,7.23,4.34
2003,5,136,CIN,False,LB,LB,D,Mars Hill,24.0,2003.0,0,0,0,1.0,Khalid Abdullah,OLB,Mars Hill,74.0,227.0,4.61,26.0,36.5,126.0,7.13,4.25
2003,5,137,DET,False,DB,DB,D,North Carolina St.,23.0,2008.0,0,0,3,13.0,Terrence Holt,S,North Carolina State,74.0,208.0,4.55,13.0,34.5,122.0,6.99,4.03
2003,5,138,IND,False,DE,DL,D,Alabama A&M,22.0,2016.0,1,5,9,67.0,,,,,,,,,,,
2003,5,139,CHI,False,WR,WR,O,Arizona,22.0,2009.0,0,0,3,5.0,Bobby Wade,WR,Arizona,70.0,193.0,4.66,,34.5,115.0,7.01,4.11
2003,5,140,NYJ,False,DB,DB,D,Iowa,23.0,2004.0,0,0,0,1.0,Derek Pagel,S,Iowa,73.0,208.0,4.57,25.0,35.5,115.0,6.87,4.08
2003,5,141,ARI,False,DE,DL,D,Alabama,22.0,2003.0,0,0,0,1.0,Kenny King,DE,Alabama,75.0,281.0,4.95,25.0,35.0,114.0,7.5,4.37
2003,5,142,CLE,False,C,OL,O,Rice,23.0,2011.0,0,2,0,18.0,,,,,,,,,,,
2003,5,143,CHI,False,WR,WR,O,Missouri,22.0,2010.0,0,0,3,6.0,Justin Gage,WR,Missouri,76.0,217.0,4.45,,,,,
2003,5,144,DET,False,LB,LB,D,West Virginia,24.0,2005.0,0,0,2,13.0,,,,,,,,,,,
2003,5,145,CAR,False,DT,DL,D,Alabama,24.0,2008.0,0,0,1,12.0,Kindal Moorehead,DE,Alabama,74.0,285.0,5.0,22.0,32.0,104.0,7.71,4.57
2003,5,146,BAL,False,DT,DL,D,Tennessee,23.0,2013.0,0,0,7,3.0,Aubrayo Franklin,DT,Tennessee,73.0,307.0,5.2,,27.0,100.0,,4.79
2003,5,147,GNB,False,DT,DL,D,Oregon St.,23.0,2004.0,0,0,0,1.0,James Lee,DT,Oregon State,76.0,327.0,4.98,23.0,30.0,106.0,7.78,4.69
2003,5,148,STL,False,FB,RB,O,Eastern Washington,25.0,2003.0,0,0,0,0.0,Dan Curley,TE,East. Washington,76.0,254.0,4.63,17.0,35.5,118.0,7.47,4.53
2003,5,149,SDG,False,P,P,S,Western Illinois,22.0,2015.0,0,0,0,23.0,Mike Scifres,P,West. Illinois,74.0,236.0,4.91,,,,,
2003,5,150,NYJ,False,DE,DL,D,Miami (FL),24.0,2003.0,0,0,0,1.0,Matt Walters,DE,Miami (FL),76.0,272.0,4.9,30.0,,,,
2003,5,151,BUF,False,T,OL,O,Iowa,24.0,2003.0,0,0,0,0.0,Ben Sobieski,OG,Iowa,77.0,307.0,5.0,18.0,30.0,109.0,7.7,4.49
2003,5,152,CLE,False,DB,DB,D,Minnesota,23.0,2008.0,0,0,1,4.0,Michael Lehan,CB,Minnesota,72.0,196.0,4.48,13.0,34.5,119.0,6.95,4.15
2003,5,153,KAN,False,T,OL,O,Notre Dame,23.0,2012.0,0,0,2,16.0,Jordan Black,OT,Notre Dame,78.0,314.0,5.18,,30.0,106.0,7.65,4.5
2003,5,154,TEN,False,DB,DB,D,Ohio St.,23.0,2010.0,0,0,0,8.0,Donnie Nickey,S,Ohio State,74.0,220.0,4.65,17.0,33.5,119.0,7.08,4.16
2003,5,155,NOR,False,DE,DL,D,Kansas St.,24.0,2004.0,0,0,0,2.0,,,,,,,,,,,
2003,5,156,MIA,False,TE,TE,O,Mississippi St.,23.0,2011.0,0,0,5,2.0,Donald Lee,TE,Mississippi State,75.0,249.0,4.82,26.0,39.0,120.0,7.42,4.42
2003,5,157,DEN,False,G,OL,O,Mississippi,23.0,2009.0,0,0,0,,Ben Claxton,C,Mississippi,75.0,301.0,5.16,,27.0,102.0,7.81,4.69
2003,5,158,DEN,False,WR,WR,O,TCU,23.0,2003.0,0,0,0,0.0,Adrian Madise,WR,TCU,71.0,215.0,4.49,,32.0,119.0,7.32,4.26
2003,5,159,ATL,False,WR,WR,O,Cincinnati,,,0,0,0,,,,,,,,,,,,
2003,5,160,NYG,False,G,OL,O,Illinois,22.0,2013.0,0,1,11,67.0,David Diehl,OG,Illinois,78.0,310.0,5.26,22.0,28.0,96.0,8.1,4.97
2003,6,161,SFO,False,TE,TE,O,Florida,23.0,2007.0,0,0,0,2.0,Aaron Walker,TE,Florida,78.0,252.0,4.72,24.0,33.5,115.0,7.57,4.3
2003,6,162,IND,False,LB,LB,D,Tennessee,23.0,2004.0,0,0,0,0.0,Keyon Whiteside,ILB,Tennessee,72.0,229.0,4.8,27.0,29.0,111.0,7.32,4.34
2003,6,163,PIT,False,QB,QB,O,Boston Col.,23.0,2010.0,0,0,0,0.0,,,,,,,,,,,
2003,6,164,NWE,False,C,OL,O,Boston Col.,23.0,2012.0,0,1,9,68.0,Dan Koppen,C,Boston Col.,75.0,297.0,5.43,27.0,28.5,101.0,8.26,4.56
2003,6,165,SEA,False,FB,RB,O,Syracuse,23.0,2003.0,0,0,0,0.0,Chris Davis,FB,Syracuse,71.0,235.0,4.56,21.0,38.5,116.0,7.25,4.37
2003,6,166,GNB,False,LB,LB,D,Vanderbilt,22.0,2010.0,0,0,5,,,,,,,,,,,,
2003,6,167,OAK,False,WR,WR,O,Central Florida,23.0,2006.0,0,0,1,10.0,Doug Gabriel,WR,Central Florida,74.0,213.0,4.52,,35.5,116.0,7.05,4.16
2003,6,168,TAM,False,G,OL,O,Notre Dame,23.0,2009.0,0,0,3,16.0,Sean Mahan,OG,Notre Dame,75.0,301.0,5.14,30.0,30.0,105.0,7.75,4.77
2003,6,169,MIA,False,WR,WR,O,San Diego St.,,,0,0,0,,J.R. Tolver,WR,San Diego State,73.0,202.0,4.67,,36.0,119.0,6.99,4.23
2003,6,170,STL,False,DB,DB,D,Notre Dame,23.0,2003.0,0,0,0,0.0,Shane Walton,CB,Notre Dame,71.0,184.0,4.67,11.0,31.0,109.0,7.05,4.29
2003,6,171,CHI,False,DT,DL,D,Florida,23.0,2003.0,0,0,0,0.0,Tron LaFavor,DT,Florida,74.0,290.0,5.08,26.0,28.0,106.0,,
2003,6,172,STL,False,DB,DB,D,SMU,23.0,2006.0,0,0,0,2.0,Kevin Garrett,CB,SMU,69.0,194.0,4.32,,35.0,129.0,6.9,3.96
2003,6,173,BAL,False,T,OL,O,Illinois,23.0,2013.0,0,0,5,9.0,Tony Pashos,OT,Illinois,78.0,337.0,5.3,38.0,,,,
2003,6,174,CIN,False,DT,DL,D,South Carolina,22.0,2008.0,0,0,0,4.0,Langston Moore,DT,South Carolina,73.0,303.0,5.04,29.0,32.0,104.0,7.64,4.29
2003,6,175,DET,False,WR,WR,O,Grand Valley St.,23.0,2006.0,0,0,0,1.0,,,,,,,,,,,
2003,6,176,JAX,False,DE,DL,D,Rice,23.0,2006.0,0,0,0,0.0,Brandon Green,DE,Rice,74.0,267.0,4.78,19.0,32.0,105.0,7.23,4.32
2003,6,177,ARI,False,G,OL,O,Clarion,22.0,2012.0,0,0,6,39.0,Reggie Wells,OT,Clarion,75.0,300.0,5.16,23.0,29.0,104.0,8.35,4.56
2003,6,178,DAL,False,DB,DB,D,Wisconsin,22.0,2006.0,0,0,0,,B.J. Tucker,CB,Wisconsin,70.0,188.0,4.34,16.0,35.0,123.0,7.25,4.2
2003,6,179,JAX,False,DB,DB,D,Georgia Southern,24.0,2003.0,0,0,0,,,,,,,,,,,,
2003,6,180,MIN,False,P,P,S,Idaho St.,22.0,2003.0,0,0,0,1.0,Eddie Johnson,P,Idaho State,75.0,232.0,5.17,,,,,
2003,6,181,MIA,False,LB,LB,D,South Carolina,27.0,2004.0,0,0,0,1.0,,,,,,,,,,,
2003,6,182,BAL,False,DB,DB,D,Notre Dame,22.0,2007.0,0,0,0,3.0,Gerome Sapp,S,Notre Dame,72.0,216.0,4.64,,36.5,112.0,7.13,4.3
2003,6,183,SEA,False,DT,DL,D,Tennessee,24.0,2007.0,0,0,1,10.0,Rashad Moore,DT,Tennessee,75.0,324.0,5.1,,,,,
2003,6,184,STL,False,G,OL,O,California,21.0,2004.0,0,0,0,2.0,Scott Tercero,OG,California,76.0,303.0,5.23,25.0,28.5,103.0,7.81,4.51
2003,6,185,PHI,False,G,OL,O,Southern Miss,23.0,2012.0,0,0,2,,Jeremy Bridges,OG,Southern Miss,76.0,301.0,5.38,25.0,28.5,96.0,8.12,4.77
2003,6,186,DAL,False,WR,WR,O,Hampton,23.0,2003.0,0,0,0,0.0,,,,,,,,,,,
2003,6,187,BUF,False,DT,DL,D,Utah,23.0,2005.0,0,0,0,1.0,Lauvale Sape,DT,Utah,74.0,297.0,5.21,,31.5,111.0,7.73,4.72
2003,6,188,SDG,False,DB,DB,D,Houston,23.0,2007.0,0,1,0,4.0,Hanik Milligan,S,Houston,74.0,201.0,4.52,9.0,36.5,130.0,7.11,4.18
2003,6,189,KAN,False,DE,DL,D,Oklahoma,22.0,2010.0,0,0,1,6.0,Jimmy Wilkerson,DE,Oklahoma,75.0,271.0,4.91,29.0,34.5,114.0,7.45,4.4
2003,6,190,MIN,False,LB,LB,D,Florida,22.0,2004.0,0,0,0,3.0,,,,,,,,,,,
2003,6,191,CHI,False,LB,LB,D,Purdue,23.0,2005.0,0,0,0,6.0,Joe Odom,OLB,Purdue,73.0,241.0,4.6,26.0,,,,
2003,6,192,HOU,False,QB,QB,O,Michigan,23.0,2008.0,0,0,0,,,,,,,,,,,,
2003,7,193,JAX,False,T,OL,O,Howard,,,0,0,0,,,,,,,,,,,,
2003,7,194,DEN,False,DE,DL,D,Texas Tech,,,0,0,0,,Aaron Hunt,DE,Texas Tech,74.0,267.0,4.86,24.0,30.0,106.0,7.68,4.52
2003,7,195,CLE,False,DE,DL,D,Boston Col.,23.0,2012.0,0,0,2,0.0,Antonio Garay,DE,Boston Col.,75.0,295.0,4.9,,,,,
2003,7,196,ATL,False,WR,WR,O,TCU,23.0,2003.0,0,0,0,0.0,LaTarence Dunbar,WR,TCU,71.0,196.0,4.52,,34.0,122.0,7.41,4.35
2003,7,197,SFO,False,WR,WR,O,Notre Dame,23.0,2011.0,0,0,2,18.0,Arnaz Battle,WR,Notre Dame,73.0,217.0,4.58,,35.0,117.0,6.74,4.06
2003,7,198,IND,False,LB,LB,D,Michigan,23.0,2009.0,0,1,5,25.0,Cato June,S,Michigan,72.0,218.0,4.61,,35.0,113.0,,
2003,7,199,NYG,False,WR,WR,O,SE Missouri St.,23.0,2006.0,0,0,0,2.0,,,,,,,,,,,
2003,7,200,NYJ,False,QB,QB,O,Wisconsin,23.0,2008.0,0,0,1,5.0,,,,,,,,,,,
2003,7,201,NWE,False,QB,QB,O,Texas Tech,24.0,2005.0,0,0,0,,Kliff Kingsbury,QB,Texas Tech,75.0,213.0,4.77,,30.0,101.0,6.92,4.1
2003,7,202,ATL,False,DB,DB,D,Alabama,24.0,2004.0,0,0,0,,,,,,,,,,,,
2003,7,203,NOR,False,WR,WR,O,USC,,,0,0,0,,Kareem Kelly,WR,USC,72.0,186.0,4.42,,35.0,125.0,7.51,4.24
2003,7,204,OAK,False,T,OL,O,BYU,,,0,0,0,,Dustin Rykert,OT,BYU,78.0,327.0,5.42,21.0,26.5,92.0,8.2,4.87
2003,7,205,TAM,False,DB,DB,D,Pittsburgh,22.0,2009.0,0,0,0,5.0,Torrie Cox,CB,Pittsburgh,69.0,181.0,4.55,,32.0,119.0,6.98,4.2
2003,7,206,CHI,False,RB,RB,O,Boise St.,23.0,2004.0,0,0,0,2.0,,,,,,,,,,,
2003,7,207,NYG,False,DB,DB,D,Tuskegee,23.0,2011.0,0,0,1,6.0,,,,,,,,,,,
2003,7,208,IND,False,T,OL,O,Arizona,23.0,2004.0,0,0,0,7.0,Makoa Freitas,OG,Arizona,76.0,307.0,5.05,36.0,24.5,95.0,8.24,4.92
2003,7,209,MIA,False,T,OL,O,San Jose St.,,,0,0,0,,Tim Provost,OT,San Jose State,77.0,301.0,5.23,21.0,28.5,102.0,8.38,4.7
2003,7,210,ARI,False,LB,LB,D,Georgia,23.0,2009.0,0,0,0,,Tony Gilbert,ILB,Georgia,72.0,251.0,4.86,19.0,27.5,109.0,,
2003,7,211,NYG,False,WR,WR,O,Syracuse,23.0,2009.0,0,1,0,5.0,,,,,,,,,,,
2003,7,212,GNB,False,T,OL,O,Notre Dame,,,0,0,0,,Brennan Curtin,OT,Notre Dame,81.0,318.0,5.28,,32.0,100.0,7.98,4.87
2003,7,213,MIA,False,DB,DB,D,Eastern Kentucky,25.0,2013.0,0,1,7,29.0,,,,,,,,,,,
2003,7,214,HOU,False,DT,DL,D,Missouri,,,0,0,0,,,,,,,,,,,,
2003,7,215,CIN,False,T,OL,O,North Carolina St.,22.0,2009.0,0,0,0,6.0,Scott Kooistra,OT,North Carolina State,78.0,316.0,5.14,28.0,31.0,103.0,7.95,4.62
2003,7,216,DET,False,T,OL,O,Wisconsin,,,0,0,0,,Ben Johnson,OT,Wisconsin,78.0,329.0,5.37,30.0,,,,
2003,7,217,HOU,False,DB,DB,D,Louisville,22.0,2006.0,0,0,0,0.0,Curry Burns,S,Louisville,72.0,216.0,4.56,19.0,36.0,120.0,7.04,4.16
2003,7,218,JAX,False,FB,RB,O,USC,24.0,2003.0,0,0,0,0.0,Malaefou MacKenzie,RB,USC,70.0,233.0,4.67,,,,,
2003,7,219,DAL,False,G,OL,O,Colorado,,,0,0,0,,Justin Bates,OG,Colorado,76.0,300.0,5.38,18.0,,,,
2003,7,220,DET,False,DB,DB,D,Cincinnati,23.0,2007.0,0,0,0,,,,,,,,,,,,
2003,7,221,MIN,False,WR,WR,O,Oregon,22.0,2005.0,0,0,0,0.0,Keenan Howry,WR,Oregon,70.0,178.0,4.56,,31.5,114.0,7.34,4.28
2003,7,222,SEA,False,K,K,S,Nebraska,24.0,2016.0,0,1,0,14.0,Josh Brown,K,Nebraska,73.0,202.0,4.81,,,,,
2003,7,223,BAL,False,TE,TE,O,Oklahoma,23.0,2005.0,0,0,0,,Trent Smith,TE,Oklahoma,77.0,243.0,4.79,16.0,35.5,118.0,7.23,4.37
2003,7,224,SEA,False,WR,WR,O,Kansas St.,22.0,2005.0,0,0,0,0.0,,,,,,,,,,,
2003,8,225,TEN,False,G,OL,O,Florida St.,25.0,2005.0,0,0,0,0.0,Todd Williams,OT,Florida State,77.0,340.0,5.08,27.0,32.5,108.0,8.06,4.54
2003,8,226,CAR,False,WR,WR,O,Illinois,23.0,2006.0,0,0,0,0.0,Walter Young,WR,Illinois,77.0,214.0,4.54,,39.0,121.0,6.9,4.25
2003,8,227,DEN,False,DE,DL,D,Florida,,,0,0,0,,Clint Mitchell,DE,Florida,79.0,257.0,4.93,16.0,34.5,115.0,7.36,4.39
2003,8,228,BUF,False,LB,LB,D,Mississippi St.,23.0,2012.0,0,0,2,4.0,Mario Haggan,ILB,Mississippi State,75.0,252.0,4.88,21.0,33.0,110.0,7.55,4.46
2003,8,229,SDG,False,FB,RB,O,South Carolina,23.0,2007.0,0,0,0,1.0,Andrew Pinnock,FB,South Carolina,70.0,265.0,4.62,22.0,,,,
2003,8,230,KAN,False,DT,DL,D,Wake Forest,23.0,2003.0,0,0,0,0.0,,,,,,,,,,,
2003,8,231,NOR,False,WR,WR,O,Florida St.,23.0,2004.0,0,0,0,0.0,Talman Gardner,WR,Florida State,73.0,205.0,4.44,,34.5,116.0,7.54,4.43
2003,8,232,WAS,False,QB,QB,O,Indiana,22.0,2003.0,0,0,0,0.0,,,,,,,,,,,
2003,8,233,HOU,False,C,OL,O,Texas A&M,,,0,0,0,,,,,,,,,,,,
2003,8,234,NWE,False,FB,RB,O,BYU,25.0,2003.0,0,0,0,,Spencer Nead,TE,BYU,76.0,259.0,4.86,19.0,28.5,102.0,7.37,4.34
2003,8,235,DEN,False,RB,RB,O,Alabama,,,0,0,0,,Ahmaad Galloway,RB,Alabama,72.0,223.0,4.65,22.0,,,,
2003,8,236,DET,False,RB,RB,O,Colorado,,,0,0,0,,Brandon Drumm,FB,Colorado,73.0,233.0,4.71,21.0,32.5,113.0,7.18,4.29
2003,8,237,NYJ,False,G,OL,O,Temple,22.0,2005.0,0,0,0,0.0,,,,,,,,,,,
2003,8,238,ATL,False,DE,DL,D,Tennessee,22.0,2007.0,0,0,0,0.0,Demetrin Veal,DE,Tennessee,74.0,288.0,5.24,26.0,,111.0,,
2003,8,239,NWE,False,LB,LB,D,California,23.0,2010.0,0,0,2,15.0,Tully Banta-Cain,DE,California,74.0,264.0,4.79,25.0,,,,
2003,8,240,NYG,False,DB,DB,D,Michigan,,,0,0,0,,Charles Drake,S,Michigan,73.0,205.0,4.52,20.0,,,,
2003,8,241,SFO,False,QB,QB,O,Miami (FL),22.0,2008.0,0,0,0,1.0,Ken Dorsey,QB,Miami (FL),77.0,208.0,4.7,,,,,
2003,8,242,PIT,False,RB,RB,O,Georgia,,,0,0,0,,,,,,,,,,,,
2003,8,243,NWE,False,DT,DL,D,Baylor,23.0,2007.0,0,0,1,0.0,,,,,,,,,,,
2003,8,244,PHI,False,DB,DB,D,LSU,23.0,2006.0,0,0,0,,Norman LeJeune,S,LSU,72.0,200.0,4.65,11.0,33.5,115.0,7.42,4.21
2003,8,245,GNB,False,DB,DB,D,Louisville,23.0,2012.0,0,0,1,,,,,,,,,,,,
2003,8,246,OAK,False,DB,DB,D,New Mexico St.,22.0,2005.0,0,0,0,0.0,,,,,,,,,,,
2003,8,247,CAR,False,RB,RB,O,Stanford,,,0,0,0,,Casey Moore,FB,Stanford,74.0,240.0,4.65,22.0,32.5,114.0,7.29,4.26
2003,8,248,MIA,False,DT,DL,D,Troy,23.0,2004.0,0,0,0,,,,,,,,,,,,
2003,8,249,NYG,False,G,OL,O,Colorado,23.0,2004.0,0,0,1,9.0,Wayne Lucier,C,Colorado,76.0,301.0,5.28,,,,,
2003,8,250,BAL,False,C,OL,O,Central Florida,,,0,0,0,,,,,,,,,,,,
2003,8,251,STL,False,LB,LB,D,Nebraska,23.0,2012.0,0,0,7,0.0,Scott Shanle,OLB,Nebraska,74.0,245.0,4.72,20.0,31.0,111.0,7.27,4.32
2003,8,252,KAN,False,DB,DB,D,Virginia Tech,23.0,2005.0,0,0,0,2.0,Willie Pile,S,Virginia Tech,74.0,206.0,4.57,14.0,38.0,125.0,6.77,4.21
2003,8,253,GNB,False,WR,WR,O,South Florida,,,0,0,0,,,,,,,,,,,,
2003,8,254,STL,False,TE,TE,O,Western New Mexico,23.0,2008.0,0,0,0,0.0,,,,,,,,,,,
2003,8,255,NYG,False,WR,WR,O,Eastern Michigan,22.0,2012.0,0,0,6,,,,,,,,,,,,
2003,8,256,GNB,False,WR,WR,O,Toledo,22.0,2005.0,0,0,0,,,,,,,,,,,,
2003,9,257,GNB,False,LB,LB,D,Carson-Newman,23.0,2004.0,0,0,0,0.0,,,,,,,,,,,
2003,9,258,BAL,False,DB,DB,D,Utah,,,0,0,0,,Antwoine Sanders,S,Utah,74.0,202.0,4.54,14.0,37.5,128.0,7.44,4.45
2003,9,259,CIN,False,DE,DL,D,Central Florida,22.0,2004.0,0,0,0,0.0,,,,,,,,,,,
2003,9,260,DET,False,WR,WR,O,Memphis,,,0,0,0,,,,,,,,,,,,
2003,9,261,CHI,False,G,OL,O,Pittsburgh,23.0,2004.0,0,0,0,0.0,,,,,,,,,,,
2003,9,262,OAK,False,WR,WR,O,Gustavus Adolphus,,,0,0,0,,Ryan Hoag,WR,Gustavus Adolphus,74.0,200.0,4.51,,38.0,125.0,6.72,3.95
2004,1,1,SDG,False,QB,QB,O,Mississippi,23.0,2019.0,0,4,14,,Eli Manning,QB,Mississippi,77.0,221.0,4.9,,,,,
2004,1,2,OAK,False,T,OL,O,Iowa,24.0,2011.0,0,0,7,35.0,Robert Gallery,OT,Iowa,79.0,323.0,4.98,24.0,30.0,105.0,7.42,4.38
2004,1,3,ARI,True,WR,WR,O,Pittsburgh,21.0,2020.0,1,11,17,93.0,Larry Fitzgerald,WR,Pittsburgh,75.0,225.0,4.48,,,,,
2004,1,4,NYG,False,QB,QB,O,North Carolina St.,22.0,2025.0,0,8,15,,Philip Rivers,QB,North Carolina State,77.0,229.0,5.08,,,,,
2004,1,5,WAS,False,DB,DB,D,Miami (FL),21.0,2007.0,0,2,4,32.0,Sean Taylor,S,Miami (FL),74.0,230.0,4.51,,,,,
2004,1,6,CLE,False,TE,TE,O,Miami (FL),21.0,2013.0,0,1,5,19.0,Kellen Winslow,TE,Miami (FL),76.0,251.0,4.55,24.0,,120.0,,
2004,1,7,DET,False,WR,WR,O,Texas,22.0,2011.0,0,1,7,30.0,Roy Williams,WR,Texas,74.0,212.0,4.48,,,,,
2004,1,8,ATL,False,DB,DB,D,Virginia Tech,20.0,2017.0,0,3,10,28.0,DeAngelo Hall,CB,Virginia Tech,70.0,202.0,4.34,,,,,
2004,1,9,JAX,False,WR,WR,O,Washington,21.0,2008.0,0,0,3,23.0,Reggie Williams,WR,Washington,76.0,229.0,4.56,,,,,
2004,1,10,HOU,False,DB,DB,D,South Carolina,22.0,2013.0,0,0,8,23.0,Dunta Robinson,CB,South Carolina,71.0,186.0,4.34,15.0,36.0,120.0,6.97,3.75
2004,1,11,PIT,False,QB,QB,O,Miami (OH),22.0,2021.0,0,6,17,131.0,Ben Roethlisberger,QB,Miami (OH),77.0,241.0,4.75,,,,,
2004,1,12,NYJ,False,LB,LB,D,Miami (FL),22.0,2013.0,0,3,8,25.0,Jonathan Vilma,ILB,Miami (FL),72.0,233.0,4.61,,,,,
2004,1,13,BUF,False,WR,WR,O,Wisconsin,23.0,2011.0,0,0,7,47.0,Lee Evans,WR,Wisconsin,71.0,197.0,4.39,,34.5,120.0,,
2004,1,14,CHI,False,DT,DL,D,Oklahoma,21.0,2011.0,0,3,6,55.0,Tommie Harris,DT,Oklahoma,74.0,295.0,4.78,29.0,,,,
2004,1,15,TAM,False,WR,WR,O,LSU,21.0,2011.0,0,0,5,22.0,Michael Clayton,WR,LSU,75.0,209.0,4.67,,32.5,116.0,6.77,4.09
2004,1,16,PHI,False,G,OL,O,Arkansas,21.0,2010.0,1,2,3,32.0,Shawn Andrews,OT,Arkansas,76.0,366.0,5.49,27.0,25.0,98.0,8.25,4.85
2004,1,17,DEN,False,LB,LB,D,Miami (FL),22.0,2014.0,0,0,9,45.0,D.J. Williams,OLB,Miami (FL),73.0,250.0,4.55,,,,,
2004,1,18,NOR,False,DE,DL,D,Ohio St.,23.0,2012.0,0,1,7,52.0,Will Smith,DE,Ohio State,75.0,275.0,4.6,,,,,
2004,1,19,MIA,False,T,OL,O,Miami (FL),23.0,2011.0,0,0,7,44.0,Vernon Carey,OG,Miami (FL),76.0,335.0,5.33,30.0,,,,
2004,1,20,MIN,False,DE,DL,D,USC,21.0,2007.0,0,0,3,20.0,Kenechi Udeze,DE,USC,75.0,281.0,4.77,,,,,
2004,1,21,NWE,False,NT,DL,D,Miami (FL),22.0,2016.0,1,5,11,81.0,Vince Wilfork,DT,Miami (FL),73.0,323.0,5.08,36.0,,,,
2004,1,22,BUF,False,QB,QB,O,Tulane,23.0,2011.0,0,0,1,19.0,J.P. Losman,QB,Tulane,74.0,224.0,4.73,,33.0,116.0,,
2004,1,23,SEA,False,DT,DL,D,Texas,23.0,2006.0,0,0,1,9.0,Marcus Tubbs,DT,Texas,76.0,321.0,5.05,29.0,32.5,105.0,,
2004,1,24,STL,False,RB,RB,O,Oregon St.,21.0,2015.0,0,3,10,68.0,Steven Jackson,RB,Oregon State,73.0,241.0,4.55,,,,,
2004,1,25,GNB,False,DB,DB,D,Arkansas,21.0,2009.0,0,0,2,13.0,Ahmad Carroll,CB,Arkansas,70.0,195.0,4.34,15.0,41.0,128.0,,
2004,1,26,CIN,False,RB,RB,O,Michigan,22.0,2008.0,0,0,0,9.0,Chris Perry,RB,Michigan,72.0,224.0,4.56,19.0,,,,
2004,1,27,HOU,False,LB,LB,D,Western Michigan,24.0,2015.0,0,2,5,9.0,Jason Babin,DE,West. Michigan,75.0,260.0,4.62,28.0,34.0,121.0,7.03,4.14
2004,1,28,CAR,False,DB,DB,D,Ohio St.,21.0,2012.0,0,0,8,44.0,Chris Gamble,CB,Ohio State,73.0,198.0,4.52,,,,,
2004,1,29,ATL,False,WR,WR,O,Ohio St.,22.0,2012.0,0,0,6,33.0,Michael Jenkins,WR,Ohio State,76.0,218.0,4.4,,,,,
2004,1,30,DET,False,RB,RB,O,Virginia Tech,22.0,2008.0,0,0,4,26.0,Kevin Jones,RB,Virginia Tech,72.0,227.0,4.38,,38.0,120.0,,
2004,1,31,SFO,False,WR,WR,O,Oklahoma St.,23.0,2004.0,0,0,0,1.0,Rashaun Woods,WR,Oklahoma State,74.0,202.0,4.47,,39.0,125.0,6.93,3.97
2004,1,32,NWE,False,TE,TE,O,Georgia,23.0,2019.0,0,0,11,19.0,Benjamin Watson,TE,Georgia,75.0,258.0,4.5,34.0,35.5,123.0,7.38,4.11
2004,2,33,ARI,False,LB,LB,D,Auburn,22.0,2017.0,0,0,13,53.0,Karlos Dansby,OLB,Auburn,75.0,251.0,4.58,,,,,
2004,2,34,NYG,False,G,OL,O,Boston Col.,22.0,2013.0,1,4,9,75.0,Chris Snee,OG,Boston Col.,75.0,314.0,5.1,29.0,30.5,104.0,7.75,4.66
2004,2,35,SDG,False,DE,DL,D,Oregon,22.0,2011.0,0,0,7,28.0,Igor Olshansky,DT,Oregon,77.0,315.0,4.96,41.0,33.5,110.0,7.61,4.41
2004,2,36,KAN,False,DT,DL,D,Oregon,25.0,2010.0,0,0,0,2.0,Junior Siavii,DT,Oregon,76.0,344.0,5.16,31.0,24.5,93.0,7.93,4.84
2004,2,37,DET,False,LB,LB,D,Oklahoma,22.0,2008.0,0,0,1,9.0,Teddy Lehman,OLB,Oklahoma,73.0,240.0,4.55,26.0,34.5,113.0,6.91,4.06
2004,2,38,PIT,False,DB,DB,D,Tusculum,20.0,2009.0,0,0,0,2.0,Ricardo Colclough,CB,Tusculum,71.0,194.0,4.49,8.0,39.5,127.0,,
2004,2,39,JAX,False,LB,LB,D,Georgia Tech,22.0,2016.0,0,0,12,47.0,Daryl Smith,OLB,Georgia Tech,74.0,234.0,4.67,24.0,,,,
2004,2,40,TEN,False,TE,TE,O,Florida,22.0,2008.0,0,0,2,8.0,Ben Troupe,TE,Florida,76.0,265.0,4.65,,,,,
2004,2,41,DEN,False,RB,RB,O,Oklahoma St.,23.0,2008.0,0,0,1,20.0,Tatum Bell,RB,Oklahoma State,71.0,212.0,4.37,25.0,38.5,117.0,,
2004,2,42,TEN,False,DE,DL,D,Hawaii,23.0,2011.0,0,0,3,10.0,Travis Laboy,DE,Hawaii,75.0,263.0,4.69,35.0,35.5,126.0,7.01,4.07
2004,2,43,DAL,False,RB,RB,O,Notre Dame,23.0,2010.0,0,0,6,29.0,Julius Jones,RB,Notre Dame,70.0,217.0,4.47,,37.5,121.0,6.97,4.12
2004,2,44,IND,False,DB,DB,D,Iowa,23.0,2011.0,2,2,2,32.0,Bob Sanders,S,Iowa,68.0,204.0,4.35,15.0,41.5,128.0,6.7,3.91
2004,2,45,OAK,False,C,OL,O,Virginia Tech,24.0,2009.0,0,0,4,15.0,Jake Grove,C,Virginia Tech,75.0,303.0,5.16,31.0,,,,
2004,2,46,SFO,False,G,OL,O,Alabama,22.0,2010.0,0,0,5,16.0,Justin Smiley,OG,Alabama,75.0,298.0,5.07,19.0,32.0,111.0,7.72,4.41
2004,2,47,CHI,False,DT,DL,D,Washington,22.0,2010.0,0,0,2,11.0,Tank Johnson,DT,Washington,75.0,304.0,4.69,31.0,34.0,114.0,7.56,4.6
2004,2,48,MIN,False,LB,LB,D,Auburn,24.0,2008.0,0,0,0,8.0,Dontarrious Thomas,OLB,Auburn,74.0,241.0,4.57,26.0,38.5,129.0,,4.0
2004,2,49,CIN,False,DB,DB,D,Florida,23.0,2010.0,0,0,0,6.0,Keiwan Ratliff,CB,Florida,70.0,194.0,4.56,11.0,,,,
2004,2,50,NOR,False,WR,WR,O,LSU,22.0,2012.0,0,0,6,36.0,Devery Henderson,WR,LSU,71.0,198.0,4.41,,,,,
2004,2,51,BAL,False,DT,DL,D,Oregon St.,23.0,2015.0,0,0,5,15.0,Dwan Edwards,DT,Oregon State,75.0,313.0,5.12,25.0,28.0,105.0,7.59,4.68
2004,2,52,DAL,False,T,OL,O,USC,23.0,2004.0,0,0,0,0.0,Jacob Rogers,OT,USC,78.0,307.0,5.3,30.0,,,,
2004,2,53,SEA,False,DB,DB,D,Florida St.,22.0,2007.0,0,0,2,15.0,Michael Boulware,OLB,Florida State,74.0,225.0,4.5,,,,6.89,3.92
2004,2,54,DEN,False,WR,WR,O,Marshall,22.0,2005.0,0,0,0,4.0,Darius Watts,WR,Marshall,73.0,188.0,4.5,,,,,
2004,2,55,JAX,False,RB,RB,O,Florida St.,23.0,2013.0,0,0,5,9.0,Greg Jones,RB,Florida State,73.0,249.0,4.55,,,,,
2004,2,56,CIN,False,DB,DB,D,Maryland,22.0,2012.0,0,0,7,18.0,Madieu Williams,S,Maryland,72.0,193.0,4.48,18.0,,125.0,,
2004,2,57,TEN,False,DE,DL,D,Alabama,22.0,2010.0,0,0,4,16.0,Antwan Odom,DE,Alabama,78.0,274.0,4.71,21.0,37.0,114.0,7.3,4.44
2004,2,58,SFO,False,DB,DB,D,Pittsburgh,22.0,2012.0,0,0,5,25.0,,,,,,,,,,,
2004,2,59,CLE,False,DB,DB,D,Georgia,22.0,2011.0,0,0,6,18.0,Sean Jones,S,Georgia,73.0,218.0,4.63,,36.5,122.0,7.19,
2004,2,60,NOR,False,LB,LB,D,Notre Dame,23.0,2005.0,0,0,1,7.0,Courtney Watson,OLB,Notre Dame,73.0,237.0,4.56,22.0,36.5,114.0,7.39,4.35
2004,2,61,KAN,False,TE,TE,O,Pittsburgh,23.0,2011.0,0,0,2,2.0,Kris Wilson,TE,Pittsburgh,74.0,248.0,4.62,24.0,35.0,119.0,6.88,4.1
2004,2,62,CAR,False,WR,WR,O,USC,22.0,2011.0,0,0,3,13.0,Keary Colbert,WR,USC,73.0,207.0,4.6,,30.0,,,
2004,2,63,NWE,False,DE,DL,D,LSU,22.0,2006.0,0,0,0,1.0,Marquise Hill,DE,LSU,79.0,305.0,5.12,23.0,29.0,106.0,,
2004,2,64,ARI,False,DT,DL,D,Florida St.,23.0,2013.0,0,3,10,69.0,Darnell Dockett,DT,Florida State,75.0,297.0,5.0,26.0,31.0,105.0,,
2004,3,65,SDG,False,K,K,S,Iowa,22.0,2012.0,1,2,0,21.0,Nate Kaeding,K,Iowa,72.0,187.0,4.95,,,,,
2004,3,66,SDG,False,C,OL,O,Purdue,23.0,2014.0,0,1,9,67.0,Nick Hardwick,C,Purdue,75.0,295.0,5.2,27.0,34.0,108.0,7.72,4.55
2004,3,67,OAK,False,DB,DB,D,Purdue,23.0,2008.0,0,0,3,15.0,Stuart Schweigert,S,Purdue,74.0,218.0,4.47,18.0,38.0,124.0,6.68,3.89
2004,3,68,IND,False,TE,TE,O,Ohio St.,24.0,2013.0,0,0,2,0.0,Ben Hartsock,TE,Ohio State,76.0,263.0,4.8,23.0,35.0,117.0,7.1,3.98
2004,3,69,IND,False,LB,LB,D,Purdue,22.0,2008.0,0,0,1,7.0,Gilbert Gardner,OLB,Purdue,73.0,229.0,4.65,,,,,
2004,3,70,GNB,False,DB,DB,D,Montana St.,24.0,2008.0,0,0,0,2.0,Joey Thomas,CB,Montana State,73.0,195.0,4.44,17.0,38.5,122.0,6.82,3.88
2004,3,71,TEN,False,DT,DL,D,Maryland,20.0,2015.0,0,2,8,10.0,Randy Starks,DT,Maryland,75.0,314.0,5.08,27.0,29.5,102.0,,
2004,3,72,GNB,False,DT,DL,D,Clemson,,,0,0,0,,Donnell Washington,DT,Clemson,77.0,332.0,5.0,34.0,31.0,109.0,7.8,4.88
2004,3,73,DET,False,DB,DB,D,McNeese St.,24.0,2009.0,0,0,0,6.0,Keith Smith,CB,McNeese State,71.0,201.0,4.48,12.0,36.5,116.0,,
2004,3,74,BUF,False,DT,DL,D,Ohio St.,23.0,2007.0,0,0,1,7.0,Tim Anderson,DT,Ohio State,75.0,307.0,5.01,,,,,
2004,3,75,PIT,False,T,OL,O,Florida,22.0,2013.0,0,0,6,44.0,Max Starks,OT,Florida,79.0,350.0,5.56,21.0,27.5,98.0,7.88,4.65
2004,3,76,NYJ,False,DB,DB,D,Oklahoma,24.0,2006.0,0,0,0,4.0,Derrick Strait,CB,Oklahoma,71.0,196.0,4.52,,,,,
2004,3,77,SFO,False,WR,WR,O,Clemson,22.0,2004.0,0,0,0,0.0,Derrick Hamilton,WR,Clemson,75.0,196.0,4.54,,,,,
2004,3,78,CHI,False,WR,WR,O,Fresno St.,23.0,2011.0,0,0,5,14.0,Bernard Berrian,WR,Fresno State,73.0,183.0,4.58,,38.0,128.0,7.34,4.18
2004,3,79,TAM,False,LB,LB,D,Washington,22.0,2008.0,0,0,0,2.0,Marquis Cooper,OLB,Washington,75.0,223.0,4.55,25.0,36.5,121.0,7.02,4.12
2004,3,80,CIN,False,LB,LB,D,Arkansas,24.0,2007.0,0,0,0,8.0,Caleb Miller,ILB,Arkansas,75.0,224.0,4.66,23.0,34.5,120.0,6.85,3.93
2004,3,81,WAS,False,TE,TE,O,Utah St.,22.0,2012.0,0,2,6,34.0,Chris Cooley,TE,Utah State,75.0,265.0,4.87,22.0,33.0,115.0,7.21,4.19
2004,3,82,BAL,False,WR,WR,O,Washington St.,22.0,2008.0,0,0,1,2.0,Devard Darling,WR,Washington State,73.0,213.0,4.52,,37.0,129.0,,
2004,3,83,DAL,False,G,OL,O,LSU,22.0,2012.0,0,0,6,0.0,Stephen Peterman,OG,LSU,76.0,312.0,5.46,23.0,24.5,95.0,7.87,4.68
2004,3,84,SEA,False,T,OL,O,North Carolina St.,23.0,2012.0,0,0,6,32.0,Sean Locklear,OG,North Carolina State,76.0,308.0,5.16,27.0,29.0,100.0,7.85,4.56
2004,3,85,DEN,False,DB,DB,D,Michigan,23.0,2005.0,0,0,0,,Jeremy LeSueur,CB,Michigan,72.0,197.0,4.53,,35.0,116.0,,
2004,3,86,JAX,False,LB,LB,D,Nevada,22.0,2007.0,0,0,0,1.0,Jorge Cordova,ILB,Nevada,73.0,241.0,4.65,22.0,35.5,,7.25,4.16
2004,3,87,GNB,False,P,P,S,Ohio St.,24.0,2005.0,0,0,0,1.0,B.J. Sander,P,Ohio State,76.0,219.0,4.84,,,,,
2004,3,88,MIN,False,DE,DL,D,Ohio St.,22.0,2011.0,0,0,2,15.0,Darrion Scott,DE,Ohio State,75.0,289.0,4.81,,36.5,118.0,,4.32
2004,3,89,PHI,False,DB,DB,D,UCLA,21.0,2010.0,0,0,0,2.0,Matt Ware,S,UCLA,74.0,209.0,4.54,15.0,,,,
2004,3,90,ATL,False,QB,QB,O,Virginia,23.0,2020.0,0,2,7,4.0,Matt Schaub,QB,Virginia,78.0,243.0,5.04,,30.5,110.0,7.65,4.62
2004,3,91,STL,False,DE,DL,D,Georgia Tech,21.0,2011.0,0,0,1,7.0,,,,,,,,,,,
2004,3,92,TEN,False,DB,DB,D,Penn St.,23.0,2006.0,0,0,0,2.0,Rich Gardner,CB,Penn State,71.0,199.0,4.46,11.0,36.5,123.0,6.91,3.91
2004,3,93,KAN,False,LB,LB,D,Georgia Tech,22.0,2011.0,0,0,0,4.0,Keyaron Fox,OLB,Georgia Tech,74.0,227.0,4.65,28.0,,,,
2004,3,94,CAR,False,T,OL,O,South Carolina,23.0,2013.0,0,0,8,45.0,Travelle Wharton,OT,South Carolina,76.0,312.0,5.14,,31.5,105.0,8.31,4.58
2004,3,95,NWE,False,DB,DB,D,Florida,23.0,2006.0,0,0,0,1.0,Guss Scott,S,Florida,70.0,204.0,4.46,20.0,39.0,124.0,,
2004,3,96,CIN,False,LB,LB,D,Purdue,23.0,2010.0,0,0,5,22.0,Landon Johnson,OLB,Purdue,74.0,227.0,4.65,20.0,37.5,120.0,7.0,4.08
2004,4,97,NYG,False,LB,LB,D,Auburn,23.0,2010.0,0,0,2,11.0,Reggie Torbor,DE,Auburn,74.0,254.0,4.65,16.0,34.0,120.0,7.48,4.46
2004,4,98,SDG,False,DE,DL,D,Purdue,23.0,2014.0,0,1,8,48.0,Shaun Phillips,DE,Purdue,75.0,255.0,4.78,,33.0,114.0,6.95,4.23
2004,4,99,OAK,False,WR,WR,O,Texas Tech,23.0,2004.0,0,0,0,0.0,Carlos Francis,WR,Texas Tech,69.0,198.0,4.33,,38.5,114.0,6.97,4.06
2004,4,100,ARI,False,C,OL,O,Ohio St.,22.0,2008.0,0,0,1,12.0,Alex Stepanovich,C,Ohio State,75.0,304.0,5.29,,25.5,96.0,7.64,4.44
2004,4,101,ATL,False,LB,LB,D,Nebraska,24.0,2012.0,0,0,5,20.0,Demorrio Williams,OLB,Nebraska,73.0,232.0,4.52,16.0,37.0,125.0,7.02,4.11
2004,4,102,MIA,False,DB,DB,D,USC,23.0,2004.0,0,0,0,1.0,Will Poole,CB,USC,70.0,194.0,4.47,16.0,,,,
2004,4,103,TEN,False,DE,DL,D,TCU,23.0,2007.0,0,0,0,2.0,Bo Schobel,DE,TCU,77.0,271.0,4.8,25.0,32.5,109.0,6.94,4.38
2004,4,104,SFO,False,DT,DL,D,Hawaii,23.0,2013.0,0,0,5,35.0,Isaac Sopoaga,DT,Hawaii,74.0,317.0,4.97,42.0,30.5,99.0,7.79,4.66
2004,4,105,KAN,False,WR,WR,O,Oregon,23.0,2007.0,0,0,2,13.0,Samie Parker,WR,Oregon,70.0,179.0,4.39,,36.0,,,
2004,4,106,CLE,False,QB,QB,O,Louisiana Tech,23.0,2015.0,0,0,0,2.0,Luke McCown,QB,Louisiana Tech,76.0,208.0,4.71,,37.5,125.0,6.74,4.21
2004,4,107,IND,False,LB,LB,D,Florida St.,23.0,2004.0,0,0,0,0.0,Kendyll Pope,OLB,Florida State,73.0,226.0,4.7,,,118.0,,4.26
2004,4,108,NYJ,False,WR,WR,O,North Carolina St.,22.0,2015.0,0,0,6,37.0,Jerricho Cotchery,WR,North Carolina State,72.0,212.0,4.54,,36.0,121.0,6.93,3.91
2004,4,109,BUF,False,TE,TE,O,Oregon St.,23.0,2007.0,0,0,0,1.0,Tim Euhus,TE,Oregon State,77.0,260.0,4.93,25.0,34.5,115.0,6.99,4.13
2004,4,110,CHI,False,DB,DB,D,Texas,22.0,2010.0,0,1,2,28.0,Nathan Vasher,CB,Texas,70.0,177.0,4.49,,,,,
2004,4,111,TAM,False,DB,DB,D,Ohio St.,22.0,2015.0,0,0,2,12.0,Will Allen,S,Ohio State,72.0,202.0,4.58,,,,,
2004,4,112,CHI,False,LB,LB,D,Maryland,22.0,2007.0,0,0,0,3.0,Leon Joe,OLB,Maryland,72.0,230.0,4.49,30.0,39.0,,,
2004,4,113,NWE,False,DB,DB,D,North Carolina,23.0,2006.0,0,0,0,2.0,Dexter Reid,S,North Carolina,71.0,203.0,4.56,,,,,
2004,4,114,CIN,False,DT,DL,D,Michigan St.,22.0,2005.0,0,0,0,0.0,Matthias Askew,DT,Michigan State,77.0,308.0,5.2,20.0,27.0,101.0,7.55,4.42
2004,4,115,MIN,False,T,OL,O,Georgia Tech,20.0,2007.0,0,0,1,5.0,Nat Dorsey,OT,Georgia Tech,79.0,322.0,5.46,26.0,28.5,102.0,8.3,4.84
2004,4,116,SEA,False,LB,LB,D,Purdue,23.0,2012.0,0,0,0,5.0,Niko Koutouvides,ILB,Purdue,74.0,244.0,4.71,,30.5,108.0,6.98,3.88
2004,4,117,CIN,False,DE,DL,D,Georgia,21.0,2014.0,0,0,7,46.0,Robert Geathers,DE,Georgia,75.0,271.0,4.84,24.0,33.5,112.0,,
2004,4,118,JAX,False,DT,DL,D,Delta St.,25.0,2007.0,0,0,1,1.0,,,,,,,,,,,
2004,4,119,MIN,False,RB,RB,O,Tulane,22.0,2012.0,0,0,1,17.0,Mewelde Moore,RB,Tulane,71.0,209.0,4.65,,35.0,118.0,7.05,4.12
2004,4,120,JAX,False,WR,WR,O,Virginia Tech,25.0,2010.0,0,0,4,22.0,Ernest Wilford,WR,Virginia Tech,76.0,226.0,4.79,,40.5,130.0,,4.17
2004,4,121,DAL,False,DB,DB,D,Georgia,24.0,2005.0,0,0,1,0.0,Bruce Thornton,CB,Georgia,70.0,197.0,4.5,,37.5,122.0,,
2004,4,122,HOU,False,DB,DB,D,Notre Dame,23.0,2006.0,0,0,2,10.0,Glenn Earl,S,Notre Dame,73.0,222.0,4.65,20.0,,,,
2004,4,123,CIN,False,T,OL,O,Mississippi,23.0,2011.0,0,0,3,15.0,Stacy Andrews,OT,Mississippi,78.0,342.0,5.07,34.0,30.5,106.0,8.09,4.78
2004,4,124,TEN,False,DB,DB,D,North Carolina,23.0,2008.0,0,0,0,4.0,Michael Waddell,CB,North Carolina,71.0,187.0,4.31,14.0,37.5,121.0,6.84,4.03
2004,4,125,IND,False,DB,DB,D,Washington St.,22.0,2008.0,0,0,5,16.0,,,,,,,,,,,
2004,4,126,KAN,True,DE,DL,D,Idaho St.,22.0,2015.0,4,5,12,31.0,Jared Allen,DE,Idaho State,78.0,265.0,4.72,13.0,33.0,120.0,7.11,4.34
2004,4,127,SFO,False,LB,LB,D,Oregon St.,23.0,2006.0,0,0,0,0.0,Richard Seigler,ILB,Oregon State,74.0,244.0,4.86,25.0,,,,
2004,4,128,NWE,False,RB,RB,O,Arkansas,23.0,2006.0,0,0,0,0.0,Cedric Cobbs,RB,Arkansas,72.0,223.0,4.75,,40.0,123.0,,
2004,5,129,PHI,False,DB,DB,D,South Florida,22.0,2008.0,0,0,0,3.0,,,,,,,,,,,
2004,5,130,STL,False,LB,LB,D,UCLA,21.0,2010.0,0,0,2,16.0,Brandon Chillar,OLB,UCLA,75.0,253.0,4.71,23.0,33.0,115.0,,4.08
2004,5,131,PHI,False,G,OL,O,Texas-El Paso,23.0,2005.0,0,0,0,1.0,Trey Darilek,OG,Texas-El Paso,76.0,301.0,5.23,22.0,28.5,110.0,7.85,4.61
2004,5,132,NYJ,False,T,OL,O,Kansas,23.0,2008.0,0,0,2,8.0,Adrian Jones,OT,Kansas,76.0,296.0,4.97,27.0,31.0,114.0,7.81,4.58
2004,5,133,SDG,False,DE,DL,D,UCLA,23.0,2011.0,0,0,1,0.0,Dave Ball,DE,UCLA,77.0,277.0,5.07,24.0,,,,
2004,5,134,OAK,False,WR,WR,O,Syracuse,22.0,2006.0,0,0,0,0.0,Johnnie Morant,WR,Syracuse,76.0,229.0,4.51,,41.0,130.0,7.34,4.22
2004,5,135,ARI,False,DE,DL,D,Oklahoma St.,22.0,2016.0,0,1,8,14.0,Antonio Smith,DE,Oklahoma State,75.0,274.0,5.03,24.0,33.0,108.0,,4.75
2004,5,136,NYG,False,DB,DB,D,Tennessee,22.0,2011.0,0,0,6,21.0,Gibril Wilson,S,Tennessee,72.0,197.0,4.47,15.0,,120.0,,
2004,5,137,JAX,False,K,K,S,Louisiana Tech,22.0,2015.0,0,0,0,26.0,Josh Scobee,K,Louisiana Tech,73.0,191.0,4.87,,,,,
2004,5,138,TEN,False,G,OL,O,Miami (OH),23.0,2011.0,0,0,7,20.0,Jacob Bell,OG,Miami (OH),77.0,302.0,5.22,26.0,,,,
2004,5,139,NOR,False,DT,DL,D,UCLA,23.0,2009.0,0,0,0,2.0,Rodney Leisle,DT,UCLA,75.0,309.0,5.15,31.0,,,,
2004,5,140,DET,False,LB,LB,D,Wisconsin,23.0,2008.0,0,0,1,7.0,Alex Lewis,OLB,Wisconsin,72.0,227.0,4.78,25.0,34.5,121.0,7.06,4.28
2004,5,141,IND,False,G,OL,O,Idaho,23.0,2012.0,0,0,9,35.0,Jake Scott,OT,Idaho,77.0,281.0,5.06,24.0,34.5,110.0,7.96,4.68
2004,5,142,ATL,False,DT,DL,D,LSU,25.0,2005.0,0,0,1,9.0,Chad Lavalais,DT,LSU,73.0,303.0,5.09,,,,,
2004,5,143,NYJ,False,DB,DB,D,Washington St.,22.0,2012.0,0,0,6,19.0,Erik Coleman,S,Washington State,70.0,200.0,4.64,16.0,35.5,117.0,7.03,4.14
2004,5,144,DAL,False,TE,TE,O,Boston Col.,24.0,2009.0,0,0,0,0.0,Sean Ryan,TE,Boston Col.,76.0,268.0,4.97,22.0,32.5,115.0,,
2004,5,145,PIT,False,DE,DL,D,Virginia Tech,,,0,0,0,,Nathaniel Adibi,DE,Virginia Tech,75.0,254.0,4.65,,33.0,118.0,,4.36
2004,5,146,TAM,False,G,OL,O,North Carolina,23.0,2006.0,0,0,0,2.0,Jeb Terry,OG,North Carolina,77.0,313.0,5.2,27.0,29.0,105.0,8.03,4.98
2004,5,147,CHI,False,DE,DL,D,Pittsburgh,,,0,0,0,,Claude Harriott,DE,Pittsburgh,76.0,252.0,4.69,25.0,30.5,118.0,7.44,4.25
2004,5,148,CHI,False,QB,QB,O,Ohio St.,23.0,2004.0,0,0,0,1.0,Craig Krenzel,QB,Ohio State,75.0,228.0,4.84,,28.0,112.0,7.22,4.08
2004,5,149,CIN,False,WR,WR,O,Nevada,21.0,2006.0,0,0,0,,Maurice Mann,WR,Nevada,73.0,191.0,4.57,,34.0,118.0,,
2004,5,150,JAX,False,DB,DB,D,Nicholls St.,22.0,2005.0,0,0,0,,Chris Thompson,CB,Nicholls State,72.0,189.0,4.5,12.0,35.0,117.0,7.09,4.14
2004,5,151,WAS,False,TE,TE,O,California,23.0,2004.0,0,0,0,0.0,Mark Wilson,OT,California,79.0,314.0,5.36,24.0,28.5,108.0,7.53,4.49
2004,5,152,DEN,False,DB,DB,D,San Diego St.,23.0,2007.0,0,0,0,0.0,Jeff Shoate,CB,San Diego State,70.0,189.0,4.62,12.0,36.0,121.0,7.0,3.88
2004,5,153,BAL,False,LB,LB,D,Central Missouri St.,22.0,2008.0,0,0,0,3.0,Roderick Green,DE,Central Missouri State,74.0,245.0,4.7,21.0,34.5,129.0,7.26,4.04
2004,5,154,SDG,False,RB,RB,O,Northern Illinois,22.0,2012.0,1,2,5,9.0,Michael Turner,RB,Northern Illinois,70.0,237.0,4.49,22.0,31.0,114.0,7.5,4.15
2004,5,155,MIN,False,LB,LB,D,Southern Miss,23.0,2006.0,0,0,0,3.0,Rod Davis,ILB,Southern Miss,74.0,239.0,4.76,,,114.0,7.2,4.02
2004,5,156,NOR,False,FB,RB,O,Arizona St.,23.0,2010.0,0,0,7,2.0,Mike Karney,FB,Arizona State,71.0,254.0,5.02,25.0,30.0,103.0,,
2004,5,157,SEA,False,WR,WR,O,Colorado,23.0,2008.0,0,0,0,12.0,D.J. Hackett,WR,Colorado,74.0,199.0,4.53,,41.0,131.0,6.79,4.08
2004,5,158,STL,False,DB,DB,D,Arizona St.,21.0,2004.0,0,0,0,,Jason Shivers,S,Arizona State,72.0,201.0,4.51,19.0,36.0,128.0,,
2004,5,159,JAX,False,T,OL,O,Illinois,,,0,0,0,,Sean Bubin,OT,Illinois,78.0,306.0,5.32,25.0,24.5,97.0,7.66,4.76
2004,5,160,MIA,False,LB,LB,D,Arkansas,24.0,2004.0,0,0,0,1.0,Tony Bua,S,Arkansas,71.0,209.0,4.67,15.0,36.0,120.0,6.75,4.08
2004,6,161,CLE,False,DT,DL,D,Stanford,22.0,2011.0,0,0,0,1.0,,,,,,,,,,,
2004,6,162,PHI,False,FB,RB,O,Minnesota,24.0,2008.0,0,0,2,2.0,Thomas Tapeh,FB,Minnesota,73.0,245.0,4.8,23.0,32.5,114.0,7.65,4.52
2004,6,163,CAR,False,WR,WR,O,Ohio St.,23.0,2007.0,0,0,0,8.0,Drew Carter,WR,Ohio State,76.0,204.0,4.36,,,,,
2004,6,164,NWE,False,WR,WR,O,Florida St.,20.0,2004.0,0,0,0,0.0,P.K. Sam,WR,Florida State,75.0,210.0,4.54,,34.5,,7.04,
2004,6,165,TEN,False,LB,LB,D,Ohio St.,23.0,2006.0,0,0,0,2.0,Robert Reynolds,ILB,Ohio State,75.0,251.0,4.76,18.0,32.5,116.0,7.17,3.94
2004,6,166,OAK,False,DE,DL,D,Delaware,,,0,0,0,,Shawn Johnson,DE,Pittsburgh,76.0,269.0,4.87,,,,,
2004,6,167,ARI,False,C,OL,O,Kansas St.,22.0,2009.0,0,0,3,10.0,Nick Leckey,C,Kansas State,75.0,290.0,5.26,18.0,27.0,97.0,7.71,4.47
2004,6,168,NYG,False,WR,WR,O,Texas A&M,23.0,2005.0,0,0,0,1.0,Jamaar Taylor,WR,Texas A&M,73.0,197.0,4.46,,,,,
2004,6,169,SDG,False,TE,TE,O,Nebraska-Omaha,23.0,2007.0,0,0,0,1.0,Ryan Krause,WR,Nebraska-Omaha,74.0,244.0,4.6,18.0,33.5,119.0,6.78,4.16
2004,6,170,HOU,False,DB,DB,D,Notre Dame,,,0,0,0,,Vontez Duff,CB,Notre Dame,71.0,203.0,4.53,13.0,35.0,120.0,6.94,4.03
2004,6,171,DEN,False,WR,WR,O,Alabama,22.0,2004.0,0,0,0,0.0,Triandos Luke,WR,Alabama,71.0,199.0,4.51,,38.0,124.0,7.06,4.17
2004,6,172,DET,False,T,OL,O,Purdue,22.0,2006.0,0,0,1,6.0,Kelly Butler,OT,Purdue,79.0,320.0,5.11,,30.5,105.0,7.96,4.92
2004,6,173,IND,False,DB,DB,D,Mississippi,23.0,2007.0,0,0,1,1.0,Von Hutchins,CB,Mississippi,70.0,185.0,4.46,11.0,34.5,115.0,7.05,4.06
2004,6,174,MIA,False,G,OL,O,Houston,22.0,2012.0,0,0,5,22.0,Rex Hadnot,C,Houston,74.0,323.0,5.5,27.0,24.5,91.0,7.94,4.66
2004,6,175,HOU,False,DB,DB,D,Nebraska,23.0,2004.0,0,0,0,0.0,,,,,,,,,,,
2004,6,176,CLE,False,T,OL,O,Stanford,25.0,2011.0,0,0,1,1.0,Kirk Chambers,OT,Stanford,79.0,313.0,5.44,22.0,27.0,101.0,7.56,4.4
2004,6,177,PIT,False,T,OL,O,Arkansas,,,0,0,0,,,,,,,,,,,,
2004,6,178,NYJ,False,T,OL,O,Sacramento St.,,,0,0,0,,Marko Cavka,OT,Sacramento State,79.0,294.0,5.17,27.0,27.5,107.0,7.53,4.37
2004,6,179,GNB,False,DT,DL,D,Arkansas St.,24.0,2012.0,0,0,5,11.0,Corey Williams,DT,Arkansas State,76.0,313.0,5.18,25.0,28.0,106.0,7.97,4.55
2004,6,180,WAS,False,T,OL,O,Notre Dame,23.0,2006.0,0,0,0,1.0,Jim Molinaro,OT,Notre Dame,78.0,308.0,5.09,21.0,29.5,105.0,7.75,4.6
2004,6,181,TAM,False,TE,TE,O,Yale,22.0,2008.0,0,0,0,0.0,,,,,,,,,,,
2004,6,182,OAK,False,LB,LB,D,North Texas,23.0,2008.0,0,0,0,,Cody Spencer,ILB,North Texas,74.0,242.0,4.65,27.0,34.5,116.0,6.94,4.08
2004,6,183,CIN,False,DB,DB,D,Southern Miss,23.0,2006.0,0,0,0,1.0,Greg Brooks,CB,Southern Miss,71.0,177.0,4.45,,,,,
2004,6,184,MIN,False,DB,DB,D,South Carolina,,,0,0,0,,,,,,,,,,,,
2004,6,185,PHI,False,QB,QB,O,Delaware,23.0,,0,0,0,,,,,,,,,,,,
2004,6,186,ATL,False,DB,DB,D,Southern Miss,23.0,2005.0,0,0,0,0.0,Etric Pruitt,S,Southern Miss,72.0,197.0,4.57,,39.5,116.0,7.15,4.0
2004,6,187,BAL,False,QB,QB,O,Bowling Green,,,0,0,0,,Josh Harris,QB,Bowling Green,73.0,238.0,4.78,,31.0,115.0,,
2004,6,188,SFO,False,P,P,S,Pittsburgh,22.0,2022.0,3,3,1,24.0,Andy Lee,P,Pittsburgh,73.0,207.0,5.0,,,,,
2004,6,189,SEA,False,DT,DL,D,Purdue,24.0,2010.0,0,0,0,9.0,Craig Terrill,DT,Purdue,74.0,290.0,5.21,28.0,26.5,100.0,7.39,4.1
2004,6,190,DEN,False,C,OL,O,Nebraska,,,0,0,0,,Josh Sewell,C,Nebraska,74.0,301.0,5.06,30.0,30.0,99.0,7.53,4.24
2004,6,191,TEN,False,RB,RB,O,Tennessee,23.0,2005.0,0,0,0,3.0,Troy Fleming,FB,Tennessee,72.0,230.0,4.62,,32.0,120.0,6.94,3.91
2004,6,192,PHI,False,DB,DB,D,Colorado St.,23.0,2008.0,0,0,0,3.0,Dexter Wynn,CB,Colorado State,69.0,175.0,4.49,13.0,39.0,123.0,6.7,3.9
2004,7,193,IND,False,QB,QB,O,Wisconsin,23.0,2009.0,0,0,0,5.0,,,,,,,,,,,
2004,7,194,PIT,False,TE,TE,O,Penn St.,24.0,2005.0,0,0,0,0.0,,,,,,,,,,,
2004,7,195,KAN,False,WR,WR,O,Auburn,,,0,0,0,,Jeris McIntyre,WR,Auburn,71.0,203.0,4.46,,29.0,112.0,6.98,4.08
2004,7,196,CAR,False,LB,LB,D,Colorado,22.0,2005.0,0,0,0,1.0,Sean Tufts,OLB,Colorado,76.0,242.0,4.61,21.0,34.5,118.0,6.94,3.94
2004,7,197,PIT,False,C,OL,O,Stanford,,,0,0,0,,,,,,,,,,,,
2004,7,198,SFO,False,DB,DB,D,Oregon,22.0,2008.0,0,0,1,8.0,Keith Lewis,S,Oregon,72.0,204.0,4.6,11.0,37.0,121.0,7.28,4.07
2004,7,199,BAL,False,WR,WR,O,Northern Arizona,21.0,2006.0,0,0,0,2.0,Clarence Moore,WR,Northern Arizona,78.0,211.0,4.55,,34.0,122.0,6.84,4.16
2004,7,200,HOU,False,LB,LB,D,Mississippi,22.0,2010.0,0,0,0,7.0,,,,,,,,,,,
2004,7,201,STL,False,QB,QB,O,Michigan St.,,,0,0,0,,Jeff Smoker,QB,Michigan State,75.0,223.0,4.95,,26.5,101.0,7.65,4.36
2004,7,202,ARI,False,QB,QB,O,Michigan,23.0,2005.0,0,0,0,0.0,John Navarre,QB,Michigan,78.0,246.0,5.19,,26.5,100.0,7.73,4.46
2004,7,203,NYG,False,T,OL,O,Duke,,,0,0,0,,Drew Strojny,OT,Duke,79.0,327.0,5.37,,29.5,99.0,7.98,4.84
2004,7,204,SDG,False,DT,DL,D,Nebraska,23.0,2008.0,0,0,0,6.0,Ryon Bingham,DT,Nebraska,75.0,303.0,5.09,33.0,30.0,109.0,7.44,4.38
2004,7,205,DAL,False,DB,DB,D,Rutgers,22.0,2011.0,0,0,0,2.0,,,,,,,,,,,
2004,7,206,TAM,False,WR,WR,O,Tennessee,23.0,2009.0,0,0,0,0.0,,,,,,,,,,,
2004,7,207,BUF,False,T,OL,O,Montana,24.0,2005.0,0,0,0,0.0,Dylan McFarland,OT,Montana,78.0,304.0,5.26,31.0,27.5,98.0,,
2004,7,208,CLE,False,RB,RB,O,California,23.0,2007.0,0,0,0,0.0,Adimchinobi Echemandu,RB,California,71.0,226.0,4.58,15.0,,,,
2004,7,209,SDG,False,T,OL,O,Ohio St.,22.0,2007.0,0,0,4,31.0,Shane Olivea,OT,Ohio State,75.0,302.0,5.29,,29.0,92.0,8.25,4.71
2004,7,210,HOU,False,LB,LB,D,Rutgers,23.0,2004.0,0,0,0,,,,,,,,,,,,
2004,7,211,HOU,False,WR,WR,O,Texas,22.0,2005.0,0,0,0,,Sloan Thomas,WR,Texas,73.0,203.0,4.5,,,,,
2004,7,212,PIT,False,DT,DL,D,Memphis,22.0,2005.0,0,0,0,,,,,,,,,,,,
2004,7,213,NYJ,False,LB,LB,D,Miami (FL),23.0,2009.0,0,0,0,1.0,,,,,,,,,,,
2004,7,214,BUF,False,WR,WR,O,Georgia Tech,22.0,2006.0,0,0,0,2.0,Jonathan Smith,WR,Georgia Tech,70.0,194.0,4.78,,32.5,114.0,,4.35
2004,7,215,CHI,False,DB,DB,D,Miami (FL),23.0,2004.0,0,0,0,0.0,,,,,,,,,,,
2004,7,216,DAL,False,WR,WR,O,NW Oklahoma St.,25.0,2011.0,0,0,3,26.0,,,,,,,,,,,
2004,7,217,SFO,False,QB,QB,O,Washington,24.0,2005.0,0,0,0,1.0,Cody Pickett,QB,Washington,75.0,233.0,4.79,,30.5,109.0,7.19,4.3
2004,7,218,CIN,False,QB,QB,O,Wyoming,,,0,0,0,,,,,,,,,,,,
2004,7,219,ATL,False,RB,RB,O,West Virginia,23.0,2007.0,0,0,0,,Quincy Wilson,RB,West Virginia,69.0,225.0,4.6,26.0,33.5,118.0,7.68,4.36
2004,7,220,MIN,False,TE,TE,O,Maryland,23.0,2010.0,0,0,0,2.0,Jeff Dugan,TE,Maryland,76.0,263.0,5.0,21.0,28.0,109.0,7.4,4.32
2004,7,221,MIA,False,G,OL,O,Michigan,,,0,0,0,,Tony Pape,OT,Michigan,78.0,323.0,5.36,26.0,27.0,97.0,8.01,4.6
2004,7,222,MIA,False,LB,LB,D,Alabama,22.0,2007.0,0,0,1,10.0,Derrick Pope,OLB,Alabama,71.0,230.0,4.71,24.0,,106.0,,
2004,7,223,DAL,False,DB,DB,D,Purdue,21.0,2012.0,0,0,2,7.0,,,,,,,,,,,
2004,7,224,SEA,False,P,P,S,LSU,24.0,2018.0,0,0,0,0.0,Donnie Jones,P,LSU,75.0,222.0,4.88,,,,,
2004,8,225,DEN,False,QB,QB,O,LSU,25.0,2005.0,0,0,0,,Matt Mauck,QB,LSU,74.0,228.0,4.79,,,,,
2004,8,226,SFO,False,DT,DL,D,Syracuse,,,0,0,0,,,,,,,,,,,,
2004,8,227,PHI,False,G,OL,O,Ohio St.,23.0,2007.0,0,0,1,2.0,Adrien Clarke,OG,Ohio State,77.0,329.0,5.52,,26.0,102.0,7.9,4.74
2004,8,228,TAM,False,RB,RB,O,Dartmouth,22.0,2008.0,0,0,0,,,,,,,,,,,,
2004,8,229,IND,False,K,K,S,Penn St.,,,0,0,0,,David Kimball,K,Penn State,73.0,209.0,4.88,,,,,
2004,8,230,TEN,False,DT,DL,D,Iowa,23.0,2005.0,0,0,0,3.0,Jared Clauss,DT,Iowa,77.0,294.0,4.95,23.0,,,,
2004,8,231,KAN,False,T,OL,O,Syracuse,23.0,2006.0,0,0,1,5.0,,,,,,,,,,,
2004,8,232,CAR,False,TE,TE,O,Central Florida,24.0,2009.0,0,0,2,3.0,Michael Gaines,TE,Central Florida,74.0,275.0,5.06,18.0,33.0,109.0,7.44,4.18
2004,8,233,NWE,False,DB,DB,D,Illinois,23.0,2006.0,0,0,0,,,,,,,,,,,,
2004,8,234,NYJ,False,DE,DL,D,Nebraska,23.0,2007.0,0,0,0,3.0,Trevor Johnson,DE,Nebraska,77.0,260.0,4.8,23.0,35.5,110.0,7.06,4.08
2004,8,235,NYJ,False,RB,RB,O,Ottawa (KS),24.0,2011.0,0,0,0,,,,,,,,,,,,
2004,8,236,NYJ,False,DB,DB,D,Kansas St.,24.0,2007.0,0,0,0,3.0,Rashad Washington,S,Kansas State,74.0,223.0,4.61,14.0,34.0,116.0,7.06,4.02
2004,8,237,STL,False,TE,TE,O,Iowa,,,0,0,0,,,,,,,,,,,,
2004,8,238,STL,False,C,OL,O,Eastern Kentucky,22.0,2006.0,0,0,0,1.0,,,,,,,,,,,
2004,8,239,TEN,False,C,OL,O,SE Missouri St.,22.0,2011.0,0,0,4,30.0,,,,,,,,,,,
2004,8,240,NOR,False,LB,LB,D,BYU,23.0,2007.0,0,0,1,11.0,Colby Bockwoldt,OLB,BYU,74.0,230.0,4.6,14.0,34.0,112.0,7.12,4.05
2004,8,241,TEN,False,FB,RB,O,Penn St.,22.0,2008.0,0,0,1,,Sean McHugh,TE,Penn State,77.0,264.0,4.92,18.0,29.0,115.0,7.36,4.09
2004,8,242,PHI,False,RB,RB,O,Maryland,23.0,2006.0,0,0,0,0.0,,,,,,,,,,,
2004,8,243,PHI,False,C,OL,O,UNLV,,,0,0,0,,,,,,,,,,,,
2004,8,244,BAL,False,WR,WR,O,Kentucky,,,0,0,0,,Derek Abney,WR,Kentucky,69.0,179.0,4.58,,33.5,120.0,6.89,4.08
2004,8,245,OAK,False,TE,TE,O,San Jose St.,23.0,2007.0,0,0,2,6.0,Courtney Anderson,TE,San Jose State,78.0,269.0,4.89,17.0,30.0,106.0,7.86,4.45
2004,8,246,BAL,False,G,OL,O,East Carolina,23.0,2005.0,0,0,0,3.0,Brian Rimpf,OT,East Carolina,78.0,319.0,5.41,31.0,28.0,105.0,7.97,4.66
2004,8,247,DEN,False,RB,RB,O,Pittsburgh,23.0,2006.0,0,0,0,,,,,,,,,,,,
2004,8,248,HOU,False,QB,QB,O,Texas Tech,,,0,0,0,,B.J. Symons,QB,Texas Tech,72.0,210.0,4.9,,,,,
2004,8,249,JAX,False,DE,DL,D,Florida,22.0,2010.0,0,0,2,19.0,Bobby McCray,DE,Florida,78.0,255.0,4.62,27.0,33.5,,,
2004,8,250,DEN,False,QB,QB,O,Colorado St.,24.0,2005.0,0,0,0,0.0,Bradlee Van Pelt,QB,Colorado State,74.0,231.0,4.98,,33.5,115.0,6.89,4.11
2004,8,251,GNB,False,G,OL,O,Tennessee,23.0,2014.0,0,1,9,53.0,Scott Wells,C,Tennessee,74.0,300.0,5.3,31.0,31.0,109.0,7.56,4.35
2004,8,252,TAM,False,DB,DB,D,Southern,,,0,0,0,,,,,,,,,,,,
2004,8,253,NYG,False,DE,DL,D,Hampton,,,0,0,0,,Isaac Hilton,DE,Kansas State,75.0,267.0,4.57,31.0,36.5,123.0,7.99,4.48
2004,8,254,SDG,False,T,OL,O,Miami (FL),,,0,0,0,,Carlos Joseph,OT,Miami (FL),78.0,345.0,5.33,29.0,,,,
2004,8,255,OAK,False,LB,LB,D,Colorado St.,,,0,0,0,,,,,,,,,,,,
2005,1,1,SFO,False,QB,QB,O,Utah,21.0,2020.0,0,3,14,28.0,,,,,,,,,,,
2005,1,2,MIA,False,RB,RB,O,Auburn,23.0,2014.0,0,1,6,36.0,Ronnie Brown,RB,Auburn,72.0,233.0,4.43,18.0,34.0,117.0,7.1,4.08
2005,1,3,CLE,False,WR,WR,O,Michigan,22.0,2012.0,0,1,5,27.0,Braylon Edwards,WR,Michigan,75.0,211.0,4.45,,,,,
2005,1,4,CHI,False,RB,RB,O,Texas,22.0,2012.0,0,0,6,10.0,Cedric Benson,RB,Texas,70.0,222.0,4.62,,,,,
2005,1,5,TAM,False,RB,RB,O,Auburn,23.0,2011.0,0,0,4,27.0,Cadillac Williams,RB,Auburn,71.0,217.0,4.43,19.0,35.5,118.0,6.94,4.15
2005,1,6,TEN,False,DB,DB,D,West Virginia,21.0,2018.0,1,1,6,13.0,Adam Jones,CB,West Virginia,69.0,187.0,4.38,,,,,
2005,1,7,MIN,False,WR,WR,O,South Carolina,22.0,2009.0,0,0,1,8.0,Troy Williamson,WR,South Carolina,73.0,203.0,4.32,,,,6.99,
2005,1,8,ARI,False,DB,DB,D,Miami (FL),22.0,2015.0,0,3,9,20.0,Antrel Rolle,CB,Miami (FL),72.0,201.0,4.48,15.0,,,,
2005,1,9,WAS,False,DB,DB,D,Auburn,24.0,2014.0,0,1,7,26.0,Carlos Rogers,CB,Auburn,72.0,196.0,4.44,15.0,40.5,126.0,6.48,3.82
2005,1,10,DET,False,WR,WR,O,USC,21.0,2011.0,0,0,2,4.0,Mike Williams,WR,USC,77.0,229.0,4.56,,36.5,,,
2005,1,11,DAL,True,LB,LB,D,Troy,23.0,2016.0,4,9,11,88.0,DeMarcus Ware,OLB,Troy,76.0,251.0,4.56,27.0,38.5,122.0,6.83,4.07
2005,1,12,SDG,False,LB,LB,D,Maryland,21.0,2012.0,1,3,4,38.0,Shawne Merriman,DE,Maryland,76.0,272.0,4.64,25.0,,,,
2005,1,13,NOR,False,T,OL,O,Oklahoma,24.0,2011.0,1,2,6,39.0,Jammal Brown,OT,Oklahoma,78.0,316.0,5.06,,31.5,109.0,7.93,4.67
2005,1,14,CAR,False,LB,LB,D,Georgia,22.0,2020.0,1,3,12,74.0,Thomas Davis,S,Georgia,73.0,230.0,4.6,,36.5,115.0,7.09,3.97
2005,1,15,KAN,False,LB,LB,D,Texas,22.0,2018.0,1,4,11,79.0,Derrick Johnson,CB,Texas,71.0,197.0,4.43,18.0,,,7.15,4.1
2005,1,16,HOU,False,DT,DL,D,Florida St.,23.0,2010.0,0,0,3,15.0,Travis Johnson,DT,Florida State,76.0,305.0,4.91,,,,,
2005,1,17,CIN,False,LB,LB,D,Georgia,23.0,2006.0,0,0,0,3.0,David Pollack,DE,Georgia,74.0,265.0,4.75,25.0,37.0,120.0,6.86,3.9
2005,1,18,MIN,False,DE,DL,D,Wisconsin,22.0,2008.0,0,0,1,6.0,Erasmus James,DE,Wisconsin,76.0,266.0,4.81,,37.5,122.0,7.56,4.37
2005,1,19,STL,False,T,OL,O,Florida St.,22.0,2010.0,0,0,5,27.0,Alex Barron,OT,Florida State,79.0,320.0,4.87,,35.5,112.0,7.83,4.56
2005,1,20,DAL,False,DE,DL,D,LSU,22.0,2013.0,0,0,6,35.0,Marcus Spears,DE,LSU,76.0,307.0,5.05,,,,,
2005,1,21,JAX,False,WR,WR,O,Arkansas,22.0,2008.0,0,0,1,22.0,Matt Jones,TE,Arkansas,78.0,242.0,4.37,,39.5,129.0,,
2005,1,22,BAL,False,WR,WR,O,Oklahoma,23.0,2011.0,0,0,5,26.0,Mark Clayton,WR,Oklahoma,70.0,193.0,4.41,,36.5,118.0,6.95,4.07
2005,1,23,OAK,False,DB,DB,D,Nebraska,22.0,2010.0,0,0,4,9.0,Fabian Washington,CB,Nebraska,70.0,188.0,4.29,18.0,41.5,129.0,,3.91
2005,1,24,GNB,False,QB,QB,O,California,21.0,2025.0,4,10,15,161.0,Aaron Rodgers,QB,California,74.0,223.0,4.71,,34.5,110.0,7.38,
2005,1,25,WAS,False,QB,QB,O,Auburn,23.0,2014.0,0,0,5,34.0,Jason Campbell,QB,Auburn,77.0,230.0,4.71,,,,,
2005,1,26,SEA,False,C,OL,O,Mississippi,23.0,2014.0,0,0,6,29.0,Chris Spencer,C,Mississippi,75.0,309.0,5.21,26.0,32.0,105.0,8.06,4.59
2005,1,27,ATL,False,WR,WR,O,Ala-Birmingham,23.0,2015.0,1,4,10,88.0,Roddy White,WR,Ala-Birmingham,73.0,207.0,4.46,,,,,
2005,1,28,SDG,False,DE,DL,D,Northwestern,22.0,2011.0,0,0,6,33.0,Luis Castillo,DT,Northwestern,75.0,303.0,4.79,32.0,34.5,112.0,,
2005,1,29,IND,False,DB,DB,D,Michigan,22.0,2009.0,0,0,2,14.0,Marlin Jackson,CB,Michigan,73.0,198.0,4.52,23.0,36.0,125.0,6.95,3.96
2005,1,30,PIT,False,TE,TE,O,Virginia,22.0,2015.0,0,2,11,45.0,Heath Miller,TE,Virginia,77.0,256.0,4.79,,,,,
2005,1,31,PHI,False,DT,DL,D,USC,22.0,2014.0,0,0,6,44.0,Mike Patterson,DT,USC,72.0,292.0,4.93,26.0,,,,
2005,1,32,NWE,False,G,OL,O,Fresno St.,23.0,2015.0,1,7,11,94.0,Logan Mankins,OG,Fresno State,76.0,307.0,5.06,21.0,31.5,95.0,7.52,4.44
2005,2,33,SFO,False,G,OL,O,Michigan,23.0,2013.0,0,0,6,21.0,David Baas,OG,Michigan,76.0,319.0,5.06,29.0,29.5,105.0,7.5,4.46
2005,2,34,CLE,False,DB,DB,D,Oklahoma,21.0,2011.0,0,0,4,21.0,Brodney Pool,S,Oklahoma,73.0,207.0,4.52,,,,,
2005,2,35,PHI,False,WR,WR,O,Georgia,24.0,2009.0,0,0,3,20.0,Reggie Brown,WR,Georgia,74.0,196.0,4.45,,41.5,128.0,6.99,3.94
2005,2,36,TAM,False,LB,LB,D,Nebraska,22.0,2012.0,0,0,5,36.0,Barrett Ruud,ILB,Nebraska,74.0,241.0,4.75,25.0,34.5,112.0,7.22,3.94
2005,2,37,DET,False,DT,DL,D,USC,22.0,2012.0,0,0,4,5.0,Shaun Cody,DT,USC,76.0,293.0,5.05,34.0,,,,
2005,2,38,OAK,False,DB,DB,D,Houston,22.0,2012.0,0,0,3,19.0,Stanford Routt,CB,Houston,73.0,193.0,4.27,,36.5,129.0,6.63,3.9
2005,2,39,CHI,False,WR,WR,O,Oklahoma,23.0,2009.0,0,0,0,5.0,Mark Bradley,WR,Oklahoma,73.0,201.0,4.37,,39.5,128.0,6.96,3.98
2005,2,40,NOR,False,DB,DB,D,Nebraska,22.0,2010.0,0,0,3,19.0,Josh Bullocks,S,Nebraska,72.0,209.0,4.46,,37.5,118.0,7.09,4.08
2005,2,41,TEN,False,T,OL,O,Eastern Washington,22.0,2014.0,1,1,9,63.0,Michael Roos,OT,East. Washington,79.0,320.0,5.3,19.0,29.0,97.0,7.72,4.5
2005,2,42,DAL,False,LB,LB,D,Tennessee,22.0,2013.0,0,0,4,6.0,Kevin Burnett,OLB,Tennessee,75.0,239.0,4.58,20.0,36.0,130.0,,
2005,2,43,NYG,False,DB,DB,D,LSU,23.0,2013.0,0,0,6,33.0,Corey Webster,CB,LSU,72.0,199.0,4.5,9.0,,,,
2005,2,44,ARI,False,RB,RB,O,California,22.0,2008.0,0,0,0,12.0,J.J. Arrington,RB,California,69.0,214.0,4.4,18.0,35.0,121.0,6.81,4.1
2005,2,45,SEA,False,LB,LB,D,USC,22.0,2010.0,1,3,5,49.0,Lofa Tatupu,ILB,USC,72.0,238.0,4.83,23.0,35.0,113.0,7.31,4.16
2005,2,46,MIA,False,DE,DL,D,Iowa,22.0,2011.0,0,0,5,14.0,Matt Roth,DE,Iowa,76.0,278.0,4.81,26.0,32.0,112.0,7.65,4.36
2005,2,47,NYJ,False,K,K,S,Ohio St.,23.0,2020.0,0,0,0,8.0,Mike Nugent,K,Ohio State,70.0,182.0,4.72,,,,,
2005,2,48,CIN,False,LB,LB,D,Georgia,22.0,2005.0,0,0,1,7.0,Odell Thurman,ILB,Georgia,72.0,233.0,4.62,23.0,34.0,114.0,7.47,
2005,2,49,MIN,False,G,OL,O,Mississippi,21.0,2009.0,0,0,1,8.0,Marcus Johnson,OG,Mississippi,78.0,321.0,5.45,21.0,27.5,104.0,7.71,4.71
2005,2,50,STL,False,DB,DB,D,Howard,23.0,2012.0,0,0,4,23.0,Ronald Bartell,CB,Howard,73.0,211.0,4.37,21.0,35.5,,,
2005,2,51,GNB,False,DB,DB,D,Bethune-Cookman,22.0,2011.0,0,3,6,48.0,Nick Collins,CB,Bethune-Cookman,71.0,206.0,4.36,11.0,40.0,118.0,6.94,4.16
2005,2,52,JAX,False,T,OL,O,Washington,23.0,2017.0,0,0,7,31.0,Khalif Barnes,OT,Washington,78.0,305.0,4.92,26.0,35.0,106.0,7.57,4.54
2005,2,53,BAL,False,DE,DL,D,Oklahoma,23.0,2006.0,0,0,0,0.0,Dan Cody,DE,Oklahoma,77.0,254.0,4.75,,,,,
2005,2,54,CAR,False,RB,RB,O,Louisville,22.0,2006.0,0,0,0,0.0,Eric Shelton,RB,Louisville,73.0,246.0,4.53,,38.5,124.0,7.44,4.08
2005,2,55,BUF,False,WR,WR,O,Miami (FL),23.0,2012.0,0,0,0,14.0,Roscoe Parrish,WR,Miami (FL),70.0,168.0,4.37,,,,,
2005,2,56,DEN,False,DB,DB,D,Oklahoma St.,22.0,2006.0,0,0,2,11.0,Darrent Williams,CB,Oklahoma State,69.0,176.0,4.3,16.0,39.0,124.0,6.97,3.96
2005,2,57,NYJ,False,DB,DB,D,Clemson,21.0,2012.0,0,1,0,13.0,,,,,,,,,,,
2005,2,58,GNB,False,WR,WR,O,Texas A&M,22.0,2005.0,0,0,0,0.0,Terrence Murphy,WR,Texas A&M,73.0,202.0,4.39,,,,,
2005,2,59,ATL,False,DE,DL,D,Iowa,23.0,2016.0,0,0,10,52.0,Jonathan Babineaux,DT,Iowa,74.0,286.0,4.87,21.0,29.5,109.0,7.7,4.57
2005,2,60,IND,False,DB,DB,D,Illinois,22.0,2012.0,0,0,4,21.0,Kelvin Hayden,CB,Illinois,70.0,197.0,4.45,17.0,34.0,111.0,6.87,3.9
2005,2,61,SDG,False,WR,WR,O,Northern Colorado,22.0,2016.0,0,3,8,49.0,Vincent Jackson,WR,Northern Colorado,77.0,241.0,4.46,,39.0,,,
2005,2,62,PIT,False,DB,DB,D,Florida St.,23.0,2011.0,0,0,3,22.0,Bryant McFadden,CB,Florida State,72.0,193.0,4.44,23.0,38.5,130.0,,4.04
2005,2,63,PHI,False,LB,LB,D,San Diego St.,22.0,2011.0,0,0,1,6.0,,,,,,,,,,,
2005,2,64,BAL,False,T,OL,O,Syracuse,23.0,2010.0,0,0,0,9.0,Adam Terry,OT,Syracuse,80.0,330.0,5.4,,28.0,96.0,7.89,4.78
2005,3,65,SFO,False,RB,RB,O,Miami (FL),22.0,2020.0,0,5,14,75.0,Frank Gore,RB,Miami (FL),69.0,217.0,4.58,,,,,
2005,3,66,STL,False,DB,DB,D,Stanford,24.0,2011.0,0,0,6,31.0,O.J. Atogwe,S,Stanford,71.0,219.0,4.52,22.0,,,,
2005,3,67,CLE,False,QB,QB,O,Akron,24.0,2009.0,0,0,1,7.0,Charlie Frye,QB,Akron,76.0,225.0,4.79,,33.0,113.0,6.94,4.08
2005,3,68,TEN,False,WR,WR,O,Indiana,22.0,2014.0,0,0,0,3.0,Courtney Roby,WR,Indiana,72.0,189.0,4.41,,36.5,126.0,6.6,3.94
2005,3,69,OAK,False,QB,QB,O,Arizona St.,23.0,2008.0,0,0,1,1.0,Andrew Walter,QB,Arizona State,78.0,233.0,4.86,,,,,
2005,3,70,MIA,False,LB,LB,D,Florida,21.0,2010.0,0,0,6,31.0,Channing Crowder,ILB,Florida,74.0,252.0,4.71,,,,,
2005,3,71,TAM,False,TE,TE,O,Stanford,23.0,2015.0,0,0,3,10.0,Alex Smith,TE,Stanford,76.0,258.0,4.88,28.0,,,,
2005,3,72,DET,False,DB,DB,D,Stanford,22.0,2007.0,0,0,0,5.0,Stanley Wilson,CB,Stanford,72.0,185.0,4.36,14.0,39.5,125.0,,
2005,3,73,HOU,False,RB,RB,O,Oklahoma St.,25.0,2007.0,0,0,0,2.0,Vernand Morency,RB,Oklahoma State,70.0,212.0,4.66,19.0,33.5,108.0,7.02,4.12
2005,3,74,NYG,False,DE,DL,D,Notre Dame,22.0,2015.0,1,2,7,59.0,Justin Tuck,DE,Notre Dame,77.0,268.0,4.71,,,,,
2005,3,75,ARI,False,DB,DB,D,Virginia Tech,23.0,2008.0,0,0,2,12.0,Eric Green,CB,Virginia Tech,71.0,198.0,4.52,,38.0,120.0,,3.9
2005,3,76,DEN,False,DB,DB,D,Washington St.,22.0,2010.0,0,0,0,6.0,Karl Paymah,CB,Washington State,72.0,204.0,4.35,15.0,41.5,125.0,7.09,3.91
2005,3,77,PHI,False,RB,RB,O,Louisiana Tech,22.0,2009.0,0,0,0,2.0,Ryan Moats,RB,Louisiana Tech,68.0,210.0,4.46,19.0,36.0,117.0,7.22,4.1
2005,3,78,OAK,False,LB,LB,D,San Diego St.,23.0,2012.0,0,0,6,33.0,Kirk Morrison,ILB,San Diego State,73.0,235.0,4.75,25.0,,,,4.31
2005,3,79,CAR,False,G,OL,O,Alabama,23.0,2016.0,1,2,6,6.0,Evan Mathis,OG,Alabama,77.0,304.0,4.92,35.0,35.5,117.0,7.37,4.16
2005,3,80,MIN,False,DB,DB,D,Ohio St.,22.0,2008.0,0,0,0,,Dustin Fox,S,Ohio State,71.0,191.0,4.43,7.0,43.5,,,
2005,3,81,STL,False,G,OL,O,Oregon,22.0,2020.0,0,4,10,11.0,Richie Incognito,C,Nebraska,75.0,305.0,4.84,29.0,,,,
2005,3,82,NOR,False,LB,LB,D,Connecticut,22.0,2008.0,0,0,0,2.0,Alfred Fincher,ILB,Connecticut,73.0,238.0,4.68,25.0,31.5,112.0,7.69,4.45
2005,3,83,CIN,False,WR,WR,O,West Virginia,22.0,2009.0,0,0,0,16.0,Chris Henry,WR,West Virginia,76.0,197.0,4.5,,,,,
2005,3,84,NWE,False,DB,DB,D,Iowa St.,22.0,2010.0,0,0,4,25.0,Ellis Hobbs,CB,Iowa State,69.0,192.0,4.45,12.0,42.0,124.0,6.8,4.07
2005,3,85,SEA,False,QB,QB,O,Georgia,,,0,0,0,,David Greene,QB,Georgia,75.0,226.0,4.78,,31.5,115.0,7.0,4.1
2005,3,86,BUF,False,TE,TE,O,Miami (FL),23.0,2007.0,0,0,0,0.0,Kevin Everett,TE,Miami (FL),77.0,241.0,4.72,,,,,
2005,3,87,JAX,False,DB,DB,D,Wisconsin,22.0,2009.0,0,0,0,4.0,Scott Starks,CB,Wisconsin,68.0,172.0,4.37,13.0,43.0,137.0,6.99,3.9
2005,3,88,NYJ,False,DT,DL,D,Utah,26.0,2012.0,0,0,4,36.0,Sione Pouha,DT,Utah,75.0,325.0,5.02,32.0,32.5,107.0,7.83,4.44
2005,3,89,CAR,False,DT,DL,D,Missouri,23.0,2009.0,0,0,0,,Atiyyah Ellison,DT,Missouri,76.0,305.0,5.07,25.0,27.5,103.0,8.0,4.79
2005,3,90,ATL,False,LB,LB,D,Cal Poly-San Luis Obispo,22.0,2007.0,0,0,0,1.0,Jordan Beck,OLB,Cal Poly,74.0,233.0,4.6,25.0,41.0,128.0,7.11,4.1
2005,3,91,TAM,False,T,OL,O,North Carolina St.,,,0,0,0,,Chris Colmer,OT,Boise State,77.0,310.0,5.19,,,,,
2005,3,92,IND,False,DE,DL,D,Kentucky,,,0,0,0,,Vincent Burns,DE,Kentucky,72.0,267.0,4.84,25.0,35.0,122.0,7.24,4.41
2005,3,93,PIT,False,T,OL,O,Northwestern,22.0,2012.0,0,0,1,19.0,Trai Essex,OT,Northwestern,76.0,324.0,5.61,,29.0,96.0,8.11,4.92
2005,3,94,SFO,False,T,OL,O,Oregon,23.0,2014.0,0,0,5,30.0,Adam Snyder,OG,Oregon,77.0,316.0,5.34,21.0,28.5,93.0,7.83,4.83
2005,3,95,ARI,False,LB,LB,D,Virginia,22.0,2011.0,0,0,0,4.0,Darryl Blackstock,OLB,Virginia,75.0,247.0,4.7,25.0,39.0,126.0,7.05,4.29
2005,3,96,TEN,False,WR,WR,O,Oklahoma,23.0,2009.0,0,0,2,11.0,Brandon Jones,WR,Oklahoma,73.0,210.0,4.42,,37.0,114.0,7.03,4.08
2005,4,97,DEN,False,DB,DB,D,Maryland,22.0,2011.0,0,0,2,8.0,Domonique Foxworth,CB,Maryland,71.0,184.0,4.34,14.0,41.0,125.0,6.78,3.89
2005,4,98,SEA,False,LB,LB,D,Clemson,22.0,2012.0,0,0,6,37.0,Leroy Hill,ILB,Clemson,73.0,229.0,4.65,25.0,34.0,116.0,7.23,4.1
2005,4,99,KAN,False,P,P,S,Tennessee,23.0,2021.0,0,2,0,24.0,Dustin Colquitt,P,Tennessee,74.0,211.0,4.88,,,,,
2005,4,100,NWE,False,T,OL,O,Toledo,26.0,2009.0,0,0,5,37.0,Nick Kaczur,OT,Toledo,76.0,319.0,5.28,,31.5,,,
2005,4,101,DEN,False,RB,RB,O,Ohio St.,,,0,0,0,,Maurice Clarett,RB,Ohio State,72.0,234.0,4.78,22.0,34.0,115.0,,
2005,4,102,PHI,False,DB,DB,D,Iowa,22.0,2012.0,0,0,2,10.0,Sean Considine,S,Iowa,72.0,212.0,4.5,19.0,37.0,117.0,7.09,3.92
2005,4,103,CLE,False,DB,DB,D,Oklahoma,23.0,2006.0,0,0,0,0.0,Antonio Perkins,CB,Oklahoma,71.0,190.0,4.49,10.0,40.0,126.0,7.17,4.07
2005,4,104,MIA,False,DB,DB,D,LSU,22.0,2012.0,0,0,1,10.0,Travis Daniels,CB,LSU,73.0,194.0,4.54,,35.0,120.0,6.95,3.97
2005,4,105,SEA,False,T,OL,O,Florida St.,23.0,2009.0,0,0,1,10.0,Ray Willis,OT,Florida State,78.0,327.0,5.18,27.0,,,,
2005,4,106,CHI,False,QB,QB,O,Purdue,22.0,2014.0,0,0,5,10.0,Kyle Orton,QB,Purdue,76.0,233.0,5.06,,26.5,,7.38,4.52
2005,4,107,TAM,False,G,OL,O,Wisconsin,23.0,2008.0,0,0,1,9.0,Dan Buenning,OG,Wisconsin,76.0,320.0,5.35,29.0,28.0,111.0,7.9,4.59
2005,4,108,TEN,False,DB,DB,D,Virginia Tech,23.0,2011.0,0,0,0,8.0,Vincent Fuller,S,Virginia Tech,73.0,189.0,4.44,,,,,
2005,4,109,DAL,False,RB,RB,O,Minnesota,22.0,2011.0,0,1,3,37.0,Marion Barber,RB,Minnesota,71.0,221.0,4.49,20.0,40.0,127.0,,
2005,4,110,NYG,False,RB,RB,O,Southern Illinois,23.0,2013.0,0,0,3,36.0,Brandon Jacobs,RB,Southern Illinois,76.0,267.0,4.56,19.0,37.0,118.0,7.53,4.46
2005,4,111,ARI,False,G,OL,O,Virginia,23.0,2008.0,0,0,1,8.0,Elton Brown,OG,Virginia,77.0,329.0,4.93,,,,,
2005,4,112,MIN,False,RB,RB,O,Florida,22.0,2006.0,0,0,0,1.0,Ciatrick Fason,RB,Florida,73.0,207.0,4.58,,,,,
2005,4,113,TEN,False,T,OL,O,Mississippi St.,23.0,2013.0,0,0,8,48.0,David Stewart,OT,Mississippi State,78.0,314.0,5.25,24.0,,,,
2005,4,114,HOU,False,WR,WR,O,Hampton,22.0,2007.0,1,1,0,4.0,Jerome Mathis,WR,Kansas State,71.0,181.0,4.28,,35.5,123.0,,
2005,4,115,GNB,False,DB,DB,D,San Diego St.,23.0,2005.0,0,0,0,1.0,Marviel Underwood,S,San Diego State,70.0,205.0,4.45,19.0,38.0,118.0,7.12,4.21
2005,4,116,KAN,False,WR,WR,O,Florida St.,22.0,2007.0,0,0,0,,Craphonso Thorpe,WR,Florida State,73.0,188.0,4.38,,,,,
2005,4,117,STL,False,DB,DB,D,Florida St.,22.0,2007.0,0,0,0,3.0,Jerome Carter,S,Florida State,71.0,220.0,4.47,21.0,35.0,121.0,7.18,4.04
2005,4,118,NOR,False,WR,WR,O,California,,,0,0,0,,Chase Lyman,WR,California,75.0,217.0,4.5,,,,,
2005,4,119,CIN,False,C,OL,O,Central Michigan,24.0,2008.0,0,0,3,19.0,Eric Ghiaciuc,C,Central Michigan,76.0,302.0,5.09,30.0,32.0,105.0,7.87,4.56
2005,4,120,WAS,False,RB,RB,O,UCLA,,,0,0,0,,Manuel White,FB,UCLA,74.0,244.0,4.64,,,,,
2005,4,121,CAR,False,QB,QB,O,Louisville,,,0,0,0,,Stefan LeFors,QB,Louisville,72.0,208.0,4.56,,31.0,111.0,7.03,4.09
2005,4,122,BUF,False,C,OL,O,Illinois,23.0,2008.0,0,0,1,11.0,Duke Preston,C,Illinois,77.0,311.0,,21.0,32.0,96.0,7.57,4.45
2005,4,123,NYJ,False,DB,DB,D,Louisville,23.0,2012.0,0,0,7,36.0,Kerry Rhodes,S,Louisville,74.0,209.0,4.56,12.0,42.0,123.0,6.94,4.12
2005,4,124,BAL,False,C,OL,O,North Carolina,22.0,2011.0,0,0,6,19.0,Jason Brown,C,North Carolina,75.0,313.0,5.4,23.0,30.5,105.0,7.72,4.51
2005,4,125,GNB,False,LB,LB,D,BYU,25.0,2012.0,0,0,4,20.0,Brady Poppinga,DE,BYU,75.0,259.0,4.59,26.0,35.5,110.0,7.27,4.38
2005,4,126,PHI,False,T,OL,O,Saginaw Valley St.,22.0,2015.0,0,0,9,50.0,,,,,,,,,,,
2005,4,127,JAX,False,RB,RB,O,Virginia,23.0,2009.0,0,0,0,5.0,Alvin Pearman,RB,Virginia,69.0,208.0,4.63,24.0,34.0,114.0,7.06,4.08
2005,4,128,ATL,False,DE,DL,D,Florida St.,22.0,2011.0,0,0,1,19.0,Chauncey Davis,DE,Florida State,74.0,273.0,4.8,22.0,37.0,118.0,7.66,4.44
2005,5,129,IND,False,G,OL,O,Texas Tech,23.0,2013.0,0,0,1,13.0,Dylan Gandy,OG,Texas Tech,75.0,304.0,5.12,,29.5,100.0,7.62,4.51
2005,5,130,SDG,False,RB,RB,O,Kansas St.,22.0,2019.0,0,3,1,25.0,Darren Sproles,RB,Kansas State,66.0,187.0,4.47,23.0,33.0,105.0,6.96,3.96
2005,5,131,PIT,False,WR,WR,O,Georgia,,,0,0,0,,Fred Gibson,WR,Georgia,76.0,196.0,4.55,,38.5,126.0,7.03,4.1
2005,5,132,DAL,False,DE,DL,D,Virginia,22.0,2015.0,0,0,9,20.0,Chris Canty,DE,Virginia,79.0,279.0,4.98,,,,,
2005,5,133,NWE,False,DB,DB,D,Fresno St.,21.0,2012.0,0,0,2,22.0,,,,,,,,,,,
2005,5,134,STL,False,G,OL,O,New Mexico,23.0,2007.0,0,0,1,6.0,Claude Terrell,OG,New Mexico,74.0,343.0,5.42,27.0,24.5,89.0,8.17,4.75
2005,5,135,IND,False,DB,DB,D,California,22.0,2013.0,0,0,1,5.0,,,,,,,,,,,
2005,5,136,TEN,False,WR,WR,O,Tulane,24.0,2010.0,0,0,1,9.0,,,,,,,,,,,
2005,5,137,SFO,False,DT,DL,D,Mississippi St.,23.0,2011.0,0,0,2,6.0,Ronald Fields,DT,Mississippi State,74.0,313.0,5.24,,27.0,102.0,8.01,4.68
2005,5,138,KAN,False,LB,LB,D,Illinois St.,23.0,2008.0,0,0,0,3.0,Boomer Grigsby,ILB,Illinois State,72.0,249.0,4.6,32.0,35.5,112.0,7.1,
2005,5,139,CLE,False,DE,DL,D,Kansas,23.0,2007.0,0,0,0,2.0,David McMillan,DE,Kansas,75.0,262.0,4.58,16.0,34.0,120.0,7.11,4.07
2005,5,140,CHI,False,WR,WR,O,Clemson,22.0,2006.0,0,0,0,0.0,Airese Currie,WR,Clemson,70.0,186.0,4.49,,38.0,125.0,7.05,4.07
2005,5,141,TAM,False,DB,DB,D,Oklahoma,23.0,2008.0,0,0,0,1.0,Donte Nicholson,S,Oklahoma,73.0,212.0,4.56,18.0,,,,
2005,5,142,TEN,False,RB,RB,O,Missouri,23.0,2006.0,0,0,0,0.0,,,,,,,,,,,
2005,5,143,GNB,False,G,OL,O,North Carolina A&T,21.0,2007.0,0,0,0,5.0,Junius Coston,C,North Carolina A&T,75.0,310.0,5.31,21.0,29.5,102.0,7.93,4.56
2005,5,144,STL,False,TE,TE,O,Notre Dame,23.0,2005.0,0,0,0,0.0,Jerome Collins,TE,Notre Dame,76.0,267.0,4.71,21.0,,118.0,,
2005,5,145,DET,False,QB,QB,O,Connecticut,22.0,2015.0,0,0,1,5.0,Dan Orlovsky,QB,Connecticut,77.0,225.0,4.93,,29.5,107.0,7.33,4.39
2005,5,146,PHI,False,DE,DL,D,Cincinnati,22.0,2016.0,0,2,9,66.0,Trent Cole,OLB,Cincinnati,74.0,236.0,4.7,,,,,
2005,5,147,KAN,False,DB,DB,D,Miami (OH),,,0,0,0,,Alphonso Hodge,CB,Miami (OH),71.0,203.0,4.44,20.0,34.0,,,3.99
2005,5,148,IND,False,DE,DL,D,Wisconsin,23.0,2005.0,0,0,0,0.0,Jonathan Welsh,OLB,Wisconsin,75.0,244.0,4.61,19.0,40.5,130.0,7.83,4.22
2005,5,149,CAR,False,LB,LB,D,UNLV,23.0,2009.0,0,0,0,4.0,Adam Seward,ILB,UNLV,74.0,248.0,4.6,33.0,36.5,120.0,7.16,4.11
2005,5,150,TEN,False,T,OL,O,Texas Tech,23.0,2010.0,0,0,0,3.0,Daniel Loper,OT,Texas Tech,78.0,306.0,5.3,14.0,32.0,101.0,7.74,4.68
2005,5,151,HOU,False,C,OL,O,Arizona St.,23.0,2007.0,0,0,0,3.0,Drew Hodgdon,C,Arizona State,75.0,309.0,5.31,,32.5,109.0,7.49,4.45
2005,5,152,NOR,False,QB,QB,O,Florida St.,,,0,0,0,,Adrian McPherson,QB,Florida State,75.0,218.0,4.71,22.0,34.5,128.0,6.93,4.08
2005,5,153,CIN,False,T,OL,O,Central Michigan,,,0,0,0,,Adam Kieft,OT,Central Michigan,79.0,337.0,5.52,28.0,33.0,110.0,7.78,4.76
2005,5,154,WAS,False,LB,LB,D,Louisville,26.0,2008.0,0,0,0,0.0,Robert McCune,ILB,Louisville,72.0,245.0,4.5,34.0,,,,
2005,5,155,TAM,False,WR,WR,O,Pearl River CC,,,0,0,0,,,,,,,,,,,,
2005,5,156,BUF,False,DB,DB,D,Wake Forest,23.0,2010.0,0,0,0,1.0,Eric King,CB,Wake Forest,68.0,189.0,4.43,12.0,,,,
2005,5,157,JAX,False,DB,DB,D,North Carolina,22.0,2012.0,0,0,5,10.0,Gerald Sensabaugh,S,North Carolina,72.0,214.0,4.44,17.0,46.0,133.0,,
2005,5,158,BAL,False,FB,RB,O,Montana,23.0,2007.0,0,0,0,0.0,Justin Green,FB,Montana,71.0,251.0,4.84,23.0,31.0,109.0,7.24,4.21
2005,5,159,SEA,False,LB,LB,D,Arkansas,,,0,0,0,,,,,,,,,,,,
2005,5,160,ATL,False,LB,LB,D,Southern Miss,23.0,2013.0,0,0,8,22.0,Michael Boley,OLB,Southern Miss,75.0,236.0,4.56,,34.0,113.0,7.08,4.12
2005,6,161,NYJ,False,DB,DB,D,North Carolina St.,,,0,0,0,,Andre Maddox,S,Boise State,73.0,205.0,4.46,17.0,36.5,127.0,7.33,
2005,6,162,MIA,False,T,OL,O,TCU,24.0,2007.0,0,0,0,1.0,Anthony Alabi,OT,TCU,77.0,310.0,5.12,18.0,32.5,105.0,7.62,4.6
2005,6,163,ATL,False,T,OL,O,Tennessee Tech,22.0,2012.0,0,0,2,0.0,Frank Omiyale,OT,Tennessee Tech,76.0,310.0,5.3,22.0,29.5,101.0,8.19,4.72
2005,6,164,SDG,False,T,OL,O,Alabama,23.0,2008.0,0,0,0,,Wesley Britt,OT,Alabama,80.0,314.0,5.2,24.0,,,,
2005,6,165,IND,False,C,OL,O,North Dakota St.,,,0,0,0,,,,,,,,,,,,
2005,6,166,PIT,False,LB,LB,D,Temple,23.0,2006.0,0,0,0,2.0,Rian Wallace,OLB,Temple,74.0,241.0,4.73,10.0,35.5,112.0,7.45,3.94
2005,6,167,GNB,False,DB,DB,D,Oklahoma,22.0,2006.0,0,0,0,1.0,,,,,,,,,,,
2005,6,168,ARI,False,LB,LB,D,Oklahoma,23.0,2005.0,0,0,0,1.0,Lance Mitchell,ILB,Oklahoma,74.0,247.0,4.85,15.0,33.5,,7.49,4.38
2005,6,169,CAR,False,C,OL,O,Texas A&M,23.0,2013.0,0,0,5,26.0,Geoff Hangartner,C,Texas A&M,77.0,301.0,5.21,26.0,28.5,103.0,7.62,4.52
2005,6,170,NWE,False,LB,LB,D,UNLV,,,0,0,0,,Ryan Claridge,OLB,UNLV,74.0,254.0,4.78,,,,,
2005,6,171,CAR,False,DB,DB,D,UCLA,23.0,2005.0,0,0,0,,Ben Emanuel,S,UCLA,75.0,213.0,4.57,21.0,,,,
2005,6,172,PHI,False,G,OL,O,BYU,24.0,2008.0,0,0,0,1.0,Scott Young,OG,BYU,76.0,312.0,5.08,43.0,35.0,115.0,7.46,4.37
2005,6,173,IND,False,LB,LB,D,Cincinnati,23.0,2010.0,0,0,1,12.0,Tyjuan Hagler,OLB,Cincinnati,72.0,236.0,4.59,35.0,35.5,124.0,7.21,4.07
2005,6,174,SFO,False,WR,WR,O,West Virginia,24.0,2005.0,0,0,0,0.0,Rasheed Marshall,WR,West Virginia,72.0,185.0,4.51,,38.0,121.0,6.81,3.95
2005,6,175,OAK,False,DT,DL,D,Wisconsin,23.0,2006.0,0,0,0,1.0,Anttaj Hawthorne,DT,Wisconsin,75.0,321.0,5.23,21.0,27.0,100.0,8.0,4.69
2005,6,176,CLE,False,LB,LB,D,New Mexico,23.0,2006.0,0,0,0,1.0,,,,,,,,,,,
2005,6,177,SDG,False,G,OL,O,Oklahoma,24.0,2005.0,0,0,0,0.0,Wes Sims,OT,Oklahoma,77.0,318.0,5.39,26.0,28.0,108.0,7.68,4.43
2005,6,178,TAM,False,DT,DL,D,Alabama,23.0,2010.0,0,0,0,0.0,Anthony Bryant,DT,Alabama,75.0,337.0,5.06,23.0,31.5,106.0,7.8,4.68
2005,6,179,TEN,False,TE,TE,O,Texas,24.0,2010.0,0,0,4,20.0,Bo Scaife,TE,Texas,75.0,249.0,4.75,24.0,32.5,114.0,7.21,4.12
2005,6,180,GNB,False,DT,DL,D,Texas A&M,22.0,2010.0,0,0,1,8.0,Mike Montgomery,DE,Texas A&M,77.0,276.0,5.05,19.0,34.5,115.0,7.38,4.32
2005,6,181,CHI,False,DB,DB,D,La-Monroe,23.0,2012.0,0,0,6,19.0,,,,,,,,,,,
2005,6,182,NYJ,False,RB,RB,O,Tennessee,23.0,2006.0,0,0,0,5.0,Cedric Houston,RB,Tennessee,71.0,225.0,4.61,,,,,
2005,6,183,WAS,False,LB,LB,D,Stanford,,,0,0,0,,Jared Newberry,OLB,Stanford,73.0,234.0,4.71,,,,,
2005,6,184,DET,False,DE,DL,D,Oregon St.,23.0,2005.0,0,0,0,0.0,Bill Swancutt,DE,Oregon State,76.0,270.0,5.0,23.0,34.0,113.0,7.35,4.24
2005,6,185,JAX,False,WR,WR,O,Hawaii,23.0,2007.0,0,0,0,0.0,Chad Owens,WR,Hawaii,67.0,183.0,4.62,,37.0,116.0,6.7,3.94
2005,6,186,NYG,False,DE,DL,D,Florida St.,24.0,2011.0,0,0,0,1.0,Eric Moore,DE,Florida State,76.0,262.0,4.84,22.0,29.5,108.0,7.62,4.5
2005,6,187,KAN,False,T,OL,O,Stanford,23.0,2014.0,0,0,1,2.0,,,,,,,,,,,
2005,6,188,HOU,False,DB,DB,D,Louisiana,22.0,2011.0,0,0,3,14.0,,,,,,,,,,,
2005,6,189,CAR,False,DE,DL,D,Vanderbilt,23.0,2011.0,0,0,3,0.0,Jovan Haye,DE,Vanderbilt,74.0,284.0,4.74,33.0,34.0,110.0,7.38,4.35
2005,6,190,CIN,False,WR,WR,O,UCLA,23.0,2007.0,0,0,0,1.0,Tab Perry,WR,UCLA,74.0,229.0,4.46,,34.0,116.0,7.0,
2005,6,191,MIN,False,DT,DL,D,Missouri,22.0,2015.0,0,0,1,2.0,C.J. Mosley,DT,Missouri,74.0,314.0,5.08,27.0,27.5,100.0,8.21,4.64
2005,6,192,STL,False,WR,WR,O,Ball St.,21.0,2005.0,0,0,0,,,,,,,,,,,,
2005,7,193,NOR,False,DT,DL,D,Wisconsin,23.0,2008.0,0,0,0,,Jason Jefferson,DT,Wisconsin,74.0,310.0,5.1,,28.5,102.0,7.79,4.47
2005,7,194,JAX,False,LB,LB,D,North Carolina St.,22.0,2008.0,0,0,1,2.0,,,,,,,,,,,
2005,7,195,GNB,False,WR,WR,O,UCLA,,,0,0,0,,Craig Bragg,WR,UCLA,73.0,196.0,4.46,,36.0,,,
2005,7,196,SEA,False,TE,TE,O,Iowa,,,0,0,0,,Tony Jackson,TE,Iowa,74.0,266.0,4.75,23.0,33.0,113.0,7.5,4.48
2005,7,197,BUF,False,G,OL,O,Vanderbilt,23.0,2008.0,0,0,0,,Justin Geisinger,OT,Vanderbilt,76.0,322.0,5.38,34.0,25.0,95.0,7.87,4.62
2005,7,198,NYJ,False,TE,TE,O,Colorado St.,23.0,2013.0,0,0,4,0.0,Joel Dreessen,TE,Colorado State,76.0,260.0,4.72,22.0,36.0,113.0,7.09,4.01
2005,7,199,KAN,False,DE,DL,D,Baylor,23.0,2005.0,0,0,0,0.0,Khari Long,DE,Baylor,76.0,257.0,4.74,27.0,38.5,121.0,7.22,4.07
2005,7,200,DEN,False,G,OL,O,Miami (FL),23.0,2014.0,0,2,8,9.0,Chris Myers,OG,Miami (FL),77.0,300.0,5.11,25.0,,,,
2005,7,201,ATL,False,RB,RB,O,Michigan St.,24.0,2005.0,0,0,0,0.0,DeAndra Cobb,RB,Michigan State,70.0,196.0,4.49,17.0,34.0,118.0,7.13,4.25
2005,7,202,IND,False,K,K,S,Michigan St.,22.0,2011.0,0,0,0,0.0,Dave Rayner,K,Michigan State,74.0,210.0,5.0,,,,,
2005,7,203,CLE,False,DT,DL,D,Virginia,,,0,0,0,,,,,,,,,,,,
2005,7,204,PIT,False,G,OL,O,Utah,22.0,2011.0,0,0,3,27.0,Chris Kemoeatu,OG,Utah,75.0,344.0,5.34,26.0,29.0,98.0,7.75,4.54
2005,7,205,SFO,False,DB,DB,D,Washington,23.0,2006.0,0,0,0,2.0,,,,,,,,,,,
2005,7,206,DET,False,DE,DL,D,Marshall,24.0,2005.0,0,0,0,,,,,,,,,,,,
2005,7,207,CAR,False,T,OL,O,Michigan Tech,23.0,2017.0,0,0,5,,Joe Berger,OT,Michigan Tech,77.0,303.0,5.18,30.0,27.0,96.0,7.77,4.62
2005,7,208,DAL,False,DB,DB,D,Ball St.,,,0,0,0,,Justin Beriault,S,Ball State,75.0,204.0,4.52,14.0,39.5,132.0,6.92,3.8
2005,7,209,DAL,False,T,OL,O,Pittsburgh,23.0,2010.0,0,0,1,8.0,Rob Petitti,OT,Pittsburgh,78.0,347.0,5.48,,,,,
2005,7,210,STL,False,P,P,S,Ball St.,23.0,2012.0,0,0,0,0.0,Reggie Hodges,P,Ball State,72.0,226.0,4.88,,,,,
2005,7,211,PHI,False,T,OL,O,Washington St.,,,0,0,0,,Calvin Armstrong,OT,Washington State,79.0,325.0,5.51,26.0,34.0,100.0,7.62,4.66
2005,7,212,OAK,False,DE,DL,D,California,24.0,2006.0,0,0,0,1.0,Ryan Riddle,DE,California,74.0,256.0,4.83,18.0,,,,
2005,7,213,BAL,False,QB,QB,O,Oregon St.,22.0,2018.0,0,1,3,,Derek Anderson,QB,Oregon State,78.0,242.0,5.03,,29.0,103.0,7.67,4.62
2005,7,214,OAK,False,T,OL,O,Iowa,,,0,0,0,,Pete McMahon,OT,Iowa,80.0,329.0,5.43,26.0,27.0,92.0,7.97,4.8
2005,7,215,SFO,False,DB,DB,D,Cincinnati,23.0,2007.0,0,0,1,,Daven Holly,CB,Cincinnati,70.0,192.0,4.39,15.0,39.0,115.0,7.16,4.08
2005,7,216,MIA,False,DT,DL,D,Michigan St.,22.0,2014.0,0,0,3,,Kevin Vickerson,DT,Michigan State,77.0,310.0,5.0,,32.5,103.0,7.78,4.64
2005,7,217,CLE,False,T,OL,O,Virginia Tech,,,0,0,0,,Jon Dunn,OT,Virginia Tech,79.0,328.0,5.4,,,,,
2005,7,218,TEN,False,DB,DB,D,Florida,23.0,2008.0,0,0,2,11.0,,,,,,,,,,,
2005,7,219,MIN,False,DB,DB,D,Texas-El Paso,,,0,0,0,,,,,,,,,,,,
2005,7,220,CHI,False,DB,DB,D,South Carolina,23.0,2010.0,0,0,0,6.0,,,,,,,,,,,
2005,7,221,TAM,False,RB,RB,O,Mississippi,,,0,0,0,,,,,,,,,,,,
2005,7,222,WAS,False,FB,RB,O,The Citadel,22.0,2006.0,0,0,0,0.0,Nehemiah Broughton,RB,Citadel,71.0,250.0,4.59,25.0,30.0,108.0,7.54,4.28
2005,7,223,SFO,False,WR,WR,O,Oregon,22.0,2007.0,0,0,0,0.0,,,,,,,,,,,
2005,7,224,DAL,False,DE,DL,D,Auburn,24.0,2015.0,1,4,7,51.0,,,,,,,,,,,
2005,8,225,TAM,False,WR,WR,O,Utah,23.0,2006.0,0,0,0,0.0,Paris Warren,WR,Utah,72.0,219.0,4.71,,31.5,,,
2005,8,226,ARI,False,WR,WR,O,Indiana (PA),23.0,2005.0,0,0,0,1.0,Leron McCoy,WR,Indiana (PA),73.0,211.0,4.4,,37.0,120.0,7.19,4.21
2005,8,227,HOU,False,DE,DL,D,Grambling St.,22.0,2008.0,0,0,0,,Kenneth Pettway,OLB,Grambling State,75.0,236.0,4.69,22.0,32.5,114.0,7.29,4.31
2005,8,228,PIT,False,DE,DL,D,BYU,,,0,0,0,,,,,,,,,,,,
2005,8,229,KAN,False,QB,QB,O,Tulsa,,,0,0,0,,,,,,,,,,,,
2005,8,230,NWE,False,QB,QB,O,USC,23.0,2018.0,0,1,6,18.0,,,,,,,,,,,
2005,8,231,TAM,False,DB,DB,D,Washington St.,22.0,2011.0,0,0,1,,Hamza Abdullah,S,Washington State,74.0,214.0,,18.0,39.0,114.0,6.94,
2005,8,232,NOR,False,DT,DL,D,Arizona St.,20.0,2005.0,0,0,0,0.0,Jimmy Verdon,DE,Arizona State,75.0,280.0,5.02,18.0,29.5,105.0,7.89,4.53
2005,8,233,CIN,False,DE,DL,D,Utah,23.0,2011.0,0,0,1,12.0,,,,,,,,,,,
2005,8,234,BAL,False,LB,LB,D,Texas Tech,24.0,2006.0,0,0,0,1.0,,,,,,,,,,,
2005,8,235,SEA,False,LB,LB,D,Alabama,23.0,2005.0,0,0,0,1.0,Cornelius Wortham,OLB,Alabama,73.0,236.0,4.71,22.0,37.0,110.0,,4.38
2005,8,236,BUF,False,RB,RB,O,Louisville,23.0,2007.0,0,0,0,,Lionel Gates,RB,Louisville,72.0,222.0,4.6,23.0,36.0,121.0,7.17,4.1
2005,8,237,JAX,False,DB,DB,D,Eastern Michigan,22.0,2008.0,0,0,0,0.0,,,,,,,,,,,
2005,8,238,KAN,False,T,OL,O,Southern Miss,,,0,0,0,,Jeremy Parquet,OT,Southern Miss,79.0,323.0,5.31,17.0,29.5,94.0,7.95,4.8
2005,8,239,DEN,False,K,K,S,Northern Arizona,23.0,2008.0,0,0,0,2.0,,,,,,,,,,,
2005,8,240,NYJ,False,WR,WR,O,Tuskegee,23.0,2007.0,0,0,0,0.0,,,,,,,,,,,
2005,8,241,ATL,False,DT,DL,D,South Carolina,22.0,2006.0,0,0,0,2.0,Darrell Shropshire,DT,South Carolina,74.0,301.0,4.87,25.0,34.0,116.0,7.54,4.31
2005,8,242,SDG,False,C,OL,O,Bowling Green,23.0,2011.0,0,0,1,15.0,Scott Mruczkowski,C,Bowling Green,76.0,321.0,5.29,28.0,,,,
2005,8,243,IND,False,RB,RB,O,Wisconsin,,,0,0,0,,Anthony Davis,RB,Wisconsin,67.0,200.0,4.5,18.0,38.0,121.0,7.39,
2005,8,244,PIT,False,RB,RB,O,Northwestern,23.0,2006.0,0,0,0,0.0,Noah Herron,RB,Northwestern,71.0,224.0,4.6,17.0,31.0,108.0,6.95,3.97
2005,8,245,GNB,False,DB,DB,D,Albany (NY),,,0,0,0,,,,,,,,,,,,
2005,8,246,GNB,False,G,OL,O,Michigan St.,23.0,2005.0,0,0,1,6.0,,,,,,,,,,,
2005,8,247,PHI,False,DT,DL,D,Grand Valley St.,24.0,2005.0,0,0,0,0.0,,,,,,,,,,,
2005,8,248,SFO,False,TE,TE,O,Virginia,22.0,2007.0,0,0,0,0.0,,,,,,,,,,,
2005,8,249,SFO,False,TE,TE,O,Oklahoma St.,22.0,2013.0,0,0,4,0.0,Billy Bajema,TE,Oklahoma State,77.0,261.0,4.74,16.0,31.5,113.0,7.05,4.25
2005,8,250,STL,False,QB,QB,O,Harvard,22.0,2021.0,0,0,10,1.0,Ryan Fitzpatrick,QB,Harvard,74.0,232.0,4.86,,30.5,105.0,7.09,4.07
2005,8,251,STL,False,FB,RB,O,North Carolina,24.0,2010.0,0,0,4,1.0,Madison Hedgecock,FB,North Carolina,75.0,266.0,4.87,29.0,32.5,108.0,7.41,4.24
2005,8,252,PHI,False,LB,LB,D,Stanford,,,0,0,0,,,,,,,,,,,,
2005,8,253,TAM,False,WR,WR,O,Louisville,,,0,0,0,,J.R. Russell,WR,Louisville,75.0,206.0,4.56,,34.5,,,
2005,8,254,SEA,False,T,OL,O,Oregon St.,23.0,2005.0,0,0,0,,Doug Nienhuis,OG,Oregon State,78.0,307.0,5.15,22.0,29.5,99.0,7.5,4.47
2005,8,255,NWE,False,TE,TE,O,William Penn,,,0,0,0,,,,,,,,,,,,
2006,1,1,HOU,False,DE,DL,D,North Carolina St.,21.0,2016.0,1,4,9,36.0,Mario Williams,DE,North Carolina State,79.0,295.0,4.7,35.0,40.5,120.0,7.19,4.36
2006,1,2,NOR,False,RB,RB,O,USC,21.0,2016.0,0,0,8,34.0,Reggie Bush,RB,USC,71.0,201.0,4.37,,,,,
2006,1,3,TEN,False,QB,QB,O,Texas,23.0,2011.0,0,2,4,31.0,Vince Young,QB,Texas,77.0,229.0,4.48,,,,,
2006,1,4,NYJ,False,T,OL,O,Virginia,22.0,2015.0,0,3,10,58.0,D'Brickashaw Ferguson,OT,Virginia,78.0,312.0,5.08,,,,,
2006,1,5,GNB,False,LB,LB,D,Ohio St.,22.0,2016.0,0,1,10,52.0,A.J. Hawk,OLB,Ohio State,73.0,248.0,4.59,24.0,40.0,115.0,6.82,3.96
2006,1,6,SFO,False,TE,TE,O,Maryland,22.0,2019.0,0,2,11,42.0,Vernon Davis,TE,Maryland,75.0,254.0,4.38,33.0,42.0,128.0,7.0,4.17
2006,1,7,OAK,False,DB,DB,D,Texas,23.0,2013.0,0,0,6,33.0,Michael Huff,S,Texas,72.0,204.0,4.34,21.0,40.5,125.0,,
2006,1,8,BUF,False,DB,DB,D,Ohio St.,21.0,2016.0,0,2,10,19.0,Donte Whitner,S,Ohio State,70.0,204.0,4.4,18.0,40.0,132.0,,
2006,1,9,DET,False,LB,LB,D,Florida St.,21.0,2013.0,0,0,4,18.0,Ernie Sims,OLB,Florida State,71.0,231.0,4.5,25.0,41.0,125.0,7.31,4.22
2006,1,10,ARI,False,QB,QB,O,USC,23.0,2012.0,0,0,1,12.0,Matt Leinart,QB,USC,77.0,223.0,4.9,,,,,
2006,1,11,DEN,False,QB,QB,O,Vanderbilt,23.0,2017.0,0,1,10,28.0,Jay Cutler,QB,Vanderbilt,75.0,226.0,4.77,23.0,,,7.1,4.26
2006,1,12,BAL,False,DT,DL,D,Oregon,22.0,2018.0,2,5,12,92.0,Haloti Ngata,DT,Oregon,76.0,338.0,5.13,37.0,31.5,110.0,7.95,4.65
2006,1,13,CLE,False,DE,DL,D,Florida St.,22.0,2014.0,0,0,8,24.0,Kamerion Wimbley,DE,Florida State,76.0,248.0,4.61,24.0,38.5,129.0,6.97,4.48
2006,1,14,PHI,False,DT,DL,D,Florida St.,22.0,2014.0,0,0,7,25.0,Brodrick Bunkley,DT,Florida State,75.0,306.0,5.01,44.0,32.5,113.0,,
2006,1,15,STL,False,DB,DB,D,Clemson,24.0,2010.0,0,0,0,7.0,Tye Hill,CB,Clemson,70.0,185.0,4.34,,41.0,129.0,6.63,4.01
2006,1,16,MIA,False,DB,DB,D,Tennessee,23.0,2012.0,0,0,1,9.0,Jason Allen,S,Tennessee,73.0,209.0,4.39,17.0,39.5,131.0,6.75,3.81
2006,1,17,MIN,False,LB,LB,D,Iowa,23.0,2016.0,0,2,10,66.0,Chad Greenway,OLB,Iowa,74.0,242.0,4.76,16.0,33.5,117.0,7.0,4.22
2006,1,18,DAL,False,LB,LB,D,Ohio St.,23.0,2012.0,0,0,0,5.0,Bobby Carpenter,OLB,Ohio State,74.0,256.0,4.65,,,,,
2006,1,19,SDG,False,DB,DB,D,Florida St.,22.0,2016.0,1,4,8,26.0,Antonio Cromartie,CB,Florida State,74.0,208.0,4.47,18.0,38.0,132.0,,
2006,1,20,KAN,False,DE,DL,D,Penn St.,22.0,2017.0,0,5,10,75.0,Tamba Hali,DE,Penn State,75.0,275.0,4.87,,,,,
2006,1,21,NWE,False,RB,RB,O,Minnesota,21.0,2010.0,0,0,0,25.0,Laurence Maroney,RB,Minnesota,72.0,217.0,4.48,,,,,
2006,1,22,SFO,False,DE,DL,D,North Carolina St.,22.0,2015.0,0,0,7,23.0,Manny Lawson,OLB,North Carolina State,77.0,241.0,4.43,23.0,39.5,124.0,6.9,4.18
2006,1,23,TAM,False,G,OL,O,Oklahoma,22.0,2014.0,0,2,8,38.0,Davin Joseph,OG,Oklahoma,75.0,311.0,5.09,24.0,32.0,111.0,,4.97
2006,1,24,CIN,False,DB,DB,D,South Carolina,22.0,2020.0,0,2,15,19.0,Johnathan Joseph,CB,South Carolina,71.0,193.0,4.31,15.0,37.0,123.0,6.92,4.23
2006,1,25,PIT,False,WR,WR,O,Ohio St.,22.0,2014.0,0,0,6,35.0,Santonio Holmes,WR,Ohio State,71.0,188.0,4.35,,,,,
2006,1,26,BUF,False,DT,DL,D,North Carolina St.,23.0,2011.0,0,0,0,4.0,John McCargo,DT,North Carolina State,73.0,302.0,5.15,25.0,30.5,110.0,7.79,4.48
2006,1,27,CAR,False,RB,RB,O,Memphis,23.0,2016.0,0,1,6,51.0,DeAngelo Williams,RB,Memphis,69.0,214.0,4.45,25.0,35.5,121.0,,
2006,1,28,JAX,False,TE,TE,O,UCLA,22.0,2025.0,0,1,15,33.0,Marcedes Lewis,TE,UCLA,78.0,261.0,4.8,23.0,37.0,118.0,7.24,4.82
2006,1,29,NYJ,False,C,OL,O,Ohio St.,22.0,2016.0,2,7,11,73.0,Nick Mangold,C,Ohio State,76.0,300.0,5.05,24.0,27.5,104.0,7.47,4.36
2006,1,30,IND,False,RB,RB,O,LSU,23.0,2011.0,0,1,4,50.0,Joseph Addai,RB,LSU,71.0,214.0,4.4,18.0,38.5,125.0,7.09,4.47
2006,1,31,SEA,False,DB,DB,D,Miami (FL),23.0,2011.0,0,0,2,17.0,Kelly Jennings,CB,Miami (FL),71.0,178.0,4.39,,40.0,120.0,,4.0
2006,1,32,NYG,False,DE,DL,D,Boston Col.,23.0,2014.0,0,0,5,37.0,Mathias Kiwanuka,DE,Boston Col.,78.0,266.0,4.7,17.0,32.0,120.0,7.27,4.13
2006,2,33,HOU,False,LB,LB,D,Alabama,22.0,2015.0,0,2,8,39.0,DeMeco Ryans,OLB,Alabama,73.0,236.0,4.65,23.0,39.0,129.0,7.19,4.17
2006,2,34,CLE,False,LB,LB,D,Maryland,22.0,2016.0,0,1,9,40.0,D'Qwell Jackson,ILB,Maryland,72.0,230.0,4.73,19.0,37.0,116.0,7.05,4.36
2006,2,35,WAS,False,LB,LB,D,Miami (FL),23.0,2013.0,0,0,5,33.0,Rocky McIntosh,OLB,Miami (FL),74.0,237.0,4.62,18.0,41.5,119.0,,
2006,2,36,NWE,False,WR,WR,O,Florida,21.0,2008.0,0,0,0,2.0,Chad Jackson,WR,Florida,73.0,213.0,4.32,,38.5,122.0,6.73,3.97
2006,2,37,ATL,False,DB,DB,D,Virginia Tech,22.0,2007.0,0,0,0,5.0,Jimmy Williams,CB,Virginia Tech,74.0,213.0,4.44,,,,,
2006,2,38,OAK,False,LB,LB,D,Texas-El Paso,23.0,2013.0,0,0,5,25.0,Thomas Howard,OLB,Texas-El Paso,75.0,239.0,4.42,21.0,39.0,124.0,6.96,4.28
2006,2,39,PHI,False,T,OL,O,USC,21.0,2013.0,0,0,3,16.0,Winston Justice,OT,USC,78.0,319.0,5.16,,35.0,110.0,7.31,4.53
2006,2,40,DET,False,DB,DB,D,Nebraska,23.0,2008.0,0,0,1,7.0,Daniel Bullocks,S,Nebraska,72.0,212.0,4.38,18.0,38.0,124.0,6.91,4.16
2006,2,41,ARI,False,G,OL,O,USC,23.0,2012.0,0,0,5,32.0,Deuce Lutui,OG,USC,76.0,334.0,5.35,26.0,28.0,97.0,8.04,4.76
2006,2,42,CHI,False,DB,DB,D,Abilene Christian,24.0,2014.0,0,0,6,21.0,Danieal Manning,CB,Abilene Christian,71.0,202.0,4.48,17.0,39.0,123.0,7.23,4.07
2006,2,43,NOR,False,DB,DB,D,Alabama,23.0,2016.0,0,2,8,40.0,Roman Harper,S,Alabama,72.0,198.0,4.5,19.0,,,,
2006,2,44,NYG,False,WR,WR,O,Miami (FL),22.0,2009.0,0,0,0,4.0,Sinorice Moss,WR,Miami (FL),68.0,185.0,4.38,,,,,
2006,2,45,TEN,False,RB,RB,O,USC,21.0,2009.0,0,0,1,14.0,LenDale White,RB,USC,72.0,238.0,4.49,,,,,
2006,2,46,STL,False,TE,TE,O,Colorado,22.0,2009.0,0,0,3,3.0,Joe Klopfenstein,TE,Colorado,78.0,255.0,4.63,27.0,36.0,112.0,7.39,4.21
2006,2,47,GNB,False,T,OL,O,Boise St.,24.0,2014.0,0,0,9,38.0,Daryn Colledge,OT,Boise State,76.0,299.0,5.05,21.0,32.5,110.0,7.43,4.58
2006,2,48,MIN,False,DB,DB,D,Texas,23.0,2012.0,0,0,4,23.0,Cedric Griffin,S,Texas,72.0,199.0,4.51,17.0,35.5,125.0,6.84,4.1
2006,2,49,NYJ,False,QB,QB,O,Oregon,23.0,2017.0,0,0,2,3.0,Kellen Clemens,QB,Oregon,74.0,224.0,4.89,,,,,
2006,2,50,SDG,False,T,OL,O,Auburn,22.0,2011.0,0,2,6,48.0,Marcus McNeill,OT,Auburn,80.0,336.0,5.07,,31.0,98.0,8.19,5.0
2006,2,51,MIN,False,C,OL,O,New Mexico,23.0,2012.0,0,0,3,17.0,Ryan Cook,OT,New Mexico,79.0,328.0,5.47,28.0,26.5,97.0,7.93,4.66
2006,2,52,GNB,False,WR,WR,O,Western Michigan,22.0,2015.0,0,2,8,55.0,Greg Jennings,WR,West. Michigan,71.0,197.0,4.42,,36.5,117.0,6.68,4.16
2006,2,53,DAL,False,TE,TE,O,Notre Dame,22.0,2017.0,0,0,8,2.0,Anthony Fasano,TE,Notre Dame,76.0,259.0,4.72,19.0,33.5,112.0,6.94,4.34
2006,2,54,KAN,False,DB,DB,D,Purdue,21.0,2014.0,0,1,7,11.0,Bernard Pollard,S,Purdue,74.0,224.0,4.57,,36.5,131.0,,
2006,2,55,CIN,False,T,OL,O,LSU,24.0,2021.0,2,4,16,66.0,Andrew Whitworth,OT,LSU,79.0,334.0,5.16,28.0,30.5,112.0,8.23,4.83
2006,2,56,BAL,False,G,OL,O,Oklahoma,23.0,2016.0,0,0,9,18.0,Chris Chester,C,Oklahoma,75.0,303.0,4.83,27.0,31.5,106.0,7.31,4.5
2006,2,57,CHI,True,DB,DB,D,Miami (FL),23.0,2016.0,3,4,3,43.0,Devin Hester,WR,Miami (FL),71.0,190.0,4.41,16.0,38.0,124.0,,
2006,2,58,CAR,False,DB,DB,D,Fresno St.,21.0,2014.0,0,0,3,23.0,Richard Marshall,CB,Fresno State,71.0,189.0,4.42,12.0,37.0,129.0,6.65,4.16
2006,2,59,TAM,False,T,OL,O,Boston Col.,23.0,2013.0,0,0,6,31.0,Jeremy Trueblood,OT,Boston Col.,80.0,316.0,5.25,20.0,27.5,96.0,7.82,4.68
2006,2,60,JAX,False,RB,RB,O,UCLA,21.0,2014.0,1,3,4,73.0,Maurice Jones-Drew,RB,UCLA,67.0,207.0,4.39,18.0,36.0,116.0,7.08,4.38
2006,2,61,DEN,False,TE,TE,O,Western Michigan,23.0,2013.0,0,0,2,16.0,Tony Scheffler,TE,West. Michigan,77.0,254.0,4.54,17.0,33.5,115.0,6.81,4.01
2006,2,62,IND,False,DB,DB,D,Georgia,22.0,2015.0,0,2,6,9.0,Tim Jennings,CB,Georgia,68.0,185.0,4.32,17.0,37.5,117.0,,
2006,2,63,SEA,False,DE,DL,D,Virginia Tech,21.0,2017.0,0,0,2,21.0,Darryl Tapp,DE,Virginia Tech,74.0,252.0,4.83,27.0,33.0,109.0,7.31,4.48
2006,2,64,MIN,False,QB,QB,O,Alabama St.,23.0,2015.0,0,0,2,13.0,Tarvaris Jackson,QB,Arkansas,74.0,226.0,4.69,22.0,31.5,107.0,7.4,4.38
2006,3,65,HOU,False,G,OL,O,Pittsburgh,24.0,2006.0,0,0,0,1.0,Charles Spencer,OG,Pittsburgh,77.0,352.0,5.25,30.0,,,,
2006,3,66,HOU,False,T,OL,O,Miami (FL),22.0,2017.0,0,0,7,41.0,Eric Winston,OT,Miami (FL),79.0,310.0,4.94,,29.0,108.0,7.47,4.44
2006,3,67,GNB,False,LB,LB,D,Iowa,23.0,2010.0,0,0,0,1.0,Abdul Hodge,ILB,Iowa,72.0,236.0,4.76,,31.0,108.0,7.09,4.3
2006,3,68,STL,False,DT,DL,D,LSU,22.0,2007.0,0,0,0,2.0,Claude Wroten,DT,LSU,74.0,302.0,5.08,,,,,
2006,3,69,OAK,False,T,OL,O,Weber St.,23.0,2014.0,0,0,2,4.0,Paul McQuistan,OT,Weber State,78.0,312.0,5.07,28.0,29.5,110.0,7.72,4.62
2006,3,70,BUF,False,DB,DB,D,Ohio St.,22.0,2011.0,0,0,0,5.0,Ashton Youboty,CB,Ohio State,72.0,189.0,4.44,,,,,
2006,3,71,PHI,False,DE,DL,D,Cal Poly-San Luis Obispo,22.0,2011.0,0,0,5,15.0,Chris Gocong,DE,Cal Poly,74.0,263.0,4.7,28.0,38.5,123.0,7.05,4.08
2006,3,72,ARI,False,TE,TE,O,Georgia,22.0,2012.0,0,0,4,4.0,Leonard Pope,TE,Georgia,80.0,258.0,4.62,22.0,37.5,118.0,7.47,4.67
2006,3,73,CHI,False,DT,DL,D,Oklahoma,25.0,2008.0,0,0,1,6.0,Dusty Dvoracek,DT,Oklahoma,75.0,306.0,5.01,31.0,34.0,110.0,7.62,4.35
2006,3,74,DET,False,RB,RB,O,Wisconsin,22.0,2007.0,0,0,0,1.0,Brian Calhoun,RB,Wisconsin,69.0,201.0,4.57,18.0,31.5,124.0,7.05,4.2
2006,3,75,GNB,False,G,OL,O,Louisville,23.0,2011.0,0,0,3,24.0,Jason Spitz,OG,Louisville,75.0,313.0,5.4,25.0,28.5,102.0,7.82,4.55
2006,3,76,NYJ,False,LB,LB,D,Ohio St.,25.0,2007.0,0,0,0,0.0,Anthony Schlegel,ILB,Ohio State,72.0,250.0,4.88,21.0,32.0,111.0,7.41,4.38
2006,3,77,STL,False,LB,LB,D,Stanford,23.0,2009.0,0,0,0,0.0,Jon Alston,OLB,Stanford,73.0,223.0,4.5,30.0,40.0,132.0,6.9,4.13
2006,3,78,CLE,False,WR,WR,O,Oklahoma,22.0,2006.0,0,0,0,0.0,Travis Wilson,WR,Oklahoma,74.0,214.0,4.47,,36.5,120.0,6.7,3.99
2006,3,79,ATL,False,RB,RB,O,Mississippi St.,23.0,2011.0,0,0,0,20.0,Jerious Norwood,RB,Mississippi State,72.0,210.0,4.4,15.0,36.5,122.0,6.81,4.25
2006,3,80,JAX,False,LB,LB,D,Oklahoma,23.0,2009.0,0,0,3,21.0,Clint Ingram,OLB,Oklahoma,74.0,244.0,4.65,22.0,41.0,,7.12,4.1
2006,3,81,SDG,False,QB,QB,O,Clemson,24.0,2016.0,0,0,0,0.0,Charlie Whitehurst,QB,Clemson,77.0,223.0,4.75,,33.0,112.0,7.0,4.11
2006,3,82,MIA,False,WR,WR,O,Arizona St.,21.0,2014.0,0,0,0,5.0,Derek Hagan,WR,Arizona State,74.0,208.0,4.45,,36.0,124.0,,4.07
2006,3,83,PIT,False,DB,DB,D,Syracuse,22.0,2011.0,0,0,1,9.0,Anthony Smith,S,Syracuse,72.0,194.0,4.71,18.0,41.0,125.0,6.75,4.35
2006,3,84,SFO,False,WR,WR,O,Wisconsin,22.0,2007.0,0,0,0,0.0,Brandon Williams,WR,Wisconsin,69.0,179.0,4.48,,34.5,115.0,6.87,4.07
2006,3,85,KAN,False,QB,QB,O,Alabama,23.0,2010.0,0,0,0,2.0,Brodie Croyle,QB,Alabama,74.0,205.0,4.88,,30.5,104.0,7.34,4.25
2006,3,86,NWE,False,TE,TE,O,Texas,23.0,2012.0,0,0,3,3.0,David Thomas,TE,Texas,75.0,252.0,4.67,19.0,37.5,113.0,7.05,4.34
2006,3,87,BAL,False,DB,DB,D,Northwestern St. (LA),22.0,2007.0,0,0,0,1.0,David Pittman,CB,NW State (LA),71.0,182.0,4.44,14.0,36.0,128.0,,4.23
2006,3,88,CAR,False,LB,LB,D,Virginia Tech,22.0,2015.0,0,0,4,25.0,James Anderson,OLB,Virginia Tech,75.0,229.0,4.59,,41.0,121.0,6.67,4.07
2006,3,89,CAR,False,T,OL,O,Miami (FL),23.0,2013.0,0,0,0,,Rashad Butler,OT,Miami (FL),77.0,293.0,5.3,16.0,28.0,106.0,7.9,4.55
2006,3,90,TAM,False,WR,WR,O,Notre Dame,21.0,2012.0,0,0,0,5.0,Maurice Stovall,WR,Notre Dame,76.0,217.0,4.57,,35.0,122.0,6.81,4.14
2006,3,91,CIN,False,DE,DL,D,USC,22.0,2018.0,0,0,5,10.0,Frostee Rucker,DE,USC,75.0,267.0,4.88,,29.5,110.0,,
2006,3,92,DAL,False,DE,DL,D,Grambling St.,24.0,2015.0,0,1,5,23.0,Jason Hatcher,DE,Grambling State,78.0,284.0,4.82,28.0,35.5,113.0,7.67,4.49
2006,3,93,STL,False,TE,TE,O,USC,22.0,2011.0,0,0,0,0.0,Dominique Byrd,TE,USC,75.0,255.0,4.79,,,,,
2006,3,94,IND,False,LB,LB,D,San Diego St.,23.0,2009.0,0,0,2,15.0,Freddy Keiaho,ILB,San Diego State,71.0,224.0,4.68,15.0,36.0,113.0,7.01,4.12
2006,3,95,PIT,False,WR,WR,O,Florida St.,23.0,2007.0,0,0,0,1.0,Willie Reid,WR,Florida State,70.0,188.0,4.34,,37.5,117.0,7.06,4.26
2006,3,96,NYG,False,LB,LB,D,Georgia Tech,23.0,2010.0,0,0,0,6.0,Gerris Wilkinson,ILB,Georgia Tech,75.0,233.0,4.66,19.0,39.0,122.0,7.21,4.17
2006,4,97,NYJ,False,DB,DB,D,Michigan St.,23.0,2012.0,0,0,1,18.0,Eric Smith,S,Michigan State,73.0,209.0,4.63,21.0,40.0,127.0,6.89,4.1
2006,4,98,HOU,False,TE,TE,O,Wisconsin,23.0,2015.0,0,2,9,35.0,Owen Daniels,TE,Wisconsin,75.0,253.0,4.65,23.0,34.5,114.0,6.87,4.1
2006,4,99,PHI,False,G,OL,O,Georgia,22.0,2010.0,0,0,2,14.0,Max Jean-Gilles,OG,Georgia,76.0,355.0,5.48,27.0,24.5,95.0,8.56,5.08
2006,4,100,SFO,False,WR,WR,O,Penn St.,23.0,2013.0,0,1,1,4.0,Michael Robinson,WR,Penn State,73.0,227.0,4.57,,,,,
2006,4,101,OAK,False,DB,DB,D,USC,21.0,2009.0,0,0,0,,Darnell Bing,S,USC,74.0,227.0,4.53,17.0,34.0,120.0,7.25,4.07
2006,4,102,TEN,False,DB,DB,D,Penn St.,23.0,2008.0,0,0,0,6.0,Calvin Lowry,S,Penn State,71.0,200.0,4.54,15.0,36.0,120.0,7.16,4.2
2006,4,103,NYJ,False,QB,QB,O,Missouri,22.0,2014.0,0,0,1,12.0,Brad Smith,WR,Missouri,74.0,213.0,4.46,,39.5,128.0,7.0,4.33
2006,4,104,GNB,False,WR,WR,O,TCU,,,0,0,0,,Cory Rodgers,WR,TCU,72.0,188.0,4.58,,33.5,110.0,7.37,4.19
2006,4,105,BUF,False,DB,DB,D,South Carolina,22.0,2009.0,0,0,2,10.0,Ko Simpson,S,South Carolina,73.0,209.0,4.45,11.0,40.5,122.0,7.09,4.17
2006,4,106,NWE,False,FB,RB,O,Tulsa,22.0,2010.0,0,0,0,,Garrett Mills,FB,Tulsa,73.0,241.0,4.64,23.0,35.5,111.0,6.81,4.05
2006,4,107,ARI,False,DT,DL,D,Michigan,22.0,2010.0,0,0,1,11.0,Gabe Watson,DT,Michigan,75.0,339.0,5.27,36.0,25.0,96.0,8.28,4.8
2006,4,108,NOR,False,T,OL,O,Bloomsburg,23.0,2017.0,4,6,12,110.0,Jahri Evans,OT,Texas A&M,76.0,316.0,5.25,20.0,27.0,95.0,7.97,4.8
2006,4,109,PHI,False,WR,WR,O,Michigan,23.0,2015.0,0,0,3,25.0,Jason Avant,WR,Michigan,72.0,212.0,4.62,20.0,37.0,118.0,,
2006,4,110,CLE,False,LB,LB,D,Miami (FL),23.0,2012.0,0,0,0,8.0,Leon Williams,ILB,Miami (FL),75.0,245.0,4.54,25.0,,,,
2006,4,111,BAL,False,WR,WR,O,Oregon,23.0,2010.0,0,0,0,9.0,Demetrius Williams,WR,Oregon,74.0,197.0,4.52,,38.0,127.0,6.84,4.08
2006,4,112,CLE,False,T,OL,O,Indiana,24.0,2008.0,0,0,0,1.0,Isaac Sowells,OG,Indiana,75.0,324.0,5.15,20.0,28.5,101.0,8.13,4.98
2006,4,113,STL,False,DE,DL,D,Indiana,23.0,2009.0,0,0,2,13.0,Victor Adeyanju,DE,Indiana,76.0,274.0,4.86,22.0,32.0,112.0,7.37,4.41
2006,4,114,MIA,False,T,OL,O,Washington,,,0,0,0,,Joe Toledo,OT,Washington,77.0,337.0,5.11,32.0,,,,
2006,4,115,GNB,False,DB,DB,D,Boston Col.,21.0,2016.0,0,0,2,6.0,Will Blackmon,CB,Boston Col.,72.0,198.0,4.47,,41.0,133.0,6.67,4.23
2006,4,116,TEN,False,LB,LB,D,North Carolina St.,21.0,2016.0,0,0,7,20.0,Stephen Tulloch,ILB,North Carolina State,71.0,241.0,4.84,27.0,33.5,113.0,7.19,4.15
2006,4,117,NYJ,False,RB,RB,O,Florida St.,24.0,2014.0,1,2,1,23.0,Leon Washington,RB,Florida State,68.0,201.0,4.42,17.0,32.5,105.0,6.94,4.37
2006,4,118,NWE,False,K,K,S,Memphis,22.0,2020.0,2,4,0,36.0,,,,,,,,,,,
2006,4,119,DEN,False,WR,WR,O,Central Florida,22.0,2018.0,1,6,10,27.0,Brandon Marshall,WR,Central Florida,76.0,229.0,4.52,,37.0,120.0,,
2006,4,120,CHI,False,LB,LB,D,Arizona St.,22.0,2010.0,0,0,0,5.0,Jamar Williams,OLB,Arizona State,72.0,236.0,4.59,,37.0,120.0,7.03,4.29
2006,4,121,CAR,False,DB,DB,D,Ohio St.,22.0,2008.0,0,0,0,1.0,Nate Salley,S,Ohio State,74.0,216.0,4.63,14.0,40.0,123.0,6.79,4.15
2006,4,122,TAM,False,DB,DB,D,Penn St.,,,0,0,0,,Alan Zemaitis,CB,Penn State,73.0,194.0,4.57,,,,,
2006,4,123,CIN,False,DT,DL,D,Michigan St.,21.0,2020.0,0,0,12,60.0,Domata Peko,DT,Michigan State,75.0,307.0,5.27,25.0,28.5,103.0,7.69,4.49
2006,4,124,NYG,False,DT,DL,D,Northwestern,22.0,2015.0,0,0,8,30.0,Barry Cofield,DT,Northwestern,76.0,304.0,4.95,35.0,34.0,105.0,7.43,4.35
2006,4,125,DAL,False,WR,WR,O,LSU,21.0,2008.0,0,0,0,0.0,Skyler Green,WR,LSU,69.0,192.0,4.53,,34.0,118.0,,
2006,4,126,DEN,False,DE,DL,D,Louisville,22.0,2017.0,2,5,6,41.0,Elvis Dumervil,DE,Louisville,71.0,257.0,4.75,30.0,,,,
2006,4,127,MIN,False,DE,DL,D,Purdue,21.0,2012.0,0,0,5,28.0,Ray Edwards,DE,Purdue,77.0,273.0,4.81,30.0,39.0,114.0,7.71,4.57
2006,4,128,SEA,False,G,OL,O,Ohio St.,22.0,2014.0,0,0,7,13.0,Rob Sims,OG,Ohio State,75.0,307.0,5.25,27.0,,,,
2006,5,129,NYG,False,DE,DL,D,East Carolina,23.0,2013.0,0,0,1,2.0,Guy Whimper,OT,East Carolina,77.0,304.0,4.96,26.0,29.0,102.0,7.38,4.59
2006,5,130,DEN,False,WR,WR,O,Akron,21.0,2013.0,0,0,0,0.0,,,,,,,,,,,
2006,5,131,PIT,False,G,OL,O,Hofstra,23.0,2015.0,0,0,6,28.0,,,,,,,,,,,
2006,5,132,BAL,False,RB,RB,O,Georgia Tech,23.0,,0,0,0,,P.J. Daniels,RB,Georgia Tech,70.0,214.0,4.64,21.0,33.0,116.0,7.13,4.4
2006,5,133,PIT,False,DT,DL,D,Miami (FL),23.0,2009.0,0,0,0,,Orien Harris,DT,Miami (FL),75.0,301.0,5.27,25.0,,,,
2006,5,134,BUF,False,DT,DL,D,LSU,23.0,2018.0,0,6,11,79.0,,,,,,,,,,,
2006,5,135,NOR,False,DE,DL,D,Purdue,22.0,2016.0,0,0,7,0.0,Rob Ninkovich,DE,Purdue,75.0,260.0,4.91,23.0,34.5,116.0,6.96,4.18
2006,5,136,NWE,False,T,OL,O,California,23.0,2010.0,0,0,1,6.0,Ryan O'Callaghan,OT,California,79.0,344.0,5.39,21.0,25.0,92.0,,
2006,5,137,TEN,False,LB,LB,D,Miami (OH),23.0,2006.0,0,0,0,0.0,Terna Nande,OLB,Miami (OH),72.0,232.0,4.51,41.0,39.0,124.0,6.97,4.11
2006,5,138,DAL,False,DB,DB,D,Florida St.,23.0,2010.0,0,0,1,6.0,Pat Watkins,S,Florida State,77.0,211.0,4.42,14.0,41.0,133.0,,
2006,5,139,ATL,False,G,OL,O,Syracuse,22.0,2012.0,0,0,2,8.0,Quinn Ojinnaka,OT,Syracuse,77.0,309.0,5.44,21.0,28.5,102.0,8.45,5.11
2006,5,140,SFO,False,DE,DL,D,Tennessee,22.0,2014.0,0,0,7,31.0,Parys Haralson,DE,Tennessee,73.0,253.0,4.8,24.0,32.0,115.0,7.37,4.26
2006,5,141,DET,False,T,OL,O,Texas,23.0,2014.0,0,0,1,4.0,Jonathan Scott,OT,Texas,78.0,315.0,5.32,,24.5,101.0,7.73,4.85
2006,5,142,ARI,False,LB,LB,D,Louisville,23.0,2012.0,0,0,1,0.0,Brandon Johnson,OLB,Louisville,77.0,228.0,4.44,11.0,37.0,118.0,7.17,4.34
2006,5,143,BUF,False,T,OL,O,Virginia,22.0,2009.0,0,0,2,13.0,Brad Butler,OT,Virginia,79.0,310.0,5.29,,,,,
2006,5,144,STL,False,WR,WR,O,Virginia,23.0,2008.0,0,0,0,1.0,Marques Hagans,RB,Virginia,69.0,202.0,4.67,,35.0,114.0,7.03,4.38
2006,5,145,CLE,False,RB,RB,O,Washington St.,23.0,2011.0,0,0,0,10.0,Jerome Harrison,RB,Washington State,69.0,201.0,4.47,19.0,34.5,124.0,6.77,4.07
2006,5,146,BAL,False,DB,DB,D,Georgia Tech,23.0,2014.0,0,0,8,22.0,Dawan Landry,S,Georgia Tech,73.0,220.0,4.64,18.0,37.5,124.0,,4.27
2006,5,147,PHI,False,DB,DB,D,Colorado,,,0,0,0,,Jeremy Bloom,WR,Colorado,69.0,173.0,4.49,,,,,
2006,5,148,GNB,False,QB,QB,O,Furman,24.0,2006.0,0,0,0,0.0,Ingle Martin,QB,Furman,74.0,220.0,4.71,,36.0,111.0,7.13,4.17
2006,5,149,MIN,False,DB,DB,D,Georgia,24.0,2007.0,0,0,0,2.0,Greg Blue,S,Georgia,74.0,216.0,4.57,16.0,37.5,120.0,,
2006,5,150,NYJ,False,TE,TE,O,Wisconsin,23.0,2007.0,0,0,0,0.0,Jason Pociask,TE,Wisconsin,75.0,266.0,4.84,23.0,32.5,115.0,7.31,4.3
2006,5,151,SDG,False,LB,LB,D,Iowa St.,23.0,2013.0,0,0,1,9.0,Tim Dobbins,ILB,Iowa State,73.0,246.0,4.59,23.0,35.5,110.0,7.25,4.39
2006,5,152,CLE,False,DB,DB,D,Georgia,,,0,0,0,,DeMario Minter,CB,Georgia,71.0,190.0,4.52,10.0,38.5,131.0,6.87,4.1
2006,5,153,WAS,False,NT,DL,D,Minnesota,22.0,2009.0,0,0,1,14.0,,,,,,,,,,,
2006,5,154,KAN,False,DB,DB,D,Miami (FL),23.0,2006.0,0,0,0,0.0,Marcus Maxey,CB,Miami (FL),73.0,198.0,4.48,14.0,41.5,129.0,,
2006,5,155,CAR,False,TE,TE,O,Virginia Tech,23.0,2012.0,0,0,6,8.0,Jeff King,TE,Virginia Tech,77.0,245.0,4.83,21.0,32.5,109.0,6.99,4.09
2006,5,156,TAM,False,DE,DL,D,Stanford,22.0,2006.0,0,0,0,1.0,Julian Jenkins,DE,Stanford,76.0,277.0,5.03,25.0,34.5,110.0,7.11,4.23
2006,5,157,CIN,False,LB,LB,D,Florida St.,23.0,2006.0,0,0,0,0.0,A.J. Nicholson,OLB,Florida State,73.0,252.0,4.88,25.0,,116.0,7.37,4.43
2006,5,158,NYG,False,DB,DB,D,Alabama,23.0,2012.0,0,0,2,,Charlie Peprah,S,Alabama,71.0,206.0,4.66,15.0,37.5,119.0,6.81,4.09
2006,5,159,CHI,False,DE,DL,D,Alabama,23.0,2012.0,0,0,1,15.0,Mark Anderson,DE,Alabama,76.0,254.0,4.62,20.0,42.0,127.0,6.95,4.22
2006,5,160,JAX,False,DE,DL,D,Illinois St.,23.0,2007.0,0,0,0,3.0,,,,,,,,,,,
2006,6,161,DEN,False,G,OL,O,North Dakota,23.0,2013.0,0,0,5,35.0,Chris Kuper,OG,North Dakota,76.0,301.0,5.1,24.0,30.0,109.0,7.59,4.6
2006,6,162,IND,False,G,OL,O,TCU,23.0,2011.0,0,0,0,1.0,Michael Toudouze,OT,TCU,78.0,303.0,5.12,23.0,26.5,100.0,7.45,4.7
2006,6,163,SEA,False,RB,RB,O,USC,23.0,2008.0,0,0,0,0.0,David Kirtman,FB,USC,71.0,233.0,4.76,,29.5,106.0,7.18,4.31
2006,6,164,PIT,False,QB,QB,O,Bowling Green,,,0,0,0,,Omar Jacobs,QB,Bowling Green,76.0,232.0,4.84,,32.5,108.0,7.47,4.29
2006,6,165,GNB,False,T,OL,O,Nevada,23.0,2011.0,0,0,0,10.0,,,,,,,,,,,
2006,6,166,BAL,False,TE,TE,O,Colorado,24.0,2007.0,0,0,1,2.0,Quinn Sypniewski,TE,Colorado,78.0,268.0,4.77,20.0,32.5,114.0,7.09,4.52
2006,6,167,PIT,False,TE,TE,O,Purdue,,,0,0,0,,Charles Davis,TE,Purdue,77.0,263.0,4.87,27.0,31.5,108.0,7.53,4.37
2006,6,168,PHI,False,LB,LB,D,Tennessee,22.0,2013.0,0,0,2,22.0,Omar Gaither,OLB,Tennessee,73.0,234.0,4.78,23.0,37.0,116.0,7.31,4.28
2006,6,169,TEN,False,DT,DL,D,Tennessee,23.0,2007.0,0,0,0,1.0,Jesse Mahelona,DT,Tennessee,72.0,311.0,5.37,,,,,
2006,6,170,HOU,False,RB,RB,O,Virginia,22.0,2006.0,0,0,1,5.0,Wali Lundy,RB,Virginia,71.0,214.0,4.48,18.0,35.0,111.0,6.99,4.36
2006,6,171,NOR,False,WR,WR,O,Oregon St.,23.0,2009.0,0,0,0,,Mike Hass,WR,Oregon State,73.0,208.0,4.59,,32.0,116.0,6.97,4.14
2006,6,172,TEN,False,WR,WR,O,Wisconsin,,,0,0,0,,Jonathan Orr,WR,Wisconsin,74.0,198.0,4.44,,35.5,119.0,7.31,4.16
2006,6,173,WAS,False,DB,DB,D,Northern Colorado,23.0,2013.0,0,0,3,20.0,Reed Doughty,S,Northern Colorado,72.0,209.0,4.65,15.0,37.0,121.0,6.66,4.17
2006,6,174,NOR,False,DB,DB,D,Pittsburgh,,,0,0,0,,Josh Lay,CB,Pittsburgh,72.0,197.0,4.48,16.0,40.5,120.0,,
2006,6,175,SFO,False,WR,WR,O,Central Missouri St.,22.0,2019.0,0,3,7,8.0,Delanie Walker,WR,Central Missouri State,73.0,240.0,4.49,,36.5,118.0,,
2006,6,176,OAK,False,T,OL,O,Cornell,23.0,2014.0,0,0,4,3.0,Kevin Boothe,OT,Cornell,77.0,316.0,5.41,23.0,31.5,98.0,8.36,5.07
2006,6,177,ARI,False,DT,DL,D,Virginia Tech,22.0,2006.0,0,0,0,0.0,Jonathan Lewis,DT,Virginia Tech,73.0,309.0,4.97,24.0,33.5,111.0,7.4,4.4
2006,6,178,BUF,False,LB,LB,D,Oregon St.,22.0,2010.0,0,0,3,19.0,Keith Ellison,OLB,Oregon State,73.0,235.0,4.76,24.0,32.5,115.0,7.22,4.16
2006,6,179,DET,False,DB,DB,D,West Virginia,,,0,0,0,,Dee McCann,CB,West Virginia,71.0,197.0,4.53,,40.5,122.0,7.35,4.38
2006,6,180,CLE,False,FB,RB,O,Colorado,23.0,2012.0,0,0,3,2.0,Lawrence Vickers,FB,Colorado,72.0,245.0,4.82,21.0,30.5,104.0,7.74,4.63
2006,6,181,CLE,False,DT,DL,D,Stanford,23.0,2007.0,0,0,0,0.0,Babatunde Oshinowo,DT,Stanford,74.0,304.0,5.27,33.0,32.0,105.0,7.87,4.54
2006,6,182,DAL,False,DT,DL,D,Louisville,24.0,2009.0,0,0,0,,Montavious Stanley,DT,Louisville,74.0,313.0,5.12,,29.0,106.0,8.06,4.6
2006,6,183,GNB,False,DT,DL,D,Texas A&M,23.0,2013.0,0,0,3,21.0,Johnny Jolly,DT,Texas A&M,75.0,317.0,5.41,,,104.0,,
2006,6,184,ATL,False,WR,WR,O,Fresno St.,23.0,2009.0,0,0,0,0.0,Adam Jennings,WR,Fresno State,69.0,181.0,4.44,,37.5,118.0,6.88,4.12
2006,6,185,GNB,False,DB,DB,D,Fresno St.,23.0,2012.0,0,0,0,1.0,,,,,,,,,,,
2006,6,186,KAN,False,G,OL,O,Mississippi St.,23.0,2007.0,0,0,0,0.0,,,,,,,,,,,
2006,6,187,SDG,False,T,OL,O,Kansas St.,22.0,2013.0,0,0,6,47.0,Jeromey Clary,OT,Kansas State,78.0,309.0,5.28,24.0,26.0,102.0,7.8,4.63
2006,6,188,SDG,False,K,K,S,Virginia,,,0,0,0,,,,,,,,,,,,
2006,6,189,NYJ,False,DB,DB,D,TCU,23.0,2011.0,0,0,0,8.0,,,,,,,,,,,
2006,6,190,KAN,False,WR,WR,O,San Diego St.,24.0,2008.0,0,0,0,2.0,Jeff Webb,WR,San Diego State,74.0,211.0,4.4,,37.0,126.0,6.81,4.08
2006,6,191,NWE,False,DE,DL,D,Florida,22.0,2015.0,0,0,4,,Jeremy Mincey,DE,Florida,75.0,259.0,4.76,27.0,33.5,116.0,6.99,4.25
2006,6,192,SFO,False,DB,DB,D,North Carolina St.,23.0,2010.0,0,0,0,4.0,Marcus Hudson,S,North Carolina State,73.0,194.0,4.55,11.0,,,,
2006,7,193,CIN,False,QB,QB,O,Texas A&M,22.0,2006.0,0,0,0,0.0,Reggie McNeal,QB,Texas A&M,74.0,198.0,4.4,,32.0,121.0,6.96,4.25
2006,7,194,TAM,False,QB,QB,O,Toledo,23.0,2014.0,0,0,1,3.0,Bruce Gradkowski,QB,Toledo,73.0,217.0,4.59,,34.0,107.0,7.12,4.16
2006,7,195,CHI,False,RB,RB,O,Oklahoma,22.0,2006.0,0,0,0,0.0,,,,,,,,,,,
2006,7,196,WAS,False,DT,DL,D,Georgia,23.0,2016.0,0,0,4,27.0,Kedric Golston,DT,Georgia,76.0,300.0,4.88,31.0,33.0,111.0,7.6,4.45
2006,7,197,SFO,False,DE,DL,D,LSU,23.0,2006.0,0,0,1,5.0,Melvin Oliver,DE,LSU,75.0,276.0,5.08,,,,,
2006,7,198,DEN,False,C,OL,O,Minnesota,,,0,0,0,,Greg Eslinger,C,Minnesota,75.0,292.0,5.13,28.0,30.0,101.0,7.59,4.68
2006,7,199,IND,False,T,OL,O,Oklahoma St.,22.0,2014.0,0,0,7,30.0,,,,,,,,,,,
2006,7,200,CHI,False,G,OL,O,Penn St.,,,0,0,0,,,,,,,,,,,,
2006,7,201,PIT,False,C,OL,O,California,,,0,0,0,,Marvin Philip,C,California,73.0,307.0,5.24,27.0,27.0,96.0,7.85,4.69
2006,7,202,TAM,False,TE,TE,O,North Carolina St.,,,0,0,0,,T.J. Williams,TE,North Carolina State,74.0,269.0,4.72,25.0,34.0,111.0,7.49,4.54
2006,7,203,BAL,False,P,P,S,Nebraska,24.0,2021.0,0,1,0,25.0,,,,,,,,,,,
2006,7,204,PHI,False,DT,DL,D,USC,22.0,2009.0,0,0,0,2.0,,,,,,,,,,,
2006,7,205,NWE,False,G,OL,O,Notre Dame,,,0,0,0,,Dan Stevenson,OG,Notre Dame,77.0,300.0,5.36,24.0,24.5,100.0,7.58,4.59
2006,7,206,NWE,False,DT,DL,D,Nebraska,24.0,2010.0,0,0,0,3.0,,,,,,,,,,,
2006,7,207,IND,False,DB,DB,D,Howard,22.0,2019.0,0,3,12,40.0,Antoine Bethea,S,Howard,71.0,203.0,4.39,19.0,36.5,127.0,6.99,4.11
2006,7,208,BAL,False,DB,DB,D,Wyoming,21.0,2013.0,0,0,0,2.0,Derrick Martin,CB,Wyoming,70.0,202.0,4.5,17.0,40.0,127.0,6.72,3.95
2006,7,209,CIN,False,WR,WR,O,Penn St.,23.0,2006.0,0,0,0,0.0,,,,,,,,,,,
2006,7,210,NOR,False,G,OL,O,Northwestern,22.0,2017.0,0,0,6,50.0,Zach Strief,OT,Northwestern,80.0,330.0,5.38,19.0,21.0,94.0,8.01,4.83
2006,7,211,DAL,False,T,OL,O,Weber St.,23.0,2012.0,0,0,0,3.0,,,,,,,,,,,
2006,7,212,MIA,False,DT,DL,D,Texas St.,22.0,2013.0,0,0,0,0.0,,,,,,,,,,,
2006,7,213,JAX,False,DE,DL,D,Syracuse,24.0,2009.0,0,0,0,0.0,James Wyche,DE,Syracuse,77.0,262.0,4.63,27.0,33.0,116.0,7.75,4.51
2006,7,214,OAK,False,C,OL,O,Michigan St.,23.0,2010.0,0,0,1,5.0,,,,,,,,,,,
2006,7,215,TEN,False,DB,DB,D,Samford,22.0,2015.0,1,1,7,43.0,,,,,,,,,,,
2006,7,216,BUF,False,T,OL,O,New Mexico,22.0,2007.0,0,0,1,4.0,Terrance Pennington,OT,New Mexico,79.0,325.0,5.39,28.0,28.5,102.0,,
2006,7,217,DET,False,G,OL,O,USC,,,0,0,0,,Fred Matua,OG,USC,74.0,306.0,5.0,28.0,24.5,93.0,7.87,4.76
2006,7,218,ARI,False,WR,WR,O,BYU,23.0,2009.0,0,0,0,,Todd Watkins,WR,BYU,74.0,202.0,4.4,15.0,36.0,118.0,7.13,4.24
2006,7,219,BAL,False,LB,LB,D,Syracuse,23.0,2006.0,0,0,0,,Ryan LaCasse,DE,Syracuse,74.0,257.0,4.62,34.0,34.0,113.0,7.25,4.3
2006,7,220,NYJ,False,DT,DL,D,Nebraska,23.0,2009.0,0,0,0,,Titus Adams,DT,Nebraska,75.0,306.0,5.07,15.0,30.5,103.0,7.49,4.54
2006,7,221,STL,False,LB,LB,D,Northwestern,22.0,2007.0,0,0,0,1.0,Tim McGarigle,ILB,Northwestern,73.0,242.0,4.73,,38.0,118.0,7.09,4.07
2006,7,222,CLE,False,RB,RB,O,Virginia Tech,23.0,2008.0,0,0,0,1.0,,,,,,,,,,,
2006,7,223,ATL,False,QB,QB,O,Georgia,,,0,0,0,,D.J. Shockley,QB,Georgia,73.0,214.0,4.56,,37.5,121.0,7.07,4.17
2006,7,224,DAL,False,C,OL,O,Texas Tech,,,0,0,0,,E.J. Whitley,OT,UNLV,77.0,309.0,5.35,16.0,25.0,101.0,7.53,4.79
2006,8,225,SDG,False,DT,DL,D,North Carolina,23.0,2007.0,0,0,0,,,,,,,,,,,,
2006,8,226,MIA,False,DT,DL,D,Texas,22.0,2008.0,0,0,0,4.0,Rodrique Wright,DT,Texas,77.0,300.0,5.08,31.0,32.0,110.0,7.84,4.51
2006,8,227,SDG,False,C,OL,O,Virginia Tech,,,0,0,0,,Jimmy Martin,OT,Virginia Tech,77.0,303.0,5.23,25.0,31.0,101.0,,
2006,8,228,KAN,False,DB,DB,D,UCLA,21.0,2011.0,0,0,2,16.0,Jarrad Page,S,UCLA,72.0,239.0,4.63,,38.0,127.0,6.68,4.14
2006,8,229,NWE,False,DB,DB,D,Baylor,22.0,2007.0,0,0,0,3.0,Willie Andrews,S,Baylor,69.0,193.0,4.43,7.0,36.5,124.0,6.99,4.27
2006,8,230,WAS,False,G,OL,O,Arizona,,,0,0,0,,,,,,,,,,,,
2006,8,231,CIN,False,WR,WR,O,LSU,,,0,0,0,,,,,,,,,,,,
2006,8,232,NYG,False,DB,DB,D,Maryland,,,0,0,0,,Gerrick McPhearson,CB,Maryland,70.0,196.0,4.42,18.0,41.5,129.0,,
2006,8,233,MIA,False,WR,WR,O,Auburn,22.0,2012.0,0,0,0,,Devin Aromashodu,WR,Auburn,74.0,201.0,4.35,,39.0,120.0,7.04,4.16
2006,8,234,CAR,False,G,OL,O,Virginia Tech,23.0,2015.0,0,0,4,2.0,Will Montgomery,C,Virginia Tech,75.0,312.0,5.12,35.0,29.5,104.0,7.4,4.43
2006,8,235,TAM,False,DB,DB,D,Oregon,,,0,0,0,,,,,,,,,,,,
2006,8,236,JAX,False,DB,DB,D,Florida,21.0,2006.0,0,0,0,1.0,Dee Webb,CB,Florida,71.0,183.0,4.41,,36.5,121.0,,
2006,8,237,CAR,False,DE,DL,D,Auburn,21.0,2008.0,0,0,0,1.0,Stanley McClover,DE,Auburn,74.0,262.0,4.7,19.0,39.0,114.0,7.87,4.5
2006,8,238,IND,False,DB,DB,D,Stanford,23.0,2009.0,0,0,0,3.0,,,,,,,,,,,
2006,8,239,SEA,False,P,P,S,Wake Forest,22.0,2008.0,0,0,0,4.0,Ryan Plackemeier,P,Wake Forest,75.0,253.0,5.2,,,,,
2006,8,240,PIT,False,RB,RB,O,Virginia Tech,,,0,0,0,,Cedric Humes,RB,Virginia Tech,73.0,227.0,4.62,18.0,30.5,106.0,7.07,4.22
2006,8,241,TAM,False,LB,LB,D,Clemson,23.0,2006.0,0,0,0,0.0,Charles Bennett,DE,Clemson,76.0,258.0,4.7,19.0,33.5,115.0,7.48,4.52
2006,8,242,STL,False,G,OL,O,Minnesota,22.0,2009.0,0,0,0,5.0,Mark Setterstrom,OG,Minnesota,76.0,314.0,5.38,19.0,26.5,100.0,7.63,4.53
2006,8,243,STL,False,G,OL,O,Missouri,23.0,2007.0,0,0,0,,,,,,,,,,,,
2006,8,244,TAM,False,TE,TE,O,Michigan,24.0,2007.0,0,0,0,,Tim Massaquoi,TE,Michigan,75.0,259.0,4.85,32.0,,,,
2006,8,245,TEN,False,LB,LB,D,Utah,26.0,2006.0,0,0,0,0.0,,,,,,,,,,,
2006,8,246,TEN,False,RB,RB,O,Utah,22.0,2010.0,0,0,0,1.0,Quinton Ganther,RB,Utah,69.0,218.0,4.5,29.0,35.0,119.0,7.19,
2006,8,247,DET,False,LB,LB,D,Tulane,21.0,2008.0,0,0,0,3.0,,,,,,,,,,,
2006,8,248,BUF,False,G,OL,O,California,23.0,2006.0,0,0,0,1.0,,,,,,,,,,,
2006,8,249,SEA,False,WR,WR,O,Auburn,22.0,2013.0,0,0,0,10.0,Ben Obomanu,WR,Auburn,73.0,205.0,4.45,,38.0,116.0,7.17,4.21
2006,8,250,WAS,False,LB,LB,D,Tennessee,,,0,0,0,,Kevin Simon,OLB,Tennessee,70.0,235.0,4.89,26.0,28.0,103.0,7.69,4.32
2006,8,251,HOU,False,WR,WR,O,Colorado St.,23.0,2011.0,0,0,0,7.0,David Anderson,WR,Colorado State,70.0,192.0,4.57,,34.0,116.0,6.88,4.2
2006,8,252,NOR,False,WR,WR,O,Hofstra,23.0,2015.0,0,0,7,72.0,Marques Colston,WR,Hofstra,77.0,224.0,4.5,16.0,37.0,123.0,6.94,4.43
2006,8,253,GNB,False,DE,DL,D,NW Missouri St.,24.0,2012.0,0,0,0,,,,,,,,,,,,
2006,8,254,SFO,False,DB,DB,D,Arkansas,,,0,0,0,,,,,,,,,,,,
2006,8,255,OAK,False,WR,WR,O,Maine,,,0,0,0,,,,,,,,,,,,
2007,1,1,OAK,False,QB,QB,O,LSU,22.0,2009.0,0,0,2,6.0,JaMarcus Russell,QB,LSU,77.0,265.0,4.83,,,,,
2007,1,2,DET,True,WR,WR,O,Georgia Tech,21.0,2015.0,3,6,9,78.0,Calvin Johnson,WR,Georgia Tech,77.0,239.0,4.35,,,,,
2007,1,3,CLE,True,T,OL,O,Wisconsin,22.0,2017.0,6,10,10,85.0,Joe Thomas,OT,Wisconsin,79.0,311.0,4.92,28.0,33.0,110.0,7.95,4.88
2007,1,4,TAM,False,DE,DL,D,Clemson,24.0,2009.0,0,0,1,17.0,Gaines Adams,DE,Clemson,77.0,258.0,4.64,,35.0,119.0,7.17,4.36
2007,1,5,ARI,False,T,OL,O,Penn St.,23.0,2013.0,0,0,5,34.0,Levi Brown,OT,Penn State,77.0,323.0,5.4,31.0,25.5,97.0,7.87,4.89
2007,1,6,WAS,False,DB,DB,D,LSU,22.0,2014.0,0,1,7,26.0,LaRon Landry,S,LSU,72.0,213.0,4.35,,37.5,123.0,,
2007,1,7,MIN,False,RB,RB,O,Oklahoma,22.0,2021.0,4,7,12,89.0,Adrian Peterson,RB,Oklahoma,73.0,217.0,4.4,,38.5,127.0,7.09,4.4
2007,1,8,ATL,False,DE,DL,D,Arkansas,21.0,2012.0,0,0,3,19.0,Jamaal Anderson,DE,Arkansas,77.0,288.0,4.75,,,,,
2007,1,9,MIA,False,WR,WR,O,Ohio St.,22.0,2020.0,0,0,7,15.0,Ted Ginn,WR,Ohio State,71.0,178.0,4.38,,,,,
2007,1,10,HOU,False,DT,DL,D,Louisville,20.0,2012.0,0,0,4,21.0,Amobi Okoye,DT,Louisville,74.0,302.0,5.07,29.0,30.0,111.0,7.46,
2007,1,11,SFO,True,LB,LB,D,Mississippi,22.0,2014.0,5,7,7,93.0,Patrick Willis,ILB,Mississippi,73.0,242.0,4.51,22.0,39.0,119.0,7.23,4.46
2007,1,12,BUF,False,RB,RB,O,California,21.0,2019.0,1,5,8,15.0,Marshawn Lynch,RB,California,71.0,215.0,4.46,20.0,35.5,125.0,7.05,4.55
2007,1,13,STL,False,DE,DL,D,Nebraska,23.0,2012.0,0,0,3,9.0,Adam Carriker,DE,Nebraska,78.0,296.0,4.9,33.0,33.5,110.0,7.06,4.18
2007,1,14,NYJ,True,DB,DB,D,Pittsburgh,22.0,2017.0,4,7,9,76.0,Darrelle Revis,CB,Pittsburgh,71.0,204.0,4.38,16.0,,,,
2007,1,15,PIT,False,LB,LB,D,Florida St.,21.0,2017.0,0,1,9,68.0,Lawrence Timmons,OLB,Florida State,73.0,234.0,4.66,25.0,35.0,123.0,6.89,4.32
2007,1,16,GNB,False,DT,DL,D,Tennessee,23.0,2010.0,0,0,0,2.0,Justin Harrell,DT,Tennessee,76.0,300.0,5.04,24.0,30.5,108.0,7.63,4.79
2007,1,17,DEN,False,DE,DL,D,Florida,23.0,2011.0,0,0,0,2.0,Jarvis Moss,DE,Florida,78.0,250.0,4.7,16.0,30.5,120.0,,
2007,1,18,CIN,False,DB,DB,D,Michigan,22.0,2018.0,0,0,6,49.0,Leon Hall,CB,Michigan,71.0,193.0,4.39,15.0,37.5,125.0,6.5,4.07
2007,1,19,TEN,False,DB,DB,D,Texas,22.0,2016.0,0,2,9,53.0,Michael Griffin,S,Texas,72.0,202.0,4.45,16.0,36.0,120.0,6.6,4.1
2007,1,20,NYG,False,DB,DB,D,Texas,24.0,2013.0,0,0,4,17.0,Aaron Ross,CB,Texas,72.0,193.0,4.44,17.0,34.0,118.0,6.67,4.15
2007,1,21,JAX,False,DB,DB,D,Florida,23.0,2018.0,0,2,11,12.0,Reggie Nelson,S,Florida,71.0,198.0,4.48,,34.5,,,
2007,1,22,CLE,False,QB,QB,O,Notre Dame,22.0,2012.0,0,0,1,3.0,Brady Quinn,QB,Notre Dame,76.0,232.0,4.73,24.0,,,,
2007,1,23,KAN,False,WR,WR,O,LSU,22.0,2015.0,0,1,8,50.0,Dwayne Bowe,WR,LSU,74.0,221.0,4.51,,33.0,125.0,6.81,4.35
2007,1,24,NWE,False,DB,DB,D,Miami (FL),23.0,2015.0,0,2,6,22.0,Brandon Meriweather,S,Miami (FL),71.0,195.0,4.47,11.0,35.0,111.0,7.06,4.33
2007,1,25,CAR,False,LB,LB,D,Miami (FL),22.0,2015.0,1,3,5,48.0,Jon Beason,OLB,Miami (FL),72.0,237.0,4.72,19.0,,111.0,,
2007,1,26,DAL,False,DE,DL,D,Purdue,23.0,2014.0,0,1,4,34.0,Anthony Spencer,DE,Purdue,75.0,261.0,4.7,30.0,32.5,112.0,7.14,4.43
2007,1,27,NOR,False,WR,WR,O,Tennessee,22.0,2014.0,0,0,1,25.0,Robert Meachem,WR,Tennessee,74.0,214.0,4.39,,37.5,121.0,6.97,4.31
2007,1,28,SFO,False,T,OL,O,Central Michigan,23.0,2019.0,0,6,12,81.0,Joe Staley,OT,Central Michigan,78.0,306.0,4.79,27.0,,,,
2007,1,29,BAL,False,G,OL,O,Auburn,23.0,2015.0,0,2,9,26.0,Ben Grubbs,OG,Auburn,75.0,311.0,5.18,29.0,26.5,103.0,7.99,4.72
2007,1,30,SDG,False,WR,WR,O,LSU,21.0,2010.0,0,0,0,7.0,,,,,,,,,,,
2007,1,31,CHI,False,TE,TE,O,Miami (FL),22.0,2020.0,0,3,11,11.0,Greg Olsen,TE,Miami (FL),78.0,254.0,4.51,23.0,35.5,114.0,7.04,4.48
2007,1,32,IND,False,WR,WR,O,Ohio St.,22.0,2011.0,0,0,1,16.0,Anthony Gonzalez,WR,Ohio State,72.0,193.0,4.44,,38.0,123.0,6.54,4.08
2007,2,33,ARI,False,DT,DL,D,Michigan,22.0,2017.0,0,0,6,4.0,Alan Branch,DT,Michigan,78.0,324.0,5.07,33.0,27.5,107.0,,
2007,2,34,BUF,False,LB,LB,D,Penn St.,22.0,2017.0,0,1,9,17.0,Paul Posluszny,OLB,Penn State,74.0,238.0,4.7,22.0,37.0,116.0,6.94,4.2
2007,2,35,TAM,False,G,OL,O,Tennessee,22.0,2008.0,0,0,2,14.0,Arron Sears,OG,Tennessee,75.0,319.0,5.09,21.0,,,,
2007,2,36,PHI,False,QB,QB,O,Houston,23.0,2012.0,0,0,1,5.0,Kevin Kolb,QB,Houston,75.0,218.0,4.85,,32.5,112.0,6.94,4.44
2007,2,37,SDG,False,DB,DB,D,Utah,22.0,2021.0,2,6,12,64.0,Eric Weddle,S,Utah,71.0,203.0,4.48,11.0,33.5,113.0,6.78,4.12
2007,2,38,OAK,False,TE,TE,O,Arizona St.,21.0,2014.0,0,1,7,20.0,Zach Miller,TE,Arizona State,76.0,256.0,4.87,,34.0,115.0,7.01,4.42
2007,2,39,ATL,False,G,OL,O,Texas,23.0,2014.0,0,0,8,55.0,Justin Blalock,OG,Texas,75.0,320.0,5.1,40.0,28.5,101.0,7.75,4.72
2007,2,40,MIA,False,QB,QB,O,BYU,26.0,2011.0,0,0,0,2.0,John Beck,QB,BYU,74.0,215.0,4.75,,29.5,111.0,6.81,4.17
2007,2,41,ATL,False,DB,DB,D,Arkansas,22.0,2013.0,0,0,7,13.0,Chris Houston,CB,Arkansas,70.0,185.0,4.32,27.0,36.0,122.0,6.94,4.12
2007,2,42,IND,False,T,OL,O,Arkansas,23.0,2011.0,0,0,2,16.0,Tony Ugoh,OT,Arkansas,77.0,301.0,5.06,32.0,32.5,117.0,,
2007,2,43,DET,False,QB,QB,O,Michigan St.,23.0,2017.0,0,0,1,4.0,Drew Stanton,QB,Michigan State,75.0,226.0,4.75,,30.5,108.0,6.77,4.41
2007,2,44,MIN,False,WR,WR,O,South Carolina,21.0,2013.0,0,1,3,20.0,Sidney Rice,WR,South Carolina,75.0,200.0,4.51,,39.5,119.0,7.09,4.34
2007,2,45,CAR,False,WR,WR,O,USC,20.0,2010.0,0,0,0,4.0,Dwayne Jarrett,WR,USC,76.0,219.0,4.62,,,,,
2007,2,46,PIT,False,DE,DL,D,Michigan,22.0,2015.0,0,1,7,50.0,LaMarr Woodley,DE,Michigan,73.0,266.0,4.74,,,,,
2007,2,47,NYJ,False,LB,LB,D,Michigan,23.0,2017.0,0,0,11,73.0,David Harris,ILB,Michigan,74.0,243.0,4.59,23.0,33.0,107.0,7.25,4.29
2007,2,48,JAX,False,LB,LB,D,Hampton,21.0,2017.0,0,0,6,15.0,Justin Durant,ILB,Kansas State,73.0,230.0,4.51,25.0,36.0,121.0,6.77,4.09
2007,2,49,CIN,False,RB,RB,O,Auburn,,,0,0,0,,Kenny Irons,RB,Auburn,71.0,203.0,4.45,,38.0,123.0,7.0,4.17
2007,2,50,TEN,False,RB,RB,O,Arizona,22.0,2010.0,0,0,0,1.0,Chris Henry,RB,Arizona,71.0,230.0,4.4,26.0,36.0,127.0,6.96,4.14
2007,2,51,NYG,False,WR,WR,O,USC,22.0,2012.0,0,1,1,21.0,Steve Smith,WR,USC,72.0,197.0,4.44,,38.0,120.0,6.68,4.19
2007,2,52,STL,False,RB,RB,O,Rutgers,23.0,2014.0,0,0,0,3.0,Brian Leonard,RB,Rutgers,73.0,226.0,4.52,28.0,34.5,122.0,6.88,4.22
2007,2,53,CLE,False,DB,DB,D,UNLV,22.0,2013.0,0,0,6,22.0,Eric Wright,CB,UNLV,71.0,192.0,4.36,16.0,36.5,123.0,6.93,4.23
2007,2,54,KAN,False,DT,DL,D,Tennessee,22.0,2012.0,0,0,1,6.0,Turk McBride,DT,Tennessee,74.0,277.0,4.81,27.0,31.0,108.0,7.1,4.12
2007,2,55,SEA,False,DB,DB,D,Maryland,22.0,2015.0,0,0,6,13.0,Josh Wilson,CB,Maryland,69.0,189.0,4.39,20.0,36.5,120.0,7.07,4.43
2007,2,56,DEN,False,DE,DL,D,Texas,22.0,2011.0,0,0,1,2.0,Tim Crowder,DE,Texas,76.0,272.0,4.69,32.0,30.5,111.0,7.28,4.32
2007,2,57,PHI,False,DE,DL,D,Notre Dame,21.0,2009.0,0,0,0,5.0,Victor Abiamiri,DE,Notre Dame,76.0,267.0,4.8,25.0,,,,
2007,2,58,DET,False,DE,DL,D,Hawaii,22.0,2011.0,0,0,0,1.0,Ikaika Alama-Francis,DE,Hawaii,77.0,280.0,4.85,,,,,
2007,2,59,CAR,False,C,OL,O,USC,22.0,2019.0,2,5,9,71.0,Ryan Kalil,C,USC,75.0,299.0,4.96,34.0,26.0,104.0,7.5,4.34
2007,2,60,MIA,False,C,OL,O,Hawaii,22.0,2014.0,0,0,8,24.0,Samson Satele,C,Hawaii,75.0,300.0,5.24,25.0,33.0,101.0,7.47,4.29
2007,2,61,DET,False,DB,DB,D,Boise St.,23.0,2011.0,0,0,2,6.0,Gerald Alexander,S,Boise State,72.0,210.0,4.51,15.0,41.0,124.0,7.24,4.21
2007,2,62,CHI,False,DE,DL,D,Central Michigan,,,0,0,0,,Dan Bazuin,DE,Central Michigan,75.0,266.0,4.77,25.0,30.0,109.0,7.09,4.75
2007,2,63,GNB,False,RB,RB,O,Nebraska,21.0,2012.0,0,0,1,16.0,Brandon Jackson,RB,Nebraska,70.0,210.0,4.54,21.0,37.0,122.0,7.0,4.14
2007,2,64,TAM,False,LB,LB,D,Oregon St.,24.0,2011.0,0,0,1,11.0,Sabby Piscitelli,S,Oregon State,75.0,224.0,4.47,19.0,34.5,122.0,6.84,3.9
2007,3,65,OAK,False,DE,DL,D,Georgia,23.0,2010.0,0,0,0,,Quentin Moses,DE,Georgia,77.0,261.0,4.82,17.0,32.0,115.0,7.38,4.53
2007,3,66,NOR,False,DB,DB,D,Kent St.,22.0,2014.0,0,0,1,5.0,,,,,,,,,,,
2007,3,67,DAL,False,T,OL,O,Boston Col.,23.0,2008.0,0,0,0,,James Marten,OT,Boston Col.,79.0,309.0,5.08,,30.5,100.0,7.68,4.54
2007,3,68,TAM,False,LB,LB,D,New Mexico,23.0,2012.0,0,0,3,18.0,Quincy Black,OLB,New Mexico,74.0,240.0,4.42,24.0,41.5,124.0,6.86,4.34
2007,3,69,ARI,False,LB,LB,D,Florida St.,23.0,2008.0,0,0,0,,Buster Davis,WR,Florida State,73.0,207.0,4.41,,,,,
2007,3,70,DEN,False,T,OL,O,Notre Dame,22.0,2016.0,0,0,5,23.0,Ryan Harris,OT,Notre Dame,76.0,305.0,5.09,22.0,25.5,100.0,7.78,4.52
2007,3,71,MIA,False,RB,RB,O,Florida St.,23.0,2011.0,0,0,0,3.0,Lorenzo Booker,RB,Florida State,70.0,191.0,4.46,26.0,35.5,121.0,,
2007,3,72,MIN,False,DB,DB,D,Fresno St.,24.0,2009.0,0,0,0,4.0,Marcus McCauley,CB,Fresno State,73.0,203.0,4.39,17.0,36.0,129.0,6.61,4.17
2007,3,73,HOU,False,WR,WR,O,Lane,23.0,2015.0,1,1,2,18.0,Jacoby Jones,WR,Lane (TN),75.0,210.0,4.5,,34.0,129.0,7.03,4.31
2007,3,74,BAL,False,WR,WR,O,Kansas St.,24.0,2010.0,0,0,0,2.0,Yamon Figurs,WR,Kansas State,71.0,174.0,4.3,,,123.0,6.85,4.21
2007,3,75,ATL,False,WR,WR,O,Illinois St.,22.0,2012.0,0,0,1,4.0,Laurent Robinson,WR,Illinois State,74.0,199.0,4.38,19.0,39.0,127.0,6.83,4.28
2007,3,76,SFO,False,WR,WR,O,Washington St.,22.0,2012.0,0,0,1,4.0,Jason Hill,WR,Washington State,72.0,204.0,4.32,,37.0,123.0,7.02,4.22
2007,3,77,PIT,False,TE,TE,O,Minnesota,23.0,2015.0,0,0,6,2.0,Matt Spaeth,TE,Minnesota,79.0,270.0,4.83,,,,,
2007,3,78,GNB,False,WR,WR,O,San Jose St.,23.0,2015.0,0,0,4,43.0,James Jones,WR,San Jose State,73.0,207.0,4.54,22.0,34.0,119.0,7.06,4.2
2007,3,79,JAX,False,WR,WR,O,Central Florida,22.0,2011.0,0,0,2,16.0,Mike Sims-Walker,WR,Central Florida,74.0,209.0,4.35,18.0,36.5,121.0,6.92,4.39
2007,3,80,TEN,False,WR,WR,O,Fresno St.,23.0,2008.0,0,0,0,0.0,Paul Williams,WR,Fresno State,73.0,205.0,4.45,,38.5,125.0,7.03,4.24
2007,3,81,NYG,False,DT,DL,D,Penn St.,24.0,2010.0,0,0,0,4.0,Jay Alford,DT,Penn State,75.0,304.0,5.17,,25.5,103.0,7.81,4.83
2007,3,82,KAN,False,DT,DL,D,North Carolina St.,22.0,2009.0,0,0,1,10.0,Tank Tyler,DT,North Carolina State,74.0,306.0,5.18,42.0,28.5,,,
2007,3,83,CAR,False,DE,DL,D,Georgia,21.0,2017.0,0,0,8,47.0,Charles Johnson,DE,Georgia,74.0,270.0,4.84,33.0,34.0,118.0,7.5,
2007,3,84,STL,False,DB,DB,D,Tennessee,23.0,2011.0,0,0,0,4.0,Jonathan Wade,CB,Tennessee,70.0,195.0,4.36,,40.5,126.0,7.07,4.4
2007,3,85,SEA,False,DT,DL,D,California,22.0,2019.0,0,0,13,50.0,Brandon Mebane,DT,California,73.0,309.0,5.15,24.0,24.0,106.0,7.94,4.65
2007,3,86,BAL,False,T,OL,O,Iowa,22.0,2019.0,2,8,10,92.0,Marshal Yanda,OT,Florida State,76.0,307.0,5.15,,,,,
2007,3,87,PHI,False,LB,LB,D,Nebraska,23.0,2012.0,0,0,2,17.0,Stewart Bradley,OLB,Nebraska,76.0,254.0,4.72,28.0,35.5,112.0,7.29,4.17
2007,3,88,NOR,False,G,OL,O,Akron,23.0,2009.0,0,0,0,,Andy Alleman,OG,Akron,76.0,305.0,5.07,27.0,30.0,106.0,7.8,4.65
2007,3,89,GNB,False,DB,DB,D,Virginia Tech,23.0,2009.0,0,0,2,5.0,Aaron Rouse,S,Virginia Tech,76.0,223.0,4.58,16.0,35.0,,,
2007,3,90,PHI,False,RB,RB,O,Penn St.,21.0,2008.0,0,0,0,0.0,Tony Hunt,RB,Penn State,74.0,233.0,4.68,24.0,,,,
2007,3,91,OAK,False,DT,DL,D,Florida St.,22.0,2010.0,0,0,1,11.0,Mario Henderson,OT,Florida State,78.0,302.0,5.11,20.0,28.5,109.0,7.6,4.87
2007,3,92,BUF,False,QB,QB,O,Stanford,23.0,2012.0,0,0,2,15.0,Trent Edwards,QB,Stanford,76.0,231.0,4.76,19.0,,,7.14,4.46
2007,3,93,CHI,False,RB,RB,O,Northern Illinois,23.0,2010.0,0,0,0,2.0,Garrett Wolfe,RB,Northern Illinois,67.0,186.0,4.39,22.0,35.5,116.0,6.69,4.08
2007,3,94,CHI,False,LB,LB,D,Stanford,,,0,0,0,,Michael Okwo,ILB,Stanford,71.0,232.0,4.7,20.0,35.5,121.0,7.12,4.43
2007,3,95,IND,False,DB,DB,D,California,22.0,2011.0,0,0,0,2.0,Dante Hughes,CB,California,70.0,190.0,4.56,16.0,28.5,114.0,7.28,4.43
2007,3,96,SDG,False,LB,LB,D,Clemson,23.0,2010.0,0,0,0,1.0,Anthony Waters,ILB,Clemson,75.0,245.0,4.59,25.0,,,,
2007,4,97,SFO,False,DE,DL,D,Florida,22.0,2014.0,0,0,5,35.0,Ray McDonald,DE,Florida,75.0,276.0,4.88,,,,,
2007,4,98,IND,False,DT,DL,D,Ohio St.,23.0,2007.0,0,0,0,1.0,Quinn Pitcock,DT,Ohio State,74.0,299.0,4.93,,34.0,112.0,,
2007,4,99,OAK,False,WR,WR,O,Texas-El Paso,23.0,2010.0,0,0,0,9.0,Johnnie Lee Higgins,WR,Texas-El Paso,71.0,186.0,4.48,,36.5,122.0,6.62,4.32
2007,4,100,OAK,False,RB,RB,O,Louisville,23.0,2013.0,0,0,2,21.0,Michael Bush,RB,Louisville,73.0,243.0,4.62,,,,,
2007,4,101,JAX,False,P,P,S,Maryland,24.0,2013.0,0,0,0,6.0,Adam Podlesh,P,Maryland,71.0,202.0,4.54,,,,,
2007,4,102,MIN,False,DE,DL,D,Texas,24.0,2017.0,0,0,6,46.0,Brian Robison,DE,Texas,75.0,259.0,4.67,27.0,40.5,121.0,6.89,4.26
2007,4,103,DAL,False,QB,QB,O,Washington,23.0,2012.0,0,0,0,0.0,Isaiah Stanback,QB,Washington,74.0,216.0,4.6,22.0,,,,
2007,4,104,SFO,False,DE,DL,D,Nebraska,,,0,0,0,,Jay Moore,DE,Nebraska,77.0,274.0,4.92,26.0,34.0,118.0,7.19,4.35
2007,4,105,DET,False,DB,DB,D,North Carolina St.,,,0,0,0,,A.J. Davis,CB,North Carolina State,70.0,193.0,4.56,16.0,,,,
2007,4,106,TAM,False,DB,DB,D,Syracuse,22.0,2011.0,0,0,4,24.0,Tanard Jackson,S,Syracuse,72.0,200.0,4.52,12.0,32.5,121.0,6.89,4.28
2007,4,107,NOR,False,RB,RB,O,Ohio St.,21.0,2008.0,0,0,0,,Antonio Pittman,RB,Ohio State,71.0,207.0,4.4,16.0,35.5,123.0,6.84,4.16
2007,4,108,MIA,False,DT,DL,D,Utah,23.0,2016.0,0,1,6,32.0,Paul Soliai,DT,Utah,76.0,344.0,5.1,,29.5,103.0,7.66,4.69
2007,4,109,ATL,False,LB,LB,D,South Florida,24.0,2013.0,0,0,4,27.0,Stephen Nicholas,OLB,South Florida,73.0,232.0,4.64,29.0,33.5,110.0,7.29,4.45
2007,4,110,OAK,False,DB,DB,D,Cincinnati,23.0,2009.0,0,0,0,0.0,,,,,,,,,,,
2007,4,111,BUF,False,RB,RB,O,Fresno St.,24.0,2007.0,0,0,0,1.0,Dwayne Wright,RB,Fresno State,71.0,228.0,4.66,14.0,34.0,115.0,7.23,4.43
2007,4,112,PIT,False,P,P,S,Baylor,23.0,2011.0,0,0,0,7.0,Daniel Sepulveda,P,Baylor,75.0,229.0,4.62,,,,,
2007,4,113,JAX,False,DE,DL,D,Missouri,,,0,0,0,,,,,,,,,,,,
2007,4,114,CIN,False,DB,DB,D,TCU,23.0,2010.0,0,0,2,6.0,Marvin White,S,TCU,73.0,199.0,4.54,17.0,33.5,,,
2007,4,115,TEN,False,C,OL,O,North Carolina St.,23.0,2013.0,0,0,3,19.0,Leroy Harris,C,North Carolina State,74.0,302.0,5.35,29.0,24.5,96.0,8.0,4.8
2007,4,116,NYG,False,LB,LB,D,Brown,23.0,2019.0,0,2,0,21.0,Zak DeOssie,ILB,Brown,77.0,250.0,4.58,26.0,34.5,122.0,6.89,4.22
2007,4,117,DET,False,G,OL,O,Texas Tech,24.0,2015.0,0,0,4,8.0,Manny Ramirez,OG,Texas Tech,75.0,326.0,5.24,40.0,,,,
2007,4,118,CAR,False,WR,WR,O,Miami (OH),22.0,2007.0,0,0,0,0.0,Ryne Robinson,WR,Miami (OH),69.0,179.0,4.47,,35.0,123.0,6.71,4.21
2007,4,119,GNB,False,T,OL,O,Missouri Southern,23.0,2017.0,0,0,2,6.0,Allen Barbre,OT,Missouri Southern,76.0,300.0,4.84,28.0,32.0,105.0,7.4,4.63
2007,4,120,SEA,False,DE,DL,D,Miami (FL),22.0,2008.0,0,0,0,2.0,Baraka Atkins,DE,Miami (FL),76.0,271.0,4.69,22.0,33.0,111.0,,
2007,4,121,DEN,False,DT,DL,D,Florida,21.0,2011.0,0,0,2,14.0,Marcus Thomas,DT,Florida,75.0,314.0,5.23,27.0,,,,
2007,4,122,DAL,False,T,OL,O,Northern Illinois,23.0,2016.0,0,0,7,49.0,Doug Free,OT,Northern Illinois,78.0,324.0,5.19,22.0,30.0,111.0,7.38,4.53
2007,4,123,HOU,False,DB,DB,D,South Carolina,23.0,2010.0,0,0,1,7.0,Fred Bennett,CB,South Carolina,73.0,196.0,4.46,17.0,38.5,125.0,6.67,4.3
2007,4,124,SEA,False,G,OL,O,Georgia Tech,22.0,2010.0,0,0,1,3.0,Mansfield Wrotto,OG,Georgia Tech,75.0,317.0,5.4,27.0,,92.0,8.34,4.92
2007,4,125,NOR,False,T,OL,O,Towson,23.0,2018.0,0,2,8,40.0,,,,,,,,,,,
2007,4,126,SFO,False,DB,DB,D,Washington,22.0,2016.0,1,2,7,30.0,Dashon Goldson,S,Washington,74.0,205.0,4.6,12.0,34.5,115.0,7.37,4.46
2007,4,127,NWE,False,DT,DL,D,Miami (FL),24.0,2007.0,0,0,0,,Kareem Brown,DT,Miami (FL),76.0,290.0,5.38,,26.5,96.0,,
2007,4,128,TEN,False,WR,WR,O,Florida St.,23.0,2008.0,0,0,0,0.0,Chris Davis,WR,Florida State,70.0,181.0,4.5,,35.5,115.0,6.66,4.14
2007,5,129,SDG,False,TE,TE,O,Iowa,22.0,2015.0,0,0,2,0.0,Scott Chandler,TE,Iowa,79.0,270.0,4.78,16.0,30.0,111.0,7.26,4.32
2007,5,130,CHI,False,C,OL,O,Boston Col.,24.0,2009.0,0,0,1,10.0,Josh Beekman,OG,Boston Col.,74.0,313.0,5.36,24.0,25.5,93.0,8.24,4.81
2007,5,131,IND,False,DB,DB,D,Troy,24.0,2008.0,0,0,0,1.0,,,,,,,,,,,
2007,5,132,PIT,False,DT,DL,D,Oklahoma St.,23.0,2011.0,0,0,1,0.0,Ryan McBean,DT,Oklahoma State,76.0,286.0,4.98,27.0,28.0,108.0,7.79,4.46
2007,5,133,ATL,False,TE,TE,O,Georgia,23.0,2007.0,0,0,0,0.0,Martrez Milner,TE,Georgia,76.0,252.0,4.79,19.0,34.0,117.0,7.35,4.49
2007,5,134,BAL,False,LB,LB,D,Florida International,22.0,2014.0,0,0,0,3.0,Antwan Barnes,OLB,Florida International,73.0,240.0,4.43,31.0,35.0,122.0,7.29,4.32
2007,5,135,SFO,False,DT,DL,D,Florida,23.0,2009.0,0,0,0,,Joe Cohen,DT,Florida,74.0,313.0,5.1,34.0,26.0,,,
2007,5,136,IND,False,LB,LB,D,Pittsburgh,22.0,2011.0,0,0,2,17.0,,,,,,,,,,,
2007,5,137,BAL,False,RB,RB,O,Alabama,22.0,2013.0,1,2,6,12.0,LeRon McClain,FB,Alabama,72.0,256.0,4.75,14.0,29.5,113.0,7.14,4.47
2007,5,138,OAK,False,DE,DL,D,Ohio St.,23.0,2013.0,0,0,2,11.0,Jay Richardson,DE,Ohio State,78.0,279.0,5.0,20.0,33.0,112.0,7.5,4.54
2007,5,139,STL,False,C,OL,O,Clemson,23.0,2007.0,0,0,0,0.0,Dustin Fry,C,Clemson,75.0,314.0,5.28,34.0,,,,
2007,5,140,CLE,False,DB,DB,D,Memphis,22.0,2012.0,0,0,2,13.0,Brandon McDonald,CB,Memphis,71.0,181.0,4.58,17.0,33.0,118.0,7.44,4.76
2007,5,141,TAM,False,DE,DL,D,North Carolina Central,23.0,2009.0,0,0,0,2.0,,,,,,,,,,,
2007,5,142,ARI,False,WR,WR,O,Michigan,24.0,2012.0,0,0,3,22.0,Steve Breaston,WR,Michigan,72.0,193.0,4.46,,33.0,124.0,6.9,4.29
2007,5,143,WAS,False,LB,LB,D,USC,,,0,0,0,,Dallas Sartz,OLB,USC,77.0,235.0,4.71,20.0,33.5,111.0,6.85,4.13
2007,5,144,HOU,False,DB,DB,D,Stanford,22.0,2008.0,0,0,0,2.0,Brandon Harrison,S,Stanford,74.0,227.0,4.58,23.0,,,,
2007,5,145,NOR,False,DB,DB,D,Wingate,21.0,2012.0,0,0,0,,,,,,,,,,,,
2007,5,146,MIN,False,WR,WR,O,East Carolina,21.0,2008.0,0,0,0,3.0,Aundrae Allison,WR,East Carolina,72.0,198.0,4.39,,37.0,127.0,,
2007,5,147,SFO,False,DB,DB,D,Texas,22.0,2015.0,0,0,4,18.0,Tarell Brown,CB,Texas,71.0,190.0,4.45,17.0,33.5,111.0,7.0,4.37
2007,5,148,KAN,False,RB,RB,O,Louisville,22.0,2009.0,0,0,0,4.0,Kolby Smith,RB,Louisville,71.0,220.0,4.5,18.0,38.0,114.0,7.22,4.34
2007,5,149,JAX,False,G,OL,O,Purdue,23.0,2013.0,0,0,6,37.0,Uche Nwaneri,OG,Purdue,75.0,325.0,5.37,24.0,,,,
2007,5,150,JAX,False,DB,DB,D,Wake Forest,23.0,2007.0,0,0,0,,Josh Gattis,S,Wake Forest,73.0,206.0,4.51,22.0,34.5,121.0,6.72,4.27
2007,5,151,CIN,False,QB,QB,O,Nevada,23.0,,0,0,0,,Jeff Rowe,QB,Nevada,77.0,226.0,4.91,,29.5,114.0,7.16,4.42
2007,5,152,TEN,False,DT,DL,D,Mississippi St.,22.0,2013.0,0,0,3,3.0,Antonio Johnson,DT,Mississippi State,75.0,310.0,5.15,28.0,29.0,108.0,7.47,4.49
2007,5,153,NYG,False,TE,TE,O,Western Oregon,23.0,2012.0,0,0,4,14.0,Kevin Boss,TE,Western Oregon,78.0,252.0,4.78,,35.0,116.0,6.96,4.41
2007,5,154,STL,False,DT,DL,D,Michigan St.,23.0,2010.0,0,0,2,13.0,Clifton Ryan,DT,Michigan State,75.0,310.0,5.12,25.0,26.5,102.0,7.49,4.69
2007,5,155,CAR,False,TE,TE,O,Oregon,22.0,2014.0,0,0,1,7.0,Dante Rosario,TE,Oregon,75.0,244.0,4.78,20.0,36.0,115.0,6.96,4.47
2007,5,156,PIT,False,G,OL,O,Rutgers,,,0,0,0,,Cameron Stephenson,OG,Rutgers,75.0,306.0,5.4,34.0,28.5,101.0,7.72,4.81
2007,5,157,GNB,False,WR,WR,O,Virginia Tech,22.0,2010.0,0,0,0,,David Clowney,WR,Virginia Tech,72.0,188.0,4.36,,32.5,123.0,7.0,4.15
2007,5,158,DET,False,LB,LB,D,Arkansas–Monticello,23.0,2007.0,0,0,0,,,,,,,,,,,,
2007,5,159,PHI,False,DB,DB,D,Clemson,,,0,0,0,,C.J. Gaddis,S,Clemson,71.0,203.0,4.45,20.0,36.5,121.0,7.28,4.3
2007,5,160,KAN,False,K,K,S,UCLA,23.0,2012.0,0,0,0,0.0,Justin Medlock,K,UCLA,72.0,201.0,4.89,,,,,
2007,6,161,SEA,False,LB,LB,D,Auburn,24.0,2014.0,0,0,0,7.0,,,,,,,,,,,
2007,6,162,PHI,False,TE,TE,O,Cincinnati,22.0,2017.0,0,0,9,35.0,,,,,,,,,,,
2007,6,163,HOU,False,T,OL,O,Virginia Tech,24.0,2009.0,0,0,0,,Brandon Frye,OT,Virginia Tech,76.0,301.0,5.08,34.0,32.5,103.0,7.5,4.4
2007,6,164,CAR,False,LB,LB,D,Penn St.,23.0,2012.0,0,0,0,1.0,Tim Shaw,OLB,Penn State,73.0,236.0,4.51,26.0,36.5,116.0,7.01,4.12
2007,6,165,OAK,False,DB,DB,D,Washington St.,23.0,2013.0,0,0,0,,Eric Frampton,S,Washington State,71.0,204.0,4.61,10.0,34.5,122.0,6.84,4.17
2007,6,166,JAX,False,DT,DL,D,Notre Dame,23.0,2013.0,0,0,1,2.0,Derek Landri,DT,Notre Dame,74.0,288.0,4.96,24.0,,,,
2007,6,167,CHI,False,DB,DB,D,La-Monroe,23.0,2009.0,0,0,1,10.0,Kevin Payne,S,La-Monroe,72.0,220.0,4.6,20.0,35.0,106.0,7.0,4.3
2007,6,168,CHI,False,DB,DB,D,New Hampshire,22.0,2018.0,0,1,5,10.0,Corey Graham,CB,New Hampshire,72.0,195.0,4.42,10.0,,,,
2007,6,169,IND,False,WR,WR,O,Ohio St.,23.0,2008.0,0,0,0,0.0,,,,,,,,,,,
2007,6,170,PIT,False,DB,DB,D,Louisville,22.0,2017.0,0,0,7,35.0,,,,,,,,,,,
2007,6,171,NWE,False,T,OL,O,Colorado St.,23.0,2007.0,0,0,0,,,,,,,,,,,,
2007,6,172,SDG,False,WR,WR,O,Boise St.,23.0,2012.0,0,0,2,8.0,Legedu Naanee,WR,Boise State,74.0,225.0,4.41,19.0,40.0,119.0,,
2007,6,173,IND,False,DB,DB,D,Alabama St.,23.0,2012.0,0,0,0,1.0,Michael Coe,CB,Arkansas,73.0,190.0,4.53,17.0,35.0,122.0,6.78,4.31
2007,6,174,BAL,False,QB,QB,O,Ohio St.,23.0,2010.0,0,0,0,2.0,Troy Smith,QB,Ohio State,72.0,225.0,4.72,,,,,
2007,6,175,OAK,False,FB,RB,O,Arkansas St.,23.0,2009.0,0,0,0,0.0,,,,,,,,,,,
2007,6,176,MIN,False,LB,LB,D,Oklahoma,24.0,2008.0,0,0,0,0.0,Rufus Alexander,OLB,Oklahoma,73.0,228.0,4.79,25.0,35.0,117.0,7.06,4.3
2007,6,177,NYJ,False,T,OL,O,Nicholls St.,22.0,2007.0,0,0,0,0.0,,,,,,,,,,,
2007,6,178,DAL,False,K,K,S,Arizona,22.0,2025.0,0,1,2,8.0,Nick Folk,K,Arizona,73.0,225.0,4.95,,,,,
2007,6,179,WAS,False,LB,LB,D,Pittsburgh,22.0,2010.0,0,0,0,9.0,H.B. Blades,ILB,Pittsburgh,71.0,236.0,4.69,22.0,,,,
2007,6,180,NWE,False,LB,LB,D,SMU,24.0,2009.0,0,0,0,,,,,,,,,,,,
2007,6,181,MIA,False,RB,RB,O,Hawaii,23.0,2012.0,0,0,1,0.0,,,,,,,,,,,
2007,6,182,TAM,False,LB,LB,D,Portland St.,23.0,2014.0,0,0,1,11.0,,,,,,,,,,,
2007,6,183,HOU,False,G,OL,O,Texas,23.0,2010.0,0,0,1,8.0,Kasey Studdard,OG,Texas,74.0,303.0,5.18,32.0,,,,
2007,6,184,BUF,False,DB,DB,D,Wyoming,24.0,2013.0,0,0,0,3.0,John Wendling,S,Wyoming,73.0,222.0,4.48,22.0,38.5,129.0,6.96,4.16
2007,6,185,ATL,False,DT,DL,D,Washburn,22.0,2010.0,0,0,0,4.0,,,,,,,,,,,
2007,6,186,SFO,False,RB,RB,O,Kansas St.,,,0,0,0,,,,,,,,,,,,
2007,6,187,CIN,False,DT,DL,D,Oregon,22.0,2012.0,0,0,2,,Matt Toeaina,DT,Oregon,74.0,307.0,5.11,26.0,,,,
2007,6,188,TEN,False,WR,WR,O,Texas Tech,,,0,0,0,,Joel Filani,WR,Texas Tech,74.0,211.0,4.57,17.0,32.5,117.0,,
2007,6,189,NYG,False,T,OL,O,Oregon St.,23.0,2010.0,0,0,0,3.0,Adam Koets,OT,Oregon State,77.0,298.0,5.08,20.0,32.0,106.0,7.44,4.47
2007,6,190,STL,False,T,OL,O,Georgia,,,0,0,0,,Ken Shackleford,OT,Georgia,77.0,322.0,5.3,28.0,24.5,102.0,8.35,5.05
2007,6,191,GNB,False,LB,LB,D,Boise St.,24.0,2011.0,0,0,2,0.0,,,,,,,,,,,
2007,6,192,GNB,False,LB,LB,D,California,23.0,2014.0,0,0,2,17.0,Desmond Bishop,ILB,California,74.0,239.0,4.78,33.0,,,,
2007,7,193,GNB,False,K,K,S,Colorado,23.0,2023.0,0,0,1,33.0,Mason Crosby,K,Colorado,73.0,212.0,5.18,,,,,
2007,7,194,ATL,False,DB,DB,D,Auburn,24.0,2008.0,0,0,0,1.0,David Irons,CB,Auburn,70.0,190.0,4.44,11.0,29.5,111.0,7.18,4.3
2007,7,195,DAL,False,FB,RB,O,Connecticut,24.0,2010.0,0,0,1,1.0,Deon Anderson,FB,Connecticut,71.0,243.0,4.73,23.0,33.0,114.0,7.27,4.43
2007,7,196,KAN,False,T,OL,O,TCU,22.0,2012.0,0,0,0,1.0,,,,,,,,,,,
2007,7,197,SEA,False,WR,WR,O,Auburn,23.0,2008.0,0,0,0,1.0,Courtney Taylor,WR,Auburn,74.0,204.0,4.5,,36.0,122.0,7.22,4.28
2007,7,198,ATL,False,C,OL,O,Ohio St.,,,0,0,0,,Doug Datish,C,Ohio State,76.0,302.0,5.13,31.0,26.0,102.0,7.51,4.65
2007,7,199,MIA,False,C,OL,O,Central Michigan,,,0,0,0,,Drew Mormino,C,Central Michigan,75.0,299.0,5.32,27.0,28.0,105.0,7.48,4.53
2007,7,200,CLE,False,DE,DL,D,Hawaii,,,0,0,0,,,,,,,,,,,,
2007,7,201,PHI,False,DB,DB,D,Albany (NY),23.0,2007.0,0,0,0,,,,,,,,,,,,
2007,7,202,NWE,False,DB,DB,D,Notre Dame,23.0,2010.0,0,0,0,1.0,,,,,,,,,,,
2007,7,203,ATL,False,DB,DB,D,Maine,22.0,2008.0,0,0,0,1.0,Daren Stone,S,Maine,75.0,218.0,4.58,13.0,39.0,132.0,7.13,4.44
2007,7,204,TEN,False,DE,DL,D,Central Arkansas,24.0,2010.0,0,0,0,7.0,Jacob Ford,DE,Central Arkansas,76.0,249.0,4.65,19.0,,,,
2007,7,205,WAS,False,QB,QB,O,Texas-El Paso,23.0,2014.0,0,0,0,,Jordan Palmer,QB,Texas-El Paso,78.0,231.0,4.98,,30.5,104.0,7.32,4.58
2007,7,206,TEN,False,DB,DB,D,Florida,,,0,0,0,,Ryan Smith,CB,Florida,70.0,174.0,4.51,11.0,,,,
2007,7,207,BAL,False,LB,LB,D,Michigan,23.0,2011.0,0,0,0,2.0,Prescott Burgess,OLB,Michigan,75.0,240.0,4.82,19.0,32.5,106.0,7.01,4.31
2007,7,208,NWE,False,RB,RB,O,Central Connecticut St.,,,0,0,0,,,,,,,,,,,,
2007,7,209,NWE,False,T,OL,O,Oklahoma St.,22.0,2014.0,0,0,0,,Corey Hilliard,OT,Oklahoma State,77.0,308.0,5.29,28.0,27.0,106.0,7.45,4.65
2007,7,210,SEA,False,WR,WR,O,Oregon,23.0,2009.0,0,0,0,0.0,Jordan Kent,WR,Oregon,76.0,217.0,4.49,,,,,
2007,7,211,NWE,False,LB,LB,D,USC,,,0,0,0,,,,,,,,,,,,
2007,7,212,DAL,False,DB,DB,D,Cal Poly-San Luis Obispo,23.0,2008.0,0,0,0,2.0,,,,,,,,,,,
2007,7,213,CLE,False,DE,DL,D,LSU,,,0,0,0,,Chase Pittman,DE,LSU,77.0,270.0,5.03,,,,,
2007,7,214,TAM,False,T,OL,O,Fresno St.,,,0,0,0,,Chris Denman,OT,Fresno State,78.0,315.0,5.62,21.0,27.5,97.0,8.1,4.92
2007,7,215,ARI,False,TE,TE,O,Delaware,23.0,2010.0,0,0,2,4.0,Ben Patrick,TE,Duke,75.0,252.0,4.74,,34.5,111.0,7.21,4.31
2007,7,216,WAS,False,TE,TE,O,Michigan,,,0,0,0,,,,,,,,,,,,
2007,7,217,MIN,False,QB,QB,O,Coastal Carolina,23.0,2012.0,0,0,1,,,,,,,,,,,,
2007,7,218,HOU,False,LB,LB,D,Kansas St.,22.0,2014.0,0,0,3,14.0,,,,,,,,,,,
2007,7,219,MIA,False,LB,LB,D,Syracuse,23.0,2009.0,0,0,0,0.0,Kelvin Smith,ILB,Syracuse,74.0,240.0,4.8,26.0,32.0,110.0,7.19,4.42
2007,7,220,NOR,False,LB,LB,D,Tennessee,22.0,2013.0,0,0,1,5.0,Marvin Mitchell,ILB,Tennessee,75.0,249.0,4.87,22.0,32.0,108.0,7.29,4.25
2007,7,221,CHI,False,DB,DB,D,Mississippi,21.0,2015.0,0,0,2,6.0,Trumaine McBride,CB,Mississippi,69.0,185.0,4.57,14.0,34.5,122.0,6.96,4.32
2007,7,222,BUF,False,TE,TE,O,Boise St.,22.0,2010.0,0,0,1,2.0,Derek Schouman,FB,Boise State,74.0,247.0,4.74,27.0,37.5,122.0,7.0,4.27
2007,7,223,TEN,False,T,OL,O,Purdue,24.0,2013.0,0,0,0,7.0,,,,,,,,,,,
2007,7,224,NYG,False,DB,DB,D,Arizona,23.0,2010.0,0,0,2,14.0,Michael Johnson,S,Arizona,75.0,205.0,4.62,15.0,33.0,114.0,7.04,4.32
2007,8,225,MIA,False,P,P,S,Michigan St.,23.0,2015.0,0,1,0,21.0,Brandon Fields,P,Michigan State,77.0,239.0,5.26,,,,,
2007,8,226,CAR,False,DB,DB,D,Baylor,22.0,2010.0,0,0,0,1.0,C.J. Wilson,CB,Baylor,73.0,195.0,4.62,,37.5,127.0,6.81,4.2
2007,8,227,PIT,False,WR,WR,O,Florida,24.0,2008.0,0,0,0,0.0,Dallas Baker,WR,Florida,75.0,208.0,4.53,,36.0,129.0,6.69,4.19
2007,8,228,GNB,False,RB,RB,O,Florida,23.0,2010.0,0,0,0,3.0,DeShawn Wynn,RB,Florida,70.0,232.0,4.47,,31.5,115.0,,
2007,8,229,JAX,False,WR,WR,O,San Jose St.,23.0,2007.0,0,0,0,2.0,,,,,,,,,,,
2007,8,230,CIN,False,G,OL,O,Notre Dame,24.0,2007.0,0,0,0,0.0,Dan Santucci,OG,Notre Dame,75.0,301.0,5.13,23.0,29.0,102.0,7.47,4.74
2007,8,231,KAN,False,TE,TE,O,Whitworth,,,0,0,0,,Michael Allan,TE,Whitworth,78.0,255.0,4.71,19.0,36.0,123.0,7.31,4.52
2007,8,232,SEA,False,G,OL,O,Wake Forest,23.0,2013.0,0,0,0,5.0,,,,,,,,,,,
2007,8,233,MIN,False,WR,WR,O,Florida International,,,0,0,0,,Chandler Williams,WR,Florida International,71.0,184.0,4.42,,32.5,123.0,6.99,4.29
2007,8,234,CLE,False,WR,WR,O,Arizona,22.0,2008.0,0,0,0,1.0,Syndric Steptoe,WR,Arizona,69.0,194.0,4.59,17.0,33.0,,,
2007,8,235,NYJ,False,WR,WR,O,Clemson,23.0,2011.0,0,0,0,5.0,Chansi Stuckey,WR,Clemson,71.0,197.0,4.56,,35.0,120.0,6.91,4.14
2007,8,236,PHI,False,RB,RB,O,Hawaii,,,0,0,0,,Nate Ilaoa,RB,Hawaii,69.0,245.0,4.77,25.0,30.0,103.0,7.1,4.42
2007,8,237,DAL,False,DB,DB,D,Illinois,22.0,2015.0,0,0,2,9.0,,,,,,,,,,,
2007,8,238,MIA,False,DE,DL,D,Colorado,,,0,0,0,,Abraham Wright,DE,Colorado,74.0,242.0,4.9,24.0,31.0,111.0,7.2,4.46
2007,8,239,BUF,False,DE,DL,D,Oklahoma,25.0,2011.0,0,0,0,,C.J. Ah You,DE,Oklahoma,76.0,274.0,4.7,26.0,36.5,108.0,7.06,4.4
2007,8,240,SDG,False,LB,LB,D,Florida,21.0,2012.0,0,0,1,10.0,Brandon Siler,ILB,Florida,74.0,241.0,4.62,,30.5,109.0,7.34,
2007,8,241,CHI,False,G,OL,O,Iowa St.,,,0,0,0,,,,,,,,,,,,
2007,8,242,IND,False,DE,DL,D,Texas Tech,21.0,2013.0,0,0,1,13.0,,,,,,,,,,,
2007,8,243,GNB,False,TE,TE,O,Rutgers,23.0,2022.0,0,1,0,,Clark Harris,TE,Rutgers,77.0,261.0,4.8,21.0,32.0,112.0,,4.4
2007,8,244,ATL,False,RB,RB,O,Virginia,23.0,2013.0,0,0,0,21.0,Jason Snelling,FB,Virginia,71.0,230.0,4.79,,30.0,111.0,7.06,4.37
2007,8,245,TAM,False,DB,DB,D,Virginia,23.0,2009.0,0,0,0,0.0,,,,,,,,,,,
2007,8,246,TAM,False,RB,RB,O,Alabama,24.0,2010.0,0,0,0,0.0,Kenneth Darby,RB,Alabama,70.0,211.0,4.75,19.0,30.0,108.0,7.25,4.53
2007,8,247,NWE,False,G,OL,O,Iowa,,,0,0,0,,,,,,,,,,,,
2007,8,248,STL,False,DT,DL,D,Arkansas,,,0,0,0,,Keith Jackson,DT,Arkansas,72.0,305.0,5.05,33.0,30.0,,7.65,4.56
2007,8,249,STL,False,WR,WR,O,Wisconsin–Whitewater,22.0,2009.0,0,0,0,1.0,,,,,,,,,,,
2007,8,250,NYG,False,RB,RB,O,Marshall,21.0,2015.0,0,0,3,36.0,Ahmad Bradshaw,RB,Marshall,69.0,198.0,4.55,,34.0,112.0,6.7,4.09
2007,8,251,JAX,False,LB,LB,D,Elon,22.0,2008.0,0,0,0,3.0,Chad Nkang,S,Elon,71.0,220.0,4.52,23.0,36.5,118.0,7.1,4.34
2007,8,252,JAX,False,T,OL,O,Arizona St.,,,0,0,0,,Andrew Carnahan,OT,Arizona State,79.0,306.0,5.2,22.0,,,,
2007,8,253,CIN,False,DB,DB,D,Notre Dame,22.0,2011.0,0,0,2,15.0,Chinedum Ndukwe,S,Notre Dame,74.0,206.0,4.49,15.0,37.5,,,
2007,8,254,OAK,False,WR,WR,O,Louisiana Tech,22.0,2009.0,0,0,0,1.0,Jonathan Holland,WR,Louisiana Tech,72.0,191.0,4.45,15.0,35.5,120.0,7.12,4.4
2007,8,255,DET,False,DB,DB,D,Alabama,23.0,2009.0,0,0,0,1.0,,,,,,,,,,,
2008,1,1,MIA,False,T,OL,O,Michigan,23.0,2016.0,1,4,6,46.0,Jake Long,OT,Michigan,79.0,313.0,5.22,37.0,27.5,102.0,7.44,4.73
2008,1,2,STL,False,DE,DL,D,Virginia,23.0,2018.0,0,0,6,40.0,Chris Long,DE,Virginia,75.0,272.0,4.75,,34.0,124.0,7.02,4.21
2008,1,3,ATL,False,QB,QB,O,Boston Col.,23.0,2022.0,1,4,15,144.0,Matt Ryan,QB,Boston Col.,77.0,228.0,4.89,,,,7.4,4.51
2008,1,4,OAK,False,RB,RB,O,Arkansas,21.0,2017.0,0,0,4,32.0,Darren McFadden,RB,Arkansas,73.0,211.0,4.33,,33.0,128.0,,
2008,1,5,KAN,False,DT,DL,D,LSU,23.0,2016.0,0,0,7,26.0,Glenn Dorsey,DT,LSU,73.0,297.0,5.12,,,,,
2008,1,6,NYJ,False,DE,DL,D,Ohio St.,22.0,2010.0,0,0,0,6.0,Vernon Gholston,DE,Ohio State,75.0,266.0,4.65,37.0,35.5,125.0,7.12,4.4
2008,1,7,NOR,False,DT,DL,D,USC,23.0,2012.0,0,0,5,26.0,Sedrick Ellis,DT,USC,72.0,309.0,5.26,34.0,26.5,105.0,7.78,4.73
2008,1,8,JAX,False,DE,DL,D,Florida,21.0,2011.0,0,0,1,14.0,Derrick Harvey,DE,Florida,77.0,271.0,4.84,31.0,28.5,113.0,7.27,4.36
2008,1,9,CIN,False,LB,LB,D,USC,22.0,2014.0,0,0,4,15.0,Keith Rivers,OLB,USC,74.0,241.0,4.54,24.0,,,,
2008,1,10,NWE,False,LB,LB,D,Tennessee,22.0,2015.0,1,2,7,51.0,Jerod Mayo,ILB,Tennessee,73.0,242.0,4.54,,32.0,114.0,7.31,4.29
2008,1,11,BUF,False,DB,DB,D,Troy,23.0,2016.0,0,0,4,25.0,Leodis McKelvin,CB,Troy,70.0,190.0,4.38,17.0,33.5,121.0,7.06,4.1
2008,1,12,DEN,False,T,OL,O,Boise St.,22.0,2016.0,2,4,7,63.0,Ryan Clady,OT,Boise State,78.0,309.0,5.18,24.0,,,,
2008,1,13,CAR,False,RB,RB,O,Oregon,21.0,2018.0,0,1,5,48.0,Jonathan Stewart,RB,Oregon,70.0,235.0,4.46,28.0,36.5,128.0,,
2008,1,14,CHI,False,T,OL,O,Vanderbilt,23.0,2014.0,0,0,4,17.0,Chris Williams,OT,Vanderbilt,78.0,315.0,5.13,21.0,25.0,103.0,7.95,4.85
2008,1,15,KAN,False,G,OL,O,Virginia,23.0,2016.0,0,2,9,27.0,Branden Albert,OG,Virginia,78.0,309.0,5.17,23.0,26.0,111.0,7.97,4.78
2008,1,16,ARI,False,DB,DB,D,Tennessee St.,22.0,2019.0,0,2,7,18.0,Dominique Rodgers-Cromartie,CB,Tennessee State,73.0,184.0,4.29,17.0,38.5,131.0,6.74,4.17
2008,1,17,DET,False,T,OL,O,Boston Col.,24.0,2016.0,0,0,8,27.0,Gosder Cherilus,OT,Boston Col.,78.0,314.0,5.14,24.0,23.0,102.0,7.6,4.82
2008,1,18,BAL,False,QB,QB,O,Delaware,23.0,2025.0,0,1,12,89.0,Joe Flacco,QB,Pittsburgh,78.0,236.0,4.84,,28.5,110.0,6.82,4.27
2008,1,19,CAR,False,T,OL,O,Pittsburgh,22.0,2011.0,0,0,2,14.0,Jeff Otah,OT,Pittsburgh,78.0,322.0,5.55,27.0,22.5,102.0,,
2008,1,20,TAM,False,DB,DB,D,Kansas,22.0,2019.0,1,5,9,14.0,Aqib Talib,CB,Kansas,73.0,202.0,4.44,10.0,38.0,131.0,6.82,4.22
2008,1,21,ATL,False,T,OL,O,USC,23.0,2013.0,0,0,3,32.0,Sam Baker,OT,USC,77.0,309.0,5.5,28.0,,,,
2008,1,22,DAL,False,RB,RB,O,Arkansas,21.0,2013.0,0,0,1,26.0,Felix Jones,RB,Arkansas,70.0,207.0,4.44,,33.5,124.0,6.9,4.19
2008,1,23,PIT,False,RB,RB,O,Illinois,21.0,2013.0,0,0,4,26.0,Rashard Mendenhall,RB,Illinois,70.0,225.0,4.41,26.0,33.5,117.0,,4.18
2008,1,24,TEN,False,RB,RB,O,East Carolina,22.0,2017.0,1,3,7,61.0,Chris Johnson,RB,East Carolina,71.0,197.0,4.24,,35.0,130.0,,
2008,1,25,DAL,False,DB,DB,D,South Florida,23.0,2015.0,0,1,4,21.0,Mike Jenkins,CB,South Florida,70.0,197.0,4.38,18.0,34.0,117.0,7.21,4.4
2008,1,26,HOU,False,T,OL,O,Virginia Tech,23.0,2023.0,1,5,15,56.0,Duane Brown,OT,Virginia Tech,76.0,315.0,5.07,24.0,27.5,105.0,7.58,4.52
2008,1,27,SDG,False,DB,DB,D,Arizona,22.0,2014.0,0,0,4,20.0,Antoine Cason,CB,Arizona,72.0,191.0,4.45,20.0,35.5,128.0,,4.08
2008,1,28,SEA,False,DE,DL,D,USC,23.0,2012.0,0,0,2,11.0,Lawrence Jackson,DE,USC,76.0,271.0,4.82,31.0,31.0,108.0,7.08,4.4
2008,1,29,SFO,False,DT,DL,D,North Carolina,21.0,2011.0,0,0,1,2.0,Kentwan Balmer,DT,North Carolina,76.0,308.0,5.29,33.0,29.0,103.0,7.65,4.82
2008,1,30,NYJ,False,TE,TE,O,Purdue,23.0,2012.0,0,0,3,22.0,Dustin Keller,TE,Purdue,74.0,242.0,4.53,26.0,38.0,131.0,6.88,4.14
2008,1,31,NYG,False,DB,DB,D,Miami (FL),21.0,2015.0,0,0,2,15.0,Kenny Phillips,S,Miami (FL),74.0,212.0,4.48,19.0,32.5,121.0,6.97,4.27
2008,1,32,MIA,False,DE,DL,D,Clemson,23.0,2013.0,0,0,0,6.0,Phillip Merling,DE,Clemson,76.0,276.0,4.73,17.0,,,,
2008,2,33,STL,False,WR,WR,O,Houston,24.0,2014.0,0,0,4,8.0,Donnie Avery,WR,Houston,71.0,192.0,4.43,16.0,,,,
2008,2,34,WAS,False,WR,WR,O,Michigan St.,21.0,2011.0,0,0,1,4.0,Devin Thomas,WR,Michigan State,74.0,216.0,4.41,,28.0,126.0,7.15,4.26
2008,2,35,KAN,False,DB,DB,D,Virginia Tech,22.0,2016.0,0,1,9,34.0,Brandon Flowers,CB,Virginia Tech,70.0,189.0,4.55,14.0,30.0,117.0,,
2008,2,36,GNB,False,WR,WR,O,Kansas St.,23.0,2018.0,0,1,7,69.0,Jordy Nelson,WR,Kansas State,75.0,217.0,4.51,,31.0,123.0,7.03,4.35
2008,2,37,ATL,False,LB,LB,D,Oklahoma,22.0,2015.0,0,0,8,29.0,Curtis Lofton,ILB,Oklahoma,72.0,246.0,4.79,23.0,24.5,105.0,7.69,4.56
2008,2,38,SEA,False,TE,TE,O,Notre Dame,24.0,2014.0,0,0,4,12.0,John Carlson,TE,Notre Dame,77.0,251.0,4.88,20.0,30.5,113.0,7.12,4.28
2008,2,39,SFO,False,G,OL,O,USC,22.0,2012.0,0,0,3,17.0,Chilo Rachal,OG,USC,77.0,315.0,5.16,28.0,25.5,108.0,8.01,5.14
2008,2,40,NOR,False,DB,DB,D,Indiana,22.0,2016.0,0,0,6,16.0,Tracy Porter,CB,Indiana,71.0,188.0,4.37,18.0,34.0,123.0,7.2,4.07
2008,2,41,BUF,False,WR,WR,O,Indiana,22.0,2009.0,0,0,0,1.0,James Hardy,WR,Indiana,77.0,217.0,4.45,18.0,31.5,125.0,6.84,4.2
2008,2,42,DEN,False,WR,WR,O,Virginia Tech,22.0,2016.0,0,0,6,19.0,Eddie Royal,WR,Virginia Tech,70.0,184.0,4.39,24.0,36.0,124.0,7.07,4.34
2008,2,43,MIN,False,DB,DB,D,Arkansas St.,23.0,2012.0,0,0,1,10.0,Tyrell Johnson,S,Arkansas State,72.0,207.0,4.41,27.0,32.0,127.0,,
2008,2,44,CHI,False,RB,RB,O,Tulane,22.0,2017.0,0,2,9,78.0,Matt Forte,RB,Tulane,73.0,217.0,4.44,23.0,33.0,118.0,6.84,4.23
2008,2,45,DET,False,LB,LB,D,Colorado,22.0,2009.0,0,0,0,2.0,Jordon Dizon,OLB,Colorado,72.0,229.0,4.71,,30.5,118.0,7.01,4.35
2008,2,46,CIN,False,WR,WR,O,Coastal Carolina,22.0,2015.0,0,0,3,9.0,Jerome Simpson,WR,Coastal Carolina,74.0,199.0,4.42,,37.5,136.0,7.08,4.52
2008,2,47,PHI,False,DT,DL,D,Notre Dame,23.0,2011.0,0,0,0,7.0,Trevor Laws,DT,Notre Dame,73.0,304.0,5.09,35.0,30.5,103.0,7.37,4.49
2008,2,48,WAS,False,TE,TE,O,USC,22.0,2013.0,0,0,3,14.0,Fred Davis,TE,USC,75.0,255.0,4.68,24.0,,,,
2008,2,49,PHI,False,WR,WR,O,California,21.0,2022.0,0,3,11,52.0,DeSean Jackson,WR,California,70.0,169.0,4.35,,,120.0,,
2008,2,50,ARI,False,DE,DL,D,Miami (FL),22.0,2025.0,1,6,16,59.0,Calais Campbell,DE,Miami (FL),80.0,290.0,5.04,16.0,29.5,111.0,7.45,4.69
2008,2,51,WAS,False,WR,WR,O,Oklahoma,21.0,2009.0,0,0,1,3.0,Malcolm Kelly,WR,Oklahoma,76.0,224.0,4.68,,,,,
2008,2,52,JAX,False,DE,DL,D,Auburn,24.0,2014.0,0,0,2,4.0,Quentin Groves,OLB,Auburn,75.0,259.0,4.53,30.0,29.5,120.0,7.31,4.42
2008,2,53,PIT,False,WR,WR,O,Texas,23.0,2009.0,0,0,0,1.0,Limas Sweed,WR,Texas,76.0,215.0,4.48,,35.0,,,
2008,2,54,TEN,False,DE,DL,D,Eastern Michigan,22.0,2016.0,0,0,4,14.0,Jason Jones,DE,East. Michigan,77.0,273.0,4.76,18.0,25.5,123.0,7.29,4.32
2008,2,55,BAL,False,RB,RB,O,Rutgers,21.0,2013.0,0,3,5,63.0,Ray Rice,RB,Rutgers,68.0,199.0,4.42,23.0,31.5,119.0,6.65,4.2
2008,2,56,GNB,False,QB,QB,O,Louisville,22.0,2010.0,0,0,0,,Brian Brohm,QB,Louisville,75.0,230.0,4.81,,30.0,115.0,7.13,4.55
2008,2,57,MIA,False,QB,QB,O,Michigan,23.0,2022.0,0,0,3,16.0,Chad Henne,QB,Michigan,75.0,230.0,4.92,,25.5,106.0,7.17,4.4
2008,2,58,TAM,False,WR,WR,O,Appalachian St.,22.0,2008.0,0,0,0,0.0,Dexter Jackson,WR,Appalachian State,69.0,182.0,4.33,,29.5,122.0,6.81,4.38
2008,2,59,IND,False,T,OL,O,Arizona St.,23.0,2014.0,0,0,2,22.0,Mike Pollak,C,Arizona State,75.0,301.0,4.99,29.0,25.0,110.0,7.49,4.47
2008,2,60,GNB,False,DB,DB,D,Auburn,24.0,2012.0,0,0,1,2.0,Pat Lee,CB,Colorado,72.0,200.0,4.41,15.0,31.0,120.0,7.07,4.3
2008,2,61,DAL,False,TE,TE,O,Texas A&M,21.0,2017.0,0,1,8,4.0,Martellus Bennett,TE,Texas A&M,78.0,259.0,4.68,18.0,34.0,118.0,7.64,4.53
2008,2,62,NWE,False,DB,DB,D,Colorado,23.0,2010.0,0,0,0,1.0,Terrence Wheatley,CB,Colorado,70.0,187.0,4.37,17.0,36.5,128.0,6.74,4.17
2008,2,63,NYG,False,DB,DB,D,USC,23.0,2013.0,0,0,2,18.0,Terrell Thomas,CB,USC,72.0,202.0,4.45,14.0,30.5,123.0,7.18,
2008,2,64,DET,False,RB,RB,O,Central Florida,21.0,2012.0,0,0,2,19.0,Kevin Smith,RB,Central Florida,73.0,217.0,4.53,,32.0,120.0,6.74,4.49
2008,3,65,STL,False,T,OL,O,Toledo,23.0,2018.0,0,0,5,1.0,John Greco,OT,Toledo,77.0,305.0,5.29,30.0,26.0,108.0,8.03,4.82
2008,3,66,MIA,False,DE,DL,D,Hampton,22.0,2017.0,0,0,8,21.0,Kendall Langford,DE,Kansas State,77.0,287.0,4.95,24.0,27.0,114.0,7.72,4.69
2008,3,67,CAR,False,DB,DB,D,Iowa,22.0,2015.0,0,0,5,27.0,Charles Godfrey,CB,Iowa,72.0,207.0,4.43,14.0,32.5,121.0,7.28,4.4
2008,3,68,ATL,False,DB,DB,D,LSU,22.0,2010.0,0,0,0,4.0,Chevis Jackson,CB,LSU,72.0,192.0,4.52,13.0,36.0,125.0,6.96,4.15
2008,3,69,SDG,False,FB,RB,O,LSU,23.0,2012.0,0,0,1,6.0,Jacob Hester,FB,LSU,71.0,226.0,4.61,23.0,27.5,111.0,6.85,4.24
2008,3,70,CHI,False,WR,WR,O,Vanderbilt,21.0,2013.0,0,0,1,19.0,Earl Bennett,WR,Vanderbilt,71.0,209.0,4.48,15.0,26.0,110.0,7.15,4.22
2008,3,71,BAL,False,LB,LB,D,Miami (FL),23.0,2013.0,0,0,1,7.0,Tavares Gooden,ILB,Miami (FL),73.0,234.0,4.62,22.0,35.0,118.0,,
2008,3,72,BUF,False,DE,DL,D,Virginia Tech,23.0,2010.0,0,0,0,2.0,Chris Ellis,DE,Virginia Tech,76.0,263.0,4.71,,27.0,109.0,7.64,4.65
2008,3,73,KAN,False,RB,RB,O,Texas,21.0,2018.0,2,4,4,64.0,Jamaal Charles,RB,Texas,71.0,200.0,4.38,,30.5,122.0,6.8,4.22
2008,3,74,CAR,False,LB,LB,D,Penn St.,22.0,2013.0,0,0,2,10.0,Dan Connor,ILB,Penn State,74.0,231.0,4.67,,,,,
2008,3,75,SFO,False,DB,DB,D,Oklahoma,21.0,2011.0,0,0,1,5.0,Reggie Smith,CB,Oklahoma,72.0,199.0,4.61,13.0,,,,
2008,3,76,KAN,False,TE,TE,O,Tennessee,23.0,2009.0,0,0,1,2.0,Brad Cottam,TE,Tennessee,79.0,270.0,4.63,24.0,33.0,,,
2008,3,77,CIN,False,DT,DL,D,Auburn,22.0,2017.0,0,0,3,19.0,Pat Sims,DT,Auburn,74.0,310.0,5.06,20.0,27.0,,,
2008,3,78,NWE,False,LB,LB,D,Michigan,23.0,2010.0,0,0,0,0.0,Shawn Crable,OLB,Michigan,77.0,245.0,4.61,29.0,28.0,111.0,7.29,4.55
2008,3,79,HOU,False,DB,DB,D,Eastern Kentucky,23.0,2012.0,0,0,0,2.0,Antwaun Molden,CB,East. Kentucky,73.0,198.0,4.39,23.0,37.5,129.0,6.85,4.14
2008,3,80,PHI,False,LB,LB,D,McNeese St.,24.0,2009.0,0,0,0,,Bryan Smith,OLB,McNeese State,74.0,231.0,4.74,17.0,32.5,120.0,7.22,4.4
2008,3,81,ARI,False,WR,WR,O,LSU,22.0,2012.0,0,0,0,10.0,Early Doucet,WR,LSU,72.0,209.0,4.59,,,,,
2008,3,82,KAN,False,DB,DB,D,North Carolina St.,22.0,2010.0,0,0,0,3.0,DaJuan Morgan,S,North Carolina State,72.0,205.0,4.5,21.0,33.0,119.0,7.12,4.41
2008,3,83,TAM,False,G,OL,O,Rutgers,22.0,2016.0,0,1,8,26.0,Jeremy Zuttah,OT,Rutgers,75.0,303.0,4.99,35.0,26.5,107.0,7.59,4.54
2008,3,84,ATL,False,WR,WR,O,Louisville,23.0,2017.0,0,0,2,28.0,Harry Douglas,WR,Louisville,71.0,176.0,4.51,,31.0,120.0,6.57,4.12
2008,3,85,TEN,False,TE,TE,O,California,24.0,2015.0,0,0,5,5.0,Craig Stevens,TE,California,75.0,254.0,4.59,27.0,27.5,114.0,7.07,4.31
2008,3,86,BAL,False,DB,DB,D,Notre Dame,23.0,2012.0,0,0,1,7.0,Tom Zbikowski,S,Notre Dame,71.0,211.0,4.44,24.0,,,,
2008,3,87,DET,False,DT,DL,D,Florida St.,23.0,2015.0,0,0,0,8.0,Andre Fluellen,DT,Florida State,74.0,296.0,5.0,28.0,,,,
2008,3,88,PIT,False,LB,LB,D,UCLA,23.0,2011.0,0,0,0,0.0,Bruce Davis,OLB,UCLA,75.0,252.0,4.78,19.0,29.0,109.0,7.34,4.47
2008,3,89,HOU,False,RB,RB,O,West Virginia,22.0,2011.0,0,0,2,21.0,Steve Slaton,RB,West Virginia,69.0,197.0,4.45,19.0,33.5,118.0,,
2008,3,90,CHI,False,DT,DL,D,Arkansas,24.0,2010.0,0,0,1,6.0,Marcus Harrison,DT,Arkansas,75.0,317.0,5.06,26.0,,,,
2008,3,91,GNB,False,TE,TE,O,Texas,21.0,2013.0,0,0,3,27.0,Jermichael Finley,TE,Texas,76.0,243.0,4.82,20.0,27.5,117.0,7.15,4.38
2008,3,92,DET,False,LB,LB,D,Purdue,22.0,2017.0,0,1,7,23.0,Cliff Avril,OLB,Purdue,75.0,253.0,4.51,27.0,32.5,117.0,6.9,4.51
2008,3,93,IND,False,LB,LB,D,Georgia Tech,23.0,2016.0,0,0,3,10.0,Philip Wheeler,ILB,Georgia Tech,74.0,248.0,4.76,24.0,31.0,118.0,7.11,4.29
2008,3,94,NWE,False,QB,QB,O,San Diego St.,23.0,2008.0,0,0,0,0.0,Kevin O'Connell,QB,San Diego State,77.0,225.0,4.61,,31.0,113.0,7.01,4.38
2008,3,95,NYG,False,WR,WR,O,Michigan,22.0,2013.0,0,0,4,18.0,Mario Manningham,WR,Michigan,72.0,181.0,4.59,16.0,32.0,117.0,7.34,4.27
2008,3,96,WAS,False,T,OL,O,Northern Iowa,23.0,2014.0,0,0,1,2.0,Chad Rinehart,OG,New Mexico,77.0,320.0,5.42,26.0,28.5,106.0,7.84,4.56
2008,4,97,CIN,False,WR,WR,O,Florida,23.0,2015.0,0,0,0,10.0,Andre Caldwell,WR,Florida,72.0,204.0,4.35,,33.0,124.0,6.75,4.11
2008,4,98,ATL,False,DB,DB,D,California,23.0,2014.0,0,1,6,34.0,Thomas DeCoud,S,California,73.0,207.0,4.5,,35.5,122.0,6.85,4.27
2008,4,99,BAL,False,G,OL,O,Texas-El Paso,24.0,2014.0,0,0,0,4.0,Oniel Cousins,OT,Texas-El Paso,76.0,308.0,5.11,23.0,24.5,107.0,7.9,4.8
2008,4,100,OAK,False,DB,DB,D,Connecticut,21.0,2017.0,0,0,5,22.0,Tyvon Branch,CB,Connecticut,71.0,204.0,4.31,19.0,34.0,120.0,,4.4
2008,4,101,STL,False,DB,DB,D,Penn St.,21.0,2012.0,0,0,1,9.0,Justin King,CB,Penn State,71.0,192.0,4.31,14.0,34.0,127.0,7.14,4.31
2008,4,102,GNB,False,DE,DL,D,Wake Forest,22.0,2009.0,0,0,0,1.0,Jeremy Thompson,DE,Wake Forest,76.0,264.0,4.75,25.0,32.0,117.0,6.97,4.23
2008,4,103,TEN,False,DE,DL,D,Winston-Salem St.,23.0,2018.0,0,0,4,8.0,,,,,,,,,,,
2008,4,104,CLE,False,LB,LB,D,UNLV,22.0,2008.0,0,0,0,0.0,Beau Bell,ILB,UNLV,73.0,244.0,4.9,25.0,,,,
2008,4,105,KAN,False,WR,WR,O,Missouri,22.0,2008.0,0,0,0,1.0,Will Franklin,WR,Missouri,72.0,214.0,4.37,,34.5,,,
2008,4,106,BAL,False,WR,WR,O,New Mexico,23.0,2010.0,0,0,0,0.0,Marcus Smith,WR,New Mexico,73.0,221.0,4.51,20.0,26.5,111.0,7.1,4.42
2008,4,107,SFO,False,C,OL,O,Texas A&M,23.0,2015.0,0,0,1,0.0,Cody Wallace,C,Texas A&M,76.0,296.0,5.3,26.0,30.5,113.0,7.45,4.55
2008,4,108,DEN,False,C,OL,O,Bowling Green,23.0,2016.0,0,0,4,1.0,Kory Lichtensteiger,C,Bowling Green,74.0,298.0,5.25,,23.0,104.0,7.6,4.56
2008,4,109,PHI,False,T,OL,O,Pittsburgh,23.0,2015.0,0,0,4,8.0,Mike McGlynn,OG,Pittsburgh,76.0,311.0,5.38,30.0,23.0,101.0,7.58,4.72
2008,4,110,MIA,False,T,OL,O,Utah St.,25.0,2009.0,0,0,0,,Shawn Murphy,OG,Utah State,76.0,320.0,5.38,29.0,21.5,100.0,7.74,4.89
2008,4,111,CLE,False,TE,TE,O,Missouri,23.0,2011.0,0,0,0,0.0,Martin Rucker,TE,Missouri,77.0,251.0,4.75,20.0,,,,
2008,4,112,CIN,False,T,OL,O,Kansas,22.0,2014.0,0,0,1,12.0,Anthony Collins,OT,Kansas,77.0,317.0,5.54,26.0,22.5,97.0,7.71,4.87
2008,4,113,NYJ,False,DB,DB,D,San Jose St.,22.0,2016.0,0,0,6,9.0,Dwight Lowery,CB,San Jose State,71.0,201.0,4.54,16.0,33.5,116.0,7.31,4.38
2008,4,114,BUF,False,DB,DB,D,Akron,24.0,2011.0,0,0,0,8.0,,,,,,,,,,,
2008,4,115,TAM,False,DT,DL,D,Maryland,23.0,2009.0,0,0,0,1.0,Dre Moore,DT,Maryland,76.0,305.0,4.84,31.0,28.0,105.0,7.73,4.55
2008,4,116,ARI,False,DE,DL,D,Iowa,23.0,2010.0,0,0,0,2.0,Kenny Iwebema,DE,Iowa,76.0,274.0,4.91,26.0,29.0,109.0,7.62,4.75
2008,4,117,PHI,False,DB,DB,D,Texas-El Paso,23.0,2017.0,0,0,3,2.0,Quintin Demps,S,Texas-El Paso,72.0,206.0,4.39,16.0,31.5,110.0,,
2008,4,118,HOU,False,LB,LB,D,Virginia Tech,23.0,2012.0,0,0,0,4.0,Xavier Adibi,OLB,Virginia Tech,74.0,232.0,4.69,,30.0,110.0,,4.47
2008,4,119,DEN,False,DB,DB,D,Kent St.,23.0,2009.0,0,0,0,2.0,Jack Williams,S,Azusa Pacific,70.0,206.0,4.72,15.0,31.5,108.0,7.15,4.65
2008,4,120,CHI,False,DB,DB,D,LSU,22.0,2013.0,0,0,0,6.0,Craig Steltz,S,LSU,73.0,213.0,4.63,,,,,
2008,4,121,SEA,False,DT,DL,D,Texas A&M,24.0,2015.0,0,0,4,26.0,Red Bryant,DT,Texas A&M,76.0,318.0,5.0,20.0,28.0,111.0,7.75,4.64
2008,4,122,DAL,False,RB,RB,O,Georgia Tech,23.0,2013.0,0,0,0,10.0,Tashard Choice,RB,Georgia Tech,70.0,215.0,4.48,20.0,34.0,119.0,6.88,
2008,4,123,NYG,False,LB,LB,D,BYU,24.0,2013.0,0,0,0,4.0,Bryan Kehl,OLB,BYU,74.0,242.0,4.67,26.0,34.0,119.0,6.88,4.23
2008,4,124,WAS,False,DB,DB,D,Arizona St.,24.0,2012.0,0,0,0,3.0,Justin Tryon,CB,Arizona State,69.0,190.0,4.42,21.0,32.5,119.0,7.41,4.28
2008,4,125,OAK,False,WR,WR,O,Richmond,23.0,,0,0,0,,Arman Shields,WR,Richmond,73.0,194.0,4.37,19.0,37.5,128.0,6.67,3.96
2008,4,126,TEN,False,WR,WR,O,California,22.0,2013.0,0,0,0,7.0,Lavelle Hawkins,WR,California,71.0,187.0,4.57,14.0,,117.0,,
2008,4,127,IND,False,TE,TE,O,Kentucky,23.0,2016.0,0,0,2,7.0,Jacob Tamme,TE,Kentucky,75.0,236.0,4.58,18.0,30.0,109.0,6.99,4.27
2008,4,128,STL,False,WR,WR,O,Kentucky,23.0,2009.0,0,0,1,3.0,Keenan Burton,WR,Kentucky,72.0,201.0,4.44,10.0,38.5,125.0,6.77,4.2
2008,5,129,NWE,False,DB,DB,D,Auburn,24.0,2011.0,0,0,0,8.0,Jonathan Wilhite,CB,Auburn,69.0,185.0,4.38,20.0,33.5,119.0,,
2008,5,130,PIT,False,T,OL,O,Texas,23.0,2016.0,0,0,0,0.0,Tony Hills,OT,Texas,77.0,309.0,5.16,,,,,
2008,5,131,PHI,False,DB,DB,D,Wisconsin,22.0,2009.0,0,0,0,0.0,Jack Ikegwuonu,CB,Wisconsin,70.0,194.0,4.44,,,,,
2008,5,132,BUF,False,TE,TE,O,Kansas,25.0,2009.0,0,0,1,2.0,Derek Fine,TE,Kansas,75.0,251.0,4.83,24.0,29.0,115.0,6.8,4.19
2008,5,133,BAL,False,T,OL,O,Weber St.,25.0,2009.0,0,0,0,1.0,David Hale,OT,Weber State,78.0,314.0,5.27,25.0,26.0,100.0,7.69,4.75
2008,5,134,TEN,False,LB,LB,D,Purdue,23.0,2010.0,0,0,0,2.0,Stanford Keglar,OLB,Purdue,74.0,239.0,4.58,29.0,34.0,126.0,6.7,3.98
2008,5,135,GNB,False,T,OL,O,Central Florida,22.0,2018.0,0,4,9,74.0,,,,,,,,,,,
2008,5,136,DET,False,WR,WR,O,Wake Forest,23.0,2010.0,0,0,0,,Kenneth Moore,WR,Wake Forest,71.0,195.0,4.47,,28.0,120.0,7.09,4.3
2008,5,137,MIN,False,QB,QB,O,USC,,,0,0,0,,,,,,,,,,,,
2008,5,138,ATL,False,LB,LB,D,Arizona St.,24.0,2013.0,0,0,0,1.0,Robert James,OLB,Arizona State,70.0,219.0,4.7,22.0,,,,
2008,5,139,DEN,False,RB,RB,O,Arizona St.,22.0,2012.0,0,0,1,0.0,Ryan Torain,RB,Arizona State,72.0,222.0,4.61,21.0,34.0,120.0,,
2008,5,140,KAN,False,DB,DB,D,Grand Valley St.,22.0,2020.0,0,0,12,20.0,,,,,,,,,,,
2008,5,141,CAR,False,TE,TE,O,Louisville,22.0,2016.0,0,1,4,3.0,Gary Barnidge,TE,Louisville,78.0,243.0,4.61,22.0,31.0,117.0,6.92,4.23
2008,5,142,CHI,False,DB,DB,D,Nebraska,23.0,2015.0,0,0,1,12.0,Zack Bowman,CB,Nebraska,72.0,197.0,4.39,18.0,30.5,122.0,7.1,4.21
2008,5,143,DAL,False,DB,DB,D,Boise St.,21.0,2019.0,0,0,4,25.0,Orlando Scandrick,CB,Boise State,70.0,192.0,4.32,,33.5,125.0,6.83,
2008,5,144,NOR,False,DT,DL,D,North Carolina St.,22.0,2011.0,0,0,0,1.0,DeMario Pressley,DT,North Carolina State,75.0,301.0,5.09,28.0,25.5,100.0,,
2008,5,145,CIN,False,DT,DL,D,Fresno St.,22.0,2011.0,0,0,0,0.0,,,,,,,,,,,
2008,5,146,DET,False,FB,RB,O,Furman,22.0,2016.0,0,1,3,2.0,Jerome Felton,FB,Furman,72.0,241.0,4.68,30.0,32.5,110.0,7.2,4.46
2008,5,147,BUF,False,LB,LB,D,Iowa St.,24.0,2010.0,0,0,0,,Alvin Bowen,OLB,Iowa State,73.0,223.0,4.79,15.0,34.0,119.0,7.21,4.3
2008,5,148,DEN,False,DT,DL,D,Virginia Tech,23.0,2011.0,0,0,0,,Carlton Powell,DT,Virginia Tech,74.0,292.0,5.1,23.0,22.5,108.0,7.78,4.87
2008,5,149,ARI,False,RB,RB,O,Richmond,22.0,2016.0,0,0,2,18.0,,,,,,,,,,,
2008,5,150,GNB,False,T,OL,O,Louisville,22.0,2017.0,0,0,5,0.0,Breno Giacomini,OT,Louisville,79.0,303.0,5.2,23.0,22.5,108.0,7.56,4.63
2008,5,151,HOU,False,DT,DL,D,Texas,22.0,2011.0,0,0,0,0.0,Frank Okam,DT,Texas,76.0,347.0,5.32,32.0,23.0,104.0,8.07,4.95
2008,5,152,MIN,False,DT,DL,D,Florida St.,21.0,2016.0,0,0,4,13.0,Letroy Guion,DT,Florida State,75.0,303.0,5.31,26.0,,,,
2008,5,153,NWE,False,WR,WR,O,UCLA,22.0,2023.0,2,10,0,0.0,,,,,,,,,,,
2008,5,154,ATL,False,LB,LB,D,Montana,22.0,2015.0,0,0,3,24.0,Kroy Biermann,OLB,Montana,75.0,246.0,4.85,29.0,31.5,112.0,7.08,4.56
2008,5,155,JAX,False,LB,LB,D,USC,23.0,2011.0,0,0,0,0.0,Thomas Williams,ILB,USC,73.0,238.0,4.86,26.0,29.5,113.0,,
2008,5,156,PIT,False,QB,QB,O,Oregon,23.0,2010.0,0,0,0,2.0,Dennis Dixon,QB,Oregon,75.0,195.0,4.58,,,,,
2008,5,157,STL,False,G,OL,O,Oregon St.,24.0,2008.0,0,0,0,0.0,Roy Schuening,OG,Oregon State,76.0,306.0,5.29,26.0,25.0,,,
2008,5,158,CHI,False,TE,TE,O,Michigan St.,22.0,2016.0,0,0,4,5.0,Kellen Davis,TE,Michigan State,78.0,262.0,4.59,22.0,28.0,118.0,7.25,4.38
2008,5,159,JAX,False,DB,DB,D,South Florida,23.0,,0,0,0,,Trae Williams,CB,South Florida,69.0,193.0,4.51,,29.5,110.0,,
2008,5,160,TAM,False,QB,QB,O,San Diego,22.0,2025.0,0,0,0,3.0,Josh Johnson,QB,San Diego,75.0,213.0,4.53,,33.5,110.0,7.56,4.42
2008,6,161,IND,False,LB,LB,D,Georgia,22.0,2008.0,0,0,0,1.0,Marcus Howard,OLB,Georgia,72.0,237.0,4.45,27.0,34.5,,,
2008,6,162,NYJ,False,QB,QB,O,Tennessee,22.0,,0,0,0,,Erik Ainge,QB,Tennessee,77.0,225.0,4.98,,21.5,108.0,7.51,4.6
2008,6,163,SEA,False,FB,RB,O,West Virginia,23.0,2012.0,0,0,0,0.0,Owen Schmitt,FB,West Virginia,74.0,247.0,4.73,26.0,,,,
2008,6,164,NOR,False,T,OL,O,Nebraska,23.0,2013.0,1,2,4,49.0,Carl Nicks,OT,Nebraska,77.0,341.0,5.22,31.0,25.5,109.0,7.91,4.68
2008,6,165,NYG,False,LB,LB,D,Vanderbilt,22.0,2010.0,0,0,1,9.0,Jonathan Goff,ILB,Vanderbilt,74.0,245.0,4.63,28.0,31.5,118.0,6.86,4.26
2008,6,166,SDG,False,RB,RB,O,Texas-El Paso,24.0,2008.0,0,0,0,,Marcus Thomas,RB,Texas-El Paso,72.0,213.0,4.59,21.0,30.0,116.0,,
2008,6,167,DAL,False,DE,DL,D,Middle Tenn. St.,23.0,2017.0,0,0,6,,,,,,,,,,,,
2008,6,168,WAS,False,P,P,S,Georgia Tech,23.0,2008.0,0,0,0,0.0,Durant Brooks,P,Georgia Tech,72.0,204.0,5.2,,,,,
2008,6,169,OAK,False,DE,DL,D,Buffalo,24.0,2014.0,0,0,2,9.0,,,,,,,,,,,
2008,6,170,KAN,False,T,OL,O,Clemson,22.0,2013.0,0,0,3,12.0,Barry Richardson,OT,Clemson,79.0,320.0,5.45,24.0,25.5,100.0,8.0,5.16
2008,6,171,NYJ,False,WR,WR,O,Kansas,22.0,,0,0,0,,Marcus Henry,WR,Kansas,76.0,207.0,4.55,,31.5,126.0,7.08,4.3
2008,6,172,ATL,False,RB,RB,O,Georgia,22.0,,0,0,0,,Thomas Brown,RB,Georgia,68.0,204.0,4.51,25.0,36.0,128.0,7.17,
2008,6,173,HOU,False,DB,DB,D,Minnesota,22.0,2011.0,0,0,0,5.0,Dominique Barber,S,Minnesota,72.0,210.0,4.68,23.0,34.0,117.0,7.08,4.34
2008,6,174,SFO,False,WR,WR,O,Virginia Tech,23.0,2014.0,0,0,5,13.0,Josh Morgan,WR,Virginia Tech,72.0,219.0,4.46,,,,,
2008,6,175,TAM,False,LB,LB,D,Florida St.,21.0,2014.0,0,0,5,18.0,Geno Hayes,OLB,Florida State,73.0,226.0,4.64,22.0,26.5,116.0,7.22,4.48
2008,6,176,MIA,False,RB,RB,O,Toledo,22.0,2014.0,0,0,0,,Jalen Parmele,RB,Toledo,71.0,224.0,4.47,19.0,34.0,125.0,6.96,4.29
2008,6,177,CIN,False,DB,DB,D,Appalachian St.,23.0,2013.0,0,0,0,1.0,,,,,,,,,,,
2008,6,178,NOR,False,K,K,S,Wisconsin,23.0,2008.0,0,0,0,0.0,Taylor Mehlhaff,K,Wisconsin,70.0,183.0,4.92,13.0,,,,
2008,6,179,BUF,False,RB,RB,O,NW Missouri St.,23.0,2009.0,0,0,0,0.0,Xavier Omon,RB,Northwest Missouri State,71.0,228.0,4.52,17.0,31.0,112.0,,
2008,6,180,WAS,False,DB,DB,D,Nicholls St.,24.0,2010.0,0,0,1,7.0,,,,,,,,,,,
2008,6,181,CAR,False,DT,DL,D,Wisconsin,22.0,2015.0,0,0,4,7.0,Nick Hayden,DT,Wisconsin,76.0,291.0,5.14,34.0,27.0,108.0,7.55,4.54
2008,6,182,KAN,False,WR,WR,O,Utah St.,23.0,2008.0,0,0,0,0.0,Kevin Robinson,WR,Utah State,71.0,202.0,4.69,,27.5,115.0,7.31,4.77
2008,6,183,DEN,False,LB,LB,D,Arizona,24.0,2013.0,0,0,1,4.0,Spencer Larsen,ILB,Arizona,74.0,238.0,4.85,27.0,28.5,113.0,7.68,4.55
2008,6,184,PHI,False,T,OL,O,California,22.0,2013.0,0,0,0,,Mike Gibson,OG,California,75.0,305.0,5.27,31.0,27.0,110.0,7.21,4.64
2008,6,185,ARI,False,DE,DL,D,Texas A&M,23.0,2009.0,0,0,0,,Chris Harrington,DE,Texas A&M,76.0,264.0,4.84,21.0,,117.0,,
2008,6,186,WAS,False,QB,QB,O,Hawaii,25.0,,0,0,0,,Colt Brennan,QB,Hawaii,74.0,207.0,4.79,,,,,
2008,6,187,MIN,False,C,OL,O,Notre Dame,23.0,2018.0,0,0,8,35.0,John Sullivan,C,Notre Dame,75.0,301.0,5.35,21.0,30.0,103.0,7.62,4.55
2008,6,188,PIT,False,LB,LB,D,Iowa,23.0,,0,0,0,,Mike Humpal,OLB,Iowa,74.0,244.0,4.82,20.0,31.0,119.0,7.07,4.25
2008,6,189,SEA,False,LB,LB,D,San Diego St.,22.0,,0,0,0,,Tyler Schmitt,LS,San Diego State,74.0,231.0,4.93,21.0,29.0,118.0,7.03,4.33
2008,6,190,CLE,False,DT,DL,D,Iowa St.,22.0,2017.0,0,0,7,32.0,Ahtyba Rubin,DT,Iowa State,75.0,315.0,5.2,35.0,28.0,106.0,8.05,5.0
2008,6,191,CLE,False,WR,WR,O,Wisconsin,23.0,2010.0,0,0,0,,Paul Hubbard,WR,Wisconsin,75.0,221.0,4.49,15.0,29.5,126.0,,
2008,6,192,SDG,False,DB,DB,D,Boston Col.,23.0,,0,0,0,,DeJuan Tribble,CB,Boston Col.,69.0,189.0,4.59,13.0,32.0,114.0,,
2008,7,193,MIN,False,WR,WR,O,Jackson St.,24.0,2011.0,0,0,0,0.0,Jaymar Johnson,WR,Jackson State,71.0,177.0,4.5,14.0,32.0,118.0,6.75,4.18
2008,7,194,PIT,False,DB,DB,D,West Virginia,23.0,2014.0,0,0,1,7.0,,,,,,,,,,,
2008,7,195,MIA,False,G,OL,O,Connecticut,22.0,2013.0,0,0,1,8.0,Donald Thomas,OG,Connecticut,75.0,303.0,5.0,28.0,24.5,100.0,7.45,4.78
2008,7,196,IND,False,TE,TE,O,Virginia,22.0,2009.0,0,0,0,2.0,Tom Santi,TE,Virginia,75.0,250.0,4.8,14.0,36.0,121.0,7.08,4.27
2008,7,197,NWE,False,LB,LB,D,Nebraska,24.0,,0,0,0,,,,,,,,,,,,
2008,7,198,NYG,False,QB,QB,O,Kentucky,24.0,,0,0,0,,Andre Woodson,QB,Kentucky,76.0,229.0,4.85,,,,,
2008,7,199,NYG,False,DE,DL,D,Southern Miss,24.0,,0,0,0,,,,,,,,,,,,
2008,7,200,PHI,False,LB,LB,D,North Dakota St.,23.0,2015.0,0,0,2,1.0,,,,,,,,,,,
2008,7,201,IND,False,C,OL,O,Wake Forest,24.0,2008.0,0,0,0,1.0,Steve Justice,C,Wake Forest,75.0,293.0,5.24,23.0,21.0,98.0,7.4,4.58
2008,7,202,IND,False,RB,RB,O,Michigan,22.0,2010.0,0,0,0,3.0,Mike Hart,RB,Michigan,69.0,206.0,4.69,23.0,28.0,110.0,,
2008,7,203,PHI,False,LB,LB,D,Wheaton,22.0,2015.0,0,0,0,,,,,,,,,,,,
2008,7,204,MIA,False,RB,RB,O,Montana,24.0,2012.0,0,0,1,3.0,Lex Hilliard,FB,Montana,71.0,231.0,4.68,,32.0,122.0,7.01,4.2
2008,7,205,IND,False,WR,WR,O,Mount Union,22.0,2018.0,0,0,10,21.0,Pierre Garcon,WR,Mount Union,72.0,210.0,4.42,20.0,36.5,125.0,6.9,4.19
2008,7,206,BAL,False,DB,DB,D,Cincinnati,22.0,2012.0,0,0,1,4.0,,,,,,,,,,,
2008,7,207,CIN,False,TE,TE,O,Villanova,23.0,,0,0,0,,,,,,,,,,,,
2008,7,208,CHI,False,DE,DL,D,Michigan St.,22.0,2009.0,0,0,0,,,,,,,,,,,,
2008,7,209,GNB,False,QB,QB,O,LSU,23.0,2014.0,0,0,0,7.0,Matt Flynn,QB,LSU,74.0,231.0,4.79,,28.0,109.0,7.21,4.34
2008,7,210,KAN,False,DE,DL,D,Gardner-Webb,22.0,2008.0,0,0,0,0.0,,,,,,,,,,,
2008,7,211,NYJ,False,T,OL,O,Arkansas,23.0,2014.0,0,0,0,,,,,,,,,,,,
2008,7,212,ATL,False,DB,DB,D,Arizona,23.0,,0,0,0,,Wilrey Fontenot,CB,Arizona,69.0,171.0,4.4,18.0,34.0,128.0,7.29,4.26
2008,7,213,JAX,False,RB,RB,O,USC,23.0,2011.0,0,0,0,0.0,Chauncey Washington,RB,USC,71.0,211.0,4.45,,,,,
2008,7,214,SFO,False,LB,LB,D,Ohio St.,23.0,2013.0,0,0,1,4.0,Larry Grant,OLB,Ohio State,73.0,235.0,4.76,20.0,31.5,113.0,6.77,4.22
2008,7,215,BAL,False,WR,WR,O,Virginia Tech,23.0,2009.0,0,0,0,0.0,Justin Harper,WR,Virginia Tech,75.0,213.0,4.56,,28.5,120.0,7.03,4.43
2008,7,216,DET,False,DT,DL,D,Ohio,22.0,2014.0,0,0,0,2.0,,,,,,,,,,,
2008,7,217,GNB,False,WR,WR,O,San Diego St.,23.0,2011.0,0,0,0,1.0,,,,,,,,,,,
2008,7,218,DET,False,DB,DB,D,Army,23.0,2010.0,0,0,0,0.0,Caleb Campbell,S,Army,74.0,229.0,4.57,24.0,,,,
2008,7,219,BUF,False,T,OL,O,Northwestern St. (LA),24.0,2012.0,0,0,2,12.0,Demetress Bell,OT,Michigan State,77.0,303.0,5.18,9.0,26.5,109.0,7.65,4.65
2008,7,220,DEN,False,DB,DB,D,Arizona St.,23.0,2011.0,0,0,0,2.0,Josh Barrett,S,Arizona State,74.0,223.0,4.34,17.0,31.5,121.0,7.07,4.27
2008,7,221,CAR,False,LB,LB,D,North Carolina,22.0,2009.0,0,0,0,1.0,,,,,,,,,,,
2008,7,222,CHI,False,G,OL,O,Georgia,23.0,,0,0,0,,,,,,,,,,,,
2008,7,223,HOU,False,QB,QB,O,Washington St.,23.0,,0,0,0,,Alex Brink,QB,Washington State,74.0,211.0,4.96,,28.0,112.0,7.22,4.19
2008,7,224,BUF,False,WR,WR,O,Kentucky,21.0,2015.0,0,0,5,29.0,,,,,,,,,,,
2008,8,225,ARI,False,T,OL,O,Northern Iowa,23.0,2011.0,0,0,2,8.0,Brandon Keith,OT,New Mexico,77.0,343.0,5.27,31.0,26.0,,,
2008,8,226,OAK,False,WR,WR,O,San Diego St.,22.0,2012.0,0,0,1,6.0,,,,,,,,,,,
2008,8,227,DEN,False,FB,RB,O,Arkansas,22.0,2014.0,0,0,3,4.0,Peyton Hillis,FB,Arkansas,73.0,240.0,4.64,26.0,30.5,117.0,7.15,
2008,8,228,STL,False,DB,DB,D,Tulsa,22.0,2011.0,0,0,1,11.0,,,,,,,,,,,
2008,8,229,TEN,False,DB,DB,D,Washburn,23.0,2015.0,0,0,5,0.0,,,,,,,,,,,
2008,8,230,PHI,False,T,OL,O,Auburn,22.0,2016.0,0,0,4,10.0,King Dunlap,OT,Auburn,80.0,310.0,5.28,21.0,,,,
2008,8,231,CLE,False,LB,LB,D,St. Augustine's,23.0,2010.0,0,0,0,3.0,,,,,,,,,,,
2008,8,232,ATL,False,TE,TE,O,LSU,23.0,2009.0,0,0,0,0.0,,,,,,,,,,,
2008,8,233,SEA,False,RB,RB,O,California,22.0,2016.0,0,1,2,12.0,Justin Forsett,RB,California,68.0,194.0,4.62,26.0,26.5,112.0,6.96,
2008,8,234,SDG,False,T,OL,O,Texas A&M,24.0,2009.0,0,0,0,0.0,Corey Clark,OT,Texas A&M,77.0,315.0,5.28,23.0,23.0,106.0,7.47,4.68
2008,8,235,SEA,False,K,K,S,Georgia,23.0,2011.0,0,0,0,,,,,,,,,,,,
2008,8,236,IND,False,T,OL,O,Buffalo,23.0,2011.0,0,0,0,11.0,Jamey Richard,C,Buffalo,77.0,295.0,5.22,22.0,26.5,107.0,7.58,4.69
2008,8,237,NOR,False,WR,WR,O,Michigan,22.0,2011.0,0,0,0,1.0,Adrian Arrington,WR,Michigan,75.0,203.0,4.55,,,,,
2008,8,238,TAM,False,RB,RB,O,South Carolina,23.0,2008.0,0,0,0,,Cory Boyd,RB,South Carolina,72.0,213.0,4.52,25.0,33.5,118.0,6.97,4.24
2008,8,239,KAN,False,TE,TE,O,Central Florida,24.0,,0,0,0,,,,,,,,,,,,
2008,8,240,BAL,False,RB,RB,O,Oklahoma,24.0,,0,0,0,,Allen Patrick,RB,Oklahoma,73.0,198.0,4.55,,,,,
2008,8,241,CAR,False,T,OL,O,Oregon,22.0,2015.0,0,0,2,6.0,Geoff Schwartz,OT,Oregon,78.0,332.0,5.36,,20.5,98.0,7.9,4.79
2008,8,242,WAS,False,DE,DL,D,Kansas St.,22.0,2013.0,0,0,1,9.0,,,,,,,,,,,
2008,8,243,CHI,False,LB,LB,D,Oregon St.,22.0,2008.0,0,0,0,1.0,,,,,,,,,,,
2008,8,244,CIN,False,LB,LB,D,Cincinnati,,,0,0,0,,Angelo Craig,OLB,Cincinnati,76.0,252.0,5.07,21.0,30.5,118.0,,
2008,8,245,MIA,False,DT,DL,D,Arizona,23.0,2011.0,0,0,0,0.0,Lionel Dotson,DT,Arizona,76.0,296.0,5.38,,25.0,99.0,7.62,4.75
2008,8,246,CIN,False,WR,WR,O,Louisville,22.0,,0,0,0,,Mario Urrutia,WR,Louisville,77.0,232.0,4.59,16.0,30.0,115.0,7.07,4.44
2008,8,247,CHI,False,T,OL,O,Ohio St.,23.0,2008.0,0,0,0,0.0,Kirk Barton,OT,Ohio State,76.0,310.0,5.01,34.0,,,,
2008,8,248,CHI,False,WR,WR,O,Arkansas,22.0,,0,0,0,,Marcus Monk,WR,Arkansas,76.0,222.0,4.56,9.0,34.5,119.0,7.08,4.3
2008,8,249,WAS,False,DB,DB,D,UCLA,23.0,2010.0,0,0,1,8.0,Chris Horton,S,UCLA,72.0,212.0,4.54,14.0,28.5,109.0,7.34,4.35
2008,8,250,CAR,False,G,OL,O,Bentley College,22.0,2015.0,0,0,2,9.0,,,,,,,,,,,
2008,8,251,BUF,False,DB,DB,D,Pittsburgh,23.0,2011.0,0,0,0,,,,,,,,,,,,
2008,8,252,STL,False,LB,LB,D,Idaho,22.0,2011.0,0,0,1,8.0,,,,,,,,,,,
2009,1,1,DET,False,QB,QB,O,Georgia,21.0,2025.0,1,3,15,91.0,Matthew Stafford,QB,Georgia,74.0,225.0,4.81,,30.5,107.0,7.06,4.47
2009,1,2,STL,False,T,OL,O,Baylor,23.0,2012.0,0,0,2,9.0,Jason Smith,OT,Baylor,77.0,309.0,5.09,33.0,24.0,96.0,7.53,4.69
2009,1,3,KAN,False,DE,DL,D,LSU,23.0,2016.0,0,0,7,23.0,Tyson Jackson,DE,LSU,76.0,296.0,4.94,,28.5,102.0,7.64,4.8
2009,1,4,SEA,False,LB,LB,D,Wake Forest,23.0,2012.0,0,0,3,12.0,Aaron Curry,OLB,Wake Forest,74.0,254.0,4.52,25.0,37.0,124.0,7.15,4.51
2009,1,5,NYJ,False,QB,QB,O,USC,22.0,2018.0,0,0,4,26.0,Mark Sanchez,QB,USC,74.0,227.0,4.93,,32.5,116.0,7.06,4.21
2009,1,6,CIN,False,T,OL,O,Alabama,22.0,2021.0,0,0,8,37.0,Andre Smith,OT,Alabama,76.0,332.0,5.28,,,,,
2009,1,7,OAK,False,WR,WR,O,Maryland,22.0,2018.0,0,0,5,17.0,Darrius Heyward-Bey,WR,Maryland,74.0,210.0,4.3,16.0,38.5,126.0,6.8,4.18
2009,1,8,JAX,False,T,OL,O,Virginia,22.0,2015.0,0,0,6,22.0,Eugene Monroe,OT,Virginia,77.0,309.0,5.18,23.0,28.5,110.0,7.86,4.78
2009,1,9,GNB,False,DT,DL,D,Boston Col.,23.0,2015.0,0,1,5,33.0,B.J. Raji,DT,Boston Col.,73.0,337.0,5.12,33.0,32.0,103.0,7.9,4.69
2009,1,10,SFO,False,WR,WR,O,Texas Tech,21.0,2019.0,0,0,10,33.0,Michael Crabtree,WR,Texas Tech,73.0,215.0,4.54,,,,,
2009,1,11,BUF,False,DE,DL,D,Penn St.,21.0,2012.0,0,0,0,2.0,Aaron Maybin,DE,Penn State,76.0,249.0,4.64,22.0,38.0,124.0,7.52,4.38
2009,1,12,DEN,False,RB,RB,O,Georgia,22.0,2014.0,0,0,3,32.0,Knowshon Moreno,RB,Georgia,71.0,217.0,4.5,25.0,35.5,115.0,6.84,4.27
2009,1,13,WAS,False,LB,LB,D,Texas,23.0,2018.0,0,4,8,33.0,Brian Orakpo,DE,Texas,75.0,263.0,4.63,31.0,39.5,,,
2009,1,14,NOR,False,DB,DB,D,Ohio St.,21.0,2021.0,0,3,12,32.0,Malcolm Jenkins,CB,Ohio State,72.0,204.0,4.51,15.0,33.0,124.0,6.59,4.08
2009,1,15,HOU,False,LB,LB,D,USC,22.0,2017.0,0,1,7,52.0,Brian Cushing,OLB,USC,75.0,243.0,4.64,30.0,35.0,120.0,6.84,4.22
2009,1,16,SDG,False,LB,LB,D,Northern Illinois,23.0,2014.0,0,0,1,7.0,Larry English,OLB,Northern Illinois,74.0,255.0,4.74,24.0,36.0,107.0,7.26,4.38
2009,1,17,TAM,False,QB,QB,O,Kansas St.,21.0,2015.0,0,0,4,36.0,Josh Freeman,QB,Kansas State,78.0,248.0,4.9,,33.5,119.0,7.11,4.43
2009,1,18,DEN,False,DE,DL,D,Tennessee,24.0,2017.0,0,0,5,13.0,Robert Ayers,DE,Tennessee,75.0,272.0,4.77,18.0,29.5,102.0,7.56,4.51
2009,1,19,PHI,False,WR,WR,O,Missouri,21.0,2017.0,0,0,8,33.0,Jeremy Maclin,WR,Missouri,72.0,198.0,4.43,,,,,
2009,1,20,DET,False,TE,TE,O,Oklahoma St.,24.0,2015.0,0,0,7,22.0,Brandon Pettigrew,TE,Oklahoma State,77.0,263.0,4.8,22.0,33.0,118.0,7.12,4.37
2009,1,21,CLE,False,C,OL,O,California,23.0,2021.0,0,7,12,30.0,Alex Mack,C,California,76.0,311.0,5.17,,,,,
2009,1,22,MIN,False,WR,WR,O,Florida,21.0,2016.0,0,1,4,37.0,Percy Harvin,WR,Florida,71.0,192.0,4.39,19.0,,,,
2009,1,23,BAL,False,T,OL,O,Mississippi,23.0,2016.0,0,0,7,33.0,Michael Oher,OT,Mississippi,76.0,309.0,5.16,21.0,30.5,103.0,7.81,4.6
2009,1,24,ATL,False,DT,DL,D,Mississippi,25.0,2013.0,0,0,2,13.0,Peria Jerry,DT,Mississippi,74.0,299.0,4.98,,,,,
2009,1,25,MIA,False,DB,DB,D,Illinois,21.0,2018.0,0,2,8,12.0,Vontae Davis,CB,Illinois,71.0,203.0,4.4,25.0,36.0,125.0,6.75,4.07
2009,1,26,GNB,False,LB,LB,D,USC,23.0,2019.0,1,6,10,75.0,Clay Matthews,OLB,USC,75.0,240.0,4.58,23.0,35.5,121.0,6.9,4.18
2009,1,27,IND,False,RB,RB,O,Connecticut,22.0,2015.0,0,0,1,21.0,Donald Brown,RB,Connecticut,70.0,210.0,4.46,,41.5,125.0,6.93,4.1
2009,1,28,BUF,False,C,OL,O,Louisville,23.0,2017.0,0,1,9,47.0,Eric Wood,C,Louisville,76.0,310.0,5.19,30.0,30.5,99.0,7.56,4.51
2009,1,29,NYG,False,WR,WR,O,North Carolina,21.0,2015.0,0,0,4,37.0,Hakeem Nicks,WR,North Carolina,73.0,212.0,4.51,,36.0,,,
2009,1,30,TEN,False,WR,WR,O,Rutgers,20.0,2017.0,0,0,5,20.0,Kenny Britt,WR,Rutgers,75.0,218.0,4.47,23.0,37.0,124.0,,4.47
2009,1,31,ARI,False,RB,RB,O,Ohio St.,21.0,2012.0,0,0,2,14.0,Beanie Wells,RB,Ohio State,73.0,235.0,4.38,25.0,33.5,128.0,,
2009,1,32,PIT,False,DE,DL,D,Missouri,22.0,2018.0,0,0,5,27.0,Ziggy Hood,DT,Missouri,75.0,300.0,4.83,34.0,33.0,108.0,7.5,4.55
2009,2,33,DET,False,DB,DB,D,Western Michigan,22.0,2014.0,0,0,6,22.0,Louis Delmas,S,West. Michigan,71.0,202.0,4.52,12.0,37.0,126.0,6.67,4.17
2009,2,34,NWE,False,DB,DB,D,Oregon,22.0,2019.0,0,0,10,35.0,Patrick Chung,S,Oregon,71.0,212.0,4.49,25.0,34.0,119.0,,
2009,2,35,STL,False,LB,LB,D,Ohio St.,22.0,2016.0,0,0,7,51.0,James Laurinaitis,ILB,Ohio State,74.0,244.0,4.72,22.0,33.0,115.0,6.93,4.24
2009,2,36,CLE,False,WR,WR,O,Ohio St.,21.0,2013.0,0,0,1,3.0,Brian Robiskie,WR,Ohio State,75.0,209.0,4.46,,37.5,,6.72,4.19
2009,2,37,DEN,False,DB,DB,D,Wake Forest,23.0,2012.0,0,0,1,1.0,Alphonso Smith,CB,Wake Forest,69.0,193.0,4.47,13.0,34.0,125.0,7.09,4.38
2009,2,38,CIN,False,LB,LB,D,USC,22.0,2017.0,0,0,9,47.0,Rey Maualuga,ILB,USC,74.0,249.0,4.91,23.0,,83.0,,
2009,2,39,JAX,False,T,OL,O,Arizona,21.0,2014.0,0,0,1,13.0,Eben Britton,OT,Arizona,78.0,309.0,5.14,24.0,28.5,100.0,7.87,4.91
2009,2,40,NWE,False,DT,DL,D,Boston Col.,22.0,2012.0,0,0,1,6.0,Ron Brace,DT,Boston Col.,75.0,330.0,5.48,32.0,28.0,99.0,8.15,4.73
2009,2,41,NWE,False,DB,DB,D,Connecticut,23.0,2017.0,0,0,0,5.0,Darius Butler,CB,Connecticut,70.0,183.0,4.41,,43.0,134.0,6.92,4.18
2009,2,42,BUF,False,DB,DB,D,Oregon,22.0,2017.0,0,3,7,31.0,Jairus Byrd,CB,Oregon,70.0,207.0,4.68,,,,,
2009,2,43,CAR,False,DE,DL,D,Florida St.,22.0,2014.0,0,0,0,5.0,Everette Brown,DE,Florida State,73.0,256.0,4.65,26.0,31.5,114.0,7.55,4.53
2009,2,44,MIA,False,QB,QB,O,West Virginia,23.0,2009.0,0,0,0,1.0,Pat White,QB,West Virginia,72.0,197.0,4.55,,35.0,117.0,7.06,4.42
2009,2,45,NYG,False,LB,LB,D,Virginia,23.0,2010.0,0,0,0,2.0,Clint Sintim,OLB,Virginia,75.0,256.0,4.75,,34.5,119.0,7.37,4.4
2009,2,46,HOU,False,DE,DL,D,Cincinnati,22.0,2018.0,0,1,7,16.0,Connor Barwin,OLB,Cincinnati,76.0,256.0,4.47,21.0,40.5,128.0,6.87,4.18
2009,2,47,OAK,False,DB,DB,D,Ohio,22.0,2018.0,0,0,5,4.0,,,,,,,,,,,
2009,2,48,DEN,False,DB,DB,D,Texas Tech,23.0,2012.0,0,0,0,2.0,Darcel McBath,S,Texas Tech,72.0,198.0,4.53,14.0,38.0,119.0,6.8,4.16
2009,2,49,SEA,False,C,OL,O,Oregon,23.0,2018.0,1,3,9,34.0,Max Unger,C,Oregon,77.0,309.0,5.26,22.0,24.5,93.0,7.39,4.5
2009,2,50,CLE,False,WR,WR,O,Georgia,22.0,2012.0,0,0,3,11.0,Mohamed Massaquoi,WR,Georgia,73.0,210.0,4.51,,36.5,127.0,,
2009,2,51,BUF,False,G,OL,O,Oregon St.,23.0,2018.0,0,0,9,22.0,Andy Levitre,OG,Oregon State,75.0,305.0,5.33,23.0,30.5,103.0,,4.52
2009,2,52,CLE,False,LB,LB,D,Hawaii,23.0,2010.0,0,0,0,1.0,David Veikune,DE,Hawaii,74.0,257.0,4.75,35.0,33.0,110.0,7.2,4.46
2009,2,53,PHI,False,RB,RB,O,Pittsburgh,21.0,2020.0,2,6,10,50.0,LeSean McCoy,RB,Pittsburgh,70.0,198.0,4.5,,,,,
2009,2,54,MIN,False,T,OL,O,Oklahoma,23.0,2014.0,0,0,6,36.0,Phil Loadholt,OT,Oklahoma,80.0,332.0,5.45,24.0,29.0,95.0,8.18,5.06
2009,2,55,ATL,False,DB,DB,D,Missouri,24.0,2015.0,0,1,5,30.0,William Moore,S,Missouri,72.0,221.0,4.49,16.0,37.0,123.0,6.81,4.26
2009,2,56,IND,False,DT,DL,D,USC,24.0,2013.0,0,0,3,19.0,Fili Moala,DT,USC,76.0,305.0,5.07,25.0,30.5,100.0,,
2009,2,57,BAL,False,DE,DL,D,Utah,23.0,2016.0,0,0,4,7.0,Paul Kruger,DE,Utah,76.0,263.0,4.79,24.0,32.5,108.0,7.52,4.47
2009,2,58,NWE,False,T,OL,O,Houston,25.0,2015.0,0,0,5,52.0,,,,,,,,,,,
2009,2,59,CAR,False,DB,DB,D,Troy,24.0,2015.0,0,0,2,13.0,Sherrod Martin,CB,Troy,73.0,198.0,4.43,12.0,36.0,123.0,6.6,3.98
2009,2,60,NYG,False,T,OL,O,Connecticut,24.0,2017.0,0,0,4,30.0,Will Beatty,OT,Connecticut,78.0,307.0,5.06,27.0,33.5,107.0,7.62,4.77
2009,2,61,MIA,False,DB,DB,D,Utah,22.0,2017.0,0,0,8,20.0,Sean Smith,CB,Utah,75.0,214.0,4.47,10.0,34.0,119.0,6.92,4.15
2009,2,62,TEN,False,DT,DL,D,Auburn,22.0,2016.0,0,0,4,11.0,Sen'Derrick Marks,DT,Auburn,74.0,306.0,5.0,,33.0,,,
2009,2,63,ARI,False,LB,LB,D,Connecticut,22.0,,0,0,0,,Cody Brown,OLB,Connecticut,74.0,244.0,4.76,26.0,36.5,120.0,7.1,4.4
2009,2,64,DEN,False,TE,TE,O,North Carolina,23.0,2011.0,0,0,0,0.0,Richard Quinn,TE,North Carolina,76.0,264.0,4.88,24.0,32.5,119.0,7.5,4.62
2009,3,65,NYJ,False,RB,RB,O,Iowa,24.0,2014.0,0,0,2,20.0,Shonn Greene,RB,Iowa,70.0,227.0,4.55,19.0,37.0,121.0,7.1,4.4
2009,3,66,STL,False,DB,DB,D,Iowa,23.0,2015.0,0,0,3,13.0,Bradley Fletcher,CB,Iowa,72.0,196.0,4.44,20.0,38.5,122.0,7.04,4.29
2009,3,67,KAN,False,DE,DL,D,Purdue,22.0,2010.0,0,0,0,1.0,Alex Magee,DT,Purdue,75.0,298.0,4.82,30.0,29.5,103.0,7.52,4.55
2009,3,68,CHI,False,DT,DL,D,San Jose St.,22.0,2010.0,0,0,0,0.0,Jarron Gilbert,DE,San Jose State,77.0,288.0,4.81,28.0,35.5,119.0,7.7,4.56
2009,3,69,DAL,False,LB,LB,D,Western Illinois,23.0,2014.0,0,0,0,0.0,,,,,,,,,,,
2009,3,70,CIN,False,DE,DL,D,Georgia Tech,22.0,2018.0,0,0,8,50.0,Michael Johnson,DE,Georgia Tech,79.0,266.0,4.61,28.0,38.5,128.0,7.42,4.37
2009,3,71,OAK,False,DE,DL,D,Wisconsin,22.0,2014.0,0,0,3,13.0,Matt Shaughnessy,DE,Wisconsin,77.0,266.0,4.86,24.0,30.5,112.0,7.68,4.88
2009,3,72,JAX,False,DT,DL,D,Temple,23.0,2015.0,0,0,6,18.0,Terrance Knighton,DT,Temple,75.0,321.0,4.93,,28.0,103.0,7.9,4.78
2009,3,73,JAX,False,DB,DB,D,William & Mary,22.0,2013.0,0,0,4,17.0,,,,,,,,,,,
2009,3,74,SFO,False,RB,RB,O,Alabama,22.0,2009.0,0,0,0,2.0,Glen Coffee,RB,Alabama,72.0,209.0,4.5,24.0,36.0,121.0,7.35,4.51
2009,3,75,DAL,False,T,OL,O,Ball St.,23.0,2010.0,0,0,0,0.0,Robert Brewster,OT,Ball State,76.0,325.0,5.29,23.0,30.5,98.0,7.68,4.75
2009,3,76,DET,False,LB,LB,D,Wisconsin,22.0,2016.0,0,0,6,45.0,DeAndre Levy,OLB,Wisconsin,74.0,236.0,4.56,19.0,,119.0,,
2009,3,77,HOU,False,G,OL,O,Alabama,23.0,2012.0,0,0,0,11.0,Antoine Caldwell,C,Alabama,75.0,309.0,5.24,23.0,28.0,111.0,7.96,5.04
2009,3,78,SDG,False,G,OL,O,Texas Tech,22.0,2015.0,1,1,7,25.0,Louis Vasquez,OG,Texas Tech,77.0,333.0,5.22,39.0,,,,
2009,3,79,PIT,False,T,OL,O,Wisconsin,23.0,2016.0,0,0,4,,Kraig Urbik,OG,Wisconsin,77.0,328.0,5.25,29.0,24.0,94.0,7.87,4.89
2009,3,80,WAS,False,DB,DB,D,Maryland,22.0,2012.0,0,0,0,3.0,Kevin Barnes,CB,Maryland,72.0,187.0,4.45,,38.5,128.0,6.72,3.96
2009,3,81,TAM,False,DT,DL,D,Texas,22.0,2017.0,0,0,5,15.0,Roy Miller,DT,Texas,73.0,310.0,4.93,36.0,32.0,103.0,8.01,4.74
2009,3,82,DET,False,WR,WR,O,Penn St.,23.0,2010.0,0,0,0,0.0,Derrick Williams,WR,Penn State,71.0,194.0,4.47,15.0,33.0,,,
2009,3,83,NWE,False,WR,WR,O,North Carolina,21.0,2018.0,0,0,1,8.0,Brandon Tate,WR,North Carolina,72.0,183.0,4.52,,,,,
2009,3,84,PIT,False,WR,WR,O,Mississippi,23.0,2018.0,0,1,8,32.0,Mike Wallace,WR,Mississippi,72.0,199.0,4.33,14.0,40.0,129.0,6.9,4.27
2009,3,85,NYG,False,WR,WR,O,Cal Poly-San Luis Obispo,23.0,2012.0,0,0,0,5.0,Ramses Barden,WR,Cal Poly,78.0,229.0,4.51,17.0,33.5,118.0,,4.26
2009,3,86,MIN,False,DB,DB,D,Georgia,21.0,2011.0,0,0,2,8.0,Asher Allen,CB,Georgia,69.0,194.0,4.48,22.0,35.0,115.0,6.93,4.3
2009,3,87,MIA,False,WR,WR,O,USC,22.0,2012.0,0,0,0,0.0,Patrick Turner,WR,USC,77.0,223.0,4.59,,,,,
2009,3,88,BAL,False,DB,DB,D,Nicholls St.,23.0,2017.0,0,0,5,36.0,Lardarius Webb,CB,Nicholls State,70.0,179.0,4.35,15.0,36.5,121.0,6.77,4.1
2009,3,89,TEN,False,TE,TE,O,South Carolina,22.0,2021.0,0,2,5,10.0,Jared Cook,TE,South Carolina,77.0,246.0,4.49,23.0,41.0,123.0,,
2009,3,90,ATL,False,DB,DB,D,San Jose St.,22.0,2015.0,0,0,1,7.0,Chris Owens,CB,San Jose State,70.0,181.0,4.44,14.0,34.5,110.0,6.93,4.16
2009,3,91,SEA,False,WR,WR,O,Penn St.,23.0,2012.0,0,0,1,4.0,Deon Butler,WR,Penn State,70.0,182.0,4.31,12.0,34.5,118.0,7.01,4.48
2009,3,92,IND,False,DB,DB,D,Auburn,22.0,2016.0,0,0,7,13.0,Jerraud Powers,CB,Auburn,69.0,188.0,4.43,15.0,36.5,122.0,7.09,4.08
2009,3,93,CAR,False,DT,DL,D,Georgia,24.0,2013.0,0,0,0,0.0,Corvey Irvin,DT,Georgia,75.0,301.0,4.96,24.0,24.5,97.0,7.44,4.73
2009,3,94,TEN,False,DB,DB,D,Hawaii,22.0,2012.0,0,0,0,4.0,Ryan Mouton,CB,Hawaii,69.0,187.0,4.47,18.0,39.5,129.0,,
2009,3,95,ARI,False,DB,DB,D,Alabama,23.0,2016.0,0,0,4,23.0,Rashad Johnson,S,Alabama,71.0,203.0,4.49,15.0,37.0,120.0,7.09,4.23
2009,3,96,PIT,False,DB,DB,D,Oregon St.,23.0,2015.0,0,0,3,11.0,Keenan Lewis,CB,Oregon State,73.0,208.0,4.47,19.0,33.5,123.0,,
2009,4,97,NWE,False,LB,LB,D,South Florida,23.0,2012.0,0,0,0,,Tyrone McKenzie,OLB,South Florida,74.0,243.0,4.76,27.0,,112.0,,
2009,4,98,CIN,False,TE,TE,O,Missouri,22.0,2016.0,0,0,0,0.0,Chase Coffman,TE,Missouri,78.0,244.0,4.83,,,,,
2009,4,99,CHI,False,WR,WR,O,Oklahoma,22.0,2009.0,0,0,0,0.0,Juaquin Iglesias,WR,Oklahoma,73.0,210.0,4.44,,34.5,116.0,,4.4
2009,4,100,NYG,False,TE,TE,O,Wisconsin,22.0,2012.0,0,0,0,2.0,Travis Beckum,TE,Wisconsin,75.0,243.0,4.61,28.0,,,,
2009,4,101,DAL,False,QB,QB,O,Texas A&M,23.0,2011.0,0,0,0,2.0,Stephen McGee,QB,Texas A&M,75.0,225.0,4.61,,33.0,112.0,7.34,4.49
2009,4,102,KAN,False,DB,DB,D,Ohio St.,23.0,2011.0,0,0,0,4.0,Donald Washington,CB,Ohio State,72.0,197.0,4.5,9.0,45.0,135.0,6.84,4.2
2009,4,103,STL,False,DT,DL,D,Clemson,23.0,2011.0,0,0,0,5.0,Darell Scott,DT,Clemson,75.0,312.0,4.92,29.0,30.5,107.0,8.28,4.84
2009,4,104,CLE,False,LB,LB,D,USC,22.0,2014.0,0,0,1,12.0,Kaluka Maiava,OLB,USC,71.0,229.0,4.65,30.0,,110.0,6.98,4.2
2009,4,105,CHI,False,DE,DL,D,Texas,22.0,2015.0,0,1,2,21.0,,,,,,,,,,,
2009,4,106,CIN,False,C,OL,O,Arkansas,23.0,2009.0,0,0,0,1.0,Jonathan Luigs,C,Arkansas,76.0,301.0,5.14,26.0,31.0,99.0,7.69,4.79
2009,4,107,JAX,False,WR,WR,O,Arizona,22.0,2012.0,0,0,2,20.0,Mike Thomas,WR,Arizona,68.0,195.0,4.3,,40.5,126.0,6.65,4.28
2009,4,108,MIA,False,WR,WR,O,Ohio St.,22.0,2015.0,0,0,5,30.0,Brian Hartline,WR,Ohio State,74.0,195.0,4.49,,34.5,120.0,6.65,4.12
2009,4,109,GNB,False,T,OL,O,Eastern Michigan,21.0,2018.0,0,2,7,53.0,,,,,,,,,,,
2009,4,110,DAL,False,LB,LB,D,Oregon St.,22.0,2014.0,0,0,0,6.0,Victor Butler,OLB,Oregon State,74.0,248.0,4.72,24.0,33.0,113.0,7.21,4.4
2009,4,111,CAR,False,RB,RB,O,Texas A&M,22.0,2013.0,0,0,0,4.0,Mike Goodson,RB,Texas A&M,72.0,208.0,4.43,14.0,39.5,118.0,6.89,4.22
2009,4,112,HOU,False,DB,DB,D,New Mexico,23.0,2018.0,0,1,10,17.0,Glover Quin,S,New Mexico,71.0,204.0,4.5,22.0,38.0,119.0,7.39,4.43
2009,4,113,SDG,False,DT,DL,D,Western Ontario,23.0,2013.0,0,0,2,12.0,,,,,,,,,,,
2009,4,114,DEN,False,DB,DB,D,Notre Dame,22.0,2016.0,0,0,0,9.0,David Bruton,S,Notre Dame,74.0,219.0,4.4,19.0,41.5,132.0,6.6,4.28
2009,4,115,DET,False,DT,DL,D,Stillman,22.0,2015.0,0,0,3,9.0,,,,,,,,,,,
2009,4,116,NOR,False,DB,DB,D,Wake Forest,23.0,2010.0,0,0,0,,Chip Vaughn,S,Wake Forest,73.0,221.0,4.42,21.0,37.0,125.0,7.03,4.12
2009,4,117,TAM,False,DE,DL,D,USC,22.0,2012.0,0,0,1,5.0,Kyle Moore,DE,USC,77.0,272.0,4.76,22.0,30.5,105.0,7.4,4.47
2009,4,118,NOR,False,LB,LB,D,Wake Forest,22.0,2010.0,0,0,0,1.0,Stanley Arnoux,ILB,Wake Forest,72.0,232.0,4.56,19.0,31.5,121.0,7.22,4.39
2009,4,119,CHI,False,DB,DB,D,Vanderbilt,22.0,2013.0,0,0,0,6.0,D.J. Moore,CB,Vanderbilt,69.0,192.0,4.56,17.0,39.5,118.0,7.01,4.28
2009,4,120,DAL,False,DE,DL,D,Texas Tech,21.0,2010.0,0,0,0,0.0,Brandon Williams,DE,Texas Tech,74.0,261.0,4.78,,33.0,112.0,7.23,4.49
2009,4,121,BUF,False,TE,TE,O,Southern Miss,23.0,2010.0,0,0,1,1.0,Shawn Nelson,TE,Southern Miss,77.0,240.0,4.52,19.0,33.0,115.0,6.96,4.46
2009,4,122,HOU,False,TE,TE,O,North Carolina St.,24.0,2011.0,0,0,0,0.0,Anthony Hill,TE,North Carolina State,77.0,262.0,4.84,21.0,30.5,107.0,7.31,4.56
2009,4,123,NWE,False,G,OL,O,Penn St.,23.0,2014.0,0,0,1,0.0,,,,,,,,,,,
2009,4,124,OAK,False,WR,WR,O,Florida,22.0,2017.0,0,0,1,11.0,Louis Murphy,WR,Florida,74.0,203.0,4.32,12.0,,,,
2009,4,125,ATL,False,DE,DL,D,Richmond,23.0,2015.0,0,0,0,5.0,Lawrence Sidbury,DE,Richmond,74.0,266.0,4.53,28.0,35.0,120.0,7.46,4.43
2009,4,126,OAK,False,DE,DL,D,Oregon St.,23.0,2010.0,0,0,0,0.0,,,,,,,,,,,
2009,4,127,IND,False,WR,WR,O,BYU,23.0,2013.0,0,0,0,17.0,Austin Collie,WR,BYU,73.0,200.0,4.53,17.0,34.0,120.0,6.78,4.24
2009,4,128,CAR,False,RB,RB,O,Syracuse,23.0,2014.0,0,0,2,0.0,Tony Fiammetta,FB,Syracuse,72.0,245.0,4.58,30.0,34.0,112.0,7.31,4.49
2009,5,129,NYG,False,RB,RB,O,North Carolina St.,22.0,2013.0,0,0,1,7.0,Andre Brown,RB,North Carolina State,72.0,224.0,4.37,24.0,37.0,115.0,7.35,4.33
2009,5,130,TEN,False,LB,LB,D,Southern Miss,23.0,2011.0,0,0,1,7.0,Gerald McRath,ILB,Southern Miss,74.0,231.0,4.49,19.0,34.0,123.0,7.24,4.35
2009,5,131,ARI,False,DB,DB,D,St. Paul's,24.0,2016.0,0,0,4,7.0,,,,,,,,,,,
2009,5,132,DEN,False,G,OL,O,Iowa,23.0,2012.0,0,0,0,0.0,Seth Olsen,OG,Iowa,77.0,306.0,5.23,23.0,24.5,90.0,7.59,4.7
2009,5,133,SDG,False,G,OL,O,Auburn,23.0,2012.0,0,0,2,15.0,Tyronne Green,OG,Auburn,74.0,309.0,5.4,22.0,,,,
2009,5,134,SDG,False,RB,RB,O,Colorado St.,23.0,2010.0,0,0,0,,Gartrell Johnson,RB,Colorado State,70.0,219.0,4.67,20.0,34.0,114.0,,
2009,5,135,TEN,False,T,OL,O,Tulane,23.0,2012.0,0,0,0,0.0,Troy Kropog,OT,Tulane,77.0,309.0,5.3,21.0,30.0,100.0,7.65,4.84
2009,5,136,IND,False,DT,DL,D,Michigan,,,0,0,0,,Terrance Taylor,DT,Michigan,72.0,306.0,5.08,37.0,30.0,104.0,7.78,5.06
2009,5,137,BAL,False,LB,LB,D,TCU,23.0,2012.0,0,0,0,1.0,Jason Phillips,ILB,TCU,73.0,239.0,4.6,20.0,34.0,120.0,,4.32
2009,5,138,ATL,False,DB,DB,D,Furman,23.0,2012.0,0,0,1,,,,,,,,,,,,
2009,5,139,KAN,False,T,OL,O,Missouri,24.0,2013.0,0,0,0,,,,,,,,,,,,
2009,5,140,CHI,False,WR,WR,O,Abilene Christian,22.0,2011.0,0,1,2,20.0,Johnny Knox,WR,Abilene Christian,71.0,185.0,4.34,,35.0,122.0,6.81,4.15
2009,5,141,DEN,False,WR,WR,O,South Carolina,22.0,2009.0,0,0,0,0.0,Kenny McKinley,WR,South Carolina,72.0,189.0,4.37,,37.0,113.0,6.96,4.1
2009,5,142,CIN,False,P,P,S,Cincinnati,24.0,2022.0,0,1,1,23.0,Kevin Huber,P,Cincinnati,73.0,220.0,4.87,,,,,
2009,5,143,DAL,False,DB,DB,D,Cincinnati,23.0,2009.0,0,0,0,,DeAngelo Smith,CB,Cincinnati,71.0,194.0,4.5,17.0,31.5,109.0,7.27,4.35
2009,5,144,JAX,False,WR,WR,O,Rice,23.0,2011.0,0,0,0,4.0,Jarett Dillard,WR,Rice,70.0,191.0,4.5,13.0,42.5,129.0,7.1,4.41
2009,5,145,GNB,False,RB,RB,O,LSU,22.0,2013.0,0,0,1,0.0,Quinn Johnson,FB,LSU,73.0,246.0,4.72,16.0,32.0,115.0,,
2009,5,146,SFO,False,LB,LB,D,Pittsburgh,23.0,2009.0,0,0,0,2.0,Scott McKillop,ILB,Pittsburgh,73.0,244.0,4.7,27.0,35.5,119.0,7.0,4.39
2009,5,147,BUF,False,LB,LB,D,Oklahoma,22.0,2010.0,0,0,0,2.0,Nic Harris,OLB,Oklahoma,74.0,234.0,4.83,15.0,31.5,109.0,7.05,4.37
2009,5,148,SDG,False,DB,DB,D,Oregon St.,23.0,2013.0,0,0,0,,Brandon Hughes,CB,Oregon State,70.0,182.0,4.4,8.0,36.5,128.0,6.9,4.23
2009,5,149,BAL,False,TE,TE,O,East Carolina,23.0,,0,0,0,,Davon Drew,TE,East Carolina,76.0,256.0,4.78,17.0,29.5,113.0,7.28,4.56
2009,5,150,MIN,False,LB,LB,D,South Carolina,24.0,2015.0,0,0,3,16.0,Jasper Brinkley,ILB,South Carolina,74.0,252.0,4.67,26.0,35.5,114.0,7.03,4.32
2009,5,151,NYG,False,QB,QB,O,Sam Houston St.,24.0,,0,0,0,,Rhett Bomar,QB,SMU,74.0,225.0,4.7,25.0,,106.0,6.91,4.06
2009,5,152,HOU,False,TE,TE,O,Rice,24.0,2015.0,0,0,1,7.0,James Casey,FB,Rice,75.0,246.0,4.69,28.0,36.0,111.0,7.0,4.48
2009,5,153,PHI,False,TE,TE,O,Florida,24.0,,0,0,0,,Cornelius Ingram,TE,Florida,76.0,245.0,4.68,21.0,33.0,,7.12,4.53
2009,5,154,CHI,False,LB,LB,D,Ohio St.,,,0,0,0,,Marcus Freeman,OLB,Ohio State,73.0,239.0,4.51,30.0,37.0,113.0,6.98,4.12
2009,5,155,TAM,False,T,OL,O,Illinois,23.0,,0,0,0,,Xavier Fulton,OT,Illinois,76.0,302.0,5.01,27.0,31.0,111.0,7.35,4.56
2009,5,156,ATL,False,T,OL,O,North Carolina,22.0,2016.0,0,0,2,13.0,Garrett Reynolds,OT,North Carolina,80.0,309.0,5.32,19.0,22.0,94.0,7.87,4.88
2009,5,157,PHI,False,DB,DB,D,Virginia Tech,23.0,2010.0,0,0,0,3.0,Macho Harris,CB,Virginia Tech,71.0,198.0,4.46,,33.5,118.0,6.68,3.98
2009,5,158,WAS,False,LB,LB,D,Nebraska,22.0,2010.0,0,0,0,,Cody Glenn,OLB,Nebraska,72.0,244.0,4.67,25.0,,,,
2009,5,159,PHI,False,T,OL,O,Oregon,24.0,,0,0,0,,Fenuki Tupou,OT,Oregon,77.0,314.0,5.2,24.0,25.5,94.0,8.33,5.02
2009,5,160,STL,False,WR,WR,O,North Carolina,23.0,,0,0,0,,Brooks Foster,WR,North Carolina,72.0,211.0,4.44,27.0,,,,
2009,6,161,MIA,False,TE,TE,O,Monmouth,23.0,2010.0,0,0,0,0.0,,,,,,,,,,,
2009,6,162,GNB,False,T,OL,O,South Carolina,23.0,2015.0,0,0,2,,Jamon Meredith,OT,South Carolina,77.0,304.0,4.99,31.0,28.0,105.0,8.01,4.82
2009,6,163,CAR,False,G,OL,O,Oklahoma,22.0,,0,0,0,,Duke Robinson,OG,Oklahoma,77.0,329.0,5.32,,,,,
2009,6,164,NOR,False,P,P,S,SMU,23.0,2025.0,0,1,2,22.0,Thomas Morstead,P,SMU,76.0,225.0,4.83,19.0,,,,
2009,6,165,MIA,False,DB,DB,D,Clemson,23.0,2015.0,0,0,3,19.0,Chris Clemons,S,Clemson,72.0,208.0,4.33,19.0,37.5,127.0,7.27,4.38
2009,6,166,DAL,False,DB,DB,D,Clemson,23.0,2010.0,0,0,0,0.0,Michael Hamlin,S,Clemson,74.0,214.0,4.57,17.0,37.5,117.0,7.14,4.42
2009,6,167,ARI,False,T,OL,O,LSU,24.0,,0,0,0,,Herman Johnson,OG,LSU,79.0,364.0,5.5,21.0,,,,
2009,6,168,PIT,False,DB,DB,D,Central Florida,22.0,2009.0,0,0,0,1.0,Joe Burnett,CB,Central Florida,69.0,192.0,4.58,22.0,35.5,118.0,6.68,4.25
2009,6,169,PIT,False,RB,RB,O,UNLV,24.0,2014.0,0,0,1,0.0,,,,,,,,,,,
2009,6,170,NWE,False,T,OL,O,Louisville,24.0,,0,0,0,,,,,,,,,,,,
2009,6,171,SFO,False,QB,QB,O,Ball St.,22.0,,0,0,0,,Nate Davis,QB,Ball State,73.0,226.0,4.95,,26.5,99.0,,
2009,6,172,DAL,False,K,K,S,USC,22.0,2011.0,0,0,0,2.0,David Buehler,K,USC,74.0,227.0,4.57,25.0,,,,
2009,6,173,TEN,False,RB,RB,O,Michigan St.,22.0,2012.0,0,0,0,5.0,Javon Ringer,RB,Michigan State,69.0,205.0,4.5,23.0,34.0,115.0,6.87,4.11
2009,6,174,DEN,False,QB,QB,O,Fresno St.,24.0,2011.0,0,0,0,,Tom Brandstater,QB,Fresno State,77.0,220.0,4.87,,28.5,106.0,6.93,4.37
2009,6,175,KAN,False,WR,WR,O,McNeese St.,24.0,2009.0,0,0,0,0.0,Quinten Lawrence,WR,McNeese State,72.0,184.0,4.4,20.0,,,,
2009,6,176,ATL,False,LB,LB,D,Miami (FL),22.0,2011.0,0,0,0,2.0,,,,,,,,,,,
2009,6,177,CLE,False,DB,DB,D,Norfolk St.,22.0,2018.0,0,0,1,,Don Carey,CB,Norfolk State,71.0,192.0,4.49,18.0,,,,
2009,6,178,SEA,False,QB,QB,O,Rutgers,23.0,,0,0,0,,,,,,,,,,,,
2009,6,179,CIN,False,DB,DB,D,Michigan,23.0,2011.0,0,0,0,2.0,Morgan Trent,CB,Michigan,73.0,193.0,4.5,23.0,38.0,127.0,7.05,4.01
2009,6,180,JAX,False,TE,TE,O,Nebraska-Omaha,24.0,2017.0,0,0,2,4.0,,,,,,,,,,,
2009,6,181,MIA,False,T,OL,O,Georgia Tech,23.0,2016.0,0,0,0,0.0,Andrew Gardner,OT,Georgia Tech,79.0,304.0,4.96,,,,,
2009,6,182,GNB,False,DE,DL,D,Georgia,23.0,2014.0,0,0,0,5.0,Jarius Wynn,DE,Georgia,75.0,275.0,4.94,19.0,31.5,107.0,7.4,4.58
2009,6,183,BUF,False,DB,DB,D,USC,22.0,2010.0,0,0,0,1.0,Cary Harris,CB,USC,71.0,187.0,4.66,18.0,,,,
2009,6,184,SFO,False,TE,TE,O,Fresno St.,23.0,2015.0,0,0,2,,Bear Pascoe,TE,Fresno State,77.0,251.0,4.89,,26.5,107.0,7.65,4.55
2009,6,185,BAL,False,RB,RB,O,Virginia,22.0,2016.0,0,1,0,,Cedric Peerman,RB,Virginia,69.0,216.0,4.34,27.0,40.0,117.0,6.99,4.29
2009,6,186,WAS,False,LB,LB,D,TCU,23.0,2009.0,0,0,0,0.0,,,,,,,,,,,
2009,6,187,GNB,False,DB,DB,D,Cincinnati,23.0,2010.0,0,0,0,2.0,Brandon Underwood,S,Cincinnati,73.0,198.0,4.48,16.0,36.5,125.0,7.0,4.2
2009,6,188,HOU,False,DB,DB,D,Utah,22.0,2017.0,0,0,2,6.0,,,,,,,,,,,
2009,6,189,SDG,False,LB,LB,D,USC,22.0,2009.0,0,0,1,4.0,Kevin Ellison,OLB,USC,73.0,227.0,4.75,32.0,,,,
2009,6,190,CHI,False,DB,DB,D,Oregon St.,22.0,2012.0,0,0,1,4.0,,,,,,,,,,,
2009,6,191,CLE,False,DB,DB,D,San Jose St.,22.0,2012.0,0,0,0,0.0,Coye Francies,CB,San Jose State,72.0,185.0,4.63,24.0,36.0,123.0,6.81,4.24
2009,6,192,DET,False,RB,RB,O,TCU,23.0,2011.0,0,0,0,2.0,,,,,,,,,,,
2009,7,193,NYJ,False,G,OL,O,Nebraska,23.0,2018.0,0,0,6,14.0,Matt Slauson,OG,Nebraska,77.0,316.0,5.26,,34.0,110.0,7.86,4.86
2009,7,194,PHI,False,WR,WR,O,Washington St.,22.0,2014.0,0,0,3,0.0,Brandon Gibson,WR,Washington State,72.0,210.0,4.59,,,,,
2009,7,195,CLE,False,RB,RB,O,Clemson,23.0,2010.0,0,0,0,0.0,James Davis,RB,Clemson,71.0,218.0,4.45,17.0,32.0,109.0,7.15,4.37
2009,7,196,STL,False,QB,QB,O,West Texas A&M,23.0,2009.0,0,0,0,1.0,,,,,,,,,,,
2009,7,197,DAL,False,DB,DB,D,TCU,22.0,,0,0,0,,Stephen Hodge,OLB,TCU,72.0,234.0,4.59,22.0,35.0,115.0,7.21,4.34
2009,7,198,NWE,False,C,OL,O,Hawaii,23.0,2010.0,0,0,0,1.0,Jake Ingram,LS,Hawaii,75.0,232.0,4.9,15.0,,,,
2009,7,199,OAK,False,DE,DL,D,Missouri,,,0,0,0,,Stryker Sulak,DE,Missouri,76.0,251.0,4.63,22.0,31.0,113.0,7.31,4.58
2009,7,200,NYG,False,DB,DB,D,New Mexico,23.0,,0,0,0,,DeAndre Wright,CB,New Mexico,71.0,198.0,4.52,17.0,34.5,122.0,7.0,4.44
2009,7,201,IND,False,QB,QB,O,Purdue,24.0,2013.0,0,0,1,2.0,Curtis Painter,QB,Purdue,75.0,225.0,4.87,,29.0,102.0,7.0,4.48
2009,7,202,OAK,False,TE,TE,O,Iowa,24.0,2016.0,0,0,5,8.0,,,,,,,,,,,
2009,7,203,TEN,False,DB,DB,D,Rutgers,22.0,2021.0,0,0,9,30.0,,,,,,,,,,,
2009,7,204,ARI,False,DE,DL,D,Illinois,23.0,2010.0,0,0,0,3.0,Will Davis,DE,Illinois,74.0,261.0,4.84,27.0,33.0,115.0,7.38,4.45
2009,7,205,PIT,False,DT,DL,D,Oregon,23.0,2009.0,0,0,0,,,,,,,,,,,,
2009,7,206,TEN,False,WR,WR,O,S.F. Austin,23.0,2009.0,0,0,0,0.0,Dominique Edison,WR,Stephen F. Austin,74.0,204.0,4.42,,37.0,120.0,,4.18
2009,7,207,NWE,False,DT,DL,D,Kentucky,23.0,2011.0,0,0,0,3.0,Myron Pryor,DT,Kentucky,72.0,319.0,5.03,,30.0,107.0,8.16,4.75
2009,7,208,DAL,False,TE,TE,O,Virginia,22.0,2018.0,0,0,1,2.0,John Phillips,TE,Virginia,77.0,251.0,4.78,20.0,33.5,112.0,6.84,4.27
2009,7,209,CIN,False,RB,RB,O,Abilene Christian,25.0,2013.0,0,0,0,9.0,Bernard Scott,RB,Abilene Christian,70.0,200.0,4.44,21.0,36.0,125.0,6.82,4.08
2009,7,210,ATL,False,DT,DL,D,Georgia Tech,22.0,2015.0,0,0,1,9.0,Vance Walker,DT,Georgia Tech,74.0,304.0,5.32,29.0,33.0,,,
2009,7,211,STL,False,RB,RB,O,Texas,23.0,2014.0,0,0,1,0.0,Chris Ogbonnaya,RB,Texas,72.0,220.0,4.57,19.0,35.0,111.0,6.85,4.29
2009,7,212,KAN,False,RB,RB,O,Tennessee St.,23.0,2009.0,0,0,0,0.0,Javarris Williams,RB,Tennessee State,69.0,223.0,4.51,25.0,33.5,116.0,,
2009,7,213,PHI,False,G,OL,O,Arizona St.,23.0,2014.0,0,0,2,,Paul Fanaika,OG,Arizona State,77.0,327.0,5.48,15.0,,,,
2009,7,214,MIA,False,LB,LB,D,Weber St.,25.0,2009.0,0,0,0,0.0,,,,,,,,,,,
2009,7,215,CIN,False,RB,RB,O,BYU,25.0,,0,0,0,,,,,,,,,,,,
2009,7,216,CAR,False,DB,DB,D,South Carolina,21.0,2018.0,0,0,4,24.0,Captain Munnerlyn,CB,South Carolina,68.0,182.0,4.41,19.0,37.5,121.0,7.15,4.2
2009,7,217,TAM,False,DB,DB,D,Western Michigan,22.0,2015.0,0,0,1,9.0,,,,,,,,,,,
2009,7,218,GNB,False,LB,LB,D,Colorado,23.0,2015.0,0,0,2,18.0,,,,,,,,,,,
2009,7,219,SFO,False,DB,DB,D,LSU,24.0,2013.0,0,0,0,0.0,Curtis Taylor,S,LSU,74.0,209.0,4.49,13.0,37.5,129.0,7.25,4.23
2009,7,220,BUF,False,DB,DB,D,West Virginia,22.0,2014.0,0,0,0,1.0,,,,,,,,,,,
2009,7,221,WAS,False,RB,RB,O,Idaho,22.0,2011.0,0,0,0,,Eddie Williams,FB,Idaho,73.0,239.0,4.79,23.0,,,,
2009,7,222,IND,False,K,K,S,West Virginia,22.0,2016.0,1,2,0,18.0,,,,,,,,,,,
2009,7,223,HOU,False,DB,DB,D,Arizona St.,23.0,2012.0,0,0,0,5.0,Troy Nolan,S,Arizona State,72.0,206.0,4.58,12.0,31.5,117.0,7.06,4.3
2009,7,224,SDG,False,WR,WR,O,LSU,,,0,0,0,,Demetrius Byrd,WR,LSU,72.0,199.0,4.35,,31.5,117.0,,
2009,8,225,DEN,False,C,OL,O,TCU,23.0,,0,0,0,,,,,,,,,,,,
2009,8,226,PIT,False,C,OL,O,Penn St.,23.0,2020.0,0,0,4,,A.Q. Shipley,C,Penn State,73.0,304.0,5.19,33.0,31.0,100.0,7.46,4.4
2009,8,227,DAL,False,DB,DB,D,Cincinnati,22.0,,0,0,0,,Mike Mickens,CB,Cincinnati,71.0,184.0,4.53,,,,,
2009,8,228,DET,False,T,OL,O,Nebraska,23.0,2010.0,0,0,0,,Lydon Murtha,OT,Nebraska,79.0,306.0,4.82,25.0,35.0,110.0,7.06,4.34
2009,8,229,DAL,False,WR,WR,O,Oklahoma,22.0,2010.0,0,0,0,0.0,Manuel Johnson,WR,Oklahoma,71.0,189.0,4.5,,,,,
2009,8,230,PHI,False,LB,LB,D,Maryland,24.0,2014.0,0,0,2,10.0,Moise Fokou,OLB,Maryland,73.0,233.0,4.65,12.0,31.0,121.0,7.09,4.28
2009,8,231,MIN,False,DB,DB,D,Mississippi,24.0,2015.0,0,0,3,14.0,Jamarca Sanford,S,Mississippi,70.0,214.0,4.43,29.0,33.5,116.0,7.02,4.2
2009,8,232,NWE,False,WR,WR,O,Kent St.,23.0,2020.0,0,0,7,61.0,,,,,,,,,,,
2009,8,233,TAM,False,WR,WR,O,Oregon St.,23.0,2012.0,0,0,0,5.0,Sammie Stroughter,WR,Oregon State,69.0,189.0,4.45,13.0,30.0,110.0,7.03,4.28
2009,8,234,NWE,False,DT,DL,D,Georgia Tech,23.0,,0,0,0,,Darryl Richard,DT,Georgia Tech,74.0,303.0,5.08,17.0,25.5,,,
2009,8,235,DET,False,LB,LB,D,California,22.0,2010.0,0,0,0,2.0,Zack Follett,OLB,California,74.0,236.0,4.69,,37.0,117.0,7.31,
2009,8,236,IND,False,T,OL,O,Maryland,23.0,2010.0,0,0,0,1.0,Jaimie Thomas,OG,Maryland,76.0,323.0,5.29,20.0,,,,
2009,8,237,KAN,False,TE,TE,O,Miami (OH),23.0,2012.0,0,0,0,0.0,,,,,,,,,,,
2009,8,238,NYG,False,DB,DB,D,South Carolina,,,0,0,0,,,,,,,,,,,,
2009,8,239,TEN,False,G,OL,O,Syracuse,23.0,2010.0,0,0,0,0.0,,,,,,,,,,,
2009,8,240,ARI,False,RB,RB,O,Pittsburgh,22.0,2013.0,0,0,0,9.0,,,,,,,,,,,
2009,8,241,PIT,False,TE,TE,O,Arkansas St.,22.0,2016.0,0,0,1,3.0,David Johnson,FB,Arkansas State,73.0,260.0,4.73,21.0,32.5,113.0,7.28,4.43
2009,8,242,TEN,False,DB,DB,D,North Dakota St.,23.0,2010.0,0,0,0,1.0,,,,,,,,,,,
2009,8,243,WAS,False,WR,WR,O,Nevada,24.0,2009.0,0,0,0,0.0,Marko Mitchell,WR,Nevada,76.0,218.0,4.43,9.0,32.0,116.0,7.04,4.33
2009,8,244,SFO,False,DT,DL,D,LSU,22.0,2018.0,0,0,4,5.0,Ricky Jean-Francois,DT,LSU,75.0,295.0,5.19,25.0,26.0,93.0,,
2009,8,245,SEA,False,DB,DB,D,Rutgers,22.0,2011.0,0,0,1,,Courtney Greene,S,Rutgers,72.0,212.0,4.55,21.0,34.5,116.0,7.35,4.16
2009,8,246,CHI,False,G,OL,O,San Diego St.,24.0,2015.0,0,0,2,12.0,,,,,,,,,,,
2009,8,247,SEA,False,DE,DL,D,Oregon,22.0,2011.0,0,0,0,2.0,,,,,,,,,,,
2009,8,248,SEA,False,TE,TE,O,California,22.0,2011.0,0,0,0,2.0,Cameron Morrah,TE,California,75.0,244.0,4.61,24.0,32.5,115.0,6.99,4.36
2009,8,249,CIN,False,DT,DL,D,Memphis,22.0,2019.0,0,0,2,1.0,,,,,,,,,,,
2009,8,250,JAX,False,RB,RB,O,Liberty,24.0,2016.0,0,0,5,9.0,Rashad Jennings,RB,Liberty,73.0,231.0,4.52,29.0,34.0,120.0,6.86,4.2
2009,8,251,CHI,False,WR,WR,O,Pittsburgh,,,0,0,0,,,,,,,,,,,,
2009,8,252,CIN,False,WR,WR,O,Utah,,,0,0,0,,,,,,,,,,,,
2009,8,253,JAX,False,WR,WR,O,Rutgers,22.0,2013.0,0,0,1,1.0,Tiquan Underwood,WR,Rutgers,73.0,184.0,4.31,7.0,41.5,129.0,6.62,4.11
2009,8,254,ARI,False,G,OL,O,Cincinnati,23.0,,0,0,0,,Trevor Canfield,OG,Cincinnati,76.0,307.0,5.28,29.0,,,,
2009,8,255,DET,False,TE,TE,O,Maryland,24.0,2011.0,0,0,0,0.0,Dan Gronkowski,TE,Maryland,77.0,255.0,4.79,26.0,33.0,122.0,6.92,4.26
2009,8,256,KAN,False,K,K,S,South Carolina,22.0,2022.0,0,0,1,11.0,,,,,,,,,,,
2010,1,1,STL,False,QB,QB,O,Oklahoma,22.0,2018.0,0,0,5,25.0,Sam Bradford,QB,Oklahoma,76.0,236.0,4.79,,,,,
2010,1,2,DET,False,DT,DL,D,Nebraska,23.0,2022.0,3,5,12,59.0,Ndamukong Suh,DT,Nebraska,76.0,307.0,5.03,32.0,35.5,105.0,7.21,4.44
2010,1,3,TAM,False,DT,DL,D,Oklahoma,22.0,2021.0,1,6,10,65.0,Gerald McCoy,DT,Oklahoma,76.0,295.0,5.04,23.0,30.5,114.0,7.32,4.48
2010,1,4,WAS,False,T,OL,O,Oklahoma,22.0,2025.0,3,12,14,47.0,Trent Williams,OT,Oklahoma,77.0,315.0,4.81,23.0,34.5,113.0,7.64,4.63
2010,1,5,KAN,False,DB,DB,D,Tennessee,21.0,2018.0,3,5,5,50.0,Eric Berry,S,Tennessee,72.0,211.0,4.4,19.0,43.0,130.0,6.8,4.23
2010,1,6,SEA,False,T,OL,O,Oklahoma St.,21.0,2020.0,0,2,9,31.0,Russell Okung,OT,Oklahoma State,77.0,307.0,5.18,38.0,,,,
2010,1,7,CLE,False,DB,DB,D,Florida,21.0,2021.0,0,3,10,39.0,Joe Haden,CB,Florida,71.0,193.0,4.52,18.0,35.0,125.0,6.94,4.34
2010,1,8,OAK,False,LB,LB,D,Alabama,21.0,2015.0,0,0,5,15.0,Rolando McClain,ILB,Alabama,75.0,254.0,4.68,24.0,,,,
2010,1,9,BUF,False,RB,RB,O,Clemson,23.0,2017.0,0,1,3,32.0,C.J. Spiller,RB,Clemson,71.0,196.0,4.37,18.0,,,,
2010,1,10,JAX,False,DT,DL,D,California,23.0,2023.0,0,0,7,33.0,Tyson Alualu,DE,California,74.0,295.0,4.87,21.0,35.5,116.0,7.15,4.43
2010,1,11,SFO,False,T,OL,O,Rutgers,20.0,2016.0,0,0,4,31.0,Anthony Davis,OT,Rutgers,77.0,323.0,5.36,21.0,33.0,99.0,8.17,4.97
2010,1,12,SDG,False,RB,RB,O,Fresno St.,22.0,2016.0,0,1,5,37.0,Ryan Mathews,RB,Fresno State,72.0,218.0,4.37,19.0,36.0,121.0,7.0,4.33
2010,1,13,PHI,False,DE,DL,D,Michigan,22.0,2025.0,0,1,6,59.0,Brandon Graham,OLB,Michigan,73.0,268.0,4.71,31.0,,,,
2010,1,14,SEA,False,DB,DB,D,Texas,21.0,2019.0,3,7,9,76.0,Earl Thomas,CB,Texas,70.0,208.0,4.43,21.0,,113.0,,
2010,1,15,NYG,False,DE,DL,D,South Florida,21.0,2025.0,1,3,11,46.0,Jason Pierre-Paul,DE,South Florida,77.0,270.0,4.71,19.0,30.5,115.0,7.18,4.67
2010,1,16,TEN,False,DE,DL,D,Georgia Tech,21.0,2018.0,0,0,8,40.0,Derrick Morgan,DE,Georgia Tech,75.0,266.0,4.77,,34.0,112.0,7.12,4.43
2010,1,17,SFO,False,G,OL,O,Idaho,23.0,2020.0,1,4,10,42.0,Mike Iupati,OG,Idaho,77.0,331.0,5.24,27.0,27.5,92.0,7.85,4.93
2010,1,18,PIT,False,C,OL,O,Florida,21.0,2020.0,2,9,9,78.0,Maurkice Pouncey,C,Florida,76.0,304.0,5.25,,,95.0,7.74,4.92
2010,1,19,ATL,False,LB,LB,D,Missouri,22.0,2017.0,0,0,2,22.0,Sean Weatherspoon,OLB,Missouri,73.0,239.0,4.62,34.0,40.0,123.0,6.99,4.38
2010,1,20,HOU,False,DB,DB,D,Alabama,22.0,2024.0,0,0,12,30.0,Kareem Jackson,CB,Alabama,70.0,196.0,4.4,13.0,37.5,118.0,6.92,4.14
2010,1,21,CIN,False,TE,TE,O,Oklahoma,22.0,2018.0,0,2,9,22.0,Jermaine Gresham,TE,Oklahoma,77.0,261.0,4.66,20.0,35.0,113.0,7.07,4.53
2010,1,22,DEN,False,WR,WR,O,Georgia Tech,22.0,2019.0,0,5,8,65.0,Demaryius Thomas,WR,Georgia Tech,75.0,224.0,4.52,,,,,
2010,1,23,GNB,False,T,OL,O,Iowa,21.0,2021.0,0,0,9,53.0,Bryan Bulaga,OT,Iowa,77.0,314.0,5.2,26.0,27.5,98.0,7.7,4.75
2010,1,24,DAL,False,WR,WR,O,Oklahoma St.,21.0,2020.0,1,3,7,61.0,Dez Bryant,WR,Oklahoma State,74.0,225.0,4.52,,,,,
2010,1,25,DEN,False,QB,QB,O,Florida,23.0,2012.0,0,0,1,11.0,Tim Tebow,QB,Florida,75.0,236.0,4.71,,38.5,115.0,6.66,4.17
2010,1,26,ARI,False,DT,DL,D,Tennessee,23.0,2016.0,0,0,6,20.0,Dan Williams,DT,Tennessee,74.0,327.0,5.19,27.0,32.0,96.0,7.88,4.87
2010,1,27,NWE,False,DB,DB,D,Rutgers,23.0,2022.0,0,2,13,71.0,Devin McCourty,CB,Rutgers,71.0,193.0,4.38,16.0,36.0,126.0,6.7,4.07
2010,1,28,MIA,False,DE,DL,D,Penn St.,22.0,2016.0,0,0,3,20.0,Jared Odrick,DT,Penn State,77.0,304.0,5.03,26.0,29.0,106.0,7.22,4.59
2010,1,29,NYJ,False,DB,DB,D,Boise St.,23.0,2015.0,0,0,2,14.0,Kyle Wilson,CB,Boise State,70.0,194.0,4.43,25.0,,,,
2010,1,30,DET,False,RB,RB,O,California,21.0,2011.0,0,0,2,13.0,Jahvid Best,RB,California,70.0,199.0,4.34,18.0,32.5,113.0,6.75,4.17
2010,1,31,IND,False,DE,DL,D,TCU,22.0,2024.0,0,0,9,3.0,Jerry Hughes,OLB,TCU,74.0,255.0,4.65,26.0,34.5,118.0,6.99,4.15
2010,1,32,NOR,False,DB,DB,D,Florida St.,23.0,2020.0,0,0,1,15.0,Patrick Robinson,CB,Florida State,71.0,190.0,4.46,15.0,39.0,122.0,6.78,
2010,2,33,STL,False,T,OL,O,Indiana,22.0,2022.0,0,2,11,41.0,Rodger Saffold,OT,Indiana,77.0,316.0,5.21,27.0,29.5,113.0,7.42,4.67
2010,2,34,MIN,False,DB,DB,D,Virginia,23.0,2014.0,0,0,2,10.0,Chris Cook,CB,Virginia,74.0,212.0,4.45,7.0,38.0,132.0,6.88,4.23
2010,2,35,TAM,False,DT,DL,D,UCLA,21.0,2011.0,0,0,1,4.0,Brian Price,DT,UCLA,73.0,303.0,5.12,34.0,28.5,96.0,,
2010,2,36,KAN,False,WR,WR,O,Mississippi,21.0,2016.0,0,1,1,17.0,Dexter McCluster,WR,Mississippi,69.0,172.0,4.53,20.0,37.5,118.0,,4.06
2010,2,37,PHI,False,DB,DB,D,South Florida,22.0,2017.0,0,0,5,25.0,Nate Allen,S,South Florida,72.0,207.0,4.5,16.0,,,,
2010,2,38,CLE,False,DB,DB,D,Oregon,23.0,2017.0,0,3,7,24.0,T.J. Ward,S,Oregon,70.0,211.0,4.56,19.0,34.0,121.0,,
2010,2,39,TAM,False,WR,WR,O,Illinois,21.0,2017.0,0,0,2,7.0,Arrelious Benn,WR,Illinois,73.0,219.0,4.57,20.0,37.0,118.0,,
2010,2,40,MIA,False,LB,LB,D,Utah,23.0,2016.0,0,0,6,30.0,Koa Misi,OLB,Utah,75.0,251.0,4.75,,38.0,127.0,7.07,4.27
2010,2,41,BUF,False,DT,DL,D,Central Florida,21.0,2011.0,0,0,0,2.0,Torell Troup,DT,Central Florida,75.0,314.0,5.12,34.0,29.0,98.0,7.61,4.73
2010,2,42,NWE,False,TE,TE,O,Arizona,21.0,2021.0,4,5,11,70.0,Rob Gronkowski,TE,Arizona,78.0,264.0,4.68,23.0,,,,
2010,2,43,BAL,False,LB,LB,D,Texas,22.0,2012.0,0,0,0,0.0,Sergio Kindle,OLB,Texas,75.0,250.0,4.65,25.0,36.5,118.0,7.26,4.53
2010,2,44,OAK,False,DE,DL,D,Texas,23.0,2017.0,0,0,5,25.0,Lamarr Houston,DT,Texas,75.0,305.0,4.84,30.0,33.5,114.0,7.61,4.71
2010,2,45,DEN,False,G,OL,O,Utah,23.0,2018.0,0,1,7,32.0,Zane Beadles,OG,Utah,76.0,310.0,5.28,27.0,,,,
2010,2,46,NYG,False,DT,DL,D,East Carolina,21.0,2024.0,0,2,11,16.0,Linval Joseph,DT,East Carolina,76.0,328.0,5.09,39.0,30.0,100.0,8.12,4.71
2010,2,47,ARI,False,LB,LB,D,TCU,23.0,2013.0,0,1,4,34.0,Daryl Washington,OLB,TCU,74.0,230.0,4.58,17.0,31.0,114.0,,
2010,2,48,CAR,False,QB,QB,O,Notre Dame,22.0,2015.0,0,0,1,0.0,Jimmy Clausen,QB,Notre Dame,75.0,222.0,4.76,,,,,
2010,2,49,SFO,False,DB,DB,D,USC,22.0,2015.0,0,0,0,3.0,Taylor Mays,S,USC,75.0,230.0,4.31,24.0,41.0,125.0,,
2010,2,50,KAN,False,DB,DB,D,Alabama,22.0,2014.0,0,0,1,8.0,Javier Arenas,CB,Alabama,69.0,197.0,4.6,,,112.0,,
2010,2,51,MIN,False,RB,RB,O,Stanford,23.0,2015.0,0,0,0,13.0,Toby Gerhart,RB,Stanford,72.0,231.0,4.5,22.0,38.0,118.0,6.94,4.25
2010,2,52,PIT,False,DE,DL,D,Virginia Tech,22.0,2014.0,0,0,2,22.0,Jason Worilds,OLB,Virginia Tech,73.0,254.0,4.65,24.0,38.0,114.0,6.95,4.29
2010,2,53,NWE,False,LB,LB,D,Florida,22.0,2013.0,0,0,1,8.0,Jermaine Cunningham,DE,Florida,75.0,266.0,4.89,,,,,
2010,2,54,CIN,False,DE,DL,D,Florida,21.0,2022.0,0,2,7,62.0,Carlos Dunlap,DE,Florida,78.0,277.0,4.68,21.0,31.5,111.0,7.21,4.61
2010,2,55,DAL,False,LB,LB,D,Penn St.,24.0,2020.0,1,2,7,53.0,Sean Lee,ILB,Penn State,74.0,236.0,4.71,24.0,37.5,120.0,,
2010,2,56,GNB,False,DE,DL,D,Purdue,23.0,2015.0,0,0,2,17.0,Mike Neal,DT,Purdue,75.0,294.0,4.87,31.0,33.0,113.0,7.53,4.53
2010,2,57,BAL,False,DT,DL,D,Alabama,22.0,2014.0,0,0,1,14.0,Terrence Cody,DT,Alabama,76.0,354.0,5.71,,20.5,90.0,8.19,5.03
2010,2,58,HOU,False,RB,RB,O,Auburn,22.0,2014.0,0,0,0,13.0,Ben Tate,RB,Auburn,71.0,220.0,4.34,26.0,40.5,124.0,6.91,4.12
2010,2,59,CLE,False,RB,RB,O,Tennessee,23.0,2012.0,0,0,0,4.0,Montario Hardesty,RB,Tennessee,72.0,225.0,4.49,21.0,41.0,124.0,6.87,4.14
2010,2,60,SEA,False,WR,WR,O,Notre Dame,22.0,2020.0,0,1,7,17.0,Golden Tate,WR,Notre Dame,70.0,199.0,4.42,17.0,35.0,120.0,7.12,4.34
2010,2,61,NYJ,False,T,OL,O,Massachusetts,22.0,2018.0,0,0,4,3.0,Vladimir Ducasse,OT,Massachusetts,76.0,332.0,5.21,29.0,26.0,91.0,8.25,4.97
2010,2,62,NWE,False,LB,LB,D,Florida,23.0,2016.0,0,0,5,19.0,Brandon Spikes,ILB,Florida,75.0,249.0,5.05,,29.0,111.0,6.97,
2010,2,63,IND,False,LB,LB,D,Iowa,23.0,2013.0,0,0,3,18.0,Pat Angerer,ILB,Iowa,72.0,235.0,4.71,26.0,35.0,110.0,7.04,4.29
2010,2,64,NOR,False,T,OL,O,USC,23.0,2015.0,0,0,1,15.0,Charles Brown,OT,USC,77.0,303.0,5.21,21.0,31.5,,,
2010,3,65,STL,False,DB,DB,D,South Florida,23.0,2013.0,0,0,0,2.0,Jerome Murphy,CB,South Florida,72.0,196.0,4.5,16.0,38.0,127.0,6.87,4.05
2010,3,66,DET,False,DB,DB,D,Iowa,22.0,2012.0,0,0,2,11.0,Amari Spievey,CB,Iowa,71.0,195.0,4.52,,35.0,116.0,,
2010,3,67,TAM,False,DB,DB,D,Vanderbilt,22.0,2012.0,0,0,0,1.0,Myron Lewis,S,Vanderbilt,74.0,203.0,4.42,10.0,37.0,126.0,,
2010,3,68,KAN,False,G,OL,O,Illinois,22.0,2014.0,0,0,4,13.0,Jon Asamoah,OG,Illinois,76.0,305.0,5.07,,,,,
2010,3,69,OAK,False,T,OL,O,Hillsdale,23.0,2020.0,0,0,8,20.0,Jared Veldheer,OT,Hillsdale,80.0,312.0,5.06,32.0,33.5,109.0,7.4,4.51
2010,3,70,BAL,False,TE,TE,O,Oregon,23.0,2018.0,0,0,7,9.0,Ed Dickson,TE,Oregon,76.0,249.0,4.59,23.0,34.0,115.0,7.32,4.59
2010,3,71,GNB,False,DB,DB,D,Georgia Tech,21.0,2019.0,0,0,8,30.0,Morgan Burnett,S,Georgia Tech,73.0,209.0,4.51,16.0,,,,
2010,3,72,BUF,False,DE,DL,D,Arkansas St.,23.0,2015.0,0,0,1,6.0,Alex Carrington,DE,Arkansas State,77.0,285.0,4.92,26.0,,,,
2010,3,73,MIA,False,T,OL,O,Mississippi,24.0,2019.0,0,0,6,17.0,John Jerry,OT,Mississippi,77.0,328.0,5.15,,27.5,101.0,7.93,4.69
2010,3,74,JAX,False,DT,DL,D,Louisiana Tech,22.0,2015.0,0,0,0,1.0,D'Anthony Smith,DT,Louisiana Tech,74.0,304.0,5.01,,,,,
2010,3,75,CHI,False,DB,DB,D,Florida,22.0,2016.0,0,0,3,17.0,Major Wright,S,Florida,71.0,206.0,4.44,14.0,37.5,119.0,6.95,4.36
2010,3,76,NYG,False,DB,DB,D,LSU,,,0,0,0,,Chad Jones,S,LSU,74.0,221.0,4.59,9.0,36.0,115.0,6.83,4.14
2010,3,77,TEN,False,WR,WR,O,USC,22.0,2014.0,0,0,1,10.0,Damian Williams,WR,USC,73.0,197.0,4.52,19.0,38.0,118.0,6.79,4.24
2010,3,78,CAR,False,WR,WR,O,LSU,23.0,2018.0,0,0,5,19.0,Brandon LaFell,WR,LSU,74.0,211.0,4.58,,36.0,115.0,6.81,4.23
2010,3,79,SDG,False,LB,LB,D,Washington,21.0,2016.0,0,0,5,26.0,Donald Butler,ILB,Washington,73.0,245.0,4.61,35.0,,,,
2010,3,80,DEN,False,C,OL,O,Baylor,23.0,2015.0,0,0,3,14.0,J.D. Walton,C,Baylor,75.0,300.0,5.19,24.0,27.0,101.0,7.6,4.69
2010,3,81,HOU,False,DT,DL,D,Arizona,22.0,2019.0,0,0,4,10.0,Earl Mitchell,DT,Arizona,74.0,296.0,4.75,25.0,28.5,107.0,7.68,4.55
2010,3,82,PIT,False,WR,WR,O,SMU,23.0,2021.0,0,2,9,11.0,Emmanuel Sanders,WR,SMU,71.0,186.0,4.4,12.0,39.5,126.0,6.64,4.1
2010,3,83,ATL,False,DT,DL,D,Kentucky,22.0,2022.0,0,0,9,23.0,Corey Peters,DT,Kentucky,75.0,300.0,4.98,,33.0,98.0,7.56,4.76
2010,3,84,CIN,False,WR,WR,O,Texas,24.0,2012.0,0,0,0,5.0,Jordan Shipley,WR,Texas,71.0,193.0,4.6,16.0,36.5,116.0,,
2010,3,85,CLE,False,QB,QB,O,Texas,24.0,2022.0,0,0,2,9.0,Colt McCoy,QB,Texas,73.0,216.0,4.79,,,114.0,,
2010,3,86,PHI,False,DE,DL,D,Washington,23.0,2013.0,0,0,2,1.0,Daniel Te'o-Nesheim,DE,Washington,75.0,263.0,4.73,29.0,37.0,121.0,6.91,4.18
2010,3,87,DEN,False,WR,WR,O,Minnesota,23.0,2017.0,0,0,5,26.0,Eric Decker,WR,Minnesota,75.0,217.0,4.54,15.0,,,,
2010,3,88,ARI,False,WR,WR,O,The Citadel,22.0,2022.0,1,3,2,14.0,Andre Roberts,WR,Citadel,71.0,195.0,4.4,15.0,36.0,120.0,6.77,4.15
2010,3,89,CAR,False,WR,WR,O,Appalachian St.,22.0,2013.0,0,0,0,1.0,Armanti Edwards,WR,Appalachian State,71.0,187.0,4.41,,,,,
2010,3,90,NWE,False,WR,WR,O,Ohio,22.0,2011.0,0,0,0,1.0,Taylor Price,WR,Ohio,72.0,204.0,4.4,16.0,37.0,114.0,6.82,4.34
2010,3,91,SFO,False,LB,LB,D,Penn St.,22.0,2017.0,4,3,5,67.0,Navorro Bowman,OLB,Penn State,72.0,242.0,4.7,26.0,29.5,115.0,6.91,4.59
2010,3,92,CLE,False,G,OL,O,Arizona St.,22.0,2018.0,0,0,7,16.0,Shawn Lauvao,OG,Arizona State,75.0,315.0,5.22,33.0,26.5,101.0,7.56,4.51
2010,3,93,KAN,False,TE,TE,O,Iowa,23.0,2015.0,0,0,2,9.0,Tony Moeaki,TE,Iowa,75.0,245.0,4.69,18.0,34.0,113.0,7.1,4.42
2010,3,94,IND,False,DB,DB,D,USC,23.0,2011.0,0,0,0,2.0,Kevin Thomas,CB,USC,72.0,192.0,4.41,19.0,34.5,126.0,6.82,4.18
2010,3,95,NOR,False,TE,TE,O,Miami (FL),23.0,2023.0,1,5,10,39.0,Jimmy Graham,TE,Miami (FL),78.0,260.0,4.53,,38.5,120.0,6.9,4.45
2010,3,96,CIN,False,DB,DB,D,Wake Forest,23.0,2014.0,0,0,0,1.0,Brandon Ghee,CB,Wake Forest,72.0,192.0,4.37,15.0,37.0,127.0,6.75,4.07
2010,4,97,TEN,False,LB,LB,D,Georgia,21.0,2010.0,0,0,0,1.0,Rennie Curran,OLB,Georgia,71.0,235.0,4.75,25.0,34.5,,,
2010,4,98,ATL,False,G,OL,O,Alabama,23.0,2012.0,0,0,0,2.0,Mike Johnson,OG,Alabama,77.0,312.0,5.37,,25.0,91.0,8.15,5.01
2010,4,99,STL,False,WR,WR,O,Cincinnati,23.0,2012.0,0,0,0,1.0,Mardy Gilyard,WR,Cincinnati,72.0,187.0,4.61,,39.0,116.0,6.92,4.4
2010,4,100,MIN,False,DE,DL,D,USC,22.0,2021.0,0,4,6,66.0,Everson Griffen,DE,USC,75.0,273.0,4.65,32.0,,,,
2010,4,101,TAM,False,WR,WR,O,Syracuse,23.0,2014.0,0,0,3,25.0,Mike Williams,WR,Syracuse,73.0,221.0,4.53,8.0,33.5,116.0,6.9,4.31
2010,4,102,HOU,False,LB,LB,D,Miami (FL),22.0,2014.0,0,0,1,10.0,Darryl Sharpton,ILB,Miami (FL),71.0,236.0,4.81,24.0,,,7.19,4.42
2010,4,103,WAS,False,LB,LB,D,LSU,22.0,2016.0,0,0,6,27.0,Perry Riley,OLB,LSU,73.0,239.0,4.69,,35.5,119.0,6.97,4.25
2010,4,104,TEN,False,DB,DB,D,UCLA,21.0,2017.0,0,1,4,26.0,Alterraun Verner,CB,UCLA,70.0,189.0,4.52,11.0,32.0,116.0,6.7,4.12
2010,4,105,PHI,False,DB,DB,D,Kentucky,24.0,2010.0,0,0,0,1.0,Trevard Lindley,CB,Kentucky,71.0,183.0,4.51,9.0,38.5,116.0,6.81,4.27
2010,4,106,OAK,False,T,OL,O,Maryland,22.0,2012.0,0,0,0,1.0,Bruce Campbell,OT,Maryland,78.0,314.0,4.75,34.0,32.0,101.0,7.58,4.69
2010,4,107,BUF,False,WR,WR,O,Connecticut,22.0,2015.0,0,0,0,1.0,Marcus Easley,WR,Connecticut,75.0,210.0,4.39,16.0,34.0,123.0,6.94,4.6
2010,4,108,OAK,False,WR,WR,O,Clemson,23.0,2013.0,0,0,1,12.0,Jacoby Ford,WR,Clemson,69.0,186.0,4.28,15.0,33.5,115.0,7.0,4.44
2010,4,109,CHI,False,DE,DL,D,Northwestern,23.0,2014.0,0,0,1,12.0,Corey Wootton,DE,Northwestern,78.0,270.0,4.92,20.0,,,,
2010,4,110,SDG,False,DB,DB,D,Kansas,23.0,2016.0,0,1,0,8.0,Darrell Stuckey,S,Kansas,71.0,205.0,4.46,17.0,39.5,120.0,,
2010,4,111,SEA,False,DB,DB,D,Oregon,23.0,2015.0,0,0,1,5.0,Walter Thurmond,CB,Oregon,71.0,189.0,4.53,,,,,
2010,4,112,NYJ,False,RB,RB,O,USC,22.0,2014.0,0,0,0,6.0,Joe McKnight,RB,USC,71.0,198.0,4.4,18.0,36.5,120.0,,
2010,4,113,NWE,False,TE,TE,O,Florida,20.0,2012.0,0,0,2,21.0,Aaron Hernandez,TE,Florida,74.0,245.0,4.64,,,,,
2010,4,114,BAL,False,TE,TE,O,BYU,25.0,2016.0,0,0,1,16.0,Dennis Pitta,TE,BYU,76.0,245.0,4.68,27.0,34.0,113.0,6.72,4.17
2010,4,115,NYG,False,LB,LB,D,Nebraska,23.0,2010.0,0,0,0,0.0,Phillip Dillard,ILB,Nebraska,72.0,245.0,4.65,,31.5,106.0,7.16,4.43
2010,4,116,PIT,False,DE,DL,D,Ohio St.,22.0,2011.0,0,0,0,,Thaddeus Gibson,OLB,Ohio State,74.0,243.0,4.78,32.0,32.0,115.0,6.84,4.27
2010,4,117,ATL,False,C,OL,O,UNLV,21.0,2017.0,0,0,3,13.0,Joe Hawley,C,UNLV,75.0,297.0,5.21,35.0,26.0,105.0,7.5,4.73
2010,4,118,HOU,False,TE,TE,O,Wisconsin,24.0,2015.0,0,0,2,7.0,Garrett Graham,TE,Wisconsin,75.0,243.0,4.71,20.0,34.5,112.0,7.09,4.35
2010,4,119,MIA,False,LB,LB,D,Iowa,22.0,2014.0,0,0,0,,A.J. Edds,OLB,Iowa,76.0,246.0,4.62,16.0,33.0,117.0,7.19,4.28
2010,4,120,CIN,False,DT,DL,D,Georgia,22.0,2020.0,2,8,9,89.0,Geno Atkins,DT,Georgia,73.0,293.0,4.75,34.0,33.0,117.0,7.33,4.43
2010,4,121,PHI,False,LB,LB,D,Oklahoma,23.0,2012.0,0,0,0,2.0,Keenan Clayton,OLB,Oklahoma,73.0,229.0,4.59,27.0,41.5,124.0,,
2010,4,122,PHI,False,QB,QB,O,Northwestern,23.0,2011.0,0,0,0,0.0,Mike Kafka,QB,Northwestern,75.0,225.0,4.93,,32.0,110.0,6.96,4.37
2010,4,123,NOR,False,DT,DL,D,LSU,23.0,2023.0,0,0,6,,Al Woods,DT,LSU,76.0,309.0,5.15,,37.0,109.0,7.45,4.67
2010,4,124,CAR,False,LB,LB,D,South Carolina,22.0,2011.0,0,0,0,2.0,Eric Norwood,OLB,South Carolina,73.0,245.0,4.71,,36.5,115.0,7.08,4.23
2010,4,125,PHI,False,TE,TE,O,Missouri State,23.0,2016.0,0,0,2,3.0,Clay Harbor,FB,Missouri State,75.0,252.0,4.62,30.0,40.0,120.0,,4.37
2010,4,126,DAL,False,DB,DB,D,Indiana (PA),22.0,2013.0,0,0,0,0.0,Akwasi Owusu-Ansah,CB,Indiana (PA),72.0,207.0,4.32,,35.5,120.0,6.84,4.32
2010,4,127,SEA,False,DE,DL,D,North Carolina,22.0,2010.0,0,0,0,0.0,E.J. Wilson,DE,North Carolina,74.0,286.0,4.97,23.0,29.5,,,
2010,4,128,DET,False,T,OL,O,Miami (FL),22.0,2015.0,0,0,1,2.0,Jason Fox,OT,Miami (FL),79.0,303.0,5.45,23.0,,,,
2010,5,129,IND,False,G,OL,O,Tennessee,22.0,2015.0,0,0,0,0.0,,,,,,,,,,,
2010,5,130,ARI,False,DE,DL,D,Wisconsin,23.0,2016.0,0,0,2,8.0,O'Brien Schofield,OLB,Wisconsin,74.0,221.0,4.63,,,,,
2010,5,131,CIN,False,LB,LB,D,Texas,23.0,2012.0,0,0,0,1.0,Roddrick Muckelroy,OLB,Texas,74.0,246.0,4.68,19.0,31.0,110.0,7.25,4.39
2010,5,132,STL,False,TE,TE,O,Illinois,22.0,2017.0,0,0,3,1.0,Michael Hoomanawanui,TE,Illinois,76.0,264.0,4.77,25.0,,,,
2010,5,133,SEA,False,DB,DB,D,Virginia Tech,22.0,2017.0,0,4,7,49.0,Kam Chancellor,S,Virginia Tech,75.0,231.0,4.62,22.0,32.0,116.0,7.36,4.41
2010,5,134,PHI,False,DE,DL,D,Clemson,23.0,2014.0,0,0,0,,Ricky Sapp,OLB,Clemson,76.0,252.0,4.65,23.0,34.0,114.0,7.29,4.41
2010,5,135,ATL,False,DB,DB,D,Oklahoma,22.0,2014.0,0,0,0,5.0,Dominique Franks,CB,Oklahoma,71.0,194.0,4.46,10.0,33.5,117.0,7.32,4.33
2010,5,136,KAN,False,DB,DB,D,Mississippi,22.0,2018.0,0,0,6,18.0,Kendrick Lewis,S,Mississippi,72.0,198.0,4.73,16.0,31.5,116.0,6.88,4.33
2010,5,137,DEN,False,DB,DB,D,Oklahoma St.,23.0,2016.0,0,0,4,3.0,Perrish Cox,CB,Oklahoma State,71.0,195.0,4.58,12.0,32.5,113.0,,
2010,5,138,OAK,False,DB,DB,D,Auburn,23.0,2010.0,0,0,0,0.0,,,,,,,,,,,
2010,5,139,NYJ,False,RB,RB,O,Kentucky,23.0,2014.0,0,0,1,0.0,John Conner,FB,Kentucky,71.0,246.0,4.64,24.0,35.0,111.0,7.15,4.32
2010,5,140,BUF,False,T,OL,O,Virginia Tech,23.0,2010.0,0,0,0,0.0,Ed Wang,OT,Virginia Tech,77.0,314.0,5.18,29.0,27.0,96.0,,4.7
2010,5,141,CHI,False,DB,DB,D,Kansas St.,22.0,2010.0,0,0,0,0.0,Joshua Moore,CB,Kansas State,71.0,188.0,4.5,2.0,36.5,122.0,6.74,4.07
2010,5,142,KAN,False,DE,DL,D,Troy,22.0,2012.0,0,0,0,1.0,Cameron Sheffield,OLB,Troy,74.0,257.0,4.92,,33.0,115.0,7.23,4.53
2010,5,143,JAX,False,DE,DL,D,Central Arkansas,23.0,2010.0,0,0,0,1.0,,,,,,,,,,,
2010,5,144,HOU,False,DB,DB,D,Northwestern,22.0,2020.0,0,0,0,2.0,Sherrick McManis,CB,Northwestern,71.0,195.0,4.48,,,,,
2010,5,145,MIA,False,DB,DB,D,Maryland,23.0,2017.0,0,0,4,11.0,Nolan Carroll,CB,Maryland,71.0,204.0,4.42,,,,,
2010,5,146,SDG,False,DT,DL,D,North Carolina,23.0,2017.0,0,0,2,9.0,Cam Thomas,DT,North Carolina,76.0,330.0,5.16,31.0,29.0,102.0,7.68,4.78
2010,5,147,NYG,False,G,OL,O,Arkansas,23.0,2012.0,0,0,0,4.0,Mitch Petrus,OG,Arkansas,75.0,310.0,5.34,45.0,,,,
2010,5,148,TEN,False,DB,DB,D,Utah,23.0,2012.0,0,0,0,2.0,,,,,,,,,,,
2010,5,149,STL,False,DE,DL,D,Louisiana,23.0,2012.0,0,0,0,,Hall Davis,DE,Louisiana-Lafayette,76.0,271.0,4.84,28.0,,,,
2010,5,150,NWE,False,P,P,S,Michigan,24.0,2013.0,0,0,0,6.0,Zoltan Mesko,P,Michigan,76.0,240.0,4.79,16.0,,,,
2010,5,151,PIT,False,G,OL,O,Tennessee,23.0,2016.0,0,0,0,0.0,Chris Scott,OG,Tennessee,77.0,319.0,5.52,19.0,22.5,90.0,8.24,5.03
2010,5,152,CIN,False,T,OL,O,Eastern Illinois,24.0,,0,0,0,,,,,,,,,,,,
2010,5,153,JAX,False,DE,DL,D,Murray St.,22.0,2013.0,0,0,2,7.0,,,,,,,,,,,
2010,5,154,GNB,False,TE,TE,O,Penn St.,21.0,2015.0,0,0,2,9.0,Andrew Quarless,TE,Penn State,76.0,254.0,4.68,23.0,32.0,112.0,,
2010,5,155,ARI,False,QB,QB,O,Fordham,22.0,2012.0,0,0,1,4.0,John Skelton,QB,Fordham,77.0,243.0,4.85,,33.5,108.0,7.17,4.33
2010,5,156,BAL,False,WR,WR,O,Utah,23.0,2013.0,0,0,0,2.0,David Reed,WR,Utah,72.0,191.0,4.56,15.0,37.0,114.0,6.95,4.38
2010,5,157,BAL,False,DE,DL,D,Syracuse,24.0,2017.0,0,0,2,14.0,Arthur Jones,DT,Syracuse,75.0,301.0,5.04,,,,,
2010,5,158,NOR,False,C,OL,O,Boston Col.,23.0,2012.0,0,0,0,2.0,Matt Tennant,C,Boston Col.,77.0,300.0,5.15,27.0,25.0,98.0,7.6,4.62
2010,5,159,PHI,False,WR,WR,O,Florida,22.0,2015.0,0,0,3,17.0,Riley Cooper,WR,Florida,75.0,222.0,4.53,,33.0,114.0,,
2010,5,160,CLE,False,DB,DB,D,Nebraska,22.0,2015.0,0,0,0,,Larry Asante,S,Nebraska,72.0,212.0,4.62,14.0,37.5,118.0,7.0,4.17
2010,6,161,MIN,False,G,OL,O,Wake Forest,23.0,2010.0,0,0,0,2.0,Chris DeGeare,OG,Wake Forest,76.0,325.0,5.12,27.0,32.5,103.0,7.84,4.9
2010,6,162,IND,False,TE,TE,O,Oklahoma,23.0,2011.0,0,0,2,0.0,Brody Eldridge,TE,Oklahoma,77.0,261.0,4.72,,31.5,,,
2010,6,163,MIA,False,DB,DB,D,Georgia,22.0,2019.0,0,2,8,44.0,Reshad Jones,S,Georgia,73.0,214.0,4.51,24.0,39.5,118.0,7.43,4.54
2010,6,164,PIT,False,DB,DB,D,Clemson,23.0,2016.0,0,0,0,0.0,Crezdon Butler,CB,Clemson,72.0,191.0,4.43,17.0,39.5,121.0,7.08,4.23
2010,6,165,ATL,False,WR,WR,O,Kansas,23.0,2011.0,0,0,0,0.0,Kerry Meier,WR,Kansas,74.0,224.0,4.62,13.0,35.0,115.0,,4.23
2010,6,166,PIT,False,LB,LB,D,Utah,22.0,2013.0,0,0,0,6.0,Stevenson Sylvester,OLB,Utah,74.0,231.0,4.71,23.0,,,,
2010,6,167,MIN,False,LB,LB,D,Minnesota,23.0,2011.0,0,0,0,,Nate Triplett,OLB,Minnesota,75.0,250.0,4.7,20.0,33.0,115.0,7.02,4.37
2010,6,168,SDG,False,QB,QB,O,Tennessee,23.0,,0,0,0,,,,,,,,,,,,
2010,6,169,GNB,False,G,OL,O,TCU,21.0,2020.0,0,0,4,20.0,Marshall Newhouse,OG,TCU,76.0,319.0,4.99,25.0,25.0,97.0,7.4,4.6
2010,6,170,STL,False,TE,TE,O,Arizona,23.0,2011.0,0,0,0,0.0,,,,,,,,,,,
2010,6,171,ATL,False,DB,DB,D,Montana,24.0,2013.0,0,0,0,2.0,,,,,,,,,,,
2010,6,172,TAM,False,P,P,S,Virginia Tech,,,0,0,0,,Brent Bowden,P,Virginia Tech,74.0,202.0,4.8,,,,,
2010,6,173,SFO,False,RB,RB,O,Mississippi St.,22.0,2015.0,0,0,0,3.0,Anthony Dixon,RB,Mississippi State,73.0,233.0,4.67,15.0,33.0,121.0,7.09,4.49
2010,6,174,WAS,False,RB,RB,O,Louisiana Tech,,,0,0,0,,,,,,,,,,,,
2010,6,175,CAR,False,DE,DL,D,Mississippi,22.0,2015.0,0,1,4,27.0,Greg Hardy,DE,Mississippi,76.0,281.0,4.82,21.0,35.0,117.0,7.25,4.65
2010,6,176,TEN,False,QB,QB,O,Florida Atlantic,23.0,2012.0,0,0,0,1.0,,,,,,,,,,,
2010,6,177,CLE,False,WR,WR,O,South Florida,22.0,2011.0,0,0,0,0.0,Carlton Mitchell,WR,South Florida,75.0,215.0,4.46,16.0,36.0,122.0,6.96,4.55
2010,6,178,BUF,False,LB,LB,D,James Madison,22.0,2017.0,0,0,3,10.0,Arthur Moats,OLB,James Madison,72.0,246.0,4.64,24.0,36.5,122.0,7.22,4.37
2010,6,179,DAL,False,T,OL,O,Notre Dame,23.0,2020.0,0,0,1,0.0,Sam Young,OT,Notre Dame,80.0,316.0,5.2,29.0,29.5,104.0,7.73,4.87
2010,6,180,JAX,False,RB,RB,O,Southern Illinois,23.0,2013.0,0,0,0,3.0,,,,,,,,,,,
2010,6,181,CHI,False,QB,QB,O,Central Michigan,23.0,,0,0,0,,Dan LeFevour,QB,Central Michigan,75.0,230.0,4.6,,29.5,110.0,6.93,4.22
2010,6,182,SFO,False,TE,TE,O,Pittsburgh,22.0,2013.0,0,0,0,0.0,Nate Byham,TE,Pittsburgh,76.0,268.0,4.97,,29.0,109.0,,
2010,6,183,DEN,False,C,OL,O,Notre Dame,22.0,2014.0,0,0,0,0.0,Eric Olsen,C,Notre Dame,76.0,306.0,5.25,35.0,29.5,93.0,7.5,4.82
2010,6,184,NYG,False,DE,DL,D,William & Mary,23.0,2012.0,0,0,0,1.0,Adrian Tracy,OLB,William & Mary,75.0,248.0,4.76,20.0,35.5,110.0,7.08,4.34
2010,6,185,SEA,False,TE,TE,O,USC,22.0,2015.0,0,0,1,4.0,Anthony McCoy,TE,USC,76.0,259.0,4.71,19.0,35.5,113.0,6.99,4.57
2010,6,186,CLE,False,DE,DL,D,South Carolina,22.0,2014.0,0,0,0,,Clifton Geathers,DE,South Carolina,79.0,299.0,4.98,26.0,36.0,112.0,7.69,
2010,6,187,HOU,False,G,OL,O,Colorado St.,23.0,2014.0,0,0,0,,Shelley Smith,OG,Colorado State,75.0,300.0,5.03,26.0,34.0,112.0,7.67,4.71
2010,6,188,PIT,False,RB,RB,O,Georgia Tech,21.0,2014.0,0,0,1,8.0,Jonathan Dwyer,RB,Georgia Tech,71.0,229.0,4.64,15.0,33.0,107.0,7.56,4.67
2010,6,189,STL,False,DE,DL,D,West Texas A&M,24.0,2016.0,0,0,1,17.0,,,,,,,,,,,
2010,6,190,OAK,False,LB,LB,D,Arizona St.,23.0,2012.0,0,0,0,1.0,Travis Goethel,ILB,Arizona State,74.0,240.0,4.81,21.0,35.0,111.0,6.93,4.54
2010,6,191,CIN,False,WR,WR,O,Kansas,21.0,2012.0,0,0,0,,Dezmon Briscoe,WR,Kansas,74.0,207.0,4.66,9.0,33.0,115.0,7.1,4.57
2010,6,192,BUF,False,DE,DL,D,South Dakota St.,22.0,2011.0,0,0,0,2.0,,,,,,,,,,,
2010,7,193,GNB,False,RB,RB,O,Buffalo,24.0,2016.0,0,0,0,26.0,James Starks,RB,Buffalo,74.0,218.0,4.5,15.0,36.0,119.0,6.89,4.23
2010,7,194,BAL,False,T,OL,O,Morehouse,23.0,2012.0,0,0,0,2.0,,,,,,,,,,,
2010,7,195,PIT,False,WR,WR,O,Central Michigan,22.0,2021.0,4,7,7,86.0,Antonio Brown,WR,Central Michigan,70.0,186.0,4.56,13.0,33.5,105.0,6.98,4.18
2010,7,196,DAL,False,DB,DB,D,Texas Tech,22.0,2010.0,0,0,0,,Jamar Wall,CB,Texas Tech,70.0,204.0,4.52,15.0,,,,
2010,7,197,HOU,False,WR,WR,O,LSU,24.0,2014.0,0,0,0,0.0,Trindon Holliday,WR,LSU,65.0,166.0,4.34,10.0,42.0,116.0,6.54,4.48
2010,7,198,CAR,False,WR,WR,O,Baylor,23.0,2012.0,0,0,1,3.0,David Gettis,WR,Baylor,75.0,217.0,4.43,15.0,34.5,124.0,6.94,4.41
2010,7,199,MIN,False,WR,WR,O,Ala-Birmingham,23.0,2020.0,0,0,0,4.0,,,,,,,,,,,
2010,7,200,PHI,False,RB,RB,O,LSU,,,0,0,0,,Charles Scott,RB,LSU,71.0,238.0,4.68,,30.5,111.0,6.98,4.47
2010,7,201,ARI,False,DB,DB,D,Troy,23.0,2010.0,0,0,0,,,,,,,,,,,,
2010,7,202,CAR,False,DB,DB,D,Texas A&M,22.0,2013.0,0,0,0,3.0,,,,,,,,,,,
2010,7,203,JAX,False,DB,DB,D,James Madison,,,0,0,0,,,,,,,,,,,,
2010,7,204,CAR,False,QB,QB,O,Cincinnati,24.0,2010.0,0,0,0,0.0,Tony Pike,QB,Cincinnati,78.0,223.0,4.9,,28.5,108.0,7.06,4.53
2010,7,205,NWE,False,C,OL,O,North Carolina St.,23.0,2020.0,0,0,5,,Ted Larsen,C,North Carolina State,75.0,304.0,5.19,26.0,24.0,96.0,7.81,4.66
2010,7,206,SFO,False,WR,WR,O,Arizona St.,22.0,2013.0,0,0,0,6.0,Kyle Williams,WR,Arizona State,70.0,188.0,4.4,11.0,33.0,118.0,7.0,4.19
2010,7,207,TEN,False,DB,DB,D,Florida St.,,,0,0,0,,Myron Rolle,S,Florida State,74.0,215.0,4.59,21.0,36.0,124.0,6.94,4.15
2010,7,208,NWE,False,T,OL,O,Vanderbilt,23.0,2013.0,0,0,0,1.0,Thomas Welch,OT,Vanderbilt,78.0,307.0,5.42,29.0,29.0,105.0,7.67,4.8
2010,7,209,BUF,False,QB,QB,O,Troy,23.0,2010.0,0,0,0,0.0,Levi Brown,QB,Troy,75.0,229.0,4.93,20.0,31.5,106.0,7.07,4.43
2010,7,210,TAM,False,DB,DB,D,Virginia Tech,23.0,2012.0,0,0,1,5.0,Cody Grimm,S,Virginia Tech,71.0,203.0,4.55,11.0,35.5,117.0,6.58,
2010,7,211,STL,False,DB,DB,D,Alabama,22.0,2011.0,0,0,0,0.0,,,,,,,,,,,
2010,7,212,MIA,False,DE,DL,D,Middle Tenn. St.,,,0,0,0,,,,,,,,,,,,
2010,7,213,DET,False,DE,DL,D,North Carolina St.,24.0,2017.0,0,0,2,10.0,Willie Young,DE,North Carolina State,77.0,251.0,4.88,25.0,38.0,118.0,7.24,4.56
2010,7,214,MIN,False,TE,TE,O,Penn St.,23.0,2015.0,0,0,0,,,,,,,,,,,,
2010,7,215,OAK,False,DB,DB,D,Michigan St.,23.0,2010.0,0,0,0,1.0,,,,,,,,,,,
2010,7,216,BUF,False,T,OL,O,Iowa,,,0,0,0,,Kyle Calloway,OT,Iowa,78.0,323.0,5.46,22.0,23.5,92.0,7.96,4.86
2010,7,217,TAM,False,LB,LB,D,Florida St.,22.0,2019.0,0,0,0,8.0,Dekoda Watson,OLB,Florida State,73.0,240.0,4.55,24.0,40.0,134.0,7.06,4.11
2010,7,218,CHI,False,T,OL,O,West Texas A&M,22.0,2020.0,0,0,4,17.0,,,,,,,,,,,
2010,7,219,WAS,False,WR,WR,O,UCLA,22.0,2011.0,0,0,0,1.0,,,,,,,,,,,
2010,7,220,PHI,False,LB,LB,D,Mississippi St.,23.0,2014.0,0,0,1,12.0,Jamar Chaney,ILB,Mississippi State,73.0,242.0,4.54,26.0,39.0,124.0,6.9,4.29
2010,7,221,NYG,False,P,P,S,East Carolina,23.0,2010.0,0,0,0,2.0,Matt Dodge,P,East Carolina,73.0,224.0,,,,,,
2010,7,222,TEN,False,WR,WR,O,Montana,23.0,2016.0,0,1,0,3.0,,,,,,,,,,,
2010,7,223,CAR,False,DB,DB,D,Utah,22.0,2014.0,0,0,0,1.0,,,,,,,,,,,
2010,7,224,SFO,False,DB,DB,D,South Carolina St.,22.0,2015.0,0,0,0,1.0,,,,,,,,,,,
2010,8,225,DEN,False,DB,DB,D,California,23.0,2010.0,0,0,0,1.0,Syd'Quan Thompson,CB,California,69.0,186.0,4.75,,33.0,117.0,6.73,4.26
2010,8,226,STL,False,DE,DL,D,South Florida,23.0,2015.0,0,0,2,2.0,George Selvie,DE,South Florida,76.0,252.0,4.93,24.0,30.5,109.0,7.48,4.63
2010,8,227,HOU,False,WR,WR,O,Pittsburgh,22.0,2013.0,0,0,0,0.0,Dorin Dickerson,TE,Pittsburgh,73.0,226.0,4.4,24.0,43.5,125.0,6.96,4.3
2010,8,228,CIN,False,C,OL,O,Iowa St.,23.0,,0,0,0,,,,,,,,,,,,
2010,8,229,WAS,False,C,OL,O,New Mexico,23.0,2011.0,0,0,0,1.0,Erik Cook,C,New Mexico,78.0,318.0,5.55,19.0,25.0,94.0,8.24,4.99
2010,8,230,GNB,False,DE,DL,D,East Carolina,23.0,2016.0,0,0,2,7.0,C.J. Wilson,DE,East Carolina,75.0,290.0,4.83,32.0,33.0,116.0,,4.77
2010,8,231,WAS,False,T,OL,O,West Virginia,24.0,2012.0,0,0,0,,Selvish Capers,OT,West Virginia,77.0,308.0,5.11,19.0,30.5,106.0,7.68,4.68
2010,8,232,DEN,False,DE,DL,D,Indiana,23.0,2011.0,0,0,0,,Jammie Kirlew,DE,Indiana,73.0,260.0,5.05,26.0,33.0,111.0,7.5,4.74
2010,8,233,ARI,False,TE,TE,O,Stanford,23.0,2017.0,0,0,2,2.0,Jim Dray,TE,Stanford,77.0,246.0,4.82,17.0,,,,
2010,8,234,DAL,False,DT,DL,D,William & Mary,22.0,2015.0,0,0,2,5.0,,,,,,,,,,,
2010,8,235,SDG,False,TE,TE,O,Miami (FL),22.0,2012.0,0,0,0,,Dedrick Epps,TE,Miami (FL),75.0,250.0,4.7,19.0,,,,
2010,8,236,SEA,False,LB,LB,D,Arizona St.,23.0,2011.0,0,0,0,1.0,Dexter Davis,OLB,Arizona State,73.0,244.0,4.62,25.0,35.0,109.0,7.08,4.3
2010,8,237,MIN,False,RB,RB,O,Rutgers,23.0,2011.0,0,0,0,0.0,,,,,,,,,,,
2010,8,238,IND,False,DT,DL,D,Cincinnati,23.0,2016.0,0,0,0,5.0,,,,,,,,,,,
2010,8,239,NOR,False,QB,QB,O,Oregon St.,24.0,,0,0,0,,Sean Canfield,QB,Oregon State,76.0,223.0,4.93,,29.5,100.0,7.26,4.39
2010,8,240,IND,False,LB,LB,D,Clemson,23.0,2015.0,0,0,3,15.0,Kavell Conner,OLB,Clemson,72.0,242.0,4.59,24.0,33.5,110.0,7.36,4.6
2010,8,241,TEN,False,DT,DL,D,Brown,,,0,0,0,,,,,,,,,,,,
2010,8,242,PIT,False,DT,DL,D,Ohio St.,23.0,2015.0,0,0,0,,Doug Worthington,DT,Ohio State,77.0,292.0,5.02,19.0,,,,
2010,8,243,PHI,False,DT,DL,D,Georgia,23.0,2010.0,0,0,0,0.0,Jeff Owens,DT,Georgia,73.0,304.0,4.97,44.0,30.0,101.0,,4.68
2010,8,244,PHI,False,DB,DB,D,Ohio St.,22.0,2019.0,0,1,6,12.0,Kurt Coleman,S,Ohio State,70.0,192.0,4.55,19.0,,,,
2010,8,245,SEA,False,TE,TE,O,Kent St.,24.0,2011.0,0,0,0,0.0,,,,,,,,,,,
2010,8,246,IND,False,DB,DB,D,Indiana,,,0,0,0,,,,,,,,,,,,
2010,8,247,NWE,False,DE,DL,D,Alabama,23.0,2014.0,0,0,0,8.0,Brandon Deaderick,DT,Alabama,76.0,314.0,5.08,,,,,
2010,8,248,NWE,False,DT,DL,D,Georgia,,,0,0,0,,,,,,,,,,,,
2010,8,249,CAR,False,DB,DB,D,Connecticut,22.0,2017.0,0,0,1,4.0,,,,,,,,,,,
2010,8,250,NWE,False,QB,QB,O,Oklahoma St.,23.0,,0,0,0,,Zac Robinson,QB,Oklahoma State,74.0,214.0,4.68,,35.0,110.0,7.24,4.4
2010,8,251,OAK,False,DB,DB,D,Michigan,23.0,2014.0,0,0,1,1.0,,,,,,,,,,,
2010,8,252,MIA,False,LB,LB,D,Ohio St.,23.0,2013.0,0,0,0,5.0,,,,,,,,,,,
2010,8,253,TAM,False,DE,DL,D,Stanford,23.0,2014.0,0,0,1,2.0,Erik Lorig,DE,Stanford,75.0,281.0,4.86,,,,,
2010,8,254,STL,False,LB,LB,D,Penn St.,23.0,2013.0,0,0,0,2.0,Josh Hull,ILB,Penn State,75.0,237.0,4.93,25.0,32.5,115.0,6.86,4.07
2010,8,255,DET,False,WR,WR,O,Weber St.,25.0,,0,0,0,,,,,,,,,,,,
2011,1,1,CAR,False,QB,QB,O,Auburn,22.0,2021.0,1,3,9,107.0,Cam Newton,QB,Auburn,77.0,248.0,4.56,,35.0,126.0,6.92,4.18
2011,1,2,DEN,False,LB,LB,D,Texas A&M,22.0,2025.0,3,8,10,97.0,Von Miller,OLB,Texas A&M,75.0,246.0,4.42,21.0,37.0,126.0,6.7,4.06
2011,1,3,BUF,False,DT,DL,D,Alabama,21.0,2019.0,1,2,7,47.0,Marcell Dareus,DT,Alabama,75.0,319.0,4.93,24.0,27.0,,7.83,4.62
2011,1,4,CIN,False,WR,WR,O,Georgia,23.0,2022.0,0,7,10,71.0,A.J. Green,WR,Georgia,76.0,211.0,4.48,18.0,34.5,126.0,6.91,4.21
2011,1,5,ARI,False,DB,DB,D,LSU,21.0,2023.0,3,8,13,95.0,Patrick Peterson,CB,LSU,72.0,219.0,4.31,15.0,38.0,126.0,6.58,4.07
2011,1,6,ATL,False,WR,WR,O,Alabama,22.0,2023.0,2,7,9,97.0,Julio Jones,WR,Alabama,75.0,220.0,4.34,17.0,38.5,135.0,6.66,4.25
2011,1,7,SFO,False,DE,DL,D,Missouri,21.0,2020.0,1,1,4,24.0,Aldon Smith,DE,Missouri,76.0,263.0,4.74,20.0,34.0,118.0,7.19,4.5
2011,1,8,TEN,False,QB,QB,O,Washington,23.0,2014.0,0,0,1,15.0,Jake Locker,QB,Washington,74.0,231.0,4.51,,35.0,120.0,6.77,4.12
2011,1,9,DAL,False,T,OL,O,USC,20.0,2024.0,2,8,12,89.0,Tyron Smith,OT,USC,77.0,307.0,4.93,29.0,,,,
2011,1,10,JAX,False,QB,QB,O,Missouri,21.0,2023.0,0,0,2,7.0,Blaine Gabbert,QB,Missouri,76.0,234.0,4.61,,33.5,120.0,6.84,4.26
2011,1,11,HOU,False,DE,DL,D,Wisconsin,22.0,2022.0,5,5,10,105.0,J.J. Watt,DE,Wisconsin,77.0,290.0,4.81,34.0,37.0,120.0,6.88,4.21
2011,1,12,MIN,False,QB,QB,O,Florida St.,23.0,2014.0,0,0,3,22.0,Christian Ponder,QB,Florida State,74.0,229.0,4.63,,34.0,116.0,6.85,4.09
2011,1,13,DET,False,DT,DL,D,Auburn,23.0,2016.0,0,0,4,16.0,Nick Fairley,DT,Auburn,76.0,291.0,4.84,,31.0,113.0,7.14,4.56
2011,1,14,STL,False,DE,DL,D,North Carolina,21.0,2022.0,1,3,9,43.0,Robert Quinn,DE,North Carolina,76.0,265.0,4.62,22.0,34.0,116.0,7.13,4.4
2011,1,15,MIA,False,G,OL,O,Florida,22.0,2019.0,0,4,7,40.0,Mike Pouncey,OG,Florida,77.0,303.0,5.12,,25.0,96.0,7.66,4.64
2011,1,16,WAS,False,DE,DL,D,Purdue,23.0,2021.0,0,4,9,62.0,Ryan Kerrigan,DE,Purdue,76.0,267.0,4.67,31.0,33.5,122.0,7.18,4.39
2011,1,17,NWE,False,T,OL,O,Colorado,23.0,2021.0,0,0,9,49.0,Nate Solder,OT,Colorado,80.0,319.0,4.96,21.0,32.0,110.0,7.44,4.34
2011,1,18,SDG,False,DT,DL,D,Illinois,21.0,2020.0,0,0,7,41.0,Corey Liuget,DT,Illinois,74.0,298.0,4.97,27.0,27.5,102.0,7.48,4.68
2011,1,19,NYG,False,DB,DB,D,Nebraska,22.0,2019.0,0,0,8,15.0,Prince Amukamara,CB,Nebraska,72.0,206.0,4.38,15.0,38.0,128.0,6.97,4.08
2011,1,20,TAM,False,DE,DL,D,Iowa,23.0,2020.0,0,0,2,12.0,Adrian Clayborn,DE,Iowa,75.0,281.0,4.78,,33.0,113.0,7.3,4.13
2011,1,21,CLE,False,DT,DL,D,Baylor,23.0,2014.0,0,0,2,19.0,Phil Taylor,DT,Baylor,75.0,334.0,5.09,31.0,29.5,100.0,7.75,4.77
2011,1,22,IND,False,T,OL,O,Boston Col.,23.0,2020.0,0,0,10,58.0,Anthony Castonzo,OT,Boston Col.,79.0,311.0,5.21,28.0,29.5,105.0,7.25,4.4
2011,1,23,PHI,False,G,OL,O,Baylor,26.0,2013.0,0,0,1,9.0,Danny Watkins,OG,Baylor,75.0,310.0,5.36,29.0,26.0,92.0,7.61,4.62
2011,1,24,NOR,False,DE,DL,D,California,22.0,2025.0,1,8,14,109.0,Cameron Jordan,DE,California,76.0,287.0,4.74,25.0,31.0,117.0,7.07,4.37
2011,1,25,SEA,False,T,OL,O,Alabama,22.0,2021.0,0,0,10,17.0,James Carpenter,OT,Alabama,76.0,321.0,5.22,23.0,,,,
2011,1,26,KAN,False,WR,WR,O,Pittsburgh,22.0,2013.0,0,0,1,4.0,Jon Baldwin,WR,Pittsburgh,76.0,228.0,4.49,20.0,42.0,129.0,7.07,4.34
2011,1,27,BAL,False,DB,DB,D,Colorado,23.0,2021.0,0,0,5,33.0,Jimmy Smith,CB,Colorado,74.0,211.0,4.42,24.0,36.0,123.0,6.93,4.06
2011,1,28,NOR,False,RB,RB,O,Alabama,21.0,2022.0,0,3,5,51.0,Mark Ingram,RB,Alabama,69.0,215.0,4.62,21.0,31.5,118.0,7.13,4.62
2011,1,29,CHI,False,T,OL,O,Wisconsin,23.0,2014.0,0,0,1,7.0,Gabe Carimi,OT,Wisconsin,79.0,314.0,5.18,29.0,31.5,109.0,,
2011,1,30,NYJ,False,DT,DL,D,Temple,21.0,2018.0,0,1,7,58.0,Muhammad Wilkerson,DT,Temple,76.0,315.0,4.96,27.0,26.0,106.0,7.31,4.59
2011,1,31,PIT,False,DE,DL,D,Ohio St.,22.0,2025.0,4,7,12,115.0,Cameron Heyward,DE,Ohio State,77.0,294.0,4.95,,30.0,,,
2011,1,32,GNB,False,T,OL,O,Mississippi St.,22.0,2014.0,0,0,0,3.0,Derek Sherrod,OT,Mississippi State,77.0,321.0,5.18,23.0,28.0,97.0,7.43,4.63
2011,2,33,NWE,False,DB,DB,D,Virginia,23.0,2014.0,0,0,0,1.0,Ras-I Dowling,CB,Virginia,73.0,198.0,4.4,19.0,,,,
2011,2,34,BUF,False,DB,DB,D,Texas,21.0,2016.0,0,0,4,17.0,Aaron Williams,CB,Texas,72.0,204.0,4.55,18.0,37.5,127.0,6.72,4.07
2011,2,35,CIN,False,QB,QB,O,TCU,23.0,2025.0,0,3,11,82.0,Andy Dalton,QB,TCU,74.0,215.0,4.83,,29.5,106.0,6.93,4.27
2011,2,36,SFO,False,QB,QB,O,Nevada,23.0,2016.0,0,0,4,45.0,Colin Kaepernick,QB,Nevada,77.0,233.0,4.53,,32.5,115.0,6.85,4.18
2011,2,37,CLE,False,DE,DL,D,Pittsburgh,22.0,2021.0,0,0,7,22.0,Jabaal Sheard,DE,Pittsburgh,75.0,264.0,4.68,,31.0,115.0,,
2011,2,38,ARI,False,RB,RB,O,Virginia Tech,21.0,2012.0,0,0,0,1.0,Ryan Williams,RB,Virginia Tech,69.0,212.0,4.59,19.0,40.0,123.0,6.96,4.18
2011,2,39,TEN,False,LB,LB,D,UCLA,22.0,2017.0,0,0,4,17.0,Akeem Ayers,OLB,UCLA,74.0,254.0,4.81,18.0,31.0,116.0,7.49,4.28
2011,2,40,DAL,False,LB,LB,D,North Carolina,23.0,2018.0,0,0,3,16.0,Bruce Carter,OLB,North Carolina,73.0,241.0,4.57,25.0,,,,
2011,2,41,WAS,False,DT,DL,D,Clemson,23.0,2018.0,0,0,3,13.0,Jarvis Jenkins,DT,Clemson,76.0,310.0,5.03,17.0,26.5,98.0,7.42,4.83
2011,2,42,HOU,False,LB,LB,D,Arizona,24.0,2020.0,0,0,6,24.0,Brooks Reed,OLB,Arizona,74.0,263.0,4.65,30.0,30.5,113.0,7.11,4.28
2011,2,43,MIN,False,TE,TE,O,Notre Dame,21.0,2022.0,0,2,10,35.0,Kyle Rudolph,TE,Notre Dame,78.0,259.0,4.83,,,,,
2011,2,44,DET,False,WR,WR,O,Boise St.,22.0,2012.0,0,0,2,8.0,Titus Young,WR,Boise State,71.0,174.0,4.43,,,123.0,,
2011,2,45,DEN,False,DB,DB,D,UCLA,21.0,2015.0,0,0,3,18.0,Rahim Moore,S,UCLA,72.0,202.0,4.58,11.0,35.0,115.0,6.98,3.96
2011,2,46,DEN,False,T,OL,O,Miami (FL),23.0,2017.0,0,0,6,31.0,Orlando Franklin,OT,Miami (FL),77.0,316.0,5.11,26.0,28.5,,,
2011,2,47,STL,False,TE,TE,O,Wisconsin,23.0,2019.0,0,0,6,13.0,Lance Kendricks,TE,Wisconsin,75.0,243.0,4.65,25.0,34.5,122.0,6.94,4.15
2011,2,48,OAK,False,C,OL,O,Penn St.,22.0,2020.0,0,0,6,21.0,Stefen Wisniewski,C,Penn State,75.0,313.0,5.29,30.0,28.5,100.0,7.51,4.63
2011,2,49,IND,False,T,OL,O,Villanova,22.0,2017.0,0,0,1,0.0,Ben Ijalana,OG,Villanova,76.0,317.0,5.2,,,,,
2011,2,50,SDG,False,DB,DB,D,Clemson,22.0,2020.0,0,0,6,15.0,Marcus Gilchrist,CB,Clemson,70.0,195.0,4.45,26.0,38.5,119.0,6.81,4.12
2011,2,51,TAM,False,DE,DL,D,Clemson,21.0,2015.0,0,0,0,7.0,Da'Quan Bowers,DE,Clemson,75.0,280.0,4.92,22.0,,,,
2011,2,52,NYG,False,DT,DL,D,North Carolina,22.0,2014.0,0,0,0,1.0,Marvin Austin,DT,North Carolina,74.0,309.0,4.84,38.0,30.5,112.0,7.33,4.4
2011,2,53,CHI,False,DT,DL,D,Oregon St.,23.0,2017.0,0,0,3,15.0,Stephen Paea,DT,Oregon State,73.0,303.0,4.98,49.0,,,,
2011,2,54,PHI,False,DB,DB,D,Temple,21.0,2015.0,0,0,0,1.0,Jaiquawn Jarrett,S,Temple,72.0,198.0,4.62,14.0,30.0,113.0,6.95,4.14
2011,2,55,KAN,False,C,OL,O,Florida St.,22.0,2022.0,0,3,9,13.0,Rodney Hudson,C,Florida State,74.0,299.0,5.27,27.0,25.5,95.0,8.03,4.96
2011,2,56,NWE,False,RB,RB,O,California,22.0,2017.0,0,0,1,16.0,Shane Vereen,RB,California,70.0,210.0,4.49,31.0,34.0,115.0,6.95,4.28
2011,2,57,DET,False,RB,RB,O,Illinois,21.0,2013.0,0,0,1,5.0,Mikel Leshoure,RB,Illinois,72.0,227.0,4.56,21.0,38.0,122.0,6.82,4.4
2011,2,58,BAL,False,WR,WR,O,Maryland,22.0,2018.0,0,0,7,28.0,Torrey Smith,WR,Maryland,73.0,204.0,4.41,19.0,41.0,126.0,6.72,4.13
2011,2,59,CLE,False,WR,WR,O,North Carolina,22.0,2014.0,0,0,3,12.0,Greg Little,WR,North Carolina,74.0,231.0,4.51,27.0,40.5,129.0,6.8,4.21
2011,2,60,HOU,False,DB,DB,D,Miami (FL),21.0,2014.0,0,0,0,2.0,Brandon Harris,CB,Miami (FL),69.0,191.0,4.46,13.0,35.5,113.0,6.77,4.12
2011,2,61,SDG,False,LB,LB,D,Michigan,23.0,2012.0,0,0,0,0.0,Jonas Mouton,OLB,Michigan,73.0,239.0,4.84,,31.5,115.0,7.08,4.34
2011,2,62,MIA,False,RB,RB,O,Kansas St.,23.0,2014.0,0,0,0,11.0,Daniel Thomas,RB,Kansas State,72.0,230.0,4.62,21.0,,,,
2011,2,63,PIT,False,T,OL,O,Florida,23.0,2018.0,0,0,5,36.0,Marcus Gilbert,OT,Florida,78.0,330.0,5.41,30.0,,,,
2011,2,64,GNB,False,WR,WR,O,Kentucky,21.0,2023.0,0,1,5,56.0,Randall Cobb,WR,Kentucky,70.0,191.0,4.46,16.0,33.5,115.0,7.08,4.34
2011,3,65,CAR,False,DT,DL,D,South Florida,23.0,2019.0,0,0,2,4.0,Terrell McClain,DT,South Florida,74.0,297.0,4.98,29.0,28.0,104.0,7.48,4.56
2011,3,66,CIN,False,LB,LB,D,Nevada,23.0,2014.0,0,0,0,0.0,Dontay Moch,OLB,Nevada,73.0,248.0,4.4,21.0,42.0,128.0,7.09,4.38
2011,3,67,DEN,False,LB,LB,D,North Carolina St.,23.0,2015.0,0,0,1,9.0,Nate Irving,ILB,North Carolina State,73.0,240.0,4.74,,,,,
2011,3,68,BUF,False,LB,LB,D,LSU,23.0,2018.0,0,0,4,8.0,Kelvin Sheppard,ILB,LSU,74.0,250.0,4.7,22.0,33.5,110.0,,4.28
2011,3,69,ARI,False,TE,TE,O,Florida Atlantic,23.0,2015.0,0,0,3,9.0,Rob Housler,TE,Florida Atlantic,77.0,248.0,4.46,22.0,37.0,117.0,6.9,4.21
2011,3,70,KAN,False,LB,LB,D,Georgia,22.0,2023.0,1,4,10,54.0,Justin Houston,OLB,Georgia,75.0,270.0,4.62,30.0,36.5,125.0,6.95,4.37
2011,3,71,DAL,False,RB,RB,O,Oklahoma,23.0,2017.0,1,3,7,40.0,DeMarco Murray,RB,Oklahoma,72.0,213.0,4.37,21.0,34.5,124.0,7.28,4.18
2011,3,72,NOR,False,LB,LB,D,Illinois,22.0,2013.0,0,0,0,2.0,Martez Wilson,ILB,Illinois,76.0,250.0,4.42,23.0,36.0,124.0,7.04,4.28
2011,3,73,NWE,False,RB,RB,O,LSU,22.0,2018.0,0,0,1,23.0,Stevan Ridley,RB,LSU,71.0,225.0,4.65,18.0,36.0,118.0,6.78,4.21
2011,3,74,NWE,False,QB,QB,O,Arkansas,23.0,2017.0,0,0,0,0.0,Ryan Mallett,QB,Arkansas,79.0,253.0,5.37,,24.0,103.0,,
2011,3,75,SEA,False,G,OL,O,Wisconsin,24.0,2013.0,0,0,1,6.0,John Moffitt,OG,Wisconsin,76.0,319.0,5.51,23.0,30.5,102.0,7.79,4.53
2011,3,76,JAX,False,G,OL,O,Lehigh,21.0,2013.0,0,0,2,8.0,Will Rackley,OG,Lehigh,75.0,309.0,5.39,29.0,23.5,99.0,7.91,4.94
2011,3,77,TEN,False,DT,DL,D,USC,21.0,2020.0,0,5,9,71.0,Jurrell Casey,DT,USC,73.0,300.0,5.04,26.0,27.5,101.0,7.51,4.78
2011,3,78,STL,False,WR,WR,O,Boise St.,23.0,2014.0,0,0,0,8.0,Austin Pettis,WR,Boise State,75.0,209.0,4.56,14.0,33.5,120.0,6.68,3.88
2011,3,79,WAS,False,WR,WR,O,Miami (FL),22.0,2015.0,0,0,1,9.0,Leonard Hankerson,WR,Miami (FL),73.0,209.0,4.4,14.0,36.0,117.0,6.94,4.21
2011,3,80,SFO,False,DB,DB,D,South Carolina,23.0,2015.0,0,0,1,10.0,Chris Culliver,CB,South Carolina,72.0,199.0,4.36,,38.5,123.0,6.88,4.08
2011,3,81,OAK,False,DB,DB,D,Miami (FL),22.0,2013.0,0,0,0,2.0,Demarcus Van Dyke,CB,Miami (FL),73.0,176.0,4.28,5.0,33.5,121.0,6.97,4.09
2011,3,82,SDG,False,WR,WR,O,San Diego St.,22.0,2015.0,0,0,1,8.0,Vincent Brown,WR,San Diego State,71.0,187.0,4.68,12.0,33.5,121.0,6.64,4.25
2011,3,83,NYG,False,WR,WR,O,Troy,22.0,2014.0,0,0,0,2.0,Jerrel Jernigan,WR,Troy,69.0,185.0,4.46,11.0,37.5,124.0,7.07,4.25
2011,3,84,TAM,False,LB,LB,D,Washington,22.0,2018.0,0,0,6,21.0,Mason Foster,OLB,Washington,73.0,245.0,4.75,22.0,31.0,110.0,7.14,4.45
2011,3,85,BAL,False,T,OL,O,Central Florida,23.0,2016.0,0,0,2,5.0,Jah Reid,OT,Central Florida,79.0,327.0,5.32,28.0,29.5,111.0,7.73,4.65
2011,3,86,KAN,False,DE,DL,D,Miami (FL),22.0,2020.0,0,0,3,30.0,Allen Bailey,DE,Miami (FL),75.0,285.0,4.71,27.0,36.5,117.0,7.43,4.56
2011,3,87,IND,False,DT,DL,D,LSU,22.0,2013.0,0,0,0,3.0,Drake Nevis,DT,LSU,73.0,294.0,5.06,31.0,30.5,112.0,7.71,4.65
2011,3,88,NOR,False,DB,DB,D,Louisville,23.0,2013.0,0,0,0,2.0,Johnny Patrick,CB,Louisville,71.0,191.0,4.59,13.0,32.0,110.0,,4.16
2011,3,89,SDG,False,DB,DB,D,USC,24.0,2018.0,0,0,2,10.0,Shareece Wright,CB,USC,71.0,185.0,4.41,16.0,34.5,113.0,,
2011,3,90,PHI,False,DB,DB,D,Utah St.,23.0,2013.0,0,0,0,1.0,Curtis Marsh,CB,Utah State,72.0,197.0,4.42,12.0,37.5,123.0,6.87,4.07
2011,3,91,ATL,False,LB,LB,D,Georgia,23.0,2016.0,0,0,2,9.0,Akeem Dent,ILB,Georgia,73.0,242.0,4.73,24.0,37.5,123.0,,
2011,3,92,OAK,False,T,OL,O,LSU,23.0,2018.0,0,0,5,1.0,Joe Barksdale,OT,LSU,77.0,325.0,5.31,29.0,29.0,103.0,8.27,4.75
2011,3,93,CHI,False,DB,DB,D,California,22.0,2018.0,0,0,7,17.0,Chris Conte,S,California,74.0,197.0,4.52,18.0,35.5,127.0,7.01,4.19
2011,3,94,NYJ,False,DT,DL,D,Hampton,23.0,2015.0,0,0,0,9.0,Kenrick Ellis,DT,Kansas State,77.0,346.0,5.19,26.0,,,,
2011,3,95,PIT,False,DB,DB,D,Texas,22.0,2013.0,0,0,0,2.0,Curtis Brown,CB,Texas,72.0,185.0,4.51,10.0,39.5,128.0,6.59,4.0
2011,3,96,GNB,False,RB,RB,O,Hawaii,23.0,2013.0,0,0,0,5.0,Alex Green,RB,Hawaii,72.0,225.0,4.45,20.0,34.0,114.0,6.91,4.15
2011,4,97,CAR,False,DT,DL,D,Stanford,23.0,2014.0,0,0,1,4.0,Sione Fua,DT,Stanford,73.0,308.0,5.28,30.0,24.0,101.0,7.54,4.54
2011,4,98,CAR,False,DB,DB,D,West Virginia,23.0,2011.0,0,0,0,0.0,Brandon Hogan,CB,West Virginia,70.0,192.0,4.43,19.0,,,,
2011,4,99,SEA,False,LB,LB,D,Mississippi St.,22.0,2021.0,0,1,10,62.0,K.J. Wright,OLB,Mississippi State,75.0,246.0,4.71,20.0,32.0,120.0,7.26,4.46
2011,4,100,BUF,False,DB,DB,D,North Carolina,22.0,2018.0,0,0,3,12.0,Da'Norris Searcy,S,North Carolina,71.0,223.0,4.55,27.0,33.0,120.0,6.87,4.09
2011,4,101,CIN,False,G,OL,O,Georgia,22.0,2018.0,0,0,7,46.0,Clint Boling,OG,Georgia,77.0,308.0,5.28,28.0,31.0,102.0,7.66,4.64
2011,4,102,CLE,False,TE,TE,O,USC,23.0,2016.0,0,1,4,10.0,Jordan Cameron,TE,USC,77.0,254.0,4.53,23.0,37.5,119.0,6.82,4.03
2011,4,103,ARI,False,DE,DL,D,Texas,23.0,2019.0,0,0,4,19.0,Sam Acho,OLB,Texas,74.0,262.0,4.67,23.0,33.5,112.0,6.69,4.32
2011,4,104,TAM,False,TE,TE,O,Tennessee,23.0,2021.0,0,0,7,3.0,Luke Stocker,TE,Tennessee,77.0,258.0,4.68,27.0,33.0,115.0,7.03,4.4
2011,4,105,WAS,False,RB,RB,O,Nebraska,22.0,2015.0,0,0,1,13.0,Roy Helu,RB,Nebraska,71.0,219.0,4.4,11.0,36.5,119.0,6.67,4.01
2011,4,106,MIN,False,DT,DL,D,Iowa,22.0,2012.0,0,0,0,3.0,Christian Ballard,DE,Iowa,76.0,283.0,4.75,,31.5,111.0,7.54,4.51
2011,4,107,SEA,False,WR,WR,O,Georgia,23.0,2014.0,0,0,1,0.0,,,,,,,,,,,
2011,4,108,DEN,False,DB,DB,D,Oklahoma,23.0,2014.0,0,0,1,5.0,Quinton Carter,S,Oklahoma,73.0,208.0,4.57,23.0,34.5,121.0,7.05,4.06
2011,4,109,TEN,False,LB,LB,D,Miami (FL),22.0,2013.0,0,0,1,11.0,Colin McCarthy,ILB,Miami (FL),73.0,238.0,4.59,23.0,36.5,119.0,6.93,4.2
2011,4,110,DAL,False,G,OL,O,Missouri State,23.0,2016.0,0,0,0,,David Arkin,OG,Missouri State,77.0,300.0,5.31,25.0,29.0,103.0,7.6,4.63
2011,4,111,MIA,False,WR,WR,O,Abilene Christian,25.0,2013.0,0,0,0,0.0,Clyde Gates,WR,Abilene Christian,72.0,192.0,4.31,16.0,40.0,131.0,,
2011,4,112,STL,False,WR,WR,O,Hawaii,23.0,2016.0,0,0,0,1.0,Greg Salas,WR,Hawaii,73.0,210.0,4.53,15.0,37.0,120.0,6.65,4.1
2011,4,113,OAK,False,DB,DB,D,Ohio St.,22.0,2016.0,0,0,0,2.0,Chimdi Chekwa,CB,Ohio State,72.0,191.0,4.38,,34.5,126.0,,
2011,4,114,JAX,False,WR,WR,O,Mount Union,23.0,2016.0,0,0,4,14.0,Cecil Shorts,WR,Mount Union,72.0,205.0,4.5,21.0,34.5,114.0,6.5,4.07
2011,4,115,SFO,False,RB,RB,O,Oklahoma St.,22.0,2015.0,0,0,0,12.0,Kendall Hunter,RB,Oklahoma State,67.0,199.0,4.46,24.0,35.0,122.0,6.74,4.21
2011,4,116,PHI,False,LB,LB,D,Oregon,22.0,2014.0,0,0,1,10.0,Casey Matthews,ILB,Oregon,73.0,231.0,4.78,13.0,,,,
2011,4,117,NYG,False,T,OL,O,Indiana,23.0,2014.0,0,0,0,4.0,James Brewer,OT,Indiana,78.0,323.0,5.21,25.0,26.0,100.0,7.84,4.81
2011,4,118,KAN,False,DB,DB,D,Colorado,23.0,2015.0,0,0,0,2.0,Jalil Brown,CB,Colorado,73.0,204.0,4.52,24.0,35.5,116.0,6.85,4.25
2011,4,119,IND,False,RB,RB,O,Syracuse,24.0,2013.0,0,0,0,3.0,Delone Carter,RB,Syracuse,69.0,222.0,4.54,27.0,37.0,120.0,6.92,4.07
2011,4,120,PHI,False,K,K,S,Nebraska,24.0,2014.0,0,0,0,9.0,Alex Henery,K,Nebraska,73.0,177.0,4.87,,,,,
2011,4,121,JAX,False,DB,DB,D,Wyoming,24.0,2017.0,0,0,0,6.0,,,,,,,,,,,
2011,4,122,BUF,False,T,OL,O,Clemson,22.0,2017.0,0,0,2,8.0,Chris Hairston,OT,Clemson,78.0,326.0,5.38,33.0,29.0,96.0,7.9,4.7
2011,4,123,BAL,False,WR,WR,O,Indiana,21.0,2013.0,0,0,0,4.0,Tandon Doss,WR,Indiana,74.0,201.0,4.62,14.0,,,,
2011,4,124,CLE,False,RB,RB,O,Stanford,22.0,2012.0,0,0,0,0.0,Owen Marecic,FB,Stanford,72.0,248.0,4.87,22.0,28.5,102.0,7.1,4.56
2011,4,125,OAK,False,RB,RB,O,Eastern Washington,23.0,2023.0,0,0,0,3.0,Taiwan Jones,RB,East. Washington,72.0,194.0,4.33,13.0,,,,
2011,4,126,NYJ,False,RB,RB,O,Louisville,22.0,2019.0,0,0,3,26.0,Bilal Powell,RB,Louisville,70.0,207.0,4.51,18.0,,,,
2011,4,127,HOU,False,DB,DB,D,Virginia Tech,22.0,2013.0,0,0,0,0.0,Roc Carmichael,CB,Virginia Tech,70.0,192.0,4.41,13.0,31.0,116.0,6.69,4.06
2011,4,128,PIT,False,DB,DB,D,The Citadel,22.0,2015.0,0,0,0,10.0,Cortez Allen,CB,Citadel,73.0,197.0,4.5,18.0,35.5,129.0,6.76,4.01
2011,5,129,DEN,False,TE,TE,O,Portland St.,23.0,2017.0,0,2,5,13.0,Julius Thomas,TE,Portland State,77.0,246.0,4.64,16.0,35.5,111.0,6.96,4.31
2011,5,130,TEN,False,RB,RB,O,Clemson,21.0,2012.0,0,0,0,1.0,Jamie Harper,RB,Clemson,71.0,233.0,4.53,24.0,36.5,120.0,7.16,4.39
2011,5,131,GNB,False,DB,DB,D,New Mexico St.,22.0,2018.0,0,0,2,9.0,Davon House,CB,New Mexico State,72.0,200.0,4.44,14.0,33.5,109.0,6.65,4.12
2011,5,132,CAR,False,WR,WR,O,Hawaii,23.0,2012.0,0,0,0,1.0,Kealoha Pilares,WR,Hawaii,70.0,199.0,4.42,19.0,,,,
2011,5,133,BUF,False,RB,RB,O,North Carolina,23.0,2012.0,0,0,0,0.0,Johnny White,RB,North Carolina,70.0,209.0,4.5,,32.5,117.0,7.07,4.31
2011,5,134,CIN,False,DB,DB,D,West Virginia,21.0,2011.0,0,0,0,0.0,Robert Sands,S,West Virginia,76.0,217.0,4.53,12.0,35.0,124.0,7.03,4.06
2011,5,135,KAN,False,QB,QB,O,Iowa,24.0,,0,0,0,,Ricky Stanzi,QB,Iowa,76.0,223.0,4.87,,32.5,110.0,6.95,4.43
2011,5,136,ARI,False,RB,RB,O,Connecticut,22.0,2020.0,0,1,3,1.0,Anthony Sherman,FB,Connecticut,70.0,242.0,4.74,32.0,32.5,111.0,7.23,4.41
2011,5,137,CLE,False,DB,DB,D,Chattanooga,22.0,2021.0,0,0,4,15.0,Buster Skrine,CB,Tenn-Chattanooga,69.0,186.0,4.37,20.0,37.0,122.0,6.44,3.9
2011,5,138,NWE,False,T,OL,O,TCU,23.0,2022.0,0,0,5,42.0,Marcus Cannon,OT,TCU,77.0,358.0,5.26,33.0,30.5,105.0,8.07,4.97
2011,5,139,MIN,False,DB,DB,D,Southern Utah,22.0,2013.0,0,0,0,1.0,Brandon Burton,CB,Utah,72.0,190.0,4.5,18.0,32.0,118.0,6.93,4.07
2011,5,140,KAN,False,LB,LB,D,Oregon St.,23.0,2014.0,0,0,0,,,,,,,,,,,,
2011,5,141,GNB,False,TE,TE,O,Arkansas,22.0,2013.0,0,0,0,3.0,D.J. Williams,TE,Arkansas,74.0,245.0,4.59,20.0,33.5,111.0,7.29,4.51
2011,5,142,TEN,False,DT,DL,D,Iowa,23.0,2017.0,0,0,0,13.0,Karl Klug,DE,Iowa,75.0,275.0,4.85,22.0,,,,
2011,5,143,DAL,False,DB,DB,D,Buffalo,22.0,2015.0,0,0,0,,Josh Thomas,CB,Buffalo,70.0,191.0,4.46,13.0,38.5,126.0,6.99,4.15
2011,5,144,HOU,False,DB,DB,D,Idaho,23.0,2016.0,0,0,1,6.0,Shiloh Keo,S,Idaho,71.0,219.0,4.74,24.0,32.5,110.0,6.55,3.9
2011,5,145,ATL,False,RB,RB,O,Oregon St.,21.0,2018.0,0,0,0,17.0,Jacquizz Rodgers,RB,Oregon State,66.0,196.0,4.59,,33.0,113.0,7.31,4.26
2011,5,146,WAS,False,DB,DB,D,Nebraska,21.0,2013.0,0,0,0,4.0,DeJon Gomes,S,Nebraska,71.0,208.0,4.5,13.0,31.0,110.0,,
2011,5,147,JAX,False,DB,DB,D,Middle Tenn. St.,22.0,2011.0,0,0,0,0.0,,,,,,,,,,,
2011,5,148,OAK,False,WR,WR,O,Tennessee,22.0,2015.0,0,0,3,15.0,Denarius Moore,WR,Tennessee,72.0,194.0,4.43,13.0,36.0,118.0,6.78,4.15
2011,5,149,PHI,False,RB,RB,O,Pittsburgh,20.0,2020.0,0,0,2,1.0,Dion Lewis,RB,Pittsburgh,67.0,193.0,4.56,17.0,34.5,112.0,6.9,4.18
2011,5,150,CLE,False,T,OL,O,Pittsburgh,24.0,2013.0,0,0,1,10.0,Jason Pinkston,OT,Pittsburgh,75.0,317.0,5.39,,26.5,98.0,7.88,4.91
2011,5,151,TAM,False,DB,DB,D,Florida,21.0,2013.0,0,0,0,3.0,Ahmad Black,S,Florida,69.0,184.0,4.7,18.0,35.5,119.0,6.85,4.2
2011,5,152,HOU,False,QB,QB,O,North Carolina,24.0,2017.0,0,0,0,6.0,T.J. Yates,QB,North Carolina,75.0,219.0,5.06,,29.5,104.0,6.96,4.12
2011,5,153,NYJ,False,WR,WR,O,TCU,22.0,2018.0,0,0,4,19.0,Jeremy Kerley,WR,TCU,69.0,189.0,4.56,16.0,34.5,120.0,,
2011,5,154,SEA,False,DB,DB,D,Stanford,23.0,2021.0,3,5,9,82.0,Richard Sherman,CB,Stanford,75.0,195.0,4.54,16.0,38.0,125.0,6.82,4.33
2011,5,155,WAS,False,WR,WR,O,Nebraska,22.0,2018.0,0,0,1,6.0,Niles Paul,WR,Nebraska,73.0,224.0,4.45,24.0,34.5,117.0,6.9,4.14
2011,5,156,SEA,False,DB,DB,D,Appalachian St.,22.0,,0,0,0,,Mark LeGree,S,Appalachian State,71.0,210.0,4.49,21.0,31.0,116.0,6.9,4.09
2011,5,157,DET,False,LB,LB,D,Syracuse,22.0,2012.0,0,0,0,1.0,Doug Hogue,OLB,Syracuse,74.0,235.0,4.62,18.0,36.0,121.0,7.09,4.57
2011,5,158,STL,False,DB,DB,D,Ohio St.,23.0,2011.0,0,0,0,,Jermale Hines,S,Ohio State,73.0,219.0,4.59,19.0,31.0,,6.9,4.21
2011,5,159,NWE,False,TE,TE,O,Marshall,23.0,2021.0,0,0,4,,Lee Smith,TE,Marshall,78.0,266.0,4.94,25.0,29.0,108.0,7.13,4.28
2011,5,160,CHI,False,QB,QB,O,Idaho,23.0,,0,0,0,,Nathan Enderle,QB,Idaho,76.0,240.0,5.12,,25.5,102.0,7.13,4.46
2011,6,161,PHI,False,G,OL,O,Iowa,23.0,2015.0,0,0,0,1.0,Julian Vandervelde,OG,Iowa,74.0,301.0,5.12,23.0,31.0,104.0,7.46,4.59
2011,6,162,PIT,False,LB,LB,D,Fresno St.,22.0,2017.0,0,0,0,4.0,Chris Carter,WR,California-Davis,71.0,191.0,4.49,12.0,,,,
2011,6,163,SFO,False,G,OL,O,Appalachian St.,23.0,2020.0,0,0,3,17.0,Daniel Kilgore,OG,Appalachian State,75.0,308.0,5.28,23.0,32.5,105.0,7.59,4.68
2011,6,164,BAL,False,DB,DB,D,Texas,24.0,2016.0,0,0,0,3.0,Chykie Brown,CB,Texas,71.0,190.0,4.49,,36.5,120.0,6.5,4.0
2011,6,165,BAL,False,DE,DL,D,Mississippi St.,22.0,2021.0,0,0,3,20.0,Pernell McPhee,DE,Mississippi State,75.0,278.0,4.91,20.0,28.5,107.0,7.13,4.59
2011,6,166,CAR,False,LB,LB,D,Central Connecticut St.,23.0,,0,0,0,,Lawrence Wilson,OLB,Connecticut,73.0,229.0,4.71,24.0,32.5,113.0,7.31,4.5
2011,6,167,CIN,False,WR,WR,O,Stanford,22.0,2013.0,0,0,0,0.0,Ryan Whalen,WR,Stanford,73.0,202.0,4.53,18.0,38.5,123.0,6.67,4.09
2011,6,168,MIN,False,OL,OL,O,Arkansas,23.0,,0,0,0,,DeMarcus Love,OT,Arkansas,76.0,315.0,5.18,27.0,26.5,97.0,7.84,4.84
2011,6,169,BUF,False,LB,LB,D,Mississippi St.,22.0,2014.0,0,0,0,1.0,Chris White,ILB,Mississippi State,75.0,240.0,4.65,17.0,34.0,115.0,6.95,4.25
2011,6,170,MIN,False,DB,DB,D,South Florida,24.0,2013.0,0,0,0,4.0,,,,,,,,,,,
2011,6,171,ARI,False,LB,LB,D,North Carolina,22.0,,0,0,0,,Quan Sturdivant,ILB,North Carolina,73.0,241.0,4.75,21.0,34.0,115.0,,4.5
2011,6,172,MIN,False,C,OL,O,Slippery Rock,23.0,2018.0,0,0,6,24.0,Brandon Fusco,C,Slippery Rock,76.0,306.0,5.18,26.0,28.5,108.0,7.29,4.43
2011,6,173,SEA,False,DB,DB,D,Clemson,23.0,2017.0,0,0,3,13.0,Byron Maxwell,CB,Clemson,72.0,202.0,4.43,24.0,33.0,124.0,,
2011,6,174,MIA,False,TE,TE,O,Tulsa,22.0,2019.0,0,0,9,13.0,Charles Clay,FB,Tulsa,75.0,245.0,4.69,18.0,33.5,118.0,7.07,4.15
2011,6,175,TEN,False,T,OL,O,Louisville,22.0,2014.0,0,0,0,4.0,,,,,,,,,,,
2011,6,176,DAL,False,WR,WR,O,East Carolina,23.0,2020.0,0,1,0,6.0,Dwayne Harris,WR,East Carolina,70.0,203.0,4.53,10.0,34.0,111.0,6.77,4.21
2011,6,177,WAS,False,RB,RB,O,Penn St.,23.0,2013.0,0,0,0,4.0,Evan Royster,RB,Penn State,72.0,212.0,4.65,20.0,34.0,113.0,7.07,4.18
2011,6,178,WAS,False,WR,WR,O,SMU,22.0,2018.0,0,0,0,5.0,Aldrick Robinson,WR,SMU,70.0,184.0,4.35,17.0,40.0,126.0,6.65,4.09
2011,6,179,GNB,False,G,OL,O,Southern Utah,23.0,2013.0,0,0,0,,Caleb Schlauderaff,OG,Utah,76.0,305.0,5.18,,,,,
2011,6,180,BAL,False,QB,QB,O,Virginia Tech,22.0,2025.0,0,1,3,1.0,Tyrod Taylor,QB,Virginia Tech,73.0,217.0,4.47,,37.5,126.0,6.78,4.09
2011,6,181,OAK,False,TE,TE,O,Miami (FL),24.0,2015.0,0,0,0,0.0,,,,,,,,,,,
2011,6,182,SFO,False,WR,WR,O,USC,23.0,,0,0,0,,Ronald Johnson,WR,USC,71.0,199.0,4.46,16.0,,,,
2011,6,183,SDG,False,RB,RB,O,Connecticut,21.0,2017.0,0,0,0,,Jordan Todman,RB,Connecticut,69.0,203.0,4.4,25.0,38.0,126.0,7.24,4.18
2011,6,184,ARI,False,DT,DL,D,UCLA,23.0,2013.0,0,0,0,4.0,,,,,,,,,,,
2011,6,185,NYG,False,LB,LB,D,Michigan St.,22.0,2012.0,0,0,0,3.0,Greg Jones,ILB,Michigan State,72.0,242.0,4.75,21.0,31.5,117.0,7.27,4.27
2011,6,186,GNB,False,LB,LB,D,Appalachian St.,22.0,2014.0,0,0,0,5.0,D.J. Smith,OLB,Appalachian State,71.0,239.0,4.71,20.0,31.0,104.0,7.35,4.45
2011,6,187,TAM,False,RB,RB,O,USC,23.0,2015.0,0,0,0,0.0,Allen Bradford,RB,USC,71.0,242.0,4.53,28.0,29.0,113.0,6.97,4.39
2011,6,188,IND,False,DB,DB,D,Michigan St.,22.0,2011.0,0,0,0,2.0,Chris Rucker,CB,Michigan State,72.0,195.0,4.54,10.0,,,,
2011,6,189,DEN,False,LB,LB,D,California,23.0,2015.0,0,0,0,0.0,Mike Mohamed,ILB,California,75.0,239.0,4.65,21.0,32.0,115.0,6.7,4.0
2011,6,190,SFO,False,DB,DB,D,TCU,23.0,2019.0,0,0,0,1.0,,,,,,,,,,,
2011,6,191,PHI,False,C,OL,O,Cincinnati,23.0,2023.0,6,7,12,102.0,Jason Kelce,C,Cincinnati,75.0,280.0,4.89,,30.5,110.0,7.22,4.14
2011,6,192,ATL,False,K,K,S,Miami (FL),23.0,2019.0,0,0,0,14.0,Matt Bosher,P,Miami (FL),73.0,208.0,4.78,8.0,,,,
2011,7,193,PHI,False,LB,LB,D,Ohio St.,22.0,2012.0,0,0,1,6.0,Brian Rolle,OLB,Ohio State,70.0,229.0,4.53,28.0,33.0,115.0,6.89,4.26
2011,7,194,NWE,False,LB,LB,D,Central Arkansas,21.0,,0,0,0,,,,,,,,,,,,
2011,7,195,CHI,False,LB,LB,D,West Virginia,23.0,2017.0,0,0,2,1.0,J.T. Thomas,OLB,West Virginia,73.0,241.0,4.65,23.0,30.5,114.0,7.23,4.28
2011,7,196,PIT,False,G,OL,O,Nebraska,23.0,2012.0,0,0,0,,Keith Williams,OG,Nebraska,76.0,318.0,5.28,23.0,24.5,93.0,8.42,5.03
2011,7,197,GNB,False,DL,DL,D,Arizona,23.0,,0,0,0,,Ricky Elmore,DE,Arizona,76.0,255.0,4.88,26.0,31.5,106.0,7.25,4.32
2011,7,198,NYG,False,DB,DB,D,Iowa,23.0,2012.0,0,0,0,1.0,Tyler Sash,S,Iowa,72.0,211.0,4.62,11.0,33.0,108.0,6.9,4.27
2011,7,199,KAN,False,DT,DL,D,Mississippi,24.0,2014.0,0,0,0,2.0,Jerrell Powe,DT,Mississippi,74.0,335.0,5.25,27.0,25.0,93.0,8.17,5.06
2011,7,200,MIN,False,LB,LB,D,Ohio St.,24.0,,0,0,0,,Ross Homan,OLB,Ohio State,73.0,240.0,4.66,32.0,35.5,111.0,7.21,4.34
2011,7,201,SDG,False,G,OL,O,Michigan,23.0,2014.0,0,0,0,3.0,Steve Schilling,OG,Michigan,76.0,308.0,5.18,30.0,25.5,98.0,7.73,4.62
2011,7,202,NYG,False,LB,LB,D,South Florida,23.0,2014.0,0,0,1,13.0,,,,,,,,,,,
2011,7,203,CAR,False,OL,OL,O,Washington St.,22.0,,0,0,0,,,,,,,,,,,,
2011,7,204,DEN,False,TE,TE,O,Nevada,23.0,2020.0,0,0,5,5.0,Virgil Green,TE,Nevada,75.0,249.0,4.54,23.0,42.5,130.0,6.9,4.4
2011,7,205,SEA,False,DL,DL,D,LSU,23.0,2012.0,0,0,0,0.0,,,,,,,,,,,
2011,7,206,BUF,False,DB,DB,D,Richmond,23.0,2015.0,0,0,0,4.0,Justin Rogers,CB,Richmond,70.0,180.0,4.45,14.0,33.0,114.0,7.21,4.2
2011,7,207,CIN,False,DB,DB,D,Southern Illinois,22.0,,0,0,0,,,,,,,,,,,,
2011,7,208,NYJ,False,QB,QB,O,Alabama,23.0,2012.0,0,0,0,1.0,Greg McElroy,QB,Alabama,74.0,220.0,4.84,,33.0,107.0,7.11,4.45
2011,7,209,DET,False,OL,OL,O,South Carolina St.,23.0,,0,0,0,,,,,,,,,,,,
2011,7,210,ATL,False,OL,OL,O,Fresno St.,22.0,,0,0,0,,Andrew Jackson,OG,Fresno State,77.0,299.0,5.27,25.0,28.0,98.0,7.55,4.65
2011,7,211,SFO,False,DE,DL,D,Central Florida,24.0,2020.0,0,0,5,7.0,Bruce Miller,OLB,Central Florida,73.0,254.0,4.81,35.0,31.0,113.0,7.05,4.34
2011,7,212,TEN,False,DT,DL,D,Auburn,23.0,2011.0,0,0,0,0.0,,,,,,,,,,,
2011,7,213,WAS,False,DB,DB,D,Boise St.,21.0,2011.0,0,0,0,1.0,Brandyn Thompson,CB,Boise State,69.0,189.0,4.5,13.0,33.5,114.0,6.66,4.12
2011,7,214,HOU,False,T,OL,O,Arkansas St.,23.0,2018.0,0,0,4,28.0,Derek Newton,OT,Arkansas State,77.0,311.0,5.0,24.0,25.5,100.0,7.76,5.0
2011,7,215,MIN,False,DE,DL,D,Arizona,23.0,2012.0,0,0,0,0.0,D'Aundre Reed,DE,Arizona,76.0,261.0,4.84,30.0,35.5,119.0,7.24,4.32
2011,7,216,STL,False,DB,DB,D,Baylor,24.0,,0,0,0,,,,,,,,,,,,
2011,7,217,WAS,False,G,OL,O,Florida,23.0,2012.0,0,0,1,6.0,Maurice Hurt,OG,Florida,75.0,318.0,5.39,18.0,,,,
2011,7,218,GNB,False,TE,TE,O,North Carolina,23.0,2014.0,0,0,0,0.0,,,,,,,,,,,
2011,7,219,NWE,False,DB,DB,D,TCU,23.0,2012.0,0,0,0,0.0,,,,,,,,,,,
2011,7,220,DAL,False,RB,RB,O,Georgia,23.0,2012.0,0,0,0,0.0,Shaun Chapas,FB,Georgia,74.0,247.0,4.87,23.0,35.5,116.0,7.13,4.4
2011,7,221,NYG,False,RB,RB,O,Maryland,23.0,2013.0,0,0,0,1.0,Da'Rel Scott,RB,Maryland,71.0,211.0,4.4,19.0,34.0,117.0,7.15,4.2
2011,7,222,TAM,False,DB,DB,D,Florida International,22.0,2012.0,0,0,0,1.0,,,,,,,,,,,
2011,7,223,KAN,False,RB,RB,O,Yale,22.0,,0,0,0,,,,,,,,,,,,
2011,7,224,WAS,False,DE,DL,D,Florida St.,23.0,2012.0,0,0,0,0.0,Markus White,DE,Florida State,75.0,266.0,4.86,14.0,32.5,117.0,7.25,4.51
2011,8,225,BAL,False,RB,RB,O,Georgia Tech,23.0,2012.0,0,0,0,1.0,Anthony Allen,RB,Georgia Tech,73.0,228.0,4.56,24.0,41.5,120.0,6.79,4.06
2011,8,226,NOR,False,DL,DL,D,Pittsburgh,23.0,,0,0,0,,Greg Romeus,DE,Pittsburgh,77.0,264.0,4.79,,,,,
2011,8,227,NYJ,False,WR,WR,O,Colorado,23.0,,0,0,0,,,,,,,,,,,,
2011,8,228,STL,False,LB,LB,D,S.F. Austin,22.0,2011.0,0,0,0,0.0,,,,,,,,,,,
2011,8,229,STL,False,DB,DB,D,Oklahoma,23.0,2011.0,0,0,0,,,,,,,,,,,,
2011,8,230,ATL,False,DE,DL,D,South Carolina,22.0,2016.0,0,0,0,3.0,Cliff Matthews,DE,South Carolina,75.0,257.0,4.81,17.0,32.0,112.0,7.21,4.37
2011,8,231,MIA,False,DT,DL,D,Alabama A&M,22.0,2015.0,0,0,0,,,,,,,,,,,,
2011,8,232,PIT,False,RB,RB,O,Texas Tech,23.0,2012.0,0,0,0,1.0,,,,,,,,,,,
2011,8,233,GNB,False,DT,DL,D,Arizona St.,21.0,2024.0,0,0,7,,Lawrence Guy,DT,Arizona State,76.0,305.0,4.96,28.0,29.0,,7.6,4.43
2011,8,234,SDG,False,LB,LB,D,Missouri,22.0,2017.0,0,0,0,7.0,,,,,,,,,,,
2011,8,235,MIA,False,DB,DB,D,Montana,25.0,2015.0,0,0,1,9.0,,,,,,,,,,,
2011,8,236,MIN,False,WR,WR,O,Long Beach CC,21.0,2013.0,0,0,0,0.0,Stephen Burton,WR,West Texas A&M,73.0,221.0,4.5,19.0,34.5,117.0,7.04,4.31
2011,8,237,PHI,False,LB,LB,D,Connecticut,22.0,2012.0,0,0,0,,Greg Lloyd,ILB,Connecticut,73.0,246.0,4.8,22.0,32.0,109.0,7.17,4.46
2011,8,238,TAM,False,TE,TE,O,Idaho,24.0,,0,0,0,,Daniel Hardy,TE,Idaho,76.0,249.0,4.78,18.0,,,,
2011,8,239,SFO,False,G,OL,O,Montana St.,23.0,2019.0,0,0,3,15.0,Mike Person,OG,Montana State,76.0,299.0,5.07,21.0,28.0,108.0,7.44,4.5
2011,8,240,PHI,False,RB,RB,O,USC,23.0,2013.0,0,0,1,0.0,Stanley Havili,FB,USC,72.0,227.0,4.64,,,,,
2011,8,241,OAK,False,WR,WR,O,USC,23.0,2014.0,0,0,0,1.0,,,,,,,,,,,
2011,8,242,SEA,False,LB,LB,D,USC,22.0,2021.0,0,0,2,11.0,,,,,,,,,,,
2011,8,243,NOR,False,LB,LB,D,Illinois,22.0,2011.0,0,0,0,0.0,,,,,,,,,,,
2011,8,244,CAR,False,T,OL,O,Auburn,22.0,2011.0,0,0,0,1.0,Lee Ziemba,OT,Auburn,78.0,317.0,5.5,20.0,29.0,95.0,7.74,4.65
2011,8,245,BUF,False,DT,DL,D,Bethel (TN),24.0,,0,0,0,,,,,,,,,,,,
2011,8,246,CIN,False,RB,RB,O,Baylor,23.0,,0,0,0,,,,,,,,,,,,
2011,8,247,DEN,False,DL,DL,D,Oklahoma,23.0,,0,0,0,,Jeremy Beal,DE,Oklahoma,74.0,262.0,5.14,22.0,28.5,106.0,7.19,4.46
2011,8,248,CLE,False,DB,DB,D,Nebraska,21.0,2012.0,0,0,0,3.0,Eric Hagg,S,Nebraska,73.0,209.0,4.62,18.0,34.5,121.0,6.73,4.19
2011,8,249,ARI,False,WR,WR,O,San Diego St.,25.0,2011.0,0,0,0,0.0,DeMarco Sampson,WR,San Diego State,74.0,204.0,4.41,14.0,,,,
2011,8,250,SFO,False,DB,DB,D,Florida A&M,23.0,,0,0,0,,,,,,,,,,,,
2011,8,251,TEN,False,DB,DB,D,Pittsburgh,23.0,2014.0,0,0,0,4.0,,,,,,,,,,,
2011,8,252,DAL,False,G,OL,O,Wisconsin,23.0,2011.0,0,0,0,2.0,,,,,,,,,,,
2011,8,253,WAS,False,DT,DL,D,West Virginia,23.0,2013.0,0,0,0,2.0,Chris Neild,DT,West Virginia,74.0,319.0,5.06,30.0,29.0,106.0,7.56,4.46
2011,8,254,HOU,False,DE,DL,D,Rice,22.0,2013.0,0,0,0,,Cheta Ozougwu,DE,Rice,74.0,247.0,4.84,26.0,34.5,119.0,7.06,4.31
2012,1,1,IND,False,QB,QB,O,Stanford,22.0,2018.0,0,4,5,72.0,Andrew Luck,QB,Stanford,76.0,234.0,4.59,,36.0,124.0,6.8,4.28
2012,1,2,WAS,False,QB,QB,O,Baylor,22.0,2020.0,0,1,3,31.0,Robert Griffin,QB,Baylor,74.0,223.0,4.33,,39.0,120.0,,
2012,1,3,CLE,False,RB,RB,O,Alabama,22.0,2014.0,0,0,3,7.0,Trent Richardson,RB,Alabama,69.0,228.0,4.48,,,,,
2012,1,4,MIN,False,T,OL,O,USC,23.0,2017.0,0,1,5,29.0,Matt Kalil,OT,USC,79.0,306.0,4.96,30.0,27.0,,7.33,4.65
2012,1,5,JAX,False,WR,WR,O,Oklahoma St.,22.0,2013.0,0,0,1,9.0,Justin Blackmon,WR,Oklahoma State,73.0,207.0,4.46,14.0,,,,
2012,1,6,DAL,False,DB,DB,D,LSU,22.0,2019.0,0,0,5,13.0,Morris Claiborne,CB,LSU,71.0,188.0,4.5,,34.5,118.0,7.01,4.12
2012,1,7,TAM,False,DB,DB,D,Alabama,22.0,2019.0,0,0,7,11.0,Mark Barron,S,Alabama,73.0,213.0,4.54,,,,,
2012,1,8,MIA,False,QB,QB,O,Texas A&M,24.0,2023.0,0,1,10,47.0,Ryan Tannehill,QB,Texas A&M,76.0,221.0,4.65,,,,,
2012,1,9,CAR,True,LB,LB,D,Boston Col.,21.0,2019.0,5,7,8,91.0,Luke Kuechly,ILB,Boston Col.,75.0,242.0,4.58,27.0,38.0,123.0,6.92,4.12
2012,1,10,BUF,False,DB,DB,D,South Carolina,21.0,2024.0,2,5,12,18.0,Stephon Gilmore,CB,South Carolina,72.0,190.0,4.38,15.0,36.0,123.0,6.61,3.94
2012,1,11,KAN,False,DT,DL,D,Memphis,22.0,2020.0,0,2,8,41.0,Dontari Poe,DT,Memphis,75.0,346.0,4.89,44.0,29.5,105.0,7.9,4.56
2012,1,12,PHI,False,DT,DL,D,Mississippi St.,21.0,2023.0,1,6,12,95.0,Fletcher Cox,DT,Mississippi State,76.0,298.0,4.77,30.0,26.0,103.0,7.07,4.53
2012,1,13,ARI,False,WR,WR,O,Notre Dame,22.0,2018.0,0,0,3,27.0,Michael Floyd,WR,Notre Dame,75.0,220.0,4.4,16.0,36.5,122.0,,
2012,1,14,STL,False,DT,DL,D,LSU,21.0,2022.0,0,0,10,53.0,Michael Brockers,DT,LSU,77.0,322.0,5.31,,26.5,105.0,7.46,4.81
2012,1,15,SEA,False,DE,DL,D,West Virginia,24.0,2023.0,0,0,6,22.0,Bruce Irvin,OLB,West Virginia,75.0,245.0,4.41,23.0,33.5,123.0,6.7,4.03
2012,1,16,NYJ,False,DE,DL,D,North Carolina,22.0,2015.0,0,0,2,17.0,Quinton Coples,DE,North Carolina,78.0,284.0,4.69,25.0,31.5,109.0,7.57,4.78
2012,1,17,CIN,False,DB,DB,D,Alabama,22.0,2021.0,0,0,5,25.0,Dre Kirkpatrick,CB,Alabama,74.0,186.0,4.5,,35.0,120.0,,
2012,1,18,SDG,False,DE,DL,D,South Carolina,23.0,2023.0,0,3,6,52.0,Melvin Ingram,OLB,South Carolina,73.0,264.0,4.69,28.0,34.5,109.0,6.83,4.18
2012,1,19,CHI,False,DE,DL,D,Boise St.,23.0,2016.0,0,0,3,13.0,Shea McClellin,OLB,Boise State,75.0,260.0,4.62,19.0,31.5,118.0,7.07,4.33
2012,1,20,TEN,False,WR,WR,O,Baylor,22.0,2017.0,0,0,3,24.0,Kendall Wright,WR,Baylor,70.0,196.0,4.49,,38.5,121.0,6.93,4.18
2012,1,21,NWE,False,DE,DL,D,Syracuse,22.0,2022.0,2,4,10,25.0,Chandler Jones,DE,Syracuse,77.0,266.0,4.77,22.0,35.0,120.0,7.07,4.38
2012,1,22,CLE,False,QB,QB,O,Oklahoma St.,28.0,2018.0,0,0,1,10.0,Brandon Weeden,QB,Oklahoma State,75.0,221.0,4.89,,,,,
2012,1,23,DET,False,T,OL,O,Iowa,23.0,2023.0,0,0,10,27.0,Riley Reiff,OT,Iowa,78.0,313.0,5.16,23.0,26.5,98.0,7.87,4.75
2012,1,24,PIT,False,G,OL,O,Stanford,22.0,2020.0,2,6,8,69.0,David DeCastro,OG,Stanford,77.0,316.0,5.32,34.0,29.5,98.0,7.3,4.56
2012,1,25,NWE,False,LB,LB,D,Alabama,22.0,2021.0,0,2,8,65.0,Dont'a Hightower,ILB,Alabama,74.0,265.0,4.62,,32.0,,,
2012,1,26,HOU,False,DE,DL,D,Illinois,22.0,2021.0,0,0,8,49.0,Whitney Mercilus,DE,Illinois,76.0,261.0,4.68,27.0,32.0,118.0,7.17,4.53
2012,1,27,CIN,False,G,OL,O,Wisconsin,22.0,2025.0,0,1,13,29.0,Kevin Zeitler,OG,Wisconsin,76.0,314.0,5.32,32.0,29.0,101.0,7.77,4.61
2012,1,28,GNB,False,DE,DL,D,USC,22.0,2018.0,0,0,3,22.0,Nick Perry,DE,USC,75.0,271.0,4.55,35.0,38.5,124.0,7.25,4.66
2012,1,29,MIN,False,DB,DB,D,Notre Dame,23.0,2025.0,1,6,12,72.0,Harrison Smith,S,Notre Dame,74.0,213.0,4.54,19.0,34.0,122.0,6.63,4.12
2012,1,30,SFO,False,WR,WR,O,Illinois,22.0,2014.0,0,0,0,0.0,A.J. Jenkins,WR,Illinois,72.0,190.0,4.37,12.0,38.5,124.0,,
2012,1,31,TAM,False,RB,RB,O,Boise St.,23.0,2018.0,1,2,7,35.0,Doug Martin,RB,Boise State,69.0,223.0,4.46,28.0,36.0,120.0,6.79,4.16
2012,1,32,NYG,False,RB,RB,O,Virginia Tech,21.0,2013.0,0,0,0,5.0,David Wilson,RB,Virginia Tech,70.0,206.0,4.38,,41.0,132.0,7.09,4.12
2012,2,33,STL,False,WR,WR,O,Appalachian St.,23.0,2018.0,0,0,0,10.0,Brian Quick,WR,Appalachian State,75.0,220.0,4.5,15.0,34.0,119.0,7.1,4.23
2012,2,34,IND,False,TE,TE,O,Stanford,23.0,2017.0,0,0,4,18.0,Coby Fleener,TE,Stanford,78.0,247.0,4.51,27.0,,,,
2012,2,35,BAL,False,LB,LB,D,Alabama,22.0,2017.0,0,0,3,24.0,Courtney Upshaw,DE,Alabama,74.0,272.0,4.74,22.0,,,,
2012,2,36,DEN,False,DT,DL,D,Cincinnati,22.0,2020.0,0,0,9,45.0,Derek Wolfe,DT,Cincinnati,77.0,295.0,4.93,33.0,33.5,108.0,7.26,4.44
2012,2,37,CLE,False,T,OL,O,California,23.0,2020.0,1,0,8,18.0,Mitchell Schwartz,OT,California,77.0,318.0,5.38,23.0,26.5,89.0,7.86,4.87
2012,2,38,JAX,False,LB,LB,D,Clemson,23.0,2018.0,0,0,3,9.0,Andre Branch,DE,Clemson,76.0,259.0,4.67,19.0,32.5,120.0,7.19,4.25
2012,2,39,STL,False,DB,DB,D,North Alabama,23.0,2022.0,0,1,10,22.0,Janoris Jenkins,CB,Florida,70.0,193.0,4.41,,33.5,121.0,6.95,4.13
2012,2,40,CAR,False,G,OL,O,Midwestern St.,23.0,2018.0,0,0,1,18.0,Amini Silatolu,OG,Midwestern State,76.0,311.0,5.33,28.0,31.5,107.0,7.95,4.87
2012,2,41,BUF,False,G,OL,O,Georgia,22.0,2019.0,0,0,6,31.0,Cordy Glenn,OT,Georgia,78.0,345.0,5.08,31.0,23.5,93.0,8.13,5.0
2012,2,42,MIA,False,T,OL,O,Stanford,22.0,2014.0,0,0,2,10.0,Jonathan Martin,OT,Stanford,77.0,312.0,5.27,,,,,
2012,2,43,NYJ,False,WR,WR,O,Georgia Tech,21.0,2013.0,0,0,2,4.0,Stephen Hill,WR,Georgia Tech,76.0,215.0,4.36,14.0,39.5,133.0,6.88,4.48
2012,2,44,KAN,False,T,OL,O,Illinois,22.0,2019.0,0,0,4,19.0,Jeff Allen,OT,Illinois,76.0,307.0,5.17,26.0,27.5,102.0,8.01,4.9
2012,2,45,CHI,False,WR,WR,O,South Carolina,22.0,2020.0,0,1,8,33.0,Alshon Jeffery,WR,South Carolina,75.0,216.0,4.48,,,,,
2012,2,46,PHI,False,LB,LB,D,California,21.0,2020.0,0,0,7,32.0,Mychal Kendricks,ILB,California,71.0,239.0,4.44,24.0,39.5,127.0,,4.19
2012,2,47,SEA,False,LB,LB,D,Utah St.,22.0,2025.0,6,10,13,112.0,,,,,,,,,,,
2012,2,48,NWE,False,DB,DB,D,Illinois,22.0,2021.0,0,0,2,5.0,,,,,,,,,,,
2012,2,49,SDG,False,DT,DL,D,Connecticut,22.0,2016.0,0,0,3,22.0,Kendall Reyes,DT,Connecticut,76.0,299.0,4.82,36.0,34.5,113.0,7.43,4.53
2012,2,50,STL,False,RB,RB,O,Cincinnati,22.0,2016.0,0,0,0,1.0,Isaiah Pead,RB,Cincinnati,70.0,197.0,4.39,,33.0,116.0,6.95,4.32
2012,2,51,GNB,False,DT,DL,D,Michigan St.,22.0,2018.0,0,0,0,3.0,Jerel Worthy,DT,Michigan State,74.0,308.0,5.0,,28.5,107.0,7.6,4.56
2012,2,52,TEN,False,LB,LB,D,North Carolina,22.0,2019.0,0,1,5,16.0,Zach Brown,OLB,North Carolina,73.0,244.0,4.44,,33.5,116.0,,
2012,2,53,CIN,False,DT,DL,D,Penn St.,23.0,2016.0,0,0,0,3.0,Devon Still,DT,Penn State,77.0,303.0,5.01,26.0,29.5,,,
2012,2,54,DET,False,WR,WR,O,Oklahoma,24.0,2014.0,0,0,0,3.0,Ryan Broyles,WR,Oklahoma,70.0,192.0,4.57,21.0,,,,
2012,2,55,ATL,False,C,OL,O,Wisconsin,23.0,2014.0,0,0,2,16.0,Peter Konz,C,Wisconsin,77.0,314.0,5.16,18.0,,,,
2012,2,56,PIT,False,T,OL,O,Ohio St.,22.0,2016.0,0,0,1,11.0,Mike Adams,OT,Ohio State,79.0,323.0,5.28,19.0,28.5,100.0,7.94,4.95
2012,2,57,DEN,False,QB,QB,O,Arizona St.,21.0,2018.0,0,0,1,7.0,Brock Osweiler,QB,Arizona State,79.0,242.0,4.83,,,,,
2012,2,58,TAM,False,LB,LB,D,Nebraska,22.0,2025.0,1,1,13,93.0,Lavonte David,OLB,Nebraska,73.0,233.0,4.57,19.0,36.5,119.0,7.28,4.22
2012,2,59,PHI,False,DE,DL,D,Marshall,24.0,2022.0,0,0,1,19.0,Vinny Curry,DE,Marshall,75.0,266.0,4.87,,32.0,110.0,6.9,4.4
2012,2,60,BAL,False,T,OL,O,Iowa St.,23.0,2020.0,1,2,6,20.0,Kelechi Osemele,OT,Iowa State,77.0,333.0,5.22,32.0,26.5,104.0,7.91,4.87
2012,2,61,SFO,False,RB,RB,O,Oregon,22.0,2015.0,0,0,0,2.0,LaMichael James,RB,Oregon,68.0,194.0,4.35,15.0,35.0,123.0,6.88,4.12
2012,2,62,GNB,False,DB,DB,D,Vanderbilt,22.0,2022.0,0,2,7,7.0,Casey Hayward,CB,Vanderbilt,71.0,192.0,4.47,19.0,34.0,119.0,6.76,3.9
2012,2,63,NYG,False,WR,WR,O,LSU,21.0,2015.0,0,0,2,21.0,Rueben Randle,WR,LSU,75.0,210.0,4.55,15.0,31.0,121.0,6.99,4.36
2012,2,64,IND,False,TE,TE,O,Clemson,22.0,2018.0,0,0,4,11.0,Dwayne Allen,TE,Clemson,75.0,255.0,4.85,27.0,32.0,110.0,7.12,4.37
2012,3,65,STL,False,DB,DB,D,Montana,22.0,2019.0,0,0,5,24.0,Trumaine Johnson,CB,Montana,74.0,204.0,4.5,19.0,35.5,122.0,7.2,4.15
2012,3,66,MIN,False,DB,DB,D,Central Florida,21.0,2019.0,0,0,1,9.0,Josh Robinson,CB,Central Florida,70.0,199.0,4.29,17.0,38.5,133.0,6.55,3.97
2012,3,67,DEN,False,RB,RB,O,San Diego St.,20.0,2016.0,0,0,1,15.0,Ronnie Hillman,RB,San Diego State,69.0,200.0,4.42,17.0,37.0,,,
2012,3,68,HOU,False,WR,WR,O,Ohio St.,22.0,2014.0,0,0,0,2.0,DeVier Posey,WR,Ohio State,74.0,211.0,4.39,14.0,36.5,123.0,7.03,4.15
2012,3,69,BUF,False,WR,WR,O,North Carolina St.,23.0,2015.0,0,0,1,6.0,T.J. Graham,WR,North Carolina State,71.0,188.0,4.34,8.0,33.5,120.0,6.77,4.18
2012,3,70,JAX,False,P,P,S,California,23.0,2025.0,0,2,2,11.0,Bryan Anger,P,California,76.0,208.0,4.86,,,,,
2012,3,71,WAS,False,G,OL,O,SMU,23.0,2018.0,0,0,1,8.0,Josh LeRibeus,OG,SMU,75.0,312.0,5.31,29.0,26.0,96.0,7.64,4.65
2012,3,72,MIA,False,LB,LB,D,Miami (FL),21.0,2020.0,0,1,8,20.0,Olivier Vernon,DE,Miami (FL),74.0,261.0,4.73,31.0,34.5,122.0,7.39,4.5
2012,3,73,SDG,False,DB,DB,D,LSU,22.0,2012.0,0,0,0,1.0,Brandon Taylor,S,LSU,71.0,209.0,4.52,,33.5,118.0,7.32,4.37
2012,3,74,KAN,False,T,OL,O,Oklahoma,23.0,2017.0,0,0,1,12.0,Donald Stephenson,OT,Oklahoma,77.0,312.0,4.94,19.0,35.5,114.0,7.52,4.78
2012,3,75,SEA,False,QB,QB,O,Wisconsin,23.0,2025.0,0,10,12,125.0,Russell Wilson,QB,Wisconsin,71.0,204.0,4.53,,34.0,118.0,6.97,4.09
2012,3,76,HOU,False,G,OL,O,Miami (OH),23.0,2021.0,0,3,7,15.0,,,,,,,,,,,
2012,3,77,NYJ,False,LB,LB,D,Arkansas St.,23.0,2025.0,1,2,12,23.0,Demario Davis,OLB,Arkansas State,74.0,235.0,4.49,32.0,38.5,124.0,7.19,4.28
2012,3,78,MIA,False,TE,TE,O,Missouri,22.0,2013.0,0,0,0,0.0,Michael Egnew,TE,Missouri,77.0,252.0,4.52,21.0,36.0,131.0,7.03,4.32
2012,3,79,CHI,False,DB,DB,D,Oregon St.,22.0,,0,0,0,,,,,,,,,,,,
2012,3,80,ARI,False,DB,DB,D,Oklahoma,23.0,2015.0,0,0,0,2.0,Jamell Fleming,CB,Oklahoma,71.0,206.0,4.43,23.0,34.0,125.0,6.71,3.97
2012,3,81,DAL,False,DE,DL,D,Boise St.,22.0,2020.0,0,0,5,34.0,Tyrone Crawford,DE,Boise State,76.0,275.0,4.82,28.0,33.0,113.0,7.09,4.44
2012,3,82,TEN,False,DT,DL,D,Michigan,22.0,2015.0,0,0,0,6.0,Mike Martin,DT,Michigan,73.0,306.0,4.8,36.0,33.5,113.0,7.19,4.25
2012,3,83,CIN,False,WR,WR,O,Rutgers,23.0,2021.0,0,0,5,15.0,Mohamed Sanu,WR,Rutgers,73.0,211.0,4.62,19.0,36.0,126.0,6.88,4.22
2012,3,84,BAL,False,RB,RB,O,Temple,21.0,2015.0,0,0,0,10.0,Bernard Pierce,RB,Temple,72.0,218.0,4.45,17.0,36.5,123.0,7.07,4.28
2012,3,85,DET,False,DB,DB,D,Louisiana,23.0,2015.0,0,0,0,3.0,Bill Bentley,CB,Colorado,70.0,182.0,4.42,13.0,31.5,114.0,6.99,4.5
2012,3,86,PIT,False,LB,LB,D,Miami (FL),22.0,2017.0,0,0,1,9.0,Sean Spence,OLB,Miami (FL),71.0,231.0,4.66,12.0,33.5,119.0,7.46,4.28
2012,3,87,CLE,False,DT,DL,D,Cincinnati,24.0,2017.0,0,0,0,8.0,John Hughes,DT,Cincinnati,74.0,309.0,5.32,28.0,,,,
2012,3,88,PHI,False,QB,QB,O,Arizona,23.0,2022.0,0,1,3,24.0,Nick Foles,QB,Arizona,77.0,243.0,5.14,,30.5,112.0,,
2012,3,89,NOR,False,DE,DL,D,Regina,22.0,2022.0,0,1,7,13.0,,,,,,,,,,,
2012,3,90,NWE,False,DE,DL,D,Arkansas,23.0,2013.0,0,0,0,0.0,Jake Bequette,DE,Arkansas,77.0,274.0,4.75,,34.0,113.0,6.9,4.07
2012,3,91,ATL,False,T,OL,O,Southern Miss,23.0,2014.0,0,0,1,10.0,Lamar Holmes,OT,Southern Miss,77.0,323.0,5.29,22.0,27.0,104.0,7.74,4.8
2012,3,92,IND,False,WR,WR,O,Florida International,22.0,2022.0,0,4,8,71.0,T.Y. Hilton,WR,Florida International,69.0,183.0,4.34,,,,,
2012,3,93,CIN,False,DT,DL,D,Clemson,22.0,2015.0,0,0,0,7.0,Brandon Thompson,DT,Clemson,74.0,314.0,5.2,35.0,31.0,100.0,7.97,4.71
2012,3,94,NYG,False,DB,DB,D,Virginia Tech,21.0,2015.0,0,0,0,8.0,Jayron Hosley,CB,Virginia Tech,70.0,178.0,4.38,11.0,,,,
2012,3,95,OAK,False,T,OL,O,Utah,26.0,2020.0,0,0,0,3.0,Tony Bergstrom,OT,Utah,77.0,313.0,5.19,32.0,29.5,101.0,7.95,4.84
2012,3,96,STL,False,WR,WR,O,Wake Forest,22.0,2015.0,0,0,2,11.0,Chris Givens,WR,Wake Forest,71.0,198.0,4.35,19.0,33.5,118.0,6.97,4.23
2012,4,97,MIA,False,RB,RB,O,Miami (FL),21.0,2020.0,0,1,6,22.0,Lamar Miller,RB,Miami (FL),71.0,212.0,4.34,,33.0,,,
2012,4,98,BAL,False,G,OL,O,Delaware,23.0,2018.0,0,0,1,9.0,,,,,,,,,,,
2012,4,99,HOU,False,C,OL,O,Georgia,23.0,2022.0,0,1,10,16.0,Ben Jones,C,Georgia,75.0,303.0,5.35,29.0,30.5,105.0,7.95,4.74
2012,4,100,CLE,False,WR,WR,O,Miami (FL),22.0,2021.0,0,0,2,13.0,Travis Benjamin,WR,Miami (FL),70.0,172.0,4.31,14.0,38.0,119.0,,
2012,4,101,DEN,False,DB,DB,D,Arizona St.,23.0,2015.0,0,0,0,5.0,Omar Bolden,CB,Arizona State,70.0,202.0,4.51,24.0,,,,
2012,4,102,WAS,False,QB,QB,O,Michigan St.,24.0,2025.0,0,4,9,34.0,Kirk Cousins,QB,Michigan State,75.0,214.0,4.84,,28.5,109.0,7.05,4.5
2012,4,103,CAR,False,DE,DL,D,Oklahoma,22.0,2014.0,0,0,0,6.0,Frank Alexander,DE,Oklahoma,76.0,270.0,4.8,,,,,
2012,4,104,CAR,False,WR,WR,O,Arkansas,22.0,2012.0,0,0,0,0.0,Joe Adams,WR,Arkansas,71.0,179.0,4.51,,36.0,123.0,7.09,
2012,4,105,BUF,False,LB,LB,D,Florida St.,23.0,2020.0,0,0,7,16.0,Nigel Bradham,OLB,Florida State,74.0,241.0,4.56,24.0,37.0,121.0,7.18,4.37
2012,4,106,SEA,False,RB,RB,O,Utah St.,22.0,2019.0,0,0,0,12.0,Robert Turbin,RB,Utah State,70.0,222.0,4.42,28.0,36.0,122.0,7.16,4.31
2012,4,107,KAN,False,WR,WR,O,Fresno St.,24.0,2013.0,0,0,0,0.0,Devon Wylie,WR,Fresno State,69.0,187.0,4.36,17.0,39.0,123.0,,
2012,4,108,DEN,False,OL,OL,O,Baylor,26.0,,0,0,0,,Philip Blake,C,Baylor,75.0,311.0,5.17,22.0,29.5,105.0,7.86,4.65
2012,4,109,PIT,False,DT,DL,D,Washington,22.0,2014.0,0,0,0,,Alameda Ta'amu,DT,Washington,74.0,348.0,5.3,35.0,26.0,103.0,,
2012,4,110,SDG,False,TE,TE,O,Louisiana,22.0,2016.0,0,0,2,9.0,Ladarius Green,TE,Louisiana-Lafayette,78.0,238.0,4.45,16.0,34.5,124.0,7.12,4.47
2012,4,111,CHI,False,TE,TE,O,Temple,23.0,2014.0,0,0,0,0.0,Evan Rodriguez,FB,Temple,73.0,239.0,4.53,18.0,36.0,119.0,6.94,4.28
2012,4,112,ARI,False,T,OL,O,Mississippi,23.0,2021.0,0,0,9,19.0,Bobby Massie,OT,Mississippi,78.0,316.0,5.18,22.0,27.5,103.0,7.7,4.95
2012,4,113,DAL,False,LB,LB,D,Wake Forest,23.0,2021.0,0,0,1,11.0,Kyle Wilber,OLB,Wake Forest,76.0,249.0,4.73,25.0,33.5,117.0,7.11,4.31
2012,4,114,SEA,False,DT,DL,D,Florida,23.0,2016.0,0,0,2,0.0,Jaye Howard,DT,Florida,75.0,301.0,4.78,24.0,27.5,106.0,7.32,4.47
2012,4,115,TEN,False,DB,DB,D,Clemson,23.0,2019.0,0,0,2,12.0,Coty Sensabaugh,CB,Clemson,71.0,189.0,4.33,15.0,37.0,122.0,6.6,4.06
2012,4,116,CIN,False,TE,TE,O,Georgia,21.0,2018.0,0,0,0,1.0,Orson Charles,TE,Georgia,74.0,251.0,4.73,35.0,,,,
2012,4,117,SFO,False,G,OL,O,Wake Forest,22.0,2020.0,0,0,2,3.0,Joe Looney,OG,Wake Forest,75.0,309.0,5.02,26.0,,,,
2012,4,118,MIN,False,WR,WR,O,Arkansas,22.0,2019.0,0,0,1,19.0,Jarius Wright,WR,Arkansas,70.0,182.0,4.39,11.0,38.0,120.0,6.93,4.03
2012,4,119,WAS,False,LB,LB,D,Texas,23.0,2017.0,0,0,2,13.0,Keenan Robinson,ILB,Texas,75.0,242.0,4.72,27.0,35.5,120.0,,
2012,4,120,CLE,False,LB,LB,D,Nevada,23.0,2015.0,0,0,2,4.0,James-Michael Johnson,ILB,Nevada,73.0,241.0,4.6,23.0,37.0,124.0,7.34,4.37
2012,4,121,HOU,False,WR,WR,O,Michigan St.,22.0,2016.0,0,0,1,4.0,Keshawn Martin,WR,Michigan State,71.0,188.0,4.42,13.0,39.5,122.0,6.85,4.13
2012,4,122,NOR,False,WR,WR,O,Wisconsin,23.0,2015.0,0,0,0,3.0,Nick Toon,WR,Wisconsin,74.0,215.0,4.49,18.0,37.5,,,
2012,4,123,PHI,False,DB,DB,D,Georgia,22.0,2015.0,0,0,0,7.0,Brandon Boykin,CB,Georgia,69.0,182.0,4.44,,,,,
2012,4,124,BUF,False,DB,DB,D,LSU,23.0,2016.0,0,0,0,4.0,Ron Brooks,CB,LSU,70.0,190.0,4.37,12.0,38.0,120.0,,
2012,4,125,DET,False,LB,LB,D,Oklahoma,21.0,2012.0,0,0,0,1.0,Ronnell Lewis,OLB,Oklahoma,74.0,253.0,4.65,36.0,31.0,112.0,7.09,4.4
2012,4,126,HOU,False,DE,DL,D,Nebraska,23.0,2016.0,0,0,3,21.0,Jared Crick,DE,Nebraska,76.0,279.0,4.91,,31.0,104.0,7.47,4.4
2012,4,127,NYG,False,TE,TE,O,Cincinnati,23.0,2014.0,0,0,0,0.0,,,,,,,,,,,
2012,4,128,MIN,False,RB,RB,O,USC,23.0,2019.0,0,0,4,4.0,Rhett Ellison,TE,USC,77.0,251.0,4.78,,31.5,109.0,,
2012,5,129,OAK,False,LB,LB,D,San Diego St.,24.0,2014.0,0,0,2,14.0,Miles Burris,OLB,San Diego State,74.0,246.0,4.67,31.0,37.5,121.0,,
2012,5,130,BAL,False,DB,DB,D,South Carolina St.,22.0,2012.0,0,0,0,0.0,Christian Thompson,S,South Carolina State,72.0,211.0,4.42,18.0,31.5,122.0,7.33,4.13
2012,5,131,NYG,False,T,OL,O,Auburn,23.0,2014.0,0,0,0,2.0,Brandon Mosley,OT,Auburn,78.0,314.0,5.14,30.0,27.0,103.0,7.43,4.78
2012,5,132,GNB,False,DT,DL,D,Iowa,23.0,2021.0,0,1,6,36.0,Mike Daniels,DT,Iowa,72.0,291.0,4.84,,,,,
2012,5,133,GNB,False,DB,DB,D,Maine,23.0,2013.0,0,0,0,2.0,Jerron McMillian,S,Maine,71.0,203.0,4.47,17.0,36.5,120.0,6.69,4.22
2012,5,134,MIN,False,WR,WR,O,Arkansas,22.0,,0,0,0,,Greg Childs,WR,Arkansas,75.0,219.0,4.52,19.0,36.5,125.0,,
2012,5,135,DAL,False,DB,DB,D,Eastern Washington,23.0,,0,0,0,,,,,,,,,,,,
2012,5,136,IND,False,NT,DL,D,Alabama,23.0,2014.0,0,0,1,7.0,Josh Chapman,DT,Alabama,73.0,316.0,5.02,,,,,
2012,5,137,DEN,False,DT,DL,D,Tennessee,22.0,2021.0,0,1,5,14.0,Malik Jackson,DE,Tennessee,77.0,284.0,4.85,25.0,28.0,105.0,7.38,4.41
2012,5,138,DET,False,LB,LB,D,Temple,22.0,2021.0,0,0,7,26.0,Tahir Whitehead,OLB,Temple,73.0,233.0,4.62,21.0,37.0,124.0,7.14,4.37
2012,5,139,MIN,False,DB,DB,D,Notre Dame,23.0,2017.0,0,0,1,9.0,Robert Blanton,CB,Notre Dame,73.0,208.0,4.66,12.0,34.0,116.0,6.71,3.97
2012,5,140,TAM,False,LB,LB,D,West Virginia,23.0,2019.0,0,0,0,0.0,Najee Goode,ILB,West Virginia,72.0,244.0,4.55,,35.5,117.0,,
2012,5,141,WAS,False,G,OL,O,Iowa,23.0,2016.0,0,0,0,1.0,Adam Gettis,OG,Iowa,74.0,293.0,4.9,,31.5,112.0,7.99,4.65
2012,5,142,JAX,False,LB,LB,D,Nevada,22.0,2018.0,0,0,4,0.0,Brandon Marshall,OLB,Nevada,73.0,242.0,4.72,28.0,30.5,108.0,7.05,4.09
2012,5,143,CAR,False,DB,DB,D,Coastal Carolina,24.0,2023.0,1,1,8,22.0,Josh Norman,CB,Coastal Carolina,72.0,197.0,4.61,14.0,33.0,124.0,7.09,4.23
2012,5,144,BUF,False,OL,OL,O,Florida St.,22.0,,0,0,0,,Zebrie Sanders,OT,Florida State,78.0,320.0,5.33,28.0,27.0,100.0,8.15,4.99
2012,5,145,TEN,False,TE,TE,O,SMU,22.0,2014.0,0,0,0,0.0,,,,,,,,,,,
2012,5,146,KAN,False,DB,DB,D,Alabama,22.0,,0,0,0,,DeQuan Menzie,CB,Alabama,71.0,202.0,4.65,,33.0,116.0,,
2012,5,147,BUF,False,LB,LB,D,TCU,23.0,2016.0,0,0,0,,Tank Carder,ILB,TCU,74.0,236.0,4.58,19.0,34.5,121.0,6.89,4.18
2012,5,148,DET,False,DB,DB,D,Albion,23.0,2013.0,0,0,0,0.0,,,,,,,,,,,
2012,5,149,SDG,False,G,OL,O,Penn St.,24.0,2014.0,0,0,2,14.0,Johnnie Troutman,OG,Penn State,76.0,325.0,5.52,31.0,27.5,,7.96,5.0
2012,5,150,STL,False,G,OL,O,South Carolina,23.0,2013.0,0,0,0,0.0,Rokevious Watkins,OG,South Carolina,76.0,338.0,5.29,,27.0,102.0,7.87,4.9
2012,5,151,ARI,False,G,OL,O,Washington,22.0,2021.0,0,0,1,0.0,Senio Kelemete,OG,Washington,76.0,307.0,5.39,21.0,25.0,101.0,7.77,4.58
2012,5,152,DAL,False,WR,WR,O,Virginia Tech,24.0,,0,0,0,,Danny Coale,WR,Virginia Tech,72.0,201.0,4.42,12.0,35.0,115.0,6.69,4.15
2012,5,153,PHI,False,T,OL,O,Purdue,22.0,2023.0,0,0,1,6.0,,,,,,,,,,,
2012,5,154,SEA,False,LB,LB,D,Idaho,23.0,2018.0,0,0,0,,,,,,,,,,,,
2012,5,155,MIA,False,LB,LB,D,Oregon,22.0,2014.0,0,0,0,0.0,Josh Kaddu,OLB,Oregon,75.0,239.0,4.67,20.0,34.0,119.0,,
2012,5,156,CIN,False,DB,DB,D,Iowa,22.0,2015.0,0,0,0,,Shaun Prater,CB,Iowa,70.0,190.0,4.5,14.0,,,,
2012,5,157,ATL,False,RB,RB,O,Wisconsin,22.0,2013.0,0,0,0,0.0,Bradie Ewing,FB,Wisconsin,72.0,239.0,4.73,14.0,36.5,120.0,7.14,4.16
2012,5,158,OAK,False,DE,DL,D,Penn St.,24.0,2020.0,0,0,3,1.0,Jack Crawford,DE,Penn State,77.0,274.0,4.74,,33.0,116.0,7.15,4.25
2012,5,159,PIT,False,RB,RB,O,Florida,24.0,2013.0,0,0,0,1.0,Chris Rainey,RB,Florida,68.0,180.0,4.36,16.0,36.5,120.0,6.5,3.93
2012,5,160,CLE,False,G,OL,O,Colorado,23.0,2012.0,0,0,0,1.0,Ryan Miller,OG,Colorado,79.0,321.0,5.16,32.0,28.0,100.0,7.72,4.78
2012,6,161,HOU,False,K,K,S,Texas A&M,22.0,2023.0,0,0,1,3.0,Randy Bullock,K,Texas A&M,69.0,205.0,,,,,,
2012,6,162,NOR,False,DB,DB,D,Samford,22.0,2016.0,0,0,1,10.0,Corey White,S,Samford,71.0,206.0,4.53,15.0,37.5,126.0,6.72,4.22
2012,6,163,GNB,False,LB,LB,D,North Carolina St.,22.0,2014.0,0,0,0,0.0,Terrell Manning,OLB,North Carolina State,74.0,237.0,4.71,22.0,32.5,114.0,7.18,4.43
2012,6,164,ATL,False,DE,DL,D,Troy,24.0,2014.0,0,0,0,6.0,Jonathan Massaquoi,OLB,Troy,74.0,264.0,4.81,20.0,33.5,120.0,7.38,4.53
2012,6,165,SFO,False,LB,LB,D,Notre Dame,23.0,2015.0,0,0,0,,Darius Fleming,OLB,Notre Dame,74.0,245.0,4.71,27.0,33.5,114.0,7.03,4.28
2012,6,166,CIN,False,WR,WR,O,California,22.0,2023.0,0,0,8,15.0,Marvin Jones,WR,California,74.0,199.0,4.46,22.0,33.0,112.0,6.81,4.11
2012,6,167,CIN,False,DB,DB,D,Boise St.,22.0,2020.0,0,0,4,27.0,George Iloka,S,Boise State,76.0,225.0,4.6,20.0,34.5,124.0,7.03,4.03
2012,6,168,OAK,False,WR,WR,O,Arizona,22.0,2013.0,0,0,0,1.0,Juron Criner,WR,Arizona,74.0,224.0,4.66,17.0,38.0,117.0,7.15,4.3
2012,6,169,BAL,False,DB,DB,D,Cal Poly-San Luis Obispo,22.0,2017.0,0,0,0,2.0,Asa Jackson,CB,Cal Poly,70.0,191.0,4.48,19.0,34.5,118.0,6.97,4.03
2012,6,170,IND,False,RB,RB,O,Mississippi St.,22.0,2013.0,0,0,1,5.0,Vick Ballard,RB,Mississippi State,70.0,219.0,4.59,23.0,33.0,115.0,7.03,4.19
2012,6,171,STL,False,K,K,S,Missouri Western St.,24.0,2024.0,1,1,2,20.0,,,,,,,,,,,
2012,6,172,SEA,False,DB,DB,D,Northwestern St. (LA),22.0,2017.0,0,0,1,10.0,,,,,,,,,,,
2012,6,173,WAS,False,RB,RB,O,Florida Atlantic,23.0,2020.0,0,2,4,28.0,Alfred Morris,RB,Florida Atlantic,70.0,219.0,4.63,16.0,35.5,117.0,7.01,4.19
2012,6,174,TAM,False,DB,DB,D,West Virginia,23.0,2018.0,0,0,0,8.0,,,,,,,,,,,
2012,6,175,MIN,False,K,K,S,Georgia,22.0,2017.0,1,1,0,13.0,Blair Walsh,K,Georgia,69.0,187.0,4.96,,,,,
2012,6,176,JAX,False,DB,DB,D,Florida St.,23.0,2014.0,0,0,0,5.0,Mike Harris,CB,Florida State,70.0,188.0,4.52,,36.0,117.0,6.81,4.07
2012,6,177,ARI,False,DB,DB,D,Presbyterian,22.0,2023.0,0,3,0,16.0,Justin Bethel,S,Presbyterian,72.0,200.0,4.52,19.0,39.5,131.0,6.79,4.3
2012,6,178,BUF,False,G,OL,O,Oregon,26.0,2013.0,0,0,0,0.0,Mark Asper,OG,Oregon,78.0,319.0,5.32,23.0,,,,
2012,6,179,NOR,False,G,OL,O,Syracuse,23.0,2016.0,0,0,0,,Andrew Tiller,OG,Syracuse,76.0,324.0,5.44,16.0,23.0,85.0,7.92,4.8
2012,6,180,SFO,False,DB,DB,D,Michigan St.,22.0,2015.0,0,0,1,0.0,,,,,,,,,,,
2012,6,181,SEA,False,DB,DB,D,Kentucky,22.0,2016.0,0,0,0,0.0,Winston Guy,S,Kentucky,73.0,218.0,4.62,,,,,
2012,6,182,KAN,False,RB,RB,O,Texas A&M,22.0,2014.0,0,0,0,1.0,Cyrus Gray,RB,Texas A&M,70.0,206.0,4.4,21.0,32.5,114.0,7.17,
2012,6,183,MIA,False,WR,WR,O,Michigan St.,23.0,2013.0,0,0,0,,B.J. Cunningham,WR,Michigan State,73.0,211.0,4.52,12.0,31.5,116.0,7.1,
2012,6,184,CHI,False,DB,DB,D,Nevada,22.0,2014.0,0,0,0,3.0,,,,,,,,,,,
2012,6,185,ARI,False,QB,QB,O,San Diego St.,23.0,2015.0,0,0,0,-4.0,Ryan Lindley,QB,San Diego State,76.0,229.0,4.86,,29.5,108.0,7.52,4.45
2012,6,186,DAL,False,TE,TE,O,Oklahoma,23.0,2017.0,0,0,4,3.0,James Hanna,TE,Oklahoma,76.0,252.0,4.43,24.0,36.0,122.0,6.76,4.11
2012,6,187,NYJ,False,DB,DB,D,Wake Forest,23.0,2015.0,0,0,0,2.0,,,,,,,,,,,
2012,6,188,DEN,False,LB,LB,D,Kentucky,22.0,2021.0,0,0,7,19.0,Danny Trevathan,OLB,Kentucky,72.0,237.0,4.84,18.0,31.5,111.0,,
2012,6,189,OAK,False,DE,DL,D,Georgia St.,22.0,2014.0,0,0,0,1.0,,,,,,,,,,,
2012,6,190,TEN,False,DB,DB,D,Oklahoma St.,22.0,,0,0,0,,Markelle Martin,S,Oklahoma State,73.0,207.0,4.47,19.0,,,,
2012,6,191,CIN,False,RB,RB,O,Ohio St.,23.0,2015.0,0,0,0,0.0,Dan Herron,RB,Ohio State,70.0,213.0,4.57,22.0,35.0,117.0,6.97,4.04
2012,6,192,ATL,False,DB,DB,D,Mississippi St.,22.0,2012.0,0,0,0,1.0,Charles Mitchell,S,Mississippi State,71.0,202.0,4.56,19.0,37.0,127.0,6.93,4.22
2012,7,193,WAS,False,T,OL,O,South Dakota,23.0,2022.0,0,0,2,7.0,Tom Compton,OT,South Dakota,77.0,314.0,5.01,20.0,30.0,108.0,7.59,4.6
2012,7,194,PHI,False,WR,WR,O,Iowa,23.0,2013.0,0,0,0,0.0,Marvin McNutt,WR,Iowa,75.0,216.0,4.48,,37.0,122.0,7.15,4.07
2012,7,195,HOU,False,OL,OL,O,Purdue,23.0,,0,0,0,,,,,,,,,,,,
2012,7,196,DET,False,DB,DB,D,New Mexico St.,23.0,2013.0,0,0,0,4.0,,,,,,,,,,,
2012,7,197,NWE,False,DB,DB,D,Ohio St.,23.0,2021.0,0,0,0,11.0,,,,,,,,,,,
2012,7,198,BAL,False,WR,WR,O,Miami (FL),22.0,2014.0,0,0,0,,Tommy Streeter,WR,Miami (FL),77.0,219.0,4.37,17.0,33.0,125.0,7.08,
2012,7,199,SFO,False,OL,OL,O,Western Oregon,23.0,,0,0,0,,,,,,,,,,,,
2012,7,200,PHI,False,G,OL,O,Miami (FL),24.0,2013.0,0,0,0,,Brandon Washington,OG,Miami (FL),75.0,320.0,5.14,28.0,25.0,101.0,8.22,4.87
2012,7,201,NYG,False,T,OL,O,Ala-Birmingham,23.0,2016.0,0,0,0,,Matt McCants,OT,Ala-Birmingham,78.0,308.0,5.4,17.0,25.5,97.0,,
2012,7,202,NYJ,False,RB,RB,O,Baylor,23.0,2012.0,0,0,0,,Terrance Ganaway,RB,Baylor,71.0,239.0,4.61,,37.5,119.0,7.15,4.25
2012,7,203,NYJ,False,OL,OL,O,Baylor,22.0,,0,0,0,,,,,,,,,,,,
2012,7,204,CLE,False,LB,LB,D,Texas,21.0,2014.0,0,0,0,,Emmanuel Acho,OLB,Texas,74.0,238.0,4.64,24.0,35.5,118.0,,
2012,7,205,CLE,False,DT,DL,D,Boise St.,23.0,2020.0,0,0,2,12.0,Billy Winn,DE,Boise State,76.0,294.0,4.86,24.0,27.0,107.0,7.37,4.44
2012,7,206,IND,False,WR,WR,O,Ohio,23.0,2013.0,0,0,0,3.0,LaVon Brazill,WR,Ohio,71.0,192.0,4.43,11.0,32.5,,,
2012,7,207,CAR,False,P,P,S,Wisconsin,22.0,2017.0,0,0,0,7.0,Brad Nortman,P,Wisconsin,74.0,213.0,4.78,,,,,
2012,7,208,IND,False,OL,OL,O,Georgia,24.0,,0,0,0,,Justin Anderson,OT,Georgia,76.0,335.0,5.24,32.0,27.0,101.0,8.04,4.99
2012,7,209,STL,False,LB,LB,D,Hawaii,,,0,0,0,,,,,,,,,,,,
2012,7,210,MIN,False,LB,LB,D,North Carolina St.,23.0,2016.0,0,0,0,7.0,Audie Cole,ILB,North Carolina State,76.0,246.0,4.76,15.0,35.0,114.0,6.96,4.29
2012,7,211,TEN,False,DE,DL,D,Rice,23.0,2015.0,0,0,0,1.0,Scott Solomon,DE,Rice,75.0,262.0,4.88,34.0,35.0,124.0,7.17,4.25
2012,7,212,TAM,False,RB,RB,O,Utah St.,24.0,2012.0,0,0,0,0.0,,,,,,,,,,,
2012,7,213,WAS,False,DB,DB,D,SMU,22.0,2012.0,0,0,0,1.0,,,,,,,,,,,
2012,7,214,IND,False,DE,DL,D,Vanderbilt,23.0,,0,0,0,,,,,,,,,,,,
2012,7,215,MIA,False,DT,DL,D,Texas,23.0,2012.0,0,0,0,1.0,Kheeston Randall,DT,Texas,77.0,293.0,5.0,28.0,34.0,111.0,7.49,4.84
2012,7,216,CAR,False,DB,DB,D,California,23.0,2013.0,0,0,0,2.0,,,,,,,,,,,
2012,7,217,WAS,False,DB,DB,D,Iowa,23.0,2012.0,0,0,0,0.0,,,,,,,,,,,
2012,7,218,KAN,False,DT,DL,D,San Diego St.,22.0,2013.0,0,0,0,,,,,,,,,,,,
2012,7,219,MIN,False,DE,DL,D,California,,,0,0,0,,Trevor Guyton,DE,California,75.0,285.0,5.01,,31.0,105.0,7.45,4.53
2012,7,220,CHI,False,DB,DB,D,TCU,23.0,,0,0,0,,,,,,,,,,,,
2012,7,221,ARI,False,T,OL,O,Boise St.,24.0,2013.0,0,0,0,3.0,Nate Potter,OT,Boise State,78.0,303.0,5.26,22.0,28.5,100.0,7.49,4.67
2012,7,222,DAL,False,LB,LB,D,Montana,22.0,,0,0,0,,Caleb McSurdy,ILB,Montana,73.0,245.0,4.82,26.0,30.0,110.0,7.26,4.28
2012,7,223,DET,False,LB,LB,D,Oklahoma,24.0,2015.0,0,0,0,4.0,Travis Lewis,OLB,Oklahoma,73.0,246.0,4.83,22.0,36.0,122.0,,
2012,7,224,NWE,False,DB,DB,D,Nebraska,22.0,2014.0,0,0,1,9.0,Alfonzo Dennard,CB,Nebraska,70.0,204.0,4.48,,37.0,121.0,,
2012,8,225,SEA,False,DT,DL,D,North Carolina St.,23.0,2020.0,0,0,7,32.0,J.R. Sweezy,DT,North Carolina State,77.0,298.0,4.97,21.0,36.0,113.0,7.4,4.41
2012,8,226,SDG,False,C,OL,O,Michigan,23.0,2015.0,0,0,0,1.0,David Molk,C,Michigan,73.0,298.0,5.18,41.0,,,,
2012,8,227,MIA,False,WR,WR,O,Nevada,22.0,2018.0,0,0,4,8.0,Rishard Matthews,WR,Nevada,72.0,217.0,4.54,20.0,36.0,,6.88,4.19
2012,8,228,JAX,False,DT,DL,D,Ashland,28.0,2013.0,0,0,0,0.0,,,,,,,,,,,
2012,8,229,PHI,False,RB,RB,O,Kansas St.,21.0,2015.0,0,0,0,6.0,,,,,,,,,,,
2012,8,230,OAK,False,LB,LB,D,Penn St.,24.0,2019.0,0,0,1,,Nathan Stupar,OLB,Penn State,74.0,241.0,4.65,21.0,31.0,116.0,6.84,4.28
2012,8,231,PIT,False,WR,WR,O,Colorado,23.0,2012.0,0,0,0,,,,,,,,,,,,
2012,8,232,SEA,False,DE,DL,D,Louisville,22.0,2016.0,0,0,0,1.0,,,,,,,,,,,
2012,8,233,TAM,False,TE,TE,O,Northwestern,23.0,,0,0,0,,Drake Dunsmore,FB,Northwestern,74.0,241.0,4.63,21.0,35.5,117.0,6.73,4.03
2012,8,234,NOR,False,OL,OL,O,Nebraska,24.0,,0,0,0,,Marcel Jones,OT,Nebraska,78.0,320.0,5.57,13.0,27.5,95.0,8.03,5.12
2012,8,235,NWE,False,WR,WR,O,Northwestern,23.0,2013.0,0,0,0,,,,,,,,,,,,
2012,8,236,BAL,False,DT,DL,D,Georgia,23.0,2014.0,0,0,0,6.0,DeAngelo Tyson,DT,Georgia,74.0,315.0,5.0,,,,,
2012,8,237,SFO,False,DE,DL,D,Virginia,22.0,2016.0,0,0,1,0.0,Cam Johnson,DE,Virginia,75.0,268.0,4.75,,35.0,105.0,7.2,4.38
2012,8,238,KAN,False,WR,WR,O,Michigan,23.0,2014.0,0,0,0,2.0,Junior Hemingway,WR,Michigan,73.0,225.0,4.48,21.0,35.5,124.0,6.59,3.98
2012,8,239,NYG,False,DT,DL,D,North Carolina St.,26.0,2015.0,0,0,0,6.0,Markus Kuhn,DT,North Carolina State,77.0,299.0,4.87,28.0,34.5,112.0,7.43,4.41
2012,8,240,PIT,False,TE,TE,O,Oregon,23.0,2013.0,0,0,0,1.0,David Paulson,TE,Oregon,75.0,246.0,4.79,21.0,32.0,110.0,7.18,4.4
2012,8,241,GNB,False,OL,OL,O,Florida St.,22.0,,0,0,0,,Andrew Datko,OT,Florida State,78.0,315.0,5.19,,29.5,100.0,7.71,4.54
2012,8,242,NYJ,False,DB,DB,D,South Carolina,23.0,2016.0,0,0,2,9.0,Antonio Allen,S,South Carolina,73.0,210.0,4.58,17.0,34.0,118.0,7.02,4.25
2012,8,243,GNB,False,QB,QB,O,Chattanooga,23.0,,0,0,0,,B.J. Coleman,QB,Tenn-Chattanooga,75.0,233.0,4.94,,,109.0,7.07,4.38
2012,8,244,NYJ,False,WR,WR,O,Western Michigan,24.0,2012.0,0,0,0,0.0,Jordan White,WR,West. Michigan,72.0,208.0,4.63,14.0,35.0,119.0,6.84,4.13
2012,8,245,CLE,False,DB,DB,D,Arizona,23.0,2016.0,0,0,0,1.0,Trevin Wade,CB,Arizona,70.0,192.0,4.52,18.0,34.5,116.0,6.87,4.0
2012,8,246,PIT,False,DB,DB,D,Texas A&M,22.0,2014.0,0,0,0,,Terrence Frederick,CB,Texas A&M,70.0,187.0,4.44,16.0,35.0,121.0,6.59,4.03
2012,8,247,CLE,False,TE,TE,O,Alabama,23.0,2013.0,0,0,0,0.0,,,,,,,,,,,
2012,8,248,PIT,False,T,OL,O,SMU,23.0,2025.0,0,0,10,14.0,Kelvin Beachum,OG,SMU,75.0,303.0,5.38,19.0,28.5,101.0,7.79,4.8
2012,8,249,ATL,False,DT,DL,D,South Carolina,23.0,2014.0,0,0,0,1.0,Travian Robertson,DT,South Carolina,76.0,302.0,5.12,30.0,26.0,102.0,,
2012,8,250,SDG,False,RB,RB,O,Michigan St.,21.0,2014.0,0,0,0,,Edwin Baker,RB,Michigan State,68.0,204.0,4.44,20.0,35.0,111.0,7.27,4.31
2012,8,251,BUF,False,K,K,S,Western Michigan,22.0,2013.0,0,0,0,0.0,,,,,,,,,,,
2012,8,252,STL,False,RB,RB,O,Abilene Christian,22.0,2016.0,0,0,0,7.0,,,,,,,,,,,
2012,8,253,IND,False,QB,QB,O,Northern Illinois,24.0,,0,0,0,,Chandler Harnish,QB,Northern Illinois,74.0,219.0,4.68,,32.5,112.0,6.78,4.15
2013,1,1,KAN,False,T,OL,O,Central Michigan,22.0,2021.0,0,2,8,56.0,Eric Fisher,OT,Central Michigan,79.0,306.0,5.05,27.0,28.5,116.0,7.59,4.44
2013,1,2,JAX,False,T,OL,O,Texas A&M,21.0,2017.0,0,0,3,16.0,Luke Joeckel,OT,Texas A&M,78.0,306.0,5.3,27.0,28.5,106.0,7.4,4.68
2013,1,3,MIA,False,DE,DL,D,Oregon,23.0,2020.0,0,0,0,3.0,Dion Jordan,OLB,Oregon,78.0,248.0,4.54,,32.5,122.0,7.02,4.35
2013,1,4,PHI,False,T,OL,O,Oklahoma,23.0,2025.0,2,6,11,89.0,Lane Johnson,OT,Oklahoma,78.0,303.0,4.72,28.0,34.0,118.0,7.31,4.52
2013,1,5,DET,False,DE,DL,D,BYU,24.0,2020.0,0,1,5,37.0,Ziggy Ansah,DE,BYU,77.0,271.0,4.56,21.0,34.5,118.0,7.11,4.26
2013,1,6,CLE,False,LB,LB,D,LSU,22.0,2020.0,0,0,2,10.0,Barkevious Mingo,OLB,LSU,76.0,241.0,4.58,,37.0,128.0,6.84,4.39
2013,1,7,ARI,False,G,OL,O,North Carolina,23.0,2018.0,0,0,2,7.0,Jonathan Cooper,OG,North Carolina,74.0,311.0,5.07,35.0,27.0,108.0,7.78,4.84
2013,1,8,STL,False,WR,WR,O,West Virginia,23.0,2021.0,0,0,4,22.0,Tavon Austin,WR,West Virginia,68.0,174.0,4.34,14.0,32.0,120.0,,4.01
2013,1,9,NYJ,False,DB,DB,D,Alabama,21.0,2015.0,0,0,1,6.0,Dee Milliner,CB,Alabama,72.0,201.0,4.37,,36.0,122.0,6.95,4.32
2013,1,10,TEN,False,G,OL,O,Alabama,21.0,2018.0,0,0,3,20.0,Chance Warmack,OG,Alabama,74.0,317.0,5.49,,,110.0,,
2013,1,11,SDG,False,T,OL,O,Alabama,22.0,2020.0,0,0,7,29.0,D.J. Fluker,OT,Alabama,77.0,339.0,5.31,21.0,,,,
2013,1,12,OAK,False,DB,DB,D,Houston,23.0,2021.0,0,0,2,8.0,D.J. Hayden,CB,Houston,71.0,191.0,4.4,,,,,
2013,1,13,NYJ,False,DT,DL,D,Missouri,22.0,2021.0,0,1,8,32.0,Sheldon Richardson,DT,Missouri,74.0,294.0,5.02,30.0,32.0,116.0,,
2013,1,14,CAR,False,DT,DL,D,Utah,23.0,2021.0,0,0,7,28.0,Star Lotulelei,DT,Utah,74.0,311.0,5.14,,,,,
2013,1,15,NOR,False,DB,DB,D,Texas,22.0,2020.0,0,0,7,20.0,Kenny Vaccaro,S,Texas,72.0,214.0,4.63,15.0,38.0,121.0,6.78,4.06
2013,1,16,BUF,False,QB,QB,O,Florida St.,23.0,2017.0,0,0,1,10.0,E.J. Manuel,QB,Florida State,77.0,237.0,4.65,,34.0,118.0,7.08,4.21
2013,1,17,PIT,False,LB,LB,D,Georgia,23.0,2016.0,0,0,1,17.0,Jarvis Jones,OLB,Georgia,74.0,245.0,4.74,,,,,
2013,1,18,SFO,False,DB,DB,D,LSU,21.0,2019.0,0,1,7,26.0,Eric Reid,S,LSU,73.0,213.0,4.53,17.0,40.5,134.0,6.99,4.22
2013,1,19,NYG,False,T,OL,O,Syracuse,23.0,2023.0,0,0,10,25.0,Justin Pugh,OT,Syracuse,76.0,307.0,5.12,,28.5,103.0,7.45,4.63
2013,1,20,CHI,False,G,OL,O,Oregon,24.0,2019.0,0,3,6,40.0,Kyle Long,OG,Oregon,78.0,313.0,4.91,,28.0,107.0,7.83,4.63
2013,1,21,CIN,False,TE,TE,O,Notre Dame,22.0,2020.0,0,1,2,17.0,Tyler Eifert,TE,Notre Dame,77.0,250.0,4.68,22.0,35.5,119.0,6.92,4.32
2013,1,22,ATL,False,DB,DB,D,Washington,22.0,2021.0,0,1,8,35.0,Desmond Trufant,CB,Washington,72.0,190.0,4.38,16.0,37.5,125.0,,3.85
2013,1,23,MIN,False,DT,DL,D,Florida,21.0,2016.0,0,0,2,13.0,Sharrif Floyd,DT,Florida,75.0,297.0,4.92,,30.0,106.0,7.4,4.75
2013,1,24,IND,False,DE,DL,D,Florida St.,23.0,2015.0,0,0,1,10.0,Bjoern Werner,DE,Florida State,75.0,266.0,4.83,25.0,31.0,111.0,7.3,4.4
2013,1,25,MIN,False,DB,DB,D,Florida St.,23.0,2022.0,1,3,8,43.0,Xavier Rhodes,CB,Florida State,73.0,210.0,4.43,14.0,40.5,132.0,,
2013,1,26,GNB,False,DE,DL,D,UCLA,23.0,2020.0,0,0,0,9.0,Datone Jones,DE,UCLA,76.0,283.0,4.8,29.0,31.5,112.0,7.32,4.32
2013,1,27,HOU,False,WR,WR,O,Clemson,21.0,2025.0,3,5,10,54.0,DeAndre Hopkins,WR,Clemson,73.0,214.0,4.57,15.0,36.0,115.0,,4.5
2013,1,28,DEN,False,DT,DL,D,North Carolina,24.0,2020.0,0,0,4,22.0,Sylvester Williams,DT,North Carolina,75.0,313.0,5.03,27.0,26.5,102.0,7.93,4.8
2013,1,29,MIN,False,WR,WR,O,Tennessee,22.0,2024.0,4,4,4,16.0,Cordarrelle Patterson,WR,Tennessee,74.0,216.0,4.42,,37.0,128.0,,
2013,1,30,STL,False,LB,LB,D,Georgia,21.0,2021.0,0,0,7,37.0,Alec Ogletree,OLB,Georgia,74.0,242.0,4.7,20.0,33.5,122.0,7.16,4.39
2013,1,31,DAL,False,C,OL,O,Wisconsin,22.0,2019.0,1,5,6,60.0,Travis Frederick,C,Wisconsin,76.0,312.0,5.58,21.0,28.5,97.0,7.81,4.76
2013,1,32,BAL,False,DB,DB,D,Florida,22.0,2016.0,0,0,2,12.0,Matt Elam,S,Florida,70.0,208.0,4.43,17.0,35.5,118.0,,
2013,2,33,JAX,False,DB,DB,D,Florida International,23.0,2020.0,0,0,5,21.0,Jonathan Cyprien,S,Florida International,72.0,217.0,4.64,,38.5,,,
2013,2,34,TEN,False,WR,WR,O,Tennessee,22.0,2018.0,0,0,1,7.0,Justin Hunter,WR,Tennessee,76.0,196.0,4.44,,39.5,136.0,,4.33
2013,2,35,PHI,False,TE,TE,O,Stanford,22.0,2025.0,0,3,8,40.0,Zach Ertz,TE,Stanford,77.0,249.0,4.76,24.0,30.5,111.0,7.08,4.47
2013,2,36,DET,False,DB,DB,D,Mississippi St.,22.0,2025.0,1,6,11,39.0,Darius Slay,CB,Mississippi State,72.0,192.0,4.36,14.0,35.5,124.0,6.9,4.21
2013,2,37,CIN,False,RB,RB,O,North Carolina,21.0,2022.0,0,0,2,41.0,Giovani Bernard,RB,North Carolina,68.0,202.0,4.53,19.0,33.5,122.0,6.91,4.12
2013,2,38,SDG,False,LB,LB,D,Notre Dame,22.0,2020.0,0,0,4,14.0,Manti Te'o,ILB,Notre Dame,73.0,241.0,4.82,,33.0,113.0,7.13,4.27
2013,2,39,NYJ,False,QB,QB,O,West Virginia,22.0,2025.0,0,2,5,12.0,Geno Smith,QB,West Virginia,74.0,218.0,4.58,,33.5,124.0,,
2013,2,40,SFO,False,DE,DL,D,Florida St.,23.0,2019.0,0,0,0,7.0,Tank Carradine,DE,Florida State,76.0,276.0,4.9,28.0,,,,
2013,2,41,BUF,False,WR,WR,O,USC,21.0,2024.0,0,0,10,15.0,Robert Woods,WR,USC,72.0,201.0,4.51,14.0,33.5,117.0,7.15,4.47
2013,2,42,OAK,False,T,OL,O,Florida St.,24.0,2017.0,0,0,2,7.0,Menelik Watson,OT,Florida State,77.0,310.0,5.29,,24.5,103.0,8.31,5.01
2013,2,43,TAM,False,DB,DB,D,Mississippi St.,23.0,2017.0,0,0,2,11.0,Johnthan Banks,CB,Mississippi State,74.0,185.0,4.61,10.0,34.0,125.0,6.97,4.27
2013,2,44,CAR,False,DT,DL,D,Purdue,24.0,2020.0,0,2,5,41.0,Kawann Short,DT,Purdue,75.0,299.0,5.08,,,,,
2013,2,45,ARI,False,LB,LB,D,LSU,22.0,2021.0,0,0,3,19.0,Kevin Minter,ILB,LSU,72.0,246.0,4.81,25.0,33.0,119.0,,
2013,2,46,BUF,False,LB,LB,D,Oregon,23.0,2019.0,0,0,4,10.0,Kiko Alonso,ILB,Oregon,75.0,238.0,4.74,,,,,
2013,2,47,DAL,False,TE,TE,O,San Diego St.,22.0,2017.0,0,0,0,2.0,Gavin Escobar,TE,San Diego State,78.0,254.0,4.84,,32.0,114.0,7.07,4.31
2013,2,48,PIT,False,RB,RB,O,Michigan St.,21.0,2021.0,2,3,5,55.0,Le'Veon Bell,RB,Michigan State,73.0,230.0,4.6,24.0,31.5,118.0,6.75,4.24
2013,2,49,NYG,False,DT,DL,D,Ohio St.,21.0,2024.0,0,0,10,17.0,Johnathan Hankins,DT,Ohio State,75.0,320.0,5.31,,26.0,104.0,7.59,4.61
2013,2,50,CHI,False,LB,LB,D,Florida,22.0,2022.0,0,0,5,5.0,Jon Bostic,OLB,Florida,73.0,245.0,4.59,22.0,32.5,118.0,6.99,4.24
2013,2,51,WAS,False,DB,DB,D,North Carolina St.,21.0,2018.0,0,0,4,7.0,David Amerson,CB,North Carolina State,73.0,205.0,4.44,15.0,35.5,127.0,,
2013,2,52,NWE,False,LB,LB,D,Southern Miss,23.0,2022.0,0,1,7,42.0,Jamie Collins,OLB,Southern Miss,75.0,250.0,4.64,19.0,41.5,139.0,7.1,4.32
2013,2,53,CIN,False,DE,DL,D,SMU,26.0,2021.0,0,0,1,4.0,Margus Hunt,DE,SMU,80.0,277.0,4.62,38.0,34.5,121.0,7.07,4.51
2013,2,54,MIA,False,DB,DB,D,Boise St.,22.0,2020.0,0,0,2,4.0,Jamar Taylor,CB,Boise State,71.0,192.0,4.39,22.0,35.0,127.0,6.82,4.06
2013,2,55,SFO,False,TE,TE,O,Rice,23.0,2020.0,0,0,6,5.0,Vance McDonald,TE,Rice,76.0,267.0,4.69,31.0,33.5,119.0,7.08,4.53
2013,2,56,BAL,False,LB,LB,D,Kansas St.,20.0,2016.0,0,0,0,2.0,Arthur Brown,OLB,Kansas State,72.0,241.0,4.62,,,116.0,,
2013,2,57,HOU,False,DB,DB,D,South Carolina,22.0,2020.0,0,0,5,8.0,D.J. Swearinger,S,South Carolina,70.0,208.0,4.67,17.0,37.0,124.0,6.7,4.11
2013,2,58,DEN,False,RB,RB,O,Wisconsin,22.0,2014.0,0,0,0,7.0,Montee Ball,RB,Wisconsin,70.0,214.0,4.66,15.0,32.0,118.0,6.88,4.4
2013,2,59,NWE,False,WR,WR,O,Marshall,22.0,2015.0,0,0,1,6.0,Aaron Dobson,WR,Marshall,75.0,210.0,4.37,,,,,
2013,2,60,ATL,False,DB,DB,D,Southeastern Louisiana,24.0,2021.0,0,0,5,24.0,Robert Alford,CB,SE Louisiana,70.0,188.0,4.39,17.0,40.0,132.0,6.89,4.23
2013,2,61,GNB,False,RB,RB,O,Alabama,23.0,2017.0,0,1,3,34.0,Eddie Lacy,RB,Alabama,71.0,231.0,4.55,,,,,
2013,2,62,SEA,False,RB,RB,O,Texas A&M,22.0,2018.0,0,0,1,8.0,Christine Michael,RB,Texas A&M,70.0,220.0,4.54,27.0,43.0,125.0,6.69,4.02
2013,2,63,KAN,False,TE,TE,O,Cincinnati,23.0,2025.0,4,11,11,94.0,Travis Kelce,TE,Cincinnati,77.0,255.0,4.63,,,,,
2013,2,64,JAX,False,DB,DB,D,Connecticut,23.0,2016.0,0,0,1,10.0,Dwayne Gratz,CB,Connecticut,71.0,201.0,4.47,22.0,38.0,125.0,6.7,4.15
2013,3,65,DET,False,G,OL,O,Kentucky,22.0,2019.0,0,3,7,22.0,Larry Warford,OG,Kentucky,75.0,332.0,5.58,28.0,22.5,96.0,7.78,5.1
2013,3,66,OAK,False,LB,LB,D,Connecticut,23.0,2016.0,0,0,2,9.0,Sio Moore,OLB,Connecticut,73.0,245.0,4.65,29.0,38.0,127.0,7.49,4.31
2013,3,67,PHI,False,DT,DL,D,LSU,23.0,2018.0,0,0,5,22.0,Bennie Logan,DT,LSU,74.0,309.0,5.08,30.0,25.0,104.0,7.53,4.67
2013,3,68,CLE,False,DB,DB,D,San Diego St.,22.0,2016.0,0,0,0,1.0,Leon McFadden,CB,San Diego State,70.0,193.0,4.54,10.0,34.5,119.0,6.81,4.27
2013,3,69,ARI,False,DB,DB,D,LSU,21.0,2024.0,3,3,11,21.0,Tyrann Mathieu,CB,LSU,69.0,186.0,4.5,4.0,34.0,117.0,6.87,4.14
2013,3,70,TEN,False,DB,DB,D,Connecticut,23.0,2021.0,0,0,1,6.0,Blidi Wreh-Wilson,CB,Connecticut,73.0,195.0,4.53,14.0,36.0,128.0,6.97,4.12
2013,3,71,STL,False,DB,DB,D,USC,22.0,2018.0,0,0,6,17.0,T.J. McDonald,S,USC,74.0,219.0,4.59,19.0,40.0,131.0,6.89,4.2
2013,3,72,NYJ,False,G,OL,O,Kent St.,22.0,2021.0,0,0,7,27.0,Brian Winters,OG,Kent State,76.0,320.0,5.22,9.0,,,,
2013,3,73,TAM,False,QB,QB,O,North Carolina St.,23.0,2021.0,0,0,1,11.0,Mike Glennon,QB,North Carolina State,79.0,225.0,4.94,,26.5,102.0,7.49,4.52
2013,3,74,DAL,False,WR,WR,O,Baylor,23.0,2018.0,0,0,4,27.0,Terrance Williams,WR,Baylor,74.0,208.0,4.52,11.0,32.5,119.0,7.01,4.32
2013,3,75,NOR,False,T,OL,O,Ark-Pine Bluff,22.0,2024.0,0,5,10,49.0,Terron Armstead,OT,Ark-Pine Bluff,77.0,306.0,4.71,31.0,34.5,112.0,7.62,4.72
2013,3,76,SDG,False,WR,WR,O,California,21.0,2025.0,0,6,11,77.0,Keenan Allen,WR,California,74.0,206.0,4.58,,,,,
2013,3,77,MIA,False,T,OL,O,Tennessee,23.0,2016.0,0,0,1,13.0,Dallas Thomas,OT,Tennessee,77.0,306.0,5.08,,,,,
2013,3,78,BUF,False,WR,WR,O,Texas,22.0,2023.0,0,0,3,5.0,Marquise Goodwin,WR,Texas,69.0,183.0,4.27,13.0,,132.0,,
2013,3,79,PIT,False,WR,WR,O,Oregon St.,22.0,2018.0,0,0,2,13.0,Markus Wheaton,WR,Oregon State,71.0,189.0,4.45,20.0,37.0,120.0,6.8,4.02
2013,3,80,DAL,False,DB,DB,D,Georgia Southern,22.0,2018.0,0,0,2,15.0,J.J. Wilcox,S,Georgia Southern,72.0,213.0,4.57,17.0,35.0,124.0,7.02,4.09
2013,3,81,NYG,False,DE,DL,D,Texas A&M,20.0,2020.0,0,0,0,4.0,Damontre Moore,DE,Texas A&M,76.0,250.0,4.95,12.0,35.5,122.0,,
2013,3,82,NOR,False,DT,DL,D,Georgia,24.0,2025.0,0,0,3,9.0,John Jenkins,DT,Georgia,76.0,346.0,5.21,30.0,,,,
2013,3,83,NWE,False,DB,DB,D,Rutgers,22.0,2023.0,0,0,7,14.0,Logan Ryan,CB,Rutgers,71.0,191.0,4.56,14.0,32.5,116.0,6.69,4.06
2013,3,84,CIN,False,DB,DB,D,Georgia,22.0,2021.0,0,0,4,24.0,Shawn Williams,S,Georgia,72.0,213.0,4.46,25.0,36.0,120.0,7.01,4.25
2013,3,85,WAS,False,TE,TE,O,Florida,23.0,2020.0,0,1,3,24.0,Jordan Reed,TE,Florida,74.0,236.0,4.72,16.0,,,,
2013,3,86,IND,False,G,OL,O,Illinois,22.0,2015.0,0,0,3,16.0,Hugh Thornton,OG,Illinois,75.0,320.0,5.11,27.0,,,7.45,4.63
2013,3,87,SEA,False,DT,DL,D,Penn St.,22.0,2016.0,0,0,0,6.0,Jordan Hill,DT,Penn State,73.0,303.0,5.23,28.0,22.5,103.0,7.49,4.51
2013,3,88,SFO,False,DE,DL,D,Auburn,21.0,2016.0,0,0,0,3.0,Corey Lemonier,DE,Auburn,75.0,255.0,4.6,27.0,33.0,119.0,7.14,4.4
2013,3,89,HOU,False,OL,OL,O,North Carolina,22.0,,0,0,0,,Brennan Williams,OT,North Carolina,78.0,318.0,5.27,,,,,
2013,3,90,DEN,False,DB,DB,D,South Florida,22.0,2019.0,0,0,1,4.0,Kayvon Webster,CB,South Florida,70.0,195.0,4.41,14.0,35.0,125.0,,
2013,3,91,NWE,False,DB,DB,D,Rutgers,22.0,2023.0,0,0,3,16.0,,,,,,,,,,,
2013,3,92,STL,False,WR,WR,O,West Virginia,22.0,2015.0,0,0,0,7.0,Stedman Bailey,WR,West Virginia,70.0,193.0,4.52,11.0,34.5,117.0,6.81,4.09
2013,3,93,MIA,False,DB,DB,D,Utah St.,23.0,2016.0,0,0,0,0.0,Will Davis,CB,Utah State,71.0,186.0,4.51,16.0,35.5,127.0,6.52,4.02
2013,3,94,BAL,False,DT,DL,D,Missouri Southern,24.0,2022.0,0,1,8,52.0,Brandon Williams,DT,Missouri Southern,73.0,335.0,5.37,38.0,29.5,102.0,8.09,4.91
2013,3,95,HOU,False,DE,DL,D,LSU,23.0,,0,0,0,,Sam Montgomery,DE,LSU,75.0,262.0,4.81,,34.5,114.0,7.18,4.51
2013,3,96,KAN,False,RB,RB,O,Arkansas,21.0,2016.0,0,0,0,10.0,Knile Davis,RB,Arkansas,71.0,227.0,4.37,31.0,33.5,121.0,6.96,4.38
2013,4,97,TEN,False,LB,LB,D,Missouri,23.0,2016.0,0,0,0,3.0,Zaviar Gooden,OLB,Missouri,73.0,234.0,4.47,27.0,34.0,131.0,6.71,4.18
2013,4,98,PHI,False,QB,QB,O,USC,22.0,2023.0,0,0,1,1.0,Matt Barkley,QB,USC,74.0,227.0,4.91,,,,,
2013,4,99,KAN,False,LB,LB,D,Alabama,23.0,2015.0,0,0,0,1.0,Nico Johnson,ILB,Alabama,74.0,248.0,4.73,,,,,
2013,4,100,TAM,False,DT,DL,D,Illinois,21.0,2022.0,0,0,4,14.0,Akeem Spence,DT,Illinois,73.0,307.0,5.15,37.0,30.0,107.0,7.82,4.72
2013,4,101,JAX,False,WR,WR,O,South Carolina,21.0,2014.0,0,0,0,3.0,Ace Sanders,WR,South Carolina,67.0,173.0,4.58,7.0,32.0,117.0,6.81,4.37
2013,4,102,NWE,False,WR,WR,O,TCU,22.0,2014.0,0,0,0,1.0,Josh Boyce,WR,TCU,71.0,206.0,4.38,22.0,34.0,131.0,6.68,4.1
2013,4,103,ARI,False,DE,DL,D,Texas,22.0,2021.0,0,0,5,14.0,Alex Okafor,DE,Texas,76.0,264.0,4.78,21.0,,,,
2013,4,104,MIA,False,LB,LB,D,Florida,21.0,2017.0,0,0,3,14.0,Jelani Jenkins,ILB,Florida,72.0,243.0,4.65,27.0,,,,
2013,4,105,BUF,False,DB,DB,D,Nevada,22.0,2016.0,0,0,0,8.0,Duke Williams,S,Nevada,71.0,203.0,4.48,13.0,37.5,126.0,,4.0
2013,4,106,MIA,False,TE,TE,O,Michigan St.,22.0,2018.0,0,0,2,6.0,Dion Sims,TE,Michigan State,77.0,262.0,4.75,22.0,35.0,112.0,7.36,4.52
2013,4,107,TEN,False,C,OL,O,California,22.0,2018.0,0,0,2,14.0,Brian Schwenke,C,California,75.0,314.0,4.99,31.0,26.5,108.0,7.31,4.74
2013,4,108,CAR,False,OL,OL,O,Valdosta St.,22.0,,0,0,0,,Edmund Kugbila,OG,Valdosta State,76.0,317.0,5.13,23.0,22.5,105.0,7.72,4.65
2013,4,109,GNB,False,T,OL,O,Colorado,21.0,2023.0,2,3,9,84.0,David Bakhtiari,OT,Colorado,76.0,299.0,5.18,28.0,25.5,101.0,7.7,4.74
2013,4,110,NYG,False,QB,QB,O,Syracuse,23.0,2015.0,0,0,0,0.0,Ryan Nassib,QB,Syracuse,74.0,227.0,5.06,,28.5,105.0,7.34,4.53
2013,4,111,PIT,False,DB,DB,D,Syracuse,22.0,2018.0,0,0,0,4.0,Shamarko Thomas,S,Syracuse,69.0,213.0,4.42,28.0,40.5,133.0,,4.26
2013,4,112,OAK,False,QB,QB,O,Arkansas,24.0,,0,0,0,,Tyler Wilson,QB,Arkansas,74.0,215.0,4.95,,28.5,112.0,7.22,4.39
2013,4,113,STL,False,G,OL,O,Alabama,23.0,2014.0,0,0,0,0.0,Barrett Jones,C,Alabama,76.0,306.0,5.43,,,,,
2013,4,114,DAL,False,DB,DB,D,William & Mary,23.0,2019.0,0,0,2,1.0,B.W. Webb,CB,William & Mary,70.0,184.0,4.51,14.0,40.5,132.0,6.82,3.84
2013,4,115,PIT,False,QB,QB,O,Oklahoma,24.0,2017.0,0,0,0,4.0,Landry Jones,QB,Oklahoma,76.0,225.0,5.11,,31.0,115.0,7.12,4.3
2013,4,116,ARI,False,G,OL,O,James Madison,23.0,2019.0,0,0,1,11.0,Earl Watford,OG,James Madison,75.0,300.0,5.06,24.0,30.0,107.0,7.77,5.0
2013,4,117,CHI,False,LB,LB,D,Rutgers,24.0,2014.0,0,0,0,3.0,Khaseem Greene,OLB,Rutgers,73.0,241.0,4.71,17.0,30.0,116.0,7.58,4.2
2013,4,118,CIN,False,LB,LB,D,Texas A&M,22.0,2016.0,0,0,0,0.0,Sean Porter,OLB,Texas A&M,73.0,229.0,4.75,22.0,35.0,119.0,,
2013,4,119,WAS,False,DB,DB,D,Fresno St.,24.0,2014.0,0,0,0,2.0,Phillip Thomas,S,Syracuse,71.0,198.0,4.68,14.0,33.0,122.0,,
2013,4,120,MIN,False,LB,LB,D,Penn St.,22.0,2018.0,0,0,1,8.0,Gerald Hodges,OLB,Penn State,73.0,243.0,4.78,22.0,,119.0,,
2013,4,121,IND,False,C,OL,O,USC,23.0,2015.0,0,0,0,4.0,Khaled Holmes,C,USC,75.0,302.0,5.29,13.0,,,,
2013,4,122,GNB,False,T,OL,O,Cornell,22.0,2021.0,0,0,5,5.0,J.C. Tretter,OG,Cornell,76.0,307.0,5.09,29.0,29.5,109.0,7.48,4.69
2013,4,123,SEA,False,WR,WR,O,Kansas St.,23.0,2013.0,0,0,0,,Chris Harper,WR,Kansas State,73.0,229.0,4.55,20.0,35.5,116.0,6.89,4.39
2013,4,124,HOU,False,DE,DL,D,Connecticut,22.0,2014.0,0,0,0,,Trevardo Williams,OLB,Connecticut,73.0,241.0,4.57,30.0,38.0,124.0,,
2013,4,125,GNB,False,RB,RB,O,UCLA,23.0,2013.0,0,0,0,1.0,Johnathan Franklin,RB,UCLA,70.0,205.0,4.49,18.0,31.5,115.0,6.89,4.31
2013,4,126,TAM,False,DE,DL,D,Michigan St.,22.0,2024.0,0,0,7,39.0,William Gholston,DE,Michigan State,78.0,281.0,4.96,23.0,28.5,110.0,7.2,4.59
2013,4,127,ATL,False,DE,DL,D,Clemson,23.0,2016.0,0,0,1,5.0,Malliciah Goodman,DE,Clemson,76.0,276.0,4.87,26.0,31.5,114.0,,
2013,4,128,SFO,False,WR,WR,O,Louisiana Tech,23.0,2016.0,0,0,1,6.0,Quinton Patton,WR,Louisiana Tech,72.0,204.0,4.53,8.0,33.0,118.0,6.91,4.01
2013,5,129,BAL,False,DE,DL,D,Ohio St.,22.0,2021.0,0,0,4,1.0,John Simon,OLB,Ohio State,73.0,257.0,4.62,,,,,
2013,5,130,BAL,False,RB,RB,O,Harvard,22.0,2025.0,2,10,11,5.0,,,,,,,,,,,
2013,5,131,SFO,False,RB,RB,O,South Carolina,21.0,,0,0,0,,Marcus Lattimore,RB,South Carolina,71.0,221.0,4.65,,,,,
2013,5,132,DET,False,DE,DL,D,South Carolina,23.0,2017.0,0,0,1,12.0,Devin Taylor,DE,South Carolina,79.0,266.0,4.72,14.0,35.0,128.0,6.89,4.3
2013,5,133,ATL,False,TE,TE,O,Stanford,22.0,2020.0,0,0,5,6.0,Levine Toilolo,TE,Stanford,80.0,260.0,4.86,17.0,31.0,113.0,7.09,4.57
2013,5,134,KAN,False,DB,DB,D,Georgia,23.0,2013.0,0,0,0,0.0,Sanders Commings,CB,Georgia,72.0,216.0,4.41,,34.5,117.0,7.1,4.3
2013,5,135,JAX,False,WR,WR,O,Michigan,22.0,2016.0,0,0,1,8.0,Denard Robinson,WR,Michigan,70.0,199.0,4.43,,36.5,123.0,7.09,4.22
2013,5,136,PHI,False,DB,DB,D,North Carolina St.,23.0,2014.0,0,0,0,4.0,Earl Wolff,S,North Carolina State,71.0,209.0,4.44,,39.0,134.0,,4.07
2013,5,137,SEA,False,DT,DL,D,Alabama,22.0,,0,0,0,,Jesse Williams,DT,Alabama,75.0,323.0,4.94,30.0,,,,
2013,5,138,SEA,False,DB,DB,D,LSU,22.0,2016.0,0,0,0,3.0,Tharold Simon,CB,LSU,74.0,202.0,4.51,9.0,34.0,128.0,,
2013,5,139,IND,False,DT,DL,D,UT Martin,23.0,2016.0,0,0,0,2.0,Montori Hughes,DT,Tennessee-Martin,76.0,329.0,5.23,22.0,26.5,104.0,7.85,4.7
2013,5,140,ARI,False,RB,RB,O,Stanford,22.0,2016.0,0,0,0,3.0,Stepfan Taylor,RB,Stanford,69.0,214.0,4.76,17.0,30.0,110.0,7.13,4.5
2013,5,141,NYJ,False,T,OL,O,Virginia,22.0,2022.0,0,0,3,5.0,Oday Aboushi,OT,Virginia,77.0,308.0,5.41,17.0,23.5,100.0,7.92,4.84
2013,5,142,TEN,False,DE,DL,D,LSU,23.0,2017.0,0,0,0,1.0,Lavar Edwards,DE,LSU,76.0,277.0,4.8,,33.0,119.0,7.03,4.51
2013,5,143,BUF,False,DB,DB,D,Clemson,23.0,2016.0,0,0,0,2.0,,,,,,,,,,,
2013,5,144,NOR,False,WR,WR,O,Oklahoma,21.0,2021.0,0,0,5,14.0,Kenny Stills,WR,Oklahoma,72.0,194.0,4.38,16.0,33.5,124.0,,4.35
2013,5,145,SDG,False,DB,DB,D,California,22.0,2016.0,0,0,0,4.0,Steve Williams,CB,California,69.0,181.0,4.42,12.0,40.5,128.0,6.89,4.1
2013,5,146,DEN,False,DE,DL,D,Western Kentucky,23.0,2014.0,0,0,0,1.0,Quanterus Smith,DE,Western Kentucky,77.0,250.0,4.74,,,,,
2013,5,147,TAM,False,DE,DL,D,Buffalo,22.0,2022.0,0,0,2,1.0,,,,,,,,,,,
2013,5,148,CAR,False,LB,LB,D,Iowa St.,22.0,2023.0,0,0,5,9.0,A.J. Klein,ILB,Iowa State,73.0,250.0,4.66,20.0,,113.0,,
2013,5,149,STL,False,DB,DB,D,Miami (FL),22.0,2015.0,0,0,0,1.0,Brandon McGee,CB,Miami (FL),71.0,193.0,4.4,14.0,33.5,119.0,6.71,4.18
2013,5,150,PIT,False,DB,DB,D,Illinois,23.0,,0,0,0,,Terry Hawthorne,CB,Illinois,72.0,195.0,4.44,13.0,35.5,116.0,,
2013,5,151,DAL,False,RB,RB,O,Oklahoma St.,21.0,2015.0,0,0,0,7.0,Joseph Randle,RB,Oklahoma State,72.0,204.0,4.63,,35.0,123.0,,
2013,5,152,NYG,False,DB,DB,D,Richmond,23.0,2015.0,0,0,0,1.0,,,,,,,,,,,
2013,5,153,ATL,False,DE,DL,D,TCU,22.0,2015.0,0,0,0,2.0,Stansly Maponga,DE,TCU,74.0,256.0,4.78,30.0,,,,
2013,5,154,WAS,False,RB,RB,O,Florida St.,22.0,2020.0,0,0,0,19.0,Chris Thompson,RB,Florida State,67.0,192.0,4.42,21.0,,,,
2013,5,155,MIN,False,P,P,S,UCLA,23.0,2017.0,0,0,0,6.0,Jeff Locke,P,UCLA,73.0,209.0,4.82,,,,,
2013,5,156,CIN,False,T,OL,O,Kansas,23.0,2014.0,0,0,0,0.0,Tanner Hawkinson,OT,Kansas,77.0,298.0,5.07,,28.5,112.0,7.52,4.51
2013,5,157,SFO,False,DE,DL,D,Alabama,23.0,2017.0,0,0,2,13.0,Quinton Dial,DT,Alabama,77.0,318.0,5.29,,,,,
2013,5,158,SEA,False,TE,TE,O,Rice,23.0,2020.0,0,0,2,11.0,,,,,,,,,,,
2013,5,159,GNB,False,DB,DB,D,Iowa,22.0,2023.0,0,1,8,13.0,Micah Hyde,CB,Iowa,72.0,197.0,4.56,12.0,33.0,121.0,6.78,4.2
2013,5,160,STL,False,RB,RB,O,Vanderbilt,22.0,2015.0,0,0,1,10.0,Zac Stacy,RB,Vanderbilt,68.0,216.0,4.55,27.0,33.0,122.0,6.7,4.17
2013,6,161,DEN,False,WR,WR,O,Georgia,23.0,2017.0,0,0,0,,Tavarres King,WR,Georgia,72.0,189.0,4.47,11.0,36.5,123.0,6.91,4.33
2013,6,162,WAS,False,DE,DL,D,Florida St.,23.0,2013.0,0,0,0,0.0,Brandon Jenkins,DE,Florida State,74.0,251.0,5.07,18.0,,,,
2013,6,163,CHI,False,T,OL,O,Louisiana Tech,22.0,2021.0,0,0,5,14.0,Jordan Mills,OT,Louisiana Tech,77.0,316.0,5.37,20.0,28.5,101.0,8.1,4.88
2013,6,164,MIA,False,RB,RB,O,Florida,22.0,2018.0,0,0,0,0.0,Mike Gillislee,RB,Florida,71.0,208.0,4.55,15.0,30.5,119.0,7.12,4.4
2013,6,165,DET,False,P,P,S,Appalachian St.,23.0,2025.0,0,0,2,14.0,,,,,,,,,,,
2013,6,166,MIA,False,K,K,S,Florida,24.0,2018.0,0,0,0,4.0,Caleb Sturgis,K,Florida,70.0,188.0,4.77,,,,,
2013,6,167,GNB,False,DE,DL,D,Mississippi St.,24.0,2015.0,0,0,0,4.0,Josh Boyd,DT,Mississippi State,75.0,310.0,5.14,32.0,26.5,104.0,7.16,4.64
2013,6,168,BAL,False,T,OL,O,Wisconsin,23.0,2020.0,0,0,6,22.0,Ricky Wagner,OT,Wisconsin,78.0,308.0,5.17,20.0,31.5,101.0,7.94,4.91
2013,6,169,JAX,False,DB,DB,D,Florida,22.0,2016.0,0,0,3,13.0,Josh Evans,S,Florida,73.0,207.0,4.58,,34.5,123.0,6.64,4.1
2013,6,170,KAN,False,C,OL,O,California (PA),23.0,2020.0,0,0,0,1.0,,,,,,,,,,,
2013,6,171,DET,False,WR,WR,O,Virginia Tech,23.0,2015.0,0,0,0,3.0,Corey Fuller,WR,Virginia Tech,74.0,204.0,4.43,12.0,31.5,120.0,,
2013,6,172,OAK,False,TE,TE,O,Colorado,22.0,2013.0,0,0,0,0.0,Nick Kasa,TE,Colorado,78.0,269.0,4.71,22.0,31.5,113.0,,
2013,6,173,DEN,False,G,OL,O,Virginia Tech,23.0,2017.0,0,0,0,,Vinston Painter,OT,Virginia Tech,76.0,306.0,4.95,32.0,30.5,97.0,7.71,4.56
2013,6,174,ARI,False,WR,WR,O,Texas A&M,22.0,,0,0,0,,Ryan Swope,WR,Texas A&M,72.0,205.0,4.34,16.0,37.0,125.0,6.76,4.25
2013,6,175,CLE,False,DB,DB,D,Notre Dame,23.0,,0,0,0,,Jamoris Slaughter,S,Notre Dame,72.0,195.0,4.57,,,,,
2013,6,176,HOU,False,OL,OL,O,San Jose St.,23.0,2025.0,0,0,2,0.0,David Quessenberry,OT,San Jose State,77.0,302.0,5.08,25.0,29.5,112.0,7.49,4.45
2013,6,177,BUF,False,K,K,S,Florida St.,22.0,2024.0,0,0,1,,Dustin Hopkins,K,Florida State,74.0,193.0,4.74,,33.5,116.0,,
2013,6,178,NYJ,False,OL,OL,O,Michigan,22.0,,0,0,0,,,,,,,,,,,,
2013,6,179,SDG,False,DE,DL,D,Florida International,22.0,2016.0,0,0,0,5.0,Tourek Williams,DE,Florida International,75.0,260.0,4.92,25.0,33.0,112.0,,
2013,6,180,SFO,False,LB,LB,D,Florida St.,23.0,2016.0,0,0,0,2.0,Nick Moody,OLB,Florida State,73.0,236.0,4.71,17.0,,118.0,,
2013,6,181,OAK,False,RB,RB,O,Central Florida,23.0,2023.0,0,1,3,17.0,,,,,,,,,,,
2013,6,182,CAR,False,RB,RB,O,Oregon,24.0,2021.0,0,0,0,0.0,Kenjon Barner,RB,Oregon,69.0,196.0,4.52,20.0,35.5,122.0,6.87,4.2
2013,6,183,NOR,False,DE,DL,D,Tarleton St.,23.0,2015.0,0,0,0,,,,,,,,,,,,
2013,6,184,OAK,False,TE,TE,O,Tennessee,22.0,2016.0,0,0,1,10.0,Mychal Rivera,TE,Tennessee,75.0,242.0,4.81,17.0,31.0,112.0,7.17,4.43
2013,6,185,DAL,False,LB,LB,D,South Carolina,22.0,2013.0,0,0,0,1.0,DeVonte Holloman,OLB,South Carolina,73.0,243.0,4.76,15.0,33.0,113.0,7.3,4.26
2013,6,186,PIT,False,WR,WR,O,Oklahoma,22.0,2014.0,0,0,0,1.0,,,,,,,,,,,
2013,6,187,ARI,False,RB,RB,O,Clemson,24.0,2017.0,0,0,1,17.0,Andre Ellington,RB,Clemson,69.0,199.0,4.61,,34.0,122.0,,
2013,6,188,CHI,False,LB,LB,D,Georgia,23.0,2017.0,0,0,0,3.0,Cornelius Washington,DE,Georgia,76.0,265.0,4.55,36.0,39.0,128.0,,
2013,6,189,TAM,False,RB,RB,O,Miami (FL),22.0,2016.0,0,0,0,2.0,Mike James,RB,Miami (FL),70.0,223.0,4.53,28.0,35.0,115.0,,4.62
2013,6,190,CIN,False,RB,RB,O,Nebraska,23.0,2022.0,0,0,0,4.0,Rex Burkhead,RB,Nebraska,70.0,214.0,4.73,21.0,39.0,125.0,6.85,4.09
2013,6,191,WAS,False,DB,DB,D,Georgia,23.0,2016.0,0,0,1,1.0,Bacarri Rambo,S,Georgia,72.0,211.0,4.56,17.0,,,,
2013,6,192,IND,False,DB,DB,D,Oregon,23.0,,0,0,0,,John Boyett,S,Oregon,70.0,204.0,4.64,27.0,,,,
2013,7,193,GNB,False,LB,LB,D,Illinois St.,23.0,2017.0,0,0,1,7.0,,,,,,,,,,,
2013,7,194,SEA,False,RB,RB,O,LSU,21.0,2019.0,0,0,1,0.0,Spencer Ware,RB,LSU,70.0,228.0,4.62,,,,,
2013,7,195,HOU,False,WR,WR,O,Jacksonville St.,22.0,,0,0,0,,Alan Bonner,WR,Jacksonville State,70.0,193.0,4.59,14.0,33.0,117.0,,4.15
2013,7,196,MIN,False,G,OL,O,UCLA,23.0,2013.0,0,0,0,0.0,Jeff Baca,OG,UCLA,75.0,302.0,5.03,,26.5,100.0,7.26,4.44
2013,7,197,CIN,False,WR,WR,O,Arkansas,22.0,2017.0,0,0,1,0.0,Cobi Hamilton,WR,Arkansas,74.0,212.0,4.56,11.0,29.5,107.0,,4.31
2013,7,198,HOU,False,DT,DL,D,Bowling Green,23.0,2016.0,0,0,0,,Chris Jones,DT,Bowling Green,74.0,302.0,5.33,30.0,,,7.34,4.44
2013,7,199,DET,False,RB,RB,O,Notre Dame,22.0,2020.0,0,0,1,24.0,Theo Riddick,RB,Notre Dame,70.0,201.0,4.68,,32.0,118.0,,
2013,7,200,BAL,False,DE,DL,D,Notre Dame,23.0,2015.0,0,0,0,0.0,Kapron Lewis-Moore,DT,Notre Dame,76.0,298.0,4.95,,,,,
2013,7,201,HOU,False,TE,TE,O,Connecticut,23.0,2022.0,0,0,5,10.0,,,,,,,,,,,
2013,7,202,TEN,False,DB,DB,D,Nevada,23.0,2014.0,0,0,0,0.0,Khalid Wooten,CB,Nevada,71.0,210.0,4.53,17.0,33.5,117.0,6.95,4.18
2013,7,203,BAL,False,T,OL,O,Colorado State-Pueblo,22.0,2022.0,0,1,5,11.0,,,,,,,,,,,
2013,7,204,KAN,False,FB,RB,O,Kansas St.,23.0,,0,0,0,,Braden Wilson,FB,Kansas State,75.0,251.0,4.81,22.0,,,,
2013,7,205,OAK,False,DT,DL,D,Oklahoma,23.0,2020.0,0,0,2,10.0,Stacy McGee,DT,Oklahoma,75.0,308.0,4.98,,,,,
2013,7,206,PIT,False,LB,LB,D,Florida St.,23.0,2020.0,0,0,5,35.0,,,,,,,,,,,
2013,7,207,KAN,False,DE,DL,D,Princeton,23.0,2016.0,0,0,0,1.0,,,,,,,,,,,
2013,7,208,JAX,False,DB,DB,D,New Mexico St.,22.0,2015.0,0,0,0,0.0,,,,,,,,,,,
2013,7,209,OAK,False,WR,WR,O,San Diego St.,23.0,2018.0,0,0,0,3.0,,,,,,,,,,,
2013,7,210,JAX,False,DB,DB,D,Appalachian St.,22.0,2017.0,0,0,1,8.0,Demetrius McCray,CB,Appalachian State,73.0,187.0,4.54,4.0,36.0,126.0,7.17,4.32
2013,7,211,DET,False,TE,TE,O,Alabama,22.0,2015.0,0,0,1,,,,,,,,,,,,
2013,7,212,PHI,False,DE,DL,D,Utah,21.0,,0,0,0,,Joe Kruger,DE,Utah,78.0,269.0,4.83,24.0,34.0,117.0,7.17,4.46
2013,7,213,MIN,False,LB,LB,D,Penn St.,23.0,2017.0,0,0,0,2.0,Michael Mauti,OLB,Penn State,74.0,243.0,4.83,28.0,,,,
2013,7,214,MIN,False,G,OL,O,North Carolina,22.0,2013.0,0,0,0,,Travis Bond,OG,North Carolina,78.0,329.0,5.27,22.0,22.5,98.0,7.85,4.96
2013,7,215,NYJ,False,RB,RB,O,Wake Forest,22.0,2018.0,0,0,1,1.0,Tommy Bohanon,FB,Wake Forest,73.0,246.0,4.88,36.0,35.0,119.0,7.27,4.42
2013,7,216,GNB,False,WR,WR,O,Grand Valley St.,24.0,2016.0,0,0,0,,,,,,,,,,,,
2013,7,217,CLE,False,DE,DL,D,East Central (OK),23.0,2016.0,0,0,0,4.0,Armonty Bryant,DE,East Central (OK),76.0,263.0,4.86,,31.5,118.0,7.32,5.0
2013,7,218,PHI,False,DB,DB,D,Oregon St.,22.0,2025.0,1,1,8,0.0,Jordan Poyer,CB,Oregon State,72.0,191.0,4.54,8.0,30.5,118.0,6.87,4.18
2013,7,219,ARI,False,TE,TE,O,Rutgers,24.0,2013.0,0,0,0,0.0,D.C. Jefferson,TE,Rutgers,78.0,255.0,4.97,3.0,,,,
2013,7,220,SEA,False,G,OL,O,Vanderbilt,23.0,2016.0,0,0,0,,,,,,,,,,,,
2013,7,221,SDG,False,QB,QB,O,Southern Utah,25.0,,0,0,0,,Brad Sorensen,QB,Southern Utah,76.0,229.0,4.97,,29.0,112.0,7.17,4.55
2013,7,222,BUF,False,TE,TE,O,Arkansas,23.0,2015.0,0,0,0,1.0,Chris Gragg,TE,Arkansas,75.0,244.0,4.5,18.0,37.5,125.0,7.08,4.51
2013,7,223,PIT,False,DT,DL,D,Samford,23.0,2023.0,0,0,1,,Nicholas Williams,DT,Samford,76.0,309.0,4.94,28.0,33.0,111.0,7.55,4.65
2013,7,224,GNB,False,WR,WR,O,Maryland,23.0,2014.0,0,0,0,0.0,,,,,,,,,,,
2013,8,225,NYG,False,OL,OL,O,Ohio,23.0,,0,0,0,,Eric Herman,OG,Ohio,76.0,320.0,5.25,36.0,28.0,95.0,7.99,5.09
2013,8,226,NWE,False,DE,DL,D,Illinois,22.0,2014.0,0,0,0,2.0,Michael Buchanan,DE,Illinois,77.0,255.0,4.78,22.0,33.0,113.0,6.91,4.44
2013,8,227,CLE,False,T,OL,O,Chadron St.,23.0,2014.0,0,0,0,1.0,Garrett Gilkey,OT,Chadron State,78.0,318.0,5.29,28.0,30.0,108.0,7.65,4.75
2013,8,228,WAS,False,RB,RB,O,Rutgers,21.0,,0,0,0,,Jawan Jamison,RB,Rutgers,67.0,203.0,4.68,20.0,29.0,110.0,,
2013,8,229,MIN,False,DT,DL,D,Florida St.,23.0,2013.0,0,0,0,,Everett Dawkins,DT,Florida State,74.0,292.0,5.06,23.0,30.0,103.0,7.61,4.88
2013,8,230,IND,False,RB,RB,O,Utah St.,22.0,2017.0,0,0,0,0.0,Kerwynn Williams,RB,Utah State,68.0,195.0,4.48,17.0,35.0,118.0,7.15,4.15
2013,8,231,SEA,False,DE,DL,D,Harding,25.0,2014.0,0,0,0,,Ty Powell,OLB,Harding,74.0,249.0,4.64,28.0,37.0,122.0,6.98,4.4
2013,8,232,GNB,False,LB,LB,D,South Florida,22.0,2016.0,0,0,1,4.0,Sam Barrington,ILB,South Florida,73.0,246.0,4.91,22.0,32.5,117.0,,
2013,8,233,OAK,False,DE,DL,D,Missouri Western St.,22.0,2017.0,0,0,0,,David Bass,DE,Missouri Western State,76.0,262.0,4.84,20.0,30.5,111.0,7.07,4.33
2013,8,234,DEN,False,QB,QB,O,Miami (OH),23.0,,0,0,0,,Zac Dysert,QB,Miami (OH),75.0,231.0,4.81,,,,,
2013,8,235,NWE,False,LB,LB,D,Rutgers,23.0,2014.0,0,0,0,0.0,Steve Beauharnais,ILB,Rutgers,73.0,240.0,4.84,19.0,33.0,118.0,6.99,4.2
2013,8,236,CHI,False,WR,WR,O,Washington St.,20.0,2016.0,0,0,0,6.0,Marquess Wilson,WR,Washington State,75.0,194.0,4.51,7.0,34.5,122.0,6.65,4.33
2013,8,237,SFO,False,QB,QB,O,South Florida,24.0,2015.0,0,0,0,,,,,,,,,,,,
2013,8,238,BAL,False,WR,WR,O,Elon,23.0,,0,0,0,,Aaron Mellette,WR,Elon,74.0,217.0,4.54,9.0,33.5,123.0,7.11,4.41
2013,8,239,PHI,False,DE,DL,D,Oklahoma,23.0,2017.0,0,0,0,,,,,,,,,,,,
2013,8,240,CIN,False,OL,OL,O,Ohio St.,22.0,2015.0,0,0,0,,Reid Fragel,OT,Ohio State,80.0,308.0,5.14,33.0,30.0,113.0,7.62,4.68
2013,8,241,SEA,False,DT,DL,D,New Hampshire,23.0,,0,0,0,,Jared Smith,DT,New Hampshire,75.0,302.0,5.08,28.0,32.5,115.0,7.2,4.39
2013,8,242,SEA,False,T,OL,O,NE State (OK),21.0,2013.0,0,0,0,4.0,,,,,,,,,,,
2013,8,243,ATL,False,DB,DB,D,Central Florida,22.0,2019.0,0,0,1,13.0,,,,,,,,,,,
2013,8,244,ATL,False,DB,DB,D,Notre Dame,23.0,2013.0,0,0,0,1.0,Zeke Motta,S,Notre Dame,74.0,213.0,4.75,11.0,35.5,126.0,6.75,4.16
2013,8,245,DET,False,LB,LB,D,Florida A&M,23.0,,0,0,0,,Brandon Hepburn,ILB,Florida A&M,74.0,240.0,4.68,21.0,32.0,124.0,7.4,4.55
2013,8,246,SFO,False,OL,OL,O,Iowa St.,23.0,,0,0,0,,,,,,,,,,,,
2013,8,247,BAL,False,DB,DB,D,California,23.0,,0,0,0,,Marc Anthony,CB,California,71.0,196.0,4.63,12.0,35.0,118.0,6.74,4.07
2013,8,248,TEN,False,DB,DB,D,Nebraska,22.0,2016.0,0,0,0,7.0,Daimion Stafford,S,Nebraska,72.0,221.0,4.69,21.0,30.5,111.0,7.06,
2013,8,249,ATL,False,QB,QB,O,Duke,23.0,2015.0,0,0,0,0.0,Sean Renfree,QB,Duke,75.0,219.0,4.76,,,,,
2013,8,250,MIA,False,DB,DB,D,Arkansas St.,23.0,2016.0,0,0,0,1.0,,,,,,,,,,,
2013,8,251,CIN,False,C,OL,O,South Carolina,23.0,2017.0,0,0,0,5.0,T.J. Johnson,C,South Carolina,76.0,310.0,5.33,32.0,25.5,96.0,7.83,4.74
2013,8,252,SFO,False,DB,DB,D,Rutgers,23.0,2018.0,0,0,1,,,,,,,,,,,,
2013,8,253,NYG,False,RB,RB,O,Massachusetts,24.0,2014.0,0,0,0,0.0,,,,,,,,,,,
2013,8,254,IND,False,TE,TE,O,South Carolina,22.0,2015.0,0,0,0,0.0,Justice Cunningham,TE,South Carolina,75.0,258.0,4.94,,31.5,116.0,7.12,4.45
2014,1,1,HOU,False,DE,DL,D,South Carolina,21.0,2025.0,0,3,10,38.0,Jadeveon Clowney,DE,South Carolina,77.0,266.0,4.53,21.0,37.5,124.0,7.27,4.43
2014,1,2,STL,False,T,OL,O,Auburn,21.0,2019.0,0,0,5,13.0,Greg Robinson,OT,Auburn,77.0,332.0,4.92,32.0,28.5,113.0,7.8,4.86
2014,1,3,JAX,False,QB,QB,O,Central Florida,22.0,2019.0,0,0,5,44.0,Blake Bortles,QB,Central Florida,77.0,232.0,4.93,,32.5,115.0,7.08,4.21
2014,1,4,BUF,False,WR,WR,O,Clemson,21.0,2022.0,0,0,6,20.0,Sammy Watkins,WR,Clemson,73.0,211.0,4.43,16.0,34.0,126.0,6.95,4.34
2014,1,5,OAK,False,LB,LB,D,Buffalo,23.0,2025.0,3,9,10,41.0,Khalil Mack,OLB,Buffalo,75.0,251.0,4.65,23.0,40.0,128.0,7.08,4.18
2014,1,6,ATL,False,T,OL,O,Texas A&M,22.0,2025.0,0,1,11,75.0,Jake Matthews,OT,Texas A&M,77.0,308.0,5.07,24.0,30.5,105.0,7.34,4.47
2014,1,7,TAM,False,WR,WR,O,Texas A&M,21.0,2025.0,0,6,11,80.0,Mike Evans,WR,Texas A&M,77.0,231.0,4.53,12.0,37.0,,7.08,4.26
2014,1,8,CLE,False,DB,DB,D,Oklahoma St.,22.0,2016.0,0,0,0,3.0,Justin Gilbert,CB,Oklahoma State,72.0,202.0,4.37,20.0,35.5,126.0,6.92,
2014,1,9,MIN,False,LB,LB,D,UCLA,22.0,2023.0,0,4,7,52.0,Anthony Barr,OLB,UCLA,77.0,255.0,4.66,15.0,34.5,119.0,6.82,4.19
2014,1,10,DET,False,TE,TE,O,North Carolina,21.0,2021.0,0,1,4,15.0,Eric Ebron,TE,North Carolina,76.0,250.0,4.6,24.0,32.0,120.0,,
2014,1,11,TEN,False,T,OL,O,Michigan,23.0,2022.0,0,3,7,48.0,Taylor Lewan,OT,Michigan,79.0,309.0,4.87,29.0,30.5,117.0,7.39,4.49
2014,1,12,NYG,False,WR,WR,O,LSU,21.0,2024.0,0,3,6,41.0,"Odell Beckham, Jr.",WR,LSU,71.0,198.0,4.38,7.0,38.5,122.0,6.69,3.94
2014,1,13,STL,False,DT,DL,D,Pittsburgh,23.0,2023.0,8,10,10,123.0,Aaron Donald,DT,Pittsburgh,73.0,285.0,4.68,35.0,32.0,116.0,7.11,4.39
2014,1,14,CHI,False,DB,DB,D,Virginia Tech,22.0,2022.0,1,2,5,45.0,Kyle Fuller,CB,Virginia Tech,72.0,190.0,4.49,12.0,38.5,128.0,6.9,4.19
2014,1,15,PIT,False,LB,LB,D,Ohio St.,22.0,2017.0,0,2,3,27.0,Ryan Shazier,OLB,Ohio State,73.0,237.0,4.58,25.0,42.0,130.0,6.91,4.21
2014,1,16,DAL,False,G,OL,O,Notre Dame,23.0,2024.0,7,9,11,103.0,Zack Martin,OG,Notre Dame,76.0,308.0,5.22,29.0,28.0,106.0,7.65,4.59
2014,1,17,BAL,False,LB,LB,D,Alabama,22.0,2024.0,0,5,8,59.0,C.J. Mosley,ILB,Alabama,74.0,234.0,4.65,,35.0,118.0,7.3,4.4
2014,1,18,NYJ,False,DB,DB,D,Louisville,22.0,2017.0,0,0,3,13.0,Calvin Pryor,S,Louisville,71.0,207.0,4.58,18.0,34.5,116.0,,
2014,1,19,MIA,False,T,OL,O,Tennessee,22.0,2022.0,0,0,4,26.0,Ja'Wuan James,OT,Tennessee,78.0,311.0,5.26,22.0,29.0,103.0,7.42,4.56
2014,1,20,NOR,False,WR,WR,O,Oregon St.,20.0,2025.0,0,0,10,21.0,Brandin Cooks,WR,Oregon State,70.0,189.0,4.33,16.0,36.0,120.0,6.76,3.81
2014,1,21,GNB,False,DB,DB,D,Alabama,21.0,2021.0,0,1,6,24.0,Ha Ha Clinton-Dix,S,Alabama,73.0,208.0,4.58,11.0,33.0,119.0,7.16,4.16
2014,1,22,CLE,False,QB,QB,O,Texas A&M,21.0,2015.0,0,0,0,4.0,Johnny Manziel,QB,Texas A&M,72.0,207.0,4.68,,31.5,113.0,6.75,4.03
2014,1,23,KAN,False,LB,LB,D,Auburn,23.0,2021.0,0,1,2,21.0,Dee Ford,DE,Auburn,74.0,252.0,,,,,,
2014,1,24,CIN,False,DB,DB,D,Michigan St.,22.0,2021.0,0,0,0,12.0,Darqueze Dennard,CB,Michigan State,71.0,199.0,4.52,15.0,,,,
2014,1,25,SDG,False,DB,DB,D,TCU,23.0,2023.0,0,1,2,13.0,Jason Verrett,CB,TCU,69.0,189.0,4.38,,39.0,128.0,6.69,4.0
2014,1,26,PHI,False,LB,LB,D,Louisville,22.0,2018.0,0,0,0,3.0,Marcus Smith,DE,Louisville,75.0,251.0,4.66,23.0,35.0,121.0,7.48,4.47
2014,1,27,ARI,False,DB,DB,D,Washington St.,22.0,2020.0,0,0,4,29.0,Deone Bucannon,S,Washington State,73.0,211.0,4.49,19.0,36.5,125.0,6.96,4.26
2014,1,28,CAR,False,WR,WR,O,Florida St.,23.0,2018.0,0,0,4,18.0,Kelvin Benjamin,WR,Florida State,77.0,240.0,4.61,13.0,32.5,119.0,7.33,4.39
2014,1,29,NWE,False,DT,DL,D,Florida,22.0,2018.0,0,0,0,4.0,Dominique Easley,DT,Florida,74.0,288.0,4.93,26.0,,,,
2014,1,30,SFO,False,DB,DB,D,Northern Illinois,23.0,2024.0,0,0,6,25.0,Jimmie Ward,S,Northern Illinois,71.0,193.0,4.59,9.0,,,,
2014,1,31,DEN,False,DB,DB,D,Ohio St.,22.0,2023.0,0,0,4,14.0,Bradley Roby,CB,Ohio State,71.0,194.0,4.39,17.0,38.5,124.0,,4.04
2014,1,32,MIN,False,QB,QB,O,Louisville,21.0,2025.0,0,1,4,22.0,Teddy Bridgewater,QB,Louisville,74.0,214.0,,,30.0,113.0,7.17,4.2
2014,2,33,HOU,False,G,OL,O,UCLA,23.0,2021.0,0,0,3,17.0,Xavier Su'a-Filo,OG,UCLA,76.0,307.0,5.04,25.0,25.0,102.0,7.6,4.44
2014,2,34,DAL,False,DE,DL,D,Boise St.,22.0,2025.0,0,5,7,65.0,Demarcus Lawrence,DE,Boise State,75.0,251.0,4.8,20.0,34.5,113.0,7.46,4.31
2014,2,35,CLE,False,G,OL,O,Nevada,22.0,2025.0,2,7,10,75.0,Joel Bitonio,OG,Nevada,76.0,302.0,4.92,22.0,32.0,114.0,7.37,4.44
2014,2,36,OAK,False,QB,QB,O,Fresno St.,23.0,2024.0,0,4,11,80.0,Derek Carr,QB,Fresno State,74.0,214.0,4.69,,34.5,110.0,,4.2
2014,2,37,ATL,False,DT,DL,D,Minnesota,24.0,2016.0,0,0,1,8.0,Ra'Shede Hageman,DT,Minnesota,78.0,310.0,4.92,32.0,35.5,114.0,7.87,4.5
2014,2,38,TAM,False,TE,TE,O,Washington,21.0,2018.0,0,0,2,5.0,Austin Seferian-Jenkins,TE,Washington,77.0,262.0,4.75,20.0,,,,
2014,2,39,JAX,False,WR,WR,O,USC,22.0,2019.0,0,0,2,17.0,Marqise Lee,WR,USC,72.0,192.0,4.52,,38.0,127.0,,4.01
2014,2,40,DET,False,LB,LB,D,BYU,23.0,2025.0,0,1,7,4.0,Kyle Van Noy,OLB,BYU,75.0,243.0,4.71,21.0,32.5,112.0,7.22,4.2
2014,2,41,STL,False,DB,DB,D,Florida St.,23.0,2022.0,0,0,4,15.0,Lamarcus Joyner,CB,Florida State,68.0,184.0,4.55,14.0,37.5,124.0,7.26,4.4
2014,2,42,PHI,False,WR,WR,O,Vanderbilt,22.0,2024.0,0,0,3,21.0,Jordan Matthews,WR,Vanderbilt,75.0,212.0,4.46,21.0,35.5,120.0,6.95,4.18
2014,2,43,NYG,False,OL,OL,O,Colorado St.,23.0,2019.0,0,0,5,21.0,Weston Richburg,C,Colorado State,75.0,298.0,5.1,25.0,25.5,106.0,7.93,4.63
2014,2,44,BUF,False,T,OL,O,Alabama,21.0,2018.0,0,0,0,5.0,Cyrus Kouandjio,OT,Alabama,79.0,322.0,5.59,21.0,27.5,96.0,7.71,4.84
2014,2,45,SEA,False,WR,WR,O,Colorado,22.0,2019.0,0,0,3,11.0,Paul Richardson,WR,Colorado,72.0,175.0,4.4,,38.0,124.0,7.09,
2014,2,46,PIT,False,DE,DL,D,Notre Dame,21.0,2020.0,0,0,6,38.0,Stephon Tuitt,DT,Notre Dame,77.0,304.0,4.92,31.0,,,,
2014,2,47,WAS,False,LB,LB,D,Stanford,23.0,2020.0,0,0,4,11.0,Trent Murphy,DE,Stanford,77.0,250.0,4.86,19.0,35.5,118.0,6.78,4.2
2014,2,48,BAL,False,DT,DL,D,Florida St.,21.0,2020.0,0,0,4,14.0,Timmy Jernigan,DT,Florida State,74.0,299.0,5.06,27.0,29.5,102.0,,4.83
2014,2,49,NYJ,False,TE,TE,O,Texas Tech,22.0,2016.0,0,0,0,3.0,Jace Amaro,TE,Texas Tech,77.0,265.0,4.74,28.0,33.0,118.0,7.42,4.3
2014,2,50,SDG,False,LB,LB,D,Georgia Tech,21.0,2022.0,0,0,1,8.0,Jeremiah Attaochu,OLB,Georgia Tech,75.0,252.0,,,,,,
2014,2,51,CHI,False,DT,DL,D,LSU,22.0,2015.0,0,0,0,2.0,Ego Ferguson,DT,LSU,75.0,315.0,4.98,24.0,,,,
2014,2,52,ARI,False,TE,TE,O,Notre Dame,21.0,2017.0,0,0,1,1.0,Troy Niklas,TE,Notre Dame,78.0,270.0,4.84,27.0,32.0,114.0,7.57,4.55
2014,2,53,GNB,False,WR,WR,O,Fresno St.,21.0,2025.0,3,6,10,59.0,Davante Adams,WR,Fresno State,73.0,212.0,4.56,14.0,39.5,123.0,6.82,4.3
2014,2,54,TEN,False,RB,RB,O,Washington,21.0,2015.0,0,0,1,6.0,Bishop Sankey,RB,Washington,69.0,209.0,4.49,26.0,35.5,126.0,6.75,4.0
2014,2,55,CIN,False,RB,RB,O,LSU,21.0,2018.0,0,0,3,21.0,Jeremy Hill,RB,LSU,73.0,233.0,4.56,20.0,29.0,113.0,,
2014,2,56,DEN,False,WR,WR,O,Indiana,21.0,2019.0,0,0,1,3.0,Cody Latimer,WR,Indiana,74.0,215.0,4.52,23.0,,,,
2014,2,57,SFO,False,RB,RB,O,Ohio St.,23.0,2021.0,0,0,4,18.0,Carlos Hyde,RB,Ohio State,72.0,230.0,4.62,19.0,34.5,114.0,,
2014,2,58,NOR,False,DB,DB,D,Nebraska,24.0,2017.0,0,0,0,0.0,Stanley Jean-Baptiste,CB,Nebraska,75.0,218.0,4.61,13.0,41.5,128.0,,4.33
2014,2,59,IND,False,T,OL,O,Ohio St.,23.0,2017.0,0,0,4,22.0,Jack Mewhort,OT,Ohio State,78.0,309.0,5.37,28.0,26.0,101.0,7.79,4.64
2014,2,60,CAR,False,DE,DL,D,Missouri,22.0,2018.0,0,0,0,10.0,Kony Ealy,DE,Missouri,76.0,273.0,4.92,22.0,31.0,114.0,6.83,4.45
2014,2,61,JAX,False,WR,WR,O,Penn St.,21.0,2024.0,0,1,8,18.0,Allen Robinson,WR,Penn State,75.0,220.0,4.6,,39.0,127.0,7.0,4.0
2014,2,62,NWE,False,QB,QB,O,Eastern Illinois,22.0,2025.0,0,0,3,2.0,Jimmy Garoppolo,QB,East. Illinois,74.0,226.0,4.97,,30.5,110.0,7.04,4.26
2014,2,63,MIA,False,WR,WR,O,LSU,21.0,2022.0,0,5,8,28.0,Jarvis Landry,WR,LSU,71.0,205.0,4.65,12.0,28.5,110.0,,
2014,2,64,SEA,False,T,OL,O,Missouri,23.0,2022.0,0,0,7,39.0,Justin Britt,OT,Missouri,78.0,325.0,5.19,23.0,27.5,100.0,8.14,4.69
2014,3,65,HOU,False,TE,TE,O,Iowa,22.0,2017.0,0,0,2,6.0,C.J. Fiedorowicz,TE,Iowa,77.0,265.0,4.76,25.0,31.5,116.0,7.1,4.26
2014,3,66,WAS,False,OL,OL,O,Virginia,23.0,2025.0,0,0,10,36.0,Morgan Moses,OT,Virginia,78.0,314.0,5.35,,21.5,106.0,7.93,4.95
2014,3,67,MIA,False,T,OL,O,North Dakota St.,22.0,2023.0,0,0,5,5.0,Billy Turner,OT,North Dakota State,77.0,315.0,5.16,25.0,28.0,108.0,7.92,4.71
2014,3,68,ATL,False,DB,DB,D,Wisconsin,23.0,2017.0,0,0,0,1.0,Dezmen Southward,S,Wisconsin,72.0,211.0,4.38,,,,,
2014,3,69,TAM,False,RB,RB,O,West Virginia,23.0,2017.0,0,0,0,13.0,Charles Sims,RB,West Virginia,72.0,214.0,4.48,17.0,37.5,126.0,7.16,4.3
2014,3,70,SFO,False,C,OL,O,USC,20.0,2020.0,0,0,2,11.0,Marcus Martin,C,USC,75.0,320.0,5.38,23.0,,,,
2014,3,71,CLE,False,LB,LB,D,Iowa,22.0,2022.0,0,0,5,22.0,Christian Kirksey,OLB,Iowa,74.0,233.0,4.72,16.0,32.0,122.0,,
2014,3,72,MIN,False,DE,DL,D,Oregon St.,22.0,2015.0,0,0,0,2.0,Scott Crichton,DE,Oregon State,75.0,273.0,4.84,24.0,31.5,108.0,7.19,4.29
2014,3,73,BUF,False,LB,LB,D,Louisville,21.0,2019.0,0,0,6,28.0,Preston Brown,ILB,Louisville,73.0,251.0,4.86,23.0,33.0,116.0,6.98,4.26
2014,3,74,NYG,False,DT,DL,D,Syracuse,22.0,2018.0,0,0,0,5.0,Jay Bromley,DT,Syracuse,75.0,306.0,5.06,26.0,33.5,106.0,7.92,4.78
2014,3,75,STL,False,RB,RB,O,Auburn,21.0,2015.0,0,0,1,8.0,Tre Mason,RB,Auburn,68.0,207.0,4.5,,38.5,126.0,,4.15
2014,3,76,DET,False,C,OL,O,Arkansas,23.0,2018.0,0,0,4,20.0,Travis Swanson,C,Arkansas,77.0,312.0,5.28,20.0,26.0,95.0,7.73,4.65
2014,3,77,SFO,False,LB,LB,D,Wisconsin,23.0,2014.0,0,0,1,6.0,Chris Borland,ILB,Wisconsin,71.0,248.0,4.83,27.0,31.0,114.0,7.18,4.27
2014,3,78,WAS,False,G,OL,O,Nebraska,23.0,2019.0,0,0,3,16.0,Spencer Long,OG,Nebraska,77.0,320.0,5.16,,,,,
2014,3,79,BAL,False,DB,DB,D,Florida St.,22.0,2021.0,0,0,0,2.0,Terrence Brooks,S,Florida State,71.0,198.0,4.42,10.0,38.0,119.0,7.35,
2014,3,80,NYJ,False,DB,DB,D,Maryland,23.0,2018.0,0,0,0,1.0,Dexter McDougle,CB,Maryland,70.0,196.0,4.47,,,,,
2014,3,81,OAK,False,G,OL,O,Mississippi St.,23.0,2023.0,0,0,9,36.0,Gabe Jackson,OG,Mississippi State,75.0,336.0,5.34,30.0,29.0,108.0,8.25,4.78
2014,3,82,CHI,False,DT,DL,D,Arizona St.,22.0,2016.0,0,0,2,8.0,Will Sutton,DT,Arizona State,72.0,303.0,5.36,24.0,28.5,99.0,7.93,4.82
2014,3,83,HOU,False,DT,DL,D,Notre Dame,23.0,2015.0,0,0,0,,Louis Nix III,DT,Notre Dame,74.0,331.0,5.32,,25.5,97.0,8.29,4.94
2014,3,84,ARI,False,DE,DL,D,North Carolina,22.0,2020.0,0,0,2,9.0,Kareem Martin,DE,North Carolina,78.0,272.0,4.72,22.0,35.5,129.0,7.2,4.33
2014,3,85,GNB,False,DT,DL,D,Southern Miss,24.0,2017.0,0,0,0,,Khyri Thornton,DT,Southern Miss,75.0,304.0,5.03,28.0,29.0,112.0,7.83,4.76
2014,3,86,PHI,False,WR,WR,O,Oregon,22.0,2016.0,0,0,0,6.0,Josh Huff,WR,Oregon,71.0,206.0,4.51,14.0,35.5,116.0,,
2014,3,87,KAN,False,DB,DB,D,Rice,23.0,2020.0,0,0,1,6.0,Phillip Gaines,CB,Rice,72.0,193.0,4.38,11.0,36.5,122.0,6.62,4.04
2014,3,88,CIN,False,DE,DL,D,West Virginia,23.0,2018.0,0,0,0,4.0,Will Clarke,DE,West Virginia,78.0,271.0,4.77,22.0,32.0,112.0,7.26,4.57
2014,3,89,SDG,False,G,OL,O,Notre Dame,24.0,2015.0,0,0,0,5.0,Chris Watt,OG,Notre Dame,75.0,310.0,5.5,29.0,,,,
2014,3,90,IND,False,WR,WR,O,Mississippi,21.0,2020.0,0,0,3,15.0,Donte Moncrief,WR,Mississippi,74.0,221.0,4.4,13.0,39.5,132.0,7.02,4.3
2014,3,91,ARI,False,WR,WR,O,Pittsburg St.,24.0,2022.0,0,0,5,19.0,John Brown,WR,Pittsburg State,70.0,179.0,4.34,,36.5,119.0,6.91,4.12
2014,3,92,CAR,False,OL,OL,O,LSU,21.0,2022.0,0,5,9,41.0,Trai Turner,OG,LSU,75.0,310.0,4.93,25.0,27.5,,,
2014,3,93,JAX,False,OL,OL,O,Miami (FL),22.0,2021.0,0,0,6,31.0,Brandon Linder,OG,Miami (FL),78.0,311.0,5.35,30.0,26.5,100.0,,
2014,3,94,CLE,False,RB,RB,O,Towson,23.0,2017.0,0,0,2,3.0,Terrance West,RB,Towson,69.0,225.0,4.56,16.0,33.5,120.0,,
2014,3,95,DEN,False,OL,OL,O,Michigan,23.0,2023.0,0,0,5,10.0,Michael Schofield,OT,Michigan,78.0,301.0,5.01,,24.0,93.0,7.62,4.57
2014,3,96,MIN,False,RB,RB,O,Georgia Southern,22.0,2023.0,0,0,1,20.0,Jerick McKinnon,RB,Georgia Southern,69.0,209.0,4.41,32.0,40.5,132.0,6.83,4.12
2014,4,97,PIT,False,WR,WR,O,Kent St.,23.0,2015.0,0,0,0,0.0,Dri Archer,WR,Kent State,68.0,173.0,4.26,20.0,38.0,122.0,6.86,4.06
2014,4,98,GNB,False,TE,TE,O,California,22.0,2022.0,0,0,2,11.0,Richard Rodgers,TE,California,76.0,257.0,4.87,16.0,31.5,116.0,7.23,4.47
2014,4,99,BAL,False,TE,TE,O,Colorado St.,22.0,2016.0,0,0,1,4.0,Crockett Gillmore,TE,Colorado State,78.0,260.0,4.89,,33.5,120.0,7.42,4.44
2014,4,100,SFO,False,OL,OL,O,Clemson,23.0,,0,0,0,,Brandon Thomas,OG,Clemson,75.0,317.0,5.09,35.0,29.0,98.0,8.13,4.83
2014,4,101,PHI,False,DB,DB,D,Florida,22.0,2020.0,0,0,0,3.0,Jaylen Watkins,CB,Florida,71.0,194.0,4.41,22.0,,,,
2014,4,102,WAS,False,DB,DB,D,Clemson,22.0,2021.0,0,0,7,20.0,Bashaud Breeland,CB,Clemson,71.0,197.0,4.62,11.0,34.5,123.0,7.04,4.33
2014,4,103,ATL,False,RB,RB,O,Florida St.,22.0,2021.0,0,2,4,45.0,Devonta Freeman,RB,Florida State,68.0,206.0,4.58,,31.5,118.0,7.11,4.26
2014,4,104,NYJ,False,WR,WR,O,Oklahoma,21.0,2014.0,0,0,0,0.0,Jalen Saunders,WR,Oklahoma,69.0,165.0,4.44,,34.0,122.0,,
2014,4,105,NWE,False,C,OL,O,Florida St.,23.0,2015.0,0,0,1,11.0,Bryan Stork,C,Florida State,76.0,315.0,5.44,,,,,
2014,4,106,SFO,False,WR,WR,O,South Carolina,23.0,2018.0,0,0,0,2.0,Bruce Ellington,WR,South Carolina,69.0,197.0,4.45,15.0,39.5,120.0,6.69,3.95
2014,4,107,OAK,False,DT,DL,D,Louisiana Tech,23.0,2022.0,0,0,3,19.0,Justin Ellis,DT,Louisiana Tech,73.0,334.0,5.27,25.0,28.0,92.0,7.81,4.75
2014,4,108,SEA,False,DE,DL,D,UCLA,22.0,2021.0,0,0,0,5.0,Cassius Marsh,DE,UCLA,76.0,252.0,4.89,14.0,32.0,108.0,7.08,4.25
2014,4,109,BUF,False,DB,DB,D,Duke,23.0,2021.0,0,0,3,0.0,Ross Cockrell,CB,Duke,72.0,191.0,4.56,10.0,36.5,122.0,7.28,4.32
2014,4,110,STL,False,DB,DB,D,Utah St.,23.0,2019.0,0,0,1,10.0,Mo Alexander,S,Utah State,73.0,220.0,4.5,,38.0,123.0,7.05,4.51
2014,4,111,CIN,False,C,OL,O,North Carolina,22.0,2018.0,0,0,5,28.0,Russell Bodine,OG,North Carolina,75.0,310.0,5.18,42.0,29.0,109.0,8.26,4.66
2014,4,112,TEN,False,DT,DL,D,Penn St.,22.0,2025.0,0,0,9,34.0,DaQuan Jones,DT,Penn State,76.0,322.0,5.35,25.0,27.5,101.0,7.73,4.78
2014,4,113,NYG,False,RB,RB,O,Boston Col.,22.0,2017.0,0,0,0,6.0,Andre Williams,RB,Boston Col.,71.0,230.0,4.56,,38.0,129.0,7.27,4.06
2014,4,114,JAX,False,DB,DB,D,Oklahoma,22.0,2019.0,0,0,1,13.0,Aaron Colvin,CB,Oklahoma,71.0,177.0,4.51,,,,,
2014,4,115,NYJ,False,WR,WR,O,UCLA,23.0,,0,0,0,,Shaquelle Evans,WR,UCLA,73.0,213.0,4.51,13.0,34.5,122.0,7.07,4.21
2014,4,116,OAK,False,DB,DB,D,Utah,25.0,2017.0,0,0,0,4.0,Keith McGill,CB,Utah,75.0,211.0,4.51,,39.0,129.0,7.29,4.18
2014,4,117,CHI,False,RB,RB,O,Arizona,21.0,2016.0,0,0,0,3.0,Ka'Deem Carey,RB,Arizona,69.0,207.0,4.69,19.0,32.5,115.0,7.08,4.38
2014,4,118,PIT,False,WR,WR,O,Clemson,22.0,2018.0,0,0,1,17.0,Martavis Bryant,WR,Clemson,76.0,211.0,4.42,16.0,39.0,124.0,7.18,4.15
2014,4,119,DAL,False,LB,LB,D,Iowa,22.0,2021.0,0,0,7,21.0,Anthony Hitchens,OLB,Iowa,72.0,240.0,4.74,23.0,31.5,116.0,7.15,4.45
2014,4,120,ARI,False,QB,QB,O,Virginia Tech,23.0,2023.0,0,0,3,0.0,Logan Thomas,QB,Virginia Tech,78.0,248.0,4.61,,35.5,118.0,7.05,4.18
2014,4,121,GNB,False,LB,LB,D,Arizona St.,22.0,2016.0,0,0,0,0.0,Carl Bradford,OLB,Arizona State,73.0,250.0,4.76,23.0,37.5,122.0,7.25,4.3
2014,4,122,TEN,False,DB,DB,D,Wyoming,22.0,2016.0,0,0,0,3.0,Marqueston Huff,S,Wyoming,71.0,196.0,4.49,15.0,35.5,118.0,7.26,4.19
2014,4,123,SEA,False,WR,WR,O,Alabama,24.0,2015.0,0,0,0,1.0,Kevin Norwood,WR,Alabama,74.0,198.0,4.48,8.0,33.0,121.0,6.68,4.32
2014,4,124,KAN,False,RB,RB,O,Oregon,21.0,2019.0,0,0,0,7.0,De'Anthony Thomas,RB,Oregon,69.0,174.0,4.39,8.0,32.0,124.0,,
2014,4,125,MIA,False,DB,DB,D,Liberty,23.0,2019.0,0,0,0,6.0,,,,,,,,,,,
2014,4,126,NOR,False,LB,LB,D,California,22.0,2014.0,0,0,0,,Khairi Fortt,OLB,California,74.0,248.0,4.7,30.0,36.0,120.0,,
2014,4,127,CLE,False,DB,DB,D,Lindenwood,23.0,2021.0,0,0,3,2.0,Pierre Desir,CB,Lindenwood,73.0,198.0,4.59,11.0,35.0,133.0,6.86,4.3
2014,4,128,CAR,False,DB,DB,D,North Carolina,22.0,2020.0,0,0,4,17.0,Tre Boston,S,North Carolina,72.0,204.0,4.58,18.0,35.0,116.0,7.04,4.31
2014,5,129,SFO,False,DB,DB,D,North Carolina St.,22.0,2022.0,0,0,1,15.0,Dontae Johnson,CB,North Carolina State,74.0,200.0,4.41,12.0,38.5,124.0,6.82,4.24
2014,5,130,NWE,False,RB,RB,O,Wisconsin,22.0,2021.0,0,0,0,37.0,James White,RB,Wisconsin,69.0,204.0,4.57,23.0,32.0,114.0,7.05,4.2
2014,5,131,CHI,False,DB,DB,D,Minnesota,22.0,2015.0,0,0,0,2.0,Brock Vereen,S,Minnesota,72.0,199.0,4.47,25.0,34.0,117.0,6.9,4.07
2014,5,132,SEA,False,LB,LB,D,Boston Col.,22.0,2022.0,0,0,1,3.0,Kevin Pierre-Louis,OLB,Boston Col.,72.0,232.0,4.51,28.0,39.0,128.0,6.92,4.02
2014,5,133,DET,False,DB,DB,D,Utah St.,23.0,2021.0,0,0,5,17.0,Nevin Lawson,CB,Utah State,69.0,190.0,4.48,16.0,33.0,120.0,7.12,4.4
2014,5,134,BAL,False,DT,DL,D,Virginia,23.0,2025.0,0,0,2,18.0,Brent Urban,DE,Virginia,79.0,295.0,4.98,,,,,
2014,5,135,HOU,False,QB,QB,O,Pittsburgh,24.0,2017.0,0,0,1,3.0,Tom Savage,QB,Pittsburgh,76.0,228.0,4.97,,27.0,105.0,7.33,4.36
2014,5,136,DET,False,DE,DL,D,Bloomsburg,24.0,2016.0,0,0,0,,Larry Webster,TE,Bloomsburg,78.0,252.0,4.58,17.0,36.5,123.0,7.29,4.44
2014,5,137,NYJ,False,OL,OL,O,Furman,23.0,2021.0,0,0,1,3.0,Dakota Dozier,OG,Furman,76.0,313.0,5.42,23.0,24.0,101.0,8.14,4.89
2014,5,138,BAL,False,RB,RB,O,Coastal Carolina,22.0,2016.0,0,0,0,3.0,Lorenzo Taliaferro,RB,Coastal Carolina,72.0,229.0,4.58,18.0,33.0,118.0,6.88,4.22
2014,5,139,ATL,False,LB,LB,D,Notre Dame,22.0,2014.0,0,0,0,2.0,Prince Shembo,OLB,Notre Dame,73.0,253.0,4.71,26.0,38.5,122.0,7.29,4.31
2014,5,140,NWE,False,T,OL,O,Stanford,22.0,2024.0,0,0,2,13.0,Cameron Fleming,OT,Stanford,77.0,323.0,5.28,26.0,23.5,97.0,8.24,5.0
2014,5,141,PHI,False,DE,DL,D,Oregon,23.0,2016.0,0,0,0,1.0,Taylor Hart,DE,Oregon,78.0,281.0,4.92,21.0,,,,
2014,5,142,WAS,False,WR,WR,O,Tulane,23.0,2019.0,0,0,1,7.0,Ryan Grant,WR,Tulane,72.0,199.0,4.64,8.0,35.5,119.0,6.68,4.11
2014,5,143,TAM,False,OL,OL,O,Tennessee St.,23.0,,0,0,0,,Kadeem Edwards,OG,Tennessee State,76.0,313.0,5.25,26.0,27.0,99.0,7.95,4.82
2014,5,144,JAX,False,LB,LB,D,Florida St.,23.0,2018.0,0,1,5,42.0,Telvin Smith,OLB,Florida State,75.0,218.0,4.52,,31.5,119.0,,
2014,5,145,MIN,False,OL,OL,O,Stanford,22.0,2016.0,0,0,0,,David Yankey,OG,Stanford,78.0,315.0,5.48,22.0,28.5,103.0,7.81,4.86
2014,5,146,DAL,False,WR,WR,O,Pittsburgh,23.0,2016.0,0,0,0,1.0,Devin Street,WR,Pittsburgh,75.0,198.0,4.55,,37.0,124.0,6.89,4.01
2014,5,147,ATL,False,DB,DB,D,Purdue,22.0,2021.0,0,0,5,24.0,Ricardo Allen,CB,Purdue,69.0,187.0,4.61,13.0,35.5,117.0,,4.15
2014,5,148,CAR,False,DB,DB,D,San Jose St.,23.0,2018.0,0,0,1,6.0,Bene' Benwikere,CB,San Jose State,71.0,195.0,4.59,10.0,40.5,122.0,6.94,4.38
2014,5,149,TAM,False,T,OL,O,Purdue,23.0,2018.0,0,0,2,15.0,,,,,,,,,,,
2014,5,150,SFO,False,DE,DL,D,South Florida,21.0,2020.0,0,0,1,10.0,Aaron Lynch,DE,South Florida,77.0,249.0,4.76,18.0,,,,
2014,5,151,TEN,False,LB,LB,D,Kentucky,22.0,2021.0,0,0,5,25.0,Avery Williamson,ILB,Kentucky,73.0,246.0,4.66,25.0,30.5,120.0,7.11,4.07
2014,5,152,NYG,False,DB,DB,D,San Diego St.,23.0,2018.0,0,0,0,3.0,Nat Berhe,S,San Diego State,70.0,193.0,4.71,15.0,35.5,117.0,7.08,4.22
2014,5,153,BUF,False,G,OL,O,Baylor,23.0,2014.0,0,0,0,2.0,Cyril Richardson,OG,Baylor,77.0,329.0,5.36,25.0,25.5,91.0,7.7,4.83
2014,5,154,NYJ,False,LB,LB,D,Iowa St.,22.0,2017.0,0,0,0,,Jeremiah George,ILB,Iowa State,71.0,234.0,4.91,28.0,33.0,116.0,,
2014,5,155,MIA,False,TE,TE,O,Georgia,24.0,,0,0,0,,Arthur Lynch,TE,Georgia,77.0,258.0,4.82,28.0,29.5,116.0,7.38,4.35
2014,5,156,DEN,False,LB,LB,D,LSU,23.0,2015.0,0,0,0,1.0,Lamin Barrow,ILB,LSU,73.0,237.0,4.64,22.0,35.0,123.0,7.24,4.35
2014,5,157,PIT,False,DB,DB,D,Arizona,22.0,,0,0,0,,,,,,,,,,,,
2014,5,158,DET,False,DT,DL,D,Princeton,22.0,2021.0,0,0,1,6.0,Caraun Reid,DT,Princeton,74.0,302.0,4.91,20.0,26.5,106.0,7.59,4.58
2014,5,159,JAX,False,DE,DL,D,Arkansas,22.0,2021.0,0,0,0,3.0,Chris Smith,OLB,Arkansas,73.0,266.0,4.66,28.0,37.0,121.0,7.55,4.46
2014,5,160,ARI,False,DE,DL,D,Alabama,24.0,2017.0,0,0,0,5.0,Ed Stinson,DE,Alabama,75.0,287.0,4.98,,,,,
2014,6,161,GNB,False,C,OL,O,Ohio St.,23.0,2023.0,1,1,9,47.0,Corey Linsley,C,Ohio State,75.0,296.0,5.24,36.0,27.0,,,
2014,6,162,PHI,False,DB,DB,D,Stanford,22.0,2016.0,0,0,1,1.0,Ed Reynolds,S,Stanford,73.0,207.0,4.57,15.0,32.5,117.0,,
2014,6,163,KAN,False,QB,QB,O,Georgia,23.0,,0,0,0,,Aaron Murray,QB,Georgia,72.0,207.0,4.84,,,,,
2014,6,164,CIN,False,QB,QB,O,Alabama,23.0,2023.0,0,0,0,3.0,A.J. McCarron,QB,Alabama,75.0,220.0,4.94,,28.0,99.0,7.18,4.34
2014,6,165,SDG,False,DT,DL,D,Arkansas St.,23.0,2016.0,0,0,0,3.0,Ryan Carrethers,DT,Arkansas State,73.0,337.0,5.47,32.0,26.0,88.0,7.89,4.6
2014,6,166,IND,False,LB,LB,D,Ball St.,23.0,2015.0,0,0,0,4.0,Jonathan Newsome,OLB,Ball State,75.0,247.0,4.73,21.0,34.0,117.0,7.31,4.63
2014,6,167,NOR,False,DB,DB,D,Alabama,22.0,2016.0,0,0,0,0.0,Vinnie Sunseri,S,Alabama,71.0,210.0,,18.0,,,,
2014,6,168,ATL,False,LB,LB,D,Syracuse,23.0,,0,0,0,,,,,,,,,,,,
2014,6,169,NOR,False,LB,LB,D,Florida,23.0,2014.0,0,0,0,1.0,Ronald Powell,OLB,Florida,75.0,237.0,4.65,21.0,35.5,114.0,,
2014,6,170,SFO,False,DB,DB,D,Florida Atlantic,23.0,2017.0,0,0,0,2.0,Keith Reaser,CB,Florida Atlantic,71.0,189.0,4.43,22.0,,,,
2014,6,171,MIA,False,LB,LB,D,Montana,23.0,2017.0,0,0,0,1.0,Jordan Tripp,OLB,Montana,75.0,234.0,4.67,22.0,37.5,120.0,6.89,3.96
2014,6,172,SEA,False,DT,DL,D,Middle Tenn. St.,23.0,,0,0,0,,,,,,,,,,,,
2014,6,173,PIT,False,OL,OL,O,Vanderbilt,23.0,2018.0,0,0,1,,Wesley Johnson,C,Vanderbilt,77.0,297.0,5.11,26.0,29.0,111.0,7.4,4.64
2014,6,174,NYG,False,DE,DL,D,USC,23.0,2022.0,0,0,5,13.0,Devon Kennard,OLB,USC,75.0,249.0,4.7,23.0,30.0,113.0,7.25,4.32
2014,6,175,BAL,False,G,OL,O,Penn St.,23.0,2016.0,0,0,0,7.0,John Urschel,OG,Penn State,75.0,313.0,5.31,30.0,29.0,102.0,7.55,4.47
2014,6,176,GNB,False,WR,WR,O,Wisconsin,23.0,2017.0,0,0,0,1.0,Jared Abbrederis,WR,Wisconsin,73.0,195.0,4.5,4.0,30.5,117.0,6.8,4.08
2014,6,177,HOU,False,DE,DL,D,Alabama,21.0,2015.0,0,0,0,1.0,Jeoffrey Pagan,DE,Alabama,75.0,310.0,4.92,,,,,
2014,6,178,TEN,False,QB,QB,O,LSU,23.0,2015.0,0,0,1,1.0,Zach Mettenberger,QB,LSU,77.0,224.0,,,,,,
2014,6,179,NWE,False,OL,OL,O,Florida,23.0,2019.0,0,0,2,,Jon Halapio,OG,Florida,75.0,323.0,5.34,,21.5,100.0,8.26,4.83
2014,6,180,SFO,False,DB,DB,D,SMU,22.0,2017.0,0,0,1,5.0,,,,,,,,,,,
2014,6,181,HOU,False,RB,RB,O,LSU,23.0,2018.0,0,0,1,18.0,Alfred Blue,RB,LSU,74.0,223.0,4.63,13.0,32.0,121.0,7.15,4.5
2014,6,182,MIN,False,DB,DB,D,Virginia Tech,23.0,2019.0,0,0,0,3.0,Antone Exum,CB,Virginia Tech,72.0,213.0,4.59,17.0,35.0,117.0,7.05,4.13
2014,6,183,CHI,False,QB,QB,O,San Jose St.,23.0,2019.0,0,0,0,0.0,David Fales,QB,San Jose State,74.0,212.0,4.99,,28.0,103.0,7.55,4.5
2014,6,184,MIN,False,DB,DB,D,Maine,23.0,,0,0,0,,Kendall James,CB,Maine,70.0,180.0,4.44,9.0,39.0,,6.81,4.19
2014,6,185,TAM,False,WR,WR,O,Wyoming,22.0,2014.0,0,0,0,0.0,Robert Herron,WR,Wyoming,69.0,193.0,4.48,18.0,35.5,125.0,6.84,4.27
2014,6,186,WAS,False,RB,RB,O,Baylor,23.0,,0,0,0,,Lache Seastrunk,RB,Baylor,69.0,201.0,4.51,15.0,41.5,134.0,,
2014,6,187,NYG,False,DB,DB,D,Notre Dame,22.0,2020.0,0,0,0,,Bennett Jackson,CB,Notre Dame,72.0,195.0,4.51,13.0,38.0,128.0,6.75,4.0
2014,6,188,STL,False,DB,DB,D,Missouri,22.0,2018.0,0,0,3,9.0,E.J. Gaines,CB,Missouri,70.0,190.0,4.44,15.0,,,,
2014,6,189,DET,False,WR,WR,O,Notre Dame,22.0,2019.0,0,0,0,7.0,T.J. Jones,WR,Notre Dame,72.0,188.0,4.46,,33.0,119.0,6.82,4.27
2014,6,190,MIA,False,WR,WR,O,Coastal Carolina,22.0,2017.0,0,0,0,0.0,Matt Hazel,WR,Coastal Carolina,73.0,198.0,4.5,15.0,36.5,118.0,7.08,4.2
2014,6,191,CHI,False,P,P,S,Miami (FL),23.0,2025.0,0,0,1,17.0,Pat O'Donnell,P,Miami (FL),76.0,220.0,4.64,23.0,30.5,120.0,,
2014,6,192,PIT,False,LB,LB,D,UCLA,22.0,,0,0,0,,Jordan Zumwalt,OLB,UCLA,76.0,235.0,4.76,,33.0,116.0,6.99,4.25
2014,7,193,KAN,False,G,OL,O,Tennessee,22.0,2020.0,0,0,6,21.0,Zach Fulton,OG,Tennessee,77.0,316.0,5.16,25.0,24.5,98.0,7.87,5.16
2014,7,194,BAL,False,QB,QB,O,Ball St.,23.0,,0,0,0,,Keith Wenning,QB,Ball State,75.0,218.0,5.0,,28.0,100.0,7.07,4.25
2014,7,195,NYJ,False,DB,DB,D,NW Missouri St.,24.0,2017.0,0,0,0,,Brandon Dixon,CB,Northwest Missouri State,71.0,203.0,4.41,17.0,32.5,117.0,7.15,4.27
2014,7,196,ARI,False,WR,WR,O,Murray St.,22.0,2016.0,0,0,0,,,,,,,,,,,,
2014,7,197,GNB,False,DB,DB,D,Baylor,25.0,2016.0,0,0,0,2.0,Demetri Goodson,CB,Baylor,71.0,194.0,4.52,11.0,37.0,123.0,6.8,4.34
2014,7,198,NWE,False,DE,DL,D,Concordia-St.Paul (MN),24.0,2018.0,0,0,0,1.0,Zach Moore,DE,Concordia (MN),77.0,269.0,4.84,23.0,33.5,123.0,7.41,4.46
2014,7,199,SEA,False,OL,OL,O,Marshall,22.0,,0,0,0,,,,,,,,,,,,
2014,7,200,KAN,False,OL,OL,O,McGill,23.0,2022.0,0,0,4,27.0,,,,,,,,,,,
2014,7,201,SDG,False,RB,RB,O,Arizona St.,23.0,2014.0,0,0,0,,Marion Grice,RB,Arizona State,72.0,208.0,4.67,,,,,
2014,7,202,NOR,False,OL,OL,O,Kansas St.,24.0,,0,0,0,,,,,,,,,,,,
2014,7,203,IND,False,LB,LB,D,Western Kentucky,22.0,2014.0,0,0,0,1.0,Andrew Jackson,ILB,Western Kentucky,73.0,254.0,4.9,,,,,
2014,7,204,CAR,False,RB,RB,O,Stanford,23.0,,0,0,0,,Tyler Gaffney,RB,Stanford,71.0,220.0,4.49,,36.5,116.0,6.78,4.18
2014,7,205,JAX,False,C,OL,O,Virginia,23.0,2018.0,0,0,1,5.0,,,,,,,,,,,
2014,7,206,NWE,False,DB,DB,D,Georgia Tech,24.0,2014.0,0,0,0,,Jemea Thomas,CB,Georgia Tech,69.0,192.0,4.52,19.0,37.0,125.0,,
2014,7,207,DEN,False,OL,OL,O,Boise St.,24.0,2021.0,0,0,6,21.0,Matt Paradis,C,Boise State,75.0,306.0,5.34,23.0,26.0,103.0,7.6,4.46
2014,7,208,SEA,False,DB,DB,D,San Diego St.,23.0,2016.0,0,0,0,1.0,,,,,,,,,,,
2014,7,209,NYJ,False,WR,WR,O,Nebraska,22.0,2019.0,0,0,2,13.0,Quincy Enunwa,WR,Nebraska,74.0,225.0,4.41,19.0,,,,
2014,7,210,NYJ,False,DT,DL,D,Louisiana Tech,23.0,2015.0,0,0,0,0.0,I.K. Enemkpali,DE,Louisiana Tech,73.0,261.0,4.86,28.0,34.0,112.0,7.67,4.65
2014,7,211,HOU,False,FB,RB,O,Auburn,22.0,2017.0,0,0,2,0.0,,,,,,,,,,,
2014,7,212,CIN,False,LB,LB,D,Arizona,22.0,2018.0,0,0,0,4.0,,,,,,,,,,,
2014,7,213,NYJ,False,QB,QB,O,Clemson,23.0,,0,0,0,,Tajh Boyd,QB,Clemson,73.0,222.0,4.84,,30.5,106.0,7.33,4.23
2014,7,214,STL,False,QB,QB,O,SMU,23.0,2021.0,0,0,0,,,,,,,,,,,,
2014,7,215,PIT,False,DT,DL,D,Tennessee,22.0,2020.0,0,0,0,6.0,Daniel McCullers,DT,Tennessee,79.0,352.0,5.18,27.0,20.5,97.0,,
2014,7,216,HOU,False,DB,DB,D,Vanderbilt,22.0,2018.0,0,0,3,17.0,Andre Hal,CB,Vanderbilt,70.0,188.0,4.5,15.0,35.5,119.0,7.14,4.27
2014,7,217,WAS,False,TE,TE,O,Indiana,23.0,,0,0,0,,,,,,,,,,,,
2014,7,218,BAL,False,WR,WR,O,Wake Forest,23.0,2017.0,0,0,0,4.0,Michael Campanaro,WR,Wake Forest,69.0,192.0,4.46,20.0,39.0,122.0,6.77,4.01
2014,7,219,OAK,False,DB,DB,D,Ohio,24.0,2022.0,0,0,3,13.0,Travis Carrie,CB,Ohio,72.0,206.0,4.49,17.0,,,,
2014,7,220,MIN,False,DT,DL,D,Connecticut,23.0,2021.0,0,0,4,25.0,Shamar Stephen,DT,Connecticut,77.0,309.0,5.25,25.0,30.5,103.0,,
2014,7,221,BUF,False,LB,LB,D,Florida Atlantic,23.0,2016.0,0,0,0,2.0,,,,,,,,,,,
2014,7,222,JAX,False,RB,RB,O,Central Florida,22.0,2014.0,0,0,0,0.0,Storm Johnson,RB,Central Florida,72.0,209.0,4.6,16.0,35.5,118.0,,
2014,7,223,MIN,False,LB,LB,D,Georgia Tech,23.0,2015.0,0,0,0,1.0,,,,,,,,,,,
2014,7,224,PHI,False,DT,DL,D,Wisconsin,22.0,2019.0,0,0,1,8.0,,,,,,,,,,,
2014,8,225,MIN,False,DB,DB,D,North Carolina,21.0,2014.0,0,0,0,1.0,Jabari Price,CB,North Carolina,71.0,200.0,4.45,16.0,,,7.04,4.3
2014,8,226,STL,False,OL,OL,O,Portland St.,23.0,,0,0,0,,,,,,,,,,,,
2014,8,227,SEA,False,RB,RB,O,Arkansas,25.0,2014.0,0,0,0,,,,,,,,,,,,
2014,8,228,WAS,False,K,K,S,Arkansas,23.0,2015.0,0,0,0,,Zach Hocker,K,Arkansas,72.0,189.0,4.9,,,,,
2014,8,229,DET,False,K,K,S,Boston Col.,24.0,2014.0,0,0,0,-1.0,,,,,,,,,,,
2014,8,230,PIT,False,TE,TE,O,Massachusetts,24.0,,0,0,0,,Rob Blanchflower,TE,Massachusetts,76.0,256.0,4.82,,,,,
2014,8,231,DAL,False,DE,DL,D,Stanford,24.0,,0,0,0,,,,,,,,,,,,
2014,8,232,IND,False,OL,OL,O,Georgia St.,22.0,2017.0,0,0,0,,,,,,,,,,,,
2014,8,233,NYJ,False,LB,LB,D,Utah,26.0,2017.0,0,0,0,3.0,Trevor Reilly,OLB,Utah,77.0,245.0,4.67,26.0,,,,
2014,8,234,MIA,False,DE,DL,D,Marist,22.0,2017.0,0,0,0,5.0,,,,,,,,,,,
2014,8,235,OAK,False,DE,DL,D,Illinois St.,23.0,2025.0,0,0,5,1.0,,,,,,,,,,,
2014,8,236,GNB,False,WR,WR,O,Saginaw Valley St.,23.0,2017.0,0,0,0,2.0,Jeff Janis,WR,Saginaw Valley State,75.0,219.0,4.42,20.0,37.5,123.0,6.64,3.98
2014,8,237,BUF,False,OL,OL,O,Miami (FL),22.0,2019.0,0,0,2,13.0,Seantrel Henderson,OT,Miami (FL),79.0,331.0,5.04,,24.0,95.0,8.15,4.77
2014,8,238,DAL,False,LB,LB,D,Texas Tech,22.0,,0,0,0,,,,,,,,,,,,
2014,8,239,CIN,False,WR,WR,O,LSU,22.0,2016.0,0,0,0,2.0,,,,,,,,,,,
2014,8,240,SDG,False,WR,WR,O,Baylor,23.0,,0,0,0,,Tevin Reese,WR,Baylor,70.0,163.0,4.46,,41.0,132.0,6.63,4.18
2014,8,241,STL,False,DB,DB,D,Ohio St.,22.0,2016.0,0,0,0,1.0,,,,,,,,,,,
2014,8,242,DEN,False,LB,LB,D,Oklahoma,22.0,2019.0,0,0,0,8.0,,,,,,,,,,,
2014,8,243,SFO,False,DE,DL,D,Boston Col.,25.0,,0,0,0,,Kaleb Ramsey,DT,Boston Col.,75.0,293.0,,36.0,,,,
2014,8,244,NWE,False,WR,WR,O,Michigan,24.0,,0,0,0,,Jeremy Gallon,WR,Michigan,67.0,185.0,4.49,15.0,,,,
2014,8,245,SFO,False,FB,RB,O,Oklahoma,23.0,,0,0,0,,Trey Millard,FB,Oklahoma,74.0,247.0,4.64,,,,,
2014,8,246,CHI,False,T,OL,O,Boise St.,22.0,2023.0,0,1,9,37.0,Charles Leno,OG,Boise State,76.0,303.0,5.25,21.0,29.0,108.0,7.57,4.4
2014,8,247,OAK,False,DB,DB,D,Western Kentucky,22.0,2014.0,0,0,0,0.0,Jonathan Dowling,S,Western Kentucky,75.0,190.0,4.52,8.0,33.5,118.0,7.04,4.24
2014,8,248,DAL,False,DB,DB,D,Baylor,23.0,2014.0,0,0,0,,Ahmad Dixon,S,Baylor,72.0,212.0,4.64,14.0,32.0,111.0,7.55,4.5
2014,8,249,STL,False,DE,DL,D,Missouri,24.0,,0,0,0,,Michael Sam,DE,Missouri,74.0,261.0,4.91,17.0,25.5,114.0,7.8,4.7
2014,8,250,STL,False,OL,OL,O,Tennessee St.,22.0,2017.0,0,0,0,2.0,,,,,,,,,,,
2014,8,251,DAL,False,DT,DL,D,Northern Illinois,23.0,2015.0,0,0,0,0.0,,,,,,,,,,,
2014,8,252,CIN,False,DB,DB,D,Georgia Southern,22.0,,0,0,0,,Lavelle Westbrooks,CB,Georgia Southern,71.0,186.0,4.63,15.0,36.0,121.0,6.98,4.27
2014,8,253,ATL,False,LB,LB,D,Connecticut,22.0,,0,0,0,,Yawin Smallwood,ILB,Connecticut,74.0,246.0,,18.0,36.5,108.0,,
2014,8,254,DAL,False,DB,DB,D,Oregon,22.0,2022.0,0,0,3,0.0,Terrance Mitchell,CB,Oregon,71.0,192.0,4.63,,34.0,117.0,6.57,4.0
2014,8,255,ATL,False,LB,LB,D,South Dakota,23.0,2015.0,0,0,0,0.0,Tyler Starr,OLB,South Dakota,76.0,250.0,4.95,24.0,32.0,116.0,6.64,4.15
2014,8,256,HOU,False,DB,DB,D,Memphis,21.0,2016.0,0,0,0,0.0,,,,,,,,,,,
2015,1,1,TAM,False,QB,QB,O,Florida St.,21.0,2025.0,0,1,5,54.0,Jameis Winston,QB,Florida State,76.0,231.0,4.97,,28.5,103.0,7.16,4.36
2015,1,2,TEN,False,QB,QB,O,Oregon,21.0,2025.0,0,0,5,43.0,Marcus Mariota,QB,Oregon,76.0,222.0,4.52,,36.0,121.0,6.87,4.11
2015,1,3,JAX,False,OLB,LB,D,Florida,21.0,2025.0,0,0,2,5.0,Dante Fowler,OLB,Florida,75.0,261.0,4.6,19.0,32.5,112.0,7.4,4.32
2015,1,4,OAK,False,WR,WR,O,Alabama,21.0,2024.0,0,5,9,22.0,Amari Cooper,WR,Alabama,73.0,211.0,4.42,,33.0,120.0,6.71,3.98
2015,1,5,WAS,False,T,OL,O,Iowa,23.0,2024.0,1,5,10,45.0,Brandon Scherff,OT,Iowa,77.0,319.0,5.05,23.0,,,,
2015,1,6,NYJ,False,DE,DL,D,USC,21.0,2025.0,0,3,9,26.0,Leonard Williams,DT,USC,77.0,302.0,4.97,,29.5,106.0,7.59,4.53
2015,1,7,CHI,False,WR,WR,O,West Virginia,23.0,2022.0,0,0,0,2.0,Kevin White,WR,West Virginia,75.0,215.0,4.35,23.0,36.5,123.0,6.92,4.14
2015,1,8,ATL,False,OLB,LB,D,Clemson,23.0,2020.0,1,1,5,32.0,Vic Beasley,OLB,Clemson,75.0,246.0,4.53,35.0,41.0,130.0,6.91,4.15
2015,1,9,NYG,False,T,OL,O,Miami (FL),21.0,2021.0,0,0,7,18.0,Ereck Flowers,OT,Miami (FL),78.0,329.0,5.31,37.0,,,,
2015,1,10,STL,False,RB,RB,O,Georgia,21.0,2020.0,2,3,6,50.0,Todd Gurley,RB,Georgia,73.0,222.0,4.52,17.0,,,,
2015,1,11,MIN,False,CB,DB,D,Michigan St.,23.0,2021.0,0,0,3,18.0,Trae Waynes,CB,Michigan State,72.0,186.0,4.31,19.0,38.0,122.0,7.06,4.39
2015,1,12,CLE,False,NT,DL,D,Washington,22.0,2022.0,0,0,5,15.0,Danny Shelton,DT,Washington,74.0,339.0,5.64,34.0,30.5,95.0,7.99,4.65
2015,1,13,NOR,False,T,OL,O,Stanford,21.0,2025.0,0,3,7,52.0,Andrus Peat,OT,Stanford,79.0,313.0,5.18,,31.0,105.0,8.01,4.62
2015,1,14,MIA,False,WR,WR,O,Louisville,22.0,2023.0,0,0,6,32.0,DeVante Parker,WR,Louisville,75.0,209.0,4.45,17.0,36.5,125.0,,
2015,1,15,SDG,False,RB,RB,O,Wisconsin,22.0,2023.0,0,2,7,38.0,Melvin Gordon,RB,Wisconsin,73.0,215.0,4.52,19.0,35.0,126.0,7.04,4.07
2015,1,16,HOU,False,CB,DB,D,Wake Forest,23.0,2020.0,0,0,0,8.0,Kevin Johnson,CB,Wake Forest,72.0,188.0,4.52,,41.5,130.0,6.79,3.89
2015,1,17,SFO,False,DT,DL,D,Oregon,21.0,2025.0,0,0,6,40.0,Arik Armstead,DE,Oregon,79.0,292.0,5.06,24.0,34.0,117.0,7.57,4.53
2015,1,18,KAN,False,CB,DB,D,Washington,22.0,2023.0,2,3,7,32.0,Marcus Peters,CB,Washington,72.0,197.0,4.53,17.0,37.5,121.0,7.08,4.08
2015,1,19,CLE,False,C,OL,O,Florida St.,23.0,2023.0,0,0,3,6.0,Cameron Erving,C,Florida State,77.0,313.0,5.15,30.0,30.5,112.0,7.48,4.63
2015,1,20,PHI,False,WR,WR,O,USC,22.0,2024.0,0,0,7,18.0,Nelson Agholor,WR,USC,72.0,198.0,4.42,12.0,,,,
2015,1,21,CIN,False,T,OL,O,Texas A&M,23.0,2022.0,0,0,2,11.0,Cedric Ogbuehi,OT,Texas A&M,77.0,306.0,4.98,23.0,,,,
2015,1,22,PIT,False,OLB,LB,D,Kentucky,22.0,2025.0,0,0,6,30.0,Alvin Dupree,DE,Kentucky,76.0,269.0,4.56,,42.0,138.0,,
2015,1,23,DEN,False,DE,DL,D,Missouri,22.0,2018.0,0,0,1,12.0,Shane Ray,DE,Missouri,75.0,245.0,4.68,21.0,,,,
2015,1,24,ARI,False,T,OL,O,Florida,21.0,2025.0,0,1,7,44.0,D.J. Humphries,OT,Florida,77.0,307.0,5.12,26.0,31.0,104.0,7.87,4.64
2015,1,25,CAR,False,OLB,LB,D,Washington,21.0,2025.0,0,0,8,41.0,Shaq Thompson,OLB,Washington,72.0,228.0,4.64,,33.5,117.0,6.99,4.08
2015,1,26,BAL,False,WR,WR,O,Central Florida,21.0,2022.0,0,0,1,4.0,Breshad Perriman,WR,Central Florida,74.0,212.0,,,,,,
2015,1,27,DAL,False,CB,DB,D,Connecticut,22.0,2021.0,0,1,7,29.0,Byron Jones,CB,Connecticut,73.0,199.0,4.43,,44.5,147.0,6.78,3.94
2015,1,28,DET,False,G,OL,O,Duke,23.0,2025.0,0,1,10,11.0,Laken Tomlinson,OG,Duke,75.0,323.0,5.33,25.0,31.5,103.0,8.17,4.87
2015,1,29,IND,False,WR,WR,O,Miami (FL),22.0,2023.0,0,0,0,7.0,Phillip Dorsett,WR,Miami (FL),70.0,185.0,4.33,13.0,37.0,122.0,6.7,4.11
2015,1,30,GNB,False,S,DB,D,Arizona St.,23.0,2020.0,0,0,5,11.0,Damarious Randall,S,Arizona State,71.0,196.0,4.46,14.0,38.0,120.0,6.83,4.07
2015,1,31,NOR,False,ILB,LB,D,Clemson,23.0,2019.0,0,0,1,9.0,Stephone Anthony,ILB,Clemson,75.0,243.0,4.56,23.0,37.0,122.0,7.07,4.03
2015,1,32,NWE,False,DT,DL,D,Texas,21.0,2021.0,0,0,6,27.0,Malcom Brown,DT,Texas,74.0,319.0,5.05,26.0,29.5,98.0,7.84,4.59
2015,2,33,NYG,False,S,DB,D,Alabama,21.0,2022.0,1,3,6,32.0,Landon Collins,S,Alabama,72.0,228.0,4.53,,35.0,120.0,7.38,4.33
2015,2,34,TAM,False,T,OL,O,Penn St.,22.0,2023.0,0,0,9,53.0,Donovan Smith,OT,Penn State,78.0,338.0,5.27,26.0,32.0,109.0,7.95,4.79
2015,2,35,OAK,False,DT,DL,D,Florida St.,21.0,2025.0,0,0,2,10.0,"Mario Edwards, Jr.",DE,Florida State,75.0,279.0,4.76,32.0,32.5,120.0,7.44,4.55
2015,2,36,JAX,False,RB,RB,O,Alabama,21.0,2020.0,0,0,2,19.0,T.J. Yeldon,RB,Alabama,73.0,226.0,4.61,22.0,36.0,117.0,7.19,4.22
2015,2,37,NYJ,False,WR,WR,O,Ohio St.,23.0,2021.0,0,0,0,1.0,Devin Smith,WR,Ohio State,72.0,196.0,4.42,10.0,39.0,122.0,,4.15
2015,2,38,WAS,False,DE,DL,D,Mississippi St.,22.0,2025.0,0,0,8,21.0,Preston Smith,DE,Mississippi State,77.0,271.0,4.74,24.0,34.0,121.0,7.07,4.28
2015,2,39,CHI,False,DT,DL,D,Florida St.,21.0,2025.0,0,0,4,32.0,Eddie Goldman,DT,Florida State,76.0,336.0,5.28,,,,,
2015,2,40,TEN,False,WR,WR,O,Oklahoma,22.0,2016.0,0,0,0,4.0,Dorial Green-Beckham,WR,Oklahoma,77.0,237.0,4.49,13.0,33.5,119.0,6.89,4.45
2015,2,41,CAR,False,WR,WR,O,Michigan,21.0,2019.0,0,0,2,20.0,Devin Funchess,WR,Michigan,76.0,232.0,4.7,17.0,38.5,122.0,,
2015,2,42,ATL,False,CB,DB,D,LSU,22.0,2016.0,0,0,0,4.0,Jalen Collins,CB,LSU,73.0,203.0,4.48,,36.0,124.0,6.77,4.27
2015,2,43,HOU,False,ILB,LB,D,Mississippi St.,22.0,2021.0,0,1,5,42.0,Benardrick McKinney,ILB,Mississippi State,76.0,246.0,4.66,16.0,40.5,121.0,7.21,4.27
2015,2,44,NOR,False,OLB,LB,D,Washington,23.0,2017.0,0,0,1,5.0,Hau'oli Kikaha,OLB,Washington,74.0,253.0,4.93,,,,,
2015,2,45,MIN,False,ILB,LB,D,UCLA,23.0,2025.0,1,1,10,55.0,Eric Kendricks,ILB,UCLA,72.0,232.0,4.61,19.0,38.0,124.0,,
2015,2,46,SFO,False,S,DB,D,Samford,23.0,2021.0,0,0,4,21.0,Jaquiski Tartt,S,Samford,73.0,221.0,4.53,,,124.0,,
2015,2,47,PHI,False,CB,DB,D,Utah,22.0,2023.0,0,0,2,2.0,Eric Rowe,CB,Utah,73.0,205.0,4.45,19.0,39.0,125.0,6.7,3.97
2015,2,48,SDG,False,ILB,LB,D,Miami (FL),22.0,2025.0,0,1,7,29.0,Denzel Perryman,ILB,Miami (FL),71.0,236.0,4.78,27.0,32.0,113.0,,
2015,2,49,KAN,False,G,OL,O,Missouri,23.0,2024.0,0,1,9,20.0,Mitch Morse,OG,Missouri,77.0,305.0,5.14,36.0,31.0,112.0,7.6,4.5
2015,2,50,BUF,False,CB,DB,D,Florida St.,21.0,2024.0,0,0,8,9.0,Ronald Darby,CB,Florida State,71.0,193.0,4.38,12.0,41.5,129.0,6.94,4.14
2015,2,51,CLE,False,DE,DL,D,Utah,22.0,2021.0,0,0,1,7.0,Nate Orchard,DE,Utah,75.0,250.0,4.8,,31.5,115.0,7.28,4.43
2015,2,52,MIA,False,NT,DL,D,Oklahoma,22.0,2025.0,0,0,5,9.0,Jordan Phillips,DT,Oklahoma,77.0,329.0,5.17,28.0,30.0,105.0,7.88,4.68
2015,2,53,CIN,False,T,OL,O,Oregon,22.0,2018.0,0,0,0,9.0,Jake Fisher,OT,Oregon,78.0,306.0,5.01,25.0,32.5,,7.25,4.33
2015,2,54,DET,False,RB,RB,O,Nebraska,22.0,2025.0,0,0,2,10.0,Ameer Abdullah,RB,Nebraska,69.0,205.0,4.6,24.0,42.5,130.0,6.79,3.95
2015,2,55,BAL,False,TE,TE,O,Minnesota,21.0,2022.0,0,0,2,4.0,Maxx Williams,TE,Minnesota,76.0,249.0,4.78,17.0,34.5,117.0,7.3,4.37
2015,2,56,PIT,False,CB,DB,D,Mississippi,22.0,,0,0,0,,Senquez Golson,CB,Mississippi,69.0,176.0,4.46,15.0,33.5,120.0,6.81,4.2
2015,2,57,STL,False,T,OL,O,Wisconsin,23.0,2025.0,0,0,10,58.0,Rob Havenstein,OT,Wisconsin,79.0,321.0,5.46,16.0,28.5,96.0,8.28,4.87
2015,2,58,ARI,False,DE,DL,D,Missouri,24.0,2023.0,0,0,4,23.0,Markus Golden,OLB,Missouri,74.0,260.0,4.9,,,,,
2015,2,59,DEN,False,T,OL,O,Colorado St.,23.0,2021.0,0,0,0,4.0,Ty Sambrailo,OT,Colorado State,78.0,311.0,5.36,23.0,29.0,97.0,7.54,4.58
2015,2,60,DAL,False,OLB,LB,D,Nebraska,22.0,2023.0,0,0,1,11.0,Randy Gregory,DE,Nebraska,77.0,235.0,4.64,24.0,36.5,125.0,,
2015,2,61,TAM,False,C,OL,O,Hobart,22.0,2021.0,0,1,7,43.0,Ali Marpet,OG,Hobart & William Smith,76.0,307.0,4.98,30.0,30.5,108.0,7.33,4.47
2015,2,62,GNB,False,CB,DB,D,Miami (OH),23.0,2017.0,0,0,0,7.0,Quinten Rollins,CB,Miami (OH),71.0,195.0,4.57,14.0,36.5,122.0,7.1,4.28
2015,2,63,SEA,False,DE,DL,D,Michigan,22.0,2023.0,0,3,6,20.0,Frank Clark,DE,Michigan,75.0,271.0,4.79,19.0,38.5,118.0,7.08,4.05
2015,2,64,NWE,False,S,DB,D,Stanford,22.0,2021.0,0,0,1,5.0,Jordan Richards,S,Stanford,71.0,211.0,4.65,13.0,32.0,111.0,6.74,4.22
2015,3,65,IND,False,CB,DB,D,Florida Atlantic,22.0,2016.0,0,0,0,0.0,D'Joun Smith,CB,Florida Atlantic,70.0,187.0,4.37,18.0,36.0,124.0,6.96,4.26
2015,3,66,TEN,False,G,OL,O,Utah,21.0,2016.0,0,0,0,3.0,Jeremiah Poutasi,OG,Utah,77.0,335.0,5.32,26.0,26.5,95.0,8.09,4.89
2015,3,67,JAX,False,G,OL,O,South Carolina,23.0,2022.0,0,0,7,35.0,A.J. Cann,OG,South Carolina,75.0,313.0,5.47,26.0,,,,
2015,3,68,OAK,False,TE,TE,O,Miami (FL),23.0,2019.0,0,0,1,7.0,Clive Walford,TE,Miami (FL),76.0,251.0,4.79,20.0,35.0,120.0,7.32,4.57
2015,3,69,SEA,False,WR,WR,O,Kansas St.,22.0,2025.0,1,1,10,67.0,Tyler Lockett,WR,Kansas State,70.0,182.0,4.4,,35.5,121.0,6.89,4.07
2015,3,70,HOU,False,WR,WR,O,Arizona St.,21.0,2017.0,0,0,0,2.0,Jaelen Strong,WR,Arizona State,74.0,217.0,4.44,,42.0,123.0,,
2015,3,71,CHI,False,C,OL,O,Oregon,24.0,2023.0,0,0,1,5.0,Hroniss Grasu,C,Oregon,75.0,297.0,5.03,,,,,
2015,3,72,STL,False,T,OL,O,Louisville,22.0,2020.0,0,0,3,13.0,Jamon Brown,OT,Louisville,76.0,323.0,5.08,,,,,
2015,3,73,ATL,False,RB,RB,O,Indiana,22.0,2022.0,0,0,2,25.0,Tevin Coleman,RB,Indiana,71.0,206.0,4.4,22.0,,,,
2015,3,74,NYG,False,DE,DL,D,UCLA,23.0,2016.0,0,0,0,1.0,Owamagbe Odighizuwa,DE,UCLA,75.0,267.0,4.62,25.0,39.0,127.0,7.36,4.19
2015,3,75,NOR,False,QB,QB,O,Colorado St.,24.0,,0,0,0,,Garrett Grayson,QB,Colorado State,74.0,213.0,4.75,,,,,
2015,3,76,KAN,False,WR,WR,O,Georgia,22.0,2024.0,0,0,3,11.0,Chris Conley,WR,Georgia,74.0,213.0,4.35,18.0,45.0,139.0,7.06,4.3
2015,3,77,CLE,False,RB,RB,O,Miami (FL),21.0,2022.0,0,0,0,18.0,Duke Johnson,RB,Miami (FL),69.0,207.0,4.54,,33.5,121.0,,
2015,3,78,NOR,False,CB,DB,D,Florida St.,22.0,2022.0,0,0,2,19.0,P.J. Williams,CB,Florida State,72.0,194.0,4.57,12.0,40.0,132.0,7.08,4.28
2015,3,79,SFO,False,OLB,LB,D,Virginia,21.0,2018.0,0,0,2,11.0,Eli Harold,OLB,Virginia,75.0,247.0,4.6,,35.0,123.0,7.07,4.16
2015,3,80,DET,False,CB,DB,D,Stanford,20.0,2018.0,0,0,0,0.0,Alex Carter,CB,Stanford,72.0,196.0,4.51,17.0,40.0,121.0,7.05,4.07
2015,3,81,BUF,False,G,OL,O,Louisville,22.0,2022.0,0,0,5,19.0,John Miller,OG,Louisville,74.0,303.0,5.33,29.0,27.0,104.0,8.2,4.75
2015,3,82,NYJ,False,OLB,LB,D,Louisville,22.0,2016.0,0,0,0,4.0,Lorenzo Mauldin,OLB,Louisville,76.0,259.0,4.85,23.0,32.0,112.0,7.47,4.58
2015,3,83,SDG,False,CB,DB,D,Texas St.,23.0,2018.0,0,0,0,4.0,Craig Mager,CB,Texas State,71.0,201.0,4.44,17.0,38.0,130.0,6.83,4.07
2015,3,84,PHI,False,OLB,LB,D,Texas,23.0,2024.0,0,0,9,18.0,Jordan Hicks,OLB,Texas,73.0,236.0,4.68,20.0,38.0,124.0,6.78,4.15
2015,3,85,CIN,False,TE,TE,O,Rutgers,22.0,2023.0,0,0,2,6.0,Tyler Kroft,TE,Rutgers,77.0,246.0,4.75,17.0,,,,
2015,3,86,ARI,False,RB,RB,O,Northern Iowa,23.0,2022.0,1,1,3,33.0,David Johnson,RB,New Mexico,73.0,224.0,4.5,25.0,41.5,127.0,6.82,4.27
2015,3,87,PIT,False,WR,WR,O,Auburn,22.0,2018.0,0,0,0,4.0,Sammie Coates,WR,Auburn,73.0,212.0,4.43,23.0,41.0,131.0,6.98,4.06
2015,3,88,MIN,False,DE,DL,D,LSU,20.0,2025.0,0,5,6,58.0,Danielle Hunter,DE,LSU,77.0,252.0,4.57,25.0,,,,
2015,3,89,STL,False,QB,QB,O,Oregon St.,23.0,2021.0,0,0,0,1.0,Sean Mannion,QB,Oregon State,78.0,229.0,5.14,,31.0,105.0,7.29,4.39
2015,3,90,BAL,False,DT,DL,D,Iowa,23.0,2024.0,0,0,1,7.0,Carl Davis,DT,Iowa,77.0,320.0,5.07,,33.0,103.0,7.91,4.47
2015,3,91,DAL,False,T,OL,O,Florida,23.0,2021.0,0,0,0,4.0,Chaz Green,OT,Florida,77.0,314.0,5.16,21.0,29.5,106.0,8.0,4.7
2015,3,92,DEN,False,TE,TE,O,Ohio St.,22.0,2019.0,0,0,3,5.0,Jeff Heuerman,TE,Ohio State,77.0,254.0,4.81,26.0,,,,
2015,3,93,IND,False,DE,DL,D,Stanford,24.0,2022.0,0,0,4,8.0,Henry Anderson,DE,Stanford,78.0,294.0,4.97,,30.0,111.0,7.2,4.19
2015,3,94,GNB,False,WR,WR,O,Stanford,22.0,2023.0,0,0,1,13.0,Ty Montgomery,WR,Stanford,72.0,221.0,4.55,,40.5,121.0,6.97,4.21
2015,3,95,WAS,False,RB,RB,O,Florida,22.0,2017.0,0,0,0,9.0,Matt Jones,RB,Florida,74.0,231.0,4.61,20.0,31.5,112.0,,4.2
2015,3,96,CLE,False,DT,DL,D,Washington St.,23.0,2017.0,0,0,0,3.0,Xavier Cooper,DT,Washington State,75.0,293.0,4.86,29.0,29.0,110.0,7.23,4.37
2015,4,97,NWE,False,DE,DL,D,Oklahoma,23.0,2018.0,0,0,0,3.0,Geneo Grissom,OLB,Oklahoma,75.0,262.0,4.81,20.0,37.0,117.0,7.24,4.38
2015,4,98,KAN,False,CB,DB,D,Oregon St.,22.0,2023.0,0,0,7,11.0,Steven Nelson,CB,Oregon State,70.0,197.0,4.49,19.0,34.5,115.0,6.88,4.07
2015,4,99,CIN,False,ILB,LB,D,TCU,22.0,2017.0,0,0,0,1.0,Paul Dawson,ILB,TCU,72.0,235.0,4.93,21.0,28.0,109.0,,4.49
2015,4,100,TEN,False,DT,DL,D,Auburn,22.0,2024.0,0,0,1,1.0,Angelo Blackson,DT,Auburn,76.0,318.0,5.02,20.0,31.0,101.0,7.5,4.57
2015,4,101,NWE,False,DE,DL,D,Arkansas,22.0,2022.0,0,0,4,24.0,Trey Flowers,DE,Arkansas,74.0,266.0,4.93,28.0,36.5,121.0,7.34,4.4
2015,4,102,CAR,False,G,OL,O,Oklahoma,23.0,2021.0,0,0,5,22.0,Daryl Williams,OT,Oklahoma,77.0,327.0,5.34,27.0,26.0,97.0,,5.15
2015,4,103,NYJ,False,QB,QB,O,Baylor,24.0,2017.0,0,0,0,4.0,Bryce Petty,QB,Baylor,75.0,230.0,4.87,,34.0,121.0,6.91,4.13
2015,4,104,JAX,False,S,DB,D,Louisville,23.0,2015.0,0,0,0,1.0,James Sample,S,Louisville,74.0,209.0,4.56,,32.5,123.0,7.04,
2015,4,105,WAS,False,WR,WR,O,Duke,22.0,2024.0,0,0,4,22.0,Jamison Crowder,WR,Duke,68.0,185.0,4.56,10.0,37.0,115.0,7.17,4.32
2015,4,106,CHI,False,RB,RB,O,Michigan St.,23.0,2018.0,0,0,0,7.0,Jeremy Langford,RB,Michigan State,72.0,208.0,4.42,,34.5,118.0,7.22,4.32
2015,4,107,ATL,False,WR,WR,O,East Carolina,23.0,2019.0,0,0,0,8.0,Justin Hardy,WR,East Carolina,70.0,192.0,4.56,11.0,36.5,114.0,6.63,4.21
2015,4,108,TEN,False,FB,RB,O,Alabama,25.0,2017.0,0,0,1,0.0,Jalston Fowler,FB,Alabama,71.0,254.0,4.94,23.0,33.5,114.0,7.56,4.4
2015,4,109,IND,False,S,DB,D,Central Florida,23.0,2019.0,0,0,3,13.0,Clayton Geathers,S,Central Florida,74.0,218.0,4.55,22.0,37.0,120.0,7.21,4.27
2015,4,110,MIN,False,T,OL,O,Pittsburgh,23.0,2018.0,0,0,2,13.0,T.J. Clemmings,OT,Pittsburgh,77.0,309.0,5.14,22.0,32.5,111.0,7.68,4.54
2015,4,111,NWE,False,G,OL,O,Florida St.,22.0,2015.0,0,0,1,6.0,Tre Jackson,OG,Florida State,76.0,330.0,5.52,,25.0,96.0,,
2015,4,112,WAS,False,G,OL,O,Alabama,23.0,2017.0,0,0,0,4.0,Arie Kouandjio,OG,Alabama,77.0,310.0,5.48,,,,,
2015,4,113,DET,False,DT,DL,D,Auburn,23.0,2018.0,0,0,0,1.0,Gabe Wright,DT,Auburn,75.0,300.0,5.07,34.0,26.5,100.0,7.73,4.56
2015,4,114,MIA,False,G,OL,O,Arizona St.,23.0,2021.0,0,0,0,3.0,Jamil Douglas,OG,Arizona State,76.0,304.0,5.25,28.0,29.0,99.0,7.99,4.75
2015,4,115,CLE,False,S,DB,D,Northwestern,23.0,2021.0,0,0,1,5.0,Ibraheim Campbell,S,Northwestern,71.0,208.0,4.52,23.0,,,,
2015,4,116,ARI,False,DT,DL,D,Delaware St.,23.0,2019.0,0,0,3,18.0,,,,,,,,,,,
2015,4,117,SFO,False,TE,TE,O,Oklahoma,24.0,2023.0,0,0,1,2.0,Blake Bell,TE,Oklahoma,78.0,252.0,4.8,14.0,33.0,116.0,6.85,4.32
2015,4,118,KAN,False,ILB,LB,D,Georgia,23.0,2019.0,0,0,1,12.0,Ramik Wilson,ILB,Georgia,74.0,237.0,4.77,23.0,35.0,111.0,,4.51
2015,4,119,STL,False,T,OL,O,Iowa,23.0,2019.0,0,0,0,3.0,Andrew Donnal,OT,Iowa,78.0,313.0,5.31,17.0,32.0,101.0,7.84,4.77
2015,4,120,CIN,False,CB,DB,D,USC,23.0,2018.0,0,0,0,7.0,Josh Shaw,CB,USC,72.0,201.0,4.44,26.0,37.5,130.0,7.01,4.12
2015,4,121,PIT,False,CB,DB,D,Ohio St.,22.0,2015.0,0,0,0,0.0,Doran Grant,CB,Ohio State,70.0,200.0,4.44,21.0,33.0,116.0,,4.33
2015,4,122,BAL,False,DE,DL,D,Kentucky,22.0,2025.0,0,3,4,10.0,Za'Darius Smith,DE,Kentucky,76.0,274.0,4.83,23.0,29.0,113.0,7.42,4.66
2015,4,123,CLE,False,WR,WR,O,Washington St.,24.0,2017.0,0,0,0,,Vince Mayle,WR,Washington State,74.0,224.0,4.67,,35.5,117.0,6.93,4.13
2015,4,124,TAM,False,OLB,LB,D,LSU,21.0,2024.0,0,1,6,22.0,Kwon Alexander,OLB,LSU,73.0,227.0,4.55,24.0,36.0,121.0,7.14,4.2
2015,4,125,BAL,False,RB,RB,O,USC,24.0,2019.0,0,0,0,14.0,Javorius Allen,RB,USC,72.0,221.0,4.53,11.0,35.5,121.0,6.96,4.28
2015,4,126,SFO,False,RB,RB,O,South Carolina,22.0,2022.0,0,0,2,1.0,Mike Davis,RB,South Carolina,69.0,217.0,4.61,17.0,34.0,116.0,7.0,4.18
2015,4,127,DAL,False,ILB,LB,D,Minnesota,22.0,2022.0,0,0,5,10.0,Damien Wilson,ILB,Minnesota,72.0,245.0,4.77,22.0,37.0,119.0,7.21,4.2
2015,4,128,OAK,False,G,OL,O,Miami (FL),23.0,2023.0,0,0,2,4.0,Jon Feliciano,OG,Miami (FL),76.0,323.0,5.33,,26.5,97.0,,4.74
2015,5,129,GNB,False,OLB,LB,D,Michigan,23.0,2019.0,0,0,2,14.0,Jake Ryan,OLB,Michigan,74.0,240.0,4.65,20.0,34.5,120.0,7.11,4.2
2015,5,130,SEA,False,G,OL,O,San Diego St.,23.0,,0,0,0,,Terry Poole,OT,San Diego State,77.0,307.0,5.09,25.0,31.0,113.0,7.9,4.66
2015,5,131,NWE,False,C,OL,O,Georgia Tech,22.0,2024.0,0,0,10,42.0,,,,,,,,,,,
2015,5,132,SFO,False,WR,WR,O,Georgia Tech,23.0,2016.0,0,0,0,0.0,DeAndre Smelter,WR,Georgia Tech,74.0,226.0,4.52,,,,,
2015,5,133,DEN,False,C,OL,O,Florida,23.0,2023.0,0,0,3,16.0,Max Garcia,C,Florida,76.0,309.0,5.24,,,,,
2015,5,134,SEA,False,G,OL,O,West Virginia,23.0,2024.0,0,0,6,9.0,Mark Glowinski,OG,West Virginia,76.0,307.0,5.2,31.0,29.5,113.0,7.56,4.58
2015,5,135,CIN,False,DE,DL,D,Arizona St.,23.0,,0,0,0,,Marcus Hardison,DT,Arizona State,75.0,307.0,4.91,27.0,,,,
2015,5,136,BAL,False,CB,DB,D,Texas Southern,23.0,2015.0,0,0,0,0.0,,,,,,,,,,,
2015,5,137,ATL,False,NT,DL,D,Clemson,22.0,2025.0,0,2,8,56.0,Grady Jarrett,DT,Clemson,73.0,304.0,5.06,30.0,31.0,112.0,7.37,4.56
2015,5,138,TEN,False,RB,RB,O,Minnesota,22.0,2015.0,0,0,0,1.0,David Cobb,RB,Minnesota,71.0,229.0,4.81,17.0,38.5,121.0,,
2015,5,139,JAX,False,WR,WR,O,Florida St.,22.0,2018.0,0,0,0,2.0,Rashad Greene,WR,Florida State,71.0,182.0,4.53,,36.5,122.0,6.88,4.12
2015,5,140,OAK,False,ILB,LB,D,Kansas,23.0,2017.0,0,0,0,3.0,Ben Heeney,ILB,Kansas,72.0,231.0,4.59,19.0,33.5,120.0,6.68,4.0
2015,5,141,WAS,False,OLB,LB,D,Arkansas,22.0,2018.0,0,0,0,6.0,Martrell Spaight,ILB,Arkansas,72.0,236.0,4.81,25.0,35.0,120.0,7.66,
2015,5,142,CHI,False,S,DB,D,Penn St.,22.0,2024.0,0,0,8,19.0,Adrian Amos,S,Penn State,72.0,218.0,4.56,,35.5,122.0,7.09,4.03
2015,5,143,MIN,False,TE,TE,O,Southern Illinois,23.0,2024.0,0,0,1,1.0,MyCole Pruitt,TE,Southern Illinois,74.0,251.0,4.58,17.0,38.0,118.0,7.25,4.37
2015,5,144,NYG,False,S,DB,D,Texas,22.0,2016.0,0,0,0,0.0,,,,,,,,,,,
2015,5,145,MIA,False,CB,DB,D,Memphis,22.0,2024.0,0,0,6,17.0,Bobby McCain,CB,Memphis,69.0,195.0,4.51,17.0,36.0,130.0,6.8,3.82
2015,5,146,MIN,False,WR,WR,O,Maryland,21.0,2025.0,1,4,10,32.0,Stefon Diggs,WR,Maryland,72.0,195.0,4.46,,35.0,115.0,7.03,4.32
2015,5,147,GNB,False,QB,QB,O,UCLA,22.0,2019.0,0,0,1,5.0,Brett Hundley,QB,UCLA,75.0,226.0,4.63,,36.0,120.0,6.93,3.98
2015,5,148,NOR,False,OLB,LB,D,Chattanooga,23.0,,0,0,0,,Davis Tull,OLB,Tenn-Chattanooga,74.0,246.0,4.57,26.0,42.5,132.0,,
2015,5,149,MIA,False,RB,RB,O,Boise St.,22.0,2019.0,0,1,2,14.0,Jay Ajayi,RB,Boise State,72.0,221.0,4.57,19.0,39.0,121.0,7.1,4.1
2015,5,150,MIA,False,S,DB,D,Minnesota,22.0,,0,0,0,,,,,,,,,,,,
2015,5,151,IND,False,NT,DL,D,Stanford,23.0,2018.0,0,0,2,13.0,David Parry,DT,Stanford,73.0,308.0,5.38,34.0,29.0,103.0,,
2015,5,152,NYJ,False,G,OL,O,Texas A&M,23.0,,0,0,0,,Jarvis Harrison,OG,Texas A&M,76.0,330.0,5.19,26.0,29.5,102.0,7.51,4.62
2015,5,153,SDG,False,OLB,LB,D,North Dakota St.,24.0,2020.0,0,0,2,16.0,Kyle Emanuel,OLB,North Dakota State,75.0,255.0,4.77,27.0,34.0,120.0,7.1,4.25
2015,5,154,NOR,False,DT,DL,D,Fresno St.,22.0,2022.0,0,0,6,16.0,Tyeler Davison,DT,Fresno State,74.0,316.0,5.18,32.0,33.0,105.0,7.53,4.46
2015,5,155,BUF,False,RB,RB,O,Florida St.,22.0,2015.0,0,0,0,4.0,Karlos Williams,RB,Florida State,73.0,230.0,4.48,16.0,33.5,117.0,7.16,4.46
2015,5,156,MIA,False,WR,WR,O,Michigan St.,23.0,2018.0,0,0,1,6.0,Tony Lippett,WR,Michigan State,74.0,192.0,4.61,10.0,36.0,114.0,6.92,4.13
2015,5,157,CIN,False,TE,TE,O,Auburn,22.0,2024.0,0,0,4,13.0,,,,,,,,,,,
2015,5,158,ARI,False,DE,DL,D,West Virginia,22.0,,0,0,0,,,,,,,,,,,,
2015,5,159,ARI,False,WR,WR,O,Ala-Birmingham,23.0,2019.0,0,0,0,12.0,J.J. Nelson,WR,Ala-Birmingham,70.0,156.0,4.28,,36.0,127.0,7.02,4.15
2015,5,160,PIT,False,TE,TE,O,Penn St.,21.0,2022.0,0,0,4,10.0,Jesse James,TE,Penn State,79.0,261.0,4.83,26.0,37.5,121.0,7.53,4.5
2015,6,161,OAK,False,OLB,LB,D,Florida,23.0,2015.0,0,0,0,1.0,Neiron Ball,OLB,Florida,74.0,236.0,4.65,22.0,,,,
2015,6,162,TAM,False,WR,WR,O,Nebraska,23.0,,0,0,0,,Kenny Bell,WR,Nebraska,73.0,197.0,4.42,7.0,41.5,129.0,6.66,4.15
2015,6,163,DAL,False,DE,DL,D,Purdue,23.0,2017.0,0,0,0,0.0,Ryan Russell,DE,Purdue,76.0,269.0,4.75,25.0,32.5,119.0,7.25,4.47
2015,6,164,DEN,False,CB,DB,D,Tulane,21.0,2018.0,0,0,0,0.0,Lorenzo Doss,CB,Tulane,70.0,182.0,4.5,9.0,33.5,115.0,7.2,4.26
2015,6,165,SFO,False,P,P,S,Clemson,21.0,2025.0,0,0,2,5.0,Bradley Pinion,P,Clemson,77.0,229.0,5.18,,,,,
2015,6,166,NWE,False,LS,LS,S,Navy,23.0,2025.0,0,0,0,8.0,Joe Cardona,LS,Navy,74.0,242.0,4.91,30.0,33.0,,,
2015,6,167,NOR,False,CB,DB,D,Georgia,22.0,2015.0,0,0,0,1.0,Damian Swann,CB,Georgia,72.0,189.0,4.5,,33.0,118.0,,
2015,6,168,DET,False,FB,RB,O,Rutgers,23.0,2024.0,0,0,1,0.0,Michael Burton,FB,Rutgers,71.0,242.0,4.65,25.0,33.0,115.0,7.2,4.34
2015,6,169,CAR,False,LB,LB,D,Texas St.,22.0,2023.0,0,0,1,4.0,,,,,,,,,,,
2015,6,170,SEA,False,CB,DB,D,Towson,22.0,2021.0,0,0,0,0.0,Tye Smith,CB,Towson,72.0,195.0,4.6,15.0,36.5,124.0,6.97,3.96
2015,6,171,BAL,False,TE,TE,O,Delaware,22.0,2022.0,0,0,4,9.0,Nick Boyle,TE,Pittsburgh,76.0,268.0,5.04,20.0,30.5,112.0,7.13,4.23
2015,6,172,KAN,False,OLB,LB,D,Oregon St.,23.0,2019.0,0,1,0,5.0,,,,,,,,,,,
2015,6,173,KAN,False,TE,TE,O,Illinois St.,23.0,2021.0,0,0,3,1.0,,,,,,,,,,,
2015,6,174,CAR,False,RB,RB,O,Auburn,25.0,2018.0,0,0,0,5.0,Cameron Artis-Payne,RB,Auburn,70.0,212.0,4.53,,36.5,118.0,7.13,
2015,6,175,HOU,False,WR,WR,O,Michigan St.,23.0,2016.0,0,0,0,2.0,Keith Mumphery,WR,Michigan State,72.0,215.0,4.54,,32.5,121.0,7.07,4.25
2015,6,176,BAL,False,G,OL,O,Tennessee St.,23.0,,0,0,0,,Robert Myers,OG,Tennessee State,77.0,326.0,5.44,,27.5,94.0,8.1,4.91
2015,6,177,TEN,False,OLB,LB,D,Louisville,22.0,2017.0,0,0,0,0.0,,,,,,,,,,,
2015,6,178,NWE,False,LB,LB,D,Mississippi St.,24.0,,0,0,0,,,,,,,,,,,,
2015,6,179,OAK,False,OLB,LB,D,Virginia,21.0,,0,0,0,,Max Valles,OLB,Virginia,77.0,251.0,4.83,,36.5,121.0,7.59,4.37
2015,6,180,JAX,False,DT,DL,D,Ohio St.,22.0,2018.0,0,0,0,1.0,Mike Bennett,DT,Ohio State,74.0,293.0,5.04,,,,,
2015,6,181,WAS,False,S,DB,D,Virginia Tech,22.0,2015.0,0,0,0,3.0,Kyshoen Jarrett,S,Virginia Tech,70.0,200.0,4.57,21.0,33.0,109.0,6.95,4.4
2015,6,182,WAS,False,CB,DB,D,Arkansas,23.0,,0,0,0,,,,,,,,,,,,
2015,6,183,CHI,False,T,OL,O,TCU,24.0,2015.0,0,0,0,0.0,Tayo Fabuluje,OG,TCU,78.0,353.0,5.55,,29.5,,,4.77
2015,6,184,TAM,False,WR,WR,O,Utah,23.0,2018.0,0,0,0,,Kaelin Clay,WR,Utah,70.0,195.0,4.51,10.0,33.0,113.0,6.97,4.26
2015,6,185,MIN,False,T,OL,O,Oklahoma,23.0,,0,0,0,,Tyrus Thompson,OT,Oklahoma,77.0,324.0,5.35,29.0,29.0,97.0,,4.92
2015,6,186,NYG,False,WR,WR,O,Connecticut,23.0,2019.0,0,0,0,0.0,Geremy Davis,WR,Connecticut,74.0,216.0,4.49,23.0,36.5,124.0,6.86,4.18
2015,6,187,WAS,False,WR,WR,O,Ohio St.,22.0,2015.0,0,0,0,,,,,,,,,,,,
2015,6,188,BUF,False,OLB,LB,D,Clemson,22.0,2015.0,0,0,0,1.0,,,,,,,,,,,
2015,6,189,CLE,False,CB,DB,D,Louisville,22.0,2015.0,0,0,0,1.0,Charles Gaines,CB,Louisville,70.0,180.0,4.44,,34.5,123.0,7.07,4.2
2015,6,190,SFO,False,G,OL,O,Boston Col.,22.0,2018.0,0,0,0,0.0,,,,,,,,,,,
2015,6,191,PHI,False,CB,DB,D,Kansas,22.0,2016.0,0,0,0,,JaCorey Shepherd,CB,Kansas,71.0,199.0,4.62,14.0,,,,
2015,6,192,SDG,False,DT,DL,D,Arkansas,21.0,2021.0,0,0,0,12.0,Darius Philon,DT,Arkansas,73.0,298.0,5.0,26.0,31.0,107.0,8.0,
2015,7,193,MIN,False,DE,DL,D,Louisville,23.0,,0,0,0,,B.J. Dubose,DE,Louisville,76.0,284.0,5.06,26.0,,,,
2015,7,194,BUF,False,TE,TE,O,Florida St.,23.0,2019.0,0,0,2,4.0,Nick O'Leary,TE,Florida State,75.0,252.0,4.93,21.0,30.5,110.0,7.4,4.5
2015,7,195,CLE,False,TE,TE,O,Mississippi St.,23.0,2016.0,0,0,0,0.0,,,,,,,,,,,
2015,7,196,PHI,False,CB,DB,D,Kansas St.,23.0,2015.0,0,0,0,0.0,,,,,,,,,,,
2015,7,197,CIN,False,S,DB,D,Fresno St.,23.0,2017.0,0,0,0,2.0,Derron Smith,S,Fresno State,70.0,200.0,4.61,,,,,
2015,7,198,CLE,False,TE,TE,O,USC,23.0,2017.0,0,0,2,0.0,Randall Telfer,TE,USC,76.0,250.0,4.83,20.0,,,,
2015,7,199,PIT,False,DT,DL,D,Central Michigan,23.0,2018.0,0,0,0,4.0,Leterrius Walton,DT,Central Michigan,77.0,319.0,5.25,25.0,27.0,103.0,7.91,4.78
2015,7,200,DET,False,CB,DB,D,Texas,22.0,2025.0,0,3,6,11.0,Quandre Diggs,CB,Texas,69.0,196.0,4.56,17.0,35.5,113.0,7.22,4.15
2015,7,201,STL,False,WR,WR,O,Missouri,,,0,0,0,,,,,,,,,,,,
2015,7,202,NWE,False,TE,TE,O,Arkansas,23.0,2018.0,0,0,0,0.0,,,,,,,,,,,
2015,7,203,DEN,False,NT,DL,D,Maryland,23.0,2018.0,0,0,0,2.0,,,,,,,,,,,
2015,7,204,BAL,False,WR,WR,O,Georgia Tech,22.0,2025.0,0,1,4,1.0,Darren Waller,WR,Georgia Tech,78.0,238.0,4.46,12.0,37.0,125.0,7.07,4.25
2015,7,205,IND,False,RB,RB,O,Mississippi St.,23.0,2015.0,0,0,0,0.0,Josh Robinson,RB,Mississippi State,68.0,217.0,4.7,21.0,32.0,113.0,,
2015,7,206,GNB,False,FB,RB,O,Oklahoma,22.0,2017.0,0,0,0,2.0,,,,,,,,,,,
2015,7,207,IND,False,ILB,LB,D,Georgia,23.0,2015.0,0,0,0,0.0,Amarlo Herrera,ILB,Georgia,73.0,244.0,4.83,23.0,32.0,111.0,7.35,4.27
2015,7,208,TEN,False,C,OL,O,Boston Col.,23.0,2015.0,0,0,1,4.0,Andy Gallik,C,Boston Col.,74.0,306.0,5.5,29.0,27.0,96.0,7.66,4.58
2015,7,209,SEA,False,DE,DL,D,Oregon St.,24.0,2017.0,0,0,0,,Obum Gwacham,DE,Oregon State,77.0,246.0,4.72,22.0,36.0,121.0,7.28,4.28
2015,7,210,GNB,False,DE,DL,D,Louisiana,23.0,2022.0,0,0,0,1.0,,,,,,,,,,,
2015,7,211,HOU,False,OLB,LB,D,South Florida,23.0,,0,0,0,,,,,,,,,,,,
2015,7,212,PIT,False,DE,DL,D,Miami (FL),22.0,2020.0,0,0,1,9.0,Anthony Chickillo,DE,Miami (FL),75.0,267.0,4.79,27.0,34.5,114.0,7.17,4.25
2015,7,213,GNB,False,TE,TE,O,Ala-Birmingham,22.0,2015.0,0,0,0,0.0,,,,,,,,,,,
2015,7,214,SEA,False,DT,DL,D,Buffalo,23.0,2015.0,0,0,0,0.0,,,,,,,,,,,
2015,7,215,STL,False,G,OL,O,Fresno St.,23.0,2016.0,0,0,2,6.0,,,,,,,,,,,
2015,7,216,HOU,False,DT,DL,D,Rice,21.0,2022.0,0,0,1,8.0,Christian Covington,DT,Rice,74.0,289.0,4.9,,,,,
2015,7,217,KAN,False,DT,DL,D,Southern Miss,22.0,2025.0,0,0,4,7.0,Rakeem Nunez-Roches,DT,Southern Miss,74.0,307.0,5.02,26.0,34.0,114.0,7.67,4.69
2015,7,218,OAK,False,OL,OL,O,Tennessee St.,23.0,,0,0,0,,,,,,,,,,,,
2015,7,219,CLE,False,ILB,LB,D,USC,23.0,2018.0,0,0,1,,Hayes Pullard,ILB,USC,72.0,240.0,4.78,19.0,31.0,110.0,7.07,4.39
2015,7,220,JAX,False,WR,WR,O,Monmouth,23.0,2018.0,0,0,0,1.0,,,,,,,,,,,
2015,7,221,OAK,False,WR,WR,O,Florida,,,0,0,0,,,,,,,,,,,,
2015,7,222,WAS,False,C,OL,O,South Florida,23.0,2021.0,0,0,2,,,,,,,,,,,,
2015,7,223,NYJ,False,NT,DL,D,Northwestern St. (LA),25.0,2016.0,0,0,0,2.0,Deon Simon,DT,NW State (LA),76.0,321.0,5.12,35.0,29.5,105.0,7.92,4.76
2015,7,224,STL,False,ILB,LB,D,Baylor,23.0,2020.0,0,0,0,5.0,Bryce Hager,ILB,Baylor,73.0,234.0,4.6,26.0,35.0,117.0,7.15,4.36
2015,8,225,ATL,False,T,OL,O,Eastern Washington,23.0,2020.0,0,0,0,,,,,,,,,,,,
2015,8,226,NYG,False,G,OL,O,Florida St.,21.0,2025.0,0,0,4,7.0,Bobby Hart,OG,Florida State,77.0,329.0,5.61,,,,,
2015,8,227,STL,False,DE,DL,D,Memphis,24.0,,0,0,0,,Martin Ifedi,DE,Memphis,75.0,275.0,4.88,16.0,31.0,111.0,7.39,4.58
2015,8,228,MIN,False,T,OL,O,Alabama,23.0,2015.0,0,0,0,1.0,Austin Shepherd,OT,Alabama,76.0,315.0,5.39,17.0,29.0,94.0,8.04,4.7
2015,8,229,JAX,False,TE,TE,O,Notre Dame,22.0,2019.0,0,0,0,1.0,Ben Koyack,TE,Notre Dame,77.0,255.0,4.79,,,,,
2015,8,230,NOR,False,RB,RB,O,Missouri,23.0,2018.0,0,0,0,1.0,Marcus Murphy,RB,Missouri,69.0,198.0,4.61,11.0,29.0,109.0,,4.4
2015,8,231,TAM,False,FB,RB,O,Hawaii,24.0,2015.0,0,0,0,,Joey Iosefa,FB,Hawaii,72.0,247.0,5.02,30.0,31.5,110.0,7.24,4.33
2015,8,232,MIN,False,OLB,LB,D,Newberry,23.0,2021.0,0,0,0,2.0,Edmond Robinson,OLB,Newberry,75.0,245.0,4.61,20.0,37.0,121.0,7.49,4.38
2015,8,233,KAN,False,WR,WR,O,Northern Illinois,23.0,,0,0,0,,Da'Ron Brown,WR,Northern Illinois,72.0,205.0,4.54,17.0,37.0,120.0,7.04,4.11
2015,8,234,BUF,False,WR,WR,O,Central Arkansas,22.0,2016.0,0,0,0,0.0,,,,,,,,,,,
2015,8,235,HOU,False,RB,RB,O,LSU,23.0,,0,0,0,,Kenny Hilliard,RB,LSU,72.0,226.0,4.83,,27.0,111.0,7.17,4.4
2015,8,236,DAL,False,OLB,LB,D,Wyoming,25.0,2021.0,0,0,0,0.0,Mark Nzeocha,OLB,Wyoming,74.0,232.0,4.56,24.0,,,,
2015,8,237,PHI,False,DE,DL,D,Boston Col.,23.0,2018.0,0,0,0,,,,,,,,,,,,
2015,8,238,CIN,False,WR,WR,O,West Virginia,23.0,2016.0,0,0,0,0.0,Mario Alford,WR,West Virginia,68.0,180.0,4.43,13.0,34.0,121.0,6.64,4.07
2015,8,239,PIT,False,S,DB,D,Louisville,21.0,,0,0,0,,Gerod Holliman,S,Louisville,72.0,218.0,4.62,17.0,,,,
2015,8,240,DET,False,T,OL,O,South Carolina,23.0,2018.0,0,0,0,6.0,Corey Robinson,OT,South Carolina,79.0,324.0,5.34,28.0,,,,
2015,8,241,CLE,False,CB,DB,D,Oregon,22.0,,0,0,0,,Ifo Ekpre-Olomu,CB,Oregon,69.0,192.0,4.52,,,,,
2015,8,242,OAK,False,CB,DB,D,Kansas,23.0,2017.0,0,0,0,2.0,,,,,,,,,,,
2015,8,243,DAL,False,T,OL,O,Virginia Tech,24.0,,0,0,0,,Laurence Gibson,OT,Virginia Tech,78.0,305.0,5.04,24.0,33.5,113.0,7.72,4.56
2015,8,244,SFO,False,G,OL,O,Florida,22.0,2025.0,0,1,5,11.0,Trenton Brown,OG,Florida,80.0,355.0,5.21,20.0,23.5,97.0,8.23,4.78
2015,8,245,TEN,False,WR,WR,O,William & Mary,22.0,2017.0,0,0,0,0.0,Tre McBride,WR,William & Mary,72.0,210.0,4.41,16.0,38.0,122.0,6.96,4.08
2015,8,246,DAL,False,TE,TE,O,Texas,21.0,2024.0,0,0,3,3.0,,,,,,,,,,,
2015,8,247,NWE,False,CB,DB,D,Marshall,24.0,2021.0,0,0,1,,,,,,,,,,,,
2015,8,248,SEA,False,DB,DB,D,Oregon St.,22.0,2017.0,0,0,0,,,,,,,,,,,,
2015,8,249,ATL,False,DB,DB,D,San Jose St.,23.0,2019.0,0,0,0,0.0,,,,,,,,,,,
2015,8,250,DEN,False,QB,QB,O,Northwestern,23.0,2023.0,0,0,2,13.0,,,,,,,,,,,
2015,8,251,DEN,False,DB,DB,D,Tulane,24.0,2016.0,0,0,0,0.0,,,,,,,,,,,
2015,8,252,DEN,False,DB,DB,D,Oklahoma St.,,,0,0,0,,,,,,,,,,,,
2015,8,253,NWE,False,OLB,LB,D,Alabama,22.0,,0,0,0,,Xzavier Dickson,OLB,Alabama,75.0,260.0,4.74,19.0,29.5,100.0,7.56,4.53
2015,8,254,SFO,False,TE,TE,O,South Carolina,22.0,,0,0,0,,Rory Anderson,TE,South Carolina,77.0,244.0,4.73,,,,,
2015,8,255,IND,False,T,OL,O,Mars Hill,24.0,2021.0,0,0,2,10.0,,,,,,,,,,,
2015,8,256,ARI,False,TE,TE,O,Louisville,24.0,2016.0,0,0,0,,Gerald Christian,TE,Louisville,75.0,244.0,4.87,28.0,,,7.62,4.7
2016,1,1,LAR,False,QB,QB,O,California,21.0,2025.0,0,5,8,44.0,Jared Goff,QB,California,76.0,215.0,4.82,,27.0,110.0,7.17,4.47
2016,1,2,PHI,False,QB,QB,O,North Dakota St.,23.0,2025.0,0,1,6,43.0,Carson Wentz,QB,North Dakota State,77.0,237.0,4.77,,30.5,118.0,6.86,4.15
2016,1,3,SDG,False,DE,DL,D,Ohio St.,21.0,2025.0,0,5,6,56.0,Joey Bosa,DE,Ohio State,77.0,269.0,4.86,24.0,32.0,120.0,6.89,4.21
2016,1,4,DAL,False,RB,RB,O,Ohio St.,21.0,2024.0,1,3,7,65.0,Ezekiel Elliott,RB,Ohio State,72.0,225.0,4.47,,32.5,118.0,,
2016,1,5,JAX,False,CB,DB,D,Florida St.,21.0,2025.0,3,8,9,28.0,Jalen Ramsey,CB,Florida State,73.0,209.0,4.41,14.0,41.5,135.0,6.94,4.18
2016,1,6,BAL,False,T,OL,O,Notre Dame,22.0,2025.0,1,2,7,64.0,Ronnie Stanley,OT,Notre Dame,78.0,312.0,5.2,,28.5,,8.03,4.9
2016,1,7,SFO,False,DE,DL,D,Oregon,22.0,2025.0,1,3,8,34.0,Deforest Buckner,DE,Oregon,79.0,291.0,5.05,,32.0,116.0,7.51,4.47
2016,1,8,TEN,False,T,OL,O,Michigan St.,22.0,2025.0,2,0,6,30.0,Jack Conklin,OT,Michigan State,78.0,308.0,5.0,25.0,30.0,103.0,7.63,4.57
2016,1,9,CHI,False,OLB,LB,D,Georgia,23.0,2025.0,0,0,9,21.0,Leonard Floyd,OLB,Georgia,78.0,244.0,4.6,,39.5,127.0,,
2016,1,10,NYG,False,CB,DB,D,Ohio St.,21.0,2025.0,0,0,5,9.0,Eli Apple,CB,Ohio State,73.0,199.0,4.4,13.0,,,,
2016,1,11,TAM,False,CB,DB,D,Florida,21.0,2021.0,0,0,4,10.0,Vernon Hargreaves III,CB,Florida,70.0,204.0,4.5,15.0,39.0,130.0,,3.98
2016,1,12,NOR,False,DT,DL,D,Louisville,22.0,2025.0,0,0,5,15.0,Sheldon Rankins,DT,Louisville,73.0,299.0,5.03,28.0,34.5,118.0,7.44,4.59
2016,1,13,MIA,False,T,OL,O,Mississippi,22.0,2025.0,0,5,8,12.0,Laremy Tunsil,OT,Mississippi,77.0,310.0,5.23,,,,,
2016,1,14,OAK,False,S,DB,D,West Virginia,22.0,2021.0,0,0,4,14.0,Karl Joseph,S,West Virginia,70.0,205.0,4.57,,,,,
2016,1,15,CLE,False,WR,WR,O,Baylor,22.0,2018.0,0,0,2,5.0,Corey Coleman,WR,Baylor,71.0,194.0,4.42,17.0,40.5,129.0,,
2016,1,16,DET,False,T,OL,O,Ohio St.,23.0,2025.0,0,1,8,59.0,Taylor Decker,OT,Ohio State,79.0,310.0,5.23,20.0,29.0,101.0,7.7,4.76
2016,1,17,ATL,False,S,DB,D,Florida,21.0,2023.0,0,1,3,17.0,Keanu Neal,S,Florida,72.0,211.0,4.62,17.0,38.0,132.0,7.09,4.38
2016,1,18,IND,False,C,OL,O,Alabama,23.0,2025.0,0,4,9,54.0,Ryan Kelly,C,Alabama,76.0,311.0,5.03,26.0,30.0,103.0,7.58,4.59
2016,1,19,BUF,False,DE,DL,D,Clemson,22.0,2024.0,0,0,1,15.0,Shaq Lawson,DE,Clemson,75.0,269.0,4.7,,33.0,120.0,7.16,4.21
2016,1,20,NYJ,False,OLB,LB,D,Ohio St.,21.0,2020.0,0,0,3,17.0,Darron Lee,OLB,Ohio State,73.0,232.0,4.47,17.0,35.5,133.0,7.12,4.2
2016,1,21,HOU,False,WR,WR,O,Notre Dame,22.0,2021.0,0,0,5,24.0,Will Fuller,WR,Notre Dame,72.0,186.0,4.32,10.0,33.5,126.0,6.93,4.27
2016,1,22,WAS,False,WR,WR,O,TCU,23.0,2019.0,0,0,2,9.0,Josh Doctson,WR,TCU,74.0,202.0,4.5,14.0,41.0,131.0,6.84,4.08
2016,1,23,MIN,False,WR,WR,O,Mississippi,21.0,2025.0,0,0,2,5.0,Laquon Treadwell,WR,Mississippi,74.0,221.0,4.52,12.0,33.0,117.0,,
2016,1,24,CIN,False,CB,DB,D,Houston,23.0,2022.0,0,0,4,15.0,William Jackson III,CB,Houston,72.0,189.0,4.37,10.0,,116.0,,
2016,1,25,PIT,False,CB,DB,D,Miami (FL),21.0,2024.0,0,0,1,14.0,Artie Burns,CB,Miami (FL),72.0,193.0,4.46,,31.5,,,
2016,1,26,DEN,False,QB,QB,O,Memphis,22.0,2017.0,0,0,0,2.0,Paxton Lynch,QB,Memphis,79.0,244.0,4.86,,36.0,118.0,7.14,4.26
2016,1,27,GNB,False,DT,DL,D,UCLA,20.0,2025.0,0,3,8,60.0,Kenny Clark,DT,UCLA,75.0,314.0,5.06,29.0,28.5,102.0,,4.62
2016,1,28,SFO,False,G,OL,O,Stanford,22.0,2020.0,0,0,1,5.0,Joshua Garnett,OG,Stanford,76.0,312.0,5.32,30.0,29.0,99.0,7.62,4.64
2016,1,29,ARI,False,DT,DL,D,Mississippi,21.0,2021.0,0,0,0,5.0,Robert Nkemdiche,DT,Mississippi,75.0,294.0,4.87,28.0,35.0,116.0,,
2016,1,30,CAR,False,DT,DL,D,Louisiana Tech,22.0,2022.0,0,0,2,8.0,Vernon Butler,DT,Louisiana Tech,76.0,323.0,5.33,26.0,29.5,104.0,7.82,4.76
2016,1,31,SEA,False,G,OL,O,Texas A&M,22.0,2024.0,0,0,4,29.0,Germain Ifedi,OT,Texas A&M,78.0,324.0,5.27,24.0,32.5,109.0,,4.75
2016,1,32,CLE,False,DE,DL,D,Oklahoma St.,22.0,2025.0,0,0,6,14.0,Emmanuel Ogbah,DE,Oklahoma State,76.0,273.0,4.63,20.0,35.5,121.0,7.26,4.5
2016,2,33,TEN,False,DE,DL,D,Clemson,24.0,2017.0,0,0,0,2.0,Kevin Dodd,DE,Clemson,77.0,277.0,4.86,,,,,
2016,2,34,DAL,False,OLB,LB,D,Notre Dame,21.0,2023.0,0,1,4,32.0,Jaylon Smith,OLB,Notre Dame,74.0,223.0,4.67,,,,,
2016,2,35,SDG,False,TE,TE,O,Arkansas,21.0,2025.0,0,0,7,15.0,Hunter Henry,TE,Arkansas,77.0,250.0,4.79,13.0,,,,
2016,2,36,JAX,False,OLB,LB,D,UCLA,21.0,2023.0,0,0,7,36.0,Myles Jack,OLB,UCLA,73.0,245.0,4.56,19.0,,,,
2016,2,37,KAN,False,DT,DL,D,Mississippi St.,22.0,2025.0,3,7,9,96.0,Chris Jones,DT,Mississippi State,78.0,310.0,5.03,26.0,24.5,106.0,7.44,4.62
2016,2,38,MIA,False,CB,DB,D,Baylor,23.0,2025.0,1,4,7,56.0,Xavien Howard,CB,Baylor,72.0,201.0,4.58,11.0,33.0,122.0,7.18,4.15
2016,2,39,TAM,False,DE,DL,D,Eastern Kentucky,22.0,2021.0,0,0,0,5.0,Noah Spence,DE,East. Kentucky,74.0,251.0,4.8,25.0,35.0,121.0,7.21,4.35
2016,2,40,NYG,False,WR,WR,O,Oklahoma,23.0,2025.0,0,0,5,26.0,Sterling Shepard,WR,Oklahoma,70.0,194.0,4.48,20.0,41.0,123.0,7.0,4.35
2016,2,41,BUF,False,ILB,LB,D,Alabama,22.0,2022.0,0,0,3,,Reggie Ragland,ILB,Alabama,73.0,247.0,4.72,,31.5,116.0,,4.28
2016,2,42,BAL,False,DE,DL,D,Boise St.,22.0,2020.0,0,0,1,3.0,Kamalei Correa,DE,Boise State,75.0,243.0,4.69,21.0,33.0,108.0,,
2016,2,43,TEN,False,NT,DL,D,Penn St.,22.0,2025.0,0,0,3,8.0,Austin Johnson,DT,Penn State,76.0,314.0,5.32,25.0,26.0,96.0,7.84,4.75
2016,2,44,OAK,False,DE,DL,D,Illinois,22.0,2025.0,0,0,3,6.0,Jihad Ward,DT,Illinois,77.0,297.0,5.11,20.0,25.0,111.0,7.38,4.63
2016,2,45,TEN,False,RB,RB,O,Alabama,22.0,2025.0,1,5,6,59.0,Derrick Henry,RB,Alabama,75.0,247.0,4.54,22.0,37.0,130.0,7.2,4.38
2016,2,46,DET,False,DT,DL,D,Alabama,21.0,2025.0,0,0,6,17.0,A'Shawn Robinson,DT,Alabama,76.0,307.0,5.2,22.0,26.0,106.0,7.8,4.74
2016,2,47,NOR,False,WR,WR,O,Ohio St.,23.0,2023.0,2,3,4,60.0,Michael Thomas,WR,Ohio State,75.0,212.0,4.57,18.0,35.0,126.0,6.8,4.13
2016,2,48,GNB,False,T,OL,O,Indiana,22.0,2021.0,0,0,0,8.0,Jason Spriggs,OT,Indiana,78.0,301.0,4.94,31.0,31.5,115.0,7.7,4.44
2016,2,49,SEA,False,DT,DL,D,Alabama,23.0,2025.0,0,0,8,37.0,Jarran Reed,DT,Alabama,75.0,307.0,5.21,,31.0,104.0,7.77,4.75
2016,2,50,HOU,False,G,OL,O,Notre Dame,23.0,2022.0,0,0,4,27.0,Nick Martin,C,Notre Dame,76.0,299.0,5.22,28.0,28.0,97.0,7.57,4.72
2016,2,51,NYJ,False,QB,QB,O,Penn St.,21.0,,0,0,0,,Christian Hackenberg,QB,Penn State,76.0,223.0,4.78,,31.0,114.0,7.04,4.33
2016,2,52,ATL,False,OLB,LB,D,LSU,21.0,2025.0,0,1,5,39.0,Deion Jones,OLB,LSU,73.0,222.0,4.59,,33.0,120.0,,
2016,2,53,WAS,False,OLB,LB,D,USC,21.0,2018.0,0,0,0,4.0,Su'A Cravens,OLB,USC,73.0,226.0,4.58,16.0,27.0,114.0,,
2016,2,54,MIN,False,CB,DB,D,Clemson,22.0,2022.0,0,0,1,8.0,Mackensie Alexander,CB,Clemson,70.0,190.0,4.43,11.0,,,,
2016,2,55,CIN,False,WR,WR,O,Pittsburgh,21.0,2024.0,0,0,5,46.0,Tyler Boyd,WR,Pittsburgh,73.0,197.0,4.58,11.0,34.0,119.0,6.9,4.35
2016,2,56,CHI,False,G,OL,O,Kansas St.,24.0,2024.0,0,1,8,42.0,Cody Whitehair,OT,Kansas State,76.0,301.0,5.02,16.0,25.5,110.0,7.32,4.58
2016,2,57,IND,False,S,DB,D,Clemson,21.0,2021.0,0,0,0,5.0,T.J. Green,S,Clemson,74.0,209.0,4.34,13.0,35.5,129.0,,
2016,2,58,PIT,False,CB,DB,D,Maryland,22.0,2021.0,0,0,3,18.0,Sean Davis,CB,Maryland,73.0,201.0,4.46,21.0,37.5,126.0,6.64,3.97
2016,2,59,TAM,False,K,K,S,Florida St.,22.0,2016.0,0,0,0,0.0,Roberto Aguayo,K,Florida State,72.0,207.0,4.96,,,,,
2016,2,60,NWE,False,CB,DB,D,Alabama,22.0,2019.0,0,0,0,1.0,Cyrus Jones,CB,Alabama,70.0,197.0,4.49,10.0,33.0,116.0,6.71,4.21
2016,2,61,NOR,False,S,DB,D,Ohio St.,21.0,2024.0,0,0,7,12.0,Vonn Bell,S,Ohio State,71.0,199.0,4.52,16.0,,,,
2016,2,62,CAR,False,CB,DB,D,Samford,23.0,2023.0,0,1,8,16.0,James Bradberry,CB,Samford,73.0,211.0,4.5,16.0,36.0,124.0,6.91,4.21
2016,2,63,DEN,False,DT,DL,D,Georgia Tech,23.0,2025.0,0,0,3,15.0,Adam Gotsis,DT,Georgia Tech,76.0,287.0,4.88,,,,,
2016,2,64,TEN,False,S,DB,D,Middle Tenn. St.,23.0,2025.0,3,3,8,49.0,,,,,,,,,,,
2016,3,65,CLE,False,DE,DL,D,Penn St.,23.0,2022.0,0,0,1,7.0,Carl Nassib,DE,Penn State,79.0,277.0,4.84,21.0,28.5,114.0,7.27,4.37
2016,3,66,SDG,False,C,OL,O,USC,22.0,2017.0,0,0,0,,Max Tuerk,C,USC,77.0,298.0,5.12,22.0,,,,
2016,3,67,DAL,False,DT,DL,D,Nebraska,21.0,2025.0,0,0,9,23.0,Maliek Collins,DT,Nebraska,74.0,311.0,5.03,25.0,29.5,109.0,7.53,4.52
2016,3,68,SFO,False,CB,DB,D,Mississippi St.,22.0,2022.0,0,0,0,,Will Redmond,CB,Mississippi State,71.0,182.0,4.45,,,,,
2016,3,69,JAX,False,DE,DL,D,Maryland,21.0,2024.0,0,1,8,32.0,Yannick Ngakoue,DE,Maryland,74.0,252.0,4.75,26.0,34.5,118.0,7.35,4.5
2016,3,70,BAL,False,DE,DL,D,BYU,25.0,2019.0,0,0,0,1.0,Bronson Kaufusi,DE,BYU,78.0,285.0,4.87,25.0,30.0,111.0,7.03,4.25
2016,3,71,NYG,False,S,DB,D,Boise St.,22.0,2021.0,0,0,1,6.0,Darian Thompson,S,Boise State,74.0,208.0,4.69,12.0,32.5,118.0,7.26,4.33
2016,3,72,CHI,False,DT,DL,D,Florida,22.0,2025.0,0,0,3,6.0,Jonathan Bullard,DE,Florida,75.0,285.0,4.93,23.0,32.0,116.0,7.31,4.56
2016,3,73,MIA,False,RB,RB,O,Alabama,22.0,2023.0,0,0,2,15.0,Kenyan Drake,RB,Alabama,73.0,210.0,4.45,10.0,34.5,123.0,7.04,4.21
2016,3,74,KAN,False,CB,DB,D,Notre Dame,22.0,2021.0,0,0,0,,Keivarae Russell,CB,Notre Dame,71.0,192.0,4.49,17.0,,,,
2016,3,75,OAK,False,DE,DL,D,Michigan St.,24.0,2020.0,0,0,0,2.0,Shilique Calhoun,DE,Michigan State,76.0,251.0,4.82,23.0,35.0,115.0,6.97,4.25
2016,3,76,CLE,False,T,OL,O,Auburn,24.0,2017.0,0,0,1,6.0,Shon Coleman,OT,Auburn,77.0,307.0,5.18,22.0,,,,
2016,3,77,CAR,False,CB,DB,D,West Virginia,21.0,2024.0,0,0,4,11.0,Daryl Worley,CB,West Virginia,73.0,204.0,4.64,14.0,35.5,123.0,6.98,4.15
2016,3,78,NWE,False,G,OL,O,North Carolina St.,23.0,2025.0,3,4,9,32.0,Joe Thuney,OT,North Carolina State,77.0,304.0,4.95,28.0,28.5,110.0,7.47,4.54
2016,3,79,PHI,False,G,OL,O,Oregon St.,22.0,2025.0,0,1,6,23.0,Isaac Seumalo,OG,Oregon State,76.0,303.0,5.19,,26.0,105.0,7.4,4.52
2016,3,80,BUF,False,DT,DL,D,Ohio St.,21.0,2018.0,0,0,2,9.0,Adolphus Washington,DT,Ohio State,75.0,301.0,5.17,21.0,27.0,99.0,8.06,4.79
2016,3,81,ATL,False,TE,TE,O,Stanford,21.0,2025.0,0,2,5,18.0,Austin Hooper,TE,Stanford,76.0,254.0,4.72,19.0,33.0,117.0,7.0,4.32
2016,3,82,IND,False,T,OL,O,Texas Tech,23.0,2022.0,0,0,0,10.0,Le'Raven Clark,OT,Texas Tech,77.0,316.0,5.16,18.0,,,,
2016,3,83,NYJ,False,OLB,LB,D,Georgia,22.0,2021.0,0,0,5,28.0,Jordan Jenkins,OLB,Georgia,75.0,259.0,4.8,16.0,36.5,121.0,,
2016,3,84,WAS,False,CB,DB,D,Virginia Tech,21.0,2024.0,0,0,6,26.0,Kendall Fuller,CB,Virginia Tech,71.0,187.0,4.48,15.0,,,,
2016,3,85,HOU,False,WR,WR,O,Ohio St.,23.0,2017.0,0,0,1,2.0,Braxton Miller,WR,Ohio State,73.0,201.0,4.5,17.0,35.0,123.0,6.65,4.07
2016,3,86,MIA,False,WR,WR,O,Rutgers,22.0,2018.0,0,0,0,2.0,Leonte Carroo,WR,Rutgers,72.0,211.0,4.5,14.0,35.5,120.0,,
2016,3,87,CIN,False,ILB,LB,D,Utah St.,23.0,2024.0,0,0,4,17.0,Nick Vigil,ILB,Utah State,74.0,239.0,4.72,,31.5,115.0,6.73,4.0
2016,3,88,GNB,False,OLB,LB,D,Utah St.,24.0,2021.0,0,0,1,9.0,Kyler Fackrell,OLB,Utah State,77.0,245.0,4.72,15.0,34.5,121.0,,
2016,3,89,PIT,False,DT,DL,D,South Carolina St.,23.0,2025.0,0,2,8,20.0,Javon Hargrave,DT,South Carolina State,73.0,309.0,4.93,29.0,34.5,109.0,7.9,4.7
2016,3,90,SEA,False,RB,RB,O,Notre Dame,22.0,2020.0,0,0,0,5.0,C.J. Prosise,RB,Notre Dame,72.0,220.0,4.48,,35.5,121.0,,
2016,3,91,NWE,False,QB,QB,O,North Carolina St.,23.0,2025.0,0,0,3,2.0,Jacoby Brissett,QB,North Carolina State,76.0,231.0,4.94,,31.0,113.0,7.17,4.53
2016,3,92,ARI,False,CB,DB,D,Texas A&M,23.0,2020.0,0,0,0,4.0,Brandon Williams,CB,Texas A&M,71.0,197.0,4.37,18.0,30.5,118.0,6.85,4.19
2016,3,93,CLE,False,QB,QB,O,USC,23.0,2018.0,0,0,1,3.0,Cody Kessler,QB,USC,73.0,220.0,4.89,,29.5,104.0,7.32,4.0
2016,3,94,SEA,False,TE,TE,O,Ohio St.,23.0,2025.0,0,0,3,4.0,Nick Vannett,TE,Ohio State,78.0,257.0,4.76,17.0,30.5,111.0,7.05,4.2
2016,3,95,DET,False,C,OL,O,Michigan,24.0,2025.0,0,0,7,41.0,Graham Glasgow,C,Michigan,78.0,307.0,5.13,23.0,25.0,106.0,7.63,4.63
2016,3,96,NWE,False,DT,DL,D,Nebraska,22.0,2018.0,0,0,0,2.0,Vincent Valentine,DT,Nebraska,76.0,329.0,5.19,17.0,29.0,110.0,8.03,4.59
2016,4,97,SEA,False,G,OL,O,Boise St.,23.0,2018.0,0,0,0,4.0,Rees Odhiambo,OT,Boise State,76.0,314.0,5.17,23.0,,,,
2016,4,98,DEN,False,S,DB,D,Boston Col.,22.0,2024.0,0,2,8,56.0,Justin Simmons,S,Boston Col.,74.0,202.0,4.61,16.0,40.0,126.0,6.58,3.85
2016,4,99,CLE,False,OLB,LB,D,Wisconsin,22.0,2022.0,0,1,5,25.0,Joe Schobert,OLB,Wisconsin,73.0,244.0,4.76,22.0,33.5,111.0,7.11,4.3
2016,4,100,OAK,False,QB,QB,O,Michigan St.,23.0,2016.0,0,0,0,0.0,Connor Cook,QB,Michigan State,76.0,217.0,4.79,,33.0,113.0,7.21,4.28
2016,4,101,DAL,False,DE,DL,D,Oklahoma,23.0,2017.0,0,0,0,0.0,Charles Tapper,DE,Oklahoma,75.0,271.0,4.59,23.0,34.0,119.0,,
2016,4,102,SDG,False,ILB,LB,D,Ohio St.,22.0,2017.0,0,0,0,1.0,Joshua Perry,ILB,Ohio State,76.0,254.0,4.68,20.0,33.5,124.0,,
2016,4,103,JAX,False,DT,DL,D,Notre Dame,22.0,2025.0,0,0,0,2.0,Sheldon Day,DT,Notre Dame,73.0,293.0,5.07,21.0,30.0,102.0,7.44,4.5
2016,4,104,BAL,False,CB,DB,D,Temple,22.0,2021.0,0,0,1,14.0,Tavon Young,CB,Temple,69.0,183.0,4.46,9.0,34.5,118.0,6.8,3.93
2016,4,105,KAN,False,G,OL,O,Cincinnati,23.0,2021.0,0,0,0,3.0,Parker Ehinger,OT,Cincinnati,78.0,310.0,5.26,,27.5,97.0,,
2016,4,106,KAN,False,CB,DB,D,Minnesota,22.0,2025.0,0,0,4,5.0,Eric Murray,CB,Minnesota,71.0,199.0,4.49,15.0,39.5,124.0,7.08,4.05
2016,4,107,BAL,False,WR,WR,O,Cincinnati,23.0,2025.0,0,0,0,4.0,Chris Moore,WR,Cincinnati,73.0,206.0,4.53,10.0,37.0,130.0,6.76,4.2
2016,4,108,TAM,False,CB,DB,D,North Carolina Central,23.0,2022.0,0,0,0,8.0,Ryan Smith,CB,North Carolina Central,71.0,189.0,4.47,18.0,36.0,122.0,6.88,4.09
2016,4,109,NYG,False,OLB,LB,D,Clemson,23.0,2021.0,0,0,4,9.0,B.J. Goodson,OLB,Clemson,73.0,242.0,4.69,30.0,34.5,118.0,7.05,4.51
2016,4,110,LAR,False,TE,TE,O,Western Kentucky,23.0,2025.0,0,0,8,31.0,Tyler Higbee,TE,Western Kentucky,78.0,249.0,4.77,,,,,
2016,4,111,DET,False,S,DB,D,Southern Utah,23.0,2025.0,1,2,0,5.0,Miles Killebrew,S,Southern Utah,74.0,217.0,4.65,22.0,38.0,127.0,6.93,4.18
2016,4,112,NWE,False,WR,WR,O,Georgia,24.0,2016.0,0,0,0,4.0,Malcolm Mitchell,WR,Georgia,72.0,198.0,4.45,15.0,36.0,129.0,6.94,4.34
2016,4,113,CHI,False,ILB,LB,D,West Virginia,23.0,2022.0,0,0,1,14.0,Nick Kwiatkoski,ILB,West Virginia,74.0,243.0,4.73,19.0,32.0,120.0,7.16,4.22
2016,4,114,CLE,False,WR,WR,O,Auburn,22.0,2017.0,0,0,1,3.0,Ricardo Louis,WR,Auburn,74.0,215.0,4.43,18.0,38.0,132.0,,
2016,4,115,ATL,False,OLB,LB,D,Minnesota,23.0,2024.0,1,0,9,20.0,De'Vondre Campbell,OLB,Minnesota,76.0,232.0,4.58,16.0,34.0,116.0,,
2016,4,116,IND,False,DT,DL,D,Texas,21.0,2023.0,0,0,0,5.0,Hassan Ridgeway,DT,Texas,75.0,303.0,5.02,24.0,32.0,113.0,8.28,4.82
2016,4,117,LAR,False,WR,WR,O,South Carolina,21.0,2022.0,1,1,0,3.0,Pharoh Cooper,WR,South Carolina,71.0,203.0,4.52,15.0,31.0,115.0,,
2016,4,118,NYJ,False,CB,DB,D,North Carolina St.,23.0,2022.0,0,0,2,3.0,Juston Burris,CB,North Carolina State,72.0,212.0,4.53,19.0,36.5,122.0,7.1,4.4
2016,4,119,HOU,False,RB,RB,O,San Jose St.,22.0,2020.0,0,0,0,0.0,Tyler Ervin,RB,San Jose State,70.0,192.0,4.41,17.0,39.0,130.0,,
2016,4,120,NOR,False,DT,DL,D,Manitoba,23.0,2025.0,0,0,6,31.0,,,,,,,,,,,
2016,4,121,MIN,False,T,OL,O,Western Michigan,22.0,2016.0,0,0,0,0.0,Willie Beavers,OT,West. Michigan,77.0,321.0,5.28,20.0,25.5,103.0,7.96,4.71
2016,4,122,CIN,False,NT,DL,D,Baylor,21.0,2025.0,0,0,5,14.0,Andrew Billings,DT,Baylor,73.0,311.0,5.05,31.0,27.5,113.0,8.05,4.82
2016,4,123,PIT,False,T,OL,O,LSU,22.0,2020.0,0,0,0,2.0,Jerald Hawkins,OT,LSU,78.0,305.0,5.23,23.0,23.5,100.0,8.19,4.89
2016,4,124,CHI,False,S,DB,D,Miami (FL),23.0,2024.0,0,0,0,7.0,Deon Bush,S,Miami (FL),72.0,199.0,4.64,17.0,36.0,123.0,,
2016,4,125,IND,False,ILB,LB,D,Florida,21.0,2018.0,0,0,2,9.0,Antonio Morrison,ILB,Florida,73.0,232.0,4.76,,,,,
2016,4,126,KAN,False,WR,WR,O,Florida,21.0,2025.0,0,0,3,13.0,Demarcus Robinson,WR,Florida,73.0,203.0,4.59,,34.5,123.0,6.77,4.19
2016,4,127,CHI,False,CB,DB,D,Northern Iowa,22.0,2018.0,0,0,0,1.0,,,,,,,,,,,
2016,4,128,ARI,False,C,OL,O,Missouri,23.0,2019.0,0,0,1,6.0,Evan Boehm,C,Missouri,74.0,302.0,5.33,24.0,28.5,96.0,7.52,4.69
2016,5,129,CLE,False,S,DB,D,TCU,22.0,2018.0,0,0,1,8.0,Derrick Kindred,S,TCU,70.0,207.0,4.5,,37.5,123.0,7.05,4.29
2016,5,130,BAL,False,T,OL,O,Nebraska,24.0,2020.0,0,0,2,8.0,Alex Lewis,OT,Nebraska,78.0,312.0,5.22,27.0,29.5,100.0,7.94,4.72
2016,5,131,GNB,False,LB,LB,D,Stanford,22.0,2023.0,0,0,5,29.0,Blake Martinez,ILB,Stanford,74.0,237.0,4.71,22.0,28.5,113.0,6.98,4.2
2016,5,132,BAL,False,DT,DL,D,Michigan,22.0,2020.0,0,0,0,4.0,Willie Henry,DT,Michigan,75.0,303.0,5.0,28.0,30.5,110.0,7.57,4.53
2016,5,133,SFO,False,CB,DB,D,LSU,21.0,2021.0,0,0,0,6.0,Rashard Robinson,CB,Louisiana St,73.0,171.0,4.49,,35.5,121.0,,
2016,5,134,BAL,False,RB,RB,O,Louisiana Tech,22.0,2018.0,0,0,0,5.0,Kenneth Dixon,RB,Louisiana Tech,70.0,215.0,4.56,18.0,37.5,121.0,6.97,4.28
2016,5,135,DAL,False,QB,QB,O,Mississippi St.,23.0,2025.0,0,4,8,104.0,Dak Prescott,QB,Mississippi State,74.0,226.0,4.79,,32.5,116.0,7.11,4.32
2016,5,136,DEN,False,RB,RB,O,Utah,24.0,2021.0,0,0,0,11.0,Devontae Booker,RB,Utah,71.0,219.0,4.56,22.0,,,,
2016,5,137,GNB,False,DE,DL,D,Northwestern,22.0,2024.0,0,0,6,35.0,Dean Lowry,DE,Northwestern,78.0,296.0,4.87,30.0,32.5,114.0,7.26,4.38
2016,5,138,CLE,False,TE,TE,O,Princeton,23.0,2020.0,0,0,0,5.0,,,,,,,,,,,
2016,5,139,BUF,False,QB,QB,O,Ohio St.,23.0,2016.0,0,0,0,0.0,Cardale Jones,QB,Ohio State,77.0,253.0,4.81,,36.0,,,
2016,5,140,TEN,False,WR,WR,O,Massachusetts,21.0,2021.0,0,0,3,11.0,Tajae Sharpe,WR,Massachusetts,74.0,194.0,4.55,11.0,33.5,114.0,,
2016,5,141,CAR,False,CB,DB,D,Oklahoma,22.0,2016.0,0,0,0,1.0,Zack Sanchez,CB,Oklahoma,71.0,185.0,4.5,19.0,35.5,116.0,,
2016,5,142,SFO,False,DE,DL,D,Appalachian St.,23.0,2021.0,0,0,0,6.0,Ronald Blair,DE,Appalachian State,74.0,284.0,5.15,32.0,30.0,113.0,7.95,4.53
2016,5,143,OAK,False,RB,RB,O,Texas Tech,23.0,2020.0,0,0,0,11.0,Deandre Washington,RB,Texas Tech,68.0,204.0,4.49,24.0,34.5,116.0,7.03,4.2
2016,5,144,DEN,False,G,OL,O,Missouri,23.0,2024.0,0,0,5,14.0,Connor McGovern,OG,Missouri,76.0,306.0,5.11,33.0,33.0,109.0,7.5,4.65
2016,5,145,SFO,False,T,OL,O,Georgia,22.0,2016.0,0,0,0,1.0,John Theus,OT,Georgia,78.0,313.0,5.22,,28.0,103.0,7.9,4.78
2016,5,146,BAL,False,DE,DL,D,Grand Valley St.,24.0,2025.0,0,4,7,30.0,Matt Judon,DE,Grand Valley State,75.0,275.0,4.73,30.0,35.0,109.0,7.67,4.52
2016,5,147,SEA,False,DT,DL,D,Maryland,23.0,2025.0,0,0,4,12.0,Quinton Jefferson,DT,Maryland,76.0,291.0,4.95,24.0,29.0,,7.95,4.37
2016,5,148,TAM,False,T,OL,O,UCLA,22.0,2021.0,0,0,1,12.0,Caleb Benenoch,OT,UCLA,77.0,311.0,4.98,,28.0,104.0,8.15,5.11
2016,5,149,NYG,False,RB,RB,O,UCLA,21.0,2019.0,0,0,0,5.0,Paul Perkins,RB,UCLA,70.0,208.0,4.54,19.0,32.0,124.0,,
2016,5,150,CHI,False,RB,RB,O,Indiana,21.0,2022.0,0,1,3,22.0,Jordan Howard,RB,Indiana,72.0,230.0,4.57,16.0,34.0,122.0,,
2016,5,151,DET,False,G,OL,O,Washington St.,23.0,2020.0,0,0,1,11.0,Joe Dahl,OT,Washington State,76.0,304.0,5.18,28.0,31.0,109.0,7.64,4.77
2016,5,152,WAS,False,DT,DL,D,Temple,22.0,2022.0,0,0,3,19.0,Matt Ioannidis,DT,Temple,75.0,299.0,5.03,32.0,28.0,108.0,7.78,4.71
2016,5,153,PHI,False,RB,RB,O,West Virginia,22.0,2021.0,0,0,1,9.0,Wendell Smallwood,RB,West Virginia,70.0,208.0,4.47,14.0,33.5,120.0,6.83,4.28
2016,5,154,CLE,False,WR,WR,O,UCLA,23.0,2016.0,0,0,0,0.0,Jordan Payton,WR,UCLA,73.0,207.0,4.47,,34.5,121.0,7.08,4.33
2016,5,155,IND,False,T,OL,O,North Dakota St.,23.0,2022.0,0,0,2,19.0,Joe Haeg,OT,North Dakota State,78.0,304.0,5.16,,27.5,111.0,7.47,4.47
2016,5,156,BUF,False,RB,RB,O,Arkansas,22.0,2023.0,0,0,0,1.0,Jonathan Williams,RB,Arkansas,71.0,220.0,4.56,16.0,,,,
2016,5,157,TEN,False,CB,DB,D,Southern Utah,22.0,2020.0,0,0,0,7.0,Leshaun Sims,CB,Southern Utah,72.0,203.0,4.53,11.0,37.0,120.0,7.08,4.19
2016,5,158,NYJ,False,T,OL,O,South Carolina,24.0,2022.0,0,0,5,13.0,Brandon Shell,OT,South Carolina,77.0,324.0,5.22,22.0,30.5,112.0,,
2016,5,159,HOU,False,S,DB,D,West Virginia,22.0,2016.0,0,0,0,0.0,KJ Dillon,S,West Virginia,72.0,210.0,4.53,11.0,,121.0,,
2016,5,160,MIN,False,OLB,LB,D,Missouri,23.0,2019.0,0,0,0,4.0,Kentrell Brothers,OLB,Missouri,72.0,245.0,4.89,19.0,28.5,110.0,6.99,4.11
2016,6,161,CIN,False,G,OL,O,Arizona St.,23.0,2018.0,0,0,0,2.0,Christian Westerman,OG,Arizona State,75.0,298.0,5.12,34.0,,98.0,7.69,4.71
2016,6,162,KAN,False,QB,QB,O,Stanford,23.0,2021.0,0,0,0,,Kevin Hogan,QB,Stanford,75.0,218.0,4.78,,32.5,113.0,6.9,4.31
2016,6,163,GNB,False,WR,WR,O,California,23.0,2019.0,0,0,0,1.0,Trevor Davis,WR,California,73.0,188.0,4.42,11.0,38.5,124.0,6.6,4.22
2016,6,164,PHI,False,T,OL,O,TCU,23.0,2023.0,0,0,3,12.0,Halapoulivaati Vaitai,OT,TCU,78.0,320.0,5.26,23.0,29.0,113.0,8.26,5.0
2016,6,165,KAN,False,WR,WR,O,West Alabama,22.0,2025.0,5,8,8,61.0,,,,,,,,,,,
2016,6,166,HOU,False,NT,DL,D,Clemson,22.0,2025.0,0,0,6,20.0,D.J. Reader,DT,Clemson,75.0,327.0,5.33,30.0,29.5,99.0,7.9,4.71
2016,6,167,ARI,False,S,DB,D,Midwestern St.,21.0,2021.0,0,0,0,,,,,,,,,,,,
2016,6,168,CLE,False,G,OL,O,Baylor,23.0,2017.0,0,0,2,8.0,Spencer Drango,OT,Baylor,78.0,315.0,5.27,30.0,27.0,100.0,7.88,4.66
2016,6,169,DET,False,LB,LB,D,Georgia Southern,23.0,2016.0,0,0,0,2.0,,,,,,,,,,,
2016,6,170,ARI,False,T,OL,O,Harvard,22.0,2021.0,0,0,0,0.0,Cole Toner,OT,Harvard,77.0,306.0,5.32,22.0,26.0,103.0,7.88,4.59
2016,6,171,SEA,False,RB,RB,O,Arkansas,22.0,2021.0,0,0,2,5.0,Alex Collins,RB,Arkansas,70.0,217.0,4.59,18.0,28.5,113.0,,
2016,6,172,CLE,False,WR,WR,O,Colorado St.,21.0,2022.0,0,0,0,13.0,Rashard Higgins,WR,Colorado State,73.0,196.0,4.64,13.0,32.0,116.0,,
2016,6,173,CLE,False,DB,DB,D,La-Monroe,22.0,2016.0,0,0,0,0.0,,,,,,,,,,,
2016,6,174,SFO,False,T,OL,O,Mississippi,23.0,,0,0,0,,Fahn Cooper,OT,Mississippi,76.0,303.0,5.17,19.0,25.0,102.0,7.85,4.89
2016,6,175,SDG,False,OLB,LB,D,Akron,22.0,2019.0,0,0,2,14.0,,,,,,,,,,,
2016,6,176,DEN,False,FB,RB,O,Nebraska,23.0,2021.0,0,0,1,2.0,Andy Janovich,FB,Nebraska,73.0,238.0,4.81,30.0,34.0,119.0,7.28,4.32
2016,6,177,LAR,False,TE,TE,O,South Carolina St.,23.0,2021.0,0,0,0,0.0,Temarrick Hemingway,TE,South Carolina State,77.0,244.0,4.71,18.0,30.5,115.0,6.88,4.31
2016,6,178,KAN,False,CB,DB,D,Georgia Tech,22.0,2019.0,0,0,0,1.0,D.J. White,CB,Georgia Tech,71.0,193.0,4.49,17.0,33.0,132.0,7.18,4.33
2016,6,179,SDG,False,P,P,S,Texas A&M,23.0,2018.0,0,0,0,5.0,Drew Kaser,P,Texas A&M,74.0,212.0,4.95,,,,,
2016,6,180,MIN,False,WR,WR,O,,22.0,,0,0,0,,,,,,,,,,,,
2016,6,181,JAX,False,OLB,LB,D,Montana,22.0,2017.0,0,0,0,,,,,,,,,,,,
2016,6,182,BAL,False,RB,RB,O,Navy,22.0,2018.0,0,0,0,,,,,,,,,,,,
2016,6,183,TAM,False,OLB,LB,D,Oklahoma,23.0,2020.0,0,0,1,4.0,Devante Bond,OLB,Oklahoma,73.0,235.0,4.7,21.0,37.5,121.0,7.07,4.36
2016,6,184,NYG,False,TE,TE,O,South Carolina,23.0,2019.0,0,0,0,2.0,Jerell Adams,TE,South Carolina,77.0,247.0,4.64,,32.5,117.0,7.05,4.31
2016,6,185,CHI,False,S,DB,D,William & Mary,23.0,2023.0,0,0,0,8.0,Deandre Houston-Carson,S,William & Mary,73.0,201.0,4.54,13.0,32.5,115.0,7.15,4.28
2016,6,186,MIA,False,WR,WR,O,Texas Tech,23.0,2021.0,0,1,0,12.0,,,,,,,,,,,
2016,6,187,WAS,False,QB,QB,O,Indiana,22.0,2022.0,0,0,0,,Nate Sudfeld,QB,Indiana,78.0,234.0,5.02,,29.0,105.0,,
2016,6,188,MIN,False,TE,TE,O,Texas-San Antonio,23.0,2018.0,0,0,0,1.0,David Morgan,TE,Texas-San Antonio,76.0,262.0,,,,,,
2016,6,189,DAL,False,CB,DB,D,Purdue,22.0,2023.0,0,0,4,23.0,Anthony Brown,CB,Purdue,71.0,192.0,4.33,19.0,35.0,115.0,7.03,4.19
2016,6,190,LAR,False,ILB,LB,D,Kentucky,24.0,2017.0,0,0,0,2.0,Josh Forrest,ILB,Kentucky,75.0,249.0,4.91,11.0,30.5,118.0,,
2016,6,191,DET,False,QB,QB,O,Michigan,23.0,2017.0,0,0,0,0.0,,,,,,,,,,,
2016,6,192,BUF,False,WR,WR,O,TCU,22.0,,0,0,0,,Kolby Listenbee,WR,TCU,72.0,197.0,4.39,15.0,35.5,129.0,,
2016,7,193,TEN,False,G,OL,O,Arkansas,24.0,2016.0,0,0,0,0.0,Sebastian Tretola,OG,Arkansas,76.0,314.0,5.45,22.0,23.5,90.0,7.94,5.02
2016,7,194,OAK,False,OLB,LB,D,Colorado St.,23.0,2017.0,0,0,1,7.0,,,,,,,,,,,
2016,7,195,ATL,False,G,OL,O,San Jose St.,22.0,2024.0,0,0,3,19.0,,,,,,,,,,,
2016,7,196,PHI,False,CB,DB,D,Auburn,23.0,2021.0,0,0,0,0.0,,,,,,,,,,,
2016,7,197,TAM,False,FB,RB,O,Northwestern,22.0,2019.0,0,0,1,,Dan Vitale,FB,Northwestern,73.0,239.0,4.6,30.0,38.5,123.0,7.12,4.12
2016,7,198,SDG,False,FB,RB,O,Wisconsin,23.0,2022.0,0,0,0,1.0,,,,,,,,,,,
2016,7,199,CIN,False,WR,WR,O,Mississippi,22.0,2019.0,0,0,0,3.0,Cody Core,WR,Mississippi,75.0,205.0,4.47,14.0,31.5,119.0,,
2016,7,200,GNB,False,T,OL,O,Stanford,22.0,2021.0,0,0,0,2.0,Kyle Murphy,OT,Stanford,78.0,305.0,5.19,23.0,,,,
2016,7,201,JAX,False,QB,QB,O,Arkansas,24.0,2025.0,0,0,0,,Brandon Allen,QB,Arkansas,73.0,217.0,4.84,,28.0,110.0,7.06,4.33
2016,7,202,DET,False,DT,DL,D,Penn St.,24.0,2020.0,0,0,1,8.0,Anthony Zettel,DT,Penn State,76.0,277.0,4.81,28.0,30.5,109.0,7.63,4.39
2016,7,203,KAN,False,DE,DL,D,Virginia Tech,23.0,2016.0,0,0,0,1.0,Dadi Nicolas,DE,Virginia Tech,75.0,235.0,4.74,14.0,41.0,116.0,7.04,4.38
2016,7,204,MIA,False,S,DB,D,Penn St.,23.0,2021.0,0,0,0,1.0,Jordan Lucas,S,Penn State,72.0,201.0,4.54,,,,,
2016,7,205,ARI,False,CB,DB,D,Southeastern Louisiana,22.0,2018.0,0,0,0,2.0,Harlan Miller,CB,SE Louisiana,72.0,182.0,4.65,6.0,35.5,118.0,7.44,4.43
2016,7,206,LAR,False,WR,WR,O,Southern Miss,22.0,2022.0,0,0,0,1.0,,,,,,,,,,,
2016,7,207,SFO,False,QB,QB,O,Louisiana Tech,23.0,2024.0,0,0,0,,Jeff Driskel,QB,Louisiana Tech,76.0,234.0,4.56,,32.0,122.0,7.19,4.25
2016,7,208,NWE,False,OLB,LB,D,Eastern Illinois,22.0,2024.0,0,0,3,,,,,,,,,,,,
2016,7,209,BAL,False,CB,DB,D,Virginia,22.0,2021.0,0,0,0,2.0,Maurice Canady,CB,Virginia,73.0,193.0,4.49,16.0,38.0,124.0,7.03,4.09
2016,7,210,DET,False,LS,LS,S,Baylor,24.0,,0,0,0,,Jimmy Landes,LS,Baylor,73.0,240.0,4.95,,27.5,110.0,7.05,4.38
2016,7,211,SFO,False,RB,RB,O,Florida,22.0,,0,0,0,,Kelvin Taylor,RB,Florida,70.0,207.0,4.6,15.0,32.0,113.0,,
2016,7,212,DAL,False,S,DB,D,Central Michigan,22.0,2021.0,0,0,0,3.0,Kavon Frazier,S,Central Michigan,72.0,217.0,4.53,18.0,,,,
2016,7,213,SFO,False,WR,WR,O,Michigan St.,22.0,2016.0,0,0,0,1.0,Aaron Burbridge,WR,Michigan State,72.0,206.0,4.56,20.0,30.5,115.0,7.22,4.31
2016,7,214,NWE,False,ILB,LB,D,Houston,22.0,2025.0,0,0,7,17.0,,,,,,,,,,,
2016,7,215,SEA,False,C,OL,O,TCU,22.0,2020.0,0,0,0,7.0,,,,,,,,,,,
2016,7,216,DAL,False,RB,RB,O,Eastern Michigan,22.0,2018.0,0,0,0,0.0,,,,,,,,,,,
2016,7,217,DAL,False,TE,TE,O,Baylor,22.0,2018.0,0,0,0,0.0,,,,,,,,,,,
2016,7,218,BUF,False,CB,DB,D,USC,22.0,2024.0,0,0,0,1.0,Kevon Seymour,CB,USC,71.0,186.0,4.39,12.0,35.0,124.0,,4.18
2016,7,219,DEN,False,S,DB,D,Arizona,22.0,2022.0,0,0,0,8.0,,,,,,,,,,,
2016,7,220,PIT,False,OLB,LB,D,Washington,23.0,,0,0,0,,Travis Feeney,OLB,Washington,76.0,230.0,4.5,,40.0,130.0,7.2,4.42
2016,7,221,NWE,False,G,OL,O,Illinois,23.0,2025.0,0,0,6,17.0,,,,,,,,,,,
2016,7,222,TEN,False,OLB,LB,D,UCLA,23.0,2018.0,0,0,0,1.0,,,,,,,,,,,
2016,7,223,MIA,False,QB,QB,O,Western Kentucky,24.0,,0,0,0,,Brandon Doughty,QB,Western Kentucky,75.0,213.0,5.22,,27.0,103.0,7.49,4.52
2016,7,224,SDG,False,G,OL,O,Michigan St.,23.0,,0,0,0,,,,,,,,,,,,
2016,8,225,NWE,False,WR,WR,O,Arizona St.,23.0,,0,0,0,,,,,,,,,,,,
2016,8,226,JAX,False,DE,DL,D,Central Arkansas,22.0,2018.0,0,0,0,,,,,,,,,,,,
2016,8,227,MIN,False,OLB,LB,D,Vanderbilt,22.0,2021.0,0,0,1,8.0,Stephen Weatherly,OLB,Vanderbilt,76.0,267.0,4.61,23.0,31.0,117.0,,
2016,8,228,DEN,False,P,P,S,Syracuse,23.0,2025.0,0,0,2,9.0,Riley Dixon,P,Syracuse,76.0,221.0,5.04,,,,,
2016,8,229,PIT,False,WR,WR,O,Houston,22.0,2016.0,0,0,0,0.0,Demarcus Ayers,WR,Houston,69.0,182.0,4.72,,33.0,123.0,,
2016,8,230,CHI,False,WR,WR,O,Western Michigan,22.0,2016.0,0,0,0,0.0,,,,,,,,,,,
2016,8,231,MIA,False,TE,TE,O,UCLA,21.0,2016.0,0,0,0,0.0,Thomas Duarte,TE,UCLA,74.0,231.0,4.72,12.0,33.5,118.0,6.97,4.24
2016,8,232,WAS,False,ILB,LB,D,Boston Col.,23.0,,0,0,0,,Steven Daniels,ILB,Boston Col.,71.0,243.0,4.86,16.0,32.0,112.0,7.33,4.54
2016,8,233,PHI,False,S,DB,D,LSU,22.0,2025.0,0,0,6,18.0,Jalen Mills,S,LSU,72.0,191.0,4.61,16.0,37.0,123.0,6.86,4.0
2016,8,234,OAK,False,G,OL,O,LSU,22.0,2017.0,0,0,0,6.0,Vadal Alexander,OT,LSU,77.0,326.0,5.57,25.0,24.0,95.0,8.04,4.9
2016,8,235,NYJ,False,P,P,S,Sam Houston St.,24.0,2021.0,0,0,0,9.0,,,,,,,,,,,
2016,8,236,DET,False,RB,RB,O,Washington,22.0,2023.0,0,0,0,2.0,,,,,,,,,,,
2016,8,237,NOR,False,RB,RB,O,California,23.0,2017.0,0,0,0,0.0,Daniel Lasco,RB,California,72.0,209.0,4.46,23.0,41.5,135.0,7.22,4.26
2016,8,238,ATL,False,WR,WR,O,UCLA,22.0,,0,0,0,,,,,,,,,,,,
2016,8,239,IND,False,LB,LB,D,Maine,23.0,2018.0,0,0,0,0.0,,,,,,,,,,,
2016,8,240,PHI,False,DE,DL,D,Florida,22.0,,0,0,0,,Alex McCalister,DE,Florida,78.0,239.0,4.8,,34.5,128.0,7.01,4.0
2016,8,241,NYJ,False,WR,WR,O,Clemson,23.0,2018.0,0,0,0,1.0,Charone Peake,WR,Clemson,74.0,209.0,4.45,12.0,35.5,122.0,6.96,4.46
2016,8,242,WAS,False,RB,RB,O,Georgia,22.0,,0,0,0,,Keith Marshall,RB,Georgia,71.0,219.0,4.31,25.0,30.5,,,
2016,8,243,SEA,False,WR,WR,O,California,22.0,,0,0,0,,Kenny Lawler,WR,California,74.0,203.0,4.64,,31.0,111.0,7.13,4.2
2016,8,244,MIN,False,S,DB,D,Clemson,22.0,2023.0,0,0,4,4.0,Jayron Kearse,S,Clemson,76.0,216.0,4.62,16.0,31.5,124.0,7.06,
2016,8,245,CIN,False,S,DB,D,Illinois,23.0,2022.0,0,0,0,6.0,,,,,,,,,,,
2016,8,246,PIT,False,OLB,LB,D,Temple,23.0,2024.0,0,0,0,5.0,Tyler Matakevich,OLB,Temple,72.0,238.0,4.81,22.0,31.0,112.0,7.19,4.5
2016,8,247,SEA,False,RB,RB,O,Clemson,23.0,,0,0,0,,,,,,,,,,,,
2016,8,248,IND,False,C,OL,O,Iowa,24.0,2022.0,0,0,4,1.0,Austin Blythe,C,Iowa,74.0,298.0,5.36,29.0,27.5,99.0,7.52,4.53
2016,8,249,SFO,False,CB,DB,D,Western Kentucky,23.0,2016.0,0,0,0,0.0,,,,,,,,,,,
2016,8,250,CLE,False,ILB,LB,D,Arizona,22.0,2017.0,0,0,0,,Scooby Wright III,ILB,Arizona,72.0,239.0,4.9,22.0,31.0,113.0,,4.47
2016,8,251,PHI,False,ILB,LB,D,Oregon,23.0,2021.0,0,0,1,2.0,,,,,,,,,,,
2016,8,252,CAR,False,TE,TE,O,Montana St.,23.0,,0,0,0,,Beau Sandland,TE,Montana State,76.0,253.0,4.74,23.0,35.0,124.0,7.1,4.33
2016,8,253,TEN,False,CB,DB,D,Southern Miss,22.0,2017.0,0,0,0,0.0,,,,,,,,,,,
2017,1,1,CLE,False,DE,DL,D,Texas A&M,21.0,2025.0,5,7,8,104.0,Myles Garrett,DE,Texas A&M,76.0,272.0,4.64,33.0,41.0,128.0,,
2017,1,2,CHI,False,QB,QB,O,North Carolina,23.0,2025.0,0,1,4,34.0,Mitchell Trubisky,QB,North Carolina,74.0,222.0,4.67,,27.5,116.0,6.87,4.25
2017,1,3,SFO,False,DE,DL,D,Stanford,21.0,2025.0,0,0,2,15.0,Solomon Thomas,DE,Stanford,75.0,273.0,4.69,30.0,35.0,126.0,6.95,4.28
2017,1,4,JAX,False,RB,RB,O,LSU,22.0,2023.0,0,0,5,19.0,Leonard Fournette,RB,LSU,72.0,240.0,4.51,,28.5,,,
2017,1,5,TEN,False,WR,WR,O,Western Michigan,22.0,2022.0,0,0,5,24.0,Corey Davis,WR,West. Michigan,75.0,209.0,,,,,,
2017,1,6,NYJ,False,S,DB,D,LSU,21.0,2025.0,1,3,6,29.0,Jamal Adams,S,LSU,72.0,214.0,4.56,18.0,31.5,120.0,6.96,4.13
2017,1,7,LAC,False,WR,WR,O,Clemson,22.0,2024.0,0,0,4,37.0,Mike Williams,WR,Clemson,76.0,218.0,,15.0,32.5,121.0,,
2017,1,8,CAR,False,RB,RB,O,Stanford,21.0,2025.0,3,4,5,43.0,Christian McCaffrey,RB,Stanford,71.0,202.0,4.48,10.0,37.5,121.0,6.57,4.22
2017,1,9,CIN,False,WR,WR,O,Washington,21.0,2024.0,0,0,1,5.0,John Ross,WR,Washington,71.0,188.0,4.22,,37.0,133.0,,
2017,1,10,KAN,False,QB,QB,O,Texas Tech,21.0,2025.0,2,6,7,115.0,Patrick Mahomes,QB,Texas Tech,74.0,225.0,4.8,,30.0,114.0,6.88,4.08
2017,1,11,NOR,False,CB,DB,D,Ohio St.,21.0,2025.0,0,4,6,41.0,Marshon Lattimore,CB,Ohio State,72.0,193.0,4.36,,38.5,132.0,,
2017,1,12,HOU,False,QB,QB,O,Clemson,21.0,2024.0,0,3,4,52.0,Deshaun Watson,QB,Clemson,74.0,221.0,4.66,,32.5,119.0,6.95,4.31
2017,1,13,ARI,False,LB,LB,D,Temple,22.0,2025.0,0,2,5,14.0,Haason Reddick,OLB,Temple,73.0,237.0,4.52,24.0,36.5,133.0,7.01,4.37
2017,1,14,PHI,False,DE,DL,D,Tennessee,21.0,2025.0,0,0,3,22.0,Derek Barnett,DE,Tennessee,75.0,259.0,4.88,,31.0,117.0,6.96,4.44
2017,1,15,IND,False,S,DB,D,Ohio St.,21.0,2025.0,0,0,5,13.0,Malik Hooker,S,Ohio State,73.0,206.0,,,,,,
2017,1,16,BAL,False,CB,DB,D,Alabama,21.0,2025.0,2,4,7,62.0,Marlon Humphrey,CB,Alabama,72.0,197.0,4.41,10.0,,125.0,6.75,
2017,1,17,WAS,False,DE,DL,D,Alabama,22.0,2025.0,0,2,7,48.0,Jonathan Allen,DT,Alabama,75.0,286.0,5.0,21.0,30.0,108.0,7.49,4.5
2017,1,18,TEN,False,CB,DB,D,USC,21.0,2025.0,0,0,6,15.0,Adoree Jackson,CB,USC,70.0,186.0,4.42,,36.0,122.0,,
2017,1,19,TAM,False,TE,TE,O,Alabama,22.0,2022.0,0,0,4,12.0,O.J. Howard,TE,Alabama,78.0,251.0,4.51,22.0,30.0,121.0,6.85,4.16
2017,1,20,DEN,False,T,OL,O,Utah,25.0,2025.0,1,1,7,56.0,Garrett Bolles,OT,Utah,77.0,297.0,4.95,,28.0,115.0,7.29,4.55
2017,1,21,DET,False,LB,LB,D,Florida,22.0,2022.0,0,0,3,20.0,Jarrad Davis,ILB,Florida,73.0,238.0,,,,,,
2017,1,22,MIA,False,OLB,LB,D,Missouri,22.0,2024.0,0,0,2,4.0,Charles Harris,DE,Missouri,75.0,253.0,4.82,21.0,32.0,109.0,7.47,4.42
2017,1,23,NYG,False,TE,TE,O,Mississippi,23.0,2025.0,0,2,8,18.0,Evan Engram,TE,Mississippi,75.0,234.0,4.42,19.0,36.0,125.0,6.92,4.23
2017,1,24,OAK,False,CB,DB,D,Ohio St.,22.0,2019.0,0,0,1,7.0,Gareon Conley,CB,Ohio State,72.0,195.0,4.44,11.0,37.0,129.0,6.68,4.18
2017,1,25,CLE,False,S,DB,D,Michigan,21.0,2025.0,0,0,5,11.0,Jabrill Peppers,S,Michigan,71.0,213.0,4.46,19.0,35.5,128.0,,
2017,1,26,ATL,False,DE,DL,D,UCLA,21.0,2024.0,0,0,2,13.0,Takkarist McKinley,OLB,UCLA,74.0,250.0,4.59,24.0,33.0,122.0,7.48,4.62
2017,1,27,BUF,False,CB,DB,D,LSU,22.0,2025.0,1,2,5,52.0,TreDavious White,CB,LSU,71.0,192.0,4.47,16.0,32.0,119.0,6.9,4.32
2017,1,28,DAL,False,DE,DL,D,Michigan,22.0,2022.0,0,0,0,6.0,Taco Charlton,DE,Michigan,78.0,277.0,4.92,25.0,33.0,116.0,7.17,4.39
2017,1,29,CLE,False,TE,TE,O,Miami (FL),21.0,2025.0,0,1,5,27.0,David Njoku,TE,Miami (FL),76.0,246.0,4.64,21.0,37.5,133.0,6.97,4.34
2017,1,30,PIT,False,OLB,LB,D,Wisconsin,22.0,2025.0,4,8,8,96.0,T.J. Watt,OLB,Wisconsin,76.0,252.0,4.69,21.0,37.0,128.0,6.79,4.13
2017,1,31,SFO,False,LB,LB,D,Alabama,23.0,2018.0,0,0,2,8.0,Reuben Foster,ILB,Alabama,72.0,229.0,,,,,,
2017,1,32,NOR,False,T,OL,O,Wisconsin,23.0,2023.0,1,0,6,64.0,Ryan Ramczyk,OT,Wisconsin,78.0,310.0,,25.0,,,,
2017,2,33,GNB,False,CB,DB,D,Washington,22.0,2024.0,0,0,3,15.0,Kevin King,CB,Washington,75.0,200.0,4.43,11.0,39.5,,6.56,3.89
2017,2,34,JAX,False,T,OL,O,Alabama,21.0,2025.0,0,0,6,33.0,Cam Robinson,OT,Alabama,78.0,322.0,5.15,,26.0,106.0,7.81,4.82
2017,2,35,SEA,False,DT,DL,D,Michigan St.,21.0,2021.0,0,0,1,,Malik McDowell,DT,Michigan State,78.0,295.0,4.85,23.0,28.5,112.0,7.69,4.53
2017,2,36,ARI,False,S,DB,D,Washington,21.0,2025.0,2,8,7,63.0,Budda Baker,S,Washington,70.0,195.0,4.45,15.0,32.5,115.0,6.76,4.08
2017,2,37,BUF,False,WR,WR,O,East Carolina,22.0,2025.0,0,0,3,8.0,Zay Jones,WR,East Carolina,74.0,201.0,4.45,15.0,36.5,133.0,6.79,4.01
2017,2,38,LAC,False,G,OL,O,Western Kentucky,23.0,2021.0,0,0,1,8.0,Forrest Lamp,OG,Western Kentucky,76.0,309.0,5.0,34.0,27.5,111.0,7.55,4.62
2017,2,39,NYJ,False,S,DB,D,Florida,24.0,2025.0,0,0,5,21.0,Marcus Maye,S,Florida,72.0,210.0,,,,,,
2017,2,40,CAR,False,WR,WR,O,Ohio St.,21.0,2025.0,0,0,5,17.0,Curtis Samuel,WR,Ohio State,71.0,196.0,4.31,18.0,37.0,119.0,7.09,4.33
2017,2,41,MIN,False,RB,RB,O,Florida St.,22.0,2024.0,0,4,5,51.0,Dalvin Cook,RB,Florida State,70.0,210.0,4.49,22.0,30.5,116.0,7.27,4.53
2017,2,42,NOR,False,S,DB,D,Utah,20.0,2025.0,0,0,8,24.0,Marcus Williams,S,Utah,73.0,202.0,4.56,14.0,43.5,129.0,6.85,4.2
2017,2,43,PHI,False,CB,DB,D,Washington,21.0,2023.0,0,0,2,5.0,Sidney Jones,CB,Washington,72.0,186.0,4.47,,33.5,123.0,7.02,4.28
2017,2,44,LAR,False,TE,TE,O,South Alabama,23.0,2024.0,0,0,3,10.0,Gerald Everett,TE,South Alabama,75.0,239.0,4.62,22.0,37.5,126.0,6.99,4.33
2017,2,45,CHI,False,TE,TE,O,Ashland,22.0,2021.0,0,0,1,2.0,Adam Shaheen,TE,Ashland,78.0,278.0,4.79,24.0,32.5,121.0,7.09,4.38
2017,2,46,IND,False,CB,DB,D,Florida,21.0,2022.0,0,0,0,4.0,Quincy Wilson,CB,Florida,73.0,211.0,4.54,14.0,32.0,118.0,6.86,4.02
2017,2,47,BAL,False,OLB,LB,D,Houston,22.0,2024.0,0,0,1,18.0,Tyus Bowser,OLB,Houston,75.0,247.0,4.65,21.0,37.5,127.0,6.75,
2017,2,48,CIN,False,RB,RB,O,Oklahoma,21.0,2024.0,0,2,6,49.0,,,,,,,,,,,
2017,2,49,WAS,False,OLB,LB,D,Alabama,23.0,2022.0,0,0,0,6.0,Ryan Anderson,OLB,Alabama,74.0,253.0,4.78,,,,,
2017,2,50,TAM,False,S,DB,D,Texas A&M,22.0,2023.0,0,0,2,8.0,Justin Evans,S,Texas A&M,72.0,199.0,,14.0,,,,
2017,2,51,DEN,False,DE,DL,D,Florida St.,22.0,2025.0,0,0,2,6.0,DeMarcus Walker,DE,Florida State,76.0,280.0,,18.0,,,,
2017,2,52,CLE,False,QB,QB,O,Notre Dame,21.0,2018.0,0,0,1,5.0,DeShone Kizer,QB,Notre Dame,76.0,233.0,4.83,,30.5,107.0,7.4,4.53
2017,2,53,DET,False,CB,DB,D,Florida,21.0,2023.0,0,0,0,3.0,Teez Tabor,CB,Florida,72.0,199.0,4.62,9.0,31.0,120.0,,
2017,2,54,MIA,False,LB,LB,D,Ohio St.,21.0,2024.0,0,0,2,9.0,Raekwon McMillan,ILB,Ohio State,74.0,240.0,4.61,23.0,33.0,121.0,7.15,4.39
2017,2,55,NYG,False,DT,DL,D,Alabama,23.0,2025.0,0,0,8,23.0,Dalvin Tomlinson,DT,Alabama,75.0,310.0,5.19,,27.0,110.0,7.68,4.59
2017,2,56,OAK,False,S,DB,D,Connecticut,23.0,2018.0,0,0,0,1.0,Obi Melifonwu,S,Connecticut,76.0,224.0,4.4,17.0,44.0,141.0,,
2017,2,57,HOU,False,LB,LB,D,Vanderbilt,22.0,2025.0,0,0,5,29.0,Zach Cunningham,OLB,Vanderbilt,75.0,234.0,4.67,15.0,35.0,125.0,7.03,4.29
2017,2,58,SEA,False,C,OL,O,LSU,22.0,2025.0,0,0,4,19.0,Ethan Pocic,C,LSU,78.0,310.0,5.15,26.0,27.0,107.0,7.89,4.81
2017,2,59,KAN,False,DE,DL,D,Villanova,23.0,2025.0,0,0,2,14.0,Tanoh Kpassagnon,DE,Villanova,79.0,289.0,4.83,23.0,30.0,128.0,7.46,4.62
2017,2,60,DAL,False,CB,DB,D,Colorado,22.0,2025.0,0,0,5,14.0,Chidobe Awuzie,CB,Colorado,72.0,202.0,4.43,16.0,34.5,132.0,6.81,4.14
2017,2,61,GNB,False,S,DB,D,North Carolina St.,22.0,2022.0,0,0,1,5.0,Josh Jones,S,North Carolina State,73.0,220.0,4.41,20.0,37.5,132.0,,
2017,2,62,PIT,False,WR,WR,O,USC,20.0,2025.0,0,1,4,30.0,JuJu Smith-Schuster,WR,USC,73.0,215.0,4.54,15.0,32.5,120.0,,
2017,2,63,BUF,False,G,OL,O,Temple,23.0,2025.0,0,5,8,73.0,Dion Dawkins,OG,Temple,76.0,314.0,5.11,26.0,26.0,106.0,7.3,4.78
2017,2,64,CAR,False,G,OL,O,Western Michigan,23.0,2025.0,0,0,7,47.0,Taylor Moton,OT,West. Michigan,77.0,319.0,5.18,23.0,30.5,109.0,7.73,4.58
2017,3,65,CLE,False,DT,DL,D,Charlotte,23.0,2025.0,0,0,7,20.0,Larry Ogunjobi,DE,Charlotte,75.0,305.0,4.97,26.0,32.0,116.0,7.55,4.75
2017,3,66,SFO,False,CB,DB,D,Colorado,22.0,2025.0,0,0,3,12.0,Ahkello Witherspoon,CB,Colorado,75.0,198.0,4.45,,40.5,127.0,6.93,4.13
2017,3,67,NOR,False,RB,RB,O,Tennessee,22.0,2025.0,0,5,6,79.0,Alvin Kamara,RB,Tennessee,70.0,214.0,4.56,15.0,39.5,131.0,,
2017,3,68,JAX,False,DE,DL,D,Illinois,22.0,2025.0,0,0,0,16.0,Dawuane Smoot,DE,Illinois,75.0,264.0,4.77,,29.5,117.0,7.18,4.39
2017,3,69,LAR,False,WR,WR,O,Eastern Washington,24.0,2025.0,1,1,6,60.0,Cooper Kupp,WR,East. Washington,74.0,204.0,4.62,,31.0,116.0,6.75,4.08
2017,3,70,MIN,False,C,OL,O,Ohio St.,23.0,2022.0,0,0,3,20.0,Pat Elflein,C,Ohio State,75.0,303.0,5.32,22.0,23.5,99.0,7.94,4.71
2017,3,71,LAC,False,G,OL,O,Indiana,23.0,2025.0,0,0,4,27.0,Dan Feeney,OG,Indiana,76.0,305.0,5.24,26.0,28.0,101.0,7.52,4.68
2017,3,72,TEN,False,WR,WR,O,Western Kentucky,22.0,2020.0,0,0,0,6.0,Taywan Taylor,WR,Western Kentucky,71.0,203.0,4.5,13.0,33.5,132.0,6.57,4.21
2017,3,73,CIN,False,OLB,LB,D,Kansas St.,22.0,2022.0,0,0,0,4.0,Jordan Willis,DE,Kansas State,76.0,255.0,4.53,24.0,39.0,125.0,6.85,4.28
2017,3,74,BAL,False,DE,DL,D,Michigan,23.0,2025.0,0,0,3,8.0,Chris Wormley,DT,Michigan,77.0,298.0,,23.0,,,,
2017,3,75,ATL,False,LB,LB,D,LSU,23.0,2024.0,0,0,2,7.0,Duke Riley,OLB,LSU,72.0,232.0,4.58,18.0,34.5,122.0,6.89,4.21
2017,3,76,NOR,False,LB,LB,D,Florida,22.0,2025.0,0,0,4,8.0,Alex Anzalone,OLB,Florida,75.0,241.0,4.63,16.0,30.5,116.0,6.88,4.25
2017,3,77,CAR,False,DE,DL,D,Texas A&M,22.0,2019.0,0,0,0,0.0,Daeshon Hall,DE,Texas A&M,77.0,266.0,4.76,18.0,36.0,123.0,7.03,4.38
2017,3,78,BAL,False,OLB,LB,D,Alabama,23.0,2019.0,0,0,0,2.0,Tim Williams,OLB,Alabama,75.0,244.0,4.68,,33.5,124.0,7.36,4.57
2017,3,79,NYJ,False,WR,WR,O,Alabama,23.0,2017.0,0,0,0,1.0,ArDarius Stewart,WR,Alabama,71.0,204.0,4.49,,34.0,124.0,,
2017,3,80,IND,False,DE,DL,D,Ohio,23.0,2022.0,0,0,1,1.0,Tarell Basham,DE,Ohio,76.0,269.0,4.7,15.0,31.5,119.0,7.27,4.35
2017,3,81,WAS,False,CB,DB,D,UCLA,23.0,2025.0,0,0,4,8.0,Fabian Moreau,CB,UCLA,72.0,206.0,4.35,,38.0,136.0,6.94,4.12
2017,3,82,DEN,False,WR,WR,O,Louisiana Tech,22.0,,0,0,0,,Carlos Henderson,WR,Louisiana Tech,71.0,199.0,4.46,13.0,36.0,131.0,7.18,4.35
2017,3,83,NWE,False,DE,DL,D,Youngstown St.,23.0,2021.0,0,0,0,2.0,Derek Rivers,DE,Youngstown State,76.0,248.0,4.61,30.0,35.0,123.0,6.94,4.4
2017,3,84,TAM,False,WR,WR,O,Penn St.,21.0,2025.0,0,1,6,53.0,Chris Godwin,WR,Penn State,73.0,209.0,4.42,19.0,36.0,126.0,7.01,4.0
2017,3,85,NWE,False,T,OL,O,Troy,23.0,,0,0,0,,Antonio Garcia,OT,Troy,78.0,302.0,5.15,24.0,31.0,108.0,7.98,4.94
2017,3,86,KAN,False,RB,RB,O,Toledo,22.0,2025.0,0,1,3,33.0,Kareem Hunt,RB,Toledo,70.0,216.0,4.62,18.0,36.5,119.0,,
2017,3,87,NYG,False,QB,QB,O,California,22.0,2022.0,0,0,0,1.0,Davis Webb,QB,California,77.0,229.0,4.79,,33.0,118.0,6.92,4.21
2017,3,88,OAK,False,DT,DL,D,UCLA,22.0,2019.0,0,0,1,5.0,Eddie Vanderdoes,DT,UCLA,75.0,305.0,4.99,28.0,28.5,111.0,7.69,4.39
2017,3,89,HOU,False,RB,RB,O,Texas,21.0,2024.0,0,0,1,2.0,D'Onta Foreman,RB,Texas,72.0,233.0,,18.0,,,,
2017,3,90,SEA,False,DB,DB,D,Central Florida,22.0,2025.0,0,1,5,21.0,Shaquill Griffin,CB,Central Florida,72.0,194.0,4.38,17.0,38.5,132.0,6.87,4.14
2017,3,91,LAR,False,S,DB,D,Boston Col.,21.0,2024.0,0,0,5,19.0,John Johnson,S,Troy,73.0,205.0,4.61,14.0,37.0,119.0,6.72,4.18
2017,3,92,DAL,False,CB,DB,D,Michigan,22.0,2025.0,0,0,3,23.0,Jourdan Lewis,CB,Michigan,70.0,188.0,4.54,15.0,34.5,121.0,,
2017,3,93,GNB,False,DT,DL,D,Auburn,22.0,2024.0,0,0,1,4.0,Montravius Adams,DT,Auburn,76.0,304.0,4.87,22.0,29.0,108.0,7.62,4.89
2017,3,94,PIT,False,CB,DB,D,Tennessee,22.0,2024.0,0,0,3,16.0,Cameron Sutton,CB,Tennessee,71.0,188.0,4.52,11.0,34.0,120.0,6.81,
2017,3,95,SEA,False,S,DB,D,Michigan,21.0,2020.0,0,0,0,5.0,Delano Hill,S,Michigan,73.0,216.0,4.47,17.0,33.5,115.0,6.96,4.27
2017,3,96,DET,False,WR,WR,O,Northern Illinois,23.0,2022.0,0,1,4,23.0,Kenny Golladay,WR,Northern Illinois,76.0,218.0,4.5,18.0,35.5,120.0,7.0,4.15
2017,4,97,MIA,False,CB,DB,D,Clemson,23.0,2020.0,0,0,1,4.0,Cordrea Tankersley,CB,Clemson,73.0,199.0,4.4,13.0,29.5,121.0,7.0,4.32
2017,4,98,ARI,False,WR,WR,O,Grambling St.,22.0,2019.0,0,0,1,1.0,,,,,,,,,,,
2017,4,99,PHI,False,CB,DB,D,West Virginia,22.0,2025.0,0,0,3,6.0,Rasul Douglas,CB,West Virginia,74.0,209.0,4.59,16.0,33.5,120.0,6.97,4.26
2017,4,100,TEN,False,TE,TE,O,Florida International,22.0,2025.0,0,1,5,10.0,Jonnu Smith,TE,Florida International,75.0,248.0,4.62,22.0,38.0,127.0,,4.18
2017,4,101,DEN,False,CB,DB,D,Lamar,22.0,2018.0,0,0,0,1.0,,,,,,,,,,,
2017,4,102,SEA,False,DT,DL,D,North Carolina,22.0,2018.0,0,0,0,3.0,Nazair Jones,DT,North Carolina,77.0,304.0,5.11,,24.5,101.0,7.93,4.63
2017,4,103,NOR,False,OLB,LB,D,Florida Atlantic,22.0,2025.0,1,4,5,10.0,Trey Hendrickson,DE,Florida Atlantic,76.0,266.0,4.65,,33.5,122.0,7.03,4.2
2017,4,104,SFO,False,QB,QB,O,Iowa,23.0,2023.0,0,0,0,8.0,C.J. Beathard,QB,Iowa,74.0,219.0,,,31.0,113.0,,
2017,4,105,PIT,False,RB,RB,O,Pittsburgh,22.0,2025.0,0,2,6,17.0,James Conner,RB,Pittsburgh,73.0,233.0,4.65,20.0,29.0,113.0,,
2017,4,106,SEA,False,WR,WR,O,Michigan,23.0,2017.0,0,0,0,1.0,Amara Darboh,WR,Michigan,74.0,214.0,4.45,17.0,36.0,124.0,,
2017,4,107,TAM,False,ILB,LB,D,LSU,22.0,2017.0,0,0,0,5.0,Kendell Beckwith,ILB,LSU,74.0,243.0,,20.0,,,,
2017,4,108,GNB,False,LB,LB,D,Wisconsin,24.0,2021.0,0,0,1,1.0,Vince Biegel,OLB,Wisconsin,75.0,246.0,4.67,21.0,33.5,118.0,6.92,4.3
2017,4,109,MIN,False,DT,DL,D,Iowa,23.0,2023.0,0,0,1,12.0,Jaleel Johnson,DT,Iowa,75.0,316.0,5.38,19.0,28.0,100.0,7.64,4.62
2017,4,110,JAX,False,WR,WR,O,Oklahoma,23.0,2021.0,0,0,1,13.0,Dede Westbrook,WR,Oklahoma,72.0,178.0,,,,,,
2017,4,111,SEA,False,S,DB,D,Colorado,22.0,2021.0,0,0,2,8.0,Tedric Thompson,S,Colorado,72.0,204.0,4.6,17.0,32.5,117.0,7.11,4.36
2017,4,112,CHI,False,S,DB,D,Alabama,23.0,2024.0,1,2,7,45.0,Eddie Jackson,S,Alabama,72.0,201.0,,10.0,,,,
2017,4,113,LAC,False,S,DB,D,Miami (FL),23.0,2025.0,0,0,6,11.0,Rayshawn Jenkins,S,Miami (FL),73.0,214.0,4.51,19.0,37.0,128.0,,
2017,4,114,WAS,False,RB,RB,O,Oklahoma,21.0,2025.0,0,0,1,5.0,Samaje Perine,RB,Oklahoma,71.0,233.0,4.65,30.0,33.0,116.0,7.26,4.37
2017,4,115,ARI,False,G,OL,O,Pittsburgh,22.0,,0,0,0,,Dorian Johnson,OG,Pittsburgh,77.0,300.0,5.27,21.0,30.0,114.0,8.39,5.09
2017,4,116,CIN,False,OLB,LB,D,Auburn,22.0,2025.0,0,0,2,10.0,Carl Lawson,DE,Auburn,74.0,261.0,4.67,35.0,33.0,114.0,7.46,4.19
2017,4,117,LAR,False,WR,WR,O,Texas A&M,22.0,2025.0,0,0,3,9.0,Josh Reynolds,WR,Texas A&M,75.0,194.0,4.52,,37.0,124.0,6.83,4.13
2017,4,118,PHI,False,WR,WR,O,North Carolina,23.0,2025.0,0,0,2,3.0,Mack Hollins,WR,North Carolina,76.0,221.0,4.53,,,,,
2017,4,119,CHI,False,RB,RB,O,North Carolina A&T,22.0,2020.0,1,1,2,21.0,Tarik Cohen,RB,North Carolina A&T,66.0,179.0,4.42,11.0,31.5,118.0,,
2017,4,120,MIN,False,ILB,LB,D,Michigan,22.0,2019.0,0,0,1,15.0,Ben Gedeon,ILB,Michigan,74.0,244.0,4.75,27.0,34.5,119.0,6.98,4.13
2017,4,121,SFO,False,RB,RB,O,Utah,24.0,,0,0,0,,Joe Williams,RB,Utah,71.0,210.0,4.41,14.0,35.0,125.0,7.19,4.19
2017,4,122,BAL,False,G,OL,O,San Diego St.,23.0,,0,0,0,,Nico Siragusa,OG,San Diego State,76.0,319.0,5.35,28.0,32.0,110.0,7.71,4.56
2017,4,123,WAS,False,S,DB,D,Michigan St.,21.0,2019.0,0,0,1,10.0,Montae Nicholson,S,Michigan State,74.0,212.0,4.42,,35.0,125.0,,
2017,4,124,DET,False,LB,LB,D,Tennessee,22.0,2025.0,0,1,1,15.0,Jalen Reeves-Maybin,OLB,Tennessee,72.0,230.0,,,,,,
2017,4,125,LAR,False,OLB,LB,D,Eastern Washington,22.0,2025.0,0,0,6,19.0,,,,,,,,,,,
2017,4,126,CLE,False,CB,DB,D,Houston,21.0,,0,0,0,,Howard Wilson,CB,Houston,73.0,184.0,4.57,,33.5,119.0,6.68,3.94
2017,4,127,DET,False,TE,TE,O,Toledo,23.0,2018.0,0,0,0,1.0,Michael Roberts,TE,Toledo,76.0,270.0,4.86,,30.0,110.0,7.05,4.51
2017,4,128,CIN,False,WR,WR,O,Tennessee,21.0,2020.0,0,0,1,1.0,Josh Malone,WR,Tennessee,75.0,208.0,4.4,10.0,30.5,121.0,7.05,4.19
2017,5,129,OAK,False,T,OL,O,Florida,21.0,2025.0,0,0,0,3.0,David Sharpe,OT,Florida,78.0,343.0,5.44,19.0,20.5,97.0,7.87,4.78
2017,5,130,HOU,False,T,OL,O,Bucknell,22.0,2021.0,0,0,2,10.0,,,,,,,,,,,
2017,5,131,NWE,False,DE,DL,D,Arkansas,23.0,2025.0,0,0,3,38.0,Deatrich Wise Jr.,DE,Arkansas,77.0,274.0,4.92,22.0,33.0,124.0,,
2017,5,132,PHI,False,RB,RB,O,San Diego St.,22.0,,0,0,0,,Donnel Pumphrey,RB,San Diego State,68.0,176.0,4.48,5.0,33.5,117.0,,
2017,5,133,DAL,False,WR,WR,O,North Carolina,22.0,2019.0,0,0,0,1.0,Ryan Switzer,WR,North Carolina,68.0,181.0,4.51,11.0,32.0,116.0,6.77,4.0
2017,5,134,GNB,False,RB,RB,O,BYU,22.0,2024.0,0,0,3,19.0,Jamaal Williams,RB,BYU,72.0,212.0,4.59,,30.0,123.0,7.25,4.53
2017,5,135,PIT,False,QB,QB,O,Tennessee,22.0,2025.0,0,0,0,0.0,Joshua Dobbs,QB,Tennessee,75.0,216.0,4.64,,33.0,122.0,6.75,4.31
2017,5,136,ATL,False,G,OL,O,Oregon St.,22.0,2023.0,0,0,0,0.0,Sean Harlow,OG,Oregon State,76.0,303.0,5.15,26.0,30.5,105.0,8.16,4.81
2017,5,137,IND,False,T,OL,O,USC,23.0,2021.0,0,0,0,,Zach Banner,OG,USC,80.0,353.0,5.58,22.0,23.5,92.0,8.31,5.21
2017,5,138,CIN,False,DT,DL,D,Michigan,23.0,2020.0,0,0,0,3.0,Ryan Glasgow,DT,Michigan,75.0,302.0,5.13,20.0,27.5,105.0,7.55,4.5
2017,5,139,KAN,False,WR,WR,O,Michigan,23.0,2018.0,0,0,0,0.0,Jehu Chesson,WR,Michigan,75.0,204.0,4.47,10.0,35.5,132.0,6.7,4.09
2017,5,140,NYG,False,RB,RB,O,Clemson,22.0,2021.0,0,0,1,11.0,Wayne Gallman,RB,Clemson,72.0,215.0,4.6,21.0,29.5,120.0,7.17,4.28
2017,5,141,NYJ,False,WR,WR,O,California,22.0,2020.0,0,0,0,1.0,Chad Hansen,WR,California,74.0,202.0,4.53,11.0,35.0,119.0,6.74,4.13
2017,5,142,HOU,False,DT,DL,D,Clemson,23.0,2025.0,0,0,1,9.0,Carlos Watkins,DT,Clemson,75.0,309.0,,25.0,,,,
2017,5,143,IND,False,RB,RB,O,South Florida,21.0,2022.0,0,0,2,19.0,Marlon Mack,RB,South Florida,71.0,213.0,4.5,15.0,35.5,125.0,,
2017,5,144,IND,False,DT,DL,D,Albany State (GA),23.0,2025.0,0,0,6,42.0,,,,,,,,,,,
2017,5,145,DEN,False,TE,TE,O,Michigan,22.0,2020.0,0,0,0,1.0,Jake Butt,TE,Michigan,77.0,246.0,,,,,,
2017,5,146,SFO,False,TE,TE,O,Iowa,23.0,2025.0,2,7,7,60.0,George Kittle,TE,Iowa,76.0,247.0,4.52,18.0,35.0,132.0,,
2017,5,147,CHI,False,G,OL,O,Kutztown (PA),23.0,,0,0,0,,Jordan Morgan,OG,Kutztown Pennsylvania,75.0,309.0,5.36,21.0,27.0,102.0,8.13,4.73
2017,5,148,JAX,False,LB,LB,D,Ohio,23.0,2018.0,0,0,0,3.0,Blair Brown,ILB,Ohio,71.0,238.0,4.65,,37.0,124.0,6.92,4.18
2017,5,149,ATL,False,CB,DB,D,San Diego St.,24.0,2025.0,0,0,4,12.0,Damontae Kazee,CB,San Diego State,70.0,184.0,4.54,11.0,34.0,124.0,,
2017,5,150,NYJ,False,TE,TE,O,Clemson,22.0,2018.0,0,0,0,1.0,Jordan Leggett,TE,Clemson,77.0,258.0,,18.0,33.0,114.0,7.12,4.33
2017,5,151,LAC,False,S,DB,D,Iowa,22.0,2024.0,1,0,4,16.0,Desmond King,S,Iowa,70.0,201.0,,14.0,34.0,117.0,6.67,4.18
2017,5,152,CAR,False,CB,DB,D,Miami (FL),22.0,2021.0,0,0,0,2.0,Corn Elder,CB,Miami (FL),70.0,183.0,4.55,,,,,
2017,5,153,CIN,False,K,K,S,Memphis,22.0,2025.0,0,1,2,,Jake Elliott,K,Memphis,69.0,167.0,4.79,,,,,
2017,5,154,WAS,False,TE,TE,O,Arkansas,23.0,2021.0,0,0,2,2.0,Jeremy Sprinkle,TE,Arkansas,77.0,252.0,4.69,,29.0,116.0,,
2017,5,155,TEN,False,LB,LB,D,UCLA,22.0,2022.0,0,0,3,23.0,Jayon Brown,ILB,UCLA,72.0,231.0,4.7,17.0,31.5,120.0,,
2017,5,156,ATL,False,RB,RB,O,Wyoming,21.0,2021.0,0,0,0,8.0,Brian Hill,RB,Wyoming,73.0,219.0,4.54,15.0,34.0,125.0,7.03,4.32
2017,5,157,ARI,False,T,OL,O,Vanderbilt,23.0,2021.0,0,0,0,3.0,Will Holden,OT,Vanderbilt,79.0,311.0,5.47,23.0,28.0,111.0,7.71,4.72
2017,5,158,IND,False,CB,DB,D,Temple,23.0,2022.0,0,0,1,5.0,Nate Hairston,CB,Temple,72.0,196.0,4.52,14.0,35.5,118.0,,
2017,5,159,BAL,False,G,OL,O,Texas A&M,22.0,2025.0,0,0,3,2.0,Jermaine Eluemunor,OG,Texas A&M,76.0,332.0,5.22,34.0,,,,
2017,5,160,CLE,False,T,OL,O,Florida St.,21.0,2020.0,0,0,0,,Roderick Johnson,OT,Florida State,79.0,298.0,,,,,,
2017,6,161,IND,False,LB,LB,D,Northwestern,22.0,2025.0,0,0,5,22.0,Anthony Walker Jr.,ILB,Northwestern,73.0,238.0,4.65,23.0,30.5,116.0,7.23,4.34
2017,6,162,TAM,False,RB,RB,O,Boise St.,21.0,2025.0,0,0,0,,Jeremy McNichols,RB,Boise State,69.0,214.0,4.49,,35.5,121.0,6.93,4.28
2017,6,163,BUF,False,LB,LB,D,Boston Col.,23.0,2025.0,1,1,4,57.0,Matt Milano,OLB,Boston Col.,72.0,223.0,4.67,24.0,35.0,126.0,,
2017,6,164,MIA,False,G,OL,O,Utah,24.0,2018.0,0,0,0,0.0,Isaac Asiata,OG,Utah,75.0,323.0,5.34,35.0,25.5,102.0,7.83,4.93
2017,6,165,DET,False,CB,DB,D,San Diego,22.0,2025.0,1,1,0,13.0,,,,,,,,,,,
2017,6,166,PHI,False,WR,WR,O,West Virginia,23.0,2019.0,0,0,0,0.0,Shelton Gibson,WR,West Virginia,71.0,191.0,4.5,8.0,32.0,118.0,6.83,4.2
2017,6,167,NYG,False,DE,DL,D,Youngstown St.,22.0,2019.0,0,0,1,2.0,Avery Moss,DE,Youngstown State,75.0,264.0,4.79,14.0,32.5,114.0,7.25,4.43
2017,6,168,OAK,False,LB,LB,D,Wake Forest,21.0,2021.0,0,0,1,9.0,Marquel Lee,ILB,Wake Forest,75.0,240.0,,25.0,31.0,118.0,,
2017,6,169,HOU,False,S,DB,D,Oregon St.,24.0,2018.0,0,0,0,1.0,Treston DeCoud,CB,Oregon State,74.0,206.0,4.62,11.0,31.0,116.0,,
2017,6,170,MIN,False,WR,WR,O,South Florida,22.0,2021.0,0,0,0,,Rodney Adams,WR,South Florida,73.0,189.0,4.44,8.0,29.5,125.0,6.98,4.28
2017,6,171,BUF,False,QB,QB,O,Pittsburgh,23.0,2023.0,0,0,0,2.0,Nathan Peterman,QB,Pittsburgh,74.0,226.0,4.82,,31.0,110.0,7.14,4.31
2017,6,172,DEN,False,WR,WR,O,Georgia,22.0,2023.0,0,0,2,0.0,Isaiah McKenzie,WR,Georgia,67.0,173.0,4.42,11.0,36.0,123.0,6.64,4.15
2017,6,173,PIT,False,DB,DB,D,Utah,23.0,2021.0,0,0,0,1.0,Brian Allen,CB,Utah,75.0,215.0,4.48,15.0,34.5,117.0,6.64,4.34
2017,6,174,ATL,False,TE,TE,O,Drake,23.0,2025.0,0,0,0,0.0,Eric Saubert,TE,Drake,77.0,253.0,,22.0,33.0,121.0,,
2017,6,175,GNB,False,WR,WR,O,Purdue,22.0,,0,0,0,,,,,,,,,,,,
2017,6,176,CIN,False,C,OL,O,Utah,23.0,,0,0,0,,J.J. Dielman,OT,Utah,77.0,309.0,,27.0,,,,
2017,6,177,SFO,False,WR,WR,O,Louisiana Tech,23.0,2024.0,0,0,0,6.0,Trent Taylor,WR,Louisiana Tech,68.0,181.0,4.63,13.0,33.0,117.0,6.74,4.01
2017,6,178,MIA,False,DT,DL,D,LSU,22.0,2025.0,0,0,6,12.0,Davon Gaudchaux,DT,LSU,75.0,310.0,5.27,18.0,,,,
2017,6,179,ARI,False,RB,RB,O,North Carolina,23.0,2019.0,0,0,0,0.0,T.J. Logan,RB,North Carolina,69.0,196.0,4.37,17.0,33.5,121.0,,
2017,6,180,MIN,False,G,OL,O,Miami (FL),23.0,2021.0,0,0,0,3.0,Danny Isidora,OG,Miami (FL),75.0,306.0,5.03,26.0,29.0,94.0,8.13,4.9
2017,6,181,NYJ,False,DL,DL,D,West Georgia,25.0,2017.0,0,0,0,0.0,Dylan Donahue,OLB,West Georgia,75.0,248.0,4.75,26.0,29.5,116.0,7.02,4.46
2017,6,182,GNB,False,RB,RB,O,Texas-El Paso,22.0,2025.0,0,1,7,55.0,Aaron Jones,RB,Texas-El Paso,69.0,208.0,4.56,16.0,37.5,127.0,6.82,4.2
2017,6,183,KAN,False,LB,LB,D,Georgia Southern,23.0,2018.0,0,0,0,1.0,,,,,,,,,,,
2017,6,184,PHI,False,S,DB,D,Nebraska,22.0,2022.0,0,0,1,18.0,Nate Gerry,S,Nebraska,74.0,218.0,4.58,17.0,30.5,122.0,,
2017,6,185,CLE,False,DT,DL,D,Florida,23.0,2019.0,0,0,0,2.0,Caleb Brantley,DT,Florida,75.0,307.0,5.14,21.0,27.0,105.0,7.66,4.62
2017,6,186,BAL,False,DB,DB,D,Virginia Tech,22.0,2025.0,0,0,5,27.0,Chuck Clark,S,Virginia Tech,72.0,208.0,4.54,16.0,34.0,122.0,6.85,4.07
2017,6,187,SEA,False,S,DB,D,Cincinnati,24.0,2018.0,0,0,0,,Michael Tyson,S,Cincinnati,73.0,204.0,4.56,17.0,33.0,118.0,,
2017,6,188,NYJ,False,RB,RB,O,Louisiana,23.0,2018.0,0,0,0,6.0,Elijah McGuire,RB,Louisiana,70.0,214.0,4.53,15.0,36.0,120.0,7.26,4.56
2017,6,189,LAR,False,DT,DL,D,Tulane,22.0,2023.0,0,0,0,4.0,Tanzel Smart,DT,Tulane,73.0,296.0,5.24,22.0,27.0,105.0,7.53,4.57
2017,6,190,LAC,False,T,OL,O,Utah,22.0,2020.0,0,0,3,23.0,Sam Tevi,OT,Utah,77.0,311.0,5.27,15.0,26.0,107.0,7.84,4.6
2017,6,191,DAL,False,S,DB,D,Louisiana Tech,22.0,2025.0,0,0,7,16.0,Xavier Woods,S,Louisiana Tech,71.0,197.0,4.54,19.0,33.5,122.0,6.72,4.13
2017,6,192,CAR,False,FB,RB,O,West Georgia,23.0,2023.0,0,0,0,0.0,,,,,,,,,,,
2017,7,193,CIN,False,LB,LB,D,Oklahoma,22.0,2021.0,0,0,0,9.0,,,,,,,,,,,
2017,7,194,MIA,False,DT,DL,D,Oklahoma St.,23.0,2021.0,0,0,0,2.0,Vincent Taylor,DT,Oklahoma State,75.0,304.0,5.07,26.0,28.5,108.0,7.58,4.72
2017,7,195,BUF,False,LB,LB,D,Boise St.,22.0,2022.0,0,0,0,1.0,Tanner Vallejo,ILB,Boise State,73.0,228.0,4.67,,33.5,121.0,,4.39
2017,7,196,NOR,False,DE,DL,D,Miami (FL),22.0,2025.0,0,0,1,0.0,Al-Quadin Muhammad,DE,Miami (FL),75.0,253.0,4.88,22.0,30.5,117.0,7.25,4.47
2017,7,197,NYJ,False,CB,DB,D,Michigan,23.0,2018.0,0,0,0,0.0,Jeremy Clark,CB,Michigan,75.0,220.0,,20.0,,,,
2017,7,198,SFO,False,DT,DL,D,Mississippi,22.0,2025.0,0,0,6,20.0,D.J. Jones,DT,Akron,73.0,319.0,5.04,25.0,28.5,108.0,7.73,4.65
2017,7,199,WAS,False,C,OL,O,Wyoming,24.0,2022.0,0,0,4,24.0,Chase Roullier,C,Wyoming,76.0,312.0,5.54,19.0,26.5,97.0,7.6,4.47
2017,7,200,NYG,False,T,OL,O,Pittsburgh,23.0,2017.0,0,0,0,0.0,Adam Bisnowaty,OT,Pittsburgh,78.0,304.0,5.23,23.0,29.5,96.0,8.02,4.94
2017,7,201,MIN,False,TE,TE,O,Virginia Tech,22.0,,0,0,0,,Bucky Hodges,TE,Virginia Tech,78.0,257.0,4.57,18.0,39.0,134.0,,4.45
2017,7,202,SFO,False,OLB,LB,D,Utah,23.0,2021.0,0,0,0,0.0,Pita Taumoepenu,OLB,Utah,73.0,243.0,4.67,24.0,28.5,112.0,6.91,4.33
2017,7,203,DEN,False,RB,RB,O,Coastal Carolina,24.0,2018.0,0,0,0,0.0,,,,,,,,,,,
2017,7,204,NYJ,False,CB,DB,D,Mississippi,22.0,2018.0,0,0,0,0.0,,,,,,,,,,,
2017,7,205,DET,False,DE,DL,D,Arkansas,23.0,2024.0,0,0,0,1.0,Jeremiah Ledbetter,DT,Arkansas,75.0,280.0,4.84,29.0,32.5,113.0,7.55,4.56
2017,7,206,LAR,False,FB,RB,O,Virginia Tech,22.0,,0,0,0,,Sam Rogers,FB,Virginia Tech,70.0,231.0,4.93,19.0,32.0,114.0,7.27,4.34
2017,7,207,CIN,False,RB,RB,O,Houston,23.0,2021.0,0,0,0,6.0,,,,,,,,,,,
2017,7,208,ARI,False,S,DB,D,Auburn,22.0,2023.0,0,0,1,2.0,Johnathan Ford,S,Auburn,71.0,205.0,,20.0,,,,
2017,7,209,WAS,False,WR,WR,O,Georgia St.,22.0,2019.0,0,0,0,0.0,Robert Davis,WR,Georgia State,75.0,219.0,4.44,19.0,41.0,136.0,6.82,4.28
2017,7,210,SEA,False,T,OL,O,Mississippi St.,23.0,,0,0,0,,Justin Senior,OT,Mississippi State,77.0,331.0,5.55,,23.0,98.0,8.19,5.06
2017,7,211,NWE,False,T,OL,O,UCLA,24.0,2023.0,0,0,0,5.0,Conor McDermott,OT,UCLA,80.0,307.0,5.18,,28.5,105.0,7.52,4.58
2017,7,212,GNB,False,C,OL,O,South Florida,23.0,,0,0,0,,,,,,,,,,,,
2017,7,213,PIT,False,LS,LS,S,Louisville,23.0,2020.0,0,0,0,,Colin Holba,LS,Louisville,76.0,248.0,5.19,,28.0,115.0,,
2017,7,214,PHI,False,DT,DL,D,Washington,22.0,2017.0,0,0,0,1.0,Elijah Qualls,DT,Washington,73.0,313.0,5.13,33.0,31.5,105.0,7.65,4.66
2017,7,215,DET,False,QB,QB,O,Miami (FL),22.0,,0,0,0,,Brad Kaaya,QB,Miami (FL),76.0,214.0,,,,,,
2017,7,216,DAL,False,CB,DB,D,Florida St.,22.0,,0,0,0,,Marquez White,CB,Florida State,72.0,194.0,4.59,,36.0,123.0,,
2017,7,217,TEN,False,OL,OL,O,Chattanooga,23.0,2025.0,0,0,0,7.0,Corey Levin,OG,Tenn-Chattanooga,76.0,307.0,5.16,26.0,26.5,106.0,7.55,4.73
2017,7,218,KAN,False,S,DB,D,USC,22.0,2017.0,0,0,0,0.0,,,,,,,,,,,
2017,7,219,MIN,False,WR,WR,O,Miami (FL),23.0,2018.0,0,0,0,0.0,Stacy Coley,WR,Miami (FL),73.0,195.0,4.45,10.0,34.0,122.0,,
2017,7,220,MIN,False,DL,DL,D,Northwestern,23.0,2022.0,0,0,1,9.0,Ifeadi Odenigbo,DE,Northwestern,75.0,258.0,4.72,25.0,31.5,128.0,7.26,4.4
2017,7,221,OAK,False,S,DB,D,Washington St.,23.0,2019.0,0,0,0,1.0,Shalom Luani,S,Washington State,71.0,202.0,4.55,12.0,31.0,116.0,6.87,4.21
2017,7,222,JAX,False,CB,DB,D,Minnesota,22.0,2017.0,0,0,0,0.0,Jalen Myrick,CB,Minnesota,70.0,200.0,4.28,13.0,37.5,124.0,7.06,4.22
2017,7,223,TAM,False,NT,DL,D,USC,26.0,,0,0,0,,Stevie Tu'Ikolovatu,DT,USC,73.0,331.0,5.45,28.0,24.5,91.0,7.83,5.0
2017,7,224,CLE,False,K,K,S,Arizona St.,22.0,2025.0,0,0,0,1.0,Zane Gonzalez,K,Arizona State,72.0,202.0,,,,,,
2017,8,225,LAC,False,DT,DL,D,Notre Dame,22.0,2023.0,0,0,0,8.0,Isaac Rochell,DE,Notre Dame,76.0,280.0,4.89,25.0,31.5,114.0,,
2017,8,226,SEA,False,WR,WR,O,East Central (OK),22.0,2025.0,0,0,2,12.0,,,,,,,,,,,
2017,8,227,TEN,False,OLB,LB,D,TCU,23.0,2017.0,0,0,0,0.0,Josh Carraway,DE,TCU,75.0,242.0,4.74,25.0,29.5,120.0,7.2,4.44
2017,8,228,DAL,False,DT,DL,D,Florida,22.0,2019.0,0,0,0,,,,,,,,,,,,
2017,8,229,SFO,False,DB,DB,D,Miami (FL),23.0,2024.0,0,0,1,5.0,,,,,,,,,,,
2017,8,230,WAS,False,S,DB,D,Louisville,23.0,2019.0,0,0,0,4.0,Josh Harvey-Clemons,S,Louisville,76.0,217.0,,12.0,31.5,121.0,,
2017,8,231,OAK,False,T,OL,O,Alabama St.,23.0,2017.0,0,0,0,0.0,,,,,,,,,,,
2017,8,232,MIN,False,LB,LB,D,Kansas St.,21.0,2022.0,0,0,0,,,,,,,,,,,,
2017,8,233,CAR,False,K,K,S,Georgia Tech,22.0,2025.0,0,0,2,,Harrison Butker,K,Georgia Tech,76.0,199.0,,,,,,
2017,8,234,LAR,False,DE,DL,D,Pittsburgh,24.0,2017.0,0,0,0,0.0,Ejuan Price,OLB,Pittsburgh,71.0,241.0,4.84,20.0,31.5,117.0,,4.34
2017,8,235,WAS,False,DB,DB,D,Auburn,23.0,2018.0,0,0,0,1.0,,,,,,,,,,,
2017,8,236,TEN,False,T,OL,O,Villanova,23.0,,0,0,0,,,,,,,,,,,,
2017,8,237,MIA,False,WR,WR,O,Virginia Tech,21.0,2021.0,0,0,0,5.0,Isaiah Ford,WR,Virginia Tech,73.0,194.0,4.61,14.0,35.5,127.0,6.94,4.34
2017,8,238,GNB,False,RB,RB,O,Utah St.,23.0,2017.0,0,0,0,0.0,,,,,,,,,,,
2017,8,239,DAL,False,WR,WR,O,Ohio St.,21.0,2025.0,0,0,2,9.0,Noah Brown,WR,Ohio State,74.0,222.0,,19.0,,,7.07,4.33
2017,8,240,JAX,False,FB,RB,O,Miami (FL),23.0,2017.0,0,0,0,,,,,,,,,,,,
2017,8,241,TEN,False,RB,RB,O,California,22.0,,0,0,0,,,,,,,,,,,,
2017,8,242,OAK,False,RB,RB,O,North Carolina,21.0,2017.0,0,0,0,0.0,Elijah Hood,RB,North Carolina,72.0,232.0,,18.0,,,,
2017,8,243,HOU,False,C,OL,O,Baylor,23.0,2022.0,0,0,0,1.0,Kyle Fuller,C,Baylor,77.0,307.0,5.24,23.0,26.0,96.0,7.71,4.84
2017,8,244,OAK,False,DT,DL,D,Toledo,24.0,2019.0,0,0,0,1.0,Treyvon Hester,DT,Toledo,74.0,300.0,,,,,,
2017,8,245,MIN,False,CB,DB,D,North Carolina St.,21.0,,0,0,0,,Jack Tocho,CB,North Carolina State,72.0,202.0,4.54,21.0,35.0,125.0,,
2017,8,246,DAL,False,DT,DL,D,Colorado,23.0,,0,0,0,,,,,,,,,,,,
2017,8,247,GNB,False,WR,WR,O,LSU,21.0,2018.0,0,0,0,,Malachi Dupre,WR,LSU,74.0,196.0,4.52,11.0,39.5,135.0,7.19,4.26
2017,8,248,PIT,False,OLB,LB,D,Western Michigan,22.0,,0,0,0,,,,,,,,,,,,
2017,8,249,SEA,False,RB,RB,O,Oklahoma St.,22.0,2021.0,0,0,3,29.0,Chris Carson,RB,Oklahoma State,72.0,218.0,4.58,23.0,37.0,130.0,,
2017,8,250,DET,False,DE,DL,D,Eastern Michigan,23.0,2025.0,0,0,0,1.0,,,,,,,,,,,
2017,8,251,CIN,False,TE,TE,O,Buffalo,23.0,2022.0,0,0,0,0.0,,,,,,,,,,,
2017,8,252,CLE,False,RB,RB,O,North Carolina St.,23.0,2018.0,0,0,0,0.0,Matthew Dayes,RB,North Carolina State,69.0,205.0,4.47,18.0,28.0,109.0,,
2017,8,253,DEN,False,QB,QB,O,Mississippi,23.0,2018.0,0,0,0,0.0,,,,,,,,,,,
2018,1,1,CLE,False,QB,QB,O,Oklahoma,23.0,2025.0,0,2,6,35.0,Baker Mayfield,QB,Oklahoma,73.0,215.0,4.84,,29.0,111.0,7.0,4.28
2018,1,2,NYG,False,RB,RB,O,Penn St.,21.0,2025.0,1,3,6,40.0,Saquon Barkley,RB,Penn State,72.0,233.0,4.4,29.0,41.0,,,4.24
2018,1,3,NYJ,False,QB,QB,O,USC,21.0,2025.0,0,2,5,14.0,Sam Darnold,QB,USC,75.0,221.0,4.85,,26.5,105.0,6.96,4.4
2018,1,4,CLE,False,CB,DB,D,Ohio St.,21.0,2025.0,0,5,7,49.0,Denzel Ward,CB,Ohio State,70.0,183.0,4.32,16.0,39.0,136.0,,
2018,1,5,DEN,False,DE,DL,D,North Carolina St.,22.0,2025.0,0,2,3,25.0,Bradley Chubb,DE,North Carolina State,76.0,269.0,4.65,24.0,36.0,121.0,7.37,4.41
2018,1,6,IND,False,G,OL,O,Notre Dame,22.0,2025.0,3,8,7,79.0,Quenton Nelson,OG,Notre Dame,77.0,325.0,,35.0,26.5,105.0,7.65,4.62
2018,1,7,BUF,False,QB,QB,O,Wyoming,22.0,2025.0,0,4,7,111.0,Josh Allen,QB,Wyoming,77.0,237.0,4.75,,33.5,119.0,6.9,4.4
2018,1,8,CHI,False,ILB,LB,D,Georgia,21.0,2025.0,3,4,7,37.0,Roquan Smith,OLB,Georgia,73.0,236.0,4.51,,,,,
2018,1,9,SFO,False,T,OL,O,Notre Dame,24.0,2025.0,0,0,6,31.0,Mike McGlinchey,OT,Notre Dame,80.0,309.0,,24.0,28.5,105.0,,
2018,1,10,ARI,False,QB,QB,O,UCLA,21.0,2021.0,0,0,1,2.0,Josh Rosen,QB,UCLA,76.0,226.0,4.92,,31.0,111.0,7.09,4.28
2018,1,11,MIA,False,S,DB,D,Alabama,21.0,2025.0,3,5,6,7.0,Minkah Fitzpatrick,DB,Alabama,73.0,201.0,4.46,14.0,33.0,121.0,,
2018,1,12,TAM,False,DT,DL,D,Washington,23.0,2025.0,0,2,5,51.0,Vita Vea,DT,Washington,76.0,347.0,5.1,41.0,,,,
2018,1,13,WAS,False,DT,DL,D,Alabama,21.0,2025.0,0,1,7,53.0,Daron Payne,DT,Alabama,74.0,311.0,4.95,27.0,28.5,107.0,7.58,4.71
2018,1,14,NOR,False,DE,DL,D,Texas-San Antonio,22.0,2025.0,0,0,2,18.0,Marcus Davenport,DE,Texas-San Antonio,78.0,264.0,4.58,22.0,33.5,124.0,7.2,4.41
2018,1,15,OAK,False,T,OL,O,UCLA,23.0,2025.0,0,0,7,42.0,Kolton Miller,OT,UCLA,81.0,309.0,4.95,24.0,31.5,121.0,7.34,4.49
2018,1,16,BUF,False,ILB,LB,D,Virginia Tech,20.0,2025.0,0,2,7,44.0,Tremaine Edmunds,LB,Virginia Tech,77.0,253.0,4.54,19.0,,117.0,,
2018,1,17,LAC,False,S,DB,D,Florida St.,22.0,2025.0,1,5,5,46.0,Derwin James,S,Florida State,75.0,215.0,4.47,21.0,40.0,132.0,,
2018,1,18,GNB,False,CB,DB,D,Louisville,21.0,2025.0,0,2,5,34.0,Jaire Alexander,CB,Louisville,71.0,192.0,4.38,14.0,35.0,127.0,6.71,3.98
2018,1,19,DAL,False,OLB,LB,D,Boise St.,21.0,2023.0,0,1,5,35.0,Leighton Vander esch,ILB,Boise State,76.0,256.0,4.65,20.0,39.5,124.0,6.88,4.15
2018,1,20,DET,False,C,OL,O,Arkansas,22.0,2024.0,0,4,6,51.0,Frank Ragnow,C,Arkansas,77.0,312.0,,26.0,,,,
2018,1,21,CIN,False,C,OL,O,Ohio St.,23.0,2022.0,0,0,3,9.0,Billy Price,C,Ohio State,76.0,305.0,,,,,,
2018,1,22,TEN,False,ILB,LB,D,Alabama,22.0,2024.0,0,0,4,25.0,Rashaan Evans,LB,Alabama,75.0,232.0,,,30.0,116.0,6.95,4.36
2018,1,23,NWE,False,T,OL,O,Georgia,22.0,2024.0,0,0,3,19.0,Isaiah Wynn,OG,Georgia,75.0,313.0,,,,,,
2018,1,24,CAR,False,WR,WR,O,Maryland,21.0,2025.0,0,0,7,36.0,D.J. Moore,WR,Maryland,72.0,210.0,4.42,15.0,39.5,132.0,6.95,4.07
2018,1,25,BAL,False,TE,TE,O,South Carolina,25.0,2024.0,0,0,1,6.0,Hayden Hurst,TE,South Carolina,76.0,250.0,4.67,,31.5,120.0,7.19,4.37
2018,1,26,ATL,False,WR,WR,O,Alabama,23.0,2025.0,0,0,4,24.0,Calvin Ridley,WR,Alabama,72.0,189.0,4.43,15.0,31.0,110.0,6.88,4.41
2018,1,27,SEA,False,RB,RB,O,San Diego St.,22.0,2023.0,0,0,0,13.0,Rashaad Penny,RB,San Diego State,71.0,220.0,4.46,13.0,32.5,120.0,,
2018,1,28,PIT,False,S,DB,D,Virginia Tech,21.0,2025.0,0,0,5,25.0,Terrell Edmunds,S,Virginia Tech,74.0,220.0,4.47,,41.5,134.0,,
2018,1,29,JAX,False,DT,DL,D,Florida,22.0,2025.0,0,0,4,10.0,Taven Bryan,DT,Florida,76.0,291.0,4.98,30.0,35.0,119.0,7.12,4.48
2018,1,30,MIN,False,CB,DB,D,Central Florida,21.0,2025.0,0,0,1,4.0,Mike Hughes,CB,Central Florida,71.0,191.0,4.53,20.0,35.5,127.0,6.7,4.13
2018,1,31,NWE,False,RB,RB,O,Georgia,23.0,2022.0,0,0,2,15.0,Sony Michel,RB,Georgia,71.0,214.0,4.54,22.0,,,,4.21
2018,1,32,BAL,False,QB,QB,O,Louisville,21.0,2025.0,3,4,6,110.0,Lamar Jackson,QB,Louisville,74.0,216.0,,,,,,
2018,2,33,CLE,False,C,OL,O,Nevada,23.0,2025.0,0,0,4,1.0,Austin Corbett,OG,Nevada,76.0,306.0,5.15,19.0,28.0,106.0,7.87,4.5
2018,2,34,NYG,False,G,OL,O,Texas-El Paso,23.0,2025.0,0,0,5,22.0,Will Hernandez,OG,Texas-El Paso,74.0,327.0,5.15,37.0,24.0,104.0,7.59,4.7
2018,2,35,CLE,False,RB,RB,O,Georgia,22.0,2025.0,0,4,5,47.0,Nick Chubb,RB,Georgia,71.0,227.0,4.52,29.0,38.5,128.0,7.09,4.25
2018,2,36,IND,False,LB,LB,D,South Carolina St.,23.0,2023.0,3,3,5,59.0,Darius Leonard,OLB,South Carolina State,74.0,234.0,4.7,17.0,,,,
2018,2,37,IND,False,G,OL,O,Auburn,22.0,2025.0,0,0,7,45.0,Braden Smith,OG,Auburn,78.0,315.0,5.22,35.0,33.5,113.0,,4.77
2018,2,38,TAM,False,RB,RB,O,USC,21.0,2022.0,0,0,2,17.0,Ronald Jones,RB,USC,71.0,205.0,4.65,,36.5,,,
2018,2,39,CHI,False,C,OL,O,Iowa,20.0,2025.0,0,0,6,17.0,James Daniels,C,Iowa,75.0,306.0,,21.0,30.5,108.0,7.29,4.4
2018,2,40,DEN,False,WR,WR,O,SMU,22.0,2025.0,0,2,5,45.0,Courtland Sutton,WR,SMU,75.0,218.0,4.54,18.0,35.5,124.0,6.57,4.11
2018,2,41,TEN,False,OLB,LB,D,Boston Col.,22.0,2025.0,0,1,5,39.0,Harold Landry,EDGE,Boston Col.,75.0,252.0,4.64,24.0,36.0,119.0,6.88,4.19
2018,2,42,MIA,False,TE,TE,O,Penn St.,22.0,2025.0,0,0,2,19.0,Mike Gesicki,TE,Penn State,77.0,247.0,4.54,22.0,41.5,129.0,6.76,4.1
2018,2,43,DET,False,RB,RB,O,Auburn,21.0,2021.0,0,0,1,11.0,Kerryon Johnson,RB,Auburn,71.0,213.0,,11.0,40.0,126.0,7.07,4.29
2018,2,44,SFO,False,WR,WR,O,Washington,22.0,2025.0,0,0,0,5.0,Dante Pettis,WR,Washington,72.0,186.0,,,,,,
2018,2,45,GNB,False,CB,DB,D,Iowa,22.0,2022.0,0,0,0,7.0,Josh Jackson,CB,Iowa,73.0,192.0,4.56,18.0,38.0,123.0,6.86,4.03
2018,2,46,KAN,False,DE,DL,D,Mississippi,22.0,2018.0,0,0,0,3.0,Breeland Speaks,DT,Mississippi,75.0,283.0,4.87,,32.5,110.0,7.63,4.65
2018,2,47,ARI,False,WR,WR,O,Texas A&M,21.0,2025.0,0,0,7,23.0,Christian Kirk,WR,Texas A&M,70.0,201.0,4.47,20.0,35.5,115.0,7.09,4.45
2018,2,48,LAC,False,OLB,LB,D,USC,21.0,2025.0,0,0,2,13.0,Uchenna Nwosu,EDGE,USC,75.0,251.0,4.65,20.0,32.0,119.0,,
2018,2,49,PHI,False,TE,TE,O,South Dakota St.,23.0,2025.0,0,0,7,38.0,Dallas Goedert,TE,South Dakota State,77.0,256.0,,23.0,,,,
2018,2,50,DAL,False,T,OL,O,Texas,21.0,2024.0,0,0,6,20.0,Connor Williams,OT,Texas,77.0,296.0,5.05,26.0,34.0,112.0,7.83,4.63
2018,2,51,CHI,False,WR,WR,O,Memphis,23.0,2024.0,0,0,2,12.0,Anthony Miller,WR,Memphis,71.0,201.0,,22.0,,,,
2018,2,52,IND,False,OLB,LB,D,Rutgers,23.0,2022.0,0,0,0,5.0,Kemoko Turay,EDGE,Rutgers,77.0,253.0,4.65,,,,,
2018,2,53,TAM,False,CB,DB,D,North Carolina,22.0,2025.0,0,0,0,3.0,M.J. Stewart,CB,North Carolina,71.0,200.0,4.54,18.0,35.0,118.0,6.9,4.28
2018,2,54,CIN,False,S,DB,D,Wake Forest,21.0,2025.0,0,1,7,28.0,Jessie Bates,S,Wake Forest,74.0,195.0,4.5,,35.5,117.0,6.78,4.26
2018,2,55,CAR,False,CB,DB,D,LSU,22.0,2025.0,0,0,7,23.0,Donte Jackson,CB,LSU,71.0,175.0,4.32,7.0,,124.0,,
2018,2,56,NWE,False,CB,DB,D,Florida,21.0,2020.0,0,0,0,,Duke Dawson,CB,Florida,70.0,208.0,4.46,15.0,,,,
2018,2,57,OAK,False,DT,DL,D,Sam Houston St.,23.0,2020.0,0,0,2,8.0,,,,,,,,,,,
2018,2,58,ATL,False,CB,DB,D,Colorado,21.0,2025.0,0,0,2,12.0,Isaiah Oliver,CB,Colorado,73.0,190.0,4.5,,,,,
2018,2,59,WAS,False,RB,RB,O,LSU,21.0,2019.0,0,0,0,2.0,Derrius Guice,RB,LSU,70.0,224.0,4.49,15.0,31.5,,,
2018,2,60,PIT,False,WR,WR,O,Oklahoma St.,22.0,2022.0,0,0,2,11.0,James Washington,WR,Oklahoma State,71.0,213.0,4.54,14.0,34.5,120.0,7.11,4.32
2018,2,61,JAX,False,WR,WR,O,LSU,21.0,2024.0,0,1,4,13.0,D.J. Chark,WR,LSU,75.0,199.0,4.34,16.0,40.0,129.0,,
2018,2,62,MIN,False,T,OL,O,Pittsburgh,22.0,2025.0,0,2,7,56.0,Brian O'neill,OT,Pittsburgh,79.0,297.0,4.82,22.0,29.5,107.0,7.14,4.5
2018,2,63,TAM,False,CB,DB,D,Auburn,21.0,2025.0,0,0,6,24.0,Carlton Davis,CB,Auburn,73.0,203.0,4.53,16.0,34.0,124.0,,
2018,2,64,IND,False,DE,DL,D,Ohio St.,23.0,2025.0,0,0,0,13.0,Tyquan Lewis,EDGE,Ohio State,75.0,265.0,,,35.5,122.0,,
2018,3,65,OAK,False,T,OL,O,North Carolina A&T,22.0,2023.0,0,0,2,15.0,Brandon Parker,OT,North Carolina A&T,80.0,305.0,5.4,,28.5,113.0,7.82,4.68
2018,3,66,NYG,False,DE,DL,D,Georgia,22.0,2024.0,0,0,4,16.0,Lorenzo Carter,EDGE,Georgia,78.0,250.0,4.5,,36.0,130.0,,
2018,3,67,CLE,False,DE,DL,D,Miami (FL),22.0,2019.0,0,0,0,5.0,Chad Thomas,DE,Miami (FL),78.0,281.0,4.92,,29.0,116.0,,
2018,3,68,HOU,False,S,DB,D,Stanford,21.0,2025.0,0,0,7,14.0,Justin Reid,S,Stanford,73.0,204.0,4.4,16.0,36.5,128.0,6.65,4.15
2018,3,69,NYG,False,DT,DL,D,North Carolina St.,23.0,2025.0,0,0,5,7.0,B.J. Hill,DT,North Carolina State,76.0,311.0,4.99,35.0,26.5,101.0,7.28,4.53
2018,3,70,SFO,False,OLB,LB,D,BYU,21.0,2025.0,4,4,7,82.0,Fred Warner,OLB,BYU,75.0,236.0,4.64,21.0,38.5,119.0,6.9,4.28
2018,3,71,DEN,False,RB,RB,O,Oregon,22.0,2023.0,0,0,0,9.0,Royce Freeman,RB,Oregon,71.0,229.0,4.54,17.0,34.0,118.0,6.9,4.16
2018,3,72,NYJ,False,DT,DL,D,Fort Hays St.,24.0,2025.0,0,0,2,7.0,Nathan Shepherd,DT,Fort Hays State,77.0,315.0,5.09,,31.0,112.0,7.5,4.53
2018,3,73,MIA,False,OLB,LB,D,Ohio St.,21.0,2025.0,0,0,6,33.0,Jerome Baker,OLB,Ohio State,73.0,229.0,4.53,22.0,36.5,126.0,,
2018,3,74,WAS,False,T,OL,O,Louisville,21.0,2024.0,0,0,1,5.0,Geron Christian,OT,Louisville,77.0,298.0,5.33,19.0,,,,
2018,3,75,KAN,False,DT,DL,D,Florida St.,22.0,2025.0,0,0,5,38.0,Derrick Nnadi,DT,Florida State,73.0,317.0,5.38,25.0,27.0,96.0,8.15,5.02
2018,3,76,PIT,False,QB,QB,O,Oklahoma St.,23.0,2025.0,0,0,1,7.0,Mason Rudolph,QB,Oklahoma State,77.0,235.0,4.9,,26.0,,,
2018,3,77,CIN,False,DE,DL,D,Ohio St.,23.0,2024.0,0,0,6,40.0,Sam Hubbard,DE,Ohio State,77.0,270.0,,,35.0,116.0,6.84,4.32
2018,3,78,CIN,False,OLB,LB,D,Texas,21.0,2023.0,0,0,0,1.0,Malik Jefferson,OLB,Texas,75.0,236.0,4.52,27.0,36.0,125.0,,
2018,3,79,SEA,False,DT,DL,D,USC,21.0,2023.0,0,0,2,13.0,Rasheem Green,DE,USC,77.0,275.0,4.73,,32.5,118.0,7.24,4.39
2018,3,80,HOU,False,T,OL,O,Mississippi St.,23.0,2020.0,0,0,0,3.0,Martinas Rankin,OL,Mississippi State,76.0,308.0,,24.0,,,,
2018,3,81,DAL,False,WR,WR,O,Colorado St.,22.0,2023.0,0,0,5,30.0,Michael Gallup,WR,Colorado State,73.0,205.0,4.51,10.0,36.0,122.0,6.95,4.37
2018,3,82,DET,False,S,DB,D,Louisiana,23.0,2023.0,0,0,2,13.0,,,,,,,,,,,
2018,3,83,BAL,False,T,OL,O,Oklahoma,22.0,2025.0,0,4,7,27.0,Orlando Brown,OT,Oklahoma,80.0,345.0,5.85,14.0,19.5,82.0,7.87,5.38
2018,3,84,LAC,False,DT,DL,D,North Carolina St.,22.0,2024.0,0,0,5,14.0,Justin Jones,DT,North Carolina State,74.0,309.0,5.09,24.0,29.0,104.0,7.82,4.74
2018,3,85,CAR,False,CB,DB,D,Tennessee,23.0,2020.0,0,0,0,1.0,Rashaan Gaulden,CB,Tennessee,73.0,193.0,4.61,8.0,30.0,119.0,7.16,4.33
2018,3,86,BAL,False,TE,TE,O,Oklahoma,23.0,2025.0,1,3,3,51.0,Mark Andrews,TE,Oklahoma,77.0,256.0,4.67,17.0,31.0,113.0,7.34,4.38
2018,3,87,OAK,False,DE,DL,D,LSU,22.0,2025.0,0,0,3,5.0,Arden Key,EDGE,LSU,78.0,238.0,,,31.0,117.0,7.16,4.25
2018,3,88,GNB,False,ILB,LB,D,Vanderbilt,23.0,2025.0,0,0,0,6.0,Oren Burks,OLB,Vanderbilt,75.0,233.0,4.59,18.0,39.5,131.0,6.82,4.15
2018,3,89,LAR,False,T,OL,O,TCU,23.0,2025.0,0,0,0,18.0,Joseph Noteboom,OT,TCU,77.0,309.0,4.96,27.0,24.0,102.0,7.65,4.44
2018,3,90,ATL,False,DT,DL,D,South Florida,24.0,2023.0,0,0,0,3.0,Deadrin Senat,DT,South Florida,72.0,314.0,5.16,35.0,26.0,100.0,7.77,4.79
2018,3,91,NOR,False,WR,WR,O,Central Florida,22.0,2023.0,0,0,3,15.0,,,,,,,,,,,
2018,3,92,PIT,False,T,OL,O,Western Michigan,21.0,2025.0,0,0,3,25.0,Chukwuma Okorafor,OT,West. Michigan,78.0,320.0,5.31,19.0,23.5,102.0,7.87,4.8
2018,3,93,JAX,False,S,DB,D,Alabama,21.0,2025.0,0,0,3,10.0,Ronnie Harrison,S,Alabama,75.0,214.0,,,34.0,120.0,,
2018,3,94,TAM,False,T,OL,O,Humboldt St.,23.0,2025.0,0,0,6,21.0,Alex Cappa,OT,Humboldt State,78.0,305.0,5.39,24.0,26.5,97.0,8.04,4.84
2018,3,95,SFO,False,S,DB,D,Southern Miss,22.0,2024.0,0,0,1,8.0,,,,,,,,,,,
2018,3,96,BUF,False,DT,DL,D,Stanford,22.0,2025.0,0,0,3,8.0,Harrison Phillips,DT,Stanford,76.0,307.0,5.21,42.0,32.0,103.0,7.28,4.5
2018,4,97,ARI,False,C,OL,O,Michigan,22.0,2023.0,0,0,4,11.0,Mason Cole,C,Michigan,76.0,307.0,5.23,23.0,23.5,104.0,7.77,4.78
2018,4,98,HOU,False,TE,TE,O,Central Florida,26.0,2024.0,0,0,1,14.0,Jordan Akins,TE,Central Florida,75.0,249.0,,,,,,
2018,4,99,DEN,False,CB,DB,D,Boston Col.,22.0,2025.0,0,0,2,5.0,Isaac Yiadom,CB,Boston Col.,73.0,190.0,4.52,8.0,,120.0,,4.18
2018,4,100,KAN,False,OLB,LB,D,Clemson,24.0,2021.0,0,0,0,5.0,Dorian O'daniel,OLB,Clemson,73.0,223.0,4.61,21.0,32.0,119.0,6.64,4.07
2018,4,101,CAR,False,TE,TE,O,Indiana,22.0,2025.0,0,0,2,7.0,Ian Thomas,TE,Indiana,76.0,259.0,4.74,,36.0,123.0,7.15,4.2
2018,4,102,MIN,False,DE,DL,D,Ohio St.,22.0,2025.0,0,0,0,5.0,Jalyn Holmes,DE,Ohio State,77.0,283.0,4.82,25.0,32.0,,,
2018,4,103,HOU,False,WR,WR,O,Texas Tech,21.0,2022.0,0,0,0,7.0,Keke Coutee,WR,Texas Tech,70.0,181.0,4.43,14.0,34.5,113.0,6.93,4.15
2018,4,104,IND,False,RB,RB,O,North Carolina St.,21.0,2025.0,0,0,0,22.0,Nyheim Hines,RB,North Carolina State,68.0,198.0,4.38,,35.5,119.0,7.18,4.35
2018,4,105,CLE,False,WR,WR,O,Florida,21.0,2020.0,0,0,1,5.0,Antonio Callaway,WR,Florida,71.0,200.0,4.41,,34.0,121.0,,
2018,4,106,DEN,False,ILB,LB,D,Iowa,23.0,2024.0,0,0,5,28.0,Josey Jewell,ILB,Iowa,73.0,234.0,4.82,18.0,33.0,117.0,6.8,4.27
2018,4,107,NYJ,False,TE,TE,O,Miami (FL),22.0,2021.0,0,0,2,6.0,Chris Herndon,TE,Miami (FL),76.0,253.0,,21.0,,,,
2018,4,108,NYG,False,QB,QB,O,Richmond,23.0,2018.0,0,0,0,0.0,Kyle Lauletta,QB,Richmond,75.0,222.0,4.81,,31.0,113.0,6.95,4.07
2018,4,109,WAS,False,S,DB,D,Penn St.,23.0,2022.0,0,0,1,6.0,Troy Apke,S,Penn State,74.0,198.0,4.34,16.0,41.0,131.0,6.56,4.03
2018,4,110,OAK,False,CB,DB,D,Wisconsin,21.0,2019.0,0,0,0,1.0,Nick Nelson,CB,Wisconsin,71.0,208.0,4.52,17.0,,123.0,,
2018,4,111,LAR,False,C,OL,O,Michigan St.,22.0,2023.0,0,0,2,16.0,Brian Allen,C,Michigan State,73.0,298.0,5.34,27.0,26.5,99.0,7.81,4.71
2018,4,112,CIN,False,RB,RB,O,Miami (FL),21.0,2019.0,0,0,0,1.0,Mark Walton,RB,Miami (FL),70.0,202.0,4.6,18.0,31.5,118.0,,
2018,4,113,DEN,False,WR,WR,O,Penn St.,23.0,2020.0,0,0,0,6.0,Daesean Hamilton,WR,Penn State,73.0,203.0,,,34.5,118.0,6.84,4.15
2018,4,114,DET,False,DE,DL,D,Alabama,22.0,2025.0,0,0,1,6.0,,,,,,,,,,,
2018,4,115,CHI,False,LB,LB,D,Western Kentucky,22.0,2022.0,0,0,0,4.0,Joel Iyiegbuniwe,LB,Western Kentucky,73.0,229.0,4.6,19.0,35.0,117.0,7.06,4.28
2018,4,116,DAL,False,DE,DL,D,Kansas,21.0,2025.0,0,0,1,15.0,Dorance Armstrong,EDGE,Kansas,76.0,257.0,4.87,20.0,30.0,118.0,7.12,4.23
2018,4,117,TAM,False,S,DB,D,Pittsburgh,21.0,2024.0,0,0,7,21.0,Jordan Whitehead,S,Pittsburgh,71.0,195.0,,21.0,,,,
2018,4,118,BAL,False,CB,DB,D,Alabama,23.0,2022.0,0,0,1,10.0,Anthony Averett,CB,Alabama,72.0,185.0,4.36,13.0,31.5,119.0,6.93,4.4
2018,4,119,LAC,False,S,DB,D,West Virginia,22.0,2025.0,0,0,4,17.0,Kyzir White,S,West Virginia,74.0,216.0,,21.0,35.5,113.0,,
2018,4,120,SEA,False,TE,TE,O,Washington,22.0,2025.0,0,0,5,10.0,Will Dissly,TE,Washington,76.0,262.0,4.87,15.0,28.0,111.0,7.07,4.4
2018,4,121,BUF,False,CB,DB,D,Weber St.,22.0,2025.0,0,0,6,36.0,Taron Johnson,CB,Weber State,72.0,180.0,4.5,17.0,33.0,118.0,7.03,4.28
2018,4,122,BAL,False,LB,LB,D,UCLA,23.0,2022.0,0,0,1,5.0,Kenny Young,ILB,UCLA,73.0,236.0,4.6,23.0,36.0,117.0,7.38,4.48
2018,4,123,MIA,False,TE,TE,O,Notre Dame,23.0,2025.0,0,0,5,10.0,Durham Smythe,TE,Notre Dame,77.0,253.0,4.81,18.0,31.0,110.0,7.17,4.23
2018,4,124,KAN,False,S,DB,D,Texas A&M,22.0,2021.0,0,0,0,3.0,Armani Watts,S,Texas A&M,71.0,205.0,,13.0,35.0,120.0,7.25,4.37
2018,4,125,PHI,False,CB,DB,D,Pittsburgh,22.0,2025.0,0,0,1,16.0,Avonte Maddox,CB,Pittsburgh,69.0,180.0,4.39,13.0,37.0,125.0,6.51,4.0
2018,4,126,ATL,False,RB,RB,O,Southern Miss,22.0,2021.0,0,0,0,6.0,,,,,,,,,,,
2018,4,127,NOR,False,T,OL,O,Florida St.,21.0,2021.0,0,0,0,,Rick Leonard,OT,Florida State,79.0,311.0,,19.0,,,,
2018,4,128,SFO,False,DT,DL,D,North Carolina St.,22.0,2025.0,0,0,0,4.0,Kentavius Street,DE,North Carolina State,74.0,280.0,4.87,28.0,,,,
2018,5,129,JAX,False,T,OL,O,North Carolina St.,22.0,2021.0,0,0,0,4.0,Will Richardson,OT,North Carolina State,78.0,306.0,5.26,,31.5,108.0,7.8,4.83
2018,5,130,PHI,False,DE,DL,D,Florida St.,21.0,2025.0,0,1,4,32.0,Josh Sweat,EDGE,Florida State,76.0,251.0,4.53,,39.5,124.0,,4.28
2018,5,131,MIA,False,RB,RB,O,Arizona St.,22.0,2021.0,0,0,1,3.0,Kalen Ballage,RB,Arizona State,73.0,228.0,4.46,15.0,33.5,122.0,6.91,4.35
2018,5,132,BAL,False,WR,WR,O,New Mexico St.,23.0,2020.0,0,0,0,0.0,Jaleel Scott,WR,New Mexico State,77.0,218.0,4.56,16.0,34.5,124.0,7.2,4.4
2018,5,133,GNB,False,WR,WR,O,Missouri,23.0,2018.0,0,0,0,0.0,,,,,,,,,,,
2018,5,134,ARI,False,RB,RB,O,Fordham,22.0,2025.0,0,0,1,17.0,Chase Edmonds,RB,Fordham,69.0,205.0,4.55,19.0,34.0,122.0,6.79,4.07
2018,5,135,LAR,False,DE,DL,D,S.F. Austin,21.0,2025.0,0,0,4,1.0,John Franklin-Myers,DE,Stephen F. Austin,76.0,283.0,4.75,26.0,33.0,113.0,7.36,4.48
2018,5,136,CAR,False,OLB,LB,D,Mississippi,24.0,2024.0,0,0,0,7.0,Marquis Haynes,EDGE,Mississippi,75.0,235.0,4.67,23.0,32.0,123.0,7.14,4.45
2018,5,137,DAL,False,TE,TE,O,Stanford,22.0,2025.0,0,0,4,18.0,Dalton Schultz,TE,Stanford,77.0,244.0,4.75,15.0,32.0,120.0,7.0,4.4
2018,5,138,GNB,False,G,OL,O,Washington St.,23.0,,0,0,0,,Cole Madison,OL,Washington State,77.0,308.0,5.33,26.0,28.5,97.0,7.86,4.88
2018,5,139,NYG,False,DT,DL,D,Miami (FL),22.0,2019.0,0,0,0,1.0,R.J. McIntosh,DT,Miami (FL),76.0,286.0,,,,,,
2018,5,140,OAK,False,DT,DL,D,Michigan,23.0,2025.0,0,0,1,9.0,Maurice Hurst,DT,Michigan,74.0,292.0,,,,,,
2018,5,141,SEA,False,OLB,LB,D,Central Florida,23.0,2020.0,0,0,0,4.0,Shaquem Griffin,OLB,Central Florida,73.0,227.0,4.38,20.0,,117.0,,
2018,5,142,SFO,False,CB,DB,D,Kansas St.,21.0,2025.0,0,0,5,1.0,D.J. Reed,CB,Kansas State,69.0,188.0,4.51,11.0,36.5,,,
2018,5,143,NWE,False,ILB,LB,D,Purdue,22.0,2024.0,0,0,4,36.0,,,,,,,,,,,
2018,5,144,TAM,False,WR,WR,O,Pennsylvania,22.0,2025.0,0,0,0,2.0,,,,,,,,,,,
2018,5,145,CHI,False,DT,DL,D,Delaware,21.0,2025.0,0,0,5,22.0,Bilal Nichols,DT,Delaware,76.0,306.0,4.95,29.0,,,,
2018,5,146,SEA,False,S,DB,D,Oklahoma St.,23.0,2025.0,0,0,2,15.0,Tre Flowers,S,Oklahoma State,75.0,200.0,4.45,18.0,34.5,122.0,,
2018,5,147,LAR,False,ILB,LB,D,Virginia,23.0,2021.0,0,0,0,6.0,Micah Kiser,ILB,Virginia,74.0,238.0,4.66,,35.5,121.0,7.05,4.24
2018,5,148,PIT,False,S,DB,D,Penn St.,22.0,2022.0,0,0,0,6.0,Marcus Allen,S,Penn State,74.0,202.0,,15.0,37.0,127.0,,4.32
2018,5,149,SEA,False,P,P,S,Texas,22.0,2025.0,1,1,2,20.0,Michael Dickson,P,Texas,74.0,208.0,,,,,,
2018,5,150,CLE,False,LB,LB,D,Memphis,23.0,2024.0,0,0,2,4.0,Genard Avery,ILB,Memphis,73.0,248.0,4.59,26.0,36.0,124.0,6.9,4.36
2018,5,151,CIN,False,CB,DB,D,Illinois St.,23.0,2022.0,0,0,0,0.0,Davontae Harris,CB,Illinois State,72.0,200.0,4.43,22.0,32.5,123.0,6.96,4.4
2018,5,152,TEN,False,CB,DB,D,Arizona,23.0,2024.0,0,0,0,4.0,Dane Cruikshank,S,Arizona,73.0,206.0,4.41,25.0,38.5,121.0,6.89,4.24
2018,5,153,DET,False,T,OL,O,Oregon,23.0,2020.0,0,0,1,11.0,Tyrell Crosby,OT,Oregon,77.0,309.0,5.23,17.0,30.0,105.0,7.89,4.77
2018,5,154,BUF,False,CB,DB,D,Jacksonville St.,24.0,2025.0,0,0,0,5.0,Siran Neal,S,Jacksonville State,72.0,199.0,4.56,17.0,40.5,122.0,7.0,4.28
2018,5,155,LAC,False,C,OL,O,UCLA,23.0,2022.0,0,0,2,8.0,Scott Quessenberry,C,UCLA,76.0,310.0,5.09,25.0,33.5,111.0,7.5,4.69
2018,5,156,DEN,False,TE,TE,O,Wisconsin,23.0,2020.0,0,0,0,1.0,Troy Fumagalli,TE,Wisconsin,77.0,247.0,,14.0,,,,
2018,5,157,MIN,False,TE,TE,O,Central Michigan,23.0,2025.0,0,0,4,8.0,Tyler Conklin,TE,Central Michigan,75.0,254.0,4.8,18.0,38.0,120.0,7.13,4.23
2018,5,158,CIN,False,DE,DL,D,Virginia,22.0,2022.0,0,0,0,2.0,Andrew Brown,DE,Virginia,76.0,296.0,5.03,31.0,28.0,101.0,7.51,4.48
2018,5,159,IND,False,WR,WR,O,Northern Iowa,22.0,2021.0,0,0,0,0.0,,,,,,,,,,,
2018,5,160,LAR,False,DE,DL,D,Oklahoma,23.0,2025.0,0,0,0,2.0,Ogbonnia Okoronkwo,EDGE,Oklahoma,73.0,253.0,4.77,27.0,38.0,121.0,,
2018,6,161,CAR,False,LB,LB,D,Maryland,23.0,2022.0,0,0,2,14.0,,,,,,,,,,,
2018,6,162,BAL,False,WR,WR,O,UCLA,21.0,,0,0,0,,Jordan Lasley,WR,UCLA,73.0,203.0,4.5,8.0,34.5,112.0,,4.19
2018,6,163,WAS,False,DT,DL,D,Virginia Tech,21.0,2025.0,0,0,0,4.0,Tim Settle,DT,Virginia Tech,75.0,329.0,5.37,,23.5,96.0,7.95,4.83
2018,6,164,NOR,False,S,DB,D,Wisconsin,22.0,2020.0,0,0,0,,Natrell Jamerson,S,Wisconsin,72.0,198.0,4.4,25.0,35.5,120.0,,
2018,6,165,PIT,False,TE,TE,O,North Carolina St.,22.0,2021.0,0,0,0,7.0,Jaylen Samuels,TE,North Carolina State,71.0,225.0,4.54,18.0,34.5,121.0,6.93,4.28
2018,6,166,BUF,False,G,OL,O,Virginia Tech,23.0,2025.0,0,3,6,1.0,Wyatt Teller,OG,Virginia Tech,76.0,314.0,5.24,30.0,29.0,114.0,7.45,4.84
2018,6,167,MIN,False,K,K,S,Auburn,23.0,2025.0,1,0,2,-1.0,Daniel Carlson,K,Auburn,77.0,213.0,,,,,,
2018,6,168,SEA,False,T,OL,O,Ohio St.,22.0,2024.0,0,0,0,7.0,Jamarco Jones,OT,Ohio State,76.0,299.0,5.5,,24.0,102.0,8.32,4.99
2018,6,169,IND,False,RB,RB,O,Mississippi,24.0,2022.0,0,0,0,8.0,Jordan Wilkins,RB,Mississippi,73.0,216.0,,16.0,36.0,117.0,,4.27
2018,6,170,CIN,False,CB,DB,D,Western Michigan,23.0,2022.0,0,0,1,7.0,Darius Phillips,CB,West. Michigan,70.0,190.0,4.54,,,,,
2018,6,171,DAL,False,QB,QB,O,Western Kentucky,23.0,2024.0,0,0,0,,Mike White,QB,Western Kentucky,77.0,224.0,5.09,,27.0,96.0,7.4,4.4
2018,6,172,GNB,False,P,P,S,Alabama,22.0,2025.0,0,0,2,5.0,Jk Scott,P,Alabama,78.0,208.0,4.83,,30.5,114.0,7.28,4.41
2018,6,173,OAK,False,P,P,S,Florida,23.0,2021.0,0,0,0,2.0,Johnny Townsend,P,Florida,73.0,210.0,,,,,,
2018,6,174,GNB,False,WR,WR,O,South Florida,23.0,2025.0,0,0,5,18.0,Marquez Valdes-Scantling,WR,South Florida,76.0,206.0,4.37,15.0,30.5,124.0,,
2018,6,175,CLE,False,WR,WR,O,Texas A&M,23.0,2020.0,0,0,0,3.0,,,,,,,,,,,
2018,6,176,LAR,False,RB,RB,O,Tennessee,21.0,2024.0,0,0,0,1.0,John Kelly,RB,Tennessee,70.0,216.0,,15.0,35.0,120.0,7.13,4.51
2018,6,177,HOU,False,DE,DL,D,Wake Forest,23.0,2018.0,0,0,0,1.0,Duke Ejiofor,DE,Wake Forest,76.0,264.0,,,,,,
2018,6,178,NWE,False,ILB,LB,D,Arizona St.,22.0,,0,0,0,,Christian Sam,ILB,Arizona State,74.0,244.0,4.75,28.0,32.0,114.0,7.03,4.25
2018,6,179,NYJ,False,CB,DB,D,Tulane,23.0,2025.0,0,0,0,1.0,Parry Nickerson,CB,Tulane,72.0,180.0,4.32,15.0,,,,
2018,6,180,NYJ,False,DT,DL,D,Connecticut,23.0,2025.0,0,0,4,11.0,,,,,,,,,,,
2018,6,181,CHI,False,DE,DL,D,Utah,23.0,2021.0,0,0,0,0.0,Kylie Fitts,EDGE,Utah,76.0,263.0,4.69,31.0,32.5,117.0,6.88,4.19
2018,6,182,ARI,False,CB,DB,D,Penn St.,22.0,,0,0,0,,,,,,,,,,,,
2018,6,183,DEN,False,G,OL,O,Arizona St.,22.0,2018.0,0,0,0,0.0,Sam Jones,OG,Arizona State,77.0,305.0,5.32,28.0,27.0,101.0,7.92,4.86
2018,6,184,SFO,False,S,DB,D,Florida,24.0,2022.0,0,0,0,13.0,Marcell Harris,S,Florida,72.0,208.0,,16.0,,,,
2018,6,185,IND,False,WR,WR,O,Clemson,22.0,2020.0,0,0,0,0.0,Deon Cain,WR,Clemson,74.0,202.0,4.43,11.0,33.5,115.0,6.71,4.37
2018,6,186,SEA,False,LB,LB,D,Temple,22.0,2025.0,0,0,1,2.0,,,,,,,,,,,
2018,6,187,BUF,False,WR,WR,O,Clemson,21.0,2025.0,0,0,1,0.0,Ray-ray McCloud,WR,Clemson,69.0,190.0,4.53,13.0,34.5,113.0,,
2018,6,188,CLE,False,CB,DB,D,Louisiana,24.0,2019.0,0,0,0,,,,,,,,,,,,
2018,6,189,NOR,False,CB,DB,D,Boston Col.,21.0,2018.0,0,0,0,,Kamrin Moore,CB,Boston Col.,71.0,200.0,,,,,,
2018,6,190,BAL,False,S,DB,D,Texas,21.0,2025.0,0,0,4,9.0,Deshon Elliott,S,Texas,74.0,205.0,4.58,15.0,36.0,121.0,,
2018,6,191,LAC,False,WR,WR,O,Texas Tech,24.0,,0,0,0,,Dylan Cantrell,WR,Texas Tech,75.0,226.0,4.59,18.0,38.5,130.0,6.56,4.03
2018,6,192,LAR,False,T,OL,O,Maine,22.0,2019.0,0,0,0,1.0,Jamil Demby,OG,Maine,76.0,319.0,5.58,17.0,23.5,98.0,7.86,4.95
2018,7,193,DAL,False,LB,LB,D,Indiana,22.0,2019.0,0,0,0,0.0,Chris Covington,OLB,Indiana,74.0,245.0,4.78,23.0,,,,
2018,7,194,ATL,False,WR,WR,O,LSU,22.0,2025.0,0,0,0,17.0,,,,,,,,,,,
2018,7,195,LAR,False,DT,DL,D,Rutgers,23.0,2025.0,0,0,4,17.0,,,,,,,,,,,
2018,7,196,KAN,False,WR,WR,O,Central Arkansas,22.0,2025.0,0,0,0,1.0,,,,,,,,,,,
2018,7,197,WAS,False,LB,LB,D,Alabama,22.0,2020.0,0,0,0,8.0,Shaun dion Hamilton,ILB,Alabama,72.0,228.0,,20.0,,,,
2018,7,198,KAN,False,DT,DL,D,Tennessee,21.0,2021.0,0,0,0,,Kahlil McKenzie,DT,Tennessee,77.0,314.0,5.15,26.0,29.5,105.0,7.94,4.68
2018,7,199,TEN,False,QB,QB,O,Washington St.,23.0,2019.0,0,0,0,,Luke Falk,QB,Washington State,76.0,215.0,,,26.5,103.0,,
2018,7,200,ATL,False,S,DB,D,Yale,23.0,2025.0,0,0,5,16.0,,,,,,,,,,,
2018,7,201,NOR,False,RB,RB,O,Louisiana Tech,23.0,2023.0,0,0,0,,,,,,,,,,,,
2018,7,202,TAM,False,ILB,LB,D,Wisconsin,23.0,2020.0,0,0,0,0.0,Jack Cichy,ILB,Wisconsin,74.0,238.0,,18.0,,,,
2018,7,203,JAX,False,QB,QB,O,Nebraska,23.0,,0,0,0,,Tanner Lee,QB,Nebraska,76.0,218.0,4.98,,32.0,115.0,7.0,4.41
2018,7,204,NYJ,False,RB,RB,O,Virginia St.,24.0,2022.0,0,0,0,2.0,,,,,,,,,,,
2018,7,205,LAR,False,DE,DL,D,Louisville,23.0,2018.0,0,0,0,0.0,Trevon Young,EDGE,Louisville,76.0,258.0,4.78,25.0,33.0,114.0,6.99,4.4
2018,7,206,PHI,False,T,OL,O,TCU,23.0,2025.0,0,0,2,5.0,,,,,,,,,,,
2018,7,207,GNB,False,WR,WR,O,Notre Dame,21.0,2024.0,0,0,2,4.0,Equanimeous St. brown,WR,Notre Dame,77.0,214.0,4.48,20.0,,,,
2018,7,208,DAL,False,WR,WR,O,Boise St.,22.0,2025.0,0,0,0,6.0,Cedrick Wilson,WR,Boise State,74.0,197.0,4.55,9.0,37.0,121.0,6.89,4.23
2018,7,209,MIA,False,CB,DB,D,Southern Miss,22.0,2025.0,0,0,0,1.0,,,,,,,,,,,
2018,7,210,NWE,False,WR,WR,O,Miami (FL),22.0,2025.0,1,0,0,,Braxton Berrios,WR,Miami (FL),69.0,184.0,,11.0,,,,
2018,7,211,HOU,False,TE,TE,O,Mississippi St.,22.0,2020.0,0,0,1,2.0,,,,,,,,,,,
2018,7,212,BAL,False,T,OL,O,Wagner,23.0,2020.0,0,0,0,,Greg Senat,OT,Wagner,78.0,302.0,5.38,19.0,26.0,106.0,7.41,4.71
2018,7,213,MIN,False,G,OL,O,Appalachian St.,23.0,2022.0,0,0,0,,Colby Gossett,OG,Appalachian State,77.0,311.0,5.2,32.0,25.0,103.0,7.6,4.83
2018,7,214,HOU,False,LB,LB,D,Stanford,23.0,2020.0,0,0,0,3.0,Peter Kalambayi,EDGE,Stanford,75.0,252.0,4.57,19.0,34.0,121.0,7.13,4.36
2018,7,215,BAL,False,C,OL,O,Alabama,23.0,2025.0,0,0,6,23.0,,,,,,,,,,,
2018,7,216,OAK,False,LB,LB,D,Washington,22.0,,0,0,0,,Azeem Victor,ILB,Washington,73.0,240.0,4.72,19.0,32.5,115.0,7.2,4.4
2018,7,217,DEN,False,ILB,LB,D,Washington,23.0,2019.0,0,0,0,1.0,Keishawn Bierria,ILB,Washington,74.0,230.0,4.79,21.0,30.5,117.0,7.26,
2018,7,218,MIN,False,DE,DL,D,Tulane,24.0,,0,0,0,,Ade Aruna,DE,Tulane,78.0,262.0,4.6,18.0,38.5,128.0,7.53,4.48
2018,7,219,NWE,False,QB,QB,O,LSU,24.0,,0,0,0,,Danny Etling,QB,LSU,74.0,222.0,4.76,,30.5,114.0,7.09,4.37
2018,7,220,SEA,False,QB,QB,O,Florida International,22.0,,0,0,0,,,,,,,,,,,,
2018,7,221,IND,False,LB,LB,D,Houston,22.0,2024.0,0,0,1,9.0,,,,,,,,,,,
2018,7,222,HOU,False,CB,DB,D,San Jose St.,23.0,,0,0,0,,,,,,,,,,,,
2018,7,223,SFO,False,DT,DL,D,Temple,23.0,2019.0,0,0,0,1.0,,,,,,,,,,,
2018,7,224,CHI,False,WR,WR,O,Georgia,23.0,2022.0,0,0,0,1.0,Javon Wims,WR,Georgia,75.0,215.0,4.53,,33.5,113.0,7.0,
2018,8,225,MIN,False,LB,LB,D,California,22.0,2020.0,0,0,0,1.0,,,,,,,,,,,
2018,8,226,DEN,False,RB,RB,O,Arkansas,24.0,2018.0,0,0,0,,,,,,,,,,,,
2018,8,227,MIA,False,LB,LB,D,Ohio,24.0,2019.0,0,0,0,,,,,,,,,,,,
2018,8,228,OAK,False,WR,WR,O,Oklahoma St.,23.0,2021.0,0,0,0,2.0,Marcell Ateman,WR,Oklahoma State,76.0,216.0,4.62,13.0,34.0,121.0,7.07,4.25
2018,8,229,MIA,False,K,K,S,New Mexico,22.0,2024.0,1,0,2,23.0,,,,,,,,,,,
2018,8,230,JAX,False,OLB,LB,D,Wisconsin,22.0,2020.0,0,0,1,7.0,Leon Jacobs,EDGE,Wisconsin,75.0,246.0,4.48,26.0,34.5,122.0,7.14,4.44
2018,8,231,LAR,False,OLB,LB,D,TCU,22.0,2022.0,0,0,0,3.0,,,,,,,,,,,
2018,8,232,GNB,False,DE,DL,D,California,23.0,2018.0,0,0,0,0.0,James Looney,DE,California,75.0,287.0,4.89,28.0,35.5,113.0,7.32,4.37
2018,8,233,PHI,False,T,OL,O,,21.0,2025.0,0,0,5,41.0,,,,,,,,,,,
2018,8,234,CAR,False,ILB,LB,D,North Carolina,21.0,2023.0,0,0,0,1.0,Andre Smith,ILB,North Carolina,72.0,237.0,4.63,19.0,,,,
2018,8,235,IND,False,LB,LB,D,Syracuse,22.0,2025.0,0,1,4,40.0,,,,,,,,,,,
2018,8,236,DAL,False,RB,RB,O,Alabama,23.0,2020.0,0,0,0,,Bo Scarbrough,RB,Alabama,73.0,228.0,4.52,14.0,40.0,129.0,,4.34
2018,8,237,DET,False,RB,RB,O,San Diego St.,22.0,2023.0,0,0,0,0.0,Nick Bawden,FB,San Diego State,74.0,245.0,,,,,,
2018,8,238,BAL,False,DE,DL,D,Ferris St.,23.0,2025.0,0,0,3,0.0,,,,,,,,,,,
2018,8,239,GNB,False,LS,LS,S,Mississippi St.,24.0,2022.0,0,0,0,3.0,,,,,,,,,,,
2018,8,240,SFO,False,WR,WR,O,Middle Tenn. St.,23.0,2023.0,0,0,1,6.0,Richie James,WR,Middle Tennessee State,70.0,183.0,4.48,6.0,35.5,122.0,6.87,4.16
2018,8,241,WAS,False,CB,DB,D,Virginia Tech,22.0,2024.0,0,0,0,2.0,Greg Stroman,CB,Virginia Tech,72.0,180.0,4.48,16.0,33.5,113.0,,4.45
2018,8,242,CAR,False,DT,DL,D,Miami (FL),21.0,,0,0,0,,Kendrick Norton,DT,Miami (FL),75.0,314.0,5.25,30.0,,,,
2018,8,243,NWE,False,CB,DB,D,Western Carolina,22.0,2025.0,0,0,0,1.0,,,,,,,,,,,
2018,8,244,LAR,False,DE,DL,D,SMU,23.0,2021.0,0,0,0,1.0,,,,,,,,,,,
2018,8,245,NOR,False,C,OL,O,LSU,22.0,2024.0,0,0,1,4.0,Will Clapp,C,LSU,76.0,311.0,5.39,25.0,29.0,97.0,8.04,4.92
2018,8,246,PIT,False,DT,DL,D,Alabama,22.0,,0,0,0,,Joshua Frazier,DT,Alabama,76.0,321.0,,21.0,,,,
2018,8,247,JAX,False,P,P,S,Mississippi St.,23.0,2025.0,0,1,2,19.0,,,,,,,,,,,
2018,8,248,GNB,False,OLB,LB,D,SE Missouri St.,22.0,,0,0,0,,,,,,,,,,,,
2018,8,249,CIN,False,QB,QB,O,Toledo,23.0,2023.0,0,0,0,,Logan Woodside,QB,Toledo,73.0,213.0,4.79,,31.5,103.0,6.94,4.15
2018,8,250,NWE,False,TE,TE,O,Florida St.,22.0,2021.0,0,0,1,3.0,Ryan Izzo,TE,Florida State,77.0,256.0,4.94,18.0,33.0,110.0,7.15,4.43
2018,8,251,LAC,False,RB,RB,O,Northwestern,22.0,2022.0,0,0,0,10.0,Justin Jackson,RB,Northwestern,72.0,199.0,4.52,13.0,38.5,122.0,6.81,4.07
2018,8,252,CIN,False,G,OL,O,Mississippi,23.0,,0,0,0,,Rod Taylor,OT,Mississippi,75.0,320.0,5.24,,30.5,99.0,,
2018,8,253,CIN,False,WR,WR,O,Florida St.,21.0,2021.0,0,0,1,5.0,Auden Tate,WR,Florida State,77.0,228.0,4.68,,31.0,112.0,,
2018,8,254,ARI,False,T,OL,O,Cincinnati,23.0,2022.0,0,0,0,2.0,,,,,,,,,,,
2018,8,255,BUF,False,WR,WR,O,North Carolina,22.0,,0,0,0,,,,,,,,,,,,
2018,8,256,WAS,False,WR,WR,O,SMU,22.0,2020.0,0,0,0,2.0,Trey Quinn,WR,SMU,71.0,203.0,4.55,17.0,33.5,116.0,6.91,4.19
2019,1,1,ARI,False,QB,QB,O,Oklahoma,22.0,2025.0,0,2,5,71.0,Kyler Murray,QB,Oklahoma,70.0,207.0,,,,,,
2019,1,2,SFO,False,DE,DL,D,Ohio St.,21.0,2025.0,1,5,5,58.0,Nick Bosa,DL,Ohio State,76.0,266.0,4.79,29.0,33.5,116.0,7.1,4.14
2019,1,3,NYJ,False,DT,DL,D,Alabama,21.0,2025.0,1,4,6,54.0,Quinnen Williams,DL,Alabama,75.0,303.0,4.83,,30.5,112.0,,
2019,1,4,OAK,False,DE,DL,D,Clemson,22.0,2025.0,0,0,4,12.0,Clelin Ferrell,EDGE,Clemson,76.0,264.0,,25.0,,,7.26,4.4
2019,1,5,TAM,False,LB,LB,D,LSU,21.0,2025.0,0,1,5,45.0,Devin White,LB,LSU,72.0,237.0,4.42,22.0,39.5,118.0,7.07,4.17
2019,1,6,NYG,False,QB,QB,O,Duke,22.0,2025.0,0,0,5,40.0,Daniel Jones,QB,Duke,77.0,221.0,4.81,,33.5,120.0,7.0,4.41
2019,1,7,JAX,False,LB,LB,D,Kentucky,22.0,2025.0,0,2,5,45.0,Josh Allen,EDGE,Kentucky,77.0,262.0,4.63,28.0,,118.0,7.15,4.23
2019,1,8,DET,False,TE,TE,O,Iowa,22.0,2025.0,0,2,3,16.0,T.J. Hockenson,TE,Iowa,77.0,251.0,4.7,17.0,37.5,123.0,7.02,4.18
2019,1,9,BUF,False,DT,DL,D,Houston,21.0,2025.0,0,0,5,43.0,Ed Oliver,DL,Houston,74.0,287.0,,32.0,36.0,120.0,,
2019,1,10,PIT,False,LB,LB,D,Michigan,21.0,2025.0,0,0,3,21.0,Devin Bush,LB,Michigan,71.0,234.0,4.43,21.0,40.5,124.0,6.93,4.23
2019,1,11,CIN,False,G,OL,O,Alabama,21.0,2025.0,0,0,4,31.0,Jonah Williams,OT,Alabama,76.0,302.0,5.12,23.0,28.0,100.0,8.01,4.79
2019,1,12,GNB,False,LB,LB,D,Michigan,21.0,2025.0,0,1,4,36.0,Rashan Gary,DL,Michigan,76.0,277.0,4.58,26.0,38.0,120.0,7.26,4.29
2019,1,13,MIA,False,DT,DL,D,Clemson,23.0,2024.0,0,0,5,34.0,Christian Wilkins,DL,Clemson,75.0,315.0,5.04,28.0,29.5,107.0,,4.55
2019,1,14,ATL,False,G,OL,O,Boston Col.,22.0,2025.0,0,4,5,49.0,Chris Lindstrom,OL,Boston Col.,76.0,308.0,4.91,25.0,30.5,117.0,7.61,4.54
2019,1,15,WAS,False,QB,QB,O,Ohio St.,22.0,2020.0,0,0,0,4.0,Dwayne Haskins,QB,Ohio State,75.0,231.0,5.04,,28.5,,,
2019,1,16,CAR,False,DE,DL,D,Florida St.,21.0,2025.0,0,3,5,34.0,Brian Burns,EDGE,Florida State,77.0,249.0,4.53,,36.0,129.0,7.01,
2019,1,17,NYG,False,DT,DL,D,Clemson,21.0,2025.0,0,3,5,55.0,Dexter Lawrence,DL,Clemson,76.0,342.0,5.05,36.0,,,,
2019,1,18,MIN,False,C,OL,O,North Carolina St.,24.0,2025.0,0,0,6,32.0,Garrett Bradbury,OL,North Carolina State,75.0,306.0,4.92,34.0,31.0,104.0,7.41,4.53
2019,1,19,TEN,False,DT,DL,D,Mississippi St.,22.0,2025.0,1,4,6,62.0,,,,,,,,,,,
2019,1,20,DEN,False,TE,TE,O,Iowa,21.0,2025.0,0,0,5,14.0,Noah Fant,TE,Iowa,76.0,249.0,4.5,20.0,39.5,127.0,6.81,4.22
2019,1,21,GNB,False,S,DB,D,Maryland,22.0,2025.0,0,0,6,21.0,Darnell Savage,S,Maryland,71.0,198.0,4.36,11.0,39.5,126.0,7.03,4.14
2019,1,22,PHI,False,T,OL,O,Washington St.,23.0,2024.0,0,0,1,6.0,Andre Dillard,OT,Washington State,77.0,315.0,4.96,24.0,29.0,118.0,7.44,4.4
2019,1,23,HOU,False,T,OL,O,Alabama St.,23.0,2025.0,0,0,5,36.0,Tytus Howard,OT,Alabama State,77.0,322.0,5.05,21.0,29.5,103.0,8.34,4.87
2019,1,24,OAK,False,RB,RB,O,Alabama,21.0,2025.0,1,3,6,38.0,Josh Jacobs,RB,Alabama,70.0,220.0,,,,,,
2019,1,25,BAL,False,WR,WR,O,Oklahoma,22.0,2025.0,0,0,4,24.0,Marquise Brown,WR,Oklahoma,69.0,166.0,,,,,,
2019,1,26,WAS,False,DE,DL,D,Mississippi St.,23.0,2025.0,0,1,5,28.0,Montez Sweat,EDGE,Mississippi State,78.0,260.0,4.41,21.0,36.0,125.0,7.0,4.29
2019,1,27,OAK,False,S,DB,D,Mississippi St.,22.0,2024.0,0,0,2,10.0,Johnathan Abram,S,Mississippi State,71.0,205.0,4.45,,,116.0,,
2019,1,28,LAC,False,DT,DL,D,Notre Dame,22.0,2025.0,0,0,2,14.0,Jerry Tillery,DL,Notre Dame,78.0,295.0,4.93,23.0,32.0,115.0,7.45,4.33
2019,1,29,SEA,False,DE,DL,D,TCU,23.0,2025.0,0,0,2,10.0,L.J. Collier,DL,TCU,74.0,283.0,4.91,25.0,30.0,118.0,7.71,4.78
2019,1,30,NYG,False,CB,DB,D,Georgia,22.0,2021.0,0,0,1,5.0,Deandre Baker,CB,Georgia,71.0,193.0,4.52,14.0,,118.0,,
2019,1,31,ATL,False,T,OL,O,Washington,24.0,2024.0,0,0,6,39.0,Kaleb McGary,OT,Washington,79.0,317.0,5.05,23.0,33.5,111.0,7.66,4.58
2019,1,32,NWE,False,WR,WR,O,Arizona St.,21.0,2023.0,0,0,1,6.0,N'Keal Harry,WR,Arizona State,74.0,228.0,4.53,27.0,38.5,122.0,,
2019,2,33,ARI,False,CB,DB,D,Washington,21.0,2025.0,0,1,5,16.0,Byron Murphy,CB,Washington,71.0,190.0,4.55,14.0,36.5,120.0,,
2019,2,34,IND,False,CB,DB,D,Temple,23.0,2025.0,0,0,1,11.0,Rock Ya-Sin,CB,Temple,72.0,192.0,4.51,18.0,39.5,120.0,7.31,4.31
2019,2,35,JAX,False,T,OL,O,Florida,21.0,2025.0,0,0,6,25.0,Jawaan Taylor,OT,Florida,77.0,312.0,,24.0,,,,
2019,2,36,SFO,False,WR,WR,O,South Carolina,23.0,2025.0,1,1,5,47.0,Deebo Samuel,WR,South Carolina,71.0,214.0,4.48,15.0,39.0,122.0,7.03,4.14
2019,2,37,CAR,False,T,OL,O,Mississippi,21.0,2022.0,0,0,0,3.0,Greg Little,OT,Mississippi,77.0,310.0,5.33,,25.0,113.0,,4.74
2019,2,38,BUF,False,T,OL,O,Oklahoma,22.0,2025.0,0,0,1,13.0,Cody Ford,OT,Oklahoma,76.0,329.0,5.21,19.0,28.5,104.0,8.27,4.87
2019,2,39,TAM,False,CB,DB,D,Central Michigan,22.0,2024.0,0,0,3,14.0,Sean Bunting,CB,Central Michigan,72.0,195.0,4.42,14.0,41.5,126.0,,
2019,2,40,OAK,False,CB,DB,D,Clemson,21.0,2022.0,0,0,2,11.0,Trayvon Mullen,CB,Clemson,73.0,199.0,4.46,,34.5,123.0,,
2019,2,41,DEN,False,T,OL,O,Kansas St.,24.0,2025.0,0,0,5,20.0,Dalton Risner,OT,Kansas State,77.0,312.0,5.3,23.0,28.5,110.0,7.69,4.52
2019,2,42,DEN,False,QB,QB,O,Missouri,22.0,2025.0,0,0,1,12.0,Drew Lock,QB,Missouri,76.0,228.0,4.69,,31.0,112.0,7.03,4.12
2019,2,43,DET,False,LB,LB,D,Hawaii,22.0,2025.0,0,0,4,7.0,Jahlani Tavai,LB,Hawaii,74.0,250.0,,,,,,
2019,2,44,GNB,False,C,OL,O,Mississippi St.,23.0,2025.0,0,2,5,48.0,Elgton Jenkins,OL,Mississippi State,76.0,310.0,,29.0,28.0,109.0,7.77,4.62
2019,2,45,NWE,False,CB,DB,D,Vanderbilt,21.0,2023.0,0,0,0,3.0,Joejuan Williams,CB,Vanderbilt,76.0,211.0,4.64,17.0,,,,
2019,2,46,CLE,False,CB,DB,D,LSU,21.0,2022.0,0,0,1,8.0,Greedy Williams,CB,LSU,74.0,185.0,4.37,,,,,
2019,2,47,SEA,False,S,DB,D,Utah,22.0,2024.0,0,0,0,2.0,Marquise Blair,S,Utah,73.0,195.0,4.48,,35.0,125.0,,
2019,2,48,NOR,False,C,OL,O,Texas A&M,22.0,2025.0,0,2,5,35.0,Erik McCoy,OL,Texas A&M,76.0,303.0,4.89,29.0,31.0,107.0,8.28,4.62
2019,2,49,IND,False,LB,LB,D,TCU,23.0,2022.0,0,0,0,4.0,Ben Banogu,EDGE,TCU,75.0,250.0,4.62,23.0,40.0,134.0,7.02,4.27
2019,2,50,MIN,False,TE,TE,O,Alabama,21.0,2024.0,0,0,0,8.0,Irv Smith,TE,Alabama,74.0,242.0,4.63,19.0,32.5,110.0,7.32,4.33
2019,2,51,TEN,False,WR,WR,O,Mississippi,22.0,2025.0,0,3,6,25.0,A.J. Brown,WR,Mississippi,72.0,226.0,4.49,19.0,36.5,120.0,,
2019,2,52,CIN,False,TE,TE,O,Washington,23.0,2025.0,0,0,3,7.0,Drew Sample,TE,Washington,77.0,255.0,4.71,,33.5,115.0,7.15,4.31
2019,2,53,PHI,False,RB,RB,O,Penn St.,22.0,2025.0,0,1,4,29.0,Miles Sanders,RB,Penn State,71.0,211.0,4.49,20.0,36.0,124.0,6.89,4.19
2019,2,54,HOU,False,CB,DB,D,Kentucky,23.0,2025.0,0,0,0,8.0,Lonnie Johnson,CB,Kentucky,74.0,213.0,4.52,15.0,38.0,129.0,7.01,4.1
2019,2,55,HOU,False,T,OL,O,Northern Illinois,23.0,2024.0,0,0,3,16.0,Max Scharping,OT,Northern Illinois,78.0,327.0,,27.0,28.0,108.0,7.77,4.69
2019,2,56,KAN,False,WR,WR,O,Georgia,21.0,2025.0,0,1,0,23.0,Mecole Hardman,WR,Georgia,70.0,187.0,4.33,17.0,36.5,119.0,,
2019,2,57,PHI,False,WR,WR,O,Stanford,22.0,2021.0,0,0,0,2.0,J.J. Arcega-Whiteside,WR,Stanford,74.0,225.0,,,,,,
2019,2,58,DAL,False,DT,DL,D,Central Florida,21.0,2024.0,0,0,0,5.0,Trysten Hill,DL,Central Florida,75.0,308.0,5.04,28.0,35.0,115.0,7.7,4.38
2019,2,59,IND,False,WR,WR,O,Ohio St.,22.0,2025.0,0,0,1,9.0,Parris Campbell,WR,Ohio State,72.0,205.0,4.31,11.0,40.0,135.0,,4.03
2019,2,60,LAC,False,S,DB,D,Delaware,22.0,2022.0,0,0,3,13.0,Nasir Adderley,S,Delaware,72.0,206.0,,,,,,
2019,2,61,LAR,False,S,DB,D,Washington,21.0,2025.0,0,0,4,18.0,Taylor Rapp,S,Washington,72.0,208.0,,17.0,35.0,115.0,6.82,3.99
2019,2,62,ARI,False,WR,WR,O,Massachusetts,22.0,2023.0,0,0,0,4.0,Andy Isabella,WR,Massachusetts,69.0,188.0,4.31,15.0,36.5,121.0,6.95,4.15
2019,2,63,KAN,False,S,DB,D,Virginia,23.0,2025.0,0,0,5,17.0,Juan Thornhill,S,Virginia,72.0,205.0,4.42,21.0,44.0,141.0,,
2019,2,64,SEA,False,WR,WR,O,Mississippi,21.0,2025.0,0,2,6,50.0,D.K. Metcalf,WR,Mississippi,75.0,228.0,4.33,27.0,40.5,134.0,7.38,4.5
2019,3,65,ARI,False,DE,DL,D,Boston Col.,22.0,2025.0,1,1,5,14.0,Zach Allen,DL,Boston Col.,76.0,281.0,5.0,24.0,32.0,112.0,7.34,4.36
2019,3,66,PIT,False,WR,WR,O,Toledo,23.0,2024.0,0,1,5,33.0,Diontae Johnson,WR,Toledo,70.0,183.0,4.53,15.0,33.5,123.0,7.09,4.45
2019,3,67,SFO,False,WR,WR,O,Baylor,23.0,,0,0,0,,Jalen Hurd,WR,Baylor,77.0,226.0,,23.0,,,,
2019,3,68,NYJ,False,LB,LB,D,Florida,22.0,2020.0,0,0,0,,Jachai Polite,EDGE,Florida,75.0,258.0,4.84,,32.0,,,
2019,3,69,JAX,False,TE,TE,O,San Jose St.,22.0,2025.0,0,0,3,0.0,Josh Oliver,TE,San Jose State,77.0,249.0,4.63,22.0,34.0,117.0,7.21,4.47
2019,3,70,LAR,False,RB,RB,O,Memphis,22.0,2023.0,0,0,1,15.0,Darrell Henderson,RB,Memphis,68.0,208.0,4.49,22.0,33.5,121.0,,
2019,3,71,DEN,False,DT,DL,D,Ohio St.,22.0,2025.0,0,0,4,16.0,Dre'Mont Jones,DL,Ohio State,75.0,281.0,5.12,,31.5,110.0,7.71,4.53
2019,3,72,CIN,False,LB,LB,D,North Carolina St.,23.0,2025.0,0,0,6,37.0,Germaine Pratt,LB,North Carolina State,74.0,240.0,4.57,24.0,32.5,116.0,,
2019,3,73,CHI,False,RB,RB,O,Iowa St.,22.0,2025.0,0,0,5,26.0,David Montgomery,RB,Iowa State,70.0,222.0,4.63,15.0,28.5,121.0,,
2019,3,74,BUF,False,RB,RB,O,Florida Atlantic,22.0,2025.0,0,0,5,28.0,Devin Singletary,RB,Florida Atlantic,67.0,203.0,4.66,15.0,35.0,117.0,7.32,4.4
2019,3,75,GNB,False,TE,TE,O,Texas A&M,23.0,2020.0,0,0,0,1.0,Jace Sternberger,TE,Texas A&M,76.0,251.0,4.75,17.0,31.5,113.0,7.19,4.31
2019,3,76,WAS,False,WR,WR,O,Ohio St.,23.0,2025.0,0,2,6,51.0,Terry McLaurin,WR,Ohio State,72.0,208.0,4.35,18.0,37.5,125.0,7.01,4.15
2019,3,77,NWE,False,DE,DL,D,Michigan,24.0,2023.0,0,0,0,10.0,Chase Winovich,EDGE,Michigan,75.0,256.0,4.59,18.0,30.5,116.0,6.94,4.11
2019,3,78,MIA,False,G,OL,O,Wisconsin,23.0,2025.0,0,0,2,10.0,Michael Deiter,OL,Wisconsin,77.0,309.0,5.23,21.0,28.0,105.0,7.88,4.81
2019,3,79,LAR,False,CB,DB,D,Michigan,21.0,2025.0,0,0,0,6.0,David Long,CB,Michigan,71.0,196.0,4.45,15.0,39.5,120.0,6.45,3.97
2019,3,80,CLE,False,LB,LB,D,BYU,24.0,2025.0,0,0,1,18.0,Sione Takitaki,LB,BYU,73.0,238.0,4.63,24.0,37.0,125.0,7.21,4.28
2019,3,81,DET,False,S,DB,D,Boston Col.,23.0,2025.0,0,0,3,11.0,Will Harris,S,Boston Col.,73.0,207.0,4.41,20.0,36.5,123.0,6.91,4.12
2019,3,82,TEN,False,G,OL,O,Charlotte,22.0,2024.0,0,0,5,22.0,Nate Davis,OL,Charlotte,75.0,316.0,5.23,23.0,26.0,107.0,7.94,4.83
2019,3,83,PIT,False,CB,DB,D,Michigan St.,21.0,2022.0,0,0,0,3.0,Justin Layne,CB,Michigan State,74.0,192.0,4.5,,37.5,134.0,6.9,4.09
2019,3,84,KAN,False,DT,DL,D,Western Illinois,23.0,2025.0,0,0,1,4.0,Khalen Saunders,DL,Western Illinois,72.0,324.0,5.01,27.0,30.5,101.0,7.57,4.62
2019,3,85,BAL,False,DE,DL,D,Louisiana Tech,23.0,2021.0,0,0,1,8.0,,,,,,,,,,,
2019,3,86,HOU,False,TE,TE,O,San Diego St.,22.0,2021.0,0,0,0,0.0,Kahale Warring,TE,San Diego State,77.0,252.0,4.67,19.0,36.5,122.0,7.21,4.25
2019,3,87,NWE,False,RB,RB,O,Alabama,22.0,2023.0,0,0,3,15.0,Damien Harris,RB,Alabama,70.0,216.0,4.57,16.0,37.0,121.0,,
2019,3,88,SEA,False,LB,LB,D,Utah,22.0,2025.0,0,0,3,9.0,Cody Barton,LB,Utah,74.0,237.0,4.64,30.0,32.5,116.0,6.9,4.03
2019,3,89,IND,False,LB,LB,D,Stanford,23.0,2025.0,0,0,6,21.0,Bobby Okereke,LB,Stanford,73.0,239.0,4.58,,33.5,122.0,7.25,4.26
2019,3,90,DAL,False,G,OL,O,Penn St.,21.0,2025.0,0,1,3,11.0,Connor McGovern,OL,Penn State,77.0,308.0,,28.0,,112.0,7.66,4.57
2019,3,91,LAC,False,T,OL,O,Sioux Falls,23.0,2025.0,0,0,3,33.0,Trey Pipkins,OT,Sioux Falls,78.0,309.0,5.12,16.0,33.5,114.0,7.61,4.7
2019,3,92,NYJ,False,T,OL,O,USC,22.0,2025.0,0,0,0,5.0,Chuma Edoga,OT,USC,75.0,308.0,5.19,21.0,,,,
2019,3,93,BAL,False,WR,WR,O,Notre Dame,22.0,2023.0,0,0,2,6.0,Miles Boykin,WR,Notre Dame,76.0,220.0,4.42,12.0,43.5,140.0,6.77,4.07
2019,3,94,TAM,False,CB,DB,D,Auburn,22.0,2025.0,0,0,4,27.0,Jamel Dean,CB,Auburn,73.0,206.0,4.3,16.0,41.0,130.0,7.02,4.19
2019,3,95,NYG,False,DE,DL,D,Old Dominion,22.0,2024.0,0,0,0,8.0,Oshane Ximines,EDGE,Old Dominion,75.0,253.0,4.78,24.0,34.0,118.0,7.13,4.57
2019,3,96,BUF,False,TE,TE,O,Mississippi,22.0,2025.0,0,1,6,25.0,Dawson Knox,TE,Mississippi,76.0,254.0,,16.0,34.5,,7.12,4.27
2019,4,97,LAR,False,T,OL,O,Oklahoma,22.0,2022.0,0,0,0,7.0,Bobby Evans,OT,Oklahoma,76.0,312.0,5.2,22.0,,,,
2019,4,98,JAX,False,S,DB,D,Murray St.,23.0,2025.0,1,0,5,2.0,,,,,,,,,,,
2019,4,99,TAM,False,S,DB,D,Kentucky,23.0,2025.0,0,0,1,14.0,Mike Edwards,S,Kentucky,70.0,205.0,,,,,,
2019,4,100,CAR,False,QB,QB,O,West Virginia,24.0,2019.0,0,0,0,1.0,Will Grier,QB,West Virginia,74.0,217.0,4.84,,34.0,112.0,7.09,4.28
2019,4,101,NWE,False,T,OL,O,West Virginia,23.0,2022.0,0,0,0,4.0,Yodny Cajuste,OT,West Virginia,77.0,312.0,,32.0,,,,
2019,4,102,MIN,False,RB,RB,O,Boise St.,21.0,2024.0,0,0,1,18.0,Alexander Mattison,RB,Boise State,71.0,221.0,4.67,22.0,35.0,127.0,7.13,4.29
2019,4,103,ARI,False,WR,WR,O,Iowa St.,23.0,2020.0,0,0,0,,Hakeem Butler,WR,Iowa State,77.0,227.0,4.48,18.0,36.0,128.0,,
2019,4,104,CIN,False,QB,QB,O,North Carolina St.,24.0,2020.0,0,0,0,2.0,Ryan Finley,QB,North Carolina State,76.0,213.0,4.73,,30.5,116.0,7.2,4.2
2019,4,105,NOR,False,S,DB,D,Florida,21.0,2025.0,0,0,4,10.0,Chauncey Gardner-Johnson,S,Florida,71.0,210.0,4.48,17.0,36.0,117.0,7.03,4.2
2019,4,106,OAK,False,DE,DL,D,Eastern Michigan,22.0,2025.0,0,5,6,61.0,Maxx Crosby,DL,East. Michigan,77.0,255.0,4.66,,36.0,122.0,6.89,4.13
2019,4,107,TAM,False,DE,DL,D,Iowa,22.0,2025.0,0,0,0,17.0,Anthony Nelson,DL,Iowa,79.0,271.0,4.82,18.0,35.5,118.0,6.95,4.23
2019,4,108,NYG,False,CB,DB,D,Notre Dame,21.0,2025.0,0,1,3,12.0,Julian Love,CB,Notre Dame,71.0,195.0,4.54,14.0,36.0,121.0,6.72,4.1
2019,4,109,IND,False,S,DB,D,Michigan St.,23.0,2021.0,0,0,1,12.0,Khari Willis,S,Michigan State,71.0,213.0,4.52,22.0,34.5,118.0,,
2019,4,110,SFO,False,P,P,S,Utah,27.0,2025.0,0,0,2,9.0,Mitch Wishnowsky,P,Utah,74.0,218.0,4.63,,32.5,117.0,,
2019,4,111,ATL,False,CB,DB,D,Ohio St.,23.0,2025.0,0,0,0,6.0,Kendall Sheffield,CB,Ohio State,71.0,193.0,,,,,,
2019,4,112,WAS,False,RB,RB,O,Stanford,22.0,,0,0,0,,Bryce Love,RB,Stanford,69.0,200.0,,18.0,,,,
2019,4,113,BAL,False,RB,RB,O,Oklahoma St.,21.0,2025.0,0,0,0,17.0,Justice Hill,RB,Oklahoma State,70.0,198.0,4.4,21.0,40.0,130.0,,
2019,4,114,MIN,False,G,OL,O,Oklahoma,22.0,2020.0,0,0,0,2.0,Dru Samia,OT,Oklahoma,77.0,305.0,5.29,28.0,27.5,101.0,7.89,4.7
2019,4,115,CAR,False,LB,LB,D,Alabama,23.0,2019.0,0,0,0,1.0,Christian Miller,EDGE,Alabama,75.0,247.0,,,38.5,118.0,,
2019,4,116,TEN,False,S,DB,D,Iowa,21.0,2025.0,0,0,4,24.0,Amani Hooker,S,Iowa,71.0,210.0,4.48,14.0,37.0,123.0,6.81,4.1
2019,4,117,DET,False,DE,DL,D,Clemson,22.0,2023.0,0,0,0,5.0,Austin Bryant,EDGE,Clemson,76.0,271.0,,,,,,
2019,4,118,NWE,False,G,OL,O,Arkansas,23.0,2025.0,0,0,2,0.0,Hjalte Froholdt,OL,Arkansas,77.0,306.0,5.2,31.0,27.5,105.0,7.51,4.54
2019,4,119,CLE,False,S,DB,D,Miami (FL),22.0,2023.0,0,0,0,4.0,Sheldrick Redwine,S,Miami (FL),72.0,196.0,4.44,,39.0,130.0,,4.14
2019,4,120,SEA,False,WR,WR,O,West Virginia,22.0,2019.0,0,0,0,,Gary Jennings,WR,West Virginia,73.0,214.0,4.42,20.0,37.0,127.0,7.32,4.15
2019,4,121,NYJ,False,TE,TE,O,West Virginia,23.0,2023.0,0,0,1,0.0,Trevon Wesco,TE,West Virginia,75.0,267.0,4.89,24.0,31.0,117.0,7.18,4.38
2019,4,122,PIT,False,RB,RB,O,Kentucky,21.0,2022.0,0,0,0,8.0,Benny Snell,RB,Kentucky,70.0,224.0,4.66,16.0,29.5,119.0,7.07,4.33
2019,4,123,BAL,False,G,OL,O,Oklahoma,22.0,2025.0,0,0,5,14.0,Ben Powers,OL,Oklahoma,76.0,307.0,,21.0,,,,
2019,4,124,SEA,False,G,OL,O,Wake Forest,23.0,2023.0,0,0,0,6.0,Phil Haynes,OL,Wake Forest,76.0,322.0,5.2,33.0,31.0,108.0,7.76,4.95
2019,4,125,CIN,False,DT,DL,D,Arizona St.,23.0,2022.0,0,0,0,2.0,Renell Wren,DL,Arizona State,77.0,318.0,5.01,30.0,32.0,118.0,7.65,4.53
2019,4,126,CHI,False,WR,WR,O,Georgia,23.0,2020.0,0,0,0,1.0,Riley Ridley,WR,Georgia,73.0,199.0,4.58,13.0,30.5,124.0,7.22,4.28
2019,4,127,BAL,False,CB,DB,D,USC,22.0,2019.0,0,0,0,0.0,Iman Lewis-Marshall,CB,USC,73.0,207.0,4.53,16.0,,,,
2019,4,128,DAL,False,RB,RB,O,Memphis,22.0,2025.0,0,1,2,34.0,Tony Pollard,RB,Memphis,72.0,210.0,4.52,13.0,35.0,121.0,,
2019,5,129,OAK,False,CB,DB,D,Houston,23.0,2020.0,0,0,0,1.0,Isaiah Johnson,CB,Houston,74.0,208.0,4.4,,36.5,133.0,6.81,4.06
2019,5,130,LAC,False,LB,LB,D,Notre Dame,24.0,2025.0,0,0,2,13.0,Drue Tranquill,LB,Notre Dame,74.0,234.0,4.57,31.0,37.5,122.0,6.94,4.14
2019,5,131,WAS,False,G,OL,O,Indiana,23.0,2022.0,0,0,0,4.0,,,,,,,,,,,
2019,5,132,SEA,False,S,DB,D,Oregon,22.0,2025.0,0,0,1,6.0,Ugo Amadi,S,Oregon,69.0,199.0,4.51,18.0,32.5,115.0,7.21,4.19
2019,5,133,NWE,False,QB,QB,O,Auburn,23.0,2025.0,0,0,0,1.0,Jarrett Stidham,QB,Auburn,74.0,218.0,4.81,,31.0,110.0,7.28,4.33
2019,5,134,LAR,False,DT,DL,D,Washington,23.0,2025.0,0,0,2,13.0,Greg Gaines,DL,Washington,73.0,312.0,5.16,30.0,31.0,109.0,,
2019,5,135,ATL,False,DE,DL,D,Charleston (WV),23.0,2023.0,0,0,1,3.0,John Cominsky,DL,Charleston,77.0,286.0,4.69,22.0,33.5,116.0,7.03,4.38
2019,5,136,CIN,False,G,OL,O,Ohio St.,21.0,2025.0,0,0,3,8.0,Michael Jordan,OT,Ohio State,78.0,312.0,5.27,19.0,32.5,116.0,7.71,4.71
2019,5,137,OAK,False,TE,TE,O,LSU,22.0,2025.0,0,0,5,8.0,Foster Moreau,TE,LSU,76.0,253.0,4.66,22.0,36.5,121.0,7.16,4.11
2019,5,138,PHI,False,DE,DL,D,Penn St.,22.0,2019.0,0,0,0,0.0,Shareef Miller,EDGE,Penn State,76.0,254.0,4.69,16.0,29.5,,,4.45
2019,5,139,ARI,False,S,DB,D,Alabama,22.0,2022.0,0,0,0,4.0,Deionte Thompson,S,Alabama,73.0,195.0,,,,,,
2019,5,140,JAX,False,RB,RB,O,Temple,22.0,2021.0,0,0,0,2.0,Ryquell Armstead,RB,Temple,71.0,220.0,4.45,22.0,30.0,114.0,7.02,4.29
2019,5,141,PIT,False,TE,TE,O,Michigan,22.0,2023.0,0,0,2,2.0,Zach Gentry,TE,Michigan,80.0,265.0,4.9,12.0,29.5,110.0,7.4,4.53
2019,5,142,SEA,False,LB,LB,D,Washington,21.0,2020.0,0,0,0,2.0,Ben Burr-Kirven,LB,Washington,72.0,230.0,4.56,21.0,34.5,121.0,6.85,4.09
2019,5,143,NYG,False,LB,LB,D,Wisconsin,23.0,2023.0,0,0,0,2.0,Ryan Connelly,LB,Wisconsin,74.0,242.0,4.66,,34.5,118.0,7.09,4.31
2019,5,144,IND,False,S,DB,D,USC,23.0,2019.0,0,0,0,1.0,Marvell Tell,S,USC,74.0,198.0,,,42.0,136.0,6.63,4.01
2019,5,145,TAM,False,K,K,S,Utah,25.0,2025.0,0,1,2,3.0,Matt Gay,K,Utah,72.0,232.0,,,,,,
2019,5,146,DET,False,CB,DB,D,Penn St.,23.0,2025.0,0,0,2,11.0,Amani Oruwariye,CB,Penn State,74.0,205.0,4.47,17.0,36.5,120.0,6.82,4.16
2019,5,147,BUF,False,LB,LB,D,Florida,21.0,,0,0,0,,Vosean Joseph,LB,Florida,73.0,230.0,,,,,,
2019,5,148,SFO,False,LB,LB,D,Arkansas,22.0,2025.0,0,0,4,28.0,Dre Greenlaw,LB,Arkansas,71.0,237.0,,24.0,33.0,117.0,,
2019,5,149,OAK,False,WR,WR,O,Clemson,23.0,2025.0,0,1,0,21.0,Hunter Renfrow,WR,Clemson,70.0,184.0,4.59,7.0,35.0,116.0,6.8,4.19
2019,5,150,GNB,False,DT,DL,D,Texas A&M,22.0,2021.0,0,0,1,9.0,Kingsley Keke,DL,Texas A&M,75.0,288.0,4.95,,31.5,111.0,7.55,4.46
2019,5,151,MIA,False,LB,LB,D,Wisconsin,24.0,2025.0,0,1,4,23.0,Andrew Van ginkel,LB,Wisconsin,75.0,241.0,,17.0,38.0,123.0,6.89,4.14
2019,5,152,ATL,False,RB,RB,O,Pittsburgh,22.0,2023.0,0,0,0,1.0,Qadree Ollison,RB,Pittsburgh,73.0,228.0,4.58,19.0,29.5,114.0,7.53,4.31
2019,5,153,WAS,False,G,OL,O,Alabama,24.0,2022.0,0,0,0,0.0,Ross Pierschbacher,OT,Alabama,76.0,307.0,5.2,20.0,22.5,,7.83,4.7
2019,5,154,CAR,False,RB,RB,O,Florida,23.0,2021.0,0,0,0,0.0,Jordan Scarlett,RB,Florida,71.0,208.0,4.47,21.0,30.0,116.0,7.37,4.63
2019,5,155,CLE,False,LB,LB,D,Alabama,21.0,2025.0,0,0,3,12.0,Mack Wilson,LB,Alabama,73.0,240.0,,,32.0,117.0,,
2019,5,156,DEN,False,LB,LB,D,Oregon,23.0,2023.0,0,0,0,1.0,Justin Hollins,EDGE,Oregon,77.0,248.0,4.5,25.0,36.5,119.0,7.06,4.4
2019,5,157,NYJ,False,LB,LB,D,Minnesota,23.0,2025.0,0,0,2,3.0,Blake Cashman,LB,Minnesota,73.0,237.0,4.5,18.0,37.5,124.0,6.95,4.12
2019,5,158,DAL,False,CB,DB,D,Miami (FL),22.0,2025.0,0,0,2,,Mike Jackson,CB,Miami (FL),73.0,210.0,4.45,13.0,40.5,130.0,7.12,4.12
2019,5,159,NWE,False,DT,DL,D,Maryland,23.0,2024.0,0,0,1,9.0,Byron Cowart,DL,Maryland,75.0,298.0,5.16,26.0,30.0,111.0,,
2019,5,160,BAL,False,DT,DL,D,Texas A&M,22.0,2019.0,0,0,0,0.0,Daylon Mack,DL,Texas A&M,73.0,336.0,5.1,30.0,27.0,102.0,8.02,4.95
2019,6,161,HOU,False,DE,DL,D,Texas,22.0,2025.0,0,0,0,5.0,Charles Omenihu,DL,Texas,77.0,280.0,4.92,,36.5,115.0,7.48,4.36
2019,6,162,MIN,False,LB,LB,D,USC,22.0,2019.0,0,0,0,0.0,Cameron Smith,LB,USC,74.0,238.0,4.69,15.0,39.0,123.0,,4.23
2019,6,163,NWE,False,P,P,S,Stanford,22.0,2025.0,1,1,2,6.0,Jake Bailey,P,Stanford,73.0,200.0,4.72,,33.0,117.0,,
2019,6,164,IND,False,LB,LB,D,Tarleton St.,24.0,2025.0,0,0,2,16.0,,,,,,,,,,,
2019,6,165,DAL,False,DE,DL,D,Miami (FL),22.0,2021.0,0,0,0,0.0,Joe Jackson,DL,Miami (FL),76.0,275.0,,22.0,27.0,109.0,,
2019,6,166,LAC,False,QB,QB,O,North Dakota St.,23.0,2023.0,0,0,0,4.0,Easton Stick,QB,North Dakota State,73.0,224.0,4.62,,33.5,118.0,6.65,4.05
2019,6,167,PHI,False,QB,QB,O,Northwestern,24.0,,0,0,0,,Clayton Thorson,QB,Northwestern,76.0,222.0,,,,,,
2019,6,168,TEN,False,LB,LB,D,Georgia,22.0,2020.0,0,0,0,,D'Andre Walker,EDGE,Georgia,74.0,251.0,,,,,,
2019,6,169,LAR,False,T,OL,O,Wisconsin,22.0,2025.0,0,0,3,21.0,David Edwards,OT,Wisconsin,78.0,308.0,5.28,,25.5,99.0,7.69,4.77
2019,6,170,CLE,False,K,K,S,Oklahoma,22.0,2024.0,0,0,0,3.0,Austin Seibert,K,Oklahoma,69.0,213.0,,,,,,
2019,6,171,NYG,False,WR,WR,O,Auburn,22.0,2025.0,0,0,5,32.0,Darius Slayton,WR,Auburn,73.0,190.0,4.39,11.0,40.5,135.0,7.0,4.15
2019,6,172,ATL,False,CB,DB,D,Washington,22.0,2021.0,0,0,0,1.0,Jordan Miller,CB,Washington,73.0,186.0,4.49,6.0,37.0,125.0,,
2019,6,173,WAS,False,LB,LB,D,North Carolina,23.0,2025.0,0,0,3,22.0,,,,,,,,,,,
2019,6,174,ARI,False,WR,WR,O,Fresno St.,22.0,2021.0,0,0,0,4.0,Keesean Johnson,WR,Fresno State,73.0,201.0,4.6,14.0,30.0,117.0,7.28,4.23
2019,6,175,PIT,False,DE,DL,D,Northern Illinois,23.0,2021.0,0,0,0,,Sutton Smith,EDGE,Northern Illinois,72.0,233.0,4.69,25.0,31.5,118.0,6.75,4.32
2019,6,176,SFO,False,TE,TE,O,Stanford,22.0,2021.0,0,0,1,,Kaden Smith,TE,Stanford,77.0,255.0,4.92,15.0,32.0,108.0,7.08,4.47
2019,6,177,NOR,False,S,DB,D,Rutgers,23.0,2020.0,0,0,0,0.0,Saquan Hampton,S,Rutgers,73.0,206.0,4.48,14.0,,125.0,,
2019,6,178,JAX,False,QB,QB,O,Washington St.,23.0,2025.0,0,1,4,16.0,Gardner Minshew,QB,Washington State,73.0,225.0,4.97,,33.5,116.0,7.14,4.45
2019,6,179,ARI,False,C,OL,O,Georgia,23.0,2020.0,0,0,0,2.0,Lamont Gaillard,OL,Georgia,75.0,305.0,,,,,,
2019,6,180,NYG,False,CB,DB,D,Washburn,23.0,2025.0,0,0,0,2.0,Corey Ballentine,CB,Washburn,71.0,196.0,4.47,15.0,39.5,135.0,6.82,4.14
2019,6,181,BUF,False,CB,DB,D,Miami (FL),23.0,2022.0,0,0,0,5.0,Jaquan Johnson,S,Miami (FL),70.0,191.0,4.69,18.0,33.0,121.0,,
2019,6,182,CIN,False,RB,RB,O,Texas A&M,21.0,2025.0,0,0,0,3.0,Trayveon Williams,RB,Texas A&M,68.0,206.0,4.51,19.0,33.0,121.0,7.44,4.44
2019,6,183,SFO,False,T,OL,O,Vanderbilt,22.0,2025.0,0,0,1,7.0,,,,,,,,,,,
2019,6,184,DET,False,WR,WR,O,Old Dominion,23.0,2021.0,0,0,1,0.0,Travis Fulgham,WR,Old Dominion,74.0,215.0,4.58,15.0,36.5,126.0,,
2019,6,185,GNB,False,CB,DB,D,Toledo,24.0,2024.0,0,0,0,1.0,,,,,,,,,,,
2019,6,186,DET,False,RB,RB,O,Maryland,21.0,2025.0,0,0,0,2.0,,,,,,,,,,,
2019,6,187,DEN,False,WR,WR,O,Colorado,23.0,2023.0,0,0,0,0.0,,,,,,,,,,,
2019,6,188,TEN,False,LB,LB,D,West Virginia,22.0,2024.0,0,0,2,13.0,,,,,,,,,,,
2019,6,189,CLE,False,T,OL,O,SE Missouri St.,22.0,2022.0,0,0,0,1.0,,,,,,,,,,,
2019,6,190,MIN,False,DT,DL,D,Arkansas,23.0,2024.0,0,0,1,7.0,Armon Watts,DL,Arkansas,77.0,300.0,5.23,,,,,
2019,6,191,MIN,False,S,DB,D,Wyoming,23.0,2025.0,0,0,2,0.0,,,,,,,,,,,
2019,6,192,PIT,False,DT,DL,D,Alabama,23.0,2023.0,0,0,1,5.0,Isaiah Buggs,DL,Alabama,75.0,306.0,5.15,20.0,24.5,96.0,8.01,4.83
2019,7,193,MIN,False,T,OL,O,Elon,22.0,2025.0,0,0,1,8.0,,,,,,,,,,,
2019,7,194,GNB,False,RB,RB,O,Notre Dame,22.0,2020.0,0,0,0,0.0,Dexter Williams,RB,Notre Dame,71.0,212.0,4.57,17.0,36.0,130.0,7.0,4.16
2019,7,195,HOU,False,CB,DB,D,Central Michigan,23.0,2022.0,0,0,0,0.0,Xavier Crawford,CB,Central Michigan,71.0,187.0,4.48,11.0,37.5,,,
2019,7,196,NYJ,False,CB,DB,D,Rutgers,23.0,2021.0,0,0,1,5.0,Blessuan Austin,CB,Rutgers,73.0,198.0,,15.0,,,,
2019,7,197,BAL,False,QB,QB,O,Penn St.,24.0,2022.0,0,0,0,0.0,Trace McSorley,QB,Penn State,72.0,202.0,4.57,,33.0,115.0,7.09,4.12
2019,7,198,SFO,False,CB,DB,D,Virginia,24.0,2021.0,0,0,0,0.0,,,,,,,,,,,
2019,7,199,IND,False,DE,DL,D,Mississippi St.,23.0,2022.0,0,0,0,,Gerri Green,EDGE,Mississippi State,76.0,252.0,4.63,24.0,35.0,114.0,7.27,4.42
2019,7,200,LAC,False,LB,LB,D,Houston,22.0,2021.0,0,0,0,2.0,Emeke Egbule,LB,Houston,74.0,245.0,4.65,20.0,33.0,119.0,7.38,4.38
2019,7,201,KAN,False,CB,DB,D,South Carolina,22.0,2022.0,0,0,0,7.0,Rashad Fenton,CB,South Carolina,71.0,193.0,4.52,12.0,34.0,117.0,,4.25
2019,7,202,MIA,False,T,OL,O,Ohio St.,22.0,2024.0,0,0,0,1.0,Isaiah Prince,OT,Ohio State,78.0,305.0,5.09,23.0,27.0,115.0,7.9,5.02
2019,7,203,ATL,False,WR,WR,O,La-Monroe,23.0,,0,0,0,,,,,,,,,,,,
2019,7,204,SEA,False,RB,RB,O,Miami (FL),21.0,2025.0,0,0,0,8.0,Travis Homer,RB,Miami (FL),70.0,201.0,4.48,17.0,39.5,130.0,7.07,4.31
2019,7,205,CHI,False,CB,DB,D,Kansas St.,22.0,2024.0,0,0,0,3.0,,,,,,,,,,,
2019,7,206,WAS,False,WR,WR,O,North Carolina St.,22.0,2019.0,0,0,1,3.0,Kelvin Harmon,WR,North Carolina State,74.0,221.0,4.6,18.0,32.5,117.0,7.15,4.32
2019,7,207,PIT,False,LB,LB,D,Akron,22.0,2022.0,0,0,0,2.0,,,,,,,,,,,
2019,7,208,TAM,False,WR,WR,O,Bowling Green,22.0,2025.0,0,0,1,9.0,,,,,,,,,,,
2019,7,209,SEA,False,DT,DL,D,Florida St.,24.0,,0,0,0,,Demarcus Christmas,DL,Florida State,75.0,294.0,5.08,22.0,25.5,101.0,8.13,5.07
2019,7,210,CIN,False,LB,LB,D,Auburn,23.0,,0,0,0,,Deshaun Davis,LB,Auburn,71.0,234.0,,25.0,31.0,111.0,,4.38
2019,7,211,CIN,False,RB,RB,O,Oklahoma,22.0,,0,0,0,,Rodney Anderson,RB,Oklahoma,72.0,224.0,,25.0,,,,
2019,7,212,CAR,False,T,OL,O,South Carolina,23.0,2023.0,0,0,2,8.0,Dennis Daley,OT,South Carolina,77.0,317.0,5.23,20.0,26.5,103.0,7.95,4.92
2019,7,213,DAL,False,S,DB,D,Texas A&M,24.0,2025.0,0,0,4,23.0,Donovan Wilson,S,Texas A&M,72.0,199.0,,18.0,36.0,127.0,,
2019,7,214,KAN,False,RB,RB,O,Utah St.,22.0,2020.0,0,0,0,2.0,,,,,,,,,,,
2019,7,215,TAM,False,DT,DL,D,Missouri,22.0,,0,0,0,,Terry Beckner,DL,Missouri,76.0,296.0,5.19,28.0,24.5,98.0,7.97,4.82
2019,7,216,KAN,False,G,OL,O,Illinois,23.0,2025.0,0,0,2,10.0,,,,,,,,,,,
2019,7,217,MIN,False,CB,DB,D,Texas,22.0,2024.0,0,0,0,6.0,Kris Boyd,CB,Texas,71.0,201.0,4.45,19.0,36.5,127.0,6.94,4.08
2019,7,218,DAL,False,RB,RB,O,Ohio St.,22.0,,0,0,0,,Mike Weber,RB,Ohio State,70.0,211.0,4.47,22.0,33.5,,,
2019,7,219,PIT,False,T,OL,O,Maryland,24.0,2020.0,0,0,0,0.0,Derwin Gray,OT,Maryland,76.0,320.0,5.26,26.0,,90.0,,
2019,7,220,HOU,False,RB,RB,O,Texas A&M,24.0,2022.0,0,0,0,0.0,,,,,,,,,,,
2019,7,221,CLE,False,CB,DB,D,Tulane,23.0,,0,0,0,,,,,,,,,,,,
2019,7,222,CHI,False,RB,RB,O,Florida Atlantic,22.0,2019.0,0,0,0,,,,,,,,,,,,
2019,7,223,CIN,False,CB,DB,D,South Dakota St.,23.0,,0,0,0,,,,,,,,,,,,
2019,7,224,DET,False,TE,TE,O,Georgia,22.0,2020.0,0,0,0,0.0,Isaac Nauta,TE,Georgia,75.0,244.0,4.91,19.0,28.0,,7.45,4.43
2019,8,225,BUF,False,DE,DL,D,North Carolina A&T,22.0,2022.0,0,0,0,3.0,Darryl Johnson,EDGE,North Carolina A&T,78.0,253.0,,20.0,,,,
2019,8,226,GNB,False,LB,LB,D,TCU,23.0,2025.0,0,0,0,4.0,Ty Summers,LB,TCU,73.0,241.0,4.51,27.0,36.0,123.0,,
2019,8,227,WAS,False,CB,DB,D,James Madison,24.0,2021.0,0,0,0,5.0,,,,,,,,,,,
2019,8,228,BUF,False,TE,TE,O,Boston Col.,24.0,2022.0,0,0,0,1.0,Tommy Sweeney,TE,Boston Col.,76.0,251.0,4.83,17.0,,,,
2019,8,229,DET,False,DE,DL,D,Arizona,23.0,,0,0,0,,,,,,,,,,,,
2019,8,230,OAK,False,DE,DL,D,Prairie View A&M,23.0,2025.0,0,0,0,,,,,,,,,,,,
2019,8,231,NOR,False,TE,TE,O,Notre Dame,22.0,,0,0,0,,Alize Mack,TE,Notre Dame,76.0,249.0,4.7,22.0,36.0,120.0,7.27,4.34
2019,8,232,NYG,False,T,OL,O,Kentucky,22.0,,0,0,0,,,,,,,,,,,,
2019,8,233,MIA,False,RB,RB,O,Auburn,23.0,2020.0,0,0,0,0.0,,,,,,,,,,,
2019,8,234,MIA,False,RB,RB,O,Washington,22.0,2025.0,0,0,1,13.0,Myles Gaskin,RB,Washington,69.0,205.0,4.58,24.0,35.5,118.0,7.19,4.27
2019,8,235,JAX,False,DT,DL,D,Auburn,23.0,2019.0,0,0,0,0.0,Dontavius Russell,DL,Auburn,75.0,319.0,5.15,24.0,,,7.81,4.77
2019,8,236,SEA,False,WR,WR,O,Hawaii,25.0,2019.0,0,0,0,0.0,,,,,,,,,,,
2019,8,237,CAR,False,WR,WR,O,Georgia,22.0,2020.0,0,0,0,,Terry Godwin,WR,Georgia,71.0,184.0,4.55,,36.5,117.0,6.96,
2019,8,238,CHI,False,CB,DB,D,Valdosta St.,23.0,,0,0,0,,,,,,,,,,,,
2019,8,239,MIN,False,WR,WR,O,Oregon,22.0,,0,0,0,,Dillon Mitchell,WR,Oregon,73.0,197.0,4.46,12.0,36.5,122.0,,4.29
2019,8,240,IND,False,T,OL,O,Utah,24.0,2024.0,0,0,0,,Jackson Barton,OT,Utah,79.0,310.0,5.18,25.0,27.0,109.0,7.85,4.66
2019,8,241,DAL,False,DE,DL,D,Oregon,23.0,,0,0,0,,Jalen Jelks,EDGE,Oregon,77.0,256.0,4.92,19.0,32.5,113.0,7.22,4.59
2019,8,242,LAC,False,DT,DL,D,Cincinnati,23.0,2021.0,0,0,0,1.0,,,,,,,,,,,
2019,8,243,LAR,False,S,DB,D,Penn St.,24.0,2025.0,0,0,2,7.0,,,,,,,,,,,
2019,8,244,NOR,False,LB,LB,D,Idaho,24.0,2025.0,0,0,3,7.0,,,,,,,,,,,
2019,8,245,NYG,False,DT,DL,D,Syracuse,23.0,,0,0,0,,Chris Slayton,DL,Syracuse,76.0,307.0,5.13,28.0,29.0,101.0,,4.73
2019,8,246,IND,False,C,OL,O,Mississippi,22.0,2020.0,0,0,0,,Javon Patterson,OL,Mississippi,75.0,307.0,5.13,27.0,27.5,98.0,7.72,4.78
2019,8,247,MIN,False,WR,WR,O,Colorado St.,22.0,2020.0,0,0,0,5.0,Bisi Johnson,WR,Colorado State,72.0,204.0,4.51,14.0,38.0,124.0,6.88,4.16
2019,8,248,ARI,False,T,OL,O,Morgan St.,23.0,2024.0,0,0,0,2.0,Joshua Miles,OT,Morgan State,77.0,314.0,5.32,,36.0,109.0,8.07,4.75
2019,8,249,ARI,False,DE,DL,D,Temple,23.0,2023.0,0,0,0,4.0,,,,,,,,,,,
2019,8,250,MIN,False,LS,LS,S,Air Force,22.0,2020.0,0,0,0,2.0,,,,,,,,,,,
2019,8,251,LAR,False,LB,LB,D,Texas Tech,23.0,2022.0,0,0,0,,Dakota Allen,LB,Texas Tech,73.0,232.0,4.77,23.0,31.5,116.0,6.88,4.04
2019,8,252,NWE,False,CB,DB,D,Mississippi,23.0,2020.0,0,0,0,,Ken Webster,CB,Mississippi,71.0,203.0,4.43,18.0,43.0,133.0,6.85,4.14
2019,8,253,WAS,False,DE,DL,D,Oklahoma St.,23.0,2020.0,0,0,0,,Jordan Brailford,EDGE,Oklahoma State,75.0,252.0,4.65,22.0,37.5,126.0,,
2019,8,254,ARI,False,TE,TE,O,UCLA,23.0,2020.0,0,0,0,,Caleb Wilson,TE,UCLA,76.0,240.0,4.56,,29.0,113.0,7.2,4.4
2020,1,1,CIN,False,QB,QB,O,LSU,23.0,2025.0,0,3,5,63.0,Joe Burrow,QB,LSU,75.0,221.0,,,,,,
2020,1,2,WAS,False,DE,DL,D,Ohio St.,21.0,2025.0,0,1,1,20.0,Chase Young,DL,Ohio State,77.0,264.0,,,,,,
2020,1,3,DET,False,CB,DB,D,Ohio St.,21.0,2025.0,0,0,2,7.0,Jeff Okudah,CB,Ohio State,73.0,205.0,4.48,11.0,41.0,135.0,,
2020,1,4,NYG,False,T,OL,O,Georgia,21.0,2025.0,0,0,5,33.0,Andrew Thomas,OL,Georgia,77.0,315.0,5.22,21.0,30.5,109.0,7.58,4.66
2020,1,5,MIA,False,QB,QB,O,Alabama,22.0,2025.0,0,1,5,52.0,Tua Tagovailoa,QB,Alabama,72.0,217.0,,,,,,
2020,1,6,LAC,False,QB,QB,O,Oregon,22.0,2025.0,0,2,5,74.0,Justin Herbert,QB,Oregon,78.0,236.0,4.68,,35.5,123.0,7.06,4.46
2020,1,7,CAR,False,DT,DL,D,Auburn,22.0,2025.0,0,1,4,35.0,Derrick Brown,DL,Auburn,77.0,326.0,5.16,28.0,27.0,108.0,8.22,4.79
2020,1,8,ARI,False,LB,LB,D,Clemson,22.0,2025.0,0,0,2,17.0,Isaiah Simmons,LB,Clemson,76.0,238.0,4.39,,39.0,132.0,,
2020,1,9,JAX,False,CB,DB,D,Florida,21.0,2025.0,0,0,2,4.0,C.J. Henderson,CB,Florida,73.0,204.0,4.39,20.0,37.5,127.0,,
2020,1,10,CLE,False,T,OL,O,Alabama,21.0,2024.0,0,0,3,24.0,Jedrick Wills,OL,Alabama,76.0,312.0,5.05,,34.5,113.0,,4.84
2020,1,11,NYJ,False,T,OL,O,Louisville,21.0,2025.0,0,0,3,8.0,Mekhi Becton,OL,Louisville,79.0,364.0,5.1,23.0,,,,
2020,1,12,LVR,False,WR,WR,O,Alabama,21.0,2021.0,0,0,1,8.0,Henry Ruggs III,WR,Alabama,71.0,188.0,4.27,,42.0,131.0,,
2020,1,13,TAM,False,T,OL,O,Iowa,21.0,2025.0,2,5,5,64.0,Tristan Wirfs,OL,Iowa,77.0,320.0,4.85,24.0,36.5,121.0,7.65,4.68
2020,1,14,SFO,False,DT,DL,D,South Carolina,22.0,2025.0,0,0,2,14.0,Javon Kinlaw,DL,South Carolina,77.0,324.0,,,,,,
2020,1,15,DEN,False,WR,WR,O,Alabama,21.0,2025.0,0,1,4,22.0,Jerry Jeudy,WR,Alabama,73.0,193.0,4.45,,35.0,120.0,,4.53
2020,1,16,ATL,False,CB,DB,D,Clemson,21.0,2025.0,0,0,5,31.0,A.J. Terrell,CB,Clemson,73.0,195.0,4.42,15.0,34.5,129.0,,
2020,1,17,DAL,False,WR,WR,O,Oklahoma,21.0,2025.0,1,5,5,65.0,CeeDee Lamb,WR,Oklahoma,74.0,198.0,4.5,11.0,34.5,124.0,,
2020,1,18,MIA,False,T,OL,O,USC,21.0,2025.0,0,0,4,24.0,Austin Jackson,OL,USC,77.0,322.0,5.07,27.0,31.0,115.0,7.95,
2020,1,19,LVR,False,CB,DB,D,Ohio St.,24.0,2025.0,0,0,0,2.0,Damon Arnette,CB,Ohio State,72.0,195.0,4.56,,,,,
2020,1,20,JAX,False,DE,DL,D,LSU,21.0,2025.0,0,0,0,7.0,K'Lavon Chaisson,LB,LSU,75.0,254.0,,,,,,
2020,1,21,PHI,False,WR,WR,O,TCU,21.0,2024.0,0,0,2,7.0,Jalen Reagor,WR,TCU,71.0,206.0,4.47,17.0,42.0,138.0,7.31,4.46
2020,1,22,MIN,False,WR,WR,O,LSU,21.0,2025.0,2,4,5,65.0,Justin Jefferson,WR,LSU,73.0,202.0,4.43,,37.5,126.0,,
2020,1,23,LAC,False,LB,LB,D,Oklahoma,21.0,2025.0,0,0,4,22.0,Kenneth Murray,LB,Oklahoma,74.0,241.0,4.52,21.0,38.0,129.0,,
2020,1,24,NOR,False,C,OL,O,Michigan,21.0,2025.0,0,0,5,29.0,Cesar Ruiz,OL,Michigan,75.0,307.0,5.08,28.0,33.0,113.0,7.91,4.64
2020,1,25,SFO,False,WR,WR,O,Arizona St.,22.0,2024.0,0,0,5,39.0,Brandon Aiyuk,WR,Arizona State,72.0,205.0,4.5,11.0,40.0,128.0,,
2020,1,26,GNB,False,QB,QB,O,Utah St.,21.0,2025.0,0,0,2,42.0,Jordan Love,QB,Utah State,76.0,224.0,4.74,,35.5,118.0,7.21,4.52
2020,1,27,SEA,False,LB,LB,D,Texas Tech,22.0,2025.0,1,0,4,20.0,Jordyn Brooks,LB,Texas Tech,72.0,240.0,4.54,,,,,
2020,1,28,BAL,False,LB,LB,D,LSU,21.0,2025.0,0,2,5,39.0,Patrick Queen,LB,LSU,72.0,229.0,4.5,18.0,35.0,125.0,,
2020,1,29,TEN,False,T,OL,O,Georgia,21.0,2020.0,0,0,0,0.0,Isaiah Wilson,OL,Georgia,78.0,350.0,5.32,26.0,29.0,110.0,8.26,5.07
2020,1,30,MIA,False,CB,DB,D,Auburn,20.0,2025.0,0,0,1,4.0,Noah Igbinoghene,CB,Auburn,70.0,198.0,4.48,15.0,37.0,128.0,,
2020,1,31,MIN,False,CB,DB,D,TCU,23.0,2020.0,0,0,1,5.0,Jeff Gladney,CB,TCU,70.0,191.0,4.48,17.0,37.5,124.0,7.26,
2020,1,32,KAN,False,RB,RB,O,LSU,21.0,2025.0,0,0,1,18.0,Clyde Edwards-Helaire,RB,LSU,67.0,207.0,4.6,15.0,39.5,123.0,,
2020,2,33,CIN,False,WR,WR,O,Clemson,21.0,2025.0,0,1,4,43.0,Tee Higgins,WR,Clemson,76.0,216.0,,,,,,
2020,2,34,IND,False,WR,WR,O,USC,22.0,2025.0,0,0,5,44.0,Michael Pittman,WR,USC,76.0,223.0,4.52,13.0,36.5,121.0,6.96,4.14
2020,2,35,DET,False,RB,RB,O,Georgia,21.0,2025.0,0,1,2,17.0,D'Andre Swift,RB,Georgia,68.0,212.0,4.48,,35.5,121.0,,
2020,2,36,NYG,False,S,DB,D,Alabama,22.0,2025.0,1,1,4,15.0,Xavier McKinney,S,Alabama,72.0,201.0,4.63,19.0,36.0,122.0,,
2020,2,37,NWE,False,S,DB,D,Lenoir-Rhyne,24.0,2025.0,0,0,4,24.0,Kyle Dugger,S,Lenoir-Rhyne,73.0,217.0,4.49,17.0,42.0,134.0,,
2020,2,38,CAR,False,DE,DL,D,Penn St.,22.0,2025.0,0,0,1,16.0,Yetur Gross-Matos,DL,Penn State,77.0,266.0,,20.0,34.0,120.0,,
2020,2,39,MIA,False,G,OL,O,Louisiana,24.0,2025.0,0,1,5,22.0,Robert Hunt,OL,Louisiana-Lafayette,77.0,323.0,,,,,,
2020,2,40,HOU,False,DT,DL,D,TCU,22.0,2023.0,0,0,0,3.0,Ross Blacklock,DL,TCU,75.0,290.0,4.9,,29.0,107.0,7.77,4.67
2020,2,41,IND,False,RB,RB,O,Wisconsin,21.0,2025.0,1,3,4,58.0,Jonathan Taylor,RB,Wisconsin,70.0,226.0,4.39,17.0,36.0,123.0,7.01,4.24
2020,2,42,JAX,False,WR,WR,O,Colorado,21.0,2024.0,0,0,1,9.0,Laviska Shenault Jr.,WR,Colorado,73.0,227.0,4.58,17.0,,,,
2020,2,43,CHI,False,TE,TE,O,Notre Dame,21.0,2025.0,0,0,5,25.0,Cole Kmet,TE,Notre Dame,78.0,262.0,4.7,,37.0,123.0,7.44,4.41
2020,2,44,CLE,False,S,DB,D,LSU,21.0,2025.0,0,0,3,26.0,Grant Delpit,S,LSU,74.0,213.0,,,,,,
2020,2,45,TAM,False,S,DB,D,Minnesota,22.0,2025.0,1,2,5,44.0,Antoine Winfield Jr.,S,Minnesota,69.0,203.0,4.45,,36.0,124.0,,
2020,2,46,DEN,False,WR,WR,O,Penn St.,21.0,2022.0,0,0,0,5.0,KJ Hamler,WR,Penn State,69.0,178.0,,15.0,,,,
2020,2,47,ATL,False,DE,DL,D,Auburn,22.0,2025.0,0,0,0,3.0,Marlon Davidson,DL,Auburn,75.0,303.0,5.04,21.0,,,,
2020,2,48,SEA,False,DE,DL,D,Tennessee,23.0,2025.0,0,0,0,9.0,Darrell Taylor,LB,Tennessee,76.0,267.0,,,,,,
2020,2,49,PIT,False,WR,WR,O,Notre Dame,22.0,2023.0,0,0,1,17.0,Chase Claypool,WR,Notre Dame,76.0,238.0,4.42,19.0,40.5,126.0,,
2020,2,50,CHI,False,CB,DB,D,Utah,21.0,2025.0,0,2,5,30.0,Jaylon Johnson,CB,Utah,72.0,193.0,4.5,15.0,36.5,124.0,7.01,4.13
2020,2,51,DAL,False,CB,DB,D,Alabama,21.0,2025.0,1,2,4,33.0,Trevon Diggs,CB,Alabama,73.0,205.0,,,,,,
2020,2,52,LAR,False,RB,RB,O,Florida St.,21.0,2025.0,0,0,1,10.0,Cam Akers,RB,Florida State,70.0,217.0,4.47,20.0,35.5,122.0,,4.42
2020,2,53,PHI,False,QB,QB,O,Oklahoma,22.0,2025.0,0,3,4,79.0,Jalen Hurts,QB,Oklahoma,73.0,222.0,4.59,,35.0,125.0,,
2020,2,54,BUF,False,DE,DL,D,Iowa,21.0,2025.0,0,0,1,18.0,A.J. Epenesa,DL,Iowa,77.0,275.0,5.04,17.0,32.5,117.0,7.34,4.46
2020,2,55,BAL,False,RB,RB,O,Ohio St.,21.0,2025.0,0,0,1,10.0,J.K. Dobbins,RB,Ohio State,69.0,209.0,,23.0,,,,
2020,2,56,MIA,False,DT,DL,D,Alabama,23.0,2024.0,0,0,3,22.0,Raekwon Davis,DL,Alabama,78.0,311.0,5.12,24.0,28.0,111.0,7.95,4.86
2020,2,57,LAR,False,WR,WR,O,Florida,24.0,2025.0,0,0,3,13.0,Van Jefferson,WR,Florida,73.0,200.0,,,,,,
2020,2,58,MIN,False,T,OL,O,Boise St.,22.0,2025.0,0,0,4,17.0,Ezra Cleveland,OL,Boise State,78.0,311.0,4.93,30.0,30.0,111.0,7.26,4.46
2020,2,59,NYJ,False,WR,WR,O,Baylor,22.0,2022.0,0,0,1,5.0,Denzel Mims,WR,Baylor,75.0,207.0,4.38,16.0,38.5,131.0,6.66,4.43
2020,2,60,NWE,False,LB,LB,D,Michigan,21.0,2025.0,0,0,0,8.0,Josh Uche,LB,Michigan,73.0,245.0,,18.0,,,,
2020,2,61,TEN,False,CB,DB,D,LSU,22.0,2025.0,0,0,4,13.0,Kristian Fulton,CB,LSU,72.0,197.0,4.46,,35.5,123.0,6.94,4.36
2020,2,62,GNB,False,RB,RB,O,Boston Col.,22.0,2025.0,0,0,0,23.0,AJ Dillon,RB,Boston College,72.0,247.0,4.53,23.0,41.0,131.0,7.19,
2020,2,63,KAN,False,LB,LB,D,Mississippi St.,22.0,2025.0,0,0,5,21.0,Willie Gay Jr.,LB,Mississippi State,73.0,243.0,4.46,21.0,39.5,136.0,7.08,4.3
2020,2,64,CAR,False,S,DB,D,Southern Illinois,22.0,2025.0,0,0,4,32.0,Jeremy Chinn,S,Southern Illinois,75.0,221.0,4.45,20.0,41.0,138.0,,
2020,3,65,CIN,False,LB,LB,D,Wyoming,24.0,2025.0,0,0,4,31.0,Logan Wilson,LB,Wyoming,74.0,241.0,4.63,21.0,32.0,121.0,7.07,4.27
2020,3,66,WAS,False,RB,RB,O,Memphis,22.0,2025.0,0,0,2,23.0,Antonio Gibson,WR,Memphis,72.0,228.0,4.39,16.0,35.0,118.0,,
2020,3,67,DET,False,DE,DL,D,Notre Dame,22.0,2024.0,0,0,0,4.0,Julian Okwara,DL,Notre Dame,76.0,252.0,,27.0,,,,
2020,3,68,NYJ,False,S,DB,D,California,23.0,2025.0,0,0,1,10.0,Ashtyn Davis,S,California,73.0,202.0,,14.0,,,,
2020,3,69,SEA,False,G,OL,O,LSU,23.0,2025.0,0,0,5,26.0,Damien Lewis,OL,LSU,74.0,327.0,5.24,27.0,30.0,108.0,,
2020,3,70,MIA,False,S,DB,D,Texas,22.0,2025.0,0,0,2,10.0,Brandon Jones,S,Texas,71.0,198.0,,,,,,
2020,3,71,BAL,False,DT,DL,D,Texas A&M,22.0,2025.0,0,2,4,38.0,Justin Madubuike,DL,Texas A&M,75.0,293.0,4.83,31.0,,,7.37,
2020,3,72,ARI,False,T,OL,O,Houston,23.0,2025.0,0,0,2,13.0,Joshua Jones,OL,Houston,77.0,319.0,5.27,24.0,28.5,109.0,,
2020,3,73,JAX,False,DT,DL,D,Ohio St.,23.0,2025.0,0,0,2,25.0,DaVon Hamilton,DL,Ohio State,76.0,320.0,5.14,33.0,29.5,102.0,7.72,
2020,3,74,NOR,False,LB,LB,D,Wisconsin,23.0,2025.0,1,2,1,9.0,Zack Baun,LB,Wisconsin,74.0,238.0,4.65,24.0,32.5,115.0,7.0,4.31
2020,3,75,DET,False,G,OL,O,Ohio St.,23.0,2025.0,0,1,4,25.0,Jonah Jackson,OL,Ohio State,75.0,306.0,5.23,28.0,26.0,98.0,7.83,5.02
2020,3,76,TAM,False,RB,RB,O,Illinois,23.0,2024.0,0,0,0,2.0,Ke'Shawn Vaughn,RB,Vanderbilt,70.0,214.0,4.51,,32.0,117.0,,
2020,3,77,DEN,False,CB,DB,D,Iowa,22.0,2022.0,0,0,0,4.0,Michael Ojemudia,CB,Iowa,73.0,200.0,4.45,,36.0,122.0,6.87,4.21
2020,3,78,ATL,False,C,OL,O,Temple,22.0,2025.0,0,0,1,10.0,Matt Hennessy,OL,Temple,76.0,307.0,5.18,23.0,30.0,110.0,7.45,4.6
2020,3,79,NYJ,False,DE,DL,D,Florida,23.0,2022.0,0,0,0,1.0,Jabari Zuniga,DL,Florida,75.0,264.0,4.64,29.0,33.0,127.0,,
2020,3,80,LVR,False,WR,WR,O,Kentucky,22.0,2023.0,0,0,0,,Lynn Bowden,WR,Kentucky,71.0,204.0,,13.0,,,,
2020,3,81,LVR,False,WR,WR,O,South Carolina,21.0,2022.0,0,0,1,6.0,Bryan Edwards,WR,South Carolina,75.0,212.0,,,,,,
2020,3,82,DAL,False,DT,DL,D,Oklahoma,23.0,2025.0,0,0,1,8.0,Neville Gallimore,DL,Oklahoma,74.0,304.0,4.79,23.0,,,7.97,5.01
2020,3,83,DEN,False,C,OL,O,LSU,22.0,2025.0,0,0,4,21.0,Lloyd Cushenberry,OL,LSU,75.0,312.0,5.27,25.0,,,,
2020,3,84,LAR,False,LB,LB,D,Alabama,22.0,2022.0,0,0,0,5.0,Terrell Lewis,LB,Alabama,77.0,262.0,,,37.0,124.0,,
2020,3,85,IND,False,S,DB,D,Utah,22.0,2025.0,0,0,4,20.0,Julian Blackmon,S,Utah,72.0,187.0,,,,,,
2020,3,86,BUF,False,RB,RB,O,Utah,22.0,2024.0,0,0,1,8.0,Zack Moss,RB,Utah,69.0,223.0,4.65,19.0,33.0,,,4.37
2020,3,87,NWE,False,LB,LB,D,Alabama,23.0,2025.0,0,0,2,22.0,Anfernee Jennings,LB,Alabama,74.0,256.0,,,,,,
2020,3,88,CLE,False,DT,DL,D,Texas,22.0,2025.0,0,0,3,17.0,Jordan Elliott,DL,Missouri,76.0,302.0,5.02,24.0,27.5,,,4.73
2020,3,89,MIN,False,CB,DB,D,Mississippi St.,22.0,2023.0,0,0,2,10.0,Cameron Dantzler,CB,Mississippi State,74.0,188.0,4.64,,34.5,,,
2020,3,90,HOU,False,DE,DL,D,Florida,23.0,2025.0,0,1,3,15.0,Jonathan Greenard,DL,Florida,75.0,263.0,4.87,22.0,30.5,113.0,7.13,4.34
2020,3,91,NWE,False,TE,TE,O,UCLA,23.0,2022.0,0,0,0,0.0,Devin Asiasi,TE,UCLA,75.0,257.0,4.73,16.0,30.5,115.0,,
2020,3,92,BAL,False,WR,WR,O,Texas,22.0,2025.0,1,2,1,12.0,Devin Duvernay,WR,Texas,70.0,200.0,4.39,,35.5,123.0,7.13,4.2
2020,3,93,TEN,False,RB,RB,O,Appalachian St.,22.0,2024.0,0,0,0,1.0,Darrynton Evans,RB,Appalachian State,70.0,203.0,4.41,20.0,37.0,125.0,,
2020,3,94,GNB,False,TE,TE,O,Cincinnati,23.0,2025.0,0,0,0,4.0,Josiah Deguara,TE,Cincinnati,74.0,242.0,4.72,25.0,35.5,115.0,7.15,4.35
2020,3,95,DEN,False,DT,DL,D,Arkansas,22.0,2023.0,0,0,0,2.0,McTelvin Agim,DL,Arkansas,75.0,309.0,4.98,27.0,,,,
2020,3,96,KAN,False,T,OL,O,TCU,22.0,2023.0,0,0,0,8.0,Lucas Niang,OL,TCU,78.0,315.0,,,,,,
2020,4,97,CLE,False,LB,LB,D,LSU,21.0,2022.0,0,0,0,5.0,Jacob Phillips,LB,LSU,75.0,229.0,4.66,,39.0,126.0,7.38,4.33
2020,4,98,BAL,False,LB,LB,D,Ohio St.,22.0,2025.0,0,0,0,16.0,Malik Harrison,LB,Ohio State,75.0,247.0,4.66,,36.0,122.0,6.83,4.32
2020,4,99,NYG,False,T,OL,O,Connecticut,23.0,2025.0,0,0,0,5.0,Matt Peart,OL,Connecticut,79.0,318.0,5.06,26.0,30.0,113.0,8.01,4.92
2020,4,100,LVR,False,S,DB,D,Clemson,24.0,2024.0,0,0,0,,Tanner Muse,S,Clemson,74.0,227.0,4.41,20.0,34.5,124.0,,
2020,4,101,NWE,False,TE,TE,O,Virginia Tech,21.0,2023.0,0,0,0,0.0,Dalton Keene,TE,Virginia Tech,76.0,253.0,4.71,21.0,34.0,125.0,7.07,4.19
2020,4,102,PIT,False,LB,LB,D,Charlotte,23.0,2025.0,0,0,4,35.0,Alex Highsmith,DL,Charlotte,75.0,248.0,4.7,,33.0,125.0,7.32,4.31
2020,4,103,PHI,False,LB,LB,D,Colorado,22.0,2021.0,0,0,0,3.0,Davion Taylor,LB,Colorado,72.0,228.0,4.49,21.0,35.0,127.0,6.96,4.26
2020,4,104,LAR,False,S,DB,D,Utah,21.0,2025.0,0,0,0,2.0,Terrell Burgess,S,Utah,71.0,202.0,4.46,20.0,33.5,122.0,,
2020,4,105,NOR,False,TE,TE,O,Dayton,23.0,2025.0,0,0,3,6.0,Adam Trautman,TE,Dayton,77.0,255.0,4.8,18.0,34.5,114.0,6.78,4.27
2020,4,106,BAL,False,T,OL,O,Mississippi St.,23.0,2024.0,0,0,1,6.0,Tyre Phillips,OL,Mississippi State,77.0,331.0,5.37,22.0,25.0,93.0,8.17,5.11
2020,4,107,CIN,False,LB,LB,D,Appalachian St.,22.0,2025.0,0,0,0,9.0,Akeem Davis-Gaither,LB,Appalachian State,73.0,224.0,,21.0,,,,
2020,4,108,WAS,False,T,OL,O,LSU,21.0,2025.0,0,0,1,8.0,Saahdiq Charles,OL,LSU,76.0,321.0,5.05,,,,,
2020,4,109,LVR,False,G,OL,O,Clemson,23.0,2025.0,0,0,3,9.0,John Simpson,OL,Clemson,76.0,321.0,5.24,34.0,30.0,107.0,8.03,4.87
2020,4,110,NYG,False,CB,DB,D,UCLA,22.0,2025.0,0,0,0,7.0,Darnay Holmes,CB,UCLA,70.0,195.0,4.48,12.0,,,,
2020,4,111,MIA,False,G,OL,O,Georgia,23.0,2021.0,0,0,1,6.0,Solomon Kindley,OL,Georgia,75.0,337.0,,,,,,
2020,4,112,LAC,False,RB,RB,O,UCLA,22.0,2024.0,0,0,0,9.0,Joshua Kelley,RB,UCLA,71.0,212.0,4.49,23.0,31.0,121.0,6.95,4.28
2020,4,113,CAR,False,CB,DB,D,Notre Dame,22.0,2024.0,0,0,0,3.0,Troy Pride,CB,Notre Dame,71.0,193.0,4.4,13.0,35.5,119.0,6.94,4.26
2020,4,114,ARI,False,DT,DL,D,Utah,22.0,2025.0,0,0,2,9.0,Leki Fotu,DL,Utah,77.0,330.0,5.15,21.0,,,,
2020,4,115,CLE,False,TE,TE,O,Florida Atlantic,22.0,2025.0,0,0,3,7.0,Harrison Bryant,TE,Florida Atlantic,77.0,243.0,4.73,13.0,32.5,110.0,7.41,4.37
2020,4,116,JAX,False,G,OL,O,Saint John's (MN),22.0,2025.0,0,0,1,8.0,Ben Bartch,OL,Saint John's (MN),78.0,309.0,,,,,,
2020,4,117,MIN,False,DE,DL,D,South Carolina,22.0,2025.0,0,0,2,17.0,D.J. Wonnum,DL,South Carolina,77.0,258.0,4.73,20.0,34.5,123.0,7.25,4.44
2020,4,118,DEN,False,TE,TE,O,Missouri,22.0,2025.0,0,0,0,5.0,Albert Okwuegbunam,TE,Missouri,77.0,258.0,4.49,,,,,
2020,4,119,ATL,False,LB,LB,D,Fresno St.,23.0,2025.0,0,0,2,11.0,Mykal Walker,LB,Fresno State,75.0,230.0,4.65,20.0,33.0,122.0,7.09,4.25
2020,4,120,NYJ,False,RB,RB,O,Florida,22.0,2023.0,0,0,0,2.0,La'Mical Perine,RB,Florida,71.0,216.0,4.62,22.0,35.0,118.0,7.13,4.31
2020,4,121,DET,False,G,OL,O,Kentucky,23.0,2022.0,0,0,0,3.0,Logan Stenberg,OL,Kentucky,78.0,317.0,5.3,,26.0,104.0,8.0,4.83
2020,4,122,IND,False,QB,QB,O,Washington,22.0,2022.0,0,0,0,0.0,Jacob Eason,QB,Washington,78.0,231.0,4.89,,27.5,110.0,7.5,4.75
2020,4,123,DAL,False,CB,DB,D,Tulsa,23.0,2020.0,0,0,0,0.0,Reggie Robinson II,CB,Tulsa,73.0,205.0,4.44,22.0,36.0,132.0,7.09,4.18
2020,4,124,PIT,False,RB,RB,O,Maryland,22.0,2023.0,0,0,0,1.0,Anthony McFarland,RB,Maryland,68.0,208.0,4.44,,29.5,116.0,,
2020,4,125,NYJ,False,QB,QB,O,Florida International,23.0,,0,0,0,,James Morgan,QB,Florida International,76.0,229.0,4.89,,29.0,112.0,7.51,4.64
2020,4,126,HOU,False,T,OL,O,North Carolina,23.0,2025.0,0,0,1,9.0,Charlie Heck,OL,North Carolina,80.0,311.0,5.16,21.0,28.0,112.0,8.02,4.86
2020,4,127,PHI,False,S,DB,D,Clemson,23.0,2025.0,0,0,0,4.0,K'Von Wallace,S,Clemson,71.0,206.0,4.53,18.0,38.0,133.0,6.76,4.15
2020,4,128,BUF,False,WR,WR,O,Central Florida,21.0,2025.0,0,0,4,26.0,Gabriel Davis,WR,UCF,74.0,216.0,4.54,14.0,35.0,124.0,7.08,4.59
2020,5,129,NYJ,False,T,OL,O,Charlotte,22.0,,0,0,0,,Cameron Clark,OL,Charlotte,76.0,308.0,5.29,26.0,25.0,101.0,,
2020,5,130,MIN,False,DT,DL,D,Baylor,21.0,2025.0,0,0,0,5.0,James Lynch,DL,Baylor,76.0,289.0,5.01,23.0,29.0,111.0,7.39,4.39
2020,5,131,ARI,False,DT,DL,D,LSU,22.0,2022.0,0,0,0,6.0,Rashard Lawrence II,DL,LSU,74.0,308.0,5.07,22.0,,,8.03,
2020,5,132,MIN,False,LB,LB,D,Oregon,23.0,2025.0,0,0,1,6.0,Troy Dye,LB,Oregon,75.0,231.0,,,,,,
2020,5,133,SEA,False,TE,TE,O,Stanford,21.0,2025.0,0,0,1,5.0,Colby Parkinson,TE,Stanford,79.0,252.0,4.77,18.0,32.5,109.0,7.15,4.46
2020,5,134,ATL,False,S,DB,D,California,23.0,2025.0,0,0,1,9.0,Jaylinn Hawkins,S,California,73.0,208.0,,,35.5,117.0,,
2020,5,135,PIT,False,G,OL,O,Louisiana,23.0,2025.0,0,0,3,10.0,,,,,,,,,,,
2020,5,136,LAR,False,TE,TE,O,Purdue,23.0,2023.0,0,0,0,2.0,Brycen Hopkins,TE,Purdue,76.0,245.0,4.66,21.0,33.5,116.0,7.25,4.28
2020,5,137,JAX,False,CB,DB,D,Michigan St.,21.0,2023.0,0,0,0,0.0,Josiah Scott,CB,Michigan State,69.0,185.0,4.42,17.0,,,,
2020,5,138,KAN,False,S,DB,D,Louisiana Tech,23.0,2025.0,0,0,3,19.0,L'Jarius Sneed,S,Louisiana Tech,72.0,192.0,4.37,12.0,41.0,131.0,,
2020,5,139,LVR,False,CB,DB,D,Louisiana Tech,22.0,2025.0,0,0,1,9.0,Amik Robertson,CB,Louisiana Tech,68.0,187.0,,,,,,
2020,5,140,JAX,False,LB,LB,D,Miami (FL),22.0,2024.0,0,0,0,4.0,Shaquille Quarterman,LB,Miami,72.0,234.0,4.74,23.0,31.0,120.0,,
2020,5,141,HOU,False,CB,DB,D,Penn St.,24.0,2022.0,0,0,0,1.0,John Reid,CB,Penn State,70.0,187.0,4.49,20.0,36.5,129.0,6.95,3.97
2020,5,142,WAS,False,WR,WR,O,Liberty,22.0,2021.0,0,0,0,0.0,Antonio Gandy-Golden,WR,Liberty,76.0,223.0,4.6,22.0,36.0,127.0,7.33,4.55
2020,5,143,BAL,False,G,OL,O,Michigan,22.0,2025.0,0,0,2,1.0,Ben Bredeson,OL,Michigan,77.0,315.0,,,,,,
2020,5,144,SEA,False,RB,RB,O,Miami (FL),21.0,2025.0,0,0,0,6.0,DeeJay Dallas,RB,Miami,70.0,217.0,4.58,,33.5,119.0,7.18,4.32
2020,5,145,PHI,False,G,OL,O,Auburn,23.0,2024.0,0,0,0,12.0,Jack Driscoll,OL,Auburn,77.0,306.0,5.02,23.0,29.5,114.0,,
2020,5,146,DAL,False,C,OL,O,Wisconsin,22.0,2025.0,0,1,4,24.0,Tyler Biadasz,OL,Wisconsin,76.0,314.0,,,,,,
2020,5,147,CIN,False,DE,DL,D,Notre Dame,22.0,2025.0,0,0,0,2.0,Khalid Kareem,DL,Notre Dame,76.0,268.0,,,,,,
2020,5,148,SEA,False,DE,DL,D,Syracuse,22.0,2021.0,0,0,0,4.0,Alton Robinson,DL,Syracuse,75.0,264.0,4.69,25.0,35.5,119.0,7.32,4.32
2020,5,149,IND,False,G,OL,O,Ball St.,24.0,2025.0,0,0,0,7.0,Danny Pinter,OL,Ball State,76.0,306.0,4.91,24.0,29.5,110.0,7.76,4.62
2020,5,150,NYG,False,G,OL,O,Oregon,23.0,2024.0,0,0,1,3.0,Shane Lemieux,OL,Oregon,76.0,310.0,5.11,,25.5,107.0,8.13,4.9
2020,5,151,LAC,False,WR,WR,O,Virginia,22.0,2020.0,0,0,0,0.0,Joe Reed,WR,Virginia,72.0,224.0,4.47,21.0,38.0,123.0,,
2020,5,152,CAR,False,S,DB,D,West Virginia,21.0,2021.0,0,0,0,1.0,,,,,,,,,,,
2020,5,153,SFO,False,T,OL,O,West Virginia,24.0,2025.0,0,0,2,24.0,Colton McKivitz,OL,West Virginia,78.0,306.0,5.35,20.0,26.0,106.0,7.87,5.0
2020,5,154,MIA,False,DE,DL,D,North Carolina,23.0,2020.0,0,0,0,1.0,Jason Strowbridge,DL,North Carolina,76.0,275.0,4.89,26.0,31.0,113.0,7.45,4.37
2020,5,155,CHI,False,DE,DL,D,Tulsa,23.0,2025.0,0,0,1,9.0,Trevis Gipson,DL,Tulsa,75.0,261.0,,25.0,,,,
2020,5,156,WAS,False,C,OL,O,San Diego St.,22.0,2023.0,0,0,0,2.0,Keith Ismael,OL,San Diego State,75.0,309.0,5.34,,32.0,108.0,8.14,4.65
2020,5,157,JAX,False,S,DB,D,Auburn,22.0,2025.0,0,0,0,5.0,Daniel Thomas,S,Auburn,70.0,215.0,4.51,24.0,37.0,125.0,,
2020,5,158,NYJ,False,CB,DB,D,Virginia,22.0,2024.0,0,0,2,10.0,Bryce Hall,CB,Virginia,73.0,202.0,,11.0,,,,
2020,5,159,NWE,False,K,K,S,Marshall,23.0,,0,0,0,,,,,,,,,,,,
2020,5,160,CLE,False,C,OL,O,Washington,21.0,2024.0,0,0,0,5.0,Nick Harris,OL,Washington,73.0,302.0,5.1,20.0,29.5,103.0,,
2020,6,161,TAM,False,WR,WR,O,Minnesota,22.0,2025.0,0,0,0,5.0,Tyler Johnson,WR,Minnesota,73.0,206.0,,,,,,
2020,6,162,WAS,False,LB,LB,D,Michigan,22.0,2024.0,0,0,0,7.0,Khaleke Hudson,LB,Michigan,71.0,224.0,4.56,30.0,33.0,120.0,,
2020,6,163,CHI,False,CB,DB,D,Georgia Southern,22.0,2025.0,0,0,2,7.0,Kindle Vildor,CB,Georgia Southern,70.0,191.0,4.44,22.0,39.5,133.0,7.14,4.28
2020,6,164,MIA,False,DE,DL,D,Boise St.,22.0,2021.0,0,0,0,,Curtis Weaver,LB,Boise State,74.0,265.0,,,32.5,116.0,7.0,4.27
2020,6,165,JAX,False,WR,WR,O,Texas,22.0,2024.0,0,0,0,2.0,Collin Johnson,WR,Texas,78.0,222.0,,17.0,,,,
2020,6,166,DET,False,WR,WR,O,Wisconsin,22.0,2022.0,0,0,0,5.0,Quintez Cephus,WR,Wisconsin,73.0,202.0,4.73,23.0,38.5,124.0,7.2,4.33
2020,6,167,BUF,False,QB,QB,O,Georgia,22.0,2021.0,0,0,0,,Jake Fromm,QB,Georgia,74.0,219.0,5.01,,30.0,111.0,7.27,4.51
2020,6,168,PHI,False,WR,WR,O,Boise St.,24.0,2021.0,0,0,0,1.0,John Hightower,WR,Boise State,73.0,189.0,4.43,,38.5,122.0,7.07,4.21
2020,6,169,MIN,False,CB,DB,D,Temple,21.0,2022.0,0,0,0,2.0,Harrison Hand,CB,Temple,71.0,197.0,4.52,14.0,41.0,133.0,7.15,4.27
2020,6,170,BAL,False,DT,DL,D,Texas Tech,23.0,2025.0,0,0,1,15.0,Broderick Washington,DL,Texas Tech,74.0,305.0,,23.0,,,,
2020,6,171,HOU,False,WR,WR,O,Rhode Island,21.0,2021.0,0,0,0,0.0,Isaiah Coulter,WR,Rhode Island,74.0,198.0,4.45,,36.0,121.0,7.28,4.62
2020,6,172,DET,False,RB,RB,O,New Mexico St.,22.0,2021.0,0,0,0,,,,,,,,,,,,
2020,6,173,CHI,False,WR,WR,O,Tulane,22.0,2025.0,0,0,4,23.0,Darnell Mooney,WR,Tulane,70.0,176.0,4.38,9.0,37.0,124.0,,
2020,6,174,TEN,False,DT,DL,D,North Carolina St.,23.0,2025.0,0,0,0,4.0,Larrell Murchison,DL,North Carolina State,74.0,297.0,5.05,29.0,29.0,118.0,7.89,4.51
2020,6,175,GNB,False,LB,LB,D,Minnesota,22.0,2021.0,0,0,0,3.0,Kamal Martin,LB,Minnesota,75.0,240.0,,,,,,
2020,6,176,MIN,False,WR,WR,O,Miami (FL),23.0,2024.0,0,0,2,13.0,K.J. Osborn,WR,Miami,71.0,203.0,4.48,18.0,37.5,123.0,7.0,4.35
2020,6,177,KAN,False,DE,DL,D,Michigan,22.0,2025.0,0,0,2,23.0,,,,,,,,,,,
2020,6,178,DEN,False,LB,LB,D,Wake Forest,24.0,2025.0,0,0,0,14.0,Justin Strnad,LB,Wake Forest,75.0,238.0,4.74,,29.0,113.0,,4.49
2020,6,179,DAL,False,DE,DL,D,Utah,22.0,2021.0,0,0,0,1.0,Bradlee Anae,DL,Utah,75.0,257.0,4.93,25.0,31.0,115.0,7.44,4.43
2020,6,180,CIN,False,T,OL,O,Kansas,22.0,2025.0,0,0,0,9.0,Hakeem Adeniji,OL,Kansas,76.0,302.0,5.17,26.0,34.0,115.0,,
2020,6,181,DEN,False,G,OL,O,Fresno St.,21.0,2023.0,0,0,0,3.0,Netane Muti,OL,Fresno State,75.0,315.0,,44.0,,,,
2020,6,182,NWE,False,G,OL,O,Michigan,22.0,2025.0,0,0,4,33.0,Mike Onwenu,OL,Michigan,75.0,344.0,,26.0,,,,
2020,6,183,NYG,False,LB,LB,D,Penn St.,22.0,2023.0,0,0,0,4.0,Cameron Brown,LB,Penn State,77.0,233.0,4.72,16.0,35.5,123.0,,
2020,6,184,CAR,False,DT,DL,D,Baylor,23.0,2022.0,0,0,1,9.0,,,,,,,,,,,
2020,6,185,MIA,False,LS,LS,S,LSU,23.0,2024.0,0,0,0,4.0,Blake Ferguson,LS,LSU,75.0,229.0,5.07,,31.0,112.0,7.43,4.52
2020,6,186,LAC,False,S,DB,D,Notre Dame,22.0,2025.0,0,0,2,14.0,Alohi Gilman,S,Notre Dame,70.0,201.0,4.6,17.0,32.0,119.0,6.81,4.08
2020,6,187,CLE,False,WR,WR,O,Michigan,21.0,2023.0,0,0,1,17.0,Donovan Peoples-Jones,WR,Michigan,74.0,212.0,4.48,,44.5,139.0,,
2020,6,188,BUF,False,K,K,S,Georgia Southern,23.0,2024.0,0,0,2,13.0,Tyler Bass,K,Georgia Southern,70.0,185.0,,,,,,
2020,6,189,JAX,False,QB,QB,O,Oregon St.,24.0,2020.0,0,0,0,2.0,Jake Luton,QB,Oregon State,78.0,224.0,,,,,,
2020,6,190,SFO,False,TE,TE,O,Georgia,22.0,2025.0,0,0,0,0.0,Charlie Woerner,TE,Georgia,77.0,244.0,4.78,21.0,34.5,120.0,7.18,4.46
2020,6,191,NYJ,False,P,P,S,Texas A&M,22.0,2025.0,0,0,2,7.0,Braden Mann,P,Texas A&M,71.0,198.0,4.83,,31.0,111.0,7.03,4.13
2020,6,192,GNB,False,T,OL,O,Michigan,23.0,2025.0,0,0,4,26.0,Jon Runyan,OL,Michigan,76.0,306.0,5.08,24.0,30.5,107.0,7.57,4.69
2020,7,193,IND,False,DT,DL,D,Penn St.,23.0,2020.0,0,0,0,0.0,Rob Windsor,DL,Penn State,76.0,290.0,4.9,21.0,28.5,111.0,7.47,4.44
2020,7,194,TAM,False,DT,DL,D,Nebraska,24.0,2024.0,0,0,0,0.0,Khalil Davis,DL,Nebraska,73.0,308.0,4.75,32.0,,,,
2020,7,195,NWE,False,T,OL,O,Wake Forest,24.0,2023.0,0,0,0,6.0,Justin Herron,OL,Wake Forest,76.0,308.0,5.26,27.0,33.0,105.0,8.41,4.88
2020,7,196,PHI,False,LB,LB,D,Temple,23.0,2022.0,0,0,0,3.0,Shaun Bradley,LB,Temple,73.0,235.0,4.51,14.0,32.5,121.0,7.07,4.24
2020,7,197,DET,False,DT,DL,D,Utah,23.0,2021.0,0,0,1,6.0,John Penisini,DL,Utah,73.0,318.0,,23.0,25.5,,,4.93
2020,7,198,PIT,False,S,DB,D,Maryland,22.0,2021.0,0,0,0,0.0,Antoine Brooks Jr.,S,Maryland,71.0,220.0,4.64,18.0,34.5,,,
2020,7,199,LAR,False,S,DB,D,Ohio St.,22.0,2025.0,0,0,3,15.0,Jordan Fuller,S,Ohio State,74.0,203.0,4.67,,35.5,122.0,,4.27
2020,7,200,PHI,False,WR,WR,O,Southern Miss,22.0,2023.0,0,0,1,13.0,Quez Watkins,WR,Southern Miss,72.0,185.0,4.35,,36.5,125.0,7.28,4.36
2020,7,201,BAL,False,WR,WR,O,SMU,23.0,2025.0,0,0,0,3.0,James Proche,WR,SMU,71.0,201.0,,20.0,34.5,,7.27,4.4
2020,7,202,ARI,False,LB,LB,D,California,22.0,,0,0,0,,Evan Weaver,LB,California,74.0,237.0,4.76,15.0,32.0,117.0,7.02,4.21
2020,7,203,MIN,False,T,OL,O,Oregon St.,23.0,2025.0,0,0,1,15.0,,,,,,,,,,,
2020,7,204,NWE,False,LB,LB,D,Wyoming,21.0,2020.0,0,0,0,1.0,,,,,,,,,,,
2020,7,205,MIN,False,S,DB,D,Michigan,22.0,2025.0,0,0,1,20.0,Josh Metellus,S,Michigan,71.0,209.0,4.55,20.0,36.5,124.0,6.94,4.4
2020,7,206,JAX,False,TE,TE,O,Georgia Tech,23.0,2022.0,0,0,0,0.0,,,,,,,,,,,
2020,7,207,BUF,False,WR,WR,O,Oregon St.,21.0,2025.0,0,0,1,0.0,Isaiah Hodgins,WR,Oregon State,76.0,210.0,4.61,9.0,36.5,124.0,7.01,4.12
2020,7,208,GNB,False,C,OL,O,Oregon,23.0,2024.0,0,0,0,1.0,Jake Hanson,OL,Oregon,76.0,303.0,5.5,33.0,,,,
2020,7,209,GNB,False,T,OL,O,Indiana,23.0,,0,0,0,,Simon Stepaniak,OL,Indiana,76.0,313.0,,37.0,,,,
2020,7,210,PHI,False,T,OL,O,Auburn,22.0,2023.0,0,0,0,0.0,Prince Tega Wanogho,OL,Auburn,77.0,308.0,,,,,,
2020,7,211,IND,False,CB,DB,D,Massachusetts,22.0,2025.0,0,0,1,7.0,,,,,,,,,,,
2020,7,212,IND,False,WR,WR,O,Washington St.,22.0,2022.0,0,0,0,0.0,Dezmon Patmon,WR,Washington State,76.0,225.0,4.48,15.0,36.0,132.0,7.28,4.38
2020,7,213,IND,False,LB,LB,D,Michigan,24.0,2021.0,0,0,0,2.0,,,,,,,,,,,
2020,7,214,SEA,False,WR,WR,O,Florida,22.0,2022.0,0,0,0,5.0,Freddie Swain,WR,Florida,72.0,197.0,4.46,16.0,36.5,124.0,7.05,4.26
2020,7,215,CIN,False,LB,LB,D,Purdue,23.0,2024.0,0,0,0,7.0,Markus Bailey,LB,Purdue,72.0,235.0,,15.0,,,,
2020,7,216,WAS,False,S,DB,D,Arkansas,21.0,2025.0,0,0,5,17.0,Kamren Curl,S,Arkansas,73.0,206.0,4.6,24.0,34.5,125.0,,
2020,7,217,SFO,False,WR,WR,O,Tennessee,23.0,2025.0,0,0,0,21.0,Jauan Jennings,WR,Tennessee,75.0,215.0,4.72,,29.0,119.0,,
2020,7,218,NYG,False,LB,LB,D,Minnesota,23.0,2024.0,0,0,0,5.0,Carter Coughlin,LB,Minnesota,75.0,236.0,4.57,,36.0,126.0,,
2020,7,219,BAL,False,S,DB,D,Iowa,21.0,2025.0,0,0,2,11.0,Geno Stone,S,Iowa,70.0,207.0,4.62,12.0,33.5,116.0,,
2020,7,220,LAC,False,WR,WR,O,Ohio St.,22.0,2021.0,0,0,0,1.0,K.J. Hill,WR,Ohio State,72.0,196.0,4.6,17.0,32.5,114.0,,
2020,7,221,CAR,False,CB,DB,D,Florida International,22.0,2024.0,0,0,0,2.0,Stantley Thomas-Oliver,CB,Florida International,72.0,192.0,4.48,,34.0,127.0,,
2020,7,222,ARI,False,RB,RB,O,Arizona St.,21.0,2022.0,0,0,0,4.0,Eno Benjamin,RB,Arizona State,69.0,207.0,4.57,12.0,39.0,122.0,6.97,4.25
2020,7,223,JAX,False,CB,DB,D,Memphis,23.0,2022.0,0,0,0,5.0,,,,,,,,,,,
2020,7,224,TEN,False,QB,QB,O,Hawaii,22.0,,0,0,0,,Cole McDonald,QB,Hawaii,75.0,215.0,4.58,,36.0,121.0,7.13,4.52
2020,8,225,MIN,False,DE,DL,D,Michigan St.,23.0,2021.0,0,0,0,1.0,Kenny Willekes,DL,Michigan State,75.0,264.0,4.87,32.0,32.5,119.0,7.39,
2020,8,226,CHI,False,T,OL,O,Colorado,24.0,2024.0,0,0,0,1.0,,,,,,,,,,,
2020,8,227,CHI,False,G,OL,O,Tennessee St.,23.0,2021.0,0,0,0,0.0,,,,,,,,,,,
2020,8,228,ATL,False,P,P,S,Syracuse,23.0,2021.0,0,0,0,1.0,Sterling Hofrichter,P,Syracuse,70.0,196.0,,,,,,
2020,8,229,WAS,False,DE,DL,D,North Carolina St.,23.0,2024.0,0,0,1,13.0,James Smith-Williams,DL,North Carolina State,76.0,265.0,4.6,28.0,32.0,123.0,7.35,4.52
2020,8,230,NWE,False,C,OL,O,Memphis,22.0,,0,0,0,,,,,,,,,,,,
2020,8,231,DAL,False,QB,QB,O,James Madison,23.0,2020.0,0,0,0,1.0,,,,,,,,,,,
2020,8,232,PIT,False,DT,DL,D,Nebraska,24.0,2022.0,0,0,0,1.0,Carlos Davis,DL,Nebraska,74.0,313.0,4.82,27.0,,,,4.52
2020,8,233,PHI,False,DE,DL,D,Stanford,24.0,2024.0,0,0,0,0.0,Casey Toohill,LB,Stanford,76.0,250.0,4.62,17.0,39.0,126.0,7.08,4.21
2020,8,234,LAR,False,LB,LB,D,Baylor,24.0,2022.0,0,0,0,,Clay Johnston,LB,Baylor,73.0,227.0,,18.0,,,,
2020,8,235,DET,False,DT,DL,D,Ohio St.,23.0,2021.0,0,0,0,0.0,,,,,,,,,,,
2020,8,236,GNB,False,S,DB,D,TCU,22.0,2021.0,0,0,0,1.0,,,,,,,,,,,
2020,8,237,KAN,False,CB,DB,D,Tulane,22.0,2021.0,0,0,0,1.0,BoPete Keyes,CB,Tulane,73.0,202.0,,,36.0,126.0,,
2020,8,238,NYG,False,LB,LB,D,South Carolina,22.0,2020.0,0,0,0,0.0,,,,,,,,,,,
2020,8,239,BUF,False,CB,DB,D,Pittsburgh,23.0,2025.0,0,0,1,12.0,Dane Jackson,CB,Pittsburgh,72.0,187.0,4.57,,35.0,122.0,7.07,4.27
2020,8,240,NOR,False,QB,QB,O,Mississippi St.,23.0,2020.0,0,0,0,,,,,,,,,,,,
2020,8,241,TAM,False,LB,LB,D,Temple,23.0,2021.0,0,0,0,1.0,Chapelle Russell,LB,Temple,74.0,236.0,4.69,21.0,35.0,121.0,7.38,4.41
2020,8,242,GNB,False,DE,DL,D,Miami (FL),21.0,2022.0,0,0,0,3.0,Jonathan Garvin,DL,Miami,76.0,263.0,4.82,23.0,36.0,125.0,,
2020,8,243,TEN,False,S,DB,D,Marshall,22.0,2022.0,0,0,0,2.0,,,,,,,,,,,
2020,8,244,MIN,False,QB,QB,O,Iowa,23.0,,0,0,0,,Nate Stanley,QB,Iowa,76.0,235.0,4.81,,28.5,108.0,7.26,4.48
2020,8,245,TAM,False,RB,RB,O,Louisiana,22.0,2020.0,0,0,0,,Raymond Calais,RB,Louisiana-Lafayette,68.0,188.0,4.42,20.0,37.5,120.0,,
2020,8,246,MIA,False,RB,RB,O,Navy,23.0,2020.0,0,0,0,1.0,Malcolm Perry,WR,Navy,69.0,186.0,4.63,10.0,36.0,122.0,7.12,4.31
2020,8,247,NYG,False,CB,DB,D,Minnesota,23.0,2021.0,0,0,0,,,,,,,,,,,,
2020,8,248,LAR,False,K,K,S,Miami (OH),22.0,2020.0,0,0,0,0.0,,,,,,,,,,,
2020,8,249,MIN,False,S,DB,D,Mississippi St.,23.0,,0,0,0,,Brian Cole II,S,Mississippi State,74.0,213.0,4.52,,,,,
2020,8,250,LAR,False,G,OL,O,Clemson,22.0,2023.0,0,0,0,2.0,Tremayne Anchrum,OL,Clemson,74.0,314.0,5.21,26.0,24.5,104.0,,
2020,8,251,SEA,False,TE,TE,O,LSU,23.0,2024.0,0,0,0,0.0,Stephen Sullivan,TE,LSU,77.0,248.0,4.66,,36.5,123.0,7.51,4.62
2020,8,252,DEN,False,WR,WR,O,Florida,22.0,2022.0,0,0,0,0.0,Tyrie Cleveland,WR,Florida,74.0,209.0,4.46,13.0,39.5,126.0,,
2020,8,253,MIN,False,G,OL,O,Washburn,22.0,2025.0,0,0,0,0.0,,,,,,,,,,,
2020,8,254,DEN,False,LB,LB,D,North Dakota St.,23.0,2022.0,0,0,0,1.0,Derrek Tuszka,DL,North Dakota State,76.0,251.0,4.79,24.0,33.5,120.0,6.87,4.34
2020,8,255,NYG,False,LB,LB,D,Georgia,23.0,2023.0,0,0,2,16.0,,,,,,,,,,,
2021,1,1,JAX,False,QB,QB,O,Clemson,21.0,2025.0,0,1,4,52.0,Trevor Lawrence,QB,Clemson,77.0,213.0,,,,,,
2021,1,2,NYJ,False,QB,QB,O,BYU,22.0,2025.0,0,0,3,13.0,Zach Wilson,QB,BYU,74.0,214.0,,,,,,
2021,1,3,SFO,False,QB,QB,O,North Dakota St.,21.0,2025.0,0,0,0,4.0,Trey Lance,QB,North Dakota St.,75.0,224.0,,,,,,
2021,1,4,ATL,False,TE,TE,O,Florida,20.0,2025.0,0,1,4,28.0,Kyle Pitts,TE,Florida,77.0,245.0,4.44,22.0,33.5,129.0,7.12,4.3
2021,1,5,CIN,False,WR,WR,O,LSU,21.0,2025.0,2,5,4,58.0,Ja'Marr Chase,WR,LSU,72.0,201.0,4.34,,41.0,132.0,6.96,3.99
2021,1,6,MIA,False,WR,WR,O,Alabama,22.0,2025.0,0,0,4,41.0,,,,,,,,,,,
2021,1,7,DET,False,OL,OL,O,Oregon,20.0,2025.0,3,4,4,64.0,Penei Sewell,OL,Oregon,76.0,331.0,5.13,30.0,28.0,109.0,7.76,4.68
2021,1,8,CAR,False,DB,DB,D,South Carolina,21.0,2025.0,0,2,2,22.0,Jaycee Horn,DB,South Carolina,72.0,205.0,4.39,19.0,41.5,133.0,,
2021,1,9,DEN,False,DB,DB,D,Alabama,21.0,2025.0,2,4,4,51.0,Patrick Surtain,DB,Alabama,74.0,208.0,4.42,18.0,39.0,131.0,,
2021,1,10,PHI,False,WR,WR,O,Alabama,22.0,2025.0,0,0,4,47.0,,,,,,,,,,,
2021,1,11,CHI,False,QB,QB,O,Ohio St.,22.0,2025.0,0,0,3,34.0,Justin Fields,QB,Ohio St.,74.0,227.0,4.45,,,,,
2021,1,12,DAL,False,LB,LB,D,Penn St.,22.0,2025.0,3,5,3,56.0,Micah Parsons,LB,Penn St.,75.0,246.0,4.39,19.0,34.0,126.0,6.89,4.4
2021,1,13,LAC,False,OL,OL,O,Northwestern,22.0,2024.0,0,2,3,32.0,Rashawn Slater,OL,Northwestern,76.0,304.0,4.91,33.0,33.0,112.0,7.48,4.45
2021,1,14,NYJ,False,OL,OL,O,USC,22.0,2024.0,0,0,2,14.0,Alijah Vera-Tucker,OL,USC,76.0,308.0,5.05,36.0,32.0,106.0,7.67,4.7
2021,1,15,NWE,False,QB,QB,O,Alabama,23.0,2025.0,0,1,3,24.0,Mac Jones,QB,Alabama,74.0,217.0,4.72,,32.0,116.0,7.04,4.39
2021,1,16,ARI,False,LB,LB,D,Tulsa,22.0,2025.0,0,0,3,24.0,Zaven Collins,LB,Tulsa,76.0,259.0,4.67,19.0,35.0,122.0,,4.36
2021,1,17,LVR,False,OL,OL,O,Alabama,22.0,2022.0,0,0,1,8.0,Alex Leatherwood,OL,Alabama,77.0,312.0,4.96,,34.5,118.0,,
2021,1,18,MIA,False,DL,DL,D,Miami (FL),22.0,2025.0,0,0,1,19.0,Jaelan Phillips,DL,Miami (FL),77.0,260.0,4.56,21.0,36.0,125.0,,
2021,1,19,WAS,False,LB,LB,D,Kentucky,22.0,2025.0,0,0,2,16.0,Jamin Davis,LB,Kentucky,75.0,234.0,4.47,,42.0,132.0,,
2021,1,20,NYG,False,WR,WR,O,Florida,22.0,2024.0,0,0,0,3.0,Kadarius Toney,WR,Florida,71.0,193.0,4.39,9.0,39.5,136.0,6.88,4.25
2021,1,21,IND,False,DL,DL,D,Michigan,22.0,2025.0,0,0,4,32.0,Kwity Paye,DL,Michigan,74.0,261.0,4.52,36.0,35.3,118.0,,
2021,1,22,TEN,False,DB,DB,D,Virginia Tech,22.0,2024.0,0,0,0,1.0,,,,,,,,,,,
2021,1,23,MIN,False,OL,OL,O,Virginia Tech,22.0,2025.0,0,0,3,26.0,,,,,,,,,,,
2021,1,24,PIT,False,RB,RB,O,Alabama,23.0,2025.0,0,1,4,29.0,,,,,,,,,,,
2021,1,25,JAX,False,RB,RB,O,Clemson,22.0,2025.0,0,0,3,33.0,Travis Etienne,RB,Clemson,70.0,215.0,4.45,18.0,33.5,128.0,,
2021,1,26,CLE,False,DB,DB,D,Northwestern,21.0,2025.0,0,0,3,15.0,Greg Newsome,DB,Northwestern,72.0,192.0,4.39,18.0,40.0,123.0,6.9,4.26
2021,1,27,BAL,False,WR,WR,O,Minnesota,21.0,2025.0,0,0,2,20.0,Rashod Bateman,WR,Minnesota,72.0,190.0,4.39,,36.0,123.0,,
2021,1,28,NOR,False,DE,DL,D,Houston,22.0,2024.0,0,0,0,3.0,Payton Turner,DL,Houston,77.0,268.0,,23.0,35.5,,6.98,4.33
2021,1,29,GNB,False,DB,DB,D,Georgia,22.0,2025.0,0,0,3,9.0,Eric Stokes,DB,Georgia,72.0,194.0,4.31,14.0,38.5,128.0,6.96,4.36
2021,1,30,BUF,False,DL,DL,D,Miami (FL),21.0,2025.0,0,0,4,38.0,Gregory Rousseau,DL,Miami (FL),78.0,266.0,4.68,21.0,30.0,115.0,,
2021,1,31,BAL,False,DE,DL,D,Penn St.,22.0,2025.0,0,0,1,14.0,Jayson Oweh,DE,Penn St.,77.0,257.0,4.36,21.0,39.5,134.0,6.83,4.21
2021,1,32,TAM,False,OLB,LB,D,Washington,22.0,2025.0,0,0,3,22.0,Joe Tryon,OLB,Washington,77.0,259.0,4.69,22.0,35.0,116.0,7.18,4.36
2021,2,33,JAX,False,DB,DB,D,Georgia,21.0,2025.0,0,0,4,20.0,Tyson Campbell,DB,Georgia,73.0,193.0,4.4,12.0,34.5,124.0,7.15,4.45
2021,2,34,NYJ,False,WR,WR,O,Mississippi,21.0,2025.0,0,0,3,7.0,Elijah Moore,WR,Mississippi,,,4.35,17.0,36.0,121.0,6.63,4.07
2021,2,35,DEN,False,RB,RB,O,North Carolina,21.0,2025.0,0,0,2,19.0,Javonte Williams,RB,North Carolina,69.0,212.0,4.55,22.0,36.0,123.0,6.97,4.09
2021,2,36,MIA,False,S,DB,D,Oregon,21.0,2025.0,0,0,4,21.0,Jevon Holland,S,Oregon,72.0,207.0,4.48,19.0,35.5,126.0,,4.14
2021,2,37,PHI,False,OL,OL,O,Alabama,22.0,2025.0,0,3,4,36.0,,,,,,,,,,,
2021,2,38,NWE,False,DL,DL,D,Alabama,22.0,2025.0,0,0,0,17.0,Christian Barmore,DL,Alabama,76.0,310.0,4.93,,,,,
2021,2,39,CHI,False,OL,OL,O,Oklahoma St.,23.0,2025.0,0,0,3,15.0,Teven Jenkins,OL,Oklahoma St.,77.0,317.0,5.01,36.0,32.5,106.0,7.72,4.66
2021,2,40,ATL,False,DB,DB,D,Central Florida,23.0,2025.0,0,0,2,13.0,Richie Grant,DB,Central Florida,71.0,197.0,4.49,12.0,34.5,129.0,6.78,4.27
2021,2,41,DET,False,DL,DL,D,Washington,23.0,2024.0,0,0,1,7.0,Levi Onwuzurike,DL,Washington,74.0,290.0,4.89,29.0,30.0,109.0,,
2021,2,42,MIA,False,OL,OL,O,Notre Dame,23.0,2024.0,0,0,4,23.0,Liam Eichenberg,OL,Notre Dame,78.0,306.0,,33.0,26.5,105.0,7.53,4.58
2021,2,43,LVR,False,S,DB,D,TCU,22.0,2025.0,0,0,4,20.0,Trevon Moehrig,S,TCU,,,4.5,,33.0,,,4.19
2021,2,44,DAL,False,DB,DB,D,Kentucky,21.0,2024.0,0,0,0,2.0,Kelvin Joseph,DB,Kentucky,71.0,197.0,4.34,,35.0,128.0,7.21,4.22
2021,2,45,JAX,False,T,OL,O,Stanford,22.0,2025.0,0,0,1,18.0,Walker Little,OT,Stanford,79.0,313.0,5.3,24.0,29.5,111.0,7.44,4.59
2021,2,46,CIN,False,T,OL,O,Clemson,21.0,2024.0,0,0,0,4.0,Jackson Carman,OT,Clemson,76.0,317.0,,,,,,
2021,2,47,LAC,False,DB,DB,D,Florida St.,21.0,2025.0,0,0,3,14.0,,,,,,,,,,,
2021,2,48,SFO,False,OL,OL,O,Notre Dame,24.0,2025.0,0,0,3,20.0,Aaron Banks,OL,Notre Dame,77.0,325.0,5.32,24.0,31.0,100.0,7.69,4.89
2021,2,49,ARI,False,WR,WR,O,Purdue,21.0,2023.0,0,0,0,12.0,Rondale Moore,WR,Purdue,67.0,180.0,4.28,,42.5,,6.65,4.06
2021,2,50,NYG,False,OLB,LB,D,Georgia,21.0,2025.0,0,0,1,16.0,Azeez Ojulari,OLB,Georgia,74.0,249.0,4.63,26.0,30.0,127.0,7.27,4.34
2021,2,51,WAS,False,OL,OL,O,Texas,22.0,2025.0,0,0,2,26.0,Samuel Cosmi,OL,Texas,77.0,314.0,4.87,36.0,30.0,117.0,7.35,4.39
2021,2,52,CLE,False,LB,LB,D,Notre Dame,21.0,2024.0,0,1,3,22.0,Jeremiah Owusu-Koramoah,LB,Notre Dame,73.0,221.0,,,36.5,124.0,6.8,4.15
2021,2,53,TEN,False,T,OL,O,North Dakota St.,23.0,2025.0,0,0,2,11.0,Dillon Radunz,OT,North Dakota St.,77.0,301.0,5.16,24.0,32.0,112.0,7.27,4.57
2021,2,54,IND,False,DL,DL,D,Vanderbilt,21.0,2025.0,0,0,1,12.0,Dayo Odeyingbo,DL,Vanderbilt,77.0,276.0,,,,,,
2021,2,55,PIT,False,TE,TE,O,Penn St.,22.0,2025.0,0,0,2,22.0,Pat Freiermuth,TE,Penn St.,77.0,251.0,,26.0,,,,
2021,2,56,SEA,False,WR,WR,O,Western Michigan,24.0,2025.0,0,0,0,2.0,D'Wayne Eskridge,WR,West. Michigan,68.0,190.0,4.38,,35.0,124.0,6.93,4.22
2021,2,57,LAR,False,WR,WR,O,Louisville,21.0,2025.0,0,0,1,14.0,Tutu Atwell,WR,Louisville,68.0,155.0,4.42,,33.0,117.0,6.89,4.14
2021,2,58,KAN,False,LB,LB,D,Missouri,21.0,2025.0,0,0,3,30.0,Nick Bolton,LB,Missouri,71.0,237.0,4.6,24.0,32.0,,7.4,4.5
2021,2,59,CAR,False,WR,WR,O,LSU,21.0,2024.0,0,0,1,6.0,,,,,,,,,,,
2021,2,60,NOR,False,LB,LB,D,Ohio St.,22.0,2025.0,0,0,3,30.0,Pete Werner,LB,Ohio St.,74.0,238.0,4.58,20.0,39.5,122.0,6.95,4.38
2021,2,61,BUF,False,DL,DL,D,Wake Forest,23.0,2025.0,0,0,0,3.0,Carlos Basham,DL,Wake Forest,75.0,274.0,4.64,20.0,34.0,122.0,7.13,4.25
2021,2,62,GNB,False,C,OL,O,Ohio St.,23.0,2025.0,0,0,3,27.0,Josh Myers,C,Ohio St.,77.0,310.0,,29.0,,,,
2021,2,63,KAN,False,OL,OL,O,Oklahoma,22.0,2025.0,2,4,4,51.0,Creed Humphrey,OL,Oklahoma,76.0,302.0,5.11,29.0,33.0,112.0,7.5,4.49
2021,2,64,TAM,False,QB,QB,O,Florida,23.0,2024.0,0,0,0,0.0,Kyle Trask,QB,Florida,77.0,236.0,5.1,,31.5,113.0,7.08,4.6
2021,3,65,JAX,False,DB,DB,D,Syracuse,21.0,2025.0,0,0,3,18.0,Andre Cisco,DB,Syracuse,,,,17.0,,,,
2021,3,66,MIN,False,QB,QB,O,Texas A&M,22.0,2021.0,0,0,0,0.0,,,,,,,,,,,
2021,3,67,HOU,False,QB,QB,O,Stanford,22.0,2025.0,0,0,2,17.0,Davis Mills,QB,Stanford,75.0,217.0,4.82,,32.0,110.0,6.95,4.4
2021,3,68,ATL,False,OL,OL,O,Michigan,21.0,2023.0,0,0,1,7.0,,,,,,,,,,,
2021,3,69,CIN,False,LB,LB,D,Texas,21.0,2025.0,0,0,0,10.0,Joseph Ossai,LB,Texas,75.0,256.0,4.63,19.0,41.5,131.0,,
2021,3,70,CAR,False,OL,OL,O,BYU,24.0,2025.0,0,0,1,14.0,Brady Christensen,OL,BYU,,,,30.0,34.0,124.0,,
2021,3,71,NYG,False,DB,DB,D,Central Florida,22.0,2022.0,0,0,0,2.0,Aaron Robinson,DB,Central Florida,71.0,186.0,4.39,15.0,37.0,123.0,6.89,4.29
2021,3,72,DET,False,DT,DL,D,North Carolina St.,21.0,2025.0,0,0,3,23.0,,,,,,,,,,,
2021,3,73,PHI,False,DL,DL,D,Louisiana Tech,22.0,2025.0,0,0,1,11.0,Milton Williams,DL,Louisiana Tech,75.0,284.0,4.67,34.0,38.5,121.0,6.96,4.33
2021,3,74,WAS,False,DB,DB,D,Minnesota,23.0,2025.0,0,0,3,12.0,Benjamin St-Juste,DB,Minnesota,75.0,202.0,4.51,11.0,34.5,119.0,6.63,3.96
2021,3,75,DAL,False,DL,DL,D,UCLA,23.0,2025.0,0,0,4,31.0,,,,,,,,,,,
2021,3,76,NOR,False,CB,DB,D,Stanford,22.0,2025.0,0,0,4,19.0,Paulson Adebo,CB,Stanford,73.0,198.0,4.45,18.0,36.5,121.0,6.69,4.13
2021,3,77,LAC,False,WR,WR,O,Tennessee,21.0,2025.0,0,0,1,19.0,,,,,,,,,,,
2021,3,78,MIN,False,LB,LB,D,North Carolina,24.0,2025.0,0,0,0,1.0,Chazz Surratt,LB,North Carolina,74.0,229.0,4.58,25.0,31.0,,7.02,4.16
2021,3,79,LVR,False,DE,DL,D,Buffalo,23.0,2025.0,0,0,1,9.0,Malcolm Koonce,DE,Buffalo,74.0,249.0,,,,,,
2021,3,80,LVR,False,DB,DB,D,Virginia Tech,23.0,2025.0,0,0,2,19.0,Divine Deablo,DB,Virginia Tech,75.0,226.0,4.42,19.0,34.0,126.0,7.12,4.4
2021,3,81,MIA,False,TE,TE,O,Boston Col.,23.0,2025.0,0,0,0,0.0,,,,,,,,,,,
2021,3,82,WAS,False,WR,WR,O,North Carolina,21.0,2025.0,0,0,0,6.0,Dyami Brown,WR,North Carolina,72.0,189.0,4.46,18.0,35.0,128.0,6.87,4.35
2021,3,83,CAR,False,TE,TE,O,Notre Dame,21.0,2025.0,0,0,1,7.0,Tommy Tremble,TE,Notre Dame,75.0,241.0,4.6,20.0,36.5,122.0,,
2021,3,84,DAL,False,DL,DL,D,Iowa,23.0,2025.0,0,0,0,12.0,Chauncey Golston,DL,Iowa,76.0,269.0,4.79,,36.0,119.0,7.52,4.65
2021,3,85,GNB,False,WR,WR,O,Clemson,21.0,2023.0,0,0,0,1.0,Amari Rodgers,WR,Clemson,69.0,212.0,4.52,19.0,33.0,121.0,7.07,4.31
2021,3,86,MIN,False,OL,OL,O,Ohio St.,22.0,2022.0,0,0,0,0.0,Wyatt Davis,OL,Ohio St.,75.0,315.0,,25.0,,,,
2021,3,87,PIT,False,OL,OL,O,Illinois,22.0,2025.0,0,0,1,5.0,Kendrick Green,OL,Illinois,73.0,305.0,4.89,25.0,35.5,119.0,7.79,4.67
2021,3,88,SFO,False,RB,RB,O,Ohio St.,22.0,2025.0,0,0,0,1.0,Trey Sermon,RB,Ohio St.,72.0,215.0,4.57,,37.0,125.0,6.83,4.28
2021,3,89,HOU,False,WR,WR,O,Michigan,22.0,2025.0,0,2,1,33.0,Nico Collins,WR,Michigan,76.0,215.0,4.43,14.0,37.5,125.0,6.78,4.29
2021,3,90,MIN,False,DL,DL,D,Pittsburgh,22.0,2025.0,0,0,0,7.0,Patrick Jones,DL,Pittsburgh,76.0,261.0,4.85,22.0,31.5,107.0,,
2021,3,91,CLE,False,WR,WR,O,Auburn,21.0,2022.0,0,0,0,2.0,Anthony Schwartz,WR,Auburn,72.0,186.0,4.27,,32.0,123.0,7.13,4.25
2021,3,92,TEN,False,LB,LB,D,Georgia,22.0,2025.0,0,0,0,6.0,Monty Rice,LB,Georgia,72.0,233.0,4.58,,32.0,121.0,7.34,4.33
2021,3,93,BUF,False,OL,OL,O,Northern Iowa,23.0,2025.0,0,0,3,38.0,,,,,,,,,,,
2021,3,94,BAL,False,OL,OL,O,Georgia,23.0,2025.0,0,0,0,6.0,Ben Cleveland,OL,Georgia,78.0,343.0,5.05,30.0,28.0,102.0,,4.88
2021,3,95,TAM,False,OL,OL,O,Notre Dame,23.0,2025.0,0,0,2,15.0,Robert Hainsey,OL,Notre Dame,76.0,306.0,5.2,32.0,27.5,104.0,7.58,4.63
2021,3,96,NWE,False,DE,DL,D,Oklahoma,21.0,2023.0,0,0,0,,Ronnie Perkins,DE,Oklahoma,74.0,253.0,4.71,25.0,32.0,115.0,,4.69
2021,4,97,LAC,False,TE,TE,O,Georgia,22.0,2023.0,0,0,0,1.0,Tre' McKitty,TE,Georgia,76.0,247.0,,,,,,
2021,4,98,DEN,False,C,OL,O,Wisconsin–Whitewater,22.0,2025.0,2,1,3,34.0,Quinn Meinerz,OL,Wisconsin–Whitewater,74.0,320.0,4.99,,32.0,111.0,7.54,4.58
2021,4,99,DAL,False,DB,DB,D,Oregon St.,22.0,2025.0,0,1,0,2.0,Nahshon Wright,DB,Oregon St.,76.0,183.0,4.46,6.0,31.0,126.0,7.24,4.57
2021,4,100,TEN,False,DB,DB,D,Washington,22.0,2025.0,0,0,1,6.0,Elijah Molden,DB,Washington,69.0,192.0,4.62,13.0,36.5,125.0,,
2021,4,101,DET,False,DB,DB,D,Syracuse,22.0,2025.0,0,0,0,6.0,Ifeatu Melifonwu,DB,Syracuse,74.0,205.0,4.48,16.0,41.5,134.0,7.01,4.34
2021,4,102,SFO,False,DB,DB,D,Michigan,21.0,2023.0,0,0,0,6.0,Ambry Thomas,DB,Michigan,71.0,191.0,4.37,15.0,38.0,122.0,,
2021,4,103,LAR,False,LB,LB,D,South Carolina,21.0,2025.0,0,0,2,13.0,Ernest Jones,LB,South Carolina,73.0,230.0,4.65,,38.5,,,
2021,4,104,BAL,False,CB,DB,D,SMU,23.0,2025.0,0,0,3,16.0,,,,,,,,,,,
2021,4,105,DEN,False,LB,LB,D,Ohio St.,22.0,2025.0,0,0,1,15.0,Baron Browning,LB,Ohio St.,74.0,245.0,4.58,23.0,40.0,130.0,6.78,4.23
2021,4,106,JAX,False,DL,DL,D,USC,22.0,2025.0,0,0,0,0.0,Jay Tufele,DL,USC,74.0,305.0,5.0,30.0,30.0,105.0,7.8,4.88
2021,4,107,NYJ,False,RB,RB,O,North Carolina,22.0,2025.0,0,0,2,11.0,Michael Carter,RB,North Carolina,67.0,201.0,4.5,16.0,34.0,119.0,6.81,3.98
2021,4,108,ATL,False,CB,DB,D,San Diego St.,21.0,2025.0,0,0,1,4.0,Darren Hall,CB,San Diego St.,71.0,188.0,4.47,16.0,38.5,132.0,7.07,4.28
2021,4,109,TEN,False,WR,WR,O,Louisville,23.0,2024.0,0,0,0,0.0,Dez Fitzpatrick,WR,Louisville,73.0,208.0,4.43,,35.0,,7.09,4.26
2021,4,110,CLE,False,OL,OL,O,Cincinnati,22.0,2025.0,0,0,0,8.0,James Hudson,OL,Cincinnati,76.0,313.0,5.27,22.0,28.5,98.0,8.05,4.79
2021,4,111,CIN,False,DE,DL,D,Tulane,21.0,2025.0,0,0,0,7.0,,,,,,,,,,,
2021,4,112,DET,False,WR,WR,O,USC,21.0,2025.0,2,4,3,57.0,Amon-Ra St. Brown,WR,USC,71.0,197.0,4.51,20.0,38.5,127.0,6.88,4.17
2021,4,113,DET,False,DE,DL,D,Purdue,22.0,2025.0,0,0,1,17.0,Derrick Barnes,DE,Purdue,72.0,238.0,4.57,29.0,37.0,119.0,,4.27
2021,4,114,ATL,False,C,OL,O,Stanford,22.0,2025.0,0,1,2,15.0,Drew Dalman,C,Stanford,75.0,299.0,5.11,33.0,33.0,109.0,7.33,4.52
2021,4,115,DAL,False,LB,LB,D,LSU,23.0,2023.0,0,0,0,2.0,Jabril Cox,LB,LSU,75.0,232.0,,,,,,
2021,4,116,NYG,False,DL,DL,D,Northern Iowa,23.0,2024.0,0,0,0,1.0,Elerson Smith,DL,Northern Iowa,,,4.71,26.0,41.5,127.0,7.0,4.39
2021,4,117,LAR,False,DL,DL,D,Texas A&M,21.0,2025.0,0,0,2,13.0,,,,,,,,,,,
2021,4,118,LAC,False,DE,DL,D,Duke,22.0,2025.0,0,0,0,3.0,Chris Rumph,DE,Duke,74.0,244.0,,18.0,,,,
2021,4,119,MIN,False,RB,RB,O,Iowa St.,23.0,2025.0,0,0,0,3.0,,,,,,,,,,,
2021,4,120,NWE,False,RB,RB,O,Oklahoma,23.0,2025.0,0,0,2,28.0,Rhamondre Stevenson,RB,Oklahoma,71.0,231.0,4.64,15.0,31.5,112.0,7.09,4.15
2021,4,121,JAX,False,OLB,LB,D,Ala-Birmingham,23.0,2021.0,0,0,0,0.0,Jordan Smith,OLB,Ala-Birmingham,77.0,264.0,4.8,16.0,33.0,117.0,,
2021,4,122,CIN,False,DT,DL,D,LSU,23.0,2022.0,0,0,0,0.0,Tyler Shelvin,DT,LSU,74.0,350.0,5.4,,28.5,97.0,8.15,5.05
2021,4,123,PHI,False,DB,DB,D,Texas Tech,23.0,2022.0,0,0,0,2.0,,,,,,,,,,,
2021,4,124,WAS,False,TE,TE,O,Boise St.,23.0,2025.0,0,0,0,6.0,,,,,,,,,,,
2021,4,125,MIN,False,CB,DB,D,California,23.0,2025.0,0,0,3,19.0,Camryn Bynum,CB,California,72.0,196.0,4.58,,34.0,129.0,6.99,4.1
2021,4,126,CAR,False,RB,RB,O,Oklahoma St.,22.0,2025.0,0,0,2,27.0,Chuba Hubbard,RB,Oklahoma St.,72.0,210.0,4.48,20.0,36.0,120.0,7.24,4.26
2021,4,127,IND,False,TE,TE,O,SMU,23.0,2025.0,0,0,0,8.0,,,,,,,,,,,
2021,4,128,PIT,False,OL,OL,O,Texas A&M,22.0,2025.0,0,0,4,28.0,,,,,,,,,,,
2021,5,129,TAM,False,WR,WR,O,North Texas,22.0,2024.0,0,0,0,0.0,Jaelon Darden,WR,North Texas,67.0,174.0,4.47,,35.5,122.0,6.66,3.98
2021,5,130,LAR,False,DB,DB,D,Central Arkansas,23.0,2025.0,0,0,0,3.0,Robert Rochell,DB,Central Arkansas,71.0,193.0,4.41,9.0,43.0,133.0,6.84,4.08
2021,5,131,BAL,False,WR,WR,O,Oklahoma St.,22.0,2025.0,0,0,0,3.0,Tylan Wallace,WR,Oklahoma St.,71.0,194.0,4.48,11.0,33.0,112.0,6.97,4.25
2021,5,132,CLE,False,DT,DL,D,Ohio St.,21.0,2025.0,0,0,0,2.0,Tommy Togiai,DT,Ohio St.,73.0,296.0,4.97,40.0,32.0,105.0,7.2,4.49
2021,5,133,NOR,False,QB,QB,O,Notre Dame,23.0,2021.0,0,0,0,0.0,Ian Book,QB,Notre Dame,72.0,211.0,4.65,,32.5,115.0,6.99,4.19
2021,5,134,MIN,False,DE,DL,D,Florida St.,22.0,2024.0,0,0,0,,,,,,,,,,,,
2021,5,135,TEN,False,DL,DL,D,Pittsburgh,23.0,2024.0,0,0,0,5.0,Rashad Weaver,DL,Pittsburgh,76.0,259.0,4.88,20.0,32.0,114.0,6.97,4.26
2021,5,136,ARI,False,CB,DB,D,Florida,22.0,2025.0,0,0,3,12.0,Marco Wilson,CB,Florida,71.0,191.0,4.37,26.0,43.5,136.0,6.8,4.13
2021,5,137,SEA,False,CB,DB,D,Oklahoma,23.0,2025.0,0,0,0,6.0,Tre Brown,CB,Oklahoma,69.0,185.0,4.42,13.0,38.0,123.0,7.11,4.27
2021,5,138,DAL,False,OL,OL,O,Marshall,23.0,2022.0,0,0,0,1.0,Josh Ball,OL,Marshall,79.0,308.0,5.2,28.0,27.5,106.0,7.77,4.7
2021,5,139,CIN,False,T,OL,O,East Carolina,23.0,2022.0,0,0,0,1.0,,,,,,,,,,,
2021,5,140,PIT,False,LB,LB,D,Texas A&M,22.0,2025.0,0,0,0,0.0,,,,,,,,,,,
2021,5,141,LAR,False,WR,WR,O,Central Florida,24.0,2023.0,0,0,0,0.0,,,,,,,,,,,
2021,5,142,GNB,False,G,OL,O,Mississippi,24.0,2024.0,0,0,1,14.0,,,,,,,,,,,
2021,5,143,LVR,False,S,DB,D,Missouri,23.0,2022.0,0,0,0,1.0,Tyree Gillespie,S,Missouri,,,4.38,15.0,,,7.06,
2021,5,144,KAN,False,DE,DL,D,Florida St.,22.0,2021.0,0,0,0,0.0,,,,,,,,,,,
2021,5,145,JAX,False,TE,TE,O,Ohio St.,23.0,2025.0,0,0,0,2.0,Luke Farrell,TE,Ohio St.,77.0,251.0,4.79,22.0,36.5,118.0,7.14,4.36
2021,5,146,NYJ,False,DB,DB,D,Auburn,21.0,2025.0,0,0,1,16.0,Jamien Sherwood,DB,Auburn,73.0,216.0,4.76,15.0,36.0,123.0,7.15,4.36
2021,5,147,HOU,False,TE,TE,O,Miami (FL),21.0,2024.0,0,0,0,4.0,Brevin Jordan,TE,Miami (FL),74.0,247.0,4.64,17.0,31.0,116.0,,
2021,5,148,ATL,False,DL,DL,D,Texas,22.0,2025.0,0,0,1,9.0,Ta'Quon Graham,DL,Texas,75.0,292.0,4.89,32.0,32.5,113.0,7.31,4.68
2021,5,149,CIN,False,K,K,S,Florida,22.0,2025.0,0,0,2,15.0,,,,,,,,,,,
2021,5,150,PHI,False,RB,RB,O,Memphis,22.0,2025.0,0,0,0,15.0,Kenneth Gainwell,RB,Memphis,,201.0,4.42,21.0,,,,
2021,5,151,CHI,False,OL,OL,O,Missouri,22.0,2025.0,0,0,1,13.0,Larry Borom,OL,Missouri,77.0,322.0,5.12,,31.0,,,
2021,5,152,DEN,False,DB,DB,D,Texas,21.0,2023.0,0,0,0,3.0,Caden Sterns,DB,Texas,71.0,202.0,4.41,14.0,42.0,128.0,6.96,4.13
2021,5,153,CLE,False,LB,LB,D,West Virginia,22.0,2024.0,0,0,0,9.0,Tony Fields,LB,West Virginia,72.0,222.0,4.64,17.0,34.0,114.0,7.15,4.48
2021,5,154,NYJ,False,S,DB,D,Duke,22.0,2025.0,0,0,0,10.0,,,,,,,,,,,
2021,5,155,SFO,False,T,OL,O,Western Michigan,23.0,2025.0,0,0,0,8.0,,,,,,,,,,,
2021,5,156,PIT,False,DE,DL,D,Wisconsin,23.0,2025.0,0,0,0,6.0,Isaiahh Loudermilk,DE,Wisconsin,78.0,274.0,5.08,21.0,28.5,112.0,7.52,4.55
2021,5,157,MIN,False,WR,WR,O,Iowa,22.0,2024.0,0,0,0,1.0,Ihmir Smith-Marsette,WR,Iowa,72.0,181.0,4.43,,37.0,124.0,7.0,4.2
2021,5,158,CAR,False,DT,DL,D,Iowa,22.0,2022.0,0,0,0,1.0,Daviyon Nixon,DT,Iowa,75.0,313.0,4.9,,28.5,106.0,7.68,4.7
2021,5,159,LAC,False,OL,OL,O,Nebraska,22.0,2025.0,0,0,0,5.0,Brenden Jaimes,OL,Nebraska,77.0,298.0,,25.0,30.5,112.0,7.5,4.51
2021,5,160,BAL,False,CB,DB,D,Ohio St.,22.0,2023.0,0,0,0,,Shaun Wade,CB,Ohio St.,72.0,196.0,,,,,,
2021,6,161,BUF,False,OL,OL,O,Miami (OH),23.0,2022.0,0,0,0,1.0,,,,,,,,,,,
2021,6,162,KAN,False,TE,TE,O,Duke,22.0,2025.0,0,0,2,11.0,Noah Gray,TE,Duke,75.0,240.0,4.55,15.0,35.0,115.0,6.83,4.37
2021,6,163,WAS,False,S,DB,D,Cincinnati,22.0,2024.0,0,0,1,7.0,Darrick Forrest,S,Cincinnati,71.0,206.0,4.42,21.0,39.0,132.0,6.91,4.23
2021,6,164,DEN,False,DB,DB,D,Indiana,21.0,2021.0,0,0,0,0.0,Jamar Johnson,DB,Indiana,74.0,205.0,4.58,17.0,35.0,122.0,7.22,4.41
2021,6,165,IND,False,DB,DB,D,Florida,23.0,2021.0,0,0,0,,Shawn Davis,DB,Florida,70.0,202.0,,17.0,39.5,128.0,,
2021,6,166,CAR,False,DB,DB,D,Washington,22.0,2025.0,0,0,0,4.0,Keith Taylor,DB,Washington,74.0,187.0,4.54,12.0,33.5,127.0,6.85,4.26
2021,6,167,LVR,False,CB,DB,D,Illinois,22.0,2025.0,0,0,3,12.0,,,,,,,,,,,
2021,6,168,MIN,False,TE,TE,O,Central Missouri St.,23.0,2025.0,0,0,0,,,,,,,,,,,,
2021,6,169,CLE,False,DB,DB,D,Georgia,22.0,2023.0,0,0,0,1.0,Richard LeCounte,DB,Georgia,70.0,196.0,4.79,,32.5,128.0,7.44,4.49
2021,6,170,HOU,False,LB,LB,D,TCU,22.0,2025.0,0,0,0,4.0,Garret Wallow,LB,TCU,,,4.65,22.0,32.5,122.0,6.87,4.12
2021,6,171,BAL,False,DL,DL,D,Notre Dame,23.0,2021.0,0,0,0,0.0,Daelin Hayes,DL,Notre Dame,75.0,253.0,4.71,26.0,32.5,119.0,7.17,4.29
2021,6,172,SFO,False,CB,DB,D,Oregon,21.0,2025.0,0,0,3,21.0,Deommodore Lenoir,CB,Oregon,70.0,199.0,4.48,15.0,34.5,121.0,7.02,4.35
2021,6,173,GNB,False,DL,DL,D,Florida,23.0,2025.0,0,0,2,17.0,Tedarrell Slaton,DL,Florida,76.0,330.0,5.09,27.0,29.0,109.0,7.91,4.81
2021,6,174,LAR,False,DE,DL,D,Northwestern,22.0,2024.0,0,0,0,1.0,,,,,,,,,,,
2021,6,175,NYJ,False,CB,DB,D,Pittsburgh,22.0,2025.0,0,0,2,1.0,,,,,,,,,,,
2021,6,176,TAM,False,LB,LB,D,Auburn,22.0,2025.0,0,0,1,10.0,K.J. Britt,LB,Auburn,72.0,235.0,4.76,24.0,32.5,118.0,7.38,4.4
2021,6,177,NWE,False,LB,LB,D,Michigan,21.0,2025.0,0,0,0,,,,,,,,,,,,
2021,6,178,GNB,False,DB,DB,D,Appalachian St.,23.0,2024.0,0,0,0,1.0,,,,,,,,,,,
2021,6,179,DAL,False,WR,WR,O,Stanford,23.0,2025.0,0,0,0,0.0,Simi Fehoko,WR,Stanford,75.0,222.0,4.44,16.0,34.5,120.0,6.78,4.26
2021,6,180,SFO,False,S,DB,D,USC,22.0,2025.0,1,1,2,19.0,Talanoa Hufanga,S,USC,,,4.65,,,,,
2021,6,181,KAN,False,WR,WR,O,Clemson,23.0,2022.0,0,0,0,0.0,Cornell Powell,WR,Clemson,72.0,204.0,4.53,16.0,36.5,128.0,7.03,4.21
2021,6,182,ATL,False,DL,DL,D,Notre Dame,22.0,2024.0,0,0,2,10.0,Adetokunbo Ogundeji,DL,Notre Dame,76.0,260.0,4.75,22.0,32.0,120.0,7.17,4.64
2021,6,183,ATL,False,CB,DB,D,Boise St.,23.0,2025.0,0,0,0,2.0,Avery Williams,CB,Boise St.,68.0,187.0,4.43,19.0,33.5,121.0,6.88,4.0
2021,6,184,BAL,False,FB,RB,O,Michigan,22.0,2023.0,0,0,0,0.0,,,,,,,,,,,
2021,6,185,LAC,False,LB,LB,D,Iowa,23.0,2025.0,0,0,0,5.0,,,,,,,,,,,
2021,6,186,NYJ,False,DB,DB,D,Florida St.,22.0,2022.0,0,0,0,2.0,Hamsah Nasirildeen,DB,Florida St.,75.0,215.0,,17.0,32.0,,7.05,4.31
2021,6,187,ATL,False,WR,WR,O,Arizona St.,23.0,2023.0,0,0,0,0.0,Frank Darby,WR,Arizona St.,72.0,201.0,4.56,19.0,34.5,117.0,7.05,4.25
2021,6,188,NWE,False,S,DB,D,Missouri,22.0,2023.0,0,0,0,0.0,Joshuah Bledsoe,S,Missouri,,,,,,,,
2021,6,189,PHI,False,DL,DL,D,USC,22.0,2025.0,0,0,0,2.0,,,,,,,,,,,
2021,6,190,CIN,False,OL,OL,O,Georgia,21.0,2024.0,0,0,0,3.0,Trey Hill,OL,Georgia,75.0,319.0,5.5,,,,,
2021,6,191,PHI,False,DE,DL,D,Coastal Carolina,23.0,2024.0,0,0,0,1.0,Tarron Jackson,DE,Coastal Carolina,74.0,254.0,4.68,25.0,29.0,118.0,7.45,4.51
2021,6,192,DAL,False,DT,DL,D,Kentucky,22.0,2025.0,0,0,1,6.0,,,,,,,,,,,
2021,7,193,CAR,False,OL,OL,O,Alabama,23.0,2021.0,0,0,0,0.0,Deonte Brown,OL,Alabama,75.0,344.0,,,27.0,,,
2021,7,194,SFO,False,RB,RB,O,Louisiana,23.0,2025.0,0,0,0,11.0,Elijah Mitchell,RB,Louisiana,70.0,201.0,4.38,17.0,37.5,128.0,6.94,4.19
2021,7,195,HOU,False,DL,DL,D,Arizona,24.0,2025.0,0,0,3,12.0,,,,,,,,,,,
2021,7,196,NYG,False,RB,RB,O,Arizona,22.0,2025.0,0,0,0,1.0,Gary Brightwell,RB,Arizona,70.0,218.0,4.62,17.0,34.5,118.0,7.51,4.48
2021,7,197,NWE,False,OL,OL,O,Colorado,22.0,2025.0,0,0,0,0.0,William Sherman,OL,Colorado,75.0,304.0,5.19,23.0,26.0,108.0,7.71,4.82
2021,7,198,LAC,False,RB,RB,O,Missouri,22.0,2022.0,0,0,0,1.0,Larry Rountree,RB,Missouri,,,4.62,,30.0,,6.96,
2021,7,199,MIN,False,DL,DL,D,Pittsburgh,22.0,,0,0,0,,Jaylen Twyman,DL,Pittsburgh,73.0,301.0,5.4,40.0,32.5,104.0,8.0,
2021,7,200,NYJ,False,CB,DB,D,Kentucky,23.0,2025.0,0,0,1,9.0,,,,,,,,,,,
2021,7,201,NYG,False,CB,DB,D,Oklahoma St.,24.0,2022.0,0,0,0,1.0,Rodarius Williams,CB,Oklahoma St.,71.0,189.0,4.5,14.0,36.5,123.0,6.98,4.15
2021,7,202,CIN,False,RB,RB,O,Michigan,23.0,2023.0,0,0,0,2.0,Chris Evans,RB,Michigan,71.0,211.0,4.5,20.0,40.5,127.0,6.83,4.12
2021,7,203,BUF,False,WR,WR,O,Houston,23.0,2021.0,0,0,0,0.0,Marquez Stevenson,WR,Houston,70.0,180.0,4.48,,33.0,122.0,6.76,4.14
2021,7,204,CAR,False,WR,WR,O,South Carolina,22.0,2022.0,0,0,0,4.0,,,,,,,,,,,
2021,7,205,TEN,False,WR,WR,O,LSU,22.0,2022.0,0,0,0,0.0,Racey McMath,WR,LSU,74.0,217.0,4.36,,34.0,124.0,7.38,4.38
2021,7,206,NOR,False,T,OL,O,Kentucky,24.0,2024.0,0,0,0,9.0,Landon Young,OT,Kentucky,78.0,310.0,5.0,34.0,30.5,108.0,7.7,4.89
2021,7,207,NYJ,False,DL,DL,D,Arkansas,23.0,2021.0,0,0,0,0.0,,,,,,,,,,,
2021,7,208,SEA,False,OL,OL,O,Florida,23.0,2025.0,0,0,0,9.0,Stone Forsythe,OL,Florida,80.0,307.0,5.14,25.0,27.5,103.0,7.47,4.65
2021,7,209,JAX,False,WR,WR,O,Georgia Tech,23.0,2022.0,0,0,0,,,,,,,,,,,,
2021,7,210,ARI,False,DE,DL,D,Duke,21.0,2025.0,0,0,0,6.0,Victor Dimukeje,DE,Duke,73.0,262.0,4.87,28.0,34.5,115.0,7.25,4.35
2021,7,211,CLE,False,RB,RB,O,UCLA,23.0,2022.0,0,0,0,2.0,Demetric Felton,RB,UCLA,68.0,189.0,4.55,,,,,
2021,7,212,BUF,False,DB,DB,D,Pittsburgh,23.0,2025.0,0,0,2,11.0,Damar Hamlin,DB,Pittsburgh,72.0,200.0,4.6,18.0,35.0,118.0,6.93,4.4
2021,7,213,BUF,False,CB,DB,D,Wisconsin,21.0,2022.0,0,0,0,,Rachad Wildgoose,CB,Wisconsin,71.0,197.0,4.53,11.0,36.0,120.0,7.09,4.18
2021,7,214,GNB,False,OL,OL,O,Wisconsin,23.0,2025.0,0,0,0,0.0,Cole Van Lanen,OL,Wisconsin,76.0,305.0,5.11,22.0,30.0,107.0,7.34,4.64
2021,7,215,TEN,False,S,DB,D,Oregon,23.0,2022.0,0,0,0,0.0,Brady Breeze,S,Oregon,71.0,197.0,4.55,20.0,38.0,120.0,7.05,4.22
2021,7,216,PIT,False,DL,DL,D,Miami (FL),23.0,2022.0,0,0,0,,Quincy Roche,DL,Miami (FL),,,,23.0,32.5,119.0,,
2021,7,217,CHI,False,RB,RB,O,Virginia Tech,23.0,2025.0,0,0,1,12.0,Khalil Herbert,RB,Virginia Tech,68.0,210.0,4.46,22.0,33.0,115.0,6.96,4.31
2021,7,218,IND,False,QB,QB,O,Texas,22.0,2023.0,0,0,0,2.0,Sam Ehlinger,QB,Texas,73.0,220.0,4.84,,36.5,114.0,7.15,4.44
2021,7,219,DEN,False,WR,WR,O,Auburn,21.0,2021.0,0,0,0,0.0,Seth Williams,WR,Auburn,75.0,211.0,4.49,12.0,37.0,124.0,7.2,4.43
2021,7,220,GNB,False,LB,LB,D,Boston Col.,22.0,2025.0,0,0,1,19.0,,,,,,,,,,,
2021,7,221,CHI,False,WR,WR,O,North Carolina,22.0,2021.0,0,0,0,0.0,Dazz Newsome,WR,North Carolina,70.0,190.0,4.59,12.0,34.0,121.0,7.38,4.38
2021,7,222,CAR,False,LS,LS,S,Alabama,22.0,,0,0,0,,,,,,,,,,,,
2021,7,223,ARI,False,DB,DB,D,Central Florida,23.0,2023.0,0,0,0,,Tay Gowan,DB,Central Florida,72.0,186.0,4.44,13.0,35.5,118.0,6.88,4.25
2021,7,224,PHI,False,S,DB,D,LSU,23.0,2021.0,0,0,0,0.0,Jacoby Stevens,S,LSU,73.0,212.0,4.63,,42.0,130.0,,
2021,8,225,WAS,False,LS,LS,S,Michigan,23.0,2023.0,0,0,0,3.0,,,,,,,,,,,
2021,8,226,KAN,False,OL,OL,O,Tennessee,22.0,2025.0,0,2,4,36.0,,,,,,,,,,,
2021,8,227,DAL,False,DB,DB,D,South Carolina,21.0,2025.0,0,0,0,4.0,Israel Mukuamu,DB,South Carolina,,,,34.0,36.0,,,
2021,8,228,CHI,False,CB,DB,D,Oregon,22.0,2024.0,0,0,0,0.0,,,,,,,,,,,
2021,8,229,IND,False,WR,WR,O,Charleston (WV),24.0,2023.0,0,0,0,0.0,,,,,,,,,,,
2021,8,230,LVR,False,OL,OL,O,Pittsburgh,23.0,2025.0,0,0,0,,Jimmy Morrissey,OL,Pittsburgh,75.0,303.0,5.31,26.0,31.0,105.0,7.39,4.47
2021,8,231,MIA,False,T,OL,O,Massachusetts,23.0,2022.0,0,0,0,0.0,,,,,,,,,,,
2021,8,232,CAR,False,DT,DL,D,Kentucky,24.0,2023.0,0,0,0,0.0,,,,,,,,,,,
2021,8,233,LAR,False,RB,RB,O,Maryland,23.0,2023.0,0,0,0,0.0,Jake Funk,RB,Maryland,70.0,204.0,4.49,22.0,38.0,122.0,6.71,4.12
2021,8,234,PHI,False,DE,DL,D,Tulane,23.0,2025.0,0,0,0,5.0,Patrick Johnson,DE,Tulane,78.0,240.0,4.59,16.0,35.0,119.0,6.97,4.41
2021,8,235,CIN,False,DE,DL,D,Kansas St.,23.0,,0,0,0,,Wyatt Hubert,DE,Kansas St.,74.0,258.0,4.93,,32.5,110.0,7.03,4.28
2021,8,236,BUF,False,OL,OL,O,Texas Tech,22.0,2023.0,0,0,0,,Jack Anderson,OL,Texas Tech,76.0,314.0,5.28,27.0,29.5,105.0,7.9,4.83
2021,8,237,DEN,False,CB,DB,D,LSU,22.0,2021.0,0,0,0,,Kary Vincent Jr.,CB,LSU,69.0,185.0,4.36,8.0,35.5,117.0,,
2021,8,238,DAL,False,G,OL,O,Nebraska,23.0,2022.0,0,0,0,2.0,,,,,,,,,,,
2021,8,239,DEN,False,DE,DL,D,Ohio St.,23.0,2025.0,0,0,3,32.0,Jonathon Cooper,DE,Ohio St.,74.0,253.0,4.69,28.0,33.0,108.0,6.99,4.31
2021,8,240,WAS,False,OLB,LB,D,Baylor,23.0,2022.0,0,0,0,0.0,William Bradley-King,OLB,Baylor,75.0,252.0,4.74,,34.5,119.0,7.14,4.26
2021,8,241,LAC,False,DB,DB,D,Georgia,22.0,2021.0,0,0,0,0.0,Mark Webb,DB,Georgia,73.0,207.0,4.61,,36.5,136.0,7.3,4.52
2021,8,242,NWE,False,WR,WR,O,Central Florida,23.0,,0,0,0,,Tre Nixon,WR,Central Florida,72.0,187.0,4.44,18.0,35.5,125.0,6.81,4.27
2021,8,243,ARI,False,S,DB,D,Cincinnati,24.0,2021.0,0,0,0,0.0,James Wiggins,S,Cincinnati,71.0,209.0,4.4,22.0,38.0,127.0,,
2021,8,244,MIA,False,RB,RB,O,Cincinnati,23.0,,0,0,0,,,,,,,,,,,,
2021,8,245,PIT,False,DB,DB,D,Oklahoma,22.0,2022.0,0,0,0,3.0,Tre Norwood,DB,Oklahoma,71.0,192.0,4.58,12.0,33.5,123.0,7.65,4.45
2021,8,246,WAS,False,DE,DL,D,Penn St.,23.0,2022.0,0,0,0,2.0,Shaka Toney,DE,Penn St.,74.0,242.0,4.51,24.0,39.0,128.0,6.95,4.28
2021,8,247,ARI,False,OL,OL,O,Penn St.,24.0,,0,0,0,,,,,,,,,,,,
2021,8,248,IND,False,OL,OL,O,Penn St.,23.0,2025.0,0,0,2,11.0,Will Fries,OL,Penn St.,78.0,309.0,5.37,24.0,31.0,115.0,7.77,4.53
2021,8,249,LAR,False,WR,WR,O,Notre Dame,24.0,2025.0,0,1,1,6.0,,,,,,,,,,,
2021,8,250,CHI,False,DL,DL,D,BYU,25.0,2025.0,0,0,0,2.0,Khyiris Tonga,DL,BYU,,,,35.0,,,,
2021,8,251,TAM,False,DB,DB,D,BYU,23.0,,0,0,0,,,,,,,,,,,,
2021,8,252,LAR,False,DE,DL,D,Concordia-St.Paul (MN),23.0,2021.0,0,0,0,0.0,,,,,,,,,,,
2021,8,253,DEN,False,DE,DL,D,Mississippi St.,24.0,2021.0,0,0,0,0.0,,,,,,,,,,,
2021,8,254,PIT,False,P,P,S,Georgia Tech,22.0,2023.0,0,0,2,4.0,,,,,,,,,,,
2021,8,255,NOR,False,WR,WR,O,South Alabama,23.0,2021.0,0,0,0,0.0,,,,,,,,,,,
2021,8,256,GNB,False,RB,RB,O,Mississippi St.,23.0,2022.0,0,0,0,0.0,Kylin Hill,RB,Mississippi St.,70.0,214.0,4.51,22.0,36.0,122.0,7.13,4.35
2021,9,257,DET,False,RB,RB,O,Oregon St.,21.0,2025.0,0,0,0,1.0,Jermar Jefferson,RB,Oregon St.,70.0,206.0,4.57,13.0,31.0,115.0,7.38,4.38
2021,9,258,WAS,False,WR,WR,O,BYU,22.0,2022.0,0,0,0,1.0,Dax Milne,WR,BYU,,,4.54,14.0,31.0,114.0,,4.19
2021,9,259,TAM,False,LB,LB,D,Houston,22.0,2025.0,0,0,0,1.0,,,,,,,,,,,
2022,1,1,JAX,False,DE,DL,D,Georgia,21.0,2025.0,0,0,3,26.0,Travon Walker,DE,Georgia,77.0,272.0,4.51,,35.5,123.0,6.89,4.32
2022,1,2,DET,False,DE,DL,D,Michigan,22.0,2025.0,0,2,2,31.0,Aidan Hutchinson,DE,Michigan,79.0,260.0,4.74,,36.0,117.0,6.73,4.15
2022,1,3,HOU,False,CB,DB,D,LSU,21.0,2025.0,2,2,3,36.0,Derek Stingley,CB,LSU,72.0,190.0,,,,,,
2022,1,4,NYJ,False,CB,DB,D,Cincinnati,22.0,2025.0,2,2,3,32.0,Ahmad Gardner,CB,Cincinnati,75.0,190.0,4.41,,,,,
2022,1,5,NYG,False,DE,DL,D,Oregon,21.0,2025.0,0,0,2,24.0,Kayvon Thibodeaux,EDGE,Oregon,76.0,254.0,4.58,27.0,,,,
2022,1,6,CAR,False,T,OL,O,North Carolina St.,21.0,2025.0,0,0,3,25.0,Ikem Ekwonu,OT,North Carolina St.,76.0,310.0,4.93,,29.0,108.0,7.82,4.73
2022,1,7,NYG,False,OL,OL,O,Alabama,21.0,2024.0,0,0,1,11.0,Evan Neal,OT,Alabama,80.0,337.0,,,,,,
2022,1,8,ATL,False,WR,WR,O,USC,21.0,2025.0,0,0,3,32.0,Drake London,WR,USC,76.0,219.0,,,,,,
2022,1,9,SEA,False,OL,OL,O,Mississippi St.,21.0,2025.0,0,0,3,28.0,Charles Cross,OT,Mississippi St.,77.0,307.0,4.95,,26.0,112.0,7.88,4.61
2022,1,10,NYJ,False,WR,WR,O,Ohio St.,22.0,2025.0,0,0,3,27.0,Garrett Wilson,WR,Ohio St.,72.0,183.0,4.38,,36.0,123.0,,4.36
2022,1,11,NOR,False,WR,WR,O,Ohio St.,22.0,2025.0,0,0,3,27.0,Chris Olave,WR,Ohio St.,72.0,187.0,4.39,,32.0,124.0,,
2022,1,12,DET,False,WR,WR,O,Alabama,21.0,2025.0,0,0,1,26.0,Jameson Williams,WR,Alabama,74.0,179.0,,,,,,
2022,1,13,PHI,False,DT,DL,D,Georgia,22.0,2025.0,0,0,2,24.0,Jordan Davis,DT,Georgia,78.0,341.0,4.78,,32.0,123.0,,
2022,1,14,BAL,False,S,DB,D,Notre Dame,21.0,2025.0,2,3,2,31.0,Kyle Hamilton,S,Notre Dame,76.0,220.0,4.59,,38.0,131.0,6.9,4.32
2022,1,15,HOU,False,OL,OL,O,Texas A&M,21.0,2024.0,0,0,2,8.0,Kenyon Green,OG,Texas A&M,76.0,323.0,5.24,20.0,26.0,102.0,,5.12
2022,1,16,WAS,False,WR,WR,O,Penn St.,22.0,2025.0,0,0,2,8.0,Jahan Dotson,WR,Penn St.,71.0,178.0,4.43,,36.0,121.0,7.28,
2022,1,17,LAC,False,G,OL,O,Boston Col.,22.0,2025.0,0,0,3,25.0,Zion Johnson,OG,Boston Col.,75.0,312.0,5.18,32.0,32.0,112.0,7.38,4.46
2022,1,18,TEN,False,WR,WR,O,Arkansas,22.0,2025.0,0,0,1,6.0,Treylon Burks,WR,Arkansas,74.0,225.0,4.55,,33.0,122.0,7.28,
2022,1,19,NOR,False,T,OL,O,Northern Iowa,23.0,2025.0,0,0,1,13.0,Trevor Penning,OT,Northern Iowa,79.0,325.0,4.89,,28.0,111.0,7.25,4.62
2022,1,20,PIT,False,QB,QB,O,Pittsburgh,24.0,2025.0,0,0,2,13.0,Kenny Pickett,QB,Pittsburgh,75.0,217.0,4.73,,33.5,121.0,,4.29
2022,1,21,KAN,False,CB,DB,D,Washington,21.0,2025.0,1,0,3,33.0,Trent McDuffie,CB,Washington,71.0,193.0,4.44,,,,,
2022,1,22,GNB,False,LB,LB,D,Georgia,22.0,2025.0,0,0,3,22.0,Quay Walker,LB,Georgia,76.0,241.0,4.52,,32.0,122.0,,
2022,1,23,BUF,False,CB,DB,D,Florida,21.0,2025.0,0,0,0,6.0,Kaiir Elam,CB,Florida,74.0,191.0,4.39,,,,,
2022,1,24,DAL,False,OL,OL,O,Tulsa,21.0,2025.0,0,3,3,33.0,Tyler Smith,OT,Tulsa,77.0,324.0,5.02,,27.5,105.0,7.78,4.65
2022,1,25,BAL,False,OL,OL,O,Iowa,22.0,2025.0,0,3,3,34.0,Tyler Linderbaum,C,Iowa,74.0,296.0,,,,,,
2022,1,26,NYJ,False,LB,LB,D,Florida St.,23.0,2025.0,0,1,1,19.0,Jermaine Johnson II,DE,Florida St.,77.0,254.0,4.58,,32.0,125.0,,
2022,1,27,JAX,False,LB,LB,D,Utah,23.0,2025.0,0,1,3,35.0,Devin Lloyd,LB,Utah,75.0,237.0,4.66,25.0,35.0,126.0,,
2022,1,28,GNB,False,DT,DL,D,Georgia,24.0,2025.0,0,0,0,10.0,Devonte Wyatt,DT,Georgia,75.0,304.0,4.77,,29.0,111.0,,
2022,1,29,NWE,False,OL,OL,O,Chattanooga,24.0,2025.0,0,0,2,11.0,Cole Strange,OG,Tennessee-Chattanooga,77.0,307.0,5.03,31.0,28.0,120.0,7.44,4.5
2022,1,30,KAN,False,DE,DL,D,Purdue,21.0,2025.0,0,0,3,27.0,George Karlaftis,EDGE,Purdue,76.0,266.0,,21.0,38.0,121.0,,4.36
2022,1,31,CIN,False,DB,DB,D,Michigan,21.0,2025.0,0,0,1,13.0,Daxton Hill,S,Michigan,72.0,191.0,4.38,,33.5,121.0,6.57,4.06
2022,1,32,MIN,False,DB,DB,D,Georgia,22.0,2024.0,0,0,0,0.0,Lewis Cine,S,Georgia,74.0,199.0,4.37,,36.5,133.0,,
2022,2,33,TAM,False,DE,DL,D,Houston,22.0,2025.0,0,0,1,19.0,Logan Hall,DE,Houston,78.0,283.0,4.88,,30.0,,7.25,4.44
2022,2,34,GNB,False,WR,WR,O,North Dakota St.,23.0,2025.0,0,0,3,22.0,Christian Watson,WR,North Dakota St.,76.0,208.0,4.36,,38.5,136.0,,
2022,2,35,TEN,False,CB,DB,D,Auburn,22.0,2025.0,0,0,2,13.0,Roger McCreary,CB,Auburn,71.0,190.0,4.5,,,,,
2022,2,36,NYJ,False,RB,RB,O,Iowa St.,21.0,2025.0,0,0,2,28.0,Breece Hall,RB,Iowa St.,71.0,217.0,4.39,,40.0,126.0,,
2022,2,37,HOU,False,S,DB,D,Baylor,23.0,2025.0,0,0,3,21.0,Jalen Pitre,S,Baylor,71.0,198.0,,16.0,35.0,,6.74,4.18
2022,2,38,ATL,False,DE,DL,D,Penn St.,23.0,2025.0,0,0,0,10.0,Arnold Ebiketie,EDGE,Penn St.,74.0,250.0,,21.0,38.0,128.0,,
2022,2,39,CHI,False,CB,DB,D,Washington,22.0,2025.0,0,0,2,12.0,Kyler Gordon,CB,Washington,72.0,194.0,4.52,,,,,
2022,2,40,SEA,False,DE,DL,D,Minnesota,23.0,2025.0,0,0,1,16.0,Boye Mafe,EDGE,Minnesota,76.0,261.0,4.53,,38.0,125.0,,
2022,2,41,SEA,False,RB,RB,O,Michigan St.,21.0,2025.0,0,0,3,28.0,Kenneth Walker,RB,Michigan St.,69.0,211.0,4.38,,34.0,122.0,,
2022,2,42,MIN,False,CB,DB,D,Clemson,21.0,2024.0,0,0,0,2.0,Andrew Booth,CB,Clemson,72.0,194.0,,,,,,
2022,2,43,NYG,False,WR,WR,O,Kentucky,21.0,2025.0,0,0,0,20.0,Wan'Dale Robinson,WR,Kentucky,68.0,178.0,4.44,,34.5,118.0,,
2022,2,44,HOU,False,WR,WR,O,Alabama,22.0,2025.0,0,0,0,3.0,John Metchie,WR,Alabama,71.0,187.0,,,,,,
2022,2,45,BAL,False,LB,LB,D,Michigan,22.0,2025.0,0,0,0,3.0,David Ojabo,EDGE,Michigan,76.0,250.0,4.55,,35.0,122.0,,4.45
2022,2,46,DET,False,DE,DL,D,Kentucky,22.0,2024.0,0,0,0,9.0,Joshua Paschal,DE,Kentucky,75.0,268.0,4.77,,37.5,123.0,,
2022,2,47,WAS,False,DT,DL,D,Alabama,24.0,2025.0,0,0,0,2.0,Phidarian Mathis,DT,Alabama,76.0,310.0,,,23.5,109.0,,4.91
2022,2,48,CHI,False,S,DB,D,Penn St.,23.0,2025.0,0,0,2,15.0,Jaquan Brisker,S,Penn St.,73.0,199.0,4.49,22.0,34.5,124.0,,
2022,2,49,NOR,False,DB,DB,D,Tennessee,23.0,2025.0,0,0,3,19.0,Alontae Taylor,CB,Tennessee,72.0,199.0,4.36,,34.5,128.0,,
2022,2,50,NWE,False,WR,WR,O,Baylor,21.0,2025.0,0,0,1,3.0,Tyquan Thornton,WR,Baylor,74.0,181.0,4.28,,36.5,130.0,,
2022,2,51,PHI,False,OL,OL,O,Nebraska,23.0,2025.0,0,2,2,20.0,Cameron Jurgens,C,Nebraska,75.0,303.0,4.92,25.0,,,,
2022,2,52,PIT,False,WR,WR,O,Georgia,21.0,2025.0,0,1,3,23.0,George Pickens,WR,Georgia,75.0,195.0,4.47,,33.0,125.0,,
2022,2,53,IND,False,WR,WR,O,Cincinnati,22.0,2025.0,0,0,3,26.0,Alec Pierce,WR,Cincinnati,75.0,211.0,4.41,,40.5,129.0,7.13,4.28
2022,2,54,KAN,False,WR,WR,O,Western Michigan,21.0,2025.0,0,0,0,4.0,Skyy Moore,WR,Western Michigan,70.0,195.0,4.41,,34.5,125.0,7.13,4.32
2022,2,55,ARI,False,TE,TE,O,Colorado St.,22.0,2025.0,1,2,3,29.0,Trey McBride,TE,Colorado St.,76.0,246.0,,18.0,33.0,117.0,,
2022,2,56,DAL,False,DE,DL,D,Mississippi,23.0,2025.0,0,0,0,7.0,Sam Williams,EDGE,Mississippi,76.0,261.0,4.46,,32.5,123.0,,
2022,2,57,TAM,False,OL,OL,O,Central Michigan,23.0,2025.0,0,0,2,22.0,Luke Goedeke,OG,Central Michigan,77.0,312.0,,26.0,,,,
2022,2,58,ATL,False,LB,LB,D,Montana St.,23.0,2024.0,0,0,0,6.0,Troy Andersen,LB,Montana St.,76.0,243.0,4.42,,36.0,128.0,,
2022,2,59,MIN,False,G,OL,O,LSU,23.0,2025.0,0,0,3,16.0,Ed Ingram,OG,LSU,75.0,307.0,5.02,,20.5,102.0,7.81,4.76
2022,2,60,CIN,False,CB,DB,D,Nebraska,22.0,2025.0,0,0,3,15.0,Cam Taylor-Britt,CB,Nebraska,71.0,196.0,4.38,,,,,
2022,2,61,SFO,False,OLB,LB,D,USC,21.0,2025.0,0,0,0,3.0,Drake Jackson,EDGE,USC,75.0,254.0,,,36.5,127.0,,
2022,2,62,KAN,False,S,DB,D,Cincinnati,23.0,2025.0,0,0,2,18.0,Bryan Cook,S,Cincinnati,73.0,206.0,,,,,,
2022,2,63,BUF,False,RB,RB,O,Georgia,22.0,2025.0,0,3,2,43.0,James Cook,RB,Georgia,71.0,199.0,4.42,,33.0,124.0,,
2022,2,64,DEN,False,OLB,LB,D,Oklahoma,22.0,2025.0,0,2,1,32.0,Nik Bonitto,EDGE,Oklahoma,75.0,248.0,4.54,,35.5,120.0,7.07,4.23
2022,3,65,JAX,False,G,OL,O,Kentucky,24.0,2025.0,0,0,2,16.0,Luke Fortner,C,Kentucky,76.0,307.0,5.21,,24.0,102.0,7.75,4.95
2022,3,66,MIN,False,LB,LB,D,Oklahoma,22.0,2025.0,0,0,0,3.0,Brian Asamoah,LB,Oklahoma,72.0,226.0,4.56,,36.5,124.0,,
2022,3,67,NYG,False,OL,OL,O,North Carolina,22.0,2024.0,0,0,0,5.0,Joshua Ezeudu,OG,North Carolina,76.0,308.0,5.19,,28.5,105.0,7.83,4.56
2022,3,68,CLE,False,CB,DB,D,Mississippi St.,21.0,2024.0,0,0,2,13.0,Martin Emerson,CB,Mississippi St.,74.0,201.0,4.53,,,,,
2022,3,69,TEN,False,T,OL,O,Ohio St.,22.0,2024.0,0,0,1,11.0,Nicholas Petit-Frere,OT,Ohio St.,77.0,316.0,5.14,,24.5,103.0,,
2022,3,70,JAX,False,LB,LB,D,Wyoming,23.0,2025.0,0,0,0,6.0,Chad Muma,LB,Wyoming,75.0,239.0,4.63,27.0,40.0,129.0,7.06,4.28
2022,3,71,CHI,False,WR,WR,O,Tennessee,25.0,2025.0,0,0,0,3.0,Velus Jones,WR,Tennessee,72.0,204.0,4.31,,33.0,121.0,,
2022,3,72,SEA,False,OL,OL,O,Washington St.,23.0,2025.0,0,0,1,23.0,Abraham Lucas,OT,Washington St.,78.0,315.0,4.92,24.0,27.0,107.0,7.25,4.4
2022,3,73,IND,False,TE,TE,O,Virginia,23.0,2025.0,0,0,0,2.0,Jelani Woods,TE,Virginia,79.0,259.0,4.61,24.0,,,,
2022,3,74,ATL,False,QB,QB,O,Cincinnati,23.0,2024.0,0,0,1,12.0,Desmond Ridder,QB,Cincinnati,75.0,211.0,4.52,,36.0,127.0,7.15,4.29
2022,3,75,HOU,False,LB,LB,D,Alabama,21.0,2025.0,0,0,2,14.0,Christian Harris,LB,Alabama,73.0,226.0,4.44,,34.5,132.0,,
2022,3,76,BAL,False,DT,DL,D,Connecticut,22.0,2025.0,0,0,1,15.0,Travis Jones,DT,Connecticut,76.0,325.0,4.92,,28.5,110.0,7.33,4.58
2022,3,77,IND,False,OL,OL,O,Central Michigan,24.0,2025.0,0,0,3,25.0,Bernhard Raimann,OT,Central Michigan,78.0,303.0,5.05,30.0,30.5,117.0,7.46,4.49
2022,3,78,CLE,False,DE,DL,D,Ala-Birmingham,22.0,2025.0,0,0,0,11.0,Alex Wright,DE,Alabama-Birmingham,77.0,271.0,,15.0,,,,
2022,3,79,LAC,False,S,DB,D,Baylor,22.0,2023.0,0,0,0,1.0,JT Woods,S,Baylor,74.0,195.0,4.36,,39.5,128.0,,
2022,3,80,DEN,False,TE,TE,O,UCLA,22.0,2025.0,0,0,0,3.0,Greg Dulcich,TE,UCLA,76.0,243.0,4.69,16.0,34.0,122.0,7.05,4.37
2022,3,81,NYG,False,CB,DB,D,LSU,21.0,2025.0,0,0,1,12.0,Cordale Flott,CB,LSU,73.0,175.0,,,,,,
2022,3,82,ATL,False,DE,DL,D,Western Kentucky,23.0,2025.0,0,0,0,4.0,DeAngelo Malone,EDGE,Western Kentucky,75.0,243.0,,23.0,,,,
2022,3,83,PHI,False,LB,LB,D,Georgia,21.0,2025.0,0,0,1,14.0,Nakobe Dean,LB,Georgia,71.0,229.0,,,,,,
2022,3,84,PIT,False,DT,DL,D,Texas A&M,22.0,2025.0,0,0,0,4.0,DeMarvin Leal,DT,Texas A&M,76.0,283.0,5.0,,27.5,106.0,,4.49
2022,3,85,NWE,False,CB,DB,D,Houston,23.0,2025.0,1,0,1,26.0,Marcus Jones,CB,Houston,68.0,174.0,,,,,,
2022,3,86,TEN,False,QB,QB,O,Liberty,23.0,2025.0,0,0,0,1.0,Malik Willis,QB,Liberty,73.0,219.0,,,,,,
2022,3,87,ARI,False,DE,DL,D,San Diego St.,22.0,2025.0,0,0,0,3.0,Cameron Thomas,DE,San Diego St.,76.0,267.0,,24.0,,,,
2022,3,88,DAL,False,WR,WR,O,South Alabama,23.0,2025.0,0,0,1,9.0,Jalen Tolbert,WR,South Alabama,73.0,194.0,4.49,,36.0,123.0,7.08,
2022,3,89,BUF,False,LB,LB,D,Baylor,23.0,2025.0,0,0,2,25.0,Terrel Bernard,LB,Baylor,73.0,224.0,,22.0,35.5,123.0,7.03,4.25
2022,3,90,LVR,False,OL,OL,O,Memphis,23.0,2025.0,0,0,3,20.0,Dylan Parham,OG,Memphis,75.0,311.0,4.93,,26.5,108.0,7.78,4.7
2022,3,91,TAM,False,RB,RB,O,Arizona St.,23.0,2025.0,0,0,2,26.0,Rachaad White,RB,Arizona St.,72.0,214.0,4.48,,38.0,125.0,,
2022,3,92,GNB,False,OL,OL,O,UCLA,21.0,2025.0,0,0,1,16.0,Sean Rhyan,OG,UCLA,77.0,321.0,5.25,,33.5,110.0,7.55,4.81
2022,3,93,SFO,False,RB,RB,O,LSU,21.0,2024.0,0,0,0,1.0,Tyrion Davis-Price,RB,LSU,72.0,211.0,4.48,,30.0,117.0,,
2022,3,94,CAR,False,QB,QB,O,Mississippi,23.0,,0,0,0,,Matt Corral,QB,Mississippi,74.0,212.0,,,,,,
2022,3,95,CIN,False,DE,DL,D,Florida,23.0,2025.0,0,0,1,9.0,Zachary Carter,DE,Florida,76.0,282.0,4.99,19.0,27.5,110.0,,
2022,3,96,IND,False,DB,DB,D,Maryland,20.0,2025.0,0,0,1,15.0,Nick Cross,S,Maryland,72.0,212.0,4.34,,37.0,130.0,,
2022,4,97,DET,False,DB,DB,D,Illinois,21.0,2025.0,1,0,3,26.0,Kerby Joseph,S,Illinois,73.0,203.0,,18.0,38.5,123.0,,
2022,4,98,WAS,False,RB,RB,O,Alabama,23.0,2025.0,0,0,3,16.0,Brian Robinson,RB,Alabama,74.0,225.0,4.53,,30.0,119.0,,
2022,4,99,CLE,False,WR,WR,O,Purdue,21.0,2024.0,0,0,0,3.0,David Bell,WR,Purdue,73.0,212.0,4.65,,33.0,118.0,7.14,4.57
2022,4,100,ARI,False,DE,DL,D,Cincinnati,24.0,2023.0,0,0,0,2.0,Myjai Sanders,EDGE,Cincinnati,77.0,228.0,4.67,,33.0,120.0,,4.37
2022,4,101,NYJ,False,TE,TE,O,Ohio St.,22.0,2025.0,0,0,1,4.0,Jeremy Ruckert,TE,Ohio St.,77.0,250.0,,19.0,,,,
2022,4,102,MIA,False,LB,LB,D,Georgia,22.0,2025.0,0,0,0,3.0,Channing Tindall,LB,Georgia,74.0,230.0,4.47,,42.0,129.0,,
2022,4,103,KAN,False,LB,LB,D,Wisconsin,21.0,2025.0,0,0,2,20.0,Leo Chenal,LB,Wisconsin,75.0,250.0,4.53,,40.5,128.0,,
2022,4,104,LAR,False,OL,OL,O,Wisconsin,23.0,2024.0,0,0,0,2.0,Logan Bruss,OG,Wisconsin,77.0,309.0,5.32,,31.0,112.0,7.57,4.55
2022,4,105,SFO,False,WR,WR,O,SMU,23.0,2022.0,0,0,0,0.0,Danny Gray,WR,SMU,72.0,186.0,4.33,,34.0,126.0,,
2022,4,106,TAM,False,TE,TE,O,Washington,23.0,2025.0,0,0,3,17.0,Cade Otton,TE,Washington,77.0,247.0,,,,,,
2022,4,107,HOU,False,RB,RB,O,Florida,22.0,2025.0,0,0,1,12.0,Dameon Pierce,RB,Florida,70.0,218.0,4.59,21.0,34.5,119.0,,
2022,4,108,CLE,False,DT,DL,D,Oklahoma,22.0,2025.0,0,0,0,1.0,Perrion Winfrey,DT,Oklahoma,76.0,290.0,4.89,,,,,
2022,4,109,SEA,False,CB,DB,D,Cincinnati,23.0,2025.0,0,0,0,13.0,Coby Bryant,CB,Cincinnati,73.0,193.0,4.54,17.0,,,,
2022,4,110,BAL,False,T,OL,O,Minnesota,22.0,2025.0,0,0,1,18.0,Daniel Faalele,OT,Minnesota,80.0,384.0,,24.0,,,,
2022,4,111,NYJ,False,T,OL,O,Louisiana,22.0,2025.0,0,0,0,7.0,Max Mitchell,OT,Louisiana,78.0,307.0,5.32,,25.0,106.0,8.09,4.65
2022,4,112,NYG,False,TE,TE,O,San Diego St.,21.0,2025.0,0,0,2,9.0,Daniel Bellinger,TE,San Diego St.,77.0,253.0,4.63,22.0,34.5,125.0,7.05,4.47
2022,4,113,WAS,False,S,DB,D,Louisiana,22.0,2025.0,0,0,1,7.0,Percy Butler,S,Louisiana,72.0,194.0,4.36,,31.5,123.0,,
2022,4,114,NYG,False,DB,DB,D,Iowa,21.0,2025.0,0,0,0,10.0,Dane Belton,S,Iowa,73.0,205.0,4.43,,36.5,123.0,7.01,4.24
2022,4,115,DEN,False,DB,DB,D,Pittsburgh,23.0,2024.0,0,0,1,7.0,Damarri Mathis,CB,Pittsburgh,71.0,196.0,4.39,,,,,
2022,4,116,DEN,False,DE,DL,D,Iowa St.,24.0,2025.0,0,0,0,3.0,Eyioma Uwazurike,DT,Iowa St.,78.0,316.0,,,33.0,107.0,,
2022,4,117,NYJ,False,DT,DL,D,Texas A&M,25.0,2025.0,0,0,1,13.0,Micheal Clemons,DE,Texas A&M,77.0,263.0,,24.0,,116.0,,
2022,4,118,MIN,False,DB,DB,D,Missouri,23.0,2025.0,0,0,1,6.0,Akayleb Evans,CB,Missouri,74.0,197.0,4.46,,36.0,129.0,,
2022,4,119,BAL,False,DB,DB,D,Alabama,23.0,2025.0,0,0,0,2.0,Jalyn Armour-Davis,CB,Alabama,73.0,197.0,4.39,14.0,34.5,,,
2022,4,120,CAR,False,LB,LB,D,Penn St.,21.0,2023.0,0,0,0,1.0,Brandon Smith,LB,Penn St.,76.0,250.0,4.52,,37.5,128.0,,
2022,4,121,NWE,False,DB,DB,D,Arizona St.,24.0,2025.0,0,0,1,2.0,Jack Jones,CB,Arizona St.,71.0,171.0,4.51,,,,,
2022,4,122,LVR,False,RB,RB,O,Georgia,22.0,2025.0,0,0,0,5.0,Zamir White,RB,Georgia,72.0,214.0,4.4,,33.5,128.0,,
2022,4,123,LAC,False,RB,RB,O,Texas A&M,21.0,2023.0,0,0,0,1.0,Isaiah Spiller,RB,Texas A&M,72.0,217.0,,,30.0,114.0,,
2022,4,124,CLE,False,K,K,S,LSU,21.0,2024.0,0,0,1,1.0,Cade York,K,LSU,73.0,206.0,,12.0,,,,
2022,4,125,MIA,False,WR,WR,O,Texas Tech,22.0,2024.0,0,0,0,0.0,Erik Ezukanma,WR,Texas Tech,74.0,209.0,,,36.5,126.0,,4.38
2022,4,126,LVR,False,DT,DL,D,LSU,23.0,2024.0,0,0,0,1.0,Neil Farrell,DT,LSU,76.0,330.0,5.41,,21.5,,8.41,
2022,4,127,NWE,False,RB,RB,O,South Dakota St.,23.0,2024.0,0,0,0,1.0,Pierre Strong,RB,South Dakota St.,71.0,207.0,4.37,,36.0,124.0,,
2022,4,128,BAL,False,TE,TE,O,Iowa St.,23.0,2025.0,0,0,0,4.0,Charlie Kolar,TE,Iowa St.,79.0,252.0,,,,,,
2022,5,129,DAL,False,TE,TE,O,Wisconsin,23.0,2025.0,0,2,2,19.0,Jake Ferguson,TE,Wisconsin,77.0,250.0,4.81,15.0,31.5,118.0,7.03,4.48
2022,5,130,BAL,False,P,P,S,Penn St.,24.0,2025.0,1,1,2,8.0,Jordan Stout,P,Penn St.,75.0,209.0,4.65,,,,,
2022,5,131,TEN,False,RB,RB,O,Michigan,22.0,2025.0,0,0,0,1.0,Hassan Haskins,RB,Michigan,74.0,228.0,,27.0,,,,
2022,5,132,GNB,False,WR,WR,O,Nevada,22.0,2025.0,0,0,2,23.0,Romeo Doubs,WR,Nevada,74.0,201.0,,,,,,
2022,5,133,TAM,False,P,P,S,Georgia,23.0,2024.0,0,0,2,8.0,Jake Camarda,P,Georgia,73.0,193.0,4.56,,,,,
2022,5,134,SFO,False,OL,OL,O,Texas-San Antonio,22.0,2025.0,0,0,2,17.0,Spencer Burford,OG,Texas-San Antonio,76.0,304.0,5.19,,27.5,105.0,,4.73
2022,5,135,KAN,False,CB,DB,D,Fayetteville St.,22.0,2025.0,0,0,0,6.0,Joshua Williams,CB,Fayetteville St. University,75.0,195.0,4.53,,36.0,124.0,,
2022,5,136,CIN,False,T,OL,O,North Dakota St.,24.0,2024.0,0,0,3,22.0,Cordell Volson,OG,North Dakota St.,78.0,315.0,5.27,25.0,25.0,104.0,8.31,4.93
2022,5,137,NWE,False,QB,QB,O,Western Kentucky,23.0,2024.0,0,0,0,2.0,Bailey Zappe,QB,Western Kentucky,73.0,215.0,4.88,,30.0,109.0,7.19,4.4
2022,5,138,PIT,False,WR,WR,O,Memphis,23.0,2025.0,0,0,0,12.0,Calvin Austin,WR,Memphis,68.0,170.0,4.32,,39.0,135.0,6.65,4.07
2022,5,139,BAL,False,TE,TE,O,Coastal Carolina,22.0,2025.0,0,0,1,15.0,Isaiah Likely,TE,Coastal Carolina,77.0,245.0,,,36.0,,,4.57
2022,5,140,GNB,False,OL,OL,O,Wake Forest,23.0,2025.0,0,0,2,26.0,Zach Tom,C,Wake Forest,76.0,304.0,4.94,,33.0,118.0,7.32,4.47
2022,5,141,BAL,False,CB,DB,D,Houston,24.0,2023.0,0,0,0,1.0,Damarion Williams,CB,Houston,70.0,182.0,,17.0,34.5,118.0,,
2022,5,142,LAR,False,DB,DB,D,South Carolina St.,24.0,2025.0,0,0,2,16.0,Cobie Durant,CB,South Carolina St.,70.0,180.0,4.38,,,,,
2022,5,143,TEN,False,TE,TE,O,Maryland,22.0,2025.0,0,0,1,16.0,Chigoziem Okonkwo,TE,Maryland,75.0,238.0,4.52,,35.5,,,
2022,5,144,WAS,False,QB,QB,O,North Carolina,21.0,2024.0,0,0,1,12.0,Sam Howell,QB,North Carolina,73.0,218.0,,,,,,
2022,5,145,KAN,False,T,OL,O,Kentucky,22.0,2025.0,0,0,0,0.0,Darian Kinnard,OG,Kentucky,77.0,322.0,5.31,,25.0,99.0,8.11,4.96
2022,5,146,NYG,False,LB,LB,D,Indiana,22.0,2025.0,0,0,2,18.0,Micah McFadden,LB,Indiana,73.0,240.0,,21.0,,,,
2022,5,147,NYG,False,DT,DL,D,Arizona St.,22.0,2025.0,0,0,0,5.0,DJ Davidson,DT,Arizona St.,75.0,327.0,,23.0,28.0,,7.85,4.72
2022,5,148,BUF,False,WR,WR,O,Boise St.,22.0,2025.0,0,0,2,25.0,Khalil Shakir,WR,Boise St.,72.0,196.0,4.43,,34.5,124.0,7.28,4.21
2022,5,149,WAS,False,TE,TE,O,Nevada,22.0,2025.0,0,0,0,1.0,Cole Turner,TE,Nevada,78.0,246.0,4.76,17.0,27.0,120.0,7.06,4.41
2022,5,150,HOU,False,DE,DL,D,Stanford,22.0,2025.0,0,0,0,1.0,Thomas Booker,DT,Stanford,75.0,301.0,4.94,,,110.0,7.33,4.41
2022,5,151,ATL,False,RB,RB,O,BYU,22.0,2025.0,0,0,0,20.0,Tyler Allgeier,RB,BYU,71.0,224.0,4.6,,33.0,120.0,,
2022,5,152,DEN,False,S,DB,D,Oklahoma,22.0,2025.0,0,0,0,2.0,Delarrin Turner-Yell,S,Oklahoma,70.0,197.0,4.47,,,122.0,,
2022,5,153,SEA,False,CB,DB,D,Texas-San Antonio,23.0,2025.0,0,1,3,22.0,Tariq Woolen,CB,Texas-San Antonio,76.0,205.0,4.26,,42.0,,,
2022,5,154,JAX,False,RB,RB,O,Mississippi,22.0,2022.0,0,0,0,0.0,Snoop Conner,RB,Mississippi,70.0,222.0,4.59,25.0,29.5,118.0,,
2022,5,155,DAL,False,OL,OL,O,North Dakota,22.0,2024.0,0,0,0,0.0,Matt Waletzko,OT,North Dakota,80.0,312.0,5.03,,30.0,113.0,,
2022,5,156,CLE,False,RB,RB,O,Cincinnati,22.0,2025.0,0,0,1,11.0,Jerome Ford,RB,Cincinnati,71.0,210.0,4.46,,31.0,118.0,,
2022,5,157,TAM,False,DB,DB,D,Sam Houston St.,23.0,2025.0,0,0,2,17.0,Zyon McCollum,CB,Sam Houston St.,74.0,199.0,4.33,,39.5,132.0,6.48,3.94
2022,5,158,SEA,False,DE,DL,D,Ohio St.,22.0,2023.0,0,0,0,0.0,Tyreke Smith,EDGE,Ohio St.,75.0,254.0,4.86,,34.0,117.0,,
2022,5,159,IND,False,DT,DL,D,Missouri State,24.0,2025.0,0,0,0,3.0,,,,,,,,,,,
2022,5,160,LAC,False,DT,DL,D,UCLA,22.0,2025.0,0,0,1,12.0,Otito Ogbonnia,DT,UCLA,76.0,324.0,,29.0,,,,
2022,6,161,NOR,False,LB,LB,D,Appalachian St.,24.0,2025.0,0,0,0,3.0,D'Marco Jackson,LB,Appalachian St.,73.0,233.0,4.55,,33.0,125.0,,
2022,6,162,DEN,False,WR,WR,O,Samford,23.0,2024.0,0,0,0,0.0,,,,,,,,,,,
2022,6,163,TEN,False,WR,WR,O,UCLA,23.0,2023.0,0,0,0,3.0,Kyle Philips,WR,UCLA,71.0,189.0,4.58,,33.5,124.0,,
2022,6,164,LAR,False,RB,RB,O,Notre Dame,22.0,2025.0,0,1,2,31.0,Kyren Williams,RB,Notre Dame,69.0,194.0,4.65,,32.0,116.0,,
2022,6,165,MIN,False,DT,DL,D,Minnesota,23.0,2025.0,0,0,0,0.0,Esezi Otomewo,DE,Minnesota,77.0,282.0,,,,,,
2022,6,166,CIN,False,S,DB,D,Toledo,23.0,2025.0,0,0,0,2.0,Tycen Anderson,S,Toledo,74.0,209.0,4.36,,35.5,123.0,6.64,4.28
2022,6,167,DAL,False,DB,DB,D,Fresno St.,23.0,2025.0,1,1,1,21.0,,,,,,,,,,,
2022,6,168,CHI,False,OL,OL,O,Southern Utah,23.0,2025.0,0,0,3,18.0,Braxton Jones,OT,Southern Utah St.,77.0,310.0,4.97,,25.5,108.0,,4.84
2022,6,169,MIN,False,RB,RB,O,North Carolina,24.0,2025.0,0,0,0,6.0,Tykevious Chandler,RB,North Carolina,71.0,204.0,4.38,,31.0,121.0,,
2022,6,170,HOU,False,TE,TE,O,Oregon St.,22.0,2025.0,0,0,0,1.0,Teagan Quitoriano,TE,Oregon St.,78.0,258.0,,22.0,,,,
2022,6,171,DEN,False,OL,OL,O,Washington,24.0,2025.0,0,0,1,12.0,Luke Wattenberg,C,Washington,76.0,299.0,5.2,,29.5,113.0,7.45,4.57
2022,6,172,SFO,False,CB,DB,D,Toledo,23.0,2025.0,0,0,0,2.0,,,,,,,,,,,
2022,6,173,NYG,False,OL,OL,O,North Carolina,23.0,2023.0,0,0,0,2.0,Marcus McKethan,OG,North Carolina,79.0,340.0,5.31,27.0,27.5,110.0,7.81,4.99
2022,6,174,CHI,False,DE,DL,D,Miami (OH),24.0,2025.0,0,0,0,6.0,Dominique Robinson,EDGE,Miami (Ohio),77.0,253.0,4.72,25.0,41.0,121.0,,
2022,6,175,LVR,False,DT,DL,D,Tennessee,23.0,2025.0,0,0,0,1.0,Matthew Butler,DT,Tennessee,76.0,297.0,5.0,17.0,32.0,112.0,7.89,4.81
2022,6,176,DAL,False,LB,LB,D,LSU,22.0,2025.0,0,0,1,14.0,Damone Clark,LB,LSU,75.0,239.0,4.57,,36.5,127.0,7.12,
2022,6,177,DET,False,TE,TE,O,Virginia Tech,23.0,2025.0,0,0,0,1.0,James Mitchell,TE,Virginia Tech,76.0,249.0,,,,,,
2022,6,178,DAL,False,DT,DL,D,Arkansas,23.0,2025.0,0,0,0,,John Ridgeway,DT,Arkansas,77.0,321.0,5.3,,,101.0,,4.73
2022,6,179,GNB,False,DE,DL,D,South Carolina,22.0,2025.0,0,0,0,12.0,Kingsley Enagbare,DE,South Carolina,76.0,258.0,4.87,,36.5,117.0,,
2022,6,180,BUF,False,P,P,S,San Diego St.,22.0,2025.0,0,0,0,,Matt Araiza,P,San Diego St.,73.0,200.0,4.68,,32.0,121.0,,
2022,6,181,PHI,False,DE,DL,D,Kansas,24.0,2023.0,0,0,0,1.0,,,,,,,,,,,
2022,6,182,NYG,False,LB,LB,D,Cincinnati,23.0,2023.0,0,0,0,0.0,Darrian Beavers,LB,Cincinnati,76.0,237.0,,,36.5,125.0,6.91,
2022,6,183,NWE,False,RB,RB,O,South Carolina,21.0,2023.0,0,0,0,1.0,Kevin Harris,RB,South Carolina,70.0,221.0,,21.0,38.5,126.0,,
2022,6,184,MIN,False,OL,OL,O,Illinois,23.0,2025.0,0,0,1,0.0,Vederian Lowe,OT,Illinois,77.0,314.0,5.22,,25.5,99.0,7.83,4.71
2022,6,185,BUF,False,DB,DB,D,Villanova,21.0,2025.0,0,0,2,19.0,,,,,,,,,,,
2022,6,186,CHI,False,OL,OL,O,San Diego St.,24.0,2024.0,0,0,0,,,,,,,,,,,,
2022,6,187,SFO,False,OL,OL,O,Fordham,23.0,2025.0,0,0,0,2.0,Nick Zakelj,OT,Fordham,78.0,316.0,5.13,27.0,28.5,110.0,7.75,4.71
2022,6,188,DET,False,LB,LB,D,Oklahoma St.,23.0,2025.0,0,0,1,12.0,Malcolm Rodriguez,LB,Oklahoma St.,71.0,232.0,4.52,,39.5,120.0,,
2022,6,189,CAR,False,DE,DL,D,Virginia Tech,23.0,2024.0,0,0,0,2.0,Amaré Barno,EDGE,Virginia Tech,77.0,246.0,4.36,,37.0,131.0,,4.45
2022,6,190,ATL,False,OL,OL,O,Georgia,24.0,,0,0,0,,Justin Shaffer,OG,Georgia,76.0,314.0,5.14,,25.5,107.0,,
2022,6,191,MIN,False,WR,WR,O,Michigan St.,23.0,2025.0,0,0,0,9.0,Jalen Nailor,WR,Michigan St.,71.0,186.0,4.5,,38.0,128.0,7.03,4.28
2022,6,192,IND,False,TE,TE,O,Youngstown St.,24.0,2025.0,0,0,1,2.0,,,,,,,,,,,
2022,7,193,DAL,False,LB,LB,D,Oklahoma St.,24.0,2023.0,0,0,0,0.0,,,,,,,,,,,
2022,7,194,NOR,False,DT,DL,D,Air Force,24.0,2025.0,0,0,0,,Jordan Jackson,DT,Air Force,77.0,294.0,,,,,,
2022,7,195,LAC,False,OL,OL,O,Georgia,22.0,2025.0,0,0,2,19.0,Jamaree Salyer,OG,Georgia,75.0,321.0,,31.0,,,,
2022,7,196,BAL,False,RB,RB,O,Missouri,22.0,2025.0,0,0,0,,Tyler Badie,RB,Missouri,68.0,197.0,4.45,,33.5,121.0,,
2022,7,197,JAX,False,CB,DB,D,Ouachita Baptist,23.0,2023.0,0,0,0,1.0,,,,,,,,,,,
2022,7,198,PHI,False,TE,TE,O,SMU,23.0,2025.0,0,0,1,5.0,Grant Calcaterra,TE,SMU,76.0,241.0,4.62,20.0,,,,
2022,7,199,CAR,False,OL,OL,O,Tennessee,23.0,2025.0,0,0,0,11.0,Cade Mays,OG,Tennessee,77.0,311.0,5.24,,26.0,102.0,7.57,4.71
2022,7,200,NWE,False,DE,DL,D,NW Missouri St.,24.0,2025.0,0,0,0,1.0,,,,,,,,,,,
2022,7,201,ARI,False,RB,RB,O,USC,22.0,2024.0,0,0,0,2.0,Keaontay Ingram,RB,USC,72.0,221.0,4.53,,34.5,122.0,,
2022,7,202,CLE,False,WR,WR,O,Oklahoma,22.0,2024.0,0,0,0,0.0,Mike Woods,WR,Oklahoma,73.0,204.0,4.55,,34.5,125.0,,
2022,7,203,CHI,False,RB,RB,O,Baylor,23.0,2022.0,0,0,0,0.0,Trestan Ebner,RB,Baylor,71.0,206.0,4.43,,30.0,,,
2022,7,204,TEN,False,DB,DB,D,Tennessee,23.0,2025.0,0,0,0,,,,,,,,,,,,
2022,7,205,HOU,False,T,OL,O,LSU,23.0,2025.0,0,0,0,1.0,Austin Deculus,OT,LSU,77.0,321.0,5.08,,28.5,109.0,,4.99
2022,7,206,DEN,False,DE,DL,D,Wisconsin,23.0,2023.0,0,0,0,2.0,,,,,,,,,,,
2022,7,207,CHI,False,OL,OL,O,Illinois,24.0,2024.0,0,0,0,1.0,,,,,,,,,,,
2022,7,208,PIT,False,TE,TE,O,Michigan St.,23.0,2025.0,0,0,0,3.0,Connor Heyward,TE,Michigan St.,71.0,233.0,4.72,,32.5,,,
2022,7,209,BUF,False,OL,OL,O,Virginia Tech,23.0,2025.0,0,0,0,,Luke Tenuta,OT,Virginia Tech,80.0,319.0,5.41,,26.0,104.0,,4.77
2022,7,210,NWE,False,G,OL,O,LSU,22.0,,0,0,0,,Chasen Hines,C,LSU,75.0,327.0,5.22,,30.5,108.0,,
2022,7,211,LAR,False,DB,DB,D,UCLA,23.0,2025.0,0,0,1,11.0,Quentin Lake,S,UCLA,73.0,201.0,4.59,,,,,
2022,7,212,LAR,False,DB,DB,D,Georgia,22.0,2025.0,0,0,1,6.0,Derion Kendrick,CB,Georgia,72.0,194.0,,,,,,
2022,7,213,ATL,False,TE,TE,O,Georgia,22.0,2025.0,0,0,0,0.0,,,,,,,,,,,
2022,7,214,LAC,False,DB,DB,D,Wake Forest,23.0,2025.0,0,0,0,7.0,,,,,,,,,,,
2022,7,215,ARI,False,OL,OL,O,Virginia Tech,24.0,2025.0,0,0,0,1.0,Lecitus Smith,OG,Virginia Tech,75.0,314.0,5.18,23.0,,99.0,7.88,4.78
2022,7,216,IND,False,DT,DL,D,Cincinnati,24.0,,0,0,0,,,,,,,,,,,,
2022,7,217,DET,False,LB,LB,D,Jackson St.,23.0,2025.0,0,0,0,3.0,,,,,,,,,,,
2022,7,218,TAM,False,TE,TE,O,Minnesota,24.0,2025.0,0,0,1,1.0,,,,,,,,,,,
2022,7,219,TEN,False,LB,LB,D,Mississippi,22.0,2023.0,0,0,0,0.0,Chance Campbell,LB,Mississippi,74.0,232.0,4.57,,39.5,127.0,,
2022,7,220,SFO,False,DT,DL,D,Central Florida,23.0,2025.0,0,0,0,9.0,Kalia Davis,DT,Central Florida,73.0,302.0,,,,,,
2022,7,221,SFO,False,CB,DB,D,Penn St.,23.0,2024.0,0,0,0,,Tariq Castro-Fields,CB,Penn St.,73.0,197.0,4.38,,,,,
2022,7,222,JAX,False,DB,DB,D,Arkansas,23.0,2025.0,0,0,0,11.0,Montaric Brown,CB,Arkansas,72.0,196.0,4.55,,,,,
2022,7,223,CLE,False,DE,DL,D,Oklahoma,23.0,2024.0,0,0,0,1.0,Isaiah Thomas,EDGE,Oklahoma,77.0,266.0,4.7,,31.5,117.0,,
2022,7,224,MIA,False,OLB,LB,D,California,24.0,2025.0,0,0,0,2.0,,,,,,,,,,,
2022,8,225,PIT,False,LB,LB,D,Mississippi,23.0,2025.0,0,0,0,4.0,,,,,,,,,,,
2022,8,226,CHI,False,OL,OL,O,Southern,23.0,2023.0,0,0,0,2.0,Ja'Tyre Carter,OG,Southern,75.0,311.0,5.13,,30.0,108.0,7.84,4.9
2022,8,227,MIN,False,TE,TE,O,South Carolina,23.0,2024.0,0,0,0,0.0,,,,,,,,,,,
2022,8,228,GNB,False,DB,DB,D,Georgia Tech,23.0,2023.0,0,0,0,1.0,,,,,,,,,,,
2022,8,229,SEA,False,WR,WR,O,Rutgers,23.0,2025.0,0,0,0,,Bo Melton,WR,Rutgers,71.0,189.0,4.34,,38.0,121.0,6.98,
2022,8,230,WAS,False,OL,OL,O,Tulsa,23.0,2025.0,0,0,0,10.0,Chris Paul,OG,Tulsa,76.0,323.0,4.89,,27.0,109.0,7.74,4.83
2022,8,231,BUF,False,LB,LB,D,Clemson,23.0,2025.0,0,0,0,5.0,Baylon Spector,LB,Clemson,72.0,233.0,4.6,,36.0,122.0,,
2022,8,232,DEN,False,CB,DB,D,Wisconsin,24.0,2024.0,0,0,0,0.0,,,,,,,,,,,
2022,8,233,SEA,False,WR,WR,O,Lenoir-Rhyne,23.0,2025.0,0,0,0,0.0,,,,,,,,,,,
2022,8,234,GNB,False,DT,DL,D,Miami (FL),22.0,2025.0,0,0,0,0.0,Jonathan Ford,DT,Miami,77.0,333.0,,,29.0,102.0,,
2022,8,235,LAR,False,LB,LB,D,Montana St.,23.0,2025.0,0,0,0,0.0,,,,,,,,,,,
2022,8,236,LAC,False,DB,DB,D,Mississippi,22.0,2025.0,0,0,0,3.0,,,,,,,,,,,
2022,8,237,DET,False,DB,DB,D,Arizona St.,25.0,2025.0,0,0,0,1.0,Chase Lucas,CB,Arizona St.,71.0,180.0,4.48,,39.0,128.0,,
2022,8,238,LVR,False,OL,OL,O,Ohio St.,22.0,2025.0,0,0,1,10.0,Thayer Munford,OT,Ohio St.,78.0,328.0,5.39,,22.0,104.0,,
2022,8,239,IND,False,LB,LB,D,Yale,24.0,2025.0,0,0,2,11.0,,,,,,,,,,,
2022,8,240,WAS,False,CB,DB,D,Oklahoma St.,24.0,2023.0,0,0,0,3.0,,,,,,,,,,,
2022,8,241,PIT,False,QB,QB,O,South Dakota St.,25.0,2025.0,0,0,0,,,,,,,,,,,,
2022,8,242,CAR,False,CB,DB,D,Baylor,23.0,2022.0,0,0,0,,Kalon Barnes,CB,Baylor,72.0,183.0,4.23,,,,,
2022,8,243,KAN,False,DB,DB,D,Washington St.,23.0,2025.0,0,0,1,13.0,Jaylen Watson,CB,Washington St.,74.0,197.0,4.51,18.0,,,,
2022,8,244,ARI,False,DB,DB,D,Valdosta St.,25.0,2023.0,0,0,0,2.0,,,,,,,,,,,
2022,8,245,NWE,False,OL,OL,O,Michigan,23.0,2024.0,0,0,0,,Andrew Stueber,OT,Michigan,79.0,325.0,,,24.5,101.0,7.94,4.9
2022,8,246,CLE,False,OL,OL,O,Texas Tech,23.0,,0,0,0,,Dawson Deaton,C,Texas Tech,78.0,306.0,5.12,24.0,29.0,108.0,7.52,4.49
2022,8,247,MIA,False,QB,QB,O,Kansas St.,25.0,2024.0,0,0,0,3.0,Skylar Thompson,QB,Kansas St.,74.0,217.0,4.91,,31.0,112.0,7.0,4.28
2022,8,248,TAM,False,DE,DL,D,LSU,25.0,,0,0,0,,,,,,,,,,,,
2022,8,249,GNB,False,OL,OL,O,Penn St.,22.0,2025.0,0,0,2,29.0,Rasheed Walker,OT,Penn St.,78.0,313.0,,,,,,
2022,8,250,LVR,False,RB,RB,O,UCLA,24.0,2025.0,0,0,0,0.0,,,,,,,,,,,
2022,8,251,KAN,False,RB,RB,O,Rutgers,23.0,2025.0,0,0,2,21.0,Isiah Pacheco,RB,Rutgers,70.0,216.0,4.37,,33.0,118.0,,
2022,8,252,CIN,False,OLB,LB,D,Coastal Carolina,23.0,2022.0,0,0,0,1.0,Jeffrey Gunter,EDGE,Coastal Carolina,76.0,258.0,4.7,,35.5,122.0,7.21,4.35
2022,8,253,LAR,False,DB,DB,D,Kansas St.,23.0,2024.0,0,0,1,4.0,,,,,,,,,,,
2022,8,254,CHI,False,S,DB,D,California,22.0,2025.0,0,0,0,8.0,,,,,,,,,,,
2022,8,255,CHI,False,P,P,S,North Carolina St.,23.0,2024.0,0,0,2,4.0,Trenton Gill,P,North Carolina St.,76.0,220.0,,,,,,
2022,8,256,ARI,False,LB,LB,D,Penn St.,23.0,2024.0,0,0,0,3.0,Jesse Luketa,LB,Penn St.,75.0,253.0,4.89,,37.5,114.0,,
2022,9,257,ARI,False,OL,OL,O,Oklahoma,23.0,,0,0,0,,Marquis Hayes,OG,Oklahoma,77.0,318.0,5.3,,23.5,102.0,,
2022,9,258,GNB,False,WR,WR,O,Nebraska,24.0,2025.0,0,0,0,2.0,,,,,,,,,,,
2022,9,259,KAN,False,S,DB,D,Marshall,24.0,2025.0,0,0,0,3.0,,,,,,,,,,,
2022,9,260,LAC,False,RB,RB,O,Purdue,23.0,2022.0,0,0,0,0.0,,,,,,,,,,,
2022,9,261,LAR,False,OT,OL,O,Michigan St.,25.0,2024.0,0,0,0,1.0,,,,,,,,,,,
2022,9,262,SFO,False,QB,QB,O,Iowa St.,22.0,2025.0,0,1,2,44.0,Brock Purdy,QB,Iowa St.,73.0,212.0,4.84,,27.0,,7.21,4.45
2023,1,1,CAR,False,QB,QB,O,Alabama,22.0,2025.0,0,0,1,23.0,Bryce Young,QB,Alabama,70.0,204.0,,,,,,
2023,1,2,HOU,False,QB,QB,O,Ohio St.,21.0,2025.0,0,1,2,33.0,C.J. Stroud,QB,Ohio St.,75.0,214.0,,,,,,
2023,1,3,HOU,False,LB,LB,D,Alabama,22.0,2025.0,1,2,2,37.0,Will Anderson Jr.,EDGE,Alabama,76.0,253.0,4.6,,,,,
2023,1,4,IND,False,QB,QB,O,Florida,21.0,2025.0,0,0,1,9.0,Anthony Richardson,QB,Florida,76.0,244.0,4.43,,40.5,129.0,,
2023,1,5,SEA,False,DB,DB,D,Illinois,22.0,2025.0,0,3,2,26.0,Devon Witherspoon,CB,Illinois,72.0,181.0,,,,,,
2023,1,6,ARI,False,OL,OL,O,Ohio St.,22.0,2025.0,0,0,2,19.0,Paris Johnson Jr.,OT,Ohio St.,78.0,313.0,,,,110.0,,
2023,1,7,LVR,False,OLB,LB,D,Texas Tech,23.0,2025.0,0,0,0,8.0,Tyree Wilson,EDGE,Texas Tech,78.0,271.0,,23.0,,,,
2023,1,8,ATL,False,RB,RB,O,Texas,21.0,2025.0,1,2,2,36.0,Bijan Robinson,RB,Texas,71.0,215.0,4.46,,37.0,124.0,,
2023,1,9,PHI,False,DL,DL,D,Georgia,22.0,2025.0,0,2,1,24.0,Jalen Carter,DT,Georgia,75.0,314.0,,,,,,
2023,1,10,CHI,False,OL,OL,O,Tennessee,22.0,2025.0,0,0,2,24.0,Darnell Wright,OT,Tennessee,77.0,333.0,5.01,,29.0,114.0,,
2023,1,11,TEN,False,OL,OL,O,Northwestern,22.0,2025.0,0,0,2,15.0,Peter Skoronski,OT,Northwestern,76.0,313.0,5.16,,34.5,115.0,7.8,
2023,1,12,DET,False,RB,RB,O,Alabama,21.0,2025.0,0,3,0,40.0,Jahmyr Gibbs,RB,Alabama,69.0,199.0,4.36,,33.5,,,
2023,1,13,GNB,False,DL,DL,D,Iowa,22.0,2025.0,0,0,0,4.0,,,,,,,,,,,
2023,1,14,PIT,False,OL,OL,O,Georgia,22.0,2025.0,0,0,2,18.0,Broderick Jones,OT,Georgia,77.0,311.0,4.97,,30.0,108.0,,
2023,1,15,NYJ,False,DE,DL,D,Iowa St.,24.0,2025.0,0,0,1,15.0,,,,,,,,,,,
2023,1,16,WAS,False,CB,DB,D,Mississippi St.,22.0,2025.0,0,0,0,3.0,Emmanuel Forbes,CB,Mississippi St.,73.0,166.0,4.35,,37.5,131.0,,
2023,1,17,NWE,False,DB,DB,D,Oregon,21.0,2025.0,0,1,1,19.0,Christian Gonzalez,CB,Oregon,73.0,197.0,4.38,14.0,41.5,133.0,,
2023,1,18,DET,False,LB,LB,D,Iowa,23.0,2025.0,1,1,2,26.0,Jack Campbell,LB,Iowa,77.0,249.0,4.65,,37.5,128.0,6.74,4.24
2023,1,19,TAM,False,DL,DL,D,Pittsburgh,22.0,2025.0,0,0,1,13.0,Calijah Kancey,DT,Pittsburgh,73.0,281.0,4.67,,,,,
2023,1,20,SEA,False,WR,WR,O,Ohio St.,21.0,2025.0,1,2,1,30.0,Jaxon Smith-Njigba,WR,Ohio St.,73.0,196.0,,,35.0,125.0,6.57,3.93
2023,1,21,LAC,False,WR,WR,O,TCU,22.0,2025.0,0,0,2,16.0,Quentin Johnston,WR,TCU,75.0,208.0,,,40.5,134.0,,
2023,1,22,BAL,False,WR,WR,O,Boston Col.,22.0,2025.0,0,2,2,33.0,Zay Flowers,WR,Boston Col.,69.0,182.0,4.42,,35.5,127.0,,
2023,1,23,MIN,False,WR,WR,O,USC,21.0,2025.0,0,0,2,20.0,Jordan Addison,WR,USC,71.0,173.0,4.49,,34.0,122.0,,
2023,1,24,NYG,False,DB,DB,D,Maryland,22.0,2025.0,0,0,2,12.0,Deonte Banks,CB,Maryland,72.0,197.0,4.35,,42.0,136.0,,
2023,1,25,BUF,False,TE,TE,O,Utah,23.0,2025.0,0,1,2,17.0,Dalton Kincaid,TE,Utah,76.0,246.0,,,,,,
2023,1,26,DAL,False,DL,DL,D,Michigan,22.0,2025.0,0,0,1,9.0,Mazi Smith,DT,Michigan,75.0,323.0,,34.0,,,,
2023,1,27,JAX,False,OL,OL,O,Oklahoma,21.0,2025.0,0,0,2,23.0,Anton Harrison,OT,Oklahoma,76.0,315.0,4.98,,28.5,105.0,,
2023,1,28,CIN,False,DE,DL,D,Clemson,21.0,2025.0,0,0,0,7.0,Myles Murphy,EDGE,Clemson,77.0,268.0,,25.0,,,,
2023,1,29,NOR,False,DT,DL,D,Clemson,21.0,2025.0,0,0,1,15.0,Bryan Bresee,DT,Clemson,78.0,298.0,4.86,22.0,29.0,,,
2023,1,30,PHI,False,OLB,LB,D,Georgia,22.0,2025.0,0,0,0,13.0,Nolan Smith,EDGE,Georgia,74.0,238.0,4.39,,41.5,128.0,,
2023,1,31,KAN,False,DE,DL,D,Kansas St.,21.0,2024.0,0,0,0,4.0,Felix Anudike-Uzomah,EDGE,Kansas St.,75.0,255.0,,,,,,
2023,1,32,PIT,False,CB,DB,D,Penn St.,23.0,2025.0,0,0,2,14.0,Joey Porter Jr.,CB,Penn St.,75.0,193.0,4.46,17.0,35.0,129.0,,
2023,2,33,TEN,False,QB,QB,O,Kentucky,24.0,2024.0,0,0,2,11.0,Will Levis,QB,Kentucky,76.0,229.0,,,34.0,124.0,,
2023,2,34,DET,False,TE,TE,O,Iowa,22.0,2025.0,0,1,2,21.0,Sam LaPorta,TE,Iowa,75.0,245.0,4.59,,35.0,123.0,6.91,4.25
2023,2,35,LVR,False,TE,TE,O,Notre Dame,22.0,2025.0,0,0,1,7.0,Michael Mayer,TE,Notre Dame,77.0,249.0,4.7,,32.5,118.0,,
2023,2,36,LAR,False,C,OL,O,TCU,23.0,2025.0,0,0,1,19.0,,,,,,,,,,,
2023,2,37,SEA,False,DE,DL,D,Auburn,22.0,2025.0,0,0,1,13.0,Derick Hall,EDGE,Auburn,75.0,254.0,4.55,,33.5,127.0,,
2023,2,38,ATL,False,OL,OL,O,Syracuse,23.0,2025.0,0,0,2,17.0,Matthew Bergeron,OT,Syracuse,77.0,318.0,,,30.5,103.0,,
2023,2,39,CAR,False,WR,WR,O,Mississippi,22.0,2025.0,0,0,1,4.0,Jonathan Mingo,WR,Mississippi,74.0,220.0,4.46,22.0,39.5,129.0,,
2023,2,40,NOR,False,DL,DL,D,Notre Dame,22.0,2025.0,0,0,0,2.0,Isaiah Foskey,EDGE,Notre Dame,77.0,264.0,4.58,22.0,34.0,125.0,7.28,4.41
2023,2,41,ARI,False,DE,DL,D,LSU,21.0,2025.0,0,0,0,1.0,BJ Ojulari,EDGE,LSU,74.0,248.0,,,32.5,126.0,,
2023,2,42,GNB,False,TE,TE,O,Oregon St.,23.0,2025.0,0,0,1,6.0,Luke Musgrave,TE,Oregon St.,78.0,253.0,4.61,,36.0,125.0,,
2023,2,43,NYJ,False,OL,OL,O,Wisconsin,22.0,2025.0,0,0,2,16.0,Joe Tippmann,C,Wisconsin,78.0,313.0,,,,,,
2023,2,44,IND,False,DB,DB,D,Kansas St.,23.0,2025.0,0,0,0,3.0,Julius Brents,CB,Kansas St.,75.0,198.0,4.53,,41.5,138.0,6.63,4.05
2023,2,45,DET,False,DB,DB,D,Alabama,21.0,2025.0,0,1,2,15.0,Brian Branch,CB,Alabama,72.0,190.0,4.58,14.0,34.5,125.0,,
2023,2,46,NWE,False,DL,DL,D,Georgia Tech,24.0,2025.0,0,0,1,10.0,Keion White,EDGE,Georgia Tech,77.0,285.0,,30.0,34.0,117.0,,
2023,2,47,WAS,False,DB,DB,D,Illinois,23.0,2025.0,0,0,1,11.0,Jartavius Martin,DB,Illinois,71.0,194.0,4.46,15.0,44.0,133.0,,
2023,2,48,TAM,False,T,OL,O,North Dakota St.,24.0,2025.0,0,0,2,16.0,,,,,,,,,,,
2023,2,49,PIT,False,NT,DL,D,Wisconsin,22.0,2025.0,0,0,2,17.0,Keeanu Benton,DT,Wisconsin,76.0,309.0,5.08,25.0,29.5,111.0,7.34,4.65
2023,2,50,GNB,False,WR,WR,O,Michigan St.,23.0,2025.0,0,0,1,19.0,Jayden Reed,WR,Michigan St.,71.0,187.0,4.45,,33.5,121.0,,4.29
2023,2,51,MIA,False,DB,DB,D,South Carolina,22.0,2024.0,0,0,0,1.0,Cam Smith,CB,South Carolina,73.0,180.0,4.43,,38.0,134.0,,
2023,2,52,SEA,False,RB,RB,O,UCLA,22.0,2025.0,0,0,0,16.0,Zach Charbonnet,RB,UCLA,72.0,214.0,4.53,,37.0,122.0,,
2023,2,53,CHI,False,DL,DL,D,Florida,21.0,2025.0,0,0,1,17.0,Gervon Dexter,DT,Florida,78.0,310.0,4.88,22.0,31.0,110.0,7.5,
2023,2,54,LAC,False,DL,DL,D,USC,21.0,2025.0,0,1,2,21.0,Tuli Tuipulotu,EDGE,USC,75.0,266.0,,,,,,
2023,2,55,KAN,False,WR,WR,O,SMU,23.0,2025.0,0,0,0,16.0,Rashee Rice,WR,SMU,73.0,204.0,4.51,,41.0,128.0,,
2023,2,56,CHI,False,CB,DB,D,Miami (FL),23.0,2025.0,0,0,2,14.0,Tyrique Stevenson,CB,Miami,72.0,198.0,4.45,,38.5,125.0,7.09,4.41
2023,2,57,NYG,False,OL,OL,O,Minnesota,24.0,2025.0,0,0,2,14.0,,,,,,,,,,,
2023,2,58,DAL,False,TE,TE,O,Michigan,24.0,2025.0,0,0,0,4.0,Luke Schoonmaker,TE,Michigan,77.0,251.0,4.63,,33.5,127.0,,4.27
2023,2,59,BUF,False,OL,OL,O,Florida,23.0,2025.0,0,0,2,23.0,O'Cyrus Torrence,OG,Florida,77.0,330.0,5.31,,23.5,101.0,,4.81
2023,2,60,CIN,False,DB,DB,D,Michigan,22.0,2025.0,0,0,2,12.0,DJ Turner,CB,Michigan,71.0,178.0,4.26,,38.5,131.0,,
2023,2,61,JAX,False,TE,TE,O,Penn St.,22.0,2025.0,0,0,1,8.0,Brenton Strange,TE,Penn St.,76.0,253.0,4.7,23.0,36.0,124.0,7.25,4.46
2023,2,62,HOU,False,OL,OL,O,Penn St.,23.0,2025.0,0,0,1,7.0,Juice Scruggs,C,Penn St.,75.0,301.0,5.22,,32.0,102.0,7.75,4.82
2023,2,63,DEN,False,WR,WR,O,Oklahoma,21.0,2025.0,1,2,0,13.0,Marvin Mims,WR,Oklahoma,71.0,183.0,4.38,,39.5,129.0,6.9,
2023,2,64,CHI,False,DL,DL,D,South Carolina,23.0,2025.0,0,0,0,3.0,Zacch Pickens,DT,South Carolina,76.0,291.0,4.89,22.0,30.5,116.0,7.45,4.62
2023,3,65,PHI,False,OL,OL,O,Alabama,23.0,2025.0,0,0,0,10.0,Tyler Steen,OT,Alabama,78.0,321.0,,,29.5,109.0,,4.59
2023,3,66,PHI,False,DB,DB,D,Illinois,23.0,2025.0,0,0,0,5.0,Sydney Brown,DB,Illinois,70.0,211.0,4.47,23.0,40.5,130.0,,
2023,3,67,DEN,False,LB,LB,D,Arkansas,22.0,2024.0,0,0,0,2.0,Drew Sanders,LB,Arkansas,76.0,235.0,,,,,,
2023,3,68,DET,False,QB,QB,O,Tennessee,25.0,2024.0,0,0,0,0.0,Hendon Hooker,QB,Tennessee,75.0,217.0,,,,,,
2023,3,69,HOU,False,WR,WR,O,Houston,23.0,2024.0,0,0,1,12.0,Nathaniel Dell,WR,Houston,68.0,165.0,4.49,,,121.0,,
2023,3,70,LVR,False,DL,DL,D,Alabama,22.0,2025.0,0,0,0,0.0,Byron Young,DT,Alabama,75.0,294.0,,24.0,26.0,108.0,7.68,
2023,3,71,NOR,False,RB,RB,O,TCU,21.0,2025.0,0,0,0,4.0,Kendre Miller,RB,TCU,71.0,215.0,,,,,,
2023,3,72,ARI,False,DB,DB,D,Syracuse,22.0,2025.0,0,0,1,9.0,Garrett Williams,CB,Syracuse,70.0,192.0,,,,,,
2023,3,73,NYG,False,WR,WR,O,Tennessee,21.0,2025.0,0,0,0,3.0,Jalin Hyatt,WR,Tennessee,72.0,176.0,4.4,,40.0,135.0,,
2023,3,74,CLE,False,WR,WR,O,Tennessee,23.0,2025.0,0,0,0,6.0,Cedric Tillman,WR,Tennessee,75.0,213.0,4.54,,37.0,128.0,,
2023,3,75,ATL,False,DE,DL,D,Ohio St.,22.0,2025.0,0,0,0,5.0,Zach Harrison,EDGE,Ohio St.,78.0,274.0,,25.0,,,,
2023,3,76,NWE,False,DB,DB,D,Sacramento St.,23.0,2025.0,0,0,0,7.0,,,,,,,,,,,
2023,3,77,LAR,False,LB,LB,D,Tennessee,25.0,2025.0,0,1,2,25.0,,,,,,,,,,,
2023,3,78,GNB,False,TE,TE,O,South Dakota St.,22.0,2025.0,0,0,1,15.0,Tucker Kraft,TE,South Dakota St.,77.0,254.0,4.69,23.0,34.0,122.0,7.08,4.29
2023,3,79,IND,False,WR,WR,O,North Carolina,22.0,2025.0,0,0,1,19.0,Josh Downs,WR,North Carolina,69.0,171.0,4.48,,38.5,131.0,,
2023,3,80,CAR,False,OLB,LB,D,Oregon,24.0,2025.0,0,0,0,3.0,,,,,,,,,,,
2023,3,81,TEN,False,RB,RB,O,Tulane,22.0,2025.0,0,0,0,13.0,Tyjae Spears,RB,Tulane,70.0,201.0,,,39.0,125.0,,
2023,3,82,TAM,False,DL,DL,D,Louisville,24.0,2025.0,0,0,1,19.0,YaYa Diaby,DE,Louisville,75.0,263.0,4.51,,37.0,120.0,,
2023,3,83,DEN,False,DB,DB,D,Iowa,23.0,2025.0,0,0,1,12.0,Riley Moss,CB,Iowa,73.0,193.0,4.45,,39.0,127.0,,
2023,3,84,MIA,False,RB,RB,O,Texas A&M,21.0,2025.0,0,1,1,31.0,Devon Achane,RB,Texas A&M,69.0,188.0,4.32,,33.0,,,
2023,3,85,LAC,False,LB,LB,D,Washington St.,23.0,2025.0,0,0,1,18.0,Daiyan Henley,LB,Washington St.,73.0,225.0,4.54,,35.0,125.0,,
2023,3,86,BAL,False,LB,LB,D,Clemson,22.0,2025.0,0,0,1,11.0,Trenton Simpson,LB,Clemson,74.0,235.0,4.43,25.0,,,,
2023,3,87,SFO,False,S,DB,D,Penn St.,23.0,2025.0,0,0,1,11.0,Ji'Ayir Brown,DB,Penn St.,71.0,203.0,4.65,18.0,32.5,119.0,,
2023,3,88,JAX,False,RB,RB,O,Auburn,22.0,2025.0,0,0,0,6.0,Tank Bigsby,RB,Auburn,72.0,210.0,4.56,,32.5,119.0,,
2023,3,89,LAR,False,DT,DL,D,Wake Forest,24.0,2025.0,0,0,1,20.0,,,,,,,,,,,
2023,3,90,DAL,False,LB,LB,D,Texas,23.0,2025.0,0,0,1,8.0,DeMarvion Overshown,LB,Texas,75.0,229.0,4.56,15.0,,124.0,,
2023,3,91,BUF,False,LB,LB,D,Tulane,22.0,2025.0,0,0,1,13.0,Dorian Williams,LB,Tulane,73.0,228.0,4.49,,33.5,120.0,,
2023,3,92,KAN,False,OL,OL,O,Oklahoma,22.0,2025.0,0,0,1,8.0,Wanya Morris,OT,Oklahoma,77.0,307.0,5.1,,28.5,111.0,,
2023,3,93,PIT,False,TE,TE,O,Georgia,22.0,2025.0,0,0,1,7.0,Darnell Washington,TE,Georgia,79.0,264.0,4.64,21.0,31.0,122.0,,4.08
2023,3,94,ARI,False,WR,WR,O,Stanford,23.0,2025.0,0,0,2,18.0,Michael Wilson,WR,Stanford,74.0,213.0,4.58,23.0,37.5,125.0,,4.27
2023,3,95,CIN,False,DB,DB,D,Alabama,22.0,2025.0,0,0,0,12.0,Jordan Battle,DB,Alabama,73.0,209.0,4.55,17.0,,,,
2023,3,96,DET,False,DT,DL,D,Western Kentucky,24.0,2025.0,0,0,0,1.0,,,,,,,,,,,
2023,4,97,WAS,False,OL,OL,O,Arkansas,22.0,2023.0,0,0,0,0.0,Ricky Stromberg,C,Arkansas,75.0,306.0,5.26,,32.5,111.0,,
2023,4,98,CLE,False,DL,DL,D,Baylor,22.0,2023.0,0,0,0,0.0,Siaki Ika,DT,Baylor,75.0,335.0,5.39,,,,7.8,4.99
2023,4,99,SFO,False,K,K,S,Michigan,23.0,2025.0,0,0,1,3.0,Jake Moody,K,Michigan,73.0,209.0,,,,,,
2023,4,100,LVR,False,WR,WR,O,Cincinnati,22.0,2025.0,0,0,1,13.0,Tre Tucker,WR,Cincinnati,69.0,182.0,4.4,,37.5,124.0,,
2023,4,101,SFO,False,TE,TE,O,Alabama,23.0,2025.0,0,0,0,,Cameron Latu,TE,Alabama,76.0,242.0,,,,,,
2023,4,102,MIN,False,CB,DB,D,USC,24.0,2025.0,0,0,0,2.0,Mekhi Blackmon,CB,USC,71.0,178.0,4.47,11.0,36.0,125.0,,
2023,4,103,NOR,False,OL,OL,O,Old Dominion,23.0,2024.0,0,0,0,3.0,,,,,,,,,,,
2023,4,104,LVR,False,DB,DB,D,Maryland,23.0,2025.0,0,0,1,5.0,Jakorian Bennett,CB,Maryland,71.0,188.0,4.3,13.0,40.5,133.0,,
2023,4,105,PHI,False,DB,DB,D,Georgia,21.0,2025.0,0,0,0,6.0,Kelee Ringo,CB,Georgia,74.0,207.0,4.36,,33.5,122.0,,
2023,4,106,IND,False,OL,OL,O,BYU,22.0,2024.0,0,0,1,6.0,Blake Freeland,OT,BYU,80.0,302.0,4.98,,37.0,120.0,7.46,4.71
2023,4,107,NWE,False,OL,OL,O,Troy,23.0,2025.0,0,0,0,1.0,Jake Andrews,C,Troy,75.0,305.0,5.15,,26.0,102.0,,4.73
2023,4,108,SEA,False,OL,OL,O,LSU,22.0,2025.0,0,0,2,14.0,Anthony Bradford,OG,LSU,76.0,332.0,5.08,,30.0,106.0,7.84,4.8
2023,4,109,HOU,False,DL,DL,D,TCU,23.0,2025.0,0,0,0,3.0,Dylan Horton,EDGE,TCU,76.0,257.0,,18.0,34.0,120.0,,
2023,4,110,IND,False,DL,DL,D,Northwestern,22.0,2025.0,0,0,0,6.0,Adetomiwa Adebawore,DE,Northwestern,74.0,282.0,4.49,27.0,37.5,125.0,,
2023,4,111,CLE,False,OL,OL,O,Ohio St.,22.0,2025.0,0,0,2,7.0,Dawand Jones,OT,Ohio St.,80.0,374.0,5.35,,,,,
2023,4,112,NWE,False,K,K,S,Maryland,23.0,2025.0,0,0,1,0.0,Chad Ryland,K,Maryland,72.0,190.0,,,,,,
2023,4,113,ATL,False,CB,DB,D,Utah,21.0,2025.0,0,0,0,4.0,Clark Phillips III,CB,Utah,69.0,184.0,4.51,18.0,33.0,,,4.32
2023,4,114,CAR,False,G,OL,O,North Carolina St.,24.0,2025.0,0,0,0,6.0,,,,,,,,,,,
2023,4,115,CHI,False,RB,RB,O,Texas,22.0,2025.0,0,0,0,6.0,Roschon Johnson,RB,Texas,72.0,219.0,4.58,,31.5,122.0,,
2023,4,116,GNB,False,DE,DL,D,Auburn,22.0,2025.0,0,0,0,8.0,Colby Wooden,DE,Auburn,76.0,273.0,4.79,23.0,,115.0,,4.52
2023,4,117,NWE,False,OL,OL,O,Eastern Michigan,25.0,2025.0,0,0,1,5.0,,,,,,,,,,,
2023,4,118,WAS,False,OL,OL,O,Utah,23.0,,0,0,0,,,,,,,,,,,,
2023,4,119,KAN,False,DB,DB,D,Virginia Tech,23.0,2025.0,0,0,0,14.0,Chamarri Conner,DB,Virginia Tech,72.0,202.0,4.51,20.0,40.5,125.0,,
2023,4,120,NYJ,False,OL,OL,O,Pittsburgh,24.0,2024.0,0,0,0,3.0,Carter Warren,OT,Pittsburgh,78.0,311.0,,,,,,
2023,4,121,JAX,False,LB,LB,D,Florida,24.0,2025.0,0,0,1,6.0,Ventrell Miller,LB,Florida,72.0,232.0,,,,,,
2023,4,122,ARI,False,OL,OL,O,UCLA,24.0,2025.0,0,0,0,4.0,,,,,,,,,,,
2023,4,123,SEA,False,DT,DL,D,Mississippi St.,23.0,2024.0,0,0,0,1.0,Cameron Young,DT,Mississippi St.,75.0,304.0,5.1,,,,,
2023,4,124,BAL,False,DE,DL,D,Mississippi,24.0,2025.0,0,0,0,9.0,,,,,,,,,,,
2023,4,125,LAC,False,WR,WR,O,TCU,22.0,2025.0,0,0,0,3.0,Derius Davis,WR,TCU,68.0,165.0,4.36,,,,,4.38
2023,4,126,CLE,False,DL,DL,D,Missouri,22.0,2025.0,0,0,0,7.0,Isaiah McGuire,DE,Missouri,76.0,268.0,4.76,,36.5,122.0,7.39,
2023,4,127,NOR,False,QB,QB,O,Fresno St.,24.0,2024.0,0,0,0,1.0,Jake Haener,QB,Fresno St.,72.0,207.0,,,35.0,114.0,7.01,
2023,4,128,LAR,False,QB,QB,O,Georgia,25.0,,0,0,0,,Stetson Bennett,QB,Georgia,71.0,192.0,4.67,,33.5,118.0,,4.2
2023,5,129,DAL,False,DL,DL,D,San Jose St.,23.0,,0,0,0,,,,,,,,,,,,
2023,5,130,JAX,False,DE,DL,D,Oklahoma St.,23.0,2025.0,0,0,1,4.0,Tyler Lacy,DE,Oklahoma St.,76.0,279.0,5.11,30.0,28.5,116.0,7.6,
2023,5,131,CIN,False,WR,WR,O,Purdue,24.0,2025.0,0,0,0,4.0,Charlie Jones,WR,Purdue,71.0,175.0,4.43,13.0,36.5,124.0,,
2023,5,132,PIT,False,OLB,LB,D,Wisconsin,21.0,2025.0,0,0,0,10.0,Nick Herbig,EDGE,Wisconsin,74.0,240.0,4.65,25.0,,,,
2023,5,133,CHI,False,WR,WR,O,Cincinnati,21.0,2024.0,0,0,0,2.0,Tyler Scott,WR,Cincinnati,70.0,177.0,4.44,,39.5,133.0,,
2023,5,134,MIN,False,S,DB,D,LSU,23.0,2025.0,0,0,0,6.0,Jay Ward,CB,LSU,73.0,188.0,4.55,16.0,34.5,132.0,,
2023,5,135,LVR,False,QB,QB,O,Purdue,25.0,2025.0,0,0,1,10.0,Aidan O'Connell,QB,Purdue,75.0,213.0,,,,,,
2023,5,136,JAX,False,LB,LB,D,Louisville,23.0,2025.0,0,0,0,3.0,Yasir Abdullah,LB,Louisville,73.0,237.0,4.47,,36.5,129.0,,
2023,5,137,WAS,False,DE,DL,D,Clemson,24.0,2025.0,0,0,0,2.0,,,,,,,,,,,
2023,5,138,IND,False,DB,DB,D,South Carolina,23.0,2025.0,0,0,0,,Darius Rush,CB,South Carolina,74.0,198.0,4.36,,35.0,121.0,,
2023,5,139,ARI,False,QB,QB,O,Houston,24.0,2025.0,0,0,0,0.0,Clayton Tune,QB,Houston,75.0,220.0,4.64,,37.5,122.0,6.89,4.25
2023,5,140,CLE,False,QB,QB,O,UCLA,23.0,2024.0,0,0,0,2.0,Dorian Thompson-Robinson,QB,UCLA,74.0,203.0,4.56,,32.5,121.0,7.28,4.44
2023,5,141,MIN,False,DT,DL,D,LSU,22.0,2024.0,0,0,0,1.0,Jaquelin Roy,DT,LSU,75.0,305.0,,30.0,,,8.01,5.0
2023,5,142,CLE,False,DB,DB,D,Northwestern,21.0,2025.0,0,0,0,3.0,Cameron Mitchell,CB,Northwestern,71.0,191.0,4.47,15.0,35.0,,,
2023,5,143,NYJ,False,RB,RB,O,Pittsburgh,20.0,2023.0,0,0,0,1.0,Israel Abanikanda,RB,Pittsburgh,70.0,216.0,,,,,,
2023,5,144,NWE,False,OL,OL,O,UCLA,22.0,2025.0,0,0,0,2.0,,,,,,,,,,,
2023,5,145,CAR,False,DB,DB,D,Florida St.,22.0,2025.0,0,0,0,1.0,Jammie Robinson,DB,Florida St.,71.0,191.0,4.59,23.0,33.5,116.0,,
2023,5,146,NOR,False,DB,DB,D,Minnesota,23.0,2025.0,0,0,0,7.0,Jordan Howden,DB,Minnesota,72.0,203.0,4.49,14.0,33.5,119.0,,
2023,5,147,TEN,False,TE,TE,O,Cincinnati,23.0,2025.0,0,0,0,3.0,Josh Whyle,TE,Cincinnati,79.0,248.0,4.69,,33.5,115.0,,
2023,5,148,CHI,False,LB,LB,D,Oregon,21.0,2025.0,0,0,0,6.0,Noah Sewell,LB,Oregon,74.0,246.0,4.64,27.0,33.0,115.0,,
2023,5,149,GNB,False,QB,QB,O,Penn St.,25.0,2023.0,0,0,0,0.0,,,,,,,,,,,
2023,5,150,BUF,False,WR,WR,O,Florida,23.0,2025.0,0,0,0,,Justin Shorter,WR,Florida,76.0,229.0,4.55,18.0,35.5,126.0,,
2023,5,151,SEA,False,DE,DL,D,Michigan,22.0,2025.0,0,0,0,2.0,Mike Morris,DE,Michigan,77.0,275.0,4.95,22.0,28.5,110.0,,
2023,5,152,DET,False,OL,OL,O,William & Mary,23.0,2024.0,0,0,0,2.0,,,,,,,,,,,
2023,5,153,TAM,False,LB,LB,D,Pittsburgh,23.0,2025.0,0,0,0,8.0,SirVocea Dennis,LB,Pittsburgh,73.0,226.0,,19.0,,,,
2023,5,154,SEA,False,C,OL,O,Michigan,24.0,2025.0,0,0,0,6.0,,,,,,,,,,,
2023,5,155,SFO,False,CB,DB,D,South Alabama,23.0,2025.0,0,0,0,2.0,Darrell Luter Jr.,CB,South Alabama,72.0,189.0,4.46,,40.5,123.0,6.9,4.43
2023,5,156,LAC,False,OL,OL,O,Clemson,23.0,2025.0,0,0,0,1.0,Jordan McFadden,OG,Clemson,74.0,303.0,4.99,,28.5,,7.7,4.81
2023,5,157,BAL,False,CB,DB,D,Stanford,22.0,2025.0,0,0,0,,,,,,,,,,,,
2023,5,158,IND,False,S,DB,D,California,24.0,2025.0,0,0,0,0.0,Daniel Scott,DB,California,73.0,208.0,4.45,22.0,39.5,128.0,6.75,4.17
2023,5,159,GNB,False,WR,WR,O,Virginia,22.0,2025.0,0,0,0,13.0,Dontayvion Wicks,WR,Virginia,73.0,206.0,4.62,,39.0,130.0,,
2023,5,160,JAX,False,DB,DB,D,Texas A&M,21.0,2025.0,0,0,1,10.0,Antonio Johnson,DB,Texas A&M,74.0,198.0,4.52,8.0,31.0,118.0,,
2023,6,161,LAR,False,OLB,LB,D,Appalachian St.,23.0,2025.0,0,0,0,3.0,Nick Hampton,EDGE,Appalachian St.,74.0,236.0,4.58,,35.5,120.0,,
2023,6,162,IND,False,TE,TE,O,Miami (FL),24.0,2025.0,0,0,0,2.0,Will Mallory,TE,Miami,77.0,239.0,4.54,20.0,36.5,121.0,,
2023,6,163,CIN,False,RB,RB,O,Illinois,23.0,2025.0,0,0,0,22.0,Chase Brown,RB,Illinois,70.0,209.0,4.43,,40.0,127.0,,
2023,6,164,MIN,False,QB,QB,O,BYU,25.0,2023.0,0,0,0,1.0,Jaren Hall,QB,BYU,72.0,207.0,,,,,,
2023,6,165,CHI,False,DB,DB,D,Minnesota,24.0,2024.0,0,0,0,4.0,,,,,,,,,,,
2023,6,166,KAN,False,DE,DL,D,S.F. Austin,24.0,2023.0,0,0,0,0.0,,,,,,,,,,,
2023,6,167,HOU,False,LB,LB,D,Alabama,22.0,2025.0,0,0,1,17.0,Henry To'oTo'o,LB,Alabama,73.0,227.0,4.62,,32.0,116.0,,4.4
2023,6,168,ARI,False,LB,LB,D,Auburn,22.0,2025.0,0,0,0,3.0,Owen Pappoe,LB,Auburn,72.0,225.0,4.39,29.0,35.5,126.0,,
2023,6,169,DAL,False,OL,OL,O,North Carolina,22.0,2025.0,0,0,0,2.0,Asim Richards,OT,North Carolina,76.0,309.0,,,,,,
2023,6,170,LVR,False,DB,DB,D,Georgia,23.0,2025.0,0,0,0,3.0,Christopher Smith,DB,Georgia,71.0,192.0,4.62,15.0,33.0,116.0,,
2023,6,171,TAM,False,TE,TE,O,Purdue,23.0,2025.0,0,0,0,2.0,Payne Durham,TE,Purdue,78.0,253.0,4.87,,34.5,117.0,,
2023,6,172,NYG,False,RB,RB,O,Oklahoma,23.0,2025.0,0,0,0,1.0,Eric Gray,RB,Oklahoma,70.0,207.0,,,37.5,118.0,,
2023,6,173,SFO,False,OLB,LB,D,Georgia,24.0,2025.0,0,0,0,2.0,Robert Beal,EDGE,Georgia,76.0,247.0,4.48,,30.0,123.0,,
2023,6,174,LAR,False,OL,OL,O,Georgia,22.0,2025.0,0,0,0,9.0,Warren McClendon,OT,Georgia,76.0,306.0,,,,,,
2023,6,175,LAR,False,TE,TE,O,Clemson,22.0,2025.0,0,0,0,3.0,Davis Allen,TE,Clemson,78.0,245.0,4.84,,38.5,125.0,,
2023,6,176,IND,False,RB,RB,O,Northwestern,22.0,2025.0,0,0,0,0.0,,,,,,,,,,,
2023,6,177,LAR,False,WR,WR,O,BYU,22.0,2025.0,1,2,1,39.0,Puka Nacua,WR,BYU,74.0,201.0,,,,,,
2023,6,178,DAL,False,DB,DB,D,Southern Miss,25.0,,0,0,0,,,,,,,,,,,,
2023,6,179,GNB,False,DT,DL,D,Bowling Green,23.0,2025.0,0,0,0,8.0,,,,,,,,,,,
2023,6,180,ARI,False,DB,DB,D,Louisville,22.0,2025.0,0,0,0,4.0,,,,,,,,,,,
2023,6,181,TAM,False,CB,DB,D,Kansas St.,24.0,2025.0,0,0,0,4.0,,,,,,,,,,,
2023,6,182,LAR,False,CB,DB,D,TCU,23.0,2023.0,0,0,0,1.0,Tre'Vius Hodges-Tomlinson,CB,TCU,68.0,178.0,4.41,12.0,39.0,132.0,,
2023,6,183,DEN,False,S,DB,D,Boise St.,22.0,2025.0,0,0,0,2.0,JL Skinner,DB,Boise St.,76.0,209.0,,,,,,
2023,6,184,NYJ,False,LB,LB,D,Western Michigan,24.0,2025.0,0,0,0,0.0,,,,,,,,,,,
2023,6,185,JAX,False,WR,WR,O,Penn St.,21.0,2025.0,0,0,0,15.0,Parker Washington,WR,Penn St.,70.0,204.0,,16.0,,,,
2023,6,186,TEN,False,OL,OL,O,Maryland,23.0,2024.0,0,0,0,3.0,,,,,,,,,,,
2023,6,187,NWE,False,WR,WR,O,LSU,21.0,2025.0,0,0,1,10.0,Kayshon Boutte,WR,LSU,71.0,195.0,4.5,,29.0,118.0,,4.25
2023,6,188,PHI,False,QB,QB,O,Stanford,23.0,2025.0,0,0,0,2.0,Tanner McKee,QB,Stanford,78.0,231.0,,,33.0,114.0,7.22,4.41
2023,6,189,LAR,False,DE,DL,D,Nebraska,24.0,2024.0,0,0,0,1.0,Ochaun Mathis,EDGE,Nebraska,77.0,250.0,4.74,21.0,33.5,118.0,,4.38
2023,6,190,CLE,False,OL,OL,O,Ohio St.,22.0,2025.0,0,0,0,3.0,Luke Wypler,C,Ohio St.,75.0,303.0,5.14,,30.5,106.0,7.64,4.53
2023,6,191,TAM,False,WR,WR,O,Nebraska,22.0,2024.0,0,0,0,6.0,Trey Palmer,WR,Nebraska,72.0,192.0,4.33,,,,,
2023,6,192,NWE,False,P,P,S,Michigan St.,24.0,2025.0,0,0,1,9.0,Bryce Baringer,P,Michigan St.,74.0,216.0,,,,,,
2023,7,193,WAS,False,RB,RB,O,Kentucky,22.0,2025.0,0,0,0,6.0,,,,,,,,,,,
2023,7,194,KAN,False,DT,DL,D,Texas,23.0,2024.0,0,0,0,0.0,Keondre Coburn,DT,Texas,74.0,332.0,5.22,24.0,27.5,101.0,,
2023,7,195,NOR,False,WR,WR,O,Wake Forest,23.0,2023.0,0,0,0,2.0,A.T. Perry,WR,Wake Forest,76.0,198.0,4.47,,35.0,133.0,,
2023,7,196,TAM,False,DL,DL,D,Eastern Michigan,24.0,2024.0,0,0,0,0.0,,,,,,,,,,,
2023,7,197,MIA,False,WR,WR,O,Stanford,22.0,2025.0,0,0,0,,Elijah Higgins,WR,Stanford,75.0,235.0,4.54,,35.0,126.0,7.01,
2023,7,198,SEA,False,S,DB,D,New Mexico,23.0,2025.0,0,0,0,0.0,,,,,,,,,,,
2023,7,199,BAL,False,OL,OL,O,Oregon,24.0,2024.0,0,0,0,0.0,Malaesala Aumavae-Laulu,OT,Oregon,78.0,317.0,5.23,,28.5,106.0,7.65,4.75
2023,7,200,LAC,False,DT,DL,D,Boise St.,23.0,2025.0,0,0,0,12.0,,,,,,,,,,,
2023,7,201,HOU,False,OL,OL,O,Notre Dame,24.0,2025.0,0,0,0,8.0,Jarrett Patterson,C,Notre Dame,77.0,306.0,5.33,,29.5,106.0,7.96,4.73
2023,7,202,JAX,False,DB,DB,D,Rutgers,23.0,2025.0,0,0,0,1.0,,,,,,,,,,,
2023,7,203,LVR,False,LB,LB,D,Florida,23.0,2024.0,0,0,0,2.0,,,,,,,,,,,
2023,7,204,NYJ,False,CB,DB,D,LSU,23.0,2025.0,0,0,0,0.0,,,,,,,,,,,
2023,7,205,HOU,False,WR,WR,O,Iowa St.,23.0,2025.0,0,0,0,6.0,Xavier Hutchinson,WR,Iowa St.,74.0,203.0,4.53,,36.0,116.0,6.91,4.35
2023,7,206,CIN,False,WR,WR,O,Princeton,23.0,2025.0,0,0,1,9.0,,,,,,,,,,,
2023,7,207,GNB,False,K,K,S,Auburn,25.0,2024.0,0,0,1,1.0,,,,,,,,,,,
2023,7,208,JAX,False,DB,DB,D,Pittsburgh,23.0,2025.0,0,0,0,,,,,,,,,,,,
2023,7,209,NYG,False,CB,DB,D,Old Dominion,23.0,2025.0,0,0,0,3.0,,,,,,,,,,,
2023,7,210,NWE,False,WR,WR,O,Liberty,22.0,2025.0,0,0,0,12.0,,,,,,,,,,,
2023,7,211,IND,False,LB,LB,D,Wagner,24.0,2024.0,0,0,0,,,,,,,,,,,,
2023,7,212,DAL,False,RB,RB,O,Kansas St.,21.0,2024.0,0,0,0,1.0,Deuce Vaughn,RB,Kansas St.,65.0,179.0,,,35.5,116.0,,
2023,7,213,ARI,False,DT,DL,D,West Virginia,23.0,2025.0,0,0,0,10.0,Dante Stills,DT,West Virginia,76.0,286.0,4.85,20.0,28.5,113.0,7.38,4.61
2023,7,214,NWE,False,CB,DB,D,Michigan St.,23.0,2025.0,0,0,0,0.0,,,,,,,,,,,
2023,7,215,LAR,False,RB,RB,O,Mississippi,22.0,2023.0,0,0,0,0.0,Zach Evans,RB,Mississippi,71.0,202.0,,,,,,
2023,7,216,SFO,False,LB,LB,D,TCU,22.0,2025.0,0,0,0,13.0,Dee Winters,LB,TCU,71.0,227.0,4.49,,30.5,117.0,,
2023,7,217,CIN,False,P,P,S,Michigan,24.0,2025.0,0,0,1,1.0,,,,,,,,,,,
2023,7,218,CHI,False,DL,DL,D,Kennesaw St.,24.0,2023.0,0,0,0,,,,,,,,,,,,
2023,7,219,DET,False,WR,WR,O,North Carolina,23.0,2023.0,0,0,0,0.0,Antoine Green,WR,North Carolina,74.0,199.0,4.47,,33.5,123.0,6.99,4.27
2023,7,220,NYJ,False,TE,TE,O,Old Dominion,24.0,2024.0,0,0,0,0.0,Zack Kuntz,TE,Old Dominion,79.0,255.0,4.55,23.0,40.0,128.0,6.87,4.12
2023,7,221,IND,False,DB,DB,D,Texas A&M,21.0,2025.0,0,0,2,11.0,Jaylon Jones,CB,Texas A&M,74.0,200.0,4.57,14.0,38.0,122.0,6.88,4.3
2023,7,222,MIN,False,RB,RB,O,Ala-Birmingham,22.0,,0,0,0,,,,,,,,,,,,
2023,7,223,LAR,False,P,P,S,Wingate,22.0,2025.0,0,0,1,6.0,,,,,,,,,,,
2023,7,224,ATL,False,DB,DB,D,Alabama,23.0,2025.0,0,0,0,3.0,DeMarcco Hellams,DB,Alabama,73.0,203.0,4.57,,31.0,121.0,,
2023,8,225,ATL,False,OL,OL,O,South Carolina,24.0,2025.0,0,0,0,1.0,,,,,,,,,,,
2023,8,226,JAX,False,OL,OL,O,Appalachian St.,23.0,2024.0,0,0,0,1.0,,,,,,,,,,,
2023,8,227,JAX,False,DT,DL,D,North Carolina,,,0,0,0,,,,,,,,,,,,
2023,8,228,TEN,False,WR,WR,O,UT Martin,24.0,2023.0,0,0,0,0.0,,,,,,,,,,,
2023,8,229,BAL,False,OL,OL,O,USC,24.0,2025.0,0,0,0,9.0,Andrew Vorhees,OG,USC,78.0,310.0,,,29.0,105.0,,
2023,8,230,BUF,False,OL,OL,O,Mississippi,22.0,2024.0,0,0,0,,Nick Broeker,OG,Mississippi,76.0,305.0,5.27,,,,7.75,4.7
2023,8,231,LVR,False,DT,DL,D,Arizona St.,23.0,2024.0,0,0,0,1.0,,,,,,,,,,,
2023,8,232,GNB,False,DB,DB,D,Kentucky,21.0,2025.0,0,0,1,10.0,Carrington Valentine,CB,Kentucky,72.0,193.0,,9.0,39.0,128.0,,
2023,8,233,WAS,False,DE,DL,D,Louisiana,24.0,2025.0,0,0,0,1.0,,,,,,,,,,,
2023,8,234,LAR,False,S,DB,D,Oklahoma St.,23.0,2023.0,0,0,0,0.0,,,,,,,,,,,
2023,8,235,GNB,False,RB,RB,O,Central Michigan,22.0,2025.0,0,0,0,,,,,,,,,,,,
2023,8,236,IND,False,OL,OL,O,Northern Michigan,23.0,,0,0,0,,,,,,,,,,,,
2023,8,237,SEA,False,RB,RB,O,Georgia,23.0,2024.0,0,0,0,1.0,Kenny McIntosh,RB,Georgia,72.0,204.0,4.62,,,,,
2023,8,238,MIA,False,OL,OL,O,Michigan,23.0,2024.0,0,0,0,0.0,Ryan Hayes,OT,Michigan,78.0,298.0,5.18,,30.0,103.0,7.39,
2023,8,239,LAC,False,QB,QB,O,TCU,22.0,,0,0,0,,Max Duggan,QB,TCU,74.0,207.0,4.52,,30.5,116.0,7.26,4.45
2023,8,240,JAX,False,DL,DL,D,Houston,24.0,,0,0,0,,,,,,,,,,,,
2023,8,241,PIT,False,CB,DB,D,Purdue,23.0,2024.0,0,0,0,1.0,Cory Trice,CB,Purdue,75.0,206.0,4.47,17.0,35.5,132.0,,
2023,8,242,GNB,False,DB,DB,D,Iowa St.,23.0,2024.0,0,0,0,2.0,,,,,,,,,,,
2023,8,243,NYG,False,DL,DL,D,Oregon,25.0,2025.0,0,0,0,4.0,,,,,,,,,,,
2023,8,244,DAL,False,WR,WR,O,South Carolina,23.0,2025.0,0,0,0,2.0,Jalen Brooks,WR,South Carolina,73.0,201.0,4.69,,35.0,130.0,7.15,4.31
2023,8,245,NWE,False,CB,DB,D,Jackson St.,23.0,2024.0,0,0,0,1.0,,,,,,,,,,,
2023,8,246,CIN,False,CB,DB,D,Miami (FL),23.0,2025.0,0,0,0,3.0,,,,,,,,,,,
2023,8,247,SFO,False,TE,TE,O,Oklahoma,23.0,2025.0,0,0,0,0.0,Brayden Willis,TE,Oklahoma,76.0,241.0,,20.0,32.0,117.0,7.3,4.36
2023,8,248,HOU,False,DB,DB,D,Pittsburgh,23.0,2023.0,0,0,0,0.0,Brandon Hill,DB,Pittsburgh,70.0,193.0,4.43,15.0,35.5,123.0,,
2023,8,249,PHI,False,DE,DL,D,Texas,22.0,2025.0,0,0,0,7.0,Moro Ojomo,DT,Texas,75.0,292.0,5.04,29.0,33.0,112.0,,
2023,8,250,KAN,False,CB,DB,D,Ball St.,21.0,2025.0,0,0,0,1.0,Nic Jones,CB,Ball St.,72.0,189.0,4.51,,34.5,122.0,,4.34
2023,8,251,PIT,False,OL,OL,O,Maryland,23.0,2025.0,0,0,0,6.0,,,,,,,,,,,
2023,8,252,BUF,False,DB,DB,D,Oregon St.,22.0,2025.0,0,0,0,,Alex Austin,CB,Oregon St.,73.0,195.0,4.55,,33.0,122.0,,4.33
2023,8,253,SFO,False,WR,WR,O,Michigan,23.0,2025.0,0,0,0,1.0,Ronnie Bell,WR,Michigan,72.0,191.0,4.54,14.0,38.5,120.0,6.98,4.15
2023,8,254,NYG,False,DB,DB,D,Houston,23.0,2024.0,0,0,0,0.0,Gervarrius Owens,DB,Houston,72.0,195.0,,15.0,37.5,125.0,,
2023,8,255,SFO,False,S,DB,D,Purdue,22.0,2025.0,0,0,0,0.0,Jalen Graham,LB,Purdue,74.0,220.0,4.64,,30.5,112.0,,
2023,8,256,GNB,False,WR,WR,O,Charlotte,22.0,2024.0,0,0,0,,,,,,,,,,,,
2023,9,257,DEN,False,OL,OL,O,Oregon,24.0,2025.0,0,0,0,4.0,Alex Forsyth,C,Oregon,76.0,303.0,,,20.5,95.0,,
2023,9,258,CHI,False,S,DB,D,Stanford,23.0,2025.0,0,0,0,,,,,,,,,,,,
2023,9,259,LAR,False,DT,DL,D,Toledo,24.0,2025.0,0,0,0,3.0,,,,,,,,,,,
2024,1,1,CHI,False,QB,QB,O,USC,22.0,2025.0,0,0,1,26.0,Caleb Williams,QB,USC,73.0,214.0,,,,,,
2024,1,2,WAS,False,QB,QB,O,LSU,23.0,2025.0,0,1,1,26.0,Jayden Daniels,QB,LSU,76.0,210.0,,,,,,
2024,1,3,NWE,False,QB,QB,O,North Carolina,22.0,2025.0,0,2,1,26.0,Drake Maye,QB,North Carolina,76.0,223.0,,,,,,
2024,1,4,ARI,False,WR,WR,O,Ohio St.,22.0,2025.0,0,0,1,13.0,Marvin Harrison,WR,Ohio St.,75.0,209.0,,,,,,
2024,1,5,LAC,False,OL,OL,O,Notre Dame,21.0,2025.0,0,1,1,12.0,Joe Alt,OT,Notre Dame,81.0,321.0,5.05,,28.0,112.0,7.31,4.51
2024,1,6,NYG,False,WR,WR,O,LSU,21.0,2025.0,0,1,1,12.0,Malik Nabers,WR,LSU,72.0,200.0,,,,,,
2024,1,7,TEN,False,OL,OL,O,Alabama,21.0,2025.0,0,0,1,11.0,JC Latham,OT,Alabama,78.0,342.0,,,,,,
2024,1,8,ATL,False,QB,QB,O,Washington,24.0,2025.0,0,0,0,8.0,Michael Penix Jr.,QB,Washington,74.0,216.0,,,,,,
2024,1,9,CHI,False,WR,WR,O,Washington,22.0,2025.0,0,0,1,12.0,Rome Odunze,WR,Washington,75.0,212.0,4.45,,39.0,124.0,6.88,4.03
2024,1,10,MIN,False,QB,QB,O,Michigan,21.0,2025.0,0,0,0,4.0,J.J. McCarthy,QB,Michigan,75.0,219.0,,,,,6.82,4.23
2024,1,11,NYJ,False,OL,OL,O,Penn St.,21.0,2025.0,0,0,0,10.0,,,,,,,,,,,
2024,1,12,DEN,False,QB,QB,O,Oregon,24.0,2025.0,0,0,1,25.0,Bo Nix,QB,Oregon,74.0,214.0,,,,,,
2024,1,13,LVR,False,TE,TE,O,Georgia,21.0,2025.0,1,2,1,14.0,Brock Bowers,TE,Georgia,75.0,243.0,,,,,,
2024,1,14,NOR,False,OL,OL,O,Oregon St.,22.0,2025.0,0,0,1,13.0,Taliese Fuaga,OT,Oregon St.,78.0,324.0,5.13,,32.0,111.0,,
2024,1,15,IND,False,DL,DL,D,UCLA,23.0,2025.0,0,0,0,10.0,Laiatu Latu,EDGE,UCLA,77.0,259.0,4.64,,32.0,116.0,,
2024,1,16,SEA,False,DL,DL,D,Texas,21.0,2025.0,0,0,0,14.0,,,,,,,,,,,
2024,1,17,MIN,False,LB,LB,D,Alabama,21.0,2025.0,0,0,0,9.0,Dallas Turner,EDGE,Alabama,75.0,247.0,4.46,,40.5,127.0,,
2024,1,18,CIN,False,OL,OL,O,Georgia,21.0,2025.0,0,0,1,16.0,Amarius Mims,OT,Georgia,80.0,340.0,5.07,,25.5,111.0,,
2024,1,19,LAR,False,DL,DL,D,Florida St.,23.0,2025.0,0,2,1,22.0,Jared Verse,EDGE,Florida St.,76.0,254.0,4.58,31.0,35.0,127.0,7.31,4.44
2024,1,20,PIT,False,OL,OL,O,Washington,23.0,2025.0,0,0,0,9.0,Troy Fautanu,OT,Washington,76.0,317.0,5.01,,32.5,113.0,,
2024,1,21,MIA,False,DE,DL,D,Penn St.,21.0,2025.0,0,0,0,4.0,,,,,,,,,,,
2024,1,22,PHI,False,CB,DB,D,Toledo,23.0,2025.0,1,1,1,19.0,Quinyon Mitchell,CB,Toledo,72.0,195.0,4.33,20.0,38.0,122.0,,
2024,1,23,JAX,False,WR,WR,O,LSU,21.0,2025.0,0,1,1,18.0,Brian Thomas,WR,LSU,75.0,209.0,4.33,11.0,38.5,126.0,,
2024,1,24,DET,False,DB,DB,D,Alabama,21.0,2025.0,0,0,1,8.0,Terrion Arnold,CB,Alabama,72.0,189.0,4.5,,37.0,129.0,,
2024,1,25,GNB,False,OL,OL,O,Arizona,23.0,2025.0,0,0,0,9.0,Jordan Morgan,OT,Arizona,77.0,311.0,5.04,,28.0,110.0,,
2024,1,26,TAM,False,OL,OL,O,Duke,22.0,2025.0,0,0,1,15.0,Graham Barton,C,Duke,77.0,313.0,,,,,,
2024,1,27,ARI,False,DL,DL,D,Missouri,22.0,2025.0,0,0,0,4.0,Darius Robinson,DE,Missouri,77.0,285.0,4.95,21.0,35.0,111.0,,
2024,1,28,KAN,False,WR,WR,O,Texas,21.0,2025.0,0,0,1,13.0,Xavier Worthy,WR,Texas,71.0,165.0,4.21,,41.0,131.0,,
2024,1,29,DAL,False,OL,OL,O,Oklahoma,23.0,2025.0,0,0,1,9.0,Tyler Guyton,OT,Oklahoma,80.0,322.0,5.19,,34.5,107.0,7.5,4.71
2024,1,30,BAL,False,CB,DB,D,Clemson,21.0,2025.0,0,0,0,7.0,Nate Wiggins,CB,Clemson,73.0,173.0,4.28,,36.0,127.0,,
2024,1,31,SFO,False,WR,WR,O,Florida,23.0,2025.0,0,0,0,8.0,Ricky Pearsall,WR,Florida,73.0,189.0,4.41,17.0,42.0,129.0,6.64,4.05
2024,1,32,CAR,False,WR,WR,O,South Carolina,23.0,2025.0,0,0,1,8.0,Xavier Legette,WR,South Carolina,73.0,221.0,4.39,,40.0,126.0,,
2024,2,33,BUF,False,WR,WR,O,Florida St.,21.0,2025.0,0,0,1,11.0,Keon Coleman,WR,Florida St.,75.0,213.0,4.61,,38.0,127.0,,
2024,2,34,LAC,False,WR,WR,O,Georgia,22.0,2025.0,0,0,1,18.0,Ladd McConkey,WR,Georgia,72.0,186.0,4.39,13.0,36.0,124.0,,
2024,2,35,ATL,False,DT,DL,D,Clemson,22.0,2025.0,0,0,0,6.0,Ruke Orhorhoro,DT,Clemson,76.0,294.0,4.89,29.0,32.0,116.0,,
2024,2,36,WAS,False,DL,DL,D,Illinois,22.0,2025.0,0,0,0,7.0,Jer'Zhan Newton,DT,Illinois,74.0,304.0,,,,,,
2024,2,37,NWE,False,WR,WR,O,Washington,22.0,2024.0,0,0,1,1.0,Ja'Lynn Polk,WR,Washington,73.0,203.0,4.52,,37.5,129.0,,
2024,2,38,TEN,False,DL,DL,D,Texas,23.0,2025.0,0,0,1,11.0,T'Vondre Sweat,DT,Texas,77.0,366.0,5.27,,26.0,98.0,,
2024,2,39,LAR,False,DL,DL,D,Florida St.,24.0,2025.0,0,0,0,14.0,Braden Fiske,DT,Florida St.,76.0,292.0,4.78,26.0,33.5,117.0,,4.37
2024,2,40,PHI,False,DB,DB,D,Iowa,21.0,2025.0,1,1,0,16.0,Cooper DeJean,CB,Iowa,73.0,203.0,,,,,,
2024,2,41,NOR,False,DB,DB,D,Alabama,21.0,2025.0,0,0,0,10.0,Kool-Aid McKinstry,CB,Alabama,72.0,199.0,,,,,,
2024,2,42,HOU,False,DB,DB,D,Georgia,21.0,2025.0,0,1,1,14.0,Kamari Lassiter,CB,Georgia,72.0,186.0,,,,,6.62,4.12
2024,2,43,ARI,False,DB,DB,D,Rutgers,22.0,2025.0,0,0,0,4.0,Max Melton,CB,Rutgers,71.0,187.0,4.39,,40.5,136.0,,
2024,2,44,LVR,False,OL,OL,O,Oregon,21.0,2025.0,0,0,1,6.0,Jackson Powers-Johnson,C,Oregon,75.0,328.0,,,32.0,104.0,,
2024,2,45,GNB,False,LB,LB,D,Texas A&M,22.0,2025.0,0,0,0,10.0,Edgerrin Cooper,LB,Texas A&M,74.0,230.0,4.51,,34.5,118.0,,
2024,2,46,CAR,False,RB,RB,O,Texas,21.0,2024.0,0,0,0,0.0,Jonathon Brooks,RB,Texas,72.0,216.0,,,,,,
2024,2,47,NYG,False,DB,DB,D,Minnesota,23.0,2025.0,0,0,1,9.0,Tyler Nubin,SAF,Minnesota,73.0,199.0,,,,,,
2024,2,48,JAX,False,DT,DL,D,LSU,21.0,2025.0,0,0,0,4.0,Maason Smith,DT,LSU,77.0,306.0,5.01,,31.0,108.0,7.62,4.69
2024,2,49,CIN,False,DL,DL,D,Michigan,22.0,2025.0,0,0,0,6.0,Kris Jenkins,DT,Michigan,75.0,299.0,4.91,29.0,30.0,115.0,,4.78
2024,2,50,WAS,False,DB,DB,D,Michigan,23.0,2025.0,0,0,1,10.0,Mike Sainristil,CB,Michigan,69.0,182.0,4.47,14.0,40.0,131.0,6.99,4.01
2024,2,51,PIT,False,OL,OL,O,West Virginia,23.0,2025.0,0,0,1,13.0,Zach Frazier,C,West Virginia,75.0,313.0,,,,,,
2024,2,52,IND,False,WR,WR,O,Texas,21.0,2025.0,0,0,1,5.0,Adonai Mitchell,WR,Texas,74.0,205.0,4.34,,39.5,136.0,,
2024,2,53,WAS,False,TE,TE,O,Kansas St.,22.0,2025.0,0,0,0,1.0,Ben Sinnott,TE,Kansas St.,76.0,250.0,4.68,,40.0,126.0,6.82,4.23
2024,2,54,CLE,False,DT,DL,D,Ohio St.,21.0,2025.0,0,0,0,3.0,Michael Hall Jr.,DT,Ohio St.,75.0,290.0,,,,,,
2024,2,55,MIA,False,OL,OL,O,Houston,22.0,2025.0,0,0,0,10.0,Patrick Paul,OT,Houston,80.0,331.0,5.13,,29.0,,7.65,
2024,2,56,DAL,False,DL,DL,D,Western Michigan,23.0,2025.0,0,0,0,2.0,Marshawn Kneeland,EDGE,Western Michigan,75.0,267.0,4.75,21.0,35.5,119.0,7.02,4.18
2024,2,57,TAM,False,LB,LB,D,Alabama,22.0,2025.0,0,0,0,2.0,Chris Braswell,EDGE,Alabama,75.0,251.0,4.6,,33.5,115.0,,
2024,2,58,GNB,False,DB,DB,D,Georgia,22.0,2025.0,0,0,1,7.0,Javon Bullard,SAF,Georgia,71.0,198.0,4.47,,,,,
2024,2,59,HOU,False,OL,OL,O,Notre Dame,21.0,2025.0,0,0,0,8.0,Blake Fisher,OT,Notre Dame,78.0,310.0,5.2,,28.0,114.0,7.76,4.73
2024,2,60,BUF,False,SAF,DB,D,Utah,21.0,2025.0,0,0,0,9.0,Cole Bishop,SAF,Utah,74.0,206.0,4.45,,39.0,124.0,,
2024,2,61,DET,False,DB,DB,D,Missouri,22.0,2024.0,0,0,0,0.0,Ennis Rakestraw Jr.,CB,Missouri,71.0,183.0,4.51,,,120.0,,
2024,2,62,BAL,False,OL,OL,O,Washington,22.0,2025.0,0,0,1,17.0,Roger Rosengarten,OT,Washington,77.0,308.0,4.92,,30.0,113.0,,4.6
2024,2,63,KAN,False,OL,OL,O,BYU,21.0,2025.0,0,0,0,10.0,Kingsley Suamataia,OT,BYU,77.0,326.0,5.04,,28.0,110.0,,
2024,2,64,SFO,False,DB,DB,D,Florida St.,23.0,2025.0,0,0,0,8.0,Renardo Green,CB,Florida St.,72.0,186.0,4.49,,37.5,130.0,,
2024,3,65,NYJ,False,WR,WR,O,Western Kentucky,22.0,2025.0,0,0,0,0.0,Malachi Corley,WR,Western Kentucky,71.0,215.0,,,,,,
2024,3,66,ARI,False,RB,RB,O,Florida St.,22.0,2025.0,0,0,0,3.0,Trey Benson,RB,Florida St.,72.0,216.0,4.39,,33.5,122.0,,
2024,3,67,WAS,False,OL,OL,O,TCU,23.0,2025.0,0,0,1,11.0,Brandon Coleman,G,TCU,77.0,313.0,4.99,,34.0,114.0,,
2024,3,68,NWE,False,OL,OL,O,Penn St.,24.0,2025.0,0,0,0,1.0,Caedan Wallace,OT,Penn St.,77.0,314.0,5.15,,31.0,116.0,,
2024,3,69,LAC,False,LB,LB,D,Michigan,21.0,2024.0,0,0,0,1.0,Junior Colson,LB,Michigan,74.0,238.0,,,,,,
2024,3,70,NYG,False,DB,DB,D,Kentucky,22.0,2025.0,0,0,0,6.0,Andru Phillips,CB,Kentucky,71.0,190.0,4.48,,42.0,135.0,,
2024,3,71,ARI,False,OL,OL,O,Illinois,24.0,2025.0,0,0,0,8.0,Isaiah Adams,G,Illinois,76.0,315.0,5.22,,24.5,102.0,7.77,4.73
2024,3,72,CAR,False,LB,LB,D,Kentucky,21.0,2025.0,0,0,1,8.0,Trevin Wallace,LB,Kentucky,73.0,237.0,4.51,,37.5,127.0,,
2024,3,73,DAL,False,OL,OL,O,Kansas St.,23.0,2025.0,0,0,1,10.0,Cooper Beebe,G,Kansas St.,75.0,322.0,5.03,,27.5,109.0,7.44,4.61
2024,3,74,ATL,False,DE,DL,D,Washington,23.0,,0,0,0,,Bralen Trice,EDGE,Washington,76.0,245.0,4.72,,,,,
2024,3,75,CHI,False,OL,OL,O,Yale,22.0,2024.0,0,0,0,1.0,,,,,,,,,,,
2024,3,76,DEN,False,DE,DL,D,Utah,21.0,2025.0,0,0,0,3.0,Jonah Elliss,EDGE,Utah,74.0,248.0,,,,,,
2024,3,77,LVR,False,OL,OL,O,Maryland,22.0,2025.0,0,0,1,11.0,Delmar Glaze,OT,Maryland,76.0,315.0,5.21,,25.5,104.0,,
2024,3,78,HOU,False,SAF,DB,D,USC,21.0,2025.0,0,1,1,14.0,Calen Bullock,SAF,USC,74.0,188.0,4.48,,,,,
2024,3,79,IND,False,OL,OL,O,Pittsburgh,23.0,2025.0,0,0,0,12.0,,,,,,,,,,,
2024,3,80,CIN,False,WR,WR,O,Alabama,23.0,2024.0,0,0,0,1.0,Jermaine Burton,WR,Alabama,72.0,196.0,4.45,,38.5,133.0,,
2024,3,81,SEA,False,OL,OL,O,Connecticut,24.0,2025.0,0,0,0,2.0,Christian Haynes,G,Connecticut,75.0,317.0,5.03,,33.0,102.0,,
2024,3,82,ARI,False,TE,TE,O,Illinois,22.0,2025.0,0,0,1,0.0,Tip Reiman,TE,Illinois,77.0,271.0,4.64,28.0,33.5,121.0,7.02,4.26
2024,3,83,LAR,False,RB,RB,O,Michigan,23.0,2025.0,0,0,0,8.0,Blake Corum,RB,Michigan,68.0,205.0,4.53,27.0,35.5,,6.82,4.12
2024,3,84,PIT,False,WR,WR,O,Michigan,23.0,2025.0,0,0,0,2.0,Roman Wilson,WR,Michigan,71.0,185.0,4.39,12.0,,,,
2024,3,85,CLE,False,OL,OL,O,Michigan,23.0,2025.0,0,0,0,1.0,Zak Zinter,G,Michigan,78.0,309.0,,,,,,
2024,3,86,SFO,False,OL,OL,O,Kansas,24.0,2025.0,0,0,1,15.0,Dominick Puni,G,Kansas,77.0,313.0,5.35,,30.0,107.0,7.47,4.4
2024,3,87,DAL,False,LB,LB,D,Notre Dame,23.0,2025.0,0,0,0,6.0,Marist Liufau,LB,Notre Dame,74.0,234.0,4.64,,,,,
2024,3,88,GNB,False,RB,RB,O,USC,23.0,2024.0,0,0,0,0.0,MarShawn Lloyd,RB,USC,69.0,220.0,4.46,25.0,36.0,118.0,,
2024,3,89,TAM,False,DB,DB,D,Georgia,23.0,2025.0,0,0,0,9.0,Tykee Smith,SAF,Georgia,70.0,202.0,4.46,,36.0,120.0,,
2024,3,90,ARI,False,DB,DB,D,Boston Col.,24.0,2025.0,0,0,0,0.0,Elijah Jones,CB,Boston Col.,74.0,185.0,4.44,,42.5,131.0,,
2024,3,91,GNB,False,LB,LB,D,Missouri,23.0,2025.0,0,0,0,3.0,Ty'Ron Hopper,LB,Missouri,74.0,231.0,,,,,,
2024,3,92,TAM,False,WR,WR,O,Washington,22.0,2025.0,0,0,0,7.0,Jalen McMillan,WR,Washington,73.0,197.0,4.47,,37.0,127.0,6.94,4.18
2024,3,93,BAL,False,DE,DL,D,Penn St.,22.0,2024.0,0,0,0,0.0,Adisa Isaac,EDGE,Penn St.,76.0,247.0,4.74,,34.5,123.0,,
2024,3,94,PHI,False,DE,DL,D,Houston Christian,23.0,2025.0,0,0,0,9.0,,,,,,,,,,,
2024,3,95,BUF,False,DT,DL,D,Duke,23.0,2024.0,0,0,0,2.0,DeWayne Carter,DT,Duke,74.0,302.0,4.99,,32.0,109.0,7.95,4.75
2024,3,96,JAX,False,DB,DB,D,Florida St.,23.0,2025.0,0,0,0,5.0,Jarrian Jones,CB,Florida St.,72.0,190.0,4.38,,39.5,129.0,,
2024,4,97,CIN,False,DL,DL,D,Texas A&M,22.0,2025.0,0,0,0,2.0,McKinnley Jackson,DT,Texas A&M,74.0,326.0,5.26,,23.0,106.0,,
2024,4,98,PIT,False,LB,LB,D,North Carolina St.,24.0,2025.0,0,0,0,7.0,Payton Wilson,LB,North Carolina St.,76.0,233.0,4.43,,34.5,119.0,,
2024,4,99,LAR,False,SAF,DB,D,Miami (FL),21.0,2025.0,0,0,0,8.0,Kamren Kinchens,SAF,Miami,71.0,203.0,4.65,,35.0,110.0,,
2024,4,100,WAS,False,WR,WR,O,Rice,23.0,2025.0,0,0,0,4.0,Luke McCaffrey,WR,Rice,74.0,198.0,4.46,,36.0,121.0,6.7,4.02
2024,4,101,CAR,False,TE,TE,O,Texas,21.0,2025.0,0,0,0,5.0,Ja'Tavion Sanders,TE,Texas,76.0,245.0,4.69,,,,,4.32
2024,4,102,DEN,False,WR,WR,O,Oregon,21.0,2025.0,0,0,0,8.0,Troy Franklin,WR,Oregon,74.0,176.0,4.41,,39.0,124.0,6.9,4.31
2024,4,103,NWE,False,OL,OL,O,Texas A&M,23.0,2024.0,0,0,1,4.0,Layden Robinson,G,Texas A&M,76.0,302.0,,,26.5,111.0,,
2024,4,104,ARI,False,DB,DB,D,Texas Tech,23.0,2025.0,0,0,0,3.0,Dadrion Taylor-Demerson,SAF,Texas Tech,70.0,197.0,4.41,,38.0,123.0,,
2024,4,105,LAC,False,DL,DL,D,Alabama,23.0,2025.0,0,0,0,2.0,Justin Eboigbe,DT,Alabama,76.0,297.0,5.18,,28.0,,,
2024,4,106,TEN,False,LB,LB,D,North Carolina,21.0,2025.0,0,0,0,6.0,Cedric Gray,LB,North Carolina,74.0,234.0,4.64,17.0,35.5,120.0,,
2024,4,107,NYG,False,TE,TE,O,Penn St.,23.0,2025.0,0,0,1,7.0,,,,,,,,,,,
2024,4,108,MIN,False,DB,DB,D,Oregon,25.0,,0,0,0,,Khyree Jackson,CB,Oregon,76.0,194.0,4.5,,36.5,133.0,,
2024,4,109,ATL,False,DE,DL,D,Oregon,23.0,2025.0,0,0,0,5.0,Brandon Dorlus,DE,Oregon,75.0,283.0,4.85,,30.5,111.0,7.43,4.85
2024,4,110,NWE,False,WR,WR,O,Central Florida,22.0,2024.0,0,0,0,0.0,Javon Baker,WR,Central Florida,73.0,202.0,4.54,,37.0,121.0,,
2024,4,111,GNB,False,DB,DB,D,Oregon,23.0,2025.0,0,0,0,8.0,Evan Williams,SAF,Oregon,71.0,200.0,4.6,,40.5,126.0,,
2024,4,112,LVR,False,CB,DB,D,Mississippi St.,23.0,2025.0,0,0,0,4.0,Decamerion Richardson,CB,Mississippi St.,74.0,188.0,4.34,,35.0,128.0,,
2024,4,113,BAL,False,WR,WR,O,North Carolina,23.0,2025.0,0,0,0,1.0,Devontez Walker,WR,North Carolina,74.0,193.0,4.36,,40.5,134.0,,
2024,4,114,JAX,False,OL,OL,O,Missouri,24.0,2024.0,0,0,0,0.0,Javon Foster,OT,Missouri,78.0,313.0,5.3,,32.5,106.0,,
2024,4,115,CIN,False,TE,TE,O,Iowa,23.0,2024.0,0,0,1,1.0,Erick All,TE,Iowa,76.0,252.0,,,,,,
2024,4,116,JAX,False,DT,DL,D,LSU,22.0,2025.0,0,0,0,1.0,Jordan Jefferson,DT,LSU,75.0,313.0,,34.0,31.0,104.0,,
2024,4,117,IND,False,OL,OL,O,Wisconsin,22.0,2025.0,0,0,0,10.0,,,,,,,,,,,
2024,4,118,SEA,False,LB,LB,D,Texas-El Paso,23.0,2025.0,0,0,0,9.0,Tyrice Knight,LB,Texas-El Paso,73.0,233.0,4.63,21.0,34.5,119.0,7.25,4.4
2024,4,119,PIT,False,OL,OL,O,South Dakota St.,24.0,2025.0,0,0,1,13.0,,,,,,,,,,,
2024,4,120,MIA,False,RB,RB,O,Tennessee,21.0,2025.0,0,0,0,4.0,Jaylen Wright,RB,Tennessee,71.0,210.0,4.38,,38.0,134.0,,
2024,4,121,SEA,False,TE,TE,O,Michigan,22.0,2025.0,0,0,0,7.0,AJ Barner,TE,Michigan,78.0,251.0,,,,,,
2024,4,122,CHI,False,P,P,S,Iowa,26.0,2025.0,0,0,0,6.0,Tory Taylor,P,Iowa,76.0,223.0,,,,,,
2024,4,123,HOU,False,TE,TE,O,Ohio St.,24.0,2025.0,0,0,1,2.0,Cade Stover,TE,Ohio St.,76.0,247.0,4.65,,34.5,117.0,,4.45
2024,4,124,SFO,False,DB,DB,D,Wake Forest,22.0,2025.0,0,0,1,8.0,Malik Mustapha,SAF,Wake Forest,70.0,209.0,,22.0,,,,
2024,4,125,TAM,False,RB,RB,O,Oregon,22.0,2025.0,0,0,0,18.0,Bucky Irving,RB,Oregon,69.0,192.0,4.55,,29.5,115.0,,
2024,4,126,DET,False,OL,OL,O,British Columbia,23.0,2025.0,0,0,0,1.0,,,,,,,,,,,
2024,4,127,PHI,False,RB,RB,O,Clemson,22.0,2025.0,0,0,0,2.0,Will Shipley,RB,Clemson,71.0,206.0,,,,,,
2024,4,128,BUF,False,RB,RB,O,Kentucky,24.0,2025.0,1,0,0,10.0,,,,,,,,,,,
2024,5,129,SFO,False,RB,RB,O,Louisville,24.0,2025.0,0,0,0,4.0,Isaac Guerendo,RB,Louisville,72.0,221.0,4.33,,41.5,129.0,6.94,4.15
2024,5,130,BAL,False,DB,DB,D,Iowa St.,22.0,2025.0,0,0,0,1.0,,,,,,,,,,,
2024,5,131,KAN,False,TE,TE,O,TCU,23.0,2025.0,0,0,0,0.0,Jared Wiley,TE,TCU,78.0,249.0,4.62,,37.0,118.0,7.19,
2024,5,132,DET,False,SAF,DB,D,Utah,23.0,2025.0,0,0,0,1.0,Sione Vaki,SAF,Utah,71.0,210.0,4.62,20.0,39.5,125.0,,
2024,5,133,KAN,False,DB,DB,D,Washington St.,22.0,2025.0,0,0,0,4.0,Jaden Hicks,SAF,Washington St.,74.0,211.0,,16.0,37.5,122.0,6.88,4.37
2024,5,134,NYJ,False,RB,RB,O,Wisconsin,20.0,2025.0,0,0,0,4.0,Braelon Allen,RB,Wisconsin,73.0,235.0,,26.0,32.0,117.0,,
2024,5,135,SFO,False,WR,WR,O,Arizona,23.0,2024.0,0,0,0,1.0,Jacob Cowing,WR,Arizona,68.0,168.0,4.38,,36.0,119.0,7.02,4.32
2024,5,136,SEA,False,CB,DB,D,Auburn,23.0,2025.0,0,0,0,2.0,Nehemiah Pritchett,CB,Auburn,72.0,190.0,4.36,,34.5,,,
2024,5,137,LAC,False,DB,DB,D,Maryland,22.0,2025.0,0,0,0,10.0,Tarheeb Still,CB,Maryland,72.0,189.0,4.52,,38.0,120.0,,
2024,5,138,ARI,False,DE,DL,D,Clemson,24.0,2025.0,0,0,0,1.0,Xavier Thomas,EDGE,Clemson,74.0,244.0,4.62,26.0,32.5,120.0,,
2024,5,139,WAS,False,LB,LB,D,Temple,23.0,2025.0,0,0,0,4.0,Jordan Magee,LB,Temple,73.0,228.0,4.55,,35.5,124.0,,
2024,5,140,LAC,False,CB,DB,D,Notre Dame,23.0,2025.0,0,0,1,6.0,Cam Hart,CB,Notre Dame,75.0,202.0,4.5,11.0,39.5,130.0,7.12,4.24
2024,5,141,BUF,False,OL,OL,O,Georgia,22.0,2025.0,0,0,0,4.0,,,,,,,,,,,
2024,5,142,IND,False,WR,WR,O,Oregon St.,23.0,2025.0,0,0,0,0.0,Anthony Gould,WR,Oregon St.,68.0,174.0,4.39,,39.5,129.0,,4.16
2024,5,143,ATL,False,LB,LB,D,Notre Dame,24.0,2025.0,0,0,0,3.0,JD Bertrand,LB,Notre Dame,73.0,235.0,,20.0,,,,
2024,5,144,CHI,False,DL,DL,D,Kansas,21.0,2025.0,0,0,0,5.0,Austin Booker,EDGE,Kansas,77.0,240.0,4.79,,32.5,120.0,,
2024,5,145,DEN,False,DB,DB,D,Missouri,22.0,2025.0,0,0,0,2.0,Kris Abrams-Draine,CB,Missouri,71.0,179.0,4.44,,33.5,,,
2024,5,146,TEN,False,DB,DB,D,Louisville,23.0,2025.0,0,0,1,6.0,Jarvis Brownlee,CB,Louisville,70.0,194.0,,,,,,
2024,5,147,DEN,False,RB,RB,O,Notre Dame,21.0,2025.0,0,0,0,2.0,Audric Estimé,RB,Notre Dame,71.0,221.0,4.71,23.0,38.0,125.0,,
2024,5,148,LVR,False,LB,LB,D,Ohio St.,23.0,2025.0,0,0,0,2.0,Tommy Eichenberg,LB,Ohio St.,74.0,233.0,,,32.5,116.0,,4.24
2024,5,149,CIN,False,CB,DB,D,TCU,23.0,2025.0,0,0,0,3.0,Josh Newton,CB,TCU,71.0,190.0,4.51,15.0,34.0,124.0,,4.15
2024,5,150,NOR,False,QB,QB,O,South Carolina,23.0,2025.0,0,0,0,6.0,Spencer Rattler,QB,South Carolina,72.0,211.0,4.95,,32.0,108.0,7.21,4.37
2024,5,151,IND,False,DB,DB,D,Missouri,22.0,2025.0,0,0,0,3.0,Jaylon Carlies,SAF,Missouri,75.0,227.0,4.5,20.0,32.5,125.0,,
2024,5,152,PHI,False,WR,WR,O,Texas A&M,23.0,2024.0,0,0,0,1.0,Ainias Smith,WR,Texas A&M,69.0,190.0,,21.0,,,,
2024,5,153,JAX,False,CB,DB,D,Mississippi,23.0,2024.0,0,0,0,1.0,Deantre Prince,CB,Mississippi,72.0,183.0,4.38,,34.5,125.0,,
2024,5,154,LAR,False,DE,DL,D,Washington St.,23.0,2025.0,0,0,0,1.0,Brennan Jackson,EDGE,Washington St.,76.0,264.0,4.69,21.0,33.5,114.0,,
2024,5,155,PHI,False,LB,LB,D,Clemson,21.0,2025.0,0,0,0,4.0,Jeremiah Trotter Jr.,LB,Clemson,72.0,228.0,,21.0,,,7.13,4.4
2024,5,156,CLE,False,WR,WR,O,Louisville,23.0,2025.0,0,0,0,1.0,Jamari Thrash,WR,Louisville,72.0,188.0,4.46,,34.0,120.0,7.16,
2024,5,157,CAR,False,DB,DB,D,Washington St.,21.0,2025.0,0,0,0,5.0,Chau Smith-Wade,CB,Washington St.,70.0,184.0,4.54,18.0,34.5,125.0,7.05,4.32
2024,5,158,MIA,False,DL,DL,D,Colorado St.,25.0,2025.0,0,0,0,0.0,Mohamed Kamara,EDGE,Colorado St.,73.0,248.0,4.57,23.0,34.5,123.0,,
2024,5,159,KAN,False,OL,OL,O,Penn St.,23.0,2025.0,0,0,0,2.0,Hunter Nourzad,C,Penn St.,75.0,317.0,,,,,,
2024,5,160,BUF,False,LB,LB,D,Washington,24.0,2025.0,0,0,0,1.0,Edefuan Ulofoshio,LB,Washington,73.0,236.0,4.56,,39.5,128.0,,
2024,6,161,WAS,False,CB,DB,D,Washington,24.0,2024.0,0,0,0,0.0,Dominique Hampton,SAF,Washington,74.0,215.0,4.51,,39.0,122.0,6.83,4.14
2024,6,162,ARI,False,OL,OL,O,Texas,24.0,2025.0,0,0,0,1.0,Christian Jones,OT,Texas,77.0,305.0,5.04,,,,8.09,4.78
2024,6,163,GNB,False,OL,OL,O,Duke,23.0,2025.0,0,0,0,2.0,Jacob Monk,C,Duke,75.0,308.0,5.09,,29.5,108.0,,
2024,6,164,IND,False,SAF,DB,D,Auburn,24.0,2025.0,0,0,0,,Jaylin Simpson,SAF,Auburn,72.0,179.0,4.45,,39.5,133.0,,
2024,6,165,BAL,False,RB,RB,O,Marshall,23.0,2025.0,0,0,0,1.0,Rasheen Ali,RB,Marshall,71.0,206.0,,,,,,
2024,6,166,NYG,False,RB,RB,O,Purdue,24.0,2025.0,0,0,1,14.0,Tyrone Tracy Jr.,RB,Purdue,71.0,209.0,4.48,,40.0,124.0,6.81,4.06
2024,6,167,JAX,False,RB,RB,O,Texas,24.0,2024.0,0,0,0,0.0,Keilan Robinson,RB,Texas,68.0,191.0,4.42,,33.0,125.0,,
2024,6,168,BUF,False,DE,DL,D,Troy,23.0,2025.0,0,0,0,4.0,Javon Solomon,EDGE,Troy,73.0,246.0,4.72,23.0,37.0,119.0,,
2024,6,169,GNB,False,DB,DB,D,Oregon St.,23.0,2025.0,0,0,0,2.0,,,,,,,,,,,
2024,6,170,NOR,False,WR,WR,O,Pittsburgh,23.0,2024.0,0,0,0,1.0,Bub Means,WR,Pittsburgh,73.0,212.0,4.43,19.0,39.5,122.0,,
2024,6,171,NYJ,False,QB,QB,O,Florida St.,24.0,,0,0,0,,Jordan Travis,QB,Florida St.,73.0,200.0,,,,,,
2024,6,172,PHI,False,OL,OL,O,Michigan,24.0,2025.0,0,0,0,0.0,Trevor Keegan,G,Michigan,77.0,310.0,5.24,,30.5,107.0,,
2024,6,173,NYJ,False,RB,RB,O,South Dakota St.,22.0,2025.0,0,0,0,5.0,,,,,,,,,,,
2024,6,174,DAL,False,DB,DB,D,Wake Forest,22.0,2025.0,0,0,0,2.0,Caelen Carson,CB,Wake Forest,72.0,199.0,,,,,,
2024,6,175,NOR,False,LB,LB,D,Texas,22.0,2025.0,0,0,0,2.0,Jaylan Ford,LB,Texas,74.0,240.0,,,33.5,121.0,,
2024,6,176,NYJ,False,CB,DB,D,,22.0,2025.0,0,0,0,3.0,,,,,,,,,,,
2024,6,177,MIN,False,OL,OL,O,Oklahoma,23.0,2025.0,0,0,0,0.0,Walter Rouse,OT,Oklahoma,78.0,313.0,,,,,,
2024,6,178,PIT,False,DL,DL,D,Iowa,24.0,2025.0,0,0,0,0.0,Logan Lee,DT,Iowa,77.0,281.0,5.05,25.0,31.5,114.0,7.16,4.37
2024,6,179,SEA,False,OL,OL,O,Utah,23.0,2024.0,0,0,0,2.0,Sataoa Laumea,G,Utah,76.0,319.0,,,26.0,104.0,,
2024,6,180,NWE,False,DB,DB,D,South Carolina,23.0,2024.0,0,0,0,1.0,Marcellas Dial,CB,South Carolina,72.0,190.0,4.46,,40.5,129.0,,
2024,6,181,LAC,False,RB,RB,O,Troy,23.0,2025.0,0,0,0,7.0,Kimani Vidal,RB,Troy,68.0,213.0,4.46,18.0,37.5,120.0,7.01,4.15
2024,6,182,TEN,False,WR,WR,O,Tulane,24.0,2024.0,0,0,0,0.0,Jha'Quan Jackson,WR,Tulane,69.0,188.0,4.42,12.0,32.0,118.0,,
2024,6,183,NYG,False,LB,LB,D,UCLA,23.0,2025.0,0,0,0,8.0,Darius Muasau,LB,UCLA,72.0,225.0,4.7,,36.5,117.0,,
2024,6,184,MIA,False,WR,WR,O,Virginia,23.0,2025.0,0,0,0,7.0,Malik Washington,WR,Virginia,69.0,191.0,4.47,19.0,42.5,126.0,,
2024,6,185,PHI,False,WR,WR,O,Florida St.,23.0,2024.0,0,0,0,0.0,Johnny Wilson,WR,Florida St.,78.0,231.0,4.52,,37.0,128.0,,4.11
2024,6,186,ATL,False,RB,RB,O,Alabama,22.0,2024.0,0,0,0,0.0,Jase McClellan,RB,Alabama,70.0,221.0,,20.0,,,,
2024,6,187,ATL,False,WR,WR,O,Illinois,23.0,2025.0,0,0,0,1.0,,,,,,,,,,,
2024,6,188,HOU,False,LB,LB,D,Oregon,23.0,2025.0,0,0,0,2.0,,,,,,,,,,,
2024,6,189,DET,False,DT,DL,D,LSU,21.0,2025.0,0,0,0,1.0,Mekhi Wingo,DT,LSU,72.0,284.0,4.85,25.0,31.5,109.0,,
2024,6,190,PHI,False,OL,OL,O,North Carolina St.,23.0,2024.0,0,0,0,,Dylan McMahon,C,North Carolina St.,75.0,299.0,5.1,,33.0,115.0,7.26,4.33
2024,6,191,ARI,False,WR,WR,O,Ala-Birmingham,24.0,2025.0,0,0,0,0.0,,,,,,,,,,,
2024,6,192,SEA,False,CB,DB,D,Auburn,23.0,2025.0,0,0,0,,,,,,,,,,,,
2024,7,193,NWE,False,QB,QB,O,Tennessee,24.0,2025.0,0,0,0,1.0,Joe Milton,QB,Tennessee,77.0,235.0,,,35.0,121.0,,
2024,7,194,CIN,False,TE,TE,O,Arizona,25.0,2024.0,0,0,0,0.0,Tanner McLachlan,TE,Arizona,77.0,244.0,4.61,,35.0,117.0,,
2024,7,195,PIT,False,SAF,DB,D,Texas,22.0,,0,0,0,,Ryan Watts,CB,Texas,75.0,208.0,4.53,,40.5,125.0,6.82,4.13
2024,7,196,LAR,False,DT,DL,D,Clemson,23.0,2025.0,0,0,0,3.0,Tyler Davis,DT,Clemson,74.0,301.0,5.02,29.0,28.5,108.0,,5.0
2024,7,197,ATL,False,DL,DL,D,Georgia,23.0,2025.0,0,0,0,,Zion Logue,DT,Georgia,78.0,314.0,5.14,,29.0,109.0,,4.92
2024,7,198,MIA,False,DB,DB,D,California,22.0,2024.0,0,0,0,0.0,,,,,,,,,,,
2024,7,199,NOR,False,DL,DL,D,Northern Iowa,24.0,2025.0,0,0,0,0.0,,,,,,,,,,,
2024,7,200,CAR,False,DT,DL,D,Mississippi St.,24.0,2025.0,0,0,0,0.0,Jaden Crumedy,DT,Mississippi St.,76.0,301.0,4.97,,29.5,105.0,,4.66
2024,7,201,IND,False,CB,DB,D,Marshall,23.0,,0,0,0,,,,,,,,,,,,
2024,7,202,GNB,False,OT,OL,O,Georgia St.,24.0,2024.0,0,0,0,1.0,,,,,,,,,,,
2024,7,203,MIN,False,K,K,S,Alabama,23.0,2025.0,1,0,0,8.0,Will Reichard,K,Alabama,73.0,187.0,,,,,,
2024,7,204,BUF,False,OL,OL,O,Central Florida,24.0,2025.0,0,0,0,2.0,Tylan Grable,OT,Central Florida,78.0,306.0,4.95,,36.5,117.0,,
2024,7,205,HOU,False,RB,RB,O,Louisville,25.0,2025.0,0,0,0,1.0,Jawhar Jordan,RB,Louisville,70.0,193.0,4.56,,,,,
2024,7,206,CLE,False,LB,LB,D,Mississippi St.,24.0,2024.0,0,0,0,1.0,Nathaniel Watson,LB,Mississippi St.,74.0,233.0,4.63,,31.0,111.0,,
2024,7,207,SEA,False,OT,OL,O,Findlay,25.0,2025.0,0,0,0,2.0,,,,,,,,,,,
2024,7,208,LVR,False,RB,RB,O,New Hampshire,24.0,2025.0,0,0,0,0.0,,,,,,,,,,,
2024,7,209,LAR,False,K,K,S,Stanford,22.0,2025.0,0,0,0,2.0,Joshua Karty,K,Stanford,74.0,207.0,,,,,,
2024,7,210,DET,False,OL,OL,O,Boston Col.,23.0,2025.0,0,0,0,6.0,Christian Mahogany,G,Boston Col.,75.0,314.0,5.13,,32.5,109.0,7.81,4.53
2024,7,211,KAN,False,DB,DB,D,Tennessee,23.0,2025.0,0,0,0,,Kamal Hadden,CB,Tennessee,73.0,196.0,,,,,,
2024,7,212,JAX,False,K,K,S,Arkansas,21.0,2025.0,0,0,0,9.0,Cam Little,K,Arkansas,73.0,172.0,,,,,,
2024,7,213,LAR,False,WR,WR,O,Texas,23.0,2025.0,0,0,0,5.0,Jordan Whittington,WR,Texas,73.0,205.0,,18.0,,,,
2024,7,214,CIN,False,DE,DL,D,Mississippi,22.0,2025.0,0,0,0,2.0,Cedric Johnson,EDGE,Mississippi,75.0,260.0,4.63,25.0,38.0,122.0,,
2024,7,215,SFO,False,OL,OL,O,USC,24.0,2025.0,0,0,0,,Jarrett Kingston,G,USC,76.0,306.0,5.02,,31.5,111.0,7.53,4.47
2024,7,216,DAL,False,WR,WR,O,SE Missouri St.,24.0,2025.0,0,0,0,5.0,,,,,,,,,,,
2024,7,217,LAR,False,OL,OL,O,Arkansas,23.0,2025.0,0,0,1,7.0,Beaux Limmer,C,Arkansas,77.0,302.0,5.22,,36.5,110.0,7.47,4.57
2024,7,218,BAL,False,QB,QB,O,Kentucky,24.0,,0,0,0,,Devin Leary,QB,Kentucky,73.0,215.0,,,,,,
2024,7,219,BUF,False,CB,DB,D,Penn St.,23.0,,0,0,0,,Daequan Hardy,CB,Penn St.,69.0,179.0,4.38,,42.5,126.0,,
2024,7,220,TAM,False,G,OL,O,Texas-El Paso,24.0,2025.0,0,0,0,2.0,,,,,,,,,,,
2024,7,221,BUF,False,OT,OL,O,,23.0,,0,0,0,,,,,,,,,,,,
2024,7,222,WAS,False,DL,DL,D,Notre Dame,24.0,2025.0,0,0,0,1.0,Javontae Jean-Baptiste,EDGE,Notre Dame,77.0,239.0,4.66,,34.5,127.0,,
2024,7,223,LVR,False,FS,FS,,Air Force,23.0,2024.0,0,0,0,1.0,,,,,,,,,,,
2024,7,224,CIN,False,SAF,DB,D,Mississippi,23.0,2025.0,0,0,0,1.0,Daijahn Anthony,SAF,Mississippi,72.0,195.0,4.55,,37.0,116.0,,
2024,8,225,LAC,False,WR,WR,O,USC,22.0,2024.0,0,0,0,0.0,Brenden Rice,WR,USC,74.0,208.0,4.5,13.0,36.5,119.0,,
2024,8,226,ARI,False,DB,DB,D,Miami (FL),23.0,2025.0,0,0,0,0.0,,,,,,,,,,,
2024,8,227,CLE,False,DB,DB,D,South Dakota,22.0,2025.0,0,0,0,3.0,,,,,,,,,,,
2024,8,228,BAL,False,C,OL,O,Michigan St.,23.0,2025.0,0,0,0,,Nick Samac,C,Michigan St.,76.0,307.0,,,,,,
2024,8,229,LVR,False,DB,DB,D,Pittsburgh,23.0,,0,0,0,,,,,,,,,,,,
2024,8,230,MIN,False,OL,OL,O,Wake Forest,24.0,2025.0,0,0,0,2.0,,,,,,,,,,,
2024,8,231,NWE,False,TE,TE,O,Florida St.,23.0,2024.0,0,0,0,0.0,Jaheim Bell,TE,Florida St.,74.0,241.0,4.61,,35.0,124.0,,
2024,8,232,MIN,False,DT,DL,D,Texas A&M-Commerce,24.0,2025.0,0,0,0,3.0,,,,,,,,,,,
2024,8,233,DAL,False,OL,OL,O,Louisiana,23.0,2025.0,0,0,0,3.0,,,,,,,,,,,
2024,8,234,IND,False,DL,DL,D,Oklahoma,24.0,2025.0,0,0,0,,,,,,,,,,,,
2024,8,235,DEN,False,WR,WR,O,Utah,26.0,2025.0,0,0,0,4.0,Devaughn Vele,WR,Utah,76.0,203.0,4.47,,36.0,126.0,,
2024,8,236,JAX,False,OLB,LB,D,Texas Tech,24.0,2024.0,0,0,0,0.0,Myles Cole,DE,Texas Tech,78.0,278.0,4.67,,35.0,120.0,,
2024,8,237,CIN,False,C,OL,O,Miami (FL),23.0,2025.0,0,0,0,2.0,,,,,,,,,,,
2024,8,238,HOU,False,DE,DL,D,USC,24.0,2024.0,0,0,0,0.0,,,,,,,,,,,
2024,8,239,NOR,False,OT,OL,O,Eastern Kentucky,23.0,,0,0,0,,,,,,,,,,,,
2024,8,240,CAR,False,LB,LB,D,Michigan,24.0,,0,0,0,,Michael Barrett,LB,Michigan,71.0,233.0,,,,,,
2024,8,241,MIA,False,WR,WR,O,USC,23.0,2025.0,0,0,0,0.0,,,,,,,,,,,
2024,8,242,TEN,False,SAF,DB,D,Miami (FL),21.0,2025.0,0,0,0,3.0,James Williams,SAF,Miami,76.0,231.0,4.65,,30.0,117.0,,
2024,8,243,CLE,False,DE,DL,D,Cincinnati,23.0,2025.0,0,0,0,1.0,,,,,,,,,,,
2024,8,244,DAL,False,DL,DL,D,Auburn,22.0,,0,0,0,,Justin Rogers,DT,Auburn,75.0,330.0,,21.0,24.5,99.0,,4.87
2024,8,245,GNB,False,QB,QB,O,Tulane,22.0,,0,0,0,,Michael Pratt,QB,Tulane,75.0,217.0,,,36.0,114.0,7.2,4.23
2024,8,246,TAM,False,TE,TE,O,Washington,24.0,2025.0,0,0,0,1.0,Devin Culp,TE,Washington,75.0,231.0,4.47,,,,,
2024,8,247,HOU,False,DL,DL,D,Auburn,23.0,,0,0,0,,Marcus Harris,DT,Auburn,74.0,286.0,5.06,27.0,29.5,103.0,,
2024,8,248,KAN,False,G,OL,O,Holy Cross,23.0,2025.0,0,0,0,0.0,,,,,,,,,,,
2024,8,249,HOU,False,OL,OL,O,Michigan,22.0,,0,0,0,,LaDarius Henderson,G,Michigan,76.0,309.0,,,,,,
2024,8,250,BAL,False,SAF,DB,D,Purdue,22.0,2025.0,0,0,0,1.0,,,,,,,,,,,
2024,8,251,SFO,False,LB,LB,D,Florida St.,23.0,2025.0,0,0,0,5.0,Tatum Bethune,LB,Florida St.,72.0,229.0,,16.0,,,,
2024,8,252,TEN,False,DE,DL,D,Michigan,22.0,2025.0,0,0,0,3.0,Jaylen Harrell,EDGE,Michigan,76.0,250.0,,,37.0,118.0,,
2024,8,253,LAC,False,WR,WR,O,Michigan,23.0,,0,0,0,,Cornelius Johnson,WR,Michigan,75.0,212.0,4.44,,37.5,127.0,,
2024,8,254,LAR,False,OL,OL,O,Kansas St.,24.0,2025.0,0,0,0,,,,,,,,,,,,
2024,8,255,GNB,False,CB,DB,D,Penn St.,21.0,2025.0,0,0,0,,Kalen King,CB,Penn St.,71.0,191.0,4.61,,37.0,122.0,,4.16
2024,8,256,DEN,False,OL,OL,O,South Carolina,24.0,,0,0,0,,,,,,,,,,,,
2024,9,257,NYJ,False,SAF,DB,D,Alabama,24.0,,0,0,0,,Jaylen Key,SAF,Alabama,73.0,208.0,4.6,,36.5,130.0,,
2025,1,1,TEN,False,QB,QB,O,Miami (FL),23.0,2025.0,0,0,0,7.0,Cam Ward,QB,Miami,74.0,219.0,,,,,,
2025,1,2,JAX,False,WR,WR,O,Colorado,22.0,2025.0,0,0,0,5.0,Travis Hunter,CB/WR,Colorado,72.0,188.0,,,,,,
2025,1,3,NYG,False,DE,DL,D,Penn St.,21.0,2025.0,0,0,0,4.0,Abdul Carter,EDGE,Penn St.,75.0,250.0,,,,,,
2025,1,4,NWE,False,OT,OL,O,LSU,21.0,2025.0,0,0,0,8.0,Will Campbell,OT,LSU,78.0,319.0,4.98,,32.0,113.0,,
2025,1,5,CLE,False,DT,DL,D,Michigan,22.0,2025.0,0,0,0,8.0,Mason Graham,DT,Michigan,76.0,296.0,,24.0,,,,
2025,1,6,LVR,False,RB,RB,O,Boise St.,21.0,2025.0,0,0,0,7.0,Ashton Jeanty,RB,Boise St.,69.0,211.0,,,,,,
2025,1,7,NYJ,False,OL,OL,O,Missouri,21.0,2025.0,0,0,0,7.0,Armand Membou,OT,Missouri,76.0,332.0,4.91,,34.0,115.0,,
2025,1,8,CAR,False,WR,WR,O,Arizona,22.0,2025.0,0,0,0,9.0,Tetairoa McMillan,WR,Arizona,76.0,219.0,,,,,,
2025,1,9,NOR,False,OL,OL,O,Texas,21.0,2025.0,0,0,0,6.0,Kelvin Banks Jr.,OT,Texas,77.0,315.0,5.16,,32.0,104.0,7.81,4.66
2025,1,10,CHI,False,TE,TE,O,Michigan,21.0,2025.0,0,0,0,7.0,Colston Loveland,TE,Michigan,78.0,248.0,,,,,,
2025,1,11,SFO,False,DL,DL,D,Georgia,21.0,2025.0,0,0,0,4.0,Mykel Williams,EDGE,Georgia,77.0,260.0,,,,,,
2025,1,12,DAL,False,OL,OL,O,Alabama,21.0,2025.0,0,0,0,6.0,Tyler Booker,G,Alabama,77.0,321.0,5.38,,27.0,94.0,7.96,4.84
2025,1,13,MIA,False,DT,DL,D,Michigan,21.0,2025.0,0,0,0,3.0,Kenneth Grant,DT,Michigan,76.0,331.0,,22.0,,,,
2025,1,14,IND,False,TE,TE,O,Penn St.,23.0,2025.0,0,1,0,9.0,Tyler Warren,TE,Penn St.,78.0,256.0,,,,,,
2025,1,15,ATL,False,DE,DL,D,Georgia,21.0,2025.0,0,0,0,5.0,Jalon Walker,LB,Georgia,73.0,243.0,,,,,,
2025,1,16,ARI,False,DT,DL,D,Mississippi,21.0,2025.0,0,0,0,1.0,Walter Nolen,DT,Mississippi,76.0,296.0,,,,,,
2025,1,17,CIN,False,DE,DL,D,Texas A&M,21.0,2025.0,0,0,0,2.0,Shemar Stewart,EDGE,Texas A&M,77.0,267.0,4.59,,40.0,131.0,,
2025,1,18,SEA,False,OT,OL,O,North Dakota St.,23.0,2025.0,0,0,0,7.0,,,,,,,,,,,
2025,1,19,TAM,False,WR,WR,O,Ohio St.,22.0,2025.0,0,0,0,9.0,Emeka Egbuka,WR,Ohio St.,73.0,202.0,,,,,,
2025,1,20,DEN,False,CB,DB,D,Texas,23.0,2025.0,0,0,0,3.0,Jahdae Barron,CB,Texas,71.0,194.0,4.39,,35.0,123.0,,
2025,1,21,PIT,False,DT,DL,D,Oregon,22.0,2025.0,0,0,0,4.0,Derrick Harmon,DT,Oregon,77.0,313.0,4.95,,,,,
2025,1,22,LAC,False,RB,RB,O,North Carolina,22.0,2025.0,0,0,0,5.0,Omarion Hampton,RB,North Carolina,72.0,221.0,4.46,18.0,38.0,130.0,,4.4
2025,1,23,GNB,False,WR,WR,O,Texas,22.0,2025.0,0,0,0,4.0,Matthew Golden,WR,Texas,71.0,191.0,4.29,,,,,
2025,1,24,MIN,False,OL,OL,O,Ohio St.,22.0,2025.0,0,0,0,5.0,Donovan Jackson,G,Ohio St.,76.0,315.0,,,,,,
2025,1,25,NYG,False,QB,QB,O,Mississippi,22.0,2025.0,0,0,0,11.0,Jaxson Dart,QB,Mississippi,74.0,223.0,,,,,,
2025,1,26,ATL,False,DE,DL,D,Tennessee,21.0,2025.0,0,0,0,3.0,James Pearce Jr.,EDGE,Tennessee,77.0,245.0,4.47,,31.0,123.0,,
2025,1,27,BAL,False,SAF,DB,D,Georgia,21.0,2025.0,0,0,0,5.0,Malaki Starks,SAF,Georgia,73.0,197.0,4.5,,33.0,,7.26,4.45
2025,1,28,DET,False,DT,DL,D,Ohio St.,22.0,2025.0,0,0,0,4.0,Tyleik Williams,DT,Ohio St.,75.0,334.0,,,,,,
2025,1,29,WAS,False,OL,OL,O,Oregon,21.0,2025.0,0,0,0,8.0,Joshua Conerly,OT,Oregon,77.0,311.0,5.05,,34.5,103.0,,
2025,1,30,BUF,False,CB,DB,D,Kentucky,22.0,2025.0,0,0,0,2.0,Maxwell Hairston,CB,Kentucky,71.0,183.0,4.28,,39.5,129.0,,
2025,1,31,PHI,False,LB,LB,D,Alabama,21.0,2025.0,0,0,0,6.0,Jihaad Campbell,LB,Alabama,75.0,235.0,4.52,,,127.0,,
2025,1,32,KAN,False,OL,OL,O,Ohio St.,22.0,2025.0,0,0,0,4.0,Josh Simmons,OT,Ohio St.,77.0,317.0,,,,,,
2025,2,33,CLE,False,LB,LB,D,UCLA,22.0,2025.0,0,0,0,8.0,Carson Schwesinger,LB,UCLA,75.0,242.0,,20.0,39.5,,,
2025,2,34,HOU,False,WR,WR,O,Iowa St.,22.0,2025.0,0,0,0,4.0,Jayden Higgins,WR,Iowa St.,76.0,214.0,4.47,,39.0,128.0,,
2025,2,35,SEA,False,SAF,DB,D,South Carolina,21.0,2025.0,0,0,0,4.0,Nick Emmanwori,SAF,South Carolina,75.0,220.0,4.38,20.0,43.0,138.0,,
2025,2,36,CLE,False,RB,RB,O,Ohio St.,21.0,2025.0,0,0,0,4.0,Quinshon Judkins,RB,Ohio St.,72.0,221.0,4.48,,38.5,132.0,,
2025,2,37,MIA,False,OL,OL,O,Arizona,21.0,2025.0,0,0,0,6.0,Jonah Savaiinaea,OT,Arizona,76.0,324.0,4.95,,29.0,106.0,,4.66
2025,2,38,NWE,False,RB,RB,O,Ohio St.,22.0,2025.0,0,0,0,8.0,TreVeyon Henderson,RB,Ohio St.,70.0,202.0,4.43,,38.5,128.0,,
2025,2,39,CHI,False,WR,WR,O,Missouri,21.0,2025.0,0,0,0,6.0,Luther Burden III,WR,Missouri,72.0,206.0,4.41,,,,,
2025,2,40,NOR,False,QB,QB,O,Louisville,25.0,2025.0,0,0,0,7.0,Tyler Shough,QB,Louisville,77.0,219.0,4.63,,32.0,117.0,,
2025,2,41,BUF,False,DT,DL,D,South Carolina,22.0,2025.0,0,0,0,2.0,T.J. Sanders,DT,South Carolina,76.0,297.0,,,31.5,112.0,7.7,4.67
2025,2,42,NYJ,False,TE,TE,O,LSU,21.0,2025.0,0,0,0,3.0,Mason Taylor,TE,LSU,77.0,251.0,,,,,,
2025,2,43,SFO,False,DT,DL,D,Texas,23.0,2025.0,0,0,0,2.0,Alfred Collins,DT,Texas,78.0,332.0,,,26.0,96.0,,
2025,2,44,DAL,False,DE,DL,D,Boston Col.,21.0,2025.0,0,0,0,3.0,Donovan Ezeiruaku,EDGE,Boston Col.,75.0,248.0,,22.0,35.5,119.0,6.94,4.19
2025,2,45,IND,False,DE,DL,D,Ohio St.,22.0,2025.0,0,0,0,1.0,JT Tuimoloau,EDGE,Ohio St.,76.0,265.0,,,,,,
2025,2,46,LAR,False,TE,TE,O,Oregon,22.0,2025.0,0,0,0,2.0,Terrance Ferguson,TE,Oregon,77.0,247.0,4.63,,39.0,122.0,,
2025,2,47,ARI,False,CB,DB,D,Michigan,22.0,2025.0,0,0,0,3.0,Will Johnson,CB,Michigan,74.0,194.0,,,,,,
2025,2,48,HOU,False,OL,OL,O,Minnesota,23.0,2025.0,0,0,0,7.0,Aireontae Ersery,OT,Minnesota,78.0,331.0,5.01,,29.5,111.0,7.81,4.82
2025,2,49,CIN,False,LB,LB,D,South Carolina,25.0,2025.0,0,0,0,6.0,Demetrius Knight Jr.,LB,South Carolina,74.0,235.0,4.58,22.0,31.5,118.0,7.12,4.25
2025,2,50,SEA,False,TE,TE,O,Miami (FL),22.0,2025.0,0,0,0,2.0,Elijah Arroyo,TE,Miami,77.0,250.0,,22.0,,,,
2025,2,51,CAR,False,DE,DL,D,Texas A&M,21.0,2025.0,0,0,0,4.0,Nic Scourton,EDGE,Texas A&M,75.0,257.0,,,,,,
2025,2,52,TEN,False,DE,DL,D,UCLA,21.0,2025.0,0,0,0,1.0,Oluwafemi Oladejo,EDGE,UCLA,75.0,259.0,,20.0,36.5,120.0,,
2025,2,53,TAM,False,CB,DB,D,Notre Dame,21.0,2025.0,0,0,0,2.0,Benjamin Morrison,CB,Notre Dame,72.0,193.0,,,,,,
2025,2,54,GNB,False,OT,OL,O,North Carolina St.,24.0,2025.0,0,0,0,5.0,Anthony Belton,OT,North Carolina St.,78.0,336.0,5.26,,29.5,107.0,7.77,
2025,2,55,LAC,False,WR,WR,O,Mississippi,23.0,2025.0,0,0,0,3.0,Cleveland Harris,WR,Mississippi,74.0,205.0,4.54,,38.5,125.0,,
2025,2,56,CHI,False,OL,OL,O,Boston Col.,23.0,2025.0,0,0,0,3.0,Ozzy Trapilo,OT,Boston Col.,80.0,316.0,5.21,,,106.0,7.71,4.7
2025,2,57,DET,False,OL,OL,O,Georgia,24.0,2025.0,0,0,0,7.0,Tate Ratledge,G,Georgia,79.0,308.0,4.97,,32.0,113.0,7.38,
2025,2,58,LVR,False,WR,WR,O,TCU,22.0,2025.0,0,0,0,2.0,Jack Bech,WR,TCU,73.0,214.0,,19.0,34.5,125.0,6.84,4.21
2025,2,59,BAL,False,DE,DL,D,Marshall,22.0,2025.0,0,0,0,2.0,Mike Green,EDGE,Marshall,75.0,251.0,,28.0,,,,
2025,2,60,DEN,False,RB,RB,O,Central Florida,24.0,2025.0,0,0,0,6.0,RJ Harvey,RB,Central Florida,68.0,205.0,4.4,16.0,38.0,127.0,,4.34
2025,2,61,WAS,False,CB,DB,D,Mississippi,23.0,2025.0,0,0,0,2.0,Trey Amos,CB,Mississippi,73.0,195.0,4.43,13.0,32.5,126.0,,
2025,2,62,CHI,False,DE,DL,D,Texas A&M,22.0,2025.0,0,0,0,0.0,Shemar Turner,DT,Texas A&M,75.0,290.0,,,,,,
2025,2,63,KAN,False,DT,DL,D,Tennessee,23.0,2025.0,0,0,0,1.0,Omarr Norman-Lott,DT,Tennessee,74.0,291.0,,,31.5,113.0,,
2025,2,64,PHI,False,SAF,DB,D,Texas,22.0,2025.0,0,0,0,3.0,Andrew Mukuba,SAF,Texas,71.0,186.0,4.45,,,,,
2025,3,65,NYG,False,DT,DL,D,Toledo,25.0,2025.0,0,0,0,2.0,Darius Alexander,DT,Toledo,76.0,305.0,4.95,28.0,31.5,111.0,7.6,4.79
2025,3,66,KAN,False,DE,DL,D,Louisville,22.0,2025.0,0,0,0,3.0,Ashton Gillotte,EDGE,Louisville,75.0,264.0,,24.0,36.5,120.0,,
2025,3,67,CLE,False,TE,TE,O,Bowling Green,21.0,2025.0,0,0,0,5.0,Harold Fannin Jr.,TE,Bowling Green,75.0,241.0,4.71,22.0,34.0,118.0,6.97,4.39
2025,3,68,LVR,False,CB,DB,D,Iowa St.,24.0,2025.0,0,0,0,4.0,Darien Porter,CB,Iowa St.,75.0,195.0,4.3,,36.5,131.0,6.71,4.04
2025,3,69,NWE,False,WR,WR,O,Washington St.,22.0,2025.0,0,0,0,2.0,Kyle Williams,WR,Washington St.,71.0,190.0,4.4,,36.5,119.0,,
2025,3,70,DET,False,WR,WR,O,Arkansas,23.0,2025.0,0,0,0,2.0,Isaac TeSlaa,WR,Arkansas,76.0,214.0,4.43,17.0,39.5,129.0,6.85,4.05
2025,3,71,NOR,False,DT,DL,D,Texas,24.0,2025.0,0,0,0,0.0,Vernon Broughton,DT,Texas,77.0,311.0,,,,,,
2025,3,72,BUF,False,DE,DL,D,Arkansas,22.0,2025.0,0,0,0,0.0,Landon Jackson,EDGE,Arkansas,78.0,264.0,4.68,,40.5,129.0,,
2025,3,73,NYJ,False,CB,DB,D,Florida St.,21.0,2025.0,0,0,0,2.0,Azareye'h Thomas,CB,Florida St.,74.0,197.0,,,,122.0,,
2025,3,74,DEN,False,WR,WR,O,Illinois,22.0,2025.0,0,0,0,3.0,Pat Bryant,WR,Illinois,74.0,204.0,4.61,,37.5,124.0,,
2025,3,75,SFO,False,LB,LB,D,Oklahoma St.,22.0,2025.0,0,0,0,1.0,Nickolas Martin,LB,Oklahoma St.,72.0,221.0,4.53,26.0,38.0,123.0,,
2025,3,76,DAL,False,CB,DB,D,East Carolina,24.0,2025.0,0,0,0,1.0,Shavon Revel Jr.,CB,East Carolina,74.0,194.0,,,,,,
2025,3,77,CAR,False,DE,DL,D,Mississippi,23.0,2025.0,0,0,0,2.0,Princely Umanmielen,EDGE,Mississippi,76.0,244.0,4.72,,38.0,126.0,7.33,4.46
2025,3,78,ARI,False,DE,DL,D,Oregon,23.0,2025.0,0,0,0,1.0,Jordan Burch,EDGE,Oregon,76.0,279.0,4.67,,,,,
2025,3,79,HOU,False,WR,WR,O,Iowa St.,23.0,2025.0,0,0,0,2.0,Jaylin Noel,WR,Iowa St.,70.0,194.0,4.39,23.0,41.5,134.0,6.82,4.17
2025,3,80,IND,False,CB,DB,D,Minnesota,22.0,,0,0,0,,Justin Walley,CB,Minnesota,70.0,190.0,4.4,,,,,
2025,3,81,CIN,False,OL,OL,O,Georgia,22.0,2025.0,0,0,0,6.0,Dylan Fairchild,G,Georgia,77.0,318.0,,,27.5,111.0,,
2025,3,82,TEN,False,SAF,DB,D,Penn St.,21.0,2025.0,0,0,0,2.0,Kevin Winston Jr.,SAF,Penn St.,74.0,215.0,,,,,,
2025,3,83,PIT,False,RB,RB,O,Iowa,22.0,2025.0,0,0,0,1.0,Kaleb Johnson,RB,Iowa,73.0,224.0,4.57,,,,,
2025,3,84,TAM,False,CB,DB,D,Kansas St.,21.0,2025.0,0,0,0,3.0,Jacob Parrish,CB,Kansas St.,70.0,191.0,4.35,12.0,37.5,129.0,,
2025,3,85,KAN,False,CB,DB,D,California,22.0,2025.0,0,0,0,3.0,Nohl Williams,CB,California,72.0,199.0,4.5,19.0,33.5,120.0,,
2025,3,86,LAC,False,DT,DL,D,Oregon,25.0,2025.0,0,0,0,3.0,Jamaree Caldwell,DT,Oregon,74.0,332.0,5.16,,27.0,,,
2025,3,87,GNB,False,WR,WR,O,TCU,23.0,2025.0,0,0,0,1.0,Savion Williams,WR,TCU,76.0,222.0,4.48,,,,,
2025,3,88,JAX,False,SAF,DB,D,Tulane,22.0,,0,0,0,,Caleb Ransaw,CB,Tulane,71.0,197.0,4.33,16.0,40.0,129.0,,
2025,3,89,JAX,False,OL,OL,O,West Virginia,22.0,2025.0,0,0,0,1.0,Wyatt Milum,OT,West Virginia,79.0,313.0,5.27,,30.0,108.0,,4.69
2025,3,90,LAR,False,DE,DL,D,Michigan,22.0,2025.0,0,0,0,2.0,Josaiah Stewart,EDGE,Michigan,73.0,249.0,,,,,,
2025,3,91,BAL,False,OL,OL,O,LSU,21.0,2025.0,0,0,0,0.0,Emery Jones,OT,LSU,77.0,315.0,,,,,,
2025,3,92,SEA,False,QB,QB,O,Alabama,22.0,2025.0,0,0,0,0.0,Jalen Milroe,QB,Alabama,74.0,217.0,,,,,,
2025,3,93,NOR,False,SAF,DB,D,Virginia,22.0,2025.0,0,0,0,7.0,Jonas Sanker,SAF,Virginia,72.0,206.0,4.48,12.0,36.5,128.0,,
2025,3,94,CLE,False,QB,QB,O,Oregon,24.0,2025.0,0,0,0,0.0,Dillon Gabriel,QB,Oregon,71.0,205.0,,,,,,
2025,3,95,NWE,False,OL,OL,O,Georgia,22.0,2025.0,0,0,0,7.0,Jared Wilson,C,Georgia,75.0,310.0,4.84,,32.0,112.0,,4.56
2025,3,96,ATL,False,SAF,DB,D,Notre Dame,23.0,2025.0,0,0,0,7.0,Xavier Watts,SAF,Notre Dame,72.0,204.0,,,,,,
2025,4,97,HOU,False,CB,DB,D,USC,21.0,2025.0,0,0,0,0.0,Jaylin Smith,CB,USC,71.0,187.0,4.45,,32.5,122.0,,
2025,4,98,LVR,False,OL,OL,O,Texas Tech,23.0,2025.0,0,0,0,2.0,,,,,,,,,,,
2025,4,99,LVR,False,OL,OL,O,William & Mary,23.0,2025.0,0,0,0,1.0,Charles Grant,OT,William & Mary,77.0,311.0,,,,,,
2025,4,100,SFO,False,CB,DB,D,Western Kentucky,23.0,2025.0,0,0,0,2.0,Upton Stout,CB,Western Kentucky,69.0,181.0,4.44,21.0,37.5,128.0,,4.29
2025,4,101,DEN,False,DE,DL,D,LSU,22.0,2025.0,0,0,0,1.0,Sai'vion Jones,EDGE,LSU,77.0,280.0,,19.0,33.0,119.0,,
2025,4,102,MIN,False,WR,WR,O,Maryland,22.0,2025.0,0,0,0,0.0,Tai Felton,WR,Maryland,73.0,183.0,4.37,,39.5,130.0,,
2025,4,103,TEN,False,WR,WR,O,Florida,23.0,2025.0,1,1,0,5.0,Chimere Dike,WR,Florida,73.0,196.0,4.34,,38.5,128.0,6.82,4.27
2025,4,104,JAX,False,RB,RB,O,Virginia Tech,22.0,2025.0,0,0,0,3.0,Bhayshul Tuten,RB,Virginia Tech,69.0,206.0,4.32,,40.5,130.0,,4.41
2025,4,105,NYG,False,RB,RB,O,Arizona St.,23.0,2025.0,0,0,0,5.0,Cam Skattebo,RB,Arizona St.,70.0,219.0,,,39.5,123.0,,
2025,4,106,NWE,False,SAF,DB,D,California,24.0,2025.0,0,0,0,6.0,Craig Woodson,SAF,California,72.0,200.0,4.45,13.0,36.0,127.0,,
2025,4,107,JAX,False,LB,LB,D,Notre Dame,24.0,2025.0,0,0,0,1.0,Jack Kiser,LB,Notre Dame,74.0,231.0,,,,,,
2025,4,108,LVR,False,WR,WR,O,Tennessee,22.0,2025.0,0,0,0,1.0,Dont'e Thornton Jr.,WR,Tennessee,77.0,205.0,4.3,,33.0,126.0,,
2025,4,109,BUF,False,DT,DL,D,Kentucky,21.0,2025.0,0,0,0,8.0,Deone Walker,DT,Kentucky,79.0,331.0,,,25.0,104.0,,
2025,4,110,NYJ,False,WR,WR,O,Georgia,23.0,2025.0,0,0,0,1.0,Arian Smith,WR,Georgia,72.0,179.0,4.36,,38.0,127.0,6.82,4.19
2025,4,111,PHI,False,DT,DL,D,Nebraska,24.0,2025.0,0,0,0,1.0,Ty Robinson,DT,Nebraska,77.0,288.0,4.83,28.0,33.5,119.0,7.58,4.5
2025,4,112,NOR,False,LB,LB,D,Oklahoma,22.0,2025.0,0,0,0,1.0,Danny Stutsman,LB,Oklahoma,75.0,233.0,4.52,,34.0,,,
2025,4,113,SFO,False,DT,DL,D,Indiana,23.0,2025.0,0,0,0,1.0,CJ West,DT,Indiana,73.0,316.0,4.95,,33.0,,,
2025,4,114,CAR,False,RB,RB,O,Georgia,21.0,2025.0,0,0,0,1.0,Trevor Etienne,RB,Georgia,69.0,198.0,4.42,15.0,35.0,124.0,,
2025,4,115,ARI,False,LB,LB,D,Ohio St.,23.0,2025.0,0,0,0,3.0,Cody Simon,LB,Ohio St.,74.0,229.0,,,,,,
2025,4,116,HOU,False,RB,RB,O,USC,24.0,2025.0,0,0,0,6.0,,,,,,,,,,,
2025,4,117,LAR,False,RB,RB,O,Auburn,22.0,2025.0,0,0,0,0.0,Jarquez Hunter,RB,Auburn,69.0,204.0,4.44,21.0,33.5,120.0,,
2025,4,118,ATL,False,SAF,DB,D,Oklahoma,22.0,2025.0,0,0,0,1.0,Billy Bowman Jr.,SAF,Oklahoma,70.0,192.0,4.42,17.0,35.5,123.0,,
2025,4,119,CIN,False,LB,LB,D,Clemson,22.0,2025.0,0,0,0,5.0,Barrett Carter,LB,Clemson,72.0,231.0,,,34.5,116.0,,4.41
2025,4,120,TEN,False,TE,TE,O,Texas,23.0,2025.0,0,0,0,3.0,Gunnar Helm,TE,Texas,77.0,241.0,4.84,,30.0,,7.15,4.4
2025,4,121,TAM,False,OLB,LB,D,Central Arkansas,25.0,,0,0,0,,,,,,,,,,,,
2025,4,122,CAR,False,SAF,DB,D,Ohio St.,23.0,2025.0,0,0,0,3.0,Lathan Ransom,SAF,Ohio St.,72.0,206.0,,,,,,
2025,4,123,PIT,False,DE,DL,D,Ohio St.,23.0,2025.0,0,0,0,2.0,Jack Sawyer,EDGE,Ohio St.,76.0,260.0,,,,,,
2025,4,124,GNB,False,DE,DL,D,Texas,22.0,2025.0,0,0,0,2.0,Barryn Sorrell,EDGE,Texas,75.0,256.0,4.68,28.0,34.0,121.0,7.06,4.36
2025,4,125,LAC,False,DE,DL,D,South Carolina,23.0,2025.0,0,0,0,0.0,Kyle Kennard,EDGE,South Carolina,76.0,254.0,4.73,23.0,,,,
2025,4,126,CLE,False,RB,RB,O,Tennessee,20.0,2025.0,0,0,0,3.0,Dylan Sampson,RB,Tennessee,68.0,200.0,,13.0,35.0,124.0,,
2025,4,127,IND,False,OT,OL,O,Iowa St.,23.0,2025.0,0,0,0,3.0,Jalen Travis,OT,Iowa St.,80.0,339.0,5.14,,35.0,112.0,,
2025,4,128,WAS,False,WR,WR,O,Virginia Tech,23.0,2025.0,0,0,0,4.0,Joshua Lane,WR,Virginia Tech,70.0,191.0,4.34,14.0,40.0,132.0,6.75,4.12
2025,5,129,BAL,False,LB,LB,D,California,22.0,2025.0,0,0,0,5.0,Teddye Buchanan,LB,California,74.0,233.0,4.6,26.0,40.0,125.0,,
2025,5,130,NYJ,False,SAF,DB,D,Alabama,23.0,2025.0,0,0,0,4.0,Malachi Moore,SAF,Alabama,71.0,196.0,,,,,,
2025,5,131,NOR,False,CB,DB,D,Louisville,24.0,2025.0,0,0,0,3.0,Quincy Riley,CB,Louisville,71.0,194.0,4.48,,,,,
2025,5,132,CHI,False,LB,LB,D,Maryland,23.0,2025.0,0,0,0,1.0,,,,,,,,,,,
2025,5,133,KAN,False,WR,WR,O,Utah St.,22.0,2025.0,0,0,0,0.0,Jalen Royals,WR,Utah St.,72.0,205.0,4.42,13.0,,,,
2025,5,134,DEN,False,LB,LB,D,Alabama,24.0,2025.0,0,0,0,1.0,Que Robinson,EDGE,Alabama,76.0,243.0,,,,,,
2025,5,135,LVR,False,DT,DL,D,South Carolina,23.0,2025.0,0,0,0,1.0,Tonka Hemingway,DT,South Carolina,75.0,284.0,,,32.0,112.0,7.36,4.48
2025,5,136,TEN,False,WR,WR,O,Stanford,22.0,2025.0,0,0,0,4.0,Elic Ayomanor,WR,Stanford,74.0,206.0,4.44,,38.5,127.0,,
2025,5,137,NWE,False,DT,DL,D,Florida St.,22.0,2025.0,0,0,0,3.0,Joshua Farmer,DT,Florida St.,75.0,305.0,5.11,26.0,29.0,112.0,,
2025,5,138,SFO,False,WR,WR,O,Mississippi,23.0,2025.0,0,0,0,0.0,,,,,,,,,,,
2025,5,139,MIN,False,DE,DL,D,Georgia,22.0,2025.0,0,0,0,2.0,Tyrion Ingram-Dawkins,DT,Georgia,77.0,276.0,4.86,,36.0,124.0,7.28,4.34
2025,5,140,CAR,False,DT,DL,D,Florida,23.0,2025.0,0,0,0,1.0,Cam Jackson,DT,Florida,78.0,328.0,5.17,,24.5,93.0,,
2025,5,141,BAL,False,OT,OL,O,Alabama A&M,23.0,2025.0,0,0,0,1.0,,,,,,,,,,,
2025,5,142,SEA,False,DL,DL,D,Notre Dame,24.0,2025.0,0,0,0,0.0,,,,,,,,,,,
2025,5,143,MIA,False,DL,DL,D,Maryland,21.0,2025.0,0,0,0,6.0,,,,,,,,,,,
2025,5,144,CLE,False,QB,QB,O,Colorado,23.0,2025.0,0,1,0,2.0,Shedeur Sanders,QB,Colorado,74.0,212.0,,,,,,
2025,5,145,PHI,False,CB,DB,D,Central Florida,23.0,2025.0,0,0,0,0.0,Decarrion McWilliams,CB,Central Florida,70.0,191.0,4.41,,34.0,,,
2025,5,146,NWE,False,DE,DL,D,LSU,23.0,2025.0,0,0,0,0.0,Bradyn Swinson,EDGE,LSU,76.0,255.0,,,,,7.13,4.33
2025,5,147,SFO,False,RB,RB,O,Oregon,21.0,2025.0,0,0,0,0.0,Jordan James,RB,Oregon,70.0,205.0,4.55,,,117.0,,
2025,5,148,LAR,False,DT,DL,D,Ohio St.,23.0,2025.0,0,0,0,1.0,Ty Hamilton,DT,Ohio St.,75.0,299.0,,,,,,
2025,5,149,DAL,False,RB,RB,O,Texas,21.0,2025.0,0,0,0,1.0,,,,,,,,,,,
2025,5,150,MIA,False,CB,DB,D,Florida,23.0,2025.0,0,0,0,1.0,Jason Marshall Jr.,CB,Florida,72.0,194.0,4.49,,37.5,125.0,,
2025,5,151,IND,False,RB,RB,O,Kansas St.,22.0,2025.0,0,0,0,1.0,DJ Giddens,RB,Kansas St.,72.0,212.0,4.43,,39.5,130.0,,4.33
2025,5,152,DAL,False,LB,LB,D,Florida,21.0,2025.0,0,0,0,2.0,Shemar James,LB,Florida,73.0,222.0,4.69,,32.0,117.0,7.09,4.27
2025,5,153,CIN,False,OL,OL,O,Miami (FL),22.0,2025.0,0,0,0,3.0,Jalen Rivers,OT,Miami,78.0,319.0,5.29,,,108.0,,
2025,5,154,NYG,False,OL,OL,O,Purdue,22.0,2025.0,0,0,0,2.0,Marcus Mbow,G,Purdue,76.0,303.0,,,,,,4.67
2025,5,155,MIA,False,SAF,DB,D,Maryland,22.0,2025.0,0,0,0,2.0,Dante Trader Jr.,SAF,Maryland,71.0,196.0,,12.0,31.0,117.0,7.09,4.32
2025,5,156,KAN,False,LB,LB,D,Oregon,22.0,2025.0,0,0,0,1.0,Jeffrey Bassa,LB,Oregon,73.0,232.0,4.63,21.0,38.5,118.0,7.34,
2025,5,157,TAM,False,DT,DL,D,SMU,23.0,2025.0,0,0,0,5.0,Elijah Roberts,EDGE,SMU,76.0,285.0,4.78,,31.5,116.0,,
2025,5,158,LAC,False,WR,WR,O,Auburn,23.0,2025.0,0,0,0,0.0,KeAndre Lambert-Smith,WR,Auburn,73.0,190.0,4.37,,34.5,124.0,,
2025,5,159,GNB,False,DE,DL,D,Oklahoma St.,22.0,2025.0,0,0,0,0.0,Collin Oliver,EDGE,Oklahoma St.,74.0,240.0,4.56,,39.0,126.0,,
2025,5,160,SFO,False,SAF,DB,D,Kansas St.,23.0,2025.0,0,0,0,3.0,,,,,,,,,,,
2025,6,161,PHI,False,LB,LB,D,Georgia,22.0,2025.0,0,0,0,1.0,Smael Mondon,LB,Georgia,74.0,224.0,4.58,,,130.0,,
2025,6,162,NYJ,False,LB,LB,D,Miami (FL),22.0,2025.0,0,0,0,3.0,Francisco Mauigoa,LB,Miami,74.0,233.0,4.6,,35.0,121.0,7.15,4.24
2025,6,163,CAR,False,TE,TE,O,Notre Dame,22.0,2025.0,0,0,0,2.0,Mitchell Evans,TE,Notre Dame,77.0,258.0,4.74,,31.0,115.0,7.25,4.4
2025,6,164,PIT,False,DT,DL,D,Iowa,23.0,2025.0,0,0,0,2.0,Yahya Black,DT,Iowa,78.0,336.0,5.39,,25.5,101.0,7.63,4.72
2025,6,165,LAC,False,TE,TE,O,Syracuse,22.0,2025.0,0,0,0,6.0,Oronde Gadsden II,TE,Syracuse,77.0,243.0,,,34.0,114.0,,
2025,6,166,SEA,False,WR,WR,O,Colorado St.,22.0,2025.0,0,0,0,2.0,Tory Horton,WR,Colorado St.,75.0,196.0,4.41,,37.5,,,
2025,6,167,TEN,False,OL,OL,O,Sacramento St.,22.0,2025.0,0,0,0,1.0,Jackson Slater,G,Sacramento St.,75.0,311.0,5.01,,28.5,108.0,,
2025,6,168,PHI,False,C,OL,O,Boston Col.,23.0,2025.0,0,0,0,1.0,Drew Kendall,C,Boston Col.,76.0,308.0,5.05,,,,7.56,4.51
2025,6,169,CHI,False,CB,DB,D,Texas-San Antonio,24.0,,0,0,0,,,,,,,,,,,,
2025,6,170,BUF,False,SAF,DB,D,Ohio St.,22.0,2025.0,0,0,0,1.0,Jordan Hancock,CB,Ohio St.,72.0,195.0,,,,,,
2025,6,171,DET,False,G,OL,O,LSU,23.0,2025.0,0,0,0,0.0,Miles Frazier,G,LSU,78.0,317.0,5.24,,31.0,108.0,,
2025,6,172,LAR,False,LB,LB,D,Mississippi,22.0,,0,0,0,,Chris Paul Jr.,LB,Mississippi,73.0,222.0,4.63,,36.0,117.0,,
2025,6,173,BUF,False,TE,TE,O,Georgia Tech,24.0,2025.0,0,0,0,2.0,Jackson Hawes,TE,Georgia Tech,77.0,253.0,4.82,16.0,34.5,121.0,,4.4
2025,6,174,ARI,False,CB,DB,D,Ohio St.,22.0,2025.0,0,0,0,3.0,Denzel Burke,CB,Ohio St.,71.0,186.0,4.48,,,,,
2025,6,175,SEA,False,TE,TE,O,Alabama,23.0,2025.0,0,0,0,0.0,Robbie Ouzts,TE,Alabama,75.0,274.0,4.91,26.0,34.0,119.0,7.34,4.45
2025,6,176,NYJ,False,DE,DL,D,Miami (FL),23.0,2025.0,0,0,0,0.0,Tyler Baron,EDGE,Miami,77.0,258.0,4.62,19.0,35.5,121.0,,
2025,6,177,BUF,False,CB,DB,D,Virginia Tech,23.0,2025.0,0,0,0,1.0,Dorian Strong,CB,Virginia Tech,73.0,185.0,4.5,15.0,36.0,116.0,,
2025,6,178,BAL,False,CB,DB,D,Western Michigan,23.0,,0,0,0,,Bilhal Kone,CB,Western Michigan,73.0,190.0,4.43,,31.5,124.0,,
2025,6,179,MIA,False,RB,RB,O,Oklahoma St.,21.0,2025.0,0,0,0,2.0,Ollie Gordon II,RB,Oklahoma St.,73.0,226.0,4.61,,34.5,120.0,,
2025,6,180,LVR,False,DT,DL,D,Mississippi,23.0,2025.0,0,0,0,1.0,JJ Pegues,DT,Mississippi,75.0,309.0,5.15,,27.5,,,
2025,6,181,PHI,False,QB,QB,O,Syracuse,22.0,,0,0,0,,Kyle McCord,QB,Syracuse,75.0,218.0,,,,,,
2025,6,182,NWE,False,K,K,S,Miami (FL),22.0,2025.0,0,0,0,2.0,Andres Borregales,K,Miami,71.0,199.0,,,,,,
2025,6,183,TEN,False,DB,DB,D,California,24.0,2025.0,0,0,0,2.0,,,,,,,,,,,
2025,6,184,NOR,False,RB,RB,O,Kansas,22.0,2025.0,0,0,0,2.0,Devin Neal,RB,Kansas,71.0,213.0,4.58,,37.5,124.0,,
2025,6,185,PIT,False,QB,QB,O,Ohio St.,23.0,,0,0,0,,Will Howard,QB,Ohio St.,76.0,236.0,,,31.5,112.0,7.13,4.33
2025,6,186,BAL,False,K,K,S,Arizona,24.0,2025.0,0,0,0,3.0,,,,,,,,,,,
2025,6,187,HOU,False,SAF,DB,D,Penn St.,22.0,2025.0,0,0,0,1.0,Jaylen Reed,SAF,Penn St.,72.0,211.0,4.49,19.0,33.5,,,
2025,6,188,TEN,False,RB,RB,O,Michigan,22.0,2025.0,0,0,0,0.0,Kalel Mullings,RB,Michigan,74.0,226.0,,,,,,
2025,6,189,IND,False,QB,QB,O,Notre Dame,22.0,2025.0,0,0,0,2.0,Riley Leonard,QB,Notre Dame,76.0,216.0,,,,,,
2025,6,190,IND,False,DL,DL,D,Alabama,23.0,,0,0,0,,,,,,,,,,,,
2025,6,191,PHI,False,OT,OL,O,Michigan,23.0,,0,0,0,,Myles Hinton,OT,Michigan,79.0,323.0,,,31.5,,,4.96
2025,6,192,SEA,False,OT,OL,O,Kansas,24.0,2025.0,0,0,0,1.0,,,,,,,,,,,
2025,7,193,CIN,False,RB,RB,O,Texas Tech,23.0,2025.0,0,0,0,0.0,Tahj Brooks,RB,Texas Tech,69.0,214.0,4.52,16.0,35.0,120.0,6.9,4.06
2025,7,194,JAX,False,DE,DL,D,Auburn,23.0,,0,0,0,,,,,,,,,,,,
2025,7,195,CHI,False,G,OL,O,Michigan St.,23.0,2025.0,0,0,0,1.0,,,,,,,,,,,
2025,7,196,DET,False,DE,DL,D,Boise St.,23.0,,0,0,0,,Ahmed Hassanein,EDGE,Boise St.,74.0,267.0,4.77,27.0,32.5,113.0,,
2025,7,197,HOU,False,QB,QB,O,Florida,24.0,,0,0,0,,Graham Mertz,QB,Florida,75.0,212.0,,,,,,
2025,7,198,GNB,False,DL,DL,D,Georgia,23.0,2025.0,0,0,0,1.0,,,,,,,,,,,
2025,7,199,LAC,False,OL,OL,O,Pittsburgh,23.0,2025.0,0,0,0,0.0,,,,,,,,,,,
2025,7,200,JAX,False,FS,FS,,Navy,22.0,2025.0,0,0,0,1.0,Rayuan Lane III,SAF,Navy,71.0,200.0,4.57,,37.0,128.0,7.1,4.28
2025,7,201,MIN,False,LB,LB,D,Penn St.,22.0,2025.0,0,0,0,0.0,Kobe King,LB,Penn St.,73.0,236.0,,,,,,
2025,7,202,MIN,False,TE,TE,O,Pittsburgh,22.0,,0,0,0,,Gavin Bartholomew,TE,Pittsburgh,77.0,246.0,4.7,,,,,
2025,7,203,BAL,False,WR,WR,O,Colorado,23.0,2025.0,0,0,0,0.0,LaJohntay Wester,WR,Colorado,70.0,163.0,4.46,,32.0,121.0,,
2025,7,204,DAL,False,OL,OL,O,Oregon,23.0,2025.0,0,0,0,0.0,Ajani Cornelius,OT,Oregon,77.0,310.0,,,,,,
2025,7,205,WAS,False,LB,LB,D,UCLA,24.0,2025.0,0,0,0,1.0,,,,,,,,,,,
2025,7,206,BUF,False,OL,OL,O,Connecticut,25.0,2025.0,0,0,0,0.0,Chase Lundt,OT,Connecticut,80.0,304.0,,,,,,
2025,7,207,PHI,False,OL,OL,O,Texas,21.0,2025.0,0,0,0,0.0,Cameron Williams,OT,Texas,78.0,317.0,,,,,,
2025,7,208,CAR,False,WR,WR,O,Colorado,22.0,2025.0,0,0,0,1.0,Jimmy Horn Jr.,WR,Colorado,68.0,174.0,4.46,,38.0,128.0,,4.41
2025,7,209,PHI,False,DE,DL,D,Virginia Tech,23.0,,0,0,0,,Antwaun Powell-Ryland,EDGE,Virginia Tech,75.0,258.0,4.69,,36.5,124.0,,
2025,7,210,BAL,False,DT,DL,D,Virginia Tech,24.0,2025.0,0,0,0,0.0,Aeneas Peebles,DT,Virginia Tech,73.0,282.0,4.94,,32.5,109.0,,4.7
2025,7,211,ARI,False,OL,OL,O,Texas,23.0,2025.0,0,0,0,0.0,Hayden Conner,G,Texas,78.0,314.0,,,,,7.9,4.88
2025,7,212,BAL,False,DB,DB,D,Rutgers,24.0,,0,0,0,,,,,,,,,,,,
2025,7,213,LVR,False,QB,QB,O,Montana St.,,,0,0,0,,,,,,,,,,,,
2025,7,214,LAC,False,SAF,DB,D,Clemson,24.0,2025.0,0,0,0,3.0,R.J. Mickens,SAF,Clemson,72.0,199.0,4.49,,41.5,121.0,,
2025,7,215,LVR,False,QB,QB,O,North Dakota St.,24.0,,0,0,0,,,,,,,,,,,,
2025,7,216,DEN,False,P,P,S,Florida,24.0,2025.0,0,0,0,3.0,Jeremy Crawshaw,P,Florida,76.0,198.0,,,,,,
2025,7,217,DAL,False,DT,DL,D,UCLA,22.0,2025.0,0,0,0,0.0,Jay Toia,DT,UCLA,74.0,342.0,,,,,,
2025,7,218,ATL,False,OT,OL,O,Wisconsin,23.0,2025.0,0,0,0,1.0,Jack Nelson,OT,Wisconsin,79.0,314.0,,,,,,
2025,7,219,NYG,False,TE,TE,O,Nebraska,22.0,2025.0,0,0,0,0.0,,,,,,,,,,,
2025,7,220,NWE,False,OL,OL,O,Missouri,23.0,2025.0,0,0,0,1.0,,,,,,,,,,,
2025,7,221,JAX,False,OL,OL,O,USC,23.0,2025.0,0,0,0,2.0,Jonah Monheim,C,USC,76.0,302.0,,,,,,
2025,7,222,LVR,False,LB,LB,D,Minnesota,23.0,2025.0,0,0,0,1.0,Cody Lindenberg,LB,Minnesota,74.0,236.0,,,,,,
2025,7,223,SEA,False,RB,RB,O,Miami (FL),21.0,,0,0,0,,Damien Martinez,RB,Miami,72.0,217.0,4.51,,35.0,124.0,,
2025,7,224,HOU,False,DL,DL,D,Rutgers,22.0,,0,0,0,,,,,,,,,,,,
2025,8,225,ARI,False,SAF,DB,D,Nevada,23.0,2025.0,0,0,0,1.0,,,,,,,,,,,
2025,8,226,PIT,False,LB,LB,D,Washington,24.0,2025.0,0,0,0,1.0,,,,,,,,,,,
2025,8,227,SFO,False,QB,QB,O,Indiana,24.0,,0,0,0,,Kurtis Rourke,QB,Indiana,76.0,220.0,,,,,,
2025,8,228,KAN,False,RB,RB,O,SMU,22.0,2025.0,0,0,0,3.0,Brashard Smith,RB,SMU,70.0,194.0,4.39,,32.5,117.0,,
2025,8,229,PIT,False,CB,DB,D,Central Michigan,23.0,,0,0,0,,,,,,,,,,,,
2025,8,230,DET,False,SAF,DB,D,Georgia,24.0,,0,0,0,,,,,,,,,,,,
2025,8,231,MIA,False,QB,QB,O,Texas,22.0,2025.0,0,0,0,2.0,Quinn Ewers,QB,Texas,74.0,214.0,,,,,,
2025,8,232,IND,False,SAF,DB,D,Wisconsin,22.0,,0,0,0,,Hunter Wohler,SAF,Wisconsin,74.0,213.0,4.57,,37.0,120.0,6.72,4.25
2025,8,233,CHI,False,RB,RB,O,Rutgers,23.0,2025.0,0,0,0,6.0,Kyle Monangai,RB,Rutgers,68.0,211.0,4.6,,34.5,117.0,,
2025,8,234,SEA,False,OL,OL,O,Iowa,23.0,2025.0,0,0,0,0.0,,,,,,,,,,,
2025,8,235,TAM,False,WR,WR,O,Oregon,23.0,2025.0,0,0,0,3.0,Tez Johnson,WR,Oregon,70.0,154.0,4.51,,37.0,131.0,6.65,4.15
2025,8,236,JAX,False,RB,RB,O,Syracuse,21.0,2025.0,0,0,0,1.0,LeQuint Allen,RB,Syracuse,72.0,204.0,,,35.0,120.0,,
2025,8,237,GNB,False,CB,DB,D,Tulane,23.0,2025.0,0,0,0,,,,,,,,,,,,
2025,8,238,SEA,False,WR,WR,O,UNLV,23.0,2025.0,0,0,0,0.0,Ricky White III,WR,UNLV,73.0,184.0,4.61,,36.0,123.0,,
2025,8,239,DAL,False,RB,RB,O,Clemson,22.0,2025.0,0,0,0,0.0,Phil Mafah,RB,Clemson,73.0,234.0,,,,,,
2025,8,240,BUF,False,WR,WR,O,Maryland,23.0,,0,0,0,,Kaden Prather,WR,Maryland,76.0,204.0,4.46,,30.0,114.0,,
2025,8,241,DEN,False,TE,TE,O,Utah,24.0,,0,0,0,,,,,,,,,,,,
2025,8,242,LAR,False,WR,WR,O,Pittsburgh,22.0,2025.0,0,0,0,1.0,Konata Mumpfield,WR,Pittsburgh,71.0,186.0,4.59,,36.0,124.0,,
2025,8,243,BAL,False,G,OL,O,LSU,23.0,2025.0,0,0,0,,Garrett Dellinger,G,LSU,76.0,325.0,,,,,,
2025,8,244,DET,False,WR,WR,O,Georgia,22.0,2025.0,0,0,0,0.0,Dominic Lovett,WR,Georgia,70.0,185.0,4.4,,33.5,120.0,,4.27
2025,8,245,WAS,False,RB,RB,O,Arizona,24.0,2025.0,0,0,0,6.0,,,,,,,,,,,
2025,8,246,NYG,False,CB,DB,D,Oklahoma St.,23.0,2025.0,0,0,0,1.0,,,,,,,,,,,
2025,8,247,DAL,False,DT,DL,D,Maryland,22.0,,0,0,0,,Tommy Akingbesote,DT,Maryland,76.0,306.0,5.09,,28.0,103.0,,
2025,8,248,NOR,False,TE,TE,O,UCLA,22.0,2025.0,0,0,0,0.0,Moliki Matavao,TE,UCLA,78.0,260.0,4.81,,32.5,114.0,,
2025,8,249,SFO,False,OL,OL,O,Iowa,22.0,2025.0,0,0,0,3.0,Connor Colby,G,Iowa,78.0,309.0,5.11,,28.5,110.0,7.78,4.63
2025,8,250,GNB,False,OL,OL,O,Cincinnati,23.0,,0,0,0,,,,,,,,,,,,
2025,8,251,NWE,False,LS,LS,S,Vanderbilt,23.0,2025.0,0,0,0,1.0,,,,,,,,,,,
2025,8,252,SFO,False,WR,WR,O,Montana,,,0,0,0,,,,,,,,,,,,
2025,8,253,MIA,False,DL,DL,D,Georgia Tech,21.0,2025.0,0,0,0,1.0,,,,,,,,,,,
2025,8,254,NOR,False,DE,DL,D,Syracuse,23.0,2025.0,0,0,0,0.0,Fadil Diggs,EDGE,Syracuse,76.0,257.0,4.57,,30.5,121.0,,
2025,8,255,HOU,False,TE,TE,O,Iowa,24.0,,0,0,0,,Luke Lachey,TE,Iowa,78.0,251.0,,,35.0,120.0,7.18,4.47
2025,8,256,LAC,False,SAF,DB,D,Florida,24.0,2025.0,0,0,0,,,,,,,,,,,,
2025,9,257,NWE,False,DB,DB,D,Memphis,23.0,2025.0,0,0,0,0.0,,,,,,,,,,,
